






Gfx car_wheel_ci8_aligner[] = {gsSPEndDisplayList()};
u8 car_wheel_ci8[] = {
	0x00, 0x00, 0x00, 0x00, 0x00, 0x00, 0x00, 0x00, 
	0x00, 0x00, 0x01, 0x02, 0x03, 0x04, 0x03, 0x03, 
	0x04, 0x05, 0x05, 0x04, 0x06, 0x07, 0x00, 0x00, 
	0x00, 0x00, 0x00, 0x00, 0x00, 0x00, 0x00, 0x00, 
	0x00, 0x00, 0x00, 0x00, 0x00, 0x00, 0x00, 0x00, 
	0x08, 0x02, 0x02, 0x07, 0x05, 0x09, 0x08, 0x08, 
	0x08, 0x03, 0x0a, 0x08, 0x01, 0x05, 0x0b, 0x0c, 
	0x00, 0x00, 0x00, 0x00, 0x00, 0x00, 0x00, 0x00, 
	0x00, 0x00, 0x00, 0x00, 0x00, 0x00, 0x00, 0x0c, 
	0x03, 0x08, 0x07, 0x04, 0x0d, 0x0e, 0x0f, 0x10, 
	0x11, 0x0e, 0x12, 0x05, 0x07, 0x00, 0x02, 0x09, 
	0x09, 0x07, 0x00, 0x00, 0x00, 0x00, 0x00, 0x00, 
	0x00, 0x00, 0x00, 0x00, 0x00, 0x00, 0x01, 0x13, 
	0x09, 0x14, 0x15, 0x16, 0x16, 0x0f, 0x11, 0x15, 
	0x15, 0x15, 0x17, 0x18, 0x10, 0x19, 0x05, 0x05, 
	0x07, 0x1a, 0x0c, 0x00, 0x00, 0x00, 0x00, 0x00, 
	0x00, 0x00, 0x00, 0x00, 0x08, 0x08, 0x00, 0x04, 
	0x15, 0x16, 0x15, 0x1b, 0x1b, 0x1c, 0x15, 0x09, 
	0x09, 0x1d, 0x1e, 0x1f, 0x20, 0x18, 0x21, 0x09, 
	0x00, 0x00, 0x22, 0x13, 0x00, 0x00, 0x00, 0x00, 
	0x00, 0x00, 0x00, 0x01, 0x02, 0x00, 0x09, 0x10, 
	0x23, 0x24, 0x1a, 0x06, 0x05, 0x25, 0x1c, 0x07, 
	0x07, 0x26, 0x1e, 0x27, 0x28, 0x29, 0x2a, 0x11, 
	0x1a, 0x01, 0x00, 0x19, 0x0c, 0x00, 0x00, 0x00, 
	0x00, 0x00, 0x00, 0x04, 0x0a, 0x09, 0x11, 0x2b, 
	0x1e, 0x2c, 0x2d, 0x07, 0x07, 0x26, 0x2e, 0x00, 
	0x00, 0x2f, 0x25, 0x30, 0x31, 0x32, 0x31, 0x15, 
	0x2d, 0x1a, 0x06, 0x1a, 0x19, 0x07, 0x00, 0x00, 
	0x00, 0x00, 0x08, 0x08, 0x33, 0x15, 0x2f, 0x34, 
	0x2c, 0x1f, 0x35, 0x07, 0x00, 0x36, 0x2b, 0x01, 
	0x00, 0x1c, 0x37, 0x37, 0x37, 0x38, 0x39, 0x1a, 
	0x0a, 0x1b, 0x14, 0x07, 0x02, 0x3a, 0x00, 0x00, 
	0x00, 0x00, 0x00, 0x07, 0x1b, 0x2f, 0x31, 0x1f, 
	0x1e, 0x25, 0x37, 0x06, 0x00, 0x0b, 0x3b, 0x0c, 
	0x07, 0x3c, 0x25, 0x37, 0x25, 0x3d, 0x09, 0x0c, 
	0x0b, 0x0a, 0x19, 0x13, 0x08, 0x1a, 0x0c, 0x00, 
	0x00, 0x01, 0x00, 0x09, 0x19, 0x35, 0x2c, 0x1f, 
	0x1e, 0x31, 0x1f, 0x0e, 0x07, 0x13, 0x34, 0x05, 
	0x07, 0x0a, 0x1b, 0x23, 0x1c, 0x03, 0x00, 0x07, 
	0x06, 0x0a, 0x1a, 0x1a, 0x07, 0x02, 0x3e, 0x00, 
	0x08, 0x06, 0x02, 0x1a, 0x09, 0x3f, 0x40, 0x1e, 
	0x1e, 0x1e, 0x35, 0x41, 0x03, 0x0b, 0x42, 0x43, 
	0x02, 0x13, 0x2d, 0x0d, 0x02, 0x00, 0x00, 0x09, 
	0x40, 0x2e, 0x05, 0x1a, 0x04, 0x04, 0x2d, 0x07, 
	0x01, 0x0b, 0x05, 0x1a, 0x44, 0x45, 0x03, 0x46, 
	0x15, 0x2f, 0x47, 0x09, 0x05, 0x03, 0x3a, 0x05, 
	0x03, 0x05, 0x48, 0x36, 0x07, 0x13, 0x1c, 0x49, 
	0x4a, 0x3a, 0x06, 0x09, 0x05, 0x0b, 0x09, 0x0b, 
	0x08, 0x00, 0x09, 0x1a, 0x09, 0x0c, 0x07, 0x08, 
	0x08, 0x02, 0x15, 0x4b, 0x04, 0x03, 0x02, 0x02, 
	0x02, 0x02, 0x0b, 0x13, 0x14, 0x2f, 0x4c, 0x09, 
	0x07, 0x07, 0x04, 0x06, 0x0b, 0x07, 0x01, 0x3e, 
	0x08, 0x01, 0x09, 0x09, 0x36, 0x36, 0x0b, 0x0c, 
	0x07, 0x07, 0x0b, 0x1b, 0x4d, 0x03, 0x4e, 0x08, 
	0x02, 0x02, 0x03, 0x03, 0x04, 0x05, 0x07, 0x00, 
	0x00, 0x07, 0x13, 0x13, 0x05, 0x07, 0x00, 0x36, 
	0x00, 0x07, 0x09, 0x05, 0x1c, 0x1f, 0x31, 0x29, 
	0x2a, 0x2d, 0x09, 0x04, 0x03, 0x02, 0x00, 0x00, 
	0x00, 0x4f, 0x07, 0x07, 0x34, 0x15, 0x00, 0x0c, 
	0x3a, 0x4c, 0x50, 0x1d, 0x44, 0x4d, 0x00, 0x1b, 
	0x13, 0x4d, 0x09, 0x05, 0x13, 0x03, 0x03, 0x04, 
	0x09, 0x05, 0x13, 0x08, 0x03, 0x02, 0x00, 0x00, 
	0x00, 0x01, 0x03, 0x02, 0x3c, 0x51, 0x0f, 0x3b, 
	0x52, 0x25, 0x53, 0x54, 0x09, 0x0c, 0x45, 0x36, 
	0x0a, 0x13, 0x0b, 0x06, 0x13, 0x07, 0x07, 0x08, 
	0x08, 0x1b, 0x35, 0x13, 0x13, 0x03, 0x00, 0x00, 
	0x00, 0x4d, 0x04, 0x07, 0x0c, 0x06, 0x2f, 0x40, 
	0x55, 0x1f, 0x54, 0x56, 0x09, 0x0c, 0x0a, 0x43, 
	0x00, 0x01, 0x0b, 0x05, 0x06, 0x05, 0x05, 0x0b, 
	0x0b, 0x2d, 0x0f, 0x04, 0x0c, 0x09, 0x0c, 0x00, 
	0x07, 0x09, 0x04, 0x02, 0x07, 0x04, 0x2e, 0x55, 
	0x40, 0x31, 0x4a, 0x1b, 0x05, 0x07, 0x00, 0x36, 
	0x00, 0x00, 0x06, 0x05, 0x57, 0x2c, 0x2c, 0x2c, 
	0x31, 0x0f, 0x04, 0x07, 0x07, 0x04, 0x09, 0x1a, 
	0x1a, 0x04, 0x0c, 0x17, 0x1c, 0x00, 0x05, 0x28, 
	0x37, 0x1e, 0x1e, 0x0f, 0x04, 0x01, 0x00, 0x36, 
	0x00, 0x00, 0x13, 0x1a, 0x50, 0x2c, 0x2c, 0x2c, 
	0x2c, 0x2b, 0x58, 0x4d, 0x2d, 0x0b, 0x07, 0x02, 
	0x07, 0x08, 0x07, 0x15, 0x0f, 0x00, 0x00, 0x0c, 
	0x15, 0x50, 0x59, 0x19, 0x45, 0x00, 0x08, 0x5a, 
	0x00, 0x07, 0x02, 0x05, 0x2f, 0x4a, 0x2c, 0x2c, 
	0x1e, 0x35, 0x02, 0x5b, 0x35, 0x3a, 0x00, 0x03, 
	0x2b, 0x13, 0x5c, 0x04, 0x35, 0x1b, 0x07, 0x00, 
	0x07, 0x06, 0x06, 0x04, 0x02, 0x03, 0x06, 0x0b, 
	0x00, 0x0a, 0x0c, 0x13, 0x0b, 0x0f, 0x1e, 0x1f, 
	0x29, 0x09, 0x00, 0x07, 0x5d, 0x33, 0x5e, 0x0b, 
	0x54, 0x2d, 0x00, 0x00, 0x0b, 0x5f, 0x3c, 0x07, 
	0x07, 0x03, 0x0c, 0x03, 0x08, 0x0b, 0x43, 0x07, 
	0x00, 0x00, 0x00, 0x07, 0x04, 0x3c, 0x31, 0x60, 
	0x2d, 0x08, 0x00, 0x1a, 0x55, 0x02, 0x00, 0x19, 
	0x4c, 0x28, 0x12, 0x00, 0x08, 0x0a, 0x25, 0x26, 
	0x04, 0x0c, 0x0c, 0x02, 0x00, 0x07, 0x1b, 0x00, 
	0x00, 0x00, 0x00, 0x00, 0x0c, 0x5b, 0x15, 0x1b, 
	0x02, 0x07, 0x02, 0x2b, 0x15, 0x00, 0x01, 0x34, 
	0x5f, 0x55, 0x59, 0x05, 0x01, 0x07, 0x3a, 0x1d, 
	0x0c, 0x0c, 0x02, 0x00, 0x5e, 0x3a, 0x0c, 0x00, 
	0x00, 0x00, 0x00, 0x00, 0x00, 0x0c, 0x02, 0x02, 
	0x0c, 0x02, 0x1b, 0x1f, 0x04, 0x01, 0x13, 0x3b, 
	0x40, 0x37, 0x54, 0x3d, 0x0c, 0x07, 0x0c, 0x07, 
	0x07, 0x02, 0x08, 0x00, 0x4d, 0x3a, 0x00, 0x00, 
	0x00, 0x00, 0x00, 0x4d, 0x0a, 0x01, 0x07, 0x02, 
	0x4d, 0x04, 0x4b, 0x2e, 0x07, 0x07, 0x3a, 0x31, 
	0x61, 0x60, 0x2c, 0x1e, 0x2d, 0x02, 0x07, 0x07, 
	0x07, 0x00, 0x06, 0x0b, 0x36, 0x07, 0x00, 0x00, 
	0x00, 0x00, 0x00, 0x01, 0x0c, 0x00, 0x00, 0x07, 
	0x0c, 0x07, 0x07, 0x13, 0x0c, 0x0c, 0x43, 0x31, 
	0x1f, 0x59, 0x55, 0x54, 0x3f, 0x00, 0x08, 0x08, 
	0x00, 0x62, 0x01, 0x36, 0x0c, 0x00, 0x00, 0x00, 
	0x00, 0x00, 0x00, 0x00, 0x00, 0x00, 0x00, 0x00, 
	0x07, 0x07, 0x02, 0x07, 0x07, 0x07, 0x06, 0x4a, 
	0x4a, 0x59, 0x24, 0x1a, 0x0c, 0x00, 0x00, 0x5c, 
	0x62, 0x00, 0x3e, 0x13, 0x00, 0x00, 0x00, 0x00, 
	0x00, 0x00, 0x00, 0x00, 0x00, 0x08, 0x00, 0x07, 
	0x13, 0x00, 0x08, 0x08, 0x07, 0x02, 0x0c, 0x13, 
	0x03, 0x13, 0x07, 0x00, 0x00, 0x5c, 0x07, 0x13, 
	0x07, 0x36, 0x0c, 0x00, 0x00, 0x00, 0x00, 0x00, 
	0x00, 0x00, 0x00, 0x00, 0x00, 0x00, 0x08, 0x0c, 
	0x06, 0x00, 0x62, 0x5e, 0x5e, 0x00, 0x00, 0x00, 
	0x00, 0x5e, 0x5c, 0x5c, 0x62, 0x5e, 0x0c, 0x36, 
	0x3a, 0x07, 0x00, 0x00, 0x00, 0x00, 0x00, 0x00, 
	0x00, 0x00, 0x00, 0x00, 0x00, 0x00, 0x00, 0x00, 
	0x07, 0x63, 0x01, 0x5c, 0x45, 0x0b, 0x00, 0x00, 
	0x00, 0x0c, 0x0a, 0x00, 0x07, 0x0a, 0x3a, 0x0c, 
	0x00, 0x00, 0x00, 0x00, 0x00, 0x00, 0x00, 0x00, 
	0x00, 0x00, 0x00, 0x00, 0x00, 0x00, 0x00, 0x00, 
	0x00, 0x00, 0x07, 0x0c, 0x13, 0x05, 0x5b, 0x06, 
	0x06, 0x0b, 0x19, 0x0a, 0x0b, 0x07, 0x00, 0x00, 
	0x00, 0x00, 0x00, 0x00, 0x00, 0x00, 0x00, 0x00, 
	
};

Gfx car_wheel_pal_rgba16_aligner[] = {gsSPEndDisplayList()};
u8 car_wheel_pal_rgba16[] = {
	0xe7, 0x39, 0xdf, 0x37, 0xde, 0xf5, 0xd6, 0xb3, 
	0xce, 0x71, 0xc6, 0x2f, 0xc6, 0x31, 0xde, 0xf7, 
	0xe7, 0x37, 0xbd, 0xed, 0xb5, 0xad, 0xbd, 0xef, 
	0xd6, 0xb5, 0xb5, 0x69, 0x9c, 0xa3, 0x8c, 0x61, 
	0x8c, 0x5f, 0x94, 0x61, 0xad, 0x27, 0xce, 0x73, 
	0xbd, 0xad, 0x94, 0xa3, 0x8c, 0x1f, 0x7b, 0x9b, 
	0x7b, 0xdb, 0xad, 0x69, 0xb5, 0xab, 0xa5, 0x27, 
	0x84, 0x1f, 0x84, 0x21, 0x18, 0xc7, 0x29, 0x4b, 
	0x73, 0x59, 0x94, 0xa1, 0xb5, 0xed, 0x6b, 0x59, 
	0x8c, 0x21, 0x31, 0x8d, 0x6b, 0x5b, 0x08, 0x45, 
	0x6b, 0x19, 0x31, 0x8b, 0x62, 0xd5, 0x62, 0xd7, 
	0x10, 0x85, 0x9c, 0xe5, 0x73, 0x9d, 0x7b, 0xdd, 
	0x29, 0x4d, 0x21, 0x09, 0x08, 0x43, 0xc5, 0xef, 
	0x73, 0x5b, 0x63, 0x17, 0x9c, 0xe7, 0x39, 0xcf, 
	0x21, 0x0b, 0x42, 0x0f, 0xad, 0x6b, 0x52, 0x93, 
	0x8c, 0x63, 0x5a, 0xd5, 0xa5, 0x29, 0xa5, 0x69, 
	0x4a, 0x53, 0xa4, 0xe5, 0x73, 0x99, 0x94, 0xa5, 
	0xbe, 0x2f, 0xce, 0xb3, 0xc5, 0xed, 0xb5, 0xa9, 
	0x73, 0x57, 0x29, 0x49, 0x63, 0x19, 0x7b, 0xdf, 
	0x73, 0x9b, 0xd6, 0xf5, 0xe6, 0xf5, 0xde, 0xb5, 
	0x39, 0xcd, 0x94, 0x63, 0x52, 0x53, 0x19, 0x09, 
	0x42, 0x11, 0x4a, 0x51, 0x7b, 0x9d, 0x5a, 0xd7, 
	0xc6, 0x2d, 0x52, 0x95, 0x9d, 0x27, 0xc6, 0x71, 
	0xef, 0x7b, 0x83, 0xdf, 0xe7, 0x79, 0x4a, 0x11, 
	0x10, 0x87, 0x18, 0xc9, 0xe7, 0x7b, 0xd6, 0xf7, 
	
};

Gfx car_DoubleDiamondPlateDark_ci8_aligner[] = {gsSPEndDisplayList()};
u8 car_DoubleDiamondPlateDark_ci8[] = {
	0x00, 0x01, 0x02, 0x03, 0x04, 0x05, 0x06, 0x01, 
	0x07, 0x08, 0x09, 0x07, 0x00, 0x05, 0x02, 0x03, 
	0x00, 0x00, 0x0a, 0x0b, 0x04, 0x05, 0x06, 0x01, 
	0x07, 0x08, 0x0c, 0x01, 0x00, 0x00, 0x0d, 0x0e, 
	0x04, 0x00, 0x01, 0x0f, 0x10, 0x07, 0x11, 0x12, 
	0x04, 0x07, 0x00, 0x02, 0x04, 0x00, 0x00, 0x09, 
	0x02, 0x13, 0x00, 0x14, 0x10, 0x07, 0x11, 0x12, 
	0x04, 0x07, 0x15, 0x02, 0x16, 0x00, 0x00, 0x02, 
	0x02, 0x13, 0x04, 0x11, 0x17, 0x05, 0x0b, 0x18, 
	0x11, 0x19, 0x1a, 0x00, 0x02, 0x06, 0x00, 0x00, 
	0x15, 0x02, 0x03, 0x11, 0x17, 0x1b, 0x0a, 0x18, 
	0x11, 0x19, 0x1a, 0x17, 0x02, 0x1a, 0x00, 0x00, 
	0x00, 0x00, 0x01, 0x01, 0x04, 0x02, 0x12, 0x00, 
	0x1c, 0x18, 0x19, 0x1d, 0x00, 0x02, 0x1e, 0x00, 
	0x00, 0x00, 0x01, 0x01, 0x0a, 0x0e, 0x02, 0x00, 
	0x1c, 0x18, 0x19, 0x1d, 0x1d, 0x02, 0x0b, 0x00, 
	0x0a, 0x1d, 0x07, 0x1f, 0x20, 0x15, 0x00, 0x00, 
	0x03, 0x18, 0x17, 0x1a, 0x00, 0x05, 0x02, 0x14, 
	0x0a, 0x1d, 0x01, 0x14, 0x21, 0x0c, 0x00, 0x00, 
	0x09, 0x18, 0x17, 0x1a, 0x00, 0x00, 0x20, 0x02, 
	0x17, 0x04, 0x02, 0x22, 0x00, 0x00, 0x00, 0x02, 
	0x13, 0x00, 0x08, 0x17, 0x06, 0x05, 0x1b, 0x1e, 
	0x17, 0x01, 0x07, 0x0d, 0x0b, 0x00, 0x00, 0x03, 
	0x23, 0x00, 0x08, 0x17, 0x06, 0x05, 0x00, 0x24, 
	0x04, 0x02, 0x23, 0x00, 0x00, 0x00, 0x0f, 0x25, 
	0x00, 0x00, 0x19, 0x0e, 0x01, 0x13, 0x26, 0x1a, 
	0x04, 0x06, 0x02, 0x12, 0x00, 0x00, 0x27, 0x27, 
	0x00, 0x00, 0x02, 0x06, 0x01, 0x13, 0x26, 0x1a, 
	0x13, 0x17, 0x00, 0x00, 0x15, 0x0b, 0x22, 0x00, 
	0x00, 0x06, 0x0f, 0x08, 0x1f, 0x27, 0x28, 0x03, 
	0x13, 0x17, 0x00, 0x00, 0x29, 0x0f, 0x0c, 0x00, 
	0x00, 0x0d, 0x24, 0x05, 0x1f, 0x27, 0x28, 0x03, 
	0x13, 0x04, 0x0e, 0x01, 0x04, 0x02, 0x00, 0x00, 
	0x2a, 0x20, 0x00, 0x04, 0x02, 0x04, 0x13, 0x09, 
	0x13, 0x04, 0x0e, 0x01, 0x20, 0x0b, 0x00, 0x00, 
	0x22, 0x06, 0x00, 0x12, 0x0c, 0x04, 0x13, 0x09, 
	0x0f, 0x0b, 0x09, 0x04, 0x00, 0x15, 0x00, 0x02, 
	0x09, 0x00, 0x00, 0x02, 0x11, 0x05, 0x24, 0x13, 
	0x03, 0x0b, 0x09, 0x04, 0x00, 0x00, 0x00, 0x2a, 
	0x09, 0x00, 0x00, 0x20, 0x24, 0x05, 0x24, 0x13, 
	0x02, 0x02, 0x0b, 0x04, 0x04, 0x04, 0x0b, 0x0b, 
	0x00, 0x00, 0x02, 0x13, 0x00, 0x11, 0x10, 0x14, 
	0x21, 0x0f, 0x0b, 0x04, 0x04, 0x04, 0x12, 0x20, 
	0x00, 0x00, 0x0c, 0x27, 0x00, 0x11, 0x10, 0x14, 
	0x05, 0x02, 0x02, 0x13, 0x10, 0x06, 0x00, 0x1b, 
	0x14, 0x02, 0x01, 0x00, 0x14, 0x01, 0x17, 0x15, 
	0x06, 0x02, 0x02, 0x13, 0x10, 0x06, 0x00, 0x1b, 
	0x0a, 0x0c, 0x0c, 0x15, 0x14, 0x01, 0x17, 0x15, 
	0x0a, 0x00, 0x02, 0x02, 0x17, 0x1a, 0x01, 0x0c, 
	0x02, 0x05, 0x00, 0x19, 0x17, 0x16, 0x08, 0x08, 
	0x0a, 0x17, 0x02, 0x02, 0x17, 0x1a, 0x01, 0x0c, 
	0x0f, 0x27, 0x00, 0x19, 0x17, 0x16, 0x06, 0x04, 
	0x0b, 0x00, 0x00, 0x02, 0x02, 0x1a, 0x1e, 0x11, 
	0x00, 0x16, 0x03, 0x09, 0x04, 0x0e, 0x1d, 0x22, 
	0x01, 0x00, 0x07, 0x02, 0x2a, 0x1e, 0x1e, 0x11, 
	0x12, 0x05, 0x03, 0x09, 0x04, 0x0e, 0x1d, 0x02, 
	0x02, 0x04, 0x00, 0x00, 0x20, 0x02, 0x10, 0x11, 
	0x18, 0x0b, 0x0c, 0x24, 0x04, 0x24, 0x00, 0x12, 
	0x02, 0x01, 0x00, 0x2b, 0x02, 0x25, 0x10, 0x11, 
	0x18, 0x0b, 0x0c, 0x24, 0x04, 0x07, 0x00, 0x00, 
	0x00, 0x02, 0x19, 0x00, 0x00, 0x19, 0x23, 0x10, 
	0x19, 0x28, 0x0c, 0x0b, 0x1b, 0x02, 0x0b, 0x00, 
	0x11, 0x20, 0x11, 0x00, 0x12, 0x19, 0x23, 0x10, 
	0x19, 0x28, 0x0c, 0x0b, 0x00, 0x04, 0x28, 0x00, 
	0x00, 0x1c, 0x02, 0x0f, 0x04, 0x05, 0x06, 0x01, 
	0x07, 0x08, 0x0b, 0x16, 0x00, 0x00, 0x02, 0x11, 
	0x00, 0x04, 0x27, 0x0b, 0x04, 0x05, 0x06, 0x01, 
	0x07, 0x08, 0x26, 0x14, 0x00, 0x00, 0x02, 0x29, 
	0x0c, 0x15, 0x1d, 0x01, 0x10, 0x07, 0x11, 0x12, 
	0x04, 0x07, 0x04, 0x02, 0x05, 0x00, 0x00, 0x02, 
	0x12, 0x00, 0x23, 0x17, 0x10, 0x07, 0x11, 0x12, 
	0x04, 0x07, 0x15, 0x02, 0x19, 0x00, 0x1b, 0x02, 
	0x2a, 0x02, 0x04, 0x11, 0x17, 0x1b, 0x05, 0x2a, 
	0x11, 0x19, 0x1a, 0x01, 0x0d, 0x0a, 0x00, 0x1b, 
	0x23, 0x19, 0x04, 0x11, 0x17, 0x05, 0x04, 0x18, 
	0x11, 0x19, 0x1a, 0x00, 0x02, 0x17, 0x00, 0x1e, 
	0x00, 0x08, 0x01, 0x01, 0x0a, 0x19, 0x02, 0x17, 
	0x1c, 0x18, 0x19, 0x0a, 0x06, 0x22, 0x0a, 0x00, 
	0x26, 0x03, 0x01, 0x01, 0x17, 0x02, 0x07, 0x00, 
	0x1c, 0x18, 0x19, 0x1d, 0x00, 0x02, 0x12, 0x00, 
	0x0a, 0x1d, 0x01, 0x14, 0x03, 0x23, 0x00, 0x00, 
	0x13, 0x10, 0x17, 0x1a, 0x00, 0x24, 0x22, 0x14, 
	0x05, 0x05, 0x01, 0x10, 0x02, 0x05, 0x00, 0x00, 
	0x11, 0x0b, 0x17, 0x1a, 0x00, 0x00, 0x20, 0x24, 
	0x17, 0x01, 0x12, 0x0d, 0x09, 0x00, 0x00, 0x03, 
	0x02, 0x00, 0x08, 0x17, 0x06, 0x1a, 0x00, 0x1e, 
	0x17, 0x01, 0x19, 0x02, 0x0a, 0x00, 0x00, 0x00, 
	0x0f, 0x14, 0x08, 0x17, 0x06, 0x05, 0x00, 0x02, 
	0x04, 0x06, 0x11, 0x04, 0x00, 0x00, 0x02, 0x0c, 
	0x00, 0x00, 0x09, 0x24, 0x01, 0x13, 0x26, 0x1a, 
	0x04, 0x06, 0x02, 0x04, 0x00, 0x00, 0x17, 0x0f, 
	0x19, 0x00, 0x01, 0x04, 0x01, 0x13, 0x26, 0x01, 
	0x13, 0x17, 0x00, 0x00, 0x05, 0x02, 0x04, 0x00, 
	0x00, 0x21, 0x0c, 0x08, 0x1f, 0x27, 0x28, 0x03, 
	0x13, 0x17, 0x00, 0x00, 0x15, 0x06, 0x20, 0x1d, 
	0x00, 0x0e, 0x0c, 0x07, 0x1f, 0x27, 0x28, 0x03, 
	0x13, 0x04, 0x0e, 0x04, 0x02, 0x06, 0x00, 0x00, 
	0x02, 0x24, 0x00, 0x04, 0x02, 0x04, 0x13, 0x09, 
	0x13, 0x04, 0x0e, 0x01, 0x13, 0x02, 0x00, 0x00, 
	0x25, 0x02, 0x15, 0x06, 0x22, 0x04, 0x13, 0x09, 
	0x03, 0x0b, 0x09, 0x04, 0x05, 0x00, 0x00, 0x02, 
	0x10, 0x00, 0x00, 0x02, 0x12, 0x05, 0x24, 0x13, 
	0x03, 0x0b, 0x09, 0x04, 0x17, 0x14, 0x00, 0x02, 
	0x0b, 0x00, 0x00, 0x02, 0x13, 0x05, 0x24, 0x13, 
	0x0c, 0x20, 0x0b, 0x04, 0x04, 0x26, 0x20, 0x11, 
	0x00, 0x1a, 0x02, 0x11, 0x00, 0x11, 0x10, 0x12, 
	0x02, 0x27, 0x0b, 0x04, 0x04, 0x13, 0x22, 0x11, 
	0x00, 0x00, 0x02, 0x24, 0x00, 0x11, 0x10, 0x14, 
	0x12, 0x02, 0x02, 0x13, 0x10, 0x02, 0x11, 0x1b, 
	0x04, 0x02, 0x1d, 0x00, 0x14, 0x01, 0x17, 0x16, 
	0x27, 0x02, 0x02, 0x13, 0x10, 0x19, 0x11, 0x1b, 
	0x11, 0x02, 0x08, 0x00, 0x14, 0x01, 0x17, 0x15, 
	0x0a, 0x1d, 0x02, 0x0f, 0x17, 0x08, 0x01, 0x0c, 
	0x13, 0x00, 0x00, 0x19, 0x17, 0x16, 0x27, 0x10, 
	0x16, 0x17, 0x02, 0x20, 0x17, 0x1a, 0x01, 0x0c, 
	0x02, 0x16, 0x00, 0x19, 0x17, 0x16, 0x08, 0x08, 
	0x04, 0x00, 0x1c, 0x02, 0x27, 0x1e, 0x1e, 0x11, 
	0x00, 0x16, 0x03, 0x09, 0x04, 0x0e, 0x16, 0x02, 
	0x21, 0x00, 0x00, 0x02, 0x02, 0x1e, 0x1e, 0x11, 
	0x00, 0x16, 0x03, 0x09, 0x04, 0x0e, 0x00, 0x02, 
	0x02, 0x0b, 0x00, 0x15, 0x02, 0x0b, 0x10, 0x11, 
	0x18, 0x0b, 0x0c, 0x24, 0x02, 0x0c, 0x00, 0x00, 
	0x02, 0x02, 0x00, 0x00, 0x20, 0x02, 0x24, 0x11, 
	0x18, 0x0b, 0x0c, 0x24, 0x2a, 0x21, 0x00, 0x14, 
	0x00, 0x02, 0x02, 0x00, 0x00, 0x14, 0x23, 0x10, 
	0x19, 0x28, 0x0c, 0x0b, 0x2b, 0x02, 0x02, 0x00, 
	0x00, 0x03, 0x02, 0x15, 0x00, 0x02, 0x27, 0x10, 
	0x19, 0x28, 0x0c, 0x0b, 0x0a, 0x02, 0x02, 0x00, 
	
};

Gfx car_DoubleDiamondPlateDark_pal_rgba16_aligner[] = {gsSPEndDisplayList()};
u8 car_DoubleDiamondPlateDark_pal_rgba16[] = {
	0x31, 0x8b, 0x6b, 0x59, 0xad, 0x69, 0x8c, 0x61, 
	0x73, 0x9b, 0x4a, 0x53, 0x63, 0x19, 0x73, 0x5b, 
	0x5a, 0xd7, 0x84, 0x21, 0x42, 0x0f, 0x84, 0x1f, 
	0x94, 0xa5, 0xad, 0x29, 0x6b, 0x19, 0x9c, 0xe7, 
	0x73, 0x9d, 0x5a, 0xd5, 0x62, 0xd7, 0x7b, 0xdd, 
	0x52, 0x93, 0x31, 0x8d, 0x42, 0x11, 0x63, 0x17, 
	0x5a, 0x95, 0x6b, 0x5b, 0x52, 0x95, 0x39, 0xcd, 
	0x39, 0x8d, 0x39, 0xcf, 0x52, 0x53, 0x9c, 0xa5, 
	0xa5, 0x29, 0x94, 0x63, 0xa5, 0x27, 0x94, 0xa3, 
	0x7b, 0x9d, 0x8c, 0x21, 0x83, 0xdf, 0x9c, 0xe5, 
	0x7b, 0xdf, 0x41, 0xcf, 0x8c, 0x63, 0x4a, 0x51, 
	
};

Gfx car_metal_wall_ci8_aligner[] = {gsSPEndDisplayList()};
u8 car_metal_wall_ci8[] = {
	0x00, 0x01, 0x02, 0x03, 0x04, 0x05, 0x06, 0x07, 
	0x08, 0x00, 0x09, 0x0a, 0x0b, 0x0a, 0x06, 0x0c, 
	0x0d, 0x0e, 0x09, 0x0f, 0x10, 0x05, 0x11, 0x12, 
	0x01, 0x13, 0x14, 0x15, 0x16, 0x16, 0x17, 0x18, 
	0x19, 0x1a, 0x1b, 0x07, 0x1c, 0x1d, 0x11, 0x1e, 
	0x1f, 0x14, 0x01, 0x0e, 0x03, 0x0e, 0x00, 0x0e, 
	0x0e, 0x20, 0x21, 0x22, 0x11, 0x23, 0x24, 0x19, 
	0x25, 0x26, 0x27, 0x18, 0x28, 0x29, 0x2a, 0x2b, 
	0x2c, 0x1b, 0x26, 0x2d, 0x1e, 0x2e, 0x2d, 0x1e, 
	0x2f, 0x30, 0x1c, 0x31, 0x11, 0x31, 0x01, 0x03, 
	0x08, 0x1c, 0x00, 0x0f, 0x10, 0x23, 0x32, 0x33, 
	0x34, 0x2b, 0x35, 0x36, 0x37, 0x36, 0x38, 0x17, 
	0x1b, 0x1b, 0x39, 0x3a, 0x3b, 0x2c, 0x3c, 0x1b, 
	0x2f, 0x3d, 0x15, 0x04, 0x07, 0x04, 0x1c, 0x10, 
	0x00, 0x3e, 0x20, 0x22, 0x11, 0x3f, 0x07, 0x33, 
	0x0f, 0x26, 0x29, 0x40, 0x40, 0x36, 0x38, 0x17, 
	0x2c, 0x1e, 0x26, 0x3c, 0x1b, 0x2c, 0x1a, 0x1b, 
	0x2f, 0x15, 0x3e, 0x25, 0x2d, 0x41, 0x15, 0x42, 
	0x22, 0x3c, 0x1c, 0x22, 0x42, 0x43, 0x44, 0x2c, 
	0x25, 0x2b, 0x29, 0x45, 0x40, 0x17, 0x46, 0x17, 
	0x1b, 0x3b, 0x47, 0x48, 0x2d, 0x2c, 0x19, 0x18, 
	0x49, 0x4a, 0x3b, 0x01, 0x3a, 0x01, 0x15, 0x42, 
	0x22, 0x15, 0x1c, 0x19, 0x1d, 0x4b, 0x19, 0x4c, 
	0x22, 0x4d, 0x4a, 0x13, 0x40, 0x36, 0x2a, 0x17, 
	0x4e, 0x1e, 0x47, 0x4f, 0x50, 0x51, 0x1e, 0x4d, 
	0x3d, 0x13, 0x52, 0x02, 0x3a, 0x41, 0x3c, 0x42, 
	0x12, 0x02, 0x3e, 0x19, 0x11, 0x43, 0x48, 0x53, 
	0x34, 0x54, 0x13, 0x55, 0x40, 0x36, 0x46, 0x17, 
	0x53, 0x12, 0x4e, 0x19, 0x2d, 0x51, 0x19, 0x1b, 
	0x4a, 0x26, 0x18, 0x2d, 0x19, 0x2d, 0x56, 0x1d, 
	0x3c, 0x1e, 0x3b, 0x12, 0x43, 0x43, 0x44, 0x51, 
	0x57, 0x18, 0x4a, 0x25, 0x40, 0x35, 0x38, 0x45, 
	0x33, 0x25, 0x19, 0x48, 0x19, 0x51, 0x1a, 0x19, 
	0x18, 0x58, 0x59, 0x2d, 0x33, 0x44, 0x25, 0x1d, 
	0x5a, 0x47, 0x1e, 0x07, 0x43, 0x3f, 0x5b, 0x4c, 
	0x57, 0x18, 0x15, 0x3c, 0x40, 0x5c, 0x2a, 0x17, 
	0x4c, 0x07, 0x44, 0x48, 0x1d, 0x51, 0x19, 0x1b, 
	0x18, 0x58, 0x47, 0x12, 0x50, 0x3a, 0x10, 0x5d, 
	0x5e, 0x58, 0x1a, 0x43, 0x43, 0x3f, 0x11, 0x19, 
	0x57, 0x3b, 0x1e, 0x1e, 0x40, 0x17, 0x38, 0x40, 
	0x4c, 0x11, 0x2d, 0x24, 0x0f, 0x4c, 0x48, 0x5b, 
	0x26, 0x02, 0x1b, 0x3c, 0x2c, 0x48, 0x43, 0x5f, 
	0x1b, 0x58, 0x15, 0x3f, 0x3f, 0x3f, 0x10, 0x2c, 
	0x43, 0x4d, 0x4a, 0x1c, 0x40, 0x17, 0x38, 0x40, 
	0x4c, 0x10, 0x2d, 0x24, 0x3f, 0x33, 0x19, 0x25, 
	0x18, 0x12, 0x4d, 0x02, 0x19, 0x19, 0x07, 0x5f, 
	0x4d, 0x58, 0x15, 0x0e, 0x43, 0x05, 0x56, 0x2c, 
	0x43, 0x4d, 0x4a, 0x12, 0x60, 0x35, 0x2a, 0x36, 
	0x4c, 0x25, 0x44, 0x61, 0x43, 0x51, 0x1e, 0x44, 
	0x2b, 0x5e, 0x47, 0x1c, 0x53, 0x50, 0x3a, 0x1d, 
	0x47, 0x4e, 0x3b, 0x43, 0x56, 0x3f, 0x43, 0x19, 
	0x3f, 0x15, 0x27, 0x56, 0x40, 0x36, 0x46, 0x45, 
	0x19, 0x22, 0x5b, 0x24, 0x43, 0x2c, 0x2d, 0x25, 
	0x39, 0x1b, 0x47, 0x12, 0x2c, 0x33, 0x32, 0x1d, 
	0x1b, 0x51, 0x3b, 0x3f, 0x07, 0x05, 0x56, 0x53, 
	0x43, 0x3c, 0x01, 0x56, 0x17, 0x35, 0x46, 0x36, 
	0x4c, 0x11, 0x32, 0x24, 0x3f, 0x33, 0x3c, 0x3a, 
	0x2b, 0x19, 0x4d, 0x3a, 0x50, 0x48, 0x56, 0x5d, 
	0x10, 0x3c, 0x1c, 0x3f, 0x5b, 0x05, 0x42, 0x51, 
	0x43, 0x5e, 0x3d, 0x11, 0x45, 0x3b, 0x40, 0x17, 
	0x4c, 0x56, 0x11, 0x5f, 0x05, 0x51, 0x19, 0x44, 
	0x62, 0x3a, 0x4e, 0x1a, 0x53, 0x48, 0x42, 0x5f, 
	0x10, 0x2c, 0x5a, 0x43, 0x56, 0x05, 0x2d, 0x51, 
	0x43, 0x12, 0x15, 0x22, 0x37, 0x00, 0x26, 0x17, 
	0x51, 0x11, 0x63, 0x48, 0x43, 0x64, 0x32, 0x12, 
	0x2b, 0x0f, 0x65, 0x1c, 0x53, 0x32, 0x66, 0x32, 
	0x42, 0x2c, 0x3b, 0x43, 0x32, 0x4b, 0x11, 0x4c, 
	0x43, 0x3b, 0x4a, 0x0f, 0x17, 0x1c, 0x5e, 0x35, 
	0x51, 0x22, 0x2d, 0x61, 0x3f, 0x2c, 0x3a, 0x56, 
	0x2b, 0x57, 0x1b, 0x1a, 0x3a, 0x32, 0x43, 0x32, 
	0x10, 0x2d, 0x5e, 0x43, 0x44, 0x42, 0x11, 0x2c, 
	0x43, 0x5e, 0x3b, 0x56, 0x40, 0x67, 0x16, 0x35, 
	0x51, 0x56, 0x63, 0x24, 0x3f, 0x2c, 0x19, 0x63, 
	0x2b, 0x57, 0x1b, 0x3c, 0x2c, 0x11, 0x4b, 0x48, 
	0x43, 0x11, 0x12, 0x43, 0x63, 0x66, 0x2d, 0x51, 
	0x3f, 0x3c, 0x15, 0x0f, 0x45, 0x0f, 0x13, 0x17, 
	0x2c, 0x43, 0x11, 0x48, 0x3f, 0x2c, 0x1e, 0x3a, 
	0x2b, 0x3c, 0x65, 0x15, 0x2c, 0x11, 0x42, 0x48, 
	0x43, 0x25, 0x3c, 0x43, 0x07, 0x43, 0x5b, 0x47, 
	0x56, 0x12, 0x15, 0x0f, 0x40, 0x68, 0x5e, 0x13, 
	0x19, 0x43, 0x11, 0x48, 0x05, 0x51, 0x1e, 0x11, 
	0x65, 0x12, 0x69, 0x12, 0x5b, 0x22, 0x4b, 0x48, 
	0x43, 0x3a, 0x19, 0x43, 0x11, 0x43, 0x12, 0x4e, 
	0x10, 0x1d, 0x22, 0x43, 0x2b, 0x0f, 0x3c, 0x3c, 
	0x33, 0x56, 0x07, 0x33, 0x05, 0x2c, 0x3a, 0x25, 
	0x65, 0x43, 0x47, 0x1a, 0x33, 0x1d, 0x66, 0x33, 
	0x56, 0x12, 0x47, 0x43, 0x25, 0x3f, 0x12, 0x47, 
	0x25, 0x3a, 0x12, 0x56, 0x28, 0x0f, 0x26, 0x3b, 
	0x4f, 0x56, 0x56, 0x48, 0x05, 0x51, 0x5a, 0x12, 
	0x2b, 0x43, 0x4e, 0x1a, 0x44, 0x19, 0x6a, 0x33, 
	0x11, 0x3a, 0x1b, 0x43, 0x43, 0x3f, 0x22, 0x47, 
	0x25, 0x5e, 0x01, 0x43, 0x4d, 0x22, 0x3b, 0x35, 
	0x19, 0x56, 0x42, 0x4c, 0x23, 0x51, 0x2c, 0x11, 
	0x2b, 0x0f, 0x65, 0x3c, 0x33, 0x5b, 0x1d, 0x2c, 
	0x07, 0x12, 0x5e, 0x23, 0x23, 0x43, 0x10, 0x58, 
	0x01, 0x26, 0x3b, 0x22, 0x65, 0x3f, 0x1e, 0x18, 
	0x51, 0x11, 0x32, 0x4c, 0x3f, 0x2c, 0x3c, 0x56, 
	0x6b, 0x22, 0x47, 0x2d, 0x33, 0x07, 0x5b, 0x2c, 
	0x11, 0x2d, 0x3a, 0x43, 0x43, 0x23, 0x43, 0x47, 
	0x07, 0x58, 0x16, 0x12, 0x6b, 0x0f, 0x1e, 0x18, 
	0x51, 0x22, 0x2d, 0x2c, 0x05, 0x2c, 0x5a, 0x07, 
	0x6b, 0x56, 0x5e, 0x2d, 0x2c, 0x25, 0x2d, 0x2c, 
	0x10, 0x07, 0x3c, 0x05, 0x56, 0x23, 0x43, 0x2d, 
	0x05, 0x26, 0x26, 0x25, 0x2b, 0x0e, 0x5a, 0x27, 
	0x19, 0x56, 0x2d, 0x33, 0x05, 0x2c, 0x1e, 0x11, 
	0x37, 0x22, 0x3c, 0x3c, 0x2d, 0x11, 0x56, 0x2c, 
	0x56, 0x11, 0x2d, 0x3f, 0x56, 0x3f, 0x43, 0x3a, 
	0x05, 0x18, 0x16, 0x12, 0x37, 0x3f, 0x3c, 0x27, 
	0x19, 0x56, 0x1d, 0x33, 0x05, 0x51, 0x5e, 0x10, 
	0x37, 0x0f, 0x2d, 0x12, 0x19, 0x12, 0x56, 0x4c, 
	0x56, 0x2d, 0x3c, 0x23, 0x32, 0x3f, 0x43, 0x32, 
	0x3f, 0x15, 0x16, 0x25, 0x37, 0x3f, 0x1a, 0x18, 
	0x33, 0x43, 0x66, 0x33, 0x05, 0x33, 0x07, 0x56, 
	0x2b, 0x0f, 0x63, 0x2d, 0x2c, 0x02, 0x11, 0x4c, 
	0x3a, 0x11, 0x2d, 0x23, 0x32, 0x43, 0x43, 0x2d, 
	0x3f, 0x3c, 0x18, 0x25, 0x37, 0x0e, 0x3b, 0x35, 
	0x5b, 0x43, 0x11, 0x33, 0x3f, 0x19, 0x2d, 0x56, 
	0x37, 0x22, 0x5e, 0x2c, 0x2c, 0x19, 0x32, 0x51, 
	0x3a, 0x44, 0x12, 0x23, 0x48, 0x42, 0x43, 0x48, 
	0x3f, 0x12, 0x18, 0x12, 0x37, 0x0f, 0x5e, 0x4a, 
	0x48, 0x43, 0x1d, 0x33, 0x05, 0x4c, 0x2d, 0x56, 
	0x2b, 0x6c, 0x5e, 0x19, 0x2c, 0x5b, 0x10, 0x51, 
	0x3c, 0x5e, 0x12, 0x23, 0x5b, 0x43, 0x43, 0x50, 
	0x3f, 0x12, 0x3b, 0x0f, 0x37, 0x22, 0x3b, 0x26, 
	0x2c, 0x56, 0x56, 0x6d, 0x05, 0x33, 0x3a, 0x43, 
	0x58, 0x0f, 0x5e, 0x5a, 0x19, 0x3c, 0x43, 0x51, 
	0x19, 0x2c, 0x1e, 0x43, 0x5b, 0x42, 0x4b, 0x51, 
	0x43, 0x1b, 0x3b, 0x43, 0x2b, 0x0f, 0x3b, 0x16, 
	0x48, 0x43, 0x56, 0x48, 0x05, 0x33, 0x2d, 0x43, 
	0x26, 0x0f, 0x5e, 0x1e, 0x5b, 0x25, 0x43, 0x4c, 
	0x43, 0x3a, 0x18, 0x3f, 0x63, 0x11, 0x0f, 0x51, 
	0x43, 0x4d, 0x1c, 0x43, 0x2b, 0x0f, 0x3c, 0x1e, 
	0x33, 0x56, 0x11, 0x48, 0x3f, 0x19, 0x25, 0x03, 
	0x2b, 0x0e, 0x1e, 0x19, 0x19, 0x02, 0x6e, 0x53, 
	0x43, 0x2d, 0x1b, 0x23, 0x2c, 0x63, 0x56, 0x47, 
	0x22, 0x26, 0x15, 0x43, 0x26, 0x0e, 0x3c, 0x1a, 
	0x44, 0x56, 0x56, 0x48, 0x05, 0x48, 0x11, 0x43, 
	0x47, 0x03, 0x3c, 0x2d, 0x2c, 0x19, 0x56, 0x53, 
	0x6e, 0x2d, 0x2d, 0x3f, 0x5a, 0x10, 0x43, 0x6f, 
	0x56, 0x26, 0x26, 0x56, 0x65, 0x43, 0x12, 0x18, 
	0x5b, 0x43, 0x56, 0x33, 0x3f, 0x63, 0x07, 0x23, 
	0x26, 0x56, 0x2c, 0x3a, 0x51, 0x19, 0x43, 0x51, 
	0x11, 0x63, 0x1e, 0x3f, 0x2d, 0x43, 0x56, 0x70, 
	0x3f, 0x1b, 0x16, 0x22, 0x1b, 0x0e, 0x3c, 0x18, 
	0x3a, 0x43, 0x6e, 0x48, 0x3f, 0x48, 0x5b, 0x43, 
	0x26, 0x0f, 0x19, 0x19, 0x51, 0x3c, 0x43, 0x51, 
	0x10, 0x63, 0x12, 0x3f, 0x56, 0x0f, 0x56, 0x48, 
	0x3f, 0x18, 0x71, 0x0f, 0x5e, 0x0e, 0x3c, 0x3c, 
	0x32, 0x43, 0x56, 0x2d, 0x3f, 0x33, 0x25, 0x43, 
	0x6b, 0x25, 0x19, 0x3a, 0x51, 0x3c, 0x23, 0x2c, 
	0x56, 0x5b, 0x3a, 0x3f, 0x6e, 0x3f, 0x56, 0x51, 
	0x3f, 0x18, 0x16, 0x12, 0x37, 0x0e, 0x1a, 0x18, 
	0x48, 0x43, 0x6e, 0x32, 0x3f, 0x48, 0x11, 0x23, 
	0x47, 0x56, 0x19, 0x1a, 0x2c, 0x5a, 0x3f, 0x4c, 
	0x43, 0x07, 0x2d, 0x43, 0x07, 0x3f, 0x43, 0x48, 
	0x3f, 0x3c, 0x26, 0x12, 0x2a, 0x22, 0x12, 0x3b, 
	0x2d, 0x43, 0x43, 0x42, 0x3f, 0x48, 0x2d, 0x43, 
	0x2b, 0x43, 0x5b, 0x3a, 0x2c, 0x5a, 0x3f, 0x2c, 
	0x3f, 0x22, 0x2c, 0x43, 0x11, 0x3f, 0x43, 0x2d, 
	0x3f, 0x3b, 0x18, 0x25, 0x40, 0x0f, 0x3c, 0x26, 
	0x5b, 0x43, 0x4b, 0x72, 0x3f, 0x07, 0x11, 0x23, 
	0x47, 0x0f, 0x2c, 0x3c, 0x2c, 0x5a, 0x3f, 0x2c, 
	0x43, 0x10, 0x12, 0x43, 0x22, 0x3f, 0x43, 0x11, 
	0x3f, 0x5a, 0x15, 0x11, 0x2a, 0x01, 0x07, 0x3a, 
	0x32, 0x43, 0x4b, 0x32, 0x3f, 0x44, 0x12, 0x43, 
	0x2b, 0x22, 0x2c, 0x1a, 0x2c, 0x1a, 0x3f, 0x19, 
	0x3f, 0x11, 0x5e, 0x23, 0x6e, 0x3f, 0x43, 0x11, 
	0x3f, 0x12, 0x12, 0x22, 0x38, 0x1a, 0x5b, 0x18, 
	0x48, 0x43, 0x4b, 0x33, 0x05, 0x33, 0x12, 0x43, 
	0x69, 0x43, 0x12, 0x1e, 0x19, 0x5a, 0x3f, 0x48, 
	0x3f, 0x25, 0x47, 0x05, 0x3a, 0x3f, 0x43, 0x5b, 
	0x3f, 0x3c, 0x3b, 0x22, 0x2a, 0x01, 0x25, 0x1b, 
	0x48, 0x43, 0x4b, 0x33, 0x05, 0x19, 0x12, 0x43, 
	0x37, 0x0f, 0x19, 0x5a, 0x2c, 0x15, 0x05, 0x48, 
	0x3f, 0x2d, 0x58, 0x05, 0x10, 0x23, 0x43, 0x5b, 
	0x3f, 0x5e, 0x18, 0x12, 0x38, 0x01, 0x2d, 0x5a, 
	0x44, 0x43, 0x6e, 0x2c, 0x3f, 0x33, 0x3c, 0x43, 
	0x69, 0x57, 0x19, 0x19, 0x5e, 0x5e, 0x05, 0x4c, 
	0x43, 0x11, 0x5e, 0x23, 0x5b, 0x43, 0x43, 0x56, 
	0x3f, 0x5e, 0x13, 0x12, 0x46, 0x68, 0x5b, 0x1a, 
	0x44, 0x4b, 0x4b, 0x48, 0x3f, 0x2c, 0x3c, 0x43, 
	0x6b, 0x0f, 0x5b, 0x5a, 0x1b, 0x5e, 0x05, 0x4c, 
	0x43, 0x63, 0x63, 0x05, 0x12, 0x43, 0x43, 0x42, 
	0x3f, 0x1c, 0x18, 0x56, 0x17, 0x0e, 0x25, 0x1b, 
	0x33, 0x11, 0x6e, 0x2c, 0x05, 0x2c, 0x5a, 0x43, 
	0x6b, 0x0f, 0x2c, 0x5a, 0x5e, 0x5e, 0x43, 0x4e, 
	0x56, 0x3a, 0x12, 0x05, 0x19, 0x43, 0x43, 0x42, 
	0x3f, 0x25, 0x3b, 0x0f, 0x37, 0x34, 0x25, 0x1a, 
	0x33, 0x56, 0x6e, 0x48, 0x05, 0x3a, 0x12, 0x43, 
	0x69, 0x56, 0x2c, 0x3a, 0x2c, 0x5e, 0x43, 0x51, 
	0x0f, 0x3c, 0x5a, 0x3f, 0x25, 0x43, 0x6e, 0x32, 
	0x3f, 0x11, 0x18, 0x43, 0x19, 0x3f, 0x12, 0x3b, 
	0x48, 0x4b, 0x6e, 0x33, 0x3f, 0x2c, 0x5a, 0x43, 
	0x6b, 0x22, 0x1e, 0x19, 0x2c, 0x3c, 0x43, 0x4e, 
	0x10, 0x2d, 0x5a, 0x3f, 0x63, 0x3f, 0x6e, 0x3a, 
	0x3f, 0x11, 0x15, 0x3f, 0x2d, 0x3f, 0x07, 0x1a, 
	0x1d, 0x43, 0x4b, 0x19, 0x3f, 0x19, 0x3c, 0x43, 
	0x6b, 0x43, 0x5a, 0x2c, 0x5a, 0x3b, 0x43, 0x4e, 
	0x11, 0x19, 0x1b, 0x3f, 0x3a, 0x23, 0x6e, 0x2d, 
	0x3f, 0x4b, 0x22, 0x3f, 0x19, 0x0e, 0x42, 0x12, 
	0x32, 0x56, 0x4b, 0x44, 0x3f, 0x3a, 0x3c, 0x43, 
	0x58, 0x43, 0x3c, 0x3c, 0x19, 0x18, 0x43, 0x73, 
	0x43, 0x44, 0x1b, 0x43, 0x3c, 0x3f, 0x43, 0x48, 
	0x3f, 0x4b, 0x43, 0x3f, 0x07, 0x05, 0x6e, 0x0f, 
	0x11, 0x23, 0x4b, 0x48, 0x3f, 0x3c, 0x5a, 0x43, 
	0x69, 0x43, 0x51, 0x5e, 0x1b, 0x19, 0x3f, 0x51, 
	0x43, 0x5a, 0x1b, 0x43, 0x1c, 0x3f, 0x43, 0x48, 
	0x3f, 0x6e, 0x43, 0x3f, 0x3a, 0x05, 0x07, 0x11, 
	0x66, 0x23, 0x4b, 0x1d, 0x3f, 0x5b, 0x3a, 0x43, 
	0x58, 0x03, 0x1e, 0x1a, 0x4d, 0x3b, 0x43, 0x51, 
	0x43, 0x3c, 0x5e, 0x3f, 0x12, 0x3f, 0x43, 0x48, 
	0x3f, 0x4b, 0x43, 0x3f, 0x1d, 0x3f, 0x5b, 0x3c, 
	0x72, 0x23, 0x4b, 0x2d, 0x23, 0x44, 0x02, 0x23, 
	0x2b, 0x0f, 0x2c, 0x5e, 0x4d, 0x15, 0x3f, 0x65, 
	0x07, 0x5b, 0x18, 0x23, 0x3c, 0x3f, 0x43, 0x42, 
	0x3f, 0x4b, 0x43, 0x3f, 0x5e, 0x0e, 0x3c, 0x3b, 
	0x1d, 0x23, 0x43, 0x32, 0x3f, 0x2d, 0x07, 0x05, 
	0x58, 0x43, 0x19, 0x1b, 0x51, 0x18, 0x3f, 0x4e, 
	0x25, 0x19, 0x47, 0x43, 0x5a, 0x3f, 0x43, 0x42, 
	0x05, 0x4b, 0x43, 0x0e, 0x11, 0x05, 0x3c, 0x41, 
	0x32, 0x43, 0x4b, 0x2d, 0x3f, 0x19, 0x12, 0x3f, 
	0x65, 0x0f, 0x5a, 0x1b, 0x2c, 0x3b, 0x3f, 0x65, 
	0x10, 0x19, 0x18, 0x3f, 0x44, 0x3f, 0x43, 0x6e, 
	0x05, 0x6e, 0x05, 0x43, 0x42, 0x05, 0x5e, 0x12, 
	0x32, 0x43, 0x4b, 0x50, 0x23, 0x19, 0x5b, 0x3f, 
	0x65, 0x0f, 0x2c, 0x1b, 0x5a, 0x5a, 0x05, 0x47, 
	0x03, 0x12, 0x47, 0x3f, 0x12, 0x3f, 0x43, 0x56, 
	0x05, 0x42, 0x56, 0x43, 0x4e, 0x43, 0x5e, 0x5a, 
	0x1d, 0x43, 0x4b, 0x19, 0x23, 0x2d, 0x07, 0x23, 
	0x5e, 0x3f, 0x12, 0x1a, 0x51, 0x5a, 0x05, 0x2c, 
	0x3f, 0x25, 0x1e, 0x43, 0x2d, 0x43, 0x43, 0x32, 
	0x05, 0x6e, 0x56, 0x3f, 0x58, 0x43, 0x5e, 0x1b, 
	0x72, 0x23, 0x43, 0x19, 0x3f, 0x1d, 0x56, 0x43, 
	0x4e, 0x3f, 0x2c, 0x1e, 0x5e, 0x1e, 0x05, 0x1b, 
	0x43, 0x3a, 0x1b, 0x23, 0x12, 0x43, 0x43, 0x42, 
	0x05, 0x1d, 0x07, 0x3f, 0x2b, 0x0f, 0x3c, 0x5a, 
	0x32, 0x43, 0x4b, 0x33, 0x3f, 0x32, 0x07, 0x23, 
	0x58, 0x43, 0x4f, 0x1e, 0x4d, 0x1b, 0x05, 0x51, 
	0x10, 0x3c, 0x18, 0x74, 0x3c, 0x05, 0x43, 0x42, 
	0x05, 0x2d, 0x2d, 0x3f, 0x58, 0x22, 0x5e, 0x3b, 
	0x32, 0x43, 0x4b, 0x44, 0x3f, 0x3a, 0x3a, 0x23, 
	0x65, 0x43, 0x2c, 0x5a, 0x5a, 0x5a, 0x3f, 0x6f, 
	0x56, 0x5b, 0x2c, 0x3f, 0x2d, 0x3f, 0x43, 0x5f, 
	0x05, 0x11, 0x56, 0x43, 0x2b, 0x22, 0x5e, 0x3b, 
	0x1d, 0x43, 0x4b, 0x2d, 0x3f, 0x3a, 0x12, 0x05, 
	0x1b, 0x05, 0x5b, 0x1a, 0x2c, 0x15, 0x05, 0x2c, 
	0x3f, 0x07, 0x1e, 0x43, 0x25, 0x3f, 0x6e, 0x33, 
	0x05, 0x6e, 0x0e, 0x3f, 0x5b, 0x05, 0x19, 0x18, 
	0x32, 0x4b, 0x6e, 0x48, 0x23, 0x11, 0x56, 0x3f, 
	0x44, 0x05, 0x12, 0x25, 0x19, 0x25, 0x3f, 0x51, 
	0x43, 0x12, 0x1b, 0x3f, 0x2d, 0x43, 0x42, 0x53, 
	0x05, 0x48, 0x11, 0x3f, 0x58, 0x03, 0x3c, 0x18, 
	0x48, 0x66, 0x75, 0x2c, 0x3f, 0x63, 0x10, 0x23, 
	0x19, 0x05, 0x1e, 0x25, 0x5a, 0x02, 0x3f, 0x2c, 
	0x3f, 0x5b, 0x1b, 0x23, 0x3a, 0x23, 0x56, 0x32, 
	0x05, 0x33, 0x2d, 0x23, 0x47, 0x07, 0x5a, 0x18, 
	
};

Gfx car_metal_wall_pal_rgba16_aligner[] = {gsSPEndDisplayList()};
u8 car_metal_wall_pal_rgba16[] = {
	0x42, 0x0f, 0x4a, 0x51, 0x52, 0x91, 0x39, 0x89, 
	0x42, 0x0d, 0x31, 0x07, 0x29, 0x49, 0x4a, 0x0d, 
	0x39, 0xcd, 0x31, 0x8b, 0x20, 0xc5, 0x21, 0x07, 
	0x29, 0x07, 0x21, 0x09, 0x31, 0x49, 0x39, 0x8b, 
	0x41, 0xcb, 0x49, 0xcd, 0x52, 0x51, 0x6b, 0x5b, 
	0x4a, 0x93, 0x5a, 0xd5, 0x6b, 0x9b, 0x7c, 0x1f, 
	0x6b, 0x59, 0x62, 0xd3, 0x5a, 0xd3, 0x6b, 0x57, 
	0x52, 0x93, 0x52, 0x0d, 0x63, 0x15, 0x52, 0xd3, 
	0x42, 0x11, 0x3a, 0x0f, 0x41, 0xcd, 0x39, 0x09, 
	0x62, 0x4f, 0x4a, 0x0f, 0x73, 0x9b, 0x63, 0x19, 
	0x7b, 0xdf, 0x73, 0xdf, 0x8c, 0x61, 0x7b, 0xdd, 
	0x6b, 0x15, 0x52, 0x4f, 0x62, 0xd1, 0x52, 0xd5, 
	0x52, 0x95, 0x39, 0xcb, 0x5a, 0x4f, 0x6a, 0xd3, 
	0x39, 0x8d, 0x73, 0xdd, 0x7c, 0x21, 0x84, 0x1f, 
	0x8c, 0x63, 0x73, 0xdb, 0x5a, 0x91, 0x63, 0x17, 
	0x5a, 0x93, 0x5b, 0x17, 0x5b, 0x15, 0x31, 0x09, 
	0x84, 0x61, 0x4a, 0x4f, 0x49, 0xcb, 0x39, 0x49, 
	0x62, 0x93, 0x84, 0x21, 0x8c, 0xa3, 0x73, 0x99, 
	0x62, 0x91, 0x5a, 0xd7, 0x63, 0x59, 0x41, 0x49, 
	0x73, 0x15, 0x73, 0x59, 0x7b, 0x99, 0x6a, 0xd5, 
	0x6b, 0x13, 0x73, 0x57, 0x63, 0x57, 0x73, 0x55, 
	0x6b, 0x19, 0x52, 0x53, 0x41, 0x8b, 0x39, 0x4b, 
	0x7b, 0xdb, 0x6b, 0x99, 0x62, 0xd5, 0x5a, 0x51, 
	0x74, 0x1f, 0x5a, 0x0d, 0x6b, 0x17, 0x5a, 0x4d, 
	0x84, 0x63, 0x6a, 0x91, 0x7c, 0x1d, 0x52, 0x0f, 
	0x7b, 0x57, 0x7b, 0x9b, 0x49, 0x8b, 0x4a, 0x53, 
	0x41, 0xcf, 0x83, 0xdd, 0x5a, 0x0f, 0x84, 0x1d, 
	0x41, 0x8d, 0x62, 0x8f, 0x41, 0x89, 0x73, 0x97, 
	0x6b, 0x55, 0x73, 0x9d, 0x51, 0xcd, 0x7b, 0x97, 
	0x39, 0x07, 0x51, 0xcb, 
};

Gfx car_WarningCaution_ci8_aligner[] = {gsSPEndDisplayList()};
u8 car_WarningCaution_ci8[] = {
	0x00, 0x00, 0x00, 0x00, 0x00, 0x00, 0x00, 0x00, 
	0x00, 0x00, 0x00, 0x00, 0x00, 0x00, 0x00, 0x00, 
	0x00, 0x00, 0x00, 0x00, 0x00, 0x00, 0x00, 0x00, 
	0x00, 0x00, 0x00, 0x00, 0x00, 0x00, 0x00, 0x00, 
	0x00, 0x00, 0x00, 0x00, 0x00, 0x00, 0x00, 0x00, 
	0x00, 0x00, 0x00, 0x00, 0x00, 0x00, 0x00, 0x00, 
	0x00, 0x00, 0x00, 0x00, 0x00, 0x00, 0x00, 0x00, 
	0x00, 0x00, 0x00, 0x00, 0x00, 0x00, 0x00, 0x00, 
	0x01, 0x02, 0x01, 0x03, 0x04, 0x05, 0x05, 0x04, 
	0x06, 0x06, 0x06, 0x06, 0x07, 0x03, 0x08, 0x08, 
	0x02, 0x01, 0x01, 0x01, 0x01, 0x01, 0x01, 0x01, 
	0x01, 0x08, 0x09, 0x0a, 0x0a, 0x09, 0x07, 0x09, 
	0x09, 0x0a, 0x09, 0x0b, 0x02, 0x01, 0x01, 0x01, 
	0x01, 0x01, 0x01, 0x01, 0x08, 0x08, 0x0b, 0x0a, 
	0x0c, 0x0c, 0x0d, 0x0c, 0x04, 0x04, 0x0a, 0x0b, 
	0x0b, 0x03, 0x03, 0x08, 0x02, 0x08, 0x01, 0x01, 
	0x0e, 0x0f, 0x0f, 0x10, 0x11, 0x12, 0x13, 0x11, 
	0x14, 0x14, 0x15, 0x12, 0x0f, 0x16, 0x0f, 0x16, 
	0x0e, 0x0e, 0x0e, 0x0e, 0x0e, 0x0e, 0x0f, 0x17, 
	0x0f, 0x10, 0x15, 0x10, 0x10, 0x18, 0x10, 0x18, 
	0x18, 0x10, 0x16, 0x0e, 0x0e, 0x0e, 0x0e, 0x0e, 
	0x0e, 0x0e, 0x0e, 0x0e, 0x17, 0x13, 0x10, 0x10, 
	0x11, 0x13, 0x13, 0x13, 0x13, 0x12, 0x17, 0x0f, 
	0x17, 0x16, 0x16, 0x16, 0x0e, 0x0e, 0x16, 0x0e, 
	0x03, 0x19, 0x15, 0x13, 0x13, 0x13, 0x13, 0x1a, 
	0x1b, 0x1c, 0x1a, 0x1d, 0x1e, 0x03, 0x0f, 0x1f, 
	0x0f, 0x0f, 0x1f, 0x1f, 0x0f, 0x03, 0x20, 0x1d, 
	0x13, 0x13, 0x13, 0x20, 0x20, 0x15, 0x15, 0x15, 
	0x15, 0x15, 0x1e, 0x03, 0x03, 0x03, 0x03, 0x03, 
	0x03, 0x03, 0x03, 0x0f, 0x15, 0x21, 0x13, 0x13, 
	0x21, 0x1a, 0x1a, 0x0c, 0x0c, 0x20, 0x1e, 0x19, 
	0x20, 0x0f, 0x1e, 0x1f, 0x03, 0x0f, 0x20, 0x1e, 
	0x22, 0x23, 0x24, 0x25, 0x1b, 0x24, 0x25, 0x1b, 
	0x26, 0x27, 0x23, 0x28, 0x28, 0x29, 0x28, 0x29, 
	0x28, 0x22, 0x29, 0x29, 0x22, 0x22, 0x2a, 0x23, 
	0x23, 0x23, 0x23, 0x2a, 0x2b, 0x23, 0x25, 0x2a, 
	0x22, 0x29, 0x17, 0x17, 0x17, 0x17, 0x17, 0x17, 
	0x17, 0x17, 0x17, 0x22, 0x24, 0x27, 0x27, 0x27, 
	0x27, 0x26, 0x26, 0x27, 0x27, 0x25, 0x22, 0x17, 
	0x29, 0x17, 0x17, 0x17, 0x17, 0x17, 0x29, 0x29, 
	0x23, 0x27, 0x27, 0x1b, 0x27, 0x27, 0x1b, 0x26, 
	0x2c, 0x24, 0x2b, 0x28, 0x28, 0x29, 0x28, 0x28, 
	0x28, 0x29, 0x22, 0x28, 0x2d, 0x2a, 0x23, 0x23, 
	0x24, 0x1b, 0x24, 0x25, 0x24, 0x23, 0x2a, 0x22, 
	0x17, 0x17, 0x17, 0x17, 0x17, 0x17, 0x17, 0x17, 
	0x17, 0x17, 0x22, 0x23, 0x27, 0x26, 0x26, 0x26, 
	0x26, 0x2c, 0x26, 0x27, 0x24, 0x2b, 0x29, 0x17, 
	0x17, 0x17, 0x17, 0x17, 0x17, 0x17, 0x29, 0x2a, 
	0x26, 0x26, 0x27, 0x26, 0x27, 0x26, 0x26, 0x26, 
	0x24, 0x2b, 0x2d, 0x2d, 0x2d, 0x28, 0x29, 0x29, 
	0x29, 0x17, 0x29, 0x29, 0x2b, 0x23, 0x23, 0x25, 
	0x1b, 0x27, 0x1b, 0x25, 0x1b, 0x2a, 0x22, 0x17, 
	0x29, 0x22, 0x29, 0x28, 0x22, 0x29, 0x17, 0x17, 
	0x17, 0x29, 0x2a, 0x27, 0x26, 0x2c, 0x26, 0x2c, 
	0x2c, 0x26, 0x2c, 0x27, 0x23, 0x22, 0x28, 0x28, 
	0x22, 0x29, 0x17, 0x17, 0x17, 0x29, 0x23, 0x27, 
	0x26, 0x2c, 0x26, 0x26, 0x26, 0x2c, 0x2c, 0x27, 
	0x2b, 0x2d, 0x28, 0x28, 0x22, 0x28, 0x28, 0x28, 
	0x28, 0x28, 0x22, 0x2d, 0x24, 0x1b, 0x1b, 0x27, 
	0x26, 0x27, 0x27, 0x1b, 0x24, 0x2b, 0x28, 0x29, 
	0x22, 0x28, 0x17, 0x29, 0x29, 0x22, 0x17, 0x17, 
	0x29, 0x2b, 0x1b, 0x26, 0x26, 0x26, 0x2c, 0x26, 
	0x26, 0x26, 0x27, 0x23, 0x2d, 0x29, 0x28, 0x29, 
	0x29, 0x22, 0x29, 0x17, 0x29, 0x2b, 0x1b, 0x2c, 
	0x27, 0x26, 0x2c, 0x26, 0x2c, 0x2c, 0x27, 0x2a, 
	0x29, 0x17, 0x29, 0x29, 0x22, 0x29, 0x29, 0x17, 
	0x29, 0x22, 0x28, 0x24, 0x26, 0x26, 0x27, 0x26, 
	0x26, 0x27, 0x27, 0x1b, 0x2a, 0x22, 0x2d, 0x28, 
	0x29, 0x29, 0x28, 0x22, 0x17, 0x29, 0x28, 0x17, 
	0x2b, 0x24, 0x26, 0x2c, 0x26, 0x2c, 0x26, 0x26, 
	0x26, 0x26, 0x24, 0x28, 0x22, 0x29, 0x28, 0x28, 
	0x28, 0x29, 0x28, 0x29, 0x2d, 0x24, 0x26, 0x2c, 
	0x26, 0x26, 0x26, 0x27, 0x26, 0x26, 0x24, 0x22, 
	0x17, 0x17, 0x22, 0x29, 0x17, 0x17, 0x22, 0x29, 
	0x22, 0x28, 0x2a, 0x1b, 0x26, 0x2c, 0x26, 0x2c, 
	0x26, 0x27, 0x1b, 0x23, 0x2d, 0x29, 0x28, 0x28, 
	0x2d, 0x28, 0x2d, 0x29, 0x17, 0x17, 0x28, 0x22, 
	0x23, 0x27, 0x26, 0x2c, 0x2c, 0x26, 0x2c, 0x26, 
	0x2c, 0x24, 0x2d, 0x22, 0x22, 0x22, 0x2d, 0x22, 
	0x28, 0x29, 0x22, 0x22, 0x23, 0x27, 0x26, 0x2c, 
	0x27, 0x27, 0x1b, 0x27, 0x27, 0x25, 0x28, 0x29, 
	0x22, 0x29, 0x28, 0x22, 0x29, 0x17, 0x29, 0x22, 
	0x22, 0x2a, 0x1b, 0x27, 0x27, 0x26, 0x26, 0x26, 
	0x27, 0x1b, 0x2e, 0x28, 0x28, 0x28, 0x2d, 0x22, 
	0x28, 0x2d, 0x28, 0x29, 0x22, 0x29, 0x28, 0x2b, 
	0x24, 0x26, 0x26, 0x26, 0x26, 0x26, 0x26, 0x2c, 
	0x1b, 0x2b, 0x29, 0x29, 0x22, 0x29, 0x28, 0x2d, 
	0x28, 0x29, 0x28, 0x2b, 0x24, 0x26, 0x26, 0x26, 
	0x1b, 0x24, 0x24, 0x1b, 0x24, 0x2b, 0x29, 0x22, 
	0x28, 0x28, 0x29, 0x29, 0x22, 0x22, 0x29, 0x29, 
	0x2b, 0x24, 0x27, 0x26, 0x27, 0x26, 0x27, 0x27, 
	0x27, 0x24, 0x2b, 0x28, 0x2d, 0x2d, 0x2d, 0x28, 
	0x2d, 0x28, 0x29, 0x22, 0x22, 0x22, 0x2b, 0x24, 
	0x1b, 0x27, 0x26, 0x2c, 0x2c, 0x26, 0x26, 0x27, 
	0x23, 0x22, 0x22, 0x29, 0x28, 0x17, 0x29, 0x22, 
	0x22, 0x28, 0x2b, 0x24, 0x1b, 0x27, 0x26, 0x2c, 
	0x23, 0x25, 0x24, 0x24, 0x2b, 0x29, 0x17, 0x17, 
	0x29, 0x22, 0x29, 0x22, 0x29, 0x29, 0x22, 0x2d, 
	0x23, 0x1b, 0x26, 0x26, 0x26, 0x2c, 0x26, 0x26, 
	0x1b, 0x2b, 0x2d, 0x2d, 0x2d, 0x2d, 0x28, 0x28, 
	0x29, 0x17, 0x17, 0x29, 0x22, 0x28, 0x2a, 0x23, 
	0x25, 0x27, 0x27, 0x26, 0x26, 0x26, 0x1b, 0x23, 
	0x2d, 0x29, 0x22, 0x29, 0x28, 0x17, 0x17, 0x29, 
	0x22, 0x22, 0x2a, 0x23, 0x25, 0x27, 0x27, 0x26, 
	0x23, 0x23, 0x24, 0x23, 0x29, 0x17, 0x17, 0x17, 
	0x17, 0x29, 0x22, 0x22, 0x22, 0x17, 0x22, 0x2a, 
	0x24, 0x27, 0x27, 0x26, 0x26, 0x26, 0x26, 0x1b, 
	0x23, 0x2d, 0x2d, 0x2d, 0x2d, 0x28, 0x29, 0x17, 
	0x17, 0x17, 0x22, 0x29, 0x29, 0x2a, 0x24, 0x23, 
	0x23, 0x24, 0x25, 0x1b, 0x1b, 0x27, 0x24, 0x28, 
	0x29, 0x22, 0x29, 0x22, 0x29, 0x17, 0x22, 0x29, 
	0x22, 0x2a, 0x24, 0x23, 0x23, 0x1b, 0x25, 0x1b, 
	0x23, 0x23, 0x2a, 0x22, 0x17, 0x17, 0x22, 0x22, 
	0x17, 0x17, 0x29, 0x22, 0x29, 0x17, 0x2d, 0x2a, 
	0x23, 0x1b, 0x1b, 0x27, 0x1b, 0x24, 0x25, 0x23, 
	0x2d, 0x2d, 0x28, 0x2d, 0x28, 0x29, 0x22, 0x17, 
	0x17, 0x17, 0x29, 0x22, 0x2b, 0x2a, 0x25, 0x23, 
	0x23, 0x23, 0x23, 0x24, 0x25, 0x2a, 0x2b, 0x28, 
	0x22, 0x29, 0x17, 0x17, 0x17, 0x17, 0x29, 0x22, 
	0x2d, 0x2a, 0x23, 0x23, 0x23, 0x23, 0x23, 0x24, 
	0x23, 0x23, 0x22, 0x22, 0x22, 0x17, 0x29, 0x17, 
	0x17, 0x22, 0x17, 0x17, 0x17, 0x22, 0x25, 0x24, 
	0x2a, 0x24, 0x25, 0x25, 0x25, 0x24, 0x2e, 0x2d, 
	0x29, 0x28, 0x29, 0x29, 0x29, 0x17, 0x17, 0x17, 
	0x17, 0x17, 0x29, 0x22, 0x2a, 0x25, 0x25, 0x23, 
	0x23, 0x23, 0x2a, 0x23, 0x2a, 0x2d, 0x29, 0x17, 
	0x17, 0x17, 0x17, 0x29, 0x22, 0x22, 0x17, 0x22, 
	0x2a, 0x23, 0x23, 0x2a, 0x23, 0x23, 0x23, 0x23, 
	0x23, 0x2a, 0x29, 0x17, 0x17, 0x29, 0x22, 0x17, 
	0x17, 0x17, 0x17, 0x17, 0x29, 0x2a, 0x25, 0x1b, 
	0x1b, 0x27, 0x1b, 0x24, 0x25, 0x1b, 0x24, 0x2d, 
	0x29, 0x2b, 0x29, 0x28, 0x22, 0x17, 0x17, 0x17, 
	0x17, 0x28, 0x25, 0x24, 0x25, 0x24, 0x23, 0x2a, 
	0x23, 0x23, 0x2a, 0x2b, 0x29, 0x17, 0x17, 0x17, 
	0x17, 0x22, 0x29, 0x22, 0x29, 0x17, 0x29, 0x2a, 
	0x23, 0x23, 0x23, 0x2a, 0x2a, 0x2b, 0x2b, 0x23, 
	0x25, 0x22, 0x17, 0x17, 0x17, 0x22, 0x28, 0x29, 
	0x17, 0x17, 0x17, 0x29, 0x2d, 0x2a, 0x23, 0x24, 
	0x25, 0x27, 0x27, 0x27, 0x1b, 0x1b, 0x2e, 0x22, 
	0x17, 0x29, 0x17, 0x17, 0x17, 0x17, 0x17, 0x17, 
	0x29, 0x28, 0x1b, 0x25, 0x23, 0x23, 0x25, 0x24, 
	0x24, 0x25, 0x23, 0x28, 0x17, 0x17, 0x17, 0x22, 
	0x29, 0x28, 0x29, 0x22, 0x17, 0x17, 0x29, 0x23, 
	0x1b, 0x1b, 0x1b, 0x1b, 0x24, 0x23, 0x23, 0x23, 
	0x2a, 0x29, 0x17, 0x28, 0x17, 0x29, 0x28, 0x28, 
	0x22, 0x17, 0x17, 0x2d, 0x23, 0x23, 0x23, 0x25, 
	0x23, 0x1b, 0x27, 0x27, 0x1b, 0x2e, 0x22, 0x17, 
	0x17, 0x17, 0x17, 0x17, 0x17, 0x17, 0x29, 0x22, 
	0x22, 0x23, 0x1b, 0x24, 0x23, 0x23, 0x24, 0x1b, 
	0x27, 0x24, 0x2b, 0x22, 0x17, 0x17, 0x17, 0x17, 
	0x17, 0x28, 0x22, 0x29, 0x17, 0x17, 0x2b, 0x24, 
	0x27, 0x26, 0x26, 0x27, 0x27, 0x27, 0x2c, 0x26, 
	0x29, 0x17, 0x29, 0x22, 0x17, 0x29, 0x22, 0x29, 
	0x17, 0x17, 0x22, 0x23, 0x24, 0x25, 0x24, 0x1b, 
	0x25, 0x1b, 0x27, 0x1b, 0x2a, 0x22, 0x17, 0x17, 
	0x28, 0x29, 0x28, 0x22, 0x29, 0x29, 0x22, 0x22, 
	0x2a, 0x23, 0x1b, 0x25, 0x23, 0x23, 0x2a, 0x23, 
	0x24, 0x2a, 0x29, 0x17, 0x17, 0x17, 0x17, 0x17, 
	0x17, 0x17, 0x17, 0x17, 0x17, 0x22, 0x24, 0x26, 
	0x26, 0x26, 0x26, 0x26, 0x26, 0x26, 0x26, 0x1b, 
	0x29, 0x22, 0x22, 0x29, 0x17, 0x22, 0x22, 0x22, 
	0x17, 0x29, 0x2a, 0x27, 0x27, 0x1b, 0x27, 0x27, 
	0x1b, 0x27, 0x27, 0x24, 0x2b, 0x28, 0x28, 0x29, 
	0x28, 0x28, 0x28, 0x29, 0x22, 0x28, 0x2d, 0x2a, 
	0x23, 0x23, 0x1b, 0x1b, 0x24, 0x25, 0x24, 0x23, 
	0x2a, 0x22, 0x17, 0x17, 0x17, 0x17, 0x17, 0x17, 
	0x22, 0x17, 0x17, 0x17, 0x22, 0x23, 0x27, 0x26, 
	0x26, 0x26, 0x26, 0x2c, 0x26, 0x27, 0x24, 0x2b, 
	0x28, 0x29, 0x29, 0x22, 0x29, 0x29, 0x22, 0x17, 
	0x17, 0x2b, 0x1b, 0x26, 0x27, 0x26, 0x27, 0x26, 
	0x26, 0x26, 0x24, 0x2b, 0x2d, 0x2d, 0x2d, 0x28, 
	0x29, 0x29, 0x29, 0x17, 0x29, 0x29, 0x2b, 0x23, 
	0x23, 0x25, 0x1b, 0x27, 0x1b, 0x25, 0x24, 0x2a, 
	0x22, 0x17, 0x29, 0x22, 0x29, 0x28, 0x22, 0x29, 
	0x17, 0x17, 0x17, 0x29, 0x2a, 0x27, 0x26, 0x2c, 
	0x26, 0x2c, 0x2c, 0x26, 0x2c, 0x27, 0x23, 0x29, 
	0x2d, 0x28, 0x22, 0x22, 0x22, 0x17, 0x29, 0x17, 
	0x22, 0x24, 0x26, 0x2c, 0x26, 0x26, 0x26, 0x2c, 
	0x2c, 0x1b, 0x2b, 0x2d, 0x28, 0x28, 0x22, 0x28, 
	0x28, 0x28, 0x28, 0x28, 0x22, 0x2d, 0x24, 0x1b, 
	0x1b, 0x27, 0x26, 0x27, 0x27, 0x1b, 0x24, 0x2b, 
	0x28, 0x29, 0x22, 0x28, 0x29, 0x17, 0x29, 0x22, 
	0x29, 0x17, 0x29, 0x2b, 0x1b, 0x26, 0x26, 0x26, 
	0x2c, 0x26, 0x26, 0x26, 0x27, 0x23, 0x2d, 0x17, 
	0x2d, 0x2d, 0x22, 0x28, 0x2d, 0x29, 0x22, 0x2b, 
	0x23, 0x27, 0x26, 0x26, 0x2c, 0x26, 0x2c, 0x2c, 
	0x27, 0x23, 0x29, 0x17, 0x29, 0x29, 0x22, 0x29, 
	0x29, 0x17, 0x29, 0x22, 0x2d, 0x24, 0x26, 0x26, 
	0x27, 0x26, 0x26, 0x27, 0x27, 0x1b, 0x2a, 0x22, 
	0x2d, 0x28, 0x29, 0x29, 0x28, 0x28, 0x28, 0x29, 
	0x28, 0x17, 0x2b, 0x24, 0x26, 0x2c, 0x26, 0x2c, 
	0x26, 0x26, 0x26, 0x26, 0x24, 0x28, 0x22, 0x29, 
	0x2d, 0x2d, 0x28, 0x2d, 0x28, 0x28, 0x28, 0x23, 
	0x1b, 0x26, 0x26, 0x26, 0x26, 0x27, 0x26, 0x26, 
	0x25, 0x22, 0x17, 0x17, 0x22, 0x29, 0x17, 0x17, 
	0x22, 0x29, 0x22, 0x28, 0x2a, 0x1b, 0x26, 0x2c, 
	0x26, 0x2c, 0x26, 0x27, 0x1b, 0x23, 0x2d, 0x29, 
	0x28, 0x28, 0x2d, 0x28, 0x2d, 0x22, 0x28, 0x29, 
	0x28, 0x22, 0x23, 0x27, 0x26, 0x2c, 0x2c, 0x26, 
	0x2c, 0x26, 0x2c, 0x24, 0x2d, 0x22, 0x22, 0x22, 
	0x28, 0x2d, 0x28, 0x29, 0x29, 0x2d, 0x2a, 0x1b, 
	0x27, 0x27, 0x27, 0x27, 0x1b, 0x27, 0x27, 0x24, 
	0x28, 0x17, 0x22, 0x29, 0x28, 0x22, 0x29, 0x17, 
	0x29, 0x22, 0x29, 0x23, 0x24, 0x27, 0x27, 0x26, 
	0x26, 0x26, 0x27, 0x1b, 0x23, 0x28, 0x28, 0x28, 
	0x2d, 0x22, 0x28, 0x2d, 0x2d, 0x2d, 0x22, 0x29, 
	0x28, 0x2b, 0x24, 0x26, 0x26, 0x26, 0x26, 0x26, 
	0x26, 0x2c, 0x1b, 0x2b, 0x29, 0x29, 0x22, 0x29, 
	0x29, 0x22, 0x22, 0x28, 0x28, 0x2b, 0x24, 0x1b, 
	0x27, 0x1b, 0x1b, 0x1b, 0x24, 0x1b, 0x24, 0x2b, 
	0x17, 0x17, 0x29, 0x22, 0x29, 0x29, 0x22, 0x22, 
	0x29, 0x29, 0x2b, 0x24, 0x27, 0x26, 0x27, 0x26, 
	0x27, 0x27, 0x27, 0x24, 0x2b, 0x2d, 0x2d, 0x2d, 
	0x2d, 0x28, 0x2d, 0x28, 0x2d, 0x28, 0x22, 0x28, 
	0x2b, 0x24, 0x1b, 0x27, 0x26, 0x2c, 0x2c, 0x26, 
	0x26, 0x27, 0x23, 0x22, 0x22, 0x29, 0x28, 0x17, 
	0x17, 0x29, 0x22, 0x29, 0x22, 0x2a, 0x24, 0x25, 
	0x24, 0x25, 0x23, 0x25, 0x24, 0x24, 0x2b, 0x29, 
	0x17, 0x17, 0x17, 0x22, 0x29, 0x22, 0x29, 0x29, 
	0x22, 0x2d, 0x23, 0x1b, 0x26, 0x26, 0x26, 0x2c, 
	0x26, 0x26, 0x1b, 0x2b, 0x2d, 0x2d, 0x2d, 0x2d, 
	0x28, 0x2d, 0x28, 0x29, 0x28, 0x29, 0x22, 0x28, 
	0x2a, 0x23, 0x25, 0x27, 0x27, 0x26, 0x26, 0x26, 
	0x1b, 0x23, 0x2d, 0x29, 0x22, 0x29, 0x28, 0x17, 
	0x1f, 0x03, 0x03, 0x0f, 0x15, 0x13, 0x13, 0x13, 
	0x13, 0x13, 0x13, 0x13, 0x21, 0x15, 0x0f, 0x03, 
	0x03, 0x03, 0x03, 0x0f, 0x1f, 0x1f, 0x1f, 0x03, 
	0x1f, 0x15, 0x21, 0x1b, 0x1b, 0x1c, 0x1c, 0x1c, 
	0x1c, 0x1a, 0x13, 0x19, 0x19, 0x19, 0x19, 0x1e, 
	0x0f, 0x0f, 0x1f, 0x0f, 0x1f, 0x0f, 0x1f, 0x15, 
	0x0c, 0x0c, 0x13, 0x1a, 0x0c, 0x1a, 0x1a, 0x1b, 
	0x21, 0x1f, 0x0f, 0x1f, 0x03, 0x03, 0x03, 0x03, 
	0x16, 0x0e, 0x16, 0x1f, 0x10, 0x15, 0x15, 0x10, 
	0x18, 0x10, 0x15, 0x15, 0x10, 0x0f, 0x0e, 0x16, 
	0x0e, 0x0e, 0x0e, 0x0e, 0x16, 0x0f, 0x16, 0x0e, 
	0x1f, 0x18, 0x15, 0x14, 0x14, 0x1a, 0x14, 0x11, 
	0x11, 0x15, 0x1f, 0x1f, 0x17, 0x1f, 0x17, 0x16, 
	0x0f, 0x0e, 0x0e, 0x0e, 0x16, 0x0f, 0x1f, 0x15, 
	0x15, 0x15, 0x10, 0x15, 0x15, 0x11, 0x13, 0x10, 
	0x18, 0x17, 0x0f, 0x16, 0x0e, 0x0e, 0x0e, 0x0e, 
	0x0b, 0x03, 0x0b, 0x05, 0x0a, 0x0a, 0x09, 0x09, 
	0x07, 0x09, 0x0a, 0x05, 0x0b, 0x01, 0x08, 0x0b, 
	0x07, 0x08, 0x02, 0x03, 0x01, 0x02, 0x01, 0x0b, 
	0x0c, 0x2f, 0x05, 0x06, 0x06, 0x06, 0x06, 0x04, 
	0x07, 0x0b, 0x08, 0x03, 0x08, 0x01, 0x02, 0x02, 
	0x08, 0x02, 0x01, 0x01, 0x01, 0x08, 0x09, 0x0a, 
	0x0a, 0x09, 0x09, 0x09, 0x09, 0x0a, 0x09, 0x0b, 
	0x02, 0x01, 0x01, 0x01, 0x0b, 0x01, 0x03, 0x01, 
	0x00, 0x00, 0x00, 0x00, 0x00, 0x00, 0x00, 0x00, 
	0x00, 0x00, 0x00, 0x00, 0x00, 0x00, 0x00, 0x00, 
	0x00, 0x00, 0x00, 0x00, 0x00, 0x00, 0x00, 0x00, 
	0x00, 0x00, 0x00, 0x00, 0x00, 0x00, 0x00, 0x00, 
	0x00, 0x00, 0x00, 0x00, 0x00, 0x00, 0x00, 0x00, 
	0x00, 0x00, 0x00, 0x00, 0x00, 0x00, 0x00, 0x00, 
	0x00, 0x00, 0x00, 0x00, 0x00, 0x00, 0x00, 0x00, 
	0x00, 0x00, 0x00, 0x00, 0x00, 0x00, 0x00, 0x00, 
	
};

Gfx car_WarningCaution_pal_rgba16_aligner[] = {gsSPEndDisplayList()};
u8 car_WarningCaution_pal_rgba16[] = {
	0x00, 0x01, 0x10, 0x41, 0x18, 0x81, 0x29, 0x05, 
	0xa3, 0x81, 0x62, 0x47, 0x93, 0x01, 0x51, 0xc1, 
	0x20, 0xc3, 0x72, 0x41, 0x7a, 0x81, 0x39, 0x45, 
	0xab, 0xc1, 0xc4, 0x41, 0x18, 0x83, 0x31, 0x47, 
	0x82, 0xc1, 0xb3, 0xc1, 0x72, 0xc9, 0x9b, 0x41, 
	0xbc, 0x01, 0x8b, 0x01, 0x21, 0x03, 0x39, 0x89, 
	0x5a, 0x45, 0x52, 0x4b, 0xcc, 0x83, 0xdc, 0xc3, 
	0xe5, 0x03, 0x7b, 0x0d, 0x4a, 0x0b, 0x41, 0xc9, 
	0x6a, 0x89, 0xc4, 0x43, 0x4a, 0x0d, 0xab, 0xc3, 
	0xcc, 0x85, 0xbc, 0x03, 0xf5, 0x85, 0xed, 0x45, 
	0x52, 0x4f, 0x41, 0xcb, 0x9b, 0x85, 0x7b, 0x0b, 
	0xfd, 0xc7, 0x62, 0x8f, 0x8b, 0x91, 0x73, 0x57, 
	
};

Gfx car_Bridge_ci8_aligner[] = {gsSPEndDisplayList()};
u8 car_Bridge_ci8[] = {
	0x00, 0x01, 0x01, 0x02, 0x03, 0x04, 0x04, 0x04, 
	0x05, 0x06, 0x07, 0x07, 0x08, 0x09, 0x08, 0x08, 
	0x0a, 0x0a, 0x0a, 0x0a, 0x0a, 0x0a, 0x0a, 0x0a, 
	0x0b, 0x0b, 0x0b, 0x0b, 0x0c, 0x0c, 0x0c, 0x0c, 
	0x01, 0x08, 0x08, 0x08, 0x0d, 0x04, 0x04, 0x04, 
	0x05, 0x07, 0x07, 0x07, 0x08, 0x09, 0x09, 0x09, 
	0x09, 0x09, 0x08, 0x08, 0x08, 0x09, 0x09, 0x09, 
	0x09, 0x09, 0x09, 0x09, 0x0e, 0x0e, 0x0c, 0x0c, 
	0x02, 0x08, 0x08, 0x08, 0x0d, 0x04, 0x04, 0x04, 
	0x05, 0x07, 0x07, 0x07, 0x09, 0x0f, 0x0f, 0x0f, 
	0x10, 0x10, 0x09, 0x09, 0x09, 0x10, 0x10, 0x10, 
	0x10, 0x10, 0x11, 0x11, 0x11, 0x12, 0x12, 0x12, 
	0x01, 0x02, 0x08, 0x08, 0x0d, 0x04, 0x04, 0x13, 
	0x05, 0x07, 0x11, 0x11, 0x14, 0x14, 0x14, 0x14, 
	0x10, 0x10, 0x10, 0x10, 0x10, 0x10, 0x10, 0x10, 
	0x11, 0x11, 0x11, 0x11, 0x11, 0x11, 0x11, 0x11, 
	0x15, 0x0d, 0x16, 0x16, 0x0d, 0x17, 0x18, 0x18, 
	0x19, 0x07, 0x14, 0x14, 0x0f, 0x0f, 0x0f, 0x0f, 
	0x0f, 0x0f, 0x09, 0x09, 0x0e, 0x08, 0x0e, 0x0e, 
	0x09, 0x0f, 0x14, 0x14, 0x1a, 0x1b, 0x1b, 0x1c, 
	0x15, 0x0d, 0x16, 0x09, 0x0d, 0x1d, 0x18, 0x1d, 
	0x19, 0x07, 0x09, 0x09, 0x09, 0x09, 0x09, 0x09, 
	0x09, 0x09, 0x09, 0x08, 0x07, 0x07, 0x07, 0x07, 
	0x08, 0x09, 0x09, 0x0f, 0x1c, 0x1c, 0x1e, 0x1e, 
	0x15, 0x0d, 0x09, 0x0d, 0x0d, 0x1d, 0x18, 0x17, 
	0x19, 0x07, 0x09, 0x09, 0x08, 0x09, 0x09, 0x0f, 
	0x0f, 0x0f, 0x09, 0x08, 0x07, 0x07, 0x07, 0x08, 
	0x09, 0x0f, 0x0f, 0x0f, 0x1c, 0x1c, 0x1e, 0x1c, 
	0x15, 0x0d, 0x0d, 0x0d, 0x0d, 0x17, 0x18, 0x17, 
	0x19, 0x07, 0x09, 0x09, 0x09, 0x09, 0x0f, 0x14, 
	0x14, 0x0f, 0x09, 0x0f, 0x0e, 0x0e, 0x0e, 0x0f, 
	0x14, 0x14, 0x14, 0x14, 0x1b, 0x1c, 0x1c, 0x1c, 
	0x1f, 0x20, 0x0d, 0x0d, 0x0e, 0x21, 0x22, 0x21, 
	0x23, 0x24, 0x1c, 0x1c, 0x0f, 0x0f, 0x14, 0x14, 
	0x0f, 0x0f, 0x1e, 0x09, 0x1e, 0x1c, 0x1c, 0x1c, 
	0x0f, 0x0f, 0x0f, 0x0f, 0x1c, 0x1c, 0x1c, 0x1c, 
	0x1f, 0x20, 0x0d, 0x1c, 0x0f, 0x21, 0x22, 0x22, 
	0x23, 0x24, 0x1c, 0x1c, 0x0f, 0x0f, 0x0f, 0x0f, 
	0x0f, 0x0f, 0x0f, 0x09, 0x1e, 0x1e, 0x1e, 0x1e, 
	0x09, 0x09, 0x1e, 0x0f, 0x1e, 0x1e, 0x1c, 0x1c, 
	0x1f, 0x20, 0x20, 0x1c, 0x0f, 0x21, 0x22, 0x22, 
	0x23, 0x24, 0x1c, 0x1c, 0x0f, 0x0f, 0x0f, 0x09, 
	0x1e, 0x0f, 0x0f, 0x1e, 0x1c, 0x1b, 0x1b, 0x1e, 
	0x0f, 0x0f, 0x0f, 0x0f, 0x1e, 0x1c, 0x1c, 0x1c, 
	0x1f, 0x20, 0x0d, 0x1c, 0x0f, 0x22, 0x22, 0x22, 
	0x23, 0x25, 0x1c, 0x1c, 0x0f, 0x09, 0x09, 0x09, 
	0x09, 0x26, 0x09, 0x0f, 0x1b, 0x1c, 0x1c, 0x1e, 
	0x1e, 0x0f, 0x0f, 0x1e, 0x1e, 0x1e, 0x1e, 0x1c, 
	0x27, 0x28, 0x29, 0x29, 0x2a, 0x2a, 0x2a, 0x2b, 
	0x2c, 0x0e, 0x1b, 0x1b, 0x2d, 0x2d, 0x2d, 0x2d, 
	0x09, 0x2e, 0x09, 0x09, 0x2e, 0x2e, 0x07, 0x07, 
	0x2e, 0x2e, 0x2e, 0x2e, 0x08, 0x08, 0x08, 0x08, 
	0x27, 0x28, 0x29, 0x29, 0x2a, 0x2a, 0x2a, 0x2b, 
	0x2c, 0x0e, 0x1b, 0x0e, 0x09, 0x2d, 0x2d, 0x2d, 
	0x09, 0x09, 0x07, 0x2e, 0x07, 0x07, 0x0a, 0x0a, 
	0x07, 0x07, 0x07, 0x07, 0x08, 0x08, 0x08, 0x20, 
	0x00, 0x27, 0x27, 0x27, 0x01, 0x2b, 0x2a, 0x2b, 
	0x2c, 0x2f, 0x0e, 0x0e, 0x07, 0x07, 0x07, 0x07, 
	0x07, 0x07, 0x07, 0x07, 0x0a, 0x0a, 0x0a, 0x0a, 
	0x0a, 0x0a, 0x0a, 0x0a, 0x20, 0x06, 0x06, 0x06, 
	0x00, 0x27, 0x00, 0x00, 0x30, 0x2b, 0x2b, 0x2b, 
	0x2f, 0x2f, 0x2f, 0x2f, 0x31, 0x31, 0x31, 0x31, 
	0x31, 0x31, 0x31, 0x31, 0x06, 0x06, 0x06, 0x06, 
	0x06, 0x06, 0x06, 0x06, 0x32, 0x32, 0x32, 0x32, 
	0x33, 0x33, 0x33, 0x33, 0x30, 0x34, 0x2c, 0x34, 
	0x2f, 0x33, 0x2f, 0x2f, 0x01, 0x01, 0x01, 0x01, 
	0x35, 0x35, 0x35, 0x35, 0x35, 0x35, 0x35, 0x35, 
	0x01, 0x01, 0x01, 0x01, 0x32, 0x32, 0x32, 0x32, 
	0x33, 0x33, 0x32, 0x32, 0x30, 0x34, 0x2c, 0x34, 
	0x2f, 0x2f, 0x2f, 0x2f, 0x01, 0x01, 0x01, 0x01, 
	0x35, 0x35, 0x36, 0x36, 0x0a, 0x0a, 0x0a, 0x0a, 
	0x20, 0x20, 0x20, 0x20, 0x0a, 0x0a, 0x0a, 0x0a, 
	0x32, 0x32, 0x02, 0x02, 0x0a, 0x34, 0x34, 0x34, 
	0x2f, 0x0d, 0x0d, 0x0d, 0x37, 0x37, 0x37, 0x37, 
	0x09, 0x1b, 0x1b, 0x1b, 0x10, 0x10, 0x10, 0x10, 
	0x1c, 0x1c, 0x1c, 0x1c, 0x1c, 0x1c, 0x1c, 0x1c, 
	0x32, 0x02, 0x37, 0x37, 0x0a, 0x34, 0x34, 0x34, 
	0x2f, 0x0d, 0x38, 0x38, 0x38, 0x39, 0x39, 0x39, 
	0x1b, 0x1b, 0x1b, 0x1b, 0x1a, 0x1a, 0x1a, 0x1a, 
	0x1a, 0x1a, 0x1a, 0x1a, 0x1a, 0x1a, 0x1a, 0x1a, 
	0x32, 0x06, 0x08, 0x08, 0x07, 0x1d, 0x3a, 0x3a, 
	0x3b, 0x0e, 0x0e, 0x0e, 0x09, 0x1c, 0x1c, 0x1c, 
	0x09, 0x09, 0x09, 0x09, 0x0f, 0x0f, 0x0f, 0x14, 
	0x1a, 0x1a, 0x1a, 0x1a, 0x1a, 0x1a, 0x1a, 0x1b, 
	0x32, 0x06, 0x08, 0x08, 0x07, 0x1d, 0x3a, 0x3a, 
	0x3b, 0x0e, 0x0e, 0x0e, 0x1c, 0x1c, 0x09, 0x09, 
	0x09, 0x09, 0x0e, 0x0e, 0x0f, 0x0f, 0x14, 0x3c, 
	0x3c, 0x1a, 0x1a, 0x1a, 0x1a, 0x1a, 0x1b, 0x16, 
	0x32, 0x06, 0x0a, 0x08, 0x09, 0x1d, 0x3a, 0x3a, 
	0x3d, 0x0e, 0x0e, 0x1a, 0x3e, 0x1c, 0x1c, 0x09, 
	0x09, 0x1b, 0x09, 0x09, 0x0f, 0x0f, 0x14, 0x14, 
	0x1a, 0x1b, 0x1b, 0x1b, 0x16, 0x1b, 0x1c, 0x1c, 
	0x32, 0x06, 0x0a, 0x08, 0x09, 0x1d, 0x3a, 0x1d, 
	0x3d, 0x0e, 0x1a, 0x1a, 0x3e, 0x1c, 0x1c, 0x1c, 
	0x1b, 0x1b, 0x1b, 0x09, 0x09, 0x09, 0x09, 0x09, 
	0x0e, 0x1b, 0x1b, 0x1b, 0x16, 0x16, 0x1c, 0x1c, 
	0x1f, 0x1f, 0x3f, 0x08, 0x40, 0x41, 0x42, 0x41, 
	0x43, 0x0c, 0x0f, 0x0f, 0x0f, 0x0f, 0x0e, 0x0f, 
	0x0f, 0x0e, 0x0f, 0x0f, 0x0f, 0x09, 0x09, 0x09, 
	0x09, 0x14, 0x14, 0x14, 0x1b, 0x1b, 0x1b, 0x09, 
	0x1f, 0x1f, 0x08, 0x08, 0x40, 0x42, 0x42, 0x41, 
	0x43, 0x0c, 0x0f, 0x0f, 0x0e, 0x08, 0x08, 0x07, 
	0x07, 0x07, 0x07, 0x08, 0x09, 0x0f, 0x14, 0x14, 
	0x14, 0x0f, 0x0f, 0x14, 0x1b, 0x1b, 0x1b, 0x09, 
	0x1f, 0x36, 0x08, 0x08, 0x40, 0x42, 0x42, 0x41, 
	0x43, 0x44, 0x0c, 0x0c, 0x07, 0x07, 0x08, 0x07, 
	0x07, 0x07, 0x07, 0x07, 0x08, 0x09, 0x09, 0x09, 
	0x09, 0x08, 0x08, 0x08, 0x09, 0x09, 0x09, 0x0e, 
	0x1f, 0x36, 0x3f, 0x08, 0x45, 0x42, 0x41, 0x41, 
	0x43, 0x44, 0x0c, 0x0c, 0x07, 0x07, 0x08, 0x0e, 
	0x0e, 0x0e, 0x0f, 0x0f, 0x09, 0x09, 0x09, 0x08, 
	0x08, 0x08, 0x08, 0x08, 0x09, 0x09, 0x09, 0x0e, 
	0x35, 0x15, 0x0a, 0x0a, 0x36, 0x34, 0x46, 0x46, 
	0x47, 0x06, 0x48, 0x48, 0x0e, 0x0e, 0x09, 0x09, 
	0x1b, 0x1b, 0x1b, 0x1b, 0x1c, 0x1c, 0x1c, 0x1c, 
	0x0f, 0x0f, 0x0f, 0x0f, 0x08, 0x08, 0x08, 0x08, 
	0x35, 0x0a, 0x0a, 0x0a, 0x36, 0x34, 0x34, 0x34, 
	0x06, 0x06, 0x48, 0x48, 0x0e, 0x0e, 0x0e, 0x0e, 
	0x09, 0x09, 0x09, 0x09, 0x1c, 0x08, 0x08, 0x08, 
	0x07, 0x07, 0x07, 0x07, 0x28, 0x28, 0x28, 0x28, 
	0x35, 0x0a, 0x0a, 0x15, 0x36, 0x33, 0x33, 0x33, 
	0x49, 0x06, 0x06, 0x06, 0x0a, 0x0a, 0x0a, 0x0a, 
	0x36, 0x36, 0x36, 0x36, 0x20, 0x20, 0x20, 0x20, 
	0x06, 0x06, 0x06, 0x06, 0x06, 0x06, 0x06, 0x06, 
	0x35, 0x01, 0x35, 0x35, 0x33, 0x33, 0x33, 0x33, 
	0x49, 0x49, 0x49, 0x49, 0x00, 0x00, 0x00, 0x00, 
	0x35, 0x35, 0x35, 0x35, 0x32, 0x32, 0x32, 0x32, 
	0x32, 0x32, 0x32, 0x32, 0x32, 0x32, 0x32, 0x32, 
	
};

Gfx car_Bridge_pal_rgba16_aligner[] = {gsSPEndDisplayList()};
u8 car_Bridge_pal_rgba16[] = {
	0x59, 0xc7, 0x6a, 0x49, 0x7a, 0xcb, 0x6a, 0x09, 
	0x62, 0xd5, 0x63, 0x15, 0x72, 0x8b, 0x93, 0x4f, 
	0x93, 0x8f, 0x9b, 0xd1, 0x8b, 0x0d, 0x8b, 0x4d, 
	0x8b, 0x4f, 0x93, 0x4d, 0x93, 0x91, 0xa4, 0x13, 
	0xa4, 0x53, 0xac, 0x95, 0x9c, 0x11, 0x7b, 0xdd, 
	0xac, 0x93, 0x7a, 0x89, 0xa4, 0x51, 0x5a, 0x95, 
	0x73, 0x9b, 0x5a, 0xd5, 0xb4, 0x95, 0xac, 0x53, 
	0xa4, 0x11, 0x6b, 0x17, 0xa3, 0xd1, 0x72, 0x49, 
	0x82, 0xcb, 0x52, 0x51, 0x73, 0x59, 0x62, 0xd7, 
	0x72, 0xcf, 0x83, 0x53, 0x9b, 0x91, 0x72, 0x89, 
	0x83, 0x0d, 0x93, 0xd1, 0x8b, 0x97, 0x62, 0x93, 
	0x73, 0x15, 0xac, 0x11, 0x9b, 0x8f, 0x62, 0x4b, 
	0x49, 0xc7, 0x7a, 0xcd, 0x62, 0x09, 0x49, 0x87, 
	0x62, 0x91, 0x62, 0x07, 0x7a, 0x8b, 0x93, 0x8d, 
	0xa3, 0xcf, 0xac, 0x91, 0x4a, 0x51, 0x5a, 0x91, 
	0xbc, 0xd7, 0x83, 0xdb, 0xb4, 0x93, 0x8b, 0x0b, 
	0x9b, 0xd3, 0x7b, 0x9b, 0x5a, 0x93, 0x94, 0x5f, 
	0x6a, 0x8d, 0x8b, 0x51, 0x7b, 0x59, 0x83, 0x99, 
	0x9c, 0x13, 0x49, 0x85, 
};

Gfx car_FENCE_ci8_aligner[] = {gsSPEndDisplayList()};
u8 car_FENCE_ci8[] = {
	0x00, 0x01, 0x02, 0x03, 0x04, 0x05, 0x06, 0x07, 
	0x08, 0x05, 0x05, 0x05, 0x09, 0x04, 0x07, 0x03, 
	0x08, 0x07, 0x0a, 0x0b, 0x04, 0x05, 0x0c, 0x09, 
	0x0d, 0x0e, 0x0f, 0x0a, 0x02, 0x10, 0x11, 0x0e, 
	0x12, 0x00, 0x08, 0x01, 0x01, 0x01, 0x07, 0x13, 
	0x07, 0x14, 0x05, 0x15, 0x11, 0x15, 0x16, 0x07, 
	0x0c, 0x04, 0x04, 0x0b, 0x17, 0x15, 0x18, 0x19, 
	0x11, 0x1a, 0x1b, 0x0c, 0x05, 0x0b, 0x0e, 0x1b, 
	0x01, 0x1c, 0x03, 0x05, 0x1d, 0x1d, 0x08, 0x01, 
	0x02, 0x0e, 0x1e, 0x11, 0x1f, 0x1e, 0x16, 0x0c, 
	0x0c, 0x20, 0x21, 0x20, 0x21, 0x0d, 0x17, 0x0d, 
	0x22, 0x23, 0x17, 0x04, 0x14, 0x1e, 0x24, 0x11, 
	0x25, 0x22, 0x05, 0x1d, 0x15, 0x1d, 0x1d, 0x1d, 
	0x1d, 0x0d, 0x1a, 0x26, 0x27, 0x1e, 0x1a, 0x18, 
	0x0d, 0x28, 0x21, 0x1d, 0x29, 0x2a, 0x24, 0x1f, 
	0x23, 0x2b, 0x24, 0x09, 0x04, 0x04, 0x2c, 0x2d, 
	0x18, 0x22, 0x02, 0x1d, 0x21, 0x05, 0x0d, 0x23, 
	0x18, 0x22, 0x1f, 0x24, 0x0d, 0x18, 0x20, 0x2e, 
	0x2e, 0x29, 0x29, 0x22, 0x29, 0x27, 0x2c, 0x19, 
	0x11, 0x24, 0x2f, 0x0e, 0x02, 0x09, 0x06, 0x23, 
	0x1c, 0x02, 0x10, 0x02, 0x02, 0x20, 0x30, 0x02, 
	0x31, 0x1d, 0x1d, 0x1a, 0x1d, 0x31, 0x29, 0x29, 
	0x29, 0x20, 0x2e, 0x29, 0x2e, 0x32, 0x0d, 0x17, 
	0x1a, 0x1e, 0x17, 0x0e, 0x03, 0x1d, 0x05, 0x0a, 
	0x2c, 0x33, 0x2f, 0x34, 0x35, 0x36, 0x2c, 0x35, 
	0x35, 0x37, 0x2f, 0x35, 0x35, 0x35, 0x2f, 0x35, 
	0x34, 0x35, 0x36, 0x2c, 0x35, 0x35, 0x37, 0x2f, 
	0x35, 0x35, 0x35, 0x2f, 0x35, 0x2c, 0x2f, 0x2f, 
	0x2a, 0x24, 0x24, 0x38, 0x39, 0x39, 0x24, 0x35, 
	0x2f, 0x36, 0x2f, 0x3a, 0x3a, 0x3b, 0x2f, 0x2f, 
	0x38, 0x39, 0x39, 0x24, 0x35, 0x2f, 0x36, 0x2f, 
	0x3a, 0x3a, 0x3b, 0x2f, 0x2f, 0x3b, 0x3c, 0x37, 
	0x3d, 0x3d, 0x3d, 0x3d, 0x3d, 0x3d, 0x3d, 0x3d, 
	0x3d, 0x3d, 0x3d, 0x2f, 0x2a, 0x18, 0x3e, 0x2d, 
	0x2d, 0x27, 0x3e, 0x3e, 0x24, 0x2f, 0x3d, 0x3d, 
	0x3d, 0x3d, 0x3d, 0x3d, 0x3d, 0x3d, 0x3d, 0x3d, 
	0x3d, 0x3d, 0x3d, 0x3d, 0x3d, 0x3d, 0x3d, 0x3d, 
	0x3d, 0x3d, 0x3d, 0x3f, 0x1d, 0x1d, 0x22, 0x40, 
	0x41, 0x29, 0x29, 0x29, 0x22, 0x3f, 0x3d, 0x3d, 
	0x3d, 0x3d, 0x3d, 0x3d, 0x3d, 0x3d, 0x3d, 0x3d, 
	0x3d, 0x3d, 0x3d, 0x3d, 0x3d, 0x3d, 0x3d, 0x3d, 
	0x3d, 0x3d, 0x3d, 0x42, 0x09, 0x16, 0x15, 0x16, 
	0x21, 0x20, 0x1d, 0x22, 0x2e, 0x42, 0x3d, 0x3d, 
	0x3d, 0x3d, 0x3d, 0x3d, 0x3d, 0x3d, 0x3d, 0x3d, 
	0x3d, 0x3d, 0x3d, 0x3d, 0x3d, 0x3d, 0x3d, 0x3d, 
	0x3d, 0x3d, 0x3d, 0x25, 0x20, 0x1d, 0x12, 0x00, 
	0x00, 0x12, 0x43, 0x21, 0x2e, 0x25, 0x3d, 0x3d, 
	0x3d, 0x3d, 0x3d, 0x3d, 0x3d, 0x3d, 0x3d, 0x3d, 
	0x3d, 0x3d, 0x3d, 0x3d, 0x3d, 0x3d, 0x3d, 0x3d, 
	0x3d, 0x3d, 0x3d, 0x2d, 0x31, 0x10, 0x12, 0x44, 
	0x44, 0x44, 0x44, 0x10, 0x20, 0x2d, 0x3d, 0x3d, 
	0x3d, 0x3d, 0x3d, 0x3d, 0x3d, 0x3d, 0x3d, 0x3d, 
	0x3d, 0x3d, 0x3d, 0x3d, 0x3d, 0x3d, 0x3d, 0x3d, 
	0x3d, 0x3d, 0x3d, 0x2d, 0x14, 0x0b, 0x24, 0x13, 
	0x10, 0x01, 0x45, 0x25, 0x06, 0x2d, 0x3d, 0x3d, 
	0x3d, 0x3d, 0x3d, 0x3d, 0x3d, 0x3d, 0x3d, 0x3d, 
	0x3d, 0x3d, 0x3d, 0x3d, 0x3d, 0x3d, 0x3d, 0x3d, 
	0x3d, 0x3d, 0x3d, 0x2d, 0x03, 0x08, 0x42, 0x23, 
	0x17, 0x34, 0x2c, 0x0b, 0x11, 0x2d, 0x3d, 0x3d, 
	0x3d, 0x3d, 0x3d, 0x3d, 0x3d, 0x3d, 0x3d, 0x3d, 
	0x3d, 0x3d, 0x3d, 0x3d, 0x3d, 0x3d, 0x3d, 0x3d, 
	0x3d, 0x3d, 0x3d, 0x24, 0x0b, 0x10, 0x27, 0x27, 
	0x1a, 0x46, 0x1f, 0x47, 0x15, 0x24, 0x3d, 0x3d, 
	0x3d, 0x3d, 0x3d, 0x3d, 0x3d, 0x3d, 0x3d, 0x3d, 
	0x3d, 0x3d, 0x3d, 0x3d, 0x3d, 0x3d, 0x3d, 0x3d, 
	0x3d, 0x3d, 0x3d, 0x24, 0x22, 0x0a, 0x45, 0x48, 
	0x34, 0x24, 0x1a, 0x0c, 0x1a, 0x24, 0x3d, 0x3d, 
	0x3d, 0x3d, 0x3d, 0x3d, 0x3d, 0x3d, 0x3d, 0x3d, 
	0x3d, 0x3d, 0x3d, 0x3d, 0x3d, 0x3d, 0x3d, 0x3d, 
	0x3d, 0x3d, 0x3d, 0x38, 0x1e, 0x15, 0x39, 0x3c, 
	0x3c, 0x24, 0x2a, 0x47, 0x1b, 0x38, 0x3d, 0x3d, 
	0x3d, 0x3d, 0x3d, 0x3d, 0x3d, 0x3d, 0x3d, 0x3d, 
	0x3d, 0x3d, 0x3d, 0x3d, 0x3d, 0x3d, 0x3d, 0x3d, 
	0x3d, 0x3d, 0x3d, 0x24, 0x1e, 0x2a, 0x3a, 0x3b, 
	0x37, 0x34, 0x22, 0x0e, 0x45, 0x24, 0x3d, 0x3d, 
	0x3d, 0x3d, 0x3d, 0x3d, 0x3d, 0x3d, 0x3d, 0x3d, 
	0x3d, 0x3d, 0x3d, 0x3d, 0x3d, 0x3d, 0x3d, 0x3d, 
	0x3d, 0x3d, 0x3d, 0x2b, 0x0b, 0x40, 0x2f, 0x3a, 
	0x36, 0x18, 0x30, 0x23, 0x11, 0x2b, 0x3d, 0x3d, 
	0x3d, 0x3d, 0x3d, 0x3d, 0x3d, 0x3d, 0x3d, 0x3d, 
	0x3d, 0x3d, 0x3d, 0x3d, 0x3d, 0x3d, 0x3d, 0x3d, 
	0x3d, 0x3d, 0x3d, 0x25, 0x47, 0x23, 0x2c, 0x34, 
	0x2f, 0x18, 0x1d, 0x1b, 0x2a, 0x25, 0x3d, 0x3d, 
	0x3d, 0x3d, 0x3d, 0x3d, 0x3d, 0x3d, 0x3d, 0x3d, 
	0x3d, 0x3d, 0x3d, 0x3d, 0x3d, 0x3d, 0x3d, 0x3d, 
	0x3d, 0x3d, 0x3d, 0x25, 0x07, 0x04, 0x24, 0x24, 
	0x46, 0x15, 0x0b, 0x22, 0x0d, 0x25, 0x3d, 0x3d, 
	0x3d, 0x3d, 0x3d, 0x3d, 0x3d, 0x3d, 0x3d, 0x3d, 
	0x3d, 0x3d, 0x3d, 0x3d, 0x3d, 0x3d, 0x3d, 0x3d, 
	0x3d, 0x3d, 0x3d, 0x1f, 0x03, 0x01, 0x24, 0x42, 
	0x0d, 0x23, 0x22, 0x1a, 0x2a, 0x1f, 0x3d, 0x3d, 
	0x3d, 0x3d, 0x3d, 0x3d, 0x3d, 0x3d, 0x3d, 0x3d, 
	0x3d, 0x3d, 0x3d, 0x3d, 0x3d, 0x3d, 0x3d, 0x3d, 
	0x3d, 0x3d, 0x3d, 0x42, 0x13, 0x10, 0x0d, 0x42, 
	0x16, 0x09, 0x11, 0x0d, 0x11, 0x42, 0x3d, 0x3d, 
	0x3d, 0x3d, 0x3d, 0x3d, 0x3d, 0x3d, 0x3d, 0x3d, 
	0x3d, 0x3d, 0x3d, 0x3d, 0x3d, 0x3d, 0x3d, 0x3d, 
	0x3d, 0x3d, 0x3d, 0x42, 0x01, 0x1c, 0x04, 0x1a, 
	0x0d, 0x0e, 0x23, 0x0e, 0x22, 0x42, 0x3d, 0x3d, 
	0x3d, 0x3d, 0x3d, 0x3d, 0x3d, 0x3d, 0x3d, 0x3d, 
	0x3d, 0x3d, 0x3d, 0x3d, 0x3d, 0x3d, 0x3d, 0x3d, 
	0x3d, 0x3d, 0x3d, 0x42, 0x04, 0x02, 0x05, 0x17, 
	0x0d, 0x16, 0x0e, 0x09, 0x20, 0x42, 0x3d, 0x3d, 
	0x3d, 0x3d, 0x3d, 0x3d, 0x3d, 0x3d, 0x3d, 0x3d, 
	0x3d, 0x3d, 0x3d, 0x3d, 0x3d, 0x3d, 0x3d, 0x3d, 
	0x3d, 0x3d, 0x3d, 0x42, 0x03, 0x13, 0x07, 0x27, 
	0x0d, 0x0d, 0x15, 0x02, 0x16, 0x42, 0x3d, 0x3d, 
	0x3d, 0x3d, 0x3d, 0x3d, 0x3d, 0x3d, 0x3d, 0x3d, 
	0x3d, 0x3d, 0x3d, 0x3d, 0x3d, 0x3d, 0x3d, 0x3d, 
	0x3d, 0x3d, 0x3d, 0x42, 0x1d, 0x04, 0x03, 0x49, 
	0x2a, 0x0b, 0x0c, 0x15, 0x09, 0x42, 0x3d, 0x3d, 
	0x3d, 0x3d, 0x3d, 0x3d, 0x3d, 0x3d, 0x3d, 0x3d, 
	0x3d, 0x3d, 0x3d, 0x3d, 0x3d, 0x3d, 0x3d, 0x3d, 
	0x3d, 0x3d, 0x3d, 0x1f, 0x07, 0x05, 0x0e, 0x23, 
	0x0d, 0x02, 0x05, 0x0a, 0x09, 0x1f, 0x3d, 0x3d, 
	0x3d, 0x3d, 0x3d, 0x3d, 0x3d, 0x3d, 0x3d, 0x3d, 
	0x3d, 0x3d, 0x3d, 0x3d, 0x3d, 0x3d, 0x3d, 0x3d, 
	0x3d, 0x3d, 0x3d, 0x42, 0x04, 0x0b, 0x11, 0x1a, 
	0x0c, 0x07, 0x0c, 0x0c, 0x0d, 0x42, 0x3d, 0x3d, 
	0x3d, 0x3d, 0x3d, 0x3d, 0x3d, 0x3d, 0x3d, 0x3d, 
	0x3d, 0x3d, 0x3d, 0x3d, 0x3d, 0x3d, 0x3d, 0x3d, 
	0x3d, 0x3d, 0x3d, 0x46, 0x07, 0x07, 0x17, 0x42, 
	0x0d, 0x16, 0x30, 0x1d, 0x1e, 0x46, 0x3d, 0x3d, 
	0x3d, 0x3d, 0x3d, 0x3d, 0x3d, 0x3d, 0x3d, 0x3d, 
	0x3d, 0x3d, 0x3d, 0x3d, 0x3d, 0x3d, 0x3d, 0x3d, 
	0x3d, 0x3d, 0x3d, 0x4a, 0x47, 0x0b, 0x17, 0x1a, 
	0x16, 0x04, 0x02, 0x1d, 0x1d, 0x4a, 0x3d, 0x3d, 
	0x3d, 0x3d, 0x3d, 0x3d, 0x3d, 0x3d, 0x3d, 0x3d, 
	0x3d, 0x3d, 0x3d, 0x3d, 0x3d, 0x3d, 0x3d, 0x3d, 
	0x3d, 0x3d, 0x3d, 0x27, 0x11, 0x11, 0x17, 0x49, 
	0x16, 0x05, 0x07, 0x15, 0x1e, 0x27, 0x3d, 0x3d, 
	0x3d, 0x3d, 0x3d, 0x3d, 0x3d, 0x3d, 0x3d, 0x3d, 
	0x3d, 0x3d, 0x3d, 0x3d, 0x3d, 0x3d, 0x3d, 0x3d, 
	0x3d, 0x3d, 0x3d, 0x27, 0x19, 0x2a, 0x1a, 0x49, 
	0x2a, 0x0c, 0x05, 0x47, 0x0c, 0x27, 0x3d, 0x3d, 
	0x3d, 0x3d, 0x3d, 0x3d, 0x3d, 0x3d, 0x3d, 0x3d, 
	0x3d, 0x3d, 0x3d, 0x3d, 0x3d, 0x3d, 0x3d, 0x3d, 
	0x3d, 0x3d, 0x3d, 0x1a, 0x27, 0x2d, 0x4b, 0x0d, 
	0x11, 0x15, 0x22, 0x10, 0x05, 0x1a, 0x3d, 0x3d, 
	0x3d, 0x3d, 0x3d, 0x3d, 0x3d, 0x3d, 0x3d, 0x3d, 
	0x3d, 0x3d, 0x3d, 0x3d, 0x3d, 0x3d, 0x3d, 0x3d, 
	0x3d, 0x3d, 0x3d, 0x32, 0x2a, 0x17, 0x0d, 0x0d, 
	0x41, 0x22, 0x30, 0x02, 0x13, 0x32, 0x3d, 0x3d, 
	0x3d, 0x3d, 0x3d, 0x3d, 0x3d, 0x3d, 0x3d, 0x3d, 
	0x3d, 0x3d, 0x3d, 0x3d, 0x3d, 0x3d, 0x3d, 0x3d, 
	0x3d, 0x3d, 0x3d, 0x1f, 0x22, 0x20, 0x0d, 0x1a, 
	0x23, 0x0d, 0x05, 0x09, 0x05, 0x1f, 0x3d, 0x3d, 
	0x3d, 0x3d, 0x3d, 0x3d, 0x3d, 0x3d, 0x3d, 0x3d, 
	0x3d, 0x3d, 0x3d, 0x3d, 0x3d, 0x3d, 0x3d, 0x3d, 
	0x3d, 0x3d, 0x3d, 0x3e, 0x02, 0x16, 0x17, 0x15, 
	0x20, 0x0c, 0x20, 0x20, 0x40, 0x3e, 0x3d, 0x3d, 
	0x3d, 0x3d, 0x3d, 0x3d, 0x3d, 0x3d, 0x3d, 0x3d, 
	0x3d, 0x3d, 0x3d, 0x3d, 0x3d, 0x3d, 0x3d, 0x3d, 
	0x3d, 0x3d, 0x3d, 0x24, 0x4c, 0x31, 0x15, 0x0d, 
	0x15, 0x22, 0x1d, 0x40, 0x2d, 0x24, 0x3d, 0x3d, 
	0x3d, 0x3d, 0x3d, 0x3d, 0x3d, 0x3d, 0x3d, 0x3d, 
	0x3d, 0x3d, 0x3d, 0x3d, 0x3d, 0x3d, 0x3d, 0x3d, 
	0x3d, 0x3d, 0x3d, 0x2c, 0x1c, 0x4c, 0x0c, 0x23, 
	0x0e, 0x0c, 0x40, 0x41, 0x42, 0x2c, 0x3d, 0x3d, 
	0x3d, 0x3d, 0x3d, 0x3d, 0x3d, 0x3d, 0x3d, 0x3d, 
	0x3d, 0x3d, 0x3d, 0x3d, 0x3d, 0x3d, 0x3d, 0x3d, 
	0x3d, 0x3d, 0x3d, 0x2c, 0x1c, 0x4d, 0x0b, 0x09, 
	0x09, 0x0a, 0x22, 0x27, 0x27, 0x2c, 0x3d, 0x3d, 
	0x3d, 0x3d, 0x3d, 0x3d, 0x3d, 0x3d, 0x3d, 0x3d, 
	0x3d, 0x3d, 0x3d, 0x3d, 0x3d, 0x3d, 0x3d, 0x3d, 
	0x3d, 0x3d, 0x3d, 0x38, 0x30, 0x2a, 0x03, 0x14, 
	0x0b, 0x0a, 0x0d, 0x0d, 0x49, 0x38, 0x3d, 0x3d, 
	0x3d, 0x3d, 0x3d, 0x3d, 0x3d, 0x3d, 0x3d, 0x3d, 
	0x3d, 0x3d, 0x3d, 0x3d, 0x3d, 0x3d, 0x3d, 0x3d, 
	0x3d, 0x3d, 0x3d, 0x26, 0x23, 0x47, 0x0a, 0x07, 
	0x0a, 0x0a, 0x47, 0x19, 0x17, 0x26, 0x3d, 0x3d, 
	0x3d, 0x3d, 0x3d, 0x3d, 0x3d, 0x3d, 0x3d, 0x3d, 
	0x3d, 0x3d, 0x3d, 0x3d, 0x3d, 0x3d, 0x3d, 0x3d, 
	0x3d, 0x3d, 0x3d, 0x2c, 0x05, 0x07, 0x4e, 0x03, 
	0x09, 0x0a, 0x47, 0x11, 0x45, 0x2c, 0x3d, 0x3d, 
	0x3d, 0x3d, 0x3d, 0x3d, 0x3d, 0x3d, 0x3d, 0x3d, 
	0x3d, 0x3d, 0x3d, 0x3d, 0x3d, 0x3d, 0x3d, 0x3d, 
	0x3d, 0x3d, 0x3d, 0x24, 0x0b, 0x04, 0x14, 0x08, 
	0x03, 0x4f, 0x0b, 0x0b, 0x17, 0x24, 0x3d, 0x3d, 
	0x3d, 0x3d, 0x3d, 0x3d, 0x3d, 0x3d, 0x3d, 0x3d, 
	0x3d, 0x3d, 0x3d, 0x3d, 0x3d, 0x3d, 0x3d, 0x3d, 
	0x3d, 0x3d, 0x3d, 0x50, 0x07, 0x09, 0x03, 0x0e, 
	0x17, 0x17, 0x47, 0x0c, 0x40, 0x50, 0x3d, 0x3d, 
	0x3d, 0x3d, 0x3d, 0x3d, 0x3d, 0x3d, 0x3d, 0x3d, 
	0x3d, 0x3d, 0x3d, 0x3d, 0x3d, 0x3d, 0x3d, 0x3d, 
	0x3d, 0x3d, 0x3d, 0x46, 0x47, 0x4f, 0x17, 0x37, 
	0x3a, 0x36, 0x05, 0x03, 0x2d, 0x46, 0x3d, 0x3d, 
	0x3d, 0x3d, 0x3d, 0x3d, 0x3d, 0x3d, 0x3d, 0x3d, 
	0x3d, 0x3d, 0x3d, 0x3d, 0x3d, 0x3d, 0x3d, 0x3d, 
	0x3d, 0x3d, 0x3d, 0x24, 0x1b, 0x11, 0x34, 0x37, 
	0x3b, 0x37, 0x0d, 0x06, 0x27, 0x24, 0x3d, 0x3d, 
	0x3d, 0x3d, 0x3d, 0x3d, 0x3d, 0x3d, 0x3d, 0x3d, 
	0x3d, 0x3d, 0x3d, 0x3d, 0x3d, 0x3d, 0x3d, 0x3d, 
	0x3d, 0x3d, 0x3d, 0x38, 0x0c, 0x19, 0x51, 0x34, 
	0x34, 0x39, 0x25, 0x19, 0x49, 0x38, 0x3d, 0x3d, 
	0x3d, 0x3d, 0x3d, 0x3d, 0x3d, 0x3d, 0x3d, 0x3d, 
	0x3d, 0x3d, 0x3d, 0x3d, 0x3d, 0x3d, 0x3d, 0x3d, 
	0x3d, 0x3d, 0x3d, 0x26, 0x47, 0x27, 0x04, 0x51, 
	0x04, 0x0d, 0x42, 0x19, 0x1e, 0x26, 0x3d, 0x3d, 
	0x3d, 0x3d, 0x3d, 0x3d, 0x3d, 0x3d, 0x3d, 0x3d, 
	0x3d, 0x3d, 0x3d, 0x3d, 0x3d, 0x3d, 0x3d, 0x3d, 
	0x3d, 0x3d, 0x3d, 0x24, 0x0d, 0x04, 0x00, 0x00, 
	0x03, 0x08, 0x12, 0x01, 0x0d, 0x24, 0x3d, 0x3d, 
	0x3d, 0x3d, 0x3d, 0x3d, 0x3d, 0x3d, 0x3d, 0x3d, 
	0x3d, 0x3d, 0x3d, 0x3d, 0x3d, 0x3d, 0x3d, 0x3d, 
	0x3d, 0x3d, 0x3d, 0x42, 0x0d, 0x05, 0x52, 0x44, 
	0x00, 0x43, 0x00, 0x12, 0x40, 0x42, 0x3d, 0x3d, 
	0x3d, 0x3d, 0x3d, 0x3d, 0x3d, 0x3d, 0x3d, 0x3d, 
	0x3d, 0x3d, 0x3d, 0x3d, 0x3d, 0x3d, 0x3d, 0x3d, 
	0x3d, 0x3d, 0x3d, 0x42, 0x05, 0x23, 0x02, 0x00, 
	0x00, 0x01, 0x00, 0x01, 0x11, 0x42, 0x3d, 0x3d, 
	0x3d, 0x3d, 0x3d, 0x3d, 0x3d, 0x3d, 0x3d, 0x3d, 
	0x3d, 0x3d, 0x3d, 0x3d, 0x3d, 0x3d, 0x3d, 0x3d, 
	0x3d, 0x3d, 0x3d, 0x25, 0x1d, 0x23, 0x27, 0x00, 
	0x44, 0x44, 0x00, 0x05, 0x1d, 0x25, 0x3d, 0x3d, 
	0x3d, 0x3d, 0x3d, 0x3d, 0x3d, 0x3d, 0x3d, 0x3d, 
	0x3d, 0x3d, 0x3d, 0x3d, 0x3d, 0x3d, 0x3d, 0x3d, 
	0x3d, 0x3d, 0x3d, 0x19, 0x04, 0x0a, 0x0d, 0x00, 
	0x00, 0x00, 0x04, 0x0a, 0x05, 0x19, 0x3d, 0x3d, 
	0x3d, 0x3d, 0x3d, 0x3d, 0x3d, 0x3d, 0x3d, 0x3d, 
	0x3d, 0x3d, 0x3d, 0x3d, 0x3d, 0x3d, 0x3d, 0x3d, 
	0x3d, 0x3d, 0x3d, 0x2a, 0x40, 0x22, 0x1a, 0x1c, 
	0x10, 0x1d, 0x31, 0x1d, 0x1f, 0x2a, 0x3d, 0x3d, 
	0x3d, 0x3d, 0x3d, 0x3d, 0x3d, 0x3d, 0x3d, 0x3d, 
	0x3d, 0x3d, 0x3d, 0x3d, 0x3d, 0x3d, 0x3d, 0x3d, 
	0x3d, 0x3d, 0x3d, 0x4a, 0x1a, 0x1f, 0x15, 0x4d, 
	0x1c, 0x1d, 0x06, 0x0d, 0x1e, 0x4a, 0x3d, 0x3d, 
	0x3d, 0x3d, 0x3d, 0x3d, 0x3d, 0x3d, 0x3d, 0x3d, 
	0x3d, 0x3d, 0x3d, 0x3d, 0x3d, 0x3d, 0x3d, 0x3d, 
	0x3d, 0x3d, 0x3d, 0x3a, 0x1e, 0x22, 0x40, 0x31, 
	0x1c, 0x03, 0x15, 0x15, 0x1e, 0x3a, 0x3d, 0x3d, 
	0x3d, 0x3d, 0x3d, 0x3d, 0x3d, 0x3d, 0x3d, 0x3d, 
	0x3d, 0x3d, 0x3d, 0x3d, 0x3d, 0x3d, 0x3d, 0x3d, 
	0x3d, 0x3d, 0x3d, 0x2f, 0x0b, 0x1d, 0x20, 0x1c, 
	0x02, 0x1d, 0x03, 0x04, 0x15, 0x2f, 0x3d, 0x3d, 
	0x3d, 0x3d, 0x3d, 0x3d, 0x3d, 0x3d, 0x3d, 0x3d, 
	0x3d, 0x3d, 0x3d, 0x3d, 0x3d, 0x3d, 0x3d, 0x3d, 
	0x3d, 0x3d, 0x3d, 0x2d, 0x40, 0x22, 0x20, 0x1c, 
	0x02, 0x04, 0x4c, 0x1d, 0x29, 0x2d, 0x3d, 0x3d, 
	0x3d, 0x3d, 0x3d, 0x3d, 0x3d, 0x3d, 0x3d, 0x3d, 
	0x3d, 0x3d, 0x3d, 0x3d, 0x3d, 0x3d, 0x3d, 0x3d, 
	0x3d, 0x3d, 0x3d, 0x24, 0x40, 0x22, 0x1a, 0x1c, 
	0x10, 0x1d, 0x31, 0x03, 0x1f, 0x24, 0x3d, 0x3d, 
	0x3d, 0x3d, 0x3d, 0x3d, 0x3d, 0x3d, 0x3d, 0x3d, 
	0x3d, 0x3d, 0x3d, 0x3d, 0x3d, 0x3d, 0x3d, 0x3d, 
	0x3d, 0x3d, 0x3d, 0x42, 0x1a, 0x1f, 0x15, 0x03, 
	0x1c, 0x1d, 0x06, 0x0d, 0x1e, 0x42, 0x3d, 0x3d, 
	0x3d, 0x3d, 0x3d, 0x3d, 0x3d, 0x3d, 0x3d, 0x3d, 
	0x3d, 0x3d, 0x3d, 0x3d, 0x3d, 0x3d, 0x3d, 0x3d, 
	0x3d, 0x3d, 0x3d, 0x53, 0x1e, 0x22, 0x03, 0x31, 
	0x1c, 0x03, 0x15, 0x15, 0x1e, 0x53, 0x3d, 0x3d, 
	0x3d, 0x3d, 0x3d, 0x3d, 0x3d, 0x3d, 0x3d, 0x3d, 
	0x3d, 0x3d, 0x3d, 0x3d, 0x3d, 0x3d, 0x3d, 0x3d, 
	0x3d, 0x3d, 0x3d, 0x27, 0x0b, 0x1d, 0x20, 0x1c, 
	0x02, 0x1d, 0x03, 0x04, 0x15, 0x27, 0x3d, 0x3d, 
	0x3d, 0x3d, 0x3d, 0x3d, 0x3d, 0x3d, 0x3d, 0x3d, 
	
};

Gfx car_FENCE_pal_rgba16_aligner[] = {gsSPEndDisplayList()};
u8 car_FENCE_pal_rgba16[] = {
	0xd6, 0xaf, 0xb5, 0x65, 0xa4, 0x5d, 0x94, 0xa3, 
	0x94, 0xdf, 0x94, 0x1d, 0x8c, 0x1b, 0x94, 0x21, 
	0x9c, 0xe5, 0x93, 0xdf, 0x84, 0x5f, 0x84, 0x1f, 
	0x8b, 0xdb, 0x83, 0x59, 0x7c, 0x5b, 0x6b, 0x9f, 
	0xa5, 0x1f, 0x73, 0x99, 0xd5, 0xeb, 0xad, 0x21, 
	0x8c, 0xe5, 0x83, 0xd7, 0x93, 0x59, 0x6b, 0x1b, 
	0x7b, 0x11, 0x63, 0x17, 0x73, 0x55, 0x73, 0x9f, 
	0xbc, 0xdd, 0x94, 0x59, 0x73, 0x95, 0x62, 0xd5, 
	0x94, 0x17, 0xab, 0xd9, 0x8b, 0x95, 0x7b, 0x9b, 
	0x4a, 0x4f, 0x5a, 0x91, 0x52, 0x53, 0x6a, 0xd5, 
	0x93, 0x17, 0xa3, 0xd3, 0x7a, 0xd7, 0x52, 0xd5, 
	0x49, 0x8d, 0x72, 0x8f, 0x9b, 0x15, 0x41, 0xcb, 
	0xa3, 0xdd, 0xac, 0x57, 0x6b, 0x57, 0x31, 0x4f, 
	0x31, 0xcf, 0x51, 0xc7, 0x39, 0x4d, 0x21, 0x49, 
	0x59, 0xcf, 0x52, 0x11, 0x29, 0x0b, 0x30, 0xc7, 
	0x18, 0x87, 0x9c, 0x5a, 0x61, 0x8d, 0x72, 0x8b, 
	0x93, 0x53, 0x82, 0x97, 0x62, 0x53, 0xbe, 0x2f, 
	0xf7, 0x75, 0x63, 0x5b, 0x42, 0x53, 0x7c, 0x1f, 
	0x20, 0xcb, 0x82, 0xd9, 0x6a, 0x95, 0x6a, 0xd7, 
	0xd5, 0x1f, 0x93, 0x4f, 0x7c, 0x23, 0x84, 0x65, 
	0x5a, 0x53, 0x5a, 0x97, 0xdd, 0x9d, 0x72, 0xd1, 
	
};

Gfx car_Material2_ci8_aligner[] = {gsSPEndDisplayList()};
u8 car_Material2_ci8[] = {
	0x00, 0x00, 0x00, 0x00, 0x00, 0x00, 0x00, 0x00, 
	0x00, 0x00, 0x00, 0x00, 0x00, 0x00, 0x00, 0x00, 
	0x00, 0x00, 0x00, 0x00, 0x00, 0x00, 0x00, 0x00, 
	0x00, 0x00, 0x00, 0x00, 0x00, 0x00, 0x00, 0x00, 
	0x00, 0x01, 0x01, 0x01, 0x02, 0x02, 0x02, 0x01, 
	0x01, 0x01, 0x03, 0x03, 0x03, 0x04, 0x04, 0x04, 
	0x05, 0x05, 0x05, 0x06, 0x06, 0x06, 0x07, 0x07, 
	0x06, 0x06, 0x06, 0x04, 0x04, 0x04, 0x03, 0x00, 
	0x00, 0x01, 0x08, 0x09, 0x09, 0x09, 0x08, 0x08, 
	0x08, 0x0a, 0x0a, 0x0a, 0x0b, 0x0b, 0x0b, 0x0c, 
	0x0c, 0x0c, 0x0d, 0x0d, 0x0d, 0x0e, 0x0e, 0x0d, 
	0x0d, 0x0d, 0x0b, 0x0b, 0x0b, 0x0a, 0x0f, 0x00, 
	0x00, 0x01, 0x09, 0x09, 0x09, 0x08, 0x08, 0x08, 
	0x0a, 0x0a, 0x0a, 0x0b, 0x0b, 0x0b, 0x0c, 0x0c, 
	0x0c, 0x0d, 0x0d, 0x0d, 0x0e, 0x0e, 0x0d, 0x0d, 
	0x0d, 0x0b, 0x0b, 0x0b, 0x0a, 0x0a, 0x0f, 0x00, 
	0x00, 0x02, 0x09, 0x09, 0x08, 0x08, 0x08, 0x0a, 
	0x0a, 0x0a, 0x0b, 0x0b, 0x0b, 0x0c, 0x0c, 0x0c, 
	0x0d, 0x0d, 0x0d, 0x0e, 0x0e, 0x0d, 0x0d, 0x0d, 
	0x0b, 0x0b, 0x0b, 0x0a, 0x0a, 0x0a, 0x10, 0x00, 
	0x00, 0x02, 0x09, 0x08, 0x08, 0x08, 0x0a, 0x0a, 
	0x0a, 0x0b, 0x0b, 0x0b, 0x0c, 0x0c, 0x0c, 0x0d, 
	0x0d, 0x0d, 0x0e, 0x0e, 0x0d, 0x0d, 0x0d, 0x0b, 
	0x0b, 0x0b, 0x0a, 0x0a, 0x0a, 0x08, 0x10, 0x00, 
	0x00, 0x02, 0x08, 0x08, 0x08, 0x0a, 0x0a, 0x0a, 
	0x0b, 0x0b, 0x0b, 0x0c, 0x0c, 0x0c, 0x0d, 0x0d, 
	0x0d, 0x0e, 0x0e, 0x0d, 0x0d, 0x0d, 0x0b, 0x0b, 
	0x0b, 0x0a, 0x0a, 0x0a, 0x08, 0x08, 0x10, 0x00, 
	0x00, 0x01, 0x08, 0x08, 0x0a, 0x0a, 0x0a, 0x0b, 
	0x0b, 0x0b, 0x0c, 0x0c, 0x0c, 0x0d, 0x0d, 0x0d, 
	0x0e, 0x0e, 0x0d, 0x0d, 0x0d, 0x0b, 0x0b, 0x0b, 
	0x0a, 0x0a, 0x0a, 0x08, 0x08, 0x08, 0x11, 0x00, 
	0x00, 0x01, 0x08, 0x0a, 0x0a, 0x0a, 0x0b, 0x0b, 
	0x0b, 0x0c, 0x0c, 0x0c, 0x0d, 0x0d, 0x0d, 0x0e, 
	0x0e, 0x0d, 0x0d, 0x0d, 0x0b, 0x0b, 0x0b, 0x0a, 
	0x0a, 0x0a, 0x08, 0x08, 0x08, 0x09, 0x11, 0x00, 
	0x00, 0x01, 0x0a, 0x0a, 0x0a, 0x0b, 0x0b, 0x0b, 
	0x0c, 0x0c, 0x0c, 0x0d, 0x0d, 0x0d, 0x0e, 0x0e, 
	0x0d, 0x0d, 0x0d, 0x0b, 0x0b, 0x0b, 0x0a, 0x0a, 
	0x0a, 0x08, 0x08, 0x08, 0x09, 0x09, 0x11, 0x00, 
	0x00, 0x03, 0x0a, 0x0a, 0x0b, 0x0b, 0x0b, 0x0c, 
	0x0c, 0x0c, 0x0d, 0x0d, 0x0d, 0x0e, 0x0e, 0x0d, 
	0x0d, 0x0d, 0x0b, 0x0b, 0x0b, 0x0a, 0x0a, 0x0a, 
	0x08, 0x08, 0x08, 0x09, 0x09, 0x09, 0x10, 0x00, 
	0x00, 0x03, 0x0a, 0x0b, 0x0b, 0x0b, 0x0c, 0x0c, 
	0x0c, 0x0d, 0x0d, 0x0d, 0x0e, 0x0e, 0x0d, 0x0d, 
	0x0d, 0x0b, 0x0b, 0x0b, 0x0a, 0x0a, 0x0a, 0x08, 
	0x08, 0x08, 0x09, 0x09, 0x09, 0x08, 0x10, 0x00, 
	0x00, 0x03, 0x0b, 0x0b, 0x0b, 0x0c, 0x0c, 0x0c, 
	0x0d, 0x0d, 0x0d, 0x0e, 0x0e, 0x0d, 0x0d, 0x0d, 
	0x0b, 0x0b, 0x0b, 0x0a, 0x0a, 0x0a, 0x08, 0x08, 
	0x08, 0x09, 0x09, 0x09, 0x08, 0x08, 0x10, 0x00, 
	0x00, 0x04, 0x0b, 0x0b, 0x0c, 0x0c, 0x0c, 0x0d, 
	0x0d, 0x0d, 0x0e, 0x0e, 0x0d, 0x0d, 0x0d, 0x0b, 
	0x0b, 0x0b, 0x0a, 0x0a, 0x0a, 0x08, 0x08, 0x08, 
	0x09, 0x09, 0x09, 0x08, 0x08, 0x08, 0x0f, 0x00, 
	0x00, 0x04, 0x0b, 0x0c, 0x0c, 0x0c, 0x0d, 0x0d, 
	0x0d, 0x0e, 0x0e, 0x0d, 0x0d, 0x0d, 0x0b, 0x0b, 
	0x0b, 0x0a, 0x0a, 0x0a, 0x08, 0x08, 0x08, 0x09, 
	0x09, 0x09, 0x08, 0x08, 0x08, 0x0a, 0x0f, 0x00, 
	0x00, 0x04, 0x0c, 0x0c, 0x0c, 0x0d, 0x0d, 0x0d, 
	0x0e, 0x0e, 0x0d, 0x0d, 0x0d, 0x0b, 0x0b, 0x0b, 
	0x0a, 0x0a, 0x0a, 0x08, 0x08, 0x08, 0x09, 0x09, 
	0x09, 0x08, 0x08, 0x08, 0x0a, 0x0a, 0x0f, 0x00, 
	0x00, 0x05, 0x0c, 0x0c, 0x0d, 0x0d, 0x0d, 0x0e, 
	0x0e, 0x0d, 0x0d, 0x0d, 0x0b, 0x0b, 0x0b, 0x0a, 
	0x0a, 0x0a, 0x08, 0x08, 0x08, 0x09, 0x09, 0x09, 
	0x08, 0x08, 0x08, 0x0a, 0x0a, 0x0a, 0x12, 0x00, 
	0x00, 0x05, 0x0c, 0x0d, 0x0d, 0x0d, 0x0e, 0x0e, 
	0x0d, 0x0d, 0x0d, 0x0b, 0x0b, 0x0b, 0x0a, 0x0a, 
	0x0a, 0x08, 0x08, 0x08, 0x09, 0x09, 0x09, 0x08, 
	0x08, 0x08, 0x0a, 0x0a, 0x0a, 0x0b, 0x12, 0x00, 
	0x00, 0x05, 0x0d, 0x0d, 0x0d, 0x0e, 0x0e, 0x0d, 
	0x0d, 0x0d, 0x0b, 0x0b, 0x0b, 0x0a, 0x0a, 0x0a, 
	0x08, 0x08, 0x08, 0x09, 0x09, 0x09, 0x08, 0x08, 
	0x08, 0x0a, 0x0a, 0x0a, 0x0b, 0x0b, 0x12, 0x00, 
	0x00, 0x06, 0x0d, 0x0d, 0x0e, 0x0e, 0x0d, 0x0d, 
	0x0d, 0x0b, 0x0b, 0x0b, 0x0a, 0x0a, 0x0a, 0x08, 
	0x08, 0x08, 0x09, 0x09, 0x09, 0x08, 0x08, 0x08, 
	0x0a, 0x0a, 0x0a, 0x0b, 0x0b, 0x0b, 0x13, 0x00, 
	0x00, 0x06, 0x0d, 0x0e, 0x0e, 0x0d, 0x0d, 0x0d, 
	0x0b, 0x0b, 0x0b, 0x0a, 0x0a, 0x0a, 0x08, 0x08, 
	0x08, 0x09, 0x09, 0x09, 0x08, 0x08, 0x08, 0x0a, 
	0x0a, 0x0a, 0x0b, 0x0b, 0x0b, 0x0c, 0x13, 0x00, 
	0x00, 0x06, 0x0e, 0x0e, 0x0d, 0x0d, 0x0d, 0x0b, 
	0x0b, 0x0b, 0x0a, 0x0a, 0x0a, 0x08, 0x08, 0x08, 
	0x09, 0x09, 0x09, 0x08, 0x08, 0x08, 0x0a, 0x0a, 
	0x0a, 0x0b, 0x0b, 0x0b, 0x0c, 0x0c, 0x13, 0x00, 
	0x00, 0x07, 0x0e, 0x0d, 0x0d, 0x0d, 0x0b, 0x0b, 
	0x0b, 0x0a, 0x0a, 0x0a, 0x08, 0x08, 0x08, 0x09, 
	0x09, 0x09, 0x08, 0x08, 0x08, 0x0a, 0x0a, 0x0a, 
	0x0b, 0x0b, 0x0b, 0x0c, 0x0c, 0x0c, 0x14, 0x00, 
	0x00, 0x07, 0x0d, 0x0d, 0x0d, 0x0b, 0x0b, 0x0b, 
	0x0a, 0x0a, 0x0a, 0x08, 0x08, 0x08, 0x09, 0x09, 
	0x09, 0x08, 0x08, 0x08, 0x0a, 0x0a, 0x0a, 0x0b, 
	0x0b, 0x0b, 0x0c, 0x0c, 0x0c, 0x0d, 0x14, 0x00, 
	0x00, 0x06, 0x0d, 0x0d, 0x0b, 0x0b, 0x0b, 0x0a, 
	0x0a, 0x0a, 0x08, 0x08, 0x08, 0x09, 0x09, 0x09, 
	0x08, 0x08, 0x08, 0x0a, 0x0a, 0x0a, 0x0b, 0x0b, 
	0x0b, 0x0c, 0x0c, 0x0c, 0x0d, 0x0d, 0x14, 0x00, 
	0x00, 0x06, 0x0d, 0x0b, 0x0b, 0x0b, 0x0a, 0x0a, 
	0x0a, 0x08, 0x08, 0x08, 0x09, 0x09, 0x09, 0x08, 
	0x08, 0x08, 0x0a, 0x0a, 0x0a, 0x0b, 0x0b, 0x0b, 
	0x0c, 0x0c, 0x0c, 0x0d, 0x0d, 0x0d, 0x15, 0x00, 
	0x00, 0x06, 0x0b, 0x0b, 0x0b, 0x0a, 0x0a, 0x0a, 
	0x08, 0x08, 0x08, 0x09, 0x09, 0x09, 0x08, 0x08, 
	0x08, 0x0a, 0x0a, 0x0a, 0x0b, 0x0b, 0x0b, 0x0c, 
	0x0c, 0x0c, 0x0d, 0x0d, 0x0d, 0x0e, 0x15, 0x00, 
	0x00, 0x04, 0x0b, 0x0b, 0x0a, 0x0a, 0x0a, 0x08, 
	0x08, 0x08, 0x09, 0x09, 0x09, 0x08, 0x08, 0x08, 
	0x0a, 0x0a, 0x0a, 0x0b, 0x0b, 0x0b, 0x0c, 0x0c, 
	0x0c, 0x0d, 0x0d, 0x0d, 0x0e, 0x0e, 0x14, 0x00, 
	0x00, 0x04, 0x0b, 0x0a, 0x0a, 0x0a, 0x08, 0x08, 
	0x08, 0x09, 0x09, 0x09, 0x08, 0x08, 0x08, 0x0a, 
	0x0a, 0x0a, 0x0b, 0x0b, 0x0b, 0x0c, 0x0c, 0x0c, 
	0x0d, 0x0d, 0x0d, 0x0e, 0x0e, 0x0d, 0x14, 0x00, 
	0x00, 0x04, 0x0a, 0x0a, 0x0a, 0x08, 0x08, 0x08, 
	0x09, 0x09, 0x09, 0x08, 0x08, 0x08, 0x0a, 0x0a, 
	0x0a, 0x0b, 0x0b, 0x0b, 0x0c, 0x0c, 0x0c, 0x0d, 
	0x0d, 0x0d, 0x0e, 0x0e, 0x0d, 0x0d, 0x14, 0x00, 
	0x00, 0x03, 0x0f, 0x0f, 0x10, 0x10, 0x10, 0x11, 
	0x11, 0x11, 0x10, 0x10, 0x10, 0x0f, 0x0f, 0x0f, 
	0x12, 0x12, 0x12, 0x13, 0x13, 0x13, 0x14, 0x14, 
	0x14, 0x15, 0x15, 0x14, 0x14, 0x14, 0x12, 0x00, 
	0x00, 0x00, 0x00, 0x00, 0x00, 0x00, 0x00, 0x00, 
	0x00, 0x00, 0x00, 0x00, 0x00, 0x00, 0x00, 0x00, 
	0x00, 0x00, 0x00, 0x00, 0x00, 0x00, 0x00, 0x00, 
	0x00, 0x00, 0x00, 0x00, 0x00, 0x00, 0x00, 0x00, 
	0x00, 0x00, 0x00, 0x00, 0x00, 0x00, 0x00, 0x00, 
	0x00, 0x00, 0x00, 0x00, 0x00, 0x00, 0x00, 0x00, 
	0x00, 0x00, 0x00, 0x00, 0x00, 0x00, 0x00, 0x00, 
	0x00, 0x00, 0x00, 0x00, 0x00, 0x00, 0x00, 0x00, 
	0x00, 0x01, 0x01, 0x01, 0x02, 0x02, 0x02, 0x01, 
	0x01, 0x01, 0x03, 0x03, 0x03, 0x04, 0x04, 0x04, 
	0x05, 0x05, 0x05, 0x06, 0x06, 0x06, 0x07, 0x07, 
	0x06, 0x06, 0x06, 0x04, 0x04, 0x04, 0x03, 0x00, 
	0x00, 0x01, 0x08, 0x09, 0x09, 0x09, 0x08, 0x08, 
	0x08, 0x0a, 0x0a, 0x0a, 0x0b, 0x0b, 0x0b, 0x0c, 
	0x0c, 0x0c, 0x0d, 0x0d, 0x0d, 0x0e, 0x0e, 0x0d, 
	0x0d, 0x0d, 0x0b, 0x0b, 0x0b, 0x0a, 0x0f, 0x00, 
	0x00, 0x01, 0x09, 0x09, 0x09, 0x08, 0x08, 0x08, 
	0x0a, 0x0a, 0x0a, 0x0b, 0x0b, 0x0b, 0x0c, 0x0c, 
	0x0c, 0x0d, 0x0d, 0x0d, 0x0e, 0x0e, 0x0d, 0x0d, 
	0x0d, 0x0b, 0x0b, 0x0b, 0x0a, 0x0a, 0x0f, 0x00, 
	0x00, 0x02, 0x09, 0x09, 0x08, 0x08, 0x08, 0x0a, 
	0x0a, 0x0a, 0x0b, 0x0b, 0x0b, 0x0c, 0x0c, 0x0c, 
	0x0d, 0x0d, 0x0d, 0x0e, 0x0e, 0x0d, 0x0d, 0x0d, 
	0x0b, 0x0b, 0x0b, 0x0a, 0x0a, 0x0a, 0x10, 0x00, 
	0x00, 0x02, 0x09, 0x08, 0x08, 0x08, 0x0a, 0x0a, 
	0x0a, 0x0b, 0x0b, 0x0b, 0x0c, 0x0c, 0x0c, 0x0d, 
	0x0d, 0x0d, 0x0e, 0x0e, 0x0d, 0x0d, 0x0d, 0x0b, 
	0x0b, 0x0b, 0x0a, 0x0a, 0x0a, 0x08, 0x10, 0x00, 
	0x00, 0x02, 0x08, 0x08, 0x08, 0x0a, 0x0a, 0x0a, 
	0x0b, 0x0b, 0x0b, 0x0c, 0x0c, 0x0c, 0x0d, 0x0d, 
	0x0d, 0x0e, 0x0e, 0x0d, 0x0d, 0x0d, 0x0b, 0x0b, 
	0x0b, 0x0a, 0x0a, 0x0a, 0x08, 0x08, 0x10, 0x00, 
	0x00, 0x01, 0x08, 0x08, 0x0a, 0x0a, 0x0a, 0x0b, 
	0x0b, 0x0b, 0x0c, 0x0c, 0x0c, 0x0d, 0x0d, 0x0d, 
	0x0e, 0x0e, 0x0d, 0x0d, 0x0d, 0x0b, 0x0b, 0x0b, 
	0x0a, 0x0a, 0x0a, 0x08, 0x08, 0x08, 0x11, 0x00, 
	0x00, 0x01, 0x08, 0x0a, 0x0a, 0x0a, 0x0b, 0x0b, 
	0x0b, 0x0c, 0x0c, 0x0c, 0x0d, 0x0d, 0x0d, 0x0e, 
	0x0e, 0x0d, 0x0d, 0x0d, 0x0b, 0x0b, 0x0b, 0x0a, 
	0x0a, 0x0a, 0x08, 0x08, 0x08, 0x09, 0x11, 0x00, 
	0x00, 0x01, 0x0a, 0x0a, 0x0a, 0x0b, 0x0b, 0x0b, 
	0x0c, 0x0c, 0x0c, 0x0d, 0x0d, 0x0d, 0x0e, 0x0e, 
	0x0d, 0x0d, 0x0d, 0x0b, 0x0b, 0x0b, 0x0a, 0x0a, 
	0x0a, 0x08, 0x08, 0x08, 0x09, 0x09, 0x11, 0x00, 
	0x00, 0x03, 0x0a, 0x0a, 0x0b, 0x0b, 0x0b, 0x0c, 
	0x0c, 0x0c, 0x0d, 0x0d, 0x0d, 0x0e, 0x0e, 0x0d, 
	0x0d, 0x0d, 0x0b, 0x0b, 0x0b, 0x0a, 0x0a, 0x0a, 
	0x08, 0x08, 0x08, 0x09, 0x09, 0x09, 0x10, 0x00, 
	0x00, 0x03, 0x0a, 0x0b, 0x0b, 0x0b, 0x0c, 0x0c, 
	0x0c, 0x0d, 0x0d, 0x0d, 0x0e, 0x0e, 0x0d, 0x0d, 
	0x0d, 0x0b, 0x0b, 0x0b, 0x0a, 0x0a, 0x0a, 0x08, 
	0x08, 0x08, 0x09, 0x09, 0x09, 0x08, 0x10, 0x00, 
	0x00, 0x03, 0x0b, 0x0b, 0x0b, 0x0c, 0x0c, 0x0c, 
	0x0d, 0x0d, 0x0d, 0x0e, 0x0e, 0x0d, 0x0d, 0x0d, 
	0x0b, 0x0b, 0x0b, 0x0a, 0x0a, 0x0a, 0x08, 0x08, 
	0x08, 0x09, 0x09, 0x09, 0x08, 0x08, 0x10, 0x00, 
	0x00, 0x04, 0x0b, 0x0b, 0x0c, 0x0c, 0x0c, 0x0d, 
	0x0d, 0x0d, 0x0e, 0x0e, 0x0d, 0x0d, 0x0d, 0x0b, 
	0x0b, 0x0b, 0x0a, 0x0a, 0x0a, 0x08, 0x08, 0x08, 
	0x09, 0x09, 0x09, 0x08, 0x08, 0x08, 0x0f, 0x00, 
	0x00, 0x04, 0x0b, 0x0c, 0x0c, 0x0c, 0x0d, 0x0d, 
	0x0d, 0x0e, 0x0e, 0x0d, 0x0d, 0x0d, 0x0b, 0x0b, 
	0x0b, 0x0a, 0x0a, 0x0a, 0x08, 0x08, 0x08, 0x09, 
	0x09, 0x09, 0x08, 0x08, 0x08, 0x0a, 0x0f, 0x00, 
	0x00, 0x04, 0x0c, 0x0c, 0x0c, 0x0d, 0x0d, 0x0d, 
	0x0e, 0x0e, 0x0d, 0x0d, 0x0d, 0x0b, 0x0b, 0x0b, 
	0x0a, 0x0a, 0x0a, 0x08, 0x08, 0x08, 0x09, 0x09, 
	0x09, 0x08, 0x08, 0x08, 0x0a, 0x0a, 0x0f, 0x00, 
	0x00, 0x05, 0x0c, 0x0c, 0x0d, 0x0d, 0x0d, 0x0e, 
	0x0e, 0x0d, 0x0d, 0x0d, 0x0b, 0x0b, 0x0b, 0x0a, 
	0x0a, 0x0a, 0x08, 0x08, 0x08, 0x09, 0x09, 0x09, 
	0x08, 0x08, 0x08, 0x0a, 0x0a, 0x0a, 0x12, 0x00, 
	0x00, 0x05, 0x0c, 0x0d, 0x0d, 0x0d, 0x0e, 0x0e, 
	0x0d, 0x0d, 0x0d, 0x0b, 0x0b, 0x0b, 0x0a, 0x0a, 
	0x0a, 0x08, 0x08, 0x08, 0x09, 0x09, 0x09, 0x08, 
	0x08, 0x08, 0x0a, 0x0a, 0x0a, 0x0b, 0x12, 0x00, 
	0x00, 0x05, 0x0d, 0x0d, 0x0d, 0x0e, 0x0e, 0x0d, 
	0x0d, 0x0d, 0x0b, 0x0b, 0x0b, 0x0a, 0x0a, 0x0a, 
	0x08, 0x08, 0x08, 0x09, 0x09, 0x09, 0x08, 0x08, 
	0x08, 0x0a, 0x0a, 0x0a, 0x0b, 0x0b, 0x12, 0x00, 
	0x00, 0x06, 0x0d, 0x0d, 0x0e, 0x0e, 0x0d, 0x0d, 
	0x0d, 0x0b, 0x0b, 0x0b, 0x0a, 0x0a, 0x0a, 0x08, 
	0x08, 0x08, 0x09, 0x09, 0x09, 0x08, 0x08, 0x08, 
	0x0a, 0x0a, 0x0a, 0x0b, 0x0b, 0x0b, 0x13, 0x00, 
	0x00, 0x06, 0x0d, 0x0e, 0x0e, 0x0d, 0x0d, 0x0d, 
	0x0b, 0x0b, 0x0b, 0x0a, 0x0a, 0x0a, 0x08, 0x08, 
	0x08, 0x09, 0x09, 0x09, 0x08, 0x08, 0x08, 0x0a, 
	0x0a, 0x0a, 0x0b, 0x0b, 0x0b, 0x0c, 0x13, 0x00, 
	0x00, 0x06, 0x0e, 0x0e, 0x0d, 0x0d, 0x0d, 0x0b, 
	0x0b, 0x0b, 0x0a, 0x0a, 0x0a, 0x08, 0x08, 0x08, 
	0x09, 0x09, 0x09, 0x08, 0x08, 0x08, 0x0a, 0x0a, 
	0x0a, 0x0b, 0x0b, 0x0b, 0x0c, 0x0c, 0x13, 0x00, 
	0x00, 0x07, 0x0e, 0x0d, 0x0d, 0x0d, 0x0b, 0x0b, 
	0x0b, 0x0a, 0x0a, 0x0a, 0x08, 0x08, 0x08, 0x09, 
	0x09, 0x09, 0x08, 0x08, 0x08, 0x0a, 0x0a, 0x0a, 
	0x0b, 0x0b, 0x0b, 0x0c, 0x0c, 0x0c, 0x14, 0x00, 
	0x00, 0x07, 0x0d, 0x0d, 0x0d, 0x0b, 0x0b, 0x0b, 
	0x0a, 0x0a, 0x0a, 0x08, 0x08, 0x08, 0x09, 0x09, 
	0x09, 0x08, 0x08, 0x08, 0x0a, 0x0a, 0x0a, 0x0b, 
	0x0b, 0x0b, 0x0c, 0x0c, 0x0c, 0x0d, 0x14, 0x00, 
	0x00, 0x06, 0x0d, 0x0d, 0x0b, 0x0b, 0x0b, 0x0a, 
	0x0a, 0x0a, 0x08, 0x08, 0x08, 0x09, 0x09, 0x09, 
	0x08, 0x08, 0x08, 0x0a, 0x0a, 0x0a, 0x0b, 0x0b, 
	0x0b, 0x0c, 0x0c, 0x0c, 0x0d, 0x0d, 0x14, 0x00, 
	0x00, 0x06, 0x0d, 0x0b, 0x0b, 0x0b, 0x0a, 0x0a, 
	0x0a, 0x08, 0x08, 0x08, 0x09, 0x09, 0x09, 0x08, 
	0x08, 0x08, 0x0a, 0x0a, 0x0a, 0x0b, 0x0b, 0x0b, 
	0x0c, 0x0c, 0x0c, 0x0d, 0x0d, 0x0d, 0x15, 0x00, 
	0x00, 0x06, 0x0b, 0x0b, 0x0b, 0x0a, 0x0a, 0x0a, 
	0x08, 0x08, 0x08, 0x09, 0x09, 0x09, 0x08, 0x08, 
	0x08, 0x0a, 0x0a, 0x0a, 0x0b, 0x0b, 0x0b, 0x0c, 
	0x0c, 0x0c, 0x0d, 0x0d, 0x0d, 0x0e, 0x15, 0x00, 
	0x00, 0x04, 0x0b, 0x0b, 0x0a, 0x0a, 0x0a, 0x08, 
	0x08, 0x08, 0x09, 0x09, 0x09, 0x08, 0x08, 0x08, 
	0x0a, 0x0a, 0x0a, 0x0b, 0x0b, 0x0b, 0x0c, 0x0c, 
	0x0c, 0x0d, 0x0d, 0x0d, 0x0e, 0x0e, 0x14, 0x00, 
	0x00, 0x04, 0x0b, 0x0a, 0x0a, 0x0a, 0x08, 0x08, 
	0x08, 0x09, 0x09, 0x09, 0x08, 0x08, 0x08, 0x0a, 
	0x0a, 0x0a, 0x0b, 0x0b, 0x0b, 0x0c, 0x0c, 0x0c, 
	0x0d, 0x0d, 0x0d, 0x0e, 0x0e, 0x0d, 0x14, 0x00, 
	0x00, 0x04, 0x0a, 0x0a, 0x0a, 0x08, 0x08, 0x08, 
	0x09, 0x09, 0x09, 0x08, 0x08, 0x08, 0x0a, 0x0a, 
	0x0a, 0x0b, 0x0b, 0x0b, 0x0c, 0x0c, 0x0c, 0x0d, 
	0x0d, 0x0d, 0x0e, 0x0e, 0x0d, 0x0d, 0x14, 0x00, 
	0x00, 0x03, 0x0f, 0x0f, 0x10, 0x10, 0x10, 0x11, 
	0x11, 0x11, 0x10, 0x10, 0x10, 0x0f, 0x0f, 0x0f, 
	0x12, 0x12, 0x12, 0x13, 0x13, 0x13, 0x14, 0x14, 
	0x14, 0x15, 0x15, 0x14, 0x14, 0x14, 0x12, 0x00, 
	0x00, 0x00, 0x00, 0x00, 0x00, 0x00, 0x00, 0x00, 
	0x00, 0x00, 0x00, 0x00, 0x00, 0x00, 0x00, 0x00, 
	0x00, 0x00, 0x00, 0x00, 0x00, 0x00, 0x00, 0x00, 
	0x00, 0x00, 0x00, 0x00, 0x00, 0x00, 0x00, 0x00, 
	
};

Gfx car_Material2_pal_rgba16_aligner[] = {gsSPEndDisplayList()};
u8 car_Material2_pal_rgba16[] = {
	0x33, 0x63, 0x85, 0x73, 0x64, 0xef, 0x9e, 0x35, 
	0xb6, 0xb7, 0xce, 0xf9, 0xef, 0x7d, 0xf7, 0xbd, 
	0x6c, 0xed, 0x4c, 0x6b, 0x85, 0xaf, 0x9d, 0xf3, 
	0xbe, 0x75, 0xd6, 0xf7, 0xe7, 0x39, 0x74, 0xeb, 
	0x5c, 0x69, 0x3b, 0xa7, 0x8d, 0x6d, 0xa5, 0xaf, 
	0xc6, 0x33, 0xce, 0x73, 
};

Gfx car_tire_ci8_aligner[] = {gsSPEndDisplayList()};
u8 car_tire_ci8[] = {
	0x00, 0x00, 0x01, 0x02, 0x03, 0x00, 0x00, 0x00, 
	0x04, 0x02, 0x05, 0x00, 0x05, 0x06, 0x05, 0x00, 
	0x00, 0x01, 0x02, 0x07, 0x02, 0x02, 0x02, 0x02, 
	0x00, 0x03, 0x00, 0x00, 0x00, 0x00, 0x03, 0x00, 
	0x00, 0x02, 0x01, 0x01, 0x03, 0x02, 0x01, 0x02, 
	0x04, 0x01, 0x08, 0x01, 0x06, 0x00, 0x00, 0x01, 
	0x02, 0x04, 0x09, 0x0a, 0x01, 0x01, 0x01, 0x01, 
	0x01, 0x0b, 0x0c, 0x01, 0x02, 0x00, 0x05, 0x00, 
	0x02, 0x09, 0x01, 0x0d, 0x06, 0x00, 0x01, 0x01, 
	0x0e, 0x0f, 0x02, 0x0d, 0x01, 0x05, 0x02, 0x09, 
	0x02, 0x0f, 0x0d, 0x05, 0x09, 0x09, 0x09, 0x0e, 
	0x0e, 0x10, 0x04, 0x01, 0x01, 0x01, 0x08, 0x05, 
	0x09, 0x09, 0x09, 0x0e, 0x01, 0x04, 0x0e, 0x09, 
	0x0d, 0x09, 0x09, 0x0d, 0x0e, 0x03, 0x0d, 0x09, 
	0x01, 0x11, 0x0d, 0x09, 0x09, 0x0d, 0x0e, 0x0d, 
	0x0e, 0x00, 0x09, 0x0e, 0x01, 0x01, 0x01, 0x0b, 
	0x12, 0x0e, 0x09, 0x0e, 0x0e, 0x05, 0x0d, 0x0e, 
	0x0e, 0x0e, 0x09, 0x0e, 0x0d, 0x05, 0x0e, 0x13, 
	0x09, 0x0e, 0x0d, 0x0d, 0x02, 0x14, 0x11, 0x0e, 
	0x0d, 0x01, 0x0e, 0x0e, 0x0f, 0x01, 0x01, 0x05, 
	0x0d, 0x0f, 0x0d, 0x0e, 0x0e, 0x10, 0x09, 0x0e, 
	0x0e, 0x0e, 0x0d, 0x13, 0x0e, 0x00, 0x00, 0x0e, 
	0x0e, 0x0e, 0x11, 0x15, 0x08, 0x14, 0x11, 0x0d, 
	0x0e, 0x0e, 0x01, 0x0d, 0x0e, 0x09, 0x01, 0x05, 
	0x0b, 0x07, 0x0a, 0x0a, 0x16, 0x0a, 0x0a, 0x0b, 
	0x0a, 0x0a, 0x0b, 0x0a, 0x16, 0x0a, 0x0a, 0x0b, 
	0x0b, 0x0b, 0x17, 0x0b, 0x0a, 0x0a, 0x17, 0x03, 
	0x0a, 0x0a, 0x0a, 0x0a, 0x0b, 0x0b, 0x0b, 0x0b, 
	0x18, 0x18, 0x0b, 0x0b, 0x0b, 0x0b, 0x0b, 0x0b, 
	0x0a, 0x0b, 0x19, 0x0b, 0x0b, 0x0b, 0x0b, 0x0b, 
	0x0b, 0x0b, 0x0b, 0x1a, 0x0b, 0x0b, 0x0b, 0x0b, 
	0x0b, 0x0b, 0x0b, 0x0b, 0x0b, 0x0b, 0x0b, 0x0b, 
	0x05, 0x0d, 0x0d, 0x0d, 0x0e, 0x11, 0x00, 0x11, 
	0x12, 0x0d, 0x12, 0x0d, 0x0e, 0x0d, 0x0e, 0x09, 
	0x12, 0x0e, 0x0d, 0x0d, 0x11, 0x03, 0x1b, 0x1c, 
	0x0d, 0x0d, 0x15, 0x06, 0x11, 0x0e, 0x0e, 0x0d, 
	0x0d, 0x03, 0x1b, 0x12, 0x11, 0x12, 0x0e, 0x01, 
	0x1b, 0x0d, 0x12, 0x11, 0x12, 0x12, 0x0d, 0x00, 
	0x11, 0x11, 0x12, 0x14, 0x1d, 0x09, 0x01, 0x1b, 
	0x12, 0x11, 0x12, 0x02, 0x11, 0x0d, 0x0e, 0x12, 
	0x12, 0x05, 0x04, 0x1b, 0x1b, 0x1b, 0x1b, 0x09, 
	0x01, 0x0d, 0x06, 0x12, 0x1d, 0x1b, 0x1b, 0x11, 
	0x05, 0x0e, 0x12, 0x14, 0x14, 0x1b, 0x03, 0x0e, 
	0x1b, 0x1b, 0x1b, 0x12, 0x00, 0x11, 0x0e, 0x1b, 
	0x01, 0x09, 0x00, 0x01, 0x11, 0x12, 0x12, 0x11, 
	0x00, 0x01, 0x02, 0x05, 0x11, 0x11, 0x12, 0x11, 
	0x0e, 0x03, 0x0d, 0x0f, 0x0d, 0x09, 0x0d, 0x06, 
	0x0e, 0x12, 0x12, 0x11, 0x11, 0x05, 0x09, 0x09, 
	0x1e, 0x12, 0x12, 0x09, 0x06, 0x0e, 0x09, 0x02, 
	0x0d, 0x09, 0x0e, 0x0d, 0x00, 0x01, 0x0f, 0x02, 
	0x09, 0x0d, 0x1e, 0x0d, 0x12, 0x1f, 0x14, 0x1b, 
	0x09, 0x00, 0x0f, 0x09, 0x00, 0x02, 0x01, 0x0e, 
	0x12, 0x12, 0x12, 0x15, 0x0d, 0x01, 0x04, 0x0d, 
	0x20, 0x12, 0x1c, 0x0d, 0x0d, 0x0e, 0x02, 0x09, 
	0x0d, 0x1f, 0x14, 0x12, 0x14, 0x21, 0x14, 0x1b, 
	0x12, 0x0d, 0x01, 0x09, 0x0d, 0x0e, 0x0e, 0x09, 
	0x0e, 0x09, 0x09, 0x09, 0x09, 0x09, 0x01, 0x10, 
	0x02, 0x02, 0x0d, 0x01, 0x09, 0x09, 0x01, 0x06, 
	0x06, 0x02, 0x02, 0x0d, 0x0d, 0x0d, 0x11, 0x0f, 
	0x09, 0x09, 0x09, 0x02, 0x06, 0x09, 0x0c, 0x01, 
	0x0b, 0x18, 0x18, 0x18, 0x1a, 0x07, 0x1a, 0x1a, 
	0x1a, 0x0b, 0x0b, 0x1a, 0x1a, 0x07, 0x0b, 0x1a, 
	0x1a, 0x1a, 0x0b, 0x0a, 0x0a, 0x0a, 0x0b, 0x0b, 
	0x0b, 0x07, 0x07, 0x1a, 0x1a, 0x1a, 0x18, 0x0b, 
	0x03, 0x0a, 0x03, 0x03, 0x10, 0x03, 0x10, 0x03, 
	0x03, 0x03, 0x03, 0x03, 0x10, 0x03, 0x03, 0x03, 
	0x03, 0x03, 0x03, 0x10, 0x05, 0x05, 0x10, 0x10, 
	0x22, 0x10, 0x03, 0x10, 0x03, 0x03, 0x03, 0x03, 
	0x12, 0x0d, 0x11, 0x15, 0x0d, 0x11, 0x11, 0x0d, 
	0x12, 0x12, 0x12, 0x11, 0x15, 0x11, 0x12, 0x0d, 
	0x11, 0x12, 0x12, 0x14, 0x14, 0x21, 0x14, 0x12, 
	0x12, 0x15, 0x12, 0x11, 0x0e, 0x0e, 0x0e, 0x0e, 
	0x12, 0x12, 0x12, 0x1b, 0x12, 0x1b, 0x12, 0x12, 
	0x14, 0x12, 0x14, 0x1b, 0x12, 0x1b, 0x1b, 0x12, 
	0x1b, 0x1b, 0x12, 0x23, 0x24, 0x21, 0x21, 0x14, 
	0x1b, 0x12, 0x14, 0x11, 0x12, 0x11, 0x11, 0x11, 
	0x0d, 0x0d, 0x11, 0x11, 0x12, 0x11, 0x12, 0x11, 
	0x12, 0x1b, 0x1b, 0x12, 0x11, 0x11, 0x11, 0x11, 
	0x12, 0x12, 0x1b, 0x14, 0x25, 0x24, 0x14, 0x14, 
	0x12, 0x12, 0x11, 0x11, 0x11, 0x11, 0x11, 0x11, 
	0x26, 0x26, 0x18, 0x18, 0x18, 0x18, 0x18, 0x18, 
	0x18, 0x1a, 0x18, 0x18, 0x18, 0x18, 0x18, 0x18, 
	0x18, 0x18, 0x1a, 0x1a, 0x07, 0x0b, 0x1a, 0x1a, 
	0x18, 0x18, 0x18, 0x18, 0x18, 0x18, 0x18, 0x18, 
	0x00, 0x05, 0x05, 0x00, 0x00, 0x00, 0x04, 0x00, 
	0x06, 0x0b, 0x09, 0x00, 0x00, 0x00, 0x00, 0x02, 
	0x00, 0x0b, 0x05, 0x0d, 0x09, 0x01, 0x02, 0x02, 
	0x02, 0x00, 0x02, 0x02, 0x06, 0x03, 0x00, 0x00, 
	0x0d, 0x14, 0x0d, 0x0d, 0x15, 0x12, 0x1c, 0x12, 
	0x0d, 0x18, 0x14, 0x12, 0x0d, 0x12, 0x0e, 0x12, 
	0x12, 0x02, 0x03, 0x21, 0x21, 0x21, 0x21, 0x1b, 
	0x12, 0x11, 0x12, 0x11, 0x0d, 0x00, 0x09, 0x12, 
	0x11, 0x12, 0x12, 0x01, 0x14, 0x14, 0x12, 0x12, 
	0x12, 0x18, 0x14, 0x0d, 0x12, 0x14, 0x1b, 0x12, 
	0x1b, 0x04, 0x18, 0x27, 0x21, 0x21, 0x21, 0x14, 
	0x09, 0x24, 0x14, 0x12, 0x1b, 0x0e, 0x0d, 0x12, 
	0x11, 0x12, 0x14, 0x09, 0x24, 0x11, 0x0d, 0x1b, 
	0x11, 0x0b, 0x1b, 0x12, 0x12, 0x12, 0x11, 0x11, 
	0x12, 0x09, 0x18, 0x28, 0x14, 0x25, 0x21, 0x21, 
	0x00, 0x21, 0x11, 0x11, 0x1b, 0x0e, 0x0f, 0x1f, 
	0x10, 0x10, 0x22, 0x03, 0x08, 0x05, 0x05, 0x05, 
	0x05, 0x18, 0x05, 0x05, 0x05, 0x06, 0x05, 0x05, 
	0x05, 0x03, 0x18, 0x02, 0x08, 0x06, 0x08, 0x06, 
	0x0a, 0x02, 0x05, 0x05, 0x05, 0x10, 0x10, 0x06, 
	0x12, 0x12, 0x1f, 0x0d, 0x14, 0x14, 0x12, 0x11, 
	0x1d, 0x10, 0x11, 0x1f, 0x0d, 0x14, 0x1b, 0x11, 
	0x1b, 0x0d, 0x0a, 0x21, 0x21, 0x21, 0x21, 0x24, 
	0x02, 0x21, 0x14, 0x12, 0x12, 0x0d, 0x00, 0x24, 
	0x1b, 0x1b, 0x14, 0x11, 0x21, 0x24, 0x1b, 0x24, 
	0x29, 0x02, 0x11, 0x24, 0x11, 0x21, 0x1b, 0x1b, 
	0x24, 0x14, 0x06, 0x25, 0x29, 0x21, 0x21, 0x2a, 
	0x01, 0x2b, 0x29, 0x14, 0x14, 0x1b, 0x00, 0x2c, 
	0x21, 0x14, 0x2a, 0x1b, 0x21, 0x2a, 0x24, 0x21, 
	0x2a, 0x09, 0x11, 0x2d, 0x01, 0x2e, 0x2b, 0x1b, 
	0x2a, 0x21, 0x02, 0x1b, 0x21, 0x2b, 0x2b, 0x2f, 
	0x0d, 0x2f, 0x2a, 0x24, 0x24, 0x1b, 0x05, 0x2b, 
	0x14, 0x1b, 0x24, 0x1b, 0x24, 0x2a, 0x24, 0x21, 
	0x21, 0x0d, 0x0d, 0x2d, 0x00, 0x2e, 0x2a, 0x14, 
	0x21, 0x24, 0x30, 0x14, 0x2b, 0x2e, 0x24, 0x2a, 
	0x1c, 0x2b, 0x2b, 0x21, 0x24, 0x24, 0x00, 0x2b, 
	0x01, 0x09, 0x09, 0x09, 0x12, 0x0d, 0x0e, 0x0d, 
	0x0d, 0x09, 0x00, 0x0d, 0x05, 0x14, 0x0d, 0x0d, 
	0x0d, 0x0d, 0x02, 0x0e, 0x12, 0x12, 0x11, 0x11, 
	0x01, 0x14, 0x0d, 0x0d, 0x09, 0x09, 0x01, 0x11, 
	0x03, 0x03, 0x05, 0x05, 0x04, 0x00, 0x00, 0x00, 
	0x00, 0x10, 0x03, 0x31, 0x08, 0x00, 0x00, 0x00, 
	0x00, 0x02, 0x03, 0x05, 0x06, 0x00, 0x06, 0x00, 
	0x05, 0x01, 0x00, 0x00, 0x31, 0x05, 0x00, 0x05, 
	
};

Gfx car_tire_pal_rgba16_aligner[] = {gsSPEndDisplayList()};
u8 car_tire_pal_rgba16[] = {
	0x29, 0x4b, 0x31, 0x8d, 0x29, 0x4d, 0x18, 0xc7, 
	0x29, 0x8d, 0x21, 0x09, 0x21, 0x0b, 0x08, 0x85, 
	0x21, 0x4b, 0x31, 0x8f, 0x10, 0x87, 0x10, 0x85, 
	0x31, 0x4d, 0x39, 0xd1, 0x39, 0xcf, 0x31, 0xcf, 
	0x18, 0xc9, 0x42, 0x11, 0x42, 0x13, 0x39, 0x8f, 
	0x4a, 0x55, 0x41, 0xd1, 0x18, 0x87, 0x10, 0xc7, 
	0x08, 0x43, 0x10, 0x45, 0x08, 0x45, 0x4a, 0x53, 
	0x3a, 0x11, 0x4a, 0x13, 0x31, 0xd1, 0x42, 0x53, 
	0x3a, 0x13, 0x52, 0x97, 0x19, 0x09, 0x4a, 0x97, 
	0x52, 0x95, 0x4a, 0x95, 0x00, 0x01, 0x52, 0xd9, 
	0x52, 0x99, 0x52, 0x55, 0x5a, 0xd7, 0x5a, 0xd9, 
	0x5a, 0x97, 0x52, 0xd7, 0x63, 0x1b, 0x63, 0x19, 
	0x29, 0x8f, 0x29, 0x0b, 
};

Vtx car_root_mesh_layer_1_vtx_0[56] = {
	{{ {405, 142, 8}, 0, {368, 240}, {0, 166, 90, 255} }},
	{{ {-405, 167, 33}, 0, {624, -16}, {0, 166, 90, 255} }},
	{{ {-405, 142, 8}, 0, {368, -16}, {0, 166, 90, 255} }},
	{{ {405, 167, 33}, 0, {624, 240}, {0, 166, 90, 255} }},
	{{ {-405, 167, -17}, 0, {112, 496}, {0, 166, 166, 255} }},
	{{ {405, 142, 8}, 0, {368, 240}, {0, 166, 166, 255} }},
	{{ {-405, 142, 8}, 0, {112, 240}, {0, 166, 166, 255} }},
	{{ {405, 167, -17}, 0, {368, 496}, {0, 166, 166, 255} }},
	{{ {405, 192, 8}, 0, {624, 496}, {0, 90, 90, 255} }},
	{{ {-405, 192, 8}, 0, {880, 496}, {0, 90, 90, 255} }},
	{{ {-405, 167, 33}, 0, {880, 240}, {0, 90, 90, 255} }},
	{{ {405, 167, 33}, 0, {624, 240}, {0, 90, 90, 255} }},
	{{ {-405, 167, -17}, 0, {368, 752}, {0, 90, 166, 255} }},
	{{ {-405, 192, 8}, 0, {624, 752}, {0, 90, 166, 255} }},
	{{ {405, 192, 8}, 0, {624, 496}, {0, 90, 166, 255} }},
	{{ {405, 167, -17}, 0, {368, 496}, {0, 90, 166, 255} }},
	{{ {295, 353, 208}, 0, {368, 1008}, {129, 0, 0, 255} }},
	{{ {295, 370, 208}, 0, {624, 1008}, {129, 0, 0, 255} }},
	{{ {295, 370, -191}, 0, {624, 752}, {129, 0, 0, 255} }},
	{{ {295, 353, -191}, 0, {368, 752}, {129, 0, 0, 255} }},
	{{ {495, 353, 208}, 0, {368, 240}, {0, 0, 127, 255} }},
	{{ {295, 370, 208}, 0, {624, -16}, {0, 0, 127, 255} }},
	{{ {295, 353, 208}, 0, {368, -16}, {0, 0, 127, 255} }},
	{{ {495, 370, 208}, 0, {624, 240}, {0, 0, 127, 255} }},
	{{ {295, 353, -191}, 0, {112, 496}, {0, 129, 0, 255} }},
	{{ {495, 353, 208}, 0, {368, 240}, {0, 129, 0, 255} }},
	{{ {295, 353, 208}, 0, {112, 240}, {0, 129, 0, 255} }},
	{{ {495, 353, -191}, 0, {368, 496}, {0, 129, 0, 255} }},
	{{ {495, 370, -191}, 0, {624, 496}, {0, 127, 0, 255} }},
	{{ {295, 370, -191}, 0, {880, 496}, {0, 127, 0, 255} }},
	{{ {295, 370, 208}, 0, {880, 240}, {0, 127, 0, 255} }},
	{{ {495, 370, 208}, 0, {624, 240}, {0, 127, 0, 255} }},
	{{ {295, 353, -191}, 0, {368, 752}, {0, 0, 129, 255} }},
	{{ {295, 370, -191}, 0, {624, 752}, {0, 0, 129, 255} }},
	{{ {495, 370, -191}, 0, {624, 496}, {0, 0, 129, 255} }},
	{{ {495, 353, -191}, 0, {368, 496}, {0, 0, 129, 255} }},
	{{ {495, 353, -191}, 0, {368, 496}, {127, 0, 0, 255} }},
	{{ {495, 370, 208}, 0, {624, 240}, {127, 0, 0, 255} }},
	{{ {495, 353, 208}, 0, {368, 240}, {127, 0, 0, 255} }},
	{{ {495, 370, -191}, 0, {624, 496}, {127, 0, 0, 255} }},
	{{ {395, 270, 35}, 0, {368, 1008}, {166, 0, 90, 255} }},
	{{ {395, 353, 35}, 0, {624, 1008}, {166, 0, 90, 255} }},
	{{ {369, 353, 8}, 0, {624, 752}, {166, 0, 90, 255} }},
	{{ {369, 270, 8}, 0, {368, 752}, {166, 0, 90, 255} }},
	{{ {421, 270, 8}, 0, {368, 240}, {90, 0, 90, 255} }},
	{{ {395, 353, 35}, 0, {624, -16}, {90, 0, 90, 255} }},
	{{ {395, 270, 35}, 0, {368, -16}, {90, 0, 90, 255} }},
	{{ {421, 353, 8}, 0, {624, 240}, {90, 0, 90, 255} }},
	{{ {369, 270, 8}, 0, {368, 752}, {166, 0, 166, 255} }},
	{{ {369, 353, 8}, 0, {624, 752}, {166, 0, 166, 255} }},
	{{ {395, 353, -18}, 0, {624, 496}, {166, 0, 166, 255} }},
	{{ {395, 270, -18}, 0, {368, 496}, {166, 0, 166, 255} }},
	{{ {395, 270, -18}, 0, {368, 496}, {90, 0, 166, 255} }},
	{{ {421, 353, 8}, 0, {624, 240}, {90, 0, 166, 255} }},
	{{ {421, 270, 8}, 0, {368, 240}, {90, 0, 166, 255} }},
	{{ {395, 353, -18}, 0, {624, 496}, {90, 0, 166, 255} }},
};

Gfx car_root_mesh_layer_1_tri_0[] = {
	gsSPVertex(car_root_mesh_layer_1_vtx_0 + 0, 32, 0),
	gsSP2Triangles(0, 1, 2, 0, 0, 3, 1, 0),
	gsSP2Triangles(4, 5, 6, 0, 4, 7, 5, 0),
	gsSP2Triangles(8, 9, 10, 0, 8, 10, 11, 0),
	gsSP2Triangles(12, 13, 14, 0, 12, 14, 15, 0),
	gsSP2Triangles(16, 17, 18, 0, 16, 18, 19, 0),
	gsSP2Triangles(20, 21, 22, 0, 20, 23, 21, 0),
	gsSP2Triangles(24, 25, 26, 0, 24, 27, 25, 0),
	gsSP2Triangles(28, 29, 30, 0, 28, 30, 31, 0),
	gsSPVertex(car_root_mesh_layer_1_vtx_0 + 32, 24, 0),
	gsSP2Triangles(0, 1, 2, 0, 0, 2, 3, 0),
	gsSP2Triangles(4, 5, 6, 0, 4, 7, 5, 0),
	gsSP2Triangles(8, 9, 10, 0, 8, 10, 11, 0),
	gsSP2Triangles(12, 13, 14, 0, 12, 15, 13, 0),
	gsSP2Triangles(16, 17, 18, 0, 16, 18, 19, 0),
	gsSP2Triangles(20, 21, 22, 0, 20, 23, 21, 0),
	gsSPEndDisplayList(),
};

Vtx car_root_mesh_layer_1_vtx_1[166] = {
	{{ {289, 220, 263}, 0, {2300, 651}, {0, 0, 127, 255} }},
	{{ {-289, 270, 263}, 0, {-1308, 341}, {0, 0, 127, 255} }},
	{{ {-289, 220, 263}, 0, {-1308, 651}, {0, 0, 127, 255} }},
	{{ {289, 270, 263}, 0, {2300, 341}, {0, 0, 127, 255} }},
	{{ {-289, 220, 263}, 0, {-1091, 651}, {129, 0, 0, 255} }},
	{{ {-289, 270, 263}, 0, {-1091, 341}, {129, 0, 0, 255} }},
	{{ {-289, 270, 254}, 0, {-1037, 341}, {129, 0, 0, 255} }},
	{{ {-289, 220, 254}, 0, {-1037, 651}, {129, 0, 0, 255} }},
	{{ {289, 220, 263}, 0, {2300, 2083}, {0, 129, 0, 255} }},
	{{ {-289, 220, 263}, 0, {-1308, 2083}, {0, 129, 0, 255} }},
	{{ {-289, 220, 254}, 0, {-1308, 2029}, {0, 129, 0, 255} }},
	{{ {289, 220, 254}, 0, {2300, 2029}, {0, 129, 0, 255} }},
	{{ {292, 220, 193}, 0, {2316, 1647}, {0, 129, 0, 255} }},
	{{ {323, 220, 141}, 0, {2513, 1327}, {0, 129, 0, 255} }},
	{{ {289, 220, -240}, 0, {2300, -1057}, {0, 129, 0, 255} }},
	{{ {289, 220, -246}, 0, {2300, -1091}, {0, 129, 0, 255} }},
	{{ {-289, 220, -237}, 0, {-1308, -1037}, {0, 129, 0, 255} }},
	{{ {-292, 220, -176}, 0, {-1324, -655}, {0, 129, 0, 255} }},
	{{ {-292, 220, 193}, 0, {-1324, 1647}, {0, 129, 0, 255} }},
	{{ {-323, 220, -125}, 0, {-1521, -335}, {0, 129, 0, 255} }},
	{{ {-323, 220, 141}, 0, {-1521, 1327}, {0, 129, 0, 255} }},
	{{ {-486, 220, 118}, 0, {-2538, 1183}, {0, 129, 0, 255} }},
	{{ {-494, 220, 118}, 0, {-2586, 1183}, {0, 129, 0, 255} }},
	{{ {-486, 220, -102}, 0, {-2538, -191}, {0, 129, 0, 255} }},
	{{ {-494, 220, -102}, 0, {-2586, -191}, {0, 129, 0, 255} }},
	{{ {-289, 220, -246}, 0, {-1308, -1091}, {0, 129, 0, 255} }},
	{{ {-494, 220, 118}, 0, {-191, 651}, {129, 0, 0, 255} }},
	{{ {-494, 270, 118}, 0, {-191, 341}, {129, 0, 0, 255} }},
	{{ {-494, 270, -102}, 0, {1183, 341}, {129, 0, 0, 255} }},
	{{ {-494, 220, -102}, 0, {1183, 651}, {129, 0, 0, 255} }},
	{{ {-486, 220, 118}, 0, {-2538, 651}, {0, 0, 127, 255} }},
	{{ {-494, 270, 118}, 0, {-2586, 341}, {0, 0, 127, 255} }},
	{{ {-494, 220, 118}, 0, {-2586, 651}, {0, 0, 127, 255} }},
	{{ {-486, 270, 118}, 0, {-2538, 341}, {0, 0, 127, 255} }},
	{{ {-289, 220, 254}, 0, {-1037, 651}, {129, 0, 5, 255} }},
	{{ {-289, 270, 254}, 0, {-1037, 341}, {129, 0, 5, 255} }},
	{{ {-292, 270, 193}, 0, {-655, 341}, {129, 0, 5, 255} }},
	{{ {-292, 220, 193}, 0, {-655, 651}, {129, 0, 5, 255} }},
	{{ {-292, 220, 193}, 0, {-655, 651}, {148, 0, 67, 255} }},
	{{ {-292, 270, 193}, 0, {-655, 341}, {148, 0, 67, 255} }},
	{{ {-323, 270, 141}, 0, {-335, 341}, {148, 0, 67, 255} }},
	{{ {-323, 220, 141}, 0, {-335, 651}, {148, 0, 67, 255} }},
	{{ {-323, 220, 141}, 0, {-1521, 651}, {238, 0, 126, 255} }},
	{{ {-323, 270, 141}, 0, {-1521, 341}, {238, 0, 126, 255} }},
	{{ {-486, 270, 118}, 0, {-2538, 341}, {238, 0, 126, 255} }},
	{{ {-486, 220, 118}, 0, {-2538, 651}, {238, 0, 126, 255} }},
	{{ {-486, 270, -102}, 0, {-2538, -191}, {0, 127, 0, 255} }},
	{{ {-494, 270, -102}, 0, {-2586, -191}, {0, 127, 0, 255} }},
	{{ {-494, 270, 118}, 0, {-2586, 1183}, {0, 127, 0, 255} }},
	{{ {-486, 270, 118}, 0, {-2538, 1183}, {0, 127, 0, 255} }},
	{{ {-323, 270, 141}, 0, {-1521, 1327}, {0, 127, 0, 255} }},
	{{ {289, 270, 254}, 0, {2300, 2029}, {0, 127, 0, 255} }},
	{{ {-292, 270, 193}, 0, {-1324, 1647}, {0, 127, 0, 255} }},
	{{ {-289, 270, 254}, 0, {-1308, 2029}, {0, 127, 0, 255} }},
	{{ {-289, 270, 263}, 0, {-1308, 2083}, {0, 127, 0, 255} }},
	{{ {289, 270, 263}, 0, {2300, 2083}, {0, 127, 0, 255} }},
	{{ {-323, 270, -125}, 0, {-1521, -335}, {0, 127, 0, 255} }},
	{{ {-292, 270, -176}, 0, {-1324, -655}, {0, 127, 0, 255} }},
	{{ {289, 270, -240}, 0, {2300, -1057}, {0, 127, 0, 255} }},
	{{ {292, 270, 193}, 0, {2316, 1647}, {0, 127, 0, 255} }},
	{{ {323, 270, 141}, 0, {2513, 1327}, {0, 127, 0, 255} }},
	{{ {322, 270, -126}, 0, {2504, -341}, {0, 127, 0, 255} }},
	{{ {323, 270, 141}, 0, {2513, 1327}, {0, 127, 0, 255} }},
	{{ {486, 270, 118}, 0, {3530, 1183}, {0, 127, 0, 255} }},
	{{ {322, 270, -126}, 0, {2504, -341}, {0, 127, 0, 255} }},
	{{ {394, 270, -104}, 0, {2959, -203}, {0, 127, 0, 255} }},
	{{ {494, 270, 118}, 0, {3578, 1183}, {0, 127, 0, 255} }},
	{{ {481, 270, -102}, 0, {3501, -191}, {0, 127, 0, 255} }},
	{{ {494, 270, -102}, 0, {3578, -191}, {0, 127, 0, 255} }},
	{{ {289, 270, -240}, 0, {2300, -1057}, {0, 127, 0, 255} }},
	{{ {-289, 270, -237}, 0, {-1308, -1037}, {0, 127, 0, 255} }},
	{{ {-292, 270, -176}, 0, {-1324, -655}, {0, 127, 0, 255} }},
	{{ {-289, 270, -246}, 0, {-1308, -1091}, {0, 127, 0, 255} }},
	{{ {289, 270, -246}, 0, {2300, -1091}, {0, 127, 0, 255} }},
	{{ {-486, 270, -102}, 0, {-2538, 341}, {0, 0, 129, 255} }},
	{{ {-486, 220, -102}, 0, {-2538, 651}, {0, 0, 129, 255} }},
	{{ {-494, 220, -102}, 0, {-2586, 651}, {0, 0, 129, 255} }},
	{{ {-494, 270, -102}, 0, {-2586, 341}, {0, 0, 129, 255} }},
	{{ {-289, 220, -246}, 0, {-1308, 651}, {0, 0, 129, 255} }},
	{{ {-289, 270, -246}, 0, {-1308, 341}, {0, 0, 129, 255} }},
	{{ {289, 270, -246}, 0, {2300, 341}, {0, 0, 129, 255} }},
	{{ {289, 220, -246}, 0, {2300, 651}, {0, 0, 129, 255} }},
	{{ {-289, 270, -246}, 0, {2083, 341}, {129, 0, 0, 255} }},
	{{ {-289, 220, -246}, 0, {2083, 651}, {129, 0, 0, 255} }},
	{{ {-289, 220, -237}, 0, {2029, 651}, {129, 0, 0, 255} }},
	{{ {-289, 270, -237}, 0, {2029, 341}, {129, 0, 0, 255} }},
	{{ {-323, 270, -125}, 0, {-1521, 341}, {238, 0, 130, 255} }},
	{{ {-323, 220, -125}, 0, {-1521, 651}, {238, 0, 130, 255} }},
	{{ {-486, 220, -102}, 0, {-2538, 651}, {238, 0, 130, 255} }},
	{{ {-486, 270, -102}, 0, {-2538, 341}, {238, 0, 130, 255} }},
	{{ {-292, 270, -176}, 0, {1647, 341}, {148, 0, 189, 255} }},
	{{ {-292, 220, -176}, 0, {1647, 651}, {148, 0, 189, 255} }},
	{{ {-323, 220, -125}, 0, {1327, 651}, {148, 0, 189, 255} }},
	{{ {-323, 270, -125}, 0, {1327, 341}, {148, 0, 189, 255} }},
	{{ {-289, 270, -237}, 0, {2029, 341}, {129, 0, 251, 255} }},
	{{ {-289, 220, -237}, 0, {2029, 651}, {129, 0, 251, 255} }},
	{{ {-292, 220, -176}, 0, {1647, 651}, {129, 0, 251, 255} }},
	{{ {-292, 270, -176}, 0, {1647, 341}, {129, 0, 251, 255} }},
	{{ {494, 220, -102}, 0, {1183, 651}, {127, 0, 0, 255} }},
	{{ {494, 270, 118}, 0, {-191, 341}, {127, 0, 0, 255} }},
	{{ {494, 220, 118}, 0, {-191, 651}, {127, 0, 0, 255} }},
	{{ {494, 270, -102}, 0, {1183, 341}, {127, 0, 0, 255} }},
	{{ {486, 270, 118}, 0, {3530, 341}, {0, 0, 127, 255} }},
	{{ {486, 220, 118}, 0, {3530, 651}, {0, 0, 127, 255} }},
	{{ {494, 220, 118}, 0, {3578, 651}, {0, 0, 127, 255} }},
	{{ {494, 270, 118}, 0, {3578, 341}, {0, 0, 127, 255} }},
	{{ {494, 220, -102}, 0, {3578, -191}, {0, 129, 0, 255} }},
	{{ {494, 220, 118}, 0, {3578, 1183}, {0, 129, 0, 255} }},
	{{ {486, 220, 118}, 0, {3530, 1183}, {0, 129, 0, 255} }},
	{{ {323, 220, 141}, 0, {2513, 1327}, {0, 129, 0, 255} }},
	{{ {481, 220, -102}, 0, {3501, -191}, {0, 129, 0, 255} }},
	{{ {394, 220, -104}, 0, {2959, -203}, {0, 129, 0, 255} }},
	{{ {322, 220, -126}, 0, {2504, -341}, {0, 129, 0, 255} }},
	{{ {289, 220, -240}, 0, {2300, -1057}, {0, 129, 0, 255} }},
	{{ {289, 270, 263}, 0, {-1091, 341}, {127, 0, 0, 255} }},
	{{ {289, 220, 263}, 0, {-1091, 651}, {127, 0, 0, 255} }},
	{{ {289, 220, 254}, 0, {-1037, 651}, {127, 0, 0, 255} }},
	{{ {289, 270, 254}, 0, {-1037, 341}, {127, 0, 0, 255} }},
	{{ {323, 270, 141}, 0, {2513, 341}, {18, 0, 126, 255} }},
	{{ {323, 220, 141}, 0, {2513, 651}, {18, 0, 126, 255} }},
	{{ {486, 220, 118}, 0, {3530, 651}, {18, 0, 126, 255} }},
	{{ {486, 270, 118}, 0, {3530, 341}, {18, 0, 126, 255} }},
	{{ {292, 270, 193}, 0, {-655, 341}, {108, 0, 67, 255} }},
	{{ {292, 220, 193}, 0, {-655, 651}, {108, 0, 67, 255} }},
	{{ {323, 220, 141}, 0, {-335, 651}, {108, 0, 67, 255} }},
	{{ {323, 270, 141}, 0, {-335, 341}, {108, 0, 67, 255} }},
	{{ {289, 270, 254}, 0, {-1037, 341}, {127, 0, 5, 255} }},
	{{ {289, 220, 254}, 0, {-1037, 651}, {127, 0, 5, 255} }},
	{{ {292, 220, 193}, 0, {-655, 651}, {127, 0, 5, 255} }},
	{{ {292, 270, 193}, 0, {-655, 341}, {127, 0, 5, 255} }},
	{{ {289, 270, -240}, 0, {2049, 341}, {127, 0, 0, 255} }},
	{{ {289, 220, -240}, 0, {2049, 651}, {127, 0, 0, 255} }},
	{{ {289, 220, -246}, 0, {2083, 651}, {127, 0, 0, 255} }},
	{{ {289, 270, -246}, 0, {2083, 341}, {127, 0, 0, 255} }},
	{{ {494, 270, -102}, 0, {3578, 341}, {0, 0, 129, 255} }},
	{{ {494, 220, -102}, 0, {3578, 651}, {0, 0, 129, 255} }},
	{{ {481, 220, -102}, 0, {3501, 651}, {0, 0, 129, 255} }},
	{{ {481, 270, -102}, 0, {3501, 341}, {0, 0, 129, 255} }},
	{{ {322, 270, -126}, 0, {1333, 341}, {122, 0, 221, 255} }},
	{{ {322, 220, -126}, 0, {1333, 651}, {122, 0, 221, 255} }},
	{{ {289, 220, -240}, 0, {2049, 651}, {122, 0, 221, 255} }},
	{{ {289, 270, -240}, 0, {2049, 341}, {122, 0, 221, 255} }},
	{{ {394, 270, -104}, 0, {2959, 341}, {37, 0, 135, 255} }},
	{{ {394, 220, -104}, 0, {2959, 651}, {37, 0, 135, 255} }},
	{{ {322, 220, -126}, 0, {2504, 651}, {37, 0, 135, 255} }},
	{{ {322, 270, -126}, 0, {2504, 341}, {37, 0, 135, 255} }},
	{{ {481, 270, -102}, 0, {3501, 341}, {3, 0, 129, 255} }},
	{{ {481, 220, -102}, 0, {3501, 651}, {3, 0, 129, 255} }},
	{{ {394, 220, -104}, 0, {2959, 651}, {3, 0, 129, 255} }},
	{{ {394, 270, -104}, 0, {2959, 341}, {3, 0, 129, 255} }},
	{{ {470, 570, -92}, 0, {1234, -488}, {0, 127, 0, 255} }},
	{{ {448, 570, -145}, 0, {1018, -1010}, {0, 127, 0, 255} }},
	{{ {395, 570, -167}, 0, {496, -1227}, {0, 127, 0, 255} }},
	{{ {320, 570, -92}, 0, {-242, -488}, {0, 127, 0, 255} }},
	{{ {342, 570, -145}, 0, {-26, -1010}, {0, 127, 0, 255} }},
	{{ {395, 570, -17}, 0, {496, 250}, {0, 127, 0, 255} }},
	{{ {342, 570, -39}, 0, {-26, 34}, {0, 127, 0, 255} }},
	{{ {448, 570, -39}, 0, {1018, 34}, {0, 127, 0, 255} }},
	{{ {470, 570, 108}, 0, {1234, 1480}, {0, 127, 0, 255} }},
	{{ {448, 570, 55}, 0, {1018, 958}, {0, 127, 0, 255} }},
	{{ {395, 570, 33}, 0, {496, 742}, {0, 127, 0, 255} }},
	{{ {320, 570, 108}, 0, {-242, 1480}, {0, 127, 0, 255} }},
	{{ {342, 570, 55}, 0, {-26, 958}, {0, 127, 0, 255} }},
	{{ {395, 570, 183}, 0, {496, 2219}, {0, 127, 0, 255} }},
	{{ {342, 570, 161}, 0, {-26, 2002}, {0, 127, 0, 255} }},
	{{ {448, 570, 161}, 0, {1018, 2002}, {0, 127, 0, 255} }},
};

Gfx car_root_mesh_layer_1_tri_1[] = {
	gsSPVertex(car_root_mesh_layer_1_vtx_1 + 0, 30, 0),
	gsSP2Triangles(0, 1, 2, 0, 0, 3, 1, 0),
	gsSP2Triangles(4, 5, 6, 0, 4, 6, 7, 0),
	gsSP2Triangles(8, 9, 10, 0, 11, 8, 10, 0),
	gsSP2Triangles(12, 11, 10, 0, 13, 12, 10, 0),
	gsSP2Triangles(13, 10, 14, 0, 10, 15, 14, 0),
	gsSP2Triangles(10, 16, 15, 0, 10, 17, 16, 0),
	gsSP2Triangles(10, 18, 17, 0, 18, 19, 17, 0),
	gsSP2Triangles(18, 20, 19, 0, 20, 21, 19, 0),
	gsSP2Triangles(21, 22, 19, 0, 22, 23, 19, 0),
	gsSP2Triangles(22, 24, 23, 0, 16, 25, 15, 0),
	gsSP2Triangles(26, 27, 28, 0, 26, 28, 29, 0),
	gsSPVertex(car_root_mesh_layer_1_vtx_1 + 30, 32, 0),
	gsSP2Triangles(0, 1, 2, 0, 0, 3, 1, 0),
	gsSP2Triangles(4, 5, 6, 0, 4, 6, 7, 0),
	gsSP2Triangles(8, 9, 10, 0, 8, 10, 11, 0),
	gsSP2Triangles(12, 13, 14, 0, 12, 14, 15, 0),
	gsSP2Triangles(16, 17, 18, 0, 16, 18, 19, 0),
	gsSP2Triangles(16, 19, 20, 0, 20, 21, 16, 0),
	gsSP2Triangles(20, 22, 21, 0, 22, 23, 21, 0),
	gsSP2Triangles(23, 24, 21, 0, 24, 25, 21, 0),
	gsSP2Triangles(21, 26, 16, 0, 21, 27, 26, 0),
	gsSP2Triangles(21, 28, 27, 0, 21, 29, 28, 0),
	gsSP2Triangles(29, 30, 28, 0, 30, 31, 28, 0),
	gsSPVertex(car_root_mesh_layer_1_vtx_1 + 62, 32, 0),
	gsSP2Triangles(0, 1, 2, 0, 1, 3, 2, 0),
	gsSP2Triangles(1, 4, 3, 0, 4, 5, 3, 0),
	gsSP2Triangles(4, 6, 5, 0, 7, 8, 9, 0),
	gsSP2Triangles(7, 10, 8, 0, 7, 11, 10, 0),
	gsSP2Triangles(12, 13, 14, 0, 12, 14, 15, 0),
	gsSP2Triangles(16, 17, 18, 0, 16, 18, 19, 0),
	gsSP2Triangles(20, 21, 22, 0, 20, 22, 23, 0),
	gsSP2Triangles(24, 25, 26, 0, 24, 26, 27, 0),
	gsSP2Triangles(28, 29, 30, 0, 28, 30, 31, 0),
	gsSPVertex(car_root_mesh_layer_1_vtx_1 + 94, 32, 0),
	gsSP2Triangles(0, 1, 2, 0, 0, 2, 3, 0),
	gsSP2Triangles(4, 5, 6, 0, 4, 7, 5, 0),
	gsSP2Triangles(8, 9, 10, 0, 8, 10, 11, 0),
	gsSP2Triangles(12, 13, 14, 0, 12, 14, 15, 0),
	gsSP2Triangles(16, 12, 15, 0, 17, 16, 15, 0),
	gsSP2Triangles(18, 17, 15, 0, 15, 19, 18, 0),
	gsSP2Triangles(20, 21, 22, 0, 20, 22, 23, 0),
	gsSP2Triangles(24, 25, 26, 0, 24, 26, 27, 0),
	gsSP2Triangles(28, 29, 30, 0, 28, 30, 31, 0),
	gsSPVertex(car_root_mesh_layer_1_vtx_1 + 126, 32, 0),
	gsSP2Triangles(0, 1, 2, 0, 0, 2, 3, 0),
	gsSP2Triangles(4, 5, 6, 0, 4, 6, 7, 0),
	gsSP2Triangles(8, 9, 10, 0, 8, 10, 11, 0),
	gsSP2Triangles(12, 13, 14, 0, 12, 14, 15, 0),
	gsSP2Triangles(16, 17, 18, 0, 16, 18, 19, 0),
	gsSP2Triangles(20, 21, 22, 0, 20, 22, 23, 0),
	gsSP2Triangles(24, 25, 26, 0, 24, 26, 27, 0),
	gsSP2Triangles(26, 28, 27, 0, 27, 29, 24, 0),
	gsSP2Triangles(27, 30, 29, 0, 29, 31, 24, 0),
	gsSPVertex(car_root_mesh_layer_1_vtx_1 + 158, 8, 0),
	gsSP2Triangles(0, 1, 2, 0, 0, 2, 3, 0),
	gsSP2Triangles(2, 4, 3, 0, 3, 5, 0, 0),
	gsSP2Triangles(3, 6, 5, 0, 5, 7, 0, 0),
	gsSPEndDisplayList(),
};

Vtx car_root_mesh_layer_1_vtx_2[60] = {
	{{ {-289, 270, 263}, 0, {424, 2032}, {129, 0, 0, 255} }},
	{{ {-289, 570, 263}, 0, {424, -16}, {129, 0, 0, 255} }},
	{{ {-289, 570, 221}, 0, {568, -16}, {129, 0, 0, 255} }},
	{{ {-289, 270, 221}, 0, {568, 2032}, {129, 0, 0, 255} }},
	{{ {-139, 270, 244}, 0, {496, 2032}, {16, 0, 126, 255} }},
	{{ {-289, 570, 263}, 0, {-16, -16}, {16, 0, 126, 255} }},
	{{ {-289, 270, 263}, 0, {-16, 2032}, {16, 0, 126, 255} }},
	{{ {-139, 570, 244}, 0, {496, -16}, {16, 0, 126, 255} }},
	{{ {-139, 570, 202}, 0, {496, 865}, {0, 127, 0, 255} }},
	{{ {-289, 570, 221}, 0, {-16, 865}, {0, 127, 0, 255} }},
	{{ {-289, 570, 263}, 0, {-16, 1151}, {0, 127, 0, 255} }},
	{{ {-139, 570, 244}, 0, {496, 1151}, {0, 127, 0, 255} }},
	{{ {11, 570, 221}, 0, {1008, 865}, {0, 127, 0, 255} }},
	{{ {11, 570, 263}, 0, {1008, 1151}, {0, 127, 0, 255} }},
	{{ {-289, 270, 221}, 0, {-16, 2032}, {240, 0, 130, 255} }},
	{{ {-289, 570, 221}, 0, {-16, -16}, {240, 0, 130, 255} }},
	{{ {-139, 570, 202}, 0, {496, -16}, {240, 0, 130, 255} }},
	{{ {-139, 270, 202}, 0, {496, 2032}, {240, 0, 130, 255} }},
	{{ {11, 270, 221}, 0, {568, 2032}, {127, 0, 0, 255} }},
	{{ {11, 570, 263}, 0, {424, -16}, {127, 0, 0, 255} }},
	{{ {11, 270, 263}, 0, {424, 2032}, {127, 0, 0, 255} }},
	{{ {11, 570, 221}, 0, {568, -16}, {127, 0, 0, 255} }},
	{{ {11, 270, 263}, 0, {1008, 2032}, {240, 0, 126, 255} }},
	{{ {11, 570, 263}, 0, {1008, -16}, {240, 0, 126, 255} }},
	{{ {-139, 570, 244}, 0, {496, -16}, {240, 0, 126, 255} }},
	{{ {-139, 270, 244}, 0, {496, 2032}, {240, 0, 126, 255} }},
	{{ {-139, 270, 202}, 0, {496, 2032}, {16, 0, 130, 255} }},
	{{ {11, 570, 221}, 0, {1008, -16}, {16, 0, 130, 255} }},
	{{ {11, 270, 221}, 0, {1008, 2032}, {16, 0, 130, 255} }},
	{{ {-139, 570, 202}, 0, {496, -16}, {16, 0, 130, 255} }},
	{{ {289, 270, 212}, 0, {566, 2032}, {127, 0, 0, 255} }},
	{{ {289, 717, 212}, 0, {566, -16}, {127, 0, 0, 255} }},
	{{ {289, 717, 254}, 0, {469, -16}, {127, 0, 0, 255} }},
	{{ {289, 270, 254}, 0, {469, 2032}, {127, 0, 0, 255} }},
	{{ {139, 270, 231}, 0, {496, 2032}, {240, 0, 130, 255} }},
	{{ {289, 717, 212}, 0, {840, -16}, {240, 0, 130, 255} }},
	{{ {289, 270, 212}, 0, {840, 2032}, {240, 0, 130, 255} }},
	{{ {139, 717, 231}, 0, {496, -16}, {240, 0, 130, 255} }},
	{{ {139, 717, 273}, 0, {496, 1147}, {0, 127, 0, 255} }},
	{{ {289, 717, 254}, 0, {840, 1061}, {0, 127, 0, 255} }},
	{{ {289, 717, 212}, 0, {840, 869}, {0, 127, 0, 255} }},
	{{ {139, 717, 231}, 0, {496, 955}, {0, 127, 0, 255} }},
	{{ {-11, 717, 254}, 0, {152, 1061}, {0, 127, 0, 255} }},
	{{ {-11, 717, 212}, 0, {152, 869}, {0, 127, 0, 255} }},
	{{ {289, 270, 254}, 0, {840, 2032}, {16, 0, 126, 255} }},
	{{ {289, 717, 254}, 0, {840, -16}, {16, 0, 126, 255} }},
	{{ {139, 717, 273}, 0, {496, -16}, {16, 0, 126, 255} }},
	{{ {139, 270, 273}, 0, {496, 2032}, {16, 0, 126, 255} }},
	{{ {-11, 270, 254}, 0, {469, 2032}, {129, 0, 0, 255} }},
	{{ {-11, 717, 212}, 0, {566, -16}, {129, 0, 0, 255} }},
	{{ {-11, 270, 212}, 0, {566, 2032}, {129, 0, 0, 255} }},
	{{ {-11, 717, 254}, 0, {469, -16}, {129, 0, 0, 255} }},
	{{ {-11, 270, 212}, 0, {152, 2032}, {16, 0, 130, 255} }},
	{{ {-11, 717, 212}, 0, {152, -16}, {16, 0, 130, 255} }},
	{{ {139, 717, 231}, 0, {496, -16}, {16, 0, 130, 255} }},
	{{ {139, 270, 231}, 0, {496, 2032}, {16, 0, 130, 255} }},
	{{ {139, 270, 273}, 0, {496, 2032}, {240, 0, 126, 255} }},
	{{ {-11, 717, 254}, 0, {152, -16}, {240, 0, 126, 255} }},
	{{ {-11, 270, 254}, 0, {152, 2032}, {240, 0, 126, 255} }},
	{{ {139, 717, 273}, 0, {496, -16}, {240, 0, 126, 255} }},
};

Gfx car_root_mesh_layer_1_tri_2[] = {
	gsSPVertex(car_root_mesh_layer_1_vtx_2 + 0, 30, 0),
	gsSP2Triangles(0, 1, 2, 0, 0, 2, 3, 0),
	gsSP2Triangles(4, 5, 6, 0, 4, 7, 5, 0),
	gsSP2Triangles(8, 9, 10, 0, 8, 10, 11, 0),
	gsSP2Triangles(12, 8, 11, 0, 12, 11, 13, 0),
	gsSP2Triangles(14, 15, 16, 0, 14, 16, 17, 0),
	gsSP2Triangles(18, 19, 20, 0, 18, 21, 19, 0),
	gsSP2Triangles(22, 23, 24, 0, 22, 24, 25, 0),
	gsSP2Triangles(26, 27, 28, 0, 26, 29, 27, 0),
	gsSPVertex(car_root_mesh_layer_1_vtx_2 + 30, 30, 0),
	gsSP2Triangles(0, 1, 2, 0, 0, 2, 3, 0),
	gsSP2Triangles(4, 5, 6, 0, 4, 7, 5, 0),
	gsSP2Triangles(8, 9, 10, 0, 8, 10, 11, 0),
	gsSP2Triangles(12, 8, 11, 0, 12, 11, 13, 0),
	gsSP2Triangles(14, 15, 16, 0, 14, 16, 17, 0),
	gsSP2Triangles(18, 19, 20, 0, 18, 21, 19, 0),
	gsSP2Triangles(22, 23, 24, 0, 22, 24, 25, 0),
	gsSP2Triangles(26, 27, 28, 0, 26, 29, 27, 0),
	gsSPEndDisplayList(),
};

Vtx car_root_mesh_layer_1_vtx_3[128] = {
	{{ {342, 370, -145}, 0, {-4111, 1096}, {207, 0, 139, 255} }},
	{{ {395, 397, -167}, 0, {-5855, -67}, {207, 0, 139, 255} }},
	{{ {395, 370, -167}, 0, {-5855, 1096}, {207, 0, 139, 255} }},
	{{ {342, 397, -145}, 0, {-4111, -67}, {207, 0, 139, 255} }},
	{{ {395, 370, -167}, 0, {8095, 1096}, {49, 0, 139, 255} }},
	{{ {395, 397, -167}, 0, {8095, -67}, {49, 0, 139, 255} }},
	{{ {448, 397, -145}, 0, {6351, -67}, {49, 0, 139, 255} }},
	{{ {448, 370, -145}, 0, {6351, 1096}, {49, 0, 139, 255} }},
	{{ {395, 543, -167}, 0, {8155, 1069}, {49, 0, 139, 255} }},
	{{ {395, 570, -167}, 0, {8155, -94}, {49, 0, 139, 255} }},
	{{ {448, 570, -145}, 0, {6412, -94}, {49, 0, 139, 255} }},
	{{ {448, 543, -145}, 0, {6412, 1069}, {49, 0, 139, 255} }},
	{{ {342, 543, -145}, 0, {-4051, 1069}, {207, 0, 139, 255} }},
	{{ {342, 570, -145}, 0, {-4051, -94}, {207, 0, 139, 255} }},
	{{ {395, 570, -167}, 0, {-5794, -94}, {207, 0, 139, 255} }},
	{{ {395, 543, -167}, 0, {-5794, 1069}, {207, 0, 139, 255} }},
	{{ {448, 370, -145}, 0, {6351, 1096}, {117, 0, 207, 255} }},
	{{ {448, 397, -145}, 0, {6351, -67}, {117, 0, 207, 255} }},
	{{ {470, 397, -92}, 0, {4607, -67}, {117, 0, 207, 255} }},
	{{ {470, 370, -92}, 0, {4607, 1096}, {117, 0, 207, 255} }},
	{{ {448, 543, -145}, 0, {6412, 1069}, {117, 0, 207, 255} }},
	{{ {448, 570, -145}, 0, {6412, -94}, {117, 0, 207, 255} }},
	{{ {470, 570, -92}, 0, {4668, -94}, {117, 0, 207, 255} }},
	{{ {470, 543, -92}, 0, {4668, 1069}, {117, 0, 207, 255} }},
	{{ {470, 370, -92}, 0, {4607, 1096}, {117, 0, 49, 255} }},
	{{ {470, 397, -92}, 0, {4607, -67}, {117, 0, 49, 255} }},
	{{ {448, 397, -39}, 0, {2864, -67}, {117, 0, 49, 255} }},
	{{ {448, 370, -39}, 0, {2864, 1096}, {117, 0, 49, 255} }},
	{{ {470, 543, -92}, 0, {4668, 1069}, {117, 0, 49, 255} }},
	{{ {470, 570, -92}, 0, {4668, -94}, {117, 0, 49, 255} }},
	{{ {448, 570, -39}, 0, {2924, -94}, {117, 0, 49, 255} }},
	{{ {448, 543, -39}, 0, {2924, 1069}, {117, 0, 49, 255} }},
	{{ {448, 370, -39}, 0, {2864, 1096}, {49, 0, 117, 255} }},
	{{ {448, 397, -39}, 0, {2864, -67}, {49, 0, 117, 255} }},
	{{ {395, 397, -17}, 0, {1120, -67}, {49, 0, 117, 255} }},
	{{ {395, 370, -17}, 0, {1120, 1096}, {49, 0, 117, 255} }},
	{{ {448, 543, -39}, 0, {2924, 1069}, {49, 0, 117, 255} }},
	{{ {448, 570, -39}, 0, {2924, -94}, {49, 0, 117, 255} }},
	{{ {395, 570, -17}, 0, {1180, -94}, {49, 0, 117, 255} }},
	{{ {395, 543, -17}, 0, {1180, 1069}, {49, 0, 117, 255} }},
	{{ {395, 370, -17}, 0, {1120, 1096}, {207, 0, 117, 255} }},
	{{ {395, 397, -17}, 0, {1120, -67}, {207, 0, 117, 255} }},
	{{ {342, 397, -39}, 0, {-624, -67}, {207, 0, 117, 255} }},
	{{ {342, 370, -39}, 0, {-624, 1096}, {207, 0, 117, 255} }},
	{{ {395, 543, -17}, 0, {1180, 1069}, {207, 0, 117, 255} }},
	{{ {395, 570, -17}, 0, {1180, -94}, {207, 0, 117, 255} }},
	{{ {342, 570, -39}, 0, {-563, -94}, {207, 0, 117, 255} }},
	{{ {342, 543, -39}, 0, {-563, 1069}, {207, 0, 117, 255} }},
	{{ {342, 370, -39}, 0, {-624, 1096}, {139, 0, 49, 255} }},
	{{ {342, 397, -39}, 0, {-624, -67}, {139, 0, 49, 255} }},
	{{ {320, 397, -92}, 0, {-2367, -67}, {139, 0, 49, 255} }},
	{{ {320, 370, -92}, 0, {-2367, 1096}, {139, 0, 49, 255} }},
	{{ {342, 543, -39}, 0, {-563, 1069}, {139, 0, 49, 255} }},
	{{ {342, 570, -39}, 0, {-563, -94}, {139, 0, 49, 255} }},
	{{ {320, 570, -92}, 0, {-2307, -94}, {139, 0, 49, 255} }},
	{{ {320, 543, -92}, 0, {-2307, 1069}, {139, 0, 49, 255} }},
	{{ {320, 370, -92}, 0, {-2367, 1096}, {139, 0, 207, 255} }},
	{{ {320, 397, -92}, 0, {-2367, -67}, {139, 0, 207, 255} }},
	{{ {342, 397, -145}, 0, {-4111, -67}, {139, 0, 207, 255} }},
	{{ {342, 370, -145}, 0, {-4111, 1096}, {139, 0, 207, 255} }},
	{{ {320, 543, -92}, 0, {-2307, 1069}, {139, 0, 207, 255} }},
	{{ {320, 570, -92}, 0, {-2307, -94}, {139, 0, 207, 255} }},
	{{ {342, 570, -145}, 0, {-4051, -94}, {139, 0, 207, 255} }},
	{{ {342, 543, -145}, 0, {-4051, 1069}, {139, 0, 207, 255} }},
	{{ {342, 370, 55}, 0, {-4111, 1096}, {207, 0, 139, 255} }},
	{{ {395, 397, 33}, 0, {-5855, -67}, {207, 0, 139, 255} }},
	{{ {395, 370, 33}, 0, {-5855, 1096}, {207, 0, 139, 255} }},
	{{ {342, 397, 55}, 0, {-4111, -67}, {207, 0, 139, 255} }},
	{{ {395, 370, 33}, 0, {8095, 1096}, {49, 0, 139, 255} }},
	{{ {395, 397, 33}, 0, {8095, -67}, {49, 0, 139, 255} }},
	{{ {448, 397, 55}, 0, {6351, -67}, {49, 0, 139, 255} }},
	{{ {448, 370, 55}, 0, {6351, 1096}, {49, 0, 139, 255} }},
	{{ {395, 543, 33}, 0, {8155, 1069}, {49, 0, 139, 255} }},
	{{ {395, 570, 33}, 0, {8155, -94}, {49, 0, 139, 255} }},
	{{ {448, 570, 55}, 0, {6412, -94}, {49, 0, 139, 255} }},
	{{ {448, 543, 55}, 0, {6412, 1069}, {49, 0, 139, 255} }},
	{{ {342, 543, 55}, 0, {-4051, 1069}, {207, 0, 139, 255} }},
	{{ {342, 570, 55}, 0, {-4051, -94}, {207, 0, 139, 255} }},
	{{ {395, 570, 33}, 0, {-5794, -94}, {207, 0, 139, 255} }},
	{{ {395, 543, 33}, 0, {-5794, 1069}, {207, 0, 139, 255} }},
	{{ {448, 370, 55}, 0, {6351, 1096}, {117, 0, 207, 255} }},
	{{ {448, 397, 55}, 0, {6351, -67}, {117, 0, 207, 255} }},
	{{ {470, 397, 108}, 0, {4607, -67}, {117, 0, 207, 255} }},
	{{ {470, 370, 108}, 0, {4607, 1096}, {117, 0, 207, 255} }},
	{{ {448, 543, 55}, 0, {6412, 1069}, {117, 0, 207, 255} }},
	{{ {448, 570, 55}, 0, {6412, -94}, {117, 0, 207, 255} }},
	{{ {470, 570, 108}, 0, {4668, -94}, {117, 0, 207, 255} }},
	{{ {470, 543, 108}, 0, {4668, 1069}, {117, 0, 207, 255} }},
	{{ {470, 370, 108}, 0, {4607, 1096}, {117, 0, 49, 255} }},
	{{ {470, 397, 108}, 0, {4607, -67}, {117, 0, 49, 255} }},
	{{ {448, 397, 161}, 0, {2864, -67}, {117, 0, 49, 255} }},
	{{ {448, 370, 161}, 0, {2864, 1096}, {117, 0, 49, 255} }},
	{{ {470, 543, 108}, 0, {4668, 1069}, {117, 0, 49, 255} }},
	{{ {470, 570, 108}, 0, {4668, -94}, {117, 0, 49, 255} }},
	{{ {448, 570, 161}, 0, {2924, -94}, {117, 0, 49, 255} }},
	{{ {448, 543, 161}, 0, {2924, 1069}, {117, 0, 49, 255} }},
	{{ {448, 370, 161}, 0, {2864, 1096}, {49, 0, 117, 255} }},
	{{ {448, 397, 161}, 0, {2864, -67}, {49, 0, 117, 255} }},
	{{ {395, 397, 183}, 0, {1120, -67}, {49, 0, 117, 255} }},
	{{ {395, 370, 183}, 0, {1120, 1096}, {49, 0, 117, 255} }},
	{{ {448, 543, 161}, 0, {2924, 1069}, {49, 0, 117, 255} }},
	{{ {448, 570, 161}, 0, {2924, -94}, {49, 0, 117, 255} }},
	{{ {395, 570, 183}, 0, {1180, -94}, {49, 0, 117, 255} }},
	{{ {395, 543, 183}, 0, {1180, 1069}, {49, 0, 117, 255} }},
	{{ {395, 370, 183}, 0, {1120, 1096}, {207, 0, 117, 255} }},
	{{ {395, 397, 183}, 0, {1120, -67}, {207, 0, 117, 255} }},
	{{ {342, 397, 161}, 0, {-624, -67}, {207, 0, 117, 255} }},
	{{ {342, 370, 161}, 0, {-624, 1096}, {207, 0, 117, 255} }},
	{{ {395, 543, 183}, 0, {1180, 1069}, {207, 0, 117, 255} }},
	{{ {395, 570, 183}, 0, {1180, -94}, {207, 0, 117, 255} }},
	{{ {342, 570, 161}, 0, {-563, -94}, {207, 0, 117, 255} }},
	{{ {342, 543, 161}, 0, {-563, 1069}, {207, 0, 117, 255} }},
	{{ {342, 370, 161}, 0, {-624, 1096}, {139, 0, 49, 255} }},
	{{ {342, 397, 161}, 0, {-624, -67}, {139, 0, 49, 255} }},
	{{ {320, 397, 108}, 0, {-2367, -67}, {139, 0, 49, 255} }},
	{{ {320, 370, 108}, 0, {-2367, 1096}, {139, 0, 49, 255} }},
	{{ {342, 543, 161}, 0, {-563, 1069}, {139, 0, 49, 255} }},
	{{ {342, 570, 161}, 0, {-563, -94}, {139, 0, 49, 255} }},
	{{ {320, 570, 108}, 0, {-2307, -94}, {139, 0, 49, 255} }},
	{{ {320, 543, 108}, 0, {-2307, 1069}, {139, 0, 49, 255} }},
	{{ {320, 370, 108}, 0, {-2367, 1096}, {139, 0, 207, 255} }},
	{{ {320, 397, 108}, 0, {-2367, -67}, {139, 0, 207, 255} }},
	{{ {342, 397, 55}, 0, {-4111, -67}, {139, 0, 207, 255} }},
	{{ {342, 370, 55}, 0, {-4111, 1096}, {139, 0, 207, 255} }},
	{{ {320, 543, 108}, 0, {-2307, 1069}, {139, 0, 207, 255} }},
	{{ {320, 570, 108}, 0, {-2307, -94}, {139, 0, 207, 255} }},
	{{ {342, 570, 55}, 0, {-4051, -94}, {139, 0, 207, 255} }},
	{{ {342, 543, 55}, 0, {-4051, 1069}, {139, 0, 207, 255} }},
};

Gfx car_root_mesh_layer_1_tri_3[] = {
	gsSPVertex(car_root_mesh_layer_1_vtx_3 + 0, 32, 0),
	gsSP2Triangles(0, 1, 2, 0, 0, 3, 1, 0),
	gsSP2Triangles(4, 5, 6, 0, 4, 6, 7, 0),
	gsSP2Triangles(8, 9, 10, 0, 8, 10, 11, 0),
	gsSP2Triangles(12, 13, 14, 0, 12, 14, 15, 0),
	gsSP2Triangles(16, 17, 18, 0, 16, 18, 19, 0),
	gsSP2Triangles(20, 21, 22, 0, 20, 22, 23, 0),
	gsSP2Triangles(24, 25, 26, 0, 24, 26, 27, 0),
	gsSP2Triangles(28, 29, 30, 0, 28, 30, 31, 0),
	gsSPVertex(car_root_mesh_layer_1_vtx_3 + 32, 32, 0),
	gsSP2Triangles(0, 1, 2, 0, 0, 2, 3, 0),
	gsSP2Triangles(4, 5, 6, 0, 4, 6, 7, 0),
	gsSP2Triangles(8, 9, 10, 0, 8, 10, 11, 0),
	gsSP2Triangles(12, 13, 14, 0, 12, 14, 15, 0),
	gsSP2Triangles(16, 17, 18, 0, 16, 18, 19, 0),
	gsSP2Triangles(20, 21, 22, 0, 20, 22, 23, 0),
	gsSP2Triangles(24, 25, 26, 0, 24, 26, 27, 0),
	gsSP2Triangles(28, 29, 30, 0, 28, 30, 31, 0),
	gsSPVertex(car_root_mesh_layer_1_vtx_3 + 64, 32, 0),
	gsSP2Triangles(0, 1, 2, 0, 0, 3, 1, 0),
	gsSP2Triangles(4, 5, 6, 0, 4, 6, 7, 0),
	gsSP2Triangles(8, 9, 10, 0, 8, 10, 11, 0),
	gsSP2Triangles(12, 13, 14, 0, 12, 14, 15, 0),
	gsSP2Triangles(16, 17, 18, 0, 16, 18, 19, 0),
	gsSP2Triangles(20, 21, 22, 0, 20, 22, 23, 0),
	gsSP2Triangles(24, 25, 26, 0, 24, 26, 27, 0),
	gsSP2Triangles(28, 29, 30, 0, 28, 30, 31, 0),
	gsSPVertex(car_root_mesh_layer_1_vtx_3 + 96, 32, 0),
	gsSP2Triangles(0, 1, 2, 0, 0, 2, 3, 0),
	gsSP2Triangles(4, 5, 6, 0, 4, 6, 7, 0),
	gsSP2Triangles(8, 9, 10, 0, 8, 10, 11, 0),
	gsSP2Triangles(12, 13, 14, 0, 12, 14, 15, 0),
	gsSP2Triangles(16, 17, 18, 0, 16, 18, 19, 0),
	gsSP2Triangles(20, 21, 22, 0, 20, 22, 23, 0),
	gsSP2Triangles(24, 25, 26, 0, 24, 26, 27, 0),
	gsSP2Triangles(28, 29, 30, 0, 28, 30, 31, 0),
	gsSPEndDisplayList(),
};

Vtx car_root_mesh_layer_1_vtx_4[58] = {
	{{ {-403, 270, 93}, 0, {-16, 496}, {166, 0, 90, 255} }},
	{{ {-457, 582, 39}, 0, {1008, -16}, {166, 0, 90, 255} }},
	{{ {-457, 270, 39}, 0, {-16, -16}, {166, 0, 90, 255} }},
	{{ {-403, 582, 93}, 0, {1008, 496}, {166, 0, 90, 255} }},
	{{ {-403, 893, 93}, 0, {-16, 496}, {166, 0, 90, 255} }},
	{{ {-457, 893, 39}, 0, {-16, -16}, {166, 0, 90, 255} }},
	{{ {-349, 270, 39}, 0, {-16, 496}, {90, 0, 90, 255} }},
	{{ {-403, 582, 93}, 0, {1008, -16}, {90, 0, 90, 255} }},
	{{ {-403, 270, 93}, 0, {-16, -16}, {90, 0, 90, 255} }},
	{{ {-349, 582, 39}, 0, {1008, 496}, {90, 0, 90, 255} }},
	{{ {-349, 893, 39}, 0, {-16, 496}, {90, 0, 90, 255} }},
	{{ {-403, 893, 93}, 0, {-16, -16}, {90, 0, 90, 255} }},
	{{ {-457, 270, 39}, 0, {-16, 496}, {166, 0, 166, 255} }},
	{{ {-403, 582, -15}, 0, {1008, -16}, {166, 0, 166, 255} }},
	{{ {-403, 270, -15}, 0, {-16, -16}, {166, 0, 166, 255} }},
	{{ {-457, 582, 39}, 0, {1008, 496}, {166, 0, 166, 255} }},
	{{ {-457, 893, 39}, 0, {-16, 496}, {166, 0, 166, 255} }},
	{{ {-403, 893, -15}, 0, {-16, -16}, {166, 0, 166, 255} }},
	{{ {-403, 270, -15}, 0, {-16, 496}, {90, 0, 166, 255} }},
	{{ {-349, 582, 39}, 0, {1008, -16}, {90, 0, 166, 255} }},
	{{ {-349, 270, 39}, 0, {-16, -16}, {90, 0, 166, 255} }},
	{{ {-403, 582, -15}, 0, {1008, 496}, {90, 0, 166, 255} }},
	{{ {-403, 893, -15}, 0, {-16, 496}, {90, 0, 166, 255} }},
	{{ {-349, 893, 39}, 0, {-16, -16}, {90, 0, 166, 255} }},
	{{ {-403, 893, 93}, 0, {-16, -16}, {0, 127, 0, 255} }},
	{{ {-349, 893, 39}, 0, {-16, 496}, {0, 127, 0, 255} }},
	{{ {-403, 893, -15}, 0, {-16, 496}, {0, 127, 0, 255} }},
	{{ {-457, 893, 39}, 0, {-16, 496}, {0, 127, 0, 255} }},
	{{ {216, 270, 189}, 0, {-16, 496}, {166, 0, 90, 255} }},
	{{ {162, 582, 134}, 0, {1008, -16}, {166, 0, 90, 255} }},
	{{ {162, 270, 134}, 0, {-16, -16}, {166, 0, 90, 255} }},
	{{ {216, 582, 189}, 0, {1008, 496}, {166, 0, 90, 255} }},
	{{ {216, 893, 189}, 0, {-16, 496}, {166, 0, 90, 255} }},
	{{ {162, 582, 134}, 0, {1008, -16}, {166, 0, 90, 255} }},
	{{ {216, 582, 189}, 0, {1008, 496}, {166, 0, 90, 255} }},
	{{ {162, 893, 134}, 0, {-16, -16}, {166, 0, 90, 255} }},
	{{ {270, 270, 134}, 0, {-16, 496}, {90, 0, 90, 255} }},
	{{ {216, 582, 189}, 0, {1008, -16}, {90, 0, 90, 255} }},
	{{ {216, 270, 189}, 0, {-16, -16}, {90, 0, 90, 255} }},
	{{ {270, 582, 134}, 0, {1008, 496}, {90, 0, 90, 255} }},
	{{ {270, 893, 134}, 0, {-16, 496}, {90, 0, 90, 255} }},
	{{ {216, 893, 189}, 0, {-16, -16}, {90, 0, 90, 255} }},
	{{ {162, 270, 134}, 0, {-16, 496}, {166, 0, 166, 255} }},
	{{ {216, 582, 80}, 0, {1008, -16}, {166, 0, 166, 255} }},
	{{ {216, 270, 80}, 0, {-16, -16}, {166, 0, 166, 255} }},
	{{ {162, 582, 134}, 0, {1008, 496}, {166, 0, 166, 255} }},
	{{ {162, 893, 134}, 0, {-16, 496}, {166, 0, 166, 255} }},
	{{ {216, 893, 80}, 0, {-16, -16}, {166, 0, 166, 255} }},
	{{ {216, 270, 80}, 0, {-16, 496}, {90, 0, 166, 255} }},
	{{ {270, 582, 134}, 0, {1008, -16}, {90, 0, 166, 255} }},
	{{ {270, 270, 134}, 0, {-16, -16}, {90, 0, 166, 255} }},
	{{ {216, 582, 80}, 0, {1008, 496}, {90, 0, 166, 255} }},
	{{ {216, 893, 80}, 0, {-16, 496}, {90, 0, 166, 255} }},
	{{ {270, 893, 134}, 0, {-16, -16}, {90, 0, 166, 255} }},
	{{ {216, 893, 189}, 0, {-16, -16}, {0, 127, 0, 255} }},
	{{ {270, 893, 134}, 0, {-16, 496}, {0, 127, 0, 255} }},
	{{ {216, 893, 80}, 0, {-16, 496}, {0, 127, 0, 255} }},
	{{ {162, 893, 134}, 0, {-16, 496}, {0, 127, 0, 255} }},
};

Gfx car_root_mesh_layer_1_tri_4[] = {
	gsSPVertex(car_root_mesh_layer_1_vtx_4 + 0, 32, 0),
	gsSP2Triangles(0, 1, 2, 0, 0, 3, 1, 0),
	gsSP2Triangles(4, 1, 3, 0, 4, 5, 1, 0),
	gsSP2Triangles(6, 7, 8, 0, 6, 9, 7, 0),
	gsSP2Triangles(10, 7, 9, 0, 10, 11, 7, 0),
	gsSP2Triangles(12, 13, 14, 0, 12, 15, 13, 0),
	gsSP2Triangles(16, 13, 15, 0, 16, 17, 13, 0),
	gsSP2Triangles(18, 19, 20, 0, 18, 21, 19, 0),
	gsSP2Triangles(22, 19, 21, 0, 22, 23, 19, 0),
	gsSP2Triangles(24, 25, 26, 0, 24, 26, 27, 0),
	gsSP2Triangles(28, 29, 30, 0, 28, 31, 29, 0),
	gsSPVertex(car_root_mesh_layer_1_vtx_4 + 32, 26, 0),
	gsSP2Triangles(0, 1, 2, 0, 0, 3, 1, 0),
	gsSP2Triangles(4, 5, 6, 0, 4, 7, 5, 0),
	gsSP2Triangles(8, 5, 7, 0, 8, 9, 5, 0),
	gsSP2Triangles(10, 11, 12, 0, 10, 13, 11, 0),
	gsSP2Triangles(14, 11, 13, 0, 14, 15, 11, 0),
	gsSP2Triangles(16, 17, 18, 0, 16, 19, 17, 0),
	gsSP2Triangles(20, 17, 19, 0, 20, 21, 17, 0),
	gsSP2Triangles(22, 23, 24, 0, 22, 24, 25, 0),
	gsSPEndDisplayList(),
};

Vtx car_root_mesh_layer_4_vtx_0[66] = {
	{{ {-494, 270, -102}, 0, {2545, 2059}, {129, 0, 0, 255} }},
	{{ {-494, 270, 118}, 0, {5629, 2059}, {129, 0, 0, 255} }},
	{{ {-494, 420, 118}, 0, {5629, -43}, {129, 0, 0, 255} }},
	{{ {-494, 420, -102}, 0, {2545, -43}, {129, 0, 0, 255} }},
	{{ {-494, 420, 118}, 0, {5629, -43}, {0, 0, 127, 255} }},
	{{ {-494, 270, 118}, 0, {5629, 2059}, {0, 0, 127, 255} }},
	{{ {-486, 270, 118}, 0, {5738, 2059}, {0, 0, 127, 255} }},
	{{ {-486, 420, 118}, 0, {5738, -43}, {0, 0, 127, 255} }},
	{{ {-486, 420, 118}, 0, {5738, -43}, {238, 0, 126, 255} }},
	{{ {-486, 270, 118}, 0, {5738, 2059}, {238, 0, 126, 255} }},
	{{ {-323, 270, 141}, 0, {8042, 2059}, {238, 0, 126, 255} }},
	{{ {-323, 420, 141}, 0, {8042, -43}, {238, 0, 126, 255} }},
	{{ {-323, 420, 141}, 0, {8042, -43}, {148, 0, 67, 255} }},
	{{ {-323, 270, 141}, 0, {8042, 2059}, {148, 0, 67, 255} }},
	{{ {-292, 270, 193}, 0, {8886, 2059}, {148, 0, 67, 255} }},
	{{ {-292, 420, 193}, 0, {8886, -43}, {148, 0, 67, 255} }},
	{{ {-292, 420, -176}, 0, {-712, -43}, {148, 0, 189, 255} }},
	{{ {-292, 270, -176}, 0, {-712, 2059}, {148, 0, 189, 255} }},
	{{ {-323, 270, -125}, 0, {132, 2059}, {148, 0, 189, 255} }},
	{{ {-323, 420, -125}, 0, {132, -43}, {148, 0, 189, 255} }},
	{{ {-323, 420, -125}, 0, {132, -43}, {238, 0, 130, 255} }},
	{{ {-323, 270, -125}, 0, {132, 2059}, {238, 0, 130, 255} }},
	{{ {-486, 270, -102}, 0, {2436, 2059}, {238, 0, 130, 255} }},
	{{ {-486, 420, -102}, 0, {2436, -43}, {238, 0, 130, 255} }},
	{{ {289, 270, -246}, 0, {-9788, 2059}, {0, 0, 129, 255} }},
	{{ {96, 270, -246}, 0, {-7090, 2059}, {0, 0, 129, 255} }},
	{{ {96, 420, -246}, 0, {-7090, -43}, {0, 0, 129, 255} }},
	{{ {289, 420, -246}, 0, {-9788, -43}, {0, 0, 129, 255} }},
	{{ {-289, 420, -246}, 0, {-1692, -43}, {129, 0, 251, 255} }},
	{{ {-289, 270, -246}, 0, {-1692, 2059}, {129, 0, 251, 255} }},
	{{ {-292, 270, -176}, 0, {-712, 2059}, {129, 0, 251, 255} }},
	{{ {-292, 420, -176}, 0, {-712, -43}, {129, 0, 251, 255} }},
	{{ {-96, 270, -246}, 0, {-4391, 2059}, {0, 0, 129, 255} }},
	{{ {-289, 270, -246}, 0, {-1692, 2059}, {0, 0, 129, 255} }},
	{{ {-289, 420, -246}, 0, {-1692, -43}, {0, 0, 129, 255} }},
	{{ {-96, 420, -246}, 0, {-4391, -43}, {0, 0, 129, 255} }},
	{{ {-486, 420, -102}, 0, {2436, -43}, {0, 0, 129, 255} }},
	{{ {-494, 270, -102}, 0, {2545, 2059}, {0, 0, 129, 255} }},
	{{ {-494, 420, -102}, 0, {2545, -43}, {0, 0, 129, 255} }},
	{{ {-486, 270, -102}, 0, {2436, 2059}, {0, 0, 129, 255} }},
	{{ {-292, 420, 193}, 0, {8886, -43}, {129, 0, 5, 255} }},
	{{ {-292, 270, 193}, 0, {8886, 2059}, {129, 0, 5, 255} }},
	{{ {-289, 270, 254}, 0, {9744, 2059}, {129, 0, 5, 255} }},
	{{ {-289, 420, 254}, 0, {9744, -43}, {129, 0, 5, 255} }},
	{{ {-289, 420, 254}, 0, {9744, -43}, {129, 0, 0, 255} }},
	{{ {-289, 270, 254}, 0, {9744, 2059}, {129, 0, 0, 255} }},
	{{ {-289, 270, 263}, 0, {9866, 2059}, {129, 0, 0, 255} }},
	{{ {-289, 420, 263}, 0, {9866, -43}, {129, 0, 0, 255} }},
	{{ {-75, 70, -274}, 0, {-1040, 208}, {0, 0, 129, 255} }},
	{{ {71, 270, -274}, 0, {2032, 2032}, {0, 0, 129, 255} }},
	{{ {71, 70, -274}, 0, {-1040, 2032}, {0, 0, 129, 255} }},
	{{ {-75, 270, -274}, 0, {2032, 208}, {0, 0, 129, 255} }},
	{{ {-96, 70, -274}, 0, {-1040, -16}, {0, 0, 129, 255} }},
	{{ {-96, 270, -274}, 0, {2032, -16}, {0, 0, 129, 255} }},
	{{ {71, 70, -274}, 0, {-1040, 2300}, {0, 0, 129, 255} }},
	{{ {71, 270, -274}, 0, {2032, 2300}, {0, 0, 129, 255} }},
	{{ {96, 270, -274}, 0, {2032, 2032}, {0, 0, 129, 255} }},
	{{ {96, 70, -274}, 0, {-1040, 2032}, {0, 0, 129, 255} }},
	{{ {96, 270, -274}, 0, {2032, 2032}, {0, 127, 0, 255} }},
	{{ {71, 270, -274}, 0, {2032, 2300}, {0, 127, 0, 255} }},
	{{ {71, 270, -246}, 0, {2032, 2300}, {0, 127, 0, 255} }},
	{{ {96, 270, -246}, 0, {2032, 2032}, {0, 127, 0, 255} }},
	{{ {-75, 270, -274}, 0, {2032, 208}, {0, 127, 0, 255} }},
	{{ {-96, 270, -274}, 0, {2032, -16}, {0, 127, 0, 255} }},
	{{ {-96, 270, -246}, 0, {2032, -16}, {0, 127, 0, 255} }},
	{{ {-75, 270, -246}, 0, {2032, 208}, {0, 127, 0, 255} }},
};

Gfx car_root_mesh_layer_4_tri_0[] = {
	gsSPVertex(car_root_mesh_layer_4_vtx_0 + 0, 32, 0),
	gsSP2Triangles(0, 1, 2, 0, 0, 2, 3, 0),
	gsSP2Triangles(4, 5, 6, 0, 4, 6, 7, 0),
	gsSP2Triangles(8, 9, 10, 0, 8, 10, 11, 0),
	gsSP2Triangles(12, 13, 14, 0, 12, 14, 15, 0),
	gsSP2Triangles(16, 17, 18, 0, 16, 18, 19, 0),
	gsSP2Triangles(20, 21, 22, 0, 20, 22, 23, 0),
	gsSP2Triangles(24, 25, 26, 0, 24, 26, 27, 0),
	gsSP2Triangles(28, 29, 30, 0, 28, 30, 31, 0),
	gsSPVertex(car_root_mesh_layer_4_vtx_0 + 32, 30, 0),
	gsSP2Triangles(0, 1, 2, 0, 0, 2, 3, 0),
	gsSP2Triangles(4, 5, 6, 0, 4, 7, 5, 0),
	gsSP2Triangles(8, 9, 10, 0, 8, 10, 11, 0),
	gsSP2Triangles(12, 13, 14, 0, 12, 14, 15, 0),
	gsSP2Triangles(16, 17, 18, 0, 16, 19, 17, 0),
	gsSP2Triangles(20, 19, 16, 0, 20, 21, 19, 0),
	gsSP2Triangles(22, 23, 24, 0, 22, 24, 25, 0),
	gsSP2Triangles(26, 27, 28, 0, 26, 28, 29, 0),
	gsSPVertex(car_root_mesh_layer_4_vtx_0 + 62, 4, 0),
	gsSP2Triangles(0, 1, 2, 0, 0, 2, 3, 0),
	gsSPEndDisplayList(),
};

Vtx car_root_mesh_layer_5_vtx_0[64] = {
	{{ {342, 397, -145}, 0, {-16, 1520}, {207, 0, 139, 255} }},
	{{ {395, 543, -167}, 0, {1008, 496}, {207, 0, 139, 255} }},
	{{ {395, 397, -167}, 0, {-16, 496}, {207, 0, 139, 255} }},
	{{ {342, 543, -145}, 0, {1008, 1520}, {207, 0, 139, 255} }},
	{{ {395, 397, -167}, 0, {-16, 1520}, {49, 0, 139, 255} }},
	{{ {395, 543, -167}, 0, {1008, 1520}, {49, 0, 139, 255} }},
	{{ {448, 543, -145}, 0, {1008, 496}, {49, 0, 139, 255} }},
	{{ {448, 397, -145}, 0, {-16, 496}, {49, 0, 139, 255} }},
	{{ {448, 397, -145}, 0, {-16, 1520}, {117, 0, 207, 255} }},
	{{ {448, 543, -145}, 0, {1008, 1520}, {117, 0, 207, 255} }},
	{{ {470, 543, -92}, 0, {1008, 496}, {117, 0, 207, 255} }},
	{{ {470, 397, -92}, 0, {-16, 496}, {117, 0, 207, 255} }},
	{{ {470, 397, -92}, 0, {-16, 1520}, {117, 0, 49, 255} }},
	{{ {470, 543, -92}, 0, {1008, 1520}, {117, 0, 49, 255} }},
	{{ {448, 543, -39}, 0, {1008, 496}, {117, 0, 49, 255} }},
	{{ {448, 397, -39}, 0, {-16, 496}, {117, 0, 49, 255} }},
	{{ {448, 397, -39}, 0, {-16, 1520}, {49, 0, 117, 255} }},
	{{ {448, 543, -39}, 0, {1008, 1520}, {49, 0, 117, 255} }},
	{{ {395, 543, -17}, 0, {1008, 496}, {49, 0, 117, 255} }},
	{{ {395, 397, -17}, 0, {-16, 496}, {49, 0, 117, 255} }},
	{{ {395, 397, -17}, 0, {-16, 1520}, {207, 0, 117, 255} }},
	{{ {395, 543, -17}, 0, {1008, 1520}, {207, 0, 117, 255} }},
	{{ {342, 543, -39}, 0, {1008, 496}, {207, 0, 117, 255} }},
	{{ {342, 397, -39}, 0, {-16, 496}, {207, 0, 117, 255} }},
	{{ {342, 397, -39}, 0, {-16, 1520}, {139, 0, 49, 255} }},
	{{ {342, 543, -39}, 0, {1008, 1520}, {139, 0, 49, 255} }},
	{{ {320, 543, -92}, 0, {1008, 496}, {139, 0, 49, 255} }},
	{{ {320, 397, -92}, 0, {-16, 496}, {139, 0, 49, 255} }},
	{{ {320, 397, -92}, 0, {-16, 1520}, {139, 0, 207, 255} }},
	{{ {320, 543, -92}, 0, {1008, 1520}, {139, 0, 207, 255} }},
	{{ {342, 543, -145}, 0, {1008, 496}, {139, 0, 207, 255} }},
	{{ {342, 397, -145}, 0, {-16, 496}, {139, 0, 207, 255} }},
	{{ {342, 397, 55}, 0, {-16, 1520}, {207, 0, 139, 255} }},
	{{ {395, 543, 33}, 0, {1008, 496}, {207, 0, 139, 255} }},
	{{ {395, 397, 33}, 0, {-16, 496}, {207, 0, 139, 255} }},
	{{ {342, 543, 55}, 0, {1008, 1520}, {207, 0, 139, 255} }},
	{{ {395, 397, 33}, 0, {-16, 1520}, {49, 0, 139, 255} }},
	{{ {395, 543, 33}, 0, {1008, 1520}, {49, 0, 139, 255} }},
	{{ {448, 543, 55}, 0, {1008, 496}, {49, 0, 139, 255} }},
	{{ {448, 397, 55}, 0, {-16, 496}, {49, 0, 139, 255} }},
	{{ {448, 397, 55}, 0, {-16, 1520}, {117, 0, 207, 255} }},
	{{ {448, 543, 55}, 0, {1008, 1520}, {117, 0, 207, 255} }},
	{{ {470, 543, 108}, 0, {1008, 496}, {117, 0, 207, 255} }},
	{{ {470, 397, 108}, 0, {-16, 496}, {117, 0, 207, 255} }},
	{{ {470, 397, 108}, 0, {-16, 1520}, {117, 0, 49, 255} }},
	{{ {470, 543, 108}, 0, {1008, 1520}, {117, 0, 49, 255} }},
	{{ {448, 543, 161}, 0, {1008, 496}, {117, 0, 49, 255} }},
	{{ {448, 397, 161}, 0, {-16, 496}, {117, 0, 49, 255} }},
	{{ {448, 397, 161}, 0, {-16, 1520}, {49, 0, 117, 255} }},
	{{ {448, 543, 161}, 0, {1008, 1520}, {49, 0, 117, 255} }},
	{{ {395, 543, 183}, 0, {1008, 496}, {49, 0, 117, 255} }},
	{{ {395, 397, 183}, 0, {-16, 496}, {49, 0, 117, 255} }},
	{{ {395, 397, 183}, 0, {-16, 1520}, {207, 0, 117, 255} }},
	{{ {395, 543, 183}, 0, {1008, 1520}, {207, 0, 117, 255} }},
	{{ {342, 543, 161}, 0, {1008, 496}, {207, 0, 117, 255} }},
	{{ {342, 397, 161}, 0, {-16, 496}, {207, 0, 117, 255} }},
	{{ {342, 397, 161}, 0, {-16, 1520}, {139, 0, 49, 255} }},
	{{ {342, 543, 161}, 0, {1008, 1520}, {139, 0, 49, 255} }},
	{{ {320, 543, 108}, 0, {1008, 496}, {139, 0, 49, 255} }},
	{{ {320, 397, 108}, 0, {-16, 496}, {139, 0, 49, 255} }},
	{{ {320, 397, 108}, 0, {-16, 1520}, {139, 0, 207, 255} }},
	{{ {320, 543, 108}, 0, {1008, 1520}, {139, 0, 207, 255} }},
	{{ {342, 543, 55}, 0, {1008, 496}, {139, 0, 207, 255} }},
	{{ {342, 397, 55}, 0, {-16, 496}, {139, 0, 207, 255} }},
};

Gfx car_root_mesh_layer_5_tri_0[] = {
	gsSPVertex(car_root_mesh_layer_5_vtx_0 + 0, 32, 0),
	gsSP2Triangles(0, 1, 2, 0, 0, 3, 1, 0),
	gsSP2Triangles(4, 5, 6, 0, 4, 6, 7, 0),
	gsSP2Triangles(8, 9, 10, 0, 8, 10, 11, 0),
	gsSP2Triangles(12, 13, 14, 0, 12, 14, 15, 0),
	gsSP2Triangles(16, 17, 18, 0, 16, 18, 19, 0),
	gsSP2Triangles(20, 21, 22, 0, 20, 22, 23, 0),
	gsSP2Triangles(24, 25, 26, 0, 24, 26, 27, 0),
	gsSP2Triangles(28, 29, 30, 0, 28, 30, 31, 0),
	gsSPVertex(car_root_mesh_layer_5_vtx_0 + 32, 32, 0),
	gsSP2Triangles(0, 1, 2, 0, 0, 3, 1, 0),
	gsSP2Triangles(4, 5, 6, 0, 4, 6, 7, 0),
	gsSP2Triangles(8, 9, 10, 0, 8, 10, 11, 0),
	gsSP2Triangles(12, 13, 14, 0, 12, 14, 15, 0),
	gsSP2Triangles(16, 17, 18, 0, 16, 18, 19, 0),
	gsSP2Triangles(20, 21, 22, 0, 20, 22, 23, 0),
	gsSP2Triangles(24, 25, 26, 0, 24, 26, 27, 0),
	gsSP2Triangles(28, 29, 30, 0, 28, 30, 31, 0),
	gsSPEndDisplayList(),
};

Vtx car_fl_skinned_mesh_layer_1_vtx_0[8] = {
	{{ {-430, 167, 8}, 0, {112, 368}, {166, 166, 0, 255} }},
	{{ {-405, 192, 8}, 0, {624, 880}, {166, 90, 0, 255} }},
	{{ {-430, 167, 8}, 0, {368, 880}, {166, 90, 0, 255} }},
	{{ {-379, 167, 8}, 0, {624, 368}, {90, 90, 0, 255} }},
	{{ {-405, 192, 8}, 0, {880, 368}, {90, 90, 0, 255} }},
	{{ {-405, 141, 8}, 0, {368, 368}, {90, 166, 0, 255} }},
	{{ {-405, 141, 8}, 0, {368, 368}, {166, 166, 0, 255} }},
	{{ {-379, 167, 8}, 0, {624, 368}, {90, 166, 0, 255} }},
};

Gfx car_fl_skinned_mesh_layer_1_tri_0[] = {
	gsSPVertex(car_fl_skinned_mesh_layer_1_vtx_0 + 0, 8, 0),
	gsSPEndDisplayList(),
};

Vtx car_fl_mesh_layer_1_vtx_0[8] = {
	{{ {0, 187, -26}, 0, {368, 240}, {90, 0, 166, 255} }},
	{{ {26, 187, 0}, 0, {112, 240}, {90, 0, 166, 255} }},
	{{ {26, 187, 0}, 0, {368, 1008}, {90, 0, 90, 255} }},
	{{ {0, 187, 26}, 0, {624, 1008}, {90, 0, 90, 255} }},
	{{ {0, 187, 26}, 0, {880, 240}, {166, 0, 90, 255} }},
	{{ {-26, 187, 0}, 0, {624, 240}, {166, 0, 90, 255} }},
	{{ {-26, 187, 0}, 0, {624, 240}, {166, 0, 166, 255} }},
	{{ {0, 187, -26}, 0, {368, 240}, {166, 0, 166, 255} }},
};

Gfx car_fl_mesh_layer_1_tri_0[] = {
	gsSPVertex(car_fl_mesh_layer_1_vtx_0 + 0, 8, 8),
	gsSP2Triangles(0, 8, 9, 0, 0, 6, 8, 0),
	gsSP2Triangles(10, 11, 1, 0, 10, 1, 2, 0),
	gsSP2Triangles(3, 12, 13, 0, 3, 4, 12, 0),
	gsSP2Triangles(5, 14, 15, 0, 5, 7, 14, 0),
	gsSPEndDisplayList(),
};

Vtx car_fl_mesh_layer_1_vtx_1[16] = {
	{{ {-141, 283, 0}, 0, {1007, 506}, {0, 127, 0, 255} }},
	{{ {-100, 283, 100}, 0, {849, 125}, {0, 127, 0, 255} }},
	{{ {0, 283, 141}, 0, {468, -33}, {0, 127, 0, 255} }},
	{{ {141, 283, 0}, 0, {-71, 506}, {0, 127, 0, 255} }},
	{{ {100, 283, 100}, 0, {87, 125}, {0, 127, 0, 255} }},
	{{ {0, 283, -141}, 0, {468, 1046}, {0, 127, 0, 255} }},
	{{ {100, 283, -100}, 0, {87, 888}, {0, 127, 0, 255} }},
	{{ {-100, 283, -100}, 0, {849, 888}, {0, 127, 0, 255} }},
	{{ {0, 187, 141}, 0, {468, -33}, {0, 129, 0, 255} }},
	{{ {-100, 187, 100}, 0, {849, 125}, {0, 129, 0, 255} }},
	{{ {-141, 187, 0}, 0, {1007, 506}, {0, 129, 0, 255} }},
	{{ {0, 187, -141}, 0, {468, 1046}, {0, 129, 0, 255} }},
	{{ {-100, 187, -100}, 0, {849, 888}, {0, 129, 0, 255} }},
	{{ {141, 187, 0}, 0, {-71, 506}, {0, 129, 0, 255} }},
	{{ {100, 187, -100}, 0, {87, 888}, {0, 129, 0, 255} }},
	{{ {100, 187, 100}, 0, {87, 125}, {0, 129, 0, 255} }},
};

Gfx car_fl_mesh_layer_1_tri_1[] = {
	gsSPVertex(car_fl_mesh_layer_1_vtx_1 + 0, 16, 0),
	gsSP2Triangles(0, 1, 2, 0, 0, 2, 3, 0),
	gsSP2Triangles(2, 4, 3, 0, 3, 5, 0, 0),
	gsSP2Triangles(3, 6, 5, 0, 5, 7, 0, 0),
	gsSP2Triangles(8, 9, 10, 0, 8, 10, 11, 0),
	gsSP2Triangles(10, 12, 11, 0, 11, 13, 8, 0),
	gsSP2Triangles(11, 14, 13, 0, 13, 15, 8, 0),
	gsSPEndDisplayList(),
};

Vtx car_fl_mesh_layer_1_vtx_2[56] = {
	{{ {-100, 283, -100}, 0, {-2899, -38}, {0, 127, 0, 255} }},
	{{ {0, 283, -141}, 0, {-3878, -49}, {0, 127, 0, 255} }},
	{{ {0, 283, -150}, 0, {-3871, 40}, {0, 127, 0, 255} }},
	{{ {-106, 283, -106}, 0, {-2892, 47}, {0, 127, 0, 255} }},
	{{ {-141, 283, 0}, 0, {-1921, -26}, {0, 127, 0, 255} }},
	{{ {-150, 283, 0}, 0, {-1914, 55}, {0, 127, 0, 255} }},
	{{ {-100, 283, 100}, 0, {-942, -15}, {0, 127, 0, 255} }},
	{{ {-106, 283, 106}, 0, {-936, 63}, {0, 127, 0, 255} }},
	{{ {0, 283, 141}, 0, {36, -4}, {0, 127, 0, 255} }},
	{{ {0, 283, 150}, 0, {43, 70}, {0, 127, 0, 255} }},
	{{ {100, 283, 100}, 0, {1015, 7}, {0, 127, 0, 255} }},
	{{ {106, 283, 106}, 0, {1021, 78}, {0, 127, 0, 255} }},
	{{ {141, 283, 0}, 0, {1994, 18}, {0, 127, 0, 255} }},
	{{ {150, 283, 0}, 0, {2000, 86}, {0, 127, 0, 255} }},
	{{ {100, 283, -100}, 0, {2972, 29}, {0, 127, 0, 255} }},
	{{ {106, 283, -106}, 0, {2978, 94}, {0, 127, 0, 255} }},
	{{ {0, 283, -141}, 0, {3951, 40}, {0, 127, 0, 255} }},
	{{ {0, 283, -150}, 0, {3957, 101}, {0, 127, 0, 255} }},
	{{ {-106, 187, -106}, 0, {-2856, 862}, {166, 0, 166, 255} }},
	{{ {0, 283, -150}, 0, {-3871, 40}, {0, 0, 129, 255} }},
	{{ {0, 187, -150}, 0, {-3834, 851}, {0, 0, 129, 255} }},
	{{ {-106, 283, -106}, 0, {-2892, 47}, {166, 0, 166, 255} }},
	{{ {-150, 187, 0}, 0, {-1878, 873}, {129, 0, 0, 255} }},
	{{ {-150, 283, 0}, 0, {-1914, 55}, {129, 0, 0, 255} }},
	{{ {-106, 187, 106}, 0, {-900, 884}, {166, 0, 90, 255} }},
	{{ {-106, 283, 106}, 0, {-936, 63}, {166, 0, 90, 255} }},
	{{ {0, 187, 150}, 0, {78, 895}, {0, 0, 127, 255} }},
	{{ {0, 283, 150}, 0, {43, 70}, {0, 0, 127, 255} }},
	{{ {106, 187, 106}, 0, {1055, 906}, {90, 0, 90, 255} }},
	{{ {106, 283, 106}, 0, {1021, 78}, {90, 0, 90, 255} }},
	{{ {150, 187, 0}, 0, {2033, 917}, {127, 0, 0, 255} }},
	{{ {150, 283, 0}, 0, {2000, 86}, {127, 0, 0, 255} }},
	{{ {106, 187, -106}, 0, {3011, 928}, {90, 0, 166, 255} }},
	{{ {150, 283, 0}, 0, {2000, 86}, {127, 0, 0, 255} }},
	{{ {150, 187, 0}, 0, {2033, 917}, {127, 0, 0, 255} }},
	{{ {106, 283, -106}, 0, {2978, 94}, {90, 0, 166, 255} }},
	{{ {0, 187, -150}, 0, {3989, 939}, {0, 0, 129, 255} }},
	{{ {0, 283, -150}, 0, {3957, 101}, {0, 0, 129, 255} }},
	{{ {-100, 187, -100}, 0, {-2853, 947}, {0, 129, 0, 255} }},
	{{ {0, 187, -150}, 0, {-3834, 851}, {0, 129, 0, 255} }},
	{{ {0, 187, -141}, 0, {-3831, 940}, {0, 129, 0, 255} }},
	{{ {-106, 187, -106}, 0, {-2856, 862}, {0, 129, 0, 255} }},
	{{ {-141, 187, 0}, 0, {-1875, 955}, {0, 129, 0, 255} }},
	{{ {-150, 187, 0}, 0, {-1878, 873}, {0, 129, 0, 255} }},
	{{ {-100, 187, 100}, 0, {-897, 962}, {0, 129, 0, 255} }},
	{{ {-106, 187, 106}, 0, {-900, 884}, {0, 129, 0, 255} }},
	{{ {0, 187, 141}, 0, {81, 970}, {0, 129, 0, 255} }},
	{{ {0, 187, 150}, 0, {78, 895}, {0, 129, 0, 255} }},
	{{ {100, 187, 100}, 0, {1059, 977}, {0, 129, 0, 255} }},
	{{ {106, 187, 106}, 0, {1055, 906}, {0, 129, 0, 255} }},
	{{ {141, 187, 0}, 0, {2037, 985}, {0, 129, 0, 255} }},
	{{ {150, 187, 0}, 0, {2033, 917}, {0, 129, 0, 255} }},
	{{ {100, 187, -100}, 0, {3015, 993}, {0, 129, 0, 255} }},
	{{ {106, 187, -106}, 0, {3011, 928}, {0, 129, 0, 255} }},
	{{ {0, 187, -141}, 0, {3992, 1000}, {0, 129, 0, 255} }},
	{{ {0, 187, -150}, 0, {3989, 939}, {0, 129, 0, 255} }},
};

Gfx car_fl_mesh_layer_1_tri_2[] = {
	gsSPVertex(car_fl_mesh_layer_1_vtx_2 + 0, 32, 0),
	gsSP2Triangles(0, 1, 2, 0, 0, 2, 3, 0),
	gsSP2Triangles(4, 0, 3, 0, 4, 3, 5, 0),
	gsSP2Triangles(6, 4, 5, 0, 6, 5, 7, 0),
	gsSP2Triangles(8, 6, 7, 0, 8, 7, 9, 0),
	gsSP2Triangles(10, 8, 9, 0, 10, 9, 11, 0),
	gsSP2Triangles(12, 10, 11, 0, 12, 11, 13, 0),
	gsSP2Triangles(14, 12, 13, 0, 14, 13, 15, 0),
	gsSP2Triangles(16, 14, 15, 0, 16, 15, 17, 0),
	gsSP2Triangles(18, 19, 20, 0, 18, 21, 19, 0),
	gsSP2Triangles(22, 21, 18, 0, 22, 23, 21, 0),
	gsSP2Triangles(24, 23, 22, 0, 24, 25, 23, 0),
	gsSP2Triangles(26, 25, 24, 0, 26, 27, 25, 0),
	gsSP2Triangles(28, 27, 26, 0, 28, 29, 27, 0),
	gsSP2Triangles(30, 29, 28, 0, 30, 31, 29, 0),
	gsSPVertex(car_fl_mesh_layer_1_vtx_2 + 32, 24, 0),
	gsSP2Triangles(0, 1, 2, 0, 0, 3, 1, 0),
	gsSP2Triangles(4, 3, 0, 0, 4, 5, 3, 0),
	gsSP2Triangles(6, 7, 8, 0, 6, 9, 7, 0),
	gsSP2Triangles(10, 9, 6, 0, 10, 11, 9, 0),
	gsSP2Triangles(12, 11, 10, 0, 12, 13, 11, 0),
	gsSP2Triangles(14, 13, 12, 0, 14, 15, 13, 0),
	gsSP2Triangles(16, 15, 14, 0, 16, 17, 15, 0),
	gsSP2Triangles(18, 17, 16, 0, 18, 19, 17, 0),
	gsSP2Triangles(20, 19, 18, 0, 20, 21, 19, 0),
	gsSP2Triangles(22, 21, 20, 0, 22, 23, 21, 0),
	gsSPEndDisplayList(),
};

Vtx car_fr_skinned_mesh_layer_1_vtx_0[8] = {
	{{ {-430, 167, 8}, 0, {368, 880}, {166, 90, 0, 255} }},
	{{ {-405, 141, 8}, 0, {368, 368}, {166, 166, 0, 255} }},
	{{ {-430, 167, 8}, 0, {112, 368}, {166, 166, 0, 255} }},
	{{ {-405, 192, 8}, 0, {624, 880}, {166, 90, 0, 255} }},
	{{ {-405, 192, 8}, 0, {880, 368}, {90, 90, 0, 255} }},
	{{ {-379, 167, 8}, 0, {624, 368}, {90, 166, 0, 255} }},
	{{ {-405, 141, 8}, 0, {368, 368}, {90, 166, 0, 255} }},
	{{ {-379, 167, 8}, 0, {624, 368}, {90, 90, 0, 255} }},
};

Gfx car_fr_skinned_mesh_layer_1_tri_0[] = {
	gsSPVertex(car_fr_skinned_mesh_layer_1_vtx_0 + 0, 8, 0),
	gsSPEndDisplayList(),
};

Vtx car_fr_mesh_layer_1_vtx_0[8] = {
	{{ {-26, 170, 0}, 0, {624, 752}, {166, 0, 166, 255} }},
	{{ {0, 170, -26}, 0, {368, 752}, {166, 0, 166, 255} }},
	{{ {0, 170, -26}, 0, {112, 496}, {90, 0, 166, 255} }},
	{{ {26, 170, 0}, 0, {368, 496}, {90, 0, 166, 255} }},
	{{ {0, 170, 26}, 0, {624, 496}, {166, 0, 90, 255} }},
	{{ {-26, 170, 0}, 0, {880, 496}, {166, 0, 90, 255} }},
	{{ {26, 170, 0}, 0, {368, 496}, {90, 0, 90, 255} }},
	{{ {0, 170, 26}, 0, {624, 496}, {90, 0, 90, 255} }},
};

Gfx car_fr_mesh_layer_1_tri_0[] = {
	gsSPVertex(car_fr_mesh_layer_1_vtx_0 + 0, 8, 8),
	gsSP2Triangles(0, 8, 9, 0, 0, 3, 8, 0),
	gsSP2Triangles(10, 11, 1, 0, 10, 1, 2, 0),
	gsSP2Triangles(12, 13, 4, 0, 12, 4, 7, 0),
	gsSP2Triangles(14, 15, 5, 0, 14, 5, 6, 0),
	gsSPEndDisplayList(),
};

Vtx car_fr_mesh_layer_1_vtx_1[16] = {
	{{ {0, 170, 141}, 0, {1007, 506}, {0, 129, 0, 255} }},
	{{ {-100, 170, 100}, 0, {849, 125}, {0, 129, 0, 255} }},
	{{ {-141, 170, 0}, 0, {468, -33}, {0, 129, 0, 255} }},
	{{ {0, 170, -141}, 0, {-71, 506}, {0, 129, 0, 255} }},
	{{ {-100, 170, -100}, 0, {87, 125}, {0, 129, 0, 255} }},
	{{ {141, 170, 0}, 0, {468, 1046}, {0, 129, 0, 255} }},
	{{ {100, 170, -100}, 0, {87, 888}, {0, 129, 0, 255} }},
	{{ {100, 170, 100}, 0, {849, 888}, {0, 129, 0, 255} }},
	{{ {-141, 266, 0}, 0, {468, -33}, {0, 127, 0, 255} }},
	{{ {-100, 266, 100}, 0, {849, 125}, {0, 127, 0, 255} }},
	{{ {0, 266, 141}, 0, {1007, 506}, {0, 127, 0, 255} }},
	{{ {141, 266, 0}, 0, {468, 1046}, {0, 127, 0, 255} }},
	{{ {100, 266, 100}, 0, {849, 888}, {0, 127, 0, 255} }},
	{{ {0, 266, -141}, 0, {-71, 506}, {0, 127, 0, 255} }},
	{{ {100, 266, -100}, 0, {87, 888}, {0, 127, 0, 255} }},
	{{ {-100, 266, -100}, 0, {87, 125}, {0, 127, 0, 255} }},
};

Gfx car_fr_mesh_layer_1_tri_1[] = {
	gsSPVertex(car_fr_mesh_layer_1_vtx_1 + 0, 16, 0),
	gsSP2Triangles(0, 1, 2, 0, 0, 2, 3, 0),
	gsSP2Triangles(2, 4, 3, 0, 3, 5, 0, 0),
	gsSP2Triangles(3, 6, 5, 0, 5, 7, 0, 0),
	gsSP2Triangles(8, 9, 10, 0, 8, 10, 11, 0),
	gsSP2Triangles(10, 12, 11, 0, 11, 13, 8, 0),
	gsSP2Triangles(11, 14, 13, 0, 13, 15, 8, 0),
	gsSPEndDisplayList(),
};

Vtx car_fr_mesh_layer_1_vtx_2[56] = {
	{{ {100, 170, 100}, 0, {-2899, -38}, {0, 129, 0, 255} }},
	{{ {141, 170, 0}, 0, {-3878, -49}, {0, 129, 0, 255} }},
	{{ {150, 170, 0}, 0, {-3871, 40}, {0, 129, 0, 255} }},
	{{ {106, 170, 106}, 0, {-2892, 47}, {0, 129, 0, 255} }},
	{{ {0, 170, 141}, 0, {-1921, -26}, {0, 129, 0, 255} }},
	{{ {0, 170, 150}, 0, {-1914, 55}, {0, 129, 0, 255} }},
	{{ {-100, 170, 100}, 0, {-942, -15}, {0, 129, 0, 255} }},
	{{ {-106, 170, 106}, 0, {-936, 63}, {0, 129, 0, 255} }},
	{{ {-141, 170, 0}, 0, {36, -4}, {0, 129, 0, 255} }},
	{{ {-150, 170, 0}, 0, {43, 70}, {0, 129, 0, 255} }},
	{{ {-100, 170, -100}, 0, {1015, 7}, {0, 129, 0, 255} }},
	{{ {-106, 170, -106}, 0, {1021, 78}, {0, 129, 0, 255} }},
	{{ {0, 170, -141}, 0, {1994, 18}, {0, 129, 0, 255} }},
	{{ {0, 170, -150}, 0, {2000, 86}, {0, 129, 0, 255} }},
	{{ {100, 170, -100}, 0, {2972, 29}, {0, 129, 0, 255} }},
	{{ {106, 170, -106}, 0, {2978, 94}, {0, 129, 0, 255} }},
	{{ {141, 170, 0}, 0, {3951, 40}, {0, 129, 0, 255} }},
	{{ {150, 170, 0}, 0, {3957, 101}, {0, 129, 0, 255} }},
	{{ {106, 266, 106}, 0, {-2856, 862}, {90, 0, 90, 255} }},
	{{ {150, 170, 0}, 0, {-3871, 40}, {127, 0, 0, 255} }},
	{{ {150, 266, 0}, 0, {-3834, 851}, {127, 0, 0, 255} }},
	{{ {106, 170, 106}, 0, {-2892, 47}, {90, 0, 90, 255} }},
	{{ {0, 266, 150}, 0, {-1878, 873}, {0, 0, 127, 255} }},
	{{ {0, 170, 150}, 0, {-1914, 55}, {0, 0, 127, 255} }},
	{{ {-106, 266, 106}, 0, {-900, 884}, {166, 0, 90, 255} }},
	{{ {-106, 170, 106}, 0, {-936, 63}, {166, 0, 90, 255} }},
	{{ {-150, 266, 0}, 0, {78, 895}, {129, 0, 0, 255} }},
	{{ {-150, 170, 0}, 0, {43, 70}, {129, 0, 0, 255} }},
	{{ {-106, 266, -106}, 0, {1055, 906}, {166, 0, 166, 255} }},
	{{ {-106, 170, -106}, 0, {1021, 78}, {166, 0, 166, 255} }},
	{{ {0, 266, -150}, 0, {2033, 917}, {0, 0, 129, 255} }},
	{{ {0, 170, -150}, 0, {2000, 86}, {0, 0, 129, 255} }},
	{{ {106, 266, -106}, 0, {3011, 928}, {90, 0, 166, 255} }},
	{{ {0, 170, -150}, 0, {2000, 86}, {0, 0, 129, 255} }},
	{{ {0, 266, -150}, 0, {2033, 917}, {0, 0, 129, 255} }},
	{{ {106, 170, -106}, 0, {2978, 94}, {90, 0, 166, 255} }},
	{{ {150, 266, 0}, 0, {3989, 939}, {127, 0, 0, 255} }},
	{{ {150, 170, 0}, 0, {3957, 101}, {127, 0, 0, 255} }},
	{{ {100, 266, 100}, 0, {-2853, 947}, {0, 127, 0, 255} }},
	{{ {150, 266, 0}, 0, {-3834, 851}, {0, 127, 0, 255} }},
	{{ {141, 266, 0}, 0, {-3831, 940}, {0, 127, 0, 255} }},
	{{ {106, 266, 106}, 0, {-2856, 862}, {0, 127, 0, 255} }},
	{{ {0, 266, 141}, 0, {-1875, 955}, {0, 127, 0, 255} }},
	{{ {0, 266, 150}, 0, {-1878, 873}, {0, 127, 0, 255} }},
	{{ {-100, 266, 100}, 0, {-897, 962}, {0, 127, 0, 255} }},
	{{ {-106, 266, 106}, 0, {-900, 884}, {0, 127, 0, 255} }},
	{{ {-141, 266, 0}, 0, {81, 970}, {0, 127, 0, 255} }},
	{{ {-150, 266, 0}, 0, {78, 895}, {0, 127, 0, 255} }},
	{{ {-100, 266, -100}, 0, {1059, 977}, {0, 127, 0, 255} }},
	{{ {-106, 266, -106}, 0, {1055, 906}, {0, 127, 0, 255} }},
	{{ {0, 266, -141}, 0, {2037, 985}, {0, 127, 0, 255} }},
	{{ {0, 266, -150}, 0, {2033, 917}, {0, 127, 0, 255} }},
	{{ {100, 266, -100}, 0, {3015, 993}, {0, 127, 0, 255} }},
	{{ {106, 266, -106}, 0, {3011, 928}, {0, 127, 0, 255} }},
	{{ {141, 266, 0}, 0, {3992, 1000}, {0, 127, 0, 255} }},
	{{ {150, 266, 0}, 0, {3989, 939}, {0, 127, 0, 255} }},
};

Gfx car_fr_mesh_layer_1_tri_2[] = {
	gsSPVertex(car_fr_mesh_layer_1_vtx_2 + 0, 32, 0),
	gsSP2Triangles(0, 1, 2, 0, 0, 2, 3, 0),
	gsSP2Triangles(4, 0, 3, 0, 4, 3, 5, 0),
	gsSP2Triangles(6, 4, 5, 0, 6, 5, 7, 0),
	gsSP2Triangles(8, 6, 7, 0, 8, 7, 9, 0),
	gsSP2Triangles(10, 8, 9, 0, 10, 9, 11, 0),
	gsSP2Triangles(12, 10, 11, 0, 12, 11, 13, 0),
	gsSP2Triangles(14, 12, 13, 0, 14, 13, 15, 0),
	gsSP2Triangles(16, 14, 15, 0, 16, 15, 17, 0),
	gsSP2Triangles(18, 19, 20, 0, 18, 21, 19, 0),
	gsSP2Triangles(22, 21, 18, 0, 22, 23, 21, 0),
	gsSP2Triangles(24, 23, 22, 0, 24, 25, 23, 0),
	gsSP2Triangles(26, 25, 24, 0, 26, 27, 25, 0),
	gsSP2Triangles(28, 27, 26, 0, 28, 29, 27, 0),
	gsSP2Triangles(30, 29, 28, 0, 30, 31, 29, 0),
	gsSPVertex(car_fr_mesh_layer_1_vtx_2 + 32, 24, 0),
	gsSP2Triangles(0, 1, 2, 0, 0, 3, 1, 0),
	gsSP2Triangles(4, 3, 0, 0, 4, 5, 3, 0),
	gsSP2Triangles(6, 7, 8, 0, 6, 9, 7, 0),
	gsSP2Triangles(10, 9, 6, 0, 10, 11, 9, 0),
	gsSP2Triangles(12, 11, 10, 0, 12, 13, 11, 0),
	gsSP2Triangles(14, 13, 12, 0, 14, 15, 13, 0),
	gsSP2Triangles(16, 15, 14, 0, 16, 17, 15, 0),
	gsSP2Triangles(18, 17, 16, 0, 18, 19, 17, 0),
	gsSP2Triangles(20, 19, 18, 0, 20, 21, 19, 0),
	gsSP2Triangles(22, 21, 20, 0, 22, 23, 21, 0),
	gsSPEndDisplayList(),
};

Vtx car_rl_skinned_mesh_layer_1_vtx_0[8] = {
	{{ {379, 167, 8}, 0, {112, 368}, {166, 166, 0, 255} }},
	{{ {405, 192, 8}, 0, {624, 880}, {166, 90, 0, 255} }},
	{{ {379, 167, 8}, 0, {368, 880}, {166, 90, 0, 255} }},
	{{ {430, 167, 8}, 0, {624, 368}, {90, 90, 0, 255} }},
	{{ {405, 192, 8}, 0, {880, 368}, {90, 90, 0, 255} }},
	{{ {405, 141, 8}, 0, {368, 368}, {90, 166, 0, 255} }},
	{{ {405, 141, 8}, 0, {368, 368}, {166, 166, 0, 255} }},
	{{ {430, 167, 8}, 0, {624, 368}, {90, 166, 0, 255} }},
};

Gfx car_rl_skinned_mesh_layer_1_tri_0[] = {
	gsSPVertex(car_rl_skinned_mesh_layer_1_vtx_0 + 0, 8, 0),
	gsSPEndDisplayList(),
};

Vtx car_rl_mesh_layer_1_vtx_0[8] = {
	{{ {0, 187, -26}, 0, {368, 240}, {90, 0, 166, 255} }},
	{{ {26, 187, 0}, 0, {112, 240}, {90, 0, 166, 255} }},
	{{ {26, 187, 0}, 0, {368, 1008}, {90, 0, 90, 255} }},
	{{ {0, 187, 26}, 0, {624, 1008}, {90, 0, 90, 255} }},
	{{ {0, 187, 26}, 0, {880, 240}, {166, 0, 90, 255} }},
	{{ {-26, 187, 0}, 0, {624, 240}, {166, 0, 90, 255} }},
	{{ {-26, 187, 0}, 0, {624, 240}, {166, 0, 166, 255} }},
	{{ {0, 187, -26}, 0, {368, 240}, {166, 0, 166, 255} }},
};

Gfx car_rl_mesh_layer_1_tri_0[] = {
	gsSPVertex(car_rl_mesh_layer_1_vtx_0 + 0, 8, 8),
	gsSP2Triangles(0, 8, 9, 0, 0, 6, 8, 0),
	gsSP2Triangles(10, 11, 1, 0, 10, 1, 2, 0),
	gsSP2Triangles(3, 12, 13, 0, 3, 4, 12, 0),
	gsSP2Triangles(5, 14, 15, 0, 5, 7, 14, 0),
	gsSPEndDisplayList(),
};

Vtx car_rl_mesh_layer_1_vtx_1[16] = {
	{{ {-141, 283, 0}, 0, {1007, 506}, {0, 127, 0, 255} }},
	{{ {-100, 283, 100}, 0, {849, 125}, {0, 127, 0, 255} }},
	{{ {0, 283, 141}, 0, {468, -33}, {0, 127, 0, 255} }},
	{{ {141, 283, 0}, 0, {-71, 506}, {0, 127, 0, 255} }},
	{{ {100, 283, 100}, 0, {87, 125}, {0, 127, 0, 255} }},
	{{ {0, 283, -141}, 0, {468, 1046}, {0, 127, 0, 255} }},
	{{ {100, 283, -100}, 0, {87, 888}, {0, 127, 0, 255} }},
	{{ {-100, 283, -100}, 0, {849, 888}, {0, 127, 0, 255} }},
	{{ {0, 187, 141}, 0, {468, -33}, {0, 129, 0, 255} }},
	{{ {-100, 187, 100}, 0, {849, 125}, {0, 129, 0, 255} }},
	{{ {-141, 187, 0}, 0, {1007, 506}, {0, 129, 0, 255} }},
	{{ {0, 187, -141}, 0, {468, 1046}, {0, 129, 0, 255} }},
	{{ {-100, 187, -100}, 0, {849, 888}, {0, 129, 0, 255} }},
	{{ {141, 187, 0}, 0, {-71, 506}, {0, 129, 0, 255} }},
	{{ {100, 187, -100}, 0, {87, 888}, {0, 129, 0, 255} }},
	{{ {100, 187, 100}, 0, {87, 125}, {0, 129, 0, 255} }},
};

Gfx car_rl_mesh_layer_1_tri_1[] = {
	gsSPVertex(car_rl_mesh_layer_1_vtx_1 + 0, 16, 0),
	gsSP2Triangles(0, 1, 2, 0, 0, 2, 3, 0),
	gsSP2Triangles(2, 4, 3, 0, 3, 5, 0, 0),
	gsSP2Triangles(3, 6, 5, 0, 5, 7, 0, 0),
	gsSP2Triangles(8, 9, 10, 0, 8, 10, 11, 0),
	gsSP2Triangles(10, 12, 11, 0, 11, 13, 8, 0),
	gsSP2Triangles(11, 14, 13, 0, 13, 15, 8, 0),
	gsSPEndDisplayList(),
};

Vtx car_rl_mesh_layer_1_vtx_2[56] = {
	{{ {-100, 283, -100}, 0, {-2899, -38}, {0, 127, 0, 255} }},
	{{ {0, 283, -141}, 0, {-3878, -49}, {0, 127, 0, 255} }},
	{{ {0, 283, -150}, 0, {-3871, 40}, {0, 127, 0, 255} }},
	{{ {-106, 283, -106}, 0, {-2892, 47}, {0, 127, 0, 255} }},
	{{ {-141, 283, 0}, 0, {-1921, -26}, {0, 127, 0, 255} }},
	{{ {-150, 283, 0}, 0, {-1914, 55}, {0, 127, 0, 255} }},
	{{ {-100, 283, 100}, 0, {-942, -15}, {0, 127, 0, 255} }},
	{{ {-106, 283, 106}, 0, {-936, 63}, {0, 127, 0, 255} }},
	{{ {0, 283, 141}, 0, {36, -4}, {0, 127, 0, 255} }},
	{{ {0, 283, 150}, 0, {43, 70}, {0, 127, 0, 255} }},
	{{ {100, 283, 100}, 0, {1015, 7}, {0, 127, 0, 255} }},
	{{ {106, 283, 106}, 0, {1021, 78}, {0, 127, 0, 255} }},
	{{ {141, 283, 0}, 0, {1994, 18}, {0, 127, 0, 255} }},
	{{ {150, 283, 0}, 0, {2000, 86}, {0, 127, 0, 255} }},
	{{ {100, 283, -100}, 0, {2972, 29}, {0, 127, 0, 255} }},
	{{ {106, 283, -106}, 0, {2978, 94}, {0, 127, 0, 255} }},
	{{ {0, 283, -141}, 0, {3951, 40}, {0, 127, 0, 255} }},
	{{ {0, 283, -150}, 0, {3957, 101}, {0, 127, 0, 255} }},
	{{ {-106, 187, -106}, 0, {-2856, 862}, {166, 0, 166, 255} }},
	{{ {0, 283, -150}, 0, {-3871, 40}, {0, 0, 129, 255} }},
	{{ {0, 187, -150}, 0, {-3834, 851}, {0, 0, 129, 255} }},
	{{ {-106, 283, -106}, 0, {-2892, 47}, {166, 0, 166, 255} }},
	{{ {-150, 187, 0}, 0, {-1878, 873}, {129, 0, 0, 255} }},
	{{ {-150, 283, 0}, 0, {-1914, 55}, {129, 0, 0, 255} }},
	{{ {-106, 187, 106}, 0, {-900, 884}, {166, 0, 90, 255} }},
	{{ {-106, 283, 106}, 0, {-936, 63}, {166, 0, 90, 255} }},
	{{ {0, 187, 150}, 0, {78, 895}, {0, 0, 127, 255} }},
	{{ {0, 283, 150}, 0, {43, 70}, {0, 0, 127, 255} }},
	{{ {106, 187, 106}, 0, {1055, 906}, {90, 0, 90, 255} }},
	{{ {106, 283, 106}, 0, {1021, 78}, {90, 0, 90, 255} }},
	{{ {150, 187, 0}, 0, {2033, 917}, {127, 0, 0, 255} }},
	{{ {150, 283, 0}, 0, {2000, 86}, {127, 0, 0, 255} }},
	{{ {106, 187, -106}, 0, {3011, 928}, {90, 0, 166, 255} }},
	{{ {150, 283, 0}, 0, {2000, 86}, {127, 0, 0, 255} }},
	{{ {150, 187, 0}, 0, {2033, 917}, {127, 0, 0, 255} }},
	{{ {106, 283, -106}, 0, {2978, 94}, {90, 0, 166, 255} }},
	{{ {0, 187, -150}, 0, {3989, 939}, {0, 0, 129, 255} }},
	{{ {0, 283, -150}, 0, {3957, 101}, {0, 0, 129, 255} }},
	{{ {-100, 187, -100}, 0, {-2853, 947}, {0, 129, 0, 255} }},
	{{ {0, 187, -150}, 0, {-3834, 851}, {0, 129, 0, 255} }},
	{{ {0, 187, -141}, 0, {-3831, 940}, {0, 129, 0, 255} }},
	{{ {-106, 187, -106}, 0, {-2856, 862}, {0, 129, 0, 255} }},
	{{ {-141, 187, 0}, 0, {-1875, 955}, {0, 129, 0, 255} }},
	{{ {-150, 187, 0}, 0, {-1878, 873}, {0, 129, 0, 255} }},
	{{ {-100, 187, 100}, 0, {-897, 962}, {0, 129, 0, 255} }},
	{{ {-106, 187, 106}, 0, {-900, 884}, {0, 129, 0, 255} }},
	{{ {0, 187, 141}, 0, {81, 970}, {0, 129, 0, 255} }},
	{{ {0, 187, 150}, 0, {78, 895}, {0, 129, 0, 255} }},
	{{ {100, 187, 100}, 0, {1059, 977}, {0, 129, 0, 255} }},
	{{ {106, 187, 106}, 0, {1055, 906}, {0, 129, 0, 255} }},
	{{ {141, 187, 0}, 0, {2037, 985}, {0, 129, 0, 255} }},
	{{ {150, 187, 0}, 0, {2033, 917}, {0, 129, 0, 255} }},
	{{ {100, 187, -100}, 0, {3015, 993}, {0, 129, 0, 255} }},
	{{ {106, 187, -106}, 0, {3011, 928}, {0, 129, 0, 255} }},
	{{ {0, 187, -141}, 0, {3992, 1000}, {0, 129, 0, 255} }},
	{{ {0, 187, -150}, 0, {3989, 939}, {0, 129, 0, 255} }},
};

Gfx car_rl_mesh_layer_1_tri_2[] = {
	gsSPVertex(car_rl_mesh_layer_1_vtx_2 + 0, 32, 0),
	gsSP2Triangles(0, 1, 2, 0, 0, 2, 3, 0),
	gsSP2Triangles(4, 0, 3, 0, 4, 3, 5, 0),
	gsSP2Triangles(6, 4, 5, 0, 6, 5, 7, 0),
	gsSP2Triangles(8, 6, 7, 0, 8, 7, 9, 0),
	gsSP2Triangles(10, 8, 9, 0, 10, 9, 11, 0),
	gsSP2Triangles(12, 10, 11, 0, 12, 11, 13, 0),
	gsSP2Triangles(14, 12, 13, 0, 14, 13, 15, 0),
	gsSP2Triangles(16, 14, 15, 0, 16, 15, 17, 0),
	gsSP2Triangles(18, 19, 20, 0, 18, 21, 19, 0),
	gsSP2Triangles(22, 21, 18, 0, 22, 23, 21, 0),
	gsSP2Triangles(24, 23, 22, 0, 24, 25, 23, 0),
	gsSP2Triangles(26, 25, 24, 0, 26, 27, 25, 0),
	gsSP2Triangles(28, 27, 26, 0, 28, 29, 27, 0),
	gsSP2Triangles(30, 29, 28, 0, 30, 31, 29, 0),
	gsSPVertex(car_rl_mesh_layer_1_vtx_2 + 32, 24, 0),
	gsSP2Triangles(0, 1, 2, 0, 0, 3, 1, 0),
	gsSP2Triangles(4, 3, 0, 0, 4, 5, 3, 0),
	gsSP2Triangles(6, 7, 8, 0, 6, 9, 7, 0),
	gsSP2Triangles(10, 9, 6, 0, 10, 11, 9, 0),
	gsSP2Triangles(12, 11, 10, 0, 12, 13, 11, 0),
	gsSP2Triangles(14, 13, 12, 0, 14, 15, 13, 0),
	gsSP2Triangles(16, 15, 14, 0, 16, 17, 15, 0),
	gsSP2Triangles(18, 17, 16, 0, 18, 19, 17, 0),
	gsSP2Triangles(20, 19, 18, 0, 20, 21, 19, 0),
	gsSP2Triangles(22, 21, 20, 0, 22, 23, 21, 0),
	gsSPEndDisplayList(),
};

Vtx car_rr_skinned_mesh_layer_1_vtx_0[8] = {
	{{ {379, 167, 8}, 0, {368, 880}, {166, 90, 0, 255} }},
	{{ {405, 141, 8}, 0, {368, 368}, {166, 166, 0, 255} }},
	{{ {379, 167, 8}, 0, {112, 368}, {166, 166, 0, 255} }},
	{{ {405, 192, 8}, 0, {624, 880}, {166, 90, 0, 255} }},
	{{ {405, 192, 8}, 0, {880, 368}, {90, 90, 0, 255} }},
	{{ {430, 167, 8}, 0, {624, 368}, {90, 166, 0, 255} }},
	{{ {405, 141, 8}, 0, {368, 368}, {90, 166, 0, 255} }},
	{{ {430, 167, 8}, 0, {624, 368}, {90, 90, 0, 255} }},
};

Gfx car_rr_skinned_mesh_layer_1_tri_0[] = {
	gsSPVertex(car_rr_skinned_mesh_layer_1_vtx_0 + 0, 8, 0),
	gsSPEndDisplayList(),
};

Vtx car_rr_mesh_layer_1_vtx_0[8] = {
	{{ {-26, 170, 0}, 0, {624, 752}, {166, 0, 166, 255} }},
	{{ {0, 170, -26}, 0, {368, 752}, {166, 0, 166, 255} }},
	{{ {0, 170, -26}, 0, {112, 496}, {90, 0, 166, 255} }},
	{{ {26, 170, 0}, 0, {368, 496}, {90, 0, 166, 255} }},
	{{ {0, 170, 26}, 0, {624, 496}, {166, 0, 90, 255} }},
	{{ {-26, 170, 0}, 0, {880, 496}, {166, 0, 90, 255} }},
	{{ {26, 170, 0}, 0, {368, 496}, {90, 0, 90, 255} }},
	{{ {0, 170, 26}, 0, {624, 496}, {90, 0, 90, 255} }},
};

Gfx car_rr_mesh_layer_1_tri_0[] = {
	gsSPVertex(car_rr_mesh_layer_1_vtx_0 + 0, 8, 8),
	gsSP2Triangles(0, 8, 9, 0, 0, 3, 8, 0),
	gsSP2Triangles(10, 11, 1, 0, 10, 1, 2, 0),
	gsSP2Triangles(12, 13, 4, 0, 12, 4, 7, 0),
	gsSP2Triangles(14, 15, 5, 0, 14, 5, 6, 0),
	gsSPEndDisplayList(),
};

Vtx car_rr_mesh_layer_1_vtx_1[16] = {
	{{ {0, 170, 141}, 0, {1007, 506}, {0, 129, 0, 255} }},
	{{ {-100, 170, 100}, 0, {849, 125}, {0, 129, 0, 255} }},
	{{ {-141, 170, 0}, 0, {468, -33}, {0, 129, 0, 255} }},
	{{ {0, 170, -141}, 0, {-71, 506}, {0, 129, 0, 255} }},
	{{ {-100, 170, -100}, 0, {87, 125}, {0, 129, 0, 255} }},
	{{ {141, 170, 0}, 0, {468, 1046}, {0, 129, 0, 255} }},
	{{ {100, 170, -100}, 0, {87, 888}, {0, 129, 0, 255} }},
	{{ {100, 170, 100}, 0, {849, 888}, {0, 129, 0, 255} }},
	{{ {-141, 266, 0}, 0, {468, -33}, {0, 127, 0, 255} }},
	{{ {-100, 266, 100}, 0, {849, 125}, {0, 127, 0, 255} }},
	{{ {0, 266, 141}, 0, {1007, 506}, {0, 127, 0, 255} }},
	{{ {141, 266, 0}, 0, {468, 1046}, {0, 127, 0, 255} }},
	{{ {100, 266, 100}, 0, {849, 888}, {0, 127, 0, 255} }},
	{{ {0, 266, -141}, 0, {-71, 506}, {0, 127, 0, 255} }},
	{{ {100, 266, -100}, 0, {87, 888}, {0, 127, 0, 255} }},
	{{ {-100, 266, -100}, 0, {87, 125}, {0, 127, 0, 255} }},
};

Gfx car_rr_mesh_layer_1_tri_1[] = {
	gsSPVertex(car_rr_mesh_layer_1_vtx_1 + 0, 16, 0),
	gsSP2Triangles(0, 1, 2, 0, 0, 2, 3, 0),
	gsSP2Triangles(2, 4, 3, 0, 3, 5, 0, 0),
	gsSP2Triangles(3, 6, 5, 0, 5, 7, 0, 0),
	gsSP2Triangles(8, 9, 10, 0, 8, 10, 11, 0),
	gsSP2Triangles(10, 12, 11, 0, 11, 13, 8, 0),
	gsSP2Triangles(11, 14, 13, 0, 13, 15, 8, 0),
	gsSPEndDisplayList(),
};

Vtx car_rr_mesh_layer_1_vtx_2[56] = {
	{{ {100, 170, 100}, 0, {-2899, -38}, {0, 129, 0, 255} }},
	{{ {141, 170, 0}, 0, {-3878, -49}, {0, 129, 0, 255} }},
	{{ {150, 170, 0}, 0, {-3871, 40}, {0, 129, 0, 255} }},
	{{ {106, 170, 106}, 0, {-2892, 47}, {0, 129, 0, 255} }},
	{{ {0, 170, 141}, 0, {-1921, -26}, {0, 129, 0, 255} }},
	{{ {0, 170, 150}, 0, {-1914, 55}, {0, 129, 0, 255} }},
	{{ {-100, 170, 100}, 0, {-942, -15}, {0, 129, 0, 255} }},
	{{ {-106, 170, 106}, 0, {-936, 63}, {0, 129, 0, 255} }},
	{{ {-141, 170, 0}, 0, {36, -4}, {0, 129, 0, 255} }},
	{{ {-150, 170, 0}, 0, {43, 70}, {0, 129, 0, 255} }},
	{{ {-100, 170, -100}, 0, {1015, 7}, {0, 129, 0, 255} }},
	{{ {-106, 170, -106}, 0, {1021, 78}, {0, 129, 0, 255} }},
	{{ {0, 170, -141}, 0, {1994, 18}, {0, 129, 0, 255} }},
	{{ {0, 170, -150}, 0, {2000, 86}, {0, 129, 0, 255} }},
	{{ {100, 170, -100}, 0, {2972, 29}, {0, 129, 0, 255} }},
	{{ {106, 170, -106}, 0, {2978, 94}, {0, 129, 0, 255} }},
	{{ {141, 170, 0}, 0, {3951, 40}, {0, 129, 0, 255} }},
	{{ {150, 170, 0}, 0, {3957, 101}, {0, 129, 0, 255} }},
	{{ {106, 266, 106}, 0, {-2856, 862}, {90, 0, 90, 255} }},
	{{ {150, 170, 0}, 0, {-3871, 40}, {127, 0, 0, 255} }},
	{{ {150, 266, 0}, 0, {-3834, 851}, {127, 0, 0, 255} }},
	{{ {106, 170, 106}, 0, {-2892, 47}, {90, 0, 90, 255} }},
	{{ {0, 266, 150}, 0, {-1878, 873}, {0, 0, 127, 255} }},
	{{ {0, 170, 150}, 0, {-1914, 55}, {0, 0, 127, 255} }},
	{{ {-106, 266, 106}, 0, {-900, 884}, {166, 0, 90, 255} }},
	{{ {-106, 170, 106}, 0, {-936, 63}, {166, 0, 90, 255} }},
	{{ {-150, 266, 0}, 0, {78, 895}, {129, 0, 0, 255} }},
	{{ {-150, 170, 0}, 0, {43, 70}, {129, 0, 0, 255} }},
	{{ {-106, 266, -106}, 0, {1055, 906}, {166, 0, 166, 255} }},
	{{ {-106, 170, -106}, 0, {1021, 78}, {166, 0, 166, 255} }},
	{{ {0, 266, -150}, 0, {2033, 917}, {0, 0, 129, 255} }},
	{{ {0, 170, -150}, 0, {2000, 86}, {0, 0, 129, 255} }},
	{{ {106, 266, -106}, 0, {3011, 928}, {90, 0, 166, 255} }},
	{{ {0, 170, -150}, 0, {2000, 86}, {0, 0, 129, 255} }},
	{{ {0, 266, -150}, 0, {2033, 917}, {0, 0, 129, 255} }},
	{{ {106, 170, -106}, 0, {2978, 94}, {90, 0, 166, 255} }},
	{{ {150, 266, 0}, 0, {3989, 939}, {127, 0, 0, 255} }},
	{{ {150, 170, 0}, 0, {3957, 101}, {127, 0, 0, 255} }},
	{{ {100, 266, 100}, 0, {-2853, 947}, {0, 127, 0, 255} }},
	{{ {150, 266, 0}, 0, {-3834, 851}, {0, 127, 0, 255} }},
	{{ {141, 266, 0}, 0, {-3831, 940}, {0, 127, 0, 255} }},
	{{ {106, 266, 106}, 0, {-2856, 862}, {0, 127, 0, 255} }},
	{{ {0, 266, 141}, 0, {-1875, 955}, {0, 127, 0, 255} }},
	{{ {0, 266, 150}, 0, {-1878, 873}, {0, 127, 0, 255} }},
	{{ {-100, 266, 100}, 0, {-897, 962}, {0, 127, 0, 255} }},
	{{ {-106, 266, 106}, 0, {-900, 884}, {0, 127, 0, 255} }},
	{{ {-141, 266, 0}, 0, {81, 970}, {0, 127, 0, 255} }},
	{{ {-150, 266, 0}, 0, {78, 895}, {0, 127, 0, 255} }},
	{{ {-100, 266, -100}, 0, {1059, 977}, {0, 127, 0, 255} }},
	{{ {-106, 266, -106}, 0, {1055, 906}, {0, 127, 0, 255} }},
	{{ {0, 266, -141}, 0, {2037, 985}, {0, 127, 0, 255} }},
	{{ {0, 266, -150}, 0, {2033, 917}, {0, 127, 0, 255} }},
	{{ {100, 266, -100}, 0, {3015, 993}, {0, 127, 0, 255} }},
	{{ {106, 266, -106}, 0, {3011, 928}, {0, 127, 0, 255} }},
	{{ {141, 266, 0}, 0, {3992, 1000}, {0, 127, 0, 255} }},
	{{ {150, 266, 0}, 0, {3989, 939}, {0, 127, 0, 255} }},
};

Gfx car_rr_mesh_layer_1_tri_2[] = {
	gsSPVertex(car_rr_mesh_layer_1_vtx_2 + 0, 32, 0),
	gsSP2Triangles(0, 1, 2, 0, 0, 2, 3, 0),
	gsSP2Triangles(4, 0, 3, 0, 4, 3, 5, 0),
	gsSP2Triangles(6, 4, 5, 0, 6, 5, 7, 0),
	gsSP2Triangles(8, 6, 7, 0, 8, 7, 9, 0),
	gsSP2Triangles(10, 8, 9, 0, 10, 9, 11, 0),
	gsSP2Triangles(12, 10, 11, 0, 12, 11, 13, 0),
	gsSP2Triangles(14, 12, 13, 0, 14, 13, 15, 0),
	gsSP2Triangles(16, 14, 15, 0, 16, 15, 17, 0),
	gsSP2Triangles(18, 19, 20, 0, 18, 21, 19, 0),
	gsSP2Triangles(22, 21, 18, 0, 22, 23, 21, 0),
	gsSP2Triangles(24, 23, 22, 0, 24, 25, 23, 0),
	gsSP2Triangles(26, 25, 24, 0, 26, 27, 25, 0),
	gsSP2Triangles(28, 27, 26, 0, 28, 29, 27, 0),
	gsSP2Triangles(30, 29, 28, 0, 30, 31, 29, 0),
	gsSPVertex(car_rr_mesh_layer_1_vtx_2 + 32, 24, 0),
	gsSP2Triangles(0, 1, 2, 0, 0, 3, 1, 0),
	gsSP2Triangles(4, 3, 0, 0, 4, 5, 3, 0),
	gsSP2Triangles(6, 7, 8, 0, 6, 9, 7, 0),
	gsSP2Triangles(10, 9, 6, 0, 10, 11, 9, 0),
	gsSP2Triangles(12, 11, 10, 0, 12, 13, 11, 0),
	gsSP2Triangles(14, 13, 12, 0, 14, 15, 13, 0),
	gsSP2Triangles(16, 15, 14, 0, 16, 17, 15, 0),
	gsSP2Triangles(18, 17, 16, 0, 18, 19, 17, 0),
	gsSP2Triangles(20, 19, 18, 0, 20, 21, 19, 0),
	gsSP2Triangles(22, 21, 20, 0, 22, 23, 21, 0),
	gsSPEndDisplayList(),
};


Gfx mat_car_f3dlite_material_004[] = {
    gsSPLightColor(LIGHT_1, 0xffffffff),
    gsSPLightColor(LIGHT_2, 0x7f7f7fff),
	gsDPPipeSync(),
	gsDPSetCombineLERP(TEXEL0, 0, SHADE, 0, 0, 0, 0, ENVIRONMENT, TEXEL0, 0, SHADE, 0, 0, 0, 0, ENVIRONMENT),
	gsDPSetAlphaDither(G_AD_NOISE),
	gsDPSetTextureLUT(G_TT_RGBA16),
	gsSPTexture(65535, 65535, 0, 0, 1),
	gsDPSetTextureImage(G_IM_FMT_RGBA, G_IM_SIZ_16b, 1, car_wheel_pal_rgba16),
	gsDPSetTile(0, 0, 0, 256, 5, 0, G_TX_WRAP | G_TX_NOMIRROR, 0, 0, G_TX_WRAP | G_TX_NOMIRROR, 0, 0),
	gsDPLoadTLUTCmd(5, 99),
	gsDPSetTextureImage(G_IM_FMT_CI, G_IM_SIZ_8b_LOAD_BLOCK, 1, car_wheel_ci8),
	gsDPSetTile(G_IM_FMT_CI, G_IM_SIZ_8b_LOAD_BLOCK, 0, 0, 7, 0, G_TX_WRAP | G_TX_NOMIRROR, 0, 0, G_TX_WRAP | G_TX_NOMIRROR, 0, 0),
	gsDPLoadBlock(7, 0, 0, 511, 512),
	gsDPSetTile(G_IM_FMT_CI, G_IM_SIZ_8b, 4, 0, 0, 0, G_TX_WRAP | G_TX_NOMIRROR, 5, 0, G_TX_WRAP | G_TX_NOMIRROR, 5, 0),
	gsDPSetTileSize(0, 0, 0, 124, 124),
	gsSPEndDisplayList(),
};

Gfx mat_revert_car_f3dlite_material_004[] = {
	gsDPPipeSync(),
	gsDPSetAlphaDither(G_AD_DISABLE),
	gsDPSetTextureLUT(G_TT_NONE),
	gsSPEndDisplayList(),
};

Gfx mat_car_f3dlite_material_006[] = {
    gsSPLightColor(LIGHT_1, 0xffffffff),
    gsSPLightColor(LIGHT_2, 0x7f7f7fff),
	gsDPPipeSync(),
	gsDPSetCombineLERP(TEXEL0, 0, SHADE, 0, 0, 0, 0, ENVIRONMENT, TEXEL0, 0, SHADE, 0, 0, 0, 0, ENVIRONMENT),
	gsDPSetAlphaDither(G_AD_NOISE),
	gsDPSetTextureLUT(G_TT_RGBA16),
	gsSPTexture(65535, 65535, 0, 0, 1),
	gsDPSetTextureImage(G_IM_FMT_RGBA, G_IM_SIZ_16b, 1, car_DoubleDiamondPlateDark_pal_rgba16),
	gsDPSetTile(0, 0, 0, 256, 5, 0, G_TX_WRAP | G_TX_NOMIRROR, 0, 0, G_TX_WRAP | G_TX_NOMIRROR, 0, 0),
	gsDPLoadTLUTCmd(5, 43),
	gsDPSetTextureImage(G_IM_FMT_CI, G_IM_SIZ_8b_LOAD_BLOCK, 1, car_DoubleDiamondPlateDark_ci8),
	gsDPSetTile(G_IM_FMT_CI, G_IM_SIZ_8b_LOAD_BLOCK, 0, 0, 7, 0, G_TX_WRAP | G_TX_NOMIRROR, 0, 0, G_TX_WRAP | G_TX_NOMIRROR, 0, 0),
	gsDPLoadBlock(7, 0, 0, 511, 512),
	gsDPSetTile(G_IM_FMT_CI, G_IM_SIZ_8b, 4, 0, 0, 0, G_TX_WRAP | G_TX_NOMIRROR, 5, 0, G_TX_WRAP | G_TX_NOMIRROR, 5, 0),
	gsDPSetTileSize(0, 0, 0, 124, 124),
	gsSPEndDisplayList(),
};

Gfx mat_revert_car_f3dlite_material_006[] = {
	gsDPPipeSync(),
	gsDPSetAlphaDither(G_AD_DISABLE),
	gsDPSetTextureLUT(G_TT_NONE),
	gsSPEndDisplayList(),
};

Gfx mat_car_f3dlite_material_008[] = {
    gsSPLightColor(LIGHT_1, 0xffffffff),
    gsSPLightColor(LIGHT_2, 0x7f7f7fff),
	gsDPPipeSync(),
	gsDPSetCombineLERP(TEXEL0, 0, SHADE, 0, 0, 0, 0, ENVIRONMENT, TEXEL0, 0, SHADE, 0, 0, 0, 0, ENVIRONMENT),
	gsDPSetAlphaDither(G_AD_NOISE),
	gsDPSetTextureLUT(G_TT_RGBA16),
	gsSPTexture(65535, 65535, 0, 0, 1),
	gsDPSetTextureImage(G_IM_FMT_RGBA, G_IM_SIZ_16b, 1, car_metal_wall_pal_rgba16),
	gsDPSetTile(0, 0, 0, 256, 5, 0, G_TX_WRAP | G_TX_NOMIRROR, 0, 0, G_TX_WRAP | G_TX_NOMIRROR, 0, 0),
	gsDPLoadTLUTCmd(5, 117),
	gsDPSetTextureImage(G_IM_FMT_CI, G_IM_SIZ_8b_LOAD_BLOCK, 1, car_metal_wall_ci8),
	gsDPSetTile(G_IM_FMT_CI, G_IM_SIZ_8b_LOAD_BLOCK, 0, 0, 7, 0, G_TX_WRAP | G_TX_NOMIRROR, 0, 0, G_TX_WRAP | G_TX_NOMIRROR, 0, 0),
	gsDPLoadBlock(7, 0, 0, 1023, 512),
	gsDPSetTile(G_IM_FMT_CI, G_IM_SIZ_8b, 4, 0, 0, 0, G_TX_WRAP | G_TX_NOMIRROR, 6, 0, G_TX_WRAP | G_TX_NOMIRROR, 5, 0),
	gsDPSetTileSize(0, 0, 0, 124, 252),
	gsSPEndDisplayList(),
};

Gfx mat_revert_car_f3dlite_material_008[] = {
	gsDPPipeSync(),
	gsDPSetAlphaDither(G_AD_DISABLE),
	gsDPSetTextureLUT(G_TT_NONE),
	gsSPEndDisplayList(),
};

Gfx mat_car_f3dlite_material_009[] = {
    gsSPLightColor(LIGHT_1, 0xffffffff),
    gsSPLightColor(LIGHT_2, 0x7f7f7fff),
	gsDPPipeSync(),
	gsDPSetCombineLERP(TEXEL0, 0, SHADE, 0, 0, 0, 0, ENVIRONMENT, TEXEL0, 0, SHADE, 0, 0, 0, 0, ENVIRONMENT),
	gsDPSetAlphaDither(G_AD_NOISE),
	gsDPSetTextureLUT(G_TT_RGBA16),
	gsSPTexture(65535, 65535, 0, 0, 1),
	gsDPSetTextureImage(G_IM_FMT_RGBA, G_IM_SIZ_16b, 1, car_WarningCaution_pal_rgba16),
	gsDPSetTile(0, 0, 0, 256, 5, 0, G_TX_WRAP | G_TX_NOMIRROR, 0, 0, G_TX_WRAP | G_TX_NOMIRROR, 0, 0),
	gsDPLoadTLUTCmd(5, 47),
	gsDPSetTextureImage(G_IM_FMT_CI, G_IM_SIZ_8b_LOAD_BLOCK, 1, car_WarningCaution_ci8),
	gsDPSetTile(G_IM_FMT_CI, G_IM_SIZ_8b_LOAD_BLOCK, 0, 0, 7, 0, G_TX_WRAP | G_TX_NOMIRROR, 0, 0, G_TX_WRAP | G_TX_NOMIRROR, 0, 0),
	gsDPLoadBlock(7, 0, 0, 1023, 256),
	gsDPSetTile(G_IM_FMT_CI, G_IM_SIZ_8b, 8, 0, 0, 0, G_TX_WRAP | G_TX_NOMIRROR, 5, 0, G_TX_WRAP | G_TX_NOMIRROR, 6, 0),
	gsDPSetTileSize(0, 0, 0, 252, 124),
	gsSPEndDisplayList(),
};

Gfx mat_revert_car_f3dlite_material_009[] = {
	gsDPPipeSync(),
	gsDPSetAlphaDither(G_AD_DISABLE),
	gsDPSetTextureLUT(G_TT_NONE),
	gsSPEndDisplayList(),
};

Gfx mat_car_f3dlite_material_011[] = {
    gsSPLightColor(LIGHT_1, 0xffffffff),
    gsSPLightColor(LIGHT_2, 0x7f7f7fff),
	gsDPPipeSync(),
	gsDPSetCombineLERP(TEXEL0, 0, SHADE, 0, 0, 0, 0, ENVIRONMENT, TEXEL0, 0, SHADE, 0, 0, 0, 0, ENVIRONMENT),
	gsDPSetAlphaDither(G_AD_NOISE),
	gsDPSetTextureLUT(G_TT_RGBA16),
	gsSPTexture(65535, 65535, 0, 0, 1),
	gsDPSetTextureImage(G_IM_FMT_RGBA, G_IM_SIZ_16b, 1, car_Bridge_pal_rgba16),
	gsDPSetTile(0, 0, 0, 256, 5, 0, G_TX_WRAP | G_TX_NOMIRROR, 0, 0, G_TX_WRAP | G_TX_NOMIRROR, 0, 0),
	gsDPLoadTLUTCmd(5, 73),
	gsDPSetTextureImage(G_IM_FMT_CI, G_IM_SIZ_8b_LOAD_BLOCK, 1, car_Bridge_ci8),
	gsDPSetTile(G_IM_FMT_CI, G_IM_SIZ_8b_LOAD_BLOCK, 0, 0, 7, 0, G_TX_WRAP | G_TX_NOMIRROR, 0, 0, G_TX_WRAP | G_TX_NOMIRROR, 0, 0),
	gsDPLoadBlock(7, 0, 0, 511, 512),
	gsDPSetTile(G_IM_FMT_CI, G_IM_SIZ_8b, 4, 0, 0, 0, G_TX_WRAP | G_TX_NOMIRROR, 5, 0, G_TX_WRAP | G_TX_NOMIRROR, 5, 0),
	gsDPSetTileSize(0, 0, 0, 124, 124),
	gsSPEndDisplayList(),
};

Gfx mat_revert_car_f3dlite_material_011[] = {
	gsDPPipeSync(),
	gsDPSetAlphaDither(G_AD_DISABLE),
	gsDPSetTextureLUT(G_TT_NONE),
	gsSPEndDisplayList(),
};

Gfx mat_car_f3dlite_material_007[] = {
	gsSPClearGeometryMode(G_CULL_BACK),
    gsSPLightColor(LIGHT_1, 0xffffffff),
    gsSPLightColor(LIGHT_2, 0x7f7f7fff),
	gsDPPipeSync(),
	gsDPSetCombineLERP(TEXEL0, 0, SHADE, 0, 0, 0, 0, TEXEL0, TEXEL0, 0, SHADE, 0, 0, 0, 0, TEXEL0),
	gsDPSetAlphaDither(G_AD_NOISE),
	gsDPSetTextureLUT(G_TT_RGBA16),
	gsSPTexture(65535, 65535, 0, 0, 1),
	gsDPSetTextureImage(G_IM_FMT_RGBA, G_IM_SIZ_16b, 1, car_FENCE_pal_rgba16),
	gsDPSetTile(0, 0, 0, 256, 5, 0, G_TX_WRAP | G_TX_NOMIRROR, 0, 0, G_TX_WRAP | G_TX_NOMIRROR, 0, 0),
	gsDPLoadTLUTCmd(5, 83),
	gsDPSetTextureImage(G_IM_FMT_CI, G_IM_SIZ_8b_LOAD_BLOCK, 1, car_FENCE_ci8),
	gsDPSetTile(G_IM_FMT_CI, G_IM_SIZ_8b_LOAD_BLOCK, 0, 0, 7, 0, G_TX_WRAP | G_TX_NOMIRROR, 0, 0, G_TX_WRAP | G_TX_NOMIRROR, 0, 0),
	gsDPLoadBlock(7, 0, 0, 1023, 512),
	gsDPSetTile(G_IM_FMT_CI, G_IM_SIZ_8b, 4, 0, 0, 0, G_TX_WRAP | G_TX_NOMIRROR, 6, 0, G_TX_WRAP | G_TX_NOMIRROR, 5, 0),
	gsDPSetTileSize(0, 0, 0, 124, 252),
	gsSPEndDisplayList(),
};

Gfx mat_revert_car_f3dlite_material_007[] = {
	gsSPSetGeometryMode(G_CULL_BACK),
	gsDPPipeSync(),
	gsDPSetAlphaDither(G_AD_DISABLE),
	gsDPSetTextureLUT(G_TT_NONE),
	gsSPEndDisplayList(),
};

Gfx mat_car_f3dlite_material_010[] = {
	gsDPPipeSync(),
	gsDPSetCombineLERP(0, 0, 0, TEXEL0, 0, 0, 0, PRIMITIVE, 0, 0, 0, TEXEL0, 0, 0, 0, PRIMITIVE),
	gsDPSetAlphaDither(G_AD_NOISE),
	gsDPSetTextureLUT(G_TT_RGBA16),
	gsSPTexture(65535, 65535, 0, 0, 1),
	gsDPSetPrimColor(0, 0, 255, 255, 255, 128),
	gsDPSetTextureImage(G_IM_FMT_RGBA, G_IM_SIZ_16b, 1, car_Material2_pal_rgba16),
	gsDPSetTile(0, 0, 0, 256, 5, 0, G_TX_WRAP | G_TX_NOMIRROR, 0, 0, G_TX_WRAP | G_TX_NOMIRROR, 0, 0),
	gsDPLoadTLUTCmd(5, 21),
	gsDPSetTextureImage(G_IM_FMT_CI, G_IM_SIZ_8b_LOAD_BLOCK, 1, car_Material2_ci8),
	gsDPSetTile(G_IM_FMT_CI, G_IM_SIZ_8b_LOAD_BLOCK, 0, 0, 7, 0, G_TX_WRAP | G_TX_NOMIRROR, 0, 0, G_TX_WRAP | G_TX_NOMIRROR, 0, 0),
	gsDPLoadBlock(7, 0, 0, 1023, 512),
	gsDPSetTile(G_IM_FMT_CI, G_IM_SIZ_8b, 4, 0, 0, 0, G_TX_WRAP | G_TX_NOMIRROR, 6, 0, G_TX_WRAP | G_TX_NOMIRROR, 5, 0),
	gsDPSetTileSize(0, 0, 0, 124, 252),
	gsSPEndDisplayList(),
};

Gfx mat_revert_car_f3dlite_material_010[] = {
	gsDPPipeSync(),
	gsDPSetAlphaDither(G_AD_DISABLE),
	gsDPSetTextureLUT(G_TT_NONE),
	gsSPEndDisplayList(),
};

Gfx mat_car_f3dlite_material_005[] = {
    gsSPLightColor(LIGHT_1, 0xffffffff),
    gsSPLightColor(LIGHT_2, 0x7f7f7fff),
	gsDPPipeSync(),
	gsDPSetCombineLERP(TEXEL0, 0, SHADE, 0, 0, 0, 0, ENVIRONMENT, TEXEL0, 0, SHADE, 0, 0, 0, 0, ENVIRONMENT),
	gsDPSetAlphaDither(G_AD_NOISE),
	gsDPSetTextureLUT(G_TT_RGBA16),
	gsSPTexture(65535, 65535, 0, 0, 1),
	gsDPSetTextureImage(G_IM_FMT_RGBA, G_IM_SIZ_16b, 1, car_tire_pal_rgba16),
	gsDPSetTile(0, 0, 0, 256, 5, 0, G_TX_WRAP | G_TX_NOMIRROR, 0, 0, G_TX_WRAP | G_TX_NOMIRROR, 0, 0),
	gsDPLoadTLUTCmd(5, 49),
	gsDPSetTextureImage(G_IM_FMT_CI, G_IM_SIZ_8b_LOAD_BLOCK, 1, car_tire_ci8),
	gsDPSetTile(G_IM_FMT_CI, G_IM_SIZ_8b_LOAD_BLOCK, 0, 0, 7, 0, G_TX_WRAP | G_TX_NOMIRROR, 0, 0, G_TX_WRAP | G_TX_NOMIRROR, 0, 0),
	gsDPLoadBlock(7, 0, 0, 511, 512),
	gsDPSetTile(G_IM_FMT_CI, G_IM_SIZ_8b, 4, 0, 0, 0, G_TX_WRAP | G_TX_NOMIRROR, 5, 0, G_TX_WRAP | G_TX_NOMIRROR, 5, 0),
	gsDPSetTileSize(0, 0, 0, 124, 124),
	gsSPEndDisplayList(),
};

Gfx mat_revert_car_f3dlite_material_005[] = {
	gsDPPipeSync(),
	gsDPSetAlphaDither(G_AD_DISABLE),
	gsDPSetTextureLUT(G_TT_NONE),
	gsSPEndDisplayList(),
};

Gfx car_root_mesh_layer_1[] = {
	gsSPDisplayList(mat_car_f3dlite_material_004),
	gsSPDisplayList(car_root_mesh_layer_1_tri_0),
	gsSPDisplayList(mat_revert_car_f3dlite_material_004),
	gsSPDisplayList(mat_car_f3dlite_material_006),
	gsSPDisplayList(car_root_mesh_layer_1_tri_1),
	gsSPDisplayList(mat_revert_car_f3dlite_material_006),
	gsSPDisplayList(mat_car_f3dlite_material_008),
	gsSPDisplayList(car_root_mesh_layer_1_tri_2),
	gsSPDisplayList(mat_revert_car_f3dlite_material_008),
	gsSPDisplayList(mat_car_f3dlite_material_009),
	gsSPDisplayList(car_root_mesh_layer_1_tri_3),
	gsSPDisplayList(mat_revert_car_f3dlite_material_009),
	gsSPDisplayList(mat_car_f3dlite_material_011),
	gsSPDisplayList(car_root_mesh_layer_1_tri_4),
	gsSPDisplayList(mat_revert_car_f3dlite_material_011),
	gsSPEndDisplayList(),
};

Gfx car_root_mesh_layer_4[] = {
	gsSPDisplayList(mat_car_f3dlite_material_007),
	gsSPDisplayList(car_root_mesh_layer_4_tri_0),
	gsSPDisplayList(mat_revert_car_f3dlite_material_007),
	gsDPPipeSync(),
	gsSPSetGeometryMode(G_LIGHTING),
	gsSPClearGeometryMode(G_TEXTURE_GEN),
	gsDPSetCombineLERP(0, 0, 0, SHADE, 0, 0, 0, ENVIRONMENT, 0, 0, 0, SHADE, 0, 0, 0, ENVIRONMENT),
	gsSPTexture(65535, 65535, 0, 0, 0),
	gsDPSetEnvColor(255, 255, 255, 255),
	gsDPSetAlphaCompare(G_AC_NONE),
	gsSPEndDisplayList(),
};

Gfx car_root_mesh_layer_5[] = {
	gsSPDisplayList(mat_car_f3dlite_material_010),
	gsSPDisplayList(car_root_mesh_layer_5_tri_0),
	gsSPDisplayList(mat_revert_car_f3dlite_material_010),
	gsDPPipeSync(),
	gsSPSetGeometryMode(G_LIGHTING),
	gsSPClearGeometryMode(G_TEXTURE_GEN),
	gsDPSetCombineLERP(0, 0, 0, SHADE, 0, 0, 0, ENVIRONMENT, 0, 0, 0, SHADE, 0, 0, 0, ENVIRONMENT),
	gsSPTexture(65535, 65535, 0, 0, 0),
	gsDPSetEnvColor(255, 255, 255, 255),
	gsDPSetAlphaCompare(G_AC_NONE),
	gsSPEndDisplayList(),
};

Gfx car_fl_skinned_mesh_layer_1[] = {
	gsSPDisplayList(mat_car_f3dlite_material_004),
	gsSPDisplayList(car_fl_skinned_mesh_layer_1_tri_0),
	gsSPDisplayList(mat_revert_car_f3dlite_material_004),
	gsSPEndDisplayList(),
};

Gfx car_fl_mesh_layer_1[] = {
	gsSPDisplayList(mat_car_f3dlite_material_004),
	gsSPDisplayList(car_fl_mesh_layer_1_tri_0),
	gsSPDisplayList(car_fl_mesh_layer_1_tri_1),
	gsSPDisplayList(mat_revert_car_f3dlite_material_004),
	gsSPDisplayList(mat_car_f3dlite_material_005),
	gsSPDisplayList(car_fl_mesh_layer_1_tri_2),
	gsSPDisplayList(mat_revert_car_f3dlite_material_005),
	gsSPEndDisplayList(),
};

Gfx car_fr_skinned_mesh_layer_1[] = {
	gsSPDisplayList(mat_car_f3dlite_material_004),
	gsSPDisplayList(car_fr_skinned_mesh_layer_1_tri_0),
	gsSPDisplayList(mat_revert_car_f3dlite_material_004),
	gsSPEndDisplayList(),
};

Gfx car_fr_mesh_layer_1[] = {
	gsSPDisplayList(mat_car_f3dlite_material_004),
	gsSPDisplayList(car_fr_mesh_layer_1_tri_0),
	gsSPDisplayList(car_fr_mesh_layer_1_tri_1),
	gsSPDisplayList(mat_revert_car_f3dlite_material_004),
	gsSPDisplayList(mat_car_f3dlite_material_005),
	gsSPDisplayList(car_fr_mesh_layer_1_tri_2),
	gsSPDisplayList(mat_revert_car_f3dlite_material_005),
	gsSPEndDisplayList(),
};

Gfx car_rl_skinned_mesh_layer_1[] = {
	gsSPDisplayList(mat_car_f3dlite_material_004),
	gsSPDisplayList(car_rl_skinned_mesh_layer_1_tri_0),
	gsSPDisplayList(mat_revert_car_f3dlite_material_004),
	gsSPEndDisplayList(),
};

Gfx car_rl_mesh_layer_1[] = {
	gsSPDisplayList(mat_car_f3dlite_material_004),
	gsSPDisplayList(car_rl_mesh_layer_1_tri_0),
	gsSPDisplayList(car_rl_mesh_layer_1_tri_1),
	gsSPDisplayList(mat_revert_car_f3dlite_material_004),
	gsSPDisplayList(mat_car_f3dlite_material_005),
	gsSPDisplayList(car_rl_mesh_layer_1_tri_2),
	gsSPDisplayList(mat_revert_car_f3dlite_material_005),
	gsSPEndDisplayList(),
};

Gfx car_rr_skinned_mesh_layer_1[] = {
	gsSPDisplayList(mat_car_f3dlite_material_004),
	gsSPDisplayList(car_rr_skinned_mesh_layer_1_tri_0),
	gsSPDisplayList(mat_revert_car_f3dlite_material_004),
	gsSPEndDisplayList(),
};

Gfx car_rr_mesh_layer_1[] = {
	gsSPDisplayList(mat_car_f3dlite_material_004),
	gsSPDisplayList(car_rr_mesh_layer_1_tri_0),
	gsSPDisplayList(car_rr_mesh_layer_1_tri_1),
	gsSPDisplayList(mat_revert_car_f3dlite_material_004),
	gsSPDisplayList(mat_car_f3dlite_material_005),
	gsSPDisplayList(car_rr_mesh_layer_1_tri_2),
	gsSPDisplayList(mat_revert_car_f3dlite_material_005),
	gsDPPipeSync(),
	gsSPSetGeometryMode(G_LIGHTING),
	gsSPClearGeometryMode(G_TEXTURE_GEN),
	gsDPSetCombineLERP(0, 0, 0, SHADE, 0, 0, 0, ENVIRONMENT, 0, 0, 0, SHADE, 0, 0, 0, ENVIRONMENT),
	gsSPTexture(65535, 65535, 0, 0, 0),
	gsDPSetEnvColor(255, 255, 255, 255),
	gsDPSetAlphaCompare(G_AC_NONE),
	gsSPEndDisplayList(),
};

