Gfx rgardenhall_grassside_ci8_aligner[] = {gsSPEndDisplayList()};
u8 rgardenhall_grassside_ci8[] = {
	0x00, 0x01, 0x02, 0x01, 0x03, 0x04, 0x05, 0x06, 
	0x06, 0x06, 0x06, 0x06, 0x06, 0x03, 0x03, 0x07, 
	0x06, 0x06, 0x06, 0x06, 0x06, 0x06, 0x06, 0x06, 
	0x06, 0x06, 0x06, 0x06, 0x06, 0x08, 0x04, 0x05, 
	0x01, 0x06, 0x02, 0x01, 0x03, 0x04, 0x05, 0x06, 
	0x06, 0x06, 0x06, 0x06, 0x06, 0x03, 0x03, 0x07, 
	0x06, 0x06, 0x06, 0x06, 0x06, 0x06, 0x06, 0x06, 
	0x06, 0x06, 0x06, 0x06, 0x09, 0x06, 0x06, 0x05, 
	0x0a, 0x01, 0x03, 0x01, 0x06, 0x0b, 0x0c, 0x0d, 
	0x0b, 0x06, 0x0e, 0x0a, 0x06, 0x0c, 0x0f, 0x10, 
	0x11, 0x12, 0x08, 0x06, 0x0f, 0x11, 0x10, 0x10, 
	0x13, 0x0c, 0x14, 0x0d, 0x15, 0x06, 0x16, 0x0c, 
	0x17, 0x18, 0x11, 0x19, 0x1a, 0x1b, 0x1c, 0x1d, 
	0x1e, 0x11, 0x1f, 0x20, 0x0c, 0x1b, 0x21, 0x22, 
	0x23, 0x24, 0x10, 0x1d, 0x25, 0x26, 0x27, 0x28, 
	0x29, 0x2a, 0x18, 0x16, 0x2b, 0x2c, 0x2d, 0x2e, 
	0x2f, 0x30, 0x31, 0x32, 0x33, 0x34, 0x35, 0x36, 
	0x32, 0x37, 0x38, 0x39, 0x2d, 0x3a, 0x3b, 0x3c, 
	0x30, 0x3d, 0x3e, 0x3f, 0x40, 0x41, 0x42, 0x41, 
	0x43, 0x44, 0x30, 0x45, 0x46, 0x47, 0x48, 0x20, 
	0x49, 0x4a, 0x4b, 0x4c, 0x4d, 0x2d, 0x36, 0x3b, 
	0x4e, 0x4f, 0x50, 0x51, 0x19, 0x52, 0x53, 0x54, 
	0x55, 0x4a, 0x56, 0x57, 0x4c, 0x58, 0x59, 0x34, 
	0x32, 0x5a, 0x5b, 0x5c, 0x5d, 0x5e, 0x5f, 0x60, 
	0x22, 0x61, 0x62, 0x41, 0x63, 0x4e, 0x64, 0x65, 
	0x59, 0x66, 0x67, 0x68, 0x34, 0x36, 0x69, 0x53, 
	0x6a, 0x6b, 0x52, 0x49, 0x60, 0x6c, 0x6d, 0x6e, 
	0x52, 0x6f, 0x36, 0x59, 0x70, 0x71, 0x6b, 0x49, 
	0x72, 0x6c, 0x73, 0x70, 0x32, 0x74, 0x75, 0x76, 
	0x77, 0x78, 0x79, 0x7a, 0x7b, 0x7c, 0x7d, 0x7e, 
	0x41, 0x64, 0x7f, 0x80, 0x81, 0x82, 0x83, 0x84, 
	0x85, 0x85, 0x86, 0x6a, 0x87, 0x70, 0x70, 0x88, 
	0x88, 0x86, 0x87, 0x89, 0x8a, 0x55, 0x5b, 0x8b, 
	0x8c, 0x8d, 0x8e, 0x8f, 0x6c, 0x90, 0x91, 0x7d, 
	0x92, 0x93, 0x94, 0x95, 0x96, 0x97, 0x70, 0x98, 
	0x99, 0x6c, 0x90, 0x9a, 0x41, 0x92, 0x9b, 0x5b, 
	0x9c, 0x7a, 0x83, 0x9d, 0x4c, 0x70, 0x5b, 0x80, 
	0x6e, 0x59, 0x9e, 0x9f, 0x35, 0x77, 0x77, 0x90, 
	0x7c, 0x53, 0x5a, 0xa0, 0xa1, 0xa2, 0x70, 0x70, 
	0xa3, 0x84, 0xa4, 0x94, 0x4c, 0xa5, 0xa6, 0xa5, 
	0xa7, 0x83, 0xa7, 0x70, 0xa8, 0x7c, 0x81, 0xa9, 
	0x70, 0x70, 0x6c, 0x6b, 0x70, 0x35, 0x80, 0xaa, 
	0x36, 0xab, 0xac, 0x99, 0xa9, 0x6c, 0x96, 0x5b, 
	0xad, 0xaa, 0xae, 0xa4, 0xaf, 0xb0, 0x5b, 0x96, 
	0x5a, 0x9c, 0xb1, 0xa2, 0xb0, 0x90, 0x59, 0xb2, 
	0xb3, 0x9c, 0x96, 0xb4, 0xa2, 0xaa, 0x77, 0xb5, 
	0x80, 0x5a, 0x97, 0xb6, 0xb7, 0xb8, 0x7a, 0x35, 
	0x7c, 0x36, 0x36, 0x77, 0x93, 0x70, 0x41, 0x5b, 
	0x92, 0x35, 0x87, 0xa7, 0x70, 0xb9, 0xba, 0xbb, 
	0xbc, 0x9c, 0x82, 0xbd, 0x70, 0x64, 0x86, 0x85, 
	0x58, 0xb7, 0xab, 0x85, 0x41, 0xa1, 0xbe, 0x7c, 
	0x7c, 0xbf, 0x35, 0xb5, 0x6f, 0x84, 0x99, 0x99, 
	0x90, 0x95, 0xb8, 0xc0, 0xb7, 0x35, 0xc1, 0xc2, 
	0xb1, 0x70, 0x87, 0xa2, 0xb7, 0x64, 0x80, 0x90, 
	0x5b, 0x5b, 0x64, 0xc3, 0x41, 0x90, 0xa4, 0x53, 
	0x5a, 0xa1, 0x59, 0x59, 0x96, 0x96, 0x70, 0xab, 
	0x90, 0x6a, 0x99, 0x96, 0x90, 0xbf, 0xc4, 0x98, 
	0x41, 0x6f, 0x41, 0x92, 0x80, 0x58, 0x86, 0x77, 
	0x96, 0x4c, 0x59, 0xa5, 0xc5, 0xa4, 0xa6, 0x94, 
	0x6f, 0x70, 0xb5, 0xc6, 0xc7, 0xb0, 0x5b, 0x36, 
	0xaa, 0xc8, 0x6f, 0x41, 0xb7, 0xb8, 0xc9, 0x9c, 
	0xb0, 0x5b, 0xca, 0xa4, 0xcb, 0x5b, 0x95, 0x59, 
	0xcc, 0x5a, 0x9a, 0x92, 0xc5, 0xcb, 0xcb, 0x9a, 
	0xcd, 0x8d, 0x96, 0x99, 0x87, 0x75, 0x87, 0xcd, 
	0x53, 0x9a, 0xb5, 0xc8, 0x8d, 0xce, 0x6c, 0x5a, 
	0x70, 0x70, 0x5b, 0x7c, 0x77, 0xcf, 0xc7, 0x85, 
	0x85, 0x6f, 0x5b, 0x9a, 0x92, 0xa5, 0xc5, 0xc5, 
	0xd0, 0x78, 0x78, 0xcc, 0x96, 0x84, 0x92, 0x35, 
	0xc6, 0xb5, 0x85, 0x96, 0xd1, 0x7a, 0xc7, 0x78, 
	0x36, 0x9a, 0x80, 0x77, 0xa5, 0xd2, 0x84, 0x59, 
	0x8d, 0x96, 0x35, 0xaa, 0x80, 0xcb, 0x69, 0x69, 
	0xd0, 0xd3, 0xc8, 0x8d, 0x35, 0x81, 0x77, 0x80, 
	0x85, 0xcf, 0x6f, 0x70, 0xb4, 0x84, 0x92, 0x36, 
	0xa4, 0x9a, 0x95, 0x9b, 0x6f, 0x99, 0x96, 0x70, 
	0x6c, 0x96, 0x85, 0x59, 0xa5, 0xd4, 0x60, 0x80, 
	0x9b, 0xb5, 0xd2, 0x78, 0x80, 0x9a, 0x77, 0xae, 
	0xd5, 0x99, 0x8d, 0x82, 0x9c, 0x7c, 0x91, 0x77, 
	0x93, 0x99, 0x99, 0x81, 0x94, 0x4c, 0xb0, 0x84, 
	0xb4, 0xa2, 0x85, 0xaa, 0x77, 0xd0, 0xd6, 0xb7, 
	0x4c, 0xd2, 0xc0, 0xcd, 0xcf, 0x6c, 0x7c, 0x77, 
	0xd2, 0x89, 0xb0, 0x97, 0x6c, 0x36, 0xa6, 0x36, 
	0x97, 0x70, 0x5b, 0x7c, 0x9b, 0x5b, 0x60, 0x59, 
	0x41, 0xb7, 0xb7, 0x58, 0x81, 0x81, 0xa1, 0x89, 
	0x41, 0x85, 0xb0, 0xb4, 0x9d, 0x84, 0x90, 0x80, 
	0x99, 0xd7, 0xc0, 0xd8, 0x70, 0x80, 0x53, 0xc8, 
	0x70, 0x78, 0x86, 0x6a, 0x59, 0x36, 0x6a, 0x5a, 
	0x5b, 0x85, 0xd9, 0x41, 0x96, 0x70, 0xda, 0x89, 
	0x35, 0xdb, 0x70, 0xd8, 0xb1, 0x35, 0xdb, 0x9a, 
	0x97, 0xa7, 0x83, 0xc4, 0x98, 0x9b, 0x4c, 0x41, 
	0x84, 0x6a, 0x5b, 0x6f, 0xab, 0xdc, 0xdd, 0x70, 
	0xb7, 0x6a, 0x58, 0x85, 0xde, 0x99, 0x70, 0x6c, 
	0xb9, 0x80, 0x5a, 0x87, 0xb0, 0xd9, 0x81, 0xca, 
	0x99, 0x83, 0xa2, 0x6c, 0x7c, 0xd0, 0x6b, 0x70, 
	0x5a, 0x41, 0xaa, 0xdb, 0xca, 0xdf, 0xe0, 0xb0, 
	0xb0, 0x35, 0x81, 0x8d, 0x83, 0x96, 0x96, 0x5b, 
	0xb0, 0x5b, 0x7c, 0xaa, 0x6c, 0x85, 0x90, 0xaa, 
	0x8d, 0xa1, 0xe1, 0xaa, 0x81, 0xe2, 0x6c, 0x7a, 
	0x99, 0xb7, 0x77, 0xc5, 0xd2, 0xbd, 0xcc, 0xe3, 
	0xa7, 0x96, 0x6f, 0xe4, 0xe0, 0x98, 0x35, 0x58, 
	0xe5, 0x5b, 0xab, 0x59, 0x5a, 0x85, 0x80, 0x85, 
	0x4c, 0x96, 0xdb, 0x9a, 0xad, 0xb9, 0x6f, 0x9d, 
	0x6c, 0x41, 0xb9, 0xd3, 0xb8, 0xe6, 0xb7, 0x35, 
	0xe4, 0x9c, 0xb7, 0xa7, 0xa7, 0x6f, 0x80, 0xc5, 
	0xaa, 0xd9, 0xc6, 0x58, 0x84, 0x70, 0x96, 0x35, 
	0xe7, 0x8b, 0xcb, 0xb5, 0x35, 0x6c, 0xbd, 0xdd, 
	0x6c, 0x85, 0x86, 0xab, 0x6b, 0xe8, 0xbf, 0x92, 
	0xb6, 0x58, 0x9a, 0xe9, 0xb1, 0x59, 0x90, 0xa4, 
	0xa5, 0x4c, 0x84, 0x5b, 0x99, 0x87, 0x35, 0x77, 
	0xc5, 0x6a, 0x85, 0x4c, 0xea, 0xeb, 0xb3, 0xc2, 
	0x6c, 0xb7, 0x7c, 0xa5, 0xb5, 0x59, 0x70, 0x99, 
	0x99, 0xb7, 0xcf, 0xa1, 0x84, 0xe5, 0x92, 0xdb, 
	0x81, 0xdd, 0xa7, 0xc4, 0x89, 0xa9, 0xab, 0xa4, 
	0xd3, 0xdf, 0xb6, 0x96, 0x70, 0xbd, 0xec, 0x89, 
	0x70, 0xb0, 0x35, 0x77, 0xc5, 0xb4, 0xed, 0xc0, 
	0x70, 0x60, 0x4c, 0xb0, 0x58, 0xb0, 0x58, 0x90, 
	0x59, 0xe4, 0x9f, 0x7a, 0xc7, 0x5b, 0x77, 0xa4, 
	0xc8, 0x9d, 0x98, 0x99, 0x7a, 0xcd, 0x70, 0x9c, 
	0x41, 0xd9, 0xaa, 0x77, 0xd0, 0xa3, 0xee, 0x7a, 
	0x94, 0x81, 0xb7, 0x9c, 0x85, 0x85, 0x58, 0x86, 
	0xef, 0xa9, 0x81, 0x80, 0x9c, 0x78, 0xab, 0x90, 
	0x41, 0xe3, 0x99, 0xa7, 0x35, 0x7c, 0xc8, 0xc0, 
	0xb0, 0xad, 0x59, 0x7c, 0x92, 0x5a, 0x6c, 0x6f, 
	0x81, 0x81, 0x7a, 0xbd, 0x78, 0x36, 0xe7, 0x80, 
	0x59, 0x59, 0x77, 0xf0, 0xa1, 0x9c, 0x9d, 0x70, 
	0xc7, 0x96, 0x70, 0x96, 0x90, 0xa4, 0xf1, 0xc0, 
	0x5b, 0x4c, 0x59, 0x77, 0xd4, 0x70, 0x5b, 0xaa, 
	0x86, 0xde, 0x9e, 0xf2, 0xb7, 0xdb, 0x69, 0x36, 
	0x94, 0x85, 0xb5, 0x7a, 0x7a, 0x83, 0xf3, 0x9f, 
	
};

Gfx rgardenhall_grassside_pal_rgba16_aligner[] = {gsSPEndDisplayList()};
u8 rgardenhall_grassside_pal_rgba16[] = {
	0x24, 0x09, 0x1c, 0x87, 0x1c, 0x47, 0x15, 0x07, 
	0x1d, 0x07, 0x24, 0xc7, 0x15, 0x45, 0x15, 0x47, 
	0x1d, 0x45, 0x1c, 0xc5, 0x1c, 0xc7, 0x24, 0x87, 
	0x2c, 0x87, 0x24, 0x85, 0x15, 0x05, 0x2c, 0xc7, 
	0x3c, 0x47, 0x3c, 0x87, 0x34, 0x87, 0x4c, 0x47, 
	0x44, 0x89, 0x1c, 0x85, 0x2c, 0x47, 0x3b, 0x85, 
	0x54, 0x07, 0x4b, 0x07, 0x1c, 0x45, 0x34, 0x47, 
	0x53, 0x87, 0x3c, 0x05, 0x3c, 0x07, 0x25, 0x07, 
	0x5b, 0x49, 0x2a, 0x89, 0x53, 0x07, 0x54, 0x09, 
	0x53, 0xc9, 0x3b, 0x05, 0x63, 0x89, 0x4b, 0xc7, 
	0x53, 0xc7, 0x4c, 0x09, 0x5b, 0x89, 0x2b, 0xc5, 
	0x2c, 0x05, 0x43, 0x87, 0x5a, 0x87, 0x33, 0xc5, 
	0x73, 0x49, 0x6c, 0x49, 0x6a, 0x87, 0x31, 0xc3, 
	0x62, 0x87, 0x61, 0x43, 0x38, 0x41, 0x83, 0x07, 
	0x4c, 0x89, 0x54, 0x49, 0x62, 0x47, 0x42, 0x45, 
	0x6a, 0x07, 0x7b, 0x8b, 0x53, 0x89, 0x4a, 0xc5, 
	0x5a, 0x85, 0x82, 0x47, 0x6b, 0x07, 0x6b, 0x89, 
	0x8b, 0x09, 0x4b, 0x05, 0x2a, 0xc5, 0x53, 0x09, 
	0x9c, 0x0d, 0x5a, 0x05, 0x93, 0x4b, 0x94, 0x0b, 
	0x8a, 0x89, 0x4b, 0x45, 0x5b, 0x47, 0x7a, 0x87, 
	0x74, 0x4b, 0x9b, 0x4b, 0x62, 0x05, 0x51, 0x05, 
	0x50, 0xc5, 0x82, 0xc9, 0x62, 0xc7, 0x5a, 0x45, 
	0x61, 0x83, 0x69, 0x85, 0x92, 0xcb, 0x71, 0xc5, 
	0x52, 0x03, 0x3a, 0x03, 0x8b, 0x4b, 0xb3, 0xcf, 
	0x69, 0xc5, 0xa3, 0x4b, 0xa3, 0xcd, 0x5a, 0xc7, 
	0x50, 0xc1, 0x41, 0x83, 0x93, 0x09, 0xa3, 0x8d, 
	0x7b, 0x89, 0x30, 0x43, 0x82, 0x49, 0x9b, 0x0b, 
	0x8a, 0x47, 0x7a, 0xc9, 0x61, 0xc5, 0x8a, 0x49, 
	0x92, 0x89, 0x93, 0x0b, 0x72, 0xc9, 0xb3, 0x8d, 
	0x73, 0x09, 0x59, 0x01, 0x41, 0x03, 0x30, 0x01, 
	0x71, 0x85, 0xa4, 0x0d, 0xa2, 0xcb, 0x6a, 0x45, 
	0x40, 0x41, 0x20, 0x03, 0x18, 0x43, 0x51, 0x43, 
	0x51, 0x03, 0x48, 0x81, 0xab, 0x4d, 0xbb, 0x4d, 
	0x79, 0xc5, 0x7a, 0x07, 0x48, 0xc1, 0xa3, 0x0b, 
	0x6a, 0x05, 0xb3, 0x0b, 0x72, 0x87, 0x49, 0x03, 
	0x52, 0x05, 0x92, 0x49, 0xcc, 0x0f, 0x9b, 0x8b, 
	0x40, 0x81, 0x28, 0x03, 0x59, 0x03, 0x69, 0x87, 
	0x59, 0x45, 0x72, 0x07, 0x82, 0x07, 0xab, 0x0d, 
	0x82, 0x05, 0x9a, 0xcb, 0x61, 0x45, 0x61, 0x85, 
	0x92, 0x47, 0xcb, 0x8f, 0xcb, 0xcf, 0xaa, 0xcb, 
	0xcc, 0x11, 0xc3, 0x8f, 0x9a, 0xc9, 0xd3, 0xd1, 
	0x28, 0x01, 0x48, 0xc3, 0x20, 0x01, 0xc3, 0x4d, 
	0x59, 0x41, 0x92, 0x87, 0x59, 0x43, 0x50, 0xc3, 
	0x61, 0x03, 0x69, 0xc3, 0x38, 0x43, 0x59, 0x47, 
	0x7a, 0x05, 0x9a, 0x89, 0xf4, 0x95, 0xf4, 0x51, 
	0xb3, 0x4d, 0x71, 0xc7, 0x8a, 0x05, 0x69, 0x83, 
	0xbb, 0x8f, 0x51, 0x01, 0xb2, 0xcb, 0xf4, 0x93, 
	0xdb, 0x8d, 0xdb, 0xcf, 0x81, 0xc5, 0x82, 0x09, 
	0xab, 0x0b, 0xdb, 0xd1, 0xbb, 0x0b, 0x61, 0x87, 
	0xc3, 0x8d, 0x40, 0x83, 0x82, 0x89, 0x92, 0xc9, 
	0x79, 0xc7, 0xec, 0x53, 0x48, 0x83, 0x38, 0x83, 
	0xa2, 0xc9, 0x8a, 0x07, 0xd3, 0x8f, 0x92, 0x8b, 
	0x59, 0x05, 0xcb, 0xd1, 0xa3, 0x0d, 0x69, 0x45, 
	0x48, 0xc5, 0x81, 0xc9, 0x8a, 0x87, 0xa2, 0x89, 
	0xec, 0x95, 0x72, 0x05, 0xdb, 0x8f, 0x38, 0x01, 
	0x8a, 0x09, 0xb3, 0x0d, 0x9b, 0x0d, 0xe4, 0x11, 
	0xd3, 0x8d, 0x69, 0x43, 0x69, 0xc7, 0x71, 0xc3, 
	0xd3, 0xcf, 0x7a, 0x47, 0x71, 0x83, 0x40, 0xc3, 
	0x50, 0x81, 0xc3, 0x4f, 0x69, 0x81, 0xcb, 0x4d, 
	0xe3, 0xcf, 0xdc, 0x11, 0xc3, 0x4b, 0x82, 0x4b, 
	0x7a, 0x09, 0x8a, 0x4b, 0x92, 0x45, 0xec, 0x11, 
	
};

Gfx rgardenhall_fence_ci8_aligner[] = {gsSPEndDisplayList()};
u8 rgardenhall_fence_ci8[] = {
	0x00, 0x00, 0x00, 0x00, 0x00, 0x00, 0x00, 0x00, 
	0x00, 0x00, 0x00, 0x00, 0x00, 0x00, 0x00, 0x00, 
	0x00, 0x00, 0x00, 0x00, 0x00, 0x00, 0x00, 0x00, 
	0x00, 0x00, 0x00, 0x00, 0x00, 0x00, 0x00, 0x00, 
	0x01, 0x02, 0x03, 0x03, 0x04, 0x05, 0x06, 0x01, 
	0x02, 0x01, 0x01, 0x06, 0x07, 0x05, 0x04, 0x02, 
	0x08, 0x05, 0x07, 0x05, 0x04, 0x02, 0x01, 0x01, 
	0x04, 0x05, 0x04, 0x08, 0x09, 0x03, 0x01, 0x06, 
	0x0a, 0x0b, 0x0b, 0x0a, 0x0c, 0x0c, 0x0d, 0x0b, 
	0x0e, 0x0b, 0x0f, 0x0d, 0x0d, 0x0b, 0x10, 0x10, 
	0x0b, 0x0d, 0x0c, 0x11, 0x0e, 0x10, 0x0b, 0x11, 
	0x0c, 0x0c, 0x11, 0x0b, 0x0b, 0x0a, 0x12, 0x13, 
	0x14, 0x14, 0x15, 0x16, 0x16, 0x16, 0x17, 0x14, 
	0x16, 0x18, 0x18, 0x18, 0x16, 0x17, 0x17, 0x16, 
	0x19, 0x18, 0x1a, 0x17, 0x17, 0x16, 0x18, 0x18, 
	0x16, 0x16, 0x17, 0x17, 0x16, 0x16, 0x16, 0x15, 
	0x1b, 0x1c, 0x1d, 0x1e, 0x1f, 0x1f, 0x1f, 0x1f, 
	0x1c, 0x1d, 0x1f, 0x1f, 0x1f, 0x1f, 0x1f, 0x1d, 
	0x1d, 0x1f, 0x1f, 0x1f, 0x1f, 0x1c, 0x1d, 0x1c, 
	0x1f, 0x1f, 0x1f, 0x1c, 0x1d, 0x1e, 0x1d, 0x1b, 
	0x20, 0x20, 0x20, 0x20, 0x21, 0x21, 0x21, 0x20, 
	0x20, 0x20, 0x21, 0x21, 0x21, 0x21, 0x21, 0x20, 
	0x21, 0x21, 0x21, 0x21, 0x21, 0x20, 0x20, 0x21, 
	0x21, 0x21, 0x21, 0x20, 0x20, 0x20, 0x20, 0x21, 
	0x22, 0x22, 0x22, 0x22, 0x22, 0x22, 0x23, 0x24, 
	0x24, 0x23, 0x22, 0x25, 0x26, 0x25, 0x25, 0x25, 
	0x25, 0x25, 0x26, 0x25, 0x25, 0x22, 0x23, 0x24, 
	0x24, 0x23, 0x22, 0x22, 0x22, 0x22, 0x22, 0x22, 
	0x27, 0x27, 0x27, 0x27, 0x27, 0x28, 0x29, 0x2a, 
	0x2b, 0x24, 0x23, 0x27, 0x27, 0x27, 0x27, 0x27, 
	0x27, 0x27, 0x27, 0x27, 0x27, 0x28, 0x29, 0x2a, 
	0x2b, 0x24, 0x23, 0x27, 0x27, 0x27, 0x27, 0x27, 
	0x27, 0x27, 0x27, 0x27, 0x27, 0x28, 0x28, 0x2c, 
	0x2d, 0x2e, 0x2f, 0x27, 0x27, 0x27, 0x27, 0x27, 
	0x27, 0x27, 0x27, 0x27, 0x27, 0x28, 0x28, 0x2c, 
	0x2d, 0x2e, 0x2f, 0x27, 0x27, 0x27, 0x27, 0x27, 
	0x27, 0x27, 0x27, 0x27, 0x27, 0x24, 0x24, 0x30, 
	0x31, 0x32, 0x33, 0x27, 0x27, 0x27, 0x27, 0x27, 
	0x27, 0x27, 0x27, 0x27, 0x27, 0x24, 0x24, 0x30, 
	0x31, 0x32, 0x33, 0x27, 0x27, 0x27, 0x27, 0x27, 
	0x27, 0x27, 0x27, 0x27, 0x27, 0x27, 0x34, 0x2d, 
	0x24, 0x35, 0x27, 0x27, 0x27, 0x27, 0x27, 0x27, 
	0x27, 0x27, 0x27, 0x27, 0x27, 0x27, 0x34, 0x2d, 
	0x24, 0x35, 0x27, 0x27, 0x27, 0x27, 0x27, 0x27, 
	0x27, 0x27, 0x27, 0x27, 0x27, 0x27, 0x36, 0x37, 
	0x38, 0x39, 0x27, 0x27, 0x27, 0x27, 0x27, 0x27, 
	0x27, 0x27, 0x27, 0x27, 0x27, 0x27, 0x36, 0x37, 
	0x38, 0x39, 0x27, 0x27, 0x27, 0x27, 0x27, 0x27, 
	0x27, 0x27, 0x27, 0x27, 0x27, 0x27, 0x3a, 0x3b, 
	0x3c, 0x3d, 0x27, 0x27, 0x27, 0x27, 0x27, 0x27, 
	0x27, 0x27, 0x27, 0x27, 0x27, 0x27, 0x3a, 0x3b, 
	0x3c, 0x3d, 0x27, 0x27, 0x27, 0x27, 0x27, 0x27, 
	0x27, 0x27, 0x27, 0x27, 0x27, 0x3e, 0x3f, 0x3f, 
	0x3f, 0x3f, 0x40, 0x27, 0x27, 0x27, 0x27, 0x27, 
	0x27, 0x27, 0x27, 0x27, 0x27, 0x3e, 0x3f, 0x3f, 
	0x3f, 0x3f, 0x40, 0x27, 0x27, 0x27, 0x27, 0x27, 
	0x27, 0x27, 0x27, 0x27, 0x27, 0x41, 0x3f, 0x3f, 
	0x3f, 0x42, 0x43, 0x27, 0x27, 0x27, 0x27, 0x27, 
	0x27, 0x27, 0x27, 0x27, 0x27, 0x41, 0x3f, 0x3f, 
	0x3f, 0x42, 0x43, 0x27, 0x27, 0x27, 0x27, 0x27, 
	0x27, 0x27, 0x27, 0x27, 0x44, 0x3b, 0x45, 0x46, 
	0x47, 0x48, 0x49, 0x4a, 0x27, 0x27, 0x27, 0x27, 
	0x27, 0x27, 0x27, 0x27, 0x44, 0x3b, 0x45, 0x46, 
	0x47, 0x48, 0x49, 0x4a, 0x27, 0x27, 0x27, 0x27, 
	0x27, 0x27, 0x27, 0x27, 0x4b, 0x4c, 0x4d, 0x4e, 
	0x4d, 0x4c, 0x3a, 0x4f, 0x27, 0x27, 0x27, 0x27, 
	0x27, 0x27, 0x27, 0x27, 0x4b, 0x4c, 0x4d, 0x4e, 
	0x4d, 0x4c, 0x3a, 0x4f, 0x27, 0x27, 0x27, 0x27, 
	0x27, 0x27, 0x27, 0x27, 0x50, 0x51, 0x52, 0x52, 
	0x53, 0x54, 0x3d, 0x2c, 0x27, 0x27, 0x27, 0x27, 
	0x27, 0x27, 0x27, 0x27, 0x50, 0x51, 0x52, 0x52, 
	0x53, 0x54, 0x3d, 0x2c, 0x27, 0x27, 0x27, 0x27, 
	0x27, 0x27, 0x27, 0x27, 0x55, 0x44, 0x56, 0x56, 
	0x56, 0x51, 0x57, 0x38, 0x27, 0x27, 0x27, 0x27, 
	0x27, 0x27, 0x27, 0x27, 0x55, 0x44, 0x56, 0x56, 
	0x56, 0x51, 0x57, 0x38, 0x27, 0x27, 0x27, 0x27, 
	0x27, 0x27, 0x27, 0x27, 0x58, 0x59, 0x5a, 0x56, 
	0x56, 0x44, 0x4a, 0x39, 0x27, 0x27, 0x27, 0x27, 
	0x27, 0x27, 0x27, 0x27, 0x58, 0x59, 0x5a, 0x56, 
	0x56, 0x44, 0x4a, 0x39, 0x27, 0x27, 0x27, 0x27, 
	0x27, 0x27, 0x27, 0x27, 0x27, 0x5b, 0x5c, 0x51, 
	0x44, 0x3d, 0x55, 0x27, 0x27, 0x27, 0x27, 0x27, 
	0x27, 0x27, 0x27, 0x27, 0x27, 0x5b, 0x5c, 0x51, 
	0x44, 0x3d, 0x55, 0x27, 0x27, 0x27, 0x27, 0x27, 
	0x27, 0x27, 0x27, 0x27, 0x27, 0x50, 0x3d, 0x5d, 
	0x5e, 0x5f, 0x4f, 0x27, 0x27, 0x27, 0x27, 0x27, 
	0x27, 0x27, 0x27, 0x27, 0x27, 0x50, 0x3d, 0x5d, 
	0x5e, 0x5f, 0x4f, 0x27, 0x27, 0x27, 0x27, 0x27, 
	0x27, 0x27, 0x27, 0x27, 0x27, 0x60, 0x3d, 0x3a, 
	0x3a, 0x61, 0x28, 0x27, 0x27, 0x27, 0x27, 0x27, 
	0x27, 0x27, 0x27, 0x27, 0x27, 0x60, 0x3d, 0x3a, 
	0x3a, 0x61, 0x28, 0x27, 0x27, 0x27, 0x27, 0x27, 
	0x27, 0x27, 0x27, 0x27, 0x27, 0x29, 0x62, 0x3d, 
	0x3d, 0x63, 0x64, 0x27, 0x27, 0x27, 0x27, 0x27, 
	0x27, 0x27, 0x27, 0x27, 0x27, 0x29, 0x62, 0x3d, 
	0x3d, 0x63, 0x64, 0x27, 0x27, 0x27, 0x27, 0x27, 
	0x27, 0x27, 0x27, 0x27, 0x27, 0x65, 0x5b, 0x3d, 
	0x3d, 0x66, 0x67, 0x27, 0x27, 0x27, 0x27, 0x27, 
	0x27, 0x27, 0x27, 0x27, 0x27, 0x65, 0x5b, 0x3d, 
	0x3d, 0x66, 0x67, 0x27, 0x27, 0x27, 0x27, 0x27, 
	0x27, 0x27, 0x27, 0x27, 0x27, 0x27, 0x4b, 0x3a, 
	0x59, 0x60, 0x27, 0x27, 0x27, 0x27, 0x27, 0x27, 
	0x27, 0x27, 0x27, 0x27, 0x27, 0x27, 0x4b, 0x3a, 
	0x59, 0x60, 0x27, 0x27, 0x27, 0x27, 0x27, 0x27, 
	0x27, 0x27, 0x27, 0x27, 0x27, 0x27, 0x68, 0x3a, 
	0x69, 0x60, 0x27, 0x27, 0x27, 0x27, 0x27, 0x27, 
	0x27, 0x27, 0x27, 0x27, 0x27, 0x27, 0x68, 0x3a, 
	0x69, 0x60, 0x27, 0x27, 0x27, 0x27, 0x27, 0x27, 
	0x27, 0x27, 0x27, 0x27, 0x27, 0x27, 0x61, 0x6a, 
	0x6b, 0x66, 0x27, 0x27, 0x27, 0x27, 0x27, 0x27, 
	0x27, 0x27, 0x27, 0x27, 0x27, 0x27, 0x61, 0x6a, 
	0x6b, 0x66, 0x27, 0x27, 0x27, 0x27, 0x27, 0x27, 
	0x27, 0x27, 0x27, 0x27, 0x27, 0x27, 0x52, 0x6c, 
	0x3c, 0x40, 0x27, 0x27, 0x27, 0x27, 0x27, 0x27, 
	0x27, 0x27, 0x27, 0x27, 0x27, 0x27, 0x52, 0x6c, 
	0x3c, 0x40, 0x27, 0x27, 0x27, 0x27, 0x27, 0x27, 
	0x27, 0x27, 0x27, 0x27, 0x27, 0x27, 0x6d, 0x3f, 
	0x3f, 0x47, 0x27, 0x27, 0x27, 0x27, 0x27, 0x27, 
	0x27, 0x27, 0x27, 0x27, 0x27, 0x27, 0x6d, 0x3f, 
	0x3f, 0x47, 0x27, 0x27, 0x27, 0x27, 0x27, 0x27, 
	0x27, 0x27, 0x27, 0x27, 0x27, 0x3d, 0x52, 0x3c, 
	0x6e, 0x49, 0x4a, 0x27, 0x27, 0x27, 0x27, 0x27, 
	0x27, 0x27, 0x27, 0x27, 0x27, 0x3d, 0x52, 0x3c, 
	0x6e, 0x49, 0x4a, 0x27, 0x27, 0x27, 0x27, 0x27, 
	0x27, 0x27, 0x27, 0x27, 0x27, 0x6f, 0x60, 0x61, 
	0x61, 0x60, 0x6f, 0x27, 0x27, 0x27, 0x27, 0x27, 
	0x27, 0x27, 0x27, 0x27, 0x27, 0x30, 0x60, 0x61, 
	0x61, 0x60, 0x6f, 0x27, 0x27, 0x27, 0x27, 0x27, 
	
};

Gfx rgardenhall_fence_pal_rgba16_aligner[] = {gsSPEndDisplayList()};
u8 rgardenhall_fence_pal_rgba16[] = {
	0x72, 0x08, 0xab, 0x4f, 0xa3, 0x0f, 0xa3, 0x0d, 
	0xb3, 0x4f, 0xbb, 0x8f, 0xb3, 0x8f, 0xc3, 0xd1, 
	0xab, 0x0f, 0x92, 0xcd, 0xdc, 0xdd, 0xe5, 0x1f, 
	0xd4, 0x9d, 0xdc, 0x9d, 0xed, 0x1f, 0xe4, 0xdf, 
	0xed, 0x5f, 0xdc, 0xdf, 0xcc, 0x9d, 0xc4, 0x9d, 
	0x6a, 0x0b, 0x72, 0x4b, 0x7a, 0x4b, 0x72, 0x0b, 
	0x82, 0x8b, 0x82, 0x8d, 0x82, 0x4b, 0x41, 0x87, 
	0x41, 0x89, 0x41, 0x47, 0x39, 0x47, 0x49, 0x89, 
	0x20, 0x83, 0x18, 0x83, 0x10, 0x40, 0x31, 0x8f, 
	0x42, 0x13, 0x08, 0x40, 0x08, 0x00, 0x5a, 0x96, 
	0x5a, 0xd7, 0x5a, 0x99, 0x5a, 0xd9, 0x52, 0x55, 
	0x5a, 0x97, 0x4a, 0x55, 0x42, 0x11, 0x31, 0x8d, 
	0x41, 0xd1, 0x39, 0xcf, 0x31, 0x4d, 0x21, 0x09, 
	0x52, 0x95, 0x39, 0x8f, 0x62, 0xd9, 0x63, 0x19, 
	0x52, 0x97, 0x4a, 0x13, 0x94, 0xa5, 0xce, 0x33, 
	0xce, 0x35, 0x94, 0x65, 0xbd, 0xaf, 0xf7, 0xbd, 
	0xa5, 0x2b, 0xee, 0xfd, 0xf7, 0x7d, 0xe6, 0xfb, 
	0x94, 0xa7, 0xde, 0xf9, 0xde, 0x79, 0xe6, 0xf9, 
	0xcd, 0xf5, 0xad, 0x2d, 0x83, 0xe1, 0x7b, 0xa1, 
	0xb5, 0x6d, 0xc6, 0x31, 0xce, 0x73, 0x63, 0x1b, 
	0x7b, 0x9f, 0xa4, 0xe9, 0xb5, 0x6f, 0xb5, 0x2f, 
	0xa4, 0xeb, 0x73, 0x5d, 0xad, 0x2b, 0x83, 0xa5, 
	0x62, 0xdb, 0x8c, 0x25, 0xa4, 0xab, 0x83, 0xe3, 
	0x94, 0x67, 0x9c, 0xe7, 0x9c, 0xa7, 0x8c, 0x63, 
	0x6b, 0x1d, 0x84, 0x23, 0x8b, 0xe3, 0x7b, 0xe1, 
	0x4a, 0x53, 0x52, 0x57, 0x73, 0x5f, 0x39, 0xd1, 
	0x7b, 0xdf, 0x8c, 0x65, 0x9c, 0xa9, 0x94, 0xa9, 
	0xd6, 0x37, 0xef, 0x3d, 0xc5, 0xb3, 0x29, 0x4d, 
	
};

Gfx rgardenhall_trim_ci8_aligner[] = {gsSPEndDisplayList()};
u8 rgardenhall_trim_ci8[] = {
	0x00, 0x00, 0x00, 0x01, 0x01, 0x01, 0x01, 0x02, 
	0x02, 0x02, 0x03, 0x03, 0x03, 0x04, 0x05, 0x06, 
	0x06, 0x06, 0x06, 0x06, 0x06, 0x06, 0x06, 0x04, 
	0x04, 0x03, 0x03, 0x07, 0x03, 0x03, 0x03, 0x03, 
	0x08, 0x08, 0x09, 0x06, 0x06, 0x06, 0x06, 0x06, 
	0x06, 0x06, 0x06, 0x0a, 0x06, 0x06, 0x0b, 0x0c, 
	0x06, 0x0d, 0x08, 0x08, 0x08, 0x08, 0x08, 0x09, 
	0x08, 0x09, 0x09, 0x09, 0x08, 0x08, 0x0c, 0x06, 
	0x0e, 0x0e, 0x0e, 0x0e, 0x0e, 0x0e, 0x0e, 0x0e, 
	0x0e, 0x0f, 0x10, 0x11, 0x0e, 0x0e, 0x0e, 0x0e, 
	0x0e, 0x0e, 0x0e, 0x0e, 0x0e, 0x0e, 0x0e, 0x0e, 
	0x0e, 0x0e, 0x0e, 0x0e, 0x0e, 0x0e, 0x0e, 0x0e, 
	0x0e, 0x0e, 0x0e, 0x0e, 0x0e, 0x0e, 0x0e, 0x0e, 
	0x0e, 0x0e, 0x0e, 0x0e, 0x0e, 0x0e, 0x10, 0x00, 
	0x12, 0x0e, 0x0e, 0x0e, 0x0e, 0x0e, 0x0e, 0x13, 
	0x13, 0x13, 0x14, 0x14, 0x14, 0x13, 0x13, 0x13, 
	0x08, 0x14, 0x15, 0x08, 0x08, 0x08, 0x08, 0x08, 
	0x0b, 0x0a, 0x08, 0x06, 0x08, 0x0e, 0x06, 0x01, 
	0x16, 0x00, 0x17, 0x18, 0x14, 0x0b, 0x06, 0x06, 
	0x06, 0x06, 0x06, 0x03, 0x06, 0x06, 0x19, 0x19, 
	0x00, 0x00, 0x00, 0x00, 0x00, 0x00, 0x00, 0x00, 
	0x00, 0x1a, 0x1a, 0x1a, 0x02, 0x1b, 0x07, 0x06, 
	0x0a, 0x04, 0x0e, 0x07, 0x1a, 0x1a, 0x1a, 0x1a, 
	0x1a, 0x1a, 0x1a, 0x1a, 0x1a, 0x1a, 0x1a, 0x1a, 
	0x1c, 0x1c, 0x1c, 0x1c, 0x1c, 0x1c, 0x1c, 0x1c, 
	0x1c, 0x1c, 0x1d, 0x1d, 0x1e, 0x04, 0x0e, 0x1f, 
	0x00, 0x20, 0x15, 0x21, 0x22, 0x22, 0x1d, 0x1d, 
	0x1d, 0x1d, 0x1d, 0x1d, 0x23, 0x23, 0x1d, 0x24, 
	0x22, 0x22, 0x22, 0x22, 0x22, 0x22, 0x22, 0x22, 
	0x22, 0x25, 0x22, 0x26, 0x22, 0x27, 0x14, 0x06, 
	0x11, 0x0e, 0x28, 0x1c, 0x29, 0x2a, 0x22, 0x22, 
	0x22, 0x2a, 0x2a, 0x2a, 0x2a, 0x2a, 0x2a, 0x2a, 
	0x2b, 0x29, 0x29, 0x29, 0x29, 0x29, 0x29, 0x2a, 
	0x22, 0x1e, 0x1c, 0x26, 0x22, 0x2c, 0x03, 0x2d, 
	0x0b, 0x06, 0x06, 0x1c, 0x29, 0x22, 0x1c, 0x24, 
	0x2e, 0x29, 0x2f, 0x2f, 0x2f, 0x2f, 0x2f, 0x2f, 
	0x30, 0x31, 0x31, 0x31, 0x32, 0x2f, 0x2f, 0x2a, 
	0x1e, 0x06, 0x03, 0x33, 0x33, 0x34, 0x22, 0x31, 
	0x35, 0x29, 0x1c, 0x33, 0x1a, 0x02, 0x0b, 0x03, 
	0x22, 0x2f, 0x31, 0x36, 0x36, 0x36, 0x36, 0x36, 
	0x35, 0x35, 0x35, 0x35, 0x36, 0x36, 0x31, 0x29, 
	0x1a, 0x0e, 0x0e, 0x19, 0x27, 0x2a, 0x35, 0x37, 
	0x38, 0x39, 0x35, 0x22, 0x33, 0x2d, 0x0f, 0x3a, 
	0x21, 0x3b, 0x35, 0x35, 0x3c, 0x35, 0x35, 0x35, 
	0x35, 0x35, 0x35, 0x35, 0x35, 0x35, 0x35, 0x31, 
	0x1d, 0x06, 0x08, 0x00, 0x2a, 0x35, 0x3d, 0x35, 
	0x2a, 0x35, 0x38, 0x3e, 0x29, 0x1e, 0x3f, 0x03, 
	0x40, 0x3e, 0x41, 0x3e, 0x3e, 0x3e, 0x3e, 0x35, 
	0x35, 0x35, 0x35, 0x35, 0x35, 0x35, 0x35, 0x35, 
	0x3c, 0x42, 0x22, 0x29, 0x35, 0x35, 0x35, 0x43, 
	0x1e, 0x27, 0x31, 0x44, 0x45, 0x29, 0x43, 0x22, 
	0x2f, 0x3e, 0x3e, 0x3e, 0x35, 0x35, 0x35, 0x35, 
	0x36, 0x36, 0x36, 0x46, 0x46, 0x35, 0x35, 0x3e, 
	0x3e, 0x41, 0x35, 0x36, 0x31, 0x47, 0x1c, 0x33, 
	0x1a, 0x03, 0x33, 0x36, 0x44, 0x35, 0x31, 0x48, 
	0x49, 0x35, 0x35, 0x35, 0x36, 0x36, 0x31, 0x31, 
	0x2a, 0x29, 0x29, 0x29, 0x4a, 0x2f, 0x4b, 0x31, 
	0x31, 0x4c, 0x33, 0x0c, 0x0f, 0x4d, 0x0a, 0x4e, 
	0x1a, 0x08, 0x4f, 0x06, 0x03, 0x1e, 0x1c, 0x22, 
	0x29, 0x29, 0x29, 0x29, 0x50, 0x2a, 0x2a, 0x2a, 
	0x1c, 0x1c, 0x1d, 0x51, 0x22, 0x22, 0x22, 0x2a, 
	0x29, 0x2f, 0x52, 0x1d, 0x00, 0x4e, 0x27, 0x1a, 
	0x1a, 0x09, 0x0f, 0x3a, 0x04, 0x1a, 0x22, 0x29, 
	0x22, 0x1c, 0x1c, 0x1c, 0x1c, 0x1c, 0x53, 0x1c, 
	0x2c, 0x1a, 0x33, 0x1e, 0x1e, 0x54, 0x1e, 0x33, 
	0x1e, 0x22, 0x2f, 0x46, 0x31, 0x33, 0x00, 0x55, 
	0x56, 0x06, 0x03, 0x06, 0x1a, 0x57, 0x58, 0x29, 
	0x1c, 0x1a, 0x1a, 0x1a, 0x59, 0x33, 0x1a, 0x1a, 
	0x51, 0x1d, 0x1d, 0x1d, 0x1d, 0x1d, 0x1d, 0x1d, 
	0x22, 0x2a, 0x31, 0x5a, 0x36, 0x1e, 0x5b, 0x1e, 
	0x1c, 0x24, 0x59, 0x2c, 0x1a, 0x2f, 0x35, 0x31, 
	0x2a, 0x22, 0x22, 0x22, 0x25, 0x25, 0x51, 0x25, 
	0x2a, 0x57, 0x22, 0x22, 0x22, 0x22, 0x57, 0x2a, 
	0x29, 0x2f, 0x36, 0x3e, 0x22, 0x1e, 0x1c, 0x22, 
	0x2a, 0x22, 0x43, 0x5c, 0x5d, 0x22, 0x5e, 0x3e, 
	0x36, 0x2f, 0x29, 0x29, 0x2a, 0x2a, 0x2e, 0x2a, 
	0x22, 0x22, 0x22, 0x22, 0x22, 0x57, 0x2a, 0x5f, 
	0x29, 0x31, 0x35, 0x29, 0x1c, 0x1c, 0x22, 0x2a, 
	0x60, 0x61, 0x4a, 0x22, 0x33, 0x62, 0x2f, 0x5e, 
	0x36, 0x31, 0x29, 0x5f, 0x57, 0x22, 0x22, 0x22, 
	0x1a, 0x33, 0x63, 0x1e, 0x53, 0x1c, 0x40, 0x64, 
	0x65, 0x22, 0x2a, 0x1c, 0x1c, 0x22, 0x1d, 0x1c, 
	0x1e, 0x1c, 0x22, 0x50, 0x22, 0x33, 0x1c, 0x50, 
	0x22, 0x1d, 0x66, 0x33, 0x33, 0x1a, 0x67, 0x27, 
	0x09, 0x06, 0x06, 0x06, 0x06, 0x06, 0x03, 0x00, 
	0x00, 0x00, 0x00, 0x1a, 0x1a, 0x1a, 0x00, 0x00, 
	0x02, 0x00, 0x00, 0x00, 0x1a, 0x33, 0x33, 0x67, 
	0x06, 0x06, 0x06, 0x0d, 0x08, 0x08, 0x08, 0x08, 
	0x08, 0x08, 0x08, 0x08, 0x0d, 0x0b, 0x06, 0x06, 
	0x06, 0x06, 0x06, 0x06, 0x06, 0x06, 0x08, 0x08, 
	0x08, 0x08, 0x08, 0x08, 0x08, 0x08, 0x08, 0x08, 
	0x08, 0x08, 0x08, 0x08, 0x0e, 0x0e, 0x13, 0x08, 
	0x03, 0x03, 0x03, 0x03, 0x03, 0x06, 0x06, 0x06, 
	0x06, 0x06, 0x06, 0x06, 0x06, 0x06, 0x06, 0x08, 
	0x08, 0x08, 0x08, 0x08, 0x08, 0x08, 0x08, 0x08, 
	0x08, 0x06, 0x06, 0x06, 0x06, 0x06, 0x68, 0x03, 
	0x1e, 0x1e, 0x1e, 0x1e, 0x1e, 0x1e, 0x33, 0x33, 
	0x1a, 0x1a, 0x1a, 0x33, 0x33, 0x33, 0x1a, 0x1a, 
	0x69, 0x67, 0x00, 0x00, 0x00, 0x00, 0x00, 0x1a, 
	0x1a, 0x1a, 0x33, 0x62, 0x56, 0x62, 0x33, 0x1e, 
	0x29, 0x6a, 0x6a, 0x2a, 0x2a, 0x2a, 0x29, 0x2a, 
	0x2a, 0x6b, 0x22, 0x22, 0x22, 0x22, 0x22, 0x22, 
	0x22, 0x22, 0x22, 0x43, 0x22, 0x22, 0x22, 0x22, 
	0x57, 0x2a, 0x6c, 0x2a, 0x2a, 0x2a, 0x2a, 0x2a, 
	0x36, 0x36, 0x36, 0x36, 0x36, 0x36, 0x36, 0x31, 
	0x31, 0x31, 0x52, 0x2f, 0x4a, 0x29, 0x2f, 0x4c, 
	0x2f, 0x4a, 0x2f, 0x4a, 0x4a, 0x29, 0x2f, 0x2f, 
	0x32, 0x31, 0x31, 0x31, 0x32, 0x31, 0x31, 0x3b, 
	0x6d, 0x36, 0x36, 0x36, 0x36, 0x36, 0x36, 0x36, 
	0x36, 0x36, 0x36, 0x6e, 0x31, 0x31, 0x31, 0x31, 
	0x31, 0x31, 0x3b, 0x31, 0x31, 0x31, 0x31, 0x31, 
	0x31, 0x31, 0x31, 0x36, 0x36, 0x3b, 0x36, 0x6d, 
	0x35, 0x35, 0x35, 0x35, 0x6f, 0x6f, 0x70, 0x36, 
	0x36, 0x36, 0x36, 0x36, 0x36, 0x36, 0x36, 0x31, 
	0x31, 0x3b, 0x31, 0x42, 0x31, 0x31, 0x31, 0x31, 
	0x31, 0x31, 0x31, 0x36, 0x36, 0x36, 0x36, 0x35, 
	0x35, 0x35, 0x35, 0x35, 0x35, 0x35, 0x35, 0x35, 
	0x35, 0x35, 0x6d, 0x36, 0x36, 0x36, 0x36, 0x36, 
	0x36, 0x36, 0x36, 0x36, 0x36, 0x36, 0x36, 0x31, 
	0x36, 0x36, 0x36, 0x36, 0x36, 0x36, 0x46, 0x35, 
	0x3e, 0x3e, 0x3e, 0x3e, 0x3e, 0x3e, 0x71, 0x35, 
	0x3c, 0x35, 0x35, 0x36, 0x36, 0x36, 0x36, 0x36, 
	0x49, 0x49, 0x35, 0x49, 0x36, 0x36, 0x35, 0x36, 
	0x36, 0x36, 0x36, 0x36, 0x35, 0x35, 0x35, 0x35, 
	0x3e, 0x41, 0x44, 0x44, 0x44, 0x3e, 0x3e, 0x5a, 
	0x3e, 0x5a, 0x3c, 0x35, 0x35, 0x35, 0x49, 0x35, 
	0x72, 0x3e, 0x3e, 0x35, 0x35, 0x73, 0x35, 0x35, 
	0x5e, 0x6d, 0x70, 0x35, 0x35, 0x35, 0x3e, 0x3e, 
	
};

Gfx rgardenhall_trim_pal_rgba16_aligner[] = {gsSPEndDisplayList()};
u8 rgardenhall_trim_pal_rgba16[] = {
	0xc6, 0x31, 0xc6, 0x71, 0xce, 0x71, 0xce, 0x73, 
	0xce, 0xb3, 0xd6, 0xb3, 0xd6, 0xb5, 0xce, 0x75, 
	0xde, 0xf7, 0xd6, 0xf5, 0xd6, 0xf7, 0xd6, 0xb7, 
	0xde, 0xb5, 0xde, 0xb7, 0xe7, 0x39, 0xde, 0xf9, 
	0xee, 0xf9, 0xef, 0x37, 0xce, 0x31, 0xe7, 0x37, 
	0xe6, 0xf7, 0xe6, 0xf9, 0xb5, 0xaf, 0xdf, 0x3b, 
	0xdf, 0x39, 0xde, 0xf5, 0xbd, 0xef, 0xe6, 0xf5, 
	0xa5, 0x29, 0x9c, 0xe7, 0xad, 0x6b, 0xc6, 0x33, 
	0xe7, 0x35, 0xbd, 0xad, 0x94, 0xa5, 0x9d, 0x29, 
	0x9d, 0x27, 0x94, 0xe5, 0x8c, 0xa5, 0xbe, 0x31, 
	0xe6, 0xb5, 0x84, 0x21, 0x8c, 0x63, 0x83, 0xe1, 
	0xbe, 0x2f, 0xd6, 0x75, 0x8c, 0xa3, 0x7b, 0xdf, 
	0x6b, 0x9b, 0x73, 0x9d, 0x7b, 0x9d, 0xb5, 0xad, 
	0xbe, 0x33, 0x63, 0x19, 0x6b, 0x5b, 0x5a, 0x95, 
	0x52, 0x53, 0x4a, 0x53, 0xdf, 0x37, 0x6b, 0x5d, 
	0x5b, 0x19, 0x52, 0xd5, 0x5a, 0xd7, 0xce, 0x33, 
	0xa4, 0xe9, 0x52, 0xd7, 0x73, 0x5d, 0x94, 0xa7, 
	0x52, 0x95, 0x52, 0x97, 0x6b, 0x1b, 0x7b, 0xe1, 
	0x73, 0x9b, 0x6b, 0x19, 0x83, 0xdf, 0x7b, 0x9f, 
	0x7c, 0x1f, 0xd6, 0x79, 0xc6, 0x73, 0xd7, 0x35, 
	0x8c, 0x21, 0x94, 0xe7, 0x73, 0xdf, 0xa5, 0x2b, 
	0xa5, 0x69, 0xb5, 0xef, 0xb5, 0x6b, 0x94, 0x63, 
	0x7b, 0xdd, 0xb5, 0xed, 0x5a, 0xd5, 0xbd, 0xaf, 
	0xbd, 0xed, 0xc6, 0x2f, 0x63, 0x1b, 0x84, 0x23, 
	0x84, 0x61, 0x73, 0xdd, 0xb5, 0x6d, 0xad, 0x6d, 
	0x9c, 0xe5, 0x9c, 0xa5, 0xad, 0x69, 0xc5, 0xf1, 
	0xd6, 0x73, 0xbd, 0xf1, 0x8c, 0x61, 0x8c, 0x65, 
	0x8c, 0x23, 0x63, 0x5b, 0x73, 0x5b, 0x6b, 0x59, 
	0x63, 0x59, 0x5a, 0xd9, 0x62, 0xd7, 0x63, 0x17, 
	
};

Gfx rgardenhall_conk_i8_aligner[] = {gsSPEndDisplayList()};
u8 rgardenhall_conk_i8[] = {
	0xd0, 0xe0, 0xf0, 0xf0, 0xf0, 0xf0, 0xf0, 0xf0, 
	0xf0, 0xf0, 0xf0, 0xf0, 0xf0, 0xf0, 0xe0, 0xe0, 
	0xe0, 0xc0, 0xa0, 0xc0, 0xc0, 0xc0, 0xd0, 0xe0, 
	0xd0, 0xd0, 0xe0, 0xf0, 0xe0, 0xd0, 0xd0, 0xe0, 
	0xf0, 0xe0, 0xd0, 0xe0, 0xe0, 0xd0, 0xd0, 0xd0, 
	0xe0, 0xd0, 0xe0, 0xe0, 0xd0, 0xe0, 0xf0, 0xf0, 
	0xf0, 0xf0, 0xf0, 0xf0, 0xf0, 0xf0, 0xf0, 0xf0, 
	0xe0, 0xd0, 0xe0, 0xf0, 0xe0, 0xc0, 0xd0, 0xe0, 
	0xd0, 0xf0, 0xf0, 0xf0, 0xf0, 0xe0, 0xe0, 0xf0, 
	0xf0, 0xf0, 0xf0, 0xf0, 0xf0, 0xf0, 0xf0, 0xe0, 
	0xe0, 0xd0, 0xb0, 0xb0, 0xb0, 0xb0, 0xc0, 0xd0, 
	0xc0, 0xd0, 0xe0, 0xf0, 0xf0, 0xe0, 0xe0, 0xd0, 
	0xe0, 0xd0, 0xd0, 0xf0, 0xe0, 0xd0, 0xd0, 0xc0, 
	0xd0, 0xd0, 0xe0, 0xe0, 0xe0, 0xe0, 0xe0, 0xf0, 
	0xf0, 0xf0, 0xf0, 0xf0, 0xf0, 0xf0, 0xf0, 0xf0, 
	0xf0, 0xe0, 0xf0, 0xf0, 0xe0, 0xd0, 0xc0, 0xd0, 
	0xd0, 0xf0, 0xf0, 0xf0, 0xf0, 0xf0, 0xf0, 0xf0, 
	0xf0, 0xe0, 0xe0, 0xf0, 0xf0, 0xf0, 0xf0, 0xe0, 
	0xe0, 0xe0, 0xe0, 0xc0, 0xb0, 0xb0, 0xb0, 0xb0, 
	0xb0, 0xb0, 0xc0, 0xd0, 0xe0, 0xe0, 0xe0, 0xd0, 
	0xc0, 0xd0, 0xe0, 0xe0, 0xd0, 0xe0, 0xd0, 0xd0, 
	0xd0, 0xe0, 0xe0, 0xe0, 0xe0, 0xe0, 0xf0, 0xf0, 
	0xf0, 0xe0, 0xf0, 0xf0, 0xe0, 0xf0, 0xf0, 0xf0, 
	0xf0, 0xf0, 0xf0, 0xf0, 0xf0, 0xf0, 0xf0, 0xe0, 
	0xe0, 0xe0, 0xe0, 0xf0, 0xf0, 0xf0, 0xf0, 0xf0, 
	0xf0, 0xe0, 0xe0, 0xf0, 0xf0, 0xf0, 0xe0, 0xd0, 
	0xc0, 0xe0, 0xf0, 0xe0, 0xc0, 0xb0, 0xa0, 0xa0, 
	0xa0, 0xa0, 0xb0, 0xc0, 0xd0, 0xd0, 0xd0, 0xc0, 
	0xb0, 0xd0, 0xe0, 0xe0, 0xe0, 0xd0, 0xd0, 0xe0, 
	0xf0, 0xf0, 0xe0, 0xe0, 0xe0, 0xf0, 0xf0, 0xf0, 
	0xe0, 0xe0, 0xe0, 0xc0, 0xc0, 0xe0, 0xe0, 0xf0, 
	0xf0, 0xf0, 0xf0, 0xf0, 0xf0, 0xf0, 0xf0, 0xe0, 
	0xd0, 0xd0, 0xd0, 0xe0, 0xf0, 0xf0, 0xf0, 0xf0, 
	0xf0, 0xe0, 0xe0, 0xf0, 0xf0, 0xe0, 0xc0, 0xb0, 
	0xa0, 0xb0, 0xe0, 0xe0, 0xd0, 0xb0, 0x90, 0x90, 
	0xb0, 0xc0, 0xc0, 0xc0, 0xc0, 0xc0, 0xc0, 0xb0, 
	0xb0, 0xd0, 0xd0, 0xd0, 0xe0, 0xd0, 0xd0, 0xf0, 
	0xf0, 0xf0, 0xf0, 0xe0, 0xf0, 0xe0, 0xe0, 0xf0, 
	0xf0, 0xf0, 0xd0, 0xc0, 0xe0, 0xe0, 0xe0, 0xe0, 
	0xe0, 0xd0, 0xe0, 0xe0, 0xf0, 0xf0, 0xd0, 0xc0, 
	0xd0, 0xd0, 0xd0, 0xe0, 0xf0, 0xf0, 0xf0, 0xf0, 
	0xf0, 0xf0, 0xe0, 0xe0, 0xe0, 0xc0, 0xb0, 0xa0, 
	0x90, 0xa0, 0xc0, 0xc0, 0xa0, 0xa0, 0xa0, 0xa0, 
	0xc0, 0xe0, 0xd0, 0xb0, 0xa0, 0xb0, 0xb0, 0xb0, 
	0xe0, 0xe0, 0xd0, 0xd0, 0xd0, 0xd0, 0xf0, 0xf0, 
	0xf0, 0xf0, 0xf0, 0xf0, 0xf0, 0xf0, 0xe0, 0xe0, 
	0xf0, 0xf0, 0xd0, 0xd0, 0xf0, 0xf0, 0xe0, 0xf0, 
	0xd0, 0xd0, 0xd0, 0xd0, 0xd0, 0xd0, 0xb0, 0xb0, 
	0xd0, 0xc0, 0xd0, 0xe0, 0xe0, 0xf0, 0xf0, 0xf0, 
	0xf0, 0xe0, 0xd0, 0xd0, 0xd0, 0xc0, 0xb0, 0xb0, 
	0xa0, 0xb0, 0xc0, 0xb0, 0x90, 0xa0, 0xb0, 0xb0, 
	0xc0, 0xf0, 0xd0, 0xb0, 0xa0, 0xb0, 0xb0, 0xd0, 
	0xf0, 0xe0, 0xd0, 0xd0, 0xd0, 0xf0, 0xf0, 0xf0, 
	0xf0, 0xf0, 0xf0, 0xf0, 0xf0, 0xf0, 0xf0, 0xe0, 
	0xe0, 0xe0, 0xd0, 0xe0, 0xf0, 0xe0, 0xe0, 0xd0, 
	0xc0, 0xd0, 0xc0, 0xc0, 0xd0, 0xc0, 0xc0, 0xc0, 
	0xc0, 0xc0, 0xe0, 0xf0, 0xf0, 0xf0, 0xf0, 0xe0, 
	0xe0, 0xd0, 0xd0, 0xd0, 0xd0, 0xc0, 0xc0, 0xd0, 
	0xd0, 0xd0, 0xd0, 0xb0, 0xa0, 0xb0, 0xc0, 0xd0, 
	0xc0, 0xd0, 0xc0, 0xa0, 0xa0, 0xb0, 0xc0, 0xe0, 
	0xe0, 0xd0, 0xe0, 0xe0, 0xe0, 0xf0, 0xf0, 0xf0, 
	0xf0, 0xf0, 0xf0, 0xf0, 0xf0, 0xf0, 0xf0, 0xe0, 
	0xe0, 0xe0, 0xe0, 0xe0, 0xd0, 0xd0, 0xe0, 0xc0, 
	0xb0, 0xb0, 0xb0, 0xb0, 0xc0, 0xd0, 0xd0, 0xd0, 
	0xb0, 0xb0, 0xd0, 0xf0, 0xf0, 0xf0, 0xe0, 0xd0, 
	0xe0, 0xe0, 0xe0, 0xd0, 0xc0, 0xc0, 0xc0, 0xd0, 
	0xe0, 0xd0, 0xd0, 0xc0, 0xc0, 0xd0, 0xd0, 0xd0, 
	0xc0, 0xb0, 0xb0, 0xb0, 0xb0, 0xa0, 0xc0, 0xe0, 
	0xc0, 0xc0, 0xe0, 0xe0, 0xe0, 0xf0, 0xf0, 0xf0, 
	0xf0, 0xe0, 0xf0, 0xf0, 0xf0, 0xf0, 0xf0, 0xf0, 
	0xe0, 0xf0, 0xf0, 0xe0, 0xd0, 0xc0, 0xd0, 0xd0, 
	0xb0, 0xd0, 0xd0, 0xc0, 0xc0, 0xd0, 0xd0, 0xd0, 
	0xb0, 0xb0, 0xc0, 0xe0, 0xf0, 0xe0, 0xd0, 0xd0, 
	0xe0, 0xf0, 0xe0, 0xc0, 0xb0, 0xb0, 0xb0, 0xc0, 
	0xc0, 0xc0, 0xb0, 0xb0, 0xd0, 0xe0, 0xe0, 0xe0, 
	0xd0, 0xc0, 0xc0, 0xc0, 0xc0, 0xb0, 0xb0, 0xc0, 
	0xb0, 0xc0, 0xd0, 0xd0, 0xe0, 0xe0, 0xf0, 0xf0, 
	0xe0, 0xe0, 0xf0, 0xf0, 0xf0, 0xf0, 0xf0, 0xf0, 
	0xf0, 0xf0, 0xe0, 0xd0, 0xc0, 0xd0, 0xd0, 0xc0, 
	0xd0, 0xe0, 0xe0, 0xd0, 0xb0, 0xc0, 0xd0, 0xd0, 
	0xc0, 0xc0, 0xd0, 0xd0, 0xc0, 0xd0, 0xd0, 0xd0, 
	0xe0, 0xf0, 0xe0, 0xb0, 0xa0, 0xa0, 0xa0, 0xb0, 
	0xc0, 0xb0, 0xa0, 0xc0, 0xf0, 0xf0, 0xe0, 0xd0, 
	0xd0, 0xc0, 0xc0, 0xc0, 0xa0, 0xa0, 0xa0, 0xb0, 
	0xc0, 0xd0, 0xd0, 0xd0, 0xe0, 0xd0, 0xf0, 0xf0, 
	0xf0, 0xf0, 0xf0, 0xf0, 0xf0, 0xf0, 0xf0, 0xf0, 
	0xf0, 0xe0, 0xd0, 0xc0, 0xc0, 0xc0, 0xb0, 0xb0, 
	0xe0, 0xe0, 0xf0, 0xe0, 0xc0, 0xd0, 0xd0, 0xd0, 
	0xe0, 0xe0, 0xe0, 0xd0, 0xd0, 0xd0, 0xd0, 0xc0, 
	0xc0, 0xc0, 0xd0, 0xc0, 0xb0, 0xa0, 0xa0, 0xb0, 
	0xc0, 0xb0, 0xa0, 0xd0, 0xe0, 0xd0, 0xc0, 0xb0, 
	0xb0, 0xc0, 0xd0, 0xc0, 0xa0, 0xb0, 0x90, 0xa0, 
	0xd0, 0xe0, 0xd0, 0xe0, 0xe0, 0xd0, 0xf0, 0xf0, 
	0xf0, 0xf0, 0xf0, 0xf0, 0xf0, 0xf0, 0xf0, 0xf0, 
	0xf0, 0xd0, 0xc0, 0xb0, 0xd0, 0xc0, 0xa0, 0xa0, 
	0xd0, 0xd0, 0xc0, 0xe0, 0xe0, 0xd0, 0xc0, 0xd0, 
	0xd0, 0xe0, 0xd0, 0xd0, 0xe0, 0xe0, 0xf0, 0xe0, 
	0xb0, 0xb0, 0xd0, 0xd0, 0xc0, 0xb0, 0xb0, 0xc0, 
	0xc0, 0xa0, 0xa0, 0xc0, 0xd0, 0xc0, 0xc0, 0xb0, 
	0xb0, 0xc0, 0xd0, 0xd0, 0xc0, 0xc0, 0xa0, 0xb0, 
	0xd0, 0xd0, 0xe0, 0xf0, 0xf0, 0xf0, 0xe0, 0xf0, 
	0xf0, 0xf0, 0xf0, 0xf0, 0xf0, 0xf0, 0xf0, 0xf0, 
	0xf0, 0xd0, 0xc0, 0xd0, 0xe0, 0xd0, 0xb0, 0xc0, 
	0xd0, 0xc0, 0xb0, 0xc0, 0xe0, 0xc0, 0xb0, 0xc0, 
	0xc0, 0xd0, 0xd0, 0xd0, 0xe0, 0xe0, 0xf0, 0xe0, 
	0xc0, 0xb0, 0xc0, 0xe0, 0xe0, 0xd0, 0xc0, 0xc0, 
	0xb0, 0xa0, 0xb0, 0xb0, 0xb0, 0xb0, 0xc0, 0xc0, 
	0xb0, 0xb0, 0xd0, 0xf0, 0xf0, 0xe0, 0xd0, 0xd0, 
	0xd0, 0xd0, 0xf0, 0xf0, 0xf0, 0xf0, 0xe0, 0xe0, 
	0xf0, 0xf0, 0xe0, 0xf0, 0xf0, 0xf0, 0xf0, 0xf0, 
	0xf0, 0xf0, 0xf0, 0xf0, 0xf0, 0xd0, 0xe0, 0xe0, 
	0xd0, 0xd0, 0xc0, 0xc0, 0xc0, 0xa0, 0x90, 0xb0, 
	0xa0, 0xc0, 0xe0, 0xe0, 0xe0, 0xe0, 0xe0, 0xe0, 
	0xe0, 0xd0, 0xc0, 0xd0, 0xd0, 0xd0, 0xe0, 0xd0, 
	0xc0, 0xc0, 0xd0, 0xc0, 0xb0, 0xb0, 0xd0, 0xf0, 
	0xe0, 0xd0, 0xc0, 0xd0, 0xc0, 0xd0, 0xd0, 0xc0, 
	0xd0, 0xe0, 0xe0, 0xf0, 0xf0, 0xf0, 0xf0, 0xf0, 
	0xf0, 0xf0, 0xe0, 0xf0, 0xf0, 0xf0, 0xf0, 0xf0, 
	0xf0, 0xf0, 0xf0, 0xf0, 0xf0, 0xd0, 0xe0, 0xe0, 
	0xc0, 0xc0, 0xc0, 0xc0, 0xa0, 0x90, 0x90, 0xb0, 
	0xb0, 0xc0, 0xd0, 0xe0, 0xd0, 0xd0, 0xd0, 0xd0, 
	0xe0, 0xe0, 0xd0, 0xc0, 0xc0, 0xd0, 0xe0, 0xe0, 
	0xd0, 0xd0, 0xf0, 0xf0, 0xe0, 0xe0, 0xe0, 0xf0, 
	0xf0, 0xe0, 0xd0, 0xd0, 0xd0, 0xe0, 0xe0, 0xd0, 
	0xe0, 0xe0, 0xe0, 0xe0, 0xe0, 0xe0, 0xf0, 0xe0, 
	0xf0, 0xf0, 0xf0, 0xf0, 0xf0, 0xf0, 0xf0, 0xf0, 
	0xf0, 0xf0, 0xf0, 0xf0, 0xf0, 0xe0, 0xe0, 0xe0, 
	0xc0, 0xb0, 0xc0, 0xb0, 0xa0, 0xb0, 0xb0, 0xd0, 
	0xc0, 0xc0, 0xd0, 0xd0, 0xb0, 0xc0, 0xc0, 0xb0, 
	0xc0, 0xd0, 0xc0, 0xa0, 0xb0, 0xb0, 0xd0, 0xe0, 
	0xe0, 0xf0, 0xf0, 0xf0, 0xf0, 0xf0, 0xd0, 0xe0, 
	0xf0, 0xf0, 0xd0, 0xd0, 0xd0, 0xe0, 0xe0, 0xe0, 
	0xf0, 0xe0, 0xd0, 0xd0, 0xd0, 0xe0, 0xf0, 0xf0, 
	0xe0, 0xe0, 0xf0, 0xe0, 0xf0, 0xf0, 0xf0, 0xf0, 
	0xf0, 0xe0, 0xe0, 0xf0, 0xf0, 0xf0, 0xf0, 0xe0, 
	0xd0, 0xc0, 0xc0, 0xa0, 0xb0, 0xc0, 0xd0, 0xd0, 
	0xd0, 0xc0, 0xb0, 0xa0, 0xa0, 0xc0, 0xc0, 0xb0, 
	0xb0, 0xb0, 0xa0, 0x90, 0xa0, 0xb0, 0xc0, 0xc0, 
	0xd0, 0xf0, 0xf0, 0xe0, 0xf0, 0xf0, 0xd0, 0xd0, 
	0xf0, 0xf0, 0xd0, 0xe0, 0xe0, 0xe0, 0xe0, 0xe0, 
	0xf0, 0xe0, 0xd0, 0xc0, 0xc0, 0xe0, 0xe0, 0xe0, 
	0xe0, 0xf0, 0xe0, 0xe0, 0xe0, 0xf0, 0xf0, 0xf0, 
	0xe0, 0xe0, 0xf0, 0xf0, 0xf0, 0xf0, 0xf0, 0xe0, 
	0xd0, 0xc0, 0xb0, 0xb0, 0xb0, 0xc0, 0xd0, 0xc0, 
	0xd0, 0xe0, 0xc0, 0xb0, 0xc0, 0xc0, 0xc0, 0xc0, 
	0xc0, 0xc0, 0xc0, 0xb0, 0xc0, 0xc0, 0xc0, 0xc0, 
	0xe0, 0xf0, 0xf0, 0xf0, 0xf0, 0xf0, 0xe0, 0xe0, 
	0xf0, 0xf0, 0xe0, 0xe0, 0xe0, 0xd0, 0xe0, 0xe0, 
	0xe0, 0xd0, 0xd0, 0xc0, 0xb0, 0xc0, 0xd0, 0xd0, 
	0xe0, 0xf0, 0xf0, 0xf0, 0xf0, 0xf0, 0xf0, 0xe0, 
	0xd0, 0xe0, 0xf0, 0xe0, 0xe0, 0xe0, 0xd0, 0xc0, 
	0xc0, 0xb0, 0xa0, 0xa0, 0xb0, 0xc0, 0xd0, 0xc0, 
	0xc0, 0xd0, 0xd0, 0xd0, 0xe0, 0xc0, 0xc0, 0xd0, 
	0xe0, 0xe0, 0xe0, 0xe0, 0xc0, 0xd0, 0xd0, 0xe0, 
	0xf0, 0xf0, 0xf0, 0xf0, 0xe0, 0xf0, 0xf0, 0xf0, 
	0xf0, 0xf0, 0xf0, 0xf0, 0xf0, 0xe0, 0xd0, 0xd0, 
	0xd0, 0xc0, 0xc0, 0xb0, 0xb0, 0xc0, 0xb0, 0xc0, 
	0xe0, 0xe0, 0xf0, 0xf0, 0xf0, 0xf0, 0xf0, 0xe0, 
	0xe0, 0xe0, 0xe0, 0xd0, 0xe0, 0xd0, 0xc0, 0xb0, 
	0xb0, 0xa0, 0x90, 0xa0, 0xa0, 0xb0, 0xc0, 0xc0, 
	0xb0, 0xb0, 0xd0, 0xe0, 0xd0, 0xc0, 0xd0, 0xd0, 
	0xe0, 0xe0, 0xf0, 0xf0, 0xd0, 0xd0, 0xd0, 0xf0, 
	0xf0, 0xf0, 0xf0, 0xf0, 0xe0, 0xf0, 0xf0, 0xf0, 
	0xf0, 0xf0, 0xf0, 0xf0, 0xf0, 0xf0, 0xe0, 0xe0, 
	0xd0, 0xc0, 0xb0, 0xb0, 0xd0, 0xc0, 0xc0, 0xd0, 
	0xd0, 0xe0, 0xf0, 0xe0, 0xf0, 0xf0, 0xf0, 0xf0, 
	0xf0, 0xd0, 0xe0, 0xf0, 0xf0, 0xe0, 0xd0, 0xc0, 
	0xb0, 0xc0, 0xb0, 0xa0, 0xb0, 0xc0, 0xc0, 0xc0, 
	0xb0, 0xa0, 0xd0, 0xe0, 0xd0, 0xc0, 0xd0, 0xe0, 
	0xe0, 0xe0, 0xe0, 0xf0, 0xe0, 0xd0, 0xe0, 0xf0, 
	0xe0, 0xe0, 0xf0, 0xf0, 0xe0, 0xe0, 0xe0, 0xf0, 
	0xe0, 0xe0, 0xf0, 0xe0, 0xe0, 0xe0, 0xf0, 0xe0, 
	0xd0, 0xc0, 0xd0, 0xd0, 0xd0, 0xd0, 0xd0, 0xd0, 
	0xe0, 0xe0, 0xe0, 0xd0, 0xd0, 0xf0, 0xf0, 0xf0, 
	0xe0, 0xd0, 0xe0, 0xf0, 0xf0, 0xf0, 0xf0, 0xf0, 
	0xf0, 0xf0, 0xe0, 0xc0, 0xc0, 0xd0, 0xe0, 0xe0, 
	0xc0, 0xb0, 0xb0, 0xd0, 0xc0, 0xc0, 0xc0, 0xd0, 
	0xe0, 0xd0, 0xd0, 0xe0, 0xe0, 0xe0, 0xe0, 0xe0, 
	0xe0, 0xf0, 0xe0, 0xd0, 0xe0, 0xf0, 0xe0, 0xe0, 
	0xe0, 0xf0, 0xf0, 0xf0, 0xe0, 0xe0, 0xf0, 0xf0, 
	0xf0, 0xe0, 0xe0, 0xf0, 0xe0, 0xd0, 0xd0, 0xd0, 
	0xe0, 0xe0, 0xe0, 0xe0, 0xe0, 0xe0, 0xe0, 0xe0, 
	0xf0, 0xf0, 0xf0, 0xe0, 0xf0, 0xf0, 0xf0, 0xf0, 
	0xf0, 0xf0, 0xf0, 0xd0, 0xd0, 0xe0, 0xe0, 0xd0, 
	0xf0, 0xf0, 0xd0, 0xc0, 0xc0, 0xd0, 0xd0, 0xe0, 
	0xe0, 0xc0, 0xd0, 0xe0, 0xe0, 0xe0, 0xe0, 0xd0, 
	0xe0, 0xf0, 0xe0, 0xd0, 0xf0, 0xf0, 0xd0, 0xd0, 
	0xe0, 0xe0, 0xf0, 0xf0, 0xf0, 0xf0, 0xf0, 0xf0, 
	0xf0, 0xf0, 0xf0, 0xf0, 0xe0, 0xe0, 0xe0, 0xe0, 
	0xe0, 0xe0, 0xe0, 0xf0, 0xf0, 0xe0, 0xd0, 0xd0, 
	0xe0, 0xe0, 0xe0, 0xe0, 0xe0, 0xf0, 0xe0, 0xe0, 
	0xf0, 0xf0, 0xf0, 0xe0, 0xe0, 0xe0, 0xd0, 0xd0, 
	0xe0, 0xe0, 0xd0, 0xc0, 0xc0, 0xc0, 0xc0, 0xd0, 
	0xd0, 0xe0, 0xe0, 0xe0, 0xd0, 0xe0, 0xe0, 0xd0, 
	0xc0, 0xd0, 0xd0, 0xe0, 0xf0, 0xe0, 0xd0, 0xd0, 
	0xe0, 0xf0, 0xf0, 0xf0, 0xf0, 0xf0, 0xf0, 0xf0, 
	0xf0, 0xf0, 0xf0, 0xf0, 0xf0, 0xf0, 0xf0, 0xe0, 
	0xd0, 0xe0, 0xf0, 0xf0, 0xf0, 0xf0, 0xd0, 0xd0, 
	0xd0, 0xd0, 0xd0, 0xd0, 0xd0, 0xd0, 0xd0, 0xe0, 
	0xe0, 0xe0, 0xe0, 0xf0, 0xf0, 0xe0, 0xc0, 0xd0, 
	0xd0, 0xd0, 0xd0, 0xc0, 0xd0, 0xc0, 0xc0, 0xd0, 
	0xe0, 0xf0, 0xf0, 0xe0, 0xe0, 0xe0, 0xd0, 0xd0, 
	0xb0, 0xb0, 0xd0, 0xf0, 0xe0, 0xe0, 0xd0, 0xd0, 
	0xe0, 0xe0, 0xe0, 0xe0, 0xf0, 0xf0, 0xf0, 0xf0, 
	0xf0, 0xe0, 0xf0, 0xf0, 0xf0, 0xf0, 0xf0, 0xe0, 
	0xe0, 0xe0, 0xe0, 0xe0, 0xe0, 0xe0, 0xd0, 0xd0, 
	0xd0, 0xd0, 0xd0, 0xd0, 0xd0, 0xd0, 0xd0, 0xd0, 
	0xe0, 0xe0, 0xf0, 0xf0, 0xf0, 0xf0, 0xd0, 0xd0, 
	0xd0, 0xd0, 0xd0, 0xd0, 0xd0, 0xd0, 0xd0, 0xd0, 
	0xd0, 0xf0, 0xe0, 0xd0, 0xf0, 0xf0, 0xf0, 0xe0, 
	0xb0, 0xa0, 0xd0, 0xf0, 0xd0, 0xc0, 0xc0, 0xd0, 
	0xd0, 0xe0, 0xe0, 0xe0, 0xe0, 0xf0, 0xf0, 0xf0, 
	0xe0, 0xe0, 0xe0, 0xf0, 0xf0, 0xf0, 0xf0, 0xe0, 
	0xe0, 0xe0, 0xd0, 0xb0, 0xc0, 0xd0, 0xd0, 0xc0, 
	0xc0, 0xd0, 0xd0, 0xd0, 0xe0, 0xd0, 0xd0, 0xd0, 
	0xe0, 0xf0, 0xf0, 0xf0, 0xf0, 0xf0, 0xe0, 0xd0, 
	0xd0, 0xd0, 0xd0, 0xe0, 0xe0, 0xe0, 0xd0, 0xc0, 
	0xd0, 0xe0, 0xe0, 0xd0, 0xf0, 0xf0, 0xe0, 0xd0, 
	0xc0, 0xb0, 0xb0, 0xd0, 0xc0, 0xa0, 0xb0, 0xc0, 
	0xd0, 0xc0, 0xd0, 0xd0, 0xf0, 0xf0, 0xf0, 0xf0, 
	0xf0, 0xe0, 0xf0, 0xe0, 0xe0, 0xe0, 0xe0, 0xe0, 
	0xe0, 0xe0, 0xe0, 0xc0, 0xd0, 0xd0, 0xc0, 0xc0, 
	0xc0, 0xc0, 0xd0, 0xe0, 0xf0, 0xf0, 0xd0, 0xd0, 
	0xf0, 0xf0, 0xf0, 0xe0, 0xe0, 0xf0, 0xf0, 0xe0, 
	0xe0, 0xe0, 0xf0, 0xf0, 0xf0, 0xf0, 0xe0, 0xd0, 
	0xe0, 0xe0, 0xe0, 0xe0, 0xe0, 0xe0, 0xd0, 0xd0, 
	0xf0, 0xf0, 0xd0, 0xc0, 0xc0, 0xb0, 0xa0, 0xb0, 
	0xc0, 0xc0, 0xc0, 0xd0, 0xd0, 0xe0, 0xe0, 0xe0, 
	0xd0, 0xd0, 0xe0, 0xd0, 0xe0, 0xe0, 0xe0, 0xd0, 
	0xe0, 0xd0, 0xe0, 0xd0, 0xd0, 0xc0, 0xa0, 0xb0, 
	0xc0, 0xd0, 0xd0, 0xe0, 0xf0, 0xf0, 0xe0, 0xe0, 
	0xe0, 0xe0, 0xe0, 0xe0, 0xe0, 0xf0, 0xf0, 0xf0, 
	0xd0, 0xe0, 0xf0, 0xf0, 0xf0, 0xf0, 0xe0, 0xd0, 
	0xe0, 0xd0, 0xd0, 0xf0, 0xe0, 0xd0, 0xd0, 0xd0, 
	0xe0, 0xe0, 0xd0, 0xc0, 0xc0, 0xc0, 0xb0, 0xb0, 
	0xb0, 0xc0, 0xc0, 0xc0, 0xd0, 0xe0, 0xe0, 0xd0, 
	0xd0, 0xe0, 0xd0, 0xe0, 0xe0, 0xe0, 0xe0, 0xd0, 
	0xd0, 0xd0, 0xd0, 0xd0, 0xd0, 0xb0, 0xb0, 0xc0, 
	0xd0, 0xc0, 0xd0, 0xd0, 0xd0, 0xe0, 0xe0, 0xf0, 
	0xe0, 0xe0, 0xf0, 0xf0, 0xf0, 0xf0, 0xf0, 0xe0, 
	0xd0, 0xd0, 0xe0, 0xe0, 0xe0, 0xe0, 0xf0, 0xf0, 
	0xd0, 0xd0, 0xe0, 0xf0, 0xe0, 0xd0, 0xd0, 0xd0, 
	0xd0, 0xc0, 0xd0, 0xc0, 0xc0, 0xd0, 0xd0, 0xc0, 
	0xa0, 0xb0, 0xc0, 0xc0, 0xd0, 0xe0, 0xe0, 0xd0, 
	0xe0, 0xd0, 0xc0, 0xc0, 0xc0, 0xc0, 0xc0, 0xd0, 
	0xd0, 0xc0, 0xc0, 0xe0, 0xc0, 0xc0, 0xd0, 0xd0, 
	0xd0, 0xc0, 0xc0, 0xd0, 0xd0, 0xd0, 0xd0, 0xd0, 
	0xd0, 0xe0, 0xf0, 0xf0, 0xf0, 0xf0, 0xe0, 0xc0, 
	0xe0, 0xd0, 0xd0, 0xe0, 0xd0, 0xe0, 0xe0, 0xd0, 
	0xd0, 0xc0, 0xd0, 0xd0, 0xd0, 0xd0, 0xe0, 0xe0, 
	0xd0, 0xd0, 0xd0, 0xd0, 0xc0, 0xd0, 0xe0, 0xd0, 
	0xb0, 0xb0, 0xc0, 0xd0, 0xd0, 0xf0, 0xf0, 0xe0, 
	0xf0, 0xd0, 0xb0, 0xb0, 0xb0, 0xb0, 0xc0, 0xc0, 
	0xc0, 0xb0, 0xc0, 0xc0, 0xc0, 0xd0, 0xf0, 0xf0, 
	0xd0, 0xd0, 0xd0, 0xe0, 0xf0, 0xf0, 0xd0, 0xd0, 
	0xe0, 0xe0, 0xf0, 0xf0, 0xf0, 0xf0, 0xd0, 0xd0, 
	0xe0, 0xc0, 0xc0, 0xe0, 0xf0, 0xf0, 0xd0, 0xd0, 
	0xe0, 0xd0, 0xc0, 0xc0, 0xd0, 0xd0, 0xd0, 0xc0, 
	0xd0, 0xd0, 0xc0, 0xc0, 0xc0, 0xc0, 0xc0, 0xc0, 
	0xd0, 0xc0, 0xc0, 0xd0, 0xd0, 0xe0, 0xf0, 0xe0, 
	0xe0, 0xd0, 0xc0, 0xc0, 0xc0, 0xc0, 0xc0, 0xc0, 
	0xc0, 0xc0, 0xc0, 0xc0, 0xc0, 0xd0, 0xe0, 0xe0, 
	0xd0, 0xc0, 0xc0, 0xd0, 0xf0, 0xf0, 0xd0, 0xe0, 
	0xf0, 0xe0, 0xf0, 0xe0, 0xe0, 0xf0, 0xe0, 0xf0, 
	0xe0, 0xd0, 0xd0, 0xf0, 0xf0, 0xf0, 0xd0, 0xe0, 
	0xe0, 0xd0, 0xd0, 0xc0, 0xd0, 0xc0, 0xc0, 0xb0, 
	0xb0, 0xd0, 0xd0, 0xd0, 0xc0, 0xc0, 0xc0, 0xc0, 
	0xc0, 0xc0, 0xc0, 0xd0, 0xd0, 0xe0, 0xe0, 0xe0, 
	0xd0, 0xd0, 0xc0, 0xc0, 0xd0, 0xe0, 0xd0, 0xd0, 
	0xc0, 0xb0, 0xb0, 0xc0, 0xd0, 0xd0, 0xd0, 0xd0, 
	0xc0, 0xd0, 0xd0, 0xd0, 0xe0, 0xe0, 0xc0, 0xe0, 
	0xf0, 0xf0, 0xe0, 0xe0, 0xe0, 0xf0, 0xf0, 0xf0, 
	0xf0, 0xe0, 0xf0, 0xf0, 0xf0, 0xe0, 0xc0, 0xd0, 
	0xe0, 0xe0, 0xd0, 0xd0, 0xd0, 0xc0, 0xc0, 0xb0, 
	0xa0, 0xc0, 0xd0, 0xd0, 0xc0, 0xc0, 0xc0, 0xc0, 
	0xc0, 0xb0, 0xb0, 0xd0, 0xe0, 0xf0, 0xf0, 0xe0, 
	0xe0, 0xe0, 0xd0, 0xe0, 0xe0, 0xe0, 0xd0, 0xd0, 
	0xc0, 0xc0, 0xc0, 0xd0, 0xe0, 0xe0, 0xd0, 0xd0, 
	0xd0, 0xd0, 0xd0, 0xd0, 0xe0, 0xd0, 0xc0, 0xd0, 
	0xe0, 0xe0, 0xe0, 0xe0, 0xe0, 0xe0, 0xe0, 0xe0, 
	0xf0, 0xf0, 0xf0, 0xf0, 0xf0, 0xd0, 0xc0, 0xc0, 
	0xd0, 0xd0, 0xd0, 0xd0, 0xd0, 0xc0, 0xd0, 0xc0, 
	0xb0, 0xd0, 0xe0, 0xd0, 0xc0, 0xb0, 0xc0, 0xc0, 
	0xc0, 0xc0, 0xd0, 0xd0, 0xd0, 0xe0, 0xf0, 0xf0, 
	0xe0, 0xe0, 0xd0, 0xe0, 0xd0, 0xd0, 0xc0, 0xc0, 
	0xd0, 0xd0, 0xc0, 0xe0, 0xf0, 0xe0, 0xe0, 0xe0, 
	0xe0, 0xe0, 0xe0, 0xf0, 0xd0, 0xd0, 0xd0, 0xd0, 
	0xc0, 0xe0, 0xf0, 0xe0, 0xd0, 0xd0, 0xd0, 0xe0, 
	0xf0, 0xf0, 0xf0, 0xe0, 0xe0, 0xd0, 0xd0, 0xd0, 
	0xd0, 0xc0, 0xd0, 0xe0, 0xe0, 0xd0, 0xe0, 0xf0, 
	0xe0, 0xd0, 0xd0, 0xd0, 0xd0, 0xc0, 0xc0, 0xd0, 
	0xc0, 0xc0, 0xd0, 0xd0, 0xc0, 0xc0, 0xe0, 0xe0, 
	0xe0, 0xf0, 0xf0, 0xe0, 0xd0, 0xd0, 0xd0, 0xe0, 
	0xf0, 0xd0, 0xd0, 0xd0, 0xe0, 0xf0, 0xf0, 0xe0, 
	0xd0, 0xe0, 0xe0, 0xf0, 0xf0, 0xe0, 0xd0, 0xd0, 
	0xd0, 0xe0, 0xf0, 0xe0, 0xc0, 0xc0, 0xc0, 0xd0, 
	0xd0, 0xe0, 0xe0, 0xe0, 0xe0, 0xe0, 0xe0, 0xe0, 
	0xd0, 0xc0, 0xc0, 0xd0, 0xd0, 0xe0, 0xf0, 0xf0, 
	0xe0, 0xb0, 0xb0, 0xd0, 0xe0, 0xe0, 0xd0, 0xc0, 
	0xd0, 0xd0, 0xd0, 0xd0, 0xd0, 0xb0, 0xc0, 0xd0, 
	0xd0, 0xd0, 0xd0, 0xd0, 0xd0, 0xc0, 0xd0, 0xd0, 
	0xe0, 0xd0, 0xd0, 0xd0, 0xd0, 0xf0, 0xf0, 0xe0, 
	0xd0, 0xe0, 0xe0, 0xf0, 0xe0, 0xe0, 0xe0, 0xd0, 
	0xe0, 0xe0, 0xe0, 0xd0, 0xc0, 0xb0, 0xc0, 0xd0, 
	0xb0, 0xc0, 0xd0, 0xd0, 0xd0, 0xc0, 0xc0, 0xd0, 
	0xc0, 0xc0, 0xd0, 0xc0, 0xd0, 0xe0, 0xe0, 0xe0, 
	0xc0, 0xb0, 0xc0, 0xd0, 0xe0, 0xe0, 0xd0, 0xd0, 
	0xc0, 0xd0, 0xc0, 0xd0, 0xc0, 0xb0, 0xc0, 0xc0, 
	0xc0, 0xd0, 0xe0, 0xf0, 0xf0, 0xe0, 0xe0, 0xe0, 
	0xe0, 0xd0, 0xc0, 0xc0, 0xd0, 0xe0, 0xe0, 0xe0, 
	0xe0, 0xf0, 0xf0, 0xf0, 0xe0, 0xe0, 0xe0, 0xd0, 
	0xe0, 0xe0, 0xc0, 0xc0, 0xb0, 0xa0, 0xb0, 0xb0, 
	0xb0, 0xc0, 0xd0, 0xd0, 0xb0, 0xb0, 0xb0, 0xb0, 
	0xb0, 0xc0, 0xc0, 0xc0, 0xd0, 0xe0, 0xd0, 0xc0, 
	0xb0, 0xd0, 0xe0, 0xf0, 0xe0, 0xd0, 0xc0, 0xc0, 
	0xc0, 0xd0, 0xc0, 0xc0, 0xc0, 0xb0, 0xc0, 0xc0, 
	0xc0, 0xd0, 0xf0, 0xf0, 0xf0, 0xf0, 0xf0, 0xf0, 
	0xf0, 0xe0, 0xc0, 0xc0, 0xd0, 0xc0, 0xd0, 0xe0, 
	0xe0, 0xf0, 0xf0, 0xf0, 0xe0, 0xe0, 0xf0, 0xd0, 
	0xc0, 0xc0, 0xa0, 0xb0, 0xb0, 0xc0, 0xb0, 0xc0, 
	0xc0, 0xd0, 0xd0, 0xc0, 0xa0, 0xa0, 0xa0, 0xa0, 
	0xb0, 0xb0, 0xb0, 0xc0, 0xd0, 0xc0, 0xc0, 0xd0, 
	0xe0, 0xf0, 0xf0, 0xe0, 0xd0, 0xb0, 0xa0, 0xb0, 
	0xb0, 0xc0, 0xc0, 0xc0, 0xc0, 0xc0, 0xd0, 0xc0, 
	0xd0, 0xe0, 0xf0, 0xf0, 0xf0, 0xf0, 0xf0, 0xe0, 
	0xe0, 0xe0, 0xd0, 0xc0, 0xc0, 0xb0, 0xb0, 0xd0, 
	0xe0, 0xe0, 0xf0, 0xf0, 0xf0, 0xf0, 0xf0, 0xd0, 
	0xc0, 0xb0, 0xa0, 0xb0, 0xc0, 0xd0, 0xd0, 0xd0, 
	0xd0, 0xd0, 0xc0, 0xa0, 0xa0, 0xb0, 0xb0, 0xb0, 
	0xb0, 0xb0, 0xb0, 0xb0, 0xb0, 0xc0, 0xc0, 0xe0, 
	0xf0, 0xf0, 0xe0, 0xd0, 0xd0, 0xc0, 0xb0, 0xb0, 
	0xc0, 0xb0, 0xc0, 0xb0, 0xc0, 0xe0, 0xe0, 0xd0, 
	0xd0, 0xd0, 0xf0, 0xf0, 0xf0, 0xf0, 0xe0, 0xe0, 
	0xe0, 0xe0, 0xe0, 0xd0, 0xc0, 0xb0, 0xa0, 0xc0, 
	0xd0, 0xd0, 0xd0, 0xe0, 0xe0, 0xf0, 0xf0, 0xd0, 
	0xc0, 0xb0, 0xb0, 0xc0, 0xc0, 0xe0, 0xe0, 0xe0, 
	0xd0, 0xd0, 0xb0, 0xb0, 0xc0, 0xd0, 0xc0, 0xc0, 
	0xd0, 0xc0, 0xb0, 0xb0, 0xa0, 0xb0, 0xc0, 0xc0, 
	0xd0, 0xc0, 0xc0, 0xc0, 0xc0, 0xd0, 0xc0, 0xb0, 
	0xb0, 0xa0, 0xa0, 0xa0, 0xc0, 0xd0, 0xe0, 0xe0, 
	0xe0, 0xe0, 0xf0, 0xf0, 0xf0, 0xe0, 0xd0, 0xd0, 
	0xe0, 0xf0, 0xe0, 0xe0, 0xc0, 0xb0, 0xb0, 0xc0, 
	0xd0, 0xc0, 0xc0, 0xe0, 0xd0, 0xd0, 0xe0, 0xd0, 
	0xc0, 0xb0, 0xc0, 0xb0, 0xb0, 0xc0, 0xd0, 0xd0, 
	0xe0, 0xc0, 0xc0, 0xd0, 0xd0, 0xd0, 0xc0, 0xc0, 
	0xd0, 0xd0, 0xc0, 0xb0, 0xa0, 0xb0, 0xb0, 0xa0, 
	0xa0, 0xc0, 0xc0, 0xc0, 0xc0, 0xc0, 0xc0, 0xb0, 
	0x90, 0x80, 0x90, 0xa0, 0xc0, 0xd0, 0xe0, 0xe0, 
	0xf0, 0xf0, 0xf0, 0xf0, 0xf0, 0xf0, 0xe0, 0xd0, 
	0xe0, 0xf0, 0xe0, 0xc0, 0xb0, 0xc0, 0xc0, 0xc0, 
	0xe0, 0xe0, 0xd0, 0xd0, 0xd0, 0xd0, 0xc0, 0xc0, 
	0xc0, 0xb0, 0xa0, 0xa0, 0xb0, 0xc0, 0xb0, 0xc0, 
	0xc0, 0xc0, 0xd0, 0xf0, 0xf0, 0xd0, 0xd0, 0xd0, 
	0xe0, 0xe0, 0xc0, 0xa0, 0xb0, 0xb0, 0xa0, 0xb0, 
	0xc0, 0xd0, 0xd0, 0xc0, 0xb0, 0xb0, 0xb0, 0xa0, 
	0x80, 0x90, 0xa0, 0xb0, 0xb0, 0xb0, 0xc0, 0xc0, 
	0xe0, 0xe0, 0xf0, 0xf0, 0xf0, 0xf0, 0xf0, 0xf0, 
	0xe0, 0xe0, 0xe0, 0xc0, 0xa0, 0xc0, 0xc0, 0xc0, 
	0xe0, 0xf0, 0xd0, 0xd0, 0xd0, 0xd0, 0xd0, 0xd0, 
	0xd0, 0xc0, 0xa0, 0xa0, 0xc0, 0xc0, 0xb0, 0xc0, 
	0xc0, 0xc0, 0xd0, 0xe0, 0xe0, 0xd0, 0xc0, 0xc0, 
	0xc0, 0xe0, 0xd0, 0xb0, 0xc0, 0xc0, 0xb0, 0xd0, 
	0xe0, 0xe0, 0xd0, 0xc0, 0xb0, 0xb0, 0xb0, 0xa0, 
	0x90, 0xa0, 0xb0, 0xb0, 0xb0, 0xa0, 0xa0, 0xb0, 
	0xd0, 0xd0, 0xe0, 0xf0, 0xf0, 0xf0, 0xf0, 0xf0, 
	0xf0, 0xe0, 0xe0, 0xd0, 0xb0, 0xb0, 0xb0, 0xc0, 
	0xd0, 0xd0, 0xc0, 0xd0, 0xe0, 0xe0, 0xe0, 0xe0, 
	0xf0, 0xf0, 0xe0, 0xd0, 0xd0, 0xc0, 0xc0, 0xc0, 
	0xc0, 0xd0, 0xd0, 0xd0, 0xd0, 0xc0, 0xd0, 0xd0, 
	0xc0, 0xd0, 0xd0, 0xb0, 0xc0, 0xd0, 0xc0, 0xc0, 
	0xd0, 0xc0, 0xc0, 0xd0, 0xc0, 0xc0, 0xb0, 0xa0, 
	0xb0, 0xb0, 0xb0, 0xc0, 0xc0, 0xc0, 0xb0, 0xc0, 
	0xd0, 0xe0, 0xe0, 0xe0, 0xe0, 0xf0, 0xf0, 0xf0, 
	0xf0, 0xe0, 0xe0, 0xe0, 0xe0, 0xc0, 0xb0, 0xc0, 
	0xc0, 0xd0, 0xc0, 0xc0, 0xe0, 0xf0, 0xf0, 0xf0, 
	0xf0, 0xf0, 0xf0, 0xf0, 0xe0, 0xc0, 0xb0, 0xb0, 
	0xd0, 0xd0, 0xe0, 0xd0, 0xd0, 0xd0, 0xd0, 0xd0, 
	0xd0, 0xc0, 0xc0, 0xc0, 0xb0, 0xc0, 0xc0, 0xc0, 
	0xc0, 0xb0, 0xb0, 0xd0, 0xe0, 0xd0, 0xc0, 0xb0, 
	0xb0, 0xb0, 0xc0, 0xc0, 0xd0, 0xd0, 0xc0, 0xc0, 
	0xd0, 0xe0, 0xd0, 0xd0, 0xe0, 0xf0, 0xf0, 0xf0, 
	0xe0, 0xd0, 0xd0, 0xe0, 0xf0, 0xe0, 0xc0, 0xc0, 
	0xd0, 0xd0, 0xd0, 0xd0, 0xe0, 0xf0, 0xf0, 0xf0, 
	0xf0, 0xf0, 0xf0, 0xf0, 0xd0, 0xc0, 0xc0, 0xc0, 
	0xe0, 0xe0, 0xf0, 0xf0, 0xe0, 0xe0, 0xe0, 0xe0, 
	0xf0, 0xd0, 0xc0, 0xc0, 0xb0, 0xc0, 0xd0, 0xd0, 
	0xc0, 0xb0, 0xc0, 0xe0, 0xf0, 0xd0, 0xc0, 0xc0, 
	0xc0, 0xb0, 0xb0, 0xc0, 0xd0, 0xd0, 0xc0, 0xc0, 
	0xd0, 0xd0, 0xe0, 0xe0, 0xe0, 0xf0, 0xe0, 0xe0, 
	0xd0, 0xc0, 0xc0, 0xd0, 0xe0, 0xe0, 0xd0, 0xc0, 
	0xd0, 0xe0, 0xe0, 0xe0, 0xd0, 0xe0, 0xe0, 0xf0, 
	0xf0, 0xe0, 0xe0, 0xd0, 0xc0, 0xd0, 0xd0, 0xd0, 
	0xe0, 0xf0, 0xf0, 0xf0, 0xf0, 0xf0, 0xf0, 0xf0, 
	0xf0, 0xe0, 0xe0, 0xd0, 0xc0, 0xc0, 0xd0, 0xe0, 
	0xe0, 0xe0, 0xe0, 0xe0, 0xf0, 0xd0, 0xb0, 0xc0, 
	0xd0, 0xb0, 0xb0, 0xc0, 0xd0, 0xe0, 0xd0, 0xc0, 
	0xd0, 0xe0, 0xf0, 0xf0, 0xf0, 0xf0, 0xe0, 0xd0, 
	0xd0, 0xd0, 0xe0, 0xe0, 0xe0, 0xd0, 0xc0, 0xd0, 
	0xf0, 0xf0, 0xd0, 0xc0, 0xc0, 0xd0, 0xe0, 0xf0, 
	0xe0, 0xe0, 0xf0, 0xe0, 0xd0, 0xd0, 0xd0, 0xe0, 
	0xf0, 0xf0, 0xf0, 0xf0, 0xf0, 0xf0, 0xf0, 0xf0, 
	0xe0, 0xe0, 0xe0, 0xe0, 0xd0, 0xc0, 0xc0, 0xe0, 
	0xf0, 0xf0, 0xe0, 0xd0, 0xe0, 0xd0, 0xb0, 0xc0, 
	0xd0, 0xc0, 0xc0, 0xc0, 0xe0, 0xe0, 0xe0, 0xd0, 
	0xc0, 0xe0, 0xf0, 0xf0, 0xe0, 0xe0, 0xe0, 0xe0, 
	0xd0, 0xd0, 0xd0, 0xe0, 0xe0, 0xc0, 0xc0, 0xd0, 
	0xe0, 0xe0, 0xd0, 0xc0, 0xc0, 0xc0, 0xd0, 0xd0, 
	0xd0, 0xd0, 0xe0, 0xe0, 0xd0, 0xd0, 0xe0, 0xe0, 
	0xf0, 0xf0, 0xf0, 0xf0, 0xf0, 0xf0, 0xf0, 0xe0, 
	0xe0, 0xd0, 0xe0, 0xe0, 0xe0, 0xc0, 0xc0, 0xe0, 
	0xf0, 0xf0, 0xf0, 0xe0, 0xe0, 0xe0, 0xc0, 0xc0, 
	0xc0, 0xd0, 0xd0, 0xd0, 0xe0, 0xf0, 0xe0, 0xe0, 
	0xe0, 0xe0, 0xe0, 0xd0, 0xd0, 0xe0, 0xf0, 0xf0, 
	0xe0, 0xe0, 0xe0, 0xe0, 0xe0, 0xe0, 0xe0, 0xf0, 
	0xe0, 0xd0, 0xd0, 0xc0, 0xc0, 0xc0, 0xd0, 0xe0, 
	0xe0, 0xe0, 0xe0, 0xf0, 0xd0, 0xe0, 0xe0, 0xf0, 
	0xe0, 0xe0, 0xe0, 0xf0, 0xf0, 0xf0, 0xe0, 0xe0, 
	0xe0, 0xe0, 0xe0, 0xf0, 0xe0, 0xd0, 0xd0, 0xe0, 
	0xf0, 0xf0, 0xf0, 0xe0, 0xe0, 0xf0, 0xe0, 0xd0, 
	0xd0, 0xe0, 0xd0, 0xd0, 0xe0, 0xe0, 0xe0, 0xe0, 
	0xe0, 0xd0, 0xd0, 0xc0, 0xc0, 0xd0, 0xf0, 0xf0, 
	0xf0, 0xf0, 0xe0, 0xd0, 0xe0, 0xf0, 0xf0, 0xf0, 
	0xe0, 0xc0, 0xd0, 0xd0, 0xc0, 0xc0, 0xd0, 0xe0, 
	0xd0, 0xd0, 0xe0, 0xe0, 0xe0, 0xf0, 0xf0, 0xe0, 
	0xc0, 0xd0, 0xd0, 0xf0, 0xf0, 0xe0, 0xf0, 0xf0, 
	0xf0, 0xf0, 0xf0, 0xf0, 0xf0, 0xf0, 0xf0, 0xe0, 
	0xe0, 0xf0, 0xf0, 0xe0, 0xd0, 0xe0, 0xf0, 0xe0, 
	0xe0, 0xf0, 0xe0, 0xe0, 0xe0, 0xd0, 0xd0, 0xd0, 
	0xd0, 0xd0, 0xd0, 0xb0, 0xc0, 0xd0, 0xe0, 0xf0, 
	0xf0, 0xe0, 0xe0, 0xe0, 0xe0, 0xf0, 0xf0, 0xf0, 
	0xd0, 0xc0, 0xc0, 0xd0, 0xd0, 0xd0, 0xc0, 0xd0, 
	0xd0, 0xc0, 0xd0, 0xe0, 0xf0, 0xf0, 0xf0, 0xe0, 
	0xc0, 0xc0, 0xd0, 0xe0, 0xf0, 0xf0, 0xf0, 0xf0, 
	0xf0, 0xf0, 0xf0, 0xf0, 0xf0, 0xf0, 0xf0, 0xe0, 
	0xd0, 0xf0, 0xf0, 0xe0, 0xd0, 0xd0, 0xe0, 0xe0, 
	0xf0, 0xf0, 0xf0, 0xf0, 0xf0, 0xc0, 0xc0, 0xd0, 
	0xe0, 0xd0, 0xc0, 0xb0, 0xb0, 0xc0, 0xe0, 0xf0, 
	0xf0, 0xd0, 0xd0, 0xe0, 0xe0, 0xf0, 0xf0, 0xd0, 
	0xd0, 0xd0, 0xc0, 0xc0, 0xd0, 0xc0, 0xb0, 0xd0, 
	0xc0, 0xb0, 0xc0, 0xe0, 0xf0, 0xf0, 0xf0, 0xf0, 
	0xd0, 0xc0, 0xc0, 0xc0, 0xd0, 0xf0, 0xf0, 0xf0, 
	0xf0, 0xe0, 0xd0, 0xe0, 0xf0, 0xf0, 0xe0, 0xe0, 
	0xd0, 0xf0, 0xf0, 0xf0, 0xe0, 0xd0, 0xe0, 0xf0, 
	0xf0, 0xf0, 0xf0, 0xf0, 0xe0, 0xc0, 0xc0, 0xd0, 
	0xd0, 0xc0, 0xc0, 0xc0, 0xb0, 0xc0, 0xe0, 0xf0, 
	0xf0, 0xe0, 0xe0, 0xe0, 0xe0, 0xe0, 0xe0, 0xd0, 
	0xe0, 0xe0, 0xd0, 0xd0, 0xd0, 0xd0, 0xd0, 0xd0, 
	0xd0, 0xb0, 0xb0, 0xc0, 0xd0, 0xe0, 0xe0, 0xf0, 
	0xe0, 0xd0, 0xd0, 0xd0, 0xd0, 0xf0, 0xf0, 0xf0, 
	0xf0, 0xe0, 0xd0, 0xe0, 0xe0, 0xe0, 0xf0, 0xf0, 
	0xe0, 0xe0, 0xf0, 0xf0, 0xf0, 0xd0, 0xc0, 0xe0, 
	0xd0, 0xe0, 0xf0, 0xf0, 0xe0, 0xc0, 0xc0, 0xd0, 
	0xd0, 0xd0, 0xf0, 0xe0, 0xc0, 0xd0, 0xe0, 0xe0, 
	0xf0, 0xf0, 0xf0, 0xf0, 0xe0, 0xd0, 0xd0, 0xe0, 
	0xf0, 0xe0, 0xd0, 0xd0, 0xc0, 0xd0, 0xe0, 0xd0, 
	0xd0, 0xb0, 0xc0, 0xc0, 0xd0, 0xe0, 0xe0, 0xe0, 
	0xf0, 0xe0, 0xe0, 0xf0, 0xe0, 0xe0, 0xf0, 0xf0, 
	0xd0, 0xd0, 0xe0, 0xe0, 0xf0, 0xe0, 0xe0, 0xe0, 
	0xe0, 0xd0, 0xe0, 0xf0, 0xf0, 0xe0, 0xc0, 0xe0, 
	0xe0, 0xe0, 0xe0, 0xe0, 0xd0, 0xd0, 0xb0, 0xc0, 
	0xd0, 0xe0, 0xf0, 0xf0, 0xf0, 0xf0, 0xd0, 0xd0, 
	0xf0, 0xf0, 0xf0, 0xf0, 0xd0, 0xd0, 0xe0, 0xf0, 
	0xe0, 0xc0, 0xc0, 0xb0, 0xb0, 0xc0, 0xd0, 0xd0, 
	0xd0, 0xd0, 0xd0, 0xe0, 0xe0, 0xe0, 0xf0, 0xf0, 
	0xf0, 0xe0, 0xf0, 0xf0, 0xf0, 0xf0, 0xf0, 0xe0, 
	0xe0, 0xf0, 0xf0, 0xf0, 0xf0, 0xf0, 0xf0, 0xd0, 
	0xc0, 0xc0, 0xd0, 0xe0, 0xe0, 0xe0, 0xd0, 0xe0, 
	0xe0, 0xe0, 0xe0, 0xd0, 0xd0, 0xd0, 0xb0, 0xa0, 
	0xc0, 0xe0, 0xf0, 0xf0, 0xf0, 0xf0, 0xd0, 0xc0, 
	0xc0, 0xe0, 0xf0, 0xf0, 0xe0, 0xd0, 0xe0, 0xe0, 
	0xe0, 0xc0, 0xc0, 0xb0, 0xb0, 0xb0, 0xc0, 0xc0, 
	0xd0, 0xf0, 0xf0, 0xf0, 0xf0, 0xf0, 0xf0, 0xf0, 
	0xf0, 0xf0, 0xf0, 0xf0, 0xf0, 0xf0, 0xe0, 0xf0, 
	0xf0, 0xf0, 0xf0, 0xf0, 0xf0, 0xf0, 0xf0, 0xe0, 
	0xc0, 0xc0, 0xc0, 0xc0, 0xd0, 0xe0, 0xe0, 0xf0, 
	0xf0, 0xe0, 0xd0, 0xc0, 0xb0, 0xc0, 0xc0, 0xb0, 
	0xc0, 0xd0, 0xe0, 0xe0, 0xf0, 0xf0, 0xf0, 0xe0, 
	0xd0, 0xd0, 0xd0, 0xe0, 0xe0, 0xd0, 0xd0, 0xd0, 
	0xe0, 0xd0, 0xc0, 0xc0, 0xc0, 0xc0, 0xa0, 0xb0, 
	0xd0, 0xe0, 0xf0, 0xf0, 0xf0, 0xf0, 0xf0, 0xf0, 
	0xf0, 0xf0, 0xf0, 0xf0, 0xf0, 0xf0, 0xf0, 0xf0, 
	0xf0, 0xf0, 0xf0, 0xf0, 0xf0, 0xe0, 0xe0, 0xe0, 
	0xd0, 0xc0, 0xc0, 0xb0, 0xb0, 0xd0, 0xe0, 0xe0, 
	0xe0, 0xe0, 0xd0, 0xc0, 0xb0, 0xd0, 0xe0, 0xd0, 
	0xb0, 0xb0, 0xc0, 0xd0, 0xd0, 0xe0, 0xf0, 0xf0, 
	0xe0, 0xe0, 0xd0, 0xc0, 0xe0, 0xd0, 0xc0, 0xd0, 
	0xe0, 0xe0, 0xd0, 0xd0, 0xd0, 0xc0, 0xb0, 0xc0, 
	0xd0, 0xe0, 0xf0, 0xf0, 0xf0, 0xf0, 0xf0, 0xf0, 
	0xf0, 0xf0, 0xf0, 0xf0, 0xf0, 0xf0, 0xf0, 0xe0, 
	0xf0, 0xf0, 0xf0, 0xf0, 0xe0, 0xe0, 0xe0, 0xe0, 
	0xe0, 0xd0, 0xc0, 0xb0, 0xa0, 0xc0, 0xd0, 0xc0, 
	0xc0, 0xd0, 0xc0, 0xb0, 0xc0, 0xe0, 0xf0, 0xd0, 
	0xb0, 0xb0, 0xb0, 0xb0, 0xc0, 0xd0, 0xe0, 0xe0, 
	0xe0, 0xe0, 0xd0, 0xd0, 0xe0, 0xe0, 0xc0, 0xc0, 
	0xd0, 0xe0, 0xe0, 0xd0, 0xd0, 0xc0, 0xc0, 0xc0, 
	0xe0, 0xf0, 0xf0, 0xf0, 0xf0, 0xf0, 0xf0, 0xf0, 
	0xe0, 0xe0, 0xe0, 0xf0, 0xf0, 0xf0, 0xf0, 0xf0, 
	0xf0, 0xf0, 0xf0, 0xe0, 0xd0, 0xd0, 0xe0, 0xf0, 
	0xe0, 0xe0, 0xc0, 0xb0, 0xb0, 0xc0, 0xd0, 0xc0, 
	0xb0, 0xb0, 0xb0, 0xb0, 0xd0, 0xe0, 0xe0, 0xd0, 
	0xd0, 0xd0, 0xb0, 0xa0, 0xc0, 0xd0, 0xd0, 0xc0, 
	0xc0, 0xd0, 0xe0, 0xe0, 0xe0, 0xf0, 0xe0, 0xe0, 
	0xe0, 0xe0, 0xe0, 0xd0, 0xd0, 0xd0, 0xe0, 0xd0, 
	0xe0, 0xf0, 0xf0, 0xe0, 0xe0, 0xf0, 0xf0, 0xf0, 
	0xe0, 0xf0, 0xf0, 0xf0, 0xf0, 0xf0, 0xf0, 0xf0, 
	0xf0, 0xf0, 0xf0, 0xf0, 0xe0, 0xd0, 0xe0, 0xf0, 
	0xe0, 0xc0, 0xb0, 0xc0, 0xc0, 0xc0, 0xd0, 0xd0, 
	0xc0, 0xc0, 0xc0, 0xd0, 0xe0, 0xe0, 0xd0, 0xd0, 
	0xe0, 0xe0, 0xc0, 0xc0, 0xd0, 0xd0, 0xd0, 0xd0, 
	0xc0, 0xc0, 0xd0, 0xe0, 0xd0, 0xf0, 0xf0, 0xf0, 
	0xf0, 0xf0, 0xf0, 0xf0, 0xf0, 0xf0, 0xf0, 0xe0, 
	0xe0, 0xe0, 0xf0, 0xe0, 0xe0, 0xe0, 0xe0, 0xf0, 
	
};

Gfx rgardenhall_grass_ci8_aligner[] = {gsSPEndDisplayList()};
u8 rgardenhall_grass_ci8[] = {
	0x00, 0x00, 0x00, 0x00, 0x01, 0x01, 0x01, 0x02, 
	0x03, 0x04, 0x04, 0x04, 0x04, 0x05, 0x05, 0x04, 
	0x03, 0x06, 0x07, 0x06, 0x08, 0x09, 0x0a, 0x0b, 
	0x0b, 0x0a, 0x0a, 0x09, 0x09, 0x09, 0x02, 0x02, 
	0x0c, 0x0d, 0x0e, 0x0e, 0x01, 0x01, 0x01, 0x02, 
	0x0f, 0x04, 0x04, 0x04, 0x05, 0x10, 0x10, 0x0a, 
	0x04, 0x03, 0x06, 0x06, 0x06, 0x08, 0x09, 0x0a, 
	0x0a, 0x0a, 0x09, 0x03, 0x03, 0x0a, 0x03, 0x00, 
	0x0e, 0x11, 0x11, 0x0e, 0x01, 0x01, 0x06, 0x02, 
	0x0f, 0x04, 0x10, 0x12, 0x13, 0x10, 0x14, 0x10, 
	0x0a, 0x03, 0x06, 0x06, 0x06, 0x08, 0x03, 0x09, 
	0x09, 0x09, 0x08, 0x15, 0x15, 0x03, 0x09, 0x02, 
	0x01, 0x11, 0x16, 0x0e, 0x06, 0x06, 0x02, 0x17, 
	0x18, 0x18, 0x19, 0x1a, 0x1b, 0x1c, 0x0b, 0x0b, 
	0x0a, 0x1d, 0x08, 0x08, 0x08, 0x03, 0x09, 0x09, 
	0x1e, 0x08, 0x07, 0x1f, 0x06, 0x03, 0x09, 0x02, 
	0x02, 0x01, 0x07, 0x07, 0x20, 0x06, 0x06, 0x02, 
	0x02, 0x1a, 0x21, 0x22, 0x23, 0x1b, 0x0a, 0x0a, 
	0x1a, 0x24, 0x25, 0x09, 0x09, 0x09, 0x09, 0x09, 
	0x1e, 0x08, 0x06, 0x01, 0x01, 0x02, 0x03, 0x03, 
	0x03, 0x06, 0x07, 0x07, 0x20, 0x06, 0x06, 0x06, 
	0x00, 0x00, 0x26, 0x27, 0x26, 0x28, 0x0a, 0x1d, 
	0x0a, 0x1d, 0x09, 0x04, 0x04, 0x0a, 0x03, 0x29, 
	0x03, 0x03, 0x06, 0x06, 0x06, 0x02, 0x03, 0x03, 
	0x02, 0x06, 0x06, 0x20, 0x20, 0x06, 0x01, 0x01, 
	0x0e, 0x0e, 0x0e, 0x0e, 0x01, 0x02, 0x09, 0x1d, 
	0x2a, 0x0a, 0x0a, 0x04, 0x02, 0x2b, 0x2c, 0x05, 
	0x00, 0x2d, 0x02, 0x03, 0x02, 0x06, 0x02, 0x02, 
	0x06, 0x06, 0x06, 0x06, 0x06, 0x06, 0x01, 0x0e, 
	0x11, 0x11, 0x11, 0x0e, 0x01, 0x06, 0x03, 0x1d, 
	0x1d, 0x0a, 0x0a, 0x0f, 0x02, 0x2c, 0x0f, 0x2e, 
	0x2f, 0x0d, 0x0f, 0x04, 0x03, 0x06, 0x01, 0x01, 
	0x0e, 0x01, 0x06, 0x08, 0x03, 0x03, 0x02, 0x0e, 
	0x11, 0x30, 0x31, 0x32, 0x01, 0x06, 0x03, 0x09, 
	0x33, 0x0a, 0x0a, 0x0f, 0x11, 0x00, 0x05, 0x2c, 
	0x34, 0x2f, 0x05, 0x04, 0x03, 0x01, 0x01, 0x01, 
	0x01, 0x01, 0x02, 0x09, 0x09, 0x04, 0x0f, 0x02, 
	0x35, 0x1f, 0x36, 0x07, 0x06, 0x08, 0x03, 0x09, 
	0x1d, 0x0a, 0x04, 0x2c, 0x37, 0x2d, 0x10, 0x38, 
	0x37, 0x05, 0x04, 0x03, 0x03, 0x02, 0x00, 0x01, 
	0x00, 0x01, 0x03, 0x04, 0x0a, 0x0a, 0x0a, 0x0f, 
	0x06, 0x35, 0x20, 0x08, 0x08, 0x03, 0x03, 0x09, 
	0x09, 0x09, 0x04, 0x02, 0x2c, 0x2c, 0x10, 0x38, 
	0x0b, 0x10, 0x0f, 0x39, 0x03, 0x03, 0x02, 0x00, 
	0x02, 0x03, 0x04, 0x0a, 0x10, 0x10, 0x10, 0x0a, 
	0x09, 0x06, 0x3a, 0x1e, 0x09, 0x09, 0x09, 0x09, 
	0x09, 0x09, 0x03, 0x02, 0x0f, 0x04, 0x10, 0x0b, 
	0x0b, 0x10, 0x04, 0x04, 0x0a, 0x04, 0x0f, 0x0f, 
	0x04, 0x04, 0x04, 0x10, 0x10, 0x10, 0x10, 0x10, 
	0x04, 0x03, 0x03, 0x09, 0x03, 0x09, 0x09, 0x09, 
	0x09, 0x09, 0x0f, 0x0f, 0x0f, 0x04, 0x10, 0x0b, 
	0x0b, 0x0b, 0x10, 0x10, 0x10, 0x10, 0x05, 0x04, 
	0x04, 0x04, 0x04, 0x10, 0x10, 0x3b, 0x19, 0x04, 
	0x04, 0x04, 0x04, 0x04, 0x09, 0x04, 0x1d, 0x1d, 
	0x0a, 0x04, 0x04, 0x04, 0x04, 0x0a, 0x0b, 0x0b, 
	0x0b, 0x2a, 0x0b, 0x0b, 0x0b, 0x10, 0x10, 0x0a, 
	0x09, 0x09, 0x04, 0x0a, 0x19, 0x3c, 0x3d, 0x0f, 
	0x05, 0x10, 0x10, 0x0a, 0x09, 0x3e, 0x3f, 0x0a, 
	0x0a, 0x10, 0x10, 0x10, 0x10, 0x0a, 0x0a, 0x0a, 
	0x2a, 0x2a, 0x2a, 0x0a, 0x0a, 0x0a, 0x0a, 0x0a, 
	0x25, 0x25, 0x17, 0x25, 0x25, 0x04, 0x0f, 0x0f, 
	0x10, 0x10, 0x38, 0x0b, 0x0a, 0x1d, 0x33, 0x2a, 
	0x0b, 0x38, 0x38, 0x10, 0x10, 0x0f, 0x40, 0x0a, 
	0x0a, 0x33, 0x2a, 0x03, 0x0a, 0x0a, 0x0a, 0x04, 
	0x17, 0x17, 0x26, 0x0c, 0x00, 0x02, 0x17, 0x04, 
	0x10, 0x38, 0x0b, 0x0b, 0x2a, 0x2a, 0x41, 0x2a, 
	0x2a, 0x0b, 0x10, 0x2b, 0x00, 0x18, 0x42, 0x08, 
	0x30, 0x1d, 0x1d, 0x1d, 0x1d, 0x0a, 0x0a, 0x25, 
	0x17, 0x26, 0x26, 0x00, 0x03, 0x35, 0x0f, 0x0f, 
	0x10, 0x0b, 0x0b, 0x0a, 0x3f, 0x0b, 0x2a, 0x43, 
	0x1d, 0x0a, 0x04, 0x0f, 0x00, 0x2d, 0x06, 0x40, 
	0x08, 0x1d, 0x09, 0x1d, 0x2a, 0x1d, 0x0a, 0x03, 
	0x02, 0x2c, 0x2c, 0x05, 0x35, 0x04, 0x00, 0x2d, 
	0x05, 0x0b, 0x0b, 0x43, 0x1a, 0x1d, 0x1d, 0x44, 
	0x45, 0x1e, 0x08, 0x31, 0x40, 0x46, 0x46, 0x46, 
	0x08, 0x2b, 0x03, 0x09, 0x1d, 0x1d, 0x04, 0x03, 
	0x0f, 0x0f, 0x05, 0x04, 0x04, 0x40, 0x10, 0x10, 
	0x05, 0x10, 0x04, 0x08, 0x1e, 0x46, 0x46, 0x1e, 
	0x08, 0x08, 0x3a, 0x3a, 0x1e, 0x06, 0x35, 0x06, 
	0x03, 0x00, 0x03, 0x0a, 0x0b, 0x0b, 0x0a, 0x0f, 
	0x04, 0x05, 0x05, 0x0f, 0x02, 0x09, 0x02, 0x2b, 
	0x10, 0x05, 0x03, 0x06, 0x08, 0x47, 0x1e, 0x1e, 
	0x1e, 0x08, 0x08, 0x1e, 0x09, 0x1d, 0x09, 0x02, 
	0x2c, 0x2c, 0x04, 0x10, 0x0b, 0x0b, 0x2a, 0x0a, 
	0x0f, 0x04, 0x0f, 0x02, 0x06, 0x08, 0x09, 0x0a, 
	0x10, 0x04, 0x03, 0x06, 0x06, 0x08, 0x1e, 0x09, 
	0x09, 0x25, 0x45, 0x03, 0x09, 0x03, 0x03, 0x02, 
	0x02, 0x03, 0x04, 0x3e, 0x0b, 0x0b, 0x0a, 0x03, 
	0x02, 0x0f, 0x03, 0x06, 0x01, 0x06, 0x42, 0x0a, 
	0x0a, 0x04, 0x03, 0x06, 0x06, 0x03, 0x09, 0x09, 
	0x09, 0x25, 0x25, 0x25, 0x03, 0x02, 0x02, 0x02, 
	0x03, 0x03, 0x03, 0x0a, 0x2a, 0x0a, 0x09, 0x06, 
	0x03, 0x03, 0x06, 0x06, 0x06, 0x03, 0x48, 0x04, 
	0x0a, 0x0a, 0x09, 0x03, 0x03, 0x03, 0x04, 0x04, 
	0x04, 0x19, 0x18, 0x18, 0x0f, 0x02, 0x01, 0x01, 
	0x01, 0x06, 0x01, 0x03, 0x1d, 0x0a, 0x1d, 0x09, 
	0x04, 0x03, 0x06, 0x02, 0x03, 0x0f, 0x0f, 0x04, 
	0x04, 0x0a, 0x0a, 0x04, 0x04, 0x04, 0x04, 0x04, 
	0x1a, 0x04, 0x19, 0x04, 0x0f, 0x02, 0x01, 0x32, 
	0x32, 0x00, 0x00, 0x03, 0x0a, 0x2a, 0x0a, 0x0a, 
	0x04, 0x04, 0x03, 0x0f, 0x04, 0x05, 0x05, 0x2f, 
	0x2f, 0x05, 0x10, 0x0a, 0x0a, 0x04, 0x04, 0x04, 
	0x04, 0x1a, 0x0a, 0x0a, 0x0a, 0x03, 0x01, 0x31, 
	0x30, 0x01, 0x00, 0x2c, 0x04, 0x0a, 0x0a, 0x0a, 
	0x04, 0x04, 0x0f, 0x05, 0x05, 0x10, 0x05, 0x2c, 
	0x37, 0x2f, 0x05, 0x0a, 0x0a, 0x0a, 0x04, 0x1a, 
	0x25, 0x19, 0x0a, 0x0a, 0x0a, 0x04, 0x02, 0x07, 
	0x07, 0x0e, 0x0e, 0x02, 0x0f, 0x04, 0x04, 0x0a, 
	0x04, 0x04, 0x10, 0x05, 0x13, 0x05, 0x04, 0x37, 
	0x49, 0x4a, 0x2c, 0x04, 0x0a, 0x0a, 0x0a, 0x09, 
	0x43, 0x4b, 0x0a, 0x0a, 0x0a, 0x0f, 0x29, 0x0e, 
	0x2d, 0x01, 0x02, 0x02, 0x2c, 0x02, 0x0f, 0x04, 
	0x04, 0x05, 0x4b, 0x13, 0x1a, 0x23, 0x10, 0x02, 
	0x0d, 0x0d, 0x00, 0x03, 0x04, 0x0a, 0x0a, 0x09, 
	0x09, 0x1d, 0x0a, 0x0a, 0x0a, 0x04, 0x0a, 0x09, 
	0x1e, 0x09, 0x03, 0x03, 0x02, 0x02, 0x02, 0x0f, 
	0x0f, 0x04, 0x10, 0x13, 0x1b, 0x18, 0x04, 0x03, 
	0x02, 0x02, 0x02, 0x03, 0x03, 0x09, 0x09, 0x09, 
	0x09, 0x09, 0x0a, 0x0a, 0x0a, 0x10, 0x0a, 0x02, 
	0x2d, 0x00, 0x02, 0x0f, 0x03, 0x02, 0x02, 0x03, 
	0x0f, 0x04, 0x0a, 0x04, 0x0f, 0x02, 0x02, 0x02, 
	0x03, 0x03, 0x03, 0x03, 0x06, 0x03, 0x0f, 0x0f, 
	0x03, 0x06, 0x03, 0x04, 0x0a, 0x0a, 0x04, 0x0f, 
	0x04, 0x0f, 0x04, 0x04, 0x0f, 0x02, 0x02, 0x02, 
	0x2c, 0x0f, 0x0f, 0x0f, 0x02, 0x01, 0x01, 0x06, 
	0x03, 0x03, 0x03, 0x03, 0x03, 0x0f, 0x04, 0x0f, 
	0x03, 0x01, 0x06, 0x03, 0x09, 0x19, 0x04, 0x0a, 
	0x0a, 0x0a, 0x0a, 0x04, 0x04, 0x03, 0x02, 0x02, 
	
};

Gfx rgardenhall_grass_pal_rgba16_aligner[] = {gsSPEndDisplayList()};
u8 rgardenhall_grass_pal_rgba16[] = {
	0x4e, 0x41, 0x4e, 0x81, 0x46, 0x41, 0x3e, 0x41, 
	0x36, 0x01, 0x35, 0xc1, 0x46, 0x81, 0x4e, 0xc1, 
	0x3e, 0x81, 0x36, 0x41, 0x2e, 0x01, 0x25, 0xc1, 
	0x56, 0x43, 0x56, 0x41, 0x56, 0x81, 0x3e, 0x01, 
	0x2d, 0xc1, 0x5e, 0x81, 0x3d, 0xc3, 0x35, 0xc3, 
	0x2d, 0xc3, 0x46, 0x83, 0x5e, 0x83, 0x46, 0x43, 
	0x3e, 0x03, 0x36, 0x03, 0x7e, 0x99, 0x3e, 0x05, 
	0x36, 0x05, 0x2e, 0x41, 0x36, 0x81, 0x4e, 0x83, 
	0x46, 0xc1, 0x46, 0x03, 0x46, 0x05, 0x46, 0x07, 
	0x56, 0x8d, 0x3e, 0x43, 0x4e, 0x43, 0x76, 0x95, 
	0x46, 0x45, 0x76, 0xc1, 0x26, 0x01, 0x66, 0x81, 
	0x46, 0x01, 0x86, 0xc1, 0x76, 0x81, 0x3d, 0xc1, 
	0x66, 0xc1, 0x5e, 0xc1, 0x56, 0xc1, 0x26, 0x41, 
	0x6e, 0x81, 0x87, 0x01, 0x56, 0xc3, 0x4e, 0x01, 
	0x25, 0x81, 0x5e, 0x4d, 0x3e, 0xc1, 0x3e, 0x07, 
	0x86, 0x9b, 0x4e, 0x47, 0x76, 0x97, 0x2e, 0x03, 
	0x6e, 0xc1, 0x1d, 0xc1, 0x3e, 0x45, 0x36, 0x43, 
	0x46, 0x87, 0x3e, 0x83, 0x2e, 0x81, 0x36, 0xc1, 
	0x6e, 0x91, 0x8f, 0x01, 0x5e, 0x41, 0x6e, 0x55, 
	
};

Gfx rgardenhall_flowerside_rgba16_aligner[] = {gsSPEndDisplayList()};
u8 rgardenhall_flowerside_rgba16[] = {
	0xee, 0x0f, 0xed, 0xcb, 0xee, 0x0f, 0xd5, 0x8f, 
	0xd5, 0x15, 0x8b, 0x4f, 0x73, 0x4b, 0xc5, 0x0d, 
	0x9c, 0x8b, 0x93, 0xcd, 0xf6, 0x0f, 0xf6, 0x0b, 
	0xf5, 0xc9, 0xd5, 0x8f, 0xee, 0x0d, 0xf5, 0xcb, 
	0xf6, 0x0f, 0xdd, 0x8b, 0xe5, 0x8b, 0xd5, 0x0d, 
	0xf6, 0x0d, 0xf6, 0x13, 0xf5, 0xd3, 0xf5, 0xd3, 
	0xf6, 0x0d, 0xf6, 0x0d, 0xf6, 0x0d, 0xf6, 0x0f, 
	0xf6, 0x0d, 0xf6, 0x0b, 0xb4, 0x8b, 0xcd, 0x0b, 
	0xf6, 0x0d, 0xcd, 0x0d, 0xcd, 0x0d, 0x7b, 0x8d, 
	0xac, 0x8b, 0x94, 0x0d, 0xe5, 0x8d, 0xf6, 0x53, 
	0x7c, 0x0d, 0x9c, 0x8f, 0xd5, 0x4d, 0x93, 0xc9, 
	0xf5, 0xc7, 0xed, 0x89, 0x9c, 0x8d, 0xdd, 0x8d, 
	0xdd, 0x8d, 0xd5, 0x4b, 0xe5, 0xcd, 0xf6, 0x0f, 
	0xf5, 0xd3, 0xec, 0x1d, 0xeb, 0x9d, 0xec, 0x1b, 
	0xf5, 0xd1, 0xd5, 0x4d, 0xee, 0x0f, 0xf6, 0x4f, 
	0xf6, 0x0b, 0xed, 0xcf, 0xa4, 0x8f, 0x93, 0xcb, 
	0xa4, 0x4d, 0xbc, 0xcd, 0x9c, 0x8d, 0x8b, 0xcb, 
	0x6b, 0x0b, 0x52, 0x89, 0xc4, 0xcb, 0xf6, 0x0b, 
	0xac, 0xcb, 0x8c, 0x4d, 0xdd, 0x4d, 0xac, 0x8f, 
	0xc4, 0xcb, 0xf6, 0x0d, 0x9c, 0x8d, 0xbc, 0xcb, 
	0xcd, 0x51, 0xc5, 0x0d, 0xf6, 0x0d, 0xed, 0x91, 
	0xf5, 0x95, 0xec, 0x61, 0xeb, 0xe1, 0xe4, 0x1f, 
	0xcc, 0x95, 0xe5, 0x93, 0xf5, 0xcd, 0xf6, 0x0b, 
	0xf6, 0x0f, 0xf6, 0x0f, 0xed, 0xd1, 0xbc, 0xcd, 
	0xa4, 0x8d, 0x93, 0xcb, 0xdd, 0x8b, 0xd5, 0x4d, 
	0x94, 0x0d, 0x73, 0x0d, 0xbc, 0xcf, 0xdd, 0x4b, 
	0xf6, 0x0d, 0xbc, 0xcd, 0xf6, 0x0f, 0xf6, 0x0d, 
	0xdd, 0x8d, 0xf6, 0x4b, 0xf6, 0x0d, 0xee, 0x0f, 
	0xd5, 0x4f, 0x94, 0x8d, 0xdd, 0x53, 0xe3, 0xdb, 
	0xec, 0x1f, 0xf6, 0xb5, 0xf7, 0x39, 0xf6, 0xb5, 
	0xec, 0x5f, 0xec, 0x1d, 0xf5, 0xd3, 0xcd, 0x0d, 
	0xf5, 0xcf, 0xf5, 0xcd, 0xf5, 0xcd, 0xf6, 0x0d, 
	0xf6, 0x0d, 0xe5, 0xcf, 0xf5, 0xcb, 0xcd, 0x8f, 
	0x6c, 0x0f, 0x83, 0x8d, 0xed, 0x89, 0xf5, 0xc9, 
	0xf6, 0x0b, 0xbc, 0xcd, 0xac, 0x8b, 0xf6, 0x0b, 
	0xf6, 0x0b, 0xf6, 0x0d, 0xbc, 0xcf, 0xd5, 0x4d, 
	0xc4, 0xcb, 0x8c, 0x0b, 0xdd, 0x4f, 0xd3, 0x9b, 
	0xe4, 0x1f, 0xf6, 0xb5, 0xf7, 0x39, 0xf6, 0xb5, 
	0xe4, 0x1f, 0xe4, 0x1b, 0xf5, 0xd3, 0xa4, 0x8f, 
	0xe5, 0x4d, 0xcc, 0xcf, 0xd5, 0x0f, 0xc5, 0x0b, 
	0xcd, 0x8d, 0xc5, 0x0f, 0xa4, 0x8b, 0x9d, 0x13, 
	0x64, 0x13, 0x94, 0x8d, 0xb4, 0x89, 0xdd, 0x09, 
	0xed, 0x89, 0xcd, 0x4d, 0x7b, 0x8b, 0xd5, 0x49, 
	0xcd, 0x0b, 0xe5, 0x8b, 0x94, 0x4d, 0xac, 0xcf, 
	0x9c, 0x8b, 0xac, 0x8b, 0xe5, 0x89, 0xdd, 0x0f, 
	0xac, 0x17, 0xdb, 0xdf, 0xeb, 0xe1, 0xec, 0x61, 
	0xf5, 0x97, 0xbc, 0x91, 0xf6, 0x0d, 0x9c, 0x8f, 
	0x8c, 0x4d, 0xcd, 0x51, 0x83, 0x8d, 0x84, 0x4b, 
	0x42, 0x4b, 0x5a, 0xcb, 0x63, 0x8f, 0x43, 0xd5, 
	0x3b, 0x95, 0x64, 0x11, 0x6b, 0x4d, 0xac, 0x8b, 
	0xad, 0x0d, 0x74, 0x93, 0xb5, 0x0f, 0x84, 0x4d, 
	0x4b, 0x4f, 0x63, 0x8d, 0x7c, 0x0d, 0x6b, 0xcd, 
	0x94, 0x8d, 0x73, 0x4b, 0x94, 0x0d, 0xf5, 0xc9, 
	0xb4, 0x91, 0xbb, 0x19, 0xd3, 0x1b, 0xd3, 0x99, 
	0xed, 0x91, 0xf6, 0x0f, 0xf6, 0x0b, 0xac, 0x8f, 
	0x9c, 0x8f, 0xc4, 0xcd, 0x5a, 0x89, 0x63, 0x8b, 
	0x53, 0x8f, 0x6b, 0x8d, 0x5b, 0x4f, 0x22, 0xcf, 
	0x22, 0xcf, 0x4b, 0x91, 0x73, 0x8d, 0x7c, 0x0d, 
	0x5c, 0x11, 0x3b, 0xd7, 0x94, 0x91, 0x74, 0x55, 
	0x43, 0xd7, 0x84, 0x93, 0x7c, 0x4f, 0x84, 0x8f, 
	0x64, 0x11, 0x33, 0x0d, 0x6b, 0x8d, 0x94, 0x0d, 
	0x94, 0x4d, 0x6a, 0xcd, 0x5a, 0x4b, 0x73, 0x0d, 
	0xc5, 0x0b, 0xee, 0x13, 0xbd, 0x17, 0xac, 0x8d, 
	0xb4, 0xcf, 0xcd, 0x0d, 0x83, 0x8b, 0x53, 0x4b, 
	0x6c, 0x0f, 0x7c, 0x0f, 0x74, 0x11, 0x22, 0x8d, 
	0x1a, 0x0b, 0x5b, 0xd3, 0x7c, 0x11, 0x7c, 0x51, 
	0x5c, 0x15, 0x33, 0x55, 0x7c, 0x95, 0x5c, 0x15, 
	0x0a, 0x4b, 0x43, 0x8f, 0x74, 0x51, 0x53, 0xd1, 
	0x33, 0x11, 0x12, 0x4d, 0x3b, 0x0f, 0x53, 0x0b, 
	0xb4, 0xcd, 0xdd, 0xcd, 0xd5, 0x4d, 0xbc, 0xcd, 
	0xa4, 0x8d, 0x94, 0x91, 0x53, 0x91, 0x33, 0x0f, 
	0x6b, 0xcf, 0x63, 0x8d, 0x63, 0x0d, 0x4b, 0x8f, 
	0x74, 0x0f, 0x73, 0xd1, 0x4b, 0x51, 0x22, 0x4d, 
	0x12, 0x4d, 0x2a, 0xcf, 0x64, 0x55, 0x43, 0x4f, 
	0x22, 0xcd, 0x2b, 0x53, 0x2b, 0x11, 0x1a, 0x89, 
	0x0a, 0x4d, 0x1a, 0x8b, 0x3b, 0x4d, 0x3b, 0x4d, 
	0x2b, 0x0f, 0x12, 0x8d, 0x2a, 0xcf, 0x43, 0x4d, 
	0x8c, 0x51, 0x94, 0xd1, 0x94, 0xd3, 0xa5, 0x53, 
	0x8c, 0x93, 0x33, 0x4f, 0x33, 0x0f, 0x22, 0x8d, 
	0x2b, 0x0f, 0x3b, 0x8f, 0x43, 0x8f, 0x33, 0x4f, 
	0x33, 0x11, 0x3b, 0x11, 0x3a, 0xcf, 0x2a, 0x8f, 
	0x1a, 0x4d, 0x2a, 0x8f, 0x22, 0x8d, 0x33, 0x0f, 
	0x1a, 0x4b, 0x23, 0x13, 0x23, 0x11, 0x1a, 0x8d, 
	0x0a, 0x4d, 0x22, 0xcd, 0x33, 0x4f, 0x33, 0x51, 
	0x22, 0xcf, 0x1a, 0xcf, 0x1a, 0x8d, 0x1a, 0x8d, 
	0x3b, 0x11, 0x64, 0x55, 0x64, 0x97, 0x6c, 0x97, 
	0x64, 0x97, 0x2b, 0x0f, 0x1a, 0x8d, 0x2a, 0xcd, 
	0x22, 0xcf, 0x2b, 0x4f, 0x3b, 0x4d, 0x33, 0x4f, 
	0x2a, 0x8f, 0x2a, 0x8f, 0x22, 0x8f, 0x1a, 0x0b, 
	0x1a, 0x8f, 0x1a, 0x4d, 0x22, 0xd1, 0x1a, 0x8f, 
	0x1a, 0x8d, 0x23, 0x53, 0x1a, 0xcf, 0x23, 0x11, 
	0x23, 0x11, 0x2b, 0x51, 0x33, 0x93, 0x2b, 0x4f, 
	0x23, 0x11, 0x12, 0x8d, 0x12, 0x8d, 0x2a, 0xcd, 
	0x22, 0xcf, 0x1a, 0x8d, 0x1a, 0xcb, 0x23, 0x4f, 
	0x1b, 0x4f, 0x1b, 0x0d, 0x1a, 0xcd, 0x23, 0x11, 
	0x1a, 0xcf, 0x2b, 0x0f, 0x2b, 0x0d, 0x2b, 0x51, 
	0x22, 0x8f, 0x22, 0x8f, 0x22, 0xd1, 0x22, 0x8f, 
	0x22, 0x8f, 0x1a, 0x8f, 0x23, 0x13, 0x1a, 0xd1, 
	0x23, 0x13, 0x23, 0x13, 0x23, 0x11, 0x2b, 0x53, 
	0x2b, 0x55, 0x2b, 0x51, 0x33, 0x95, 0x1a, 0xcf, 
	0x23, 0x11, 0x1a, 0xd1, 0x12, 0x8d, 0x22, 0xcd, 
	0x2b, 0x11, 0x22, 0xcf, 0x1b, 0x0f, 0x23, 0x4f, 
	0x2b, 0x93, 0x2b, 0xd5, 0x1b, 0x0f, 0x1a, 0xd1, 
	0x23, 0x11, 0x23, 0x0f, 0x23, 0x0f, 0x2b, 0x91, 
	0x23, 0x11, 0x2b, 0x13, 0x22, 0xd1, 0x2a, 0xd1, 
	0x22, 0xd1, 0x22, 0xd1, 0x23, 0x13, 0x23, 0x53, 
	0x2b, 0x53, 0x23, 0x53, 0x23, 0x11, 0x2b, 0x55, 
	0x33, 0x97, 0x33, 0x95, 0x3b, 0x95, 0x23, 0x0f, 
	0x2b, 0x55, 0x23, 0x13, 0x1a, 0xcf, 0x23, 0x11, 
	0x2b, 0x53, 0x2b, 0x11, 0x23, 0x51, 0x23, 0x51, 
	0x33, 0xd7, 0x2c, 0x17, 0x1b, 0x11, 0x23, 0x53, 
	0x2b, 0x95, 0x23, 0x11, 0x23, 0x51, 0x2b, 0x93, 
	0x2b, 0x55, 0x33, 0x97, 0x22, 0xd1, 0x2a, 0xd3, 
	0x22, 0xd3, 0x2b, 0x13, 0x2b, 0x55, 0x23, 0x53, 
	0x2b, 0x55, 0x2b, 0x95, 0x33, 0xd7, 0x33, 0x95, 
	0x33, 0xd7, 0x3b, 0xd7, 0x33, 0x95, 0x3b, 0xd9, 
	0x2b, 0x55, 0x23, 0x13, 0x33, 0x97, 0x2b, 0x55, 
	0x33, 0x95, 0x23, 0x11, 0x2b, 0x95, 0x33, 0xd5, 
	0x2b, 0xd3, 0x33, 0xd7, 0x2b, 0x95, 0x2b, 0x97, 
	0x3b, 0xd9, 0x3b, 0xd9, 0x2b, 0x97, 0x34, 0x17, 
	0x33, 0xd9, 0x33, 0x97, 0x34, 0x19, 0x2b, 0x55, 
	0x2b, 0x13, 0x2b, 0x55, 0x2b, 0x55, 0x2b, 0x97, 
	0x2b, 0x55, 0x33, 0x97, 0x33, 0xd9, 0x33, 0xd9, 
	0x33, 0xd9, 0x3b, 0xd9, 0x3b, 0xd5, 0x3b, 0xd9, 
	0x33, 0x57, 0x23, 0x13, 0x33, 0x97, 0x33, 0xd9, 
	0x33, 0x55, 0x33, 0x55, 0x33, 0x55, 0x33, 0xd7, 
	0x33, 0xd7, 0x33, 0xd9, 0x34, 0x19, 0x33, 0x97, 
	0x34, 0x19, 0x33, 0xd9, 0x33, 0xd9, 0x3c, 0x9b, 
	0x3c, 0x5b, 0x33, 0x97, 0x34, 0x19, 0x34, 0x19, 
	0x33, 0xd9, 0x33, 0x97, 0x33, 0x97, 0x34, 0x19, 
	0x33, 0xd9, 0x2b, 0x97, 0x33, 0x99, 0x33, 0x97, 
	0x3b, 0xd9, 0x3b, 0xd9, 0x43, 0xd9, 0x33, 0xd9, 
	0x33, 0x57, 0x33, 0x57, 0x33, 0xd9, 0x33, 0xd9, 
	0x33, 0x97, 0x33, 0xd9, 0x33, 0xd9, 0x33, 0xd9, 
	0x33, 0xd9, 0x33, 0x97, 0x34, 0x19, 0x33, 0xd9, 
	0x3c, 0x19, 0x34, 0x19, 0x34, 0x19, 0x3c, 0xdd, 
	0x3c, 0x5b, 0x33, 0x97, 0x34, 0x19, 0x34, 0x19, 
	0x33, 0x97, 0x33, 0xd9, 0x33, 0x97, 0x34, 0x19, 
	0x33, 0xd9, 0x33, 0xd9, 0x33, 0x97, 0x33, 0x97, 
	0x3b, 0xd9, 0x3b, 0xd9, 0x44, 0x17, 0x33, 0xd9, 
	0x33, 0x57, 0x33, 0x57, 0x33, 0xd9, 0x33, 0xd9, 
	0x34, 0x19, 0x33, 0xd9, 0x33, 0xd9, 0x33, 0xd9, 
	0x33, 0xd9, 0x33, 0xd9, 0x3c, 0x59, 0x3c, 0x9b, 
	0x34, 0x57, 0x34, 0x99, 0x34, 0x99, 0x3d, 0x5d, 
	0x3c, 0x59, 0x33, 0xd9, 0x34, 0x19, 0x34, 0x5b, 
	0x33, 0xd9, 0x33, 0xd9, 0x33, 0xd9, 0x34, 0x19, 
	0x33, 0xd9, 0x33, 0xd9, 0x33, 0x97, 0x33, 0x97, 
	0x3b, 0xd9, 0x3b, 0xd9, 0x43, 0xd7, 0x33, 0x99, 
	0x33, 0x99, 0x33, 0x57, 0x33, 0xd9, 0x33, 0xd9, 
	0x3c, 0x19, 0x33, 0xd9, 0x33, 0xd9, 0x33, 0xd9, 
	0x33, 0xd9, 0x33, 0xd9, 0x3c, 0x9b, 0x3c, 0xdd, 
	0x34, 0x59, 0x34, 0x57, 0x3c, 0x9b, 0x45, 0x5f, 
	0x3c, 0x5b, 0x33, 0xd9, 0x3c, 0x19, 0x3c, 0x5b, 
	0x33, 0xd9, 0x33, 0xd9, 0x2c, 0x15, 0x33, 0xd9, 
	0x34, 0x19, 0x34, 0x19, 0x33, 0xd9, 0x33, 0x97, 
	0x3b, 0xd9, 0x33, 0xd7, 0x3b, 0xd9, 0x33, 0xd9, 
	0x34, 0x5b, 0x33, 0x97, 0x33, 0x97, 0x33, 0xd9, 
	0x34, 0x19, 0x33, 0xd9, 0x33, 0xd9, 0x33, 0xd9, 
	0x33, 0xd9, 0x34, 0x19, 0x3c, 0x9b, 0x3c, 0x9b, 
	0x33, 0xd9, 0x1c, 0x8b, 0x34, 0x57, 0x45, 0x5f, 
	0x3c, 0x5b, 0x33, 0xd9, 0x34, 0x19, 0x34, 0x5b, 
	0x34, 0x19, 0x33, 0xd9, 0x33, 0xd7, 0x2c, 0x15, 
	0x3c, 0x19, 0x3c, 0x19, 0x33, 0xd9, 0x3b, 0x97, 
	0x3c, 0x19, 0x34, 0x17, 0x3b, 0xd9, 0x33, 0xd9, 
	0x3c, 0x9d, 0x34, 0x19, 0x33, 0xd9, 0x33, 0xd9, 
	0x34, 0x19, 0x34, 0x17, 0x33, 0xd9, 0x33, 0xd9, 
	0x33, 0xd9, 0x34, 0x19, 0x3c, 0xdb, 0x3c, 0x59, 
	0x34, 0x19, 0x2c, 0x55, 0x34, 0x57, 0x45, 0x1d, 
	0x34, 0x97, 0x33, 0xd9, 0x34, 0x19, 0x34, 0x59, 
	0x34, 0x19, 0x33, 0xd9, 0x33, 0xd7, 0x24, 0x51, 
	0x3c, 0x5b, 0x3c, 0x1b, 0x3c, 0x19, 0x3b, 0xd9, 
	0x3c, 0x19, 0x24, 0x8f, 0x33, 0xd9, 0x33, 0xd9, 
	0x3c, 0xdd, 0x3c, 0x59, 0x33, 0xd9, 0x33, 0xd9, 
	0x34, 0x19, 0x34, 0x17, 0x33, 0xd9, 0x33, 0xd9, 
	0x33, 0xd9, 0x2c, 0x55, 0x34, 0xd9, 0x3c, 0x99, 
	0x34, 0x19, 0x33, 0xd9, 0x34, 0x57, 0x3c, 0x99, 
	0x2c, 0x93, 0x2c, 0x15, 0x3c, 0x19, 0x34, 0x59, 
	0x34, 0x57, 0x33, 0xd9, 0x2c, 0x15, 0x24, 0x51, 
	0x3c, 0x5b, 0x3c, 0x5b, 0x3c, 0x59, 0x3c, 0x19, 
	0x3c, 0x19, 0x2c, 0x53, 0x33, 0xd9, 0x3b, 0xd9, 
	0x3c, 0xdd, 0x3c, 0x99, 0x34, 0x19, 0x34, 0x57, 
	0x34, 0x19, 0x2c, 0x53, 0x33, 0xd9, 0x33, 0xd9, 
	0x33, 0xd9, 0x24, 0x91, 0x34, 0x97, 0x3c, 0x9b, 
	0x34, 0x19, 0x24, 0x8f, 0x34, 0x97, 0x24, 0x91, 
	0x1c, 0x8d, 0x2c, 0x53, 0x34, 0x19, 0x2c, 0x95, 
	0x34, 0x55, 0x34, 0x19, 0x24, 0x91, 0x2c, 0x95, 
	0x3c, 0x9b, 0x3c, 0x9b, 0x3c, 0x59, 0x34, 0x59, 
	0x34, 0x17, 0x1c, 0x8b, 0x34, 0x19, 0x33, 0xd9, 
	0x3c, 0xdd, 0x3c, 0x9b, 0x33, 0xd9, 0x2c, 0x95, 
	0x34, 0x19, 0x2c, 0x15, 0x34, 0x19, 0x33, 0xd9, 
	0x24, 0x91, 0x2c, 0x95, 0x3c, 0xdb, 0x3c, 0x9b, 
	0x34, 0x19, 0x1c, 0x8d, 0x34, 0x97, 0x1c, 0x8f, 
	0x24, 0x8f, 0x24, 0x51, 0x3c, 0x19, 0x34, 0x97, 
	0x2c, 0x55, 0x34, 0x57, 0x24, 0x4f, 0x2c, 0x93, 
	0x3c, 0x9b, 0x3c, 0x9b, 0x3c, 0x9b, 0x34, 0x99, 
	0x34, 0x17, 0x2c, 0x95, 0x34, 0x97, 0x34, 0x19, 
	0x3c, 0x9b, 0x3c, 0x59, 0x34, 0x17, 0x2c, 0x95, 
	0x2c, 0x55, 0x2c, 0x53, 0x34, 0x59, 0x33, 0xd9, 
	0x24, 0x8f, 0x25, 0x11, 0x3c, 0xdb, 0x34, 0x57, 
	0x34, 0x19, 0x24, 0x91, 0x34, 0x97, 0x24, 0x8f, 
	0x2c, 0x95, 0x1c, 0x8d, 0x34, 0x99, 0x24, 0x8f, 
	0x2c, 0x93, 0x34, 0x19, 0x1c, 0x8f, 0x2c, 0x95, 
	0x2c, 0x95, 0x3c, 0x9b, 0x3c, 0x9b, 0x34, 0x99, 
	0x2c, 0x55, 0x24, 0x8f, 0x1c, 0x8b, 0x33, 0xd9, 
	0x34, 0x99, 0x2c, 0x93, 0x33, 0xd9, 0x2c, 0x95, 
	0x2c, 0x53, 0x24, 0x91, 0x34, 0x97, 0x33, 0xd9, 
	0x34, 0x19, 0x1c, 0x8d, 0x3d, 0x1b, 0x3c, 0x9b, 
	0x34, 0x97, 0x24, 0x91, 0x1c, 0x8b, 0x1c, 0x8b, 
	0x1c, 0x8d, 0x24, 0x93, 0x24, 0x8f, 0x2c, 0x93, 
	0x34, 0x57, 0x2c, 0x95, 0x1c, 0x8d, 0x24, 0xd1, 
	0x24, 0x8f, 0x34, 0x97, 0x2c, 0x93, 0x3c, 0x99, 
	0x2c, 0x95, 0x2c, 0x95, 0x34, 0x95, 0x34, 0x19, 
	0x34, 0x95, 0x2c, 0x93, 0x24, 0xd1, 0x2c, 0xd3, 
	0x24, 0x8f, 0x33, 0xd9, 0x3c, 0x9b, 0x34, 0x57, 
	0x1c, 0x8f, 0x24, 0x91, 0x35, 0x19, 0x34, 0x97, 
	0x2c, 0x95, 0x24, 0x8f, 0x1c, 0x8d, 0x24, 0x8f, 
	0x24, 0x8f, 0x24, 0x8f, 0x2c, 0x93, 0x24, 0x91, 
	0x24, 0x4f, 0x1c, 0x8b, 0x14, 0x4b, 0x24, 0x91, 
	0x1c, 0x8d, 0x24, 0x91, 0x1c, 0x8d, 0x34, 0x97, 
	0x14, 0x4b, 0x2c, 0x93, 0x3c, 0x9b, 0x33, 0xd9, 
	0x2c, 0x93, 0x24, 0x91, 0x2c, 0x93, 0x2c, 0x53, 
	0x2c, 0x53, 0x24, 0x91, 0x2c, 0x93, 0x24, 0x4f, 
	0x1c, 0x8d, 0x1c, 0x8f, 0x24, 0xd1, 0x2d, 0x15, 
	0x2c, 0x95, 0x1c, 0x8b, 0x1c, 0x8d, 0x1d, 0x0b, 
	0x14, 0x8b, 0x14, 0x8b, 0x24, 0x8f, 0x24, 0x8f, 
	0x2c, 0x93, 0x2c, 0x93, 0x14, 0x09, 0x14, 0x8b, 
	0x1c, 0x8d, 0x1c, 0x4f, 0x1c, 0x8d, 0x14, 0x0d, 
	0x2c, 0xd3, 0x1c, 0x8b, 0x24, 0x91, 0x34, 0x17, 
	0x24, 0xcf, 0x24, 0x8f, 0x2c, 0x95, 0x2c, 0x95, 
	0x24, 0x4f, 0x2c, 0x93, 0x1c, 0x4d, 0x14, 0x09, 
	0x0c, 0x07, 0x1c, 0x8f, 0x1c, 0x8b, 0x24, 0x93, 
	0x24, 0x91, 0x24, 0xcf, 0x1c, 0x8d, 0x1d, 0x0b, 
	0x14, 0x89, 0x14, 0x89, 0x1c, 0x8d, 0x1c, 0x4f, 
	0x14, 0x09, 0x24, 0x91, 0x0c, 0x07, 0x14, 0x49, 
	0x1c, 0x8b, 0x0c, 0x09, 0x1c, 0x8d, 0x24, 0x91, 
	0x1c, 0x8d, 0x2c, 0x93, 0x24, 0x8f, 0x2c, 0x93, 
	0x1c, 0x8b, 0x24, 0x91, 0x2c, 0xd3, 0x2c, 0xd3, 
	0x14, 0x4b, 0x1c, 0x8d, 0x2c, 0x93, 0x14, 0x07, 
	0x0b, 0xc5, 0x14, 0x09, 0x1c, 0x8d, 0x24, 0xcf, 
	0x25, 0x0f, 0x1c, 0x8d, 0x14, 0xcb, 0x14, 0x89, 
	0x14, 0x87, 0x0c, 0x87, 0x1c, 0x8d, 0x14, 0x09, 
	0x0b, 0xc5, 0x0c, 0x07, 0x0c, 0x07, 0x14, 0x49, 
	0x14, 0x47, 0x1c, 0x8b, 0x14, 0x89, 0x1c, 0x8d, 
	0x1c, 0xcd, 0x24, 0xcf, 0x2c, 0x95, 0x24, 0x8f, 
	0x24, 0x8f, 0x1c, 0x8f, 0x1c, 0x8d, 0x1c, 0xcb, 
	0x14, 0x89, 0x14, 0x89, 0x0c, 0x07, 0x14, 0x07, 
	0x0c, 0x07, 0x14, 0x07, 0x14, 0x89, 0x14, 0x89, 
	0x1c, 0x8b, 0x14, 0x89, 0x1d, 0x0f, 0x0c, 0x87, 
	0x0c, 0x47, 0x0c, 0x05, 0x14, 0x49, 0x14, 0x47, 
	0x14, 0x49, 0x14, 0x89, 0x14, 0x89, 0x1c, 0x8b, 
	0x1c, 0x8b, 0x1c, 0x8b, 0x1c, 0x8b, 0x14, 0x89, 
	0x14, 0x8b, 0x14, 0x87, 0x14, 0x89, 0x14, 0x89, 
	0x14, 0x89, 0x14, 0x89, 0x14, 0x89, 0x14, 0x89, 
	0x0c, 0x05, 0x14, 0x89, 0x0c, 0x47, 0x14, 0x47, 
	0x0c, 0x47, 0x14, 0x89, 0x0c, 0x47, 0x14, 0x89, 
	0x14, 0xcb, 0x14, 0xc9, 0x14, 0xc9, 0x14, 0x87, 
	
};

Gfx rgardenhall_water_ci4_aligner[] = {gsSPEndDisplayList()};
u8 rgardenhall_water_ci4[] = {
	0x01, 0x11, 0x11, 0x22, 0x34, 0x55, 0x55, 0x55, 
	0x55, 0x55, 0x55, 0x53, 0x24, 0x11, 0x11, 0x15, 
	0x11, 0x11, 0x14, 0x22, 0x34, 0x55, 0x55, 0x43, 
	0x33, 0x34, 0x45, 0x53, 0x24, 0x11, 0x15, 0x51, 
	0x11, 0x11, 0x44, 0x22, 0x63, 0x34, 0x33, 0x63, 
	0x33, 0x33, 0x33, 0x33, 0x24, 0x11, 0x11, 0x11, 
	0x11, 0x11, 0x14, 0x22, 0x66, 0x66, 0x66, 0x33, 
	0x44, 0x44, 0x33, 0x66, 0x22, 0x41, 0x11, 0x11, 
	0x11, 0x11, 0x14, 0x33, 0x22, 0x22, 0x77, 0x44, 
	0x51, 0x55, 0x54, 0x77, 0x82, 0x55, 0x11, 0x11, 
	0x11, 0x11, 0x14, 0x33, 0x44, 0x44, 0x44, 0x41, 
	0x11, 0x11, 0x54, 0x97, 0x82, 0x55, 0x11, 0x11, 
	0x11, 0x11, 0x44, 0x34, 0x44, 0x44, 0x11, 0x11, 
	0x11, 0x11, 0x55, 0x49, 0x28, 0x45, 0x11, 0x11, 
	0x11, 0x11, 0x43, 0x34, 0x11, 0x11, 0x11, 0x11, 
	0x11, 0x11, 0x55, 0x54, 0x22, 0x24, 0x11, 0x15, 
	0x55, 0x55, 0x43, 0x35, 0x11, 0x11, 0x11, 0x11, 
	0x11, 0x11, 0x11, 0x14, 0x33, 0x33, 0x45, 0x55, 
	0x55, 0x44, 0x36, 0x64, 0x11, 0x11, 0x11, 0x11, 
	0x11, 0x11, 0x11, 0x14, 0x43, 0x66, 0x34, 0x44, 
	0x33, 0x33, 0x36, 0x63, 0x51, 0x11, 0x11, 0x11, 
	0x11, 0x11, 0x11, 0x11, 0x54, 0x36, 0x63, 0x33, 
	0x66, 0x63, 0x33, 0x66, 0x51, 0x11, 0x11, 0x11, 
	0x11, 0x11, 0x10, 0x01, 0x55, 0x36, 0x66, 0x66, 
	0x22, 0x22, 0x44, 0x36, 0x24, 0x11, 0x11, 0x11, 
	0x11, 0x11, 0x11, 0x01, 0x11, 0x42, 0x66, 0x66, 
	0x22, 0x44, 0x54, 0x36, 0x24, 0x11, 0x11, 0x11, 
	0x11, 0x11, 0x11, 0x11, 0x11, 0x42, 0x66, 0x33, 
	0x41, 0x11, 0x55, 0x36, 0x24, 0x11, 0x11, 0x11, 
	0x11, 0x11, 0x11, 0x11, 0x11, 0x42, 0x63, 0x45, 
	0x11, 0x10, 0x55, 0x43, 0x24, 0x11, 0x11, 0x11, 
	0x11, 0x11, 0x11, 0x11, 0x11, 0x12, 0x63, 0x55, 
	0x11, 0x11, 0x11, 0x43, 0x63, 0x45, 0x41, 0x11, 
	0x11, 0x11, 0x11, 0x11, 0x11, 0x13, 0x63, 0x55, 
	0x11, 0x11, 0x11, 0x43, 0x66, 0x63, 0x44, 0x11, 
	0x11, 0x11, 0x11, 0x11, 0x11, 0x13, 0x63, 0x45, 
	0x11, 0x11, 0x14, 0x33, 0x66, 0x66, 0x34, 0x11, 
	0x11, 0x11, 0x11, 0x11, 0x11, 0x13, 0x63, 0x45, 
	0x11, 0x11, 0x44, 0x33, 0x33, 0x36, 0x34, 0x41, 
	0x11, 0x11, 0x11, 0x11, 0x11, 0x43, 0x63, 0x45, 
	0x44, 0x44, 0x43, 0x34, 0x51, 0x55, 0x33, 0x45, 
	0x11, 0x11, 0x11, 0x11, 0x11, 0x42, 0x63, 0x34, 
	0x33, 0x33, 0x33, 0x35, 0x11, 0x15, 0x43, 0x34, 
	0x41, 0x11, 0x11, 0x11, 0x14, 0x22, 0x66, 0x33, 
	0x33, 0x36, 0x66, 0x35, 0x11, 0x11, 0x53, 0x63, 
	0x44, 0x11, 0x11, 0x11, 0x44, 0x22, 0x33, 0x33, 
	0x54, 0x43, 0x33, 0x34, 0x11, 0x11, 0x54, 0x66, 
	0x24, 0x41, 0x11, 0x15, 0x22, 0x24, 0x44, 0x44, 
	0x11, 0x11, 0x42, 0x22, 0x41, 0x11, 0x14, 0x22, 
	0x63, 0x44, 0x55, 0x43, 0x22, 0x44, 0x11, 0x11, 
	0x00, 0x01, 0x14, 0xa2, 0x44, 0x11, 0x14, 0x42, 
	0x33, 0x33, 0x33, 0x36, 0x24, 0x41, 0x11, 0x11, 
	0x01, 0x11, 0x14, 0x2a, 0x24, 0x41, 0x11, 0x14, 
	0x44, 0x36, 0x63, 0x66, 0x24, 0x11, 0x11, 0x11, 
	0x11, 0x11, 0x14, 0x2a, 0x24, 0x41, 0x11, 0x11, 
	0x55, 0x36, 0x66, 0x66, 0x44, 0x11, 0x11, 0x11, 
	0x11, 0x11, 0x14, 0x4a, 0x64, 0x11, 0x01, 0x11, 
	0x11, 0x59, 0x36, 0x66, 0x44, 0x11, 0x11, 0x10, 
	0x11, 0x11, 0x14, 0x4a, 0x64, 0x11, 0x01, 0x11, 
	0x11, 0x15, 0x44, 0x33, 0x44, 0x11, 0x11, 0x11, 
	0x15, 0x11, 0x14, 0x4a, 0x64, 0x11, 0x11, 0x11, 
	0x11, 0x11, 0x54, 0x43, 0x44, 0x11, 0x11, 0x11, 
	0x11, 0x11, 0x11, 0x22, 0x64, 0x11, 0x11, 0x11, 
	0x11, 0x11, 0x55, 0x43, 0x44, 0x11, 0x10, 0x01, 
	
};

Gfx rgardenhall_water_pal_rgba16_aligner[] = {gsSPEndDisplayList()};
u8 rgardenhall_water_pal_rgba16[] = {
	0x23, 0xbd, 0x2b, 0xbd, 0x44, 0x3d, 0x3c, 0x3d, 
	0x33, 0xfd, 0x2b, 0xfd, 0x4c, 0x7d, 0x44, 0x7d, 
	0x54, 0x7d, 0x34, 0x3d, 0x54, 0xbd, 
};

Gfx rgardenhall_SM64_slope2_txt_rgba16_aligner[] = {gsSPEndDisplayList()};
u8 rgardenhall_SM64_slope2_txt_rgba16[] = {
	0xfe, 0x67, 0x5a, 0x0d, 0xd5, 0xa9, 0xff, 0xf7, 
	0x83, 0x55, 0x9c, 0x1d, 0xfe, 0x67, 0xdd, 0x1f, 
	0x83, 0x17, 0xff, 0x2f, 0xff, 0x2d, 0x62, 0x4f, 
	0xf6, 0xb1, 0xff, 0xfb, 0xcc, 0xdd, 0x93, 0x57, 
	0xfe, 0xed, 0xfe, 0x69, 0x62, 0x0d, 0xf6, 0x27, 
	0xff, 0x2d, 0x59, 0xcb, 0xb4, 0x5f, 0xff, 0x71, 
	0x6a, 0x8f, 0x7a, 0xd5, 0xff, 0x75, 0xff, 0xb9, 
	0x59, 0xcb, 0xcc, 0x9b, 0xdd, 0x1b, 0x51, 0xcd, 
	0xfe, 0x67, 0x62, 0x4f, 0xcd, 0x67, 0xff, 0xb3, 
	0x83, 0x15, 0xac, 0x5f, 0xfe, 0x67, 0xd4, 0xdd, 
	0x8b, 0x99, 0xff, 0x2f, 0xfe, 0xe9, 0x62, 0x4f, 
	0xff, 0x35, 0xff, 0xfb, 0xcc, 0xdd, 0x93, 0x55, 
	0xfe, 0xed, 0xfe, 0xa9, 0x62, 0x0d, 0xf6, 0x27, 
	0xfe, 0xeb, 0x59, 0xcb, 0xbc, 0x61, 0xff, 0x73, 
	0x62, 0x4f, 0x7a, 0xd3, 0xfe, 0xf1, 0xff, 0x35, 
	0x59, 0xcb, 0xcc, 0x59, 0xd4, 0x99, 0x59, 0xcd, 
	0xfe, 0xa9, 0x62, 0x4f, 0xcd, 0x25, 0xff, 0x71, 
	0x83, 0x15, 0x9c, 0x1d, 0xed, 0xe5, 0xcc, 0x9b, 
	0x8b, 0x99, 0xfe, 0xab, 0xfe, 0x25, 0x5a, 0x0f, 
	0xee, 0xf5, 0xff, 0xff, 0xc4, 0x9b, 0x8b, 0x13, 
	0xff, 0x2f, 0xfe, 0xab, 0x72, 0x4d, 0xed, 0xe5, 
	0xfe, 0x25, 0x59, 0xcb, 0xbc, 0xa1, 0xff, 0x73, 
	0x62, 0x4f, 0x72, 0x93, 0xfe, 0x6d, 0xfe, 0xf3, 
	0x59, 0xcb, 0xab, 0xd5, 0xc4, 0x57, 0x5a, 0x0d, 
	0xff, 0x2d, 0x62, 0x4f, 0xc5, 0x23, 0xff, 0x71, 
	0x83, 0x57, 0x9b, 0xdb, 0xe5, 0x63, 0xc4, 0x59, 
	0x83, 0x17, 0xfe, 0x69, 0xfd, 0xe1, 0x51, 0xcd, 
	0xbd, 0x69, 0xff, 0xff, 0xc4, 0x9b, 0x83, 0x13, 
	0xff, 0x2f, 0xfe, 0x69, 0x7a, 0x4d, 0xe5, 0x61, 
	0xfe, 0x67, 0x62, 0x0d, 0xc4, 0xe3, 0xff, 0x31, 
	0x5a, 0x0d, 0x72, 0x93, 0xf6, 0x29, 0xf6, 0xaf, 
	0x59, 0xcb, 0x9b, 0x55, 0xc4, 0x57, 0x5a, 0x0d, 
	0xff, 0x2f, 0x62, 0x4f, 0xcd, 0x23, 0xff, 0x71, 
	0x7b, 0x15, 0xac, 0x1d, 0xed, 0xa3, 0xb4, 0x19, 
	0x83, 0x15, 0xfe, 0x69, 0xfd, 0x9f, 0x49, 0x8b, 
	0x9b, 0xdb, 0xff, 0xfd, 0xc4, 0xdd, 0x93, 0x55, 
	0xff, 0x2f, 0xfe, 0xa9, 0x7a, 0x4b, 0xe5, 0x63, 
	0xff, 0x2f, 0x62, 0x4d, 0xc4, 0xe3, 0xff, 0x2f, 
	0x51, 0xcb, 0x72, 0xd3, 0xed, 0xe7, 0xe5, 0xe9, 
	0x51, 0x89, 0xab, 0xd9, 0xc4, 0x57, 0x51, 0xcd, 
	0xff, 0x2f, 0x62, 0x4f, 0xcd, 0x23, 0xff, 0x6f, 
	0x72, 0xd3, 0xac, 0x5f, 0xf5, 0xe3, 0xb4, 0x17, 
	0x7a, 0xd5, 0xfe, 0x25, 0xfd, 0x9f, 0x49, 0x8b, 
	0xcd, 0x23, 0xff, 0xf5, 0xbc, 0x9b, 0x93, 0x57, 
	0xff, 0x2d, 0xfe, 0xab, 0x7a, 0x8d, 0xed, 0xa5, 
	0xff, 0x71, 0x72, 0x8f, 0xc4, 0xe3, 0xfe, 0xed, 
	0x49, 0x8b, 0x72, 0xd3, 0xe5, 0xe7, 0xdd, 0xa5, 
	0x41, 0x47, 0xab, 0xd9, 0xbc, 0x59, 0x39, 0x07, 
	0xff, 0x2f, 0x62, 0x0f, 0xcd, 0x25, 0xff, 0x2d, 
	0x6a, 0x91, 0x9b, 0xdd, 0xed, 0xa3, 0xab, 0xd5, 
	0x7a, 0xd3, 0xf5, 0xe3, 0xfd, 0x9f, 0x49, 0x8b, 
	0xcd, 0x23, 0xff, 0xb1, 0xb4, 0x19, 0x8b, 0x15, 
	0xff, 0x2d, 0xfe, 0xed, 0x82, 0x8f, 0xf6, 0x6b, 
	0xff, 0xb3, 0x6a, 0x4f, 0xc4, 0xe3, 0xfe, 0xab, 
	0x51, 0x8b, 0x7a, 0xd5, 0xdd, 0xa5, 0xd5, 0x63, 
	0x39, 0x05, 0xab, 0xd7, 0xbc, 0x57, 0x28, 0xc5, 
	0xfe, 0xed, 0x62, 0x4f, 0xd5, 0x65, 0xfe, 0xa9, 
	0x72, 0x93, 0x9b, 0xdb, 0xe5, 0x61, 0xa3, 0x93, 
	0x7b, 0x13, 0xfd, 0xe3, 0xfd, 0xe1, 0x49, 0x8b, 
	0xc5, 0x23, 0xff, 0xb1, 0xbc, 0x59, 0x8b, 0x13, 
	0xfe, 0xed, 0xfe, 0xad, 0x7a, 0x8f, 0xf6, 0x6b, 
	0xff, 0xb5, 0x62, 0x4f, 0xbc, 0xa1, 0xfe, 0xa9, 
	0x51, 0xcb, 0x83, 0x15, 0xed, 0xe7, 0xd5, 0x23, 
	0x39, 0x07, 0xa3, 0x95, 0xbc, 0x15, 0x39, 0x07, 
	0xfe, 0x25, 0x5a, 0x4f, 0xcd, 0x25, 0xfe, 0x67, 
	0x72, 0xd3, 0xa4, 0x1b, 0xe5, 0x5f, 0x9b, 0x51, 
	0x83, 0x15, 0xfe, 0x25, 0xfd, 0xe1, 0x51, 0xcd, 
	0xcd, 0x23, 0xff, 0xb1, 0xbc, 0x19, 0x8b, 0x15, 
	0xfe, 0xab, 0xe5, 0xe7, 0x72, 0x8f, 0xee, 0x2b, 
	0xff, 0xb5, 0x6a, 0x4f, 0xbc, 0x5f, 0xfe, 0x69, 
	0x51, 0x8b, 0x7a, 0xd5, 0xed, 0xe7, 0xcd, 0x21, 
	0x41, 0x49, 0x9b, 0x55, 0xab, 0x91, 0x41, 0x49, 
	0xdd, 0x61, 0x5a, 0x0f, 0xc5, 0x23, 0xf6, 0x25, 
	0x62, 0x91, 0xa4, 0x1b, 0xe5, 0x5f, 0x9b, 0x51, 
	0x8b, 0x57, 0xfe, 0x25, 0xed, 0x9f, 0x59, 0xcd, 
	0xd5, 0x65, 0xff, 0xaf, 0xa3, 0x95, 0x8b, 0x15, 
	0xfe, 0x69, 0xdd, 0x63, 0x6a, 0x4f, 0xee, 0x29, 
	0xff, 0x71, 0x6a, 0x8f, 0xb4, 0x5d, 0xfe, 0x67, 
	0x51, 0x8b, 0x6a, 0x91, 0xdd, 0x63, 0xc4, 0xdf, 
	0x41, 0x49, 0x9b, 0x55, 0x9b, 0x51, 0x39, 0x49, 
	0xd4, 0xdd, 0x5a, 0x0f, 0xd5, 0x67, 0xed, 0xa3, 
	0x52, 0x0d, 0xa3, 0xdb, 0xe5, 0x5f, 0x93, 0x11, 
	0x93, 0x57, 0xfe, 0xa7, 0xed, 0x5d, 0x51, 0xcd, 
	0xd5, 0x67, 0xff, 0x6f, 0x9b, 0x53, 0x83, 0x15, 
	0xfe, 0x27, 0xf6, 0x27, 0x6a, 0x4f, 0xe5, 0xe7, 
	0xfe, 0xad, 0x72, 0x91, 0xb4, 0x5d, 0xfe, 0x25, 
	0x59, 0xcb, 0x62, 0x0d, 0xcc, 0xdd, 0xbc, 0x5d, 
	0x39, 0x07, 0x93, 0x55, 0x9b, 0x51, 0x39, 0x09, 
	0xdd, 0x1b, 0x52, 0x0f, 0xcd, 0x67, 0xed, 0xe5, 
	0x5a, 0x0f, 0x9b, 0xdb, 0xed, 0x5f, 0x8b, 0x11, 
	0x8b, 0x55, 0xfe, 0xe9, 0xfd, 0xdf, 0x49, 0x8b, 
	0xdd, 0xa7, 0xff, 0x6f, 0x9b, 0x53, 0x83, 0x15, 
	0xf5, 0xe7, 0xf6, 0x27, 0x72, 0x4f, 0xdd, 0x63, 
	0xfe, 0xad, 0x7a, 0xd1, 0xb4, 0x5d, 0xfe, 0x25, 
	0x59, 0xcb, 0x62, 0x4f, 0xd4, 0xdd, 0xa3, 0xd9, 
	0x30, 0xc5, 0x93, 0x55, 0x8b, 0x11, 0x31, 0x09, 
	0xcc, 0x99, 0x52, 0x0f, 0xd5, 0xa9, 0xfe, 0x27, 
	0x5a, 0x0f, 0x93, 0x99, 0xed, 0x5f, 0x82, 0xcf, 
	0x8b, 0x15, 0xfe, 0xeb, 0xfd, 0xe1, 0x49, 0x89, 
	0xdd, 0xa7, 0xff, 0xaf, 0x9b, 0x53, 0x82, 0xd3, 
	0xed, 0xe5, 0xf5, 0xe5, 0x6a, 0x4d, 0xcd, 0x21, 
	0xfe, 0xab, 0x62, 0x0f, 0xa3, 0xdb, 0xfe, 0x67, 
	0x6a, 0x0d, 0x62, 0x0f, 0xcc, 0xdd, 0x9b, 0x97, 
	0x30, 0xc5, 0x8b, 0x13, 0x82, 0xcf, 0x28, 0xc7, 
	0xcc, 0x57, 0x52, 0x0f, 0xdd, 0xa9, 0xfe, 0x67, 
	0x5a, 0x0f, 0x93, 0x99, 0xed, 0x5d, 0x82, 0xcf, 
	0x93, 0x99, 0xfe, 0xeb, 0xf5, 0x9f, 0x49, 0x89, 
	0xd5, 0x65, 0xff, 0xaf, 0x93, 0x11, 0x7a, 0x91, 
	0xed, 0xa3, 0xf5, 0xe3, 0x6a, 0x0d, 0xc4, 0x9b, 
	0xfe, 0x25, 0x59, 0xcd, 0x93, 0x99, 0xfe, 0x67, 
	0x72, 0x4d, 0x5a, 0x0d, 0xbc, 0x5b, 0x93, 0x53, 
	0x28, 0xc5, 0x8b, 0x13, 0x7a, 0x8d, 0x29, 0x07, 
	0xcc, 0x55, 0x51, 0xcd, 0xdd, 0xa7, 0xfe, 0x67, 
	0x5a, 0x0f, 0x9b, 0x99, 0xe5, 0x1b, 0x7a, 0x8d, 
	0x93, 0x99, 0xfe, 0xa9, 0xed, 0x9f, 0x49, 0x8b, 
	0xc5, 0x23, 0xff, 0x6d, 0x93, 0x11, 0x72, 0x91, 
	0xed, 0xa3, 0xf5, 0xa1, 0x6a, 0x0b, 0xbc, 0x19, 
	0xed, 0xa1, 0x6a, 0x4f, 0x9b, 0x97, 0xfe, 0x25, 
	0x6a, 0x4d, 0x59, 0xcd, 0xb4, 0x19, 0x82, 0xd1, 
	0x28, 0xc5, 0x93, 0x53, 0x8a, 0xcd, 0x39, 0x09, 
	0xc4, 0x13, 0x51, 0xcf, 0xdd, 0x65, 0xfe, 0x25, 
	0x62, 0x4f, 0xa3, 0xd9, 0xcc, 0x57, 0x72, 0x4d, 
	0x72, 0xd3, 0xf5, 0xe5, 0xed, 0x9f, 0x49, 0x89, 
	0xbc, 0xa1, 0xff, 0x2b, 0x8b, 0x0f, 0x7a, 0x91, 
	0xed, 0xa1, 0xf5, 0xe3, 0x7a, 0x4d, 0xb3, 0xd7, 
	0xf5, 0x9f, 0x7a, 0xd1, 0x93, 0x55, 0xfd, 0xe3, 
	0x6a, 0x0d, 0x51, 0xcd, 0xb4, 0x19, 0x82, 0xd1, 
	0x28, 0xc5, 0x93, 0x53, 0x92, 0xcd, 0x39, 0x49, 
	0xc4, 0x15, 0x52, 0x0f, 0xe5, 0xa5, 0xf5, 0xe3, 
	0x62, 0x4f, 0xac, 0x19, 0xcc, 0x15, 0x62, 0x0b, 
	0x93, 0x57, 0xf5, 0xe5, 0xed, 0x5f, 0x41, 0x49, 
	0xcd, 0x23, 0xfe, 0xeb, 0x8a, 0xcf, 0x7a, 0x91, 
	0xf5, 0xa1, 0xed, 0xa1, 0x7a, 0x4b, 0xb3, 0xd5, 
	0xf5, 0x9f, 0x7a, 0x91, 0x82, 0xd3, 0xed, 0x5f, 
	0x62, 0x0b, 0x51, 0xcd, 0xbc, 0x5b, 0x8b, 0x13, 
	0x30, 0xc5, 0x9b, 0x53, 0x92, 0xcb, 0x41, 0x49, 
	0xbb, 0xd3, 0x51, 0xcd, 0xe5, 0xa5, 0xf5, 0xa1, 
	0x5a, 0x0d, 0xa3, 0xd9, 0xc4, 0x15, 0x59, 0xc9, 
	0x9b, 0x99, 0xfe, 0x27, 0xdc, 0xd9, 0x41, 0x49, 
	0xcd, 0x23, 0xfe, 0xa9, 0x8a, 0xcf, 0x7a, 0x91, 
	0xf5, 0xa1, 0xed, 0x5d, 0x72, 0x09, 0xab, 0x93, 
	0xe4, 0xdb, 0x7a, 0x8f, 0x72, 0x91, 0xd4, 0xdb, 
	0x6a, 0x0b, 0x59, 0xcd, 0xc4, 0x5b, 0x8b, 0x55, 
	0x30, 0xc5, 0x9b, 0x11, 0x8a, 0x8b, 0x41, 0x49, 
	0xbb, 0xd3, 0x49, 0x8d, 0xdd, 0x63, 0xed, 0xa3, 
	0x51, 0xcd, 0x9b, 0x97, 0xbb, 0xd3, 0x51, 0x89, 
	0x93, 0x99, 0xfe, 0x67, 0xdc, 0x97, 0x41, 0x49, 
	0xc4, 0xe1, 0xfe, 0x25, 0x82, 0x8d, 0x7a, 0xd1, 
	0xfd, 0xe1, 0xe5, 0x1d, 0x72, 0x09, 0xa3, 0x51, 
	0xd4, 0x97, 0x72, 0x4d, 0x72, 0x91, 0xdd, 0x1d, 
	0x6a, 0x0b, 0x5a, 0x0d, 0xcc, 0x9b, 0x8b, 0x53, 
	0x28, 0xc5, 0x93, 0x0f, 0x8a, 0xcd, 0x39, 0x49, 
	0xbc, 0x15, 0x41, 0x4b, 0xd5, 0x21, 0xed, 0xa3, 
	0x51, 0xcd, 0x93, 0x55, 0xbb, 0xd5, 0x51, 0x89, 
	0x83, 0x57, 0xfe, 0x23, 0xe4, 0xd9, 0x41, 0x49, 
	0xbc, 0x9f, 0xfd, 0xe1, 0x7a, 0x8d, 0x83, 0x13, 
	0xf5, 0x9f, 0xe5, 0x1b, 0x72, 0x0b, 0x93, 0x11, 
	0xcc, 0x57, 0x6a, 0x4d, 0x7a, 0xd3, 0xf5, 0x5f, 
	0x6a, 0x0b, 0x62, 0x0f, 0xd4, 0x9b, 0x8b, 0x11, 
	0x28, 0x83, 0x92, 0xcf, 0x8a, 0xcd, 0x39, 0x47, 
	0xab, 0xd5, 0x41, 0x4b, 0xd5, 0x21, 0xed, 0xa1, 
	0x51, 0xcb, 0x93, 0x55, 0xc4, 0x57, 0x49, 0x89, 
	0x7b, 0x15, 0xfd, 0xe1, 0xe5, 0x1b, 0x41, 0x49, 
	0xbc, 0x9d, 0xfd, 0xe1, 0x72, 0x4d, 0x83, 0x13, 
	0xe5, 0x1d, 0xdc, 0xdb, 0x6a, 0x0b, 0x8b, 0x11, 
	0xbc, 0x15, 0x62, 0x0d, 0x7a, 0xd1, 0xfd, 0x9d, 
	0x6a, 0x0d, 0x62, 0x4f, 0xd4, 0x9b, 0x82, 0xd1, 
	0x28, 0x83, 0x8a, 0xcd, 0x93, 0x0d, 0x41, 0x47, 
	0xab, 0x93, 0x41, 0x8b, 0xcc, 0xe1, 0xed, 0x61, 
	0x49, 0x8b, 0x8b, 0x15, 0xbc, 0x17, 0x49, 0x87, 
	0x72, 0xd3, 0xf5, 0x9f, 0xdc, 0x99, 0x39, 0x07, 
	0xb4, 0x5b, 0xfd, 0x9f, 0x7a, 0x8d, 0x7a, 0x91, 
	0xd4, 0xdd, 0xcc, 0x99, 0x59, 0xc9, 0x82, 0xd1, 
	0xb3, 0xd5, 0x59, 0xcb, 0x82, 0xd1, 0xf5, 0x5b, 
	0x6a, 0x4d, 0x6a, 0x4f, 0xcc, 0x9b, 0x82, 0xd1, 
	0x28, 0xc5, 0x82, 0x8b, 0x92, 0xcb, 0x41, 0x47, 
	0xb3, 0x91, 0x39, 0x4b, 0xcc, 0xe1, 0xe5, 0x5f, 
	0x49, 0x8b, 0x8b, 0x13, 0xbb, 0xd3, 0x49, 0x47, 
	0x7a, 0xd3, 0xed, 0x5d, 0xd4, 0x97, 0x39, 0x07, 
	0xab, 0xd9, 0xf5, 0x5d, 0x7a, 0x8d, 0x72, 0x4f, 
	0xcc, 0x9b, 0xc4, 0x57, 0x59, 0xc9, 0x82, 0xd1, 
	0xb3, 0xd5, 0x59, 0xcb, 0x82, 0xd1, 0xf5, 0x5d, 
	0x6a, 0x0d, 0x6a, 0x4f, 0xcc, 0x9b, 0x7a, 0xd1, 
	0x28, 0xc5, 0x82, 0x8b, 0x8a, 0x8b, 0x39, 0x07, 
	0xb3, 0xd1, 0x41, 0x8b, 0xcd, 0x21, 0xe5, 0x5f, 
	0x41, 0x89, 0x82, 0xd1, 0xc3, 0xd3, 0x41, 0x45, 
	0x7a, 0x91, 0xed, 0x1b, 0xcc, 0x55, 0x31, 0x07, 
	0xa3, 0xd9, 0xed, 0x1d, 0x7a, 0x4d, 0x51, 0x8b, 
	0xab, 0x95, 0xbc, 0x17, 0x61, 0xcb, 0x6a, 0x4f, 
	0xb3, 0xd5, 0x6a, 0x0d, 0x82, 0xd1, 0xf5, 0x5d, 
	0x62, 0x0b, 0x6a, 0x4f, 0xcc, 0x59, 0x7a, 0xd1, 
	0x28, 0xc5, 0x82, 0x4b, 0x8a, 0x89, 0x39, 0x07, 
	0xab, 0xd3, 0x49, 0x8d, 0xd5, 0x23, 0xdd, 0x1d, 
	0x41, 0x89, 0x7a, 0xd1, 0xc4, 0x15, 0x41, 0x05, 
	0x72, 0x8f, 0xec, 0xd9, 0xc4, 0x15, 0x31, 0x07, 
	0xac, 0x19, 0xe5, 0x1d, 0x72, 0x4b, 0x49, 0x89, 
	0x9b, 0x51, 0xb4, 0x15, 0x59, 0xcb, 0x6a, 0x4f, 
	0xbb, 0xd5, 0x6a, 0x4d, 0x82, 0xd1, 0xe5, 0x5f, 
	0x62, 0x0b, 0x6a, 0x4f, 0xc4, 0x59, 0x7a, 0xcf, 
	0x28, 0x83, 0x82, 0x4b, 0x8a, 0x8b, 0x39, 0x07, 
	0x9b, 0x93, 0x41, 0x8d, 0xd5, 0x63, 0xd4, 0xdb, 
	0x49, 0x89, 0x82, 0xd3, 0xc4, 0x17, 0x41, 0x47, 
	0x72, 0x4f, 0xdc, 0xd9, 0xbb, 0xd3, 0x31, 0x05, 
	0xa3, 0xd9, 0xdc, 0xdb, 0x6a, 0x0b, 0x59, 0xcd, 
	0xab, 0x93, 0xb3, 0xd5, 0x49, 0x89, 0x8b, 0x13, 
	0xc4, 0x17, 0x6a, 0x4d, 0x82, 0xd3, 0xdd, 0x1d, 
	0x5a, 0x0b, 0x62, 0x4d, 0xc4, 0x59, 0x7a, 0xcf, 
	0x20, 0x83, 0x7a, 0x4b, 0x8a, 0x8b, 0x31, 0x07, 
	0x93, 0x51, 0x39, 0x4b, 0xdd, 0x65, 0xd4, 0xdb, 
	0x51, 0x89, 0x83, 0x13, 0xbc, 0x15, 0x41, 0x05, 
	0x72, 0x4f, 0xdc, 0x99, 0xb3, 0x93, 0x30, 0xc5, 
	0x93, 0x97, 0xcc, 0x99, 0x62, 0x0b, 0x62, 0x0d, 
	0xb3, 0xd7, 0xbc, 0x17, 0x41, 0x47, 0x8b, 0x13, 
	0xc4, 0x57, 0x6a, 0x0d, 0x82, 0xd3, 0xd4, 0xdb, 
	0x51, 0xc9, 0x62, 0x0d, 0xc4, 0x59, 0x7a, 0xd1, 
	0x20, 0x83, 0x72, 0x4b, 0x7a, 0x4b, 0x31, 0x05, 
	0x8b, 0x11, 0x31, 0x49, 0xcd, 0x23, 0xd4, 0x99, 
	0x49, 0x89, 0x7a, 0xd1, 0xb3, 0x93, 0x30, 0xc5, 
	0x6a, 0x4d, 0xe4, 0xd7, 0xa3, 0x4f, 0x28, 0xc5, 
	0x93, 0x97, 0xd4, 0x9b, 0x6a, 0x0b, 0x49, 0x89, 
	0xb3, 0xd5, 0xc4, 0x57, 0x49, 0x47, 0x8b, 0x13, 
	0xc4, 0x57, 0x62, 0x0b, 0x7a, 0xd3, 0xd4, 0xdb, 
	0x51, 0x89, 0x62, 0x0d, 0xc4, 0x9b, 0x7a, 0xd1, 
	0x20, 0x83, 0x61, 0xc9, 0x59, 0xc7, 0x28, 0xc5, 
	0x82, 0xd1, 0x31, 0x4b, 0xc4, 0xe1, 0xc4, 0x59, 
	0x41, 0x47, 0x7a, 0x91, 0xab, 0x91, 0x30, 0xc3, 
	0x62, 0x0d, 0xd4, 0x55, 0xa3, 0x0f, 0x28, 0xc5, 
	0x9b, 0x97, 0xd4, 0xdb, 0x6a, 0x4b, 0x51, 0x89, 
	0xb3, 0xd3, 0xc4, 0x57, 0x49, 0x47, 0x8b, 0x13, 
	0xc4, 0x57, 0x61, 0xcb, 0x83, 0x13, 0xdd, 0x1d, 
	0x49, 0x87, 0x62, 0x0d, 0xbc, 0x19, 0x7a, 0xd1, 
	0x20, 0x83, 0x6a, 0x0b, 0x7a, 0x8d, 0x18, 0x83, 
	0x7a, 0xd1, 0x31, 0x4b, 0xc4, 0xe1, 0xab, 0xd5, 
	0x39, 0x07, 0x7a, 0x91, 0xab, 0x4f, 0x30, 0xc3, 
	0x5a, 0x0d, 0xbc, 0x15, 0x9b, 0x0f, 0x28, 0xc5, 
	0x9b, 0xd9, 0xdd, 0x1f, 0x6a, 0x4d, 0x62, 0x0d, 
	0xb3, 0xd5, 0xc4, 0x17, 0x49, 0x47, 0x82, 0xd1, 
	0xbc, 0x15, 0x59, 0xcb, 0x83, 0x13, 0xcc, 0xdd, 
	0x49, 0x47, 0x62, 0x0d, 0xb4, 0x19, 0x83, 0x13, 
	0x20, 0x83, 0x6a, 0x0b, 0x8b, 0x11, 0x10, 0x41, 
	0x6a, 0x4f, 0x41, 0x8d, 0xcc, 0xe1, 0xa3, 0x93, 
	0x39, 0x07, 0x7a, 0xd1, 0x9b, 0x0f, 0x30, 0xc5, 
	0x59, 0xcb, 0xbc, 0x17, 0xa3, 0x93, 0x28, 0xc5, 
	0xac, 0x1d, 0xe5, 0x61, 0x6a, 0x4d, 0x6a, 0x4f, 
	0xab, 0xd5, 0xb4, 0x17, 0x49, 0x49, 0x72, 0x8f, 
	0xab, 0x93, 0x51, 0xc9, 0x82, 0xd3, 0xbc, 0x5b, 
	0x41, 0x47, 0x5a, 0x0d, 0xb4, 0x19, 0x8b, 0x55, 
	0x20, 0x83, 0x51, 0xc9, 0x72, 0x8f, 0x10, 0x43, 
	0x5a, 0x0b, 0x52, 0x0f, 0xcd, 0x21, 0xb4, 0x17, 
	0x39, 0x47, 0x7a, 0xd1, 0x93, 0x0f, 0x30, 0xc5, 
	0x51, 0xcb, 0xc4, 0x59, 0xb3, 0xd5, 0x30, 0xc5, 
	0xb4, 0x9f, 0xed, 0xa1, 0x62, 0x0b, 0x6a, 0x4f, 
	0x9b, 0x95, 0xab, 0xd7, 0x49, 0x49, 0x6a, 0x4f, 
	0x9b, 0x53, 0x51, 0x89, 0x82, 0xd3, 0xb4, 0x19, 
	0x39, 0x05, 0x51, 0xcb, 0xa3, 0xd7, 0x8b, 0x53, 
	0x20, 0x83, 0x41, 0x47, 0x62, 0x4d, 0x18, 0x43, 
	
};

Gfx rgardenhall_W4_ci8_aligner[] = {gsSPEndDisplayList()};
u8 rgardenhall_W4_ci8[] = {
	0x00, 0x01, 0x01, 0x02, 0x03, 0x04, 0x05, 0x06, 
	0x00, 0x07, 0x08, 0x09, 0x0a, 0x01, 0x04, 0x01, 
	0x04, 0x0b, 0x0c, 0x05, 0x06, 0x08, 0x0d, 0x04, 
	0x0e, 0x09, 0x0f, 0x10, 0x0c, 0x08, 0x11, 0x12, 
	0x09, 0x03, 0x0c, 0x13, 0x01, 0x12, 0x14, 0x06, 
	0x09, 0x15, 0x0b, 0x16, 0x07, 0x17, 0x0b, 0x03, 
	0x0b, 0x04, 0x04, 0x05, 0x06, 0x06, 0x00, 0x04, 
	0x0e, 0x16, 0x06, 0x0d, 0x08, 0x0f, 0x18, 0x19, 
	0x08, 0x1a, 0x1b, 0x13, 0x07, 0x12, 0x06, 0x06, 
	0x0b, 0x07, 0x1b, 0x02, 0x1c, 0x07, 0x01, 0x19, 
	0x09, 0x18, 0x04, 0x02, 0x0d, 0x0e, 0x08, 0x1d, 
	0x0b, 0x09, 0x14, 0x02, 0x1b, 0x04, 0x0b, 0x17, 
	0x12, 0x01, 0x15, 0x02, 0x1d, 0x07, 0x02, 0x06, 
	0x01, 0x15, 0x01, 0x13, 0x03, 0x12, 0x01, 0x01, 
	0x08, 0x0e, 0x03, 0x1e, 0x09, 0x03, 0x1a, 0x04, 
	0x13, 0x00, 0x14, 0x05, 0x0e, 0x18, 0x0c, 0x07, 
	0x01, 0x11, 0x0b, 0x02, 0x07, 0x1f, 0x05, 0x06, 
	0x03, 0x07, 0x0f, 0x13, 0x1b, 0x1c, 0x0e, 0x07, 
	0x0d, 0x04, 0x01, 0x09, 0x0d, 0x03, 0x04, 0x0d, 
	0x10, 0x06, 0x14, 0x16, 0x18, 0x04, 0x0c, 0x03, 
	0x01, 0x20, 0x18, 0x04, 0x0c, 0x18, 0x09, 0x06, 
	0x1c, 0x03, 0x06, 0x05, 0x03, 0x12, 0x04, 0x12, 
	0x08, 0x1e, 0x04, 0x0d, 0x06, 0x02, 0x04, 0x16, 
	0x10, 0x06, 0x05, 0x16, 0x0b, 0x16, 0x0c, 0x01, 
	0x12, 0x20, 0x0e, 0x0c, 0x07, 0x01, 0x08, 0x06, 
	0x07, 0x01, 0x21, 0x05, 0x12, 0x22, 0x1c, 0x1f, 
	0x04, 0x00, 0x18, 0x04, 0x02, 0x08, 0x0d, 0x00, 
	0x06, 0x21, 0x14, 0x02, 0x04, 0x00, 0x07, 0x0a, 
	0x12, 0x23, 0x0b, 0x1e, 0x07, 0x20, 0x05, 0x05, 
	0x15, 0x01, 0x14, 0x13, 0x1c, 0x24, 0x25, 0x1f, 
	0x0d, 0x0b, 0x17, 0x04, 0x09, 0x01, 0x15, 0x0f, 
	0x06, 0x14, 0x21, 0x02, 0x0b, 0x0b, 0x15, 0x23, 
	0x1c, 0x20, 0x0c, 0x09, 0x0d, 0x12, 0x05, 0x02, 
	0x04, 0x03, 0x14, 0x09, 0x17, 0x20, 0x04, 0x01, 
	0x0d, 0x0f, 0x17, 0x03, 0x14, 0x15, 0x1f, 0x04, 
	0x06, 0x21, 0x14, 0x00, 0x0d, 0x04, 0x1d, 0x22, 
	0x07, 0x07, 0x09, 0x02, 0x13, 0x17, 0x16, 0x06, 
	0x18, 0x1a, 0x05, 0x09, 0x11, 0x17, 0x0b, 0x0f, 
	0x05, 0x0d, 0x01, 0x03, 0x21, 0x03, 0x11, 0x04, 
	0x13, 0x06, 0x06, 0x16, 0x0c, 0x01, 0x11, 0x26, 
	0x1a, 0x04, 0x0e, 0x04, 0x02, 0x17, 0x1e, 0x06, 
	0x03, 0x03, 0x06, 0x04, 0x20, 0x12, 0x07, 0x03, 
	0x1e, 0x27, 0x07, 0x17, 0x14, 0x02, 0x1f, 0x08, 
	0x06, 0x06, 0x10, 0x04, 0x03, 0x04, 0x28, 0x11, 
	0x18, 0x0d, 0x0d, 0x0c, 0x0d, 0x01, 0x02, 0x06, 
	0x0b, 0x01, 0x07, 0x17, 0x11, 0x1d, 0x15, 0x1f, 
	0x03, 0x16, 0x07, 0x15, 0x02, 0x05, 0x1b, 0x16, 
	0x06, 0x06, 0x08, 0x18, 0x16, 0x0f, 0x0a, 0x20, 
	0x12, 0x0b, 0x0c, 0x1e, 0x0f, 0x01, 0x0d, 0x16, 
	0x02, 0x0c, 0x0d, 0x04, 0x28, 0x12, 0x07, 0x17, 
	0x08, 0x02, 0x04, 0x04, 0x21, 0x02, 0x0b, 0x16, 
	0x06, 0x06, 0x0d, 0x27, 0x0d, 0x0d, 0x0a, 0x26, 
	0x17, 0x12, 0x01, 0x00, 0x16, 0x07, 0x04, 0x0d, 
	0x08, 0x0d, 0x09, 0x0f, 0x17, 0x25, 0x04, 0x04, 
	0x09, 0x02, 0x18, 0x03, 0x13, 0x02, 0x0e, 0x01, 
	0x06, 0x06, 0x0f, 0x01, 0x0d, 0x00, 0x17, 0x29, 
	0x07, 0x25, 0x1c, 0x09, 0x08, 0x1a, 0x03, 0x08, 
	0x0d, 0x18, 0x08, 0x09, 0x07, 0x11, 0x01, 0x1b, 
	0x05, 0x0d, 0x03, 0x03, 0x14, 0x13, 0x15, 0x04, 
	0x21, 0x06, 0x09, 0x03, 0x0d, 0x16, 0x1d, 0x2a, 
	0x15, 0x07, 0x15, 0x0f, 0x09, 0x15, 0x03, 0x0d, 
	0x0d, 0x03, 0x0c, 0x09, 0x12, 0x26, 0x07, 0x17, 
	0x0d, 0x08, 0x01, 0x03, 0x21, 0x05, 0x03, 0x04, 
	0x06, 0x06, 0x06, 0x03, 0x04, 0x16, 0x1a, 0x2a, 
	0x03, 0x12, 0x01, 0x16, 0x0d, 0x12, 0x04, 0x0c, 
	0x0d, 0x18, 0x08, 0x09, 0x11, 0x29, 0x18, 0x12, 
	0x08, 0x0b, 0x01, 0x04, 0x10, 0x05, 0x12, 0x03, 
	0x21, 0x06, 0x06, 0x01, 0x18, 0x16, 0x03, 0x28, 
	0x01, 0x12, 0x0e, 0x0b, 0x0b, 0x17, 0x18, 0x00, 
	0x0d, 0x1d, 0x0c, 0x13, 0x07, 0x28, 0x03, 0x1a, 
	0x04, 0x03, 0x07, 0x0c, 0x06, 0x0f, 0x01, 0x0e, 
	0x16, 0x06, 0x06, 0x0b, 0x04, 0x09, 0x0b, 0x23, 
	0x03, 0x1d, 0x09, 0x0b, 0x0d, 0x01, 0x02, 0x06, 
	0x0f, 0x11, 0x04, 0x05, 0x04, 0x23, 0x07, 0x0b, 
	0x18, 0x04, 0x01, 0x0d, 0x13, 0x0b, 0x04, 0x0b, 
	0x05, 0x06, 0x06, 0x09, 0x01, 0x0f, 0x0c, 0x0a, 
	0x03, 0x17, 0x0c, 0x16, 0x0b, 0x18, 0x02, 0x21, 
	0x0f, 0x0a, 0x0e, 0x05, 0x18, 0x26, 0x01, 0x0e, 
	0x09, 0x01, 0x15, 0x0c, 0x06, 0x08, 0x27, 0x08, 
	0x02, 0x06, 0x06, 0x16, 0x0d, 0x09, 0x0b, 0x20, 
	0x15, 0x20, 0x09, 0x02, 0x0a, 0x0d, 0x02, 0x06, 
	0x09, 0x0a, 0x0e, 0x05, 0x01, 0x2b, 0x12, 0x01, 
	0x09, 0x18, 0x15, 0x02, 0x06, 0x09, 0x27, 0x0b, 
	0x09, 0x09, 0x10, 0x09, 0x0f, 0x00, 0x1b, 0x11, 
	0x01, 0x12, 0x0b, 0x02, 0x17, 0x03, 0x14, 0x06, 
	0x0e, 0x20, 0x0c, 0x10, 0x18, 0x26, 0x12, 0x12, 
	0x05, 0x1a, 0x07, 0x13, 0x06, 0x16, 0x1a, 0x0b, 
	0x06, 0x09, 0x02, 0x16, 0x00, 0x09, 0x01, 0x0a, 
	0x03, 0x12, 0x27, 0x02, 0x01, 0x01, 0x21, 0x06, 
	0x0e, 0x07, 0x09, 0x02, 0x19, 0x11, 0x27, 0x01, 
	0x0d, 0x0b, 0x0c, 0x10, 0x06, 0x00, 0x03, 0x0b, 
	0x06, 0x0c, 0x02, 0x16, 0x00, 0x0f, 0x1a, 0x11, 
	0x0b, 0x24, 0x1c, 0x16, 0x0b, 0x1e, 0x06, 0x06, 
	0x0d, 0x15, 0x0d, 0x09, 0x04, 0x0a, 0x0d, 0x07, 
	0x0b, 0x1b, 0x0b, 0x16, 0x06, 0x00, 0x03, 0x04, 
	0x06, 0x13, 0x16, 0x16, 0x00, 0x0b, 0x04, 0x17, 
	0x0b, 0x1d, 0x17, 0x1e, 0x0b, 0x0d, 0x05, 0x06, 
	0x16, 0x0a, 0x0d, 0x27, 0x01, 0x12, 0x0d, 0x20, 
	0x01, 0x27, 0x0b, 0x16, 0x06, 0x10, 0x03, 0x0c, 
	0x06, 0x16, 0x05, 0x09, 0x0d, 0x18, 0x18, 0x28, 
	0x04, 0x07, 0x12, 0x09, 0x0b, 0x03, 0x09, 0x02, 
	0x16, 0x07, 0x03, 0x01, 0x01, 0x17, 0x04, 0x0a, 
	0x03, 0x15, 0x0e, 0x09, 0x14, 0x06, 0x0b, 0x04, 
	0x06, 0x13, 0x16, 0x0d, 0x0d, 0x0b, 0x03, 0x24, 
	0x0e, 0x1f, 0x11, 0x1e, 0x0b, 0x09, 0x0d, 0x08, 
	0x05, 0x03, 0x03, 0x0f, 0x1b, 0x0a, 0x01, 0x07, 
	0x04, 0x04, 0x04, 0x14, 0x06, 0x06, 0x0d, 0x0b, 
	0x06, 0x0f, 0x0c, 0x0d, 0x16, 0x02, 0x01, 0x11, 
	0x03, 0x0e, 0x1c, 0x0d, 0x0e, 0x09, 0x09, 0x09, 
	0x10, 0x04, 0x0b, 0x16, 0x0b, 0x2c, 0x01, 0x15, 
	0x03, 0x0d, 0x04, 0x13, 0x16, 0x0d, 0x15, 0x03, 
	0x06, 0x05, 0x0f, 0x02, 0x05, 0x16, 0x18, 0x28, 
	0x01, 0x0b, 0x12, 0x0f, 0x00, 0x1e, 0x0c, 0x21, 
	0x05, 0x07, 0x0b, 0x05, 0x0d, 0x2b, 0x0b, 0x15, 
	0x01, 0x01, 0x0b, 0x09, 0x02, 0x0c, 0x01, 0x18, 
	0x06, 0x09, 0x0d, 0x09, 0x05, 0x02, 0x1b, 0x2a, 
	0x15, 0x0c, 0x1c, 0x00, 0x09, 0x0f, 0x16, 0x16, 
	0x02, 0x17, 0x01, 0x05, 0x00, 0x24, 0x03, 0x12, 
	0x04, 0x01, 0x1b, 0x0d, 0x14, 0x16, 0x01, 0x1b, 
	0x21, 0x06, 0x06, 0x06, 0x02, 0x09, 0x27, 0x23, 
	0x19, 0x0b, 0x12, 0x03, 0x09, 0x0f, 0x04, 0x00, 
	0x0f, 0x12, 0x0b, 0x10, 0x04, 0x23, 0x03, 0x01, 
	0x04, 0x0e, 0x03, 0x0c, 0x05, 0x09, 0x04, 0x18, 
	0x06, 0x09, 0x09, 0x06, 0x02, 0x0b, 0x03, 0x2b, 
	0x07, 0x0f, 0x11, 0x04, 0x1e, 0x0f, 0x0d, 0x04, 
	0x0c, 0x17, 0x0f, 0x02, 0x0e, 0x11, 0x18, 0x01, 
	0x15, 0x0b, 0x09, 0x0b, 0x0f, 0x02, 0x0d, 0x18, 
	0x04, 0x0f, 0x05, 0x06, 0x16, 0x0c, 0x1a, 0x23, 
	
};

Gfx rgardenhall_W4_pal_rgba16_aligner[] = {gsSPEndDisplayList()};
u8 rgardenhall_W4_pal_rgba16[] = {
	0x30, 0xc5, 0x6a, 0x0b, 0x18, 0x83, 0x61, 0xcb, 
	0x51, 0x89, 0x10, 0x43, 0x00, 0x01, 0x7a, 0x4d, 
	0x41, 0x07, 0x28, 0xc5, 0x9a, 0xcf, 0x49, 0x49, 
	0x41, 0x47, 0x39, 0x07, 0x49, 0x89, 0x31, 0x05, 
	0x10, 0x41, 0xa3, 0x11, 0x8a, 0x8f, 0x18, 0x43, 
	0x08, 0x41, 0x72, 0x4d, 0x20, 0x83, 0x92, 0xcf, 
	0x59, 0xcb, 0x6a, 0x0d, 0x72, 0x0d, 0x59, 0xc9, 
	0x82, 0x8d, 0x82, 0x8f, 0x20, 0x85, 0x82, 0x4d, 
	0x9b, 0x11, 0x08, 0x01, 0xab, 0x11, 0xab, 0x51, 
	0xa3, 0x51, 0x92, 0x8f, 0xb3, 0x51, 0x59, 0x89, 
	0xb3, 0x53, 0xbb, 0x95, 0xb3, 0x93, 0xbb, 0x93, 
	0xc4, 0x17, 
};

Gfx rgardenhall_flowertop_rgba16_aligner[] = {gsSPEndDisplayList()};
u8 rgardenhall_flowertop_rgba16[] = {
	0xdd, 0x8d, 0xac, 0xcf, 0xdd, 0x91, 0xf6, 0x0f, 
	0xf6, 0x0f, 0xdd, 0x4f, 0xed, 0xcd, 0xac, 0xcd, 
	0x53, 0x8d, 0x73, 0xcd, 0x63, 0xcf, 0x64, 0x0d, 
	0x4a, 0x8b, 0x6b, 0xd1, 0xd5, 0x8f, 0xf6, 0x0f, 
	0xf6, 0x0d, 0xcd, 0x4b, 0xac, 0x8b, 0x94, 0x4b, 
	0x9c, 0x8b, 0xf6, 0x11, 0xcc, 0xcb, 0xf6, 0x0d, 
	0xd5, 0x8f, 0x74, 0x11, 0x6c, 0x09, 0xd5, 0x8f, 
	0xf6, 0x11, 0xe6, 0x11, 0xed, 0xd1, 0xf6, 0x0d, 
	0xf6, 0x0d, 0xb4, 0xcb, 0xbd, 0x11, 0xf6, 0x0f, 
	0xf6, 0x0d, 0xcd, 0x0d, 0xdd, 0x8d, 0x6c, 0x0b, 
	0x63, 0xcb, 0x63, 0x4b, 0x4b, 0x4b, 0x63, 0xcb, 
	0xa4, 0x8f, 0xa4, 0x8d, 0xee, 0x0f, 0xf6, 0x0d, 
	0xdd, 0x8b, 0xed, 0xcb, 0x7b, 0xcb, 0xa4, 0xd1, 
	0xbd, 0x0d, 0xcd, 0x0f, 0x7b, 0x8b, 0xf5, 0xcd, 
	0x9c, 0x4d, 0x53, 0x0b, 0x53, 0x89, 0xcd, 0x8f, 
	0xdd, 0x8d, 0xf6, 0x0f, 0xf6, 0x0f, 0xf6, 0x0f, 
	0xf6, 0x0b, 0xf6, 0x0b, 0x8c, 0x8f, 0xd5, 0x4d, 
	0xf5, 0xc9, 0xe5, 0x8d, 0xf6, 0x0d, 0x8c, 0x8b, 
	0x63, 0xc9, 0x5b, 0x49, 0x53, 0x4b, 0x84, 0x0d, 
	0xbc, 0xd1, 0xd5, 0x0b, 0xe5, 0x8b, 0xed, 0xcb, 
	0xb4, 0x89, 0xd5, 0x4d, 0x73, 0x8d, 0xf6, 0x0f, 
	0xbd, 0x4f, 0xcd, 0x4d, 0xe5, 0x8f, 0xd5, 0x4d, 
	0x7b, 0xcf, 0x53, 0x4d, 0x5b, 0xcd, 0x8c, 0x4f, 
	0xa4, 0xcb, 0xf6, 0x0f, 0xf6, 0x0f, 0xf6, 0x0d, 
	0xf6, 0x0b, 0xf6, 0x0f, 0xa4, 0x8f, 0xbc, 0xcf, 
	0xf6, 0x0f, 0xac, 0x8b, 0xed, 0xcd, 0xcd, 0x8d, 
	0x5b, 0xcd, 0x4a, 0xcb, 0x53, 0x4b, 0x5b, 0x4d, 
	0x73, 0x8d, 0x8c, 0x49, 0x94, 0x49, 0x8c, 0x0b, 
	0x63, 0x8d, 0xcd, 0x4b, 0xf6, 0x51, 0xf6, 0x53, 
	0xa4, 0x8f, 0xe5, 0xcf, 0xf6, 0x0d, 0xd5, 0x8f, 
	0x94, 0x93, 0xa4, 0x8f, 0x83, 0xcd, 0x63, 0xd1, 
	0x7b, 0xcd, 0x9c, 0x8b, 0xb5, 0x0f, 0xe5, 0xcd, 
	0xf6, 0x0d, 0xf6, 0x0d, 0xc5, 0x0d, 0xb4, 0x8b, 
	0xc4, 0xcf, 0xbc, 0xd1, 0xb4, 0x8d, 0xf6, 0x0b, 
	0xa4, 0x91, 0x6b, 0x51, 0x5b, 0x8b, 0x53, 0x4b, 
	0x6b, 0x8f, 0x84, 0x4d, 0x6b, 0xc9, 0x4b, 0x0d, 
	0x53, 0x8f, 0x94, 0x8d, 0xc5, 0x4b, 0xed, 0xcb, 
	0x9c, 0x8f, 0x9c, 0x8f, 0xbd, 0x0d, 0xe5, 0xcf, 
	0xd5, 0x91, 0xf6, 0x0f, 0xf6, 0x4f, 0xbd, 0x0d, 
	0x6b, 0x4b, 0x63, 0x89, 0xcd, 0x8f, 0xf6, 0x53, 
	0xf6, 0x0b, 0xdd, 0x8b, 0x94, 0x8d, 0x84, 0x4d, 
	0x63, 0x0b, 0x94, 0x8f, 0x8c, 0x11, 0xbc, 0x93, 
	0xd3, 0xdb, 0xc3, 0x59, 0x8c, 0x11, 0x73, 0x4f, 
	0x52, 0xcb, 0x94, 0x8d, 0xed, 0xcb, 0xc5, 0x0d, 
	0x94, 0x8f, 0x73, 0xcf, 0xdd, 0x8d, 0xdd, 0x8b, 
	0x83, 0xcd, 0x6b, 0xcf, 0x94, 0x8f, 0xe5, 0x8d, 
	0xe5, 0xcf, 0xf6, 0x0d, 0xf6, 0x0d, 0xe5, 0x8b, 
	0x6b, 0x8b, 0x63, 0xcb, 0x94, 0x8d, 0xc5, 0x11, 
	0xf6, 0x0d, 0xa4, 0xcf, 0x64, 0x0b, 0x63, 0x8b, 
	0x63, 0x4b, 0x83, 0xcf, 0xdb, 0xdb, 0xdb, 0x5b, 
	0xeb, 0xe1, 0xeb, 0xe1, 0xdb, 0x5b, 0xcb, 0x9b, 
	0x8b, 0x91, 0xac, 0x8f, 0xf6, 0x0b, 0xf6, 0x0d, 
	0xf6, 0x0b, 0xcd, 0x4b, 0xb4, 0x8d, 0xe5, 0x8d, 
	0xe5, 0xcb, 0x94, 0x4d, 0xa4, 0x8d, 0xcd, 0x4d, 
	0xf6, 0x0f, 0xdd, 0x4d, 0xf5, 0xcd, 0xed, 0xcd, 
	0xac, 0xcf, 0x74, 0x0f, 0xc5, 0x13, 0xc4, 0xcd, 
	0xf6, 0x11, 0x9c, 0x8d, 0x63, 0xcd, 0x5b, 0x4b, 
	0x63, 0x4b, 0xcc, 0xd1, 0xec, 0x1d, 0xeb, 0xe1, 
	0xf6, 0x2f, 0xf6, 0x2f, 0xeb, 0xe1, 0xe3, 0xdb, 
	0xf5, 0xd1, 0xf6, 0x0d, 0xf5, 0xcb, 0xf5, 0xcb, 
	0xf6, 0x0b, 0xf6, 0x0d, 0xdd, 0x8d, 0xf6, 0x0d, 
	0xf6, 0x0f, 0xac, 0x8d, 0xdd, 0x4d, 0xf6, 0x0d, 
	0xc4, 0xcf, 0xd5, 0x4f, 0xee, 0x0f, 0xf6, 0x4f, 
	0xf6, 0x0f, 0xe6, 0x11, 0xf6, 0x53, 0xf6, 0x0f, 
	0xf6, 0x0d, 0xa4, 0x8d, 0x63, 0x8f, 0x53, 0x0d, 
	0xa4, 0x8d, 0xf6, 0x51, 0xf5, 0x97, 0xeb, 0xdd, 
	0xeb, 0xe1, 0xeb, 0xe1, 0xe3, 0x9d, 0xf5, 0x97, 
	0xf6, 0x0d, 0xf6, 0x0d, 0xf6, 0x0f, 0xf5, 0xcd, 
	0xf6, 0x0f, 0xf6, 0x0d, 0xf6, 0x0d, 0xf6, 0x0d, 
	0xa4, 0x8f, 0xd5, 0x8d, 0xf6, 0x0f, 0xf6, 0x0d, 
	0xcd, 0x15, 0xa4, 0x53, 0xf6, 0x0f, 0xf6, 0x0d, 
	0xf6, 0x0d, 0xf6, 0x0f, 0xf6, 0x0f, 0xf6, 0x0f, 
	0xf6, 0x0b, 0xcd, 0x0d, 0x53, 0x4b, 0x8b, 0xcd, 
	0xa4, 0x8f, 0xe5, 0xcf, 0xf5, 0xd1, 0xec, 0x5d, 
	0xeb, 0xdd, 0xe3, 0x9b, 0xd3, 0x9b, 0xc4, 0x91, 
	0xf6, 0x11, 0xf5, 0xc9, 0xf6, 0x0d, 0xf6, 0x0f, 
	0xcd, 0x4b, 0xe5, 0x89, 0xf5, 0xcd, 0xed, 0xcb, 
	0xac, 0x8d, 0xdd, 0x8d, 0xf6, 0x15, 0xf5, 0xdb, 
	0xc4, 0xa7, 0xc4, 0xe9, 0xdd, 0x5d, 0xcd, 0x15, 
	0xf5, 0xcb, 0xf6, 0x11, 0xf6, 0x11, 0xf6, 0x0f, 
	0xed, 0xc9, 0xf6, 0x0f, 0x9c, 0x8d, 0x6b, 0x4b, 
	0x94, 0x0d, 0xd5, 0x4d, 0xed, 0x8b, 0xf5, 0x8f, 
	0xf5, 0xd1, 0xcc, 0xcf, 0x73, 0x0f, 0x63, 0x0b, 
	0xdd, 0x4f, 0xed, 0xcf, 0xf6, 0x0b, 0xf6, 0x4d, 
	0xdd, 0xcd, 0xc5, 0x0d, 0x94, 0x09, 0x9c, 0x4b, 
	0x94, 0x4b, 0xa4, 0x93, 0xbc, 0xa7, 0xcc, 0xeb, 
	0xde, 0x77, 0xde, 0x77, 0xc4, 0xab, 0xbc, 0xa5, 
	0xdd, 0x55, 0xc5, 0x0d, 0xd5, 0x0d, 0xcd, 0x0b, 
	0x94, 0x4d, 0xd5, 0x8f, 0xc5, 0x4b, 0x4a, 0xcd, 
	0x9c, 0x8f, 0xdd, 0x8d, 0x7b, 0x8b, 0xdd, 0x4d, 
	0xe5, 0xcd, 0xf6, 0x0d, 0xf6, 0x0f, 0x9c, 0x4d, 
	0x9c, 0x4b, 0xf6, 0x0f, 0xf6, 0x0d, 0xed, 0xcb, 
	0xf6, 0x09, 0xf6, 0x09, 0xcd, 0x0b, 0xac, 0x8d, 
	0x8c, 0x4d, 0x73, 0xd3, 0xb4, 0xa5, 0xc4, 0xa9, 
	0xc4, 0xad, 0xc4, 0xad, 0xb4, 0xa9, 0xc4, 0xa7, 
	0xf6, 0x15, 0xc5, 0x4b, 0x8c, 0x4b, 0x6b, 0x49, 
	0xf6, 0x0f, 0xf6, 0x0f, 0xe5, 0x8d, 0x7b, 0x8b, 
	0xc5, 0x0f, 0xd5, 0x8d, 0x7b, 0x8b, 0x93, 0xcd, 
	0xe5, 0x91, 0xf5, 0xcf, 0xf5, 0xcd, 0xf6, 0x0d, 
	0xcd, 0x0b, 0xf6, 0x09, 0xf6, 0x0b, 0xf6, 0x0b, 
	0xf6, 0x09, 0xf6, 0x09, 0xf6, 0x0d, 0x94, 0x4b, 
	0xcd, 0x4d, 0x84, 0x0d, 0x7c, 0x11, 0xac, 0x99, 
	0xc4, 0xa7, 0xc4, 0xa7, 0xa4, 0x99, 0xac, 0x93, 
	0xcd, 0x0d, 0xa4, 0x8d, 0x63, 0x4b, 0xb4, 0x8d, 
	0xf6, 0x0d, 0xf6, 0x0f, 0xf6, 0x51, 0xf6, 0x4d, 
	0xf6, 0x4f, 0xf6, 0x4d, 0xf6, 0x0d, 0x6b, 0x0b, 
	0xed, 0xcb, 0xf6, 0x0f, 0xf5, 0xcd, 0xe5, 0x8b, 
	0xf6, 0x0b, 0xc4, 0xcb, 0xdd, 0x4d, 0xf6, 0x0b, 
	0xf5, 0xc7, 0xf5, 0xcb, 0xf5, 0xcb, 0xed, 0xcb, 
	0xf6, 0x0d, 0xd5, 0x8f, 0x9c, 0x8b, 0x8c, 0x0d, 
	0xac, 0x95, 0xf6, 0x17, 0xf6, 0x0d, 0xac, 0x8d, 
	0x9c, 0x91, 0x7c, 0x0d, 0x5b, 0x4b, 0x94, 0x4d, 
	0xbd, 0x0b, 0xf6, 0x4d, 0xf6, 0x0f, 0xf6, 0x0d, 
	0xf6, 0x0b, 0xe5, 0xcd, 0xf6, 0x0d, 0xc5, 0x0f, 
	0xe5, 0xcd, 0xac, 0x4b, 0x73, 0x49, 0x93, 0xcb, 
	0xdd, 0x8d, 0x9c, 0x4b, 0xc4, 0xcd, 0xf6, 0x0b, 
	0xf5, 0xc7, 0xf5, 0xc7, 0xf6, 0x0d, 0xf6, 0x4f, 
	0xf6, 0x0b, 0xf6, 0x0f, 0xe5, 0xd1, 0xf6, 0x0d, 
	0xd5, 0x8f, 0xe5, 0xcf, 0xf6, 0x0f, 0xd5, 0x0d, 
	0x7c, 0x0f, 0x84, 0x0d, 0x6c, 0x0d, 0x6b, 0xcd, 
	0xe5, 0xcf, 0xed, 0xd1, 0xf6, 0x0d, 0xf6, 0x0b, 
	0xd5, 0x4b, 0xf6, 0x0b, 0xf6, 0x0f, 0xc5, 0x0d, 
	0x9c, 0x8d, 0xbc, 0x8d, 0x83, 0x8b, 0xe5, 0xcd, 
	0xb4, 0xcd, 0x6b, 0x8d, 0xcd, 0x0f, 0xcd, 0x0d, 
	0xdd, 0x09, 0xf5, 0xc7, 0xd5, 0x4d, 0xbc, 0xcd, 
	0xf6, 0x0d, 0xb4, 0xcd, 0xf6, 0x0f, 0xf6, 0x0f, 
	0xf6, 0x0f, 0xf6, 0x0f, 0xf6, 0x0b, 0xf6, 0x0d, 
	0xd5, 0x8f, 0xbc, 0xcd, 0x63, 0xcd, 0xa4, 0xcf, 
	0x94, 0x4f, 0xc5, 0x0f, 0xf6, 0x4d, 0xf6, 0x0d, 
	0x94, 0x11, 0xdd, 0x55, 0xb4, 0x8d, 0x63, 0x0b, 
	0x63, 0x4b, 0x4a, 0x89, 0x94, 0x09, 0xf6, 0x0b, 
	0xf6, 0x0d, 0x74, 0x0b, 0xc5, 0x0d, 0x94, 0x0d, 
	0x8b, 0xcd, 0xf5, 0xc7, 0xcd, 0x0d, 0x84, 0x0b, 
	0xdd, 0x8f, 0xc4, 0xcd, 0xf6, 0x0d, 0xf6, 0x0f, 
	0xf6, 0x0d, 0xf6, 0x4d, 0xb4, 0xcb, 0xa4, 0x8d, 
	0xa4, 0x8d, 0xbd, 0x0f, 0x7c, 0x4f, 0x94, 0x4b, 
	0xee, 0x0d, 0xc4, 0xcb, 0xf6, 0x15, 0xf6, 0x1b, 
	0xe5, 0x29, 0xdd, 0x27, 0xcc, 0xd9, 0xd5, 0x13, 
	0xdd, 0x8d, 0x6a, 0xcb, 0x8b, 0x8d, 0xdd, 0x8b, 
	0xf6, 0x09, 0xb4, 0xcb, 0xbd, 0x0f, 0xf6, 0x0d, 
	0xe5, 0xcf, 0xc5, 0x0b, 0xf6, 0x4f, 0xe5, 0xcd, 
	0xd5, 0x4f, 0xa4, 0x91, 0xac, 0x8b, 0xf6, 0x0b, 
	0xf6, 0x0f, 0xf6, 0x0b, 0xd5, 0x8d, 0x73, 0xcb, 
	0xb4, 0xcf, 0xcd, 0x0d, 0xe5, 0xcd, 0xcd, 0x0d, 
	0xf6, 0x0d, 0xf6, 0x15, 0xed, 0x29, 0xed, 0x6d, 
	0xf6, 0xb7, 0xf6, 0xb7, 0xed, 0x6d, 0xf5, 0x29, 
	0xf6, 0x15, 0xed, 0x8d, 0xf5, 0xcf, 0xf6, 0x0f, 
	0xed, 0xcd, 0xf6, 0x0b, 0xed, 0xcd, 0xf5, 0xcd, 
	0xf6, 0x0d, 0xf6, 0x0d, 0xf6, 0x0d, 0xf6, 0x0d, 
	0xf6, 0x0b, 0x8c, 0x4d, 0xac, 0x8b, 0xf6, 0x0d, 
	0xf6, 0x0d, 0xf6, 0x0d, 0xf6, 0x0f, 0xb4, 0xcd, 
	0xac, 0x8b, 0x94, 0x8d, 0xf6, 0x0d, 0xf6, 0x51, 
	0xf6, 0x0d, 0xf6, 0x17, 0xec, 0xe7, 0xec, 0xe9, 
	0xed, 0x2f, 0xed, 0x2f, 0xf4, 0xeb, 0xed, 0x27, 
	0xf5, 0xd3, 0xf6, 0x0b, 0xf6, 0x0d, 0xf6, 0x0d, 
	0xf6, 0x51, 0xf6, 0x0d, 0xd5, 0x4b, 0xf6, 0x0d, 
	0xf6, 0x0d, 0xed, 0xcb, 0xd5, 0x4b, 0xdd, 0x4b, 
	0xf6, 0x0d, 0x94, 0x4d, 0xf6, 0x0f, 0xd5, 0x4d, 
	0x9c, 0x8b, 0xe5, 0xcb, 0xed, 0xcf, 0xf6, 0x0d, 
	0xf6, 0x51, 0xa4, 0x8f, 0xd5, 0x4d, 0xf6, 0x4d, 
	0xf6, 0x0d, 0xf5, 0xcd, 0xb4, 0x93, 0xcc, 0xd7, 
	0xed, 0x27, 0xec, 0xe7, 0xdd, 0x19, 0xe5, 0x93, 
	0xf5, 0xcb, 0xa4, 0x4b, 0xf6, 0x0b, 0xf6, 0x0d, 
	0xee, 0x51, 0xd5, 0xd1, 0xcd, 0x4f, 0xf6, 0x0b, 
	0xe5, 0x8b, 0x9c, 0x8d, 0xd5, 0x4b, 0xe5, 0x89, 
	0xf6, 0x09, 0xf6, 0x0d, 0xf6, 0x0d, 0xe5, 0xcf, 
	0x9c, 0x8b, 0xa4, 0x89, 0xf6, 0x0d, 0xee, 0x0f, 
	0xf6, 0x51, 0xf6, 0x4f, 0xf6, 0x0b, 0xf6, 0x0d, 
	0xee, 0x0f, 0xed, 0xcb, 0xee, 0x0f, 0xd5, 0x8f, 
	0xd5, 0x15, 0x8b, 0x4f, 0x73, 0x4b, 0xc5, 0x0d, 
	0x9c, 0x8b, 0x93, 0xcd, 0xf6, 0x0f, 0xf6, 0x0b, 
	0xf5, 0xc9, 0xd5, 0x8f, 0xee, 0x0d, 0xf5, 0xcb, 
	0xf6, 0x0f, 0xdd, 0x8b, 0xe5, 0x8b, 0xd5, 0x0d, 
	0xf6, 0x0d, 0xf6, 0x13, 0xf5, 0xd3, 0xf5, 0xd3, 
	0xf6, 0x0d, 0xf6, 0x0d, 0xf6, 0x0d, 0xf6, 0x0f, 
	0xf6, 0x0d, 0xf6, 0x0b, 0xb4, 0x8b, 0xcd, 0x0b, 
	0xf6, 0x0d, 0xcd, 0x0d, 0xcd, 0x0d, 0x7b, 0x8d, 
	0xac, 0x8b, 0x94, 0x0d, 0xe5, 0x8d, 0xf6, 0x53, 
	0x7c, 0x0d, 0x9c, 0x8f, 0xd5, 0x4d, 0x93, 0xc9, 
	0xf5, 0xc7, 0xed, 0x89, 0x9c, 0x8d, 0xdd, 0x8d, 
	0xdd, 0x8d, 0xd5, 0x4b, 0xe5, 0xcd, 0xf6, 0x0f, 
	0xf5, 0xd3, 0xec, 0x1d, 0xeb, 0x9d, 0xec, 0x1b, 
	0xf5, 0xd1, 0xd5, 0x4d, 0xee, 0x0f, 0xf6, 0x4f, 
	0xf6, 0x0b, 0xed, 0xcf, 0xa4, 0x8f, 0x93, 0xcb, 
	0xa4, 0x4d, 0xbc, 0xcd, 0x9c, 0x8d, 0x8b, 0xcb, 
	0x6b, 0x0b, 0x52, 0x89, 0xc4, 0xcb, 0xf6, 0x0b, 
	0xac, 0xcb, 0x8c, 0x4d, 0xdd, 0x4d, 0xac, 0x8f, 
	0xc4, 0xcb, 0xf6, 0x0d, 0x9c, 0x8d, 0xbc, 0xcb, 
	0xcd, 0x51, 0xc5, 0x0d, 0xf6, 0x0d, 0xed, 0x91, 
	0xf5, 0x95, 0xec, 0x61, 0xeb, 0xe1, 0xe4, 0x1f, 
	0xcc, 0x95, 0xe5, 0x93, 0xf5, 0xcd, 0xf6, 0x0b, 
	0xf6, 0x0f, 0xf6, 0x0f, 0xed, 0xd1, 0xbc, 0xcd, 
	0xa4, 0x8d, 0x93, 0xcb, 0xdd, 0x8b, 0xd5, 0x4d, 
	0x94, 0x0d, 0x73, 0x0d, 0xbc, 0xcf, 0xdd, 0x4b, 
	0xf6, 0x0d, 0xbc, 0xcd, 0xf6, 0x0f, 0xf6, 0x0d, 
	0xdd, 0x8d, 0xf6, 0x4b, 0xf6, 0x0d, 0xee, 0x0f, 
	0xd5, 0x4f, 0x94, 0x8d, 0xdd, 0x53, 0xe3, 0xdb, 
	0xec, 0x1f, 0xf6, 0xb5, 0xf7, 0x39, 0xf6, 0xb5, 
	0xec, 0x5f, 0xec, 0x1d, 0xf5, 0xd3, 0xcd, 0x0d, 
	0xf5, 0xcf, 0xf5, 0xcd, 0xf5, 0xcd, 0xf6, 0x0d, 
	0xf6, 0x0d, 0xe5, 0xcf, 0xf6, 0x0b, 0xdd, 0xcd, 
	0x74, 0x4f, 0x83, 0x8d, 0xed, 0x89, 0xf5, 0xc9, 
	0xf6, 0x0b, 0xbc, 0xcd, 0xac, 0x8b, 0xf6, 0x0b, 
	0xf6, 0x0b, 0xf6, 0x0d, 0xbc, 0xcf, 0xd5, 0x4d, 
	0xc4, 0xcb, 0x8c, 0x0b, 0xdd, 0x4f, 0xd3, 0x9b, 
	0xe4, 0x1f, 0xf6, 0xb5, 0xf7, 0x39, 0xf6, 0xb5, 
	0xe4, 0x1f, 0xe4, 0x1b, 0xf5, 0xd3, 0xa4, 0x8f, 
	0xe5, 0x4d, 0xcc, 0xcf, 0xd5, 0x0f, 0xc5, 0x0b, 
	0xcd, 0x8d, 0xc5, 0x0f, 0xb4, 0x89, 0xee, 0x0d, 
	0x84, 0x4f, 0x9c, 0x8d, 0xb4, 0x89, 0xdd, 0x09, 
	0xf5, 0xc7, 0xdd, 0x8d, 0x7b, 0x8b, 0xd5, 0x49, 
	0xd5, 0x0b, 0xe5, 0xcb, 0x94, 0x4d, 0xb4, 0xd1, 
	0x9c, 0x8b, 0xac, 0x8b, 0xe5, 0x89, 0xdd, 0x0f, 
	0xac, 0x17, 0xdb, 0xdf, 0xeb, 0xe1, 0xec, 0x61, 
	0xf5, 0x97, 0xbc, 0x91, 0xf6, 0x0d, 0x9c, 0x8f, 
	0x8c, 0x4d, 0xcd, 0x51, 0x83, 0x8d, 0x84, 0x4b, 
	0x42, 0x4b, 0x5a, 0xcb, 0x73, 0x4b, 0x6b, 0x8b, 
	0x5b, 0x49, 0x6c, 0x0d, 0x63, 0x4d, 0xac, 0x89, 
	0xd5, 0x49, 0xcd, 0x4b, 0xe5, 0x8b, 0x94, 0x4b, 
	0x5b, 0x0b, 0x5b, 0x4b, 0x7c, 0x0b, 0x63, 0x8d, 
	0x94, 0x8d, 0x73, 0x4b, 0x94, 0x0d, 0xf5, 0xc9, 
	0xb4, 0x91, 0xbb, 0x19, 0xd3, 0x1b, 0xd3, 0x99, 
	0xed, 0x91, 0xf6, 0x0f, 0xf6, 0x0b, 0xac, 0x8f, 
	0x9c, 0x8f, 0xc4, 0xcd, 0x5a, 0x89, 0x63, 0x8b, 
	0x53, 0x8f, 0x63, 0x8b, 0x63, 0x4b, 0x42, 0xcb, 
	0x3a, 0x89, 0x53, 0x4b, 0x63, 0x0b, 0x63, 0x4b, 
	0x7c, 0x4b, 0xcd, 0x0b, 0xf5, 0xc9, 0xcd, 0x0d, 
	0xac, 0x91, 0xc5, 0x51, 0x94, 0x0b, 0x84, 0x49, 
	0x63, 0xcf, 0x5b, 0x4b, 0x6b, 0x8b, 0x94, 0x0d, 
	0x94, 0x4d, 0x6a, 0xcd, 0x5a, 0x4b, 0x73, 0x0f, 
	0xc5, 0x0b, 0xee, 0x13, 0xbd, 0x17, 0xb4, 0x8d, 
	0xb4, 0xcf, 0xcd, 0x4d, 0x83, 0x8b, 0x53, 0x4b, 
	0x64, 0x4f, 0x84, 0x4b, 0x73, 0x8f, 0x5b, 0x8d, 
	0x6c, 0x0b, 0x94, 0x4b, 0xc5, 0x0f, 0x73, 0xcf, 
	0x8c, 0x4d, 0xf6, 0x0f, 0xf6, 0x0d, 0xa4, 0x8d, 
	0x7c, 0x0d, 0xbd, 0x4f, 0xa4, 0x8d, 0xdd, 0x8b, 
	0x84, 0x0d, 0xb4, 0xcb, 0x63, 0x0b, 0x4a, 0xcb, 
	0xc5, 0x4f, 0xf6, 0x4d, 0xdd, 0x4d, 0xbc, 0x8d, 
	0xa4, 0x8b, 0x9c, 0x91, 0xad, 0x15, 0xac, 0x8d, 
	0x63, 0x8b, 0x4a, 0xcb, 0x4a, 0x4b, 0x5b, 0x8d, 
	0x8b, 0xcb, 0x94, 0x4d, 0xee, 0x0f, 0xf6, 0x4d, 
	0xd5, 0x8b, 0xa4, 0x8d, 0xf6, 0x0f, 0xe5, 0xcf, 
	0xac, 0xcd, 0xac, 0x8b, 0xf5, 0xcd, 0xd5, 0x4b, 
	0x84, 0x09, 0x5b, 0xcb, 0x73, 0xcd, 0xa4, 0x8d, 
	0x74, 0x0f, 0xac, 0x8b, 0xdd, 0x4b, 0x73, 0x8b, 
	0xbc, 0xcf, 0xf6, 0x4b, 0xf6, 0x4b, 0xf6, 0x0f, 
	0x6b, 0x8f, 0x63, 0x4d, 0x6a, 0xcb, 0x73, 0x0b, 
	0x5c, 0x0b, 0x63, 0xcb, 0xb4, 0x8d, 0xb4, 0xcd, 
	0xa4, 0x4b, 0xb4, 0xcd, 0xf6, 0x13, 0xf6, 0x0b, 
	0xf6, 0x0f, 0xf6, 0x11, 0xd5, 0x4d, 0xf6, 0x0d, 
	0x84, 0x0d, 0x8c, 0x4d, 0xc5, 0x0f, 0xd5, 0x49, 
	0x9c, 0x09, 0x53, 0x0d, 0x8c, 0x4b, 0xac, 0x91, 
	0xac, 0xcd, 0x63, 0x8b, 0xdd, 0x4b, 0xb4, 0x8b, 
	0xa4, 0x8d, 0xf6, 0x0f, 0xf6, 0x0d, 0xf6, 0x0d, 
	0x9c, 0x8d, 0x6b, 0x4d, 0x9c, 0x0d, 0xb4, 0xcd, 
	0x94, 0x89, 0x9c, 0x8b, 0xf6, 0x0d, 0xf6, 0x0d, 
	
};

Gfx rgardenhall_vine1_ci8_aligner[] = {gsSPEndDisplayList()};
u8 rgardenhall_vine1_ci8[] = {
	0x00, 0x01, 0x02, 0x03, 0x04, 0x05, 0x06, 0x06, 
	0x07, 0x08, 0x00, 0x09, 0x0a, 0x0b, 0x0b, 0x0b, 
	0x0b, 0x0b, 0x0b, 0x0b, 0x0c, 0x0c, 0x0b, 0x0b, 
	0x0b, 0x0b, 0x0b, 0x0b, 0x0b, 0x0b, 0x0b, 0x0d, 
	0x0e, 0x0f, 0x07, 0x10, 0x0d, 0x06, 0x0b, 0x0b, 
	0x09, 0x0d, 0x02, 0x11, 0x12, 0x0b, 0x0b, 0x0b, 
	0x0b, 0x0b, 0x0b, 0x13, 0x13, 0x14, 0x15, 0x16, 
	0x17, 0x18, 0x0b, 0x0b, 0x0b, 0x0b, 0x06, 0x19, 
	0x01, 0x07, 0x0f, 0x1a, 0x04, 0x10, 0x12, 0x0b, 
	0x06, 0x06, 0x1b, 0x1c, 0x1b, 0x0b, 0x0b, 0x0b, 
	0x1d, 0x0a, 0x05, 0x1e, 0x0f, 0x02, 0x0d, 0x1f, 
	0x13, 0x20, 0x19, 0x0b, 0x0b, 0x0b, 0x21, 0x22, 
	0x02, 0x0f, 0x0e, 0x1a, 0x07, 0x23, 0x24, 0x0b, 
	0x0b, 0x18, 0x25, 0x26, 0x0a, 0x0b, 0x0b, 0x27, 
	0x28, 0x02, 0x29, 0x2a, 0x20, 0x26, 0x15, 0x2b, 
	0x2c, 0x2d, 0x2e, 0x13, 0x0b, 0x0b, 0x1c, 0x04, 
	0x2f, 0x30, 0x31, 0x07, 0x04, 0x0e, 0x32, 0x33, 
	0x0b, 0x0b, 0x11, 0x34, 0x0a, 0x0a, 0x35, 0x36, 
	0x37, 0x25, 0x08, 0x20, 0x12, 0x1c, 0x38, 0x39, 
	0x3a, 0x1a, 0x3b, 0x3c, 0x0b, 0x0b, 0x0b, 0x3d, 
	0x0b, 0x3e, 0x3f, 0x15, 0x08, 0x31, 0x0e, 0x07, 
	0x0b, 0x0b, 0x15, 0x0a, 0x3d, 0x0a, 0x40, 0x29, 
	0x41, 0x26, 0x30, 0x15, 0x42, 0x0a, 0x1b, 0x12, 
	0x12, 0x13, 0x2e, 0x43, 0x0b, 0x0b, 0x0b, 0x0b, 
	0x0b, 0x19, 0x03, 0x44, 0x45, 0x33, 0x46, 0x12, 
	0x0b, 0x0b, 0x0b, 0x42, 0x03, 0x47, 0x48, 0x49, 
	0x0a, 0x4a, 0x02, 0x26, 0x4b, 0x0f, 0x10, 0x4a, 
	0x10, 0x0f, 0x4c, 0x4d, 0x0b, 0x0b, 0x0b, 0x0b, 
	0x0b, 0x0b, 0x4e, 0x2f, 0x4f, 0x33, 0x02, 0x0b, 
	0x0b, 0x0b, 0x0b, 0x0b, 0x15, 0x3d, 0x0d, 0x0a, 
	0x0b, 0x0b, 0x26, 0x0f, 0x30, 0x50, 0x04, 0x3d, 
	0x10, 0x07, 0x51, 0x22, 0x0b, 0x0b, 0x0b, 0x0b, 
	0x0b, 0x0b, 0x0b, 0x12, 0x15, 0x23, 0x12, 0x0b, 
	0x0b, 0x0b, 0x0b, 0x0b, 0x0b, 0x0b, 0x0b, 0x0b, 
	0x0b, 0x0b, 0x0b, 0x52, 0x50, 0x53, 0x20, 0x03, 
	0x2f, 0x19, 0x54, 0x06, 0x0b, 0x0b, 0x0b, 0x0b, 
	0x0b, 0x0b, 0x0b, 0x0b, 0x07, 0x38, 0x0b, 0x0b, 
	0x0b, 0x0b, 0x55, 0x56, 0x0b, 0x0b, 0x0b, 0x0b, 
	0x0b, 0x0b, 0x0b, 0x0b, 0x53, 0x53, 0x20, 0x57, 
	0x58, 0x59, 0x5a, 0x0b, 0x0b, 0x0b, 0x0b, 0x0b, 
	0x0b, 0x0b, 0x0b, 0x5b, 0x33, 0x44, 0x2f, 0x0b, 
	0x0b, 0x2c, 0x14, 0x5c, 0x06, 0x0b, 0x0b, 0x0b, 
	0x0b, 0x0b, 0x0b, 0x0b, 0x53, 0x5d, 0x15, 0x5e, 
	0x5f, 0x60, 0x1d, 0x0b, 0x0b, 0x0b, 0x0b, 0x0b, 
	0x0b, 0x0b, 0x16, 0x1a, 0x31, 0x33, 0x15, 0x0b, 
	0x0b, 0x30, 0x61, 0x01, 0x1c, 0x62, 0x63, 0x15, 
	0x1e, 0x0b, 0x0b, 0x0b, 0x35, 0x64, 0x18, 0x65, 
	0x57, 0x66, 0x58, 0x0b, 0x0b, 0x0b, 0x0b, 0x0b, 
	0x0b, 0x0b, 0x19, 0x33, 0x67, 0x0e, 0x1c, 0x10, 
	0x46, 0x68, 0x33, 0x19, 0x1b, 0x02, 0x07, 0x1b, 
	0x30, 0x0e, 0x0b, 0x0b, 0x38, 0x37, 0x06, 0x0b, 
	0x65, 0x69, 0x60, 0x58, 0x0b, 0x0b, 0x0b, 0x0b, 
	0x0b, 0x0b, 0x22, 0x6a, 0x31, 0x0f, 0x10, 0x5c, 
	0x68, 0x35, 0x5c, 0x6b, 0x6c, 0x08, 0x15, 0x3d, 
	0x50, 0x5d, 0x36, 0x0b, 0x0b, 0x04, 0x0b, 0x0b, 
	0x0b, 0x6d, 0x6e, 0x58, 0x0b, 0x0b, 0x0b, 0x0b, 
	0x0b, 0x0b, 0x17, 0x6f, 0x70, 0x05, 0x10, 0x0f, 
	0x71, 0x56, 0x72, 0x73, 0x74, 0x17, 0x0b, 0x18, 
	0x01, 0x75, 0x76, 0x0b, 0x0b, 0x0b, 0x0b, 0x0b, 
	0x0b, 0x77, 0x78, 0x6e, 0x58, 0x0b, 0x0b, 0x0b, 
	0x0b, 0x0b, 0x0b, 0x34, 0x6e, 0x66, 0x59, 0x10, 
	0x12, 0x79, 0x7a, 0x7b, 0x1e, 0x0b, 0x0b, 0x0b, 
	0x15, 0x04, 0x49, 0x0b, 0x0b, 0x0b, 0x0b, 0x0b, 
	0x0b, 0x0b, 0x7c, 0x6e, 0x60, 0x0b, 0x0b, 0x0b, 
	0x0b, 0x0b, 0x0b, 0x0b, 0x7d, 0x5f, 0x60, 0x63, 
	0x06, 0x35, 0x0e, 0x7e, 0x05, 0x0b, 0x0b, 0x0b, 
	0x0b, 0x0b, 0x0b, 0x0b, 0x0b, 0x0b, 0x0b, 0x0b, 
	0x0b, 0x0b, 0x7f, 0x80, 0x58, 0x58, 0x0b, 0x0b, 
	0x0b, 0x0b, 0x0b, 0x0b, 0x81, 0x82, 0x58, 0x0b, 
	0x0b, 0x4f, 0x0f, 0x22, 0x0b, 0x0b, 0x0b, 0x0b, 
	0x0b, 0x0b, 0x0b, 0x0b, 0x0b, 0x0b, 0x0b, 0x0b, 
	0x0b, 0x0b, 0x7c, 0x80, 0x83, 0x0c, 0x0b, 0x0b, 
	0x0b, 0x0b, 0x0b, 0x0b, 0x84, 0x82, 0x80, 0x60, 
	0x0b, 0x11, 0x63, 0x0b, 0x0b, 0x0b, 0x0b, 0x0b, 
	0x0b, 0x0b, 0x0b, 0x0b, 0x0b, 0x0b, 0x0b, 0x0b, 
	0x0b, 0x0b, 0x7c, 0x83, 0x85, 0x85, 0x0b, 0x0b, 
	0x0b, 0x0b, 0x0b, 0x0b, 0x0b, 0x7f, 0x82, 0x86, 
	0x0f, 0x14, 0x42, 0x87, 0x12, 0x06, 0x88, 0x89, 
	0x46, 0x49, 0x0b, 0x0b, 0x0b, 0x0b, 0x0b, 0x0b, 
	0x0b, 0x0b, 0x7c, 0x0c, 0x58, 0x0b, 0x0b, 0x0b, 
	0x0b, 0x0b, 0x0b, 0x0b, 0x0b, 0x0b, 0x8a, 0x6d, 
	0x46, 0x46, 0x02, 0x11, 0x8b, 0x5c, 0x71, 0x46, 
	0x46, 0x50, 0x0d, 0x0b, 0x0b, 0x0b, 0x0b, 0x0b, 
	0x0b, 0x0b, 0x7c, 0x83, 0x58, 0x0b, 0x0b, 0x0b, 
	0x0b, 0x0b, 0x0b, 0x0b, 0x0b, 0x0b, 0x19, 0x0e, 
	0x33, 0x23, 0x8b, 0x0b, 0x56, 0x02, 0x56, 0x8c, 
	0x0f, 0x30, 0x14, 0x4a, 0x0b, 0x0b, 0x0b, 0x0b, 
	0x0b, 0x7c, 0x80, 0x0c, 0x58, 0x0b, 0x0b, 0x0b, 
	0x0b, 0x0b, 0x0b, 0x0b, 0x0b, 0x19, 0x53, 0x8d, 
	0x53, 0x8e, 0x8f, 0x0b, 0x0b, 0x63, 0x06, 0x06, 
	0x1c, 0x0d, 0x04, 0x12, 0x0b, 0x0b, 0x0b, 0x0b, 
	0x0b, 0x7f, 0x83, 0x58, 0x0b, 0x0b, 0x0b, 0x0b, 
	0x0b, 0x0b, 0x0b, 0x0b, 0x0b, 0x90, 0x91, 0x92, 
	0x23, 0x93, 0x60, 0x0b, 0x0b, 0x0b, 0x06, 0x0b, 
	0x0b, 0x0b, 0x0b, 0x12, 0x0b, 0x0b, 0x0b, 0x0b, 
	0x0b, 0x0b, 0x0b, 0x0b, 0x0b, 0x0b, 0x0b, 0x0b, 
	0x0b, 0x0b, 0x0b, 0x0b, 0x0b, 0x94, 0x2e, 0x23, 
	0x12, 0x5f, 0x93, 0x58, 0x0b, 0x0b, 0x07, 0x1f, 
	0x0b, 0x0b, 0x0b, 0x0b, 0x0b, 0x0b, 0x0b, 0x0b, 
	0x0b, 0x0b, 0x0b, 0x0b, 0x0b, 0x0b, 0x0b, 0x0b, 
	0x0b, 0x0b, 0x0b, 0x0b, 0x0b, 0x0f, 0x4c, 0x38, 
	0x7d, 0x4e, 0x59, 0x95, 0x58, 0x0b, 0x1f, 0x02, 
	0x11, 0x0b, 0x0b, 0x0b, 0x0b, 0x0b, 0x0b, 0x0b, 
	0x0b, 0x0b, 0x0b, 0x0b, 0x0b, 0x0b, 0x0b, 0x0b, 
	0x0b, 0x0b, 0x0b, 0x0b, 0x0b, 0x0b, 0x8c, 0x0b, 
	0x65, 0x93, 0x81, 0x78, 0x80, 0x58, 0x89, 0x22, 
	0x05, 0x10, 0x0b, 0x0b, 0x0b, 0x0b, 0x0b, 0x0b, 
	0x0b, 0x0b, 0x0b, 0x0b, 0x0b, 0x3c, 0x4d, 0x0b, 
	0x0b, 0x0b, 0x0b, 0x0b, 0x0b, 0x0b, 0x0b, 0x0b, 
	0x77, 0x96, 0x60, 0x7f, 0x6e, 0x97, 0x58, 0x07, 
	0x56, 0x10, 0x0b, 0x0b, 0x0b, 0x0b, 0x0b, 0x0b, 
	0x0b, 0x0b, 0x0b, 0x0b, 0x0b, 0x3c, 0x98, 0x01, 
	0x0b, 0x0b, 0x0b, 0x0b, 0x0b, 0x0b, 0x0b, 0x0b, 
	0x84, 0x80, 0x58, 0x0b, 0x99, 0x9a, 0x78, 0x58, 
	0x44, 0x26, 0x0d, 0x0b, 0x0b, 0x0b, 0x0b, 0x0b, 
	0x07, 0x07, 0x0b, 0x06, 0x02, 0x0e, 0x98, 0x1a, 
	0x0b, 0x0b, 0x0b, 0x0b, 0x0b, 0x0b, 0x0b, 0x0b, 
	0x7c, 0x83, 0x58, 0x0b, 0x0b, 0x8a, 0x59, 0x06, 
	0x1b, 0x63, 0x11, 0x6c, 0x46, 0x0b, 0x0b, 0x11, 
	0x6a, 0x35, 0x9b, 0x9c, 0x12, 0x26, 0x13, 0x9d, 
	0x0b, 0x0b, 0x0b, 0x0b, 0x0b, 0x0b, 0x0b, 0x0b, 
	0x85, 0x0c, 0x58, 0x0b, 0x0b, 0x0b, 0x7c, 0x0f, 
	0x56, 0x63, 0x4f, 0x01, 0x28, 0x56, 0x09, 0x68, 
	0x27, 0x04, 0x02, 0x2c, 0x46, 0x02, 0x20, 0x70, 
	0x0b, 0x0b, 0x0b, 0x0b, 0x0b, 0x0b, 0x0b, 0x0b, 
	0x85, 0x0c, 0x58, 0x0b, 0x0b, 0x0b, 0x02, 0x00, 
	0x70, 0x09, 0x0d, 0x8c, 0x55, 0x4f, 0x56, 0x36, 
	0x8c, 0x0a, 0x06, 0x9e, 0x9f, 0x56, 0x4a, 0x26, 
	0x0b, 0x0b, 0x0b, 0x0b, 0x0b, 0x0b, 0x0b, 0x0b, 
	0x85, 0x0c, 0x60, 0x0b, 0x0b, 0x0b, 0x38, 0x71, 
	0x20, 0x09, 0x0b, 0x0a, 0x48, 0x35, 0x8e, 0xa0, 
	0x1c, 0x06, 0x06, 0x5c, 0x24, 0x68, 0x18, 0x06, 
	0x0b, 0x0b, 0x0b, 0x0b, 0x0b, 0x0b, 0x0b, 0x85, 
	0x0c, 0x0c, 0x60, 0x0b, 0x0b, 0x0b, 0x10, 0x63, 
	0x4a, 0x66, 0x0b, 0x11, 0xa1, 0xa2, 0xa3, 0xa3, 
	0x10, 0x18, 0x06, 0x5c, 0x33, 0x01, 0x3d, 0x0b, 
	0x06, 0x0b, 0x0b, 0x0b, 0x0b, 0x0b, 0x0b, 0x7c, 
	0x0c, 0x60, 0x0b, 0x0b, 0x0b, 0x0b, 0x0b, 0x1c, 
	0x99, 0x97, 0x0b, 0x02, 0xa4, 0xa5, 0x02, 0x0a, 
	0x0a, 0x0b, 0x0b, 0x5b, 0x1e, 0x18, 0x4a, 0x10, 
	0x01, 0x38, 0x0b, 0x0b, 0x0b, 0x0b, 0x0b, 0x7f, 
	0x96, 0x60, 0x0b, 0x0b, 0x0b, 0x0b, 0x0b, 0x0b, 
	0x7c, 0x83, 0x0c, 0x0b, 0x63, 0x63, 0x26, 0x12, 
	0x0b, 0x0b, 0x0b, 0x5c, 0x38, 0x0a, 0x15, 0x01, 
	0x00, 0x68, 0x15, 0x0b, 0x0b, 0x0b, 0x0b, 0x99, 
	0x97, 0x58, 0x0b, 0x0b, 0x0b, 0x0b, 0x0b, 0x0b, 
	0x0b, 0x85, 0x82, 0x0b, 0x0b, 0x0b, 0x0a, 0x34, 
	0x07, 0x0f, 0x0b, 0x12, 0x12, 0x0b, 0x49, 0x22, 
	0x35, 0x6a, 0x11, 0x0b, 0x0b, 0x0b, 0x0b, 0x77, 
	0x97, 0x60, 0x0b, 0x0b, 0x0b, 0x0b, 0x0b, 0x0b, 
	0x0b, 0x7f, 0x95, 0x0b, 0x0b, 0x0b, 0x1c, 0x8c, 
	0x35, 0x68, 0x22, 0x26, 0x0b, 0x0b, 0x0b, 0x0b, 
	0x20, 0xa6, 0x6f, 0x0b, 0x0b, 0x0b, 0x84, 0x59, 
	0x66, 0x60, 0x0b, 0x0b, 0x0b, 0x0b, 0x0b, 0x0b, 
	0x0b, 0x84, 0x59, 0x66, 0x0a, 0x0a, 0x4a, 0x56, 
	0x35, 0xa7, 0x00, 0x0b, 0x0b, 0x0b, 0x0b, 0x0b, 
	0xa5, 0x2a, 0x38, 0x0b, 0x0b, 0x0b, 0x8a, 0x69, 
	0x8c, 0x56, 0x0d, 0x0b, 0x0b, 0x0b, 0x0b, 0x0b, 
	0x0b, 0x0b, 0x84, 0x04, 0x70, 0x8e, 0x3d, 0x0a, 
	0x8c, 0x00, 0x7b, 0x14, 0x0b, 0x0b, 0x0b, 0x0b, 
	0x0b, 0xa5, 0x06, 0x0b, 0x0b, 0x0b, 0x99, 0x02, 
	0x8c, 0x8c, 0x20, 0x1f, 0x0b, 0x0b, 0x0b, 0x0b, 
	0x0b, 0x0b, 0x46, 0x6c, 0x4f, 0xa8, 0x0b, 0x1b, 
	0x09, 0x0f, 0x0e, 0x0f, 0x0b, 0x0b, 0x0b, 0x0b, 
	0x0b, 0x06, 0x0b, 0x0b, 0x0b, 0x0b, 0x11, 0x14, 
	0x02, 0x27, 0xa9, 0xaa, 0x1f, 0x0b, 0x0b, 0x0b, 
	0x0b, 0x30, 0x50, 0x30, 0x26, 0x0b, 0x0b, 0x0b, 
	0xa3, 0x0f, 0x50, 0xab, 0x0b, 0x0b, 0x0b, 0x0b, 
	0x0b, 0x0b, 0x0b, 0x0b, 0x0b, 0x26, 0x46, 0x92, 
	0x26, 0x89, 0xac, 0xad, 0x89, 0x0b, 0x0b, 0x0b, 
	0x0b, 0x33, 0x71, 0x42, 0x1c, 0x07, 0x5c, 0x0b, 
	0x0b, 0x18, 0x19, 0x11, 0x0b, 0x0b, 0x0b, 0x0b, 
	0x0b, 0x0b, 0x0b, 0x63, 0x02, 0x63, 0x6c, 0xae, 
	0x8b, 0x0a, 0xaf, 0xb0, 0x39, 0x0a, 0x0b, 0x0b, 
	0x0a, 0x2f, 0x3d, 0x42, 0x07, 0x50, 0x01, 0x30, 
	0x0b, 0x0b, 0x1c, 0x1b, 0x0b, 0x0b, 0x0b, 0x0b, 
	0x0b, 0x0b, 0x0b, 0x26, 0x4f, 0x20, 0x02, 0x9f, 
	0x0f, 0x0a, 0x07, 0x7b, 0x01, 0x26, 0x4a, 0x06, 
	0x10, 0x4e, 0x10, 0x23, 0x14, 0x14, 0x46, 0x46, 
	0x07, 0x0b, 0x0b, 0x06, 0x0b, 0x0b, 0x0b, 0x0b, 
	0x0b, 0x0b, 0x0b, 0x0a, 0x12, 0x30, 0x23, 0xb1, 
	0xab, 0x09, 0x2f, 0x11, 0x71, 0x1c, 0x0a, 0x12, 
	0x88, 0x44, 0x3a, 0x01, 0x92, 0x79, 0xa3, 0x02, 
	0x56, 0x58, 0x0b, 0x0b, 0x0b, 0x0b, 0x0b, 0x0b, 
	0x0b, 0x0b, 0x0b, 0x0b, 0x06, 0x07, 0x6c, 0x46, 
	0x0f, 0x0a, 0x06, 0x0a, 0x02, 0x06, 0x07, 0x35, 
	0x46, 0xb1, 0x87, 0x87, 0x50, 0x01, 0x14, 0x0a, 
	0x1b, 0x58, 0x58, 0x0b, 0x0b, 0x0b, 0x0b, 0x0b, 
	0x0b, 0x0b, 0x0b, 0x0b, 0x0b, 0x1b, 0x12, 0x46, 
	0x71, 0x06, 0x06, 0x0b, 0x06, 0x06, 0x02, 0x33, 
	0x01, 0x79, 0x0f, 0x9c, 0x5c, 0x35, 0x35, 0xa5, 
	0x0a, 0x0c, 0x58, 0x0b, 0x0b, 0x0b, 0x0b, 0x0b, 
	0x0b, 0x0b, 0x0b, 0x0b, 0x0b, 0x60, 0x6e, 0xb2, 
	0xb3, 0x0b, 0x0b, 0x0b, 0x0b, 0x1c, 0x1c, 0x38, 
	0x68, 0x4f, 0x2f, 0x3d, 0x10, 0x02, 0x19, 0x20, 
	0x7c, 0x96, 0x58, 0x58, 0x0b, 0x0b, 0x0b, 0x0b, 
	0x58, 0x58, 0x58, 0x0b, 0x58, 0x99, 0x59, 0x0d, 
	0xb4, 0x0b, 0x0b, 0x0b, 0x0b, 0x0b, 0x19, 0x0a, 
	0x44, 0x1d, 0x26, 0x6f, 0x56, 0x57, 0x62, 0x44, 
	0x85, 0x96, 0x83, 0x58, 0x0b, 0x0b, 0x0b, 0x0b, 
	0x0c, 0x0c, 0x58, 0x58, 0x7f, 0x95, 0x66, 0x0b, 
	0x0d, 0x0b, 0x0b, 0x0b, 0x0b, 0x0b, 0x8c, 0x15, 
	0x10, 0x26, 0x23, 0x67, 0x35, 0x1c, 0x10, 0xb5, 
	0x4c, 0x50, 0x83, 0x58, 0x0b, 0x0b, 0x0b, 0x0b, 
	0x85, 0x0c, 0x83, 0x96, 0x66, 0xb6, 0x69, 0x0b, 
	0x0b, 0x0b, 0x0b, 0x0b, 0x0b, 0x0b, 0x15, 0x07, 
	0x50, 0x26, 0x20, 0xb7, 0x70, 0x0a, 0x0b, 0x22, 
	0x1a, 0x4c, 0x4d, 0x58, 0x0b, 0x1c, 0x15, 0x0b, 
	0x0b, 0x7c, 0x7f, 0x7f, 0x84, 0x96, 0x97, 0x0b, 
	0x0b, 0x0b, 0x0b, 0x0b, 0x0b, 0x0b, 0x0d, 0x14, 
	0x7e, 0x19, 0x15, 0x01, 0x11, 0x62, 0x0b, 0x63, 
	0x02, 0x39, 0x4c, 0x50, 0x34, 0x1e, 0x00, 0x13, 
	0x0b, 0x0b, 0x0b, 0x0b, 0x0b, 0x26, 0x07, 0x0b, 
	0x0b, 0x0b, 0x0b, 0x0b, 0x0b, 0x0b, 0x0b, 0x8c, 
	0xb8, 0x20, 0x1c, 0x11, 0xb3, 0x4a, 0x0b, 0x0b, 
	0x06, 0x44, 0x33, 0x33, 0x40, 0x68, 0x68, 0xb9, 
	0x0b, 0x0b, 0x0b, 0x0b, 0x0c, 0x2f, 0x0f, 0x05, 
	0x0b, 0x0b, 0x0b, 0x0b, 0x0b, 0x0b, 0x0b, 0x0d, 
	0x23, 0xba, 0x3d, 0xbb, 0xb3, 0x06, 0x0b, 0x0b, 
	0x06, 0x06, 0x79, 0x20, 0xb4, 0x09, 0xa6, 0xbc, 
	0x0b, 0x0b, 0x0b, 0x0b, 0x0c, 0x18, 0x89, 0x4d, 
	0xbd, 0x0b, 0x0b, 0x0b, 0x0b, 0x0b, 0x0b, 0x0b, 
	0x14, 0x0a, 0x62, 0x62, 0x06, 0x0b, 0x0b, 0x0b, 
	0x0b, 0x26, 0x63, 0x26, 0x0b, 0x1c, 0x0f, 0x07, 
	0x0b, 0x0b, 0x0b, 0x0b, 0x06, 0x3a, 0x53, 0x53, 
	0x46, 0x0b, 0x0b, 0x7f, 0x7c, 0x0b, 0x0b, 0x0b, 
	0x0b, 0x0b, 0x0f, 0x07, 0x0b, 0x0b, 0x0b, 0x0b, 
	0x22, 0x13, 0x14, 0x0a, 0x0b, 0x0b, 0xa5, 0x0a, 
	0x0b, 0x0b, 0x0b, 0x06, 0x4b, 0x4c, 0x31, 0x30, 
	0x07, 0x0b, 0x99, 0x80, 0x0c, 0x0b, 0x0b, 0x0b, 
	0x0b, 0x50, 0xbe, 0x0f, 0x0b, 0x0b, 0x0b, 0x30, 
	0x14, 0x31, 0x0e, 0xa2, 0x62, 0x0b, 0x0b, 0x4a, 
	0x0b, 0x0b, 0x06, 0x07, 0x44, 0x4c, 0x9e, 0x44, 
	0xbf, 0x95, 0x96, 0x0c, 0x0b, 0x0b, 0x0b, 0x0b, 
	0x4d, 0x9f, 0xc0, 0x44, 0x0b, 0x0b, 0x0b, 0x33, 
	0x02, 0x33, 0x36, 0x00, 0x63, 0x0b, 0x0b, 0x0b, 
	0x0b, 0x62, 0x07, 0x7e, 0x87, 0x87, 0x9c, 0x0b, 
	0x81, 0x69, 0x0b, 0x0b, 0x0b, 0x0b, 0x0b, 0x0b, 
	0x39, 0x46, 0x2c, 0x3d, 0x0b, 0x0b, 0x0b, 0x35, 
	0x26, 0x11, 0x00, 0x23, 0x04, 0x0b, 0x0b, 0x0b, 
	0x1c, 0x10, 0x71, 0x2c, 0x19, 0x19, 0x19, 0x0b, 
	0x82, 0x95, 0x0b, 0x0b, 0x0b, 0x0b, 0x0b, 0x0b, 
	0x5c, 0x5c, 0x52, 0x0b, 0x0b, 0x0b, 0x0b, 0x99, 
	0x0d, 0x06, 0x11, 0x56, 0x38, 0x0b, 0x0b, 0x0b, 
	0x1c, 0x02, 0x6c, 0xc1, 0x89, 0x50, 0x5c, 0x0b, 
	0x02, 0x30, 0x20, 0x0b, 0x0b, 0x0b, 0x0b, 0x0b, 
	0x0b, 0x8f, 0x19, 0x0b, 0x0b, 0x0b, 0x7f, 0x9a, 
	0x0b, 0x0b, 0x38, 0x15, 0x06, 0x0b, 0x0b, 0x0b, 
	0x1c, 0x26, 0x0f, 0x87, 0x89, 0xab, 0x42, 0x06, 
	0xb1, 0x0e, 0x22, 0x15, 0x0b, 0x0b, 0x0b, 0x0b, 
	0x0b, 0x8b, 0x0b, 0x0b, 0x0b, 0x0b, 0x99, 0x59, 
	0x0b, 0x0b, 0x06, 0x44, 0x0b, 0x0b, 0x0b, 0x0b, 
	0xab, 0x02, 0x8c, 0x05, 0x04, 0x11, 0x4a, 0x2f, 
	0x9e, 0x31, 0x01, 0xc2, 0x0a, 0x0b, 0x0b, 0x0b, 
	0x0b, 0x0b, 0x0b, 0x0b, 0x0b, 0x7f, 0x96, 0x97, 
	0x0b, 0x0b, 0x0b, 0x06, 0x0b, 0x0b, 0x0b, 0x1c, 
	
};

Gfx rgardenhall_vine1_pal_rgba16_aligner[] = {gsSPEndDisplayList()};
u8 rgardenhall_vine1_pal_rgba16[] = {
	0x74, 0x0d, 0x6b, 0xcd, 0x3a, 0x45, 0x29, 0x41, 
	0x42, 0x45, 0x31, 0x83, 0x08, 0x01, 0x42, 0x87, 
	0x63, 0xcb, 0x29, 0xc1, 0x21, 0x41, 0x08, 0x00, 
	0x6a, 0x81, 0x29, 0x81, 0x7c, 0x51, 0x53, 0x09, 
	0x29, 0x83, 0x42, 0x85, 0x32, 0x05, 0x6b, 0x8d, 
	0x42, 0xc7, 0x31, 0xc3, 0x42, 0x07, 0x42, 0x05, 
	0x29, 0x43, 0x42, 0x47, 0x73, 0xcf, 0x19, 0x41, 
	0x19, 0x01, 0x21, 0x01, 0x63, 0x4b, 0x4a, 0x89, 
	0x4a, 0xc7, 0x08, 0x81, 0x4a, 0x87, 0x53, 0x49, 
	0x74, 0x4f, 0x32, 0x43, 0x29, 0xc3, 0x7c, 0x0f, 
	0x5b, 0x89, 0x5b, 0x47, 0x63, 0x89, 0x6b, 0x4d, 
	0x5b, 0x0b, 0x63, 0xcd, 0x94, 0xd7, 0x21, 0x43, 
	0x5b, 0x4b, 0x84, 0x91, 0x84, 0xd3, 0x74, 0x0f, 
	0x3a, 0x03, 0x63, 0x8b, 0x84, 0x8f, 0x63, 0xc9, 
	0x3a, 0x05, 0x63, 0x4d, 0x42, 0x89, 0x94, 0xd5, 
	0x84, 0x13, 0x18, 0xc1, 0x4a, 0x49, 0x5a, 0xcb, 
	0x4a, 0xc5, 0x3a, 0x83, 0x21, 0x83, 0x94, 0x97, 
	0x31, 0xc5, 0x4b, 0x47, 0x63, 0x8d, 0x42, 0x83, 
	0x42, 0x43, 0x31, 0xc1, 0x10, 0x81, 0x29, 0xc5, 
	0x7c, 0x11, 0x6b, 0x8f, 0x18, 0x81, 0x4b, 0x07, 
	0x6b, 0xcf, 0x84, 0x53, 0x39, 0xc7, 0x84, 0x93, 
	0x63, 0x0f, 0x42, 0xc5, 0x32, 0x03, 0x10, 0x41, 
	0x20, 0x80, 0x20, 0x81, 0x52, 0x4d, 0x52, 0xc9, 
	0x4a, 0xc9, 0x84, 0x51, 0x18, 0x41, 0x28, 0x81, 
	0x18, 0x80, 0x6c, 0x0f, 0x10, 0xc1, 0x21, 0x81, 
	0x84, 0x4d, 0x39, 0x40, 0x41, 0x01, 0x95, 0x93, 
	0x7c, 0x4f, 0x39, 0x01, 0x73, 0xcd, 0x5b, 0x0d, 
	0x5b, 0x8b, 0x39, 0x41, 0x52, 0x01, 0x5b, 0x09, 
	0x53, 0x07, 0x5b, 0x49, 0x4a, 0xcb, 0x8d, 0x55, 
	0x8d, 0x11, 0x8c, 0x8f, 0x7c, 0x0d, 0x52, 0x00, 
	0x41, 0x81, 0x53, 0x4b, 0x5b, 0x8d, 0x7c, 0x91, 
	0x8b, 0x80, 0x20, 0xc0, 0x6c, 0x0d, 0x7b, 0x00, 
	0x5a, 0x41, 0x41, 0x80, 0x49, 0xc1, 0x6a, 0x01, 
	0x62, 0x40, 0x9c, 0x00, 0x20, 0xc1, 0x3a, 0x07, 
	0x3a, 0x47, 0x53, 0x0b, 0x49, 0xc0, 0x32, 0x45, 
	0x3a, 0x43, 0x8c, 0xd3, 0x3a, 0x85, 0x52, 0xcb, 
	0x73, 0x93, 0x95, 0x15, 0x7c, 0x53, 0x30, 0xc1, 
	0x73, 0xd3, 0x49, 0x41, 0x59, 0xc1, 0x51, 0x81, 
	0x8c, 0x95, 0x6a, 0x80, 0x31, 0x41, 0x53, 0x47, 
	0x21, 0x03, 0x7b, 0xd1, 0x5b, 0x4d, 0x74, 0x11, 
	0x3a, 0xc5, 0x73, 0x8d, 0x6b, 0x8b, 0x2a, 0x03, 
	0x52, 0x87, 0x4a, 0x85, 0x6b, 0xcb, 0x8d, 0x0f, 
	0x21, 0xc3, 0x94, 0xd1, 0x63, 0x8f, 0x4b, 0x09, 
	0x95, 0x55, 0x95, 0x13, 0x7c, 0x93, 0x7c, 0x13, 
	0x8d, 0x13, 0x42, 0xc9, 0x4b, 0x01, 0x42, 0x81, 
	0x3a, 0x41, 0x52, 0x8b, 0x38, 0xc1, 0x95, 0x53, 
	0x6c, 0x0b, 0x39, 0xc3, 0x4a, 0xc1, 0x3a, 0x01, 
	0x39, 0xc5, 0x6b, 0x4f, 0x84, 0x55, 0x49, 0x01, 
	0x7b, 0xd3, 0x31, 0x85, 0x32, 0x01, 
};

Gfx rgardenhall_fakeskybox_ci8_aligner[] = {gsSPEndDisplayList()};
u8 rgardenhall_fakeskybox_ci8[] = {
	0x00, 0x00, 0x00, 0x00, 0x00, 0x00, 0x00, 0x00, 
	0x00, 0x00, 0x00, 0x00, 0x00, 0x00, 0x00, 0x00, 
	0x00, 0x00, 0x00, 0x00, 0x00, 0x00, 0x00, 0x00, 
	0x00, 0x00, 0x00, 0x00, 0x00, 0x00, 0x00, 0x00, 
	0x01, 0x01, 0x00, 0x00, 0x00, 0x00, 0x00, 0x00, 
	0x00, 0x00, 0x00, 0x00, 0x00, 0x00, 0x00, 0x00, 
	0x00, 0x00, 0x00, 0x00, 0x00, 0x00, 0x00, 0x00, 
	0x00, 0x00, 0x00, 0x00, 0x00, 0x00, 0x00, 0x01, 
	0x01, 0x01, 0x01, 0x01, 0x01, 0x01, 0x01, 0x01, 
	0x01, 0x01, 0x01, 0x01, 0x01, 0x01, 0x01, 0x01, 
	0x01, 0x01, 0x01, 0x01, 0x00, 0x01, 0x00, 0x01, 
	0x01, 0x01, 0x01, 0x01, 0x01, 0x01, 0x01, 0x01, 
	0x01, 0x01, 0x01, 0x01, 0x01, 0x01, 0x01, 0x01, 
	0x01, 0x01, 0x01, 0x01, 0x01, 0x01, 0x01, 0x01, 
	0x01, 0x01, 0x01, 0x01, 0x01, 0x01, 0x01, 0x01, 
	0x01, 0x01, 0x01, 0x01, 0x01, 0x01, 0x01, 0x01, 
	0x01, 0x01, 0x01, 0x01, 0x01, 0x01, 0x01, 0x01, 
	0x01, 0x01, 0x01, 0x01, 0x01, 0x01, 0x01, 0x01, 
	0x01, 0x01, 0x01, 0x01, 0x01, 0x01, 0x01, 0x01, 
	0x01, 0x01, 0x01, 0x01, 0x01, 0x01, 0x01, 0x01, 
	0x01, 0x01, 0x01, 0x01, 0x01, 0x01, 0x01, 0x01, 
	0x01, 0x01, 0x01, 0x01, 0x02, 0x02, 0x01, 0x01, 
	0x01, 0x01, 0x01, 0x01, 0x01, 0x01, 0x01, 0x01, 
	0x01, 0x01, 0x01, 0x01, 0x01, 0x01, 0x01, 0x01, 
	0x01, 0x01, 0x01, 0x01, 0x01, 0x01, 0x01, 0x01, 
	0x01, 0x02, 0x03, 0x04, 0x05, 0x06, 0x07, 0x08, 
	0x01, 0x01, 0x01, 0x01, 0x01, 0x01, 0x01, 0x01, 
	0x01, 0x01, 0x01, 0x01, 0x01, 0x01, 0x01, 0x01, 
	0x01, 0x01, 0x01, 0x02, 0x09, 0x01, 0x01, 0x01, 
	0x01, 0x09, 0x0a, 0x0b, 0x0c, 0x0d, 0x0e, 0x0f, 
	0x07, 0x10, 0x01, 0x01, 0x01, 0x01, 0x01, 0x01, 
	0x01, 0x01, 0x01, 0x01, 0x01, 0x01, 0x01, 0x01, 
	0x11, 0x07, 0x12, 0x13, 0x14, 0x15, 0x09, 0x02, 
	0x16, 0x17, 0x18, 0x19, 0x19, 0x19, 0x1a, 0x1b, 
	0x1c, 0x03, 0x01, 0x01, 0x01, 0x01, 0x01, 0x01, 
	0x01, 0x01, 0x01, 0x01, 0x1d, 0x1d, 0x01, 0x1d, 
	0x1e, 0x1f, 0x19, 0x0c, 0x20, 0x21, 0x22, 0x23, 
	0x24, 0x19, 0x19, 0x19, 0x19, 0x19, 0x0d, 0x25, 
	0x26, 0x27, 0x02, 0x01, 0x01, 0x01, 0x01, 0x01, 
	0x1d, 0x01, 0x1d, 0x1d, 0x1d, 0x1d, 0x01, 0x02, 
	0x04, 0x20, 0x0c, 0x19, 0x19, 0x19, 0x19, 0x19, 
	0x19, 0x19, 0x0d, 0x0d, 0x19, 0x0d, 0x25, 0x28, 
	0x20, 0x13, 0x11, 0x1d, 0x01, 0x01, 0x01, 0x1d, 
	0x1d, 0x1d, 0x1d, 0x1d, 0x1d, 0x1d, 0x01, 0x1d, 
	0x29, 0x2a, 0x2b, 0x0c, 0x19, 0x19, 0x19, 0x19, 
	0x19, 0x0d, 0x0c, 0x25, 0x0c, 0x25, 0x25, 0x28, 
	0x2c, 0x1e, 0x29, 0x1d, 0x1d, 0x1d, 0x1d, 0x1d, 
	0x1d, 0x1d, 0x1d, 0x1d, 0x1d, 0x1d, 0x2d, 0x09, 
	0x2e, 0x2f, 0x0c, 0x19, 0x19, 0x19, 0x19, 0x19, 
	0x19, 0x19, 0x0c, 0x25, 0x0c, 0x0c, 0x0c, 0x25, 
	0x30, 0x31, 0x1d, 0x1d, 0x1d, 0x1d, 0x1d, 0x1d, 
	0x09, 0x32, 0x33, 0x16, 0x29, 0x16, 0x22, 0x06, 
	0x19, 0x19, 0x19, 0x19, 0x19, 0x19, 0x19, 0x19, 
	0x0c, 0x0c, 0x25, 0x25, 0x0c, 0x0c, 0x25, 0x0b, 
	0x2e, 0x11, 0x1d, 0x1d, 0x1d, 0x1d, 0x1d, 0x02, 
	0x2e, 0x1f, 0x19, 0x34, 0x0a, 0x35, 0x19, 0x19, 
	0x19, 0x19, 0x19, 0x19, 0x19, 0x19, 0x19, 0x0c, 
	0x28, 0x28, 0x28, 0x28, 0x25, 0x0c, 0x25, 0x21, 
	0x09, 0x1d, 0x1d, 0x1d, 0x1d, 0x1d, 0x1d, 0x1d, 
	0x36, 0x20, 0x0d, 0x19, 0x19, 0x19, 0x19, 0x19, 
	0x19, 0x0d, 0x0d, 0x0d, 0x0d, 0x19, 0x0d, 0x25, 
	0x28, 0x28, 0x28, 0x28, 0x25, 0x25, 0x28, 0x2c, 
	0x1d, 0x1d, 0x1d, 0x1d, 0x1d, 0x1d, 0x1d, 0x1d, 
	0x37, 0x38, 0x2b, 0x0c, 0x19, 0x19, 0x19, 0x19, 
	0x0d, 0x0c, 0x25, 0x25, 0x25, 0x0c, 0x25, 0x25, 
	0x28, 0x28, 0x28, 0x28, 0x2b, 0x2b, 0x39, 0x3a, 
	0x1d, 0x1d, 0x1d, 0x1d, 0x1d, 0x1d, 0x1d, 0x1d, 
	0x11, 0x3b, 0x28, 0x25, 0x0c, 0x0c, 0x0c, 0x0d, 
	0x25, 0x25, 0x28, 0x28, 0x25, 0x0c, 0x0c, 0x0c, 
	0x28, 0x2b, 0x2b, 0x3c, 0x39, 0x3d, 0x3a, 0x3e, 
	0x1d, 0x1d, 0x1d, 0x1d, 0x1d, 0x1d, 0x1d, 0x1d, 
	0x1d, 0x3f, 0x40, 0x0d, 0x0d, 0x19, 0x0d, 0x0c, 
	0x28, 0x28, 0x28, 0x28, 0x25, 0x0c, 0x0c, 0x25, 
	0x2b, 0x3c, 0x3c, 0x3c, 0x41, 0x3d, 0x38, 0x42, 
	0x1d, 0x43, 0x43, 0x1d, 0x1d, 0x1d, 0x1d, 0x1d, 
	0x1d, 0x44, 0x2a, 0x25, 0x19, 0x19, 0x19, 0x0c, 
	0x0c, 0x0c, 0x28, 0x28, 0x28, 0x0c, 0x25, 0x2b, 
	0x39, 0x3d, 0x41, 0x3d, 0x45, 0x3d, 0x46, 0x47, 
	0x43, 0x43, 0x43, 0x43, 0x43, 0x43, 0x43, 0x43, 
	0x43, 0x1d, 0x48, 0x49, 0x25, 0x0d, 0x19, 0x0d, 
	0x25, 0x28, 0x3d, 0x4a, 0x3d, 0x28, 0x25, 0x28, 
	0x3c, 0x3a, 0x3a, 0x3e, 0x46, 0x4b, 0x3f, 0x43, 
	0x43, 0x43, 0x43, 0x43, 0x43, 0x43, 0x43, 0x43, 
	0x43, 0x43, 0x29, 0x4c, 0x4d, 0x30, 0x25, 0x0c, 
	0x39, 0x3c, 0x3d, 0x4e, 0x4b, 0x3d, 0x25, 0x0d, 
	0x0c, 0x28, 0x28, 0x20, 0x4f, 0x46, 0x47, 0x43, 
	0x43, 0x43, 0x43, 0x43, 0x43, 0x43, 0x43, 0x43, 
	0x43, 0x43, 0x43, 0x43, 0x43, 0x50, 0x4d, 0x3a, 
	0x46, 0x2b, 0x28, 0x3a, 0x46, 0x4a, 0x3e, 0x49, 
	0x3a, 0x3c, 0x4f, 0x2b, 0x25, 0x4f, 0x51, 0x43, 
	0x43, 0x43, 0x43, 0x43, 0x43, 0x43, 0x43, 0x43, 
	0x43, 0x43, 0x43, 0x43, 0x43, 0x43, 0x44, 0x50, 
	0x48, 0x4b, 0x38, 0x4e, 0x50, 0x48, 0x52, 0x47, 
	0x53, 0x4e, 0x42, 0x46, 0x45, 0x46, 0x4c, 0x54, 
	0x43, 0x43, 0x43, 0x43, 0x43, 0x43, 0x43, 0x43, 
	0x43, 0x43, 0x43, 0x43, 0x43, 0x43, 0x43, 0x43, 
	0x43, 0x44, 0x48, 0x48, 0x43, 0x43, 0x43, 0x43, 
	0x54, 0x47, 0x55, 0x48, 0x53, 0x56, 0x54, 0x43, 
	0x43, 0x43, 0x43, 0x43, 0x43, 0x43, 0x43, 0x43, 
	0x43, 0x43, 0x43, 0x43, 0x43, 0x43, 0x43, 0x43, 
	0x43, 0x43, 0x43, 0x43, 0x43, 0x43, 0x43, 0x43, 
	0x43, 0x43, 0x43, 0x43, 0x43, 0x43, 0x43, 0x54, 
	0x43, 0x43, 0x43, 0x43, 0x43, 0x43, 0x43, 0x43, 
	0x43, 0x43, 0x43, 0x43, 0x43, 0x43, 0x43, 0x43, 
	0x54, 0x43, 0x43, 0x43, 0x43, 0x43, 0x43, 0x43, 
	0x43, 0x43, 0x43, 0x43, 0x54, 0x54, 0x54, 0x54, 
	0x43, 0x43, 0x43, 0x43, 0x43, 0x54, 0x54, 0x54, 
	0x43, 0x54, 0x43, 0x43, 0x43, 0x43, 0x43, 0x43, 
	0x54, 0x54, 0x43, 0x43, 0x43, 0x43, 0x43, 0x43, 
	0x54, 0x54, 0x54, 0x54, 0x54, 0x54, 0x54, 0x54, 
	0x54, 0x43, 0x54, 0x43, 0x54, 0x54, 0x54, 0x54, 
	0x54, 0x54, 0x54, 0x43, 0x43, 0x54, 0x54, 0x54, 
	0x54, 0x54, 0x54, 0x54, 0x54, 0x54, 0x54, 0x54, 
	0x54, 0x54, 0x54, 0x54, 0x54, 0x54, 0x54, 0x54, 
	0x54, 0x54, 0x54, 0x54, 0x54, 0x54, 0x54, 0x54, 
	0x54, 0x54, 0x54, 0x54, 0x54, 0x54, 0x54, 0x54, 
	0x54, 0x54, 0x54, 0x54, 0x54, 0x54, 0x54, 0x54, 
	0x54, 0x54, 0x54, 0x54, 0x54, 0x54, 0x54, 0x54, 
	0x54, 0x54, 0x54, 0x54, 0x54, 0x54, 0x54, 0x54, 
	0x54, 0x54, 0x54, 0x54, 0x54, 0x54, 0x54, 0x54, 
	0x54, 0x54, 0x54, 0x54, 0x54, 0x54, 0x54, 0x54, 
	0x54, 0x54, 0x54, 0x54, 0x54, 0x54, 0x54, 0x54, 
	0x54, 0x54, 0x54, 0x54, 0x54, 0x54, 0x54, 0x54, 
	0x54, 0x54, 0x54, 0x54, 0x54, 0x54, 0x54, 0x54, 
	0x56, 0x3f, 0x3f, 0x47, 0x54, 0x54, 0x54, 0x54, 
	0x54, 0x54, 0x54, 0x54, 0x54, 0x54, 0x54, 0x54, 
	0x54, 0x54, 0x54, 0x54, 0x55, 0x55, 0x54, 0x54, 
	0x54, 0x54, 0x54, 0x54, 0x54, 0x47, 0x56, 0x55, 
	0x57, 0x2f, 0x30, 0x57, 0x48, 0x54, 0x54, 0x54, 
	0x54, 0x54, 0x54, 0x54, 0x54, 0x54, 0x54, 0x54, 
	0x54, 0x54, 0x54, 0x48, 0x58, 0x2e, 0x3f, 0x55, 
	0x54, 0x54, 0x54, 0x54, 0x48, 0x57, 0x05, 0x57, 
	0x18, 0x0d, 0x0c, 0x59, 0x51, 0x55, 0x54, 0x54, 
	0x54, 0x54, 0x54, 0x54, 0x54, 0x54, 0x54, 0x54, 
	0x54, 0x55, 0x54, 0x36, 0x35, 0x1b, 0x05, 0x48, 
	0x54, 0x54, 0x54, 0x54, 0x51, 0x21, 0x0d, 0x1b, 
	0x19, 0x0c, 0x28, 0x59, 0x5a, 0x55, 0x54, 0x54, 
	0x54, 0x54, 0x54, 0x54, 0x54, 0x54, 0x54, 0x55, 
	0x50, 0x36, 0x50, 0x57, 0x1b, 0x19, 0x21, 0x58, 
	0x56, 0x56, 0x55, 0x55, 0x2e, 0x1f, 0x19, 0x19, 
	0x0d, 0x25, 0x2b, 0x26, 0x14, 0x5b, 0x4c, 0x5c, 
	0x5d, 0x54, 0x5d, 0x54, 0x5d, 0x54, 0x55, 0x58, 
	0x17, 0x2c, 0x05, 0x17, 0x1f, 0x19, 0x0d, 0x2f, 
	0x05, 0x05, 0x58, 0x50, 0x5e, 0x1a, 0x19, 0x19, 
	0x0d, 0x0c, 0x25, 0x28, 0x20, 0x2c, 0x30, 0x14, 
	0x4c, 0x56, 0x5c, 0x5f, 0x5d, 0x5d, 0x50, 0x17, 
	0x0d, 0x0c, 0x1b, 0x1b, 0x0d, 0x19, 0x19, 0x19, 
	0x0d, 0x0d, 0x06, 0x51, 0x14, 0x1f, 0x19, 0x19, 
	0x19, 0x19, 0x0c, 0x0c, 0x0d, 0x0d, 0x0c, 0x0b, 
	0x17, 0x13, 0x2a, 0x57, 0x4c, 0x5f, 0x4c, 0x2f, 
	0x19, 0x0d, 0x0d, 0x0d, 0x19, 0x19, 0x19, 0x19, 
	0x19, 0x19, 0x2c, 0x14, 0x06, 0x0c, 0x19, 0x0d, 
	0x0d, 0x0d, 0x0d, 0x0d, 0x19, 0x0d, 0x0d, 0x0d, 
	0x0c, 0x0b, 0x2c, 0x2c, 0x3b, 0x51, 0x57, 0x2c, 
	0x0d, 0x0c, 0x0c, 0x0c, 0x0d, 0x0d, 0x0d, 0x0d, 
	0x19, 0x0d, 0x0b, 0x21, 0x1f, 0x19, 0x19, 0x0d, 
	0x0d, 0x0d, 0x19, 0x19, 0x19, 0x19, 0x19, 0x19, 
	0x0d, 0x25, 0x1b, 0x28, 0x20, 0x26, 0x21, 0x25, 
	0x25, 0x0c, 0x0c, 0x0d, 0x0c, 0x0d, 0x0d, 0x0d, 
	0x19, 0x19, 0x0d, 0x19, 0x19, 0x19, 0x19, 0x0d, 
	0x0d, 0x0d, 0x19, 0x19, 0x19, 0x19, 0x0d, 0x0c, 
	0x25, 0x28, 0x25, 0x28, 0x25, 0x0c, 0x0c, 0x25, 
	0x0b, 0x28, 0x25, 0x25, 0x0c, 0x0d, 0x19, 0x19, 
	0x19, 0x19, 0x19, 0x19, 0x19, 0x19, 0x19, 0x0d, 
	0x0d, 0x0c, 0x0c, 0x0c, 0x0c, 0x0c, 0x25, 0x25, 
	0x28, 0x28, 0x28, 0x28, 0x25, 0x0c, 0x25, 0x25, 
	0x28, 0x28, 0x28, 0x25, 0x25, 0x0d, 0x19, 0x19, 
	0x19, 0x19, 0x19, 0x19, 0x19, 0x19, 0x19, 0x0d, 
	0x0c, 0x25, 0x28, 0x28, 0x28, 0x25, 0x28, 0x28, 
	0x28, 0x25, 0x25, 0x25, 0x0c, 0x25, 0x25, 0x28, 
	0x25, 0x28, 0x25, 0x25, 0x25, 0x25, 0x0d, 0x19, 
	0x19, 0x19, 0x19, 0x19, 0x19, 0x19, 0x19, 0x0d, 
	0x25, 0x28, 0x28, 0x28, 0x28, 0x25, 0x28, 0x28, 
	0x28, 0x25, 0x28, 0x25, 0x25, 0x25, 0x28, 0x28, 
	0x28, 0x28, 0x25, 0x25, 0x28, 0x28, 0x0c, 0x0c, 
	0x0d, 0x19, 0x19, 0x19, 0x19, 0x19, 0x19, 0x0c, 
	0x25, 0x28, 0x28, 0x28, 0x25, 0x25, 0x0c, 0x25, 
	0x25, 0x25, 0x25, 0x25, 0x25, 0x25, 0x28, 0x25, 
	0x25, 0x25, 0x25, 0x25, 0x28, 0x25, 0x0c, 0x0c, 
	0x0c, 0x0d, 0x19, 0x19, 0x19, 0x19, 0x0d, 0x0c, 
	0x0c, 0x0c, 0x25, 0x25, 0x0c, 0x0c, 0x0c, 0x0c, 
	0x25, 0x25, 0x25, 0x25, 0x25, 0x25, 0x28, 0x25, 
	0x28, 0x25, 0x28, 0x25, 0x25, 0x0c, 0x0c, 0x0c, 
	0x0d, 0x0d, 0x0d, 0x0c, 0x0d, 0x19, 0x0d, 0x0c, 
	0x0d, 0x0d, 0x0d, 0x0c, 0x0d, 0x0d, 0x0d, 0x0c, 
	0x0c, 0x25, 0x25, 0x25, 0x25, 0x25, 0x28, 0x28, 
	0x28, 0x0b, 0x28, 0x25, 0x0c, 0x0c, 0x25, 0x25, 
	0x0c, 0x0c, 0x25, 0x25, 0x60, 0x61, 0x0d, 0x19, 
	0x0d, 0x0d, 0x0d, 0x0c, 0x0c, 0x0c, 0x0c, 0x25, 
	0x28, 0x28, 0x0b, 0x28, 0x0b, 0x28, 0x28, 0x28, 
	0x20, 0x20, 0x20, 0x28, 0x25, 0x25, 0x28, 0x28, 
	0x28, 0x28, 0x28, 0x62, 0x63, 0x64, 0x65, 0x60, 
	0x20, 0x28, 0x0b, 0x0b, 0x0b, 0x0b, 0x20, 0x40, 
	0x2c, 0x26, 0x26, 0x26, 0x26, 0x26, 0x26, 0x26, 
	0x26, 0x2c, 0x2c, 0x20, 0x20, 0x20, 0x20, 0x20, 
	0x20, 0x66, 0x67, 0x68, 0x69, 0x6a, 0x6b, 0x63, 
	0x6c, 0x26, 0x2c, 0x2c, 0x2c, 0x26, 0x30, 0x30, 
	0x30, 0x30, 0x49, 0x30, 0x49, 0x49, 0x49, 0x49, 
	0x30, 0x30, 0x30, 0x30, 0x30, 0x30, 0x30, 0x67, 
	0x6d, 0x6e, 0x6f, 0x70, 0x70, 0x69, 0x69, 0x69, 
	0x70, 0x71, 0x72, 0x72, 0x72, 0x3b, 0x3b, 0x72, 
	0x72, 0x72, 0x3b, 0x72, 0x3b, 0x05, 0x14, 0x3b, 
	0x14, 0x14, 0x14, 0x14, 0x14, 0x73, 0x74, 0x75, 
	0x76, 0x77, 0x77, 0x77, 0x75, 0x77, 0x77, 0x78, 
	0x79, 0x7a, 0x7b, 0x7c, 0x5a, 0x7d, 0x7d, 0x5a, 
	0x42, 0x4d, 0x42, 0x4d, 0x4d, 0x5a, 0x7d, 0x7d, 
	0x4c, 0x7e, 0x7f, 0x80, 0x81, 0x82, 0x83, 0x83, 
	0x83, 0x84, 0x83, 0x85, 0x86, 0x86, 0x79, 0x79, 
	0x87, 0x84, 0x84, 0x88, 0x89, 0x8a, 0x8b, 0x8c, 
	0x8c, 0x8d, 0x8c, 0x8d, 0x8e, 0x8e, 0x8d, 0x8d, 
	0x8f, 0x90, 0x91, 0x92, 0x92, 0x91, 0x92, 0x92, 
	0x93, 0x91, 0x94, 0x91, 0x95, 0x84, 0x96, 0x93, 
	0x97, 0x98, 0x98, 0x98, 0x95, 0x99, 0x9a, 0x9b, 
	0x9b, 0x9b, 0x9b, 0x9b, 0x9b, 0x9b, 0x9b, 0x9c, 
	0x9d, 0x91, 0x9e, 0x94, 0x94, 0x94, 0x94, 0x94, 
	0x92, 0x92, 0x92, 0x94, 0x92, 0x98, 0x98, 0x98, 
	0x9f, 0xa0, 0xa1, 0xa1, 0xa2, 0xa2, 0xa3, 0xa4, 
	0xa5, 0xa5, 0xa5, 0xa5, 0xa5, 0xa5, 0xa5, 0xa6, 
	0xa7, 0xa8, 0x9f, 0x9f, 0x9f, 0x9f, 0xa9, 0xa9, 
	0xaa, 0xab, 0xab, 0xa8, 0xa8, 0xa8, 0xa8, 0x9f, 
	0xac, 0xad, 0xae, 0xaf, 0xb0, 0xb1, 0xb1, 0xb2, 
	0xb3, 0xb2, 0xb2, 0xb2, 0xb4, 0xb2, 0xb2, 0xb2, 
	0xb5, 0xb5, 0xb6, 0xb6, 0xb5, 0xb5, 0xb5, 0xb7, 
	0xb7, 0xb7, 0xb7, 0xb7, 0xb8, 0xb9, 0xb9, 0xb9, 
	0xba, 0xba, 0xb5, 0xb9, 0xb9, 0xb5, 0xb9, 0xb5, 
	0xb5, 0xb5, 0xb9, 0xb5, 0xb9, 0xbb, 0xbb, 0xbc, 
	0xbd, 0xbe, 0xbe, 0xbe, 0xbf, 0xbb, 0xbc, 0xbc, 
	0xc0, 0xc0, 0xc0, 0xbc, 0xba, 0xb5, 0xb5, 0xb5, 
	0xc1, 0xc1, 0xc1, 0xc1, 0xc1, 0xb9, 0xb5, 0xbc, 
	0xb9, 0xb9, 0xb9, 0xb9, 0xb9, 0xc1, 0xc1, 0xc2, 
	0xbb, 0xc2, 0xc2, 0xbb, 0xbb, 0xbb, 0xb9, 0xb9, 
	0xb9, 0xc1, 0xc1, 0xc1, 0xb7, 0xb7, 0xb7, 0xc1, 
	0xc1, 0xc1, 0xc1, 0xc3, 0xc4, 0xc5, 0xc0, 0xbc, 
	0xc3, 0xc4, 0xc3, 0xc4, 0xbc, 0xc3, 0xbc, 0xc0, 
	0xc3, 0xc1, 0xbb, 0xc1, 0xb9, 0xb9, 0xc0, 0xbc, 
	0xbb, 0xc6, 0xc6, 0xc7, 0xb7, 0xc1, 0xc1, 0xc1, 
	0xb9, 0xb9, 0xb9, 0xc1, 0xb9, 0xb9, 0xc1, 0xc3, 
	0xc3, 0xb9, 0xb9, 0xb9, 0xb9, 0xc8, 0xbb, 0xbb, 
	0xc6, 0xc6, 0xb5, 0xc6, 0xc1, 0xc9, 0xb9, 0xb9, 
	0xbb, 0xbb, 0xbc, 0xbc, 0xc0, 0xba, 0xb9, 0xac, 
	0xc1, 0xc3, 0xc3, 0xc3, 0xc3, 0xc3, 0xc3, 0xc3, 
	0xc3, 0xc3, 0xc3, 0xc3, 0xc3, 0xc3, 0xbb, 0xc8, 
	0xb9, 0xc9, 0xb9, 0xb5, 0xc6, 0xbc, 0xb5, 0xb5, 
	0xba, 0xba, 0xbb, 0xbb, 0xb5, 0xc6, 0xc3, 0xc3, 
	0xad, 0xbd, 0xac, 0xac, 0xac, 0xb9, 0xac, 0xbf, 
	0xbf, 0xbb, 0xbb, 0xbb, 0xbb, 0xbb, 0xbb, 0xc6, 
	0xb5, 0xbc, 0xc0, 0xc0, 0xc0, 0xb4, 0xb4, 0xb2, 
	0xb4, 0xb4, 0xca, 0xca, 0xca, 0xca, 0xb4, 0xbd, 
	0xb4, 0xb4, 0xb4, 0xbe, 0xbe, 0xbb, 0xbc, 0xbb, 
	0xc8, 0xbf, 0xbf, 0xc8, 0xbf, 0xc8, 0xb9, 0xb9, 
	0xbc, 0xbc, 0xbc, 0xbc, 0xc0, 0xbc, 0xbc, 0xc0, 
	0xb4, 0xb4, 0xb4, 0xbe, 0xb4, 0xcb, 0xaf, 0xb2, 
	0xbb, 0xbc, 0xb5, 0xb5, 0xc1, 0xc6, 0xba, 0xc6, 
	0xc6, 0xb5, 0xb9, 0xb5, 0xb9, 0xc9, 0xc1, 0xb9, 
	0xbb, 0xbb, 0xc1, 0xc6, 0xb5, 0xbb, 0xb5, 0xcc, 
	0xc1, 0xb5, 0xb9, 0xbb, 0xbb, 0xbb, 0xbc, 0xbc, 
	
};

Gfx rgardenhall_fakeskybox_pal_rgba16_aligner[] = {gsSPEndDisplayList()};
u8 rgardenhall_fakeskybox_pal_rgba16[] = {
	0x43, 0xbf, 0x43, 0xff, 0x4c, 0x3f, 0x75, 0x3f, 
	0x85, 0xbf, 0xa6, 0xbf, 0xbe, 0xff, 0x7d, 0x3f, 
	0x5c, 0x7f, 0x5c, 0xbf, 0xae, 0x7f, 0xdf, 0xbf, 
	0xef, 0xff, 0xf7, 0xff, 0xd6, 0xff, 0xbe, 0x7f, 
	0x4b, 0xff, 0x54, 0xbf, 0x95, 0xff, 0x9e, 0x7f, 
	0x9e, 0xbf, 0x75, 0x7f, 0x6d, 0x3f, 0xb6, 0xff, 
	0xdf, 0x7f, 0xff, 0xff, 0xf7, 0xbf, 0xe7, 0xbf, 
	0xb6, 0xbf, 0x44, 0x3f, 0x9e, 0x3f, 0xef, 0xbf, 
	0xd7, 0xbf, 0xd7, 0x7f, 0xc6, 0xff, 0xae, 0xbf, 
	0xd7, 0x3f, 0xe7, 0xff, 0xc7, 0x7f, 0x8d, 0xff, 
	0xdf, 0xff, 0x4c, 0x7f, 0x96, 0x7f, 0xd7, 0xff, 
	0xcf, 0x7f, 0x64, 0xbf, 0x96, 0x3f, 0xc7, 0x3f, 
	0xbf, 0x3f, 0x7d, 0xbf, 0x85, 0x7f, 0x8d, 0xbf, 
	0xdf, 0x3f, 0xcf, 0x3f, 0x75, 0xbf, 0x65, 0x3f, 
	0xaf, 0x7f, 0xc7, 0xff, 0xb7, 0x7f, 0xa6, 0xff, 
	0xcf, 0xff, 0xbf, 0xbf, 0xaf, 0x3f, 0x6d, 0x7f, 
	0xcf, 0xbf, 0xbf, 0xff, 0x86, 0x7f, 0x44, 0x7f, 
	0x4c, 0xbf, 0xb7, 0xbf, 0x9e, 0xff, 0x54, 0xff, 
	0x5d, 0x3f, 0xb7, 0x3f, 0xa7, 0x3f, 0x96, 0xbf, 
	0x6d, 0xbf, 0x8e, 0x7f, 0x8e, 0xbf, 0xc7, 0xbf, 
	0x65, 0x7f, 0x7d, 0xff, 0x5c, 0xff, 0x65, 0xbf, 
	0x44, 0xbf, 0x4c, 0xff, 0x55, 0x3f, 0x8e, 0x3f, 
	0x85, 0xff, 0xbf, 0x7f, 0x86, 0x3f, 0x75, 0xff, 
	0x5d, 0x7f, 0x44, 0xff, 0xa6, 0x7f, 0x4d, 0x3f, 
	0xe7, 0xbd, 0xd7, 0x7b, 0xcf, 0xbd, 0x96, 0x73, 
	0x7d, 0xef, 0xae, 0xf5, 0xc7, 0x7d, 0xa6, 0xf9, 
	0x7e, 0x31, 0x6d, 0xad, 0x75, 0xed, 0x75, 0xad, 
	0x96, 0x77, 0x8e, 0x75, 0x7d, 0xf1, 0x6d, 0xaf, 
	0x65, 0xad, 0x8e, 0x79, 0xae, 0xff, 0x96, 0x7b, 
	0x7d, 0xf3, 0x65, 0x6d, 0x55, 0x29, 0x5d, 0x6d, 
	0x5d, 0x6b, 0x55, 0x2d, 0x5d, 0x6f, 0x75, 0xf7, 
	0x7e, 0x3b, 0x7e, 0x3f, 0x5d, 0xbd, 0x5d, 0xb7, 
	0x65, 0x77, 0x5d, 0x75, 0x55, 0x71, 0x4c, 0xeb, 
	0x4d, 0x2d, 0x4d, 0x2b, 0x55, 0x6d, 0x45, 0x2b, 
	0x4d, 0x2f, 0x4d, 0x77, 0x55, 0x7d, 0x4d, 0x7f, 
	0x55, 0x7f, 0x55, 0xbf, 0x5d, 0xbf, 0x4d, 0x7d, 
	0x44, 0xf3, 0x44, 0xab, 0x3c, 0xab, 0x44, 0xeb, 
	0x3c, 0xa9, 0x44, 0xed, 0x45, 0x2d, 0x3c, 0xe9, 
	0x3c, 0xeb, 0x45, 0x31, 0x45, 0x39, 0x45, 0x7f, 
	0x45, 0x7d, 0x44, 0xf7, 0x44, 0xa9, 0x3b, 0xed, 
	0x43, 0xef, 0x43, 0xf1, 0x3b, 0xf1, 0x3b, 0xf3, 
	0x3b, 0xfb, 0x3c, 0x3b, 0x3b, 0xf9, 0x3c, 0x35, 
	0x3b, 0xef, 0x33, 0xab, 0x33, 0xad, 0x3b, 0xaf, 
	0x0a, 0xf7, 0x1a, 0xf7, 0x23, 0x37, 0x23, 0x39, 
	0x2b, 0x39, 0x2b, 0x37, 0x22, 0xf9, 0x2a, 0xf9, 
	0x1a, 0xf9, 0x12, 0xb7, 0x12, 0xf5, 0x0a, 0x75, 
	0x0a, 0xb5, 0x0a, 0xb7, 0x1a, 0xb7, 0x0a, 0xb9, 
	0x12, 0xb9, 0x12, 0xf7, 0x12, 0xf9, 0x0a, 0xf9, 
	0x1a, 0xb9, 0x0a, 0x77, 0x02, 0x77, 0x0a, 0x79, 
	0x12, 0x79, 0x1a, 0x79, 0x12, 0x77, 0x0a, 0x37, 
	0x02, 0xb9, 0x02, 0xb7, 0x1b, 0x39, 0x13, 0x39, 
	0x12, 0x75, 
};

Vtx rgardenhall_rgardenhall_mesh_layer_1_vtx_0[67] = {
	{{ {-4095, -146, -669}, 0, {1320, -23}, {171, 171, 171, 255} }},
	{{ {-4095, -146, -200}, 0, {554, -23}, {255, 255, 255, 255} }},
	{{ {-4095, -781, 48}, 0, {148, 1015}, {255, 255, 255, 255} }},
	{{ {-4095, -781, -669}, 0, {1320, 1015}, {102, 102, 102, 255} }},
	{{ {68, -146, -200}, 0, {-101, -25}, {170, 170, 170, 255} }},
	{{ {68, -146, -669}, 0, {-870, -25}, {170, 170, 170, 255} }},
	{{ {68, -781, -669}, 0, {-870, 1017}, {170, 170, 170, 255} }},
	{{ {68, -781, 48}, 0, {307, 1017}, {170, 170, 170, 255} }},
	{{ {68, -146, 200}, 0, {555, -25}, {170, 170, 170, 255} }},
	{{ {68, -781, 213}, 0, {576, 1017}, {170, 170, 170, 255} }},
	{{ {-4095, -146, 200}, 0, {-99, -23}, {255, 255, 255, 255} }},
	{{ {-4095, -146, 669}, 0, {-866, -23}, {255, 255, 255, 255} }},
	{{ {-4095, -781, 669}, 0, {-866, 1015}, {255, 255, 255, 255} }},
	{{ {-4095, -781, 448}, 0, {-505, 1015}, {255, 255, 255, 255} }},
	{{ {68, -146, 669}, 0, {1324, -25}, {111, 111, 111, 255} }},
	{{ {68, -781, 448}, 0, {962, 1017}, {111, 111, 111, 255} }},
	{{ {68, -781, 669}, 0, {1324, 1017}, {111, 111, 111, 255} }},
	{{ {68, -146, 200}, 0, {555, -25}, {111, 111, 111, 255} }},
	{{ {68, -781, 213}, 0, {576, 1017}, {111, 111, 111, 255} }},
	{{ {-4095, -146, -200}, 0, {554, -23}, {170, 170, 170, 255} }},
	{{ {-4095, -146, 200}, 0, {-99, -23}, {170, 170, 170, 255} }},
	{{ {-4095, -781, 448}, 0, {-505, 1015}, {170, 170, 170, 255} }},
	{{ {-4095, -781, 48}, 0, {148, 1015}, {170, 170, 170, 255} }},
	{{ {68, -146, 669}, 0, {-1083, 630}, {255, 255, 255, 255} }},
	{{ {68, -781, 669}, 0, {-1083, 1008}, {255, 255, 255, 255} }},
	{{ {-810, -781, 551}, 0, {-557, 1008}, {255, 255, 255, 255} }},
	{{ {-810, 943, 551}, 0, {-557, -16}, {255, 255, 255, 255} }},
	{{ {-1833, -781, 757}, 0, {62, 1008}, {127, 127, 127, 255} }},
	{{ {-1833, 943, 757}, 0, {62, -16}, {255, 255, 255, 255} }},
	{{ {-2864, -781, 448}, 0, {701, 1008}, {255, 255, 255, 255} }},
	{{ {-2864, 943, 448}, 0, {701, -16}, {255, 255, 255, 255} }},
	{{ {-3464, -781, 820}, 0, {1087, 1008}, {119, 174, 98, 255} }},
	{{ {-2864, 943, 448}, 0, {701, -16}, {255, 255, 255, 255} }},
	{{ {-3464, -781, 820}, 0, {1087, 1008}, {119, 174, 98, 255} }},
	{{ {-3464, 943, 820}, 0, {1087, -16}, {255, 255, 255, 255} }},
	{{ {-4095, -146, 669}, 0, {1462, 630}, {255, 255, 255, 255} }},
	{{ {-4095, -781, 669}, 0, {1462, 1008}, {255, 255, 255, 255} }},
	{{ {-4095, 0, 669}, 0, {1462, 544}, {255, 255, 255, 255} }},
	{{ {-4095, 560, 669}, 0, {1462, 212}, {255, 255, 255, 255} }},
	{{ {-4095, 943, 669}, 0, {1462, -16}, {255, 255, 255, 255} }},
	{{ {-810, -781, -788}, 0, {908, 1004}, {170, 170, 170, 255} }},
	{{ {68, -781, -669}, 0, {1430, 1004}, {170, 170, 170, 255} }},
	{{ {68, -146, -669}, 0, {1430, 629}, {170, 170, 170, 255} }},
	{{ {-810, 943, -788}, 0, {908, -12}, {170, 170, 170, 255} }},
	{{ {-962, 1132, -808}, 0, {817, -124}, {170, 170, 170, 255} }},
	{{ {68, 1169, -669}, 0, {1430, -145}, {170, 170, 170, 255} }},
	{{ {68, 0, -669}, 0, {1430, 544}, {170, 170, 170, 255} }},
	{{ {68, 560, -669}, 0, {1430, 213}, {170, 170, 170, 255} }},
	{{ {68, 943, -669}, 0, {1430, -12}, {170, 170, 170, 255} }},
	{{ {-1833, 943, -738}, 0, {304, -12}, {170, 170, 170, 255} }},
	{{ {-1833, -781, -738}, 0, {304, 1004}, {170, 170, 170, 255} }},
	{{ {-2864, 943, -753}, 0, {-304, -12}, {170, 170, 170, 255} }},
	{{ {-2864, -781, -753}, 0, {-304, 1004}, {170, 170, 170, 255} }},
	{{ {-3464, 943, -810}, 0, {-659, -12}, {170, 170, 170, 255} }},
	{{ {-3464, -781, -810}, 0, {-659, 1004}, {170, 170, 170, 255} }},
	{{ {-4095, -781, -669}, 0, {-1041, 1004}, {170, 170, 170, 255} }},
	{{ {-4095, -146, -669}, 0, {-1041, 629}, {170, 170, 170, 255} }},
	{{ {-4095, 0, -669}, 0, {-1041, 544}, {170, 170, 170, 255} }},
	{{ {-4095, 560, -669}, 0, {-1041, 213}, {170, 170, 170, 255} }},
	{{ {-4095, 943, -669}, 0, {-1041, -12}, {170, 170, 170, 255} }},
	{{ {68, -146, 669}, 0, {-1083, 630}, {255, 255, 255, 255} }},
	{{ {-810, 943, 551}, 0, {-557, -16}, {255, 255, 255, 255} }},
	{{ {68, 0, 669}, 0, {-1083, 544}, {255, 255, 255, 255} }},
	{{ {68, 560, 669}, 0, {-1083, 212}, {255, 255, 255, 255} }},
	{{ {68, 943, 669}, 0, {-1083, -16}, {255, 255, 255, 255} }},
	{{ {68, 560, 669}, 0, {-1083, 212}, {255, 255, 255, 255} }},
	{{ {-810, 943, 551}, 0, {-557, -16}, {255, 255, 255, 255} }},
};

Gfx rgardenhall_rgardenhall_mesh_layer_1_tri_0[] = {
	gsSPVertex(rgardenhall_rgardenhall_mesh_layer_1_vtx_0 + 0, 32, 0),
	gsSP2Triangles(0, 1, 2, 0, 0, 2, 3, 0),
	gsSP2Triangles(4, 5, 6, 0, 4, 6, 7, 0),
	gsSP2Triangles(7, 8, 4, 0, 7, 9, 8, 0),
	gsSP2Triangles(10, 11, 12, 0, 10, 12, 13, 0),
	gsSP2Triangles(14, 15, 16, 0, 14, 17, 15, 0),
	gsSP2Triangles(17, 18, 15, 0, 19, 20, 21, 0),
	gsSP2Triangles(19, 21, 22, 0, 23, 24, 25, 0),
	gsSP2Triangles(23, 25, 26, 0, 26, 25, 27, 0),
	gsSP2Triangles(26, 27, 28, 0, 28, 27, 29, 0),
	gsSP2Triangles(28, 29, 30, 0, 30, 29, 31, 0),
	gsSPVertex(rgardenhall_rgardenhall_mesh_layer_1_vtx_0 + 32, 32, 0),
	gsSP2Triangles(0, 1, 2, 0, 3, 2, 1, 0),
	gsSP2Triangles(3, 1, 4, 0, 3, 5, 2, 0),
	gsSP2Triangles(5, 6, 2, 0, 6, 7, 2, 0),
	gsSP2Triangles(8, 9, 10, 0, 10, 11, 8, 0),
	gsSP2Triangles(10, 12, 11, 0, 10, 13, 12, 0),
	gsSP2Triangles(12, 13, 14, 0, 12, 14, 11, 0),
	gsSP2Triangles(14, 15, 11, 0, 15, 16, 11, 0),
	gsSP2Triangles(8, 11, 17, 0, 8, 17, 18, 0),
	gsSP2Triangles(18, 17, 19, 0, 18, 19, 20, 0),
	gsSP2Triangles(20, 19, 21, 0, 20, 21, 22, 0),
	gsSP2Triangles(23, 22, 21, 0, 23, 21, 24, 0),
	gsSP2Triangles(25, 24, 21, 0, 26, 25, 21, 0),
	gsSP2Triangles(27, 26, 21, 0, 28, 29, 30, 0),
	gsSP1Triangle(31, 30, 29, 0),
	gsSPVertex(rgardenhall_rgardenhall_mesh_layer_1_vtx_0 + 64, 3, 0),
	gsSP1Triangle(0, 1, 2, 0),
	gsSPEndDisplayList(),
};

Vtx rgardenhall_rgardenhall_mesh_layer_1_vtx_1[32] = {
	{{ {424, 1228, -1000}, 0, {-543, -4596}, {255, 255, 255, 255} }},
	{{ {68, 943, -1000}, 0, {-2415, -4623}, {255, 255, 255, 255} }},
	{{ {68, 943, -669}, 0, {-2435, -3264}, {255, 255, 255, 255} }},
	{{ {1304, 1228, -1000}, 0, {2941, -3615}, {220, 220, 220, 255} }},
	{{ {973, 943, -669}, 0, {1146, -2256}, {220, 220, 220, 255} }},
	{{ {973, 943, -200}, 0, {1146, -326}, {255, 255, 255, 255} }},
	{{ {1304, 1228, -200}, 0, {2941, -326}, {255, 255, 255, 255} }},
	{{ {1304, 1228, 200}, 0, {2941, 1318}, {255, 255, 255, 255} }},
	{{ {973, 943, 200}, 0, {1146, 1318}, {255, 255, 255, 255} }},
	{{ {973, 943, 669}, 0, {1146, 3248}, {220, 220, 220, 255} }},
	{{ {1304, 1228, 1000}, 0, {2941, 4607}, {220, 220, 220, 255} }},
	{{ {424, 1228, 1000}, 0, {-543, 5588}, {255, 255, 255, 255} }},
	{{ {68, 943, 669}, 0, {-2435, 4256}, {255, 255, 255, 255} }},
	{{ {68, 943, 1000}, 0, {-2415, 5615}, {255, 255, 255, 255} }},
	{{ {-4095, 943, -669}, 0, {-2435, 4256}, {255, 255, 255, 255} }},
	{{ {-5331, 1228, -1000}, 0, {2941, 4607}, {220, 220, 220, 255} }},
	{{ {-4973, 943, -669}, 0, {1040, 3278}, {221, 221, 221, 255} }},
	{{ {-4450, 1228, -1000}, 0, {-543, 5588}, {255, 255, 255, 255} }},
	{{ {-4095, 943, -1000}, 0, {-2415, 5615}, {255, 255, 255, 255} }},
	{{ {-4973, 943, 669}, 0, {1040, -2286}, {221, 221, 221, 255} }},
	{{ {-5331, 1228, 1000}, 0, {2941, -3615}, {220, 220, 220, 255} }},
	{{ {-4450, 1228, 1000}, 0, {-543, -4596}, {255, 255, 255, 255} }},
	{{ {-4095, 943, 669}, 0, {-2435, -3264}, {255, 255, 255, 255} }},
	{{ {-4095, 943, 1000}, 0, {-2415, -4623}, {255, 255, 255, 255} }},
	{{ {-5331, 1228, -200}, 0, {2941, 1318}, {255, 255, 255, 255} }},
	{{ {-4973, 943, -200}, 0, {1062, 1318}, {255, 255, 255, 255} }},
	{{ {-4973, 943, -669}, 0, {1062, 3248}, {220, 220, 220, 255} }},
	{{ {-4973, 943, 669}, 0, {1062, -2256}, {220, 220, 220, 255} }},
	{{ {-4973, 943, 200}, 0, {1062, -326}, {255, 255, 255, 255} }},
	{{ {-5331, 1228, 200}, 0, {2941, -326}, {255, 255, 255, 255} }},
	{{ {-4973, 943, 200}, 0, {1062, -326}, {255, 255, 255, 255} }},
	{{ {-4973, 943, -200}, 0, {1062, 1318}, {255, 255, 255, 255} }},
};

Gfx rgardenhall_rgardenhall_mesh_layer_1_tri_1[] = {
	gsSPVertex(rgardenhall_rgardenhall_mesh_layer_1_vtx_1 + 0, 32, 0),
	gsSP2Triangles(0, 1, 2, 0, 2, 3, 0, 0),
	gsSP2Triangles(2, 4, 3, 0, 3, 4, 5, 0),
	gsSP2Triangles(3, 5, 6, 0, 7, 6, 5, 0),
	gsSP2Triangles(7, 5, 8, 0, 9, 7, 8, 0),
	gsSP2Triangles(9, 10, 7, 0, 9, 11, 10, 0),
	gsSP2Triangles(9, 12, 11, 0, 11, 12, 13, 0),
	gsSP2Triangles(14, 15, 16, 0, 14, 17, 15, 0),
	gsSP2Triangles(17, 14, 18, 0, 19, 20, 21, 0),
	gsSP2Triangles(19, 21, 22, 0, 21, 23, 22, 0),
	gsSP2Triangles(15, 24, 25, 0, 15, 25, 26, 0),
	gsSP2Triangles(27, 28, 29, 0, 27, 29, 20, 0),
	gsSP2Triangles(29, 30, 31, 0, 29, 31, 24, 0),
	gsSPEndDisplayList(),
};

Vtx rgardenhall_rgardenhall_mesh_layer_1_vtx_2[63] = {
	{{ {68, 0, 200}, 0, {8439, 3171}, {222, 222, 222, 255} }},
	{{ {521, 0, 200}, 0, {10231, 3583}, {255, 255, 255, 255} }},
	{{ {521, 0, -200}, 0, {10595, 2000}, {255, 255, 255, 255} }},
	{{ {68, 0, -200}, 0, {8804, 1587}, {222, 222, 222, 255} }},
	{{ {-535, 192, 200}, 0, {6051, 2621}, {255, 255, 255, 255} }},
	{{ {-535, 192, -200}, 0, {6416, 1038}, {255, 255, 255, 255} }},
	{{ {-588, 192, -200}, 0, {6206, 989}, {255, 255, 255, 255} }},
	{{ {-677, 192, -4}, 0, {5675, 1682}, {255, 255, 255, 255} }},
	{{ {-941, 192, 5}, 0, {4621, 1478}, {255, 255, 255, 255} }},
	{{ {-818, 192, -31}, 0, {5140, 1449}, {255, 255, 255, 255} }},
	{{ {-1341, 192, -104}, 0, {3136, 684}, {255, 255, 255, 255} }},
	{{ {-1015, 192, -200}, 0, {4513, 600}, {255, 255, 255, 255} }},
	{{ {-1387, 192, -200}, 0, {3042, 261}, {255, 255, 255, 255} }},
	{{ {-1375, 192, 22}, 0, {2887, 1150}, {255, 255, 255, 255} }},
	{{ {-1304, 192, 200}, 0, {3007, 1920}, {255, 255, 255, 255} }},
	{{ {-4520, 0, -200}, 0, {-9361, -2595}, {255, 255, 255, 255} }},
	{{ {-4973, 0, -200}, 0, {-11156, -3008}, {255, 255, 255, 255} }},
	{{ {-4973, 0, 200}, 0, {-11521, -1425}, {254, 254, 254, 255} }},
	{{ {-4095, 0, -200}, 0, {-7680, -2208}, {222, 222, 222, 255} }},
	{{ {-4095, 0, 200}, 0, {-8045, -624}, {222, 222, 222, 255} }},
	{{ {-3492, 192, -200}, 0, {-5291, -1658}, {255, 255, 255, 255} }},
	{{ {-3492, 192, 200}, 0, {-5656, -74}, {255, 255, 255, 255} }},
	{{ {-3384, 192, -84}, 0, {-4970, -1100}, {255, 255, 255, 255} }},
	{{ {-3309, 192, 11}, 0, {-4759, -655}, {255, 255, 255, 255} }},
	{{ {-3386, 192, 200}, 0, {-5235, 23}, {255, 255, 255, 255} }},
	{{ {-3336, 192, -200}, 0, {-4674, -1516}, {255, 255, 255, 255} }},
	{{ {-2285, 192, 200}, 0, {-880, 1025}, {255, 255, 255, 255} }},
	{{ {-1801, 192, 200}, 0, {1038, 1467}, {255, 255, 255, 255} }},
	{{ {-1759, 192, 38}, 0, {1350, 864}, {255, 255, 255, 255} }},
	{{ {-1802, 192, -49}, 0, {1262, 481}, {255, 255, 255, 255} }},
	{{ {-2205, 192, -3}, 0, {-375, 296}, {255, 255, 255, 255} }},
	{{ {-2293, 192, -200}, 0, {-546, -565}, {255, 255, 255, 255} }},
	{{ {-1802, 192, -49}, 0, {1262, 481}, {255, 255, 255, 255} }},
	{{ {-1775, 192, -200}, 0, {1506, -93}, {255, 255, 255, 255} }},
	{{ {-2293, 192, -200}, 0, {-546, -565}, {255, 255, 255, 255} }},
	{{ {-2205, 192, -3}, 0, {-375, 296}, {255, 255, 255, 255} }},
	{{ {-2324, 192, 89}, 0, {-930, 552}, {255, 255, 255, 255} }},
	{{ {-2285, 192, 200}, 0, {-880, 1025}, {255, 255, 255, 255} }},
	{{ {-1987, -626, 580}, 0, {478, 1338}, {255, 255, 255, 255} }},
	{{ {-1489, -637, 590}, 0, {2447, 1791}, {255, 255, 255, 255} }},
	{{ {-1557, -639, 411}, 0, {2327, 1021}, {255, 255, 255, 255} }},
	{{ {-1942, -630, 419}, 0, {790, 735}, {255, 255, 255, 255} }},
	{{ {-1565, -643, 189}, 0, {2482, 132}, {255, 255, 255, 255} }},
	{{ {-1521, -642, 286}, 0, {2575, 555}, {255, 255, 255, 255} }},
	{{ {-1982, -631, 331}, 0, {701, 352}, {255, 255, 255, 255} }},
	{{ {-1952, -635, 181}, 0, {946, -222}, {255, 255, 255, 255} }},
	{{ {-591, -654, -698}, 0, {5646, 860}, {102, 102, 102, 255} }},
	{{ {-1018, -663, -699}, 0, {3953, 471}, {102, 102, 102, 255} }},
	{{ {-944, -683, -496}, 0, {4061, 1349}, {255, 255, 255, 255} }},
	{{ {-821, -677, -531}, 0, {4579, 1320}, {255, 255, 255, 255} }},
	{{ {-680, -676, -504}, 0, {5115, 1553}, {255, 255, 255, 255} }},
	{{ {-877, -751, 509}, 0, {-5235, 23}, {206, 206, 206, 255} }},
	{{ {-32, -70, 689}, 0, {-880, 1025}, {206, 206, 206, 255} }},
	{{ {-51, -78, 574}, 0, {-930, 552}, {206, 206, 206, 255} }},
	{{ {-801, -677, 336}, 0, {-4759, -655}, {206, 206, 206, 255} }},
	{{ {-1, -17, 294}, 0, {-546, -565}, {206, 206, 206, 255} }},
	{{ {49, 9, 503}, 0, {-375, 296}, {206, 206, 206, 255} }},
	{{ {-849, -709, 230}, 0, {-4970, -1100}, {206, 206, 206, 255} }},
	{{ {-802, -663, 123}, 0, {-4674, -1516}, {206, 206, 206, 255} }},
	{{ {521, 0, -200}, 0, {10595, 2000}, {170, 170, 170, 255} }},
	{{ {521, 0, 200}, 0, {10231, 3583}, {170, 170, 170, 255} }},
	{{ {973, 0, 200}, 0, {12022, 3996}, {170, 170, 170, 255} }},
	{{ {973, 0, -200}, 0, {12386, 2412}, {170, 170, 170, 255} }},
};

Gfx rgardenhall_rgardenhall_mesh_layer_1_tri_2[] = {
	gsSPVertex(rgardenhall_rgardenhall_mesh_layer_1_vtx_2 + 0, 32, 0),
	gsSP2Triangles(0, 1, 2, 0, 0, 2, 3, 0),
	gsSP2Triangles(3, 4, 0, 0, 3, 5, 4, 0),
	gsSP2Triangles(4, 5, 6, 0, 4, 6, 7, 0),
	gsSP2Triangles(4, 7, 8, 0, 7, 9, 8, 0),
	gsSP2Triangles(8, 10, 4, 0, 8, 11, 10, 0),
	gsSP2Triangles(11, 12, 10, 0, 10, 13, 4, 0),
	gsSP2Triangles(13, 14, 4, 0, 15, 16, 17, 0),
	gsSP2Triangles(18, 15, 17, 0, 17, 19, 18, 0),
	gsSP2Triangles(20, 18, 19, 0, 20, 19, 21, 0),
	gsSP2Triangles(22, 20, 21, 0, 21, 23, 22, 0),
	gsSP2Triangles(21, 24, 23, 0, 22, 25, 20, 0),
	gsSP2Triangles(26, 27, 28, 0, 26, 28, 29, 0),
	gsSP2Triangles(29, 30, 26, 0, 29, 31, 30, 0),
	gsSPVertex(rgardenhall_rgardenhall_mesh_layer_1_vtx_2 + 32, 31, 0),
	gsSP2Triangles(0, 1, 2, 0, 3, 4, 5, 0),
	gsSP2Triangles(6, 7, 8, 0, 9, 6, 8, 0),
	gsSP2Triangles(8, 10, 9, 0, 8, 11, 10, 0),
	gsSP2Triangles(10, 12, 9, 0, 10, 13, 12, 0),
	gsSP2Triangles(14, 15, 16, 0, 16, 17, 14, 0),
	gsSP2Triangles(17, 18, 14, 0, 19, 20, 21, 0),
	gsSP2Triangles(22, 19, 21, 0, 21, 23, 22, 0),
	gsSP2Triangles(21, 24, 23, 0, 23, 25, 22, 0),
	gsSP2Triangles(23, 26, 25, 0, 27, 28, 29, 0),
	gsSP1Triangle(27, 29, 30, 0),
	gsSPEndDisplayList(),
};

Vtx rgardenhall_rgardenhall_mesh_layer_1_vtx_3[25] = {
	{{ {-4095, 0, -200}, 0, {-10897, -602}, {255, 255, 255, 255} }},
	{{ {-4095, 0, -669}, 0, {-10897, -3144}, {255, 255, 255, 255} }},
	{{ {-4520, 0, -200}, 0, {-13197, -602}, {255, 255, 255, 255} }},
	{{ {68, 0, -200}, 0, {11657, -602}, {170, 170, 170, 255} }},
	{{ {521, 0, -669}, 0, {14107, -3144}, {151, 151, 151, 255} }},
	{{ {68, 0, -669}, 0, {11657, -3144}, {170, 170, 170, 255} }},
	{{ {521, 0, -200}, 0, {14107, -602}, {170, 170, 170, 255} }},
	{{ {973, 0, -200}, 0, {16558, -602}, {170, 170, 170, 255} }},
	{{ {973, 0, -669}, 0, {16558, -3144}, {128, 128, 128, 255} }},
	{{ {973, 0, 200}, 0, {16558, 1565}, {170, 170, 170, 255} }},
	{{ {521, 0, 200}, 0, {14107, 1565}, {170, 170, 170, 255} }},
	{{ {521, 0, 669}, 0, {14107, 4108}, {151, 151, 151, 255} }},
	{{ {973, 0, 669}, 0, {16558, 4108}, {128, 128, 128, 255} }},
	{{ {-4973, 0, 200}, 0, {-15654, 1565}, {255, 255, 255, 255} }},
	{{ {-4973, 0, 669}, 0, {-15654, 4108}, {196, 196, 196, 255} }},
	{{ {-4095, 0, 669}, 0, {-10897, 4108}, {255, 255, 255, 255} }},
	{{ {-4095, 0, 200}, 0, {-10897, 1565}, {255, 255, 255, 255} }},
	{{ {-4520, 0, -200}, 0, {-13197, -602}, {170, 170, 170, 255} }},
	{{ {-4095, 0, -669}, 0, {-10897, -3144}, {170, 170, 170, 255} }},
	{{ {-4973, 0, -669}, 0, {-15654, -3144}, {130, 130, 130, 255} }},
	{{ {-4973, 0, -200}, 0, {-15654, -602}, {170, 170, 170, 255} }},
	{{ {521, 0, 669}, 0, {14107, 4108}, {227, 227, 227, 255} }},
	{{ {521, 0, 200}, 0, {14107, 1565}, {255, 255, 255, 255} }},
	{{ {68, 0, 200}, 0, {11657, 1565}, {255, 255, 255, 255} }},
	{{ {68, 0, 669}, 0, {11657, 4108}, {255, 255, 255, 255} }},
};

Gfx rgardenhall_rgardenhall_mesh_layer_1_tri_3[] = {
	gsSPVertex(rgardenhall_rgardenhall_mesh_layer_1_vtx_3 + 0, 25, 0),
	gsSP2Triangles(0, 1, 2, 0, 3, 4, 5, 0),
	gsSP2Triangles(3, 6, 4, 0, 4, 6, 7, 0),
	gsSP2Triangles(4, 7, 8, 0, 9, 10, 11, 0),
	gsSP2Triangles(9, 11, 12, 0, 13, 14, 15, 0),
	gsSP2Triangles(13, 15, 16, 0, 17, 18, 19, 0),
	gsSP2Triangles(17, 19, 20, 0, 21, 22, 23, 0),
	gsSP1Triangle(21, 23, 24, 0),
	gsSPEndDisplayList(),
};

Vtx rgardenhall_rgardenhall_mesh_layer_1_vtx_4[56] = {
	{{ {973, 0, 200}, 0, {-70, 3036}, {170, 170, 170, 255} }},
	{{ {973, 0, 669}, 0, {-2599, 3036}, {128, 128, 128, 255} }},
	{{ {973, 560, 669}, 0, {-2599, 18}, {170, 170, 170, 255} }},
	{{ {973, 560, 200}, 0, {-70, 18}, {170, 170, 170, 255} }},
	{{ {973, 943, 669}, 0, {-2599, -2044}, {170, 170, 170, 255} }},
	{{ {973, 943, 200}, 0, {-70, -2044}, {170, 170, 170, 255} }},
	{{ {973, 560, -200}, 0, {2086, 18}, {170, 170, 170, 255} }},
	{{ {973, 943, -200}, 0, {2086, -2044}, {170, 170, 170, 255} }},
	{{ {973, 560, -669}, 0, {4615, 18}, {170, 170, 170, 255} }},
	{{ {973, 943, -669}, 0, {4615, -2044}, {170, 170, 170, 255} }},
	{{ {973, 0, -669}, 0, {4615, 3036}, {128, 128, 128, 255} }},
	{{ {973, 0, -200}, 0, {2086, 3036}, {170, 170, 170, 255} }},
	{{ {973, 560, 669}, 0, {17103, 18}, {255, 255, 255, 255} }},
	{{ {973, 0, 669}, 0, {17103, 3036}, {194, 194, 194, 255} }},
	{{ {521, 0, 669}, 0, {14665, 3036}, {227, 227, 227, 255} }},
	{{ {68, 560, 669}, 0, {12227, 18}, {255, 255, 255, 255} }},
	{{ {68, 0, 669}, 0, {12227, 3036}, {255, 255, 255, 255} }},
	{{ {68, 943, 669}, 0, {12227, -2044}, {255, 255, 255, 255} }},
	{{ {973, 943, 669}, 0, {17103, -2044}, {255, 255, 255, 255} }},
	{{ {68, 560, -669}, 0, {12227, 18}, {170, 170, 170, 255} }},
	{{ {68, 0, -669}, 0, {12227, 3036}, {170, 170, 170, 255} }},
	{{ {521, 0, -669}, 0, {14665, 3036}, {151, 151, 151, 255} }},
	{{ {973, 560, -669}, 0, {17103, 18}, {170, 170, 170, 255} }},
	{{ {973, 0, -669}, 0, {17103, 3036}, {128, 128, 128, 255} }},
	{{ {973, 943, -669}, 0, {17103, -2044}, {170, 170, 170, 255} }},
	{{ {68, 943, -669}, 0, {12227, -2044}, {170, 170, 170, 255} }},
	{{ {-4973, 0, 200}, 0, {-70, 3036}, {255, 255, 255, 255} }},
	{{ {-4973, 560, 669}, 0, {-2599, 18}, {255, 255, 255, 255} }},
	{{ {-4973, 0, 669}, 0, {-2599, 3036}, {194, 194, 194, 255} }},
	{{ {-4973, 560, 200}, 0, {-70, 18}, {255, 255, 255, 255} }},
	{{ {-4973, 943, 669}, 0, {-2599, -2044}, {255, 255, 255, 255} }},
	{{ {-4973, 943, 200}, 0, {-70, -2044}, {255, 255, 255, 255} }},
	{{ {-4973, 943, 200}, 0, {-70, -2044}, {255, 255, 255, 255} }},
	{{ {-4973, 560, 200}, 0, {-70, 18}, {255, 255, 255, 255} }},
	{{ {-4973, 560, -200}, 0, {2086, 18}, {255, 255, 255, 255} }},
	{{ {-4973, 943, -200}, 0, {2086, -2044}, {255, 255, 255, 255} }},
	{{ {-4973, 560, -477}, 0, {3580, 18}, {255, 255, 255, 255} }},
	{{ {-4973, 0, -200}, 0, {2086, 3036}, {255, 255, 255, 255} }},
	{{ {-4973, 943, -669}, 0, {4615, -2044}, {255, 255, 255, 255} }},
	{{ {-4973, 0, -669}, 0, {4615, 3036}, {128, 128, 128, 255} }},
	{{ {-4973, 560, -477}, 0, {3580, 18}, {170, 170, 170, 255} }},
	{{ {-4973, 0, -200}, 0, {2086, 3036}, {170, 170, 170, 255} }},
	{{ {-4973, 560, -669}, 0, {4615, 18}, {170, 170, 170, 255} }},
	{{ {-4973, 943, -669}, 0, {4615, -2044}, {170, 170, 170, 255} }},
	{{ {-4973, 0, 669}, 0, {-14943, 3036}, {196, 196, 196, 255} }},
	{{ {-4095, 560, 669}, 0, {-10211, 18}, {255, 255, 255, 255} }},
	{{ {-4095, 0, 669}, 0, {-10211, 3036}, {255, 255, 255, 255} }},
	{{ {-4973, 560, 669}, 0, {-14943, 18}, {255, 255, 255, 255} }},
	{{ {-4095, 943, 669}, 0, {-10211, -2044}, {255, 255, 255, 255} }},
	{{ {-4973, 943, 669}, 0, {-14943, -2044}, {255, 255, 255, 255} }},
	{{ {-4095, 0, -669}, 0, {-10211, 3036}, {170, 170, 170, 255} }},
	{{ {-4973, 560, -669}, 0, {-14943, 18}, {170, 170, 170, 255} }},
	{{ {-4973, 0, -669}, 0, {-14943, 3036}, {130, 130, 130, 255} }},
	{{ {-4095, 560, -669}, 0, {-10211, 18}, {170, 170, 170, 255} }},
	{{ {-4973, 943, -669}, 0, {-14943, -2044}, {170, 170, 170, 255} }},
	{{ {-4095, 943, -669}, 0, {-10211, -2044}, {170, 170, 170, 255} }},
};

Gfx rgardenhall_rgardenhall_mesh_layer_1_tri_4[] = {
	gsSPVertex(rgardenhall_rgardenhall_mesh_layer_1_vtx_4 + 0, 32, 0),
	gsSP2Triangles(0, 1, 2, 0, 0, 2, 3, 0),
	gsSP2Triangles(3, 2, 4, 0, 3, 4, 5, 0),
	gsSP2Triangles(5, 6, 3, 0, 5, 7, 6, 0),
	gsSP2Triangles(8, 6, 7, 0, 8, 7, 9, 0),
	gsSP2Triangles(10, 6, 8, 0, 10, 11, 6, 0),
	gsSP2Triangles(12, 13, 14, 0, 14, 15, 12, 0),
	gsSP2Triangles(14, 16, 15, 0, 12, 15, 17, 0),
	gsSP2Triangles(12, 17, 18, 0, 19, 20, 21, 0),
	gsSP2Triangles(21, 22, 19, 0, 21, 23, 22, 0),
	gsSP2Triangles(19, 22, 24, 0, 19, 24, 25, 0),
	gsSP2Triangles(26, 27, 28, 0, 26, 29, 27, 0),
	gsSP2Triangles(29, 30, 27, 0, 29, 31, 30, 0),
	gsSPVertex(rgardenhall_rgardenhall_mesh_layer_1_vtx_4 + 32, 24, 0),
	gsSP2Triangles(0, 1, 2, 0, 0, 2, 3, 0),
	gsSP2Triangles(4, 3, 2, 0, 5, 4, 2, 0),
	gsSP2Triangles(4, 6, 3, 0, 7, 8, 9, 0),
	gsSP2Triangles(7, 10, 8, 0, 10, 11, 8, 0),
	gsSP2Triangles(12, 13, 14, 0, 12, 15, 13, 0),
	gsSP2Triangles(15, 16, 13, 0, 15, 17, 16, 0),
	gsSP2Triangles(18, 19, 20, 0, 18, 21, 19, 0),
	gsSP2Triangles(21, 22, 19, 0, 21, 23, 22, 0),
	gsSPEndDisplayList(),
};

Vtx rgardenhall_rgardenhall_mesh_layer_1_vtx_5[75] = {
	{{ {68, -146, -200}, 0, {2842, 997}, {255, 255, 255, 255} }},
	{{ {68, 0, -200}, 0, {2842, -5}, {255, 255, 255, 255} }},
	{{ {68, 0, -669}, 0, {6076, -5}, {255, 255, 255, 255} }},
	{{ {68, -146, -669}, 0, {6076, 997}, {255, 255, 255, 255} }},
	{{ {68, 1169, -669}, 0, {6076, -8057}, {255, 255, 255, 255} }},
	{{ {68, 0, 669}, 0, {-3147, -5}, {255, 255, 255, 255} }},
	{{ {68, 0, 200}, 0, {86, -5}, {255, 255, 255, 255} }},
	{{ {68, -146, 200}, 0, {86, 997}, {255, 255, 255, 255} }},
	{{ {68, -146, 669}, 0, {-3147, 997}, {255, 255, 255, 255} }},
	{{ {-4095, 0, -669}, 0, {6076, -5}, {102, 102, 102, 255} }},
	{{ {-4095, 0, -200}, 0, {2842, -5}, {255, 255, 255, 255} }},
	{{ {-4095, -146, -200}, 0, {2842, 997}, {255, 255, 255, 255} }},
	{{ {-4095, -146, -669}, 0, {6076, 997}, {171, 171, 171, 255} }},
	{{ {-4095, 0, 200}, 0, {86, -5}, {255, 255, 255, 255} }},
	{{ {-4095, 0, 669}, 0, {-3147, -5}, {255, 255, 255, 255} }},
	{{ {-4095, -146, 669}, 0, {-3147, 997}, {255, 255, 255, 255} }},
	{{ {-4095, -146, 200}, 0, {86, 997}, {255, 255, 255, 255} }},
	{{ {-3492, 192, 200}, 0, {-10382, -18}, {206, 206, 206, 255} }},
	{{ {-3386, 47, 200}, 0, {-9632, 1010}, {206, 206, 206, 255} }},
	{{ {-3386, 192, 200}, 0, {-9632, -18}, {206, 206, 206, 255} }},
	{{ {-3492, 47, 200}, 0, {-10382, 1010}, {206, 206, 206, 255} }},
	{{ {-4095, -146, 200}, 0, {-14850, 1010}, {206, 206, 206, 255} }},
	{{ {-4095, 0, 200}, 0, {-14850, -18}, {206, 206, 206, 255} }},
	{{ {-3492, 47, -200}, 0, {10274, 1002}, {255, 255, 255, 255} }},
	{{ {-3336, 192, -200}, 0, {9190, -10}, {255, 255, 255, 255} }},
	{{ {-3336, 47, -200}, 0, {9190, 1002}, {255, 255, 255, 255} }},
	{{ {-3492, 192, -200}, 0, {10274, -10}, {255, 255, 255, 255} }},
	{{ {-4095, 0, -200}, 0, {14673, -10}, {255, 255, 255, 255} }},
	{{ {-4095, -146, -200}, 0, {14673, 1002}, {255, 255, 255, 255} }},
	{{ {-535, 192, 200}, 0, {10481, -18}, {206, 206, 206, 255} }},
	{{ {68, -146, 200}, 0, {14949, 1010}, {206, 206, 206, 255} }},
	{{ {68, 0, 200}, 0, {14949, -18}, {206, 206, 206, 255} }},
	{{ {-535, 192, 200}, 0, {10481, -18}, {206, 206, 206, 255} }},
	{{ {-535, 47, 200}, 0, {10481, 1010}, {206, 206, 206, 255} }},
	{{ {68, -146, 200}, 0, {14949, 1010}, {206, 206, 206, 255} }},
	{{ {-1304, 192, 200}, 0, {5057, -18}, {206, 206, 206, 255} }},
	{{ {-1304, 47, 200}, 0, {5057, 1010}, {206, 206, 206, 255} }},
	{{ {-535, 192, -200}, 0, {-10270, -10}, {255, 255, 255, 255} }},
	{{ {68, 0, -200}, 0, {-14669, -10}, {255, 255, 255, 255} }},
	{{ {68, -146, -200}, 0, {-14669, 1002}, {255, 255, 255, 255} }},
	{{ {-535, 47, -200}, 0, {-10270, 1002}, {255, 255, 255, 255} }},
	{{ {-588, 47, -200}, 0, {-9902, 1002}, {255, 255, 255, 255} }},
	{{ {-588, 192, -200}, 0, {-9902, -10}, {255, 255, 255, 255} }},
	{{ {-1387, 47, -200}, 0, {-4350, 1002}, {255, 255, 255, 255} }},
	{{ {-1387, 192, -200}, 0, {-4350, -10}, {255, 255, 255, 255} }},
	{{ {-1015, 192, -200}, 0, {-6932, -10}, {255, 255, 255, 255} }},
	{{ {-1015, 47, -200}, 0, {-6932, 1002}, {255, 255, 255, 255} }},
	{{ {-2293, 47, -200}, 0, {1947, 1002}, {255, 255, 255, 255} }},
	{{ {-2293, 192, -200}, 0, {1947, -10}, {255, 255, 255, 255} }},
	{{ {-1775, 192, -200}, 0, {-1655, -10}, {255, 255, 255, 255} }},
	{{ {-1775, 47, -200}, 0, {-1655, 1002}, {255, 255, 255, 255} }},
	{{ {-2285, 192, 200}, 0, {-1870, -18}, {206, 206, 206, 255} }},
	{{ {-2285, 47, 200}, 0, {-1870, 1010}, {206, 206, 206, 255} }},
	{{ {-1801, 47, 200}, 0, {1548, 1010}, {206, 206, 206, 255} }},
	{{ {-1801, 192, 200}, 0, {1548, -18}, {206, 206, 206, 255} }},
	{{ {-1015, -808, -714}, 0, {-5949, 1002}, {102, 102, 102, 255} }},
	{{ {-1018, -663, -699}, 0, {-5949, -10}, {102, 102, 102, 255} }},
	{{ {-591, -654, -698}, 0, {-8919, -10}, {102, 102, 102, 255} }},
	{{ {-588, -799, -714}, 0, {-8919, 1002}, {102, 102, 102, 255} }},
	{{ {-1956, -780, 183}, 0, {-671, 1002}, {187, 255, 188, 255} }},
	{{ {-1952, -635, 181}, 0, {-671, -10}, {255, 255, 255, 255} }},
	{{ {-1565, -643, 189}, 0, {-3367, -10}, {255, 255, 255, 255} }},
	{{ {-1568, -789, 192}, 0, {-3367, 1002}, {187, 255, 188, 255} }},
	{{ {-1987, -626, 580}, 0, {549, -18}, {255, 255, 255, 255} }},
	{{ {-1990, -771, 583}, 0, {549, 1010}, {255, 255, 255, 255} }},
	{{ {-1493, -782, 593}, 0, {4058, 1010}, {255, 255, 255, 255} }},
	{{ {-1489, -637, 590}, 0, {4058, -18}, {255, 255, 255, 255} }},
	{{ {-709, -775, 116}, 0, {9190, 1002}, {187, 255, 188, 255} }},
	{{ {-802, -663, 123}, 0, {9190, -10}, {255, 255, 255, 255} }},
	{{ {-1, -17, 294}, 0, {1947, -10}, {255, 255, 255, 255} }},
	{{ {91, -130, 286}, 0, {1947, 1002}, {255, 255, 255, 255} }},
	{{ {-877, -751, 509}, 0, {-9632, -18}, {255, 255, 255, 255} }},
	{{ {-785, -864, 502}, 0, {-9632, 1010}, {187, 255, 188, 255} }},
	{{ {60, -183, 682}, 0, {-1870, 1010}, {255, 255, 255, 255} }},
	{{ {-32, -70, 689}, 0, {-1870, -18}, {255, 255, 255, 255} }},
};

Gfx rgardenhall_rgardenhall_mesh_layer_1_tri_5[] = {
	gsSPVertex(rgardenhall_rgardenhall_mesh_layer_1_vtx_5 + 0, 32, 0),
	gsSP2Triangles(0, 1, 2, 0, 2, 3, 0, 0),
	gsSP2Triangles(2, 4, 3, 0, 5, 6, 7, 0),
	gsSP2Triangles(5, 7, 8, 0, 9, 10, 11, 0),
	gsSP2Triangles(9, 11, 12, 0, 13, 14, 15, 0),
	gsSP2Triangles(13, 15, 16, 0, 17, 18, 19, 0),
	gsSP2Triangles(17, 20, 18, 0, 21, 20, 17, 0),
	gsSP2Triangles(21, 17, 22, 0, 23, 24, 25, 0),
	gsSP2Triangles(23, 26, 24, 0, 23, 27, 26, 0),
	gsSP2Triangles(23, 28, 27, 0, 29, 30, 31, 0),
	gsSPVertex(rgardenhall_rgardenhall_mesh_layer_1_vtx_5 + 32, 31, 0),
	gsSP2Triangles(0, 1, 2, 0, 3, 1, 0, 0),
	gsSP2Triangles(3, 4, 1, 0, 5, 6, 7, 0),
	gsSP2Triangles(5, 7, 8, 0, 9, 5, 8, 0),
	gsSP2Triangles(9, 10, 5, 0, 11, 12, 13, 0),
	gsSP2Triangles(11, 13, 14, 0, 15, 16, 17, 0),
	gsSP2Triangles(15, 17, 18, 0, 19, 20, 21, 0),
	gsSP2Triangles(19, 21, 22, 0, 23, 24, 25, 0),
	gsSP2Triangles(23, 25, 26, 0, 27, 28, 29, 0),
	gsSP1Triangle(27, 29, 30, 0),
	gsSPVertex(rgardenhall_rgardenhall_mesh_layer_1_vtx_5 + 63, 12, 0),
	gsSP2Triangles(0, 1, 2, 0, 0, 2, 3, 0),
	gsSP2Triangles(4, 5, 6, 0, 4, 6, 7, 0),
	gsSP2Triangles(8, 9, 10, 0, 8, 10, 11, 0),
	gsSPEndDisplayList(),
};

Vtx rgardenhall_rgardenhall_mesh_layer_1_vtx_6[149] = {
	{{ {-941, 192, 5}, 0, {10006, 87}, {189, 189, 189, 255} }},
	{{ {-818, 192, -31}, 0, {11559, 87}, {255, 255, 255, 255} }},
	{{ {-818, 47, -31}, 0, {11559, 1929}, {255, 255, 255, 255} }},
	{{ {-941, 47, 5}, 0, {10006, 1929}, {175, 175, 175, 255} }},
	{{ {-677, 192, -4}, 0, {-2179, 87}, {175, 175, 175, 255} }},
	{{ {-588, 192, -200}, 0, {293, 87}, {255, 255, 255, 255} }},
	{{ {-588, 47, -200}, 0, {293, 1929}, {255, 255, 255, 255} }},
	{{ {-677, 47, -4}, 0, {-2179, 1929}, {175, 175, 175, 255} }},
	{{ {-1015, 192, -200}, 0, {-956, 87}, {255, 255, 255, 255} }},
	{{ {-941, 192, 5}, 0, {-3545, 87}, {189, 189, 189, 255} }},
	{{ {-941, 47, 5}, 0, {-3545, 1929}, {175, 175, 175, 255} }},
	{{ {-1015, 47, -200}, 0, {-956, 1929}, {255, 255, 255, 255} }},
	{{ {-818, 192, -31}, 0, {11638, 87}, {255, 255, 255, 255} }},
	{{ {-677, 192, -4}, 0, {13425, 87}, {175, 175, 175, 255} }},
	{{ {-677, 47, -4}, 0, {13425, 1929}, {175, 175, 175, 255} }},
	{{ {-818, 47, -31}, 0, {11638, 1929}, {255, 255, 255, 255} }},
	{{ {-1375, 192, 22}, 0, {-2737, 87}, {255, 255, 255, 255} }},
	{{ {-1341, 192, -104}, 0, {-1149, 87}, {175, 175, 175, 255} }},
	{{ {-1341, 47, -104}, 0, {-1149, 1929}, {185, 185, 185, 255} }},
	{{ {-1375, 47, 22}, 0, {-2737, 1929}, {255, 255, 255, 255} }},
	{{ {-1802, 192, -49}, 0, {-2999, 87}, {255, 255, 255, 255} }},
	{{ {-1759, 192, 38}, 0, {-4098, 87}, {255, 255, 255, 255} }},
	{{ {-1759, 47, 38}, 0, {-4098, 1929}, {255, 255, 255, 255} }},
	{{ {-1802, 47, -49}, 0, {-2999, 1929}, {255, 255, 255, 255} }},
	{{ {-1341, 192, -104}, 0, {-2294, 87}, {175, 175, 175, 255} }},
	{{ {-1387, 192, -200}, 0, {-1077, 87}, {255, 255, 255, 255} }},
	{{ {-1387, 47, -200}, 0, {-1077, 1929}, {255, 255, 255, 255} }},
	{{ {-1341, 47, -104}, 0, {-2294, 1929}, {185, 185, 185, 255} }},
	{{ {-1304, 192, 200}, 0, {-6059, 87}, {255, 255, 255, 255} }},
	{{ {-1375, 192, 22}, 0, {-3806, 87}, {255, 255, 255, 255} }},
	{{ {-1375, 47, 22}, 0, {-3806, 1929}, {255, 255, 255, 255} }},
	{{ {-1304, 47, 200}, 0, {-6059, 1929}, {255, 255, 255, 255} }},
	{{ {-1775, 192, -200}, 0, {-72, 87}, {255, 255, 255, 255} }},
	{{ {-1802, 192, -49}, 0, {-1984, 87}, {255, 255, 255, 255} }},
	{{ {-1802, 47, -49}, 0, {-1984, 1929}, {255, 255, 255, 255} }},
	{{ {-1775, 47, -200}, 0, {-72, 1929}, {255, 255, 255, 255} }},
	{{ {-1759, 192, 38}, 0, {-2962, 87}, {255, 255, 255, 255} }},
	{{ {-1801, 192, 200}, 0, {-5010, 87}, {255, 255, 255, 255} }},
	{{ {-1801, 47, 200}, 0, {-5010, 1929}, {255, 255, 255, 255} }},
	{{ {-1759, 47, 38}, 0, {-2962, 1929}, {255, 255, 255, 255} }},
	{{ {-3336, 192, -200}, 0, {-1132, 87}, {255, 255, 255, 255} }},
	{{ {-3384, 192, -84}, 0, {-2601, 87}, {175, 175, 175, 255} }},
	{{ {-3384, 47, -84}, 0, {-2601, 1929}, {175, 175, 175, 255} }},
	{{ {-3336, 47, -200}, 0, {-1132, 1929}, {255, 255, 255, 255} }},
	{{ {-3309, 192, 11}, 0, {-3793, 87}, {255, 255, 255, 255} }},
	{{ {-3386, 192, 200}, 0, {-6183, 87}, {255, 255, 255, 255} }},
	{{ {-3386, 47, 200}, 0, {-6183, 1929}, {255, 255, 255, 255} }},
	{{ {-3309, 47, 11}, 0, {-3793, 1929}, {255, 255, 255, 255} }},
	{{ {-2324, 192, 89}, 0, {-8012, 87}, {255, 255, 255, 255} }},
	{{ {-2205, 192, -3}, 0, {-6504, 87}, {175, 175, 175, 255} }},
	{{ {-2205, 47, -3}, 0, {-6504, 1929}, {175, 175, 175, 255} }},
	{{ {-2324, 47, 89}, 0, {-8012, 1929}, {255, 255, 255, 255} }},
	{{ {-3384, 192, -84}, 0, {-815, 87}, {175, 175, 175, 255} }},
	{{ {-3309, 192, 11}, 0, {-2016, 87}, {255, 255, 255, 255} }},
	{{ {-3309, 47, 11}, 0, {-2016, 1929}, {255, 255, 255, 255} }},
	{{ {-3384, 47, -84}, 0, {-815, 1929}, {175, 175, 175, 255} }},
	{{ {-2285, 192, 200}, 0, {-5994, 87}, {255, 255, 255, 255} }},
	{{ {-2324, 192, 89}, 0, {-4591, 87}, {255, 255, 255, 255} }},
	{{ {-2324, 47, 89}, 0, {-4591, 1929}, {255, 255, 255, 255} }},
	{{ {-2285, 47, 200}, 0, {-5994, 1929}, {255, 255, 255, 255} }},
	{{ {-2205, 192, -3}, 0, {-3546, 87}, {175, 175, 175, 255} }},
	{{ {-2293, 192, -200}, 0, {-1052, 87}, {255, 255, 255, 255} }},
	{{ {-2293, 47, -200}, 0, {-1052, 1929}, {255, 255, 255, 255} }},
	{{ {-2205, 47, -3}, 0, {-3546, 1929}, {175, 175, 175, 255} }},
	{{ {-588, -799, -714}, 0, {-350, 1448}, {102, 102, 102, 255} }},
	{{ {-591, -654, -698}, 0, {-350, 568}, {102, 102, 102, 255} }},
	{{ {-680, -676, -504}, 0, {-1533, 568}, {255, 255, 255, 255} }},
	{{ {-677, -821, -519}, 0, {-1533, 1448}, {187, 255, 188, 255} }},
	{{ {-677, -821, -519}, 0, {5937, 1448}, {187, 255, 188, 255} }},
	{{ {-680, -676, -504}, 0, {5937, 568}, {255, 255, 255, 255} }},
	{{ {-821, -677, -531}, 0, {5082, 568}, {255, 255, 255, 255} }},
	{{ {-818, -821, -546}, 0, {5082, 1448}, {187, 255, 188, 255} }},
	{{ {-944, -683, -496}, 0, {4339, 568}, {255, 255, 255, 255} }},
	{{ {-941, -828, -511}, 0, {4339, 1448}, {187, 255, 189, 255} }},
	{{ {-941, -828, -511}, 0, {-1588, 1448}, {187, 255, 189, 255} }},
	{{ {-944, -683, -496}, 0, {-1588, 568}, {255, 255, 255, 255} }},
	{{ {-1018, -663, -699}, 0, {-350, 568}, {102, 102, 102, 255} }},
	{{ {-1015, -808, -714}, 0, {-350, 1448}, {102, 102, 102, 255} }},
	{{ {-1489, -637, 590}, 0, {-2770, 568}, {255, 255, 255, 255} }},
	{{ {-1493, -782, 593}, 0, {-2770, 1448}, {255, 255, 255, 255} }},
	{{ {-1561, -784, 414}, 0, {-1692, 1448}, {127, 127, 127, 255} }},
	{{ {-1557, -639, 411}, 0, {-1692, 568}, {255, 255, 255, 255} }},
	{{ {-1524, -788, 289}, 0, {-932, 1448}, {127, 127, 127, 255} }},
	{{ {-1521, -642, 286}, 0, {-932, 568}, {255, 255, 255, 255} }},
	{{ {-1568, -789, 192}, 0, {-350, 1448}, {187, 255, 188, 255} }},
	{{ {-1565, -643, 189}, 0, {-350, 568}, {255, 255, 255, 255} }},
	{{ {-1952, -635, 181}, 0, {-350, 568}, {255, 255, 255, 255} }},
	{{ {-1956, -780, 183}, 0, {-350, 1448}, {187, 255, 188, 255} }},
	{{ {-1986, -776, 334}, 0, {-1264, 1448}, {128, 128, 128, 255} }},
	{{ {-1982, -631, 331}, 0, {-1264, 568}, {255, 255, 255, 255} }},
	{{ {-1945, -776, 422}, 0, {-1790, 1448}, {127, 127, 127, 255} }},
	{{ {-1942, -630, 419}, 0, {-1790, 568}, {255, 255, 255, 255} }},
	{{ {-1990, -771, 583}, 0, {-2770, 1448}, {255, 255, 255, 255} }},
	{{ {-1987, -626, 580}, 0, {-2770, 568}, {255, 255, 255, 255} }},
	{{ {-51, -78, 574}, 0, {-2099, 568}, {255, 255, 255, 255} }},
	{{ {-32, -70, 689}, 0, {-2770, 568}, {255, 255, 255, 255} }},
	{{ {60, -183, 682}, 0, {-2770, 1448}, {255, 255, 255, 255} }},
	{{ {41, -190, 566}, 0, {-2099, 1448}, {255, 255, 255, 255} }},
	{{ {49, 9, 503}, 0, {-2450, 568}, {255, 255, 255, 255} }},
	{{ {-51, -78, 574}, 0, {-3171, 568}, {255, 255, 255, 255} }},
	{{ {41, -190, 566}, 0, {-3171, 1448}, {255, 255, 255, 255} }},
	{{ {141, -103, 495}, 0, {-2450, 1448}, {255, 255, 255, 255} }},
	{{ {-1, -17, 294}, 0, {-350, 568}, {255, 255, 255, 255} }},
	{{ {49, 9, 503}, 0, {-1543, 568}, {255, 255, 255, 255} }},
	{{ {141, -103, 495}, 0, {-1543, 1448}, {255, 255, 255, 255} }},
	{{ {91, -130, 286}, 0, {-350, 1448}, {255, 255, 255, 255} }},
	{{ {-849, -709, 230}, 0, {-1052, 568}, {255, 255, 255, 255} }},
	{{ {-802, -663, 123}, 0, {-350, 568}, {255, 255, 255, 255} }},
	{{ {-709, -775, 116}, 0, {-350, 1448}, {187, 255, 188, 255} }},
	{{ {-757, -822, 222}, 0, {-1052, 1448}, {187, 255, 189, 255} }},
	{{ {-801, -677, 336}, 0, {-1627, 568}, {255, 255, 255, 255} }},
	{{ {-708, -789, 328}, 0, {-1627, 1448}, {187, 255, 188, 255} }},
	{{ {-877, -751, 509}, 0, {-2770, 568}, {255, 255, 255, 255} }},
	{{ {-785, -864, 502}, 0, {-2770, 1448}, {187, 255, 188, 255} }},
	{{ {-3492, 47, -200}, 0, {1906, 1335}, {127, 127, 127, 255} }},
	{{ {-4095, -146, 200}, 0, {609, 4856}, {127, 127, 127, 255} }},
	{{ {-4095, -146, -200}, 0, {2569, 4438}, {127, 127, 127, 255} }},
	{{ {-3492, 47, 200}, 0, {-54, 1753}, {127, 127, 127, 255} }},
	{{ {-3384, 47, -84}, 0, {1224, 927}, {127, 127, 127, 255} }},
	{{ {-3336, 47, -200}, 0, {1743, 571}, {127, 127, 127, 255} }},
	{{ {-3309, 47, 11}, 0, {681, 659}, {127, 127, 127, 255} }},
	{{ {-3386, 47, 200}, 0, {-165, 1233}, {127, 127, 127, 255} }},
	{{ {68, -146, -200}, 0, {-1353, 5275}, {127, 127, 127, 255} }},
	{{ {68, -146, 200}, 0, {607, 4857}, {127, 127, 127, 255} }},
	{{ {-535, 47, 200}, 0, {-55, 1754}, {127, 127, 127, 255} }},
	{{ {-535, 47, -200}, 0, {-2015, 2172}, {127, 127, 127, 255} }},
	{{ {-588, 47, -200}, 0, {-2071, 1913}, {127, 127, 127, 255} }},
	{{ {-535, 47, -200}, 0, {-2015, 2172}, {127, 127, 127, 255} }},
	{{ {-535, 47, 200}, 0, {-55, 1754}, {127, 127, 127, 255} }},
	{{ {-677, 47, -4}, 0, {-1206, 1272}, {127, 127, 127, 255} }},
	{{ {-941, 47, 5}, 0, {-1437, -32}, {127, 127, 127, 255} }},
	{{ {-1341, 47, -104}, 0, {-2388, -1879}, {127, 127, 127, 255} }},
	{{ {-1375, 47, 22}, 0, {-1808, -2177}, {127, 127, 127, 255} }},
	{{ {-1304, 47, 200}, 0, {-860, -2013}, {127, 127, 127, 255} }},
	{{ {-1015, 47, -200}, 0, {-2518, -182}, {127, 127, 127, 255} }},
	{{ {-1387, 47, -200}, 0, {-2907, -2003}, {127, 127, 127, 255} }},
	{{ {-818, 47, -31}, 0, {-1484, 607}, {127, 127, 127, 255} }},
	{{ {-1759, 47, 38}, 0, {2774, 1503}, {127, 127, 127, 255} }},
	{{ {-1801, 47, 200}, 0, {2024, 1876}, {127, 127, 127, 255} }},
	{{ {-2285, 47, 200}, 0, {2531, 4250}, {127, 127, 127, 255} }},
	{{ {-1802, 47, -49}, 0, {3244, 1620}, {127, 127, 127, 255} }},
	{{ {-2205, 47, -3}, 0, {3440, 3641}, {127, 127, 127, 255} }},
	{{ {-2324, 47, 89}, 0, {3114, 4321}, {127, 127, 127, 255} }},
	{{ {-1775, 47, -200}, 0, {3956, 1329}, {127, 127, 127, 255} }},
	{{ {-2293, 47, -200}, 0, {4499, 3870}, {127, 127, 127, 255} }},
	{{ {-709, -775, 116}, 0, {-3884, -2811}, {123, 170, 124, 255} }},
	{{ {91, -130, 286}, 0, {6921, -508}, {170, 170, 170, 255} }},
	{{ {60, -183, 682}, 0, {6497, 4827}, {170, 170, 170, 255} }},
	{{ {-785, -864, 502}, 0, {-4905, 2397}, {170, 170, 170, 255} }},
};

Gfx rgardenhall_rgardenhall_mesh_layer_1_tri_6[] = {
	gsSPVertex(rgardenhall_rgardenhall_mesh_layer_1_vtx_6 + 0, 32, 0),
	gsSP2Triangles(0, 1, 2, 0, 0, 2, 3, 0),
	gsSP2Triangles(4, 5, 6, 0, 4, 6, 7, 0),
	gsSP2Triangles(8, 9, 10, 0, 8, 10, 11, 0),
	gsSP2Triangles(12, 13, 14, 0, 12, 14, 15, 0),
	gsSP2Triangles(16, 17, 18, 0, 16, 18, 19, 0),
	gsSP2Triangles(20, 21, 22, 0, 20, 22, 23, 0),
	gsSP2Triangles(24, 25, 26, 0, 24, 26, 27, 0),
	gsSP2Triangles(28, 29, 30, 0, 28, 30, 31, 0),
	gsSPVertex(rgardenhall_rgardenhall_mesh_layer_1_vtx_6 + 32, 32, 0),
	gsSP2Triangles(0, 1, 2, 0, 0, 2, 3, 0),
	gsSP2Triangles(4, 5, 6, 0, 4, 6, 7, 0),
	gsSP2Triangles(8, 9, 10, 0, 8, 10, 11, 0),
	gsSP2Triangles(12, 13, 14, 0, 12, 14, 15, 0),
	gsSP2Triangles(16, 17, 18, 0, 16, 18, 19, 0),
	gsSP2Triangles(20, 21, 22, 0, 20, 22, 23, 0),
	gsSP2Triangles(24, 25, 26, 0, 24, 26, 27, 0),
	gsSP2Triangles(28, 29, 30, 0, 28, 30, 31, 0),
	gsSPVertex(rgardenhall_rgardenhall_mesh_layer_1_vtx_6 + 64, 30, 0),
	gsSP2Triangles(0, 1, 2, 0, 0, 2, 3, 0),
	gsSP2Triangles(4, 5, 6, 0, 4, 6, 7, 0),
	gsSP2Triangles(7, 6, 8, 0, 7, 8, 9, 0),
	gsSP2Triangles(10, 11, 12, 0, 10, 12, 13, 0),
	gsSP2Triangles(14, 15, 16, 0, 14, 16, 17, 0),
	gsSP2Triangles(17, 16, 18, 0, 17, 18, 19, 0),
	gsSP2Triangles(19, 18, 20, 0, 19, 20, 21, 0),
	gsSP2Triangles(22, 23, 24, 0, 22, 24, 25, 0),
	gsSP2Triangles(25, 24, 26, 0, 25, 26, 27, 0),
	gsSP2Triangles(27, 26, 28, 0, 27, 28, 29, 0),
	gsSPVertex(rgardenhall_rgardenhall_mesh_layer_1_vtx_6 + 94, 32, 0),
	gsSP2Triangles(0, 1, 2, 0, 0, 2, 3, 0),
	gsSP2Triangles(4, 5, 6, 0, 4, 6, 7, 0),
	gsSP2Triangles(8, 9, 10, 0, 8, 10, 11, 0),
	gsSP2Triangles(12, 13, 14, 0, 12, 14, 15, 0),
	gsSP2Triangles(16, 12, 15, 0, 16, 15, 17, 0),
	gsSP2Triangles(18, 16, 17, 0, 18, 17, 19, 0),
	gsSP2Triangles(20, 21, 22, 0, 20, 23, 21, 0),
	gsSP2Triangles(23, 20, 24, 0, 20, 25, 24, 0),
	gsSP2Triangles(24, 26, 23, 0, 26, 27, 23, 0),
	gsSP2Triangles(28, 29, 30, 0, 28, 30, 31, 0),
	gsSPVertex(rgardenhall_rgardenhall_mesh_layer_1_vtx_6 + 126, 23, 0),
	gsSP2Triangles(0, 1, 2, 0, 3, 0, 2, 0),
	gsSP2Triangles(4, 3, 2, 0, 2, 5, 4, 0),
	gsSP2Triangles(2, 6, 5, 0, 2, 7, 6, 0),
	gsSP2Triangles(5, 8, 4, 0, 5, 9, 8, 0),
	gsSP2Triangles(4, 10, 3, 0, 11, 12, 13, 0),
	gsSP2Triangles(14, 11, 13, 0, 13, 15, 14, 0),
	gsSP2Triangles(13, 16, 15, 0, 15, 17, 14, 0),
	gsSP2Triangles(15, 18, 17, 0, 19, 20, 21, 0),
	gsSP1Triangle(19, 21, 22, 0),
	gsSPEndDisplayList(),
};

Vtx rgardenhall_rgardenhall_mesh_layer_1_vtx_7[114] = {
	{{ {-810, -781, 551}, 0, {806, -762}, {168, 168, 168, 255} }},
	{{ {68, -781, 669}, 0, {899, -1652}, {159, 159, 159, 255} }},
	{{ {68, -781, 448}, 0, {676, -1646}, {162, 162, 162, 255} }},
	{{ {-179, -781, 190}, 0, {423, -1388}, {158, 158, 158, 255} }},
	{{ {68, -781, 213}, 0, {438, -1639}, {157, 157, 157, 255} }},
	{{ {-810, -781, 201}, 0, {453, -762}, {166, 166, 166, 255} }},
	{{ {-662, -781, 148}, 0, {394, -906}, {166, 166, 166, 255} }},
	{{ {-3464, -677, -810}, 0, {-640, 1987}, {102, 102, 102, 255} }},
	{{ {-4095, -781, -669}, 0, {-497, 2641}, {102, 102, 102, 255} }},
	{{ {-4095, -781, 48}, 0, {245, 2644}, {221, 221, 221, 255} }},
	{{ {-3188, -781, -232}, 0, {-34, 1691}, {252, 252, 252, 255} }},
	{{ {-3848, -855, 129}, 0, {350, 2385}, {214, 214, 214, 255} }},
	{{ {-3979, -855, 168}, 0, {388, 2522}, {219, 219, 219, 255} }},
	{{ {-4095, -855, 176}, 0, {397, 2642}, {199, 199, 199, 255} }},
	{{ {-4193, -781, 48}, 0, {245, 2644}, {33, 33, 33, 255} }},
	{{ {-4193, -855, 176}, 0, {397, 2642}, {0, 0, 0, 255} }},
	{{ {-4193, -781, 303}, 0, {548, 2640}, {3, 3, 3, 255} }},
	{{ {-4095, -781, 303}, 0, {548, 2640}, {222, 222, 222, 255} }},
	{{ {-3863, -781, 288}, 0, {532, 2399}, {236, 236, 236, 255} }},
	{{ {-4095, -781, 448}, 0, {698, 2641}, {243, 243, 243, 255} }},
	{{ {-3464, -781, 820}, 0, {967, 1989}, {119, 174, 98, 255} }},
	{{ {-4095, -781, 669}, 0, {928, 2644}, {232, 232, 232, 255} }},
	{{ {-2864, -652, 448}, 0, {723, 1360}, {255, 255, 255, 255} }},
	{{ {-3600, -781, 209}, 0, {454, 2124}, {255, 255, 255, 255} }},
	{{ {-3105, -781, -58}, 0, {206, 1596}, {246, 246, 246, 255} }},
	{{ {-2864, -781, 29}, 0, {302, 1355}, {254, 254, 254, 255} }},
	{{ {-2647, -781, 198}, 0, {463, 1137}, {248, 248, 248, 255} }},
	{{ {-1833, -781, 568}, 0, {809, 292}, {235, 235, 235, 255} }},
	{{ {-1833, -781, 757}, 0, {1003, 291}, {127, 127, 127, 255} }},
	{{ {-810, -781, 551}, 0, {806, -762}, {253, 253, 253, 255} }},
	{{ {-1006, -781, 304}, 0, {551, -561}, {247, 247, 247, 255} }},
	{{ {-810, -781, 201}, 0, {453, -762}, {249, 249, 249, 255} }},
	{{ {-810, -855, 137}, 0, {358, -748}, {203, 203, 203, 255} }},
	{{ {-1006, -781, 304}, 0, {551, -561}, {247, 247, 247, 255} }},
	{{ {-810, -781, 201}, 0, {453, -762}, {249, 249, 249, 255} }},
	{{ {-662, -781, 148}, 0, {394, -906}, {250, 250, 250, 255} }},
	{{ {-304, -855, -56}, 0, {152, -1234}, {218, 218, 218, 255} }},
	{{ {-189, -781, -24}, 0, {206, -1369}, {251, 251, 251, 255} }},
	{{ {68, -781, 48}, 0, {272, -1634}, {231, 231, 231, 255} }},
	{{ {-179, -781, 190}, 0, {423, -1388}, {238, 238, 238, 255} }},
	{{ {68, -781, 213}, 0, {438, -1639}, {237, 237, 237, 255} }},
	{{ {-210, -855, -217}, 0, {-17, -1340}, {204, 204, 204, 255} }},
	{{ {-420, -781, -89}, 0, {102, -1105}, {255, 255, 255, 255} }},
	{{ {-810, -855, -307}, 0, {-137, -738}, {221, 221, 221, 255} }},
	{{ {-399, -781, -397}, 0, {-227, -1155}, {247, 247, 247, 255} }},
	{{ {68, -781, -327}, 0, {-142, -1638}, {227, 227, 227, 255} }},
	{{ {68, -855, -175}, 0, {30, -1633}, {209, 209, 209, 255} }},
	{{ {237, -781, 48}, 0, {272, -1634}, {2, 2, 2, 255} }},
	{{ {237, -855, -175}, 0, {30, -1633}, {0, 0, 0, 255} }},
	{{ {237, -781, -327}, 0, {-142, -1638}, {5, 5, 5, 255} }},
	{{ {68, -781, -669}, 0, {-494, -1647}, {102, 102, 102, 255} }},
	{{ {-810, -781, -788}, 0, {-642, -749}, {102, 102, 102, 255} }},
	{{ {-810, -781, -458}, 0, {-305, -741}, {236, 236, 236, 255} }},
	{{ {-1496, -781, -314}, 0, {-169, -41}, {245, 245, 245, 255} }},
	{{ {-1833, -697, -738}, 0, {-605, 305}, {102, 102, 102, 255} }},
	{{ {-1833, -781, -254}, 0, {-109, 302}, {246, 246, 246, 255} }},
	{{ {-2226, -781, -285}, 0, {-135, 704}, {248, 248, 248, 255} }},
	{{ {-2864, -781, -269}, 0, {-95, 1346}, {233, 233, 233, 255} }},
	{{ {-2864, -781, -753}, 0, {-594, 1365}, {102, 102, 102, 255} }},
	{{ {-3188, -781, -232}, 0, {-34, 1691}, {252, 252, 252, 255} }},
	{{ {-3464, -677, -810}, 0, {-640, 1987}, {102, 102, 102, 255} }},
	{{ {-3135, -855, -120}, 0, {107, 1628}, {210, 210, 210, 255} }},
	{{ {-3848, -855, 129}, 0, {350, 2385}, {214, 214, 214, 255} }},
	{{ {-3600, -781, 209}, 0, {454, 2124}, {255, 255, 255, 255} }},
	{{ {-3863, -781, 288}, 0, {532, 2399}, {236, 236, 236, 255} }},
	{{ {-3600, -781, 209}, 0, {454, 2124}, {255, 255, 255, 255} }},
	{{ {-3848, -855, 129}, 0, {350, 2385}, {214, 214, 214, 255} }},
	{{ {-3979, -855, 168}, 0, {388, 2522}, {219, 219, 219, 255} }},
	{{ {-3135, -855, -120}, 0, {107, 1628}, {210, 210, 210, 255} }},
	{{ {-3105, -781, -58}, 0, {206, 1596}, {246, 246, 246, 255} }},
	{{ {-2995, -855, -77}, 0, {144, 1470}, {231, 231, 231, 255} }},
	{{ {-2864, -855, -35}, 0, {211, 1336}, {221, 221, 221, 255} }},
	{{ {-2864, -781, 29}, 0, {302, 1355}, {254, 254, 254, 255} }},
	{{ {-2587, -855, 129}, 0, {368, 1066}, {190, 190, 190, 255} }},
	{{ {-2647, -781, 198}, 0, {463, 1137}, {248, 248, 248, 255} }},
	{{ {-1833, -855, 458}, 0, {673, 292}, {127, 127, 127, 255} }},
	{{ {-1833, -781, 568}, 0, {809, 292}, {235, 235, 235, 255} }},
	{{ {-1056, -855, 241}, 0, {458, -501}, {195, 195, 195, 255} }},
	{{ {-1006, -781, 304}, 0, {551, -561}, {247, 247, 247, 255} }},
	{{ {-810, -855, 137}, 0, {358, -748}, {203, 203, 203, 255} }},
	{{ {-810, -781, 73}, 0, {261, -735}, {255, 255, 255, 255} }},
	{{ {-420, -781, -89}, 0, {102, -1105}, {255, 255, 255, 255} }},
	{{ {-304, -855, -56}, 0, {152, -1234}, {218, 218, 218, 255} }},
	{{ {-810, -781, -198}, 0, {-4, -736}, {255, 255, 255, 255} }},
	{{ {-810, -855, -307}, 0, {-137, -738}, {221, 221, 221, 255} }},
	{{ {-1267, -737, -25}, 0, {156, -277}, {255, 255, 255, 255} }},
	{{ {-1392, -855, -182}, 0, {-18, -149}, {214, 214, 214, 255} }},
	{{ {-810, -781, -458}, 0, {-305, -741}, {236, 236, 236, 255} }},
	{{ {-399, -781, -397}, 0, {-227, -1155}, {247, 247, 247, 255} }},
	{{ {-1496, -781, -314}, 0, {-169, -41}, {245, 245, 245, 255} }},
	{{ {-1833, -855, -128}, 0, {39, 300}, {207, 207, 207, 255} }},
	{{ {-1833, -781, -254}, 0, {-109, 302}, {246, 246, 246, 255} }},
	{{ {-2308, -855, -192}, 0, {-13, 784}, {205, 205, 205, 255} }},
	{{ {-2226, -781, -285}, 0, {-135, 704}, {248, 248, 248, 255} }},
	{{ {-2864, -855, -173}, 0, {28, 1335}, {225, 225, 225, 255} }},
	{{ {-2864, -781, -269}, 0, {-95, 1346}, {233, 233, 233, 255} }},
	{{ {-2864, -855, -173}, 0, {28, 1335}, {225, 225, 225, 255} }},
	{{ {-2995, -855, -77}, 0, {144, 1470}, {231, 231, 231, 255} }},
	{{ {-2864, -781, -100}, 0, {125, 1315}, {231, 231, 231, 255} }},
	{{ {-2864, -855, -35}, 0, {211, 1336}, {221, 221, 221, 255} }},
	{{ {-2526, -781, 59}, 0, {273, 997}, {255, 255, 255, 255} }},
	{{ {-2587, -855, 129}, 0, {368, 1066}, {190, 190, 190, 255} }},
	{{ {-1833, -781, 348}, 0, {537, 293}, {254, 254, 254, 255} }},
	{{ {-1833, -855, 458}, 0, {673, 292}, {127, 127, 127, 255} }},
	{{ {-1106, -781, 178}, 0, {366, -441}, {255, 255, 255, 255} }},
	{{ {-1056, -855, 241}, 0, {458, -501}, {195, 195, 195, 255} }},
	{{ {-810, -781, 73}, 0, {261, -735}, {255, 255, 255, 255} }},
	{{ {-810, -781, -198}, 0, {-4, -736}, {255, 255, 255, 255} }},
	{{ {-1267, -737, -25}, 0, {156, -277}, {255, 255, 255, 255} }},
	{{ {-1833, -781, 57}, 0, {242, 298}, {255, 255, 255, 255} }},
	{{ {-1392, -855, -182}, 0, {-18, -149}, {214, 214, 214, 255} }},
	{{ {-1833, -855, -128}, 0, {39, 300}, {207, 207, 207, 255} }},
	{{ {-2387, -781, -101}, 0, {104, 861}, {255, 255, 255, 255} }},
	{{ {-2308, -855, -192}, 0, {-13, 784}, {205, 205, 205, 255} }},
};

Gfx rgardenhall_rgardenhall_mesh_layer_1_tri_7[] = {
	gsSPVertex(rgardenhall_rgardenhall_mesh_layer_1_vtx_7 + 0, 32, 0),
	gsSP2Triangles(0, 1, 2, 0, 2, 3, 0, 0),
	gsSP2Triangles(2, 4, 3, 0, 3, 5, 0, 0),
	gsSP2Triangles(3, 6, 5, 0, 7, 8, 9, 0),
	gsSP2Triangles(7, 9, 10, 0, 10, 9, 11, 0),
	gsSP2Triangles(12, 11, 9, 0, 9, 13, 12, 0),
	gsSP2Triangles(13, 9, 14, 0, 13, 14, 15, 0),
	gsSP2Triangles(15, 14, 16, 0, 17, 15, 16, 0),
	gsSP2Triangles(17, 13, 15, 0, 12, 13, 17, 0),
	gsSP2Triangles(12, 17, 18, 0, 18, 17, 19, 0),
	gsSP2Triangles(18, 19, 20, 0, 19, 21, 20, 0),
	gsSP2Triangles(22, 18, 20, 0, 22, 23, 18, 0),
	gsSP2Triangles(24, 23, 22, 0, 25, 24, 22, 0),
	gsSP2Triangles(26, 25, 22, 0, 22, 27, 26, 0),
	gsSP2Triangles(22, 28, 27, 0, 29, 27, 28, 0),
	gsSP2Triangles(29, 30, 27, 0, 31, 30, 29, 0),
	gsSPVertex(rgardenhall_rgardenhall_mesh_layer_1_vtx_7 + 32, 32, 0),
	gsSP2Triangles(0, 1, 2, 0, 0, 2, 3, 0),
	gsSP2Triangles(3, 4, 0, 0, 3, 5, 4, 0),
	gsSP2Triangles(6, 5, 3, 0, 6, 3, 7, 0),
	gsSP2Triangles(7, 8, 6, 0, 9, 5, 6, 0),
	gsSP2Triangles(9, 4, 5, 0, 10, 4, 9, 0),
	gsSP2Triangles(10, 9, 11, 0, 11, 9, 12, 0),
	gsSP2Triangles(9, 13, 12, 0, 9, 14, 13, 0),
	gsSP2Triangles(6, 14, 9, 0, 14, 6, 15, 0),
	gsSP2Triangles(14, 15, 16, 0, 16, 15, 17, 0),
	gsSP2Triangles(13, 16, 17, 0, 13, 14, 16, 0),
	gsSP2Triangles(12, 13, 18, 0, 12, 18, 19, 0),
	gsSP2Triangles(20, 12, 19, 0, 19, 21, 20, 0),
	gsSP2Triangles(19, 22, 21, 0, 23, 21, 22, 0),
	gsSP2Triangles(24, 23, 22, 0, 22, 25, 24, 0),
	gsSP2Triangles(22, 26, 25, 0, 26, 27, 25, 0),
	gsSP2Triangles(26, 28, 27, 0, 25, 27, 29, 0),
	gsSP2Triangles(27, 30, 29, 0, 29, 30, 31, 0),
	gsSPVertex(rgardenhall_rgardenhall_mesh_layer_1_vtx_7 + 64, 32, 0),
	gsSP2Triangles(0, 1, 2, 0, 0, 2, 3, 0),
	gsSP2Triangles(4, 1, 5, 0, 6, 4, 5, 0),
	gsSP2Triangles(7, 6, 5, 0, 7, 5, 8, 0),
	gsSP2Triangles(9, 7, 8, 0, 9, 8, 10, 0),
	gsSP2Triangles(10, 11, 9, 0, 10, 12, 11, 0),
	gsSP2Triangles(12, 13, 11, 0, 12, 14, 13, 0),
	gsSP2Triangles(15, 13, 14, 0, 16, 13, 15, 0),
	gsSP2Triangles(15, 17, 16, 0, 15, 18, 17, 0),
	gsSP2Triangles(16, 17, 19, 0, 20, 19, 17, 0),
	gsSP2Triangles(20, 21, 19, 0, 20, 22, 21, 0),
	gsSP2Triangles(23, 22, 20, 0, 20, 24, 23, 0),
	gsSP2Triangles(23, 25, 22, 0, 26, 22, 25, 0),
	gsSP2Triangles(26, 25, 27, 0, 28, 26, 27, 0),
	gsSP2Triangles(28, 27, 29, 0, 29, 30, 28, 0),
	gsSP2Triangles(29, 31, 30, 0, 31, 4, 30, 0),
	gsSP1Triangle(30, 4, 6, 0),
	gsSPVertex(rgardenhall_rgardenhall_mesh_layer_1_vtx_7 + 96, 18, 0),
	gsSP2Triangles(0, 1, 2, 0, 2, 1, 3, 0),
	gsSP2Triangles(4, 2, 3, 0, 4, 3, 5, 0),
	gsSP2Triangles(5, 6, 4, 0, 5, 7, 6, 0),
	gsSP2Triangles(7, 8, 6, 0, 7, 9, 8, 0),
	gsSP2Triangles(10, 8, 9, 0, 11, 8, 10, 0),
	gsSP2Triangles(11, 12, 8, 0, 6, 8, 12, 0),
	gsSP2Triangles(6, 12, 13, 0, 13, 12, 14, 0),
	gsSP2Triangles(13, 14, 15, 0, 16, 13, 15, 0),
	gsSP2Triangles(16, 15, 17, 0, 17, 2, 16, 0),
	gsSP2Triangles(17, 0, 2, 0, 16, 2, 4, 0),
	gsSP2Triangles(4, 13, 16, 0, 4, 6, 13, 0),
	gsSPEndDisplayList(),
};

Vtx rgardenhall_rgardenhall_mesh_layer_1_vtx_8[64] = {
	{{ {-3630, -767, -655}, 0, {4115, 574}, {156, 174, 159, 255} }},
	{{ {-3630, -658, -655}, 0, {4115, -14}, {156, 174, 159, 255} }},
	{{ {-3488, -658, -597}, 0, {2507, -14}, {156, 174, 159, 255} }},
	{{ {-3488, -767, -597}, 0, {2507, 574}, {156, 174, 159, 255} }},
	{{ {-3488, -767, -597}, 0, {3311, 574}, {156, 174, 159, 255} }},
	{{ {-3488, -658, -597}, 0, {3311, -14}, {156, 174, 159, 255} }},
	{{ {-3430, -658, -455}, 0, {1702, -14}, {255, 255, 255, 255} }},
	{{ {-3430, -767, -455}, 0, {1702, 574}, {255, 255, 255, 255} }},
	{{ {-3430, -767, -455}, 0, {2507, 574}, {255, 255, 255, 255} }},
	{{ {-3430, -658, -455}, 0, {2507, -14}, {255, 255, 255, 255} }},
	{{ {-3488, -658, -314}, 0, {898, -14}, {255, 255, 255, 255} }},
	{{ {-3488, -767, -314}, 0, {898, 574}, {255, 255, 255, 255} }},
	{{ {-3488, -767, -314}, 0, {1702, 574}, {255, 255, 255, 255} }},
	{{ {-3488, -658, -314}, 0, {1702, -14}, {255, 255, 255, 255} }},
	{{ {-3630, -658, -255}, 0, {94, -14}, {255, 255, 255, 255} }},
	{{ {-3630, -767, -255}, 0, {94, 574}, {255, 255, 255, 255} }},
	{{ {-3630, -767, -255}, 0, {898, 574}, {255, 255, 255, 255} }},
	{{ {-3630, -658, -255}, 0, {898, -14}, {255, 255, 255, 255} }},
	{{ {-3771, -658, -314}, 0, {-710, -14}, {255, 255, 255, 255} }},
	{{ {-3771, -767, -314}, 0, {-710, 574}, {255, 255, 255, 255} }},
	{{ {-3771, -767, -314}, 0, {94, 574}, {255, 255, 255, 255} }},
	{{ {-3771, -658, -314}, 0, {94, -14}, {255, 255, 255, 255} }},
	{{ {-3830, -658, -455}, 0, {-1515, -14}, {255, 255, 255, 255} }},
	{{ {-3830, -767, -455}, 0, {-1515, 574}, {255, 255, 255, 255} }},
	{{ {-3830, -767, -455}, 0, {-710, 574}, {255, 255, 255, 255} }},
	{{ {-3830, -658, -455}, 0, {-710, -14}, {255, 255, 255, 255} }},
	{{ {-3771, -658, -597}, 0, {-2319, -14}, {156, 174, 159, 255} }},
	{{ {-3771, -767, -597}, 0, {-2319, 574}, {156, 174, 159, 255} }},
	{{ {-3771, -767, -597}, 0, {-1515, 574}, {156, 174, 159, 255} }},
	{{ {-3771, -658, -597}, 0, {-1515, -14}, {156, 174, 159, 255} }},
	{{ {-3630, -658, -655}, 0, {-3123, -14}, {156, 174, 159, 255} }},
	{{ {-3630, -767, -655}, 0, {-3123, 574}, {156, 174, 159, 255} }},
	{{ {-1406, -816, -732}, 0, {4115, 574}, {156, 174, 159, 255} }},
	{{ {-1406, -707, -732}, 0, {4115, -14}, {156, 174, 159, 255} }},
	{{ {-1265, -707, -673}, 0, {2507, -14}, {156, 174, 159, 255} }},
	{{ {-1265, -816, -673}, 0, {2507, 574}, {156, 174, 159, 255} }},
	{{ {-1265, -816, -673}, 0, {3311, 574}, {156, 174, 159, 255} }},
	{{ {-1265, -707, -673}, 0, {3311, -14}, {156, 174, 159, 255} }},
	{{ {-1206, -707, -532}, 0, {1702, -14}, {255, 255, 255, 255} }},
	{{ {-1206, -816, -532}, 0, {1702, 574}, {255, 255, 255, 255} }},
	{{ {-1206, -816, -532}, 0, {2507, 574}, {255, 255, 255, 255} }},
	{{ {-1206, -707, -532}, 0, {2507, -14}, {255, 255, 255, 255} }},
	{{ {-1265, -707, -390}, 0, {898, -14}, {255, 255, 255, 255} }},
	{{ {-1265, -816, -390}, 0, {898, 574}, {255, 255, 255, 255} }},
	{{ {-1265, -816, -390}, 0, {1702, 574}, {255, 255, 255, 255} }},
	{{ {-1265, -707, -390}, 0, {1702, -14}, {255, 255, 255, 255} }},
	{{ {-1406, -707, -332}, 0, {94, -14}, {255, 255, 255, 255} }},
	{{ {-1406, -816, -332}, 0, {94, 574}, {255, 255, 255, 255} }},
	{{ {-1406, -816, -332}, 0, {898, 574}, {255, 255, 255, 255} }},
	{{ {-1406, -707, -332}, 0, {898, -14}, {255, 255, 255, 255} }},
	{{ {-1548, -707, -390}, 0, {-710, -14}, {255, 255, 255, 255} }},
	{{ {-1548, -816, -390}, 0, {-710, 574}, {255, 255, 255, 255} }},
	{{ {-1548, -816, -390}, 0, {94, 574}, {255, 255, 255, 255} }},
	{{ {-1548, -707, -390}, 0, {94, -14}, {255, 255, 255, 255} }},
	{{ {-1606, -707, -532}, 0, {-1515, -14}, {255, 255, 255, 255} }},
	{{ {-1606, -816, -532}, 0, {-1515, 574}, {255, 255, 255, 255} }},
	{{ {-1606, -816, -532}, 0, {-710, 574}, {255, 255, 255, 255} }},
	{{ {-1606, -707, -532}, 0, {-710, -14}, {255, 255, 255, 255} }},
	{{ {-1548, -707, -673}, 0, {-2319, -14}, {156, 174, 159, 255} }},
	{{ {-1548, -816, -673}, 0, {-2319, 574}, {156, 174, 159, 255} }},
	{{ {-1548, -816, -673}, 0, {-1515, 574}, {156, 174, 159, 255} }},
	{{ {-1548, -707, -673}, 0, {-1515, -14}, {156, 174, 159, 255} }},
	{{ {-1406, -707, -732}, 0, {-3123, -14}, {156, 174, 159, 255} }},
	{{ {-1406, -816, -732}, 0, {-3123, 574}, {156, 174, 159, 255} }},
};

Gfx rgardenhall_rgardenhall_mesh_layer_1_tri_8[] = {
	gsSPVertex(rgardenhall_rgardenhall_mesh_layer_1_vtx_8 + 0, 32, 0),
	gsSP2Triangles(0, 1, 2, 0, 0, 2, 3, 0),
	gsSP2Triangles(4, 5, 6, 0, 4, 6, 7, 0),
	gsSP2Triangles(8, 9, 10, 0, 8, 10, 11, 0),
	gsSP2Triangles(12, 13, 14, 0, 12, 14, 15, 0),
	gsSP2Triangles(16, 17, 18, 0, 16, 18, 19, 0),
	gsSP2Triangles(20, 21, 22, 0, 20, 22, 23, 0),
	gsSP2Triangles(24, 25, 26, 0, 24, 26, 27, 0),
	gsSP2Triangles(28, 29, 30, 0, 28, 30, 31, 0),
	gsSPVertex(rgardenhall_rgardenhall_mesh_layer_1_vtx_8 + 32, 32, 0),
	gsSP2Triangles(0, 1, 2, 0, 0, 2, 3, 0),
	gsSP2Triangles(4, 5, 6, 0, 4, 6, 7, 0),
	gsSP2Triangles(8, 9, 10, 0, 8, 10, 11, 0),
	gsSP2Triangles(12, 13, 14, 0, 12, 14, 15, 0),
	gsSP2Triangles(16, 17, 18, 0, 16, 18, 19, 0),
	gsSP2Triangles(20, 21, 22, 0, 20, 22, 23, 0),
	gsSP2Triangles(24, 25, 26, 0, 24, 26, 27, 0),
	gsSP2Triangles(28, 29, 30, 0, 28, 30, 31, 0),
	gsSPEndDisplayList(),
};

Vtx rgardenhall_rgardenhall_mesh_layer_1_vtx_9[36] = {
	{{ {-2823, 167, -336}, 0, {-16, 496}, {255, 255, 255, 255} }},
	{{ {-2823, 167, -120}, 0, {1008, 496}, {255, 255, 255, 255} }},
	{{ {-2671, 167, -184}, 0, {1008, 496}, {255, 255, 255, 255} }},
	{{ {-2823, 167, -336}, 0, {-16, 496}, {255, 255, 255, 255} }},
	{{ {-2975, 167, -184}, 0, {1008, 496}, {255, 255, 255, 255} }},
	{{ {-2823, 167, -336}, 0, {-16, 496}, {255, 255, 255, 255} }},
	{{ {-2823, 167, -551}, 0, {1008, 496}, {255, 255, 255, 255} }},
	{{ {-2975, 167, -488}, 0, {1008, 496}, {255, 255, 255, 255} }},
	{{ {-277, -391, -435}, 0, {-16, 496}, {255, 255, 255, 255} }},
	{{ {-277, -391, -220}, 0, {1008, 496}, {255, 255, 255, 255} }},
	{{ {-125, -391, -283}, 0, {1008, 496}, {255, 255, 255, 255} }},
	{{ {-277, -391, -435}, 0, {-16, 496}, {255, 255, 255, 255} }},
	{{ {-430, -391, -283}, 0, {1008, 496}, {255, 255, 255, 255} }},
	{{ {-277, -391, -435}, 0, {-16, 496}, {255, 255, 255, 255} }},
	{{ {-277, -391, -651}, 0, {1008, 496}, {255, 255, 255, 255} }},
	{{ {-430, -391, -588}, 0, {1008, 496}, {255, 255, 255, 255} }},
	{{ {-3592, -369, 539}, 0, {-16, 496}, {255, 255, 255, 255} }},
	{{ {-3592, -369, 755}, 0, {1008, 496}, {255, 255, 255, 255} }},
	{{ {-3440, -369, 691}, 0, {1008, 496}, {255, 255, 255, 255} }},
	{{ {-3592, -369, 539}, 0, {-16, 496}, {255, 255, 255, 255} }},
	{{ {-3744, -369, 691}, 0, {1008, 496}, {255, 255, 255, 255} }},
	{{ {-3592, -369, 539}, 0, {-16, 496}, {255, 255, 255, 255} }},
	{{ {-3592, -369, 324}, 0, {1008, 496}, {255, 255, 255, 255} }},
	{{ {-3744, -369, 387}, 0, {1008, 496}, {255, 255, 255, 255} }},
	{{ {-2671, 167, -488}, 0, {1008, 496}, {255, 255, 255, 255} }},
	{{ {-2607, 167, -336}, 0, {1008, 496}, {255, 255, 255, 255} }},
	{{ {-3038, 167, -336}, 0, {1008, 496}, {255, 255, 255, 255} }},
	{{ {-125, -391, -588}, 0, {1008, 496}, {255, 255, 255, 255} }},
	{{ {-62, -391, -435}, 0, {1008, 496}, {255, 255, 255, 255} }},
	{{ {-493, -391, -435}, 0, {1008, 496}, {255, 255, 255, 255} }},
	{{ {-3440, -369, 387}, 0, {1008, 496}, {255, 255, 255, 255} }},
	{{ {-3377, -369, 539}, 0, {1008, 496}, {255, 255, 255, 255} }},
	{{ {-3592, -369, 539}, 0, {-16, 496}, {255, 255, 255, 255} }},
	{{ {-3808, -369, 539}, 0, {1008, 496}, {255, 255, 255, 255} }},
	{{ {-3744, -369, 691}, 0, {1008, 496}, {255, 255, 255, 255} }},
	{{ {-3744, -369, 387}, 0, {1008, 496}, {255, 255, 255, 255} }},
};

Gfx rgardenhall_rgardenhall_mesh_layer_1_tri_9[] = {
	gsSPVertex(rgardenhall_rgardenhall_mesh_layer_1_vtx_9 + 0, 32, 0),
	gsSP2Triangles(0, 1, 2, 0, 3, 4, 1, 0),
	gsSP2Triangles(5, 6, 7, 0, 8, 9, 10, 0),
	gsSP2Triangles(11, 12, 9, 0, 13, 14, 15, 0),
	gsSP2Triangles(16, 17, 18, 0, 19, 20, 17, 0),
	gsSP2Triangles(21, 22, 23, 0, 3, 24, 6, 0),
	gsSP2Triangles(3, 25, 24, 0, 3, 2, 25, 0),
	gsSP2Triangles(0, 26, 4, 0, 0, 7, 26, 0),
	gsSP2Triangles(11, 27, 14, 0, 11, 28, 27, 0),
	gsSP2Triangles(11, 10, 28, 0, 8, 29, 12, 0),
	gsSP2Triangles(8, 15, 29, 0, 19, 30, 22, 0),
	gsSP2Triangles(19, 31, 30, 0, 19, 18, 31, 0),
	gsSPVertex(rgardenhall_rgardenhall_mesh_layer_1_vtx_9 + 32, 4, 0),
	gsSP2Triangles(0, 1, 2, 0, 0, 3, 1, 0),
	gsSPEndDisplayList(),
};

Vtx rgardenhall_rgardenhall_mesh_layer_1_vtx_10[159] = {
	{{ {-2823, -866, -586}, 0, {3088, 1536}, {86, 127, 73, 255} }},
	{{ {-2823, 167, -586}, 0, {3088, -1056}, {135, 135, 135, 255} }},
	{{ {-2646, 167, -513}, 0, {2440, -1056}, {127, 127, 127, 255} }},
	{{ {-2646, -866, -513}, 0, {2440, 1536}, {86, 127, 73, 255} }},
	{{ {-2573, 167, -336}, 0, {1792, -1056}, {255, 255, 255, 255} }},
	{{ {-2573, -866, -336}, 0, {1792, 1536}, {197, 255, 198, 255} }},
	{{ {-2646, 167, -159}, 0, {1144, -1056}, {255, 255, 255, 255} }},
	{{ {-2646, -866, -159}, 0, {1144, 1536}, {188, 255, 189, 255} }},
	{{ {-2823, 167, -86}, 0, {496, -1056}, {255, 255, 255, 255} }},
	{{ {-2823, -866, -86}, 0, {496, 1536}, {202, 255, 203, 255} }},
	{{ {-3000, 167, -159}, 0, {-152, -1056}, {255, 255, 255, 255} }},
	{{ {-3000, -866, -159}, 0, {-152, 1536}, {187, 255, 188, 255} }},
	{{ {-3073, 167, -336}, 0, {-800, -1056}, {255, 255, 255, 255} }},
	{{ {-3073, -866, -336}, 0, {-800, 1536}, {187, 255, 188, 255} }},
	{{ {-3000, 167, -513}, 0, {-1448, -1056}, {128, 128, 128, 255} }},
	{{ {-3000, -866, -513}, 0, {-1448, 1536}, {86, 127, 73, 255} }},
	{{ {-2823, 167, -586}, 0, {-2096, -1056}, {135, 135, 135, 255} }},
	{{ {-2823, -866, -586}, 0, {-2096, 1536}, {86, 127, 73, 255} }},
	{{ {-2823, 167, -551}, 0, {-16, 496}, {255, 255, 255, 255} }},
	{{ {-2671, 167, -488}, 0, {1008, 496}, {255, 255, 255, 255} }},
	{{ {-2646, 167, -513}, 0, {1008, 496}, {127, 127, 127, 255} }},
	{{ {-2823, 167, -586}, 0, {-16, 496}, {135, 135, 135, 255} }},
	{{ {-2671, 167, -488}, 0, {-16, 496}, {255, 255, 255, 255} }},
	{{ {-2607, 167, -336}, 0, {1008, 496}, {255, 255, 255, 255} }},
	{{ {-2573, 167, -336}, 0, {1008, 496}, {255, 255, 255, 255} }},
	{{ {-2646, 167, -513}, 0, {-16, 496}, {127, 127, 127, 255} }},
	{{ {-2607, 167, -336}, 0, {-16, 496}, {255, 255, 255, 255} }},
	{{ {-2671, 167, -184}, 0, {1008, 496}, {255, 255, 255, 255} }},
	{{ {-2646, 167, -159}, 0, {1008, 496}, {255, 255, 255, 255} }},
	{{ {-2573, 167, -336}, 0, {-16, 496}, {255, 255, 255, 255} }},
	{{ {-2671, 167, -184}, 0, {-16, 496}, {255, 255, 255, 255} }},
	{{ {-2823, 167, -120}, 0, {1008, 496}, {255, 255, 255, 255} }},
	{{ {-2823, 167, -86}, 0, {1008, 496}, {255, 255, 255, 255} }},
	{{ {-2646, 167, -159}, 0, {-16, 496}, {255, 255, 255, 255} }},
	{{ {-2823, 167, -120}, 0, {-16, 496}, {255, 255, 255, 255} }},
	{{ {-2975, 167, -184}, 0, {1008, 496}, {255, 255, 255, 255} }},
	{{ {-3000, 167, -159}, 0, {1008, 496}, {255, 255, 255, 255} }},
	{{ {-2823, 167, -86}, 0, {-16, 496}, {255, 255, 255, 255} }},
	{{ {-2975, 167, -184}, 0, {-16, 496}, {255, 255, 255, 255} }},
	{{ {-3038, 167, -336}, 0, {1008, 496}, {255, 255, 255, 255} }},
	{{ {-3073, 167, -336}, 0, {1008, 496}, {255, 255, 255, 255} }},
	{{ {-3000, 167, -159}, 0, {-16, 496}, {255, 255, 255, 255} }},
	{{ {-3038, 167, -336}, 0, {-16, 496}, {255, 255, 255, 255} }},
	{{ {-2975, 167, -488}, 0, {1008, 496}, {255, 255, 255, 255} }},
	{{ {-3000, 167, -513}, 0, {1008, 496}, {128, 128, 128, 255} }},
	{{ {-3073, 167, -336}, 0, {-16, 496}, {255, 255, 255, 255} }},
	{{ {-2975, 167, -488}, 0, {-16, 496}, {255, 255, 255, 255} }},
	{{ {-2823, 167, -551}, 0, {1008, 496}, {255, 255, 255, 255} }},
	{{ {-2823, 167, -586}, 0, {1008, 496}, {135, 135, 135, 255} }},
	{{ {-3000, 167, -513}, 0, {-16, 496}, {128, 128, 128, 255} }},
	{{ {-277, -838, -685}, 0, {3088, 67}, {117, 132, 113, 255} }},
	{{ {-277, -391, -685}, 0, {3088, -1056}, {135, 135, 135, 255} }},
	{{ {-101, -391, -612}, 0, {2440, -1056}, {128, 174, 129, 255} }},
	{{ {-101, -838, -612}, 0, {2440, 67}, {112, 127, 108, 255} }},
	{{ {-101, -838, -612}, 0, {2440, 67}, {112, 127, 108, 255} }},
	{{ {-27, -391, -435}, 0, {1792, -1056}, {128, 174, 129, 255} }},
	{{ {-27, -838, -435}, 0, {1792, 67}, {128, 174, 129, 255} }},
	{{ {-101, -391, -258}, 0, {1144, -1056}, {255, 255, 255, 255} }},
	{{ {-101, -838, -258}, 0, {1144, 67}, {229, 255, 229, 255} }},
	{{ {-277, -391, -185}, 0, {496, -1056}, {255, 255, 255, 255} }},
	{{ {-277, -838, -185}, 0, {496, 67}, {187, 255, 188, 255} }},
	{{ {-277, -838, -185}, 0, {496, 67}, {187, 255, 188, 255} }},
	{{ {-277, -391, -185}, 0, {496, -1056}, {255, 255, 255, 255} }},
	{{ {-454, -391, -258}, 0, {-152, -1056}, {255, 255, 255, 255} }},
	{{ {-454, -838, -258}, 0, {-152, 67}, {187, 255, 188, 255} }},
	{{ {-454, -838, -258}, 0, {-152, 67}, {187, 255, 188, 255} }},
	{{ {-527, -391, -435}, 0, {-800, -1056}, {255, 255, 255, 255} }},
	{{ {-527, -838, -435}, 0, {-800, 67}, {187, 255, 188, 255} }},
	{{ {-454, -391, -612}, 0, {-1448, -1056}, {128, 128, 128, 255} }},
	{{ {-454, -838, -612}, 0, {-1448, 67}, {112, 128, 108, 255} }},
	{{ {-277, -391, -685}, 0, {-2096, -1056}, {135, 135, 135, 255} }},
	{{ {-277, -838, -685}, 0, {-2096, 67}, {117, 132, 113, 255} }},
	{{ {-277, -391, -651}, 0, {-16, 496}, {255, 255, 255, 255} }},
	{{ {-125, -391, -588}, 0, {1008, 496}, {255, 255, 255, 255} }},
	{{ {-101, -391, -612}, 0, {1008, 496}, {128, 174, 129, 255} }},
	{{ {-277, -391, -685}, 0, {-16, 496}, {135, 135, 135, 255} }},
	{{ {-125, -391, -588}, 0, {-16, 496}, {255, 255, 255, 255} }},
	{{ {-62, -391, -435}, 0, {1008, 496}, {255, 255, 255, 255} }},
	{{ {-27, -391, -435}, 0, {1008, 496}, {128, 174, 129, 255} }},
	{{ {-101, -391, -612}, 0, {-16, 496}, {128, 174, 129, 255} }},
	{{ {-62, -391, -435}, 0, {-16, 496}, {255, 255, 255, 255} }},
	{{ {-125, -391, -283}, 0, {1008, 496}, {255, 255, 255, 255} }},
	{{ {-101, -391, -258}, 0, {1008, 496}, {255, 255, 255, 255} }},
	{{ {-27, -391, -435}, 0, {-16, 496}, {128, 174, 129, 255} }},
	{{ {-125, -391, -283}, 0, {-16, 496}, {255, 255, 255, 255} }},
	{{ {-277, -391, -220}, 0, {1008, 496}, {255, 255, 255, 255} }},
	{{ {-277, -391, -185}, 0, {1008, 496}, {255, 255, 255, 255} }},
	{{ {-101, -391, -258}, 0, {-16, 496}, {255, 255, 255, 255} }},
	{{ {-277, -391, -220}, 0, {-16, 496}, {255, 255, 255, 255} }},
	{{ {-430, -391, -283}, 0, {1008, 496}, {255, 255, 255, 255} }},
	{{ {-454, -391, -258}, 0, {1008, 496}, {255, 255, 255, 255} }},
	{{ {-277, -391, -185}, 0, {-16, 496}, {255, 255, 255, 255} }},
	{{ {-430, -391, -283}, 0, {-16, 496}, {255, 255, 255, 255} }},
	{{ {-493, -391, -435}, 0, {1008, 496}, {255, 255, 255, 255} }},
	{{ {-527, -391, -435}, 0, {1008, 496}, {255, 255, 255, 255} }},
	{{ {-454, -391, -258}, 0, {-16, 496}, {255, 255, 255, 255} }},
	{{ {-493, -391, -435}, 0, {-16, 496}, {255, 255, 255, 255} }},
	{{ {-430, -391, -588}, 0, {1008, 496}, {255, 255, 255, 255} }},
	{{ {-454, -391, -612}, 0, {1008, 496}, {128, 128, 128, 255} }},
	{{ {-527, -391, -435}, 0, {-16, 496}, {255, 255, 255, 255} }},
	{{ {-430, -391, -588}, 0, {-16, 496}, {255, 255, 255, 255} }},
	{{ {-277, -391, -651}, 0, {1008, 496}, {255, 255, 255, 255} }},
	{{ {-277, -391, -685}, 0, {1008, 496}, {135, 135, 135, 255} }},
	{{ {-454, -391, -612}, 0, {-16, 496}, {128, 128, 128, 255} }},
	{{ {-3592, -851, 289}, 0, {3088, 153}, {115, 131, 111, 255} }},
	{{ {-3592, -369, 289}, 0, {3088, -1056}, {135, 135, 135, 255} }},
	{{ {-3415, -369, 362}, 0, {2440, -1056}, {127, 127, 127, 255} }},
	{{ {-3415, -851, 362}, 0, {2440, 153}, {111, 127, 107, 255} }},
	{{ {-3342, -369, 539}, 0, {1792, -1056}, {255, 255, 255, 255} }},
	{{ {-3342, -851, 539}, 0, {1792, 153}, {230, 255, 231, 255} }},
	{{ {-3415, -369, 716}, 0, {1144, -1056}, {118, 174, 97, 255} }},
	{{ {-3415, -851, 716}, 0, {1144, 153}, {118, 174, 97, 255} }},
	{{ {-3415, -851, 716}, 0, {1144, 153}, {118, 174, 97, 255} }},
	{{ {-3592, -369, 789}, 0, {496, -1056}, {118, 174, 97, 255} }},
	{{ {-3592, -851, 789}, 0, {496, 153}, {118, 174, 97, 255} }},
	{{ {-3592, -851, 789}, 0, {496, 153}, {118, 174, 97, 255} }},
	{{ {-3769, -369, 716}, 0, {-152, -1056}, {137, 179, 126, 255} }},
	{{ {-3769, -851, 716}, 0, {-152, 153}, {118, 174, 97, 255} }},
	{{ {-3842, -369, 539}, 0, {-800, -1056}, {255, 255, 255, 255} }},
	{{ {-3842, -851, 539}, 0, {-800, 153}, {227, 255, 227, 255} }},
	{{ {-3769, -369, 362}, 0, {-1448, -1056}, {128, 128, 128, 255} }},
	{{ {-3769, -851, 362}, 0, {-1448, 153}, {111, 128, 107, 255} }},
	{{ {-3769, -851, 362}, 0, {-1448, 153}, {111, 128, 107, 255} }},
	{{ {-3592, -369, 289}, 0, {-2096, -1056}, {135, 135, 135, 255} }},
	{{ {-3769, -851, 362}, 0, {-1448, 153}, {111, 128, 107, 255} }},
	{{ {-3592, -369, 289}, 0, {-2096, -1056}, {135, 135, 135, 255} }},
	{{ {-3592, -851, 289}, 0, {-2096, 153}, {115, 131, 111, 255} }},
	{{ {-3592, -369, 324}, 0, {-16, 496}, {255, 255, 255, 255} }},
	{{ {-3440, -369, 387}, 0, {1008, 496}, {255, 255, 255, 255} }},
	{{ {-3415, -369, 362}, 0, {1008, 496}, {127, 127, 127, 255} }},
	{{ {-3592, -369, 289}, 0, {-16, 496}, {135, 135, 135, 255} }},
	{{ {-3440, -369, 387}, 0, {-16, 496}, {255, 255, 255, 255} }},
	{{ {-3377, -369, 539}, 0, {1008, 496}, {255, 255, 255, 255} }},
	{{ {-3342, -369, 539}, 0, {1008, 496}, {255, 255, 255, 255} }},
	{{ {-3415, -369, 362}, 0, {-16, 496}, {127, 127, 127, 255} }},
	{{ {-3377, -369, 539}, 0, {-16, 496}, {255, 255, 255, 255} }},
	{{ {-3440, -369, 691}, 0, {1008, 496}, {255, 255, 255, 255} }},
	{{ {-3415, -369, 716}, 0, {1008, 496}, {118, 174, 97, 255} }},
	{{ {-3342, -369, 539}, 0, {-16, 496}, {255, 255, 255, 255} }},
	{{ {-3440, -369, 691}, 0, {-16, 496}, {255, 255, 255, 255} }},
	{{ {-3592, -369, 755}, 0, {1008, 496}, {255, 255, 255, 255} }},
	{{ {-3592, -369, 789}, 0, {1008, 496}, {118, 174, 97, 255} }},
	{{ {-3415, -369, 716}, 0, {-16, 496}, {118, 174, 97, 255} }},
	{{ {-3592, -369, 755}, 0, {-16, 496}, {255, 255, 255, 255} }},
	{{ {-3744, -369, 691}, 0, {1008, 496}, {255, 255, 255, 255} }},
	{{ {-3769, -369, 716}, 0, {1008, 496}, {137, 179, 126, 255} }},
	{{ {-3592, -369, 789}, 0, {-16, 496}, {118, 174, 97, 255} }},
	{{ {-3744, -369, 691}, 0, {-16, 496}, {255, 255, 255, 255} }},
	{{ {-3808, -369, 539}, 0, {1008, 496}, {255, 255, 255, 255} }},
	{{ {-3842, -369, 539}, 0, {1008, 496}, {255, 255, 255, 255} }},
	{{ {-3769, -369, 716}, 0, {-16, 496}, {137, 179, 126, 255} }},
	{{ {-3808, -369, 539}, 0, {-16, 496}, {255, 255, 255, 255} }},
	{{ {-3744, -369, 387}, 0, {1008, 496}, {255, 255, 255, 255} }},
	{{ {-3769, -369, 362}, 0, {1008, 496}, {128, 128, 128, 255} }},
	{{ {-3842, -369, 539}, 0, {-16, 496}, {255, 255, 255, 255} }},
	{{ {-3744, -369, 387}, 0, {-16, 496}, {255, 255, 255, 255} }},
	{{ {-3592, -369, 324}, 0, {1008, 496}, {255, 255, 255, 255} }},
	{{ {-3592, -369, 289}, 0, {1008, 496}, {135, 135, 135, 255} }},
	{{ {-3769, -369, 362}, 0, {-16, 496}, {128, 128, 128, 255} }},
};

Gfx rgardenhall_rgardenhall_mesh_layer_1_tri_10[] = {
	gsSPVertex(rgardenhall_rgardenhall_mesh_layer_1_vtx_10 + 0, 30, 0),
	gsSP2Triangles(0, 1, 2, 0, 0, 2, 3, 0),
	gsSP2Triangles(3, 2, 4, 0, 3, 4, 5, 0),
	gsSP2Triangles(5, 4, 6, 0, 5, 6, 7, 0),
	gsSP2Triangles(7, 6, 8, 0, 7, 8, 9, 0),
	gsSP2Triangles(9, 8, 10, 0, 9, 10, 11, 0),
	gsSP2Triangles(11, 10, 12, 0, 11, 12, 13, 0),
	gsSP2Triangles(13, 12, 14, 0, 13, 14, 15, 0),
	gsSP2Triangles(15, 14, 16, 0, 15, 16, 17, 0),
	gsSP2Triangles(18, 19, 20, 0, 18, 20, 21, 0),
	gsSP2Triangles(22, 23, 24, 0, 22, 24, 25, 0),
	gsSP2Triangles(26, 27, 28, 0, 26, 28, 29, 0),
	gsSPVertex(rgardenhall_rgardenhall_mesh_layer_1_vtx_10 + 30, 31, 0),
	gsSP2Triangles(0, 1, 2, 0, 0, 2, 3, 0),
	gsSP2Triangles(4, 5, 6, 0, 4, 6, 7, 0),
	gsSP2Triangles(8, 9, 10, 0, 8, 10, 11, 0),
	gsSP2Triangles(12, 13, 14, 0, 12, 14, 15, 0),
	gsSP2Triangles(16, 17, 18, 0, 16, 18, 19, 0),
	gsSP2Triangles(20, 21, 22, 0, 20, 22, 23, 0),
	gsSP2Triangles(24, 22, 25, 0, 24, 25, 26, 0),
	gsSP2Triangles(26, 25, 27, 0, 26, 27, 28, 0),
	gsSP2Triangles(28, 27, 29, 0, 28, 29, 30, 0),
	gsSPVertex(rgardenhall_rgardenhall_mesh_layer_1_vtx_10 + 61, 31, 0),
	gsSP2Triangles(0, 1, 2, 0, 0, 2, 3, 0),
	gsSP2Triangles(4, 2, 5, 0, 4, 5, 6, 0),
	gsSP2Triangles(6, 5, 7, 0, 6, 7, 8, 0),
	gsSP2Triangles(8, 7, 9, 0, 8, 9, 10, 0),
	gsSP2Triangles(11, 12, 13, 0, 11, 13, 14, 0),
	gsSP2Triangles(15, 16, 17, 0, 15, 17, 18, 0),
	gsSP2Triangles(19, 20, 21, 0, 19, 21, 22, 0),
	gsSP2Triangles(23, 24, 25, 0, 23, 25, 26, 0),
	gsSP2Triangles(27, 28, 29, 0, 27, 29, 30, 0),
	gsSPVertex(rgardenhall_rgardenhall_mesh_layer_1_vtx_10 + 92, 32, 0),
	gsSP2Triangles(0, 1, 2, 0, 0, 2, 3, 0),
	gsSP2Triangles(4, 5, 6, 0, 4, 6, 7, 0),
	gsSP2Triangles(8, 9, 10, 0, 8, 10, 11, 0),
	gsSP2Triangles(12, 13, 14, 0, 12, 14, 15, 0),
	gsSP2Triangles(15, 14, 16, 0, 15, 16, 17, 0),
	gsSP2Triangles(17, 16, 18, 0, 17, 18, 19, 0),
	gsSP2Triangles(20, 18, 21, 0, 20, 21, 22, 0),
	gsSP2Triangles(23, 21, 24, 0, 23, 24, 25, 0),
	gsSP2Triangles(25, 24, 26, 0, 25, 26, 27, 0),
	gsSP2Triangles(27, 26, 28, 0, 27, 28, 29, 0),
	gsSP1Triangle(30, 28, 31, 0),
	gsSPVertex(rgardenhall_rgardenhall_mesh_layer_1_vtx_10 + 124, 31, 0),
	gsSP2Triangles(0, 1, 2, 0, 3, 4, 5, 0),
	gsSP2Triangles(3, 5, 6, 0, 7, 8, 9, 0),
	gsSP2Triangles(7, 9, 10, 0, 11, 12, 13, 0),
	gsSP2Triangles(11, 13, 14, 0, 15, 16, 17, 0),
	gsSP2Triangles(15, 17, 18, 0, 19, 20, 21, 0),
	gsSP2Triangles(19, 21, 22, 0, 23, 24, 25, 0),
	gsSP2Triangles(23, 25, 26, 0, 27, 28, 29, 0),
	gsSP1Triangle(27, 29, 30, 0),
	gsSPVertex(rgardenhall_rgardenhall_mesh_layer_1_vtx_10 + 155, 4, 0),
	gsSP2Triangles(0, 1, 2, 0, 0, 2, 3, 0),
	gsSPEndDisplayList(),
};

Vtx rgardenhall_rgardenhall_mesh_layer_1_vtx_11[16] = {
	{{ {-3430, -658, -455}, 0, {1715, 752}, {255, 255, 255, 255} }},
	{{ {-3488, -658, -597}, 0, {1283, -291}, {156, 174, 159, 255} }},
	{{ {-3630, -658, -655}, 0, {240, -723}, {156, 174, 159, 255} }},
	{{ {-3830, -658, -455}, 0, {-1235, 752}, {255, 255, 255, 255} }},
	{{ {-3771, -658, -597}, 0, {-803, -291}, {156, 174, 159, 255} }},
	{{ {-3630, -658, -255}, 0, {240, 2227}, {255, 255, 255, 255} }},
	{{ {-3771, -658, -314}, 0, {-803, 1795}, {255, 255, 255, 255} }},
	{{ {-3488, -658, -314}, 0, {1283, 1795}, {255, 255, 255, 255} }},
	{{ {-1206, -707, -532}, 0, {1715, 752}, {255, 255, 255, 255} }},
	{{ {-1265, -707, -673}, 0, {1283, -291}, {156, 174, 159, 255} }},
	{{ {-1406, -707, -732}, 0, {240, -723}, {156, 174, 159, 255} }},
	{{ {-1606, -707, -532}, 0, {-1235, 752}, {255, 255, 255, 255} }},
	{{ {-1548, -707, -673}, 0, {-803, -291}, {156, 174, 159, 255} }},
	{{ {-1406, -707, -332}, 0, {240, 2227}, {255, 255, 255, 255} }},
	{{ {-1548, -707, -390}, 0, {-803, 1795}, {255, 255, 255, 255} }},
	{{ {-1265, -707, -390}, 0, {1283, 1795}, {255, 255, 255, 255} }},
};

Gfx rgardenhall_rgardenhall_mesh_layer_1_tri_11[] = {
	gsSPVertex(rgardenhall_rgardenhall_mesh_layer_1_vtx_11 + 0, 16, 0),
	gsSP2Triangles(0, 1, 2, 0, 0, 2, 3, 0),
	gsSP2Triangles(2, 4, 3, 0, 3, 5, 0, 0),
	gsSP2Triangles(3, 6, 5, 0, 5, 7, 0, 0),
	gsSP2Triangles(8, 9, 10, 0, 8, 10, 11, 0),
	gsSP2Triangles(10, 12, 11, 0, 11, 13, 8, 0),
	gsSP2Triangles(11, 14, 13, 0, 13, 15, 8, 0),
	gsSPEndDisplayList(),
};

Vtx rgardenhall_rgardenhall_mesh_layer_4_vtx_0[54] = {
	{{ {-2400, 261, 200}, 0, {-3984, 300}, {255, 255, 255, 255} }},
	{{ {-2307, 192, 200}, 0, {-3032, 1011}, {255, 255, 255, 255} }},
	{{ {-1769, 192, 200}, 0, {2520, 1011}, {255, 255, 255, 255} }},
	{{ {-1661, 244, 200}, 0, {3625, 484}, {255, 255, 255, 255} }},
	{{ {-1474, 259, 200}, 0, {5557, 326}, {255, 255, 255, 255} }},
	{{ {-535, 292, 200}, 0, {15238, -19}, {255, 255, 255, 255} }},
	{{ {-1364, 192, 200}, 0, {6687, 1011}, {255, 255, 255, 255} }},
	{{ {-535, 192, 200}, 0, {15238, 1011}, {255, 255, 255, 255} }},
	{{ {68, 100, 200}, 0, {21767, -19}, {255, 255, 255, 255} }},
	{{ {68, 0, 200}, 0, {21767, 1011}, {255, 255, 255, 255} }},
	{{ {-3297, 249, 200}, 0, {-13240, 428}, {255, 255, 255, 255} }},
	{{ {-3492, 292, 200}, 0, {-15246, -19}, {255, 255, 255, 255} }},
	{{ {-3361, 192, 200}, 0, {-13900, 1011}, {255, 255, 255, 255} }},
	{{ {-3492, 192, 200}, 0, {-15246, 1011}, {255, 255, 255, 255} }},
	{{ {-4095, 0, 200}, 0, {-21774, 1011}, {255, 255, 255, 255} }},
	{{ {-4095, 100, 200}, 0, {-21774, -19}, {255, 255, 255, 255} }},
	{{ {-1413, 260, -200}, 0, {-6152, 317}, {255, 255, 255, 255} }},
	{{ {-1593, 231, -200}, 0, {-4314, 616}, {255, 255, 255, 255} }},
	{{ {-1708, 249, -200}, 0, {-3134, 424}, {255, 255, 255, 255} }},
	{{ {-2307, 273, -200}, 0, {3007, 185}, {255, 255, 255, 255} }},
	{{ {-1714, 206, -200}, 0, {-3075, 865}, {255, 255, 255, 255} }},
	{{ {-2304, 192, -200}, 0, {2973, 1008}, {255, 255, 255, 255} }},
	{{ {-1715, 192, -200}, 0, {-3055, 1008}, {255, 255, 255, 255} }},
	{{ {-815, 255, -200}, 0, {-12275, 370}, {255, 255, 255, 255} }},
	{{ {-1417, 213, -200}, 0, {-6113, 793}, {255, 255, 255, 255} }},
	{{ {-957, 224, -200}, 0, {-10822, 682}, {255, 255, 255, 255} }},
	{{ {-1418, 192, -200}, 0, {-6103, 1008}, {255, 255, 255, 255} }},
	{{ {-964, 192, -200}, 0, {-10755, 1008}, {255, 255, 255, 255} }},
	{{ {-535, 292, -200}, 0, {-15148, -16}, {255, 255, 255, 255} }},
	{{ {-2307, 292, -200}, 0, {3008, -16}, {255, 255, 255, 255} }},
	{{ {-2357, 250, -193}, 0, {3522, 172}, {255, 255, 255, 255} }},
	{{ {-2366, 266, -190}, 0, {3516, -16}, {255, 255, 255, 255} }},
	{{ {-2366, 266, -190}, 0, {3516, -16}, {255, 255, 255, 255} }},
	{{ {-2357, 250, -193}, 0, {3522, 172}, {255, 255, 255, 255} }},
	{{ {-2391, 206, -182}, 0, {4197, 155}, {255, 255, 255, 255} }},
	{{ {-2402, 219, -179}, 0, {4171, -16}, {255, 255, 255, 255} }},
	{{ {-535, 292, -200}, 0, {-15148, -16}, {255, 255, 255, 255} }},
	{{ {-634, 239, -200}, 0, {-14138, 532}, {255, 255, 255, 255} }},
	{{ {-815, 255, -200}, 0, {-12275, 370}, {255, 255, 255, 255} }},
	{{ {-614, 192, -200}, 0, {-14342, 1008}, {255, 255, 255, 255} }},
	{{ {-535, 192, -200}, 0, {-15148, 1008}, {255, 255, 255, 255} }},
	{{ {68, 0, -200}, 0, {-21635, 1008}, {255, 255, 255, 255} }},
	{{ {68, 100, -200}, 0, {-21635, -16}, {255, 255, 255, 255} }},
	{{ {-3492, 192, -200}, 0, {15141, 1008}, {255, 255, 255, 255} }},
	{{ {-4095, 0, -200}, 0, {21628, 1008}, {255, 255, 255, 255} }},
	{{ {-4095, 100, -200}, 0, {21628, -16}, {255, 255, 255, 255} }},
	{{ {-3492, 292, -200}, 0, {15141, -16}, {255, 255, 255, 255} }},
	{{ {-3255, 270, -200}, 0, {12713, 209}, {255, 255, 255, 255} }},
	{{ {-3251, 292, -200}, 0, {12673, -16}, {255, 255, 255, 255} }},
	{{ {-3188, 289, -211}, 0, {12047, -16}, {255, 255, 255, 255} }},
	{{ {-3199, 269, -211}, 0, {12165, 192}, {255, 255, 255, 255} }},
	{{ {-3124, 287, -257}, 0, {11421, -16}, {255, 255, 255, 255} }},
	{{ {-3123, 269, -257}, 0, {11410, 168}, {255, 255, 255, 255} }},
	{{ {-3269, 192, -200}, 0, {12857, 1008}, {255, 255, 255, 255} }},
};

Gfx rgardenhall_rgardenhall_mesh_layer_4_tri_0[] = {
	gsSPVertex(rgardenhall_rgardenhall_mesh_layer_4_vtx_0 + 0, 32, 0),
	gsSP2Triangles(0, 1, 2, 0, 0, 2, 3, 0),
	gsSP2Triangles(0, 3, 4, 0, 4, 5, 0, 0),
	gsSP2Triangles(4, 6, 5, 0, 6, 7, 5, 0),
	gsSP2Triangles(7, 8, 5, 0, 7, 9, 8, 0),
	gsSP2Triangles(5, 10, 0, 0, 5, 11, 10, 0),
	gsSP2Triangles(11, 12, 10, 0, 11, 13, 12, 0),
	gsSP2Triangles(14, 13, 11, 0, 14, 11, 15, 0),
	gsSP2Triangles(16, 17, 18, 0, 16, 18, 19, 0),
	gsSP2Triangles(18, 20, 19, 0, 20, 21, 19, 0),
	gsSP2Triangles(21, 20, 22, 0, 23, 16, 19, 0),
	gsSP2Triangles(23, 24, 16, 0, 23, 25, 24, 0),
	gsSP2Triangles(26, 24, 25, 0, 26, 25, 27, 0),
	gsSP2Triangles(19, 28, 23, 0, 19, 29, 28, 0),
	gsSP2Triangles(29, 19, 30, 0, 29, 30, 31, 0),
	gsSPVertex(rgardenhall_rgardenhall_mesh_layer_4_vtx_0 + 32, 22, 0),
	gsSP2Triangles(0, 1, 2, 0, 0, 2, 3, 0),
	gsSP2Triangles(4, 5, 6, 0, 4, 7, 5, 0),
	gsSP2Triangles(4, 8, 7, 0, 9, 8, 4, 0),
	gsSP2Triangles(9, 4, 10, 0, 11, 12, 13, 0),
	gsSP2Triangles(11, 13, 14, 0, 15, 11, 14, 0),
	gsSP2Triangles(14, 16, 15, 0, 17, 15, 16, 0),
	gsSP2Triangles(17, 18, 15, 0, 19, 18, 17, 0),
	gsSP2Triangles(19, 20, 18, 0, 15, 21, 11, 0),
	gsSPEndDisplayList(),
};

Vtx rgardenhall_rgardenhall_mesh_layer_4_vtx_1[26] = {
	{{ {-2788, 943, 421}, 0, {2112, -4465}, {255, 255, 255, 255} }},
	{{ {-2310, 943, 565}, 0, {-419, -3263}, {255, 255, 255, 255} }},
	{{ {-2361, 764, 549}, 0, {-39, -2486}, {250, 250, 250, 255} }},
	{{ {-2321, 367, 561}, 0, {-12, -375}, {239, 239, 239, 255} }},
	{{ {-2759, 376, 430}, 0, {2297, -1519}, {251, 251, 251, 255} }},
	{{ {-2138, -26, 616}, 0, {-747, 2076}, {216, 216, 216, 255} }},
	{{ {-1833, -781, 708}, 0, {-1905, 6671}, {127, 127, 127, 255} }},
	{{ {-1833, -402, 708}, 0, {-2134, 4749}, {167, 167, 167, 255} }},
	{{ {-2864, -781, 399}, 0, {3550, 4080}, {255, 255, 255, 255} }},
	{{ {-2864, -113, 399}, 0, {3148, 696}, {255, 255, 255, 255} }},
	{{ {-1463, -676, 590}, 0, {1563, 680}, {255, 255, 255, 255} }},
	{{ {-1466, -868, 593}, 0, {1558, -1203}, {255, 255, 255, 255} }},
	{{ {-1541, -870, 414}, 0, {603, -1201}, {74, 108, 174, 255} }},
	{{ {-1538, -639, 411}, 0, {611, 1068}, {255, 255, 255, 255} }},
	{{ {-1501, -873, 289}, 0, {-40, -1203}, {74, 108, 174, 255} }},
	{{ {-1497, -642, 286}, 0, {-33, 1065}, {255, 255, 255, 255} }},
	{{ {-1549, -874, 192}, 0, {-573, -1201}, {187, 255, 188, 255} }},
	{{ {-1546, -682, 189}, 0, {-568, 682}, {245, 255, 245, 255} }},
	{{ {-1975, -674, 181}, 0, {1497, 2953}, {245, 255, 245, 255} }},
	{{ {-1979, -866, 183}, 0, {1501, 1069}, {187, 255, 188, 255} }},
	{{ {-2012, -862, 334}, 0, {745, 1071}, {74, 108, 174, 255} }},
	{{ {-2009, -631, 331}, 0, {737, 3339}, {255, 255, 255, 255} }},
	{{ {-1967, -861, 422}, 0, {262, 1069}, {74, 108, 174, 255} }},
	{{ {-1964, -630, 419}, 0, {254, 3337}, {255, 255, 255, 255} }},
	{{ {-2017, -857, 583}, 0, {-565, 1071}, {255, 255, 255, 255} }},
	{{ {-2013, -665, 580}, 0, {-568, 2955}, {255, 255, 255, 255} }},
};

Gfx rgardenhall_rgardenhall_mesh_layer_4_tri_1[] = {
	gsSPVertex(rgardenhall_rgardenhall_mesh_layer_4_vtx_1 + 0, 26, 0),
	gsSP2Triangles(0, 1, 2, 0, 0, 2, 3, 0),
	gsSP2Triangles(4, 0, 3, 0, 4, 3, 5, 0),
	gsSP2Triangles(5, 6, 4, 0, 5, 7, 6, 0),
	gsSP2Triangles(6, 8, 4, 0, 8, 9, 4, 0),
	gsSP2Triangles(10, 11, 12, 0, 10, 12, 13, 0),
	gsSP2Triangles(13, 12, 14, 0, 13, 14, 15, 0),
	gsSP2Triangles(15, 14, 16, 0, 15, 16, 17, 0),
	gsSP2Triangles(18, 19, 20, 0, 18, 20, 21, 0),
	gsSP2Triangles(21, 20, 22, 0, 21, 22, 23, 0),
	gsSP2Triangles(23, 22, 24, 0, 23, 24, 25, 0),
	gsSPEndDisplayList(),
};

Vtx rgardenhall_rgardenhall_mesh_layer_5_vtx_0[4] = {
	{{ {-4127, -813, 725}, 0, {-1478, -5103}, {255, 255, 255, 255} }},
	{{ {134, -813, 725}, 0, {-1478, 6095}, {255, 255, 255, 255} }},
	{{ {134, -813, -777}, 0, {2470, 6095}, {255, 255, 255, 255} }},
	{{ {-4127, -813, -777}, 0, {2470, -5103}, {255, 255, 255, 255} }},
};

Gfx rgardenhall_rgardenhall_mesh_layer_5_tri_0[] = {
	gsSPVertex(rgardenhall_rgardenhall_mesh_layer_5_vtx_0 + 0, 4, 0),
	gsSP2Triangles(0, 1, 2, 0, 0, 2, 3, 0),
	gsSPEndDisplayList(),
};

Vtx rgardenhall_rgardenhall_mesh_layer_0_vtx_0[42] = {
	{{ {-5715, 838, 1659}, 0, {1008, 2032}, {111, 195, 0, 255} }},
	{{ {-5715, 838, -1640}, 0, {-16, 2032}, {111, 195, 0, 255} }},
	{{ {-4594, 2881, -1164}, 0, {-16, -16}, {111, 195, 0, 255} }},
	{{ {-4594, 2881, 1183}, 0, {1008, -16}, {111, 195, 0, 255} }},
	{{ {-539, 838, -2221}, 0, {1008, 2032}, {230, 214, 117, 255} }},
	{{ {2049, 838, -1640}, 0, {-16, 2032}, {230, 214, 117, 255} }},
	{{ {929, 2881, -1164}, 0, {-16, -16}, {230, 214, 117, 255} }},
	{{ {-912, 2881, -1577}, 0, {1008, -16}, {230, 214, 117, 255} }},
	{{ {2049, 838, -1640}, 0, {1008, 2032}, {145, 195, 0, 255} }},
	{{ {2049, 838, 1659}, 0, {-16, 2032}, {145, 195, 0, 255} }},
	{{ {929, 2881, 1183}, 0, {-16, -16}, {145, 195, 0, 255} }},
	{{ {929, 2881, -1164}, 0, {1008, -16}, {145, 195, 0, 255} }},
	{{ {-3127, 838, 2240}, 0, {1008, 2032}, {26, 214, 139, 255} }},
	{{ {-5715, 838, 1659}, 0, {-16, 2032}, {26, 214, 139, 255} }},
	{{ {-4594, 2881, 1183}, 0, {-16, -16}, {26, 214, 139, 255} }},
	{{ {-2753, 2881, 1596}, 0, {1008, -16}, {26, 214, 139, 255} }},
	{{ {929, 2881, -1164}, 0, {1008, -368}, {0, 129, 0, 255} }},
	{{ {929, 2881, 1183}, 0, {-16, -368}, {0, 129, 0, 255} }},
	{{ {-912, 2881, 1596}, 0, {-16, -368}, {0, 129, 0, 255} }},
	{{ {-912, 2881, -1577}, 0, {1008, -368}, {0, 129, 0, 255} }},
	{{ {-2753, 2881, -1577}, 0, {1008, -368}, {0, 129, 0, 255} }},
	{{ {-2753, 2881, 1596}, 0, {-16, -368}, {0, 129, 0, 255} }},
	{{ {-4594, 2881, 1183}, 0, {-16, -368}, {0, 129, 0, 255} }},
	{{ {-4594, 2881, -1164}, 0, {1008, -368}, {0, 129, 0, 255} }},
	{{ {-912, 2881, -1577}, 0, {1008, -368}, {0, 129, 0, 255} }},
	{{ {-2753, 2881, -1577}, 0, {1008, -368}, {0, 129, 0, 255} }},
	{{ {2049, 838, 1659}, 0, {1008, 2032}, {230, 214, 139, 255} }},
	{{ {-539, 838, 2240}, 0, {-16, 2032}, {230, 214, 139, 255} }},
	{{ {-912, 2881, 1596}, 0, {-16, -16}, {230, 214, 139, 255} }},
	{{ {929, 2881, 1183}, 0, {1008, -16}, {230, 214, 139, 255} }},
	{{ {-539, 838, 2240}, 0, {1008, 2032}, {0, 218, 135, 255} }},
	{{ {-3127, 838, 2240}, 0, {-16, 2032}, {0, 218, 135, 255} }},
	{{ {-2753, 2881, 1596}, 0, {-16, -16}, {0, 218, 135, 255} }},
	{{ {-912, 2881, 1596}, 0, {1008, -16}, {0, 218, 135, 255} }},
	{{ {-5715, 838, -1640}, 0, {1008, 2032}, {26, 214, 117, 255} }},
	{{ {-3127, 838, -2221}, 0, {-16, 2032}, {26, 214, 117, 255} }},
	{{ {-2753, 2881, -1577}, 0, {-16, -16}, {26, 214, 117, 255} }},
	{{ {-4594, 2881, -1164}, 0, {1008, -16}, {26, 214, 117, 255} }},
	{{ {-3127, 838, -2221}, 0, {1008, 2032}, {0, 218, 121, 255} }},
	{{ {-539, 838, -2221}, 0, {-16, 2032}, {0, 218, 121, 255} }},
	{{ {-912, 2881, -1577}, 0, {-16, -16}, {0, 218, 121, 255} }},
	{{ {-2753, 2881, -1577}, 0, {1008, -16}, {0, 218, 121, 255} }},
};

Gfx rgardenhall_rgardenhall_mesh_layer_0_tri_0[] = {
	gsSPVertex(rgardenhall_rgardenhall_mesh_layer_0_vtx_0 + 0, 30, 0),
	gsSP2Triangles(0, 1, 2, 0, 0, 2, 3, 0),
	gsSP2Triangles(4, 5, 6, 0, 4, 6, 7, 0),
	gsSP2Triangles(8, 9, 10, 0, 8, 10, 11, 0),
	gsSP2Triangles(12, 13, 14, 0, 12, 14, 15, 0),
	gsSP2Triangles(16, 17, 18, 0, 16, 18, 19, 0),
	gsSP2Triangles(20, 21, 22, 0, 20, 22, 23, 0),
	gsSP2Triangles(24, 18, 21, 0, 24, 21, 25, 0),
	gsSP2Triangles(26, 27, 28, 0, 26, 28, 29, 0),
	gsSPVertex(rgardenhall_rgardenhall_mesh_layer_0_vtx_0 + 30, 12, 0),
	gsSP2Triangles(0, 1, 2, 0, 0, 2, 3, 0),
	gsSP2Triangles(4, 5, 6, 0, 4, 6, 7, 0),
	gsSP2Triangles(8, 9, 10, 0, 8, 10, 11, 0),
	gsSPEndDisplayList(),
};


Gfx mat_rgardenhall_grassside[] = {
	gsSPClearGeometryMode(G_LIGHTING),
	gsDPPipeSync(),
	gsDPSetCombineLERP(TEXEL0, 0, SHADE, 0, ENVIRONMENT, 0, SHADE, 0, TEXEL0, 0, SHADE, 0, ENVIRONMENT, 0, SHADE, 0),
	gsDPSetAlphaDither(G_AD_NOISE),
	gsDPSetTextureLUT(G_TT_RGBA16),
	gsSPTexture(65535, 65535, 0, 0, 1),
	gsDPSetTextureImage(G_IM_FMT_RGBA, G_IM_SIZ_16b, 1, rgardenhall_grassside_pal_rgba16),
	gsDPSetTile(0, 0, 0, 256, 5, 0, G_TX_WRAP | G_TX_NOMIRROR, 0, 0, G_TX_WRAP | G_TX_NOMIRROR, 0, 0),
	gsDPLoadTLUTCmd(5, 243),
	gsDPSetTextureImage(G_IM_FMT_CI, G_IM_SIZ_8b_LOAD_BLOCK, 1, rgardenhall_grassside_ci8),
	gsDPSetTile(G_IM_FMT_CI, G_IM_SIZ_8b_LOAD_BLOCK, 0, 0, 7, 0, G_TX_WRAP | G_TX_NOMIRROR, 0, 0, G_TX_WRAP | G_TX_NOMIRROR, 0, 0),
	gsDPLoadBlock(7, 0, 0, 511, 512),
	gsDPSetTile(G_IM_FMT_CI, G_IM_SIZ_8b, 4, 0, 0, 0, G_TX_CLAMP | G_TX_NOMIRROR, 5, 0, G_TX_WRAP | G_TX_NOMIRROR, 5, 0),
	gsDPSetTileSize(0, 0, 0, 124, 124),
	gsSPEndDisplayList(),
};

Gfx mat_revert_rgardenhall_grassside[] = {
	gsSPSetGeometryMode(G_LIGHTING),
	gsDPPipeSync(),
	gsDPSetAlphaDither(G_AD_DISABLE),
	gsDPSetTextureLUT(G_TT_NONE),
	gsSPEndDisplayList(),
};

Gfx mat_rgardenhall_dungeonshingles[] = {
	gsSPClearGeometryMode(G_LIGHTING),
	gsDPPipeSync(),
	gsDPSetCombineLERP(TEXEL0, 0, SHADE, 0, ENVIRONMENT, 0, SHADE, 0, TEXEL0, 0, SHADE, 0, ENVIRONMENT, 0, SHADE, 0),
	gsDPSetAlphaDither(G_AD_NOISE),
	gsSPTexture(65535, 65535, 0, 0, 1),
	gsDPSetTextureImage(G_IM_FMT_RGBA, G_IM_SIZ_16b_LOAD_BLOCK, 1, gDungeonTextureShingles),
	gsDPSetTile(G_IM_FMT_RGBA, G_IM_SIZ_16b_LOAD_BLOCK, 0, 0, 7, 0, G_TX_WRAP | G_TX_NOMIRROR, 0, 0, G_TX_WRAP | G_TX_NOMIRROR, 0, 0),
	gsDPLoadBlock(7, 0, 0, 1023, 256),
	gsDPSetTile(G_IM_FMT_RGBA, G_IM_SIZ_16b, 8, 0, 0, 0, G_TX_WRAP | G_TX_NOMIRROR, 5, 0, G_TX_WRAP | G_TX_NOMIRROR, 5, 0),
	gsDPSetTileSize(0, 0, 0, 124, 124),
	gsSPEndDisplayList(),
};

Gfx mat_revert_rgardenhall_dungeonshingles[] = {
	gsSPSetGeometryMode(G_LIGHTING),
	gsDPPipeSync(),
	gsDPSetAlphaDither(G_AD_DISABLE),
	gsSPEndDisplayList(),
};

Gfx mat_rgardenhall_fence[] = {
	gsSPClearGeometryMode(G_LIGHTING | G_CULL_BACK),
	gsDPPipeSync(),
	gsDPSetCombineLERP(TEXEL0, 0, SHADE, 0, TEXEL0, 0, ENVIRONMENT, 0, TEXEL0, 0, SHADE, 0, TEXEL0, 0, ENVIRONMENT, 0),
	gsDPSetAlphaDither(G_AD_NOISE),
	gsDPSetTextureLUT(G_TT_RGBA16),
	gsSPTexture(65535, 65535, 0, 0, 1),
	gsDPSetTextureImage(G_IM_FMT_RGBA, G_IM_SIZ_16b, 1, rgardenhall_fence_pal_rgba16),
	gsDPSetTile(0, 0, 0, 256, 5, 0, G_TX_WRAP | G_TX_NOMIRROR, 0, 0, G_TX_WRAP | G_TX_NOMIRROR, 0, 0),
	gsDPLoadTLUTCmd(5, 111),
	gsDPSetTextureImage(G_IM_FMT_CI, G_IM_SIZ_8b_LOAD_BLOCK, 1, rgardenhall_fence_ci8),
	gsDPSetTile(G_IM_FMT_CI, G_IM_SIZ_8b_LOAD_BLOCK, 0, 0, 7, 0, G_TX_WRAP | G_TX_NOMIRROR, 0, 0, G_TX_WRAP | G_TX_NOMIRROR, 0, 0),
	gsDPLoadBlock(7, 0, 0, 511, 512),
	gsDPSetTile(G_IM_FMT_CI, G_IM_SIZ_8b, 4, 0, 0, 0, G_TX_WRAP | G_TX_NOMIRROR, 5, 0, G_TX_WRAP | G_TX_NOMIRROR, 5, 0),
	gsDPSetTileSize(0, 0, 0, 124, 124),
	gsSPEndDisplayList(),
};

Gfx mat_revert_rgardenhall_fence[] = {
	gsSPSetGeometryMode(G_LIGHTING | G_CULL_BACK),
	gsDPPipeSync(),
	gsDPSetAlphaDither(G_AD_DISABLE),
	gsDPSetTextureLUT(G_TT_NONE),
	gsSPEndDisplayList(),
};

Gfx mat_rgardenhall_dungeoncarpet[] = {
	gsSPClearGeometryMode(G_LIGHTING),
	gsDPPipeSync(),
	gsDPSetCombineLERP(TEXEL0, 0, SHADE, 0, ENVIRONMENT, 0, SHADE, 0, TEXEL0, 0, SHADE, 0, ENVIRONMENT, 0, SHADE, 0),
	gsDPSetAlphaDither(G_AD_NOISE),
	gsSPTexture(65535, 65535, 0, 0, 1),
	gsDPSetTextureImage(G_IM_FMT_RGBA, G_IM_SIZ_16b_LOAD_BLOCK, 1, gDungeonTextureCarpet),
	gsDPSetTile(G_IM_FMT_RGBA, G_IM_SIZ_16b_LOAD_BLOCK, 0, 0, 7, 0, G_TX_WRAP | G_TX_NOMIRROR, 0, 0, G_TX_WRAP | G_TX_NOMIRROR, 0, 0),
	gsDPLoadBlock(7, 0, 0, 1023, 256),
	gsDPSetTile(G_IM_FMT_RGBA, G_IM_SIZ_16b, 8, 0, 0, 0, G_TX_WRAP | G_TX_NOMIRROR, 5, 0, G_TX_WRAP | G_TX_NOMIRROR, 5, 0),
	gsDPSetTileSize(0, 0, 0, 124, 124),
	gsSPEndDisplayList(),
};

Gfx mat_revert_rgardenhall_dungeoncarpet[] = {
	gsSPSetGeometryMode(G_LIGHTING),
	gsDPPipeSync(),
	gsDPSetAlphaDither(G_AD_DISABLE),
	gsSPEndDisplayList(),
};

Gfx mat_rgardenhall_dungeontiles[] = {
	gsSPClearGeometryMode(G_LIGHTING),
	gsDPPipeSync(),
	gsDPSetCombineLERP(TEXEL0, 0, SHADE, 0, ENVIRONMENT, 0, SHADE, 0, TEXEL0, 0, SHADE, 0, ENVIRONMENT, 0, SHADE, 0),
	gsDPSetAlphaDither(G_AD_NOISE),
	gsSPTexture(65535, 65535, 0, 0, 1),
	gsDPSetTextureImage(G_IM_FMT_RGBA, G_IM_SIZ_16b_LOAD_BLOCK, 1, gDungeonTextureTile),
	gsDPSetTile(G_IM_FMT_RGBA, G_IM_SIZ_16b_LOAD_BLOCK, 0, 0, 7, 0, G_TX_WRAP | G_TX_NOMIRROR, 0, 0, G_TX_WRAP | G_TX_NOMIRROR, 0, 0),
	gsDPLoadBlock(7, 0, 0, 1023, 256),
	gsDPSetTile(G_IM_FMT_RGBA, G_IM_SIZ_16b, 8, 0, 0, 0, G_TX_WRAP | G_TX_NOMIRROR, 5, 0, G_TX_WRAP | G_TX_NOMIRROR, 5, 0),
	gsDPSetTileSize(0, 0, 0, 124, 124),
	gsSPEndDisplayList(),
};

Gfx mat_revert_rgardenhall_dungeontiles[] = {
	gsSPSetGeometryMode(G_LIGHTING),
	gsDPPipeSync(),
	gsDPSetAlphaDither(G_AD_DISABLE),
	gsSPEndDisplayList(),
};

Gfx mat_rgardenhall_dungeonbricks[] = {
	gsSPClearGeometryMode(G_LIGHTING),
	gsDPPipeSync(),
	gsDPSetCombineLERP(TEXEL0, 0, SHADE, 0, ENVIRONMENT, 0, SHADE, 0, TEXEL0, 0, SHADE, 0, ENVIRONMENT, 0, SHADE, 0),
	gsDPSetAlphaDither(G_AD_NOISE),
	gsSPTexture(65535, 65535, 0, 0, 1),
	gsDPSetTextureImage(G_IM_FMT_RGBA, G_IM_SIZ_16b_LOAD_BLOCK, 1, gDungeonTextureBrick),
	gsDPSetTile(G_IM_FMT_RGBA, G_IM_SIZ_16b_LOAD_BLOCK, 0, 0, 7, 0, G_TX_WRAP | G_TX_NOMIRROR, 0, 0, G_TX_WRAP | G_TX_NOMIRROR, 0, 0),
	gsDPLoadBlock(7, 0, 0, 2047, 128),
	gsDPSetTile(G_IM_FMT_RGBA, G_IM_SIZ_16b, 16, 0, 0, 0, G_TX_WRAP | G_TX_NOMIRROR, 5, 0, G_TX_WRAP | G_TX_NOMIRROR, 6, 0),
	gsDPSetTileSize(0, 0, 0, 252, 124),
	gsSPEndDisplayList(),
};

Gfx mat_revert_rgardenhall_dungeonbricks[] = {
	gsSPSetGeometryMode(G_LIGHTING),
	gsDPPipeSync(),
	gsDPSetAlphaDither(G_AD_DISABLE),
	gsSPEndDisplayList(),
};

Gfx mat_rgardenhall_castletrim[] = {
	gsSPClearGeometryMode(G_LIGHTING),
	gsDPPipeSync(),
	gsDPSetCombineLERP(TEXEL0, 0, SHADE, 0, ENVIRONMENT, 0, SHADE, 0, TEXEL0, 0, SHADE, 0, ENVIRONMENT, 0, SHADE, 0),
	gsDPSetAlphaDither(G_AD_NOISE),
	gsDPSetTextureLUT(G_TT_RGBA16),
	gsSPTexture(65535, 65535, 0, 0, 1),
	gsDPSetTextureImage(G_IM_FMT_RGBA, G_IM_SIZ_16b, 1, rgardenhall_trim_pal_rgba16),
	gsDPSetTile(0, 0, 0, 256, 5, 0, G_TX_WRAP | G_TX_NOMIRROR, 0, 0, G_TX_WRAP | G_TX_NOMIRROR, 0, 0),
	gsDPLoadTLUTCmd(5, 115),
	gsDPSetTextureImage(G_IM_FMT_CI, G_IM_SIZ_8b_LOAD_BLOCK, 1, rgardenhall_trim_ci8),
	gsDPSetTile(G_IM_FMT_CI, G_IM_SIZ_8b_LOAD_BLOCK, 0, 0, 7, 0, G_TX_WRAP | G_TX_NOMIRROR, 0, 0, G_TX_WRAP | G_TX_NOMIRROR, 0, 0),
	gsDPLoadBlock(7, 0, 0, 511, 512),
	gsDPSetTile(G_IM_FMT_CI, G_IM_SIZ_8b, 4, 0, 0, 0, G_TX_WRAP | G_TX_NOMIRROR, 5, 0, G_TX_WRAP | G_TX_NOMIRROR, 5, 0),
	gsDPSetTileSize(0, 0, 0, 124, 124),
	gsSPEndDisplayList(),
};

Gfx mat_revert_rgardenhall_castletrim[] = {
	gsSPSetGeometryMode(G_LIGHTING),
	gsDPPipeSync(),
	gsDPSetAlphaDither(G_AD_DISABLE),
	gsDPSetTextureLUT(G_TT_NONE),
	gsSPEndDisplayList(),
};

Gfx mat_rgardenhall_conc[] = {
	gsSPClearGeometryMode(G_LIGHTING),
	gsDPPipeSync(),
	gsDPSetCombineLERP(TEXEL0, 0, SHADE, 0, ENVIRONMENT, 0, SHADE, 0, TEXEL0, 0, SHADE, 0, ENVIRONMENT, 0, SHADE, 0),
	gsDPSetAlphaDither(G_AD_NOISE),
	gsSPTexture(65535, 65535, 0, 0, 1),
	gsDPSetTextureImage(G_IM_FMT_I, G_IM_SIZ_8b_LOAD_BLOCK, 1, rgardenhall_conk_i8),
	gsDPSetTile(G_IM_FMT_I, G_IM_SIZ_8b_LOAD_BLOCK, 0, 0, 7, 0, G_TX_WRAP | G_TX_NOMIRROR, 0, 0, G_TX_WRAP | G_TX_NOMIRROR, 0, 0),
	gsDPLoadBlock(7, 0, 0, 2047, 256),
	gsDPSetTile(G_IM_FMT_I, G_IM_SIZ_8b, 8, 0, 0, 0, G_TX_WRAP | G_TX_NOMIRROR, 6, 0, G_TX_WRAP | G_TX_NOMIRROR, 6, 0),
	gsDPSetTileSize(0, 0, 0, 252, 252),
	gsSPEndDisplayList(),
};

Gfx mat_revert_rgardenhall_conc[] = {
	gsSPSetGeometryMode(G_LIGHTING),
	gsDPPipeSync(),
	gsDPSetAlphaDither(G_AD_DISABLE),
	gsSPEndDisplayList(),
};

Gfx mat_rgardenhall_grass[] = {
	gsSPClearGeometryMode(G_LIGHTING),
	gsDPPipeSync(),
	gsDPSetCombineLERP(TEXEL0, 0, SHADE, 0, ENVIRONMENT, 0, SHADE, 0, TEXEL0, 0, SHADE, 0, ENVIRONMENT, 0, SHADE, 0),
	gsDPSetAlphaDither(G_AD_NOISE),
	gsDPSetTextureLUT(G_TT_RGBA16),
	gsSPTexture(65535, 65535, 0, 0, 1),
	gsDPSetTextureImage(G_IM_FMT_RGBA, G_IM_SIZ_16b, 1, rgardenhall_grass_pal_rgba16),
	gsDPSetTile(0, 0, 0, 256, 5, 0, G_TX_WRAP | G_TX_NOMIRROR, 0, 0, G_TX_WRAP | G_TX_NOMIRROR, 0, 0),
	gsDPLoadTLUTCmd(5, 75),
	gsDPSetTextureImage(G_IM_FMT_CI, G_IM_SIZ_8b_LOAD_BLOCK, 1, rgardenhall_grass_ci8),
	gsDPSetTile(G_IM_FMT_CI, G_IM_SIZ_8b_LOAD_BLOCK, 0, 0, 7, 0, G_TX_WRAP | G_TX_NOMIRROR, 0, 0, G_TX_WRAP | G_TX_NOMIRROR, 0, 0),
	gsDPLoadBlock(7, 0, 0, 511, 512),
	gsDPSetTile(G_IM_FMT_CI, G_IM_SIZ_8b, 4, 0, 0, 0, G_TX_WRAP | G_TX_NOMIRROR, 5, 0, G_TX_WRAP | G_TX_NOMIRROR, 5, 0),
	gsDPSetTileSize(0, 0, 0, 124, 124),
	gsSPEndDisplayList(),
};

Gfx mat_revert_rgardenhall_grass[] = {
	gsSPSetGeometryMode(G_LIGHTING),
	gsDPPipeSync(),
	gsDPSetAlphaDither(G_AD_DISABLE),
	gsDPSetTextureLUT(G_TT_NONE),
	gsSPEndDisplayList(),
};

Gfx mat_rgardenhall_flowerside[] = {
	gsSPClearGeometryMode(G_LIGHTING),
	gsDPPipeSync(),
	gsDPSetCombineLERP(TEXEL0, 0, SHADE, 0, ENVIRONMENT, 0, SHADE, 0, TEXEL0, 0, SHADE, 0, ENVIRONMENT, 0, SHADE, 0),
	gsDPSetAlphaDither(G_AD_NOISE),
	gsSPTexture(65535, 65535, 0, 0, 1),
	gsDPSetTextureImage(G_IM_FMT_RGBA, G_IM_SIZ_16b_LOAD_BLOCK, 1, rgardenhall_flowerside_rgba16),
	gsDPSetTile(G_IM_FMT_RGBA, G_IM_SIZ_16b_LOAD_BLOCK, 0, 0, 7, 0, G_TX_WRAP | G_TX_NOMIRROR, 0, 0, G_TX_WRAP | G_TX_NOMIRROR, 0, 0),
	gsDPLoadBlock(7, 0, 0, 1023, 256),
	gsDPSetTile(G_IM_FMT_RGBA, G_IM_SIZ_16b, 8, 0, 0, 0, G_TX_CLAMP | G_TX_NOMIRROR, 5, 0, G_TX_WRAP | G_TX_NOMIRROR, 5, 0),
	gsDPSetTileSize(0, 0, 0, 124, 124),
	gsSPEndDisplayList(),
};

Gfx mat_revert_rgardenhall_flowerside[] = {
	gsSPSetGeometryMode(G_LIGHTING),
	gsDPPipeSync(),
	gsDPSetAlphaDither(G_AD_DISABLE),
	gsSPEndDisplayList(),
};

Gfx mat_rgardenhall_water[] = {
	gsSPClearGeometryMode(G_LIGHTING),
	gsDPPipeSync(),
	gsDPSetCombineLERP(SHADE, 0, TEXEL0, 0, 0, 0, 0, PRIMITIVE, SHADE, 0, TEXEL0, 0, 0, 0, 0, PRIMITIVE),
	gsDPSetAlphaDither(G_AD_NOISE),
	gsDPSetTextureLUT(G_TT_RGBA16),
	gsSPTexture(65535, 65535, 0, 0, 1),
	gsDPSetPrimColor(0, 0, 255, 255, 255, 178),
	gsDPSetTextureImage(G_IM_FMT_RGBA, G_IM_SIZ_16b, 1, rgardenhall_water_pal_rgba16),
	gsDPSetTile(0, 0, 0, 256, 5, 0, G_TX_WRAP | G_TX_NOMIRROR, 0, 0, G_TX_WRAP | G_TX_NOMIRROR, 0, 0),
	gsDPLoadTLUTCmd(5, 10),
	gsDPSetTextureImage(G_IM_FMT_CI, G_IM_SIZ_16b, 1, rgardenhall_water_ci4),
	gsDPSetTile(G_IM_FMT_CI, G_IM_SIZ_16b, 0, 0, 7, 0, G_TX_WRAP | G_TX_NOMIRROR, 0, 0, G_TX_WRAP | G_TX_NOMIRROR, 0, 0),
	gsDPLoadBlock(7, 0, 0, 255, 1024),
	gsDPSetTile(G_IM_FMT_CI, G_IM_SIZ_4b, 2, 0, 0, 0, G_TX_WRAP | G_TX_NOMIRROR, 5, 0, G_TX_WRAP | G_TX_NOMIRROR, 5, 0),
	gsDPSetTileSize(0, 0, 0, 124, 124),
	gsSPEndDisplayList(),
};

Gfx mat_revert_rgardenhall_water[] = {
	gsSPSetGeometryMode(G_LIGHTING),
	gsDPPipeSync(),
	gsDPSetAlphaDither(G_AD_DISABLE),
	gsDPSetTextureLUT(G_TT_NONE),
	gsSPEndDisplayList(),
};

Gfx mat_rgardenhall_wood[] = {
	gsSPClearGeometryMode(G_LIGHTING),
	gsDPPipeSync(),
	gsDPSetCombineLERP(TEXEL0, 0, SHADE, 0, ENVIRONMENT, 0, SHADE, 0, TEXEL0, 0, SHADE, 0, ENVIRONMENT, 0, SHADE, 0),
	gsDPSetAlphaDither(G_AD_NOISE),
	gsSPTexture(65535, 65535, 0, 0, 1),
	gsDPSetTextureImage(G_IM_FMT_RGBA, G_IM_SIZ_16b_LOAD_BLOCK, 1, rgardenhall_SM64_slope2_txt_rgba16),
	gsDPSetTile(G_IM_FMT_RGBA, G_IM_SIZ_16b_LOAD_BLOCK, 0, 0, 7, 0, G_TX_WRAP | G_TX_NOMIRROR, 0, 0, G_TX_WRAP | G_TX_NOMIRROR, 0, 0),
	gsDPLoadBlock(7, 0, 0, 1023, 256),
	gsDPSetTile(G_IM_FMT_RGBA, G_IM_SIZ_16b, 8, 0, 0, 0, G_TX_WRAP | G_TX_NOMIRROR, 5, 0, G_TX_WRAP | G_TX_NOMIRROR, 5, 0),
	gsDPSetTileSize(0, 0, 0, 124, 124),
	gsSPEndDisplayList(),
};

Gfx mat_revert_rgardenhall_wood[] = {
	gsSPSetGeometryMode(G_LIGHTING),
	gsDPPipeSync(),
	gsDPSetAlphaDither(G_AD_DISABLE),
	gsSPEndDisplayList(),
};

Gfx mat_rgardenhall_log[] = {
	gsSPClearGeometryMode(G_LIGHTING),
	gsDPPipeSync(),
	gsDPSetCombineLERP(TEXEL0, 0, SHADE, 0, ENVIRONMENT, 0, SHADE, 0, TEXEL0, 0, SHADE, 0, ENVIRONMENT, 0, SHADE, 0),
	gsDPSetAlphaDither(G_AD_NOISE),
	gsDPSetTextureLUT(G_TT_RGBA16),
	gsSPTexture(65535, 65535, 0, 0, 1),
	gsDPSetTextureImage(G_IM_FMT_RGBA, G_IM_SIZ_16b, 1, rgardenhall_W4_pal_rgba16),
	gsDPSetTile(0, 0, 0, 256, 5, 0, G_TX_WRAP | G_TX_NOMIRROR, 0, 0, G_TX_WRAP | G_TX_NOMIRROR, 0, 0),
	gsDPLoadTLUTCmd(5, 44),
	gsDPSetTextureImage(G_IM_FMT_CI, G_IM_SIZ_8b_LOAD_BLOCK, 1, rgardenhall_W4_ci8),
	gsDPSetTile(G_IM_FMT_CI, G_IM_SIZ_8b_LOAD_BLOCK, 0, 0, 7, 0, G_TX_WRAP | G_TX_NOMIRROR, 0, 0, G_TX_WRAP | G_TX_NOMIRROR, 0, 0),
	gsDPLoadBlock(7, 0, 0, 511, 512),
	gsDPSetTile(G_IM_FMT_CI, G_IM_SIZ_8b, 4, 0, 0, 0, G_TX_WRAP | G_TX_NOMIRROR, 5, 0, G_TX_WRAP | G_TX_NOMIRROR, 5, 0),
	gsDPSetTileSize(0, 0, 0, 124, 124),
	gsSPEndDisplayList(),
};

Gfx mat_revert_rgardenhall_log[] = {
	gsSPSetGeometryMode(G_LIGHTING),
	gsDPPipeSync(),
	gsDPSetAlphaDither(G_AD_DISABLE),
	gsDPSetTextureLUT(G_TT_NONE),
	gsSPEndDisplayList(),
};

Gfx mat_rgardenhall_flowertop[] = {
	gsSPClearGeometryMode(G_LIGHTING),
	gsDPPipeSync(),
	gsDPSetCombineLERP(TEXEL0, 0, SHADE, 0, ENVIRONMENT, 0, SHADE, 0, TEXEL0, 0, SHADE, 0, ENVIRONMENT, 0, SHADE, 0),
	gsDPSetAlphaDither(G_AD_NOISE),
	gsSPTexture(65535, 65535, 0, 0, 1),
	gsDPSetTextureImage(G_IM_FMT_RGBA, G_IM_SIZ_16b_LOAD_BLOCK, 1, rgardenhall_flowertop_rgba16),
	gsDPSetTile(G_IM_FMT_RGBA, G_IM_SIZ_16b_LOAD_BLOCK, 0, 0, 7, 0, G_TX_WRAP | G_TX_NOMIRROR, 0, 0, G_TX_WRAP | G_TX_NOMIRROR, 0, 0),
	gsDPLoadBlock(7, 0, 0, 1023, 256),
	gsDPSetTile(G_IM_FMT_RGBA, G_IM_SIZ_16b, 8, 0, 0, 0, G_TX_WRAP | G_TX_NOMIRROR, 5, 0, G_TX_WRAP | G_TX_NOMIRROR, 5, 0),
	gsDPSetTileSize(0, 0, 0, 124, 124),
	gsSPEndDisplayList(),
};

Gfx mat_revert_rgardenhall_flowertop[] = {
	gsSPSetGeometryMode(G_LIGHTING),
	gsDPPipeSync(),
	gsDPSetAlphaDither(G_AD_DISABLE),
	gsSPEndDisplayList(),
};

Gfx mat_rgardenhall_vine[] = {
	gsSPClearGeometryMode(G_LIGHTING | G_CULL_BACK),
	gsDPPipeSync(),
	gsDPSetCombineLERP(TEXEL0, 0, SHADE, 0, TEXEL0, 0, ENVIRONMENT, 0, TEXEL0, 0, SHADE, 0, TEXEL0, 0, ENVIRONMENT, 0),
	gsDPSetAlphaDither(G_AD_NOISE),
	gsDPSetTextureLUT(G_TT_RGBA16),
	gsSPTexture(65535, 65535, 0, 0, 1),
	gsDPSetTextureImage(G_IM_FMT_RGBA, G_IM_SIZ_16b, 1, rgardenhall_vine1_pal_rgba16),
	gsDPSetTile(0, 0, 0, 256, 5, 0, G_TX_WRAP | G_TX_NOMIRROR, 0, 0, G_TX_WRAP | G_TX_NOMIRROR, 0, 0),
	gsDPLoadTLUTCmd(5, 194),
	gsDPSetTextureImage(G_IM_FMT_CI, G_IM_SIZ_8b_LOAD_BLOCK, 1, rgardenhall_vine1_ci8),
	gsDPSetTile(G_IM_FMT_CI, G_IM_SIZ_8b_LOAD_BLOCK, 0, 0, 7, 0, G_TX_WRAP | G_TX_NOMIRROR, 0, 0, G_TX_WRAP | G_TX_NOMIRROR, 0, 0),
	gsDPLoadBlock(7, 0, 0, 1023, 512),
	gsDPSetTile(G_IM_FMT_CI, G_IM_SIZ_8b, 4, 0, 0, 0, G_TX_WRAP | G_TX_NOMIRROR, 6, 0, G_TX_WRAP | G_TX_NOMIRROR, 5, 0),
	gsDPSetTileSize(0, 0, 0, 124, 252),
	gsSPEndDisplayList(),
};

Gfx mat_revert_rgardenhall_vine[] = {
	gsSPSetGeometryMode(G_LIGHTING | G_CULL_BACK),
	gsDPPipeSync(),
	gsDPSetAlphaDither(G_AD_DISABLE),
	gsDPSetTextureLUT(G_TT_NONE),
	gsSPEndDisplayList(),
};

Gfx mat_rgardenhall_fakeskybox_layer0[] = {
	gsDPPipeSync(),
	gsDPSetCombineLERP(0, 0, 0, TEXEL0, 0, 0, 0, ENVIRONMENT, 0, 0, 0, TEXEL0, 0, 0, 0, ENVIRONMENT),
	gsDPSetAlphaDither(G_AD_NOISE),
	gsDPSetTextureLUT(G_TT_RGBA16),
	gsDPSetRenderMode(G_RM_OPA_SURF, G_RM_OPA_SURF2),
	gsSPTexture(65535, 65535, 0, 0, 1),
	gsDPSetTextureImage(G_IM_FMT_RGBA, G_IM_SIZ_16b, 1, rgardenhall_fakeskybox_pal_rgba16),
	gsDPSetTile(0, 0, 0, 256, 5, 0, G_TX_WRAP | G_TX_NOMIRROR, 0, 0, G_TX_WRAP | G_TX_NOMIRROR, 0, 0),
	gsDPLoadTLUTCmd(5, 204),
	gsDPSetTextureImage(G_IM_FMT_CI, G_IM_SIZ_8b_LOAD_BLOCK, 1, rgardenhall_fakeskybox_ci8),
	gsDPSetTile(G_IM_FMT_CI, G_IM_SIZ_8b_LOAD_BLOCK, 0, 0, 7, 0, G_TX_WRAP | G_TX_NOMIRROR, 0, 0, G_TX_WRAP | G_TX_NOMIRROR, 0, 0),
	gsDPLoadBlock(7, 0, 0, 1023, 512),
	gsDPSetTile(G_IM_FMT_CI, G_IM_SIZ_8b, 4, 0, 0, 0, G_TX_CLAMP | G_TX_NOMIRROR, 6, 0, G_TX_WRAP | G_TX_NOMIRROR, 5, 0),
	gsDPSetTileSize(0, 0, 0, 124, 252),
	gsSPEndDisplayList(),
};

Gfx mat_revert_rgardenhall_fakeskybox_layer0[] = {
	gsDPPipeSync(),
	gsDPSetAlphaDither(G_AD_DISABLE),
	gsDPSetTextureLUT(G_TT_NONE),
	gsDPSetRenderMode(G_RM_ZB_OPA_SURF, G_RM_ZB_OPA_SURF2),
	gsSPEndDisplayList(),
};

Gfx rgardenhall_rgardenhall_mesh_layer_1[] = {
	gsSPDisplayList(mat_rgardenhall_grassside),
	gsSPDisplayList(rgardenhall_rgardenhall_mesh_layer_1_tri_0),
	gsSPDisplayList(mat_revert_rgardenhall_grassside),
	gsSPDisplayList(mat_rgardenhall_dungeonshingles),
	gsSPDisplayList(rgardenhall_rgardenhall_mesh_layer_1_tri_1),
	gsSPDisplayList(mat_revert_rgardenhall_dungeonshingles),
	gsSPDisplayList(mat_rgardenhall_dungeoncarpet),
	gsSPDisplayList(rgardenhall_rgardenhall_mesh_layer_1_tri_2),
	gsSPDisplayList(mat_revert_rgardenhall_dungeoncarpet),
	gsSPDisplayList(mat_rgardenhall_dungeontiles),
	gsSPDisplayList(rgardenhall_rgardenhall_mesh_layer_1_tri_3),
	gsSPDisplayList(mat_revert_rgardenhall_dungeontiles),
	gsSPDisplayList(mat_rgardenhall_dungeonbricks),
	gsSPDisplayList(rgardenhall_rgardenhall_mesh_layer_1_tri_4),
	gsSPDisplayList(mat_revert_rgardenhall_dungeonbricks),
	gsSPDisplayList(mat_rgardenhall_castletrim),
	gsSPDisplayList(rgardenhall_rgardenhall_mesh_layer_1_tri_5),
	gsSPDisplayList(mat_revert_rgardenhall_castletrim),
	gsSPDisplayList(mat_rgardenhall_conc),
	gsSPDisplayList(rgardenhall_rgardenhall_mesh_layer_1_tri_6),
	gsSPDisplayList(mat_revert_rgardenhall_conc),
	gsSPDisplayList(mat_rgardenhall_grass),
	gsSPDisplayList(rgardenhall_rgardenhall_mesh_layer_1_tri_7),
	gsSPDisplayList(mat_revert_rgardenhall_grass),
	gsSPDisplayList(mat_rgardenhall_flowerside),
	gsSPDisplayList(rgardenhall_rgardenhall_mesh_layer_1_tri_8),
	gsSPDisplayList(mat_revert_rgardenhall_flowerside),
	gsSPDisplayList(mat_rgardenhall_wood),
	gsSPDisplayList(rgardenhall_rgardenhall_mesh_layer_1_tri_9),
	gsSPDisplayList(mat_revert_rgardenhall_wood),
	gsSPDisplayList(mat_rgardenhall_log),
	gsSPDisplayList(rgardenhall_rgardenhall_mesh_layer_1_tri_10),
	gsSPDisplayList(mat_revert_rgardenhall_log),
	gsSPDisplayList(mat_rgardenhall_flowertop),
	gsSPDisplayList(rgardenhall_rgardenhall_mesh_layer_1_tri_11),
	gsSPDisplayList(mat_revert_rgardenhall_flowertop),
	gsDPPipeSync(),
	gsSPSetGeometryMode(G_LIGHTING),
	gsSPClearGeometryMode(G_TEXTURE_GEN),
	gsDPSetCombineLERP(0, 0, 0, SHADE, 0, 0, 0, ENVIRONMENT, 0, 0, 0, SHADE, 0, 0, 0, ENVIRONMENT),
	gsSPTexture(65535, 65535, 0, 0, 0),
	gsDPSetEnvColor(255, 255, 255, 255),
	gsDPSetAlphaCompare(G_AC_NONE),
	gsSPEndDisplayList(),
};

Gfx rgardenhall_rgardenhall_mesh_layer_4[] = {
	gsSPDisplayList(mat_rgardenhall_fence),
	gsSPDisplayList(rgardenhall_rgardenhall_mesh_layer_4_tri_0),
	gsSPDisplayList(mat_revert_rgardenhall_fence),
	gsSPDisplayList(mat_rgardenhall_vine),
	gsSPDisplayList(rgardenhall_rgardenhall_mesh_layer_4_tri_1),
	gsSPDisplayList(mat_revert_rgardenhall_vine),
	gsDPPipeSync(),
	gsSPSetGeometryMode(G_LIGHTING),
	gsSPClearGeometryMode(G_TEXTURE_GEN),
	gsDPSetCombineLERP(0, 0, 0, SHADE, 0, 0, 0, ENVIRONMENT, 0, 0, 0, SHADE, 0, 0, 0, ENVIRONMENT),
	gsSPTexture(65535, 65535, 0, 0, 0),
	gsDPSetEnvColor(255, 255, 255, 255),
	gsDPSetAlphaCompare(G_AC_NONE),
	gsSPEndDisplayList(),
};

Gfx rgardenhall_rgardenhall_mesh_layer_5[] = {
	gsSPDisplayList(mat_rgardenhall_water),
	gsSPDisplayList(rgardenhall_rgardenhall_mesh_layer_5_tri_0),
	gsSPDisplayList(mat_revert_rgardenhall_water),
	gsDPPipeSync(),
	gsSPSetGeometryMode(G_LIGHTING),
	gsSPClearGeometryMode(G_TEXTURE_GEN),
	gsDPSetCombineLERP(0, 0, 0, SHADE, 0, 0, 0, ENVIRONMENT, 0, 0, 0, SHADE, 0, 0, 0, ENVIRONMENT),
	gsSPTexture(65535, 65535, 0, 0, 0),
	gsDPSetEnvColor(255, 255, 255, 255),
	gsDPSetAlphaCompare(G_AC_NONE),
	gsSPEndDisplayList(),
};

Gfx rgardenhall_rgardenhall_mesh_layer_0[] = {
	gsSPDisplayList(mat_rgardenhall_fakeskybox_layer0),
	gsSPDisplayList(rgardenhall_rgardenhall_mesh_layer_0_tri_0),
	gsSPDisplayList(mat_revert_rgardenhall_fakeskybox_layer0),
	gsDPPipeSync(),
	gsSPSetGeometryMode(G_LIGHTING),
	gsSPClearGeometryMode(G_TEXTURE_GEN),
	gsDPSetCombineLERP(0, 0, 0, SHADE, 0, 0, 0, ENVIRONMENT, 0, 0, 0, SHADE, 0, 0, 0, ENVIRONMENT),
	gsSPTexture(65535, 65535, 0, 0, 0),
	gsDPSetEnvColor(255, 255, 255, 255),
	gsDPSetAlphaCompare(G_AC_NONE),
	gsSPEndDisplayList(),
};

