Gfx spaceworld_spaceworldbrick1_ci8_aligner[] = {gsSPEndDisplayList()};
u8 spaceworld_spaceworldbrick1_ci8[] = {
	0x00, 0x01, 0x00, 0x00, 0x00, 0x00, 0x02, 0x02, 
	0x02, 0x02, 0x02, 0x02, 0x03, 0x04, 0x05, 0x06, 
	0x07, 0x07, 0x08, 0x08, 0x08, 0x08, 0x09, 0x09, 
	0x09, 0x05, 0x05, 0x05, 0x05, 0x01, 0x00, 0x00, 
	0x0a, 0x0a, 0x0a, 0x0b, 0x0c, 0x0d, 0x0d, 0x0d, 
	0x0d, 0x0e, 0x0e, 0x0e, 0x0e, 0x0e, 0x0f, 0x06, 
	0x03, 0x0c, 0x10, 0x0e, 0x11, 0x0c, 0x0c, 0x0e, 
	0x0b, 0x0a, 0x0a, 0x0a, 0x0d, 0x0a, 0x0d, 0x0a, 
	0x12, 0x13, 0x13, 0x13, 0x13, 0x11, 0x11, 0x11, 
	0x13, 0x12, 0x12, 0x12, 0x12, 0x12, 0x0f, 0x06, 
	0x14, 0x13, 0x12, 0x12, 0x13, 0x13, 0x13, 0x12, 
	0x12, 0x12, 0x12, 0x11, 0x12, 0x12, 0x12, 0x12, 
	0x13, 0x13, 0x13, 0x13, 0x13, 0x13, 0x13, 0x11, 
	0x12, 0x12, 0x13, 0x12, 0x12, 0x12, 0x15, 0x16, 
	0x0b, 0x13, 0x12, 0x12, 0x12, 0x12, 0x12, 0x12, 
	0x12, 0x12, 0x12, 0x12, 0x12, 0x12, 0x12, 0x12, 
	0x12, 0x12, 0x13, 0x13, 0x13, 0x13, 0x13, 0x11, 
	0x12, 0x12, 0x13, 0x12, 0x12, 0x12, 0x17, 0x18, 
	0x0b, 0x13, 0x12, 0x12, 0x12, 0x12, 0x12, 0x0e, 
	0x0e, 0x0e, 0x0e, 0x12, 0x12, 0x12, 0x12, 0x12, 
	0x12, 0x12, 0x13, 0x13, 0x11, 0x11, 0x11, 0x11, 
	0x0e, 0x0e, 0x13, 0x13, 0x12, 0x12, 0x17, 0x18, 
	0x0b, 0x13, 0x0e, 0x0e, 0x12, 0x13, 0x12, 0x11, 
	0x0e, 0x11, 0x11, 0x0e, 0x0e, 0x11, 0x0e, 0x12, 
	0x12, 0x12, 0x0e, 0x0e, 0x11, 0x11, 0x11, 0x11, 
	0x11, 0x11, 0x13, 0x13, 0x0e, 0x0e, 0x19, 0x18, 
	0x0b, 0x13, 0x0e, 0x11, 0x0e, 0x11, 0x0e, 0x11, 
	0x0e, 0x11, 0x11, 0x0e, 0x0e, 0x11, 0x0e, 0x12, 
	0x0e, 0x0e, 0x0e, 0x11, 0x11, 0x11, 0x11, 0x11, 
	0x11, 0x11, 0x11, 0x11, 0x0e, 0x0e, 0x19, 0x18, 
	0x0b, 0x13, 0x0e, 0x11, 0x11, 0x11, 0x11, 0x11, 
	0x11, 0x11, 0x11, 0x11, 0x11, 0x11, 0x0e, 0x0e, 
	0x0e, 0x11, 0x11, 0x11, 0x11, 0x11, 0x11, 0x11, 
	0x11, 0x11, 0x11, 0x11, 0x0e, 0x11, 0x19, 0x06, 
	0x0a, 0x11, 0x11, 0x11, 0x11, 0x11, 0x11, 0x11, 
	0x11, 0x11, 0x11, 0x11, 0x11, 0x11, 0x0e, 0x0e, 
	0x11, 0x11, 0x1a, 0x1a, 0x1a, 0x11, 0x11, 0x11, 
	0x11, 0x11, 0x11, 0x11, 0x11, 0x11, 0x19, 0x06, 
	0x1b, 0x11, 0x11, 0x11, 0x11, 0x11, 0x11, 0x1a, 
	0x1a, 0x1a, 0x1a, 0x1a, 0x1a, 0x11, 0x11, 0x11, 
	0x1a, 0x1a, 0x0d, 0x0d, 0x0d, 0x11, 0x11, 0x11, 
	0x11, 0x11, 0x11, 0x11, 0x11, 0x11, 0x1c, 0x1d, 
	0x1b, 0x11, 0x11, 0x1e, 0x11, 0x1f, 0x1a, 0x1a, 
	0x1a, 0x1a, 0x1a, 0x1a, 0x0d, 0x1a, 0x1a, 0x1a, 
	0x0d, 0x0d, 0x20, 0x0d, 0x20, 0x0d, 0x0c, 0x0c, 
	0x1a, 0x11, 0x11, 0x11, 0x11, 0x11, 0x1c, 0x21, 
	0x0a, 0x11, 0x22, 0x1e, 0x1e, 0x20, 0x0d, 0x0d, 
	0x0d, 0x0d, 0x0d, 0x0d, 0x0d, 0x0d, 0x0d, 0x0d, 
	0x0d, 0x0d, 0x20, 0x20, 0x20, 0x0d, 0x0d, 0x0d, 
	0x0d, 0x0d, 0x0d, 0x1a, 0x1a, 0x1a, 0x1c, 0x21, 
	0x0a, 0x23, 0x0d, 0x0d, 0x0d, 0x0d, 0x0d, 0x0d, 
	0x0d, 0x0d, 0x0d, 0x0d, 0x0d, 0x0d, 0x0d, 0x0d, 
	0x0d, 0x0d, 0x0d, 0x24, 0x25, 0x24, 0x0d, 0x24, 
	0x24, 0x0d, 0x0d, 0x1a, 0x1a, 0x23, 0x1c, 0x07, 
	0x26, 0x23, 0x0d, 0x24, 0x24, 0x24, 0x0d, 0x24, 
	0x24, 0x0d, 0x0d, 0x0d, 0x0d, 0x0d, 0x0d, 0x0d, 
	0x0a, 0x0a, 0x1b, 0x0a, 0x0a, 0x0a, 0x0a, 0x0a, 
	0x0a, 0x1b, 0x0a, 0x0a, 0x0a, 0x27, 0x00, 0x18, 
	0x28, 0x0a, 0x0d, 0x0d, 0x0a, 0x0a, 0x0a, 0x0a, 
	0x1b, 0x1b, 0x1b, 0x1b, 0x1b, 0x1b, 0x1b, 0x0a, 
	0x05, 0x05, 0x05, 0x05, 0x05, 0x05, 0x15, 0x15, 
	0x15, 0x01, 0x01, 0x01, 0x01, 0x05, 0x21, 0x29, 
	0x2a, 0x2b, 0x01, 0x01, 0x15, 0x15, 0x15, 0x15, 
	0x05, 0x05, 0x15, 0x2c, 0x2d, 0x2e, 0x2e, 0x05, 
	0x07, 0x07, 0x08, 0x08, 0x08, 0x08, 0x09, 0x09, 
	0x09, 0x05, 0x05, 0x05, 0x05, 0x01, 0x00, 0x00, 
	0x00, 0x01, 0x00, 0x00, 0x00, 0x00, 0x02, 0x02, 
	0x02, 0x02, 0x02, 0x02, 0x03, 0x04, 0x05, 0x06, 
	0x03, 0x0c, 0x10, 0x0e, 0x11, 0x0c, 0x0c, 0x0e, 
	0x0b, 0x0a, 0x0a, 0x0a, 0x0d, 0x0a, 0x0d, 0x0a, 
	0x0a, 0x0a, 0x0a, 0x0b, 0x0c, 0x0d, 0x0d, 0x0d, 
	0x0d, 0x0e, 0x0e, 0x0e, 0x0e, 0x0e, 0x0f, 0x06, 
	0x14, 0x13, 0x12, 0x12, 0x13, 0x13, 0x13, 0x12, 
	0x12, 0x12, 0x12, 0x11, 0x12, 0x12, 0x12, 0x12, 
	0x12, 0x13, 0x13, 0x13, 0x13, 0x11, 0x11, 0x11, 
	0x13, 0x12, 0x12, 0x12, 0x12, 0x12, 0x0f, 0x06, 
	0x0b, 0x13, 0x12, 0x12, 0x12, 0x12, 0x12, 0x12, 
	0x12, 0x12, 0x12, 0x12, 0x12, 0x12, 0x12, 0x12, 
	0x13, 0x13, 0x13, 0x13, 0x13, 0x13, 0x13, 0x11, 
	0x12, 0x12, 0x13, 0x12, 0x12, 0x12, 0x15, 0x16, 
	0x0b, 0x13, 0x12, 0x12, 0x12, 0x12, 0x12, 0x0e, 
	0x0e, 0x0e, 0x0e, 0x12, 0x12, 0x12, 0x12, 0x12, 
	0x12, 0x12, 0x13, 0x13, 0x13, 0x13, 0x13, 0x11, 
	0x12, 0x12, 0x13, 0x12, 0x12, 0x12, 0x17, 0x18, 
	0x0b, 0x13, 0x0e, 0x0e, 0x12, 0x13, 0x12, 0x11, 
	0x0e, 0x11, 0x11, 0x0e, 0x0e, 0x11, 0x0e, 0x12, 
	0x12, 0x12, 0x13, 0x13, 0x11, 0x11, 0x11, 0x11, 
	0x0e, 0x0e, 0x13, 0x13, 0x12, 0x12, 0x17, 0x18, 
	0x0b, 0x13, 0x0e, 0x11, 0x0e, 0x11, 0x0e, 0x11, 
	0x0e, 0x11, 0x11, 0x0e, 0x0e, 0x11, 0x0e, 0x12, 
	0x12, 0x12, 0x0e, 0x0e, 0x11, 0x11, 0x11, 0x11, 
	0x11, 0x11, 0x13, 0x13, 0x0e, 0x0e, 0x19, 0x18, 
	0x0b, 0x13, 0x0e, 0x11, 0x11, 0x11, 0x11, 0x11, 
	0x11, 0x11, 0x11, 0x11, 0x11, 0x11, 0x0e, 0x0e, 
	0x0e, 0x0e, 0x0e, 0x11, 0x11, 0x11, 0x11, 0x11, 
	0x11, 0x11, 0x11, 0x11, 0x0e, 0x0e, 0x19, 0x18, 
	0x0a, 0x11, 0x11, 0x11, 0x11, 0x11, 0x11, 0x11, 
	0x11, 0x11, 0x11, 0x11, 0x11, 0x11, 0x0e, 0x0e, 
	0x0e, 0x11, 0x11, 0x11, 0x11, 0x11, 0x11, 0x11, 
	0x11, 0x11, 0x11, 0x11, 0x0e, 0x11, 0x19, 0x06, 
	0x1b, 0x11, 0x11, 0x11, 0x11, 0x11, 0x11, 0x1a, 
	0x1a, 0x1a, 0x1a, 0x1a, 0x1a, 0x11, 0x11, 0x11, 
	0x11, 0x11, 0x1a, 0x1a, 0x1a, 0x11, 0x11, 0x11, 
	0x11, 0x11, 0x11, 0x11, 0x11, 0x11, 0x19, 0x06, 
	0x1b, 0x11, 0x11, 0x1e, 0x11, 0x1f, 0x1a, 0x1a, 
	0x1a, 0x1a, 0x1a, 0x1a, 0x0d, 0x1a, 0x1a, 0x1a, 
	0x1a, 0x1a, 0x0d, 0x0d, 0x0d, 0x11, 0x11, 0x11, 
	0x11, 0x11, 0x11, 0x11, 0x11, 0x11, 0x1c, 0x1d, 
	0x0a, 0x11, 0x22, 0x1e, 0x1e, 0x20, 0x0d, 0x0d, 
	0x0d, 0x0d, 0x0d, 0x0d, 0x0d, 0x0d, 0x0d, 0x0d, 
	0x0d, 0x0d, 0x20, 0x0d, 0x20, 0x0d, 0x0c, 0x0c, 
	0x1a, 0x11, 0x11, 0x11, 0x11, 0x11, 0x1c, 0x21, 
	0x0a, 0x23, 0x0d, 0x0d, 0x0d, 0x0d, 0x0d, 0x0d, 
	0x0d, 0x0d, 0x0d, 0x0d, 0x0d, 0x0d, 0x0d, 0x0d, 
	0x0d, 0x0d, 0x20, 0x20, 0x20, 0x0d, 0x0d, 0x0d, 
	0x0d, 0x0d, 0x0d, 0x1a, 0x1a, 0x1a, 0x1c, 0x21, 
	0x26, 0x23, 0x0d, 0x24, 0x24, 0x24, 0x0d, 0x24, 
	0x24, 0x0d, 0x0d, 0x0d, 0x0d, 0x0d, 0x0d, 0x0d, 
	0x0d, 0x0d, 0x0d, 0x24, 0x25, 0x24, 0x0d, 0x24, 
	0x24, 0x0d, 0x0d, 0x1a, 0x1a, 0x23, 0x1c, 0x07, 
	0x28, 0x0a, 0x0d, 0x0d, 0x0a, 0x0a, 0x0a, 0x0a, 
	0x1b, 0x1b, 0x1b, 0x1b, 0x1b, 0x1b, 0x1b, 0x0a, 
	0x0a, 0x0a, 0x1b, 0x0a, 0x0a, 0x0a, 0x0a, 0x0a, 
	0x0a, 0x1b, 0x0a, 0x0a, 0x0a, 0x27, 0x00, 0x18, 
	0x2a, 0x2b, 0x01, 0x01, 0x15, 0x15, 0x15, 0x15, 
	0x05, 0x05, 0x15, 0x2c, 0x2d, 0x2e, 0x2e, 0x05, 
	0x05, 0x05, 0x05, 0x05, 0x05, 0x05, 0x15, 0x15, 
	0x15, 0x01, 0x01, 0x01, 0x01, 0x05, 0x21, 0x29, 
	0x2f, 0x2f, 0x30, 0x30, 0x31, 0x32, 0x2f, 0x2f, 
	0x2f, 0x2f, 0x2f, 0x2f, 0x2f, 0x33, 0x34, 0x35, 
	0x36, 0x2f, 0x30, 0x30, 0x30, 0x2f, 0x2f, 0x2f, 
	0x2f, 0x2f, 0x2f, 0x37, 0x37, 0x38, 0x36, 0x30, 
	0x39, 0x39, 0x39, 0x39, 0x3a, 0x3a, 0x3a, 0x3a, 
	0x3b, 0x3a, 0x3b, 0x3c, 0x3b, 0x3d, 0x3e, 0x3f, 
	0x40, 0x41, 0x39, 0x39, 0x39, 0x39, 0x39, 0x3c, 
	0x3c, 0x3a, 0x3a, 0x3a, 0x3a, 0x3a, 0x3a, 0x42, 
	0x43, 0x43, 0x44, 0x45, 0x46, 0x46, 0x46, 0x46, 
	0x3b, 0x3b, 0x3b, 0x47, 0x46, 0x43, 0x48, 0x49, 
	0x41, 0x41, 0x41, 0x41, 0x4a, 0x4a, 0x41, 0x41, 
	0x41, 0x41, 0x41, 0x41, 0x41, 0x4b, 0x43, 0x4c, 
	0x4d, 0x4d, 0x43, 0x4e, 0x44, 0x44, 0x4f, 0x4f, 
	0x43, 0x43, 0x43, 0x43, 0x43, 0x50, 0x51, 0x52, 
	0x43, 0x43, 0x41, 0x41, 0x4c, 0x4c, 0x4b, 0x4b, 
	0x50, 0x43, 0x50, 0x50, 0x50, 0x50, 0x50, 0x4c, 
	0x53, 0x4c, 0x4d, 0x43, 0x43, 0x4e, 0x4e, 0x4e, 
	0x4d, 0x4d, 0x4d, 0x4d, 0x4d, 0x4d, 0x54, 0x55, 
	0x43, 0x4d, 0x4d, 0x4d, 0x4d, 0x4d, 0x4d, 0x4d, 
	0x4d, 0x56, 0x56, 0x4d, 0x4d, 0x56, 0x57, 0x58, 
	0x53, 0x59, 0x59, 0x4d, 0x4d, 0x56, 0x56, 0x56, 
	0x56, 0x56, 0x5a, 0x5a, 0x56, 0x56, 0x5b, 0x5c, 
	0x5d, 0x4d, 0x4d, 0x56, 0x56, 0x56, 0x56, 0x56, 
	0x56, 0x56, 0x56, 0x5a, 0x5a, 0x56, 0x56, 0x5e, 
	0x53, 0x53, 0x53, 0x53, 0x56, 0x56, 0x56, 0x56, 
	0x5a, 0x5a, 0x5a, 0x5a, 0x5a, 0x5a, 0x5f, 0x60, 
	0x56, 0x56, 0x5a, 0x56, 0x56, 0x56, 0x56, 0x56, 
	0x56, 0x56, 0x5a, 0x5a, 0x5a, 0x5a, 0x5a, 0x61, 
	0x53, 0x62, 0x62, 0x53, 0x56, 0x56, 0x5a, 0x5a, 
	0x5a, 0x5a, 0x5a, 0x63, 0x64, 0x5a, 0x65, 0x60, 
	0x66, 0x5a, 0x5a, 0x5a, 0x5a, 0x5a, 0x5a, 0x5a, 
	0x5a, 0x5a, 0x67, 0x5a, 0x5a, 0x5a, 0x5a, 0x68, 
	0x53, 0x5a, 0x67, 0x5a, 0x5a, 0x5a, 0x5a, 0x5a, 
	0x63, 0x67, 0x67, 0x64, 0x64, 0x5a, 0x69, 0x5c, 
	0x6a, 0x5a, 0x5a, 0x5a, 0x5a, 0x5a, 0x5a, 0x5a, 
	0x5a, 0x5a, 0x67, 0x67, 0x67, 0x67, 0x5a, 0x6b, 
	0x5a, 0x5a, 0x64, 0x63, 0x63, 0x63, 0x63, 0x64, 
	0x64, 0x64, 0x64, 0x64, 0x64, 0x64, 0x66, 0x6c, 
	0x6a, 0x5a, 0x5a, 0x63, 0x5a, 0x63, 0x64, 0x63, 
	0x64, 0x67, 0x6b, 0x6b, 0x6b, 0x6b, 0x6d, 0x6b, 
	0x6e, 0x6f, 0x63, 0x6f, 0x6f, 0x6f, 0x6d, 0x64, 
	0x6d, 0x6d, 0x64, 0x64, 0x64, 0x64, 0x70, 0x71, 
	0x72, 0x63, 0x63, 0x63, 0x64, 0x64, 0x64, 0x64, 
	0x6d, 0x6d, 0x6d, 0x6d, 0x6d, 0x6d, 0x6d, 0x6d, 
	0x6e, 0x6f, 0x6f, 0x6f, 0x6f, 0x6d, 0x6f, 0x6f, 
	0x6d, 0x64, 0x64, 0x64, 0x6b, 0x6d, 0x70, 0x71, 
	0x70, 0x63, 0x63, 0x63, 0x63, 0x63, 0x6f, 0x6f, 
	0x6d, 0x6d, 0x6d, 0x6d, 0x6d, 0x6d, 0x6d, 0x6d, 
	0x6e, 0x6f, 0x6f, 0x6f, 0x6f, 0x6f, 0x6f, 0x6f, 
	0x6d, 0x64, 0x64, 0x6d, 0x6b, 0x6d, 0x63, 0x71, 
	0x6a, 0x63, 0x6f, 0x63, 0x63, 0x63, 0x6f, 0x6f, 
	0x6d, 0x6f, 0x6d, 0x6d, 0x6d, 0x6d, 0x6d, 0x73, 
	0x6f, 0x74, 0x74, 0x74, 0x6f, 0x6f, 0x6f, 0x6f, 
	0x6d, 0x6d, 0x6d, 0x6f, 0x6f, 0x6d, 0x63, 0x6c, 
	0x72, 0x63, 0x74, 0x74, 0x74, 0x74, 0x74, 0x74, 
	0x6f, 0x6f, 0x6d, 0x6d, 0x6d, 0x6d, 0x6d, 0x75, 
	0x76, 0x76, 0x76, 0x76, 0x77, 0x77, 0x77, 0x77, 
	0x74, 0x74, 0x76, 0x77, 0x78, 0x78, 0x72, 0x6c, 
	0x79, 0x78, 0x76, 0x76, 0x74, 0x74, 0x74, 0x74, 
	0x74, 0x74, 0x7a, 0x7a, 0x7a, 0x74, 0x74, 0x7b, 
	0x7c, 0x7d, 0x7d, 0x7d, 0x7e, 0x7f, 0x7f, 0x7c, 
	0x80, 0x81, 0x81, 0x81, 0x82, 0x81, 0x83, 0x84, 
	0x85, 0x82, 0x82, 0x86, 0x86, 0x86, 0x87, 0x87, 
	0x88, 0x89, 0x8a, 0x8a, 0x8b, 0x89, 0x89, 0x8c, 
	0x8d, 0x8e, 0x8f, 0x8f, 0x8f, 0x8e, 0x90, 0x91, 
	0x91, 0x91, 0x91, 0x91, 0x92, 0x93, 0x93, 0x94, 
	0x5c, 0x5c, 0x95, 0x95, 0x95, 0x95, 0x95, 0x95, 
	0x96, 0x96, 0x8f, 0x96, 0x97, 0x98, 0x96, 0x99, 
	0x9a, 0x9b, 0x9c, 0x9c, 0x9d, 0x9e, 0x9e, 0x9f, 
	0x9f, 0xa0, 0x9f, 0x9f, 0xa1, 0xa1, 0xa1, 0xa2, 
	0xa2, 0xa2, 0xa3, 0xa3, 0xa3, 0xa4, 0xa4, 0xa4, 
	0xa5, 0xa5, 0xa6, 0xa7, 0xa7, 0xa8, 0xa9, 0xaa, 
	0xab, 0xac, 0xad, 0xae, 0xae, 0xae, 0xaf, 0xaf, 
	0xb0, 0xb1, 0xb2, 0xb2, 0xb3, 0xb3, 0xb4, 0xb4, 
	0xb5, 0xb5, 0xb5, 0xb5, 0xb5, 0xb5, 0xb5, 0xb5, 
	0xb5, 0xb6, 0xb6, 0xb7, 0xb7, 0xb8, 0xb9, 0xba, 
	0xbb, 0xb1, 0xbc, 0xbd, 0xbe, 0xbf, 0xbf, 0xbf, 
	0xbf, 0xbf, 0xc0, 0xc0, 0xc0, 0xc1, 0xc1, 0xc1, 
	0xc1, 0xc1, 0xc2, 0xc0, 0xc2, 0xc1, 0xc1, 0xc1, 
	0xc1, 0xc1, 0xc1, 0xc1, 0xc0, 0xbc, 0xc3, 0xc4, 
	0xc5, 0xc6, 0xc7, 0xc8, 0xc8, 0xc9, 0xc8, 0xca, 
	0xc9, 0xc9, 0xc8, 0xc8, 0xca, 0xc8, 0xcb, 0xcb, 
	0xcb, 0xc8, 0xc8, 0xc8, 0xc8, 0xbf, 0xc7, 0xcb, 
	0xcb, 0xbf, 0xc8, 0xc8, 0xc8, 0xca, 0xcc, 0xc4, 
	0xcd, 0xc6, 0xc7, 0xc8, 0xca, 0xc8, 0xce, 0xce, 
	0xc9, 0xc8, 0xc8, 0xc8, 0xc8, 0xc9, 0xcb, 0xc9, 
	0xc9, 0xc8, 0xc8, 0xc8, 0xc8, 0xc9, 0xc9, 0xc9, 
	0xc8, 0xc8, 0xca, 0xca, 0xca, 0xca, 0xcf, 0xc4, 
	0xd0, 0xb4, 0xc1, 0xc8, 0xca, 0xce, 0xce, 0xce, 
	0xc8, 0xc8, 0xc8, 0xc8, 0xc9, 0xcb, 0xc9, 0xc9, 
	0xc9, 0xc8, 0xc8, 0xc9, 0xc9, 0xc9, 0xc9, 0xc9, 
	0xca, 0xca, 0xce, 0xca, 0xca, 0xca, 0xcf, 0xc4, 
	0xd1, 0xb4, 0xc1, 0xc8, 0xc8, 0xce, 0xce, 0xce, 
	0xce, 0xc8, 0xc9, 0xc9, 0xc9, 0xc9, 0xc9, 0xc9, 
	0xc8, 0xc8, 0xc8, 0xc8, 0xc8, 0xc9, 0xc9, 0xc8, 
	0xce, 0xce, 0xce, 0xce, 0xca, 0xd2, 0xd3, 0xc4, 
	0xd4, 0xb3, 0xc7, 0xc8, 0xce, 0xce, 0xce, 0xce, 
	0xce, 0xc8, 0xc8, 0xc8, 0xc9, 0xc9, 0xc9, 0xc9, 
	0xc8, 0xc8, 0xc8, 0xca, 0xd5, 0xd5, 0xc9, 0xd5, 
	0xce, 0xce, 0xce, 0xce, 0xc8, 0xd2, 0xd3, 0xd6, 
	0xd7, 0xb1, 0xbf, 0xc8, 0xce, 0xce, 0xce, 0xce, 
	0xd5, 0xce, 0xd8, 0xce, 0xc8, 0xc8, 0xc8, 0xc8, 
	0xc8, 0xc8, 0xc8, 0xce, 0xce, 0xce, 0xd5, 0xce, 
	0xd5, 0xd5, 0xc8, 0xc8, 0xc8, 0xc8, 0xd9, 0xd6, 
	0xda, 0xb1, 0xbf, 0xc8, 0xce, 0xce, 0xce, 0xce, 
	0xce, 0xd8, 0xdb, 0xd8, 0xce, 0xd5, 0xc8, 0xc8, 
	0xc8, 0xc8, 0xc8, 0xce, 0xce, 0xd5, 0xd5, 0xd5, 
	0xd5, 0xc8, 0xc9, 0xc8, 0xc8, 0xc8, 0xbd, 0xd6, 
	0xdc, 0xb1, 0xbf, 0xc8, 0xce, 0xce, 0xce, 0xce, 
	0xce, 0xd8, 0xd8, 0xd8, 0xce, 0xc8, 0xc8, 0xc8, 
	0xc8, 0xc8, 0xce, 0xce, 0xd5, 0xd5, 0xd5, 0xd5, 
	0xd5, 0xd5, 0xd5, 0xd5, 0xd5, 0xc8, 0xbd, 0xdd, 
	0xde, 0xb1, 0xbf, 0xca, 0xce, 0xce, 0xce, 0xce, 
	0xd5, 0xce, 0xce, 0xc8, 0xc8, 0xc8, 0xc8, 0xc8, 
	0xc8, 0xc8, 0xca, 0xca, 0xd5, 0xd5, 0xd5, 0xd5, 
	0xd5, 0xd5, 0xce, 0xce, 0xce, 0xdf, 0xe0, 0xdd, 
	0xdc, 0xae, 0xbf, 0xca, 0xce, 0xe1, 0xe1, 0xc9, 
	0xe2, 0xc9, 0xc9, 0xc9, 0xc9, 0xc9, 0xc9, 0xc8, 
	0xc8, 0xca, 0xca, 0xc8, 0xd5, 0xd5, 0xd5, 0xd5, 
	0xd5, 0xce, 0xce, 0xce, 0xd5, 0xc8, 0xe3, 0xe4, 
	0xe5, 0xe6, 0xe7, 0xc8, 0xe2, 0xe2, 0xe2, 0xe2, 
	0xd5, 0xd5, 0xc9, 0xc9, 0xc9, 0xc8, 0xc8, 0xc8, 
	0xc8, 0xc8, 0xc8, 0xc8, 0xc8, 0xc8, 0xc8, 0xc8, 
	0xd5, 0xd5, 0xd5, 0xd5, 0xc9, 0xe8, 0xe3, 0xe9, 
	0xea, 0xeb, 0xec, 0xec, 0xed, 0xed, 0xed, 0xed, 
	0xed, 0xee, 0xed, 0xef, 0xef, 0xef, 0xef, 0xef, 
	0xef, 0xf0, 0xef, 0xf0, 0xf0, 0xf1, 0xf1, 0xf1, 
	0xf2, 0xf2, 0xf3, 0xf4, 0xd5, 0xf5, 0xf6, 0xc4, 
	
};

Gfx spaceworld_spaceworldbrick1_pal_rgba16_aligner[] = {gsSPEndDisplayList()};
u8 spaceworld_spaceworldbrick1_pal_rgba16[] = {
	0x09, 0x5b, 0x09, 0x59, 0x09, 0x9d, 0x09, 0x5f, 
	0x09, 0x5d, 0x09, 0x17, 0x00, 0x95, 0x00, 0xd5, 
	0x01, 0x15, 0x01, 0x17, 0x09, 0xe3, 0x09, 0xa3, 
	0x09, 0xa5, 0x09, 0xe5, 0x01, 0xa3, 0x01, 0x19, 
	0x09, 0xdf, 0x01, 0xa5, 0x01, 0x63, 0x01, 0x65, 
	0x09, 0x63, 0x09, 0x19, 0x00, 0x97, 0x01, 0x1b, 
	0x00, 0xd7, 0x01, 0x1d, 0x01, 0xe5, 0x11, 0xe3, 
	0x01, 0x5f, 0x00, 0x93, 0x01, 0xe7, 0x01, 0xa7, 
	0x09, 0xe7, 0x00, 0xd3, 0x09, 0xa7, 0x01, 0xe3, 
	0x0a, 0x25, 0x0a, 0x27, 0x0a, 0x21, 0x09, 0xe1, 
	0x11, 0xe1, 0x00, 0x51, 0x09, 0x55, 0x09, 0x57, 
	0x11, 0x17, 0x11, 0x19, 0x11, 0x59, 0x31, 0x95, 
	0x31, 0xd5, 0x31, 0xd7, 0x31, 0x97, 0x31, 0x93, 
	0x21, 0x11, 0x10, 0x8d, 0x29, 0x93, 0x29, 0xd5, 
	0x29, 0x95, 0x94, 0x65, 0x8c, 0x25, 0x8c, 0x23, 
	0x94, 0x25, 0x8b, 0xe1, 0x6a, 0xd9, 0x31, 0x0b, 
	0x83, 0xe1, 0x94, 0x63, 0x94, 0xa7, 0x94, 0x61, 
	0x8c, 0x5f, 0x8c, 0x61, 0x8c, 0x21, 0x94, 0x23, 
	0x7b, 0x9d, 0x29, 0x49, 0x94, 0xa3, 0x9c, 0x63, 
	0x9c, 0xa3, 0x9c, 0xa1, 0x94, 0x5f, 0x94, 0x1f, 
	0x9c, 0x61, 0x83, 0xdd, 0x39, 0x4b, 0xa4, 0xa1, 
	0x83, 0xdb, 0x39, 0x89, 0x9c, 0x9f, 0x9c, 0x5f, 
	0xac, 0xe3, 0xa4, 0xa3, 0xa4, 0x9f, 0x8b, 0xdb, 
	0x39, 0x47, 0x94, 0x9f, 0xb5, 0x25, 0x8c, 0x1b, 
	0x39, 0x87, 0xb5, 0x23, 0xa4, 0xe1, 0xa4, 0x9d, 
	0xa4, 0xdd, 0x94, 0x1d, 0x94, 0x5d, 0xa4, 0xdf, 
	0xad, 0x21, 0x94, 0x1b, 0x9c, 0x5d, 0xac, 0xdf, 
	0x31, 0x45, 0xac, 0xdd, 0xac, 0x9f, 0xac, 0x9d, 
	0x9c, 0x9d, 0x31, 0x05, 0x9c, 0x5b, 0xb5, 0x1f, 
	0xac, 0x9b, 0xbd, 0x1f, 0xa4, 0x99, 0xac, 0x99, 
	0xa4, 0x9b, 0x94, 0x19, 0xac, 0xdb, 0xbd, 0x1d, 
	0x83, 0x53, 0x7b, 0x11, 0x7b, 0x51, 0x83, 0x51, 
	0x8b, 0x53, 0x8b, 0x93, 0x8b, 0x95, 0x73, 0x11, 
	0x29, 0x03, 0x7b, 0x13, 0x8b, 0xd5, 0x93, 0xd5, 
	0x94, 0x15, 0x9c, 0x15, 0x9c, 0x17, 0x9c, 0x57, 
	0xa4, 0x57, 0x39, 0x05, 0x49, 0x47, 0x49, 0x87, 
	0x49, 0x45, 0x41, 0x45, 0x39, 0x45, 0x39, 0x43, 
	0x28, 0xc1, 0x41, 0x47, 0x41, 0x87, 0x41, 0xc7, 
	0x41, 0x85, 0x49, 0xc9, 0x49, 0x85, 0x92, 0xcd, 
	0xa3, 0x93, 0xa3, 0x91, 0xa3, 0x51, 0xa3, 0x4f, 
	0x9b, 0x4f, 0x9b, 0x0d, 0x93, 0x0d, 0x92, 0xcb, 
	0x8a, 0xcb, 0x82, 0x8b, 0x82, 0x89, 0x7a, 0x8b, 
	0x7a, 0x89, 0x72, 0x4b, 0x30, 0x81, 0x61, 0xc7, 
	0xa2, 0xcb, 0xa2, 0xc9, 0xa2, 0x89, 0xa2, 0x87, 
	0xaa, 0x87, 0xaa, 0x89, 0xaa, 0xc9, 0xb2, 0xc9, 
	0xb2, 0xcb, 0xb3, 0x09, 0xab, 0x09, 0xb3, 0x0b, 
	0xab, 0x4d, 0x9b, 0x0f, 0x38, 0x81, 0x69, 0x87, 
	0xa2, 0x45, 0x9a, 0x05, 0xa2, 0x05, 0xaa, 0x03, 
	0xaa, 0x43, 0xaa, 0x45, 0xa2, 0x43, 0x92, 0x09, 
	0x48, 0x81, 0x69, 0x47, 0xb2, 0x89, 0xaa, 0x05, 
	0xa9, 0xc3, 0xb1, 0xc3, 0xa9, 0xc1, 0xb2, 0x03, 
	0x91, 0xc7, 0x69, 0x45, 0xa9, 0x81, 0x91, 0xc5, 
	0x61, 0x45, 0x59, 0x05, 0xa9, 0xc5, 0x9a, 0x07, 
	0x59, 0x03, 0xa9, 0x83, 0x40, 0x41, 0x59, 0x43, 
	0xa1, 0x81, 0xa2, 0x07, 0x59, 0x01, 0xa1, 0x41, 
	0x58, 0xc1, 0x40, 0x81, 0x61, 0x03, 0xa1, 0xc3, 
	0x99, 0xc5, 0xb1, 0x81, 0xb1, 0x83, 0x99, 0xc3, 
	0x48, 0xc1, 0x58, 0x81, 0x9a, 0x47, 0xa2, 0x03, 
	0xb1, 0xc1, 0x40, 0xc1, 0x70, 0x85, 0x89, 0x47, 
	0x91, 0x05, 0x99, 0x05, 0x99, 0x03, 0x99, 0x45, 
	0xa1, 0x45, 0xa1, 0x85, 0xa1, 0x83, 0xa1, 0x43, 
	0xa9, 0x85, 0xa1, 0xc1, 0x91, 0x85, 
};

Gfx spaceworld_spaceworldbrick2_ci4_aligner[] = {gsSPEndDisplayList()};
u8 spaceworld_spaceworldbrick2_ci4[] = {
	0x01, 0x02, 0x22, 0x22, 0x22, 0x22, 0x33, 0x45, 
	0x56, 0x55, 0x66, 0x66, 0x44, 0x44, 0x41, 0x00, 
	0x77, 0x78, 0x88, 0x88, 0x89, 0x99, 0x97, 0x16, 
	0x98, 0x39, 0x77, 0x77, 0x77, 0x77, 0x77, 0x87, 
	0x77, 0x77, 0x77, 0x77, 0x79, 0x99, 0x99, 0x16, 
	0x77, 0x99, 0x77, 0x79, 0x99, 0x77, 0x79, 0x99, 
	0x77, 0x77, 0x77, 0x77, 0x99, 0x79, 0x99, 0x16, 
	0x77, 0x99, 0x99, 0x99, 0x99, 0x97, 0x77, 0x99, 
	0x99, 0x77, 0x77, 0x77, 0x99, 0x79, 0x99, 0x16, 
	0x77, 0x99, 0x99, 0x99, 0x99, 0x99, 0x77, 0x79, 
	0x99, 0x77, 0x77, 0x77, 0x99, 0x77, 0x99, 0x06, 
	0x77, 0x99, 0x97, 0x97, 0x97, 0x79, 0x97, 0x79, 
	0x99, 0x99, 0x77, 0x77, 0x77, 0x77, 0x99, 0x06, 
	0x77, 0x97, 0x97, 0x97, 0x97, 0x79, 0x77, 0x99, 
	0x99, 0x97, 0x77, 0x77, 0x77, 0x77, 0x99, 0x06, 
	0x77, 0x97, 0x77, 0x77, 0x77, 0x77, 0x77, 0x99, 
	0x97, 0x77, 0x77, 0x77, 0x77, 0x77, 0x97, 0x06, 
	0x87, 0x77, 0x77, 0x77, 0x77, 0x77, 0x77, 0x99, 
	0x77, 0x88, 0x77, 0x77, 0x77, 0x77, 0x77, 0x25, 
	0x88, 0x77, 0x77, 0x77, 0x77, 0x77, 0x77, 0x77, 
	0x78, 0x88, 0x87, 0x77, 0x88, 0x77, 0x77, 0x2a, 
	0x88, 0x88, 0x88, 0x77, 0x77, 0x87, 0x87, 0x77, 
	0x88, 0xbb, 0xb8, 0x88, 0x88, 0x88, 0x77, 0x2a, 
	0x87, 0x88, 0x88, 0x88, 0x88, 0x88, 0x88, 0x88, 
	0x8b, 0xbb, 0xbb, 0x88, 0x88, 0x87, 0x77, 0x35, 
	0x77, 0x88, 0x88, 0x88, 0x88, 0x88, 0xbb, 0x88, 
	0x88, 0x8b, 0xbb, 0x88, 0x88, 0x87, 0x79, 0x35, 
	0x77, 0x88, 0x88, 0x88, 0x88, 0x88, 0xb8, 0x88, 
	0x77, 0x77, 0x88, 0x88, 0x88, 0x88, 0x89, 0x06, 
	0x77, 0x88, 0x88, 0x88, 0x88, 0x88, 0x88, 0x87, 
	0x11, 0x14, 0x41, 0x11, 0x00, 0x00, 0x14, 0xac, 
	0x41, 0x11, 0x01, 0x01, 0x11, 0x11, 0x00, 0x01, 
	0x56, 0x55, 0x66, 0x66, 0x44, 0x44, 0x41, 0x00, 
	0x01, 0x02, 0x22, 0x22, 0x22, 0x22, 0x33, 0x45, 
	0x98, 0x39, 0x77, 0x77, 0x77, 0x77, 0x77, 0x87, 
	0x77, 0x78, 0x88, 0x88, 0x89, 0x99, 0x97, 0x16, 
	0x77, 0x99, 0x77, 0x79, 0x99, 0x77, 0x79, 0x99, 
	0x77, 0x77, 0x77, 0x77, 0x79, 0x99, 0x99, 0x16, 
	0x77, 0x99, 0x99, 0x99, 0x99, 0x97, 0x77, 0x99, 
	0x77, 0x77, 0x77, 0x77, 0x99, 0x79, 0x99, 0x16, 
	0x77, 0x99, 0x99, 0x99, 0x99, 0x99, 0x77, 0x79, 
	0x99, 0x77, 0x77, 0x77, 0x99, 0x79, 0x99, 0x16, 
	0x77, 0x99, 0x97, 0x97, 0x97, 0x79, 0x97, 0x79, 
	0x99, 0x77, 0x77, 0x77, 0x99, 0x77, 0x99, 0x06, 
	0x77, 0x97, 0x97, 0x97, 0x97, 0x79, 0x77, 0x99, 
	0x99, 0x99, 0x77, 0x77, 0x77, 0x77, 0x99, 0x06, 
	0x77, 0x97, 0x77, 0x77, 0x77, 0x77, 0x77, 0x99, 
	0x99, 0x97, 0x77, 0x77, 0x77, 0x77, 0x99, 0x06, 
	0x87, 0x77, 0x77, 0x77, 0x77, 0x77, 0x77, 0x99, 
	0x97, 0x77, 0x77, 0x77, 0x77, 0x77, 0x97, 0x06, 
	0x88, 0x77, 0x77, 0x77, 0x77, 0x77, 0x77, 0x77, 
	0x77, 0x88, 0x77, 0x77, 0x77, 0x77, 0x77, 0x25, 
	0x88, 0x88, 0x88, 0x77, 0x77, 0x87, 0x87, 0x77, 
	0x78, 0x88, 0x87, 0x77, 0x88, 0x77, 0x77, 0x2a, 
	0x87, 0x88, 0x88, 0x88, 0x88, 0x88, 0x88, 0x88, 
	0x88, 0xbb, 0xb8, 0x88, 0x88, 0x88, 0x77, 0x2a, 
	0x77, 0x88, 0x88, 0x88, 0x88, 0x88, 0xbb, 0x88, 
	0x8b, 0xbb, 0xbb, 0x88, 0x88, 0x87, 0x77, 0x35, 
	0x77, 0x88, 0x88, 0x88, 0x88, 0x88, 0xb8, 0x88, 
	0x88, 0x8b, 0xbb, 0x88, 0x88, 0x87, 0x79, 0x35, 
	0x77, 0x88, 0x88, 0x88, 0x88, 0x88, 0x88, 0x87, 
	0x77, 0x77, 0x88, 0x88, 0x88, 0x88, 0x89, 0x06, 
	0x41, 0x11, 0x01, 0x01, 0x11, 0x11, 0x00, 0x01, 
	0x11, 0x14, 0x41, 0x11, 0x00, 0x00, 0x14, 0xac, 
	
};

Gfx spaceworld_spaceworldbrick2_pal_rgba16_aligner[] = {gsSPEndDisplayList()};
u8 spaceworld_spaceworldbrick2_pal_rgba16[] = {
	0x00, 0x17, 0x00, 0x15, 0x00, 0x19, 0x00, 0x1b, 
	0x00, 0x13, 0x00, 0x0f, 0x00, 0x11, 0x00, 0x1f, 
	0x00, 0x21, 0x00, 0x1d, 0x00, 0x0d, 0x00, 0x23, 
	0x00, 0x0b, 
};

Gfx spaceworld_brick2_ci8_aligner[] = {gsSPEndDisplayList()};
u8 spaceworld_brick2_ci8[] = {
	0x00, 0x01, 0x01, 0x02, 0x02, 0x02, 0x03, 0x03, 
	0x04, 0x02, 0x02, 0x04, 0x02, 0x02, 0x02, 0x02, 
	0x03, 0x04, 0x04, 0x04, 0x03, 0x01, 0x04, 0x04, 
	0x02, 0x03, 0x04, 0x03, 0x02, 0x03, 0x05, 0x06, 
	0x07, 0x03, 0x03, 0x08, 0x03, 0x03, 0x05, 0x03, 
	0x05, 0x03, 0x08, 0x04, 0x04, 0x03, 0x03, 0x03, 
	0x03, 0x03, 0x03, 0x03, 0x04, 0x03, 0x03, 0x05, 
	0x03, 0x05, 0x08, 0x03, 0x03, 0x08, 0x08, 0x01, 
	0x09, 0x08, 0x03, 0x03, 0x08, 0x03, 0x08, 0x05, 
	0x08, 0x05, 0x05, 0x03, 0x08, 0x04, 0x08, 0x08, 
	0x05, 0x08, 0x03, 0x03, 0x03, 0x03, 0x08, 0x03, 
	0x03, 0x08, 0x03, 0x08, 0x03, 0x08, 0x0a, 0x05, 
	0x07, 0x03, 0x03, 0x03, 0x03, 0x03, 0x03, 0x08, 
	0x03, 0x03, 0x05, 0x03, 0x03, 0x03, 0x08, 0x03, 
	0x03, 0x03, 0x08, 0x08, 0x05, 0x03, 0x03, 0x08, 
	0x03, 0x03, 0x08, 0x03, 0x03, 0x03, 0x08, 0x01, 
	0x0b, 0x03, 0x03, 0x02, 0x03, 0x08, 0x03, 0x08, 
	0x05, 0x03, 0x08, 0x03, 0x03, 0x08, 0x03, 0x03, 
	0x03, 0x05, 0x03, 0x03, 0x03, 0x05, 0x05, 0x04, 
	0x05, 0x05, 0x03, 0x03, 0x03, 0x03, 0x05, 0x05, 
	0x0b, 0x03, 0x03, 0x03, 0x03, 0x03, 0x08, 0x05, 
	0x03, 0x08, 0x03, 0x03, 0x08, 0x03, 0x03, 0x03, 
	0x03, 0x08, 0x03, 0x03, 0x03, 0x03, 0x08, 0x03, 
	0x03, 0x03, 0x08, 0x03, 0x08, 0x03, 0x03, 0x01, 
	0x09, 0x08, 0x03, 0x08, 0x08, 0x05, 0x05, 0x03, 
	0x05, 0x08, 0x03, 0x03, 0x05, 0x03, 0x05, 0x03, 
	0x03, 0x03, 0x08, 0x03, 0x03, 0x08, 0x03, 0x08, 
	0x05, 0x05, 0x03, 0x03, 0x05, 0x03, 0x08, 0x05, 
	0x0c, 0x0d, 0x00, 0x0d, 0x00, 0x0e, 0x0d, 0x00, 
	0x0e, 0x0e, 0x0e, 0x0d, 0x0d, 0x0e, 0x00, 0x00, 
	0x0e, 0x0d, 0x0e, 0x00, 0x00, 0x0d, 0x0e, 0x0e, 
	0x0e, 0x0e, 0x0e, 0x0d, 0x0e, 0x00, 0x0d, 0x0f, 
	0x10, 0x10, 0x10, 0x11, 0x10, 0x12, 0x11, 0x10, 
	0x11, 0x12, 0x12, 0x10, 0x10, 0x10, 0x10, 0x13, 
	0x14, 0x12, 0x10, 0x15, 0x11, 0x10, 0x12, 0x10, 
	0x10, 0x10, 0x11, 0x10, 0x11, 0x11, 0x10, 0x11, 
	0x10, 0x11, 0x11, 0x12, 0x16, 0x10, 0x17, 0x11, 
	0x17, 0x12, 0x16, 0x17, 0x10, 0x17, 0x17, 0x18, 
	0x19, 0x12, 0x16, 0x10, 0x11, 0x11, 0x11, 0x11, 
	0x12, 0x11, 0x10, 0x16, 0x12, 0x16, 0x12, 0x16, 
	0x16, 0x10, 0x11, 0x12, 0x12, 0x11, 0x16, 0x18, 
	0x17, 0x16, 0x16, 0x10, 0x11, 0x17, 0x10, 0x18, 
	0x1a, 0x11, 0x16, 0x1b, 0x1c, 0x16, 0x11, 0x17, 
	0x12, 0x11, 0x12, 0x12, 0x16, 0x12, 0x12, 0x12, 
	0x16, 0x10, 0x11, 0x1d, 0x10, 0x12, 0x11, 0x12, 
	0x10, 0x11, 0x12, 0x11, 0x10, 0x10, 0x16, 0x15, 
	0x1a, 0x16, 0x10, 0x10, 0x11, 0x12, 0x15, 0x16, 
	0x10, 0x11, 0x12, 0x10, 0x16, 0x12, 0x12, 0x16, 
	0x10, 0x17, 0x12, 0x1c, 0x1c, 0x10, 0x18, 0x12, 
	0x10, 0x16, 0x11, 0x16, 0x10, 0x12, 0x10, 0x15, 
	0x1a, 0x11, 0x12, 0x12, 0x11, 0x16, 0x11, 0x10, 
	0x10, 0x11, 0x16, 0x10, 0x16, 0x12, 0x10, 0x16, 
	0x16, 0x16, 0x12, 0x12, 0x12, 0x16, 0x12, 0x12, 
	0x16, 0x12, 0x11, 0x10, 0x12, 0x11, 0x12, 0x10, 
	0x19, 0x12, 0x10, 0x15, 0x16, 0x12, 0x11, 0x12, 
	0x11, 0x16, 0x10, 0x16, 0x12, 0x11, 0x16, 0x12, 
	0x12, 0x16, 0x11, 0x12, 0x10, 0x12, 0x12, 0x17, 
	0x12, 0x16, 0x11, 0x11, 0x12, 0x10, 0x12, 0x10, 
	0x19, 0x15, 0x10, 0x1e, 0x16, 0x10, 0x10, 0x11, 
	0x11, 0x10, 0x10, 0x12, 0x12, 0x10, 0x10, 0x17, 
	0x19, 0x19, 0x19, 0x1a, 0x1f, 0x1a, 0x1a, 0x1f, 
	0x1a, 0x1a, 0x1a, 0x1f, 0x1f, 0x20, 0x1a, 0x21, 
	0x0b, 0x1a, 0x1a, 0x1a, 0x1a, 0x1a, 0x1a, 0x1a, 
	0x22, 0x1f, 0x1f, 0x1a, 0x1a, 0x19, 0x1f, 0x19, 
	0x00, 0x03, 0x02, 0x01, 0x03, 0x01, 0x02, 0x01, 
	0x01, 0x03, 0x05, 0x05, 0x03, 0x03, 0x01, 0x03, 
	0x01, 0x03, 0x03, 0x01, 0x01, 0x01, 0x23, 0x23, 
	0x01, 0x23, 0x23, 0x01, 0x01, 0x01, 0x01, 0x01, 
	0x07, 0x23, 0x08, 0x02, 0x02, 0x05, 0x23, 0x02, 
	0x02, 0x05, 0x08, 0x03, 0x23, 0x02, 0x03, 0x02, 
	0x03, 0x03, 0x03, 0x04, 0x05, 0x02, 0x03, 0x02, 
	0x02, 0x23, 0x02, 0x05, 0x08, 0x05, 0x08, 0x01, 
	0x07, 0x03, 0x03, 0x03, 0x05, 0x02, 0x05, 0x02, 
	0x05, 0x05, 0x02, 0x03, 0x03, 0x08, 0x08, 0x02, 
	0x05, 0x05, 0x23, 0x23, 0x03, 0x23, 0x24, 0x02, 
	0x03, 0x02, 0x23, 0x05, 0x03, 0x05, 0x05, 0x05, 
	0x25, 0x03, 0x03, 0x05, 0x08, 0x08, 0x02, 0x03, 
	0x02, 0x02, 0x08, 0x02, 0x03, 0x23, 0x03, 0x23, 
	0x03, 0x02, 0x04, 0x03, 0x05, 0x23, 0x05, 0x03, 
	0x03, 0x03, 0x23, 0x03, 0x02, 0x23, 0x05, 0x01, 
	0x0b, 0x05, 0x02, 0x02, 0x23, 0x02, 0x08, 0x05, 
	0x05, 0x02, 0x23, 0x03, 0x05, 0x05, 0x02, 0x02, 
	0x02, 0x02, 0x23, 0x05, 0x02, 0x03, 0x02, 0x23, 
	0x23, 0x05, 0x05, 0x03, 0x23, 0x23, 0x23, 0x01, 
	0x0b, 0x23, 0x02, 0x02, 0x05, 0x02, 0x23, 0x02, 
	0x02, 0x03, 0x02, 0x05, 0x05, 0x02, 0x05, 0x23, 
	0x02, 0x05, 0x05, 0x08, 0x08, 0x23, 0x05, 0x02, 
	0x23, 0x23, 0x23, 0x05, 0x05, 0x05, 0x0a, 0x01, 
	0x07, 0x02, 0x03, 0x05, 0x05, 0x05, 0x04, 0x02, 
	0x02, 0x02, 0x04, 0x08, 0x23, 0x02, 0x02, 0x02, 
	0x03, 0x08, 0x02, 0x23, 0x02, 0x04, 0x03, 0x02, 
	0x05, 0x23, 0x02, 0x02, 0x05, 0x02, 0x05, 0x01, 
	0x0c, 0x0d, 0x0d, 0x0f, 0x0f, 0x0f, 0x00, 0x0f, 
	0x0d, 0x00, 0x0d, 0x0d, 0x00, 0x00, 0x0f, 0x0d, 
	0x0e, 0x00, 0x0d, 0x00, 0x0f, 0x0d, 0x0d, 0x00, 
	0x0d, 0x00, 0x0d, 0x00, 0x00, 0x0d, 0x0f, 0x26, 
	0x18, 0x15, 0x13, 0x13, 0x11, 0x11, 0x10, 0x15, 
	0x11, 0x11, 0x15, 0x10, 0x10, 0x15, 0x11, 0x13, 
	0x19, 0x15, 0x15, 0x27, 0x11, 0x27, 0x15, 0x11, 
	0x10, 0x13, 0x11, 0x15, 0x11, 0x27, 0x11, 0x11, 
	0x11, 0x18, 0x11, 0x10, 0x12, 0x10, 0x11, 0x11, 
	0x12, 0x11, 0x11, 0x11, 0x11, 0x10, 0x15, 0x11, 
	0x0e, 0x10, 0x15, 0x11, 0x11, 0x11, 0x11, 0x11, 
	0x10, 0x10, 0x10, 0x10, 0x11, 0x10, 0x10, 0x12, 
	0x10, 0x10, 0x15, 0x11, 0x15, 0x10, 0x10, 0x10, 
	0x11, 0x10, 0x11, 0x15, 0x12, 0x10, 0x15, 0x15, 
	0x1a, 0x15, 0x11, 0x11, 0x10, 0x11, 0x10, 0x10, 
	0x12, 0x10, 0x12, 0x11, 0x11, 0x10, 0x10, 0x12, 
	0x15, 0x10, 0x10, 0x10, 0x11, 0x12, 0x11, 0x10, 
	0x10, 0x10, 0x11, 0x11, 0x11, 0x10, 0x10, 0x10, 
	0x1a, 0x12, 0x12, 0x12, 0x10, 0x11, 0x11, 0x11, 
	0x10, 0x11, 0x11, 0x12, 0x11, 0x12, 0x15, 0x12, 
	0x11, 0x10, 0x11, 0x10, 0x10, 0x10, 0x10, 0x10, 
	0x10, 0x10, 0x10, 0x12, 0x11, 0x10, 0x11, 0x11, 
	0x1a, 0x10, 0x11, 0x10, 0x10, 0x12, 0x10, 0x10, 
	0x10, 0x12, 0x10, 0x10, 0x10, 0x15, 0x15, 0x15, 
	0x15, 0x10, 0x10, 0x10, 0x12, 0x12, 0x15, 0x10, 
	0x11, 0x11, 0x11, 0x11, 0x10, 0x11, 0x10, 0x16, 
	0x1a, 0x11, 0x11, 0x11, 0x12, 0x11, 0x11, 0x15, 
	0x10, 0x12, 0x11, 0x10, 0x10, 0x11, 0x10, 0x11, 
	0x12, 0x10, 0x10, 0x10, 0x12, 0x12, 0x10, 0x15, 
	0x10, 0x10, 0x11, 0x11, 0x16, 0x10, 0x10, 0x16, 
	0x22, 0x11, 0x11, 0x10, 0x12, 0x15, 0x11, 0x10, 
	0x12, 0x15, 0x11, 0x10, 0x15, 0x12, 0x15, 0x11, 
	0x1a, 0x1a, 0x1a, 0x1a, 0x1a, 0x1a, 0x1a, 0x1a, 
	0x1a, 0x1f, 0x1a, 0x1f, 0x1f, 0x1f, 0x1f, 0x28, 
	0x09, 0x1a, 0x1f, 0x1a, 0x1a, 0x1a, 0x1f, 0x1a, 
	0x1f, 0x1a, 0x1a, 0x1a, 0x1a, 0x1a, 0x1a, 0x1a, 
	
};

Gfx spaceworld_brick2_pal_rgba16_aligner[] = {gsSPEndDisplayList()};
u8 spaceworld_brick2_pal_rgba16[] = {
	0x31, 0x01, 0x59, 0xc3, 0x59, 0xc1, 0x61, 0xc3, 
	0x62, 0x03, 0x62, 0x05, 0x51, 0xc5, 0x28, 0xc1, 
	0x59, 0xc5, 0x29, 0x03, 0x5a, 0x03, 0x28, 0xc3, 
	0x20, 0x81, 0x39, 0x03, 0x39, 0x43, 0x39, 0x01, 
	0x72, 0x89, 0x7a, 0xc9, 0x72, 0xcb, 0x6a, 0x89, 
	0x49, 0x85, 0x72, 0xc9, 0x7a, 0xcb, 0x72, 0x87, 
	0x7b, 0x0b, 0x39, 0x45, 0x41, 0x85, 0x83, 0x0b, 
	0x83, 0x0d, 0x7b, 0x0d, 0x6a, 0x47, 0x41, 0x87, 
	0x39, 0x85, 0x49, 0xc5, 0x41, 0x45, 0x51, 0xc3, 
	0x6a, 0x05, 0x31, 0x03, 0x41, 0x43, 0x6a, 0x49, 
	0x49, 0xc7, 
};

Gfx spaceworld_moon_ci4_aligner[] = {gsSPEndDisplayList()};
u8 spaceworld_moon_ci4[] = {
	0x00, 0x00, 0x00, 0x00, 0x00, 0x00, 0x11, 0x11, 
	0x11, 0x11, 0x00, 0x00, 0x00, 0x00, 0x00, 0x00, 
	0x00, 0x00, 0x00, 0x00, 0x01, 0x11, 0x11, 0x11, 
	0x11, 0x11, 0x11, 0x10, 0x00, 0x00, 0x00, 0x00, 
	0x00, 0x00, 0x00, 0x01, 0x11, 0x11, 0x11, 0x11, 
	0x11, 0x11, 0x11, 0x11, 0x10, 0x00, 0x00, 0x00, 
	0x00, 0x00, 0x00, 0x11, 0x11, 0x11, 0x11, 0x11, 
	0x11, 0x11, 0x11, 0x11, 0x11, 0x00, 0x00, 0x00, 
	0x00, 0x00, 0x01, 0x12, 0x22, 0x22, 0x21, 0x11, 
	0x11, 0x11, 0x11, 0x11, 0x11, 0x10, 0x00, 0x00, 
	0x00, 0x00, 0x22, 0x22, 0x22, 0x22, 0x22, 0x22, 
	0x11, 0x11, 0x11, 0x11, 0x11, 0x11, 0x00, 0x00, 
	0x00, 0x02, 0x22, 0x22, 0x22, 0x22, 0x22, 0x22, 
	0x21, 0x11, 0x11, 0x11, 0x11, 0x11, 0x10, 0x00, 
	0x00, 0x22, 0x22, 0x22, 0x22, 0x22, 0x22, 0x22, 
	0x22, 0x11, 0x11, 0x11, 0x11, 0x11, 0x11, 0x00, 
	0x02, 0x22, 0x22, 0x22, 0x22, 0x22, 0x22, 0x22, 
	0x22, 0x21, 0x11, 0x11, 0x11, 0x11, 0x11, 0x00, 
	0x22, 0x22, 0x22, 0x22, 0x22, 0x22, 0x22, 0x22, 
	0x22, 0x22, 0x11, 0x11, 0x11, 0x11, 0x11, 0x10, 
	0x22, 0x22, 0x22, 0x22, 0x22, 0x22, 0x22, 0x22, 
	0x22, 0x22, 0x21, 0x11, 0x11, 0x11, 0x11, 0x10, 
	0x22, 0x22, 0x22, 0x22, 0x22, 0x22, 0x22, 0x22, 
	0x22, 0x22, 0x21, 0x11, 0x11, 0x11, 0x11, 0x10, 
	0x22, 0x22, 0x22, 0x22, 0x22, 0x22, 0x22, 0x22, 
	0x22, 0x22, 0x21, 0x11, 0x11, 0x11, 0x11, 0x11, 
	0x22, 0x22, 0x22, 0x22, 0x22, 0x22, 0x22, 0x22, 
	0x22, 0x22, 0x22, 0x11, 0x11, 0x11, 0x11, 0x11, 
	0x22, 0x22, 0x22, 0x22, 0x22, 0x22, 0x22, 0x22, 
	0x22, 0x22, 0x22, 0x11, 0x11, 0x11, 0x11, 0x11, 
	0x22, 0x22, 0x22, 0x22, 0x22, 0x22, 0x22, 0x22, 
	0x22, 0x22, 0x22, 0x11, 0x11, 0x11, 0x11, 0x11, 
	0x22, 0x22, 0x22, 0x22, 0x22, 0x22, 0x22, 0x22, 
	0x22, 0x22, 0x22, 0x11, 0x11, 0x11, 0x11, 0x11, 
	0x22, 0x22, 0x22, 0x22, 0x22, 0x22, 0x22, 0x22, 
	0x22, 0x22, 0x22, 0x11, 0x11, 0x11, 0x11, 0x11, 
	0x22, 0x22, 0x22, 0x22, 0x22, 0x22, 0x22, 0x22, 
	0x22, 0x22, 0x22, 0x11, 0x11, 0x11, 0x11, 0x11, 
	0x22, 0x22, 0x22, 0x22, 0x22, 0x22, 0x22, 0x22, 
	0x22, 0x22, 0x21, 0x11, 0x11, 0x11, 0x11, 0x11, 
	0x22, 0x22, 0x22, 0x22, 0x22, 0x22, 0x22, 0x22, 
	0x22, 0x22, 0x21, 0x11, 0x11, 0x11, 0x11, 0x10, 
	0x22, 0x22, 0x22, 0x22, 0x22, 0x22, 0x22, 0x22, 
	0x22, 0x22, 0x21, 0x11, 0x11, 0x11, 0x11, 0x10, 
	0x22, 0x22, 0x22, 0x22, 0x22, 0x22, 0x22, 0x22, 
	0x22, 0x22, 0x11, 0x11, 0x11, 0x11, 0x11, 0x10, 
	0x02, 0x22, 0x22, 0x22, 0x22, 0x22, 0x22, 0x22, 
	0x22, 0x21, 0x11, 0x11, 0x11, 0x11, 0x11, 0x00, 
	0x00, 0x22, 0x22, 0x22, 0x22, 0x22, 0x22, 0x22, 
	0x22, 0x11, 0x11, 0x11, 0x11, 0x11, 0x11, 0x00, 
	0x00, 0x02, 0x22, 0x22, 0x22, 0x22, 0x22, 0x22, 
	0x21, 0x11, 0x11, 0x11, 0x11, 0x11, 0x10, 0x00, 
	0x00, 0x00, 0x22, 0x22, 0x22, 0x22, 0x22, 0x22, 
	0x11, 0x11, 0x11, 0x11, 0x11, 0x11, 0x00, 0x00, 
	0x00, 0x00, 0x01, 0x12, 0x22, 0x22, 0x21, 0x11, 
	0x11, 0x11, 0x11, 0x11, 0x11, 0x10, 0x00, 0x00, 
	0x00, 0x00, 0x00, 0x11, 0x11, 0x11, 0x11, 0x11, 
	0x11, 0x11, 0x11, 0x11, 0x11, 0x00, 0x00, 0x00, 
	0x00, 0x00, 0x00, 0x01, 0x11, 0x11, 0x11, 0x11, 
	0x11, 0x11, 0x11, 0x11, 0x10, 0x00, 0x00, 0x00, 
	0x00, 0x00, 0x00, 0x00, 0x01, 0x11, 0x11, 0x11, 
	0x11, 0x11, 0x11, 0x10, 0x00, 0x00, 0x00, 0x00, 
	0x00, 0x00, 0x00, 0x00, 0x00, 0x00, 0x11, 0x11, 
	0x11, 0x11, 0x00, 0x00, 0x00, 0x00, 0x00, 0x00, 
	
};

Gfx spaceworld_moon_pal_rgba16_aligner[] = {gsSPEndDisplayList()};
u8 spaceworld_moon_pal_rgba16[] = {
	0x00, 0x00, 0xff, 0xc1, 0xff, 0xc0, 
};

Gfx spaceworld_star_ci4_aligner[] = {gsSPEndDisplayList()};
u8 spaceworld_star_ci4[] = {
	0x00, 0x00, 0x00, 0x00, 0x00, 0x00, 0x00, 0x01, 
	0x00, 0x00, 0x00, 0x00, 0x00, 0x00, 0x00, 0x00, 
	0x00, 0x00, 0x00, 0x00, 0x00, 0x00, 0x00, 0x01, 
	0x00, 0x00, 0x00, 0x00, 0x00, 0x00, 0x00, 0x00, 
	0x00, 0x00, 0x00, 0x00, 0x00, 0x00, 0x00, 0x01, 
	0x00, 0x00, 0x00, 0x00, 0x00, 0x00, 0x00, 0x00, 
	0x00, 0x00, 0x00, 0x00, 0x00, 0x00, 0x00, 0x11, 
	0x10, 0x00, 0x00, 0x00, 0x00, 0x00, 0x00, 0x00, 
	0x00, 0x00, 0x00, 0x00, 0x00, 0x00, 0x00, 0x11, 
	0x10, 0x00, 0x00, 0x00, 0x00, 0x00, 0x00, 0x00, 
	0x00, 0x00, 0x00, 0x00, 0x00, 0x00, 0x00, 0x11, 
	0x10, 0x00, 0x00, 0x00, 0x00, 0x00, 0x00, 0x00, 
	0x00, 0x00, 0x00, 0x00, 0x00, 0x00, 0x01, 0x11, 
	0x11, 0x00, 0x00, 0x00, 0x00, 0x00, 0x00, 0x00, 
	0x00, 0x00, 0x00, 0x00, 0x00, 0x00, 0x01, 0x11, 
	0x11, 0x00, 0x00, 0x00, 0x00, 0x00, 0x00, 0x00, 
	0x00, 0x00, 0x00, 0x00, 0x00, 0x00, 0x01, 0x11, 
	0x11, 0x00, 0x00, 0x00, 0x00, 0x00, 0x00, 0x00, 
	0x00, 0x00, 0x00, 0x00, 0x00, 0x00, 0x11, 0x11, 
	0x11, 0x10, 0x00, 0x00, 0x00, 0x00, 0x00, 0x00, 
	0x00, 0x00, 0x00, 0x00, 0x00, 0x00, 0x11, 0x11, 
	0x11, 0x10, 0x00, 0x00, 0x00, 0x00, 0x00, 0x00, 
	0x11, 0x11, 0x11, 0x11, 0x11, 0x11, 0x11, 0x11, 
	0x11, 0x11, 0x11, 0x11, 0x11, 0x11, 0x11, 0x10, 
	0x01, 0x11, 0x11, 0x11, 0x11, 0x11, 0x11, 0x11, 
	0x11, 0x11, 0x11, 0x11, 0x11, 0x11, 0x11, 0x00, 
	0x00, 0x11, 0x11, 0x11, 0x11, 0x11, 0x11, 0x11, 
	0x11, 0x11, 0x11, 0x11, 0x11, 0x11, 0x10, 0x00, 
	0x00, 0x00, 0x11, 0x11, 0x11, 0x11, 0x11, 0x11, 
	0x11, 0x11, 0x11, 0x11, 0x11, 0x10, 0x00, 0x00, 
	0x00, 0x00, 0x01, 0x11, 0x11, 0x11, 0x11, 0x11, 
	0x11, 0x11, 0x11, 0x11, 0x11, 0x00, 0x00, 0x00, 
	0x00, 0x00, 0x00, 0x11, 0x11, 0x11, 0x11, 0x11, 
	0x11, 0x11, 0x11, 0x11, 0x10, 0x00, 0x00, 0x00, 
	0x00, 0x00, 0x00, 0x00, 0x11, 0x11, 0x11, 0x11, 
	0x11, 0x11, 0x11, 0x10, 0x00, 0x00, 0x00, 0x00, 
	0x00, 0x00, 0x00, 0x00, 0x01, 0x11, 0x11, 0x11, 
	0x11, 0x11, 0x11, 0x00, 0x00, 0x00, 0x00, 0x00, 
	0x00, 0x00, 0x00, 0x00, 0x01, 0x11, 0x11, 0x11, 
	0x11, 0x11, 0x11, 0x00, 0x00, 0x00, 0x00, 0x00, 
	0x00, 0x00, 0x00, 0x00, 0x01, 0x11, 0x11, 0x11, 
	0x11, 0x11, 0x11, 0x00, 0x00, 0x00, 0x00, 0x00, 
	0x00, 0x00, 0x00, 0x00, 0x11, 0x11, 0x11, 0x11, 
	0x11, 0x11, 0x11, 0x10, 0x00, 0x00, 0x00, 0x00, 
	0x00, 0x00, 0x00, 0x00, 0x11, 0x11, 0x11, 0x11, 
	0x11, 0x11, 0x11, 0x10, 0x00, 0x00, 0x00, 0x00, 
	0x00, 0x00, 0x00, 0x00, 0x11, 0x11, 0x11, 0x11, 
	0x11, 0x11, 0x11, 0x10, 0x00, 0x00, 0x00, 0x00, 
	0x00, 0x00, 0x00, 0x01, 0x11, 0x11, 0x11, 0x00, 
	0x01, 0x11, 0x11, 0x11, 0x00, 0x00, 0x00, 0x00, 
	0x00, 0x00, 0x00, 0x01, 0x11, 0x11, 0x10, 0x00, 
	0x00, 0x11, 0x11, 0x11, 0x00, 0x00, 0x00, 0x00, 
	0x00, 0x00, 0x00, 0x01, 0x11, 0x10, 0x00, 0x00, 
	0x00, 0x00, 0x11, 0x11, 0x00, 0x00, 0x00, 0x00, 
	0x00, 0x00, 0x00, 0x11, 0x11, 0x00, 0x00, 0x00, 
	0x00, 0x00, 0x01, 0x11, 0x10, 0x00, 0x00, 0x00, 
	0x00, 0x00, 0x00, 0x11, 0x10, 0x00, 0x00, 0x00, 
	0x00, 0x00, 0x00, 0x11, 0x10, 0x00, 0x00, 0x00, 
	0x00, 0x00, 0x00, 0x10, 0x00, 0x00, 0x00, 0x00, 
	0x00, 0x00, 0x00, 0x00, 0x10, 0x00, 0x00, 0x00, 
	0x00, 0x00, 0x00, 0x00, 0x00, 0x00, 0x00, 0x00, 
	0x00, 0x00, 0x00, 0x00, 0x00, 0x00, 0x00, 0x00, 
	0x00, 0x00, 0x00, 0x00, 0x00, 0x00, 0x00, 0x00, 
	0x00, 0x00, 0x00, 0x00, 0x00, 0x00, 0x00, 0x00, 
	
};

Gfx spaceworld_star_pal_rgba16_aligner[] = {gsSPEndDisplayList()};
u8 spaceworld_star_pal_rgba16[] = {
	0x00, 0x00, 0xff, 0xc1, 
};

Gfx spaceworld_conk_i8_aligner[] = {gsSPEndDisplayList()};
u8 spaceworld_conk_i8[] = {
	0xd0, 0xe0, 0xf0, 0xf0, 0xf0, 0xf0, 0xf0, 0xf0, 
	0xf0, 0xf0, 0xf0, 0xf0, 0xf0, 0xf0, 0xe0, 0xe0, 
	0xe0, 0xc0, 0xa0, 0xc0, 0xc0, 0xc0, 0xd0, 0xe0, 
	0xd0, 0xd0, 0xe0, 0xf0, 0xe0, 0xd0, 0xd0, 0xe0, 
	0xf0, 0xe0, 0xd0, 0xe0, 0xe0, 0xd0, 0xd0, 0xd0, 
	0xe0, 0xd0, 0xe0, 0xe0, 0xd0, 0xe0, 0xf0, 0xf0, 
	0xf0, 0xf0, 0xf0, 0xf0, 0xf0, 0xf0, 0xf0, 0xf0, 
	0xe0, 0xd0, 0xe0, 0xf0, 0xe0, 0xc0, 0xd0, 0xe0, 
	0xd0, 0xf0, 0xf0, 0xf0, 0xf0, 0xe0, 0xe0, 0xf0, 
	0xf0, 0xf0, 0xf0, 0xf0, 0xf0, 0xf0, 0xf0, 0xe0, 
	0xe0, 0xd0, 0xb0, 0xb0, 0xb0, 0xb0, 0xc0, 0xd0, 
	0xc0, 0xd0, 0xe0, 0xf0, 0xf0, 0xe0, 0xe0, 0xd0, 
	0xe0, 0xd0, 0xd0, 0xf0, 0xe0, 0xd0, 0xd0, 0xc0, 
	0xd0, 0xd0, 0xe0, 0xe0, 0xe0, 0xe0, 0xe0, 0xf0, 
	0xf0, 0xf0, 0xf0, 0xf0, 0xf0, 0xf0, 0xf0, 0xf0, 
	0xf0, 0xe0, 0xf0, 0xf0, 0xe0, 0xd0, 0xc0, 0xd0, 
	0xd0, 0xf0, 0xf0, 0xf0, 0xf0, 0xf0, 0xf0, 0xf0, 
	0xf0, 0xe0, 0xe0, 0xf0, 0xf0, 0xf0, 0xf0, 0xe0, 
	0xe0, 0xe0, 0xe0, 0xc0, 0xb0, 0xb0, 0xb0, 0xb0, 
	0xb0, 0xb0, 0xc0, 0xd0, 0xe0, 0xe0, 0xe0, 0xd0, 
	0xc0, 0xd0, 0xe0, 0xe0, 0xd0, 0xe0, 0xd0, 0xd0, 
	0xd0, 0xe0, 0xe0, 0xe0, 0xe0, 0xe0, 0xf0, 0xf0, 
	0xf0, 0xe0, 0xf0, 0xf0, 0xe0, 0xf0, 0xf0, 0xf0, 
	0xf0, 0xf0, 0xf0, 0xf0, 0xf0, 0xf0, 0xf0, 0xe0, 
	0xe0, 0xe0, 0xe0, 0xf0, 0xf0, 0xf0, 0xf0, 0xf0, 
	0xf0, 0xe0, 0xe0, 0xf0, 0xf0, 0xf0, 0xe0, 0xd0, 
	0xc0, 0xe0, 0xf0, 0xe0, 0xc0, 0xb0, 0xa0, 0xa0, 
	0xa0, 0xa0, 0xb0, 0xc0, 0xd0, 0xd0, 0xd0, 0xc0, 
	0xb0, 0xd0, 0xe0, 0xe0, 0xe0, 0xd0, 0xd0, 0xe0, 
	0xf0, 0xf0, 0xe0, 0xe0, 0xe0, 0xf0, 0xf0, 0xf0, 
	0xe0, 0xe0, 0xe0, 0xc0, 0xc0, 0xe0, 0xe0, 0xf0, 
	0xf0, 0xf0, 0xf0, 0xf0, 0xf0, 0xf0, 0xf0, 0xe0, 
	0xd0, 0xd0, 0xd0, 0xe0, 0xf0, 0xf0, 0xf0, 0xf0, 
	0xf0, 0xe0, 0xe0, 0xf0, 0xf0, 0xe0, 0xc0, 0xb0, 
	0xa0, 0xb0, 0xe0, 0xe0, 0xd0, 0xb0, 0x90, 0x90, 
	0xb0, 0xc0, 0xc0, 0xc0, 0xc0, 0xc0, 0xc0, 0xb0, 
	0xb0, 0xd0, 0xd0, 0xd0, 0xe0, 0xd0, 0xd0, 0xf0, 
	0xf0, 0xf0, 0xf0, 0xe0, 0xf0, 0xe0, 0xe0, 0xf0, 
	0xf0, 0xf0, 0xd0, 0xc0, 0xe0, 0xe0, 0xe0, 0xe0, 
	0xe0, 0xd0, 0xe0, 0xe0, 0xf0, 0xf0, 0xd0, 0xc0, 
	0xd0, 0xd0, 0xd0, 0xe0, 0xf0, 0xf0, 0xf0, 0xf0, 
	0xf0, 0xf0, 0xe0, 0xe0, 0xe0, 0xc0, 0xb0, 0xa0, 
	0x90, 0xa0, 0xc0, 0xc0, 0xa0, 0xa0, 0xa0, 0xa0, 
	0xc0, 0xe0, 0xd0, 0xb0, 0xa0, 0xb0, 0xb0, 0xb0, 
	0xe0, 0xe0, 0xd0, 0xd0, 0xd0, 0xd0, 0xf0, 0xf0, 
	0xf0, 0xf0, 0xf0, 0xf0, 0xf0, 0xf0, 0xe0, 0xe0, 
	0xf0, 0xf0, 0xd0, 0xd0, 0xf0, 0xf0, 0xe0, 0xf0, 
	0xd0, 0xd0, 0xd0, 0xd0, 0xd0, 0xd0, 0xb0, 0xb0, 
	0xd0, 0xc0, 0xd0, 0xe0, 0xe0, 0xf0, 0xf0, 0xf0, 
	0xf0, 0xe0, 0xd0, 0xd0, 0xd0, 0xc0, 0xb0, 0xb0, 
	0xa0, 0xb0, 0xc0, 0xb0, 0x90, 0xa0, 0xb0, 0xb0, 
	0xc0, 0xf0, 0xd0, 0xb0, 0xa0, 0xb0, 0xb0, 0xd0, 
	0xf0, 0xe0, 0xd0, 0xd0, 0xd0, 0xf0, 0xf0, 0xf0, 
	0xf0, 0xf0, 0xf0, 0xf0, 0xf0, 0xf0, 0xf0, 0xe0, 
	0xe0, 0xe0, 0xd0, 0xe0, 0xf0, 0xe0, 0xe0, 0xd0, 
	0xc0, 0xd0, 0xc0, 0xc0, 0xd0, 0xc0, 0xc0, 0xc0, 
	0xc0, 0xc0, 0xe0, 0xf0, 0xf0, 0xf0, 0xf0, 0xe0, 
	0xe0, 0xd0, 0xd0, 0xd0, 0xd0, 0xc0, 0xc0, 0xd0, 
	0xd0, 0xd0, 0xd0, 0xb0, 0xa0, 0xb0, 0xc0, 0xd0, 
	0xc0, 0xd0, 0xc0, 0xa0, 0xa0, 0xb0, 0xc0, 0xe0, 
	0xe0, 0xd0, 0xe0, 0xe0, 0xe0, 0xf0, 0xf0, 0xf0, 
	0xf0, 0xf0, 0xf0, 0xf0, 0xf0, 0xf0, 0xf0, 0xe0, 
	0xe0, 0xe0, 0xe0, 0xe0, 0xd0, 0xd0, 0xe0, 0xc0, 
	0xb0, 0xb0, 0xb0, 0xb0, 0xc0, 0xd0, 0xd0, 0xd0, 
	0xb0, 0xb0, 0xd0, 0xf0, 0xf0, 0xf0, 0xe0, 0xd0, 
	0xe0, 0xe0, 0xe0, 0xd0, 0xc0, 0xc0, 0xc0, 0xd0, 
	0xe0, 0xd0, 0xd0, 0xc0, 0xc0, 0xd0, 0xd0, 0xd0, 
	0xc0, 0xb0, 0xb0, 0xb0, 0xb0, 0xa0, 0xc0, 0xe0, 
	0xc0, 0xc0, 0xe0, 0xe0, 0xe0, 0xf0, 0xf0, 0xf0, 
	0xf0, 0xe0, 0xf0, 0xf0, 0xf0, 0xf0, 0xf0, 0xf0, 
	0xe0, 0xf0, 0xf0, 0xe0, 0xd0, 0xc0, 0xd0, 0xd0, 
	0xb0, 0xd0, 0xd0, 0xc0, 0xc0, 0xd0, 0xd0, 0xd0, 
	0xb0, 0xb0, 0xc0, 0xe0, 0xf0, 0xe0, 0xd0, 0xd0, 
	0xe0, 0xf0, 0xe0, 0xc0, 0xb0, 0xb0, 0xb0, 0xc0, 
	0xc0, 0xc0, 0xb0, 0xb0, 0xd0, 0xe0, 0xe0, 0xe0, 
	0xd0, 0xc0, 0xc0, 0xc0, 0xc0, 0xb0, 0xb0, 0xc0, 
	0xb0, 0xc0, 0xd0, 0xd0, 0xe0, 0xe0, 0xf0, 0xf0, 
	0xe0, 0xe0, 0xf0, 0xf0, 0xf0, 0xf0, 0xf0, 0xf0, 
	0xf0, 0xf0, 0xe0, 0xd0, 0xc0, 0xd0, 0xd0, 0xc0, 
	0xd0, 0xe0, 0xe0, 0xd0, 0xb0, 0xc0, 0xd0, 0xd0, 
	0xc0, 0xc0, 0xd0, 0xd0, 0xc0, 0xd0, 0xd0, 0xd0, 
	0xe0, 0xf0, 0xe0, 0xb0, 0xa0, 0xa0, 0xa0, 0xb0, 
	0xc0, 0xb0, 0xa0, 0xc0, 0xf0, 0xf0, 0xe0, 0xd0, 
	0xd0, 0xc0, 0xc0, 0xc0, 0xa0, 0xa0, 0xa0, 0xb0, 
	0xc0, 0xd0, 0xd0, 0xd0, 0xe0, 0xd0, 0xf0, 0xf0, 
	0xf0, 0xf0, 0xf0, 0xf0, 0xf0, 0xf0, 0xf0, 0xf0, 
	0xf0, 0xe0, 0xd0, 0xc0, 0xc0, 0xc0, 0xb0, 0xb0, 
	0xe0, 0xe0, 0xf0, 0xe0, 0xc0, 0xd0, 0xd0, 0xd0, 
	0xe0, 0xe0, 0xe0, 0xd0, 0xd0, 0xd0, 0xd0, 0xc0, 
	0xc0, 0xc0, 0xd0, 0xc0, 0xb0, 0xa0, 0xa0, 0xb0, 
	0xc0, 0xb0, 0xa0, 0xd0, 0xe0, 0xd0, 0xc0, 0xb0, 
	0xb0, 0xc0, 0xd0, 0xc0, 0xa0, 0xb0, 0x90, 0xa0, 
	0xd0, 0xe0, 0xd0, 0xe0, 0xe0, 0xd0, 0xf0, 0xf0, 
	0xf0, 0xf0, 0xf0, 0xf0, 0xf0, 0xf0, 0xf0, 0xf0, 
	0xf0, 0xd0, 0xc0, 0xb0, 0xd0, 0xc0, 0xa0, 0xa0, 
	0xd0, 0xd0, 0xc0, 0xe0, 0xe0, 0xd0, 0xc0, 0xd0, 
	0xd0, 0xe0, 0xd0, 0xd0, 0xe0, 0xe0, 0xf0, 0xe0, 
	0xb0, 0xb0, 0xd0, 0xd0, 0xc0, 0xb0, 0xb0, 0xc0, 
	0xc0, 0xa0, 0xa0, 0xc0, 0xd0, 0xc0, 0xc0, 0xb0, 
	0xb0, 0xc0, 0xd0, 0xd0, 0xc0, 0xc0, 0xa0, 0xb0, 
	0xd0, 0xd0, 0xe0, 0xf0, 0xf0, 0xf0, 0xe0, 0xf0, 
	0xf0, 0xf0, 0xf0, 0xf0, 0xf0, 0xf0, 0xf0, 0xf0, 
	0xf0, 0xd0, 0xc0, 0xd0, 0xe0, 0xd0, 0xb0, 0xc0, 
	0xd0, 0xc0, 0xb0, 0xc0, 0xe0, 0xc0, 0xb0, 0xc0, 
	0xc0, 0xd0, 0xd0, 0xd0, 0xe0, 0xe0, 0xf0, 0xe0, 
	0xc0, 0xb0, 0xc0, 0xe0, 0xe0, 0xd0, 0xc0, 0xc0, 
	0xb0, 0xa0, 0xb0, 0xb0, 0xb0, 0xb0, 0xc0, 0xc0, 
	0xb0, 0xb0, 0xd0, 0xf0, 0xf0, 0xe0, 0xd0, 0xd0, 
	0xd0, 0xd0, 0xf0, 0xf0, 0xf0, 0xf0, 0xe0, 0xe0, 
	0xf0, 0xf0, 0xe0, 0xf0, 0xf0, 0xf0, 0xf0, 0xf0, 
	0xf0, 0xf0, 0xf0, 0xf0, 0xf0, 0xd0, 0xe0, 0xe0, 
	0xd0, 0xd0, 0xc0, 0xc0, 0xc0, 0xa0, 0x90, 0xb0, 
	0xa0, 0xc0, 0xe0, 0xe0, 0xe0, 0xe0, 0xe0, 0xe0, 
	0xe0, 0xd0, 0xc0, 0xd0, 0xd0, 0xd0, 0xe0, 0xd0, 
	0xc0, 0xc0, 0xd0, 0xc0, 0xb0, 0xb0, 0xd0, 0xf0, 
	0xe0, 0xd0, 0xc0, 0xd0, 0xc0, 0xd0, 0xd0, 0xc0, 
	0xd0, 0xe0, 0xe0, 0xf0, 0xf0, 0xf0, 0xf0, 0xf0, 
	0xf0, 0xf0, 0xe0, 0xf0, 0xf0, 0xf0, 0xf0, 0xf0, 
	0xf0, 0xf0, 0xf0, 0xf0, 0xf0, 0xd0, 0xe0, 0xe0, 
	0xc0, 0xc0, 0xc0, 0xc0, 0xa0, 0x90, 0x90, 0xb0, 
	0xb0, 0xc0, 0xd0, 0xe0, 0xd0, 0xd0, 0xd0, 0xd0, 
	0xe0, 0xe0, 0xd0, 0xc0, 0xc0, 0xd0, 0xe0, 0xe0, 
	0xd0, 0xd0, 0xf0, 0xf0, 0xe0, 0xe0, 0xe0, 0xf0, 
	0xf0, 0xe0, 0xd0, 0xd0, 0xd0, 0xe0, 0xe0, 0xd0, 
	0xe0, 0xe0, 0xe0, 0xe0, 0xe0, 0xe0, 0xf0, 0xe0, 
	0xf0, 0xf0, 0xf0, 0xf0, 0xf0, 0xf0, 0xf0, 0xf0, 
	0xf0, 0xf0, 0xf0, 0xf0, 0xf0, 0xe0, 0xe0, 0xe0, 
	0xc0, 0xb0, 0xc0, 0xb0, 0xa0, 0xb0, 0xb0, 0xd0, 
	0xc0, 0xc0, 0xd0, 0xd0, 0xb0, 0xc0, 0xc0, 0xb0, 
	0xc0, 0xd0, 0xc0, 0xa0, 0xb0, 0xb0, 0xd0, 0xe0, 
	0xe0, 0xf0, 0xf0, 0xf0, 0xf0, 0xf0, 0xd0, 0xe0, 
	0xf0, 0xf0, 0xd0, 0xd0, 0xd0, 0xe0, 0xe0, 0xe0, 
	0xf0, 0xe0, 0xd0, 0xd0, 0xd0, 0xe0, 0xf0, 0xf0, 
	0xe0, 0xe0, 0xf0, 0xe0, 0xf0, 0xf0, 0xf0, 0xf0, 
	0xf0, 0xe0, 0xe0, 0xf0, 0xf0, 0xf0, 0xf0, 0xe0, 
	0xd0, 0xc0, 0xc0, 0xa0, 0xb0, 0xc0, 0xd0, 0xd0, 
	0xd0, 0xc0, 0xb0, 0xa0, 0xa0, 0xc0, 0xc0, 0xb0, 
	0xb0, 0xb0, 0xa0, 0x90, 0xa0, 0xb0, 0xc0, 0xc0, 
	0xd0, 0xf0, 0xf0, 0xe0, 0xf0, 0xf0, 0xd0, 0xd0, 
	0xf0, 0xf0, 0xd0, 0xe0, 0xe0, 0xe0, 0xe0, 0xe0, 
	0xf0, 0xe0, 0xd0, 0xc0, 0xc0, 0xe0, 0xe0, 0xe0, 
	0xe0, 0xf0, 0xe0, 0xe0, 0xe0, 0xf0, 0xf0, 0xf0, 
	0xe0, 0xe0, 0xf0, 0xf0, 0xf0, 0xf0, 0xf0, 0xe0, 
	0xd0, 0xc0, 0xb0, 0xb0, 0xb0, 0xc0, 0xd0, 0xc0, 
	0xd0, 0xe0, 0xc0, 0xb0, 0xc0, 0xc0, 0xc0, 0xc0, 
	0xc0, 0xc0, 0xc0, 0xb0, 0xc0, 0xc0, 0xc0, 0xc0, 
	0xe0, 0xf0, 0xf0, 0xf0, 0xf0, 0xf0, 0xe0, 0xe0, 
	0xf0, 0xf0, 0xe0, 0xe0, 0xe0, 0xd0, 0xe0, 0xe0, 
	0xe0, 0xd0, 0xd0, 0xc0, 0xb0, 0xc0, 0xd0, 0xd0, 
	0xe0, 0xf0, 0xf0, 0xf0, 0xf0, 0xf0, 0xf0, 0xe0, 
	0xd0, 0xe0, 0xf0, 0xe0, 0xe0, 0xe0, 0xd0, 0xc0, 
	0xc0, 0xb0, 0xa0, 0xa0, 0xb0, 0xc0, 0xd0, 0xc0, 
	0xc0, 0xd0, 0xd0, 0xd0, 0xe0, 0xc0, 0xc0, 0xd0, 
	0xe0, 0xe0, 0xe0, 0xe0, 0xc0, 0xd0, 0xd0, 0xe0, 
	0xf0, 0xf0, 0xf0, 0xf0, 0xe0, 0xf0, 0xf0, 0xf0, 
	0xf0, 0xf0, 0xf0, 0xf0, 0xf0, 0xe0, 0xd0, 0xd0, 
	0xd0, 0xc0, 0xc0, 0xb0, 0xb0, 0xc0, 0xb0, 0xc0, 
	0xe0, 0xe0, 0xf0, 0xf0, 0xf0, 0xf0, 0xf0, 0xe0, 
	0xe0, 0xe0, 0xe0, 0xd0, 0xe0, 0xd0, 0xc0, 0xb0, 
	0xb0, 0xa0, 0x90, 0xa0, 0xa0, 0xb0, 0xc0, 0xc0, 
	0xb0, 0xb0, 0xd0, 0xe0, 0xd0, 0xc0, 0xd0, 0xd0, 
	0xe0, 0xe0, 0xf0, 0xf0, 0xd0, 0xd0, 0xd0, 0xf0, 
	0xf0, 0xf0, 0xf0, 0xf0, 0xe0, 0xf0, 0xf0, 0xf0, 
	0xf0, 0xf0, 0xf0, 0xf0, 0xf0, 0xf0, 0xe0, 0xe0, 
	0xd0, 0xc0, 0xb0, 0xb0, 0xd0, 0xc0, 0xc0, 0xd0, 
	0xd0, 0xe0, 0xf0, 0xe0, 0xf0, 0xf0, 0xf0, 0xf0, 
	0xf0, 0xd0, 0xe0, 0xf0, 0xf0, 0xe0, 0xd0, 0xc0, 
	0xb0, 0xc0, 0xb0, 0xa0, 0xb0, 0xc0, 0xc0, 0xc0, 
	0xb0, 0xa0, 0xd0, 0xe0, 0xd0, 0xc0, 0xd0, 0xe0, 
	0xe0, 0xe0, 0xe0, 0xf0, 0xe0, 0xd0, 0xe0, 0xf0, 
	0xe0, 0xe0, 0xf0, 0xf0, 0xe0, 0xe0, 0xe0, 0xf0, 
	0xe0, 0xe0, 0xf0, 0xe0, 0xe0, 0xe0, 0xf0, 0xe0, 
	0xd0, 0xc0, 0xd0, 0xd0, 0xd0, 0xd0, 0xd0, 0xd0, 
	0xe0, 0xe0, 0xe0, 0xd0, 0xd0, 0xf0, 0xf0, 0xf0, 
	0xe0, 0xd0, 0xe0, 0xf0, 0xf0, 0xf0, 0xf0, 0xf0, 
	0xf0, 0xf0, 0xe0, 0xc0, 0xc0, 0xd0, 0xe0, 0xe0, 
	0xc0, 0xb0, 0xb0, 0xd0, 0xc0, 0xc0, 0xc0, 0xd0, 
	0xe0, 0xd0, 0xd0, 0xe0, 0xe0, 0xe0, 0xe0, 0xe0, 
	0xe0, 0xf0, 0xe0, 0xd0, 0xe0, 0xf0, 0xe0, 0xe0, 
	0xe0, 0xf0, 0xf0, 0xf0, 0xe0, 0xe0, 0xf0, 0xf0, 
	0xf0, 0xe0, 0xe0, 0xf0, 0xe0, 0xd0, 0xd0, 0xd0, 
	0xe0, 0xe0, 0xe0, 0xe0, 0xe0, 0xe0, 0xe0, 0xe0, 
	0xf0, 0xf0, 0xf0, 0xe0, 0xf0, 0xf0, 0xf0, 0xf0, 
	0xf0, 0xf0, 0xf0, 0xd0, 0xd0, 0xe0, 0xe0, 0xd0, 
	0xf0, 0xf0, 0xd0, 0xc0, 0xc0, 0xd0, 0xd0, 0xe0, 
	0xe0, 0xc0, 0xd0, 0xe0, 0xe0, 0xe0, 0xe0, 0xd0, 
	0xe0, 0xf0, 0xe0, 0xd0, 0xf0, 0xf0, 0xd0, 0xd0, 
	0xe0, 0xe0, 0xf0, 0xf0, 0xf0, 0xf0, 0xf0, 0xf0, 
	0xf0, 0xf0, 0xf0, 0xf0, 0xe0, 0xe0, 0xe0, 0xe0, 
	0xe0, 0xe0, 0xe0, 0xf0, 0xf0, 0xe0, 0xd0, 0xd0, 
	0xe0, 0xe0, 0xe0, 0xe0, 0xe0, 0xf0, 0xe0, 0xe0, 
	0xf0, 0xf0, 0xf0, 0xe0, 0xe0, 0xe0, 0xd0, 0xd0, 
	0xe0, 0xe0, 0xd0, 0xc0, 0xc0, 0xc0, 0xc0, 0xd0, 
	0xd0, 0xe0, 0xe0, 0xe0, 0xd0, 0xe0, 0xe0, 0xd0, 
	0xc0, 0xd0, 0xd0, 0xe0, 0xf0, 0xe0, 0xd0, 0xd0, 
	0xe0, 0xf0, 0xf0, 0xf0, 0xf0, 0xf0, 0xf0, 0xf0, 
	0xf0, 0xf0, 0xf0, 0xf0, 0xf0, 0xf0, 0xf0, 0xe0, 
	0xd0, 0xe0, 0xf0, 0xf0, 0xf0, 0xf0, 0xd0, 0xd0, 
	0xd0, 0xd0, 0xd0, 0xd0, 0xd0, 0xd0, 0xd0, 0xe0, 
	0xe0, 0xe0, 0xe0, 0xf0, 0xf0, 0xe0, 0xc0, 0xd0, 
	0xd0, 0xd0, 0xd0, 0xc0, 0xd0, 0xc0, 0xc0, 0xd0, 
	0xe0, 0xf0, 0xf0, 0xe0, 0xe0, 0xe0, 0xd0, 0xd0, 
	0xb0, 0xb0, 0xd0, 0xf0, 0xe0, 0xe0, 0xd0, 0xd0, 
	0xe0, 0xe0, 0xe0, 0xe0, 0xf0, 0xf0, 0xf0, 0xf0, 
	0xf0, 0xe0, 0xf0, 0xf0, 0xf0, 0xf0, 0xf0, 0xe0, 
	0xe0, 0xe0, 0xe0, 0xe0, 0xe0, 0xe0, 0xd0, 0xd0, 
	0xd0, 0xd0, 0xd0, 0xd0, 0xd0, 0xd0, 0xd0, 0xd0, 
	0xe0, 0xe0, 0xf0, 0xf0, 0xf0, 0xf0, 0xd0, 0xd0, 
	0xd0, 0xd0, 0xd0, 0xd0, 0xd0, 0xd0, 0xd0, 0xd0, 
	0xd0, 0xf0, 0xe0, 0xd0, 0xf0, 0xf0, 0xf0, 0xe0, 
	0xb0, 0xa0, 0xd0, 0xf0, 0xd0, 0xc0, 0xc0, 0xd0, 
	0xd0, 0xe0, 0xe0, 0xe0, 0xe0, 0xf0, 0xf0, 0xf0, 
	0xe0, 0xe0, 0xe0, 0xf0, 0xf0, 0xf0, 0xf0, 0xe0, 
	0xe0, 0xe0, 0xd0, 0xb0, 0xc0, 0xd0, 0xd0, 0xc0, 
	0xc0, 0xd0, 0xd0, 0xd0, 0xe0, 0xd0, 0xd0, 0xd0, 
	0xe0, 0xf0, 0xf0, 0xf0, 0xf0, 0xf0, 0xe0, 0xd0, 
	0xd0, 0xd0, 0xd0, 0xe0, 0xe0, 0xe0, 0xd0, 0xc0, 
	0xd0, 0xe0, 0xe0, 0xd0, 0xf0, 0xf0, 0xe0, 0xd0, 
	0xc0, 0xb0, 0xb0, 0xd0, 0xc0, 0xa0, 0xb0, 0xc0, 
	0xd0, 0xc0, 0xd0, 0xd0, 0xf0, 0xf0, 0xf0, 0xf0, 
	0xf0, 0xe0, 0xf0, 0xe0, 0xe0, 0xe0, 0xe0, 0xe0, 
	0xe0, 0xe0, 0xe0, 0xc0, 0xd0, 0xd0, 0xc0, 0xc0, 
	0xc0, 0xc0, 0xd0, 0xe0, 0xf0, 0xf0, 0xd0, 0xd0, 
	0xf0, 0xf0, 0xf0, 0xe0, 0xe0, 0xf0, 0xf0, 0xe0, 
	0xe0, 0xe0, 0xf0, 0xf0, 0xf0, 0xf0, 0xe0, 0xd0, 
	0xe0, 0xe0, 0xe0, 0xe0, 0xe0, 0xe0, 0xd0, 0xd0, 
	0xf0, 0xf0, 0xd0, 0xc0, 0xc0, 0xb0, 0xa0, 0xb0, 
	0xc0, 0xc0, 0xc0, 0xd0, 0xd0, 0xe0, 0xe0, 0xe0, 
	0xd0, 0xd0, 0xe0, 0xd0, 0xe0, 0xe0, 0xe0, 0xd0, 
	0xe0, 0xd0, 0xe0, 0xd0, 0xd0, 0xc0, 0xa0, 0xb0, 
	0xc0, 0xd0, 0xd0, 0xe0, 0xf0, 0xf0, 0xe0, 0xe0, 
	0xe0, 0xe0, 0xe0, 0xe0, 0xe0, 0xf0, 0xf0, 0xf0, 
	0xd0, 0xe0, 0xf0, 0xf0, 0xf0, 0xf0, 0xe0, 0xd0, 
	0xe0, 0xd0, 0xd0, 0xf0, 0xe0, 0xd0, 0xd0, 0xd0, 
	0xe0, 0xe0, 0xd0, 0xc0, 0xc0, 0xc0, 0xb0, 0xb0, 
	0xb0, 0xc0, 0xc0, 0xc0, 0xd0, 0xe0, 0xe0, 0xd0, 
	0xd0, 0xe0, 0xd0, 0xe0, 0xe0, 0xe0, 0xe0, 0xd0, 
	0xd0, 0xd0, 0xd0, 0xd0, 0xd0, 0xb0, 0xb0, 0xc0, 
	0xd0, 0xc0, 0xd0, 0xd0, 0xd0, 0xe0, 0xe0, 0xf0, 
	0xe0, 0xe0, 0xf0, 0xf0, 0xf0, 0xf0, 0xf0, 0xe0, 
	0xd0, 0xd0, 0xe0, 0xe0, 0xe0, 0xe0, 0xf0, 0xf0, 
	0xd0, 0xd0, 0xe0, 0xf0, 0xe0, 0xd0, 0xd0, 0xd0, 
	0xd0, 0xc0, 0xd0, 0xc0, 0xc0, 0xd0, 0xd0, 0xc0, 
	0xa0, 0xb0, 0xc0, 0xc0, 0xd0, 0xe0, 0xe0, 0xd0, 
	0xe0, 0xd0, 0xc0, 0xc0, 0xc0, 0xc0, 0xc0, 0xd0, 
	0xd0, 0xc0, 0xc0, 0xe0, 0xc0, 0xc0, 0xd0, 0xd0, 
	0xd0, 0xc0, 0xc0, 0xd0, 0xd0, 0xd0, 0xd0, 0xd0, 
	0xd0, 0xe0, 0xf0, 0xf0, 0xf0, 0xf0, 0xe0, 0xc0, 
	0xe0, 0xd0, 0xd0, 0xe0, 0xd0, 0xe0, 0xe0, 0xd0, 
	0xd0, 0xc0, 0xd0, 0xd0, 0xd0, 0xd0, 0xe0, 0xe0, 
	0xd0, 0xd0, 0xd0, 0xd0, 0xc0, 0xd0, 0xe0, 0xd0, 
	0xb0, 0xb0, 0xc0, 0xd0, 0xd0, 0xf0, 0xf0, 0xe0, 
	0xf0, 0xd0, 0xb0, 0xb0, 0xb0, 0xb0, 0xc0, 0xc0, 
	0xc0, 0xb0, 0xc0, 0xc0, 0xc0, 0xd0, 0xf0, 0xf0, 
	0xd0, 0xd0, 0xd0, 0xe0, 0xf0, 0xf0, 0xd0, 0xd0, 
	0xe0, 0xe0, 0xf0, 0xf0, 0xf0, 0xf0, 0xd0, 0xd0, 
	0xe0, 0xc0, 0xc0, 0xe0, 0xf0, 0xf0, 0xd0, 0xd0, 
	0xe0, 0xd0, 0xc0, 0xc0, 0xd0, 0xd0, 0xd0, 0xc0, 
	0xd0, 0xd0, 0xc0, 0xc0, 0xc0, 0xc0, 0xc0, 0xc0, 
	0xd0, 0xc0, 0xc0, 0xd0, 0xd0, 0xe0, 0xf0, 0xe0, 
	0xe0, 0xd0, 0xc0, 0xc0, 0xc0, 0xc0, 0xc0, 0xc0, 
	0xc0, 0xc0, 0xc0, 0xc0, 0xc0, 0xd0, 0xe0, 0xe0, 
	0xd0, 0xc0, 0xc0, 0xd0, 0xf0, 0xf0, 0xd0, 0xe0, 
	0xf0, 0xe0, 0xf0, 0xe0, 0xe0, 0xf0, 0xe0, 0xf0, 
	0xe0, 0xd0, 0xd0, 0xf0, 0xf0, 0xf0, 0xd0, 0xe0, 
	0xe0, 0xd0, 0xd0, 0xc0, 0xd0, 0xc0, 0xc0, 0xb0, 
	0xb0, 0xd0, 0xd0, 0xd0, 0xc0, 0xc0, 0xc0, 0xc0, 
	0xc0, 0xc0, 0xc0, 0xd0, 0xd0, 0xe0, 0xe0, 0xe0, 
	0xd0, 0xd0, 0xc0, 0xc0, 0xd0, 0xe0, 0xd0, 0xd0, 
	0xc0, 0xb0, 0xb0, 0xc0, 0xd0, 0xd0, 0xd0, 0xd0, 
	0xc0, 0xd0, 0xd0, 0xd0, 0xe0, 0xe0, 0xc0, 0xe0, 
	0xf0, 0xf0, 0xe0, 0xe0, 0xe0, 0xf0, 0xf0, 0xf0, 
	0xf0, 0xe0, 0xf0, 0xf0, 0xf0, 0xe0, 0xc0, 0xd0, 
	0xe0, 0xe0, 0xd0, 0xd0, 0xd0, 0xc0, 0xc0, 0xb0, 
	0xa0, 0xc0, 0xd0, 0xd0, 0xc0, 0xc0, 0xc0, 0xc0, 
	0xc0, 0xb0, 0xb0, 0xd0, 0xe0, 0xf0, 0xf0, 0xe0, 
	0xe0, 0xe0, 0xd0, 0xe0, 0xe0, 0xe0, 0xd0, 0xd0, 
	0xc0, 0xc0, 0xc0, 0xd0, 0xe0, 0xe0, 0xd0, 0xd0, 
	0xd0, 0xd0, 0xd0, 0xd0, 0xe0, 0xd0, 0xc0, 0xd0, 
	0xe0, 0xe0, 0xe0, 0xe0, 0xe0, 0xe0, 0xe0, 0xe0, 
	0xf0, 0xf0, 0xf0, 0xf0, 0xf0, 0xd0, 0xc0, 0xc0, 
	0xd0, 0xd0, 0xd0, 0xd0, 0xd0, 0xc0, 0xd0, 0xc0, 
	0xb0, 0xd0, 0xe0, 0xd0, 0xc0, 0xb0, 0xc0, 0xc0, 
	0xc0, 0xc0, 0xd0, 0xd0, 0xd0, 0xe0, 0xf0, 0xf0, 
	0xe0, 0xe0, 0xd0, 0xe0, 0xd0, 0xd0, 0xc0, 0xc0, 
	0xd0, 0xd0, 0xc0, 0xe0, 0xf0, 0xe0, 0xe0, 0xe0, 
	0xe0, 0xe0, 0xe0, 0xf0, 0xd0, 0xd0, 0xd0, 0xd0, 
	0xc0, 0xe0, 0xf0, 0xe0, 0xd0, 0xd0, 0xd0, 0xe0, 
	0xf0, 0xf0, 0xf0, 0xe0, 0xe0, 0xd0, 0xd0, 0xd0, 
	0xd0, 0xc0, 0xd0, 0xe0, 0xe0, 0xd0, 0xe0, 0xf0, 
	0xe0, 0xd0, 0xd0, 0xd0, 0xd0, 0xc0, 0xc0, 0xd0, 
	0xc0, 0xc0, 0xd0, 0xd0, 0xc0, 0xc0, 0xe0, 0xe0, 
	0xe0, 0xf0, 0xf0, 0xe0, 0xd0, 0xd0, 0xd0, 0xe0, 
	0xf0, 0xd0, 0xd0, 0xd0, 0xe0, 0xf0, 0xf0, 0xe0, 
	0xd0, 0xe0, 0xe0, 0xf0, 0xf0, 0xe0, 0xd0, 0xd0, 
	0xd0, 0xe0, 0xf0, 0xe0, 0xc0, 0xc0, 0xc0, 0xd0, 
	0xd0, 0xe0, 0xe0, 0xe0, 0xe0, 0xe0, 0xe0, 0xe0, 
	0xd0, 0xc0, 0xc0, 0xd0, 0xd0, 0xe0, 0xf0, 0xf0, 
	0xe0, 0xb0, 0xb0, 0xd0, 0xe0, 0xe0, 0xd0, 0xc0, 
	0xd0, 0xd0, 0xd0, 0xd0, 0xd0, 0xb0, 0xc0, 0xd0, 
	0xd0, 0xd0, 0xd0, 0xd0, 0xd0, 0xc0, 0xd0, 0xd0, 
	0xe0, 0xd0, 0xd0, 0xd0, 0xd0, 0xf0, 0xf0, 0xe0, 
	0xd0, 0xe0, 0xe0, 0xf0, 0xe0, 0xe0, 0xe0, 0xd0, 
	0xe0, 0xe0, 0xe0, 0xd0, 0xc0, 0xb0, 0xc0, 0xd0, 
	0xb0, 0xc0, 0xd0, 0xd0, 0xd0, 0xc0, 0xc0, 0xd0, 
	0xc0, 0xc0, 0xd0, 0xc0, 0xd0, 0xe0, 0xe0, 0xe0, 
	0xc0, 0xb0, 0xc0, 0xd0, 0xe0, 0xe0, 0xd0, 0xd0, 
	0xc0, 0xd0, 0xc0, 0xd0, 0xc0, 0xb0, 0xc0, 0xc0, 
	0xc0, 0xd0, 0xe0, 0xf0, 0xf0, 0xe0, 0xe0, 0xe0, 
	0xe0, 0xd0, 0xc0, 0xc0, 0xd0, 0xe0, 0xe0, 0xe0, 
	0xe0, 0xf0, 0xf0, 0xf0, 0xe0, 0xe0, 0xe0, 0xd0, 
	0xe0, 0xe0, 0xc0, 0xc0, 0xb0, 0xa0, 0xb0, 0xb0, 
	0xb0, 0xc0, 0xd0, 0xd0, 0xb0, 0xb0, 0xb0, 0xb0, 
	0xb0, 0xc0, 0xc0, 0xc0, 0xd0, 0xe0, 0xd0, 0xc0, 
	0xb0, 0xd0, 0xe0, 0xf0, 0xe0, 0xd0, 0xc0, 0xc0, 
	0xc0, 0xd0, 0xc0, 0xc0, 0xc0, 0xb0, 0xc0, 0xc0, 
	0xc0, 0xd0, 0xf0, 0xf0, 0xf0, 0xf0, 0xf0, 0xf0, 
	0xf0, 0xe0, 0xc0, 0xc0, 0xd0, 0xc0, 0xd0, 0xe0, 
	0xe0, 0xf0, 0xf0, 0xf0, 0xe0, 0xe0, 0xf0, 0xd0, 
	0xc0, 0xc0, 0xa0, 0xb0, 0xb0, 0xc0, 0xb0, 0xc0, 
	0xc0, 0xd0, 0xd0, 0xc0, 0xa0, 0xa0, 0xa0, 0xa0, 
	0xb0, 0xb0, 0xb0, 0xc0, 0xd0, 0xc0, 0xc0, 0xd0, 
	0xe0, 0xf0, 0xf0, 0xe0, 0xd0, 0xb0, 0xa0, 0xb0, 
	0xb0, 0xc0, 0xc0, 0xc0, 0xc0, 0xc0, 0xd0, 0xc0, 
	0xd0, 0xe0, 0xf0, 0xf0, 0xf0, 0xf0, 0xf0, 0xe0, 
	0xe0, 0xe0, 0xd0, 0xc0, 0xc0, 0xb0, 0xb0, 0xd0, 
	0xe0, 0xe0, 0xf0, 0xf0, 0xf0, 0xf0, 0xf0, 0xd0, 
	0xc0, 0xb0, 0xa0, 0xb0, 0xc0, 0xd0, 0xd0, 0xd0, 
	0xd0, 0xd0, 0xc0, 0xa0, 0xa0, 0xb0, 0xb0, 0xb0, 
	0xb0, 0xb0, 0xb0, 0xb0, 0xb0, 0xc0, 0xc0, 0xe0, 
	0xf0, 0xf0, 0xe0, 0xd0, 0xd0, 0xc0, 0xb0, 0xb0, 
	0xc0, 0xb0, 0xc0, 0xb0, 0xc0, 0xe0, 0xe0, 0xd0, 
	0xd0, 0xd0, 0xf0, 0xf0, 0xf0, 0xf0, 0xe0, 0xe0, 
	0xe0, 0xe0, 0xe0, 0xd0, 0xc0, 0xb0, 0xa0, 0xc0, 
	0xd0, 0xd0, 0xd0, 0xe0, 0xe0, 0xf0, 0xf0, 0xd0, 
	0xc0, 0xb0, 0xb0, 0xc0, 0xc0, 0xe0, 0xe0, 0xe0, 
	0xd0, 0xd0, 0xb0, 0xb0, 0xc0, 0xd0, 0xc0, 0xc0, 
	0xd0, 0xc0, 0xb0, 0xb0, 0xa0, 0xb0, 0xc0, 0xc0, 
	0xd0, 0xc0, 0xc0, 0xc0, 0xc0, 0xd0, 0xc0, 0xb0, 
	0xb0, 0xa0, 0xa0, 0xa0, 0xc0, 0xd0, 0xe0, 0xe0, 
	0xe0, 0xe0, 0xf0, 0xf0, 0xf0, 0xe0, 0xd0, 0xd0, 
	0xe0, 0xf0, 0xe0, 0xe0, 0xc0, 0xb0, 0xb0, 0xc0, 
	0xd0, 0xc0, 0xc0, 0xe0, 0xd0, 0xd0, 0xe0, 0xd0, 
	0xc0, 0xb0, 0xc0, 0xb0, 0xb0, 0xc0, 0xd0, 0xd0, 
	0xe0, 0xc0, 0xc0, 0xd0, 0xd0, 0xd0, 0xc0, 0xc0, 
	0xd0, 0xd0, 0xc0, 0xb0, 0xa0, 0xb0, 0xb0, 0xa0, 
	0xa0, 0xc0, 0xc0, 0xc0, 0xc0, 0xc0, 0xc0, 0xb0, 
	0x90, 0x80, 0x90, 0xa0, 0xc0, 0xd0, 0xe0, 0xe0, 
	0xf0, 0xf0, 0xf0, 0xf0, 0xf0, 0xf0, 0xe0, 0xd0, 
	0xe0, 0xf0, 0xe0, 0xc0, 0xb0, 0xc0, 0xc0, 0xc0, 
	0xe0, 0xe0, 0xd0, 0xd0, 0xd0, 0xd0, 0xc0, 0xc0, 
	0xc0, 0xb0, 0xa0, 0xa0, 0xb0, 0xc0, 0xb0, 0xc0, 
	0xc0, 0xc0, 0xd0, 0xf0, 0xf0, 0xd0, 0xd0, 0xd0, 
	0xe0, 0xe0, 0xc0, 0xa0, 0xb0, 0xb0, 0xa0, 0xb0, 
	0xc0, 0xd0, 0xd0, 0xc0, 0xb0, 0xb0, 0xb0, 0xa0, 
	0x80, 0x90, 0xa0, 0xb0, 0xb0, 0xb0, 0xc0, 0xc0, 
	0xe0, 0xe0, 0xf0, 0xf0, 0xf0, 0xf0, 0xf0, 0xf0, 
	0xe0, 0xe0, 0xe0, 0xc0, 0xa0, 0xc0, 0xc0, 0xc0, 
	0xe0, 0xf0, 0xd0, 0xd0, 0xd0, 0xd0, 0xd0, 0xd0, 
	0xd0, 0xc0, 0xa0, 0xa0, 0xc0, 0xc0, 0xb0, 0xc0, 
	0xc0, 0xc0, 0xd0, 0xe0, 0xe0, 0xd0, 0xc0, 0xc0, 
	0xc0, 0xe0, 0xd0, 0xb0, 0xc0, 0xc0, 0xb0, 0xd0, 
	0xe0, 0xe0, 0xd0, 0xc0, 0xb0, 0xb0, 0xb0, 0xa0, 
	0x90, 0xa0, 0xb0, 0xb0, 0xb0, 0xa0, 0xa0, 0xb0, 
	0xd0, 0xd0, 0xe0, 0xf0, 0xf0, 0xf0, 0xf0, 0xf0, 
	0xf0, 0xe0, 0xe0, 0xd0, 0xb0, 0xb0, 0xb0, 0xc0, 
	0xd0, 0xd0, 0xc0, 0xd0, 0xe0, 0xe0, 0xe0, 0xe0, 
	0xf0, 0xf0, 0xe0, 0xd0, 0xd0, 0xc0, 0xc0, 0xc0, 
	0xc0, 0xd0, 0xd0, 0xd0, 0xd0, 0xc0, 0xd0, 0xd0, 
	0xc0, 0xd0, 0xd0, 0xb0, 0xc0, 0xd0, 0xc0, 0xc0, 
	0xd0, 0xc0, 0xc0, 0xd0, 0xc0, 0xc0, 0xb0, 0xa0, 
	0xb0, 0xb0, 0xb0, 0xc0, 0xc0, 0xc0, 0xb0, 0xc0, 
	0xd0, 0xe0, 0xe0, 0xe0, 0xe0, 0xf0, 0xf0, 0xf0, 
	0xf0, 0xe0, 0xe0, 0xe0, 0xe0, 0xc0, 0xb0, 0xc0, 
	0xc0, 0xd0, 0xc0, 0xc0, 0xe0, 0xf0, 0xf0, 0xf0, 
	0xf0, 0xf0, 0xf0, 0xf0, 0xe0, 0xc0, 0xb0, 0xb0, 
	0xd0, 0xd0, 0xe0, 0xd0, 0xd0, 0xd0, 0xd0, 0xd0, 
	0xd0, 0xc0, 0xc0, 0xc0, 0xb0, 0xc0, 0xc0, 0xc0, 
	0xc0, 0xb0, 0xb0, 0xd0, 0xe0, 0xd0, 0xc0, 0xb0, 
	0xb0, 0xb0, 0xc0, 0xc0, 0xd0, 0xd0, 0xc0, 0xc0, 
	0xd0, 0xe0, 0xd0, 0xd0, 0xe0, 0xf0, 0xf0, 0xf0, 
	0xe0, 0xd0, 0xd0, 0xe0, 0xf0, 0xe0, 0xc0, 0xc0, 
	0xd0, 0xd0, 0xd0, 0xd0, 0xe0, 0xf0, 0xf0, 0xf0, 
	0xf0, 0xf0, 0xf0, 0xf0, 0xd0, 0xc0, 0xc0, 0xc0, 
	0xe0, 0xe0, 0xf0, 0xf0, 0xe0, 0xe0, 0xe0, 0xe0, 
	0xf0, 0xd0, 0xc0, 0xc0, 0xb0, 0xc0, 0xd0, 0xd0, 
	0xc0, 0xb0, 0xc0, 0xe0, 0xf0, 0xd0, 0xc0, 0xc0, 
	0xc0, 0xb0, 0xb0, 0xc0, 0xd0, 0xd0, 0xc0, 0xc0, 
	0xd0, 0xd0, 0xe0, 0xe0, 0xe0, 0xf0, 0xe0, 0xe0, 
	0xd0, 0xc0, 0xc0, 0xd0, 0xe0, 0xe0, 0xd0, 0xc0, 
	0xd0, 0xe0, 0xe0, 0xe0, 0xd0, 0xe0, 0xe0, 0xf0, 
	0xf0, 0xe0, 0xe0, 0xd0, 0xc0, 0xd0, 0xd0, 0xd0, 
	0xe0, 0xf0, 0xf0, 0xf0, 0xf0, 0xf0, 0xf0, 0xf0, 
	0xf0, 0xe0, 0xe0, 0xd0, 0xc0, 0xc0, 0xd0, 0xe0, 
	0xe0, 0xe0, 0xe0, 0xe0, 0xf0, 0xd0, 0xb0, 0xc0, 
	0xd0, 0xb0, 0xb0, 0xc0, 0xd0, 0xe0, 0xd0, 0xc0, 
	0xd0, 0xe0, 0xf0, 0xf0, 0xf0, 0xf0, 0xe0, 0xd0, 
	0xd0, 0xd0, 0xe0, 0xe0, 0xe0, 0xd0, 0xc0, 0xd0, 
	0xf0, 0xf0, 0xd0, 0xc0, 0xc0, 0xd0, 0xe0, 0xf0, 
	0xe0, 0xe0, 0xf0, 0xe0, 0xd0, 0xd0, 0xd0, 0xe0, 
	0xf0, 0xf0, 0xf0, 0xf0, 0xf0, 0xf0, 0xf0, 0xf0, 
	0xe0, 0xe0, 0xe0, 0xe0, 0xd0, 0xc0, 0xc0, 0xe0, 
	0xf0, 0xf0, 0xe0, 0xd0, 0xe0, 0xd0, 0xb0, 0xc0, 
	0xd0, 0xc0, 0xc0, 0xc0, 0xe0, 0xe0, 0xe0, 0xd0, 
	0xc0, 0xe0, 0xf0, 0xf0, 0xe0, 0xe0, 0xe0, 0xe0, 
	0xd0, 0xd0, 0xd0, 0xe0, 0xe0, 0xc0, 0xc0, 0xd0, 
	0xe0, 0xe0, 0xd0, 0xc0, 0xc0, 0xc0, 0xd0, 0xd0, 
	0xd0, 0xd0, 0xe0, 0xe0, 0xd0, 0xd0, 0xe0, 0xe0, 
	0xf0, 0xf0, 0xf0, 0xf0, 0xf0, 0xf0, 0xf0, 0xe0, 
	0xe0, 0xd0, 0xe0, 0xe0, 0xe0, 0xc0, 0xc0, 0xe0, 
	0xf0, 0xf0, 0xf0, 0xe0, 0xe0, 0xe0, 0xc0, 0xc0, 
	0xc0, 0xd0, 0xd0, 0xd0, 0xe0, 0xf0, 0xe0, 0xe0, 
	0xe0, 0xe0, 0xe0, 0xd0, 0xd0, 0xe0, 0xf0, 0xf0, 
	0xe0, 0xe0, 0xe0, 0xe0, 0xe0, 0xe0, 0xe0, 0xf0, 
	0xe0, 0xd0, 0xd0, 0xc0, 0xc0, 0xc0, 0xd0, 0xe0, 
	0xe0, 0xe0, 0xe0, 0xf0, 0xd0, 0xe0, 0xe0, 0xf0, 
	0xe0, 0xe0, 0xe0, 0xf0, 0xf0, 0xf0, 0xe0, 0xe0, 
	0xe0, 0xe0, 0xe0, 0xf0, 0xe0, 0xd0, 0xd0, 0xe0, 
	0xf0, 0xf0, 0xf0, 0xe0, 0xe0, 0xf0, 0xe0, 0xd0, 
	0xd0, 0xe0, 0xd0, 0xd0, 0xe0, 0xe0, 0xe0, 0xe0, 
	0xe0, 0xd0, 0xd0, 0xc0, 0xc0, 0xd0, 0xf0, 0xf0, 
	0xf0, 0xf0, 0xe0, 0xd0, 0xe0, 0xf0, 0xf0, 0xf0, 
	0xe0, 0xc0, 0xd0, 0xd0, 0xc0, 0xc0, 0xd0, 0xe0, 
	0xd0, 0xd0, 0xe0, 0xe0, 0xe0, 0xf0, 0xf0, 0xe0, 
	0xc0, 0xd0, 0xd0, 0xf0, 0xf0, 0xe0, 0xf0, 0xf0, 
	0xf0, 0xf0, 0xf0, 0xf0, 0xf0, 0xf0, 0xf0, 0xe0, 
	0xe0, 0xf0, 0xf0, 0xe0, 0xd0, 0xe0, 0xf0, 0xe0, 
	0xe0, 0xf0, 0xe0, 0xe0, 0xe0, 0xd0, 0xd0, 0xd0, 
	0xd0, 0xd0, 0xd0, 0xb0, 0xc0, 0xd0, 0xe0, 0xf0, 
	0xf0, 0xe0, 0xe0, 0xe0, 0xe0, 0xf0, 0xf0, 0xf0, 
	0xd0, 0xc0, 0xc0, 0xd0, 0xd0, 0xd0, 0xc0, 0xd0, 
	0xd0, 0xc0, 0xd0, 0xe0, 0xf0, 0xf0, 0xf0, 0xe0, 
	0xc0, 0xc0, 0xd0, 0xe0, 0xf0, 0xf0, 0xf0, 0xf0, 
	0xf0, 0xf0, 0xf0, 0xf0, 0xf0, 0xf0, 0xf0, 0xe0, 
	0xd0, 0xf0, 0xf0, 0xe0, 0xd0, 0xd0, 0xe0, 0xe0, 
	0xf0, 0xf0, 0xf0, 0xf0, 0xf0, 0xc0, 0xc0, 0xd0, 
	0xe0, 0xd0, 0xc0, 0xb0, 0xb0, 0xc0, 0xe0, 0xf0, 
	0xf0, 0xd0, 0xd0, 0xe0, 0xe0, 0xf0, 0xf0, 0xd0, 
	0xd0, 0xd0, 0xc0, 0xc0, 0xd0, 0xc0, 0xb0, 0xd0, 
	0xc0, 0xb0, 0xc0, 0xe0, 0xf0, 0xf0, 0xf0, 0xf0, 
	0xd0, 0xc0, 0xc0, 0xc0, 0xd0, 0xf0, 0xf0, 0xf0, 
	0xf0, 0xe0, 0xd0, 0xe0, 0xf0, 0xf0, 0xe0, 0xe0, 
	0xd0, 0xf0, 0xf0, 0xf0, 0xe0, 0xd0, 0xe0, 0xf0, 
	0xf0, 0xf0, 0xf0, 0xf0, 0xe0, 0xc0, 0xc0, 0xd0, 
	0xd0, 0xc0, 0xc0, 0xc0, 0xb0, 0xc0, 0xe0, 0xf0, 
	0xf0, 0xe0, 0xe0, 0xe0, 0xe0, 0xe0, 0xe0, 0xd0, 
	0xe0, 0xe0, 0xd0, 0xd0, 0xd0, 0xd0, 0xd0, 0xd0, 
	0xd0, 0xb0, 0xb0, 0xc0, 0xd0, 0xe0, 0xe0, 0xf0, 
	0xe0, 0xd0, 0xd0, 0xd0, 0xd0, 0xf0, 0xf0, 0xf0, 
	0xf0, 0xe0, 0xd0, 0xe0, 0xe0, 0xe0, 0xf0, 0xf0, 
	0xe0, 0xe0, 0xf0, 0xf0, 0xf0, 0xd0, 0xc0, 0xe0, 
	0xd0, 0xe0, 0xf0, 0xf0, 0xe0, 0xc0, 0xc0, 0xd0, 
	0xd0, 0xd0, 0xf0, 0xe0, 0xc0, 0xd0, 0xe0, 0xe0, 
	0xf0, 0xf0, 0xf0, 0xf0, 0xe0, 0xd0, 0xd0, 0xe0, 
	0xf0, 0xe0, 0xd0, 0xd0, 0xc0, 0xd0, 0xe0, 0xd0, 
	0xd0, 0xb0, 0xc0, 0xc0, 0xd0, 0xe0, 0xe0, 0xe0, 
	0xf0, 0xe0, 0xe0, 0xf0, 0xe0, 0xe0, 0xf0, 0xf0, 
	0xd0, 0xd0, 0xe0, 0xe0, 0xf0, 0xe0, 0xe0, 0xe0, 
	0xe0, 0xd0, 0xe0, 0xf0, 0xf0, 0xe0, 0xc0, 0xe0, 
	0xe0, 0xe0, 0xe0, 0xe0, 0xd0, 0xd0, 0xb0, 0xc0, 
	0xd0, 0xe0, 0xf0, 0xf0, 0xf0, 0xf0, 0xd0, 0xd0, 
	0xf0, 0xf0, 0xf0, 0xf0, 0xd0, 0xd0, 0xe0, 0xf0, 
	0xe0, 0xc0, 0xc0, 0xb0, 0xb0, 0xc0, 0xd0, 0xd0, 
	0xd0, 0xd0, 0xd0, 0xe0, 0xe0, 0xe0, 0xf0, 0xf0, 
	0xf0, 0xe0, 0xf0, 0xf0, 0xf0, 0xf0, 0xf0, 0xe0, 
	0xe0, 0xf0, 0xf0, 0xf0, 0xf0, 0xf0, 0xf0, 0xd0, 
	0xc0, 0xc0, 0xd0, 0xe0, 0xe0, 0xe0, 0xd0, 0xe0, 
	0xe0, 0xe0, 0xe0, 0xd0, 0xd0, 0xd0, 0xb0, 0xa0, 
	0xc0, 0xe0, 0xf0, 0xf0, 0xf0, 0xf0, 0xd0, 0xc0, 
	0xc0, 0xe0, 0xf0, 0xf0, 0xe0, 0xd0, 0xe0, 0xe0, 
	0xe0, 0xc0, 0xc0, 0xb0, 0xb0, 0xb0, 0xc0, 0xc0, 
	0xd0, 0xf0, 0xf0, 0xf0, 0xf0, 0xf0, 0xf0, 0xf0, 
	0xf0, 0xf0, 0xf0, 0xf0, 0xf0, 0xf0, 0xe0, 0xf0, 
	0xf0, 0xf0, 0xf0, 0xf0, 0xf0, 0xf0, 0xf0, 0xe0, 
	0xc0, 0xc0, 0xc0, 0xc0, 0xd0, 0xe0, 0xe0, 0xf0, 
	0xf0, 0xe0, 0xd0, 0xc0, 0xb0, 0xc0, 0xc0, 0xb0, 
	0xc0, 0xd0, 0xe0, 0xe0, 0xf0, 0xf0, 0xf0, 0xe0, 
	0xd0, 0xd0, 0xd0, 0xe0, 0xe0, 0xd0, 0xd0, 0xd0, 
	0xe0, 0xd0, 0xc0, 0xc0, 0xc0, 0xc0, 0xa0, 0xb0, 
	0xd0, 0xe0, 0xf0, 0xf0, 0xf0, 0xf0, 0xf0, 0xf0, 
	0xf0, 0xf0, 0xf0, 0xf0, 0xf0, 0xf0, 0xf0, 0xf0, 
	0xf0, 0xf0, 0xf0, 0xf0, 0xf0, 0xe0, 0xe0, 0xe0, 
	0xd0, 0xc0, 0xc0, 0xb0, 0xb0, 0xd0, 0xe0, 0xe0, 
	0xe0, 0xe0, 0xd0, 0xc0, 0xb0, 0xd0, 0xe0, 0xd0, 
	0xb0, 0xb0, 0xc0, 0xd0, 0xd0, 0xe0, 0xf0, 0xf0, 
	0xe0, 0xe0, 0xd0, 0xc0, 0xe0, 0xd0, 0xc0, 0xd0, 
	0xe0, 0xe0, 0xd0, 0xd0, 0xd0, 0xc0, 0xb0, 0xc0, 
	0xd0, 0xe0, 0xf0, 0xf0, 0xf0, 0xf0, 0xf0, 0xf0, 
	0xf0, 0xf0, 0xf0, 0xf0, 0xf0, 0xf0, 0xf0, 0xe0, 
	0xf0, 0xf0, 0xf0, 0xf0, 0xe0, 0xe0, 0xe0, 0xe0, 
	0xe0, 0xd0, 0xc0, 0xb0, 0xa0, 0xc0, 0xd0, 0xc0, 
	0xc0, 0xd0, 0xc0, 0xb0, 0xc0, 0xe0, 0xf0, 0xd0, 
	0xb0, 0xb0, 0xb0, 0xb0, 0xc0, 0xd0, 0xe0, 0xe0, 
	0xe0, 0xe0, 0xd0, 0xd0, 0xe0, 0xe0, 0xc0, 0xc0, 
	0xd0, 0xe0, 0xe0, 0xd0, 0xd0, 0xc0, 0xc0, 0xc0, 
	0xe0, 0xf0, 0xf0, 0xf0, 0xf0, 0xf0, 0xf0, 0xf0, 
	0xe0, 0xe0, 0xe0, 0xf0, 0xf0, 0xf0, 0xf0, 0xf0, 
	0xf0, 0xf0, 0xf0, 0xe0, 0xd0, 0xd0, 0xe0, 0xf0, 
	0xe0, 0xe0, 0xc0, 0xb0, 0xb0, 0xc0, 0xd0, 0xc0, 
	0xb0, 0xb0, 0xb0, 0xb0, 0xd0, 0xe0, 0xe0, 0xd0, 
	0xd0, 0xd0, 0xb0, 0xa0, 0xc0, 0xd0, 0xd0, 0xc0, 
	0xc0, 0xd0, 0xe0, 0xe0, 0xe0, 0xf0, 0xe0, 0xe0, 
	0xe0, 0xe0, 0xe0, 0xd0, 0xd0, 0xd0, 0xe0, 0xd0, 
	0xe0, 0xf0, 0xf0, 0xe0, 0xe0, 0xf0, 0xf0, 0xf0, 
	0xe0, 0xf0, 0xf0, 0xf0, 0xf0, 0xf0, 0xf0, 0xf0, 
	0xf0, 0xf0, 0xf0, 0xf0, 0xe0, 0xd0, 0xe0, 0xf0, 
	0xe0, 0xc0, 0xb0, 0xc0, 0xc0, 0xc0, 0xd0, 0xd0, 
	0xc0, 0xc0, 0xc0, 0xd0, 0xe0, 0xe0, 0xd0, 0xd0, 
	0xe0, 0xe0, 0xc0, 0xc0, 0xd0, 0xd0, 0xd0, 0xd0, 
	0xc0, 0xc0, 0xd0, 0xe0, 0xd0, 0xf0, 0xf0, 0xf0, 
	0xf0, 0xf0, 0xf0, 0xf0, 0xf0, 0xf0, 0xf0, 0xe0, 
	0xe0, 0xe0, 0xf0, 0xe0, 0xe0, 0xe0, 0xe0, 0xf0, 
	
};

Vtx spaceworld_spaceworld_mesh_layer_1_vtx_0[169] = {
	{{ {973, 0, 1231}, 0, {-2716, 1768}, {255, 255, 255, 255} }},
	{{ {913, 0, 1141}, 0, {-2516, 2538}, {141, 141, 141, 255} }},
	{{ {973, 73, 1231}, 0, {-2491, 2060}, {255, 255, 255, 255} }},
	{{ {114, 0, -810}, 0, {1558, 4058}, {141, 141, 141, 255} }},
	{{ {53, 0, -850}, 0, {1654, 3586}, {255, 255, 255, 255} }},
	{{ {53, 73, -850}, 0, {1494, 3654}, {255, 255, 255, 255} }},
	{{ {-769, 0, 2973}, 0, {-2728, -9}, {255, 255, 255, 255} }},
	{{ {973, -777, 1231}, 0, {-7289, 2025}, {142, 142, 142, 255} }},
	{{ {-769, -777, 2973}, 0, {-2728, 2025}, {142, 142, 142, 255} }},
	{{ {973, 0, 1231}, 0, {-7289, -9}, {255, 255, 255, 255} }},
	{{ {53, -777, 850}, 0, {-4880, 2025}, {255, 255, 255, 255} }},
	{{ {53, 0, 850}, 0, {-4880, -9}, {255, 255, 255, 255} }},
	{{ {-3231, 0, -2973}, 0, {-7289, -9}, {255, 255, 255, 255} }},
	{{ {-4973, 0, -1231}, 0, {-2728, -9}, {255, 255, 255, 255} }},
	{{ {-4973, -777, -1231}, 0, {-2728, 2025}, {142, 142, 142, 255} }},
	{{ {-3231, -777, -2973}, 0, {-7289, 2025}, {255, 255, 255, 255} }},
	{{ {-4053, -777, -850}, 0, {-1731, 2025}, {255, 255, 255, 255} }},
	{{ {-4053, 0, -850}, 0, {-1731, -9}, {255, 255, 255, 255} }},
	{{ {-4053, 0, -580}, 0, {-1022, -9}, {255, 255, 255, 255} }},
	{{ {-4053, -145, -580}, 0, {-1022, 369}, {255, 255, 255, 255} }},
	{{ {-4053, -777, -580}, 0, {-1022, 2025}, {255, 255, 255, 255} }},
	{{ {-197, -156, -1101}, 0, {1106, 399}, {255, 255, 255, 255} }},
	{{ {-134, -117, -1038}, 0, {1337, 297}, {255, 255, 255, 255} }},
	{{ {-197, -117, -1101}, 0, {1106, 297}, {255, 255, 255, 255} }},
	{{ {53, -777, -850}, 0, {2032, 2025}, {255, 255, 255, 255} }},
	{{ {-259, -156, -1163}, 0, {874, 399}, {255, 255, 255, 255} }},
	{{ {-259, -195, -1163}, 0, {874, 501}, {255, 255, 255, 255} }},
	{{ {-322, -234, -1226}, 0, {643, 603}, {255, 255, 255, 255} }},
	{{ {-322, -195, -1226}, 0, {643, 501}, {255, 255, 255, 255} }},
	{{ {-385, -273, -1288}, 0, {411, 705}, {255, 255, 255, 255} }},
	{{ {-385, -234, -1288}, 0, {411, 603}, {255, 255, 255, 255} }},
	{{ {-447, -312, -1351}, 0, {179, 807}, {255, 255, 255, 255} }},
	{{ {-385, -273, -1288}, 0, {411, 705}, {255, 255, 255, 255} }},
	{{ {-447, -273, -1351}, 0, {179, 705}, {255, 255, 255, 255} }},
	{{ {-447, -312, -1351}, 0, {179, 807}, {255, 255, 255, 255} }},
	{{ {-510, -351, -1414}, 0, {-52, 909}, {255, 255, 255, 255} }},
	{{ {53, -777, -850}, 0, {2032, 2025}, {255, 255, 255, 255} }},
	{{ {-572, -390, -1476}, 0, {-284, 1011}, {255, 255, 255, 255} }},
	{{ {-572, -351, -1476}, 0, {-284, 909}, {255, 255, 255, 255} }},
	{{ {-635, -429, -1539}, 0, {-515, 1113}, {255, 255, 255, 255} }},
	{{ {-635, -390, -1539}, 0, {-515, 1011}, {255, 255, 255, 255} }},
	{{ {-698, -467, -1601}, 0, {-747, 1215}, {255, 255, 255, 255} }},
	{{ {-698, -429, -1601}, 0, {-747, 1113}, {255, 255, 255, 255} }},
	{{ {-760, -506, -1664}, 0, {-979, 1317}, {255, 255, 255, 255} }},
	{{ {-823, -545, -1726}, 0, {-1210, 1419}, {255, 255, 255, 255} }},
	{{ {-823, -506, -1726}, 0, {-1210, 1317}, {255, 255, 255, 255} }},
	{{ {-885, -584, -1789}, 0, {-1442, 1521}, {255, 255, 255, 255} }},
	{{ {-885, -545, -1789}, 0, {-1442, 1419}, {255, 255, 255, 255} }},
	{{ {-948, -623, -1852}, 0, {-1673, 1623}, {255, 255, 255, 255} }},
	{{ {-948, -584, -1852}, 0, {-1673, 1521}, {255, 255, 255, 255} }},
	{{ {-1010, -662, -1914}, 0, {-1905, 1725}, {255, 255, 255, 255} }},
	{{ {-1073, -701, -1977}, 0, {-2137, 1827}, {255, 255, 255, 255} }},
	{{ {-1073, -662, -1977}, 0, {-2137, 1725}, {255, 255, 255, 255} }},
	{{ {-1136, -740, -2039}, 0, {-2368, 1929}, {255, 255, 255, 255} }},
	{{ {-1136, -701, -2039}, 0, {-2368, 1827}, {255, 255, 255, 255} }},
	{{ {-1198, -777, -2102}, 0, {-2600, 2025}, {202, 202, 202, 255} }},
	{{ {-1198, -740, -2102}, 0, {-2600, 1929}, {255, 255, 255, 255} }},
	{{ {-510, -312, -1414}, 0, {-52, 807}, {255, 255, 255, 255} }},
	{{ {-760, -467, -1664}, 0, {-979, 1215}, {255, 255, 255, 255} }},
	{{ {-1010, -623, -1914}, 0, {-1905, 1623}, {255, 255, 255, 255} }},
	{{ {-4973, 0, -1231}, 0, {8281, -9}, {255, 255, 255, 255} }},
	{{ {-4053, 0, -850}, 0, {5872, -9}, {255, 255, 255, 255} }},
	{{ {-4053, -777, -850}, 0, {5872, 2025}, {255, 255, 255, 255} }},
	{{ {-4973, -777, -1231}, 0, {8281, 2025}, {142, 142, 142, 255} }},
	{{ {-4053, 0, 850}, 0, {5872, -9}, {255, 255, 255, 255} }},
	{{ {-2850, -777, 2053}, 0, {2723, 2025}, {255, 255, 255, 255} }},
	{{ {-4053, -777, 850}, 0, {5872, 2025}, {255, 255, 255, 255} }},
	{{ {-2850, 0, 2053}, 0, {2723, -9}, {255, 255, 255, 255} }},
	{{ {-1150, -777, 2053}, 0, {-1731, 2025}, {255, 255, 255, 255} }},
	{{ {-1150, 0, 2053}, 0, {-1731, -9}, {255, 255, 255, 255} }},
	{{ {-1150, 0, 2053}, 0, {5872, -9}, {255, 255, 255, 255} }},
	{{ {-769, 0, 2973}, 0, {8281, -9}, {255, 255, 255, 255} }},
	{{ {-769, -777, 2973}, 0, {8281, 2025}, {142, 142, 142, 255} }},
	{{ {-1150, -777, 2053}, 0, {5872, 2025}, {255, 255, 255, 255} }},
	{{ {973, 0, -1231}, 0, {-1779, -6}, {255, 255, 255, 255} }},
	{{ {-769, 0, -2973}, 0, {2771, -6}, {255, 255, 255, 255} }},
	{{ {-769, -777, -2973}, 0, {2771, 2022}, {255, 255, 255, 255} }},
	{{ {973, -777, -1231}, 0, {-1779, 2022}, {255, 255, 255, 255} }},
	{{ {53, 0, 850}, 0, {2723, -9}, {255, 255, 255, 255} }},
	{{ {53, 0, -850}, 0, {-1731, -9}, {255, 255, 255, 255} }},
	{{ {53, -777, -850}, 0, {-1731, 2025}, {255, 255, 255, 255} }},
	{{ {53, -777, 850}, 0, {2723, 2025}, {255, 255, 255, 255} }},
	{{ {-2200, -217, -2973}, 0, {1020, 559}, {255, 255, 255, 255} }},
	{{ {-1800, -217, -2973}, 0, {-28, 559}, {255, 255, 255, 255} }},
	{{ {-769, 0, -2973}, 0, {-2728, -9}, {255, 255, 255, 255} }},
	{{ {-3231, 0, -2973}, 0, {3720, -9}, {255, 255, 255, 255} }},
	{{ {-2200, -777, -2973}, 0, {1020, 2025}, {255, 255, 255, 255} }},
	{{ {-3231, 0, -2973}, 0, {3720, -9}, {255, 255, 255, 255} }},
	{{ {-3231, -777, -2973}, 0, {3720, 2025}, {255, 255, 255, 255} }},
	{{ {-1800, -777, -2973}, 0, {-28, 2025}, {255, 255, 255, 255} }},
	{{ {-769, -777, -2973}, 0, {-2728, 2025}, {255, 255, 255, 255} }},
	{{ {-769, 0, -2973}, 0, {-2728, -9}, {255, 255, 255, 255} }},
	{{ {53, 0, -850}, 0, {2032, -9}, {255, 255, 255, 255} }},
	{{ {-9, 0, -913}, 0, {1801, -9}, {255, 255, 255, 255} }},
	{{ {-9, -39, -913}, 0, {1801, 93}, {255, 255, 255, 255} }},
	{{ {53, -777, -850}, 0, {2032, 2025}, {255, 255, 255, 255} }},
	{{ {-9, -39, -913}, 0, {1801, 93}, {255, 255, 255, 255} }},
	{{ {-72, -78, -976}, 0, {1569, 195}, {255, 255, 255, 255} }},
	{{ {53, -777, -850}, 0, {2032, 2025}, {255, 255, 255, 255} }},
	{{ {-72, -39, -976}, 0, {1569, 93}, {255, 255, 255, 255} }},
	{{ {-134, -117, -1038}, 0, {1337, 297}, {255, 255, 255, 255} }},
	{{ {-134, -78, -1038}, 0, {1337, 195}, {255, 255, 255, 255} }},
	{{ {-3579, -777, -420}, 0, {4631, 2025}, {255, 255, 255, 255} }},
	{{ {-4053, -777, -580}, 0, {5872, 2025}, {255, 255, 255, 255} }},
	{{ {-4053, -145, -580}, 0, {5872, 369}, {255, 255, 255, 255} }},
	{{ {-3579, -461, -420}, 0, {4631, 1197}, {255, 255, 255, 255} }},
	{{ {-3579, -145, -420}, 0, {4631, 369}, {255, 255, 255, 255} }},
	{{ {-3289, -461, -205}, 0, {3871, 1197}, {255, 255, 255, 255} }},
	{{ {-3289, -777, -205}, 0, {3871, 2025}, {255, 255, 255, 255} }},
	{{ {-4053, -777, 850}, 0, {2723, 2025}, {255, 255, 255, 255} }},
	{{ {-4053, -777, 580}, 0, {2014, 2025}, {255, 255, 255, 255} }},
	{{ {-4053, -145, 580}, 0, {2014, 369}, {255, 255, 255, 255} }},
	{{ {-4053, 0, 850}, 0, {2723, -9}, {255, 255, 255, 255} }},
	{{ {-4053, 0, 580}, 0, {2014, -9}, {255, 255, 255, 255} }},
	{{ {-4053, -145, 580}, 0, {2014, 369}, {142, 142, 142, 255} }},
	{{ {-4053, 0, 0}, 0, {496, -9}, {255, 255, 255, 255} }},
	{{ {-4053, -145, 0}, 0, {496, 369}, {142, 142, 142, 255} }},
	{{ {-4053, 0, -580}, 0, {-1022, -9}, {255, 255, 255, 255} }},
	{{ {-4053, -145, -580}, 0, {-1022, 369}, {142, 142, 142, 255} }},
	{{ {-3579, -461, 420}, 0, {4631, 1197}, {255, 255, 255, 255} }},
	{{ {-3289, -777, 205}, 0, {3871, 2025}, {255, 255, 255, 255} }},
	{{ {-3289, -461, 205}, 0, {3871, 1197}, {255, 255, 255, 255} }},
	{{ {-3579, -777, 420}, 0, {4631, 2025}, {255, 255, 255, 255} }},
	{{ {-4053, -777, 580}, 0, {5872, 2025}, {255, 255, 255, 255} }},
	{{ {-3579, -145, 420}, 0, {4631, 369}, {255, 255, 255, 255} }},
	{{ {-4053, -145, 580}, 0, {5872, 369}, {255, 255, 255, 255} }},
	{{ {-3289, -777, 0}, 0, {496, 2025}, {255, 255, 255, 255} }},
	{{ {-3289, -461, 205}, 0, {1032, 1197}, {255, 255, 255, 255} }},
	{{ {-3289, -777, 205}, 0, {1032, 2025}, {255, 255, 255, 255} }},
	{{ {-3289, -461, 0}, 0, {496, 1197}, {255, 255, 255, 255} }},
	{{ {-3289, -777, -205}, 0, {-40, 2025}, {255, 255, 255, 255} }},
	{{ {-3289, -461, -205}, 0, {-40, 1197}, {255, 255, 255, 255} }},
	{{ {-3579, -461, 420}, 0, {1596, 1197}, {142, 142, 142, 255} }},
	{{ {-3579, -461, 0}, 0, {496, 1197}, {155, 155, 155, 255} }},
	{{ {-3579, -145, 0}, 0, {496, 369}, {255, 255, 255, 255} }},
	{{ {-3579, -145, 420}, 0, {1596, 369}, {255, 255, 255, 255} }},
	{{ {-3579, -461, -420}, 0, {-604, 1197}, {146, 146, 146, 255} }},
	{{ {-3579, -145, -420}, 0, {-604, 369}, {255, 255, 255, 255} }},
	{{ {-3579, -145, 0}, 0, {496, 369}, {255, 255, 255, 255} }},
	{{ {-2850, 0, 2053}, 0, {-594, 1567}, {255, 255, 255, 255} }},
	{{ {-4053, 0, 850}, 0, {-4085, 1498}, {255, 255, 255, 255} }},
	{{ {-4053, 92, 850}, 0, {-4103, 1858}, {255, 255, 255, 255} }},
	{{ {-2850, 92, 2053}, 0, {-619, 1889}, {255, 255, 255, 255} }},
	{{ {-1150, 0, 2053}, 0, {2668, 1632}, {255, 255, 255, 255} }},
	{{ {-1150, 92, 2053}, 0, {2637, 1917}, {255, 255, 255, 255} }},
	{{ {-769, 0, 2973}, 0, {4252, 1663}, {255, 255, 255, 255} }},
	{{ {-769, 92, 2973}, 0, {4217, 1931}, {255, 255, 255, 255} }},
	{{ {-1204, 0, 2135}, 0, {2588, 2359}, {141, 141, 141, 255} }},
	{{ {-2884, 0, 2135}, 0, {-657, 2388}, {141, 141, 141, 255} }},
	{{ {-2850, 92, 2053}, 0, {-619, 1889}, {255, 255, 255, 255} }},
	{{ {-4073, 0, 947}, 0, {-4129, 2418}, {141, 141, 141, 255} }},
	{{ {-4053, 92, 850}, 0, {-4103, 1858}, {255, 255, 255, 255} }},
	{{ {-891, 0, 2891}, 0, {4164, 2345}, {141, 141, 141, 255} }},
	{{ {53, 0, -850}, 0, {496, 1945}, {255, 255, 255, 255} }},
	{{ {53, 0, 850}, 0, {-3436, 1945}, {255, 255, 255, 255} }},
	{{ {53, 73, 850}, 0, {-3436, 1607}, {255, 255, 255, 255} }},
	{{ {53, 73, -850}, 0, {496, 1607}, {255, 255, 255, 255} }},
	{{ {114, 0, 810}, 0, {-3264, 1998}, {141, 141, 141, 255} }},
	{{ {114, 0, -810}, 0, {1302, 1998}, {141, 141, 141, 255} }},
	{{ {53, 73, -850}, 0, {1415, 1586}, {255, 255, 255, 255} }},
	{{ {53, 73, 850}, 0, {-3377, 1586}, {255, 255, 255, 255} }},
	{{ {913, 0, 1141}, 0, {7296, 1998}, {141, 141, 141, 255} }},
	{{ {114, 0, 810}, 0, {5043, 1998}, {141, 141, 141, 255} }},
	{{ {53, 73, 850}, 0, {4873, 1586}, {255, 255, 255, 255} }},
	{{ {973, 73, 1231}, 0, {7465, 1586}, {255, 255, 255, 255} }},
	{{ {53, 0, 850}, 0, {3334, 1945}, {255, 255, 255, 255} }},
	{{ {973, 0, 1231}, 0, {5461, 1945}, {255, 255, 255, 255} }},
	{{ {973, 73, 1231}, 0, {5461, 1607}, {255, 255, 255, 255} }},
	{{ {53, 73, 850}, 0, {3334, 1607}, {255, 255, 255, 255} }},
};

Gfx spaceworld_spaceworld_mesh_layer_1_tri_0[] = {
	gsSPVertex(spaceworld_spaceworld_mesh_layer_1_vtx_0 + 0, 32, 0),
	gsSP2Triangles(0, 1, 2, 0, 3, 4, 5, 0),
	gsSP2Triangles(6, 7, 8, 0, 6, 9, 7, 0),
	gsSP2Triangles(9, 10, 7, 0, 9, 11, 10, 0),
	gsSP2Triangles(12, 13, 14, 0, 12, 14, 15, 0),
	gsSP2Triangles(16, 17, 18, 0, 18, 19, 16, 0),
	gsSP2Triangles(19, 20, 16, 0, 21, 22, 23, 0),
	gsSP2Triangles(21, 24, 22, 0, 24, 21, 25, 0),
	gsSP2Triangles(24, 25, 26, 0, 26, 27, 24, 0),
	gsSP2Triangles(26, 28, 27, 0, 27, 29, 24, 0),
	gsSP2Triangles(27, 30, 29, 0, 29, 31, 24, 0),
	gsSPVertex(spaceworld_spaceworld_mesh_layer_1_vtx_0 + 32, 32, 0),
	gsSP2Triangles(0, 1, 2, 0, 3, 4, 2, 0),
	gsSP2Triangles(3, 5, 4, 0, 3, 6, 5, 0),
	gsSP2Triangles(5, 7, 4, 0, 5, 8, 7, 0),
	gsSP2Triangles(7, 9, 4, 0, 7, 10, 9, 0),
	gsSP2Triangles(11, 4, 9, 0, 11, 12, 4, 0),
	gsSP2Triangles(11, 13, 12, 0, 12, 14, 4, 0),
	gsSP2Triangles(12, 15, 14, 0, 14, 16, 4, 0),
	gsSP2Triangles(14, 17, 16, 0, 18, 4, 16, 0),
	gsSP2Triangles(18, 19, 4, 0, 18, 20, 19, 0),
	gsSP2Triangles(19, 21, 4, 0, 19, 22, 21, 0),
	gsSP2Triangles(21, 23, 4, 0, 21, 24, 23, 0),
	gsSP2Triangles(3, 2, 25, 0, 11, 9, 26, 0),
	gsSP2Triangles(18, 16, 27, 0, 28, 29, 30, 0),
	gsSP1Triangle(28, 30, 31, 0),
	gsSPVertex(spaceworld_spaceworld_mesh_layer_1_vtx_0 + 64, 32, 0),
	gsSP2Triangles(0, 1, 2, 0, 0, 3, 1, 0),
	gsSP2Triangles(3, 4, 1, 0, 3, 5, 4, 0),
	gsSP2Triangles(6, 7, 8, 0, 6, 8, 9, 0),
	gsSP2Triangles(10, 11, 12, 0, 10, 12, 13, 0),
	gsSP2Triangles(14, 15, 16, 0, 14, 16, 17, 0),
	gsSP2Triangles(18, 19, 20, 0, 18, 20, 21, 0),
	gsSP2Triangles(22, 18, 23, 0, 22, 23, 24, 0),
	gsSP2Triangles(19, 25, 26, 0, 19, 26, 27, 0),
	gsSP2Triangles(28, 29, 30, 0, 28, 30, 31, 0),
	gsSPVertex(spaceworld_spaceworld_mesh_layer_1_vtx_0 + 96, 30, 0),
	gsSP2Triangles(0, 1, 2, 0, 0, 3, 1, 0),
	gsSP2Triangles(1, 4, 2, 0, 1, 5, 4, 0),
	gsSP2Triangles(6, 7, 8, 0, 8, 9, 6, 0),
	gsSP2Triangles(8, 10, 9, 0, 6, 9, 11, 0),
	gsSP2Triangles(6, 11, 12, 0, 13, 14, 15, 0),
	gsSP2Triangles(15, 16, 13, 0, 15, 17, 16, 0),
	gsSP2Triangles(18, 19, 17, 0, 18, 20, 19, 0),
	gsSP2Triangles(20, 21, 19, 0, 20, 22, 21, 0),
	gsSP2Triangles(23, 24, 25, 0, 23, 26, 24, 0),
	gsSP2Triangles(27, 26, 23, 0, 27, 23, 28, 0),
	gsSP1Triangle(28, 29, 27, 0),
	gsSPVertex(spaceworld_spaceworld_mesh_layer_1_vtx_0 + 126, 31, 0),
	gsSP2Triangles(0, 1, 2, 0, 0, 3, 1, 0),
	gsSP2Triangles(4, 3, 0, 0, 4, 5, 3, 0),
	gsSP2Triangles(6, 7, 8, 0, 6, 8, 9, 0),
	gsSP2Triangles(7, 10, 11, 0, 7, 11, 12, 0),
	gsSP2Triangles(13, 14, 15, 0, 13, 15, 16, 0),
	gsSP2Triangles(17, 13, 16, 0, 17, 16, 18, 0),
	gsSP2Triangles(19, 17, 18, 0, 19, 18, 20, 0),
	gsSP2Triangles(21, 20, 18, 0, 22, 21, 18, 0),
	gsSP2Triangles(22, 18, 23, 0, 24, 22, 23, 0),
	gsSP2Triangles(24, 23, 25, 0, 21, 26, 20, 0),
	gsSP2Triangles(27, 28, 29, 0, 27, 29, 30, 0),
	gsSPVertex(spaceworld_spaceworld_mesh_layer_1_vtx_0 + 157, 12, 0),
	gsSP2Triangles(0, 1, 2, 0, 0, 2, 3, 0),
	gsSP2Triangles(4, 5, 6, 0, 4, 6, 7, 0),
	gsSP2Triangles(8, 9, 10, 0, 8, 10, 11, 0),
	gsSPEndDisplayList(),
};

Vtx spaceworld_spaceworld_mesh_layer_1_vtx_1[80] = {
	{{ {-4053, 0, 850}, 0, {5930, 470}, {255, 255, 255, 255} }},
	{{ {-4073, 0, 947}, 0, {6192, 470}, {141, 141, 141, 255} }},
	{{ {-4053, 92, 850}, 0, {5930, 221}, {255, 255, 255, 255} }},
	{{ {-891, 0, 2891}, 0, {-2080, 470}, {141, 141, 141, 255} }},
	{{ {-769, 0, 2973}, 0, {-2412, 470}, {141, 141, 141, 255} }},
	{{ {-769, 92, 2973}, 0, {-2412, 221}, {255, 255, 255, 255} }},
	{{ {-3231, 0, 2973}, 0, {4255, 470}, {255, 255, 255, 255} }},
	{{ {-4973, 0, 1231}, 0, {8970, 470}, {255, 255, 255, 255} }},
	{{ {-4973, 1118, 1231}, 0, {8970, -2556}, {255, 255, 255, 255} }},
	{{ {-3231, 1118, 2973}, 0, {4255, -2556}, {255, 255, 255, 255} }},
	{{ {-4973, 1711, 1231}, 0, {8970, -4160}, {0, 0, 0, 255} }},
	{{ {-3231, 1711, 2973}, 0, {4255, -4160}, {59, 59, 59, 255} }},
	{{ {-769, 1118, 2973}, 0, {-2412, -2556}, {255, 255, 255, 255} }},
	{{ {-769, 1711, 2973}, 0, {-2412, -4160}, {0, 0, 0, 255} }},
	{{ {-4973, 1711, 1231}, 0, {6962, -4160}, {0, 0, 0, 255} }},
	{{ {-3231, 1711, -2973}, 0, {4255, -4160}, {0, 0, 0, 255} }},
	{{ {-4973, 1711, -1231}, 0, {295, -4160}, {0, 0, 0, 255} }},
	{{ {-4973, 1118, 1231}, 0, {6962, -2556}, {255, 255, 255, 255} }},
	{{ {-4973, 1118, -1231}, 0, {295, -2556}, {255, 255, 255, 255} }},
	{{ {973, 1711, 0}, 0, {3628, -4160}, {0, 0, 0, 255} }},
	{{ {973, 1711, -1231}, 0, {295, -4160}, {0, 0, 0, 255} }},
	{{ {-769, 1711, -2973}, 0, {-2412, -4160}, {35, 35, 35, 255} }},
	{{ {-3231, 1118, -2973}, 0, {4255, -2556}, {255, 255, 255, 255} }},
	{{ {-769, 1118, -2973}, 0, {-2412, -2556}, {255, 255, 255, 255} }},
	{{ {-3231, 0, -2973}, 0, {4255, 470}, {255, 255, 255, 255} }},
	{{ {-769, 0, -2973}, 0, {-2412, 470}, {255, 255, 255, 255} }},
	{{ {973, 1118, -1231}, 0, {-7127, -2556}, {255, 255, 255, 255} }},
	{{ {973, 0, -1231}, 0, {-7127, 470}, {255, 255, 255, 255} }},
	{{ {973, 1711, -1231}, 0, {-7127, -4160}, {0, 0, 0, 255} }},
	{{ {-1800, 0, 2973}, 0, {380, 470}, {255, 255, 255, 255} }},
	{{ {-769, 0, 2973}, 0, {-2412, 470}, {255, 255, 255, 255} }},
	{{ {-1800, 560, 2973}, 0, {380, -1045}, {255, 255, 255, 255} }},
	{{ {-1800, 560, 2973}, 0, {380, -1045}, {255, 255, 255, 255} }},
	{{ {-2200, 560, 2973}, 0, {1463, -1045}, {255, 255, 255, 255} }},
	{{ {-3231, 1118, 2973}, 0, {4255, -2556}, {255, 255, 255, 255} }},
	{{ {-3231, 0, 2973}, 0, {4255, 470}, {255, 255, 255, 255} }},
	{{ {-2200, 0, 2973}, 0, {1463, 470}, {255, 255, 255, 255} }},
	{{ {973, 0, 1231}, 0, {6962, 470}, {255, 255, 255, 255} }},
	{{ {-769, 0, 2973}, 0, {11676, 470}, {255, 255, 255, 255} }},
	{{ {-769, 1118, 2973}, 0, {11676, -2556}, {255, 255, 255, 255} }},
	{{ {973, 1118, 1231}, 0, {6962, -2556}, {255, 255, 255, 255} }},
	{{ {973, 1118, -1231}, 0, {295, -2556}, {255, 255, 255, 255} }},
	{{ {973, 1711, 0}, 0, {3628, -4160}, {0, 0, 0, 255} }},
	{{ {973, 1711, -1231}, 0, {295, -4160}, {0, 0, 0, 255} }},
	{{ {973, 1118, 0}, 0, {3628, -2556}, {255, 255, 255, 255} }},
	{{ {973, 1711, 1231}, 0, {6962, -4160}, {30, 30, 30, 255} }},
	{{ {-769, 1711, 2973}, 0, {-2412, -4160}, {0, 0, 0, 255} }},
	{{ {973, 1118, 1231}, 0, {6962, -2556}, {255, 255, 255, 255} }},
	{{ {-769, 1118, 2973}, 0, {11676, -2556}, {255, 255, 255, 255} }},
	{{ {-769, 1711, 2973}, 0, {11676, -4160}, {0, 0, 0, 255} }},
	{{ {973, 1118, -1231}, 0, {295, -2556}, {255, 255, 255, 255} }},
	{{ {973, 560, -200}, 0, {3087, -1045}, {255, 255, 255, 255} }},
	{{ {973, 560, 200}, 0, {4170, -1045}, {255, 255, 255, 255} }},
	{{ {973, 1118, 0}, 0, {3628, -2556}, {255, 255, 255, 255} }},
	{{ {973, 0, -200}, 0, {3087, 470}, {255, 255, 255, 255} }},
	{{ {973, 560, -200}, 0, {3087, -1045}, {255, 255, 255, 255} }},
	{{ {973, 0, -1231}, 0, {295, 470}, {255, 255, 255, 255} }},
	{{ {973, 560, 200}, 0, {4170, -1045}, {255, 255, 255, 255} }},
	{{ {973, 0, 200}, 0, {4170, 470}, {255, 255, 255, 255} }},
	{{ {973, 0, 1231}, 0, {6962, 470}, {255, 255, 255, 255} }},
	{{ {973, 1118, 1231}, 0, {6962, -2556}, {255, 255, 255, 255} }},
	{{ {-4973, 0, -1231}, 0, {295, 470}, {255, 255, 255, 255} }},
	{{ {-3231, 0, -2973}, 0, {-4420, 470}, {255, 255, 255, 255} }},
	{{ {-3231, 1118, -2973}, 0, {-4420, -2556}, {255, 255, 255, 255} }},
	{{ {-4973, 0, -1231}, 0, {295, 470}, {255, 255, 255, 255} }},
	{{ {-3231, 1118, -2973}, 0, {-4420, -2556}, {255, 255, 255, 255} }},
	{{ {-4973, 1118, -1231}, 0, {295, -2556}, {255, 255, 255, 255} }},
	{{ {-4973, 1118, -1231}, 0, {295, -2556}, {255, 255, 255, 255} }},
	{{ {-3231, 1118, -2973}, 0, {-4420, -2556}, {255, 255, 255, 255} }},
	{{ {-3231, 1711, -2973}, 0, {-4420, -4160}, {0, 0, 0, 255} }},
	{{ {-4973, 1711, -1231}, 0, {295, -4160}, {0, 0, 0, 255} }},
	{{ {-4973, 560, 200}, 0, {4170, -1045}, {255, 255, 255, 255} }},
	{{ {-4973, 560, -200}, 0, {3087, -1045}, {255, 255, 255, 255} }},
	{{ {-4973, 1118, 1231}, 0, {6962, -2556}, {255, 255, 255, 255} }},
	{{ {-4973, 0, 200}, 0, {4170, 470}, {255, 255, 255, 255} }},
	{{ {-4973, 560, 200}, 0, {4170, -1045}, {255, 255, 255, 255} }},
	{{ {-4973, 0, 1231}, 0, {6962, 470}, {255, 255, 255, 255} }},
	{{ {-4973, 560, -200}, 0, {3087, -1045}, {255, 255, 255, 255} }},
	{{ {-4973, 0, -200}, 0, {3087, 470}, {255, 255, 255, 255} }},
	{{ {-4973, 1118, -1231}, 0, {295, -2556}, {255, 255, 255, 255} }},
};

Gfx spaceworld_spaceworld_mesh_layer_1_tri_1[] = {
	gsSPVertex(spaceworld_spaceworld_mesh_layer_1_vtx_1 + 0, 32, 0),
	gsSP2Triangles(0, 1, 2, 0, 3, 4, 5, 0),
	gsSP2Triangles(6, 7, 8, 0, 6, 8, 9, 0),
	gsSP2Triangles(9, 8, 10, 0, 9, 10, 11, 0),
	gsSP2Triangles(12, 9, 11, 0, 12, 11, 13, 0),
	gsSP2Triangles(13, 11, 14, 0, 13, 14, 15, 0),
	gsSP2Triangles(14, 16, 15, 0, 17, 16, 14, 0),
	gsSP2Triangles(17, 18, 16, 0, 15, 19, 13, 0),
	gsSP2Triangles(15, 20, 19, 0, 15, 21, 20, 0),
	gsSP2Triangles(22, 21, 15, 0, 22, 23, 21, 0),
	gsSP2Triangles(24, 23, 22, 0, 24, 25, 23, 0),
	gsSP2Triangles(25, 26, 23, 0, 25, 27, 26, 0),
	gsSP2Triangles(23, 26, 28, 0, 23, 28, 21, 0),
	gsSP2Triangles(29, 12, 30, 0, 29, 31, 12, 0),
	gsSP1Triangle(31, 9, 12, 0),
	gsSPVertex(spaceworld_spaceworld_mesh_layer_1_vtx_1 + 32, 32, 0),
	gsSP2Triangles(0, 1, 2, 0, 1, 3, 2, 0),
	gsSP2Triangles(1, 4, 3, 0, 5, 6, 7, 0),
	gsSP2Triangles(5, 7, 8, 0, 9, 10, 11, 0),
	gsSP2Triangles(9, 12, 10, 0, 10, 12, 8, 0),
	gsSP2Triangles(10, 8, 13, 0, 10, 13, 14, 0),
	gsSP2Triangles(15, 16, 17, 0, 15, 17, 13, 0),
	gsSP2Triangles(18, 19, 20, 0, 20, 21, 18, 0),
	gsSP2Triangles(20, 15, 21, 0, 22, 23, 9, 0),
	gsSP2Triangles(22, 9, 24, 0, 25, 26, 27, 0),
	gsSP2Triangles(25, 27, 28, 0, 29, 30, 31, 0),
	gsSPVertex(spaceworld_spaceworld_mesh_layer_1_vtx_1 + 64, 16, 0),
	gsSP2Triangles(0, 1, 2, 0, 3, 4, 5, 0),
	gsSP2Triangles(3, 5, 6, 0, 7, 8, 3, 0),
	gsSP2Triangles(7, 3, 9, 0, 10, 11, 9, 0),
	gsSP2Triangles(10, 9, 12, 0, 13, 14, 0, 0),
	gsSP1Triangle(13, 0, 15, 0),
	gsSPEndDisplayList(),
};

Vtx spaceworld_spaceworld_mesh_layer_1_vtx_2[166] = {
	{{ {-4053, 0, 0}, 0, {2983, -1754}, {255, 255, 255, 255} }},
	{{ {-4053, 0, -580}, 0, {3242, -942}, {255, 255, 255, 255} }},
	{{ {-4053, 0, -850}, 0, {3364, -563}, {255, 255, 255, 255} }},
	{{ {-4973, 0, 1231}, 0, {3719, -3889}, {255, 255, 255, 255} }},
	{{ {-4973, 0, -1231}, 0, {4822, -442}, {255, 255, 255, 255} }},
	{{ {-4053, 0, 580}, 0, {2723, -2565}, {255, 255, 255, 255} }},
	{{ {-4053, 0, 850}, 0, {2602, -2944}, {255, 255, 255, 255} }},
	{{ {-4828, 0, 1260}, 0, {3503, -3865}, {255, 255, 255, 255} }},
	{{ {-3197, 0, 2891}, 0, {490, -5417}, {255, 255, 255, 255} }},
	{{ {-3231, 0, 2973}, 0, {501, -5547}, {255, 255, 255, 255} }},
	{{ {-891, 0, 2891}, 0, {-2738, -4384}, {141, 141, 141, 255} }},
	{{ {-769, 0, 2973}, 0, {-2947, -4444}, {141, 141, 141, 255} }},
	{{ {-1020, 0, 2806}, 0, {-2520, -4322}, {255, 255, 255, 255} }},
	{{ {-3162, 0, 2806}, 0, {479, -5281}, {255, 255, 255, 255} }},
	{{ {-1262, 0, 2221}, 0, {-1920, -3612}, {255, 255, 255, 255} }},
	{{ {-1204, 0, 2135}, 0, {-1961, -3467}, {141, 141, 141, 255} }},
	{{ {-2920, 0, 2221}, 0, {401, -4355}, {255, 255, 255, 255} }},
	{{ {-2884, 0, 2135}, 0, {390, -4219}, {141, 141, 141, 255} }},
	{{ {-4093, 0, 1048}, 0, {2568, -3238}, {255, 255, 255, 255} }},
	{{ {-4073, 0, 947}, 0, {2585, -3088}, {141, 141, 141, 255} }},
	{{ {-4677, 0, 1290}, 0, {3278, -3839}, {255, 255, 255, 255} }},
	{{ {53, -777, 850}, 0, {-3146, -1105}, {255, 255, 255, 255} }},
	{{ {53, -777, -850}, 0, {-2385, 1276}, {255, 255, 255, 255} }},
	{{ {-1198, -777, -2102}, 0, {-73, 2467}, {202, 202, 202, 255} }},
	{{ {-2850, -777, 2053}, 0, {379, -4089}, {255, 255, 255, 255} }},
	{{ {-4053, -777, 0}, 0, {2983, -1754}, {255, 255, 255, 255} }},
	{{ {-4053, -777, -580}, 0, {3242, -942}, {255, 255, 255, 255} }},
	{{ {-4053, -777, -850}, 0, {3364, -563}, {255, 255, 255, 255} }},
	{{ {-2850, -777, -2053}, 0, {2218, 1659}, {255, 255, 255, 255} }},
	{{ {-769, -777, -2973}, 0, {-284, 3879}, {255, 255, 255, 255} }},
	{{ {-3231, -777, -2973}, 0, {3164, 2776}, {255, 255, 255, 255} }},
	{{ {-4973, -777, -1231}, 0, {4822, -442}, {142, 142, 142, 255} }},
	{{ {-4053, -777, 0}, 0, {2983, -1754}, {255, 255, 255, 255} }},
	{{ {-4053, -777, 580}, 0, {2723, -2565}, {255, 255, 255, 255} }},
	{{ {-2850, -777, 2053}, 0, {379, -4089}, {255, 255, 255, 255} }},
	{{ {-4053, -777, 850}, 0, {2602, -2944}, {255, 255, 255, 255} }},
	{{ {-1150, -777, 2053}, 0, {-2001, -3327}, {255, 255, 255, 255} }},
	{{ {53, -777, 850}, 0, {-3146, -1105}, {255, 255, 255, 255} }},
	{{ {-769, -777, 2973}, 0, {-2947, -4444}, {142, 142, 142, 255} }},
	{{ {973, -777, 1231}, 0, {-4605, -1226}, {142, 142, 142, 255} }},
	{{ {53, 0, -850}, 0, {-2385, 1276}, {255, 255, 255, 255} }},
	{{ {641, 0, -1563}, 0, {-2888, 2537}, {255, 255, 255, 255} }},
	{{ {-9, 0, -913}, 0, {-2269, 1336}, {255, 255, 255, 255} }},
	{{ {704, 0, -1501}, 0, {-3004, 2478}, {255, 255, 255, 255} }},
	{{ {212, 0, -916}, 0, {-2577, 1438}, {255, 255, 255, 255} }},
	{{ {114, 0, -810}, 0, {-2487, 1247}, {141, 141, 141, 255} }},
	{{ {206, 0, -849}, 0, {-2600, 1342}, {255, 255, 255, 255} }},
	{{ {199, 0, -753}, 0, {-2633, 1205}, {255, 255, 255, 255} }},
	{{ {199, 0, 753}, 0, {-3307, -903}, {255, 255, 255, 255} }},
	{{ {114, 0, 810}, 0, {-3213, -1021}, {141, 141, 141, 255} }},
	{{ {827, 0, 1013}, 0, {-4303, -986}, {255, 255, 255, 255} }},
	{{ {913, 0, 1141}, 0, {-4480, -1127}, {141, 141, 141, 255} }},
	{{ {913, 0, 1060}, 0, {-4444, -1014}, {255, 255, 255, 255} }},
	{{ {973, 0, 1092}, 0, {-4542, -1031}, {255, 255, 255, 255} }},
	{{ {973, 0, 1231}, 0, {-4605, -1226}, {255, 255, 255, 255} }},
	{{ {913, 0, -1141}, 0, {-3458, 2068}, {255, 255, 255, 255} }},
	{{ {827, 0, -1013}, 0, {-3395, 1850}, {255, 255, 255, 255} }},
	{{ {973, 0, -1231}, 0, {-3502, 2221}, {255, 255, 255, 255} }},
	{{ {641, 0, -1563}, 0, {-2888, 2537}, {228, 228, 228, 255} }},
	{{ {641, -39, -1563}, 0, {-2888, 2537}, {170, 170, 170, 255} }},
	{{ {-9, -39, -913}, 0, {-2269, 1336}, {170, 170, 170, 255} }},
	{{ {579, -39, -1626}, 0, {-2773, 2597}, {254, 254, 254, 255} }},
	{{ {-72, -39, -976}, 0, {-2154, 1395}, {255, 255, 255, 255} }},
	{{ {579, -78, -1626}, 0, {-2773, 2597}, {171, 171, 171, 255} }},
	{{ {-72, -39, -976}, 0, {-2154, 1395}, {255, 255, 255, 255} }},
	{{ {579, -78, -1626}, 0, {-2773, 2597}, {171, 171, 171, 255} }},
	{{ {-72, -78, -976}, 0, {-2154, 1395}, {170, 170, 170, 255} }},
	{{ {516, -78, -1689}, 0, {-2657, 2656}, {193, 193, 193, 255} }},
	{{ {-134, -78, -1038}, 0, {-2038, 1455}, {255, 255, 255, 255} }},
	{{ {516, -117, -1689}, 0, {-2657, 2656}, {170, 170, 170, 255} }},
	{{ {-134, -117, -1038}, 0, {-2038, 1455}, {170, 170, 170, 255} }},
	{{ {454, -117, -1751}, 0, {-2542, 2716}, {254, 254, 254, 255} }},
	{{ {-197, -117, -1101}, 0, {-1922, 1514}, {255, 255, 255, 255} }},
	{{ {454, -156, -1751}, 0, {-2542, 2716}, {170, 170, 170, 255} }},
	{{ {-197, -156, -1101}, 0, {-1922, 1514}, {170, 170, 170, 255} }},
	{{ {391, -156, -1814}, 0, {-2426, 2776}, {255, 255, 255, 255} }},
	{{ {-259, -156, -1163}, 0, {-1807, 1574}, {255, 255, 255, 255} }},
	{{ {391, -195, -1814}, 0, {-2426, 2776}, {170, 170, 170, 255} }},
	{{ {-259, -195, -1163}, 0, {-1807, 1574}, {170, 170, 170, 255} }},
	{{ {328, -195, -1876}, 0, {-2310, 2835}, {255, 255, 255, 255} }},
	{{ {-322, -195, -1226}, 0, {-1691, 1633}, {255, 255, 255, 255} }},
	{{ {328, -234, -1876}, 0, {-2310, 2835}, {171, 171, 171, 255} }},
	{{ {-322, -234, -1226}, 0, {-1691, 1633}, {170, 170, 170, 255} }},
	{{ {266, -234, -1939}, 0, {-2195, 2895}, {255, 255, 255, 255} }},
	{{ {-385, -234, -1288}, 0, {-1576, 1693}, {255, 255, 255, 255} }},
	{{ {266, -273, -1939}, 0, {-2195, 2895}, {170, 170, 170, 255} }},
	{{ {-385, -273, -1288}, 0, {-1576, 1693}, {170, 170, 170, 255} }},
	{{ {203, -273, -2001}, 0, {-2079, 2954}, {255, 255, 255, 255} }},
	{{ {-447, -273, -1351}, 0, {-1460, 1752}, {255, 255, 255, 255} }},
	{{ {203, -312, -2001}, 0, {-2079, 2954}, {170, 170, 170, 255} }},
	{{ {-447, -312, -1351}, 0, {-1460, 1752}, {170, 170, 170, 255} }},
	{{ {141, -312, -2064}, 0, {-1963, 3014}, {255, 255, 255, 255} }},
	{{ {-510, -312, -1414}, 0, {-1344, 1812}, {255, 255, 255, 255} }},
	{{ {141, -351, -2064}, 0, {-1963, 3014}, {170, 170, 170, 255} }},
	{{ {-510, -351, -1414}, 0, {-1344, 1812}, {170, 170, 170, 255} }},
	{{ {78, -351, -2127}, 0, {-1848, 3073}, {255, 255, 255, 255} }},
	{{ {-510, -351, -1414}, 0, {-1344, 1812}, {170, 170, 170, 255} }},
	{{ {78, -351, -2127}, 0, {-1848, 3073}, {255, 255, 255, 255} }},
	{{ {-572, -351, -1476}, 0, {-1229, 1872}, {255, 255, 255, 255} }},
	{{ {78, -390, -2127}, 0, {-1848, 3073}, {170, 170, 170, 255} }},
	{{ {-572, -390, -1476}, 0, {-1229, 1872}, {170, 170, 170, 255} }},
	{{ {16, -390, -2189}, 0, {-1732, 3133}, {255, 255, 255, 255} }},
	{{ {-635, -390, -1539}, 0, {-1113, 1931}, {255, 255, 255, 255} }},
	{{ {16, -429, -2189}, 0, {-1732, 3133}, {171, 171, 171, 255} }},
	{{ {-635, -429, -1539}, 0, {-1113, 1931}, {170, 170, 170, 255} }},
	{{ {-47, -429, -2252}, 0, {-1617, 3192}, {255, 255, 255, 255} }},
	{{ {-698, -429, -1601}, 0, {-998, 1991}, {255, 255, 255, 255} }},
	{{ {-47, -467, -2252}, 0, {-1617, 3192}, {170, 170, 170, 255} }},
	{{ {-698, -467, -1601}, 0, {-998, 1991}, {170, 170, 170, 255} }},
	{{ {-110, -467, -2314}, 0, {-1501, 3252}, {255, 255, 255, 255} }},
	{{ {-760, -467, -1664}, 0, {-882, 2050}, {255, 255, 255, 255} }},
	{{ {-110, -506, -2314}, 0, {-1501, 3252}, {170, 170, 170, 255} }},
	{{ {-760, -506, -1664}, 0, {-882, 2050}, {170, 170, 170, 255} }},
	{{ {-172, -506, -2377}, 0, {-1385, 3312}, {255, 255, 255, 255} }},
	{{ {-823, -506, -1726}, 0, {-766, 2110}, {255, 255, 255, 255} }},
	{{ {-172, -545, -2377}, 0, {-1385, 3312}, {177, 177, 177, 255} }},
	{{ {-823, -545, -1726}, 0, {-766, 2110}, {170, 170, 170, 255} }},
	{{ {-235, -545, -2439}, 0, {-1270, 3371}, {255, 255, 255, 255} }},
	{{ {-885, -545, -1789}, 0, {-651, 2169}, {255, 255, 255, 255} }},
	{{ {-235, -584, -2439}, 0, {-1270, 3371}, {170, 170, 170, 255} }},
	{{ {-885, -584, -1789}, 0, {-651, 2169}, {170, 170, 170, 255} }},
	{{ {-297, -584, -2502}, 0, {-1154, 3431}, {255, 255, 255, 255} }},
	{{ {-948, -584, -1852}, 0, {-535, 2229}, {255, 255, 255, 255} }},
	{{ {-297, -623, -2502}, 0, {-1154, 3431}, {170, 170, 170, 255} }},
	{{ {-948, -623, -1852}, 0, {-535, 2229}, {170, 170, 170, 255} }},
	{{ {-360, -623, -2565}, 0, {-1039, 3490}, {255, 255, 255, 255} }},
	{{ {-1010, -623, -1914}, 0, {-419, 2289}, {255, 255, 255, 255} }},
	{{ {-360, -662, -2565}, 0, {-1039, 3490}, {170, 170, 170, 255} }},
	{{ {-1010, -623, -1914}, 0, {-419, 2289}, {255, 255, 255, 255} }},
	{{ {-360, -662, -2565}, 0, {-1039, 3490}, {170, 170, 170, 255} }},
	{{ {-1010, -662, -1914}, 0, {-419, 2289}, {170, 170, 170, 255} }},
	{{ {-422, -662, -2627}, 0, {-923, 3550}, {255, 255, 255, 255} }},
	{{ {-1073, -662, -1977}, 0, {-304, 2348}, {255, 255, 255, 255} }},
	{{ {-422, -701, -2627}, 0, {-923, 3550}, {255, 255, 255, 255} }},
	{{ {-1073, -701, -1977}, 0, {-304, 2348}, {170, 170, 170, 255} }},
	{{ {-485, -701, -2690}, 0, {-807, 3609}, {255, 255, 255, 255} }},
	{{ {-1136, -701, -2039}, 0, {-188, 2408}, {255, 255, 255, 255} }},
	{{ {-485, -740, -2690}, 0, {-807, 3609}, {170, 170, 170, 255} }},
	{{ {-1136, -740, -2039}, 0, {-188, 2408}, {170, 170, 170, 255} }},
	{{ {-548, -740, -2752}, 0, {-692, 3669}, {255, 255, 255, 255} }},
	{{ {-1198, -740, -2102}, 0, {-73, 2467}, {255, 255, 255, 255} }},
	{{ {-548, -777, -2752}, 0, {-692, 3669}, {170, 170, 170, 255} }},
	{{ {-1198, -777, -2102}, 0, {-73, 2467}, {170, 170, 170, 255} }},
	{{ {-769, -777, -2973}, 0, {-284, 3879}, {255, 255, 255, 255} }},
	{{ {-3579, -461, 0}, 0, {-1057, 2825}, {155, 155, 155, 255} }},
	{{ {-3579, -461, 420}, 0, {-1300, 2358}, {142, 142, 142, 255} }},
	{{ {-3289, -461, 205}, 0, {-1498, 2765}, {255, 255, 255, 255} }},
	{{ {-3289, -461, 0}, 0, {-1380, 2993}, {255, 255, 255, 255} }},
	{{ {-3579, -461, -420}, 0, {-814, 3292}, {146, 146, 146, 255} }},
	{{ {-3289, -461, -205}, 0, {-1262, 3220}, {255, 255, 255, 255} }},
	{{ {-4053, -145, 0}, 0, {-530, 2551}, {142, 142, 142, 255} }},
	{{ {-4053, -145, 580}, 0, {-865, 1906}, {142, 142, 142, 255} }},
	{{ {-3579, -145, 420}, 0, {-1300, 2358}, {255, 255, 255, 255} }},
	{{ {-3579, -145, 0}, 0, {-1057, 2825}, {255, 255, 255, 255} }},
	{{ {-4053, -145, -580}, 0, {-195, 3195}, {142, 142, 142, 255} }},
	{{ {-3579, -145, -420}, 0, {-814, 3292}, {255, 255, 255, 255} }},
	{{ {-1404, -777, -3494}, 0, {839, 4324}, {142, 142, 142, 255} }},
	{{ {-2596, -777, -3027}, 0, {2299, 3136}, {78, 78, 78, 255} }},
	{{ {-1404, -777, -3027}, 0, {629, 3670}, {78, 78, 78, 255} }},
	{{ {-2596, -777, -3494}, 0, {2508, 3790}, {142, 142, 142, 255} }},
	{{ {-2596, -777, -3494}, 0, {2508, 3790}, {142, 142, 142, 255} }},
	{{ {-1404, -777, -3494}, 0, {839, 4324}, {142, 142, 142, 255} }},
	{{ {-1404, 0, -4506}, 0, {1292, 5740}, {159, 159, 159, 255} }},
	{{ {-2596, 0, -4506}, 0, {2961, 5206}, {159, 159, 159, 255} }},
	{{ {-1404, 0, -4973}, 0, {1501, 6394}, {131, 131, 131, 255} }},
	{{ {-2596, 0, -4973}, 0, {3170, 5860}, {131, 131, 131, 255} }},
};

Gfx spaceworld_spaceworld_mesh_layer_1_tri_2[] = {
	gsSPVertex(spaceworld_spaceworld_mesh_layer_1_vtx_2 + 0, 32, 0),
	gsSP2Triangles(0, 1, 2, 0, 0, 2, 3, 0),
	gsSP2Triangles(2, 4, 3, 0, 3, 5, 0, 0),
	gsSP2Triangles(3, 6, 5, 0, 7, 6, 3, 0),
	gsSP2Triangles(8, 7, 3, 0, 8, 3, 9, 0),
	gsSP2Triangles(10, 8, 9, 0, 10, 9, 11, 0),
	gsSP2Triangles(12, 8, 10, 0, 12, 13, 8, 0),
	gsSP2Triangles(14, 13, 12, 0, 14, 12, 10, 0),
	gsSP2Triangles(14, 10, 15, 0, 16, 14, 15, 0),
	gsSP2Triangles(16, 15, 17, 0, 18, 16, 17, 0),
	gsSP2Triangles(18, 17, 19, 0, 20, 18, 19, 0),
	gsSP2Triangles(20, 19, 7, 0, 7, 19, 6, 0),
	gsSP2Triangles(13, 20, 7, 0, 16, 20, 13, 0),
	gsSP2Triangles(14, 16, 13, 0, 16, 18, 20, 0),
	gsSP2Triangles(13, 7, 8, 0, 21, 22, 23, 0),
	gsSP2Triangles(24, 21, 23, 0, 23, 25, 24, 0),
	gsSP2Triangles(23, 26, 25, 0, 23, 27, 26, 0),
	gsSP2Triangles(23, 28, 27, 0, 28, 23, 29, 0),
	gsSP2Triangles(28, 29, 30, 0, 27, 28, 30, 0),
	gsSP1Triangle(27, 30, 31, 0),
	gsSPVertex(spaceworld_spaceworld_mesh_layer_1_vtx_2 + 32, 32, 0),
	gsSP2Triangles(0, 1, 2, 0, 1, 3, 2, 0),
	gsSP2Triangles(2, 4, 5, 0, 5, 4, 6, 0),
	gsSP2Triangles(5, 6, 7, 0, 8, 9, 10, 0),
	gsSP2Triangles(8, 11, 9, 0, 8, 12, 11, 0),
	gsSP2Triangles(13, 12, 8, 0, 13, 14, 12, 0),
	gsSP2Triangles(15, 14, 13, 0, 16, 15, 13, 0),
	gsSP2Triangles(16, 13, 17, 0, 18, 16, 17, 0),
	gsSP2Triangles(18, 17, 19, 0, 20, 18, 19, 0),
	gsSP2Triangles(21, 20, 19, 0, 21, 19, 22, 0),
	gsSP2Triangles(23, 20, 21, 0, 24, 20, 23, 0),
	gsSP2Triangles(14, 24, 23, 0, 12, 14, 23, 0),
	gsSP2Triangles(12, 23, 25, 0, 23, 21, 25, 0),
	gsSP2Triangles(12, 25, 11, 0, 15, 16, 18, 0),
	gsSP2Triangles(15, 18, 24, 0, 24, 18, 20, 0),
	gsSP2Triangles(14, 15, 24, 0, 10, 26, 27, 0),
	gsSP2Triangles(10, 27, 28, 0, 28, 27, 29, 0),
	gsSP2Triangles(28, 29, 30, 0, 30, 29, 31, 0),
	gsSPVertex(spaceworld_spaceworld_mesh_layer_1_vtx_2 + 64, 32, 0),
	gsSP2Triangles(0, 1, 2, 0, 2, 1, 3, 0),
	gsSP2Triangles(2, 3, 4, 0, 4, 3, 5, 0),
	gsSP2Triangles(4, 5, 6, 0, 6, 5, 7, 0),
	gsSP2Triangles(6, 7, 8, 0, 8, 7, 9, 0),
	gsSP2Triangles(8, 9, 10, 0, 10, 9, 11, 0),
	gsSP2Triangles(10, 11, 12, 0, 12, 11, 13, 0),
	gsSP2Triangles(12, 13, 14, 0, 14, 13, 15, 0),
	gsSP2Triangles(14, 15, 16, 0, 16, 15, 17, 0),
	gsSP2Triangles(16, 17, 18, 0, 18, 17, 19, 0),
	gsSP2Triangles(18, 19, 20, 0, 20, 19, 21, 0),
	gsSP2Triangles(20, 21, 22, 0, 22, 21, 23, 0),
	gsSP2Triangles(22, 23, 24, 0, 24, 23, 25, 0),
	gsSP2Triangles(24, 25, 26, 0, 26, 25, 27, 0),
	gsSP2Triangles(26, 27, 28, 0, 28, 27, 29, 0),
	gsSP2Triangles(28, 29, 30, 0, 30, 29, 31, 0),
	gsSPVertex(spaceworld_spaceworld_mesh_layer_1_vtx_2 + 96, 32, 0),
	gsSP2Triangles(0, 1, 2, 0, 2, 1, 3, 0),
	gsSP2Triangles(2, 3, 4, 0, 4, 3, 5, 0),
	gsSP2Triangles(4, 5, 6, 0, 6, 5, 7, 0),
	gsSP2Triangles(6, 7, 8, 0, 8, 7, 9, 0),
	gsSP2Triangles(8, 9, 10, 0, 10, 9, 11, 0),
	gsSP2Triangles(10, 11, 12, 0, 12, 11, 13, 0),
	gsSP2Triangles(12, 13, 14, 0, 14, 13, 15, 0),
	gsSP2Triangles(14, 15, 16, 0, 16, 15, 17, 0),
	gsSP2Triangles(16, 17, 18, 0, 18, 17, 19, 0),
	gsSP2Triangles(18, 19, 20, 0, 20, 19, 21, 0),
	gsSP2Triangles(20, 21, 22, 0, 22, 21, 23, 0),
	gsSP2Triangles(22, 23, 24, 0, 24, 23, 25, 0),
	gsSP2Triangles(24, 25, 26, 0, 26, 25, 27, 0),
	gsSP2Triangles(26, 27, 28, 0, 28, 27, 29, 0),
	gsSP2Triangles(28, 29, 30, 0, 30, 29, 31, 0),
	gsSPVertex(spaceworld_spaceworld_mesh_layer_1_vtx_2 + 128, 32, 0),
	gsSP2Triangles(0, 1, 2, 0, 2, 1, 3, 0),
	gsSP2Triangles(2, 3, 4, 0, 4, 3, 5, 0),
	gsSP2Triangles(4, 5, 6, 0, 6, 5, 7, 0),
	gsSP2Triangles(6, 7, 8, 0, 8, 7, 9, 0),
	gsSP2Triangles(8, 9, 10, 0, 10, 9, 11, 0),
	gsSP2Triangles(10, 11, 12, 0, 12, 11, 13, 0),
	gsSP2Triangles(12, 13, 14, 0, 13, 15, 14, 0),
	gsSP2Triangles(16, 17, 18, 0, 16, 18, 19, 0),
	gsSP2Triangles(20, 16, 19, 0, 20, 19, 21, 0),
	gsSP2Triangles(22, 23, 24, 0, 22, 24, 25, 0),
	gsSP2Triangles(26, 22, 25, 0, 26, 25, 27, 0),
	gsSP2Triangles(28, 29, 30, 0, 28, 31, 29, 0),
	gsSPVertex(spaceworld_spaceworld_mesh_layer_1_vtx_2 + 160, 6, 0),
	gsSP2Triangles(0, 1, 2, 0, 0, 2, 3, 0),
	gsSP2Triangles(3, 2, 4, 0, 3, 4, 5, 0),
	gsSPEndDisplayList(),
};

Vtx spaceworld_spaceworld_mesh_layer_1_vtx_3[68] = {
	{{ {-2200, 0, -4973}, 0, {1463, 470}, {238, 238, 238, 255} }},
	{{ {-2200, 560, -4973}, 0, {1463, -1045}, {255, 255, 255, 255} }},
	{{ {-2596, 884, -4973}, 0, {2535, -1921}, {135, 135, 135, 255} }},
	{{ {-2596, 0, -4973}, 0, {2535, 470}, {131, 131, 131, 255} }},
	{{ {-1800, 560, -4973}, 0, {380, -1045}, {255, 255, 255, 255} }},
	{{ {-1800, 0, -4973}, 0, {380, 470}, {238, 238, 238, 255} }},
	{{ {-1404, 0, -4973}, 0, {-693, 470}, {131, 131, 131, 255} }},
	{{ {-1404, 884, -4973}, 0, {-693, -1921}, {135, 135, 135, 255} }},
	{{ {-2596, 884, -4973}, 0, {2535, -1921}, {135, 135, 135, 255} }},
	{{ {-1599, 1109, -4973}, 0, {-164, -2532}, {89, 89, 89, 255} }},
	{{ {-2401, 1109, -4973}, 0, {2007, -2532}, {89, 89, 89, 255} }},
	{{ {-1404, 884, -4973}, 0, {-9834, -1921}, {135, 135, 135, 255} }},
	{{ {-1404, 0, -4973}, 0, {-9834, 470}, {131, 131, 131, 255} }},
	{{ {-1404, 0, -4506}, 0, {-8569, 470}, {159, 159, 159, 255} }},
	{{ {-1404, 884, -4506}, 0, {-8569, -1921}, {194, 194, 194, 255} }},
	{{ {-1404, 107, -3494}, 0, {-5830, 181}, {201, 201, 201, 255} }},
	{{ {-1404, -777, -3494}, 0, {-5830, 2573}, {142, 142, 142, 255} }},
	{{ {-1404, 107, -3027}, 0, {-4565, 181}, {150, 150, 150, 255} }},
	{{ {-1404, -777, -3027}, 0, {-4565, 2573}, {78, 78, 78, 255} }},
	{{ {-1599, 1109, -4973}, 0, {-9834, -2532}, {89, 89, 89, 255} }},
	{{ {-1599, 1109, -4506}, 0, {-8569, -2532}, {202, 202, 202, 255} }},
	{{ {-1599, 332, -3494}, 0, {-5830, -430}, {238, 238, 238, 255} }},
	{{ {-1404, 107, -3494}, 0, {-5830, 181}, {201, 201, 201, 255} }},
	{{ {-1599, 332, -3027}, 0, {-4565, -430}, {157, 157, 157, 255} }},
	{{ {-1404, 107, -3027}, 0, {-4565, 181}, {150, 150, 150, 255} }},
	{{ {-2596, 884, -4973}, 0, {-9834, -1921}, {135, 135, 135, 255} }},
	{{ {-2401, 1109, -4973}, 0, {-9834, -2532}, {89, 89, 89, 255} }},
	{{ {-2401, 1109, -4506}, 0, {-8569, -2532}, {202, 202, 202, 255} }},
	{{ {-2596, 884, -4506}, 0, {-8569, -1921}, {194, 194, 194, 255} }},
	{{ {-2596, 107, -3494}, 0, {-5830, 181}, {201, 201, 201, 255} }},
	{{ {-2401, 332, -3494}, 0, {-5830, -430}, {238, 238, 238, 255} }},
	{{ {-2596, 107, -3027}, 0, {-4565, 181}, {150, 150, 150, 255} }},
	{{ {-2596, 107, -3027}, 0, {-4565, 181}, {150, 150, 150, 255} }},
	{{ {-2401, 332, -3494}, 0, {-5830, -430}, {238, 238, 238, 255} }},
	{{ {-2401, 332, -3027}, 0, {-4565, -430}, {157, 157, 157, 255} }},
	{{ {-2596, 884, -4506}, 0, {-8569, -1921}, {194, 194, 194, 255} }},
	{{ {-2596, 107, -3494}, 0, {-5830, 181}, {201, 201, 201, 255} }},
	{{ {-2596, -777, -3494}, 0, {-5830, 2573}, {142, 142, 142, 255} }},
	{{ {-2596, 0, -4506}, 0, {-8569, 470}, {159, 159, 159, 255} }},
	{{ {-2596, 0, -4973}, 0, {-9834, 470}, {131, 131, 131, 255} }},
	{{ {-2596, 884, -4973}, 0, {-9834, -1921}, {135, 135, 135, 255} }},
	{{ {-2596, 884, -4506}, 0, {-8569, -1921}, {194, 194, 194, 255} }},
	{{ {-2401, 1109, -4973}, 0, {2007, 9961}, {89, 89, 89, 255} }},
	{{ {-1599, 1109, -4973}, 0, {-164, 9961}, {89, 89, 89, 255} }},
	{{ {-1599, 1109, -4506}, 0, {-164, 8696}, {202, 202, 202, 255} }},
	{{ {-2401, 1109, -4506}, 0, {2007, 8696}, {202, 202, 202, 255} }},
	{{ {-2401, 332, -3494}, 0, {2007, 5958}, {238, 238, 238, 255} }},
	{{ {-1599, 332, -3494}, 0, {-164, 5958}, {238, 238, 238, 255} }},
	{{ {-2401, 332, -3027}, 0, {2007, 4693}, {157, 157, 157, 255} }},
	{{ {-1599, 332, -3027}, 0, {-164, 4693}, {157, 157, 157, 255} }},
	{{ {-2200, -217, -3027}, 0, {1463, 1057}, {255, 255, 255, 255} }},
	{{ {-2596, 107, -3027}, 0, {2535, 181}, {150, 150, 150, 255} }},
	{{ {-1404, 107, -3027}, 0, {-693, 181}, {150, 150, 150, 255} }},
	{{ {-1800, -217, -3027}, 0, {380, 1057}, {255, 255, 255, 255} }},
	{{ {-2200, -777, -3027}, 0, {1463, 2573}, {238, 238, 238, 255} }},
	{{ {-2596, -777, -3027}, 0, {2535, 2573}, {78, 78, 78, 255} }},
	{{ {-2200, -217, -3027}, 0, {1463, 1057}, {255, 255, 255, 255} }},
	{{ {-1800, -217, -3027}, 0, {380, 1057}, {255, 255, 255, 255} }},
	{{ {-1404, 107, -3027}, 0, {-693, 181}, {150, 150, 150, 255} }},
	{{ {-1404, -777, -3027}, 0, {-693, 2573}, {78, 78, 78, 255} }},
	{{ {-1800, -777, -3027}, 0, {380, 2573}, {238, 238, 238, 255} }},
	{{ {-2596, 107, -3027}, 0, {2535, 181}, {150, 150, 150, 255} }},
	{{ {-2401, 332, -3027}, 0, {2007, -430}, {157, 157, 157, 255} }},
	{{ {-1599, 332, -3027}, 0, {-164, -430}, {157, 157, 157, 255} }},
	{{ {-2596, -777, -3027}, 0, {-4565, 2573}, {78, 78, 78, 255} }},
	{{ {-2596, -777, -3494}, 0, {-5830, 2573}, {142, 142, 142, 255} }},
	{{ {-2596, 107, -3494}, 0, {-5830, 181}, {201, 201, 201, 255} }},
	{{ {-2596, 107, -3027}, 0, {-4565, 181}, {150, 150, 150, 255} }},
};

Gfx spaceworld_spaceworld_mesh_layer_1_tri_3[] = {
	gsSPVertex(spaceworld_spaceworld_mesh_layer_1_vtx_3 + 0, 32, 0),
	gsSP2Triangles(0, 1, 2, 0, 0, 2, 3, 0),
	gsSP2Triangles(4, 5, 6, 0, 4, 6, 7, 0),
	gsSP2Triangles(1, 4, 7, 0, 1, 7, 8, 0),
	gsSP2Triangles(8, 7, 9, 0, 8, 9, 10, 0),
	gsSP2Triangles(11, 12, 13, 0, 11, 13, 14, 0),
	gsSP2Triangles(13, 15, 14, 0, 13, 16, 15, 0),
	gsSP2Triangles(17, 15, 16, 0, 17, 16, 18, 0),
	gsSP2Triangles(19, 11, 14, 0, 19, 14, 20, 0),
	gsSP2Triangles(14, 21, 20, 0, 14, 22, 21, 0),
	gsSP2Triangles(23, 21, 22, 0, 23, 22, 24, 0),
	gsSP2Triangles(25, 26, 27, 0, 25, 27, 28, 0),
	gsSP2Triangles(27, 29, 28, 0, 27, 30, 29, 0),
	gsSP1Triangle(31, 29, 30, 0),
	gsSPVertex(spaceworld_spaceworld_mesh_layer_1_vtx_3 + 32, 32, 0),
	gsSP2Triangles(0, 1, 2, 0, 3, 4, 5, 0),
	gsSP2Triangles(3, 5, 6, 0, 7, 8, 9, 0),
	gsSP2Triangles(7, 9, 6, 0, 10, 11, 12, 0),
	gsSP2Triangles(10, 12, 13, 0, 12, 14, 13, 0),
	gsSP2Triangles(12, 15, 14, 0, 16, 14, 15, 0),
	gsSP2Triangles(16, 15, 17, 0, 18, 19, 20, 0),
	gsSP2Triangles(18, 20, 21, 0, 22, 23, 19, 0),
	gsSP2Triangles(22, 19, 24, 0, 25, 26, 27, 0),
	gsSP2Triangles(25, 27, 28, 0, 29, 30, 31, 0),
	gsSP1Triangle(29, 31, 20, 0),
	gsSPVertex(spaceworld_spaceworld_mesh_layer_1_vtx_3 + 64, 4, 0),
	gsSP2Triangles(0, 1, 2, 0, 0, 2, 3, 0),
	gsSPEndDisplayList(),
};

Vtx spaceworld_spaceworld_mesh_layer_1_vtx_4[52] = {
	{{ {-2200, -497, -2973}, 0, {-26, 126}, {217, 217, 217, 255} }},
	{{ {-2200, -777, -2973}, 0, {-1475, 1574}, {217, 217, 217, 255} }},
	{{ {-2168, -777, -2973}, 0, {-1308, 1740}, {175, 175, 175, 255} }},
	{{ {-2168, -515, -2973}, 0, {46, 385}, {217, 217, 217, 255} }},
	{{ {-2200, -217, -2973}, 0, {1422, -1322}, {217, 217, 217, 255} }},
	{{ {-2168, -253, -2973}, 0, {1401, -970}, {175, 175, 175, 255} }},
	{{ {-2000, -217, -2973}, 0, {2456, -288}, {217, 217, 217, 255} }},
	{{ {-2000, -253, -2973}, 0, {2270, -102}, {217, 217, 217, 255} }},
	{{ {-1800, -217, -2973}, 0, {3491, 746}, {217, 217, 217, 255} }},
	{{ {-1832, -253, -2973}, 0, {3138, 767}, {175, 175, 175, 255} }},
	{{ {-1800, -497, -2973}, 0, {2042, 2194}, {217, 217, 217, 255} }},
	{{ {-1832, -515, -2973}, 0, {1783, 2122}, {217, 217, 217, 255} }},
	{{ {-1800, -777, -2973}, 0, {594, 3643}, {217, 217, 217, 255} }},
	{{ {-1832, -777, -2973}, 0, {428, 3477}, {175, 175, 175, 255} }},
	{{ {-1832, -515, -2973}, 0, {776, 1115}, {217, 217, 217, 255} }},
	{{ {-1832, -253, -2973}, 0, {2131, -240}, {149, 149, 149, 255} }},
	{{ {-1832, -253, -3027}, 0, {2408, 37}, {148, 148, 148, 255} }},
	{{ {-1832, -515, -3027}, 0, {1053, 1392}, {217, 217, 217, 255} }},
	{{ {-1832, -777, -2973}, 0, {-578, 2470}, {148, 148, 148, 255} }},
	{{ {-1832, -777, -3027}, 0, {-302, 2747}, {148, 148, 148, 255} }},
	{{ {-2000, -253, -2973}, 0, {1085, 1083}, {217, 217, 217, 255} }},
	{{ {-2168, -253, -2973}, 0, {216, 215}, {148, 148, 148, 255} }},
	{{ {-2168, -253, -3027}, 0, {493, -62}, {148, 148, 148, 255} }},
	{{ {-2000, -253, -3027}, 0, {1361, 807}, {217, 217, 217, 255} }},
	{{ {-1832, -253, -2973}, 0, {1953, 1952}, {149, 149, 149, 255} }},
	{{ {-1832, -253, -3027}, 0, {2230, 1675}, {148, 148, 148, 255} }},
	{{ {-2168, -515, -2973}, 0, {776, 1115}, {217, 217, 217, 255} }},
	{{ {-2168, -777, -2973}, 0, {-578, 2470}, {148, 148, 148, 255} }},
	{{ {-2168, -777, -3027}, 0, {-302, 2747}, {157, 157, 157, 255} }},
	{{ {-2168, -515, -3027}, 0, {1053, 1392}, {217, 217, 217, 255} }},
	{{ {-2168, -253, -2973}, 0, {2131, -240}, {148, 148, 148, 255} }},
	{{ {-2168, -253, -3027}, 0, {2408, 37}, {148, 148, 148, 255} }},
	{{ {-2200, -497, -3027}, 0, {-26, 126}, {217, 217, 217, 255} }},
	{{ {-2168, -777, -3027}, 0, {-1308, 1740}, {175, 175, 175, 255} }},
	{{ {-2200, -777, -3027}, 0, {-1475, 1574}, {217, 217, 217, 255} }},
	{{ {-2168, -515, -3027}, 0, {46, 385}, {217, 217, 217, 255} }},
	{{ {-2200, -217, -3027}, 0, {1422, -1322}, {217, 217, 217, 255} }},
	{{ {-2168, -253, -3027}, 0, {1401, -970}, {175, 175, 175, 255} }},
	{{ {-2000, -217, -3027}, 0, {2456, -288}, {217, 217, 217, 255} }},
	{{ {-2000, -253, -3027}, 0, {2270, -102}, {217, 217, 217, 255} }},
	{{ {-1800, -217, -3027}, 0, {3491, 746}, {217, 217, 217, 255} }},
	{{ {-1832, -253, -3027}, 0, {3138, 767}, {175, 175, 175, 255} }},
	{{ {-1800, -497, -3027}, 0, {2042, 2194}, {217, 217, 217, 255} }},
	{{ {-1832, -515, -3027}, 0, {1783, 2122}, {217, 217, 217, 255} }},
	{{ {-1800, -777, -3027}, 0, {594, 3643}, {217, 217, 217, 255} }},
	{{ {-1832, -777, -3027}, 0, {428, 3477}, {175, 175, 175, 255} }},
	{{ {-2000, -777, -2973}, 0, {1085, 1083}, {217, 217, 217, 255} }},
	{{ {-1832, -777, -2973}, 0, {1953, 1952}, {148, 148, 148, 255} }},
	{{ {-1832, -777, -3027}, 0, {2230, 1675}, {148, 148, 148, 255} }},
	{{ {-2000, -777, -3027}, 0, {1361, 807}, {217, 217, 217, 255} }},
	{{ {-2168, -777, -2973}, 0, {216, 215}, {148, 148, 148, 255} }},
	{{ {-2168, -777, -3027}, 0, {493, -62}, {157, 157, 157, 255} }},
};

Gfx spaceworld_spaceworld_mesh_layer_1_tri_4[] = {
	gsSPVertex(spaceworld_spaceworld_mesh_layer_1_vtx_4 + 0, 32, 0),
	gsSP2Triangles(0, 1, 2, 0, 0, 2, 3, 0),
	gsSP2Triangles(4, 0, 3, 0, 4, 3, 5, 0),
	gsSP2Triangles(6, 4, 5, 0, 6, 5, 7, 0),
	gsSP2Triangles(8, 6, 7, 0, 8, 7, 9, 0),
	gsSP2Triangles(10, 8, 9, 0, 10, 9, 11, 0),
	gsSP2Triangles(12, 10, 11, 0, 12, 11, 13, 0),
	gsSP2Triangles(14, 15, 16, 0, 14, 16, 17, 0),
	gsSP2Triangles(18, 14, 17, 0, 18, 17, 19, 0),
	gsSP2Triangles(20, 21, 22, 0, 20, 22, 23, 0),
	gsSP2Triangles(24, 20, 23, 0, 24, 23, 25, 0),
	gsSP2Triangles(26, 27, 28, 0, 26, 28, 29, 0),
	gsSP2Triangles(30, 26, 29, 0, 30, 29, 31, 0),
	gsSPVertex(spaceworld_spaceworld_mesh_layer_1_vtx_4 + 32, 20, 0),
	gsSP2Triangles(0, 1, 2, 0, 0, 3, 1, 0),
	gsSP2Triangles(4, 3, 0, 0, 4, 5, 3, 0),
	gsSP2Triangles(6, 5, 4, 0, 6, 7, 5, 0),
	gsSP2Triangles(8, 7, 6, 0, 8, 9, 7, 0),
	gsSP2Triangles(10, 9, 8, 0, 10, 11, 9, 0),
	gsSP2Triangles(12, 11, 10, 0, 12, 13, 11, 0),
	gsSP2Triangles(14, 15, 16, 0, 14, 16, 17, 0),
	gsSP2Triangles(18, 14, 17, 0, 18, 17, 19, 0),
	gsSPEndDisplayList(),
};

Vtx spaceworld_spaceworld_mesh_layer_4_vtx_0[4] = {
	{{ {-4229, 1022, 1890}, 0, {-16, -16}, {166, 0, 90, 255} }},
	{{ {-4229, 422, 1890}, 0, {-16, 1008}, {166, 0, 90, 255} }},
	{{ {-3804, 422, 2314}, 0, {1008, 1008}, {166, 0, 90, 255} }},
	{{ {-3804, 1022, 2314}, 0, {1008, -16}, {166, 0, 90, 255} }},
};

Gfx spaceworld_spaceworld_mesh_layer_4_tri_0[] = {
	gsSPVertex(spaceworld_spaceworld_mesh_layer_4_vtx_0 + 0, 4, 0),
	gsSP2Triangles(0, 1, 2, 0, 0, 2, 3, 0),
	gsSPEndDisplayList(),
};

Vtx spaceworld_spaceworld_mesh_layer_4_vtx_1[4] = {
	{{ {-4229, 1022, -1939}, 0, {1008, -16}, {166, 0, 166, 255} }},
	{{ {-3804, 1022, -2363}, 0, {-16, -16}, {166, 0, 166, 255} }},
	{{ {-3804, 422, -2363}, 0, {-16, 1008}, {166, 0, 166, 255} }},
	{{ {-4229, 422, -1939}, 0, {1008, 1008}, {166, 0, 166, 255} }},
};

Gfx spaceworld_spaceworld_mesh_layer_4_tri_1[] = {
	gsSPVertex(spaceworld_spaceworld_mesh_layer_4_vtx_1 + 0, 4, 0),
	gsSP2Triangles(0, 1, 2, 0, 0, 2, 3, 0),
	gsSPEndDisplayList(),
};


Gfx mat_spaceworld_spaceworld1_vcolor[] = {
	gsSPClearGeometryMode(G_LIGHTING),
	gsDPPipeSync(),
	gsDPSetCombineLERP(TEXEL0, 0, SHADE, 0, ENVIRONMENT, 0, SHADE, 0, TEXEL0, 0, SHADE, 0, ENVIRONMENT, 0, SHADE, 0),
	gsDPSetAlphaDither(G_AD_NOISE),
	gsDPSetTextureLUT(G_TT_RGBA16),
	gsSPTexture(65535, 65535, 0, 0, 1),
	gsDPSetTextureImage(G_IM_FMT_RGBA, G_IM_SIZ_16b, 1, spaceworld_spaceworldbrick1_pal_rgba16),
	gsDPSetTile(0, 0, 0, 256, 5, 0, G_TX_WRAP | G_TX_NOMIRROR, 0, 0, G_TX_WRAP | G_TX_NOMIRROR, 0, 0),
	gsDPLoadTLUTCmd(5, 246),
	gsDPSetTextureImage(G_IM_FMT_CI, G_IM_SIZ_8b_LOAD_BLOCK, 1, spaceworld_spaceworldbrick1_ci8),
	gsDPSetTile(G_IM_FMT_CI, G_IM_SIZ_8b_LOAD_BLOCK, 0, 0, 7, 0, G_TX_WRAP | G_TX_NOMIRROR, 0, 0, G_TX_WRAP | G_TX_NOMIRROR, 0, 0),
	gsDPLoadBlock(7, 0, 0, 1023, 512),
	gsDPSetTile(G_IM_FMT_CI, G_IM_SIZ_8b, 4, 0, 0, 0, G_TX_CLAMP | G_TX_NOMIRROR, 6, 0, G_TX_WRAP | G_TX_NOMIRROR, 5, 0),
	gsDPSetTileSize(0, 0, 0, 124, 252),
	gsSPEndDisplayList(),
};

Gfx mat_revert_spaceworld_spaceworld1_vcolor[] = {
	gsSPSetGeometryMode(G_LIGHTING),
	gsDPPipeSync(),
	gsDPSetAlphaDither(G_AD_DISABLE),
	gsDPSetTextureLUT(G_TT_NONE),
	gsSPEndDisplayList(),
};

Gfx mat_spaceworld_spaceworld2_vcolor[] = {
	gsSPClearGeometryMode(G_LIGHTING),
	gsDPPipeSync(),
	gsDPSetCombineLERP(TEXEL0, 0, SHADE, 0, ENVIRONMENT, 0, SHADE, 0, TEXEL0, 0, SHADE, 0, ENVIRONMENT, 0, SHADE, 0),
	gsDPSetAlphaDither(G_AD_NOISE),
	gsDPSetTextureLUT(G_TT_RGBA16),
	gsSPTexture(65535, 65535, 0, 0, 1),
	gsDPSetTextureImage(G_IM_FMT_RGBA, G_IM_SIZ_16b, 1, spaceworld_spaceworldbrick2_pal_rgba16),
	gsDPSetTile(0, 0, 0, 256, 5, 0, G_TX_WRAP | G_TX_NOMIRROR, 0, 0, G_TX_WRAP | G_TX_NOMIRROR, 0, 0),
	gsDPLoadTLUTCmd(5, 12),
	gsDPSetTextureImage(G_IM_FMT_CI, G_IM_SIZ_16b, 1, spaceworld_spaceworldbrick2_ci4),
	gsDPSetTile(G_IM_FMT_CI, G_IM_SIZ_16b, 0, 0, 7, 0, G_TX_WRAP | G_TX_NOMIRROR, 0, 0, G_TX_WRAP | G_TX_NOMIRROR, 0, 0),
	gsDPLoadBlock(7, 0, 0, 255, 1024),
	gsDPSetTile(G_IM_FMT_CI, G_IM_SIZ_4b, 2, 0, 0, 0, G_TX_WRAP | G_TX_NOMIRROR, 5, 0, G_TX_WRAP | G_TX_NOMIRROR, 5, 0),
	gsDPSetTileSize(0, 0, 0, 124, 124),
	gsSPEndDisplayList(),
};

Gfx mat_revert_spaceworld_spaceworld2_vcolor[] = {
	gsSPSetGeometryMode(G_LIGHTING),
	gsDPPipeSync(),
	gsDPSetAlphaDither(G_AD_DISABLE),
	gsDPSetTextureLUT(G_TT_NONE),
	gsSPEndDisplayList(),
};

Gfx mat_spaceworld_dungeoncarpet[] = {
	gsSPClearGeometryMode(G_LIGHTING),
	gsDPPipeSync(),
	gsDPSetCombineLERP(TEXEL0, 0, SHADE, 0, ENVIRONMENT, 0, SHADE, 0, TEXEL0, 0, SHADE, 0, ENVIRONMENT, 0, SHADE, 0),
	gsDPSetAlphaDither(G_AD_NOISE),
	gsSPTexture(65535, 65535, 0, 0, 1),
	gsDPSetTextureImage(G_IM_FMT_RGBA, G_IM_SIZ_16b_LOAD_BLOCK, 1, gDungeonTextureCarpet),
	gsDPSetTile(G_IM_FMT_RGBA, G_IM_SIZ_16b_LOAD_BLOCK, 0, 0, 7, 0, G_TX_WRAP | G_TX_NOMIRROR, 0, 0, G_TX_WRAP | G_TX_NOMIRROR, 0, 0),
	gsDPLoadBlock(7, 0, 0, 1023, 256),
	gsDPSetTile(G_IM_FMT_RGBA, G_IM_SIZ_16b, 8, 0, 0, 0, G_TX_WRAP | G_TX_NOMIRROR, 5, 0, G_TX_WRAP | G_TX_NOMIRROR, 5, 0),
	gsDPSetTileSize(0, 0, 0, 124, 124),
	gsSPEndDisplayList(),
};

Gfx mat_revert_spaceworld_dungeoncarpet[] = {
	gsSPSetGeometryMode(G_LIGHTING),
	gsDPPipeSync(),
	gsDPSetAlphaDither(G_AD_DISABLE),
	gsSPEndDisplayList(),
};

Gfx mat_spaceworld_f3dlite_material_009[] = {
	gsSPClearGeometryMode(G_LIGHTING),
	gsDPPipeSync(),
	gsDPSetCombineLERP(TEXEL0, 0, SHADE, 0, ENVIRONMENT, 0, SHADE, 0, TEXEL0, 0, SHADE, 0, ENVIRONMENT, 0, SHADE, 0),
	gsDPSetAlphaDither(G_AD_NOISE),
	gsDPSetTextureLUT(G_TT_RGBA16),
	gsSPTexture(65535, 65535, 0, 0, 1),
	gsDPSetTextureImage(G_IM_FMT_RGBA, G_IM_SIZ_16b, 1, spaceworld_brick2_pal_rgba16),
	gsDPSetTile(0, 0, 0, 256, 5, 0, G_TX_WRAP | G_TX_NOMIRROR, 0, 0, G_TX_WRAP | G_TX_NOMIRROR, 0, 0),
	gsDPLoadTLUTCmd(5, 40),
	gsDPSetTextureImage(G_IM_FMT_CI, G_IM_SIZ_8b_LOAD_BLOCK, 1, spaceworld_brick2_ci8),
	gsDPSetTile(G_IM_FMT_CI, G_IM_SIZ_8b_LOAD_BLOCK, 0, 0, 7, 0, G_TX_WRAP | G_TX_NOMIRROR, 0, 0, G_TX_WRAP | G_TX_NOMIRROR, 0, 0),
	gsDPLoadBlock(7, 0, 0, 511, 512),
	gsDPSetTile(G_IM_FMT_CI, G_IM_SIZ_8b, 4, 0, 0, 0, G_TX_WRAP | G_TX_NOMIRROR, 5, 0, G_TX_WRAP | G_TX_NOMIRROR, 5, 0),
	gsDPSetTileSize(0, 0, 0, 124, 124),
	gsSPEndDisplayList(),
};

Gfx mat_revert_spaceworld_f3dlite_material_009[] = {
	gsSPSetGeometryMode(G_LIGHTING),
	gsDPPipeSync(),
	gsDPSetAlphaDither(G_AD_DISABLE),
	gsDPSetTextureLUT(G_TT_NONE),
	gsSPEndDisplayList(),
};

Gfx mat_spaceworld_moon[] = {
	gsSPClearGeometryMode(G_CULL_BACK),
	gsSPLightColor(LIGHT_1, 0xFFFFFFFF),
	gsSPLightColor(LIGHT_2, 0x7F7F7FFF),
	gsDPPipeSync(),
	gsDPSetCombineLERP(TEXEL0, 0, SHADE, 0, TEXEL0, 0, ENVIRONMENT, 0, TEXEL0, 0, SHADE, 0, TEXEL0, 0, ENVIRONMENT, 0),
	gsDPSetAlphaDither(G_AD_NOISE),
	gsDPSetTextureLUT(G_TT_RGBA16),
	gsSPTexture(65535, 65535, 0, 0, 1),
	gsDPSetTextureImage(G_IM_FMT_RGBA, G_IM_SIZ_16b, 1, spaceworld_moon_pal_rgba16),
	gsDPSetTile(0, 0, 0, 256, 5, 0, G_TX_WRAP | G_TX_NOMIRROR, 0, 0, G_TX_WRAP | G_TX_NOMIRROR, 0, 0),
	gsDPLoadTLUTCmd(5, 2),
	gsDPSetTextureImage(G_IM_FMT_CI, G_IM_SIZ_16b, 1, spaceworld_moon_ci4),
	gsDPSetTile(G_IM_FMT_CI, G_IM_SIZ_16b, 0, 0, 7, 0, G_TX_WRAP | G_TX_NOMIRROR, 0, 0, G_TX_WRAP | G_TX_NOMIRROR, 0, 0),
	gsDPLoadBlock(7, 0, 0, 255, 1024),
	gsDPSetTile(G_IM_FMT_CI, G_IM_SIZ_4b, 2, 0, 0, 0, G_TX_CLAMP | G_TX_NOMIRROR, 5, 0, G_TX_CLAMP | G_TX_NOMIRROR, 5, 0),
	gsDPSetTileSize(0, 0, 0, 124, 124),
	gsSPEndDisplayList(),
};

Gfx mat_revert_spaceworld_moon[] = {
	gsSPSetGeometryMode(G_CULL_BACK),
	gsDPPipeSync(),
	gsDPSetAlphaDither(G_AD_DISABLE),
	gsDPSetTextureLUT(G_TT_NONE),
	gsSPEndDisplayList(),
};

Gfx mat_spaceworld_star[] = {
	gsSPClearGeometryMode(G_CULL_BACK),
	gsSPLightColor(LIGHT_1, 0xFFFFFFFF),
	gsSPLightColor(LIGHT_2, 0x7F7F7FFF),
	gsDPPipeSync(),
	gsDPSetCombineLERP(TEXEL0, 0, SHADE, 0, TEXEL0, 0, ENVIRONMENT, 0, TEXEL0, 0, SHADE, 0, TEXEL0, 0, ENVIRONMENT, 0),
	gsDPSetAlphaDither(G_AD_NOISE),
	gsDPSetTextureLUT(G_TT_RGBA16),
	gsSPTexture(65535, 65535, 0, 0, 1),
	gsDPSetTextureImage(G_IM_FMT_RGBA, G_IM_SIZ_16b, 1, spaceworld_star_pal_rgba16),
	gsDPSetTile(0, 0, 0, 256, 5, 0, G_TX_WRAP | G_TX_NOMIRROR, 0, 0, G_TX_WRAP | G_TX_NOMIRROR, 0, 0),
	gsDPLoadTLUTCmd(5, 1),
	gsDPSetTextureImage(G_IM_FMT_CI, G_IM_SIZ_16b, 1, spaceworld_star_ci4),
	gsDPSetTile(G_IM_FMT_CI, G_IM_SIZ_16b, 0, 0, 7, 0, G_TX_WRAP | G_TX_NOMIRROR, 0, 0, G_TX_WRAP | G_TX_NOMIRROR, 0, 0),
	gsDPLoadBlock(7, 0, 0, 255, 1024),
	gsDPSetTile(G_IM_FMT_CI, G_IM_SIZ_4b, 2, 0, 0, 0, G_TX_CLAMP | G_TX_NOMIRROR, 5, 0, G_TX_CLAMP | G_TX_NOMIRROR, 5, 0),
	gsDPSetTileSize(0, 0, 0, 124, 124),
	gsSPEndDisplayList(),
};

Gfx mat_revert_spaceworld_star[] = {
	gsSPSetGeometryMode(G_CULL_BACK),
	gsDPPipeSync(),
	gsDPSetAlphaDither(G_AD_DISABLE),
	gsDPSetTextureLUT(G_TT_NONE),
	gsSPEndDisplayList(),
};

Gfx mat_spaceworld_conc[] = {
	gsSPClearGeometryMode(G_LIGHTING),
	gsDPPipeSync(),
	gsDPSetCombineLERP(TEXEL0, 0, SHADE, 0, ENVIRONMENT, 0, SHADE, 0, TEXEL0, 0, SHADE, 0, ENVIRONMENT, 0, SHADE, 0),
	gsDPSetAlphaDither(G_AD_NOISE),
	gsSPTexture(65535, 65535, 0, 0, 1),
	gsDPSetTextureImage(G_IM_FMT_I, G_IM_SIZ_8b_LOAD_BLOCK, 1, spaceworld_conk_i8),
	gsDPSetTile(G_IM_FMT_I, G_IM_SIZ_8b_LOAD_BLOCK, 0, 0, 7, 0, G_TX_WRAP | G_TX_NOMIRROR, 0, 0, G_TX_WRAP | G_TX_NOMIRROR, 0, 0),
	gsDPLoadBlock(7, 0, 0, 2047, 256),
	gsDPSetTile(G_IM_FMT_I, G_IM_SIZ_8b, 8, 0, 0, 0, G_TX_WRAP | G_TX_NOMIRROR, 6, 0, G_TX_WRAP | G_TX_NOMIRROR, 6, 0),
	gsDPSetTileSize(0, 0, 0, 252, 252),
	gsSPEndDisplayList(),
};

Gfx mat_revert_spaceworld_conc[] = {
	gsSPSetGeometryMode(G_LIGHTING),
	gsDPPipeSync(),
	gsDPSetAlphaDither(G_AD_DISABLE),
	gsSPEndDisplayList(),
};

Gfx spaceworld_spaceworld_mesh_layer_1[] = {
	gsSPDisplayList(mat_spaceworld_spaceworld1_vcolor),
	gsSPDisplayList(spaceworld_spaceworld_mesh_layer_1_tri_0),
	gsSPDisplayList(mat_revert_spaceworld_spaceworld1_vcolor),
	gsSPDisplayList(mat_spaceworld_spaceworld2_vcolor),
	gsSPDisplayList(spaceworld_spaceworld_mesh_layer_1_tri_1),
	gsSPDisplayList(mat_revert_spaceworld_spaceworld2_vcolor),
	gsSPDisplayList(mat_spaceworld_dungeoncarpet),
	gsSPDisplayList(spaceworld_spaceworld_mesh_layer_1_tri_2),
	gsSPDisplayList(mat_revert_spaceworld_dungeoncarpet),
	gsSPDisplayList(mat_spaceworld_f3dlite_material_009),
	gsSPDisplayList(spaceworld_spaceworld_mesh_layer_1_tri_3),
	gsSPDisplayList(mat_revert_spaceworld_f3dlite_material_009),
	gsSPDisplayList(mat_spaceworld_conc),
	gsSPDisplayList(spaceworld_spaceworld_mesh_layer_1_tri_4),
	gsSPDisplayList(mat_revert_spaceworld_conc),
	gsDPPipeSync(),
	gsSPSetGeometryMode(G_LIGHTING),
	gsSPClearGeometryMode(G_TEXTURE_GEN),
	gsDPSetCombineLERP(0, 0, 0, SHADE, 0, 0, 0, ENVIRONMENT, 0, 0, 0, SHADE, 0, 0, 0, ENVIRONMENT),
	gsSPTexture(65535, 65535, 0, 0, 0),
	gsDPSetEnvColor(255, 255, 255, 255),
	gsDPSetAlphaCompare(G_AC_NONE),
	gsSPEndDisplayList(),
};

Gfx spaceworld_spaceworld_mesh_layer_4[] = {
	gsSPDisplayList(mat_spaceworld_moon),
	gsSPDisplayList(spaceworld_spaceworld_mesh_layer_4_tri_0),
	gsSPDisplayList(mat_revert_spaceworld_moon),
	gsSPDisplayList(mat_spaceworld_star),
	gsSPDisplayList(spaceworld_spaceworld_mesh_layer_4_tri_1),
	gsSPDisplayList(mat_revert_spaceworld_star),
	gsDPPipeSync(),
	gsSPSetGeometryMode(G_LIGHTING),
	gsSPClearGeometryMode(G_TEXTURE_GEN),
	gsDPSetCombineLERP(0, 0, 0, SHADE, 0, 0, 0, ENVIRONMENT, 0, 0, 0, SHADE, 0, 0, 0, ENVIRONMENT),
	gsSPTexture(65535, 65535, 0, 0, 0),
	gsDPSetEnvColor(255, 255, 255, 255),
	gsDPSetAlphaCompare(G_AC_NONE),
	gsSPEndDisplayList(),
};

