Gfx rbtcm_cha_renga_ci8_aligner[] = {gsSPEndDisplayList()};
u8 rbtcm_cha_renga_ci8[] = {
	0x00, 0x00, 0x00, 0x01, 0x02, 0x03, 0x03, 0x03, 
	0x04, 0x04, 0x05, 0x05, 0x05, 0x05, 0x05, 0x05, 
	0x06, 0x06, 0x06, 0x06, 0x05, 0x05, 0x05, 0x05, 
	0x00, 0x01, 0x00, 0x00, 0x05, 0x05, 0x04, 0x05, 
	0x07, 0x08, 0x08, 0x08, 0x09, 0x09, 0x09, 0x09, 
	0x0a, 0x0a, 0x0a, 0x0a, 0x0a, 0x0a, 0x0a, 0x0a, 
	0x0b, 0x0b, 0x0b, 0x0b, 0x09, 0x09, 0x09, 0x09, 
	0x08, 0x08, 0x08, 0x08, 0x09, 0x09, 0x09, 0x04, 
	0x00, 0x08, 0x08, 0x08, 0x0c, 0x0c, 0x09, 0x0c, 
	0x0d, 0x0d, 0x0d, 0x0d, 0x0d, 0x0d, 0x0d, 0x0d, 
	0x0b, 0x0c, 0x0c, 0x0c, 0x09, 0x09, 0x09, 0x09, 
	0x08, 0x08, 0x08, 0x08, 0x0c, 0x09, 0x09, 0x04, 
	0x00, 0x08, 0x08, 0x08, 0x0c, 0x0c, 0x0c, 0x0c, 
	0x0d, 0x0d, 0x0d, 0x0d, 0x0d, 0x0d, 0x0d, 0x0d, 
	0x0c, 0x0c, 0x0c, 0x0c, 0x0c, 0x0c, 0x0c, 0x0c, 
	0x08, 0x08, 0x08, 0x08, 0x0c, 0x0c, 0x09, 0x05, 
	0x0e, 0x0f, 0x0c, 0x0c, 0x10, 0x0d, 0x0d, 0x10, 
	0x10, 0x0c, 0x0c, 0x0c, 0x0d, 0x0d, 0x11, 0x0d, 
	0x0d, 0x0d, 0x12, 0x0d, 0x0c, 0x11, 0x0d, 0x0c, 
	0x0d, 0x0d, 0x0c, 0x0c, 0x0c, 0x0c, 0x09, 0x03, 
	0x13, 0x0c, 0x0c, 0x0c, 0x14, 0x14, 0x0d, 0x0c, 
	0x10, 0x0c, 0x0c, 0x0c, 0x0d, 0x0c, 0x0d, 0x0d, 
	0x12, 0x12, 0x12, 0x12, 0x0d, 0x0c, 0x0d, 0x0d, 
	0x0c, 0x0d, 0x0d, 0x0c, 0x0c, 0x0c, 0x09, 0x03, 
	0x0e, 0x0f, 0x0c, 0x0c, 0x0c, 0x0d, 0x0d, 0x0d, 
	0x0c, 0x10, 0x0c, 0x0c, 0x0c, 0x0c, 0x0d, 0x0d, 
	0x10, 0x10, 0x12, 0x0d, 0x0d, 0x0c, 0x0c, 0x0d, 
	0x0d, 0x0c, 0x0c, 0x0c, 0x0c, 0x0c, 0x09, 0x03, 
	0x0e, 0x0f, 0x0c, 0x0c, 0x10, 0x0c, 0x0c, 0x0d, 
	0x10, 0x0c, 0x10, 0x0c, 0x0c, 0x08, 0x0c, 0x0d, 
	0x0d, 0x0d, 0x10, 0x10, 0x0d, 0x0d, 0x0c, 0x0c, 
	0x0d, 0x0d, 0x0c, 0x0c, 0x0c, 0x0c, 0x09, 0x03, 
	0x07, 0x0f, 0x08, 0x08, 0x0c, 0x0c, 0x0c, 0x0c, 
	0x0d, 0x0d, 0x0c, 0x0d, 0x12, 0x0d, 0x0d, 0x0d, 
	0x14, 0x0c, 0x10, 0x10, 0x12, 0x0d, 0x0d, 0x0d, 
	0x12, 0x0d, 0x12, 0x12, 0x0c, 0x0c, 0x09, 0x05, 
	0x07, 0x0f, 0x08, 0x08, 0x08, 0x0c, 0x0c, 0x08, 
	0x08, 0x0c, 0x0c, 0x0d, 0x0d, 0x12, 0x0d, 0x0d, 
	0x14, 0x10, 0x10, 0x14, 0x12, 0x0d, 0x12, 0x10, 
	0x12, 0x0d, 0x12, 0x0d, 0x0c, 0x0c, 0x09, 0x05, 
	0x07, 0x0f, 0x08, 0x08, 0x08, 0x0c, 0x0c, 0x15, 
	0x0c, 0x08, 0x0c, 0x0d, 0x12, 0x14, 0x12, 0x12, 
	0x10, 0x10, 0x10, 0x0c, 0x0d, 0x12, 0x12, 0x12, 
	0x12, 0x0d, 0x12, 0x0d, 0x09, 0x0c, 0x09, 0x04, 
	0x07, 0x0f, 0x08, 0x08, 0x08, 0x0c, 0x08, 0x0c, 
	0x08, 0x08, 0x08, 0x0c, 0x0d, 0x12, 0x0d, 0x0d, 
	0x0c, 0x0c, 0x0c, 0x10, 0x10, 0x12, 0x12, 0x12, 
	0x0d, 0x0d, 0x0d, 0x0d, 0x0c, 0x0c, 0x0c, 0x04, 
	0x06, 0x0d, 0x0d, 0x0d, 0x0c, 0x0c, 0x0c, 0x0c, 
	0x08, 0x08, 0x08, 0x08, 0x08, 0x08, 0x08, 0x08, 
	0x08, 0x08, 0x08, 0x08, 0x0c, 0x0c, 0x0c, 0x0c, 
	0x0c, 0x0c, 0x0c, 0x0c, 0x0d, 0x0d, 0x0d, 0x05, 
	0x06, 0x0d, 0x0d, 0x0d, 0x0c, 0x0c, 0x0c, 0x0c, 
	0x08, 0x08, 0x08, 0x08, 0x08, 0x08, 0x08, 0x08, 
	0x08, 0x08, 0x08, 0x08, 0x0c, 0x0c, 0x0c, 0x0c, 
	0x0c, 0x0c, 0x0c, 0x0c, 0x0d, 0x0d, 0x0d, 0x05, 
	0x06, 0x0d, 0x0d, 0x0d, 0x10, 0x0c, 0x10, 0x10, 
	0x16, 0x08, 0x08, 0x08, 0x08, 0x08, 0x08, 0x08, 
	0x08, 0x08, 0x08, 0x08, 0x0c, 0x0c, 0x0c, 0x0c, 
	0x0b, 0x0b, 0x0b, 0x0b, 0x0d, 0x0d, 0x0d, 0x06, 
	0x06, 0x17, 0x17, 0x17, 0x18, 0x18, 0x18, 0x18, 
	0x19, 0x19, 0x1a, 0x1a, 0x1b, 0x1b, 0x1c, 0x1c, 
	0x1d, 0x1d, 0x1c, 0x1b, 0x1e, 0x1e, 0x1e, 0x1e, 
	0x17, 0x1f, 0x17, 0x17, 0x17, 0x17, 0x17, 0x06, 
	0x20, 0x20, 0x20, 0x20, 0x21, 0x21, 0x21, 0x21, 
	0x22, 0x22, 0x22, 0x22, 0x18, 0x18, 0x18, 0x18, 
	0x1b, 0x1c, 0x1c, 0x1b, 0x18, 0x18, 0x18, 0x18, 
	0x23, 0x23, 0x23, 0x23, 0x18, 0x18, 0x18, 0x18, 
	0x08, 0x12, 0x12, 0x12, 0x12, 0x12, 0x12, 0x12, 
	0x0a, 0x09, 0x09, 0x09, 0x10, 0x24, 0x24, 0x24, 
	0x1d, 0x08, 0x08, 0x08, 0x25, 0x0c, 0x0c, 0x0c, 
	0x10, 0x10, 0x10, 0x10, 0x0c, 0x0c, 0x25, 0x0c, 
	0x0f, 0x08, 0x12, 0x12, 0x12, 0x12, 0x12, 0x12, 
	0x09, 0x09, 0x14, 0x09, 0x10, 0x10, 0x10, 0x18, 
	0x1b, 0x08, 0x08, 0x08, 0x0c, 0x0c, 0x0c, 0x0c, 
	0x10, 0x10, 0x10, 0x10, 0x0c, 0x0c, 0x0c, 0x0c, 
	0x0f, 0x08, 0x12, 0x12, 0x12, 0x12, 0x12, 0x12, 
	0x14, 0x14, 0x14, 0x14, 0x10, 0x0c, 0x0c, 0x18, 
	0x1c, 0x08, 0x08, 0x08, 0x0c, 0x0c, 0x0c, 0x0c, 
	0x10, 0x10, 0x10, 0x10, 0x0c, 0x0c, 0x0c, 0x0c, 
	0x0f, 0x0c, 0x0c, 0x11, 0x14, 0x14, 0x11, 0x14, 
	0x11, 0x14, 0x14, 0x11, 0x12, 0x12, 0x12, 0x26, 
	0x1a, 0x08, 0x08, 0x08, 0x0d, 0x10, 0x0d, 0x14, 
	0x0d, 0x0d, 0x0c, 0x0c, 0x0c, 0x0c, 0x0d, 0x0d, 
	0x0f, 0x0c, 0x0c, 0x11, 0x14, 0x14, 0x14, 0x14, 
	0x11, 0x11, 0x11, 0x14, 0x12, 0x12, 0x12, 0x20, 
	0x19, 0x08, 0x08, 0x08, 0x0d, 0x0d, 0x0c, 0x10, 
	0x0d, 0x0d, 0x0d, 0x0d, 0x0c, 0x0d, 0x0d, 0x0d, 
	0x0f, 0x0c, 0x11, 0x11, 0x14, 0x11, 0x14, 0x14, 
	0x14, 0x11, 0x14, 0x11, 0x11, 0x11, 0x11, 0x26, 
	0x1a, 0x08, 0x08, 0x16, 0x14, 0x14, 0x10, 0x10, 
	0x0d, 0x0d, 0x0d, 0x0d, 0x0d, 0x0d, 0x0d, 0x0d, 
	0x0f, 0x27, 0x0c, 0x0c, 0x11, 0x11, 0x11, 0x11, 
	0x14, 0x11, 0x11, 0x14, 0x11, 0x12, 0x12, 0x20, 
	0x19, 0x08, 0x08, 0x16, 0x14, 0x14, 0x14, 0x10, 
	0x0d, 0x0d, 0x0d, 0x0d, 0x0d, 0x0d, 0x0d, 0x0d, 
	0x0f, 0x25, 0x08, 0x14, 0x0c, 0x0d, 0x11, 0x11, 
	0x11, 0x11, 0x0c, 0x0d, 0x14, 0x14, 0x14, 0x22, 
	0x1e, 0x08, 0x08, 0x08, 0x0d, 0x11, 0x11, 0x0d, 
	0x0d, 0x0d, 0x11, 0x11, 0x0d, 0x11, 0x11, 0x0d, 
	0x0f, 0x25, 0x08, 0x08, 0x0d, 0x11, 0x11, 0x11, 
	0x11, 0x11, 0x0d, 0x11, 0x09, 0x14, 0x14, 0x22, 
	0x1e, 0x08, 0x08, 0x08, 0x0d, 0x11, 0x0d, 0x11, 
	0x11, 0x11, 0x11, 0x0d, 0x11, 0x11, 0x11, 0x11, 
	0x0f, 0x0f, 0x08, 0x08, 0x0d, 0x0c, 0x0d, 0x0d, 
	0x11, 0x11, 0x11, 0x11, 0x14, 0x09, 0x09, 0x22, 
	0x1e, 0x08, 0x08, 0x08, 0x0c, 0x0d, 0x0d, 0x0d, 
	0x0d, 0x0d, 0x11, 0x0d, 0x0c, 0x0d, 0x0d, 0x0c, 
	0x0f, 0x0f, 0x25, 0x25, 0x08, 0x0c, 0x0c, 0x0c, 
	0x0d, 0x0d, 0x0d, 0x11, 0x14, 0x14, 0x14, 0x0a, 
	0x1b, 0x08, 0x08, 0x08, 0x08, 0x08, 0x08, 0x08, 
	0x0c, 0x0c, 0x0c, 0x08, 0x0c, 0x0d, 0x0d, 0x0c, 
	0x28, 0x28, 0x28, 0x28, 0x08, 0x08, 0x08, 0x08, 
	0x12, 0x12, 0x12, 0x12, 0x12, 0x12, 0x12, 0x18, 
	0x18, 0x29, 0x29, 0x29, 0x08, 0x08, 0x08, 0x08, 
	0x08, 0x08, 0x08, 0x08, 0x2a, 0x0d, 0x0d, 0x0d, 
	0x28, 0x28, 0x28, 0x28, 0x08, 0x08, 0x08, 0x08, 
	0x12, 0x12, 0x12, 0x12, 0x12, 0x12, 0x12, 0x18, 
	0x18, 0x29, 0x29, 0x29, 0x08, 0x08, 0x08, 0x08, 
	0x08, 0x08, 0x08, 0x08, 0x2a, 0x0d, 0x0d, 0x0d, 
	0x28, 0x2b, 0x28, 0x28, 0x08, 0x2c, 0x2c, 0x2c, 
	0x28, 0x28, 0x28, 0x28, 0x28, 0x28, 0x28, 0x18, 
	0x18, 0x29, 0x29, 0x29, 0x2d, 0x2d, 0x2d, 0x2d, 
	0x2d, 0x2d, 0x2d, 0x2d, 0x2a, 0x2a, 0x2a, 0x2a, 
	0x07, 0x07, 0x2e, 0x2e, 0x04, 0x04, 0x04, 0x2f, 
	0x2f, 0x2f, 0x2f, 0x2f, 0x30, 0x30, 0x30, 0x30, 
	0x2f, 0x2f, 0x31, 0x31, 0x02, 0x02, 0x02, 0x32, 
	0x33, 0x34, 0x34, 0x34, 0x35, 0x35, 0x02, 0x02, 
	
};

Gfx rbtcm_cha_renga_pal_rgba16_aligner[] = {gsSPEndDisplayList()};
u8 rbtcm_cha_renga_pal_rgba16[] = {
	0xad, 0x6f, 0xb5, 0xb3, 0xc6, 0x33, 0xad, 0xaf, 
	0x9c, 0xeb, 0xbd, 0xaf, 0xa5, 0x2d, 0x9c, 0xab, 
	0x82, 0xdd, 0x93, 0x61, 0x93, 0xa1, 0x8b, 0xa1, 
	0x8a, 0xdd, 0x8b, 0x1d, 0xa4, 0xeb, 0x7a, 0x9b, 
	0x8b, 0x1f, 0x93, 0x5f, 0x93, 0x1d, 0x94, 0x69, 
	0x93, 0x1f, 0x82, 0x9d, 0x92, 0xdd, 0x8c, 0x27, 
	0x93, 0xe5, 0x93, 0xa7, 0x83, 0x63, 0x83, 0xa5, 
	0x83, 0x21, 0x83, 0x1f, 0x8b, 0xe5, 0x94, 0xa9, 
	0x9b, 0xe7, 0x9c, 0x67, 0x94, 0x25, 0x94, 0x27, 
	0x8b, 0x61, 0x82, 0x9b, 0x93, 0x63, 0x82, 0xdb, 
	0x72, 0x9b, 0x7a, 0xdd, 0x7a, 0x9d, 0x5a, 0x1d, 
	0x62, 0x9b, 0x6a, 0x9d, 0x83, 0xe5, 0xad, 0x2f, 
	0xb5, 0x6f, 0xce, 0x35, 0x9d, 0x2d, 0xa5, 0xaf, 
	0xc5, 0xf3, 0xce, 0x75, 
};

Gfx rbtcm_carpet2_ci4_aligner[] = {gsSPEndDisplayList()};
u8 rbtcm_carpet2_ci4[] = {
	0x01, 0x02, 0x12, 0x32, 0x13, 0x31, 0x14, 0x11, 
	0x12, 0x30, 0x12, 0x00, 0x23, 0x31, 0x23, 0x31, 
	0x01, 0x02, 0x23, 0x11, 0x41, 0x44, 0x34, 0x44, 
	0x10, 0x02, 0x12, 0x10, 0x31, 0x11, 0x31, 0x21, 
	0x00, 0x20, 0x22, 0x11, 0x13, 0x11, 0x31, 0x32, 
	0x10, 0x21, 0x44, 0x10, 0x11, 0x13, 0x11, 0x31, 
	0x12, 0x42, 0x32, 0x35, 0x32, 0x33, 0x24, 0x21, 
	0x13, 0x23, 0x14, 0x21, 0x13, 0x13, 0x11, 0x21, 
	0x22, 0x10, 0x32, 0x30, 0x46, 0x42, 0x32, 0x02, 
	0x22, 0x35, 0x31, 0x23, 0x23, 0x12, 0x30, 0x03, 
	0x11, 0x10, 0x03, 0x00, 0x44, 0x44, 0x11, 0x03, 
	0x23, 0x53, 0x12, 0x35, 0x53, 0x32, 0x23, 0x03, 
	0x20, 0x11, 0x30, 0x03, 0x20, 0x00, 0x10, 0x02, 
	0x32, 0x11, 0x23, 0x22, 0x35, 0x53, 0x20, 0x70, 
	0x21, 0x41, 0x00, 0x20, 0x00, 0x24, 0x10, 0x32, 
	0x22, 0x32, 0x32, 0x13, 0x23, 0x11, 0x22, 0x00, 
	0x11, 0x10, 0x02, 0x02, 0x01, 0x11, 0x20, 0x00, 
	0x14, 0x41, 0x20, 0x13, 0x20, 0x21, 0x21, 0x12, 
	0x11, 0x13, 0x02, 0x01, 0x11, 0x12, 0x33, 0x01, 
	0x44, 0x13, 0x20, 0x22, 0x02, 0x12, 0x31, 0x11, 
	0x32, 0x20, 0x70, 0x02, 0x33, 0x00, 0x21, 0x22, 
	0x31, 0x32, 0x30, 0x00, 0x03, 0x20, 0x32, 0x12, 
	0x22, 0x12, 0x02, 0x22, 0x33, 0x32, 0x13, 0x21, 
	0x32, 0x31, 0x11, 0x12, 0x30, 0x30, 0x20, 0x22, 
	0x13, 0x11, 0x25, 0x32, 0x03, 0x32, 0x11, 0x11, 
	0x23, 0x22, 0x22, 0x32, 0x03, 0x03, 0x10, 0x02, 
	0x22, 0x12, 0x23, 0x21, 0x00, 0x30, 0x02, 0x20, 
	0x55, 0x32, 0x03, 0x32, 0x21, 0x30, 0x02, 0x20, 
	0x12, 0x13, 0x32, 0x11, 0x22, 0x33, 0x22, 0x33, 
	0x55, 0x11, 0x33, 0x00, 0x00, 0x02, 0x11, 0x12, 
	0x20, 0x20, 0x53, 0x12, 0x32, 0x20, 0x33, 0x21, 
	0x23, 0x11, 0x23, 0x02, 0x02, 0x21, 0x20, 0x20, 
	0x10, 0x00, 0x31, 0x20, 0x31, 0x10, 0x11, 0x11, 
	0x31, 0x12, 0x33, 0x31, 0x53, 0x21, 0x20, 0x44, 
	0x44, 0x41, 0x33, 0x00, 0x31, 0x11, 0x11, 0x31, 
	0x22, 0x53, 0x14, 0x41, 0x53, 0x32, 0x00, 0x44, 
	0x24, 0x44, 0x33, 0x12, 0x02, 0x11, 0x31, 0x31, 
	0x35, 0x31, 0x44, 0x12, 0x53, 0x11, 0x20, 0x22, 
	0x21, 0x14, 0x01, 0x12, 0x02, 0x11, 0x11, 0x11, 
	0x13, 0x11, 0x31, 0x32, 0x32, 0x13, 0x00, 0x20, 
	0x22, 0x32, 0x04, 0x12, 0x10, 0x01, 0x20, 0x23, 
	0x11, 0x44, 0x14, 0x44, 0x10, 0x03, 0x20, 0x30, 
	0x11, 0x30, 0x14, 0x44, 0x10, 0x11, 0x20, 0x30, 
	0x21, 0x40, 0x00, 0x12, 0x20, 0x00, 0x21, 0x31, 
	0x31, 0x00, 0x11, 0x02, 0x05, 0x14, 0x20, 0x07, 
	0x00, 0x20, 0x24, 0x42, 0x00, 0x00, 0x01, 0x21, 
	0x31, 0x20, 0x21, 0x02, 0x05, 0x01, 0x23, 0x23, 
	0x21, 0x10, 0x14, 0x41, 0x02, 0x11, 0x11, 0x00, 
	0x02, 0x12, 0x04, 0x44, 0x10, 0x11, 0x32, 0x41, 
	0x11, 0x13, 0x20, 0x11, 0x02, 0x11, 0x44, 0x10, 
	0x22, 0x10, 0x02, 0x22, 0x10, 0x20, 0x33, 0x13, 
	0x13, 0x21, 0x10, 0x44, 0x11, 0x21, 0x44, 0x10, 
	0x14, 0x40, 0x20, 0x00, 0x07, 0x02, 0x44, 0x41, 
	0x42, 0x32, 0x41, 0x12, 0x33, 0x32, 0x41, 0x22, 
	0x14, 0x44, 0x42, 0x24, 0x20, 0x21, 0x41, 0x32, 
	0x23, 0x33, 0x11, 0x00, 0x30, 0x21, 0x10, 0x02, 
	0x01, 0x11, 0x12, 0x14, 0x42, 0x01, 0x10, 0x50, 
	0x12, 0x23, 0x23, 0x22, 0x15, 0x31, 0x10, 0x20, 
	0x30, 0x03, 0x13, 0x14, 0x12, 0x01, 0x41, 0x14, 
	0x44, 0x23, 0x22, 0x22, 0x35, 0x21, 0x41, 0x20, 
	0x00, 0x11, 0x13, 0x14, 0x10, 0x22, 0x10, 0x01, 
	0x14, 0x22, 0x22, 0x00, 0x55, 0x21, 0x20, 0x02, 
	0x02, 0x23, 0x22, 0x11, 0x12, 0x22, 0x05, 0x01, 
	0x12, 0x33, 0x23, 0x03, 0x23, 0x53, 0x00, 0x21, 
	
};

Gfx rbtcm_carpet2_pal_rgba16_aligner[] = {gsSPEndDisplayList()};
u8 rbtcm_carpet2_pal_rgba16[] = {
	0x0b, 0xad, 0x03, 0x67, 0x03, 0x69, 0x03, 0xab, 
	0x03, 0x25, 0x0b, 0xef, 0x02, 0xe3, 0x0c, 0x31, 
	
};

Gfx rbtcm_pillar_ci8_aligner[] = {gsSPEndDisplayList()};
u8 rbtcm_pillar_ci8[] = {
	0x00, 0x00, 0x01, 0x02, 0x03, 0x04, 0x04, 0x05, 
	0x05, 0x05, 0x05, 0x06, 0x07, 0x08, 0x09, 0x09, 
	0x09, 0x09, 0x09, 0x08, 0x07, 0x07, 0x09, 0x0a, 
	0x0b, 0x0c, 0x0c, 0x0b, 0x0d, 0x09, 0x07, 0x05, 
	0x0e, 0x0e, 0x05, 0x07, 0x09, 0x0f, 0x0f, 0x0f, 
	0x0a, 0x0a, 0x0d, 0x0a, 0x09, 0x07, 0x07, 0x06, 
	0x05, 0x05, 0x05, 0x0e, 0x04, 0x02, 0x02, 0x02, 
	0x03, 0x0e, 0x07, 0x08, 0x07, 0x03, 0x01, 0x01, 
	0x00, 0x00, 0x01, 0x02, 0x03, 0x04, 0x04, 0x05, 
	0x05, 0x05, 0x05, 0x06, 0x07, 0x08, 0x09, 0x09, 
	0x09, 0x09, 0x09, 0x08, 0x07, 0x07, 0x09, 0x0a, 
	0x0b, 0x0c, 0x0c, 0x0b, 0x0d, 0x09, 0x07, 0x05, 
	0x0e, 0x0e, 0x05, 0x07, 0x09, 0x0f, 0x0f, 0x0f, 
	0x0a, 0x0a, 0x0d, 0x0a, 0x09, 0x07, 0x07, 0x06, 
	0x05, 0x05, 0x05, 0x0e, 0x04, 0x02, 0x02, 0x02, 
	0x03, 0x0e, 0x07, 0x08, 0x07, 0x03, 0x01, 0x01, 
	0x00, 0x00, 0x01, 0x02, 0x03, 0x04, 0x04, 0x05, 
	0x05, 0x05, 0x05, 0x06, 0x07, 0x08, 0x09, 0x09, 
	0x09, 0x09, 0x09, 0x08, 0x07, 0x07, 0x09, 0x0a, 
	0x0b, 0x0c, 0x0c, 0x0b, 0x0d, 0x09, 0x07, 0x05, 
	0x0e, 0x0e, 0x05, 0x07, 0x09, 0x0f, 0x0f, 0x0f, 
	0x0a, 0x0a, 0x0d, 0x0a, 0x09, 0x07, 0x07, 0x06, 
	0x05, 0x05, 0x05, 0x0e, 0x04, 0x02, 0x02, 0x02, 
	0x03, 0x0e, 0x07, 0x08, 0x07, 0x03, 0x01, 0x01, 
	0x00, 0x00, 0x01, 0x02, 0x03, 0x04, 0x04, 0x05, 
	0x05, 0x05, 0x05, 0x06, 0x07, 0x08, 0x09, 0x09, 
	0x09, 0x09, 0x09, 0x08, 0x07, 0x07, 0x09, 0x0a, 
	0x0b, 0x0c, 0x0c, 0x0b, 0x0d, 0x09, 0x07, 0x05, 
	0x0e, 0x0e, 0x05, 0x07, 0x09, 0x0f, 0x0f, 0x0f, 
	0x0a, 0x0a, 0x0d, 0x0a, 0x09, 0x07, 0x07, 0x06, 
	0x05, 0x05, 0x05, 0x0e, 0x04, 0x02, 0x02, 0x02, 
	0x03, 0x0e, 0x07, 0x08, 0x07, 0x03, 0x01, 0x01, 
	0x00, 0x00, 0x01, 0x02, 0x03, 0x04, 0x04, 0x05, 
	0x05, 0x05, 0x05, 0x06, 0x07, 0x08, 0x09, 0x09, 
	0x0f, 0x09, 0x09, 0x09, 0x07, 0x07, 0x09, 0x0a, 
	0x0b, 0x0c, 0x0c, 0x0b, 0x0d, 0x09, 0x07, 0x05, 
	0x0e, 0x0e, 0x05, 0x07, 0x09, 0x0f, 0x0f, 0x0f, 
	0x0a, 0x0a, 0x0d, 0x0a, 0x09, 0x07, 0x07, 0x06, 
	0x05, 0x05, 0x05, 0x0e, 0x04, 0x02, 0x02, 0x02, 
	0x03, 0x0e, 0x07, 0x08, 0x07, 0x03, 0x01, 0x01, 
	0x00, 0x00, 0x01, 0x02, 0x03, 0x04, 0x04, 0x05, 
	0x05, 0x05, 0x05, 0x06, 0x07, 0x08, 0x09, 0x09, 
	0x0f, 0x09, 0x09, 0x09, 0x07, 0x07, 0x09, 0x0a, 
	0x0b, 0x0c, 0x0c, 0x0b, 0x0d, 0x09, 0x07, 0x05, 
	0x0e, 0x0e, 0x05, 0x07, 0x09, 0x0f, 0x0f, 0x0f, 
	0x0a, 0x0a, 0x0d, 0x0a, 0x09, 0x07, 0x07, 0x06, 
	0x05, 0x05, 0x05, 0x0e, 0x04, 0x02, 0x02, 0x02, 
	0x03, 0x0e, 0x07, 0x08, 0x07, 0x03, 0x01, 0x01, 
	0x00, 0x00, 0x01, 0x02, 0x03, 0x04, 0x04, 0x05, 
	0x05, 0x05, 0x05, 0x06, 0x07, 0x08, 0x09, 0x09, 
	0x0f, 0x09, 0x09, 0x09, 0x07, 0x07, 0x09, 0x0a, 
	0x0b, 0x0c, 0x0c, 0x0b, 0x0d, 0x09, 0x07, 0x05, 
	0x0e, 0x0e, 0x05, 0x07, 0x09, 0x0f, 0x0f, 0x0f, 
	0x0a, 0x0a, 0x0d, 0x0a, 0x09, 0x07, 0x07, 0x06, 
	0x05, 0x05, 0x05, 0x0e, 0x04, 0x02, 0x02, 0x02, 
	0x03, 0x0e, 0x07, 0x08, 0x07, 0x03, 0x01, 0x01, 
	0x00, 0x00, 0x01, 0x02, 0x03, 0x04, 0x04, 0x05, 
	0x05, 0x05, 0x05, 0x06, 0x07, 0x08, 0x09, 0x09, 
	0x0f, 0x09, 0x09, 0x09, 0x07, 0x07, 0x09, 0x0a, 
	0x0b, 0x0c, 0x0c, 0x0b, 0x0d, 0x09, 0x07, 0x05, 
	0x0e, 0x0e, 0x05, 0x07, 0x09, 0x0f, 0x0f, 0x0f, 
	0x0a, 0x0a, 0x0d, 0x0a, 0x09, 0x07, 0x07, 0x06, 
	0x05, 0x05, 0x05, 0x0e, 0x04, 0x02, 0x02, 0x02, 
	0x03, 0x0e, 0x07, 0x08, 0x07, 0x03, 0x01, 0x01, 
	0x00, 0x00, 0x01, 0x02, 0x03, 0x04, 0x04, 0x05, 
	0x05, 0x05, 0x05, 0x06, 0x07, 0x08, 0x09, 0x09, 
	0x0f, 0x09, 0x09, 0x09, 0x07, 0x07, 0x09, 0x0a, 
	0x0b, 0x0c, 0x0c, 0x0b, 0x0d, 0x09, 0x07, 0x05, 
	0x0e, 0x0e, 0x05, 0x07, 0x09, 0x0f, 0x0f, 0x0f, 
	0x0a, 0x0a, 0x0d, 0x0a, 0x09, 0x07, 0x07, 0x06, 
	0x05, 0x05, 0x05, 0x0e, 0x04, 0x02, 0x02, 0x02, 
	0x03, 0x0e, 0x07, 0x08, 0x07, 0x03, 0x01, 0x01, 
	0x00, 0x00, 0x01, 0x02, 0x03, 0x04, 0x04, 0x05, 
	0x05, 0x05, 0x05, 0x06, 0x07, 0x08, 0x09, 0x09, 
	0x0f, 0x09, 0x09, 0x09, 0x07, 0x07, 0x09, 0x0a, 
	0x0b, 0x0c, 0x0c, 0x0b, 0x0d, 0x09, 0x07, 0x05, 
	0x0e, 0x0e, 0x05, 0x07, 0x09, 0x0f, 0x0f, 0x0f, 
	0x0a, 0x0a, 0x0d, 0x0a, 0x09, 0x07, 0x07, 0x06, 
	0x05, 0x05, 0x05, 0x0e, 0x04, 0x02, 0x02, 0x02, 
	0x03, 0x0e, 0x07, 0x08, 0x07, 0x03, 0x01, 0x01, 
	0x00, 0x00, 0x01, 0x02, 0x03, 0x04, 0x04, 0x05, 
	0x05, 0x05, 0x05, 0x06, 0x07, 0x08, 0x09, 0x09, 
	0x0f, 0x09, 0x09, 0x09, 0x07, 0x07, 0x09, 0x0a, 
	0x0b, 0x0c, 0x0c, 0x0b, 0x0d, 0x09, 0x07, 0x05, 
	0x0e, 0x0e, 0x05, 0x07, 0x09, 0x0f, 0x0f, 0x0f, 
	0x0a, 0x0a, 0x0d, 0x0a, 0x09, 0x07, 0x07, 0x06, 
	0x05, 0x05, 0x05, 0x0e, 0x04, 0x02, 0x02, 0x02, 
	0x03, 0x0e, 0x07, 0x08, 0x07, 0x03, 0x01, 0x01, 
	0x00, 0x00, 0x01, 0x02, 0x03, 0x04, 0x04, 0x05, 
	0x05, 0x05, 0x05, 0x06, 0x07, 0x08, 0x09, 0x09, 
	0x0f, 0x09, 0x09, 0x09, 0x07, 0x07, 0x09, 0x0a, 
	0x0b, 0x0c, 0x0c, 0x0b, 0x0d, 0x09, 0x07, 0x05, 
	0x0e, 0x0e, 0x05, 0x07, 0x09, 0x0f, 0x0f, 0x0f, 
	0x0a, 0x0a, 0x0d, 0x0a, 0x09, 0x07, 0x07, 0x06, 
	0x05, 0x05, 0x05, 0x0e, 0x04, 0x02, 0x02, 0x02, 
	0x03, 0x0e, 0x07, 0x08, 0x07, 0x03, 0x01, 0x01, 
	0x00, 0x00, 0x01, 0x02, 0x03, 0x04, 0x04, 0x05, 
	0x05, 0x05, 0x05, 0x06, 0x07, 0x08, 0x09, 0x09, 
	0x0f, 0x09, 0x09, 0x09, 0x07, 0x07, 0x09, 0x0a, 
	0x0b, 0x0c, 0x0c, 0x0b, 0x0d, 0x09, 0x07, 0x05, 
	0x0e, 0x0e, 0x05, 0x07, 0x09, 0x0f, 0x0f, 0x0f, 
	0x0a, 0x0a, 0x0d, 0x0a, 0x09, 0x07, 0x07, 0x06, 
	0x05, 0x05, 0x05, 0x0e, 0x04, 0x02, 0x02, 0x02, 
	0x03, 0x0e, 0x07, 0x08, 0x07, 0x03, 0x01, 0x01, 
	0x00, 0x00, 0x01, 0x02, 0x03, 0x04, 0x04, 0x05, 
	0x05, 0x05, 0x05, 0x06, 0x07, 0x08, 0x09, 0x09, 
	0x0f, 0x09, 0x09, 0x09, 0x07, 0x07, 0x09, 0x0a, 
	0x0b, 0x0c, 0x0c, 0x0b, 0x0d, 0x09, 0x07, 0x05, 
	0x0e, 0x0e, 0x05, 0x07, 0x09, 0x0f, 0x0f, 0x0f, 
	0x0a, 0x0a, 0x0d, 0x0a, 0x09, 0x07, 0x07, 0x06, 
	0x05, 0x05, 0x05, 0x0e, 0x04, 0x02, 0x02, 0x02, 
	0x03, 0x0e, 0x07, 0x08, 0x07, 0x03, 0x01, 0x01, 
	0x00, 0x00, 0x01, 0x02, 0x03, 0x04, 0x04, 0x05, 
	0x05, 0x05, 0x05, 0x06, 0x07, 0x08, 0x09, 0x09, 
	0x0f, 0x09, 0x09, 0x09, 0x07, 0x07, 0x09, 0x0a, 
	0x0b, 0x0c, 0x0c, 0x0b, 0x0d, 0x09, 0x07, 0x05, 
	0x0e, 0x0e, 0x05, 0x07, 0x09, 0x0f, 0x0f, 0x0f, 
	0x0a, 0x0a, 0x0d, 0x0a, 0x09, 0x07, 0x07, 0x06, 
	0x05, 0x05, 0x05, 0x0e, 0x04, 0x02, 0x02, 0x02, 
	0x03, 0x0e, 0x07, 0x08, 0x07, 0x03, 0x01, 0x01, 
	0x00, 0x00, 0x01, 0x02, 0x03, 0x04, 0x04, 0x05, 
	0x05, 0x05, 0x05, 0x06, 0x07, 0x08, 0x09, 0x09, 
	0x0f, 0x09, 0x09, 0x09, 0x07, 0x07, 0x09, 0x0a, 
	0x0b, 0x0c, 0x0c, 0x0b, 0x0d, 0x09, 0x07, 0x05, 
	0x0e, 0x0e, 0x05, 0x07, 0x09, 0x0f, 0x0f, 0x0f, 
	0x0a, 0x0a, 0x0d, 0x0a, 0x09, 0x07, 0x07, 0x06, 
	0x05, 0x05, 0x05, 0x0e, 0x04, 0x02, 0x02, 0x02, 
	0x03, 0x0e, 0x07, 0x08, 0x07, 0x03, 0x01, 0x01, 
	0x00, 0x00, 0x01, 0x02, 0x03, 0x04, 0x04, 0x05, 
	0x05, 0x05, 0x05, 0x06, 0x07, 0x08, 0x09, 0x09, 
	0x0f, 0x09, 0x09, 0x09, 0x07, 0x07, 0x09, 0x0a, 
	0x0b, 0x0c, 0x0c, 0x0b, 0x0d, 0x09, 0x07, 0x05, 
	0x0e, 0x0e, 0x05, 0x07, 0x09, 0x0f, 0x0f, 0x0f, 
	0x0a, 0x0a, 0x0d, 0x0a, 0x09, 0x07, 0x07, 0x06, 
	0x05, 0x05, 0x05, 0x0e, 0x04, 0x02, 0x02, 0x02, 
	0x03, 0x0e, 0x07, 0x08, 0x07, 0x03, 0x01, 0x01, 
	0x00, 0x00, 0x01, 0x02, 0x03, 0x04, 0x04, 0x05, 
	0x05, 0x05, 0x05, 0x06, 0x07, 0x08, 0x09, 0x09, 
	0x0f, 0x09, 0x09, 0x09, 0x07, 0x07, 0x09, 0x0a, 
	0x0b, 0x0c, 0x0c, 0x0b, 0x0d, 0x09, 0x07, 0x05, 
	0x0e, 0x0e, 0x05, 0x07, 0x09, 0x0f, 0x0f, 0x0f, 
	0x0a, 0x0a, 0x0d, 0x0a, 0x09, 0x07, 0x07, 0x06, 
	0x05, 0x05, 0x05, 0x0e, 0x04, 0x02, 0x02, 0x02, 
	0x03, 0x0e, 0x07, 0x08, 0x07, 0x03, 0x01, 0x01, 
	0x00, 0x00, 0x01, 0x02, 0x03, 0x04, 0x04, 0x05, 
	0x05, 0x05, 0x05, 0x06, 0x07, 0x08, 0x09, 0x09, 
	0x0f, 0x09, 0x09, 0x09, 0x07, 0x07, 0x09, 0x0a, 
	0x0b, 0x0c, 0x0c, 0x0b, 0x0d, 0x09, 0x07, 0x05, 
	0x0e, 0x0e, 0x05, 0x07, 0x09, 0x0f, 0x0f, 0x0f, 
	0x0a, 0x0a, 0x0d, 0x0a, 0x09, 0x07, 0x07, 0x06, 
	0x05, 0x05, 0x05, 0x0e, 0x04, 0x02, 0x02, 0x02, 
	0x03, 0x0e, 0x07, 0x08, 0x07, 0x03, 0x01, 0x01, 
	0x00, 0x00, 0x01, 0x02, 0x03, 0x04, 0x04, 0x05, 
	0x05, 0x05, 0x05, 0x06, 0x07, 0x08, 0x09, 0x09, 
	0x0f, 0x09, 0x09, 0x09, 0x07, 0x07, 0x09, 0x0a, 
	0x0b, 0x0c, 0x0c, 0x0b, 0x0d, 0x09, 0x07, 0x05, 
	0x0e, 0x0e, 0x05, 0x07, 0x09, 0x0f, 0x0f, 0x0f, 
	0x0a, 0x0a, 0x0d, 0x0a, 0x09, 0x07, 0x07, 0x06, 
	0x05, 0x05, 0x05, 0x0e, 0x04, 0x02, 0x02, 0x02, 
	0x03, 0x0e, 0x07, 0x08, 0x07, 0x03, 0x01, 0x01, 
	0x00, 0x00, 0x01, 0x02, 0x03, 0x04, 0x04, 0x05, 
	0x05, 0x05, 0x05, 0x06, 0x07, 0x08, 0x09, 0x09, 
	0x09, 0x09, 0x09, 0x09, 0x08, 0x08, 0x09, 0x0a, 
	0x0b, 0x0c, 0x0c, 0x0b, 0x0d, 0x09, 0x07, 0x05, 
	0x0e, 0x0e, 0x05, 0x07, 0x09, 0x0f, 0x0f, 0x0f, 
	0x0a, 0x0a, 0x0d, 0x0a, 0x09, 0x07, 0x07, 0x06, 
	0x05, 0x05, 0x05, 0x0e, 0x04, 0x02, 0x02, 0x02, 
	0x03, 0x0e, 0x07, 0x08, 0x07, 0x03, 0x01, 0x01, 
	0x00, 0x00, 0x01, 0x02, 0x03, 0x04, 0x04, 0x05, 
	0x05, 0x05, 0x05, 0x06, 0x07, 0x08, 0x09, 0x09, 
	0x09, 0x09, 0x09, 0x09, 0x08, 0x08, 0x09, 0x0a, 
	0x0b, 0x0c, 0x0c, 0x0b, 0x0d, 0x09, 0x07, 0x05, 
	0x0e, 0x0e, 0x05, 0x07, 0x09, 0x0f, 0x0f, 0x0f, 
	0x0a, 0x0a, 0x0d, 0x0a, 0x09, 0x07, 0x07, 0x06, 
	0x05, 0x05, 0x05, 0x0e, 0x04, 0x02, 0x02, 0x02, 
	0x03, 0x0e, 0x07, 0x08, 0x07, 0x03, 0x01, 0x01, 
	0x00, 0x00, 0x01, 0x02, 0x03, 0x04, 0x04, 0x05, 
	0x05, 0x05, 0x05, 0x06, 0x07, 0x08, 0x09, 0x09, 
	0x09, 0x09, 0x09, 0x09, 0x08, 0x08, 0x09, 0x0a, 
	0x0b, 0x0c, 0x0c, 0x0b, 0x0d, 0x09, 0x07, 0x05, 
	0x0e, 0x0e, 0x05, 0x07, 0x09, 0x0f, 0x0f, 0x0f, 
	0x0a, 0x0a, 0x0d, 0x0a, 0x09, 0x07, 0x07, 0x06, 
	0x05, 0x05, 0x05, 0x0e, 0x04, 0x02, 0x02, 0x02, 
	0x03, 0x0e, 0x07, 0x08, 0x07, 0x04, 0x10, 0x01, 
	0x00, 0x00, 0x01, 0x02, 0x03, 0x04, 0x04, 0x05, 
	0x05, 0x05, 0x05, 0x06, 0x07, 0x08, 0x09, 0x09, 
	0x09, 0x09, 0x09, 0x09, 0x08, 0x08, 0x09, 0x0a, 
	0x0b, 0x0c, 0x0c, 0x0b, 0x0d, 0x09, 0x07, 0x05, 
	0x0e, 0x0e, 0x05, 0x07, 0x09, 0x0f, 0x0f, 0x0f, 
	0x0a, 0x0a, 0x0d, 0x0a, 0x09, 0x07, 0x07, 0x06, 
	0x05, 0x05, 0x05, 0x0e, 0x04, 0x02, 0x02, 0x02, 
	0x03, 0x0e, 0x07, 0x08, 0x07, 0x04, 0x10, 0x01, 
	0x00, 0x00, 0x01, 0x02, 0x03, 0x04, 0x04, 0x05, 
	0x05, 0x05, 0x05, 0x06, 0x07, 0x08, 0x09, 0x09, 
	0x09, 0x09, 0x09, 0x09, 0x08, 0x08, 0x09, 0x0a, 
	0x0b, 0x0c, 0x0c, 0x0b, 0x0d, 0x09, 0x07, 0x05, 
	0x0e, 0x0e, 0x05, 0x07, 0x09, 0x0f, 0x0f, 0x0f, 
	0x0a, 0x0a, 0x0d, 0x0a, 0x09, 0x07, 0x07, 0x06, 
	0x05, 0x05, 0x05, 0x0e, 0x04, 0x02, 0x02, 0x02, 
	0x03, 0x0e, 0x07, 0x08, 0x07, 0x04, 0x10, 0x01, 
	0x00, 0x00, 0x01, 0x02, 0x03, 0x04, 0x04, 0x05, 
	0x05, 0x05, 0x05, 0x06, 0x07, 0x08, 0x09, 0x09, 
	0x09, 0x09, 0x09, 0x09, 0x08, 0x08, 0x09, 0x0a, 
	0x0b, 0x0c, 0x0c, 0x0b, 0x0d, 0x09, 0x07, 0x05, 
	0x0e, 0x0e, 0x05, 0x07, 0x09, 0x0f, 0x0f, 0x0f, 
	0x0a, 0x0a, 0x0d, 0x0a, 0x09, 0x07, 0x07, 0x06, 
	0x05, 0x05, 0x05, 0x0e, 0x04, 0x02, 0x02, 0x02, 
	0x03, 0x0e, 0x07, 0x08, 0x07, 0x04, 0x10, 0x01, 
	0x00, 0x00, 0x01, 0x02, 0x03, 0x04, 0x04, 0x05, 
	0x05, 0x05, 0x05, 0x06, 0x07, 0x08, 0x09, 0x09, 
	0x09, 0x09, 0x09, 0x09, 0x08, 0x08, 0x09, 0x0a, 
	0x0b, 0x0c, 0x0c, 0x0b, 0x0d, 0x09, 0x07, 0x05, 
	0x0e, 0x0e, 0x05, 0x07, 0x09, 0x0f, 0x0f, 0x0f, 
	0x0a, 0x0a, 0x0d, 0x0a, 0x09, 0x07, 0x07, 0x06, 
	0x05, 0x05, 0x05, 0x0e, 0x04, 0x02, 0x02, 0x02, 
	0x03, 0x0e, 0x07, 0x08, 0x07, 0x04, 0x10, 0x01, 
	0x00, 0x00, 0x01, 0x02, 0x03, 0x04, 0x04, 0x05, 
	0x05, 0x05, 0x05, 0x06, 0x07, 0x08, 0x09, 0x09, 
	0x09, 0x09, 0x09, 0x09, 0x08, 0x08, 0x09, 0x0a, 
	0x0b, 0x0c, 0x0c, 0x0b, 0x0d, 0x09, 0x07, 0x05, 
	0x0e, 0x0e, 0x05, 0x07, 0x09, 0x0f, 0x0f, 0x0f, 
	0x0a, 0x0a, 0x0d, 0x0a, 0x09, 0x07, 0x07, 0x06, 
	0x05, 0x05, 0x05, 0x0e, 0x04, 0x02, 0x02, 0x02, 
	0x03, 0x0e, 0x07, 0x08, 0x07, 0x04, 0x10, 0x01, 
	0x00, 0x00, 0x01, 0x02, 0x03, 0x04, 0x04, 0x05, 
	0x05, 0x05, 0x05, 0x06, 0x07, 0x08, 0x09, 0x09, 
	0x09, 0x09, 0x09, 0x09, 0x08, 0x08, 0x09, 0x0a, 
	0x0b, 0x0c, 0x0c, 0x0b, 0x0d, 0x09, 0x07, 0x05, 
	0x0e, 0x0e, 0x05, 0x07, 0x09, 0x0f, 0x0f, 0x0f, 
	0x0a, 0x0a, 0x0d, 0x0a, 0x09, 0x07, 0x07, 0x06, 
	0x05, 0x05, 0x05, 0x0e, 0x04, 0x02, 0x02, 0x02, 
	0x03, 0x0e, 0x07, 0x08, 0x07, 0x04, 0x10, 0x01, 
	0x00, 0x00, 0x01, 0x02, 0x03, 0x04, 0x04, 0x05, 
	0x05, 0x05, 0x05, 0x06, 0x07, 0x08, 0x09, 0x09, 
	0x09, 0x09, 0x09, 0x09, 0x08, 0x08, 0x09, 0x0a, 
	0x0b, 0x0c, 0x0c, 0x0b, 0x0d, 0x09, 0x07, 0x05, 
	0x0e, 0x0e, 0x05, 0x07, 0x09, 0x0f, 0x0f, 0x0f, 
	0x0a, 0x0a, 0x0d, 0x0a, 0x09, 0x07, 0x07, 0x06, 
	0x05, 0x05, 0x05, 0x0e, 0x04, 0x02, 0x02, 0x02, 
	0x03, 0x0e, 0x07, 0x08, 0x07, 0x04, 0x10, 0x01, 
	0x00, 0x00, 0x01, 0x02, 0x03, 0x04, 0x04, 0x05, 
	0x05, 0x05, 0x05, 0x06, 0x07, 0x08, 0x09, 0x09, 
	0x09, 0x09, 0x09, 0x09, 0x08, 0x08, 0x09, 0x0a, 
	0x0b, 0x0c, 0x0c, 0x0b, 0x0d, 0x09, 0x07, 0x05, 
	0x0e, 0x0e, 0x05, 0x07, 0x09, 0x0f, 0x0f, 0x0a, 
	0x0a, 0x0d, 0x0d, 0x0a, 0x0f, 0x08, 0x07, 0x06, 
	0x05, 0x05, 0x05, 0x0e, 0x04, 0x02, 0x02, 0x02, 
	0x03, 0x0e, 0x07, 0x08, 0x07, 0x04, 0x10, 0x01, 
	0x00, 0x00, 0x01, 0x02, 0x03, 0x04, 0x04, 0x05, 
	0x05, 0x05, 0x05, 0x06, 0x07, 0x08, 0x09, 0x09, 
	0x09, 0x09, 0x09, 0x09, 0x08, 0x08, 0x09, 0x0a, 
	0x0b, 0x0c, 0x0c, 0x0b, 0x0d, 0x09, 0x07, 0x05, 
	0x0e, 0x0e, 0x05, 0x07, 0x09, 0x0f, 0x0f, 0x0a, 
	0x0a, 0x0d, 0x0d, 0x0a, 0x0f, 0x08, 0x07, 0x07, 
	0x05, 0x05, 0x05, 0x0e, 0x04, 0x02, 0x02, 0x02, 
	0x03, 0x0e, 0x07, 0x08, 0x07, 0x04, 0x10, 0x10, 
	
};

Gfx rbtcm_pillar_pal_rgba16_aligner[] = {gsSPEndDisplayList()};
u8 rbtcm_pillar_pal_rgba16[] = {
	0x1a, 0x19, 0x22, 0x5b, 0x22, 0xe1, 0x2b, 0x25, 
	0x2b, 0x67, 0x33, 0xed, 0x34, 0x2f, 0x44, 0x71, 
	0x4c, 0xb1, 0x5c, 0xf3, 0x75, 0x75, 0x8d, 0xf7, 
	0xa6, 0x39, 0x85, 0xb5, 0x2b, 0xab, 0x6d, 0x33, 
	0x22, 0x9f, 
};

Gfx rbtcm_night_mt_ci8_aligner[] = {gsSPEndDisplayList()};
u8 rbtcm_night_mt_ci8[] = {
	0x00, 0x00, 0x00, 0x00, 0x00, 0x00, 0x00, 0x00, 
	0x00, 0x00, 0x00, 0x00, 0x00, 0x00, 0x00, 0x00, 
	0x00, 0x00, 0x00, 0x00, 0x00, 0x00, 0x00, 0x00, 
	0x00, 0x00, 0x00, 0x00, 0x00, 0x00, 0x00, 0x00, 
	0x00, 0x00, 0x00, 0x00, 0x00, 0x00, 0x00, 0x00, 
	0x00, 0x00, 0x00, 0x00, 0x00, 0x00, 0x00, 0x00, 
	0x00, 0x00, 0x00, 0x00, 0x00, 0x00, 0x00, 0x00, 
	0x00, 0x00, 0x00, 0x00, 0x00, 0x00, 0x00, 0x00, 
	0x00, 0x00, 0x00, 0x00, 0x00, 0x00, 0x00, 0x00, 
	0x00, 0x00, 0x00, 0x00, 0x00, 0x00, 0x00, 0x00, 
	0x00, 0x00, 0x00, 0x00, 0x00, 0x00, 0x00, 0x00, 
	0x00, 0x00, 0x00, 0x00, 0x00, 0x00, 0x00, 0x00, 
	0x01, 0x01, 0x01, 0x01, 0x01, 0x01, 0x01, 0x01, 
	0x01, 0x01, 0x01, 0x01, 0x01, 0x01, 0x01, 0x01, 
	0x01, 0x01, 0x01, 0x01, 0x01, 0x01, 0x01, 0x01, 
	0x01, 0x01, 0x01, 0x01, 0x01, 0x01, 0x01, 0x01, 
	0x01, 0x01, 0x01, 0x01, 0x01, 0x01, 0x01, 0x01, 
	0x01, 0x01, 0x01, 0x01, 0x01, 0x01, 0x02, 0x02, 
	0x01, 0x01, 0x01, 0x01, 0x01, 0x01, 0x01, 0x01, 
	0x02, 0x02, 0x02, 0x02, 0x01, 0x01, 0x01, 0x01, 
	0x03, 0x03, 0x01, 0x03, 0x03, 0x03, 0x03, 0x03, 
	0x03, 0x03, 0x01, 0x01, 0x02, 0x02, 0x02, 0x02, 
	0x03, 0x03, 0x01, 0x03, 0x01, 0x01, 0x01, 0x03, 
	0x02, 0x02, 0x02, 0x02, 0x02, 0x02, 0x02, 0x02, 
	0x03, 0x03, 0x03, 0x04, 0x04, 0x04, 0x03, 0x03, 
	0x03, 0x04, 0x03, 0x03, 0x02, 0x02, 0x02, 0x02, 
	0x04, 0x04, 0x03, 0x04, 0x03, 0x03, 0x03, 0x04, 
	0x02, 0x02, 0x05, 0x05, 0x06, 0x02, 0x02, 0x02, 
	0x04, 0x04, 0x04, 0x04, 0x04, 0x04, 0x04, 0x04, 
	0x04, 0x04, 0x04, 0x04, 0x02, 0x02, 0x02, 0x07, 
	0x04, 0x04, 0x04, 0x04, 0x04, 0x04, 0x04, 0x04, 
	0x02, 0x02, 0x08, 0x09, 0x0a, 0x02, 0x02, 0x02, 
	0x04, 0x04, 0x04, 0x04, 0x0b, 0x0b, 0x0b, 0x0b, 
	0x04, 0x04, 0x04, 0x04, 0x0c, 0x0c, 0x0d, 0x0e, 
	0x0d, 0x0f, 0x0b, 0x0b, 0x04, 0x04, 0x04, 0x04, 
	0x10, 0x10, 0x11, 0x12, 0x13, 0x0b, 0x0b, 0x0b, 
	0x04, 0x04, 0x04, 0x04, 0x0b, 0x0b, 0x0b, 0x0b, 
	0x04, 0x04, 0x0c, 0x04, 0x0c, 0x0c, 0x0d, 0x14, 
	0x0d, 0x0f, 0x0b, 0x0b, 0x04, 0x0c, 0x0c, 0x0c, 
	0x10, 0x10, 0x11, 0x12, 0x13, 0x0b, 0x0b, 0x0b, 
	0x0c, 0x0c, 0x0c, 0x0c, 0x0b, 0x0b, 0x0b, 0x0b, 
	0x0c, 0x15, 0x0c, 0x0c, 0x0c, 0x0c, 0x0c, 0x0d, 
	0x0b, 0x0b, 0x0b, 0x0b, 0x0c, 0x0c, 0x15, 0x0c, 
	0x10, 0x10, 0x10, 0x16, 0x17, 0x0b, 0x0b, 0x0b, 
	0x15, 0x15, 0x15, 0x0c, 0x10, 0x18, 0x19, 0x0b, 
	0x15, 0x15, 0x0c, 0x15, 0x0c, 0x0c, 0x0c, 0x0c, 
	0x0b, 0x0b, 0x0b, 0x0b, 0x0c, 0x15, 0x15, 0x0c, 
	0x10, 0x10, 0x10, 0x10, 0x0b, 0x0b, 0x0b, 0x0b, 
	0x15, 0x15, 0x15, 0x15, 0x1a, 0x09, 0x1b, 0x1c, 
	0x15, 0x15, 0x15, 0x15, 0x15, 0x15, 0x15, 0x15, 
	0x15, 0x15, 0x15, 0x15, 0x1d, 0x1d, 0x1d, 0x1d, 
	0x15, 0x15, 0x15, 0x15, 0x15, 0x15, 0x15, 0x15, 
	0x15, 0x15, 0x15, 0x1c, 0x1a, 0x09, 0x1b, 0x1c, 
	0x1c, 0x15, 0x15, 0x15, 0x15, 0x15, 0x15, 0x15, 
	0x15, 0x15, 0x15, 0x15, 0x1d, 0x1d, 0x1d, 0x1d, 
	0x15, 0x15, 0x15, 0x15, 0x1c, 0x15, 0x15, 0x15, 
	0x1c, 0x1e, 0x1c, 0x1c, 0x1c, 0x1a, 0x1a, 0x1c, 
	0x1c, 0x1c, 0x1c, 0x1e, 0x1c, 0x1c, 0x1c, 0x1c, 
	0x1c, 0x1c, 0x1c, 0x1c, 0x1d, 0x1f, 0x20, 0x1f, 
	0x21, 0x1e, 0x1e, 0x1e, 0x1e, 0x1c, 0x1c, 0x1c, 
	0x1c, 0x1e, 0x1e, 0x1c, 0x1c, 0x1c, 0x1c, 0x1c, 
	0x1c, 0x1e, 0x1c, 0x1e, 0x1c, 0x1c, 0x1c, 0x1e, 
	0x1c, 0x1c, 0x1c, 0x1c, 0x1d, 0x1f, 0x22, 0x20, 
	0x23, 0x1e, 0x1e, 0x1e, 0x1e, 0x1c, 0x1c, 0x1c, 
	0x1e, 0x1e, 0x1e, 0x1e, 0x1e, 0x1e, 0x1e, 0x1e, 
	0x1e, 0x1e, 0x1e, 0x1e, 0x1e, 0x1e, 0x1e, 0x1e, 
	0x1e, 0x1e, 0x1e, 0x1e, 0x24, 0x25, 0x26, 0x27, 
	0x28, 0x29, 0x29, 0x29, 0x1e, 0x1e, 0x1e, 0x1e, 
	0x1e, 0x1e, 0x1e, 0x1e, 0x1e, 0x1e, 0x29, 0x1e, 
	0x1e, 0x1e, 0x1e, 0x1e, 0x29, 0x29, 0x1e, 0x1e, 
	0x1e, 0x1e, 0x1e, 0x29, 0x24, 0x25, 0x27, 0x25, 
	0x2a, 0x29, 0x29, 0x29, 0x1e, 0x1e, 0x1e, 0x1e, 
	0x29, 0x2b, 0x29, 0x29, 0x29, 0x29, 0x29, 0x1e, 
	0x2c, 0x2c, 0x2c, 0x1e, 0x29, 0x29, 0x29, 0x1e, 
	0x29, 0x1e, 0x29, 0x29, 0x24, 0x24, 0x24, 0x24, 
	0x29, 0x29, 0x29, 0x29, 0x29, 0x29, 0x1e, 0x1e, 
	0x29, 0x2b, 0x29, 0x2b, 0x29, 0x2b, 0x2b, 0x29, 
	0x2d, 0x2e, 0x2d, 0x2c, 0x2b, 0x2b, 0x29, 0x29, 
	0x29, 0x2b, 0x29, 0x2b, 0x24, 0x24, 0x24, 0x24, 
	0x29, 0x29, 0x29, 0x29, 0x2b, 0x2b, 0x2b, 0x29, 
	0x2b, 0x2b, 0x2b, 0x2b, 0x2b, 0x2b, 0x2b, 0x2b, 
	0x2e, 0x2f, 0x2e, 0x2b, 0x30, 0x30, 0x30, 0x31, 
	0x2b, 0x2b, 0x2b, 0x2b, 0x2b, 0x2b, 0x2b, 0x2b, 
	0x2b, 0x2b, 0x2b, 0x2b, 0x30, 0x30, 0x30, 0x30, 
	0x2b, 0x2b, 0x32, 0x33, 0x30, 0x2b, 0x30, 0x2b, 
	0x2e, 0x2f, 0x2e, 0x2b, 0x30, 0x30, 0x31, 0x34, 
	0x35, 0x36, 0x2b, 0x2b, 0x2b, 0x2b, 0x2b, 0x2b, 
	0x2b, 0x2b, 0x2b, 0x2b, 0x37, 0x30, 0x30, 0x30, 
	0x2b, 0x33, 0x38, 0x33, 0x30, 0x30, 0x30, 0x2b, 
	0x39, 0x2e, 0x39, 0x2b, 0x30, 0x30, 0x34, 0x3a, 
	0x3b, 0x36, 0x2b, 0x2b, 0x30, 0x30, 0x30, 0x30, 
	0x2b, 0x2b, 0x2b, 0x3c, 0x3d, 0x30, 0x30, 0x30, 
	0x2b, 0x2b, 0x32, 0x33, 0x30, 0x3e, 0x30, 0x3e, 
	0x2b, 0x2b, 0x2b, 0x2b, 0x30, 0x30, 0x31, 0x34, 
	0x35, 0x36, 0x2b, 0x2b, 0x3e, 0x30, 0x30, 0x30, 
	0x2b, 0x2b, 0x3f, 0x40, 0x3f, 0x30, 0x30, 0x30, 
	0x3e, 0x3e, 0x41, 0x41, 0x3e, 0x3e, 0x3e, 0x3e, 
	0x3e, 0x3e, 0x3e, 0x3e, 0x42, 0x42, 0x43, 0x44, 
	0x43, 0x3e, 0x3e, 0x3e, 0x3e, 0x3e, 0x3e, 0x3e, 
	0x42, 0x42, 0x44, 0x45, 0x46, 0x42, 0x47, 0x47, 
	0x3e, 0x3e, 0x3e, 0x3e, 0x3e, 0x3e, 0x3e, 0x3e, 
	0x42, 0x3e, 0x3e, 0x3e, 0x42, 0x42, 0x48, 0x48, 
	0x42, 0x3e, 0x3e, 0x3e, 0x3e, 0x3e, 0x3e, 0x3e, 
	0x42, 0x42, 0x48, 0x48, 0x42, 0x42, 0x42, 0x42, 
	0x49, 0x3e, 0x3e, 0x3e, 0x42, 0x3e, 0x42, 0x3e, 
	0x42, 0x3e, 0x3e, 0x42, 0x42, 0x42, 0x42, 0x42, 
	0x42, 0x42, 0x42, 0x42, 0x3e, 0x42, 0x3e, 0x3e, 
	0x42, 0x42, 0x42, 0x42, 0x42, 0x49, 0x42, 0x42, 
	0x49, 0x49, 0x49, 0x3e, 0x3e, 0x4a, 0x42, 0x3e, 
	0x3e, 0x3e, 0x3e, 0x42, 0x42, 0x42, 0x42, 0x42, 
	0x42, 0x42, 0x42, 0x42, 0x4a, 0x4a, 0x3e, 0x3e, 
	0x42, 0x42, 0x42, 0x42, 0x49, 0x42, 0x49, 0x42, 
	0x49, 0x49, 0x49, 0x42, 0x42, 0x42, 0x49, 0x42, 
	0x42, 0x42, 0x42, 0x49, 0x49, 0x49, 0x42, 0x42, 
	0x49, 0x49, 0x42, 0x42, 0x42, 0x42, 0x42, 0x42, 
	0x42, 0x49, 0x42, 0x42, 0x42, 0x42, 0x42, 0x42, 
	0x4b, 0x49, 0x49, 0x42, 0x49, 0x42, 0x49, 0x4b, 
	0x42, 0x49, 0x42, 0x4b, 0x49, 0x49, 0x4b, 0x42, 
	0x49, 0x4b, 0x49, 0x4b, 0x42, 0x42, 0x49, 0x49, 
	0x49, 0x49, 0x42, 0x42, 0x42, 0x49, 0x42, 0x49, 
	0x4b, 0x49, 0x49, 0x49, 0x4b, 0x4b, 0x4b, 0x4b, 
	0x49, 0x4b, 0x49, 0x4b, 0x4b, 0x49, 0x4b, 0x49, 
	0x49, 0x4b, 0x49, 0x4b, 0x49, 0x49, 0x49, 0x49, 
	0x4b, 0x49, 0x49, 0x49, 0x4b, 0x49, 0x4b, 0x49, 
	0x49, 0x4b, 0x49, 0x4b, 0x49, 0x49, 0x4b, 0x4b, 
	0x49, 0x4b, 0x4b, 0x4b, 0x4b, 0x49, 0x49, 0x49, 
	0x49, 0x49, 0x4b, 0x4b, 0x49, 0x4b, 0x42, 0x49, 
	0x4b, 0x4b, 0x4b, 0x49, 0x49, 0x49, 0x4b, 0x4b, 
	0x49, 0x49, 0x49, 0x49, 0x4b, 0x4b, 0x4b, 0x4b, 
	0x4a, 0x4a, 0x4a, 0x4a, 0x4a, 0x4c, 0x4c, 0x4c, 
	0x4a, 0x4a, 0x4b, 0x4b, 0x49, 0x49, 0x49, 0x49, 
	0x4b, 0x4b, 0x4b, 0x4b, 0x49, 0x49, 0x4d, 0x49, 
	0x4b, 0x4b, 0x4b, 0x4b, 0x4b, 0x4b, 0x4b, 0x4b, 
	0x4b, 0x4a, 0x4a, 0x4a, 0x4a, 0x4a, 0x4a, 0x4a, 
	0x4a, 0x4a, 0x4b, 0x4b, 0x4e, 0x4f, 0x4f, 0x4f, 
	0x50, 0x50, 0x50, 0x4b, 0x4d, 0x4d, 0x4d, 0x4d, 
	0x4b, 0x4b, 0x4b, 0x4b, 0x4b, 0x4b, 0x4b, 0x4b, 
	0x4b, 0x4b, 0x4b, 0x4b, 0x4b, 0x4b, 0x4b, 0x4b, 
	0x4b, 0x4b, 0x51, 0x52, 0x52, 0x52, 0x52, 0x52, 
	0x53, 0x53, 0x53, 0x53, 0x4f, 0x4d, 0x4d, 0x4d, 
	0x54, 0x4b, 0x4b, 0x4b, 0x4d, 0x4b, 0x4b, 0x4b, 
	0x4b, 0x4b, 0x4b, 0x54, 0x4b, 0x4b, 0x4b, 0x54, 
	0x51, 0x4f, 0x52, 0x52, 0x52, 0x52, 0x52, 0x52, 
	0x53, 0x53, 0x53, 0x53, 0x52, 0x4f, 0x4d, 0x4d, 
	0x55, 0x55, 0x55, 0x55, 0x55, 0x51, 0x51, 0x51, 
	0x50, 0x50, 0x51, 0x51, 0x55, 0x55, 0x55, 0x55, 
	0x4f, 0x52, 0x52, 0x52, 0x52, 0x52, 0x52, 0x52, 
	0x52, 0x53, 0x52, 0x53, 0x52, 0x52, 0x4f, 0x54, 
	0x55, 0x55, 0x55, 0x50, 0x4f, 0x52, 0x52, 0x52, 
	0x52, 0x52, 0x52, 0x52, 0x4f, 0x55, 0x55, 0x50, 
	0x52, 0x52, 0x52, 0x52, 0x52, 0x56, 0x52, 0x53, 
	0x53, 0x52, 0x52, 0x53, 0x52, 0x52, 0x52, 0x51, 
	0x55, 0x55, 0x50, 0x52, 0x52, 0x52, 0x52, 0x52, 
	0x52, 0x52, 0x52, 0x52, 0x57, 0x57, 0x50, 0x57, 
	0x52, 0x53, 0x53, 0x52, 0x53, 0x53, 0x53, 0x53, 
	0x52, 0x53, 0x52, 0x52, 0x52, 0x52, 0x52, 0x4f, 
	0x55, 0x50, 0x52, 0x52, 0x52, 0x52, 0x52, 0x52, 
	0x52, 0x52, 0x52, 0x52, 0x57, 0x57, 0x57, 0x57, 
	0x52, 0x52, 0x52, 0x53, 0x53, 0x53, 0x52, 0x53, 
	0x52, 0x53, 0x52, 0x52, 0x52, 0x52, 0x52, 0x52, 
	0x51, 0x52, 0x52, 0x52, 0x52, 0x52, 0x53, 0x52, 
	0x53, 0x52, 0x52, 0x52, 0x53, 0x53, 0x52, 0x52, 
	0x52, 0x52, 0x53, 0x53, 0x53, 0x53, 0x53, 0x52, 
	0x53, 0x53, 0x52, 0x53, 0x52, 0x53, 0x53, 0x53, 
	0x50, 0x52, 0x52, 0x52, 0x52, 0x53, 0x52, 0x53, 
	0x53, 0x53, 0x52, 0x52, 0x53, 0x52, 0x52, 0x53, 
	0x52, 0x52, 0x52, 0x53, 0x52, 0x52, 0x53, 0x52, 
	0x53, 0x52, 0x53, 0x52, 0x53, 0x52, 0x52, 0x52, 
	0x4f, 0x52, 0x52, 0x52, 0x53, 0x52, 0x53, 0x52, 
	0x53, 0x53, 0x53, 0x53, 0x53, 0x56, 0x53, 0x52, 
	0x53, 0x52, 0x52, 0x52, 0x52, 0x52, 0x53, 0x52, 
	0x53, 0x53, 0x52, 0x53, 0x52, 0x52, 0x52, 0x52, 
	0x52, 0x52, 0x52, 0x52, 0x53, 0x52, 0x52, 0x53, 
	0x53, 0x52, 0x53, 0x53, 0x52, 0x53, 0x52, 0x52, 
	0x52, 0x53, 0x52, 0x53, 0x52, 0x52, 0x53, 0x53, 
	0x52, 0x53, 0x52, 0x53, 0x53, 0x53, 0x53, 0x53, 
	0x52, 0x52, 0x52, 0x52, 0x53, 0x52, 0x52, 0x52, 
	0x52, 0x52, 0x52, 0x52, 0x52, 0x52, 0x52, 0x52, 
	0x52, 0x52, 0x52, 0x52, 0x53, 0x53, 0x53, 0x53, 
	0x52, 0x52, 0x53, 0x53, 0x56, 0x52, 0x52, 0x53, 
	0x52, 0x52, 0x53, 0x53, 0x53, 0x52, 0x52, 0x53, 
	0x52, 0x52, 0x52, 0x52, 0x52, 0x52, 0x52, 0x52, 
	0x52, 0x52, 0x52, 0x52, 0x53, 0x53, 0x52, 0x52, 
	0x53, 0x52, 0x53, 0x52, 0x52, 0x53, 0x53, 0x52, 
	0x53, 0x53, 0x52, 0x52, 0x53, 0x53, 0x53, 0x52, 
	0x52, 0x52, 0x52, 0x52, 0x52, 0x52, 0x52, 0x52, 
	0x52, 0x52, 0x52, 0x52, 0x52, 0x52, 0x52, 0x52, 
	0x52, 0x53, 0x52, 0x53, 0x52, 0x56, 0x53, 0x52, 
	0x52, 0x53, 0x53, 0x53, 0x53, 0x52, 0x52, 0x52, 
	0x52, 0x52, 0x52, 0x56, 0x58, 0x59, 0x59, 0x59, 
	0x59, 0x5a, 0x5a, 0x52, 0x53, 0x53, 0x52, 0x53, 
	0x52, 0x52, 0x52, 0x52, 0x53, 0x53, 0x52, 0x53, 
	0x52, 0x52, 0x52, 0x52, 0x52, 0x52, 0x52, 0x52, 
	0x56, 0x56, 0x5b, 0x5c, 0x5c, 0x5d, 0x5c, 0x5d, 
	0x5c, 0x5c, 0x5d, 0x5d, 0x5a, 0x52, 0x52, 0x52, 
	0x52, 0x53, 0x53, 0x53, 0x5e, 0x5e, 0x5e, 0x5e, 
	0x52, 0x52, 0x52, 0x52, 0x52, 0x52, 0x52, 0x52, 
	0x56, 0x5f, 0x5c, 0x5c, 0x5d, 0x5d, 0x5c, 0x5d, 
	0x5c, 0x5c, 0x5c, 0x5c, 0x60, 0x59, 0x52, 0x52, 
	0x52, 0x52, 0x52, 0x52, 0x5e, 0x5e, 0x5e, 0x5e, 
	0x52, 0x52, 0x57, 0x57, 0x52, 0x57, 0x52, 0x52, 
	0x5f, 0x5c, 0x5c, 0x5c, 0x5c, 0x5c, 0x5d, 0x5d, 
	0x5d, 0x5c, 0x5c, 0x5c, 0x60, 0x60, 0x59, 0x52, 
	0x52, 0x53, 0x53, 0x52, 0x5e, 0x5e, 0x5e, 0x5e, 
	0x61, 0x61, 0x58, 0x52, 0x57, 0x57, 0x52, 0x5a, 
	0x5c, 0x5c, 0x5c, 0x5c, 0x5d, 0x5d, 0x5d, 0x5d, 
	0x5d, 0x5d, 0x5d, 0x5d, 0x60, 0x60, 0x60, 0x5a, 
	0x53, 0x52, 0x52, 0x53, 0x5e, 0x62, 0x61, 0x61, 
	0x5d, 0x5c, 0x5c, 0x5d, 0x63, 0x52, 0x52, 0x59, 
	0x5d, 0x5c, 0x5c, 0x5d, 0x5d, 0x5d, 0x5c, 0x5d, 
	0x5c, 0x5d, 0x5d, 0x5c, 0x5c, 0x5d, 0x5c, 0x59, 
	0x52, 0x52, 0x52, 0x58, 0x59, 0x5c, 0x5c, 0x5c, 
	0x5d, 0x5c, 0x5d, 0x5c, 0x60, 0x59, 0x52, 0x60, 
	0x5c, 0x5c, 0x5c, 0x5d, 0x5c, 0x5c, 0x5c, 0x5c, 
	0x5d, 0x5d, 0x5d, 0x5d, 0x5c, 0x5d, 0x5c, 0x5d, 
	0x52, 0x52, 0x5f, 0x60, 0x5c, 0x5c, 0x5c, 0x5c, 
	0x5c, 0x5c, 0x5d, 0x5c, 0x60, 0x60, 0x59, 0x60, 
	0x5c, 0x5d, 0x5c, 0x5c, 0x5d, 0x5c, 0x5c, 0x5d, 
	0x5d, 0x5d, 0x5d, 0x5c, 0x5d, 0x5c, 0x5d, 0x5c, 
	0x52, 0x5f, 0x60, 0x60, 0x5c, 0x5c, 0x5c, 0x5c, 
	0x5d, 0x5d, 0x5c, 0x5d, 0x60, 0x60, 0x60, 0x60, 
	0x5d, 0x5d, 0x5d, 0x5c, 0x5c, 0x5d, 0x5d, 0x5d, 
	0x5c, 0x5c, 0x5c, 0x5c, 0x5c, 0x5d, 0x5d, 0x5d, 
	0x58, 0x60, 0x60, 0x60, 0x5c, 0x5c, 0x5c, 0x5c, 
	0x5c, 0x5d, 0x5c, 0x5d, 0x5c, 0x5d, 0x5c, 0x5d, 
	0x5c, 0x5c, 0x5d, 0x5c, 0x5c, 0x5c, 0x5c, 0x5d, 
	0x5d, 0x5d, 0x5d, 0x5c, 0x5c, 0x5d, 0x5d, 0x5d, 
	0x59, 0x5c, 0x5c, 0x5c, 0x5d, 0x5c, 0x5c, 0x5d, 
	0x5c, 0x5d, 0x5c, 0x5d, 0x5d, 0x5c, 0x5d, 0x5d, 
	0x5c, 0x5c, 0x5c, 0x5c, 0x5c, 0x5d, 0x5d, 0x5c, 
	0x5c, 0x5c, 0x5d, 0x5c, 0x5d, 0x5d, 0x5d, 0x5d, 
	0x59, 0x5c, 0x5c, 0x5c, 0x5d, 0x5c, 0x5c, 0x5c, 
	0x5d, 0x5d, 0x5d, 0x5c, 0x5d, 0x5d, 0x5d, 0x5c, 
	0x5d, 0x5c, 0x5c, 0x5c, 0x5d, 0x5c, 0x5d, 0x5c, 
	0x5d, 0x5c, 0x5c, 0x5d, 0x5c, 0x5d, 0x5d, 0x5c, 
	0x5c, 0x5c, 0x5c, 0x5c, 0x5d, 0x5c, 0x5d, 0x5c, 
	0x5d, 0x5d, 0x5c, 0x5c, 0x5c, 0x5d, 0x5c, 0x5c, 
	0x5c, 0x5c, 0x5c, 0x5c, 0x5c, 0x5d, 0x5d, 0x5c, 
	0x5c, 0x5c, 0x5c, 0x5c, 0x5d, 0x5c, 0x5d, 0x5c, 
	0x5c, 0x5c, 0x5c, 0x5c, 0x5d, 0x5d, 0x5d, 0x5c, 
	0x5c, 0x5c, 0x5d, 0x5c, 0x5d, 0x5d, 0x5c, 0x5d, 
	0x5d, 0x5c, 0x5c, 0x5c, 0x5d, 0x5d, 0x5d, 0x5d, 
	0x5d, 0x5c, 0x5d, 0x5d, 0x5c, 0x5d, 0x5d, 0x5c, 
	0x5c, 0x5d, 0x5d, 0x5d, 0x5d, 0x5c, 0x5d, 0x5d, 
	0x5d, 0x5d, 0x5d, 0x5d, 0x5c, 0x5d, 0x5c, 0x5c, 
	0x5c, 0x5c, 0x5c, 0x5d, 0x5d, 0x5c, 0x5c, 0x5c, 
	0x5d, 0x5c, 0x5d, 0x5c, 0x5c, 0x5c, 0x5d, 0x5c, 
	0x5d, 0x5c, 0x5c, 0x5c, 0x5c, 0x5d, 0x5d, 0x5d, 
	0x5d, 0x5c, 0x5d, 0x5d, 0x5c, 0x5c, 0x5c, 0x5c, 
	0x5d, 0x5c, 0x5d, 0x5d, 0x5d, 0x5c, 0x5c, 0x5d, 
	0x5d, 0x5c, 0x5d, 0x5c, 0x5c, 0x5c, 0x5d, 0x5c, 
	0x5d, 0x5d, 0x5d, 0x5c, 0x5d, 0x5c, 0x5d, 0x5c, 
	0x5c, 0x5c, 0x5c, 0x5d, 0x5d, 0x5c, 0x5c, 0x5c, 
	0x5c, 0x5c, 0x5d, 0x5c, 0x5c, 0x5d, 0x5c, 0x5d, 
	0x5c, 0x5c, 0x5c, 0x5c, 0x5c, 0x5c, 0x5d, 0x5d, 
	0x5d, 0x5c, 0x5c, 0x5c, 0x5c, 0x5c, 0x5d, 0x5d, 
	
};

Gfx rbtcm_night_mt_pal_rgba16_aligner[] = {gsSPEndDisplayList()};
u8 rbtcm_night_mt_pal_rgba16[] = {
	0x00, 0x45, 0x00, 0x47, 0x00, 0x89, 0x00, 0x49, 
	0x00, 0x8b, 0x32, 0x09, 0x11, 0x09, 0x19, 0x49, 
	0x53, 0x09, 0x8c, 0x89, 0x3a, 0x49, 0x00, 0xcd, 
	0x00, 0x8d, 0x11, 0x0b, 0x8c, 0x87, 0x00, 0xcb, 
	0x09, 0x0d, 0x74, 0x09, 0xb5, 0xc7, 0x5b, 0x49, 
	0x6b, 0xc9, 0x00, 0xcf, 0x4a, 0xc9, 0x21, 0x8b, 
	0x21, 0xcd, 0x11, 0x4d, 0x19, 0xcf, 0x53, 0x4b, 
	0x00, 0xd1, 0x09, 0x0f, 0x01, 0x13, 0x53, 0x4d, 
	0x84, 0x8b, 0x11, 0x91, 0xbe, 0x07, 0x2a, 0x11, 
	0x01, 0x55, 0x3a, 0xcf, 0xa5, 0x49, 0x6b, 0xcd, 
	0x21, 0xd1, 0x01, 0x15, 0x11, 0x53, 0x01, 0x57, 
	0x09, 0x95, 0x19, 0xd3, 0x42, 0xd1, 0xad, 0xc7, 
	0x01, 0x59, 0x22, 0x55, 0x5b, 0xd1, 0x2a, 0x55, 
	0x43, 0x11, 0x2a, 0x95, 0x09, 0x97, 0x11, 0x97, 
	0xa5, 0x89, 0x1a, 0x17, 0x6c, 0x4f, 0x53, 0x93, 
	0x4b, 0x93, 0x1a, 0x15, 0x01, 0x9b, 0x32, 0x95, 
	0x94, 0xcd, 0x01, 0x99, 0x01, 0x9d, 0x11, 0xd9, 
	0x22, 0x57, 0x5b, 0x91, 0x1a, 0x19, 0x01, 0x5b, 
	0x09, 0xd9, 0x01, 0x9f, 0x01, 0xdf, 0x01, 0xe1, 
	0x01, 0xdd, 0x01, 0xe3, 0x02, 0x63, 0x02, 0xe5, 
	0x02, 0xa5, 0x02, 0x65, 0x03, 0x67, 0x03, 0x25, 
	0x02, 0x25, 0x02, 0x23, 0x03, 0xa9, 0x03, 0x27, 
	0x03, 0xeb, 0x04, 0xb1, 0x04, 0x2d, 0x04, 0x2b, 
	0x04, 0xf3, 0x04, 0xb3, 0x03, 0x65, 0x04, 0x6f, 
	0x04, 0xf5, 0x04, 0xaf, 0x03, 0xe9, 0x04, 0x6d, 
	
};

Gfx rbtcm_gate_ci8_aligner[] = {gsSPEndDisplayList()};
u8 rbtcm_gate_ci8[] = {
	0x00, 0x00, 0x01, 0x02, 0x01, 0x02, 0x02, 0x03, 
	0x02, 0x02, 0x02, 0x02, 0x03, 0x03, 0x03, 0x04, 
	0x05, 0x06, 0x07, 0x07, 0x08, 0x08, 0x08, 0x08, 
	0x08, 0x08, 0x08, 0x08, 0x09, 0x09, 0x09, 0x09, 
	0x00, 0x02, 0x02, 0x02, 0x02, 0x02, 0x03, 0x03, 
	0x03, 0x03, 0x03, 0x03, 0x03, 0x03, 0x03, 0x0a, 
	0x06, 0x0b, 0x0b, 0x0b, 0x0b, 0x0b, 0x0b, 0x0b, 
	0x0b, 0x0b, 0x0b, 0x0b, 0x0b, 0x0b, 0x08, 0x09, 
	0x01, 0x02, 0x02, 0x02, 0x03, 0x03, 0x03, 0x03, 
	0x0c, 0x0c, 0x03, 0x03, 0x03, 0x03, 0x03, 0x0a, 
	0x07, 0x0b, 0x0b, 0x0b, 0x0b, 0x0b, 0x0b, 0x0b, 
	0x0b, 0x0b, 0x0b, 0x0b, 0x0b, 0x0b, 0x08, 0x09, 
	0x01, 0x02, 0x02, 0x02, 0x03, 0x03, 0x03, 0x03, 
	0x0c, 0x0c, 0x0c, 0x0c, 0x03, 0x03, 0x03, 0x0a, 
	0x07, 0x0b, 0x0b, 0x0b, 0x0b, 0x0b, 0x0b, 0x0b, 
	0x0b, 0x0b, 0x0b, 0x0b, 0x0b, 0x0b, 0x08, 0x09, 
	0x01, 0x01, 0x02, 0x03, 0x03, 0x0c, 0x0c, 0x0c, 
	0x0c, 0x0c, 0x0c, 0x0c, 0x0c, 0x0c, 0x0c, 0x0d, 
	0x09, 0x0b, 0x0b, 0x0b, 0x0b, 0x0b, 0x0b, 0x0b, 
	0x0b, 0x0b, 0x0b, 0x0b, 0x0b, 0x0b, 0x08, 0x08, 
	0x02, 0x02, 0x02, 0x03, 0x03, 0x0c, 0x0c, 0x0c, 
	0x04, 0x04, 0x0c, 0x0c, 0x0c, 0x0c, 0x0c, 0x0d, 
	0x09, 0x0b, 0x0b, 0x0b, 0x0b, 0x0b, 0x0b, 0x0b, 
	0x0b, 0x0b, 0x0b, 0x0b, 0x0b, 0x0b, 0x0b, 0x0b, 
	0x02, 0x02, 0x03, 0x03, 0x03, 0x0c, 0x0c, 0x0c, 
	0x04, 0x04, 0x04, 0x0c, 0x0c, 0x0c, 0x0c, 0x0d, 
	0x09, 0x0b, 0x0b, 0x0b, 0x0b, 0x0b, 0x0b, 0x0b, 
	0x0b, 0x0b, 0x0b, 0x0b, 0x0b, 0x0b, 0x0b, 0x0b, 
	0x02, 0x03, 0x03, 0x03, 0x0c, 0x0c, 0x0c, 0x0c, 
	0x04, 0x04, 0x04, 0x04, 0x0c, 0x0c, 0x0c, 0x0d, 
	0x09, 0x0b, 0x0b, 0x0b, 0x0b, 0x0b, 0x0b, 0x0b, 
	0x0b, 0x0b, 0x0b, 0x0b, 0x0b, 0x0b, 0x0b, 0x0b, 
	0x02, 0x02, 0x03, 0x03, 0x0c, 0x0c, 0x0c, 0x0c, 
	0x04, 0x04, 0x04, 0x04, 0x0c, 0x0c, 0x03, 0x0d, 
	0x09, 0x0b, 0x0b, 0x0b, 0x0b, 0x0b, 0x0b, 0x0b, 
	0x0b, 0x0b, 0x0b, 0x0b, 0x0b, 0x0b, 0x0b, 0x0b, 
	0x02, 0x03, 0x03, 0x0c, 0x0c, 0x0c, 0x0c, 0x0c, 
	0x04, 0x04, 0x04, 0x04, 0x0c, 0x0c, 0x03, 0x0d, 
	0x09, 0x0b, 0x0b, 0x0b, 0x0b, 0x0b, 0x0b, 0x0b, 
	0x0b, 0x0b, 0x0b, 0x0b, 0x0b, 0x0b, 0x0b, 0x0b, 
	0x03, 0x03, 0x0c, 0x0c, 0x0c, 0x0c, 0x0c, 0x0c, 
	0x04, 0x04, 0x04, 0x04, 0x0c, 0x0c, 0x0c, 0x0e, 
	0x09, 0x0b, 0x0b, 0x0b, 0x0b, 0x0b, 0x0b, 0x0b, 
	0x0b, 0x0b, 0x0b, 0x0b, 0x0b, 0x0b, 0x0b, 0x0b, 
	0x03, 0x0c, 0x0c, 0x0c, 0x0c, 0x0c, 0x0c, 0x0c, 
	0x04, 0x04, 0x04, 0x04, 0x0c, 0x0c, 0x0c, 0x0e, 
	0x09, 0x0b, 0x0b, 0x0b, 0x08, 0x08, 0x0b, 0x0b, 
	0x0b, 0x0b, 0x0b, 0x0b, 0x0b, 0x0b, 0x0b, 0x0b, 
	0x0c, 0x0c, 0x0c, 0x0c, 0x0c, 0x0c, 0x0c, 0x0c, 
	0x0c, 0x0c, 0x0c, 0x0f, 0x10, 0x10, 0x10, 0x11, 
	0x09, 0x0b, 0x0b, 0x0b, 0x08, 0x08, 0x0b, 0x0b, 
	0x0b, 0x0b, 0x0b, 0x0b, 0x0b, 0x0b, 0x0b, 0x0b, 
	0x0c, 0x04, 0x04, 0x04, 0x0c, 0x0c, 0x03, 0x03, 
	0x0c, 0x0c, 0x0c, 0x0f, 0x10, 0x10, 0x10, 0x11, 
	0x09, 0x0b, 0x0b, 0x0b, 0x0b, 0x0b, 0x0b, 0x0b, 
	0x0b, 0x0b, 0x0b, 0x0b, 0x0b, 0x0b, 0x0b, 0x0b, 
	0x04, 0x04, 0x04, 0x04, 0x0c, 0x03, 0x03, 0x03, 
	0x0c, 0x0c, 0x0c, 0x0f, 0x10, 0x10, 0x10, 0x12, 
	0x09, 0x0b, 0x0b, 0x0b, 0x0b, 0x0b, 0x0b, 0x0b, 
	0x0b, 0x0b, 0x0b, 0x0b, 0x0b, 0x0b, 0x0b, 0x0b, 
	0x04, 0x0f, 0x0a, 0x0a, 0x0f, 0x0f, 0x0f, 0x0f, 
	0x0a, 0x0e, 0x0e, 0x0e, 0x11, 0x11, 0x12, 0x13, 
	0x08, 0x0b, 0x0b, 0x0b, 0x0b, 0x0b, 0x0b, 0x0b, 
	0x0b, 0x0b, 0x0b, 0x0b, 0x0b, 0x0b, 0x0b, 0x0b, 
	0x14, 0x06, 0x07, 0x07, 0x09, 0x09, 0x09, 0x09, 
	0x09, 0x09, 0x09, 0x09, 0x09, 0x09, 0x09, 0x08, 
	0x03, 0x03, 0x03, 0x03, 0x0c, 0x0c, 0x04, 0x04, 
	0x0c, 0x0c, 0x03, 0x03, 0x03, 0x03, 0x03, 0x03, 
	0x06, 0x0b, 0x0b, 0x0b, 0x0b, 0x0b, 0x0b, 0x0b, 
	0x0b, 0x0b, 0x0b, 0x0b, 0x0b, 0x0b, 0x0b, 0x0b, 
	0x04, 0x0c, 0x0c, 0x04, 0x04, 0x10, 0x10, 0x10, 
	0x04, 0x04, 0x0c, 0x03, 0x03, 0x03, 0x03, 0x0a, 
	0x06, 0x0b, 0x0b, 0x0b, 0x0b, 0x0b, 0x0b, 0x0b, 
	0x0b, 0x0b, 0x0b, 0x0b, 0x0b, 0x0b, 0x0b, 0x0b, 
	0x04, 0x04, 0x04, 0x04, 0x10, 0x10, 0x10, 0x10, 
	0x10, 0x04, 0x0c, 0x03, 0x03, 0x02, 0x02, 0x0f, 
	0x07, 0x0b, 0x0b, 0x0b, 0x0b, 0x0b, 0x0b, 0x0b, 
	0x0b, 0x0b, 0x0b, 0x0b, 0x0b, 0x0b, 0x0b, 0x0b, 
	0x04, 0x04, 0x04, 0x04, 0x10, 0x10, 0x10, 0x10, 
	0x10, 0x04, 0x0c, 0x03, 0x03, 0x02, 0x02, 0x0f, 
	0x07, 0x0b, 0x0b, 0x0b, 0x0b, 0x0b, 0x0b, 0x0b, 
	0x0b, 0x0b, 0x0b, 0x0b, 0x0b, 0x0b, 0x0b, 0x0b, 
	0x0c, 0x04, 0x10, 0x10, 0x0f, 0x0f, 0x0f, 0x0f, 
	0x10, 0x04, 0x0c, 0x03, 0x02, 0x02, 0x01, 0x10, 
	0x07, 0x0b, 0x0b, 0x0b, 0x0b, 0x0b, 0x0b, 0x0b, 
	0x0b, 0x0b, 0x0b, 0x0b, 0x0b, 0x0b, 0x0b, 0x0b, 
	0x0c, 0x04, 0x10, 0x10, 0x0f, 0x0f, 0x0f, 0x10, 
	0x10, 0x04, 0x0c, 0x03, 0x02, 0x01, 0x01, 0x10, 
	0x07, 0x0b, 0x0b, 0x0b, 0x0b, 0x0b, 0x0b, 0x0b, 
	0x0b, 0x0b, 0x0b, 0x0b, 0x0b, 0x0b, 0x0b, 0x0b, 
	0x04, 0x10, 0x10, 0x10, 0x0f, 0x0f, 0x10, 0x10, 
	0x04, 0x04, 0x0c, 0x03, 0x02, 0x01, 0x01, 0x10, 
	0x09, 0x0b, 0x0b, 0x0b, 0x0b, 0x0b, 0x0b, 0x0b, 
	0x0b, 0x0b, 0x0b, 0x0b, 0x0b, 0x0b, 0x0b, 0x0b, 
	0x10, 0x10, 0x10, 0x10, 0x10, 0x10, 0x10, 0x10, 
	0x04, 0x04, 0x0c, 0x03, 0x02, 0x01, 0x01, 0x10, 
	0x09, 0x0b, 0x0b, 0x0b, 0x0b, 0x0b, 0x0b, 0x0b, 
	0x0b, 0x0b, 0x0b, 0x0b, 0x0b, 0x0b, 0x0b, 0x0b, 
	0x10, 0x10, 0x10, 0x10, 0x10, 0x10, 0x10, 0x04, 
	0x04, 0x04, 0x0c, 0x0c, 0x02, 0x02, 0x02, 0x0f, 
	0x09, 0x0b, 0x0b, 0x0b, 0x0b, 0x0b, 0x0b, 0x0b, 
	0x0b, 0x0b, 0x0b, 0x0b, 0x0b, 0x0b, 0x0b, 0x0b, 
	0x10, 0x10, 0x10, 0x10, 0x10, 0x04, 0x04, 0x04, 
	0x04, 0x04, 0x04, 0x0c, 0x0c, 0x02, 0x02, 0x0f, 
	0x09, 0x0b, 0x0b, 0x0b, 0x0b, 0x0b, 0x0b, 0x0b, 
	0x0b, 0x0b, 0x0b, 0x0b, 0x0b, 0x0b, 0x0b, 0x0b, 
	0x10, 0x10, 0x10, 0x04, 0x04, 0x04, 0x0c, 0x0c, 
	0x04, 0x04, 0x04, 0x0c, 0x0c, 0x02, 0x02, 0x0f, 
	0x09, 0x0b, 0x0b, 0x0b, 0x0b, 0x0b, 0x0b, 0x0b, 
	0x0b, 0x0b, 0x0b, 0x0b, 0x0b, 0x0b, 0x0b, 0x0b, 
	0x10, 0x10, 0x04, 0x04, 0x0c, 0x0c, 0x0c, 0x0c, 
	0x0c, 0x04, 0x04, 0x04, 0x0c, 0x0c, 0x02, 0x0f, 
	0x09, 0x0b, 0x0b, 0x0b, 0x0b, 0x0b, 0x0b, 0x0b, 
	0x0b, 0x0b, 0x0b, 0x0b, 0x0b, 0x0b, 0x0b, 0x0b, 
	0x10, 0x04, 0x04, 0x0c, 0x0c, 0x0c, 0x03, 0x03, 
	0x0c, 0x0c, 0x0c, 0x0c, 0x03, 0x03, 0x03, 0x0d, 
	0x09, 0x08, 0x0b, 0x0b, 0x0b, 0x0b, 0x0b, 0x0b, 
	0x0b, 0x0b, 0x0b, 0x0b, 0x0b, 0x0b, 0x0b, 0x0b, 
	0x10, 0x04, 0x04, 0x0c, 0x0c, 0x03, 0x03, 0x03, 
	0x03, 0x0c, 0x0c, 0x0c, 0x03, 0x03, 0x03, 0x0d, 
	0x09, 0x08, 0x08, 0x08, 0x0b, 0x0b, 0x0b, 0x0b, 
	0x0b, 0x0b, 0x0b, 0x0b, 0x0b, 0x0b, 0x0b, 0x0b, 
	0x04, 0x04, 0x0c, 0x0c, 0x03, 0x02, 0x02, 0x02, 
	0x02, 0x03, 0x03, 0x03, 0x03, 0x03, 0x03, 0x11, 
	0x09, 0x09, 0x09, 0x09, 0x08, 0x08, 0x0b, 0x0b, 
	0x0b, 0x0b, 0x0b, 0x0b, 0x0b, 0x0b, 0x0b, 0x0b, 
	0x0c, 0x0a, 0x10, 0x10, 0x10, 0x10, 0x10, 0x10, 
	0x0f, 0x0f, 0x0f, 0x0f, 0x0d, 0x0d, 0x11, 0x15, 
	
};

Gfx rbtcm_gate_pal_rgba16_aligner[] = {gsSPEndDisplayList()};
u8 rbtcm_gate_pal_rgba16[] = {
	0xf7, 0xbf, 0xe7, 0x3d, 0xde, 0xfd, 0xce, 0xbb, 
	0xb5, 0xf9, 0x19, 0x15, 0x10, 0xcf, 0x08, 0x89, 
	0x00, 0x03, 0x08, 0x47, 0x94, 0xf7, 0x00, 0x01, 
	0xc6, 0x3b, 0x84, 0x75, 0x7c, 0x35, 0x9d, 0x37, 
	0xad, 0x79, 0x63, 0x73, 0x4a, 0xb1, 0x3a, 0x2d, 
	0x21, 0x5b, 0x53, 0x31, 
};

Gfx rbtcm_Window_ci8_aligner[] = {gsSPEndDisplayList()};
u8 rbtcm_Window_ci8[] = {
	0x00, 0x00, 0x00, 0x00, 0x01, 0x01, 0x01, 0x02, 
	0x02, 0x02, 0x02, 0x02, 0x02, 0x02, 0x03, 0x03, 
	0x03, 0x03, 0x03, 0x04, 0x04, 0x04, 0x04, 0x00, 
	0x00, 0x00, 0x00, 0x04, 0x00, 0x00, 0x00, 0x00, 
	0x00, 0x00, 0x00, 0x00, 0x05, 0x06, 0x06, 0x07, 
	0x07, 0x07, 0x07, 0x08, 0x08, 0x08, 0x09, 0x09, 
	0x0a, 0x0a, 0x0a, 0x0b, 0x0b, 0x0b, 0x0b, 0x0c, 
	0x0c, 0x0c, 0x0c, 0x04, 0x00, 0x00, 0x00, 0x00, 
	0x00, 0x00, 0x00, 0x00, 0x06, 0x06, 0x06, 0x07, 
	0x07, 0x07, 0x07, 0x08, 0x08, 0x08, 0x09, 0x09, 
	0x09, 0x09, 0x0a, 0x0b, 0x0b, 0x0b, 0x0b, 0x0c, 
	0x0c, 0x0c, 0x0d, 0x04, 0x00, 0x00, 0x00, 0x00, 
	0x00, 0x00, 0x0d, 0x00, 0x02, 0x02, 0x02, 0x00, 
	0x00, 0x00, 0x00, 0x00, 0x00, 0x00, 0x0e, 0x0e, 
	0x00, 0x00, 0x00, 0x00, 0x00, 0x00, 0x00, 0x00, 
	0x00, 0x00, 0x00, 0x00, 0x00, 0x00, 0x0d, 0x00, 
	0x0d, 0x00, 0x0f, 0x00, 0x10, 0x10, 0x10, 0x10, 
	0x10, 0x10, 0x10, 0x10, 0x10, 0x10, 0x10, 0x10, 
	0x10, 0x10, 0x10, 0x10, 0x10, 0x10, 0x10, 0x10, 
	0x10, 0x10, 0x10, 0x10, 0x0d, 0x00, 0x0f, 0x00, 
	0x02, 0x02, 0x11, 0x04, 0x10, 0x10, 0x10, 0x10, 
	0x10, 0x10, 0x10, 0x10, 0x10, 0x10, 0x10, 0x10, 
	0x10, 0x10, 0x10, 0x10, 0x10, 0x10, 0x10, 0x10, 
	0x10, 0x10, 0x10, 0x10, 0x02, 0x02, 0x11, 0x04, 
	0x02, 0x11, 0x11, 0x00, 0x10, 0x10, 0x10, 0x10, 
	0x10, 0x10, 0x10, 0x10, 0x10, 0x10, 0x10, 0x10, 
	0x10, 0x10, 0x10, 0x10, 0x10, 0x10, 0x10, 0x10, 
	0x10, 0x10, 0x10, 0x10, 0x02, 0x11, 0x11, 0x00, 
	0x02, 0x11, 0x11, 0x00, 0x10, 0x10, 0x10, 0x10, 
	0x10, 0x10, 0x10, 0x10, 0x10, 0x10, 0x10, 0x10, 
	0x10, 0x10, 0x10, 0x10, 0x10, 0x10, 0x10, 0x10, 
	0x10, 0x10, 0x10, 0x10, 0x02, 0x11, 0x11, 0x00, 
	0x02, 0x11, 0x11, 0x00, 0x10, 0x10, 0x10, 0x10, 
	0x10, 0x10, 0x10, 0x10, 0x10, 0x10, 0x10, 0x10, 
	0x10, 0x10, 0x10, 0x10, 0x10, 0x10, 0x10, 0x10, 
	0x10, 0x10, 0x10, 0x10, 0x02, 0x11, 0x11, 0x00, 
	0x03, 0x12, 0x12, 0x00, 0x10, 0x10, 0x10, 0x10, 
	0x10, 0x10, 0x10, 0x10, 0x10, 0x10, 0x10, 0x10, 
	0x10, 0x10, 0x10, 0x10, 0x10, 0x10, 0x10, 0x10, 
	0x10, 0x10, 0x10, 0x10, 0x03, 0x12, 0x12, 0x00, 
	0x03, 0x12, 0x12, 0x00, 0x10, 0x10, 0x10, 0x10, 
	0x10, 0x10, 0x10, 0x10, 0x10, 0x10, 0x10, 0x10, 
	0x10, 0x10, 0x10, 0x10, 0x10, 0x10, 0x10, 0x10, 
	0x10, 0x10, 0x10, 0x10, 0x03, 0x12, 0x12, 0x00, 
	0x03, 0x13, 0x13, 0x00, 0x10, 0x10, 0x10, 0x10, 
	0x10, 0x10, 0x10, 0x10, 0x10, 0x10, 0x10, 0x10, 
	0x10, 0x10, 0x10, 0x10, 0x10, 0x10, 0x10, 0x10, 
	0x10, 0x10, 0x10, 0x10, 0x03, 0x13, 0x13, 0x00, 
	0x03, 0x13, 0x13, 0x00, 0x10, 0x10, 0x10, 0x10, 
	0x10, 0x10, 0x10, 0x10, 0x10, 0x10, 0x10, 0x10, 
	0x10, 0x10, 0x10, 0x10, 0x10, 0x10, 0x10, 0x10, 
	0x10, 0x10, 0x10, 0x10, 0x03, 0x13, 0x13, 0x00, 
	0x04, 0x14, 0x14, 0x01, 0x10, 0x10, 0x10, 0x10, 
	0x10, 0x10, 0x10, 0x10, 0x10, 0x10, 0x10, 0x10, 
	0x10, 0x10, 0x10, 0x10, 0x10, 0x10, 0x10, 0x10, 
	0x10, 0x10, 0x10, 0x10, 0x04, 0x14, 0x14, 0x01, 
	0x04, 0x14, 0x14, 0x05, 0x10, 0x10, 0x10, 0x10, 
	0x10, 0x10, 0x10, 0x10, 0x10, 0x10, 0x10, 0x10, 
	0x10, 0x10, 0x10, 0x10, 0x10, 0x10, 0x10, 0x10, 
	0x10, 0x10, 0x10, 0x10, 0x04, 0x14, 0x14, 0x05, 
	0x04, 0x14, 0x14, 0x05, 0x10, 0x10, 0x10, 0x10, 
	0x10, 0x10, 0x10, 0x10, 0x10, 0x10, 0x10, 0x10, 
	0x10, 0x10, 0x10, 0x10, 0x10, 0x10, 0x10, 0x10, 
	0x10, 0x10, 0x10, 0x10, 0x04, 0x14, 0x14, 0x05, 
	0x04, 0x14, 0x14, 0x05, 0x10, 0x10, 0x10, 0x10, 
	0x10, 0x10, 0x10, 0x10, 0x10, 0x10, 0x10, 0x10, 
	0x10, 0x10, 0x10, 0x10, 0x10, 0x10, 0x10, 0x10, 
	0x10, 0x10, 0x10, 0x10, 0x04, 0x14, 0x14, 0x05, 
	0x00, 0x15, 0x15, 0x02, 0x10, 0x10, 0x10, 0x10, 
	0x10, 0x10, 0x10, 0x10, 0x10, 0x10, 0x10, 0x10, 
	0x10, 0x10, 0x10, 0x10, 0x10, 0x10, 0x10, 0x10, 
	0x10, 0x10, 0x10, 0x10, 0x00, 0x15, 0x15, 0x02, 
	0x00, 0x15, 0x15, 0x02, 0x10, 0x10, 0x10, 0x10, 
	0x10, 0x10, 0x10, 0x10, 0x10, 0x10, 0x10, 0x10, 
	0x10, 0x10, 0x10, 0x10, 0x10, 0x10, 0x10, 0x10, 
	0x10, 0x10, 0x10, 0x10, 0x00, 0x15, 0x15, 0x02, 
	0x16, 0x15, 0x15, 0x02, 0x10, 0x10, 0x10, 0x10, 
	0x10, 0x10, 0x10, 0x10, 0x10, 0x10, 0x10, 0x10, 
	0x10, 0x10, 0x10, 0x10, 0x10, 0x10, 0x10, 0x10, 
	0x10, 0x10, 0x10, 0x10, 0x16, 0x15, 0x15, 0x02, 
	0x16, 0x15, 0x15, 0x00, 0x10, 0x10, 0x10, 0x10, 
	0x10, 0x10, 0x10, 0x10, 0x10, 0x10, 0x10, 0x10, 
	0x10, 0x10, 0x10, 0x10, 0x10, 0x10, 0x10, 0x10, 
	0x10, 0x10, 0x10, 0x10, 0x16, 0x15, 0x15, 0x00, 
	0x04, 0x17, 0x17, 0x18, 0x10, 0x10, 0x10, 0x10, 
	0x10, 0x10, 0x10, 0x10, 0x10, 0x10, 0x10, 0x10, 
	0x10, 0x10, 0x10, 0x10, 0x10, 0x10, 0x10, 0x10, 
	0x10, 0x10, 0x10, 0x10, 0x04, 0x17, 0x17, 0x18, 
	0x04, 0x17, 0x17, 0x19, 0x10, 0x10, 0x10, 0x10, 
	0x10, 0x10, 0x10, 0x10, 0x10, 0x10, 0x10, 0x10, 
	0x10, 0x10, 0x10, 0x10, 0x10, 0x10, 0x10, 0x10, 
	0x10, 0x10, 0x10, 0x10, 0x04, 0x17, 0x17, 0x19, 
	0x04, 0x17, 0x17, 0x18, 0x10, 0x10, 0x10, 0x10, 
	0x10, 0x10, 0x10, 0x10, 0x10, 0x10, 0x10, 0x10, 
	0x10, 0x10, 0x10, 0x10, 0x10, 0x10, 0x10, 0x10, 
	0x10, 0x10, 0x10, 0x10, 0x04, 0x17, 0x17, 0x18, 
	0x04, 0x17, 0x17, 0x18, 0x10, 0x10, 0x10, 0x10, 
	0x10, 0x10, 0x10, 0x10, 0x10, 0x10, 0x10, 0x10, 
	0x10, 0x10, 0x10, 0x10, 0x10, 0x10, 0x10, 0x10, 
	0x10, 0x10, 0x10, 0x10, 0x04, 0x17, 0x17, 0x18, 
	0x0d, 0x1a, 0x1a, 0x1b, 0x10, 0x10, 0x10, 0x10, 
	0x10, 0x10, 0x10, 0x10, 0x10, 0x10, 0x10, 0x10, 
	0x10, 0x10, 0x10, 0x10, 0x10, 0x10, 0x10, 0x10, 
	0x10, 0x10, 0x10, 0x10, 0x0d, 0x1a, 0x1a, 0x1b, 
	0x0d, 0x1c, 0x1a, 0x1b, 0x10, 0x10, 0x10, 0x10, 
	0x10, 0x10, 0x10, 0x10, 0x10, 0x10, 0x10, 0x10, 
	0x10, 0x10, 0x10, 0x10, 0x10, 0x10, 0x10, 0x10, 
	0x10, 0x10, 0x10, 0x10, 0x0d, 0x1c, 0x1a, 0x1b, 
	0x0d, 0x1c, 0x1c, 0x1d, 0x10, 0x10, 0x10, 0x10, 
	0x10, 0x10, 0x10, 0x10, 0x10, 0x10, 0x10, 0x10, 
	0x10, 0x10, 0x10, 0x10, 0x10, 0x10, 0x10, 0x10, 
	0x10, 0x10, 0x10, 0x10, 0x0d, 0x1c, 0x1c, 0x1d, 
	0x0d, 0x1c, 0x0d, 0x00, 0x01, 0x01, 0x01, 0x02, 
	0x02, 0x02, 0x02, 0x02, 0x02, 0x02, 0x03, 0x03, 
	0x03, 0x03, 0x03, 0x04, 0x04, 0x04, 0x04, 0x00, 
	0x00, 0x00, 0x00, 0x04, 0x0d, 0x1c, 0x0d, 0x00, 
	0x1e, 0x1e, 0x1e, 0x00, 0x05, 0x06, 0x06, 0x07, 
	0x07, 0x07, 0x07, 0x08, 0x08, 0x08, 0x09, 0x09, 
	0x0a, 0x0a, 0x0a, 0x0b, 0x0b, 0x0b, 0x0b, 0x0c, 
	0x0c, 0x0c, 0x0c, 0x04, 0x1e, 0x1e, 0x1e, 0x00, 
	0x1e, 0x1e, 0x1e, 0x00, 0x06, 0x06, 0x06, 0x07, 
	0x07, 0x07, 0x07, 0x08, 0x08, 0x08, 0x09, 0x09, 
	0x09, 0x09, 0x0a, 0x0b, 0x0b, 0x0b, 0x0b, 0x0c, 
	0x0c, 0x0c, 0x0d, 0x04, 0x1e, 0x1e, 0x1e, 0x00, 
	0x00, 0x00, 0x00, 0x00, 0x02, 0x02, 0x02, 0x00, 
	0x00, 0x00, 0x00, 0x00, 0x00, 0x00, 0x0e, 0x0e, 
	0x00, 0x00, 0x00, 0x00, 0x00, 0x00, 0x00, 0x00, 
	0x00, 0x00, 0x00, 0x00, 0x00, 0x00, 0x00, 0x00, 
	
};

Gfx rbtcm_Window_pal_rgba16_aligner[] = {gsSPEndDisplayList()};
u8 rbtcm_Window_pal_rgba16[] = {
	0x00, 0x01, 0x00, 0x07, 0x00, 0x05, 0x00, 0x49, 
	0x00, 0x03, 0x29, 0x91, 0x5b, 0x5d, 0x63, 0x9f, 
	0x6b, 0xe1, 0x7b, 0x5b, 0x39, 0xd1, 0x21, 0xd1, 
	0x21, 0x4d, 0x00, 0x45, 0x08, 0x49, 0x21, 0xd3, 
	0x00, 0x00, 0x32, 0x55, 0x39, 0xd3, 0x7b, 0x9f, 
	0x83, 0xe1, 0x73, 0x5b, 0x31, 0x4f, 0x53, 0x5b, 
	0x10, 0x89, 0x29, 0x8f, 0x42, 0xd9, 0x31, 0x8b, 
	0x21, 0x8f, 0x08, 0x41, 0x00, 0x47, 
};

Gfx rbtcm_Books_ci8_aligner[] = {gsSPEndDisplayList()};
u8 rbtcm_Books_ci8[] = {
	0x00, 0x01, 0x00, 0x02, 0x02, 0x02, 0x02, 0x03, 
	0x02, 0x03, 0x03, 0x03, 0x03, 0x02, 0x02, 0x03, 
	0x04, 0x05, 0x05, 0x05, 0x05, 0x05, 0x05, 0x06, 
	0x03, 0x02, 0x02, 0x03, 0x03, 0x03, 0x03, 0x01, 
	0x00, 0x01, 0x00, 0x02, 0x02, 0x02, 0x03, 0x02, 
	0x02, 0x03, 0x03, 0x03, 0x03, 0x02, 0x02, 0x02, 
	0x04, 0x05, 0x05, 0x05, 0x05, 0x05, 0x04, 0x06, 
	0x03, 0x02, 0x02, 0x03, 0x03, 0x03, 0x02, 0x01, 
	0x00, 0x01, 0x00, 0x02, 0x02, 0x02, 0x02, 0x02, 
	0x03, 0x03, 0x03, 0x03, 0x02, 0x02, 0x02, 0x02, 
	0x04, 0x04, 0x04, 0x05, 0x05, 0x05, 0x05, 0x04, 
	0x03, 0x03, 0x02, 0x02, 0x03, 0x03, 0x02, 0x01, 
	0x00, 0x07, 0x07, 0x07, 0x07, 0x07, 0x07, 0x07, 
	0x07, 0x08, 0x08, 0x08, 0x08, 0x08, 0x07, 0x08, 
	0x07, 0x08, 0x08, 0x08, 0x07, 0x07, 0x07, 0x07, 
	0x08, 0x08, 0x08, 0x08, 0x07, 0x07, 0x07, 0x01, 
	0x09, 0x0a, 0x0a, 0x0a, 0x0b, 0x0b, 0x0c, 0x0c, 
	0x0d, 0x0d, 0x0d, 0x0d, 0x0e, 0x0e, 0x0e, 0x0e, 
	0x0f, 0x0f, 0x0f, 0x0f, 0x10, 0x10, 0x10, 0x10, 
	0x0e, 0x0e, 0x0e, 0x0e, 0x0d, 0x0d, 0x0d, 0x11, 
	0x09, 0x0a, 0x12, 0x13, 0x14, 0x0b, 0x15, 0x15, 
	0x16, 0x0d, 0x17, 0x18, 0x0e, 0x0e, 0x19, 0x1a, 
	0x1b, 0x0f, 0x1c, 0x0f, 0x10, 0x10, 0x1d, 0x1e, 
	0x0e, 0x0e, 0x1c, 0x1f, 0x20, 0x0d, 0x0d, 0x11, 
	0x09, 0x0a, 0x12, 0x13, 0x14, 0x0b, 0x15, 0x0c, 
	0x16, 0x0d, 0x17, 0x18, 0x0e, 0x0e, 0x19, 0x1a, 
	0x1b, 0x0f, 0x1c, 0x1f, 0x10, 0x10, 0x1d, 0x21, 
	0x0e, 0x0e, 0x1c, 0x1f, 0x22, 0x0d, 0x0d, 0x11, 
	0x09, 0x0a, 0x12, 0x13, 0x14, 0x0b, 0x15, 0x15, 
	0x16, 0x0d, 0x17, 0x18, 0x0e, 0x0e, 0x19, 0x23, 
	0x1b, 0x0f, 0x1c, 0x1c, 0x10, 0x10, 0x1d, 0x21, 
	0x0e, 0x0e, 0x1c, 0x1f, 0x22, 0x0d, 0x0d, 0x11, 
	0x06, 0x24, 0x25, 0x14, 0x26, 0x26, 0x27, 0x28, 
	0x29, 0x29, 0x2a, 0x2b, 0x2c, 0x2c, 0x2d, 0x2e, 
	0x1b, 0x0f, 0x1c, 0x1c, 0x2f, 0x2f, 0x30, 0x30, 
	0x2b, 0x29, 0x2a, 0x2b, 0x31, 0x32, 0x32, 0x33, 
	0x06, 0x24, 0x14, 0x14, 0x26, 0x26, 0x26, 0x26, 
	0x29, 0x29, 0x2b, 0x2b, 0x2c, 0x2c, 0x2e, 0x2e, 
	0x1b, 0x0f, 0x0f, 0x0f, 0x2f, 0x2f, 0x34, 0x2f, 
	0x29, 0x29, 0x2b, 0x2b, 0x32, 0x32, 0x32, 0x33, 
	0x09, 0x09, 0x09, 0x09, 0x02, 0x02, 0x02, 0x02, 
	0x35, 0x35, 0x35, 0x35, 0x09, 0x09, 0x09, 0x09, 
	0x36, 0x36, 0x36, 0x36, 0x37, 0x37, 0x37, 0x37, 
	0x35, 0x35, 0x35, 0x35, 0x37, 0x37, 0x37, 0x33, 
	0x09, 0x09, 0x38, 0x38, 0x02, 0x02, 0x02, 0x02, 
	0x35, 0x35, 0x35, 0x35, 0x09, 0x09, 0x09, 0x09, 
	0x39, 0x36, 0x36, 0x36, 0x37, 0x37, 0x37, 0x37, 
	0x35, 0x35, 0x35, 0x35, 0x37, 0x3a, 0x3b, 0x33, 
	0x09, 0x2c, 0x2c, 0x2c, 0x0f, 0x0f, 0x0f, 0x0f, 
	0x0b, 0x0b, 0x0b, 0x0b, 0x3c, 0x3c, 0x3c, 0x3c, 
	0x3c, 0x3c, 0x3c, 0x3c, 0x29, 0x29, 0x29, 0x29, 
	0x3d, 0x3d, 0x3e, 0x3d, 0x0d, 0x0d, 0x0d, 0x24, 
	0x09, 0x2c, 0x2c, 0x2c, 0x0f, 0x0f, 0x0f, 0x0f, 
	0x0b, 0x0b, 0x3f, 0x3f, 0x3c, 0x3c, 0x3e, 0x3e, 
	0x3c, 0x3c, 0x40, 0x40, 0x29, 0x29, 0x29, 0x29, 
	0x3d, 0x3d, 0x3e, 0x3d, 0x0d, 0x0d, 0x0d, 0x11, 
	0x09, 0x2c, 0x2d, 0x2e, 0x1b, 0x0f, 0x1c, 0x1f, 
	0x3f, 0x0b, 0x41, 0x42, 0x3e, 0x3c, 0x43, 0x40, 
	0x40, 0x3c, 0x44, 0x40, 0x29, 0x29, 0x2a, 0x45, 
	0x3d, 0x3d, 0x43, 0x46, 0x20, 0x0d, 0x0d, 0x11, 
	0x09, 0x2c, 0x2d, 0x2d, 0x1b, 0x0f, 0x1c, 0x1f, 
	0x3f, 0x0b, 0x42, 0x42, 0x3e, 0x3c, 0x43, 0x40, 
	0x40, 0x3c, 0x44, 0x47, 0x29, 0x29, 0x2a, 0x2b, 
	0x3e, 0x3d, 0x43, 0x46, 0x20, 0x0d, 0x0d, 0x11, 
	0x09, 0x2c, 0x2d, 0x2e, 0x48, 0x49, 0x4a, 0x4a, 
	0x22, 0x0b, 0x4b, 0x4b, 0x22, 0x0b, 0x4b, 0x22, 
	0x18, 0x0d, 0x19, 0x23, 0x0b, 0x0b, 0x4b, 0x22, 
	0x2b, 0x29, 0x2a, 0x2b, 0x24, 0x24, 0x24, 0x4c, 
	0x09, 0x2c, 0x2d, 0x2e, 0x48, 0x49, 0x4a, 0x4a, 
	0x22, 0x0b, 0x4b, 0x22, 0x22, 0x0b, 0x4b, 0x4b, 
	0x18, 0x0d, 0x19, 0x19, 0x4b, 0x0b, 0x4b, 0x22, 
	0x29, 0x29, 0x2a, 0x2b, 0x24, 0x24, 0x24, 0x4c, 
	0x4d, 0x2c, 0x2e, 0x2e, 0x49, 0x49, 0x48, 0x48, 
	0x22, 0x0b, 0x22, 0x22, 0x22, 0x0b, 0x4b, 0x4b, 
	0x0d, 0x0d, 0x19, 0x19, 0x4b, 0x0b, 0x22, 0x22, 
	0x29, 0x29, 0x2b, 0x2b, 0x24, 0x24, 0x24, 0x4c, 
	0x4d, 0x09, 0x09, 0x09, 0x39, 0x39, 0x39, 0x39, 
	0x4e, 0x4e, 0x4e, 0x4e, 0x4e, 0x4e, 0x4e, 0x4e, 
	0x4f, 0x4f, 0x4f, 0x4f, 0x4e, 0x4e, 0x4e, 0x4e, 
	0x35, 0x35, 0x35, 0x35, 0x06, 0x06, 0x06, 0x4c, 
	0x4d, 0x09, 0x09, 0x09, 0x50, 0x50, 0x50, 0x50, 
	0x02, 0x02, 0x02, 0x02, 0x09, 0x09, 0x09, 0x09, 
	0x35, 0x35, 0x35, 0x35, 0x35, 0x35, 0x35, 0x35, 
	0x09, 0x09, 0x09, 0x09, 0x02, 0x02, 0x02, 0x33, 
	0x4d, 0x24, 0x24, 0x24, 0x51, 0x51, 0x51, 0x51, 
	0x0d, 0x0d, 0x0d, 0x0d, 0x2c, 0x2c, 0x2c, 0x2c, 
	0x26, 0x26, 0x26, 0x26, 0x2f, 0x2f, 0x2f, 0x2f, 
	0x0a, 0x0a, 0x0a, 0x0a, 0x32, 0x32, 0x32, 0x33, 
	0x4d, 0x24, 0x24, 0x24, 0x51, 0x51, 0x51, 0x52, 
	0x20, 0x20, 0x0d, 0x20, 0x2c, 0x2c, 0x2c, 0x2e, 
	0x26, 0x26, 0x26, 0x2a, 0x2f, 0x2f, 0x2f, 0x2f, 
	0x0a, 0x0a, 0x0a, 0x13, 0x53, 0x32, 0x32, 0x33, 
	0x4d, 0x24, 0x24, 0x15, 0x54, 0x55, 0x51, 0x52, 
	0x20, 0x20, 0x0d, 0x20, 0x25, 0x2c, 0x2c, 0x2d, 
	0x28, 0x28, 0x26, 0x2a, 0x56, 0x2f, 0x2f, 0x57, 
	0x58, 0x0a, 0x0a, 0x12, 0x59, 0x53, 0x32, 0x11, 
	0x5a, 0x5b, 0x5b, 0x5c, 0x1b, 0x1b, 0x0f, 0x1d, 
	0x5d, 0x5e, 0x5e, 0x5f, 0x4a, 0x4a, 0x48, 0x60, 
	0x23, 0x1a, 0x0e, 0x19, 0x21, 0x10, 0x10, 0x1d, 
	0x56, 0x2f, 0x2f, 0x45, 0x61, 0x62, 0x49, 0x11, 
	0x5a, 0x5b, 0x5b, 0x5c, 0x21, 0x1b, 0x0f, 0x1d, 
	0x5d, 0x5e, 0x5e, 0x5f, 0x4a, 0x4a, 0x48, 0x60, 
	0x1a, 0x1a, 0x0e, 0x19, 0x1e, 0x1e, 0x10, 0x1d, 
	0x56, 0x2f, 0x2f, 0x45, 0x61, 0x62, 0x49, 0x11, 
	0x5a, 0x5b, 0x5b, 0x5c, 0x1b, 0x1b, 0x0f, 0x1d, 
	0x5d, 0x5e, 0x5e, 0x5f, 0x4a, 0x4a, 0x48, 0x63, 
	0x23, 0x1a, 0x0e, 0x19, 0x1d, 0x1e, 0x10, 0x1d, 
	0x57, 0x2f, 0x2f, 0x45, 0x64, 0x62, 0x49, 0x11, 
	0x5a, 0x5b, 0x5b, 0x65, 0x1d, 0x1b, 0x0f, 0x1d, 
	0x5f, 0x66, 0x5e, 0x66, 0x4a, 0x48, 0x48, 0x67, 
	0x19, 0x0e, 0x0e, 0x19, 0x1d, 0x10, 0x10, 0x1d, 
	0x57, 0x2f, 0x2f, 0x2f, 0x61, 0x62, 0x49, 0x11, 
	0x02, 0x02, 0x02, 0x02, 0x02, 0x02, 0x02, 0x02, 
	0x35, 0x35, 0x35, 0x35, 0x02, 0x02, 0x02, 0x02, 
	0x37, 0x68, 0x68, 0x68, 0x68, 0x68, 0x68, 0x37, 
	0x04, 0x05, 0x04, 0x04, 0x37, 0x37, 0x69, 0x01, 
	0x02, 0x02, 0x3a, 0x3a, 0x39, 0x39, 0x39, 0x39, 
	0x35, 0x35, 0x35, 0x35, 0x02, 0x02, 0x02, 0x02, 
	0x37, 0x37, 0x37, 0x37, 0x37, 0x37, 0x37, 0x37, 
	0x09, 0x09, 0x09, 0x09, 0x69, 0x69, 0x01, 0x01, 
	0x02, 0x32, 0x32, 0x32, 0x6a, 0x6a, 0x6a, 0x6a, 
	0x6b, 0x6b, 0x6b, 0x6b, 0x0d, 0x0d, 0x20, 0x0d, 
	0x6c, 0x6c, 0x6d, 0x6e, 0x6c, 0x6c, 0x6c, 0x6c, 
	0x6f, 0x6f, 0x6f, 0x6f, 0x70, 0x70, 0x70, 0x01, 
	0x02, 0x32, 0x59, 0x59, 0x6a, 0x6a, 0x53, 0x53, 
	0x29, 0x29, 0x2b, 0x2b, 0x0d, 0x0d, 0x20, 0x20, 
	0x71, 0x71, 0x6e, 0x6e, 0x6e, 0x71, 0x6e, 0x71, 
	0x24, 0x24, 0x24, 0x24, 0x72, 0x73, 0x72, 0x01, 
	0x09, 0x24, 0x25, 0x14, 0x59, 0x32, 0x74, 0x59, 
	0x10, 0x10, 0x1d, 0x1e, 0x42, 0x32, 0x42, 0x42, 
	0x14, 0x0b, 0x15, 0x0c, 0x16, 0x0d, 0x17, 0x18, 
	0x0a, 0x0a, 0x12, 0x13, 0x53, 0x59, 0x32, 0x33, 
	0x09, 0x24, 0x25, 0x14, 0x59, 0x32, 0x75, 0x59, 
	0x10, 0x10, 0x1d, 0x21, 0x42, 0x32, 0x42, 0x42, 
	0x14, 0x0b, 0x15, 0x15, 0x16, 0x0d, 0x17, 0x0d, 
	0x0a, 0x0a, 0x12, 0x13, 0x53, 0x59, 0x32, 0x33, 
	0x09, 0x24, 0x25, 0x14, 0x59, 0x32, 0x75, 0x59, 
	0x10, 0x10, 0x1d, 0x1d, 0x42, 0x32, 0x42, 0x42, 
	0x14, 0x0b, 0x15, 0x15, 0x16, 0x0d, 0x17, 0x18, 
	0x0a, 0x0a, 0x12, 0x13, 0x59, 0x59, 0x32, 0x33, 
	0x06, 0x24, 0x25, 0x14, 0x59, 0x32, 0x75, 0x75, 
	0x10, 0x10, 0x1d, 0x1d, 0x42, 0x32, 0x76, 0x42, 
	0x14, 0x0b, 0x15, 0x15, 0x16, 0x0d, 0x17, 0x17, 
	0x0a, 0x0a, 0x12, 0x13, 0x59, 0x32, 0x32, 0x33, 
	0x4e, 0x72, 0x77, 0x77, 0x72, 0x72, 0x73, 0x73, 
	0x29, 0x29, 0x2a, 0x2a, 0x31, 0x32, 0x74, 0x74, 
	0x22, 0x0b, 0x4b, 0x4b, 0x22, 0x0b, 0x22, 0x22, 
	0x78, 0x78, 0x74, 0x74, 0x32, 0x32, 0x32, 0x33, 
	0x4e, 0x4e, 0x4e, 0x39, 0x69, 0x69, 0x37, 0x37, 
	0x35, 0x35, 0x35, 0x35, 0x00, 0x00, 0x00, 0x00, 
	0x4e, 0x4e, 0x4e, 0x4e, 0x4e, 0x4e, 0x4e, 0x4e, 
	0x4e, 0x4e, 0x4e, 0x4e, 0x00, 0x3a, 0x3a, 0x33, 
	0x4e, 0x4e, 0x39, 0x39, 0x69, 0x01, 0x69, 0x69, 
	0x35, 0x35, 0x35, 0x35, 0x3a, 0x3a, 0x3a, 0x00, 
	0x4e, 0x4e, 0x4e, 0x4e, 0x4e, 0x4e, 0x4e, 0x4e, 
	0x4e, 0x4e, 0x4e, 0x4e, 0x00, 0x3a, 0x3a, 0x33, 
	0x4e, 0x72, 0x72, 0x72, 0x72, 0x72, 0x72, 0x72, 
	0x29, 0x29, 0x29, 0x29, 0x32, 0x32, 0x32, 0x32, 
	0x0b, 0x0b, 0x0b, 0x22, 0x0b, 0x0b, 0x0b, 0x22, 
	0x78, 0x78, 0x72, 0x78, 0x32, 0x32, 0x32, 0x33, 
	0x37, 0x5b, 0x5b, 0x5b, 0x79, 0x49, 0x49, 0x49, 
	0x7a, 0x49, 0x49, 0x7a, 0x7a, 0x49, 0x49, 0x7a, 
	0x79, 0x49, 0x49, 0x79, 0x7b, 0x7b, 0x7b, 0x7b, 
	0x22, 0x0b, 0x0b, 0x22, 0x62, 0x49, 0x49, 0x11, 
	0x37, 0x5b, 0x5b, 0x5c, 0x7c, 0x79, 0x49, 0x57, 
	0x7d, 0x7a, 0x49, 0x57, 0x57, 0x7a, 0x49, 0x57, 
	0x7c, 0x79, 0x49, 0x57, 0x7e, 0x7e, 0x7b, 0x7f, 
	0x22, 0x22, 0x0b, 0x7f, 0x61, 0x62, 0x49, 0x11, 
	0x37, 0x5b, 0x5b, 0x5c, 0x79, 0x79, 0x49, 0x57, 
	0x57, 0x7d, 0x49, 0x57, 0x57, 0x7d, 0x49, 0x57, 
	0x7c, 0x7c, 0x49, 0x57, 0x7e, 0x7e, 0x7b, 0x7f, 
	0x22, 0x22, 0x0b, 0x7f, 0x62, 0x62, 0x61, 0x11, 
	0x37, 0x5b, 0x5b, 0x5c, 0x79, 0x79, 0x49, 0x57, 
	0x57, 0x7d, 0x49, 0x57, 0x57, 0x7a, 0x49, 0x57, 
	0x7c, 0x7c, 0x49, 0x57, 0x7e, 0x7e, 0x7b, 0x7f, 
	0x22, 0x22, 0x0b, 0x7f, 0x61, 0x62, 0x61, 0x11, 
	0x06, 0x2c, 0x2c, 0x2d, 0x28, 0x26, 0x26, 0x27, 
	0x4b, 0x4b, 0x0b, 0x4b, 0x7e, 0x7e, 0x7b, 0x80, 
	0x81, 0x81, 0x82, 0x4b, 0x30, 0x30, 0x2f, 0x83, 
	0x2a, 0x2b, 0x29, 0x45, 0x53, 0x59, 0x32, 0x84, 
	0x06, 0x2c, 0x2c, 0x2e, 0x26, 0x26, 0x26, 0x26, 
	0x4b, 0x22, 0x0b, 0x4b, 0x7e, 0x7b, 0x7b, 0x80, 
	0x4b, 0x82, 0x82, 0x4b, 0x30, 0x2f, 0x2f, 0x34, 
	0x2a, 0x29, 0x29, 0x2a, 0x59, 0x53, 0x32, 0x84, 
	0x06, 0x09, 0x09, 0x09, 0x02, 0x02, 0x02, 0x02, 
	0x4e, 0x4e, 0x4e, 0x4e, 0x69, 0x69, 0x69, 0x69, 
	0x4e, 0x4e, 0x4e, 0x4e, 0x37, 0x37, 0x37, 0x37, 
	0x35, 0x35, 0x35, 0x35, 0x02, 0x02, 0x02, 0x84, 
	0x06, 0x09, 0x09, 0x09, 0x02, 0x02, 0x02, 0x02, 
	0x4e, 0x4e, 0x4e, 0x4e, 0x69, 0x69, 0x69, 0x69, 
	0x4e, 0x4e, 0x4e, 0x4e, 0x37, 0x37, 0x37, 0x37, 
	0x35, 0x35, 0x35, 0x35, 0x02, 0x02, 0x02, 0x84, 
	0x04, 0x32, 0x32, 0x32, 0x49, 0x49, 0x49, 0x7a, 
	0x5b, 0x5b, 0x5b, 0x5b, 0x3d, 0x3d, 0x3d, 0x3e, 
	0x29, 0x29, 0x29, 0x29, 0x14, 0x24, 0x24, 0x14, 
	0x0f, 0x0f, 0x0f, 0x0f, 0x7b, 0x7b, 0x7b, 0x3b, 
	0x39, 0x32, 0x32, 0x31, 0x49, 0x49, 0x49, 0x7d, 
	0x85, 0x85, 0x5b, 0x85, 0x3e, 0x3d, 0x3d, 0x3e, 
	0x29, 0x29, 0x29, 0x29, 0x14, 0x14, 0x24, 0x14, 
	0x1b, 0x1b, 0x0f, 0x1b, 0x7b, 0x7b, 0x7b, 0x3b, 
	0x04, 0x32, 0x32, 0x31, 0x7a, 0x49, 0x49, 0x57, 
	0x85, 0x85, 0x5b, 0x85, 0x46, 0x3e, 0x3d, 0x43, 
	0x2d, 0x29, 0x29, 0x25, 0x14, 0x14, 0x24, 0x15, 
	0x1b, 0x1b, 0x0f, 0x1d, 0x7e, 0x7b, 0x7b, 0x3b, 
	0x04, 0x32, 0x32, 0x74, 0x7a, 0x7a, 0x49, 0x57, 
	0x5c, 0x85, 0x5b, 0x86, 0x46, 0x3e, 0x3d, 0x43, 
	0x2d, 0x29, 0x29, 0x25, 0x25, 0x14, 0x24, 0x15, 
	0x21, 0x1b, 0x0f, 0x1d, 0x87, 0x7e, 0x7b, 0x3b, 
	0x00, 0x72, 0x72, 0x7f, 0x22, 0x22, 0x0b, 0x80, 
	0x81, 0x81, 0x82, 0x4b, 0x2b, 0x2b, 0x29, 0x2a, 
	0x81, 0x82, 0x82, 0x88, 0x77, 0x77, 0x72, 0x89, 
	0x2d, 0x2e, 0x2c, 0x2d, 0x30, 0x2f, 0x2f, 0x8a, 
	0x00, 0x72, 0x72, 0x7f, 0x22, 0x22, 0x0b, 0x80, 
	0x81, 0x81, 0x82, 0x4b, 0x2b, 0x2b, 0x29, 0x2a, 
	0x81, 0x82, 0x82, 0x88, 0x88, 0x77, 0x72, 0x89, 
	0x2e, 0x2e, 0x2c, 0x2d, 0x30, 0x2f, 0x2f, 0x8a, 
	0x00, 0x72, 0x72, 0x73, 0x7f, 0x22, 0x0b, 0x80, 
	0x4b, 0x82, 0x82, 0x4b, 0x2b, 0x29, 0x29, 0x2a, 
	0x81, 0x82, 0x82, 0x4b, 0x89, 0x72, 0x72, 0x89, 
	0x2e, 0x2c, 0x2c, 0x25, 0x30, 0x2f, 0x2f, 0x8a, 
	0x00, 0x69, 0x69, 0x69, 0x69, 0x69, 0x69, 0x69, 
	0x4e, 0x4e, 0x4e, 0x4e, 0x35, 0x35, 0x35, 0x35, 
	0x4e, 0x4e, 0x4e, 0x4e, 0x4e, 0x4e, 0x4e, 0x39, 
	0x06, 0x06, 0x06, 0x06, 0x37, 0x37, 0x37, 0x8a, 
	0x02, 0x01, 0x8a, 0x8a, 0x8b, 0x01, 0x01, 0x8c, 
	0x8d, 0x02, 0x02, 0x8d, 0x01, 0x01, 0x01, 0x01, 
	0x02, 0x04, 0x04, 0x06, 0x03, 0x03, 0x02, 0x02, 
	0x02, 0x39, 0x39, 0x37, 0x06, 0x04, 0x04, 0x39, 
	0x02, 0x01, 0x8a, 0x8a, 0x8b, 0x01, 0x8b, 0x01, 
	0x3a, 0x02, 0x03, 0x02, 0x01, 0x01, 0x8a, 0x01, 
	0x02, 0x04, 0x04, 0x06, 0x03, 0x03, 0x02, 0x02, 
	0x02, 0x02, 0x02, 0x37, 0x02, 0x06, 0x04, 0x02, 
	0x02, 0x02, 0x8a, 0x8a, 0x84, 0x8c, 0x8b, 0x8b, 
	0x3a, 0x8d, 0x02, 0x8d, 0x8a, 0x8a, 0x8a, 0x8a, 
	0x3a, 0x04, 0x06, 0x06, 0x02, 0x02, 0x8d, 0x02, 
	0x39, 0x39, 0x02, 0x37, 0x3a, 0x3a, 0x04, 0x39, 
	0x02, 0x01, 0x8e, 0x8e, 0x8b, 0x01, 0x8b, 0x01, 
	0x3a, 0x02, 0x35, 0x02, 0x01, 0x01, 0x8e, 0x01, 
	0x02, 0x00, 0x00, 0x06, 0x35, 0x35, 0x02, 0x02, 
	0x02, 0x02, 0x02, 0x37, 0x02, 0x06, 0x00, 0x02, 
	0x02, 0x01, 0x8e, 0x8e, 0x8b, 0x01, 0x01, 0x8c, 
	0x8c, 0x02, 0x02, 0x8c, 0x01, 0x01, 0x01, 0x01, 
	0x02, 0x00, 0x00, 0x06, 0x35, 0x35, 0x02, 0x02, 
	0x02, 0x3a, 0x3a, 0x37, 0x06, 0x00, 0x00, 0x3a, 
	0x37, 0x69, 0x69, 0x69, 0x69, 0x69, 0x69, 0x69, 
	0x4e, 0x4e, 0x4e, 0x4e, 0x35, 0x35, 0x35, 0x35, 
	0x4e, 0x4e, 0x4e, 0x4e, 0x4e, 0x4e, 0x4e, 0x39, 
	0x09, 0x09, 0x09, 0x09, 0x37, 0x37, 0x37, 0x8a, 
	0x00, 0x69, 0x69, 0x69, 0x69, 0x69, 0x69, 0x69, 
	0x4e, 0x4e, 0x4e, 0x4e, 0x35, 0x35, 0x35, 0x35, 
	0x4e, 0x4e, 0x4e, 0x4e, 0x4e, 0x4e, 0x4e, 0x39, 
	0x06, 0x06, 0x06, 0x06, 0x37, 0x37, 0x37, 0x8a, 
	0x02, 0x01, 0x8a, 0x8a, 0x8b, 0x01, 0x01, 0x8c, 
	0x8d, 0x02, 0x02, 0x8d, 0x01, 0x01, 0x01, 0x01, 
	0x02, 0x04, 0x04, 0x06, 0x03, 0x03, 0x02, 0x02, 
	0x02, 0x39, 0x39, 0x37, 0x06, 0x04, 0x04, 0x39, 
	
};

Gfx rbtcm_Books_pal_rgba16_aligner[] = {gsSPEndDisplayList()};
u8 rbtcm_Books_pal_rgba16[] = {
	0x53, 0x2d, 0x31, 0xdd, 0x42, 0x65, 0x4a, 0xeb, 
	0x5b, 0x2d, 0x6b, 0xaf, 0x4a, 0xa9, 0x10, 0x89, 
	0x10, 0x8b, 0x4a, 0xa7, 0x29, 0x95, 0x10, 0xd3, 
	0x13, 0x8f, 0x19, 0x13, 0x29, 0x51, 0x29, 0x19, 
	0x29, 0x17, 0x21, 0x55, 0x5b, 0x31, 0x2a, 0x67, 
	0x21, 0xa7, 0x45, 0x1d, 0x14, 0x0f, 0x82, 0x9f, 
	0x81, 0x4d, 0x55, 0x1f, 0x15, 0x51, 0x0b, 0x4d, 
	0x72, 0x67, 0x6c, 0x1b, 0x53, 0xd1, 0xb4, 0x31, 
	0x40, 0xd9, 0xad, 0xe5, 0x49, 0x1d, 0x7e, 0x69, 
	0x18, 0xcf, 0x63, 0x31, 0x21, 0xdb, 0x45, 0xdb, 
	0x1d, 0x51, 0x1a, 0x15, 0x72, 0xe1, 0x59, 0x53, 
	0x39, 0x11, 0x55, 0x9f, 0x24, 0x93, 0x29, 0x8f, 
	0x5c, 0x11, 0x39, 0xe3, 0x18, 0xd7, 0x29, 0x97, 
	0x42, 0x27, 0x4a, 0xab, 0x73, 0xef, 0x52, 0xed, 
	0x21, 0x13, 0x3a, 0x21, 0x3a, 0x1f, 0x29, 0x57, 
	0x11, 0x13, 0x28, 0xd3, 0x39, 0xd3, 0x31, 0x59, 
	0x2b, 0x0f, 0x49, 0x5d, 0x72, 0x23, 0x7a, 0xdb, 
	0x45, 0x9d, 0x6b, 0x71, 0x89, 0x4d, 0xbe, 0xf5, 
	0x39, 0xdd, 0x19, 0x17, 0x7a, 0x59, 0x6b, 0x5d, 
	0x21, 0x53, 0x42, 0xa7, 0x63, 0x6d, 0x94, 0xf3, 
	0x39, 0xdf, 0x08, 0xd1, 0x52, 0x65, 0x31, 0xa1, 
	0x66, 0xa7, 0x13, 0x4f, 0xad, 0xe7, 0x6c, 0x17, 
	0x5c, 0x53, 0x39, 0xe5, 0x4a, 0xed, 0x19, 0x53, 
	0x4d, 0x5f, 0x89, 0x8f, 0x39, 0x93, 0x7a, 0x9f, 
	0x4d, 0xdf, 0x22, 0x69, 0x19, 0xe3, 0x4d, 0x9f, 
	0x2b, 0x33, 0x64, 0x63, 0x52, 0x5d, 0x3c, 0x1f, 
	0x73, 0xf1, 0x42, 0x63, 0x21, 0x1d, 0x11, 0xd3, 
	0x18, 0xd3, 0x12, 0x13, 0x12, 0x53, 0x10, 0xcf, 
	0x08, 0xd3, 0x20, 0xd3, 0x08, 0xd5, 0x4a, 0x2b, 
	0x52, 0x69, 0x5a, 0xef, 0x73, 0xb3, 0x31, 0xe3, 
	0x19, 0x1b, 0x1b, 0x0d, 0x3a, 0x15, 0x21, 0x51, 
	0x1c, 0x91, 0x42, 0xd7, 0x4b, 0x8f, 0x62, 0xad, 
	0x55, 0x23, 0x14, 0xd1, 0x11, 0x53, 0x6b, 0xb3, 
	0x29, 0x99, 0x2a, 0x99, 0x33, 0xdb, 0xa5, 0xa7, 
	0x83, 0xf5, 0x4a, 0xe9, 0x31, 0x9b, 0x31, 0xdb, 
	0x3a, 0x23, 0x3a, 0x63, 0x29, 0x9b, 
};

Gfx rbtcm_Bookwall_ci8_aligner[] = {gsSPEndDisplayList()};
u8 rbtcm_Bookwall_ci8[] = {
	0x00, 0x01, 0x02, 0x01, 0x03, 0x04, 0x04, 0x05, 
	0x04, 0x05, 0x06, 0x05, 0x05, 0x04, 0x04, 0x05, 
	0x07, 0x08, 0x08, 0x08, 0x08, 0x08, 0x09, 0x0a, 
	0x05, 0x0a, 0x03, 0x04, 0x0b, 0x0c, 0x0b, 0x0c, 
	0x00, 0x02, 0x02, 0x0d, 0x04, 0x03, 0x0a, 0x04, 
	0x04, 0x05, 0x05, 0x05, 0x05, 0x04, 0x04, 0x04, 
	0x0e, 0x09, 0x08, 0x08, 0x08, 0x0f, 0x07, 0x0a, 
	0x05, 0x03, 0x10, 0x11, 0x0c, 0x0c, 0x0c, 0x0c, 
	0x12, 0x12, 0x02, 0x02, 0x0a, 0x13, 0x04, 0x04, 
	0x0a, 0x05, 0x05, 0x05, 0x03, 0x04, 0x04, 0x14, 
	0x02, 0x07, 0x09, 0x08, 0x08, 0x15, 0x09, 0x02, 
	0x05, 0x0a, 0x10, 0x11, 0x16, 0x0c, 0x0c, 0x0c, 
	0x12, 0x04, 0x02, 0x13, 0x0a, 0x03, 0x04, 0x14, 
	0x03, 0x05, 0x05, 0x05, 0x0a, 0x04, 0x04, 0x0a, 
	0x02, 0x09, 0x09, 0x08, 0x08, 0x0f, 0x09, 0x02, 
	0x05, 0x14, 0x04, 0x04, 0x10, 0x0c, 0x0c, 0x0c, 
	0x12, 0x02, 0x02, 0x06, 0x0a, 0x13, 0x03, 0x04, 
	0x03, 0x0a, 0x05, 0x05, 0x0a, 0x04, 0x04, 0x13, 
	0x0e, 0x09, 0x09, 0x08, 0x0f, 0x09, 0x07, 0x02, 
	0x05, 0x03, 0x0b, 0x0b, 0x0c, 0x17, 0x18, 0x18, 
	0x12, 0x02, 0x02, 0x02, 0x0a, 0x0a, 0x03, 0x03, 
	0x0a, 0x0a, 0x05, 0x05, 0x03, 0x04, 0x04, 0x13, 
	0x02, 0x07, 0x09, 0x08, 0x0f, 0x09, 0x07, 0x02, 
	0x0a, 0x14, 0x0b, 0x0b, 0x0c, 0x17, 0x18, 0x18, 
	0x12, 0x19, 0x02, 0x0a, 0x0a, 0x13, 0x03, 0x03, 
	0x03, 0x05, 0x05, 0x05, 0x0a, 0x04, 0x04, 0x0a, 
	0x02, 0x1a, 0x09, 0x1b, 0x15, 0x09, 0x07, 0x02, 
	0x05, 0x03, 0x04, 0x0b, 0x16, 0x17, 0x18, 0x18, 
	0x02, 0x02, 0x02, 0x06, 0x0a, 0x0a, 0x03, 0x04, 
	0x03, 0x0a, 0x05, 0x05, 0x0a, 0x04, 0x04, 0x14, 
	0x02, 0x09, 0x09, 0x1b, 0x09, 0x09, 0x07, 0x02, 
	0x05, 0x03, 0x0b, 0x10, 0x1c, 0x1d, 0x18, 0x18, 
	0x06, 0x02, 0x02, 0x06, 0x0a, 0x0a, 0x03, 0x04, 
	0x0a, 0x0a, 0x05, 0x0a, 0x04, 0x04, 0x04, 0x04, 
	0x1e, 0x07, 0x09, 0x09, 0x09, 0x09, 0x07, 0x02, 
	0x0a, 0x03, 0x10, 0x1f, 0x17, 0x20, 0x20, 0x20, 
	0x0a, 0x0a, 0x0a, 0x0a, 0x0a, 0x13, 0x03, 0x03, 
	0x14, 0x0a, 0x0a, 0x0a, 0x03, 0x03, 0x03, 0x03, 
	0x13, 0x09, 0x08, 0x08, 0x1a, 0x07, 0x02, 0x02, 
	0x05, 0x03, 0x10, 0x21, 0x17, 0x17, 0x20, 0x20, 
	0x13, 0x13, 0x13, 0x13, 0x13, 0x03, 0x03, 0x03, 
	0x03, 0x22, 0x0a, 0x0a, 0x0a, 0x03, 0x03, 0x03, 
	0x0d, 0x09, 0x08, 0x08, 0x09, 0x12, 0x06, 0x06, 
	0x05, 0x03, 0x23, 0x24, 0x0c, 0x17, 0x20, 0x20, 
	0x13, 0x13, 0x13, 0x13, 0x13, 0x13, 0x03, 0x03, 
	0x03, 0x03, 0x0a, 0x0a, 0x14, 0x03, 0x03, 0x03, 
	0x13, 0x25, 0x08, 0x08, 0x07, 0x12, 0x06, 0x05, 
	0x05, 0x03, 0x0b, 0x0c, 0x17, 0x17, 0x20, 0x20, 
	0x13, 0x13, 0x13, 0x13, 0x13, 0x13, 0x03, 0x03, 
	0x03, 0x03, 0x0a, 0x0a, 0x0a, 0x03, 0x03, 0x03, 
	0x0a, 0x25, 0x08, 0x08, 0x09, 0x12, 0x06, 0x05, 
	0x0a, 0x03, 0x0b, 0x16, 0x0c, 0x17, 0x20, 0x20, 
	0x13, 0x13, 0x13, 0x13, 0x13, 0x13, 0x03, 0x03, 
	0x03, 0x03, 0x0a, 0x0a, 0x13, 0x13, 0x03, 0x03, 
	0x13, 0x26, 0x08, 0x08, 0x07, 0x12, 0x06, 0x05, 
	0x0a, 0x03, 0x0b, 0x0c, 0x17, 0x17, 0x1d, 0x20, 
	0x13, 0x13, 0x13, 0x13, 0x13, 0x13, 0x13, 0x03, 
	0x03, 0x03, 0x03, 0x13, 0x0a, 0x13, 0x03, 0x03, 
	0x13, 0x26, 0x09, 0x0f, 0x1a, 0x02, 0x0a, 0x0a, 
	0x03, 0x23, 0x10, 0x0c, 0x1c, 0x1d, 0x18, 0x27, 
	0x13, 0x13, 0x13, 0x13, 0x13, 0x13, 0x13, 0x13, 
	0x03, 0x03, 0x03, 0x13, 0x13, 0x0a, 0x0a, 0x0a, 
	0x0a, 0x1e, 0x1a, 0x09, 0x26, 0x0a, 0x04, 0x01, 
	0x0b, 0x16, 0x28, 0x1d, 0x29, 0x2a, 0x2a, 0x18, 
	0x13, 0x14, 0x14, 0x14, 0x14, 0x14, 0x13, 0x13, 
	0x03, 0x03, 0x03, 0x13, 0x0a, 0x1e, 0x26, 0x26, 
	0x02, 0x02, 0x02, 0x02, 0x0a, 0x04, 0x10, 0x0c, 
	0x21, 0x17, 0x18, 0x2b, 0x2b, 0x27, 0x27, 0x2b, 
	0x13, 0x14, 0x14, 0x14, 0x14, 0x14, 0x03, 0x03, 
	0x03, 0x03, 0x03, 0x13, 0x1e, 0x26, 0x09, 0x09, 
	0x09, 0x26, 0x02, 0x02, 0x13, 0x01, 0x16, 0x28, 
	0x17, 0x2a, 0x18, 0x29, 0x2b, 0x2b, 0x2b, 0x2b, 
	0x14, 0x14, 0x14, 0x14, 0x03, 0x03, 0x03, 0x03, 
	0x03, 0x03, 0x13, 0x0a, 0x02, 0x09, 0x0f, 0x08, 
	0x09, 0x09, 0x07, 0x0e, 0x0d, 0x04, 0x10, 0x0c, 
	0x21, 0x17, 0x1d, 0x1d, 0x18, 0x18, 0x29, 0x29, 
	0x14, 0x14, 0x14, 0x14, 0x03, 0x03, 0x04, 0x04, 
	0x04, 0x13, 0x0a, 0x02, 0x26, 0x09, 0x0f, 0x08, 
	0x08, 0x0f, 0x09, 0x09, 0x26, 0x1e, 0x2c, 0x01, 
	0x10, 0x16, 0x21, 0x21, 0x1c, 0x18, 0x29, 0x29, 
	0x14, 0x14, 0x14, 0x14, 0x03, 0x03, 0x0b, 0x10, 
	0x04, 0x0a, 0x02, 0x0e, 0x07, 0x09, 0x09, 0x08, 
	0x2d, 0x2d, 0x2d, 0x08, 0x09, 0x26, 0x1e, 0x0a, 
	0x13, 0x04, 0x0b, 0x0b, 0x10, 0x1d, 0x18, 0x1d, 
	0x14, 0x14, 0x03, 0x03, 0x03, 0x04, 0x0b, 0x01, 
	0x1e, 0x26, 0x07, 0x07, 0x07, 0x07, 0x1a, 0x09, 
	0x2d, 0x2e, 0x2e, 0x2d, 0x09, 0x07, 0x0e, 0x02, 
	0x0a, 0x03, 0x03, 0x23, 0x16, 0x1d, 0x18, 0x18, 
	0x14, 0x03, 0x03, 0x03, 0x03, 0x04, 0x0b, 0x01, 
	0x1e, 0x0e, 0x02, 0x02, 0x02, 0x0e, 0x26, 0x09, 
	0x2d, 0x2f, 0x2d, 0x08, 0x09, 0x07, 0x02, 0x02, 
	0x0a, 0x22, 0x03, 0x0b, 0x17, 0x1d, 0x1d, 0x1d, 
	0x03, 0x03, 0x03, 0x14, 0x03, 0x04, 0x10, 0x0b, 
	0x13, 0x0a, 0x0a, 0x1e, 0x1e, 0x02, 0x02, 0x26, 
	0x09, 0x08, 0x08, 0x09, 0x1a, 0x07, 0x02, 0x06, 
	0x0a, 0x03, 0x03, 0x10, 0x17, 0x1d, 0x1d, 0x1d, 
	0x13, 0x14, 0x03, 0x03, 0x03, 0x04, 0x0b, 0x0b, 
	0x13, 0x1e, 0x1e, 0x1e, 0x1e, 0x1e, 0x02, 0x0e, 
	0x15, 0x0f, 0x0f, 0x09, 0x07, 0x00, 0x02, 0x06, 
	0x0a, 0x03, 0x03, 0x0b, 0x17, 0x1d, 0x1d, 0x1d, 
	0x03, 0x04, 0x04, 0x03, 0x03, 0x04, 0x0b, 0x0b, 
	0x04, 0x13, 0x13, 0x13, 0x13, 0x13, 0x13, 0x0d, 
	0x0e, 0x1a, 0x09, 0x1a, 0x07, 0x00, 0x02, 0x02, 
	0x0a, 0x03, 0x04, 0x10, 0x1c, 0x21, 0x17, 0x18, 
	0x0a, 0x04, 0x04, 0x04, 0x04, 0x04, 0x01, 0x04, 
	0x04, 0x04, 0x03, 0x14, 0x04, 0x04, 0x04, 0x03, 
	0x1e, 0x00, 0x07, 0x07, 0x07, 0x07, 0x0e, 0x02, 
	0x0a, 0x04, 0x0b, 0x24, 0x0c, 0x1c, 0x17, 0x18, 
	0x06, 0x04, 0x04, 0x04, 0x04, 0x04, 0x04, 0x04, 
	0x03, 0x0a, 0x0a, 0x22, 0x03, 0x04, 0x04, 0x04, 
	0x0a, 0x07, 0x07, 0x07, 0x07, 0x07, 0x07, 0x02, 
	0x0a, 0x0a, 0x04, 0x10, 0x0c, 0x17, 0x17, 0x18, 
	0x04, 0x04, 0x04, 0x04, 0x04, 0x04, 0x04, 0x04, 
	0x03, 0x0a, 0x0a, 0x0a, 0x03, 0x04, 0x04, 0x04, 
	0x0a, 0x02, 0x07, 0x07, 0x07, 0x07, 0x07, 0x02, 
	0x06, 0x0a, 0x14, 0x0b, 0x0c, 0x28, 0x1c, 0x0c, 
	0x04, 0x14, 0x03, 0x04, 0x04, 0x03, 0x04, 0x03, 
	0x03, 0x0a, 0x0a, 0x0a, 0x03, 0x04, 0x04, 0x04, 
	0x0a, 0x02, 0x07, 0x07, 0x07, 0x07, 0x07, 0x02, 
	0x02, 0x0a, 0x03, 0x0b, 0x0c, 0x21, 0x1c, 0x0c, 
	0x04, 0x04, 0x04, 0x04, 0x04, 0x04, 0x04, 0x04, 
	0x04, 0x03, 0x0a, 0x22, 0x03, 0x04, 0x04, 0x04, 
	0x0a, 0x26, 0x1a, 0x09, 0x1a, 0x07, 0x07, 0x0e, 
	0x06, 0x13, 0x01, 0x1f, 0x0c, 0x0c, 0x0c, 0x0c, 
	0x04, 0x04, 0x04, 0x04, 0x04, 0x04, 0x04, 0x04, 
	0x04, 0x04, 0x0a, 0x22, 0x04, 0x04, 0x04, 0x03, 
	0x1e, 0x07, 0x09, 0x09, 0x09, 0x1a, 0x07, 0x02, 
	0x0a, 0x03, 0x10, 0x24, 0x0c, 0x0c, 0x0c, 0x0c, 
	0x03, 0x04, 0x04, 0x04, 0x04, 0x04, 0x04, 0x04, 
	0x13, 0x0a, 0x0a, 0x0a, 0x04, 0x04, 0x04, 0x03, 
	0x1e, 0x07, 0x09, 0x09, 0x09, 0x1a, 0x07, 0x02, 
	0x0a, 0x0a, 0x04, 0x10, 0x0c, 0x28, 0x21, 0x17, 
	0x03, 0x03, 0x04, 0x04, 0x03, 0x03, 0x03, 0x03, 
	0x0a, 0x0a, 0x0a, 0x0a, 0x04, 0x04, 0x04, 0x03, 
	0x02, 0x07, 0x09, 0x09, 0x09, 0x09, 0x07, 0x02, 
	0x0a, 0x0a, 0x03, 0x10, 0x0c, 0x17, 0x17, 0x17, 
	0x13, 0x0a, 0x02, 0x02, 0x03, 0x03, 0x04, 0x04, 
	0x04, 0x03, 0x0a, 0x22, 0x04, 0x04, 0x04, 0x03, 
	0x1e, 0x07, 0x09, 0x09, 0x09, 0x1a, 0x07, 0x02, 
	0x0a, 0x13, 0x0b, 0x0c, 0x28, 0x17, 0x20, 0x20, 
	0x0a, 0x26, 0x1a, 0x1a, 0x0d, 0x0a, 0x13, 0x04, 
	0x04, 0x03, 0x0a, 0x0a, 0x03, 0x04, 0x04, 0x13, 
	0x0d, 0x02, 0x07, 0x07, 0x07, 0x07, 0x07, 0x02, 
	0x13, 0x01, 0x0c, 0x28, 0x17, 0x20, 0x1d, 0x1d, 
	0x09, 0x09, 0x09, 0x09, 0x09, 0x07, 0x0d, 0x13, 
	0x0a, 0x0a, 0x0a, 0x0a, 0x0a, 0x0a, 0x03, 0x13, 
	0x0a, 0x02, 0x0e, 0x07, 0x07, 0x07, 0x07, 0x0e, 
	0x30, 0x24, 0x1c, 0x17, 0x20, 0x1d, 0x1d, 0x1d, 
	0x09, 0x07, 0x1a, 0x09, 0x1a, 0x26, 0x02, 0x13, 
	0x06, 0x05, 0x05, 0x05, 0x0a, 0x0a, 0x0a, 0x03, 
	0x13, 0x0a, 0x0e, 0x07, 0x07, 0x07, 0x1a, 0x26, 
	0x2c, 0x31, 0x1c, 0x17, 0x20, 0x1d, 0x1d, 0x20, 
	0x09, 0x07, 0x07, 0x1a, 0x07, 0x07, 0x13, 0x06, 
	0x06, 0x05, 0x05, 0x05, 0x05, 0x0a, 0x0a, 0x0a, 
	0x13, 0x0a, 0x02, 0x07, 0x1a, 0x07, 0x07, 0x26, 
	0x2c, 0x0c, 0x17, 0x20, 0x1d, 0x1d, 0x1d, 0x20, 
	0x09, 0x09, 0x1a, 0x09, 0x07, 0x02, 0x0a, 0x0d, 
	0x06, 0x05, 0x05, 0x05, 0x0a, 0x0a, 0x0a, 0x13, 
	0x0a, 0x0a, 0x02, 0x07, 0x07, 0x07, 0x07, 0x1e, 
	0x2c, 0x31, 0x17, 0x20, 0x1d, 0x18, 0x18, 0x1d, 
	0x07, 0x09, 0x09, 0x1a, 0x26, 0x02, 0x13, 0x06, 
	0x06, 0x05, 0x05, 0x05, 0x0a, 0x0a, 0x03, 0x03, 
	0x13, 0x02, 0x0e, 0x07, 0x07, 0x1a, 0x26, 0x2c, 
	0x24, 0x1c, 0x17, 0x20, 0x1d, 0x1d, 0x20, 0x1d, 
	0x12, 0x00, 0x09, 0x1a, 0x07, 0x0a, 0x06, 0x06, 
	0x05, 0x05, 0x05, 0x05, 0x05, 0x0a, 0x0a, 0x13, 
	0x0a, 0x02, 0x07, 0x07, 0x07, 0x07, 0x26, 0x2c, 
	0x0c, 0x17, 0x20, 0x20, 0x1d, 0x1d, 0x20, 0x1d, 
	0x12, 0x12, 0x07, 0x1a, 0x07, 0x02, 0x0a, 0x0a, 
	0x06, 0x05, 0x05, 0x05, 0x0a, 0x0a, 0x0a, 0x0a, 
	0x13, 0x02, 0x07, 0x07, 0x07, 0x26, 0x1e, 0x01, 
	0x1c, 0x17, 0x20, 0x20, 0x20, 0x20, 0x20, 0x1d, 
	0x12, 0x02, 0x02, 0x07, 0x26, 0x0a, 0x13, 0x0a, 
	0x06, 0x06, 0x05, 0x05, 0x05, 0x0a, 0x0a, 0x0a, 
	0x0a, 0x02, 0x07, 0x07, 0x07, 0x1e, 0x04, 0x32, 
	0x21, 0x17, 0x28, 0x21, 0x17, 0x20, 0x20, 0x1d, 
	0x0a, 0x06, 0x0a, 0x02, 0x02, 0x30, 0x13, 0x13, 
	0x02, 0x02, 0x02, 0x02, 0x06, 0x0a, 0x0a, 0x13, 
	0x13, 0x02, 0x07, 0x07, 0x07, 0x0a, 0x01, 0x0c, 
	0x28, 0x21, 0x16, 0x16, 0x17, 0x1d, 0x1d, 0x1d, 
	0x0a, 0x04, 0x04, 0x0a, 0x0a, 0x13, 0x04, 0x0a, 
	0x02, 0x0e, 0x0e, 0x02, 0x02, 0x0a, 0x13, 0x04, 
	0x13, 0x0d, 0x0e, 0x07, 0x02, 0x0a, 0x04, 0x10, 
	0x0c, 0x16, 0x10, 0x16, 0x17, 0x1d, 0x1d, 0x1d, 
	0x0a, 0x06, 0x02, 0x0a, 0x0a, 0x13, 0x13, 0x0a, 
	0x0e, 0x26, 0x02, 0x02, 0x1e, 0x13, 0x04, 0x10, 
	0x33, 0x13, 0x02, 0x02, 0x06, 0x0a, 0x03, 0x01, 
	0x0b, 0x0b, 0x24, 0x0c, 0x17, 0x1d, 0x1d, 0x1d, 
	0x0a, 0x0a, 0x02, 0x02, 0x06, 0x0a, 0x1e, 0x02, 
	0x26, 0x0e, 0x0d, 0x0a, 0x13, 0x01, 0x10, 0x1f, 
	0x24, 0x04, 0x0d, 0x02, 0x0a, 0x0a, 0x14, 0x04, 
	0x04, 0x01, 0x10, 0x0c, 0x21, 0x1d, 0x1d, 0x17, 
	0x07, 0x02, 0x06, 0x02, 0x02, 0x0a, 0x1e, 0x02, 
	0x0e, 0x1e, 0x13, 0x13, 0x04, 0x10, 0x0c, 0x0c, 
	0x24, 0x04, 0x0a, 0x02, 0x0a, 0x0a, 0x13, 0x03, 
	0x03, 0x04, 0x0b, 0x24, 0x0c, 0x17, 0x1d, 0x1d, 
	0x10, 0x10, 0x04, 0x06, 0x0a, 0x13, 0x13, 0x13, 
	0x1e, 0x1e, 0x0a, 0x13, 0x04, 0x10, 0x24, 0x24, 
	0x10, 0x04, 0x02, 0x02, 0x05, 0x0a, 0x0a, 0x03, 
	0x03, 0x04, 0x0b, 0x10, 0x17, 0x20, 0x1d, 0x1d, 
	0x07, 0x07, 0x07, 0x0a, 0x0a, 0x04, 0x04, 0x2c, 
	0x13, 0x1e, 0x1e, 0x0a, 0x13, 0x04, 0x0b, 0x10, 
	0x11, 0x13, 0x02, 0x02, 0x05, 0x0a, 0x13, 0x03, 
	0x04, 0x04, 0x10, 0x0c, 0x17, 0x1d, 0x1d, 0x1d, 
	0x07, 0x07, 0x07, 0x12, 0x02, 0x13, 0x0a, 0x1e, 
	0x1e, 0x1e, 0x0a, 0x13, 0x04, 0x01, 0x10, 0x24, 
	0x10, 0x04, 0x1e, 0x02, 0x0a, 0x0a, 0x13, 0x04, 
	0x04, 0x04, 0x24, 0x0c, 0x0c, 0x17, 0x17, 0x17, 
	0x00, 0x00, 0x12, 0x12, 0x12, 0x13, 0x1e, 0x02, 
	0x02, 0x1e, 0x13, 0x13, 0x04, 0x10, 0x16, 0x0c, 
	0x24, 0x04, 0x0d, 0x02, 0x0a, 0x0a, 0x13, 0x03, 
	0x04, 0x04, 0x01, 0x0b, 0x13, 0x24, 0x10, 0x10, 
	0x00, 0x00, 0x0a, 0x00, 0x02, 0x03, 0x30, 0x13, 
	0x0a, 0x0d, 0x0a, 0x13, 0x04, 0x10, 0x24, 0x24, 
	0x10, 0x13, 0x02, 0x02, 0x06, 0x05, 0x0a, 0x03, 
	0x03, 0x04, 0x04, 0x14, 0x0a, 0x13, 0x13, 0x0a, 
	0x00, 0x02, 0x13, 0x12, 0x06, 0x10, 0x1f, 0x10, 
	0x01, 0x13, 0x13, 0x13, 0x04, 0x01, 0x0b, 0x0b, 
	0x01, 0x13, 0x02, 0x02, 0x02, 0x0a, 0x0a, 0x13, 
	0x04, 0x03, 0x03, 0x0a, 0x13, 0x01, 0x10, 0x07, 
	0x00, 0x02, 0x10, 0x0b, 0x04, 0x10, 0x0c, 0x0c, 
	0x24, 0x01, 0x04, 0x13, 0x04, 0x0b, 0x10, 0x10, 
	0x01, 0x13, 0x02, 0x02, 0x0d, 0x05, 0x0a, 0x13, 
	0x19, 0x03, 0x04, 0x13, 0x0a, 0x04, 0x13, 0x02, 
	0x04, 0x04, 0x10, 0x0c, 0x16, 0x24, 0x16, 0x0c, 
	0x10, 0x01, 0x03, 0x19, 0x04, 0x0b, 0x10, 0x10, 
	0x11, 0x13, 0x02, 0x02, 0x06, 0x06, 0x0a, 0x13, 
	0x13, 0x04, 0x01, 0x04, 0x0a, 0x13, 0x0a, 0x30, 
	0x04, 0x04, 0x01, 0x10, 0x10, 0x10, 0x1f, 0x16, 
	0x10, 0x13, 0x0a, 0x13, 0x13, 0x04, 0x04, 0x03, 
	0x13, 0x02, 0x07, 0x07, 0x0e, 0x02, 0x1e, 0x13, 
	0x04, 0x04, 0x04, 0x13, 0x13, 0x13, 0x0a, 0x04, 
	0x04, 0x04, 0x10, 0x0c, 0x17, 0x0b, 0x1c, 0x1c, 
	0x10, 0x01, 0x03, 0x04, 0x10, 0x0b, 0x04, 0x03, 
	0x0a, 0x07, 0x07, 0x02, 0x02, 0x0d, 0x13, 0x04, 
	0x01, 0x0b, 0x04, 0x0a, 0x04, 0x10, 0x00, 0x10, 
	0x04, 0x0c, 0x28, 0x28, 0x1c, 0x0c, 0x1c, 0x0c, 
	0x24, 0x04, 0x0a, 0x04, 0x0c, 0x0c, 0x1c, 0x0c, 
	0x04, 0x12, 0x12, 0x0a, 0x05, 0x0a, 0x03, 0x04, 
	0x01, 0x01, 0x04, 0x0a, 0x03, 0x0a, 0x12, 0x04, 
	0x04, 0x0c, 0x28, 0x28, 0x1c, 0x0c, 0x0c, 0x0b, 
	0x0b, 0x04, 0x04, 0x01, 0x0c, 0x0c, 0x0c, 0x0c, 
	0x04, 0x12, 0x12, 0x0a, 0x06, 0x06, 0x13, 0x04, 
	0x04, 0x0b, 0x01, 0x05, 0x0a, 0x12, 0x12, 0x24, 
	0x12, 0x01, 0x01, 0x01, 0x01, 0x01, 0x01, 0x01, 
	0x09, 0x09, 0x09, 0x1a, 0x05, 0x05, 0x05, 0x05, 
	0x09, 0x1a, 0x1a, 0x1a, 0x07, 0x07, 0x26, 0x01, 
	0x03, 0x03, 0x03, 0x0a, 0x02, 0x12, 0x12, 0x21, 
	0x00, 0x01, 0x01, 0x01, 0x01, 0x01, 0x01, 0x01, 
	0x09, 0x09, 0x09, 0x09, 0x05, 0x05, 0x05, 0x05, 
	0x09, 0x09, 0x09, 0x09, 0x09, 0x1a, 0x1a, 0x0b, 
	0x14, 0x14, 0x13, 0x0a, 0x12, 0x12, 0x12, 0x21, 
	0x04, 0x0c, 0x21, 0x21, 0x1c, 0x0c, 0x0c, 0x0b, 
	0x11, 0x04, 0x04, 0x11, 0x0c, 0x0c, 0x0c, 0x0c, 
	0x04, 0x07, 0x07, 0x0a, 0x06, 0x06, 0x04, 0x04, 
	0x04, 0x10, 0x10, 0x02, 0x0a, 0x07, 0x07, 0x10, 
	
};

Gfx rbtcm_Bookwall_pal_rgba16_aligner[] = {gsSPEndDisplayList()};
u8 rbtcm_Bookwall_pal_rgba16[] = {
	0x53, 0x2d, 0x42, 0x63, 0x52, 0xeb, 0x42, 0x67, 
	0x42, 0x65, 0x4a, 0xab, 0x4a, 0xeb, 0x5b, 0x2d, 
	0x6b, 0xaf, 0x63, 0x6d, 0x4a, 0xa9, 0x3a, 0x23, 
	0x31, 0xdd, 0x4a, 0xe9, 0x53, 0x2b, 0x6b, 0xad, 
	0x3a, 0x21, 0x3a, 0x63, 0x52, 0xed, 0x4a, 0xa7, 
	0x42, 0xa7, 0x6b, 0x6d, 0x31, 0xdf, 0x29, 0x99, 
	0x21, 0x55, 0x4a, 0x67, 0x5b, 0x6d, 0x6b, 0x6f, 
	0x31, 0xdb, 0x29, 0x57, 0x52, 0xe9, 0x39, 0xdf, 
	0x29, 0x97, 0x31, 0x9b, 0x42, 0xa9, 0x3a, 0x65, 
	0x3a, 0x1f, 0x63, 0x6b, 0x5b, 0x2b, 0x19, 0x11, 
	0x29, 0x9b, 0x21, 0x53, 0x21, 0x57, 0x21, 0x13, 
	0x4a, 0xa5, 0x73, 0xef, 0x7c, 0x31, 0x7c, 0x2f, 
	0x4a, 0x65, 0x3a, 0x1d, 0x39, 0xdd, 0x42, 0x23, 
	
};

Gfx rbtcm_Brick_ci8_aligner[] = {gsSPEndDisplayList()};
u8 rbtcm_Brick_ci8[] = {
	0x00, 0x00, 0x00, 0x00, 0x00, 0x00, 0x00, 0x00, 
	0x00, 0x00, 0x00, 0x00, 0x00, 0x00, 0x00, 0x00, 
	0x00, 0x00, 0x00, 0x00, 0x00, 0x00, 0x00, 0x00, 
	0x00, 0x00, 0x00, 0x00, 0x00, 0x00, 0x01, 0x00, 
	0x01, 0x01, 0x01, 0x01, 0x00, 0x00, 0x00, 0x00, 
	0x00, 0x00, 0x00, 0x00, 0x00, 0x00, 0x00, 0x00, 
	0x00, 0x00, 0x00, 0x00, 0x00, 0x00, 0x00, 0x00, 
	0x00, 0x00, 0x00, 0x00, 0x00, 0x00, 0x00, 0x00, 
	0x02, 0x02, 0x00, 0x00, 0x01, 0x01, 0x01, 0x01, 
	0x01, 0x01, 0x01, 0x01, 0x00, 0x01, 0x01, 0x01, 
	0x00, 0x00, 0x00, 0x00, 0x01, 0x01, 0x01, 0x01, 
	0x01, 0x01, 0x01, 0x01, 0x01, 0x01, 0x03, 0x00, 
	0x04, 0x05, 0x01, 0x01, 0x00, 0x00, 0x00, 0x00, 
	0x00, 0x00, 0x00, 0x00, 0x00, 0x00, 0x00, 0x00, 
	0x00, 0x00, 0x00, 0x00, 0x00, 0x00, 0x00, 0x00, 
	0x00, 0x00, 0x00, 0x00, 0x02, 0x02, 0x06, 0x00, 
	0x02, 0x07, 0x02, 0x02, 0x03, 0x03, 0x03, 0x03, 
	0x03, 0x03, 0x03, 0x03, 0x03, 0x03, 0x03, 0x03, 
	0x03, 0x01, 0x01, 0x01, 0x03, 0x03, 0x03, 0x03, 
	0x03, 0x03, 0x03, 0x03, 0x03, 0x03, 0x03, 0x00, 
	0x04, 0x08, 0x05, 0x04, 0x02, 0x02, 0x02, 0x02, 
	0x02, 0x02, 0x02, 0x06, 0x02, 0x06, 0x06, 0x06, 
	0x06, 0x06, 0x06, 0x06, 0x06, 0x06, 0x06, 0x06, 
	0x06, 0x02, 0x06, 0x07, 0x07, 0x06, 0x06, 0x00, 
	0x02, 0x07, 0x02, 0x02, 0x03, 0x03, 0x03, 0x03, 
	0x03, 0x03, 0x03, 0x03, 0x03, 0x03, 0x03, 0x03, 
	0x03, 0x03, 0x03, 0x03, 0x03, 0x03, 0x03, 0x03, 
	0x03, 0x03, 0x03, 0x03, 0x03, 0x03, 0x03, 0x00, 
	0x04, 0x08, 0x08, 0x05, 0x07, 0x06, 0x06, 0x06, 
	0x07, 0x07, 0x07, 0x07, 0x06, 0x07, 0x07, 0x07, 
	0x07, 0x07, 0x07, 0x07, 0x06, 0x06, 0x06, 0x07, 
	0x07, 0x07, 0x07, 0x07, 0x07, 0x06, 0x06, 0x00, 
	0x02, 0x07, 0x06, 0x02, 0x02, 0x02, 0x02, 0x02, 
	0x02, 0x02, 0x02, 0x02, 0x02, 0x02, 0x02, 0x02, 
	0x06, 0x06, 0x07, 0x07, 0x02, 0x06, 0x02, 0x02, 
	0x02, 0x02, 0x02, 0x02, 0x02, 0x02, 0x00, 0x00, 
	0x06, 0x09, 0x0a, 0x07, 0x07, 0x0b, 0x06, 0x0b, 
	0x07, 0x07, 0x06, 0x02, 0x06, 0x06, 0x06, 0x06, 
	0x06, 0x06, 0x06, 0x0c, 0x02, 0x02, 0x02, 0x02, 
	0x06, 0x02, 0x02, 0x06, 0x06, 0x06, 0x06, 0x00, 
	0x02, 0x07, 0x0b, 0x0b, 0x07, 0x0b, 0x02, 0x02, 
	0x02, 0x02, 0x02, 0x02, 0x02, 0x02, 0x02, 0x02, 
	0x02, 0x06, 0x06, 0x07, 0x0b, 0x0b, 0x0b, 0x06, 
	0x02, 0x02, 0x02, 0x02, 0x02, 0x02, 0x02, 0x00, 
	0x06, 0x09, 0x07, 0x06, 0x06, 0x0b, 0x07, 0x07, 
	0x07, 0x07, 0x06, 0x02, 0x06, 0x06, 0x06, 0x06, 
	0x0c, 0x0c, 0x06, 0x06, 0x02, 0x02, 0x02, 0x02, 
	0x06, 0x06, 0x02, 0x02, 0x06, 0x02, 0x02, 0x00, 
	0x02, 0x07, 0x06, 0x0b, 0x07, 0x07, 0x0b, 0x06, 
	0x06, 0x06, 0x0b, 0x06, 0x06, 0x06, 0x06, 0x06, 
	0x06, 0x02, 0x06, 0x07, 0x0b, 0x07, 0x07, 0x0b, 
	0x06, 0x0d, 0x02, 0x02, 0x06, 0x07, 0x06, 0x00, 
	0x06, 0x09, 0x06, 0x06, 0x02, 0x06, 0x06, 0x0b, 
	0x0b, 0x0b, 0x06, 0x02, 0x02, 0x06, 0x06, 0x06, 
	0x06, 0x0c, 0x06, 0x0c, 0x06, 0x06, 0x02, 0x02, 
	0x07, 0x07, 0x06, 0x06, 0x06, 0x06, 0x02, 0x00, 
	0x02, 0x07, 0x06, 0x06, 0x07, 0x07, 0x0b, 0x0b, 
	0x07, 0x07, 0x07, 0x07, 0x07, 0x07, 0x0b, 0x06, 
	0x06, 0x06, 0x06, 0x07, 0x0b, 0x0b, 0x07, 0x07, 
	0x06, 0x06, 0x0d, 0x02, 0x07, 0x07, 0x06, 0x00, 
	0x06, 0x09, 0x06, 0x06, 0x02, 0x02, 0x02, 0x02, 
	0x06, 0x06, 0x07, 0x06, 0x06, 0x06, 0x06, 0x06, 
	0x06, 0x0c, 0x0c, 0x0c, 0x06, 0x07, 0x0b, 0x0b, 
	0x07, 0x07, 0x07, 0x07, 0x07, 0x06, 0x06, 0x00, 
	0x01, 0x08, 0x04, 0x04, 0x06, 0x06, 0x02, 0x06, 
	0x06, 0x06, 0x06, 0x07, 0x06, 0x02, 0x02, 0x02, 
	0x02, 0x02, 0x02, 0x06, 0x06, 0x06, 0x07, 0x07, 
	0x07, 0x0b, 0x02, 0x02, 0x06, 0x07, 0x02, 0x00, 
	0x06, 0x09, 0x07, 0x06, 0x06, 0x06, 0x06, 0x06, 
	0x06, 0x07, 0x07, 0x09, 0x07, 0x06, 0x06, 0x06, 
	0x06, 0x06, 0x06, 0x06, 0x07, 0x09, 0x09, 0x07, 
	0x09, 0x07, 0x07, 0x06, 0x06, 0x06, 0x06, 0x00, 
	0x01, 0x08, 0x04, 0x04, 0x06, 0x06, 0x02, 0x06, 
	0x02, 0x02, 0x02, 0x02, 0x02, 0x02, 0x02, 0x02, 
	0x02, 0x02, 0x02, 0x02, 0x02, 0x02, 0x02, 0x0b, 
	0x07, 0x07, 0x02, 0x02, 0x06, 0x07, 0x06, 0x00, 
	0x06, 0x09, 0x0a, 0x07, 0x06, 0x07, 0x07, 0x07, 
	0x07, 0x09, 0x09, 0x09, 0x07, 0x07, 0x07, 0x09, 
	0x09, 0x09, 0x0a, 0x07, 0x07, 0x07, 0x07, 0x07, 
	0x07, 0x07, 0x07, 0x07, 0x06, 0x06, 0x02, 0x00, 
	0x01, 0x08, 0x05, 0x04, 0x07, 0x06, 0x06, 0x06, 
	0x02, 0x02, 0x02, 0x02, 0x02, 0x02, 0x06, 0x02, 
	0x06, 0x06, 0x06, 0x06, 0x02, 0x02, 0x02, 0x02, 
	0x07, 0x07, 0x0b, 0x06, 0x07, 0x07, 0x06, 0x00, 
	0x06, 0x09, 0x0a, 0x07, 0x07, 0x0a, 0x0a, 0x0a, 
	0x09, 0x09, 0x09, 0x07, 0x07, 0x09, 0x09, 0x09, 
	0x0a, 0x0a, 0x0a, 0x0a, 0x09, 0x07, 0x07, 0x06, 
	0x07, 0x06, 0x07, 0x07, 0x07, 0x06, 0x02, 0x00, 
	0x01, 0x08, 0x05, 0x05, 0x07, 0x07, 0x07, 0x06, 
	0x02, 0x02, 0x02, 0x06, 0x06, 0x06, 0x06, 0x07, 
	0x07, 0x07, 0x07, 0x0b, 0x0b, 0x06, 0x06, 0x06, 
	0x06, 0x0b, 0x07, 0x0b, 0x07, 0x07, 0x06, 0x00, 
	0x06, 0x0a, 0x0a, 0x07, 0x0a, 0x0a, 0x09, 0x09, 
	0x09, 0x09, 0x09, 0x09, 0x09, 0x09, 0x09, 0x09, 
	0x07, 0x07, 0x0a, 0x09, 0x09, 0x09, 0x07, 0x06, 
	0x07, 0x06, 0x06, 0x07, 0x07, 0x07, 0x06, 0x00, 
	0x01, 0x05, 0x04, 0x04, 0x0b, 0x0b, 0x0b, 0x0b, 
	0x0b, 0x0b, 0x0b, 0x0b, 0x0b, 0x0b, 0x0b, 0x0b, 
	0x09, 0x09, 0x09, 0x09, 0x09, 0x09, 0x09, 0x0b, 
	0x0b, 0x0b, 0x0b, 0x0b, 0x04, 0x04, 0x04, 0x01, 
	0x0b, 0x0e, 0x0e, 0x0e, 0x09, 0x09, 0x09, 0x09, 
	0x09, 0x09, 0x09, 0x09, 0x09, 0x09, 0x09, 0x09, 
	0x09, 0x09, 0x09, 0x09, 0x09, 0x0b, 0x0b, 0x0b, 
	0x0b, 0x0b, 0x0b, 0x0b, 0x0b, 0x0b, 0x0b, 0x03, 
	0x01, 0x05, 0x04, 0x05, 0x09, 0x09, 0x09, 0x09, 
	0x09, 0x09, 0x09, 0x09, 0x09, 0x09, 0x09, 0x09, 
	0x09, 0x09, 0x09, 0x09, 0x09, 0x09, 0x09, 0x09, 
	0x09, 0x09, 0x09, 0x09, 0x05, 0x04, 0x04, 0x01, 
	0x0b, 0x0e, 0x0f, 0x0f, 0x10, 0x10, 0x09, 0x10, 
	0x10, 0x10, 0x10, 0x11, 0x10, 0x10, 0x10, 0x10, 
	0x10, 0x10, 0x10, 0x10, 0x09, 0x09, 0x09, 0x09, 
	0x09, 0x09, 0x09, 0x09, 0x0e, 0x0b, 0x0b, 0x03, 
	0x01, 0x05, 0x08, 0x08, 0x11, 0x11, 0x11, 0x11, 
	0x11, 0x11, 0x11, 0x10, 0x11, 0x11, 0x11, 0x11, 
	0x11, 0x11, 0x11, 0x11, 0x11, 0x11, 0x11, 0x11, 
	0x11, 0x11, 0x11, 0x11, 0x08, 0x08, 0x04, 0x01, 
	0x0b, 0x0e, 0x0f, 0x0f, 0x11, 0x11, 0x11, 0x11, 
	0x11, 0x11, 0x11, 0x11, 0x11, 0x11, 0x11, 0x11, 
	0x11, 0x11, 0x11, 0x11, 0x11, 0x11, 0x11, 0x11, 
	0x11, 0x11, 0x11, 0x11, 0x0f, 0x0f, 0x0e, 0x03, 
	0x01, 0x01, 0x04, 0x04, 0x0b, 0x0b, 0x0b, 0x0b, 
	0x0b, 0x0b, 0x0b, 0x0b, 0x0b, 0x0b, 0x0b, 0x0b, 
	0x0b, 0x0b, 0x0b, 0x0b, 0x0b, 0x0b, 0x0b, 0x0b, 
	0x0b, 0x0b, 0x0b, 0x0b, 0x04, 0x04, 0x04, 0x01, 
	0x03, 0x0b, 0x0b, 0x0b, 0x0b, 0x0b, 0x0b, 0x0b, 
	0x0b, 0x0b, 0x0b, 0x0b, 0x0b, 0x0b, 0x0b, 0x0b, 
	0x0b, 0x0b, 0x0b, 0x0b, 0x0b, 0x0b, 0x0b, 0x0b, 
	0x0b, 0x0b, 0x0b, 0x0b, 0x0b, 0x0b, 0x0b, 0x03, 
	0x00, 0x00, 0x00, 0x00, 0x00, 0x00, 0x00, 0x00, 
	0x00, 0x00, 0x00, 0x00, 0x00, 0x00, 0x00, 0x00, 
	0x01, 0x01, 0x01, 0x01, 0x00, 0x00, 0x00, 0x00, 
	0x00, 0x00, 0x00, 0x00, 0x00, 0x00, 0x00, 0x00, 
	0x00, 0x00, 0x00, 0x00, 0x00, 0x00, 0x00, 0x00, 
	0x00, 0x00, 0x00, 0x00, 0x00, 0x00, 0x00, 0x00, 
	0x00, 0x00, 0x00, 0x00, 0x01, 0x00, 0x00, 0x00, 
	0x00, 0x00, 0x00, 0x00, 0x00, 0x00, 0x00, 0x00, 
	0x00, 0x00, 0x00, 0x00, 0x00, 0x00, 0x00, 0x00, 
	0x00, 0x00, 0x00, 0x00, 0x00, 0x00, 0x01, 0x00, 
	0x04, 0x05, 0x01, 0x01, 0x00, 0x00, 0x00, 0x00, 
	0x00, 0x00, 0x00, 0x00, 0x00, 0x00, 0x00, 0x00, 
	0x00, 0x02, 0x02, 0x00, 0x00, 0x00, 0x00, 0x00, 
	0x00, 0x00, 0x00, 0x00, 0x00, 0x00, 0x02, 0x00, 
	0x06, 0x02, 0x00, 0x00, 0x01, 0x00, 0x00, 0x00, 
	0x00, 0x00, 0x00, 0x00, 0x00, 0x00, 0x00, 0x00, 
	0x02, 0x06, 0x07, 0x06, 0x06, 0x02, 0x02, 0x02, 
	0x01, 0x01, 0x03, 0x03, 0x03, 0x03, 0x01, 0x00, 
	0x04, 0x08, 0x05, 0x04, 0x06, 0x06, 0x06, 0x06, 
	0x06, 0x06, 0x06, 0x06, 0x06, 0x06, 0x06, 0x06, 
	0x06, 0x07, 0x07, 0x06, 0x06, 0x06, 0x06, 0x06, 
	0x02, 0x02, 0x06, 0x06, 0x07, 0x06, 0x06, 0x00, 
	0x02, 0x07, 0x02, 0x00, 0x01, 0x01, 0x01, 0x01, 
	0x01, 0x01, 0x03, 0x03, 0x06, 0x07, 0x06, 0x06, 
	0x02, 0x02, 0x06, 0x07, 0x07, 0x06, 0x02, 0x02, 
	0x03, 0x03, 0x03, 0x03, 0x03, 0x01, 0x01, 0x00, 
	0x04, 0x08, 0x05, 0x05, 0x07, 0x07, 0x07, 0x07, 
	0x07, 0x07, 0x07, 0x07, 0x07, 0x06, 0x06, 0x06, 
	0x06, 0x07, 0x07, 0x07, 0x07, 0x07, 0x07, 0x06, 
	0x06, 0x07, 0x07, 0x06, 0x06, 0x06, 0x06, 0x00, 
	0x02, 0x07, 0x02, 0x00, 0x01, 0x01, 0x03, 0x03, 
	0x03, 0x03, 0x03, 0x03, 0x06, 0x06, 0x06, 0x06, 
	0x0d, 0x0d, 0x06, 0x06, 0x06, 0x06, 0x02, 0x02, 
	0x03, 0x03, 0x03, 0x03, 0x03, 0x01, 0x01, 0x00, 
	0x06, 0x09, 0x07, 0x07, 0x07, 0x07, 0x07, 0x09, 
	0x06, 0x06, 0x07, 0x0b, 0x0b, 0x06, 0x02, 0x02, 
	0x02, 0x06, 0x0b, 0x0b, 0x06, 0x06, 0x06, 0x0b, 
	0x09, 0x09, 0x07, 0x06, 0x06, 0x06, 0x06, 0x00, 
	0x04, 0x05, 0x01, 0x01, 0x00, 0x00, 0x01, 0x01, 
	0x0d, 0x0d, 0x02, 0x0d, 0x06, 0x06, 0x06, 0x06, 
	0x0d, 0x0d, 0x0d, 0x06, 0x06, 0x06, 0x0d, 0x02, 
	0x00, 0x00, 0x00, 0x00, 0x03, 0x03, 0x01, 0x00, 
	0x06, 0x09, 0x07, 0x06, 0x07, 0x07, 0x09, 0x09, 
	0x06, 0x0b, 0x0b, 0x0b, 0x07, 0x0b, 0x06, 0x02, 
	0x02, 0x06, 0x06, 0x02, 0x02, 0x02, 0x06, 0x0b, 
	0x06, 0x06, 0x06, 0x06, 0x07, 0x06, 0x02, 0x00, 
	0x04, 0x08, 0x01, 0x01, 0x00, 0x00, 0x00, 0x01, 
	0x0d, 0x0d, 0x02, 0x02, 0x06, 0x06, 0x06, 0x02, 
	0x02, 0x0d, 0x0d, 0x0d, 0x02, 0x0d, 0x0d, 0x02, 
	0x00, 0x00, 0x00, 0x00, 0x01, 0x03, 0x01, 0x00, 
	0x06, 0x09, 0x07, 0x06, 0x07, 0x07, 0x07, 0x07, 
	0x06, 0x06, 0x06, 0x06, 0x0b, 0x0b, 0x0b, 0x0b, 
	0x0b, 0x0b, 0x0b, 0x06, 0x06, 0x06, 0x06, 0x06, 
	0x06, 0x06, 0x06, 0x06, 0x06, 0x02, 0x06, 0x00, 
	0x04, 0x08, 0x04, 0x01, 0x01, 0x01, 0x01, 0x01, 
	0x0d, 0x0d, 0x02, 0x0d, 0x02, 0x02, 0x02, 0x02, 
	0x02, 0x0d, 0x0d, 0x0d, 0x02, 0x02, 0x02, 0x02, 
	0x03, 0x00, 0x00, 0x00, 0x01, 0x01, 0x01, 0x00, 
	0x06, 0x09, 0x07, 0x06, 0x07, 0x07, 0x07, 0x06, 
	0x02, 0x02, 0x02, 0x02, 0x06, 0x0b, 0x07, 0x07, 
	0x07, 0x07, 0x07, 0x07, 0x07, 0x07, 0x06, 0x02, 
	0x06, 0x06, 0x06, 0x06, 0x06, 0x02, 0x02, 0x00, 
	0x04, 0x08, 0x04, 0x01, 0x01, 0x01, 0x01, 0x03, 
	0x06, 0x0d, 0x02, 0x02, 0x02, 0x02, 0x02, 0x02, 
	0x02, 0x02, 0x02, 0x0d, 0x0d, 0x02, 0x0d, 0x06, 
	0x03, 0x01, 0x00, 0x00, 0x01, 0x01, 0x01, 0x00, 
	0x0b, 0x11, 0x10, 0x09, 0x06, 0x06, 0x06, 0x06, 
	0x07, 0x07, 0x07, 0x07, 0x06, 0x07, 0x09, 0x09, 
	0x06, 0x07, 0x06, 0x06, 0x02, 0x02, 0x02, 0x02, 
	0x06, 0x06, 0x06, 0x06, 0x06, 0x02, 0x02, 0x00, 
	0x06, 0x07, 0x06, 0x02, 0x06, 0x02, 0x02, 0x06, 
	0x0b, 0x06, 0x02, 0x02, 0x02, 0x02, 0x02, 0x02, 
	0x0d, 0x0d, 0x0d, 0x0d, 0x0d, 0x0d, 0x0d, 0x06, 
	0x03, 0x01, 0x00, 0x00, 0x01, 0x01, 0x01, 0x00, 
	0x0b, 0x11, 0x10, 0x09, 0x06, 0x06, 0x06, 0x07, 
	0x09, 0x09, 0x09, 0x09, 0x0a, 0x0a, 0x09, 0x09, 
	0x07, 0x0a, 0x07, 0x06, 0x02, 0x02, 0x02, 0x02, 
	0x06, 0x06, 0x06, 0x0c, 0x07, 0x06, 0x06, 0x00, 
	0x06, 0x07, 0x06, 0x02, 0x0b, 0x02, 0x02, 0x0b, 
	0x0b, 0x07, 0x06, 0x02, 0x0d, 0x0d, 0x0d, 0x0d, 
	0x0d, 0x0d, 0x06, 0x06, 0x0d, 0x0d, 0x0d, 0x0d, 
	0x03, 0x01, 0x00, 0x00, 0x01, 0x01, 0x01, 0x00, 
	0x0b, 0x11, 0x10, 0x09, 0x07, 0x07, 0x06, 0x06, 
	0x06, 0x06, 0x06, 0x07, 0x0a, 0x07, 0x0a, 0x09, 
	0x0a, 0x09, 0x09, 0x09, 0x07, 0x07, 0x06, 0x02, 
	0x06, 0x0c, 0x0c, 0x0c, 0x07, 0x06, 0x06, 0x00, 
	0x06, 0x07, 0x06, 0x02, 0x07, 0x06, 0x06, 0x06, 
	0x0b, 0x07, 0x07, 0x07, 0x06, 0x06, 0x06, 0x0d, 
	0x0d, 0x0d, 0x06, 0x06, 0x06, 0x0d, 0x06, 0x06, 
	0x03, 0x01, 0x01, 0x01, 0x03, 0x01, 0x01, 0x00, 
	0x0b, 0x10, 0x10, 0x09, 0x09, 0x09, 0x06, 0x06, 
	0x06, 0x06, 0x06, 0x07, 0x07, 0x07, 0x07, 0x09, 
	0x07, 0x0a, 0x0a, 0x09, 0x07, 0x07, 0x0b, 0x06, 
	0x0c, 0x0c, 0x0c, 0x06, 0x06, 0x06, 0x06, 0x00, 
	0x06, 0x07, 0x06, 0x06, 0x07, 0x0b, 0x0b, 0x07, 
	0x0b, 0x0b, 0x0b, 0x0b, 0x06, 0x06, 0x0d, 0x0d, 
	0x0b, 0x0b, 0x0b, 0x0b, 0x0b, 0x0b, 0x0b, 0x0b, 
	0x0b, 0x0b, 0x0b, 0x0b, 0x01, 0x01, 0x01, 0x01, 
	0x0b, 0x10, 0x10, 0x0b, 0x0b, 0x0b, 0x0b, 0x0b, 
	0x0b, 0x0b, 0x0b, 0x0b, 0x09, 0x0b, 0x09, 0x09, 
	0x0b, 0x0b, 0x0b, 0x09, 0x10, 0x10, 0x10, 0x10, 
	0x0b, 0x0b, 0x0b, 0x0b, 0x0b, 0x0b, 0x0b, 0x03, 
	0x0b, 0x0e, 0x0b, 0x0b, 0x0b, 0x0b, 0x0b, 0x0b, 
	0x0b, 0x0b, 0x0b, 0x0b, 0x0b, 0x0b, 0x0b, 0x0b, 
	0x0b, 0x0b, 0x09, 0x09, 0x10, 0x0b, 0x0b, 0x0b, 
	0x09, 0x09, 0x09, 0x0b, 0x04, 0x01, 0x01, 0x01, 
	0x0b, 0x10, 0x11, 0x10, 0x10, 0x10, 0x10, 0x10, 
	0x10, 0x10, 0x10, 0x10, 0x10, 0x10, 0x10, 0x10, 
	0x09, 0x09, 0x09, 0x09, 0x11, 0x11, 0x11, 0x11, 
	0x11, 0x10, 0x10, 0x10, 0x0e, 0x0b, 0x0b, 0x03, 
	0x0b, 0x0e, 0x0e, 0x0e, 0x09, 0x0b, 0x0b, 0x09, 
	0x09, 0x09, 0x09, 0x0b, 0x0b, 0x0b, 0x0b, 0x0b, 
	0x10, 0x11, 0x11, 0x11, 0x12, 0x12, 0x12, 0x11, 
	0x11, 0x11, 0x11, 0x11, 0x08, 0x08, 0x04, 0x01, 
	0x0b, 0x11, 0x12, 0x12, 0x12, 0x12, 0x12, 0x12, 
	0x12, 0x12, 0x11, 0x11, 0x11, 0x11, 0x11, 0x11, 
	0x11, 0x11, 0x11, 0x11, 0x12, 0x12, 0x12, 0x12, 
	0x12, 0x12, 0x12, 0x12, 0x0f, 0x0f, 0x0e, 0x03, 
	0x0b, 0x0f, 0x0f, 0x0f, 0x11, 0x11, 0x11, 0x11, 
	0x11, 0x11, 0x11, 0x11, 0x11, 0x11, 0x11, 0x11, 
	0x0b, 0x0b, 0x0b, 0x0b, 0x0b, 0x0b, 0x0b, 0x0b, 
	0x0b, 0x0b, 0x0b, 0x0b, 0x04, 0x04, 0x04, 0x01, 
	0x0b, 0x0b, 0x0b, 0x0b, 0x0b, 0x0b, 0x0b, 0x0b, 
	0x0b, 0x0b, 0x0b, 0x0b, 0x0b, 0x0b, 0x0b, 0x0b, 
	0x0b, 0x0b, 0x0b, 0x0b, 0x0b, 0x0b, 0x0b, 0x0b, 
	0x0b, 0x0b, 0x0b, 0x0b, 0x0b, 0x0b, 0x0b, 0x03, 
	0x03, 0x0b, 0x0b, 0x0b, 0x0b, 0x0b, 0x0b, 0x0b, 
	0x0b, 0x0b, 0x0b, 0x0b, 0x0b, 0x0b, 0x0b, 0x0b, 
	
};

Gfx rbtcm_Brick_pal_rgba16_aligner[] = {gsSPEndDisplayList()};
u8 rbtcm_Brick_pal_rgba16[] = {
	0xce, 0x75, 0xc6, 0x33, 0xb5, 0xb1, 0xbd, 0xf3, 
	0xad, 0x2f, 0x94, 0xad, 0x9d, 0x2f, 0x8c, 0xad, 
	0x7b, 0xe9, 0x7c, 0x29, 0x84, 0x6b, 0x94, 0xed, 
	0x9c, 0xef, 0xad, 0x71, 0x7c, 0x2b, 0x63, 0x67, 
	0x6b, 0xa7, 0x5b, 0x25, 0x3a, 0x1f, 
};

Gfx rbtcm_Tiles_ci4_aligner[] = {gsSPEndDisplayList()};
u8 rbtcm_Tiles_ci4[] = {
	0x00, 0x10, 0x23, 0x30, 0x02, 0x04, 0x44, 0x54, 
	0x56, 0x66, 0x55, 0x53, 0x44, 0x42, 0x45, 0x54, 
	0x44, 0x44, 0x21, 0x00, 0x00, 0x77, 0x11, 0x18, 
	0x11, 0x12, 0x00, 0x00, 0x00, 0x77, 0x11, 0x18, 
	0x11, 0x11, 0x12, 0x10, 0x00, 0x07, 0x11, 0x48, 
	0x21, 0x22, 0x22, 0x22, 0x20, 0x00, 0x44, 0x48, 
	0x11, 0x11, 0x22, 0x10, 0x00, 0x07, 0x11, 0x48, 
	0x11, 0x21, 0x22, 0x22, 0x20, 0x00, 0x14, 0x48, 
	0x21, 0x12, 0x22, 0x00, 0x00, 0x00, 0x02, 0x27, 
	0x10, 0x10, 0x01, 0x10, 0x00, 0x00, 0x24, 0x47, 
	0x21, 0x22, 0x20, 0x10, 0x00, 0x00, 0x02, 0x27, 
	0x21, 0x00, 0x11, 0x12, 0x10, 0x01, 0x24, 0x47, 
	0x21, 0x11, 0x01, 0x00, 0x00, 0x00, 0x00, 0x27, 
	0x01, 0x00, 0x01, 0x10, 0x00, 0x00, 0x44, 0x27, 
	0x11, 0x21, 0x01, 0x00, 0x77, 0x00, 0x00, 0x27, 
	0x21, 0x00, 0x00, 0x00, 0x00, 0x00, 0x22, 0x27, 
	0x11, 0x11, 0x01, 0x07, 0x00, 0x00, 0x22, 0x27, 
	0x11, 0x00, 0x00, 0x11, 0x00, 0x01, 0x11, 0x17, 
	0x11, 0x00, 0x01, 0x07, 0x01, 0x00, 0x02, 0x47, 
	0x01, 0x00, 0x00, 0x10, 0x00, 0x01, 0x11, 0x18, 
	0x10, 0x00, 0x70, 0x07, 0x00, 0x10, 0x02, 0x47, 
	0x00, 0x00, 0x00, 0x00, 0x00, 0x00, 0x11, 0x18, 
	0x10, 0x00, 0x70, 0x07, 0x00, 0x00, 0x02, 0x47, 
	0x00, 0x00, 0x00, 0x00, 0x00, 0x01, 0x11, 0x18, 
	0x10, 0x11, 0x01, 0x00, 0x01, 0x10, 0x22, 0x28, 
	0x08, 0x00, 0x00, 0x11, 0x10, 0x01, 0x00, 0x28, 
	0x10, 0x11, 0x11, 0x00, 0x01, 0x11, 0x22, 0x28, 
	0x80, 0x00, 0x01, 0x01, 0x10, 0x11, 0x00, 0x28, 
	0x11, 0x11, 0x11, 0x00, 0x00, 0x01, 0x00, 0x28, 
	0x80, 0x00, 0x00, 0x01, 0x00, 0x10, 0x80, 0x08, 
	0x9a, 0xaa, 0xa9, 0xaa, 0xaa, 0xaa, 0xaa, 0xaa, 
	0xaa, 0xab, 0xa9, 0x99, 0xaa, 0xaa, 0xaa, 0xaa, 
	0x28, 0x80, 0x00, 0xcd, 0xdc, 0xcd, 0x88, 0x78, 
	0x11, 0x00, 0x04, 0x41, 0x20, 0x77, 0x11, 0x41, 
	0x22, 0x22, 0x20, 0x20, 0x00, 0x00, 0x71, 0x17, 
	0x21, 0x11, 0x11, 0x01, 0x22, 0x07, 0x81, 0x48, 
	0x20, 0x00, 0x00, 0x00, 0x00, 0x00, 0x77, 0x78, 
	0x20, 0x01, 0x11, 0x11, 0x00, 0x07, 0x81, 0x18, 
	0x00, 0x00, 0x00, 0x00, 0x00, 0x00, 0x77, 0x78, 
	0x10, 0x11, 0x11, 0x10, 0x02, 0x77, 0x81, 0x18, 
	0x00, 0x10, 0x00, 0x07, 0x77, 0x87, 0x07, 0x88, 
	0x20, 0x00, 0x00, 0x10, 0x11, 0x77, 0x77, 0x08, 
	0x10, 0x70, 0x00, 0x07, 0x88, 0x77, 0x87, 0x78, 
	0x20, 0x00, 0x01, 0x10, 0x17, 0x77, 0x77, 0x78, 
	0x00, 0x77, 0x87, 0x78, 0x88, 0x88, 0x87, 0x78, 
	0x20, 0x10, 0x01, 0x00, 0x77, 0x77, 0x88, 0x08, 
	0x07, 0x70, 0x87, 0x78, 0x78, 0x88, 0x88, 0x78, 
	0x20, 0x00, 0x10, 0x00, 0x77, 0x78, 0x87, 0x08, 
	0x07, 0x77, 0x77, 0x88, 0x87, 0x88, 0x87, 0x08, 
	0x10, 0x00, 0x77, 0x70, 0x78, 0x88, 0x78, 0x08, 
	0x07, 0x77, 0x88, 0x88, 0x87, 0x78, 0x80, 0x08, 
	0x10, 0x77, 0x70, 0x70, 0x87, 0x78, 0x88, 0x08, 
	0x77, 0x07, 0x88, 0x88, 0x87, 0x88, 0x77, 0x08, 
	0x17, 0x77, 0x00, 0x07, 0x70, 0x78, 0x88, 0x78, 
	0x77, 0x77, 0x88, 0x88, 0x87, 0x88, 0x87, 0x08, 
	0x17, 0x77, 0x00, 0x07, 0x87, 0x78, 0x88, 0x78, 
	0x77, 0x77, 0x88, 0x88, 0x88, 0x88, 0x88, 0x88, 
	0x77, 0x77, 0x00, 0x00, 0x88, 0x88, 0x88, 0x08, 
	0x77, 0x77, 0x88, 0x88, 0x88, 0x88, 0x88, 0x88, 
	0x77, 0x77, 0x00, 0x88, 0x88, 0x88, 0x88, 0x08, 
	0x77, 0x77, 0x00, 0x88, 0x80, 0x88, 0x80, 0x08, 
	0x77, 0x77, 0x00, 0x08, 0x00, 0x08, 0x80, 0x08, 
	0xe9, 0x99, 0xaa, 0xab, 0xba, 0xbb, 0xaa, 0xaa, 
	0x9a, 0xba, 0xaa, 0xbb, 0xaa, 0xab, 0xbb, 0xab, 
	
};

Gfx rbtcm_Tiles_pal_rgba16_aligner[] = {gsSPEndDisplayList()};
u8 rbtcm_Tiles_pal_rgba16[] = {
	0x8c, 0xeb, 0x94, 0xed, 0x9d, 0x2f, 0xad, 0xb1, 
	0xa5, 0x6f, 0xc6, 0x75, 0xbe, 0x33, 0x84, 0xa9, 
	0x7c, 0x69, 0x53, 0x1f, 0x42, 0x9b, 0x3a, 0x59, 
	0x74, 0x27, 0x6b, 0xe5, 0x63, 0xa3, 
};

Gfx rbtcm__2star_ci8_aligner[] = {gsSPEndDisplayList()};
u8 rbtcm__2star_ci8[] = {
	0x00, 0x00, 0x00, 0x00, 0x00, 0x00, 0x00, 0x00, 
	0x00, 0x00, 0x00, 0x00, 0x00, 0x00, 0x00, 0x01, 
	0x02, 0x00, 0x00, 0x00, 0x00, 0x00, 0x00, 0x00, 
	0x00, 0x00, 0x00, 0x00, 0x00, 0x00, 0x00, 0x00, 
	0x00, 0x00, 0x00, 0x00, 0x00, 0x00, 0x00, 0x00, 
	0x00, 0x00, 0x00, 0x00, 0x00, 0x00, 0x03, 0x04, 
	0x05, 0x06, 0x00, 0x00, 0x00, 0x00, 0x00, 0x00, 
	0x00, 0x00, 0x00, 0x00, 0x00, 0x00, 0x00, 0x00, 
	0x00, 0x00, 0x00, 0x00, 0x00, 0x00, 0x00, 0x00, 
	0x00, 0x00, 0x00, 0x00, 0x00, 0x00, 0x07, 0x04, 
	0x08, 0x09, 0x00, 0x00, 0x00, 0x00, 0x00, 0x00, 
	0x00, 0x00, 0x00, 0x00, 0x00, 0x00, 0x00, 0x00, 
	0x00, 0x00, 0x00, 0x00, 0x00, 0x00, 0x00, 0x00, 
	0x00, 0x00, 0x00, 0x00, 0x00, 0x0a, 0x07, 0x0b, 
	0x0c, 0x0d, 0x0e, 0x00, 0x00, 0x00, 0x00, 0x00, 
	0x00, 0x00, 0x00, 0x00, 0x00, 0x00, 0x00, 0x00, 
	0x00, 0x00, 0x00, 0x00, 0x00, 0x00, 0x00, 0x00, 
	0x00, 0x00, 0x00, 0x00, 0x0a, 0x0a, 0x0a, 0x0f, 
	0x10, 0x11, 0x12, 0x12, 0x00, 0x00, 0x00, 0x00, 
	0x00, 0x00, 0x00, 0x00, 0x00, 0x00, 0x00, 0x00, 
	0x00, 0x00, 0x00, 0x00, 0x00, 0x00, 0x00, 0x00, 
	0x00, 0x00, 0x00, 0x00, 0x0a, 0x0a, 0x13, 0x14, 
	0x14, 0x15, 0x16, 0x12, 0x00, 0x00, 0x00, 0x00, 
	0x00, 0x00, 0x00, 0x00, 0x00, 0x00, 0x00, 0x00, 
	0x00, 0x00, 0x00, 0x00, 0x00, 0x00, 0x00, 0x00, 
	0x00, 0x00, 0x00, 0x07, 0x0a, 0x17, 0x14, 0x14, 
	0x14, 0x14, 0x18, 0x19, 0x19, 0x00, 0x00, 0x00, 
	0x00, 0x00, 0x00, 0x00, 0x00, 0x00, 0x00, 0x00, 
	0x00, 0x00, 0x00, 0x00, 0x00, 0x00, 0x00, 0x00, 
	0x00, 0x00, 0x1a, 0x07, 0x1b, 0x1c, 0x14, 0x14, 
	0x14, 0x14, 0x1d, 0x1e, 0x1f, 0x20, 0x00, 0x00, 
	0x00, 0x00, 0x00, 0x00, 0x00, 0x00, 0x00, 0x00, 
	0x00, 0x00, 0x00, 0x00, 0x00, 0x00, 0x00, 0x00, 
	0x00, 0x21, 0x01, 0x22, 0x23, 0x14, 0x14, 0x14, 
	0x14, 0x14, 0x14, 0x24, 0x25, 0x26, 0x27, 0x02, 
	0x00, 0x00, 0x00, 0x00, 0x00, 0x00, 0x00, 0x00, 
	0x00, 0x00, 0x00, 0x00, 0x00, 0x00, 0x21, 0x21, 
	0x21, 0x21, 0x21, 0x28, 0x14, 0x14, 0x14, 0x14, 
	0x14, 0x14, 0x14, 0x14, 0x29, 0x2a, 0x2b, 0x2c, 
	0x2d, 0x2e, 0x00, 0x00, 0x00, 0x00, 0x00, 0x00, 
	0x00, 0x00, 0x00, 0x21, 0x21, 0x21, 0x21, 0x21, 
	0x21, 0x04, 0x2d, 0x14, 0x14, 0x14, 0x14, 0x14, 
	0x14, 0x14, 0x14, 0x14, 0x14, 0x2f, 0x30, 0x2e, 
	0x2d, 0x2d, 0x2e, 0x2e, 0x2e, 0x00, 0x00, 0x00, 
	0x00, 0x21, 0x21, 0x21, 0x21, 0x21, 0x04, 0x31, 
	0x2a, 0x14, 0x14, 0x14, 0x32, 0x32, 0x32, 0x32, 
	0x32, 0x32, 0x32, 0x14, 0x14, 0x14, 0x14, 0x33, 
	0x34, 0x0f, 0x2d, 0x2d, 0x2e, 0x2c, 0x35, 0x00, 
	0x0f, 0x36, 0x22, 0x37, 0x17, 0x38, 0x14, 0x14, 
	0x14, 0x14, 0x14, 0x32, 0x39, 0x39, 0x39, 0x39, 
	0x39, 0x39, 0x39, 0x32, 0x14, 0x14, 0x14, 0x14, 
	0x14, 0x14, 0x1c, 0x10, 0x3a, 0x3b, 0x3c, 0x3d, 
	0x3e, 0x3f, 0x40, 0x41, 0x14, 0x14, 0x14, 0x14, 
	0x14, 0x14, 0x32, 0x39, 0x42, 0x42, 0x42, 0x42, 
	0x42, 0x42, 0x42, 0x39, 0x32, 0x14, 0x14, 0x14, 
	0x14, 0x14, 0x14, 0x14, 0x43, 0x44, 0x45, 0x45, 
	0x00, 0x3e, 0x46, 0x47, 0x48, 0x14, 0x14, 0x14, 
	0x14, 0x14, 0x32, 0x39, 0x42, 0x17, 0x17, 0x17, 
	0x17, 0x17, 0x42, 0x42, 0x39, 0x14, 0x14, 0x14, 
	0x14, 0x14, 0x14, 0x49, 0x4a, 0x45, 0x45, 0x00, 
	0x00, 0x00, 0x4b, 0x4b, 0x47, 0x4c, 0x14, 0x14, 
	0x14, 0x14, 0x14, 0x17, 0x17, 0x14, 0x14, 0x14, 
	0x14, 0x14, 0x32, 0x39, 0x42, 0x17, 0x14, 0x14, 
	0x14, 0x14, 0x14, 0x4d, 0x4e, 0x4f, 0x00, 0x00, 
	0x00, 0x00, 0x00, 0x4b, 0x3e, 0x50, 0x14, 0x14, 
	0x14, 0x14, 0x14, 0x14, 0x14, 0x14, 0x14, 0x14, 
	0x14, 0x14, 0x32, 0x39, 0x42, 0x17, 0x14, 0x14, 
	0x14, 0x1d, 0x51, 0x52, 0x53, 0x4e, 0x00, 0x00, 
	0x00, 0x00, 0x00, 0x4b, 0x3e, 0x54, 0x55, 0x56, 
	0x4c, 0x14, 0x14, 0x14, 0x14, 0x14, 0x14, 0x14, 
	0x14, 0x32, 0x39, 0x39, 0x42, 0x14, 0x1d, 0x56, 
	0x57, 0x58, 0x59, 0x52, 0x52, 0x00, 0x00, 0x00, 
	0x00, 0x00, 0x00, 0x00, 0x3e, 0x3e, 0x5a, 0x5a, 
	0x5b, 0x55, 0x32, 0x56, 0x1d, 0x14, 0x14, 0x14, 
	0x32, 0x39, 0x39, 0x42, 0x32, 0x55, 0x5b, 0x5a, 
	0x5c, 0x5d, 0x52, 0x52, 0x00, 0x00, 0x00, 0x00, 
	0x00, 0x00, 0x00, 0x00, 0x00, 0x5e, 0x5f, 0x5f, 
	0x5c, 0x5c, 0x5a, 0x5f, 0x5b, 0x60, 0x57, 0x32, 
	0x39, 0x39, 0x42, 0x5f, 0x5a, 0x46, 0x5c, 0x46, 
	0x61, 0x52, 0x52, 0x00, 0x00, 0x00, 0x00, 0x00, 
	0x00, 0x00, 0x00, 0x00, 0x00, 0x62, 0x63, 0x64, 
	0x5a, 0x65, 0x65, 0x46, 0x5c, 0x5c, 0x5c, 0x39, 
	0x39, 0x42, 0x5c, 0x46, 0x65, 0x65, 0x5a, 0x5a, 
	0x66, 0x52, 0x52, 0x00, 0x00, 0x00, 0x00, 0x00, 
	0x00, 0x00, 0x00, 0x00, 0x00, 0x00, 0x26, 0x34, 
	0x5f, 0x47, 0x5a, 0x5a, 0x5a, 0x5a, 0x39, 0x39, 
	0x42, 0x5a, 0x5a, 0x5a, 0x5a, 0x47, 0x5f, 0x5f, 
	0x59, 0x52, 0x00, 0x00, 0x00, 0x00, 0x00, 0x00, 
	0x00, 0x00, 0x00, 0x00, 0x00, 0x00, 0x10, 0x67, 
	0x5b, 0x5f, 0x5f, 0x5f, 0x5f, 0x39, 0x39, 0x42, 
	0x5f, 0x5f, 0x5f, 0x5f, 0x5f, 0x5f, 0x5b, 0x68, 
	0x66, 0x69, 0x00, 0x00, 0x00, 0x00, 0x00, 0x00, 
	0x00, 0x00, 0x00, 0x00, 0x00, 0x00, 0x6a, 0x6b, 
	0x60, 0x60, 0x68, 0x39, 0x39, 0x42, 0x42, 0x42, 
	0x39, 0x39, 0x39, 0x39, 0x68, 0x60, 0x60, 0x57, 
	0x66, 0x59, 0x00, 0x00, 0x00, 0x00, 0x00, 0x00, 
	0x00, 0x00, 0x00, 0x00, 0x00, 0x00, 0x6c, 0x6a, 
	0x6d, 0x6e, 0x57, 0x39, 0x42, 0x42, 0x42, 0x42, 
	0x42, 0x42, 0x42, 0x42, 0x57, 0x6e, 0x6d, 0x6d, 
	0x66, 0x59, 0x00, 0x00, 0x00, 0x00, 0x00, 0x00, 
	0x00, 0x00, 0x00, 0x00, 0x00, 0x00, 0x6c, 0x6c, 
	0x6f, 0x6f, 0x6d, 0x6d, 0x6d, 0x6d, 0x6d, 0x6d, 
	0x6d, 0x6d, 0x6d, 0x6d, 0x6d, 0x6f, 0x6f, 0x32, 
	0x70, 0x59, 0x00, 0x00, 0x00, 0x00, 0x00, 0x00, 
	0x00, 0x00, 0x00, 0x00, 0x00, 0x00, 0x27, 0x27, 
	0x56, 0x32, 0x32, 0x32, 0x6f, 0x6f, 0x55, 0x71, 
	0x71, 0x72, 0x6f, 0x32, 0x32, 0x32, 0x56, 0x56, 
	0x66, 0x59, 0x00, 0x00, 0x00, 0x00, 0x00, 0x00, 
	0x00, 0x00, 0x00, 0x00, 0x00, 0x00, 0x73, 0x74, 
	0x1d, 0x4c, 0x56, 0x75, 0x76, 0x77, 0x69, 0x53, 
	0x53, 0x69, 0x70, 0x71, 0x75, 0x4c, 0x1d, 0x14, 
	0x59, 0x59, 0x00, 0x00, 0x00, 0x00, 0x00, 0x00, 
	0x00, 0x00, 0x00, 0x00, 0x00, 0x00, 0x73, 0x78, 
	0x79, 0x7a, 0x7b, 0x53, 0x4a, 0x53, 0x53, 0x53, 
	0x4a, 0x53, 0x53, 0x52, 0x52, 0x7c, 0x7d, 0x7e, 
	0x69, 0x59, 0x00, 0x00, 0x00, 0x00, 0x00, 0x00, 
	0x00, 0x00, 0x00, 0x00, 0x00, 0x00, 0x7f, 0x80, 
	0x44, 0x81, 0x44, 0x44, 0x4a, 0x53, 0x53, 0x00, 
	0x00, 0x53, 0x53, 0x52, 0x52, 0x52, 0x52, 0x52, 
	0x52, 0x69, 0x00, 0x00, 0x00, 0x00, 0x00, 0x00, 
	0x00, 0x00, 0x00, 0x00, 0x00, 0x00, 0x82, 0x83, 
	0x4e, 0x81, 0x44, 0x44, 0x00, 0x00, 0x00, 0x00, 
	0x00, 0x00, 0x00, 0x00, 0x53, 0x52, 0x52, 0x52, 
	0x52, 0x52, 0x00, 0x00, 0x00, 0x00, 0x00, 0x00, 
	0x00, 0x00, 0x00, 0x00, 0x00, 0x00, 0x3d, 0x4e, 
	0x81, 0x00, 0x00, 0x00, 0x00, 0x00, 0x00, 0x00, 
	0x00, 0x00, 0x00, 0x00, 0x00, 0x00, 0x00, 0x52, 
	0x52, 0x52, 0x00, 0x00, 0x00, 0x00, 0x00, 0x00, 
	
};

Gfx rbtcm__2star_pal_rgba16_aligner[] = {gsSPEndDisplayList()};
u8 rbtcm__2star_pal_rgba16[] = {
	0x71, 0x00, 0xf7, 0xb9, 0xf6, 0x57, 0xf7, 0xaf, 
	0xf7, 0xb7, 0xf6, 0x17, 0xec, 0x49, 0xf7, 0xad, 
	0xf5, 0xd5, 0xec, 0x09, 0xf7, 0xab, 0xf7, 0xb5, 
	0xf5, 0x93, 0xe4, 0x09, 0xdc, 0x07, 0xf7, 0x17, 
	0xf6, 0xd1, 0xe4, 0x89, 0xdb, 0xc7, 0xf7, 0x57, 
	0xf6, 0xc7, 0xee, 0x07, 0xd3, 0xc7, 0xf7, 0x63, 
	0xe4, 0x87, 0xd3, 0x87, 0xf7, 0xb3, 0xf7, 0xa9, 
	0xf6, 0xc9, 0xf6, 0x87, 0xdc, 0x47, 0xec, 0x87, 
	0xf5, 0x8b, 0xf7, 0xbd, 0xf7, 0xb1, 0xf7, 0x15, 
	0xed, 0x87, 0xec, 0xc9, 0xf6, 0x4d, 0xf6, 0x93, 
	0xf7, 0x61, 0xf6, 0x89, 0xf7, 0x11, 0xf7, 0x55, 
	0xf6, 0xd9, 0xf7, 0x1b, 0xf7, 0x5b, 0xf7, 0x09, 
	0xf7, 0x95, 0xf7, 0x65, 0xf6, 0x05, 0xf7, 0x0b, 
	0xf6, 0xcf, 0xf6, 0x97, 0xf7, 0xa3, 0xf7, 0xbb, 
	0xf7, 0x0d, 0xb9, 0x05, 0xf6, 0x13, 0xec, 0xcf, 
	0xc3, 0xc9, 0x92, 0x83, 0xd4, 0x03, 0xec, 0xc7, 
	0xf5, 0xcb, 0xf6, 0x8d, 0xd9, 0x05, 0xc4, 0x85, 
	0x71, 0xc1, 0x61, 0x81, 0xd4, 0x05, 0xdc, 0x85, 
	0xee, 0x45, 0xee, 0x85, 0x72, 0x01, 0xcc, 0x03, 
	0xf6, 0x85, 0x9b, 0xc3, 0x69, 0x81, 0x61, 0x41, 
	0xe5, 0x85, 0xcd, 0x05, 0x7a, 0x41, 0x7a, 0x01, 
	0xd4, 0x43, 0xed, 0x85, 0xf6, 0x45, 0xed, 0x45, 
	0xd4, 0x85, 0x8a, 0x81, 0xdc, 0x45, 0xe4, 0xc5, 
	0xd3, 0xc5, 0x92, 0x81, 0xe4, 0x45, 0xe4, 0x85, 
	0xed, 0x05, 0xc3, 0xc3, 0xf4, 0xc7, 0xf5, 0x49, 
	0xf5, 0x89, 0xdc, 0x05, 0x92, 0xc1, 0xf7, 0x51, 
	0xec, 0xc5, 0x82, 0x41, 0xf7, 0x13, 0xf7, 0x53, 
	0xf6, 0xd3, 0xf5, 0x85, 0xf5, 0x45, 0xf5, 0xc5, 
	0x93, 0x01, 0xc4, 0x83, 0xe5, 0x45, 0xf6, 0x53, 
	0xf6, 0x51, 0xe5, 0xc5, 0xbc, 0x83, 0x9b, 0x41, 
	0xf5, 0x8f, 0xcc, 0xc5, 0xbc, 0x85, 0x93, 0x43, 
	0x93, 0x41, 0xc4, 0xc5, 0xc5, 0x07, 0xf5, 0x91, 
	0xcb, 0xc7, 0x69, 0xc1, 0xe4, 0x8b, 0x82, 0x01, 
	
};

Gfx rbtcm_MetalStar_ci8_aligner[] = {gsSPEndDisplayList()};
u8 rbtcm_MetalStar_ci8[] = {
	0x00, 0x00, 0x00, 0x00, 0x00, 0x00, 0x00, 0x00, 
	0x00, 0x00, 0x00, 0x00, 0x00, 0x00, 0x00, 0x01, 
	0x02, 0x00, 0x00, 0x00, 0x00, 0x00, 0x00, 0x00, 
	0x00, 0x00, 0x00, 0x00, 0x00, 0x00, 0x00, 0x00, 
	0x00, 0x00, 0x00, 0x00, 0x00, 0x00, 0x00, 0x00, 
	0x00, 0x00, 0x00, 0x00, 0x00, 0x00, 0x03, 0x04, 
	0x05, 0x06, 0x00, 0x00, 0x00, 0x00, 0x00, 0x00, 
	0x00, 0x00, 0x00, 0x00, 0x00, 0x00, 0x00, 0x00, 
	0x00, 0x00, 0x00, 0x00, 0x00, 0x00, 0x00, 0x00, 
	0x00, 0x00, 0x00, 0x00, 0x00, 0x00, 0x03, 0x07, 
	0x05, 0x06, 0x00, 0x00, 0x00, 0x00, 0x00, 0x00, 
	0x00, 0x00, 0x00, 0x00, 0x00, 0x00, 0x00, 0x00, 
	0x00, 0x00, 0x00, 0x00, 0x00, 0x00, 0x00, 0x00, 
	0x00, 0x00, 0x00, 0x00, 0x00, 0x08, 0x01, 0x08, 
	0x09, 0x0a, 0x0a, 0x00, 0x00, 0x00, 0x00, 0x00, 
	0x00, 0x00, 0x00, 0x00, 0x00, 0x00, 0x00, 0x00, 
	0x00, 0x00, 0x00, 0x00, 0x00, 0x00, 0x00, 0x00, 
	0x00, 0x00, 0x00, 0x00, 0x0b, 0x03, 0x0c, 0x0d, 
	0x02, 0x06, 0x0a, 0x0a, 0x00, 0x00, 0x00, 0x00, 
	0x00, 0x00, 0x00, 0x00, 0x00, 0x00, 0x00, 0x00, 
	0x00, 0x00, 0x00, 0x00, 0x00, 0x00, 0x00, 0x00, 
	0x00, 0x00, 0x00, 0x00, 0x0b, 0x0b, 0x0e, 0x0f, 
	0x02, 0x05, 0x10, 0x0a, 0x00, 0x00, 0x00, 0x00, 
	0x00, 0x00, 0x00, 0x00, 0x00, 0x00, 0x00, 0x00, 
	0x00, 0x00, 0x00, 0x00, 0x00, 0x00, 0x00, 0x00, 
	0x00, 0x00, 0x00, 0x0b, 0x0b, 0x04, 0x02, 0x02, 
	0x02, 0x02, 0x11, 0x10, 0x10, 0x00, 0x00, 0x00, 
	0x00, 0x00, 0x00, 0x00, 0x00, 0x00, 0x00, 0x00, 
	0x00, 0x00, 0x00, 0x00, 0x00, 0x00, 0x00, 0x00, 
	0x00, 0x00, 0x12, 0x01, 0x0b, 0x02, 0x02, 0x02, 
	0x02, 0x02, 0x02, 0x0a, 0x11, 0x09, 0x00, 0x00, 
	0x00, 0x00, 0x00, 0x00, 0x00, 0x00, 0x00, 0x00, 
	0x00, 0x00, 0x00, 0x00, 0x00, 0x00, 0x00, 0x00, 
	0x00, 0x13, 0x14, 0x08, 0x0d, 0x02, 0x02, 0x02, 
	0x02, 0x02, 0x02, 0x09, 0x11, 0x15, 0x0f, 0x16, 
	0x00, 0x00, 0x00, 0x00, 0x00, 0x00, 0x00, 0x00, 
	0x00, 0x00, 0x00, 0x00, 0x00, 0x00, 0x17, 0x01, 
	0x0c, 0x18, 0x19, 0x1a, 0x02, 0x02, 0x02, 0x02, 
	0x02, 0x02, 0x02, 0x02, 0x02, 0x1b, 0x1b, 0x1c, 
	0x1d, 0x1e, 0x00, 0x00, 0x00, 0x00, 0x00, 0x00, 
	0x00, 0x00, 0x00, 0x1f, 0x20, 0x21, 0x22, 0x23, 
	0x24, 0x25, 0x26, 0x27, 0x02, 0x02, 0x02, 0x02, 
	0x02, 0x02, 0x02, 0x02, 0x02, 0x28, 0x29, 0x2a, 
	0x2b, 0x2c, 0x2d, 0x1b, 0x03, 0x00, 0x00, 0x00, 
	0x00, 0x01, 0x2e, 0x2f, 0x30, 0x26, 0x31, 0x32, 
	0x33, 0x34, 0x35, 0x36, 0x37, 0x38, 0x05, 0x02, 
	0x02, 0x0f, 0x02, 0x02, 0x02, 0x15, 0x39, 0x15, 
	0x3a, 0x3b, 0x2d, 0x16, 0x3c, 0x02, 0x3d, 0x00, 
	0x0d, 0x03, 0x3e, 0x3f, 0x40, 0x41, 0x41, 0x42, 
	0x21, 0x43, 0x44, 0x45, 0x46, 0x47, 0x09, 0x02, 
	0x05, 0x38, 0x02, 0x02, 0x37, 0x02, 0x48, 0x02, 
	0x02, 0x49, 0x4a, 0x4b, 0x38, 0x11, 0x4c, 0x4d, 
	0x0a, 0x11, 0x2f, 0x4e, 0x4f, 0x50, 0x50, 0x51, 
	0x52, 0x53, 0x21, 0x54, 0x55, 0x56, 0x05, 0x02, 
	0x05, 0x15, 0x15, 0x0f, 0x02, 0x02, 0x02, 0x02, 
	0x0f, 0x2c, 0x57, 0x4b, 0x58, 0x59, 0x5a, 0x5a, 
	0x00, 0x5b, 0x5c, 0x5d, 0x5e, 0x5f, 0x60, 0x61, 
	0x3f, 0x42, 0x51, 0x62, 0x2e, 0x0f, 0x02, 0x02, 
	0x63, 0x64, 0x65, 0x27, 0x02, 0x02, 0x02, 0x02, 
	0x66, 0x67, 0x68, 0x68, 0x69, 0x5a, 0x5a, 0x00, 
	0x00, 0x00, 0x6a, 0x10, 0x6b, 0x6c, 0x6d, 0x0f, 
	0x6e, 0x6f, 0x70, 0x71, 0x72, 0x66, 0x02, 0x02, 
	0x0f, 0x63, 0x73, 0x27, 0x02, 0x02, 0x02, 0x02, 
	0x74, 0x75, 0x76, 0x77, 0x78, 0x79, 0x00, 0x00, 
	0x00, 0x00, 0x00, 0x10, 0x0a, 0x7a, 0x02, 0x02, 
	0x02, 0x02, 0x7b, 0x7c, 0x71, 0x7d, 0x02, 0x02, 
	0x02, 0x7e, 0x02, 0x02, 0x02, 0x02, 0x02, 0x7f, 
	0x80, 0x81, 0x82, 0x83, 0x84, 0x85, 0x00, 0x00, 
	0x00, 0x00, 0x00, 0x10, 0x0a, 0x0a, 0x86, 0x14, 
	0x87, 0x02, 0x0f, 0x33, 0x88, 0x66, 0x02, 0x02, 
	0x02, 0x7e, 0x02, 0x02, 0x02, 0x0f, 0x38, 0x89, 
	0x5c, 0x8a, 0x85, 0x84, 0x85, 0x00, 0x00, 0x00, 
	0x00, 0x00, 0x00, 0x00, 0x0a, 0x10, 0x0a, 0x0a, 
	0x11, 0x09, 0x09, 0x56, 0x0f, 0x0f, 0x02, 0x0f, 
	0x86, 0x05, 0x02, 0x02, 0x05, 0x09, 0x8b, 0x8c, 
	0x8d, 0x8e, 0x8f, 0x8f, 0x00, 0x00, 0x00, 0x00, 
	0x00, 0x00, 0x00, 0x00, 0x00, 0x6b, 0x06, 0x90, 
	0x10, 0x10, 0x0a, 0x91, 0x11, 0x92, 0x93, 0x7a, 
	0x94, 0x8b, 0x11, 0x06, 0x0a, 0x5b, 0x95, 0x8d, 
	0x96, 0x8f, 0x8f, 0x00, 0x00, 0x00, 0x00, 0x00, 
	0x00, 0x00, 0x00, 0x00, 0x00, 0x97, 0x98, 0x99, 
	0x9a, 0x0a, 0x9a, 0x9b, 0x10, 0x10, 0x10, 0x10, 
	0x9c, 0x46, 0x10, 0x10, 0x0a, 0x0a, 0x89, 0x9d, 
	0x9e, 0x9f, 0x9f, 0x00, 0x00, 0x00, 0x00, 0x00, 
	0x00, 0x00, 0x00, 0x00, 0x00, 0x00, 0xa0, 0x05, 
	0x90, 0x9a, 0x9a, 0x10, 0x0a, 0x0a, 0x10, 0x0a, 
	0x7f, 0xa1, 0xa1, 0x5b, 0xa1, 0x10, 0xa2, 0xa2, 
	0xa3, 0xa4, 0x00, 0x00, 0x00, 0x00, 0x00, 0x00, 
	0x00, 0x00, 0x00, 0x00, 0x00, 0x00, 0xa5, 0x02, 
	0x90, 0xa6, 0x9a, 0xa7, 0xa8, 0x8b, 0x0a, 0x5b, 
	0xa9, 0xa1, 0xaa, 0x7f, 0x4f, 0xab, 0xac, 0xad, 
	0xae, 0xa3, 0x00, 0x00, 0x00, 0x00, 0x00, 0x00, 
	0x00, 0x00, 0x00, 0x00, 0x00, 0x00, 0xaf, 0xb0, 
	0xb1, 0xb2, 0xb3, 0xb4, 0xb5, 0xb1, 0x06, 0x6a, 
	0x26, 0xb6, 0xb7, 0xb8, 0xb9, 0xba, 0xba, 0xbb, 
	0xbc, 0xbd, 0x00, 0x00, 0x00, 0x00, 0x00, 0x00, 
	0x00, 0x00, 0x00, 0x00, 0x00, 0x00, 0xbe, 0xbf, 
	0xb2, 0xc0, 0xc0, 0xc1, 0xa2, 0xb3, 0xc2, 0xc3, 
	0xb8, 0xc4, 0xba, 0xc5, 0xc6, 0xc7, 0xc8, 0xc8, 
	0xbc, 0xbd, 0x00, 0x00, 0x00, 0x00, 0x00, 0x00, 
	0x00, 0x00, 0x00, 0x00, 0x00, 0x00, 0x98, 0xab, 
	0xa2, 0xc0, 0xb2, 0xa2, 0xa2, 0xc9, 0xca, 0xcb, 
	0xba, 0xc6, 0xcc, 0xc8, 0xcd, 0xce, 0xc4, 0xc5, 
	0xcf, 0xd0, 0x00, 0x00, 0x00, 0x00, 0x00, 0x00, 
	0x00, 0x00, 0x00, 0x00, 0x00, 0x00, 0x38, 0xaa, 
	0xb3, 0xb3, 0x41, 0xb4, 0xb3, 0xca, 0xca, 0xd1, 
	0xca, 0xc4, 0xc6, 0xc8, 0xce, 0xc8, 0xc7, 0xc7, 
	0xd2, 0xd0, 0x00, 0x00, 0x00, 0x00, 0x00, 0x00, 
	0x00, 0x00, 0x00, 0x00, 0x00, 0x00, 0x38, 0xd3, 
	0xb5, 0xb5, 0xaa, 0xb4, 0xd2, 0xd4, 0xa3, 0xd5, 
	0xbd, 0xd6, 0xd7, 0xd8, 0xc8, 0xc6, 0xd9, 0xce, 
	0xd0, 0xd0, 0x00, 0x00, 0x00, 0x00, 0x00, 0x00, 
	0x00, 0x00, 0x00, 0x00, 0x00, 0x00, 0xda, 0x41, 
	0xc1, 0xd2, 0xdb, 0xdc, 0xdc, 0xdc, 0xdd, 0xa3, 
	0xa3, 0xde, 0xde, 0xd6, 0xde, 0xd7, 0xdf, 0xc4, 
	0xae, 0xd0, 0x00, 0x00, 0x00, 0x00, 0x00, 0x00, 
	0x00, 0x00, 0x00, 0x00, 0x00, 0x00, 0x98, 0xb4, 
	0xdc, 0xe0, 0x8f, 0xdc, 0x8f, 0x8f, 0xdd, 0x00, 
	0x00, 0xbd, 0xbd, 0xde, 0xe1, 0xde, 0xde, 0xd0, 
	0xd6, 0xae, 0x00, 0x00, 0x00, 0x00, 0x00, 0x00, 
	0x00, 0x00, 0x00, 0x00, 0x00, 0x00, 0x0a, 0xe2, 
	0xe3, 0xe3, 0x8f, 0xdc, 0x00, 0x00, 0x00, 0x00, 
	0x00, 0x00, 0x00, 0x00, 0xbd, 0xde, 0xe1, 0xde, 
	0xde, 0xde, 0x00, 0x00, 0x00, 0x00, 0x00, 0x00, 
	0x00, 0x00, 0x00, 0x00, 0x00, 0x00, 0x4d, 0x5a, 
	0x5a, 0x00, 0x00, 0x00, 0x00, 0x00, 0x00, 0x00, 
	0x00, 0x00, 0x00, 0x00, 0x00, 0x00, 0x00, 0xde, 
	0xde, 0xde, 0x00, 0x00, 0x00, 0x00, 0x00, 0x00, 
	
};

Gfx rbtcm_MetalStar_pal_rgba16_aligner[] = {gsSPEndDisplayList()};
u8 rbtcm_MetalStar_pal_rgba16[] = {
	0xb5, 0xac, 0x00, 0x01, 0x18, 0xc7, 0x08, 0x43, 
	0x10, 0x43, 0x21, 0x09, 0x42, 0x11, 0x08, 0x45, 
	0x08, 0x03, 0x29, 0x4b, 0x4a, 0x53, 0x08, 0x01, 
	0x10, 0x03, 0x10, 0x85, 0x18, 0x45, 0x20, 0xc7, 
	0x52, 0x95, 0x39, 0xcf, 0x08, 0x41, 0x20, 0x87, 
	0x20, 0xc9, 0x21, 0x07, 0x31, 0x89, 0x28, 0xc9, 
	0x6a, 0xdd, 0x51, 0xd3, 0x20, 0x85, 0x18, 0xc5, 
	0x39, 0xc9, 0x39, 0xcb, 0x4a, 0x4b, 0x59, 0x0f, 
	0x6a, 0x55, 0x59, 0x53, 0x31, 0x0b, 0x18, 0x87, 
	0x31, 0x0d, 0x73, 0x1f, 0x62, 0x99, 0x51, 0xd1, 
	0x18, 0x85, 0x18, 0xc3, 0x52, 0x0d, 0x52, 0x4d, 
	0x4a, 0x0b, 0x62, 0x8d, 0x49, 0x0d, 0x61, 0xd5, 
	0x61, 0x53, 0x52, 0x99, 0x41, 0x8f, 0x51, 0x93, 
	0x72, 0xd3, 0x61, 0xcf, 0x49, 0x0b, 0x29, 0x49, 
	0x29, 0x09, 0x29, 0x47, 0x4a, 0x4d, 0x5a, 0x8b, 
	0x10, 0x83, 0x41, 0x4d, 0x59, 0x51, 0x61, 0xd1, 
	0x61, 0xd3, 0x63, 0x5f, 0x62, 0x19, 0x72, 0xd1, 
	0x6a, 0x53, 0x49, 0x09, 0x5a, 0x95, 0x41, 0xcf, 
	0x19, 0x07, 0x5a, 0x8d, 0x6b, 0x13, 0x5a, 0x8f, 
	0x5a, 0xd7, 0x7b, 0xdf, 0x61, 0x93, 0x62, 0x57, 
	0x63, 0x1f, 0x62, 0x17, 0x62, 0x0f, 0x6a, 0x99, 
	0x51, 0x0b, 0x5a, 0x13, 0x39, 0x8b, 0x62, 0xd3, 
	0x5a, 0x93, 0x94, 0xa5, 0x9c, 0xe7, 0x52, 0x53, 
	0x6a, 0x97, 0x6a, 0x57, 0x52, 0x57, 0x52, 0xdb, 
	0x5a, 0xdd, 0x51, 0x53, 0x51, 0x0f, 0x39, 0x09, 
	0x49, 0x8b, 0x49, 0x8d, 0x28, 0xc7, 0x41, 0xc9, 
	0x5a, 0x91, 0x9c, 0xe5, 0x62, 0x97, 0x4a, 0x13, 
	0x21, 0x4d, 0x39, 0x4f, 0x30, 0xcb, 0x39, 0x0d, 
	0x59, 0xd5, 0x48, 0xc9, 0x40, 0xc9, 0x49, 0x4f, 
	0x41, 0x8b, 0x62, 0xcf, 0x6b, 0x19, 0x94, 0x61, 
	0xbd, 0x69, 0xa5, 0x29, 0x31, 0x8d, 0x51, 0xd5, 
	0x51, 0x09, 0x38, 0xcb, 0x29, 0x07, 0x5a, 0x55, 
	0x52, 0x11, 0x73, 0x5b, 0x83, 0xdb, 0xad, 0x67, 
	0xb5, 0x6b, 0xad, 0x29, 0x31, 0x4b, 0x18, 0xc9, 
	0x39, 0x0b, 0x73, 0x9f, 0x83, 0xe1, 0x4a, 0x11, 
	0x73, 0x9d, 0x84, 0x23, 0xad, 0x2d, 0xb5, 0xaf, 
	0x42, 0x13, 0x52, 0x93, 0x39, 0xcd, 0x31, 0x8f, 
	0x4a, 0x51, 0x6b, 0x1b, 0x94, 0xa7, 0x39, 0xd1, 
	0x29, 0x4d, 0x29, 0x8d, 0x4a, 0x55, 0x5a, 0xd5, 
	0x62, 0xd7, 0x84, 0x25, 0xa5, 0x2d, 0xad, 0xaf, 
	0x21, 0x0b, 0x52, 0x55, 0x73, 0xe5, 0x9d, 0x2d, 
	0xad, 0x6f, 0x19, 0x0b, 0x42, 0x15, 0x52, 0x97, 
	0x5a, 0x97, 0x52, 0x13, 0x63, 0x1d, 0x5b, 0x1d, 
	0x5b, 0x61, 0x5b, 0x63, 0x8c, 0xab, 0x18, 0xcb, 
	0x19, 0x0d, 0x6b, 0x5f, 0x6b, 0x61, 0x73, 0xa3, 
	0x7b, 0xe3, 0x73, 0xa1, 0x5a, 0x9b, 0x53, 0x61, 
	0x53, 0x1f, 0x4b, 0x1f, 0x42, 0xdf, 0x3a, 0x9f, 
	0x84, 0xa9, 0x95, 0x2d, 0x19, 0x09, 0x21, 0x0d, 
	0x7b, 0xe5, 0x7c, 0x25, 0x5a, 0xdb, 0x5b, 0x1f, 
	0x4a, 0xdf, 0x42, 0xdd, 0x3a, 0x9d, 0x32, 0x5d, 
	0x32, 0x5b, 0x6b, 0xe3, 0x63, 0xa3, 0x53, 0x21, 
	0x3a, 0x5b, 0x32, 0x59, 0x2a, 0x1b, 0x84, 0x69, 
	0x8c, 0xa9, 0x6b, 0xe5, 0x84, 0x67, 0x63, 0x1b, 
	0x9c, 0xeb, 0x9d, 0x2f, 0x94, 0xab, 0x7c, 0x27, 
	0x52, 0xdf, 0x2a, 0x19, 0x31, 0x4d, 0x94, 0xe9, 
	0xb5, 0xb1, 0xa5, 0x6f, 0x94, 0xeb, 0x4a, 0xdd, 
	0xbd, 0xf3, 0x94, 0xed, 0x8c, 0x65, 0xbd, 0xf1, 
	
};

Gfx rbtcm_moon_ci8_aligner[] = {gsSPEndDisplayList()};
u8 rbtcm_moon_ci8[] = {
	0x00, 0x00, 0x00, 0x00, 0x00, 0x00, 0x00, 0x00, 
	0x00, 0x00, 0x00, 0x00, 0x00, 0x00, 0x00, 0x00, 
	0x00, 0x00, 0x00, 0x00, 0x00, 0x00, 0x00, 0x00, 
	0x00, 0x00, 0x00, 0x00, 0x00, 0x00, 0x00, 0x00, 
	0x00, 0x00, 0x00, 0x00, 0x00, 0x00, 0x00, 0x00, 
	0x00, 0x00, 0x00, 0x00, 0x00, 0x00, 0x00, 0x00, 
	0x00, 0x00, 0x00, 0x00, 0x00, 0x00, 0x00, 0x00, 
	0x00, 0x00, 0x00, 0x00, 0x00, 0x00, 0x00, 0x00, 
	0x00, 0x00, 0x00, 0x00, 0x00, 0x00, 0x00, 0x00, 
	0x00, 0x00, 0x00, 0x00, 0x00, 0x00, 0x00, 0x00, 
	0x00, 0x00, 0x00, 0x01, 0x02, 0x03, 0x03, 0x03, 
	0x03, 0x03, 0x03, 0x03, 0x03, 0x03, 0x03, 0x03, 
	0x00, 0x00, 0x00, 0x00, 0x00, 0x00, 0x00, 0x00, 
	0x00, 0x00, 0x00, 0x00, 0x00, 0x00, 0x00, 0x00, 
	0x00, 0x00, 0x00, 0x04, 0x05, 0x05, 0x06, 0x06, 
	0x06, 0x06, 0x06, 0x06, 0x06, 0x06, 0x06, 0x06, 
	0x00, 0x00, 0x00, 0x00, 0x00, 0x00, 0x00, 0x00, 
	0x00, 0x00, 0x00, 0x00, 0x00, 0x00, 0x00, 0x00, 
	0x00, 0x00, 0x03, 0x07, 0x08, 0x08, 0x09, 0x09, 
	0x09, 0x09, 0x09, 0x09, 0x09, 0x09, 0x09, 0x09, 
	0x00, 0x00, 0x00, 0x00, 0x00, 0x00, 0x00, 0x00, 
	0x00, 0x00, 0x00, 0x00, 0x00, 0x00, 0x00, 0x00, 
	0x00, 0x00, 0x06, 0x09, 0x0a, 0x0a, 0x0a, 0x0a, 
	0x0a, 0x09, 0x0a, 0x0a, 0x09, 0x09, 0x0a, 0x0a, 
	0x00, 0x00, 0x00, 0x00, 0x00, 0x00, 0x00, 0x00, 
	0x00, 0x00, 0x00, 0x00, 0x00, 0x00, 0x00, 0x00, 
	0x00, 0x04, 0x07, 0x09, 0x0a, 0x0a, 0x0a, 0x0a, 
	0x0a, 0x0a, 0x0a, 0x0a, 0x09, 0x09, 0x0a, 0x09, 
	0x00, 0x00, 0x00, 0x00, 0x00, 0x00, 0x00, 0x00, 
	0x00, 0x00, 0x00, 0x00, 0x00, 0x00, 0x00, 0x00, 
	0x00, 0x0b, 0x09, 0x09, 0x08, 0x0c, 0x0c, 0x0c, 
	0x0c, 0x0c, 0x0c, 0x0c, 0x0d, 0x0d, 0x0c, 0x0c, 
	0x00, 0x00, 0x00, 0x00, 0x00, 0x00, 0x00, 0x00, 
	0x00, 0x00, 0x00, 0x00, 0x00, 0x00, 0x00, 0x00, 
	0x04, 0x07, 0x0e, 0x0e, 0x0f, 0x10, 0x11, 0x11, 
	0x12, 0x12, 0x12, 0x12, 0x12, 0x12, 0x11, 0x13, 
	0x00, 0x00, 0x00, 0x00, 0x00, 0x00, 0x00, 0x00, 
	0x00, 0x00, 0x00, 0x00, 0x00, 0x00, 0x00, 0x00, 
	0x06, 0x09, 0x0e, 0x14, 0x15, 0x16, 0x17, 0x18, 
	0x19, 0x19, 0x19, 0x19, 0x19, 0x19, 0x1a, 0x1b, 
	0x00, 0x00, 0x00, 0x00, 0x00, 0x00, 0x00, 0x00, 
	0x00, 0x00, 0x00, 0x00, 0x00, 0x00, 0x00, 0x04, 
	0x09, 0x09, 0x0e, 0x1c, 0x16, 0x1d, 0x1d, 0x1d, 
	0x1d, 0x1d, 0x1d, 0x1d, 0x1d, 0x1d, 0x1d, 0x1d, 
	0x00, 0x00, 0x00, 0x00, 0x00, 0x00, 0x00, 0x00, 
	0x00, 0x00, 0x00, 0x00, 0x00, 0x00, 0x00, 0x0b, 
	0x09, 0x09, 0x14, 0x1e, 0x1a, 0x1f, 0x1d, 0x1d, 
	0x1d, 0x1d, 0x1d, 0x1d, 0x1d, 0x1d, 0x1f, 0x1f, 
	0x00, 0x00, 0x00, 0x00, 0x00, 0x00, 0x00, 0x00, 
	0x00, 0x00, 0x00, 0x00, 0x00, 0x00, 0x04, 0x09, 
	0x0e, 0x0e, 0x20, 0x17, 0x1b, 0x21, 0x1d, 0x1f, 
	0x1f, 0x1f, 0x1f, 0x1f, 0x1f, 0x1f, 0x1f, 0x1f, 
	0x00, 0x00, 0x00, 0x00, 0x00, 0x00, 0x00, 0x00, 
	0x00, 0x00, 0x00, 0x00, 0x00, 0x00, 0x22, 0x09, 
	0x0e, 0x14, 0x1e, 0x1d, 0x1d, 0x1f, 0x1b, 0x1f, 
	0x1f, 0x1f, 0x1f, 0x1f, 0x1f, 0x23, 0x1f, 0x1f, 
	0x00, 0x00, 0x00, 0x00, 0x00, 0x00, 0x00, 0x00, 
	0x00, 0x00, 0x00, 0x00, 0x00, 0x24, 0x09, 0x09, 
	0x0e, 0x1c, 0x17, 0x1d, 0x1d, 0x1d, 0x1b, 0x1d, 
	0x1f, 0x1f, 0x1f, 0x1f, 0x1f, 0x1d, 0x1f, 0x1f, 
	0x00, 0x00, 0x00, 0x00, 0x00, 0x00, 0x00, 0x00, 
	0x00, 0x00, 0x00, 0x00, 0x00, 0x22, 0x09, 0x09, 
	0x14, 0x1e, 0x1d, 0x1d, 0x1b, 0x1f, 0x1d, 0x1d, 
	0x1f, 0x1f, 0x25, 0x1f, 0x1f, 0x1d, 0x1d, 0x26, 
	0x00, 0x00, 0x00, 0x00, 0x00, 0x00, 0x00, 0x00, 
	0x00, 0x00, 0x00, 0x00, 0x04, 0x09, 0x0e, 0x0e, 
	0x20, 0x17, 0x1f, 0x1d, 0x1d, 0x1f, 0x1d, 0x1d, 
	0x1f, 0x1b, 0x1f, 0x1f, 0x1d, 0x1f, 0x1f, 0x1f, 
	0x00, 0x00, 0x00, 0x00, 0x00, 0x00, 0x00, 0x00, 
	0x00, 0x00, 0x00, 0x00, 0x22, 0x09, 0x0e, 0x14, 
	0x1e, 0x1d, 0x1f, 0x1d, 0x1d, 0x1d, 0x1f, 0x1f, 
	0x1f, 0x1f, 0x1f, 0x1f, 0x1d, 0x1d, 0x1f, 0x1f, 
	0x00, 0x00, 0x00, 0x00, 0x00, 0x00, 0x00, 0x00, 
	0x00, 0x00, 0x00, 0x24, 0x07, 0x09, 0x0e, 0x1c, 
	0x17, 0x1d, 0x1f, 0x1d, 0x1b, 0x27, 0x1f, 0x1f, 
	0x1f, 0x1f, 0x1f, 0x1f, 0x1d, 0x1d, 0x1d, 0x1f, 
	0x00, 0x00, 0x00, 0x00, 0x00, 0x00, 0x00, 0x00, 
	0x00, 0x00, 0x00, 0x22, 0x09, 0x09, 0x14, 0x1e, 
	0x1d, 0x1d, 0x1f, 0x1b, 0x28, 0x1d, 0x1d, 0x1d, 
	0x1f, 0x1f, 0x1f, 0x1f, 0x1d, 0x1d, 0x1d, 0x1d, 
	0x00, 0x00, 0x00, 0x00, 0x00, 0x00, 0x00, 0x00, 
	0x00, 0x00, 0x04, 0x07, 0x0e, 0x0e, 0x20, 0x17, 
	0x1f, 0x1f, 0x1f, 0x1f, 0x1b, 0x1b, 0x1d, 0x1d, 
	0x1d, 0x1f, 0x1f, 0x1f, 0x1f, 0x1d, 0x1d, 0x1d, 
	0x00, 0x00, 0x00, 0x00, 0x00, 0x00, 0x00, 0x00, 
	0x00, 0x00, 0x06, 0x09, 0x0e, 0x14, 0x1e, 0x1d, 
	0x1f, 0x1f, 0x1f, 0x1f, 0x1f, 0x1d, 0x1d, 0x1d, 
	0x1f, 0x1f, 0x1f, 0x1f, 0x1f, 0x1d, 0x29, 0x1f, 
	0x00, 0x00, 0x00, 0x00, 0x00, 0x00, 0x00, 0x00, 
	0x00, 0x24, 0x09, 0x09, 0x0e, 0x1c, 0x17, 0x1d, 
	0x1f, 0x1d, 0x1f, 0x1f, 0x1f, 0x1f, 0x1d, 0x1d, 
	0x1f, 0x1b, 0x1f, 0x1f, 0x1d, 0x1d, 0x1d, 0x1d, 
	0x00, 0x00, 0x00, 0x00, 0x00, 0x00, 0x00, 0x00, 
	0x00, 0x22, 0x09, 0x09, 0x14, 0x1e, 0x1d, 0x1f, 
	0x2a, 0x1f, 0x1f, 0x1f, 0x1d, 0x1d, 0x1d, 0x25, 
	0x1f, 0x1f, 0x1f, 0x1f, 0x1d, 0x1d, 0x1f, 0x1f, 
	0x00, 0x00, 0x00, 0x00, 0x00, 0x00, 0x00, 0x00, 
	0x04, 0x09, 0x0e, 0x0e, 0x2b, 0x26, 0x1f, 0x1f, 
	0x1f, 0x1d, 0x1f, 0x1f, 0x1b, 0x1b, 0x1d, 0x1f, 
	0x1f, 0x1f, 0x1f, 0x1f, 0x1d, 0x1d, 0x1d, 0x1f, 
	0x00, 0x00, 0x00, 0x00, 0x00, 0x00, 0x00, 0x00, 
	0x06, 0x09, 0x0e, 0x14, 0x2c, 0x1d, 0x1f, 0x1f, 
	0x1f, 0x1d, 0x1f, 0x1f, 0x1b, 0x1d, 0x1d, 0x1d, 
	0x1d, 0x1f, 0x1f, 0x1f, 0x1d, 0x1d, 0x1b, 0x1b, 
	0x00, 0x00, 0x00, 0x00, 0x00, 0x00, 0x00, 0x24, 
	0x09, 0x09, 0x0e, 0x20, 0x1b, 0x1d, 0x1d, 0x1f, 
	0x1f, 0x1d, 0x1f, 0x1f, 0x1b, 0x1b, 0x1d, 0x1d, 
	0x1d, 0x1b, 0x1d, 0x1f, 0x1d, 0x1d, 0x1d, 0x1f, 
	0x00, 0x00, 0x00, 0x00, 0x00, 0x00, 0x00, 0x22, 
	0x09, 0x09, 0x14, 0x1e, 0x1f, 0x1f, 0x1f, 0x1f, 
	0x1f, 0x1f, 0x1d, 0x1f, 0x1d, 0x1d, 0x1d, 0x1d, 
	0x1f, 0x1f, 0x1f, 0x1f, 0x1d, 0x1d, 0x1d, 0x1f, 
	0x00, 0x00, 0x00, 0x00, 0x00, 0x00, 0x24, 0x09, 
	0x0e, 0x0e, 0x20, 0x2d, 0x1f, 0x1f, 0x1f, 0x1d, 
	0x1f, 0x1f, 0x29, 0x1d, 0x1b, 0x1d, 0x1d, 0x1d, 
	0x1f, 0x1f, 0x1f, 0x1f, 0x1d, 0x1d, 0x1d, 0x1f, 
	0x00, 0x00, 0x00, 0x00, 0x00, 0x00, 0x22, 0x09, 
	0x0e, 0x14, 0x1e, 0x1f, 0x1f, 0x1f, 0x1d, 0x1d, 
	0x1f, 0x1f, 0x1b, 0x1d, 0x1b, 0x1b, 0x1d, 0x1d, 
	0x1d, 0x1f, 0x1f, 0x1f, 0x1d, 0x1d, 0x1d, 0x1f, 
	0x00, 0x00, 0x00, 0x00, 0x00, 0x24, 0x09, 0x09, 
	0x0e, 0x1c, 0x17, 0x1f, 0x1f, 0x1f, 0x1f, 0x1d, 
	0x1f, 0x1f, 0x1d, 0x1f, 0x1d, 0x1d, 0x23, 0x1d, 
	0x1d, 0x1f, 0x1d, 0x2e, 0x2f, 0x30, 0x31, 0x32, 
	0x00, 0x00, 0x00, 0x00, 0x00, 0x22, 0x09, 0x09, 
	0x14, 0x1e, 0x1d, 0x1d, 0x1b, 0x1f, 0x1f, 0x1d, 
	0x1f, 0x1d, 0x1d, 0x1f, 0x1f, 0x1f, 0x1f, 0x1f, 
	0x1a, 0x33, 0x34, 0x35, 0x35, 0x36, 0x37, 0x37, 
	0x00, 0x00, 0x00, 0x00, 0x24, 0x09, 0x0e, 0x0e, 
	0x20, 0x17, 0x1f, 0x1f, 0x1d, 0x1f, 0x1f, 0x1b, 
	0x1d, 0x1d, 0x1f, 0x1f, 0x1d, 0x1d, 0x1f, 0x38, 
	0x39, 0x37, 0x37, 0x37, 0x3a, 0x3a, 0x37, 0x37, 
	0x00, 0x00, 0x00, 0x00, 0x22, 0x09, 0x0e, 0x14, 
	0x1e, 0x1d, 0x1f, 0x1f, 0x1d, 0x1f, 0x1f, 0x1b, 
	0x1b, 0x1d, 0x1f, 0x1f, 0x1f, 0x1d, 0x3b, 0x35, 
	0x37, 0x37, 0x37, 0x37, 0x3a, 0x3a, 0x36, 0x3c, 
	0x00, 0x00, 0x00, 0x24, 0x09, 0x09, 0x0e, 0x1c, 
	0x17, 0x1d, 0x1f, 0x1f, 0x27, 0x1d, 0x1f, 0x1d, 
	0x1d, 0x1d, 0x1f, 0x1f, 0x1f, 0x38, 0x3d, 0x37, 
	0x37, 0x37, 0x37, 0x3e, 0x3e, 0x3a, 0x35, 0x37, 
	0x00, 0x00, 0x00, 0x22, 0x09, 0x09, 0x14, 0x1e, 
	0x1d, 0x1d, 0x1f, 0x1f, 0x1f, 0x1d, 0x1d, 0x1f, 
	0x1f, 0x1d, 0x1f, 0x1d, 0x1d, 0x3c, 0x37, 0x37, 
	0x37, 0x3a, 0x29, 0x3f, 0x40, 0x3a, 0x41, 0x42, 
	0x00, 0x00, 0x04, 0x09, 0x0e, 0x0e, 0x20, 0x17, 
	0x1f, 0x1f, 0x1f, 0x1f, 0x1f, 0x1d, 0x1f, 0x1f, 
	0x1f, 0x1d, 0x1f, 0x1d, 0x43, 0x37, 0x3a, 0x3a, 
	0x3a, 0x42, 0x40, 0x44, 0x40, 0x37, 0x42, 0x42, 
	0x00, 0x00, 0x06, 0x09, 0x0e, 0x14, 0x1e, 0x1d, 
	0x1f, 0x1f, 0x1f, 0x1d, 0x1f, 0x1f, 0x1f, 0x1d, 
	0x1f, 0x1f, 0x1d, 0x17, 0x3d, 0x37, 0x3a, 0x29, 
	0x3f, 0x44, 0x44, 0x44, 0x45, 0x29, 0x42, 0x42, 
	0x00, 0x03, 0x07, 0x09, 0x0e, 0x1c, 0x17, 0x1d, 
	0x1d, 0x1f, 0x1f, 0x1f, 0x1d, 0x1f, 0x1d, 0x1d, 
	0x2a, 0x1f, 0x1f, 0x32, 0x37, 0x37, 0x3a, 0x45, 
	0x44, 0x44, 0x44, 0x46, 0x42, 0x45, 0x3f, 0x3f, 
	0x00, 0x04, 0x09, 0x09, 0x14, 0x1e, 0x1d, 0x1d, 
	0x1f, 0x1d, 0x1d, 0x1f, 0x1d, 0x1f, 0x1d, 0x1d, 
	0x1f, 0x1f, 0x3b, 0x36, 0x37, 0x3a, 0x45, 0x40, 
	0x44, 0x44, 0x46, 0x46, 0x42, 0x45, 0x3f, 0x3f, 
	0x00, 0x24, 0x0e, 0x0e, 0x47, 0x48, 0x1b, 0x1d, 
	0x1d, 0x2a, 0x1d, 0x1f, 0x21, 0x1f, 0x1f, 0x1d, 
	0x1d, 0x1f, 0x49, 0x37, 0x3a, 0x29, 0x44, 0x44, 
	0x44, 0x46, 0x4a, 0x4a, 0x42, 0x45, 0x3f, 0x3f, 
	0x00, 0x24, 0x0e, 0x0e, 0x47, 0x16, 0x1d, 0x1f, 
	0x1d, 0x1f, 0x1d, 0x1f, 0x1f, 0x1d, 0x1f, 0x1d, 
	0x1d, 0x2d, 0x3d, 0x37, 0x3a, 0x40, 0x45, 0x35, 
	0x35, 0x3f, 0x4a, 0x46, 0x42, 0x45, 0x45, 0x3f, 
	0x00, 0x24, 0x0e, 0x4b, 0x4c, 0x4d, 0x1d, 0x1d, 
	0x1d, 0x1d, 0x1b, 0x1f, 0x1f, 0x1b, 0x1d, 0x1d, 
	0x1d, 0x4e, 0x37, 0x3a, 0x45, 0x45, 0x3d, 0x42, 
	0x42, 0x36, 0x44, 0x4a, 0x40, 0x41, 0x3f, 0x3f, 
	0x00, 0x24, 0x0e, 0x4b, 0x4f, 0x1a, 0x1d, 0x1f, 
	0x1f, 0x1d, 0x1b, 0x1d, 0x1f, 0x1d, 0x1d, 0x1d, 
	0x1d, 0x35, 0x37, 0x3a, 0x40, 0x3a, 0x42, 0x3f, 
	0x45, 0x45, 0x3e, 0x4a, 0x46, 0x3a, 0x3f, 0x3f, 
	0x00, 0x24, 0x09, 0x50, 0x1e, 0x1d, 0x1b, 0x1d, 
	0x1d, 0x1f, 0x1f, 0x1d, 0x1f, 0x1d, 0x1d, 0x1d, 
	0x17, 0x35, 0x3a, 0x42, 0x40, 0x3a, 0x45, 0x45, 
	0x45, 0x45, 0x3a, 0x46, 0x46, 0x29, 0x45, 0x3f, 
	0x00, 0x24, 0x09, 0x50, 0x1e, 0x1d, 0x1b, 0x1b, 
	0x1d, 0x1d, 0x1f, 0x1d, 0x1f, 0x1d, 0x1d, 0x1f, 
	0x51, 0x3d, 0x3a, 0x40, 0x45, 0x41, 0x45, 0x45, 
	0x45, 0x3f, 0x41, 0x40, 0x4a, 0x44, 0x36, 0x45, 
	0x00, 0x24, 0x09, 0x50, 0x1e, 0x1d, 0x1b, 0x1b, 
	0x1d, 0x1d, 0x1d, 0x1d, 0x1f, 0x1f, 0x1d, 0x1d, 
	0x43, 0x37, 0x29, 0x40, 0x41, 0x45, 0x45, 0x45, 
	0x45, 0x3f, 0x45, 0x45, 0x46, 0x4a, 0x3f, 0x35, 
	0x00, 0x24, 0x09, 0x50, 0x1e, 0x1d, 0x1f, 0x28, 
	0x1b, 0x1f, 0x1d, 0x1d, 0x1d, 0x1d, 0x1d, 0x1d, 
	0x3c, 0x37, 0x45, 0x40, 0x41, 0x45, 0x45, 0x45, 
	0x3f, 0x3f, 0x3f, 0x42, 0x4a, 0x4a, 0x4a, 0x4a, 
	0x00, 0x24, 0x09, 0x4b, 0x1e, 0x1d, 0x1f, 0x1b, 
	0x1b, 0x1f, 0x1f, 0x29, 0x1d, 0x1d, 0x1b, 0x3b, 
	0x37, 0x3a, 0x40, 0x44, 0x41, 0x45, 0x45, 0x45, 
	0x45, 0x3f, 0x3f, 0x42, 0x4a, 0x4a, 0x46, 0x4a, 
	0x00, 0x24, 0x09, 0x4b, 0x1e, 0x1d, 0x1f, 0x1d, 
	0x1d, 0x1d, 0x1d, 0x1d, 0x1d, 0x1b, 0x1b, 0x52, 
	0x3a, 0x29, 0x44, 0x44, 0x42, 0x42, 0x45, 0x45, 
	0x3f, 0x3f, 0x45, 0x45, 0x4a, 0x4a, 0x4a, 0x46, 
	0x00, 0x24, 0x09, 0x4b, 0x1e, 0x1d, 0x1f, 0x1f, 
	0x1d, 0x1d, 0x1f, 0x1d, 0x1d, 0x1d, 0x1d, 0x32, 
	0x3a, 0x42, 0x44, 0x46, 0x3f, 0x41, 0x45, 0x3f, 
	0x3f, 0x3f, 0x41, 0x40, 0x4a, 0x4a, 0x4a, 0x46, 
	0x00, 0x24, 0x0a, 0x4b, 0x1e, 0x1d, 0x1f, 0x1f, 
	0x1b, 0x1d, 0x1d, 0x1b, 0x1b, 0x1d, 0x1d, 0x3c, 
	0x3a, 0x45, 0x44, 0x46, 0x46, 0x3a, 0x3f, 0x3f, 
	0x45, 0x3f, 0x3a, 0x46, 0x4a, 0x4a, 0x4a, 0x46, 
	0x00, 0x24, 0x0a, 0x4b, 0x1e, 0x17, 0x1f, 0x1f, 
	0x1f, 0x1f, 0x1d, 0x1b, 0x1f, 0x1d, 0x1b, 0x3d, 
	0x3a, 0x40, 0x44, 0x46, 0x46, 0x29, 0x45, 0x3f, 
	0x3f, 0x45, 0x3e, 0x4a, 0x4a, 0x4a, 0x4a, 0x4a, 
	0x00, 0x24, 0x0a, 0x4b, 0x1e, 0x17, 0x2a, 0x1f, 
	0x1f, 0x1f, 0x1f, 0x1d, 0x1f, 0x23, 0x1a, 0x36, 
	0x29, 0x40, 0x44, 0x46, 0x4a, 0x40, 0x36, 0x42, 
	0x45, 0x36, 0x40, 0x4a, 0x4a, 0x4a, 0x4a, 0x4a, 
	0x00, 0x24, 0x0a, 0x4b, 0x1e, 0x1d, 0x1f, 0x1d, 
	0x1f, 0x1f, 0x1f, 0x1f, 0x1d, 0x1d, 0x38, 0x37, 
	0x41, 0x40, 0x46, 0x46, 0x4a, 0x46, 0x3f, 0x35, 
	0x35, 0x3f, 0x4a, 0x4a, 0x4a, 0x4a, 0x46, 0x4a, 
	0x00, 0x24, 0x09, 0x4b, 0x1e, 0x17, 0x1d, 0x1b, 
	0x1d, 0x1f, 0x1d, 0x1d, 0x1d, 0x1d, 0x53, 0x37, 
	0x42, 0x40, 0x46, 0x46, 0x4a, 0x46, 0x4a, 0x4a, 
	0x4a, 0x4a, 0x4a, 0x4a, 0x4a, 0x4a, 0x46, 0x4a, 
	0x00, 0x24, 0x0a, 0x4b, 0x1e, 0x17, 0x1d, 0x1d, 
	0x1d, 0x26, 0x1d, 0x1d, 0x1d, 0x1b, 0x54, 0x3a, 
	0x3f, 0x40, 0x46, 0x46, 0x46, 0x46, 0x4a, 0x4a, 
	0x4a, 0x4a, 0x4a, 0x4a, 0x46, 0x4a, 0x46, 0x46, 
	0x00, 0x24, 0x0a, 0x4b, 0x1e, 0x1d, 0x1f, 0x1d, 
	0x1d, 0x1d, 0x1d, 0x1d, 0x1d, 0x1d, 0x52, 0x3a, 
	0x3f, 0x42, 0x35, 0x35, 0x3f, 0x46, 0x46, 0x4a, 
	0x4a, 0x4a, 0x4a, 0x4a, 0x4a, 0x4a, 0x3f, 0x35, 
	0x00, 0x24, 0x09, 0x4b, 0x1e, 0x1d, 0x1f, 0x1b, 
	0x1d, 0x1d, 0x1b, 0x1d, 0x1d, 0x1d, 0x54, 0x3a, 
	0x45, 0x36, 0x42, 0x42, 0x36, 0x40, 0x46, 0x46, 
	0x4a, 0x4a, 0x4a, 0x4a, 0x4a, 0x44, 0x36, 0x42, 
	0x00, 0x24, 0x09, 0x4b, 0x1e, 0x1d, 0x1f, 0x1f, 
	0x26, 0x1d, 0x1b, 0x1d, 0x1f, 0x1b, 0x55, 0x3a, 
	0x3a, 0x42, 0x45, 0x45, 0x45, 0x3e, 0x46, 0x46, 
	0x4a, 0x4a, 0x4a, 0x4a, 0x4a, 0x3e, 0x45, 0x45, 
	0x00, 0x24, 0x0e, 0x4b, 0x56, 0x1b, 0x1f, 0x21, 
	0x1f, 0x1d, 0x1d, 0x29, 0x1f, 0x1f, 0x57, 0x37, 
	0x37, 0x45, 0x3f, 0x45, 0x3f, 0x3a, 0x46, 0x46, 
	0x46, 0x4a, 0x4a, 0x4a, 0x4a, 0x3e, 0x45, 0x45, 
	0x00, 0x24, 0x0e, 0x4b, 0x58, 0x1d, 0x1f, 0x1f, 
	0x1f, 0x1f, 0x1f, 0x1d, 0x1d, 0x1f, 0x57, 0x36, 
	0x3e, 0x45, 0x3f, 0x3f, 0x3f, 0x41, 0x3f, 0x46, 
	0x46, 0x4a, 0x4a, 0x4a, 0x40, 0x41, 0x45, 0x45, 
	0x00, 0x24, 0x0e, 0x4b, 0x4f, 0x1d, 0x1f, 0x1f, 
	0x1f, 0x1f, 0x1d, 0x1d, 0x1d, 0x1f, 0x57, 0x3d, 
	0x41, 0x45, 0x3f, 0x3f, 0x3f, 0x45, 0x42, 0x4a, 
	0x4a, 0x4a, 0x4a, 0x4a, 0x42, 0x45, 0x45, 0x45, 
	0x00, 0x24, 0x0e, 0x4b, 0x4f, 0x1b, 0x1d, 0x59, 
	0x26, 0x1b, 0x1d, 0x26, 0x1b, 0x1d, 0x5a, 0x3d, 
	0x42, 0x45, 0x3f, 0x3f, 0x3f, 0x45, 0x41, 0x4a, 
	0x4a, 0x4a, 0x4a, 0x4a, 0x42, 0x45, 0x45, 0x45, 
	
};

Gfx rbtcm_moon_pal_rgba16_aligner[] = {gsSPEndDisplayList()};
u8 rbtcm_moon_pal_rgba16[] = {
	0x00, 0x00, 0xd4, 0xc1, 0xdd, 0x41, 0xdd, 0x81, 
	0xe5, 0xc1, 0xee, 0x81, 0xe6, 0x41, 0xef, 0x01, 
	0xe7, 0x01, 0xf7, 0x41, 0xf7, 0x81, 0xee, 0x41, 
	0xde, 0x83, 0xd6, 0x41, 0xef, 0x41, 0xd6, 0x83, 
	0x8c, 0x49, 0x94, 0x87, 0x9c, 0xc7, 0x84, 0x09, 
	0xde, 0xc3, 0x7b, 0xc9, 0x18, 0x91, 0x10, 0x91, 
	0x10, 0xd1, 0x18, 0xd1, 0x08, 0x53, 0x08, 0x13, 
	0xad, 0x49, 0x00, 0x13, 0x5a, 0xcf, 0x00, 0x15, 
	0xa5, 0x09, 0x5a, 0xdd, 0xee, 0xc1, 0x5a, 0xdb, 
	0xe6, 0x01, 0x63, 0x1f, 0x08, 0x15, 0x84, 0x23, 
	0x10, 0x13, 0xad, 0x6b, 0xad, 0x6d, 0x94, 0x8b, 
	0x42, 0x11, 0x10, 0x93, 0x08, 0x4f, 0x10, 0x89, 
	0x18, 0xc7, 0x39, 0xd1, 0x63, 0x1b, 0x29, 0x4f, 
	0x5a, 0xd7, 0x7b, 0xdf, 0x8c, 0x63, 0x94, 0xa5, 
	0x18, 0xd3, 0x6b, 0x5b, 0x9c, 0xe7, 0x21, 0x13, 
	0x73, 0x9d, 0x84, 0x21, 0xa5, 0x29, 0xce, 0x73, 
	0xd6, 0xb5, 0xb5, 0xad, 0xbd, 0xef, 0x4a, 0x55, 
	0xde, 0xf7, 0xc6, 0x31, 0xe7, 0x39, 0xb5, 0x87, 
	0x20, 0xd1, 0x6b, 0x5d, 0xef, 0x7b, 0xef, 0x03, 
	0x6b, 0x0d, 0x10, 0x53, 0x5a, 0xd9, 0x63, 0x0d, 
	0xe6, 0xc1, 0x21, 0x11, 0x4a, 0x57, 0x29, 0x55, 
	0x42, 0x17, 0x39, 0xd3, 0x73, 0x4d, 0x29, 0x53, 
	0x6b, 0x4d, 0x18, 0x17, 0x31, 0x95, 
};

Gfx rbtcm_sky_rgba16_aligner[] = {gsSPEndDisplayList()};
u8 rbtcm_sky_rgba16[] = {
	0x08, 0x89, 0x08, 0x89, 0x08, 0x89, 0x08, 0x89, 
	0x08, 0x89, 0x00, 0x89, 0x00, 0x89, 0x00, 0x8b, 
	0x08, 0x8b, 0x00, 0x8b, 0x00, 0x8b, 0x08, 0x8b, 
	0x00, 0x49, 0x00, 0x49, 0x08, 0x89, 0x10, 0xcb, 
	0x19, 0x0f, 0x19, 0x11, 0x08, 0x8b, 0x08, 0x89, 
	0x08, 0x8b, 0x00, 0x89, 0x10, 0xcb, 0x10, 0xcb, 
	0x10, 0xcb, 0x00, 0x49, 0x08, 0x8b, 0x10, 0xcb, 
	0x08, 0x49, 0x08, 0x8b, 0x08, 0x89, 0x00, 0x49, 
	0x08, 0x49, 0x00, 0x49, 0x00, 0x49, 0x08, 0x4b, 
	0x21, 0x0f, 0x18, 0xcd, 0x08, 0x89, 0x00, 0x49, 
	0x08, 0x89, 0x08, 0x8b, 0x08, 0x8b, 0x00, 0x4b, 
	0x08, 0x4b, 0x08, 0x8b, 0x18, 0xcd, 0x00, 0x49, 
	0x00, 0x49, 0x08, 0x4b, 0x10, 0xcf, 0x08, 0x8d, 
	0x08, 0x4b, 0x08, 0x8b, 0x08, 0x8b, 0x08, 0x8b, 
	0x00, 0x49, 0x08, 0x8b, 0x08, 0x4b, 0x08, 0x4b, 
	0x08, 0x8d, 0x21, 0x51, 0x00, 0x4b, 0x08, 0x8b, 
	0x08, 0x8b, 0x08, 0x8b, 0x10, 0xcd, 0x00, 0x49, 
	0x08, 0x49, 0x10, 0xcb, 0x00, 0x49, 0x00, 0x49, 
	0x08, 0x49, 0x08, 0xcd, 0x10, 0xcb, 0x10, 0xcd, 
	0x08, 0xcf, 0x08, 0xcf, 0x10, 0xcd, 0x08, 0xcd, 
	0x10, 0xcd, 0x10, 0xcf, 0x11, 0x0f, 0x29, 0x93, 
	0x19, 0x53, 0x21, 0x93, 0x19, 0x53, 0x11, 0x11, 
	0x19, 0x53, 0x11, 0x53, 0x19, 0x13, 0x11, 0x13, 
	0x11, 0x11, 0x21, 0x95, 0x19, 0x11, 0x10, 0x8d, 
	0x21, 0x53, 0x19, 0x0f, 0x08, 0x89, 0x10, 0xcd, 
	0x08, 0x8b, 0x10, 0x8b, 0x10, 0x8d, 0x10, 0xcf, 
	0x10, 0xcd, 0x31, 0x93, 0x08, 0x49, 0x10, 0xcd, 
	0x19, 0x11, 0x19, 0x11, 0x21, 0x55, 0x21, 0x9b, 
	0x21, 0x55, 0x21, 0x53, 0x11, 0x0f, 0x11, 0x0d, 
	0x10, 0xc9, 0x18, 0xcd, 0x10, 0x89, 0x08, 0x47, 
	0x10, 0x89, 0x08, 0x89, 0x39, 0xd5, 0x18, 0xcd, 
	0x10, 0x8b, 0x08, 0x49, 0x08, 0x47, 0x08, 0x47, 
	0x00, 0x89, 0x10, 0xcd, 0x10, 0xcb, 0x08, 0x89, 
	0x08, 0x8b, 0x00, 0x89, 0x00, 0x89, 0x00, 0x89, 
	0x08, 0x8b, 0x08, 0x8b, 0x08, 0x8b, 0x08, 0x49, 
	0x00, 0x49, 0x08, 0x8b, 0x00, 0x89, 0x08, 0x8b, 
	0x08, 0x8b, 0x08, 0x8b, 0x00, 0x49, 0x00, 0x89, 
	0x00, 0x8b, 0x08, 0x8b, 0x08, 0x89, 0x08, 0x49, 
	0x10, 0xcb, 0x08, 0x8b, 0x08, 0x8b, 0x10, 0x8b, 
	0x10, 0x8b, 0x00, 0x49, 0x08, 0x8b, 0x08, 0x89, 
	0x00, 0x49, 0x00, 0x89, 0x08, 0x8b, 0x08, 0x8b, 
	0x10, 0xcd, 0x00, 0x49, 0x08, 0x89, 0x08, 0x89, 
	0x08, 0x89, 0x10, 0xcd, 0x00, 0x8b, 0x08, 0x8b, 
	0x00, 0x49, 0x21, 0x51, 0x00, 0x4b, 0x00, 0x49, 
	0x00, 0x49, 0x00, 0x49, 0x08, 0x8d, 0x08, 0x8b, 
	0x08, 0x8b, 0x21, 0x0f, 0x08, 0x8b, 0x00, 0x49, 
	0x08, 0x8b, 0x00, 0x4b, 0x08, 0x8d, 0x10, 0x8d, 
	0x08, 0x8d, 0x21, 0x0f, 0x08, 0xcd, 0x08, 0x8b, 
	0x08, 0x8b, 0x08, 0x8b, 0x10, 0xcd, 0x08, 0x4b, 
	0x08, 0x49, 0x08, 0x49, 0x08, 0x8b, 0x00, 0x8b, 
	0x00, 0x49, 0x08, 0x8b, 0x00, 0x8b, 0x00, 0x8b, 
	0x08, 0xcf, 0x08, 0x8d, 0x08, 0xcd, 0x08, 0x8b, 
	0x08, 0xcf, 0x10, 0xcf, 0x19, 0x11, 0x08, 0xcf, 
	0x11, 0x11, 0x21, 0x53, 0x21, 0x53, 0x21, 0x95, 
	0x19, 0x55, 0x09, 0x13, 0x21, 0x55, 0x11, 0x11, 
	0x11, 0x11, 0x21, 0x53, 0x10, 0xcf, 0x18, 0xcf, 
	0x10, 0x8d, 0x08, 0x8b, 0x08, 0x89, 0x10, 0xcd, 
	0x08, 0x8b, 0x10, 0xcb, 0x10, 0x8b, 0x10, 0xcf, 
	0x10, 0x8d, 0x42, 0x57, 0x10, 0x8d, 0x29, 0x53, 
	0x18, 0xd1, 0x19, 0x11, 0x31, 0xd9, 0x29, 0xdb, 
	0x21, 0x53, 0x10, 0xcd, 0x3a, 0x17, 0x10, 0xcd, 
	0x08, 0x8b, 0x10, 0x8b, 0x10, 0x8b, 0x08, 0x89, 
	0x10, 0x89, 0x08, 0x49, 0x08, 0x8b, 0x31, 0x93, 
	0x29, 0x51, 0x10, 0x8b, 0x08, 0x47, 0x08, 0x47, 
	0x00, 0x8b, 0x10, 0xcb, 0x08, 0x8b, 0x08, 0x8b, 
	0x29, 0x91, 0x19, 0x0d, 0x08, 0x8b, 0x00, 0x8b, 
	0x08, 0x8b, 0x08, 0x8b, 0x00, 0x8b, 0x21, 0x0f, 
	0x00, 0x49, 0x00, 0x89, 0x08, 0x8b, 0x10, 0xcd, 
	0x08, 0x8b, 0x08, 0x8b, 0x08, 0x8b, 0x00, 0x8b, 
	0x00, 0x49, 0x10, 0xcd, 0x08, 0x89, 0x00, 0x49, 
	0x08, 0x8b, 0x08, 0x8b, 0x08, 0x8b, 0x29, 0x51, 
	0x08, 0x8b, 0x08, 0x8b, 0x21, 0x4f, 0x08, 0x8b, 
	0x00, 0x49, 0x00, 0x49, 0x08, 0x8b, 0x19, 0x0f, 
	0x08, 0x8b, 0x08, 0x49, 0x00, 0x49, 0x08, 0x89, 
	0x08, 0x8b, 0x08, 0x8b, 0x08, 0x8b, 0x19, 0x0f, 
	0x08, 0x4b, 0x08, 0x8b, 0x08, 0x8b, 0x10, 0xcd, 
	0x00, 0x8b, 0x00, 0x49, 0x10, 0xcf, 0x08, 0x8b, 
	0x08, 0x8b, 0x3a, 0x17, 0x08, 0x8d, 0x00, 0x49, 
	0x08, 0x89, 0x08, 0x8b, 0x29, 0x93, 0x08, 0x8d, 
	0x08, 0x8b, 0x08, 0x8b, 0x08, 0x8d, 0x21, 0x4f, 
	0x08, 0x8b, 0x08, 0x8b, 0x08, 0x8b, 0x08, 0x8b, 
	0x10, 0xcd, 0x08, 0x49, 0x10, 0xcd, 0x08, 0x8b, 
	0x08, 0x8b, 0x10, 0x8d, 0x19, 0x0f, 0x08, 0xcf, 
	0x11, 0x11, 0x08, 0x8d, 0x10, 0xcd, 0x08, 0x8d, 
	0x10, 0xcf, 0x21, 0x51, 0x08, 0xcd, 0x11, 0x11, 
	0x11, 0x11, 0x19, 0x53, 0x10, 0xd1, 0x19, 0x13, 
	0x11, 0x13, 0x11, 0x13, 0x08, 0xd1, 0x10, 0xd1, 
	0x21, 0x53, 0x21, 0x95, 0x11, 0x11, 0x10, 0xcd, 
	0x18, 0xcf, 0x10, 0xcd, 0x18, 0xcd, 0x10, 0xcd, 
	0x08, 0x8b, 0x21, 0x0f, 0x10, 0xcd, 0x08, 0x8b, 
	0x10, 0xcb, 0x10, 0xcd, 0x21, 0x53, 0x3a, 0x19, 
	0x18, 0xd1, 0x19, 0x13, 0x21, 0x55, 0x29, 0xd9, 
	0x19, 0x0f, 0x10, 0xcd, 0x29, 0x93, 0x19, 0x11, 
	0x10, 0xcd, 0x08, 0x8b, 0x10, 0x8b, 0x31, 0x91, 
	0x10, 0x89, 0x10, 0x89, 0x10, 0x8b, 0x08, 0x49, 
	0x08, 0x89, 0x10, 0x8b, 0x08, 0x49, 0x08, 0x47, 
	0x00, 0x8b, 0x00, 0x8b, 0x00, 0x8b, 0x19, 0x0f, 
	0x08, 0xcb, 0x21, 0x0f, 0x10, 0x8b, 0x00, 0x8b, 
	0x08, 0x8b, 0x08, 0x8b, 0x10, 0xcd, 0x08, 0x8b, 
	0x08, 0x49, 0x08, 0x89, 0x08, 0x89, 0x08, 0x8b, 
	0x08, 0x8b, 0x00, 0x49, 0x10, 0xcd, 0x08, 0xcd, 
	0x00, 0x49, 0x00, 0x49, 0x00, 0x49, 0x00, 0x89, 
	0x08, 0x8b, 0x08, 0x8b, 0x08, 0x8b, 0x08, 0x8b, 
	0x08, 0x8b, 0x08, 0x8b, 0x10, 0x8b, 0x08, 0x8b, 
	0x08, 0x49, 0x00, 0x4b, 0x08, 0xcd, 0x08, 0x8b, 
	0x08, 0x8b, 0x10, 0xcd, 0x00, 0x49, 0x08, 0x89, 
	0x08, 0x8b, 0x00, 0x8b, 0x19, 0x0f, 0x08, 0x8d, 
	0x10, 0xcf, 0x08, 0x8d, 0x08, 0x8d, 0x10, 0xcd, 
	0x19, 0x51, 0x00, 0x8b, 0x08, 0x8d, 0x08, 0x8b, 
	0x08, 0x8b, 0x08, 0x8d, 0x08, 0x8d, 0x08, 0x8b, 
	0x08, 0x8b, 0x08, 0x8d, 0x10, 0xcf, 0x08, 0xcf, 
	0x08, 0x8d, 0x08, 0x8b, 0x08, 0x8b, 0x08, 0x8b, 
	0x08, 0x8d, 0x10, 0x8d, 0x10, 0xcd, 0x10, 0xcd, 
	0x00, 0x4b, 0x00, 0x4b, 0x21, 0x51, 0x08, 0x8d, 
	0x08, 0xcd, 0x10, 0xcf, 0x52, 0xdf, 0x21, 0x53, 
	0x19, 0x11, 0x00, 0x8d, 0x10, 0xcf, 0x08, 0xcf, 
	0x29, 0x93, 0x19, 0x11, 0x11, 0x11, 0x19, 0x13, 
	0x08, 0xcf, 0x21, 0x53, 0x11, 0x11, 0x09, 0x11, 
	0x11, 0x13, 0x11, 0x55, 0x09, 0x13, 0x19, 0x13, 
	0x21, 0x55, 0x31, 0xd9, 0x19, 0x13, 0x08, 0xcd, 
	0x10, 0xcd, 0x10, 0xcd, 0x10, 0xcb, 0x21, 0x0f, 
	0x19, 0x0f, 0x08, 0x8b, 0x10, 0x8d, 0x10, 0x8b, 
	0x18, 0xcf, 0x19, 0x11, 0x21, 0x55, 0x21, 0x55, 
	0x31, 0x99, 0x21, 0x55, 0x21, 0x55, 0x29, 0xd7, 
	0x19, 0x11, 0x19, 0x51, 0x19, 0x53, 0x19, 0x11, 
	0x10, 0xcd, 0x10, 0x8b, 0x10, 0x8b, 0x10, 0x8b, 
	0x18, 0xcd, 0x10, 0x89, 0x18, 0xcb, 0x10, 0x8b, 
	0x08, 0x49, 0x18, 0xcb, 0x10, 0x8b, 0x10, 0x89, 
	0x00, 0x8b, 0x11, 0x0f, 0x08, 0x8b, 0x08, 0xcd, 
	0x08, 0xcb, 0x08, 0x8b, 0x08, 0x8b, 0x08, 0x8b, 
	0x00, 0x89, 0x08, 0x8b, 0x11, 0x0d, 0x08, 0x89, 
	0x08, 0x49, 0x08, 0x89, 0x08, 0x8b, 0x00, 0x49, 
	0x08, 0x8b, 0x08, 0x89, 0x00, 0x8b, 0x00, 0x8b, 
	0x08, 0x8b, 0x00, 0x49, 0x00, 0x49, 0x08, 0x8b, 
	0x00, 0x8b, 0x19, 0x0d, 0x00, 0x89, 0x08, 0x8b, 
	0x10, 0xcd, 0x08, 0x8b, 0x10, 0xcd, 0x08, 0x8b, 
	0x00, 0x4b, 0x19, 0x0f, 0x19, 0x0f, 0x19, 0x0d, 
	0x00, 0x8b, 0x08, 0x49, 0x08, 0x49, 0x08, 0x89, 
	0x08, 0x8b, 0x00, 0x4b, 0x08, 0x8d, 0x08, 0x8d, 
	0x08, 0x8d, 0x08, 0x8d, 0x08, 0xcd, 0x08, 0x8b, 
	0x10, 0xcd, 0x00, 0x8b, 0x08, 0x8d, 0x08, 0x8b, 
	0x08, 0x4b, 0x08, 0x8b, 0x08, 0x8d, 0x08, 0x8d, 
	0x08, 0x8d, 0x08, 0x8d, 0x10, 0xd1, 0x21, 0x53, 
	0x08, 0x8b, 0x08, 0x8d, 0x00, 0x8b, 0x08, 0x8b, 
	0x08, 0x8b, 0x19, 0x0f, 0x10, 0xcf, 0x08, 0x8d, 
	0x08, 0x8d, 0x08, 0x8b, 0x11, 0x0f, 0x11, 0x0f, 
	0x10, 0xcd, 0x19, 0x0f, 0x21, 0x13, 0x21, 0x53, 
	0x10, 0xcf, 0x08, 0xcd, 0x10, 0xcf, 0x21, 0x53, 
	0x10, 0xcf, 0x10, 0xcf, 0x10, 0xcf, 0x11, 0x11, 
	0x08, 0xd1, 0x11, 0x11, 0x11, 0x11, 0x11, 0x13, 
	0x11, 0x13, 0x11, 0x13, 0x11, 0x13, 0x10, 0xd1, 
	0x19, 0x13, 0x19, 0x13, 0x19, 0x13, 0x08, 0xcd, 
	0x19, 0x0f, 0x10, 0xcd, 0x08, 0x89, 0x10, 0x8d, 
	0x08, 0x8b, 0x08, 0x89, 0x10, 0x8d, 0x10, 0x8d, 
	0x19, 0x11, 0x29, 0x55, 0x39, 0xdb, 0x31, 0x99, 
	0x29, 0x99, 0x29, 0x55, 0x19, 0x11, 0x19, 0x53, 
	0x19, 0x53, 0x21, 0x95, 0x3a, 0x9d, 0x11, 0x11, 
	0x10, 0xcd, 0x21, 0x0f, 0x10, 0x8b, 0x10, 0xcd, 
	0x21, 0x0f, 0x08, 0x89, 0x10, 0x89, 0x10, 0x89, 
	0x10, 0x89, 0x29, 0x4f, 0x18, 0xcd, 0x10, 0x89, 
	0x08, 0xcd, 0x10, 0xd1, 0x08, 0x8d, 0x08, 0xcb, 
	0x08, 0xcd, 0x00, 0x8b, 0x00, 0x8b, 0x00, 0x8b, 
	0x00, 0x89, 0x00, 0x8b, 0x10, 0xcd, 0x00, 0x89, 
	0x00, 0x89, 0x00, 0x89, 0x08, 0x89, 0x00, 0x49, 
	0x08, 0x8b, 0x08, 0x49, 0x00, 0x89, 0x00, 0x8b, 
	0x10, 0xcb, 0x08, 0x49, 0x00, 0x49, 0x00, 0x49, 
	0x08, 0x8b, 0x08, 0x8b, 0x00, 0x89, 0x00, 0x49, 
	0x08, 0x8b, 0x00, 0x49, 0x08, 0x8b, 0x08, 0x8b, 
	0x00, 0x8b, 0x08, 0x8b, 0x10, 0xcd, 0x08, 0x8d, 
	0x00, 0x4b, 0x00, 0x4b, 0x00, 0x4b, 0x00, 0x4b, 
	0x08, 0x89, 0x08, 0x8d, 0x00, 0x8b, 0x08, 0x8d, 
	0x08, 0x8d, 0x08, 0x8b, 0x00, 0x4b, 0x08, 0x8b, 
	0x08, 0x8b, 0x08, 0xcd, 0x11, 0x55, 0x08, 0x8b, 
	0x08, 0x8b, 0x00, 0x8d, 0x10, 0xcf, 0x10, 0xd1, 
	0x10, 0xcf, 0x00, 0x8b, 0x08, 0x8d, 0x08, 0x4d, 
	0x00, 0x4b, 0x08, 0x8d, 0x08, 0x8d, 0x08, 0x8b, 
	0x00, 0x8b, 0x08, 0x8b, 0x08, 0xcd, 0x08, 0x8d, 
	0x00, 0x4b, 0x08, 0xcf, 0x08, 0x8b, 0x08, 0x8b, 
	0x08, 0x8d, 0x11, 0x11, 0x08, 0xd1, 0x08, 0x8f, 
	0x08, 0x8b, 0x10, 0xcd, 0x08, 0xcf, 0x00, 0xcf, 
	0x10, 0xd1, 0x19, 0x11, 0x11, 0x11, 0x19, 0x53, 
	0x11, 0x13, 0x11, 0x13, 0x11, 0x13, 0x11, 0x13, 
	0x11, 0x13, 0x11, 0x13, 0x11, 0x11, 0x11, 0x13, 
	0x21, 0x97, 0x29, 0x55, 0x21, 0x11, 0x21, 0x51, 
	0x19, 0x11, 0x29, 0x93, 0x08, 0x89, 0x10, 0xcd, 
	0x08, 0x8d, 0x21, 0x51, 0x10, 0xcd, 0x21, 0x13, 
	0x18, 0xd1, 0x18, 0xcf, 0x31, 0xd7, 0x3a, 0x1d, 
	0x31, 0x9b, 0x21, 0x55, 0x08, 0x8d, 0x29, 0x95, 
	0x11, 0x11, 0x19, 0x53, 0x19, 0x53, 0x11, 0x0f, 
	0x21, 0x0f, 0x08, 0x8b, 0x10, 0x8b, 0x10, 0x8b, 
	0x31, 0x93, 0x21, 0x0d, 0x10, 0xcb, 0x21, 0x0d, 
	0x10, 0x89, 0x29, 0x4f, 0x29, 0x51, 0x18, 0xcd, 
	0x08, 0x8b, 0x52, 0xdf, 0x08, 0x8d, 0x08, 0x8b, 
	0x08, 0xcd, 0x00, 0x8b, 0x08, 0xcd, 0x08, 0x8b, 
	0x08, 0x89, 0x00, 0x8b, 0x08, 0x8b, 0x00, 0x89, 
	0x00, 0x89, 0x00, 0x89, 0x00, 0x89, 0x08, 0x8b, 
	0x08, 0x8b, 0x00, 0x89, 0x08, 0x8b, 0x08, 0x8b, 
	0x00, 0x4b, 0x08, 0x8b, 0x08, 0x89, 0x00, 0x49, 
	0x08, 0x8b, 0x00, 0x89, 0x00, 0x89, 0x00, 0x8b, 
	0x00, 0x8b, 0x00, 0x8b, 0x08, 0x8b, 0x08, 0x8b, 
	0x00, 0x8b, 0x08, 0x8d, 0x08, 0x8b, 0x08, 0x8d, 
	0x00, 0x8b, 0x00, 0x4b, 0x00, 0x4b, 0x08, 0x8b, 
	0x10, 0xcd, 0x10, 0xcf, 0x00, 0x8b, 0x08, 0x8d, 
	0x08, 0x8d, 0x08, 0x8b, 0x00, 0x8b, 0x08, 0x8b, 
	0x08, 0x8d, 0x11, 0x0f, 0x11, 0x0f, 0x08, 0x8d, 
	0x08, 0x8d, 0x10, 0xcf, 0x08, 0x8d, 0x00, 0x8d, 
	0x00, 0x8d, 0x08, 0x8d, 0x10, 0xcf, 0x08, 0x4d, 
	0x00, 0x4b, 0x00, 0x8b, 0x08, 0x8b, 0x08, 0x8b, 
	0x08, 0x8d, 0x08, 0x8b, 0x10, 0xcd, 0x10, 0xcf, 
	0x08, 0x8d, 0x11, 0x0f, 0x08, 0x8d, 0x08, 0xcd, 
	0x08, 0xcd, 0x08, 0xcd, 0x29, 0x95, 0x19, 0x13, 
	0x08, 0x8f, 0x11, 0x11, 0x19, 0x53, 0x19, 0x13, 
	0x08, 0xcf, 0x11, 0x11, 0x19, 0x13, 0x19, 0x55, 
	0x21, 0x97, 0x21, 0x55, 0x21, 0x97, 0x11, 0x13, 
	0x19, 0x55, 0x19, 0x53, 0x11, 0x13, 0x19, 0x55, 
	0x19, 0x15, 0x19, 0x13, 0x21, 0x51, 0x10, 0xcf, 
	0x29, 0x95, 0x10, 0xcf, 0x21, 0x51, 0x10, 0xcd, 
	0x31, 0x93, 0x21, 0x0f, 0x18, 0xcd, 0x10, 0xcf, 
	0x18, 0xcf, 0x21, 0x0f, 0x29, 0x95, 0x29, 0x97, 
	0x29, 0x59, 0x19, 0x13, 0x21, 0x53, 0x21, 0x93, 
	0x19, 0x53, 0x11, 0x53, 0x19, 0x11, 0x21, 0x51, 
	0x19, 0x0f, 0x08, 0x8b, 0x10, 0xcd, 0x10, 0x8b, 
	0x08, 0x8b, 0x29, 0x4f, 0x19, 0x0d, 0x19, 0x0d, 
	0x10, 0x8b, 0x10, 0x8b, 0x10, 0xcb, 0x10, 0xcb, 
	0x08, 0x8b, 0x10, 0xcf, 0x08, 0xcd, 0x00, 0x8b, 
	0x10, 0xcd, 0x08, 0x8b, 0x08, 0xcb, 0x10, 0xcd, 
	0x11, 0x0d, 0x08, 0x8b, 0x00, 0x8b, 0x08, 0x8b, 
	0x08, 0x8b, 0x00, 0x8b, 0x00, 0x8b, 0x08, 0x8b, 
	0x21, 0x51, 0x00, 0x8b, 0x08, 0xcb, 0x00, 0x49, 
	0x08, 0x8b, 0x08, 0x8b, 0x00, 0x89, 0x00, 0x8b, 
	0x08, 0x8b, 0x00, 0x89, 0x00, 0x89, 0x00, 0x8b, 
	0x31, 0xd5, 0x08, 0x8b, 0x10, 0xcd, 0x08, 0x8b, 
	0x08, 0x8b, 0x00, 0x8b, 0x08, 0x8d, 0x19, 0x0f, 
	0x08, 0x8d, 0x08, 0x8b, 0x08, 0x8b, 0x10, 0x8d, 
	0x10, 0xcd, 0x08, 0xcd, 0x10, 0xcd, 0x08, 0x8d, 
	0x08, 0x8d, 0x08, 0x8b, 0x00, 0x4b, 0x08, 0x8b, 
	0x00, 0x8b, 0x08, 0x8b, 0x08, 0x8d, 0x08, 0x8d, 
	0x00, 0x8d, 0x08, 0x8d, 0x08, 0x8d, 0x00, 0x8d, 
	0x00, 0x8d, 0x00, 0x8d, 0x08, 0x8d, 0x00, 0x4d, 
	0x08, 0x8d, 0x08, 0x8d, 0x10, 0xcd, 0x00, 0x8b, 
	0x08, 0x8d, 0x08, 0x8d, 0x08, 0xcf, 0x11, 0x0f, 
	0x08, 0xcf, 0x10, 0xcf, 0x00, 0x8b, 0x08, 0x8d, 
	0x08, 0x8d, 0x10, 0xcd, 0x21, 0x11, 0x19, 0x55, 
	0x21, 0x95, 0x21, 0x53, 0x00, 0xd1, 0x09, 0x11, 
	0x08, 0x8d, 0x21, 0x53, 0x11, 0x13, 0x11, 0x13, 
	0x11, 0x13, 0x19, 0x13, 0x19, 0x55, 0x11, 0x13, 
	0x11, 0x13, 0x19, 0x55, 0x19, 0x55, 0x11, 0x13, 
	0x19, 0x15, 0x21, 0x55, 0x10, 0xd1, 0x19, 0x11, 
	0x21, 0x53, 0x21, 0x11, 0x39, 0xd7, 0x29, 0x53, 
	0x21, 0x0f, 0x18, 0xcd, 0x29, 0x53, 0x21, 0x0f, 
	0x29, 0x93, 0x10, 0xcd, 0x19, 0x11, 0x10, 0x8f, 
	0x4a, 0x5d, 0x19, 0x13, 0x19, 0x13, 0x19, 0x13, 
	0x21, 0x97, 0x11, 0x13, 0x19, 0x11, 0x19, 0x11, 
	0x21, 0x0f, 0x10, 0x8d, 0x10, 0xcb, 0x10, 0xcb, 
	0x08, 0x89, 0x10, 0xcb, 0x08, 0x89, 0x21, 0x4f, 
	0x10, 0xcb, 0x10, 0x8b, 0x10, 0xcb, 0x18, 0xcd, 
	0x00, 0x8b, 0x00, 0x8d, 0x08, 0x8d, 0x00, 0x8b, 
	0x00, 0x8b, 0x08, 0x8b, 0x08, 0x8b, 0x10, 0xcd, 
	0x11, 0x0f, 0x08, 0x8b, 0x08, 0x8b, 0x08, 0x8b, 
	0x08, 0x89, 0x08, 0xcb, 0x08, 0xcd, 0x19, 0x51, 
	0x08, 0x8b, 0x08, 0xcd, 0x08, 0xcd, 0x00, 0x8b, 
	0x08, 0x8b, 0x08, 0x8b, 0x00, 0x8b, 0x08, 0xcb, 
	0x00, 0x8b, 0x08, 0x89, 0x00, 0x49, 0x00, 0x8b, 
	0x10, 0xcd, 0x29, 0x91, 0x08, 0x8b, 0x08, 0x8b, 
	0x00, 0x8b, 0x00, 0x8b, 0x10, 0xcd, 0x08, 0x8d, 
	0x08, 0xcf, 0x29, 0x93, 0x19, 0x0f, 0x00, 0x8b, 
	0x00, 0x8b, 0x08, 0x8b, 0x08, 0xcf, 0x08, 0x8d, 
	0x08, 0x8d, 0x08, 0x8b, 0x08, 0x8d, 0x10, 0xcf, 
	0x19, 0x11, 0x08, 0x8d, 0x10, 0xcd, 0x08, 0x8d, 
	0x00, 0x8d, 0x08, 0x8d, 0x11, 0x0f, 0x10, 0xcf, 
	0x08, 0xcf, 0x08, 0x8d, 0x00, 0x8b, 0x08, 0x8d, 
	0x10, 0xcf, 0x08, 0x8d, 0x00, 0x8b, 0x08, 0x8d, 
	0x08, 0x8d, 0x00, 0x8d, 0x08, 0x8d, 0x08, 0xcf, 
	0x10, 0xcf, 0x08, 0x8d, 0x08, 0x8d, 0x10, 0xcf, 
	0x08, 0x8d, 0x10, 0xcf, 0x08, 0x8f, 0x11, 0x11, 
	0x11, 0x11, 0x11, 0x11, 0x11, 0x11, 0x08, 0xcf, 
	0x08, 0x8d, 0x11, 0x11, 0x21, 0x95, 0x11, 0x13, 
	0x19, 0x13, 0x19, 0x55, 0x11, 0x13, 0x29, 0xd9, 
	0x11, 0x13, 0x19, 0x95, 0x11, 0x11, 0x19, 0x53, 
	0x11, 0x13, 0x19, 0x13, 0x19, 0x13, 0x29, 0x95, 
	0x21, 0x53, 0x10, 0xcf, 0x39, 0xd5, 0x21, 0x11, 
	0x08, 0x8b, 0x19, 0x0f, 0x19, 0x11, 0x08, 0x8b, 
	0x08, 0x8b, 0x08, 0x8b, 0x39, 0xd9, 0x10, 0x8d, 
	0x19, 0x11, 0x10, 0xcf, 0x19, 0x11, 0x19, 0x53, 
	0x29, 0xd9, 0x19, 0x53, 0x11, 0x11, 0x31, 0x93, 
	0x19, 0x0f, 0x21, 0x0f, 0x18, 0xcd, 0x10, 0xcd, 
	0x08, 0x8b, 0x08, 0x8b, 0x08, 0x8b, 0x18, 0xcf, 
	0x19, 0x0f, 0x10, 0xcd, 0x19, 0x0d, 0x19, 0x0d, 
	0x08, 0x8b, 0x00, 0x8b, 0x08, 0xcd, 0x08, 0x8b, 
	0x08, 0x8b, 0x00, 0x89, 0x08, 0x8b, 0x08, 0x8d, 
	0x11, 0x0f, 0x00, 0x8b, 0x08, 0x8b, 0x08, 0x8b, 
	0x08, 0xcb, 0x08, 0xcb, 0x08, 0xcd, 0x08, 0xcd, 
	0x08, 0xcd, 0x08, 0x8d, 0x19, 0x0f, 0x09, 0x0d, 
	0x21, 0x93, 0x08, 0x8d, 0x08, 0xcb, 0x21, 0x91, 
	0x08, 0xcb, 0x08, 0x89, 0x08, 0x89, 0x00, 0x49, 
	0x08, 0x8b, 0x19, 0x0d, 0x00, 0x8b, 0x08, 0x8b, 
	0x00, 0x8b, 0x10, 0xcd, 0x10, 0xcf, 0x19, 0x11, 
	0x08, 0x8d, 0x10, 0xcf, 0x10, 0xcf, 0x10, 0xcd, 
	0x00, 0x8b, 0x00, 0x4b, 0x10, 0xcf, 0x10, 0xcf, 
	0x00, 0x4b, 0x08, 0x8d, 0x00, 0x8b, 0x21, 0x51, 
	0x08, 0x8d, 0x10, 0xcf, 0x08, 0xcd, 0x08, 0x8d, 
	0x08, 0x8b, 0x08, 0xcd, 0x10, 0xcf, 0x00, 0x8d, 
	0x00, 0x8d, 0x00, 0x8b, 0x08, 0x8b, 0x21, 0x93, 
	0x10, 0xcd, 0x08, 0x8d, 0x08, 0x8d, 0x08, 0x8d, 
	0x08, 0x8d, 0x00, 0x4d, 0x08, 0x8d, 0x08, 0xcf, 
	0x19, 0x11, 0x08, 0x8d, 0x08, 0xcf, 0x10, 0xcf, 
	0x19, 0x11, 0x08, 0x8d, 0x08, 0x8f, 0x08, 0xcf, 
	0x19, 0x53, 0x10, 0xd1, 0x11, 0x11, 0x21, 0x53, 
	0x08, 0xcf, 0x10, 0xd1, 0x19, 0x53, 0x19, 0x13, 
	0x10, 0xd3, 0x21, 0x55, 0x11, 0x13, 0x09, 0x13, 
	0x21, 0x97, 0x19, 0x55, 0x11, 0x11, 0x11, 0x11, 
	0x11, 0x13, 0x10, 0xd1, 0x21, 0x55, 0x19, 0x11, 
	0x21, 0x53, 0x18, 0xcf, 0x10, 0x8d, 0x21, 0x0f, 
	0x08, 0x8b, 0x29, 0x93, 0x10, 0xcf, 0x18, 0xcf, 
	0x10, 0xcd, 0x19, 0x11, 0x10, 0xcf, 0x10, 0x8b, 
	0x10, 0xcd, 0x10, 0xcf, 0x31, 0xd9, 0x29, 0xd7, 
	0x21, 0x95, 0x11, 0x13, 0x11, 0x11, 0x29, 0x93, 
	0x19, 0x0f, 0x08, 0x8b, 0x10, 0xcd, 0x10, 0x8b, 
	0x10, 0xcb, 0x10, 0x8b, 0x18, 0xcd, 0x10, 0xcd, 
	0x19, 0x0f, 0x08, 0x8b, 0x10, 0xcd, 0x10, 0x8d, 
	0x08, 0xcd, 0x08, 0xcd, 0x08, 0x8b, 0x08, 0x8b, 
	0x00, 0x8b, 0x00, 0x8b, 0x08, 0x8b, 0x31, 0xd5, 
	0x00, 0x8d, 0x08, 0x8b, 0x10, 0xcb, 0x08, 0x8b, 
	0x08, 0x8b, 0x08, 0x8d, 0x08, 0x8b, 0x08, 0x8b, 
	0x08, 0x8b, 0x08, 0x8b, 0x08, 0x8b, 0x10, 0xcd, 
	0x10, 0xcd, 0x21, 0x95, 0x08, 0xcf, 0x08, 0xcb, 
	0x08, 0x8b, 0x00, 0x4b, 0x00, 0x8b, 0x00, 0x8b, 
	0x00, 0x8b, 0x00, 0x8b, 0x08, 0x8b, 0x08, 0x8b, 
	0x00, 0x8b, 0x21, 0x51, 0x08, 0x8d, 0x08, 0x8d, 
	0x08, 0xcd, 0x08, 0x8d, 0x10, 0xcd, 0x08, 0x8b, 
	0x00, 0x8d, 0x08, 0xcd, 0x08, 0x8d, 0x10, 0xcf, 
	0x00, 0x8d, 0x00, 0x8d, 0x11, 0x0f, 0x21, 0x93, 
	0x10, 0xcf, 0x08, 0x8d, 0x19, 0x11, 0x08, 0x8d, 
	0x00, 0x4b, 0x08, 0xcd, 0x10, 0xcd, 0x08, 0x8d, 
	0x08, 0xcd, 0x00, 0x8d, 0x08, 0x8d, 0x08, 0xcd, 
	0x08, 0xcf, 0x08, 0x8d, 0x11, 0x0f, 0x08, 0xcf, 
	0x08, 0x8d, 0x10, 0xcf, 0x10, 0xcf, 0x08, 0xcf, 
	0x31, 0xd7, 0x10, 0xcf, 0x08, 0xcf, 0x08, 0xd1, 
	0x19, 0x11, 0x08, 0x8d, 0x08, 0xcf, 0x08, 0xcf, 
	0x08, 0xd1, 0x11, 0x11, 0x10, 0xd1, 0x11, 0x11, 
	0x11, 0x11, 0x11, 0x13, 0x10, 0xd1, 0x11, 0x13, 
	0x19, 0x13, 0x10, 0xd1, 0x21, 0x55, 0x11, 0x13, 
	0x11, 0x15, 0x11, 0x55, 0x11, 0x13, 0x19, 0x13, 
	0x19, 0x11, 0x29, 0x97, 0x29, 0x97, 0x19, 0x13, 
	0x10, 0xcf, 0x29, 0x53, 0x21, 0x11, 0x10, 0x8b, 
	0x10, 0xcd, 0x19, 0x0f, 0x18, 0xcf, 0x10, 0x8b, 
	0x10, 0xcf, 0x39, 0xd9, 0x10, 0x8d, 0x08, 0x8b, 
	0x10, 0x8d, 0x31, 0xd7, 0x19, 0x13, 0x21, 0x57, 
	0x21, 0x53, 0x19, 0x53, 0x11, 0x0f, 0x10, 0xcd, 
	0x10, 0xcd, 0x08, 0x4b, 0x19, 0x0f, 0x19, 0x0f, 
	0x10, 0xcd, 0x10, 0x8b, 0x3a, 0x17, 0x08, 0xcd, 
	0x08, 0x8b, 0x08, 0x8b, 0x10, 0xcd, 0x10, 0xcd, 
	0x08, 0x8b, 0x08, 0xcd, 0x08, 0x8d, 0x08, 0x8b, 
	0x00, 0x8b, 0x08, 0x8b, 0x08, 0x8b, 0x29, 0x93, 
	0x00, 0x8b, 0x08, 0x8b, 0x08, 0x8b, 0x08, 0x8b, 
	0x08, 0xcd, 0x10, 0xcd, 0x08, 0x4b, 0x08, 0x8b, 
	0x00, 0x8b, 0x11, 0x0d, 0x10, 0xcd, 0x08, 0x8d, 
	0x08, 0x8b, 0x10, 0xcf, 0x00, 0x8b, 0x08, 0x8b, 
	0x08, 0x8b, 0x08, 0x8b, 0x08, 0x8d, 0x00, 0x8b, 
	0x00, 0x8b, 0x08, 0x8b, 0x08, 0xcd, 0x19, 0x0f, 
	0x08, 0x8d, 0x10, 0xcd, 0x11, 0x0f, 0x08, 0xcf, 
	0x11, 0x0f, 0x10, 0xcf, 0x10, 0xcd, 0x08, 0x8b, 
	0x08, 0x8d, 0x11, 0x0f, 0x00, 0x8d, 0x08, 0xcd, 
	0x08, 0x8d, 0x00, 0x8d, 0x08, 0xcf, 0x08, 0xcf, 
	0x00, 0x8d, 0x08, 0x8d, 0x08, 0xcd, 0x00, 0x8b, 
	0x00, 0x8b, 0x19, 0x11, 0x08, 0x8d, 0x00, 0x8d, 
	0x08, 0x8d, 0x00, 0x4d, 0x10, 0xcf, 0x08, 0xcd, 
	0x08, 0xcf, 0x11, 0x11, 0x08, 0x8d, 0x19, 0x11, 
	0x10, 0xcf, 0x10, 0xcf, 0x08, 0xcf, 0x08, 0xcf, 
	0x10, 0xcf, 0x11, 0x11, 0x08, 0xcf, 0x10, 0xcf, 
	0x21, 0x53, 0x08, 0xcf, 0x08, 0xcf, 0x11, 0x11, 
	0x08, 0xd1, 0x10, 0xd1, 0x08, 0xcf, 0x29, 0xd7, 
	0x11, 0x13, 0x11, 0x13, 0x10, 0xd3, 0x19, 0x13, 
	0x21, 0x53, 0x21, 0x95, 0x19, 0x15, 0x11, 0x15, 
	0x19, 0x97, 0x11, 0x15, 0x11, 0x13, 0x19, 0x13, 
	0x19, 0x13, 0x19, 0x15, 0x21, 0x55, 0x19, 0x11, 
	0x18, 0xd1, 0x10, 0x8d, 0x10, 0x8d, 0x10, 0x8d, 
	0x10, 0x8d, 0x29, 0x93, 0x18, 0xd1, 0x21, 0x11, 
	0x18, 0xcf, 0x18, 0xd1, 0x10, 0x8d, 0x21, 0x11, 
	0x10, 0x8d, 0x29, 0x93, 0x19, 0x13, 0x29, 0xd7, 
	0x10, 0xcf, 0x21, 0x53, 0x21, 0x51, 0x21, 0x0f, 
	0x08, 0x8b, 0x10, 0x8b, 0x18, 0xcd, 0x18, 0xcf, 
	0x10, 0x8b, 0x08, 0x8b, 0x10, 0xcd, 0x08, 0x8d, 
	0x10, 0xcd, 0x10, 0xcd, 0x10, 0xcd, 0x21, 0x0f, 
	0x08, 0xcd, 0x08, 0x8d, 0x11, 0x0f, 0x08, 0xcd, 
	0x00, 0x8b, 0x08, 0x8b, 0x08, 0x8b, 0x08, 0x8d, 
	0x11, 0x0f, 0x08, 0xcd, 0x00, 0x8b, 0x08, 0x8b, 
	0x08, 0x8d, 0x08, 0x8d, 0x08, 0x4b, 0x08, 0x8d, 
	0x08, 0xcd, 0x11, 0x0d, 0x08, 0x8b, 0x08, 0x8b, 
	0x08, 0x8b, 0x08, 0x8b, 0x00, 0x4b, 0x00, 0x4b, 
	0x00, 0x8b, 0x00, 0x8d, 0x00, 0x8d, 0x00, 0x8b, 
	0x00, 0x8b, 0x00, 0x8b, 0x11, 0x0f, 0x08, 0x8d, 
	0x08, 0x8d, 0x10, 0xcd, 0x08, 0x8d, 0x42, 0x5b, 
	0x00, 0x8f, 0x08, 0xcd, 0x08, 0xcd, 0x08, 0x8b, 
	0x08, 0x8d, 0x08, 0x8d, 0x00, 0x8d, 0x00, 0x8d, 
	0x10, 0xcf, 0x08, 0x8d, 0x08, 0xcf, 0x08, 0xd1, 
	0x08, 0xcf, 0x10, 0xcf, 0x00, 0x8d, 0x00, 0x8d, 
	0x08, 0x8d, 0x08, 0xcd, 0x00, 0x8d, 0x00, 0x8d, 
	0x00, 0x8d, 0x00, 0x8d, 0x08, 0x8f, 0x08, 0x8d, 
	0x08, 0x8f, 0x10, 0xcf, 0x10, 0xcf, 0x10, 0xcf, 
	0x10, 0xcf, 0x08, 0xcf, 0x11, 0x11, 0x19, 0x11, 
	0x08, 0xcf, 0x11, 0x11, 0x19, 0x53, 0x11, 0x11, 
	0x08, 0xcf, 0x08, 0xcf, 0x11, 0x13, 0x08, 0xd1, 
	0x11, 0x13, 0x19, 0x13, 0x21, 0x55, 0x19, 0x55, 
	0x11, 0x13, 0x19, 0x55, 0x19, 0x13, 0x19, 0x55, 
	0x19, 0x11, 0x11, 0x11, 0x19, 0x55, 0x11, 0x15, 
	0x19, 0x57, 0x2a, 0x1b, 0x19, 0x55, 0x21, 0x55, 
	0x19, 0x53, 0x21, 0x97, 0x29, 0x95, 0x29, 0x53, 
	0x19, 0x11, 0x10, 0x8d, 0x10, 0x8d, 0x10, 0x8b, 
	0x21, 0x13, 0x10, 0xd1, 0x18, 0xd1, 0x21, 0x13, 
	0x18, 0xcf, 0x19, 0x0f, 0x10, 0x8b, 0x19, 0x0f, 
	0x10, 0x8f, 0x10, 0xcf, 0x11, 0x13, 0x21, 0x53, 
	0x08, 0xcf, 0x18, 0xd1, 0x21, 0x13, 0x10, 0xcf, 
	0x18, 0xcd, 0x10, 0xcd, 0x10, 0xcd, 0x10, 0x8b, 
	0x08, 0x89, 0x10, 0xcb, 0x10, 0xcd, 0x10, 0xcd, 
	0x19, 0x0f, 0x10, 0xcd, 0x19, 0x0f, 0x10, 0xcd, 
	0x19, 0x53, 0x08, 0xcd, 0x08, 0x8d, 0x08, 0xcd, 
	0x00, 0x8b, 0x08, 0x8d, 0x08, 0xcd, 0x08, 0x8d, 
	0x11, 0x0f, 0x08, 0x8b, 0x08, 0x8b, 0x08, 0xcd, 
	0x10, 0xcd, 0x00, 0x8d, 0x00, 0x8b, 0x00, 0x8b, 
	0x00, 0x8b, 0x08, 0x8b, 0x08, 0x8b, 0x08, 0x8d, 
	0x08, 0x8b, 0x19, 0x0f, 0x08, 0x8d, 0x10, 0xcf, 
	0x08, 0xcd, 0x08, 0xcf, 0x31, 0xd7, 0x08, 0x8d, 
	0x00, 0x8b, 0x08, 0x8d, 0x08, 0xcd, 0x10, 0xcf, 
	0x10, 0xcf, 0x10, 0xcf, 0x08, 0x8d, 0x19, 0x0f, 
	0x08, 0xcf, 0x08, 0xcd, 0x08, 0x8d, 0x19, 0x0f, 
	0x00, 0x8b, 0x10, 0xcd, 0x00, 0x8d, 0x00, 0x8b, 
	0x00, 0x8b, 0x08, 0x8f, 0x08, 0x8f, 0x11, 0x13, 
	0x00, 0x8f, 0x08, 0xcf, 0x00, 0xcd, 0x00, 0x8d, 
	0x08, 0x8f, 0x00, 0x8d, 0x00, 0xcf, 0x08, 0xcf, 
	0x11, 0x11, 0x11, 0x11, 0x08, 0xcf, 0x08, 0x8d, 
	0x08, 0x8f, 0x10, 0xd1, 0x19, 0x53, 0x10, 0xcf, 
	0x00, 0x8d, 0x08, 0xcf, 0x10, 0xcf, 0x11, 0x11, 
	0x10, 0xd1, 0x08, 0xcf, 0x08, 0xcf, 0x08, 0x8f, 
	0x08, 0xcf, 0x08, 0xd1, 0x08, 0xd1, 0x21, 0x97, 
	0x11, 0x13, 0x21, 0x55, 0x11, 0x13, 0x11, 0x15, 
	0x11, 0x13, 0x09, 0x13, 0x21, 0x55, 0x29, 0x99, 
	0x11, 0x13, 0x11, 0x13, 0x11, 0x15, 0x29, 0xdb, 
	0x19, 0x99, 0x11, 0x57, 0x19, 0x55, 0x29, 0x97, 
	0x21, 0x55, 0x19, 0x13, 0x21, 0x53, 0x10, 0xcf, 
	0x19, 0x11, 0x19, 0x11, 0x21, 0x51, 0x10, 0xcd, 
	0x21, 0x53, 0x29, 0x97, 0x18, 0xd1, 0x10, 0xcf, 
	0x19, 0x11, 0x10, 0x8d, 0x10, 0xcd, 0x10, 0x8d, 
	0x21, 0x57, 0x10, 0xd5, 0x19, 0x55, 0x11, 0x0f, 
	0x10, 0xcf, 0x19, 0x11, 0x21, 0x11, 0x10, 0xcf, 
	0x18, 0xcf, 0x18, 0xcf, 0x08, 0x8b, 0x08, 0x8b, 
	0x18, 0xcb, 0x21, 0x4f, 0x10, 0xcf, 0x19, 0x0f, 
	0x10, 0xcf, 0x08, 0x8d, 0x29, 0x93, 0x10, 0xcf, 
	0x00, 0xcd, 0x08, 0xcf, 0x08, 0x8d, 0x11, 0x0f, 
	0x00, 0x8d, 0x29, 0x93, 0x08, 0xcd, 0x00, 0x8d, 
	0x08, 0xcd, 0x08, 0x8b, 0x00, 0x8b, 0x08, 0xcd, 
	0x08, 0x8d, 0x08, 0x8d, 0x08, 0x8b, 0x08, 0x8d, 
	0x08, 0x8b, 0x08, 0x8b, 0x10, 0xcd, 0x00, 0x8b, 
	0x08, 0x8d, 0x08, 0x8b, 0x08, 0x8d, 0x08, 0x8d, 
	0x10, 0xcd, 0x08, 0x8f, 0x31, 0xd7, 0x08, 0x8d, 
	0x00, 0x8b, 0x10, 0xcd, 0x19, 0x11, 0x08, 0xcf, 
	0x08, 0x8d, 0x00, 0x8d, 0x00, 0x4b, 0x00, 0x8b, 
	0x08, 0xcd, 0x10, 0xcd, 0x00, 0x8b, 0x08, 0x8b, 
	0x10, 0xcf, 0x08, 0xcd, 0x08, 0xcd, 0x00, 0x8b, 
	0x08, 0x8d, 0x08, 0x8f, 0x19, 0x13, 0x08, 0xd1, 
	0x11, 0x11, 0x08, 0xcf, 0x00, 0xcd, 0x00, 0x8d, 
	0x08, 0xcf, 0x08, 0xcf, 0x08, 0xcf, 0x08, 0xcf, 
	0x08, 0xcf, 0x08, 0xcf, 0x08, 0x8f, 0x10, 0xd1, 
	0x08, 0xcf, 0x11, 0x11, 0x10, 0xcf, 0x08, 0xcf, 
	0x08, 0x8f, 0x00, 0x8d, 0x00, 0x8d, 0x08, 0x8d, 
	0x08, 0x8f, 0x00, 0x8d, 0x00, 0x8d, 0x00, 0x8f, 
	0x08, 0xd1, 0x19, 0x53, 0x11, 0x13, 0x11, 0x13, 
	0x19, 0x55, 0x11, 0x15, 0x19, 0x57, 0x21, 0x99, 
	0x32, 0x1b, 0x21, 0x97, 0x29, 0xd9, 0x19, 0x57, 
	0x29, 0xd9, 0x31, 0xdb, 0x21, 0x99, 0x19, 0x97, 
	0x19, 0x57, 0x19, 0x97, 0x19, 0x55, 0x11, 0x13, 
	0x19, 0x53, 0x29, 0x95, 0x21, 0x13, 0x21, 0x11, 
	0x19, 0x11, 0x11, 0x11, 0x08, 0x8d, 0x08, 0x8d, 
	0x10, 0xcf, 0x10, 0xd1, 0x10, 0xcf, 0x10, 0x8d, 
	0x10, 0x8d, 0x10, 0x8d, 0x10, 0x8b, 0x10, 0xd1, 
	0x5b, 0x25, 0x42, 0x61, 0x19, 0x55, 0x08, 0x8d, 
	0x10, 0xcf, 0x19, 0x11, 0x21, 0x53, 0x29, 0x95, 
	0x29, 0x93, 0x19, 0x0f, 0x10, 0xcd, 0x18, 0xcd, 
	0x18, 0xcd, 0x21, 0x0f, 0x10, 0xcf, 0x10, 0xcd, 
	0x10, 0xcf, 0x11, 0x0f, 0x10, 0xcd, 0x29, 0xd5, 
	0x00, 0xcd, 0x00, 0xcd, 0x00, 0x8d, 0x00, 0x8b, 
	0x00, 0x8b, 0x10, 0xcd, 0x08, 0x8d, 0x00, 0x8d, 
	0x00, 0x8d, 0x08, 0xcd, 0x08, 0x89, 0x11, 0x0d, 
	0x08, 0xcd, 0x08, 0x8d, 0x08, 0x8b, 0x08, 0x8b, 
	0x00, 0x8b, 0x08, 0xcd, 0x08, 0xcd, 0x00, 0x8b, 
	0x00, 0x8d, 0x00, 0x8b, 0x00, 0x8b, 0x00, 0x8d, 
	0x08, 0x8d, 0x10, 0xcf, 0x08, 0x8d, 0x08, 0xcd, 
	0x08, 0x8d, 0x00, 0x8d, 0x10, 0xcf, 0x11, 0x11, 
	0x08, 0x8d, 0x08, 0x8d, 0x08, 0x8d, 0x19, 0x13, 
	0x42, 0x9d, 0x08, 0xcf, 0x08, 0xcf, 0x00, 0x8d, 
	0x08, 0x8d, 0x08, 0xcf, 0x11, 0x11, 0x00, 0x8b, 
	0x19, 0x53, 0x11, 0x13, 0x21, 0x95, 0x08, 0xcf, 
	0x10, 0xcf, 0x10, 0xcf, 0x00, 0x8d, 0x00, 0x8d, 
	0x19, 0x13, 0x08, 0xd1, 0x00, 0x8f, 0x08, 0xcf, 
	0x08, 0xcf, 0x08, 0x8d, 0x21, 0x97, 0x08, 0xd3, 
	0x00, 0x8f, 0x08, 0xd1, 0x08, 0xd1, 0x00, 0x8f, 
	0x11, 0x11, 0x08, 0xcf, 0x08, 0x8d, 0x08, 0xcf, 
	0x08, 0x8f, 0x00, 0x8d, 0x08, 0xcf, 0x08, 0xd1, 
	0x09, 0x13, 0x08, 0xd3, 0x08, 0xd3, 0x11, 0x55, 
	0x11, 0x15, 0x08, 0xd3, 0x19, 0x15, 0x11, 0x15, 
	0x09, 0x15, 0x21, 0xd9, 0x21, 0x99, 0x19, 0x57, 
	0x29, 0xdb, 0x21, 0x99, 0x19, 0x97, 0x2a, 0x1d, 
	0x21, 0xdb, 0x19, 0x97, 0x19, 0x57, 0x11, 0x13, 
	0x11, 0x13, 0x11, 0x13, 0x21, 0x53, 0x10, 0xcf, 
	0x19, 0x11, 0x19, 0x0f, 0x10, 0xcf, 0x10, 0xcf, 
	0x10, 0xcf, 0x21, 0x53, 0x18, 0xcf, 0x18, 0xcf, 
	0x10, 0xcd, 0x10, 0xcd, 0x10, 0xcd, 0x19, 0x11, 
	0x42, 0x5d, 0x3a, 0x5d, 0x11, 0x13, 0x10, 0x8d, 
	0x21, 0x11, 0x10, 0xcf, 0x10, 0xcf, 0x19, 0x11, 
	0x10, 0xcd, 0x10, 0xcd, 0x19, 0x0f, 0x21, 0x11, 
	0x29, 0x93, 0x21, 0x0f, 0x10, 0x8d, 0x10, 0xcd, 
	0x10, 0xcf, 0x08, 0xcd, 0x10, 0xcf, 0x19, 0x53, 
	0x00, 0xcd, 0x00, 0xcd, 0x08, 0x8d, 0x08, 0xcd, 
	0x08, 0xcd, 0x00, 0x8d, 0x11, 0x0f, 0x08, 0xcd, 
	0x08, 0xcd, 0x08, 0xcd, 0x08, 0x8b, 0x10, 0xcd, 
	0x19, 0x0f, 0x08, 0xcd, 0x11, 0x0f, 0x08, 0x8b, 
	0x08, 0x8b, 0x00, 0x8b, 0x08, 0xcd, 0x10, 0xcd, 
	0x00, 0x8b, 0x00, 0x8b, 0x00, 0x8b, 0x00, 0x8d, 
	0x08, 0x8d, 0x00, 0x8d, 0x08, 0x8d, 0x08, 0x8d, 
	0x00, 0x8d, 0x00, 0x8d, 0x08, 0x8d, 0x00, 0x8f, 
	0x00, 0x8d, 0x08, 0x8d, 0x00, 0x8d, 0x08, 0xcf, 
	0x21, 0x53, 0x00, 0x8d, 0x00, 0x8d, 0x08, 0xcf, 
	0x08, 0x8d, 0x10, 0xcf, 0x08, 0xcf, 0x00, 0x8b, 
	0x08, 0xd1, 0x00, 0xd1, 0x21, 0x55, 0x08, 0x8f, 
	0x00, 0x8f, 0x08, 0xcf, 0x11, 0x11, 0x08, 0x8d, 
	0x10, 0xd1, 0x00, 0x8f, 0x08, 0xd1, 0x08, 0xd1, 
	0x08, 0xcf, 0x11, 0x11, 0x08, 0xd1, 0x10, 0xd1, 
	0x08, 0x8f, 0x08, 0x8f, 0x08, 0x8f, 0x00, 0x8f, 
	0x08, 0xcf, 0x08, 0x8f, 0x08, 0x8f, 0x21, 0x53, 
	0x08, 0xcf, 0x08, 0xd1, 0x21, 0x93, 0x09, 0x13, 
	0x19, 0x99, 0x08, 0xd1, 0x11, 0x13, 0x09, 0x13, 
	0x11, 0x15, 0x19, 0x57, 0x2a, 0x1d, 0x19, 0x57, 
	0x21, 0x99, 0x21, 0xdb, 0x21, 0x9b, 0x19, 0x57, 
	0x29, 0xdb, 0x19, 0x57, 0x32, 0x1d, 0x21, 0xdd, 
	0x21, 0xdb, 0x21, 0xd9, 0x19, 0x97, 0x11, 0x11, 
	0x11, 0x13, 0x19, 0x53, 0x10, 0xd1, 0x19, 0x11, 
	0x10, 0xcf, 0x21, 0x53, 0x19, 0x11, 0x10, 0xcf, 
	0x21, 0x11, 0x10, 0xd1, 0x21, 0x53, 0x18, 0xcf, 
	0x21, 0x51, 0x10, 0x8b, 0x08, 0x8b, 0x19, 0x11, 
	0x19, 0x13, 0x10, 0xd3, 0x11, 0x11, 0x10, 0xcf, 
	0x10, 0xcf, 0x10, 0xcf, 0x18, 0xd1, 0x10, 0xd1, 
	0x18, 0xd1, 0x10, 0xcf, 0x18, 0xd1, 0x18, 0xcf, 
	0x21, 0x11, 0x18, 0xcd, 0x10, 0xcd, 0x10, 0xcf, 
	0x10, 0xcd, 0x08, 0x8d, 0x18, 0xcd, 0x10, 0x8d, 
	0x08, 0xcd, 0x08, 0xcd, 0x08, 0xcd, 0x00, 0x8d, 
	0x08, 0x8d, 0x08, 0x8d, 0x21, 0x53, 0x08, 0xcd, 
	0x08, 0x8b, 0x00, 0x8b, 0x08, 0x8d, 0x08, 0xcd, 
	0x10, 0xcd, 0x08, 0xcd, 0x08, 0xcd, 0x08, 0xcd, 
	0x21, 0x51, 0x08, 0x8d, 0x00, 0x8b, 0x08, 0xcd, 
	0x08, 0x8d, 0x19, 0x11, 0x08, 0x8d, 0x08, 0x8d, 
	0x08, 0x8d, 0x08, 0x8d, 0x08, 0x8d, 0x08, 0x8d, 
	0x00, 0x8d, 0x00, 0x8d, 0x00, 0x8d, 0x11, 0x11, 
	0x08, 0x8d, 0x00, 0x8d, 0x08, 0xcd, 0x11, 0x0f, 
	0x00, 0x8d, 0x08, 0x8d, 0x00, 0x8d, 0x08, 0x8d, 
	0x10, 0xcf, 0x00, 0xcf, 0x19, 0x0f, 0x00, 0x8d, 
	0x00, 0x8f, 0x00, 0x8f, 0x00, 0x8f, 0x08, 0x8f, 
	0x00, 0xcf, 0x00, 0xd1, 0x08, 0xcf, 0x11, 0x11, 
	0x00, 0xcf, 0x10, 0xd1, 0x08, 0xd1, 0x08, 0xcf, 
	0x00, 0x8f, 0x10, 0xcf, 0x11, 0x11, 0x21, 0x53, 
	0x19, 0x53, 0x29, 0x95, 0x11, 0x11, 0x19, 0x53, 
	0x08, 0xcf, 0x08, 0x8f, 0x08, 0x8f, 0x08, 0x8f, 
	0x08, 0xcf, 0x11, 0x11, 0x19, 0x53, 0x42, 0xdf, 
	0x19, 0x99, 0x19, 0x57, 0x29, 0x99, 0x19, 0x57, 
	0x11, 0x15, 0x11, 0x15, 0x11, 0x15, 0x11, 0x15, 
	0x19, 0x97, 0x19, 0x57, 0x19, 0x59, 0x19, 0x99, 
	0x21, 0x99, 0x21, 0x99, 0x21, 0x9b, 0x21, 0xdd, 
	0x42, 0xe3, 0x19, 0x57, 0x19, 0x13, 0x11, 0x11, 
	0x21, 0x55, 0x11, 0x13, 0x19, 0x13, 0x29, 0x93, 
	0x10, 0xcd, 0x21, 0x51, 0x19, 0x11, 0x19, 0x11, 
	0x31, 0xd5, 0x10, 0xd1, 0x10, 0xcf, 0x10, 0xcf, 
	0x29, 0x91, 0x10, 0xcb, 0x21, 0x51, 0x19, 0x11, 
	0x19, 0x11, 0x11, 0x11, 0x11, 0x11, 0x18, 0xd1, 
	0x29, 0x95, 0x21, 0x55, 0x19, 0x11, 0x10, 0xcf, 
	0x29, 0x95, 0x10, 0xcf, 0x21, 0x53, 0x42, 0x59, 
	0x29, 0x93, 0x10, 0x8d, 0x21, 0x53, 0x10, 0xcf, 
	0x19, 0x0f, 0x10, 0xcd, 0x10, 0xcd, 0x10, 0x8d, 
	0x08, 0xcd, 0x08, 0xcd, 0x08, 0xcd, 0x10, 0xcf, 
	0x11, 0x0f, 0x00, 0x8b, 0x00, 0x8b, 0x08, 0x8b, 
	0x00, 0x8b, 0x00, 0x8b, 0x11, 0x0f, 0x08, 0xcf, 
	0x08, 0xcd, 0x08, 0x8b, 0x11, 0x0f, 0x00, 0x8b, 
	0x08, 0xcb, 0x08, 0x8b, 0x08, 0xcd, 0x10, 0xcd, 
	0x08, 0xcd, 0x08, 0x8d, 0x08, 0x8d, 0x08, 0x8d, 
	0x10, 0xcf, 0x08, 0x8d, 0x08, 0x8d, 0x08, 0xcf, 
	0x08, 0x8d, 0x11, 0x0f, 0x29, 0x93, 0x19, 0x53, 
	0x00, 0x8d, 0x00, 0x8b, 0x11, 0x0f, 0x11, 0x11, 
	0x00, 0x8d, 0x08, 0x8d, 0x00, 0x8d, 0x00, 0x8d, 
	0x09, 0x0f, 0x11, 0x11, 0x00, 0x8d, 0x08, 0x8d, 
	0x11, 0x11, 0x21, 0x53, 0x08, 0x8f, 0x21, 0x95, 
	0x08, 0xd1, 0x00, 0xd1, 0x08, 0xd1, 0x00, 0x8d, 
	0x09, 0x11, 0x11, 0x11, 0x31, 0xd7, 0x11, 0x13, 
	0x00, 0x8f, 0x11, 0x11, 0x08, 0x8f, 0x29, 0x95, 
	0x21, 0x53, 0x19, 0x13, 0x11, 0x13, 0x08, 0xd1, 
	0x08, 0xd1, 0x08, 0xd1, 0x08, 0xd1, 0x08, 0xd1, 
	0x08, 0xcf, 0x08, 0xd1, 0x09, 0x13, 0x11, 0x13, 
	0x19, 0x57, 0x19, 0x57, 0x19, 0x57, 0x19, 0x57, 
	0x21, 0xd9, 0x21, 0xdb, 0x19, 0x57, 0x11, 0x57, 
	0x09, 0x55, 0x11, 0x57, 0x21, 0xdb, 0x21, 0x9b, 
	0x42, 0xa1, 0x21, 0x99, 0x21, 0xdb, 0x19, 0xdb, 
	0x19, 0x9b, 0x19, 0x97, 0x21, 0x97, 0x19, 0x13, 
	0x19, 0x13, 0x21, 0x55, 0x11, 0x11, 0x21, 0x53, 
	0x10, 0xcf, 0x18, 0xcf, 0x11, 0x11, 0x21, 0x11, 
	0x10, 0xcf, 0x29, 0x97, 0x19, 0x11, 0x21, 0x11, 
	0x10, 0xcd, 0x10, 0x8b, 0x08, 0x8d, 0x10, 0xcf, 
	0x21, 0x53, 0x21, 0x53, 0x10, 0xcf, 0x21, 0x11, 
	0x3a, 0x19, 0x29, 0x95, 0x10, 0xcf, 0x10, 0xcf, 
	0x19, 0x11, 0x21, 0x53, 0x4a, 0x9d, 0x21, 0x53, 
	0x10, 0xcd, 0x10, 0xcd, 0x18, 0xcf, 0x10, 0xcd, 
	0x21, 0x51, 0x08, 0xcd, 0x10, 0xcf, 0x08, 0x8d, 
	0x08, 0xcd, 0x00, 0x8d, 0x00, 0x8d, 0x08, 0xcd, 
	0x10, 0xcd, 0x00, 0x8b, 0x00, 0x8b, 0x00, 0x8b, 
	0x00, 0x8b, 0x00, 0x8b, 0x08, 0xcf, 0x00, 0x8d, 
	0x00, 0x8d, 0x08, 0x8d, 0x10, 0xcd, 0x08, 0x8b, 
	0x08, 0xcb, 0x08, 0xcd, 0x08, 0xcd, 0x08, 0x8b, 
	0x00, 0x8d, 0x00, 0x8d, 0x21, 0x53, 0x08, 0x8d, 
	0x08, 0x8d, 0x08, 0xcd, 0x10, 0xcf, 0x11, 0x0f, 
	0x08, 0xcf, 0x08, 0x8f, 0x08, 0x8d, 0x10, 0xd1, 
	0x08, 0x8d, 0x00, 0x8b, 0x08, 0xcf, 0x08, 0xcf, 
	0x08, 0x8d, 0x00, 0x8d, 0x00, 0x8d, 0x08, 0xcf, 
	0x11, 0x0f, 0x08, 0xd1, 0x11, 0x11, 0x00, 0x8d, 
	0x08, 0xcf, 0x11, 0x11, 0x08, 0xcf, 0x09, 0x13, 
	0x11, 0x13, 0x11, 0x13, 0x09, 0x13, 0x08, 0xd1, 
	0x09, 0x11, 0x08, 0xcf, 0x08, 0x8f, 0x08, 0xcf, 
	0x08, 0xcf, 0x08, 0xcf, 0x08, 0xcf, 0x08, 0xcf, 
	0x19, 0x13, 0x08, 0xd1, 0x00, 0xcf, 0x00, 0x8f, 
	0x08, 0xcf, 0x08, 0xcf, 0x08, 0xd1, 0x09, 0x13, 
	0x11, 0x13, 0x3a, 0x5b, 0x08, 0xd1, 0x29, 0xd9, 
	0x19, 0x57, 0x11, 0x57, 0x11, 0x15, 0x19, 0x57, 
	0x19, 0x99, 0x21, 0x99, 0x21, 0xd9, 0x19, 0x97, 
	0x19, 0x57, 0x21, 0xdb, 0x21, 0x9b, 0x63, 0xa9, 
	0x21, 0x9b, 0x19, 0x57, 0x2a, 0x1d, 0x19, 0x99, 
	0x19, 0x99, 0x21, 0xd9, 0x19, 0x55, 0x11, 0x11, 
	0x21, 0x55, 0x19, 0x13, 0x29, 0x95, 0x10, 0xcf, 
	0x19, 0x0f, 0x31, 0xd5, 0x10, 0xcf, 0x19, 0x11, 
	0x10, 0xcf, 0x29, 0x95, 0x21, 0x53, 0x21, 0x11, 
	0x10, 0x8d, 0x08, 0x8b, 0x18, 0xcf, 0x18, 0xd1, 
	0x31, 0xd9, 0x21, 0x55, 0x19, 0x11, 0x10, 0xcf, 
	0x21, 0x53, 0x19, 0x11, 0x10, 0xcf, 0x10, 0xcf, 
	0x21, 0x53, 0x21, 0x53, 0x39, 0xd7, 0x31, 0xd5, 
	0x10, 0x8d, 0x10, 0x8b, 0x10, 0xcf, 0x10, 0xcf, 
	0x19, 0x0f, 0x19, 0x11, 0x10, 0xcd, 0x19, 0x0f, 
	0x08, 0xcd, 0x08, 0xcd, 0x08, 0xcd, 0x11, 0x11, 
	0x19, 0x51, 0x00, 0x8b, 0x08, 0x8b, 0x08, 0xcd, 
	0x08, 0xcd, 0x08, 0xcd, 0x08, 0x8d, 0x08, 0x8d, 
	0x08, 0xcf, 0x08, 0xcd, 0x11, 0x0f, 0x08, 0x8b, 
	0x00, 0x8b, 0x00, 0x8d, 0x08, 0xcd, 0x08, 0xcf, 
	0x09, 0x11, 0x00, 0xcf, 0x08, 0x8d, 0x08, 0x8b, 
	0x00, 0x8d, 0x08, 0xcf, 0x00, 0x8d, 0x29, 0x93, 
	0x00, 0x8d, 0x08, 0x8f, 0x08, 0x8f, 0x19, 0x11, 
	0x11, 0x11, 0x08, 0x8d, 0x11, 0x11, 0x08, 0xcf, 
	0x08, 0xcf, 0x00, 0xcf, 0x08, 0xcf, 0x11, 0x13, 
	0x08, 0xcf, 0x11, 0x11, 0x08, 0xd1, 0x08, 0xcf, 
	0x00, 0x8d, 0x10, 0xd1, 0x08, 0xd1, 0x08, 0xd1, 
	0x08, 0xd1, 0x19, 0x55, 0x11, 0x55, 0x11, 0x13, 
	0x09, 0x11, 0x08, 0x8d, 0x00, 0xd1, 0x09, 0x11, 
	0x10, 0xcf, 0x08, 0xcf, 0x19, 0x53, 0x11, 0x11, 
	0x08, 0xd1, 0x08, 0xcf, 0x08, 0xd1, 0x08, 0xcf, 
	0x10, 0xd1, 0x21, 0x55, 0x00, 0x8f, 0x00, 0xd1, 
	0x11, 0x53, 0x19, 0x55, 0x19, 0x55, 0x09, 0x13, 
	0x19, 0x55, 0x11, 0x57, 0x11, 0x57, 0x11, 0x55, 
	0x21, 0x97, 0x19, 0x55, 0x19, 0x57, 0x29, 0xd9, 
	0x21, 0x97, 0x21, 0xd9, 0x19, 0x99, 0x29, 0xdd, 
	0x11, 0x15, 0x21, 0x97, 0x3a, 0x1d, 0x32, 0x1b, 
	0x21, 0x99, 0x29, 0xd9, 0x29, 0x97, 0x19, 0x13, 
	0x21, 0x53, 0x21, 0x53, 0x19, 0x11, 0x19, 0x11, 
	0x10, 0x8d, 0x18, 0xcf, 0x19, 0x11, 0x21, 0x53, 
	0x21, 0x13, 0x10, 0xd1, 0x10, 0x8f, 0x19, 0x11, 
	0x29, 0x95, 0x10, 0xcf, 0x10, 0xcf, 0x10, 0xcf, 
	0x29, 0x97, 0x21, 0x53, 0x21, 0x55, 0x19, 0x11, 
	0x19, 0x11, 0x19, 0x11, 0x21, 0x53, 0x21, 0x93, 
	0x29, 0x93, 0x18, 0xcf, 0x08, 0x8d, 0x19, 0x0f, 
	0x10, 0x8d, 0x18, 0xcd, 0x10, 0xcd, 0x19, 0x0f, 
	0x10, 0xcd, 0x10, 0xcd, 0x10, 0xcd, 0x19, 0x11, 
	0x08, 0xcd, 0x11, 0x0f, 0x08, 0xcd, 0x09, 0x0f, 
	0x11, 0x0f, 0x00, 0x8d, 0x00, 0x8b, 0x08, 0xcd, 
	0x00, 0x8d, 0x08, 0xcd, 0x10, 0xcf, 0x08, 0xcd, 
	0x10, 0xcf, 0x08, 0x8d, 0x00, 0x8d, 0x00, 0x8d, 
	0x19, 0x0f, 0x08, 0xcd, 0x00, 0x8d, 0x08, 0xcf, 
	0x11, 0x13, 0x00, 0xcf, 0x08, 0x8f, 0x08, 0x8d, 
	0x19, 0x51, 0x11, 0x0f, 0x00, 0x8d, 0x08, 0x8d, 
	0x21, 0x53, 0x19, 0x11, 0x08, 0x8d, 0x08, 0xcf, 
	0x10, 0xd1, 0x00, 0x8f, 0x00, 0xcf, 0x00, 0x8d, 
	0x00, 0x8f, 0x00, 0xcf, 0x08, 0xd1, 0x08, 0xcf, 
	0x08, 0xcf, 0x00, 0x8f, 0x10, 0xcf, 0x00, 0xcf, 
	0x08, 0xcf, 0x08, 0xcf, 0x11, 0x13, 0x08, 0xd1, 
	0x08, 0xd1, 0x19, 0x55, 0x19, 0x55, 0x00, 0xd1, 
	0x09, 0x11, 0x00, 0x8d, 0x00, 0xd1, 0x08, 0xd1, 
	0x19, 0x11, 0x00, 0x8f, 0x11, 0x11, 0x08, 0xd1, 
	0x08, 0xd1, 0x00, 0xcf, 0x10, 0xd1, 0x00, 0x8f, 
	0x08, 0xd1, 0x08, 0xd1, 0x08, 0xd3, 0x11, 0x53, 
	0x11, 0x53, 0x11, 0x55, 0x19, 0x97, 0x11, 0x13, 
	0x19, 0x55, 0x09, 0x13, 0x11, 0x15, 0x11, 0x15, 
	0x3a, 0x1b, 0x19, 0x55, 0x19, 0x57, 0x11, 0x55, 
	0x11, 0x13, 0x19, 0x57, 0x21, 0xdb, 0x42, 0x9f, 
	0x21, 0x99, 0x19, 0x55, 0x3a, 0x1b, 0x31, 0xdb, 
	0x19, 0x55, 0x21, 0x55, 0x21, 0x55, 0x10, 0xd1, 
	0x19, 0x53, 0x29, 0x95, 0x10, 0xcf, 0x21, 0x11, 
	0x21, 0x11, 0x19, 0x11, 0x19, 0x11, 0x18, 0xd1, 
	0x39, 0xd9, 0x21, 0x13, 0x10, 0xcf, 0x21, 0x53, 
	0x21, 0x53, 0x19, 0x11, 0x21, 0x53, 0x19, 0x11, 
	0x19, 0x13, 0x29, 0x95, 0x3a, 0x19, 0x19, 0x11, 
	0x19, 0x11, 0x11, 0x11, 0x19, 0x11, 0x21, 0x95, 
	0x21, 0x11, 0x19, 0x0f, 0x10, 0xcf, 0x10, 0xcd, 
	0x10, 0x8b, 0x10, 0xcb, 0x19, 0x0f, 0x19, 0x0f, 
	0x10, 0xcd, 0x19, 0x11, 0x19, 0x0f, 0x19, 0x11, 
	0x00, 0xcd, 0x09, 0x0f, 0x09, 0x0f, 0x08, 0xcf, 
	0x11, 0x0f, 0x00, 0x8d, 0x08, 0xcd, 0x08, 0x8d, 
	0x08, 0xcf, 0x08, 0xcf, 0x08, 0xcd, 0x00, 0x8d, 
	0x08, 0x8d, 0x08, 0x8d, 0x08, 0x8d, 0x08, 0xcf, 
	0x11, 0x11, 0x08, 0xcf, 0x08, 0xcd, 0x21, 0x93, 
	0x08, 0xd1, 0x00, 0xcf, 0x08, 0x8f, 0x08, 0x8d, 
	0x11, 0x0f, 0x00, 0x8d, 0x08, 0xcf, 0x08, 0xcf, 
	0x32, 0x17, 0x08, 0x8f, 0x08, 0x8d, 0x08, 0xcf, 
	0x00, 0x8f, 0x08, 0x8f, 0x08, 0xcf, 0x00, 0x8f, 
	0x11, 0x11, 0x11, 0x13, 0x08, 0xd1, 0x08, 0xcf, 
	0x08, 0xcf, 0x00, 0x8d, 0x00, 0x8d, 0x00, 0x8f, 
	0x08, 0xcf, 0x08, 0xd1, 0x11, 0x13, 0x00, 0xcf, 
	0x11, 0x13, 0x08, 0xd1, 0x11, 0x53, 0x11, 0x13, 
	0x08, 0xcf, 0x00, 0x8f, 0x08, 0xd1, 0x19, 0x55, 
	0x08, 0xd1, 0x19, 0x53, 0x11, 0x11, 0x11, 0x13, 
	0x08, 0xd1, 0x08, 0xd1, 0x11, 0x13, 0x11, 0x13, 
	0x08, 0xd1, 0x11, 0x13, 0x21, 0x99, 0x19, 0x55, 
	0x19, 0x95, 0x11, 0x55, 0x21, 0xd9, 0x11, 0x55, 
	0x11, 0x15, 0x11, 0x15, 0x11, 0x13, 0x19, 0x53, 
	0x32, 0x19, 0x11, 0x15, 0x19, 0x55, 0x19, 0x55, 
	0x11, 0x13, 0x19, 0x55, 0x19, 0x55, 0x19, 0x57, 
	0x21, 0x57, 0x21, 0x97, 0x31, 0xd9, 0x19, 0x15, 
	0x19, 0x13, 0x19, 0x13, 0x19, 0x13, 0x21, 0x53, 
	0x3a, 0x19, 0x19, 0x11, 0x19, 0x11, 0x18, 0xd1, 
	0x18, 0xd1, 0x19, 0x11, 0x29, 0x95, 0x31, 0x97, 
	0x3a, 0x1b, 0x19, 0x13, 0x11, 0x11, 0x18, 0xd1, 
	0x21, 0x53, 0x19, 0x11, 0x21, 0x53, 0x21, 0x53, 
	0x31, 0xd7, 0x21, 0x13, 0x29, 0x55, 0x21, 0x13, 
	0x10, 0x8f, 0x10, 0xd1, 0x19, 0x11, 0x21, 0x53, 
	0x10, 0xcf, 0x10, 0xcf, 0x19, 0x0f, 0x10, 0xcd, 
	0x18, 0xcd, 0x10, 0xcb, 0x10, 0xcd, 0x10, 0xcd, 
	0x18, 0xcd, 0x18, 0xcf, 0x19, 0x0f, 0x21, 0x95, 
	0x00, 0xcd, 0x08, 0xcd, 0x00, 0xcd, 0x00, 0x8d, 
	0x10, 0xcf, 0x08, 0xcf, 0x08, 0xcd, 0x00, 0x8d, 
	0x08, 0xcf, 0x10, 0xcf, 0x00, 0xcd, 0x08, 0xcd, 
	0x00, 0xcd, 0x08, 0xcd, 0x08, 0xcd, 0x21, 0xd5, 
	0x19, 0x53, 0x19, 0x11, 0x08, 0xcf, 0x00, 0xcf, 
	0x08, 0xcf, 0x11, 0x11, 0x19, 0x13, 0x21, 0x95, 
	0x19, 0x51, 0x11, 0x11, 0x08, 0x8d, 0x10, 0xcf, 
	0x08, 0xcf, 0x00, 0x8f, 0x08, 0xcf, 0x21, 0x95, 
	0x11, 0x13, 0x08, 0xd1, 0x00, 0xcf, 0x00, 0xcf, 
	0x08, 0xcf, 0x08, 0xd1, 0x19, 0x13, 0x08, 0xd1, 
	0x08, 0xd1, 0x08, 0xd1, 0x08, 0xd1, 0x08, 0x8f, 
	0x08, 0xd1, 0x19, 0x13, 0x21, 0x95, 0x11, 0x13, 
	0x00, 0x91, 0x00, 0xd1, 0x11, 0x11, 0x11, 0x11, 
	0x11, 0x11, 0x08, 0x8d, 0x08, 0xd1, 0x11, 0x13, 
	0x19, 0x55, 0x08, 0xd1, 0x11, 0x13, 0x08, 0xd1, 
	0x09, 0x11, 0x19, 0x57, 0x08, 0xd1, 0x08, 0xd3, 
	0x11, 0x13, 0x19, 0x57, 0x19, 0x57, 0x19, 0x55, 
	0x11, 0x53, 0x19, 0x55, 0x09, 0x13, 0x19, 0x57, 
	0x11, 0x15, 0x19, 0x55, 0x11, 0x13, 0x11, 0x13, 
	0x08, 0xd1, 0x11, 0x13, 0x21, 0x55, 0x19, 0x55, 
	0x21, 0x95, 0x29, 0x97, 0x19, 0x55, 0x29, 0x97, 
	0x19, 0x15, 0x11, 0x13, 0x21, 0x55, 0x21, 0x57, 
	0x21, 0x15, 0x21, 0x13, 0x19, 0x13, 0x29, 0x55, 
	0x19, 0x11, 0x10, 0xcf, 0x08, 0xcf, 0x10, 0xcf, 
	0x21, 0x53, 0x29, 0x95, 0x21, 0x13, 0x29, 0x57, 
	0x21, 0x55, 0x21, 0x97, 0x19, 0x13, 0x19, 0x13, 
	0x21, 0x53, 0x18, 0xd1, 0x10, 0xcf, 0x19, 0x11, 
	0x21, 0x55, 0x29, 0x55, 0x19, 0x13, 0x21, 0x13, 
	0x19, 0x13, 0x10, 0xd1, 0x19, 0x11, 0x21, 0x53, 
	0x10, 0xcf, 0x10, 0xcf, 0x08, 0x8d, 0x21, 0x11, 
	0x21, 0x0f, 0x10, 0xcd, 0x10, 0xcd, 0x10, 0x8d, 
	0x19, 0x0f, 0x10, 0xcf, 0x08, 0x8d, 0x29, 0x95, 
	0x10, 0xcf, 0x08, 0xcf, 0x00, 0x8d, 0x08, 0x8d, 
	0x08, 0xcf, 0x11, 0x11, 0x08, 0xcf, 0x08, 0xcd, 
	0x08, 0xcf, 0x08, 0xcf, 0x08, 0x8d, 0x00, 0xcd, 
	0x08, 0xcf, 0x11, 0x0f, 0x00, 0xcd, 0x11, 0x11, 
	0x08, 0xcf, 0x19, 0x11, 0x11, 0x11, 0x08, 0xcf, 
	0x00, 0x8d, 0x19, 0x11, 0x10, 0xd1, 0x21, 0x95, 
	0x19, 0x53, 0x08, 0xcf, 0x00, 0x8d, 0x08, 0xcf, 
	0x08, 0xcf, 0x00, 0x8f, 0x08, 0x8f, 0x08, 0xd1, 
	0x31, 0xd9, 0x08, 0xd1, 0x09, 0x11, 0x08, 0xcf, 
	0x00, 0x8f, 0x08, 0xd1, 0x32, 0x19, 0x08, 0xd3, 
	0x08, 0xd1, 0x08, 0xd1, 0x19, 0x55, 0x08, 0x91, 
	0x3a, 0x5b, 0x08, 0xd1, 0x08, 0x8f, 0x08, 0xd1, 
	0x08, 0xd1, 0x11, 0x13, 0x00, 0x8f, 0x08, 0x8f, 
	0x21, 0x95, 0x11, 0x11, 0x00, 0x91, 0x11, 0x13, 
	0x08, 0xd1, 0x19, 0x13, 0x08, 0xd1, 0x09, 0x11, 
	0x19, 0x53, 0x19, 0x97, 0x19, 0x53, 0x09, 0x13, 
	0x19, 0x55, 0x09, 0x15, 0x11, 0x57, 0x11, 0x57, 
	0x08, 0xd1, 0x09, 0x13, 0x11, 0x55, 0x11, 0x15, 
	0x09, 0x13, 0x11, 0x13, 0x09, 0x13, 0x11, 0x11, 
	0x19, 0x13, 0x21, 0x55, 0x29, 0xd7, 0x11, 0x13, 
	0x21, 0x95, 0x10, 0xd1, 0x18, 0xd1, 0x10, 0xd1, 
	0x19, 0x15, 0x21, 0x97, 0x29, 0x99, 0x29, 0x99, 
	0x21, 0x55, 0x21, 0x13, 0x19, 0x13, 0x29, 0x55, 
	0x19, 0x13, 0x21, 0x53, 0x21, 0x95, 0x21, 0x53, 
	0x29, 0x95, 0x21, 0x53, 0x29, 0x55, 0x21, 0x15, 
	0x21, 0x55, 0x21, 0x55, 0x19, 0x13, 0x29, 0x97, 
	0x29, 0x55, 0x18, 0xd1, 0x21, 0x13, 0x18, 0xcf, 
	0x21, 0x13, 0x10, 0xd1, 0x19, 0x13, 0x21, 0x55, 
	0x19, 0x13, 0x18, 0xd1, 0x18, 0xd1, 0x18, 0xcf, 
	0x10, 0xcf, 0x10, 0xcf, 0x10, 0xcf, 0x18, 0xcf, 
	0x29, 0x53, 0x10, 0xcf, 0x29, 0x53, 0x10, 0xcd, 
	0x10, 0xcd, 0x10, 0xcd, 0x10, 0xcf, 0x10, 0xcf, 
	0x08, 0xcf, 0x08, 0xcf, 0x08, 0x8d, 0x08, 0xcf, 
	0x08, 0xcf, 0x21, 0x53, 0x08, 0xcf, 0x08, 0xcf, 
	0x08, 0xcf, 0x00, 0x8d, 0x00, 0xcf, 0x08, 0xcd, 
	0x00, 0xcf, 0x08, 0xcd, 0x08, 0x8d, 0x08, 0xcd, 
	0x08, 0xcd, 0x00, 0x8d, 0x00, 0xcd, 0x00, 0xcf, 
	0x29, 0x97, 0x19, 0x13, 0x08, 0xd1, 0x08, 0xcf, 
	0x19, 0x11, 0x08, 0xd1, 0x09, 0x11, 0x00, 0xcf, 
	0x08, 0x8f, 0x08, 0xcf, 0x08, 0xcf, 0x08, 0x8f, 
	0x08, 0xd1, 0x19, 0x95, 0x11, 0x13, 0x08, 0xd1, 
	0x08, 0xd1, 0x08, 0xd1, 0x08, 0xd1, 0x08, 0xd1, 
	0x09, 0x11, 0x08, 0xd1, 0x29, 0xd9, 0x08, 0xd1, 
	0x08, 0xd1, 0x08, 0xd1, 0x08, 0x91, 0x08, 0xd3, 
	0x00, 0xd1, 0x11, 0x13, 0x09, 0x13, 0x08, 0xd1, 
	0x29, 0xd9, 0x08, 0x91, 0x08, 0xd1, 0x08, 0xd1, 
	0x08, 0xd1, 0x08, 0xcf, 0x11, 0x11, 0x11, 0x13, 
	0x09, 0x13, 0x19, 0x57, 0x09, 0x13, 0x11, 0x57, 
	0x19, 0x97, 0x11, 0x55, 0x42, 0xe1, 0x11, 0x57, 
	0x09, 0x13, 0x11, 0x13, 0x19, 0x97, 0x11, 0x15, 
	0x19, 0x55, 0x11, 0x13, 0x21, 0x97, 0x32, 0x1b, 
	0x19, 0x55, 0x29, 0xd9, 0x19, 0x55, 0x11, 0x13, 
	0x19, 0x0f, 0x10, 0xcf, 0x39, 0xd7, 0x18, 0xd1, 
	0x19, 0x13, 0x19, 0x57, 0x21, 0x99, 0x21, 0x57, 
	0x19, 0x13, 0x10, 0xd1, 0x19, 0x13, 0x19, 0x13, 
	0x19, 0x13, 0x19, 0x13, 0x11, 0x11, 0x11, 0x11, 
	0x21, 0x13, 0x21, 0x55, 0x29, 0x99, 0x21, 0x59, 
	0x19, 0x15, 0x32, 0x1b, 0x21, 0x57, 0x29, 0x97, 
	0x21, 0x55, 0x19, 0x13, 0x18, 0xd1, 0x29, 0x53, 
	0x21, 0x13, 0x19, 0x13, 0x39, 0xdb, 0x21, 0x57, 
	0x19, 0x13, 0x21, 0x55, 0x21, 0x13, 0x21, 0x11, 
	0x21, 0x11, 0x10, 0xcd, 0x21, 0x11, 0x19, 0x0f, 
	0x18, 0xcf, 0x18, 0xcf, 0x31, 0x95, 0x10, 0xcf, 
	0x18, 0xcf, 0x31, 0xd5, 0x29, 0x53, 0x10, 0xcf, 
	0x09, 0x0f, 0x00, 0xcf, 0x08, 0xcf, 0x00, 0xcf, 
	0x00, 0x8d, 0x11, 0x0f, 0x08, 0xcf, 0x00, 0xcd, 
	0x08, 0xcf, 0x08, 0xcf, 0x00, 0xcf, 0x08, 0xcd, 
	0x08, 0xcf, 0x08, 0xcf, 0x11, 0x0f, 0x08, 0xcf, 
	0x08, 0xcf, 0x00, 0x8d, 0x00, 0xcf, 0x08, 0xcf, 
	0x19, 0x53, 0x08, 0xcf, 0x00, 0xd1, 0x00, 0x8f, 
	0x08, 0xcf, 0x08, 0xcf, 0x21, 0x95, 0x00, 0xcf, 
	0x08, 0x8f, 0x08, 0xcf, 0x08, 0xcf, 0x10, 0xd1, 
	0x00, 0xd1, 0x11, 0x13, 0x08, 0xd1, 0x11, 0x13, 
	0x19, 0x53, 0x08, 0xd1, 0x09, 0x13, 0x09, 0x13, 
	0x19, 0x53, 0x11, 0x11, 0x08, 0xd1, 0x08, 0xd1, 
	0x09, 0x13, 0x08, 0xd3, 0x08, 0xd3, 0x09, 0x13, 
	0x08, 0xd1, 0x08, 0xd1, 0x11, 0x13, 0x11, 0x13, 
	0x19, 0x13, 0x08, 0xd1, 0x08, 0xd1, 0x08, 0xd1, 
	0x08, 0xd1, 0x00, 0xd1, 0x08, 0xcf, 0x09, 0x11, 
	0x08, 0xd1, 0x19, 0x97, 0x19, 0x97, 0x22, 0x1d, 
	0x11, 0x57, 0x09, 0x13, 0x19, 0x97, 0x2a, 0x1b, 
	0x11, 0x55, 0x09, 0x13, 0x11, 0x55, 0x11, 0x15, 
	0x11, 0x13, 0x19, 0x55, 0x11, 0x55, 0x19, 0x55, 
	0x32, 0x1b, 0x21, 0x99, 0x42, 0x5d, 0x29, 0x97, 
	0x32, 0x17, 0x21, 0x55, 0x21, 0x13, 0x19, 0x13, 
	0x19, 0x13, 0x31, 0xd9, 0x4a, 0xa1, 0x19, 0x15, 
	0x19, 0x13, 0x10, 0xd1, 0x21, 0x55, 0x21, 0x55, 
	0x19, 0x13, 0x21, 0x55, 0x21, 0x55, 0x29, 0x99, 
	0x31, 0xd9, 0x19, 0x15, 0x39, 0xdb, 0x29, 0x99, 
	0x29, 0x99, 0x31, 0xdb, 0x31, 0xd9, 0x21, 0x57, 
	0x19, 0x15, 0x10, 0xd1, 0x19, 0x11, 0x19, 0x11, 
	0x29, 0x95, 0x21, 0x13, 0x21, 0x55, 0x21, 0x55, 
	0x21, 0x57, 0x29, 0x55, 0x21, 0x13, 0x19, 0x11, 
	0x18, 0xcf, 0x18, 0xcf, 0x10, 0xcd, 0x10, 0xcf, 
	0x21, 0x11, 0x18, 0xcf, 0x21, 0x11, 0x19, 0x11, 
	0x18, 0xcf, 0x21, 0x11, 0x21, 0x11, 0x10, 0xcf, 
	0x19, 0x53, 0x00, 0xcf, 0x00, 0xcf, 0x00, 0xcf, 
	0x08, 0xcf, 0x08, 0xcf, 0x08, 0xcf, 0x08, 0xcf, 
	0x11, 0x11, 0x08, 0xcf, 0x08, 0xcf, 0x08, 0xcd, 
	0x09, 0x0f, 0x19, 0x53, 0x19, 0x11, 0x11, 0x11, 
	0x11, 0x11, 0x08, 0xcf, 0x08, 0xcf, 0x11, 0x0f, 
	0x29, 0x97, 0x11, 0x11, 0x00, 0x8f, 0x08, 0xcf, 
	0x08, 0xcf, 0x08, 0xcf, 0x32, 0x19, 0x08, 0xd1, 
	0x08, 0xcf, 0x09, 0x0f, 0x08, 0xcf, 0x08, 0xcf, 
	0x08, 0xd1, 0x19, 0x53, 0x08, 0xcf, 0x09, 0x11, 
	0x09, 0x13, 0x08, 0xd1, 0x09, 0x11, 0x09, 0x11, 
	0x08, 0xcf, 0x08, 0xcf, 0x10, 0xd1, 0x08, 0xd1, 
	0x11, 0x13, 0x11, 0x15, 0x11, 0x55, 0x09, 0x13, 
	0x21, 0x55, 0x11, 0x13, 0x08, 0xd1, 0x00, 0xd1, 
	0x19, 0x53, 0x08, 0xd1, 0x08, 0xd1, 0x09, 0x13, 
	0x09, 0x13, 0x09, 0x13, 0x11, 0x13, 0x00, 0xd1, 
	0x00, 0xd1, 0x09, 0x13, 0x09, 0x15, 0x32, 0xa1, 
	0x09, 0x57, 0x00, 0xd1, 0x11, 0x55, 0x11, 0x55, 
	0x21, 0x99, 0x19, 0x97, 0x19, 0x55, 0x11, 0x13, 
	0x19, 0x55, 0x19, 0x53, 0x11, 0x53, 0x21, 0x97, 
	0x21, 0x97, 0x21, 0x57, 0x21, 0x55, 0x21, 0x55, 
	0x29, 0x95, 0x21, 0x55, 0x21, 0x55, 0x21, 0x97, 
	0x21, 0x55, 0x29, 0x97, 0x29, 0x99, 0x21, 0x55, 
	0x21, 0x55, 0x29, 0x95, 0x3a, 0x1b, 0x21, 0x95, 
	0x21, 0x53, 0x21, 0x15, 0x19, 0x15, 0x3a, 0x1b, 
	0x31, 0xd9, 0x3a, 0x1d, 0x29, 0x9b, 0x21, 0x97, 
	0x21, 0x55, 0x21, 0x55, 0x21, 0x55, 0x3a, 0x1b, 
	0x21, 0x55, 0x29, 0x97, 0x21, 0x13, 0x21, 0x53, 
	0x21, 0x53, 0x39, 0xd9, 0x21, 0x15, 0x29, 0x99, 
	0x31, 0x99, 0x19, 0x15, 0x19, 0x13, 0x5a, 0xdd, 
	0x18, 0xcf, 0x18, 0xcd, 0x10, 0xcd, 0x19, 0x0f, 
	0x19, 0x11, 0x18, 0xcf, 0x21, 0x11, 0x10, 0xcd, 
	0x10, 0x8d, 0x21, 0x11, 0x21, 0x11, 0x10, 0xcf, 
	0x09, 0x0f, 0x08, 0xcf, 0x00, 0xcd, 0x00, 0xcd, 
	0x08, 0xcf, 0x21, 0x51, 0x11, 0x0f, 0x08, 0xcf, 
	0x08, 0xcf, 0x00, 0x8d, 0x08, 0xcf, 0x08, 0xcd, 
	0x08, 0xcf, 0x08, 0xcd, 0x00, 0xcd, 0x00, 0xcf, 
	0x08, 0xcf, 0x00, 0xcd, 0x00, 0xcd, 0x11, 0x11, 
	0x11, 0x13, 0x08, 0xd1, 0x00, 0x8f, 0x08, 0xcf, 
	0x00, 0xcf, 0x00, 0xcf, 0x19, 0x53, 0x08, 0xcf, 
	0x08, 0xcf, 0x08, 0xcf, 0x09, 0x11, 0x08, 0xcf, 
	0x09, 0x11, 0x11, 0x11, 0x00, 0xcf, 0x08, 0xcf, 
	0x08, 0xd1, 0x00, 0xcf, 0x09, 0x13, 0x09, 0x11, 
	0x09, 0x11, 0x11, 0x13, 0x11, 0x13, 0x11, 0x13, 
	0x11, 0x55, 0x11, 0x55, 0x19, 0x97, 0x09, 0x13, 
	0x11, 0x53, 0x11, 0x15, 0x11, 0x13, 0x08, 0xd1, 
	0x09, 0x11, 0x11, 0x11, 0x08, 0xd1, 0x09, 0x11, 
	0x09, 0x13, 0x19, 0x97, 0x09, 0x13, 0x19, 0x97, 
	0x01, 0x13, 0x09, 0x15, 0x11, 0x15, 0x09, 0x17, 
	0x21, 0xdb, 0x09, 0x13, 0x11, 0x55, 0x21, 0x99, 
	0x2a, 0x1d, 0x2a, 0x1b, 0x19, 0x55, 0x09, 0x13, 
	0x11, 0x13, 0x09, 0x11, 0x11, 0x55, 0x11, 0x55, 
	0x21, 0x97, 0x19, 0x15, 0x21, 0x57, 0x21, 0x97, 
	0x21, 0x97, 0x31, 0xd9, 0x29, 0x97, 0x19, 0x13, 
	0x31, 0xd9, 0x21, 0x55, 0x21, 0x55, 0x19, 0x13, 
	0x21, 0x55, 0x3a, 0x1b, 0x19, 0x13, 0x19, 0x13, 
	0x19, 0x13, 0x3a, 0x1b, 0x29, 0x97, 0x29, 0x97, 
	0x3a, 0x1b, 0x42, 0x61, 0x29, 0x9b, 0x21, 0x55, 
	0x21, 0x55, 0x19, 0x13, 0x21, 0x55, 0x19, 0x55, 
	0x21, 0x55, 0x29, 0x97, 0x21, 0x53, 0x19, 0x13, 
	0x29, 0x97, 0x29, 0x97, 0x29, 0x57, 0x21, 0x15, 
	0x19, 0x13, 0x21, 0x57, 0x21, 0x13, 0x42, 0x19, 
	0x18, 0xcf, 0x10, 0x8d, 0x10, 0xcd, 0x10, 0xcf, 
	0x10, 0xcd, 0x21, 0x11, 0x18, 0xcf, 0x21, 0x51, 
	0x18, 0xcf, 0x18, 0xcf, 0x18, 0xcf, 0x18, 0xcf, 
	0x09, 0x11, 0x08, 0xcf, 0x00, 0xcd, 0x08, 0xcf, 
	0x00, 0xcf, 0x21, 0x51, 0x11, 0x11, 0x08, 0xcf, 
	0x08, 0xcf, 0x11, 0x11, 0x08, 0xcf, 0x11, 0x0f, 
	0x08, 0xcf, 0x08, 0xcf, 0x08, 0x8d, 0x08, 0xcd, 
	0x00, 0xcf, 0x09, 0x0f, 0x00, 0x8d, 0x08, 0xcf, 
	0x08, 0xd1, 0x10, 0xd1, 0x08, 0xd1, 0x11, 0x11, 
	0x08, 0xcf, 0x08, 0xd1, 0x00, 0xcf, 0x2a, 0x17, 
	0x08, 0xcf, 0x08, 0xcf, 0x09, 0x11, 0x11, 0x13, 
	0x09, 0x11, 0x08, 0xd1, 0x08, 0xcf, 0x19, 0x11, 
	0x00, 0xcf, 0x08, 0xd1, 0x00, 0xcf, 0x08, 0xcf, 
	0x11, 0x13, 0x11, 0x55, 0x29, 0xd9, 0x09, 0x13, 
	0x08, 0xd3, 0x08, 0xd3, 0x11, 0x13, 0x08, 0xd1, 
	0x09, 0x11, 0x4a, 0xe3, 0x19, 0x55, 0x08, 0xd1, 
	0x11, 0x11, 0x32, 0x19, 0x09, 0x13, 0x11, 0x53, 
	0x19, 0x97, 0x00, 0xd3, 0x11, 0x97, 0x09, 0x55, 
	0x09, 0x55, 0x11, 0x55, 0x09, 0x13, 0x09, 0x15, 
	0x11, 0x97, 0x19, 0x97, 0x11, 0x55, 0x21, 0x99, 
	0x11, 0x57, 0x21, 0xd9, 0x19, 0x57, 0x11, 0x55, 
	0x11, 0x55, 0x11, 0x13, 0x11, 0x13, 0x19, 0x55, 
	0x21, 0x97, 0x21, 0x97, 0x19, 0x15, 0x32, 0x1b, 
	0x19, 0x13, 0x32, 0x1b, 0x29, 0x99, 0x21, 0x97, 
	0x21, 0x57, 0x19, 0x15, 0x21, 0x15, 0x31, 0x99, 
	0x29, 0x57, 0x21, 0x55, 0x19, 0x13, 0x21, 0x55, 
	0x10, 0xd1, 0x10, 0xd1, 0x21, 0x55, 0x19, 0x15, 
	0x29, 0x97, 0x4a, 0x61, 0x4a, 0xa1, 0x42, 0x5d, 
	0x10, 0xd1, 0x10, 0xd1, 0x21, 0x55, 0x29, 0x97, 
	0x21, 0x55, 0x21, 0x53, 0x21, 0x13, 0x18, 0xd1, 
	0x21, 0x13, 0x29, 0x57, 0x4a, 0x5f, 0x21, 0x55, 
	0x18, 0xd1, 0x6b, 0x65, 0x19, 0x13, 0x31, 0x95, 
	0x19, 0x11, 0x21, 0x51, 0x10, 0xcf, 0x19, 0x0f, 
	0x18, 0xcf, 0x18, 0xcf, 0x29, 0x53, 0x18, 0xcf, 
	0x10, 0xcd, 0x10, 0xcf, 0x21, 0x11, 0x39, 0xd5, 
	0x00, 0xcf, 0x00, 0xcf, 0x00, 0xcf, 0x08, 0xcd, 
	0x00, 0xcd, 0x00, 0x8d, 0x00, 0xcd, 0x08, 0xcf, 
	0x19, 0x11, 0x10, 0xd1, 0x08, 0xd1, 0x08, 0xcf, 
	0x00, 0xcf, 0x08, 0xcd, 0x08, 0xcd, 0x08, 0xcf, 
	0x00, 0xcd, 0x08, 0xcf, 0x08, 0xcf, 0x29, 0xd7, 
	0x09, 0x11, 0x19, 0x53, 0x19, 0x13, 0x08, 0xd1, 
	0x09, 0x11, 0x11, 0x55, 0x11, 0x13, 0x00, 0xd1, 
	0x00, 0xcf, 0x00, 0xcd, 0x11, 0x53, 0x11, 0x55, 
	0x11, 0x13, 0x11, 0x53, 0x08, 0xcf, 0x11, 0x11, 
	0x00, 0xcf, 0x00, 0xd1, 0x08, 0xd1, 0x00, 0xd1, 
	0x11, 0x11, 0x11, 0x11, 0x00, 0xd1, 0x19, 0x55, 
	0x09, 0x13, 0x09, 0x13, 0x08, 0xcf, 0x08, 0xd3, 
	0x11, 0x53, 0x19, 0x55, 0x00, 0xd1, 0x08, 0xd1, 
	0x11, 0x13, 0x08, 0xd1, 0x09, 0x13, 0x11, 0x97, 
	0x19, 0x99, 0x09, 0x15, 0x19, 0x97, 0x11, 0x97, 
	0x21, 0xdb, 0x09, 0x13, 0x09, 0x15, 0x32, 0x1b, 
	0x32, 0x5d, 0x19, 0x9b, 0x19, 0x99, 0x11, 0x57, 
	0x21, 0x9b, 0x2a, 0x1b, 0x09, 0x13, 0x19, 0x97, 
	0x3a, 0x9f, 0x21, 0xd9, 0x19, 0x55, 0x21, 0x97, 
	0x19, 0x55, 0x11, 0x11, 0x19, 0x53, 0x19, 0x13, 
	0x19, 0x55, 0x21, 0x95, 0x19, 0x55, 0x21, 0x55, 
	0x21, 0x57, 0x19, 0x13, 0x21, 0x57, 0x29, 0x55, 
	0x29, 0x97, 0x29, 0x57, 0x21, 0x55, 0x21, 0x57, 
	0x19, 0x15, 0x3a, 0x1b, 0x3a, 0x1d, 0x42, 0x5f, 
	0x21, 0x59, 0x5a, 0xe3, 0x29, 0x9b, 0x29, 0x99, 
	0x29, 0x97, 0x18, 0xd3, 0x21, 0x55, 0x3a, 0x1b, 
	0x29, 0x97, 0x31, 0xd9, 0x29, 0x97, 0x21, 0x13, 
	0x31, 0x97, 0x31, 0xd9, 0x29, 0x99, 0x21, 0x55, 
	0x29, 0x55, 0x31, 0xd9, 0x29, 0x97, 0x19, 0x11, 
	0x19, 0x11, 0x31, 0x95, 0x18, 0xcf, 0x21, 0x13, 
	0x19, 0x11, 0x21, 0x11, 0x31, 0x95, 0x21, 0x11, 
	0x10, 0xcd, 0x31, 0x93, 0x21, 0x0f, 0x21, 0x11, 
	0x00, 0xcf, 0x00, 0xcf, 0x00, 0xcf, 0x08, 0xcf, 
	0x00, 0x8d, 0x00, 0xcd, 0x08, 0xcf, 0x21, 0x95, 
	0x21, 0x53, 0x08, 0xcf, 0x19, 0x13, 0x09, 0x11, 
	0x08, 0xcf, 0x08, 0xcf, 0x09, 0x11, 0x00, 0xd1, 
	0x09, 0x11, 0x08, 0xcf, 0x11, 0x11, 0x08, 0xcf, 
	0x08, 0xcf, 0x00, 0xd1, 0x21, 0x95, 0x08, 0xd1, 
	0x11, 0x13, 0x09, 0x11, 0x09, 0x11, 0x09, 0x11, 
	0x00, 0xcf, 0x09, 0x11, 0x09, 0x13, 0x11, 0x13, 
	0x09, 0x13, 0x09, 0x11, 0x21, 0x93, 0x11, 0x11, 
	0x00, 0xcf, 0x19, 0x13, 0x11, 0x13, 0x19, 0x53, 
	0x00, 0x8f, 0x00, 0xd1, 0x00, 0xd1, 0x09, 0x13, 
	0x08, 0xd1, 0x08, 0xd1, 0x00, 0xd1, 0x11, 0x15, 
	0x09, 0x11, 0x01, 0x13, 0x01, 0x11, 0x09, 0x13, 
	0x21, 0x95, 0x09, 0x11, 0x08, 0xd1, 0x09, 0x13, 
	0x2a, 0x19, 0x11, 0x57, 0x11, 0x59, 0x21, 0xdb, 
	0x32, 0x5f, 0x00, 0xd1, 0x08, 0xd3, 0x19, 0x57, 
	0x09, 0x15, 0x09, 0x15, 0x11, 0x57, 0x21, 0x9b, 
	0x21, 0x99, 0x11, 0x55, 0x11, 0x13, 0x19, 0x97, 
	0x29, 0xdb, 0x19, 0x57, 0x29, 0xd9, 0x19, 0x55, 
	0x21, 0x97, 0x19, 0x55, 0x19, 0x13, 0x19, 0x55, 
	0x21, 0x97, 0x19, 0x13, 0x21, 0x55, 0x21, 0x55, 
	0x31, 0xd9, 0x21, 0x57, 0x21, 0x57, 0x21, 0x55, 
	0x31, 0xd9, 0x29, 0x57, 0x31, 0xd9, 0x31, 0xd9, 
	0x29, 0x99, 0x29, 0x99, 0x32, 0x1d, 0x52, 0xe5, 
	0x32, 0x1f, 0x19, 0x17, 0x29, 0x9b, 0x31, 0xdb, 
	0x29, 0x57, 0x31, 0xd9, 0x19, 0x13, 0x29, 0xd9, 
	0x19, 0x13, 0x21, 0x53, 0x29, 0x95, 0x21, 0x55, 
	0x21, 0x55, 0x31, 0x99, 0x31, 0x9b, 0x19, 0x13, 
	0x21, 0x55, 0x21, 0x13, 0x19, 0x13, 0x19, 0x11, 
	0x19, 0x11, 0x21, 0x53, 0x19, 0x11, 0x21, 0x11, 
	0x10, 0xcf, 0x19, 0x11, 0x19, 0x11, 0x29, 0x53, 
	0x10, 0xcd, 0x18, 0xcd, 0x10, 0xcd, 0x18, 0xcf, 
	0x00, 0xcf, 0x00, 0xcf, 0x00, 0xcf, 0x09, 0x0f, 
	0x00, 0x8d, 0x08, 0xcf, 0x08, 0xcf, 0x08, 0xcf, 
	0x00, 0xcf, 0x00, 0xcf, 0x11, 0x11, 0x08, 0xd1, 
	0x09, 0x11, 0x08, 0xcf, 0x09, 0x11, 0x01, 0x11, 
	0x11, 0x13, 0x09, 0x11, 0x09, 0x11, 0x08, 0xd1, 
	0x08, 0xcf, 0x09, 0x11, 0x11, 0x13, 0x11, 0x13, 
	0x09, 0x11, 0x11, 0x53, 0x08, 0xd1, 0x09, 0x11, 
	0x09, 0x11, 0x19, 0x53, 0x11, 0x13, 0x09, 0x13, 
	0x09, 0x13, 0x19, 0x55, 0x19, 0x13, 0x08, 0xcf, 
	0x00, 0xd1, 0x11, 0x13, 0x11, 0x13, 0x10, 0xd1, 
	0x10, 0xd1, 0x19, 0x55, 0x19, 0x95, 0x19, 0x55, 
	0x11, 0x13, 0x11, 0x13, 0x00, 0xd1, 0x4a, 0xe1, 
	0x11, 0x13, 0x09, 0x13, 0x01, 0x13, 0x09, 0x13, 
	0x2a, 0x19, 0x08, 0xd1, 0x00, 0xd1, 0x11, 0x15, 
	0x11, 0x57, 0x09, 0x57, 0x19, 0x9b, 0x42, 0xe3, 
	0x19, 0x9b, 0x11, 0x55, 0x11, 0x55, 0x09, 0x15, 
	0x19, 0x99, 0x19, 0x57, 0x11, 0x59, 0x21, 0xdb, 
	0x29, 0xd9, 0x11, 0x13, 0x32, 0x19, 0x19, 0x55, 
	0x19, 0x57, 0x19, 0x97, 0x19, 0x57, 0x19, 0x13, 
	0x3a, 0x1d, 0x3a, 0x1b, 0x21, 0x97, 0x21, 0x97, 
	0x21, 0x55, 0x11, 0x13, 0x19, 0x13, 0x19, 0x13, 
	0x21, 0x97, 0x29, 0x99, 0x19, 0x15, 0x21, 0x57, 
	0x29, 0x97, 0x21, 0x55, 0x21, 0x55, 0x29, 0x99, 
	0x19, 0x57, 0x2a, 0x1b, 0x3a, 0x61, 0x4a, 0xe5, 
	0x31, 0xdd, 0x42, 0x5f, 0x4a, 0xa3, 0x39, 0xdd, 
	0x21, 0x57, 0x31, 0x99, 0x31, 0xd9, 0x21, 0x57, 
	0x21, 0x55, 0x29, 0x95, 0x21, 0x55, 0x21, 0x55, 
	0x21, 0x15, 0x21, 0x57, 0x29, 0x99, 0x10, 0xd3, 
	0x19, 0x13, 0x21, 0x53, 0x19, 0x13, 0x21, 0x13, 
	0x19, 0x11, 0x21, 0x53, 0x29, 0x95, 0x19, 0x0f, 
	0x10, 0xcf, 0x18, 0xcf, 0x21, 0x53, 0x29, 0x53, 
	0x19, 0x0f, 0x10, 0xcd, 0x10, 0xcd, 0x10, 0xcd, 
	0x00, 0xcf, 0x09, 0x0f, 0x08, 0xcf, 0x00, 0xcf, 
	0x09, 0x0f, 0x08, 0xcf, 0x00, 0xcf, 0x00, 0xcf, 
	0x00, 0xcf, 0x00, 0x8d, 0x08, 0xd1, 0x21, 0xd9, 
	0x08, 0xcf, 0x00, 0xcf, 0x09, 0x11, 0x09, 0x13, 
	0x29, 0xd7, 0x09, 0x11, 0x00, 0xd1, 0x08, 0xd1, 
	0x00, 0xcf, 0x09, 0x11, 0x08, 0xd1, 0x09, 0x13, 
	0x09, 0x13, 0x11, 0x53, 0x09, 0x13, 0x09, 0x11, 
	0x00, 0xd1, 0x19, 0x55, 0x19, 0x55, 0x19, 0x57, 
	0x11, 0x55, 0x11, 0x55, 0x11, 0x13, 0x09, 0x11, 
	0x08, 0xd1, 0x08, 0xd1, 0x08, 0xd1, 0x09, 0x11, 
	0x08, 0xd1, 0x11, 0x13, 0x11, 0x11, 0x11, 0x13, 
	0x00, 0xd3, 0x08, 0xd3, 0x11, 0x15, 0x19, 0x57, 
	0x11, 0x55, 0x21, 0x99, 0x09, 0x13, 0x09, 0x13, 
	0x09, 0x13, 0x19, 0x55, 0x11, 0x55, 0x19, 0x99, 
	0x09, 0x15, 0x11, 0x57, 0x11, 0x17, 0x09, 0x15, 
	0x09, 0x15, 0x11, 0x15, 0x11, 0x57, 0x11, 0x55, 
	0x19, 0x97, 0x21, 0x99, 0x09, 0x15, 0x19, 0x99, 
	0x29, 0xd9, 0x29, 0xd7, 0x21, 0x55, 0x19, 0x55, 
	0x3a, 0x5d, 0x29, 0xd9, 0x21, 0x57, 0x19, 0x13, 
	0x21, 0x99, 0x19, 0x97, 0x19, 0x55, 0x21, 0x99, 
	0x11, 0x15, 0x29, 0x97, 0x19, 0x15, 0x19, 0x11, 
	0x21, 0x97, 0x29, 0xd9, 0x31, 0xd9, 0x21, 0x55, 
	0x21, 0x55, 0x19, 0x15, 0x29, 0x99, 0x32, 0x1b, 
	0x32, 0x1d, 0x3a, 0x61, 0x32, 0x5f, 0x3a, 0x61, 
	0x42, 0x1f, 0x21, 0x59, 0x42, 0x1d, 0x39, 0xdd, 
	0x39, 0xdb, 0x21, 0x15, 0x31, 0xdb, 0x21, 0x55, 
	0x29, 0x97, 0x19, 0x11, 0x21, 0x55, 0x19, 0x55, 
	0x29, 0x99, 0x31, 0xd9, 0x21, 0x57, 0x21, 0x13, 
	0x21, 0x53, 0x18, 0xcf, 0x19, 0x11, 0x29, 0x55, 
	0x19, 0x11, 0x42, 0x19, 0x10, 0xcf, 0x10, 0xcf, 
	0x19, 0x11, 0x19, 0x0f, 0x4a, 0x5b, 0x21, 0x11, 
	0x29, 0x93, 0x10, 0xcd, 0x19, 0x0f, 0x10, 0xcd, 
	0x09, 0x0f, 0x09, 0x0f, 0x00, 0xcf, 0x08, 0xcf, 
	0x08, 0xcf, 0x09, 0x0f, 0x00, 0xcf, 0x00, 0xcf, 
	0x00, 0xcf, 0x00, 0xcf, 0x08, 0xd1, 0x09, 0x13, 
	0x00, 0xd1, 0x08, 0xcf, 0x08, 0xcf, 0x08, 0xcf, 
	0x00, 0xcf, 0x00, 0xcf, 0x09, 0x11, 0x08, 0xd1, 
	0x00, 0xcf, 0x09, 0x11, 0x08, 0xd1, 0x09, 0x11, 
	0x21, 0x95, 0x09, 0x11, 0x09, 0x11, 0x11, 0x53, 
	0x01, 0x11, 0x09, 0x13, 0x19, 0x55, 0x32, 0x1b, 
	0x11, 0x55, 0x19, 0x97, 0x08, 0xd1, 0x00, 0xd1, 
	0x09, 0x13, 0x09, 0x11, 0x09, 0x13, 0x00, 0xd1, 
	0x00, 0xd1, 0x00, 0xd1, 0x08, 0xcf, 0x29, 0xdb, 
	0x09, 0x15, 0x21, 0x97, 0x11, 0x15, 0x29, 0xdb, 
	0x09, 0x13, 0x53, 0x67, 0x01, 0x13, 0x09, 0x15, 
	0x09, 0x13, 0x19, 0x55, 0x21, 0xd9, 0x19, 0x97, 
	0x09, 0x15, 0x08, 0xd3, 0x09, 0x15, 0x19, 0x57, 
	0x11, 0x57, 0x19, 0x57, 0x21, 0xd9, 0x19, 0x55, 
	0x11, 0x55, 0x19, 0x55, 0x19, 0x57, 0x19, 0x57, 
	0x19, 0x57, 0x21, 0x97, 0x29, 0xd7, 0x21, 0x99, 
	0x29, 0xdb, 0x29, 0xd9, 0x19, 0x55, 0x19, 0x15, 
	0x11, 0x13, 0x21, 0x97, 0x19, 0x55, 0x29, 0xd9, 
	0x4a, 0x9f, 0x32, 0x1b, 0x19, 0x15, 0x19, 0x13, 
	0x11, 0x13, 0x19, 0x15, 0x21, 0x57, 0x29, 0x95, 
	0x19, 0x55, 0x29, 0x99, 0x42, 0x5f, 0x29, 0xdd, 
	0x32, 0x1f, 0x4a, 0xe5, 0x32, 0x1d, 0x42, 0x5f, 
	0x31, 0xdd, 0x29, 0x59, 0x31, 0xdb, 0x29, 0x9b, 
	0x29, 0x99, 0x29, 0x57, 0x21, 0x55, 0x19, 0x13, 
	0x29, 0x55, 0x21, 0x55, 0x29, 0x97, 0x21, 0x57, 
	0x21, 0x57, 0x31, 0xdb, 0x21, 0x55, 0x19, 0x13, 
	0x29, 0x95, 0x29, 0x53, 0x21, 0x13, 0x18, 0xcf, 
	0x21, 0x53, 0x29, 0x97, 0x10, 0xcf, 0x10, 0xcf, 
	0x19, 0x11, 0x18, 0xcf, 0x19, 0x11, 0x18, 0xcf, 
	0x19, 0x0f, 0x21, 0x11, 0x18, 0xcd, 0x10, 0x8b, 
	0x08, 0xcf, 0x08, 0xcd, 0x00, 0xcf, 0x09, 0x11, 
	0x09, 0x11, 0x00, 0xcf, 0x00, 0xcf, 0x00, 0xcf, 
	0x08, 0xcf, 0x08, 0xcf, 0x19, 0x53, 0x08, 0xcf, 
	0x00, 0xd1, 0x00, 0xcf, 0x09, 0x11, 0x00, 0xcf, 
	0x00, 0xcf, 0x08, 0xcf, 0x08, 0xcf, 0x08, 0xd1, 
	0x11, 0x11, 0x08, 0xcf, 0x08, 0xcf, 0x11, 0x53, 
	0x11, 0x53, 0x11, 0x53, 0x21, 0xd7, 0x01, 0x11, 
	0x09, 0x11, 0x09, 0x13, 0x08, 0xcf, 0x11, 0x53, 
	0x01, 0x13, 0x11, 0x55, 0x00, 0xd1, 0x09, 0x11, 
	0x09, 0x13, 0x11, 0x13, 0x08, 0xd1, 0x11, 0x13, 
	0x08, 0xd1, 0x19, 0x53, 0x09, 0x13, 0x11, 0x15, 
	0x19, 0x55, 0x29, 0xd9, 0x09, 0x13, 0x11, 0x57, 
	0x11, 0x57, 0x11, 0x57, 0x09, 0x13, 0x19, 0x55, 
	0x09, 0x13, 0x09, 0x13, 0x09, 0x13, 0x09, 0x15, 
	0x19, 0x57, 0x11, 0x15, 0x11, 0x17, 0x2a, 0x1d, 
	0x11, 0x15, 0x19, 0x99, 0x21, 0xdb, 0x11, 0x55, 
	0x11, 0x57, 0x11, 0x17, 0x21, 0x59, 0x21, 0x99, 
	0x19, 0x57, 0x19, 0x55, 0x11, 0x13, 0x19, 0x55, 
	0x21, 0x97, 0x21, 0x97, 0x19, 0x15, 0x21, 0x55, 
	0x19, 0x15, 0x21, 0x57, 0x29, 0xd9, 0x32, 0x1b, 
	0x19, 0x15, 0x32, 0x1b, 0x10, 0xd3, 0x11, 0x11, 
	0x29, 0x55, 0x21, 0x55, 0x3a, 0x1b, 0x19, 0x13, 
	0x19, 0x13, 0x32, 0x1b, 0x29, 0xdb, 0x42, 0xe5, 
	0x4a, 0xe5, 0x29, 0xdb, 0x29, 0xdb, 0x31, 0xdb, 
	0x19, 0x17, 0x21, 0x59, 0x31, 0xdb, 0x3a, 0x1d, 
	0x4a, 0xa3, 0x21, 0x59, 0x29, 0x97, 0x21, 0x55, 
	0x21, 0x53, 0x21, 0x13, 0x31, 0xd9, 0x19, 0x15, 
	0x21, 0x55, 0x21, 0x55, 0x19, 0x13, 0x21, 0x13, 
	0x29, 0x95, 0x21, 0x13, 0x29, 0x53, 0x21, 0x13, 
	0x18, 0xd1, 0x29, 0x55, 0x19, 0x11, 0x19, 0x0f, 
	0x10, 0xcf, 0x18, 0xcf, 0x18, 0xcd, 0x10, 0xcd, 
	0x19, 0x0f, 0x21, 0x0f, 0x10, 0xcd, 0x10, 0x8b, 
	0x00, 0xcf, 0x08, 0xcf, 0x00, 0xcf, 0x09, 0x11, 
	0x11, 0x11, 0x08, 0xcf, 0x08, 0xcf, 0x00, 0xd1, 
	0x08, 0xd1, 0x08, 0xd1, 0x09, 0x11, 0x00, 0xcf, 
	0x09, 0x11, 0x08, 0xd1, 0x08, 0xcf, 0x00, 0xcf, 
	0x08, 0xcf, 0x08, 0xcf, 0x21, 0x95, 0x11, 0x13, 
	0x11, 0x13, 0x08, 0xcf, 0x11, 0x53, 0x19, 0x95, 
	0x11, 0x53, 0x11, 0x13, 0x19, 0x95, 0x01, 0x11, 
	0x09, 0x13, 0x09, 0x13, 0x09, 0x11, 0x19, 0x95, 
	0x11, 0x53, 0x01, 0x11, 0x09, 0x11, 0x00, 0xd1, 
	0x00, 0xcf, 0x00, 0xd1, 0x00, 0xd1, 0x08, 0xd3, 
	0x11, 0x13, 0x19, 0x97, 0x09, 0x13, 0x09, 0x13, 
	0x19, 0x55, 0x3a, 0x5b, 0x09, 0x13, 0x53, 0x27, 
	0x11, 0x57, 0x09, 0x15, 0x01, 0x13, 0x21, 0xd7, 
	0x09, 0x13, 0x11, 0x55, 0x19, 0x97, 0x11, 0x15, 
	0x11, 0x15, 0x11, 0x57, 0x11, 0x57, 0x21, 0xdb, 
	0x11, 0x57, 0x21, 0xdb, 0x09, 0x15, 0x19, 0x97, 
	0x11, 0x55, 0x21, 0x99, 0x19, 0x57, 0x19, 0x57, 
	0x19, 0x57, 0x21, 0x97, 0x21, 0x57, 0x19, 0x57, 
	0x19, 0x55, 0x19, 0x55, 0x29, 0x97, 0x29, 0xd9, 
	0x19, 0x55, 0x19, 0x57, 0x21, 0xd9, 0x32, 0x1b, 
	0x29, 0x97, 0x21, 0x55, 0x11, 0x13, 0x21, 0x55, 
	0x29, 0x97, 0x29, 0x57, 0x31, 0xdb, 0x29, 0xd9, 
	0x29, 0xd7, 0x32, 0x1d, 0x3a, 0x61, 0x3a, 0xa3, 
	0x3a, 0x5f, 0x21, 0x9b, 0x4a, 0xa1, 0x31, 0xdb, 
	0x21, 0x57, 0x29, 0x99, 0x3a, 0x1d, 0x31, 0xdd, 
	0x42, 0x61, 0x29, 0x9b, 0x29, 0x99, 0x3a, 0x1b, 
	0x29, 0x97, 0x21, 0x55, 0x21, 0x15, 0x21, 0x55, 
	0x21, 0x55, 0x21, 0x55, 0x21, 0x13, 0x29, 0x55, 
	0x19, 0x13, 0x29, 0x53, 0x19, 0x11, 0x21, 0x53, 
	0x21, 0x53, 0x19, 0x11, 0x10, 0xcf, 0x19, 0x11, 
	0x18, 0xcf, 0x18, 0xcf, 0x18, 0xcd, 0x18, 0xcf, 
	0x10, 0xcd, 0x21, 0x0f, 0x10, 0xcd, 0x10, 0xcb, 
	0x08, 0xcf, 0x19, 0x53, 0x09, 0x11, 0x11, 0x11, 
	0x08, 0xcf, 0x19, 0x53, 0x08, 0xcf, 0x09, 0x13, 
	0x29, 0xd9, 0x09, 0x11, 0x11, 0x11, 0x09, 0x0f, 
	0x09, 0x11, 0x09, 0x11, 0x11, 0x13, 0x09, 0x11, 
	0x08, 0xd1, 0x00, 0xd1, 0x21, 0x95, 0x11, 0x53, 
	0x09, 0x13, 0x00, 0xcf, 0x00, 0xcf, 0x09, 0x11, 
	0x08, 0xd1, 0x09, 0x13, 0x11, 0x53, 0x09, 0x13, 
	0x11, 0x53, 0x09, 0x13, 0x21, 0xd7, 0x09, 0x13, 
	0x11, 0x53, 0x11, 0x55, 0x09, 0x13, 0x09, 0x13, 
	0x08, 0xd1, 0x00, 0xd1, 0x11, 0x13, 0x31, 0xd9, 
	0x11, 0x15, 0x11, 0x97, 0x01, 0x13, 0x09, 0x13, 
	0x19, 0x57, 0x09, 0x15, 0x09, 0x15, 0x32, 0x61, 
	0x09, 0x57, 0x19, 0x57, 0x09, 0x13, 0x09, 0x13, 
	0x11, 0x55, 0x11, 0x55, 0x11, 0x55, 0x19, 0x97, 
	0x09, 0x15, 0x11, 0x57, 0x2a, 0x1d, 0x11, 0x15, 
	0x11, 0x57, 0x21, 0xdb, 0x11, 0x57, 0x09, 0x15, 
	0x21, 0xd9, 0x21, 0x99, 0x21, 0x99, 0x21, 0x99, 
	0x21, 0x99, 0x21, 0xd9, 0x29, 0xd9, 0x21, 0x97, 
	0x11, 0x13, 0x19, 0x55, 0x29, 0xd9, 0x21, 0x57, 
	0x19, 0x15, 0x32, 0x1b, 0x32, 0x1b, 0x11, 0x15, 
	0x29, 0xd9, 0x19, 0x55, 0x29, 0x97, 0x3a, 0x1b, 
	0x29, 0x97, 0x29, 0x99, 0x21, 0x99, 0x29, 0xd9, 
	0x21, 0x99, 0x3a, 0x5f, 0x6b, 0xeb, 0x2a, 0x21, 
	0x21, 0xdb, 0x3a, 0x1d, 0x52, 0xe3, 0x42, 0x5f, 
	0x29, 0x99, 0x29, 0x99, 0x31, 0xdd, 0x31, 0xdd, 
	0x31, 0xdd, 0x21, 0x99, 0x21, 0x57, 0x21, 0x55, 
	0x21, 0x55, 0x29, 0x57, 0x21, 0x57, 0x31, 0xdb, 
	0x21, 0x55, 0x19, 0x13, 0x29, 0x55, 0x21, 0x13, 
	0x29, 0x95, 0x21, 0x53, 0x18, 0xd1, 0x21, 0x53, 
	0x18, 0xd1, 0x19, 0x0f, 0x10, 0xcd, 0x19, 0x11, 
	0x21, 0x53, 0x21, 0x11, 0x18, 0xcf, 0x10, 0x8d, 
	0x21, 0x51, 0x19, 0x0f, 0x18, 0xcd, 0x10, 0xcb, 
	0x08, 0xd1, 0x19, 0x53, 0x00, 0xcf, 0x00, 0xcf, 
	0x00, 0xd1, 0x09, 0x11, 0x08, 0xcf, 0x08, 0xd1, 
	0x29, 0xd9, 0x09, 0x11, 0x09, 0x11, 0x08, 0xcf, 
	0x11, 0x53, 0x01, 0x11, 0x09, 0x11, 0x09, 0x11, 
	0x08, 0xd1, 0x00, 0xd1, 0x09, 0x13, 0x11, 0x13, 
	0x09, 0x11, 0x01, 0x11, 0x08, 0xd1, 0x00, 0xcf, 
	0x00, 0xd1, 0x00, 0xd1, 0x09, 0x13, 0x11, 0x13, 
	0x11, 0x53, 0x00, 0xd1, 0x09, 0x11, 0x00, 0xd1, 
	0x11, 0x55, 0x09, 0x13, 0x09, 0x13, 0x09, 0x13, 
	0x29, 0xd9, 0x09, 0x13, 0x09, 0x13, 0x32, 0x19, 
	0x09, 0x13, 0x2a, 0x1b, 0x09, 0x55, 0x19, 0x97, 
	0x01, 0x13, 0x09, 0x15, 0x11, 0x15, 0x32, 0x5d, 
	0x19, 0x97, 0x19, 0x97, 0x19, 0x99, 0x21, 0x97, 
	0x19, 0x97, 0x09, 0x13, 0x01, 0x13, 0x11, 0x57, 
	0x2a, 0x1d, 0x22, 0x1d, 0x21, 0xdb, 0x09, 0x15, 
	0x21, 0xdb, 0x2a, 0x1d, 0x19, 0x99, 0x09, 0x15, 
	0x19, 0x57, 0x21, 0x99, 0x29, 0xdb, 0x29, 0xdb, 
	0x29, 0xdb, 0x21, 0xd9, 0x19, 0x55, 0x32, 0x1b, 
	0x19, 0x15, 0x21, 0x97, 0x21, 0x55, 0x11, 0x13, 
	0x31, 0xd9, 0x19, 0x55, 0x21, 0x99, 0x19, 0x55, 
	0x19, 0x15, 0x31, 0xd9, 0x19, 0x55, 0x19, 0x15, 
	0x42, 0x5f, 0x31, 0xdb, 0x32, 0x1d, 0x3a, 0x5f, 
	0x3a, 0x61, 0x3a, 0x63, 0x42, 0xa5, 0x2a, 0x21, 
	0x42, 0xa3, 0x29, 0xdb, 0x29, 0x99, 0x3a, 0x1d, 
	0x29, 0x9b, 0x42, 0x5f, 0x31, 0xdd, 0x21, 0x9b, 
	0x3a, 0x1f, 0x29, 0x99, 0x21, 0x97, 0x29, 0x99, 
	0x21, 0x57, 0x29, 0x57, 0x21, 0x57, 0x39, 0xd9, 
	0x29, 0x95, 0x21, 0x13, 0x21, 0x13, 0x42, 0x19, 
	0x21, 0x13, 0x21, 0x13, 0x21, 0x55, 0x21, 0x55, 
	0x21, 0x53, 0x21, 0x13, 0x19, 0x13, 0x10, 0xcf, 
	0x19, 0x11, 0x21, 0x11, 0x18, 0xcf, 0x19, 0x0f, 
	0x18, 0xcf, 0x10, 0x8d, 0x18, 0xcd, 0x10, 0xcd, 
	0x08, 0xd1, 0x3a, 0x5b, 0x00, 0xcf, 0x09, 0x0f, 
	0x08, 0xd1, 0x00, 0xcf, 0x08, 0xcf, 0x00, 0xcf, 
	0x01, 0x13, 0x08, 0xcf, 0x11, 0x13, 0x08, 0xcf, 
	0x09, 0x11, 0x09, 0x13, 0x09, 0x13, 0x21, 0x95, 
	0x11, 0x13, 0x09, 0x11, 0x11, 0x53, 0x19, 0x55, 
	0x19, 0x55, 0x09, 0x53, 0x00, 0xd1, 0x00, 0xd1, 
	0x08, 0xd1, 0x09, 0x11, 0x11, 0x53, 0x09, 0x13, 
	0x09, 0x13, 0x09, 0x13, 0x00, 0xcf, 0x09, 0x11, 
	0x09, 0x13, 0x09, 0x13, 0x09, 0x13, 0x11, 0x55, 
	0x11, 0x53, 0x11, 0x55, 0x11, 0x55, 0x08, 0xd3, 
	0x11, 0x55, 0x09, 0x13, 0x09, 0x13, 0x01, 0x13, 
	0x21, 0x97, 0x29, 0xdb, 0x11, 0x55, 0x09, 0x15, 
	0x09, 0x15, 0x11, 0x55, 0x22, 0x1b, 0x09, 0x13, 
	0x21, 0xd9, 0x19, 0x97, 0x09, 0x13, 0x19, 0x97, 
	0x09, 0x57, 0x11, 0x99, 0x2a, 0x5f, 0x11, 0x97, 
	0x11, 0x57, 0x11, 0x57, 0x11, 0x55, 0x19, 0x97, 
	0x21, 0xd9, 0x32, 0x1b, 0x21, 0x99, 0x19, 0x57, 
	0x21, 0xd9, 0x32, 0x1d, 0x19, 0x15, 0x21, 0x97, 
	0x31, 0xd9, 0x19, 0x55, 0x11, 0x13, 0x21, 0x97, 
	0x21, 0x55, 0x21, 0x99, 0x19, 0x57, 0x21, 0x97, 
	0x21, 0x57, 0x29, 0x97, 0x31, 0xd9, 0x21, 0x97, 
	0x32, 0x1d, 0x29, 0xdb, 0x42, 0x61, 0x3a, 0x5f, 
	0x42, 0xa3, 0x4a, 0xe7, 0x3a, 0x65, 0x4a, 0xe7, 
	0x32, 0x1f, 0x3a, 0x5f, 0x31, 0xdd, 0x31, 0xdb, 
	0x31, 0xdb, 0x29, 0xdb, 0x3a, 0x1f, 0x42, 0x61, 
	0x29, 0x9b, 0x29, 0x99, 0x21, 0x57, 0x21, 0x57, 
	0x21, 0x97, 0x39, 0xdb, 0x29, 0x99, 0x21, 0x55, 
	0x29, 0x97, 0x21, 0x53, 0x29, 0x55, 0x21, 0x13, 
	0x19, 0x13, 0x19, 0x13, 0x31, 0x97, 0x31, 0x97, 
	0x29, 0x97, 0x3a, 0x1b, 0x21, 0x13, 0x21, 0x13, 
	0x21, 0x13, 0x18, 0xd1, 0x21, 0x53, 0x18, 0xcf, 
	0x18, 0xcf, 0x10, 0xcd, 0x18, 0xcf, 0x21, 0x11, 
	0x01, 0x11, 0x09, 0x11, 0x00, 0xcf, 0x09, 0x0f, 
	0x08, 0xcf, 0x00, 0xcf, 0x09, 0x11, 0x00, 0xcf, 
	0x09, 0x0f, 0x19, 0x51, 0x3a, 0x9d, 0x09, 0x11, 
	0x09, 0x11, 0x00, 0xd1, 0x09, 0x11, 0x09, 0x11, 
	0x00, 0xcf, 0x09, 0x13, 0x09, 0x13, 0x00, 0xd1, 
	0x09, 0x13, 0x09, 0x13, 0x01, 0x11, 0x00, 0xd1, 
	0x09, 0x13, 0x01, 0x13, 0x09, 0x13, 0x11, 0x53, 
	0x01, 0x11, 0x09, 0x53, 0x11, 0x53, 0x09, 0x13, 
	0x00, 0xd3, 0x11, 0x55, 0x09, 0x13, 0x09, 0x11, 
	0x09, 0x53, 0x19, 0x55, 0x09, 0x13, 0x09, 0x13, 
	0x11, 0x55, 0x11, 0x57, 0x19, 0x59, 0x11, 0x55, 
	0x11, 0x15, 0x19, 0x55, 0x09, 0x15, 0x11, 0x15, 
	0x11, 0x55, 0x09, 0x15, 0x21, 0x97, 0x11, 0x55, 
	0x11, 0x97, 0x09, 0x15, 0x11, 0x55, 0x21, 0xdb, 
	0x21, 0xdb, 0x21, 0xd9, 0x21, 0xd9, 0x19, 0x97, 
	0x3a, 0x5f, 0x21, 0xd9, 0x09, 0x15, 0x11, 0x55, 
	0x21, 0x99, 0x32, 0x5d, 0x42, 0xa1, 0x19, 0x59, 
	0x29, 0xdb, 0x21, 0x99, 0x21, 0x57, 0x29, 0x99, 
	0x21, 0x99, 0x19, 0x13, 0x19, 0x15, 0x31, 0xd9, 
	0x19, 0x15, 0x29, 0x99, 0x31, 0xdb, 0x29, 0x99, 
	0x19, 0x13, 0x21, 0x55, 0x19, 0x13, 0x29, 0x99, 
	0x31, 0xdd, 0x29, 0xdd, 0x32, 0x1d, 0x29, 0xdb, 
	0x42, 0xa3, 0x4a, 0xe7, 0x4a, 0xe7, 0x4a, 0xe7, 
	0x3a, 0xa1, 0x32, 0x1f, 0x3a, 0x1f, 0x31, 0xdd, 
	0x3a, 0x5f, 0x29, 0xdb, 0x3a, 0x1d, 0x31, 0xdd, 
	0x31, 0xdb, 0x3a, 0x1d, 0x42, 0x5f, 0x31, 0xdb, 
	0x29, 0x97, 0x21, 0x97, 0x29, 0xd9, 0x21, 0x55, 
	0x31, 0xd9, 0x29, 0x97, 0x19, 0x13, 0x19, 0x11, 
	0x29, 0x55, 0x19, 0x11, 0x29, 0x55, 0x21, 0x55, 
	0x21, 0x55, 0x42, 0x5d, 0x21, 0x55, 0x21, 0x53, 
	0x21, 0x11, 0x18, 0xcf, 0x10, 0xcd, 0x21, 0x11, 
	0x21, 0x11, 0x19, 0x0f, 0x18, 0xcf, 0x18, 0xcf, 
	0x09, 0x11, 0x09, 0x0f, 0x11, 0x51, 0x00, 0xcf, 
	0x08, 0xcf, 0x00, 0xcf, 0x09, 0x53, 0x01, 0x11, 
	0x09, 0x11, 0x09, 0x11, 0x19, 0x53, 0x09, 0x11, 
	0x09, 0x13, 0x01, 0x11, 0x00, 0xd1, 0x09, 0x11, 
	0x00, 0xd1, 0x01, 0x11, 0x01, 0x11, 0x00, 0xd1, 
	0x09, 0x11, 0x01, 0x11, 0x01, 0x13, 0x01, 0x11, 
	0x09, 0x13, 0x09, 0x13, 0x09, 0x13, 0x19, 0x55, 
	0x00, 0xd1, 0x01, 0x11, 0x11, 0x55, 0x09, 0x11, 
	0x11, 0x55, 0x11, 0x55, 0x09, 0x13, 0x01, 0x13, 
	0x09, 0x13, 0x00, 0xd1, 0x09, 0x13, 0x21, 0xd7, 
	0x09, 0x15, 0x21, 0x99, 0x42, 0xa1, 0x09, 0x15, 
	0x08, 0xd3, 0x09, 0x15, 0x11, 0x57, 0x01, 0x13, 
	0x11, 0x97, 0x09, 0x13, 0x09, 0x13, 0x21, 0x97, 
	0x11, 0x97, 0x11, 0x57, 0x09, 0x15, 0x09, 0x15, 
	0x11, 0x97, 0x32, 0x5d, 0x09, 0x55, 0x11, 0x57, 
	0x11, 0x57, 0x19, 0x99, 0x11, 0x97, 0x21, 0x97, 
	0x19, 0x97, 0x21, 0x99, 0x29, 0x99, 0x19, 0x59, 
	0x21, 0x99, 0x29, 0xdb, 0x21, 0x57, 0x31, 0xdb, 
	0x19, 0x57, 0x21, 0x55, 0x21, 0x97, 0x19, 0x55, 
	0x19, 0x55, 0x3a, 0x1d, 0x29, 0xd9, 0x21, 0x55, 
	0x19, 0x13, 0x29, 0xd7, 0x21, 0x55, 0x21, 0x57, 
	0x42, 0x61, 0x32, 0x1f, 0x29, 0xdd, 0x32, 0x1f, 
	0x4b, 0x27, 0x42, 0xa5, 0x4a, 0xe5, 0x3a, 0x61, 
	0x3a, 0x5f, 0x32, 0x1d, 0x42, 0xa3, 0x32, 0x1f, 
	0x32, 0x1d, 0x31, 0xdd, 0x42, 0xa1, 0x29, 0xdb, 
	0x42, 0x5f, 0x29, 0x99, 0x29, 0x99, 0x3a, 0x1d, 
	0x21, 0x57, 0x29, 0xd9, 0x21, 0x97, 0x21, 0x55, 
	0x31, 0x97, 0x29, 0x97, 0x19, 0x13, 0x29, 0x55, 
	0x29, 0x95, 0x21, 0x53, 0x21, 0x55, 0x42, 0x5b, 
	0x31, 0xd9, 0x21, 0x15, 0x21, 0x55, 0x18, 0xd1, 
	0x18, 0xd1, 0x18, 0xcf, 0x10, 0xcf, 0x29, 0x53, 
	0x18, 0xcf, 0x21, 0x11, 0x21, 0x11, 0x10, 0x8d, 
	0x09, 0x13, 0x09, 0x11, 0x09, 0x11, 0x00, 0xcf, 
	0x00, 0xcf, 0x09, 0x11, 0x01, 0x11, 0x01, 0x11, 
	0x09, 0x11, 0x01, 0x11, 0x00, 0xd1, 0x01, 0x11, 
	0x19, 0x53, 0x09, 0x11, 0x01, 0x11, 0x11, 0x55, 
	0x21, 0x95, 0x09, 0x13, 0x09, 0x13, 0x09, 0x13, 
	0x09, 0x13, 0x09, 0x11, 0x11, 0x55, 0x11, 0x53, 
	0x11, 0x53, 0x11, 0x55, 0x01, 0x11, 0x11, 0x13, 
	0x09, 0x11, 0x09, 0x11, 0x11, 0x55, 0x01, 0x11, 
	0x19, 0x97, 0x19, 0xdb, 0x21, 0xdb, 0x09, 0x13, 
	0x01, 0x11, 0x00, 0xd1, 0x11, 0x55, 0x11, 0x55, 
	0x09, 0x57, 0x11, 0x17, 0x19, 0xdb, 0x11, 0x15, 
	0x09, 0x13, 0x11, 0x55, 0x09, 0x13, 0x09, 0x13, 
	0x19, 0x97, 0x11, 0x15, 0x11, 0x55, 0x11, 0x55, 
	0x19, 0x97, 0x32, 0x1b, 0x09, 0x55, 0x09, 0x15, 
	0x19, 0x97, 0x22, 0x1b, 0x19, 0x99, 0x19, 0x99, 
	0x19, 0x97, 0x19, 0x97, 0x21, 0xd9, 0x29, 0xd9, 
	0x21, 0x97, 0x19, 0x57, 0x21, 0xdb, 0x11, 0x15, 
	0x42, 0x9f, 0x19, 0x57, 0x32, 0x1b, 0x21, 0x97, 
	0x32, 0x1b, 0x42, 0x5b, 0x31, 0xd9, 0x10, 0xd3, 
	0x19, 0x57, 0x21, 0x57, 0x29, 0x99, 0x21, 0x57, 
	0x29, 0x97, 0x21, 0x57, 0x21, 0x55, 0x21, 0x97, 
	0x42, 0x61, 0x29, 0xdd, 0x42, 0xa1, 0x29, 0xdd, 
	0x4b, 0x25, 0x63, 0xed, 0x42, 0xa3, 0x21, 0x9b, 
	0x3a, 0x5f, 0x3a, 0x61, 0x4a, 0xe7, 0x42, 0x63, 
	0x32, 0x1f, 0x3a, 0x5f, 0x32, 0x1d, 0x29, 0x9b, 
	0x21, 0x59, 0x21, 0x57, 0x29, 0x97, 0x42, 0x1d, 
	0x29, 0x99, 0x31, 0xd9, 0x21, 0x57, 0x21, 0x57, 
	0x29, 0x97, 0x29, 0x57, 0x19, 0x13, 0x21, 0x53, 
	0x21, 0x13, 0x21, 0x13, 0x19, 0x13, 0x21, 0x13, 
	0x19, 0x15, 0x3a, 0x1b, 0x19, 0x11, 0x21, 0x11, 
	0x18, 0xd1, 0x18, 0xcf, 0x21, 0x51, 0x19, 0x0f, 
	0x21, 0x11, 0x31, 0x95, 0x10, 0x8d, 0x10, 0xcd, 
	0x32, 0x5d, 0x32, 0x1b, 0x00, 0xcf, 0x08, 0xcf, 
	0x01, 0x0f, 0x09, 0x13, 0x09, 0x13, 0x09, 0x11, 
	0x09, 0x11, 0x11, 0x53, 0x01, 0x11, 0x09, 0x11, 
	0x09, 0x11, 0x09, 0x11, 0x09, 0x11, 0x09, 0x13, 
	0x11, 0x55, 0x09, 0x13, 0x09, 0x13, 0x09, 0x13, 
	0x00, 0xd1, 0x32, 0x5b, 0x19, 0x55, 0x11, 0x55, 
	0x01, 0x13, 0x09, 0x13, 0x09, 0x13, 0x09, 0x13, 
	0x09, 0x13, 0x00, 0xd1, 0x09, 0x13, 0x09, 0x53, 
	0x09, 0x55, 0x09, 0x57, 0x19, 0x99, 0x09, 0x13, 
	0x09, 0x13, 0x09, 0x13, 0x11, 0x13, 0x09, 0x13, 
	0x19, 0x55, 0x2a, 0x1b, 0x01, 0x15, 0x11, 0x13, 
	0x19, 0x57, 0x11, 0x55, 0x09, 0x13, 0x09, 0x55, 
	0x11, 0x97, 0x11, 0x55, 0x11, 0x57, 0x11, 0x15, 
	0x19, 0x97, 0x11, 0x55, 0x09, 0x55, 0x11, 0x57, 
	0x11, 0x97, 0x2a, 0x1b, 0x32, 0x5d, 0x11, 0x57, 
	0x19, 0x97, 0x21, 0xd9, 0x21, 0x99, 0x21, 0xd9, 
	0x21, 0x99, 0x09, 0x13, 0x21, 0xd9, 0x32, 0x1b, 
	0x19, 0x99, 0x29, 0xdb, 0x21, 0xd9, 0x21, 0x99, 
	0x19, 0x57, 0x19, 0x15, 0x21, 0x55, 0x21, 0x55, 
	0x21, 0x57, 0x21, 0x57, 0x29, 0xd9, 0x31, 0xdb, 
	0x19, 0x15, 0x21, 0x55, 0x21, 0x55, 0x21, 0x57, 
	0x3a, 0x5f, 0x29, 0xdd, 0x32, 0x1d, 0x42, 0xa1, 
	0x42, 0xa1, 0x42, 0xe3, 0x32, 0x1f, 0x32, 0x1f, 
	0x3a, 0x61, 0x3a, 0x61, 0x32, 0x21, 0x3a, 0x61, 
	0x3a, 0x1f, 0x3a, 0x61, 0x21, 0x9b, 0x32, 0x1d, 
	0x31, 0xdb, 0x21, 0x97, 0x31, 0xd9, 0x31, 0xd9, 
	0x21, 0x57, 0x21, 0x55, 0x21, 0x55, 0x21, 0x57, 
	0x29, 0x97, 0x29, 0x55, 0x21, 0x13, 0x19, 0x13, 
	0x21, 0x13, 0x19, 0x13, 0x19, 0x13, 0x21, 0x13, 
	0x19, 0x13, 0x19, 0x11, 0x18, 0xcf, 0x18, 0xd1, 
	0x21, 0x13, 0x10, 0xcf, 0x19, 0x0f, 0x21, 0x11, 
	0x21, 0x11, 0x31, 0x95, 0x19, 0x0f, 0x21, 0x0f, 
	0x01, 0x15, 0x09, 0x13, 0x09, 0x11, 0x09, 0x11, 
	0x09, 0x53, 0x09, 0x53, 0x00, 0xd1, 0x01, 0x11, 
	0x11, 0x13, 0x09, 0x13, 0x09, 0x53, 0x01, 0x11, 
	0x09, 0x11, 0x09, 0x11, 0x09, 0x11, 0x21, 0xd7, 
	0x09, 0x13, 0x01, 0x13, 0x21, 0x55, 0x21, 0x95, 
	0x01, 0x13, 0x19, 0x55, 0x09, 0x13, 0x09, 0x53, 
	0x09, 0x13, 0x11, 0x55, 0x09, 0x13, 0x19, 0x55, 
	0x11, 0x55, 0x11, 0x55, 0x21, 0xd9, 0x11, 0x95, 
	0x09, 0x15, 0x11, 0x57, 0x11, 0x57, 0x09, 0x11, 
	0x09, 0x11, 0x09, 0x13, 0x11, 0x55, 0x19, 0x55, 
	0x32, 0x1b, 0x09, 0x15, 0x11, 0x55, 0x19, 0x55, 
	0x11, 0x55, 0x19, 0x97, 0x09, 0x15, 0x21, 0xd9, 
	0x09, 0x15, 0x21, 0xd9, 0x11, 0x57, 0x2a, 0x1b, 
	0x11, 0x97, 0x19, 0xd9, 0x11, 0x57, 0x19, 0x99, 
	0x21, 0xd9, 0x22, 0x1b, 0x21, 0xdb, 0x19, 0x97, 
	0x2a, 0x1b, 0x2a, 0x1d, 0x21, 0xd9, 0x11, 0x55, 
	0x19, 0x97, 0x19, 0x55, 0x19, 0x97, 0x32, 0x1b, 
	0x21, 0x99, 0x32, 0x1b, 0x09, 0x15, 0x19, 0x57, 
	0x21, 0x99, 0x11, 0x13, 0x19, 0x55, 0x31, 0xd9, 
	0x3a, 0x5d, 0x32, 0x1b, 0x31, 0xdb, 0x21, 0x57, 
	0x29, 0x99, 0x32, 0x1b, 0x32, 0x1b, 0x31, 0xdb, 
	0x3a, 0x61, 0x29, 0xdd, 0x32, 0x1d, 0x31, 0xdd, 
	0x21, 0x99, 0x42, 0x5f, 0x29, 0xdd, 0x32, 0x1f, 
	0x4a, 0xe5, 0x3a, 0x61, 0x3a, 0x63, 0x3a, 0x63, 
	0x3a, 0x1f, 0x3a, 0x61, 0x31, 0xdd, 0x4a, 0xa1, 
	0x29, 0x99, 0x31, 0xd9, 0x32, 0x1b, 0x29, 0x97, 
	0x3a, 0x1b, 0x29, 0x97, 0x21, 0x55, 0x21, 0x57, 
	0x29, 0x97, 0x29, 0x55, 0x39, 0xd9, 0x21, 0x55, 
	0x21, 0x13, 0x19, 0x11, 0x29, 0x95, 0x21, 0x13, 
	0x19, 0x13, 0x10, 0xcf, 0x18, 0xcf, 0x21, 0x11, 
	0x19, 0x11, 0x21, 0x11, 0x19, 0x0f, 0x18, 0xcf, 
	0x18, 0xcf, 0x18, 0xcf, 0x18, 0xcd, 0x21, 0x0f, 
	0x09, 0x13, 0x01, 0x11, 0x11, 0x53, 0x09, 0x11, 
	0x09, 0x11, 0x01, 0x11, 0x00, 0xcf, 0x09, 0x11, 
	0x09, 0x11, 0x11, 0x13, 0x09, 0x13, 0x09, 0x11, 
	0x01, 0x13, 0x01, 0x13, 0x01, 0x11, 0x09, 0x13, 
	0x21, 0xd9, 0x01, 0x13, 0x21, 0xd7, 0x2a, 0x19, 
	0x09, 0x15, 0x21, 0xd9, 0x09, 0x15, 0x01, 0x13, 
	0x11, 0x55, 0x09, 0x13, 0x01, 0x11, 0x01, 0x11, 
	0x09, 0x13, 0x11, 0x55, 0x09, 0x13, 0x19, 0x97, 
	0x09, 0x13, 0x09, 0x13, 0x00, 0xd1, 0x01, 0x13, 
	0x01, 0x11, 0x09, 0x13, 0x09, 0x13, 0x11, 0x57, 
	0x09, 0x13, 0x09, 0x13, 0x11, 0x57, 0x09, 0x55, 
	0x11, 0x55, 0x09, 0x13, 0x19, 0xd9, 0x09, 0x13, 
	0x19, 0x57, 0x09, 0x57, 0x19, 0x97, 0x11, 0x55, 
	0x11, 0x97, 0x11, 0x97, 0x32, 0x1d, 0x19, 0x99, 
	0x21, 0xdb, 0x21, 0xd9, 0x19, 0xd9, 0x2a, 0x1b, 
	0x21, 0xdb, 0x3a, 0x5f, 0x21, 0xdb, 0x3a, 0x5d, 
	0x21, 0xd9, 0x3a, 0x5d, 0x21, 0xdb, 0x29, 0xdb, 
	0x19, 0x57, 0x21, 0x97, 0x3a, 0x5d, 0x4b, 0x23, 
	0x19, 0x55, 0x19, 0x13, 0x3a, 0x19, 0x19, 0x55, 
	0x21, 0x97, 0x31, 0xdb, 0x29, 0xdb, 0x21, 0x99, 
	0x21, 0x99, 0x29, 0x9b, 0x32, 0x1d, 0x32, 0x1d, 
	0x42, 0xa3, 0x3a, 0xa3, 0x32, 0x1d, 0x21, 0x99, 
	0x3a, 0x1d, 0x31, 0xdb, 0x3a, 0x61, 0x42, 0xa3, 
	0x4a, 0xe7, 0x32, 0x1f, 0x4a, 0xe7, 0x53, 0x27, 
	0x32, 0x1f, 0x32, 0x1f, 0x31, 0xdd, 0x3a, 0x5f, 
	0x29, 0x9b, 0x42, 0x5f, 0x29, 0x99, 0x21, 0x57, 
	0x29, 0x57, 0x21, 0x55, 0x21, 0x15, 0x31, 0xd9, 
	0x29, 0x57, 0x29, 0x95, 0x31, 0xd9, 0x21, 0x15, 
	0x31, 0x97, 0x21, 0x55, 0x39, 0xd9, 0x19, 0x13, 
	0x39, 0xd7, 0x18, 0xd1, 0x21, 0x11, 0x21, 0x11, 
	0x21, 0x11, 0x20, 0xcf, 0x18, 0xcf, 0x18, 0xcf, 
	0x3a, 0x17, 0x18, 0xcf, 0x18, 0xcd, 0x31, 0x93, 
	0x00, 0xd1, 0x01, 0x11, 0x09, 0x11, 0x09, 0x11, 
	0x01, 0x11, 0x09, 0x11, 0x09, 0x13, 0x19, 0x95, 
	0x09, 0x13, 0x11, 0x13, 0x09, 0x11, 0x21, 0x95, 
	0x09, 0x13, 0x00, 0xd1, 0x09, 0x13, 0x09, 0x55, 
	0x21, 0x97, 0x01, 0x13, 0x11, 0x55, 0x09, 0x13, 
	0x01, 0x15, 0x11, 0x55, 0x09, 0x55, 0x09, 0x13, 
	0x11, 0x55, 0x09, 0x55, 0x19, 0x95, 0x01, 0x13, 
	0x11, 0x53, 0x11, 0x97, 0x11, 0x55, 0x11, 0x55, 
	0x09, 0x13, 0x00, 0xd1, 0x09, 0x13, 0x01, 0x13, 
	0x01, 0x11, 0x2a, 0x1b, 0x11, 0x55, 0x11, 0x57, 
	0x21, 0x97, 0x09, 0x13, 0x09, 0x15, 0x09, 0x13, 
	0x09, 0x13, 0x09, 0x15, 0x19, 0x97, 0x09, 0x15, 
	0x21, 0x99, 0x21, 0xd9, 0x19, 0x99, 0x19, 0x97, 
	0x09, 0x57, 0x11, 0x97, 0x21, 0xd9, 0x19, 0xdb, 
	0x19, 0x99, 0x21, 0xdb, 0x19, 0x99, 0x21, 0xdb, 
	0x19, 0x57, 0x3a, 0x5f, 0x29, 0xdb, 0x19, 0x99, 
	0x32, 0x5f, 0x21, 0xdb, 0x3a, 0x5f, 0x21, 0x99, 
	0x11, 0x15, 0x21, 0x97, 0x21, 0x97, 0x3a, 0x5d, 
	0x21, 0x55, 0x19, 0x13, 0x21, 0x55, 0x21, 0x55, 
	0x19, 0x55, 0x21, 0x97, 0x29, 0x99, 0x19, 0x57, 
	0x21, 0x99, 0x3a, 0x5f, 0x52, 0xe3, 0x29, 0xdb, 
	0x4a, 0xe5, 0x4a, 0xe5, 0x29, 0xdb, 0x29, 0x97, 
	0x3a, 0x1b, 0x42, 0x5f, 0x42, 0xa3, 0x32, 0x61, 
	0x3a, 0x63, 0x3a, 0x63, 0x32, 0x61, 0x53, 0x25, 
	0x29, 0xdd, 0x32, 0x1f, 0x21, 0x99, 0x21, 0x59, 
	0x31, 0xdb, 0x42, 0x5f, 0x21, 0x97, 0x21, 0x55, 
	0x29, 0x97, 0x29, 0x97, 0x31, 0xd9, 0x29, 0x97, 
	0x21, 0x15, 0x31, 0xd9, 0x42, 0x5d, 0x63, 0x23, 
	0x21, 0x15, 0x29, 0x57, 0x21, 0x13, 0x21, 0x53, 
	0x31, 0x97, 0x21, 0x13, 0x21, 0x11, 0x21, 0x11, 
	0x18, 0xcf, 0x21, 0x0f, 0x31, 0x95, 0x21, 0x11, 
	0x4a, 0x5b, 0x21, 0x11, 0x18, 0xcf, 0x31, 0x53, 
	0x09, 0x11, 0x09, 0x11, 0x01, 0x11, 0x11, 0x95, 
	0x09, 0x11, 0x11, 0x13, 0x09, 0x11, 0x11, 0x53, 
	0x09, 0x13, 0x11, 0x53, 0x09, 0x11, 0x11, 0x53, 
	0x21, 0xd7, 0x09, 0x13, 0x00, 0xd1, 0x09, 0x15, 
	0x3a, 0x5b, 0x11, 0x55, 0x01, 0x13, 0x01, 0x13, 
	0x19, 0xd9, 0x09, 0x13, 0x09, 0x13, 0x09, 0x55, 
	0x09, 0x13, 0x32, 0x1b, 0x11, 0x55, 0x09, 0x13, 
	0x09, 0x13, 0x01, 0x13, 0x11, 0x95, 0x09, 0x55, 
	0x09, 0x13, 0x09, 0x13, 0x19, 0x95, 0x09, 0x13, 
	0x09, 0x13, 0x09, 0x13, 0x11, 0x57, 0x11, 0x57, 
	0x21, 0xd7, 0x11, 0x55, 0x19, 0x95, 0x09, 0x53, 
	0x09, 0x55, 0x21, 0xd9, 0x19, 0x97, 0x21, 0xdb, 
	0x11, 0x57, 0x2a, 0x1b, 0x32, 0x5d, 0x11, 0x97, 
	0x11, 0x97, 0x19, 0x99, 0x2a, 0x1d, 0x19, 0xdb, 
	0x19, 0xdb, 0x19, 0x97, 0x21, 0xdb, 0x19, 0x57, 
	0x19, 0x99, 0x19, 0x57, 0x19, 0x57, 0x29, 0xdb, 
	0x2a, 0x5f, 0x2a, 0x1d, 0x32, 0x5f, 0x19, 0x55, 
	0x21, 0x97, 0x29, 0xd9, 0x29, 0x97, 0x11, 0x13, 
	0x29, 0x97, 0x19, 0x53, 0x11, 0x11, 0x21, 0x55, 
	0x21, 0x97, 0x21, 0x99, 0x29, 0xd9, 0x32, 0x1b, 
	0x3a, 0x61, 0x4a, 0xa1, 0x29, 0xdb, 0x31, 0xdb, 
	0x42, 0x61, 0x32, 0x1f, 0x29, 0xdb, 0x29, 0xd9, 
	0x29, 0x99, 0x42, 0x5d, 0x53, 0x27, 0x3a, 0xa3, 
	0x32, 0x63, 0x32, 0x61, 0x32, 0x21, 0x29, 0xdd, 
	0x32, 0x1d, 0x3a, 0x5f, 0x29, 0x9b, 0x29, 0x99, 
	0x4a, 0xa1, 0x21, 0x57, 0x31, 0xd9, 0x21, 0x57, 
	0x31, 0xd9, 0x31, 0x99, 0x21, 0x55, 0x29, 0x97, 
	0x31, 0x99, 0x21, 0x57, 0x29, 0x99, 0x31, 0x9b, 
	0x21, 0x15, 0x19, 0x13, 0x31, 0x97, 0x19, 0x13, 
	0x18, 0xd1, 0x21, 0x13, 0x21, 0x11, 0x18, 0xcf, 
	0x29, 0x53, 0x18, 0xcf, 0x18, 0xcf, 0x18, 0xcf, 
	0x18, 0xcf, 0x18, 0xcf, 0x18, 0xcd, 0x18, 0xcd, 
	0x09, 0x11, 0x11, 0x53, 0x09, 0x53, 0x09, 0x11, 
	0x09, 0x13, 0x09, 0x13, 0x11, 0x53, 0x01, 0x13, 
	0x09, 0x13, 0x01, 0x11, 0x01, 0x11, 0x09, 0x13, 
	0x09, 0x13, 0x09, 0x13, 0x01, 0x13, 0x01, 0x13, 
	0x09, 0x13, 0x09, 0x13, 0x09, 0x13, 0x09, 0x13, 
	0x01, 0x13, 0x19, 0x97, 0x09, 0x13, 0x09, 0x55, 
	0x01, 0x15, 0x09, 0x15, 0x09, 0x55, 0x21, 0xd9, 
	0x09, 0x55, 0x01, 0x13, 0x19, 0xd7, 0x09, 0x13, 
	0x01, 0x13, 0x01, 0x13, 0x09, 0x13, 0x09, 0x55, 
	0x19, 0xd9, 0x09, 0x55, 0x21, 0xd9, 0x11, 0x57, 
	0x19, 0x99, 0x2a, 0x19, 0x19, 0x55, 0x11, 0x55, 
	0x09, 0x55, 0x11, 0x55, 0x21, 0xd9, 0x2a, 0x1b, 
	0x2a, 0x1b, 0x21, 0xdb, 0x11, 0x57, 0x19, 0x99, 
	0x09, 0x57, 0x21, 0xdb, 0x19, 0x99, 0x19, 0xdb, 
	0x21, 0xdb, 0x11, 0x57, 0x21, 0xdb, 0x11, 0x57, 
	0x19, 0x99, 0x2a, 0x1d, 0x2a, 0x1d, 0x21, 0xdb, 
	0x21, 0xdb, 0x2a, 0x1d, 0x19, 0x97, 0x21, 0x55, 
	0x21, 0x97, 0x19, 0x13, 0x29, 0x97, 0x21, 0x55, 
	0x19, 0x13, 0x21, 0x55, 0x29, 0x95, 0x19, 0x13, 
	0x21, 0x55, 0x42, 0x5d, 0x42, 0x9f, 0x21, 0x99, 
	0x3a, 0x61, 0x32, 0x1f, 0x29, 0xdb, 0x5b, 0x27, 
	0x4a, 0xa5, 0x32, 0x5f, 0x3a, 0x5d, 0x32, 0x1d, 
	0x4a, 0x9f, 0x42, 0x5f, 0x4b, 0x25, 0x3a, 0xa3, 
	0x4b, 0x27, 0x32, 0x61, 0x32, 0x61, 0x21, 0xdb, 
	0x3a, 0x5f, 0x31, 0xdb, 0x29, 0xdb, 0x21, 0x57, 
	0x29, 0x99, 0x21, 0x57, 0x29, 0x57, 0x31, 0xd9, 
	0x31, 0x99, 0x31, 0xd9, 0x29, 0x97, 0x21, 0x55, 
	0x29, 0x99, 0x21, 0x15, 0x29, 0x57, 0x21, 0x15, 
	0x52, 0x9f, 0x39, 0xdb, 0x21, 0x13, 0x21, 0x53, 
	0x19, 0x11, 0x19, 0x11, 0x19, 0x11, 0x21, 0x11, 
	0x18, 0xcf, 0x18, 0x8d, 0x39, 0xd5, 0x20, 0xcf, 
	0x18, 0xcf, 0x4a, 0x59, 0x18, 0x8d, 0x18, 0xcf, 
	0x09, 0x11, 0x11, 0x53, 0x09, 0x11, 0x01, 0x13, 
	0x11, 0x95, 0x00, 0xd1, 0x09, 0x11, 0x01, 0x11, 
	0x09, 0x13, 0x00, 0xd1, 0x09, 0x13, 0x09, 0x13, 
	0x11, 0x55, 0x09, 0x13, 0x09, 0x55, 0x09, 0x55, 
	0x01, 0x13, 0x09, 0x55, 0x09, 0x55, 0x09, 0x55, 
	0x09, 0x13, 0x11, 0x55, 0x09, 0x53, 0x09, 0x55, 
	0x01, 0x15, 0x09, 0x15, 0x09, 0x15, 0x2a, 0x19, 
	0x09, 0x13, 0x01, 0x13, 0x01, 0x13, 0x01, 0x13, 
	0x01, 0x13, 0x09, 0x13, 0x21, 0xd9, 0x09, 0x15, 
	0x11, 0x55, 0x11, 0x57, 0x11, 0x55, 0x09, 0x15, 
	0x09, 0x15, 0x09, 0x13, 0x19, 0x95, 0x21, 0x97, 
	0x09, 0x55, 0x11, 0x97, 0x32, 0x5d, 0x11, 0x55, 
	0x11, 0x57, 0x09, 0x57, 0x11, 0x59, 0x19, 0x99, 
	0x11, 0x57, 0x19, 0xd9, 0x19, 0x99, 0x2a, 0x1d, 
	0x21, 0xdb, 0x11, 0x57, 0x21, 0xdb, 0x21, 0xdb, 
	0x11, 0x99, 0x3a, 0xa1, 0x32, 0x5f, 0x2a, 0x1b, 
	0x21, 0x99, 0x19, 0x97, 0x19, 0x55, 0x21, 0x57, 
	0x19, 0x13, 0x21, 0x95, 0x19, 0x53, 0x19, 0x13, 
	0x31, 0xd9, 0x29, 0x95, 0x19, 0x13, 0x29, 0xd9, 
	0x21, 0x55, 0x31, 0xdb, 0x4a, 0xa3, 0x32, 0x1f, 
	0x32, 0x1f, 0x3a, 0x1f, 0x3a, 0x5d, 0x31, 0xdd, 
	0x42, 0xa3, 0x3a, 0x5f, 0x21, 0x99, 0x21, 0x59, 
	0x42, 0x61, 0x31, 0xdd, 0x4a, 0xe5, 0x32, 0x61, 
	0x2a, 0x1f, 0x42, 0xa3, 0x4a, 0xe5, 0x21, 0xdb, 
	0x53, 0x25, 0x29, 0x9b, 0x29, 0xd9, 0x31, 0xdb, 
	0x29, 0x99, 0x29, 0x99, 0x29, 0x99, 0x31, 0xd9, 
	0x29, 0x97, 0x29, 0x97, 0x21, 0x55, 0x29, 0x57, 
	0x31, 0xd9, 0x21, 0x55, 0x42, 0x1b, 0x29, 0x55, 
	0x29, 0x55, 0x31, 0x97, 0x29, 0x97, 0x21, 0x55, 
	0x18, 0xd1, 0x21, 0x53, 0x19, 0x11, 0x31, 0x95, 
	0x21, 0x0f, 0x18, 0xcf, 0x21, 0x0f, 0x21, 0x0f, 
	0x18, 0xcf, 0x18, 0xcd, 0x18, 0xcd, 0x18, 0xcd, 
	0x01, 0x11, 0x01, 0x11, 0x09, 0x11, 0x09, 0x13, 
	0x09, 0x53, 0x00, 0xd1, 0x09, 0x11, 0x09, 0x11, 
	0x09, 0x11, 0x09, 0x13, 0x09, 0x13, 0x09, 0x13, 
	0x01, 0x11, 0x01, 0x13, 0x09, 0x53, 0x09, 0x55, 
	0x01, 0x13, 0x09, 0x13, 0x09, 0x13, 0x09, 0x15, 
	0x01, 0x13, 0x09, 0x13, 0x09, 0x13, 0x11, 0x55, 
	0x11, 0x55, 0x09, 0x15, 0x09, 0x15, 0x11, 0x55, 
	0x11, 0x55, 0x09, 0x13, 0x11, 0x53, 0x01, 0x13, 
	0x19, 0x97, 0x09, 0x13, 0x11, 0x97, 0x09, 0x55, 
	0x09, 0x55, 0x11, 0x97, 0x11, 0x57, 0x09, 0x15, 
	0x11, 0x55, 0x19, 0x99, 0x11, 0x55, 0x19, 0x95, 
	0x09, 0x13, 0x09, 0x55, 0x09, 0x55, 0x09, 0x13, 
	0x09, 0x15, 0x09, 0x15, 0x2a, 0x1b, 0x19, 0xdb, 
	0x21, 0xdb, 0x2a, 0x1b, 0x19, 0x99, 0x21, 0xdb, 
	0x21, 0xdb, 0x11, 0x99, 0x2a, 0x5d, 0x19, 0xdb, 
	0x2a, 0x5f, 0x4b, 0x65, 0x22, 0x1d, 0x2a, 0x5b, 
	0x19, 0xd9, 0x19, 0x57, 0x42, 0x5f, 0x21, 0x57, 
	0x10, 0xd1, 0x21, 0x95, 0x31, 0xd7, 0x21, 0x55, 
	0x29, 0xd9, 0x21, 0x53, 0x19, 0x13, 0x29, 0x97, 
	0x21, 0x99, 0x3a, 0x5f, 0x53, 0x27, 0x42, 0xa1, 
	0x4b, 0x25, 0x31, 0xdb, 0x29, 0x99, 0x3a, 0x1d, 
	0x4a, 0xe3, 0x42, 0x9f, 0x29, 0x99, 0x3a, 0x1d, 
	0x29, 0xdb, 0x29, 0xdb, 0x3a, 0x5f, 0x4a, 0xe5, 
	0x32, 0x61, 0x32, 0x1d, 0x32, 0x5f, 0x21, 0xdb, 
	0x32, 0x1d, 0x29, 0xdb, 0x31, 0xdb, 0x32, 0x1b, 
	0x31, 0xd9, 0x31, 0x99, 0x29, 0x55, 0x4a, 0x5d, 
	0x29, 0x97, 0x21, 0x55, 0x29, 0x97, 0x21, 0x53, 
	0x21, 0x13, 0x29, 0x55, 0x31, 0x97, 0x21, 0x13, 
	0x21, 0x53, 0x29, 0x55, 0x21, 0x13, 0x42, 0x1b, 
	0x21, 0x13, 0x19, 0x11, 0x18, 0xd1, 0x21, 0x11, 
	0x29, 0x53, 0x21, 0x11, 0x18, 0xcf, 0x21, 0x11, 
	0x18, 0xcf, 0x29, 0x11, 0x21, 0x0f, 0x31, 0x53, 
	0x01, 0x11, 0x01, 0x11, 0x01, 0x11, 0x11, 0x55, 
	0x09, 0x13, 0x01, 0x11, 0x09, 0x11, 0x09, 0x13, 
	0x01, 0x11, 0x19, 0x95, 0x09, 0x53, 0x19, 0x95, 
	0x11, 0x53, 0x01, 0x13, 0x01, 0x13, 0x09, 0x55, 
	0x09, 0x13, 0x09, 0x55, 0x09, 0x55, 0x09, 0x55, 
	0x11, 0x55, 0x09, 0x13, 0x11, 0x55, 0x09, 0x15, 
	0x11, 0x57, 0x09, 0x55, 0x19, 0x97, 0x11, 0x95, 
	0x19, 0x97, 0x11, 0x53, 0x11, 0x55, 0x09, 0x13, 
	0x32, 0x5d, 0x09, 0x13, 0x09, 0x55, 0x11, 0x55, 
	0x19, 0x97, 0x09, 0x15, 0x01, 0x13, 0x09, 0x13, 
	0x09, 0x15, 0x19, 0x97, 0x09, 0x15, 0x09, 0x13, 
	0x11, 0x95, 0x09, 0x55, 0x09, 0x55, 0x19, 0x97, 
	0x11, 0x57, 0x11, 0x57, 0x42, 0xe1, 0x11, 0x57, 
	0x42, 0xe1, 0x19, 0xd9, 0x19, 0x99, 0x11, 0x57, 
	0x21, 0xdb, 0x19, 0xd9, 0x19, 0x99, 0x22, 0x1b, 
	0x2a, 0x1d, 0x22, 0x1b, 0x21, 0xdb, 0x21, 0xd9, 
	0x32, 0x5d, 0x29, 0xdb, 0x21, 0x99, 0x11, 0x13, 
	0x21, 0x55, 0x11, 0x13, 0x19, 0x13, 0x21, 0x55, 
	0x29, 0x97, 0x31, 0xd9, 0x42, 0x5b, 0x21, 0x55, 
	0x21, 0x97, 0x29, 0xdb, 0x42, 0xa3, 0x3a, 0x5f, 
	0x5b, 0x67, 0x32, 0x1d, 0x3a, 0x1d, 0x3a, 0x5f, 
	0x4a, 0xe3, 0x32, 0x1d, 0x42, 0x5d, 0x3a, 0x1d, 
	0x3a, 0x1f, 0x3a, 0x5f, 0x3a, 0x61, 0x42, 0xa1, 
	0x2a, 0x1d, 0x2a, 0x1d, 0x2a, 0x1d, 0x32, 0x1f, 
	0x3a, 0x1f, 0x29, 0xdb, 0x31, 0xdb, 0x31, 0xdb, 
	0x21, 0x57, 0x3a, 0x1b, 0x29, 0x57, 0x29, 0x97, 
	0x29, 0x97, 0x21, 0x15, 0x4a, 0x5d, 0x21, 0x13, 
	0x29, 0x55, 0x21, 0x13, 0x52, 0x9d, 0x29, 0x95, 
	0x29, 0x53, 0x21, 0x13, 0x21, 0x13, 0x21, 0x55, 
	0x21, 0x13, 0x21, 0x15, 0x31, 0x97, 0x18, 0xd1, 
	0x21, 0x0f, 0x18, 0xcf, 0x18, 0xcf, 0x21, 0x0f, 
	0x18, 0xcd, 0x29, 0x53, 0x20, 0xcf, 0x18, 0x8d, 
	0x09, 0x13, 0x01, 0x11, 0x11, 0x53, 0x11, 0x55, 
	0x11, 0x95, 0x01, 0x13, 0x09, 0x53, 0x01, 0x11, 
	0x01, 0x11, 0x09, 0x13, 0x09, 0x13, 0x19, 0xd7, 
	0x11, 0x53, 0x09, 0x55, 0x09, 0x53, 0x09, 0x55, 
	0x3a, 0x9d, 0x11, 0x55, 0x11, 0x57, 0x21, 0xd9, 
	0x01, 0x13, 0x09, 0x13, 0x09, 0x53, 0x09, 0x13, 
	0x11, 0x55, 0x21, 0xd9, 0x01, 0x13, 0x09, 0x55, 
	0x09, 0x55, 0x09, 0x53, 0x01, 0x13, 0x09, 0x13, 
	0x09, 0x15, 0x09, 0x15, 0x09, 0x15, 0x01, 0x13, 
	0x11, 0x55, 0x09, 0x55, 0x09, 0x13, 0x09, 0x13, 
	0x11, 0x57, 0x09, 0x55, 0x09, 0x55, 0x09, 0x55, 
	0x19, 0x97, 0x09, 0x53, 0x11, 0x55, 0x19, 0x97, 
	0x11, 0x97, 0x21, 0xdb, 0x19, 0x99, 0x21, 0xdb, 
	0x32, 0x9f, 0x19, 0x97, 0x21, 0xdb, 0x19, 0x99, 
	0x2a, 0x1d, 0x2a, 0x5d, 0x2a, 0x1b, 0x21, 0xdb, 
	0x2a, 0x1d, 0x32, 0x5f, 0x21, 0xd9, 0x2a, 0x1d, 
	0x32, 0x1d, 0x3a, 0x5d, 0x2a, 0x19, 0x19, 0x53, 
	0x3a, 0x1b, 0x31, 0xd9, 0x21, 0x55, 0x29, 0x97, 
	0x29, 0x97, 0x3a, 0x19, 0x19, 0x55, 0x29, 0xd9, 
	0x3a, 0x5d, 0x3a, 0x1f, 0x53, 0x25, 0x32, 0x1d, 
	0x3a, 0x1d, 0x32, 0x1d, 0x42, 0x5f, 0x29, 0xdb, 
	0x29, 0x99, 0x32, 0x1d, 0x3a, 0x1d, 0x42, 0x5f, 
	0x42, 0xa3, 0x3a, 0x5f, 0x32, 0x1f, 0x29, 0xdb, 
	0x31, 0xdb, 0x32, 0x1b, 0x29, 0xdb, 0x21, 0x9b, 
	0x21, 0x9b, 0x21, 0x99, 0x31, 0xdb, 0x4a, 0xa1, 
	0x42, 0x5d, 0x31, 0xdb, 0x31, 0x99, 0x39, 0xd9, 
	0x29, 0x97, 0x21, 0x15, 0x31, 0x97, 0x31, 0xd7, 
	0x42, 0x1b, 0x21, 0x55, 0x21, 0x13, 0x29, 0x53, 
	0x21, 0x11, 0x19, 0x11, 0x31, 0x97, 0x31, 0x97, 
	0x29, 0x55, 0x21, 0x55, 0x21, 0x11, 0x21, 0x13, 
	0x29, 0x51, 0x18, 0xcf, 0x21, 0x11, 0x29, 0x4f, 
	0x18, 0xcd, 0x21, 0x11, 0x31, 0x93, 0x18, 0x8d, 
	0x01, 0x13, 0x09, 0x13, 0x09, 0x53, 0x09, 0x11, 
	0x09, 0x53, 0x09, 0x13, 0x09, 0x53, 0x09, 0x13, 
	0x01, 0x11, 0x01, 0x11, 0x11, 0x53, 0x19, 0x97, 
	0x09, 0x53, 0x11, 0x53, 0x11, 0x95, 0x11, 0x95, 
	0x2a, 0x1b, 0x09, 0x13, 0x32, 0x5b, 0x11, 0x57, 
	0x01, 0x13, 0x01, 0x13, 0x01, 0x13, 0x09, 0x55, 
	0x29, 0xd9, 0x19, 0x97, 0x09, 0x15, 0x01, 0x55, 
	0x09, 0x55, 0x09, 0x95, 0x09, 0x95, 0x09, 0x55, 
	0x09, 0x55, 0x09, 0x57, 0x09, 0x13, 0x01, 0x13, 
	0x01, 0x55, 0x09, 0x55, 0x01, 0x13, 0x2a, 0x19, 
	0x09, 0x55, 0x19, 0x97, 0x19, 0x97, 0x09, 0x55, 
	0x11, 0x55, 0x11, 0x95, 0x09, 0x55, 0x09, 0x55, 
	0x11, 0x97, 0x22, 0x1b, 0x21, 0xdb, 0x19, 0x97, 
	0x21, 0xdb, 0x19, 0x97, 0x2a, 0x1b, 0x19, 0x99, 
	0x19, 0x99, 0x21, 0xd9, 0x21, 0xdb, 0x32, 0x9f, 
	0x32, 0x5f, 0x2a, 0x5d, 0x32, 0x5d, 0x2a, 0x1b, 
	0x2a, 0x1b, 0x32, 0x1b, 0x19, 0x53, 0x19, 0x53, 
	0x31, 0xd9, 0x31, 0xdb, 0x32, 0x19, 0x3a, 0x1b, 
	0x19, 0x55, 0x29, 0xd7, 0x21, 0x55, 0x21, 0x97, 
	0x32, 0x1b, 0x32, 0x1d, 0x42, 0xa3, 0x4a, 0xa1, 
	0x3a, 0x1d, 0x3a, 0x1d, 0x4a, 0xe3, 0x31, 0xdb, 
	0x29, 0xdb, 0x32, 0x1d, 0x32, 0x1d, 0x3a, 0x5f, 
	0x3a, 0x61, 0x42, 0xa3, 0x42, 0xa1, 0x29, 0xdb, 
	0x21, 0x57, 0x32, 0x1b, 0x3a, 0x5f, 0x32, 0x1d, 
	0x4a, 0xa1, 0x29, 0xd9, 0x29, 0x97, 0x29, 0x99, 
	0x42, 0x5d, 0x31, 0x99, 0x21, 0x55, 0x29, 0x57, 
	0x21, 0x55, 0x21, 0x15, 0x21, 0x55, 0x21, 0x13, 
	0x21, 0x53, 0x3a, 0x19, 0x21, 0x13, 0x21, 0x53, 
	0x21, 0x11, 0x19, 0x11, 0x29, 0x53, 0x39, 0xd9, 
	0x21, 0x13, 0x31, 0x95, 0x21, 0x11, 0x29, 0x53, 
	0x18, 0xcf, 0x18, 0xcf, 0x18, 0xcf, 0x20, 0xcf, 
	0x21, 0x0f, 0x18, 0x8d, 0x20, 0xcd, 0x20, 0xcd, 
	0x01, 0x13, 0x09, 0x13, 0x22, 0x19, 0x09, 0x13, 
	0x09, 0x11, 0x09, 0x53, 0x09, 0x53, 0x01, 0x11, 
	0x01, 0x11, 0x01, 0x11, 0x09, 0x13, 0x11, 0x53, 
	0x11, 0x55, 0x11, 0x55, 0x11, 0x55, 0x01, 0x13, 
	0x11, 0x55, 0x22, 0x19, 0x09, 0x13, 0x09, 0x53, 
	0x09, 0x55, 0x11, 0x97, 0x19, 0x97, 0x09, 0x55, 
	0x09, 0x15, 0x09, 0x15, 0x11, 0x57, 0x09, 0x55, 
	0x09, 0x55, 0x09, 0x55, 0x09, 0x97, 0x01, 0x55, 
	0x01, 0x55, 0x11, 0x99, 0x09, 0x55, 0x09, 0x13, 
	0x19, 0xd7, 0x19, 0x97, 0x09, 0x55, 0x09, 0x13, 
	0x09, 0x55, 0x11, 0x97, 0x11, 0x97, 0x11, 0x57, 
	0x19, 0x97, 0x21, 0xd9, 0x11, 0x95, 0x11, 0x97, 
	0x11, 0x55, 0x19, 0x97, 0x19, 0xd9, 0x19, 0x99, 
	0x21, 0xdb, 0x3a, 0x9f, 0x3a, 0x9f, 0x19, 0x99, 
	0x21, 0xd9, 0x11, 0x97, 0x2a, 0x1b, 0x3a, 0x9f, 
	0x2a, 0x1d, 0x22, 0x1b, 0x32, 0x5d, 0x32, 0x5d, 
	0x32, 0x5d, 0x32, 0x1b, 0x21, 0x55, 0x29, 0xd7, 
	0x29, 0x97, 0x29, 0x97, 0x31, 0xd9, 0x3a, 0x1b, 
	0x21, 0x99, 0x19, 0x55, 0x19, 0x55, 0x29, 0xd9, 
	0x29, 0xdb, 0x29, 0xdb, 0x29, 0xdd, 0x31, 0xdb, 
	0x3a, 0x5f, 0x53, 0x25, 0x42, 0x61, 0x29, 0xdb, 
	0x42, 0xa1, 0x42, 0xa1, 0x3a, 0x5f, 0x42, 0xa3, 
	0x3a, 0x61, 0x42, 0xe3, 0x3a, 0x5f, 0x42, 0x5f, 
	0x29, 0x99, 0x21, 0x99, 0x4a, 0x9f, 0x32, 0x1b, 
	0x32, 0x1d, 0x31, 0xdb, 0x21, 0x57, 0x31, 0x99, 
	0x29, 0x97, 0x31, 0xd9, 0x31, 0xd9, 0x29, 0x57, 
	0x31, 0xd9, 0x42, 0x1b, 0x29, 0x55, 0x29, 0x55, 
	0x31, 0x97, 0x21, 0x53, 0x21, 0x13, 0x21, 0x13, 
	0x21, 0x11, 0x21, 0x53, 0x21, 0x53, 0x29, 0x55, 
	0x21, 0x11, 0x21, 0x11, 0x20, 0xcf, 0x20, 0xcf, 
	0x29, 0x11, 0x29, 0x53, 0x21, 0x0f, 0x18, 0xcf, 
	0x29, 0x11, 0x18, 0xcd, 0x29, 0x0f, 0x18, 0xcd, 
	0x01, 0x13, 0x01, 0x13, 0x21, 0xd7, 0x09, 0x53, 
	0x01, 0x11, 0x01, 0x11, 0x09, 0x53, 0x09, 0x13, 
	0x09, 0x11, 0x09, 0x53, 0x01, 0x13, 0x21, 0xd7, 
	0x11, 0x53, 0x09, 0x53, 0x01, 0x53, 0x11, 0x95, 
	0x09, 0x55, 0x19, 0x95, 0x01, 0x13, 0x01, 0x13, 
	0x09, 0x53, 0x09, 0x55, 0x19, 0xd9, 0x01, 0x55, 
	0x09, 0x55, 0x11, 0x55, 0x11, 0x55, 0x11, 0x55, 
	0x09, 0x55, 0x09, 0x55, 0x11, 0x97, 0x09, 0x55, 
	0x11, 0x97, 0x09, 0x55, 0x09, 0x55, 0x11, 0x55, 
	0x11, 0x55, 0x19, 0xd7, 0x11, 0x55, 0x09, 0x53, 
	0x09, 0x55, 0x21, 0xd9, 0x11, 0x57, 0x19, 0x99, 
	0x11, 0x97, 0x11, 0x55, 0x21, 0xd9, 0x19, 0x97, 
	0x11, 0x97, 0x11, 0x97, 0x19, 0xd7, 0x21, 0xd9, 
	0x19, 0x99, 0x32, 0x5f, 0x2a, 0x5d, 0x2a, 0x1b, 
	0x32, 0x1d, 0x21, 0xd9, 0x21, 0xd9, 0x21, 0xdb, 
	0x2a, 0x1d, 0x32, 0x5d, 0x21, 0xdb, 0x2a, 0x1d, 
	0x21, 0xdb, 0x4a, 0xe1, 0x32, 0x1b, 0x21, 0x97, 
	0x21, 0x55, 0x21, 0x55, 0x29, 0x97, 0x21, 0x55, 
	0x32, 0x1b, 0x21, 0x97, 0x29, 0x97, 0x42, 0x5f, 
	0x52, 0xe5, 0x4a, 0xe3, 0x29, 0xdb, 0x32, 0x1d, 
	0x4a, 0xa1, 0x4a, 0xa3, 0x42, 0xa1, 0x32, 0x1d, 
	0x42, 0x61, 0x42, 0xa3, 0x5b, 0x69, 0x3a, 0x61, 
	0x3a, 0x61, 0x3a, 0x61, 0x32, 0x1f, 0x32, 0x1d, 
	0x29, 0xd9, 0x29, 0xd9, 0x31, 0xdb, 0x29, 0x99, 
	0x29, 0x99, 0x31, 0xdb, 0x21, 0x55, 0x31, 0xd9, 
	0x29, 0x97, 0x29, 0x97, 0x3a, 0x1b, 0x29, 0x97, 
	0x42, 0x1d, 0x39, 0xd9, 0x31, 0x97, 0x21, 0x13, 
	0x29, 0x55, 0x31, 0x95, 0x21, 0x53, 0x29, 0x53, 
	0x21, 0x13, 0x18, 0xcf, 0x29, 0x53, 0x21, 0x13, 
	0x21, 0x11, 0x21, 0x11, 0x21, 0x11, 0x21, 0x11, 
	0x29, 0x51, 0x21, 0x0f, 0x20, 0xcf, 0x29, 0x11, 
	0x39, 0x93, 0x21, 0x0f, 0x29, 0x11, 0x18, 0xcd, 
	0x09, 0x13, 0x01, 0x13, 0x11, 0x95, 0x01, 0x11, 
	0x09, 0x11, 0x09, 0x13, 0x01, 0x13, 0x09, 0x13, 
	0x09, 0x53, 0x09, 0x53, 0x09, 0x53, 0x09, 0x55, 
	0x01, 0x13, 0x09, 0x53, 0x09, 0x55, 0x01, 0x13, 
	0x01, 0x13, 0x01, 0x13, 0x01, 0x13, 0x01, 0x13, 
	0x01, 0x15, 0x09, 0x55, 0x09, 0x55, 0x09, 0x55, 
	0x11, 0x97, 0x09, 0x15, 0x11, 0x97, 0x19, 0xd9, 
	0x01, 0x13, 0x01, 0x13, 0x09, 0x55, 0x11, 0x97, 
	0x32, 0x5b, 0x09, 0x55, 0x09, 0x57, 0x19, 0x97, 
	0x09, 0x55, 0x09, 0x55, 0x09, 0x53, 0x11, 0x55, 
	0x09, 0x13, 0x09, 0x55, 0x19, 0xd9, 0x09, 0x57, 
	0x11, 0x57, 0x11, 0x57, 0x2a, 0x1b, 0x19, 0x99, 
	0x19, 0x97, 0x09, 0x57, 0x11, 0x97, 0x21, 0xd9, 
	0x32, 0x5d, 0x19, 0x9b, 0x42, 0xe3, 0x32, 0x5d, 
	0x2a, 0x1b, 0x42, 0xe1, 0x19, 0x97, 0x2a, 0x1d, 
	0x3a, 0x5f, 0x2a, 0x1d, 0x29, 0xdb, 0x29, 0xdb, 
	0x32, 0x1d, 0x29, 0xdb, 0x21, 0x97, 0x42, 0x5d, 
	0x11, 0x13, 0x21, 0x53, 0x29, 0x97, 0x21, 0x97, 
	0x3a, 0x5d, 0x3a, 0x1b, 0x3a, 0x1b, 0x4a, 0xa1, 
	0x42, 0xa1, 0x4a, 0xa3, 0x32, 0x1d, 0x4a, 0xa1, 
	0x3a, 0x5f, 0x42, 0xa1, 0x4a, 0xe3, 0x32, 0x1d, 
	0x4a, 0xa3, 0x53, 0x25, 0x4a, 0xe5, 0x4b, 0x27, 
	0x42, 0xa1, 0x3a, 0x5f, 0x42, 0xa3, 0x32, 0x1d, 
	0x29, 0xd9, 0x21, 0x97, 0x29, 0x97, 0x3a, 0x1b, 
	0x29, 0xd9, 0x3a, 0x1d, 0x21, 0x55, 0x31, 0xd9, 
	0x31, 0xd9, 0x21, 0x55, 0x29, 0x97, 0x39, 0xdb, 
	0x29, 0x57, 0x29, 0x55, 0x21, 0x13, 0x42, 0x19, 
	0x29, 0x53, 0x21, 0x13, 0x19, 0x11, 0x21, 0x13, 
	0x31, 0x95, 0x18, 0xcf, 0x21, 0x11, 0x21, 0x11, 
	0x31, 0x95, 0x20, 0xcf, 0x29, 0x51, 0x29, 0x11, 
	0x18, 0xcf, 0x18, 0xcf, 0x18, 0xcf, 0x29, 0x11, 
	0x21, 0x0f, 0x29, 0x11, 0x31, 0x51, 0x18, 0xcd, 
	0x09, 0x53, 0x09, 0x13, 0x09, 0x53, 0x09, 0x53, 
	0x19, 0x95, 0x01, 0x13, 0x01, 0x53, 0x09, 0x53, 
	0x01, 0x11, 0x09, 0x53, 0x09, 0x53, 0x01, 0x13, 
	0x09, 0x53, 0x19, 0x95, 0x01, 0x53, 0x09, 0x53, 
	0x09, 0x55, 0x09, 0x55, 0x01, 0x55, 0x01, 0x55, 
	0x09, 0x57, 0x2a, 0x5d, 0x21, 0xd9, 0x01, 0x55, 
	0x22, 0x19, 0x09, 0x15, 0x09, 0x55, 0x09, 0x55, 
	0x09, 0x13, 0x11, 0x55, 0x11, 0x55, 0x01, 0x15, 
	0x09, 0x55, 0x11, 0x97, 0x09, 0x55, 0x11, 0x55, 
	0x09, 0x55, 0x21, 0xd9, 0x11, 0x55, 0x21, 0xd9, 
	0x11, 0x97, 0x11, 0x57, 0x19, 0x99, 0x32, 0x9f, 
	0x19, 0xd9, 0x22, 0x1b, 0x22, 0x1b, 0x2a, 0x5d, 
	0x2a, 0x1b, 0x19, 0xd9, 0x19, 0x97, 0x21, 0xd9, 
	0x19, 0x99, 0x3a, 0x5f, 0x21, 0xdb, 0x21, 0xdb, 
	0x21, 0xd9, 0x19, 0xd9, 0x19, 0x99, 0x32, 0x5f, 
	0x2a, 0x1d, 0x2a, 0x1d, 0x2a, 0x1d, 0x32, 0x1d, 
	0x32, 0x1b, 0x21, 0x97, 0x29, 0x99, 0x29, 0x97, 
	0x3a, 0x1b, 0x29, 0x95, 0x19, 0x13, 0x31, 0xd9, 
	0x32, 0x1b, 0x31, 0xd9, 0x52, 0xa1, 0x4a, 0xa3, 
	0x5b, 0x67, 0x3a, 0x61, 0x42, 0xa1, 0x42, 0xa3, 
	0x42, 0x61, 0x4a, 0xa3, 0x32, 0x1f, 0x3a, 0x61, 
	0x32, 0x1d, 0x3a, 0x61, 0x3a, 0x61, 0x32, 0x1f, 
	0x32, 0x1f, 0x2a, 0x1d, 0x3a, 0x5f, 0x32, 0x1d, 
	0x21, 0x97, 0x21, 0x99, 0x29, 0xd9, 0x21, 0x97, 
	0x31, 0xd9, 0x31, 0x99, 0x29, 0x97, 0x29, 0x97, 
	0x29, 0x97, 0x21, 0x55, 0x21, 0x55, 0x29, 0x97, 
	0x21, 0x13, 0x29, 0x15, 0x29, 0x53, 0x21, 0x13, 
	0x31, 0x95, 0x21, 0x11, 0x19, 0x11, 0x29, 0x55, 
	0x4a, 0x5b, 0x21, 0x11, 0x18, 0xcf, 0x21, 0x11, 
	0x21, 0x11, 0x18, 0xcf, 0x21, 0x0f, 0x21, 0x0f, 
	0x20, 0xd1, 0x18, 0xcf, 0x21, 0x11, 0x20, 0xcf, 
	0x31, 0x53, 0x20, 0xcd, 0x29, 0x0f, 0x18, 0xcd, 
	0x09, 0x55, 0x01, 0x13, 0x01, 0x13, 0x01, 0x53, 
	0x01, 0x13, 0x09, 0x13, 0x09, 0x55, 0x09, 0x53, 
	0x09, 0x55, 0x01, 0x13, 0x09, 0x53, 0x01, 0x53, 
	0x09, 0x95, 0x19, 0xd7, 0x09, 0x53, 0x01, 0x13, 
	0x09, 0x55, 0x01, 0x55, 0x01, 0x55, 0x11, 0xd7, 
	0x09, 0x57, 0x19, 0xd9, 0x09, 0x55, 0x01, 0x55, 
	0x09, 0x55, 0x09, 0x97, 0x09, 0x55, 0x11, 0x57, 
	0x19, 0x97, 0x19, 0xd7, 0x21, 0xd9, 0x09, 0x55, 
	0x09, 0x55, 0x11, 0x97, 0x09, 0x57, 0x21, 0xd9, 
	0x09, 0x55, 0x09, 0x13, 0x09, 0x13, 0x21, 0xd9, 
	0x11, 0x97, 0x21, 0xd9, 0x21, 0xdb, 0x19, 0xdb, 
	0x22, 0x1d, 0x11, 0xd9, 0x22, 0x5d, 0x22, 0x1b, 
	0x19, 0x99, 0x2a, 0x1b, 0x21, 0xdb, 0x2a, 0x1d, 
	0x3a, 0xa1, 0x19, 0x9b, 0x2a, 0x5d, 0x21, 0xdb, 
	0x4a, 0xe1, 0x21, 0xd9, 0x21, 0xdb, 0x53, 0x25, 
	0x32, 0x5f, 0x42, 0xa1, 0x3a, 0xa1, 0x29, 0xdb, 
	0x29, 0xd9, 0x3a, 0x1b, 0x3a, 0x1b, 0x31, 0xdb, 
	0x4a, 0x9f, 0x29, 0x97, 0x21, 0x53, 0x21, 0x53, 
	0x29, 0x97, 0x3a, 0x1b, 0x42, 0x5d, 0x4a, 0xe3, 
	0x4a, 0xe5, 0x3a, 0x61, 0x4a, 0xe3, 0x42, 0xa3, 
	0x42, 0xa3, 0x3a, 0x61, 0x3a, 0x61, 0x4a, 0xe5, 
	0x4a, 0xa3, 0x3a, 0x61, 0x32, 0x5f, 0x3a, 0x61, 
	0x32, 0x1d, 0x32, 0x1d, 0x42, 0xa1, 0x3a, 0x5f, 
	0x29, 0xdb, 0x29, 0xd9, 0x42, 0x5d, 0x21, 0x55, 
	0x21, 0x15, 0x29, 0x97, 0x31, 0xdb, 0x31, 0xdb, 
	0x31, 0xd9, 0x29, 0x97, 0x29, 0x97, 0x21, 0x15, 
	0x29, 0x15, 0x29, 0x55, 0x29, 0x55, 0x29, 0x53, 
	0x29, 0x55, 0x29, 0x53, 0x21, 0x13, 0x21, 0x13, 
	0x39, 0xd7, 0x21, 0x11, 0x20, 0xcf, 0x18, 0xcf, 
	0x21, 0x0f, 0x18, 0xcf, 0x20, 0xcf, 0x18, 0xcf, 
	0x31, 0x95, 0x31, 0x55, 0x20, 0xd1, 0x29, 0x51, 
	0x18, 0xcd, 0x20, 0xcf, 0x41, 0xd5, 0x18, 0xcd, 
	0x09, 0x13, 0x01, 0x13, 0x09, 0x53, 0x01, 0x53, 
	0x01, 0x13, 0x01, 0x13, 0x19, 0x97, 0x09, 0x53, 
	0x11, 0x95, 0x01, 0x13, 0x09, 0x53, 0x09, 0x53, 
	0x09, 0x55, 0x09, 0x13, 0x09, 0x53, 0x01, 0x13, 
	0x11, 0x55, 0x09, 0x55, 0x01, 0x55, 0x09, 0x55, 
	0x11, 0x99, 0x11, 0x97, 0x09, 0x55, 0x09, 0x55, 
	0x09, 0x55, 0x09, 0x55, 0x09, 0x55, 0x01, 0x13, 
	0x09, 0x55, 0x09, 0x13, 0x19, 0x97, 0x11, 0x97, 
	0x09, 0x57, 0x19, 0xd9, 0x11, 0x97, 0x11, 0x95, 
	0x09, 0x55, 0x09, 0x55, 0x09, 0x55, 0x11, 0x97, 
	0x21, 0xdb, 0x21, 0xdb, 0x11, 0x57, 0x11, 0x99, 
	0x11, 0x97, 0x22, 0x1d, 0x19, 0xd9, 0x22, 0x1b, 
	0x21, 0xdb, 0x32, 0x1b, 0x2a, 0x1d, 0x2a, 0x1d, 
	0x2a, 0x1d, 0x21, 0xdd, 0x19, 0xd9, 0x21, 0xdb, 
	0x32, 0x5d, 0x2a, 0x1b, 0x2a, 0x1d, 0x32, 0x1d, 
	0x3a, 0x5f, 0x3a, 0x5f, 0x32, 0x5f, 0x32, 0x1d, 
	0x29, 0x99, 0x3a, 0x1b, 0x3a, 0x1b, 0x29, 0x99, 
	0x19, 0x15, 0x29, 0x95, 0x21, 0x53, 0x21, 0x53, 
	0x21, 0x13, 0x21, 0x53, 0x29, 0x97, 0x4a, 0xa1, 
	0x53, 0x25, 0x4b, 0x25, 0x53, 0x25, 0x53, 0x27, 
	0x42, 0xe5, 0x4b, 0x27, 0x4a, 0xe5, 0x42, 0xa3, 
	0x42, 0x61, 0x42, 0xa1, 0x32, 0x1f, 0x42, 0xa1, 
	0x3a, 0x5f, 0x32, 0x1b, 0x4a, 0xe1, 0x3a, 0x5f, 
	0x29, 0x99, 0x29, 0xdb, 0x31, 0xd9, 0x21, 0x55, 
	0x21, 0x13, 0x21, 0x55, 0x29, 0x57, 0x21, 0x55, 
	0x29, 0x97, 0x29, 0x57, 0x29, 0x57, 0x29, 0x55, 
	0x29, 0x55, 0x31, 0x55, 0x31, 0x95, 0x29, 0x55, 
	0x29, 0x55, 0x42, 0x19, 0x21, 0x13, 0x21, 0x11, 
	0x29, 0x13, 0x29, 0x53, 0x29, 0x11, 0x20, 0xcf, 
	0x20, 0xcf, 0x21, 0x11, 0x4a, 0x59, 0x21, 0x11, 
	0x29, 0x11, 0x21, 0x11, 0x29, 0x53, 0x29, 0x11, 
	0x21, 0x11, 0x18, 0xcd, 0x29, 0x51, 0x20, 0xcf, 
	0x09, 0x55, 0x01, 0x13, 0x09, 0x53, 0x09, 0x53, 
	0x09, 0x13, 0x01, 0x13, 0x09, 0x53, 0x01, 0x13, 
	0x09, 0x55, 0x09, 0x55, 0x11, 0x95, 0x22, 0x19, 
	0x09, 0x53, 0x09, 0x53, 0x01, 0x53, 0x09, 0x55, 
	0x09, 0x55, 0x09, 0x55, 0x09, 0x55, 0x09, 0x55, 
	0x11, 0x97, 0x22, 0x19, 0x01, 0x55, 0x09, 0x55, 
	0x11, 0x97, 0x09, 0x55, 0x11, 0x97, 0x09, 0x57, 
	0x11, 0x97, 0x09, 0x55, 0x09, 0x55, 0x09, 0x55, 
	0x09, 0x55, 0x11, 0x97, 0x09, 0x55, 0x09, 0x55, 
	0x09, 0x55, 0x11, 0x97, 0x21, 0xd9, 0x11, 0x97, 
	0x19, 0xd9, 0x19, 0xd9, 0x11, 0x97, 0x21, 0xdb, 
	0x22, 0x1b, 0x11, 0xd9, 0x22, 0x1b, 0x32, 0x9f, 
	0x2a, 0x1d, 0x21, 0xd9, 0x2a, 0x1b, 0x32, 0x5f, 
	0x19, 0x9b, 0x19, 0x99, 0x3a, 0x9f, 0x43, 0x23, 
	0x2a, 0x5f, 0x32, 0x5f, 0x2a, 0x1d, 0x32, 0x5d, 
	0x32, 0x5d, 0x42, 0xa1, 0x3a, 0x5f, 0x3a, 0x5d, 
	0x29, 0xd9, 0x42, 0x5f, 0x4a, 0x5f, 0x29, 0x99, 
	0x29, 0x55, 0x21, 0x13, 0x3a, 0x19, 0x3a, 0x19, 
	0x29, 0x55, 0x29, 0x55, 0x29, 0xd9, 0x3a, 0x5f, 
	0x42, 0xa1, 0x3a, 0xa1, 0x4b, 0x25, 0x4a, 0xe5, 
	0x53, 0x27, 0x5b, 0x69, 0x53, 0x27, 0x4a, 0xa3, 
	0x4a, 0xe5, 0x4a, 0xa3, 0x42, 0xa1, 0x42, 0xa1, 
	0x32, 0x1d, 0x29, 0xdb, 0x3a, 0x1d, 0x3a, 0x5f, 
	0x32, 0x1b, 0x21, 0x99, 0x29, 0x97, 0x29, 0x55, 
	0x21, 0x55, 0x3a, 0x1b, 0x29, 0x55, 0x21, 0x55, 
	0x31, 0xd9, 0x31, 0xd9, 0x29, 0x55, 0x31, 0x95, 
	0x29, 0x53, 0x29, 0x13, 0x21, 0x13, 0x21, 0x11, 
	0x39, 0x97, 0x21, 0x11, 0x21, 0x13, 0x21, 0x11, 
	0x21, 0x11, 0x31, 0x95, 0x21, 0x11, 0x20, 0xcf, 
	0x20, 0xcf, 0x39, 0x95, 0x29, 0x11, 0x21, 0x0f, 
	0x21, 0x0f, 0x21, 0x11, 0x29, 0x11, 0x20, 0xcf, 
	0x20, 0xcf, 0x18, 0xcd, 0x21, 0x0f, 0x20, 0xcf, 
	0x11, 0x97, 0x09, 0x53, 0x09, 0x55, 0x09, 0x55, 
	0x22, 0x19, 0x01, 0x13, 0x09, 0x55, 0x01, 0x53, 
	0x09, 0x95, 0x01, 0x55, 0x11, 0x95, 0x11, 0x55, 
	0x09, 0x95, 0x01, 0x53, 0x19, 0xd7, 0x09, 0x55, 
	0x01, 0x13, 0x19, 0xd9, 0x09, 0x55, 0x11, 0x97, 
	0x11, 0x97, 0x11, 0x97, 0x1a, 0x1b, 0x19, 0xd9, 
	0x09, 0x97, 0x29, 0xd9, 0x11, 0x97, 0x09, 0x97, 
	0x09, 0x55, 0x09, 0x55, 0x09, 0x55, 0x09, 0x55, 
	0x09, 0x95, 0x09, 0x95, 0x09, 0x55, 0x11, 0x97, 
	0x09, 0x55, 0x09, 0x97, 0x22, 0x1b, 0x11, 0x97, 
	0x11, 0x99, 0x19, 0xd9, 0x11, 0x57, 0x19, 0xd9, 
	0x3a, 0x9f, 0x11, 0x97, 0x22, 0x5d, 0x11, 0x99, 
	0x32, 0x5d, 0x19, 0x99, 0x19, 0x99, 0x21, 0xdb, 
	0x2a, 0x1d, 0x2a, 0x1d, 0x32, 0x5f, 0x32, 0x5f, 
	0x2a, 0x1f, 0x2a, 0x5f, 0x3a, 0xa1, 0x32, 0x5f, 
	0x32, 0x5f, 0x3a, 0x5f, 0x32, 0x5d, 0x29, 0xdb, 
	0x32, 0x1b, 0x3a, 0x5d, 0x3a, 0x1d, 0x29, 0x97, 
	0x21, 0x55, 0x29, 0x95, 0x42, 0x59, 0x29, 0x53, 
	0x29, 0x55, 0x21, 0x13, 0x31, 0xd9, 0x42, 0x9f, 
	0x3a, 0xa1, 0x42, 0xe3, 0x4a, 0xe5, 0x42, 0xa3, 
	0x42, 0xa3, 0x53, 0x27, 0x4a, 0xe5, 0x52, 0xe5, 
	0x4a, 0xa3, 0x32, 0x1f, 0x29, 0xdb, 0x4a, 0xe3, 
	0x3a, 0x5f, 0x32, 0x1d, 0x29, 0xdb, 0x32, 0x1b, 
	0x32, 0x1b, 0x29, 0xdb, 0x29, 0x97, 0x21, 0x13, 
	0x21, 0x55, 0x21, 0x55, 0x29, 0x55, 0x21, 0x13, 
	0x29, 0x55, 0x31, 0xd9, 0x31, 0xd7, 0x29, 0x53, 
	0x21, 0x13, 0x21, 0x13, 0x29, 0x13, 0x31, 0x95, 
	0x29, 0x13, 0x31, 0x55, 0x29, 0x53, 0x29, 0x13, 
	0x29, 0x13, 0x21, 0x11, 0x21, 0x11, 0x20, 0xcf, 
	0x29, 0x11, 0x20, 0xcf, 0x20, 0xcf, 0x31, 0x53, 
	0x31, 0x93, 0x21, 0x11, 0x29, 0x53, 0x20, 0xcf, 
	0x21, 0x0f, 0x20, 0xcd, 0x29, 0x11, 0x20, 0xcf, 
	0x01, 0x53, 0x09, 0x53, 0x09, 0x13, 0x11, 0x95, 
	0x09, 0x53, 0x09, 0x55, 0x01, 0x53, 0x01, 0x13, 
	0x09, 0x55, 0x09, 0x55, 0x09, 0x55, 0x22, 0x19, 
	0x09, 0x53, 0x01, 0x53, 0x01, 0x53, 0x01, 0x55, 
	0x09, 0x55, 0x2a, 0x19, 0x01, 0x13, 0x01, 0x53, 
	0x01, 0x13, 0x09, 0x55, 0x32, 0x9f, 0x11, 0x97, 
	0x22, 0x1b, 0x11, 0x97, 0x09, 0x57, 0x09, 0x57, 
	0x09, 0x55, 0x09, 0x55, 0x09, 0x55, 0x01, 0x55, 
	0x01, 0x55, 0x21, 0xd9, 0x09, 0x55, 0x11, 0x97, 
	0x09, 0x55, 0x11, 0x97, 0x32, 0x9d, 0x11, 0x97, 
	0x19, 0xd9, 0x11, 0x57, 0x11, 0x57, 0x19, 0x99, 
	0x2a, 0x5d, 0x1a, 0x1b, 0x22, 0x1b, 0x21, 0xd9, 
	0x22, 0x1b, 0x22, 0x1b, 0x22, 0x1b, 0x2a, 0x1b, 
	0x2a, 0x1d, 0x21, 0xdb, 0x21, 0xdb, 0x22, 0x1d, 
	0x3a, 0xe3, 0x3a, 0xe3, 0x4b, 0x25, 0x4b, 0x25, 
	0x3a, 0x5f, 0x4a, 0xe3, 0x3a, 0x5d, 0x31, 0xdb, 
	0x3a, 0x1b, 0x31, 0xd9, 0x3a, 0x1d, 0x21, 0x55, 
	0x29, 0x55, 0x29, 0x95, 0x31, 0xd7, 0x21, 0x53, 
	0x39, 0xd7, 0x19, 0x11, 0x3a, 0x1b, 0x4a, 0xa1, 
	0x42, 0xa1, 0x3a, 0xa1, 0x3a, 0x61, 0x4a, 0xe5, 
	0x5b, 0x6b, 0x53, 0x27, 0x42, 0xa3, 0x42, 0xa3, 
	0x3a, 0x5f, 0x32, 0x1d, 0x29, 0xdb, 0x32, 0x1d, 
	0x3a, 0x5f, 0x3a, 0x5f, 0x32, 0x1b, 0x29, 0xdb, 
	0x29, 0x99, 0x42, 0x5d, 0x29, 0x97, 0x31, 0x97, 
	0x39, 0xd9, 0x31, 0x99, 0x29, 0x55, 0x31, 0x95, 
	0x21, 0x13, 0x21, 0x15, 0x21, 0x53, 0x29, 0x95, 
	0x29, 0x53, 0x21, 0x13, 0x21, 0x13, 0x31, 0x55, 
	0x29, 0x13, 0x29, 0x53, 0x21, 0x11, 0x29, 0x13, 
	0x21, 0x13, 0x29, 0x11, 0x31, 0x95, 0x31, 0x53, 
	0x21, 0x0f, 0x29, 0x11, 0x21, 0x11, 0x29, 0x11, 
	0x20, 0xcf, 0x29, 0x53, 0x21, 0x11, 0x20, 0xcf, 
	0x29, 0x51, 0x20, 0xcd, 0x20, 0xcd, 0x31, 0x93, 
	0x01, 0x13, 0x09, 0x55, 0x19, 0xd7, 0x09, 0x53, 
	0x09, 0x53, 0x09, 0x53, 0x01, 0x53, 0x01, 0x53, 
	0x19, 0xd9, 0x09, 0x55, 0x09, 0x55, 0x11, 0x95, 
	0x01, 0x53, 0x11, 0xd5, 0x01, 0x53, 0x09, 0x55, 
	0x09, 0x55, 0x01, 0x53, 0x19, 0x97, 0x09, 0x53, 
	0x01, 0x13, 0x09, 0x55, 0x3a, 0x9d, 0x32, 0x9d, 
	0x19, 0xd9, 0x01, 0x55, 0x09, 0x57, 0x09, 0x97, 
	0x09, 0x55, 0x19, 0x97, 0x09, 0x55, 0x09, 0x97, 
	0x09, 0x97, 0x1a, 0x1b, 0x11, 0x97, 0x09, 0x57, 
	0x11, 0xd9, 0x11, 0x97, 0x19, 0xd9, 0x11, 0x97, 
	0x2a, 0x1b, 0x11, 0x97, 0x19, 0xd9, 0x19, 0xd9, 
	0x19, 0xd9, 0x32, 0x9f, 0x2a, 0x1b, 0x19, 0xd9, 
	0x21, 0xd9, 0x21, 0xd9, 0x19, 0x97, 0x21, 0xd9, 
	0x3a, 0x9f, 0x21, 0xdb, 0x2a, 0x5d, 0x2a, 0x1d, 
	0x32, 0xa1, 0x42, 0xe5, 0x3a, 0xa1, 0x32, 0x5f, 
	0x32, 0x5f, 0x3a, 0x5f, 0x42, 0x9f, 0x31, 0xdb, 
	0x42, 0x5d, 0x29, 0x97, 0x31, 0xd9, 0x21, 0x55, 
	0x39, 0xd7, 0x31, 0x97, 0x29, 0x53, 0x19, 0x11, 
	0x3a, 0x17, 0x21, 0x55, 0x3a, 0x1b, 0x4a, 0xa1, 
	0x3a, 0x5f, 0x42, 0xa1, 0x3a, 0x61, 0x4a, 0xe5, 
	0x42, 0xa3, 0x4a, 0xe5, 0x4a, 0xa5, 0x4a, 0xe5, 
	0x32, 0x1d, 0x32, 0x1d, 0x42, 0xa1, 0x42, 0x9f, 
	0x29, 0xdd, 0x4a, 0xe3, 0x31, 0xdb, 0x29, 0xdb, 
	0x21, 0x99, 0x3a, 0x5d, 0x31, 0xd9, 0x29, 0x97, 
	0x29, 0x97, 0x21, 0x15, 0x29, 0x55, 0x31, 0x97, 
	0x42, 0x19, 0x31, 0x97, 0x21, 0x13, 0x21, 0x13, 
	0x31, 0x97, 0x29, 0x55, 0x31, 0x55, 0x29, 0x13, 
	0x29, 0x13, 0x21, 0x13, 0x20, 0xd1, 0x21, 0x11, 
	0x21, 0x11, 0x20, 0xd1, 0x20, 0xd1, 0x21, 0x11, 
	0x20, 0xcf, 0x21, 0x11, 0x20, 0xcf, 0x21, 0x11, 
	0x21, 0x11, 0x20, 0xcf, 0x20, 0xcf, 0x20, 0xcf, 
	0x20, 0xcd, 0x20, 0xcd, 0x29, 0x11, 0x29, 0x0f, 
	0x09, 0x53, 0x09, 0x53, 0x09, 0x55, 0x09, 0x53, 
	0x11, 0x95, 0x01, 0x13, 0x09, 0x53, 0x09, 0x53, 
	0x09, 0x55, 0x22, 0x19, 0x09, 0x55, 0x09, 0x55, 
	0x11, 0x97, 0x09, 0x95, 0x01, 0x53, 0x01, 0x53, 
	0x09, 0x53, 0x09, 0x53, 0x09, 0x53, 0x09, 0x55, 
	0x09, 0x55, 0x09, 0x57, 0x11, 0x97, 0x09, 0x57, 
	0x19, 0xd9, 0x09, 0x57, 0x09, 0x57, 0x09, 0x57, 
	0x11, 0x97, 0x09, 0x55, 0x01, 0x55, 0x1a, 0x19, 
	0x11, 0xd9, 0x22, 0x5b, 0x11, 0xd9, 0x19, 0xd9, 
	0x09, 0x55, 0x11, 0x97, 0x11, 0xd9, 0x2a, 0x5d, 
	0x2a, 0x1b, 0x11, 0x97, 0x19, 0xd9, 0x19, 0xd9, 
	0x22, 0x1b, 0x22, 0x1b, 0x2a, 0x5d, 0x21, 0xd9, 
	0x19, 0xd9, 0x2a, 0x1b, 0x21, 0xd9, 0x2a, 0x1b, 
	0x2a, 0x1b, 0x2a, 0x1d, 0x32, 0x5f, 0x32, 0xa1, 
	0x3a, 0xe3, 0x43, 0x25, 0x3a, 0xa3, 0x4b, 0x25, 
	0x53, 0x67, 0x4a, 0xe3, 0x3a, 0x1d, 0x29, 0x99, 
	0x29, 0x97, 0x21, 0x55, 0x29, 0x97, 0x29, 0x97, 
	0x29, 0x95, 0x21, 0x13, 0x31, 0x95, 0x18, 0xd1, 
	0x19, 0x11, 0x3a, 0x19, 0x4a, 0x9f, 0x3a, 0x1d, 
	0x3a, 0x1f, 0x4a, 0xe3, 0x4a, 0xa3, 0x5b, 0x69, 
	0x42, 0xa3, 0x3a, 0x61, 0x3a, 0x61, 0x3a, 0x1f, 
	0x3a, 0x1d, 0x32, 0x1d, 0x32, 0x1b, 0x3a, 0x5d, 
	0x3a, 0x5f, 0x29, 0xdd, 0x29, 0x99, 0x3a, 0x1d, 
	0x29, 0x99, 0x42, 0x5f, 0x31, 0x99, 0x3a, 0x1b, 
	0x21, 0x15, 0x31, 0x97, 0x31, 0x97, 0x29, 0x55, 
	0x29, 0x55, 0x31, 0x97, 0x31, 0x97, 0x29, 0x55, 
	0x31, 0x55, 0x31, 0x55, 0x31, 0x55, 0x29, 0x13, 
	0x29, 0x13, 0x21, 0x13, 0x20, 0xd1, 0x29, 0x53, 
	0x21, 0x11, 0x21, 0x11, 0x20, 0xd1, 0x21, 0x11, 
	0x29, 0x11, 0x21, 0x11, 0x29, 0x11, 0x29, 0x53, 
	0x29, 0x11, 0x20, 0xcf, 0x20, 0xcf, 0x18, 0x8d, 
	0x21, 0x0f, 0x20, 0xcd, 0x20, 0xcd, 0x20, 0xcf, 
	0x01, 0x13, 0x01, 0x53, 0x09, 0x53, 0x11, 0x95, 
	0x01, 0x13, 0x09, 0x53, 0x01, 0x53, 0x01, 0x53, 
	0x09, 0x53, 0x19, 0xd7, 0x09, 0x55, 0x09, 0x97, 
	0x09, 0x55, 0x09, 0x55, 0x01, 0x53, 0x01, 0x53, 
	0x09, 0x55, 0x11, 0x55, 0x11, 0x95, 0x09, 0x95, 
	0x11, 0x55, 0x09, 0x53, 0x09, 0x55, 0x2a, 0x5d, 
	0x11, 0xd9, 0x09, 0x57, 0x09, 0x57, 0x09, 0x55, 
	0x21, 0xd9, 0x21, 0xd9, 0x01, 0x55, 0x09, 0x55, 
	0x11, 0x97, 0x19, 0xd9, 0x11, 0xd9, 0x22, 0x1b, 
	0x09, 0x97, 0x09, 0x97, 0x2a, 0x9f, 0x22, 0x1b, 
	0x19, 0x99, 0x19, 0xd9, 0x11, 0x97, 0x2a, 0x5d, 
	0x22, 0x1b, 0x1a, 0x1b, 0x32, 0x9f, 0x21, 0xdb, 
	0x21, 0xdb, 0x2a, 0x1b, 0x19, 0x97, 0x22, 0x1b, 
	0x2a, 0x1d, 0x32, 0x9f, 0x22, 0x1d, 0x32, 0xa1, 
	0x3a, 0xe3, 0x3a, 0xa3, 0x3a, 0xa1, 0x63, 0xab, 
	0x4a, 0xe3, 0x32, 0x1d, 0x29, 0xd9, 0x29, 0x97, 
	0x21, 0x57, 0x29, 0x55, 0x3a, 0x1b, 0x3a, 0x1b, 
	0x29, 0x97, 0x29, 0x95, 0x31, 0x95, 0x31, 0x95, 
	0x21, 0x53, 0x3a, 0x1b, 0x3a, 0x1d, 0x31, 0xdb, 
	0x42, 0x5f, 0x52, 0xe5, 0x4a, 0xe5, 0x5b, 0x69, 
	0x3a, 0x61, 0x32, 0x5f, 0x32, 0x5f, 0x4a, 0xe3, 
	0x3a, 0x5f, 0x29, 0xdb, 0x21, 0x57, 0x21, 0x99, 
	0x29, 0xdb, 0x21, 0x99, 0x31, 0xd9, 0x31, 0xd9, 
	0x29, 0x99, 0x42, 0x5d, 0x3a, 0x1b, 0x31, 0x97, 
	0x39, 0xdb, 0x29, 0x55, 0x29, 0x53, 0x29, 0x55, 
	0x29, 0x55, 0x29, 0x55, 0x31, 0x97, 0x31, 0x97, 
	0x29, 0x55, 0x39, 0xd7, 0x21, 0x13, 0x21, 0x11, 
	0x21, 0x11, 0x21, 0x11, 0x21, 0x11, 0x31, 0x53, 
	0x20, 0xd1, 0x31, 0x95, 0x21, 0x11, 0x21, 0x11, 
	0x21, 0x11, 0x31, 0x95, 0x29, 0x11, 0x21, 0x11, 
	0x20, 0xcf, 0x20, 0xd1, 0x28, 0xd1, 0x20, 0xcf, 
	0x20, 0xcd, 0x20, 0xcd, 0x29, 0x0f, 0x20, 0xcd, 
	0x01, 0x53, 0x01, 0x13, 0x09, 0x55, 0x01, 0x53, 
	0x09, 0x53, 0x09, 0x55, 0x01, 0x53, 0x01, 0x53, 
	0x01, 0x53, 0x09, 0x53, 0x19, 0xd9, 0x09, 0x55, 
	0x19, 0xd9, 0x19, 0x97, 0x01, 0x53, 0x01, 0x53, 
	0x09, 0x55, 0x09, 0x53, 0x09, 0x53, 0x09, 0x53, 
	0x09, 0x55, 0x09, 0x53, 0x09, 0x55, 0x09, 0x97, 
	0x09, 0x55, 0x09, 0x57, 0x19, 0xd9, 0x11, 0x99, 
	0x09, 0x55, 0x09, 0x97, 0x09, 0x95, 0x11, 0xd7, 
	0x09, 0x55, 0x09, 0x97, 0x09, 0x97, 0x11, 0xd9, 
	0x11, 0xd9, 0x11, 0xd9, 0x11, 0x97, 0x19, 0xdb, 
	0x22, 0x1d, 0x19, 0xdb, 0x19, 0xd9, 0x22, 0x1b, 
	0x22, 0x1b, 0x11, 0xdb, 0x22, 0x1d, 0x22, 0x1b, 
	0x21, 0xdb, 0x19, 0xd9, 0x21, 0xd9, 0x32, 0x5d, 
	0x32, 0x5f, 0x2a, 0x5d, 0x32, 0x5f, 0x3a, 0xa1, 
	0x32, 0xa1, 0x3a, 0xa1, 0x3a, 0xa1, 0x4a, 0xe3, 
	0x32, 0x1d, 0x29, 0x99, 0x19, 0x55, 0x29, 0x97, 
	0x21, 0x55, 0x21, 0x55, 0x3a, 0x19, 0x21, 0x55, 
	0x52, 0xe1, 0x31, 0xd9, 0x31, 0xd7, 0x39, 0xd9, 
	0x21, 0x53, 0x4a, 0x5d, 0x4a, 0xa1, 0x4a, 0xa1, 
	0x42, 0x5f, 0x4a, 0xa3, 0x4a, 0xe5, 0x42, 0x61, 
	0x3a, 0x5f, 0x3a, 0x5f, 0x2a, 0x1d, 0x3a, 0x5f, 
	0x42, 0x5f, 0x32, 0x1b, 0x21, 0x97, 0x31, 0xdb, 
	0x21, 0x99, 0x31, 0xdb, 0x29, 0x97, 0x21, 0x55, 
	0x21, 0x57, 0x31, 0x99, 0x31, 0x97, 0x31, 0x97, 
	0x31, 0x99, 0x29, 0x55, 0x29, 0x55, 0x29, 0x57, 
	0x31, 0x97, 0x29, 0x55, 0x29, 0x55, 0x39, 0xd9, 
	0x29, 0x55, 0x31, 0x97, 0x29, 0x53, 0x20, 0xd1, 
	0x29, 0x53, 0x21, 0x11, 0x21, 0x11, 0x21, 0x11, 
	0x29, 0x13, 0x21, 0x11, 0x21, 0x11, 0x29, 0x11, 
	0x21, 0x11, 0x29, 0x11, 0x29, 0x11, 0x29, 0x11, 
	0x20, 0xd1, 0x29, 0x13, 0x29, 0x13, 0x31, 0x53, 
	0x20, 0xcd, 0x18, 0xcd, 0x29, 0x0f, 0x20, 0xcd, 
	0x11, 0x95, 0x09, 0x53, 0x09, 0x53, 0x11, 0x95, 
	0x09, 0x53, 0x11, 0x95, 0x09, 0x55, 0x01, 0x53, 
	0x09, 0x95, 0x19, 0xd7, 0x19, 0xd9, 0x11, 0x97, 
	0x09, 0x55, 0x19, 0xd9, 0x01, 0x53, 0x01, 0x53, 
	0x01, 0x55, 0x09, 0x53, 0x09, 0x55, 0x09, 0x53, 
	0x01, 0x53, 0x09, 0x53, 0x09, 0x55, 0x19, 0xd7, 
	0x21, 0xd9, 0x09, 0x57, 0x09, 0x97, 0x11, 0x97, 
	0x11, 0x97, 0x09, 0x55, 0x09, 0x55, 0x22, 0x1b, 
	0x11, 0xd7, 0x11, 0xd9, 0x11, 0x97, 0x09, 0x97, 
	0x09, 0xd9, 0x11, 0xd9, 0x11, 0xd9, 0x22, 0x1b, 
	0x22, 0x1b, 0x19, 0x99, 0x22, 0x1f, 0x19, 0xdb, 
	0x19, 0x99, 0x22, 0x1b, 0x32, 0x9f, 0x2a, 0x5d, 
	0x22, 0x1b, 0x22, 0x1b, 0x32, 0x5d, 0x3a, 0xa1, 
	0x32, 0x5f, 0x42, 0xe3, 0x4b, 0x25, 0x32, 0x5f, 
	0x32, 0x5f, 0x3a, 0xa1, 0x3a, 0x5f, 0x53, 0x25, 
	0x31, 0xd9, 0x29, 0x97, 0x31, 0xd9, 0x21, 0x55, 
	0x3a, 0x19, 0x29, 0x55, 0x31, 0xd7, 0x29, 0x97, 
	0x31, 0xd9, 0x29, 0x97, 0x42, 0x1b, 0x42, 0x5b, 
	0x31, 0xd7, 0x42, 0x5b, 0x42, 0x1d, 0x42, 0x5d, 
	0x4a, 0xa1, 0x42, 0x61, 0x42, 0xa1, 0x31, 0xdd, 
	0x31, 0xdb, 0x3a, 0x5f, 0x3a, 0x5f, 0x3a, 0x5f, 
	0x3a, 0x1d, 0x31, 0xdb, 0x31, 0xd9, 0x29, 0x97, 
	0x21, 0x57, 0x31, 0x99, 0x29, 0x99, 0x21, 0x55, 
	0x19, 0x13, 0x29, 0x57, 0x29, 0x55, 0x31, 0x97, 
	0x4a, 0x5d, 0x31, 0x97, 0x29, 0x55, 0x29, 0x57, 
	0x5a, 0xe1, 0x21, 0x13, 0x31, 0x55, 0x39, 0x97, 
	0x29, 0x55, 0x29, 0x55, 0x21, 0x11, 0x31, 0x95, 
	0x31, 0x95, 0x29, 0x53, 0x29, 0x53, 0x29, 0x13, 
	0x39, 0xd7, 0x29, 0x11, 0x29, 0x11, 0x21, 0x0f, 
	0x21, 0x11, 0x31, 0x53, 0x20, 0xcf, 0x20, 0xcf, 
	0x52, 0x5b, 0x29, 0x13, 0x20, 0xd1, 0x20, 0xcf, 
	0x20, 0xcd, 0x20, 0xcd, 0x18, 0x8b, 0x20, 0xcd, 
	0x11, 0x95, 0x09, 0x95, 0x09, 0x53, 0x11, 0x95, 
	0x11, 0x95, 0x09, 0x55, 0x09, 0x55, 0x19, 0xd7, 
	0x11, 0x95, 0x09, 0x55, 0x01, 0x53, 0x09, 0x95, 
	0x01, 0x55, 0x01, 0x55, 0x01, 0x53, 0x01, 0x53, 
	0x11, 0x95, 0x19, 0xd9, 0x09, 0x55, 0x09, 0x55, 
	0x01, 0x13, 0x01, 0x53, 0x09, 0x53, 0x11, 0x95, 
	0x19, 0x97, 0x09, 0x97, 0x09, 0x55, 0x11, 0x97, 
	0x22, 0x1b, 0x09, 0x95, 0x09, 0x97, 0x19, 0xd7, 
	0x11, 0x97, 0x11, 0xd9, 0x11, 0xd9, 0x09, 0x97, 
	0x09, 0x97, 0x32, 0x9f, 0x2a, 0x1b, 0x22, 0x1b, 
	0x22, 0x1d, 0x42, 0xe3, 0x2a, 0x61, 0x19, 0xdb, 
	0x3a, 0xe1, 0x21, 0xdb, 0x22, 0x1b, 0x2a, 0x5d, 
	0x22, 0x1b, 0x2a, 0x1d, 0x3a, 0x9f, 0x32, 0x5f, 
	0x32, 0x61, 0x32, 0x61, 0x3a, 0xa3, 0x42, 0xe3, 
	0x32, 0x5f, 0x32, 0x1d, 0x42, 0xa1, 0x42, 0x5f, 
	0x21, 0x57, 0x29, 0x57, 0x31, 0x99, 0x39, 0xd9, 
	0x21, 0x53, 0x29, 0x95, 0x29, 0x95, 0x31, 0xd9, 
	0x31, 0xd7, 0x42, 0x5d, 0x31, 0xd9, 0x3a, 0x1b, 
	0x3a, 0x1b, 0x4a, 0x9d, 0x3a, 0x1b, 0x31, 0x99, 
	0x42, 0x5f, 0x5b, 0x25, 0x42, 0xa1, 0x32, 0x1d, 
	0x31, 0xdb, 0x31, 0xdb, 0x3a, 0x5f, 0x32, 0x1d, 
	0x29, 0xd9, 0x21, 0x57, 0x31, 0xd9, 0x29, 0xd9, 
	0x31, 0xd9, 0x31, 0x99, 0x21, 0x55, 0x29, 0x97, 
	0x3a, 0x1b, 0x29, 0x97, 0x31, 0x97, 0x31, 0x95, 
	0x31, 0x97, 0x31, 0x97, 0x52, 0x9d, 0x39, 0xdb, 
	0x29, 0x57, 0x39, 0x99, 0x31, 0x55, 0x31, 0x55, 
	0x31, 0x55, 0x29, 0x53, 0x29, 0x53, 0x31, 0x95, 
	0x21, 0x11, 0x18, 0xd1, 0x29, 0x13, 0x29, 0x53, 
	0x29, 0x53, 0x29, 0x53, 0x29, 0x11, 0x21, 0x0f, 
	0x20, 0xcf, 0x29, 0x13, 0x20, 0xcf, 0x29, 0x11, 
	0x39, 0x55, 0x29, 0x13, 0x29, 0x13, 0x20, 0xcf, 
	0x18, 0xcb, 0x21, 0x0d, 0x41, 0xd3, 0x18, 0x8b, 
	0x09, 0x95, 0x09, 0x53, 0x09, 0x95, 0x11, 0x97, 
	0x11, 0x55, 0x09, 0x55, 0x01, 0x53, 0x11, 0x95, 
	0x09, 0x95, 0x09, 0x95, 0x01, 0x53, 0x11, 0xd9, 
	0x19, 0xd9, 0x01, 0x55, 0x01, 0x55, 0x09, 0x95, 
	0x11, 0x55, 0x19, 0xd9, 0x09, 0x55, 0x09, 0x95, 
	0x01, 0x13, 0x01, 0x13, 0x01, 0x13, 0x09, 0x53, 
	0x09, 0x55, 0x19, 0xd9, 0x09, 0x55, 0x09, 0x55, 
	0x3a, 0x9f, 0x19, 0x97, 0x09, 0x55, 0x11, 0x97, 
	0x09, 0x97, 0x11, 0xd9, 0x11, 0x97, 0x09, 0x97, 
	0x1a, 0x1b, 0x3a, 0xe1, 0x21, 0xd9, 0x21, 0xd9, 
	0x2a, 0x5f, 0x22, 0x5f, 0x43, 0x27, 0x3a, 0xe3, 
	0x2a, 0x5d, 0x2a, 0x1b, 0x21, 0xdb, 0x4b, 0x23, 
	0x32, 0x5f, 0x22, 0x1d, 0x32, 0x5f, 0x32, 0x5f, 
	0x32, 0x61, 0x3a, 0x61, 0x42, 0xa3, 0x3a, 0x9f, 
	0x3a, 0x5f, 0x4a, 0xe3, 0x4a, 0xa1, 0x52, 0xe3, 
	0x3a, 0x1b, 0x39, 0xdb, 0x39, 0xdb, 0x29, 0x97, 
	0x29, 0x95, 0x21, 0x53, 0x31, 0xd7, 0x3a, 0x19, 
	0x31, 0xd9, 0x4a, 0x5d, 0x3a, 0x1b, 0x31, 0xd7, 
	0x31, 0xd9, 0x3a, 0x19, 0x3a, 0x1b, 0x42, 0x1b, 
	0x3a, 0x1d, 0x53, 0x23, 0x32, 0x1d, 0x3a, 0x5d, 
	0x42, 0x5f, 0x29, 0xdb, 0x3a, 0x1d, 0x32, 0x1b, 
	0x29, 0x97, 0x29, 0x99, 0x31, 0xd9, 0x3a, 0x1b, 
	0x42, 0x5d, 0x31, 0xd9, 0x31, 0xd9, 0x3a, 0x1b, 
	0x42, 0x1b, 0x31, 0x97, 0x31, 0x57, 0x29, 0x55, 
	0x31, 0x97, 0x29, 0x55, 0x39, 0xd9, 0x31, 0x97, 
	0x39, 0xdb, 0x52, 0x9f, 0x31, 0x97, 0x39, 0xd7, 
	0x42, 0x19, 0x21, 0x11, 0x21, 0x11, 0x29, 0x13, 
	0x21, 0x13, 0x21, 0x13, 0x21, 0x11, 0x29, 0x53, 
	0x39, 0xd5, 0x29, 0x11, 0x29, 0x0f, 0x29, 0x11, 
	0x21, 0x11, 0x29, 0x11, 0x29, 0x11, 0x28, 0xcf, 
	0x20, 0xcf, 0x29, 0x11, 0x31, 0x53, 0x20, 0xcd, 
	0x20, 0xcb, 0x20, 0xcd, 0x29, 0x0f, 0x20, 0xcd, 
	0x22, 0x19, 0x09, 0x95, 0x09, 0x55, 0x01, 0x53, 
	0x01, 0x53, 0x09, 0x55, 0x09, 0x95, 0x09, 0x95, 
	0x01, 0x55, 0x09, 0x95, 0x01, 0x55, 0x09, 0x97, 
	0x11, 0x97, 0x01, 0x55, 0x09, 0x97, 0x01, 0x55, 
	0x01, 0x55, 0x09, 0x95, 0x01, 0x53, 0x09, 0x95, 
	0x09, 0x53, 0x01, 0x11, 0x09, 0x55, 0x09, 0x55, 
	0x09, 0x55, 0x01, 0x55, 0x09, 0x57, 0x09, 0x57, 
	0x21, 0xd9, 0x19, 0x97, 0x09, 0x55, 0x19, 0xd9, 
	0x09, 0x97, 0x11, 0xdb, 0x09, 0x97, 0x11, 0xd9, 
	0x1a, 0x1b, 0x11, 0xd9, 0x11, 0xd7, 0x2a, 0x5b, 
	0x2a, 0x5f, 0x2a, 0x61, 0x6c, 0x71, 0x2a, 0x61, 
	0x21, 0xdb, 0x32, 0x5d, 0x19, 0x99, 0x32, 0x5f, 
	0x2a, 0x5f, 0x32, 0x61, 0x32, 0xa1, 0x32, 0xa1, 
	0x42, 0xa3, 0x32, 0x5f, 0x42, 0xa1, 0x32, 0x5f, 
	0x42, 0xa1, 0x42, 0xa1, 0x5b, 0x25, 0x5b, 0x25, 
	0x4a, 0x5d, 0x39, 0xd9, 0x31, 0xdb, 0x29, 0x55, 
	0x29, 0x95, 0x10, 0xcf, 0x3a, 0x17, 0x29, 0x53, 
	0x21, 0x55, 0x42, 0x5b, 0x39, 0xd9, 0x31, 0xd7, 
	0x29, 0x95, 0x31, 0xd9, 0x31, 0xd7, 0x31, 0xd9, 
	0x29, 0xd7, 0x32, 0x1b, 0x32, 0x1b, 0x32, 0x1b, 
	0x32, 0x1b, 0x32, 0x1b, 0x29, 0xd9, 0x31, 0xd9, 
	0x31, 0xdb, 0x31, 0xd9, 0x21, 0x57, 0x3a, 0x1b, 
	0x31, 0xd9, 0x29, 0x97, 0x29, 0x97, 0x29, 0x57, 
	0x29, 0x97, 0x29, 0x55, 0x31, 0x97, 0x29, 0x55, 
	0x29, 0x55, 0x29, 0x53, 0x31, 0x97, 0x21, 0x13, 
	0x31, 0x95, 0x31, 0x55, 0x29, 0x53, 0x21, 0x13, 
	0x21, 0x11, 0x29, 0x53, 0x39, 0xd5, 0x31, 0x95, 
	0x31, 0x55, 0x21, 0x11, 0x21, 0x11, 0x21, 0x11, 
	0x21, 0x0f, 0x20, 0xcf, 0x31, 0x53, 0x29, 0x11, 
	0x29, 0x11, 0x29, 0x11, 0x31, 0x51, 0x29, 0x11, 
	0x39, 0x93, 0x20, 0xcf, 0x29, 0x11, 0x20, 0xcb, 
	0x20, 0xcb, 0x20, 0xcb, 0x29, 0x0f, 0x20, 0xcd, 
	0x19, 0xd7, 0x09, 0x55, 0x01, 0x55, 0x09, 0x53, 
	0x09, 0x95, 0x2a, 0x5d, 0x09, 0x95, 0x09, 0x95, 
	0x11, 0x97, 0x11, 0x97, 0x09, 0x97, 0x01, 0x55, 
	0x09, 0x95, 0x01, 0x55, 0x09, 0x97, 0x01, 0x55, 
	0x09, 0x95, 0x09, 0x55, 0x09, 0x55, 0x09, 0x53, 
	0x09, 0x53, 0x01, 0x53, 0x19, 0xd7, 0x09, 0x55, 
	0x11, 0x97, 0x09, 0x97, 0x22, 0x5b, 0x11, 0x97, 
	0x11, 0x97, 0x19, 0xd9, 0x11, 0x97, 0x09, 0x97, 
	0x11, 0x97, 0x1a, 0x1b, 0x32, 0x9f, 0x19, 0xdb, 
	0x22, 0x1b, 0x19, 0xd9, 0x11, 0xd9, 0x19, 0x97, 
	0x3a, 0xe1, 0x2a, 0x5f, 0x22, 0x21, 0x22, 0x1d, 
	0x2a, 0x5f, 0x4b, 0x23, 0x21, 0xdb, 0x21, 0xdb, 
	0x21, 0xdb, 0x2a, 0x5f, 0x4b, 0x25, 0x3a, 0xe3, 
	0x42, 0xa1, 0x32, 0x1d, 0x42, 0xa1, 0x3a, 0x9f, 
	0x4a, 0xe1, 0x3a, 0x5d, 0x29, 0x97, 0x3a, 0x1b, 
	0x4a, 0x9f, 0x42, 0x1b, 0x29, 0x99, 0x31, 0xd7, 
	0x29, 0x95, 0x19, 0x11, 0x39, 0xd7, 0x19, 0x11, 
	0x29, 0x95, 0x39, 0xd7, 0x31, 0x97, 0x31, 0xd7, 
	0x42, 0x5b, 0x31, 0xd9, 0x31, 0xd9, 0x32, 0x19, 
	0x32, 0x19, 0x29, 0x99, 0x31, 0xdb, 0x42, 0x5d, 
	0x31, 0xd9, 0x4a, 0xa1, 0x31, 0xdb, 0x29, 0x97, 
	0x31, 0xdb, 0x21, 0x57, 0x3a, 0x1b, 0x21, 0x57, 
	0x31, 0xd9, 0x31, 0xd7, 0x31, 0xd9, 0x21, 0x15, 
	0x21, 0x55, 0x29, 0x55, 0x31, 0x97, 0x4a, 0x5d, 
	0x31, 0x97, 0x20, 0xd1, 0x21, 0x13, 0x29, 0x13, 
	0x31, 0x97, 0x29, 0x55, 0x21, 0x11, 0x21, 0x11, 
	0x21, 0x11, 0x29, 0x13, 0x31, 0x95, 0x31, 0x95, 
	0x29, 0x53, 0x29, 0x13, 0x31, 0x55, 0x31, 0x53, 
	0x29, 0x11, 0x29, 0x11, 0x29, 0x11, 0x28, 0xd1, 
	0x31, 0x53, 0x31, 0x51, 0x31, 0x53, 0x29, 0x0f, 
	0x29, 0x0f, 0x20, 0xcf, 0x20, 0xcf, 0x20, 0xcd, 
	0x20, 0xcb, 0x20, 0xcb, 0x21, 0x0d, 0x29, 0x51, 
	0x01, 0x53, 0x09, 0x95, 0x01, 0x95, 0x01, 0x53, 
	0x09, 0x53, 0x09, 0x95, 0x01, 0x53, 0x09, 0x55, 
	0x09, 0x55, 0x11, 0x97, 0x11, 0x97, 0x21, 0xd7, 
	0x01, 0x55, 0x09, 0x55, 0x09, 0x55, 0x01, 0x95, 
	0x22, 0x19, 0x11, 0x97, 0x11, 0x55, 0x09, 0x53, 
	0x09, 0x53, 0x11, 0x97, 0x19, 0xd7, 0x09, 0x97, 
	0x11, 0x97, 0x09, 0x55, 0x11, 0x97, 0x11, 0x99, 
	0x11, 0x97, 0x11, 0x99, 0x19, 0xd9, 0x11, 0x99, 
	0x11, 0x97, 0x1a, 0x1b, 0x22, 0x1b, 0x22, 0x1b, 
	0x21, 0xd9, 0x11, 0xd9, 0x11, 0xd9, 0x19, 0xd7, 
	0x19, 0xd9, 0x19, 0xdb, 0x22, 0x1d, 0x19, 0xdb, 
	0x22, 0x1b, 0x3a, 0x9f, 0x3a, 0x9f, 0x21, 0xd9, 
	0x3a, 0xa1, 0x3a, 0xa3, 0x42, 0xe3, 0x4b, 0x25, 
	0x42, 0xe3, 0x29, 0xdb, 0x32, 0x1b, 0x3a, 0x5d, 
	0x42, 0x9d, 0x42, 0x5b, 0x32, 0x19, 0x31, 0xd9, 
	0x3a, 0x1b, 0x39, 0xd9, 0x42, 0x5d, 0x29, 0x97, 
	0x29, 0x95, 0x29, 0x55, 0x29, 0x93, 0x21, 0x13, 
	0x39, 0xd7, 0x29, 0x95, 0x29, 0x95, 0x5a, 0xdf, 
	0x52, 0xdf, 0x31, 0xd9, 0x31, 0xd9, 0x29, 0xd7, 
	0x29, 0xd7, 0x31, 0xdb, 0x4a, 0x9f, 0x31, 0xdb, 
	0x31, 0xd9, 0x32, 0x1b, 0x42, 0x9f, 0x29, 0x99, 
	0x29, 0x97, 0x29, 0x97, 0x3a, 0x1b, 0x29, 0x97, 
	0x29, 0x97, 0x29, 0x97, 0x21, 0x55, 0x31, 0x97, 
	0x29, 0x97, 0x31, 0x97, 0x29, 0x55, 0x42, 0x1b, 
	0x29, 0x55, 0x29, 0x55, 0x39, 0xd7, 0x29, 0x55, 
	0x31, 0x97, 0x39, 0xd7, 0x29, 0x13, 0x21, 0x11, 
	0x29, 0x13, 0x29, 0x13, 0x29, 0x53, 0x29, 0x13, 
	0x29, 0x13, 0x39, 0x95, 0x29, 0x13, 0x39, 0xd5, 
	0x31, 0x53, 0x41, 0xd7, 0x29, 0x11, 0x28, 0xd1, 
	0x29, 0x0f, 0x29, 0x0f, 0x29, 0x0f, 0x29, 0x0f, 
	0x20, 0xcd, 0x21, 0x0f, 0x20, 0xcd, 0x29, 0x0f, 
	0x20, 0xcd, 0x18, 0x8b, 0x29, 0x4f, 0x39, 0x93, 
	0x01, 0x53, 0x01, 0x53, 0x01, 0x53, 0x01, 0x53, 
	0x09, 0x53, 0x01, 0x55, 0x01, 0x55, 0x09, 0x55, 
	0x11, 0x95, 0x09, 0x95, 0x01, 0x55, 0x09, 0x97, 
	0x11, 0xd7, 0x09, 0x97, 0x09, 0x97, 0x01, 0x95, 
	0x01, 0x55, 0x09, 0x55, 0x09, 0x55, 0x21, 0xd7, 
	0x09, 0x55, 0x09, 0x55, 0x19, 0xd9, 0x09, 0x55, 
	0x11, 0xd9, 0x11, 0xd7, 0x2a, 0x1b, 0x22, 0x1b, 
	0x11, 0xd9, 0x11, 0x97, 0x11, 0xd9, 0x11, 0x97, 
	0x11, 0xd9, 0x22, 0x1b, 0x2a, 0x5b, 0x11, 0x99, 
	0x19, 0xd9, 0x1a, 0x1b, 0x1a, 0x19, 0x21, 0xd9, 
	0x21, 0xd9, 0x19, 0xd9, 0x19, 0xd9, 0x21, 0xdb, 
	0x2a, 0x1d, 0x19, 0x99, 0x19, 0x99, 0x29, 0xdb, 
	0x5b, 0x67, 0x42, 0xe3, 0x3a, 0xe3, 0x43, 0x23, 
	0x32, 0x1d, 0x31, 0xdb, 0x29, 0xd9, 0x3a, 0x5b, 
	0x4a, 0x9f, 0x32, 0x19, 0x31, 0xd9, 0x31, 0xd7, 
	0x31, 0xd7, 0x39, 0xd9, 0x31, 0xd9, 0x29, 0x97, 
	0x31, 0xd7, 0x21, 0x53, 0x21, 0x13, 0x21, 0x53, 
	0x39, 0xd9, 0x31, 0x95, 0x21, 0x13, 0x42, 0x1b, 
	0x4a, 0x5d, 0x42, 0x5d, 0x3a, 0x1b, 0x32, 0x1b, 
	0x29, 0x97, 0x31, 0xd9, 0x31, 0xdb, 0x31, 0xd9, 
	0x31, 0xdb, 0x3a, 0x1b, 0x31, 0xdb, 0x21, 0x57, 
	0x31, 0xd9, 0x31, 0xd9, 0x29, 0x97, 0x29, 0x55, 
	0x29, 0x97, 0x31, 0x97, 0x21, 0x55, 0x42, 0x5d, 
	0x31, 0xd9, 0x31, 0x97, 0x31, 0x97, 0x29, 0x55, 
	0x21, 0x13, 0x29, 0x13, 0x29, 0x13, 0x29, 0x55, 
	0x29, 0x13, 0x21, 0x13, 0x29, 0x53, 0x29, 0x13, 
	0x31, 0x95, 0x29, 0x13, 0x21, 0x11, 0x39, 0xd7, 
	0x31, 0x55, 0x31, 0x53, 0x29, 0x53, 0x31, 0x53, 
	0x29, 0x51, 0x29, 0x11, 0x52, 0x59, 0x29, 0x11, 
	0x20, 0xcf, 0x29, 0x11, 0x29, 0x0f, 0x20, 0xcf, 
	0x20, 0xcd, 0x29, 0x0f, 0x20, 0xcd, 0x29, 0x0f, 
	0x20, 0xcd, 0x18, 0x8b, 0x20, 0xcd, 0x20, 0xcd, 
	0x11, 0x95, 0x11, 0x97, 0x01, 0x53, 0x11, 0x95, 
	0x09, 0x95, 0x11, 0xd7, 0x01, 0x53, 0x09, 0x95, 
	0x1a, 0x19, 0x09, 0x97, 0x01, 0x55, 0x09, 0x55, 
	0x09, 0x97, 0x09, 0x95, 0x09, 0x95, 0x09, 0x95, 
	0x09, 0x55, 0x09, 0x55, 0x19, 0x97, 0x11, 0x55, 
	0x11, 0x55, 0x09, 0x55, 0x09, 0x55, 0x09, 0x55, 
	0x09, 0x97, 0x11, 0xd7, 0x09, 0x97, 0x19, 0xdb, 
	0x53, 0x63, 0x22, 0x1b, 0x19, 0xd9, 0x11, 0x97, 
	0x19, 0xd9, 0x19, 0xd9, 0x11, 0x97, 0x19, 0x99, 
	0x19, 0xd9, 0x2a, 0x5d, 0x22, 0x1b, 0x19, 0xd7, 
	0x3a, 0x9f, 0x22, 0x1b, 0x21, 0xd9, 0x22, 0x1b, 
	0x42, 0xe3, 0x22, 0x1b, 0x21, 0x99, 0x21, 0xdb, 
	0x3a, 0xa1, 0x3a, 0xe3, 0x32, 0xa1, 0x2a, 0x5d, 
	0x32, 0x5d, 0x32, 0x1b, 0x29, 0x97, 0x3a, 0x1b, 
	0x32, 0x19, 0x42, 0x5b, 0x29, 0xd7, 0x29, 0x97, 
	0x29, 0x55, 0x29, 0x95, 0x29, 0x97, 0x31, 0xd7, 
	0x31, 0xd7, 0x21, 0x53, 0x29, 0x95, 0x31, 0xd7, 
	0x39, 0xd7, 0x31, 0x95, 0x31, 0x95, 0x31, 0x97, 
	0x4a, 0x9f, 0x42, 0x1d, 0x31, 0xd9, 0x42, 0x5d, 
	0x29, 0x97, 0x31, 0xd9, 0x31, 0xdb, 0x39, 0xdb, 
	0x31, 0xdb, 0x21, 0x97, 0x3a, 0x1b, 0x21, 0x57, 
	0x3a, 0x1b, 0x3a, 0x1b, 0x31, 0xd7, 0x21, 0x55, 
	0x29, 0x55, 0x29, 0x55, 0x21, 0x55, 0x31, 0xd9, 
	0x21, 0x55, 0x21, 0x15, 0x4a, 0x1d, 0x29, 0x55, 
	0x21, 0x13, 0x21, 0x13, 0x29, 0x55, 0x29, 0x13, 
	0x29, 0x13, 0x29, 0x53, 0x29, 0x13, 0x21, 0x11, 
	0x29, 0x53, 0x29, 0x13, 0x39, 0x95, 0x29, 0x13, 
	0x31, 0x53, 0x31, 0x53, 0x29, 0x11, 0x29, 0x11, 
	0x21, 0x0f, 0x29, 0x11, 0x52, 0x5b, 0x29, 0x11, 
	0x20, 0xcf, 0x31, 0x51, 0x20, 0xcd, 0x20, 0xcd, 
	0x20, 0xcd, 0x20, 0xcd, 0x20, 0xcd, 0x29, 0x0d, 
	0x20, 0xcd, 0x20, 0xcd, 0x20, 0xcd, 0x20, 0xcb, 
	0x21, 0xd9, 0x11, 0x55, 0x11, 0x97, 0x21, 0xd7, 
	0x01, 0x53, 0x09, 0x55, 0x01, 0x53, 0x09, 0x95, 
	0x09, 0x95, 0x09, 0x95, 0x09, 0x97, 0x09, 0x95, 
	0x09, 0x55, 0x09, 0x97, 0x11, 0xd7, 0x01, 0x95, 
	0x09, 0x95, 0x09, 0x95, 0x09, 0x55, 0x09, 0x55, 
	0x11, 0x55, 0x09, 0x55, 0x09, 0x55, 0x09, 0x97, 
	0x09, 0x95, 0x11, 0xd9, 0x09, 0x55, 0x11, 0x97, 
	0x22, 0x1b, 0x19, 0x97, 0x11, 0xd7, 0x11, 0x97, 
	0x22, 0x1b, 0x19, 0xdb, 0x19, 0xd9, 0x22, 0x1b, 
	0x22, 0x1b, 0x2a, 0x5d, 0x22, 0x1b, 0x19, 0xd7, 
	0x21, 0xd9, 0x21, 0xd9, 0x2a, 0x5b, 0x22, 0x1b, 
	0x2a, 0x5d, 0x32, 0x5f, 0x21, 0xdb, 0x32, 0x5f, 
	0x3a, 0xa1, 0x43, 0x23, 0x4b, 0x65, 0x42, 0xe1, 
	0x3a, 0x5d, 0x4a, 0x9f, 0x29, 0x97, 0x3a, 0x1b, 
	0x32, 0x19, 0x3a, 0x19, 0x19, 0x53, 0x29, 0xd7, 
	0x29, 0x95, 0x21, 0x53, 0x39, 0xd9, 0x29, 0x97, 
	0x3a, 0x1b, 0x21, 0x55, 0x31, 0x97, 0x29, 0x95, 
	0x29, 0x55, 0x21, 0x13, 0x39, 0xd7, 0x31, 0x97, 
	0x31, 0xd9, 0x42, 0x1d, 0x31, 0x99, 0x39, 0xdb, 
	0x31, 0xd9, 0x31, 0x97, 0x31, 0xd9, 0x31, 0xdb, 
	0x29, 0x99, 0x29, 0x57, 0x21, 0x57, 0x3a, 0x1b, 
	0x42, 0x5d, 0x29, 0x97, 0x29, 0x97, 0x29, 0x95, 
	0x29, 0x97, 0x31, 0xd9, 0x29, 0x97, 0x21, 0x55, 
	0x42, 0x1b, 0x29, 0x55, 0x29, 0x55, 0x52, 0x9f, 
	0x21, 0x13, 0x29, 0x55, 0x29, 0x53, 0x21, 0x13, 
	0x31, 0x55, 0x29, 0x13, 0x29, 0x53, 0x29, 0x53, 
	0x39, 0xd7, 0x31, 0x53, 0x4a, 0x19, 0x29, 0x13, 
	0x29, 0x11, 0x39, 0x95, 0x31, 0x53, 0x31, 0x53, 
	0x29, 0x11, 0x31, 0x53, 0x31, 0x53, 0x31, 0x53, 
	0x20, 0xcd, 0x29, 0x0d, 0x31, 0x51, 0x29, 0x0f, 
	0x31, 0x51, 0x39, 0x93, 0x20, 0xcd, 0x28, 0xcd, 
	0x39, 0x93, 0x20, 0xcd, 0x20, 0xcd, 0x20, 0xcb, 
	0x09, 0x55, 0x09, 0x95, 0x09, 0x95, 0x09, 0x95, 
	0x01, 0x53, 0x09, 0x95, 0x01, 0x53, 0x11, 0x95, 
	0x11, 0x97, 0x09, 0x95, 0x09, 0x97, 0x09, 0x97, 
	0x09, 0x95, 0x22, 0x1b, 0x19, 0xd9, 0x09, 0x95, 
	0x09, 0x95, 0x09, 0x55, 0x09, 0x55, 0x09, 0x55, 
	0x19, 0x97, 0x32, 0x5b, 0x11, 0x97, 0x11, 0x97, 
	0x11, 0x97, 0x11, 0xd9, 0x11, 0xd9, 0x19, 0xd9, 
	0x11, 0x97, 0x11, 0x97, 0x11, 0x97, 0x11, 0x97, 
	0x19, 0xd9, 0x19, 0xd9, 0x22, 0x1b, 0x2a, 0x1b, 
	0x2a, 0x5d, 0x21, 0xdb, 0x22, 0x1b, 0x22, 0x1b, 
	0x21, 0xd9, 0x19, 0xd9, 0x19, 0xd9, 0x22, 0x1b, 
	0x2a, 0x1d, 0x2a, 0x5d, 0x2a, 0x1b, 0x3a, 0xa1, 
	0x42, 0xe3, 0x42, 0xe3, 0x42, 0xe3, 0x42, 0xa1, 
	0x3a, 0x1b, 0x29, 0xd7, 0x29, 0x95, 0x31, 0xd7, 
	0x21, 0x95, 0x29, 0xd7, 0x19, 0x53, 0x21, 0x95, 
	0x29, 0x95, 0x21, 0x53, 0x29, 0x95, 0x21, 0x55, 
	0x3a, 0x1b, 0x42, 0x5b, 0x42, 0x1b, 0x31, 0xd7, 
	0x31, 0xd7, 0x21, 0x11, 0x31, 0x95, 0x42, 0x19, 
	0x31, 0xd7, 0x31, 0xd9, 0x42, 0x5d, 0x29, 0x97, 
	0x4a, 0x9f, 0x42, 0x1b, 0x42, 0x1d, 0x31, 0xd9, 
	0x3a, 0x1b, 0x3a, 0x1b, 0x31, 0xd9, 0x31, 0xd9, 
	0x29, 0x97, 0x29, 0x99, 0x29, 0x97, 0x39, 0xd9, 
	0x31, 0x97, 0x42, 0x1b, 0x29, 0x97, 0x29, 0x55, 
	0x31, 0xd9, 0x29, 0x53, 0x29, 0x55, 0x31, 0x97, 
	0x21, 0x13, 0x29, 0x53, 0x21, 0x13, 0x29, 0x53, 
	0x29, 0x53, 0x29, 0x13, 0x20, 0xcf, 0x31, 0x95, 
	0x39, 0x97, 0x29, 0x11, 0x29, 0x13, 0x29, 0x11, 
	0x41, 0xd7, 0x41, 0xd5, 0x31, 0x53, 0x31, 0x53, 
	0x39, 0x93, 0x31, 0x53, 0x39, 0x95, 0x31, 0x11, 
	0x29, 0x0f, 0x20, 0xcd, 0x31, 0x51, 0x29, 0x0d, 
	0x29, 0x0f, 0x31, 0x11, 0x20, 0xcd, 0x20, 0xcd, 
	0x31, 0x51, 0x20, 0xcd, 0x20, 0xcd, 0x20, 0xcd, 
	0x09, 0x55, 0x11, 0x95, 0x09, 0x95, 0x09, 0x95, 
	0x09, 0x55, 0x09, 0x95, 0x01, 0x53, 0x2a, 0x59, 
	0x09, 0x95, 0x11, 0x95, 0x09, 0x97, 0x09, 0x97, 
	0x19, 0xd9, 0x19, 0xd9, 0x19, 0x97, 0x09, 0x95, 
	0x09, 0x95, 0x09, 0x97, 0x09, 0x95, 0x09, 0x55, 
	0x09, 0x55, 0x19, 0xd7, 0x32, 0x5d, 0x19, 0xd7, 
	0x11, 0x97, 0x19, 0xd9, 0x11, 0x97, 0x19, 0xd9, 
	0x19, 0xd9, 0x2a, 0x5b, 0x19, 0xd7, 0x11, 0x97, 
	0x22, 0x1b, 0x19, 0xd9, 0x21, 0xdb, 0x22, 0x1b, 
	0x32, 0x9f, 0x22, 0x1b, 0x2a, 0x1d, 0x21, 0xd9, 
	0x2a, 0x5d, 0x32, 0x5d, 0x2a, 0x5b, 0x2a, 0x5d, 
	0x3a, 0x9f, 0x2a, 0x1b, 0x32, 0x5d, 0x42, 0xe3, 
	0x4a, 0xe5, 0x53, 0x67, 0x42, 0xe1, 0x42, 0x9f, 
	0x31, 0xd9, 0x21, 0x55, 0x29, 0x95, 0x21, 0x53, 
	0x19, 0x53, 0x29, 0x97, 0x31, 0xd7, 0x21, 0x53, 
	0x29, 0x95, 0x29, 0x95, 0x29, 0x53, 0x3a, 0x1b, 
	0x4a, 0xa1, 0x21, 0x55, 0x42, 0x1b, 0x39, 0xd9, 
	0x42, 0x5b, 0x31, 0x95, 0x31, 0x95, 0x31, 0x95, 
	0x29, 0x95, 0x31, 0xd9, 0x29, 0x97, 0x42, 0x1b, 
	0x29, 0x97, 0x31, 0xd9, 0x3a, 0x1b, 0x4a, 0x5f, 
	0x42, 0x5b, 0x31, 0xd9, 0x31, 0xd9, 0x3a, 0x1b, 
	0x31, 0xd9, 0x42, 0x5d, 0x42, 0x1b, 0x39, 0xd7, 
	0x31, 0x97, 0x39, 0xd9, 0x29, 0x55, 0x29, 0x97, 
	0x39, 0xd9, 0x31, 0x97, 0x29, 0x55, 0x31, 0x97, 
	0x29, 0x55, 0x29, 0x13, 0x29, 0x13, 0x21, 0x13, 
	0x31, 0x53, 0x29, 0x13, 0x29, 0x13, 0x39, 0x95, 
	0x31, 0x53, 0x39, 0x95, 0x28, 0xd1, 0x29, 0x11, 
	0x39, 0x95, 0x29, 0x11, 0x29, 0x11, 0x28, 0xcf, 
	0x39, 0x53, 0x31, 0x13, 0x41, 0x95, 0x28, 0xcf, 
	0x20, 0xcd, 0x20, 0xcd, 0x20, 0xcd, 0x20, 0xcd, 
	0x31, 0x51, 0x29, 0x11, 0x28, 0xcd, 0x29, 0x0f, 
	0x29, 0x0d, 0x20, 0xcd, 0x20, 0xcd, 0x18, 0x8b, 
	0x09, 0x55, 0x09, 0x55, 0x11, 0x95, 0x11, 0x95, 
	0x09, 0x95, 0x09, 0x95, 0x09, 0x95, 0x11, 0x97, 
	0x09, 0x95, 0x19, 0xd7, 0x09, 0x55, 0x11, 0xd9, 
	0x11, 0xd7, 0x1a, 0x19, 0x22, 0x1b, 0x11, 0x97, 
	0x1a, 0x19, 0x09, 0x95, 0x09, 0x97, 0x09, 0x95, 
	0x09, 0x95, 0x11, 0x97, 0x19, 0x97, 0x22, 0x1b, 
	0x19, 0xd9, 0x11, 0xd9, 0x11, 0x97, 0x11, 0xd7, 
	0x11, 0x97, 0x11, 0x95, 0x19, 0xd7, 0x11, 0x95, 
	0x19, 0xd7, 0x19, 0xd9, 0x19, 0xd9, 0x2a, 0x1b, 
	0x2a, 0x5d, 0x22, 0x1b, 0x22, 0x1b, 0x19, 0xd9, 
	0x22, 0x1b, 0x3a, 0x9f, 0x22, 0x1b, 0x32, 0x5f, 
	0x32, 0x5f, 0x32, 0x5d, 0x32, 0x5d, 0x4b, 0x25, 
	0x4b, 0x27, 0x53, 0x25, 0x4a, 0xe3, 0x3a, 0x5d, 
	0x32, 0x19, 0x29, 0x95, 0x19, 0x53, 0x21, 0x55, 
	0x19, 0x11, 0x21, 0x55, 0x21, 0x55, 0x21, 0x55, 
	0x31, 0xd7, 0x29, 0x95, 0x29, 0x95, 0x3a, 0x1b, 
	0x42, 0x5d, 0x29, 0x97, 0x29, 0x55, 0x21, 0x53, 
	0x4a, 0x5b, 0x31, 0x95, 0x31, 0x93, 0x29, 0x53, 
	0x31, 0x95, 0x21, 0x55, 0x31, 0xd9, 0x31, 0x97, 
	0x31, 0x97, 0x3a, 0x1b, 0x3a, 0x1b, 0x3a, 0x1b, 
	0x3a, 0x19, 0x31, 0xd9, 0x31, 0x97, 0x39, 0xdb, 
	0x31, 0x99, 0x29, 0x97, 0x29, 0x55, 0x31, 0x95, 
	0x4a, 0x5d, 0x29, 0x55, 0x29, 0x55, 0x31, 0x95, 
	0x39, 0xd9, 0x29, 0x55, 0x31, 0x55, 0x29, 0x13, 
	0x21, 0x13, 0x29, 0x13, 0x29, 0x55, 0x21, 0x13, 
	0x21, 0x11, 0x52, 0x5d, 0x39, 0x95, 0x21, 0x11, 
	0x29, 0x13, 0x41, 0xd5, 0x31, 0x53, 0x39, 0x93, 
	0x41, 0xd7, 0x41, 0xd5, 0x28, 0xcf, 0x29, 0x11, 
	0x31, 0x11, 0x31, 0x53, 0x31, 0x53, 0x39, 0x53, 
	0x31, 0x0f, 0x28, 0xcd, 0x31, 0x51, 0x20, 0xcd, 
	0x31, 0x0f, 0x28, 0xcf, 0x29, 0x0f, 0x28, 0xcd, 
	0x20, 0xcd, 0x20, 0xcd, 0x29, 0x0f, 0x20, 0xcb, 
	0x09, 0x95, 0x09, 0x53, 0x09, 0x95, 0x09, 0x95, 
	0x09, 0x95, 0x01, 0x53, 0x01, 0x53, 0x11, 0x95, 
	0x09, 0x95, 0x09, 0x55, 0x11, 0x97, 0x3a, 0xdf, 
	0x11, 0xd7, 0x11, 0x97, 0x11, 0x97, 0x11, 0x95, 
	0x11, 0x95, 0x09, 0x95, 0x2a, 0x5b, 0x11, 0xd7, 
	0x09, 0x95, 0x11, 0x95, 0x11, 0x95, 0x19, 0xd9, 
	0x22, 0x1b, 0x19, 0xd9, 0x19, 0xd9, 0x19, 0xd9, 
	0x19, 0xd9, 0x19, 0xd7, 0x19, 0x95, 0x11, 0x95, 
	0x19, 0xd9, 0x11, 0x97, 0x19, 0xd9, 0x2a, 0x1b, 
	0x21, 0xdb, 0x3a, 0x9f, 0x22, 0x1b, 0x2a, 0x5d, 
	0x22, 0x5b, 0x32, 0x9f, 0x32, 0x9f, 0x2a, 0x5d, 
	0x42, 0xe3, 0x2a, 0x1d, 0x32, 0x5f, 0x4b, 0x25, 
	0x4b, 0x25, 0x53, 0x25, 0x42, 0xa1, 0x42, 0x5d, 
	0x31, 0xd9, 0x19, 0x13, 0x3a, 0x19, 0x29, 0x95, 
	0x19, 0x13, 0x21, 0x95, 0x29, 0x97, 0x29, 0xd7, 
	0x19, 0x13, 0x21, 0x53, 0x29, 0x95, 0x29, 0x95, 
	0x31, 0x97, 0x29, 0x55, 0x29, 0x95, 0x31, 0x97, 
	0x39, 0xd7, 0x39, 0xd7, 0x31, 0x95, 0x29, 0x53, 
	0x39, 0xd7, 0x31, 0x97, 0x29, 0x95, 0x29, 0x95, 
	0x31, 0xd7, 0x3a, 0x19, 0x31, 0xd9, 0x3a, 0x1b, 
	0x31, 0x97, 0x29, 0x55, 0x29, 0x97, 0x39, 0xd9, 
	0x4a, 0x5d, 0x42, 0x1b, 0x21, 0x53, 0x29, 0x53, 
	0x31, 0x95, 0x31, 0x97, 0x31, 0x97, 0x29, 0x53, 
	0x39, 0xd7, 0x39, 0x97, 0x29, 0x13, 0x31, 0x55, 
	0x29, 0x55, 0x31, 0x55, 0x31, 0x55, 0x21, 0x11, 
	0x20, 0xd1, 0x29, 0x53, 0x21, 0x11, 0x29, 0x11, 
	0x29, 0x11, 0x29, 0x11, 0x31, 0x11, 0x29, 0x0f, 
	0x29, 0x11, 0x31, 0x53, 0x29, 0x11, 0x29, 0x11, 
	0x28, 0xcf, 0x31, 0x11, 0x41, 0x95, 0x39, 0x53, 
	0x31, 0x51, 0x29, 0x0d, 0x39, 0x91, 0x20, 0xcd, 
	0x29, 0x0f, 0x31, 0x0f, 0x28, 0xcd, 0x28, 0xcd, 
	0x20, 0xcd, 0x20, 0x8b, 0x20, 0x8b, 0x20, 0x8b, 
	0x11, 0x95, 0x09, 0x93, 0x09, 0x95, 0x09, 0x95, 
	0x01, 0x55, 0x01, 0x55, 0x09, 0x53, 0x09, 0x53, 
	0x09, 0x95, 0x01, 0x95, 0x32, 0x5b, 0x11, 0xd7, 
	0x11, 0xd7, 0x11, 0x95, 0x09, 0x95, 0x09, 0x55, 
	0x09, 0x95, 0x09, 0x95, 0x11, 0xd7, 0x11, 0xd7, 
	0x11, 0xd7, 0x19, 0xd7, 0x11, 0x97, 0x19, 0xd9, 
	0x22, 0x1b, 0x22, 0x1b, 0x2a, 0x5d, 0x19, 0xd9, 
	0x19, 0xd7, 0x21, 0xd9, 0x32, 0x5b, 0x19, 0x97, 
	0x21, 0xd9, 0x21, 0xd9, 0x22, 0x1b, 0x22, 0x1b, 
	0x19, 0xd9, 0x32, 0x5f, 0x22, 0x1b, 0x32, 0x9f, 
	0x2a, 0x5d, 0x32, 0x9f, 0x32, 0xa1, 0x32, 0x5f, 
	0x3a, 0xa1, 0x32, 0x5d, 0x42, 0xe1, 0x4a, 0xe3, 
	0x53, 0x25, 0x53, 0x65, 0x4a, 0x9f, 0x42, 0x9d, 
	0x29, 0x97, 0x29, 0x95, 0x3a, 0x19, 0x21, 0x55, 
	0x31, 0xd7, 0x29, 0x97, 0x21, 0x97, 0x3a, 0x19, 
	0x21, 0x53, 0x21, 0x53, 0x21, 0x53, 0x21, 0x11, 
	0x21, 0x53, 0x21, 0x11, 0x29, 0x53, 0x21, 0x53, 
	0x31, 0x97, 0x39, 0xd7, 0x42, 0x19, 0x29, 0x95, 
	0x29, 0x95, 0x39, 0xd9, 0x31, 0xd7, 0x3a, 0x19, 
	0x39, 0xd9, 0x3a, 0x1b, 0x29, 0x97, 0x29, 0x97, 
	0x31, 0xd7, 0x29, 0x95, 0x31, 0x97, 0x39, 0xd9, 
	0x39, 0x97, 0x31, 0x97, 0x31, 0x95, 0x52, 0x9d, 
	0x29, 0x53, 0x31, 0x97, 0x29, 0x97, 0x42, 0x1b, 
	0x31, 0x97, 0x31, 0x95, 0x29, 0x53, 0x29, 0x13, 
	0x29, 0x53, 0x39, 0xd7, 0x29, 0x53, 0x21, 0x11, 
	0x21, 0x11, 0x31, 0x53, 0x29, 0x13, 0x31, 0x95, 
	0x39, 0x95, 0x29, 0x11, 0x29, 0x0f, 0x39, 0x53, 
	0x29, 0x0f, 0x29, 0x11, 0x31, 0x11, 0x31, 0x51, 
	0x29, 0x11, 0x28, 0xcf, 0x29, 0x0f, 0x29, 0x0f, 
	0x31, 0x51, 0x29, 0x0f, 0x29, 0x0f, 0x29, 0x0f, 
	0x28, 0xcd, 0x28, 0xcd, 0x31, 0x0f, 0x20, 0xcd, 
	0x20, 0xcb, 0x31, 0x0d, 0x28, 0xcd, 0x29, 0x0d, 
	0x11, 0x93, 0x09, 0x53, 0x09, 0x95, 0x01, 0x53, 
	0x01, 0x53, 0x09, 0x95, 0x09, 0x95, 0x11, 0x97, 
	0x09, 0x95, 0x09, 0x95, 0x09, 0x55, 0x11, 0x95, 
	0x09, 0x95, 0x11, 0xd7, 0x11, 0x97, 0x09, 0x95, 
	0x09, 0x55, 0x11, 0x97, 0x11, 0x95, 0x11, 0x97, 
	0x19, 0xd7, 0x11, 0x97, 0x2a, 0x5d, 0x19, 0xd9, 
	0x22, 0x1b, 0x19, 0xd9, 0x19, 0xd9, 0x19, 0xd7, 
	0x19, 0xd7, 0x19, 0xd7, 0x21, 0xd7, 0x2a, 0x19, 
	0x19, 0xd7, 0x22, 0x1b, 0x32, 0x5d, 0x21, 0xd9, 
	0x19, 0xd9, 0x21, 0xdb, 0x22, 0x1b, 0x3a, 0xa1, 
	0x2a, 0x5d, 0x53, 0x67, 0x53, 0x67, 0x3a, 0xa1, 
	0x32, 0x5f, 0x4b, 0x23, 0x42, 0xe1, 0x42, 0x9f, 
	0x42, 0x9f, 0x42, 0x9f, 0x3a, 0x5d, 0x3a, 0x1b, 
	0x21, 0x53, 0x19, 0x11, 0x31, 0xd7, 0x21, 0x53, 
	0x21, 0x55, 0x29, 0x95, 0x21, 0x55, 0x29, 0x95, 
	0x29, 0x93, 0x19, 0x11, 0x21, 0x53, 0x31, 0xd7, 
	0x21, 0x53, 0x21, 0x13, 0x21, 0x11, 0x29, 0x55, 
	0x3a, 0x19, 0x31, 0xd7, 0x29, 0x95, 0x29, 0x53, 
	0x21, 0x53, 0x31, 0xd7, 0x31, 0x95, 0x31, 0x97, 
	0x42, 0x5b, 0x4a, 0x9d, 0x29, 0x95, 0x29, 0x97, 
	0x29, 0x95, 0x31, 0x97, 0x31, 0x97, 0x31, 0x97, 
	0x42, 0x19, 0x42, 0x19, 0x31, 0x95, 0x31, 0x95, 
	0x29, 0x55, 0x29, 0x55, 0x29, 0x57, 0x42, 0x19, 
	0x42, 0x19, 0x29, 0x13, 0x29, 0x53, 0x21, 0x11, 
	0x31, 0x53, 0x21, 0x11, 0x42, 0x19, 0x5a, 0x9d, 
	0x31, 0x55, 0x31, 0x53, 0x29, 0x53, 0x31, 0x53, 
	0x39, 0x95, 0x29, 0x11, 0x29, 0x11, 0x29, 0x11, 
	0x20, 0xcf, 0x41, 0xd5, 0x31, 0x51, 0x29, 0x0f, 
	0x31, 0x51, 0x29, 0x0f, 0x20, 0xcd, 0x31, 0x11, 
	0x29, 0x0f, 0x31, 0x4f, 0x29, 0x0d, 0x28, 0xcd, 
	0x28, 0xcd, 0x29, 0x0f, 0x20, 0xcd, 0x20, 0xcd, 
	0x20, 0xcd, 0x28, 0xcd, 0x29, 0x0d, 0x20, 0x8b, 
	0x09, 0x93, 0x09, 0x93, 0x09, 0x95, 0x09, 0x95, 
	0x09, 0x55, 0x01, 0x53, 0x09, 0x95, 0x11, 0x97, 
	0x09, 0x95, 0x11, 0x97, 0x11, 0x95, 0x11, 0xd7, 
	0x11, 0x95, 0x11, 0x95, 0x11, 0x97, 0x11, 0x97, 
	0x09, 0x95, 0x11, 0x95, 0x11, 0x95, 0x11, 0xd7, 
	0x11, 0xd7, 0x11, 0x97, 0x22, 0x1b, 0x19, 0xd9, 
	0x19, 0xd9, 0x11, 0x97, 0x19, 0xd9, 0x22, 0x19, 
	0x19, 0xd7, 0x21, 0xd7, 0x19, 0x97, 0x19, 0x97, 
	0x21, 0xd9, 0x21, 0xd9, 0x19, 0xd9, 0x2a, 0x1b, 
	0x22, 0x1b, 0x2a, 0x1b, 0x32, 0x5f, 0x3a, 0xe1, 
	0x32, 0x9f, 0x3a, 0xa1, 0x4a, 0xe3, 0x32, 0x5f, 
	0x32, 0x5d, 0x32, 0x5d, 0x32, 0x1b, 0x3a, 0x5d, 
	0x3a, 0x5b, 0x32, 0x19, 0x29, 0xd7, 0x29, 0x95, 
	0x3a, 0x17, 0x21, 0x53, 0x21, 0x53, 0x29, 0x95, 
	0x29, 0x95, 0x29, 0xd7, 0x21, 0x55, 0x19, 0x13, 
	0x21, 0x53, 0x21, 0x53, 0x21, 0x53, 0x21, 0x53, 
	0x3a, 0x17, 0x31, 0xd7, 0x21, 0x13, 0x4a, 0x9d, 
	0x29, 0x97, 0x29, 0x95, 0x31, 0xd7, 0x31, 0x95, 
	0x21, 0x53, 0x31, 0x95, 0x29, 0x95, 0x31, 0x97, 
	0x31, 0x97, 0x31, 0xd7, 0x3a, 0x19, 0x29, 0x95, 
	0x29, 0x95, 0x52, 0x9d, 0x42, 0x1b, 0x31, 0x97, 
	0x31, 0x97, 0x29, 0x53, 0x29, 0x53, 0x31, 0x95, 
	0x31, 0x95, 0x3a, 0x19, 0x3a, 0x19, 0x31, 0x95, 
	0x31, 0x53, 0x31, 0x95, 0x39, 0xd5, 0x29, 0x11, 
	0x39, 0x93, 0x29, 0x51, 0x31, 0x95, 0x52, 0x5b, 
	0x39, 0xd7, 0x21, 0x11, 0x31, 0x53, 0x29, 0x11, 
	0x29, 0x11, 0x29, 0x11, 0x29, 0x11, 0x29, 0x11, 
	0x28, 0xcf, 0x31, 0x51, 0x29, 0x0f, 0x20, 0xcd, 
	0x29, 0x0f, 0x20, 0xcd, 0x31, 0x51, 0x29, 0x11, 
	0x20, 0xcd, 0x20, 0xcd, 0x29, 0x0f, 0x29, 0x0d, 
	0x28, 0xcd, 0x28, 0xcd, 0x28, 0xcd, 0x39, 0x91, 
	0x20, 0x8b, 0x20, 0xcb, 0x20, 0x8b, 0x20, 0xcb, 
	0x11, 0x95, 0x09, 0x93, 0x09, 0x95, 0x09, 0x95, 
	0x09, 0x95, 0x11, 0xd7, 0x32, 0x9d, 0x11, 0x97, 
	0x19, 0xd7, 0x11, 0x95, 0x11, 0x95, 0x11, 0x95, 
	0x11, 0x95, 0x11, 0xd7, 0x11, 0x95, 0x11, 0x97, 
	0x11, 0x95, 0x11, 0x95, 0x11, 0x95, 0x19, 0xd7, 
	0x11, 0x95, 0x11, 0x97, 0x11, 0x97, 0x19, 0xd9, 
	0x22, 0x1b, 0x11, 0x97, 0x19, 0xd9, 0x3a, 0x9d, 
	0x19, 0xd7, 0x21, 0xd9, 0x19, 0x97, 0x21, 0xd9, 
	0x19, 0x97, 0x22, 0x19, 0x2a, 0x5d, 0x21, 0xd9, 
	0x32, 0x5d, 0x32, 0x5d, 0x42, 0xe1, 0x3a, 0x9f, 
	0x32, 0x5f, 0x42, 0xe1, 0x4a, 0xe3, 0x3a, 0xa1, 
	0x32, 0x1d, 0x29, 0xd9, 0x32, 0x1b, 0x29, 0xd7, 
	0x29, 0xd9, 0x21, 0x95, 0x32, 0x19, 0x21, 0x53, 
	0x21, 0x53, 0x19, 0x13, 0x19, 0x11, 0x3a, 0x17, 
	0x29, 0x95, 0x21, 0x53, 0x19, 0x13, 0x21, 0x53, 
	0x21, 0x53, 0x21, 0x51, 0x21, 0x53, 0x31, 0xd5, 
	0x21, 0x53, 0x31, 0xd7, 0x21, 0x53, 0x42, 0x5b, 
	0x31, 0xd7, 0x31, 0xd7, 0x29, 0x55, 0x3a, 0x19, 
	0x31, 0xd7, 0x29, 0x53, 0x31, 0x95, 0x31, 0xd7, 
	0x3a, 0x19, 0x31, 0xd7, 0x31, 0x97, 0x31, 0xd7, 
	0x31, 0x95, 0x31, 0x97, 0x31, 0x57, 0x29, 0x55, 
	0x29, 0x55, 0x29, 0x53, 0x29, 0x53, 0x29, 0x53, 
	0x39, 0xd7, 0x42, 0x5b, 0x6b, 0x67, 0x31, 0x95, 
	0x31, 0x53, 0x31, 0x53, 0x21, 0x11, 0x29, 0x53, 
	0x31, 0x93, 0x31, 0x53, 0x42, 0x19, 0x29, 0x13, 
	0x29, 0x11, 0x29, 0x11, 0x29, 0x11, 0x29, 0x11, 
	0x29, 0x11, 0x20, 0xd1, 0x29, 0x11, 0x29, 0x11, 
	0x20, 0xcf, 0x29, 0x0f, 0x20, 0xcd, 0x31, 0x51, 
	0x29, 0x0f, 0x29, 0x0f, 0x31, 0x51, 0x20, 0xcd, 
	0x29, 0x0f, 0x29, 0x0f, 0x31, 0x51, 0x20, 0xcd, 
	0x28, 0xcd, 0x28, 0xcd, 0x39, 0x93, 0x31, 0x0f, 
	0x20, 0xcb, 0x20, 0x89, 0x20, 0x89, 0x18, 0x89, 
	0x09, 0x93, 0x09, 0x53, 0x11, 0x95, 0x09, 0x95, 
	0x09, 0x95, 0x09, 0x95, 0x2a, 0x5b, 0x11, 0xd7, 
	0x22, 0x19, 0x11, 0x95, 0x11, 0x95, 0x09, 0x53, 
	0x11, 0x95, 0x11, 0x95, 0x11, 0x97, 0x11, 0x95, 
	0x09, 0x95, 0x11, 0x95, 0x11, 0x95, 0x11, 0x95, 
	0x19, 0xd7, 0x11, 0x97, 0x11, 0x97, 0x22, 0x19, 
	0x22, 0x1b, 0x19, 0xd9, 0x19, 0xd9, 0x2a, 0x1b, 
	0x2a, 0x1b, 0x21, 0xd9, 0x19, 0x97, 0x19, 0x97, 
	0x19, 0x97, 0x2a, 0x1b, 0x2a, 0x5d, 0x32, 0x9f, 
	0x32, 0x5d, 0x3a, 0x9f, 0x3a, 0x9f, 0x42, 0x9f, 
	0x3a, 0x5f, 0x32, 0x5d, 0x3a, 0xa1, 0x3a, 0x9f, 
	0x32, 0x1b, 0x32, 0x1b, 0x29, 0xd7, 0x31, 0xd9, 
	0x29, 0x97, 0x29, 0x95, 0x42, 0x5b, 0x29, 0x95, 
	0x21, 0x53, 0x21, 0x53, 0x21, 0x53, 0x3a, 0x19, 
	0x29, 0x97, 0x31, 0x97, 0x3a, 0x19, 0x31, 0xd7, 
	0x21, 0x53, 0x21, 0x53, 0x21, 0x53, 0x31, 0xd5, 
	0x31, 0xd7, 0x39, 0xd7, 0x21, 0x53, 0x29, 0x95, 
	0x42, 0x5b, 0x3a, 0x19, 0x31, 0xd7, 0x31, 0xd7, 
	0x31, 0xd7, 0x3a, 0x19, 0x42, 0x19, 0x3a, 0x19, 
	0x31, 0xd7, 0x31, 0xd9, 0x29, 0x97, 0x3a, 0x1b, 
	0x29, 0x55, 0x31, 0x97, 0x31, 0x57, 0x39, 0xd9, 
	0x31, 0x97, 0x29, 0x53, 0x29, 0x53, 0x29, 0x51, 
	0x31, 0x93, 0x39, 0xd7, 0x42, 0x1b, 0x31, 0x95, 
	0x31, 0x53, 0x4a, 0x19, 0x31, 0x53, 0x29, 0x11, 
	0x31, 0x53, 0x31, 0x53, 0x31, 0x53, 0x31, 0x53, 
	0x29, 0x11, 0x21, 0x11, 0x21, 0x11, 0x39, 0x93, 
	0x31, 0x11, 0x31, 0x53, 0x6b, 0x21, 0x29, 0x11, 
	0x31, 0x51, 0x39, 0x93, 0x28, 0xcd, 0x29, 0x0f, 
	0x28, 0xcd, 0x29, 0x0f, 0x29, 0x0f, 0x41, 0x93, 
	0x31, 0x4f, 0x29, 0x0f, 0x29, 0x0f, 0x28, 0xcd, 
	0x28, 0xcd, 0x28, 0xcd, 0x31, 0x0f, 0x28, 0xcd, 
	0x29, 0x0d, 0x20, 0x8b, 0x20, 0xcb, 0x20, 0xcb, 
	0x09, 0x55, 0x09, 0x95, 0x19, 0xd7, 0x11, 0x93, 
	0x09, 0x93, 0x11, 0xd7, 0x22, 0x19, 0x11, 0x95, 
	0x11, 0x95, 0x19, 0x95, 0x09, 0x95, 0x11, 0x95, 
	0x11, 0x95, 0x11, 0x97, 0x11, 0x97, 0x09, 0x95, 
	0x11, 0x97, 0x11, 0x95, 0x11, 0xd7, 0x11, 0x95, 
	0x22, 0x19, 0x22, 0x1b, 0x11, 0x97, 0x11, 0x97, 
	0x11, 0x97, 0x19, 0xd9, 0x22, 0x5d, 0x2a, 0x5b, 
	0x32, 0x5d, 0x32, 0x5d, 0x21, 0x97, 0x21, 0xd9, 
	0x21, 0xd9, 0x22, 0x1b, 0x2a, 0x1b, 0x32, 0x5f, 
	0x32, 0x5f, 0x3a, 0x9f, 0x32, 0x5d, 0x32, 0x1b, 
	0x32, 0x5d, 0x2a, 0x1b, 0x42, 0x9f, 0x3a, 0x5d, 
	0x3a, 0x5d, 0x29, 0xd9, 0x29, 0xd7, 0x29, 0x97, 
	0x29, 0x95, 0x31, 0xd7, 0x21, 0x55, 0x19, 0x11, 
	0x21, 0x53, 0x3a, 0x19, 0x31, 0xd7, 0x42, 0x5b, 
	0x42, 0x1b, 0x4a, 0x5d, 0x31, 0xd7, 0x29, 0x95, 
	0x29, 0x95, 0x21, 0x53, 0x31, 0xd7, 0x31, 0xd7, 
	0x29, 0x95, 0x21, 0x55, 0x21, 0x55, 0x29, 0x95, 
	0x31, 0x95, 0x29, 0x53, 0x29, 0x53, 0x31, 0x97, 
	0x29, 0x95, 0x3a, 0x19, 0x31, 0xd7, 0x29, 0x55, 
	0x42, 0x5b, 0x39, 0xd9, 0x29, 0x55, 0x31, 0x97, 
	0x31, 0x97, 0x39, 0xd9, 0x31, 0x95, 0x31, 0x97, 
	0x31, 0x95, 0x3a, 0x17, 0x29, 0x53, 0x31, 0x93, 
	0x31, 0x95, 0x31, 0x95, 0x42, 0x19, 0x31, 0x55, 
	0x31, 0x53, 0x29, 0x11, 0x31, 0x55, 0x29, 0x11, 
	0x29, 0x11, 0x31, 0x53, 0x31, 0x53, 0x31, 0x53, 
	0x39, 0x93, 0x21, 0x11, 0x29, 0x11, 0x41, 0xd5, 
	0x39, 0x53, 0x41, 0x97, 0x29, 0x13, 0x31, 0x53, 
	0x31, 0x53, 0x41, 0xd5, 0x31, 0x51, 0x29, 0x0f, 
	0x28, 0xcf, 0x28, 0xcf, 0x29, 0x0f, 0x31, 0x51, 
	0x29, 0x0f, 0x28, 0xcd, 0x31, 0x51, 0x28, 0xcd, 
	0x31, 0x0f, 0x20, 0xcd, 0x20, 0x8b, 0x31, 0x0f, 
	0x29, 0x0d, 0x20, 0xcd, 0x20, 0xcb, 0x20, 0xcb, 
	0x11, 0x95, 0x09, 0x93, 0x09, 0x53, 0x19, 0xd5, 
	0x19, 0xd7, 0x09, 0x53, 0x09, 0x55, 0x09, 0x95, 
	0x11, 0x95, 0x11, 0x95, 0x11, 0x95, 0x11, 0xd7, 
	0x19, 0xd7, 0x11, 0x95, 0x09, 0x95, 0x09, 0x95, 
	0x19, 0xd9, 0x19, 0x97, 0x22, 0x19, 0x11, 0x97, 
	0x11, 0x97, 0x19, 0x97, 0x19, 0xd9, 0x21, 0xdb, 
	0x22, 0x1b, 0x1a, 0x1b, 0x43, 0x23, 0x19, 0xd9, 
	0x22, 0x1b, 0x2a, 0x1b, 0x21, 0x97, 0x19, 0x97, 
	0x21, 0xd9, 0x2a, 0x1b, 0x2a, 0x1d, 0x42, 0xe3, 
	0x3a, 0x9f, 0x32, 0x5d, 0x32, 0x5d, 0x32, 0x5b, 
	0x3a, 0x5d, 0x2a, 0x1b, 0x3a, 0x5d, 0x4a, 0xe1, 
	0x42, 0x9f, 0x42, 0x9d, 0x31, 0xd9, 0x31, 0xd7, 
	0x19, 0x13, 0x21, 0x53, 0x21, 0x53, 0x29, 0x95, 
	0x29, 0x95, 0x21, 0x13, 0x31, 0x97, 0x4a, 0x5d, 
	0x39, 0xd9, 0x42, 0x1b, 0x4a, 0x5b, 0x31, 0x95, 
	0x21, 0x53, 0x21, 0x53, 0x21, 0x53, 0x21, 0x93, 
	0x29, 0x97, 0x29, 0x97, 0x29, 0x95, 0x29, 0x95, 
	0x29, 0x55, 0x31, 0x95, 0x29, 0x95, 0x29, 0x95, 
	0x31, 0x95, 0x39, 0xd9, 0x29, 0x95, 0x31, 0x97, 
	0x39, 0xd7, 0x3a, 0x19, 0x29, 0x97, 0x39, 0xd9, 
	0x31, 0x95, 0x29, 0x53, 0x31, 0x95, 0x31, 0x95, 
	0x29, 0x55, 0x31, 0x95, 0x31, 0x93, 0x39, 0x95, 
	0x31, 0x53, 0x31, 0x53, 0x39, 0x97, 0x29, 0x55, 
	0x39, 0x99, 0x31, 0x53, 0x39, 0x95, 0x31, 0x53, 
	0x31, 0x13, 0x29, 0x11, 0x39, 0x53, 0x31, 0x11, 
	0x31, 0x53, 0x4a, 0x17, 0x4a, 0x19, 0x31, 0x53, 
	0x31, 0x13, 0x29, 0x11, 0x28, 0xd1, 0x29, 0x11, 
	0x31, 0x53, 0x31, 0x51, 0x29, 0x0f, 0x29, 0x0f, 
	0x28, 0xcf, 0x28, 0xcf, 0x29, 0x0f, 0x28, 0xcd, 
	0x29, 0x0f, 0x29, 0x0f, 0x31, 0x0f, 0x29, 0x0f, 
	0x29, 0x0d, 0x28, 0xcd, 0x20, 0xcb, 0x31, 0x0f, 
	0x29, 0x0d, 0x20, 0xcd, 0x29, 0x0d, 0x28, 0xcb, 
	0x11, 0x95, 0x09, 0x95, 0x09, 0x53, 0x11, 0x95, 
	0x11, 0x95, 0x09, 0x95, 0x09, 0x55, 0x19, 0x95, 
	0x19, 0x95, 0x09, 0x93, 0x11, 0x95, 0x11, 0x95, 
	0x2a, 0x5b, 0x11, 0x95, 0x11, 0x97, 0x11, 0x97, 
	0x11, 0x97, 0x21, 0xd9, 0x2a, 0x1b, 0x19, 0xd7, 
	0x22, 0x19, 0x21, 0xd9, 0x21, 0xd9, 0x19, 0xd9, 
	0x32, 0x5f, 0x19, 0xdb, 0x19, 0xdb, 0x22, 0x1b, 
	0x2a, 0x1b, 0x21, 0xd9, 0x21, 0x97, 0x21, 0x97, 
	0x32, 0x5b, 0x2a, 0x5b, 0x42, 0xe1, 0x42, 0xe1, 
	0x3a, 0x9f, 0x3a, 0x9f, 0x32, 0x5d, 0x32, 0x1b, 
	0x32, 0x1b, 0x29, 0xd9, 0x3a, 0x5b, 0x4a, 0xe3, 
	0x5b, 0x65, 0x4a, 0x9f, 0x31, 0xd9, 0x3a, 0x19, 
	0x29, 0x95, 0x21, 0x53, 0x39, 0xd9, 0x42, 0x1b, 
	0x21, 0x53, 0x29, 0x55, 0x29, 0x55, 0x4a, 0x9f, 
	0x4a, 0x5d, 0x4a, 0x5d, 0x39, 0xd9, 0x31, 0xd7, 
	0x31, 0xd7, 0x31, 0xd7, 0x42, 0x5b, 0x21, 0x53, 
	0x29, 0x95, 0x29, 0x97, 0x31, 0xd7, 0x31, 0xd7, 
	0x29, 0x95, 0x42, 0x19, 0x3a, 0x17, 0x39, 0xd9, 
	0x42, 0x1b, 0x31, 0x97, 0x29, 0x55, 0x39, 0x97, 
	0x31, 0x97, 0x39, 0xd7, 0x5a, 0xdf, 0x42, 0x1b, 
	0x31, 0x55, 0x41, 0xd9, 0x31, 0x95, 0x29, 0x13, 
	0x31, 0x55, 0x39, 0xd7, 0x39, 0x95, 0x39, 0x95, 
	0x39, 0x95, 0x29, 0x13, 0x39, 0x95, 0x31, 0x55, 
	0x6b, 0x23, 0x4a, 0x5b, 0x39, 0x97, 0x39, 0x97, 
	0x29, 0x11, 0x31, 0x53, 0x31, 0x53, 0x39, 0x93, 
	0x39, 0x93, 0x29, 0x11, 0x29, 0x11, 0x29, 0x0f, 
	0x31, 0x53, 0x31, 0x55, 0x31, 0x55, 0x39, 0x95, 
	0x29, 0x11, 0x29, 0x0f, 0x31, 0x11, 0x39, 0x93, 
	0x39, 0x93, 0x31, 0x11, 0x29, 0x0f, 0x28, 0xcf, 
	0x28, 0xcd, 0x31, 0x0f, 0x31, 0x51, 0x31, 0x0f, 
	0x28, 0xcd, 0x28, 0xcd, 0x28, 0xcd, 0x28, 0xcd, 
	0x28, 0xcd, 0x29, 0x0f, 0x20, 0xcb, 0x29, 0x0d, 
	0x11, 0x95, 0x22, 0x19, 0x11, 0x95, 0x09, 0x93, 
	0x11, 0x95, 0x09, 0x95, 0x19, 0xd7, 0x19, 0x95, 
	0x19, 0x95, 0x09, 0x93, 0x19, 0xd7, 0x22, 0x19, 
	0x11, 0xd7, 0x19, 0xd7, 0x22, 0x5b, 0x11, 0xd7, 
	0x22, 0x19, 0x19, 0xd7, 0x19, 0xd7, 0x32, 0x5d, 
	0x3a, 0x9d, 0x19, 0x97, 0x19, 0xd7, 0x19, 0xd7, 
	0x22, 0x19, 0x1a, 0x1b, 0x19, 0xd9, 0x22, 0x1b, 
	0x21, 0xdb, 0x21, 0xd9, 0x29, 0xd9, 0x29, 0xdb, 
	0x3a, 0x5d, 0x32, 0x5d, 0x4b, 0x23, 0x32, 0x9f, 
	0x3a, 0xa1, 0x42, 0xdf, 0x3a, 0x9d, 0x32, 0x1b, 
	0x21, 0x97, 0x29, 0xd9, 0x32, 0x1b, 0x53, 0x23, 
	0x4a, 0xdf, 0x32, 0x19, 0x29, 0x97, 0x31, 0xd9, 
	0x21, 0x55, 0x21, 0x53, 0x42, 0x1b, 0x21, 0x55, 
	0x21, 0x53, 0x31, 0x95, 0x29, 0x95, 0x3a, 0x1b, 
	0x42, 0x5b, 0x42, 0x1b, 0x31, 0x95, 0x31, 0x95, 
	0x42, 0x5b, 0x29, 0x95, 0x29, 0x95, 0x29, 0x95, 
	0x29, 0x95, 0x31, 0xd7, 0x31, 0xd7, 0x3a, 0x17, 
	0x31, 0xd7, 0x31, 0x95, 0x29, 0x53, 0x31, 0x95, 
	0x39, 0xd9, 0x31, 0x97, 0x39, 0xd9, 0x39, 0xd7, 
	0x31, 0x97, 0x31, 0x95, 0x5a, 0xdf, 0x31, 0x95, 
	0x31, 0x55, 0x39, 0xd7, 0x42, 0x19, 0x29, 0x53, 
	0x31, 0x55, 0x39, 0x97, 0x31, 0x55, 0x31, 0x53, 
	0x39, 0x95, 0x31, 0x55, 0x31, 0x55, 0x62, 0xe1, 
	0x41, 0xd9, 0x39, 0x97, 0x39, 0xd7, 0x39, 0x95, 
	0x39, 0x97, 0x39, 0x55, 0x29, 0x11, 0x31, 0x51, 
	0x4a, 0x17, 0x31, 0x53, 0x31, 0x11, 0x31, 0x51, 
	0x39, 0x97, 0x4a, 0x1d, 0x39, 0x99, 0x39, 0x95, 
	0x29, 0x11, 0x31, 0x51, 0x31, 0x51, 0x39, 0x51, 
	0x28, 0xcf, 0x28, 0xcf, 0x29, 0x0f, 0x28, 0xcf, 
	0x28, 0xcd, 0x28, 0xcd, 0x31, 0x51, 0x31, 0x0f, 
	0x28, 0xcd, 0x28, 0xcd, 0x28, 0xcd, 0x28, 0xcd, 
	0x20, 0xcb, 0x29, 0x0d, 0x20, 0xcb, 0x29, 0x0d, 
	0x11, 0x95, 0x11, 0x95, 0x11, 0x95, 0x19, 0x95, 
	0x11, 0x95, 0x11, 0x95, 0x11, 0x95, 0x11, 0x95, 
	0x11, 0x95, 0x11, 0x95, 0x11, 0xd7, 0x11, 0xd5, 
	0x11, 0xd7, 0x19, 0xd7, 0x11, 0x97, 0x11, 0x97, 
	0x11, 0x97, 0x19, 0xd9, 0x22, 0x19, 0x21, 0xd7, 
	0x21, 0xd9, 0x19, 0x97, 0x11, 0x55, 0x11, 0x97, 
	0x11, 0x97, 0x11, 0xd7, 0x1a, 0x19, 0x22, 0x1b, 
	0x22, 0x1b, 0x2a, 0x1b, 0x2a, 0x1b, 0x21, 0xd9, 
	0x32, 0x1b, 0x3a, 0x9d, 0x2a, 0x5d, 0x32, 0x5f, 
	0x42, 0xa1, 0x32, 0x5d, 0x32, 0x1b, 0x3a, 0x5d, 
	0x29, 0xd7, 0x29, 0xd7, 0x32, 0x1b, 0x3a, 0x5d, 
	0x29, 0xd7, 0x29, 0xd7, 0x31, 0xd9, 0x42, 0x5d, 
	0x21, 0x95, 0x21, 0x53, 0x31, 0xd7, 0x29, 0x97, 
	0x21, 0x53, 0x29, 0x95, 0x29, 0x95, 0x31, 0x97, 
	0x42, 0x1b, 0x4a, 0x5b, 0x42, 0x19, 0x31, 0xd7, 
	0x29, 0x95, 0x29, 0x95, 0x29, 0x95, 0x31, 0xd7, 
	0x31, 0xd7, 0x31, 0xd9, 0x31, 0xd7, 0x31, 0xd7, 
	0x31, 0xd7, 0x31, 0x95, 0x29, 0x55, 0x29, 0x55, 
	0x39, 0xd7, 0x39, 0x97, 0x39, 0x97, 0x31, 0x55, 
	0x42, 0x19, 0x31, 0x97, 0x39, 0xd7, 0x39, 0xd7, 
	0x31, 0x95, 0x39, 0x95, 0x29, 0x53, 0x29, 0x53, 
	0x29, 0x53, 0x31, 0x95, 0x31, 0x55, 0x31, 0x55, 
	0x29, 0x13, 0x4a, 0x1b, 0x29, 0x55, 0x39, 0x97, 
	0x39, 0x97, 0x39, 0x95, 0x31, 0x55, 0x41, 0xd7, 
	0x39, 0x95, 0x31, 0x53, 0x29, 0x0f, 0x29, 0x0f, 
	0x31, 0x51, 0x29, 0x0f, 0x31, 0x53, 0x31, 0x51, 
	0x31, 0x55, 0xa4, 0xf3, 0x62, 0xa3, 0x39, 0x95, 
	0x29, 0x11, 0x31, 0x51, 0x39, 0x53, 0x28, 0xcf, 
	0x30, 0xcf, 0x31, 0x11, 0x29, 0x0f, 0x31, 0x11, 
	0x28, 0xcd, 0x28, 0xcd, 0x20, 0xcd, 0x20, 0xcd, 
	0x20, 0xcb, 0x28, 0xcd, 0x29, 0x0d, 0x20, 0xcb, 
	0x20, 0xcb, 0x20, 0x8b, 0x20, 0x8b, 0x20, 0xcb, 
	0x11, 0x93, 0x11, 0x93, 0x11, 0x93, 0x09, 0x53, 
	0x09, 0x53, 0x09, 0x93, 0x11, 0x95, 0x11, 0x95, 
	0x09, 0x95, 0x09, 0x95, 0x09, 0x95, 0x11, 0x95, 
	0x11, 0x95, 0x11, 0x95, 0x11, 0x95, 0x42, 0xdf, 
	0x19, 0xd7, 0x21, 0xd7, 0x21, 0xd7, 0x21, 0x97, 
	0x21, 0xd7, 0x21, 0x97, 0x11, 0x95, 0x19, 0x97, 
	0x19, 0xd7, 0x2a, 0x5d, 0x22, 0x1b, 0x22, 0x1b, 
	0x32, 0x5d, 0x2a, 0x5b, 0x32, 0x5d, 0x21, 0xd9, 
	0x21, 0xd9, 0x2a, 0x1b, 0x32, 0x5f, 0x63, 0xe9, 
	0x3a, 0x5d, 0x2a, 0x1b, 0x2a, 0x19, 0x21, 0x97, 
	0x21, 0x95, 0x31, 0xd9, 0x32, 0x19, 0x21, 0x95, 
	0x31, 0xd7, 0x29, 0x97, 0x29, 0x97, 0x29, 0xd7, 
	0x21, 0x55, 0x21, 0x95, 0x21, 0x53, 0x29, 0x95, 
	0x21, 0x13, 0x29, 0x53, 0x31, 0x97, 0x31, 0xd7, 
	0x39, 0xd9, 0x39, 0xd7, 0x39, 0xd7, 0x3a, 0x19, 
	0x4a, 0x5b, 0x31, 0xd7, 0x3a, 0x19, 0x3a, 0x19, 
	0x31, 0xd9, 0x42, 0x1b, 0x31, 0xd7, 0x31, 0xd9, 
	0x31, 0x97, 0x39, 0xd9, 0x41, 0xd9, 0x39, 0xd7, 
	0x39, 0xd9, 0x39, 0x97, 0x39, 0xd7, 0x39, 0x97, 
	0x31, 0x95, 0x31, 0x95, 0x42, 0x19, 0x31, 0x55, 
	0x31, 0x95, 0x41, 0xd7, 0x39, 0xd5, 0x39, 0xd7, 
	0x39, 0x95, 0x31, 0x55, 0x31, 0x55, 0x39, 0x95, 
	0x31, 0x55, 0x41, 0xd9, 0x41, 0xd7, 0x39, 0x97, 
	0x31, 0x53, 0x39, 0x95, 0x31, 0x53, 0x31, 0x53, 
	0x4a, 0x1b, 0x31, 0x13, 0x29, 0x11, 0x29, 0x0f, 
	0x29, 0x0f, 0x29, 0x0f, 0x31, 0x51, 0x39, 0x93, 
	0x39, 0x95, 0x41, 0xdd, 0x4a, 0x1d, 0x31, 0x53, 
	0x29, 0x0f, 0x31, 0x51, 0x39, 0x51, 0x49, 0xd5, 
	0x31, 0x0f, 0x28, 0xcf, 0x28, 0xcf, 0x31, 0x0f, 
	0x29, 0x0f, 0x28, 0xcd, 0x29, 0x0d, 0x41, 0x93, 
	0x28, 0xcd, 0x28, 0xcd, 0x28, 0xcd, 0x20, 0xcb, 
	0x20, 0xcb, 0x20, 0xcb, 0x29, 0x0d, 0x20, 0xcb, 
	0x11, 0x93, 0x09, 0x93, 0x11, 0x93, 0x11, 0x93, 
	0x09, 0x53, 0x09, 0x93, 0x09, 0x93, 0x09, 0x95, 
	0x11, 0x95, 0x22, 0x17, 0x11, 0x95, 0x11, 0x95, 
	0x11, 0x95, 0x19, 0xd5, 0x19, 0xd5, 0x2a, 0x5b, 
	0x19, 0xd7, 0x19, 0x95, 0x19, 0x95, 0x19, 0x97, 
	0x21, 0xd7, 0x19, 0x95, 0x19, 0xd7, 0x19, 0x95, 
	0x42, 0xdd, 0x22, 0x19, 0x19, 0xd9, 0x2a, 0x5d, 
	0x32, 0x5d, 0x32, 0x5d, 0x4a, 0xe1, 0x21, 0xd7, 
	0x21, 0xd7, 0x32, 0x5b, 0x3a, 0x5f, 0x3a, 0x5f, 
	0x32, 0x1b, 0x29, 0xd7, 0x29, 0xd7, 0x32, 0x19, 
	0x29, 0x95, 0x29, 0xd7, 0x29, 0xd7, 0x29, 0xd7, 
	0x29, 0x95, 0x29, 0x97, 0x31, 0xd9, 0x32, 0x19, 
	0x31, 0xd9, 0x32, 0x19, 0x21, 0x55, 0x31, 0x95, 
	0x31, 0x97, 0x31, 0xd7, 0x31, 0x97, 0x39, 0xd9, 
	0x31, 0xd9, 0x4a, 0x5b, 0x39, 0xd9, 0x42, 0x5b, 
	0x42, 0x5b, 0x3a, 0x19, 0x39, 0xd9, 0x3a, 0x19, 
	0x3a, 0x19, 0x42, 0x19, 0x42, 0x1b, 0x31, 0x97, 
	0x3a, 0x19, 0x42, 0x19, 0x29, 0x55, 0x39, 0x97, 
	0x39, 0xd9, 0x39, 0x97, 0x42, 0x19, 0x31, 0x95, 
	0x31, 0x95, 0x29, 0x53, 0x29, 0x53, 0x31, 0x53, 
	0x31, 0x55, 0x39, 0x95, 0x31, 0x53, 0x42, 0x19, 
	0x31, 0x55, 0x31, 0x53, 0x39, 0x55, 0x31, 0x55, 
	0x31, 0x55, 0x39, 0x95, 0x29, 0x13, 0x39, 0x55, 
	0x29, 0x11, 0x31, 0x11, 0x31, 0x11, 0x41, 0x97, 
	0x31, 0x53, 0x29, 0x11, 0x29, 0x11, 0x39, 0x93, 
	0x31, 0x11, 0x31, 0x11, 0x31, 0x53, 0x31, 0x53, 
	0x31, 0x53, 0x39, 0x95, 0x41, 0xd7, 0x29, 0x11, 
	0x29, 0x0f, 0x31, 0x11, 0x31, 0x11, 0x29, 0x0f, 
	0x29, 0x0f, 0x29, 0x0f, 0x20, 0xcd, 0x28, 0xcd, 
	0x29, 0x0f, 0x28, 0xcd, 0x29, 0x0f, 0x29, 0x0f, 
	0x28, 0xcd, 0x20, 0xcb, 0x28, 0xcd, 0x28, 0xcd, 
	0x20, 0xcb, 0x20, 0x89, 0x20, 0xc9, 0x20, 0x89, 
	0x11, 0x95, 0x11, 0x93, 0x11, 0x93, 0x11, 0x93, 
	0x11, 0x93, 0x11, 0x93, 0x11, 0x95, 0x11, 0x95, 
	0x11, 0x93, 0x21, 0xd7, 0x22, 0x17, 0x11, 0x95, 
	0x11, 0x95, 0x11, 0x95, 0x19, 0x95, 0x22, 0x19, 
	0x19, 0xd7, 0x19, 0xd7, 0x19, 0x95, 0x21, 0x97, 
	0x19, 0x95, 0x21, 0xd7, 0x19, 0x95, 0x19, 0xd5, 
	0x19, 0xd7, 0x21, 0xd7, 0x22, 0x19, 0x22, 0x1b, 
	0x32, 0x9d, 0x32, 0x5d, 0x32, 0x5b, 0x21, 0xd7, 
	0x21, 0xd7, 0x2a, 0x19, 0x2a, 0x1b, 0x2a, 0x1b, 
	0x32, 0x19, 0x29, 0xd7, 0x32, 0x19, 0x21, 0x93, 
	0x29, 0xd7, 0x29, 0xd7, 0x29, 0x97, 0x31, 0xd7, 
	0x31, 0xd7, 0x29, 0x97, 0x31, 0xd9, 0x29, 0xd7, 
	0x32, 0x19, 0x29, 0x95, 0x29, 0x97, 0x31, 0xd7, 
	0x42, 0x1b, 0x39, 0xd7, 0x42, 0x1b, 0x3a, 0x19, 
	0x42, 0x5b, 0x4a, 0x5b, 0x42, 0x19, 0x42, 0x1b, 
	0x39, 0xd7, 0x3a, 0x19, 0x4a, 0x5b, 0x42, 0x1b, 
	0x3a, 0x19, 0x42, 0x5b, 0x31, 0xd7, 0x3a, 0x1b, 
	0x31, 0x97, 0x31, 0x97, 0x31, 0x97, 0x31, 0x97, 
	0x31, 0x95, 0x31, 0x55, 0x39, 0x95, 0x31, 0x95, 
	0x31, 0x95, 0x31, 0x95, 0x31, 0x95, 0x31, 0x95, 
	0x39, 0xd7, 0x31, 0x95, 0x39, 0x95, 0x31, 0x95, 
	0x39, 0x95, 0x31, 0x53, 0x39, 0x55, 0x39, 0x95, 
	0x31, 0x53, 0x31, 0x53, 0x4a, 0x19, 0x41, 0x95, 
	0x31, 0x11, 0x31, 0x51, 0x39, 0x53, 0x39, 0x95, 
	0x31, 0x53, 0x29, 0x11, 0x29, 0x11, 0x31, 0x11, 
	0x29, 0x11, 0x31, 0x11, 0x31, 0x51, 0x29, 0x0f, 
	0x29, 0x0f, 0x29, 0x0f, 0x31, 0x11, 0x29, 0x11, 
	0x31, 0x11, 0x31, 0x11, 0x31, 0x0f, 0x31, 0x0f, 
	0x29, 0x0f, 0x29, 0x0f, 0x20, 0xcd, 0x31, 0x0f, 
	0x39, 0x51, 0x31, 0x0f, 0x29, 0x0f, 0x28, 0xcd, 
	0x28, 0xcd, 0x28, 0xcd, 0x20, 0xcb, 0x28, 0xcd, 
	0x20, 0xcb, 0x20, 0xcb, 0x20, 0x89, 0x20, 0xcb, 
	0x11, 0x93, 0x19, 0x95, 0x11, 0x93, 0x11, 0x93, 
	0x11, 0x93, 0x11, 0x93, 0x11, 0x93, 0x11, 0x95, 
	0x11, 0x93, 0x21, 0xd7, 0x11, 0x93, 0x11, 0x95, 
	0x11, 0x95, 0x11, 0x95, 0x19, 0xd5, 0x19, 0xd5, 
	0x19, 0xd5, 0x21, 0xd7, 0x19, 0x95, 0x19, 0x95, 
	0x19, 0x95, 0x19, 0x95, 0x19, 0x95, 0x19, 0x95, 
	0x19, 0x95, 0x21, 0xd7, 0x2a, 0x1b, 0x22, 0x19, 
	0x2a, 0x1b, 0x22, 0x19, 0x2a, 0x19, 0x21, 0xd7, 
	0x21, 0xd7, 0x21, 0xd7, 0x2a, 0x1b, 0x3a, 0x5d, 
	0x32, 0x19, 0x32, 0x19, 0x3a, 0x19, 0x42, 0x5b, 
	0x29, 0xd7, 0x31, 0xd7, 0x42, 0x5b, 0x29, 0xd7, 
	0x31, 0xd7, 0x31, 0xd7, 0x31, 0xd7, 0x29, 0x95, 
	0x29, 0x95, 0x29, 0x95, 0x31, 0xd7, 0x31, 0xd7, 
	0x42, 0x1b, 0x42, 0x19, 0x52, 0x9d, 0x42, 0x1b, 
	0x3a, 0x1b, 0x31, 0xd7, 0x3a, 0x19, 0x42, 0x5b, 
	0x42, 0x5b, 0x4a, 0x9d, 0x42, 0x19, 0x39, 0xd7, 
	0x42, 0x19, 0x42, 0x5b, 0x42, 0x1b, 0x31, 0xd7, 
	0x3a, 0x19, 0x31, 0x97, 0x39, 0xd7, 0x29, 0x55, 
	0x31, 0x97, 0x41, 0xd7, 0x39, 0xd7, 0x39, 0x97, 
	0x39, 0xd5, 0x31, 0xd5, 0x31, 0x93, 0x31, 0x95, 
	0x31, 0x55, 0x29, 0x53, 0x39, 0xd7, 0x31, 0x53, 
	0x39, 0x95, 0x31, 0x53, 0x31, 0x53, 0x31, 0x53, 
	0x31, 0x53, 0x39, 0x95, 0x41, 0xd7, 0x31, 0x53, 
	0x31, 0x11, 0x31, 0x11, 0x31, 0x51, 0x31, 0x53, 
	0x29, 0x11, 0x31, 0x51, 0x31, 0x11, 0x31, 0x11, 
	0x31, 0x51, 0x31, 0x51, 0x31, 0x11, 0x31, 0x51, 
	0x29, 0x0f, 0x31, 0x0f, 0x29, 0x0f, 0x29, 0x0f, 
	0x31, 0x0f, 0x28, 0xcf, 0x31, 0x0f, 0x31, 0x0f, 
	0x29, 0x0f, 0x29, 0x0d, 0x28, 0xcd, 0x29, 0x0d, 
	0x29, 0x0f, 0x29, 0x0f, 0x28, 0xcd, 0x28, 0xcd, 
	0x29, 0x0d, 0x28, 0xcd, 0x28, 0xcd, 0x20, 0xcb, 
	0x39, 0x51, 0x29, 0x0d, 0x20, 0xc9, 0x20, 0xcb, 
	0x19, 0xd5, 0x21, 0xd5, 0x19, 0x93, 0x11, 0x93, 
	0x11, 0x93, 0x11, 0x93, 0x11, 0x53, 0x11, 0x93, 
	0x11, 0x93, 0x3a, 0x9b, 0x11, 0x93, 0x11, 0x93, 
	0x11, 0x93, 0x19, 0x95, 0x19, 0x95, 0x19, 0x95, 
	0x19, 0xd5, 0x2a, 0x19, 0x21, 0xd7, 0x19, 0x95, 
	0x21, 0xd7, 0x21, 0xd7, 0x21, 0xd7, 0x11, 0x93, 
	0x19, 0x95, 0x19, 0xd7, 0x32, 0x5b, 0x2a, 0x1b, 
	0x2a, 0x1b, 0x42, 0x9f, 0x3a, 0x9d, 0x42, 0x9d, 
	0x3a, 0x5b, 0x21, 0xd5, 0x32, 0x19, 0x2a, 0x19, 
	0x32, 0x19, 0x32, 0x19, 0x32, 0x19, 0x4a, 0x9d, 
	0x3a, 0x19, 0x4a, 0x9d, 0x3a, 0x19, 0x29, 0xd7, 
	0x3a, 0x19, 0x29, 0x95, 0x29, 0x97, 0x21, 0x55, 
	0x21, 0x53, 0x31, 0xd7, 0x39, 0xd7, 0x4a, 0x9d, 
	0x3a, 0x19, 0x42, 0x19, 0x39, 0xd7, 0x4a, 0x5b, 
	0x5a, 0xe1, 0x39, 0xd9, 0x42, 0x5b, 0x31, 0xd7, 
	0x39, 0xd7, 0x39, 0xd7, 0x31, 0xd7, 0x39, 0xd7, 
	0x3a, 0x19, 0x39, 0xd7, 0x42, 0x1b, 0x3a, 0x19, 
	0x31, 0x97, 0x31, 0x95, 0x42, 0x19, 0x31, 0x55, 
	0x52, 0x9d, 0x31, 0x95, 0x31, 0x53, 0x31, 0x53, 
	0x39, 0xd5, 0x29, 0x53, 0x29, 0x53, 0x31, 0x95, 
	0x29, 0x13, 0x29, 0x53, 0x39, 0xd7, 0x31, 0x93, 
	0x39, 0x55, 0x31, 0x13, 0x31, 0x13, 0x31, 0x53, 
	0x31, 0x53, 0x31, 0x53, 0x4a, 0x17, 0x41, 0x95, 
	0x39, 0x53, 0x31, 0x51, 0x31, 0x53, 0x39, 0x53, 
	0x31, 0x53, 0x41, 0xd5, 0x31, 0x51, 0x29, 0x0f, 
	0x29, 0x0f, 0x31, 0x51, 0x31, 0x0f, 0x31, 0x4f, 
	0x29, 0x0f, 0x31, 0x0f, 0x29, 0x0f, 0x31, 0x11, 
	0x39, 0x11, 0x31, 0x0f, 0x29, 0x0f, 0x31, 0x0f, 
	0x31, 0x0f, 0x31, 0x0f, 0x28, 0xcd, 0x29, 0x0d, 
	0x28, 0xcd, 0x28, 0xcd, 0x28, 0xcd, 0x28, 0xcd, 
	0x28, 0xcd, 0x28, 0xcd, 0x28, 0xcb, 0x28, 0xcd, 
	0x20, 0xcb, 0x28, 0xcb, 0x20, 0x89, 0x20, 0x89, 
	0x21, 0x93, 0x21, 0x93, 0x19, 0x53, 0x19, 0x93, 
	0x11, 0x93, 0x22, 0x17, 0x19, 0x93, 0x11, 0x93, 
	0x11, 0x93, 0x19, 0x95, 0x19, 0x93, 0x19, 0x95, 
	0x19, 0x95, 0x19, 0xd5, 0x21, 0xd7, 0x19, 0x95, 
	0x32, 0x19, 0x19, 0xd5, 0x21, 0xd5, 0x21, 0xd7, 
	0x19, 0x95, 0x19, 0x95, 0x19, 0x95, 0x21, 0xd5, 
	0x19, 0x95, 0x21, 0xd7, 0x21, 0xd7, 0x2a, 0x1b, 
	0x2a, 0x1b, 0x32, 0x5d, 0x3a, 0x9d, 0x3a, 0x5b, 
	0x32, 0x19, 0x21, 0xd5, 0x3a, 0x5b, 0x32, 0x5b, 
	0x32, 0x19, 0x32, 0x19, 0x32, 0x1b, 0x3a, 0x5b, 
	0x3a, 0x1b, 0x4a, 0x9d, 0x42, 0x5b, 0x21, 0x95, 
	0x21, 0x93, 0x31, 0xd7, 0x29, 0x95, 0x21, 0x53, 
	0x29, 0x95, 0x39, 0xd7, 0x31, 0xd7, 0x3a, 0x19, 
	0x3a, 0x19, 0x3a, 0x17, 0x31, 0xd7, 0x31, 0x99, 
	0x52, 0x9f, 0x4a, 0x5b, 0x31, 0xd7, 0x32, 0x17, 
	0x31, 0xd7, 0x31, 0xd7, 0x31, 0xd7, 0x31, 0x97, 
	0x39, 0xd7, 0x3a, 0x19, 0x31, 0xd7, 0x39, 0xd7, 
	0x31, 0x97, 0x39, 0xd9, 0x31, 0x97, 0x31, 0x55, 
	0x29, 0x53, 0x31, 0x53, 0x39, 0x95, 0x41, 0xd7, 
	0x29, 0x53, 0x41, 0xd7, 0x29, 0x53, 0x31, 0x53, 
	0x4a, 0x17, 0x39, 0x95, 0x39, 0x95, 0x41, 0xd7, 
	0x31, 0x53, 0x31, 0x53, 0x31, 0x13, 0x31, 0x53, 
	0x49, 0xd7, 0x49, 0xd7, 0x39, 0x53, 0x39, 0x53, 
	0x39, 0x53, 0x31, 0x51, 0x39, 0x95, 0x4a, 0x17, 
	0x31, 0x11, 0x4a, 0x19, 0x29, 0x0f, 0x31, 0x51, 
	0x31, 0x11, 0x39, 0x51, 0x31, 0x0f, 0x39, 0x51, 
	0x31, 0x0f, 0x28, 0xcd, 0x31, 0x11, 0x31, 0x11, 
	0x31, 0x11, 0x52, 0x19, 0x31, 0x0f, 0x31, 0x0f, 
	0x29, 0x0f, 0x31, 0x0d, 0x28, 0xcd, 0x31, 0x0d, 
	0x29, 0x0d, 0x28, 0xcd, 0x28, 0xcd, 0x28, 0xcd, 
	0x20, 0xcb, 0x20, 0xcb, 0x20, 0xcb, 0x20, 0xcb, 
	0x28, 0xcb, 0x20, 0xc9, 0x20, 0xcb, 0x20, 0x89, 
	0x21, 0xd3, 0x21, 0x93, 0x19, 0x93, 0x19, 0x95, 
	0x19, 0x95, 0x19, 0x95, 0x19, 0xd5, 0x19, 0xd5, 
	0x11, 0x93, 0x11, 0x93, 0x19, 0x95, 0x19, 0x95, 
	0x19, 0x95, 0x19, 0xd5, 0x21, 0xd7, 0x19, 0x95, 
	0x19, 0xd5, 0x19, 0x95, 0x19, 0xd5, 0x21, 0xd5, 
	0x21, 0xd7, 0x32, 0x5b, 0x21, 0x97, 0x19, 0x95, 
	0x21, 0xd5, 0x21, 0xd7, 0x21, 0xd7, 0x21, 0xd9, 
	0x4a, 0xe1, 0x42, 0x9f, 0x32, 0x5b, 0x4b, 0x21, 
	0x4a, 0xdf, 0x32, 0x19, 0x42, 0x9d, 0x32, 0x19, 
	0x3a, 0x5b, 0x32, 0x19, 0x32, 0x19, 0x3a, 0x5b, 
	0x4a, 0x9d, 0x3a, 0x19, 0x32, 0x19, 0x21, 0x93, 
	0x19, 0x11, 0x21, 0x53, 0x21, 0x53, 0x29, 0x95, 
	0x39, 0xd7, 0x29, 0x55, 0x29, 0x95, 0x42, 0x5b, 
	0x3a, 0x19, 0x3a, 0x19, 0x42, 0x1b, 0x39, 0xd9, 
	0x42, 0x1b, 0x4a, 0x9d, 0x31, 0x95, 0x39, 0xd7, 
	0x39, 0xd7, 0x31, 0xd5, 0x42, 0x19, 0x4a, 0x5b, 
	0x42, 0x19, 0x42, 0x19, 0x39, 0xd9, 0x39, 0xd9, 
	0x42, 0x19, 0x41, 0xd9, 0x52, 0x9d, 0x31, 0x95, 
	0x29, 0x53, 0x39, 0x95, 0x39, 0xd7, 0x41, 0xd7, 
	0x31, 0x95, 0x31, 0x93, 0x31, 0x95, 0x31, 0x53, 
	0x42, 0x17, 0x39, 0x95, 0x31, 0x53, 0x39, 0x95, 
	0x41, 0xd7, 0x31, 0x53, 0x31, 0x53, 0x31, 0x11, 
	0x31, 0x53, 0x39, 0x93, 0x41, 0xd5, 0x39, 0x53, 
	0x39, 0x53, 0x31, 0x11, 0x31, 0x11, 0x31, 0x11, 
	0x29, 0x11, 0x31, 0x51, 0x31, 0x11, 0x31, 0x51, 
	0x31, 0x51, 0x29, 0x0f, 0x31, 0x0f, 0x31, 0x0f, 
	0x31, 0x0f, 0x28, 0xcf, 0x31, 0x0f, 0x41, 0x93, 
	0x31, 0x51, 0x31, 0x11, 0x29, 0x0f, 0x29, 0x0f, 
	0x28, 0xcd, 0x31, 0x0d, 0x28, 0xcb, 0x28, 0xcd, 
	0x28, 0xcd, 0x31, 0x0f, 0x28, 0xcb, 0x29, 0x0d, 
	0x31, 0x0d, 0x20, 0xcb, 0x20, 0x8b, 0x31, 0x0f, 
	0x28, 0xcd, 0x20, 0xcb, 0x20, 0xcb, 0x20, 0x89, 
	0x19, 0x93, 0x21, 0x93, 0x29, 0xd7, 0x21, 0x95, 
	0x19, 0x95, 0x19, 0x93, 0x19, 0x95, 0x19, 0x95, 
	0x19, 0xd5, 0x19, 0x95, 0x19, 0xd5, 0x19, 0x95, 
	0x19, 0x95, 0x19, 0x95, 0x22, 0x17, 0x21, 0xd7, 
	0x19, 0xd5, 0x21, 0xd7, 0x21, 0xd5, 0x21, 0xd7, 
	0x32, 0x5b, 0x29, 0xd9, 0x21, 0xd7, 0x2a, 0x17, 
	0x19, 0x95, 0x29, 0xd7, 0x2a, 0x19, 0x21, 0xd7, 
	0x3a, 0x5d, 0x3a, 0x5d, 0x32, 0x5b, 0x42, 0x9d, 
	0x3a, 0x5b, 0x3a, 0x5b, 0x32, 0x19, 0x3a, 0x5b, 
	0x42, 0x9d, 0x3a, 0x19, 0x3a, 0x19, 0x3a, 0x19, 
	0x4a, 0x9d, 0x29, 0xd7, 0x21, 0x95, 0x19, 0x51, 
	0x19, 0x53, 0x21, 0x53, 0x21, 0x53, 0x29, 0x95, 
	0x29, 0x95, 0x31, 0x95, 0x31, 0xd7, 0x3a, 0x19, 
	0x42, 0x5b, 0x3a, 0x19, 0x42, 0x19, 0x39, 0xd7, 
	0x42, 0x19, 0x42, 0x1b, 0x5a, 0xdf, 0x42, 0x19, 
	0x29, 0x95, 0x31, 0x95, 0x31, 0xd7, 0x31, 0xd7, 
	0x5a, 0xdf, 0x3a, 0x19, 0x39, 0xd9, 0x31, 0x97, 
	0x31, 0x95, 0x39, 0x97, 0x39, 0xd9, 0x39, 0xd7, 
	0x31, 0x95, 0x31, 0x95, 0x39, 0xd7, 0x41, 0xd7, 
	0x41, 0xd7, 0x39, 0xd5, 0x31, 0x53, 0x31, 0x95, 
	0x39, 0xd5, 0x31, 0x53, 0x29, 0x53, 0x39, 0x95, 
	0x39, 0x95, 0x31, 0x53, 0x31, 0x53, 0x31, 0x51, 
	0x31, 0x11, 0x41, 0x95, 0x31, 0x13, 0x31, 0x53, 
	0x39, 0x53, 0x31, 0x11, 0x31, 0x11, 0x39, 0x53, 
	0x41, 0x95, 0x31, 0x51, 0x31, 0x0f, 0x29, 0x0f, 
	0x29, 0x0f, 0x31, 0x11, 0x39, 0x51, 0x31, 0x0f, 
	0x31, 0x0f, 0x31, 0x0f, 0x28, 0xcf, 0x41, 0x93, 
	0x28, 0xcd, 0x31, 0x0f, 0x31, 0x0f, 0x31, 0x0f, 
	0x31, 0x0f, 0x31, 0x4f, 0x39, 0x4f, 0x28, 0xcd, 
	0x28, 0xcd, 0x41, 0xd3, 0x28, 0xcb, 0x31, 0x0d, 
	0x29, 0x0d, 0x28, 0xcd, 0x20, 0x8b, 0x28, 0xcd, 
	0x20, 0xcb, 0x20, 0xcb, 0x20, 0xc9, 0x20, 0xcb, 
	0x19, 0x93, 0x21, 0x93, 0x19, 0x93, 0x21, 0xd7, 
	0x21, 0x95, 0x29, 0xd7, 0x19, 0x95, 0x21, 0xd5, 
	0x19, 0xd5, 0x19, 0x95, 0x21, 0xd5, 0x19, 0x95, 
	0x21, 0xd5, 0x19, 0xd5, 0x21, 0xd7, 0x21, 0xd7, 
	0x19, 0x95, 0x21, 0xd7, 0x21, 0xd7, 0x22, 0x17, 
	0x21, 0xd7, 0x2a, 0x19, 0x29, 0xd7, 0x21, 0xd7, 
	0x21, 0x95, 0x29, 0xd7, 0x21, 0xd7, 0x2a, 0x19, 
	0x32, 0x5b, 0x42, 0x9f, 0x32, 0x5b, 0x32, 0x19, 
	0x32, 0x19, 0x3a, 0x5b, 0x3a, 0x5b, 0x5b, 0x21, 
	0x42, 0x5d, 0x42, 0x5b, 0x32, 0x19, 0x32, 0x19, 
	0x3a, 0x19, 0x32, 0x19, 0x42, 0x9d, 0x21, 0x93, 
	0x29, 0xd5, 0x21, 0x95, 0x3a, 0x19, 0x21, 0x93, 
	0x29, 0x95, 0x3a, 0x19, 0x3a, 0x19, 0x42, 0x19, 
	0x3a, 0x19, 0x3a, 0x19, 0x42, 0x19, 0x4a, 0x5b, 
	0x4a, 0x9d, 0x4a, 0x5d, 0x31, 0xd7, 0x3a, 0x19, 
	0x31, 0x95, 0x31, 0x95, 0x3a, 0x17, 0x39, 0xd7, 
	0x39, 0xd9, 0x3a, 0x19, 0x31, 0xd7, 0x29, 0x95, 
	0x31, 0x95, 0x39, 0xd7, 0x41, 0xd9, 0x31, 0x95, 
	0x31, 0x53, 0x29, 0x53, 0x39, 0x95, 0x39, 0xd7, 
	0x31, 0x95, 0x31, 0x95, 0x31, 0x53, 0x39, 0x95, 
	0x31, 0x53, 0x29, 0x53, 0x29, 0x11, 0x29, 0x53, 
	0x31, 0x53, 0x41, 0xd5, 0x39, 0x95, 0x39, 0x93, 
	0x39, 0x53, 0x41, 0xd5, 0x31, 0x11, 0x39, 0x53, 
	0x39, 0x53, 0x29, 0x11, 0x29, 0x11, 0x31, 0x53, 
	0x31, 0x51, 0x31, 0x11, 0x28, 0xcf, 0x31, 0x0f, 
	0x31, 0x51, 0x31, 0x51, 0x31, 0x0f, 0x31, 0x0f, 
	0x29, 0x0f, 0x31, 0x0f, 0x31, 0x0f, 0x31, 0x0f, 
	0x28, 0xcd, 0x39, 0x51, 0x31, 0x11, 0x28, 0xcf, 
	0x39, 0x51, 0x31, 0x0d, 0x31, 0x4f, 0x28, 0xcd, 
	0x28, 0xcb, 0x28, 0xcb, 0x28, 0xcb, 0x28, 0xcb, 
	0x20, 0xcb, 0x28, 0xcb, 0x20, 0xcb, 0x31, 0x4f, 
	0x20, 0x8b, 0x20, 0xc9, 0x20, 0x89, 0x20, 0xcb, 
	0x19, 0x93, 0x21, 0xd5, 0x21, 0x95, 0x21, 0xd5, 
	0x19, 0x95, 0x19, 0x95, 0x19, 0x93, 0x19, 0x93, 
	0x19, 0x93, 0x19, 0x93, 0x21, 0xd5, 0x19, 0xd5, 
	0x19, 0xd5, 0x21, 0xd5, 0x21, 0xd7, 0x21, 0xd5, 
	0x2a, 0x17, 0x2a, 0x19, 0x21, 0xd7, 0x21, 0xd7, 
	0x2a, 0x19, 0x21, 0xd7, 0x2a, 0x19, 0x29, 0xd7, 
	0x29, 0xd7, 0x21, 0xd7, 0x21, 0x95, 0x32, 0x19, 
	0x32, 0x1b, 0x29, 0xd7, 0x2a, 0x19, 0x32, 0x19, 
	0x32, 0x19, 0x3a, 0x5b, 0x42, 0x5d, 0x42, 0x9d, 
	0x4a, 0xdf, 0x52, 0xe1, 0x3a, 0x5b, 0x29, 0xd7, 
	0x31, 0xd7, 0x21, 0x95, 0x29, 0xd5, 0x21, 0x95, 
	0x3a, 0x59, 0x29, 0x95, 0x29, 0x95, 0x21, 0x93, 
	0x31, 0xd7, 0x31, 0xd7, 0x31, 0xd7, 0x4a, 0x5b, 
	0x4a, 0x9d, 0x42, 0x19, 0x31, 0xd7, 0x3a, 0x19, 
	0x4a, 0x5d, 0x3a, 0x1b, 0x42, 0x1b, 0x42, 0x19, 
	0x31, 0xd7, 0x31, 0xd7, 0x3a, 0x19, 0x3a, 0x19, 
	0x39, 0xd7, 0x3a, 0x19, 0x31, 0x95, 0x29, 0x95, 
	0x31, 0x95, 0x31, 0x95, 0x39, 0xd9, 0x31, 0x95, 
	0x31, 0x55, 0x31, 0x95, 0x31, 0x53, 0x52, 0x5b, 
	0x39, 0x95, 0x39, 0x95, 0x31, 0x95, 0x31, 0x53, 
	0x41, 0xd7, 0x39, 0x95, 0x31, 0x53, 0x31, 0x53, 
	0x31, 0x53, 0x39, 0x95, 0x31, 0x53, 0x29, 0x11, 
	0x39, 0x93, 0x39, 0x93, 0x52, 0x19, 0x31, 0x11, 
	0x31, 0x11, 0x39, 0x53, 0x39, 0x93, 0x41, 0x95, 
	0x31, 0x11, 0x31, 0x11, 0x28, 0xcf, 0x31, 0x0f, 
	0x39, 0x51, 0x29, 0x0f, 0x31, 0x0f, 0x29, 0x0f, 
	0x31, 0x51, 0x31, 0x0f, 0x29, 0x0f, 0x31, 0x0d, 
	0x29, 0x0d, 0x29, 0x0f, 0x29, 0x0f, 0x28, 0xcd, 
	0x28, 0xcd, 0x29, 0x0d, 0x29, 0x0d, 0x31, 0x4f, 
	0x31, 0x0d, 0x28, 0xcb, 0x20, 0xcb, 0x20, 0xcb, 
	0x28, 0xcd, 0x39, 0x91, 0x29, 0x0d, 0x20, 0xcb, 
	0x20, 0x89, 0x20, 0xcb, 0x20, 0x89, 0x20, 0xc9, 
	0x19, 0x93, 0x21, 0xd5, 0x21, 0xd7, 0x19, 0x93, 
	0x21, 0xd5, 0x21, 0xd5, 0x19, 0x93, 0x21, 0xd5, 
	0x19, 0x95, 0x19, 0x95, 0x19, 0xd5, 0x19, 0x95, 
	0x21, 0xd7, 0x21, 0xd7, 0x19, 0xd5, 0x22, 0x17, 
	0x32, 0x5b, 0x2a, 0x19, 0x21, 0xd7, 0x21, 0xd7, 
	0x3a, 0x9b, 0x22, 0x17, 0x21, 0xd7, 0x29, 0xd7, 
	0x32, 0x19, 0x29, 0xd9, 0x29, 0xd7, 0x32, 0x1b, 
	0x3a, 0x5b, 0x3a, 0x5b, 0x2a, 0x17, 0x32, 0x5b, 
	0x32, 0x59, 0x42, 0x5b, 0x42, 0x5d, 0x42, 0x5d, 
	0x42, 0x9d, 0x42, 0x5d, 0x42, 0x5b, 0x3a, 0x1b, 
	0x29, 0xd7, 0x32, 0x19, 0x19, 0x53, 0x32, 0x17, 
	0x19, 0x53, 0x21, 0x93, 0x29, 0xd5, 0x3a, 0x17, 
	0x29, 0x95, 0x3a, 0x17, 0x31, 0x95, 0x39, 0xd7, 
	0x42, 0x1b, 0x39, 0xd7, 0x31, 0x97, 0x3a, 0x19, 
	0x4a, 0x5b, 0x31, 0xd7, 0x4a, 0x5b, 0x3a, 0x19, 
	0x31, 0x97, 0x39, 0xd7, 0x39, 0xd7, 0x3a, 0x19, 
	0x31, 0xd7, 0x39, 0xd9, 0x31, 0x97, 0x4a, 0x5b, 
	0x41, 0xd9, 0x39, 0xd7, 0x31, 0x95, 0x31, 0x95, 
	0x42, 0x19, 0x39, 0x95, 0x39, 0x95, 0x41, 0xd5, 
	0x39, 0xd5, 0x31, 0x53, 0x39, 0xd5, 0x31, 0x53, 
	0x39, 0x95, 0x39, 0x95, 0x31, 0x53, 0x31, 0x53, 
	0x31, 0x53, 0x31, 0x53, 0x31, 0x53, 0x31, 0x51, 
	0x39, 0x93, 0x39, 0x53, 0x4a, 0x17, 0x31, 0x53, 
	0x39, 0x51, 0x31, 0x11, 0x31, 0x11, 0x39, 0x51, 
	0x31, 0x11, 0x31, 0x0f, 0x31, 0x11, 0x31, 0x51, 
	0x31, 0x51, 0x29, 0x0f, 0x29, 0x0f, 0x39, 0x51, 
	0x31, 0x0f, 0x29, 0x0d, 0x31, 0x0d, 0x31, 0x0d, 
	0x28, 0xcd, 0x31, 0x0d, 0x31, 0x0f, 0x31, 0x0f, 
	0x31, 0x0d, 0x28, 0xcd, 0x29, 0x0d, 0x39, 0x91, 
	0x29, 0x0d, 0x29, 0x0d, 0x28, 0xcb, 0x28, 0xcd, 
	0x28, 0xcd, 0x39, 0x91, 0x31, 0x4f, 0x20, 0xcb, 
	0x20, 0xcb, 0x20, 0xcb, 0x20, 0xcb, 0x28, 0xcb, 
	0x21, 0x93, 0x29, 0xd5, 0x21, 0xd5, 0x21, 0x95, 
	0x21, 0xd5, 0x21, 0xd5, 0x19, 0x93, 0x19, 0x95, 
	0x21, 0xd5, 0x19, 0xd5, 0x19, 0x95, 0x19, 0x95, 
	0x19, 0xd5, 0x21, 0xd7, 0x19, 0xd5, 0x2a, 0x19, 
	0x21, 0xd7, 0x21, 0xd5, 0x3a, 0x5b, 0x21, 0xd7, 
	0x22, 0x17, 0x2a, 0x17, 0x21, 0xd7, 0x29, 0xd9, 
	0x29, 0xd7, 0x3a, 0x5b, 0x29, 0xd9, 0x32, 0x19, 
	0x3a, 0x5b, 0x32, 0x19, 0x2a, 0x19, 0x32, 0x19, 
	0x3a, 0x5b, 0x42, 0x9d, 0x42, 0x5b, 0x3a, 0x5b, 
	0x42, 0x5d, 0x3a, 0x1b, 0x52, 0xdf, 0x3a, 0x5b, 
	0x21, 0x95, 0x21, 0x95, 0x21, 0x53, 0x21, 0x95, 
	0x21, 0x95, 0x29, 0xd5, 0x21, 0x93, 0x3a, 0x17, 
	0x29, 0x95, 0x31, 0xd7, 0x42, 0x5b, 0x31, 0xd7, 
	0x39, 0xd7, 0x42, 0x19, 0x39, 0xd7, 0x3a, 0x19, 
	0x4a, 0x9d, 0x31, 0x97, 0x39, 0xd7, 0x39, 0xd7, 
	0x31, 0x97, 0x3a, 0x19, 0x39, 0xd9, 0x39, 0xd7, 
	0x39, 0xd7, 0x39, 0x97, 0x31, 0x55, 0x31, 0x95, 
	0x31, 0x95, 0x39, 0xd7, 0x5a, 0xdf, 0x39, 0x97, 
	0x39, 0x97, 0x39, 0x95, 0x39, 0x95, 0x31, 0x53, 
	0x31, 0x93, 0x31, 0x95, 0x39, 0x95, 0x39, 0x95, 
	0x31, 0x53, 0x31, 0x53, 0x31, 0x53, 0x31, 0x93, 
	0x29, 0x11, 0x31, 0x93, 0x31, 0x51, 0x31, 0x51, 
	0x31, 0x11, 0x31, 0x11, 0x31, 0x53, 0x31, 0x53, 
	0x31, 0x11, 0x39, 0x51, 0x39, 0x51, 0x31, 0x11, 
	0x31, 0x11, 0x31, 0x11, 0x31, 0x51, 0x31, 0x0f, 
	0x31, 0x0f, 0x29, 0x0f, 0x29, 0x0f, 0x4a, 0x15, 
	0x31, 0x0f, 0x29, 0x0d, 0x31, 0x0f, 0x29, 0x0d, 
	0x31, 0x0d, 0x31, 0x0d, 0x31, 0x0f, 0x31, 0x0d, 
	0x31, 0x0d, 0x30, 0xcd, 0x28, 0xcd, 0x28, 0xcd, 
	0x28, 0xcd, 0x28, 0xcd, 0x20, 0xcb, 0x28, 0xcd, 
	0x28, 0xcd, 0x31, 0x0d, 0x20, 0x8b, 0x20, 0x8b, 
	0x29, 0x0d, 0x28, 0xcb, 0x20, 0xcb, 0x20, 0xcb, 
	0x21, 0x93, 0x19, 0x53, 0x21, 0x95, 0x21, 0x95, 
	0x21, 0xd5, 0x21, 0x95, 0x19, 0x93, 0x19, 0x93, 
	0x19, 0x93, 0x19, 0x95, 0x2a, 0x17, 0x21, 0xd5, 
	0x19, 0xd5, 0x19, 0x95, 0x19, 0xd5, 0x21, 0xd7, 
	0x19, 0xd5, 0x21, 0xd7, 0x2a, 0x17, 0x21, 0xd5, 
	0x21, 0xd7, 0x19, 0xd5, 0x21, 0xd7, 0x29, 0xd7, 
	0x29, 0xd7, 0x32, 0x19, 0x29, 0xd7, 0x32, 0x19, 
	0x32, 0x19, 0x32, 0x19, 0x3a, 0x59, 0x3a, 0x5b, 
	0x32, 0x19, 0x42, 0x5b, 0x4a, 0x9d, 0x42, 0x5d, 
	0x3a, 0x19, 0x4a, 0x9d, 0x4a, 0xdf, 0x3a, 0x19, 
	0x21, 0x95, 0x29, 0xd7, 0x21, 0x95, 0x21, 0x95, 
	0x21, 0x95, 0x29, 0x95, 0x21, 0x53, 0x29, 0x95, 
	0x21, 0x93, 0x29, 0x95, 0x42, 0x19, 0x39, 0xd9, 
	0x42, 0x19, 0x4a, 0x5d, 0x42, 0x5b, 0x3a, 0x19, 
	0x4a, 0x5b, 0x39, 0xd7, 0x4a, 0x5b, 0x4a, 0x5b, 
	0x39, 0xd9, 0x42, 0x19, 0x3a, 0x19, 0x31, 0xd7, 
	0x39, 0xd7, 0x4a, 0x5b, 0x52, 0x9d, 0x39, 0xd7, 
	0x31, 0x95, 0x42, 0x17, 0x31, 0x95, 0x39, 0xd7, 
	0x41, 0xd9, 0x31, 0x53, 0x31, 0x95, 0x31, 0x53, 
	0x31, 0x93, 0x39, 0xd7, 0x39, 0x95, 0x31, 0x93, 
	0x31, 0x53, 0x31, 0x53, 0x31, 0x51, 0x31, 0x93, 
	0x29, 0x11, 0x29, 0x11, 0x31, 0x51, 0x31, 0x51, 
	0x39, 0x53, 0x39, 0x93, 0x29, 0x11, 0x31, 0x11, 
	0x39, 0x51, 0x39, 0x93, 0x39, 0x51, 0x31, 0x11, 
	0x39, 0x51, 0x31, 0x0f, 0x29, 0x0f, 0x29, 0x0f, 
	0x31, 0x0f, 0x28, 0xcd, 0x31, 0x0f, 0x41, 0xd3, 
	0x29, 0x0f, 0x29, 0x0d, 0x31, 0x0f, 0x31, 0x0d, 
	0x29, 0x0d, 0x31, 0x0f, 0x49, 0xd5, 0x31, 0x0d, 
	0x28, 0xcd, 0x31, 0x0d, 0x28, 0xcb, 0x28, 0xcd, 
	0x28, 0xcd, 0x31, 0x0d, 0x28, 0xcd, 0x28, 0xcd, 
	0x28, 0xcd, 0x39, 0x4f, 0x28, 0xcb, 0x20, 0xcb, 
	0x28, 0xcb, 0x20, 0x8b, 0x28, 0xcb, 0x20, 0xcb, 
	0x21, 0x93, 0x21, 0x93, 0x21, 0x93, 0x19, 0x93, 
	0x21, 0x95, 0x21, 0x95, 0x19, 0x95, 0x21, 0xd7, 
	0x19, 0x93, 0x19, 0xd5, 0x21, 0xd5, 0x2a, 0x17, 
	0x21, 0xd5, 0x22, 0x17, 0x19, 0xd5, 0x19, 0xd7, 
	0x21, 0xd7, 0x21, 0xd5, 0x22, 0x17, 0x21, 0xd5, 
	0x22, 0x17, 0x21, 0xd7, 0x21, 0xd7, 0x21, 0xd5, 
	0x29, 0xd7, 0x32, 0x19, 0x29, 0xd7, 0x31, 0xd7, 
	0x29, 0xd7, 0x3a, 0x5b, 0x3a, 0x5b, 0x42, 0x9d, 
	0x3a, 0x5b, 0x3a, 0x5b, 0x3a, 0x5b, 0x3a, 0x5b, 
	0x31, 0xd9, 0x4a, 0x9f, 0x42, 0x9d, 0x29, 0xd7, 
	0x21, 0x95, 0x21, 0x95, 0x21, 0x95, 0x21, 0x53, 
	0x21, 0x53, 0x21, 0x53, 0x29, 0x95, 0x29, 0xd5, 
	0x29, 0x95, 0x31, 0xd7, 0x3a, 0x19, 0x3a, 0x19, 
	0x4a, 0x5d, 0x4a, 0x9d, 0x42, 0x5b, 0x3a, 0x19, 
	0x3a, 0x19, 0x42, 0x19, 0x4a, 0x5b, 0x3a, 0x19, 
	0x42, 0x1b, 0x42, 0x19, 0x3a, 0x19, 0x42, 0x5b, 
	0x29, 0x95, 0x39, 0x97, 0x41, 0xd9, 0x39, 0xd7, 
	0x39, 0xd7, 0x39, 0xd7, 0x31, 0x95, 0x31, 0x95, 
	0x39, 0x97, 0x31, 0x55, 0x31, 0x53, 0x31, 0x93, 
	0x31, 0x93, 0x31, 0x53, 0x39, 0x95, 0x29, 0x53, 
	0x31, 0x53, 0x31, 0x53, 0x31, 0x51, 0x29, 0x51, 
	0x29, 0x51, 0x31, 0x51, 0x31, 0x53, 0x31, 0x51, 
	0x39, 0x93, 0x31, 0x51, 0x31, 0x53, 0x31, 0x53, 
	0x39, 0x53, 0x31, 0x11, 0x39, 0x51, 0x31, 0x0f, 
	0x31, 0x0f, 0x39, 0x51, 0x31, 0x0f, 0x29, 0x0f, 
	0x31, 0x0f, 0x29, 0x0f, 0x29, 0x0f, 0x28, 0xcf, 
	0x31, 0x0f, 0x31, 0x0d, 0x31, 0x0f, 0x31, 0x0d, 
	0x29, 0x0d, 0x39, 0x51, 0x39, 0x51, 0x41, 0x93, 
	0x28, 0xcd, 0x31, 0x0d, 0x28, 0xcd, 0x20, 0xcb, 
	0x28, 0xcd, 0x29, 0x0d, 0x31, 0x0f, 0x31, 0x4f, 
	0x28, 0xcb, 0x28, 0xcb, 0x28, 0xcb, 0x28, 0xcb, 
	0x20, 0x8b, 0x20, 0x89, 0x20, 0x8b, 0x20, 0xcb, 
	0x21, 0x93, 0x21, 0x93, 0x21, 0x93, 0x21, 0x93, 
	0x21, 0x93, 0x19, 0x93, 0x19, 0x93, 0x19, 0x93, 
	0x19, 0x93, 0x21, 0xd7, 0x21, 0xd5, 0x21, 0xd7, 
	0x19, 0x95, 0x21, 0xd5, 0x19, 0xd5, 0x19, 0xd5, 
	0x21, 0xd7, 0x21, 0xd7, 0x21, 0xd5, 0x21, 0xd5, 
	0x2a, 0x17, 0x21, 0xd7, 0x21, 0xd7, 0x21, 0xd7, 
	0x21, 0xd7, 0x21, 0x95, 0x29, 0xd7, 0x32, 0x19, 
	0x29, 0xd7, 0x3a, 0x5b, 0x32, 0x19, 0x3a, 0x5b, 
	0x3a, 0x19, 0x3a, 0x5b, 0x29, 0xd7, 0x32, 0x19, 
	0x3a, 0x1b, 0x4a, 0x9d, 0x32, 0x19, 0x21, 0x95, 
	0x21, 0x53, 0x21, 0x95, 0x21, 0x95, 0x31, 0xd7, 
	0x21, 0x95, 0x29, 0x95, 0x29, 0x95, 0x21, 0x93, 
	0x29, 0x93, 0x3a, 0x19, 0x42, 0x5b, 0x3a, 0x19, 
	0x52, 0xdf, 0x42, 0x5b, 0x42, 0x5b, 0x42, 0x5b, 
	0x3a, 0x19, 0x3a, 0x19, 0x42, 0x19, 0x42, 0x19, 
	0x42, 0x19, 0x52, 0x9d, 0x31, 0x95, 0x31, 0xd5, 
	0x31, 0x95, 0x39, 0xd7, 0x31, 0x95, 0x39, 0xd5, 
	0x39, 0x95, 0x39, 0xd7, 0x31, 0x95, 0x39, 0xd7, 
	0x39, 0x95, 0x31, 0x53, 0x39, 0x95, 0x31, 0x93, 
	0x39, 0x95, 0x41, 0xd7, 0x31, 0x53, 0x31, 0x53, 
	0x31, 0x53, 0x31, 0x51, 0x31, 0x51, 0x31, 0x51, 
	0x29, 0x51, 0x29, 0x51, 0x29, 0x11, 0x31, 0x51, 
	0x31, 0x51, 0x39, 0x93, 0x39, 0x93, 0x31, 0x11, 
	0x39, 0x51, 0x39, 0x51, 0x31, 0x0f, 0x39, 0x51, 
	0x49, 0xd5, 0x31, 0x11, 0x31, 0x11, 0x31, 0x11, 
	0x31, 0x0f, 0x31, 0x0f, 0x29, 0x0f, 0x31, 0x0f, 
	0x31, 0x0f, 0x31, 0x0d, 0x31, 0x0d, 0x31, 0x0d, 
	0x31, 0x0f, 0x31, 0x0f, 0x39, 0x4f, 0x31, 0x0f, 
	0x28, 0xcb, 0x31, 0x0d, 0x29, 0x0d, 0x29, 0x0d, 
	0x28, 0xcd, 0x28, 0xcd, 0x28, 0xcb, 0x28, 0xcb, 
	0x28, 0xcb, 0x28, 0xcb, 0x20, 0x89, 0x31, 0x4f, 
	0x20, 0xc9, 0x20, 0x89, 0x20, 0x8b, 0x20, 0xcb, 
	0x21, 0x93, 0x21, 0x93, 0x21, 0x93, 0x21, 0x93, 
	0x21, 0x93, 0x19, 0x93, 0x19, 0x93, 0x21, 0xd5, 
	0x19, 0x95, 0x21, 0xd5, 0x21, 0xd7, 0x19, 0x95, 
	0x21, 0xd5, 0x21, 0xd7, 0x21, 0xd5, 0x2a, 0x17, 
	0x21, 0xd5, 0x21, 0xd5, 0x19, 0x95, 0x21, 0xd5, 
	0x21, 0xd5, 0x21, 0xd7, 0x21, 0x95, 0x21, 0x95, 
	0x29, 0xd7, 0x21, 0x95, 0x29, 0xd7, 0x3a, 0x5b, 
	0x3a, 0x59, 0x42, 0x5b, 0x42, 0x9b, 0x4a, 0x9d, 
	0x42, 0x9b, 0x31, 0xd7, 0x31, 0xd7, 0x42, 0x9d, 
	0x29, 0xd7, 0x31, 0xd7, 0x29, 0x95, 0x21, 0x95, 
	0x29, 0xd7, 0x29, 0x95, 0x21, 0x95, 0x31, 0xd7, 
	0x3a, 0x19, 0x29, 0x95, 0x29, 0x95, 0x29, 0x95, 
	0x29, 0x95, 0x31, 0xd7, 0x4a, 0x5b, 0x4a, 0x5b, 
	0x4a, 0x9d, 0x4a, 0x9d, 0x3a, 0x19, 0x3a, 0x19, 
	0x42, 0x59, 0x42, 0x19, 0x39, 0xd7, 0x39, 0xd7, 
	0x39, 0xd7, 0x42, 0x19, 0x39, 0xd5, 0x31, 0x53, 
	0x31, 0x95, 0x42, 0x19, 0x39, 0x95, 0x31, 0x53, 
	0x31, 0x53, 0x39, 0xd7, 0x39, 0xd7, 0x42, 0x19, 
	0x31, 0x95, 0x31, 0x95, 0x41, 0xd7, 0x39, 0x95, 
	0x31, 0x53, 0x42, 0x17, 0x31, 0x53, 0x39, 0x95, 
	0x39, 0xd5, 0x31, 0x51, 0x29, 0x51, 0x31, 0x93, 
	0x29, 0x4f, 0x31, 0x51, 0x31, 0x51, 0x31, 0x51, 
	0x31, 0x51, 0x39, 0x93, 0x39, 0x53, 0x39, 0x53, 
	0x31, 0x0f, 0x31, 0x0f, 0x31, 0x0f, 0x39, 0x51, 
	0x31, 0x0f, 0x41, 0x93, 0x39, 0x51, 0x31, 0x0f, 
	0x31, 0x0f, 0x39, 0x51, 0x28, 0xcd, 0x28, 0xcd, 
	0x29, 0x0d, 0x29, 0x0d, 0x29, 0x0d, 0x28, 0xcd, 
	0x29, 0x0d, 0x31, 0x0d, 0x39, 0x4f, 0x29, 0x0d, 
	0x28, 0xcd, 0x28, 0xcb, 0x31, 0x0f, 0x28, 0xcd, 
	0x28, 0xcd, 0x20, 0xcb, 0x20, 0x8b, 0x20, 0xcb, 
	0x28, 0xcb, 0x28, 0xcb, 0x28, 0xcb, 0x28, 0xcb, 
	0x29, 0x0d, 0x20, 0xc9, 0x20, 0xc9, 0x20, 0x89, 
	0x21, 0x93, 0x21, 0x93, 0x19, 0x53, 0x19, 0x93, 
	0x19, 0x93, 0x19, 0x93, 0x19, 0x93, 0x21, 0x95, 
	0x21, 0x95, 0x29, 0xd7, 0x21, 0xd7, 0x19, 0x95, 
	0x21, 0xd5, 0x21, 0xd5, 0x21, 0xd5, 0x29, 0xd7, 
	0x21, 0xd5, 0x21, 0xd5, 0x21, 0x95, 0x21, 0x95, 
	0x21, 0xd5, 0x21, 0x95, 0x21, 0x95, 0x21, 0xd5, 
	0x21, 0x93, 0x21, 0x93, 0x29, 0xd7, 0x32, 0x19, 
	0x3a, 0x19, 0x42, 0x9d, 0x4a, 0xdd, 0x4a, 0xdd, 
	0x4a, 0x9d, 0x42, 0x5b, 0x21, 0x95, 0x29, 0xd7, 
	0x29, 0xd7, 0x3a, 0x19, 0x21, 0x95, 0x21, 0x95, 
	0x21, 0x55, 0x21, 0x95, 0x21, 0x53, 0x21, 0x95, 
	0x21, 0x53, 0x42, 0x59, 0x3a, 0x19, 0x31, 0x95, 
	0x29, 0x95, 0x42, 0x19, 0x42, 0x19, 0x4a, 0x5b, 
	0x52, 0x9f, 0x52, 0x9f, 0x52, 0x9f, 0x3a, 0x19, 
	0x39, 0xd7, 0x42, 0x19, 0x39, 0xd7, 0x39, 0xd7, 
	0x39, 0xd5, 0x31, 0x95, 0x31, 0x95, 0x31, 0x95, 
	0x29, 0x53, 0x31, 0x95, 0x31, 0x93, 0x31, 0x93, 
	0x39, 0x95, 0x31, 0x53, 0x31, 0x95, 0x31, 0x53, 
	0x31, 0x95, 0x31, 0x95, 0x39, 0x95, 0x31, 0x53, 
	0x31, 0x53, 0x4a, 0x59, 0x31, 0x93, 0x31, 0x53, 
	0x41, 0xd3, 0x31, 0x91, 0x39, 0x93, 0x31, 0x93, 
	0x29, 0x51, 0x39, 0x93, 0x39, 0x93, 0x29, 0x11, 
	0x31, 0x11, 0x39, 0x53, 0x31, 0x11, 0x39, 0x53, 
	0x31, 0x0f, 0x39, 0x51, 0x31, 0x0f, 0x31, 0x0f, 
	0x31, 0x0f, 0x31, 0x0f, 0x39, 0x51, 0x31, 0x0f, 
	0x31, 0x0f, 0x31, 0x0f, 0x31, 0x0f, 0x31, 0x0f, 
	0x29, 0x0d, 0x31, 0x0f, 0x31, 0x4f, 0x28, 0xcd, 
	0x29, 0x0d, 0x28, 0xcd, 0x28, 0xcd, 0x29, 0x0d, 
	0x29, 0x0d, 0x29, 0x0d, 0x28, 0xcd, 0x28, 0xcb, 
	0x28, 0xcb, 0x28, 0xcb, 0x28, 0xcb, 0x28, 0xcb, 
	0x28, 0xcb, 0x20, 0xcb, 0x20, 0x8b, 0x20, 0x89, 
	0x20, 0x89, 0x20, 0xc9, 0x20, 0xc9, 0x20, 0xcb, 
	0x19, 0x93, 0x19, 0x93, 0x19, 0x51, 0x19, 0x93, 
	0x19, 0x93, 0x19, 0x93, 0x21, 0x95, 0x21, 0x93, 
	0x21, 0x93, 0x21, 0x93, 0x29, 0xd5, 0x21, 0x95, 
	0x21, 0xd5, 0x21, 0x95, 0x21, 0x95, 0x29, 0xd7, 
	0x29, 0xd7, 0x32, 0x59, 0x29, 0xd7, 0x32, 0x17, 
	0x21, 0xd5, 0x21, 0xd5, 0x21, 0xd5, 0x21, 0x93, 
	0x21, 0x91, 0x21, 0x93, 0x29, 0x95, 0x29, 0xd5, 
	0x32, 0x19, 0x3a, 0x59, 0x42, 0x59, 0x4a, 0x9b, 
	0x3a, 0x59, 0x31, 0xd7, 0x21, 0x93, 0x31, 0xd7, 
	0x29, 0xd7, 0x21, 0x95, 0x21, 0x53, 0x29, 0xd7, 
	0x29, 0xd7, 0x31, 0xd7, 0x21, 0x93, 0x21, 0x53, 
	0x21, 0x95, 0x31, 0xd7, 0x29, 0x95, 0x31, 0xd5, 
	0x31, 0x95, 0x39, 0xd7, 0x42, 0x19, 0x4a, 0x5b, 
	0x52, 0x9f, 0x4a, 0x5d, 0x42, 0x5b, 0x3a, 0x19, 
	0x42, 0x5b, 0x39, 0xd7, 0x39, 0xd7, 0x39, 0xd7, 
	0x31, 0x53, 0x31, 0x93, 0x29, 0x11, 0x31, 0x53, 
	0x29, 0x53, 0x39, 0x95, 0x39, 0xd5, 0x39, 0xd5, 
	0x39, 0x95, 0x31, 0x53, 0x39, 0xd5, 0x31, 0x53, 
	0x31, 0x95, 0x39, 0xd7, 0x39, 0x95, 0x31, 0x53, 
	0x41, 0xd7, 0x31, 0x53, 0x31, 0x53, 0x31, 0x53, 
	0x31, 0x51, 0x29, 0x0f, 0x31, 0x51, 0x4a, 0x17, 
	0x31, 0x51, 0x41, 0xd5, 0x39, 0x93, 0x31, 0x51, 
	0x31, 0x51, 0x31, 0x53, 0x41, 0xd5, 0x31, 0x51, 
	0x29, 0x0f, 0x39, 0x53, 0x29, 0x0f, 0x31, 0x0f, 
	0x31, 0x0f, 0x31, 0x0f, 0x31, 0x0f, 0x31, 0x0f, 
	0x31, 0x0d, 0x28, 0xcd, 0x29, 0x0d, 0x29, 0x0d, 
	0x29, 0x0d, 0x31, 0x4f, 0x41, 0x93, 0x29, 0x0d, 
	0x29, 0x0d, 0x31, 0x0f, 0x28, 0xcb, 0x28, 0xcb, 
	0x20, 0xcb, 0x28, 0xcb, 0x20, 0xcb, 0x28, 0xcb, 
	0x29, 0x0d, 0x20, 0x8b, 0x20, 0xcb, 0x20, 0xcb, 
	0x20, 0xcb, 0x20, 0x89, 0x20, 0x89, 0x20, 0xcb, 
	0x20, 0xc9, 0x20, 0x89, 0x20, 0x89, 0x20, 0xc9, 
	0x19, 0x93, 0x19, 0x93, 0x19, 0x51, 0x11, 0x51, 
	0x19, 0x93, 0x21, 0x95, 0x21, 0x93, 0x21, 0x93, 
	0x21, 0x93, 0x21, 0x93, 0x21, 0xd5, 0x19, 0x93, 
	0x21, 0x93, 0x21, 0xd5, 0x21, 0xd5, 0x21, 0x95, 
	0x21, 0x93, 0x21, 0xd5, 0x32, 0x59, 0x29, 0xd7, 
	0x21, 0x93, 0x21, 0x93, 0x29, 0xd7, 0x32, 0x1b, 
	0x21, 0x93, 0x21, 0x93, 0x29, 0x95, 0x29, 0x95, 
	0x31, 0xd7, 0x3a, 0x19, 0x32, 0x17, 0x3a, 0x59, 
	0x3a, 0x59, 0x29, 0xd5, 0x21, 0x93, 0x29, 0xd5, 
	0x29, 0x95, 0x32, 0x19, 0x21, 0x95, 0x21, 0x95, 
	0x42, 0x5b, 0x42, 0x5b, 0x21, 0x53, 0x21, 0x53, 
	0x29, 0xd5, 0x29, 0x95, 0x29, 0x95, 0x31, 0x95, 
	0x31, 0xd7, 0x31, 0xd7, 0x39, 0xd7, 0x42, 0x19, 
	0x4a, 0x5b, 0x4a, 0x9d, 0x42, 0x5b, 0x3a, 0x19, 
	0x31, 0xd5, 0x31, 0xd5, 0x39, 0x95, 0x31, 0x95, 
	0x39, 0xd5, 0x31, 0x53, 0x29, 0x51, 0x31, 0x53, 
	0x39, 0xd5, 0x31, 0x95, 0x31, 0x93, 0x41, 0xd5, 
	0x39, 0x95, 0x31, 0x53, 0x31, 0x93, 0x41, 0xd7, 
	0x31, 0x93, 0x31, 0x53, 0x39, 0xd5, 0x31, 0x93, 
	0x39, 0x95, 0x39, 0x53, 0x4a, 0x17, 0x31, 0x11, 
	0x41, 0xd5, 0x31, 0x51, 0x39, 0x51, 0x41, 0xd5, 
	0x39, 0x51, 0x31, 0x51, 0x39, 0x93, 0x29, 0x0f, 
	0x39, 0x95, 0x52, 0x19, 0x4a, 0x17, 0x31, 0x0f, 
	0x31, 0x4f, 0x31, 0x0f, 0x31, 0x0f, 0x31, 0x0f, 
	0x31, 0x0d, 0x31, 0x0f, 0x29, 0x0d, 0x31, 0x0f, 
	0x31, 0x0d, 0x29, 0x0d, 0x31, 0x4f, 0x31, 0x4f, 
	0x29, 0x0d, 0x29, 0x0d, 0x4a, 0x15, 0x28, 0xcd, 
	0x29, 0x0d, 0x29, 0x0d, 0x28, 0xcb, 0x29, 0x0b, 
	0x28, 0xcb, 0x28, 0xcb, 0x20, 0xcb, 0x28, 0xcb, 
	0x20, 0xcb, 0x28, 0xcb, 0x28, 0xcb, 0x28, 0xcb, 
	0x20, 0xc9, 0x20, 0xc9, 0x20, 0xc9, 0x20, 0xcb, 
	0x20, 0x89, 0x20, 0x89, 0x20, 0x89, 0x20, 0x89, 
	0x19, 0x93, 0x21, 0x93, 0x19, 0x93, 0x21, 0xd5, 
	0x21, 0xd3, 0x21, 0x93, 0x21, 0x93, 0x19, 0x53, 
	0x21, 0x93, 0x21, 0x93, 0x19, 0x93, 0x21, 0x93, 
	0x21, 0x93, 0x21, 0xd5, 0x21, 0xd5, 0x21, 0x93, 
	0x21, 0xd5, 0x21, 0x95, 0x32, 0x17, 0x32, 0x17, 
	0x29, 0xd5, 0x29, 0xd5, 0x29, 0xd5, 0x53, 0x21, 
	0x29, 0xd7, 0x42, 0x99, 0x29, 0xd5, 0x32, 0x17, 
	0x31, 0xd7, 0x3a, 0x19, 0x3a, 0x59, 0x3a, 0x59, 
	0x42, 0x59, 0x29, 0xd5, 0x21, 0x53, 0x32, 0x17, 
	0x21, 0x95, 0x4a, 0x9d, 0x29, 0x95, 0x3a, 0x19, 
	0x21, 0x53, 0x21, 0x53, 0x21, 0x53, 0x21, 0x53, 
	0x21, 0x53, 0x29, 0x53, 0x29, 0x93, 0x39, 0xd5, 
	0x39, 0xd7, 0x31, 0x95, 0x3a, 0x17, 0x3a, 0x19, 
	0x3a, 0x19, 0x3a, 0x19, 0x4a, 0x9d, 0x42, 0x19, 
	0x3a, 0x19, 0x31, 0x95, 0x39, 0xd5, 0x31, 0x95, 
	0x29, 0x51, 0x31, 0x93, 0x31, 0x53, 0x29, 0x53, 
	0x39, 0xd5, 0x31, 0x93, 0x39, 0x95, 0x39, 0xd7, 
	0x31, 0x53, 0x31, 0x93, 0x31, 0x53, 0x31, 0x53, 
	0x31, 0x93, 0x31, 0x53, 0x41, 0xd5, 0x31, 0x53, 
	0x31, 0x53, 0x39, 0x95, 0x39, 0x53, 0x39, 0x93, 
	0x31, 0x51, 0x31, 0x0f, 0x31, 0x0f, 0x39, 0x51, 
	0x31, 0x51, 0x31, 0x0f, 0x31, 0x0f, 0x31, 0x0f, 
	0x31, 0x11, 0x39, 0x53, 0x31, 0x0f, 0x29, 0x0f, 
	0x31, 0x0f, 0x39, 0x11, 0x31, 0x0f, 0x31, 0x0f, 
	0x31, 0x0f, 0x31, 0x0d, 0x31, 0x0d, 0x4a, 0x15, 
	0x39, 0x0f, 0x31, 0x0d, 0x31, 0x0d, 0x31, 0x0d, 
	0x29, 0x0d, 0x31, 0x0d, 0x31, 0x0d, 0x29, 0x0d, 
	0x28, 0xcb, 0x28, 0xcb, 0x28, 0xcb, 0x28, 0xcb, 
	0x28, 0xcb, 0x28, 0xcb, 0x20, 0xcb, 0x20, 0xc9, 
	0x28, 0xcb, 0x20, 0xcb, 0x20, 0x89, 0x20, 0xcb, 
	0x28, 0xcb, 0x20, 0xc9, 0x20, 0xc9, 0x20, 0xcb, 
	0x20, 0xcb, 0x20, 0xc9, 0x20, 0x89, 0x20, 0xc9, 
	0x19, 0x51, 0x19, 0x53, 0x19, 0x51, 0x19, 0x91, 
	0x21, 0x93, 0x19, 0x53, 0x21, 0x93, 0x21, 0x93, 
	0x21, 0x93, 0x21, 0x93, 0x21, 0x93, 0x21, 0x93, 
	0x21, 0x93, 0x21, 0x93, 0x21, 0x93, 0x21, 0xd5, 
	0x21, 0xd5, 0x32, 0x17, 0x2a, 0x17, 0x29, 0xd5, 
	0x29, 0xd5, 0x32, 0x17, 0x32, 0x17, 0x29, 0xd5, 
	0x29, 0xd5, 0x29, 0xd5, 0x42, 0x9b, 0x29, 0xd5, 
	0x31, 0xd5, 0x31, 0xd5, 0x3a, 0x59, 0x3a, 0x59, 
	0x42, 0x59, 0x32, 0x17, 0x29, 0x95, 0x21, 0x93, 
	0x21, 0x95, 0x21, 0x53, 0x29, 0x95, 0x29, 0x95, 
	0x21, 0x53, 0x29, 0x95, 0x29, 0x95, 0x29, 0x93, 
	0x29, 0x93, 0x29, 0x53, 0x31, 0x95, 0x31, 0x93, 
	0x39, 0xd7, 0x31, 0x95, 0x3a, 0x17, 0x4a, 0x59, 
	0x39, 0xd7, 0x42, 0x19, 0x4a, 0x5b, 0x42, 0x19, 
	0x39, 0xd7, 0x31, 0x95, 0x29, 0x93, 0x29, 0x11, 
	0x29, 0x51, 0x41, 0xd5, 0x31, 0x93, 0x39, 0x93, 
	0x39, 0x93, 0x42, 0x17, 0x31, 0x95, 0x42, 0x17, 
	0x39, 0x95, 0x41, 0xd7, 0x31, 0x95, 0x31, 0x53, 
	0x39, 0x93, 0x39, 0x93, 0x31, 0x93, 0x31, 0x53, 
	0x39, 0x93, 0x31, 0x53, 0x31, 0x53, 0x31, 0x51, 
	0x31, 0x51, 0x31, 0x4f, 0x31, 0x51, 0x31, 0x4f, 
	0x31, 0x4f, 0x31, 0x0f, 0x39, 0x51, 0x31, 0x0f, 
	0x31, 0x0f, 0x31, 0x0f, 0x31, 0x0f, 0x31, 0x0f, 
	0x41, 0x53, 0x39, 0x51, 0x31, 0x0f, 0x39, 0x51, 
	0x31, 0x0d, 0x31, 0x0f, 0x31, 0x0f, 0x31, 0x0d, 
	0x31, 0x0d, 0x31, 0x0d, 0x31, 0x0d, 0x31, 0x0d, 
	0x31, 0x0d, 0x28, 0xcb, 0x31, 0x0d, 0x29, 0x0d, 
	0x28, 0xcb, 0x28, 0xcb, 0x20, 0xcb, 0x28, 0xcb, 
	0x28, 0xcd, 0x28, 0xcb, 0x20, 0xcb, 0x28, 0xcb, 
	0x28, 0xcb, 0x28, 0xcb, 0x20, 0xcb, 0x20, 0x89, 
	0x20, 0xcb, 0x28, 0xcb, 0x20, 0x89, 0x20, 0xc9, 
	0x20, 0x89, 0x20, 0xc9, 0x20, 0xc9, 0x20, 0xc9, 
	0x21, 0x93, 0x19, 0x51, 0x19, 0x51, 0x21, 0x93, 
	0x19, 0x93, 0x21, 0x93, 0x21, 0x93, 0x21, 0x93, 
	0x21, 0x93, 0x21, 0x93, 0x21, 0x93, 0x21, 0x93, 
	0x21, 0x93, 0x21, 0x93, 0x21, 0x93, 0x29, 0xd5, 
	0x29, 0xd5, 0x29, 0xd5, 0x2a, 0x17, 0x29, 0xd5, 
	0x29, 0xd5, 0x32, 0x19, 0x42, 0x9b, 0x31, 0xd7, 
	0x29, 0xd5, 0x32, 0x17, 0x29, 0xd5, 0x29, 0xd5, 
	0x32, 0x17, 0x29, 0x95, 0x3a, 0x59, 0x3a, 0x59, 
	0x42, 0x5b, 0x31, 0xd7, 0x31, 0xd5, 0x29, 0x95, 
	0x29, 0x95, 0x31, 0xd7, 0x21, 0x93, 0x29, 0x93, 
	0x21, 0x93, 0x29, 0x93, 0x29, 0x53, 0x29, 0x53, 
	0x29, 0x93, 0x29, 0x93, 0x31, 0x95, 0x29, 0x93, 
	0x31, 0x95, 0x39, 0xd7, 0x39, 0xd7, 0x42, 0x19, 
	0x42, 0x19, 0x42, 0x19, 0x42, 0x59, 0x42, 0x19, 
	0x4a, 0x5b, 0x29, 0x53, 0x29, 0x93, 0x29, 0x51, 
	0x31, 0x93, 0x39, 0x93, 0x39, 0xd5, 0x29, 0x51, 
	0x31, 0x53, 0x39, 0x95, 0x39, 0x95, 0x39, 0xd7, 
	0x31, 0x95, 0x31, 0x93, 0x31, 0x53, 0x29, 0x51, 
	0x31, 0x51, 0x31, 0x51, 0x31, 0x93, 0x31, 0x53, 
	0x31, 0x53, 0x39, 0x95, 0x31, 0x51, 0x31, 0x51, 
	0x31, 0x51, 0x39, 0x51, 0x31, 0x0f, 0x31, 0x0f, 
	0x31, 0x0f, 0x31, 0x0f, 0x31, 0x51, 0x31, 0x0f, 
	0x31, 0x0f, 0x29, 0x0f, 0x31, 0x0f, 0x31, 0x0f, 
	0x39, 0x0f, 0x31, 0x0f, 0x31, 0x0f, 0x52, 0x15, 
	0x31, 0x0d, 0x31, 0x0f, 0x29, 0x0d, 0x39, 0x4f, 
	0x31, 0x0d, 0x31, 0x0d, 0x31, 0x0d, 0x31, 0x0d, 
	0x31, 0x0d, 0x29, 0x0d, 0x31, 0x4f, 0x28, 0xcd, 
	0x28, 0xcb, 0x28, 0xcb, 0x20, 0xcb, 0x28, 0xcb, 
	0x28, 0xcb, 0x28, 0xcb, 0x28, 0xcb, 0x29, 0x0d, 
	0x28, 0xcb, 0x20, 0xcb, 0x20, 0xcb, 0x20, 0xcb, 
	0x20, 0xc9, 0x20, 0xc9, 0x20, 0xc9, 0x20, 0xcb, 
	0x20, 0xc9, 0x20, 0x89, 0x29, 0x0b, 0x20, 0x89, 
	0x19, 0x93, 0x19, 0x53, 0x19, 0x93, 0x19, 0x51, 
	0x19, 0x93, 0x19, 0x53, 0x21, 0x93, 0x21, 0x53, 
	0x19, 0x93, 0x21, 0x93, 0x19, 0x93, 0x21, 0x93, 
	0x21, 0x93, 0x21, 0x93, 0x21, 0x93, 0x21, 0x93, 
	0x2a, 0x17, 0x2a, 0x17, 0x2a, 0x17, 0x32, 0x17, 
	0x32, 0x17, 0x32, 0x17, 0x4a, 0xdd, 0x29, 0xd5, 
	0x32, 0x15, 0x3a, 0x57, 0x29, 0xd5, 0x29, 0xd5, 
	0x31, 0xd5, 0x29, 0x95, 0x31, 0xd7, 0x3a, 0x59, 
	0x52, 0x9d, 0x3a, 0x17, 0x29, 0x93, 0x29, 0x93, 
	0x29, 0x53, 0x29, 0x93, 0x29, 0x53, 0x29, 0x93, 
	0x21, 0x53, 0x29, 0x53, 0x29, 0x93, 0x29, 0x53, 
	0x29, 0x53, 0x31, 0x95, 0x31, 0x95, 0x31, 0x95, 
	0x31, 0xd5, 0x31, 0xd5, 0x4a, 0x59, 0x42, 0x19, 
	0x4a, 0x59, 0x42, 0x17, 0x42, 0x19, 0x3a, 0x17, 
	0x42, 0x19, 0x29, 0x93, 0x29, 0x93, 0x29, 0x51, 
	0x29, 0x51, 0x31, 0x93, 0x31, 0x93, 0x31, 0x51, 
	0x29, 0x51, 0x31, 0x93, 0x39, 0xd7, 0x31, 0x93, 
	0x31, 0x93, 0x39, 0x95, 0x31, 0x53, 0x31, 0x51, 
	0x31, 0x51, 0x31, 0x51, 0x31, 0x53, 0x41, 0xd5, 
	0x31, 0x53, 0x31, 0x53, 0x31, 0x53, 0x39, 0x93, 
	0x31, 0x4f, 0x39, 0x93, 0x31, 0x51, 0x31, 0x0f, 
	0x29, 0x0f, 0x31, 0x0f, 0x31, 0x0f, 0x31, 0x0f, 
	0x31, 0x0f, 0x31, 0x0f, 0x31, 0x4f, 0x31, 0x4f, 
	0x39, 0x0f, 0x31, 0x0d, 0x31, 0x0d, 0x31, 0x0f, 
	0x31, 0x0f, 0x31, 0x0d, 0x31, 0x0d, 0x31, 0x0f, 
	0x31, 0x0d, 0x31, 0x0d, 0x31, 0x0d, 0x31, 0x0d, 
	0x31, 0x0d, 0x31, 0x0d, 0x31, 0x0d, 0x28, 0xcb, 
	0x28, 0xcd, 0x28, 0xcb, 0x28, 0xcb, 0x31, 0x0d, 
	0x28, 0xcb, 0x28, 0xcb, 0x28, 0xcb, 0x28, 0xcb, 
	0x28, 0xcb, 0x41, 0xd3, 0x20, 0x89, 0x20, 0xcb, 
	0x20, 0xc9, 0x20, 0xcb, 0x20, 0xc9, 0x20, 0xc9, 
	0x20, 0xc9, 0x20, 0xcb, 0x20, 0xc9, 0x20, 0x89, 
	0x19, 0x53, 0x19, 0x51, 0x19, 0x93, 0x19, 0x93, 
	0x19, 0x91, 0x19, 0x51, 0x19, 0x51, 0x21, 0x93, 
	0x21, 0x93, 0x21, 0x93, 0x19, 0x51, 0x21, 0x93, 
	0x21, 0x93, 0x21, 0x93, 0x21, 0x93, 0x21, 0x93, 
	0x2a, 0x15, 0x2a, 0x17, 0x2a, 0x17, 0x32, 0x17, 
	0x32, 0x17, 0x42, 0x9b, 0x4a, 0x9b, 0x31, 0xd5, 
	0x31, 0xd5, 0x29, 0xd5, 0x29, 0x93, 0x31, 0xd5, 
	0x31, 0xd5, 0x29, 0x93, 0x3a, 0x19, 0x39, 0xd7, 
	0x4a, 0x5b, 0x3a, 0x17, 0x29, 0x93, 0x29, 0x53, 
	0x29, 0x53, 0x21, 0x51, 0x21, 0x53, 0x21, 0x53, 
	0x21, 0x53, 0x29, 0x93, 0x39, 0xd5, 0x31, 0x95, 
	0x31, 0x95, 0x29, 0x93, 0x31, 0xd5, 0x31, 0x95, 
	0x31, 0x95, 0x39, 0xd5, 0x39, 0xd7, 0x42, 0x19, 
	0x42, 0x19, 0x39, 0xd7, 0x39, 0xd7, 0x3a, 0x17, 
	0x31, 0xd5, 0x31, 0xd3, 0x31, 0xd3, 0x29, 0x51, 
	0x31, 0x51, 0x39, 0x93, 0x31, 0x51, 0x31, 0x93, 
	0x31, 0x93, 0x31, 0x53, 0x4a, 0x17, 0x39, 0x95, 
	0x42, 0x17, 0x31, 0x53, 0x39, 0xd3, 0x31, 0x51, 
	0x31, 0x91, 0x31, 0x93, 0x39, 0x93, 0x4a, 0x59, 
	0x31, 0x53, 0x31, 0x51, 0x4a, 0x17, 0x31, 0x51, 
	0x31, 0x51, 0x31, 0x51, 0x31, 0x0f, 0x31, 0x51, 
	0x31, 0x0f, 0x31, 0x0f, 0x31, 0x0f, 0x31, 0x0f, 
	0x31, 0x11, 0x39, 0x51, 0x29, 0x0d, 0x31, 0x0d, 
	0x41, 0x93, 0x31, 0x0f, 0x31, 0x0f, 0x31, 0x0f, 
	0x39, 0x51, 0x31, 0x0d, 0x31, 0x0d, 0x28, 0xcd, 
	0x31, 0x0d, 0x31, 0x0d, 0x28, 0xcd, 0x28, 0xcb, 
	0x28, 0xcd, 0x31, 0x0d, 0x28, 0xcd, 0x28, 0xcd, 
	0x39, 0x4f, 0x31, 0x0d, 0x31, 0x0d, 0x31, 0x0d, 
	0x28, 0xcb, 0x28, 0xcb, 0x20, 0xcb, 0x28, 0xcb, 
	0x28, 0xcb, 0x31, 0x4f, 0x29, 0x0b, 0x20, 0xcb, 
	0x20, 0xc9, 0x20, 0xc9, 0x20, 0xc9, 0x20, 0xc9, 
	0x20, 0xc9, 0x20, 0xcb, 0x20, 0x89, 0x20, 0x89, 
	0x19, 0x51, 0x21, 0x93, 0x21, 0x93, 0x19, 0x51, 
	0x21, 0x93, 0x19, 0x51, 0x21, 0x51, 0x19, 0x51, 
	0x19, 0x93, 0x19, 0x93, 0x19, 0x51, 0x21, 0x93, 
	0x21, 0x93, 0x21, 0x93, 0x21, 0x93, 0x21, 0x93, 
	0x29, 0xd5, 0x2a, 0x15, 0x32, 0x17, 0x32, 0x17, 
	0x3a, 0x59, 0x32, 0x17, 0x32, 0x17, 0x3a, 0x17, 
	0x31, 0xd5, 0x31, 0xd5, 0x31, 0xd5, 0x31, 0xd5, 
	0x29, 0xd5, 0x29, 0x93, 0x29, 0xd5, 0x3a, 0x17, 
	0x42, 0x59, 0x31, 0xd5, 0x31, 0x93, 0x29, 0x93, 
	0x29, 0x93, 0x21, 0x51, 0x29, 0x53, 0x21, 0x51, 
	0x21, 0x51, 0x29, 0x53, 0x31, 0x95, 0x31, 0xd5, 
	0x4a, 0x5b, 0x31, 0xd5, 0x31, 0x95, 0x39, 0xd7, 
	0x39, 0xd5, 0x39, 0xd7, 0x4a, 0x5b, 0x42, 0x59, 
	0x4a, 0x5b, 0x42, 0x17, 0x39, 0xd7, 0x52, 0x9b, 
	0x3a, 0x17, 0x31, 0xd3, 0x31, 0x93, 0x29, 0x51, 
	0x31, 0x51, 0x31, 0x93, 0x31, 0x51, 0x31, 0x91, 
	0x31, 0x93, 0x31, 0x53, 0x31, 0x93, 0x39, 0x93, 
	0x39, 0x95, 0x31, 0x93, 0x39, 0x93, 0x31, 0x51, 
	0x31, 0x51, 0x39, 0x93, 0x31, 0x53, 0x42, 0x17, 
	0x31, 0x51, 0x31, 0x51, 0x31, 0x51, 0x31, 0x51, 
	0x29, 0x0f, 0x4a, 0x17, 0x31, 0x0f, 0x31, 0x0f, 
	0x31, 0x0f, 0x31, 0x0f, 0x31, 0x0f, 0x31, 0x0f, 
	0x31, 0x0f, 0x39, 0x51, 0x31, 0x0d, 0x31, 0x0f, 
	0x31, 0x0f, 0x39, 0x51, 0x39, 0x51, 0x31, 0x0f, 
	0x31, 0x0d, 0x29, 0x0d, 0x41, 0x91, 0x31, 0x0d, 
	0x28, 0xcd, 0x28, 0xcd, 0x28, 0xcd, 0x29, 0x0d, 
	0x28, 0xcb, 0x28, 0xcb, 0x31, 0x0d, 0x28, 0xcb, 
	0x31, 0x0d, 0x31, 0x0d, 0x52, 0x55, 0x28, 0xcb, 
	0x20, 0xc9, 0x20, 0xcb, 0x29, 0x0d, 0x20, 0xcb, 
	0x20, 0xcb, 0x28, 0xcb, 0x20, 0x89, 0x20, 0xc9, 
	0x20, 0x89, 0x20, 0x89, 0x20, 0x89, 0x20, 0x89, 
	0x20, 0xc9, 0x20, 0xc9, 0x20, 0xc9, 0x20, 0xc9, 
	0x21, 0x93, 0x19, 0x51, 0x19, 0x51, 0x19, 0x51, 
	0x19, 0x51, 0x19, 0x91, 0x19, 0x51, 0x21, 0x93, 
	0x21, 0x93, 0x21, 0x93, 0x19, 0x51, 0x21, 0x93, 
	0x21, 0xd3, 0x21, 0x93, 0x21, 0x93, 0x29, 0xd5, 
	0x29, 0xd5, 0x32, 0x17, 0x3a, 0x59, 0x3a, 0x59, 
	0x3a, 0x59, 0x32, 0x17, 0x3a, 0x17, 0x3a, 0x17, 
	0x31, 0xd5, 0x32, 0x17, 0x31, 0xd5, 0x29, 0xd5, 
	0x21, 0x93, 0x21, 0x93, 0x21, 0x93, 0x31, 0xd7, 
	0x42, 0x19, 0x31, 0x95, 0x29, 0x93, 0x39, 0xd5, 
	0x29, 0x53, 0x29, 0x53, 0x29, 0x53, 0x29, 0x53, 
	0x29, 0x53, 0x29, 0x53, 0x31, 0x95, 0x39, 0xd5, 
	0x39, 0xd7, 0x42, 0x19, 0x31, 0xd5, 0x39, 0xd7, 
	0x39, 0xd5, 0x42, 0x19, 0x42, 0x19, 0x42, 0x19, 
	0x42, 0x19, 0x39, 0xd7, 0x3a, 0x17, 0x42, 0x17, 
	0x31, 0xd5, 0x31, 0x93, 0x31, 0x93, 0x29, 0x51, 
	0x39, 0x93, 0x31, 0x93, 0x31, 0x93, 0x31, 0x91, 
	0x39, 0xd3, 0x29, 0x51, 0x31, 0x51, 0x31, 0x53, 
	0x31, 0x53, 0x31, 0x93, 0x31, 0x51, 0x31, 0x51, 
	0x39, 0x51, 0x39, 0x93, 0x39, 0x51, 0x41, 0xd5, 
	0x4a, 0x15, 0x31, 0x0f, 0x31, 0x51, 0x39, 0x91, 
	0x29, 0x0f, 0x31, 0x0f, 0x31, 0x0f, 0x31, 0x0f, 
	0x31, 0x0d, 0x31, 0x0f, 0x31, 0x4f, 0x31, 0x0f, 
	0x39, 0x51, 0x31, 0x0f, 0x31, 0x0f, 0x31, 0x11, 
	0x31, 0x0f, 0x39, 0x51, 0x41, 0xd3, 0x39, 0x51, 
	0x29, 0x0d, 0x29, 0x0d, 0x29, 0x0d, 0x31, 0x0d, 
	0x28, 0xcd, 0x41, 0x91, 0x28, 0xcb, 0x28, 0xcb, 
	0x28, 0xcb, 0x28, 0xcb, 0x28, 0xcb, 0x31, 0x0d, 
	0x28, 0xcb, 0x20, 0xcb, 0x20, 0xc9, 0x20, 0xc9, 
	0x28, 0xcb, 0x20, 0xc9, 0x28, 0xcb, 0x20, 0x89, 
	0x20, 0x89, 0x20, 0xc9, 0x20, 0x89, 0x20, 0xc9, 
	0x20, 0x89, 0x20, 0xc9, 0x20, 0x89, 0x20, 0x89, 
	0x20, 0xcb, 0x28, 0xcb, 0x20, 0xc9, 0x20, 0xc9, 
	0x19, 0x51, 0x19, 0x51, 0x19, 0x51, 0x19, 0x51, 
	0x19, 0x51, 0x19, 0x51, 0x19, 0x51, 0x19, 0x51, 
	0x21, 0x93, 0x19, 0x93, 0x19, 0x51, 0x19, 0x93, 
	0x21, 0x93, 0x21, 0x93, 0x29, 0xd5, 0x29, 0xd5, 
	0x32, 0x17, 0x32, 0x17, 0x3a, 0x59, 0x3a, 0x57, 
	0x3a, 0x59, 0x3a, 0x59, 0x4a, 0x9b, 0x42, 0x59, 
	0x3a, 0x17, 0x3a, 0x17, 0x31, 0xd5, 0x29, 0xd3, 
	0x21, 0x51, 0x21, 0x93, 0x21, 0x93, 0x31, 0xd5, 
	0x31, 0xd5, 0x29, 0x93, 0x29, 0x93, 0x29, 0x93, 
	0x21, 0x51, 0x29, 0x93, 0x29, 0x53, 0x29, 0x53, 
	0x29, 0x53, 0x29, 0x93, 0x31, 0x93, 0x39, 0xd5, 
	0x39, 0xd7, 0x39, 0xd7, 0x39, 0xd7, 0x3a, 0x17, 
	0x4a, 0x9b, 0x42, 0x19, 0x42, 0x17, 0x42, 0x19, 
	0x42, 0x59, 0x31, 0xd5, 0x31, 0xd5, 0x42, 0x17, 
	0x31, 0x93, 0x31, 0x93, 0x31, 0x93, 0x31, 0x93, 
	0x39, 0xd3, 0x31, 0x93, 0x31, 0x91, 0x31, 0x93, 
	0x31, 0x91, 0x31, 0x91, 0x31, 0x51, 0x31, 0x51, 
	0x31, 0x51, 0x31, 0x51, 0x31, 0x51, 0x31, 0x51, 
	0x31, 0x51, 0x39, 0x51, 0x39, 0x93, 0x39, 0x93, 
	0x39, 0x93, 0x31, 0x4f, 0x31, 0x4f, 0x39, 0x93, 
	0x29, 0x0f, 0x31, 0x0f, 0x31, 0x0f, 0x31, 0x0f, 
	0x31, 0x4f, 0x31, 0x0d, 0x31, 0x0f, 0x31, 0x0f, 
	0x31, 0x0d, 0x31, 0x0f, 0x31, 0x0f, 0x4a, 0x17, 
	0x31, 0x0f, 0x31, 0x0d, 0x29, 0x0d, 0x31, 0x0d, 
	0x31, 0x0d, 0x29, 0x0d, 0x31, 0x0d, 0x28, 0xcb, 
	0x28, 0xcb, 0x41, 0x91, 0x28, 0xcb, 0x28, 0xcb, 
	0x28, 0xcb, 0x28, 0xcb, 0x28, 0xcb, 0x28, 0xcb, 
	0x28, 0xcb, 0x28, 0xcb, 0x20, 0x89, 0x20, 0xc9, 
	0x20, 0xcb, 0x20, 0xc9, 0x20, 0xc9, 0x20, 0xc9, 
	0x20, 0xc9, 0x20, 0x89, 0x20, 0x89, 0x20, 0xcb, 
	0x20, 0xc9, 0x28, 0xcb, 0x20, 0x89, 0x20, 0x89, 
	0x20, 0xc9, 0x20, 0xcb, 0x20, 0xc9, 0x20, 0xc9, 
	0x19, 0x51, 0x19, 0x51, 0x19, 0x51, 0x21, 0x91, 
	0x19, 0x51, 0x19, 0x51, 0x21, 0x91, 0x21, 0x93, 
	0x21, 0x93, 0x21, 0x93, 0x21, 0x93, 0x21, 0x93, 
	0x21, 0x93, 0x29, 0xd5, 0x29, 0xd5, 0x29, 0xd5, 
	0x32, 0x17, 0x32, 0x17, 0x3a, 0x57, 0x3a, 0x57, 
	0x3a, 0x57, 0x42, 0x59, 0x3a, 0x17, 0x42, 0x57, 
	0x31, 0xd3, 0x3a, 0x57, 0x29, 0x93, 0x39, 0xd5, 
	0x31, 0xd3, 0x21, 0x51, 0x21, 0x51, 0x21, 0x51, 
	0x31, 0xd5, 0x29, 0x93, 0x29, 0x93, 0x21, 0x51, 
	0x29, 0x53, 0x29, 0x93, 0x42, 0x59, 0x29, 0x93, 
	0x31, 0x93, 0x31, 0x93, 0x31, 0xd5, 0x3a, 0x17, 
	0x39, 0xd5, 0x39, 0xd7, 0x42, 0x19, 0x39, 0xd5, 
	0x3a, 0x17, 0x42, 0x17, 0x39, 0xd7, 0x42, 0x17, 
	0x42, 0x19, 0x39, 0xd5, 0x3a, 0x17, 0x31, 0xd5, 
	0x31, 0x93, 0x31, 0x93, 0x39, 0xd5, 0x31, 0x91, 
	0x31, 0x93, 0x39, 0x93, 0x31, 0x51, 0x31, 0x93, 
	0x31, 0x93, 0x31, 0x51, 0x39, 0x93, 0x39, 0x93, 
	0x31, 0x91, 0x31, 0x93, 0x31, 0x51, 0x31, 0x4f, 
	0x31, 0x4f, 0x39, 0x51, 0x31, 0x0f, 0x31, 0x51, 
	0x29, 0x0f, 0x39, 0x91, 0x31, 0x51, 0x31, 0x0f, 
	0x29, 0x0f, 0x31, 0x0f, 0x31, 0x0d, 0x31, 0x0d, 
	0x39, 0x51, 0x29, 0x0d, 0x31, 0x0f, 0x31, 0x0f, 
	0x29, 0x0d, 0x29, 0x0d, 0x31, 0x0f, 0x49, 0xd5, 
	0x31, 0x0d, 0x28, 0xcd, 0x29, 0x0d, 0x39, 0x4f, 
	0x28, 0xcb, 0x28, 0xcb, 0x28, 0xcb, 0x28, 0xcb, 
	0x28, 0xcb, 0x28, 0xcb, 0x31, 0x0d, 0x31, 0x0d, 
	0x28, 0xcb, 0x28, 0xc9, 0x20, 0xcb, 0x28, 0xcb, 
	0x29, 0x0d, 0x28, 0xcb, 0x20, 0xc9, 0x20, 0xcb, 
	0x28, 0xcb, 0x20, 0xc9, 0x28, 0xcb, 0x20, 0xcb, 
	0x28, 0xcb, 0x20, 0xc9, 0x20, 0x89, 0x20, 0xcb, 
	0x20, 0xcb, 0x20, 0xcb, 0x20, 0x89, 0x20, 0xc9, 
	0x20, 0x89, 0x20, 0xc9, 0x20, 0xc9, 0x20, 0xc9, 
	0x19, 0x51, 0x19, 0x4f, 0x19, 0x51, 0x21, 0x91, 
	0x21, 0x91, 0x19, 0x51, 0x21, 0x93, 0x21, 0x93, 
	0x21, 0x93, 0x21, 0x93, 0x21, 0x93, 0x21, 0x93, 
	0x21, 0x93, 0x21, 0xd5, 0x29, 0xd5, 0x29, 0xd5, 
	0x32, 0x17, 0x3a, 0x57, 0x3a, 0x57, 0x3a, 0x57, 
	0x42, 0x59, 0x42, 0x57, 0x3a, 0x17, 0x3a, 0x57, 
	0x32, 0x15, 0x31, 0xd3, 0x21, 0x51, 0x31, 0xd3, 
	0x29, 0x93, 0x21, 0x4f, 0x21, 0x51, 0x21, 0x51, 
	0x29, 0x51, 0x29, 0x93, 0x29, 0x53, 0x29, 0x53, 
	0x21, 0x51, 0x29, 0x51, 0x21, 0x51, 0x29, 0x51, 
	0x29, 0x93, 0x29, 0x93, 0x31, 0xd3, 0x31, 0x93, 
	0x42, 0x59, 0x4a, 0x9b, 0x42, 0x19, 0x42, 0x19, 
	0x39, 0xd7, 0x39, 0xd7, 0x39, 0xd7, 0x39, 0xd7, 
	0x39, 0xd7, 0x31, 0xd5, 0x31, 0xd5, 0x31, 0xd5, 
	0x31, 0xd5, 0x31, 0x91, 0x31, 0xd3, 0x31, 0x91, 
	0x31, 0x93, 0x31, 0x51, 0x31, 0x51, 0x39, 0xd5, 
	0x31, 0x91, 0x31, 0x91, 0x39, 0x93, 0x31, 0x93, 
	0x31, 0x93, 0x42, 0x15, 0x31, 0x51, 0x31, 0x4f, 
	0x31, 0x4f, 0x31, 0x4f, 0x31, 0x4f, 0x31, 0x4f, 
	0x31, 0x4f, 0x31, 0x4f, 0x31, 0x4f, 0x31, 0x4f, 
	0x31, 0x0f, 0x31, 0x0f, 0x39, 0x51, 0x31, 0x0f, 
	0x31, 0x0f, 0x29, 0x0d, 0x31, 0x0d, 0x31, 0x0d, 
	0x31, 0x0d, 0x31, 0x0d, 0x29, 0x0d, 0x31, 0x4f, 
	0x31, 0x0d, 0x28, 0xcb, 0x28, 0xcb, 0x39, 0x4f, 
	0x31, 0x4d, 0x28, 0xcb, 0x28, 0xcb, 0x28, 0xcb, 
	0x39, 0x4f, 0x28, 0xcb, 0x29, 0x0b, 0x28, 0xcb, 
	0x28, 0xcb, 0x29, 0x0b, 0x28, 0xcb, 0x20, 0xcb, 
	0x28, 0xcb, 0x28, 0xcb, 0x28, 0xcb, 0x29, 0x0b, 
	0x28, 0xcb, 0x20, 0x89, 0x20, 0xc9, 0x20, 0xc9, 
	0x28, 0xcb, 0x20, 0xc9, 0x20, 0x89, 0x28, 0xcb, 
	0x31, 0x0d, 0x20, 0x89, 0x20, 0x89, 0x20, 0x89, 
	0x20, 0x89, 0x20, 0xc9, 0x20, 0x89, 0x20, 0xc9, 
	0x19, 0x51, 0x19, 0x51, 0x19, 0x51, 0x21, 0x91, 
	0x21, 0x93, 0x19, 0x51, 0x19, 0x51, 0x21, 0x93, 
	0x21, 0x93, 0x21, 0x93, 0x21, 0x93, 0x21, 0x93, 
	0x21, 0x93, 0x29, 0xd3, 0x29, 0xd5, 0x29, 0xd5, 
	0x32, 0x17, 0x3a, 0x57, 0x32, 0x17, 0x3a, 0x57, 
	0x3a, 0x17, 0x3a, 0x17, 0x42, 0x57, 0x31, 0xd5, 
	0x31, 0xd5, 0x29, 0x93, 0x21, 0x51, 0x29, 0x91, 
	0x21, 0x4f, 0x21, 0x4f, 0x21, 0x51, 0x21, 0x51, 
	0x29, 0x91, 0x39, 0xd5, 0x31, 0x93, 0x29, 0x93, 
	0x29, 0x51, 0x29, 0x51, 0x21, 0x51, 0x29, 0x51, 
	0x31, 0x93, 0x31, 0x93, 0x29, 0x91, 0x29, 0x93, 
	0x42, 0x59, 0x4a, 0x59, 0x42, 0x19, 0x42, 0x17, 
	0x31, 0x93, 0x39, 0xd5, 0x42, 0x17, 0x42, 0x17, 
	0x39, 0xd7, 0x31, 0xd5, 0x31, 0xd5, 0x31, 0xd5, 
	0x31, 0xd3, 0x39, 0xd5, 0x31, 0x93, 0x29, 0x51, 
	0x31, 0x51, 0x31, 0x51, 0x31, 0x93, 0x39, 0xd3, 
	0x31, 0x51, 0x31, 0x93, 0x31, 0x91, 0x31, 0x91, 
	0x31, 0x93, 0x31, 0x51, 0x31, 0x51, 0x31, 0x51, 
	0x31, 0x4f, 0x31, 0x4f, 0x39, 0x91, 0x39, 0x51, 
	0x31, 0x0f, 0x31, 0x4f, 0x31, 0x0d, 0x39, 0x51, 
	0x31, 0x0f, 0x31, 0x0f, 0x31, 0x0f, 0x31, 0x0f, 
	0x31, 0x0f, 0x29, 0x0d, 0x49, 0xd3, 0x31, 0x0f, 
	0x29, 0x0d, 0x31, 0x0d, 0x31, 0x0d, 0x29, 0x0d, 
	0x29, 0x0b, 0x28, 0xcb, 0x28, 0xcb, 0x28, 0xcb, 
	0x31, 0x0d, 0x28, 0xcb, 0x20, 0xc9, 0x28, 0xcb, 
	0x28, 0xcb, 0x31, 0x0d, 0x28, 0xcb, 0x28, 0xcb, 
	0x28, 0xcb, 0x28, 0xcb, 0x28, 0xcb, 0x28, 0xcb, 
	0x29, 0x0b, 0x20, 0xcb, 0x28, 0xcb, 0x20, 0xc9, 
	0x39, 0x4f, 0x20, 0xcb, 0x20, 0xc9, 0x20, 0xc9, 
	0x20, 0x89, 0x20, 0xc9, 0x20, 0xcb, 0x49, 0xd3, 
	0x20, 0x89, 0x20, 0x89, 0x20, 0x89, 0x20, 0x89, 
	0x20, 0x89, 0x20, 0xc9, 0x20, 0xc9, 0x20, 0xc9, 
	0x19, 0x51, 0x19, 0x51, 0x21, 0x91, 0x21, 0x91, 
	0x21, 0x93, 0x19, 0x53, 0x19, 0x51, 0x19, 0x51, 
	0x21, 0x93, 0x21, 0x93, 0x21, 0x93, 0x21, 0x93, 
	0x21, 0x93, 0x29, 0xd5, 0x29, 0xd5, 0x32, 0x17, 
	0x32, 0x17, 0x3a, 0x57, 0x3a, 0x57, 0x42, 0x59, 
	0x3a, 0x57, 0x3a, 0x57, 0x52, 0xdb, 0x3a, 0x15, 
	0x31, 0xd3, 0x29, 0x91, 0x29, 0x91, 0x29, 0x51, 
	0x21, 0x4f, 0x21, 0x4f, 0x21, 0x51, 0x29, 0x91, 
	0x29, 0x93, 0x29, 0x91, 0x29, 0x91, 0x29, 0x51, 
	0x29, 0x51, 0x29, 0x51, 0x29, 0x51, 0x29, 0x51, 
	0x31, 0x93, 0x29, 0x91, 0x29, 0x51, 0x29, 0x93, 
	0x39, 0xd5, 0x42, 0x17, 0x31, 0xd5, 0x39, 0xd5, 
	0x31, 0x93, 0x39, 0xd5, 0x39, 0xd5, 0x39, 0x95, 
	0x39, 0x95, 0x31, 0xd5, 0x39, 0xd5, 0x39, 0xd5, 
	0x39, 0xd3, 0x31, 0x93, 0x31, 0x51, 0x31, 0x91, 
	0x31, 0x51, 0x31, 0x91, 0x31, 0x91, 0x42, 0x15, 
	0x31, 0x91, 0x31, 0x91, 0x31, 0x91, 0x31, 0x51, 
	0x31, 0x93, 0x31, 0x51, 0x41, 0xd3, 0x31, 0x4f, 
	0x31, 0x4f, 0x31, 0x51, 0x31, 0x51, 0x29, 0x0f, 
	0x31, 0x4f, 0x39, 0x91, 0x31, 0x0d, 0x39, 0x51, 
	0x31, 0x0d, 0x29, 0x0d, 0x39, 0x51, 0x39, 0x51, 
	0x39, 0x4f, 0x31, 0x0d, 0x29, 0x0d, 0x29, 0x0d, 
	0x31, 0x0f, 0x29, 0x0d, 0x28, 0xcb, 0x29, 0x0d, 
	0x28, 0xcb, 0x28, 0xcb, 0x31, 0x0d, 0x39, 0x4f, 
	0x39, 0x4f, 0x20, 0xc9, 0x28, 0xcb, 0x28, 0xcb, 
	0x31, 0x0b, 0x31, 0x0b, 0x28, 0xcb, 0x28, 0xcb, 
	0x29, 0x0b, 0x28, 0xcb, 0x20, 0xcb, 0x28, 0xcb, 
	0x28, 0xcb, 0x28, 0xcb, 0x28, 0xcb, 0x28, 0xcb, 
	0x4a, 0x13, 0x20, 0xc9, 0x20, 0xc9, 0x20, 0xc9, 
	0x20, 0xc9, 0x20, 0x89, 0x29, 0x0d, 0x31, 0x4d, 
	0x20, 0xcb, 0x20, 0x89, 0x20, 0xcb, 0x20, 0x89, 
	0x20, 0x89, 0x20, 0x89, 0x20, 0x89, 0x20, 0xc9, 
	0x19, 0x51, 0x19, 0x51, 0x19, 0x51, 0x21, 0x91, 
	0x21, 0x93, 0x19, 0x51, 0x19, 0x51, 0x19, 0x51, 
	0x21, 0x93, 0x21, 0x93, 0x29, 0x93, 0x21, 0x93, 
	0x29, 0xd5, 0x29, 0xd5, 0x3a, 0x17, 0x32, 0x17, 
	0x3a, 0x59, 0x3a, 0x57, 0x42, 0x59, 0x42, 0x99, 
	0x42, 0x99, 0x42, 0x59, 0x4a, 0x99, 0x4a, 0x99, 
	0x29, 0x91, 0x29, 0x93, 0x42, 0x15, 0x29, 0x51, 
	0x21, 0x4f, 0x29, 0x51, 0x29, 0x91, 0x31, 0x93, 
	0x3a, 0x15, 0x29, 0x93, 0x21, 0x51, 0x29, 0x51, 
	0x29, 0x51, 0x29, 0x93, 0x29, 0x91, 0x29, 0x51, 
	0x29, 0x91, 0x39, 0xd3, 0x39, 0xd3, 0x29, 0x51, 
	0x31, 0xd3, 0x31, 0xd3, 0x31, 0x93, 0x31, 0x93, 
	0x39, 0xd5, 0x39, 0xd5, 0x42, 0x17, 0x39, 0xd5, 
	0x39, 0xd5, 0x42, 0x17, 0x39, 0xd5, 0x31, 0x93, 
	0x31, 0x91, 0x31, 0x91, 0x31, 0x91, 0x31, 0x91, 
	0x31, 0x91, 0x31, 0x91, 0x31, 0x51, 0x31, 0x91, 
	0x29, 0x51, 0x31, 0x51, 0x29, 0x4f, 0x31, 0x51, 
	0x31, 0x91, 0x29, 0x4f, 0x39, 0x93, 0x31, 0x4f, 
	0x31, 0x4f, 0x31, 0x4f, 0x39, 0x91, 0x31, 0x0f, 
	0x31, 0x0f, 0x31, 0x0d, 0x31, 0x0d, 0x31, 0x0f, 
	0x31, 0x0f, 0x31, 0x0f, 0x31, 0x0f, 0x31, 0x4f, 
	0x31, 0x0d, 0x31, 0x0d, 0x31, 0x0d, 0x29, 0x0d, 
	0x39, 0x4f, 0x28, 0xcb, 0x29, 0x0d, 0x28, 0xcb, 
	0x31, 0x0d, 0x28, 0xcb, 0x28, 0xcb, 0x31, 0x4f, 
	0x39, 0x4f, 0x28, 0xcb, 0x28, 0xcb, 0x28, 0xcb, 
	0x28, 0xcb, 0x28, 0xcb, 0x28, 0xcb, 0x28, 0xcb, 
	0x28, 0xcb, 0x28, 0xcb, 0x28, 0xcb, 0x28, 0xcb, 
	0x28, 0xcb, 0x29, 0x0b, 0x20, 0xcb, 0x28, 0xcb, 
	0x28, 0xcb, 0x20, 0xc9, 0x20, 0xc9, 0x20, 0x89, 
	0x20, 0x89, 0x20, 0xc9, 0x28, 0xcb, 0x20, 0xc9, 
	0x20, 0x89, 0x20, 0xcb, 0x29, 0x0d, 0x20, 0x89, 
	0x20, 0x89, 0x20, 0x89, 0x20, 0x89, 0x20, 0xc9, 
	0x19, 0x51, 0x19, 0x51, 0x19, 0x51, 0x19, 0x51, 
	0x21, 0x51, 0x19, 0x51, 0x19, 0x51, 0x19, 0x51, 
	0x19, 0x51, 0x21, 0x93, 0x29, 0x93, 0x21, 0x93, 
	0x21, 0x93, 0x31, 0xd5, 0x3a, 0x17, 0x32, 0x15, 
	0x3a, 0x57, 0x3a, 0x57, 0x3a, 0x57, 0x52, 0xdb, 
	0x42, 0x59, 0x42, 0x99, 0x4a, 0x59, 0x42, 0x59, 
	0x4a, 0x59, 0x31, 0xd3, 0x3a, 0x15, 0x29, 0x51, 
	0x29, 0x51, 0x29, 0x51, 0x29, 0x91, 0x31, 0x93, 
	0x29, 0x93, 0x29, 0x93, 0x21, 0x4f, 0x21, 0x4f, 
	0x21, 0x4f, 0x29, 0x51, 0x29, 0x51, 0x29, 0x4f, 
	0x29, 0x51, 0x29, 0x51, 0x21, 0x0f, 0x31, 0x91, 
	0x29, 0x51, 0x29, 0x51, 0x31, 0x93, 0x31, 0x93, 
	0x39, 0xd5, 0x31, 0x93, 0x39, 0x93, 0x39, 0x93, 
	0x31, 0x93, 0x31, 0x93, 0x39, 0xd3, 0x39, 0xd3, 
	0x31, 0x91, 0x31, 0x93, 0x31, 0x51, 0x31, 0x91, 
	0x29, 0x4f, 0x31, 0x51, 0x31, 0x51, 0x29, 0x4f, 
	0x29, 0x4f, 0x29, 0x4f, 0x31, 0x51, 0x29, 0x4f, 
	0x29, 0x4f, 0x31, 0x4f, 0x29, 0x0f, 0x31, 0x0f, 
	0x31, 0x4f, 0x29, 0x0d, 0x31, 0x4d, 0x29, 0x0d, 
	0x31, 0x51, 0x29, 0x0f, 0x29, 0x0b, 0x29, 0x0d, 
	0x31, 0x0d, 0x31, 0x4f, 0x31, 0x0d, 0x39, 0x8f, 
	0x29, 0x0d, 0x31, 0x0d, 0x28, 0xcb, 0x31, 0x4d, 
	0x29, 0x0b, 0x29, 0x0b, 0x28, 0xcb, 0x28, 0xcb, 
	0x28, 0xcb, 0x28, 0xcb, 0x52, 0x55, 0x28, 0xcb, 
	0x28, 0xcb, 0x20, 0xc9, 0x20, 0xc9, 0x28, 0xcb, 
	0x28, 0xcb, 0x28, 0xcb, 0x28, 0xc9, 0x20, 0x89, 
	0x20, 0x89, 0x28, 0xc9, 0x20, 0xc9, 0x20, 0xc9, 
	0x20, 0xcb, 0x28, 0xcb, 0x20, 0x89, 0x20, 0xc9, 
	0x28, 0xcb, 0x20, 0x89, 0x20, 0xc9, 0x20, 0xcb, 
	0x20, 0xc9, 0x20, 0xc9, 0x28, 0xcb, 0x28, 0xcb, 
	0x28, 0xcb, 0x20, 0x89, 0x20, 0x89, 0x20, 0x89, 
	0x20, 0x89, 0x20, 0xc9, 0x20, 0x89, 0x28, 0xcb, 
	0x19, 0x51, 0x19, 0x51, 0x19, 0x51, 0x19, 0x51, 
	0x19, 0x51, 0x19, 0x51, 0x19, 0x51, 0x19, 0x51, 
	0x21, 0x91, 0x21, 0x93, 0x21, 0x93, 0x21, 0x93, 
	0x29, 0xd5, 0x29, 0xd3, 0x32, 0x15, 0x32, 0x15, 
	0x3a, 0x17, 0x3a, 0x17, 0x42, 0x57, 0x42, 0x59, 
	0x42, 0x57, 0x4a, 0x9b, 0x4a, 0x99, 0x4a, 0x99, 
	0x42, 0x57, 0x3a, 0x15, 0x31, 0xd3, 0x29, 0x51, 
	0x29, 0x91, 0x29, 0x51, 0x29, 0x91, 0x31, 0x93, 
	0x29, 0x51, 0x21, 0x4f, 0x21, 0x4f, 0x29, 0x51, 
	0x29, 0x51, 0x29, 0x91, 0x21, 0x4f, 0x21, 0x4f, 
	0x29, 0x4f, 0x29, 0x51, 0x29, 0x51, 0x31, 0x93, 
	0x31, 0x91, 0x29, 0x51, 0x29, 0x51, 0x29, 0x51, 
	0x31, 0x93, 0x39, 0xd5, 0x39, 0xd3, 0x39, 0xd3, 
	0x31, 0x93, 0x39, 0xd3, 0x39, 0x93, 0x31, 0x91, 
	0x31, 0x91, 0x31, 0x93, 0x31, 0x91, 0x39, 0xd3, 
	0x29, 0x0f, 0x29, 0x4f, 0x29, 0x4f, 0x31, 0x4f, 
	0x29, 0x4f, 0x31, 0x4f, 0x31, 0x4f, 0x31, 0x4f, 
	0x31, 0x4f, 0x31, 0x4f, 0x29, 0x0d, 0x29, 0x0d, 
	0x31, 0x4f, 0x31, 0x4d, 0x29, 0x0d, 0x31, 0x4d, 
	0x31, 0x4f, 0x31, 0x4f, 0x29, 0x0b, 0x31, 0x0d, 
	0x31, 0x0d, 0x31, 0x0d, 0x31, 0x4f, 0x31, 0x4d, 
	0x28, 0xcb, 0x29, 0x0b, 0x29, 0x0b, 0x28, 0xcb, 
	0x29, 0x0b, 0x28, 0xcb, 0x28, 0xcb, 0x28, 0xcb, 
	0x28, 0xcb, 0x28, 0xcb, 0x20, 0xc9, 0x28, 0xcb, 
	0x28, 0xcb, 0x28, 0xcb, 0x29, 0x0b, 0x28, 0xcb, 
	0x28, 0xcb, 0x20, 0xc9, 0x20, 0x89, 0x28, 0xcb, 
	0x28, 0xc9, 0x28, 0xcb, 0x28, 0xcb, 0x29, 0x0b, 
	0x20, 0xc9, 0x28, 0xcb, 0x20, 0x89, 0x20, 0x89, 
	0x20, 0x89, 0x20, 0xc9, 0x20, 0xcb, 0x20, 0xc9, 
	0x20, 0xc9, 0x28, 0xc9, 0x20, 0x89, 0x28, 0xcb, 
	0x20, 0xcb, 0x20, 0xcb, 0x20, 0x89, 0x20, 0x89, 
	0x20, 0x89, 0x20, 0xc9, 0x20, 0x89, 0x20, 0x89, 
	0x19, 0x51, 0x19, 0x51, 0x19, 0x51, 0x21, 0x51, 
	0x19, 0x51, 0x19, 0x51, 0x19, 0x51, 0x19, 0x51, 
	0x19, 0x51, 0x21, 0x93, 0x21, 0x93, 0x21, 0x93, 
	0x29, 0xd3, 0x29, 0xd3, 0x31, 0xd5, 0x32, 0x15, 
	0x3a, 0x15, 0x31, 0xd5, 0x3a, 0x15, 0x31, 0xd5, 
	0x42, 0x57, 0x42, 0x59, 0x4a, 0x9b, 0x4a, 0x9b, 
	0x42, 0x57, 0x3a, 0x15, 0x29, 0x91, 0x29, 0x91, 
	0x29, 0x91, 0x31, 0xd3, 0x31, 0x91, 0x29, 0x91, 
	0x21, 0x51, 0x29, 0x91, 0x21, 0x4f, 0x39, 0xd3, 
	0x21, 0x0f, 0x21, 0x0f, 0x21, 0x4f, 0x21, 0x4f, 
	0x21, 0x4f, 0x29, 0x4f, 0x29, 0x4f, 0x39, 0xd3, 
	0x31, 0x93, 0x29, 0x51, 0x29, 0x51, 0x29, 0x51, 
	0x3a, 0x15, 0x42, 0x17, 0x31, 0x93, 0x39, 0xd5, 
	0x39, 0xd5, 0x29, 0x51, 0x31, 0x91, 0x31, 0x51, 
	0x31, 0x51, 0x31, 0x51, 0x29, 0x51, 0x29, 0x4f, 
	0x29, 0x4f, 0x31, 0x51, 0x39, 0x91, 0x31, 0x4f, 
	0x29, 0x4f, 0x31, 0x4f, 0x29, 0x4f, 0x31, 0x4f, 
	0x31, 0x4f, 0x29, 0x0d, 0x31, 0x4f, 0x31, 0x4f, 
	0x29, 0x0d, 0x29, 0x0d, 0x29, 0x0d, 0x39, 0x91, 
	0x42, 0x15, 0x29, 0x0d, 0x31, 0x4d, 0x4a, 0x13, 
	0x29, 0x0d, 0x31, 0x0d, 0x29, 0x0d, 0x31, 0x0d, 
	0x29, 0x0b, 0x31, 0x0d, 0x29, 0x0b, 0x28, 0xcb, 
	0x28, 0xcb, 0x28, 0xcb, 0x29, 0x0d, 0x28, 0xcb, 
	0x28, 0xcb, 0x20, 0xc9, 0x20, 0xc9, 0x28, 0xcb, 
	0x28, 0xcb, 0x20, 0xc9, 0x28, 0xcb, 0x28, 0xcb, 
	0x28, 0xc9, 0x20, 0x89, 0x20, 0x89, 0x28, 0xcb, 
	0x20, 0xc9, 0x20, 0xc9, 0x28, 0xcb, 0x20, 0xc9, 
	0x20, 0x89, 0x20, 0xc9, 0x20, 0xc9, 0x20, 0xc9, 
	0x20, 0xc9, 0x20, 0xc9, 0x20, 0xc9, 0x20, 0xcb, 
	0x20, 0x89, 0x28, 0xc9, 0x20, 0xc9, 0x20, 0xc9, 
	0x31, 0x0d, 0x20, 0xcb, 0x20, 0x89, 0x18, 0x89, 
	0x20, 0x89, 0x20, 0x89, 0x20, 0x89, 0x20, 0x89, 
	0x19, 0x51, 0x19, 0x51, 0x19, 0x51, 0x19, 0x51, 
	0x19, 0x51, 0x19, 0x51, 0x19, 0x51, 0x19, 0x51, 
	0x19, 0x51, 0x21, 0x91, 0x21, 0x93, 0x29, 0xd3, 
	0x29, 0xd5, 0x29, 0xd3, 0x32, 0x15, 0x3a, 0x15, 
	0x31, 0xd3, 0x29, 0x91, 0x31, 0xd3, 0x3a, 0x15, 
	0x3a, 0x15, 0x4a, 0x59, 0x52, 0xdb, 0x4a, 0x9b, 
	0x4a, 0x59, 0x31, 0xd3, 0x29, 0x51, 0x29, 0x51, 
	0x31, 0x93, 0x29, 0x51, 0x31, 0x91, 0x29, 0x91, 
	0x21, 0x51, 0x21, 0x4f, 0x21, 0x4f, 0x21, 0x4f, 
	0x29, 0x4f, 0x21, 0x0f, 0x21, 0x4f, 0x29, 0x4f, 
	0x21, 0x4f, 0x29, 0x4f, 0x29, 0x4f, 0x29, 0x51, 
	0x39, 0xd3, 0x29, 0x51, 0x29, 0x91, 0x31, 0x93, 
	0x5b, 0x1d, 0x39, 0xd5, 0x31, 0x93, 0x42, 0x15, 
	0x31, 0x91, 0x31, 0x4f, 0x31, 0x4f, 0x31, 0x51, 
	0x31, 0x4f, 0x29, 0x4f, 0x29, 0x4f, 0x31, 0x91, 
	0x31, 0x91, 0x39, 0x91, 0x31, 0x91, 0x31, 0x4f, 
	0x29, 0x0d, 0x29, 0x0d, 0x29, 0x4f, 0x31, 0x4f, 
	0x29, 0x0d, 0x29, 0x4f, 0x29, 0x0d, 0x31, 0x4f, 
	0x31, 0x4f, 0x21, 0x0b, 0x29, 0x0d, 0x39, 0x91, 
	0x29, 0x0d, 0x29, 0x0d, 0x41, 0xd3, 0x29, 0x0d, 
	0x28, 0xcb, 0x29, 0x0d, 0x28, 0xcb, 0x29, 0x0b, 
	0x31, 0x0d, 0x29, 0x0b, 0x28, 0xcb, 0x28, 0xcb, 
	0x28, 0xcb, 0x28, 0xcb, 0x20, 0xcb, 0x28, 0xcb, 
	0x20, 0xc9, 0x20, 0xc9, 0x20, 0xcb, 0x28, 0xcb, 
	0x28, 0xc9, 0x29, 0x0b, 0x20, 0xc9, 0x28, 0xc9, 
	0x20, 0xc9, 0x20, 0xc9, 0x20, 0xc9, 0x20, 0x89, 
	0x20, 0xc9, 0x20, 0xc9, 0x28, 0xcb, 0x20, 0x89, 
	0x20, 0x89, 0x28, 0xcb, 0x20, 0xcb, 0x20, 0xcb, 
	0x20, 0xc9, 0x20, 0xc9, 0x20, 0xcb, 0x20, 0x89, 
	0x20, 0xc9, 0x20, 0x87, 0x20, 0xc9, 0x28, 0xcb, 
	0x20, 0xc9, 0x29, 0x0d, 0x18, 0x89, 0x20, 0xc9, 
	0x18, 0x89, 0x20, 0x89, 0x20, 0x89, 0x20, 0x89, 
	0x19, 0x51, 0x19, 0x51, 0x19, 0x51, 0x19, 0x51, 
	0x19, 0x51, 0x19, 0x51, 0x19, 0x51, 0x19, 0x51, 
	0x19, 0x51, 0x19, 0x51, 0x21, 0x93, 0x29, 0xd3, 
	0x29, 0xd5, 0x29, 0xd3, 0x29, 0xd3, 0x31, 0xd3, 
	0x31, 0xd3, 0x29, 0x93, 0x29, 0x91, 0x31, 0xd3, 
	0x42, 0x57, 0x4a, 0x99, 0x52, 0xdb, 0x4a, 0x59, 
	0x42, 0x15, 0x31, 0xd3, 0x29, 0x51, 0x31, 0x93, 
	0x29, 0x91, 0x29, 0x91, 0x39, 0xd3, 0x29, 0x91, 
	0x21, 0x4f, 0x21, 0x4f, 0x21, 0x0f, 0x21, 0x4f, 
	0x21, 0x4f, 0x21, 0x0f, 0x21, 0x0f, 0x21, 0x4f, 
	0x29, 0x4f, 0x29, 0x4f, 0x29, 0x4f, 0x29, 0x51, 
	0x31, 0x91, 0x31, 0x91, 0x29, 0x91, 0x29, 0x91, 
	0x31, 0x93, 0x31, 0x93, 0x31, 0x91, 0x31, 0x51, 
	0x29, 0x51, 0x31, 0x91, 0x29, 0x4f, 0x31, 0x4f, 
	0x31, 0x4f, 0x29, 0x0f, 0x29, 0x4f, 0x31, 0x91, 
	0x31, 0x51, 0x29, 0x4f, 0x29, 0x0f, 0x29, 0x0d, 
	0x29, 0x4f, 0x29, 0x0d, 0x31, 0x4f, 0x31, 0x4f, 
	0x29, 0x0d, 0x29, 0x0d, 0x29, 0x0d, 0x29, 0x0d, 
	0x29, 0x4d, 0x29, 0x0d, 0x29, 0x0d, 0x29, 0x0d, 
	0x29, 0x0d, 0x29, 0x0d, 0x29, 0x0d, 0x29, 0x0b, 
	0x29, 0x0b, 0x31, 0x4f, 0x29, 0x0b, 0x28, 0xcb, 
	0x29, 0x0b, 0x29, 0x0b, 0x29, 0x0b, 0x28, 0xcb, 
	0x28, 0xcb, 0x28, 0xcb, 0x20, 0xcb, 0x28, 0xcb, 
	0x20, 0xcb, 0x20, 0xc9, 0x20, 0xc9, 0x28, 0xcb, 
	0x29, 0x0b, 0x29, 0x0b, 0x20, 0xc9, 0x20, 0xc9, 
	0x20, 0x89, 0x20, 0x89, 0x20, 0xc9, 0x20, 0xc9, 
	0x28, 0xcb, 0x20, 0x89, 0x20, 0xc9, 0x20, 0xc9, 
	0x20, 0xc9, 0x20, 0xc9, 0x20, 0x89, 0x20, 0xc9, 
	0x20, 0xc9, 0x20, 0x89, 0x20, 0xc9, 0x20, 0xc9, 
	0x28, 0xc9, 0x20, 0x89, 0x20, 0xc9, 0x20, 0x89, 
	0x20, 0xc9, 0x18, 0x89, 0x18, 0x89, 0x20, 0xc9, 
	0x20, 0x89, 0x20, 0x89, 0x20, 0x89, 0x20, 0x89, 
	0x19, 0x51, 0x19, 0x4f, 0x19, 0x51, 0x19, 0x51, 
	0x19, 0x51, 0x19, 0x51, 0x19, 0x51, 0x19, 0x51, 
	0x19, 0x51, 0x21, 0x51, 0x21, 0x93, 0x29, 0xd3, 
	0x29, 0xd5, 0x29, 0xd3, 0x32, 0x15, 0x4a, 0x99, 
	0x31, 0xd3, 0x31, 0xd3, 0x29, 0x91, 0x4a, 0x99, 
	0x42, 0x15, 0x4a, 0x57, 0x4a, 0x99, 0x39, 0xd3, 
	0x31, 0x91, 0x31, 0x93, 0x31, 0xd3, 0x31, 0x93, 
	0x21, 0x4f, 0x29, 0x51, 0x31, 0x93, 0x21, 0x4f, 
	0x21, 0x4f, 0x19, 0x0d, 0x19, 0x0d, 0x21, 0x4f, 
	0x21, 0x0d, 0x21, 0x4f, 0x21, 0x0f, 0x29, 0x4f, 
	0x29, 0x4f, 0x29, 0x4f, 0x29, 0x4f, 0x31, 0xd3, 
	0x31, 0xd3, 0x29, 0x4f, 0x29, 0x4f, 0x29, 0x51, 
	0x29, 0x51, 0x29, 0x91, 0x31, 0x91, 0x31, 0x91, 
	0x29, 0x4f, 0x29, 0x4f, 0x29, 0x4f, 0x29, 0x0d, 
	0x29, 0x4f, 0x29, 0x0f, 0x31, 0x4f, 0x31, 0x91, 
	0x31, 0x4f, 0x29, 0x4f, 0x29, 0x0d, 0x29, 0x0d, 
	0x29, 0x0d, 0x29, 0x0d, 0x29, 0x0d, 0x29, 0x4d, 
	0x39, 0x91, 0x29, 0x0d, 0x29, 0x0d, 0x29, 0x0d, 
	0x29, 0x0d, 0x29, 0x0d, 0x29, 0x0d, 0x29, 0x0d, 
	0x29, 0x0d, 0x21, 0x0b, 0x21, 0x0b, 0x29, 0x0d, 
	0x29, 0x0d, 0x28, 0xcb, 0x28, 0xcb, 0x28, 0xcb, 
	0x29, 0x0b, 0x20, 0xcb, 0x28, 0xcb, 0x28, 0xcb, 
	0x39, 0x8f, 0x28, 0xcb, 0x20, 0xc9, 0x20, 0xcb, 
	0x28, 0xcb, 0x20, 0xcb, 0x20, 0xc9, 0x20, 0xc9, 
	0x31, 0x0b, 0x20, 0xc9, 0x28, 0xc9, 0x20, 0xc9, 
	0x20, 0x87, 0x31, 0x0b, 0x20, 0xc9, 0x29, 0x0d, 
	0x28, 0xcb, 0x20, 0xc9, 0x20, 0xcb, 0x28, 0xcb, 
	0x28, 0xcb, 0x20, 0xcb, 0x20, 0x89, 0x20, 0x89, 
	0x20, 0x89, 0x20, 0xc9, 0x20, 0xc9, 0x20, 0xc9, 
	0x20, 0xc9, 0x20, 0xc9, 0x20, 0xc9, 0x20, 0xc9, 
	0x20, 0xcb, 0x20, 0x89, 0x18, 0x89, 0x18, 0x89, 
	0x20, 0x89, 0x20, 0xc9, 0x20, 0x89, 0x20, 0x89, 
	
};

Gfx rbtcm_AdvGgtDimInd01_ia8_aligner[] = {gsSPEndDisplayList()};
u8 rbtcm_AdvGgtDimInd01_ia8[] = {
	0xf6, 0xf9, 0xf8, 0xf5, 0xf4, 0xf4, 0xf4, 0xf4, 
	0xf6, 0xf3, 0xf3, 0xf6, 0xf3, 0xf3, 0xf5, 0xf3, 
	0xf6, 0xf5, 0xf4, 0xf3, 0xf3, 0xf4, 0xf7, 0xf9, 
	0xf7, 0xfa, 0xf8, 0xf3, 0xf4, 0xf3, 0xf4, 0xf6, 
	0xf6, 0xf8, 0xf8, 0xf8, 0xf6, 0xf4, 0xf3, 0xf3, 
	0xf5, 0xf3, 0xf3, 0xf5, 0xf3, 0xf4, 0xf4, 0xf3, 
	0xf6, 0xf6, 0xf3, 0xf2, 0xf2, 0xf3, 0xf7, 0xfb, 
	0xf7, 0xfa, 0xff, 0xf7, 0xf5, 0xf3, 0xf3, 0xf5, 
	0xf7, 0xf6, 0xf4, 0xf6, 0xf8, 0xf3, 0xf2, 0xf2, 
	0xf4, 0xf3, 0xf3, 0xf5, 0xf3, 0xf4, 0xf4, 0xf3, 
	0xf8, 0xf7, 0xf3, 0xf2, 0xf2, 0xf3, 0xf5, 0xfa, 
	0xf6, 0xf6, 0xfc, 0xf9, 0xf6, 0xf5, 0xf4, 0xf5, 
	0xf7, 0xf7, 0xf4, 0xf4, 0xf7, 0xf3, 0xf2, 0xf2, 
	0xf3, 0xf4, 0xf3, 0xf5, 0xf3, 0xf4, 0xf4, 0xf4, 
	0xf9, 0xf6, 0xf2, 0xf2, 0xf2, 0xf3, 0xf5, 0xf9, 
	0xf5, 0xf3, 0xf5, 0xf6, 0xf6, 0xf5, 0xf4, 0xf5, 
	0xf7, 0xf9, 0xf3, 0xf3, 0xf7, 0xf2, 0xf2, 0xf2, 
	0xf3, 0xf4, 0xf3, 0xf4, 0xf4, 0xf4, 0xf5, 0xf6, 
	0xf9, 0xf5, 0xf2, 0xf2, 0xf2, 0xf3, 0xf6, 0xf8, 
	0xf4, 0xf2, 0xf2, 0xf5, 0xf4, 0xf5, 0xf4, 0xf4, 
	0xf6, 0xf9, 0xf3, 0xf3, 0xf7, 0xf3, 0xf2, 0xf2, 
	0xf3, 0xf5, 0xf3, 0xf3, 0xf4, 0xf6, 0xf7, 0xf8, 
	0xf8, 0xf4, 0xf2, 0xf2, 0xf2, 0xf3, 0xf6, 0xf6, 
	0xf3, 0xf2, 0xf2, 0xf4, 0xf3, 0xf4, 0xf4, 0xf4, 
	0xf4, 0xf9, 0xf4, 0xf3, 0xf8, 0xf4, 0xf2, 0xf2, 
	0xf4, 0xf5, 0xf3, 0xf3, 0xf4, 0xf6, 0xf8, 0xf9, 
	0xf6, 0xf5, 0xf2, 0xf2, 0xf2, 0xf3, 0xf4, 0xf5, 
	0xf4, 0xf2, 0xf2, 0xf3, 0xf4, 0xf3, 0xf4, 0xf4, 
	0xf4, 0xf7, 0xf5, 0xf4, 0xf8, 0xf8, 0xf3, 0xf3, 
	0xf4, 0xf7, 0xf4, 0xf4, 0xf4, 0xf5, 0xf8, 0xf9, 
	0xf7, 0xf6, 0xf2, 0xf2, 0xf2, 0xf3, 0xf4, 0xf4, 
	0xf4, 0xf2, 0xf2, 0xf2, 0xf4, 0xf3, 0xf4, 0xf4, 
	0xf3, 0xf6, 0xf5, 0xf4, 0xf5, 0xf9, 0xf5, 0xf3, 
	0xf3, 0xf6, 0xf5, 0xf4, 0xf5, 0xf5, 0xfa, 0xfa, 
	0xfa, 0xf5, 0xf2, 0xf2, 0xf2, 0xf3, 0xf4, 0xf3, 
	0xf4, 0xf2, 0xf2, 0xf2, 0xf3, 0xf5, 0xf5, 0xf4, 
	0xf3, 0xf6, 0xf4, 0xf3, 0xf4, 0xf6, 0xf5, 0xf3, 
	0xf2, 0xf3, 0xf5, 0xf3, 0xf5, 0xf8, 0xfc, 0xfa, 
	0xf7, 0xf4, 0xf3, 0xf2, 0xf3, 0xf3, 0xf3, 0xf3, 
	0xf3, 0xf3, 0xf2, 0xf2, 0xf3, 0xf6, 0xf5, 0xf4, 
	0xf3, 0xf7, 0xf6, 0xf3, 0xf4, 0xf7, 0xf6, 0xf3, 
	0xf2, 0xf3, 0xf4, 0xf3, 0xf4, 0xfb, 0xfc, 0xf7, 
	0xf5, 0xf5, 0xf5, 0xf5, 0xf4, 0xf3, 0xf3, 0xf3, 
	0xf3, 0xf3, 0xf2, 0xf2, 0xf2, 0xf6, 0xf5, 0xf3, 
	0xf6, 0xf7, 0xf6, 0xf4, 0xf5, 0xf7, 0xf8, 0xf4, 
	0xf2, 0xf3, 0xf4, 0xf3, 0xf3, 0xfa, 0xfa, 0xf4, 
	0xf3, 0xf3, 0xf3, 0xf4, 0xf5, 0xf3, 0xf3, 0xf3, 
	0xf3, 0xf3, 0xf2, 0xf2, 0xf2, 0xf6, 0xf4, 0xf3, 
	0xf8, 0xf6, 0xf4, 0xf4, 0xf4, 0xf5, 0xf7, 0xf6, 
	0xf3, 0xf3, 0xf4, 0xf3, 0xf3, 0xfa, 0xf8, 0xf4, 
	0xf4, 0xf4, 0xf3, 0xf3, 0xf3, 0xf4, 0xf3, 0xf3, 
	0xf3, 0xf3, 0xf2, 0xf2, 0xf2, 0xf6, 0xf4, 0xf5, 
	0xfa, 0xf5, 0xf3, 0xf4, 0xf4, 0xf4, 0xf5, 0xf7, 
	0xf3, 0xf3, 0xf5, 0xf3, 0xf4, 0xfa, 0xf8, 0xf3, 
	0xf4, 0xf4, 0xf4, 0xf3, 0xf3, 0xf4, 0xf3, 0xf3, 
	0xf3, 0xf3, 0xf3, 0xf2, 0xf2, 0xf6, 0xf5, 0xf9, 
	0xfc, 0xf5, 0xf3, 0xf3, 0xf3, 0xf4, 0xf4, 0xf7, 
	0xf4, 0xf4, 0xf6, 0xf4, 0xf6, 0xfb, 0xf7, 0xf3, 
	0xf2, 0xf2, 0xf3, 0xf3, 0xf3, 0xf4, 0xf4, 0xf3, 
	0xf3, 0xf3, 0xf3, 0xf2, 0xf2, 0xf7, 0xf7, 0xfa, 
	0xfd, 0xf4, 0xf3, 0xf3, 0xf3, 0xf3, 0xf4, 0xf5, 
	0xf9, 0xf9, 0xf9, 0xf6, 0xf9, 0xfd, 0xf7, 0xf3, 
	0xf2, 0xf2, 0xf2, 0xf2, 0xf3, 0xf3, 0xf6, 0xf4, 
	0xf4, 0xf3, 0xf3, 0xf2, 0xf3, 0xf7, 0xf8, 0xfb, 
	0xfd, 0xf5, 0xf3, 0xf3, 0xf3, 0xf4, 0xf4, 0xf3, 
	0xf7, 0xfc, 0xfc, 0xfc, 0xfd, 0xfe, 0xf8, 0xf2, 
	0xf2, 0xf2, 0xf2, 0xf2, 0xf3, 0xf3, 0xf7, 0xf8, 
	0xf8, 0xf6, 0xf3, 0xf2, 0xf3, 0xf5, 0xf7, 0xfb, 
	0xfd, 0xf6, 0xf3, 0xf3, 0xf3, 0xf4, 0xf4, 0xf3, 
	0xf4, 0xf9, 0xfb, 0xfe, 0xfe, 0xfe, 0xfa, 0xf3, 
	0xf2, 0xf2, 0xf2, 0xf2, 0xf3, 0xf6, 0xfb, 0xff, 
	0xfe, 0xfa, 0xf5, 0xf3, 0xf5, 0xf3, 0xf4, 0xfb, 
	0xfd, 0xf6, 0xf3, 0xf3, 0xf3, 0xf4, 0xf4, 0xf3, 
	0xf3, 0xf6, 0xf8, 0xfb, 0xfc, 0xfe, 0xfb, 0xf3, 
	0xf2, 0xf2, 0xf2, 0xf2, 0xf5, 0xf6, 0xfb, 0xfc, 
	0xfc, 0xfc, 0xfa, 0xf5, 0xf5, 0xf3, 0xf3, 0xfa, 
	0xfb, 0xf5, 0xf3, 0xf3, 0xf3, 0xf3, 0xf4, 0xf3, 
	0xf3, 0xf5, 0xf8, 0xf7, 0xf8, 0xfd, 0xfd, 0xf4, 
	0xf2, 0xf2, 0xf2, 0xf5, 0xf6, 0xf4, 0xf6, 0xf8, 
	0xf7, 0xf7, 0xfb, 0xfa, 0xf5, 0xf3, 0xf4, 0xfb, 
	0xf6, 0xf3, 0xf3, 0xf3, 0xf3, 0xf3, 0xf4, 0xf3, 
	0xf3, 0xf5, 0xf6, 0xf5, 0xf4, 0xfc, 0xfd, 0xf7, 
	0xf3, 0xf2, 0xf4, 0xf6, 0xf3, 0xf3, 0xf4, 0xf6, 
	0xf7, 0xf5, 0xf6, 0xfc, 0xf5, 0xf3, 0xf7, 0xfd, 
	0xf3, 0xf3, 0xf3, 0xf3, 0xf3, 0xf3, 0xf4, 0xf3, 
	0xf4, 0xf5, 0xf5, 0xf4, 0xf3, 0xf9, 0xfd, 0xfb, 
	0xf7, 0xf4, 0xf5, 0xf3, 0xf3, 0xf3, 0xf3, 0xf3, 
	0xf6, 0xf5, 0xf4, 0xfa, 0xf8, 0xf4, 0xfb, 0xf8, 
	0xf3, 0xf3, 0xf3, 0xf3, 0xf3, 0xf4, 0xf4, 0xf4, 
	0xf5, 0xf5, 0xf5, 0xf4, 0xf3, 0xf5, 0xfc, 0xfc, 
	0xfa, 0xf6, 0xf3, 0xf3, 0xf3, 0xf3, 0xf2, 0xf2, 
	0xf4, 0xf5, 0xf4, 0xf9, 0xfb, 0xf9, 0xf9, 0xf3, 
	0xf4, 0xf3, 0xf3, 0xf3, 0xf3, 0xf4, 0xf6, 0xf6, 
	0xf4, 0xf4, 0xf4, 0xf3, 0xf3, 0xf3, 0xf9, 0xf9, 
	0xf9, 0xf5, 0xf3, 0xf3, 0xf3, 0xf2, 0xf2, 0xf2, 
	0xf3, 0xf5, 0xf4, 0xf9, 0xfb, 0xf7, 0xf5, 0xf3, 
	0xf9, 0xf9, 0xf5, 0xf4, 0xf6, 0xf9, 0xfb, 0xf7, 
	0xf3, 0xf4, 0xf4, 0xf4, 0xf3, 0xf3, 0xf7, 0xf6, 
	0xf8, 0xf5, 0xf3, 0xf3, 0xf2, 0xf2, 0xf2, 0xf2, 
	0xf3, 0xf5, 0xf5, 0xfb, 0xfa, 0xf3, 0xf4, 0xf6, 
	0xf8, 0xfb, 0xfc, 0xfa, 0xfa, 0xfb, 0xfb, 0xf9, 
	0xf4, 0xf3, 0xf3, 0xf4, 0xf3, 0xf3, 0xf6, 0xf5, 
	0xf6, 0xf5, 0xf3, 0xf3, 0xf2, 0xf2, 0xf2, 0xf2, 
	0xf3, 0xf6, 0xf9, 0xfc, 0xf6, 0xf3, 0xf5, 0xf7, 
	0xf4, 0xf5, 0xf8, 0xf9, 0xf7, 0xf5, 0xf9, 0xfa, 
	0xf5, 0xf3, 0xf3, 0xf3, 0xf4, 0xf5, 0xf5, 0xf5, 
	0xf5, 0xf6, 0xf3, 0xf3, 0xf2, 0xf2, 0xf2, 0xf2, 
	0xf3, 0xf9, 0xfd, 0xfc, 0xf5, 0xf3, 0xf8, 0xf6, 
	0xf3, 0xf3, 0xf4, 0xf8, 0xf5, 0xf4, 0xf8, 0xfb, 
	0xf8, 0xf6, 0xf5, 0xf5, 0xf7, 0xf8, 0xf6, 0xf5, 
	0xf6, 0xf6, 0xf3, 0xf3, 0xf3, 0xf3, 0xf3, 0xf2, 
	0xf5, 0xfd, 0xfd, 0xfc, 0xf5, 0xf5, 0xf8, 0xf4, 
	0xf3, 0xf3, 0xf3, 0xf7, 0xf5, 0xf4, 0xf6, 0xf9, 
	0xf7, 0xf8, 0xfa, 0xf9, 0xf9, 0xf7, 0xf5, 0xf4, 
	0xf6, 0xf6, 0xf3, 0xf3, 0xf3, 0xf3, 0xf3, 0xf3, 
	0xfa, 0xfd, 0xfd, 0xfc, 0xf6, 0xf4, 0xf6, 0xf4, 
	0xf3, 0xf3, 0xf3, 0xf7, 0xf7, 0xf5, 0xf7, 0xf7, 
	0xf4, 0xf4, 0xf6, 0xfa, 0xf7, 0xf4, 0xf4, 0xf4, 
	0xf5, 0xf6, 0xf2, 0xf2, 0xf3, 0xf3, 0xf4, 0xf5, 
	0xfc, 0xfa, 0xfa, 0xfb, 0xf4, 0xf3, 0xf4, 0xf5, 
	0xf3, 0xf3, 0xf6, 0xfa, 0xfb, 0xf7, 0xf8, 0xf6, 
	0xf3, 0xf3, 0xf3, 0xf6, 0xf7, 0xf4, 0xf3, 0xf3, 
	0xf4, 0xf5, 0xf2, 0xf2, 0xf2, 0xf3, 0xf4, 0xf7, 
	0xfa, 0xf5, 0xf7, 0xf9, 0xf3, 0xf2, 0xf3, 0xf5, 
	0xf4, 0xf6, 0xf8, 0xfd, 0xfe, 0xfa, 0xf8, 0xf5, 
	0xf3, 0xf2, 0xf3, 0xf5, 0xf8, 0xf4, 0xf3, 0xf4, 
	0xf4, 0xf4, 0xf3, 0xf2, 0xf3, 0xf4, 0xf5, 0xf5, 
	0xf7, 0xf3, 0xf6, 0xf8, 0xf3, 0xf3, 0xf2, 0xf4, 
	0xf5, 0xf5, 0xf7, 0xfb, 0xfe, 0xfc, 0xf8, 0xf5, 
	0xf4, 0xf4, 0xf4, 0xf6, 0xf9, 0xf6, 0xf4, 0xf4, 
	0xf4, 0xf3, 0xf3, 0xf5, 0xf5, 0xf4, 0xf3, 0xf5, 
	0xf6, 0xf3, 0xf6, 0xf8, 0xf4, 0xf2, 0xf2, 0xf3, 
	0xf5, 0xf6, 0xf7, 0xf6, 0xf9, 0xfc, 0xf8, 0xf5, 
	0xf8, 0xf9, 0xf8, 0xf8, 0xf7, 0xf6, 0xf8, 0xf5, 
	0xf3, 0xf2, 0xf3, 0xf4, 0xf3, 0xf3, 0xf2, 0xf7, 
	0xf5, 0xf3, 0xf7, 0xf8, 0xf5, 0xf4, 0xf3, 0xf4, 
	0xf5, 0xf6, 0xf5, 0xf4, 0xf5, 0xfa, 0xf8, 0xf6, 
	0xf7, 0xf8, 0xf9, 0xfa, 0xf5, 0xf3, 0xf5, 0xf3, 
	0xf2, 0xf2, 0xf2, 0xf2, 0xf2, 0xf2, 0xf3, 0xf9, 
	0xf5, 0xf3, 0xf7, 0xfa, 0xfb, 0xfa, 0xf6, 0xf5, 
	0xf4, 0xf5, 0xf4, 0xf3, 0xf4, 0xf9, 0xf8, 0xf6, 
	0xf3, 0xf4, 0xf6, 0xfa, 0xf6, 0xf3, 0xf2, 0xf2, 
	0xf2, 0xf2, 0xf2, 0xf2, 0xf2, 0xf2, 0xf7, 0xfb, 
	0xf4, 0xf3, 0xf9, 0xfd, 0xfc, 0xfb, 0xf7, 0xf5, 
	0xf4, 0xf4, 0xf3, 0xf4, 0xf5, 0xf9, 0xf8, 0xf4, 
	0xf3, 0xf3, 0xf4, 0xfa, 0xf6, 0xf2, 0xf2, 0xf2, 
	0xf2, 0xf2, 0xf2, 0xf2, 0xf2, 0xf3, 0xfa, 0xfb, 
	0xf3, 0xf4, 0xfc, 0xfa, 0xf8, 0xf9, 0xf6, 0xf6, 
	0xf6, 0xf4, 0xf5, 0xf5, 0xf7, 0xf9, 0xf6, 0xf4, 
	0xf3, 0xf3, 0xf4, 0xf8, 0xf4, 0xf2, 0xf3, 0xf3, 
	0xf2, 0xf2, 0xf3, 0xf2, 0xf2, 0xf3, 0xfb, 0xfc, 
	0xf4, 0xf8, 0xf9, 0xf7, 0xf9, 0xf8, 0xf7, 0xf8, 
	0xf8, 0xf6, 0xf6, 0xf8, 0xfa, 0xf8, 0xf5, 0xf4, 
	0xf3, 0xf3, 0xf5, 0xf4, 0xf2, 0xf2, 0xf4, 0xf4, 
	0xf2, 0xf2, 0xf3, 0xf2, 0xf2, 0xf3, 0xfb, 0xfd, 
	0xf7, 0xf5, 0xf4, 0xf4, 0xf7, 0xfa, 0xf9, 0xfb, 
	0xf9, 0xf7, 0xf7, 0xfb, 0xfb, 0xf6, 0xf5, 0xf4, 
	0xf3, 0xf3, 0xf5, 0xf3, 0xf2, 0xf3, 0xf3, 0xf3, 
	0xf3, 0xf2, 0xf3, 0xf2, 0xf2, 0xf3, 0xfa, 0xfd, 
	0xf7, 0xf5, 0xf3, 0xf3, 0xf3, 0xf8, 0xf9, 0xfa, 
	0xf8, 0xf8, 0xf8, 0xfc, 0xf8, 0xf5, 0xf5, 0xf3, 
	0xf4, 0xf5, 0xf4, 0xf2, 0xf3, 0xf3, 0xf3, 0xf3, 
	0xf3, 0xf3, 0xf3, 0xf3, 0xf2, 0xf3, 0xfb, 0xfd, 
	0xf9, 0xf8, 0xf3, 0xf3, 0xf3, 0xf3, 0xf4, 0xf7, 
	0xf7, 0xf8, 0xf7, 0xfd, 0xf7, 0xf5, 0xf4, 0xf5, 
	0xf6, 0xf6, 0xf3, 0xf3, 0xf4, 0xf4, 0xf3, 0xf3, 
	0xf3, 0xf3, 0xf3, 0xf3, 0xf2, 0xf4, 0xfd, 0xfd, 
	0xfc, 0xf9, 0xf4, 0xf3, 0xf3, 0xf3, 0xf4, 0xf5, 
	0xf6, 0xf8, 0xf6, 0xfe, 0xf6, 0xf5, 0xf5, 0xf5, 
	0xf5, 0xf4, 0xf3, 0xf4, 0xf5, 0xf5, 0xf3, 0xf3, 
	0xf3, 0xf3, 0xf3, 0xf3, 0xf2, 0xf6, 0xfd, 0xfe, 
	0xfc, 0xf8, 0xf5, 0xf5, 0xf6, 0xf6, 0xf6, 0xf6, 
	0xf5, 0xf8, 0xf6, 0xfe, 0xf6, 0xf6, 0xf5, 0xf4, 
	0xf3, 0xf3, 0xf4, 0xf5, 0xf6, 0xf4, 0xf3, 0xf3, 
	0xf4, 0xf3, 0xf3, 0xf3, 0xf2, 0xf7, 0xfd, 0xfe, 
	0xfd, 0xfa, 0xf7, 0xf7, 0xf6, 0xf5, 0xf4, 0xf4, 
	0xf6, 0xf8, 0xf5, 0xfd, 0xf8, 0xf8, 0xf5, 0xf5, 
	0xf6, 0xf5, 0xf6, 0xf5, 0xf4, 0xf5, 0xf4, 0xf4, 
	0xf4, 0xf4, 0xf3, 0xf3, 0xf3, 0xf7, 0xfd, 0xfe, 
	0xfd, 0xfb, 0xf9, 0xf7, 0xf5, 0xf3, 0xf3, 0xf3, 
	0xf5, 0xf7, 0xf4, 0xfb, 0xfa, 0xf8, 0xf9, 0xfa, 
	0xfa, 0xf6, 0xf4, 0xf3, 0xf4, 0xf5, 0xf4, 0xf3, 
	0xf5, 0xf5, 0xf5, 0xf4, 0xf5, 0xf7, 0xfd, 0xfe, 
	0xfc, 0xfa, 0xf7, 0xf4, 0xf3, 0xf2, 0xf2, 0xf3, 
	0xf4, 0xf7, 0xf3, 0xfa, 0xfc, 0xf9, 0xfb, 0xfa, 
	0xf7, 0xf4, 0xf3, 0xf3, 0xf3, 0xf4, 0xf4, 0xf4, 
	0xf5, 0xf6, 0xf6, 0xf5, 0xf5, 0xf8, 0xfe, 0xfd, 
	0xf9, 0xf5, 0xf3, 0xf3, 0xf2, 0xf2, 0xf2, 0xf4, 
	0xf4, 0xf6, 0xf3, 0xf9, 0xfd, 0xfb, 0xf8, 0xf6, 
	0xf5, 0xf3, 0xf3, 0xf3, 0xf3, 0xf4, 0xf4, 0xf4, 
	0xf4, 0xf3, 0xf4, 0xf4, 0xf5, 0xf9, 0xfe, 0xfa, 
	0xf5, 0xf3, 0xf3, 0xf3, 0xf2, 0xf2, 0xf3, 0xf4, 
	0xf5, 0xf6, 0xf3, 0xf8, 0xfc, 0xfb, 0xf7, 0xf5, 
	0xf4, 0xf3, 0xf3, 0xf3, 0xf3, 0xf3, 0xf5, 0xf4, 
	0xf4, 0xf3, 0xf3, 0xf4, 0xf7, 0xf8, 0xfe, 0xf8, 
	0xf5, 0xf3, 0xf3, 0xf3, 0xf2, 0xf5, 0xf8, 0xf7, 
	0xf7, 0xf6, 0xf3, 0xf8, 0xfd, 0xfb, 0xf7, 0xf5, 
	0xf5, 0xf3, 0xf3, 0xf3, 0xf3, 0xf3, 0xf4, 0xf3, 
	0xf3, 0xf3, 0xf4, 0xf6, 0xfa, 0xf8, 0xfd, 0xfa, 
	0xf5, 0xf4, 0xf4, 0xf3, 0xf4, 0xf9, 0xf7, 0xf8, 
	0xf8, 0xf6, 0xf4, 0xf9, 0xfd, 0xfb, 0xf7, 0xf5, 
	0xf5, 0xf3, 0xf3, 0xf3, 0xf3, 0xf4, 0xf4, 0xf3, 
	0xf2, 0xf3, 0xf5, 0xfc, 0xfd, 0xfb, 0xfc, 0xfc, 
	0xf5, 0xf6, 0xf6, 0xf6, 0xf6, 0xf8, 0xf6, 0xf6, 
	0xf9, 0xf7, 0xf6, 0xfb, 0xfd, 0xfc, 0xf8, 0xf5, 
	0xf4, 0xf4, 0xf3, 0xf3, 0xf4, 0xf4, 0xf3, 0xf3, 
	0xf2, 0xf3, 0xf9, 0xff, 0xfd, 0xf9, 0xf7, 0xfd, 
	0xf7, 0xf5, 0xf8, 0xf9, 0xf6, 0xf7, 0xf6, 0xf5, 
	0xf7, 0xf8, 0xfb, 0xfd, 0xfc, 0xfb, 0xfa, 0xf8, 
	0xf7, 0xf7, 0xf5, 0xf4, 0xf4, 0xf3, 0xf3, 0xf3, 
	0xf4, 0xf8, 0xfb, 0xff, 0xf9, 0xf4, 0xf4, 0xfb, 
	0xfa, 0xf5, 0xf5, 0xf8, 0xf8, 0xf6, 0xf5, 0xf5, 
	0xf6, 0xfb, 0xfe, 0xfa, 0xf6, 0xf7, 0xfa, 0xfd, 
	0xfb, 0xf9, 0xfa, 0xfa, 0xf9, 0xf6, 0xf4, 0xf4, 
	0xf9, 0xfa, 0xfb, 0xfb, 0xf4, 0xf3, 0xf3, 0xf8, 
	0xfa, 0xf7, 0xf5, 0xf6, 0xf7, 0xf7, 0xf5, 0xf5, 
	0xf6, 0xfd, 0xfd, 0xf7, 0xf4, 0xf5, 0xf8, 0xfe, 
	0xfd, 0xfb, 0xfb, 0xfc, 0xfb, 0xfb, 0xf8, 0xf7, 
	0xf8, 0xf9, 0xfb, 0xf7, 0xf3, 0xf3, 0xf3, 0xf6, 
	0xf7, 0xf8, 0xf6, 0xf6, 0xf5, 0xf7, 0xf6, 0xf5, 
	0xf8, 0xfd, 0xfc, 0xf4, 0xf4, 0xf4, 0xf6, 0xfd, 
	0xfd, 0xfa, 0xfa, 0xfb, 0xfc, 0xfd, 0xfa, 0xf7, 
	0xf6, 0xfc, 0xfc, 0xf4, 0xf3, 0xf3, 0xf3, 0xf4, 
	0xf4, 0xf6, 0xf5, 0xf5, 0xf5, 0xf6, 0xf7, 0xf5, 
	0xfb, 0xfd, 0xfa, 0xf4, 0xf3, 0xf3, 0xf5, 0xfb, 
	0xfa, 0xf9, 0xf8, 0xfa, 0xfd, 0xfd, 0xfc, 0xf6, 
	0xf7, 0xfb, 0xfb, 0xf4, 0xf3, 0xf3, 0xf3, 0xf3, 
	0xf5, 0xf4, 0xf5, 0xf4, 0xf6, 0xf6, 0xf8, 0xf7, 
	0xfc, 0xfd, 0xf8, 0xf4, 0xf3, 0xf3, 0xf5, 0xf8, 
	0xf7, 0xf8, 0xf8, 0xfb, 0xfc, 0xfd, 0xfe, 0xf9, 
	0xf9, 0xfa, 0xfb, 0xf6, 0xf3, 0xf3, 0xf4, 0xf3, 
	0xf5, 0xf4, 0xf5, 0xf4, 0xf7, 0xf7, 0xf8, 0xfa, 
	0xfc, 0xfc, 0xf7, 0xf4, 0xf3, 0xf3, 0xf4, 0xf6, 
	0xf6, 0xf6, 0xf8, 0xf7, 0xf7, 0xfb, 0xfd, 0xfe, 
	0xfb, 0xf8, 0xfa, 0xf9, 0xf3, 0xf3, 0xf6, 0xf4, 
	0xf4, 0xf4, 0xf4, 0xf4, 0xf5, 0xf6, 0xf8, 0xfb, 
	0xfb, 0xfb, 0xf6, 0xf4, 0xf3, 0xf3, 0xf4, 0xf6, 
	0xf5, 0xf3, 0xf4, 0xf4, 0xf5, 0xf9, 0xfb, 0xfd, 
	0xfd, 0xf9, 0xf8, 0xf9, 0xf3, 0xf2, 0xf5, 0xf6, 
	0xf5, 0xf5, 0xf3, 0xf5, 0xf6, 0xf5, 0xf7, 0xfb, 
	0xfa, 0xfa, 0xf5, 0xf3, 0xf3, 0xf3, 0xf4, 0xf8, 
	0xf4, 0xf3, 0xf4, 0xf3, 0xf4, 0xf7, 0xf9, 0xfd, 
	0xfc, 0xf7, 0xf6, 0xf7, 0xf5, 0xf2, 0xf4, 0xf5, 
	0xf5, 0xf6, 0xf3, 0xf4, 0xf8, 0xf9, 0xf8, 0xfa, 
	0xf8, 0xf6, 0xf5, 0xf3, 0xf3, 0xf3, 0xf5, 0xf8, 
	0xf3, 0xf3, 0xf5, 0xf5, 0xf4, 0xf5, 0xf6, 0xfc, 
	0xfb, 0xf5, 0xf5, 0xf7, 0xf5, 0xf3, 0xf4, 0xf4, 
	0xf5, 0xf6, 0xf3, 0xf3, 0xf5, 0xfa, 0xfb, 0xfa, 
	0xf6, 0xf5, 0xf6, 0xf4, 0xf3, 0xf3, 0xf4, 0xf8, 
	0xf3, 0xf3, 0xf3, 0xf7, 0xf4, 0xf3, 0xf4, 0xf7, 
	0xf9, 0xf5, 0xf5, 0xf5, 0xf4, 0xf3, 0xf4, 0xf4, 
	0xf5, 0xf6, 0xf3, 0xf3, 0xf4, 0xf6, 0xf6, 0xf7, 
	0xf6, 0xf7, 0xf6, 0xf5, 0xf4, 0xf4, 0xf4, 0xf7, 
	0xf4, 0xf3, 0xf3, 0xf6, 0xf3, 0xf3, 0xf5, 0xf5, 
	0xf7, 0xf5, 0xf5, 0xf3, 0xf3, 0xf4, 0xf6, 0xf5, 
	0xf5, 0xf7, 0xf3, 0xf3, 0xf3, 0xf4, 0xf4, 0xf6, 
	
};

Gfx rbtcm_Red_hot_Resevoir_2_rgba16_aligner[] = {gsSPEndDisplayList()};
u8 rbtcm_Red_hot_Resevoir_2_rgba16[] = {
	0x71, 0x41, 0xa1, 0x81, 0x89, 0x01, 0xca, 0x81, 
	0xea, 0x43, 0xe1, 0xc1, 0xea, 0x03, 0xe1, 0xc1, 
	0xe1, 0x01, 0xe1, 0x01, 0xd9, 0x41, 0xe1, 0x81, 
	0xe2, 0x01, 0xe2, 0x83, 0xe2, 0x01, 0xd9, 0xc1, 
	0xda, 0x01, 0xd9, 0xc1, 0xe2, 0x01, 0xe1, 0xc1, 
	0xea, 0x03, 0xba, 0x8d, 0x73, 0x9f, 0x39, 0xd1, 
	0x29, 0x8d, 0x39, 0xd1, 0x4a, 0x55, 0x63, 0x1d, 
	0x52, 0x97, 0x5a, 0xdb, 0x5b, 0x1b, 0x5b, 0x1b, 
	0x5b, 0x1b, 0x52, 0xd9, 0x29, 0x4d, 0x18, 0xc7, 
	0x10, 0x85, 0x08, 0x47, 0x10, 0x87, 0x10, 0x87, 
	0x10, 0x87, 0x10, 0x87, 0x10, 0x87, 0x10, 0x87, 
	0x28, 0xc7, 0x8a, 0x81, 0x8a, 0x81, 0x93, 0x05, 
	0xab, 0x89, 0xb3, 0xcb, 0xb3, 0xcb, 0xb3, 0x8b, 
	0xd1, 0xc1, 0xe1, 0xc1, 0xe2, 0x03, 0xea, 0x43, 
	0xe2, 0x03, 0xd9, 0x41, 0xe2, 0x03, 0xe4, 0x41, 
	0xba, 0x41, 0xfc, 0x81, 0x50, 0x41, 0x50, 0x41, 
	0x71, 0x41, 0xa1, 0x81, 0x89, 0x01, 0xca, 0x81, 
	0xf2, 0xc3, 0xd9, 0x81, 0xe1, 0x81, 0xe1, 0x81, 
	0xe1, 0x41, 0xe1, 0x41, 0xe1, 0x41, 0xe1, 0xc1, 
	0xe2, 0x01, 0xe2, 0x01, 0xea, 0x83, 0xe2, 0x01, 
	0xe2, 0x41, 0xe2, 0x01, 0xea, 0x43, 0xea, 0x43, 
	0xd1, 0x85, 0x83, 0x5d, 0x5b, 0x1b, 0x18, 0xc7, 
	0x94, 0xeb, 0x84, 0x65, 0x10, 0x85, 0x52, 0x99, 
	0x39, 0xd1, 0x4a, 0x57, 0x4a, 0x55, 0x5b, 0x1b, 
	0x5a, 0xdb, 0x31, 0x8d, 0x10, 0x87, 0x83, 0xe1, 
	0x41, 0xd1, 0x00, 0x03, 0x10, 0x87, 0x10, 0x87, 
	0x10, 0x87, 0x10, 0x87, 0x10, 0x89, 0x10, 0x89, 
	0x10, 0x89, 0x49, 0x87, 0x9b, 0x47, 0xb3, 0xcb, 
	0xb4, 0x0d, 0xb3, 0xcb, 0xb3, 0xcb, 0xca, 0x85, 
	0xe1, 0xc1, 0xe1, 0x81, 0xe1, 0xc1, 0xe1, 0x41, 
	0xe1, 0xc1, 0xe1, 0xc1, 0xe1, 0x81, 0xe4, 0x41, 
	0xba, 0x41, 0xfc, 0x81, 0x50, 0x41, 0x50, 0x41, 
	0x71, 0x41, 0xa1, 0x81, 0x89, 0x01, 0xc2, 0x41, 
	0xe2, 0x41, 0xe1, 0xc1, 0xe1, 0x81, 0xe1, 0xc1, 
	0xe2, 0x03, 0xe1, 0x81, 0xe1, 0x81, 0xe2, 0x01, 
	0xe2, 0x01, 0xe2, 0x41, 0xea, 0x83, 0xea, 0x41, 
	0xe2, 0x41, 0xe2, 0x41, 0xe2, 0x01, 0xea, 0x83, 
	0xaa, 0xd1, 0x6b, 0x5f, 0x31, 0x8f, 0x3a, 0x11, 
	0xbe, 0x33, 0x5a, 0xd9, 0x29, 0x4d, 0x18, 0xc9, 
	0x31, 0x8f, 0x39, 0xd3, 0x39, 0xd1, 0x52, 0x99, 
	0x21, 0x09, 0x00, 0x01, 0x4a, 0x53, 0xb5, 0x6d, 
	0x39, 0xd1, 0x00, 0x03, 0x10, 0x87, 0x10, 0x87, 
	0x10, 0x87, 0x10, 0x87, 0x10, 0x89, 0x21, 0x0b, 
	0x21, 0x0d, 0x21, 0x0d, 0x31, 0x49, 0x93, 0x4b, 
	0xb3, 0xcb, 0xb3, 0xcd, 0xc3, 0x89, 0xf3, 0x45, 
	0xf3, 0x03, 0xea, 0x83, 0xea, 0x03, 0xe1, 0x41, 
	0xe1, 0x41, 0xe1, 0xc1, 0xe1, 0xc1, 0xe4, 0x41, 
	0xba, 0x01, 0xfc, 0x41, 0x50, 0x41, 0x50, 0x41, 
	0x71, 0x41, 0xa1, 0x81, 0x89, 0x01, 0xc2, 0x41, 
	0xc9, 0xc1, 0xe1, 0xc1, 0xe2, 0x43, 0xea, 0x43, 
	0xea, 0x43, 0xea, 0x43, 0xe2, 0x41, 0xe2, 0x41, 
	0xe2, 0x01, 0xea, 0xc3, 0xf3, 0x45, 0xd1, 0xc1, 
	0xda, 0x01, 0xf3, 0x45, 0xf3, 0x03, 0xea, 0xc3, 
	0x8b, 0x5b, 0x5a, 0xdb, 0x21, 0x0b, 0x84, 0x65, 
	0xd6, 0xf9, 0x31, 0x8d, 0x42, 0x13, 0x00, 0x01, 
	0x10, 0x85, 0x39, 0xd1, 0x20, 0xc7, 0x21, 0x09, 
	0x00, 0x01, 0x00, 0x01, 0x84, 0x23, 0xb5, 0xaf, 
	0x31, 0x8d, 0x08, 0x43, 0x10, 0x87, 0x10, 0x87, 
	0x10, 0x87, 0x10, 0x87, 0x18, 0xc9, 0x29, 0x4f, 
	0x39, 0xd1, 0x31, 0xd1, 0x21, 0x4d, 0x18, 0xc9, 
	0x4a, 0x0d, 0x72, 0xd1, 0xba, 0xc9, 0xf3, 0x03, 
	0xea, 0x83, 0xe2, 0x01, 0xe2, 0x41, 0xe1, 0xc1, 
	0xe1, 0x81, 0xe1, 0xc1, 0xea, 0x43, 0xec, 0x81, 
	0xba, 0x41, 0xfc, 0x01, 0x50, 0x41, 0x50, 0x41, 
	0x71, 0x41, 0xa1, 0x81, 0x89, 0x01, 0xca, 0x81, 
	0xa9, 0x41, 0xe2, 0x41, 0xe2, 0x41, 0xe1, 0xc1, 
	0xe2, 0x01, 0xf3, 0x03, 0xea, 0x83, 0xe2, 0x01, 
	0xe2, 0x41, 0xf3, 0x45, 0xb1, 0x81, 0x88, 0xc1, 
	0x99, 0x01, 0xc1, 0xc1, 0xe2, 0xc3, 0xd2, 0xc7, 
	0x7b, 0x9f, 0x42, 0x15, 0x10, 0x87, 0x7b, 0xdf, 
	0xdf, 0x3b, 0x10, 0x85, 0x00, 0x01, 0x08, 0x45, 
	0x63, 0x1b, 0x29, 0x4b, 0x31, 0x8d, 0x73, 0x5b, 
	0x10, 0x85, 0x08, 0x43, 0xce, 0xb5, 0xbe, 0x33, 
	0x29, 0x4b, 0x08, 0x45, 0x10, 0x87, 0x10, 0x87, 
	0x10, 0x87, 0x10, 0x87, 0x18, 0xc9, 0x31, 0x91, 
	0x42, 0x15, 0x4a, 0x57, 0x39, 0xd3, 0x21, 0x0d, 
	0x21, 0x0d, 0x39, 0xd3, 0x82, 0x0f, 0xb9, 0x81, 
	0xc1, 0xc1, 0xeb, 0x03, 0xea, 0xc3, 0xe2, 0x41, 
	0xe2, 0x01, 0xea, 0x43, 0xe1, 0xc1, 0xec, 0x41, 
	0xba, 0x01, 0xfc, 0x01, 0x50, 0x41, 0x50, 0x41, 
	0x71, 0x41, 0xa1, 0x81, 0x89, 0x01, 0xca, 0x81, 
	0x91, 0x01, 0xea, 0xc3, 0xf3, 0x03, 0xe2, 0x01, 
	0xe2, 0x01, 0xe2, 0x41, 0xe2, 0x01, 0xe2, 0x01, 
	0xf3, 0x03, 0xeb, 0x45, 0x88, 0xc1, 0x90, 0xc1, 
	0x90, 0xc1, 0x88, 0xc1, 0x91, 0x01, 0x92, 0x0d, 
	0x6b, 0x5f, 0x29, 0x4f, 0x08, 0x45, 0x39, 0x0b, 
	0xd4, 0xe7, 0x29, 0x4b, 0x00, 0x01, 0x31, 0x8d, 
	0x7b, 0xe1, 0x5a, 0xdb, 0x63, 0x19, 0x18, 0xc7, 
	0x00, 0x01, 0x31, 0x8d, 0xdf, 0x39, 0x9d, 0x2b, 
	0x10, 0x87, 0x10, 0x87, 0x10, 0x87, 0x10, 0x87, 
	0x10, 0x87, 0x10, 0x87, 0x18, 0xcb, 0x39, 0xd1, 
	0x4a, 0x97, 0x5a, 0xd9, 0x4a, 0x97, 0x39, 0xd3, 
	0x29, 0x4f, 0x39, 0xd3, 0x52, 0x55, 0x81, 0x03, 
	0x88, 0xc1, 0xca, 0x43, 0xf3, 0x45, 0xea, 0xc3, 
	0xea, 0x83, 0xe2, 0x41, 0xd9, 0xc1, 0xec, 0x81, 
	0xba, 0x01, 0xfc, 0x01, 0x50, 0x41, 0x50, 0x41, 
	0x71, 0x41, 0xb1, 0xc1, 0x89, 0x01, 0xca, 0x81, 
	0x80, 0xc1, 0xca, 0x03, 0xfb, 0xc5, 0xf3, 0x03, 
	0xe2, 0x41, 0xe2, 0x01, 0xe2, 0x41, 0xeb, 0x03, 
	0xfc, 0x05, 0xca, 0x43, 0x80, 0xc1, 0xb1, 0x41, 
	0xc9, 0x41, 0xb9, 0x01, 0x99, 0x01, 0x82, 0x95, 
	0x63, 0x1d, 0x18, 0xcb, 0x08, 0x47, 0x08, 0x03, 
	0x81, 0x4b, 0x8a, 0x0f, 0x49, 0x8d, 0x82, 0xd9, 
	0x5a, 0xdb, 0x5a, 0xdb, 0x7b, 0x5d, 0x00, 0x01, 
	0x00, 0x01, 0x83, 0x9d, 0xcc, 0xa5, 0x39, 0x4b, 
	0x08, 0x45, 0x10, 0x87, 0x10, 0x87, 0x10, 0x87, 
	0x10, 0x87, 0x10, 0x87, 0x18, 0xcb, 0x39, 0xd3, 
	0x52, 0x99, 0x5a, 0xdb, 0x5a, 0xd9, 0x42, 0x55, 
	0x31, 0x91, 0x39, 0xd3, 0x4a, 0x55, 0x71, 0x47, 
	0x80, 0xc1, 0x91, 0x01, 0xeb, 0x03, 0xf3, 0x43, 
	0xe2, 0x01, 0xe2, 0x41, 0xea, 0x83, 0xec, 0x81, 
	0xba, 0x41, 0xfc, 0x01, 0x50, 0x41, 0x50, 0x41, 
	0x71, 0x41, 0xa1, 0x81, 0x89, 0x01, 0xca, 0x81, 
	0x80, 0xc1, 0x88, 0xc1, 0xda, 0x43, 0xfb, 0x85, 
	0xf3, 0x85, 0xeb, 0x03, 0xfb, 0x85, 0xfb, 0xc5, 
	0xe2, 0xc3, 0x91, 0x01, 0x88, 0xc1, 0xc9, 0x41, 
	0xd9, 0x41, 0xd1, 0x41, 0xd1, 0x41, 0x93, 0x19, 
	0x52, 0x99, 0x10, 0x89, 0x10, 0x87, 0x10, 0x47, 
	0x10, 0x43, 0x40, 0xc5, 0x51, 0x09, 0x5a, 0x13, 
	0x4a, 0x57, 0x4a, 0x57, 0x62, 0x55, 0x71, 0xcf, 
	0x69, 0x8d, 0xaa, 0x53, 0x40, 0xc7, 0x10, 0x43, 
	0x10, 0x87, 0x10, 0x87, 0x10, 0x87, 0x10, 0x87, 
	0x10, 0x87, 0x10, 0x87, 0x21, 0x0b, 0x42, 0x13, 
	0x5a, 0xd9, 0x5b, 0x1b, 0x5a, 0xdb, 0x4a, 0x57, 
	0x39, 0xd3, 0x39, 0xd3, 0x4a, 0x57, 0x71, 0x8b, 
	0x91, 0x01, 0x80, 0xc1, 0xc1, 0xc1, 0xf3, 0x45, 
	0xf3, 0x03, 0xe2, 0x41, 0xe2, 0x41, 0xec, 0xc1, 
	0xba, 0x01, 0xfc, 0x01, 0x50, 0x41, 0x50, 0x41, 
	0x71, 0x41, 0xa1, 0x81, 0x89, 0x01, 0xca, 0x81, 
	0x99, 0x01, 0x80, 0xc1, 0x91, 0x01, 0xc1, 0xc1, 
	0xe2, 0x83, 0xf3, 0x45, 0xeb, 0x45, 0xca, 0x01, 
	0x99, 0x01, 0x80, 0xc1, 0xa1, 0x01, 0xd1, 0x41, 
	0xd9, 0x81, 0xd9, 0x81, 0xd9, 0x83, 0x93, 0x9d, 
	0x42, 0x15, 0x10, 0x87, 0x10, 0x87, 0x10, 0x87, 
	0x10, 0x87, 0x10, 0x85, 0x18, 0xc9, 0x21, 0x4d, 
	0x29, 0x4f, 0x29, 0x4d, 0x21, 0x0b, 0x30, 0xc7, 
	0x40, 0xc7, 0x18, 0x43, 0x08, 0x43, 0x08, 0x47, 
	0x10, 0x87, 0x10, 0x87, 0x10, 0x87, 0x10, 0x87, 
	0x10, 0x87, 0x10, 0x87, 0x21, 0x0d, 0x42, 0x15, 
	0x5a, 0xdb, 0x5b, 0x1b, 0x5a, 0xdb, 0x52, 0x99, 
	0x39, 0xd3, 0x39, 0xd3, 0x4a, 0x57, 0x79, 0xcb, 
	0xa1, 0x41, 0x88, 0xc1, 0x88, 0xc1, 0xd2, 0x01, 
	0xf3, 0x45, 0xf3, 0x85, 0xf3, 0x43, 0xec, 0x81, 
	0xba, 0x01, 0xfc, 0x01, 0x50, 0x41, 0x50, 0x41, 
	0x71, 0x41, 0xa1, 0x81, 0x89, 0x01, 0xc2, 0x41, 
	0xd3, 0x09, 0xa1, 0x43, 0x78, 0xc3, 0x61, 0x49, 
	0x49, 0xcf, 0x69, 0x47, 0x89, 0x01, 0x88, 0xc1, 
	0x88, 0xc1, 0x99, 0x01, 0xb9, 0x81, 0xd9, 0x81, 
	0xe1, 0xc1, 0xe2, 0x03, 0xea, 0xc5, 0x93, 0x9f, 
	0x39, 0xd3, 0x10, 0x89, 0x10, 0x87, 0x10, 0x87, 
	0x10, 0x87, 0x10, 0x87, 0x10, 0x87, 0x10, 0x87, 
	0x10, 0x89, 0x10, 0x87, 0x10, 0x87, 0x10, 0x45, 
	0x08, 0x45, 0x08, 0x45, 0x10, 0x87, 0x10, 0x87, 
	0x10, 0x87, 0x10, 0x87, 0x10, 0x87, 0x10, 0x87, 
	0x10, 0x87, 0x10, 0x89, 0x29, 0x4d, 0x4a, 0x55, 
	0x6a, 0x97, 0x5b, 0x1b, 0x5a, 0xdb, 0x52, 0x99, 
	0x39, 0xd3, 0x31, 0x91, 0x4a, 0x57, 0x89, 0xcd, 
	0xb9, 0x41, 0xa9, 0x41, 0x88, 0xc1, 0x88, 0xc1, 
	0xb1, 0x81, 0xe2, 0xc3, 0xf3, 0x45, 0xec, 0x81, 
	0xba, 0x41, 0xfc, 0x01, 0x50, 0x41, 0x50, 0x41, 
	0x71, 0x41, 0xa1, 0x81, 0x89, 0x01, 0xca, 0x81, 
	0xba, 0x0d, 0x71, 0xcf, 0x3a, 0x13, 0x3a, 0x13, 
	0x32, 0x15, 0x31, 0xd3, 0x51, 0x4b, 0x91, 0x01, 
	0xa9, 0x01, 0xc9, 0x81, 0xd1, 0xc1, 0xd1, 0x81, 
	0xe2, 0xc7, 0xe1, 0x81, 0xd1, 0x85, 0x8b, 0xe1, 
	0x31, 0x91, 0x10, 0x89, 0x10, 0x87, 0x10, 0x87, 
	0x10, 0x87, 0x10, 0x87, 0x10, 0x87, 0x10, 0x87, 
	0x10, 0x87, 0x10, 0x87, 0x10, 0x87, 0x10, 0x87, 
	0x10, 0x87, 0x10, 0x87, 0x10, 0x87, 0x10, 0x87, 
	0x10, 0x87, 0x10, 0x87, 0x10, 0x87, 0x10, 0x87, 
	0x10, 0x87, 0x10, 0x89, 0x29, 0x4f, 0x52, 0x57, 
	0x6a, 0x97, 0x5a, 0xdb, 0x5a, 0xdb, 0x4a, 0x57, 
	0x29, 0x4f, 0x31, 0x91, 0x4a, 0x57, 0x92, 0x4d, 
	0xd9, 0xc1, 0xc9, 0x41, 0xb1, 0x01, 0x80, 0xc1, 
	0x88, 0xc1, 0x91, 0x01, 0xa1, 0x41, 0xe4, 0x41, 
	0xba, 0x41, 0xfc, 0x01, 0x50, 0x41, 0x50, 0x41, 
	0x71, 0x41, 0xa1, 0x81, 0x80, 0xc1, 0xc2, 0x41, 
	0x41, 0xd3, 0x52, 0x11, 0x79, 0xcb, 0xa9, 0x85, 
	0x51, 0xcf, 0x39, 0xd3, 0x49, 0x8d, 0x51, 0x8d, 
	0xc9, 0x41, 0xd9, 0x81, 0xa3, 0x87, 0x85, 0x13, 
	0x96, 0x1f, 0xb5, 0x1d, 0xc3, 0x95, 0x8c, 0x23, 
	0x31, 0x91, 0x10, 0x89, 0x10, 0x87, 0x10, 0x87, 
	0x10, 0x87, 0x10, 0x87, 0x10, 0x87, 0x10, 0x87, 
	0x10, 0x87, 0x10, 0x87, 0x10, 0x87, 0x10, 0x87, 
	0x10, 0x87, 0x10, 0x87, 0x10, 0x87, 0x10, 0x87, 
	0x10, 0x87, 0x10, 0x87, 0x10, 0x87, 0x10, 0x87, 
	0x10, 0x87, 0x10, 0xc9, 0x31, 0x91, 0x52, 0x99, 
	0x5a, 0xdb, 0x5a, 0xdb, 0x52, 0x99, 0x39, 0xd3, 
	0x21, 0x0d, 0x31, 0x91, 0x4a, 0x57, 0x92, 0x0d, 
	0xe2, 0x03, 0xe2, 0x43, 0xd1, 0x83, 0xa9, 0x01, 
	0x88, 0xc1, 0x88, 0xc1, 0x80, 0xc1, 0xe4, 0x41, 
	0xba, 0x01, 0xfb, 0xc1, 0x50, 0x41, 0x50, 0x41, 
	0x71, 0x41, 0xa1, 0x81, 0x80, 0xc1, 0xca, 0x81, 
	0xd2, 0x85, 0xd2, 0x43, 0xb1, 0xc7, 0xd9, 0x41, 
	0x71, 0x8d, 0x39, 0xd3, 0x91, 0x47, 0x39, 0x8f, 
	0x61, 0x8b, 0x9a, 0xc5, 0x34, 0x4b, 0x3c, 0x4d, 
	0x5d, 0x17, 0x86, 0x21, 0x9e, 0xa5, 0x9e, 0x25, 
	0x53, 0x19, 0x10, 0x89, 0x10, 0x87, 0x10, 0x87, 
	0x10, 0x87, 0x10, 0x87, 0x10, 0x87, 0x10, 0x87, 
	0x10, 0x87, 0x10, 0x87, 0x10, 0x87, 0x10, 0x87, 
	0x10, 0x87, 0x10, 0x87, 0x10, 0x87, 0x10, 0x87, 
	0x10, 0x87, 0x10, 0x87, 0x10, 0x87, 0x10, 0x87, 
	0x10, 0x87, 0x18, 0xcb, 0x39, 0xd3, 0x52, 0x99, 
	0x5a, 0xdb, 0x5a, 0xd9, 0x4a, 0x57, 0x29, 0x4f, 
	0x18, 0xcb, 0x31, 0x91, 0x4a, 0x57, 0x92, 0x0f, 
	0xe2, 0x43, 0xe2, 0xc9, 0xe3, 0x8b, 0xc1, 0x41, 
	0xa9, 0x41, 0x91, 0x01, 0x91, 0x01, 0xdb, 0xc1, 
	0xba, 0x01, 0xfc, 0x41, 0x50, 0x41, 0x50, 0x41, 
	0x71, 0x41, 0xa1, 0x81, 0x80, 0xc1, 0xc2, 0x81, 
	0xc2, 0x87, 0xda, 0x85, 0xa2, 0x49, 0xb9, 0x85, 
	0x71, 0xcd, 0x39, 0xd3, 0xc2, 0x05, 0x81, 0x89, 
	0x31, 0xcf, 0x2a, 0xc7, 0x12, 0x85, 0x1a, 0x85, 
	0x22, 0xc7, 0x43, 0xcf, 0x6d, 0x99, 0x7e, 0x1d, 
	0x75, 0xdd, 0x32, 0x4f, 0x10, 0x89, 0x10, 0x87, 
	0x10, 0x87, 0x10, 0x87, 0x10, 0x87, 0x10, 0x87, 
	0x10, 0x87, 0x10, 0x87, 0x10, 0x87, 0x10, 0x87, 
	0x10, 0x87, 0x10, 0x87, 0x10, 0x87, 0x10, 0x87, 
	0x10, 0x87, 0x10, 0x87, 0x10, 0x87, 0x10, 0x87, 
	0x10, 0x87, 0x21, 0x0b, 0x42, 0x15, 0x5a, 0xd9, 
	0x5a, 0xdb, 0x4a, 0x57, 0x31, 0x91, 0x18, 0xcb, 
	0x21, 0x0b, 0x39, 0xd1, 0x4a, 0x57, 0xa2, 0x4d, 
	0xe1, 0xc3, 0xc1, 0xcb, 0xd2, 0x49, 0xc9, 0x41, 
	0xb9, 0x41, 0xa9, 0x41, 0xa9, 0x41, 0xc2, 0xc1, 
	0xba, 0x01, 0xfc, 0x41, 0x50, 0x41, 0x50, 0x41, 
	0x71, 0x41, 0xa1, 0x81, 0x89, 0x01, 0xc2, 0x81, 
	0x8a, 0x0b, 0xaa, 0x09, 0xda, 0x85, 0xb2, 0x89, 
	0x89, 0xcb, 0x31, 0xd3, 0x82, 0x09, 0x99, 0x85, 
	0x59, 0xc7, 0x12, 0x03, 0x09, 0xc3, 0x11, 0xc3, 
	0x12, 0x03, 0x12, 0x03, 0x22, 0x47, 0x44, 0x8f, 
	0x4d, 0x93, 0x45, 0x11, 0x2a, 0x4d, 0x18, 0xcb, 
	0x10, 0x89, 0x10, 0x89, 0x10, 0x87, 0x10, 0x87, 
	0x10, 0x87, 0x10, 0x87, 0x10, 0x87, 0x10, 0x87, 
	0x10, 0x87, 0x10, 0x87, 0x10, 0x87, 0x10, 0x87, 
	0x10, 0x87, 0x10, 0x87, 0x10, 0x87, 0x10, 0x87, 
	0x10, 0x89, 0x29, 0x4f, 0x4a, 0x57, 0x5a, 0xd9, 
	0x52, 0x99, 0x39, 0xd3, 0x19, 0x0b, 0x18, 0xc9, 
	0x21, 0x0d, 0x39, 0xd3, 0x52, 0x99, 0xb2, 0x8b, 
	0xd9, 0x41, 0xd1, 0x85, 0xd9, 0xc3, 0xd1, 0x81, 
	0xc1, 0x41, 0xc1, 0x81, 0xc9, 0xc1, 0xa1, 0xc1, 
	0xba, 0x01, 0xfb, 0xc1, 0x50, 0x41, 0x50, 0x41, 
	0x71, 0x41, 0xb1, 0xc1, 0x78, 0xc1, 0xc2, 0x41, 
	0xca, 0x05, 0xa2, 0x49, 0xa2, 0x09, 0xa1, 0xc9, 
	0x71, 0xcd, 0x31, 0xd1, 0x49, 0x8b, 0xb9, 0xc5, 
	0x41, 0xc5, 0x11, 0xc3, 0x72, 0xc7, 0x83, 0x09, 
	0x19, 0xc3, 0x09, 0x83, 0x09, 0x43, 0x1a, 0x45, 
	0x3d, 0x0d, 0x45, 0x4f, 0x3c, 0x4d, 0x31, 0xcf, 
	0x21, 0x0d, 0x18, 0xcb, 0x10, 0x89, 0x10, 0x89, 
	0x10, 0x87, 0x10, 0x87, 0x10, 0x87, 0x10, 0x87, 
	0x10, 0x87, 0x10, 0x87, 0x10, 0x87, 0x10, 0x87, 
	0x10, 0x87, 0x10, 0x87, 0x10, 0x87, 0x10, 0x87, 
	0x21, 0x0b, 0x42, 0x13, 0x52, 0x99, 0x52, 0x99, 
	0x42, 0x13, 0x21, 0x0d, 0x10, 0x89, 0x18, 0xcb, 
	0x29, 0x4f, 0x42, 0x15, 0x5a, 0x97, 0xc9, 0xc7, 
	0xe1, 0xc1, 0xe1, 0xc3, 0xe2, 0x03, 0xe2, 0x83, 
	0xd1, 0x81, 0xda, 0x83, 0xe2, 0x43, 0x99, 0x41, 
	0xba, 0x01, 0xfc, 0x41, 0x50, 0x41, 0x50, 0x41, 
	0x71, 0x41, 0xa1, 0x81, 0x80, 0xc1, 0xc2, 0x41, 
	0xba, 0x87, 0xaa, 0x09, 0xba, 0x07, 0xd2, 0x45, 
	0x91, 0xc9, 0x31, 0x8f, 0x41, 0x4b, 0x79, 0x89, 
	0x59, 0xc5, 0x41, 0xc5, 0xf4, 0x8f, 0xfd, 0x51, 
	0x72, 0x47, 0x09, 0x83, 0x09, 0x43, 0x09, 0x43, 
	0x1a, 0xc7, 0x3d, 0x4f, 0x3c, 0x8d, 0x3b, 0x4d, 
	0x39, 0xd3, 0x29, 0x4f, 0x21, 0x0d, 0x18, 0xcb, 
	0x10, 0xc9, 0x10, 0x89, 0x10, 0x89, 0x10, 0x87, 
	0x10, 0x87, 0x10, 0x87, 0x10, 0x87, 0x10, 0x87, 
	0x10, 0x87, 0x10, 0x87, 0x10, 0x87, 0x10, 0x89, 
	0x29, 0x4f, 0x42, 0x15, 0x4a, 0x57, 0x42, 0x13, 
	0x29, 0x4f, 0x18, 0xc9, 0x18, 0xc9, 0x21, 0x0d, 
	0x31, 0x91, 0x4a, 0x57, 0x7a, 0x53, 0xe1, 0xc3, 
	0xe1, 0xc3, 0xd9, 0x41, 0xd9, 0x41, 0xd9, 0xc1, 
	0xe2, 0x43, 0xda, 0x01, 0xea, 0x83, 0x99, 0x41, 
	0xba, 0x41, 0xfc, 0x01, 0x50, 0x41, 0x50, 0x41, 
	0x71, 0x41, 0xb1, 0xc1, 0x78, 0xc1, 0xc2, 0x81, 
	0xb2, 0x47, 0x91, 0xc7, 0x81, 0xc9, 0xa2, 0x8b, 
	0xa2, 0x49, 0x21, 0x4f, 0x79, 0x47, 0xb1, 0x85, 
	0x71, 0xc3, 0x41, 0x85, 0xdb, 0x4b, 0xf4, 0x0f, 
	0x72, 0x07, 0x09, 0x43, 0x09, 0x43, 0x09, 0x43, 
	0x11, 0x43, 0x2b, 0x89, 0x3c, 0x8d, 0x33, 0x89, 
	0x42, 0xcf, 0x42, 0x15, 0x31, 0x91, 0x29, 0x4f, 
	0x21, 0x0d, 0x21, 0x0b, 0x18, 0xcb, 0x18, 0xc9, 
	0x18, 0xc9, 0x10, 0xc9, 0x10, 0x89, 0x10, 0x89, 
	0x10, 0x89, 0x10, 0x87, 0x10, 0x87, 0x10, 0x89, 
	0x21, 0x4d, 0x39, 0xd3, 0x39, 0xd3, 0x31, 0x91, 
	0x29, 0x4f, 0x21, 0x0d, 0x21, 0x0d, 0x29, 0x4d, 
	0x42, 0x15, 0x52, 0x99, 0xb1, 0xc9, 0xe1, 0x81, 
	0xe1, 0x41, 0xd9, 0x41, 0xd9, 0x81, 0xe1, 0xc1, 
	0xeb, 0x03, 0xea, 0x83, 0xea, 0xc3, 0x99, 0x41, 
	0xba, 0x01, 0xfc, 0x81, 0x50, 0x41, 0x50, 0x41, 
	0x71, 0x41, 0xb1, 0xc1, 0x78, 0xc1, 0xc2, 0x41, 
	0x91, 0xc9, 0x69, 0x89, 0x89, 0x43, 0xa2, 0x07, 
	0xdb, 0x45, 0x21, 0x4d, 0x51, 0x49, 0xc1, 0x43, 
	0x71, 0x85, 0x11, 0x83, 0x49, 0x85, 0x71, 0x85, 
	0x21, 0x43, 0x09, 0x43, 0x09, 0x43, 0x09, 0x43, 
	0x11, 0x43, 0x11, 0xc5, 0x33, 0xc9, 0x33, 0x89, 
	0x33, 0x09, 0x4a, 0xd3, 0x4a, 0x57, 0x42, 0x13, 
	0x31, 0xd1, 0x31, 0x8f, 0x29, 0x4d, 0x21, 0x4d, 
	0x21, 0x4d, 0x29, 0x4d, 0x29, 0x4f, 0x29, 0x4f, 
	0x29, 0x4f, 0x21, 0x0d, 0x18, 0xcb, 0x21, 0x0d, 
	0x29, 0x4f, 0x31, 0x91, 0x31, 0x93, 0x31, 0x91, 
	0x31, 0x91, 0x31, 0x91, 0x31, 0x91, 0x39, 0xd3, 
	0x4a, 0x57, 0x7a, 0x95, 0xe2, 0x03, 0xea, 0x83, 
	0xe1, 0xc1, 0xd9, 0x81, 0xe2, 0x01, 0xea, 0x83, 
	0xe2, 0x41, 0xe2, 0x01, 0xea, 0x83, 0x91, 0x41, 
	0xba, 0x41, 0xfc, 0xc1, 0x50, 0x41, 0x50, 0x41, 
	0x71, 0x41, 0xb1, 0xc1, 0x78, 0xc1, 0xc2, 0x41, 
	0x69, 0xcb, 0x51, 0x8b, 0x49, 0x4b, 0x39, 0x4b, 
	0x31, 0x4d, 0x21, 0x0d, 0x21, 0x0d, 0x39, 0x4b, 
	0x39, 0x4b, 0x11, 0x45, 0x09, 0x43, 0x09, 0x43, 
	0x09, 0x43, 0x09, 0x43, 0x09, 0x43, 0x11, 0x43, 
	0x11, 0x43, 0x11, 0x43, 0x22, 0x47, 0x43, 0x09, 
	0x93, 0x4b, 0x53, 0x0b, 0x52, 0xd9, 0x52, 0xdb, 
	0x4a, 0x97, 0x42, 0x15, 0x3a, 0x13, 0x39, 0xd3, 
	0x39, 0xd3, 0x42, 0x15, 0x42, 0x55, 0x4a, 0x57, 
	0x4a, 0x57, 0x39, 0xd3, 0x31, 0x91, 0x31, 0x91, 
	0x31, 0x93, 0x31, 0xd3, 0x39, 0xd3, 0x39, 0xd3, 
	0x39, 0xd3, 0x39, 0xd3, 0x3a, 0x15, 0x4a, 0x57, 
	0x5a, 0x99, 0xba, 0x09, 0xe2, 0x01, 0xea, 0x83, 
	0xe2, 0x01, 0xea, 0x43, 0xea, 0x83, 0xe2, 0x41, 
	0xe2, 0x01, 0xe2, 0x01, 0xca, 0x03, 0x91, 0x41, 
	0xc2, 0x41, 0xfc, 0xc1, 0x50, 0x41, 0x50, 0x41, 
	0x71, 0x41, 0xb1, 0xc1, 0x78, 0xc1, 0xba, 0x41, 
	0x51, 0x8b, 0x59, 0x49, 0x59, 0x47, 0x61, 0x07, 
	0x71, 0x45, 0x31, 0x4b, 0x29, 0x4d, 0xdb, 0x45, 
	0xe3, 0x05, 0x8a, 0x03, 0x09, 0x43, 0x09, 0x43, 
	0x09, 0x43, 0x09, 0x43, 0x09, 0x43, 0x11, 0x43, 
	0x11, 0x43, 0x11, 0x43, 0x11, 0x83, 0x42, 0x49, 
	0xa2, 0x4b, 0x42, 0x89, 0x4a, 0xd3, 0x63, 0x1d, 
	0x63, 0x1d, 0x5a, 0xdb, 0x5a, 0xd9, 0x52, 0x99, 
	0x52, 0x99, 0x52, 0xd9, 0x5a, 0xd9, 0x52, 0x99, 
	0x4a, 0x57, 0x39, 0xd5, 0x39, 0xd3, 0x31, 0xd3, 
	0x31, 0x93, 0x39, 0xd3, 0x39, 0xd3, 0x39, 0xd3, 
	0x39, 0xd3, 0x42, 0x15, 0x4a, 0x57, 0x52, 0x99, 
	0x9a, 0x4f, 0xe2, 0x01, 0xea, 0x83, 0xe2, 0x01, 
	0xe1, 0xc1, 0xe2, 0x41, 0xea, 0x83, 0xea, 0xc3, 
	0xe2, 0x83, 0x89, 0xc9, 0x4a, 0x13, 0x91, 0x41, 
	0xc2, 0x41, 0xfc, 0xc1, 0x50, 0x41, 0x50, 0x41, 
	0x71, 0x41, 0xc2, 0x41, 0x70, 0x81, 0xba, 0x41, 
	0x99, 0x41, 0x91, 0x01, 0x91, 0x01, 0x91, 0x01, 
	0x91, 0x01, 0x39, 0x4b, 0x21, 0x4d, 0xeb, 0x45, 
	0xfc, 0x05, 0xf3, 0xc5, 0x39, 0xc3, 0x11, 0x43, 
	0x11, 0x43, 0x11, 0x43, 0x11, 0x43, 0x11, 0x43, 
	0x11, 0x43, 0x11, 0x83, 0x11, 0x83, 0x22, 0x05, 
	0x32, 0x87, 0x32, 0x87, 0x3a, 0x8b, 0x5a, 0xdb, 
	0x63, 0x1b, 0x63, 0x1b, 0x5b, 0x1b, 0x5a, 0xdb, 
	0x5a, 0xdb, 0x5a, 0xdb, 0x52, 0x99, 0x4a, 0x57, 
	0x3a, 0x15, 0x39, 0xd3, 0x39, 0xd3, 0x39, 0xd3, 
	0x39, 0xd3, 0x39, 0xd3, 0x39, 0xd3, 0x39, 0xd5, 
	0x42, 0x15, 0x4a, 0x57, 0x4a, 0x99, 0x6a, 0x4d, 
	0xd9, 0xc1, 0xe2, 0x85, 0xe2, 0xc7, 0xe2, 0x01, 
	0xe2, 0x01, 0xe2, 0x83, 0xeb, 0x03, 0xd3, 0x47, 
	0x5a, 0x11, 0x41, 0xd1, 0x69, 0xcd, 0x91, 0x41, 
	0xc2, 0x41, 0xfc, 0xc1, 0x50, 0x41, 0x50, 0x41, 
	0x71, 0x41, 0xc2, 0x41, 0x78, 0xc1, 0xc2, 0x81, 
	0x91, 0x01, 0x91, 0x01, 0x91, 0x01, 0x91, 0x01, 
	0x91, 0x01, 0x49, 0x09, 0x21, 0x0d, 0xb1, 0x83, 
	0xe2, 0x83, 0xea, 0xc3, 0x9a, 0x03, 0x11, 0x43, 
	0x11, 0x43, 0x11, 0x83, 0x11, 0x83, 0x11, 0x83, 
	0x11, 0x83, 0x11, 0xc3, 0x11, 0xc5, 0x1a, 0x05, 
	0x2a, 0x47, 0x32, 0x47, 0x32, 0x49, 0x42, 0x13, 
	0x4a, 0x57, 0x4a, 0x57, 0x4a, 0x57, 0x4a, 0x57, 
	0x4a, 0x57, 0x42, 0x15, 0x39, 0xd3, 0x39, 0xd3, 
	0x39, 0xd3, 0x39, 0xd3, 0x39, 0xd3, 0x39, 0xd3, 
	0x39, 0xd3, 0x39, 0xd5, 0x42, 0x15, 0x42, 0x17, 
	0x4a, 0x59, 0x52, 0x99, 0x3a, 0x89, 0x4a, 0xc7, 
	0xb1, 0x81, 0xda, 0xc9, 0xdb, 0x0b, 0xe2, 0x41, 
	0xe2, 0x41, 0xea, 0xc3, 0xb3, 0x0b, 0x42, 0x15, 
	0x51, 0xcf, 0x71, 0x49, 0x61, 0x8b, 0x91, 0x01, 
	0xc2, 0x41, 0xfc, 0xc1, 0x50, 0x41, 0x50, 0x41, 
	0x71, 0x41, 0xc2, 0x81, 0x68, 0x81, 0xb2, 0x01, 
	0x8a, 0x09, 0x89, 0x03, 0x91, 0x01, 0x91, 0x01, 
	0x91, 0x01, 0x51, 0x07, 0x19, 0x0d, 0x71, 0x05, 
	0x99, 0x01, 0xa1, 0x41, 0x99, 0x41, 0x31, 0x83, 
	0x11, 0xc3, 0x11, 0xc3, 0x11, 0xc5, 0x11, 0xc5, 
	0x11, 0xc5, 0x11, 0xc5, 0x1a, 0x05, 0x1a, 0x05, 
	0x22, 0x05, 0x32, 0x47, 0x32, 0x89, 0x42, 0x53, 
	0x39, 0xd3, 0x31, 0x91, 0x31, 0x91, 0x31, 0x91, 
	0x31, 0x91, 0x29, 0x4f, 0x31, 0x91, 0x39, 0xd3, 
	0x39, 0xd3, 0x39, 0xd3, 0x41, 0xd3, 0x61, 0xd1, 
	0x42, 0x15, 0x42, 0x15, 0x4a, 0x57, 0x4a, 0x99, 
	0x52, 0x93, 0x32, 0xc7, 0x2b, 0x49, 0x3b, 0xc9, 
	0x91, 0x41, 0xda, 0x43, 0xf3, 0x87, 0xfb, 0xc5, 
	0xf3, 0x45, 0xa3, 0x0d, 0x32, 0x17, 0x49, 0xd1, 
	0x69, 0x89, 0x79, 0x47, 0x59, 0x8d, 0x91, 0x01, 
	0xca, 0x81, 0xfd, 0x01, 0x50, 0x41, 0x50, 0x41, 
	0x71, 0x41, 0xca, 0x81, 0x68, 0x81, 0xba, 0x41, 
	0xca, 0x8d, 0x59, 0x4d, 0x61, 0x47, 0x89, 0x03, 
	0x91, 0x01, 0x51, 0x07, 0x21, 0x4d, 0x59, 0x07, 
	0x91, 0x01, 0x91, 0x01, 0x91, 0x01, 0x79, 0x41, 
	0x19, 0xc5, 0x12, 0x05, 0x12, 0x05, 0x1a, 0x05, 
	0x1a, 0x05, 0x1a, 0x05, 0x1a, 0x05, 0x1a, 0x05, 
	0x22, 0x05, 0x32, 0x87, 0x42, 0x89, 0x62, 0xd9, 
	0x5a, 0xdb, 0x52, 0x99, 0x42, 0x57, 0x42, 0x13, 
	0x39, 0xd3, 0x39, 0xd3, 0x42, 0x15, 0x42, 0x17, 
	0x42, 0x17, 0x42, 0x15, 0x42, 0x15, 0x4a, 0x57, 
	0x4a, 0x59, 0x4a, 0x99, 0x52, 0x97, 0x4a, 0xcb, 
	0x23, 0x07, 0x2b, 0x49, 0x33, 0xcb, 0x3b, 0xc9, 
	0x69, 0xc3, 0xa9, 0x41, 0xea, 0xc3, 0xf3, 0x03, 
	0xf3, 0x45, 0x62, 0x51, 0x49, 0xd1, 0x61, 0x8b, 
	0x49, 0xd1, 0x51, 0x8f, 0x59, 0x8d, 0x91, 0x01, 
	0xca, 0x81, 0xfd, 0x41, 0x50, 0x41, 0x50, 0x41, 
	0x71, 0x41, 0xdb, 0x01, 0x60, 0x41, 0xc2, 0x41, 
	0x59, 0x4d, 0x31, 0x4d, 0x29, 0x8f, 0x31, 0x4d, 
	0x59, 0x49, 0x51, 0x09, 0x21, 0x4d, 0x59, 0x07, 
	0x91, 0x01, 0x91, 0x01, 0x91, 0x01, 0x91, 0x01, 
	0x69, 0x83, 0x22, 0x05, 0x1a, 0x45, 0x2a, 0x05, 
	0x2a, 0x45, 0x1a, 0x45, 0x1a, 0x05, 0x1a, 0x05, 
	0x22, 0x45, 0x32, 0xc7, 0x6a, 0x05, 0x91, 0x43, 
	0x92, 0x51, 0x73, 0x1b, 0x63, 0x1d, 0x5a, 0xdd, 
	0x5a, 0xdb, 0x52, 0xdb, 0x52, 0x9b, 0x52, 0x99, 
	0x52, 0x99, 0x4a, 0x99, 0x52, 0x99, 0x52, 0x9b, 
	0x52, 0x97, 0x4a, 0xcd, 0x33, 0x07, 0x23, 0x47, 
	0x2b, 0x49, 0x33, 0xcb, 0x3c, 0x0b, 0x33, 0x49, 
	0x3a, 0x05, 0x91, 0x01, 0x99, 0x41, 0xb1, 0x41, 
	0xa1, 0x43, 0x31, 0xd3, 0x61, 0x49, 0x91, 0x01, 
	0x89, 0x03, 0x79, 0x47, 0x61, 0x8b, 0x78, 0xc1, 
	0xd2, 0x81, 0xfd, 0x01, 0x50, 0x41, 0x50, 0x41, 
	0x71, 0x41, 0xe3, 0x01, 0x58, 0x41, 0xc2, 0x41, 
	0x18, 0xc9, 0x21, 0x0b, 0x21, 0x0b, 0x21, 0x4d, 
	0x29, 0x4d, 0x29, 0x4d, 0x41, 0x4d, 0x51, 0x49, 
	0x91, 0x01, 0x91, 0x01, 0x91, 0x01, 0x91, 0x01, 
	0x91, 0x01, 0x79, 0x43, 0x21, 0xc9, 0x2a, 0x07, 
	0x3a, 0x07, 0x1a, 0x45, 0x1a, 0x05, 0x1a, 0x05, 
	0x3a, 0x45, 0x6a, 0x05, 0x91, 0x41, 0x91, 0x01, 
	0x99, 0x01, 0xc1, 0xc3, 0xdb, 0x89, 0xbb, 0x4f, 
	0x9a, 0xd1, 0x8a, 0xd5, 0x72, 0xd9, 0x72, 0x97, 
	0x72, 0x97, 0x7a, 0x95, 0x62, 0xcd, 0x43, 0x09, 
	0x2b, 0x47, 0x2b, 0x49, 0x2b, 0x89, 0x33, 0xc9, 
	0x34, 0x0b, 0x3c, 0x0b, 0x3b, 0xcb, 0x33, 0x09, 
	0x32, 0x05, 0x91, 0x01, 0x91, 0x01, 0x91, 0x01, 
	0x79, 0x05, 0x21, 0x4f, 0x59, 0x47, 0x91, 0x01, 
	0x91, 0x01, 0x91, 0x01, 0x91, 0x01, 0x91, 0x81, 
	0xd2, 0x81, 0xfd, 0x01, 0x50, 0x41, 0x50, 0x41, 
	0x71, 0x41, 0xca, 0x81, 0x50, 0x41, 0xba, 0x01, 
	0x91, 0x81, 0xb2, 0x81, 0xb2, 0x81, 0xc3, 0x41, 
	0xdc, 0x01, 0xc3, 0x41, 0xdb, 0xc1, 0xdb, 0xc1, 
	0xdb, 0xc1, 0xdb, 0xc1, 0xdb, 0xc1, 0xdb, 0xc1, 
	0xdb, 0xc1, 0xdb, 0xc1, 0xdb, 0xc1, 0xdb, 0xc1, 
	0xdb, 0xc1, 0xdb, 0xc1, 0xdb, 0xc1, 0xdb, 0xc1, 
	0xdb, 0xc1, 0xdb, 0xc1, 0xdb, 0xc1, 0xdb, 0xc1, 
	0xdb, 0xc1, 0xdb, 0xc1, 0xdb, 0xc1, 0xc3, 0x01, 
	0xdb, 0xc1, 0xdb, 0xc1, 0xdb, 0xc1, 0xdb, 0xc1, 
	0xdb, 0x81, 0xc3, 0x01, 0xc3, 0x01, 0xc3, 0x01, 
	0xc3, 0x01, 0xc2, 0xc1, 0xc2, 0xc1, 0xc2, 0xc1, 
	0xc2, 0xc1, 0xc2, 0xc1, 0xc2, 0xc1, 0xc2, 0xc1, 
	0xc2, 0xc1, 0xc2, 0xc1, 0xc2, 0xc1, 0xc2, 0xc1, 
	0xc2, 0xc1, 0xc2, 0xc1, 0xc2, 0xc1, 0xc2, 0xc1, 
	0xc2, 0xc1, 0xb2, 0x41, 0xb2, 0x01, 0xeb, 0x81, 
	0xeb, 0x81, 0xfd, 0xc1, 0x50, 0x41, 0x50, 0x41, 
	0x71, 0x41, 0xca, 0x81, 0x78, 0xc1, 0xd2, 0x81, 
	0xd3, 0x41, 0xc3, 0x01, 0xb2, 0x81, 0xb2, 0x41, 
	0xaa, 0x41, 0xaa, 0x01, 0xa1, 0xc1, 0xa9, 0xc1, 
	0xa1, 0xc1, 0xa1, 0xc1, 0xa1, 0xc1, 0xa1, 0xc1, 
	0xaa, 0x01, 0xa1, 0xc1, 0xa1, 0xc1, 0xaa, 0x01, 
	0xaa, 0x01, 0xa1, 0xc1, 0xaa, 0x01, 0xa1, 0xc1, 
	0xa1, 0xc1, 0xa1, 0xc1, 0xa1, 0xc1, 0xa1, 0xc1, 
	0xa1, 0xc1, 0xa1, 0xc1, 0xaa, 0x01, 0xa1, 0xc1, 
	0xa9, 0xc1, 0xa1, 0xc1, 0xa1, 0xc1, 0xa1, 0xc1, 
	0xa9, 0xc1, 0xa1, 0xc1, 0xa1, 0xc1, 0xa1, 0xc1, 
	0xa9, 0xc1, 0xa9, 0xc1, 0xa9, 0xc1, 0xa9, 0xc1, 
	0xa9, 0xc1, 0xa9, 0xc1, 0xa9, 0xc1, 0xa1, 0xc1, 
	0xa9, 0xc1, 0xa9, 0xc1, 0xa9, 0xc1, 0xaa, 0x01, 
	0xa1, 0xc1, 0xaa, 0x01, 0xaa, 0x01, 0xaa, 0x01, 
	0xba, 0x41, 0xc2, 0x81, 0xc2, 0xc1, 0xd3, 0x41, 
	0xba, 0x81, 0xff, 0x81, 0x50, 0x41, 0x50, 0x41, 
	0x71, 0x41, 0x78, 0xc1, 0xca, 0x81, 0xfe, 0x01, 
	0xff, 0x81, 0xff, 0xc1, 0xff, 0x41, 0xfe, 0x81, 
	0xfe, 0x41, 0xfd, 0xc1, 0xfd, 0x81, 0xfd, 0x81, 
	0xfd, 0x81, 0xfd, 0x01, 0xfc, 0xc1, 0xfd, 0x01, 
	0xf4, 0xc1, 0xf4, 0xc1, 0xf4, 0xc1, 0xec, 0x41, 
	0xf4, 0xc1, 0xec, 0x41, 0xec, 0x81, 0xfc, 0xc1, 
	0xec, 0x41, 0xf4, 0xc1, 0xec, 0x41, 0xf4, 0xc1, 
	0xec, 0x41, 0xec, 0x41, 0xec, 0x41, 0xfc, 0xc1, 
	0xfd, 0x01, 0xfd, 0x01, 0xec, 0x41, 0xfc, 0xc1, 
	0xfc, 0xc1, 0xfd, 0x01, 0xfc, 0xc1, 0xfc, 0xc1, 
	0xfd, 0x01, 0xfc, 0x81, 0xfd, 0x41, 0xfd, 0x41, 
	0xfc, 0x81, 0xfd, 0x41, 0xfd, 0x01, 0xfd, 0x41, 
	0xfd, 0x41, 0xfd, 0x41, 0xfd, 0x81, 0xfd, 0x41, 
	0xfd, 0x81, 0xfd, 0x41, 0xfd, 0x41, 0xfe, 0x01, 
	0xfe, 0x41, 0xfe, 0x41, 0xfe, 0x81, 0xff, 0x81, 
	0xff, 0xc1, 0xba, 0x81, 0x50, 0x41, 0x50, 0x41, 
	0x71, 0x41, 0x50, 0x41, 0x50, 0x41, 0x50, 0x41, 
	0x50, 0x41, 0x50, 0x41, 0x50, 0x41, 0x50, 0x41, 
	0x50, 0x41, 0x50, 0x41, 0x50, 0x41, 0x50, 0x41, 
	0x50, 0x41, 0x50, 0x41, 0x50, 0x41, 0x50, 0x41, 
	0x50, 0x41, 0x50, 0x41, 0x50, 0x41, 0x50, 0x41, 
	0x50, 0x41, 0x50, 0x41, 0x50, 0x41, 0x50, 0x41, 
	0x50, 0x41, 0x50, 0x41, 0x50, 0x41, 0x50, 0x41, 
	0x50, 0x41, 0x50, 0x41, 0x50, 0x41, 0x50, 0x41, 
	0x50, 0x41, 0x50, 0x41, 0x50, 0x41, 0x50, 0x41, 
	0x50, 0x41, 0x50, 0x41, 0x50, 0x41, 0x50, 0x41, 
	0x50, 0x41, 0x50, 0x41, 0x50, 0x41, 0x50, 0x41, 
	0x50, 0x41, 0x50, 0x41, 0x50, 0x41, 0x50, 0x41, 
	0x50, 0x41, 0x50, 0x41, 0x50, 0x41, 0x50, 0x41, 
	0x50, 0x41, 0x50, 0x41, 0x50, 0x41, 0x50, 0x41, 
	0x50, 0x41, 0x50, 0x41, 0x50, 0x41, 0x50, 0x41, 
	0x50, 0x41, 0x50, 0x41, 0x50, 0x41, 0x50, 0x41, 
	0x71, 0x41, 0x50, 0x41, 0x50, 0x41, 0x50, 0x41, 
	0x50, 0x41, 0x50, 0x41, 0x50, 0x41, 0x50, 0x41, 
	0x50, 0x41, 0x50, 0x41, 0x50, 0x41, 0x50, 0x41, 
	0x50, 0x41, 0x50, 0x41, 0x50, 0x41, 0x50, 0x41, 
	0x50, 0x41, 0x50, 0x41, 0x50, 0x41, 0x50, 0x41, 
	0x50, 0x41, 0x50, 0x41, 0x50, 0x41, 0x50, 0x41, 
	0x50, 0x41, 0x50, 0x41, 0x50, 0x41, 0x50, 0x41, 
	0x50, 0x41, 0x50, 0x41, 0x50, 0x41, 0x50, 0x41, 
	0x50, 0x41, 0x50, 0x41, 0x50, 0x41, 0x50, 0x41, 
	0x50, 0x41, 0x50, 0x41, 0x50, 0x41, 0x50, 0x41, 
	0x50, 0x41, 0x50, 0x41, 0x50, 0x41, 0x50, 0x41, 
	0x50, 0x41, 0x50, 0x41, 0x50, 0x41, 0x50, 0x41, 
	0x50, 0x41, 0x50, 0x41, 0x50, 0x41, 0x50, 0x41, 
	0x50, 0x41, 0x50, 0x41, 0x50, 0x41, 0x50, 0x41, 
	0x50, 0x41, 0x50, 0x41, 0x50, 0x41, 0x50, 0x41, 
	0x50, 0x41, 0x50, 0x41, 0x50, 0x41, 0x50, 0x41, 
	
};

Gfx rbtcm_Red_hot_Resevoir_1_rgba16_aligner[] = {gsSPEndDisplayList()};
u8 rbtcm_Red_hot_Resevoir_1_rgba16[] = {
	0x71, 0x41, 0x71, 0x41, 0x71, 0x41, 0x71, 0x41, 
	0x71, 0x41, 0x71, 0x41, 0x71, 0x41, 0x71, 0x41, 
	0x71, 0x41, 0x71, 0x41, 0x71, 0x41, 0x71, 0x41, 
	0x71, 0x41, 0x71, 0x41, 0x71, 0x41, 0x71, 0x41, 
	0x71, 0x41, 0x71, 0x41, 0x71, 0x41, 0x71, 0x41, 
	0x71, 0x41, 0x71, 0x41, 0x71, 0x41, 0x71, 0x41, 
	0x71, 0x41, 0x71, 0x41, 0x71, 0x41, 0x71, 0x41, 
	0x71, 0x41, 0x71, 0x41, 0x71, 0x41, 0x71, 0x41, 
	0x71, 0x41, 0x71, 0x41, 0x71, 0x41, 0x71, 0x41, 
	0x71, 0x41, 0x71, 0x41, 0x71, 0x41, 0x71, 0x41, 
	0x71, 0x41, 0x71, 0x41, 0x71, 0x41, 0x71, 0x41, 
	0x71, 0x41, 0x71, 0x41, 0x71, 0x41, 0x71, 0x41, 
	0x71, 0x41, 0x71, 0x41, 0x71, 0x41, 0x71, 0x41, 
	0x71, 0x41, 0x71, 0x41, 0x71, 0x41, 0x71, 0x41, 
	0x71, 0x41, 0x71, 0x41, 0x71, 0x41, 0x71, 0x41, 
	0x71, 0x41, 0x71, 0x41, 0x71, 0x41, 0x71, 0x41, 
	0x71, 0x41, 0x81, 0x01, 0xec, 0x41, 0xfe, 0xc1, 
	0xfd, 0x01, 0xfd, 0x41, 0xfd, 0x81, 0xfd, 0xc1, 
	0xfe, 0x41, 0xfe, 0x01, 0xfe, 0x01, 0xfe, 0x01, 
	0xfd, 0x41, 0xfd, 0x41, 0xfd, 0x41, 0xfd, 0x01, 
	0xfd, 0x01, 0xfd, 0x01, 0xfd, 0x01, 0xfd, 0x01, 
	0xfd, 0x01, 0xfd, 0x01, 0xfd, 0x01, 0xfd, 0x01, 
	0xfd, 0x01, 0xfd, 0x01, 0xfd, 0x01, 0xfc, 0xc1, 
	0xfc, 0xc1, 0xfc, 0xc1, 0xfc, 0xc1, 0xfc, 0xc1, 
	0xfc, 0xc1, 0xfc, 0xc1, 0xfc, 0xc1, 0xfc, 0xc1, 
	0xfc, 0xc1, 0xfc, 0xc1, 0xfc, 0x81, 0xfc, 0x81, 
	0xfc, 0x81, 0xfc, 0x81, 0xfc, 0x81, 0xfc, 0x81, 
	0xfc, 0x81, 0xfd, 0x41, 0xfc, 0x81, 0xfc, 0x81, 
	0xfc, 0x81, 0xfd, 0x41, 0xfd, 0x41, 0xfd, 0x81, 
	0xfe, 0x01, 0xfe, 0x01, 0xfd, 0x81, 0xfd, 0x01, 
	0xfd, 0x41, 0xfc, 0xc1, 0xfc, 0xc1, 0xfc, 0x01, 
	0xfc, 0x01, 0x81, 0x01, 0x50, 0x41, 0x50, 0x41, 
	0x71, 0x41, 0xec, 0x41, 0xc3, 0x81, 0x50, 0x41, 
	0x60, 0x41, 0x60, 0x41, 0x60, 0x41, 0x60, 0x41, 
	0x60, 0x41, 0x58, 0x41, 0x58, 0x41, 0x60, 0x81, 
	0x58, 0x41, 0x60, 0x81, 0x60, 0x81, 0x60, 0x81, 
	0x60, 0x81, 0x60, 0x81, 0x60, 0x41, 0x60, 0x41, 
	0x60, 0x41, 0x60, 0x81, 0x60, 0x81, 0x60, 0x81, 
	0x60, 0x41, 0x60, 0x41, 0x60, 0x41, 0x60, 0x41, 
	0x60, 0x41, 0x60, 0x41, 0x60, 0x41, 0x60, 0x41, 
	0x60, 0x41, 0x60, 0x41, 0x60, 0x41, 0x58, 0x41, 
	0x68, 0x81, 0x68, 0x81, 0x58, 0x41, 0x58, 0x41, 
	0x58, 0x41, 0x68, 0x81, 0x60, 0x81, 0x58, 0x41, 
	0x58, 0x41, 0x58, 0x41, 0x58, 0x41, 0x58, 0x41, 
	0x58, 0x41, 0x58, 0x41, 0x58, 0x41, 0x48, 0x01, 
	0x48, 0x01, 0x48, 0x01, 0x50, 0x41, 0x50, 0x01, 
	0x50, 0x01, 0x50, 0x01, 0x50, 0x01, 0x50, 0x41, 
	0x58, 0x41, 0xfb, 0xc1, 0x50, 0x41, 0x50, 0x41, 
	0x71, 0x41, 0xf3, 0xc1, 0x60, 0x41, 0x99, 0x41, 
	0x81, 0x01, 0x91, 0x81, 0xa1, 0xc1, 0xaa, 0x41, 
	0xaa, 0x01, 0xaa, 0x01, 0xb2, 0x41, 0xaa, 0x01, 
	0xaa, 0x01, 0xaa, 0x01, 0xa1, 0xc1, 0xa2, 0x01, 
	0xa2, 0x01, 0xa2, 0x01, 0xa2, 0x01, 0xa1, 0xc1, 
	0xa1, 0xc1, 0xa1, 0xc1, 0xa1, 0xc1, 0xa1, 0xc1, 
	0xa1, 0xc1, 0x99, 0x81, 0xa1, 0xc1, 0xa1, 0xc1, 
	0xa1, 0xc1, 0x99, 0xc1, 0x99, 0xc1, 0x91, 0x81, 
	0xa1, 0xc1, 0x99, 0xc1, 0x91, 0x41, 0x99, 0x81, 
	0x99, 0xc1, 0x91, 0x41, 0x99, 0x81, 0x99, 0x81, 
	0x99, 0x81, 0x91, 0x81, 0x99, 0x81, 0x91, 0x41, 
	0x91, 0x81, 0x99, 0x81, 0x89, 0x41, 0x91, 0x81, 
	0x91, 0x81, 0x99, 0x81, 0x91, 0x81, 0x91, 0x81, 
	0x91, 0x81, 0x99, 0xc1, 0xa1, 0xc1, 0x91, 0x41, 
	0x81, 0x01, 0x81, 0x41, 0x79, 0x01, 0x78, 0xc1, 
	0xba, 0x01, 0xfb, 0xc1, 0x50, 0x41, 0x50, 0x41, 
	0x71, 0x41, 0xeb, 0x41, 0x60, 0x41, 0xb2, 0x01, 
	0x68, 0x87, 0x68, 0x85, 0x60, 0x85, 0x60, 0x85, 
	0x58, 0x85, 0x58, 0x85, 0x58, 0x85, 0x58, 0x85, 
	0x50, 0x85, 0x50, 0x45, 0x50, 0x45, 0x50, 0x45, 
	0x50, 0x45, 0x50, 0x45, 0x50, 0x45, 0x50, 0x43, 
	0x50, 0x43, 0x50, 0x43, 0x50, 0x43, 0x50, 0x43, 
	0x50, 0x43, 0x50, 0x43, 0x50, 0x43, 0x50, 0x43, 
	0x50, 0x43, 0x50, 0x43, 0x50, 0x45, 0x50, 0x45, 
	0x50, 0x45, 0x50, 0x45, 0x50, 0x45, 0x50, 0x45, 
	0x50, 0x45, 0x50, 0x45, 0x58, 0x85, 0x58, 0x85, 
	0x58, 0x85, 0x58, 0x85, 0x58, 0x85, 0x58, 0x85, 
	0x58, 0x85, 0x58, 0x85, 0x58, 0x85, 0x58, 0x45, 
	0x58, 0x45, 0x60, 0x85, 0x60, 0x85, 0x60, 0x85, 
	0x68, 0x85, 0x68, 0x85, 0x68, 0x85, 0x68, 0x85, 
	0x68, 0x85, 0x68, 0x85, 0x68, 0x85, 0x60, 0x81, 
	0xeb, 0x81, 0xfc, 0xc1, 0x50, 0x41, 0x50, 0x41, 
	0x71, 0x41, 0xdb, 0x01, 0x78, 0xc1, 0xdb, 0x01, 
	0x70, 0x87, 0x68, 0x87, 0x68, 0x85, 0x68, 0x85, 
	0x60, 0x85, 0x60, 0x85, 0x58, 0x85, 0x58, 0x85, 
	0x58, 0x85, 0x58, 0x45, 0x50, 0x85, 0x50, 0x45, 
	0x50, 0x45, 0x50, 0x45, 0x50, 0x45, 0x50, 0x45, 
	0x50, 0x45, 0x50, 0x45, 0x50, 0x45, 0x50, 0x45, 
	0x50, 0x45, 0x50, 0x45, 0x50, 0x45, 0x50, 0x45, 
	0x50, 0x45, 0x50, 0x45, 0x50, 0x45, 0x50, 0x45, 
	0x50, 0x45, 0x50, 0x45, 0x58, 0x85, 0x58, 0x85, 
	0x58, 0x85, 0x58, 0x85, 0x58, 0x85, 0x58, 0x85, 
	0x58, 0x85, 0x58, 0x85, 0x58, 0x85, 0x58, 0x85, 
	0x58, 0x85, 0x58, 0x85, 0x60, 0x85, 0x60, 0x85, 
	0x60, 0x85, 0x60, 0x85, 0x68, 0x85, 0x68, 0x85, 
	0x68, 0x85, 0x68, 0x85, 0x68, 0x85, 0x68, 0x85, 
	0x68, 0x85, 0x68, 0x85, 0x68, 0x85, 0xb2, 0xc1, 
	0xca, 0xc1, 0xfd, 0x81, 0x50, 0x41, 0x50, 0x41, 
	0x71, 0x41, 0xca, 0x81, 0x80, 0xc1, 0xe3, 0x41, 
	0x70, 0xc7, 0x70, 0x87, 0x68, 0x87, 0x68, 0x87, 
	0x68, 0x85, 0x68, 0x85, 0x60, 0x85, 0x60, 0x85, 
	0x58, 0x85, 0x58, 0x85, 0x58, 0x85, 0x58, 0x85, 
	0x58, 0x85, 0x58, 0x45, 0x58, 0x85, 0x58, 0x85, 
	0x58, 0x45, 0x58, 0x85, 0x58, 0x85, 0x58, 0x85, 
	0x58, 0x85, 0x58, 0x85, 0x58, 0x85, 0x58, 0x85, 
	0x58, 0x85, 0x58, 0x45, 0x58, 0x85, 0x58, 0x85, 
	0x58, 0x85, 0x58, 0x85, 0x58, 0x85, 0x58, 0x85, 
	0x58, 0x85, 0x58, 0x85, 0x58, 0x85, 0x60, 0x85, 
	0x60, 0x85, 0x60, 0x85, 0x60, 0x85, 0x60, 0x85, 
	0x60, 0x85, 0x60, 0x85, 0x60, 0x85, 0x60, 0x85, 
	0x68, 0x85, 0x68, 0x85, 0x68, 0x85, 0x68, 0x85, 
	0x68, 0x87, 0x70, 0x87, 0x68, 0x87, 0x70, 0x85, 
	0x70, 0x85, 0x70, 0x85, 0x68, 0x85, 0xc3, 0x01, 
	0xc2, 0x81, 0xfd, 0x41, 0x50, 0x41, 0x50, 0x41, 
	0x71, 0x41, 0xca, 0x81, 0x89, 0x01, 0xeb, 0x81, 
	0x70, 0xc7, 0x70, 0xc7, 0x70, 0x87, 0x70, 0x87, 
	0x68, 0x87, 0x68, 0x87, 0x68, 0x87, 0x68, 0x85, 
	0x60, 0x85, 0x60, 0x85, 0x60, 0x85, 0x58, 0x85, 
	0x58, 0x85, 0x58, 0x85, 0x58, 0x85, 0x58, 0x85, 
	0x58, 0x85, 0x58, 0x85, 0x58, 0x85, 0x58, 0x85, 
	0x58, 0x85, 0x58, 0x85, 0x58, 0x85, 0x58, 0x85, 
	0x58, 0x85, 0x58, 0x85, 0x58, 0x85, 0x58, 0x85, 
	0x58, 0x85, 0x60, 0x85, 0x60, 0x85, 0x60, 0x85, 
	0x60, 0x85, 0x60, 0x85, 0x60, 0x85, 0x60, 0x85, 
	0x60, 0x85, 0x60, 0x85, 0x60, 0x85, 0x60, 0x85, 
	0x60, 0x85, 0x68, 0x85, 0x68, 0x85, 0x68, 0x85, 
	0x70, 0xc7, 0x9a, 0x4f, 0x70, 0xc5, 0x70, 0x87, 
	0x70, 0x87, 0x70, 0x87, 0x70, 0x87, 0x70, 0x87, 
	0x70, 0x87, 0x70, 0x87, 0x70, 0x87, 0xc3, 0x01, 
	0xc2, 0x41, 0xfd, 0x41, 0x50, 0x41, 0x50, 0x41, 
	0x71, 0x41, 0xca, 0x81, 0x89, 0x01, 0xdb, 0x01, 
	0x78, 0xc7, 0x78, 0xc7, 0x70, 0xc7, 0x70, 0x87, 
	0x70, 0x87, 0x70, 0x87, 0x70, 0x87, 0x68, 0x87, 
	0x68, 0x87, 0x68, 0x85, 0x68, 0x85, 0x60, 0x85, 
	0x60, 0x85, 0x60, 0x85, 0x60, 0x85, 0x60, 0x85, 
	0x60, 0x85, 0x60, 0x85, 0x60, 0x85, 0x60, 0x85, 
	0x60, 0x85, 0x60, 0x85, 0x60, 0x85, 0x60, 0x85, 
	0x60, 0x85, 0x60, 0x85, 0x60, 0x85, 0x60, 0x85, 
	0x60, 0x85, 0x60, 0x85, 0x60, 0x85, 0x60, 0x85, 
	0x60, 0x85, 0x60, 0x85, 0x60, 0x85, 0x60, 0x85, 
	0x60, 0x85, 0x60, 0x85, 0x60, 0x85, 0x68, 0x85, 
	0x68, 0x85, 0x68, 0x87, 0x68, 0x87, 0x70, 0x87, 
	0x81, 0x49, 0xee, 0x23, 0x89, 0x87, 0x70, 0x87, 
	0x70, 0x87, 0x70, 0x87, 0x70, 0x87, 0x70, 0x87, 
	0x70, 0x87, 0x70, 0x87, 0x70, 0x87, 0xbb, 0x01, 
	0xba, 0x41, 0xfc, 0xc1, 0x50, 0x41, 0x50, 0x41, 
	0x71, 0x41, 0xca, 0x81, 0x89, 0x01, 0xe3, 0x01, 
	0x78, 0xc7, 0x78, 0xc7, 0x78, 0xc7, 0x70, 0xc7, 
	0x70, 0x87, 0x70, 0x87, 0x70, 0x87, 0x70, 0x87, 
	0x70, 0x87, 0x70, 0x87, 0x68, 0x87, 0x68, 0x87, 
	0x68, 0x87, 0x68, 0x87, 0x68, 0x85, 0x68, 0x87, 
	0x68, 0x85, 0x68, 0x85, 0x68, 0x85, 0x68, 0x85, 
	0x68, 0x85, 0x60, 0x85, 0x60, 0x85, 0x60, 0x85, 
	0x60, 0x85, 0x60, 0x85, 0x60, 0x85, 0x68, 0xc5, 
	0x60, 0x85, 0x60, 0x85, 0x60, 0x85, 0x68, 0x85, 
	0x68, 0x85, 0x68, 0x85, 0x68, 0x85, 0x68, 0x85, 
	0x68, 0x87, 0x68, 0x87, 0x68, 0x87, 0x68, 0x87, 
	0x70, 0x87, 0x70, 0x87, 0x70, 0x87, 0x70, 0xc7, 
	0x81, 0x49, 0xfe, 0xa5, 0xcb, 0xc9, 0x70, 0xc7, 
	0x70, 0x87, 0x70, 0xc7, 0x70, 0x87, 0x70, 0x87, 
	0x70, 0x87, 0x70, 0x87, 0x70, 0x87, 0xbb, 0x01, 
	0xc2, 0x41, 0xfc, 0xc1, 0x50, 0x41, 0x50, 0x41, 
	0x71, 0x41, 0xba, 0x01, 0x91, 0x41, 0xda, 0xc1, 
	0x80, 0xc7, 0x80, 0xc7, 0x78, 0xc7, 0x78, 0xc7, 
	0x78, 0xc7, 0x70, 0xc7, 0x70, 0x87, 0x70, 0x87, 
	0x70, 0xc7, 0x70, 0x87, 0x70, 0xc7, 0x70, 0x87, 
	0x70, 0xc7, 0x70, 0xc7, 0x70, 0xc7, 0x70, 0x87, 
	0x70, 0x87, 0x70, 0x87, 0x68, 0x87, 0x68, 0x87, 
	0x68, 0x87, 0x68, 0x87, 0x68, 0x87, 0x68, 0x87, 
	0x68, 0x87, 0x68, 0x87, 0xab, 0x51, 0xa2, 0x89, 
	0x68, 0x87, 0x68, 0x87, 0x68, 0x87, 0x68, 0x87, 
	0x68, 0x87, 0x68, 0x87, 0x68, 0x87, 0x68, 0x87, 
	0x68, 0x87, 0x70, 0x87, 0x70, 0x87, 0x70, 0xc7, 
	0x70, 0xc7, 0x70, 0xc7, 0x70, 0xc7, 0x78, 0xc7, 
	0x9a, 0x4f, 0xfe, 0x61, 0xec, 0xc9, 0x89, 0x85, 
	0x78, 0xc7, 0x78, 0xc7, 0x78, 0x87, 0x78, 0x87, 
	0x70, 0x87, 0x70, 0x87, 0x70, 0x87, 0xbb, 0x01, 
	0xc2, 0x41, 0xfc, 0x81, 0x50, 0x41, 0x50, 0x41, 
	0x71, 0x41, 0xba, 0x01, 0x89, 0x01, 0xda, 0xc1, 
	0x88, 0xc7, 0x80, 0xc7, 0x80, 0xc7, 0x80, 0xc7, 
	0x78, 0xc7, 0x78, 0xc7, 0x70, 0xc7, 0x70, 0xc7, 
	0x78, 0xc7, 0x78, 0xc7, 0x78, 0xc7, 0x78, 0xc7, 
	0x78, 0xc7, 0x78, 0xc7, 0x78, 0xc7, 0x78, 0xc7, 
	0x78, 0xc7, 0x78, 0xc7, 0x78, 0xc7, 0x70, 0xc7, 
	0x70, 0xc7, 0x70, 0xc7, 0x70, 0xc7, 0x70, 0xc7, 
	0x70, 0xc7, 0xb3, 0x51, 0xd4, 0x8b, 0x81, 0x45, 
	0x70, 0xc7, 0x70, 0xc7, 0x70, 0xc7, 0x70, 0xc7, 
	0x70, 0xc7, 0x70, 0xc7, 0x70, 0xc7, 0x70, 0xc7, 
	0x70, 0xc7, 0x70, 0xc7, 0x78, 0xc7, 0x78, 0xc7, 
	0x78, 0xc7, 0x78, 0xc7, 0x78, 0xc7, 0x78, 0xc7, 
	0xbb, 0x97, 0xff, 0x2f, 0xe4, 0xcd, 0x9a, 0x83, 
	0x78, 0xc7, 0x78, 0xc7, 0x78, 0x87, 0x78, 0x87, 
	0x70, 0x87, 0x70, 0x87, 0x70, 0x87, 0xbb, 0x01, 
	0xba, 0x41, 0xfc, 0xc1, 0x50, 0x41, 0x50, 0x41, 
	0x71, 0x41, 0xba, 0x01, 0x89, 0x01, 0xdb, 0x01, 
	0x91, 0x05, 0x91, 0x07, 0x88, 0xc7, 0x88, 0xc7, 
	0x80, 0xc7, 0x80, 0xc7, 0x78, 0xc7, 0x78, 0xc7, 
	0x78, 0xc7, 0x80, 0xc7, 0x80, 0xc7, 0x80, 0xc7, 
	0x88, 0xc7, 0x80, 0xc7, 0x80, 0xc7, 0x80, 0xc7, 
	0x80, 0xc7, 0x78, 0xc7, 0x78, 0xc7, 0x78, 0xc7, 
	0x78, 0xc7, 0x78, 0xc7, 0x78, 0xc7, 0x78, 0xc7, 
	0xb3, 0x11, 0xdc, 0x8b, 0x9a, 0xc1, 0x78, 0xc7, 
	0x78, 0xc7, 0x78, 0xc7, 0x78, 0xc7, 0x78, 0xc7, 
	0x78, 0xc7, 0x78, 0xc7, 0x78, 0xc7, 0x78, 0xc7, 
	0x78, 0xc7, 0x78, 0xc7, 0x78, 0xc7, 0x78, 0xc7, 
	0x78, 0xc7, 0x78, 0xc7, 0x78, 0xc7, 0x78, 0xc7, 
	0xc4, 0x5b, 0xff, 0x73, 0xd4, 0xcf, 0x9a, 0xc1, 
	0x79, 0x05, 0x78, 0xc7, 0x78, 0x87, 0x70, 0x87, 
	0x70, 0x87, 0x70, 0x87, 0x70, 0x87, 0xc3, 0x01, 
	0xba, 0x41, 0xfc, 0x41, 0x50, 0x41, 0x50, 0x41, 
	0x71, 0x41, 0xba, 0x01, 0x91, 0x01, 0xda, 0xc1, 
	0xb1, 0x41, 0xa9, 0x43, 0x99, 0x05, 0x99, 0x05, 
	0x91, 0x05, 0x88, 0xc7, 0x88, 0xc7, 0x88, 0xc7, 
	0x80, 0xc7, 0x88, 0xc5, 0x91, 0x05, 0x91, 0x05, 
	0x99, 0x05, 0x91, 0x05, 0x91, 0x07, 0x89, 0x07, 
	0x88, 0xc7, 0x80, 0xc7, 0x80, 0xc7, 0x80, 0xc7, 
	0x80, 0xc7, 0x78, 0xc7, 0x81, 0x07, 0xc3, 0xd5, 
	0xe5, 0x53, 0xab, 0x43, 0x81, 0xc3, 0x80, 0xc7, 
	0x80, 0xc7, 0x80, 0xc7, 0x80, 0xc7, 0x80, 0xc7, 
	0x80, 0xc7, 0x80, 0xc7, 0x80, 0xc7, 0x78, 0xc7, 
	0x78, 0xc7, 0x78, 0xc7, 0x78, 0xc7, 0x78, 0xc7, 
	0x78, 0xc7, 0x78, 0xc7, 0x78, 0xc7, 0x78, 0xc7, 
	0xcc, 0x9f, 0xff, 0x2f, 0xd4, 0x8d, 0x92, 0xc1, 
	0x71, 0x83, 0x78, 0x87, 0x78, 0x87, 0x78, 0x87, 
	0x70, 0x87, 0x70, 0x87, 0x70, 0x87, 0xbb, 0x01, 
	0xba, 0x41, 0xfc, 0x41, 0x50, 0x41, 0x50, 0x41, 
	0x71, 0x41, 0xb2, 0x01, 0x91, 0x41, 0xda, 0xc1, 
	0xc9, 0xc1, 0xc1, 0x81, 0xb9, 0x81, 0xb1, 0x81, 
	0xb1, 0x41, 0xa9, 0x43, 0xa1, 0x05, 0x99, 0x05, 
	0x99, 0x05, 0x99, 0x05, 0xa1, 0x05, 0xa9, 0x45, 
	0xa9, 0x45, 0xa9, 0x45, 0xa1, 0x05, 0x91, 0x07, 
	0x91, 0x07, 0x89, 0x07, 0x89, 0x07, 0x88, 0xc7, 
	0x80, 0xc7, 0x80, 0xc7, 0xc4, 0x5d, 0xf6, 0xa7, 
	0xbb, 0xc7, 0x82, 0x41, 0x81, 0x07, 0x80, 0xc7, 
	0x80, 0xc7, 0x80, 0xc7, 0x88, 0xc7, 0x88, 0xc7, 
	0x80, 0xc7, 0x80, 0xc7, 0x80, 0xc7, 0x80, 0xc7, 
	0x78, 0xc7, 0x78, 0xc7, 0x78, 0xc7, 0x78, 0xc7, 
	0x78, 0xc7, 0x78, 0xc7, 0x78, 0xc7, 0x78, 0xc7, 
	0xd4, 0xdd, 0xf5, 0xdb, 0xcc, 0x49, 0x92, 0xc1, 
	0x72, 0x01, 0x71, 0x05, 0x78, 0xc7, 0x78, 0xc7, 
	0x78, 0x87, 0x70, 0x87, 0x70, 0x87, 0xbb, 0x01, 
	0xba, 0x41, 0xfc, 0x81, 0x50, 0x41, 0x50, 0x41, 
	0x71, 0x41, 0xa9, 0x81, 0x91, 0x01, 0xda, 0xc1, 
	0xd9, 0xc1, 0xd9, 0xc1, 0xd1, 0xc1, 0xd1, 0xc1, 
	0xc9, 0xc1, 0xc1, 0x81, 0xc1, 0x81, 0xb9, 0x81, 
	0xb9, 0x81, 0xb9, 0x81, 0xc1, 0x83, 0xc1, 0x83, 
	0xc1, 0x83, 0xb9, 0x83, 0xb1, 0x45, 0xa1, 0x05, 
	0x99, 0x05, 0x99, 0x05, 0x99, 0x07, 0x91, 0x07, 
	0x91, 0x07, 0xcc, 0x9d, 0xff, 0x77, 0xdd, 0x13, 
	0x8a, 0x81, 0x79, 0xc3, 0x80, 0xc7, 0x80, 0xc7, 
	0x80, 0xc7, 0x88, 0xc7, 0x89, 0x07, 0x89, 0x07, 
	0x88, 0xc7, 0x88, 0xc7, 0x80, 0xc7, 0x80, 0xc7, 
	0x80, 0xc7, 0x80, 0xc7, 0x78, 0xc7, 0x78, 0xc7, 
	0x78, 0xc7, 0x78, 0xc7, 0x78, 0xc7, 0x81, 0x09, 
	0xe5, 0x17, 0xed, 0x0b, 0xc4, 0x05, 0x92, 0xc1, 
	0x72, 0x41, 0x71, 0x83, 0x70, 0xc7, 0x70, 0xc7, 
	0x78, 0x87, 0x78, 0x87, 0x78, 0x85, 0xc3, 0x01, 
	0xba, 0x41, 0xfc, 0x01, 0x50, 0x41, 0x50, 0x41, 
	0x71, 0x41, 0xa1, 0x81, 0x91, 0x01, 0xda, 0xc1, 
	0xe2, 0x01, 0xe2, 0x41, 0xe2, 0x41, 0xe2, 0x43, 
	0xe2, 0x41, 0xd9, 0xc1, 0xd1, 0xc1, 0xd1, 0xc1, 
	0xd1, 0x81, 0xd1, 0x81, 0xd1, 0x81, 0xd9, 0xc1, 
	0xd9, 0xc1, 0xd1, 0xc1, 0xc9, 0x81, 0xb9, 0x83, 
	0xa9, 0x43, 0xa9, 0x45, 0xa9, 0x45, 0xa1, 0x47, 
	0xdc, 0xdb, 0xfe, 0xa7, 0xed, 0x97, 0xa3, 0x01, 
	0x7a, 0x41, 0x81, 0xc5, 0x88, 0xc7, 0x88, 0xc7, 
	0x89, 0x07, 0x91, 0x07, 0x91, 0x07, 0x91, 0x07, 
	0x91, 0x07, 0x91, 0x07, 0x88, 0xc7, 0x80, 0xc7, 
	0x80, 0xc7, 0x80, 0xc7, 0x80, 0xc7, 0x80, 0xc7, 
	0x78, 0xc7, 0x78, 0xc7, 0x78, 0xc7, 0x81, 0x09, 
	0xed, 0x0f, 0xec, 0xc7, 0xbb, 0xc5, 0x92, 0xc1, 
	0x7a, 0x41, 0x72, 0x03, 0x70, 0xc7, 0x78, 0xc7, 
	0x78, 0xc7, 0x78, 0xc7, 0x78, 0xc5, 0xc3, 0x01, 
	0xba, 0x41, 0xfc, 0x01, 0x50, 0x41, 0x50, 0x41, 
	0x71, 0x41, 0xa1, 0x81, 0x89, 0x01, 0xda, 0xc1, 
	0xea, 0x43, 0xea, 0x83, 0xea, 0x83, 0xea, 0x83, 
	0xea, 0x83, 0xea, 0xc3, 0xe2, 0x01, 0xd9, 0xc1, 
	0xd9, 0x81, 0xd9, 0x81, 0xe1, 0xc1, 0xd9, 0x81, 
	0xd9, 0x81, 0xd9, 0x81, 0xd9, 0x81, 0xda, 0x01, 
	0xc9, 0xc1, 0xc1, 0x81, 0xb9, 0x81, 0xdc, 0x55, 
	0xf5, 0x93, 0xed, 0x0b, 0xb3, 0x83, 0x7a, 0x41, 
	0x7a, 0x43, 0x89, 0x47, 0x91, 0x07, 0x91, 0x07, 
	0x99, 0x07, 0xa1, 0x05, 0xa1, 0x05, 0xa1, 0x05, 
	0x99, 0x05, 0x91, 0x07, 0x89, 0x07, 0x80, 0xc7, 
	0x80, 0xc7, 0x80, 0xc7, 0x80, 0xc7, 0x80, 0xc7, 
	0x78, 0xc7, 0x78, 0xc7, 0x80, 0xc7, 0x89, 0x07, 
	0xec, 0xc9, 0xe4, 0x87, 0xb3, 0x43, 0x92, 0xc1, 
	0x7a, 0x41, 0x72, 0x01, 0x71, 0x45, 0x78, 0xc7, 
	0x78, 0xc7, 0x80, 0xc5, 0x78, 0xc5, 0xbb, 0x01, 
	0xba, 0x01, 0xfc, 0x41, 0x50, 0x41, 0x50, 0x41, 
	0x71, 0x41, 0xb2, 0x01, 0x91, 0x01, 0xda, 0xc1, 
	0xe1, 0xc1, 0xe2, 0x01, 0xe2, 0x01, 0xe2, 0x01, 
	0xe2, 0x41, 0xea, 0x83, 0xe2, 0x41, 0xe2, 0x43, 
	0xe2, 0x01, 0xe1, 0x81, 0xea, 0x43, 0xea, 0x43, 
	0xe1, 0x81, 0xe1, 0x81, 0xea, 0x83, 0xeb, 0x03, 
	0xda, 0x43, 0xd1, 0xc1, 0xe3, 0x45, 0xf5, 0x09, 
	0xec, 0xc7, 0xbb, 0x83, 0x8a, 0x81, 0x7a, 0x41, 
	0x8a, 0x85, 0x99, 0x45, 0xa1, 0x05, 0xa1, 0x45, 
	0xa9, 0x45, 0xa9, 0x45, 0xa9, 0x45, 0xa9, 0x45, 
	0xa9, 0x45, 0xa1, 0x05, 0x91, 0x07, 0x88, 0xc7, 
	0x80, 0xc7, 0x80, 0xc7, 0x80, 0xc7, 0x80, 0xc7, 
	0x78, 0xc7, 0x80, 0xc7, 0x80, 0xc7, 0x91, 0x45, 
	0xe4, 0x87, 0xcc, 0x05, 0xa3, 0x01, 0x92, 0xc1, 
	0x82, 0x81, 0x72, 0x01, 0x71, 0xc3, 0x80, 0xc7, 
	0x88, 0xc5, 0x88, 0xc5, 0x88, 0xc5, 0xba, 0xc1, 
	0xba, 0x41, 0xfc, 0x41, 0x50, 0x41, 0x50, 0x41, 
	0x71, 0x41, 0xa1, 0x81, 0x91, 0x41, 0xda, 0xc1, 
	0xe2, 0x01, 0xe2, 0x01, 0xd1, 0xc1, 0xea, 0xc3, 
	0xf3, 0x03, 0xea, 0x83, 0xe2, 0x01, 0xe2, 0x01, 
	0xe1, 0xc1, 0xe1, 0x41, 0xe1, 0x41, 0xe1, 0xc1, 
	0xea, 0x03, 0xea, 0x43, 0xe1, 0x81, 0xe1, 0xc1, 
	0xea, 0x83, 0xe3, 0x45, 0xe4, 0x87, 0xe4, 0x87, 
	0xbb, 0x83, 0x92, 0x05, 0x82, 0x43, 0x8a, 0x83, 
	0xb2, 0xc7, 0xb1, 0x81, 0xb9, 0x81, 0xc1, 0x81, 
	0xc1, 0x81, 0xc1, 0x81, 0xc1, 0x81, 0xc1, 0x81, 
	0xb9, 0x83, 0xb1, 0x83, 0xa9, 0x43, 0x99, 0x05, 
	0x99, 0x05, 0xa1, 0x45, 0xa1, 0x05, 0x91, 0x05, 
	0x80, 0xc7, 0x88, 0xc7, 0x99, 0x05, 0xa9, 0xc3, 
	0xd4, 0x05, 0xa3, 0x01, 0x92, 0xc1, 0x92, 0xc1, 
	0x8a, 0x81, 0x72, 0x01, 0x72, 0x03, 0x91, 0x45, 
	0x91, 0x05, 0x99, 0x05, 0x91, 0x05, 0xb2, 0xc1, 
	0xba, 0x41, 0xfc, 0x01, 0x50, 0x41, 0x50, 0x41, 
	0x71, 0x41, 0xb2, 0x01, 0x89, 0x01, 0xca, 0x81, 
	0xea, 0xc3, 0xc1, 0x81, 0x91, 0x01, 0xca, 0x01, 
	0xeb, 0x03, 0xea, 0xc3, 0xc1, 0x81, 0xc9, 0xc1, 
	0xe1, 0xc1, 0xe1, 0xc1, 0xe1, 0xc1, 0xea, 0x03, 
	0xe1, 0x41, 0xe1, 0x81, 0xe1, 0x81, 0xe2, 0x01, 
	0xe2, 0x41, 0xdb, 0x85, 0xcc, 0x47, 0xbc, 0x0b, 
	0x8a, 0xc3, 0x72, 0x01, 0x7a, 0x41, 0x9b, 0x07, 
	0xc3, 0x07, 0xd1, 0xc1, 0xd1, 0xc1, 0xd1, 0xc1, 
	0xd9, 0xc1, 0xd9, 0x81, 0xd9, 0x41, 0xd1, 0x81, 
	0xd1, 0x81, 0xd2, 0x01, 0xc9, 0xc1, 0xc1, 0xc1, 
	0xc9, 0xc1, 0xc9, 0x81, 0xc1, 0x81, 0xb9, 0x41, 
	0xb1, 0x41, 0xb9, 0x41, 0xc1, 0x81, 0xd2, 0x83, 
	0xbb, 0x83, 0x92, 0xc3, 0x92, 0xc1, 0x92, 0xc1, 
	0x92, 0xc1, 0x8a, 0x81, 0x8a, 0xc3, 0xaa, 0x87, 
	0xa9, 0x43, 0xa9, 0x43, 0xa1, 0x43, 0xb2, 0xc1, 
	0xba, 0x01, 0xfc, 0x41, 0x50, 0x41, 0x50, 0x41, 
	0x71, 0x41, 0xb1, 0xc1, 0x91, 0x01, 0xd2, 0xc1, 
	0xc9, 0xc1, 0x91, 0x01, 0x80, 0xc1, 0x80, 0xc1, 
	0x91, 0x01, 0x99, 0x01, 0x89, 0x01, 0x99, 0x01, 
	0xda, 0x01, 0xe2, 0x01, 0xea, 0x03, 0xea, 0x03, 
	0xe1, 0xc1, 0xe1, 0x81, 0xe1, 0x81, 0xe2, 0x41, 
	0xe2, 0x01, 0xe3, 0x45, 0xd4, 0x47, 0xbc, 0x51, 
	0x93, 0x4b, 0x6a, 0x01, 0x72, 0x43, 0x93, 0x07, 
	0xb3, 0x8b, 0xda, 0x43, 0xe2, 0x41, 0xe2, 0x43, 
	0xea, 0x43, 0xe2, 0x03, 0xe1, 0x81, 0xe1, 0x81, 
	0xd9, 0xc1, 0xe2, 0x41, 0xe2, 0x83, 0xea, 0xc3, 
	0xe2, 0x43, 0xe2, 0x43, 0xe2, 0x43, 0xe2, 0x43, 
	0xe2, 0x03, 0xd9, 0x41, 0xd9, 0x81, 0xe3, 0xc5, 
	0xc4, 0x4f, 0x9b, 0x49, 0x7a, 0x41, 0x7a, 0x41, 
	0x82, 0x81, 0x8a, 0x81, 0x8a, 0xc1, 0xab, 0x07, 
	0xc1, 0xc1, 0xc1, 0x81, 0xb9, 0x81, 0xb2, 0xc1, 
	0xba, 0x41, 0xfc, 0x41, 0x50, 0x41, 0x50, 0x41, 
	0x71, 0x41, 0xa1, 0x81, 0x91, 0x01, 0xd2, 0xc1, 
	0x91, 0x01, 0x88, 0xc1, 0x99, 0x01, 0x99, 0x01, 
	0x90, 0xc1, 0x88, 0xc1, 0x88, 0xc1, 0x80, 0xc1, 
	0xc1, 0x81, 0xe1, 0xc1, 0xe1, 0xc1, 0xea, 0x03, 
	0xe9, 0xc3, 0xe1, 0x81, 0xe2, 0x01, 0xe2, 0x01, 
	0xc1, 0x81, 0xd3, 0x05, 0xe4, 0x87, 0xcc, 0x8d, 
	0xac, 0x55, 0x72, 0x01, 0x72, 0x43, 0x82, 0x85, 
	0xa3, 0x49, 0xc3, 0x49, 0xea, 0x83, 0xe2, 0x01, 
	0xe1, 0x81, 0xe1, 0x81, 0xe2, 0x03, 0xea, 0x43, 
	0xea, 0x43, 0xe2, 0x41, 0xe2, 0x01, 0xe2, 0x41, 
	0xea, 0x83, 0xea, 0x83, 0xe2, 0x03, 0xe1, 0x81, 
	0xe1, 0xc1, 0xe2, 0x03, 0xec, 0x11, 0xdc, 0x87, 
	0xcc, 0xd7, 0x8a, 0xc5, 0x6a, 0x01, 0x72, 0x01, 
	0x6a, 0x01, 0x6a, 0x01, 0x72, 0x01, 0x8a, 0x85, 
	0xc2, 0x43, 0xc9, 0xc1, 0xc9, 0xc1, 0xb2, 0xc1, 
	0xba, 0x41, 0xfc, 0x41, 0x50, 0x41, 0x50, 0x41, 
	0x71, 0x41, 0xa1, 0x81, 0x89, 0x01, 0xca, 0x81, 
	0x80, 0xc1, 0xa9, 0x01, 0xc1, 0x41, 0xc9, 0x41, 
	0xc9, 0x41, 0xc1, 0x41, 0xb1, 0x41, 0x88, 0xc1, 
	0xa1, 0x41, 0xd9, 0xc1, 0xe1, 0xc1, 0xe2, 0x03, 
	0xe1, 0xc1, 0xe1, 0xc1, 0xea, 0x83, 0xc9, 0xc1, 
	0x91, 0x01, 0xaa, 0x03, 0xec, 0xc7, 0xdc, 0x89, 
	0xcc, 0xd7, 0x82, 0xc7, 0x72, 0x01, 0x7a, 0x83, 
	0x93, 0x07, 0xab, 0xcb, 0xc2, 0x85, 0xe2, 0x01, 
	0xe1, 0x81, 0xe1, 0x81, 0xea, 0x03, 0xea, 0x03, 
	0xe1, 0xc1, 0xe1, 0xc1, 0xda, 0x01, 0xe2, 0x01, 
	0xe2, 0x01, 0xe2, 0x01, 0xea, 0x43, 0xea, 0x03, 
	0xe2, 0x07, 0xf4, 0x97, 0xed, 0x51, 0xdd, 0x13, 
	0xb4, 0x53, 0x82, 0x41, 0x6a, 0x01, 0x6a, 0x01, 
	0x72, 0x03, 0x72, 0x43, 0x72, 0x43, 0x8a, 0xc5, 
	0xc2, 0xc5, 0xe2, 0xc3, 0xda, 0x41, 0xb2, 0xc1, 
	0xba, 0x01, 0xfc, 0x41, 0x50, 0x41, 0x50, 0x41, 
	0x71, 0x41, 0xb1, 0xc1, 0x89, 0x01, 0xd2, 0xc1, 
	0xa9, 0x41, 0xc9, 0x41, 0xd1, 0x41, 0xd9, 0x41, 
	0xd9, 0x41, 0xd1, 0x41, 0xc9, 0x41, 0x91, 0x01, 
	0x88, 0xc1, 0xd1, 0xc1, 0xea, 0x43, 0xe2, 0x01, 
	0xe1, 0x81, 0xea, 0x83, 0xf3, 0x45, 0xb9, 0x81, 
	0x88, 0xc1, 0x91, 0x41, 0xe4, 0x87, 0xe4, 0xc9, 
	0xd4, 0xd1, 0x9b, 0x8d, 0x6a, 0x01, 0x7a, 0x43, 
	0x8a, 0xc5, 0xab, 0x8b, 0xb3, 0x8b, 0xc2, 0x03, 
	0xba, 0x8b, 0xa2, 0xd3, 0x9a, 0xd3, 0x83, 0x5b, 
	0x92, 0xd5, 0xc2, 0x49, 0xd2, 0x03, 0xc1, 0x81, 
	0xd1, 0xc1, 0xe1, 0xc1, 0xe1, 0x81, 0xeb, 0x4f, 
	0xf5, 0xdd, 0xf5, 0x51, 0xe4, 0xcb, 0xdd, 0xe1, 
	0x9b, 0x8b, 0x72, 0x41, 0x6a, 0x01, 0x6a, 0x01, 
	0x8a, 0xc5, 0xa3, 0x49, 0x9b, 0x49, 0xb3, 0x49, 
	0xda, 0x01, 0xe2, 0x41, 0xea, 0xc3, 0xba, 0xc1, 
	0xba, 0x01, 0xfc, 0x41, 0x50, 0x41, 0x50, 0x41, 
	0x71, 0x41, 0xa1, 0x81, 0x89, 0x01, 0xd2, 0x81, 
	0xc9, 0x41, 0xd9, 0x41, 0xd9, 0x41, 0xe1, 0x81, 
	0xe1, 0xc3, 0xe1, 0xc1, 0xd1, 0x41, 0xb1, 0x01, 
	0x80, 0xc1, 0xa9, 0x41, 0xea, 0xc3, 0xf3, 0x03, 
	0xea, 0xc3, 0xf3, 0x85, 0xeb, 0x03, 0xa1, 0x41, 
	0x88, 0xc1, 0xa9, 0x81, 0xec, 0x87, 0xec, 0xc7, 
	0xdc, 0x89, 0xbc, 0x53, 0x7a, 0x45, 0x72, 0x43, 
	0x8a, 0xc5, 0xa3, 0x49, 0x93, 0x93, 0x73, 0x5b, 
	0x63, 0x1b, 0x5a, 0xdb, 0x52, 0x97, 0x4a, 0x55, 
	0x42, 0x13, 0x41, 0xd3, 0x51, 0xd1, 0x61, 0xcf, 
	0x82, 0x0b, 0xca, 0x05, 0xec, 0x13, 0xfe, 0xa5, 
	0xf5, 0x4f, 0xec, 0xc7, 0xe5, 0x9b, 0xc5, 0x1d, 
	0x82, 0x83, 0x6a, 0x01, 0x6a, 0x01, 0x7a, 0x43, 
	0xa3, 0x89, 0xb4, 0x0d, 0xb3, 0xcb, 0xd2, 0xc5, 
	0xea, 0x83, 0xeb, 0x03, 0xeb, 0x03, 0xbb, 0x01, 
	0xba, 0x01, 0xfc, 0x41, 0x50, 0x41, 0x50, 0x41, 
	0x71, 0x41, 0xa1, 0x81, 0x89, 0x01, 0xd2, 0x81, 
	0xd9, 0xc1, 0xe1, 0xc1, 0xea, 0x03, 0xe1, 0x41, 
	0xd9, 0x01, 0xe1, 0xc3, 0xe2, 0x03, 0xc9, 0x41, 
	0x91, 0x01, 0x88, 0xc1, 0xd2, 0x01, 0xfb, 0x85, 
	0xfb, 0xc5, 0xf3, 0x45, 0xc1, 0xc1, 0x88, 0xc1, 
	0x99, 0x01, 0xd1, 0xc1, 0xec, 0x07, 0xec, 0xc7, 
	0xec, 0xc7, 0xc4, 0x07, 0x8a, 0x83, 0x7a, 0x47, 
	0x7b, 0x17, 0x6b, 0x5d, 0x52, 0x99, 0x31, 0xd1, 
	0x21, 0x0b, 0x10, 0xc9, 0x10, 0x89, 0x10, 0x87, 
	0x10, 0x87, 0x10, 0x89, 0x10, 0xc9, 0x18, 0xcb, 
	0x21, 0x0d, 0x29, 0x4d, 0xb4, 0x17, 0xf5, 0x4f, 
	0xec, 0xc7, 0xe5, 0x0d, 0xdd, 0xe1, 0xa3, 0x8b, 
	0x7a, 0x41, 0x6a, 0x01, 0x6a, 0x01, 0x8a, 0xc5, 
	0xb3, 0xcb, 0xb4, 0x0b, 0xb3, 0x49, 0xc1, 0xc1, 
	0xda, 0x43, 0xeb, 0x03, 0xf3, 0x45, 0xc3, 0x41, 
	0xba, 0x41, 0xfc, 0x01, 0x50, 0x41, 0x50, 0x41, 
	0x71, 0x41, 0xa1, 0x81, 0x89, 0x01, 0xd2, 0x81, 
	0xd9, 0x41, 0xe1, 0x41, 0xea, 0x03, 0xe1, 0x01, 
	0xd9, 0x01, 0xd9, 0x01, 0xea, 0x43, 0xd9, 0xc1, 
	0xb9, 0x41, 0x88, 0xc1, 0x91, 0x01, 0xca, 0x01, 
	0xd2, 0x01, 0xc1, 0x81, 0x91, 0x01, 0x88, 0xc1, 
	0xb9, 0x41, 0xe2, 0x43, 0xeb, 0x45, 0xf4, 0xc7, 
	0xec, 0xc7, 0xbb, 0x87, 0x8b, 0x55, 0x7b, 0xe1, 
	0x6b, 0x5f, 0x63, 0x1d, 0x6b, 0x5f, 0x6b, 0x5d, 
	0x42, 0x13, 0x10, 0xc9, 0x10, 0x87, 0x10, 0x87, 
	0x10, 0x87, 0x10, 0x87, 0x10, 0x87, 0x10, 0x89, 
	0x18, 0xc9, 0x18, 0xcb, 0x51, 0xcb, 0xec, 0xc7, 
	0xec, 0xc7, 0xdd, 0x59, 0xbc, 0x53, 0x8a, 0xc3, 
	0x72, 0x41, 0x6a, 0x01, 0x7a, 0x43, 0xa3, 0x89, 
	0xb4, 0x0d, 0xb3, 0xcb, 0x99, 0xc5, 0x89, 0x01, 
	0xa1, 0x41, 0xa9, 0x41, 0xb1, 0x81, 0xd3, 0x81, 
	0xba, 0x01, 0xfc, 0x81, 0x50, 0x41, 0x50, 0x41, 
	0x71, 0x41, 0xa1, 0x81, 0x89, 0x01, 0xd2, 0x81, 
	0xd9, 0x41, 0xe1, 0x01, 0xe1, 0x81, 0xe1, 0x41, 
	0xe1, 0x01, 0xd9, 0x01, 0xe1, 0xc1, 0xe2, 0x43, 
	0xc9, 0x81, 0xa1, 0x41, 0x80, 0xc1, 0x89, 0x01, 
	0x91, 0x01, 0x88, 0xc1, 0x88, 0xc1, 0xb1, 0x41, 
	0xd1, 0x41, 0xe1, 0x81, 0xe2, 0x83, 0xf4, 0xc7, 
	0xd4, 0x09, 0x6b, 0x17, 0x84, 0x21, 0x84, 0x21, 
	0x73, 0x9f, 0x63, 0x1d, 0x6b, 0x5d, 0x73, 0x9f, 
	0x73, 0x9f, 0x4a, 0x57, 0x10, 0xc9, 0x10, 0x87, 
	0x10, 0x87, 0x08, 0x45, 0x10, 0x87, 0x10, 0x87, 
	0x10, 0x87, 0x10, 0x89, 0x18, 0xc9, 0xc4, 0x07, 
	0xe5, 0x11, 0xc4, 0xd5, 0x9b, 0x05, 0x7a, 0x41, 
	0x72, 0x01, 0x72, 0x41, 0x92, 0xc5, 0xb3, 0xcb, 
	0xb3, 0xcb, 0xb3, 0x09, 0xb1, 0x41, 0x91, 0x01, 
	0x80, 0xc1, 0x80, 0xc1, 0x80, 0xc1, 0xdc, 0x01, 
	0xba, 0x41, 0xfc, 0x81, 0x50, 0x41, 0x50, 0x41, 
	0x71, 0x41, 0xa1, 0x81, 0x89, 0x01, 0xd2, 0x81, 
	0xe1, 0x41, 0xe1, 0x01, 0xe1, 0x41, 0xea, 0x03, 
	0xe2, 0x03, 0xea, 0x03, 0xe1, 0xc1, 0xe1, 0xc1, 
	0xd9, 0x81, 0xc9, 0x81, 0x99, 0x01, 0x88, 0xc1, 
	0x88, 0xc1, 0x91, 0x01, 0xa9, 0x41, 0xda, 0x03, 
	0xe1, 0x81, 0xe1, 0x81, 0xe2, 0x85, 0xcc, 0x0d, 
	0x52, 0x93, 0x42, 0x11, 0x84, 0x21, 0x84, 0x21, 
	0x73, 0x9f, 0x63, 0x1b, 0x5b, 0x1b, 0x63, 0x1d, 
	0x6b, 0x5d, 0x6b, 0x5d, 0x31, 0x8f, 0x10, 0x87, 
	0x08, 0x47, 0x00, 0x01, 0x10, 0x87, 0x10, 0x87, 
	0x10, 0x87, 0x10, 0x87, 0x10, 0x87, 0x49, 0x87, 
	0xb3, 0xc9, 0x9b, 0x05, 0x82, 0x41, 0x72, 0x01, 
	0x72, 0x01, 0x82, 0x83, 0xa3, 0x89, 0xb3, 0xcd, 
	0xb3, 0x0b, 0xca, 0x43, 0xc9, 0x41, 0xc1, 0x41, 
	0xa1, 0x01, 0x99, 0x01, 0xa9, 0x41, 0xe4, 0x41, 
	0xba, 0x01, 0xfc, 0x81, 0x50, 0x41, 0x50, 0x41, 
	0x71, 0x41, 0x99, 0x41, 0x89, 0x01, 0xd2, 0x81, 
	0xe1, 0xc1, 0xe1, 0x81, 0xe1, 0xc3, 0xea, 0x43, 
	0xd9, 0x43, 0xe1, 0x81, 0xe1, 0xc3, 0xe1, 0x81, 
	0xd9, 0x81, 0xda, 0x01, 0xd2, 0x01, 0xb9, 0x81, 
	0xc1, 0x81, 0xc9, 0x81, 0xd1, 0x81, 0xd9, 0x41, 
	0xea, 0x43, 0xea, 0x83, 0x9b, 0x15, 0x73, 0x9f, 
	0x29, 0x4d, 0x21, 0x09, 0x84, 0x21, 0x73, 0x9f, 
	0x63, 0x1d, 0x63, 0x1b, 0x5b, 0x1b, 0x5b, 0x1b, 
	0x63, 0x1b, 0x5a, 0xdb, 0x39, 0xd3, 0x10, 0x89, 
	0x08, 0x43, 0x08, 0x47, 0x10, 0x87, 0x10, 0x87, 
	0x10, 0x87, 0x10, 0x87, 0x10, 0x87, 0x10, 0x87, 
	0x6a, 0x03, 0x92, 0xc1, 0x7a, 0x41, 0x72, 0x41, 
	0x82, 0x83, 0x9b, 0x49, 0xb3, 0xcb, 0xb3, 0xcb, 
	0xba, 0x87, 0xd1, 0x81, 0xd9, 0xc3, 0xd9, 0x41, 
	0xd1, 0x41, 0xc9, 0x41, 0xd1, 0x81, 0xe4, 0x41, 
	0xba, 0x01, 0xfc, 0x81, 0x50, 0x41, 0x50, 0x41, 
	0x71, 0x41, 0xa1, 0x81, 0x89, 0x01, 0xca, 0x81, 
	0xea, 0x43, 0xe1, 0xc1, 0xea, 0x03, 0xe1, 0xc1, 
	0xe1, 0x01, 0xe1, 0x01, 0xd9, 0x41, 0xe1, 0x81, 
	0xe2, 0x01, 0xe2, 0x83, 0xe2, 0x01, 0xd9, 0xc1, 
	0xda, 0x01, 0xd9, 0xc1, 0xe2, 0x01, 0xe1, 0xc1, 
	0xea, 0x03, 0xba, 0x8d, 0x73, 0x9f, 0x39, 0xd1, 
	0x29, 0x8d, 0x39, 0xd1, 0x4a, 0x55, 0x63, 0x1d, 
	0x52, 0x97, 0x5a, 0xdb, 0x5b, 0x1b, 0x5b, 0x1b, 
	0x5b, 0x1b, 0x52, 0xd9, 0x29, 0x4d, 0x18, 0xc7, 
	0x10, 0x85, 0x08, 0x47, 0x10, 0x87, 0x10, 0x87, 
	0x10, 0x87, 0x10, 0x87, 0x10, 0x87, 0x10, 0x87, 
	0x28, 0xc7, 0x8a, 0x81, 0x8a, 0x81, 0x93, 0x05, 
	0xab, 0x89, 0xb3, 0xcb, 0xb3, 0xcb, 0xb3, 0x8b, 
	0xd1, 0xc1, 0xe1, 0xc1, 0xe2, 0x03, 0xea, 0x43, 
	0xe2, 0x03, 0xd9, 0x41, 0xe2, 0x03, 0xe4, 0x41, 
	0xba, 0x41, 0xfc, 0x81, 0x50, 0x41, 0x50, 0x41, 
	
};

Gfx rbtcm_Lonely_Floating_Sky1_rgba16_aligner[] = {gsSPEndDisplayList()};
u8 rbtcm_Lonely_Floating_Sky1_rgba16[] = {
	0x00, 0x01, 0x00, 0x01, 0x00, 0x01, 0x00, 0x01, 
	0x40, 0xc1, 0x51, 0x41, 0x40, 0xc1, 0x28, 0x41, 
	0x28, 0x41, 0x00, 0x01, 0x00, 0x01, 0x00, 0x01, 
	0x00, 0x01, 0x00, 0x01, 0x00, 0x01, 0x00, 0x01, 
	0x00, 0x01, 0x00, 0x01, 0x00, 0x01, 0x00, 0x01, 
	0x00, 0x01, 0x00, 0x01, 0x00, 0x01, 0x00, 0x01, 
	0x00, 0x01, 0x00, 0x01, 0x00, 0x01, 0x00, 0x01, 
	0x00, 0x01, 0x00, 0x01, 0x00, 0x01, 0x00, 0x01, 
	0x00, 0x01, 0x00, 0x01, 0x00, 0x01, 0x00, 0x01, 
	0x00, 0x01, 0x00, 0x01, 0x00, 0x01, 0x00, 0x01, 
	0x00, 0x01, 0x00, 0x01, 0x00, 0x01, 0x00, 0x01, 
	0x00, 0x01, 0x00, 0x01, 0x00, 0x01, 0x00, 0x01, 
	0x00, 0x01, 0x00, 0x01, 0x00, 0x01, 0x00, 0x01, 
	0x00, 0x01, 0x00, 0x01, 0x00, 0x01, 0x00, 0x01, 
	0x20, 0x41, 0x38, 0xc1, 0x38, 0xc1, 0x38, 0xc1, 
	0x20, 0x41, 0x00, 0x01, 0x00, 0x01, 0x00, 0x01, 
	0x00, 0x01, 0xab, 0x41, 0xf6, 0x01, 0xff, 0x41, 
	0xfe, 0x41, 0xfe, 0x81, 0xfe, 0x81, 0xfe, 0xc1, 
	0xff, 0x01, 0xff, 0x01, 0xff, 0x01, 0xfe, 0xc1, 
	0xfe, 0x81, 0xfe, 0x81, 0xfe, 0x81, 0xfe, 0x81, 
	0xfe, 0x81, 0xfe, 0x81, 0xfe, 0x81, 0xfe, 0x81, 
	0xfe, 0x41, 0xfe, 0x41, 0xfe, 0x41, 0xfe, 0x41, 
	0xfe, 0x41, 0xfe, 0x41, 0xfe, 0x41, 0xfe, 0x41, 
	0xfe, 0x41, 0xfe, 0x41, 0xfe, 0x41, 0xfe, 0x41, 
	0xfe, 0x41, 0xfe, 0x41, 0xfe, 0x41, 0xfe, 0x41, 
	0xfe, 0x41, 0xfe, 0x41, 0xfe, 0x01, 0xfe, 0x01, 
	0xfe, 0x01, 0xfe, 0x01, 0xfe, 0x01, 0xfe, 0x01, 
	0xfe, 0x01, 0xfe, 0x81, 0xfe, 0x01, 0xfe, 0x01, 
	0xfe, 0x01, 0xfe, 0x81, 0xfe, 0x81, 0xfe, 0x81, 
	0xff, 0x01, 0xff, 0x01, 0xfe, 0xc1, 0xfe, 0x81, 
	0xfe, 0x81, 0xfe, 0x41, 0xfe, 0x41, 0xfd, 0xc1, 
	0xfd, 0xc1, 0xab, 0x41, 0x28, 0x41, 0x00, 0x01, 
	0x00, 0x01, 0xf6, 0x01, 0xdd, 0x43, 0x82, 0x41, 
	0x92, 0x81, 0x92, 0x81, 0x8a, 0x81, 0x8a, 0x41, 
	0x92, 0x81, 0x8a, 0x41, 0x8a, 0x41, 0x92, 0x81, 
	0x8a, 0x41, 0x92, 0x81, 0x92, 0x81, 0x92, 0x81, 
	0x92, 0x81, 0x92, 0x81, 0x92, 0x81, 0x92, 0x81, 
	0x92, 0x81, 0x92, 0x81, 0x92, 0x81, 0x92, 0x81, 
	0x92, 0x81, 0x92, 0x81, 0x92, 0x81, 0x8a, 0x81, 
	0x8a, 0x81, 0x8a, 0x81, 0x8a, 0x81, 0x8a, 0x81, 
	0x8a, 0x81, 0x8a, 0x81, 0x8a, 0x81, 0x8a, 0x81, 
	0x92, 0x81, 0x92, 0xc1, 0x8a, 0x81, 0x8a, 0x81, 
	0x8a, 0x81, 0x92, 0x81, 0x92, 0x81, 0x8a, 0x81, 
	0x8a, 0x41, 0x8a, 0x41, 0x8a, 0x41, 0x8a, 0x41, 
	0x8a, 0x41, 0x8a, 0x41, 0x8a, 0x41, 0x7a, 0x01, 
	0x7a, 0x01, 0x7a, 0x01, 0x82, 0x01, 0x82, 0x01, 
	0x82, 0x01, 0x82, 0x01, 0x82, 0x01, 0x82, 0x01, 
	0x82, 0x41, 0xfd, 0x81, 0x38, 0xc1, 0x00, 0x01, 
	0x00, 0x01, 0xfd, 0x81, 0x92, 0x81, 0xbb, 0xc1, 
	0xab, 0x41, 0xbc, 0x01, 0xc4, 0x41, 0xcc, 0x81, 
	0xcc, 0x81, 0xcc, 0x81, 0xcc, 0x81, 0xc4, 0x41, 
	0xc4, 0x81, 0xc4, 0x41, 0xc4, 0x41, 0xc4, 0x41, 
	0xc4, 0x41, 0xc4, 0x41, 0xc4, 0x41, 0xc4, 0x41, 
	0xc4, 0x41, 0xc4, 0x41, 0xc4, 0x41, 0xc4, 0x41, 
	0xc4, 0x41, 0xbc, 0x01, 0xc4, 0x01, 0xbc, 0x01, 
	0xc4, 0x01, 0xbc, 0x01, 0xbc, 0x01, 0xbb, 0xc1, 
	0xbc, 0x01, 0xbc, 0x01, 0xb3, 0xc1, 0xbc, 0x01, 
	0xbc, 0x01, 0xb3, 0xc1, 0xbc, 0x01, 0xbc, 0x01, 
	0xbc, 0x01, 0xbb, 0xc1, 0xbc, 0x01, 0xb3, 0xc1, 
	0xbb, 0xc1, 0xbc, 0x01, 0xb3, 0x81, 0xbb, 0xc1, 
	0xbb, 0xc1, 0xbc, 0x01, 0xbb, 0xc1, 0xbb, 0xc1, 
	0xbb, 0xc1, 0xbc, 0x01, 0xbc, 0x01, 0xb3, 0xc1, 
	0xab, 0x41, 0xab, 0x81, 0xa3, 0x41, 0xa3, 0x41, 
	0xd4, 0x41, 0xfd, 0x81, 0x51, 0x41, 0x00, 0x01, 
	0x00, 0x01, 0xf5, 0x41, 0x92, 0x81, 0xcc, 0x41, 
	0xff, 0xff, 0xff, 0xff, 0xdf, 0xbf, 0xdf, 0xbf, 
	0xbe, 0xbb, 0x74, 0xf7, 0x74, 0xf7, 0x75, 0x37, 
	0x75, 0x37, 0x7d, 0x39, 0x7d, 0x39, 0x7d, 0x39, 
	0x7d, 0x39, 0x7d, 0x79, 0x7d, 0x79, 0x7d, 0x79, 
	0x7d, 0x7b, 0x85, 0xbb, 0xbe, 0xfd, 0xd7, 0xbf, 
	0xc6, 0xfd, 0x9e, 0x3d, 0xc7, 0x3f, 0xd7, 0xbf, 
	0xdf, 0xbf, 0xdf, 0xbf, 0xdf, 0xbf, 0xcf, 0x7f, 
	0x8d, 0xbb, 0x7d, 0x7b, 0x7d, 0x7b, 0x7d, 0x7b, 
	0x7d, 0x7b, 0x7d, 0x7b, 0x7d, 0x7b, 0x7d, 0x7b, 
	0x7d, 0x7b, 0x7d, 0x7b, 0x7d, 0x7b, 0x7d, 0x7b, 
	0x7d, 0x7b, 0x7d, 0x7b, 0x7d, 0x7b, 0x7d, 0x7b, 
	0x7d, 0x7b, 0x7d, 0x79, 0x7d, 0x39, 0x7d, 0x39, 
	0xae, 0x3b, 0xff, 0xff, 0xff, 0xff, 0xff, 0xff, 
	0xff, 0xff, 0xff, 0xff, 0xff, 0xff, 0x92, 0x81, 
	0xf5, 0x81, 0xfe, 0x41, 0x61, 0x81, 0x00, 0x01, 
	0x00, 0x01, 0xed, 0x01, 0xa3, 0x01, 0xed, 0x01, 
	0xef, 0xff, 0xf7, 0xff, 0xdf, 0xbf, 0xd7, 0x3d, 
	0x85, 0x37, 0x74, 0xf7, 0x74, 0xf7, 0x75, 0x37, 
	0x75, 0x37, 0x7d, 0x39, 0x7d, 0x39, 0x7d, 0x39, 
	0x7d, 0x39, 0x7d, 0x79, 0x7d, 0x79, 0x7d, 0x79, 
	0x7d, 0x79, 0x7d, 0x7b, 0x85, 0x7b, 0xae, 0x7d, 
	0x95, 0xbb, 0x7d, 0x7b, 0x85, 0xbb, 0xa6, 0x3b, 
	0xb6, 0xbd, 0xc6, 0xfd, 0xbe, 0xfd, 0x9d, 0xfb, 
	0x7d, 0x79, 0x7d, 0x39, 0x7d, 0x39, 0x7d, 0x79, 
	0x7d, 0x39, 0x7d, 0x39, 0x7d, 0x39, 0x7d, 0x39, 
	0x7d, 0x39, 0x7d, 0x79, 0x7d, 0x79, 0x7d, 0x7b, 
	0x7d, 0x7b, 0x7d, 0x79, 0x7d, 0x39, 0x7d, 0x39, 
	0x7d, 0x39, 0x7d, 0x39, 0x95, 0xbb, 0xbe, 0xbd, 
	0xf7, 0xff, 0xff, 0xff, 0xff, 0xff, 0xff, 0xff, 
	0xff, 0xff, 0xff, 0xff, 0xf7, 0xff, 0xcd, 0x09, 
	0xe4, 0xc1, 0xfe, 0xc1, 0x38, 0x81, 0x00, 0x01, 
	0x00, 0x01, 0xe4, 0xc1, 0xab, 0x01, 0xed, 0x41, 
	0xe7, 0xbf, 0xef, 0xbf, 0xdf, 0xbf, 0xcf, 0x3d, 
	0x74, 0xf7, 0x74, 0xf7, 0x74, 0xf7, 0x74, 0xf7, 
	0x75, 0x37, 0x75, 0x37, 0x7d, 0x37, 0x7d, 0x39, 
	0x7d, 0x39, 0x7d, 0x39, 0x7d, 0x39, 0x7d, 0x79, 
	0x7d, 0x79, 0x7d, 0x79, 0x7d, 0x7b, 0x7d, 0x79, 
	0x7d, 0x79, 0x7d, 0x79, 0x7d, 0x79, 0x7d, 0x79, 
	0x7d, 0x79, 0x7d, 0x79, 0x7d, 0x39, 0x7d, 0x39, 
	0x7d, 0x39, 0x7d, 0x39, 0x75, 0x39, 0x75, 0x39, 
	0x75, 0x39, 0x75, 0x39, 0x75, 0x39, 0x75, 0x39, 
	0x75, 0x39, 0x7d, 0x39, 0x7d, 0x39, 0x7d, 0x39, 
	0x7d, 0x39, 0x8d, 0xbb, 0x8d, 0xb9, 0x85, 0x79, 
	0x7d, 0x79, 0x95, 0xfb, 0xef, 0xbf, 0xff, 0xff, 
	0xff, 0xff, 0xff, 0xff, 0xff, 0xff, 0xff, 0xff, 
	0xff, 0xff, 0xff, 0xff, 0xe7, 0xbf, 0xdd, 0x09, 
	0xdc, 0xc1, 0xfe, 0x81, 0x30, 0x81, 0x00, 0x01, 
	0x00, 0x01, 0xdc, 0xc1, 0xab, 0x41, 0xf5, 0x81, 
	0xdf, 0xbf, 0xe7, 0xbf, 0xd7, 0x7f, 0xa6, 0x39, 
	0x74, 0xf5, 0x74, 0xf5, 0x74, 0xf7, 0x74, 0xf7, 
	0x75, 0x37, 0x75, 0x37, 0x75, 0x37, 0x75, 0x37, 
	0x7d, 0x39, 0x7d, 0x39, 0x7d, 0x39, 0x7d, 0x39, 
	0x7d, 0x39, 0x7d, 0x39, 0x7d, 0x79, 0x7d, 0x39, 
	0x7d, 0x39, 0x7d, 0x39, 0x7d, 0x39, 0x7d, 0x39, 
	0x7d, 0x39, 0x7d, 0x39, 0x7d, 0x39, 0x7d, 0x39, 
	0x7d, 0x39, 0x75, 0x39, 0x75, 0x39, 0x75, 0x39, 
	0x75, 0x39, 0x75, 0x39, 0x75, 0x39, 0x75, 0x39, 
	0x75, 0x39, 0x75, 0x39, 0x75, 0x39, 0x75, 0x39, 
	0x7d, 0x39, 0xe7, 0x7d, 0xf7, 0xff, 0xf7, 0xbf, 
	0xef, 0xbf, 0xf7, 0xbf, 0xff, 0xff, 0xff, 0xff, 
	0xff, 0xff, 0xff, 0xff, 0xff, 0xff, 0xff, 0xff, 
	0xff, 0xff, 0xef, 0xbf, 0xdf, 0xbf, 0xd5, 0x07, 
	0xdc, 0x81, 0xfe, 0x81, 0x30, 0x81, 0x00, 0x01, 
	0x00, 0x01, 0xdc, 0xc1, 0xb3, 0x81, 0xed, 0x01, 
	0x8d, 0x77, 0x8d, 0x77, 0x7d, 0x35, 0x6c, 0xb5, 
	0x6c, 0xb5, 0x6c, 0xf5, 0x74, 0xf5, 0x95, 0xb9, 
	0xd7, 0x3d, 0xae, 0x3b, 0x85, 0x37, 0x75, 0x37, 
	0x75, 0x37, 0x75, 0x37, 0x75, 0x39, 0x7d, 0x39, 
	0x7d, 0x39, 0x7d, 0x39, 0x7d, 0x39, 0x7d, 0x39, 
	0x75, 0x39, 0x7d, 0x39, 0x7d, 0x39, 0x75, 0x39, 
	0x75, 0x39, 0x75, 0x39, 0x75, 0x39, 0x75, 0x39, 
	0x75, 0x39, 0x75, 0x37, 0x75, 0x39, 0x75, 0x39, 
	0x75, 0x39, 0x75, 0x37, 0x74, 0xf7, 0x74, 0xf7, 
	0x74, 0xf7, 0x75, 0x37, 0x74, 0xf7, 0x74, 0xf7, 
	0x75, 0x37, 0xce, 0xfd, 0xef, 0xff, 0xf7, 0xff, 
	0xff, 0xff, 0xf7, 0xff, 0xe7, 0xbf, 0xf7, 0xff, 
	0xf7, 0xff, 0xef, 0xff, 0xf7, 0xff, 0xe7, 0xbf, 
	0xdf, 0xbf, 0xdf, 0xbf, 0xdf, 0xbf, 0xd5, 0x07, 
	0xd4, 0x81, 0xfe, 0x41, 0x30, 0x81, 0x00, 0x01, 
	0x00, 0x01, 0xdc, 0xc1, 0xab, 0x41, 0xed, 0x41, 
	0x6c, 0xb3, 0x6c, 0xb3, 0x6c, 0xb3, 0x6c, 0xb5, 
	0x6c, 0xb5, 0x74, 0xf5, 0x7d, 0x37, 0xe7, 0x7d, 
	0xff, 0xff, 0xff, 0xff, 0xe7, 0x7d, 0xa5, 0xf9, 
	0x74, 0xf7, 0x75, 0x37, 0x75, 0x37, 0x75, 0x37, 
	0x75, 0x37, 0x75, 0x37, 0x75, 0x39, 0x75, 0x39, 
	0x75, 0x37, 0x75, 0x39, 0x75, 0x37, 0x75, 0x37, 
	0x75, 0x37, 0x75, 0x37, 0x75, 0x37, 0x75, 0x37, 
	0x74, 0xf7, 0x74, 0xf7, 0x74, 0xf7, 0x74, 0xf7, 
	0x6c, 0xf7, 0x6c, 0xf7, 0x6c, 0xb5, 0x6c, 0x2d, 
	0x62, 0xdd, 0x5a, 0xdd, 0x6c, 0x71, 0x6c, 0xf7, 
	0x6c, 0xf7, 0x7d, 0x37, 0xb6, 0xbd, 0xd7, 0xbf, 
	0xe7, 0xbf, 0xdf, 0xbf, 0xd7, 0xbf, 0xef, 0xbf, 
	0xdf, 0xbf, 0xcf, 0x7f, 0xd7, 0xbf, 0xd7, 0xbf, 
	0xcf, 0xbf, 0xdf, 0xbf, 0xe7, 0xbf, 0xd5, 0x07, 
	0xdc, 0x81, 0xfe, 0x41, 0x28, 0x81, 0x00, 0x01, 
	0x00, 0x01, 0xd4, 0x41, 0xb3, 0x81, 0xe5, 0x01, 
	0x6c, 0xb3, 0x6c, 0xb3, 0x6c, 0xb3, 0x6c, 0xb3, 
	0x85, 0x35, 0xdf, 0x3d, 0xd7, 0x3d, 0xff, 0xff, 
	0xff, 0xff, 0xff, 0xff, 0xff, 0xff, 0xf7, 0xff, 
	0xb6, 0x7b, 0x74, 0xf7, 0x74, 0xf7, 0x74, 0xf7, 
	0x74, 0xf7, 0x74, 0xf7, 0x74, 0xf7, 0x74, 0xf7, 
	0x74, 0xf7, 0x74, 0xf7, 0x74, 0xf7, 0x74, 0xf7, 
	0x74, 0xf7, 0x74, 0xf7, 0x74, 0xf7, 0x74, 0xf7, 
	0x74, 0xf7, 0x6c, 0xf7, 0x6c, 0xb3, 0x6b, 0xe7, 
	0x62, 0xdb, 0x5a, 0x11, 0x51, 0x47, 0x48, 0xc3, 
	0x40, 0xc3, 0x40, 0xc5, 0x51, 0xd3, 0x6c, 0xf7, 
	0x6c, 0xf7, 0x6c, 0xf7, 0x6c, 0xf7, 0x85, 0x79, 
	0xb6, 0xfd, 0xd7, 0xbf, 0xd7, 0xbf, 0xdf, 0xbf, 
	0xcf, 0x7f, 0xb6, 0xbb, 0x9e, 0x39, 0xbe, 0xfd, 
	0xd7, 0x7d, 0xd7, 0x3d, 0xae, 0x39, 0xd5, 0x09, 
	0xd4, 0x81, 0xfe, 0x01, 0x28, 0x41, 0x00, 0x01, 
	0x00, 0x01, 0xd4, 0x41, 0xb3, 0x41, 0xe5, 0x01, 
	0x64, 0x73, 0x64, 0xb3, 0x6c, 0xb3, 0x6c, 0xb3, 
	0x74, 0xf5, 0xd7, 0x3d, 0xe7, 0xbf, 0xe7, 0xbf, 
	0xef, 0xff, 0xff, 0xff, 0xff, 0xff, 0xf7, 0xff, 
	0xf7, 0xff, 0xa6, 0x39, 0x74, 0xf5, 0x6c, 0xf5, 
	0x6c, 0xf7, 0x6c, 0xf7, 0x6c, 0xf7, 0x6c, 0xf7, 
	0x6c, 0xf7, 0x6c, 0xf7, 0x6c, 0xf7, 0x6c, 0xf7, 
	0x6c, 0xf7, 0x6c, 0xb3, 0x6c, 0x71, 0x6b, 0x63, 
	0x6b, 0x1d, 0x62, 0x51, 0x59, 0x45, 0x51, 0x01, 
	0x50, 0xc1, 0x51, 0x01, 0x48, 0xc3, 0x49, 0x09, 
	0x50, 0x85, 0x48, 0x83, 0x40, 0xc5, 0x63, 0xa7, 
	0x6c, 0xb5, 0x6c, 0xb5, 0x6c, 0xb5, 0x6c, 0xb5, 
	0x6c, 0xf5, 0x8d, 0xb9, 0x8d, 0xb9, 0xa6, 0x7b, 
	0x95, 0xf9, 0x6c, 0xb5, 0x6c, 0xb5, 0x6c, 0xb3, 
	0x74, 0xb5, 0x6c, 0xb3, 0x64, 0x73, 0xd5, 0x09, 
	0xd4, 0x81, 0xfe, 0x41, 0x28, 0x41, 0x00, 0x01, 
	0x00, 0x01, 0xd4, 0x41, 0xb3, 0x41, 0xed, 0x01, 
	0x64, 0x71, 0x64, 0x73, 0x64, 0xb3, 0x6c, 0xb3, 
	0x6c, 0xb3, 0x85, 0x77, 0xcf, 0x3d, 0xdf, 0xbf, 
	0xef, 0xbf, 0xff, 0xff, 0xff, 0xff, 0xdf, 0xbf, 
	0xe7, 0xbf, 0xf7, 0xbf, 0x95, 0xb7, 0x9d, 0xf9, 
	0xce, 0xfb, 0x7d, 0x37, 0x6c, 0xb5, 0x6c, 0xb5, 
	0x6c, 0xb5, 0x6c, 0xb5, 0x6c, 0xb3, 0x73, 0xa5, 
	0x72, 0xd7, 0x72, 0x0b, 0x71, 0xc7, 0x71, 0x83, 
	0x69, 0x43, 0x61, 0x43, 0x59, 0x01, 0x59, 0x01, 
	0x59, 0x01, 0x51, 0x01, 0x40, 0xc5, 0x68, 0xc7, 
	0x68, 0x85, 0x60, 0x85, 0x40, 0x83, 0x49, 0x4b, 
	0x64, 0xb3, 0x64, 0xb5, 0x64, 0xb5, 0x64, 0xb5, 
	0x64, 0xb5, 0x64, 0xb5, 0x64, 0xb3, 0x64, 0xb3, 
	0x64, 0xb3, 0x64, 0xb3, 0x64, 0xb3, 0x64, 0x73, 
	0x64, 0x73, 0x64, 0x71, 0x64, 0x71, 0xd5, 0x09, 
	0xd4, 0x81, 0xfe, 0x01, 0x28, 0x41, 0x00, 0x01, 
	0x00, 0x01, 0xd4, 0x41, 0xb3, 0x81, 0xe5, 0x01, 
	0x64, 0x71, 0x64, 0x71, 0x64, 0x73, 0x64, 0x73, 
	0x64, 0xb3, 0x64, 0xb3, 0xb6, 0x79, 0xf7, 0xff, 
	0xff, 0xff, 0xff, 0xff, 0xef, 0xff, 0xd7, 0xbf, 
	0xdf, 0xbf, 0xf7, 0xff, 0xef, 0xbf, 0xef, 0xbf, 
	0xff, 0xff, 0xd7, 0x3d, 0x74, 0xf5, 0x6c, 0xb5, 
	0x6c, 0x2b, 0x73, 0x1b, 0x7a, 0x0b, 0x79, 0xc5, 
	0x79, 0x85, 0x71, 0x85, 0x69, 0x43, 0x61, 0x43, 
	0x61, 0x43, 0x61, 0x03, 0x59, 0x01, 0x59, 0x01, 
	0x59, 0x01, 0x50, 0xc3, 0x51, 0x09, 0x89, 0x09, 
	0x80, 0xc9, 0x70, 0x85, 0x58, 0x85, 0x40, 0xc5, 
	0x64, 0x2d, 0x64, 0xb3, 0x64, 0xb3, 0x64, 0x73, 
	0x64, 0xb3, 0x64, 0xb3, 0x64, 0xb3, 0x64, 0x73, 
	0x64, 0x73, 0x64, 0x73, 0x64, 0x73, 0x64, 0x71, 
	0x5c, 0x71, 0x5c, 0x71, 0x5c, 0x71, 0xd5, 0x09, 
	0xd4, 0x81, 0xfd, 0xc1, 0x28, 0x41, 0x00, 0x01, 
	0x00, 0x01, 0xd4, 0x41, 0xbb, 0x81, 0xe5, 0x01, 
	0x64, 0x71, 0x64, 0x71, 0x64, 0x71, 0x64, 0x71, 
	0x64, 0x73, 0x64, 0x73, 0xae, 0x39, 0xff, 0xff, 
	0xf7, 0xff, 0xef, 0xff, 0xdf, 0xbf, 0xcf, 0x7f, 
	0xd7, 0xbf, 0xf7, 0xff, 0xff, 0xff, 0xff, 0xff, 
	0xf7, 0xff, 0xf7, 0xff, 0xb6, 0x79, 0x6b, 0xe9, 
	0x7a, 0x0b, 0x79, 0xc5, 0x79, 0x85, 0x71, 0x85, 
	0x71, 0x85, 0x69, 0x43, 0x61, 0x43, 0x61, 0x43, 
	0x61, 0x43, 0x61, 0x03, 0x59, 0x03, 0x59, 0x01, 
	0x59, 0x03, 0x48, 0xc3, 0x79, 0x09, 0x89, 0x0b, 
	0x89, 0x09, 0x81, 0x09, 0x70, 0xc7, 0x48, 0xc5, 
	0x52, 0x57, 0x64, 0x73, 0x64, 0x73, 0x64, 0x73, 
	0x64, 0x73, 0x64, 0x73, 0x64, 0x73, 0x64, 0x73, 
	0x64, 0x71, 0x64, 0x71, 0x64, 0x71, 0x64, 0x71, 
	0x5c, 0x71, 0x5c, 0x31, 0x5c, 0x31, 0xd5, 0x09, 
	0xd4, 0x81, 0xfe, 0x01, 0x28, 0x41, 0x00, 0x01, 
	0x00, 0x01, 0xc4, 0x01, 0xb3, 0x81, 0xed, 0x01, 
	0x64, 0x71, 0x64, 0x71, 0x64, 0x71, 0x64, 0x71, 
	0x64, 0x71, 0x64, 0x71, 0x85, 0x35, 0xe7, 0x7d, 
	0xe7, 0xbf, 0xdf, 0xbf, 0xd7, 0xbf, 0xd7, 0xbf, 
	0xe7, 0xbf, 0xff, 0xff, 0xff, 0xff, 0xf7, 0xff, 
	0xe7, 0xbf, 0xe7, 0xbf, 0xde, 0xf9, 0x82, 0x4b, 
	0x79, 0xc5, 0x79, 0x85, 0x71, 0x85, 0x69, 0x43, 
	0x69, 0x43, 0x61, 0x43, 0x61, 0x43, 0x61, 0x03, 
	0x59, 0x03, 0x59, 0x05, 0x49, 0x05, 0x59, 0xcd, 
	0x72, 0x97, 0x69, 0xd1, 0x89, 0x4d, 0x81, 0x09, 
	0x81, 0x09, 0x79, 0x09, 0x70, 0xc7, 0x60, 0xc7, 
	0x41, 0x09, 0x64, 0x2f, 0x64, 0x71, 0x64, 0x73, 
	0x64, 0x71, 0x64, 0x71, 0x64, 0x71, 0x64, 0x71, 
	0x64, 0x71, 0x5c, 0x71, 0x5c, 0x71, 0x5c, 0x71, 
	0x5c, 0x31, 0x5c, 0x2f, 0x5c, 0x2f, 0xd5, 0x09, 
	0xd4, 0x81, 0xfd, 0xc1, 0x28, 0x41, 0x00, 0x01, 
	0x00, 0x01, 0xc4, 0x01, 0xb3, 0x81, 0xe5, 0x01, 
	0x64, 0x71, 0x64, 0x71, 0x64, 0x71, 0x64, 0x71, 
	0x64, 0x71, 0x64, 0x71, 0x64, 0x71, 0x7d, 0x33, 
	0x95, 0xb7, 0x8d, 0xb7, 0xae, 0xbb, 0xdf, 0xbf, 
	0xf7, 0xff, 0xff, 0xff, 0xff, 0xff, 0xe7, 0xbf, 
	0xdf, 0xbf, 0xe7, 0xbf, 0x94, 0x1f, 0x79, 0xc5, 
	0x71, 0x85, 0x71, 0x85, 0x69, 0x43, 0x69, 0x43, 
	0x61, 0x43, 0x61, 0x43, 0x59, 0x03, 0x49, 0x07, 
	0x62, 0x11, 0x83, 0x9f, 0xad, 0x6f, 0xa4, 0x27, 
	0xcd, 0xf1, 0xd6, 0xb7, 0xd5, 0xf1, 0xb4, 0x23, 
	0x81, 0xd1, 0x79, 0x09, 0x78, 0xc9, 0x70, 0xc7, 
	0x49, 0x0b, 0x5b, 0x65, 0x64, 0x71, 0x64, 0x71, 
	0x64, 0x71, 0x5c, 0x71, 0x5c, 0x71, 0x5c, 0x71, 
	0x5c, 0x31, 0x5c, 0x31, 0x5c, 0x31, 0x5c, 0x2f, 
	0x5c, 0x2f, 0x5c, 0x2f, 0x5c, 0x2f, 0xd5, 0x09, 
	0xd4, 0x81, 0xfd, 0xc1, 0x28, 0x41, 0x00, 0x01, 
	0x00, 0x01, 0xc4, 0x01, 0xb3, 0x41, 0xe5, 0x01, 
	0x5c, 0x71, 0x64, 0x71, 0x64, 0x71, 0x64, 0x71, 
	0x64, 0x71, 0x64, 0x71, 0x64, 0x71, 0x5c, 0x31, 
	0x5c, 0x71, 0x5c, 0x71, 0x6c, 0xb3, 0xbe, 0xfd, 
	0xd7, 0xbf, 0xdf, 0xbf, 0xe7, 0xbf, 0xdf, 0xbf, 
	0xdf, 0xbf, 0xdf, 0x7d, 0x7a, 0x09, 0x79, 0x85, 
	0x71, 0x85, 0x69, 0x45, 0x61, 0x45, 0x51, 0x05, 
	0x49, 0x07, 0x6a, 0x53, 0x8b, 0xe1, 0xb5, 0x6f, 
	0xac, 0x67, 0x92, 0x97, 0x81, 0x4b, 0x78, 0xc9, 
	0xbc, 0xa5, 0xac, 0x67, 0x8a, 0x13, 0xb4, 0xa9, 
	0xd6, 0x33, 0xb4, 0xa7, 0x82, 0x13, 0x78, 0xc9, 
	0x61, 0x09, 0x52, 0x9b, 0x64, 0x71, 0x5c, 0x71, 
	0x5c, 0x71, 0x5c, 0x71, 0x5c, 0x31, 0x5c, 0x31, 
	0x5c, 0x31, 0x5c, 0x2f, 0x5c, 0x2f, 0x5c, 0x2f, 
	0x54, 0x2f, 0x54, 0x2f, 0x54, 0x2f, 0xd5, 0x09, 
	0xd4, 0x81, 0xfe, 0x01, 0x28, 0x81, 0x00, 0x01, 
	0x00, 0x01, 0xcc, 0x41, 0xb3, 0x81, 0xe5, 0x01, 
	0x5c, 0x2f, 0x5c, 0x2f, 0x5c, 0x71, 0x5c, 0x71, 
	0x5c, 0x71, 0x5c, 0x2f, 0x5c, 0x2f, 0x5c, 0x2f, 
	0x5c, 0x2f, 0x5c, 0x31, 0x5c, 0x31, 0x74, 0xb3, 
	0xae, 0x7b, 0xcf, 0x7f, 0xcf, 0x7f, 0xa6, 0x39, 
	0xa5, 0xf5, 0x72, 0x95, 0x69, 0x45, 0x61, 0x45, 
	0x51, 0x05, 0x49, 0x09, 0x72, 0x95, 0x9c, 0x23, 
	0xbd, 0x6f, 0xac, 0x25, 0x8a, 0x55, 0x81, 0x0b, 
	0x78, 0xc9, 0x78, 0xc9, 0x78, 0xc9, 0x78, 0xc9, 
	0xbc, 0xa7, 0xac, 0x27, 0x79, 0x09, 0x79, 0x09, 
	0x81, 0xcf, 0xac, 0x25, 0xcd, 0xf3, 0xbc, 0xe9, 
	0x81, 0xcf, 0x49, 0x91, 0x5c, 0x71, 0x5c, 0x71, 
	0x5c, 0x31, 0x5c, 0x31, 0x5c, 0x31, 0x5c, 0x2f, 
	0x5c, 0x2f, 0x5c, 0x2f, 0x54, 0x2f, 0x53, 0xef, 
	0x54, 0x2f, 0x53, 0xef, 0x53, 0xef, 0xd5, 0x09, 
	0xd4, 0x81, 0xfe, 0x01, 0x28, 0x41, 0x00, 0x01, 
	0x00, 0x01, 0xc4, 0x01, 0xb3, 0x81, 0xe5, 0x01, 
	0x5c, 0x2f, 0x5c, 0x2f, 0x5c, 0x2f, 0x5c, 0x2f, 
	0x5c, 0x2f, 0x5c, 0x2f, 0x5c, 0x2f, 0x5c, 0x2f, 
	0x5c, 0x2f, 0x5c, 0x2f, 0x5c, 0x2f, 0x5c, 0x2f, 
	0x5c, 0x31, 0x8d, 0xb7, 0x8d, 0xb7, 0x5c, 0x2f, 
	0x51, 0xcf, 0x49, 0x05, 0x49, 0x09, 0x72, 0xd7, 
	0xa4, 0xa7, 0xc5, 0x6f, 0xa3, 0xe3, 0x89, 0xd1, 
	0x80, 0xc9, 0x80, 0x87, 0x80, 0xc7, 0x9a, 0x55, 
	0xab, 0x9d, 0xab, 0xe1, 0x80, 0xc9, 0x80, 0xc9, 
	0xbc, 0x65, 0xac, 0x27, 0x79, 0x09, 0x79, 0x09, 
	0xbc, 0xa5, 0x89, 0x8d, 0x81, 0x4d, 0x9b, 0x9f, 
	0xcd, 0xf1, 0x83, 0x5f, 0x5c, 0x31, 0x5c, 0x2f, 
	0x5c, 0x2f, 0x5c, 0x2f, 0x5c, 0x2f, 0x5c, 0x2f, 
	0x5c, 0x2f, 0x5c, 0x2f, 0x53, 0xef, 0x53, 0xed, 
	0x53, 0xed, 0x53, 0xed, 0x5c, 0x2f, 0xd5, 0x09, 
	0xd4, 0x81, 0xfd, 0xc1, 0x28, 0x41, 0x00, 0x01, 
	0x00, 0x01, 0xcc, 0x41, 0xb3, 0x41, 0xe4, 0xc1, 
	0x5c, 0x2f, 0x5c, 0x2f, 0x5c, 0x2f, 0x5c, 0x2f, 
	0x5c, 0x2f, 0x5c, 0x2f, 0x5c, 0x2f, 0x5c, 0x2f, 
	0x5c, 0x2f, 0x5c, 0x2f, 0x5c, 0x2f, 0x5c, 0x2f, 
	0x5c, 0x2f, 0x5c, 0x2f, 0x5c, 0x2f, 0x5b, 0xed, 
	0x41, 0x09, 0x83, 0x5b, 0xc5, 0xaf, 0xab, 0xe3, 
	0x91, 0x8f, 0x98, 0x45, 0xa0, 0x03, 0xa8, 0x43, 
	0xa0, 0x85, 0x98, 0x87, 0x91, 0x4b, 0xb4, 0xa7, 
	0x9d, 0x2f, 0x94, 0xed, 0x80, 0xc9, 0x80, 0xc9, 
	0xb3, 0xe1, 0xac, 0x27, 0x79, 0x09, 0x79, 0x09, 
	0xac, 0x61, 0x8a, 0xd5, 0xa3, 0x19, 0x89, 0x8d, 
	0x8a, 0x55, 0xc5, 0xf3, 0x5c, 0x31, 0x5c, 0x2f, 
	0x5c, 0x2f, 0x5c, 0x2f, 0x5c, 0x2f, 0x5c, 0x2f, 
	0x54, 0x2f, 0x54, 0x2f, 0x53, 0xef, 0x53, 0xed, 
	0x5c, 0x2f, 0xad, 0xf7, 0xdf, 0x3b, 0xcc, 0xc9, 
	0xd4, 0x81, 0xfd, 0xc1, 0x30, 0x81, 0x00, 0x01, 
	0x00, 0x01, 0xcc, 0x41, 0xb3, 0x81, 0xe4, 0xc1, 
	0x5c, 0x2f, 0x53, 0xef, 0x54, 0x2f, 0x54, 0x2f, 
	0x54, 0x2f, 0x5c, 0x2f, 0x5c, 0x2f, 0x5c, 0x2f, 
	0x5c, 0x2f, 0x5c, 0x2f, 0x5c, 0x2f, 0x5c, 0x2f, 
	0x5c, 0x2f, 0x5c, 0x2f, 0x5c, 0x2f, 0x5c, 0x2f, 
	0x6c, 0x71, 0xde, 0xf9, 0xb8, 0xc9, 0xc0, 0x43, 
	0xd1, 0x8d, 0xd1, 0x8d, 0xc8, 0x01, 0xb8, 0x43, 
	0xa8, 0x43, 0x98, 0x87, 0x91, 0x8d, 0xa4, 0x25, 
	0x53, 0x1f, 0x8c, 0xad, 0x81, 0x09, 0x80, 0xc9, 
	0xa3, 0x19, 0xb4, 0x67, 0x79, 0x09, 0x79, 0x09, 
	0xb4, 0xa3, 0x49, 0x05, 0x41, 0x07, 0x73, 0x19, 
	0x92, 0x13, 0xde, 0xb9, 0x64, 0x71, 0x5c, 0x2f, 
	0x5c, 0x2f, 0x5c, 0x2f, 0x5c, 0x2f, 0x54, 0x2f, 
	0x54, 0x2f, 0x53, 0xef, 0x53, 0xed, 0x53, 0xed, 
	0x7c, 0xf3, 0xff, 0xff, 0xff, 0xff, 0xcc, 0xc9, 
	0xd4, 0x81, 0xfe, 0x01, 0x28, 0x41, 0x00, 0x01, 
	0x00, 0x01, 0xc3, 0xc1, 0xb3, 0x81, 0xe4, 0xc1, 
	0x84, 0xf3, 0x53, 0xed, 0x53, 0xed, 0x53, 0xed, 
	0x53, 0xed, 0x53, 0xef, 0x54, 0x2f, 0x54, 0x2f, 
	0x54, 0x2f, 0x54, 0x2f, 0x5c, 0x2f, 0x6c, 0x6d, 
	0xa5, 0xf5, 0x5c, 0x2f, 0x5c, 0x2f, 0x5c, 0x2f, 
	0x7c, 0xb1, 0xde, 0xb9, 0xc8, 0x85, 0xe4, 0xa5, 
	0xcc, 0xe9, 0xb4, 0x65, 0xc0, 0x87, 0xb8, 0x03, 
	0xa8, 0x43, 0x98, 0x87, 0x91, 0x4b, 0x9b, 0xe3, 
	0x7a, 0x57, 0x9b, 0x1d, 0x80, 0xc9, 0x80, 0xc9, 
	0x92, 0x13, 0xd6, 0x35, 0xbc, 0xa5, 0x9a, 0xd7, 
	0xac, 0x21, 0x41, 0x03, 0x38, 0xc3, 0x73, 0x5b, 
	0x9a, 0x13, 0xd6, 0x35, 0x6c, 0x6f, 0x5c, 0x2f, 
	0x5c, 0x2f, 0x5c, 0x2f, 0x54, 0x2f, 0x53, 0xef, 
	0x53, 0xef, 0x53, 0xed, 0x53, 0xed, 0x53, 0xed, 
	0xad, 0xf7, 0xff, 0xff, 0xff, 0xff, 0xcc, 0xc9, 
	0xd4, 0x81, 0xfe, 0x01, 0x30, 0x81, 0x00, 0x01, 
	0x00, 0x01, 0xc3, 0xc1, 0xb3, 0x41, 0xdc, 0xc1, 
	0xb6, 0x37, 0x53, 0xed, 0x53, 0xed, 0x53, 0xed, 
	0x53, 0xed, 0x53, 0xed, 0x53, 0xed, 0x53, 0xed, 
	0x54, 0x2f, 0x53, 0xef, 0x54, 0x2f, 0x94, 0xe9, 
	0xfe, 0xf1, 0xb6, 0x37, 0xbe, 0xbb, 0x85, 0x75, 
	0x95, 0x31, 0xe6, 0xb7, 0xc8, 0x85, 0xce, 0xb9, 
	0x73, 0xe5, 0xa4, 0x25, 0xb9, 0x09, 0xb0, 0x43, 
	0xa0, 0x85, 0x90, 0xc7, 0x88, 0xc9, 0x89, 0x0b, 
	0x80, 0xc9, 0x81, 0x09, 0x80, 0xc9, 0x80, 0xc9, 
	0x89, 0x8f, 0xde, 0xb9, 0xbc, 0xe9, 0xcd, 0xaf, 
	0xde, 0xb5, 0xac, 0x21, 0x82, 0xd5, 0x73, 0x5b, 
	0xa2, 0xd7, 0xc5, 0x6d, 0x84, 0xaf, 0x5c, 0x2f, 
	0x5c, 0x2f, 0x54, 0x2f, 0x53, 0xef, 0x53, 0xed, 
	0x53, 0xed, 0x53, 0xed, 0x53, 0xed, 0x53, 0xed, 
	0x8d, 0x33, 0xf7, 0xbf, 0xff, 0xff, 0xcd, 0x09, 
	0xd4, 0x41, 0xfe, 0x01, 0x28, 0x41, 0x00, 0x01, 
	0x00, 0x01, 0xcc, 0x41, 0xb3, 0x41, 0xe4, 0xc1, 
	0xff, 0xff, 0xc6, 0x79, 0x53, 0xed, 0x53, 0xed, 
	0x53, 0xed, 0x53, 0xed, 0x53, 0xed, 0x53, 0xed, 
	0x53, 0xed, 0x53, 0xed, 0x54, 0x2d, 0x7c, 0xf3, 
	0xff, 0xbd, 0xff, 0xff, 0xc6, 0xfd, 0x64, 0x6f, 
	0xad, 0x73, 0xde, 0x35, 0xc0, 0x43, 0xb5, 0xb1, 
	0x9a, 0xdb, 0xba, 0x57, 0xb0, 0x85, 0xa0, 0x85, 
	0x90, 0x87, 0x88, 0xc7, 0x88, 0xc7, 0x80, 0xc9, 
	0x80, 0xc9, 0x80, 0xc9, 0x81, 0x09, 0x80, 0xc9, 
	0x89, 0x8d, 0xd6, 0x75, 0x81, 0x09, 0x81, 0x09, 
	0x89, 0x4d, 0x92, 0x53, 0xb4, 0x23, 0xc5, 0x2b, 
	0xd6, 0x33, 0xd6, 0xfb, 0xa5, 0x71, 0x5c, 0x2f, 
	0x54, 0x2f, 0x53, 0xef, 0x53, 0xed, 0x53, 0xed, 
	0x53, 0xed, 0x53, 0xed, 0x53, 0xed, 0x53, 0xed, 
	0x4b, 0xed, 0x9d, 0xb5, 0xf7, 0xff, 0xd5, 0x09, 
	0xd4, 0x41, 0xfe, 0x01, 0x28, 0x81, 0x00, 0x01, 
	0x00, 0x01, 0xc3, 0xc1, 0xab, 0x41, 0xe4, 0xc1, 
	0xff, 0xff, 0xff, 0xff, 0x95, 0x73, 0x53, 0xed, 
	0x53, 0xed, 0x53, 0xed, 0x53, 0xed, 0x53, 0xed, 
	0x53, 0xed, 0x53, 0xed, 0x53, 0xed, 0x5c, 0x2f, 
	0xb6, 0x79, 0xd7, 0x3d, 0x7c, 0xf3, 0x54, 0x2f, 
	0xbd, 0x71, 0xcd, 0x71, 0xb8, 0x43, 0xb8, 0x43, 
	0xb0, 0x43, 0xa8, 0x45, 0xa0, 0x85, 0x98, 0x85, 
	0x90, 0xc7, 0x88, 0xc7, 0x88, 0xc7, 0x88, 0xc9, 
	0x80, 0xc9, 0x80, 0xc9, 0x80, 0xc9, 0x80, 0xc9, 
	0x89, 0x4d, 0xd6, 0x79, 0x89, 0x4d, 0x80, 0xc9, 
	0x80, 0xc9, 0x89, 0x09, 0x91, 0x4b, 0x99, 0x8b, 
	0xa2, 0x0f, 0xb4, 0xa7, 0xb5, 0x71, 0x54, 0x2f, 
	0x53, 0xed, 0x53, 0xed, 0x5c, 0x2f, 0x53, 0xed, 
	0x53, 0xed, 0x53, 0xed, 0x53, 0xed, 0x53, 0xed, 
	0x4b, 0xed, 0x53, 0xed, 0x9d, 0xb5, 0xd5, 0x09, 
	0xd4, 0x41, 0xfe, 0x01, 0x28, 0x81, 0x00, 0x01, 
	0x00, 0x01, 0xc3, 0xc1, 0xab, 0x41, 0xe4, 0xc1, 
	0xf7, 0xff, 0xff, 0xff, 0xe7, 0xbf, 0xb6, 0x79, 
	0x64, 0x2d, 0x4b, 0xed, 0x53, 0xed, 0x53, 0xed, 
	0x53, 0xed, 0x53, 0xed, 0x53, 0xed, 0x53, 0xed, 
	0x53, 0xed, 0x5c, 0x2f, 0x54, 0x2f, 0x54, 0x2f, 
	0xc5, 0x6f, 0xc4, 0xab, 0xb0, 0x43, 0xa8, 0x45, 
	0xa0, 0x85, 0x98, 0x85, 0x98, 0x85, 0x90, 0x87, 
	0x90, 0xc7, 0x88, 0xc7, 0x88, 0xc7, 0x88, 0xc7, 
	0x80, 0xc9, 0x80, 0xc9, 0x80, 0xc9, 0x80, 0xc9, 
	0x89, 0x4d, 0xd6, 0x79, 0x89, 0x4d, 0x80, 0xc9, 
	0x89, 0x09, 0x91, 0x09, 0x99, 0x4b, 0x99, 0x8b, 
	0xa1, 0xcd, 0xab, 0x19, 0xad, 0x71, 0x54, 0x2f, 
	0x9d, 0xb5, 0xb6, 0x37, 0xdf, 0x3b, 0x5c, 0x2d, 
	0x53, 0xed, 0x53, 0xed, 0x4b, 0xed, 0x53, 0xed, 
	0x53, 0xad, 0x4b, 0xad, 0x4b, 0xab, 0xdd, 0x4b, 
	0xd4, 0x81, 0xfd, 0xc1, 0x30, 0x81, 0x00, 0x01, 
	0x00, 0x01, 0xc3, 0xc1, 0xab, 0x41, 0xe4, 0xc1, 
	0xf7, 0xff, 0xf7, 0xff, 0xdf, 0xbf, 0xd7, 0x7f, 
	0x73, 0xe3, 0x42, 0x11, 0x42, 0x57, 0x4b, 0xab, 
	0x4b, 0xed, 0x53, 0xed, 0x53, 0xed, 0x53, 0xed, 
	0x53, 0xed, 0x53, 0xed, 0x53, 0xed, 0x53, 0xed, 
	0xc5, 0x6f, 0xc4, 0x67, 0xa0, 0x85, 0xa0, 0x85, 
	0x98, 0x85, 0x98, 0x87, 0x90, 0x87, 0x90, 0xc7, 
	0x90, 0xc7, 0x88, 0xc7, 0x88, 0xc7, 0x88, 0xc7, 
	0x88, 0xc7, 0x80, 0xc9, 0x80, 0xc9, 0x88, 0xc7, 
	0x91, 0x4b, 0xd6, 0x77, 0x89, 0x4b, 0x88, 0xc7, 
	0x89, 0x09, 0x91, 0x49, 0x99, 0x8b, 0xa1, 0xcd, 
	0xa1, 0xcd, 0xa2, 0x53, 0xc5, 0xf7, 0x5b, 0xed, 
	0xa5, 0xf5, 0xff, 0xff, 0xc6, 0xb9, 0x53, 0xed, 
	0x53, 0xed, 0x53, 0xed, 0x53, 0xed, 0x4b, 0xad, 
	0x53, 0xad, 0x4b, 0xad, 0x4b, 0xab, 0xe5, 0x8d, 
	0xd4, 0x41, 0xfe, 0x01, 0x30, 0x81, 0x00, 0x01, 
	0x00, 0x01, 0xc3, 0xc1, 0xab, 0x41, 0xe4, 0xc1, 
	0xf7, 0xff, 0xef, 0xff, 0xd7, 0xbf, 0xa5, 0xf1, 
	0x42, 0x11, 0x39, 0xcf, 0x3a, 0x11, 0x4b, 0x67, 
	0x4b, 0xad, 0x53, 0xed, 0x53, 0xed, 0x53, 0xed, 
	0x53, 0xed, 0x53, 0xed, 0x53, 0xed, 0x53, 0xed, 
	0xcd, 0xb1, 0xbc, 0x25, 0xa0, 0x87, 0x98, 0x87, 
	0x98, 0x85, 0x98, 0x87, 0x90, 0x87, 0x90, 0xc7, 
	0x90, 0xc7, 0x88, 0xc7, 0x88, 0xc7, 0x88, 0xc7, 
	0x88, 0xc7, 0x88, 0xc7, 0x88, 0xc7, 0x88, 0xc7, 
	0x91, 0x0b, 0xd6, 0x77, 0x91, 0x4d, 0x88, 0xc7, 
	0x91, 0x09, 0x99, 0x49, 0x99, 0xcb, 0x92, 0x0b, 
	0x92, 0x0d, 0x9a, 0x8f, 0xbd, 0xf5, 0x6b, 0xeb, 
	0x53, 0xed, 0x74, 0xb1, 0x5c, 0x2d, 0x53, 0xed, 
	0x53, 0xed, 0x53, 0xed, 0x4b, 0xab, 0x4b, 0x25, 
	0x4b, 0x23, 0x4b, 0xab, 0x4b, 0xab, 0xed, 0xcd, 
	0xd4, 0x81, 0xfe, 0x01, 0x30, 0x81, 0x00, 0x01, 
	0x00, 0x01, 0xc3, 0xc1, 0xab, 0x41, 0xe4, 0xc1, 
	0xff, 0xff, 0xe7, 0xbf, 0xcf, 0x7f, 0x84, 0x65, 
	0x42, 0x11, 0x39, 0xcf, 0x39, 0xd1, 0x4b, 0x65, 
	0x4b, 0xad, 0x53, 0xed, 0x53, 0xed, 0x53, 0xed, 
	0x53, 0xed, 0x53, 0xed, 0x53, 0xed, 0x53, 0xed, 
	0xd6, 0x35, 0xbb, 0xe3, 0xa0, 0x85, 0x98, 0xc7, 
	0x90, 0xc5, 0x89, 0x07, 0x6a, 0x89, 0x53, 0x89, 
	0x53, 0xcb, 0x5b, 0x47, 0x53, 0xcb, 0x53, 0x87, 
	0x4a, 0xc5, 0x52, 0xc5, 0x52, 0x47, 0x52, 0x89, 
	0x5b, 0x49, 0x6d, 0x59, 0x5b, 0x4b, 0x5b, 0x45, 
	0x5b, 0x45, 0x5b, 0x07, 0x33, 0xc5, 0x23, 0x43, 
	0x23, 0x83, 0x2c, 0x03, 0x3c, 0x87, 0x4c, 0x8b, 
	0x44, 0x5d, 0x53, 0xed, 0x53, 0xed, 0x53, 0xed, 
	0x53, 0xed, 0x53, 0xed, 0x42, 0x9b, 0x3a, 0x11, 
	0x39, 0xcf, 0x42, 0x55, 0x4b, 0x67, 0xed, 0xcd, 
	0xd4, 0x81, 0xfe, 0x01, 0x30, 0x81, 0x00, 0x01, 
	0x00, 0x01, 0xbb, 0xc1, 0xab, 0x41, 0xe4, 0xc1, 
	0xef, 0xbf, 0xd7, 0xbf, 0xc7, 0x3d, 0x52, 0xdb, 
	0x42, 0x11, 0x39, 0xcf, 0x39, 0xcf, 0x4b, 0x25, 
	0x4b, 0xab, 0x4b, 0xeb, 0x4b, 0xed, 0x53, 0xed, 
	0x53, 0xed, 0x53, 0xed, 0x53, 0xed, 0x53, 0xab, 
	0xce, 0xf7, 0x9c, 0x1b, 0x53, 0x47, 0x43, 0xc5, 
	0x33, 0x85, 0x2b, 0x85, 0x2c, 0x05, 0x2b, 0x45, 
	0x2a, 0x87, 0x2a, 0x87, 0x2a, 0x87, 0x22, 0x87, 
	0x2a, 0x47, 0x2a, 0x07, 0x29, 0xc9, 0x29, 0xcb, 
	0x29, 0xc9, 0x29, 0xc9, 0x29, 0xc7, 0x31, 0xc7, 
	0x39, 0xc7, 0x31, 0x87, 0x31, 0x89, 0x39, 0x89, 
	0x39, 0x89, 0x31, 0x87, 0x29, 0xc7, 0x22, 0x85, 
	0x23, 0x03, 0x3b, 0xd3, 0x53, 0xed, 0x53, 0xed, 
	0x53, 0xed, 0x4b, 0xab, 0x3a, 0x11, 0x39, 0xcf, 
	0x39, 0xcf, 0x42, 0x11, 0x42, 0x9d, 0xed, 0xcd, 
	0xd4, 0x81, 0xfe, 0x01, 0x30, 0x81, 0x00, 0x01, 
	0x00, 0x01, 0xc3, 0xc1, 0xb3, 0x41, 0xe4, 0xc1, 
	0xd7, 0x7d, 0xc7, 0x3d, 0x7d, 0x31, 0x42, 0x55, 
	0x39, 0xcf, 0x39, 0xcf, 0x3a, 0x11, 0x4b, 0x67, 
	0x4b, 0xab, 0x4b, 0xab, 0x4b, 0xab, 0x4b, 0xab, 
	0x53, 0xed, 0x4c, 0x27, 0x44, 0x9b, 0x34, 0x8b, 
	0x2c, 0x85, 0x24, 0x03, 0x22, 0xc5, 0x22, 0x47, 
	0x29, 0xc7, 0x39, 0x87, 0x41, 0x87, 0x49, 0x47, 
	0x49, 0x47, 0x49, 0x47, 0x49, 0x47, 0x51, 0x87, 
	0x51, 0x87, 0x49, 0x47, 0x51, 0x47, 0x49, 0x47, 
	0x41, 0x47, 0x49, 0x47, 0x51, 0x47, 0x49, 0x47, 
	0x49, 0x47, 0x49, 0x05, 0x49, 0x05, 0x49, 0x47, 
	0x49, 0x47, 0x51, 0x47, 0x51, 0x87, 0x49, 0x87, 
	0x31, 0x87, 0x22, 0x47, 0x3c, 0x15, 0x4b, 0xeb, 
	0x53, 0xed, 0x4b, 0xab, 0x3a, 0x11, 0x39, 0xcf, 
	0x39, 0xcf, 0x39, 0xcf, 0x42, 0x13, 0xed, 0xcd, 
	0xd4, 0x81, 0xfe, 0x01, 0x30, 0x81, 0x00, 0x01, 
	
};

Gfx rbtcm_Lonely_Floating_Sky2_rgba16_aligner[] = {gsSPEndDisplayList()};
u8 rbtcm_Lonely_Floating_Sky2_rgba16[] = {
	0x00, 0x01, 0xc3, 0xc1, 0xb3, 0x41, 0xe4, 0xc1, 
	0xd7, 0x7d, 0xc7, 0x3d, 0x7d, 0x31, 0x42, 0x55, 
	0x39, 0xcf, 0x39, 0xcf, 0x3a, 0x11, 0x4b, 0x67, 
	0x4b, 0xab, 0x4b, 0xab, 0x4b, 0xab, 0x4b, 0xab, 
	0x53, 0xed, 0x4c, 0x27, 0x44, 0x9b, 0x34, 0x8b, 
	0x2c, 0x85, 0x24, 0x03, 0x22, 0xc5, 0x22, 0x47, 
	0x29, 0xc7, 0x39, 0x87, 0x41, 0x87, 0x49, 0x47, 
	0x49, 0x47, 0x49, 0x47, 0x49, 0x47, 0x51, 0x87, 
	0x51, 0x87, 0x49, 0x47, 0x51, 0x47, 0x49, 0x47, 
	0x41, 0x47, 0x49, 0x47, 0x51, 0x47, 0x49, 0x47, 
	0x49, 0x47, 0x49, 0x05, 0x49, 0x05, 0x49, 0x47, 
	0x49, 0x47, 0x51, 0x47, 0x51, 0x87, 0x49, 0x87, 
	0x31, 0x87, 0x22, 0x47, 0x3c, 0x15, 0x4b, 0xeb, 
	0x53, 0xed, 0x4b, 0xab, 0x3a, 0x11, 0x39, 0xcf, 
	0x39, 0xcf, 0x39, 0xcf, 0x42, 0x13, 0xed, 0xcd, 
	0xd4, 0x81, 0xfe, 0x01, 0x30, 0x81, 0x00, 0x01, 
	0x00, 0x01, 0xc3, 0xc1, 0xb3, 0x41, 0xe4, 0xc1, 
	0x5c, 0x2d, 0x5b, 0xed, 0x4b, 0xab, 0x3a, 0x11, 
	0x39, 0xcf, 0x42, 0x11, 0x39, 0xd1, 0x4b, 0x69, 
	0x4b, 0xab, 0x4b, 0xa9, 0x44, 0x23, 0x3c, 0x57, 
	0x34, 0x0f, 0x23, 0x45, 0x22, 0xc5, 0x22, 0x07, 
	0x31, 0xc7, 0x39, 0x87, 0x39, 0x87, 0x41, 0x47, 
	0x49, 0x47, 0x51, 0x47, 0x59, 0x89, 0x59, 0x87, 
	0x61, 0xc9, 0x51, 0x87, 0x51, 0x47, 0x72, 0x09, 
	0x82, 0x4b, 0x69, 0xc9, 0x51, 0x45, 0x69, 0x87, 
	0x59, 0x87, 0x59, 0x87, 0x69, 0x87, 0x51, 0x45, 
	0x51, 0x47, 0x49, 0x05, 0x49, 0x47, 0x49, 0x47, 
	0x49, 0x45, 0x59, 0x87, 0x61, 0x87, 0x59, 0x87, 
	0x51, 0x47, 0x41, 0x87, 0x2a, 0x09, 0x33, 0x91, 
	0x4b, 0xab, 0x4b, 0x65, 0x3a, 0x11, 0x39, 0xcf, 
	0x39, 0xcf, 0x39, 0xcf, 0x39, 0xcf, 0xed, 0xcd, 
	0xd4, 0x81, 0xfe, 0x01, 0x30, 0x81, 0x00, 0x01, 
	0x00, 0x01, 0xc3, 0xc1, 0xab, 0x41, 0xdc, 0x81, 
	0x43, 0x69, 0x4b, 0xab, 0x42, 0xdf, 0x41, 0xd1, 
	0x39, 0x8d, 0x39, 0xcf, 0x39, 0xd1, 0x4b, 0x25, 
	0x43, 0x9f, 0x35, 0xc7, 0x2b, 0xc5, 0x22, 0x47, 
	0x21, 0xc7, 0x31, 0x87, 0x41, 0x87, 0x51, 0x87, 
	0x51, 0x47, 0x51, 0x87, 0x59, 0x89, 0x49, 0x47, 
	0x59, 0x89, 0x61, 0xc9, 0x61, 0xc9, 0x69, 0xc9, 
	0x61, 0xc7, 0x69, 0xc9, 0x59, 0x87, 0x92, 0x8b, 
	0x9a, 0xcb, 0x8a, 0x8b, 0x49, 0x45, 0x69, 0x87, 
	0x59, 0x87, 0x59, 0x47, 0x61, 0x87, 0x59, 0x47, 
	0x59, 0x47, 0x49, 0x07, 0x49, 0x47, 0x49, 0x47, 
	0x51, 0x47, 0x59, 0x87, 0x61, 0x87, 0x51, 0x47, 
	0x61, 0x87, 0x61, 0x87, 0x49, 0x87, 0x29, 0xc9, 
	0x32, 0x51, 0x42, 0xdf, 0x42, 0x11, 0x39, 0xcf, 
	0x39, 0xcf, 0x39, 0xcf, 0x39, 0xcf, 0xee, 0x0d, 
	0xd4, 0x41, 0xfe, 0x01, 0x30, 0x81, 0x00, 0x01, 
	0x00, 0x01, 0xc3, 0xc1, 0xab, 0x41, 0xdc, 0x81, 
	0x43, 0x69, 0x4b, 0xa9, 0x39, 0x8d, 0x39, 0x47, 
	0x39, 0x47, 0x39, 0x47, 0x39, 0x47, 0x39, 0x8d, 
	0x43, 0x9d, 0x2d, 0x03, 0x39, 0x87, 0x41, 0x87, 
	0x49, 0x47, 0x51, 0x87, 0x61, 0xc9, 0x7a, 0x09, 
	0x69, 0xc9, 0x51, 0x45, 0x51, 0x87, 0x49, 0x47, 
	0x59, 0x89, 0x72, 0x09, 0x82, 0x4b, 0x8a, 0x8b, 
	0x51, 0x87, 0x69, 0xc9, 0x61, 0xc9, 0x61, 0xc7, 
	0x9b, 0x0b, 0x92, 0x8b, 0x59, 0x87, 0x61, 0x87, 
	0x59, 0x47, 0x59, 0x47, 0x59, 0x47, 0x49, 0x45, 
	0x51, 0x45, 0x41, 0x05, 0x51, 0x87, 0x51, 0x87, 
	0x49, 0x45, 0x59, 0x87, 0x59, 0x87, 0x49, 0x45, 
	0x59, 0x87, 0x61, 0x87, 0x61, 0x87, 0x59, 0x87, 
	0x39, 0x87, 0x32, 0x11, 0x42, 0x11, 0x39, 0xcf, 
	0x39, 0xcf, 0x39, 0xcf, 0x39, 0xcf, 0xf6, 0x0f, 
	0xd4, 0x81, 0xfd, 0xc1, 0x30, 0x81, 0x00, 0x01, 
	0x00, 0x01, 0xc3, 0xc1, 0xab, 0x41, 0xdc, 0xc1, 
	0x43, 0x69, 0x43, 0x69, 0x42, 0x9b, 0x39, 0x8d, 
	0x39, 0x47, 0x39, 0x47, 0x39, 0x49, 0x4a, 0xdf, 
	0x4b, 0xab, 0x2b, 0x4d, 0x3a, 0x11, 0x59, 0x87, 
	0x61, 0xc7, 0x7a, 0x49, 0x7a, 0x49, 0x8a, 0x8b, 
	0x6a, 0x09, 0x59, 0x87, 0x59, 0x87, 0x49, 0x45, 
	0x59, 0x89, 0x61, 0xc9, 0x82, 0x49, 0x9a, 0xcd, 
	0x8a, 0x8b, 0x59, 0x87, 0x72, 0x09, 0x61, 0xc7, 
	0x9b, 0x0d, 0x92, 0x8b, 0x51, 0x47, 0x69, 0x87, 
	0x59, 0x47, 0x49, 0x05, 0x59, 0x47, 0x49, 0x45, 
	0x41, 0x05, 0x49, 0x45, 0x7a, 0x49, 0x61, 0xc9, 
	0x59, 0x87, 0x51, 0x45, 0x51, 0x45, 0x61, 0xc7, 
	0x61, 0xc9, 0x59, 0xcb, 0x52, 0x0f, 0x3a, 0x51, 
	0x3a, 0x11, 0x29, 0xc9, 0x39, 0xcf, 0x39, 0xcf, 
	0x39, 0xcf, 0x39, 0xcf, 0x39, 0xcf, 0xf6, 0x0f, 
	0xd4, 0x41, 0xfd, 0xc1, 0x30, 0x81, 0x00, 0x01, 
	0x00, 0x01, 0xc3, 0xc1, 0xab, 0x41, 0xdc, 0xc1, 
	0x43, 0x69, 0x43, 0x69, 0x43, 0x69, 0x43, 0x23, 
	0x39, 0x49, 0x42, 0x13, 0x42, 0x59, 0x4b, 0xab, 
	0x4b, 0xab, 0x3b, 0x1f, 0x32, 0x99, 0x4a, 0x57, 
	0x59, 0x87, 0x61, 0xc7, 0x92, 0xcb, 0x72, 0x09, 
	0x72, 0x09, 0x69, 0xc9, 0x61, 0xc9, 0x49, 0x45, 
	0x61, 0x87, 0x82, 0x4b, 0x59, 0x87, 0x7a, 0x49, 
	0x92, 0x8b, 0x69, 0xc7, 0x9a, 0xcb, 0x82, 0x49, 
	0x8a, 0x8b, 0x7a, 0x49, 0x51, 0x45, 0x61, 0x87, 
	0x49, 0x05, 0x51, 0x47, 0x51, 0x47, 0x41, 0x05, 
	0x41, 0x05, 0x8a, 0x8b, 0x7a, 0x49, 0x59, 0x89, 
	0x59, 0x87, 0x49, 0x05, 0x51, 0x87, 0x8c, 0x23, 
	0x9d, 0x2f, 0x6b, 0xdf, 0x63, 0x9d, 0x63, 0x9d, 
	0x3a, 0x93, 0x32, 0x51, 0x39, 0xcf, 0x39, 0xcf, 
	0x39, 0xcf, 0x39, 0xcf, 0x39, 0xcf, 0xf6, 0x0f, 
	0xd4, 0x41, 0xfd, 0xc1, 0x30, 0x81, 0x00, 0x01, 
	0x00, 0x01, 0xcc, 0x01, 0xb3, 0x41, 0xdc, 0xc1, 
	0x43, 0x67, 0x43, 0x67, 0x43, 0x69, 0x43, 0x69, 
	0x42, 0x9b, 0x43, 0x67, 0x4b, 0xa9, 0x4b, 0xab, 
	0x4b, 0xab, 0x43, 0x69, 0x3b, 0x21, 0x43, 0x6b, 
	0x42, 0xe1, 0x51, 0xcd, 0x72, 0x09, 0x9a, 0xcb, 
	0x92, 0x8b, 0x92, 0x8b, 0x61, 0xc7, 0x69, 0xc7, 
	0x51, 0x45, 0x8a, 0x8b, 0x82, 0x4b, 0x82, 0x4b, 
	0x8a, 0x8b, 0x69, 0xc9, 0x72, 0x09, 0xa3, 0x4d, 
	0x69, 0xc9, 0x61, 0xc9, 0x61, 0x87, 0x59, 0x87, 
	0x49, 0x05, 0x59, 0x47, 0x51, 0x47, 0x39, 0x05, 
	0x7a, 0x09, 0x82, 0x4b, 0x59, 0x87, 0x59, 0x87, 
	0x49, 0x45, 0x49, 0x47, 0x84, 0x25, 0x9d, 0xb5, 
	0xa5, 0xb5, 0xad, 0xf5, 0xa5, 0xb5, 0x9d, 0x73, 
	0x6c, 0x29, 0x42, 0xdd, 0x41, 0xcf, 0x39, 0xcf, 
	0x39, 0xcf, 0x39, 0xcf, 0x39, 0xcf, 0xf6, 0x11, 
	0xd4, 0x81, 0xfd, 0xc1, 0x30, 0x81, 0x00, 0x01, 
	0x00, 0x01, 0xc3, 0xc1, 0xab, 0x41, 0xdc, 0xc1, 
	0x3b, 0x67, 0x3b, 0x67, 0x43, 0x67, 0x43, 0x67, 
	0x43, 0x67, 0x43, 0x69, 0x43, 0xa9, 0x4b, 0xa9, 
	0x4b, 0xab, 0x4b, 0xab, 0x43, 0x6b, 0x43, 0x6b, 
	0x43, 0x6b, 0x43, 0x29, 0x4a, 0x11, 0x61, 0x87, 
	0x92, 0xcb, 0x92, 0xcb, 0x61, 0xc7, 0x61, 0xc7, 
	0x7a, 0x07, 0x61, 0x87, 0x92, 0x8b, 0x92, 0xcb, 
	0x92, 0xcb, 0x69, 0xc9, 0x51, 0x87, 0xab, 0x8d, 
	0x61, 0xc7, 0x61, 0xc7, 0x59, 0x87, 0x59, 0x47, 
	0x49, 0x05, 0x51, 0x47, 0x41, 0x05, 0x49, 0x45, 
	0x7a, 0x49, 0x59, 0x87, 0x69, 0xc7, 0x59, 0x85, 
	0x41, 0x05, 0x7b, 0x9f, 0xa5, 0xb5, 0x9d, 0x73, 
	0x9d, 0xb3, 0xad, 0xf7, 0xa5, 0xb3, 0x95, 0x71, 
	0x5b, 0xa5, 0x42, 0x11, 0x39, 0x49, 0x39, 0x47, 
	0x39, 0x49, 0x39, 0x49, 0x39, 0x8b, 0xf6, 0x51, 
	0xd4, 0x81, 0xfd, 0xc1, 0x30, 0x81, 0x00, 0x01, 
	0x00, 0x01, 0xc3, 0xc1, 0xab, 0x41, 0xdc, 0xc1, 
	0x3b, 0x25, 0x3b, 0x27, 0x3b, 0x27, 0x3b, 0x67, 
	0x43, 0x67, 0x43, 0x67, 0x43, 0x25, 0x4b, 0x67, 
	0x4b, 0xa9, 0x4b, 0x6b, 0x43, 0x6b, 0x43, 0x6b, 
	0x43, 0x6b, 0x43, 0x6b, 0x43, 0x6b, 0x42, 0x5b, 
	0x59, 0xc9, 0x72, 0x09, 0x72, 0x09, 0x59, 0x87, 
	0x7a, 0x07, 0x59, 0x85, 0x61, 0xc7, 0x82, 0x49, 
	0x9a, 0xcd, 0x82, 0x4b, 0x49, 0x45, 0x92, 0xcb, 
	0x8a, 0x8b, 0x82, 0x4b, 0x59, 0x87, 0x59, 0x47, 
	0x51, 0x45, 0x49, 0x45, 0x41, 0x05, 0x59, 0x87, 
	0x72, 0x09, 0x61, 0xc7, 0x59, 0x45, 0x41, 0x05, 
	0x62, 0x53, 0xa5, 0x73, 0x9d, 0x73, 0x8c, 0xf1, 
	0x95, 0x73, 0xa5, 0xb5, 0x95, 0x71, 0x8c, 0xef, 
	0x4a, 0x9d, 0x39, 0x47, 0x39, 0x47, 0x39, 0x07, 
	0x39, 0x07, 0x39, 0x47, 0x39, 0x47, 0xf6, 0x0f, 
	0xd4, 0x41, 0xfd, 0xc1, 0x30, 0x81, 0x00, 0x01, 
	0x00, 0x01, 0xc3, 0xc1, 0xab, 0x41, 0xdc, 0x81, 
	0x3b, 0x25, 0x3b, 0x25, 0x3b, 0x25, 0x43, 0x23, 
	0x7a, 0x17, 0x99, 0x4b, 0x70, 0xc7, 0x51, 0xd5, 
	0x43, 0x69, 0x43, 0x69, 0x43, 0x6b, 0x43, 0x6b, 
	0x43, 0x6b, 0x43, 0x6b, 0x43, 0x6b, 0x43, 0x6b, 
	0x43, 0x25, 0x4a, 0x13, 0x69, 0xc7, 0x82, 0x49, 
	0x69, 0xc7, 0x69, 0xc7, 0x51, 0x89, 0x82, 0x4b, 
	0x92, 0x8b, 0x82, 0x4b, 0x39, 0x05, 0x49, 0x45, 
	0x9a, 0xcb, 0x6a, 0x09, 0x69, 0xc9, 0x59, 0x45, 
	0x51, 0x45, 0x41, 0x05, 0x69, 0xc7, 0x61, 0xc7, 
	0x69, 0xc9, 0x61, 0x87, 0x49, 0x45, 0x49, 0x47, 
	0x94, 0xed, 0xa5, 0xb5, 0x8c, 0xf1, 0x7c, 0xad, 
	0x8c, 0xef, 0x95, 0x73, 0x95, 0x31, 0x74, 0xaf, 
	0x4b, 0x67, 0x39, 0x49, 0x39, 0x07, 0x39, 0x07, 
	0x39, 0x07, 0x39, 0x47, 0x39, 0x47, 0xf6, 0x0f, 
	0xd4, 0x81, 0xfd, 0xc1, 0x30, 0x81, 0x00, 0x01, 
	0x00, 0x01, 0xc3, 0xc1, 0xab, 0x41, 0xdc, 0xc1, 
	0x33, 0x25, 0x33, 0x25, 0x52, 0x9f, 0xb1, 0x0b, 
	0xd0, 0x83, 0xd0, 0x83, 0x90, 0x83, 0x60, 0xc7, 
	0x43, 0x67, 0x43, 0x69, 0x43, 0x69, 0x43, 0x69, 
	0x43, 0x6b, 0x43, 0x6b, 0x43, 0x6b, 0x43, 0x6b, 
	0x43, 0x6b, 0x43, 0x6b, 0x52, 0x11, 0x61, 0xc7, 
	0x61, 0x85, 0x59, 0xcd, 0x4a, 0x5b, 0x7a, 0x49, 
	0x82, 0x49, 0x61, 0xc7, 0x38, 0xc3, 0x39, 0x05, 
	0x82, 0x49, 0x69, 0xc9, 0x59, 0x87, 0x51, 0x45, 
	0x49, 0x05, 0x41, 0x05, 0x6a, 0x09, 0x72, 0x09, 
	0x61, 0x87, 0x51, 0x45, 0x49, 0x45, 0x83, 0xe5, 
	0x9d, 0x75, 0x95, 0x31, 0x84, 0xef, 0x74, 0x6d, 
	0x6c, 0x2d, 0x7c, 0xaf, 0x7c, 0xaf, 0x53, 0xed, 
	0x4b, 0xab, 0x39, 0xd1, 0x39, 0x47, 0x39, 0x07, 
	0x39, 0x49, 0x42, 0x9b, 0x3a, 0x5b, 0xee, 0x0f, 
	0xd4, 0x81, 0xfd, 0xc1, 0x30, 0x81, 0x00, 0x01, 
	0x00, 0x01, 0xc3, 0xc1, 0xab, 0x41, 0xd4, 0x81, 
	0x32, 0xe3, 0x32, 0xe5, 0xa0, 0xc7, 0xb8, 0x83, 
	0xc0, 0x83, 0xc8, 0x83, 0xb0, 0x83, 0x78, 0x85, 
	0x42, 0xe3, 0x43, 0x67, 0x43, 0x69, 0x43, 0x69, 
	0x5b, 0xeb, 0x8c, 0xef, 0x95, 0x2f, 0xad, 0xb1, 
	0x9d, 0x73, 0x6c, 0x2f, 0x42, 0xe3, 0x51, 0x87, 
	0x61, 0x87, 0x42, 0xe3, 0x43, 0x6b, 0x5a, 0x11, 
	0x82, 0x4b, 0x59, 0x87, 0x30, 0xc3, 0x30, 0xc3, 
	0x8a, 0x8b, 0x7a, 0x49, 0x59, 0x47, 0x51, 0x45, 
	0x41, 0x05, 0x6a, 0x09, 0x51, 0x45, 0x61, 0xc7, 
	0x59, 0x87, 0x49, 0x45, 0x6a, 0xd7, 0x95, 0x33, 
	0x8c, 0xf1, 0x84, 0xef, 0x6c, 0x6d, 0x4b, 0xad, 
	0x43, 0x6b, 0x4b, 0xad, 0x4b, 0xab, 0x4b, 0xab, 
	0x4b, 0xab, 0x43, 0x23, 0x42, 0x9d, 0x39, 0x47, 
	0x39, 0x8b, 0x3b, 0x25, 0x3b, 0x27, 0xed, 0xcf, 
	0xd4, 0x41, 0xfd, 0xc1, 0x30, 0x81, 0x00, 0x01, 
	0x00, 0x01, 0xc3, 0xc1, 0xab, 0x41, 0xdc, 0xc1, 
	0x32, 0xe3, 0x32, 0xe3, 0x51, 0xd5, 0x70, 0xc9, 
	0x88, 0xc7, 0xb8, 0x83, 0xc0, 0x83, 0x90, 0x83, 
	0x4a, 0x5b, 0x43, 0x67, 0x63, 0xe7, 0x94, 0xeb, 
	0xc6, 0x31, 0xc6, 0x33, 0x8c, 0xa7, 0x8c, 0x63, 
	0x84, 0x65, 0xb5, 0xf3, 0x64, 0x2d, 0x49, 0xcf, 
	0x4a, 0x13, 0x43, 0x6b, 0x43, 0x6b, 0x4a, 0xe1, 
	0x61, 0xc9, 0x49, 0x45, 0x30, 0xc3, 0x41, 0x47, 
	0x6a, 0x09, 0x72, 0x09, 0x51, 0x45, 0x49, 0x05, 
	0x61, 0xc7, 0x82, 0x49, 0x6a, 0x09, 0x61, 0xc7, 
	0x59, 0x85, 0x39, 0x4b, 0x53, 0xad, 0x7c, 0xb1, 
	0x74, 0xaf, 0x64, 0x2d, 0x4b, 0x6b, 0x43, 0x6b, 
	0x43, 0x6b, 0x4b, 0x6b, 0x4b, 0xab, 0x4b, 0xab, 
	0x4b, 0xab, 0x43, 0x69, 0x43, 0x69, 0x3a, 0x13, 
	0x39, 0x49, 0x3a, 0xe3, 0x3b, 0x25, 0xe5, 0x8d, 
	0xd4, 0x81, 0xfe, 0x01, 0x30, 0x81, 0x00, 0x01, 
	0x00, 0x01, 0xc3, 0xc1, 0xab, 0x41, 0xdc, 0x81, 
	0x2a, 0xe3, 0x2a, 0xe3, 0x32, 0xe3, 0x32, 0xe1, 
	0x61, 0x93, 0xc8, 0x83, 0xc8, 0x83, 0xa8, 0x83, 
	0x6a, 0x55, 0x94, 0xa7, 0xa5, 0x29, 0xbd, 0xef, 
	0xbd, 0xef, 0x7b, 0xdf, 0x7b, 0x9d, 0x8c, 0x63, 
	0x7b, 0xdf, 0x7b, 0xe1, 0xad, 0xb3, 0x4b, 0x25, 
	0x43, 0x27, 0x43, 0x6b, 0x43, 0x6b, 0x43, 0x6b, 
	0x5a, 0x51, 0x41, 0x05, 0x28, 0xc5, 0x4a, 0x9f, 
	0x59, 0xcb, 0x82, 0x49, 0x49, 0x45, 0x39, 0x03, 
	0x82, 0x49, 0x72, 0x09, 0x59, 0x87, 0x61, 0x87, 
	0x59, 0x89, 0x42, 0xe3, 0x43, 0x6d, 0x43, 0x6b, 
	0x4b, 0x6b, 0x43, 0x6b, 0x43, 0x6b, 0x43, 0x6b, 
	0x43, 0x6b, 0x43, 0x6b, 0x43, 0x69, 0x43, 0x69, 
	0x43, 0x69, 0x43, 0x67, 0x43, 0x67, 0x3a, 0xe1, 
	0x39, 0xd1, 0x3b, 0x25, 0x33, 0x25, 0xdd, 0x07, 
	0xd4, 0x41, 0xfe, 0x01, 0x30, 0x81, 0x00, 0x01, 
	0x00, 0x01, 0xc3, 0xc1, 0xab, 0x41, 0xdc, 0x81, 
	0x2a, 0xe1, 0x2a, 0xe1, 0x2a, 0xe3, 0x2a, 0xe3, 
	0x51, 0xd5, 0xc0, 0x83, 0xc8, 0x83, 0xb0, 0x83, 
	0x92, 0xd7, 0xad, 0x6b, 0xad, 0x6b, 0xc6, 0x31, 
	0x94, 0x63, 0x73, 0x9d, 0x8c, 0x63, 0x94, 0xa5, 
	0x94, 0xa5, 0x73, 0x5b, 0xad, 0xaf, 0x6c, 0x6f, 
	0x43, 0x6b, 0x43, 0x6b, 0x43, 0x6b, 0x43, 0x6b, 
	0x4a, 0x99, 0x39, 0x05, 0x39, 0xd3, 0x43, 0x6d, 
	0x4a, 0x15, 0x7a, 0x49, 0x49, 0x47, 0x39, 0xd1, 
	0x59, 0xc9, 0x92, 0xcb, 0x61, 0xc7, 0x59, 0x87, 
	0x4a, 0x59, 0x43, 0x6b, 0x43, 0x6b, 0x43, 0x6b, 
	0x43, 0x6b, 0x43, 0x6b, 0x43, 0x6b, 0x43, 0x6b, 
	0x43, 0x69, 0x43, 0x69, 0x43, 0x69, 0x43, 0x69, 
	0x43, 0x67, 0x3b, 0x27, 0x3b, 0x27, 0x3b, 0x25, 
	0x3a, 0xe1, 0x32, 0xe5, 0x32, 0xe3, 0xc4, 0x01, 
	0xd4, 0x41, 0xfd, 0xc1, 0x38, 0x81, 0x00, 0x01, 
	0x00, 0x01, 0xcc, 0x01, 0xa3, 0x01, 0xdc, 0x81, 
	0x2a, 0xa1, 0x2a, 0xa1, 0x2a, 0xe1, 0x2a, 0xe3, 
	0x73, 0x61, 0xc0, 0xc5, 0xd0, 0x83, 0xb8, 0x83, 
	0x92, 0xd7, 0xad, 0x6b, 0xc6, 0x31, 0xad, 0xad, 
	0x73, 0x9d, 0x84, 0x1f, 0x94, 0xa5, 0x94, 0xa5, 
	0x94, 0xa5, 0x84, 0x21, 0x8c, 0x23, 0x9d, 0x71, 
	0x43, 0x69, 0x43, 0x6b, 0x43, 0x6b, 0x43, 0x6b, 
	0x42, 0xa1, 0x31, 0x07, 0x42, 0xe3, 0x43, 0x6b, 
	0x42, 0x5b, 0x51, 0x87, 0x41, 0x8b, 0x43, 0x25, 
	0x49, 0xcf, 0x9a, 0xcb, 0x72, 0x09, 0x51, 0xcd, 
	0x43, 0x69, 0x43, 0x6b, 0x43, 0x6b, 0x43, 0x6b, 
	0x43, 0x6b, 0x43, 0x6b, 0x43, 0x69, 0x43, 0x69, 
	0x43, 0x69, 0x43, 0x67, 0x43, 0x67, 0x3b, 0x27, 
	0x3b, 0x27, 0x3b, 0x25, 0x3b, 0x25, 0x32, 0xe5, 
	0x32, 0xe3, 0x2a, 0xe3, 0x2a, 0xe1, 0xbb, 0xc1, 
	0xd4, 0x81, 0xfe, 0x01, 0x38, 0x81, 0x00, 0x01, 
	0x00, 0x01, 0xc3, 0xc1, 0xab, 0x01, 0xdc, 0x81, 
	0x2a, 0xa1, 0x2a, 0xa1, 0x43, 0x65, 0xad, 0xf1, 
	0xde, 0xb5, 0xb1, 0x07, 0xd0, 0x83, 0xb8, 0x83, 
	0x92, 0x95, 0xb5, 0xad, 0xc6, 0x31, 0x8c, 0x63, 
	0x73, 0x5b, 0x8c, 0x63, 0x94, 0xa5, 0x94, 0xa5, 
	0x94, 0xa5, 0x8c, 0x63, 0x7b, 0x9d, 0xbd, 0xf1, 
	0x4b, 0xa9, 0x43, 0x69, 0x43, 0x69, 0x43, 0x69, 
	0x43, 0x27, 0x3a, 0x59, 0x43, 0x6b, 0x43, 0x6b, 
	0x43, 0x25, 0x49, 0x47, 0x41, 0xd3, 0x43, 0x6b, 
	0x4a, 0x59, 0x7a, 0x49, 0x59, 0xc9, 0x42, 0xe3, 
	0x43, 0x6b, 0x43, 0x6b, 0x43, 0x69, 0x3b, 0x69, 
	0x3b, 0x69, 0x43, 0x69, 0x43, 0x69, 0x3b, 0x67, 
	0x3b, 0x67, 0x3b, 0x27, 0x3b, 0x25, 0x3b, 0x25, 
	0x33, 0x25, 0x32, 0xe5, 0x32, 0xe3, 0x32, 0xe3, 
	0x2a, 0xe1, 0x2a, 0xa1, 0x2a, 0xa1, 0xbb, 0xc1, 
	0xd4, 0x81, 0xfd, 0xc1, 0x38, 0x81, 0x00, 0x01, 
	0x00, 0x01, 0xcc, 0x41, 0xa3, 0x01, 0xdc, 0x81, 
	0x22, 0xa1, 0x3b, 0x23, 0xc6, 0x75, 0xe7, 0x39, 
	0xce, 0x73, 0xb2, 0x11, 0xd0, 0x83, 0xb0, 0x83, 
	0x81, 0x4b, 0xbd, 0xef, 0xbd, 0xf1, 0x73, 0x9d, 
	0x7b, 0xdd, 0x94, 0xa5, 0x94, 0xa5, 0x94, 0xa5, 
	0x94, 0xa5, 0x8c, 0x63, 0x73, 0x9b, 0xa5, 0x6d, 
	0x5c, 0x2b, 0x3b, 0x27, 0x3b, 0x29, 0x3b, 0x29, 
	0x3b, 0x29, 0x43, 0x27, 0x3b, 0x69, 0x43, 0x69, 
	0x43, 0x27, 0x41, 0x47, 0x42, 0x5b, 0x43, 0x69, 
	0x43, 0x25, 0x51, 0xcb, 0x42, 0x9d, 0x3b, 0x29, 
	0x3b, 0x29, 0x3b, 0x29, 0x3b, 0x29, 0x3b, 0x29, 
	0x3b, 0x27, 0x3b, 0x27, 0x3b, 0x27, 0x3b, 0x25, 
	0x3b, 0x25, 0x3b, 0x25, 0x33, 0x25, 0x32, 0xe5, 
	0x32, 0xe3, 0x32, 0xe3, 0x2a, 0xe3, 0x2a, 0xe1, 
	0x2a, 0xa1, 0x22, 0xa1, 0x22, 0x9f, 0xbb, 0xc1, 
	0xd4, 0x81, 0xfe, 0x01, 0x38, 0x81, 0x00, 0x01, 
	0x00, 0x01, 0xcc, 0x41, 0xa3, 0x01, 0xdc, 0x81, 
	0x22, 0xa1, 0x6c, 0x29, 0xde, 0xf7, 0xd6, 0xb5, 
	0xbd, 0xef, 0xbb, 0x19, 0xd0, 0x83, 0xa0, 0x83, 
	0x79, 0x8d, 0xb5, 0xad, 0xbd, 0xef, 0x73, 0x5d, 
	0x8c, 0x63, 0x94, 0xa5, 0x94, 0xa5, 0x94, 0xa5, 
	0x8c, 0x63, 0x84, 0x63, 0x6b, 0x5b, 0x94, 0xa9, 
	0x84, 0xef, 0x3b, 0x27, 0x3b, 0x27, 0x3b, 0x27, 
	0x3b, 0x27, 0x3b, 0x29, 0x3b, 0x29, 0x3b, 0x29, 
	0x3b, 0x27, 0x39, 0x8f, 0x3a, 0xe5, 0x3b, 0x29, 
	0x3b, 0x29, 0x3a, 0xe5, 0x3b, 0x29, 0x3b, 0x29, 
	0x3b, 0x29, 0x3b, 0x27, 0x3b, 0x27, 0x3b, 0x27, 
	0x3b, 0x25, 0x3b, 0x25, 0x3b, 0x25, 0x33, 0x25, 
	0x33, 0x25, 0x32, 0xe3, 0x32, 0xe3, 0x32, 0xe3, 
	0x2a, 0xe3, 0x2a, 0xe1, 0x2a, 0xa1, 0x2a, 0xa1, 
	0x22, 0x9f, 0x22, 0x9f, 0x22, 0x5d, 0xbb, 0x81, 
	0xd4, 0x81, 0xfe, 0x41, 0x38, 0x81, 0x00, 0x01, 
	0x00, 0x01, 0xcc, 0x41, 0xa3, 0x01, 0xdc, 0x81, 
	0x22, 0xa1, 0x6c, 0x29, 0xce, 0x73, 0xbd, 0xef, 
	0xad, 0x6b, 0xac, 0xa3, 0xb1, 0x49, 0x91, 0x49, 
	0x9c, 0x61, 0xb5, 0xad, 0xbd, 0xef, 0x73, 0x5b, 
	0x8c, 0x21, 0x8c, 0x63, 0x8c, 0x63, 0x8c, 0x63, 
	0x84, 0x21, 0x84, 0x21, 0x6b, 0x5b, 0x83, 0xe1, 
	0x95, 0x2f, 0x33, 0x25, 0x3b, 0x25, 0x3b, 0x25, 
	0x3b, 0x27, 0x3b, 0x27, 0x3b, 0x27, 0x3b, 0x27, 
	0x3b, 0x27, 0x3a, 0xa1, 0x3b, 0x27, 0x3b, 0x27, 
	0x3b, 0x27, 0x3b, 0x27, 0x3b, 0x27, 0x3b, 0x27, 
	0x3b, 0x27, 0x3b, 0x27, 0x33, 0x25, 0x33, 0x25, 
	0x33, 0x25, 0x33, 0x25, 0x32, 0xe3, 0x32, 0xe3, 
	0x2a, 0xe3, 0x2a, 0xe3, 0x2a, 0xe3, 0x2a, 0xe1, 
	0x2a, 0xa1, 0x2a, 0xa1, 0x2a, 0xa1, 0x22, 0x9f, 
	0x22, 0x9f, 0x22, 0x5d, 0x1a, 0x5d, 0xbb, 0x81, 
	0xd4, 0x81, 0xfe, 0x41, 0x40, 0xc1, 0x00, 0x01, 
	0x00, 0x01, 0xcc, 0x41, 0xa3, 0x01, 0xd4, 0x81, 
	0x22, 0xa1, 0x74, 0x69, 0xc6, 0x31, 0xad, 0x6b, 
	0xa5, 0x29, 0xa5, 0x29, 0xa4, 0xa5, 0xa4, 0xa5, 
	0xad, 0x6b, 0xbd, 0xef, 0xbd, 0xf1, 0x73, 0x9d, 
	0x7b, 0xdf, 0x83, 0xdf, 0x83, 0xdf, 0x7b, 0xdf, 
	0x84, 0x21, 0x84, 0x21, 0x73, 0x9d, 0x7b, 0xdf, 
	0xb5, 0xf1, 0x33, 0x25, 0x33, 0x23, 0x33, 0x25, 
	0x33, 0x25, 0x32, 0xe5, 0x33, 0x25, 0x33, 0x25, 
	0x33, 0x27, 0x32, 0xe7, 0x32, 0xe7, 0x32, 0xe7, 
	0x32, 0xe7, 0x32, 0xe7, 0x32, 0xe7, 0x32, 0xe5, 
	0x32, 0xe5, 0x32, 0xe5, 0x32, 0xe5, 0x32, 0xe3, 
	0x32, 0xe3, 0x2a, 0xe3, 0x2a, 0xe3, 0x2a, 0xe1, 
	0x2a, 0xe1, 0x2a, 0xe1, 0x2a, 0xa1, 0x2a, 0xa1, 
	0x2a, 0xa1, 0x22, 0xa1, 0x22, 0x9f, 0x22, 0x5f, 
	0x22, 0x5d, 0x1a, 0x5d, 0x1a, 0x5b, 0xbb, 0x81, 
	0xdc, 0x81, 0xfe, 0x41, 0x40, 0xc1, 0x00, 0x01, 
	0x00, 0x01, 0xdc, 0x81, 0x9a, 0xc1, 0xd4, 0x81, 
	0x22, 0x9f, 0x74, 0x27, 0xbd, 0xef, 0xad, 0x6b, 
	0xa5, 0x29, 0xa5, 0x29, 0xa5, 0x29, 0xad, 0x6b, 
	0xb5, 0xad, 0xce, 0x73, 0xd6, 0xb5, 0x6b, 0x5b, 
	0x6b, 0x19, 0x6b, 0x5b, 0x7b, 0xdf, 0x94, 0xa7, 
	0x9d, 0x2b, 0xa5, 0x6d, 0xb5, 0xf1, 0xce, 0xb5, 
	0xbe, 0x33, 0x3b, 0x23, 0x32, 0xe3, 0x32, 0xe3, 
	0x32, 0xe3, 0x32, 0xe3, 0x32, 0xe5, 0x32, 0xe5, 
	0x32, 0xe5, 0x32, 0xe5, 0x32, 0xe5, 0x32, 0xe5, 
	0x32, 0xe5, 0x32, 0xe5, 0x32, 0xe5, 0x32, 0xe5, 
	0x32, 0xe3, 0x32, 0xe3, 0x2a, 0xe3, 0x2a, 0xe1, 
	0x2a, 0xe1, 0x2a, 0xe1, 0x2a, 0xa1, 0x2a, 0xa1, 
	0x2a, 0xa1, 0x2a, 0xa1, 0x2a, 0xa1, 0x2a, 0xa1, 
	0x22, 0xa1, 0x22, 0x9f, 0x22, 0x5f, 0x22, 0x5d, 
	0x1a, 0x5d, 0x1a, 0x5b, 0x1a, 0x5b, 0xb3, 0x81, 
	0xdc, 0x81, 0xfe, 0x41, 0x40, 0xc1, 0x00, 0x01, 
	0x00, 0x01, 0xdc, 0x81, 0xa3, 0x01, 0xdc, 0xc1, 
	0x22, 0x9f, 0x63, 0xe7, 0xb5, 0xad, 0xad, 0x6b, 
	0xa5, 0x29, 0xad, 0x6b, 0xb5, 0xad, 0xbd, 0xef, 
	0xce, 0x73, 0xde, 0xf7, 0xde, 0xf7, 0xad, 0x6b, 
	0xb5, 0xef, 0xbe, 0x31, 0xad, 0x6b, 0xb5, 0xad, 
	0x9c, 0xe7, 0x84, 0x21, 0x6b, 0xa1, 0x53, 0x61, 
	0x3b, 0x23, 0x2a, 0xe1, 0x2a, 0xe1, 0x2a, 0xe1, 
	0x2a, 0xe1, 0x2a, 0xe3, 0x2a, 0xe3, 0x2a, 0xe3, 
	0x2a, 0xe3, 0x2a, 0xe3, 0x32, 0xe3, 0x32, 0xe3, 
	0x32, 0xe5, 0x2a, 0xe3, 0x2a, 0xe3, 0x2a, 0xe3, 
	0x2a, 0xe1, 0x2a, 0xa1, 0x2a, 0xe1, 0x2a, 0xa1, 
	0x2a, 0xa1, 0x2a, 0xa1, 0x2a, 0xa1, 0x2a, 0xa1, 
	0x2a, 0xa1, 0x2a, 0xa1, 0x2a, 0xa1, 0x22, 0x9f, 
	0x22, 0x9f, 0x22, 0x5d, 0x1a, 0x5d, 0x1a, 0x5d, 
	0x1a, 0x5b, 0x1a, 0x5b, 0x12, 0x5b, 0xb3, 0x81, 
	0xdc, 0x81, 0xfe, 0x41, 0x48, 0xc1, 0x00, 0x01, 
	0x00, 0x01, 0xdc, 0x81, 0x9a, 0xc1, 0xd4, 0x41, 
	0x22, 0x9f, 0x5b, 0xe5, 0xb5, 0xad, 0xb5, 0xad, 
	0xb5, 0xad, 0xbd, 0xef, 0xc6, 0x31, 0xd6, 0xb5, 
	0xde, 0xf7, 0xc6, 0x31, 0x9c, 0xe7, 0x8c, 0x63, 
	0x84, 0x21, 0x73, 0x9f, 0x53, 0x1d, 0x42, 0xdd, 
	0x32, 0x9f, 0x2a, 0x9f, 0x2a, 0xa1, 0x2a, 0xa1, 
	0x2a, 0xa1, 0x2a, 0xa1, 0x2a, 0xa1, 0x2a, 0xa1, 
	0x2a, 0xa1, 0x2a, 0xa1, 0x2a, 0xa1, 0x2a, 0xe1, 
	0x2a, 0xe1, 0x2a, 0xa1, 0x2a, 0xe1, 0x2a, 0xa3, 
	0x2a, 0xa3, 0x2a, 0xa1, 0x2a, 0xa1, 0x2a, 0xa1, 
	0x2a, 0xa1, 0x2a, 0xa1, 0x2a, 0xa1, 0x2a, 0xa1, 
	0x2a, 0xa1, 0x22, 0xa1, 0x22, 0xa1, 0x22, 0xa1, 
	0x22, 0xa1, 0x22, 0xa1, 0x22, 0x9f, 0x22, 0x5f, 
	0x22, 0x5d, 0x1a, 0x5d, 0x1a, 0x5b, 0x1a, 0x5b, 
	0x1a, 0x5b, 0x12, 0x19, 0x12, 0x19, 0xb3, 0x81, 
	0xdc, 0xc1, 0xfe, 0x41, 0x48, 0xc1, 0x00, 0x01, 
	0x00, 0x01, 0xdc, 0xc1, 0x92, 0x81, 0xd4, 0x81, 
	0x22, 0x9f, 0x5b, 0xa5, 0xc6, 0x31, 0xc6, 0x31, 
	0xc6, 0x31, 0xc6, 0x31, 0xbd, 0xef, 0xad, 0x6b, 
	0x8c, 0x63, 0x73, 0x5b, 0x62, 0x93, 0x5a, 0x0d, 
	0x49, 0xcf, 0x2a, 0x9f, 0x22, 0x9f, 0x22, 0x9f, 
	0x22, 0x9f, 0x22, 0x9f, 0x22, 0xa1, 0x22, 0xa1, 
	0x22, 0xa1, 0x2a, 0xa1, 0x2a, 0xa1, 0x2a, 0xa1, 
	0x2a, 0xa1, 0x2a, 0xa1, 0x2a, 0xa1, 0x2a, 0xa1, 
	0x2a, 0xa1, 0x2a, 0xa1, 0x2a, 0xa1, 0x2a, 0xa1, 
	0x2a, 0xa1, 0x2a, 0xa1, 0x2a, 0xa1, 0x22, 0xa1, 
	0x22, 0xa1, 0x2a, 0xa1, 0x2a, 0xa1, 0x22, 0xa1, 
	0x22, 0x9f, 0x22, 0x9f, 0x22, 0x9f, 0x22, 0xa1, 
	0x22, 0x9f, 0x22, 0x9f, 0x22, 0x5f, 0x22, 0x5d, 
	0x1a, 0x5d, 0x1a, 0x5b, 0x1a, 0x5b, 0x12, 0x5b, 
	0x12, 0x19, 0x12, 0x19, 0x12, 0x19, 0xb3, 0x81, 
	0xdc, 0xc1, 0xfe, 0x81, 0x48, 0xc1, 0x00, 0x01, 
	0x00, 0x01, 0xed, 0x01, 0x8a, 0x81, 0xdc, 0x81, 
	0x22, 0x9f, 0x4b, 0x65, 0xc6, 0x33, 0xb5, 0xad, 
	0x9c, 0xe7, 0x7b, 0xdf, 0x6b, 0x9d, 0x53, 0x1d, 
	0x42, 0xdd, 0x51, 0x45, 0x49, 0x03, 0x49, 0x01, 
	0x49, 0x05, 0x22, 0x9f, 0x22, 0x9f, 0x22, 0x9f, 
	0x22, 0x9f, 0x22, 0x9f, 0x22, 0x9f, 0x22, 0x9f, 
	0x22, 0x9f, 0x22, 0x9f, 0x22, 0x9f, 0x22, 0x9f, 
	0x22, 0xa1, 0x22, 0xa1, 0x22, 0xa1, 0x22, 0xa1, 
	0x2a, 0xa1, 0x22, 0xa1, 0x2a, 0xa1, 0x22, 0xa1, 
	0x22, 0xa1, 0x22, 0xa1, 0x22, 0xa1, 0x22, 0xa1, 
	0x22, 0xa1, 0x22, 0x9f, 0x22, 0x9f, 0x22, 0x9f, 
	0x22, 0x9f, 0x22, 0x9f, 0x22, 0x9f, 0x22, 0x9f, 
	0x22, 0x9f, 0x22, 0x5d, 0x1a, 0x5d, 0x1a, 0x5d, 
	0x1a, 0x5b, 0x1a, 0x5b, 0x12, 0x5b, 0x12, 0x19, 
	0x12, 0x19, 0x12, 0x19, 0x12, 0x19, 0xa3, 0x41, 
	0xe4, 0xc1, 0xfe, 0x81, 0x59, 0x41, 0x00, 0x01, 
	0x00, 0x01, 0xed, 0x01, 0x82, 0x41, 0xd4, 0x81, 
	0x22, 0x9f, 0x2a, 0x9f, 0x4b, 0x61, 0x53, 0x5f, 
	0x42, 0xdd, 0x2a, 0x9f, 0x22, 0x9f, 0x22, 0x9f, 
	0x22, 0x5d, 0x49, 0x01, 0x49, 0x03, 0x49, 0x01, 
	0x49, 0x03, 0x22, 0x9f, 0x22, 0x9f, 0x22, 0x9f, 
	0x22, 0x9f, 0x22, 0x9f, 0x22, 0x9f, 0x22, 0x9f, 
	0x22, 0x9f, 0x22, 0x9f, 0x22, 0x9f, 0x22, 0x9f, 
	0x22, 0x9f, 0x22, 0x9f, 0x22, 0x9f, 0x22, 0x9f, 
	0x22, 0x9f, 0x22, 0x9f, 0x22, 0x9f, 0x22, 0x9f, 
	0x22, 0x9f, 0x22, 0x9f, 0x22, 0x9f, 0x22, 0x9f, 
	0x22, 0xa1, 0x22, 0x9f, 0x22, 0x9f, 0x22, 0x9f, 
	0x22, 0x9f, 0x22, 0x9f, 0x22, 0x5f, 0x22, 0x5d, 
	0x1a, 0x5d, 0x1a, 0x5d, 0x1a, 0x5b, 0x1a, 0x5b, 
	0x1a, 0x5b, 0x12, 0x5b, 0x12, 0x19, 0x12, 0x19, 
	0x12, 0x19, 0x12, 0x19, 0x12, 0x19, 0xb3, 0xc3, 
	0xe4, 0xc1, 0xfe, 0x41, 0x69, 0x81, 0x00, 0x01, 
	0x00, 0x01, 0xed, 0x41, 0x7a, 0x01, 0xcc, 0x41, 
	0x22, 0x9f, 0x22, 0x9f, 0x22, 0x9f, 0x22, 0x9f, 
	0x22, 0x9f, 0x22, 0x9f, 0x22, 0x9f, 0x22, 0x9f, 
	0x2a, 0x5b, 0x49, 0x01, 0x49, 0x03, 0x49, 0x01, 
	0x49, 0x03, 0x22, 0x9f, 0x22, 0x9f, 0x22, 0x9f, 
	0x22, 0x9f, 0x22, 0x9f, 0x22, 0x9f, 0x22, 0x9f, 
	0x22, 0x9f, 0x22, 0x9f, 0x22, 0x9f, 0x22, 0x9f, 
	0x22, 0x9f, 0x22, 0x9f, 0x22, 0x9f, 0x22, 0x9f, 
	0x22, 0x9f, 0x22, 0x9f, 0x22, 0x9f, 0x22, 0x9f, 
	0x22, 0x9f, 0x22, 0x9f, 0x22, 0x9f, 0x22, 0x9f, 
	0x22, 0x9f, 0x22, 0x9f, 0x22, 0x9f, 0x22, 0x9f, 
	0x22, 0x5f, 0x22, 0x5d, 0x1a, 0x5d, 0x1a, 0x5d, 
	0x1a, 0x5b, 0x1a, 0x5b, 0x1a, 0x5b, 0x1a, 0x5b, 
	0x12, 0x5b, 0x12, 0x19, 0x12, 0x19, 0x12, 0x19, 
	0x12, 0x19, 0x12, 0x19, 0x12, 0x19, 0xbc, 0x45, 
	0xed, 0x01, 0xfe, 0x81, 0x69, 0x81, 0x00, 0x01, 
	0x00, 0x01, 0xe4, 0xc1, 0x82, 0x41, 0xd4, 0x41, 
	0xbb, 0xc1, 0xcc, 0xc1, 0xcc, 0xc1, 0xdd, 0x41, 
	0xed, 0xc1, 0xdd, 0x41, 0xed, 0xc1, 0xed, 0xc1, 
	0xed, 0xc1, 0xed, 0x81, 0xed, 0x81, 0xed, 0x81, 
	0xed, 0x81, 0xed, 0x81, 0xed, 0x81, 0xed, 0x81, 
	0xed, 0x81, 0xed, 0x81, 0xed, 0x81, 0xed, 0x81, 
	0xed, 0x81, 0xed, 0x81, 0xed, 0x81, 0xed, 0x81, 
	0xed, 0x81, 0xed, 0x81, 0xed, 0x81, 0xdd, 0x01, 
	0xed, 0x81, 0xed, 0x81, 0xed, 0x81, 0xed, 0x81, 
	0xed, 0x81, 0xdd, 0x01, 0xdd, 0x01, 0xdd, 0x01, 
	0xdd, 0x01, 0xdd, 0x01, 0xdd, 0x01, 0xdd, 0x01, 
	0xdd, 0x01, 0xdd, 0x01, 0xdd, 0x01, 0xdd, 0x01, 
	0xdd, 0x01, 0xdd, 0x01, 0xdd, 0x01, 0xdd, 0x01, 
	0xdd, 0x01, 0xdd, 0x01, 0xdd, 0x01, 0xdd, 0x01, 
	0xdc, 0xc1, 0xcc, 0x81, 0xcc, 0x81, 0xf5, 0x81, 
	0xf5, 0x81, 0xfe, 0xc1, 0x69, 0x81, 0x00, 0x01, 
	0x00, 0x01, 0xe4, 0xc1, 0xa3, 0x01, 0xe4, 0xc1, 
	0xe5, 0x41, 0xdd, 0x01, 0xd4, 0xc1, 0xcc, 0x81, 
	0xcc, 0x81, 0xc4, 0x41, 0xc4, 0x41, 0xc4, 0x41, 
	0xc4, 0x01, 0xc4, 0x01, 0xc4, 0x01, 0xc4, 0x01, 
	0xc4, 0x41, 0xc4, 0x01, 0xc4, 0x01, 0xcc, 0x41, 
	0xcc, 0x41, 0xc4, 0x01, 0xcc, 0x41, 0xc4, 0x01, 
	0xc4, 0x01, 0xc4, 0x01, 0xc4, 0x01, 0xc4, 0x01, 
	0xc4, 0x01, 0xc4, 0x01, 0xc4, 0x41, 0xc4, 0x01, 
	0xc4, 0x41, 0xc4, 0x01, 0xc4, 0x01, 0xc4, 0x01, 
	0xc4, 0x41, 0xc4, 0x01, 0xc4, 0x41, 0xc4, 0x41, 
	0xc4, 0x41, 0xc4, 0x41, 0xc4, 0x41, 0xc4, 0x41, 
	0xc4, 0x41, 0xc4, 0x41, 0xc4, 0x41, 0xc4, 0x01, 
	0xc4, 0x41, 0xc4, 0x41, 0xc4, 0x41, 0xcc, 0x41, 
	0xc4, 0x01, 0xc4, 0x41, 0xcc, 0x41, 0xcc, 0x41, 
	0xd4, 0x81, 0xdc, 0xc1, 0xdd, 0x01, 0xe5, 0x41, 
	0xd4, 0xc1, 0xff, 0xc5, 0x38, 0x81, 0x00, 0x01, 
	0x00, 0x01, 0xa3, 0x01, 0xe4, 0xc1, 0xff, 0x01, 
	0xff, 0xc3, 0xff, 0xc5, 0xff, 0x83, 0xff, 0x43, 
	0xff, 0x03, 0xfe, 0xc3, 0xfe, 0x81, 0xfe, 0x81, 
	0xfe, 0xc1, 0xfe, 0x41, 0xfe, 0x41, 0xfe, 0x41, 
	0xfe, 0x41, 0xfe, 0x41, 0xfe, 0x41, 0xf6, 0x01, 
	0xf6, 0x41, 0xf6, 0x01, 0xf6, 0x01, 0xfe, 0x41, 
	0xf6, 0x01, 0xfe, 0x41, 0xf6, 0x01, 0xfe, 0x41, 
	0xf6, 0x01, 0xf6, 0x01, 0xf6, 0x01, 0xfe, 0x41, 
	0xfe, 0x41, 0xfe, 0x41, 0xf6, 0x01, 0xfe, 0x41, 
	0xfe, 0x41, 0xfe, 0x41, 0xfe, 0x41, 0xfe, 0x41, 
	0xfe, 0x41, 0xfe, 0x01, 0xfe, 0x81, 0xfe, 0x81, 
	0xfe, 0x01, 0xfe, 0x81, 0xfe, 0x81, 0xfe, 0x81, 
	0xfe, 0x81, 0xfe, 0x81, 0xfe, 0x81, 0xfe, 0x81, 
	0xfe, 0x81, 0xfe, 0x81, 0xfe, 0x81, 0xff, 0x03, 
	0xff, 0x03, 0xff, 0x03, 0xff, 0x43, 0xff, 0xc5, 
	0xff, 0xc7, 0xd4, 0xc1, 0x18, 0x41, 0x00, 0x01, 
	0x00, 0x01, 0x10, 0x01, 0x20, 0x41, 0x28, 0x41, 
	0x38, 0x81, 0x38, 0x81, 0x28, 0x41, 0x28, 0x41, 
	0x20, 0x41, 0x20, 0x41, 0x20, 0x41, 0x20, 0x41, 
	0x20, 0x41, 0x20, 0x41, 0x20, 0x41, 0x20, 0x41, 
	0x20, 0x41, 0x20, 0x41, 0x20, 0x41, 0x20, 0x41, 
	0x20, 0x41, 0x20, 0x41, 0x20, 0x41, 0x20, 0x41, 
	0x20, 0x41, 0x20, 0x41, 0x20, 0x41, 0x20, 0x41, 
	0x20, 0x41, 0x20, 0x41, 0x20, 0x41, 0x20, 0x41, 
	0x20, 0x41, 0x20, 0x41, 0x20, 0x41, 0x20, 0x41, 
	0x20, 0x41, 0x28, 0x41, 0x28, 0x41, 0x28, 0x41, 
	0x28, 0x41, 0x28, 0x41, 0x28, 0x41, 0x28, 0x41, 
	0x28, 0x41, 0x28, 0x41, 0x28, 0x41, 0x28, 0x41, 
	0x28, 0x41, 0x28, 0x41, 0x30, 0x81, 0x30, 0x81, 
	0x30, 0x81, 0x30, 0x81, 0x30, 0x81, 0x30, 0x81, 
	0x30, 0x81, 0x38, 0x81, 0x49, 0x01, 0x48, 0xc1, 
	0x38, 0x81, 0x18, 0x01, 0x00, 0x01, 0x00, 0x01, 
	
};

Gfx rbtcm_rgba16_anonmoose_envmap_silver1_i8_aligner[] = {gsSPEndDisplayList()};
u8 rbtcm_rgba16_anonmoose_envmap_silver1_i8[] = {
	0x72, 0x74, 0x75, 0x76, 0x77, 0x78, 0x79, 0x7a, 
	0x7a, 0x7b, 0x7c, 0x7c, 0x7c, 0x7d, 0x7d, 0x7e, 
	0x7e, 0x7e, 0x7e, 0x7f, 0x7f, 0x80, 0x80, 0x7f, 
	0x81, 0x78, 0x7d, 0x81, 0x9c, 0x9b, 0x9f, 0xaa, 
	0x9f, 0xa8, 0xab, 0xa1, 0xa0, 0x8a, 0x83, 0x80, 
	0x81, 0x80, 0x80, 0x80, 0x7f, 0x7e, 0x7e, 0x7e, 
	0x7e, 0x7e, 0x7d, 0x7c, 0x7c, 0x7b, 0x7b, 0x7a, 
	0x7a, 0x79, 0x78, 0x77, 0x76, 0x75, 0x74, 0x73, 
	0x75, 0x76, 0x77, 0x78, 0x79, 0x7a, 0x7a, 0x7b, 
	0x7c, 0x7d, 0x7d, 0x7e, 0x7e, 0x7e, 0x7e, 0x80, 
	0x7f, 0x80, 0x80, 0x6e, 0x7d, 0x92, 0xa0, 0x93, 
	0x9a, 0xb2, 0xb9, 0x9e, 0x9e, 0x9d, 0xb2, 0xb9, 
	0xaf, 0xa4, 0x9f, 0xad, 0xab, 0xb1, 0x9f, 0x9b, 
	0xa3, 0xab, 0x92, 0xa5, 0x7f, 0x81, 0x80, 0x80, 
	0x7f, 0x7e, 0x7e, 0x7e, 0x7d, 0x7d, 0x7c, 0x7c, 
	0x7b, 0x7a, 0x7a, 0x79, 0x78, 0x77, 0x76, 0x75, 
	0x77, 0x77, 0x79, 0x7a, 0x7a, 0x7b, 0x7c, 0x7d, 
	0x7e, 0x7e, 0x7e, 0x7e, 0x7f, 0x7f, 0x80, 0x7b, 
	0x8a, 0x86, 0xa0, 0x95, 0x92, 0xaf, 0xa2, 0x9e, 
	0xb5, 0xab, 0xae, 0xe2, 0xfa, 0xfe, 0xff, 0xff, 
	0xff, 0xff, 0xff, 0xff, 0xff, 0xff, 0xff, 0xff, 
	0xfe, 0xfb, 0xd6, 0xa1, 0xa3, 0xba, 0x96, 0x95, 
	0x7b, 0x80, 0x80, 0x7f, 0x7f, 0x7e, 0x7e, 0x7e, 
	0x7d, 0x7c, 0x7c, 0x7a, 0x7a, 0x79, 0x78, 0x77, 
	0x79, 0x79, 0x7a, 0x7b, 0x7c, 0x7d, 0x7e, 0x7e, 
	0x7e, 0x7f, 0x80, 0x80, 0x82, 0x95, 0x7e, 0x9f, 
	0x8f, 0x8b, 0xb6, 0xaf, 0xaa, 0xb1, 0xb6, 0xdd, 
	0xfd, 0xff, 0xff, 0xff, 0xff, 0xff, 0xff, 0xff, 
	0xff, 0xff, 0xff, 0xff, 0xff, 0xff, 0xff, 0xff, 
	0xff, 0xff, 0xff, 0xff, 0xff, 0xfe, 0xfa, 0xa8, 
	0x9d, 0x9e, 0x9b, 0x81, 0x80, 0x80, 0x7f, 0x7e, 
	0x7e, 0x7e, 0x7d, 0x7c, 0x7b, 0x7a, 0x79, 0x79, 
	0x7a, 0x7a, 0x7c, 0x7c, 0x7e, 0x7e, 0x7e, 0x7e, 
	0x7f, 0x81, 0x7f, 0x8e, 0x7e, 0x9f, 0xa1, 0x98, 
	0xbb, 0xa3, 0xb4, 0xb3, 0xd9, 0xfd, 0xfe, 0xff, 
	0xff, 0xff, 0xff, 0xff, 0xff, 0xff, 0xff, 0xff, 
	0xff, 0xff, 0xff, 0xff, 0xff, 0xff, 0xff, 0xff, 
	0xff, 0xff, 0xff, 0xff, 0xff, 0xff, 0xff, 0xff, 
	0xfe, 0xfb, 0xac, 0xa4, 0x9a, 0x7b, 0x80, 0x80, 
	0x7f, 0x7e, 0x7e, 0x7e, 0x7d, 0x7c, 0x7b, 0x7a, 
	0x7b, 0x7c, 0x7c, 0x7e, 0x7e, 0x7f, 0x80, 0x80, 
	0x81, 0x80, 0x7f, 0x90, 0xa4, 0x92, 0xab, 0xa8, 
	0xa7, 0xbe, 0xe8, 0xfe, 0xff, 0xff, 0xff, 0xff, 
	0xff, 0xff, 0xff, 0xff, 0xff, 0xff, 0xfe, 0xfd, 
	0xf7, 0xe9, 0xe0, 0xdc, 0xca, 0xca, 0xd8, 0xdd, 
	0xdd, 0xd9, 0xe3, 0xf7, 0xfc, 0xfe, 0xff, 0xff, 
	0xff, 0xff, 0xff, 0xfe, 0xc5, 0xaa, 0x8c, 0x76, 
	0x80, 0x7f, 0x7f, 0x7e, 0x7e, 0x7d, 0x7c, 0x7b, 
	0x7c, 0x7d, 0x7e, 0x7e, 0x7f, 0x80, 0x80, 0x8f, 
	0x78, 0x7f, 0x9c, 0x9c, 0x93, 0xae, 0xbd, 0xbb, 
	0xbf, 0xfd, 0xff, 0xff, 0xff, 0xfe, 0xfe, 0xfe, 
	0xfe, 0xfe, 0xfd, 0xfa, 0xda, 0xb5, 0xb4, 0xc3, 
	0xc7, 0xc8, 0xc4, 0xb3, 0xc1, 0xb5, 0xb6, 0xaf, 
	0xbe, 0xb9, 0xc1, 0xce, 0xc3, 0xc5, 0xad, 0xa8, 
	0xcd, 0xfe, 0xfe, 0xff, 0xff, 0xfd, 0xb9, 0xa3, 
	0x80, 0x82, 0x80, 0x80, 0x7e, 0x7e, 0x7d, 0x7c, 
	0x7d, 0x7d, 0x7e, 0x80, 0x80, 0x81, 0x76, 0x78, 
	0x81, 0x92, 0xa5, 0x92, 0xb9, 0xa7, 0xbd, 0xc7, 
	0xfd, 0xff, 0xff, 0xfe, 0xfe, 0xfe, 0xfe, 0xfd, 
	0xe8, 0xca, 0xcc, 0xcd, 0xc2, 0xbc, 0xb5, 0xc3, 
	0xca, 0xcd, 0xdc, 0xcb, 0xca, 0xcd, 0xc9, 0xcf, 
	0xd1, 0xc9, 0xce, 0xc9, 0xc6, 0xc5, 0xa8, 0xc7, 
	0xa7, 0xc0, 0xa5, 0xcf, 0xfd, 0xfd, 0xfd, 0xf9, 
	0xb5, 0x88, 0x7f, 0x80, 0x80, 0x7e, 0x7e, 0x7d, 
	0x7e, 0x7e, 0x80, 0x80, 0x83, 0x71, 0x86, 0x89, 
	0x86, 0x9c, 0x9c, 0xa3, 0xb1, 0xc3, 0xd7, 0xfd, 
	0xfe, 0xfe, 0xfe, 0xfe, 0xfe, 0xf9, 0xc9, 0xc8, 
	0xc1, 0xcd, 0xb6, 0xc8, 0xcb, 0xb8, 0xb3, 0xa2, 
	0x99, 0x93, 0x96, 0x9e, 0xa0, 0xa7, 0xa8, 0xab, 
	0xa1, 0xa2, 0xa6, 0xa3, 0xa1, 0x9a, 0x8c, 0x99, 
	0xa5, 0xc8, 0xbf, 0xa7, 0xa9, 0xb7, 0xfa, 0xef, 
	0xfd, 0xa6, 0x99, 0x82, 0x80, 0x7f, 0x7e, 0x7e, 
	0x7f, 0x80, 0x80, 0x83, 0x73, 0x89, 0x76, 0x86, 
	0x88, 0xa8, 0x99, 0xb4, 0xb5, 0xce, 0xfe, 0xff, 
	0xff, 0xff, 0xff, 0xfc, 0xc3, 0xce, 0xc0, 0xbd, 
	0xd1, 0xb6, 0xa7, 0x9d, 0xa6, 0xa6, 0xa0, 0xb4, 
	0xb6, 0xa6, 0xa5, 0xaa, 0xad, 0xa3, 0xa5, 0x9e, 
	0x9f, 0xa5, 0xa5, 0xaa, 0xa6, 0xa9, 0xa6, 0xab, 
	0xae, 0x90, 0xa0, 0x97, 0xa7, 0xb5, 0xa1, 0xa4, 
	0xf3, 0xfd, 0xa2, 0x8b, 0x83, 0x80, 0x80, 0x7e, 
	0x7e, 0x80, 0x80, 0x71, 0x87, 0x70, 0x82, 0x83, 
	0x8a, 0xa2, 0x9c, 0xb9, 0xc6, 0xfa, 0xfe, 0xff, 
	0xfe, 0xfe, 0xe9, 0xcd, 0xbd, 0xc4, 0xba, 0xa1, 
	0xa7, 0xa3, 0xa0, 0xb6, 0xae, 0x9e, 0x94, 0x8f, 
	0x8f, 0x8c, 0x8f, 0x8d, 0x8d, 0x95, 0x8c, 0x8e, 
	0x8d, 0x8b, 0x89, 0x8b, 0x8b, 0x84, 0x88, 0x80, 
	0x85, 0x8a, 0x93, 0xa4, 0xa4, 0xa0, 0x8f, 0xab, 
	0xa7, 0xc6, 0xfb, 0x9e, 0x81, 0x81, 0x80, 0x7f, 
	0x7f, 0x81, 0x6c, 0x75, 0x6b, 0x88, 0x72, 0x8d, 
	0x87, 0xa5, 0x99, 0xac, 0xae, 0xba, 0xbe, 0xd1, 
	0xd8, 0xbb, 0xba, 0xc0, 0xa7, 0xa2, 0x9d, 0xae, 
	0xa3, 0x97, 0x8e, 0x91, 0x90, 0x8d, 0x90, 0x92, 
	0x8d, 0x86, 0x84, 0x82, 0x8c, 0x92, 0x9e, 0xa1, 
	0x9b, 0x7e, 0x82, 0x7e, 0x82, 0x84, 0x7d, 0x78, 
	0x82, 0x8d, 0x89, 0x87, 0x87, 0x87, 0x9b, 0xa1, 
	0x9b, 0xa8, 0xba, 0xe0, 0x97, 0x85, 0x80, 0x80, 
	0x80, 0x83, 0x6d, 0x6d, 0x71, 0x6d, 0x86, 0x83, 
	0x8b, 0x97, 0x9a, 0xa1, 0xa5, 0xad, 0xb1, 0xb1, 
	0xaa, 0xb3, 0xa5, 0xa2, 0xa9, 0x9f, 0x90, 0x90, 
	0x91, 0x8d, 0x86, 0x91, 0x86, 0x7c, 0x7e, 0x8b, 
	0x91, 0x7d, 0x79, 0x82, 0x82, 0x8e, 0x93, 0x88, 
	0x94, 0x83, 0x7e, 0x7d, 0x78, 0x83, 0x93, 0x6f, 
	0x6d, 0x7e, 0x90, 0x76, 0x7c, 0x94, 0x83, 0x81, 
	0x8f, 0x94, 0xaa, 0xf3, 0xa1, 0x8e, 0x87, 0x81, 
	0x80, 0x7a, 0x7f, 0x62, 0x8d, 0x71, 0x88, 0x7b, 
	0x83, 0x88, 0x96, 0x9a, 0xb5, 0xb1, 0xb3, 0xb9, 
	0xa1, 0x9c, 0x98, 0x8c, 0x8e, 0x8b, 0x8c, 0x9e, 
	0x8d, 0x7c, 0x7e, 0x90, 0x75, 0x72, 0x6f, 0x8e, 
	0x8c, 0x75, 0x76, 0x77, 0x7a, 0x83, 0x8c, 0x8c, 
	0x89, 0x85, 0x7f, 0x6c, 0x6f, 0x70, 0x8d, 0x82, 
	0x78, 0x72, 0x84, 0x6e, 0x6b, 0x8d, 0x7c, 0x85, 
	0x81, 0x84, 0x99, 0xb3, 0xc1, 0x93, 0x87, 0x81, 
	0x80, 0x6d, 0x88, 0x70, 0x7d, 0x82, 0x87, 0x85, 
	0x81, 0x88, 0x8e, 0x94, 0x9f, 0xd3, 0xb1, 0xa1, 
	0x94, 0x8e, 0x90, 0x8f, 0x84, 0x8f, 0x90, 0x99, 
	0x8a, 0x80, 0x85, 0x8f, 0x7f, 0x7a, 0x7a, 0x8f, 
	0x8e, 0x73, 0x73, 0x73, 0x7b, 0x80, 0x8e, 0x8d, 
	0x8a, 0x87, 0x75, 0x72, 0x74, 0x6f, 0x83, 0x8e, 
	0x74, 0x72, 0x7a, 0x87, 0x75, 0x8d, 0x89, 0x86, 
	0x87, 0x87, 0x8b, 0x9f, 0xb2, 0x92, 0x87, 0x80, 
	0x80, 0x6f, 0x81, 0x7c, 0x7e, 0x8a, 0x86, 0x83, 
	0x88, 0x90, 0x95, 0x99, 0xa9, 0xcc, 0xb4, 0xa7, 
	0x9b, 0x98, 0x95, 0x8f, 0x86, 0x8c, 0x94, 0x9f, 
	0x87, 0x7f, 0x88, 0x8c, 0x7c, 0x6f, 0x73, 0x8b, 
	0x85, 0x73, 0x75, 0x7b, 0x7a, 0x7a, 0x89, 0x8c, 
	0x8f, 0x85, 0x74, 0x6f, 0x73, 0x6e, 0x7a, 0x8c, 
	0x70, 0x71, 0x7b, 0x8a, 0x7b, 0x83, 0x93, 0x7d, 
	0x87, 0x8b, 0x92, 0x97, 0xb2, 0x90, 0x8b, 0x81, 
	0x81, 0x6c, 0x82, 0x72, 0x7b, 0x86, 0x89, 0x8a, 
	0x92, 0x95, 0x97, 0x98, 0x9e, 0xa1, 0xa1, 0x9e, 
	0x9c, 0x9b, 0x9f, 0xa0, 0x9f, 0x9d, 0x9c, 0x99, 
	0x98, 0x9a, 0x99, 0x95, 0x8f, 0x8c, 0x89, 0x8d, 
	0x89, 0x85, 0x84, 0x89, 0x87, 0x85, 0x86, 0x86, 
	0x8a, 0x83, 0x82, 0x82, 0x87, 0x7b, 0x81, 0x89, 
	0x80, 0x83, 0x88, 0x8d, 0x8d, 0x89, 0x8d, 0x90, 
	0x94, 0x94, 0x95, 0x98, 0xa0, 0x93, 0x82, 0x82, 
	0x80, 0x6d, 0x85, 0x8a, 0x91, 0x93, 0x94, 0x8e, 
	0x93, 0x99, 0x9c, 0xa0, 0xa0, 0xa0, 0xa3, 0xa3, 
	0xa1, 0x9f, 0xa0, 0x9d, 0x9d, 0x9e, 0x9f, 0xa0, 
	0xa0, 0xa2, 0xa3, 0xa6, 0xa6, 0xa6, 0xa5, 0xa4, 
	0xa3, 0xa3, 0xa2, 0x9f, 0x9f, 0x9f, 0x9e, 0x9e, 
	0x9c, 0x9b, 0x9b, 0x9b, 0x9d, 0x9e, 0x9c, 0x9d, 
	0x9d, 0x9f, 0xa3, 0xa2, 0xa3, 0x9e, 0x99, 0x95, 
	0x8e, 0x90, 0x92, 0x99, 0x9d, 0x92, 0x90, 0x81, 
	0x80, 0x83, 0x8b, 0x91, 0x97, 0x8b, 0x87, 0x91, 
	0x97, 0x99, 0x9d, 0xa0, 0xa1, 0xa1, 0xa1, 0xa0, 
	0xa0, 0xa1, 0x9e, 0xa0, 0x9f, 0x9d, 0x9b, 0x9b, 
	0x9e, 0x99, 0x96, 0x94, 0x92, 0x96, 0x9d, 0x9c, 
	0x9a, 0x9a, 0x9e, 0x9d, 0x9e, 0x9e, 0xa0, 0x9f, 
	0x9d, 0x9b, 0x96, 0x97, 0x96, 0x94, 0x91, 0x95, 
	0x98, 0x91, 0x97, 0x92, 0x8d, 0x8c, 0x89, 0x8b, 
	0x8c, 0x8f, 0x93, 0x96, 0x97, 0x8d, 0x94, 0x81, 
	0x80, 0x81, 0x8f, 0x8e, 0x81, 0x82, 0x8e, 0x97, 
	0x90, 0x95, 0x96, 0x9b, 0x9d, 0xa1, 0x9e, 0xa0, 
	0x9f, 0x9f, 0x9f, 0x9a, 0x9d, 0xa1, 0xa2, 0xa1, 
	0xa1, 0xa0, 0xa0, 0x9a, 0x9b, 0x9b, 0x9d, 0x96, 
	0x92, 0x96, 0x97, 0x94, 0x91, 0x91, 0x91, 0x90, 
	0x8e, 0x92, 0x94, 0x93, 0x8c, 0x90, 0x8e, 0x8d, 
	0x8e, 0x8f, 0x8f, 0x8c, 0x8c, 0x8f, 0x95, 0x93, 
	0x94, 0x92, 0x93, 0x96, 0x97, 0x8f, 0x8c, 0x80, 
	0x7f, 0x81, 0x90, 0x85, 0x83, 0x83, 0x8b, 0x91, 
	0x96, 0x97, 0x99, 0x9c, 0x9a, 0x99, 0x9d, 0x9e, 
	0x9d, 0x9a, 0x9b, 0x99, 0x98, 0x9b, 0xa0, 0xa0, 
	0xa4, 0xa0, 0xa4, 0xa0, 0x9e, 0x9b, 0x97, 0x9a, 
	0x9d, 0x98, 0x95, 0x98, 0x9d, 0x98, 0x97, 0x94, 
	0x95, 0x9b, 0x9d, 0x96, 0x95, 0x94, 0x93, 0x95, 
	0x95, 0x92, 0x94, 0x93, 0x94, 0x96, 0x95, 0x95, 
	0x8f, 0x92, 0x92, 0x94, 0x97, 0x8c, 0x80, 0x80, 
	0x7f, 0x80, 0x80, 0x8b, 0x7f, 0x89, 0x93, 0x94, 
	0x94, 0x94, 0x92, 0x94, 0x96, 0x9b, 0x97, 0x9b, 
	0x9c, 0x9b, 0x9a, 0x9d, 0x9c, 0x9c, 0x97, 0x9a, 
	0x9b, 0x97, 0x99, 0x9a, 0x9d, 0x9c, 0x99, 0x99, 
	0x9a, 0x98, 0x98, 0x99, 0x9a, 0x9b, 0x98, 0x96, 
	0x94, 0x8d, 0x8d, 0x8f, 0x93, 0x93, 0x96, 0x99, 
	0x97, 0x93, 0x95, 0x98, 0x99, 0x93, 0x97, 0x93, 
	0x99, 0x92, 0x94, 0x95, 0x94, 0x81, 0x80, 0x7e, 
	0x7e, 0x7f, 0x80, 0x82, 0x81, 0x7f, 0x89, 0x8c, 
	0x92, 0x94, 0x92, 0x9b, 0x96, 0x99, 0x97, 0x98, 
	0x9b, 0x94, 0x93, 0x91, 0x92, 0x92, 0x94, 0x95, 
	0x92, 0x90, 0x97, 0x94, 0x9b, 0x9b, 0x9b, 0x9b, 
	0x9b, 0x99, 0x93, 0x94, 0x9a, 0x98, 0x9a, 0x9c, 
	0x94, 0x95, 0x8f, 0x8d, 0x92, 0x93, 0x97, 0x97, 
	0x96, 0x98, 0x94, 0x95, 0x90, 0x8c, 0x8d, 0x8c, 
	0x91, 0x91, 0x93, 0x97, 0x8a, 0x80, 0x7f, 0x7e, 
	0x7e, 0x7e, 0x80, 0x80, 0x83, 0x80, 0x88, 0x8e, 
	0x8b, 0x8b, 0x94, 0x8b, 0x8f, 0x9a, 0x9b, 0x99, 
	0x98, 0x99, 0x99, 0x97, 0x95, 0x96, 0x94, 0x98, 
	0x98, 0x9b, 0x99, 0x97, 0x9b, 0x99, 0x99, 0x9e, 
	0xa1, 0xa2, 0x9b, 0x96, 0x96, 0x9a, 0x9e, 0x96, 
	0x93, 0x8e, 0x8c, 0x8d, 0x8b, 0x8e, 0x90, 0x91, 
	0x92, 0x94, 0x91, 0x8f, 0x8d, 0x8b, 0x8c, 0x8e, 
	0x8e, 0x8f, 0x9b, 0x87, 0x80, 0x7f, 0x7e, 0x7e, 
	0x7d, 0x7e, 0x7e, 0x7f, 0x80, 0x81, 0x8a, 0x88, 
	0x96, 0x8d, 0x92, 0x8c, 0x89, 0x8d, 0x96, 0x96, 
	0x96, 0x94, 0x9b, 0x95, 0x9a, 0xa0, 0x9f, 0x96, 
	0x92, 0x8e, 0x90, 0x93, 0x8e, 0x8e, 0x92, 0x96, 
	0x94, 0x95, 0x93, 0x8f, 0x8f, 0x8f, 0x92, 0x8d, 
	0x8d, 0x91, 0x93, 0x97, 0x96, 0x96, 0x92, 0x92, 
	0x90, 0x8d, 0x93, 0x8f, 0x8e, 0x8f, 0x92, 0x8f, 
	0x8d, 0x92, 0x81, 0x80, 0x7f, 0x7e, 0x7e, 0x7d, 
	0x7c, 0x7d, 0x7e, 0x7e, 0x7f, 0x80, 0x80, 0x94, 
	0x88, 0x93, 0x8c, 0x8d, 0x91, 0x91, 0x89, 0x8c, 
	0x8d, 0x8f, 0x96, 0x98, 0x9b, 0x9c, 0x98, 0x98, 
	0x98, 0x92, 0x92, 0x95, 0x95, 0x90, 0x90, 0x94, 
	0x9b, 0x99, 0x95, 0x98, 0x99, 0x91, 0x8e, 0x93, 
	0x95, 0x94, 0x94, 0x96, 0x92, 0x95, 0x90, 0x8e, 
	0x93, 0x9f, 0x9d, 0x93, 0x95, 0x96, 0x92, 0x98, 
	0x8f, 0x80, 0x80, 0x7f, 0x7e, 0x7d, 0x7e, 0x7c, 
	0x7a, 0x7c, 0x7d, 0x7e, 0x7e, 0x7e, 0x7f, 0x80, 
	0x81, 0x8b, 0x90, 0x8c, 0x8c, 0x8b, 0x8a, 0x8a, 
	0x8b, 0x8d, 0x90, 0x8e, 0x8c, 0x91, 0x8f, 0x99, 
	0x91, 0x92, 0x8f, 0x91, 0x92, 0x96, 0x9d, 0x94, 
	0x8e, 0x8e, 0x8e, 0x94, 0x9b, 0x96, 0x94, 0x97, 
	0x99, 0x95, 0x8f, 0x8d, 0x8b, 0x8c, 0x8d, 0x8f, 
	0x8b, 0x8c, 0x96, 0x96, 0x97, 0x8b, 0x95, 0x82, 
	0x80, 0x7f, 0x7e, 0x7e, 0x7e, 0x7d, 0x7c, 0x7b, 
	0x7a, 0x7a, 0x7c, 0x7c, 0x7d, 0x7e, 0x7e, 0x7e, 
	0x80, 0x80, 0x81, 0x8e, 0x92, 0x8b, 0x88, 0x8f, 
	0x85, 0x85, 0x8c, 0x94, 0x94, 0x91, 0x8f, 0x94, 
	0x94, 0x92, 0x8f, 0x90, 0x8d, 0x8d, 0x8f, 0x94, 
	0x91, 0x8d, 0x91, 0x8d, 0x93, 0x92, 0x94, 0x8d, 
	0x8b, 0x8c, 0x91, 0x8f, 0x8d, 0x92, 0x8a, 0x8b, 
	0x92, 0x95, 0x95, 0x92, 0x98, 0x85, 0x80, 0x7f, 
	0x7f, 0x7e, 0x7e, 0x7d, 0x7c, 0x7c, 0x7a, 0x7a, 
	0x79, 0x79, 0x7a, 0x7b, 0x7c, 0x7c, 0x7e, 0x7e, 
	0x7e, 0x7f, 0x80, 0x7f, 0x80, 0x8f, 0x8c, 0x8e, 
	0x7f, 0x83, 0x8b, 0x8d, 0x90, 0x8b, 0x8d, 0x8a, 
	0x88, 0x8b, 0x8f, 0x93, 0x91, 0x90, 0x91, 0x93, 
	0x92, 0x94, 0x94, 0x94, 0x94, 0x90, 0x90, 0x98, 
	0x98, 0x99, 0x96, 0x8f, 0x8b, 0x8b, 0x91, 0x98, 
	0x99, 0x8c, 0x98, 0x81, 0x7f, 0x80, 0x7f, 0x7e, 
	0x7e, 0x7e, 0x7d, 0x7c, 0x7b, 0x7a, 0x79, 0x79, 
	0x77, 0x77, 0x79, 0x79, 0x7a, 0x7b, 0x7c, 0x7c, 
	0x7d, 0x7e, 0x7e, 0x7f, 0x7f, 0x7f, 0x81, 0x80, 
	0x91, 0x8c, 0x89, 0x85, 0x89, 0x8d, 0x8d, 0x90, 
	0x92, 0x92, 0x91, 0x93, 0x96, 0x98, 0x96, 0x96, 
	0x99, 0x99, 0x96, 0x93, 0x94, 0x98, 0x97, 0x93, 
	0x8f, 0x8e, 0x8f, 0x96, 0x98, 0x94, 0x97, 0x95, 
	0x80, 0x81, 0x80, 0x7f, 0x7e, 0x7e, 0x7e, 0x7e, 
	0x7d, 0x7c, 0x7b, 0x7a, 0x7a, 0x79, 0x77, 0x77, 
	0x75, 0x75, 0x77, 0x78, 0x79, 0x7a, 0x7a, 0x7b, 
	0x7c, 0x7c, 0x7e, 0x7e, 0x7e, 0x7e, 0x7e, 0x7f, 
	0x7f, 0x80, 0x80, 0x80, 0x97, 0x8d, 0x8f, 0x8b, 
	0x83, 0x81, 0x80, 0x83, 0x85, 0x89, 0x8c, 0x8b, 
	0x8c, 0x8c, 0x8b, 0x8c, 0x8b, 0x8a, 0x8e, 0x93, 
	0x8d, 0x91, 0x97, 0x95, 0x86, 0x81, 0x80, 0x80, 
	0x7e, 0x7f, 0x7e, 0x7e, 0x7e, 0x7e, 0x7d, 0x7c, 
	0x7a, 0x7b, 0x7a, 0x79, 0x78, 0x77, 0x76, 0x75, 
	0x73, 0x73, 0x75, 0x76, 0x77, 0x78, 0x79, 0x79, 
	0x7a, 0x7a, 0x7c, 0x7c, 0x7c, 0x7d, 0x7e, 0x7e, 
	0x7e, 0x7e, 0x7e, 0x7e, 0x80, 0x80, 0x81, 0x80, 
	0x7f, 0x88, 0x91, 0x90, 0x90, 0x8d, 0x8d, 0x8d, 
	0x8c, 0x8c, 0x8e, 0x91, 0x93, 0x93, 0x88, 0x80, 
	0x81, 0x80, 0x80, 0x7f, 0x7f, 0x7e, 0x7e, 0x7e, 
	0x7e, 0x7e, 0x7d, 0x7d, 0x7c, 0x7c, 0x7a, 0x7a, 
	0x7a, 0x79, 0x78, 0x77, 0x76, 0x75, 0x73, 0x73, 
	
};

Gfx rbtcm_Poster1_i8_aligner[] = {gsSPEndDisplayList()};
u8 rbtcm_Poster1_i8[] = {
	0xfe, 0xfe, 0xfe, 0xfe, 0xfe, 0xfe, 0xfe, 0xfe, 
	0xfe, 0xfe, 0xfe, 0xfe, 0xfe, 0xfe, 0xfe, 0xfe, 
	0xfe, 0xfe, 0xfe, 0xfe, 0xfd, 0xfd, 0xfd, 0xfd, 
	0xfd, 0xfd, 0xfd, 0xfd, 0xfd, 0xfd, 0xfd, 0xfd, 
	0xfc, 0xfc, 0xfc, 0xfc, 0xfc, 0xfc, 0xfc, 0xfc, 
	0xfc, 0xfc, 0xfc, 0xfc, 0xfc, 0xfc, 0xfc, 0xfc, 
	0xfc, 0xfc, 0xfc, 0xfc, 0xfc, 0xfb, 0xfb, 0xfb, 
	0xfb, 0xfb, 0xfb, 0xfb, 0xfb, 0xfb, 0xfb, 0xfb, 
	0xfa, 0xfa, 0xfa, 0xfa, 0xfa, 0xfa, 0xfa, 0xe8, 
	0xcf, 0xdc, 0xfa, 0xfa, 0xec, 0xd7, 0xf6, 0xfa, 
	0xe3, 0xd7, 0xd7, 0xd7, 0xf7, 0xe7, 0xd7, 0xd7, 
	0xd7, 0xf9, 0xf9, 0xf9, 0xf9, 0xf9, 0xf9, 0xf9, 
	0xf8, 0xf8, 0xf8, 0xf8, 0xf8, 0xf8, 0xd4, 0x33, 
	0x9a, 0x3e, 0xca, 0xf8, 0x94, 0x12, 0xcb, 0xf8, 
	0xc0, 0x9b, 0x59, 0x3e, 0xf2, 0xaa, 0x4e, 0x9b, 
	0x9b, 0xf8, 0xf8, 0xf8, 0xf8, 0xf8, 0xf8, 0xf8, 
	0xf7, 0xf6, 0xf6, 0xf6, 0xf6, 0xf6, 0x94, 0x94, 
	0xe1, 0xb9, 0xd3, 0xed, 0x29, 0xa2, 0x85, 0xf6, 
	0xf6, 0xca, 0x3a, 0xd9, 0xf6, 0xa8, 0x48, 0x90, 
	0xa7, 0xf6, 0xf6, 0xf6, 0xf6, 0xf6, 0xf6, 0xf6, 
	0xf5, 0xf5, 0xf4, 0xf4, 0xf4, 0xf4, 0x9c, 0x81, 
	0xde, 0x80, 0x95, 0xbd, 0x2f, 0x87, 0x00, 0xe6, 
	0xcc, 0x38, 0xd3, 0xf4, 0xf4, 0xa7, 0x70, 0xdc, 
	0xe0, 0xf4, 0xf4, 0xf4, 0xf4, 0xf4, 0xf4, 0xf4, 
	0xf3, 0xf3, 0xf2, 0xf2, 0xf2, 0xf2, 0xdf, 0x5d, 
	0x51, 0x48, 0xc2, 0x70, 0x98, 0xcc, 0x5e, 0xb1, 
	0x52, 0x28, 0x51, 0x51, 0xe0, 0xa6, 0x12, 0x3a, 
	0x3a, 0xeb, 0xf2, 0xf2, 0xf2, 0xf2, 0xf2, 0xf2, 
	0xf1, 0xf1, 0xf1, 0xf0, 0xf0, 0xf0, 0xf0, 0xf0, 
	0xea, 0xef, 0xf0, 0xf0, 0xf0, 0xf0, 0xf0, 0xf0, 
	0xf0, 0xf0, 0xf0, 0xf0, 0xf0, 0xf0, 0xf0, 0xf0, 
	0xf0, 0xf0, 0xf0, 0xf0, 0xf0, 0xf0, 0xf0, 0xf0, 
	0xef, 0xef, 0xef, 0xee, 0xee, 0xee, 0xdc, 0xd5, 
	0xee, 0xd5, 0xdc, 0xdc, 0xcd, 0xce, 0xe4, 0xee, 
	0xee, 0xdd, 0xc7, 0xde, 0xee, 0xdd, 0xd5, 0xee, 
	0xd8, 0xdc, 0xee, 0xee, 0xee, 0xee, 0xee, 0xee, 
	0xed, 0xed, 0xed, 0xed, 0xec, 0xec, 0xa2, 0x79, 
	0xec, 0x79, 0xa2, 0xa2, 0x4f, 0x80, 0x4a, 0xea, 
	0xc8, 0x2d, 0x85, 0x2d, 0xc8, 0xa4, 0x12, 0xd1, 
	0x8a, 0xa2, 0xec, 0xec, 0xec, 0xec, 0xec, 0xec, 
	0xeb, 0xeb, 0xeb, 0xeb, 0xeb, 0xea, 0xa0, 0x78, 
	0xea, 0x78, 0xa0, 0xa0, 0x59, 0x92, 0x3e, 0xe8, 
	0x8c, 0x8f, 0xea, 0x8d, 0x8e, 0xa3, 0x32, 0x5d, 
	0x7f, 0xa0, 0xea, 0xea, 0xea, 0xea, 0xea, 0xea, 
	0xe9, 0xe9, 0xe9, 0xe9, 0xe9, 0xe8, 0xa5, 0x66, 
	0xe7, 0x67, 0xa3, 0x9f, 0x5b, 0xb7, 0xd7, 0xe8, 
	0x91, 0x7d, 0xe8, 0x7b, 0x93, 0xa1, 0x84, 0x82, 
	0x00, 0x9f, 0xe8, 0xe8, 0xe8, 0xe8, 0xe8, 0xe8, 
	0xe7, 0xe7, 0xe7, 0xe7, 0xe7, 0xe7, 0xd4, 0x4d, 
	0x34, 0x4a, 0xd3, 0x9d, 0x76, 0xe6, 0xe6, 0xe6, 
	0xd3, 0x57, 0x34, 0x55, 0xd3, 0xa0, 0x84, 0xdb, 
	0x43, 0x9d, 0xe6, 0xe6, 0xe6, 0xe6, 0xe6, 0xe6, 
	0xe5, 0xe5, 0xe5, 0xe5, 0xe5, 0xe5, 0xe5, 0xe4, 
	0xdd, 0xe3, 0xe4, 0xe4, 0xe4, 0xe4, 0xe4, 0xe4, 
	0xe4, 0xe4, 0xdf, 0xe4, 0xe4, 0xe4, 0xe4, 0xe4, 
	0xe4, 0xe4, 0xe4, 0xe4, 0xe4, 0xe4, 0xe4, 0xe4, 
	0xe3, 0xe3, 0xe3, 0xe3, 0xe3, 0xe3, 0xe3, 0xe2, 
	0xe2, 0xe2, 0xdc, 0xba, 0x94, 0x6c, 0x45, 0x1e, 
	0x1e, 0x45, 0x6c, 0x94, 0xba, 0xdc, 0xe2, 0xe2, 
	0xe2, 0xe2, 0xe2, 0xe2, 0xe2, 0xe2, 0xe2, 0xe2, 
	0xe1, 0xe1, 0xe1, 0xe1, 0xe1, 0xe1, 0xe1, 0xe1, 
	0xd1, 0x91, 0x33, 0x00, 0x00, 0x00, 0x00, 0x00, 
	0x00, 0x00, 0x02, 0x02, 0x03, 0x33, 0x91, 0xd1, 
	0xe0, 0xe0, 0xe0, 0xe0, 0xe0, 0xe0, 0xe0, 0xe0, 
	0xdf, 0xdf, 0xdf, 0xdf, 0xdf, 0xdf, 0xdb, 0x9b, 
	0x24, 0x00, 0x00, 0x00, 0x02, 0x02, 0x03, 0x04, 
	0x05, 0x05, 0x06, 0x07, 0x07, 0x08, 0x09, 0x25, 
	0x9b, 0xda, 0xde, 0xde, 0xde, 0xde, 0xdd, 0xdd, 
	0xdc, 0xdc, 0xdc, 0xdc, 0xdc, 0xcd, 0x63, 0x03, 
	0x04, 0x42, 0x4a, 0x1a, 0x06, 0x07, 0x08, 0x08, 
	0x09, 0x2c, 0x28, 0x0a, 0x0b, 0x0c, 0x0c, 0x0c, 
	0x0d, 0x63, 0xcd, 0xdc, 0xdc, 0xdc, 0xdc, 0xdb, 
	0xda, 0xda, 0xda, 0xda, 0xc6, 0x46, 0x07, 0x07, 
	0x2c, 0x67, 0x67, 0x59, 0x0a, 0x0b, 0x0b, 0x0c, 
	0x2c, 0x65, 0x66, 0x44, 0x0e, 0x0f, 0x0f, 0x0f, 
	0x33, 0x62, 0x69, 0xc7, 0xda, 0xda, 0xda, 0xda, 
	0xd8, 0xd8, 0xd8, 0xcb, 0x46, 0x0a, 0x0a, 0x0b, 
	0x38, 0x67, 0x67, 0x5b, 0x0d, 0x0e, 0x0e, 0x0f, 
	0x39, 0x67, 0x67, 0x52, 0x11, 0x11, 0x12, 0x12, 
	0x4c, 0x67, 0x67, 0x59, 0xc8, 0xd7, 0xd7, 0xd7, 
	0xd6, 0xd6, 0xd3, 0x79, 0x0d, 0x22, 0x28, 0x0e, 
	0x40, 0x67, 0x67, 0x60, 0x11, 0x11, 0x11, 0x12, 
	0x49, 0x67, 0x67, 0x5a, 0x14, 0x14, 0x14, 0x15, 
	0x57, 0x67, 0x67, 0x45, 0x61, 0xd2, 0xd5, 0xd5, 
	0xd4, 0xd4, 0xa3, 0x38, 0x56, 0x7d, 0x7d, 0x37, 
	0x21, 0x64, 0x67, 0x49, 0x34, 0x67, 0x72, 0x2d, 
	0x34, 0x67, 0x67, 0x49, 0x1d, 0x4d, 0x5a, 0x19, 
	0x4e, 0x67, 0x67, 0x3c, 0x19, 0x97, 0xd3, 0xd3, 
	0xd1, 0xc6, 0x6a, 0x50, 0x72, 0x82, 0x82, 0x56, 
	0x39, 0x65, 0x67, 0x47, 0x63, 0x82, 0x82, 0x5e, 
	0x2c, 0x64, 0x67, 0x34, 0x5d, 0x82, 0x82, 0x52, 
	0x36, 0x67, 0x61, 0x1c, 0x5d, 0x83, 0xc8, 0xd1, 
	0xcf, 0x99, 0x67, 0x67, 0x7e, 0x82, 0x82, 0x6c, 
	0x63, 0x67, 0x67, 0x64, 0x73, 0x82, 0x82, 0x6b, 
	0x5e, 0x67, 0x67, 0x5d, 0x6b, 0x82, 0x82, 0x63, 
	0x5b, 0x67, 0x67, 0x47, 0x70, 0x82, 0xa4, 0xce, 
	0xc9, 0x81, 0x87, 0x70, 0x7b, 0x82, 0x82, 0x6e, 
	0x67, 0x68, 0x7c, 0x6e, 0x78, 0x82, 0x82, 0x75, 
	0x67, 0x67, 0x6c, 0x6a, 0x79, 0x82, 0x82, 0x75, 
	0x67, 0x67, 0x67, 0x66, 0x7d, 0x82, 0x86, 0xc9, 
	0xb3, 0x99, 0x9a, 0x98, 0x73, 0x82, 0x7d, 0x67, 
	0x67, 0x84, 0x9a, 0x98, 0x7d, 0x82, 0x81, 0x6a, 
	0x67, 0x71, 0x96, 0x95, 0x81, 0x82, 0x82, 0x6c, 
	0x67, 0x6a, 0x8c, 0x8c, 0x7f, 0x82, 0x81, 0xb0, 
	0x9b, 0x9a, 0x9a, 0x98, 0x7c, 0x82, 0x81, 0x60, 
	0x5b, 0x8b, 0x9a, 0x9a, 0x87, 0x82, 0x82, 0x64, 
	0x5e, 0x7c, 0x9a, 0x9a, 0x8e, 0x82, 0x80, 0x64, 
	0x63, 0x76, 0x9a, 0x9a, 0x90, 0x82, 0x7b, 0x94, 
	0x97, 0x9a, 0x9a, 0x99, 0x85, 0x82, 0x8b, 0x8a, 
	0x73, 0x95, 0x9a, 0x9a, 0x8e, 0x82, 0x82, 0x81, 
	0x6c, 0x84, 0x9a, 0x9a, 0x93, 0x82, 0x82, 0x77, 
	0x60, 0x7c, 0x9a, 0x9a, 0x92, 0x82, 0x82, 0x84, 
	0x8a, 0x98, 0x9a, 0x93, 0x82, 0x9f, 0xaf, 0xad, 
	0x8b, 0x91, 0x9a, 0x9a, 0x88, 0x88, 0xa3, 0xaf, 
	0x96, 0x8b, 0x9a, 0x9a, 0x90, 0x82, 0x92, 0xa5, 
	0x98, 0x87, 0x9a, 0x9a, 0x93, 0x82, 0x87, 0x9e, 
	0x7e, 0x96, 0x9a, 0x8b, 0x7e, 0xa9, 0xaf, 0xaf, 
	0x8f, 0x89, 0x9a, 0x96, 0x82, 0x93, 0xaf, 0xaf, 
	0xa5, 0x83, 0x98, 0x9a, 0x85, 0x83, 0xae, 0xaf, 
	0xae, 0x83, 0x98, 0x9a, 0x89, 0x82, 0xa8, 0xaf, 
	0x8c, 0x9a, 0x9a, 0x96, 0x7f, 0xae, 0xaf, 0xaf, 
	0x91, 0x92, 0x9a, 0x9a, 0x7c, 0x91, 0xaf, 0xaf, 
	0xa6, 0x83, 0x9a, 0x9a, 0x84, 0x79, 0xaf, 0xaf, 
	0xae, 0x81, 0x99, 0x9a, 0x85, 0x76, 0xaa, 0xaf, 
	0x9d, 0x9f, 0x9c, 0x9a, 0x9a, 0xac, 0xaf, 0xaf, 
	0x9d, 0x9a, 0x9a, 0x9a, 0x99, 0xa1, 0xaf, 0xaf, 
	0xa9, 0x9a, 0x9a, 0x9a, 0x99, 0x95, 0xaf, 0xaf, 
	0xae, 0x9a, 0x9a, 0x9a, 0x97, 0x8b, 0xae, 0xb0, 
	0xab, 0xc1, 0xbf, 0xaa, 0x9a, 0xa4, 0xaf, 0xa9, 
	0x9a, 0xa7, 0xc0, 0xb5, 0x9f, 0x9b, 0xae, 0xaf, 
	0xa0, 0x9a, 0xae, 0xb7, 0xa4, 0x9a, 0xa9, 0xaf, 
	0xa8, 0x9a, 0x9e, 0xb2, 0xa4, 0x9a, 0xa8, 0xb1, 
	0xba, 0xc2, 0xc2, 0xb3, 0x87, 0xab, 0xaf, 0xad, 
	0x8b, 0xb4, 0xc2, 0xc2, 0xa6, 0x96, 0xaf, 0xaf, 
	0x9d, 0x92, 0xc2, 0xc2, 0xc1, 0x8f, 0xa9, 0xaf, 
	0xa5, 0x8f, 0xb3, 0xc2, 0xc2, 0xa1, 0xa3, 0xb1, 
	0xb8, 0xc2, 0xc2, 0xbb, 0xab, 0xaf, 0xaf, 0xaf, 
	0xad, 0xbc, 0xc2, 0xc2, 0xb0, 0xac, 0xaf, 0xaf, 
	0xac, 0xa6, 0xc2, 0xc2, 0xc1, 0xa1, 0xaf, 0xaf, 
	0xae, 0x9c, 0xb6, 0xc2, 0xc2, 0xa7, 0xae, 0xb1, 
	0xb1, 0xc1, 0xc2, 0xbc, 0xaf, 0xaf, 0xaf, 0xaf, 
	0xaf, 0xbf, 0xc2, 0xc2, 0xb8, 0xaf, 0xaf, 0xaf, 
	0xaf, 0xb4, 0xc2, 0xc2, 0xc2, 0xb1, 0xaf, 0xaf, 
	0xaf, 0xaf, 0xc0, 0xc2, 0xc2, 0xb8, 0xaf, 0xaf, 
	0xad, 0xba, 0xc2, 0xb3, 0xaf, 0xaf, 0xaf, 0xaf, 
	0xaf, 0xb9, 0xc2, 0xc1, 0xb1, 0xaf, 0xaf, 0xaf, 
	0xaf, 0xb0, 0xc0, 0xc2, 0xbd, 0xaf, 0xaf, 0xaf, 
	0xaf, 0xaf, 0xba, 0xc2, 0xc2, 0xb2, 0xae, 0xad, 
	0xaa, 0xae, 0xc2, 0xad, 0xa3, 0xae, 0xaf, 0xba, 
	0xbc, 0xb6, 0xc2, 0xc0, 0xa9, 0xa8, 0xaf, 0xaf, 
	0xb9, 0xb4, 0xbe, 0xc2, 0xb6, 0xa9, 0xae, 0xaf, 
	0xb0, 0xb7, 0xb4, 0xc2, 0xbf, 0xad, 0xab, 0xaa, 
	0xa8, 0xa7, 0xb6, 0xbc, 0xa8, 0xa4, 0xc4, 0xce, 
	0xce, 0xc5, 0xc2, 0xc2, 0xb4, 0x9d, 0xaa, 0xc7, 
	0xce, 0xcc, 0xc3, 0xc2, 0xc0, 0xa2, 0x9e, 0xb5, 
	0xcb, 0xce, 0xc6, 0xc2, 0xc2, 0xaa, 0xa7, 0xa7, 
	0xa5, 0xa4, 0xa5, 0xbd, 0xc2, 0xbe, 0xc9, 0xce, 
	0xce, 0xc6, 0xc2, 0xc2, 0xc2, 0xc2, 0xb9, 0xcd, 
	0xce, 0xce, 0xc3, 0xc2, 0xc2, 0xc2, 0xbc, 0xbe, 
	0xce, 0xce, 0xca, 0xc2, 0xbd, 0xa5, 0xa4, 0xa4, 
	0xa2, 0xa2, 0xa1, 0xa6, 0xc0, 0xc2, 0xcd, 0xce, 
	0xce, 0xc8, 0xc2, 0xc2, 0xc2, 0xc2, 0xc4, 0xce, 
	0xce, 0xce, 0xc5, 0xc2, 0xc2, 0xc2, 0xc2, 0xc8, 
	0xce, 0xce, 0xcb, 0xc0, 0xa5, 0xa0, 0xa0, 0xa0, 
	0x9f, 0x9f, 0x9f, 0x9e, 0xa6, 0xbf, 0xca, 0xce, 
	0xce, 0xc5, 0xc2, 0xc2, 0xc2, 0xc2, 0xc2, 0xcd, 
	0xce, 0xcd, 0xc3, 0xc2, 0xc2, 0xc2, 0xc2, 0xc5, 
	0xce, 0xce, 0xc7, 0xa5, 0x9d, 0x9d, 0x9d, 0x9d, 
	0x9c, 0x9c, 0x9c, 0x9b, 0x9b, 0xa1, 0xc0, 0xce, 
	0xcb, 0xc2, 0xc2, 0xc2, 0xc2, 0xc2, 0xc2, 0xc8, 
	0xce, 0xc9, 0xc2, 0xc2, 0xc2, 0xc2, 0xc2, 0xc2, 
	0xcd, 0xc6, 0xa2, 0x9a, 0x9a, 0x9a, 0x9a, 0x9a, 
	0x98, 0x98, 0x98, 0x98, 0x97, 0x97, 0x99, 0xb8, 
	0xcd, 0xb4, 0xac, 0xc0, 0xc1, 0xb0, 0xae, 0xcb, 
	0xce, 0xcb, 0xae, 0xb2, 0xc1, 0xbf, 0xae, 0xb8, 
	0xb8, 0x99, 0x97, 0x97, 0x97, 0x97, 0x97, 0x97, 
	0x95, 0x95, 0x95, 0x95, 0x95, 0x94, 0x94, 0x94, 
	0x9e, 0xb8, 0xbd, 0xbd, 0xc0, 0xbb, 0xc8, 0xce, 
	0xce, 0xce, 0xca, 0xb8, 0xc2, 0xb9, 0xa8, 0x9b, 
	0x94, 0x94, 0x93, 0x93, 0x93, 0x93, 0x93, 0x93, 
	0x91, 0x91, 0x91, 0x91, 0x91, 0x90, 0x90, 0x90, 
	0x90, 0x90, 0x94, 0xa7, 0xb6, 0xc3, 0xca, 0xcd, 
	0xcd, 0xca, 0xc3, 0xb9, 0xa6, 0x93, 0x90, 0x90, 
	0x90, 0x90, 0x90, 0x90, 0x90, 0x90, 0x90, 0x90, 
	0x8e, 0x8e, 0x8e, 0x8e, 0x8e, 0x8e, 0x8d, 0x8d, 
	0x8d, 0x8d, 0x8d, 0x8d, 0x8d, 0x8d, 0x8d, 0x8d, 
	0x8d, 0x8d, 0x8d, 0x8d, 0x8d, 0x8d, 0x8d, 0x8d, 
	0x8d, 0x8d, 0x8d, 0x8d, 0x8c, 0x8c, 0x8c, 0x8c, 
	0x8a, 0x8a, 0x8a, 0x8a, 0x8a, 0x8a, 0x8a, 0x89, 
	0x89, 0x89, 0x89, 0x89, 0x89, 0x89, 0x89, 0x89, 
	0x89, 0x89, 0x89, 0x89, 0x89, 0x89, 0x89, 0x89, 
	0x89, 0x89, 0x89, 0x89, 0x88, 0x88, 0x88, 0x88, 
	0xb2, 0xb2, 0xb2, 0xa5, 0x88, 0xb2, 0x93, 0x93, 
	0xb1, 0x8b, 0xb1, 0xb1, 0xb1, 0x9d, 0x85, 0x85, 
	0x87, 0xb1, 0x93, 0x8e, 0xb1, 0x8b, 0xb1, 0xb1, 
	0xb1, 0x9d, 0x9b, 0xa9, 0x8d, 0xb1, 0x8c, 0xa8, 
	0xeb, 0xff, 0xf2, 0xcf, 0x8a, 0xff, 0xae, 0xb0, 
	0xff, 0x97, 0xff, 0xe6, 0xdc, 0xb5, 0x81, 0x81, 
	0x89, 0xff, 0xe4, 0xa2, 0xff, 0x97, 0xff, 0xe6, 
	0xdc, 0xb5, 0xb6, 0xf6, 0xb7, 0xff, 0xb8, 0xf6, 
	0x80, 0xff, 0xb2, 0x7e, 0x87, 0xff, 0xf0, 0xf0, 
	0xff, 0x94, 0xff, 0xe9, 0xe0, 0xa5, 0x7d, 0x7d, 
	0x86, 0xff, 0xfc, 0xd6, 0xff, 0x94, 0xff, 0xe9, 
	0xe0, 0xa5, 0x91, 0xff, 0xe3, 0xf3, 0xe3, 0xff, 
	0x7c, 0xff, 0xb1, 0x7a, 0x83, 0xff, 0xc6, 0xc8, 
	0xff, 0x91, 0xff, 0xbf, 0x9f, 0x86, 0x78, 0x78, 
	0x81, 0xff, 0xc1, 0xfe, 0xff, 0x91, 0xff, 0xbf, 
	0x9f, 0x86, 0x78, 0xf4, 0xff, 0xb3, 0xff, 0xf5, 
	0x77, 0xff, 0xae, 0x75, 0x7f, 0xff, 0xa7, 0xaa, 
	0xff, 0x8f, 0xff, 0xfc, 0xfb, 0xcd, 0x74, 0x74, 
	0x7e, 0xff, 0x9c, 0xcd, 0xff, 0x8e, 0xff, 0xfc, 
	0xfb, 0xcd, 0x74, 0xdc, 0xf5, 0x74, 0xf5, 0xdd, 
	0x70, 0x70, 0x70, 0x70, 0x70, 0x70, 0x70, 0x70, 
	0x70, 0x70, 0x6f, 0x6f, 0x6f, 0x6f, 0x6f, 0x6f, 
	0x6f, 0x6f, 0x6f, 0x6f, 0x6f, 0x6f, 0x6f, 0x6f, 
	0x6f, 0x6f, 0x6f, 0x6f, 0x6f, 0x6f, 0x6f, 0x6f, 
	0x6b, 0x6b, 0x6b, 0x6b, 0x6b, 0x6b, 0x6b, 0x6b, 
	0x6b, 0x6b, 0x6b, 0x6a, 0x6a, 0x6a, 0x6a, 0x6a, 
	0x6a, 0x6a, 0x6a, 0x6a, 0x6a, 0x6a, 0x6a, 0x6a, 
	0x6a, 0x6a, 0x6a, 0x6a, 0x6a, 0x6a, 0x6a, 0x6a, 
	0x66, 0x66, 0x66, 0x66, 0x66, 0x66, 0x66, 0x66, 
	0x66, 0x66, 0x66, 0x66, 0x65, 0x65, 0x65, 0x65, 
	0x65, 0x65, 0x65, 0x65, 0x65, 0x65, 0x65, 0x65, 
	0x65, 0x65, 0x65, 0x65, 0x65, 0x65, 0x65, 0x65, 
	0x60, 0x60, 0x60, 0x60, 0x60, 0x60, 0x60, 0x60, 
	0x60, 0x60, 0x60, 0x60, 0x5f, 0x5f, 0x5f, 0x5f, 
	0x5f, 0x5f, 0x5f, 0x5f, 0x5f, 0x5f, 0x5f, 0x5f, 
	0x5f, 0x5f, 0x5f, 0x5f, 0x5f, 0x5f, 0x5f, 0x5f, 
	0x5a, 0x5a, 0x5a, 0x5a, 0x61, 0x9e, 0x8e, 0x5b, 
	0x9e, 0x91, 0x5a, 0x62, 0x9f, 0x9f, 0x61, 0x59, 
	0x61, 0x9f, 0x9f, 0x61, 0x5d, 0x9e, 0x72, 0x6a, 
	0x9e, 0x6b, 0x9e, 0x66, 0x59, 0x59, 0x59, 0x59, 
	0x54, 0x54, 0x54, 0x54, 0x6d, 0xff, 0xf0, 0x89, 
	0xff, 0xe3, 0x58, 0xe7, 0xee, 0xee, 0xe7, 0x5b, 
	0xe7, 0xee, 0xee, 0xe7, 0x66, 0xff, 0xdf, 0x89, 
	0xff, 0x8b, 0xff, 0x7c, 0x52, 0x52, 0x52, 0x52, 
	0x4c, 0x4c, 0x4c, 0x4c, 0x68, 0xff, 0xea, 0xcb, 
	0xe9, 0xe2, 0x83, 0xff, 0x7e, 0x81, 0xff, 0xa4, 
	0xff, 0x7d, 0x80, 0xff, 0x8a, 0xff, 0xfb, 0xcd, 
	0xff, 0x70, 0xff, 0x5a, 0x4a, 0x4a, 0x4a, 0x4a, 
	0x44, 0x44, 0x44, 0x44, 0x63, 0xff, 0xc7, 0xfc, 
	0xc5, 0xe2, 0x76, 0xff, 0x8f, 0x92, 0xff, 0x94, 
	0xff, 0x8e, 0x91, 0xff, 0x7f, 0xff, 0xb3, 0xfe, 
	0xff, 0x5d, 0xcf, 0x42, 0x42, 0x42, 0x42, 0x42, 
	0x3b, 0x3b, 0x3b, 0x3b, 0x5e, 0xff, 0x99, 0xf9, 
	0xa2, 0xe1, 0x3b, 0xc9, 0xfb, 0xfc, 0xc9, 0x38, 
	0xc8, 0xfb, 0xfc, 0xc8, 0x4f, 0xff, 0x82, 0xc2, 
	0xff, 0x75, 0xff, 0x62, 0x38, 0x38, 0x38, 0x38, 
	0x2e, 0x2e, 0x2e, 0x2e, 0x2e, 0x2e, 0x2e, 0x2e, 
	0x2e, 0x2e, 0x2e, 0x2e, 0x41, 0x44, 0x2e, 0x2e, 
	0x2b, 0x3f, 0x41, 0x2b, 0x2b, 0x2b, 0x2b, 0x2b, 
	0x2b, 0x2b, 0x2b, 0x2b, 0x2b, 0x2b, 0x2b, 0x2b, 
	0x1c, 0x1c, 0x1c, 0x1c, 0x1c, 0x1c, 0x1c, 0x1c, 
	0x1c, 0x1c, 0x1c, 0x1c, 0x1c, 0x1c, 0x1c, 0x1c, 
	0x1c, 0x15, 0x15, 0x15, 0x15, 0x15, 0x15, 0x15, 
	0x15, 0x15, 0x15, 0x15, 0x15, 0x15, 0x15, 0x15, 
	
};

Gfx rbtcm_Poster2_rgba16_aligner[] = {gsSPEndDisplayList()};
u8 rbtcm_Poster2_rgba16[] = {
	0x86, 0xb3, 0x86, 0xb3, 0x86, 0xb3, 0x86, 0xb5, 
	0x8e, 0xb5, 0x8e, 0xb5, 0x8e, 0xb5, 0x8e, 0xb5, 
	0x8e, 0xb5, 0x8e, 0xb5, 0x8e, 0xb5, 0x96, 0xb5, 
	0x8e, 0xb5, 0x8e, 0xb3, 0x8e, 0x73, 0x8e, 0x73, 
	0x96, 0xb5, 0x8e, 0xb3, 0x8e, 0xb3, 0x8e, 0xb5, 
	0x96, 0xb5, 0x8e, 0xb5, 0x8e, 0xb5, 0x8e, 0xb5, 
	0x8e, 0xb5, 0x8e, 0xb5, 0x8e, 0xb5, 0x8e, 0xb5, 
	0x86, 0xb5, 0x86, 0xb3, 0x86, 0xb3, 0x86, 0xb3, 
	0x86, 0xb5, 0x8e, 0xb5, 0x8e, 0xb5, 0x8e, 0xb5, 
	0x8e, 0xb5, 0x8e, 0xb5, 0x96, 0xb5, 0x96, 0xb5, 
	0x96, 0xb5, 0x96, 0xb5, 0x8e, 0x73, 0x74, 0x63, 
	0xa5, 0x29, 0x9c, 0xe7, 0xa5, 0x29, 0xad, 0x6b, 
	0x53, 0x9b, 0xa5, 0x29, 0xad, 0x6b, 0x8c, 0xa5, 
	0x75, 0x6b, 0x96, 0xb5, 0x96, 0xb5, 0x96, 0xb5, 
	0x96, 0xb5, 0x96, 0xb5, 0x8e, 0xb5, 0x8e, 0xb5, 
	0x8e, 0xb5, 0x8e, 0xb5, 0x8e, 0xb5, 0x86, 0xb5, 
	0x8e, 0xb5, 0x8e, 0xb5, 0x96, 0xb5, 0x96, 0xb5, 
	0x96, 0xb5, 0x96, 0xb5, 0x96, 0xb5, 0x96, 0xb5, 
	0x96, 0xf5, 0x96, 0xf5, 0x96, 0xb5, 0x6c, 0xa5, 
	0xd6, 0xb5, 0xce, 0x73, 0xc6, 0x31, 0xe7, 0x39, 
	0x94, 0xa5, 0xe7, 0x39, 0xde, 0xf7, 0x7c, 0x21, 
	0x7d, 0x6b, 0x9e, 0xf5, 0x96, 0xf5, 0x96, 0xf5, 
	0x96, 0xb5, 0x96, 0xb5, 0x96, 0xb5, 0x96, 0xb5, 
	0x96, 0xb5, 0x96, 0xb5, 0x8e, 0xb5, 0x8e, 0xb5, 
	0x96, 0xb5, 0x96, 0xb5, 0x96, 0xb5, 0x96, 0xb5, 
	0x96, 0xf5, 0x9e, 0xf5, 0x9e, 0xf5, 0x9e, 0xf5, 
	0x9e, 0xf5, 0x9e, 0xf5, 0x9e, 0xf5, 0x8e, 0x31, 
	0xbd, 0xef, 0xd6, 0xb5, 0xb5, 0xad, 0xd6, 0xb5, 
	0x52, 0xd7, 0xde, 0xf7, 0xce, 0x73, 0x74, 0x63, 
	0x8e, 0x31, 0x9e, 0xf5, 0x9e, 0xf5, 0x9e, 0xf5, 
	0x9e, 0xf5, 0x9e, 0xf5, 0x9e, 0xf5, 0x96, 0xf5, 
	0x96, 0xb5, 0x96, 0xb5, 0x96, 0xb5, 0x96, 0xb5, 
	0x96, 0xb5, 0x96, 0xf5, 0x9e, 0xf5, 0x9e, 0xf5, 
	0x9e, 0xf5, 0x9e, 0xf5, 0x9e, 0xf5, 0x9e, 0xf5, 
	0x9e, 0xf5, 0xa6, 0xf7, 0xa6, 0xf7, 0x9e, 0xb5, 
	0x7d, 0x29, 0x7c, 0xe7, 0x7d, 0x29, 0x7d, 0x29, 
	0x85, 0xad, 0x7d, 0x27, 0x7d, 0x27, 0x7c, 0xe7, 
	0x96, 0x71, 0xa6, 0xf7, 0xa6, 0xf7, 0x9e, 0xf5, 
	0x9e, 0xf5, 0x9e, 0xf5, 0x9e, 0xf5, 0x9e, 0xf5, 
	0x9e, 0xf5, 0x9e, 0xf5, 0x96, 0xf5, 0x96, 0xb5, 
	0x9e, 0xf5, 0x9e, 0xf5, 0x9e, 0xf5, 0x9e, 0xf5, 
	0x9e, 0xf5, 0xa6, 0xf7, 0xa6, 0xf7, 0xa6, 0xf7, 
	0x9e, 0xb3, 0x8d, 0xef, 0x96, 0x2f, 0x7d, 0x29, 
	0x74, 0xa5, 0xa5, 0x69, 0x8c, 0xa5, 0x7c, 0x63, 
	0x94, 0xe7, 0x94, 0xa5, 0x74, 0xa5, 0x7c, 0xa3, 
	0x85, 0xad, 0x9e, 0xb3, 0x95, 0xef, 0xa6, 0xb5, 
	0xa6, 0xf7, 0xa6, 0xf7, 0xa6, 0xf7, 0x9e, 0xf5, 
	0x9e, 0xf5, 0x9e, 0xf5, 0x9e, 0xf5, 0x9e, 0xf5, 
	0x9e, 0xf5, 0x9e, 0xf5, 0xa6, 0xf7, 0xa6, 0xf7, 
	0xa6, 0xf7, 0x9e, 0xb5, 0x85, 0xab, 0x8c, 0xe7, 
	0x84, 0x21, 0xd6, 0xb5, 0x94, 0xa5, 0xd6, 0xb5, 
	0xad, 0x6b, 0xf7, 0xbd, 0x9c, 0xe7, 0x94, 0xe5, 
	0xde, 0xf7, 0xc6, 0x31, 0x73, 0x9d, 0xd6, 0xb5, 
	0xce, 0x73, 0x6b, 0x9d, 0xad, 0x6b, 0x84, 0x63, 
	0x96, 0x2f, 0x7d, 0x29, 0x96, 0x71, 0xa6, 0xf7, 
	0xa6, 0xf7, 0xa6, 0xf7, 0x9e, 0xf5, 0x9e, 0xf5, 
	0xa6, 0xf7, 0xa6, 0xf7, 0xa6, 0xf5, 0x85, 0x6b, 
	0x74, 0xe5, 0x73, 0xdf, 0xb5, 0xad, 0xbd, 0xef, 
	0x8c, 0x63, 0xbd, 0xef, 0xef, 0x7b, 0xce, 0x73, 
	0xc6, 0x31, 0xef, 0x7b, 0xbd, 0xef, 0x84, 0x21, 
	0xc6, 0x31, 0xce, 0x73, 0x9c, 0xe7, 0xa5, 0x29, 
	0xd6, 0xb5, 0xef, 0x7b, 0xce, 0x73, 0xf7, 0xbd, 
	0x8c, 0xa5, 0xd6, 0xb5, 0xbd, 0xef, 0x84, 0xa5, 
	0x8d, 0xad, 0xa6, 0xf5, 0xa6, 0xf7, 0xa6, 0xf7, 
	0xa6, 0xf7, 0x85, 0xab, 0x6c, 0x1f, 0xd6, 0xb5, 
	0xce, 0x73, 0x9c, 0xe7, 0xce, 0x73, 0xef, 0x7b, 
	0x94, 0xa5, 0x63, 0x9b, 0x94, 0xa5, 0x6c, 0x61, 
	0x7c, 0x63, 0x84, 0xe7, 0x84, 0xe7, 0x8d, 0x69, 
	0x8d, 0x6b, 0x84, 0xe7, 0x7c, 0xa5, 0x84, 0xe7, 
	0x85, 0x29, 0x9c, 0xe7, 0x7b, 0xdf, 0xad, 0xad, 
	0xef, 0x7b, 0xf7, 0xbd, 0xbd, 0xef, 0x8c, 0x63, 
	0xce, 0x73, 0x94, 0xe7, 0x8d, 0xad, 0xa6, 0xf7, 
	0x8d, 0xad, 0xc6, 0x31, 0xb5, 0xad, 0xb5, 0xad, 
	0xf7, 0xbd, 0x63, 0x5b, 0x7b, 0xdf, 0x84, 0xa5, 
	0x84, 0xe7, 0xae, 0xb5, 0xae, 0xb5, 0xb7, 0x37, 
	0xb7, 0x37, 0xb7, 0x37, 0xb7, 0x37, 0xb7, 0x37, 
	0xb7, 0x37, 0xb7, 0x37, 0xb7, 0x37, 0xb7, 0x37, 
	0xb7, 0x37, 0xae, 0xb5, 0xae, 0xb5, 0x95, 0xef, 
	0x8c, 0xa5, 0xd6, 0xb5, 0x7c, 0x21, 0xb5, 0xad, 
	0xf7, 0xbd, 0x73, 0x9d, 0x84, 0x63, 0x9e, 0x73, 
	0x96, 0x31, 0x94, 0xe7, 0xce, 0x73, 0xe7, 0x39, 
	0xad, 0x6b, 0x84, 0xe5, 0xa6, 0x73, 0xb7, 0x37, 
	0xb7, 0x37, 0xbf, 0x37, 0xbf, 0x37, 0xbf, 0x39, 
	0xbf, 0x39, 0xbf, 0x39, 0xbf, 0x39, 0xbf, 0x39, 
	0xbf, 0x39, 0xbf, 0x39, 0xbf, 0x39, 0xbf, 0x39, 
	0xbf, 0x39, 0xbf, 0x37, 0xbf, 0x37, 0xb7, 0x37, 
	0xb6, 0xf7, 0x95, 0xed, 0x84, 0xa5, 0xbd, 0xef, 
	0xb5, 0xad, 0x6b, 0x5b, 0x84, 0x63, 0xa6, 0xb5, 
	0xb6, 0xf7, 0x95, 0xed, 0x7c, 0x21, 0x84, 0xa5, 
	0xae, 0xb3, 0xb7, 0x37, 0xbf, 0x37, 0xbf, 0x39, 
	0xbf, 0x39, 0xbf, 0x39, 0xbf, 0x39, 0xbf, 0x39, 
	0xbf, 0x39, 0xbf, 0x39, 0xbf, 0x39, 0xbf, 0x39, 
	0xbf, 0x39, 0xbf, 0x39, 0xbf, 0x39, 0xbf, 0x39, 
	0xbf, 0x39, 0xbf, 0x39, 0xbf, 0x39, 0xbf, 0x39, 
	0xbf, 0x39, 0xbf, 0x37, 0xb7, 0x37, 0xa6, 0x73, 
	0x84, 0xe7, 0x6b, 0x9d, 0xae, 0xb5, 0xb6, 0xf7, 
	0xb6, 0xf7, 0xb7, 0x37, 0xb6, 0xf7, 0xb7, 0x37, 
	0xbf, 0x39, 0xbf, 0x39, 0xbf, 0x39, 0xbf, 0x39, 
	0xbf, 0x39, 0xbf, 0x39, 0xc7, 0x39, 0xc7, 0x39, 
	0xc7, 0x39, 0xc7, 0x39, 0xc7, 0x39, 0xc7, 0x39, 
	0xc7, 0x39, 0xc7, 0x39, 0xc7, 0x39, 0xc7, 0x39, 
	0xc7, 0x39, 0xc7, 0x39, 0xbf, 0x39, 0xbf, 0x39, 
	0xbf, 0x39, 0xbf, 0x39, 0xbf, 0x39, 0xbf, 0x39, 
	0xb7, 0x37, 0xb6, 0xf7, 0xb7, 0x37, 0xb6, 0xf7, 
	0xb7, 0x37, 0xb7, 0x37, 0xbf, 0x39, 0xbf, 0x39, 
	0xbf, 0x39, 0xbf, 0x39, 0xbf, 0x39, 0xc7, 0x39, 
	0xc7, 0x39, 0xc7, 0x39, 0xc7, 0x39, 0xc7, 0x39, 
	0xc7, 0x39, 0xc7, 0x39, 0xc7, 0x37, 0xc6, 0xf7, 
	0xbe, 0xf7, 0xc7, 0x39, 0xc7, 0x39, 0xc7, 0x39, 
	0xc7, 0x39, 0xc7, 0x39, 0xc7, 0x39, 0xc7, 0x39, 
	0xc7, 0x39, 0xbf, 0x39, 0xbf, 0x39, 0xbf, 0x39, 
	0xbf, 0x39, 0xbf, 0x39, 0xb7, 0x37, 0xb7, 0x37, 
	0xbf, 0x37, 0xbf, 0x39, 0xbf, 0x39, 0xbf, 0x39, 
	0xc7, 0x39, 0xc7, 0x39, 0xc7, 0x39, 0xc7, 0x39, 
	0xc7, 0x39, 0xc7, 0x39, 0xc6, 0xf7, 0xa5, 0xed, 
	0x8c, 0x63, 0x7a, 0xd5, 0x72, 0x53, 0x72, 0x0f, 
	0x69, 0x8b, 0x83, 0x59, 0xc7, 0x39, 0xcf, 0x39, 
	0xc7, 0x39, 0xc7, 0x39, 0xc7, 0x39, 0xc7, 0x39, 
	0xc7, 0x39, 0xc7, 0x39, 0xc7, 0x39, 0xc7, 0x39, 
	0xbf, 0x39, 0xbf, 0x39, 0xbf, 0x39, 0xbf, 0x37, 
	0xbf, 0x39, 0xbf, 0x39, 0xbf, 0x39, 0xc7, 0x39, 
	0xc7, 0x39, 0xc7, 0x39, 0xc7, 0x39, 0xae, 0x73, 
	0x9e, 0x33, 0x9e, 0x31, 0x8c, 0xe7, 0x48, 0xc1, 
	0x61, 0x01, 0x69, 0x01, 0x69, 0x01, 0x69, 0x01, 
	0x69, 0x01, 0x69, 0x49, 0xbe, 0xb5, 0xcf, 0x79, 
	0xcf, 0x79, 0xcf, 0x79, 0xcf, 0x39, 0xcf, 0x39, 
	0xc7, 0x39, 0xc7, 0x39, 0xc7, 0x39, 0xc7, 0x39, 
	0xc7, 0x39, 0xbf, 0x39, 0xbf, 0x39, 0xbf, 0x39, 
	0xbf, 0x39, 0xc7, 0x39, 0xc7, 0x39, 0xc7, 0x39, 
	0xae, 0x73, 0x85, 0x29, 0x4b, 0xe3, 0x44, 0x25, 
	0x3c, 0x27, 0x3c, 0x25, 0x2b, 0x5f, 0x3a, 0xdb, 
	0x59, 0x01, 0x61, 0x01, 0x61, 0x01, 0x69, 0x01, 
	0x69, 0x01, 0x69, 0x05, 0xb6, 0x31, 0xcf, 0x7b, 
	0xcf, 0x7b, 0xcf, 0x79, 0xcf, 0x79, 0xcf, 0x79, 
	0xcf, 0x79, 0xcf, 0x39, 0xc7, 0x39, 0xc7, 0x39, 
	0xc7, 0x39, 0xc7, 0x39, 0xc7, 0x39, 0xbf, 0x39, 
	0xc7, 0x39, 0xc7, 0x39, 0xc7, 0x39, 0xc7, 0x39, 
	0x6c, 0x65, 0x3b, 0xe5, 0x2b, 0x5f, 0x3b, 0xa3, 
	0x3b, 0xa1, 0x33, 0xa1, 0x23, 0x1b, 0x32, 0x15, 
	0x58, 0xc1, 0x61, 0x01, 0x61, 0x01, 0x69, 0x01, 
	0x69, 0x01, 0x69, 0x01, 0xa5, 0x6b, 0xd7, 0x7b, 
	0xd7, 0x7b, 0xd7, 0x7b, 0xcf, 0x7b, 0xcf, 0x7b, 
	0xcf, 0x79, 0xcf, 0x79, 0xcf, 0x79, 0xcf, 0x39, 
	0xc7, 0x39, 0xc7, 0x39, 0xc7, 0x39, 0xc7, 0x39, 
	0xc7, 0x39, 0xc7, 0x39, 0xcf, 0x39, 0xcf, 0x39, 
	0x6c, 0x65, 0x3c, 0x27, 0x33, 0xa1, 0x2a, 0xdb, 
	0x33, 0x1d, 0x2a, 0xdb, 0x22, 0x97, 0x31, 0x8f, 
	0x51, 0x03, 0x61, 0x01, 0x69, 0x03, 0x79, 0x45, 
	0x89, 0x87, 0x81, 0x45, 0x9c, 0x63, 0xd7, 0x7b, 
	0xd7, 0x7b, 0xd7, 0x7b, 0xd7, 0x7b, 0xd7, 0x7b, 
	0xd7, 0x7b, 0xcf, 0x7b, 0xcf, 0x79, 0xcf, 0x79, 
	0xcf, 0x39, 0xcf, 0x39, 0xc7, 0x39, 0xc7, 0x39, 
	0xc7, 0x39, 0xcf, 0x39, 0xcf, 0x79, 0xcf, 0x79, 
	0x6c, 0x63, 0x4b, 0xe1, 0xb6, 0xb5, 0xbe, 0xb5, 
	0xbe, 0xb5, 0xbe, 0x73, 0xae, 0x31, 0x84, 0x63, 
	0x81, 0x47, 0xba, 0x0d, 0xd2, 0x4d, 0xe2, 0x8f, 
	0xf2, 0xd1, 0xf2, 0xd1, 0xeb, 0xdd, 0xdf, 0x7b, 
	0xdf, 0x7b, 0xd7, 0x7b, 0xd7, 0x7b, 0xd7, 0x7b, 
	0xd7, 0x7b, 0xd7, 0x7b, 0xd7, 0x7b, 0xcf, 0x7b, 
	0xcf, 0x79, 0xcf, 0x79, 0xcf, 0x39, 0xc7, 0x39, 
	0xcf, 0x39, 0xcf, 0x79, 0xcf, 0x79, 0xcf, 0x7b, 
	0x95, 0x2b, 0x5c, 0x23, 0xc6, 0xf7, 0xd7, 0x7b, 
	0xd7, 0x7b, 0xdf, 0x7b, 0xdf, 0x7b, 0xb5, 0xad, 
	0xaa, 0x0d, 0xd2, 0x4f, 0xd2, 0x4f, 0xca, 0x4d, 
	0xba, 0x0d, 0xb2, 0x0b, 0xb2, 0x51, 0xce, 0xb5, 
	0xdf, 0x7b, 0xdf, 0x7b, 0xdf, 0x7b, 0xd7, 0x7b, 
	0xd7, 0x7b, 0xd7, 0x7b, 0xd7, 0x7b, 0xd7, 0x7b, 
	0xcf, 0x7b, 0xcf, 0x79, 0xcf, 0x79, 0xcf, 0x39, 
	0xcf, 0x79, 0xcf, 0x79, 0xcf, 0x7b, 0xd7, 0x7b, 
	0xd7, 0x79, 0xb6, 0x73, 0x9d, 0xad, 0xce, 0xf7, 
	0xdf, 0x7b, 0xdf, 0x7b, 0xdf, 0x7b, 0xb5, 0x6b, 
	0x81, 0x89, 0x69, 0x05, 0x62, 0x11, 0x51, 0xcd, 
	0x7b, 0x5b, 0x62, 0x97, 0x63, 0xa5, 0x74, 0xf5, 
	0x8c, 0xa9, 0xa5, 0xad, 0xdf, 0x7b, 0xdf, 0x7b, 
	0xdf, 0x7b, 0xd7, 0x7b, 0xd7, 0x7b, 0xd7, 0x7b, 
	0xd7, 0x7b, 0xcf, 0x7b, 0xcf, 0x79, 0xcf, 0x79, 
	0xcf, 0x79, 0xcf, 0x7b, 0xd7, 0x7b, 0xd7, 0x7b, 
	0xd7, 0x7b, 0xd7, 0x7b, 0xdf, 0x7b, 0xdf, 0x7b, 
	0xdf, 0x7b, 0xd6, 0xf7, 0x84, 0x63, 0x52, 0x51, 
	0x62, 0xd7, 0x8c, 0x63, 0x8c, 0x63, 0x84, 0x21, 
	0x9c, 0xe7, 0x6b, 0x9f, 0x7d, 0x7b, 0x7c, 0x67, 
	0x5a, 0xd7, 0x9d, 0xb1, 0xdf, 0x7b, 0xdf, 0x7b, 
	0xdf, 0x7b, 0xdf, 0x7b, 0xd7, 0x7b, 0xd7, 0x7b, 
	0xd7, 0x7b, 0xd7, 0x7b, 0xcf, 0x7b, 0xcf, 0x79, 
	0xcf, 0x7b, 0xd7, 0x7b, 0xd7, 0x7b, 0xd7, 0x7b, 
	0xdf, 0x7b, 0xdf, 0x7b, 0xdf, 0x7b, 0xdf, 0x7b, 
	0xdf, 0x7b, 0xdf, 0x7b, 0x9d, 0x27, 0x4a, 0x53, 
	0x6b, 0x5b, 0x94, 0xa5, 0xa5, 0x29, 0x94, 0xa5, 
	0x8c, 0x63, 0x84, 0x23, 0x8c, 0xa9, 0x63, 0x5b, 
	0x5b, 0x63, 0xae, 0x37, 0xdf, 0xbb, 0xdf, 0x7b, 
	0xdf, 0x7b, 0xdf, 0x7b, 0xdf, 0x7b, 0xdf, 0x7b, 
	0xd7, 0x7b, 0xd7, 0x7b, 0xd7, 0x7b, 0xcf, 0x7b, 
	0xd7, 0x7b, 0xd7, 0x7b, 0xd7, 0x7b, 0xd7, 0x7b, 
	0xdf, 0x7b, 0xdf, 0x7b, 0xdf, 0x7b, 0xdf, 0xbb, 
	0xe7, 0xbd, 0xe7, 0xbd, 0xdf, 0x7b, 0x63, 0x19, 
	0x7b, 0xdf, 0x94, 0xa5, 0x8c, 0x63, 0x94, 0xa5, 
	0xb5, 0xad, 0x7b, 0xdf, 0x5a, 0xd7, 0x52, 0xdb, 
	0x8c, 0xeb, 0xdf, 0x7b, 0xe7, 0xbd, 0xe7, 0xbd, 
	0xdf, 0xbb, 0xdf, 0x7b, 0xdf, 0x7b, 0xdf, 0x7b, 
	0xd7, 0x7b, 0xd7, 0x7b, 0xd7, 0x7b, 0xd7, 0x7b, 
	0xd7, 0x7b, 0xd7, 0x7b, 0xd7, 0x7b, 0xdf, 0x7b, 
	0xdf, 0x7b, 0xdf, 0x7b, 0xdf, 0xbb, 0xe7, 0xbd, 
	0xe7, 0xbd, 0xe7, 0xbd, 0xe7, 0xbd, 0x8c, 0xa5, 
	0x73, 0x9d, 0xa4, 0xe5, 0xad, 0x6b, 0x8c, 0x63, 
	0x94, 0xa5, 0x73, 0x9d, 0x6b, 0x5b, 0x8c, 0x63, 
	0x9c, 0xe7, 0xce, 0xb5, 0xe7, 0xbd, 0xe7, 0xbd, 
	0xe7, 0xbd, 0xdf, 0xbb, 0xdf, 0x7b, 0xdf, 0x7b, 
	0xdf, 0x7b, 0xd7, 0x7b, 0xd7, 0x7b, 0xd7, 0x7b, 
	0xd7, 0x7b, 0xd7, 0x7b, 0xdf, 0x7b, 0xdf, 0x7b, 
	0xdf, 0x7b, 0xdf, 0xbb, 0xe7, 0xbd, 0xe7, 0xbd, 
	0xe7, 0xbd, 0xe7, 0xbd, 0xef, 0xbd, 0xad, 0xad, 
	0x4a, 0x53, 0x94, 0xa3, 0xdf, 0x39, 0xa5, 0x29, 
	0xb5, 0xad, 0x9c, 0xe7, 0xc6, 0x31, 0xd6, 0xb5, 
	0xb5, 0xab, 0xb5, 0xef, 0xe7, 0xbd, 0xe7, 0xbd, 
	0xe7, 0xbd, 0xe7, 0xbd, 0xdf, 0xbb, 0xdf, 0x7b, 
	0xdf, 0x7b, 0xdf, 0x7b, 0xd7, 0x7b, 0xd7, 0x7b, 
	0xd7, 0x7b, 0xd7, 0x7b, 0xdf, 0x7b, 0xdf, 0x7b, 
	0xdf, 0x7b, 0xe7, 0xbb, 0xe7, 0xbd, 0xe7, 0xbd, 
	0xe7, 0xbd, 0xef, 0xbd, 0xef, 0xbd, 0xdf, 0x39, 
	0x5a, 0xd7, 0x5a, 0xd7, 0xa5, 0x29, 0xd6, 0xb5, 
	0xde, 0xf7, 0xad, 0x6b, 0xde, 0xf7, 0xd6, 0xb5, 
	0x9c, 0xe7, 0xc6, 0x31, 0xef, 0xbd, 0xe7, 0xbd, 
	0xe7, 0xbd, 0xe7, 0xbd, 0xe7, 0xbb, 0xdf, 0x7b, 
	0xdf, 0x7b, 0xdf, 0x7b, 0xd7, 0x7b, 0xd7, 0x7b, 
	0x9d, 0x29, 0xc6, 0xb5, 0xdf, 0x7b, 0xdf, 0x7b, 
	0xdf, 0xbb, 0xe7, 0xbd, 0xe7, 0xbd, 0xe7, 0xbd, 
	0xe7, 0xbd, 0xef, 0xbd, 0xef, 0xbd, 0xef, 0xbd, 
	0x94, 0xa5, 0x63, 0x19, 0x52, 0x95, 0x5a, 0xd7, 
	0x84, 0x21, 0x8c, 0x63, 0x9c, 0xe7, 0x8c, 0x63, 
	0xad, 0x6b, 0xef, 0xbd, 0xef, 0xbd, 0xe7, 0xbd, 
	0xe7, 0xbd, 0xe7, 0xbd, 0xe7, 0xbd, 0xdf, 0xbb, 
	0xdf, 0x7b, 0xdf, 0x7b, 0xdf, 0x7b, 0xd7, 0x7b, 
	0x84, 0x21, 0x6b, 0x5b, 0x84, 0x21, 0xbe, 0x31, 
	0xd7, 0x39, 0xe7, 0xbd, 0xe7, 0xbd, 0xe7, 0xbd, 
	0xef, 0xbd, 0xef, 0xbd, 0xef, 0xbd, 0xef, 0xbd, 
	0xce, 0x73, 0x31, 0x8d, 0x4a, 0x53, 0x52, 0x95, 
	0x5a, 0xd7, 0x52, 0x95, 0x52, 0x95, 0x6b, 0x5b, 
	0xd6, 0xf7, 0xef, 0xbd, 0xef, 0xbd, 0xef, 0xbd, 
	0xe7, 0xbd, 0xe7, 0xbd, 0xe7, 0xbd, 0xdf, 0xbb, 
	0xdf, 0x7b, 0xdf, 0x7b, 0xdf, 0x7b, 0xd7, 0x7b, 
	0x6b, 0x5b, 0x94, 0xa5, 0x84, 0x21, 0x7b, 0xdf, 
	0x8c, 0xa3, 0xad, 0xad, 0xce, 0xb5, 0xe7, 0xbd, 
	0xef, 0xbd, 0xef, 0xbd, 0xef, 0xbd, 0xd6, 0xb5, 
	0x7b, 0x99, 0x73, 0x13, 0x73, 0x55, 0x63, 0x19, 
	0x5a, 0xd7, 0x63, 0x19, 0x63, 0x19, 0xad, 0xb1, 
	0xd6, 0xfb, 0xc6, 0x33, 0xe7, 0x7b, 0xc6, 0x31, 
	0xad, 0x29, 0xbd, 0xef, 0xe7, 0xbd, 0xe7, 0xbb, 
	0xdf, 0x7b, 0xdf, 0x7b, 0xdf, 0x7b, 0xd7, 0x7b, 
	0x8c, 0x63, 0x8c, 0x63, 0x73, 0x9d, 0x6b, 0x5b, 
	0x8c, 0x63, 0x73, 0x9d, 0x73, 0x9d, 0x84, 0x63, 
	0xce, 0xb5, 0xe7, 0x39, 0xef, 0xbd, 0xef, 0xbd, 
	0x83, 0x9d, 0xa4, 0xe5, 0xac, 0xdf, 0x9c, 0x9b, 
	0x73, 0x59, 0xb5, 0x69, 0xb5, 0x6f, 0xc6, 0x35, 
	0xbd, 0xad, 0x9c, 0x61, 0xd6, 0xb5, 0x59, 0x8b, 
	0x61, 0x01, 0x69, 0x8b, 0xce, 0xb5, 0xe7, 0xbd, 
	0xdf, 0x7b, 0xdf, 0x7b, 0xdf, 0x7b, 0xd7, 0x7b, 
	0x9c, 0xe7, 0x94, 0xa5, 0x7b, 0xdf, 0x73, 0x9d, 
	0x6b, 0x5b, 0x73, 0x9d, 0x6b, 0x5b, 0x5a, 0xd7, 
	0x73, 0x9d, 0x7b, 0xdf, 0xa5, 0x29, 0xd6, 0xf7, 
	0xa5, 0x27, 0x83, 0x9d, 0xb5, 0xad, 0xad, 0x67, 
	0x73, 0xdf, 0x8c, 0xa7, 0xc6, 0x31, 0xc6, 0x31, 
	0x83, 0x59, 0xb5, 0x6b, 0xde, 0xf7, 0x51, 0x8b, 
	0x58, 0xc1, 0x69, 0x01, 0x8b, 0x5b, 0xdf, 0x7b, 
	0xdf, 0x7b, 0xdf, 0x7b, 0xdf, 0x7b, 0xd7, 0x7b, 
	0x39, 0xcf, 0x7b, 0xdf, 0x7b, 0xdf, 0x84, 0x21, 
	0x6b, 0x5b, 0x7b, 0xdf, 0x8c, 0x63, 0x5a, 0xd7, 
	0x84, 0x21, 0x7b, 0xdf, 0x7b, 0xdf, 0x6b, 0x5b, 
	0x62, 0x51, 0x58, 0xc1, 0x94, 0x63, 0xbd, 0xef, 
	0x6b, 0xe1, 0x94, 0xe9, 0xc6, 0x31, 0x93, 0x9d, 
	0x69, 0x01, 0xd6, 0xb5, 0xef, 0xbd, 0xa5, 0x6b, 
	0x48, 0xc1, 0x61, 0x01, 0x69, 0x05, 0xb5, 0x6b, 
	0xdf, 0x7b, 0xdf, 0x7b, 0xdf, 0x7b, 0xd7, 0x7b, 
	0x8c, 0x63, 0x8c, 0x63, 0x8c, 0x63, 0x6b, 0x5b, 
	0x73, 0x9d, 0x6b, 0x5b, 0x8c, 0x63, 0x7b, 0xdf, 
	0x84, 0x21, 0x73, 0x9d, 0x8c, 0x63, 0x9c, 0xa5, 
	0x6a, 0xd7, 0x48, 0xc1, 0x61, 0x8b, 0xad, 0x29, 
	0x74, 0x25, 0x9d, 0x2b, 0xa4, 0xe5, 0x69, 0x45, 
	0x71, 0xcd, 0xe7, 0x7b, 0xef, 0xbd, 0xe7, 0x7b, 
	0x6b, 0x19, 0x50, 0xc1, 0x69, 0x01, 0x71, 0xcd, 
	0xce, 0xf7, 0xdf, 0x7b, 0xdf, 0x7b, 0xd7, 0x7b, 
	0x94, 0xa5, 0xa5, 0x29, 0x8c, 0x63, 0x84, 0x21, 
	0x84, 0x21, 0x6b, 0x5d, 0x63, 0x19, 0x6b, 0x5b, 
	0x6b, 0x5b, 0x63, 0x19, 0x8c, 0x63, 0x73, 0x9d, 
	0x6b, 0x19, 0x48, 0xc1, 0x50, 0xc1, 0x6a, 0x53, 
	0x1b, 0x21, 0x4b, 0x1f, 0x69, 0x47, 0x69, 0x01, 
	0x93, 0xdf, 0xef, 0xbd, 0xef, 0xbd, 0xe7, 0xbd, 
	0xc6, 0x73, 0x48, 0xc1, 0x59, 0x01, 0x69, 0x01, 
	0x8b, 0xdf, 0xdf, 0x7b, 0xdf, 0x7b, 0xd7, 0x7b, 
	0x8c, 0x63, 0x94, 0xa5, 0x8c, 0x63, 0x84, 0x21, 
	0x7b, 0xdf, 0x63, 0x19, 0x84, 0x21, 0x8c, 0x63, 
	0x73, 0x9d, 0x7b, 0xdf, 0x63, 0x17, 0x6b, 0x5b, 
	0x9c, 0xe7, 0x40, 0xc3, 0x48, 0xc5, 0x32, 0x15, 
	0x0b, 0x21, 0x1b, 0x63, 0x61, 0x8f, 0x69, 0x01, 
	0xb5, 0xad, 0xef, 0xbd, 0xef, 0xbd, 0xe7, 0xbd, 
	0xe7, 0xbd, 0x84, 0x61, 0x50, 0xc1, 0x61, 0x01, 
	0x69, 0x05, 0xb5, 0xad, 0xd7, 0x7b, 0xd7, 0x7b, 
	0x8c, 0x63, 0x84, 0x21, 0x6b, 0x5b, 0x6b, 0x19, 
	0x42, 0x11, 0x52, 0x95, 0x63, 0x19, 0x84, 0x21, 
	0x7b, 0xdf, 0x6b, 0x19, 0x73, 0x9d, 0x84, 0x21, 
	0x52, 0x95, 0x52, 0x11, 0x41, 0x0b, 0x0a, 0x5b, 
	0x02, 0xdf, 0x03, 0x65, 0x4a, 0xdd, 0x69, 0x03, 
	0xd6, 0xb5, 0xef, 0xbd, 0xe7, 0xbd, 0xe7, 0xbd, 
	0xe7, 0xbd, 0xd6, 0xf7, 0x52, 0x0f, 0x58, 0xc1, 
	0x69, 0x01, 0x72, 0x11, 0xce, 0xf7, 0xd7, 0x7b, 
	0x8c, 0x63, 0xa5, 0xad, 0xbe, 0x73, 0xb5, 0xef, 
	0xa5, 0x6b, 0x8c, 0xa5, 0x5b, 0x19, 0x6b, 0x9d, 
	0x5a, 0xd7, 0x6b, 0x5b, 0x52, 0x95, 0x6b, 0x5b, 
	0x6b, 0x5b, 0x5a, 0x95, 0x38, 0xc7, 0x0a, 0x59, 
	0x03, 0x23, 0x03, 0xa5, 0x23, 0x65, 0x69, 0x4b, 
	0xd6, 0xf7, 0xe7, 0xbd, 0xe7, 0xbd, 0xe7, 0xbd, 
	0xe7, 0xbd, 0xdf, 0xbb, 0xa5, 0x6b, 0x48, 0xc1, 
	0x60, 0xc1, 0x69, 0x01, 0x7b, 0x19, 0xad, 0xad, 
	0xbe, 0xb5, 0xd7, 0x7b, 0xd7, 0x7b, 0xd7, 0x7b, 
	0xdf, 0x7b, 0xdf, 0x7b, 0xdf, 0x7b, 0xd7, 0x39, 
	0xd6, 0xf7, 0xd7, 0x37, 0xd6, 0xf7, 0xd6, 0xf7, 
	0xdf, 0x39, 0xbe, 0x31, 0x40, 0xc3, 0x29, 0xd3, 
	0x02, 0xdf, 0x03, 0x63, 0x42, 0xdd, 0x69, 0x01, 
	0xd6, 0xf7, 0xe7, 0xbd, 0xe7, 0xbd, 0xe7, 0xbd, 
	0xdf, 0xbb, 0xdf, 0x7b, 0xd7, 0x7b, 0x6b, 0x19, 
	0x50, 0xc1, 0x61, 0x01, 0x69, 0x01, 0x69, 0x01, 
	0xcf, 0x7b, 0xd7, 0x7b, 0xd7, 0x7b, 0xd7, 0x7b, 
	0xdf, 0x7b, 0xdf, 0x7b, 0xdf, 0x7b, 0xdf, 0x7b, 
	0xdf, 0x7b, 0xdf, 0xbb, 0xe7, 0xbd, 0xe7, 0xbd, 
	0xe7, 0xbd, 0xbe, 0x73, 0x48, 0xc1, 0x49, 0x4d, 
	0x02, 0x9b, 0x13, 0x1f, 0x59, 0xd1, 0x69, 0x01, 
	0xd6, 0xf7, 0xe7, 0xbd, 0xdf, 0xbb, 0xdf, 0x7b, 
	0xdf, 0x7b, 0xdf, 0x7b, 0xdf, 0x7b, 0xbe, 0x73, 
	0x73, 0x9b, 0x59, 0xcd, 0x58, 0xc1, 0x58, 0xc1, 
	0xcf, 0x79, 0xcf, 0x7b, 0xd7, 0x7b, 0xd7, 0x7b, 
	0xd7, 0x7b, 0xd7, 0x7b, 0xdf, 0x7b, 0xdf, 0x7b, 
	0xdf, 0x7b, 0xdf, 0x7b, 0xdf, 0xbb, 0xdf, 0xbb, 
	0xe7, 0xbd, 0xb5, 0xef, 0x48, 0xc1, 0x51, 0x05, 
	0x1a, 0x59, 0x32, 0x59, 0x69, 0x01, 0x69, 0x01, 
	0xce, 0xf7, 0xdf, 0xbb, 0xdf, 0x7b, 0xdf, 0x7b, 
	0xdf, 0x7b, 0xdf, 0x7b, 0xd7, 0x7b, 0xd7, 0x7b, 
	0xd7, 0x7b, 0xce, 0xf7, 0xb6, 0x31, 0x94, 0xe7, 
	0xcf, 0x79, 0xcf, 0x79, 0xcf, 0x7b, 0xd7, 0x7b, 
	0xd7, 0x7b, 0xd7, 0x7b, 0xd7, 0x7b, 0xdf, 0x7b, 
	0xdf, 0x7b, 0xdf, 0x7b, 0xdf, 0x7b, 0xdf, 0x7b, 
	0xdf, 0x7b, 0xad, 0xad, 0x48, 0xc1, 0x59, 0x01, 
	0x39, 0xd3, 0x49, 0xd3, 0x69, 0x01, 0x69, 0x01, 
	0xce, 0xf5, 0xdf, 0x7b, 0xdf, 0x7b, 0xdf, 0x7b, 
	0xdf, 0x7b, 0xd7, 0x7b, 0xd7, 0x7b, 0xd7, 0x7b, 
	0xd7, 0x7b, 0xcf, 0x7b, 0xcf, 0x79, 0xcf, 0x79, 
	0xcf, 0x39, 0xcf, 0x79, 0xcf, 0x79, 0xcf, 0x7b, 
	0xd7, 0x7b, 0xd7, 0x7b, 0xd7, 0x7b, 0xd7, 0x7b, 
	0xd7, 0x7b, 0xdf, 0x7b, 0xdf, 0x7b, 0xdf, 0x7b, 
	0xdf, 0x7b, 0xa5, 0x6b, 0x48, 0xc1, 0x59, 0x01, 
	0x51, 0x4d, 0x69, 0x49, 0x69, 0x01, 0x69, 0x01, 
	0xce, 0xb5, 0xdf, 0x7b, 0xdf, 0x7b, 0xd7, 0x7b, 
	0xd7, 0x7b, 0xd7, 0x7b, 0xd7, 0x7b, 0xd7, 0x7b, 
	0xcf, 0x7b, 0xcf, 0x79, 0xcf, 0x79, 0xcf, 0x39, 
	0xc7, 0x39, 0xcf, 0x39, 0xcf, 0x79, 0xcf, 0x79, 
	0xcf, 0x7b, 0xd7, 0x7b, 0xd7, 0x7b, 0xd7, 0x7b, 
	0xd7, 0x7b, 0xd7, 0x7b, 0xd7, 0x7b, 0xdf, 0x7b, 
	0xdf, 0x7b, 0x94, 0xe7, 0x48, 0xc1, 0x59, 0x01, 
	0x61, 0x01, 0x69, 0x01, 0x69, 0x01, 0x69, 0x01, 
	0xc6, 0xb5, 0xd7, 0x7b, 0xd7, 0x7b, 0xd7, 0x7b, 
	0xd7, 0x7b, 0xd7, 0x7b, 0xd7, 0x7b, 0xcf, 0x7b, 
	0xcf, 0x79, 0xcf, 0x79, 0xcf, 0x39, 0xc7, 0x39, 
	0xc7, 0x39, 0xc7, 0x39, 0xcf, 0x39, 0xcf, 0x39, 
	0xcf, 0x79, 0xcf, 0x79, 0xcf, 0x7b, 0xd7, 0x7b, 
	0xd7, 0x7b, 0xd7, 0x7b, 0xd7, 0x7b, 0xd7, 0x7b, 
	0xd7, 0x7b, 0x8c, 0xa3, 0x48, 0xc1, 0x59, 0x01, 
	0x61, 0x01, 0x69, 0x01, 0x69, 0x01, 0x69, 0x01, 
	0xbe, 0x73, 0xd7, 0x7b, 0xd7, 0x7b, 0xd7, 0x7b, 
	0xd7, 0x7b, 0xcf, 0x7b, 0xcf, 0x79, 0xcf, 0x79, 
	0xcf, 0x39, 0xcf, 0x39, 0xc7, 0x39, 0xc7, 0x39, 
	0xc7, 0x39, 0xc7, 0x39, 0xc7, 0x39, 0xc7, 0x39, 
	0xcf, 0x39, 0xcf, 0x79, 0xcf, 0x79, 0xcf, 0x79, 
	0xcf, 0x7b, 0xcf, 0x7b, 0xd7, 0x7b, 0xd7, 0x7b, 
	0xd7, 0x7b, 0x7c, 0x21, 0x48, 0xc1, 0x59, 0x01, 
	0x61, 0x01, 0x69, 0x01, 0x69, 0x01, 0x69, 0x01, 
	0xa5, 0x6b, 0xd7, 0x7b, 0xcf, 0x7b, 0xcf, 0x7b, 
	0xcf, 0x79, 0xcf, 0x79, 0xcf, 0x79, 0xcf, 0x39, 
	0xc7, 0x39, 0xc7, 0x39, 0xc7, 0x39, 0xc7, 0x39, 
	0xbf, 0x39, 0xc7, 0x39, 0xc7, 0x39, 0xc7, 0x39, 
	0xc7, 0x39, 0xc7, 0x39, 0xcf, 0x39, 0xcf, 0x79, 
	0xcf, 0x79, 0xcf, 0x79, 0xcf, 0x79, 0xcf, 0x7b, 
	0xcf, 0x39, 0x6b, 0x5b, 0x48, 0xc1, 0x58, 0xc1, 
	0x61, 0x01, 0x69, 0x01, 0x69, 0x01, 0x69, 0x01, 
	0x8b, 0xdf, 0xcf, 0x79, 0xcf, 0x79, 0xcf, 0x79, 
	0xcf, 0x79, 0xcf, 0x39, 0xc7, 0x39, 0xc7, 0x39, 
	0xc7, 0x39, 0xc7, 0x39, 0xc7, 0x39, 0xbf, 0x39, 
	0xbf, 0x39, 0xbf, 0x39, 0xbf, 0x39, 0xc7, 0x39, 
	0xc7, 0x39, 0xc7, 0x39, 0xc7, 0x39, 0xc7, 0x39, 
	0xcf, 0x39, 0xcf, 0x39, 0xcf, 0x79, 0xcf, 0x79, 
	0xbe, 0xf5, 0x49, 0x49, 0x50, 0xc1, 0x59, 0x01, 
	0x69, 0x01, 0x69, 0x01, 0x69, 0x01, 0x69, 0x01, 
	0x71, 0xcd, 0xc7, 0x37, 0xcf, 0x39, 0xcf, 0x39, 
	0xc7, 0x39, 0xc7, 0x39, 0xc7, 0x39, 0xc7, 0x39, 
	0xc7, 0x39, 0xbf, 0x39, 0xbf, 0x39, 0xbf, 0x39, 
	0xbf, 0x37, 0xbf, 0x39, 0xbf, 0x39, 0xbf, 0x39, 
	0xc7, 0x39, 0xc7, 0x39, 0xc7, 0x39, 0xc7, 0x39, 
	0xc7, 0x39, 0xc7, 0x39, 0xc7, 0x39, 0xc7, 0x39, 
	0x9d, 0x6b, 0x48, 0xc1, 0x58, 0xc1, 0x61, 0x01, 
	0x69, 0x01, 0x69, 0x01, 0x69, 0x01, 0x69, 0x01, 
	0x69, 0x01, 0xb6, 0x31, 0xc7, 0x39, 0xc7, 0x39, 
	0xc7, 0x39, 0xc7, 0x39, 0xc7, 0x39, 0xc7, 0x39, 
	0xbf, 0x39, 0xbf, 0x39, 0xbf, 0x39, 0xbf, 0x37, 
	0xb7, 0x37, 0xb7, 0x37, 0xbf, 0x39, 0xbf, 0x39, 
	0xbf, 0x39, 0xbf, 0x39, 0xbf, 0x39, 0xc7, 0x39, 
	0xc7, 0x39, 0xc7, 0x39, 0xc7, 0x39, 0xc7, 0x39, 
	0x73, 0x9d, 0x50, 0xc1, 0x61, 0x01, 0x61, 0x01, 
	0x69, 0x01, 0x69, 0x01, 0x69, 0x01, 0x69, 0x01, 
	0x69, 0x01, 0x9d, 0x29, 0xc7, 0x39, 0xc7, 0x39, 
	0xc7, 0x39, 0xbf, 0x39, 0xbf, 0x39, 0xbf, 0x39, 
	0xbf, 0x39, 0xbf, 0x39, 0xb7, 0x37, 0xb7, 0x37, 
	0xb6, 0xf7, 0xb7, 0x37, 0xb7, 0x37, 0xb7, 0x37, 
	0xbf, 0x39, 0xbf, 0x39, 0xbf, 0x39, 0xbf, 0x39, 
	0xbf, 0x39, 0xbf, 0x39, 0xc7, 0x39, 0xb6, 0xb5, 
	0x51, 0x8b, 0x58, 0xc1, 0x61, 0x01, 0x61, 0x01, 
	0x69, 0x01, 0x69, 0x01, 0x69, 0x01, 0x69, 0x01, 
	0x69, 0x01, 0x83, 0x9d, 0xbf, 0x39, 0xbf, 0x39, 
	0xbf, 0x39, 0xbf, 0x39, 0xbf, 0x39, 0xbf, 0x39, 
	0xb7, 0x37, 0xb7, 0x37, 0xb7, 0x37, 0xb6, 0xf7, 
	0xb6, 0xf7, 0xb6, 0xf7, 0xb6, 0xf7, 0xb7, 0x37, 
	0xb7, 0x37, 0xb7, 0x37, 0xbf, 0x37, 0xbf, 0x39, 
	0xbf, 0x39, 0xbf, 0x39, 0xbf, 0x39, 0x9d, 0xab, 
	0x50, 0xc1, 0x58, 0xc1, 0x61, 0x01, 0x61, 0x01, 
	0x69, 0x01, 0x69, 0x01, 0x69, 0x01, 0x69, 0x01, 
	0x69, 0x01, 0x72, 0x0f, 0xb6, 0xf7, 0xbf, 0x39, 
	0xbf, 0x39, 0xbf, 0x37, 0xb7, 0x37, 0xb7, 0x37, 
	0xb7, 0x37, 0xb6, 0xf7, 0xb6, 0xf7, 0xb6, 0xf7, 
	0xae, 0xf7, 0xae, 0xf7, 0xb6, 0xf7, 0xb6, 0xf7, 
	0xb6, 0xf7, 0xb7, 0x37, 0xb7, 0x37, 0xb7, 0x37, 
	0xb7, 0x37, 0xbf, 0x37, 0xb6, 0xf7, 0x73, 0x9b, 
	0x50, 0xc1, 0x58, 0xc1, 0x58, 0xc1, 0x61, 0x01, 
	0x61, 0x01, 0x61, 0x01, 0x61, 0x01, 0x61, 0x01, 
	0x69, 0x01, 0x69, 0x05, 0x8c, 0xa5, 0xb7, 0x37, 
	0xb7, 0x37, 0xb7, 0x37, 0xb7, 0x37, 0xb6, 0xf7, 
	0xb6, 0xf7, 0xb6, 0xf7, 0xae, 0xf7, 0xae, 0xf7, 
	0xae, 0xf7, 0xae, 0xf7, 0xae, 0xf7, 0xae, 0xf7, 
	0xae, 0xf7, 0xb6, 0xf7, 0xb6, 0xf7, 0xb6, 0xf7, 
	0xb7, 0x37, 0xae, 0xb5, 0x93, 0xdd, 0x9b, 0x17, 
	0xa3, 0x9d, 0xac, 0x21, 0xab, 0xdf, 0x99, 0xcb, 
	0x99, 0xcb, 0xa1, 0xcb, 0xa2, 0x51, 0x93, 0x9d, 
	0x94, 0x63, 0xac, 0xe7, 0x92, 0xd5, 0x8c, 0xa5, 
	0xb6, 0xf7, 0xb6, 0xf7, 0xb6, 0xf7, 0xae, 0xf7, 
	0xae, 0xf7, 0xae, 0xf7, 0xae, 0xf7, 0xae, 0xf7, 
	0xa6, 0xf7, 0xa6, 0xf7, 0xae, 0xf7, 0xae, 0xf7, 
	0xae, 0xf7, 0xae, 0xf7, 0xae, 0xf7, 0xae, 0xf7, 
	0xb6, 0xf7, 0x84, 0xa5, 0x61, 0xcb, 0x7b, 0xdf, 
	0x9c, 0xe7, 0xb5, 0xad, 0xb5, 0xad, 0x92, 0x0d, 
	0x91, 0xcb, 0x91, 0xcb, 0x82, 0xd5, 0x8c, 0x63, 
	0xa5, 0x29, 0xb5, 0xad, 0x94, 0xa5, 0x61, 0x01, 
	0x9e, 0x31, 0xae, 0xf7, 0xae, 0xf7, 0xae, 0xf7, 
	0xae, 0xf7, 0xae, 0xf7, 0xa6, 0xf7, 0xa6, 0xf7, 
	0xa6, 0xf7, 0xa6, 0xf7, 0xa6, 0xf7, 0xa6, 0xf7, 
	0xae, 0xf7, 0xae, 0xf7, 0xae, 0xf7, 0xae, 0xf7, 
	0xae, 0xf7, 0x62, 0xd7, 0x52, 0x97, 0x7c, 0x21, 
	0x9c, 0xe7, 0xb5, 0xad, 0xb5, 0xaf, 0x4b, 0xa5, 
	0x43, 0xa5, 0x2b, 0xa5, 0x4b, 0x61, 0x8c, 0x63, 
	0xa5, 0x29, 0xb5, 0xad, 0x9c, 0xe9, 0x59, 0x03, 
	0x8d, 0x27, 0xae, 0xf7, 0xae, 0xf7, 0xae, 0xf7, 
	0xa6, 0xf7, 0xa6, 0xf7, 0xa6, 0xf7, 0xa6, 0xf7, 
	0x9e, 0xf5, 0x9e, 0xf5, 0xa6, 0xf7, 0xa6, 0xf7, 
	0xa6, 0xf7, 0xa6, 0xf7, 0xa6, 0xf7, 0xa6, 0xf7, 
	0x9e, 0x73, 0x50, 0xc1, 0x43, 0x21, 0x7b, 0xdf, 
	0x9c, 0xe7, 0xb5, 0xad, 0xb5, 0xaf, 0x24, 0x29, 
	0x03, 0xe9, 0x03, 0xe7, 0x4b, 0xa1, 0x8c, 0x63, 
	0xa5, 0x29, 0xb5, 0xad, 0x9d, 0x29, 0x49, 0x09, 
	0x73, 0x9d, 0xa6, 0xf7, 0xa6, 0xf7, 0xa6, 0xf7, 
	0xa6, 0xf7, 0xa6, 0xf7, 0x9e, 0xf5, 0x9e, 0xf5, 
	0x9e, 0xf5, 0x9e, 0xf5, 0x9e, 0xf5, 0x9e, 0xf5, 
	0x9e, 0xf5, 0xa6, 0xf7, 0xa6, 0xf7, 0xa6, 0xf7, 
	0x85, 0x69, 0x51, 0x4b, 0x33, 0xa5, 0x7b, 0xe1, 
	0x9c, 0xe7, 0xb5, 0xad, 0xb5, 0xaf, 0x2c, 0x29, 
	0x03, 0xe9, 0x03, 0xe7, 0x4b, 0x61, 0x8c, 0x63, 
	0xa5, 0x29, 0xb5, 0xad, 0x9d, 0x2b, 0x39, 0x8f, 
	0x61, 0xcd, 0x9e, 0xb5, 0xa6, 0xf7, 0x9e, 0xf5, 
	0x9e, 0xf5, 0x9e, 0xf5, 0x9e, 0xf5, 0x9e, 0xf5, 
	0x96, 0xb5, 0x96, 0xf5, 0x9e, 0xf5, 0x9e, 0xf5, 
	0x9e, 0xf5, 0x9e, 0xf5, 0x9e, 0xf5, 0x9e, 0xf5, 
	0x6b, 0xdf, 0x4a, 0x15, 0x2b, 0xe7, 0x7b, 0xdf, 
	0x9c, 0xe7, 0xb5, 0xad, 0xb5, 0xef, 0x2c, 0x29, 
	0x03, 0xe9, 0x03, 0xe7, 0x4b, 0x61, 0x8c, 0x63, 
	0xa5, 0x29, 0xb5, 0xad, 0xa5, 0x2b, 0x29, 0xd1, 
	0x59, 0x05, 0x95, 0xef, 0x9e, 0xf5, 0x9e, 0xf5, 
	0x9e, 0xf5, 0x9e, 0xf5, 0x96, 0xf5, 0x96, 0xb5, 
	0x96, 0xb5, 0x96, 0xb5, 0x96, 0xb5, 0x96, 0xb5, 
	0x96, 0xf5, 0x9e, 0xf5, 0x9e, 0xf5, 0x96, 0xb3, 
	0x52, 0x11, 0x33, 0x1f, 0x23, 0xe7, 0x7b, 0xdf, 
	0x9c, 0xe7, 0xb5, 0xad, 0xb5, 0xaf, 0x2c, 0x29, 
	0x03, 0xe9, 0x03, 0xa7, 0x4b, 0xa3, 0x8c, 0x63, 
	0xa5, 0x29, 0xb5, 0xad, 0xa5, 0x2b, 0x1a, 0x17, 
	0x48, 0xc1, 0x7c, 0xe7, 0x9e, 0xf5, 0x96, 0xf5, 
	0x96, 0xb5, 0x96, 0xb5, 0x96, 0xb5, 0x96, 0xb5, 
	0x8e, 0xb5, 0x8e, 0xb5, 0x96, 0xb5, 0x96, 0xb5, 
	0x96, 0xb5, 0x96, 0xb5, 0x96, 0xb5, 0x85, 0xed, 
	0x48, 0xc5, 0x23, 0x65, 0x23, 0xa7, 0x7b, 0xdf, 
	0x9c, 0xe7, 0xb5, 0xad, 0xb5, 0xaf, 0x2c, 0x29, 
	0x03, 0xe9, 0x03, 0xa7, 0x4b, 0x61, 0x8c, 0x63, 
	0xa5, 0x29, 0xb5, 0xad, 0xad, 0x6d, 0x12, 0x59, 
	0x41, 0x09, 0x6b, 0x9d, 0x96, 0xb5, 0x96, 0xb5, 
	0x96, 0xb5, 0x96, 0xb5, 0x8e, 0xb5, 0x8e, 0xb5, 
	0x86, 0xb5, 0x8e, 0xb5, 0x8e, 0xb5, 0x8e, 0xb5, 
	0x8e, 0xb5, 0x8e, 0xb5, 0x96, 0xb5, 0x6c, 0xa5, 
	0x41, 0x4d, 0x03, 0xe9, 0x23, 0xa7, 0x7b, 0xdf, 
	0x9c, 0xe7, 0xb5, 0xad, 0xb5, 0xef, 0x2c, 0x29, 
	0x03, 0xe9, 0x03, 0xa7, 0x43, 0xa3, 0x84, 0x63, 
	0x9c, 0xe7, 0xb5, 0xad, 0xb5, 0xad, 0x1a, 0x9b, 
	0x31, 0x91, 0x5a, 0x0f, 0x8e, 0x73, 0x8e, 0xb5, 
	0x8e, 0xb5, 0x8e, 0xb5, 0x8e, 0xb5, 0x86, 0xb5, 
	0x86, 0xb3, 0x86, 0xb3, 0x86, 0xb3, 0x86, 0xb5, 
	0x8e, 0xb5, 0x8e, 0xb5, 0x8e, 0xb5, 0x53, 0x17, 
	0x3a, 0x57, 0x03, 0xe9, 0x23, 0xe7, 0x7b, 0xdf, 
	0x9c, 0xe7, 0xb5, 0xad, 0xb5, 0xef, 0x2c, 0x29, 
	0x03, 0xe9, 0x03, 0xa7, 0x33, 0xa5, 0x84, 0x21, 
	0x9c, 0xe7, 0xb5, 0xad, 0xb5, 0xad, 0x1a, 0x9b, 
	0x29, 0xd3, 0x50, 0xc5, 0x85, 0xed, 0x8e, 0xb5, 
	0x86, 0xb5, 0x86, 0xb3, 0x86, 0xb3, 0x86, 0xb3, 
	
};

Gfx rbtcm_FoamPads_i8_aligner[] = {gsSPEndDisplayList()};
u8 rbtcm_FoamPads_i8[] = {
	0x56, 0x52, 0x53, 0x55, 0x51, 0x52, 0x55, 0x55, 
	0x55, 0x54, 0x57, 0x59, 0x55, 0x56, 0x57, 0x54, 
	0x55, 0x57, 0x56, 0x5b, 0x54, 0x54, 0x55, 0x5a, 
	0x54, 0x57, 0x52, 0x55, 0x52, 0x53, 0x54, 0x54, 
	0x51, 0x37, 0x5b, 0x5e, 0x32, 0x3f, 0x57, 0x61, 
	0x39, 0x3d, 0x4c, 0x61, 0x3b, 0x3a, 0x4a, 0x63, 
	0x3e, 0x38, 0x42, 0x63, 0x42, 0x35, 0x3b, 0x5d, 
	0x48, 0x32, 0x3e, 0x57, 0x4b, 0x32, 0x3b, 0x52, 
	0x1e, 0x1a, 0x1e, 0x1c, 0x1a, 0x1c, 0x1a, 0x1a, 
	0x1c, 0x1a, 0x1a, 0x1a, 0x1a, 0x1c, 0x1c, 0x1c, 
	0x1c, 0x1c, 0x1c, 0x1e, 0x1c, 0x1e, 0x1e, 0x1e, 
	0x1c, 0x1e, 0x1c, 0x1e, 0x1a, 0x1c, 0x1a, 0x1a, 
	0x25, 0x2b, 0x57, 0x59, 0x30, 0x38, 0x53, 0x5f, 
	0x35, 0x36, 0x4a, 0x60, 0x36, 0x32, 0x43, 0x5e, 
	0x37, 0x32, 0x3c, 0x61, 0x3a, 0x2f, 0x36, 0x5a, 
	0x3e, 0x2c, 0x36, 0x58, 0x44, 0x2a, 0x37, 0x53, 
	0x2c, 0x29, 0x29, 0x27, 0x27, 0x29, 0x28, 0x2a, 
	0x29, 0x2b, 0x29, 0x29, 0x2b, 0x2b, 0x2a, 0x2b, 
	0x2d, 0x2c, 0x2c, 0x2b, 0x2b, 0x29, 0x2d, 0x2a, 
	0x2c, 0x29, 0x2c, 0x2b, 0x2d, 0x2a, 0x2a, 0x25, 
	0x1c, 0x30, 0x55, 0x56, 0x2b, 0x36, 0x51, 0x5a, 
	0x31, 0x35, 0x4b, 0x5e, 0x32, 0x32, 0x42, 0x5c, 
	0x36, 0x30, 0x3b, 0x63, 0x39, 0x2f, 0x35, 0x59, 
	0x3c, 0x2a, 0x34, 0x54, 0x44, 0x28, 0x31, 0x4f, 
	0x65, 0x5d, 0x5d, 0x5e, 0x5d, 0x5c, 0x5e, 0x5d, 
	0x5c, 0x5e, 0x5b, 0x5f, 0x60, 0x5f, 0x60, 0x61, 
	0x61, 0x61, 0x62, 0x62, 0x5d, 0x61, 0x5e, 0x60, 
	0x5e, 0x5e, 0x60, 0x65, 0x61, 0x61, 0x5e, 0x5a, 
	0x4a, 0x38, 0x54, 0x59, 0x2d, 0x37, 0x4e, 0x58, 
	0x32, 0x35, 0x49, 0x5c, 0x33, 0x32, 0x43, 0x61, 
	0x36, 0x2e, 0x3a, 0x5f, 0x32, 0x2b, 0x32, 0x5c, 
	0x3a, 0x29, 0x31, 0x54, 0x41, 0x25, 0x2f, 0x51, 
	0x57, 0x59, 0x58, 0x57, 0x55, 0x55, 0x55, 0x55, 
	0x57, 0x56, 0x59, 0x57, 0x57, 0x5a, 0x5b, 0x56, 
	0x59, 0x58, 0x58, 0x57, 0x59, 0x59, 0x57, 0x57, 
	0x57, 0x58, 0x57, 0x54, 0x57, 0x57, 0x52, 0x53, 
	0x4c, 0x2f, 0x53, 0x56, 0x2a, 0x34, 0x4c, 0x5b, 
	0x2d, 0x36, 0x47, 0x5a, 0x31, 0x2f, 0x3d, 0x5c, 
	0x32, 0x2f, 0x36, 0x5f, 0x36, 0x29, 0x34, 0x59, 
	0x3a, 0x29, 0x2e, 0x54, 0x41, 0x24, 0x30, 0x50, 
	0x19, 0x17, 0x15, 0x17, 0x17, 0x17, 0x17, 0x15, 
	0x17, 0x17, 0x19, 0x17, 0x19, 0x19, 0x19, 0x19, 
	0x19, 0x19, 0x19, 0x19, 0x19, 0x19, 0x19, 0x19, 
	0x19, 0x17, 0x19, 0x17, 0x17, 0x17, 0x17, 0x17, 
	0x20, 0x24, 0x51, 0x54, 0x2d, 0x33, 0x4e, 0x5b, 
	0x2f, 0x32, 0x49, 0x5e, 0x31, 0x2f, 0x3e, 0x5c, 
	0x32, 0x2b, 0x34, 0x5f, 0x36, 0x29, 0x31, 0x59, 
	0x39, 0x28, 0x2e, 0x51, 0x41, 0x24, 0x2f, 0x53, 
	0x23, 0x22, 0x20, 0x20, 0x20, 0x20, 0x20, 0x23, 
	0x23, 0x24, 0x27, 0x24, 0x24, 0x25, 0x24, 0x27, 
	0x25, 0x27, 0x27, 0x25, 0x27, 0x27, 0x28, 0x27, 
	0x27, 0x25, 0x24, 0x28, 0x27, 0x25, 0x25, 0x23, 
	0x17, 0x2f, 0x53, 0x54, 0x2c, 0x33, 0x53, 0x59, 
	0x2e, 0x30, 0x47, 0x57, 0x32, 0x2f, 0x3e, 0x5b, 
	0x32, 0x2f, 0x34, 0x5d, 0x38, 0x28, 0x30, 0x60, 
	0x38, 0x29, 0x30, 0x53, 0x3f, 0x23, 0x2c, 0x50, 
	0x5d, 0x5a, 0x56, 0x58, 0x56, 0x57, 0x57, 0x58, 
	0x57, 0x58, 0x59, 0x58, 0x59, 0x5c, 0x5c, 0x5b, 
	0x5d, 0x59, 0x5c, 0x59, 0x5d, 0x5d, 0x5d, 0x5b, 
	0x5d, 0x5b, 0x5d, 0x5a, 0x5a, 0x59, 0x59, 0x51, 
	0x42, 0x37, 0x56, 0x56, 0x2b, 0x34, 0x52, 0x5d, 
	0x30, 0x32, 0x46, 0x5b, 0x32, 0x2f, 0x42, 0x5d, 
	0x35, 0x2d, 0x35, 0x5d, 0x36, 0x29, 0x31, 0x59, 
	0x3a, 0x27, 0x2f, 0x52, 0x45, 0x23, 0x2f, 0x4f, 
	0x5d, 0x5e, 0x5c, 0x63, 0x5f, 0x5d, 0x5b, 0x5d, 
	0x5e, 0x5d, 0x60, 0x5d, 0x5d, 0x61, 0x60, 0x63, 
	0x63, 0x60, 0x62, 0x62, 0x61, 0x63, 0x60, 0x62, 
	0x60, 0x62, 0x63, 0x61, 0x62, 0x60, 0x5f, 0x5f, 
	0x4c, 0x2e, 0x52, 0x56, 0x2b, 0x33, 0x4d, 0x59, 
	0x2c, 0x30, 0x47, 0x59, 0x32, 0x2d, 0x3f, 0x5b, 
	0x32, 0x2b, 0x35, 0x5e, 0x36, 0x2c, 0x30, 0x57, 
	0x38, 0x25, 0x32, 0x50, 0x3f, 0x24, 0x2b, 0x4e, 
	0x1a, 0x1a, 0x1a, 0x1a, 0x1a, 0x19, 0x19, 0x1c, 
	0x19, 0x19, 0x19, 0x19, 0x19, 0x1a, 0x1a, 0x19, 
	0x1a, 0x19, 0x1a, 0x1a, 0x19, 0x17, 0x19, 0x19, 
	0x19, 0x17, 0x19, 0x17, 0x17, 0x17, 0x17, 0x19, 
	0x22, 0x25, 0x54, 0x5b, 0x2b, 0x32, 0x4f, 0x5b, 
	0x2f, 0x2f, 0x47, 0x58, 0x31, 0x2c, 0x3c, 0x5d, 
	0x31, 0x2b, 0x35, 0x5c, 0x36, 0x28, 0x2f, 0x5b, 
	0x3a, 0x27, 0x2d, 0x50, 0x41, 0x23, 0x2d, 0x4d, 
	0x17, 0x17, 0x17, 0x19, 0x19, 0x19, 0x19, 0x19, 
	0x1a, 0x19, 0x19, 0x1a, 0x1c, 0x1a, 0x1a, 0x1c, 
	0x1a, 0x1c, 0x1e, 0x1c, 0x1e, 0x1f, 0x1c, 0x1e, 
	0x1e, 0x1e, 0x1e, 0x1a, 0x1c, 0x1c, 0x1c, 0x19, 
	0x12, 0x2b, 0x53, 0x57, 0x28, 0x32, 0x4f, 0x57, 
	0x2d, 0x2e, 0x46, 0x59, 0x32, 0x2c, 0x40, 0x5d, 
	0x31, 0x2a, 0x34, 0x5d, 0x38, 0x27, 0x30, 0x59, 
	0x3a, 0x25, 0x2c, 0x51, 0x42, 0x23, 0x2e, 0x4e, 
	0x54, 0x51, 0x51, 0x4f, 0x51, 0x51, 0x54, 0x57, 
	0x55, 0x54, 0x55, 0x54, 0x55, 0x57, 0x55, 0x57, 
	0x57, 0x59, 0x57, 0x57, 0x55, 0x56, 0x58, 0x58, 
	0x57, 0x59, 0x55, 0x57, 0x54, 0x54, 0x54, 0x4e, 
	0x3a, 0x33, 0x53, 0x56, 0x28, 0x32, 0x4f, 0x5a, 
	0x2c, 0x2f, 0x47, 0x5a, 0x30, 0x2c, 0x3c, 0x59, 
	0x32, 0x2b, 0x33, 0x5c, 0x38, 0x2b, 0x30, 0x57, 
	0x3a, 0x25, 0x2e, 0x51, 0x42, 0x23, 0x2c, 0x4b, 
	0x61, 0x5e, 0x60, 0x60, 0x5e, 0x5e, 0x60, 0x60, 
	0x60, 0x61, 0x62, 0x65, 0x60, 0x60, 0x61, 0x61, 
	0x62, 0x63, 0x63, 0x64, 0x62, 0x65, 0x62, 0x65, 
	0x63, 0x61, 0x62, 0x62, 0x61, 0x60, 0x62, 0x61, 
	0x4f, 0x32, 0x55, 0x54, 0x29, 0x31, 0x4d, 0x59, 
	0x2e, 0x2d, 0x48, 0x5a, 0x2f, 0x2c, 0x3f, 0x5a, 
	0x35, 0x2a, 0x34, 0x5a, 0x38, 0x25, 0x32, 0x59, 
	0x3a, 0x24, 0x2b, 0x54, 0x41, 0x23, 0x2e, 0x4f, 
	0x31, 0x2f, 0x30, 0x2d, 0x2f, 0x2d, 0x2e, 0x30, 
	0x2e, 0x2f, 0x2d, 0x2b, 0x2e, 0x2d, 0x2d, 0x2d, 
	0x2c, 0x30, 0x2c, 0x2e, 0x2d, 0x2b, 0x2b, 0x2c, 
	0x2c, 0x2a, 0x2a, 0x2a, 0x2a, 0x2b, 0x2b, 0x2c, 
	0x2b, 0x27, 0x55, 0x57, 0x28, 0x32, 0x4c, 0x59, 
	0x30, 0x2f, 0x47, 0x5b, 0x30, 0x2c, 0x3c, 0x5c, 
	0x2f, 0x2a, 0x32, 0x5d, 0x36, 0x27, 0x2e, 0x57, 
	0x3c, 0x22, 0x2b, 0x51, 0x41, 0x20, 0x2c, 0x4c, 
	0x0f, 0x0f, 0x0f, 0x0f, 0x0f, 0x0f, 0x0f, 0x12, 
	0x12, 0x12, 0x15, 0x12, 0x15, 0x15, 0x12, 0x12, 
	0x15, 0x12, 0x12, 0x15, 0x15, 0x15, 0x15, 0x15, 
	0x15, 0x15, 0x15, 0x15, 0x15, 0x12, 0x15, 0x12, 
	0x12, 0x28, 0x57, 0x57, 0x28, 0x32, 0x4f, 0x5b, 
	0x29, 0x31, 0x46, 0x59, 0x2f, 0x2c, 0x3f, 0x5a, 
	0x34, 0x27, 0x32, 0x5b, 0x36, 0x28, 0x2e, 0x56, 
	0x3a, 0x27, 0x2b, 0x50, 0x42, 0x22, 0x2b, 0x4d, 
	0x4a, 0x48, 0x4b, 0x48, 0x49, 0x4c, 0x4c, 0x4d, 
	0x49, 0x4c, 0x51, 0x50, 0x51, 0x51, 0x50, 0x50, 
	0x50, 0x4f, 0x4f, 0x50, 0x51, 0x4d, 0x52, 0x51, 
	0x51, 0x51, 0x51, 0x52, 0x50, 0x4e, 0x4f, 0x47, 
	0x32, 0x30, 0x57, 0x57, 0x27, 0x31, 0x4f, 0x5b, 
	0x28, 0x30, 0x48, 0x58, 0x31, 0x2d, 0x3e, 0x5a, 
	0x32, 0x2a, 0x34, 0x5b, 0x37, 0x27, 0x2d, 0x5a, 
	0x3c, 0x24, 0x2b, 0x51, 0x42, 0x20, 0x2a, 0x4c, 
	0x61, 0x61, 0x5e, 0x61, 0x61, 0x60, 0x61, 0x60, 
	0x60, 0x60, 0x61, 0x61, 0x60, 0x5f, 0x63, 0x61, 
	0x67, 0x64, 0x65, 0x66, 0x62, 0x64, 0x64, 0x64, 
	0x63, 0x62, 0x61, 0x61, 0x63, 0x62, 0x65, 0x63, 
	0x4d, 0x31, 0x55, 0x56, 0x27, 0x31, 0x51, 0x59, 
	0x29, 0x2c, 0x4b, 0x5a, 0x32, 0x2b, 0x3c, 0x59, 
	0x32, 0x27, 0x32, 0x60, 0x38, 0x27, 0x2e, 0x59, 
	0x3a, 0x24, 0x2d, 0x52, 0x42, 0x20, 0x2b, 0x4d, 
	0x3e, 0x3f, 0x3f, 0x3c, 0x3d, 0x39, 0x3b, 0x3b, 
	0x3d, 0x3c, 0x3c, 0x3e, 0x3c, 0x3a, 0x3c, 0x3b, 
	0x3e, 0x3f, 0x3e, 0x3e, 0x38, 0x3a, 0x38, 0x3e, 
	0x3a, 0x3c, 0x38, 0x3a, 0x3c, 0x3c, 0x3c, 0x3c, 
	0x35, 0x2a, 0x57, 0x56, 0x23, 0x31, 0x52, 0x59, 
	0x27, 0x2c, 0x48, 0x59, 0x2e, 0x2b, 0x3c, 0x5d, 
	0x32, 0x28, 0x33, 0x5f, 0x38, 0x27, 0x2c, 0x55, 
	0x3d, 0x24, 0x2c, 0x54, 0x43, 0x20, 0x2b, 0x4f, 
	0x0b, 0x0b, 0x0b, 0x0b, 0x0b, 0x0b, 0x0b, 0x0b, 
	0x0b, 0x0b, 0x0b, 0x0b, 0x0b, 0x0b, 0x0b, 0x0b, 
	0x0b, 0x0b, 0x0b, 0x0b, 0x0f, 0x0b, 0x0b, 0x0f, 
	0x0f, 0x0f, 0x0b, 0x0b, 0x0f, 0x0b, 0x0b, 0x0b, 
	0x12, 0x28, 0x58, 0x56, 0x23, 0x2d, 0x54, 0x58, 
	0x2a, 0x2d, 0x4a, 0x59, 0x30, 0x2a, 0x3c, 0x58, 
	0x32, 0x29, 0x34, 0x5b, 0x38, 0x24, 0x2f, 0x56, 
	0x3c, 0x23, 0x2b, 0x52, 0x43, 0x20, 0x2b, 0x4e, 
	0x3e, 0x42, 0x41, 0x46, 0x42, 0x44, 0x42, 0x44, 
	0x4a, 0x46, 0x46, 0x47, 0x49, 0x4a, 0x4a, 0x49, 
	0x48, 0x4c, 0x4a, 0x4b, 0x4b, 0x4c, 0x4c, 0x4a, 
	0x4d, 0x4c, 0x49, 0x4a, 0x46, 0x4a, 0x4c, 0x41, 
	0x29, 0x2e, 0x56, 0x53, 0x22, 0x2f, 0x51, 0x58, 
	0x2a, 0x2c, 0x4a, 0x5b, 0x2e, 0x2d, 0x3c, 0x5d, 
	0x31, 0x28, 0x30, 0x5b, 0x38, 0x24, 0x2d, 0x59, 
	0x3a, 0x22, 0x2d, 0x51, 0x41, 0x1f, 0x2e, 0x4f, 
	0x61, 0x5f, 0x5d, 0x5d, 0x60, 0x5e, 0x62, 0x62, 
	0x5f, 0x63, 0x60, 0x62, 0x62, 0x63, 0x62, 0x66, 
	0x64, 0x63, 0x65, 0x65, 0x66, 0x65, 0x63, 0x65, 
	0x65, 0x63, 0x64, 0x62, 0x64, 0x65, 0x64, 0x65, 
	0x49, 0x32, 0x57, 0x55, 0x23, 0x2f, 0x4f, 0x55, 
	0x27, 0x2b, 0x46, 0x59, 0x2e, 0x2a, 0x3b, 0x5a, 
	0x31, 0x29, 0x31, 0x59, 0x36, 0x27, 0x2e, 0x56, 
	0x3a, 0x24, 0x2d, 0x50, 0x42, 0x22, 0x2b, 0x4c, 
	0x46, 0x47, 0x49, 0x45, 0x46, 0x46, 0x44, 0x45, 
	0x46, 0x46, 0x46, 0x46, 0x47, 0x46, 0x45, 0x45, 
	0x44, 0x47, 0x46, 0x45, 0x45, 0x45, 0x45, 0x44, 
	0x46, 0x48, 0x47, 0x4c, 0x47, 0x48, 0x46, 0x46, 
	0x36, 0x29, 0x52, 0x54, 0x23, 0x2d, 0x50, 0x57, 
	0x2b, 0x2d, 0x46, 0x57, 0x31, 0x29, 0x3b, 0x59, 
	0x33, 0x27, 0x2f, 0x58, 0x38, 0x25, 0x2b, 0x57, 
	0x3a, 0x22, 0x2a, 0x51, 0x42, 0x20, 0x2a, 0x4c, 
	0x0b, 0x0b, 0x0b, 0x0b, 0x0b, 0x0b, 0x0b, 0x0b, 
	0x0b, 0x0b, 0x0b, 0x0b, 0x0b, 0x0b, 0x0b, 0x0b, 
	0x0b, 0x0b, 0x0b, 0x0b, 0x0b, 0x0b, 0x0b, 0x0b, 
	0x0b, 0x0b, 0x0b, 0x0b, 0x0b, 0x0b, 0x0b, 0x0b, 
	0x15, 0x28, 0x55, 0x51, 0x24, 0x2f, 0x50, 0x5a, 
	0x28, 0x2d, 0x46, 0x56, 0x2c, 0x28, 0x3c, 0x5b, 
	0x32, 0x24, 0x2e, 0x57, 0x35, 0x25, 0x2c, 0x5a, 
	0x3d, 0x24, 0x2a, 0x50, 0x41, 0x20, 0x2b, 0x50, 
	0x37, 0x3b, 0x36, 0x3a, 0x3a, 0x38, 0x3a, 0x3d, 
	0x3c, 0x3f, 0x3e, 0x3e, 0x3c, 0x3e, 0x42, 0x41, 
	0x40, 0x41, 0x41, 0x40, 0x40, 0x43, 0x42, 0x42, 
	0x3f, 0x3f, 0x3f, 0x3d, 0x40, 0x41, 0x41, 0x35, 
	0x24, 0x2d, 0x55, 0x56, 0x20, 0x2f, 0x50, 0x56, 
	0x29, 0x2c, 0x46, 0x58, 0x2e, 0x29, 0x38, 0x57, 
	0x31, 0x27, 0x2d, 0x59, 0x34, 0x22, 0x2b, 0x55, 
	0x3c, 0x20, 0x29, 0x4d, 0x41, 0x23, 0x2d, 0x4f, 
	0x5f, 0x5d, 0x5e, 0x60, 0x5e, 0x58, 0x5d, 0x60, 
	0x5f, 0x61, 0x61, 0x60, 0x61, 0x64, 0x64, 0x62, 
	0x63, 0x63, 0x62, 0x65, 0x63, 0x63, 0x63, 0x64, 
	0x64, 0x64, 0x61, 0x65, 0x61, 0x65, 0x64, 0x67, 
	0x48, 0x2f, 0x56, 0x51, 0x23, 0x2e, 0x51, 0x57, 
	0x27, 0x2a, 0x45, 0x58, 0x2e, 0x27, 0x3e, 0x5a, 
	0x37, 0x27, 0x31, 0x58, 0x36, 0x25, 0x29, 0x56, 
	0x3c, 0x20, 0x2a, 0x50, 0x46, 0x20, 0x29, 0x4d, 
	0x49, 0x4b, 0x4b, 0x4e, 0x50, 0x4e, 0x4a, 0x4c, 
	0x4d, 0x51, 0x51, 0x50, 0x50, 0x52, 0x4e, 0x4f, 
	0x4e, 0x4f, 0x4d, 0x51, 0x4f, 0x51, 0x4f, 0x50, 
	0x4c, 0x4f, 0x4e, 0x51, 0x4d, 0x51, 0x52, 0x4e, 
	0x3a, 0x29, 0x57, 0x53, 0x23, 0x2e, 0x4e, 0x58, 
	0x27, 0x2b, 0x46, 0x59, 0x2e, 0x27, 0x3a, 0x5b, 
	0x32, 0x27, 0x2f, 0x58, 0x35, 0x20, 0x2b, 0x58, 
	0x3b, 0x20, 0x29, 0x4f, 0x41, 0x20, 0x29, 0x4e, 
	0x0b, 0x0b, 0x0b, 0x0b, 0x0b, 0x0b, 0x0b, 0x0b, 
	0x0b, 0x0b, 0x0b, 0x0b, 0x0b, 0x0b, 0x0b, 0x0b, 
	0x0b, 0x0b, 0x0b, 0x0b, 0x0b, 0x0b, 0x0b, 0x0b, 
	0x0b, 0x0b, 0x0b, 0x0b, 0x0b, 0x0b, 0x0b, 0x0b, 
	0x17, 0x29, 0x57, 0x52, 0x27, 0x2d, 0x4f, 0x59, 
	0x27, 0x2a, 0x46, 0x57, 0x2c, 0x27, 0x3b, 0x5a, 
	0x30, 0x27, 0x2f, 0x57, 0x34, 0x24, 0x2a, 0x55, 
	0x38, 0x20, 0x29, 0x4e, 0x41, 0x1f, 0x29, 0x50, 
	0x32, 0x2e, 0x2e, 0x2f, 0x2e, 0x35, 0x35, 0x2f, 
	0x31, 0x35, 0x35, 0x35, 0x38, 0x37, 0x32, 0x36, 
	0x38, 0x37, 0x33, 0x36, 0x35, 0x38, 0x39, 0x35, 
	0x36, 0x36, 0x34, 0x34, 0x35, 0x32, 0x34, 0x2d, 
	0x19, 0x2d, 0x5a, 0x52, 0x20, 0x2d, 0x4f, 0x57, 
	0x25, 0x28, 0x47, 0x58, 0x2c, 0x28, 0x3a, 0x5b, 
	0x2e, 0x25, 0x2e, 0x59, 0x35, 0x24, 0x2b, 0x58, 
	0x38, 0x1e, 0x2a, 0x4f, 0x41, 0x1f, 0x28, 0x50, 
	0x5d, 0x59, 0x59, 0x59, 0x5a, 0x5d, 0x59, 0x59, 
	0x5b, 0x5c, 0x5c, 0x5d, 0x5d, 0x5e, 0x5f, 0x5d, 
	0x60, 0x61, 0x60, 0x60, 0x61, 0x5e, 0x60, 0x5f, 
	0x61, 0x60, 0x5e, 0x5c, 0x5c, 0x60, 0x61, 0x5f, 
	0x3c, 0x2d, 0x57, 0x52, 0x22, 0x2c, 0x53, 0x57, 
	0x25, 0x29, 0x46, 0x59, 0x2d, 0x28, 0x3a, 0x57, 
	0x32, 0x25, 0x30, 0x5c, 0x35, 0x23, 0x2a, 0x5a, 
	0x3a, 0x1f, 0x2a, 0x54, 0x3e, 0x20, 0x2a, 0x50, 
	0x52, 0x52, 0x53, 0x52, 0x54, 0x54, 0x57, 0x58, 
	0x56, 0x57, 0x58, 0x5a, 0x59, 0x57, 0x5d, 0x59, 
	0x57, 0x58, 0x57, 0x56, 0x58, 0x58, 0x59, 0x5d, 
	0x59, 0x56, 0x59, 0x58, 0x5a, 0x58, 0x57, 0x57, 
	0x3d, 0x2d, 0x57, 0x51, 0x20, 0x2e, 0x4f, 0x58, 
	0x23, 0x27, 0x46, 0x59, 0x2b, 0x28, 0x3b, 0x5b, 
	0x2f, 0x24, 0x30, 0x5a, 0x33, 0x23, 0x2b, 0x5d, 
	0x38, 0x1f, 0x2c, 0x53, 0x40, 0x1e, 0x2a, 0x51, 
	0x0f, 0x0b, 0x0b, 0x0b, 0x0b, 0x0b, 0x0b, 0x0b, 
	0x0b, 0x0b, 0x0b, 0x0b, 0x0b, 0x0b, 0x0b, 0x0b, 
	0x0b, 0x0b, 0x0b, 0x0b, 0x0b, 0x0b, 0x0b, 0x0b, 
	0x0b, 0x0b, 0x0b, 0x0b, 0x0b, 0x0b, 0x0b, 0x0b, 
	0x1e, 0x27, 0x59, 0x51, 0x1e, 0x2b, 0x51, 0x57, 
	0x27, 0x2b, 0x48, 0x58, 0x2c, 0x27, 0x3c, 0x5c, 
	0x30, 0x24, 0x2f, 0x5d, 0x34, 0x20, 0x2b, 0x5e, 
	0x38, 0x22, 0x2c, 0x51, 0x3e, 0x1f, 0x2d, 0x4f, 
	0x3f, 0x3c, 0x3a, 0x24, 0x37, 0x3c, 0x3c, 0x2d, 
	0x35, 0x42, 0x39, 0x2b, 0x2f, 0x44, 0x3c, 0x2c, 
	0x2d, 0x47, 0x3e, 0x2c, 0x29, 0x48, 0x41, 0x30, 
	0x27, 0x42, 0x41, 0x31, 0x24, 0x41, 0x47, 0x2d, 
	0x12, 0x2a, 0x5e, 0x51, 0x1f, 0x2e, 0x57, 0x59, 
	0x27, 0x2b, 0x4b, 0x60, 0x2f, 0x2a, 0x3d, 0x60, 
	0x33, 0x24, 0x30, 0x5f, 0x37, 0x23, 0x2b, 0x58, 
	0x38, 0x20, 0x29, 0x4e, 0x3e, 0x1f, 0x2a, 0x51, 
	0x57, 0x55, 0x42, 0x2a, 0x47, 0x59, 0x49, 0x29, 
	0x47, 0x5e, 0x48, 0x2c, 0x3f, 0x5a, 0x4f, 0x30, 
	0x32, 0x60, 0x51, 0x35, 0x2e, 0x5f, 0x57, 0x36, 
	0x2d, 0x57, 0x57, 0x34, 0x2a, 0x57, 0x60, 0x40, 
	0x36, 0x2d, 0x38, 0x38, 0x2f, 0x2d, 0x36, 0x3e, 
	0x2e, 0x2a, 0x36, 0x3f, 0x2e, 0x2a, 0x2c, 0x3f, 
	0x2e, 0x27, 0x24, 0x41, 0x2d, 0x29, 0x24, 0x39, 
	0x2f, 0x23, 0x23, 0x38, 0x32, 0x20, 0x22, 0x39, 
	0x57, 0x55, 0x42, 0x28, 0x49, 0x56, 0x43, 0x24, 
	0x46, 0x5c, 0x4c, 0x22, 0x3c, 0x59, 0x4c, 0x23, 
	0x36, 0x5e, 0x51, 0x27, 0x30, 0x5a, 0x57, 0x29, 
	0x31, 0x52, 0x57, 0x2a, 0x2d, 0x51, 0x5c, 0x39, 
	0x71, 0x6f, 0x6e, 0x6d, 0x70, 0x71, 0x6e, 0x70, 
	0x72, 0x6f, 0x6d, 0x6c, 0x73, 0x6d, 0x6e, 0x6d, 
	0x70, 0x6f, 0x6e, 0x6f, 0x71, 0x6e, 0x6d, 0x6c, 
	0x6d, 0x6c, 0x6c, 0x6b, 0x6b, 0x6d, 0x6b, 0x73, 
	0x5b, 0x52, 0x3f, 0x27, 0x4b, 0x53, 0x43, 0x27, 
	0x44, 0x5d, 0x4e, 0x25, 0x3b, 0x57, 0x4c, 0x27, 
	0x34, 0x5e, 0x4f, 0x27, 0x32, 0x5d, 0x57, 0x2a, 
	0x2d, 0x54, 0x5a, 0x2a, 0x2d, 0x51, 0x53, 0x25, 
	0x54, 0x55, 0x50, 0x4f, 0x57, 0x54, 0x54, 0x54, 
	0x52, 0x56, 0x52, 0x52, 0x53, 0x54, 0x55, 0x53, 
	0x52, 0x53, 0x52, 0x54, 0x58, 0x58, 0x56, 0x57, 
	0x58, 0x56, 0x57, 0x56, 0x57, 0x59, 0x5e, 0x5d, 
	0x57, 0x59, 0x40, 0x27, 0x48, 0x55, 0x43, 0x27, 
	0x46, 0x59, 0x4d, 0x25, 0x3c, 0x57, 0x4e, 0x25, 
	0x36, 0x5a, 0x51, 0x27, 0x30, 0x60, 0x54, 0x2c, 
	0x2d, 0x54, 0x57, 0x2a, 0x2e, 0x56, 0x58, 0x28, 
	0x12, 0x0f, 0x0f, 0x12, 0x0f, 0x0f, 0x0f, 0x12, 
	0x12, 0x0f, 0x0f, 0x0f, 0x0f, 0x0f, 0x0f, 0x0f, 
	0x12, 0x0f, 0x0f, 0x0f, 0x0f, 0x0f, 0x0f, 0x0f, 
	0x0f, 0x0f, 0x0f, 0x0f, 0x0f, 0x0f, 0x0f, 0x12, 
	0x56, 0x52, 0x43, 0x25, 0x4a, 0x55, 0x41, 0x24, 
	0x44, 0x60, 0x49, 0x25, 0x3e, 0x5d, 0x4f, 0x27, 
	0x36, 0x5a, 0x51, 0x28, 0x2f, 0x59, 0x54, 0x2b, 
	0x2f, 0x53, 0x55, 0x2d, 0x2e, 0x53, 0x5f, 0x4b, 
	0x4f, 0x4c, 0x4c, 0x4c, 0x49, 0x4b, 0x4a, 0x4b, 
	0x4b, 0x4c, 0x4b, 0x48, 0x4a, 0x4a, 0x4e, 0x4b, 
	0x4b, 0x4e, 0x49, 0x4b, 0x4c, 0x46, 0x47, 0x48, 
	0x49, 0x47, 0x45, 0x47, 0x45, 0x44, 0x46, 0x4b, 
	0x58, 0x57, 0x44, 0x25, 0x49, 0x57, 0x43, 0x22, 
	0x42, 0x54, 0x4a, 0x28, 0x3b, 0x57, 0x50, 0x27, 
	0x34, 0x5d, 0x54, 0x29, 0x2f, 0x5a, 0x52, 0x2a, 
	0x2e, 0x56, 0x58, 0x2b, 0x2f, 0x51, 0x61, 0x41, 
	0x78, 0x6f, 0x71, 0x71, 0x6c, 0x71, 0x71, 0x71, 
	0x6f, 0x6f, 0x6d, 0x6e, 0x70, 0x72, 0x70, 0x70, 
	0x6e, 0x6f, 0x6f, 0x71, 0x6e, 0x6f, 0x70, 0x70, 
	0x70, 0x6f, 0x70, 0x6e, 0x70, 0x70, 0x70, 0x77, 
	0x58, 0x54, 0x43, 0x24, 0x49, 0x55, 0x43, 0x25, 
	0x45, 0x58, 0x4c, 0x24, 0x3e, 0x5b, 0x4e, 0x28, 
	0x37, 0x5d, 0x55, 0x28, 0x2f, 0x5d, 0x54, 0x2d, 
	0x2f, 0x54, 0x5a, 0x2d, 0x2f, 0x51, 0x57, 0x2c, 
	0x5d, 0x5c, 0x59, 0x5a, 0x57, 0x56, 0x59, 0x5c, 
	0x5e, 0x5a, 0x59, 0x58, 0x5c, 0x5e, 0x5d, 0x5d, 
	0x5d, 0x59, 0x61, 0x5f, 0x60, 0x62, 0x60, 0x60, 
	0x5f, 0x5f, 0x63, 0x62, 0x63, 0x63, 0x63, 0x64, 
	0x58, 0x52, 0x40, 0x25, 0x47, 0x54, 0x43, 0x23, 
	0x44, 0x57, 0x4a, 0x24, 0x3d, 0x59, 0x4c, 0x27, 
	0x36, 0x5d, 0x50, 0x27, 0x30, 0x5e, 0x55, 0x2a, 
	0x30, 0x50, 0x5d, 0x2d, 0x2d, 0x51, 0x57, 0x25, 
	0x0f, 0x0f, 0x0f, 0x12, 0x0f, 0x0f, 0x0b, 0x0b, 
	0x0b, 0x0f, 0x0b, 0x0f, 0x0f, 0x0f, 0x0f, 0x0f, 
	0x0f, 0x0b, 0x0f, 0x0f, 0x0b, 0x0f, 0x0b, 0x0b, 
	0x0f, 0x0f, 0x0f, 0x0f, 0x0f, 0x0f, 0x12, 0x17, 
	0x57, 0x53, 0x41, 0x24, 0x46, 0x54, 0x48, 0x29, 
	0x44, 0x57, 0x47, 0x23, 0x3d, 0x59, 0x4b, 0x24, 
	0x34, 0x5d, 0x50, 0x27, 0x31, 0x5b, 0x54, 0x2d, 
	0x2d, 0x56, 0x5c, 0x2c, 0x2a, 0x52, 0x5e, 0x46, 
	0x4d, 0x49, 0x4a, 0x47, 0x45, 0x48, 0x47, 0x49, 
	0x48, 0x48, 0x48, 0x49, 0x46, 0x46, 0x47, 0x49, 
	0x47, 0x46, 0x48, 0x45, 0x45, 0x46, 0x47, 0x46, 
	0x46, 0x45, 0x48, 0x47, 0x45, 0x42, 0x44, 0x48, 
	0x57, 0x53, 0x42, 0x27, 0x46, 0x55, 0x46, 0x24, 
	0x44, 0x5a, 0x4b, 0x23, 0x3a, 0x5b, 0x4c, 0x23, 
	0x33, 0x5d, 0x52, 0x27, 0x30, 0x5b, 0x54, 0x2c, 
	0x2e, 0x54, 0x5a, 0x2c, 0x2c, 0x55, 0x5f, 0x41, 
	0x6f, 0x6a, 0x6c, 0x6c, 0x6b, 0x68, 0x6c, 0x6d, 
	0x74, 0x6e, 0x6e, 0x6d, 0x6c, 0x6f, 0x6c, 0x70, 
	0x6d, 0x6d, 0x6d, 0x70, 0x68, 0x6c, 0x72, 0x6f, 
	0x6b, 0x6f, 0x6d, 0x6f, 0x6a, 0x6d, 0x6f, 0x72, 
	0x54, 0x52, 0x44, 0x25, 0x47, 0x53, 0x47, 0x22, 
	0x42, 0x55, 0x47, 0x24, 0x3c, 0x59, 0x4f, 0x25, 
	0x33, 0x5d, 0x54, 0x27, 0x30, 0x59, 0x54, 0x2c, 
	0x30, 0x54, 0x58, 0x2d, 0x2d, 0x50, 0x56, 0x2f, 
	0x68, 0x68, 0x6b, 0x66, 0x66, 0x68, 0x65, 0x67, 
	0x67, 0x66, 0x68, 0x69, 0x6a, 0x64, 0x68, 0x6b, 
	0x67, 0x65, 0x66, 0x65, 0x67, 0x68, 0x68, 0x68, 
	0x69, 0x6e, 0x68, 0x6a, 0x6a, 0x6a, 0x69, 0x6c, 
	0x52, 0x51, 0x3e, 0x24, 0x4b, 0x5d, 0x45, 0x27, 
	0x43, 0x57, 0x47, 0x27, 0x3a, 0x5c, 0x4b, 0x24, 
	0x35, 0x57, 0x4f, 0x27, 0x2f, 0x5b, 0x54, 0x2d, 
	0x2f, 0x55, 0x58, 0x2c, 0x29, 0x50, 0x58, 0x1e, 
	0x0f, 0x0f, 0x12, 0x12, 0x0f, 0x0f, 0x0f, 0x12, 
	0x0f, 0x12, 0x12, 0x12, 0x12, 0x12, 0x12, 0x15, 
	0x15, 0x12, 0x12, 0x15, 0x15, 0x12, 0x15, 0x15, 
	0x15, 0x12, 0x17, 0x19, 0x19, 0x19, 0x1a, 0x20, 
	0x54, 0x54, 0x3e, 0x27, 0x45, 0x52, 0x46, 0x28, 
	0x41, 0x57, 0x4a, 0x23, 0x3c, 0x5a, 0x4d, 0x27, 
	0x34, 0x58, 0x4d, 0x28, 0x2f, 0x5a, 0x55, 0x2c, 
	0x2d, 0x53, 0x5a, 0x2c, 0x2e, 0x51, 0x5b, 0x41, 
	0x44, 0x42, 0x41, 0x43, 0x3e, 0x42, 0x3c, 0x41, 
	0x40, 0x3e, 0x3d, 0x3e, 0x42, 0x3d, 0x3d, 0x3e, 
	0x3e, 0x3f, 0x3f, 0x3e, 0x3f, 0x3f, 0x3e, 0x3e, 
	0x3f, 0x3a, 0x3a, 0x3c, 0x3f, 0x42, 0x3e, 0x45, 
	0x50, 0x4f, 0x3d, 0x23, 0x47, 0x52, 0x45, 0x28, 
	0x41, 0x54, 0x48, 0x22, 0x3a, 0x58, 0x49, 0x27, 
	0x34, 0x59, 0x4f, 0x25, 0x2e, 0x5b, 0x52, 0x2f, 
	0x2d, 0x51, 0x55, 0x2a, 0x2a, 0x51, 0x5e, 0x40, 
	0x6e, 0x6c, 0x6e, 0x69, 0x68, 0x65, 0x6a, 0x67, 
	0x69, 0x6a, 0x66, 0x6a, 0x6a, 0x66, 0x6c, 0x68, 
	0x6b, 0x68, 0x6c, 0x67, 0x69, 0x6a, 0x65, 0x67, 
	0x68, 0x67, 0x6a, 0x69, 0x70, 0x6b, 0x6a, 0x6f, 
	0x54, 0x52, 0x41, 0x22, 0x49, 0x55, 0x42, 0x24, 
	0x3f, 0x57, 0x48, 0x20, 0x3c, 0x55, 0x4a, 0x25, 
	0x32, 0x59, 0x51, 0x2a, 0x2e, 0x59, 0x57, 0x28, 
	0x2d, 0x51, 0x59, 0x2a, 0x2d, 0x52, 0x58, 0x30, 
	0x6f, 0x6a, 0x69, 0x6e, 0x69, 0x6b, 0x66, 0x69, 
	0x69, 0x6b, 0x6a, 0x6c, 0x68, 0x6a, 0x69, 0x65, 
	0x6a, 0x6a, 0x67, 0x6d, 0x69, 0x67, 0x6a, 0x6c, 
	0x6c, 0x6e, 0x68, 0x6c, 0x6c, 0x69, 0x6d, 0x70, 
	0x50, 0x54, 0x3e, 0x25, 0x44, 0x55, 0x46, 0x25, 
	0x3e, 0x55, 0x46, 0x24, 0x39, 0x5b, 0x47, 0x22, 
	0x31, 0x5d, 0x51, 0x27, 0x2d, 0x5a, 0x51, 0x28, 
	0x2e, 0x53, 0x5a, 0x2a, 0x2d, 0x52, 0x53, 0x24, 
	0x30, 0x2d, 0x2c, 0x2e, 0x2d, 0x2c, 0x31, 0x2d, 
	0x29, 0x30, 0x2f, 0x2c, 0x2f, 0x2d, 0x2f, 0x2b, 
	0x2d, 0x2d, 0x2e, 0x2e, 0x2d, 0x2c, 0x2d, 0x2f, 
	0x2c, 0x2d, 0x2e, 0x30, 0x2e, 0x2e, 0x37, 0x35, 
	0x51, 0x53, 0x46, 0x24, 0x4a, 0x51, 0x41, 0x23, 
	0x40, 0x55, 0x4b, 0x20, 0x3b, 0x57, 0x4d, 0x24, 
	0x33, 0x57, 0x50, 0x27, 0x30, 0x5d, 0x54, 0x2c, 
	0x2d, 0x55, 0x5b, 0x29, 0x2c, 0x51, 0x5a, 0x3f, 
	0x3a, 0x36, 0x37, 0x36, 0x39, 0x3a, 0x3b, 0x34, 
	0x38, 0x37, 0x35, 0x39, 0x38, 0x38, 0x38, 0x36, 
	0x38, 0x35, 0x39, 0x37, 0x3b, 0x37, 0x38, 0x38, 
	0x3c, 0x35, 0x37, 0x34, 0x32, 0x35, 0x37, 0x3f, 
	0x53, 0x50, 0x40, 0x20, 0x41, 0x57, 0x47, 0x20, 
	0x40, 0x58, 0x47, 0x22, 0x3a, 0x57, 0x4d, 0x24, 
	0x30, 0x58, 0x4c, 0x27, 0x2d, 0x57, 0x55, 0x2a, 
	0x2b, 0x4f, 0x59, 0x2d, 0x2b, 0x4f, 0x5e, 0x41, 
	0x65, 0x66, 0x67, 0x62, 0x67, 0x67, 0x67, 0x63, 
	0x66, 0x67, 0x66, 0x6d, 0x66, 0x66, 0x63, 0x63, 
	0x64, 0x65, 0x68, 0x67, 0x66, 0x66, 0x63, 0x68, 
	0x66, 0x66, 0x66, 0x65, 0x69, 0x67, 0x6b, 0x6c, 
	0x51, 0x53, 0x42, 0x23, 0x42, 0x55, 0x42, 0x23, 
	0x3e, 0x52, 0x4a, 0x22, 0x39, 0x56, 0x4a, 0x25, 
	0x30, 0x5a, 0x50, 0x24, 0x2d, 0x57, 0x57, 0x2e, 
	0x2d, 0x50, 0x59, 0x2e, 0x2a, 0x4d, 0x5a, 0x33, 
	0x6f, 0x6c, 0x6f, 0x6e, 0x6d, 0x6e, 0x6a, 0x6d, 
	0x6e, 0x6d, 0x6d, 0x6e, 0x69, 0x6e, 0x67, 0x6f, 
	0x6f, 0x6f, 0x6c, 0x6e, 0x70, 0x6c, 0x6c, 0x6a, 
	0x6d, 0x69, 0x68, 0x6c, 0x6d, 0x6c, 0x6d, 0x72, 
	0x51, 0x52, 0x41, 0x20, 0x44, 0x51, 0x45, 0x23, 
	0x41, 0x55, 0x49, 0x22, 0x3a, 0x53, 0x4a, 0x22, 
	0x34, 0x58, 0x52, 0x29, 0x2f, 0x54, 0x52, 0x29, 
	0x2a, 0x52, 0x55, 0x2c, 0x2a, 0x4f, 0x50, 0x1f, 
	0x42, 0x41, 0x3c, 0x3d, 0x3c, 0x46, 0x40, 0x3d, 
	0x3e, 0x3d, 0x3a, 0x3e, 0x3c, 0x3f, 0x3a, 0x3a, 
	0x3b, 0x3c, 0x3d, 0x43, 0x3d, 0x3f, 0x3c, 0x3e, 
	0x3f, 0x41, 0x3d, 0x3d, 0x40, 0x3e, 0x3e, 0x3f, 
	0x51, 0x54, 0x40, 0x20, 0x43, 0x59, 0x44, 0x23, 
	0x3e, 0x55, 0x48, 0x23, 0x38, 0x57, 0x49, 0x24, 
	0x30, 0x59, 0x55, 0x24, 0x2a, 0x58, 0x51, 0x2a, 
	0x2e, 0x51, 0x55, 0x2c, 0x28, 0x4e, 0x5a, 0x3c, 
	0x32, 0x2b, 0x2c, 0x2f, 0x2b, 0x2d, 0x2d, 0x2e, 
	0x2f, 0x30, 0x2e, 0x2e, 0x32, 0x32, 0x2f, 0x31, 
	0x2e, 0x2e, 0x30, 0x2e, 0x2c, 0x2c, 0x2f, 0x2e, 
	0x2d, 0x30, 0x2e, 0x2d, 0x2d, 0x32, 0x31, 0x39, 
	0x4e, 0x4e, 0x42, 0x20, 0x43, 0x54, 0x44, 0x22, 
	0x3a, 0x55, 0x47, 0x23, 0x39, 0x57, 0x49, 0x23, 
	0x2f, 0x58, 0x50, 0x27, 0x2d, 0x59, 0x52, 0x29, 
	0x2a, 0x50, 0x59, 0x2b, 0x29, 0x51, 0x5a, 0x41, 
	0x62, 0x5f, 0x61, 0x61, 0x63, 0x63, 0x62, 0x5e, 
	0x64, 0x64, 0x63, 0x5f, 0x61, 0x5e, 0x66, 0x61, 
	0x67, 0x60, 0x61, 0x63, 0x64, 0x61, 0x63, 0x63, 
	0x60, 0x65, 0x60, 0x62, 0x62, 0x63, 0x62, 0x6b, 
	0x4d, 0x4e, 0x42, 0x23, 0x41, 0x53, 0x43, 0x1e, 
	0x3c, 0x57, 0x47, 0x25, 0x36, 0x56, 0x49, 0x22, 
	0x2f, 0x57, 0x4f, 0x27, 0x2b, 0x57, 0x57, 0x2c, 
	0x2b, 0x53, 0x57, 0x2a, 0x27, 0x50, 0x5c, 0x34, 
	0x6f, 0x6d, 0x6a, 0x6c, 0x6a, 0x6c, 0x6b, 0x6c, 
	0x6b, 0x6c, 0x6e, 0x6f, 0x6a, 0x6d, 0x6e, 0x6f, 
	0x6c, 0x6e, 0x6c, 0x70, 0x6d, 0x6f, 0x6d, 0x6e, 
	0x6c, 0x6c, 0x6b, 0x6a, 0x6c, 0x6c, 0x73, 0x75, 
	0x4b, 0x51, 0x3f, 0x1f, 0x41, 0x51, 0x46, 0x20, 
	0x3a, 0x52, 0x49, 0x23, 0x36, 0x5a, 0x4a, 0x23, 
	0x2e, 0x5d, 0x52, 0x25, 0x2d, 0x54, 0x51, 0x29, 
	0x2b, 0x51, 0x59, 0x2c, 0x2b, 0x4d, 0x54, 0x22, 
	0x47, 0x48, 0x4a, 0x48, 0x49, 0x46, 0x46, 0x47, 
	0x47, 0x4b, 0x45, 0x49, 0x49, 0x4a, 0x48, 0x4a, 
	0x45, 0x46, 0x4a, 0x49, 0x4c, 0x48, 0x47, 0x47, 
	0x47, 0x45, 0x47, 0x47, 0x47, 0x4a, 0x46, 0x48, 
	0x50, 0x51, 0x42, 0x1f, 0x40, 0x54, 0x42, 0x20, 
	0x3e, 0x52, 0x49, 0x20, 0x34, 0x56, 0x4b, 0x23, 
	0x2f, 0x55, 0x4f, 0x25, 0x2d, 0x59, 0x54, 0x2b, 
	0x2b, 0x4d, 0x54, 0x2b, 0x2c, 0x50, 0x5b, 0x34, 
	0x29, 0x23, 0x24, 0x2a, 0x25, 0x27, 0x23, 0x29, 
	0x28, 0x29, 0x25, 0x25, 0x24, 0x29, 0x29, 0x25, 
	0x2b, 0x28, 0x28, 0x2d, 0x25, 0x29, 0x27, 0x27, 
	0x2a, 0x2f, 0x25, 0x27, 0x28, 0x29, 0x27, 0x31, 
	0x4c, 0x50, 0x42, 0x20, 0x41, 0x52, 0x46, 0x23, 
	0x3a, 0x54, 0x4a, 0x23, 0x37, 0x55, 0x4f, 0x27, 
	0x2e, 0x57, 0x4f, 0x27, 0x2a, 0x54, 0x52, 0x2e, 
	0x2d, 0x51, 0x57, 0x2b, 0x29, 0x4e, 0x5b, 0x3e, 
	0x66, 0x60, 0x5d, 0x60, 0x60, 0x5e, 0x5f, 0x61, 
	0x5f, 0x5e, 0x5a, 0x5d, 0x5c, 0x5d, 0x63, 0x5c, 
	0x5c, 0x60, 0x5e, 0x5d, 0x5d, 0x5f, 0x5c, 0x5b, 
	0x5d, 0x5d, 0x5d, 0x5a, 0x5d, 0x5f, 0x61, 0x61, 
	0x4e, 0x4f, 0x41, 0x20, 0x3f, 0x50, 0x46, 0x20, 
	0x3a, 0x55, 0x4c, 0x1e, 0x39, 0x55, 0x4e, 0x25, 
	0x2d, 0x56, 0x51, 0x27, 0x2d, 0x57, 0x54, 0x2c, 
	0x2a, 0x4a, 0x54, 0x2d, 0x27, 0x4e, 0x57, 0x34, 
	0x6c, 0x6b, 0x6c, 0x6b, 0x6a, 0x6b, 0x70, 0x67, 
	0x69, 0x6f, 0x6c, 0x6c, 0x6d, 0x6a, 0x6a, 0x6c, 
	0x69, 0x6c, 0x6b, 0x6b, 0x6c, 0x6b, 0x6a, 0x67, 
	0x6c, 0x6c, 0x6b, 0x69, 0x6e, 0x6b, 0x70, 0x75, 
	0x4a, 0x51, 0x42, 0x23, 0x40, 0x54, 0x49, 0x20, 
	0x3a, 0x51, 0x4b, 0x23, 0x34, 0x54, 0x4e, 0x27, 
	0x2d, 0x59, 0x50, 0x28, 0x2b, 0x51, 0x57, 0x2c, 
	0x2b, 0x4f, 0x57, 0x30, 0x27, 0x4f, 0x4d, 0x25, 
	0x53, 0x55, 0x53, 0x54, 0x52, 0x54, 0x4f, 0x51, 
	0x51, 0x51, 0x4f, 0x51, 0x4f, 0x52, 0x55, 0x51, 
	0x54, 0x52, 0x52, 0x52, 0x54, 0x51, 0x55, 0x52, 
	0x51, 0x52, 0x53, 0x52, 0x52, 0x53, 0x51, 0x56, 
	0x4e, 0x4b, 0x43, 0x22, 0x3c, 0x52, 0x44, 0x1f, 
	0x38, 0x50, 0x48, 0x23, 0x36, 0x51, 0x4f, 0x24, 
	0x2f, 0x57, 0x4c, 0x27, 0x2e, 0x58, 0x50, 0x2a, 
	0x2a, 0x51, 0x59, 0x2c, 0x28, 0x4a, 0x54, 0x2b, 
	0x25, 0x1e, 0x1a, 0x1e, 0x1a, 0x1f, 0x1f, 0x1c, 
	0x1e, 0x1e, 0x20, 0x1c, 0x1c, 0x1c, 0x1c, 0x1c, 
	0x1e, 0x1c, 0x1e, 0x20, 0x1f, 0x20, 0x1e, 0x1e, 
	0x1f, 0x20, 0x1f, 0x1e, 0x1e, 0x20, 0x22, 0x29, 
	0x4c, 0x52, 0x42, 0x1f, 0x3e, 0x50, 0x46, 0x23, 
	0x3b, 0x53, 0x46, 0x23, 0x36, 0x54, 0x4a, 0x24, 
	0x2e, 0x57, 0x55, 0x28, 0x2a, 0x55, 0x52, 0x29, 
	0x2b, 0x4b, 0x56, 0x2c, 0x29, 0x4e, 0x5c, 0x3e, 
	0x5d, 0x57, 0x54, 0x55, 0x56, 0x56, 0x59, 0x59, 
	0x57, 0x58, 0x57, 0x57, 0x59, 0x55, 0x57, 0x58, 
	0x5c, 0x5b, 0x57, 0x57, 0x56, 0x5b, 0x59, 0x59, 
	0x58, 0x59, 0x57, 0x5c, 0x57, 0x59, 0x5c, 0x63, 
	0x4d, 0x50, 0x45, 0x20, 0x3b, 0x54, 0x47, 0x23, 
	0x3a, 0x51, 0x48, 0x20, 0x38, 0x52, 0x4f, 0x24, 
	0x30, 0x55, 0x58, 0x28, 0x2e, 0x54, 0x55, 0x2d, 
	0x29, 0x4f, 0x59, 0x2e, 0x27, 0x49, 0x58, 0x37, 
	0x68, 0x6a, 0x6b, 0x6b, 0x6a, 0x64, 0x6d, 0x68, 
	0x6b, 0x6e, 0x67, 0x66, 0x69, 0x6b, 0x68, 0x69, 
	0x69, 0x69, 0x66, 0x69, 0x68, 0x6a, 0x6a, 0x66, 
	0x68, 0x67, 0x65, 0x69, 0x69, 0x6a, 0x68, 0x70, 
	0x4e, 0x55, 0x4b, 0x20, 0x3e, 0x51, 0x49, 0x20, 
	0x3d, 0x52, 0x4f, 0x20, 0x3a, 0x59, 0x4f, 0x27, 
	0x31, 0x57, 0x57, 0x2a, 0x2b, 0x57, 0x54, 0x2c, 
	0x2b, 0x4d, 0x60, 0x2d, 0x2a, 0x49, 0x55, 0x29, 
	0x5f, 0x5d, 0x5e, 0x62, 0x5b, 0x60, 0x5e, 0x5e, 
	0x61, 0x60, 0x60, 0x61, 0x5d, 0x5d, 0x61, 0x5d, 
	0x5f, 0x5c, 0x5d, 0x5d, 0x61, 0x61, 0x5c, 0x5f, 
	0x60, 0x5e, 0x64, 0x60, 0x60, 0x5e, 0x61, 0x60, 
	
};

Gfx rbtcm_cam_ci8_aligner[] = {gsSPEndDisplayList()};
u8 rbtcm_cam_ci8[] = {
	0x00, 0x00, 0x00, 0x00, 0x00, 0x00, 0x00, 0x00, 
	0x00, 0x00, 0x00, 0x01, 0x02, 0x03, 0x03, 0x04, 
	0x05, 0x06, 0x07, 0x06, 0x06, 0x00, 0x00, 0x00, 
	0x00, 0x00, 0x00, 0x00, 0x00, 0x00, 0x00, 0x00, 
	0x00, 0x00, 0x00, 0x00, 0x00, 0x00, 0x00, 0x00, 
	0x00, 0x02, 0x08, 0x09, 0x08, 0x0a, 0x0a, 0x0a, 
	0x0a, 0x0a, 0x0b, 0x0c, 0x0d, 0x0e, 0x0e, 0x03, 
	0x00, 0x00, 0x00, 0x00, 0x00, 0x00, 0x00, 0x00, 
	0x00, 0x00, 0x00, 0x00, 0x00, 0x00, 0x00, 0x02, 
	0x01, 0x01, 0x0a, 0x0b, 0x01, 0x0f, 0x10, 0x11, 
	0x12, 0x06, 0x12, 0x08, 0x0a, 0x0a, 0x01, 0x0e, 
	0x06, 0x00, 0x00, 0x00, 0x00, 0x00, 0x00, 0x00, 
	0x00, 0x00, 0x00, 0x00, 0x00, 0x00, 0x13, 0x02, 
	0x0a, 0x14, 0x07, 0x15, 0x16, 0x00, 0x07, 0x11, 
	0x12, 0x05, 0x17, 0x15, 0x18, 0x19, 0x0b, 0x0a, 
	0x03, 0x0e, 0x03, 0x00, 0x00, 0x00, 0x00, 0x00, 
	0x00, 0x00, 0x00, 0x00, 0x00, 0x13, 0x0b, 0x0b, 
	0x06, 0x06, 0x12, 0x04, 0x13, 0x0b, 0x0a, 0x1a, 
	0x1a, 0x1b, 0x1c, 0x1d, 0x0f, 0x1e, 0x08, 0x05, 
	0x0a, 0x02, 0x0e, 0x03, 0x00, 0x00, 0x00, 0x00, 
	0x00, 0x00, 0x00, 0x00, 0x0b, 0x0b, 0x1f, 0x18, 
	0x20, 0x0f, 0x0b, 0x0a, 0x0a, 0x21, 0x21, 0x21, 
	0x22, 0x23, 0x23, 0x24, 0x24, 0x1c, 0x0f, 0x25, 
	0x12, 0x0b, 0x02, 0x05, 0x03, 0x00, 0x00, 0x00, 
	0x00, 0x00, 0x00, 0x13, 0x26, 0x14, 0x27, 0x12, 
	0x13, 0x0b, 0x0a, 0x21, 0x22, 0x22, 0x22, 0x22, 
	0x22, 0x28, 0x28, 0x28, 0x23, 0x24, 0x24, 0x02, 
	0x29, 0x2a, 0x13, 0x02, 0x05, 0x00, 0x00, 0x00, 
	0x00, 0x00, 0x02, 0x0a, 0x0b, 0x2b, 0x04, 0x1c, 
	0x0b, 0x1a, 0x22, 0x21, 0x21, 0x21, 0x21, 0x21, 
	0x21, 0x2c, 0x23, 0x23, 0x28, 0x28, 0x23, 0x24, 
	0x1f, 0x12, 0x0e, 0x0a, 0x00, 0x03, 0x00, 0x00, 
	0x00, 0x00, 0x0a, 0x0b, 0x19, 0x16, 0x1c, 0x13, 
	0x1a, 0x21, 0x21, 0x2d, 0x2d, 0x1a, 0x2e, 0x0a, 
	0x2f, 0x30, 0x31, 0x1c, 0x24, 0x23, 0x28, 0x23, 
	0x24, 0x02, 0x06, 0x03, 0x1a, 0x04, 0x03, 0x00, 
	0x00, 0x02, 0x0b, 0x1f, 0x32, 0x00, 0x13, 0x0a, 
	0x21, 0x1a, 0x1a, 0x2e, 0x33, 0x34, 0x0a, 0x0a, 
	0x35, 0x13, 0x36, 0x37, 0x38, 0x1c, 0x23, 0x28, 
	0x23, 0x24, 0x01, 0x39, 0x1c, 0x02, 0x03, 0x00, 
	0x00, 0x0a, 0x0b, 0x05, 0x0e, 0x13, 0x13, 0x21, 
	0x1a, 0x3a, 0x2f, 0x02, 0x1a, 0x3b, 0x3b, 0x3b, 
	0x3c, 0x3c, 0x3d, 0x38, 0x3e, 0x01, 0x30, 0x23, 
	0x28, 0x3f, 0x1c, 0x0e, 0x40, 0x1a, 0x03, 0x00, 
	0x01, 0x0a, 0x0b, 0x1e, 0x00, 0x02, 0x1a, 0x2d, 
	0x2e, 0x2f, 0x02, 0x21, 0x22, 0x41, 0x22, 0x21, 
	0x1a, 0x42, 0x43, 0x3d, 0x44, 0x3e, 0x45, 0x3d, 
	0x28, 0x23, 0x46, 0x00, 0x47, 0x0b, 0x01, 0x00, 
	0x48, 0x0b, 0x14, 0x14, 0x14, 0x02, 0x21, 0x1a, 
	0x2e, 0x01, 0x1a, 0x22, 0x3b, 0x21, 0x22, 0x22, 
	0x3c, 0x35, 0x30, 0x43, 0x3d, 0x38, 0x36, 0x13, 
	0x23, 0x28, 0x46, 0x1f, 0x04, 0x1d, 0x13, 0x00, 
	0x33, 0x0b, 0x14, 0x14, 0x13, 0x13, 0x21, 0x0a, 
	0x34, 0x02, 0x22, 0x3b, 0x22, 0x49, 0x42, 0x42, 
	0x4a, 0x4b, 0x2c, 0x30, 0x42, 0x3d, 0x36, 0x02, 
	0x23, 0x28, 0x23, 0x1b, 0x08, 0x11, 0x1a, 0x0f, 
	0x4c, 0x0b, 0x14, 0x14, 0x02, 0x0b, 0x21, 0x0a, 
	0x02, 0x0b, 0x22, 0x22, 0x3b, 0x22, 0x3b, 0x42, 
	0x4d, 0x4d, 0x4b, 0x0b, 0x4e, 0x42, 0x02, 0x02, 
	0x4f, 0x28, 0x50, 0x4f, 0x08, 0x11, 0x1a, 0x00, 
	0x0a, 0x14, 0x14, 0x14, 0x02, 0x0a, 0x2d, 0x2e, 
	0x51, 0x0a, 0x3b, 0x49, 0x49, 0x3b, 0x21, 0x4c, 
	0x52, 0x53, 0x54, 0x43, 0x2c, 0x49, 0x0a, 0x0b, 
	0x4f, 0x28, 0x28, 0x23, 0x08, 0x11, 0x55, 0x08, 
	0x0a, 0x14, 0x0b, 0x14, 0x02, 0x0a, 0x21, 0x3a, 
	0x56, 0x0a, 0x3b, 0x49, 0x49, 0x57, 0x48, 0x58, 
	0x59, 0x5a, 0x2d, 0x22, 0x1a, 0x3b, 0x0a, 0x0a, 
	0x21, 0x5b, 0x5b, 0x50, 0x08, 0x2a, 0x1a, 0x09, 
	0x0b, 0x1c, 0x0b, 0x14, 0x02, 0x0b, 0x21, 0x2e, 
	0x51, 0x13, 0x22, 0x22, 0x3b, 0x5c, 0x5d, 0x5e, 
	0x5f, 0x60, 0x2d, 0x1a, 0x3b, 0x22, 0x0b, 0x4c, 
	0x50, 0x3c, 0x5b, 0x1a, 0x08, 0x11, 0x55, 0x08, 
	0x13, 0x13, 0x0b, 0x14, 0x02, 0x02, 0x21, 0x2e, 
	0x02, 0x00, 0x22, 0x49, 0x21, 0x22, 0x21, 0x42, 
	0x42, 0x2d, 0x3c, 0x1a, 0x61, 0x3c, 0x13, 0x0a, 
	0x21, 0x22, 0x21, 0x1b, 0x01, 0x11, 0x1a, 0x00, 
	0x02, 0x02, 0x0b, 0x14, 0x1d, 0x01, 0x21, 0x1a, 
	0x0a, 0x62, 0x2f, 0x22, 0x22, 0x21, 0x22, 0x22, 
	0x22, 0x21, 0x1a, 0x3b, 0x22, 0x0a, 0x0b, 0x1a, 
	0x21, 0x22, 0x43, 0x13, 0x01, 0x1f, 0x63, 0x00, 
	0x01, 0x02, 0x14, 0x14, 0x13, 0x00, 0x0a, 0x21, 
	0x0a, 0x02, 0x05, 0x1a, 0x22, 0x22, 0x42, 0x21, 
	0x21, 0x22, 0x61, 0x22, 0x1a, 0x13, 0x0a, 0x1a, 
	0x5b, 0x5b, 0x50, 0x11, 0x01, 0x0b, 0x02, 0x01, 
	0x00, 0x13, 0x02, 0x14, 0x14, 0x2a, 0x01, 0x21, 
	0x1a, 0x0a, 0x01, 0x64, 0x0b, 0x22, 0x22, 0x22, 
	0x22, 0x22, 0x22, 0x35, 0x13, 0x0a, 0x1a, 0x21, 
	0x22, 0x50, 0x0b, 0x2a, 0x11, 0x0a, 0x01, 0x00, 
	0x00, 0x02, 0x01, 0x14, 0x14, 0x1d, 0x00, 0x13, 
	0x21, 0x1a, 0x0a, 0x65, 0x03, 0x00, 0x48, 0x0b, 
	0x0b, 0x13, 0x02, 0x13, 0x0a, 0x1a, 0x43, 0x5b, 
	0x21, 0x4f, 0x11, 0x11, 0x13, 0x0b, 0x01, 0x00, 
	0x00, 0x00, 0x13, 0x01, 0x14, 0x14, 0x02, 0x66, 
	0x13, 0x21, 0x1a, 0x0a, 0x0a, 0x13, 0x02, 0x02, 
	0x13, 0x0b, 0x0a, 0x0a, 0x1a, 0x43, 0x21, 0x21, 
	0x4f, 0x1d, 0x11, 0x02, 0x0a, 0x11, 0x00, 0x00, 
	0x00, 0x00, 0x02, 0x01, 0x02, 0x14, 0x1c, 0x02, 
	0x00, 0x02, 0x21, 0x21, 0x1a, 0x0a, 0x0a, 0x0a, 
	0x0a, 0x0a, 0x1a, 0x1a, 0x21, 0x21, 0x1a, 0x0a, 
	0x13, 0x11, 0x11, 0x0b, 0x13, 0x01, 0x00, 0x00, 
	0x00, 0x00, 0x00, 0x13, 0x01, 0x13, 0x14, 0x1c, 
	0x02, 0x01, 0x01, 0x0b, 0x21, 0x21, 0x43, 0x50, 
	0x50, 0x50, 0x21, 0x21, 0x1a, 0x1b, 0x1b, 0x1d, 
	0x11, 0x11, 0x1c, 0x63, 0x11, 0x00, 0x00, 0x00, 
	0x00, 0x00, 0x00, 0x00, 0x13, 0x01, 0x13, 0x14, 
	0x13, 0x1d, 0x02, 0x2a, 0x01, 0x13, 0x0b, 0x0a, 
	0x0b, 0x0a, 0x0b, 0x0b, 0x1b, 0x14, 0x02, 0x02, 
	0x02, 0x1c, 0x0a, 0x02, 0x00, 0x00, 0x00, 0x00, 
	0x00, 0x00, 0x00, 0x00, 0x00, 0x0b, 0x02, 0x13, 
	0x14, 0x1c, 0x13, 0x1d, 0x13, 0x1d, 0x13, 0x13, 
	0x1c, 0x14, 0x13, 0x13, 0x1f, 0x02, 0x02, 0x1f, 
	0x0b, 0x55, 0x13, 0x00, 0x00, 0x00, 0x00, 0x00, 
	0x00, 0x00, 0x00, 0x00, 0x00, 0x00, 0x0b, 0x0b, 
	0x02, 0x14, 0x14, 0x13, 0x13, 0x0f, 0x12, 0x04, 
	0x03, 0x25, 0x11, 0x1d, 0x1d, 0x1d, 0x1c, 0x0a, 
	0x1a, 0x0b, 0x00, 0x00, 0x00, 0x00, 0x00, 0x00, 
	0x00, 0x00, 0x00, 0x00, 0x00, 0x00, 0x00, 0x02, 
	0x1a, 0x14, 0x13, 0x14, 0x14, 0x11, 0x05, 0x39, 
	0x0e, 0x07, 0x1f, 0x1c, 0x0b, 0x0a, 0x1a, 0x1a, 
	0x02, 0x00, 0x00, 0x00, 0x00, 0x00, 0x00, 0x00, 
	0x00, 0x00, 0x00, 0x00, 0x00, 0x00, 0x00, 0x00, 
	0x00, 0x02, 0x1a, 0x55, 0x0a, 0x0a, 0x26, 0x26, 
	0x26, 0x0a, 0x0a, 0x1a, 0x1a, 0x1a, 0x13, 0x00, 
	0x00, 0x00, 0x00, 0x00, 0x00, 0x00, 0x00, 0x00, 
	0x00, 0x00, 0x00, 0x00, 0x00, 0x00, 0x00, 0x00, 
	0x00, 0x00, 0x00, 0x01, 0x13, 0x0b, 0x0a, 0x1a, 
	0x1a, 0x0a, 0x0b, 0x13, 0x01, 0x00, 0x00, 0x00, 
	0x00, 0x00, 0x00, 0x00, 0x00, 0x00, 0x00, 0x00, 
	0x00, 0x00, 0x00, 0x00, 0x00, 0x00, 0x00, 0x00, 
	0x00, 0x00, 0x00, 0x00, 0x00, 0x00, 0x00, 0x00, 
	0x00, 0x00, 0x00, 0x00, 0x00, 0x00, 0x00, 0x00, 
	0x00, 0x00, 0x00, 0x00, 0x00, 0x00, 0x00, 0x00, 
	0x00, 0x00, 0x00, 0x00, 0x00, 0x00, 0x00, 0x00, 
	0x00, 0x00, 0x00, 0x00, 0x00, 0x00, 0x00, 0x00, 
	0x00, 0x00, 0x00, 0x00, 0x00, 0x00, 0x00, 0x00, 
	0x00, 0x00, 0x00, 0x00, 0x00, 0x00, 0x00, 0x00, 
	0x67, 0x1a, 0x1a, 0x06, 0x06, 0x0e, 0x0e, 0x0e, 
	0x0e, 0x15, 0x15, 0x15, 0x15, 0x68, 0x68, 0x68, 
	0x68, 0x32, 0x32, 0x32, 0x32, 0x18, 0x18, 0x18, 
	0x18, 0x05, 0x05, 0x05, 0x05, 0x03, 0x03, 0x69, 
	0x67, 0x1a, 0x1a, 0x06, 0x06, 0x0e, 0x0e, 0x0e, 
	0x0e, 0x15, 0x15, 0x15, 0x15, 0x68, 0x68, 0x68, 
	0x68, 0x32, 0x32, 0x32, 0x32, 0x18, 0x18, 0x18, 
	0x18, 0x05, 0x05, 0x05, 0x05, 0x03, 0x03, 0x69, 
	0x67, 0x1a, 0x1a, 0x1a, 0x1a, 0x1a, 0x1a, 0x1a, 
	0x1a, 0x1a, 0x1a, 0x1a, 0x1a, 0x0a, 0x0a, 0x0a, 
	0x13, 0x1a, 0x21, 0x21, 0x21, 0x22, 0x22, 0x22, 
	0x22, 0x21, 0x1a, 0x22, 0x21, 0x21, 0x21, 0x06, 
	0x67, 0x1a, 0x6a, 0x6a, 0x6a, 0x6a, 0x6a, 0x6a, 
	0x6a, 0x6a, 0x6a, 0x6a, 0x6a, 0x6a, 0x21, 0x21, 
	0x0a, 0x21, 0x6a, 0x6a, 0x6a, 0x6a, 0x6a, 0x6a, 
	0x6a, 0x6a, 0x6a, 0x6a, 0x6a, 0x6a, 0x21, 0x06, 
	0x67, 0x02, 0x6a, 0x6a, 0x6a, 0x6a, 0x6a, 0x6a, 
	0x6a, 0x6a, 0x6a, 0x6a, 0x6a, 0x6a, 0x21, 0x13, 
	0x13, 0x21, 0x6a, 0x6a, 0x6a, 0x6a, 0x6a, 0x6a, 
	0x6a, 0x6a, 0x6a, 0x6a, 0x6a, 0x6a, 0x21, 0x06, 
	0x67, 0x02, 0x6a, 0x6a, 0x6a, 0x6a, 0x6a, 0x6a, 
	0x6a, 0x6a, 0x6a, 0x6a, 0x6a, 0x6a, 0x0a, 0x13, 
	0x13, 0x21, 0x6a, 0x6a, 0x6a, 0x6a, 0x6a, 0x6a, 
	0x6a, 0x6a, 0x6a, 0x6a, 0x6a, 0x6a, 0x21, 0x06, 
	0x18, 0x13, 0x6a, 0x6a, 0x6a, 0x6a, 0x6a, 0x6a, 
	0x6a, 0x6a, 0x6a, 0x6a, 0x6a, 0x6a, 0x1a, 0x00, 
	0x00, 0x1a, 0x6a, 0x6a, 0x6a, 0x6a, 0x6a, 0x6a, 
	0x6a, 0x6a, 0x6a, 0x6a, 0x6a, 0x6a, 0x1a, 0x03, 
	0x18, 0x0a, 0x6a, 0x6a, 0x6a, 0x6a, 0x6a, 0x6a, 
	0x6a, 0x6a, 0x6a, 0x6a, 0x6a, 0x6a, 0x1a, 0x0e, 
	0x00, 0x1a, 0x6a, 0x6a, 0x6a, 0x6a, 0x6a, 0x6a, 
	0x6a, 0x6a, 0x6a, 0x6a, 0x6a, 0x6a, 0x1a, 0x03, 
	0x05, 0x0a, 0x6a, 0x6a, 0x6a, 0x6a, 0x6a, 0x6a, 
	0x6a, 0x6a, 0x6a, 0x6a, 0x6a, 0x6a, 0x1a, 0x0e, 
	0x00, 0x1a, 0x6a, 0x6a, 0x6a, 0x6a, 0x6a, 0x6a, 
	0x6a, 0x6a, 0x6a, 0x6a, 0x6a, 0x6a, 0x1a, 0x03, 
	0x05, 0x1a, 0x6a, 0x6a, 0x6a, 0x6a, 0x6a, 0x6a, 
	0x6a, 0x6a, 0x6a, 0x6a, 0x6a, 0x6a, 0x1a, 0x0e, 
	0x0e, 0x21, 0x6a, 0x6a, 0x6a, 0x6a, 0x6a, 0x6a, 
	0x6a, 0x6a, 0x6a, 0x6a, 0x6a, 0x6a, 0x1a, 0x03, 
	0x03, 0x1a, 0x6a, 0x6a, 0x6a, 0x6a, 0x6a, 0x6a, 
	0x6a, 0x6a, 0x6a, 0x6a, 0x6a, 0x6a, 0x0b, 0x12, 
	0x12, 0x22, 0x6a, 0x6a, 0x6a, 0x6a, 0x6a, 0x6a, 
	0x6a, 0x6a, 0x6a, 0x6a, 0x6a, 0x6a, 0x1a, 0x02, 
	0x03, 0x21, 0x6a, 0x6a, 0x6a, 0x6a, 0x6a, 0x6a, 
	0x6a, 0x6a, 0x6a, 0x6a, 0x6a, 0x6a, 0x0b, 0x12, 
	0x12, 0x1a, 0x6a, 0x6a, 0x6a, 0x6a, 0x6a, 0x6a, 
	0x6a, 0x6a, 0x6a, 0x6a, 0x6a, 0x6a, 0x1a, 0x02, 
	0x13, 0x1a, 0x6a, 0x6a, 0x6a, 0x6a, 0x6a, 0x6a, 
	0x6a, 0x6a, 0x6a, 0x6a, 0x6a, 0x6a, 0x0b, 0x6b, 
	0x12, 0x1a, 0x6a, 0x6a, 0x6a, 0x6a, 0x6a, 0x6a, 
	0x6a, 0x6a, 0x6a, 0x6a, 0x6a, 0x6a, 0x1a, 0x02, 
	0x13, 0x21, 0x6a, 0x6a, 0x6a, 0x6a, 0x6a, 0x6a, 
	0x6a, 0x6a, 0x6a, 0x6a, 0x6a, 0x6a, 0x0b, 0x6b, 
	0x12, 0x1a, 0x6a, 0x6a, 0x6a, 0x6a, 0x6a, 0x6a, 
	0x6a, 0x6a, 0x6a, 0x6a, 0x6a, 0x6a, 0x1a, 0x02, 
	0x21, 0x3b, 0x6a, 0x6a, 0x6a, 0x6a, 0x6a, 0x6a, 
	0x6a, 0x6a, 0x6a, 0x6a, 0x6a, 0x6a, 0x1a, 0x6c, 
	0x12, 0x21, 0x6a, 0x6a, 0x6a, 0x6a, 0x6a, 0x6a, 
	0x6a, 0x6a, 0x6a, 0x6a, 0x6a, 0x6a, 0x0b, 0x0b, 
	0x21, 0x3b, 0x3b, 0x3b, 0x3b, 0x0b, 0x0b, 0x0b, 
	0x0b, 0x1a, 0x1a, 0x1a, 0x1a, 0x1a, 0x1a, 0x6c, 
	0x12, 0x13, 0x21, 0x21, 0x21, 0x1a, 0x1a, 0x1a, 
	0x13, 0x05, 0x13, 0x13, 0x13, 0x0b, 0x0b, 0x0b, 
	0x6d, 0x6c, 0x6c, 0x6c, 0x6c, 0x6d, 0x6d, 0x0e, 
	0x0e, 0x06, 0x06, 0x06, 0x01, 0x1a, 0x1a, 0x6c, 
	0x6c, 0x21, 0x13, 0x13, 0x13, 0x13, 0x03, 0x03, 
	0x03, 0x05, 0x05, 0x18, 0x18, 0x6b, 0x6b, 0x6b, 
	0x6d, 0x6c, 0x6c, 0x6c, 0x6c, 0x6d, 0x6d, 0x6d, 
	0x0e, 0x06, 0x06, 0x06, 0x01, 0x1a, 0x1a, 0x6c, 
	0x6c, 0x21, 0x21, 0x13, 0x05, 0x03, 0x03, 0x03, 
	0x03, 0x05, 0x18, 0x18, 0x18, 0x6b, 0x6b, 0x6b, 
	0x13, 0x13, 0x13, 0x13, 0x13, 0x13, 0x13, 0x1a, 
	0x22, 0x22, 0x22, 0x22, 0x22, 0x1a, 0x1a, 0x6e, 
	0x6e, 0x0b, 0x6f, 0x22, 0x0b, 0x0a, 0x0a, 0x0a, 
	0x21, 0x21, 0x21, 0x21, 0x22, 0x6f, 0x6f, 0x21, 
	0x0a, 0x3b, 0x6a, 0x6a, 0x6a, 0x6a, 0x6a, 0x6a, 
	0x6a, 0x6a, 0x6a, 0x6a, 0x6a, 0x6a, 0x1a, 0x03, 
	0x6e, 0x0b, 0x6a, 0x6a, 0x6a, 0x6a, 0x6a, 0x6a, 
	0x6a, 0x6a, 0x6a, 0x6a, 0x6a, 0x6a, 0x6f, 0x13, 
	0x13, 0x21, 0x6a, 0x6a, 0x6a, 0x6a, 0x6a, 0x6a, 
	0x6a, 0x6a, 0x6a, 0x6a, 0x6a, 0x6a, 0x1a, 0x6e, 
	0x6e, 0x0b, 0x6a, 0x6a, 0x6a, 0x6a, 0x6a, 0x6a, 
	0x6a, 0x6a, 0x6a, 0x6a, 0x6a, 0x6a, 0x21, 0x13, 
	0x13, 0x21, 0x6a, 0x6a, 0x6a, 0x6a, 0x6a, 0x6a, 
	0x6a, 0x6a, 0x6a, 0x6a, 0x6a, 0x6a, 0x1a, 0x6e, 
	0x6e, 0x0b, 0x6a, 0x6a, 0x6a, 0x6a, 0x6a, 0x6a, 
	0x6a, 0x6a, 0x6a, 0x6a, 0x6a, 0x6a, 0x21, 0x13, 
	0x02, 0x21, 0x6a, 0x6a, 0x6a, 0x6a, 0x6a, 0x6a, 
	0x6a, 0x6a, 0x6a, 0x6a, 0x6a, 0x6a, 0x0a, 0x00, 
	0x18, 0x1a, 0x6a, 0x6a, 0x6a, 0x6a, 0x6a, 0x6a, 
	0x6a, 0x6a, 0x6a, 0x6a, 0x6a, 0x6a, 0x21, 0x01, 
	0x05, 0x0a, 0x6a, 0x6a, 0x6a, 0x6a, 0x6a, 0x6a, 
	0x6a, 0x6a, 0x6a, 0x6a, 0x6a, 0x6a, 0x0a, 0x00, 
	0x18, 0x1a, 0x6a, 0x6a, 0x6a, 0x6a, 0x6a, 0x6a, 
	0x6a, 0x6a, 0x6a, 0x6a, 0x6a, 0x6a, 0x21, 0x01, 
	0x05, 0x0a, 0x6a, 0x6a, 0x6a, 0x6a, 0x6a, 0x6a, 
	0x6a, 0x6a, 0x6a, 0x6a, 0x6a, 0x6a, 0x0a, 0x00, 
	0x00, 0x02, 0x6a, 0x6a, 0x6a, 0x6a, 0x6a, 0x6a, 
	0x6a, 0x6a, 0x6a, 0x6a, 0x6a, 0x6a, 0x21, 0x01, 
	0x05, 0x0a, 0x6a, 0x6a, 0x6a, 0x6a, 0x6a, 0x6a, 
	0x6a, 0x6a, 0x6a, 0x6a, 0x6a, 0x6a, 0x0a, 0x00, 
	0x00, 0x02, 0x6a, 0x6a, 0x6a, 0x6a, 0x6a, 0x6a, 
	0x6a, 0x6a, 0x6a, 0x6a, 0x6a, 0x6a, 0x21, 0x01, 
	0x0e, 0x0a, 0x6a, 0x6a, 0x6a, 0x6a, 0x6a, 0x6a, 
	0x6a, 0x6a, 0x6a, 0x6a, 0x6a, 0x6a, 0x1a, 0x00, 
	0x00, 0x0b, 0x6a, 0x6a, 0x6a, 0x6a, 0x6a, 0x6a, 
	0x6a, 0x6a, 0x6a, 0x6a, 0x6a, 0x6a, 0x21, 0x03, 
	0x0e, 0x0a, 0x6a, 0x6a, 0x6a, 0x6a, 0x6a, 0x6a, 
	0x6a, 0x6a, 0x6a, 0x6a, 0x6a, 0x6a, 0x1a, 0x13, 
	0x00, 0x0b, 0x6a, 0x6a, 0x6a, 0x6a, 0x6a, 0x6a, 
	0x6a, 0x6a, 0x6a, 0x6a, 0x6a, 0x6a, 0x21, 0x03, 
	0x67, 0x0a, 0x6a, 0x6a, 0x6a, 0x6a, 0x6a, 0x6a, 
	0x6a, 0x6a, 0x6a, 0x6a, 0x6a, 0x6a, 0x1a, 0x13, 
	0x00, 0x0a, 0x6a, 0x6a, 0x6a, 0x6a, 0x6a, 0x6a, 
	0x6a, 0x6a, 0x6a, 0x6a, 0x6a, 0x6a, 0x21, 0x32, 
	0x67, 0x01, 0x6a, 0x6a, 0x6a, 0x6a, 0x6a, 0x6a, 
	0x6a, 0x6a, 0x6a, 0x6a, 0x6a, 0x6a, 0x1a, 0x13, 
	0x13, 0x0a, 0x6a, 0x6a, 0x6a, 0x6a, 0x6a, 0x6a, 
	0x6a, 0x6a, 0x6a, 0x6a, 0x6a, 0x6a, 0x21, 0x32, 
	
};

Gfx rbtcm_cam_pal_rgba16_aligner[] = {gsSPEndDisplayList()};
u8 rbtcm_cam_pal_rgba16[] = {
	0x5a, 0xd7, 0x52, 0x95, 0x4a, 0x53, 0x63, 0x19, 
	0x63, 0x1b, 0x6b, 0x5b, 0x73, 0x9d, 0x73, 0x9f, 
	0x52, 0x97, 0x5a, 0x97, 0x31, 0x8d, 0x39, 0xcf, 
	0x52, 0x55, 0x6b, 0x1b, 0x84, 0x21, 0x5a, 0xd9, 
	0x84, 0x23, 0x4a, 0x55, 0x7b, 0xdf, 0x42, 0x11, 
	0x39, 0xd1, 0x94, 0xa5, 0x9c, 0xe9, 0x8c, 0xa5, 
	0x8c, 0x63, 0x6b, 0x5d, 0x29, 0x4b, 0x31, 0xcf, 
	0x3a, 0x11, 0x42, 0x13, 0x7b, 0xe1, 0x42, 0x53, 
	0x94, 0xa7, 0x21, 0x09, 0x18, 0xc7, 0x21, 0x8d, 
	0x29, 0xcf, 0x73, 0xdf, 0x31, 0x8f, 0x8c, 0x65, 
	0x19, 0x4b, 0x72, 0x97, 0x4a, 0x95, 0x63, 0x5b, 
	0x29, 0x8b, 0x29, 0x49, 0x31, 0x8b, 0x39, 0xcd, 
	0x3a, 0x0f, 0x3a, 0x51, 0xa5, 0x29, 0x41, 0xcf, 
	0x42, 0x0f, 0x31, 0xcd, 0x52, 0xd5, 0x4a, 0xd5, 
	0x4a, 0x93, 0x6b, 0x9d, 0x31, 0x4b, 0x10, 0x85, 
	0x19, 0x07, 0x29, 0xcd, 0x5b, 0x17, 0x21, 0xcf, 
	0x7c, 0x21, 0x08, 0x43, 0x21, 0x07, 0x21, 0x49, 
	0x42, 0x51, 0x52, 0x93, 0x21, 0xcd, 0xa5, 0x2b, 
	0x4a, 0x11, 0x18, 0xc5, 0x41, 0x89, 0x31, 0xcb, 
	0x39, 0x8d, 0x62, 0x49, 0x19, 0x05, 0x29, 0x8d, 
	0x21, 0x4b, 0x5a, 0x95, 0x62, 0x8f, 0x5a, 0x07, 
	0x39, 0x8b, 0x29, 0x4d, 0x5a, 0xd5, 0x18, 0x85, 
	0x5a, 0x4f, 0x29, 0x07, 0x31, 0x05, 0x19, 0x09, 
	0x20, 0xc7, 0x28, 0xc7, 0x31, 0x49, 0x21, 0x05, 
	0x20, 0xc5, 0x10, 0xc7, 0x73, 0x5b, 0x39, 0x8f, 
	0x6b, 0x59, 0x4a, 0x51, 0x5b, 0x19, 0xbd, 0xef, 
	0xad, 0x6b, 0xb5, 0xad, 0x00, 0x00, 0xc6, 0x31, 
	0xd6, 0xb5, 0xce, 0x73, 0x9c, 0xe7, 0x00, 0x01, 
	
};

Vtx rbtcm_rbtcm_mesh_layer_1_vtx_0[106] = {
	{{ {-227, 0, -415}, 0, {-7349, 6425}, {0, 0, 127, 255} }},
	{{ {973, 0, -415}, 0, {6987, 6425}, {0, 0, 127, 255} }},
	{{ {973, 713, -415}, 0, {6987, -2088}, {0, 0, 127, 255} }},
	{{ {-227, 713, -415}, 0, {-7349, -2088}, {0, 0, 127, 255} }},
	{{ {973, 0, 415}, 0, {6987, 6425}, {0, 0, 129, 255} }},
	{{ {-227, 0, 415}, 0, {-7349, 6425}, {0, 0, 129, 255} }},
	{{ {-227, 713, 415}, 0, {-7349, -2088}, {0, 0, 129, 255} }},
	{{ {973, 713, 415}, 0, {6987, -2088}, {0, 0, 129, 255} }},
	{{ {973, 873, -196}, 0, {6987, -2288}, {0, 129, 0, 255} }},
	{{ {973, 873, 196}, 0, {6987, 2394}, {0, 129, 0, 255} }},
	{{ {-227, 873, 196}, 0, {-7349, 2394}, {0, 129, 0, 255} }},
	{{ {-227, 873, -196}, 0, {-7349, -2288}, {0, 129, 0, 255} }},
	{{ {973, 0, 415}, 0, {-4856, 6133}, {129, 0, 0, 255} }},
	{{ {973, 713, 415}, 0, {-4856, -3071}, {129, 0, 0, 255} }},
	{{ {973, 873, 196}, 0, {-2035, -5131}, {129, 0, 0, 255} }},
	{{ {973, 560, 200}, 0, {-2062, -1096}, {129, 0, 0, 255} }},
	{{ {973, 713, -415}, 0, {5848, -3071}, {129, 0, 0, 255} }},
	{{ {973, 873, -196}, 0, {3027, -5131}, {129, 0, 0, 255} }},
	{{ {973, 560, -200}, 0, {3053, -1096}, {129, 0, 0, 255} }},
	{{ {973, 0, -200}, 0, {2708, 6133}, {129, 0, 0, 255} }},
	{{ {973, 0, -415}, 0, {5848, 6133}, {129, 0, 0, 255} }},
	{{ {973, 0, 200}, 0, {-1716, 6133}, {129, 0, 0, 255} }},
	{{ {973, 873, -196}, 0, {6987, -2510}, {0, 153, 75, 255} }},
	{{ {-227, 873, -196}, 0, {-7349, -2510}, {0, 153, 75, 255} }},
	{{ {-227, 713, -415}, 0, {-7349, -5118}, {0, 153, 75, 255} }},
	{{ {973, 713, -415}, 0, {6987, -5118}, {0, 153, 75, 255} }},
	{{ {-227, 873, 196}, 0, {-7349, 2001}, {0, 153, 181, 255} }},
	{{ {973, 873, 196}, 0, {6987, 2001}, {0, 153, 181, 255} }},
	{{ {973, 713, 415}, 0, {6987, 4609}, {0, 153, 181, 255} }},
	{{ {-227, 713, 415}, 0, {-7349, 4609}, {0, 153, 181, 255} }},
	{{ {-2009, 756, -1371}, 0, {-1513, -4271}, {127, 0, 0, 255} }},
	{{ {-2009, 0, -1371}, 0, {-1513, 5157}, {127, 0, 0, 255} }},
	{{ {-2009, 0, -1555}, 0, {782, 5157}, {127, 0, 0, 255} }},
	{{ {-2009, 756, -1555}, 0, {782, -4271}, {127, 0, 0, 255} }},
	{{ {-1673, 250, -1555}, 0, {782, 2039}, {90, 166, 0, 255} }},
	{{ {-1673, 0, -1555}, 0, {782, 5157}, {127, 0, 0, 255} }},
	{{ {-1673, 0, -1601}, 0, {1361, 5157}, {90, 0, 90, 255} }},
	{{ {-1673, 250, -1601}, 0, {1361, 2039}, {73, 183, 73, 255} }},
	{{ {-1188, 756, -1371}, 0, {5616, 2984}, {0, 129, 0, 255} }},
	{{ {-2009, 756, -1371}, 0, {-4624, 2984}, {0, 129, 0, 255} }},
	{{ {-2009, 756, -1555}, 0, {-4624, 689}, {0, 129, 0, 255} }},
	{{ {-1188, 756, -1555}, 0, {5616, 689}, {0, 129, 0, 255} }},
	{{ {-1188, 0, -1371}, 0, {-1513, 5157}, {129, 0, 0, 255} }},
	{{ {-1188, 756, -1371}, 0, {-1513, -4271}, {129, 0, 0, 255} }},
	{{ {-1188, 756, -1555}, 0, {782, -4271}, {129, 0, 0, 255} }},
	{{ {-1188, 0, -1555}, 0, {782, 5157}, {129, 0, 0, 255} }},
	{{ {-1523, 250, -1555}, 0, {1431, 2039}, {0, 0, 127, 255} }},
	{{ {-1523, 0, -1555}, 0, {1431, 5157}, {0, 0, 127, 255} }},
	{{ {-1188, 0, -1555}, 0, {5616, 5157}, {0, 0, 127, 255} }},
	{{ {-2009, 756, -1555}, 0, {-4624, -4271}, {0, 0, 127, 255} }},
	{{ {-1188, 756, -1555}, 0, {5616, -4271}, {0, 0, 127, 255} }},
	{{ {-1673, 250, -1555}, 0, {-439, 2039}, {0, 0, 127, 255} }},
	{{ {-1673, 0, -1555}, 0, {-439, 5157}, {0, 0, 127, 255} }},
	{{ {-2009, 0, -1555}, 0, {-4624, 5157}, {0, 0, 127, 255} }},
	{{ {-1523, 0, -1555}, 0, {782, 5157}, {129, 0, 0, 255} }},
	{{ {-1523, 250, -1555}, 0, {782, 2039}, {166, 166, 0, 255} }},
	{{ {-1523, 250, -1601}, 0, {1361, 2039}, {183, 183, 73, 255} }},
	{{ {-1523, 0, -1601}, 0, {1361, 5157}, {166, 0, 90, 255} }},
	{{ {-1673, 0, -1601}, 0, {215, 108}, {90, 0, 90, 255} }},
	{{ {-1523, 250, -1555}, 0, {1431, 689}, {166, 166, 0, 255} }},
	{{ {-1673, 250, -1555}, 0, {-439, 689}, {90, 166, 0, 255} }},
	{{ {-1673, 250, -1601}, 0, {-439, 110}, {73, 183, 73, 255} }},
	{{ {-1523, 250, -1555}, 0, {1431, 689}, {166, 166, 0, 255} }},
	{{ {-1673, 250, -1601}, 0, {-439, 110}, {73, 183, 73, 255} }},
	{{ {-1523, 250, -1601}, 0, {1431, 110}, {183, 183, 73, 255} }},
	{{ {-1188, 756, 1371}, 0, {2217, -4166}, {129, 0, 0, 255} }},
	{{ {-1188, 0, 1371}, 0, {2217, 5262}, {129, 0, 0, 255} }},
	{{ {-1188, 0, 1555}, 0, {-78, 5262}, {129, 0, 0, 255} }},
	{{ {-1188, 756, 1555}, 0, {-78, -4166}, {129, 0, 0, 255} }},
	{{ {-2009, 0, 1371}, 0, {2217, 5262}, {127, 0, 0, 255} }},
	{{ {-2009, 756, 1371}, 0, {2217, -4166}, {127, 0, 0, 255} }},
	{{ {-2009, 756, 1555}, 0, {-78, -4166}, {127, 0, 0, 255} }},
	{{ {-2009, 0, 1555}, 0, {-78, 5262}, {127, 0, 0, 255} }},
	{{ {-2009, 756, 1371}, 0, {-4624, -1692}, {0, 216, 136, 255} }},
	{{ {-1188, 756, 1371}, 0, {5616, -1692}, {0, 216, 136, 255} }},
	{{ {-1188, 756, 1555}, 0, {5616, 602}, {0, 129, 0, 255} }},
	{{ {-2009, 756, 1555}, 0, {-4624, 602}, {0, 129, 0, 255} }},
	{{ {-1523, 0, 1555}, 0, {1431, 5262}, {0, 0, 129, 255} }},
	{{ {-1188, 756, 1555}, 0, {5616, -4166}, {0, 0, 129, 255} }},
	{{ {-1188, 0, 1555}, 0, {5616, 5262}, {0, 0, 129, 255} }},
	{{ {-1523, 250, 1555}, 0, {1431, 2144}, {0, 0, 129, 255} }},
	{{ {-2009, 756, 1555}, 0, {-4624, -4166}, {0, 0, 129, 255} }},
	{{ {-1673, 250, 1555}, 0, {-439, 2144}, {0, 0, 129, 255} }},
	{{ {-2009, 0, 1555}, 0, {-4624, 5262}, {0, 0, 129, 255} }},
	{{ {-1673, 0, 1555}, 0, {-439, 5262}, {0, 0, 129, 255} }},
	{{ {-1673, 250, 1555}, 0, {-439, 2144}, {88, 165, 5, 255} }},
	{{ {-1675, 0, 1588}, 0, {-439, 5262}, {76, 73, 185, 255} }},
	{{ {-1673, 0, 1555}, 0, {-439, 5262}, {88, 91, 5, 255} }},
	{{ {-1675, 250, 1588}, 0, {-439, 2144}, {76, 183, 185, 255} }},
	{{ {-1523, 250, 1555}, 0, {1431, 2144}, {165, 168, 251, 255} }},
	{{ {-1525, 250, 1588}, 0, {1431, 2144}, {185, 182, 181, 255} }},
	{{ {-1523, 0, 1555}, 0, {1431, 5262}, {165, 88, 251, 255} }},
	{{ {-1525, 0, 1588}, 0, {1431, 5262}, {185, 74, 181, 255} }},
	{{ {-1675, 0, 1588}, 0, {209, 854}, {76, 73, 185, 255} }},
	{{ {-2621, 400, 916}, 0, {564, 831}, {90, 0, 90, 255} }},
	{{ {-2621, 650, 916}, 0, {564, 721}, {90, 0, 90, 255} }},
	{{ {-2637, 650, 933}, 0, {564, 721}, {90, 0, 90, 255} }},
	{{ {-2637, 400, 933}, 0, {564, 831}, {90, 0, 90, 255} }},
	{{ {-2514, 650, 1022}, 0, {429, 721}, {166, 0, 166, 255} }},
	{{ {-2514, 400, 1022}, 0, {429, 831}, {166, 0, 166, 255} }},
	{{ {-2531, 400, 1039}, 0, {429, 831}, {166, 0, 166, 255} }},
	{{ {-2531, 650, 1039}, 0, {429, 721}, {166, 0, 166, 255} }},
	{{ {-2514, 400, 1022}, 0, {429, 831}, {0, 127, 0, 255} }},
	{{ {-2621, 400, 916}, 0, {564, 831}, {0, 127, 0, 255} }},
	{{ {-2637, 400, 933}, 0, {564, 831}, {0, 127, 0, 255} }},
	{{ {-2531, 400, 1039}, 0, {429, 831}, {0, 127, 0, 255} }},
};

Gfx rbtcm_rbtcm_mesh_layer_1_tri_0[] = {
	gsSPVertex(rbtcm_rbtcm_mesh_layer_1_vtx_0 + 0, 30, 0),
	gsSP2Triangles(0, 1, 2, 0, 0, 2, 3, 0),
	gsSP2Triangles(4, 5, 6, 0, 4, 6, 7, 0),
	gsSP2Triangles(8, 9, 10, 0, 8, 10, 11, 0),
	gsSP2Triangles(12, 13, 14, 0, 15, 12, 14, 0),
	gsSP2Triangles(14, 16, 15, 0, 14, 17, 16, 0),
	gsSP2Triangles(16, 18, 15, 0, 16, 19, 18, 0),
	gsSP2Triangles(16, 20, 19, 0, 15, 21, 12, 0),
	gsSP2Triangles(22, 23, 24, 0, 22, 24, 25, 0),
	gsSP2Triangles(26, 27, 28, 0, 26, 28, 29, 0),
	gsSPVertex(rbtcm_rbtcm_mesh_layer_1_vtx_0 + 30, 32, 0),
	gsSP2Triangles(0, 1, 2, 0, 0, 2, 3, 0),
	gsSP2Triangles(4, 5, 6, 0, 4, 6, 7, 0),
	gsSP2Triangles(8, 9, 10, 0, 8, 10, 11, 0),
	gsSP2Triangles(12, 13, 14, 0, 12, 14, 15, 0),
	gsSP2Triangles(16, 17, 18, 0, 16, 18, 19, 0),
	gsSP2Triangles(18, 20, 19, 0, 16, 19, 21, 0),
	gsSP2Triangles(19, 22, 21, 0, 19, 23, 22, 0),
	gsSP2Triangles(24, 25, 26, 0, 24, 26, 27, 0),
	gsSP2Triangles(26, 28, 27, 0, 26, 7, 28, 0),
	gsSP1Triangle(29, 30, 31, 0),
	gsSPVertex(rbtcm_rbtcm_mesh_layer_1_vtx_0 + 62, 32, 0),
	gsSP2Triangles(0, 1, 2, 0, 3, 4, 5, 0),
	gsSP2Triangles(3, 5, 6, 0, 7, 8, 9, 0),
	gsSP2Triangles(7, 9, 10, 0, 11, 12, 13, 0),
	gsSP2Triangles(11, 13, 14, 0, 15, 16, 17, 0),
	gsSP2Triangles(15, 18, 16, 0, 18, 19, 16, 0),
	gsSP2Triangles(18, 20, 19, 0, 20, 21, 19, 0),
	gsSP2Triangles(20, 22, 21, 0, 23, 24, 25, 0),
	gsSP2Triangles(23, 26, 24, 0, 27, 26, 23, 0),
	gsSP2Triangles(27, 28, 26, 0, 29, 28, 27, 0),
	gsSP2Triangles(29, 30, 28, 0, 28, 30, 31, 0),
	gsSP1Triangle(28, 31, 26, 0),
	gsSPVertex(rbtcm_rbtcm_mesh_layer_1_vtx_0 + 94, 12, 0),
	gsSP2Triangles(0, 1, 2, 0, 0, 2, 3, 0),
	gsSP2Triangles(4, 5, 6, 0, 4, 6, 7, 0),
	gsSP2Triangles(8, 9, 10, 0, 8, 10, 11, 0),
	gsSPEndDisplayList(),
};

Vtx rbtcm_rbtcm_mesh_layer_1_vtx_1[38] = {
	{{ {-227, 0, -415}, 0, {-1040, 2032}, {0, 127, 0, 255} }},
	{{ {-227, 0, 415}, 0, {2032, 2032}, {0, 127, 0, 255} }},
	{{ {973, 0, 415}, 0, {2032, -1040}, {0, 127, 0, 255} }},
	{{ {973, 0, -415}, 0, {-1040, -1040}, {0, 127, 0, 255} }},
	{{ {-2009, 0, -1371}, 0, {-1040, 970}, {0, 127, 0, 255} }},
	{{ {-1188, 0, -1371}, 0, {2032, 970}, {0, 127, 0, 255} }},
	{{ {-1188, 0, -1555}, 0, {2032, 282}, {0, 127, 0, 255} }},
	{{ {-2009, 0, -1555}, 0, {-1040, 282}, {0, 127, 0, 255} }},
	{{ {-1673, 0, -1555}, 0, {215, 282}, {0, 127, 0, 255} }},
	{{ {-1523, 0, -1555}, 0, {777, 282}, {0, 127, 0, 255} }},
	{{ {-1523, 0, -1601}, 0, {777, 108}, {0, 127, 0, 255} }},
	{{ {-1673, 0, -1601}, 0, {215, 108}, {0, 127, 0, 255} }},
	{{ {-2621, 0, -916}, 0, {274, 1008}, {0, 127, 0, 255} }},
	{{ {-2514, 0, -1022}, 0, {274, -16}, {0, 127, 0, 255} }},
	{{ {-2544, 0, -1052}, 0, {-16, -16}, {0, 127, 0, 255} }},
	{{ {-2651, 0, -946}, 0, {-16, 1008}, {0, 127, 0, 255} }},
	{{ {-1188, 0, 1371}, 0, {2033, 43}, {0, 127, 0, 255} }},
	{{ {-2009, 0, 1371}, 0, {-1039, 43}, {0, 127, 0, 255} }},
	{{ {-2009, 0, 1555}, 0, {-1039, 732}, {0, 127, 0, 255} }},
	{{ {-1188, 0, 1555}, 0, {2033, 732}, {0, 127, 0, 255} }},
	{{ {-1675, 0, 1588}, 0, {209, 854}, {76, 73, 185, 255} }},
	{{ {-1525, 0, 1588}, 0, {770, 854}, {185, 74, 181, 255} }},
	{{ {-1523, 0, 1555}, 0, {777, 732}, {165, 88, 251, 255} }},
	{{ {-1673, 0, 1555}, 0, {216, 732}, {88, 91, 5, 255} }},
	{{ {-2504, 400, 584}, 0, {1735, -214}, {0, 127, 0, 255} }},
	{{ {-2303, 400, 1027}, 0, {-959, 684}, {0, 127, 0, 255} }},
	{{ {-2182, 400, 906}, 0, {-61, 1582}, {0, 127, 0, 255} }},
	{{ {-2625, 400, 705}, 0, {837, -1112}, {0, 127, 0, 255} }},
	{{ {-2729, 400, 808}, 0, {460, -1488}, {0, 127, 0, 255} }},
	{{ {-2406, 400, 1130}, 0, {-1336, 308}, {0, 127, 0, 255} }},
	{{ {-2384, 200, 463}, 0, {2633, 684}, {0, 127, 0, 255} }},
	{{ {-2625, 200, 705}, 0, {837, -1112}, {0, 127, 0, 255} }},
	{{ {-2303, 200, 1027}, 0, {-959, 684}, {0, 127, 0, 255} }},
	{{ {-2061, 200, 785}, 0, {837, 2480}, {0, 127, 0, 255} }},
	{{ {-2651, 0, -946}, 0, {2544, -16}, {90, 0, 90, 255} }},
	{{ {-2544, 0, -1052}, 0, {-1552, -16}, {90, 0, 90, 255} }},
	{{ {-2544, 250, -1052}, 0, {-528, -16}, {90, 0, 90, 255} }},
	{{ {-2651, 250, -946}, 0, {-1552, -16}, {90, 0, 90, 255} }},
};

Gfx rbtcm_rbtcm_mesh_layer_1_tri_1[] = {
	gsSPVertex(rbtcm_rbtcm_mesh_layer_1_vtx_1 + 0, 30, 0),
	gsSP2Triangles(0, 1, 2, 0, 0, 2, 3, 0),
	gsSP2Triangles(4, 5, 6, 0, 4, 6, 7, 0),
	gsSP2Triangles(8, 9, 10, 0, 8, 10, 11, 0),
	gsSP2Triangles(12, 13, 14, 0, 12, 14, 15, 0),
	gsSP2Triangles(16, 17, 18, 0, 16, 18, 19, 0),
	gsSP2Triangles(20, 21, 22, 0, 20, 22, 23, 0),
	gsSP2Triangles(24, 25, 26, 0, 24, 27, 25, 0),
	gsSP2Triangles(25, 27, 28, 0, 25, 28, 29, 0),
	gsSPVertex(rbtcm_rbtcm_mesh_layer_1_vtx_1 + 30, 8, 0),
	gsSP2Triangles(0, 1, 2, 0, 0, 2, 3, 0),
	gsSP2Triangles(4, 5, 6, 0, 4, 6, 7, 0),
	gsSPEndDisplayList(),
};

Vtx rbtcm_rbtcm_mesh_layer_1_vtx_2[16] = {
	{{ {973, 0, -315}, 0, {1977, 986}, {207, 0, 117, 255} }},
	{{ {973, 873, -315}, 0, {1977, -506}, {207, 0, 117, 255} }},
	{{ {903, 873, -344}, 0, {1008, -506}, {207, 0, 117, 255} }},
	{{ {903, 0, -344}, 0, {1008, 986}, {207, 0, 117, 255} }},
	{{ {903, 0, -344}, 0, {1008, 986}, {139, 0, 49, 255} }},
	{{ {903, 873, -344}, 0, {1008, -506}, {139, 0, 49, 255} }},
	{{ {873, 873, -415}, 0, {39, -506}, {139, 0, 49, 255} }},
	{{ {873, 0, -415}, 0, {39, 986}, {139, 0, 49, 255} }},
	{{ {973, 0, 315}, 0, {1977, 986}, {207, 0, 139, 255} }},
	{{ {903, 0, 344}, 0, {1008, 986}, {207, 0, 139, 255} }},
	{{ {903, 873, 344}, 0, {1008, -506}, {207, 0, 139, 255} }},
	{{ {973, 873, 315}, 0, {1977, -506}, {207, 0, 139, 255} }},
	{{ {903, 0, 344}, 0, {1008, 986}, {139, 0, 207, 255} }},
	{{ {873, 0, 415}, 0, {39, 986}, {139, 0, 207, 255} }},
	{{ {873, 873, 415}, 0, {39, -506}, {139, 0, 207, 255} }},
	{{ {903, 873, 344}, 0, {1008, -506}, {139, 0, 207, 255} }},
};

Gfx rbtcm_rbtcm_mesh_layer_1_tri_2[] = {
	gsSPVertex(rbtcm_rbtcm_mesh_layer_1_vtx_2 + 0, 16, 0),
	gsSP2Triangles(0, 1, 2, 0, 0, 2, 3, 0),
	gsSP2Triangles(4, 5, 6, 0, 4, 6, 7, 0),
	gsSP2Triangles(8, 9, 10, 0, 8, 10, 11, 0),
	gsSP2Triangles(12, 13, 14, 0, 12, 14, 15, 0),
	gsSPEndDisplayList(),
};

Vtx rbtcm_rbtcm_mesh_layer_1_vtx_3[58] = {
	{{ {-2969, 0, 568}, 0, {-13, 2042}, {117, 0, 207, 255} }},
	{{ {-2969, 0, -568}, 0, {989, 2042}, {117, 0, 49, 255} }},
	{{ {-2969, 2319, -568}, 0, {989, -5}, {117, 0, 49, 255} }},
	{{ {-2969, 2319, 568}, 0, {-13, -5}, {117, 0, 207, 255} }},
	{{ {-227, 0, 568}, 0, {-13, 2042}, {139, 0, 207, 255} }},
	{{ {-1030, 0, 1371}, 0, {989, 2042}, {207, 0, 139, 255} }},
	{{ {-1030, 2319, 1371}, 0, {989, -5}, {207, 0, 139, 255} }},
	{{ {-227, 2319, 568}, 0, {-13, -5}, {139, 0, 207, 255} }},
	{{ {-1030, 0, -1371}, 0, {-13, 2042}, {207, 0, 117, 255} }},
	{{ {-227, 0, -568}, 0, {989, 2042}, {139, 0, 49, 255} }},
	{{ {-227, 2319, -568}, 0, {989, -5}, {139, 0, 49, 255} }},
	{{ {-1030, 2319, -1371}, 0, {-13, -5}, {207, 0, 117, 255} }},
	{{ {-227, 0, -568}, 0, {-3, 2032}, {139, 0, 49, 255} }},
	{{ {-227, 0, -415}, 0, {133, 2032}, {129, 0, 0, 255} }},
	{{ {-227, 713, -415}, 0, {133, 1402}, {129, 0, 0, 255} }},
	{{ {-227, 2319, -568}, 0, {-3, -16}, {139, 0, 49, 255} }},
	{{ {-227, 2319, 568}, 0, {1000, -16}, {139, 0, 207, 255} }},
	{{ {-227, 873, -196}, 0, {326, 1261}, {129, 0, 0, 255} }},
	{{ {-227, 873, 196}, 0, {672, 1261}, {129, 0, 0, 255} }},
	{{ {-227, 713, 415}, 0, {865, 1402}, {129, 0, 0, 255} }},
	{{ {-227, 0, 415}, 0, {865, 2032}, {129, 0, 0, 255} }},
	{{ {-227, 0, 568}, 0, {1000, 2032}, {139, 0, 207, 255} }},
	{{ {-1188, 756, -1371}, 0, {851, 1375}, {0, 0, 127, 255} }},
	{{ {-1188, 0, -1371}, 0, {851, 2042}, {0, 0, 127, 255} }},
	{{ {-1030, 0, -1371}, 0, {989, 2042}, {207, 0, 117, 255} }},
	{{ {-1030, 2319, -1371}, 0, {989, -5}, {207, 0, 117, 255} }},
	{{ {-2166, 2319, -1371}, 0, {-13, -5}, {49, 0, 117, 255} }},
	{{ {-2009, 756, -1371}, 0, {126, 1375}, {0, 0, 127, 255} }},
	{{ {-2009, 0, -1371}, 0, {126, 2042}, {0, 0, 127, 255} }},
	{{ {-2166, 0, -1371}, 0, {-13, 2042}, {49, 0, 117, 255} }},
	{{ {-1188, 0, 1371}, 0, {128, 2032}, {0, 0, 129, 255} }},
	{{ {-1030, 2319, 1371}, 0, {-11, -16}, {207, 0, 139, 255} }},
	{{ {-1030, 0, 1371}, 0, {-11, 2032}, {207, 0, 139, 255} }},
	{{ {-1188, 756, 1371}, 0, {128, 1364}, {0, 216, 136, 255} }},
	{{ {-2166, 2319, 1371}, 0, {992, -16}, {49, 0, 139, 255} }},
	{{ {-2009, 756, 1371}, 0, {853, 1364}, {0, 216, 136, 255} }},
	{{ {-2166, 0, 1371}, 0, {992, 2032}, {49, 0, 139, 255} }},
	{{ {-2009, 0, 1371}, 0, {853, 2032}, {0, 0, 129, 255} }},
	{{ {-2637, 650, 933}, 0, {564, 1458}, {63, 166, 193, 255} }},
	{{ {-2531, 400, 1039}, 0, {429, 1679}, {90, 0, 166, 255} }},
	{{ {-2637, 400, 933}, 0, {564, 1679}, {90, 0, 166, 255} }},
	{{ {-2531, 650, 1039}, 0, {429, 1458}, {63, 166, 193, 255} }},
	{{ {-2621, 650, 916}, 0, {564, 1458}, {85, 216, 171, 255} }},
	{{ {-2514, 650, 1022}, 0, {429, 1458}, {85, 216, 171, 255} }},
	{{ {-2969, 2319, 568}, 0, {1007, -16}, {117, 0, 207, 255} }},
	{{ {-2969, 0, 568}, 0, {1007, 2032}, {117, 0, 207, 255} }},
	{{ {-2621, 400, 916}, 0, {564, 1679}, {90, 0, 166, 255} }},
	{{ {-2166, 0, 1371}, 0, {-14, 2032}, {49, 0, 139, 255} }},
	{{ {-2514, 400, 1022}, 0, {429, 1679}, {90, 0, 166, 255} }},
	{{ {-2166, 2319, 1371}, 0, {-14, -16}, {49, 0, 139, 255} }},
	{{ {-2514, 250, -1022}, 0, {554, 1822}, {54, 218, 108, 255} }},
	{{ {-2514, 0, -1022}, 0, {554, 2042}, {0, 0, 127, 255} }},
	{{ {-2166, 0, -1371}, 0, {989, 2042}, {49, 0, 117, 255} }},
	{{ {-2166, 2319, -1371}, 0, {989, -5}, {49, 0, 117, 255} }},
	{{ {-2969, 2319, -568}, 0, {-13, -5}, {117, 0, 49, 255} }},
	{{ {-2621, 250, -916}, 0, {422, 1822}, {108, 218, 54, 255} }},
	{{ {-2969, 0, -568}, 0, {-13, 2042}, {117, 0, 49, 255} }},
	{{ {-2621, 0, -916}, 0, {422, 2042}, {127, 0, 0, 255} }},
};

Gfx rbtcm_rbtcm_mesh_layer_1_tri_3[] = {
	gsSPVertex(rbtcm_rbtcm_mesh_layer_1_vtx_3 + 0, 30, 0),
	gsSP2Triangles(0, 1, 2, 0, 0, 2, 3, 0),
	gsSP2Triangles(4, 5, 6, 0, 4, 6, 7, 0),
	gsSP2Triangles(8, 9, 10, 0, 8, 10, 11, 0),
	gsSP2Triangles(12, 13, 14, 0, 15, 12, 14, 0),
	gsSP2Triangles(16, 15, 14, 0, 16, 14, 17, 0),
	gsSP2Triangles(17, 18, 16, 0, 18, 19, 16, 0),
	gsSP2Triangles(19, 20, 16, 0, 20, 21, 16, 0),
	gsSP2Triangles(22, 23, 24, 0, 22, 24, 25, 0),
	gsSP2Triangles(22, 25, 26, 0, 26, 27, 22, 0),
	gsSP2Triangles(26, 28, 27, 0, 26, 29, 28, 0),
	gsSPVertex(rbtcm_rbtcm_mesh_layer_1_vtx_3 + 30, 28, 0),
	gsSP2Triangles(0, 1, 2, 0, 0, 3, 1, 0),
	gsSP2Triangles(3, 4, 1, 0, 3, 5, 4, 0),
	gsSP2Triangles(5, 6, 4, 0, 5, 7, 6, 0),
	gsSP2Triangles(8, 9, 10, 0, 8, 11, 9, 0),
	gsSP2Triangles(12, 11, 8, 0, 12, 13, 11, 0),
	gsSP2Triangles(13, 12, 14, 0, 12, 15, 14, 0),
	gsSP2Triangles(12, 16, 15, 0, 16, 17, 15, 0),
	gsSP2Triangles(16, 18, 17, 0, 18, 19, 17, 0),
	gsSP2Triangles(18, 13, 19, 0, 13, 14, 19, 0),
	gsSP2Triangles(20, 21, 22, 0, 22, 23, 20, 0),
	gsSP2Triangles(23, 24, 20, 0, 25, 20, 24, 0),
	gsSP2Triangles(24, 26, 25, 0, 26, 27, 25, 0),
	gsSPEndDisplayList(),
};

Vtx rbtcm_rbtcm_mesh_layer_1_vtx_4[8] = {
	{{ {-1030, 0, -1371}, 0, {-3321, -8719}, {0, 127, 0, 255} }},
	{{ {-2166, 0, -1371}, 0, {4313, -8719}, {0, 127, 0, 255} }},
	{{ {-2969, 0, -568}, 0, {9711, -3321}, {0, 127, 0, 255} }},
	{{ {-2166, 0, 1371}, 0, {4313, 9711}, {0, 127, 0, 255} }},
	{{ {-2969, 0, 568}, 0, {9711, 4313}, {0, 127, 0, 255} }},
	{{ {-227, 0, 568}, 0, {-8719, 4313}, {0, 127, 0, 255} }},
	{{ {-1030, 0, 1371}, 0, {-3321, 9711}, {0, 127, 0, 255} }},
	{{ {-227, 0, -568}, 0, {-8719, -3321}, {0, 127, 0, 255} }},
};

Gfx rbtcm_rbtcm_mesh_layer_1_tri_4[] = {
	gsSPVertex(rbtcm_rbtcm_mesh_layer_1_vtx_4 + 0, 8, 0),
	gsSP2Triangles(0, 1, 2, 0, 0, 2, 3, 0),
	gsSP2Triangles(2, 4, 3, 0, 3, 5, 0, 0),
	gsSP2Triangles(3, 6, 5, 0, 5, 7, 0, 0),
	gsSPEndDisplayList(),
};

Vtx rbtcm_rbtcm_mesh_layer_1_vtx_5[62] = {
	{{ {-1818, 0, -530}, 0, {2032, 2032}, {0, 0, 129, 255} }},
	{{ {-1818, 1148, -530}, 0, {2032, -2064}, {0, 0, 129, 255} }},
	{{ {-1379, 1148, -530}, 0, {-16, -2064}, {0, 0, 129, 255} }},
	{{ {-1379, 0, -530}, 0, {-16, 2032}, {0, 0, 129, 255} }},
	{{ {-1068, 0, -220}, 0, {-16, 2032}, {90, 0, 166, 255} }},
	{{ {-1379, 0, -530}, 0, {2032, 2032}, {90, 0, 166, 255} }},
	{{ {-1379, 1148, -530}, 0, {2032, -2064}, {90, 0, 166, 255} }},
	{{ {-1068, 574, -220}, 0, {-16, -16}, {90, 0, 166, 255} }},
	{{ {-1068, 1148, -220}, 0, {-16, -2064}, {90, 0, 166, 255} }},
	{{ {-1379, 0, 530}, 0, {-16, 2032}, {90, 0, 90, 255} }},
	{{ {-1068, 0, 220}, 0, {2032, 2032}, {90, 0, 90, 255} }},
	{{ {-1068, 574, 220}, 0, {2032, -16}, {90, 0, 90, 255} }},
	{{ {-1379, 1148, 530}, 0, {-16, -2064}, {90, 0, 90, 255} }},
	{{ {-1068, 1148, 220}, 0, {2032, -2064}, {90, 0, 90, 255} }},
	{{ {-1379, 0, 530}, 0, {2032, 2032}, {0, 0, 127, 255} }},
	{{ {-1379, 1148, 530}, 0, {2032, -2064}, {0, 0, 127, 255} }},
	{{ {-1818, 1148, 530}, 0, {-16, -2064}, {0, 0, 127, 255} }},
	{{ {-1818, 0, 530}, 0, {-16, 2032}, {0, 0, 127, 255} }},
	{{ {-1818, 0, 530}, 0, {2032, 2032}, {166, 0, 90, 255} }},
	{{ {-1818, 1148, 530}, 0, {2032, -2064}, {166, 0, 90, 255} }},
	{{ {-2128, 1148, 220}, 0, {-16, -2064}, {166, 0, 90, 255} }},
	{{ {-2128, 0, 220}, 0, {-16, 2032}, {166, 0, 90, 255} }},
	{{ {-2128, 0, 220}, 0, {2032, 2032}, {129, 0, 0, 255} }},
	{{ {-2128, 1148, 220}, 0, {2032, -2064}, {129, 0, 0, 255} }},
	{{ {-2128, 1148, -220}, 0, {-16, -2064}, {129, 0, 0, 255} }},
	{{ {-2128, 0, -220}, 0, {-16, 2032}, {129, 0, 0, 255} }},
	{{ {-2128, 0, -220}, 0, {2032, 2032}, {166, 0, 166, 255} }},
	{{ {-2128, 1148, -220}, 0, {2032, -2064}, {166, 0, 166, 255} }},
	{{ {-1818, 1148, -530}, 0, {-16, -2064}, {166, 0, 166, 255} }},
	{{ {-1818, 0, -530}, 0, {-16, 2032}, {166, 0, 166, 255} }},
	{{ {-853, 0, -1028}, 0, {2032, 2032}, {166, 0, 90, 255} }},
	{{ {-571, 0, -745}, 0, {-1040, 2032}, {166, 0, 90, 255} }},
	{{ {-571, 400, -745}, 0, {-1040, -2064}, {166, 0, 90, 255} }},
	{{ {-853, 400, -1028}, 0, {2032, -2064}, {166, 0, 90, 255} }},
	{{ {-895, 0, 1069}, 0, {2032, 2032}, {166, 0, 166, 255} }},
	{{ {-895, 400, 1069}, 0, {2032, -2064}, {166, 0, 166, 255} }},
	{{ {-613, 400, 787}, 0, {-1040, -2064}, {166, 0, 166, 255} }},
	{{ {-613, 0, 787}, 0, {-1040, 2032}, {166, 0, 166, 255} }},
	{{ {-2625, 200, 705}, 0, {1008, 1936}, {166, 0, 166, 255} }},
	{{ {-2625, 400, 705}, 0, {1008, 912}, {166, 0, 166, 255} }},
	{{ {-2504, 400, 584}, 0, {-16, 912}, {166, 0, 166, 255} }},
	{{ {-2504, 200, 584}, 0, {-16, 1936}, {166, 0, 166, 255} }},
	{{ {-2504, 200, 584}, 0, {2032, 1936}, {90, 0, 166, 255} }},
	{{ {-2504, 400, 584}, 0, {2032, 912}, {90, 0, 166, 255} }},
	{{ {-2182, 400, 906}, 0, {-16, 912}, {90, 0, 166, 255} }},
	{{ {-2182, 200, 906}, 0, {-16, 1936}, {90, 0, 166, 255} }},
	{{ {-2182, 200, 906}, 0, {1008, 1936}, {90, 0, 90, 255} }},
	{{ {-2182, 400, 906}, 0, {1008, 912}, {90, 0, 90, 255} }},
	{{ {-2303, 400, 1027}, 0, {-16, 912}, {90, 0, 90, 255} }},
	{{ {-2303, 200, 1027}, 0, {-16, 1936}, {90, 0, 90, 255} }},
	{{ {-2625, 0, 705}, 0, {2032, 1936}, {166, 0, 166, 255} }},
	{{ {-2625, 200, 705}, 0, {2032, 912}, {166, 0, 166, 255} }},
	{{ {-2384, 200, 463}, 0, {-16, 912}, {166, 0, 166, 255} }},
	{{ {-2384, 0, 463}, 0, {-16, 1936}, {166, 0, 166, 255} }},
	{{ {-2384, 0, 463}, 0, {2032, 1936}, {90, 0, 166, 255} }},
	{{ {-2384, 200, 463}, 0, {2032, 912}, {90, 0, 166, 255} }},
	{{ {-2061, 200, 785}, 0, {-16, 912}, {90, 0, 166, 255} }},
	{{ {-2061, 0, 785}, 0, {-16, 1936}, {90, 0, 166, 255} }},
	{{ {-2061, 0, 785}, 0, {2032, 1936}, {90, 0, 90, 255} }},
	{{ {-2061, 200, 785}, 0, {2032, 912}, {90, 0, 90, 255} }},
	{{ {-2303, 200, 1027}, 0, {-16, 912}, {90, 0, 90, 255} }},
	{{ {-2303, 0, 1027}, 0, {-16, 1936}, {90, 0, 90, 255} }},
};

Gfx rbtcm_rbtcm_mesh_layer_1_tri_5[] = {
	gsSPVertex(rbtcm_rbtcm_mesh_layer_1_vtx_5 + 0, 30, 0),
	gsSP2Triangles(0, 1, 2, 0, 0, 2, 3, 0),
	gsSP2Triangles(4, 5, 6, 0, 6, 7, 4, 0),
	gsSP2Triangles(6, 8, 7, 0, 9, 10, 11, 0),
	gsSP2Triangles(11, 12, 9, 0, 11, 13, 12, 0),
	gsSP2Triangles(14, 15, 16, 0, 14, 16, 17, 0),
	gsSP2Triangles(18, 19, 20, 0, 18, 20, 21, 0),
	gsSP2Triangles(22, 23, 24, 0, 22, 24, 25, 0),
	gsSP2Triangles(26, 27, 28, 0, 26, 28, 29, 0),
	gsSPVertex(rbtcm_rbtcm_mesh_layer_1_vtx_5 + 30, 32, 0),
	gsSP2Triangles(0, 1, 2, 0, 0, 2, 3, 0),
	gsSP2Triangles(4, 5, 6, 0, 4, 6, 7, 0),
	gsSP2Triangles(8, 9, 10, 0, 8, 10, 11, 0),
	gsSP2Triangles(12, 13, 14, 0, 12, 14, 15, 0),
	gsSP2Triangles(16, 17, 18, 0, 16, 18, 19, 0),
	gsSP2Triangles(20, 21, 22, 0, 20, 22, 23, 0),
	gsSP2Triangles(24, 25, 26, 0, 24, 26, 27, 0),
	gsSP2Triangles(28, 29, 30, 0, 28, 30, 31, 0),
	gsSPEndDisplayList(),
};

Vtx rbtcm_rbtcm_mesh_layer_1_vtx_6[46] = {
	{{ {-1068, 0, -220}, 0, {1, -2064}, {127, 0, 0, 255} }},
	{{ {-1068, 574, -220}, 0, {1, -16}, {127, 0, 0, 255} }},
	{{ {-1068, 1148, -220}, 0, {1, 2032}, {127, 0, 0, 255} }},
	{{ {-1068, 491, -175}, 0, {102, -310}, {127, 0, 0, 255} }},
	{{ {-1068, 780, -143}, 0, {243, 825}, {127, 0, 0, 255} }},
	{{ {-1068, 1066, -143}, 0, {243, 1632}, {127, 0, 0, 255} }},
	{{ {-1068, 1066, 143}, 0, {757, 1632}, {127, 0, 0, 255} }},
	{{ {-1068, 1148, 220}, 0, {999, 2032}, {127, 0, 0, 255} }},
	{{ {-1068, 780, 143}, 0, {757, 825}, {127, 0, 0, 255} }},
	{{ {-1068, 574, 220}, 0, {999, -16}, {127, 0, 0, 255} }},
	{{ {-1068, 491, 175}, 0, {898, -310}, {127, 0, 0, 255} }},
	{{ {-1068, 143, 175}, 0, {898, -1553}, {127, 0, 0, 255} }},
	{{ {-1068, 0, 220}, 0, {999, -2064}, {127, 0, 0, 255} }},
	{{ {-1068, 143, -175}, 0, {102, -1553}, {127, 0, 0, 255} }},
	{{ {-770, 0, -1111}, 0, {923, 2032}, {166, 0, 166, 255} }},
	{{ {-853, 0, -1028}, 0, {129, 2032}, {166, 0, 166, 255} }},
	{{ {-853, 400, -1028}, 0, {129, 1098}, {166, 0, 166, 255} }},
	{{ {-770, 400, -1111}, 0, {923, 1098}, {166, 0, 166, 255} }},
	{{ {-488, 400, -828}, 0, {923, -16}, {0, 127, 0, 255} }},
	{{ {-770, 400, -1111}, 0, {923, 1098}, {0, 127, 0, 255} }},
	{{ {-853, 400, -1028}, 0, {129, 1098}, {0, 127, 0, 255} }},
	{{ {-571, 400, -745}, 0, {129, -16}, {0, 127, 0, 255} }},
	{{ {-488, 0, -828}, 0, {923, 2032}, {90, 0, 90, 255} }},
	{{ {-488, 400, -828}, 0, {923, 1098}, {90, 0, 90, 255} }},
	{{ {-571, 400, -745}, 0, {129, 1098}, {90, 0, 90, 255} }},
	{{ {-571, 0, -745}, 0, {129, 2032}, {90, 0, 90, 255} }},
	{{ {-812, 0, 1152}, 0, {923, 2032}, {166, 0, 90, 255} }},
	{{ {-812, 400, 1152}, 0, {923, 1098}, {166, 0, 90, 255} }},
	{{ {-895, 400, 1069}, 0, {129, 1098}, {166, 0, 90, 255} }},
	{{ {-895, 0, 1069}, 0, {129, 2032}, {166, 0, 90, 255} }},
	{{ {-530, 400, 870}, 0, {923, -16}, {0, 127, 0, 255} }},
	{{ {-613, 400, 787}, 0, {129, -16}, {0, 127, 0, 255} }},
	{{ {-895, 400, 1069}, 0, {129, 1098}, {0, 127, 0, 255} }},
	{{ {-812, 400, 1152}, 0, {923, 1098}, {0, 127, 0, 255} }},
	{{ {-530, 0, 870}, 0, {923, 2032}, {90, 0, 166, 255} }},
	{{ {-613, 0, 787}, 0, {129, 2032}, {90, 0, 166, 255} }},
	{{ {-613, 400, 787}, 0, {129, 1098}, {90, 0, 166, 255} }},
	{{ {-530, 400, 870}, 0, {923, 1098}, {90, 0, 166, 255} }},
	{{ {-2303, 400, 1027}, 0, {-16, 2032}, {90, 0, 90, 255} }},
	{{ {-2406, 400, 1130}, 0, {1008, 2032}, {90, 0, 90, 255} }},
	{{ {-2406, 0, 1130}, 0, {1008, -16}, {90, 0, 90, 255} }},
	{{ {-2303, 0, 1027}, 0, {-16, -16}, {90, 0, 90, 255} }},
	{{ {-2729, 400, 808}, 0, {-16, 2032}, {166, 0, 166, 255} }},
	{{ {-2625, 400, 705}, 0, {1008, 2032}, {166, 0, 166, 255} }},
	{{ {-2625, 0, 705}, 0, {1008, -16}, {166, 0, 166, 255} }},
	{{ {-2729, 0, 808}, 0, {-16, -16}, {166, 0, 166, 255} }},
};

Gfx rbtcm_rbtcm_mesh_layer_1_tri_6[] = {
	gsSPVertex(rbtcm_rbtcm_mesh_layer_1_vtx_6 + 0, 30, 0),
	gsSP2Triangles(0, 1, 2, 0, 3, 0, 2, 0),
	gsSP2Triangles(3, 2, 4, 0, 2, 5, 4, 0),
	gsSP2Triangles(6, 5, 2, 0, 6, 2, 7, 0),
	gsSP2Triangles(8, 6, 7, 0, 8, 7, 9, 0),
	gsSP2Triangles(8, 9, 3, 0, 9, 10, 3, 0),
	gsSP2Triangles(11, 10, 9, 0, 11, 9, 12, 0),
	gsSP2Triangles(11, 12, 13, 0, 12, 0, 13, 0),
	gsSP2Triangles(3, 13, 0, 0, 3, 4, 8, 0),
	gsSP2Triangles(14, 15, 16, 0, 14, 16, 17, 0),
	gsSP2Triangles(18, 19, 20, 0, 18, 20, 21, 0),
	gsSP2Triangles(22, 23, 24, 0, 22, 24, 25, 0),
	gsSP2Triangles(26, 27, 28, 0, 26, 28, 29, 0),
	gsSPVertex(rbtcm_rbtcm_mesh_layer_1_vtx_6 + 30, 16, 0),
	gsSP2Triangles(0, 1, 2, 0, 0, 2, 3, 0),
	gsSP2Triangles(4, 5, 6, 0, 4, 6, 7, 0),
	gsSP2Triangles(8, 9, 10, 0, 8, 10, 11, 0),
	gsSP2Triangles(12, 13, 14, 0, 12, 14, 15, 0),
	gsSPEndDisplayList(),
};

Vtx rbtcm_rbtcm_mesh_layer_1_vtx_7[4] = {
	{{ {-2935, 194, -95}, 0, {1398, 538}, {127, 0, 0, 255} }},
	{{ {-2935, 228, -95}, 0, {1398, -684}, {127, 0, 0, 255} }},
	{{ {-2935, 228, 95}, 0, {-740, -684}, {127, 0, 0, 255} }},
	{{ {-2935, 194, 95}, 0, {-740, 538}, {127, 0, 0, 255} }},
};

Gfx rbtcm_rbtcm_mesh_layer_1_tri_7[] = {
	gsSPVertex(rbtcm_rbtcm_mesh_layer_1_vtx_7 + 0, 4, 0),
	gsSP2Triangles(0, 1, 2, 0, 0, 2, 3, 0),
	gsSPEndDisplayList(),
};

Vtx rbtcm_rbtcm_mesh_layer_1_vtx_8[60] = {
	{{ {-2924, 0, -170}, 0, {79, 1517}, {0, 0, 129, 255} }},
	{{ {-2924, 86, -170}, 0, {79, 474}, {0, 0, 129, 255} }},
	{{ {-2635, 86, -170}, 0, {3566, 474}, {0, 0, 129, 255} }},
	{{ {-2635, 0, -170}, 0, {3566, 1517}, {0, 0, 129, 255} }},
	{{ {-2635, 0, -170}, 0, {3595, 1517}, {127, 0, 0, 255} }},
	{{ {-2635, 86, -170}, 0, {3595, 474}, {127, 0, 0, 255} }},
	{{ {-2635, 86, 170}, 0, {-501, 474}, {127, 0, 0, 255} }},
	{{ {-2635, 0, 170}, 0, {-501, 1517}, {127, 0, 0, 255} }},
	{{ {-2635, 0, 170}, 0, {3566, 1517}, {0, 0, 127, 255} }},
	{{ {-2635, 86, 170}, 0, {3566, 474}, {0, 0, 127, 255} }},
	{{ {-2924, 86, 170}, 0, {79, 474}, {0, 0, 127, 255} }},
	{{ {-2924, 0, 170}, 0, {79, 1517}, {0, 0, 127, 255} }},
	{{ {-2685, 86, 119}, 0, {-1080, 1515}, {0, 127, 0, 255} }},
	{{ {-2924, 86, 119}, 0, {-1080, -559}, {0, 127, 0, 255} }},
	{{ {-2924, 86, 170}, 0, {-2024, -559}, {0, 127, 0, 255} }},
	{{ {-2635, 86, 170}, 0, {-2024, 1987}, {0, 127, 0, 255} }},
	{{ {-2685, 86, -119}, 0, {3597, 1515}, {0, 127, 0, 255} }},
	{{ {-2635, 86, -170}, 0, {4541, 1987}, {0, 127, 0, 255} }},
	{{ {-2924, 86, -119}, 0, {3597, -559}, {0, 127, 0, 255} }},
	{{ {-2924, 86, -170}, 0, {4541, -559}, {0, 127, 0, 255} }},
	{{ {-2685, 29, 119}, 0, {-2205, 1162}, {129, 0, 0, 255} }},
	{{ {-2685, 86, 119}, 0, {-2205, 474}, {129, 0, 0, 255} }},
	{{ {-2685, 86, -119}, 0, {3554, 474}, {129, 0, 0, 255} }},
	{{ {-2685, 29, -119}, 0, {3554, 1162}, {129, 0, 0, 255} }},
	{{ {-2685, 29, -119}, 0, {4167, 1162}, {0, 0, 127, 255} }},
	{{ {-2685, 86, -119}, 0, {4167, 474}, {0, 0, 127, 255} }},
	{{ {-2924, 86, -119}, 0, {-1592, 474}, {0, 0, 127, 255} }},
	{{ {-2924, 29, -119}, 0, {-1592, 1162}, {0, 0, 127, 255} }},
	{{ {-2924, 29, 119}, 0, {-1592, 1162}, {0, 0, 129, 255} }},
	{{ {-2924, 86, 119}, 0, {-1592, 474}, {0, 0, 129, 255} }},
	{{ {-2685, 86, 119}, 0, {4167, 474}, {0, 0, 129, 255} }},
	{{ {-2685, 29, 119}, 0, {4167, 1162}, {0, 0, 129, 255} }},
	{{ {-2969, 0, -170}, 0, {-1040, 496}, {0, 0, 129, 255} }},
	{{ {-2969, 264, -170}, 0, {3056, 496}, {0, 0, 129, 255} }},
	{{ {-2924, 264, -170}, 0, {3056, -16}, {0, 0, 129, 255} }},
	{{ {-2924, 0, -170}, 0, {-1040, -16}, {0, 0, 129, 255} }},
	{{ {-2924, 228, -95}, 0, {2812, -684}, {0, 129, 0, 255} }},
	{{ {-2924, 228, 95}, 0, {-1464, -684}, {0, 129, 0, 255} }},
	{{ {-2935, 228, 95}, 0, {-1464, -684}, {0, 129, 0, 255} }},
	{{ {-2935, 228, -95}, 0, {2812, -684}, {0, 129, 0, 255} }},
	{{ {-2924, 0, 170}, 0, {-1040, 496}, {0, 0, 127, 255} }},
	{{ {-2924, 264, 170}, 0, {3056, 496}, {0, 0, 127, 255} }},
	{{ {-2969, 264, 170}, 0, {3056, -16}, {0, 0, 127, 255} }},
	{{ {-2969, 0, 170}, 0, {-1040, -16}, {0, 0, 127, 255} }},
	{{ {-2924, 264, -170}, 0, {-1040, -16}, {0, 127, 0, 255} }},
	{{ {-2969, 264, -170}, 0, {-1040, 496}, {0, 127, 0, 255} }},
	{{ {-2969, 264, 170}, 0, {3056, 496}, {0, 127, 0, 255} }},
	{{ {-2924, 264, 170}, 0, {3056, -16}, {0, 127, 0, 255} }},
	{{ {-2924, 194, -95}, 0, {2812, 538}, {0, 0, 127, 255} }},
	{{ {-2924, 228, -95}, 0, {2812, -684}, {0, 0, 127, 255} }},
	{{ {-2935, 228, -95}, 0, {2812, -684}, {0, 0, 127, 255} }},
	{{ {-2935, 194, -95}, 0, {2812, 538}, {0, 0, 127, 255} }},
	{{ {-2924, 228, 95}, 0, {-1464, -684}, {0, 0, 129, 255} }},
	{{ {-2924, 194, 95}, 0, {-1464, 538}, {0, 0, 129, 255} }},
	{{ {-2935, 194, 95}, 0, {-1464, 538}, {0, 0, 129, 255} }},
	{{ {-2935, 228, 95}, 0, {-1464, -684}, {0, 0, 129, 255} }},
	{{ {-2924, 194, 95}, 0, {-1464, 538}, {0, 127, 0, 255} }},
	{{ {-2924, 194, -95}, 0, {2812, 538}, {0, 127, 0, 255} }},
	{{ {-2935, 194, -95}, 0, {2812, 538}, {0, 127, 0, 255} }},
	{{ {-2935, 194, 95}, 0, {-1464, 538}, {0, 127, 0, 255} }},
};

Gfx rbtcm_rbtcm_mesh_layer_1_tri_8[] = {
	gsSPVertex(rbtcm_rbtcm_mesh_layer_1_vtx_8 + 0, 32, 0),
	gsSP2Triangles(0, 1, 2, 0, 0, 2, 3, 0),
	gsSP2Triangles(4, 5, 6, 0, 4, 6, 7, 0),
	gsSP2Triangles(8, 9, 10, 0, 8, 10, 11, 0),
	gsSP2Triangles(12, 13, 14, 0, 12, 14, 15, 0),
	gsSP2Triangles(15, 16, 12, 0, 15, 17, 16, 0),
	gsSP2Triangles(18, 16, 17, 0, 18, 17, 19, 0),
	gsSP2Triangles(20, 21, 22, 0, 20, 22, 23, 0),
	gsSP2Triangles(24, 25, 26, 0, 24, 26, 27, 0),
	gsSP2Triangles(28, 29, 30, 0, 28, 30, 31, 0),
	gsSPVertex(rbtcm_rbtcm_mesh_layer_1_vtx_8 + 32, 28, 0),
	gsSP2Triangles(0, 1, 2, 0, 0, 2, 3, 0),
	gsSP2Triangles(4, 5, 6, 0, 4, 6, 7, 0),
	gsSP2Triangles(8, 9, 10, 0, 8, 10, 11, 0),
	gsSP2Triangles(12, 13, 14, 0, 12, 14, 15, 0),
	gsSP2Triangles(16, 17, 18, 0, 16, 18, 19, 0),
	gsSP2Triangles(20, 21, 22, 0, 20, 22, 23, 0),
	gsSP2Triangles(24, 25, 26, 0, 24, 26, 27, 0),
	gsSPEndDisplayList(),
};

Vtx rbtcm_rbtcm_mesh_layer_1_vtx_9[32] = {
	{{ {-2514, 250, -1022}, 0, {-528, 1008}, {54, 218, 108, 255} }},
	{{ {-2621, 250, -916}, 0, {1520, 1008}, {108, 218, 54, 255} }},
	{{ {-2651, 250, -946}, 0, {1520, -16}, {63, 166, 193, 255} }},
	{{ {-2544, 250, -1052}, 0, {-528, -16}, {193, 166, 63, 255} }},
	{{ {-1068, 1148, -220}, 0, {1351, -1569}, {0, 127, 0, 255} }},
	{{ {-1379, 1148, -530}, 0, {2561, -359}, {0, 127, 0, 255} }},
	{{ {-1818, 1148, -530}, 0, {2561, 1351}, {0, 127, 0, 255} }},
	{{ {-2128, 1148, 220}, 0, {-359, 2561}, {0, 127, 0, 255} }},
	{{ {-2128, 1148, -220}, 0, {1351, 2561}, {0, 127, 0, 255} }},
	{{ {-1379, 1148, 530}, 0, {-1569, -359}, {0, 127, 0, 255} }},
	{{ {-1818, 1148, 530}, 0, {-1569, 1351}, {0, 127, 0, 255} }},
	{{ {-1068, 1148, 220}, 0, {-359, -1569}, {0, 127, 0, 255} }},
	{{ {-2685, 29, 119}, 0, {1512, 2018}, {0, 127, 0, 255} }},
	{{ {-2685, 29, -119}, 0, {1512, -550}, {0, 127, 0, 255} }},
	{{ {-2924, 29, -119}, 0, {-1056, -550}, {0, 127, 0, 255} }},
	{{ {-2924, 29, 119}, 0, {-1056, 2018}, {0, 127, 0, 255} }},
	{{ {-2621, 250, -916}, 0, {-1552, 1008}, {108, 218, 54, 255} }},
	{{ {-2621, 0, -916}, 0, {2544, 1008}, {127, 0, 0, 255} }},
	{{ {-2651, 0, -946}, 0, {2544, -16}, {90, 0, 166, 255} }},
	{{ {-2651, 250, -946}, 0, {-1552, -16}, {63, 166, 193, 255} }},
	{{ {-2514, 0, -1022}, 0, {-1552, 1008}, {0, 0, 127, 255} }},
	{{ {-2514, 250, -1022}, 0, {2544, 1008}, {54, 218, 108, 255} }},
	{{ {-2544, 250, -1052}, 0, {2544, -16}, {193, 166, 63, 255} }},
	{{ {-2544, 0, -1052}, 0, {-1552, -16}, {166, 0, 90, 255} }},
	{{ {-2924, 228, -95}, 0, {1922, -536}, {127, 0, 0, 255} }},
	{{ {-2924, 194, -95}, 0, {1922, -19}, {127, 0, 0, 255} }},
	{{ {-2924, 0, -170}, 0, {3056, 2908}, {127, 0, 0, 255} }},
	{{ {-2924, 0, 170}, 0, {-2064, 2908}, {127, 0, 0, 255} }},
	{{ {-2924, 194, 95}, 0, {-930, -19}, {127, 0, 0, 255} }},
	{{ {-2924, 264, 170}, 0, {-2064, -1068}, {127, 0, 0, 255} }},
	{{ {-2924, 228, 95}, 0, {-930, -536}, {127, 0, 0, 255} }},
	{{ {-2924, 264, -170}, 0, {3056, -1068}, {127, 0, 0, 255} }},
};

Gfx rbtcm_rbtcm_mesh_layer_1_tri_9[] = {
	gsSPVertex(rbtcm_rbtcm_mesh_layer_1_vtx_9 + 0, 32, 0),
	gsSP2Triangles(0, 1, 2, 0, 0, 2, 3, 0),
	gsSP2Triangles(4, 5, 6, 0, 4, 6, 7, 0),
	gsSP2Triangles(6, 8, 7, 0, 7, 9, 4, 0),
	gsSP2Triangles(7, 10, 9, 0, 9, 11, 4, 0),
	gsSP2Triangles(12, 13, 14, 0, 12, 14, 15, 0),
	gsSP2Triangles(16, 17, 18, 0, 16, 18, 19, 0),
	gsSP2Triangles(20, 21, 22, 0, 20, 22, 23, 0),
	gsSP2Triangles(24, 25, 26, 0, 25, 27, 26, 0),
	gsSP2Triangles(25, 28, 27, 0, 28, 29, 27, 0),
	gsSP2Triangles(28, 30, 29, 0, 30, 31, 29, 0),
	gsSP2Triangles(30, 24, 31, 0, 24, 26, 31, 0),
	gsSPEndDisplayList(),
};

Vtx rbtcm_rbtcm_mesh_layer_1_vtx_10[4] = {
	{{ {-1068, 143, -175}, 0, {2032, 1008}, {127, 0, 0, 255} }},
	{{ {-1068, 317, -175}, 0, {2032, -16}, {127, 0, 0, 255} }},
	{{ {-1068, 317, 175}, 0, {-16, -16}, {127, 0, 0, 255} }},
	{{ {-1068, 143, 175}, 0, {-16, 1008}, {127, 0, 0, 255} }},
};

Gfx rbtcm_rbtcm_mesh_layer_1_tri_10[] = {
	gsSPVertex(rbtcm_rbtcm_mesh_layer_1_vtx_10 + 0, 4, 0),
	gsSP2Triangles(0, 1, 2, 0, 0, 2, 3, 0),
	gsSPEndDisplayList(),
};

Vtx rbtcm_rbtcm_mesh_layer_1_vtx_11[4] = {
	{{ {-1068, 317, -175}, 0, {2032, 1008}, {127, 0, 0, 255} }},
	{{ {-1068, 491, -175}, 0, {2032, -16}, {127, 0, 0, 255} }},
	{{ {-1068, 491, 175}, 0, {-16, -16}, {127, 0, 0, 255} }},
	{{ {-1068, 317, 175}, 0, {-16, 1008}, {127, 0, 0, 255} }},
};

Gfx rbtcm_rbtcm_mesh_layer_1_tri_11[] = {
	gsSPVertex(rbtcm_rbtcm_mesh_layer_1_vtx_11 + 0, 4, 0),
	gsSP2Triangles(0, 1, 2, 0, 0, 2, 3, 0),
	gsSPEndDisplayList(),
};

Vtx rbtcm_rbtcm_mesh_layer_1_vtx_12[4] = {
	{{ {-1068, 1066, -143}, 0, {2032, -16}, {127, 0, 0, 255} }},
	{{ {-1068, 1066, 143}, 0, {-16, -16}, {127, 0, 0, 255} }},
	{{ {-1068, 923, 143}, 0, {-16, 1008}, {127, 0, 0, 255} }},
	{{ {-1068, 923, -143}, 0, {2032, 1008}, {127, 0, 0, 255} }},
};

Gfx rbtcm_rbtcm_mesh_layer_1_tri_12[] = {
	gsSPVertex(rbtcm_rbtcm_mesh_layer_1_vtx_12 + 0, 4, 0),
	gsSP2Triangles(0, 1, 2, 0, 0, 2, 3, 0),
	gsSPEndDisplayList(),
};

Vtx rbtcm_rbtcm_mesh_layer_1_vtx_13[4] = {
	{{ {-1068, 923, -143}, 0, {2032, -16}, {127, 0, 0, 255} }},
	{{ {-1068, 923, 143}, 0, {-16, -16}, {127, 0, 0, 255} }},
	{{ {-1068, 780, 143}, 0, {-16, 1008}, {127, 0, 0, 255} }},
	{{ {-1068, 780, -143}, 0, {2032, 1008}, {127, 0, 0, 255} }},
};

Gfx rbtcm_rbtcm_mesh_layer_1_tri_13[] = {
	gsSPVertex(rbtcm_rbtcm_mesh_layer_1_vtx_13 + 0, 4, 0),
	gsSP2Triangles(0, 1, 2, 0, 0, 2, 3, 0),
	gsSPEndDisplayList(),
};

Vtx rbtcm_rbtcm_mesh_layer_1_vtx_14[127] = {
	{{ {-1969, 1148, -342}, 0, {508, 495}, {7, 184, 152, 116} }},
	{{ {-1917, 1407, -333}, 0, {1020, 239}, {26, 124, 252, 116} }},
	{{ {-1954, 1148, -321}, 0, {508, 239}, {97, 177, 19, 116} }},
	{{ {-1917, 1407, -333}, 0, {1020, -17}, {26, 124, 252, 116} }},
	{{ {-1975, 1148, -306}, 0, {508, -17}, {230, 190, 105, 116} }},
	{{ {-1990, 1148, -327}, 0, {508, -273}, {145, 195, 241, 116} }},
	{{ {-1917, 1407, -333}, 0, {1020, -529}, {26, 124, 252, 116} }},
	{{ {-1969, 1148, -342}, 0, {508, -529}, {7, 184, 152, 116} }},
	{{ {-1888, 1148, -401}, 0, {508, 495}, {20, 195, 146, 116} }},
	{{ {-1917, 1407, -333}, 0, {1020, 239}, {244, 124, 24, 116} }},
	{{ {-1873, 1148, -380}, 0, {508, 239}, {108, 190, 8, 116} }},
	{{ {-1917, 1407, -333}, 0, {1020, -17}, {244, 124, 24, 116} }},
	{{ {-1894, 1148, -364}, 0, {508, -17}, {244, 177, 98, 116} }},
	{{ {-1909, 1148, -386}, 0, {508, -273}, {155, 184, 231, 116} }},
	{{ {-1917, 1407, -333}, 0, {1020, -529}, {244, 124, 24, 116} }},
	{{ {-1888, 1148, -401}, 0, {508, -529}, {20, 195, 146, 116} }},
	{{ {-1870, 1148, -291}, 0, {508, 495}, {25, 177, 159, 116} }},
	{{ {-1917, 1407, -333}, 0, {1020, 239}, {235, 122, 228, 116} }},
	{{ {-1854, 1148, -270}, 0, {508, 239}, {109, 196, 26, 116} }},
	{{ {-1917, 1407, -333}, 0, {1020, -17}, {235, 122, 228, 116} }},
	{{ {-1875, 1148, -254}, 0, {508, -17}, {247, 196, 112, 116} }},
	{{ {-1891, 1148, -275}, 0, {508, -273}, {156, 177, 250, 116} }},
	{{ {-1917, 1407, -333}, 0, {1020, -529}, {235, 122, 228, 116} }},
	{{ {-1870, 1148, -291}, 0, {508, -529}, {25, 177, 159, 116} }},
	{{ {-1945, 1587, -371}, 0, {1788, -17}, {242, 125, 237, 255} }},
	{{ {-2064, 1791, -536}, 0, {1788, -529}, {5, 127, 7, 255} }},
	{{ {-2126, 1771, -512}, 0, {1532, -529}, {191, 104, 33, 255} }},
	{{ {-1991, 1572, -354}, 0, {1532, -17}, {188, 107, 2, 255} }},
	{{ {-2172, 1722, -530}, 0, {1276, -529}, {140, 49, 13, 255} }},
	{{ {-2025, 1535, -367}, 0, {1276, -17}, {147, 64, 242, 255} }},
	{{ {-2175, 1673, -579}, 0, {1020, -529}, {136, 251, 214, 255} }},
	{{ {-2027, 1499, -404}, 0, {1020, -17}, {145, 22, 199, 255} }},
	{{ {-2027, 1499, -404}, 0, {1020, -17}, {145, 22, 199, 255} }},
	{{ {-2175, 1673, -579}, 0, {1020, -529}, {136, 251, 214, 255} }},
	{{ {-2134, 1653, -631}, 0, {764, -529}, {183, 228, 156, 255} }},
	{{ {-1996, 1484, -442}, 0, {764, -17}, {181, 4, 153, 255} }},
	{{ {-2072, 1673, -655}, 0, {508, -529}, {253, 251, 129, 255} }},
	{{ {-1950, 1499, -460}, 0, {508, -17}, {236, 22, 133, 255} }},
	{{ {-2026, 1722, -637}, 0, {252, -529}, {48, 49, 149, 255} }},
	{{ {-1916, 1535, -446}, 0, {252, -17}, {20, 64, 148, 255} }},
	{{ {-2023, 1771, -587}, 0, {-4, -529}, {51, 104, 205, 255} }},
	{{ {-1914, 1572, -410}, 0, {-4, -17}, {22, 107, 191, 255} }},
	{{ {-2064, 1791, -536}, 0, {-260, -529}, {5, 127, 7, 255} }},
	{{ {-1945, 1587, -371}, 0, {-260, -17}, {242, 125, 237, 255} }},
	{{ {-1908, 1575, -410}, 0, {-4, -529}, {52, 104, 205, 255} }},
	{{ {-1910, 1535, -450}, 0, {252, -529}, {48, 49, 149, 255} }},
	{{ {-1833, 1404, -316}, 0, {252, -17}, {115, 201, 252, 255} }},
	{{ {-1831, 1435, -285}, 0, {-4, -17}, {118, 253, 47, 255} }},
	{{ {-1942, 1592, -368}, 0, {-260, -529}, {5, 127, 7, 255} }},
	{{ {-1858, 1448, -252}, 0, {-260, -17}, {74, 18, 102, 255} }},
	{{ {-1865, 1435, -261}, 0, {-260, -529}, {74, 242, 102, 255} }},
	{{ {-1892, 1426, -251}, 0, {1532, -529}, {25, 226, 121, 255} }},
	{{ {-1897, 1435, -237}, 0, {1532, -17}, {9, 253, 127, 255} }},
	{{ {-1912, 1404, -259}, 0, {1276, -529}, {245, 188, 107, 255} }},
	{{ {-1926, 1404, -249}, 0, {1276, -17}, {217, 201, 108, 255} }},
	{{ {-2030, 1535, -363}, 0, {1276, -529}, {140, 49, 13, 255} }},
	{{ {-1993, 1575, -348}, 0, {1532, -529}, {191, 104, 33, 255} }},
	{{ {-1858, 1448, -252}, 0, {1788, -17}, {74, 18, 102, 255} }},
	{{ {-1942, 1592, -368}, 0, {1788, -529}, {5, 127, 7, 255} }},
	{{ {-1945, 1587, -371}, 0, {1788, -17}, {242, 125, 237, 255} }},
	{{ {-1991, 1572, -354}, 0, {1532, -17}, {188, 107, 2, 255} }},
	{{ {-2025, 1535, -367}, 0, {1276, -17}, {147, 64, 242, 255} }},
	{{ {-2033, 1495, -403}, 0, {1020, -529}, {136, 251, 214, 255} }},
	{{ {-1999, 1479, -446}, 0, {764, -529}, {183, 228, 156, 255} }},
	{{ {-1948, 1495, -465}, 0, {508, -529}, {253, 251, 129, 255} }},
	{{ {-1999, 1479, -446}, 0, {764, -529}, {183, 228, 156, 255} }},
	{{ {-1996, 1484, -442}, 0, {764, -17}, {181, 4, 153, 255} }},
	{{ {-1950, 1499, -460}, 0, {508, -17}, {236, 22, 133, 255} }},
	{{ {-1910, 1535, -450}, 0, {252, -529}, {48, 49, 149, 255} }},
	{{ {-1916, 1535, -446}, 0, {252, -17}, {20, 64, 148, 255} }},
	{{ {-1862, 1373, -328}, 0, {508, -17}, {66, 150, 233, 255} }},
	{{ {-1902, 1361, -313}, 0, {764, -17}, {1, 129, 2, 255} }},
	{{ {-1868, 1383, -314}, 0, {508, -529}, {69, 149, 8, 255} }},
	{{ {-1847, 1404, -306}, 0, {252, -529}, {105, 188, 22, 255} }},
	{{ {-1833, 1404, -316}, 0, {252, -17}, {115, 201, 252, 255} }},
	{{ {-1846, 1426, -284}, 0, {-4, -529}, {107, 226, 61, 255} }},
	{{ {-1831, 1435, -285}, 0, {-4, -17}, {118, 253, 47, 255} }},
	{{ {-1865, 1435, -261}, 0, {-260, -529}, {74, 242, 102, 255} }},
	{{ {-1770, 1286, -159}, 0, {-4, -17}, {118, 253, 47, 255} }},
	{{ {-1781, 1291, -146}, 0, {-260, -17}, {74, 18, 102, 255} }},
	{{ {-1771, 1273, -172}, 0, {252, -17}, {115, 201, 252, 255} }},
	{{ {-1782, 1261, -176}, 0, {508, -17}, {66, 150, 233, 255} }},
	{{ {-1798, 1256, -170}, 0, {764, -17}, {1, 129, 2, 255} }},
	{{ {-1895, 1374, -303}, 0, {764, -529}, {20, 133, 27, 255} }},
	{{ {-1809, 1261, -157}, 0, {1020, -17}, {213, 150, 56, 255} }},
	{{ {-1914, 1383, -281}, 0, {1020, -529}, {243, 149, 68, 255} }},
	{{ {-1808, 1273, -145}, 0, {1276, -17}, {217, 201, 108, 255} }},
	{{ {-1912, 1404, -259}, 0, {1276, -529}, {245, 188, 107, 255} }},
	{{ {-1796, 1286, -140}, 0, {1532, -17}, {9, 253, 127, 255} }},
	{{ {-1892, 1426, -251}, 0, {1532, -529}, {25, 226, 121, 255} }},
	{{ {-1781, 1291, -146}, 0, {1788, -17}, {74, 18, 102, 255} }},
	{{ {-1865, 1435, -261}, 0, {1788, -529}, {74, 242, 102, 255} }},
	{{ {-1926, 1404, -249}, 0, {1276, -17}, {217, 201, 108, 255} }},
	{{ {-1928, 1373, -280}, 0, {1020, -17}, {213, 150, 56, 255} }},
	{{ {-2033, 1495, -403}, 0, {1020, -529}, {136, 251, 214, 255} }},
	{{ {-2030, 1535, -363}, 0, {1276, -529}, {140, 49, 13, 255} }},
	{{ {-1975, 1148, -306}, 0, {508, -17}, {230, 190, 105, 116} }},
	{{ {-1917, 1407, -333}, 0, {1020, -273}, {26, 124, 252, 116} }},
	{{ {-1990, 1148, -327}, 0, {508, -273}, {145, 195, 241, 116} }},
	{{ {-1954, 1148, -321}, 0, {-4, -17}, {97, 177, 19, 116} }},
	{{ {-1969, 1148, -342}, 0, {-4, -273}, {7, 184, 152, 116} }},
	{{ {-1894, 1148, -364}, 0, {508, -17}, {244, 177, 98, 116} }},
	{{ {-1917, 1407, -333}, 0, {1020, -273}, {244, 124, 24, 116} }},
	{{ {-1909, 1148, -386}, 0, {508, -273}, {155, 184, 231, 116} }},
	{{ {-1873, 1148, -380}, 0, {-4, -17}, {108, 190, 8, 116} }},
	{{ {-1888, 1148, -401}, 0, {-4, -273}, {20, 195, 146, 116} }},
	{{ {-1875, 1148, -254}, 0, {508, -17}, {247, 196, 112, 116} }},
	{{ {-1917, 1407, -333}, 0, {1020, -273}, {235, 122, 228, 116} }},
	{{ {-1891, 1148, -275}, 0, {508, -273}, {156, 177, 250, 116} }},
	{{ {-1854, 1148, -270}, 0, {-4, -17}, {109, 196, 26, 116} }},
	{{ {-1870, 1148, -291}, 0, {-4, -273}, {25, 177, 159, 116} }},
	{{ {-2071, 1777, -545}, 0, {252, 43}, {223, 114, 210, 255} }},
	{{ {-2126, 1771, -512}, 0, {599, 66}, {191, 104, 33, 255} }},
	{{ {-2064, 1791, -536}, 0, {252, -6}, {5, 127, 7, 255} }},
	{{ {-2121, 1761, -526}, 0, {529, 101}, {189, 103, 224, 255} }},
	{{ {-2172, 1722, -530}, 0, {743, 239}, {140, 49, 13, 255} }},
	{{ {-2157, 1722, -541}, 0, {644, 239}, {163, 76, 214, 255} }},
	{{ {-2175, 1673, -579}, 0, {599, 413}, {136, 251, 214, 255} }},
	{{ {-2160, 1683, -580}, 0, {529, 378}, {162, 49, 186, 255} }},
	{{ {-2134, 1653, -631}, 0, {252, 485}, {183, 228, 156, 255} }},
	{{ {-2127, 1667, -621}, 0, {252, 436}, {185, 38, 158, 255} }},
	{{ {-2072, 1673, -655}, 0, {-96, 413}, {253, 251, 129, 255} }},
	{{ {-2077, 1683, -640}, 0, {-25, 378}, {219, 49, 145, 255} }},
	{{ {-2026, 1722, -637}, 0, {-240, 239}, {48, 49, 149, 255} }},
	{{ {-2040, 1722, -626}, 0, {-140, 239}, {244, 76, 155, 255} }},
	{{ {-2023, 1771, -587}, 0, {-96, 66}, {51, 104, 205, 255} }},
	{{ {-2038, 1761, -587}, 0, {-25, 101}, {246, 103, 182, 255} }},
};

Gfx rbtcm_rbtcm_mesh_layer_1_tri_14[] = {
	gsSPVertex(rbtcm_rbtcm_mesh_layer_1_vtx_14 + 0, 32, 0),
	gsSP2Triangles(0, 1, 2, 0, 2, 3, 4, 0),
	gsSP2Triangles(5, 6, 7, 0, 8, 9, 10, 0),
	gsSP2Triangles(10, 11, 12, 0, 13, 14, 15, 0),
	gsSP2Triangles(16, 17, 18, 0, 18, 19, 20, 0),
	gsSP2Triangles(21, 22, 23, 0, 24, 25, 26, 0),
	gsSP2Triangles(24, 26, 27, 0, 27, 26, 28, 0),
	gsSP2Triangles(27, 28, 29, 0, 29, 28, 30, 0),
	gsSP1Triangle(29, 30, 31, 0),
	gsSPVertex(rbtcm_rbtcm_mesh_layer_1_vtx_14 + 32, 32, 0),
	gsSP2Triangles(0, 1, 2, 0, 0, 2, 3, 0),
	gsSP2Triangles(3, 2, 4, 0, 3, 4, 5, 0),
	gsSP2Triangles(5, 4, 6, 0, 5, 6, 7, 0),
	gsSP2Triangles(7, 6, 8, 0, 7, 8, 9, 0),
	gsSP2Triangles(9, 8, 10, 0, 9, 10, 11, 0),
	gsSP2Triangles(12, 7, 9, 0, 12, 13, 7, 0),
	gsSP2Triangles(14, 13, 12, 0, 14, 12, 15, 0),
	gsSP2Triangles(15, 12, 16, 0, 15, 16, 17, 0),
	gsSP2Triangles(15, 17, 18, 0, 17, 19, 18, 0),
	gsSP2Triangles(17, 20, 19, 0, 20, 21, 19, 0),
	gsSP2Triangles(20, 22, 21, 0, 20, 23, 22, 0),
	gsSP2Triangles(20, 24, 23, 0, 25, 24, 20, 0),
	gsSP2Triangles(25, 26, 24, 0, 24, 26, 27, 0),
	gsSP2Triangles(26, 9, 27, 0, 26, 12, 9, 0),
	gsSP2Triangles(24, 27, 28, 0, 23, 24, 28, 0),
	gsSP2Triangles(23, 28, 29, 0, 30, 23, 29, 0),
	gsSP2Triangles(30, 29, 0, 0, 31, 30, 0, 0),
	gsSP1Triangle(31, 0, 3, 0),
	gsSPVertex(rbtcm_rbtcm_mesh_layer_1_vtx_14 + 64, 32, 0),
	gsSP2Triangles(0, 1, 2, 0, 0, 2, 3, 0),
	gsSP2Triangles(4, 0, 3, 0, 4, 3, 5, 0),
	gsSP2Triangles(6, 0, 4, 0, 7, 0, 6, 0),
	gsSP2Triangles(7, 6, 8, 0, 6, 9, 8, 0),
	gsSP2Triangles(6, 10, 9, 0, 6, 4, 10, 0),
	gsSP2Triangles(10, 11, 9, 0, 10, 12, 11, 0),
	gsSP2Triangles(12, 13, 11, 0, 14, 11, 13, 0),
	gsSP2Triangles(14, 13, 15, 0, 16, 11, 14, 0),
	gsSP2Triangles(16, 9, 11, 0, 17, 9, 16, 0),
	gsSP2Triangles(17, 8, 9, 0, 18, 8, 17, 0),
	gsSP2Triangles(18, 19, 8, 0, 20, 19, 18, 0),
	gsSP2Triangles(20, 21, 19, 0, 22, 21, 20, 0),
	gsSP2Triangles(22, 23, 21, 0, 24, 23, 22, 0),
	gsSP2Triangles(24, 25, 23, 0, 26, 25, 24, 0),
	gsSP2Triangles(26, 27, 25, 0, 28, 21, 23, 0),
	gsSP2Triangles(28, 29, 21, 0, 28, 30, 29, 0),
	gsSP2Triangles(28, 31, 30, 0, 29, 30, 1, 0),
	gsSP2Triangles(29, 1, 7, 0, 7, 1, 0, 0),
	gsSP2Triangles(29, 7, 19, 0, 7, 8, 19, 0),
	gsSP1Triangle(29, 19, 21, 0),
	gsSPVertex(rbtcm_rbtcm_mesh_layer_1_vtx_14 + 96, 31, 0),
	gsSP2Triangles(0, 1, 2, 0, 3, 0, 2, 0),
	gsSP2Triangles(3, 2, 4, 0, 5, 6, 7, 0),
	gsSP2Triangles(8, 5, 7, 0, 8, 7, 9, 0),
	gsSP2Triangles(10, 11, 12, 0, 13, 10, 12, 0),
	gsSP2Triangles(13, 12, 14, 0, 15, 16, 17, 0),
	gsSP2Triangles(15, 18, 16, 0, 18, 19, 16, 0),
	gsSP2Triangles(18, 20, 19, 0, 20, 21, 19, 0),
	gsSP2Triangles(20, 22, 21, 0, 22, 23, 21, 0),
	gsSP2Triangles(22, 24, 23, 0, 24, 25, 23, 0),
	gsSP2Triangles(24, 26, 25, 0, 26, 27, 25, 0),
	gsSP2Triangles(26, 28, 27, 0, 28, 29, 27, 0),
	gsSP2Triangles(28, 30, 29, 0, 30, 17, 29, 0),
	gsSP1Triangle(30, 15, 17, 0),
	gsSPEndDisplayList(),
};

Vtx rbtcm_rbtcm_mesh_layer_1_vtx_15[16] = {
	{{ {-2038, 1761, -587}, 0, {-25, 101}, {246, 103, 182, 255} }},
	{{ {-2040, 1722, -626}, 0, {-140, 239}, {244, 76, 155, 255} }},
	{{ {-2066, 1740, -634}, 0, {-140, 239}, {13, 67, 149, 255} }},
	{{ {-2095, 1710, -645}, 0, {-25, 378}, {232, 27, 134, 255} }},
	{{ {-2077, 1683, -640}, 0, {-25, 378}, {219, 49, 145, 255} }},
	{{ {-2133, 1698, -630}, 0, {252, 436}, {182, 11, 154, 255} }},
	{{ {-2127, 1667, -621}, 0, {252, 436}, {185, 38, 158, 255} }},
	{{ {-2159, 1710, -598}, 0, {529, 378}, {148, 27, 196, 255} }},
	{{ {-2160, 1683, -580}, 0, {529, 378}, {162, 49, 186, 255} }},
	{{ {-2157, 1740, -568}, 0, {644, 239}, {150, 67, 236, 255} }},
	{{ {-2157, 1722, -541}, 0, {644, 239}, {163, 76, 214, 255} }},
	{{ {-2128, 1770, -557}, 0, {529, 101}, {187, 107, 250, 255} }},
	{{ {-2121, 1761, -526}, 0, {529, 101}, {189, 103, 224, 255} }},
	{{ {-2090, 1783, -571}, 0, {252, 43}, {238, 123, 231, 255} }},
	{{ {-2071, 1777, -545}, 0, {252, 43}, {223, 114, 210, 255} }},
	{{ {-2065, 1770, -603}, 0, {-25, 101}, {16, 107, 189, 255} }},
};

Gfx rbtcm_rbtcm_mesh_layer_1_tri_15[] = {
	gsSPVertex(rbtcm_rbtcm_mesh_layer_1_vtx_15 + 0, 16, 0),
	gsSP2Triangles(0, 1, 2, 0, 1, 3, 2, 0),
	gsSP2Triangles(1, 4, 3, 0, 4, 5, 3, 0),
	gsSP2Triangles(4, 6, 5, 0, 6, 7, 5, 0),
	gsSP2Triangles(6, 8, 7, 0, 8, 9, 7, 0),
	gsSP2Triangles(8, 10, 9, 0, 10, 11, 9, 0),
	gsSP2Triangles(10, 12, 11, 0, 12, 13, 11, 0),
	gsSP2Triangles(12, 14, 13, 0, 14, 15, 13, 0),
	gsSP2Triangles(14, 0, 15, 0, 0, 2, 15, 0),
	gsSP2Triangles(13, 15, 2, 0, 9, 13, 2, 0),
	gsSP2Triangles(2, 5, 9, 0, 2, 3, 5, 0),
	gsSP2Triangles(5, 7, 9, 0, 9, 11, 13, 0),
	gsSPEndDisplayList(),
};

Vtx rbtcm_rbtcm_mesh_layer_1_vtx_16[8] = {
	{{ {-1770, 1286, -159}, 0, {578, 578}, {118, 253, 47, 255} }},
	{{ {-1781, 1291, -146}, 0, {752, 506}, {74, 18, 102, 255} }},
	{{ {-1796, 1286, -140}, 0, {926, 578}, {9, 253, 127, 255} }},
	{{ {-1809, 1261, -157}, 0, {926, 926}, {213, 150, 56, 255} }},
	{{ {-1808, 1273, -145}, 0, {998, 752}, {217, 201, 108, 255} }},
	{{ {-1782, 1261, -176}, 0, {578, 926}, {66, 150, 233, 255} }},
	{{ {-1798, 1256, -170}, 0, {752, 998}, {1, 129, 2, 255} }},
	{{ {-1771, 1273, -172}, 0, {506, 752}, {115, 201, 252, 255} }},
};

Gfx rbtcm_rbtcm_mesh_layer_1_tri_16[] = {
	gsSPVertex(rbtcm_rbtcm_mesh_layer_1_vtx_16 + 0, 8, 0),
	gsSP2Triangles(0, 1, 2, 0, 0, 2, 3, 0),
	gsSP2Triangles(2, 4, 3, 0, 3, 5, 0, 0),
	gsSP2Triangles(3, 6, 5, 0, 5, 7, 0, 0),
	gsSPEndDisplayList(),
};

Vtx rbtcm_rbtcm_mesh_layer_1_vtx_17[99] = {
	{{ {-2969, 457, -257}, 0, {3026, 2021}, {0, 0, 129, 255} }},
	{{ {-2969, 971, -257}, 0, {3026, -996}, {0, 0, 129, 255} }},
	{{ {-2935, 971, -257}, 0, {3026, -996}, {0, 0, 129, 255} }},
	{{ {-2935, 457, -257}, 0, {3026, 2021}, {0, 0, 129, 255} }},
	{{ {-2935, 457, -257}, 0, {3026, 2021}, {127, 0, 0, 255} }},
	{{ {-2935, 971, -257}, 0, {3026, -996}, {127, 0, 0, 255} }},
	{{ {-2935, 971, 257}, 0, {9, -996}, {127, 0, 0, 255} }},
	{{ {-2935, 457, 257}, 0, {9, 2021}, {127, 0, 0, 255} }},
	{{ {-2935, 457, 257}, 0, {9, 2021}, {0, 0, 127, 255} }},
	{{ {-2935, 971, 257}, 0, {9, -996}, {0, 0, 127, 255} }},
	{{ {-2969, 971, 257}, 0, {9, -996}, {0, 0, 127, 255} }},
	{{ {-2969, 457, 257}, 0, {9, 2021}, {0, 0, 127, 255} }},
	{{ {-2969, 457, -257}, 0, {3026, 2021}, {0, 129, 0, 255} }},
	{{ {-2935, 457, -257}, 0, {3026, 2021}, {0, 129, 0, 255} }},
	{{ {-2935, 457, 257}, 0, {9, 2021}, {0, 129, 0, 255} }},
	{{ {-2969, 457, 257}, 0, {9, 2021}, {0, 129, 0, 255} }},
	{{ {-2935, 971, -257}, 0, {3026, -996}, {0, 127, 0, 255} }},
	{{ {-2969, 971, -257}, 0, {3026, -996}, {0, 127, 0, 255} }},
	{{ {-2969, 971, 257}, 0, {9, -996}, {0, 127, 0, 255} }},
	{{ {-2935, 971, 257}, 0, {9, -996}, {0, 127, 0, 255} }},
	{{ {-1855, 1223, 1371}, 0, {3026, 2021}, {129, 0, 0, 255} }},
	{{ {-1855, 1737, 1371}, 0, {3026, -996}, {129, 0, 0, 255} }},
	{{ {-1855, 1737, 1337}, 0, {3026, -996}, {129, 0, 0, 255} }},
	{{ {-1855, 1223, 1337}, 0, {3026, 2021}, {129, 0, 0, 255} }},
	{{ {-1855, 1223, 1337}, 0, {3026, 2021}, {0, 0, 129, 255} }},
	{{ {-1855, 1737, 1337}, 0, {3026, -996}, {0, 0, 129, 255} }},
	{{ {-1341, 1737, 1337}, 0, {9, -996}, {0, 0, 129, 255} }},
	{{ {-1341, 1223, 1337}, 0, {9, 2021}, {0, 0, 129, 255} }},
	{{ {-1341, 1223, 1337}, 0, {9, 2021}, {127, 0, 0, 255} }},
	{{ {-1341, 1737, 1337}, 0, {9, -996}, {127, 0, 0, 255} }},
	{{ {-1341, 1737, 1371}, 0, {9, -996}, {127, 0, 0, 255} }},
	{{ {-1341, 1223, 1371}, 0, {9, 2021}, {127, 0, 0, 255} }},
	{{ {-1855, 1223, 1371}, 0, {3026, 2021}, {0, 129, 0, 255} }},
	{{ {-1855, 1223, 1337}, 0, {3026, 2021}, {0, 129, 0, 255} }},
	{{ {-1341, 1223, 1337}, 0, {9, 2021}, {0, 129, 0, 255} }},
	{{ {-1341, 1223, 1371}, 0, {9, 2021}, {0, 129, 0, 255} }},
	{{ {-1855, 1737, 1337}, 0, {3026, -996}, {0, 127, 0, 255} }},
	{{ {-1855, 1737, 1371}, 0, {3026, -996}, {0, 127, 0, 255} }},
	{{ {-1341, 1737, 1371}, 0, {9, -996}, {0, 127, 0, 255} }},
	{{ {-1341, 1737, 1337}, 0, {9, -996}, {0, 127, 0, 255} }},
	{{ {-1341, 1223, -1371}, 0, {3026, 2021}, {127, 0, 0, 255} }},
	{{ {-1341, 1737, -1371}, 0, {3026, -996}, {127, 0, 0, 255} }},
	{{ {-1341, 1737, -1327}, 0, {3026, -996}, {127, 0, 0, 255} }},
	{{ {-1341, 1223, -1327}, 0, {3026, 2021}, {127, 0, 0, 255} }},
	{{ {-1341, 1223, -1327}, 0, {3026, 2021}, {0, 0, 127, 255} }},
	{{ {-1341, 1737, -1327}, 0, {3026, -996}, {0, 0, 127, 255} }},
	{{ {-1855, 1737, -1327}, 0, {9, -996}, {0, 0, 127, 255} }},
	{{ {-1855, 1223, -1327}, 0, {9, 2021}, {0, 0, 127, 255} }},
	{{ {-1855, 1223, -1327}, 0, {9, 2021}, {129, 0, 0, 255} }},
	{{ {-1855, 1737, -1327}, 0, {9, -996}, {129, 0, 0, 255} }},
	{{ {-1855, 1737, -1371}, 0, {9, -996}, {129, 0, 0, 255} }},
	{{ {-1855, 1223, -1371}, 0, {9, 2021}, {129, 0, 0, 255} }},
	{{ {-1341, 1223, -1371}, 0, {3026, 2021}, {0, 129, 0, 255} }},
	{{ {-1341, 1223, -1327}, 0, {3026, 2021}, {0, 129, 0, 255} }},
	{{ {-1855, 1223, -1327}, 0, {9, 2021}, {0, 129, 0, 255} }},
	{{ {-1855, 1223, -1371}, 0, {9, 2021}, {0, 129, 0, 255} }},
	{{ {-1341, 1737, -1327}, 0, {3026, -996}, {0, 127, 0, 255} }},
	{{ {-1341, 1737, -1371}, 0, {3026, -996}, {0, 127, 0, 255} }},
	{{ {-1855, 1737, -1371}, 0, {9, -996}, {0, 127, 0, 255} }},
	{{ {-1855, 1737, -1327}, 0, {9, -996}, {0, 127, 0, 255} }},
	{{ {-227, 1058, 0}, 0, {1015, 3026}, {0, 129, 0, 255} }},
	{{ {-261, 1058, -342}, 0, {-996, 3026}, {0, 129, 0, 255} }},
	{{ {-227, 1058, -342}, 0, {-996, 3026}, {0, 129, 0, 255} }},
	{{ {-261, 1058, 0}, 0, {1015, 3026}, {0, 129, 0, 255} }},
	{{ {-227, 1058, 342}, 0, {3026, 3026}, {0, 129, 0, 255} }},
	{{ {-261, 1058, 0}, 0, {1015, 3026}, {0, 129, 0, 255} }},
	{{ {-227, 1058, 0}, 0, {1015, 3026}, {0, 129, 0, 255} }},
	{{ {-261, 1058, 342}, 0, {3026, 3026}, {0, 129, 0, 255} }},
	{{ {-261, 1400, 342}, 0, {3026, 1015}, {129, 0, 0, 255} }},
	{{ {-261, 1743, 342}, 0, {3026, -996}, {129, 0, 0, 255} }},
	{{ {-261, 1743, 0}, 0, {1015, -996}, {129, 0, 0, 255} }},
	{{ {-261, 1400, 0}, 0, {1015, 1015}, {129, 0, 0, 255} }},
	{{ {-261, 1743, -342}, 0, {-996, -996}, {129, 0, 0, 255} }},
	{{ {-261, 1400, -342}, 0, {-996, 1015}, {129, 0, 0, 255} }},
	{{ {-261, 1058, 0}, 0, {1015, 3026}, {129, 0, 0, 255} }},
	{{ {-261, 1058, -342}, 0, {-996, 3026}, {129, 0, 0, 255} }},
	{{ {-261, 1058, 342}, 0, {3026, 3026}, {129, 0, 0, 255} }},
	{{ {-261, 1058, -342}, 0, {-996, 3026}, {0, 0, 129, 255} }},
	{{ {-227, 1400, -342}, 0, {-996, 1015}, {0, 0, 129, 255} }},
	{{ {-227, 1058, -342}, 0, {-996, 3026}, {0, 0, 129, 255} }},
	{{ {-261, 1400, -342}, 0, {-996, 1015}, {0, 0, 129, 255} }},
	{{ {-227, 1743, -342}, 0, {-996, -996}, {0, 0, 129, 255} }},
	{{ {-261, 1743, -342}, 0, {-996, -996}, {0, 0, 129, 255} }},
	{{ {-261, 1743, 342}, 0, {3026, -996}, {0, 0, 127, 255} }},
	{{ {-261, 1400, 342}, 0, {3026, 1015}, {0, 0, 127, 255} }},
	{{ {-227, 1400, 342}, 0, {3026, 1015}, {0, 0, 127, 255} }},
	{{ {-227, 1743, 342}, 0, {3026, -996}, {0, 0, 127, 255} }},
	{{ {-261, 1743, -342}, 0, {-996, -996}, {0, 127, 0, 255} }},
	{{ {-227, 1743, 0}, 0, {1015, -996}, {0, 127, 0, 255} }},
	{{ {-227, 1743, -342}, 0, {-996, -996}, {0, 127, 0, 255} }},
	{{ {-261, 1743, 0}, 0, {1015, -996}, {0, 127, 0, 255} }},
	{{ {-227, 1743, 342}, 0, {3026, -996}, {0, 127, 0, 255} }},
	{{ {-261, 1743, 342}, 0, {3026, -996}, {0, 127, 0, 255} }},
	{{ {-261, 1400, 342}, 0, {3026, 1015}, {0, 0, 127, 255} }},
	{{ {-261, 1058, 342}, 0, {3026, 3026}, {0, 0, 127, 255} }},
	{{ {-227, 1058, 342}, 0, {3026, 3026}, {0, 0, 127, 255} }},
	{{ {-261, 1400, 342}, 0, {3026, 1015}, {0, 0, 127, 255} }},
	{{ {-227, 1058, 342}, 0, {3026, 3026}, {0, 0, 127, 255} }},
	{{ {-227, 1400, 342}, 0, {3026, 1015}, {0, 0, 127, 255} }},
};

Gfx rbtcm_rbtcm_mesh_layer_1_tri_17[] = {
	gsSPVertex(rbtcm_rbtcm_mesh_layer_1_vtx_17 + 0, 32, 0),
	gsSP2Triangles(0, 1, 2, 0, 0, 2, 3, 0),
	gsSP2Triangles(4, 5, 6, 0, 4, 6, 7, 0),
	gsSP2Triangles(8, 9, 10, 0, 8, 10, 11, 0),
	gsSP2Triangles(12, 13, 14, 0, 12, 14, 15, 0),
	gsSP2Triangles(16, 17, 18, 0, 16, 18, 19, 0),
	gsSP2Triangles(20, 21, 22, 0, 20, 22, 23, 0),
	gsSP2Triangles(24, 25, 26, 0, 24, 26, 27, 0),
	gsSP2Triangles(28, 29, 30, 0, 28, 30, 31, 0),
	gsSPVertex(rbtcm_rbtcm_mesh_layer_1_vtx_17 + 32, 32, 0),
	gsSP2Triangles(0, 1, 2, 0, 0, 2, 3, 0),
	gsSP2Triangles(4, 5, 6, 0, 4, 6, 7, 0),
	gsSP2Triangles(8, 9, 10, 0, 8, 10, 11, 0),
	gsSP2Triangles(12, 13, 14, 0, 12, 14, 15, 0),
	gsSP2Triangles(16, 17, 18, 0, 16, 18, 19, 0),
	gsSP2Triangles(20, 21, 22, 0, 20, 22, 23, 0),
	gsSP2Triangles(24, 25, 26, 0, 24, 26, 27, 0),
	gsSP2Triangles(28, 29, 30, 0, 28, 31, 29, 0),
	gsSPVertex(rbtcm_rbtcm_mesh_layer_1_vtx_17 + 64, 32, 0),
	gsSP2Triangles(0, 1, 2, 0, 0, 3, 1, 0),
	gsSP2Triangles(4, 5, 6, 0, 4, 6, 7, 0),
	gsSP2Triangles(7, 6, 8, 0, 7, 8, 9, 0),
	gsSP2Triangles(10, 7, 9, 0, 10, 9, 11, 0),
	gsSP2Triangles(12, 7, 10, 0, 12, 4, 7, 0),
	gsSP2Triangles(13, 14, 15, 0, 13, 16, 14, 0),
	gsSP2Triangles(16, 17, 14, 0, 16, 18, 17, 0),
	gsSP2Triangles(19, 20, 21, 0, 19, 21, 22, 0),
	gsSP2Triangles(23, 24, 25, 0, 23, 26, 24, 0),
	gsSP2Triangles(26, 27, 24, 0, 26, 28, 27, 0),
	gsSP1Triangle(29, 30, 31, 0),
	gsSPVertex(rbtcm_rbtcm_mesh_layer_1_vtx_17 + 96, 3, 0),
	gsSP1Triangle(0, 1, 2, 0),
	gsSPEndDisplayList(),
};

Vtx rbtcm_rbtcm_mesh_layer_4_vtx_0[56] = {
	{{ {-1598, 2973, 0}, 0, {-16, 1008}, {0, 132, 26, 255} }},
	{{ {-1970, 2781, -898}, 0, {1008, 1008}, {0, 132, 26, 255} }},
	{{ {-1226, 2781, -898}, 0, {1008, -16}, {0, 132, 26, 255} }},
	{{ {-1598, 2973, 0}, 0, {-16, 1008}, {237, 132, 19, 255} }},
	{{ {-1226, 2781, -898}, 0, {1008, 1008}, {237, 132, 19, 255} }},
	{{ {-700, 2781, -372}, 0, {1008, -16}, {237, 132, 19, 255} }},
	{{ {-1598, 2973, 0}, 0, {-16, 1008}, {230, 132, 0, 255} }},
	{{ {-700, 2781, -372}, 0, {1008, 1008}, {230, 132, 0, 255} }},
	{{ {-700, 2781, 372}, 0, {1008, -16}, {230, 132, 0, 255} }},
	{{ {-1598, 2973, 0}, 0, {-16, 1008}, {237, 132, 237, 255} }},
	{{ {-700, 2781, 372}, 0, {1008, 1008}, {237, 132, 237, 255} }},
	{{ {-1226, 2781, 898}, 0, {1008, -16}, {237, 132, 237, 255} }},
	{{ {-1598, 2973, 0}, 0, {-16, 1008}, {0, 132, 230, 255} }},
	{{ {-1226, 2781, 898}, 0, {1008, 1008}, {0, 132, 230, 255} }},
	{{ {-1970, 2781, 898}, 0, {1008, -16}, {0, 132, 230, 255} }},
	{{ {-1598, 2973, 0}, 0, {-16, 1008}, {19, 132, 237, 255} }},
	{{ {-1970, 2781, 898}, 0, {1008, 1008}, {19, 132, 237, 255} }},
	{{ {-2497, 2781, 372}, 0, {1008, -16}, {19, 132, 237, 255} }},
	{{ {-1598, 2973, 0}, 0, {-16, 1008}, {26, 132, 0, 255} }},
	{{ {-2497, 2781, 372}, 0, {1008, 1008}, {26, 132, 0, 255} }},
	{{ {-2497, 2781, -372}, 0, {1008, -16}, {26, 132, 0, 255} }},
	{{ {-1598, 2973, 0}, 0, {-16, 1008}, {19, 132, 19, 255} }},
	{{ {-2497, 2781, -372}, 0, {1008, 1008}, {19, 132, 19, 255} }},
	{{ {-1970, 2781, -898}, 0, {1008, -16}, {19, 132, 19, 255} }},
	{{ {-1226, 2781, -898}, 0, {-16, 1008}, {0, 165, 89, 255} }},
	{{ {-1970, 2781, -898}, 0, {1008, 1008}, {0, 165, 89, 255} }},
	{{ {-2166, 2319, -1371}, 0, {1008, -16}, {0, 165, 89, 255} }},
	{{ {-1030, 2319, -1371}, 0, {-16, -16}, {0, 165, 89, 255} }},
	{{ {-700, 2781, -372}, 0, {-16, 1008}, {193, 165, 63, 255} }},
	{{ {-1226, 2781, -898}, 0, {1008, 1008}, {193, 165, 63, 255} }},
	{{ {-1030, 2319, -1371}, 0, {1008, -16}, {193, 165, 63, 255} }},
	{{ {-227, 2319, -568}, 0, {-16, -16}, {193, 165, 63, 255} }},
	{{ {-700, 2781, 372}, 0, {-16, 1008}, {167, 165, 0, 255} }},
	{{ {-700, 2781, -372}, 0, {1008, 1008}, {167, 165, 0, 255} }},
	{{ {-227, 2319, -568}, 0, {1008, -16}, {167, 165, 0, 255} }},
	{{ {-227, 2319, 568}, 0, {-16, -16}, {167, 165, 0, 255} }},
	{{ {-1226, 2781, 898}, 0, {-16, 1008}, {193, 165, 193, 255} }},
	{{ {-700, 2781, 372}, 0, {1008, 1008}, {193, 165, 193, 255} }},
	{{ {-227, 2319, 568}, 0, {1008, -16}, {193, 165, 193, 255} }},
	{{ {-1030, 2319, 1371}, 0, {-16, -16}, {193, 165, 193, 255} }},
	{{ {-1970, 2781, 898}, 0, {-16, 1008}, {0, 165, 167, 255} }},
	{{ {-1226, 2781, 898}, 0, {1008, 1008}, {0, 165, 167, 255} }},
	{{ {-1030, 2319, 1371}, 0, {1008, -16}, {0, 165, 167, 255} }},
	{{ {-2166, 2319, 1371}, 0, {-16, -16}, {0, 165, 167, 255} }},
	{{ {-2497, 2781, 372}, 0, {-16, 1008}, {63, 165, 193, 255} }},
	{{ {-1970, 2781, 898}, 0, {1008, 1008}, {63, 165, 193, 255} }},
	{{ {-2166, 2319, 1371}, 0, {1008, -16}, {63, 165, 193, 255} }},
	{{ {-2969, 2319, 568}, 0, {-16, -16}, {63, 165, 193, 255} }},
	{{ {-2497, 2781, -372}, 0, {-16, 1008}, {89, 165, 0, 255} }},
	{{ {-2497, 2781, 372}, 0, {1008, 1008}, {89, 165, 0, 255} }},
	{{ {-2969, 2319, 568}, 0, {1008, -16}, {89, 165, 0, 255} }},
	{{ {-2969, 2319, -568}, 0, {-16, -16}, {89, 165, 0, 255} }},
	{{ {-1970, 2781, -898}, 0, {-16, 1008}, {63, 165, 63, 255} }},
	{{ {-2497, 2781, -372}, 0, {1008, 1008}, {63, 165, 63, 255} }},
	{{ {-2969, 2319, -568}, 0, {1008, -16}, {63, 165, 63, 255} }},
	{{ {-2166, 2319, -1371}, 0, {-16, -16}, {63, 165, 63, 255} }},
};

Gfx rbtcm_rbtcm_mesh_layer_4_tri_0[] = {
	gsSPVertex(rbtcm_rbtcm_mesh_layer_4_vtx_0 + 0, 32, 0),
	gsSP2Triangles(0, 1, 2, 0, 3, 4, 5, 0),
	gsSP2Triangles(6, 7, 8, 0, 9, 10, 11, 0),
	gsSP2Triangles(12, 13, 14, 0, 15, 16, 17, 0),
	gsSP2Triangles(18, 19, 20, 0, 21, 22, 23, 0),
	gsSP2Triangles(24, 25, 26, 0, 24, 26, 27, 0),
	gsSP2Triangles(28, 29, 30, 0, 28, 30, 31, 0),
	gsSPVertex(rbtcm_rbtcm_mesh_layer_4_vtx_0 + 32, 24, 0),
	gsSP2Triangles(0, 1, 2, 0, 0, 2, 3, 0),
	gsSP2Triangles(4, 5, 6, 0, 4, 6, 7, 0),
	gsSP2Triangles(8, 9, 10, 0, 8, 10, 11, 0),
	gsSP2Triangles(12, 13, 14, 0, 12, 14, 15, 0),
	gsSP2Triangles(16, 17, 18, 0, 16, 18, 19, 0),
	gsSP2Triangles(20, 21, 22, 0, 20, 22, 23, 0),
	gsSPEndDisplayList(),
};

Vtx rbtcm_rbtcm_mesh_layer_4_vtx_1[4] = {
	{{ {-2600, 264, -922}, 0, {-16, 1008}, {90, 0, 90, 255} }},
	{{ {-2521, 264, -1002}, 0, {1008, 1008}, {90, 0, 90, 255} }},
	{{ {-2521, 376, -1002}, 0, {1008, -16}, {90, 0, 90, 255} }},
	{{ {-2600, 376, -922}, 0, {-16, -16}, {90, 0, 90, 255} }},
};

Gfx rbtcm_rbtcm_mesh_layer_4_tri_1[] = {
	gsSPVertex(rbtcm_rbtcm_mesh_layer_4_vtx_1 + 0, 4, 0),
	gsSP2Triangles(0, 1, 2, 0, 0, 2, 3, 0),
	gsSPEndDisplayList(),
};

Vtx rbtcm_rbtcm_mesh_layer_4_vtx_2[4] = {
	{{ {-1654, 264, -1544}, 0, {-16, 1008}, {0, 0, 127, 255} }},
	{{ {-1542, 264, -1544}, 0, {1008, 1008}, {0, 0, 127, 255} }},
	{{ {-1542, 376, -1544}, 0, {1008, -16}, {0, 0, 127, 255} }},
	{{ {-1654, 376, -1544}, 0, {-16, -16}, {0, 0, 127, 255} }},
};

Gfx rbtcm_rbtcm_mesh_layer_4_tri_2[] = {
	gsSPVertex(rbtcm_rbtcm_mesh_layer_4_vtx_2 + 0, 4, 0),
	gsSP2Triangles(0, 1, 2, 0, 0, 2, 3, 0),
	gsSPEndDisplayList(),
};

Vtx rbtcm_rbtcm_mesh_layer_4_vtx_3[4] = {
	{{ {144, 13, 228}, 0, {-16, -16}, {0, 127, 0, 255} }},
	{{ {601, 13, 228}, 0, {2032, -16}, {0, 127, 0, 255} }},
	{{ {601, 13, -228}, 0, {2032, -4112}, {0, 127, 0, 255} }},
	{{ {144, 13, -228}, 0, {-16, -4112}, {0, 127, 0, 255} }},
};

Gfx rbtcm_rbtcm_mesh_layer_4_tri_3[] = {
	gsSPVertex(rbtcm_rbtcm_mesh_layer_4_vtx_3 + 0, 4, 0),
	gsSP2Triangles(0, 1, 2, 0, 0, 2, 3, 0),
	gsSPEndDisplayList(),
};

Vtx rbtcm_rbtcm_mesh_layer_4_vtx_4[76] = {
	{{ {-2227, 0, 1204}, 0, {460, 1584}, {85, 0, 94, 255} }},
	{{ {-2153, 0, 1137}, 0, {1008, 2032}, {85, 0, 94, 255} }},
	{{ {-2190, 200, 1170}, 0, {1008, 1608}, {85, 0, 94, 255} }},
	{{ {-2223, 0, 1133}, 0, {460, 1584}, {162, 0, 85, 255} }},
	{{ {-2156, 0, 1207}, 0, {1008, 2032}, {162, 0, 85, 255} }},
	{{ {-2190, 200, 1170}, 0, {1008, 1608}, {162, 0, 85, 255} }},
	{{ {-2138, 0, -1353}, 0, {460, 1584}, {138, 0, 46, 255} }},
	{{ {-2101, 0, -1259}, 0, {1008, 2032}, {138, 0, 46, 255} }},
	{{ {-2120, 200, -1306}, 0, {1008, 1608}, {138, 0, 46, 255} }},
	{{ {-2073, 0, -1324}, 0, {460, 1584}, {210, 0, 138, 255} }},
	{{ {-2166, 0, -1288}, 0, {1008, 2032}, {210, 0, 138, 255} }},
	{{ {-2120, 200, -1306}, 0, {1008, 1608}, {210, 0, 138, 255} }},
	{{ {-2239, 165, 1168}, 0, {60, 1005}, {152, 183, 251, 255} }},
	{{ {-2239, 235, 1168}, 0, {92, 1005}, {152, 73, 251, 255} }},
	{{ {-2187, 235, 1121}, 0, {92, 979}, {5, 73, 152, 255} }},
	{{ {-2187, 165, 1121}, 0, {60, 979}, {5, 183, 152, 255} }},
	{{ {-2192, 165, 1219}, 0, {60, 1005}, {251, 183, 104, 255} }},
	{{ {-2192, 235, 1219}, 0, {92, 1005}, {251, 73, 104, 255} }},
	{{ {-2239, 235, 1168}, 0, {92, 979}, {152, 73, 251, 255} }},
	{{ {-2239, 165, 1168}, 0, {60, 979}, {152, 183, 251, 255} }},
	{{ {-2187, 165, 1121}, 0, {60, 1005}, {5, 183, 152, 255} }},
	{{ {-2187, 235, 1121}, 0, {92, 1005}, {5, 73, 152, 255} }},
	{{ {-2141, 235, 1173}, 0, {92, 979}, {104, 73, 5, 255} }},
	{{ {-2141, 165, 1173}, 0, {60, 979}, {104, 183, 5, 255} }},
	{{ {-2141, 165, 1173}, 0, {60, 1005}, {104, 183, 5, 255} }},
	{{ {-2141, 235, 1173}, 0, {92, 1005}, {104, 73, 5, 255} }},
	{{ {-2192, 235, 1219}, 0, {92, 979}, {251, 73, 104, 255} }},
	{{ {-2192, 165, 1219}, 0, {60, 979}, {251, 183, 104, 255} }},
	{{ {-2187, 165, 1121}, 0, {92, 1005}, {5, 183, 152, 255} }},
	{{ {-2141, 165, 1173}, 0, {92, 979}, {104, 183, 5, 255} }},
	{{ {-2187, 235, 1121}, 0, {60, 1005}, {5, 73, 152, 255} }},
	{{ {-2141, 235, 1173}, 0, {60, 979}, {104, 73, 5, 255} }},
	{{ {-2100, 165, -1351}, 0, {60, 1005}, {42, 183, 161, 255} }},
	{{ {-2100, 235, -1351}, 0, {92, 1005}, {42, 73, 161, 255} }},
	{{ {-2075, 235, -1286}, 0, {92, 979}, {95, 73, 42, 255} }},
	{{ {-2075, 165, -1286}, 0, {60, 979}, {95, 183, 42, 255} }},
	{{ {-2165, 165, -1326}, 0, {60, 1005}, {161, 183, 214, 255} }},
	{{ {-2165, 235, -1326}, 0, {92, 1005}, {161, 73, 214, 255} }},
	{{ {-2100, 235, -1351}, 0, {92, 979}, {42, 73, 161, 255} }},
	{{ {-2100, 165, -1351}, 0, {60, 979}, {42, 183, 161, 255} }},
	{{ {-2075, 165, -1286}, 0, {60, 1005}, {95, 183, 42, 255} }},
	{{ {-2075, 235, -1286}, 0, {92, 1005}, {95, 73, 42, 255} }},
	{{ {-2139, 235, -1261}, 0, {92, 979}, {214, 73, 95, 255} }},
	{{ {-2139, 165, -1261}, 0, {60, 979}, {214, 183, 95, 255} }},
	{{ {-2139, 165, -1261}, 0, {60, 1005}, {214, 183, 95, 255} }},
	{{ {-2139, 235, -1261}, 0, {92, 1005}, {214, 73, 95, 255} }},
	{{ {-2165, 235, -1326}, 0, {92, 979}, {161, 73, 214, 255} }},
	{{ {-2165, 165, -1326}, 0, {60, 979}, {161, 183, 214, 255} }},
	{{ {-2075, 165, -1286}, 0, {92, 1005}, {95, 183, 42, 255} }},
	{{ {-2139, 165, -1261}, 0, {92, 979}, {214, 183, 95, 255} }},
	{{ {-2075, 235, -1286}, 0, {60, 1005}, {95, 73, 42, 255} }},
	{{ {-2139, 235, -1261}, 0, {60, 979}, {214, 73, 95, 255} }},
	{{ {-2173, 177, 1137}, 0, {865, 799}, {214, 146, 209, 255} }},
	{{ {-2135, 177, 1139}, 0, {418, 971}, {91, 169, 242, 255} }},
	{{ {-2155, 177, 1157}, 0, {418, 971}, {42, 146, 47, 255} }},
	{{ {-2153, 177, 1119}, 0, {865, 799}, {24, 169, 167, 255} }},
	{{ {-2182, 200, 1127}, 0, {939, 326}, {171, 0, 162, 255} }},
	{{ {-2162, 200, 1109}, 0, {939, 326}, {246, 0, 129, 255} }},
	{{ {-2173, 223, 1137}, 0, {567, 25}, {214, 110, 209, 255} }},
	{{ {-2153, 223, 1119}, 0, {567, 25}, {24, 87, 167, 255} }},
	{{ {-2155, 223, 1157}, 0, {120, 197}, {42, 110, 47, 255} }},
	{{ {-2135, 223, 1139}, 0, {120, 197}, {91, 87, 242, 255} }},
	{{ {-2146, 200, 1167}, 0, {46, 670}, {85, 0, 94, 255} }},
	{{ {-2126, 200, 1149}, 0, {46, 670}, {125, 0, 23, 255} }},
	{{ {-2094, 177, -1278}, 0, {865, 799}, {59, 146, 233, 255} }},
	{{ {-2110, 177, -1244}, 0, {418, 971}, {237, 169, 90, 255} }},
	{{ {-2120, 177, -1269}, 0, {418, 971}, {197, 146, 23, 255} }},
	{{ {-2085, 177, -1253}, 0, {865, 799}, {75, 169, 54, 255} }},
	{{ {-2082, 200, -1283}, 0, {939, 326}, {118, 0, 210, 255} }},
	{{ {-2072, 200, -1258}, 0, {939, 326}, {122, 0, 36, 255} }},
	{{ {-2094, 223, -1278}, 0, {567, 25}, {59, 110, 233, 255} }},
	{{ {-2085, 223, -1253}, 0, {567, 25}, {75, 87, 54, 255} }},
	{{ {-2120, 223, -1269}, 0, {120, 197}, {197, 110, 23, 255} }},
	{{ {-2110, 223, -1244}, 0, {120, 197}, {237, 87, 90, 255} }},
	{{ {-2132, 200, -1264}, 0, {46, 670}, {138, 0, 46, 255} }},
	{{ {-2122, 200, -1239}, 0, {46, 670}, {190, 0, 109, 255} }},
};

Gfx rbtcm_rbtcm_mesh_layer_4_tri_4[] = {
	gsSPVertex(rbtcm_rbtcm_mesh_layer_4_vtx_4 + 0, 32, 0),
	gsSP2Triangles(0, 1, 2, 0, 3, 4, 5, 0),
	gsSP2Triangles(6, 7, 8, 0, 9, 10, 11, 0),
	gsSP2Triangles(12, 13, 14, 0, 12, 14, 15, 0),
	gsSP2Triangles(16, 17, 18, 0, 16, 18, 19, 0),
	gsSP2Triangles(20, 21, 22, 0, 20, 22, 23, 0),
	gsSP2Triangles(24, 25, 26, 0, 24, 26, 27, 0),
	gsSP2Triangles(12, 28, 29, 0, 12, 29, 27, 0),
	gsSP2Triangles(30, 13, 26, 0, 30, 26, 31, 0),
	gsSPVertex(rbtcm_rbtcm_mesh_layer_4_vtx_4 + 32, 32, 0),
	gsSP2Triangles(0, 1, 2, 0, 0, 2, 3, 0),
	gsSP2Triangles(4, 5, 6, 0, 4, 6, 7, 0),
	gsSP2Triangles(8, 9, 10, 0, 8, 10, 11, 0),
	gsSP2Triangles(12, 13, 14, 0, 12, 14, 15, 0),
	gsSP2Triangles(0, 16, 17, 0, 0, 17, 15, 0),
	gsSP2Triangles(18, 1, 14, 0, 18, 14, 19, 0),
	gsSP2Triangles(20, 21, 22, 0, 20, 23, 21, 0),
	gsSP2Triangles(24, 23, 20, 0, 24, 25, 23, 0),
	gsSP2Triangles(26, 25, 24, 0, 26, 27, 25, 0),
	gsSP2Triangles(28, 27, 26, 0, 28, 29, 27, 0),
	gsSP2Triangles(30, 29, 28, 0, 30, 31, 29, 0),
	gsSP2Triangles(22, 31, 30, 0, 22, 21, 31, 0),
	gsSP2Triangles(29, 31, 21, 0, 21, 25, 29, 0),
	gsSP2Triangles(21, 23, 25, 0, 25, 27, 29, 0),
	gsSPVertex(rbtcm_rbtcm_mesh_layer_4_vtx_4 + 64, 12, 0),
	gsSP2Triangles(0, 1, 2, 0, 0, 3, 1, 0),
	gsSP2Triangles(4, 3, 0, 0, 4, 5, 3, 0),
	gsSP2Triangles(6, 5, 4, 0, 6, 7, 5, 0),
	gsSP2Triangles(8, 7, 6, 0, 8, 9, 7, 0),
	gsSP2Triangles(10, 9, 8, 0, 10, 11, 9, 0),
	gsSP2Triangles(2, 11, 10, 0, 2, 1, 11, 0),
	gsSP2Triangles(9, 11, 1, 0, 1, 5, 9, 0),
	gsSP2Triangles(1, 3, 5, 0, 5, 7, 9, 0),
	gsSPEndDisplayList(),
};

Vtx rbtcm_rbtcm_mesh_layer_0_vtx_0[82] = {
	{{ {-996, 4767, -1455}, 0, {1322, 1813}, {220, 170, 86, 255} }},
	{{ {-2201, 4767, -1455}, 0, {1701, 1368}, {36, 170, 86, 255} }},
	{{ {-2437, 3474, -2026}, 0, {1380, 476}, {47, 224, 114, 255} }},
	{{ {-759, 3474, -2026}, 0, {464, 1409}, {209, 224, 114, 255} }},
	{{ {-144, 4767, -603}, 0, {1368, 2395}, {170, 170, 36, 255} }},
	{{ {-996, 4767, -1455}, 0, {1322, 1813}, {220, 170, 86, 255} }},
	{{ {-759, 3474, -2026}, 0, {464, 1409}, {209, 224, 114, 255} }},
	{{ {428, 3474, -839}, 0, {476, 2716}, {142, 224, 47, 255} }},
	{{ {-144, 4767, 603}, 0, {1813, 2774}, {170, 170, 220, 255} }},
	{{ {-144, 4767, 603}, 0, {1813, 2774}, {170, 170, 220, 255} }},
	{{ {428, 3474, -839}, 0, {476, 2716}, {142, 224, 47, 255} }},
	{{ {428, 3474, 839}, 0, {1409, 3632}, {142, 224, 209, 255} }},
	{{ {-996, 4767, 1455}, 0, {2395, 2728}, {220, 170, 170, 255} }},
	{{ {-996, 4767, 1455}, 0, {2395, 2728}, {220, 170, 170, 255} }},
	{{ {428, 3474, 839}, 0, {1409, 3632}, {142, 224, 209, 255} }},
	{{ {-759, 3474, 2026}, 0, {2716, 3620}, {209, 224, 142, 255} }},
	{{ {-2201, 4767, 1455}, 0, {2774, 2283}, {36, 170, 170, 255} }},
	{{ {-2201, 4767, 1455}, 0, {2774, 2283}, {36, 170, 170, 255} }},
	{{ {-759, 3474, 2026}, 0, {2716, 3620}, {209, 224, 142, 255} }},
	{{ {-2437, 3474, 2026}, 0, {3632, 2687}, {47, 224, 142, 255} }},
	{{ {-3053, 4767, 603}, 0, {2728, 1701}, {86, 170, 220, 255} }},
	{{ {-3053, 4767, 603}, 0, {2728, 1701}, {86, 170, 220, 255} }},
	{{ {-2437, 3474, 2026}, 0, {3632, 2687}, {47, 224, 142, 255} }},
	{{ {-3624, 3474, 839}, 0, {3620, 1380}, {114, 224, 209, 255} }},
	{{ {-3053, 4767, -603}, 0, {2283, 1322}, {86, 170, 36, 255} }},
	{{ {-3053, 4767, -603}, 0, {2283, 1322}, {86, 170, 36, 255} }},
	{{ {-3624, 3474, 839}, 0, {3620, 1380}, {114, 224, 209, 255} }},
	{{ {-3624, 3474, -839}, 0, {2687, 464}, {114, 224, 47, 255} }},
	{{ {-2201, 4767, -1455}, 0, {1701, 1368}, {36, 170, 86, 255} }},
	{{ {-2201, 4767, -1455}, 0, {1701, 1368}, {36, 170, 86, 255} }},
	{{ {-3624, 3474, -839}, 0, {2687, 464}, {114, 224, 47, 255} }},
	{{ {-2437, 3474, -2026}, 0, {1380, 476}, {47, 224, 114, 255} }},
	{{ {-1598, 5463, 0}, 0, {2048, 2048}, {0, 129, 0, 255} }},
	{{ {-2201, 4767, -1455}, 0, {1701, 1368}, {36, 170, 86, 255} }},
	{{ {-996, 4767, -1455}, 0, {1322, 1813}, {220, 170, 86, 255} }},
	{{ {-3053, 4767, -603}, 0, {2283, 1322}, {86, 170, 36, 255} }},
	{{ {-144, 4767, -603}, 0, {1368, 2395}, {170, 170, 36, 255} }},
	{{ {-144, 4767, 603}, 0, {1813, 2774}, {170, 170, 220, 255} }},
	{{ {-996, 4767, 1455}, 0, {2395, 2728}, {220, 170, 170, 255} }},
	{{ {-1598, 5463, 0}, 0, {2048, 2048}, {0, 129, 0, 255} }},
	{{ {-996, 4767, 1455}, 0, {2395, 2728}, {220, 170, 170, 255} }},
	{{ {-2201, 4767, 1455}, 0, {2774, 2283}, {36, 170, 170, 255} }},
	{{ {-3053, 4767, 603}, 0, {2728, 1701}, {86, 170, 220, 255} }},
	{{ {-3053, 4767, -603}, 0, {2283, 1322}, {86, 170, 36, 255} }},
	{{ {-3624, 3474, 839}, 0, {3620, 1380}, {114, 224, 209, 255} }},
	{{ {-2437, 3474, 2026}, 0, {3632, 2687}, {47, 224, 142, 255} }},
	{{ {-2475, 2319, 2117}, 0, {4096, 2896}, {48, 245, 139, 255} }},
	{{ {-3715, 2319, 877}, 0, {4096, 1200}, {117, 245, 208, 255} }},
	{{ {-759, 3474, 2026}, 0, {2716, 3620}, {209, 224, 142, 255} }},
	{{ {428, 3474, 839}, 0, {1409, 3632}, {142, 224, 209, 255} }},
	{{ {518, 2319, 877}, 0, {1200, 4096}, {139, 245, 208, 255} }},
	{{ {-722, 2319, 2117}, 0, {2896, 4096}, {208, 245, 139, 255} }},
	{{ {428, 3474, -839}, 0, {476, 2716}, {142, 224, 47, 255} }},
	{{ {-759, 3474, -2026}, 0, {464, 1409}, {209, 224, 114, 255} }},
	{{ {-722, 2319, -2117}, 0, {0, 1200}, {208, 245, 117, 255} }},
	{{ {518, 2319, -877}, 0, {0, 2896}, {139, 245, 48, 255} }},
	{{ {-3624, 3474, -839}, 0, {2687, 464}, {114, 224, 47, 255} }},
	{{ {-3624, 3474, 839}, 0, {3620, 1380}, {114, 224, 209, 255} }},
	{{ {-3715, 2319, 877}, 0, {4096, 1200}, {117, 245, 208, 255} }},
	{{ {-3624, 3474, -839}, 0, {2687, 464}, {114, 224, 47, 255} }},
	{{ {-3715, 2319, 877}, 0, {4096, 1200}, {117, 245, 208, 255} }},
	{{ {-3715, 2319, -877}, 0, {2896, 0}, {117, 245, 48, 255} }},
	{{ {-2437, 3474, 2026}, 0, {3632, 2687}, {47, 224, 142, 255} }},
	{{ {-759, 3474, 2026}, 0, {2716, 3620}, {209, 224, 142, 255} }},
	{{ {-722, 2319, 2117}, 0, {2896, 4096}, {208, 245, 139, 255} }},
	{{ {-2475, 2319, 2117}, 0, {4096, 2896}, {48, 245, 139, 255} }},
	{{ {428, 3474, 839}, 0, {1409, 3632}, {142, 224, 209, 255} }},
	{{ {428, 3474, -839}, 0, {476, 2716}, {142, 224, 47, 255} }},
	{{ {518, 2319, -877}, 0, {0, 2896}, {139, 245, 48, 255} }},
	{{ {428, 3474, 839}, 0, {1409, 3632}, {142, 224, 209, 255} }},
	{{ {518, 2319, -877}, 0, {0, 2896}, {139, 245, 48, 255} }},
	{{ {518, 2319, 877}, 0, {1200, 4096}, {139, 245, 208, 255} }},
	{{ {-759, 3474, -2026}, 0, {464, 1409}, {209, 224, 114, 255} }},
	{{ {-2437, 3474, -2026}, 0, {1380, 476}, {47, 224, 114, 255} }},
	{{ {-2475, 2319, -2117}, 0, {1200, 0}, {48, 245, 117, 255} }},
	{{ {-759, 3474, -2026}, 0, {464, 1409}, {209, 224, 114, 255} }},
	{{ {-2475, 2319, -2117}, 0, {1200, 0}, {48, 245, 117, 255} }},
	{{ {-722, 2319, -2117}, 0, {0, 1200}, {208, 245, 117, 255} }},
	{{ {-2437, 3474, -2026}, 0, {1380, 476}, {47, 224, 114, 255} }},
	{{ {-3624, 3474, -839}, 0, {2687, 464}, {114, 224, 47, 255} }},
	{{ {-3715, 2319, -877}, 0, {2896, 0}, {117, 245, 48, 255} }},
	{{ {-2475, 2319, -2117}, 0, {1200, 0}, {48, 245, 117, 255} }},
};

Gfx rbtcm_rbtcm_mesh_layer_0_tri_0[] = {
	gsDPLoadSync(),
	gsDPSetTextureImage(G_IM_FMT_RGBA, G_IM_SIZ_16b, 128, rbtcm_sky_rgba16),
	gsDPSetTile(G_IM_FMT_RGBA, G_IM_SIZ_16b, 11, 0, 7, 0, G_TX_WRAP | G_TX_NOMIRROR, 0, 0, G_TX_WRAP | G_TX_NOMIRROR, 0, 0),
	gsDPLoadTile(7, 56, 56, 216, 228),
	gsDPSetTile(G_IM_FMT_RGBA, G_IM_SIZ_16b, 11, 0, 0, 0, G_TX_CLAMP | G_TX_NOMIRROR, 0, 0, G_TX_CLAMP | G_TX_NOMIRROR, 0, 0),
	gsDPSetTileSize(0, 56, 56, 216, 228),
	gsSPVertex(rbtcm_rbtcm_mesh_layer_0_vtx_0 + 0, 4, 0),
	gsSP2Triangles(0, 1, 2, 0, 0, 2, 3, 0),
	gsDPLoadSync(),
	gsDPLoadTile(7, 56, 176, 228, 348),
	gsDPSetTileSize(0, 56, 176, 228, 348),
	gsSPVertex(rbtcm_rbtcm_mesh_layer_0_vtx_0 + 4, 5, 0),
	gsSP2Triangles(0, 1, 2, 0, 0, 2, 3, 0),
	gsSP1Triangle(4, 0, 3, 0),
	gsDPLoadSync(),
	gsDPSetTile(G_IM_FMT_RGBA, G_IM_SIZ_16b, 16, 0, 7, 0, G_TX_WRAP | G_TX_NOMIRROR, 0, 0, G_TX_WRAP | G_TX_NOMIRROR, 0, 0),
	gsDPLoadTile(7, 56, 336, 300, 456),
	gsDPSetTile(G_IM_FMT_RGBA, G_IM_SIZ_16b, 16, 0, 0, 0, G_TX_CLAMP | G_TX_NOMIRROR, 0, 0, G_TX_CLAMP | G_TX_NOMIRROR, 0, 0),
	gsDPSetTileSize(0, 56, 336, 300, 456),
	gsSPVertex(rbtcm_rbtcm_mesh_layer_0_vtx_0 + 9, 4, 0),
	gsSP2Triangles(0, 1, 2, 0, 3, 0, 2, 0),
	gsDPLoadSync(),
	gsDPSetTile(G_IM_FMT_RGBA, G_IM_SIZ_16b, 11, 0, 7, 0, G_TX_WRAP | G_TX_NOMIRROR, 0, 0, G_TX_WRAP | G_TX_NOMIRROR, 0, 0),
	gsDPLoadTile(7, 176, 284, 348, 456),
	gsDPSetTile(G_IM_FMT_RGBA, G_IM_SIZ_16b, 11, 0, 0, 0, G_TX_CLAMP | G_TX_NOMIRROR, 0, 0, G_TX_CLAMP | G_TX_NOMIRROR, 0, 0),
	gsDPSetTileSize(0, 176, 284, 348, 456),
	gsSPVertex(rbtcm_rbtcm_mesh_layer_0_vtx_0 + 13, 4, 0),
	gsSP2Triangles(0, 1, 2, 0, 3, 0, 2, 0),
	gsDPLoadSync(),
	gsDPSetTile(G_IM_FMT_RGBA, G_IM_SIZ_16b, 8, 0, 7, 0, G_TX_WRAP | G_TX_NOMIRROR, 0, 0, G_TX_WRAP | G_TX_NOMIRROR, 0, 0),
	gsDPLoadTile(7, 336, 212, 456, 456),
	gsDPSetTile(G_IM_FMT_RGBA, G_IM_SIZ_16b, 8, 0, 0, 0, G_TX_CLAMP | G_TX_NOMIRROR, 0, 0, G_TX_CLAMP | G_TX_NOMIRROR, 0, 0),
	gsDPSetTileSize(0, 336, 212, 456, 456),
	gsSPVertex(rbtcm_rbtcm_mesh_layer_0_vtx_0 + 17, 4, 0),
	gsSP2Triangles(0, 1, 2, 0, 3, 0, 2, 0),
	gsDPLoadSync(),
	gsDPSetTile(G_IM_FMT_RGBA, G_IM_SIZ_16b, 11, 0, 7, 0, G_TX_WRAP | G_TX_NOMIRROR, 0, 0, G_TX_WRAP | G_TX_NOMIRROR, 0, 0),
	gsDPLoadTile(7, 284, 164, 456, 336),
	gsDPSetTile(G_IM_FMT_RGBA, G_IM_SIZ_16b, 11, 0, 0, 0, G_TX_CLAMP | G_TX_NOMIRROR, 0, 0, G_TX_CLAMP | G_TX_NOMIRROR, 0, 0),
	gsDPSetTileSize(0, 284, 164, 456, 336),
	gsSPVertex(rbtcm_rbtcm_mesh_layer_0_vtx_0 + 21, 4, 0),
	gsSP2Triangles(0, 1, 2, 0, 3, 0, 2, 0),
	gsDPLoadSync(),
	gsDPSetTile(G_IM_FMT_RGBA, G_IM_SIZ_16b, 16, 0, 7, 0, G_TX_WRAP | G_TX_NOMIRROR, 0, 0, G_TX_WRAP | G_TX_NOMIRROR, 0, 0),
	gsDPLoadTile(7, 212, 56, 456, 176),
	gsDPSetTile(G_IM_FMT_RGBA, G_IM_SIZ_16b, 16, 0, 0, 0, G_TX_CLAMP | G_TX_NOMIRROR, 0, 0, G_TX_CLAMP | G_TX_NOMIRROR, 0, 0),
	gsDPSetTileSize(0, 212, 56, 456, 176),
	gsSPVertex(rbtcm_rbtcm_mesh_layer_0_vtx_0 + 25, 4, 0),
	gsSP2Triangles(0, 1, 2, 0, 3, 0, 2, 0),
	gsDPLoadSync(),
	gsDPSetTile(G_IM_FMT_RGBA, G_IM_SIZ_16b, 11, 0, 7, 0, G_TX_WRAP | G_TX_NOMIRROR, 0, 0, G_TX_WRAP | G_TX_NOMIRROR, 0, 0),
	gsDPLoadTile(7, 172, 56, 336, 172),
	gsDPSetTile(G_IM_FMT_RGBA, G_IM_SIZ_16b, 11, 0, 0, 0, G_TX_CLAMP | G_TX_NOMIRROR, 0, 0, G_TX_CLAMP | G_TX_NOMIRROR, 0, 0),
	gsDPSetTileSize(0, 172, 56, 336, 172),
	gsSPVertex(rbtcm_rbtcm_mesh_layer_0_vtx_0 + 29, 3, 0),
	gsSP1Triangle(0, 1, 2, 0),
	gsDPLoadSync(),
	gsDPSetTile(G_IM_FMT_RGBA, G_IM_SIZ_16b, 9, 0, 7, 0, G_TX_WRAP | G_TX_NOMIRROR, 0, 0, G_TX_WRAP | G_TX_NOMIRROR, 0, 0),
	gsDPLoadTile(7, 164, 164, 300, 348),
	gsDPSetTile(G_IM_FMT_RGBA, G_IM_SIZ_16b, 9, 0, 0, 0, G_TX_CLAMP | G_TX_NOMIRROR, 0, 0, G_TX_CLAMP | G_TX_NOMIRROR, 0, 0),
	gsDPSetTileSize(0, 164, 164, 300, 348),
	gsSPVertex(rbtcm_rbtcm_mesh_layer_0_vtx_0 + 32, 7, 0),
	gsSP2Triangles(0, 1, 2, 0, 0, 3, 1, 0),
	gsSP2Triangles(0, 2, 4, 0, 0, 4, 5, 0),
	gsSP1Triangle(0, 5, 6, 0),
	gsDPLoadSync(),
	gsDPSetTile(G_IM_FMT_RGBA, G_IM_SIZ_16b, 6, 0, 7, 0, G_TX_WRAP | G_TX_NOMIRROR, 0, 0, G_TX_WRAP | G_TX_NOMIRROR, 0, 0),
	gsDPLoadTile(7, 256, 164, 348, 344),
	gsDPSetTile(G_IM_FMT_RGBA, G_IM_SIZ_16b, 6, 0, 0, 0, G_TX_CLAMP | G_TX_NOMIRROR, 0, 0, G_TX_CLAMP | G_TX_NOMIRROR, 0, 0),
	gsDPSetTileSize(0, 256, 164, 348, 344),
	gsSPVertex(rbtcm_rbtcm_mesh_layer_0_vtx_0 + 39, 5, 0),
	gsSP2Triangles(0, 1, 2, 0, 0, 2, 3, 0),
	gsSP1Triangle(0, 3, 4, 0),
	gsDPLoadSync(),
	gsDPSetTile(G_IM_FMT_RGBA, G_IM_SIZ_16b, 4, 0, 7, 0, G_TX_WRAP | G_TX_NOMIRROR, 0, 0, G_TX_WRAP | G_TX_NOMIRROR, 0, 0),
	gsDPLoadTile(7, 452, 148, 508, 364),
	gsDPSetTile(G_IM_FMT_RGBA, G_IM_SIZ_16b, 4, 0, 0, 0, G_TX_CLAMP | G_TX_NOMIRROR, 0, 0, G_TX_CLAMP | G_TX_NOMIRROR, 0, 0),
	gsDPSetTileSize(0, 452, 148, 508, 364),
	gsSPVertex(rbtcm_rbtcm_mesh_layer_0_vtx_0 + 44, 4, 0),
	gsSP2Triangles(0, 1, 2, 0, 0, 2, 3, 0),
	gsDPLoadSync(),
	gsDPSetTile(G_IM_FMT_RGBA, G_IM_SIZ_16b, 14, 0, 7, 0, G_TX_WRAP | G_TX_NOMIRROR, 0, 0, G_TX_WRAP | G_TX_NOMIRROR, 0, 0),
	gsDPLoadTile(7, 148, 452, 364, 508),
	gsDPSetTile(G_IM_FMT_RGBA, G_IM_SIZ_16b, 14, 0, 0, 0, G_TX_CLAMP | G_TX_NOMIRROR, 0, 0, G_TX_CLAMP | G_TX_NOMIRROR, 0, 0),
	gsDPSetTileSize(0, 148, 452, 364, 508),
	gsSPVertex(rbtcm_rbtcm_mesh_layer_0_vtx_0 + 48, 4, 0),
	gsSP2Triangles(0, 1, 2, 0, 0, 2, 3, 0),
	gsDPLoadSync(),
	gsDPSetTile(G_IM_FMT_RGBA, G_IM_SIZ_16b, 4, 0, 7, 0, G_TX_WRAP | G_TX_NOMIRROR, 0, 0, G_TX_WRAP | G_TX_NOMIRROR, 0, 0),
	gsDPLoadTile(7, 0, 148, 60, 364),
	gsDPSetTile(G_IM_FMT_RGBA, G_IM_SIZ_16b, 4, 0, 0, 0, G_TX_CLAMP | G_TX_NOMIRROR, 0, 0, G_TX_CLAMP | G_TX_NOMIRROR, 0, 0),
	gsDPSetTileSize(0, 0, 148, 60, 364),
	gsSPVertex(rbtcm_rbtcm_mesh_layer_0_vtx_0 + 52, 4, 0),
	gsSP2Triangles(0, 1, 2, 0, 0, 2, 3, 0),
	gsDPLoadSync(),
	gsDPSetTile(G_IM_FMT_RGBA, G_IM_SIZ_16b, 12, 0, 7, 0, G_TX_WRAP | G_TX_NOMIRROR, 0, 0, G_TX_WRAP | G_TX_NOMIRROR, 0, 0),
	gsDPLoadTile(7, 332, 56, 508, 176),
	gsDPSetTile(G_IM_FMT_RGBA, G_IM_SIZ_16b, 12, 0, 0, 0, G_TX_CLAMP | G_TX_NOMIRROR, 0, 0, G_TX_CLAMP | G_TX_NOMIRROR, 0, 0),
	gsDPSetTileSize(0, 332, 56, 508, 176),
	gsSPVertex(rbtcm_rbtcm_mesh_layer_0_vtx_0 + 56, 3, 0),
	gsSP1Triangle(0, 1, 2, 0),
	gsDPLoadSync(),
	gsDPLoadTile(7, 332, 0, 508, 152),
	gsDPSetTileSize(0, 332, 0, 508, 152),
	gsSPVertex(rbtcm_rbtcm_mesh_layer_0_vtx_0 + 59, 3, 0),
	gsSP1Triangle(0, 1, 2, 0),
	gsDPLoadSync(),
	gsDPSetTile(G_IM_FMT_RGBA, G_IM_SIZ_16b, 11, 0, 7, 0, G_TX_WRAP | G_TX_NOMIRROR, 0, 0, G_TX_WRAP | G_TX_NOMIRROR, 0, 0),
	gsDPLoadTile(7, 336, 332, 508, 508),
	gsDPSetTile(G_IM_FMT_RGBA, G_IM_SIZ_16b, 11, 0, 0, 0, G_TX_CLAMP | G_TX_NOMIRROR, 0, 0, G_TX_CLAMP | G_TX_NOMIRROR, 0, 0),
	gsDPSetTileSize(0, 336, 332, 508, 508),
	gsSPVertex(rbtcm_rbtcm_mesh_layer_0_vtx_0 + 62, 4, 0),
	gsSP2Triangles(0, 1, 2, 0, 0, 2, 3, 0),
	gsDPLoadSync(),
	gsDPSetTile(G_IM_FMT_RGBA, G_IM_SIZ_16b, 12, 0, 7, 0, G_TX_WRAP | G_TX_NOMIRROR, 0, 0, G_TX_WRAP | G_TX_NOMIRROR, 0, 0),
	gsDPLoadTile(7, 0, 336, 180, 456),
	gsDPSetTile(G_IM_FMT_RGBA, G_IM_SIZ_16b, 12, 0, 0, 0, G_TX_CLAMP | G_TX_NOMIRROR, 0, 0, G_TX_CLAMP | G_TX_NOMIRROR, 0, 0),
	gsDPSetTileSize(0, 0, 336, 180, 456),
	gsSPVertex(rbtcm_rbtcm_mesh_layer_0_vtx_0 + 66, 3, 0),
	gsSP1Triangle(0, 1, 2, 0),
	gsDPLoadSync(),
	gsDPLoadTile(7, 0, 360, 180, 508),
	gsDPSetTileSize(0, 0, 360, 180, 508),
	gsSPVertex(rbtcm_rbtcm_mesh_layer_0_vtx_0 + 69, 3, 0),
	gsSP1Triangle(0, 1, 2, 0),
	gsDPLoadSync(),
	gsDPSetTile(G_IM_FMT_RGBA, G_IM_SIZ_16b, 8, 0, 7, 0, G_TX_WRAP | G_TX_NOMIRROR, 0, 0, G_TX_WRAP | G_TX_NOMIRROR, 0, 0),
	gsDPLoadTile(7, 56, 0, 176, 180),
	gsDPSetTile(G_IM_FMT_RGBA, G_IM_SIZ_16b, 8, 0, 0, 0, G_TX_CLAMP | G_TX_NOMIRROR, 0, 0, G_TX_CLAMP | G_TX_NOMIRROR, 0, 0),
	gsDPSetTileSize(0, 56, 0, 176, 180),
	gsSPVertex(rbtcm_rbtcm_mesh_layer_0_vtx_0 + 72, 3, 0),
	gsSP1Triangle(0, 1, 2, 0),
	gsDPLoadSync(),
	gsDPSetTile(G_IM_FMT_RGBA, G_IM_SIZ_16b, 10, 0, 7, 0, G_TX_WRAP | G_TX_NOMIRROR, 0, 0, G_TX_WRAP | G_TX_NOMIRROR, 0, 0),
	gsDPLoadTile(7, 0, 0, 152, 180),
	gsDPSetTile(G_IM_FMT_RGBA, G_IM_SIZ_16b, 10, 0, 0, 0, G_TX_CLAMP | G_TX_NOMIRROR, 0, 0, G_TX_CLAMP | G_TX_NOMIRROR, 0, 0),
	gsDPSetTileSize(0, 0, 0, 152, 180),
	gsSPVertex(rbtcm_rbtcm_mesh_layer_0_vtx_0 + 75, 3, 0),
	gsSP1Triangle(0, 1, 2, 0),
	gsDPLoadSync(),
	gsDPSetTile(G_IM_FMT_RGBA, G_IM_SIZ_16b, 14, 0, 7, 0, G_TX_WRAP | G_TX_NOMIRROR, 0, 0, G_TX_WRAP | G_TX_NOMIRROR, 0, 0),
	gsDPLoadTile(7, 148, 0, 364, 60),
	gsDPSetTile(G_IM_FMT_RGBA, G_IM_SIZ_16b, 14, 0, 0, 0, G_TX_CLAMP | G_TX_NOMIRROR, 0, 0, G_TX_CLAMP | G_TX_NOMIRROR, 0, 0),
	gsDPSetTileSize(0, 148, 0, 364, 60),
	gsSPVertex(rbtcm_rbtcm_mesh_layer_0_vtx_0 + 78, 4, 0),
	gsSP2Triangles(0, 1, 2, 0, 0, 2, 3, 0),
	gsSPEndDisplayList(),
};

Vtx rbtcm_rbtcm_mesh_layer_5_vtx_0[8] = {
	{{ {-2916, 73, 73}, 0, {1029, 1438}, {127, 0, 0, 255} }},
	{{ {-2916, 73, -73}, 0, {-573, 1438}, {127, 0, 0, 255} }},
	{{ {-2916, 203, -73}, 0, {-573, 1530}, {127, 0, 0, 255} }},
	{{ {-2916, 203, 73}, 0, {1029, 1530}, {127, 0, 0, 255} }},
	{{ {-2916, 203, 73}, 0, {1029, 1530}, {0, 127, 0, 255} }},
	{{ {-2916, 203, -73}, 0, {-573, 1530}, {0, 127, 0, 255} }},
	{{ {-2936, 203, -73}, 0, {-573, 1530}, {0, 127, 0, 255} }},
	{{ {-2936, 203, 73}, 0, {1029, 1530}, {0, 127, 0, 255} }},
};

Gfx rbtcm_rbtcm_mesh_layer_5_tri_0[] = {
	gsSPVertex(rbtcm_rbtcm_mesh_layer_5_vtx_0 + 0, 8, 0),
	gsSP2Triangles(0, 1, 2, 0, 0, 2, 3, 0),
	gsSP2Triangles(4, 5, 6, 0, 4, 6, 7, 0),
	gsSPEndDisplayList(),
};

Vtx rbtcm_rbtcm_mesh_layer_5_vtx_1[4] = {
	{{ {-2685, 73, 119}, 0, {1512, -1084}, {0, 127, 0, 255} }},
	{{ {-2685, 73, -119}, 0, {-1056, -1084}, {0, 127, 0, 255} }},
	{{ {-2924, 73, -119}, 0, {-1056, 4052}, {0, 127, 0, 255} }},
	{{ {-2924, 73, 119}, 0, {1512, 4052}, {0, 127, 0, 255} }},
};

Gfx rbtcm_rbtcm_mesh_layer_5_tri_1[] = {
	gsSPVertex(rbtcm_rbtcm_mesh_layer_5_vtx_1 + 0, 4, 0),
	gsSP2Triangles(0, 1, 2, 0, 0, 2, 3, 0),
	gsSPEndDisplayList(),
};

Vtx rbtcm_rbtcm_mesh_layer_2_vtx_0[4] = {
	{{ {-747, 860, 1088}, 0, {1008, -16}, {166, 0, 166, 255} }},
	{{ {-606, 860, 946}, 0, {-16, -16}, {166, 0, 166, 255} }},
	{{ {-606, 460, 946}, 0, {-16, 2032}, {166, 0, 166, 255} }},
	{{ {-747, 460, 1088}, 0, {1008, 2032}, {166, 0, 166, 255} }},
};

Gfx rbtcm_rbtcm_mesh_layer_2_tri_0[] = {
	gsSPVertex(rbtcm_rbtcm_mesh_layer_2_vtx_0 + 0, 4, 0),
	gsSP2Triangles(0, 1, 2, 0, 0, 2, 3, 0),
	gsSPEndDisplayList(),
};

Vtx rbtcm_rbtcm_mesh_layer_2_vtx_1[4] = {
	{{ {-700, 860, -1040}, 0, {-16, -16}, {166, 0, 90, 255} }},
	{{ {-700, 460, -1040}, 0, {-16, 2032}, {166, 0, 90, 255} }},
	{{ {-558, 460, -899}, 0, {1008, 2032}, {166, 0, 90, 255} }},
	{{ {-558, 860, -899}, 0, {1008, -16}, {166, 0, 90, 255} }},
};

Gfx rbtcm_rbtcm_mesh_layer_2_tri_1[] = {
	gsSPVertex(rbtcm_rbtcm_mesh_layer_2_vtx_1 + 0, 4, 0),
	gsSP2Triangles(0, 1, 2, 0, 0, 2, 3, 0),
	gsSPEndDisplayList(),
};


Gfx mat_rbtcm_Walls_v4[] = {
	gsSPLightColor(LIGHT_1, 0xFFFFFFFF),
	gsSPLightColor(LIGHT_2, 0x7F7F7FFF),
	gsDPPipeSync(),
	gsDPSetCombineLERP(TEXEL0, 0, SHADE, 0, 0, 0, 0, ENVIRONMENT, TEXEL0, 0, SHADE, 0, 0, 0, 0, ENVIRONMENT),
	gsDPSetAlphaDither(G_AD_NOISE),
	gsDPSetTextureLUT(G_TT_RGBA16),
	gsSPTexture(65535, 65535, 0, 0, 1),
	gsDPSetTextureImage(G_IM_FMT_RGBA, G_IM_SIZ_16b, 1, rbtcm_cha_renga_pal_rgba16),
	gsDPSetTile(0, 0, 0, 256, 5, 0, G_TX_WRAP | G_TX_NOMIRROR, 0, 0, G_TX_WRAP | G_TX_NOMIRROR, 0, 0),
	gsDPLoadTLUTCmd(5, 53),
	gsDPSetTextureImage(G_IM_FMT_CI, G_IM_SIZ_8b_LOAD_BLOCK, 1, rbtcm_cha_renga_ci8),
	gsDPSetTile(G_IM_FMT_CI, G_IM_SIZ_8b_LOAD_BLOCK, 0, 0, 7, 0, G_TX_WRAP | G_TX_NOMIRROR, 0, 0, G_TX_WRAP | G_TX_NOMIRROR, 0, 0),
	gsDPLoadBlock(7, 0, 0, 511, 512),
	gsDPSetTile(G_IM_FMT_CI, G_IM_SIZ_8b, 4, 0, 0, 0, G_TX_WRAP | G_TX_NOMIRROR, 5, 0, G_TX_WRAP | G_TX_NOMIRROR, 5, 0),
	gsDPSetTileSize(0, 0, 0, 124, 124),
	gsSPEndDisplayList(),
};

Gfx mat_revert_rbtcm_Walls_v4[] = {
	gsDPPipeSync(),
	gsDPSetAlphaDither(G_AD_DISABLE),
	gsDPSetTextureLUT(G_TT_NONE),
	gsSPEndDisplayList(),
};

Gfx mat_rbtcm_Carpet_v4[] = {
	gsSPLightColor(LIGHT_1, 0xFFFFFFFF),
	gsSPLightColor(LIGHT_2, 0x7F7F7FFF),
	gsDPPipeSync(),
	gsDPSetCombineLERP(TEXEL0, 0, SHADE, 0, 0, 0, 0, ENVIRONMENT, TEXEL0, 0, SHADE, 0, 0, 0, 0, ENVIRONMENT),
	gsDPSetAlphaDither(G_AD_NOISE),
	gsDPSetTextureLUT(G_TT_RGBA16),
	gsSPTexture(65535, 65535, 0, 0, 1),
	gsDPSetTextureImage(G_IM_FMT_RGBA, G_IM_SIZ_16b, 1, rbtcm_carpet2_pal_rgba16),
	gsDPSetTile(0, 0, 0, 256, 5, 0, G_TX_WRAP | G_TX_NOMIRROR, 0, 0, G_TX_WRAP | G_TX_NOMIRROR, 0, 0),
	gsDPLoadTLUTCmd(5, 7),
	gsDPSetTextureImage(G_IM_FMT_CI, G_IM_SIZ_16b, 1, rbtcm_carpet2_ci4),
	gsDPSetTile(G_IM_FMT_CI, G_IM_SIZ_16b, 0, 0, 7, 0, G_TX_WRAP | G_TX_NOMIRROR, 0, 0, G_TX_WRAP | G_TX_NOMIRROR, 0, 0),
	gsDPLoadBlock(7, 0, 0, 255, 1024),
	gsDPSetTile(G_IM_FMT_CI, G_IM_SIZ_4b, 2, 0, 0, 0, G_TX_WRAP | G_TX_NOMIRROR, 5, 0, G_TX_WRAP | G_TX_NOMIRROR, 5, 0),
	gsDPSetTileSize(0, 0, 0, 124, 124),
	gsSPEndDisplayList(),
};

Gfx mat_revert_rbtcm_Carpet_v4[] = {
	gsDPPipeSync(),
	gsDPSetAlphaDither(G_AD_DISABLE),
	gsDPSetTextureLUT(G_TT_NONE),
	gsSPEndDisplayList(),
};

Gfx mat_rbtcm_Pillar_v4[] = {
	gsSPLightColor(LIGHT_1, 0xFFFFFFFF),
	gsSPLightColor(LIGHT_2, 0x7F7F7FFF),
	gsDPPipeSync(),
	gsDPSetCombineLERP(TEXEL0, 0, SHADE, 0, 0, 0, 0, ENVIRONMENT, TEXEL0, 0, SHADE, 0, 0, 0, 0, ENVIRONMENT),
	gsDPSetAlphaDither(G_AD_NOISE),
	gsDPSetTextureLUT(G_TT_RGBA16),
	gsSPTexture(65535, 65535, 0, 0, 1),
	gsDPSetTextureImage(G_IM_FMT_RGBA, G_IM_SIZ_16b, 1, rbtcm_pillar_pal_rgba16),
	gsDPSetTile(0, 0, 0, 256, 5, 0, G_TX_WRAP | G_TX_NOMIRROR, 0, 0, G_TX_WRAP | G_TX_NOMIRROR, 0, 0),
	gsDPLoadTLUTCmd(5, 16),
	gsDPSetTextureImage(G_IM_FMT_CI, G_IM_SIZ_8b_LOAD_BLOCK, 1, rbtcm_pillar_ci8),
	gsDPSetTile(G_IM_FMT_CI, G_IM_SIZ_8b_LOAD_BLOCK, 0, 0, 7, 0, G_TX_WRAP | G_TX_NOMIRROR, 0, 0, G_TX_WRAP | G_TX_NOMIRROR, 0, 0),
	gsDPLoadBlock(7, 0, 0, 1023, 256),
	gsDPSetTile(G_IM_FMT_CI, G_IM_SIZ_8b, 8, 0, 0, 0, G_TX_WRAP | G_TX_NOMIRROR, 5, 0, G_TX_WRAP | G_TX_NOMIRROR, 6, 0),
	gsDPSetTileSize(0, 0, 0, 252, 124),
	gsSPEndDisplayList(),
};

Gfx mat_revert_rbtcm_Pillar_v4[] = {
	gsDPPipeSync(),
	gsDPSetAlphaDither(G_AD_DISABLE),
	gsDPSetTextureLUT(G_TT_NONE),
	gsSPEndDisplayList(),
};

Gfx mat_rbtcm_walls_v4[] = {
	gsSPLightColor(LIGHT_1, 0xFFFFFFFF),
	gsSPLightColor(LIGHT_2, 0x7F7F7FFF),
	gsDPPipeSync(),
	gsDPSetCombineLERP(TEXEL0, 0, SHADE, 0, 0, 0, 0, ENVIRONMENT, TEXEL0, 0, SHADE, 0, 0, 0, 0, ENVIRONMENT),
	gsDPSetAlphaDither(G_AD_NOISE),
	gsDPSetTextureLUT(G_TT_RGBA16),
	gsSPTexture(65535, 65535, 0, 0, 1),
	gsDPSetTextureImage(G_IM_FMT_RGBA, G_IM_SIZ_16b, 1, rbtcm_night_mt_pal_rgba16),
	gsDPSetTile(0, 0, 0, 256, 5, 0, G_TX_WRAP | G_TX_NOMIRROR, 0, 0, G_TX_WRAP | G_TX_NOMIRROR, 0, 0),
	gsDPLoadTLUTCmd(5, 99),
	gsDPSetTextureImage(G_IM_FMT_CI, G_IM_SIZ_8b_LOAD_BLOCK, 1, rbtcm_night_mt_ci8),
	gsDPSetTile(G_IM_FMT_CI, G_IM_SIZ_8b_LOAD_BLOCK, 0, 0, 7, 0, G_TX_WRAP | G_TX_NOMIRROR, 0, 0, G_TX_WRAP | G_TX_NOMIRROR, 0, 0),
	gsDPLoadBlock(7, 0, 0, 1023, 512),
	gsDPSetTile(G_IM_FMT_CI, G_IM_SIZ_8b, 4, 0, 0, 0, G_TX_CLAMP | G_TX_NOMIRROR, 6, 0, G_TX_WRAP | G_TX_NOMIRROR, 5, 0),
	gsDPSetTileSize(0, 0, 0, 124, 252),
	gsSPEndDisplayList(),
};

Gfx mat_revert_rbtcm_walls_v4[] = {
	gsDPPipeSync(),
	gsDPSetAlphaDither(G_AD_DISABLE),
	gsDPSetTextureLUT(G_TT_NONE),
	gsSPEndDisplayList(),
};

Gfx mat_rbtcm_tiles_v4[] = {
	gsSPLightColor(LIGHT_1, 0xFFFFFFFF),
	gsSPLightColor(LIGHT_2, 0x7F7F7FFF),
	gsDPPipeSync(),
	gsDPSetCombineLERP(TEXEL0, 0, SHADE, 0, 0, 0, 0, ENVIRONMENT, TEXEL0, 0, SHADE, 0, 0, 0, 0, ENVIRONMENT),
	gsDPSetAlphaDither(G_AD_NOISE),
	gsDPSetTextureLUT(G_TT_RGBA16),
	gsSPTexture(65535, 65535, 0, 0, 1),
	gsDPSetTextureImage(G_IM_FMT_RGBA, G_IM_SIZ_16b, 1, rbtcm_gate_pal_rgba16),
	gsDPSetTile(0, 0, 0, 256, 5, 0, G_TX_WRAP | G_TX_NOMIRROR, 0, 0, G_TX_WRAP | G_TX_NOMIRROR, 0, 0),
	gsDPLoadTLUTCmd(5, 21),
	gsDPSetTextureImage(G_IM_FMT_CI, G_IM_SIZ_8b_LOAD_BLOCK, 1, rbtcm_gate_ci8),
	gsDPSetTile(G_IM_FMT_CI, G_IM_SIZ_8b_LOAD_BLOCK, 0, 0, 7, 0, G_TX_WRAP | G_TX_NOMIRROR, 0, 0, G_TX_WRAP | G_TX_NOMIRROR, 0, 0),
	gsDPLoadBlock(7, 0, 0, 511, 512),
	gsDPSetTile(G_IM_FMT_CI, G_IM_SIZ_8b, 4, 0, 0, 0, G_TX_WRAP | G_TX_NOMIRROR, 5, 0, G_TX_WRAP | G_TX_NOMIRROR, 5, 0),
	gsDPSetTileSize(0, 0, 0, 124, 124),
	gsSPEndDisplayList(),
};

Gfx mat_revert_rbtcm_tiles_v4[] = {
	gsDPPipeSync(),
	gsDPSetAlphaDither(G_AD_DISABLE),
	gsDPSetTextureLUT(G_TT_NONE),
	gsSPEndDisplayList(),
};

Gfx mat_rbtcm_Window_v4[] = {
	gsSPClearGeometryMode(G_CULL_BACK),
	gsSPLightColor(LIGHT_1, 0xFFFFFFFF),
	gsSPLightColor(LIGHT_2, 0x7F7F7FFF),
	gsDPPipeSync(),
	gsDPSetCombineLERP(TEXEL0, 0, SHADE, 0, TEXEL0, 0, ENVIRONMENT, 0, TEXEL0, 0, SHADE, 0, TEXEL0, 0, ENVIRONMENT, 0),
	gsDPSetAlphaDither(G_AD_NOISE),
	gsDPSetTextureLUT(G_TT_RGBA16),
	gsSPTexture(65535, 65535, 0, 0, 1),
	gsDPSetTextureImage(G_IM_FMT_RGBA, G_IM_SIZ_16b, 1, rbtcm_Window_pal_rgba16),
	gsDPSetTile(0, 0, 0, 256, 5, 0, G_TX_WRAP | G_TX_NOMIRROR, 0, 0, G_TX_WRAP | G_TX_NOMIRROR, 0, 0),
	gsDPLoadTLUTCmd(5, 30),
	gsDPSetTextureImage(G_IM_FMT_CI, G_IM_SIZ_8b_LOAD_BLOCK, 1, rbtcm_Window_ci8),
	gsDPSetTile(G_IM_FMT_CI, G_IM_SIZ_8b_LOAD_BLOCK, 0, 0, 7, 0, G_TX_WRAP | G_TX_NOMIRROR, 0, 0, G_TX_WRAP | G_TX_NOMIRROR, 0, 0),
	gsDPLoadBlock(7, 0, 0, 511, 512),
	gsDPSetTile(G_IM_FMT_CI, G_IM_SIZ_8b, 4, 0, 0, 0, G_TX_WRAP | G_TX_NOMIRROR, 5, 0, G_TX_WRAP | G_TX_NOMIRROR, 5, 0),
	gsDPSetTileSize(0, 0, 0, 124, 124),
	gsSPEndDisplayList(),
};

Gfx mat_revert_rbtcm_Window_v4[] = {
	gsSPSetGeometryMode(G_CULL_BACK),
	gsDPPipeSync(),
	gsDPSetAlphaDither(G_AD_DISABLE),
	gsDPSetTextureLUT(G_TT_NONE),
	gsSPEndDisplayList(),
};

Gfx mat_rbtcm_books_v4[] = {
	gsSPLightColor(LIGHT_1, 0xFFFFFFFF),
	gsSPLightColor(LIGHT_2, 0x7F7F7FFF),
	gsDPPipeSync(),
	gsDPSetCombineLERP(TEXEL0, 0, SHADE, 0, 0, 0, 0, ENVIRONMENT, TEXEL0, 0, SHADE, 0, 0, 0, 0, ENVIRONMENT),
	gsDPSetAlphaDither(G_AD_NOISE),
	gsDPSetTextureLUT(G_TT_RGBA16),
	gsSPTexture(65535, 65535, 0, 0, 1),
	gsDPSetTextureImage(G_IM_FMT_RGBA, G_IM_SIZ_16b, 1, rbtcm_Books_pal_rgba16),
	gsDPSetTile(0, 0, 0, 256, 5, 0, G_TX_WRAP | G_TX_NOMIRROR, 0, 0, G_TX_WRAP | G_TX_NOMIRROR, 0, 0),
	gsDPLoadTLUTCmd(5, 142),
	gsDPSetTextureImage(G_IM_FMT_CI, G_IM_SIZ_8b_LOAD_BLOCK, 1, rbtcm_Books_ci8),
	gsDPSetTile(G_IM_FMT_CI, G_IM_SIZ_8b_LOAD_BLOCK, 0, 0, 7, 0, G_TX_WRAP | G_TX_NOMIRROR, 0, 0, G_TX_WRAP | G_TX_NOMIRROR, 0, 0),
	gsDPLoadBlock(7, 0, 0, 1023, 512),
	gsDPSetTile(G_IM_FMT_CI, G_IM_SIZ_8b, 4, 0, 0, 0, G_TX_WRAP | G_TX_NOMIRROR, 6, 0, G_TX_WRAP | G_TX_NOMIRROR, 5, 0),
	gsDPSetTileSize(0, 0, 0, 124, 252),
	gsSPEndDisplayList(),
};

Gfx mat_revert_rbtcm_books_v4[] = {
	gsDPPipeSync(),
	gsDPSetAlphaDither(G_AD_DISABLE),
	gsDPSetTextureLUT(G_TT_NONE),
	gsSPEndDisplayList(),
};

Gfx mat_rbtcm_bookwall_v4[] = {
	gsSPLightColor(LIGHT_1, 0xFFFFFFFF),
	gsSPLightColor(LIGHT_2, 0x7F7F7FFF),
	gsDPPipeSync(),
	gsDPSetCombineLERP(TEXEL0, 0, SHADE, 0, 0, 0, 0, ENVIRONMENT, TEXEL0, 0, SHADE, 0, 0, 0, 0, ENVIRONMENT),
	gsDPSetAlphaDither(G_AD_NOISE),
	gsDPSetTextureLUT(G_TT_RGBA16),
	gsSPTexture(65535, 65535, 0, 0, 1),
	gsDPSetTextureImage(G_IM_FMT_RGBA, G_IM_SIZ_16b, 1, rbtcm_Bookwall_pal_rgba16),
	gsDPSetTile(0, 0, 0, 256, 5, 0, G_TX_WRAP | G_TX_NOMIRROR, 0, 0, G_TX_WRAP | G_TX_NOMIRROR, 0, 0),
	gsDPLoadTLUTCmd(5, 51),
	gsDPSetTextureImage(G_IM_FMT_CI, G_IM_SIZ_8b_LOAD_BLOCK, 1, rbtcm_Bookwall_ci8),
	gsDPSetTile(G_IM_FMT_CI, G_IM_SIZ_8b_LOAD_BLOCK, 0, 0, 7, 0, G_TX_WRAP | G_TX_NOMIRROR, 0, 0, G_TX_WRAP | G_TX_NOMIRROR, 0, 0),
	gsDPLoadBlock(7, 0, 0, 1023, 512),
	gsDPSetTile(G_IM_FMT_CI, G_IM_SIZ_8b, 4, 0, 0, 0, G_TX_WRAP | G_TX_NOMIRROR, 6, 0, G_TX_WRAP | G_TX_NOMIRROR, 5, 0),
	gsDPSetTileSize(0, 0, 0, 124, 252),
	gsSPEndDisplayList(),
};

Gfx mat_revert_rbtcm_bookwall_v4[] = {
	gsDPPipeSync(),
	gsDPSetAlphaDither(G_AD_DISABLE),
	gsDPSetTextureLUT(G_TT_NONE),
	gsSPEndDisplayList(),
};

Gfx mat_rbtcm_Darkness_v4[] = {
	gsSPLightColor(LIGHT_1, 0x000000FF),
	gsSPLightColor(LIGHT_2, 0x000000FF),
	gsDPPipeSync(),
	gsDPSetCombineLERP(0, 0, 0, SHADE, 0, 0, 0, ENVIRONMENT, 0, 0, 0, SHADE, 0, 0, 0, ENVIRONMENT),
	gsDPSetAlphaDither(G_AD_NOISE),
	gsSPTexture(65535, 65535, 0, 0, 1),
	gsSPEndDisplayList(),
};

Gfx mat_revert_rbtcm_Darkness_v4[] = {
	gsDPPipeSync(),
	gsDPSetAlphaDither(G_AD_DISABLE),
	gsSPEndDisplayList(),
};

Gfx mat_rbtcm_FountainBrick_v4[] = {
	gsSPLightColor(LIGHT_1, 0xFFFFFFFF),
	gsSPLightColor(LIGHT_2, 0x7F7F7FFF),
	gsDPPipeSync(),
	gsDPSetCombineLERP(TEXEL0, 0, SHADE, 0, 0, 0, 0, ENVIRONMENT, TEXEL0, 0, SHADE, 0, 0, 0, 0, ENVIRONMENT),
	gsDPSetAlphaDither(G_AD_NOISE),
	gsDPSetTextureLUT(G_TT_RGBA16),
	gsSPTexture(65535, 65535, 0, 0, 1),
	gsDPSetTextureImage(G_IM_FMT_RGBA, G_IM_SIZ_16b, 1, rbtcm_Brick_pal_rgba16),
	gsDPSetTile(0, 0, 0, 256, 5, 0, G_TX_WRAP | G_TX_NOMIRROR, 0, 0, G_TX_WRAP | G_TX_NOMIRROR, 0, 0),
	gsDPLoadTLUTCmd(5, 18),
	gsDPSetTextureImage(G_IM_FMT_CI, G_IM_SIZ_8b_LOAD_BLOCK, 1, rbtcm_Brick_ci8),
	gsDPSetTile(G_IM_FMT_CI, G_IM_SIZ_8b_LOAD_BLOCK, 0, 0, 7, 0, G_TX_WRAP | G_TX_NOMIRROR, 0, 0, G_TX_WRAP | G_TX_NOMIRROR, 0, 0),
	gsDPLoadBlock(7, 0, 0, 1023, 256),
	gsDPSetTile(G_IM_FMT_CI, G_IM_SIZ_8b, 8, 0, 0, 0, G_TX_WRAP | G_TX_NOMIRROR, 5, 0, G_TX_WRAP | G_TX_NOMIRROR, 6, 0),
	gsDPSetTileSize(0, 0, 0, 252, 124),
	gsSPEndDisplayList(),
};

Gfx mat_revert_rbtcm_FountainBrick_v4[] = {
	gsDPPipeSync(),
	gsDPSetAlphaDither(G_AD_DISABLE),
	gsDPSetTextureLUT(G_TT_NONE),
	gsSPEndDisplayList(),
};

Gfx mat_rbtcm_tiles_001_v4[] = {
	gsSPLightColor(LIGHT_1, 0xFFFFFFFF),
	gsSPLightColor(LIGHT_2, 0x7F7F7FFF),
	gsDPPipeSync(),
	gsDPSetCombineLERP(TEXEL0, 0, SHADE, 0, 0, 0, 0, ENVIRONMENT, TEXEL0, 0, SHADE, 0, 0, 0, 0, ENVIRONMENT),
	gsDPSetAlphaDither(G_AD_NOISE),
	gsDPSetTextureLUT(G_TT_RGBA16),
	gsSPTexture(65535, 65535, 0, 0, 1),
	gsDPSetTextureImage(G_IM_FMT_RGBA, G_IM_SIZ_16b, 1, rbtcm_Tiles_pal_rgba16),
	gsDPSetTile(0, 0, 0, 256, 5, 0, G_TX_WRAP | G_TX_NOMIRROR, 0, 0, G_TX_WRAP | G_TX_NOMIRROR, 0, 0),
	gsDPLoadTLUTCmd(5, 14),
	gsDPSetTextureImage(G_IM_FMT_CI, G_IM_SIZ_16b, 1, rbtcm_Tiles_ci4),
	gsDPSetTile(G_IM_FMT_CI, G_IM_SIZ_16b, 0, 0, 7, 0, G_TX_WRAP | G_TX_NOMIRROR, 0, 0, G_TX_WRAP | G_TX_NOMIRROR, 0, 0),
	gsDPLoadBlock(7, 0, 0, 255, 1024),
	gsDPSetTile(G_IM_FMT_CI, G_IM_SIZ_4b, 2, 0, 0, 0, G_TX_WRAP | G_TX_NOMIRROR, 5, 0, G_TX_WRAP | G_TX_NOMIRROR, 5, 0),
	gsDPSetTileSize(0, 0, 0, 124, 124),
	gsSPEndDisplayList(),
};

Gfx mat_revert_rbtcm_tiles_001_v4[] = {
	gsDPPipeSync(),
	gsDPSetAlphaDither(G_AD_DISABLE),
	gsDPSetTextureLUT(G_TT_NONE),
	gsSPEndDisplayList(),
};

Gfx mat_rbtcm_sm64_material_v4[] = {
	gsSPClearGeometryMode(G_CULL_BACK),
	gsSPLightColor(LIGHT_1, 0xFFFFFFFF),
	gsSPLightColor(LIGHT_2, 0x7F7F7FFF),
	gsDPPipeSync(),
	gsDPSetCombineLERP(TEXEL0, 0, SHADE, 0, TEXEL0, 0, ENVIRONMENT, 0, TEXEL0, 0, SHADE, 0, TEXEL0, 0, ENVIRONMENT, 0),
	gsDPSetAlphaDither(G_AD_NOISE),
	gsDPSetTextureLUT(G_TT_RGBA16),
	gsSPTexture(65535, 65535, 0, 0, 1),
	gsDPSetTextureImage(G_IM_FMT_RGBA, G_IM_SIZ_16b, 1, rbtcm__2star_pal_rgba16),
	gsDPSetTile(0, 0, 0, 256, 5, 0, G_TX_WRAP | G_TX_NOMIRROR, 0, 0, G_TX_WRAP | G_TX_NOMIRROR, 0, 0),
	gsDPLoadTLUTCmd(5, 131),
	gsDPSetTextureImage(G_IM_FMT_CI, G_IM_SIZ_8b_LOAD_BLOCK, 1, rbtcm__2star_ci8),
	gsDPSetTile(G_IM_FMT_CI, G_IM_SIZ_8b_LOAD_BLOCK, 0, 0, 7, 0, G_TX_WRAP | G_TX_NOMIRROR, 0, 0, G_TX_WRAP | G_TX_NOMIRROR, 0, 0),
	gsDPLoadBlock(7, 0, 0, 511, 512),
	gsDPSetTile(G_IM_FMT_CI, G_IM_SIZ_8b, 4, 0, 0, 0, G_TX_CLAMP | G_TX_NOMIRROR, 5, 0, G_TX_CLAMP | G_TX_NOMIRROR, 5, 0),
	gsDPSetTileSize(0, 0, 0, 124, 124),
	gsSPEndDisplayList(),
};

Gfx mat_revert_rbtcm_sm64_material_v4[] = {
	gsSPSetGeometryMode(G_CULL_BACK),
	gsDPPipeSync(),
	gsDPSetAlphaDither(G_AD_DISABLE),
	gsDPSetTextureLUT(G_TT_NONE),
	gsSPEndDisplayList(),
};

Gfx mat_rbtcm_metstar_v4[] = {
	gsSPClearGeometryMode(G_CULL_BACK),
	gsSPLightColor(LIGHT_1, 0xFFFFFFFF),
	gsSPLightColor(LIGHT_2, 0x7F7F7FFF),
	gsDPPipeSync(),
	gsDPSetCombineLERP(TEXEL0, 0, SHADE, 0, TEXEL0, 0, ENVIRONMENT, 0, TEXEL0, 0, SHADE, 0, TEXEL0, 0, ENVIRONMENT, 0),
	gsDPSetAlphaDither(G_AD_NOISE),
	gsDPSetTextureLUT(G_TT_RGBA16),
	gsSPTexture(65535, 65535, 0, 0, 1),
	gsDPSetTextureImage(G_IM_FMT_RGBA, G_IM_SIZ_16b, 1, rbtcm_MetalStar_pal_rgba16),
	gsDPSetTile(0, 0, 0, 256, 5, 0, G_TX_WRAP | G_TX_NOMIRROR, 0, 0, G_TX_WRAP | G_TX_NOMIRROR, 0, 0),
	gsDPLoadTLUTCmd(5, 227),
	gsDPSetTextureImage(G_IM_FMT_CI, G_IM_SIZ_8b_LOAD_BLOCK, 1, rbtcm_MetalStar_ci8),
	gsDPSetTile(G_IM_FMT_CI, G_IM_SIZ_8b_LOAD_BLOCK, 0, 0, 7, 0, G_TX_WRAP | G_TX_NOMIRROR, 0, 0, G_TX_WRAP | G_TX_NOMIRROR, 0, 0),
	gsDPLoadBlock(7, 0, 0, 511, 512),
	gsDPSetTile(G_IM_FMT_CI, G_IM_SIZ_8b, 4, 0, 0, 0, G_TX_CLAMP | G_TX_NOMIRROR, 5, 0, G_TX_CLAMP | G_TX_NOMIRROR, 5, 0),
	gsDPSetTileSize(0, 0, 0, 124, 124),
	gsSPEndDisplayList(),
};

Gfx mat_revert_rbtcm_metstar_v4[] = {
	gsSPSetGeometryMode(G_CULL_BACK),
	gsDPPipeSync(),
	gsDPSetAlphaDither(G_AD_DISABLE),
	gsDPSetTextureLUT(G_TT_NONE),
	gsSPEndDisplayList(),
};

Gfx mat_rbtcm_moon_carpet_v4[] = {
	gsSPClearGeometryMode(G_CULL_BACK),
	gsSPLightColor(LIGHT_1, 0xFFFFFFFF),
	gsSPLightColor(LIGHT_2, 0x7F7F7FFF),
	gsDPPipeSync(),
	gsDPSetCombineLERP(TEXEL0, 0, SHADE, 0, TEXEL0, 0, ENVIRONMENT, 0, TEXEL0, 0, SHADE, 0, TEXEL0, 0, ENVIRONMENT, 0),
	gsDPSetAlphaDither(G_AD_NOISE),
	gsDPSetTextureLUT(G_TT_RGBA16),
	gsSPTexture(65535, 65535, 0, 0, 1),
	gsDPSetTextureImage(G_IM_FMT_RGBA, G_IM_SIZ_16b, 1, rbtcm_moon_pal_rgba16),
	gsDPSetTile(0, 0, 0, 256, 5, 0, G_TX_WRAP | G_TX_NOMIRROR, 0, 0, G_TX_WRAP | G_TX_NOMIRROR, 0, 0),
	gsDPLoadTLUTCmd(5, 90),
	gsDPSetTextureImage(G_IM_FMT_CI, G_IM_SIZ_8b_LOAD_BLOCK, 1, rbtcm_moon_ci8),
	gsDPSetTile(G_IM_FMT_CI, G_IM_SIZ_8b_LOAD_BLOCK, 0, 0, 7, 0, G_TX_WRAP | G_TX_NOMIRROR, 0, 0, G_TX_WRAP | G_TX_NOMIRROR, 0, 0),
	gsDPLoadBlock(7, 0, 0, 1023, 512),
	gsDPSetTile(G_IM_FMT_CI, G_IM_SIZ_8b, 4, 0, 0, 0, G_TX_WRAP | G_TX_MIRROR, 6, 0, G_TX_WRAP | G_TX_MIRROR, 5, 0),
	gsDPSetTileSize(0, 0, 0, 124, 252),
	gsSPEndDisplayList(),
};

Gfx mat_revert_rbtcm_moon_carpet_v4[] = {
	gsSPSetGeometryMode(G_CULL_BACK),
	gsDPPipeSync(),
	gsDPSetAlphaDither(G_AD_DISABLE),
	gsDPSetTextureLUT(G_TT_NONE),
	gsSPEndDisplayList(),
};

Gfx mat_rbtcm_f3d_material_layer0[] = {
	gsSPClearGeometryMode(G_ZBUFFER),
	gsDPPipeSync(),
	gsDPSetCombineLERP(0, 0, 0, TEXEL0, 0, 0, 0, ENVIRONMENT, 0, 0, 0, TEXEL0, 0, 0, 0, ENVIRONMENT),
	gsDPSetAlphaDither(G_AD_NOISE),
	gsDPSetRenderMode(G_RM_OPA_SURF, G_RM_OPA_SURF2),
	gsSPTexture(65535, 65535, 0, 0, 1),
	gsSPEndDisplayList(),
};

Gfx mat_revert_rbtcm_f3d_material_layer0[] = {
	gsSPSetGeometryMode(G_ZBUFFER),
	gsDPPipeSync(),
	gsDPSetAlphaDither(G_AD_DISABLE),
	gsDPSetRenderMode(G_RM_ZB_OPA_SURF, G_RM_ZB_OPA_SURF2),
	gsSPEndDisplayList(),
};

Gfx mat_rbtcm_Water_v4[] = {
	gsSPClearGeometryMode(G_CULL_BACK),
	gsSPLightColor(LIGHT_1, 0xC6E2FFFF),
	gsSPLightColor(LIGHT_2, 0x61707FFF),
	gsDPPipeSync(),
	gsDPSetCombineLERP(TEXEL0, 0, SHADE, 0, TEXEL0, 0, PRIMITIVE, 0, TEXEL0, 0, SHADE, 0, TEXEL0, 0, PRIMITIVE, 0),
	gsDPSetAlphaDither(G_AD_NOISE),
	gsSPTexture(65535, 65535, 0, 0, 1),
	gsDPSetPrimColor(0, 0, 188, 188, 188, 255),
	gsDPSetTextureImage(G_IM_FMT_IA, G_IM_SIZ_8b_LOAD_BLOCK, 1, rbtcm_AdvGgtDimInd01_ia8),
	gsDPSetTile(G_IM_FMT_IA, G_IM_SIZ_8b_LOAD_BLOCK, 0, 0, 7, 0, G_TX_WRAP | G_TX_NOMIRROR, 0, 0, G_TX_WRAP | G_TX_NOMIRROR, 0, 0),
	gsDPLoadBlock(7, 0, 0, 1023, 512),
	gsDPSetTile(G_IM_FMT_IA, G_IM_SIZ_8b, 4, 0, 0, 0, G_TX_WRAP | G_TX_NOMIRROR, 6, 0, G_TX_WRAP | G_TX_NOMIRROR, 5, 0),
	gsDPSetTileSize(0, 0, 0, 124, 252),
	gsSPEndDisplayList(),
};

Gfx mat_revert_rbtcm_Water_v4[] = {
	gsSPSetGeometryMode(G_CULL_BACK),
	gsDPPipeSync(),
	gsDPSetAlphaDither(G_AD_DISABLE),
	gsSPEndDisplayList(),
};

Gfx mat_rbtcm_Water2_v4[] = {
	gsSPClearGeometryMode(G_CULL_BACK),
	gsSPLightColor(LIGHT_1, 0xBFE5FFFF),
	gsSPLightColor(LIGHT_2, 0x5E727FFF),
	gsDPPipeSync(),
	gsDPSetCombineLERP(TEXEL0, 0, SHADE, 0, TEXEL0, 0, PRIMITIVE, 0, TEXEL0, 0, SHADE, 0, TEXEL0, 0, PRIMITIVE, 0),
	gsDPSetAlphaDither(G_AD_NOISE),
	gsSPTexture(65535, 65535, 0, 0, 1),
	gsDPSetPrimColor(0, 0, 188, 188, 188, 255),
	gsDPSetTextureImage(G_IM_FMT_IA, G_IM_SIZ_8b_LOAD_BLOCK, 1, rbtcm_AdvGgtDimInd01_ia8),
	gsDPSetTile(G_IM_FMT_IA, G_IM_SIZ_8b_LOAD_BLOCK, 0, 0, 7, 0, G_TX_WRAP | G_TX_NOMIRROR, 0, 0, G_TX_WRAP | G_TX_NOMIRROR, 0, 0),
	gsDPLoadBlock(7, 0, 0, 1023, 512),
	gsDPSetTile(G_IM_FMT_IA, G_IM_SIZ_8b, 4, 0, 0, 0, G_TX_WRAP | G_TX_NOMIRROR, 6, 0, G_TX_WRAP | G_TX_NOMIRROR, 5, 0),
	gsDPSetTileSize(0, 0, 0, 124, 252),
	gsSPEndDisplayList(),
};

Gfx mat_revert_rbtcm_Water2_v4[] = {
	gsSPSetGeometryMode(G_CULL_BACK),
	gsDPPipeSync(),
	gsDPSetAlphaDither(G_AD_DISABLE),
	gsSPEndDisplayList(),
};

Gfx mat_rbtcm_f3dlite_material_022[] = {
	gsSPLightColor(LIGHT_1, 0xFFFFFFFF),
	gsSPLightColor(LIGHT_2, 0x7F7F7FFF),
	gsDPPipeSync(),
	gsDPSetCombineLERP(TEXEL0, 0, SHADE, 0, 0, 0, 0, ENVIRONMENT, TEXEL0, 0, SHADE, 0, 0, 0, 0, ENVIRONMENT),
	gsDPSetAlphaDither(G_AD_NOISE),
	gsSPTexture(65535, 65535, 0, 0, 1),
	gsDPSetTextureImage(G_IM_FMT_RGBA, G_IM_SIZ_16b_LOAD_BLOCK, 1, rbtcm_Red_hot_Resevoir_2_rgba16),
	gsDPSetTile(G_IM_FMT_RGBA, G_IM_SIZ_16b_LOAD_BLOCK, 0, 0, 7, 0, G_TX_WRAP | G_TX_NOMIRROR, 0, 0, G_TX_WRAP | G_TX_NOMIRROR, 0, 0),
	gsDPLoadBlock(7, 0, 0, 2047, 128),
	gsDPSetTile(G_IM_FMT_RGBA, G_IM_SIZ_16b, 16, 0, 0, 0, G_TX_CLAMP | G_TX_NOMIRROR, 5, 0, G_TX_WRAP | G_TX_NOMIRROR, 6, 0),
	gsDPSetTileSize(0, 0, 0, 252, 124),
	gsSPEndDisplayList(),
};

Gfx mat_revert_rbtcm_f3dlite_material_022[] = {
	gsDPPipeSync(),
	gsDPSetAlphaDither(G_AD_DISABLE),
	gsSPEndDisplayList(),
};

Gfx mat_rbtcm_f3dlite_material_023[] = {
	gsSPLightColor(LIGHT_1, 0xFFFFFFFF),
	gsSPLightColor(LIGHT_2, 0x7F7F7FFF),
	gsDPPipeSync(),
	gsDPSetCombineLERP(TEXEL0, 0, SHADE, 0, 0, 0, 0, ENVIRONMENT, TEXEL0, 0, SHADE, 0, 0, 0, 0, ENVIRONMENT),
	gsDPSetAlphaDither(G_AD_NOISE),
	gsSPTexture(65535, 65535, 0, 0, 1),
	gsDPSetTextureImage(G_IM_FMT_RGBA, G_IM_SIZ_16b_LOAD_BLOCK, 1, rbtcm_Red_hot_Resevoir_1_rgba16),
	gsDPSetTile(G_IM_FMT_RGBA, G_IM_SIZ_16b_LOAD_BLOCK, 0, 0, 7, 0, G_TX_WRAP | G_TX_NOMIRROR, 0, 0, G_TX_WRAP | G_TX_NOMIRROR, 0, 0),
	gsDPLoadBlock(7, 0, 0, 2047, 128),
	gsDPSetTile(G_IM_FMT_RGBA, G_IM_SIZ_16b, 16, 0, 0, 0, G_TX_CLAMP | G_TX_NOMIRROR, 5, 0, G_TX_WRAP | G_TX_NOMIRROR, 6, 0),
	gsDPSetTileSize(0, 0, 0, 252, 124),
	gsSPEndDisplayList(),
};

Gfx mat_revert_rbtcm_f3dlite_material_023[] = {
	gsDPPipeSync(),
	gsDPSetAlphaDither(G_AD_DISABLE),
	gsSPEndDisplayList(),
};

Gfx mat_rbtcm_f3dlite_material_024[] = {
	gsSPLightColor(LIGHT_1, 0xFFFFFFFF),
	gsSPLightColor(LIGHT_2, 0x7F7F7FFF),
	gsDPPipeSync(),
	gsDPSetCombineLERP(TEXEL0, 0, SHADE, 0, 0, 0, 0, ENVIRONMENT, TEXEL0, 0, SHADE, 0, 0, 0, 0, ENVIRONMENT),
	gsDPSetAlphaDither(G_AD_NOISE),
	gsSPTexture(65535, 65535, 0, 0, 1),
	gsDPSetTextureImage(G_IM_FMT_RGBA, G_IM_SIZ_16b_LOAD_BLOCK, 1, rbtcm_Lonely_Floating_Sky1_rgba16),
	gsDPSetTile(G_IM_FMT_RGBA, G_IM_SIZ_16b_LOAD_BLOCK, 0, 0, 7, 0, G_TX_WRAP | G_TX_NOMIRROR, 0, 0, G_TX_WRAP | G_TX_NOMIRROR, 0, 0),
	gsDPLoadBlock(7, 0, 0, 2047, 128),
	gsDPSetTile(G_IM_FMT_RGBA, G_IM_SIZ_16b, 16, 0, 0, 0, G_TX_CLAMP | G_TX_NOMIRROR, 5, 0, G_TX_WRAP | G_TX_NOMIRROR, 6, 0),
	gsDPSetTileSize(0, 0, 0, 252, 124),
	gsSPEndDisplayList(),
};

Gfx mat_revert_rbtcm_f3dlite_material_024[] = {
	gsDPPipeSync(),
	gsDPSetAlphaDither(G_AD_DISABLE),
	gsSPEndDisplayList(),
};

Gfx mat_rbtcm_f3dlite_material_025[] = {
	gsSPLightColor(LIGHT_1, 0xFFFFFFFF),
	gsSPLightColor(LIGHT_2, 0x7F7F7FFF),
	gsDPPipeSync(),
	gsDPSetCombineLERP(TEXEL0, 0, SHADE, 0, 0, 0, 0, ENVIRONMENT, TEXEL0, 0, SHADE, 0, 0, 0, 0, ENVIRONMENT),
	gsDPSetAlphaDither(G_AD_NOISE),
	gsSPTexture(65535, 65535, 0, 0, 1),
	gsDPSetTextureImage(G_IM_FMT_RGBA, G_IM_SIZ_16b_LOAD_BLOCK, 1, rbtcm_Lonely_Floating_Sky2_rgba16),
	gsDPSetTile(G_IM_FMT_RGBA, G_IM_SIZ_16b_LOAD_BLOCK, 0, 0, 7, 0, G_TX_WRAP | G_TX_NOMIRROR, 0, 0, G_TX_WRAP | G_TX_NOMIRROR, 0, 0),
	gsDPLoadBlock(7, 0, 0, 2047, 128),
	gsDPSetTile(G_IM_FMT_RGBA, G_IM_SIZ_16b, 16, 0, 0, 0, G_TX_CLAMP | G_TX_NOMIRROR, 5, 0, G_TX_WRAP | G_TX_NOMIRROR, 6, 0),
	gsDPSetTileSize(0, 0, 0, 252, 124),
	gsSPEndDisplayList(),
};

Gfx mat_revert_rbtcm_f3dlite_material_025[] = {
	gsDPPipeSync(),
	gsDPSetAlphaDither(G_AD_DISABLE),
	gsSPEndDisplayList(),
};

Gfx mat_rbtcm_telescope[] = {
	gsSPSetGeometryMode(G_TEXTURE_GEN),
	gsDPPipeSync(),
	gsDPSetCombineLERP(TEXEL0, 0, SHADE_ALPHA, 0, 0, 0, 0, 1, TEXEL0, 0, SHADE_ALPHA, 0, 0, 0, 0, 1),
	gsDPSetAlphaDither(G_AD_NOISE),
	gsSPTexture(4032, 1984, 0, 0, 1),
	gsDPSetTextureImage(G_IM_FMT_I, G_IM_SIZ_8b_LOAD_BLOCK, 1, rbtcm_rgba16_anonmoose_envmap_silver1_i8),
	gsDPSetTile(G_IM_FMT_I, G_IM_SIZ_8b_LOAD_BLOCK, 0, 0, 7, 0, G_TX_WRAP | G_TX_NOMIRROR, 0, 0, G_TX_WRAP | G_TX_NOMIRROR, 0, 0),
	gsDPLoadBlock(7, 0, 0, 1023, 256),
	gsDPSetTile(G_IM_FMT_I, G_IM_SIZ_8b, 8, 0, 0, 0, G_TX_WRAP | G_TX_NOMIRROR, 5, 0, G_TX_WRAP | G_TX_NOMIRROR, 6, 0),
	gsDPSetTileSize(0, 0, 0, 252, 124),
	gsSPEndDisplayList(),
};

Gfx mat_revert_rbtcm_telescope[] = {
	gsSPClearGeometryMode(G_TEXTURE_GEN),
	gsDPPipeSync(),
	gsDPSetAlphaDither(G_AD_DISABLE),
	gsSPEndDisplayList(),
};

Gfx mat_rbtcm_Lens[] = {
	gsSPSetGeometryMode(G_TEXTURE_GEN),
	gsDPPipeSync(),
	gsDPSetCombineLERP(PRIMITIVE, 0, TEXEL0, 0, 0, 0, 0, ENVIRONMENT, PRIMITIVE, 0, TEXEL0, 0, 0, 0, 0, ENVIRONMENT),
	gsDPSetAlphaDither(G_AD_NOISE),
	gsSPTexture(4032, 1984, 0, 0, 1),
	gsDPSetPrimColor(0, 0, 64, 245, 255, 255),
	gsDPSetTextureImage(G_IM_FMT_I, G_IM_SIZ_8b_LOAD_BLOCK, 1, rbtcm_rgba16_anonmoose_envmap_silver1_i8),
	gsDPSetTile(G_IM_FMT_I, G_IM_SIZ_8b_LOAD_BLOCK, 0, 0, 7, 0, G_TX_WRAP | G_TX_NOMIRROR, 0, 0, G_TX_WRAP | G_TX_NOMIRROR, 0, 0),
	gsDPLoadBlock(7, 0, 0, 1023, 256),
	gsDPSetTile(G_IM_FMT_I, G_IM_SIZ_8b, 8, 0, 0, 0, G_TX_WRAP | G_TX_NOMIRROR, 5, 0, G_TX_WRAP | G_TX_NOMIRROR, 6, 0),
	gsDPSetTileSize(0, 0, 0, 252, 124),
	gsSPEndDisplayList(),
};

Gfx mat_revert_rbtcm_Lens[] = {
	gsSPClearGeometryMode(G_TEXTURE_GEN),
	gsDPPipeSync(),
	gsDPSetAlphaDither(G_AD_DISABLE),
	gsSPEndDisplayList(),
};

Gfx mat_rbtcm_Lenshole[] = {
	gsDPPipeSync(),
	gsDPSetCombineLERP(0, 0, 0, 0, 0, 0, 0, 0, 0, 0, 0, 0, 0, 0, 0, 0),
	gsDPSetAlphaDither(G_AD_NOISE),
	gsSPTexture(65535, 65535, 0, 0, 1),
	gsSPEndDisplayList(),
};

Gfx mat_revert_rbtcm_Lenshole[] = {
	gsDPPipeSync(),
	gsDPSetAlphaDither(G_AD_DISABLE),
	gsSPEndDisplayList(),
};

Gfx mat_rbtcm_srnpstr2[] = {
	gsDPPipeSync(),
	gsDPSetCombineLERP(0, 0, 0, TEXEL0, 0, 0, 0, ENVIRONMENT, 0, 0, 0, TEXEL0, 0, 0, 0, ENVIRONMENT),
	gsDPSetAlphaDither(G_AD_NOISE),
	gsSPTexture(65535, 65535, 0, 0, 1),
	gsDPSetTextureImage(G_IM_FMT_I, G_IM_SIZ_8b_LOAD_BLOCK, 1, rbtcm_Poster1_i8),
	gsDPSetTile(G_IM_FMT_I, G_IM_SIZ_8b_LOAD_BLOCK, 0, 0, 7, 0, G_TX_WRAP | G_TX_NOMIRROR, 0, 0, G_TX_WRAP | G_TX_NOMIRROR, 0, 0),
	gsDPLoadBlock(7, 0, 0, 1023, 512),
	gsDPSetTile(G_IM_FMT_I, G_IM_SIZ_8b, 4, 0, 0, 0, G_TX_WRAP | G_TX_NOMIRROR, 6, 0, G_TX_WRAP | G_TX_NOMIRROR, 5, 0),
	gsDPSetTileSize(0, 0, 0, 124, 252),
	gsSPEndDisplayList(),
};

Gfx mat_revert_rbtcm_srnpstr2[] = {
	gsDPPipeSync(),
	gsDPSetAlphaDither(G_AD_DISABLE),
	gsSPEndDisplayList(),
};

Gfx mat_rbtcm_srnpstr1[] = {
	gsDPPipeSync(),
	gsDPSetCombineLERP(0, 0, 0, TEXEL0, 0, 0, 0, ENVIRONMENT, 0, 0, 0, TEXEL0, 0, 0, 0, ENVIRONMENT),
	gsDPSetAlphaDither(G_AD_NOISE),
	gsSPTexture(65535, 65535, 0, 0, 1),
	gsDPSetTextureImage(G_IM_FMT_RGBA, G_IM_SIZ_16b_LOAD_BLOCK, 1, rbtcm_Poster2_rgba16),
	gsDPSetTile(G_IM_FMT_RGBA, G_IM_SIZ_16b_LOAD_BLOCK, 0, 0, 7, 0, G_TX_WRAP | G_TX_NOMIRROR, 0, 0, G_TX_WRAP | G_TX_NOMIRROR, 0, 0),
	gsDPLoadBlock(7, 0, 0, 2047, 256),
	gsDPSetTile(G_IM_FMT_RGBA, G_IM_SIZ_16b, 8, 0, 0, 0, G_TX_WRAP | G_TX_NOMIRROR, 6, 0, G_TX_WRAP | G_TX_NOMIRROR, 5, 0),
	gsDPSetTileSize(0, 0, 0, 124, 252),
	gsSPEndDisplayList(),
};

Gfx mat_revert_rbtcm_srnpstr1[] = {
	gsDPPipeSync(),
	gsDPSetAlphaDither(G_AD_DISABLE),
	gsSPEndDisplayList(),
};

Gfx mat_rbtcm_Foam[] = {
	gsSPLightColor(LIGHT_1, 0xFFFFFFFF),
	gsSPLightColor(LIGHT_2, 0x7F7F7FFF),
	gsDPPipeSync(),
	gsDPSetCombineLERP(TEXEL0, 0, SHADE, 0, 0, 0, 0, ENVIRONMENT, TEXEL0, 0, SHADE, 0, 0, 0, 0, ENVIRONMENT),
	gsDPSetAlphaDither(G_AD_NOISE),
	gsSPTexture(65535, 65535, 0, 0, 1),
	gsDPSetTextureImage(G_IM_FMT_I, G_IM_SIZ_8b_LOAD_BLOCK, 1, rbtcm_FoamPads_i8),
	gsDPSetTile(G_IM_FMT_I, G_IM_SIZ_8b_LOAD_BLOCK, 0, 0, 7, 0, G_TX_WRAP | G_TX_NOMIRROR, 0, 0, G_TX_WRAP | G_TX_NOMIRROR, 0, 0),
	gsDPLoadBlock(7, 0, 0, 2047, 256),
	gsDPSetTile(G_IM_FMT_I, G_IM_SIZ_8b, 8, 0, 0, 0, G_TX_WRAP | G_TX_NOMIRROR, 6, 0, G_TX_WRAP | G_TX_NOMIRROR, 6, 0),
	gsDPSetTileSize(0, 0, 0, 252, 252),
	gsSPEndDisplayList(),
};

Gfx mat_revert_rbtcm_Foam[] = {
	gsDPPipeSync(),
	gsDPSetAlphaDither(G_AD_DISABLE),
	gsSPEndDisplayList(),
};

Gfx mat_rbtcm_cam[] = {
	gsSPClearGeometryMode(G_CULL_BACK),
	gsDPPipeSync(),
	gsDPSetCombineLERP(0, 0, 0, TEXEL0, 0, 0, 0, TEXEL0, 0, 0, 0, TEXEL0, 0, 0, 0, TEXEL0),
	gsDPSetAlphaDither(G_AD_NOISE),
	gsDPSetTextureLUT(G_TT_RGBA16),
	gsSPTexture(65535, 65535, 0, 0, 1),
	gsDPSetTextureImage(G_IM_FMT_RGBA, G_IM_SIZ_16b, 1, rbtcm_cam_pal_rgba16),
	gsDPSetTile(0, 0, 0, 256, 5, 0, G_TX_WRAP | G_TX_NOMIRROR, 0, 0, G_TX_WRAP | G_TX_NOMIRROR, 0, 0),
	gsDPLoadTLUTCmd(5, 111),
	gsDPSetTextureImage(G_IM_FMT_CI, G_IM_SIZ_8b_LOAD_BLOCK, 1, rbtcm_cam_ci8),
	gsDPSetTile(G_IM_FMT_CI, G_IM_SIZ_8b_LOAD_BLOCK, 0, 0, 7, 0, G_TX_WRAP | G_TX_NOMIRROR, 0, 0, G_TX_WRAP | G_TX_NOMIRROR, 0, 0),
	gsDPLoadBlock(7, 0, 0, 1023, 512),
	gsDPSetTile(G_IM_FMT_CI, G_IM_SIZ_8b, 4, 0, 0, 0, G_TX_WRAP | G_TX_NOMIRROR, 6, 0, G_TX_WRAP | G_TX_NOMIRROR, 5, 0),
	gsDPSetTileSize(0, 0, 0, 124, 252),
	gsSPEndDisplayList(),
};

Gfx mat_revert_rbtcm_cam[] = {
	gsSPSetGeometryMode(G_CULL_BACK),
	gsDPPipeSync(),
	gsDPSetAlphaDither(G_AD_DISABLE),
	gsDPSetTextureLUT(G_TT_NONE),
	gsSPEndDisplayList(),
};

Gfx rbtcm_rbtcm_mesh_layer_1[] = {
	gsSPDisplayList(mat_rbtcm_Walls_v4),
	gsSPDisplayList(rbtcm_rbtcm_mesh_layer_1_tri_0),
	gsSPDisplayList(mat_revert_rbtcm_Walls_v4),
	gsSPDisplayList(mat_rbtcm_Carpet_v4),
	gsSPDisplayList(rbtcm_rbtcm_mesh_layer_1_tri_1),
	gsSPDisplayList(mat_revert_rbtcm_Carpet_v4),
	gsSPDisplayList(mat_rbtcm_Pillar_v4),
	gsSPDisplayList(rbtcm_rbtcm_mesh_layer_1_tri_2),
	gsSPDisplayList(mat_revert_rbtcm_Pillar_v4),
	gsSPDisplayList(mat_rbtcm_walls_v4),
	gsSPDisplayList(rbtcm_rbtcm_mesh_layer_1_tri_3),
	gsSPDisplayList(mat_revert_rbtcm_walls_v4),
	gsSPDisplayList(mat_rbtcm_tiles_v4),
	gsSPDisplayList(rbtcm_rbtcm_mesh_layer_1_tri_4),
	gsSPDisplayList(mat_revert_rbtcm_tiles_v4),
	gsSPDisplayList(mat_rbtcm_books_v4),
	gsSPDisplayList(rbtcm_rbtcm_mesh_layer_1_tri_5),
	gsSPDisplayList(mat_revert_rbtcm_books_v4),
	gsSPDisplayList(mat_rbtcm_bookwall_v4),
	gsSPDisplayList(rbtcm_rbtcm_mesh_layer_1_tri_6),
	gsSPDisplayList(mat_revert_rbtcm_bookwall_v4),
	gsSPDisplayList(mat_rbtcm_Darkness_v4),
	gsSPDisplayList(rbtcm_rbtcm_mesh_layer_1_tri_7),
	gsSPDisplayList(mat_revert_rbtcm_Darkness_v4),
	gsSPDisplayList(mat_rbtcm_FountainBrick_v4),
	gsSPDisplayList(rbtcm_rbtcm_mesh_layer_1_tri_8),
	gsSPDisplayList(mat_revert_rbtcm_FountainBrick_v4),
	gsSPDisplayList(mat_rbtcm_tiles_001_v4),
	gsSPDisplayList(rbtcm_rbtcm_mesh_layer_1_tri_9),
	gsSPDisplayList(mat_revert_rbtcm_tiles_001_v4),
	gsSPDisplayList(mat_rbtcm_f3dlite_material_022),
	gsSPDisplayList(rbtcm_rbtcm_mesh_layer_1_tri_10),
	gsSPDisplayList(mat_revert_rbtcm_f3dlite_material_022),
	gsSPDisplayList(mat_rbtcm_f3dlite_material_023),
	gsSPDisplayList(rbtcm_rbtcm_mesh_layer_1_tri_11),
	gsSPDisplayList(mat_revert_rbtcm_f3dlite_material_023),
	gsSPDisplayList(mat_rbtcm_f3dlite_material_024),
	gsSPDisplayList(rbtcm_rbtcm_mesh_layer_1_tri_12),
	gsSPDisplayList(mat_revert_rbtcm_f3dlite_material_024),
	gsSPDisplayList(mat_rbtcm_f3dlite_material_025),
	gsSPDisplayList(rbtcm_rbtcm_mesh_layer_1_tri_13),
	gsSPDisplayList(mat_revert_rbtcm_f3dlite_material_025),
	gsSPDisplayList(mat_rbtcm_telescope),
	gsSPDisplayList(rbtcm_rbtcm_mesh_layer_1_tri_14),
	gsSPDisplayList(mat_revert_rbtcm_telescope),
	gsSPDisplayList(mat_rbtcm_Lens),
	gsSPDisplayList(rbtcm_rbtcm_mesh_layer_1_tri_15),
	gsSPDisplayList(mat_revert_rbtcm_Lens),
	gsSPDisplayList(mat_rbtcm_Lenshole),
	gsSPDisplayList(rbtcm_rbtcm_mesh_layer_1_tri_16),
	gsSPDisplayList(mat_revert_rbtcm_Lenshole),
	gsSPDisplayList(mat_rbtcm_Foam),
	gsSPDisplayList(rbtcm_rbtcm_mesh_layer_1_tri_17),
	gsSPDisplayList(mat_revert_rbtcm_Foam),
	gsDPPipeSync(),
	gsSPSetGeometryMode(G_LIGHTING),
	gsSPClearGeometryMode(G_TEXTURE_GEN),
	gsDPSetCombineLERP(0, 0, 0, SHADE, 0, 0, 0, ENVIRONMENT, 0, 0, 0, SHADE, 0, 0, 0, ENVIRONMENT),
	gsSPTexture(65535, 65535, 0, 0, 0),
	gsDPSetEnvColor(255, 255, 255, 255),
	gsDPSetAlphaCompare(G_AC_NONE),
	gsSPEndDisplayList(),
};

Gfx rbtcm_rbtcm_mesh_layer_4[] = {
	gsSPDisplayList(mat_rbtcm_Window_v4),
	gsSPDisplayList(rbtcm_rbtcm_mesh_layer_4_tri_0),
	gsSPDisplayList(mat_revert_rbtcm_Window_v4),
	gsSPDisplayList(mat_rbtcm_sm64_material_v4),
	gsSPDisplayList(rbtcm_rbtcm_mesh_layer_4_tri_1),
	gsSPDisplayList(mat_revert_rbtcm_sm64_material_v4),
	gsSPDisplayList(mat_rbtcm_metstar_v4),
	gsSPDisplayList(rbtcm_rbtcm_mesh_layer_4_tri_2),
	gsSPDisplayList(mat_revert_rbtcm_metstar_v4),
	gsSPDisplayList(mat_rbtcm_moon_carpet_v4),
	gsSPDisplayList(rbtcm_rbtcm_mesh_layer_4_tri_3),
	gsSPDisplayList(mat_revert_rbtcm_moon_carpet_v4),
	gsSPDisplayList(mat_rbtcm_cam),
	gsSPDisplayList(rbtcm_rbtcm_mesh_layer_4_tri_4),
	gsSPDisplayList(mat_revert_rbtcm_cam),
	gsDPPipeSync(),
	gsSPSetGeometryMode(G_LIGHTING),
	gsSPClearGeometryMode(G_TEXTURE_GEN),
	gsDPSetCombineLERP(0, 0, 0, SHADE, 0, 0, 0, ENVIRONMENT, 0, 0, 0, SHADE, 0, 0, 0, ENVIRONMENT),
	gsSPTexture(65535, 65535, 0, 0, 0),
	gsDPSetEnvColor(255, 255, 255, 255),
	gsDPSetAlphaCompare(G_AC_NONE),
	gsSPEndDisplayList(),
};

Gfx rbtcm_rbtcm_mesh_layer_0[] = {
	gsSPDisplayList(mat_rbtcm_f3d_material_layer0),
	gsSPDisplayList(rbtcm_rbtcm_mesh_layer_0_tri_0),
	gsSPDisplayList(mat_revert_rbtcm_f3d_material_layer0),
	gsDPPipeSync(),
	gsSPSetGeometryMode(G_LIGHTING),
	gsSPClearGeometryMode(G_TEXTURE_GEN),
	gsDPSetCombineLERP(0, 0, 0, SHADE, 0, 0, 0, ENVIRONMENT, 0, 0, 0, SHADE, 0, 0, 0, ENVIRONMENT),
	gsSPTexture(65535, 65535, 0, 0, 0),
	gsDPSetEnvColor(255, 255, 255, 255),
	gsDPSetAlphaCompare(G_AC_NONE),
	gsSPEndDisplayList(),
};

Gfx rbtcm_rbtcm_mesh_layer_5[] = {
	gsSPDisplayList(mat_rbtcm_Water_v4),
	gsSPDisplayList(rbtcm_rbtcm_mesh_layer_5_tri_0),
	gsSPDisplayList(mat_revert_rbtcm_Water_v4),
	gsSPDisplayList(mat_rbtcm_Water2_v4),
	gsSPDisplayList(rbtcm_rbtcm_mesh_layer_5_tri_1),
	gsSPDisplayList(mat_revert_rbtcm_Water2_v4),
	gsDPPipeSync(),
	gsSPSetGeometryMode(G_LIGHTING),
	gsSPClearGeometryMode(G_TEXTURE_GEN),
	gsDPSetCombineLERP(0, 0, 0, SHADE, 0, 0, 0, ENVIRONMENT, 0, 0, 0, SHADE, 0, 0, 0, ENVIRONMENT),
	gsSPTexture(65535, 65535, 0, 0, 0),
	gsDPSetEnvColor(255, 255, 255, 255),
	gsDPSetAlphaCompare(G_AC_NONE),
	gsSPEndDisplayList(),
};

Gfx rbtcm_rbtcm_mesh_layer_2[] = {
	gsSPDisplayList(mat_rbtcm_srnpstr2),
	gsSPDisplayList(rbtcm_rbtcm_mesh_layer_2_tri_0),
	gsSPDisplayList(mat_revert_rbtcm_srnpstr2),
	gsSPDisplayList(mat_rbtcm_srnpstr1),
	gsSPDisplayList(rbtcm_rbtcm_mesh_layer_2_tri_1),
	gsSPDisplayList(mat_revert_rbtcm_srnpstr1),
	gsDPPipeSync(),
	gsSPSetGeometryMode(G_LIGHTING),
	gsSPClearGeometryMode(G_TEXTURE_GEN),
	gsDPSetCombineLERP(0, 0, 0, SHADE, 0, 0, 0, ENVIRONMENT, 0, 0, 0, SHADE, 0, 0, 0, ENVIRONMENT),
	gsSPTexture(65535, 65535, 0, 0, 0),
	gsDPSetEnvColor(255, 255, 255, 255),
	gsDPSetAlphaCompare(G_AC_NONE),
	gsSPEndDisplayList(),
};

