Gfx rcavejump_C_SIDE_ci8_aligner[] = {gsSPEndDisplayList()};
u8 rcavejump_C_SIDE_ci8[] = {
	0x00, 0x01, 0x02, 0x03, 0x04, 0x05, 0x06, 0x07, 
	0x08, 0x09, 0x0a, 0x00, 0x04, 0x0b, 0x0c, 0x0d, 
	0x04, 0x0d, 0x0e, 0x0d, 0x0c, 0x01, 0x01, 0x01, 
	0x0f, 0x04, 0x0d, 0x10, 0x11, 0x0d, 0x05, 0x0c, 
	0x0c, 0x12, 0x02, 0x0a, 0x13, 0x0e, 0x07, 0x08, 
	0x14, 0x11, 0x0b, 0x0a, 0x0b, 0x04, 0x05, 0x0d, 
	0x0d, 0x11, 0x15, 0x04, 0x0c, 0x01, 0x0d, 0x0d, 
	0x16, 0x16, 0x0d, 0x11, 0x06, 0x13, 0x17, 0x09, 
	0x0d, 0x01, 0x18, 0x0d, 0x0e, 0x19, 0x07, 0x08, 
	0x14, 0x13, 0x0b, 0x18, 0x00, 0x1a, 0x0c, 0x09, 
	0x11, 0x0c, 0x13, 0x06, 0x02, 0x05, 0x11, 0x11, 
	0x15, 0x1b, 0x1c, 0x1c, 0x0e, 0x1d, 0x11, 0x17, 
	0x1e, 0x00, 0x0a, 0x13, 0x1f, 0x08, 0x20, 0x21, 
	0x20, 0x14, 0x0d, 0x0b, 0x05, 0x22, 0x00, 0x0c, 
	0x23, 0x16, 0x0c, 0x0c, 0x02, 0x0d, 0x11, 0x11, 
	0x09, 0x0c, 0x11, 0x10, 0x0e, 0x06, 0x11, 0x11, 
	0x0c, 0x01, 0x18, 0x13, 0x24, 0x24, 0x24, 0x07, 
	0x07, 0x25, 0x24, 0x04, 0x17, 0x01, 0x26, 0x1a, 
	0x1b, 0x02, 0x1a, 0x0b, 0x01, 0x23, 0x1c, 0x11, 
	0x1e, 0x04, 0x11, 0x11, 0x1d, 0x17, 0x27, 0x13, 
	0x1a, 0x28, 0x18, 0x13, 0x24, 0x0e, 0x19, 0x07, 
	0x29, 0x13, 0x24, 0x0d, 0x09, 0x11, 0x13, 0x1b, 
	0x01, 0x04, 0x1e, 0x11, 0x01, 0x0d, 0x11, 0x0d, 
	0x05, 0x09, 0x10, 0x11, 0x11, 0x0e, 0x13, 0x13, 
	0x2a, 0x00, 0x18, 0x09, 0x15, 0x24, 0x08, 0x2b, 
	0x13, 0x1d, 0x27, 0x1b, 0x2c, 0x11, 0x19, 0x23, 
	0x0d, 0x1f, 0x10, 0x11, 0x15, 0x0c, 0x06, 0x04, 
	0x04, 0x15, 0x06, 0x0e, 0x11, 0x11, 0x0e, 0x0e, 
	0x03, 0x2a, 0x0b, 0x04, 0x05, 0x2d, 0x24, 0x24, 
	0x13, 0x19, 0x04, 0x0f, 0x18, 0x11, 0x0e, 0x16, 
	0x0d, 0x0d, 0x11, 0x10, 0x11, 0x0c, 0x04, 0x01, 
	0x09, 0x06, 0x0e, 0x1c, 0x11, 0x09, 0x04, 0x15, 
	0x03, 0x03, 0x05, 0x05, 0x18, 0x05, 0x13, 0x09, 
	0x10, 0x10, 0x04, 0x05, 0x05, 0x11, 0x04, 0x24, 
	0x20, 0x06, 0x0d, 0x13, 0x11, 0x09, 0x01, 0x0c, 
	0x06, 0x11, 0x0e, 0x0e, 0x06, 0x09, 0x09, 0x0b, 
	0x03, 0x0f, 0x09, 0x2b, 0x10, 0x28, 0x09, 0x09, 
	0x11, 0x16, 0x0b, 0x09, 0x05, 0x11, 0x04, 0x21, 
	0x07, 0x2e, 0x0b, 0x0b, 0x1c, 0x10, 0x01, 0x1e, 
	0x0e, 0x27, 0x0e, 0x13, 0x17, 0x17, 0x10, 0x18, 
	0x02, 0x28, 0x0d, 0x2e, 0x24, 0x11, 0x1a, 0x05, 
	0x2d, 0x01, 0x11, 0x25, 0x28, 0x11, 0x16, 0x21, 
	0x07, 0x21, 0x07, 0x0d, 0x09, 0x11, 0x00, 0x1e, 
	0x13, 0x27, 0x27, 0x13, 0x0d, 0x11, 0x0d, 0x01, 
	0x12, 0x01, 0x0e, 0x2e, 0x07, 0x25, 0x0b, 0x0d, 
	0x2d, 0x0c, 0x0e, 0x21, 0x0b, 0x0d, 0x0b, 0x13, 
	0x07, 0x08, 0x07, 0x21, 0x09, 0x16, 0x00, 0x09, 
	0x11, 0x0e, 0x0e, 0x06, 0x17, 0x15, 0x18, 0x01, 
	0x0a, 0x18, 0x19, 0x1f, 0x07, 0x2b, 0x11, 0x09, 
	0x05, 0x11, 0x2e, 0x07, 0x04, 0x04, 0x1e, 0x05, 
	0x21, 0x2e, 0x24, 0x07, 0x11, 0x18, 0x00, 0x05, 
	0x11, 0x11, 0x11, 0x11, 0x04, 0x00, 0x12, 0x12, 
	0x0c, 0x18, 0x2e, 0x24, 0x07, 0x08, 0x1f, 0x11, 
	0x09, 0x19, 0x24, 0x24, 0x04, 0x18, 0x16, 0x00, 
	0x07, 0x08, 0x25, 0x25, 0x24, 0x09, 0x18, 0x01, 
	0x05, 0x11, 0x11, 0x0d, 0x1a, 0x26, 0x03, 0x03, 
	0x04, 0x0b, 0x07, 0x07, 0x19, 0x07, 0x1f, 0x11, 
	0x09, 0x19, 0x1f, 0x1f, 0x0d, 0x1a, 0x0b, 0x22, 
	0x06, 0x2e, 0x24, 0x1f, 0x24, 0x17, 0x09, 0x01, 
	0x00, 0x05, 0x0d, 0x0c, 0x0b, 0x01, 0x03, 0x2a, 
	0x05, 0x0d, 0x25, 0x19, 0x1f, 0x24, 0x11, 0x11, 
	0x09, 0x24, 0x1f, 0x19, 0x13, 0x1b, 0x15, 0x00, 
	0x17, 0x19, 0x1f, 0x2e, 0x1f, 0x0e, 0x11, 0x05, 
	0x00, 0x0c, 0x1e, 0x01, 0x1a, 0x0c, 0x03, 0x04, 
	0x0b, 0x0d, 0x08, 0x13, 0x24, 0x11, 0x09, 0x04, 
	0x0d, 0x07, 0x25, 0x25, 0x07, 0x01, 0x0e, 0x05, 
	0x18, 0x19, 0x24, 0x24, 0x19, 0x2d, 0x0d, 0x10, 
	0x02, 0x01, 0x1b, 0x03, 0x1b, 0x1b, 0x03, 0x18, 
	0x0b, 0x09, 0x24, 0x19, 0x27, 0x11, 0x04, 0x09, 
	0x10, 0x07, 0x19, 0x2b, 0x07, 0x0c, 0x23, 0x04, 
	0x02, 0x11, 0x24, 0x24, 0x06, 0x10, 0x1d, 0x1d, 
	0x18, 0x01, 0x1b, 0x03, 0x03, 0x03, 0x0f, 0x2a, 
	0x00, 0x28, 0x24, 0x0e, 0x13, 0x1f, 0x09, 0x05, 
	0x0d, 0x2e, 0x13, 0x24, 0x07, 0x2c, 0x11, 0x13, 
	0x02, 0x18, 0x24, 0x17, 0x09, 0x13, 0x19, 0x19, 
	0x19, 0x04, 0x1e, 0x2a, 0x03, 0x2a, 0x01, 0x26, 
	0x2a, 0x03, 0x0e, 0x0e, 0x1d, 0x0e, 0x0e, 0x10, 
	0x0d, 0x07, 0x0e, 0x24, 0x0e, 0x28, 0x1c, 0x24, 
	0x11, 0x02, 0x0c, 0x05, 0x11, 0x19, 0x2e, 0x19, 
	0x19, 0x11, 0x09, 0x16, 0x03, 0x04, 0x0b, 0x00, 
	0x0f, 0x22, 0x11, 0x19, 0x13, 0x13, 0x13, 0x19, 
	0x09, 0x29, 0x07, 0x07, 0x0d, 0x1a, 0x05, 0x17, 
	0x13, 0x18, 0x0c, 0x17, 0x19, 0x1f, 0x24, 0x1d, 
	0x1d, 0x19, 0x05, 0x0a, 0x03, 0x10, 0x0c, 0x0f, 
	0x1a, 0x22, 0x15, 0x19, 0x0e, 0x19, 0x19, 0x24, 
	0x11, 0x11, 0x07, 0x07, 0x09, 0x18, 0x09, 0x0e, 
	0x24, 0x15, 0x0d, 0x11, 0x19, 0x1f, 0x19, 0x1d, 
	0x1f, 0x2e, 0x13, 0x01, 0x03, 0x17, 0x0d, 0x09, 
	0x01, 0x00, 0x04, 0x19, 0x0e, 0x0e, 0x25, 0x07, 
	0x1d, 0x1e, 0x24, 0x21, 0x0b, 0x18, 0x09, 0x0e, 
	0x24, 0x11, 0x09, 0x11, 0x1f, 0x19, 0x19, 0x24, 
	0x24, 0x07, 0x24, 0x01, 0x00, 0x0d, 0x0d, 0x0d, 
	0x0b, 0x1b, 0x04, 0x19, 0x13, 0x13, 0x07, 0x08, 
	0x27, 0x0d, 0x11, 0x19, 0x18, 0x18, 0x04, 0x0e, 
	0x24, 0x10, 0x04, 0x11, 0x19, 0x24, 0x13, 0x24, 
	0x08, 0x07, 0x24, 0x01, 0x16, 0x0d, 0x0d, 0x0d, 
	0x11, 0x0c, 0x16, 0x13, 0x11, 0x19, 0x2e, 0x10, 
	0x11, 0x05, 0x0b, 0x0b, 0x0c, 0x1e, 0x0c, 0x15, 
	0x11, 0x09, 0x04, 0x0e, 0x19, 0x24, 0x13, 0x25, 
	0x07, 0x07, 0x23, 0x1b, 0x2c, 0x11, 0x09, 0x09, 
	0x15, 0x09, 0x05, 0x13, 0x0d, 0x1f, 0x24, 0x24, 
	0x2d, 0x18, 0x0a, 0x0a, 0x09, 0x21, 0x10, 0x0c, 
	0x01, 0x00, 0x2d, 0x0e, 0x19, 0x19, 0x13, 0x07, 
	0x07, 0x07, 0x2d, 0x0d, 0x09, 0x11, 0x0d, 0x09, 
	0x15, 0x2d, 0x0b, 0x11, 0x1e, 0x11, 0x19, 0x19, 
	0x24, 0x13, 0x0b, 0x09, 0x07, 0x14, 0x0e, 0x28, 
	0x00, 0x00, 0x09, 0x11, 0x08, 0x19, 0x08, 0x25, 
	0x1f, 0x1d, 0x23, 0x06, 0x11, 0x11, 0x09, 0x15, 
	0x1c, 0x09, 0x1e, 0x11, 0x04, 0x1e, 0x1f, 0x0e, 
	0x24, 0x13, 0x01, 0x0e, 0x14, 0x14, 0x2e, 0x05, 
	0x00, 0x01, 0x05, 0x04, 0x0d, 0x10, 0x21, 0x24, 
	0x07, 0x09, 0x1f, 0x06, 0x11, 0x11, 0x04, 0x09, 
	0x10, 0x09, 0x11, 0x10, 0x16, 0x16, 0x24, 0x29, 
	0x25, 0x01, 0x05, 0x19, 0x14, 0x14, 0x20, 0x11, 
	0x1a, 0x01, 0x1a, 0x0c, 0x0f, 0x1b, 0x08, 0x25, 
	0x19, 0x04, 0x19, 0x06, 0x0e, 0x0d, 0x09, 0x04, 
	0x15, 0x2d, 0x0e, 0x0e, 0x0b, 0x00, 0x11, 0x24, 
	0x0b, 0x05, 0x25, 0x07, 0x07, 0x20, 0x20, 0x29, 
	0x18, 0x1a, 0x0c, 0x18, 0x1e, 0x1b, 0x13, 0x2e, 
	0x04, 0x04, 0x19, 0x19, 0x13, 0x0d, 0x15, 0x09, 
	0x09, 0x15, 0x0d, 0x0b, 0x0a, 0x1a, 0x01, 0x18, 
	0x25, 0x07, 0x07, 0x07, 0x07, 0x08, 0x20, 0x14, 
	0x0a, 0x1b, 0x11, 0x1b, 0x01, 0x01, 0x16, 0x05, 
	0x0a, 0x05, 0x04, 0x23, 0x1d, 0x11, 0x09, 0x0d, 
	0x04, 0x0d, 0x16, 0x0a, 0x1a, 0x06, 0x29, 0x1f, 
	0x07, 0x07, 0x24, 0x07, 0x2b, 0x2e, 0x20, 0x24, 
	0x04, 0x13, 0x13, 0x18, 0x0f, 0x1b, 0x05, 0x2d, 
	0x0a, 0x0a, 0x0b, 0x04, 0x1d, 0x0d, 0x09, 0x2d, 
	0x15, 0x1c, 0x28, 0x16, 0x0f, 0x07, 0x07, 0x25, 
	0x29, 0x08, 0x24, 0x2e, 0x2e, 0x08, 0x2f, 0x11, 
	0x0e, 0x19, 0x17, 0x00, 0x01, 0x18, 0x04, 0x11, 
	0x11, 0x28, 0x1e, 0x01, 0x13, 0x0d, 0x2d, 0x15, 
	0x0d, 0x0d, 0x01, 0x05, 0x02, 0x24, 0x07, 0x24, 
	0x2b, 0x07, 0x24, 0x24, 0x2e, 0x07, 0x2f, 0x11, 
	0x13, 0x13, 0x1e, 0x00, 0x18, 0x10, 0x0e, 0x0e, 
	0x2e, 0x05, 0x01, 0x01, 0x05, 0x04, 0x2d, 0x17, 
	0x2d, 0x04, 0x28, 0x04, 0x02, 0x24, 0x08, 0x1f, 
	0x08, 0x2b, 0x25, 0x24, 0x08, 0x07, 0x2f, 0x11, 
	0x19, 0x24, 0x1e, 0x05, 0x13, 0x17, 0x11, 0x0e, 
	0x13, 0x1d, 0x01, 0x05, 0x00, 0x02, 0x09, 0x15, 
	0x2d, 0x04, 0x18, 0x05, 0x02, 0x24, 0x24, 0x2b, 
	0x2e, 0x25, 0x2b, 0x2b, 0x2e, 0x07, 0x2f, 0x0d, 
	0x13, 0x24, 0x28, 0x17, 0x0e, 0x17, 0x11, 0x0e, 
	0x13, 0x27, 0x16, 0x16, 0x03, 0x03, 0x2c, 0x2d, 
	0x0d, 0x01, 0x18, 0x18, 0x05, 0x0e, 0x25, 0x25, 
	0x24, 0x2b, 0x07, 0x21, 0x25, 0x08, 0x14, 0x09, 
	0x0d, 0x24, 0x01, 0x13, 0x1c, 0x10, 0x11, 0x11, 
	0x06, 0x11, 0x0d, 0x16, 0x02, 0x03, 0x2a, 0x09, 
	0x0d, 0x1a, 0x0b, 0x18, 0x2c, 0x0d, 0x2b, 0x19, 
	0x24, 0x08, 0x07, 0x2b, 0x25, 0x2e, 0x07, 0x09, 
	0x04, 0x24, 0x1e, 0x10, 0x11, 0x10, 0x11, 0x11, 
	0x0e, 0x1c, 0x2e, 0x05, 0x01, 0x22, 0x03, 0x16, 
	0x16, 0x00, 0x1b, 0x1b, 0x09, 0x06, 0x08, 0x1f, 
	0x24, 0x1f, 0x21, 0x1f, 0x2e, 0x2e, 0x14, 0x09, 
	0x04, 0x24, 0x04, 0x13, 0x0d, 0x11, 0x11, 0x10, 
	0x06, 0x11, 0x24, 0x05, 0x0a, 0x22, 0x1b, 0x12, 
	0x22, 0x22, 0x0f, 0x22, 0x0d, 0x11, 0x08, 0x19, 
	0x25, 0x2b, 0x08, 0x2e, 0x07, 0x08, 0x24, 0x1d, 
	0x16, 0x11, 0x04, 0x10, 0x0d, 0x10, 0x11, 0x11, 
	0x1d, 0x11, 0x24, 0x04, 0x05, 0x00, 0x01, 0x01, 
	0x1b, 0x0f, 0x22, 0x00, 0x0d, 0x0d, 0x2b, 0x19, 
	0x25, 0x25, 0x24, 0x24, 0x27, 0x17, 0x0e, 0x27, 
	0x1a, 0x01, 0x11, 0x09, 0x11, 0x11, 0x1d, 0x0e, 
	0x11, 0x19, 0x1f, 0x01, 0x04, 0x04, 0x0d, 0x09, 
	0x1b, 0x0f, 0x01, 0x01, 0x05, 0x13, 0x19, 0x19, 
	0x24, 0x19, 0x19, 0x11, 0x1c, 0x17, 0x13, 0x0e, 
	0x0a, 0x00, 0x04, 0x05, 0x11, 0x10, 0x11, 0x11, 
	0x11, 0x13, 0x1e, 0x1b, 0x0d, 0x11, 0x11, 0x11, 
	0x28, 0x1b, 0x1e, 0x09, 0x05, 0x1c, 0x19, 0x14, 
	0x24, 0x2e, 0x0e, 0x0e, 0x13, 0x29, 0x08, 0x11, 
	0x1b, 0x26, 0x05, 0x09, 0x11, 0x10, 0x11, 0x11, 
	0x13, 0x09, 0x28, 0x1e, 0x11, 0x11, 0x11, 0x11, 
	0x17, 0x05, 0x09, 0x0d, 0x18, 0x05, 0x09, 0x06, 
	0x19, 0x24, 0x06, 0x19, 0x1f, 0x20, 0x2e, 0x0e, 
	0x0f, 0x26, 0x0c, 0x04, 0x11, 0x11, 0x11, 0x11, 
	0x0e, 0x09, 0x01, 0x0e, 0x08, 0x08, 0x21, 0x11, 
	0x11, 0x1e, 0x11, 0x2e, 0x11, 0x05, 0x09, 0x2c, 
	0x2c, 0x04, 0x25, 0x0d, 0x2e, 0x2e, 0x1c, 0x15, 
	0x0f, 0x01, 0x00, 0x09, 0x0d, 0x0d, 0x09, 0x2d, 
	0x0d, 0x0c, 0x09, 0x19, 0x08, 0x07, 0x20, 0x20, 
	0x23, 0x2b, 0x2e, 0x23, 0x13, 0x13, 0x15, 0x0d, 
	0x01, 0x01, 0x0c, 0x1a, 0x0c, 0x0a, 0x0b, 0x1b, 
	0x1b, 0x06, 0x03, 0x09, 0x09, 0x01, 0x18, 0x11, 
	0x09, 0x0d, 0x19, 0x08, 0x08, 0x07, 0x20, 0x20, 
	0x23, 0x2b, 0x2e, 0x0e, 0x04, 0x11, 0x24, 0x13, 
	0x12, 0x0f, 0x02, 0x01, 0x0a, 0x18, 0x11, 0x16, 
	0x0a, 0x2e, 0x1a, 0x16, 0x1e, 0x09, 0x0e, 0x1c, 
	0x2d, 0x24, 0x13, 0x08, 0x07, 0x07, 0x14, 0x0e, 
	0x11, 0x2b, 0x25, 0x1f, 0x09, 0x04, 0x24, 0x24, 
	0x04, 0x28, 0x0f, 0x0c, 0x04, 0x09, 0x11, 0x2c, 
	0x18, 0x1d, 0x05, 0x2a, 0x1b, 0x1b, 0x0c, 0x04, 
	0x13, 0x24, 0x08, 0x08, 0x2b, 0x20, 0x08, 0x09, 
	0x0e, 0x24, 0x19, 0x19, 0x19, 0x0b, 0x11, 0x19, 
	0x1c, 0x05, 0x1a, 0x11, 0x11, 0x11, 0x0d, 0x0d, 
	0x2c, 0x0b, 0x02, 0x0f, 0x0f, 0x0b, 0x1b, 0x15, 
	0x25, 0x25, 0x07, 0x07, 0x07, 0x21, 0x1d, 0x09, 
	0x19, 0x27, 0x27, 0x13, 0x07, 0x1d, 0x0d, 0x11, 
	0x1d, 0x05, 0x1a, 0x11, 0x11, 0x11, 0x09, 0x09, 
	0x09, 0x0c, 0x26, 0x2a, 0x02, 0x05, 0x2a, 0x0e, 
	0x2e, 0x1f, 0x07, 0x07, 0x21, 0x07, 0x10, 0x0d, 
	0x27, 0x23, 0x13, 0x19, 0x0e, 0x07, 0x24, 0x09, 
	0x09, 0x05, 0x01, 0x0d, 0x11, 0x11, 0x2d, 0x09, 
	0x04, 0x09, 0x18, 0x00, 0x0f, 0x04, 0x00, 0x0e, 
	0x19, 0x29, 0x07, 0x20, 0x07, 0x2b, 0x09, 0x11, 
	0x0e, 0x23, 0x13, 0x24, 0x23, 0x07, 0x08, 0x08, 
	0x21, 0x01, 0x01, 0x04, 0x06, 0x23, 0x11, 0x0d, 
	0x05, 0x09, 0x0b, 0x0b, 0x01, 0x1e, 0x0d, 0x19, 
	0x27, 0x2b, 0x20, 0x07, 0x07, 0x29, 0x09, 0x0e, 
	0x0e, 0x0e, 0x19, 0x1d, 0x19, 0x07, 0x08, 0x07, 
	0x21, 0x04, 0x18, 0x0b, 0x11, 0x0e, 0x0d, 0x09, 
	0x05, 0x09, 0x09, 0x09, 0x09, 0x05, 0x17, 0x27, 
	0x24, 0x07, 0x07, 0x07, 0x2e, 0x0d, 0x09, 0x11, 
	0x0e, 0x17, 0x1f, 0x0e, 0x19, 0x2e, 0x25, 0x24, 
	0x21, 0x04, 0x0b, 0x01, 0x06, 0x10, 0x0d, 0x15, 
	0x05, 0x09, 0x09, 0x09, 0x09, 0x05, 0x0e, 0x0d, 
	0x21, 0x07, 0x07, 0x07, 0x19, 0x0b, 0x0d, 0x10, 
	0x11, 0x11, 0x24, 0x1d, 0x24, 0x24, 0x29, 0x13, 
	0x2e, 0x04, 0x0b, 0x1b, 0x11, 0x11, 0x10, 0x09, 
	0x09, 0x1c, 0x15, 0x04, 0x09, 0x05, 0x13, 0x09, 
	0x25, 0x07, 0x07, 0x25, 0x09, 0x04, 0x17, 0x11, 
	0x10, 0x11, 0x13, 0x13, 0x24, 0x19, 0x07, 0x08, 
	0x19, 0x0d, 0x04, 0x18, 0x11, 0x10, 0x0d, 0x09, 
	0x15, 0x23, 0x09, 0x09, 0x0d, 0x04, 0x06, 0x0d, 
	0x01, 0x25, 0x07, 0x0d, 0x04, 0x11, 0x0d, 0x11, 
	0x10, 0x0d, 0x11, 0x19, 0x0e, 0x23, 0x19, 0x08, 
	0x19, 0x0d, 0x15, 0x0c, 0x09, 0x11, 0x0d, 0x0d, 
	0x0d, 0x0e, 0x0b, 0x0b, 0x0e, 0x11, 0x04, 0x09, 
	0x1a, 0x2d, 0x04, 0x16, 0x11, 0x09, 0x2d, 0x0d, 
	0x11, 0x17, 0x0d, 0x19, 0x27, 0x06, 0x08, 0x07, 
	0x11, 0x17, 0x16, 0x04, 0x1c, 0x11, 0x10, 0x11, 
	0x10, 0x11, 0x28, 0x0b, 0x0e, 0x19, 0x01, 0x09, 
	0x15, 0x04, 0x1b, 0x01, 0x09, 0x04, 0x09, 0x0d, 
	0x10, 0x11, 0x13, 0x19, 0x0e, 0x27, 0x25, 0x29, 
	0x2d, 0x17, 0x1b, 0x04, 0x11, 0x11, 0x0e, 0x11, 
	0x0d, 0x11, 0x04, 0x0d, 0x11, 0x19, 0x1b, 0x09, 
	0x0e, 0x11, 0x01, 0x28, 0x09, 0x09, 0x09, 0x0d, 
	0x11, 0x17, 0x27, 0x19, 0x11, 0x19, 0x24, 0x2e, 
	0x0b, 0x10, 0x22, 0x0b, 0x0d, 0x11, 0x10, 0x10, 
	0x10, 0x0e, 0x0e, 0x0e, 0x11, 0x19, 0x1b, 0x09, 
	0x0d, 0x06, 0x1b, 0x01, 0x0d, 0x09, 0x0d, 0x0d, 
	0x0e, 0x0e, 0x19, 0x19, 0x0e, 0x17, 0x19, 0x0d, 
	0x04, 0x0d, 0x1b, 0x0c, 0x04, 0x06, 0x11, 0x11, 
	0x1d, 0x0e, 0x11, 0x11, 0x17, 0x0d, 0x01, 0x09, 
	0x0b, 0x1e, 0x1a, 0x0f, 0x0b, 0x17, 0x09, 0x0d, 
	0x0e, 0x0e, 0x19, 0x0e, 0x05, 0x0a, 0x0e, 0x01, 
	0x04, 0x04, 0x1b, 0x0d, 0x11, 0x09, 0x06, 0x11, 
	0x0e, 0x11, 0x11, 0x11, 0x13, 0x0b, 0x0f, 0x0f, 
	0x1b, 0x01, 0x0f, 0x02, 0x03, 0x05, 0x0c, 0x09, 
	0x09, 0x17, 0x23, 0x04, 0x0c, 0x04, 0x2b, 0x0b, 
	0x15, 0x04, 0x1b, 0x0d, 0x09, 0x11, 0x11, 0x11, 
	0x11, 0x11, 0x11, 0x0e, 0x10, 0x01, 0x03, 0x03, 
	0x1b, 0x1b, 0x16, 0x11, 0x04, 0x0a, 0x01, 0x01, 
	0x0c, 0x0d, 0x0d, 0x0b, 0x1a, 0x04, 0x07, 0x16, 
	0x17, 0x09, 0x1a, 0x09, 0x01, 0x15, 0x11, 0x11, 
	0x11, 0x11, 0x0e, 0x0e, 0x0b, 0x01, 0x0f, 0x0f, 
	0x18, 0x05, 0x11, 0x10, 0x13, 0x0b, 0x01, 0x0f, 
	
};

Gfx rcavejump_C_SIDE_pal_rgba16_aligner[] = {gsSPEndDisplayList()};
u8 rcavejump_C_SIDE_pal_rgba16[] = {
	0x10, 0xcb, 0x19, 0x4f, 0x08, 0xcb, 0x08, 0x45, 
	0x32, 0x17, 0x29, 0xd5, 0x4b, 0x1d, 0x6c, 0x29, 
	0x63, 0xe7, 0x3a, 0x59, 0x21, 0x51, 0x29, 0xd3, 
	0x21, 0x93, 0x42, 0x9b, 0x53, 0x1f, 0x08, 0xc9, 
	0x42, 0xdb, 0x4a, 0xdd, 0x11, 0x0b, 0x53, 0x21, 
	0x7c, 0x6b, 0x3a, 0x5b, 0x29, 0x93, 0x42, 0x9d, 
	0x21, 0x91, 0x5b, 0x63, 0x19, 0x0d, 0x11, 0x0d, 
	0x42, 0xdd, 0x5b, 0x61, 0x32, 0x15, 0x5b, 0xa3, 
	0x74, 0x6b, 0x74, 0x29, 0x08, 0x89, 0x4b, 0x1f, 
	0x5b, 0xa5, 0x5b, 0xe5, 0x08, 0x47, 0x5b, 0x21, 
	0x19, 0x51, 0x6b, 0xe9, 0x08, 0x87, 0x63, 0xe9, 
	0x31, 0xd5, 0x3a, 0x9b, 0x63, 0xa7, 0x84, 0xad, 
	
};

Gfx rcavejump_C_TOP_ci4_aligner[] = {gsSPEndDisplayList()};
u8 rcavejump_C_TOP_ci4[] = {
	0x00, 0x01, 0x02, 0x01, 0x00, 0x10, 0x11, 0x10, 
	0x10, 0x10, 0x33, 0x04, 0x00, 0x11, 0x11, 0x33, 
	0x00, 0x01, 0x11, 0x01, 0x00, 0x01, 0x50, 0x01, 
	0x01, 0x14, 0x03, 0x31, 0x40, 0x34, 0x10, 0x11, 
	0x10, 0x00, 0x01, 0x40, 0x20, 0x04, 0x01, 0x00, 
	0x03, 0x11, 0x11, 0x03, 0x10, 0x01, 0x41, 0x01, 
	0x01, 0x03, 0x30, 0x10, 0x01, 0x10, 0x00, 0x13, 
	0x00, 0x34, 0x40, 0x12, 0x33, 0x00, 0x11, 0x10, 
	0x11, 0x01, 0x35, 0x00, 0x41, 0x01, 0x04, 0x01, 
	0x33, 0x00, 0x03, 0x11, 0x03, 0x11, 0x23, 0x11, 
	0x01, 0x01, 0x14, 0x10, 0x01, 0x03, 0x11, 0x00, 
	0x00, 0x33, 0x13, 0x33, 0x13, 0x35, 0x10, 0x40, 
	0x01, 0x10, 0x11, 0x01, 0x00, 0x03, 0x00, 0x40, 
	0x40, 0x03, 0x43, 0x13, 0x30, 0x03, 0x01, 0x00, 
	0x00, 0x00, 0x01, 0x40, 0x11, 0x03, 0x30, 0x30, 
	0x30, 0x31, 0x10, 0x11, 0x00, 0x10, 0x00, 0x00, 
	0x00, 0x00, 0x02, 0x10, 0x01, 0x53, 0x03, 0x33, 
	0x30, 0x11, 0x41, 0x01, 0x13, 0x00, 0x33, 0x31, 
	0x11, 0x03, 0x40, 0x11, 0x40, 0x03, 0x03, 0x30, 
	0x33, 0x00, 0x20, 0x11, 0x21, 0x50, 0x13, 0x03, 
	0x00, 0x10, 0x03, 0x11, 0x14, 0x04, 0x10, 0x23, 
	0x60, 0x30, 0x31, 0x10, 0x10, 0x31, 0x40, 0x00, 
	0x00, 0x01, 0x55, 0x04, 0x11, 0x00, 0x01, 0x01, 
	0x00, 0x10, 0x03, 0x13, 0x01, 0x23, 0x00, 0x10, 
	0x10, 0x40, 0x11, 0x00, 0x10, 0x30, 0x03, 0x00, 
	0x31, 0x10, 0x00, 0x00, 0x30, 0x03, 0x03, 0x41, 
	0x00, 0x14, 0x10, 0x10, 0x11, 0x33, 0x01, 0x31, 
	0x11, 0x01, 0x10, 0x10, 0x31, 0x43, 0x30, 0x40, 
	0x33, 0x01, 0x41, 0x01, 0x11, 0x10, 0x00, 0x03, 
	0x10, 0x11, 0x36, 0x31, 0x23, 0x14, 0x40, 0x13, 
	0x00, 0x50, 0x11, 0x00, 0x10, 0x01, 0x00, 0x01, 
	0x01, 0x30, 0x03, 0x60, 0x11, 0x11, 0x00, 0x11, 
	0x10, 0x02, 0x01, 0x30, 0x31, 0x01, 0x10, 0x30, 
	0x10, 0x33, 0x00, 0x30, 0x01, 0x10, 0x10, 0x00, 
	0x01, 0x00, 0x33, 0x01, 0x10, 0x20, 0x01, 0x00, 
	0x02, 0x00, 0x03, 0x10, 0x33, 0x01, 0x01, 0x10, 
	0x01, 0x10, 0x03, 0x10, 0x10, 0x32, 0x33, 0x30, 
	0x30, 0x00, 0x10, 0x00, 0x03, 0x51, 0x40, 0x41, 
	0x10, 0x11, 0x00, 0x01, 0x00, 0x03, 0x30, 0x13, 
	0x14, 0x11, 0x11, 0x00, 0x10, 0x10, 0x34, 0x04, 
	0x03, 0x03, 0x13, 0x00, 0x10, 0x10, 0x03, 0x01, 
	0x00, 0x34, 0x00, 0x31, 0x01, 0x11, 0x33, 0x00, 
	0x00, 0x03, 0x00, 0x10, 0x11, 0x01, 0x00, 0x10, 
	0x03, 0x30, 0x41, 0x03, 0x00, 0x10, 0x13, 0x00, 
	0x00, 0x00, 0x10, 0x12, 0x00, 0x10, 0x10, 0x03, 
	0x01, 0x00, 0x30, 0x11, 0x00, 0x05, 0x00, 0x01, 
	0x11, 0x13, 0x01, 0x04, 0x10, 0x00, 0x01, 0x01, 
	0x30, 0x00, 0x03, 0x30, 0x03, 0x04, 0x00, 0x10, 
	0x10, 0x04, 0x01, 0x10, 0x04, 0x14, 0x30, 0x03, 
	0x00, 0x11, 0x00, 0x30, 0x03, 0x30, 0x40, 0x01, 
	0x01, 0x00, 0x00, 0x01, 0x01, 0x11, 0x30, 0x00, 
	0x04, 0x30, 0x13, 0x00, 0x11, 0x20, 0x01, 0x00, 
	0x01, 0x10, 0x01, 0x53, 0x50, 0x14, 0x11, 0x00, 
	0x00, 0x01, 0x01, 0x00, 0x00, 0x11, 0x10, 0x00, 
	0x40, 0x01, 0x00, 0x30, 0x13, 0x01, 0x14, 0x15, 
	0x03, 0x04, 0x44, 0x30, 0x33, 0x11, 0x01, 0x01, 
	0x14, 0x02, 0x44, 0x03, 0x31, 0x00, 0x04, 0x00, 
	0x11, 0x32, 0x14, 0x05, 0x03, 0x45, 0x10, 0x00, 
	0x01, 0x40, 0x14, 0x00, 0x30, 0x40, 0x40, 0x40, 
	0x00, 0x30, 0x00, 0x10, 0x00, 0x04, 0x50, 0x33, 
	0x31, 0x10, 0x01, 0x02, 0x00, 0x00, 0x30, 0x00, 
	0x11, 0x01, 0x00, 0x01, 0x01, 0x00, 0x00, 0x00, 
	0x00, 0x00, 0x00, 0x10, 0x01, 0x01, 0x00, 0x00, 
	0x00, 0x00, 0x11, 0x02, 0x11, 0x11, 0x03, 0x05, 
	
};

Gfx rcavejump_C_TOP_pal_rgba16_aligner[] = {gsSPEndDisplayList()};
u8 rcavejump_C_TOP_pal_rgba16[] = {
	0x2c, 0x81, 0x2c, 0x01, 0x35, 0x41, 0x2c, 0xc1, 
	0x23, 0xc1, 0x23, 0x41, 0x35, 0x01, 
};

Gfx rcavejump_conk_i8_aligner[] = {gsSPEndDisplayList()};
u8 rcavejump_conk_i8[] = {
	0xd0, 0xe0, 0xf0, 0xf0, 0xf0, 0xf0, 0xf0, 0xf0, 
	0xf0, 0xf0, 0xf0, 0xf0, 0xf0, 0xf0, 0xe0, 0xe0, 
	0xe0, 0xc0, 0xa0, 0xc0, 0xc0, 0xc0, 0xd0, 0xe0, 
	0xd0, 0xd0, 0xe0, 0xf0, 0xe0, 0xd0, 0xd0, 0xe0, 
	0xf0, 0xe0, 0xd0, 0xe0, 0xe0, 0xd0, 0xd0, 0xd0, 
	0xe0, 0xd0, 0xe0, 0xe0, 0xd0, 0xe0, 0xf0, 0xf0, 
	0xf0, 0xf0, 0xf0, 0xf0, 0xf0, 0xf0, 0xf0, 0xf0, 
	0xe0, 0xd0, 0xe0, 0xf0, 0xe0, 0xc0, 0xd0, 0xe0, 
	0xd0, 0xf0, 0xf0, 0xf0, 0xf0, 0xe0, 0xe0, 0xf0, 
	0xf0, 0xf0, 0xf0, 0xf0, 0xf0, 0xf0, 0xf0, 0xe0, 
	0xe0, 0xd0, 0xb0, 0xb0, 0xb0, 0xb0, 0xc0, 0xd0, 
	0xc0, 0xd0, 0xe0, 0xf0, 0xf0, 0xe0, 0xe0, 0xd0, 
	0xe0, 0xd0, 0xd0, 0xf0, 0xe0, 0xd0, 0xd0, 0xc0, 
	0xd0, 0xd0, 0xe0, 0xe0, 0xe0, 0xe0, 0xe0, 0xf0, 
	0xf0, 0xf0, 0xf0, 0xf0, 0xf0, 0xf0, 0xf0, 0xf0, 
	0xf0, 0xe0, 0xf0, 0xf0, 0xe0, 0xd0, 0xc0, 0xd0, 
	0xd0, 0xf0, 0xf0, 0xf0, 0xf0, 0xf0, 0xf0, 0xf0, 
	0xf0, 0xe0, 0xe0, 0xf0, 0xf0, 0xf0, 0xf0, 0xe0, 
	0xe0, 0xe0, 0xe0, 0xc0, 0xb0, 0xb0, 0xb0, 0xb0, 
	0xb0, 0xb0, 0xc0, 0xd0, 0xe0, 0xe0, 0xe0, 0xd0, 
	0xc0, 0xd0, 0xe0, 0xe0, 0xd0, 0xe0, 0xd0, 0xd0, 
	0xd0, 0xe0, 0xe0, 0xe0, 0xe0, 0xe0, 0xf0, 0xf0, 
	0xf0, 0xe0, 0xf0, 0xf0, 0xe0, 0xf0, 0xf0, 0xf0, 
	0xf0, 0xf0, 0xf0, 0xf0, 0xf0, 0xf0, 0xf0, 0xe0, 
	0xe0, 0xe0, 0xe0, 0xf0, 0xf0, 0xf0, 0xf0, 0xf0, 
	0xf0, 0xe0, 0xe0, 0xf0, 0xf0, 0xf0, 0xe0, 0xd0, 
	0xc0, 0xe0, 0xf0, 0xe0, 0xc0, 0xb0, 0xa0, 0xa0, 
	0xa0, 0xa0, 0xb0, 0xc0, 0xd0, 0xd0, 0xd0, 0xc0, 
	0xb0, 0xd0, 0xe0, 0xe0, 0xe0, 0xd0, 0xd0, 0xe0, 
	0xf0, 0xf0, 0xe0, 0xe0, 0xe0, 0xf0, 0xf0, 0xf0, 
	0xe0, 0xe0, 0xe0, 0xc0, 0xc0, 0xe0, 0xe0, 0xf0, 
	0xf0, 0xf0, 0xf0, 0xf0, 0xf0, 0xf0, 0xf0, 0xe0, 
	0xd0, 0xd0, 0xd0, 0xe0, 0xf0, 0xf0, 0xf0, 0xf0, 
	0xf0, 0xe0, 0xe0, 0xf0, 0xf0, 0xe0, 0xc0, 0xb0, 
	0xa0, 0xb0, 0xe0, 0xe0, 0xd0, 0xb0, 0x90, 0x90, 
	0xb0, 0xc0, 0xc0, 0xc0, 0xc0, 0xc0, 0xc0, 0xb0, 
	0xb0, 0xd0, 0xd0, 0xd0, 0xe0, 0xd0, 0xd0, 0xf0, 
	0xf0, 0xf0, 0xf0, 0xe0, 0xf0, 0xe0, 0xe0, 0xf0, 
	0xf0, 0xf0, 0xd0, 0xc0, 0xe0, 0xe0, 0xe0, 0xe0, 
	0xe0, 0xd0, 0xe0, 0xe0, 0xf0, 0xf0, 0xd0, 0xc0, 
	0xd0, 0xd0, 0xd0, 0xe0, 0xf0, 0xf0, 0xf0, 0xf0, 
	0xf0, 0xf0, 0xe0, 0xe0, 0xe0, 0xc0, 0xb0, 0xa0, 
	0x90, 0xa0, 0xc0, 0xc0, 0xa0, 0xa0, 0xa0, 0xa0, 
	0xc0, 0xe0, 0xd0, 0xb0, 0xa0, 0xb0, 0xb0, 0xb0, 
	0xe0, 0xe0, 0xd0, 0xd0, 0xd0, 0xd0, 0xf0, 0xf0, 
	0xf0, 0xf0, 0xf0, 0xf0, 0xf0, 0xf0, 0xe0, 0xe0, 
	0xf0, 0xf0, 0xd0, 0xd0, 0xf0, 0xf0, 0xe0, 0xf0, 
	0xd0, 0xd0, 0xd0, 0xd0, 0xd0, 0xd0, 0xb0, 0xb0, 
	0xd0, 0xc0, 0xd0, 0xe0, 0xe0, 0xf0, 0xf0, 0xf0, 
	0xf0, 0xe0, 0xd0, 0xd0, 0xd0, 0xc0, 0xb0, 0xb0, 
	0xa0, 0xb0, 0xc0, 0xb0, 0x90, 0xa0, 0xb0, 0xb0, 
	0xc0, 0xf0, 0xd0, 0xb0, 0xa0, 0xb0, 0xb0, 0xd0, 
	0xf0, 0xe0, 0xd0, 0xd0, 0xd0, 0xf0, 0xf0, 0xf0, 
	0xf0, 0xf0, 0xf0, 0xf0, 0xf0, 0xf0, 0xf0, 0xe0, 
	0xe0, 0xe0, 0xd0, 0xe0, 0xf0, 0xe0, 0xe0, 0xd0, 
	0xc0, 0xd0, 0xc0, 0xc0, 0xd0, 0xc0, 0xc0, 0xc0, 
	0xc0, 0xc0, 0xe0, 0xf0, 0xf0, 0xf0, 0xf0, 0xe0, 
	0xe0, 0xd0, 0xd0, 0xd0, 0xd0, 0xc0, 0xc0, 0xd0, 
	0xd0, 0xd0, 0xd0, 0xb0, 0xa0, 0xb0, 0xc0, 0xd0, 
	0xc0, 0xd0, 0xc0, 0xa0, 0xa0, 0xb0, 0xc0, 0xe0, 
	0xe0, 0xd0, 0xe0, 0xe0, 0xe0, 0xf0, 0xf0, 0xf0, 
	0xf0, 0xf0, 0xf0, 0xf0, 0xf0, 0xf0, 0xf0, 0xe0, 
	0xe0, 0xe0, 0xe0, 0xe0, 0xd0, 0xd0, 0xe0, 0xc0, 
	0xb0, 0xb0, 0xb0, 0xb0, 0xc0, 0xd0, 0xd0, 0xd0, 
	0xb0, 0xb0, 0xd0, 0xf0, 0xf0, 0xf0, 0xe0, 0xd0, 
	0xe0, 0xe0, 0xe0, 0xd0, 0xc0, 0xc0, 0xc0, 0xd0, 
	0xe0, 0xd0, 0xd0, 0xc0, 0xc0, 0xd0, 0xd0, 0xd0, 
	0xc0, 0xb0, 0xb0, 0xb0, 0xb0, 0xa0, 0xc0, 0xe0, 
	0xc0, 0xc0, 0xe0, 0xe0, 0xe0, 0xf0, 0xf0, 0xf0, 
	0xf0, 0xe0, 0xf0, 0xf0, 0xf0, 0xf0, 0xf0, 0xf0, 
	0xe0, 0xf0, 0xf0, 0xe0, 0xd0, 0xc0, 0xd0, 0xd0, 
	0xb0, 0xd0, 0xd0, 0xc0, 0xc0, 0xd0, 0xd0, 0xd0, 
	0xb0, 0xb0, 0xc0, 0xe0, 0xf0, 0xe0, 0xd0, 0xd0, 
	0xe0, 0xf0, 0xe0, 0xc0, 0xb0, 0xb0, 0xb0, 0xc0, 
	0xc0, 0xc0, 0xb0, 0xb0, 0xd0, 0xe0, 0xe0, 0xe0, 
	0xd0, 0xc0, 0xc0, 0xc0, 0xc0, 0xb0, 0xb0, 0xc0, 
	0xb0, 0xc0, 0xd0, 0xd0, 0xe0, 0xe0, 0xf0, 0xf0, 
	0xe0, 0xe0, 0xf0, 0xf0, 0xf0, 0xf0, 0xf0, 0xf0, 
	0xf0, 0xf0, 0xe0, 0xd0, 0xc0, 0xd0, 0xd0, 0xc0, 
	0xd0, 0xe0, 0xe0, 0xd0, 0xb0, 0xc0, 0xd0, 0xd0, 
	0xc0, 0xc0, 0xd0, 0xd0, 0xc0, 0xd0, 0xd0, 0xd0, 
	0xe0, 0xf0, 0xe0, 0xb0, 0xa0, 0xa0, 0xa0, 0xb0, 
	0xc0, 0xb0, 0xa0, 0xc0, 0xf0, 0xf0, 0xe0, 0xd0, 
	0xd0, 0xc0, 0xc0, 0xc0, 0xa0, 0xa0, 0xa0, 0xb0, 
	0xc0, 0xd0, 0xd0, 0xd0, 0xe0, 0xd0, 0xf0, 0xf0, 
	0xf0, 0xf0, 0xf0, 0xf0, 0xf0, 0xf0, 0xf0, 0xf0, 
	0xf0, 0xe0, 0xd0, 0xc0, 0xc0, 0xc0, 0xb0, 0xb0, 
	0xe0, 0xe0, 0xf0, 0xe0, 0xc0, 0xd0, 0xd0, 0xd0, 
	0xe0, 0xe0, 0xe0, 0xd0, 0xd0, 0xd0, 0xd0, 0xc0, 
	0xc0, 0xc0, 0xd0, 0xc0, 0xb0, 0xa0, 0xa0, 0xb0, 
	0xc0, 0xb0, 0xa0, 0xd0, 0xe0, 0xd0, 0xc0, 0xb0, 
	0xb0, 0xc0, 0xd0, 0xc0, 0xa0, 0xb0, 0x90, 0xa0, 
	0xd0, 0xe0, 0xd0, 0xe0, 0xe0, 0xd0, 0xf0, 0xf0, 
	0xf0, 0xf0, 0xf0, 0xf0, 0xf0, 0xf0, 0xf0, 0xf0, 
	0xf0, 0xd0, 0xc0, 0xb0, 0xd0, 0xc0, 0xa0, 0xa0, 
	0xd0, 0xd0, 0xc0, 0xe0, 0xe0, 0xd0, 0xc0, 0xd0, 
	0xd0, 0xe0, 0xd0, 0xd0, 0xe0, 0xe0, 0xf0, 0xe0, 
	0xb0, 0xb0, 0xd0, 0xd0, 0xc0, 0xb0, 0xb0, 0xc0, 
	0xc0, 0xa0, 0xa0, 0xc0, 0xd0, 0xc0, 0xc0, 0xb0, 
	0xb0, 0xc0, 0xd0, 0xd0, 0xc0, 0xc0, 0xa0, 0xb0, 
	0xd0, 0xd0, 0xe0, 0xf0, 0xf0, 0xf0, 0xe0, 0xf0, 
	0xf0, 0xf0, 0xf0, 0xf0, 0xf0, 0xf0, 0xf0, 0xf0, 
	0xf0, 0xd0, 0xc0, 0xd0, 0xe0, 0xd0, 0xb0, 0xc0, 
	0xd0, 0xc0, 0xb0, 0xc0, 0xe0, 0xc0, 0xb0, 0xc0, 
	0xc0, 0xd0, 0xd0, 0xd0, 0xe0, 0xe0, 0xf0, 0xe0, 
	0xc0, 0xb0, 0xc0, 0xe0, 0xe0, 0xd0, 0xc0, 0xc0, 
	0xb0, 0xa0, 0xb0, 0xb0, 0xb0, 0xb0, 0xc0, 0xc0, 
	0xb0, 0xb0, 0xd0, 0xf0, 0xf0, 0xe0, 0xd0, 0xd0, 
	0xd0, 0xd0, 0xf0, 0xf0, 0xf0, 0xf0, 0xe0, 0xe0, 
	0xf0, 0xf0, 0xe0, 0xf0, 0xf0, 0xf0, 0xf0, 0xf0, 
	0xf0, 0xf0, 0xf0, 0xf0, 0xf0, 0xd0, 0xe0, 0xe0, 
	0xd0, 0xd0, 0xc0, 0xc0, 0xc0, 0xa0, 0x90, 0xb0, 
	0xa0, 0xc0, 0xe0, 0xe0, 0xe0, 0xe0, 0xe0, 0xe0, 
	0xe0, 0xd0, 0xc0, 0xd0, 0xd0, 0xd0, 0xe0, 0xd0, 
	0xc0, 0xc0, 0xd0, 0xc0, 0xb0, 0xb0, 0xd0, 0xf0, 
	0xe0, 0xd0, 0xc0, 0xd0, 0xc0, 0xd0, 0xd0, 0xc0, 
	0xd0, 0xe0, 0xe0, 0xf0, 0xf0, 0xf0, 0xf0, 0xf0, 
	0xf0, 0xf0, 0xe0, 0xf0, 0xf0, 0xf0, 0xf0, 0xf0, 
	0xf0, 0xf0, 0xf0, 0xf0, 0xf0, 0xd0, 0xe0, 0xe0, 
	0xc0, 0xc0, 0xc0, 0xc0, 0xa0, 0x90, 0x90, 0xb0, 
	0xb0, 0xc0, 0xd0, 0xe0, 0xd0, 0xd0, 0xd0, 0xd0, 
	0xe0, 0xe0, 0xd0, 0xc0, 0xc0, 0xd0, 0xe0, 0xe0, 
	0xd0, 0xd0, 0xf0, 0xf0, 0xe0, 0xe0, 0xe0, 0xf0, 
	0xf0, 0xe0, 0xd0, 0xd0, 0xd0, 0xe0, 0xe0, 0xd0, 
	0xe0, 0xe0, 0xe0, 0xe0, 0xe0, 0xe0, 0xf0, 0xe0, 
	0xf0, 0xf0, 0xf0, 0xf0, 0xf0, 0xf0, 0xf0, 0xf0, 
	0xf0, 0xf0, 0xf0, 0xf0, 0xf0, 0xe0, 0xe0, 0xe0, 
	0xc0, 0xb0, 0xc0, 0xb0, 0xa0, 0xb0, 0xb0, 0xd0, 
	0xc0, 0xc0, 0xd0, 0xd0, 0xb0, 0xc0, 0xc0, 0xb0, 
	0xc0, 0xd0, 0xc0, 0xa0, 0xb0, 0xb0, 0xd0, 0xe0, 
	0xe0, 0xf0, 0xf0, 0xf0, 0xf0, 0xf0, 0xd0, 0xe0, 
	0xf0, 0xf0, 0xd0, 0xd0, 0xd0, 0xe0, 0xe0, 0xe0, 
	0xf0, 0xe0, 0xd0, 0xd0, 0xd0, 0xe0, 0xf0, 0xf0, 
	0xe0, 0xe0, 0xf0, 0xe0, 0xf0, 0xf0, 0xf0, 0xf0, 
	0xf0, 0xe0, 0xe0, 0xf0, 0xf0, 0xf0, 0xf0, 0xe0, 
	0xd0, 0xc0, 0xc0, 0xa0, 0xb0, 0xc0, 0xd0, 0xd0, 
	0xd0, 0xc0, 0xb0, 0xa0, 0xa0, 0xc0, 0xc0, 0xb0, 
	0xb0, 0xb0, 0xa0, 0x90, 0xa0, 0xb0, 0xc0, 0xc0, 
	0xd0, 0xf0, 0xf0, 0xe0, 0xf0, 0xf0, 0xd0, 0xd0, 
	0xf0, 0xf0, 0xd0, 0xe0, 0xe0, 0xe0, 0xe0, 0xe0, 
	0xf0, 0xe0, 0xd0, 0xc0, 0xc0, 0xe0, 0xe0, 0xe0, 
	0xe0, 0xf0, 0xe0, 0xe0, 0xe0, 0xf0, 0xf0, 0xf0, 
	0xe0, 0xe0, 0xf0, 0xf0, 0xf0, 0xf0, 0xf0, 0xe0, 
	0xd0, 0xc0, 0xb0, 0xb0, 0xb0, 0xc0, 0xd0, 0xc0, 
	0xd0, 0xe0, 0xc0, 0xb0, 0xc0, 0xc0, 0xc0, 0xc0, 
	0xc0, 0xc0, 0xc0, 0xb0, 0xc0, 0xc0, 0xc0, 0xc0, 
	0xe0, 0xf0, 0xf0, 0xf0, 0xf0, 0xf0, 0xe0, 0xe0, 
	0xf0, 0xf0, 0xe0, 0xe0, 0xe0, 0xd0, 0xe0, 0xe0, 
	0xe0, 0xd0, 0xd0, 0xc0, 0xb0, 0xc0, 0xd0, 0xd0, 
	0xe0, 0xf0, 0xf0, 0xf0, 0xf0, 0xf0, 0xf0, 0xe0, 
	0xd0, 0xe0, 0xf0, 0xe0, 0xe0, 0xe0, 0xd0, 0xc0, 
	0xc0, 0xb0, 0xa0, 0xa0, 0xb0, 0xc0, 0xd0, 0xc0, 
	0xc0, 0xd0, 0xd0, 0xd0, 0xe0, 0xc0, 0xc0, 0xd0, 
	0xe0, 0xe0, 0xe0, 0xe0, 0xc0, 0xd0, 0xd0, 0xe0, 
	0xf0, 0xf0, 0xf0, 0xf0, 0xe0, 0xf0, 0xf0, 0xf0, 
	0xf0, 0xf0, 0xf0, 0xf0, 0xf0, 0xe0, 0xd0, 0xd0, 
	0xd0, 0xc0, 0xc0, 0xb0, 0xb0, 0xc0, 0xb0, 0xc0, 
	0xe0, 0xe0, 0xf0, 0xf0, 0xf0, 0xf0, 0xf0, 0xe0, 
	0xe0, 0xe0, 0xe0, 0xd0, 0xe0, 0xd0, 0xc0, 0xb0, 
	0xb0, 0xa0, 0x90, 0xa0, 0xa0, 0xb0, 0xc0, 0xc0, 
	0xb0, 0xb0, 0xd0, 0xe0, 0xd0, 0xc0, 0xd0, 0xd0, 
	0xe0, 0xe0, 0xf0, 0xf0, 0xd0, 0xd0, 0xd0, 0xf0, 
	0xf0, 0xf0, 0xf0, 0xf0, 0xe0, 0xf0, 0xf0, 0xf0, 
	0xf0, 0xf0, 0xf0, 0xf0, 0xf0, 0xf0, 0xe0, 0xe0, 
	0xd0, 0xc0, 0xb0, 0xb0, 0xd0, 0xc0, 0xc0, 0xd0, 
	0xd0, 0xe0, 0xf0, 0xe0, 0xf0, 0xf0, 0xf0, 0xf0, 
	0xf0, 0xd0, 0xe0, 0xf0, 0xf0, 0xe0, 0xd0, 0xc0, 
	0xb0, 0xc0, 0xb0, 0xa0, 0xb0, 0xc0, 0xc0, 0xc0, 
	0xb0, 0xa0, 0xd0, 0xe0, 0xd0, 0xc0, 0xd0, 0xe0, 
	0xe0, 0xe0, 0xe0, 0xf0, 0xe0, 0xd0, 0xe0, 0xf0, 
	0xe0, 0xe0, 0xf0, 0xf0, 0xe0, 0xe0, 0xe0, 0xf0, 
	0xe0, 0xe0, 0xf0, 0xe0, 0xe0, 0xe0, 0xf0, 0xe0, 
	0xd0, 0xc0, 0xd0, 0xd0, 0xd0, 0xd0, 0xd0, 0xd0, 
	0xe0, 0xe0, 0xe0, 0xd0, 0xd0, 0xf0, 0xf0, 0xf0, 
	0xe0, 0xd0, 0xe0, 0xf0, 0xf0, 0xf0, 0xf0, 0xf0, 
	0xf0, 0xf0, 0xe0, 0xc0, 0xc0, 0xd0, 0xe0, 0xe0, 
	0xc0, 0xb0, 0xb0, 0xd0, 0xc0, 0xc0, 0xc0, 0xd0, 
	0xe0, 0xd0, 0xd0, 0xe0, 0xe0, 0xe0, 0xe0, 0xe0, 
	0xe0, 0xf0, 0xe0, 0xd0, 0xe0, 0xf0, 0xe0, 0xe0, 
	0xe0, 0xf0, 0xf0, 0xf0, 0xe0, 0xe0, 0xf0, 0xf0, 
	0xf0, 0xe0, 0xe0, 0xf0, 0xe0, 0xd0, 0xd0, 0xd0, 
	0xe0, 0xe0, 0xe0, 0xe0, 0xe0, 0xe0, 0xe0, 0xe0, 
	0xf0, 0xf0, 0xf0, 0xe0, 0xf0, 0xf0, 0xf0, 0xf0, 
	0xf0, 0xf0, 0xf0, 0xd0, 0xd0, 0xe0, 0xe0, 0xd0, 
	0xf0, 0xf0, 0xd0, 0xc0, 0xc0, 0xd0, 0xd0, 0xe0, 
	0xe0, 0xc0, 0xd0, 0xe0, 0xe0, 0xe0, 0xe0, 0xd0, 
	0xe0, 0xf0, 0xe0, 0xd0, 0xf0, 0xf0, 0xd0, 0xd0, 
	0xe0, 0xe0, 0xf0, 0xf0, 0xf0, 0xf0, 0xf0, 0xf0, 
	0xf0, 0xf0, 0xf0, 0xf0, 0xe0, 0xe0, 0xe0, 0xe0, 
	0xe0, 0xe0, 0xe0, 0xf0, 0xf0, 0xe0, 0xd0, 0xd0, 
	0xe0, 0xe0, 0xe0, 0xe0, 0xe0, 0xf0, 0xe0, 0xe0, 
	0xf0, 0xf0, 0xf0, 0xe0, 0xe0, 0xe0, 0xd0, 0xd0, 
	0xe0, 0xe0, 0xd0, 0xc0, 0xc0, 0xc0, 0xc0, 0xd0, 
	0xd0, 0xe0, 0xe0, 0xe0, 0xd0, 0xe0, 0xe0, 0xd0, 
	0xc0, 0xd0, 0xd0, 0xe0, 0xf0, 0xe0, 0xd0, 0xd0, 
	0xe0, 0xf0, 0xf0, 0xf0, 0xf0, 0xf0, 0xf0, 0xf0, 
	0xf0, 0xf0, 0xf0, 0xf0, 0xf0, 0xf0, 0xf0, 0xe0, 
	0xd0, 0xe0, 0xf0, 0xf0, 0xf0, 0xf0, 0xd0, 0xd0, 
	0xd0, 0xd0, 0xd0, 0xd0, 0xd0, 0xd0, 0xd0, 0xe0, 
	0xe0, 0xe0, 0xe0, 0xf0, 0xf0, 0xe0, 0xc0, 0xd0, 
	0xd0, 0xd0, 0xd0, 0xc0, 0xd0, 0xc0, 0xc0, 0xd0, 
	0xe0, 0xf0, 0xf0, 0xe0, 0xe0, 0xe0, 0xd0, 0xd0, 
	0xb0, 0xb0, 0xd0, 0xf0, 0xe0, 0xe0, 0xd0, 0xd0, 
	0xe0, 0xe0, 0xe0, 0xe0, 0xf0, 0xf0, 0xf0, 0xf0, 
	0xf0, 0xe0, 0xf0, 0xf0, 0xf0, 0xf0, 0xf0, 0xe0, 
	0xe0, 0xe0, 0xe0, 0xe0, 0xe0, 0xe0, 0xd0, 0xd0, 
	0xd0, 0xd0, 0xd0, 0xd0, 0xd0, 0xd0, 0xd0, 0xd0, 
	0xe0, 0xe0, 0xf0, 0xf0, 0xf0, 0xf0, 0xd0, 0xd0, 
	0xd0, 0xd0, 0xd0, 0xd0, 0xd0, 0xd0, 0xd0, 0xd0, 
	0xd0, 0xf0, 0xe0, 0xd0, 0xf0, 0xf0, 0xf0, 0xe0, 
	0xb0, 0xa0, 0xd0, 0xf0, 0xd0, 0xc0, 0xc0, 0xd0, 
	0xd0, 0xe0, 0xe0, 0xe0, 0xe0, 0xf0, 0xf0, 0xf0, 
	0xe0, 0xe0, 0xe0, 0xf0, 0xf0, 0xf0, 0xf0, 0xe0, 
	0xe0, 0xe0, 0xd0, 0xb0, 0xc0, 0xd0, 0xd0, 0xc0, 
	0xc0, 0xd0, 0xd0, 0xd0, 0xe0, 0xd0, 0xd0, 0xd0, 
	0xe0, 0xf0, 0xf0, 0xf0, 0xf0, 0xf0, 0xe0, 0xd0, 
	0xd0, 0xd0, 0xd0, 0xe0, 0xe0, 0xe0, 0xd0, 0xc0, 
	0xd0, 0xe0, 0xe0, 0xd0, 0xf0, 0xf0, 0xe0, 0xd0, 
	0xc0, 0xb0, 0xb0, 0xd0, 0xc0, 0xa0, 0xb0, 0xc0, 
	0xd0, 0xc0, 0xd0, 0xd0, 0xf0, 0xf0, 0xf0, 0xf0, 
	0xf0, 0xe0, 0xf0, 0xe0, 0xe0, 0xe0, 0xe0, 0xe0, 
	0xe0, 0xe0, 0xe0, 0xc0, 0xd0, 0xd0, 0xc0, 0xc0, 
	0xc0, 0xc0, 0xd0, 0xe0, 0xf0, 0xf0, 0xd0, 0xd0, 
	0xf0, 0xf0, 0xf0, 0xe0, 0xe0, 0xf0, 0xf0, 0xe0, 
	0xe0, 0xe0, 0xf0, 0xf0, 0xf0, 0xf0, 0xe0, 0xd0, 
	0xe0, 0xe0, 0xe0, 0xe0, 0xe0, 0xe0, 0xd0, 0xd0, 
	0xf0, 0xf0, 0xd0, 0xc0, 0xc0, 0xb0, 0xa0, 0xb0, 
	0xc0, 0xc0, 0xc0, 0xd0, 0xd0, 0xe0, 0xe0, 0xe0, 
	0xd0, 0xd0, 0xe0, 0xd0, 0xe0, 0xe0, 0xe0, 0xd0, 
	0xe0, 0xd0, 0xe0, 0xd0, 0xd0, 0xc0, 0xa0, 0xb0, 
	0xc0, 0xd0, 0xd0, 0xe0, 0xf0, 0xf0, 0xe0, 0xe0, 
	0xe0, 0xe0, 0xe0, 0xe0, 0xe0, 0xf0, 0xf0, 0xf0, 
	0xd0, 0xe0, 0xf0, 0xf0, 0xf0, 0xf0, 0xe0, 0xd0, 
	0xe0, 0xd0, 0xd0, 0xf0, 0xe0, 0xd0, 0xd0, 0xd0, 
	0xe0, 0xe0, 0xd0, 0xc0, 0xc0, 0xc0, 0xb0, 0xb0, 
	0xb0, 0xc0, 0xc0, 0xc0, 0xd0, 0xe0, 0xe0, 0xd0, 
	0xd0, 0xe0, 0xd0, 0xe0, 0xe0, 0xe0, 0xe0, 0xd0, 
	0xd0, 0xd0, 0xd0, 0xd0, 0xd0, 0xb0, 0xb0, 0xc0, 
	0xd0, 0xc0, 0xd0, 0xd0, 0xd0, 0xe0, 0xe0, 0xf0, 
	0xe0, 0xe0, 0xf0, 0xf0, 0xf0, 0xf0, 0xf0, 0xe0, 
	0xd0, 0xd0, 0xe0, 0xe0, 0xe0, 0xe0, 0xf0, 0xf0, 
	0xd0, 0xd0, 0xe0, 0xf0, 0xe0, 0xd0, 0xd0, 0xd0, 
	0xd0, 0xc0, 0xd0, 0xc0, 0xc0, 0xd0, 0xd0, 0xc0, 
	0xa0, 0xb0, 0xc0, 0xc0, 0xd0, 0xe0, 0xe0, 0xd0, 
	0xe0, 0xd0, 0xc0, 0xc0, 0xc0, 0xc0, 0xc0, 0xd0, 
	0xd0, 0xc0, 0xc0, 0xe0, 0xc0, 0xc0, 0xd0, 0xd0, 
	0xd0, 0xc0, 0xc0, 0xd0, 0xd0, 0xd0, 0xd0, 0xd0, 
	0xd0, 0xe0, 0xf0, 0xf0, 0xf0, 0xf0, 0xe0, 0xc0, 
	0xe0, 0xd0, 0xd0, 0xe0, 0xd0, 0xe0, 0xe0, 0xd0, 
	0xd0, 0xc0, 0xd0, 0xd0, 0xd0, 0xd0, 0xe0, 0xe0, 
	0xd0, 0xd0, 0xd0, 0xd0, 0xc0, 0xd0, 0xe0, 0xd0, 
	0xb0, 0xb0, 0xc0, 0xd0, 0xd0, 0xf0, 0xf0, 0xe0, 
	0xf0, 0xd0, 0xb0, 0xb0, 0xb0, 0xb0, 0xc0, 0xc0, 
	0xc0, 0xb0, 0xc0, 0xc0, 0xc0, 0xd0, 0xf0, 0xf0, 
	0xd0, 0xd0, 0xd0, 0xe0, 0xf0, 0xf0, 0xd0, 0xd0, 
	0xe0, 0xe0, 0xf0, 0xf0, 0xf0, 0xf0, 0xd0, 0xd0, 
	0xe0, 0xc0, 0xc0, 0xe0, 0xf0, 0xf0, 0xd0, 0xd0, 
	0xe0, 0xd0, 0xc0, 0xc0, 0xd0, 0xd0, 0xd0, 0xc0, 
	0xd0, 0xd0, 0xc0, 0xc0, 0xc0, 0xc0, 0xc0, 0xc0, 
	0xd0, 0xc0, 0xc0, 0xd0, 0xd0, 0xe0, 0xf0, 0xe0, 
	0xe0, 0xd0, 0xc0, 0xc0, 0xc0, 0xc0, 0xc0, 0xc0, 
	0xc0, 0xc0, 0xc0, 0xc0, 0xc0, 0xd0, 0xe0, 0xe0, 
	0xd0, 0xc0, 0xc0, 0xd0, 0xf0, 0xf0, 0xd0, 0xe0, 
	0xf0, 0xe0, 0xf0, 0xe0, 0xe0, 0xf0, 0xe0, 0xf0, 
	0xe0, 0xd0, 0xd0, 0xf0, 0xf0, 0xf0, 0xd0, 0xe0, 
	0xe0, 0xd0, 0xd0, 0xc0, 0xd0, 0xc0, 0xc0, 0xb0, 
	0xb0, 0xd0, 0xd0, 0xd0, 0xc0, 0xc0, 0xc0, 0xc0, 
	0xc0, 0xc0, 0xc0, 0xd0, 0xd0, 0xe0, 0xe0, 0xe0, 
	0xd0, 0xd0, 0xc0, 0xc0, 0xd0, 0xe0, 0xd0, 0xd0, 
	0xc0, 0xb0, 0xb0, 0xc0, 0xd0, 0xd0, 0xd0, 0xd0, 
	0xc0, 0xd0, 0xd0, 0xd0, 0xe0, 0xe0, 0xc0, 0xe0, 
	0xf0, 0xf0, 0xe0, 0xe0, 0xe0, 0xf0, 0xf0, 0xf0, 
	0xf0, 0xe0, 0xf0, 0xf0, 0xf0, 0xe0, 0xc0, 0xd0, 
	0xe0, 0xe0, 0xd0, 0xd0, 0xd0, 0xc0, 0xc0, 0xb0, 
	0xa0, 0xc0, 0xd0, 0xd0, 0xc0, 0xc0, 0xc0, 0xc0, 
	0xc0, 0xb0, 0xb0, 0xd0, 0xe0, 0xf0, 0xf0, 0xe0, 
	0xe0, 0xe0, 0xd0, 0xe0, 0xe0, 0xe0, 0xd0, 0xd0, 
	0xc0, 0xc0, 0xc0, 0xd0, 0xe0, 0xe0, 0xd0, 0xd0, 
	0xd0, 0xd0, 0xd0, 0xd0, 0xe0, 0xd0, 0xc0, 0xd0, 
	0xe0, 0xe0, 0xe0, 0xe0, 0xe0, 0xe0, 0xe0, 0xe0, 
	0xf0, 0xf0, 0xf0, 0xf0, 0xf0, 0xd0, 0xc0, 0xc0, 
	0xd0, 0xd0, 0xd0, 0xd0, 0xd0, 0xc0, 0xd0, 0xc0, 
	0xb0, 0xd0, 0xe0, 0xd0, 0xc0, 0xb0, 0xc0, 0xc0, 
	0xc0, 0xc0, 0xd0, 0xd0, 0xd0, 0xe0, 0xf0, 0xf0, 
	0xe0, 0xe0, 0xd0, 0xe0, 0xd0, 0xd0, 0xc0, 0xc0, 
	0xd0, 0xd0, 0xc0, 0xe0, 0xf0, 0xe0, 0xe0, 0xe0, 
	0xe0, 0xe0, 0xe0, 0xf0, 0xd0, 0xd0, 0xd0, 0xd0, 
	0xc0, 0xe0, 0xf0, 0xe0, 0xd0, 0xd0, 0xd0, 0xe0, 
	0xf0, 0xf0, 0xf0, 0xe0, 0xe0, 0xd0, 0xd0, 0xd0, 
	0xd0, 0xc0, 0xd0, 0xe0, 0xe0, 0xd0, 0xe0, 0xf0, 
	0xe0, 0xd0, 0xd0, 0xd0, 0xd0, 0xc0, 0xc0, 0xd0, 
	0xc0, 0xc0, 0xd0, 0xd0, 0xc0, 0xc0, 0xe0, 0xe0, 
	0xe0, 0xf0, 0xf0, 0xe0, 0xd0, 0xd0, 0xd0, 0xe0, 
	0xf0, 0xd0, 0xd0, 0xd0, 0xe0, 0xf0, 0xf0, 0xe0, 
	0xd0, 0xe0, 0xe0, 0xf0, 0xf0, 0xe0, 0xd0, 0xd0, 
	0xd0, 0xe0, 0xf0, 0xe0, 0xc0, 0xc0, 0xc0, 0xd0, 
	0xd0, 0xe0, 0xe0, 0xe0, 0xe0, 0xe0, 0xe0, 0xe0, 
	0xd0, 0xc0, 0xc0, 0xd0, 0xd0, 0xe0, 0xf0, 0xf0, 
	0xe0, 0xb0, 0xb0, 0xd0, 0xe0, 0xe0, 0xd0, 0xc0, 
	0xd0, 0xd0, 0xd0, 0xd0, 0xd0, 0xb0, 0xc0, 0xd0, 
	0xd0, 0xd0, 0xd0, 0xd0, 0xd0, 0xc0, 0xd0, 0xd0, 
	0xe0, 0xd0, 0xd0, 0xd0, 0xd0, 0xf0, 0xf0, 0xe0, 
	0xd0, 0xe0, 0xe0, 0xf0, 0xe0, 0xe0, 0xe0, 0xd0, 
	0xe0, 0xe0, 0xe0, 0xd0, 0xc0, 0xb0, 0xc0, 0xd0, 
	0xb0, 0xc0, 0xd0, 0xd0, 0xd0, 0xc0, 0xc0, 0xd0, 
	0xc0, 0xc0, 0xd0, 0xc0, 0xd0, 0xe0, 0xe0, 0xe0, 
	0xc0, 0xb0, 0xc0, 0xd0, 0xe0, 0xe0, 0xd0, 0xd0, 
	0xc0, 0xd0, 0xc0, 0xd0, 0xc0, 0xb0, 0xc0, 0xc0, 
	0xc0, 0xd0, 0xe0, 0xf0, 0xf0, 0xe0, 0xe0, 0xe0, 
	0xe0, 0xd0, 0xc0, 0xc0, 0xd0, 0xe0, 0xe0, 0xe0, 
	0xe0, 0xf0, 0xf0, 0xf0, 0xe0, 0xe0, 0xe0, 0xd0, 
	0xe0, 0xe0, 0xc0, 0xc0, 0xb0, 0xa0, 0xb0, 0xb0, 
	0xb0, 0xc0, 0xd0, 0xd0, 0xb0, 0xb0, 0xb0, 0xb0, 
	0xb0, 0xc0, 0xc0, 0xc0, 0xd0, 0xe0, 0xd0, 0xc0, 
	0xb0, 0xd0, 0xe0, 0xf0, 0xe0, 0xd0, 0xc0, 0xc0, 
	0xc0, 0xd0, 0xc0, 0xc0, 0xc0, 0xb0, 0xc0, 0xc0, 
	0xc0, 0xd0, 0xf0, 0xf0, 0xf0, 0xf0, 0xf0, 0xf0, 
	0xf0, 0xe0, 0xc0, 0xc0, 0xd0, 0xc0, 0xd0, 0xe0, 
	0xe0, 0xf0, 0xf0, 0xf0, 0xe0, 0xe0, 0xf0, 0xd0, 
	0xc0, 0xc0, 0xa0, 0xb0, 0xb0, 0xc0, 0xb0, 0xc0, 
	0xc0, 0xd0, 0xd0, 0xc0, 0xa0, 0xa0, 0xa0, 0xa0, 
	0xb0, 0xb0, 0xb0, 0xc0, 0xd0, 0xc0, 0xc0, 0xd0, 
	0xe0, 0xf0, 0xf0, 0xe0, 0xd0, 0xb0, 0xa0, 0xb0, 
	0xb0, 0xc0, 0xc0, 0xc0, 0xc0, 0xc0, 0xd0, 0xc0, 
	0xd0, 0xe0, 0xf0, 0xf0, 0xf0, 0xf0, 0xf0, 0xe0, 
	0xe0, 0xe0, 0xd0, 0xc0, 0xc0, 0xb0, 0xb0, 0xd0, 
	0xe0, 0xe0, 0xf0, 0xf0, 0xf0, 0xf0, 0xf0, 0xd0, 
	0xc0, 0xb0, 0xa0, 0xb0, 0xc0, 0xd0, 0xd0, 0xd0, 
	0xd0, 0xd0, 0xc0, 0xa0, 0xa0, 0xb0, 0xb0, 0xb0, 
	0xb0, 0xb0, 0xb0, 0xb0, 0xb0, 0xc0, 0xc0, 0xe0, 
	0xf0, 0xf0, 0xe0, 0xd0, 0xd0, 0xc0, 0xb0, 0xb0, 
	0xc0, 0xb0, 0xc0, 0xb0, 0xc0, 0xe0, 0xe0, 0xd0, 
	0xd0, 0xd0, 0xf0, 0xf0, 0xf0, 0xf0, 0xe0, 0xe0, 
	0xe0, 0xe0, 0xe0, 0xd0, 0xc0, 0xb0, 0xa0, 0xc0, 
	0xd0, 0xd0, 0xd0, 0xe0, 0xe0, 0xf0, 0xf0, 0xd0, 
	0xc0, 0xb0, 0xb0, 0xc0, 0xc0, 0xe0, 0xe0, 0xe0, 
	0xd0, 0xd0, 0xb0, 0xb0, 0xc0, 0xd0, 0xc0, 0xc0, 
	0xd0, 0xc0, 0xb0, 0xb0, 0xa0, 0xb0, 0xc0, 0xc0, 
	0xd0, 0xc0, 0xc0, 0xc0, 0xc0, 0xd0, 0xc0, 0xb0, 
	0xb0, 0xa0, 0xa0, 0xa0, 0xc0, 0xd0, 0xe0, 0xe0, 
	0xe0, 0xe0, 0xf0, 0xf0, 0xf0, 0xe0, 0xd0, 0xd0, 
	0xe0, 0xf0, 0xe0, 0xe0, 0xc0, 0xb0, 0xb0, 0xc0, 
	0xd0, 0xc0, 0xc0, 0xe0, 0xd0, 0xd0, 0xe0, 0xd0, 
	0xc0, 0xb0, 0xc0, 0xb0, 0xb0, 0xc0, 0xd0, 0xd0, 
	0xe0, 0xc0, 0xc0, 0xd0, 0xd0, 0xd0, 0xc0, 0xc0, 
	0xd0, 0xd0, 0xc0, 0xb0, 0xa0, 0xb0, 0xb0, 0xa0, 
	0xa0, 0xc0, 0xc0, 0xc0, 0xc0, 0xc0, 0xc0, 0xb0, 
	0x90, 0x80, 0x90, 0xa0, 0xc0, 0xd0, 0xe0, 0xe0, 
	0xf0, 0xf0, 0xf0, 0xf0, 0xf0, 0xf0, 0xe0, 0xd0, 
	0xe0, 0xf0, 0xe0, 0xc0, 0xb0, 0xc0, 0xc0, 0xc0, 
	0xe0, 0xe0, 0xd0, 0xd0, 0xd0, 0xd0, 0xc0, 0xc0, 
	0xc0, 0xb0, 0xa0, 0xa0, 0xb0, 0xc0, 0xb0, 0xc0, 
	0xc0, 0xc0, 0xd0, 0xf0, 0xf0, 0xd0, 0xd0, 0xd0, 
	0xe0, 0xe0, 0xc0, 0xa0, 0xb0, 0xb0, 0xa0, 0xb0, 
	0xc0, 0xd0, 0xd0, 0xc0, 0xb0, 0xb0, 0xb0, 0xa0, 
	0x80, 0x90, 0xa0, 0xb0, 0xb0, 0xb0, 0xc0, 0xc0, 
	0xe0, 0xe0, 0xf0, 0xf0, 0xf0, 0xf0, 0xf0, 0xf0, 
	0xe0, 0xe0, 0xe0, 0xc0, 0xa0, 0xc0, 0xc0, 0xc0, 
	0xe0, 0xf0, 0xd0, 0xd0, 0xd0, 0xd0, 0xd0, 0xd0, 
	0xd0, 0xc0, 0xa0, 0xa0, 0xc0, 0xc0, 0xb0, 0xc0, 
	0xc0, 0xc0, 0xd0, 0xe0, 0xe0, 0xd0, 0xc0, 0xc0, 
	0xc0, 0xe0, 0xd0, 0xb0, 0xc0, 0xc0, 0xb0, 0xd0, 
	0xe0, 0xe0, 0xd0, 0xc0, 0xb0, 0xb0, 0xb0, 0xa0, 
	0x90, 0xa0, 0xb0, 0xb0, 0xb0, 0xa0, 0xa0, 0xb0, 
	0xd0, 0xd0, 0xe0, 0xf0, 0xf0, 0xf0, 0xf0, 0xf0, 
	0xf0, 0xe0, 0xe0, 0xd0, 0xb0, 0xb0, 0xb0, 0xc0, 
	0xd0, 0xd0, 0xc0, 0xd0, 0xe0, 0xe0, 0xe0, 0xe0, 
	0xf0, 0xf0, 0xe0, 0xd0, 0xd0, 0xc0, 0xc0, 0xc0, 
	0xc0, 0xd0, 0xd0, 0xd0, 0xd0, 0xc0, 0xd0, 0xd0, 
	0xc0, 0xd0, 0xd0, 0xb0, 0xc0, 0xd0, 0xc0, 0xc0, 
	0xd0, 0xc0, 0xc0, 0xd0, 0xc0, 0xc0, 0xb0, 0xa0, 
	0xb0, 0xb0, 0xb0, 0xc0, 0xc0, 0xc0, 0xb0, 0xc0, 
	0xd0, 0xe0, 0xe0, 0xe0, 0xe0, 0xf0, 0xf0, 0xf0, 
	0xf0, 0xe0, 0xe0, 0xe0, 0xe0, 0xc0, 0xb0, 0xc0, 
	0xc0, 0xd0, 0xc0, 0xc0, 0xe0, 0xf0, 0xf0, 0xf0, 
	0xf0, 0xf0, 0xf0, 0xf0, 0xe0, 0xc0, 0xb0, 0xb0, 
	0xd0, 0xd0, 0xe0, 0xd0, 0xd0, 0xd0, 0xd0, 0xd0, 
	0xd0, 0xc0, 0xc0, 0xc0, 0xb0, 0xc0, 0xc0, 0xc0, 
	0xc0, 0xb0, 0xb0, 0xd0, 0xe0, 0xd0, 0xc0, 0xb0, 
	0xb0, 0xb0, 0xc0, 0xc0, 0xd0, 0xd0, 0xc0, 0xc0, 
	0xd0, 0xe0, 0xd0, 0xd0, 0xe0, 0xf0, 0xf0, 0xf0, 
	0xe0, 0xd0, 0xd0, 0xe0, 0xf0, 0xe0, 0xc0, 0xc0, 
	0xd0, 0xd0, 0xd0, 0xd0, 0xe0, 0xf0, 0xf0, 0xf0, 
	0xf0, 0xf0, 0xf0, 0xf0, 0xd0, 0xc0, 0xc0, 0xc0, 
	0xe0, 0xe0, 0xf0, 0xf0, 0xe0, 0xe0, 0xe0, 0xe0, 
	0xf0, 0xd0, 0xc0, 0xc0, 0xb0, 0xc0, 0xd0, 0xd0, 
	0xc0, 0xb0, 0xc0, 0xe0, 0xf0, 0xd0, 0xc0, 0xc0, 
	0xc0, 0xb0, 0xb0, 0xc0, 0xd0, 0xd0, 0xc0, 0xc0, 
	0xd0, 0xd0, 0xe0, 0xe0, 0xe0, 0xf0, 0xe0, 0xe0, 
	0xd0, 0xc0, 0xc0, 0xd0, 0xe0, 0xe0, 0xd0, 0xc0, 
	0xd0, 0xe0, 0xe0, 0xe0, 0xd0, 0xe0, 0xe0, 0xf0, 
	0xf0, 0xe0, 0xe0, 0xd0, 0xc0, 0xd0, 0xd0, 0xd0, 
	0xe0, 0xf0, 0xf0, 0xf0, 0xf0, 0xf0, 0xf0, 0xf0, 
	0xf0, 0xe0, 0xe0, 0xd0, 0xc0, 0xc0, 0xd0, 0xe0, 
	0xe0, 0xe0, 0xe0, 0xe0, 0xf0, 0xd0, 0xb0, 0xc0, 
	0xd0, 0xb0, 0xb0, 0xc0, 0xd0, 0xe0, 0xd0, 0xc0, 
	0xd0, 0xe0, 0xf0, 0xf0, 0xf0, 0xf0, 0xe0, 0xd0, 
	0xd0, 0xd0, 0xe0, 0xe0, 0xe0, 0xd0, 0xc0, 0xd0, 
	0xf0, 0xf0, 0xd0, 0xc0, 0xc0, 0xd0, 0xe0, 0xf0, 
	0xe0, 0xe0, 0xf0, 0xe0, 0xd0, 0xd0, 0xd0, 0xe0, 
	0xf0, 0xf0, 0xf0, 0xf0, 0xf0, 0xf0, 0xf0, 0xf0, 
	0xe0, 0xe0, 0xe0, 0xe0, 0xd0, 0xc0, 0xc0, 0xe0, 
	0xf0, 0xf0, 0xe0, 0xd0, 0xe0, 0xd0, 0xb0, 0xc0, 
	0xd0, 0xc0, 0xc0, 0xc0, 0xe0, 0xe0, 0xe0, 0xd0, 
	0xc0, 0xe0, 0xf0, 0xf0, 0xe0, 0xe0, 0xe0, 0xe0, 
	0xd0, 0xd0, 0xd0, 0xe0, 0xe0, 0xc0, 0xc0, 0xd0, 
	0xe0, 0xe0, 0xd0, 0xc0, 0xc0, 0xc0, 0xd0, 0xd0, 
	0xd0, 0xd0, 0xe0, 0xe0, 0xd0, 0xd0, 0xe0, 0xe0, 
	0xf0, 0xf0, 0xf0, 0xf0, 0xf0, 0xf0, 0xf0, 0xe0, 
	0xe0, 0xd0, 0xe0, 0xe0, 0xe0, 0xc0, 0xc0, 0xe0, 
	0xf0, 0xf0, 0xf0, 0xe0, 0xe0, 0xe0, 0xc0, 0xc0, 
	0xc0, 0xd0, 0xd0, 0xd0, 0xe0, 0xf0, 0xe0, 0xe0, 
	0xe0, 0xe0, 0xe0, 0xd0, 0xd0, 0xe0, 0xf0, 0xf0, 
	0xe0, 0xe0, 0xe0, 0xe0, 0xe0, 0xe0, 0xe0, 0xf0, 
	0xe0, 0xd0, 0xd0, 0xc0, 0xc0, 0xc0, 0xd0, 0xe0, 
	0xe0, 0xe0, 0xe0, 0xf0, 0xd0, 0xe0, 0xe0, 0xf0, 
	0xe0, 0xe0, 0xe0, 0xf0, 0xf0, 0xf0, 0xe0, 0xe0, 
	0xe0, 0xe0, 0xe0, 0xf0, 0xe0, 0xd0, 0xd0, 0xe0, 
	0xf0, 0xf0, 0xf0, 0xe0, 0xe0, 0xf0, 0xe0, 0xd0, 
	0xd0, 0xe0, 0xd0, 0xd0, 0xe0, 0xe0, 0xe0, 0xe0, 
	0xe0, 0xd0, 0xd0, 0xc0, 0xc0, 0xd0, 0xf0, 0xf0, 
	0xf0, 0xf0, 0xe0, 0xd0, 0xe0, 0xf0, 0xf0, 0xf0, 
	0xe0, 0xc0, 0xd0, 0xd0, 0xc0, 0xc0, 0xd0, 0xe0, 
	0xd0, 0xd0, 0xe0, 0xe0, 0xe0, 0xf0, 0xf0, 0xe0, 
	0xc0, 0xd0, 0xd0, 0xf0, 0xf0, 0xe0, 0xf0, 0xf0, 
	0xf0, 0xf0, 0xf0, 0xf0, 0xf0, 0xf0, 0xf0, 0xe0, 
	0xe0, 0xf0, 0xf0, 0xe0, 0xd0, 0xe0, 0xf0, 0xe0, 
	0xe0, 0xf0, 0xe0, 0xe0, 0xe0, 0xd0, 0xd0, 0xd0, 
	0xd0, 0xd0, 0xd0, 0xb0, 0xc0, 0xd0, 0xe0, 0xf0, 
	0xf0, 0xe0, 0xe0, 0xe0, 0xe0, 0xf0, 0xf0, 0xf0, 
	0xd0, 0xc0, 0xc0, 0xd0, 0xd0, 0xd0, 0xc0, 0xd0, 
	0xd0, 0xc0, 0xd0, 0xe0, 0xf0, 0xf0, 0xf0, 0xe0, 
	0xc0, 0xc0, 0xd0, 0xe0, 0xf0, 0xf0, 0xf0, 0xf0, 
	0xf0, 0xf0, 0xf0, 0xf0, 0xf0, 0xf0, 0xf0, 0xe0, 
	0xd0, 0xf0, 0xf0, 0xe0, 0xd0, 0xd0, 0xe0, 0xe0, 
	0xf0, 0xf0, 0xf0, 0xf0, 0xf0, 0xc0, 0xc0, 0xd0, 
	0xe0, 0xd0, 0xc0, 0xb0, 0xb0, 0xc0, 0xe0, 0xf0, 
	0xf0, 0xd0, 0xd0, 0xe0, 0xe0, 0xf0, 0xf0, 0xd0, 
	0xd0, 0xd0, 0xc0, 0xc0, 0xd0, 0xc0, 0xb0, 0xd0, 
	0xc0, 0xb0, 0xc0, 0xe0, 0xf0, 0xf0, 0xf0, 0xf0, 
	0xd0, 0xc0, 0xc0, 0xc0, 0xd0, 0xf0, 0xf0, 0xf0, 
	0xf0, 0xe0, 0xd0, 0xe0, 0xf0, 0xf0, 0xe0, 0xe0, 
	0xd0, 0xf0, 0xf0, 0xf0, 0xe0, 0xd0, 0xe0, 0xf0, 
	0xf0, 0xf0, 0xf0, 0xf0, 0xe0, 0xc0, 0xc0, 0xd0, 
	0xd0, 0xc0, 0xc0, 0xc0, 0xb0, 0xc0, 0xe0, 0xf0, 
	0xf0, 0xe0, 0xe0, 0xe0, 0xe0, 0xe0, 0xe0, 0xd0, 
	0xe0, 0xe0, 0xd0, 0xd0, 0xd0, 0xd0, 0xd0, 0xd0, 
	0xd0, 0xb0, 0xb0, 0xc0, 0xd0, 0xe0, 0xe0, 0xf0, 
	0xe0, 0xd0, 0xd0, 0xd0, 0xd0, 0xf0, 0xf0, 0xf0, 
	0xf0, 0xe0, 0xd0, 0xe0, 0xe0, 0xe0, 0xf0, 0xf0, 
	0xe0, 0xe0, 0xf0, 0xf0, 0xf0, 0xd0, 0xc0, 0xe0, 
	0xd0, 0xe0, 0xf0, 0xf0, 0xe0, 0xc0, 0xc0, 0xd0, 
	0xd0, 0xd0, 0xf0, 0xe0, 0xc0, 0xd0, 0xe0, 0xe0, 
	0xf0, 0xf0, 0xf0, 0xf0, 0xe0, 0xd0, 0xd0, 0xe0, 
	0xf0, 0xe0, 0xd0, 0xd0, 0xc0, 0xd0, 0xe0, 0xd0, 
	0xd0, 0xb0, 0xc0, 0xc0, 0xd0, 0xe0, 0xe0, 0xe0, 
	0xf0, 0xe0, 0xe0, 0xf0, 0xe0, 0xe0, 0xf0, 0xf0, 
	0xd0, 0xd0, 0xe0, 0xe0, 0xf0, 0xe0, 0xe0, 0xe0, 
	0xe0, 0xd0, 0xe0, 0xf0, 0xf0, 0xe0, 0xc0, 0xe0, 
	0xe0, 0xe0, 0xe0, 0xe0, 0xd0, 0xd0, 0xb0, 0xc0, 
	0xd0, 0xe0, 0xf0, 0xf0, 0xf0, 0xf0, 0xd0, 0xd0, 
	0xf0, 0xf0, 0xf0, 0xf0, 0xd0, 0xd0, 0xe0, 0xf0, 
	0xe0, 0xc0, 0xc0, 0xb0, 0xb0, 0xc0, 0xd0, 0xd0, 
	0xd0, 0xd0, 0xd0, 0xe0, 0xe0, 0xe0, 0xf0, 0xf0, 
	0xf0, 0xe0, 0xf0, 0xf0, 0xf0, 0xf0, 0xf0, 0xe0, 
	0xe0, 0xf0, 0xf0, 0xf0, 0xf0, 0xf0, 0xf0, 0xd0, 
	0xc0, 0xc0, 0xd0, 0xe0, 0xe0, 0xe0, 0xd0, 0xe0, 
	0xe0, 0xe0, 0xe0, 0xd0, 0xd0, 0xd0, 0xb0, 0xa0, 
	0xc0, 0xe0, 0xf0, 0xf0, 0xf0, 0xf0, 0xd0, 0xc0, 
	0xc0, 0xe0, 0xf0, 0xf0, 0xe0, 0xd0, 0xe0, 0xe0, 
	0xe0, 0xc0, 0xc0, 0xb0, 0xb0, 0xb0, 0xc0, 0xc0, 
	0xd0, 0xf0, 0xf0, 0xf0, 0xf0, 0xf0, 0xf0, 0xf0, 
	0xf0, 0xf0, 0xf0, 0xf0, 0xf0, 0xf0, 0xe0, 0xf0, 
	0xf0, 0xf0, 0xf0, 0xf0, 0xf0, 0xf0, 0xf0, 0xe0, 
	0xc0, 0xc0, 0xc0, 0xc0, 0xd0, 0xe0, 0xe0, 0xf0, 
	0xf0, 0xe0, 0xd0, 0xc0, 0xb0, 0xc0, 0xc0, 0xb0, 
	0xc0, 0xd0, 0xe0, 0xe0, 0xf0, 0xf0, 0xf0, 0xe0, 
	0xd0, 0xd0, 0xd0, 0xe0, 0xe0, 0xd0, 0xd0, 0xd0, 
	0xe0, 0xd0, 0xc0, 0xc0, 0xc0, 0xc0, 0xa0, 0xb0, 
	0xd0, 0xe0, 0xf0, 0xf0, 0xf0, 0xf0, 0xf0, 0xf0, 
	0xf0, 0xf0, 0xf0, 0xf0, 0xf0, 0xf0, 0xf0, 0xf0, 
	0xf0, 0xf0, 0xf0, 0xf0, 0xf0, 0xe0, 0xe0, 0xe0, 
	0xd0, 0xc0, 0xc0, 0xb0, 0xb0, 0xd0, 0xe0, 0xe0, 
	0xe0, 0xe0, 0xd0, 0xc0, 0xb0, 0xd0, 0xe0, 0xd0, 
	0xb0, 0xb0, 0xc0, 0xd0, 0xd0, 0xe0, 0xf0, 0xf0, 
	0xe0, 0xe0, 0xd0, 0xc0, 0xe0, 0xd0, 0xc0, 0xd0, 
	0xe0, 0xe0, 0xd0, 0xd0, 0xd0, 0xc0, 0xb0, 0xc0, 
	0xd0, 0xe0, 0xf0, 0xf0, 0xf0, 0xf0, 0xf0, 0xf0, 
	0xf0, 0xf0, 0xf0, 0xf0, 0xf0, 0xf0, 0xf0, 0xe0, 
	0xf0, 0xf0, 0xf0, 0xf0, 0xe0, 0xe0, 0xe0, 0xe0, 
	0xe0, 0xd0, 0xc0, 0xb0, 0xa0, 0xc0, 0xd0, 0xc0, 
	0xc0, 0xd0, 0xc0, 0xb0, 0xc0, 0xe0, 0xf0, 0xd0, 
	0xb0, 0xb0, 0xb0, 0xb0, 0xc0, 0xd0, 0xe0, 0xe0, 
	0xe0, 0xe0, 0xd0, 0xd0, 0xe0, 0xe0, 0xc0, 0xc0, 
	0xd0, 0xe0, 0xe0, 0xd0, 0xd0, 0xc0, 0xc0, 0xc0, 
	0xe0, 0xf0, 0xf0, 0xf0, 0xf0, 0xf0, 0xf0, 0xf0, 
	0xe0, 0xe0, 0xe0, 0xf0, 0xf0, 0xf0, 0xf0, 0xf0, 
	0xf0, 0xf0, 0xf0, 0xe0, 0xd0, 0xd0, 0xe0, 0xf0, 
	0xe0, 0xe0, 0xc0, 0xb0, 0xb0, 0xc0, 0xd0, 0xc0, 
	0xb0, 0xb0, 0xb0, 0xb0, 0xd0, 0xe0, 0xe0, 0xd0, 
	0xd0, 0xd0, 0xb0, 0xa0, 0xc0, 0xd0, 0xd0, 0xc0, 
	0xc0, 0xd0, 0xe0, 0xe0, 0xe0, 0xf0, 0xe0, 0xe0, 
	0xe0, 0xe0, 0xe0, 0xd0, 0xd0, 0xd0, 0xe0, 0xd0, 
	0xe0, 0xf0, 0xf0, 0xe0, 0xe0, 0xf0, 0xf0, 0xf0, 
	0xe0, 0xf0, 0xf0, 0xf0, 0xf0, 0xf0, 0xf0, 0xf0, 
	0xf0, 0xf0, 0xf0, 0xf0, 0xe0, 0xd0, 0xe0, 0xf0, 
	0xe0, 0xc0, 0xb0, 0xc0, 0xc0, 0xc0, 0xd0, 0xd0, 
	0xc0, 0xc0, 0xc0, 0xd0, 0xe0, 0xe0, 0xd0, 0xd0, 
	0xe0, 0xe0, 0xc0, 0xc0, 0xd0, 0xd0, 0xd0, 0xd0, 
	0xc0, 0xc0, 0xd0, 0xe0, 0xd0, 0xf0, 0xf0, 0xf0, 
	0xf0, 0xf0, 0xf0, 0xf0, 0xf0, 0xf0, 0xf0, 0xe0, 
	0xe0, 0xe0, 0xf0, 0xe0, 0xe0, 0xe0, 0xe0, 0xf0, 
	
};

Gfx rcavejump_C_OVERHANG_DECAL_ci8_aligner[] = {gsSPEndDisplayList()};
u8 rcavejump_C_OVERHANG_DECAL_ci8[] = {
	0x00, 0x00, 0x00, 0x00, 0x01, 0x01, 0x01, 0x01, 
	0x01, 0x02, 0x01, 0x01, 0x03, 0x03, 0x00, 0x03, 
	0x01, 0x02, 0x02, 0x01, 0x01, 0x01, 0x01, 0x02, 
	0x01, 0x02, 0x01, 0x02, 0x00, 0x00, 0x00, 0x00, 
	0x04, 0x05, 0x06, 0x05, 0x06, 0x06, 0x06, 0x01, 
	0x01, 0x02, 0x02, 0x01, 0x00, 0x06, 0x06, 0x00, 
	0x02, 0x02, 0x02, 0x02, 0x02, 0x02, 0x02, 0x01, 
	0x01, 0x02, 0x02, 0x02, 0x04, 0x04, 0x06, 0x04, 
	0x07, 0x08, 0x07, 0x08, 0x07, 0x08, 0x08, 0x07, 
	0x06, 0x06, 0x06, 0x08, 0x06, 0x08, 0x06, 0x06, 
	0x06, 0x06, 0x08, 0x08, 0x08, 0x06, 0x06, 0x06, 
	0x06, 0x06, 0x06, 0x00, 0x06, 0x06, 0x08, 0x06, 
	0x06, 0x06, 0x08, 0x08, 0x09, 0x08, 0x09, 0x08, 
	0x08, 0x08, 0x08, 0x08, 0x08, 0x08, 0x08, 0x08, 
	0x08, 0x08, 0x08, 0x08, 0x08, 0x08, 0x08, 0x08, 
	0x08, 0x08, 0x08, 0x08, 0x0a, 0x08, 0x08, 0x0a, 
	0x08, 0x09, 0x09, 0x09, 0x08, 0x09, 0x08, 0x08, 
	0x0a, 0x0a, 0x0b, 0x0b, 0x09, 0x0a, 0x0a, 0x0a, 
	0x09, 0x09, 0x09, 0x09, 0x0a, 0x0a, 0x0a, 0x0a, 
	0x0a, 0x0a, 0x0a, 0x09, 0x0b, 0x0a, 0x08, 0x09, 
	0x09, 0x09, 0x09, 0x09, 0x09, 0x0b, 0x0b, 0x09, 
	0x09, 0x09, 0x09, 0x0a, 0x09, 0x09, 0x0a, 0x0a, 
	0x05, 0x09, 0x0b, 0x09, 0x0a, 0x09, 0x09, 0x0a, 
	0x0a, 0x0a, 0x09, 0x09, 0x09, 0x09, 0x0a, 0x09, 
	0x09, 0x0a, 0x0a, 0x0a, 0x0b, 0x09, 0x09, 0x0b, 
	0x0b, 0x0a, 0x0a, 0x0a, 0x0a, 0x0a, 0x0a, 0x0a, 
	0x0a, 0x09, 0x09, 0x0b, 0x0b, 0x09, 0x0a, 0x0a, 
	0x09, 0x09, 0x09, 0x09, 0x09, 0x09, 0x09, 0x09, 
	0x0a, 0x0a, 0x0a, 0x09, 0x09, 0x09, 0x09, 0x09, 
	0x0a, 0x08, 0x09, 0x0a, 0x0a, 0x0a, 0x0a, 0x09, 
	0x0a, 0x0a, 0x0b, 0x0b, 0x0b, 0x0a, 0x0a, 0x08, 
	0x08, 0x09, 0x09, 0x08, 0x0a, 0x08, 0x0a, 0x0a, 
	0x09, 0x09, 0x0a, 0x09, 0x0b, 0x0a, 0x08, 0x0a, 
	0x0a, 0x0a, 0x08, 0x0a, 0x0a, 0x0a, 0x0a, 0x0a, 
	0x08, 0x08, 0x08, 0x09, 0x09, 0x08, 0x08, 0x08, 
	0x08, 0x08, 0x08, 0x0a, 0x08, 0x0a, 0x08, 0x08, 
	0x0a, 0x0a, 0x09, 0x0a, 0x0b, 0x0b, 0x09, 0x08, 
	0x08, 0x0a, 0x08, 0x08, 0x05, 0x0a, 0x05, 0x0a, 
	0x08, 0x08, 0x08, 0x08, 0x0a, 0x0a, 0x0a, 0x08, 
	0x09, 0x08, 0x08, 0x09, 0x09, 0x08, 0x08, 0x09, 
	0x09, 0x09, 0x09, 0x09, 0x09, 0x09, 0x08, 0x08, 
	0x08, 0x08, 0x08, 0x0a, 0x0a, 0x0a, 0x0a, 0x0a, 
	0x0a, 0x0a, 0x0a, 0x08, 0x0a, 0x0a, 0x09, 0x09, 
	0x09, 0x0b, 0x09, 0x0b, 0x09, 0x09, 0x09, 0x0a, 
	0x0a, 0x0a, 0x0a, 0x0a, 0x08, 0x09, 0x08, 0x08, 
	0x0c, 0x0c, 0x0a, 0x09, 0x0a, 0x0a, 0x0a, 0x0c, 
	0x0a, 0x0a, 0x0a, 0x0a, 0x0a, 0x0a, 0x0a, 0x0a, 
	0x09, 0x09, 0x0a, 0x09, 0x09, 0x0a, 0x09, 0x09, 
	0x09, 0x09, 0x0a, 0x0a, 0x08, 0x08, 0x08, 0x08, 
	0x0a, 0x0a, 0x0a, 0x0a, 0x08, 0x0a, 0x09, 0x0a, 
	0x09, 0x0a, 0x05, 0x09, 0x09, 0x0a, 0x0a, 0x0a, 
	0x09, 0x0a, 0x08, 0x09, 0x0a, 0x09, 0x0d, 0x0e, 
	0x0f, 0x0f, 0x0b, 0x0a, 0x08, 0x08, 0x08, 0x08, 
	0x08, 0x0a, 0x0a, 0x08, 0x08, 0x09, 0x09, 0x08, 
	0x0a, 0x0a, 0x0a, 0x09, 0x0f, 0x0b, 0x0b, 0x0b, 
	0x09, 0x09, 0x0a, 0x0a, 0x0a, 0x0b, 0x10, 0x10, 
	0x11, 0x11, 0x10, 0x0b, 0x12, 0x09, 0x0a, 0x0a, 
	0x0a, 0x09, 0x0a, 0x08, 0x0a, 0x0a, 0x0a, 0x09, 
	0x0a, 0x0a, 0x09, 0x10, 0x11, 0x10, 0x0b, 0x0e, 
	0x0b, 0x0a, 0x0a, 0x09, 0x0e, 0x10, 0x13, 0x13, 
	0x13, 0x13, 0x11, 0x0e, 0x12, 0x12, 0x09, 0x0a, 
	0x0a, 0x0a, 0x09, 0x0a, 0x0a, 0x0a, 0x09, 0x0a, 
	0x0a, 0x09, 0x0e, 0x10, 0x13, 0x11, 0x0d, 0x11, 
	0x0e, 0x09, 0x0a, 0x09, 0x10, 0x11, 0x13, 0x13, 
	0x13, 0x13, 0x13, 0x11, 0x14, 0x10, 0x0b, 0x0b, 
	0x0a, 0x08, 0x09, 0x08, 0x09, 0x09, 0x08, 0x0a, 
	0x0a, 0x09, 0x10, 0x13, 0x13, 0x13, 0x11, 0x15, 
	0x11, 0x0b, 0x0a, 0x09, 0x16, 0x13, 0x13, 0x13, 
	0x13, 0x13, 0x13, 0x17, 0x13, 0x18, 0x11, 0x0f, 
	0x0b, 0x08, 0x08, 0x08, 0x0a, 0x19, 0x0a, 0x0a, 
	0x09, 0x0b, 0x1a, 0x13, 0x13, 0x13, 0x17, 0x13, 
	0x1b, 0x10, 0x0b, 0x09, 0x13, 0x13, 0x13, 0x13, 
	0x13, 0x13, 0x13, 0x13, 0x13, 0x13, 0x11, 0x11, 
	0x0b, 0x08, 0x08, 0x0a, 0x12, 0x12, 0x09, 0x09, 
	0x0e, 0x10, 0x13, 0x13, 0x13, 0x13, 0x13, 0x13, 
	0x13, 0x11, 0x10, 0x0e, 0x13, 0x13, 0x13, 0x13, 
	0x13, 0x13, 0x13, 0x13, 0x13, 0x13, 0x13, 0x13, 
	0x0b, 0x0a, 0x08, 0x0b, 0x10, 0x1c, 0x0e, 0x0b, 
	0x10, 0x1c, 0x13, 0x13, 0x13, 0x13, 0x13, 0x13, 
	0x13, 0x13, 0x1d, 0x10, 0x13, 0x13, 0x13, 0x13, 
	0x13, 0x13, 0x13, 0x13, 0x13, 0x13, 0x13, 0x13, 
	0x11, 0x0b, 0x0b, 0x0f, 0x1e, 0x1f, 0x10, 0x10, 
	0x18, 0x13, 0x13, 0x13, 0x13, 0x13, 0x13, 0x13, 
	0x13, 0x13, 0x13, 0x20, 0x13, 0x13, 0x13, 0x13, 
	0x13, 0x13, 0x13, 0x13, 0x13, 0x13, 0x13, 0x13, 
	0x1c, 0x10, 0x12, 0x11, 0x13, 0x13, 0x13, 0x11, 
	0x13, 0x13, 0x13, 0x13, 0x13, 0x13, 0x13, 0x13, 
	0x13, 0x13, 0x13, 0x13, 0x13, 0x13, 0x13, 0x13, 
	0x13, 0x13, 0x13, 0x13, 0x13, 0x13, 0x13, 0x13, 
	0x13, 0x11, 0x11, 0x13, 0x13, 0x13, 0x13, 0x13, 
	0x13, 0x13, 0x13, 0x13, 0x13, 0x13, 0x13, 0x13, 
	0x13, 0x13, 0x13, 0x13, 0x13, 0x13, 0x13, 0x13, 
	0x13, 0x13, 0x13, 0x13, 0x13, 0x13, 0x13, 0x13, 
	0x13, 0x21, 0x21, 0x21, 0x21, 0x21, 0x21, 0x21, 
	0x21, 0x21, 0x21, 0x21, 0x13, 0x13, 0x13, 0x13, 
	0x13, 0x13, 0x21, 0x13, 0x13, 0x13, 0x21, 0x13, 
	0x13, 0x13, 0x21, 0x21, 0x21, 0x21, 0x21, 0x21, 
	0x21, 0x21, 0x21, 0x21, 0x21, 0x21, 0x21, 0x21, 
	0x21, 0x21, 0x21, 0x21, 0x21, 0x21, 0x13, 0x13, 
	0x21, 0x21, 0x21, 0x21, 0x21, 0x21, 0x21, 0x21, 
	0x21, 0x13, 0x13, 0x13, 0x21, 0x21, 0x21, 0x21, 
	0x21, 0x21, 0x21, 0x21, 0x21, 0x21, 0x21, 0x21, 
	0x21, 0x21, 0x21, 0x21, 0x21, 0x13, 0x13, 0x21, 
	0x21, 0x21, 0x21, 0x21, 0x21, 0x21, 0x21, 0x21, 
	0x21, 0x21, 0x21, 0x13, 0x13, 0x13, 0x13, 0x13, 
	0x13, 0x13, 0x13, 0x13, 0x13, 0x13, 0x13, 0x13, 
	0x13, 0x13, 0x13, 0x13, 0x13, 0x21, 0x21, 0x21, 
	0x21, 0x21, 0x21, 0x21, 0x21, 0x21, 0x21, 0x21, 
	0x21, 0x21, 0x21, 0x21, 0x21, 0x21, 0x21, 0x21, 
	0x21, 0x21, 0x21, 0x21, 0x21, 0x21, 0x21, 0x21, 
	0x21, 0x21, 0x21, 0x21, 0x21, 0x21, 0x21, 0x21, 
	0x21, 0x21, 0x21, 0x21, 0x21, 0x21, 0x21, 0x21, 
	0x21, 0x21, 0x21, 0x21, 0x21, 0x21, 0x21, 0x21, 
	0x21, 0x21, 0x21, 0x21, 0x21, 0x21, 0x21, 0x21, 
	0x21, 0x21, 0x21, 0x21, 0x21, 0x21, 0x21, 0x21, 
	0x21, 0x21, 0x21, 0x21, 0x21, 0x21, 0x21, 0x21, 
	0x21, 0x21, 0x21, 0x21, 0x21, 0x21, 0x21, 0x21, 
	0x21, 0x21, 0x21, 0x21, 0x21, 0x21, 0x21, 0x21, 
	0x21, 0x21, 0x21, 0x21, 0x21, 0x21, 0x21, 0x21, 
	0x21, 0x21, 0x21, 0x21, 0x21, 0x21, 0x21, 0x21, 
	0x21, 0x21, 0x21, 0x21, 0x21, 0x21, 0x21, 0x21, 
	0x21, 0x21, 0x21, 0x21, 0x21, 0x21, 0x21, 0x21, 
	0x21, 0x21, 0x21, 0x21, 0x21, 0x21, 0x21, 0x21, 
	0x21, 0x21, 0x21, 0x21, 0x21, 0x21, 0x21, 0x21, 
	0x21, 0x21, 0x21, 0x21, 0x21, 0x21, 0x21, 0x21, 
	0x21, 0x21, 0x21, 0x21, 0x21, 0x21, 0x21, 0x21, 
	0x21, 0x21, 0x21, 0x21, 0x21, 0x21, 0x21, 0x21, 
	0x21, 0x21, 0x21, 0x21, 0x21, 0x21, 0x21, 0x21, 
	
};

Gfx rcavejump_C_OVERHANG_DECAL_pal_rgba16_aligner[] = {gsSPEndDisplayList()};
u8 rcavejump_C_OVERHANG_DECAL_pal_rgba16[] = {
	0x35, 0x01, 0x3d, 0x81, 0x34, 0xc1, 0x3d, 0x83, 
	0x35, 0x41, 0x2c, 0x41, 0x2c, 0x81, 0x2c, 0xc1, 
	0x2c, 0x01, 0x23, 0x81, 0x23, 0xc1, 0x23, 0x41, 
	0x2b, 0xc1, 0x1a, 0xc1, 0x1b, 0x01, 0x13, 0x01, 
	0x12, 0xc1, 0x12, 0x81, 0x1b, 0x41, 0x11, 0xc4, 
	0x1a, 0x85, 0x1a, 0x45, 0x12, 0x03, 0x22, 0x4b, 
	0x22, 0x49, 0x23, 0x01, 0x22, 0x8b, 0x11, 0xc7, 
	0x12, 0x41, 0x12, 0x43, 0x1a, 0x87, 0x12, 0x05, 
	0x11, 0xc5, 0x00, 0x00, 
};

Gfx rcavejump_water_ci4_aligner[] = {gsSPEndDisplayList()};
u8 rcavejump_water_ci4[] = {
	0x01, 0x11, 0x11, 0x22, 0x34, 0x55, 0x55, 0x55, 
	0x55, 0x55, 0x55, 0x53, 0x24, 0x11, 0x11, 0x15, 
	0x11, 0x11, 0x14, 0x22, 0x34, 0x55, 0x55, 0x43, 
	0x33, 0x34, 0x45, 0x53, 0x24, 0x11, 0x15, 0x51, 
	0x11, 0x11, 0x44, 0x22, 0x63, 0x34, 0x33, 0x63, 
	0x33, 0x33, 0x33, 0x33, 0x24, 0x11, 0x11, 0x11, 
	0x11, 0x11, 0x14, 0x22, 0x66, 0x66, 0x66, 0x33, 
	0x44, 0x44, 0x33, 0x66, 0x22, 0x41, 0x11, 0x11, 
	0x11, 0x11, 0x14, 0x33, 0x22, 0x22, 0x77, 0x44, 
	0x51, 0x55, 0x54, 0x77, 0x82, 0x55, 0x11, 0x11, 
	0x11, 0x11, 0x14, 0x33, 0x44, 0x44, 0x44, 0x41, 
	0x11, 0x11, 0x54, 0x97, 0x82, 0x55, 0x11, 0x11, 
	0x11, 0x11, 0x44, 0x34, 0x44, 0x44, 0x11, 0x11, 
	0x11, 0x11, 0x55, 0x49, 0x28, 0x45, 0x11, 0x11, 
	0x11, 0x11, 0x43, 0x34, 0x11, 0x11, 0x11, 0x11, 
	0x11, 0x11, 0x55, 0x54, 0x22, 0x24, 0x11, 0x15, 
	0x55, 0x55, 0x43, 0x35, 0x11, 0x11, 0x11, 0x11, 
	0x11, 0x11, 0x11, 0x14, 0x33, 0x33, 0x45, 0x55, 
	0x55, 0x44, 0x36, 0x64, 0x11, 0x11, 0x11, 0x11, 
	0x11, 0x11, 0x11, 0x14, 0x43, 0x66, 0x34, 0x44, 
	0x33, 0x33, 0x36, 0x63, 0x51, 0x11, 0x11, 0x11, 
	0x11, 0x11, 0x11, 0x11, 0x54, 0x36, 0x63, 0x33, 
	0x66, 0x63, 0x33, 0x66, 0x51, 0x11, 0x11, 0x11, 
	0x11, 0x11, 0x10, 0x01, 0x55, 0x36, 0x66, 0x66, 
	0x22, 0x22, 0x44, 0x36, 0x24, 0x11, 0x11, 0x11, 
	0x11, 0x11, 0x11, 0x01, 0x11, 0x42, 0x66, 0x66, 
	0x22, 0x44, 0x54, 0x36, 0x24, 0x11, 0x11, 0x11, 
	0x11, 0x11, 0x11, 0x11, 0x11, 0x42, 0x66, 0x33, 
	0x41, 0x11, 0x55, 0x36, 0x24, 0x11, 0x11, 0x11, 
	0x11, 0x11, 0x11, 0x11, 0x11, 0x42, 0x63, 0x45, 
	0x11, 0x10, 0x55, 0x43, 0x24, 0x11, 0x11, 0x11, 
	0x11, 0x11, 0x11, 0x11, 0x11, 0x12, 0x63, 0x55, 
	0x11, 0x11, 0x11, 0x43, 0x63, 0x45, 0x41, 0x11, 
	0x11, 0x11, 0x11, 0x11, 0x11, 0x13, 0x63, 0x55, 
	0x11, 0x11, 0x11, 0x43, 0x66, 0x63, 0x44, 0x11, 
	0x11, 0x11, 0x11, 0x11, 0x11, 0x13, 0x63, 0x45, 
	0x11, 0x11, 0x14, 0x33, 0x66, 0x66, 0x34, 0x11, 
	0x11, 0x11, 0x11, 0x11, 0x11, 0x13, 0x63, 0x45, 
	0x11, 0x11, 0x44, 0x33, 0x33, 0x36, 0x34, 0x41, 
	0x11, 0x11, 0x11, 0x11, 0x11, 0x43, 0x63, 0x45, 
	0x44, 0x44, 0x43, 0x34, 0x51, 0x55, 0x33, 0x45, 
	0x11, 0x11, 0x11, 0x11, 0x11, 0x42, 0x63, 0x34, 
	0x33, 0x33, 0x33, 0x35, 0x11, 0x15, 0x43, 0x34, 
	0x41, 0x11, 0x11, 0x11, 0x14, 0x22, 0x66, 0x33, 
	0x33, 0x36, 0x66, 0x35, 0x11, 0x11, 0x53, 0x63, 
	0x44, 0x11, 0x11, 0x11, 0x44, 0x22, 0x33, 0x33, 
	0x54, 0x43, 0x33, 0x34, 0x11, 0x11, 0x54, 0x66, 
	0x24, 0x41, 0x11, 0x15, 0x22, 0x24, 0x44, 0x44, 
	0x11, 0x11, 0x42, 0x22, 0x41, 0x11, 0x14, 0x22, 
	0x63, 0x44, 0x55, 0x43, 0x22, 0x44, 0x11, 0x11, 
	0x00, 0x01, 0x14, 0xa2, 0x44, 0x11, 0x14, 0x42, 
	0x33, 0x33, 0x33, 0x36, 0x24, 0x41, 0x11, 0x11, 
	0x01, 0x11, 0x14, 0x2a, 0x24, 0x41, 0x11, 0x14, 
	0x44, 0x36, 0x63, 0x66, 0x24, 0x11, 0x11, 0x11, 
	0x11, 0x11, 0x14, 0x2a, 0x24, 0x41, 0x11, 0x11, 
	0x55, 0x36, 0x66, 0x66, 0x44, 0x11, 0x11, 0x11, 
	0x11, 0x11, 0x14, 0x4a, 0x64, 0x11, 0x01, 0x11, 
	0x11, 0x59, 0x36, 0x66, 0x44, 0x11, 0x11, 0x10, 
	0x11, 0x11, 0x14, 0x4a, 0x64, 0x11, 0x01, 0x11, 
	0x11, 0x15, 0x44, 0x33, 0x44, 0x11, 0x11, 0x11, 
	0x15, 0x11, 0x14, 0x4a, 0x64, 0x11, 0x11, 0x11, 
	0x11, 0x11, 0x54, 0x43, 0x44, 0x11, 0x11, 0x11, 
	0x11, 0x11, 0x11, 0x22, 0x64, 0x11, 0x11, 0x11, 
	0x11, 0x11, 0x55, 0x43, 0x44, 0x11, 0x10, 0x01, 
	
};

Gfx rcavejump_water_pal_rgba16_aligner[] = {gsSPEndDisplayList()};
u8 rcavejump_water_pal_rgba16[] = {
	0x23, 0xbd, 0x2b, 0xbd, 0x44, 0x3d, 0x3c, 0x3d, 
	0x33, 0xfd, 0x2b, 0xfd, 0x4c, 0x7d, 0x44, 0x7d, 
	0x54, 0x7d, 0x34, 0x3d, 0x54, 0xbd, 
};

Gfx rcavejump_Tinfoil_i8_aligner[] = {gsSPEndDisplayList()};
u8 rcavejump_Tinfoil_i8[] = {
	0x5f, 0x55, 0x79, 0x82, 0x68, 0x64, 0x80, 0xed, 
	0xf1, 0xe7, 0xee, 0xfd, 0xfc, 0xf4, 0x99, 0x83, 
	0x99, 0x88, 0xe9, 0xf0, 0xe2, 0x86, 0x96, 0xd1, 
	0xd7, 0xa4, 0xe6, 0x97, 0xe7, 0xee, 0xe6, 0xef, 
	0xf2, 0xf1, 0x99, 0x83, 0x99, 0x87, 0xe4, 0xda, 
	0xc1, 0xe2, 0x9d, 0x96, 0x91, 0xc4, 0xd5, 0xc6, 
	0xde, 0xdd, 0xcb, 0xc5, 0xf7, 0x75, 0x7d, 0x89, 
	0x75, 0x77, 0x77, 0x77, 0x6c, 0x79, 0x7c, 0x7c, 
	0x78, 0x79, 0x74, 0x96, 0x6e, 0x6f, 0x6a, 0x88, 
	0xd4, 0xee, 0xf9, 0xf1, 0x90, 0x7a, 0x7e, 0x7e, 
	0x93, 0xe5, 0xd7, 0xe4, 0xdd, 0x9b, 0x74, 0xc8, 
	0x7f, 0xf3, 0xe3, 0xdc, 0x94, 0xc9, 0xf2, 0xe4, 
	0x93, 0x7c, 0x7e, 0x7e, 0x93, 0xe4, 0xd2, 0xd1, 
	0xbd, 0x84, 0x9c, 0x9c, 0x8b, 0xf1, 0xc5, 0xf6, 
	0xf8, 0xb8, 0xf6, 0xca, 0xf8, 0xec, 0x8f, 0xf0, 
	0xd1, 0xca, 0x9c, 0x7f, 0xa7, 0xbb, 0x76, 0x8c, 
	0x72, 0xd2, 0x89, 0x8d, 0xa7, 0x79, 0x69, 0x69, 
	0x86, 0xd5, 0xdd, 0xbb, 0x96, 0x8a, 0x78, 0x7b, 
	0x90, 0xf5, 0xf9, 0xef, 0x75, 0x77, 0x98, 0xa5, 
	0x7c, 0x68, 0xbb, 0x92, 0x70, 0x6f, 0x89, 0xc7, 
	0xa1, 0x8d, 0x78, 0x7b, 0x90, 0xf4, 0xf3, 0xda, 
	0x69, 0x8c, 0x87, 0x98, 0xd6, 0x9c, 0xdc, 0xee, 
	0xee, 0xfc, 0xec, 0xc2, 0xf3, 0xf8, 0xde, 0xe8, 
	0xd7, 0xdf, 0xf9, 0x8b, 0xf1, 0xe3, 0xc4, 0x6b, 
	0x89, 0x9a, 0x9b, 0x79, 0x83, 0x99, 0x8f, 0x7e, 
	0x68, 0x6d, 0x93, 0x7d, 0x8d, 0x9d, 0x97, 0x77, 
	0xc4, 0xf3, 0xf0, 0xad, 0x68, 0x60, 0x5b, 0x5a, 
	0x67, 0x80, 0x91, 0xea, 0xf2, 0x82, 0x82, 0x7f, 
	0x8a, 0x9a, 0x96, 0x77, 0xc4, 0xf1, 0xe9, 0xac, 
	0x91, 0xe1, 0x9c, 0xe6, 0xf3, 0xf4, 0xe1, 0xf5, 
	0xee, 0xe2, 0xb5, 0xa2, 0xf7, 0xed, 0xd4, 0xc7, 
	0xd8, 0xf6, 0xeb, 0x89, 0xfa, 0xe6, 0xea, 0xda, 
	0x9b, 0x80, 0x70, 0x7e, 0x96, 0x74, 0x59, 0x55, 
	0x59, 0x8c, 0x75, 0x76, 0x89, 0xa4, 0xb2, 0xec, 
	0xf2, 0xee, 0xdc, 0x8a, 0x73, 0x78, 0x6b, 0x5f, 
	0x80, 0x7d, 0x62, 0x95, 0xe7, 0xe2, 0x80, 0x74, 
	0x93, 0xa6, 0xb2, 0xec, 0xf2, 0xed, 0xd7, 0x8b, 
	0x6e, 0x62, 0x7b, 0x7c, 0x50, 0x98, 0x7d, 0xf6, 
	0xf9, 0xbc, 0xa4, 0xb8, 0x90, 0x93, 0xf7, 0xd9, 
	0xd7, 0xee, 0xfb, 0xae, 0x94, 0xf0, 0xf4, 0xed, 
	0x86, 0x65, 0xad, 0x79, 0x9d, 0x63, 0x5e, 0x68, 
	0x99, 0x88, 0x7f, 0x86, 0x82, 0xc6, 0xd7, 0x9d, 
	0xe9, 0xec, 0x91, 0x88, 0x86, 0x91, 0x5a, 0x7e, 
	0x7c, 0x91, 0xd9, 0xd9, 0xf2, 0xeb, 0xdf, 0x98, 
	0x92, 0xc7, 0xd6, 0x9d, 0xe9, 0xeb, 0x93, 0x84, 
	0x8e, 0x7f, 0x57, 0x6e, 0x48, 0xa1, 0x7d, 0x63, 
	0x61, 0x54, 0x74, 0x85, 0xd7, 0xf8, 0xfb, 0xdd, 
	0xf3, 0xf9, 0xeb, 0xfb, 0xa4, 0x91, 0x7d, 0x9e, 
	0x87, 0xa0, 0x86, 0x8c, 0x8e, 0x98, 0x88, 0x8f, 
	0x7b, 0x8a, 0x87, 0x8f, 0xf2, 0xd9, 0xf4, 0xf2, 
	0xef, 0x99, 0x94, 0x65, 0x75, 0x85, 0x81, 0x7b, 
	0x70, 0x78, 0x85, 0xa0, 0xe2, 0xf6, 0x97, 0x9a, 
	0xe9, 0xd6, 0xf3, 0xf2, 0xef, 0x99, 0x93, 0x64, 
	0x71, 0x8a, 0xa5, 0x75, 0xf0, 0x80, 0x6a, 0x6a, 
	0x99, 0x7a, 0x94, 0x77, 0x6f, 0x72, 0x71, 0x68, 
	0x6c, 0x79, 0x6f, 0xa8, 0xfa, 0x97, 0x8c, 0x9c, 
	0x88, 0x89, 0x60, 0x7c, 0x82, 0x8e, 0x8c, 0x82, 
	0x96, 0x95, 0x7b, 0x4c, 0x7c, 0xac, 0xde, 0x91, 
	0xd8, 0x9c, 0x76, 0x96, 0x83, 0x53, 0x80, 0x6d, 
	0x60, 0x87, 0x64, 0x67, 0x9f, 0x9d, 0x98, 0x79, 
	0x87, 0xab, 0xdc, 0x91, 0xd8, 0x9b, 0x76, 0x96, 
	0x8c, 0x8c, 0xde, 0xf8, 0xb9, 0x88, 0x6f, 0x68, 
	0x63, 0x7c, 0x9f, 0xe8, 0x7d, 0x78, 0x94, 0xa7, 
	0x7f, 0xb6, 0x70, 0x71, 0x73, 0x83, 0x85, 0x86, 
	0x69, 0x75, 0x77, 0x92, 0x8f, 0x8b, 0x8d, 0x91, 
	0x9e, 0x8e, 0x73, 0x8a, 0xef, 0xf6, 0xb9, 0x6f, 
	0x83, 0xc9, 0xd3, 0xf4, 0x7f, 0x94, 0x8f, 0xa2, 
	0x9c, 0x65, 0x92, 0x64, 0x76, 0x84, 0x9c, 0xa3, 
	0xe1, 0xf0, 0xb8, 0x6f, 0x83, 0xc8, 0xd0, 0xe0, 
	0x9a, 0xeb, 0xf9, 0xfb, 0x81, 0x88, 0x77, 0x85, 
	0x78, 0x68, 0x93, 0x7f, 0x75, 0x71, 0x74, 0x70, 
	0x8f, 0x8a, 0x8f, 0x9d, 0x8c, 0x7e, 0x94, 0x81, 
	0x6c, 0x7c, 0x7c, 0x74, 0x76, 0x72, 0x67, 0x55, 
	0x6e, 0x83, 0x95, 0xfa, 0xed, 0xde, 0xb1, 0xf5, 
	0xe6, 0x8b, 0xcf, 0x83, 0x88, 0x76, 0xc3, 0x82, 
	0x9b, 0xa0, 0x8b, 0x77, 0x81, 0x7a, 0x76, 0xbc, 
	0xea, 0xd6, 0xaf, 0xf5, 0xe6, 0x8b, 0xd1, 0x93, 
	0xb3, 0xe3, 0xf4, 0xd7, 0x93, 0x87, 0xd1, 0xe3, 
	0xf8, 0xf4, 0x9f, 0xa3, 0x72, 0x72, 0x75, 0x7d, 
	0xcb, 0x65, 0x50, 0xa6, 0x96, 0x8e, 0x7a, 0x74, 
	0x7b, 0x78, 0x76, 0x78, 0x79, 0x6a, 0x71, 0x6f, 
	0xad, 0xfb, 0xfe, 0xf9, 0xbb, 0xa5, 0x67, 0xc5, 
	0xef, 0xcb, 0x7b, 0x6d, 0x87, 0x74, 0x7d, 0x71, 
	0x72, 0x8c, 0x70, 0x88, 0x8f, 0x7b, 0x7d, 0xee, 
	0xc0, 0xa1, 0x67, 0xc4, 0xef, 0xcb, 0x80, 0x83, 
	0xb8, 0xd7, 0xf9, 0x8a, 0x8b, 0xe1, 0xe7, 0xa2, 
	0x96, 0x80, 0xa7, 0xe9, 0xbf, 0x75, 0x89, 0x9f, 
	0x87, 0x7c, 0xa5, 0x8b, 0x80, 0x74, 0x72, 0x74, 
	0x7b, 0x7b, 0x7d, 0x6c, 0x76, 0x70, 0xa9, 0xed, 
	0xfd, 0xfb, 0xf9, 0xec, 0xc7, 0x6f, 0x98, 0x7d, 
	0xc7, 0xf2, 0x7f, 0x8e, 0x96, 0x83, 0x70, 0xc3, 
	0x6a, 0x83, 0x7c, 0x71, 0x7e, 0x8a, 0xee, 0xf5, 
	0xd1, 0x76, 0x96, 0x7c, 0xc7, 0xf2, 0x88, 0xa2, 
	0xc4, 0xd1, 0x65, 0x6c, 0x7b, 0x7e, 0x80, 0x65, 
	0x62, 0x6e, 0x91, 0x98, 0xbf, 0x98, 0x98, 0x9e, 
	0x71, 0x7e, 0x7e, 0x7f, 0x81, 0x86, 0x8a, 0x8f, 
	0x8f, 0x7f, 0x6e, 0x72, 0x99, 0xf9, 0xec, 0xee, 
	0xfb, 0xf7, 0xf4, 0x9b, 0x7b, 0x9c, 0x96, 0x69, 
	0x65, 0xb1, 0xfc, 0x8a, 0xd0, 0xc6, 0xb2, 0x96, 
	0x90, 0x83, 0x81, 0x93, 0xb2, 0xa6, 0xed, 0xd4, 
	0xa0, 0xaf, 0x97, 0x6a, 0x66, 0xb3, 0xf5, 0x93, 
	0xb7, 0x73, 0x63, 0xae, 0x70, 0x6c, 0x84, 0x57, 
	0x7c, 0x6b, 0xf7, 0x83, 0x7d, 0xa3, 0xbc, 0x90, 
	0xc7, 0xf2, 0xd9, 0x8e, 0x8a, 0x84, 0x95, 0x89, 
	0x7a, 0x7f, 0xe5, 0xe6, 0xef, 0xf1, 0xf5, 0xf8, 
	0xf3, 0xf5, 0xa7, 0x72, 0x88, 0x6e, 0x69, 0x68, 
	0x87, 0x88, 0xa8, 0xee, 0xf8, 0xec, 0xeb, 0xef, 
	0xad, 0x72, 0x86, 0x78, 0x73, 0x6a, 0x99, 0xa0, 
	0xa3, 0x85, 0x79, 0x69, 0x87, 0x88, 0xa0, 0xcc, 
	0xba, 0x71, 0x58, 0xdb, 0x90, 0xc8, 0xe0, 0x7f, 
	0x77, 0x7d, 0xe0, 0xe9, 0xf1, 0xe6, 0xea, 0xf6, 
	0xe8, 0x9e, 0xf8, 0xf6, 0xc9, 0x88, 0x87, 0x86, 
	0xa1, 0xf6, 0xfa, 0xf6, 0xf1, 0xf9, 0xf8, 0xf7, 
	0xfa, 0x87, 0x67, 0x96, 0x6d, 0x5e, 0x5f, 0x6c, 
	0x5d, 0xbe, 0xb5, 0xfb, 0xe4, 0xef, 0xfd, 0xf3, 
	0x95, 0xa7, 0x82, 0x8b, 0x70, 0x69, 0x84, 0x78, 
	0x9d, 0x85, 0x70, 0x6d, 0x5d, 0xbb, 0xb6, 0xdf, 
	0xa8, 0x7b, 0x66, 0x65, 0xd4, 0x6c, 0x77, 0xc8, 
	0x94, 0x7e, 0x82, 0xf7, 0xe6, 0xde, 0x94, 0xf7, 
	0xf7, 0xf7, 0xf5, 0xf6, 0xf7, 0xf8, 0xf7, 0xaf, 
	0xe6, 0x9a, 0xc1, 0xcb, 0xc2, 0xc9, 0xbe, 0xbb, 
	0x6d, 0x68, 0x92, 0x79, 0x6d, 0x7c, 0x71, 0x69, 
	0x7a, 0x9a, 0xce, 0xb5, 0x8b, 0x8e, 0x7d, 0x70, 
	0x82, 0xb2, 0x92, 0xa1, 0x98, 0x76, 0x82, 0xd3, 
	0xa1, 0x97, 0x83, 0x6c, 0x7a, 0x98, 0xc0, 0x9d, 
	0x7a, 0x7a, 0x64, 0x8d, 0xa3, 0xa7, 0xb4, 0xdf, 
	0xe4, 0x8f, 0x79, 0x69, 0x73, 0x8b, 0x95, 0x8f, 
	0xa8, 0xf4, 0xf4, 0xf3, 0xfa, 0xf5, 0xf6, 0xf5, 
	0xcb, 0x98, 0x84, 0x96, 0xae, 0x8f, 0x6e, 0x58, 
	0x66, 0x8d, 0x76, 0x77, 0x89, 0x9c, 0xa5, 0xcd, 
	0xc1, 0xbc, 0xe1, 0x7d, 0x77, 0x84, 0x7d, 0x74, 
	0x84, 0x75, 0x9c, 0x95, 0xb6, 0xbe, 0x67, 0x70, 
	0x9e, 0xa3, 0xab, 0xcd, 0xc0, 0xba, 0xd4, 0x7a, 
	0x70, 0x66, 0x7e, 0x70, 0x9b, 0xaa, 0xb7, 0xf1, 
	0xf9, 0xde, 0xca, 0xde, 0x7e, 0x85, 0xa7, 0xa7, 
	0xaf, 0xae, 0xd0, 0xcc, 0xd3, 0xf3, 0xeb, 0xf2, 
	0xa7, 0x99, 0xa7, 0x86, 0x9f, 0x67, 0x5e, 0x6a, 
	0x97, 0x85, 0x7f, 0x85, 0x81, 0xc0, 0xcf, 0x98, 
	0xd2, 0xd5, 0x8a, 0x87, 0x87, 0x8a, 0x68, 0x83, 
	0x79, 0x84, 0xc5, 0xd5, 0xcc, 0xc0, 0xc1, 0xa3, 
	0xa5, 0xbe, 0xcb, 0x9a, 0xcf, 0xcf, 0x8e, 0x82, 
	0x87, 0x83, 0x5f, 0x80, 0x7f, 0x9c, 0x76, 0x6b, 
	0x90, 0x87, 0x9b, 0x9a, 0xd0, 0xcc, 0xcb, 0xb7, 
	0xc4, 0xcd, 0xc3, 0xcf, 0xa6, 0xb4, 0xaa, 0xbd, 
	0x9a, 0xb2, 0x91, 0x8c, 0x8e, 0x97, 0x87, 0x8e, 
	0x7a, 0x89, 0x87, 0x8e, 0xef, 0xd6, 0xf1, 0xee, 
	0xe4, 0x93, 0x92, 0x69, 0x73, 0x86, 0x81, 0x7a, 
	0x72, 0x75, 0x80, 0xa3, 0xd6, 0xf4, 0x99, 0xa5, 
	0xc8, 0xc1, 0xe0, 0xe7, 0xe2, 0x95, 0x91, 0x67, 
	0x71, 0x8b, 0xb1, 0x8b, 0xdb, 0x7e, 0x73, 0x77, 
	0xa6, 0x8b, 0xa6, 0x8c, 0x87, 0x8b, 0x87, 0x81, 
	0x85, 0x8b, 0x6f, 0x9d, 0xdb, 0x8b, 0x86, 0xaf, 
	0x8a, 0x8e, 0x64, 0x7d, 0x82, 0x8e, 0x8c, 0x82, 
	0x96, 0x95, 0x7b, 0x4c, 0x7c, 0xac, 0xde, 0x90, 
	0xd6, 0x9c, 0x77, 0x95, 0x82, 0x54, 0x80, 0x70, 
	0x63, 0x85, 0x64, 0x6a, 0xa1, 0x9b, 0xa0, 0xa3, 
	0xa0, 0xa5, 0xcc, 0x8e, 0xd4, 0x9b, 0x77, 0x95, 
	0x8b, 0x84, 0xd6, 0xec, 0xb4, 0x84, 0x6d, 0x69, 
	0x65, 0x7f, 0x9c, 0xdd, 0x7c, 0x77, 0x94, 0xa1, 
	0x7e, 0xaf, 0x6e, 0x70, 0x72, 0x7f, 0x81, 0x85, 
	0x69, 0x75, 0x77, 0x92, 0x8f, 0x8b, 0x8d, 0x91, 
	0x9e, 0x8e, 0x73, 0x8a, 0xef, 0xf6, 0xb9, 0x6f, 
	0x83, 0xc8, 0xd1, 0xf3, 0x7e, 0x93, 0x8e, 0xa1, 
	0x9c, 0x66, 0x91, 0x64, 0x78, 0x84, 0x9d, 0xb8, 
	0xc4, 0xd6, 0xaf, 0x6f, 0x82, 0xc5, 0xcb, 0xd2, 
	0x9c, 0xd9, 0xf6, 0xf6, 0x80, 0x87, 0x76, 0x84, 
	0x77, 0x68, 0x94, 0x81, 0x75, 0x74, 0x75, 0x72, 
	0x91, 0x89, 0x8e, 0x9c, 0x8a, 0x7d, 0x93, 0x80, 
	0x6c, 0x7b, 0x82, 0x77, 0x76, 0x72, 0x67, 0x55, 
	0x6d, 0x83, 0x95, 0xfa, 0xed, 0xde, 0xb1, 0xf5, 
	0xe4, 0x8a, 0xc9, 0x81, 0x86, 0x76, 0xbe, 0x81, 
	0x9b, 0xa0, 0x88, 0x74, 0x82, 0x7c, 0x7a, 0x90, 
	0xe5, 0xbe, 0xa6, 0xec, 0xe3, 0x8b, 0xcd, 0x98, 
	0xb1, 0xcb, 0xed, 0xd1, 0x93, 0x88, 0xcd, 0xde, 
	0xf0, 0xee, 0x9d, 0xa6, 0x76, 0x78, 0x77, 0x82, 
	0xc9, 0x65, 0x53, 0xa4, 0x96, 0x8d, 0x79, 0x74, 
	0x7d, 0x7b, 0x81, 0x78, 0x7d, 0x6a, 0x70, 0x6e, 
	0xaa, 0xf8, 0xfb, 0xf5, 0xba, 0xa4, 0x6a, 0xc6, 
	0xef, 0xcf, 0x8a, 0x80, 0x9a, 0x87, 0x8f, 0x86, 
	0x82, 0x9b, 0x81, 0x91, 0x90, 0x82, 0x85, 0xe5, 
	0xc7, 0x9d, 0x6e, 0xbe, 0xee, 0xd1, 0x92, 0x97, 
	0xbc, 0xc3, 0xeb, 0x8c, 0x8d, 0xd7, 0xdc, 0xa2, 
	0x98, 0x83, 0xa5, 0xd9, 0xb8, 0x76, 0x92, 0xa8, 
	0x8c, 0x7e, 0x9f, 0x8c, 0x83, 0x75, 0x74, 0x77, 
	0x89, 0x8e, 0x80, 0x70, 0x7a, 0x71, 0xa5, 0xdf, 
	0xef, 0xea, 0xf0, 0xe5, 0xc6, 0x75, 0x9c, 0x8c, 
	0xd0, 0xf3, 0x9a, 0xa9, 0xb4, 0x9f, 0x97, 0xd2, 
	0x8d, 0xa6, 0xa0, 0x88, 0x7d, 0x87, 0xdb, 0xd8, 
	0xcd, 0x8b, 0x9c, 0x8c, 0xd0, 0xf2, 0xa4, 0xb9, 
	0xcf, 0xbb, 0x67, 0x6c, 0x78, 0x78, 0x79, 0x65, 
	0x6d, 0x7a, 0x8b, 0x93, 0xb5, 0x8f, 0x97, 0x9a, 
	0x91, 0x8e, 0x88, 0x83, 0x80, 0x83, 0x90, 0x87, 
	0x95, 0x8e, 0xb0, 0x8b, 0xb2, 0xf1, 0xe6, 0xcf, 
	0xd7, 0xd1, 0xd6, 0x99, 0x8f, 0xa3, 0x99, 0x8a, 
	0x9c, 0xcd, 0xfa, 0xc4, 0xe3, 0xe2, 0xd3, 0xca, 
	0x9f, 0x7f, 0x7d, 0x8a, 0x8f, 0xc9, 0xf1, 0xc3, 
	0x9f, 0xad, 0x9f, 0x8e, 0x9c, 0xcc, 0xef, 0xb8, 
	0xcf, 0xb2, 0xa2, 0xce, 0x85, 0x75, 0x8f, 0x82, 
	0x91, 0x7d, 0xc8, 0x83, 0x72, 0x90, 0xa2, 0x87, 
	0xdd, 0xf1, 0xb6, 0x8f, 0x8e, 0x90, 0xa3, 0x88, 
	0x69, 0x68, 0x75, 0xa2, 0xab, 0x96, 0x9a, 0xb7, 
	0x8e, 0xa2, 0xdd, 0xc6, 0xd4, 0xce, 0x85, 0x70, 
	0x72, 0x71, 0x82, 0x96, 0x78, 0x63, 0x6f, 0x76, 
	0x87, 0x71, 0x8a, 0x63, 0x69, 0xb3, 0x68, 0x7a, 
	0x9b, 0xb1, 0x82, 0x6e, 0x73, 0x76, 0x80, 0xa6, 
	0x9b, 0x7e, 0x5e, 0x8b, 0x9a, 0x81, 0x75, 0x6a, 
	0x63, 0xad, 0x6e, 0x85, 0xac, 0xb5, 0xde, 0xb0, 
	0xf6, 0xcb, 0x87, 0x8c, 0x82, 0x8e, 0x8e, 0x76, 
	0x6b, 0x6f, 0x86, 0x76, 0x62, 0x74, 0x89, 0xac, 
	0x7f, 0xc8, 0xf0, 0xd6, 0xa7, 0x84, 0x6f, 0x66, 
	0x68, 0x60, 0x5e, 0x66, 0x66, 0x5b, 0x4a, 0x6a, 
	0xc0, 0x74, 0x77, 0x57, 0xb9, 0xda, 0x4c, 0x88, 
	0x77, 0x7d, 0x6c, 0x65, 0x69, 0x63, 0x5f, 0x7d, 
	0x97, 0x79, 0x9e, 0x60, 0x6a, 0x5e, 0x62, 0x65, 
	0x6f, 0x74, 0x82, 0x7f, 0x73, 0x64, 0x94, 0x8d, 
	0xe5, 0xb4, 0x68, 0x56, 0x72, 0x4e, 0x67, 0x72, 
	0x67, 0x5b, 0x70, 0x7b, 0x62, 0x8a, 0x82, 0x8a, 
	0x95, 0xef, 0xed, 0x9d, 0x80, 0x5e, 0x63, 0x57, 
	0x62, 0x64, 0x62, 0xba, 0x5b, 0x50, 0x5c, 0x57, 
	0xb2, 0x78, 0x6a, 0x7f, 0x6c, 0x75, 0x6b, 0x6e, 
	0x84, 0x6f, 0x6a, 0x5b, 0x65, 0x66, 0x65, 0xb1, 
	0x70, 0x74, 0x99, 0x9e, 0x8d, 0x5f, 0x5c, 0x72, 
	0x68, 0x49, 0x73, 0x94, 0xa8, 0xaa, 0xd4, 0xef, 
	0xf0, 0x5a, 0x5d, 0x60, 0x5a, 0x83, 0x6e, 0x6b, 
	0x76, 0x65, 0x6c, 0x6d, 0x77, 0x6f, 0x5d, 0x79, 
	0x69, 0x7f, 0x83, 0x6f, 0x73, 0x5c, 0x65, 0x62, 
	0x5a, 0x61, 0x60, 0x6b, 0x67, 0x5d, 0x4d, 0x63, 
	0x67, 0xaa, 0x66, 0x6e, 0x67, 0x7f, 0x7d, 0xa4, 
	0x72, 0x65, 0x6f, 0x65, 0x5a, 0x65, 0x63, 0x75, 
	0x6e, 0xc9, 0x96, 0x8e, 0x92, 0x66, 0x8f, 0x78, 
	0x5f, 0x7c, 0x71, 0x7e, 0x96, 0xe1, 0xdc, 0x7a, 
	0xdb, 0x5c, 0x5b, 0x55, 0x46, 0x61, 0x8d, 0x76, 
	0x86, 0x66, 0x69, 0x6e, 0x69, 0x56, 0x7c, 0x83, 
	0x80, 0x98, 0x76, 0x68, 0x5f, 0x60, 0x55, 0x68, 
	0x6f, 0x6b, 0xc9, 0x62, 0x65, 0x55, 0x61, 0x8b, 
	0x8c, 0x72, 0xbc, 0x8f, 0x82, 0x89, 0x5c, 0xc3, 
	0x80, 0x60, 0x5a, 0x6a, 0x6e, 0x6a, 0xba, 0x60, 
	0xa5, 0xcb, 0x9a, 0xb0, 0x7c, 0x97, 0x95, 0x79, 
	0x4f, 0x6b, 0x79, 0x6a, 0xb5, 0x7b, 0x6e, 0x56, 
	0x52, 0x62, 0x5b, 0x88, 0x5e, 0x6a, 0x94, 0x75, 
	0x85, 0x6a, 0x64, 0x74, 0x7e, 0x7d, 0x89, 0x7e, 
	0x9c, 0x71, 0x67, 0x70, 0x78, 0x7a, 0x75, 0x80, 
	0x98, 0x97, 0x84, 0x72, 0x6c, 0x76, 0x9f, 0x64, 
	0x87, 0x65, 0x6e, 0xae, 0x7e, 0x6c, 0x54, 0x69, 
	0xc4, 0x75, 0x74, 0x82, 0x97, 0x96, 0x7c, 0x70, 
	0x95, 0x84, 0xf3, 0x88, 0x9d, 0x4b, 0x43, 0x4c, 
	0x94, 0x67, 0x6a, 0xa7, 0x92, 0x6d, 0x61, 0x66, 
	0x9b, 0x9d, 0x83, 0x6f, 0x76, 0x7a, 0x62, 0x70, 
	0x73, 0x89, 0x7b, 0x85, 0x83, 0x93, 0x7e, 0x78, 
	0x75, 0x76, 0x7b, 0x6a, 0x82, 0x73, 0x86, 0x9d, 
	0xa1, 0x80, 0x63, 0x7d, 0x77, 0x9a, 0x61, 0x6b, 
	0x80, 0x6d, 0x6b, 0x8d, 0x69, 0x78, 0x6d, 0x9f, 
	0xbb, 0x9d, 0x80, 0x9b, 0xa0, 0x7e, 0x65, 0x7e, 
	0x77, 0x84, 0x72, 0x67, 0x5e, 0x5c, 0x82, 0x6b, 
	0x69, 0x6f, 0x81, 0xab, 0xbb, 0x66, 0x8a, 0x8c, 
	0x94, 0xa2, 0x96, 0x6c, 0x8d, 0x8d, 0x80, 0x6e, 
	0x79, 0x8b, 0x8e, 0x7d, 0x89, 0xa2, 0x80, 0x9d, 
	0x71, 0x79, 0x76, 0x9a, 0xa2, 0x9f, 0xa5, 0x83, 
	0x79, 0x78, 0x73, 0x87, 0x81, 0x72, 0x61, 0x8b, 
	0x8d, 0x63, 0x5b, 0x53, 0x73, 0x84, 0xd8, 0xa5, 
	0xaf, 0xbf, 0xa7, 0x82, 0x79, 0x78, 0x6e, 0x80, 
	0x7b, 0x89, 0x81, 0xe3, 0x79, 0x6b, 0x6d, 0x5c, 
	0x68, 0x72, 0xb6, 0xb2, 0xb1, 0x7f, 0x85, 0x8d, 
	0x93, 0x79, 0x6c, 0x7f, 0x6f, 0x74, 0x91, 0x6f, 
	0x6e, 0x6c, 0x8f, 0x85, 0x9f, 0x7d, 0x90, 0xdf, 
	0xc1, 0x74, 0x69, 0x6e, 0x76, 0x90, 0xc1, 0xf9, 
	0xfd, 0xcb, 0xc1, 0x87, 0x8f, 0xac, 0x5f, 0x75, 
	0x5d, 0x70, 0x5f, 0x66, 0x61, 0x91, 0xf4, 0x94, 
	0xa8, 0xb0, 0xc6, 0xef, 0xfb, 0xc5, 0xb6, 0x83, 
	0x8a, 0x9a, 0x8e, 0x80, 0xef, 0xe1, 0x7e, 0x7f, 
	0xaa, 0x7e, 0x91, 0x7f, 0x72, 0x6e, 0x6a, 0x8e, 
	0x7e, 0x71, 0x91, 0x6c, 0x73, 0x71, 0x68, 0x7a, 
	0x70, 0x73, 0x86, 0x63, 0x6e, 0x98, 0x90, 0x8d, 
	0xc4, 0x79, 0x84, 0x86, 0x83, 0xe6, 0xe9, 0xfb, 
	0xf3, 0x7e, 0x67, 0xe4, 0x95, 0x77, 0x57, 0x87, 
	0x69, 0x60, 0x6b, 0x74, 0x89, 0x85, 0xdf, 0x93, 
	0x7d, 0xe8, 0xeb, 0xf9, 0xef, 0x7e, 0x68, 0xc4, 
	0x92, 0x9e, 0xc6, 0x79, 0xfa, 0xde, 0xb8, 0xc6, 
	0x89, 0x8a, 0xa0, 0x96, 0x85, 0x74, 0x76, 0x6d, 
	0x8c, 0x87, 0x78, 0x69, 0x70, 0x72, 0x7e, 0x80, 
	0x7d, 0x5f, 0x55, 0x54, 0x52, 0x5f, 0xc0, 0xed, 
	0xf9, 0x7a, 0xab, 0xdc, 0xe0, 0xeb, 0xfa, 0xfd, 
	0x80, 0x67, 0x6e, 0xda, 0xf3, 0x60, 0x65, 0x7f, 
	0x71, 0x68, 0x69, 0x70, 0xd4, 0x96, 0xce, 0x98, 
	0x9d, 0xeb, 0xea, 0xf1, 0x7f, 0x6a, 0x71, 0xc2, 
	0xc9, 0x74, 0xe0, 0xa8, 0xb6, 0xed, 0xcc, 0x91, 
	0x89, 0x8a, 0x8c, 0x92, 0x9e, 0x75, 0x7a, 0x6d, 
	0x7c, 0xa4, 0x5f, 0x6e, 0x72, 0x82, 0xab, 0x7b, 
	0x93, 0xe6, 0xea, 0xc2, 0xba, 0x8f, 0x9c, 0x8e, 
	0x9d, 0xd7, 0xb9, 0xf1, 0xdc, 0xf2, 0xef, 0x9f, 
	0x8a, 0x61, 0x98, 0xfd, 0xdb, 0x64, 0x70, 0x7a, 
	0x83, 0x64, 0x70, 0x9e, 0x72, 0x9c, 0xe1, 0xc6, 
	0xa0, 0xd7, 0xec, 0xa0, 0x89, 0x61, 0xa1, 0xf9, 
	0xe6, 0xcb, 0xc6, 0xc8, 0xb1, 0xf1, 0xf2, 0xeb, 
	0xf9, 0xb9, 0x7b, 0xa6, 0xa3, 0x78, 0x6b, 0x77, 
	0x7e, 0x86, 0x75, 0x79, 0x9b, 0x99, 0x89, 0xec, 
	0x96, 0x8e, 0xc9, 0xb2, 0x79, 0xe2, 0xf2, 0xf2, 
	0xdd, 0xc5, 0xf4, 0x80, 0xd2, 0xf3, 0x81, 0x84, 
	0x73, 0x78, 0xbc, 0xe7, 0x89, 0x62, 0x84, 0x5a, 
	0x90, 0x70, 0x7b, 0x65, 0x7f, 0x81, 0x9a, 0x6e, 
	0x91, 0xc2, 0x83, 0x85, 0x76, 0x79, 0xc2, 0xe4, 
	0xad, 0xb8, 0xe2, 0x8a, 0xc4, 0xb1, 0xf1, 0xf5, 
	0xeb, 0xe9, 0x81, 0x7e, 0xa8, 0x97, 0x72, 0x74, 
	0x85, 0xeb, 0x8b, 0xad, 0xf1, 0xfb, 0x8f, 0xa1, 
	0xeb, 0x88, 0x80, 0x81, 0xf6, 0xf1, 0xea, 0xd9, 
	0xe4, 0xf3, 0xf1, 0xfa, 0xd9, 0x86, 0x71, 0x80, 
	0x68, 0x72, 0xe0, 0xeb, 0x60, 0x64, 0x88, 0x62, 
	0x8a, 0x6e, 0x7a, 0x6b, 0x7f, 0xb0, 0xfb, 0xe1, 
	0xa7, 0x7e, 0x7f, 0x86, 0x68, 0x73, 0xd6, 0xd1, 
	0x75, 0x79, 0xe1, 0xe2, 0xe5, 0x86, 0xf8, 0xef, 
	0xac, 0xd6, 0xa5, 0x96, 0xa2, 0xa8, 0x8d, 0x95, 
	0xf1, 0xe7, 0xf3, 0xf5, 0xc4, 0xf1, 0xf2, 0xf3, 
	0xf5, 0xf2, 0xcc, 0xa7, 0x83, 0xad, 0xd4, 0xf8, 
	0xf4, 0xfa, 0xf4, 0xfa, 0xe2, 0x77, 0x89, 0x7f, 
	0x7e, 0xce, 0xe5, 0x69, 0x64, 0x6b, 0x8b, 0x7e, 
	0x65, 0x62, 0x63, 0x75, 0x8b, 0xc9, 0xf2, 0x8c, 
	0xaf, 0x7b, 0x89, 0x84, 0x7f, 0xca, 0xd8, 0x75, 
	0x9f, 0xc2, 0xe6, 0xf6, 0xd2, 0xda, 0x7d, 0x9b, 
	0xe9, 0xe9, 0xb7, 0xfb, 0xf6, 0xa6, 0x79, 0x8a, 
	0x99, 0xfa, 0xfd, 0xef, 0xf8, 0xa8, 0xf3, 0xd0, 
	0xf5, 0xc4, 0xe1, 0x9f, 0xf7, 0xe3, 0xc8, 0xd4, 
	0xbd, 0xf2, 0xee, 0xef, 0x72, 0x8d, 0x91, 0xf4, 
	0xb9, 0xd8, 0xc5, 0x59, 0x5d, 0x63, 0x76, 0x7f, 
	0x67, 0x67, 0x68, 0x93, 0x9b, 0xf7, 0xf0, 0x71, 
	0x82, 0x86, 0x91, 0xe8, 0xb7, 0xd3, 0xbb, 0x63, 
	0x93, 0xca, 0xdb, 0xc5, 0xb0, 0x97, 0xfb, 0xc8, 
	0xcb, 0xf3, 0xdd, 0xb0, 0x7d, 0xa3, 0xa5, 0xd9, 
	0x79, 0xb7, 0xf7, 0xf5, 0xfb, 0xf7, 0xae, 0xf7, 
	0xb4, 0xf6, 0xfc, 0xe2, 0xbb, 0xee, 0xec, 0x74, 
	0x72, 0xc8, 0xca, 0x9c, 0x83, 0x98, 0xfc, 0xf5, 
	0xf8, 0x94, 0x84, 0x64, 0x74, 0x6f, 0x65, 0x85, 
	0x65, 0x68, 0x6e, 0x8e, 0xdd, 0xf2, 0xd9, 0x66, 
	0x83, 0xa3, 0xf0, 0xee, 0xf6, 0x97, 0x82, 0x6c, 
	0x79, 0x78, 0xdb, 0xb7, 0x93, 0xfa, 0x5e, 0x68, 
	0x7f, 0xc7, 0x85, 0x76, 0x7d, 0xe9, 0xd2, 0xbf, 
	0x6c, 0x69, 0x9d, 0x7a, 0x9a, 0xb4, 0xf9, 0xb4, 
	0xf9, 0xf3, 0xe5, 0xe6, 0xcb, 0xcd, 0x9e, 0x68, 
	0x64, 0x79, 0xd1, 0xab, 0x73, 0xb6, 0xf4, 0xf5, 
	0xe7, 0xe7, 0x8d, 0x6d, 0x63, 0x71, 0x76, 0x6e, 
	0x66, 0x6a, 0x8c, 0xa7, 0xeb, 0xf0, 0xc7, 0x5d, 
	0x6b, 0xc6, 0xe6, 0xec, 0xe4, 0xe0, 0x9a, 0x6d, 
	0x75, 0xc4, 0xa9, 0xfa, 0x9a, 0x62, 0x8d, 0x80, 
	0x54, 0x63, 0xc1, 0xc3, 0x9d, 0xc1, 0x81, 0x77, 
	0x8d, 0x85, 0x89, 0x98, 0x96, 0x70, 0x6f, 0xd0, 
	0xf0, 0x6b, 0xd1, 0xda, 0xc3, 0x9b, 0x92, 0xf4, 
	0xfa, 0xf4, 0x74, 0x6e, 0xe8, 0xf6, 0xfa, 0xae, 
	0xc6, 0xda, 0xe2, 0x7e, 0x8b, 0x70, 0x75, 0x64, 
	0x66, 0x6c, 0x96, 0xb8, 0xf8, 0xf1, 0x89, 0x68, 
	0xa6, 0xf2, 0xdf, 0xaa, 0xc5, 0xd6, 0xd4, 0x7e, 
	0x87, 0x67, 0x66, 0x64, 0x6f, 0x72, 0x5e, 0x66, 
	0x67, 0xf0, 0xf6, 0xa4, 0xc4, 0xd3, 0xe4, 0xda, 
	0x80, 0x71, 0x9c, 0x99, 0x9c, 0x97, 0x87, 0x83, 
	0xc8, 0xc1, 0xac, 0xe3, 0xdc, 0x95, 0x93, 0xcc, 
	0xdc, 0xa2, 0x8a, 0x62, 0x92, 0x88, 0xc2, 0xd5, 
	0xaf, 0xd4, 0xfb, 0xc3, 0x6c, 0x76, 0x78, 0x72, 
	0x67, 0x8f, 0x9c, 0xde, 0xde, 0xf2, 0x7a, 0x7e, 
	0x8f, 0xac, 0xb6, 0xcd, 0xb0, 0xd0, 0xec, 0xb9, 
	0x7d, 0x77, 0x6e, 0x64, 0x8c, 0x7d, 0x7f, 0x5f, 
	0x5f, 0x68, 0x66, 0x9a, 0xd4, 0xbc, 0xef, 0xf7, 
	0xb4, 0xf1, 0x84, 0x81, 0x6c, 0x80, 0x9b, 0x92, 
	0xdb, 0xe4, 0x9a, 0x89, 0xfa, 0xe0, 0x7c, 0x84, 
	0x8b, 0xf2, 0x92, 0x85, 0x77, 0x7e, 0x67, 0x72, 
	0x66, 0x74, 0xe2, 0xe6, 0xb3, 0x92, 0x6b, 0x66, 
	0x6e, 0x95, 0xa6, 0xe6, 0xec, 0xd2, 0x57, 0xd5, 
	0x8a, 0xa0, 0x64, 0x6f, 0x69, 0x74, 0xd7, 0xc7, 
	0xa3, 0x89, 0x5a, 0x97, 0x8d, 0x8e, 0x68, 0x5d, 
	0x6c, 0x82, 0x75, 0x95, 0xd7, 0xf5, 0xd8, 0xef, 
	0xc8, 0x9d, 0x83, 0x96, 0x71, 0x6a, 0x71, 0xcf, 
	0xf3, 0x96, 0x8e, 0xe9, 0x9a, 0xf7, 0x9a, 0x8f, 
	0x8e, 0x81, 0x5e, 0x69, 0x71, 0x76, 0x61, 0x6a, 
	0x67, 0x63, 0x65, 0x7a, 0xe8, 0xe3, 0x8b, 0x6e, 
	0x7f, 0xa9, 0xd0, 0xdd, 0xeb, 0xa7, 0x5b, 0x6c, 
	0xa0, 0x7a, 0x61, 0x69, 0x67, 0x64, 0x68, 0x7c, 
	0xe4, 0x9d, 0x8e, 0x9c, 0x94, 0x77, 0x74, 0x73, 
	0x6e, 0x73, 0x74, 0xe8, 0xe6, 0xda, 0xea, 0x98, 
	0xb2, 0xa2, 0x99, 0xe2, 0x86, 0xfa, 0xf6, 0xec, 
	0xdd, 0xd9, 0x8a, 0xcd, 0xe6, 0xc4, 0xd0, 0x7a, 
	0x78, 0x5b, 0x62, 0x7a, 0x8e, 0x8b, 0x64, 0x57, 
	0x5a, 0x4d, 0x65, 0x5e, 0x83, 0x79, 0x71, 0xe4, 
	0xe9, 0xd3, 0xe0, 0xf5, 0xe1, 0x90, 0x58, 0x7a, 
	0x94, 0x75, 0x63, 0x56, 0x5d, 0x50, 0x6a, 0x6d, 
	0xa3, 0x86, 0x94, 0x8f, 0x90, 0x8b, 0x7c, 0x78, 
	0x88, 0x78, 0xe6, 0x92, 0x7c, 0x6f, 0xab, 0xb5, 
	0xba, 0xca, 0xdd, 0xfc, 0x7a, 0xf3, 0xfd, 0xf4, 
	0xfa, 0xe9, 0x76, 0x46, 0x57, 0x9d, 0xa2, 0xac, 
	0x67, 0x66, 0x6b, 0x7f, 0x91, 0x75, 0x66, 0x63, 
	0x58, 0x5b, 0x62, 0x80, 0x88, 0x5b, 0x79, 0xd3, 
	0xf1, 0xf4, 0xea, 0xe0, 0xdf, 0x7a, 0x64, 0x7e, 
	0x7d, 0x6e, 0x63, 0x61, 0x5a, 0x5e, 0x70, 0x99, 
	0xae, 0x6b, 0x44, 0x6a, 0x7c, 0x8a, 0x70, 0x7c, 
	0x5d, 0xd2, 0x9b, 0x98, 0x7f, 0xa1, 0xab, 0x90, 
	0x83, 0x94, 0xf3, 0xf5, 0x9e, 0xfb, 0xe0, 0xf4, 
	0xdf, 0xe2, 0x7b, 0x64, 0x67, 0x8f, 0x8d, 0x50, 
	0x5e, 0x62, 0x68, 0x7d, 0x82, 0x71, 0x6c, 0x5e, 
	0x53, 0x4e, 0x59, 0x8c, 0x8b, 0x79, 0x6f, 0x98, 
	0xe4, 0xea, 0xe0, 0xcf, 0x8c, 0x6e, 0x74, 0x67, 
	0x65, 0x69, 0x69, 0x5e, 0x56, 0x53, 0x6b, 0xa4, 
	0xa9, 0xd6, 0x89, 0x77, 0x78, 0x88, 0x78, 0x60, 
	0xdb, 0xe3, 0x85, 0x88, 0xaf, 0xda, 0x7a, 0x89, 
	0xcb, 0xf7, 0xf4, 0xf8, 0xe6, 0xa0, 0xfa, 0xec, 
	0xcc, 0x84, 0x83, 0x94, 0x8d, 0x8f, 0x95, 0x98, 
	0xa1, 0x63, 0x6b, 0x85, 0x8b, 0x66, 0x7c, 0x61, 
	0x66, 0x5c, 0x6a, 0x8e, 0x8e, 0x6e, 0x6d, 0x80, 
	0x68, 0xe3, 0xfc, 0xe9, 0x9a, 0x77, 0x68, 0x5d, 
	0x6c, 0x65, 0x73, 0x5f, 0x6a, 0x63, 0x78, 0x9f, 
	0x99, 0x92, 0x94, 0x65, 0x92, 0x83, 0x6a, 0xd7, 
	0xc7, 0x69, 0x67, 0x54, 0xb4, 0xe0, 0x8f, 0xe0, 
	0xfa, 0xfc, 0xf5, 0xe9, 0xf5, 0xa4, 0xed, 0xe8, 
	0x78, 0x74, 0x90, 0x9e, 0x93, 0xa5, 0x93, 0x9a, 
	0x7c, 0xa0, 0x70, 0x7f, 0x80, 0x66, 0x67, 0x67, 
	0x65, 0x6b, 0x92, 0x91, 0x7f, 0x77, 0x66, 0x6f, 
	0x91, 0x8b, 0xde, 0xf5, 0xec, 0xc0, 0x6e, 0x5f, 
	0x6d, 0x63, 0x66, 0x65, 0x66, 0x6e, 0x9c, 0xa2, 
	0x6f, 0x9e, 0x82, 0x7a, 0x7d, 0x82, 0x5a, 0x52, 
	0x82, 0x74, 0x6b, 0x85, 0x8c, 0x7b, 0xe0, 0xf0, 
	0xfb, 0xd5, 0xf4, 0xf1, 0xfc, 0x92, 0x8d, 0xa9, 
	0x86, 0x64, 0x71, 0x93, 0x99, 0x96, 0x97, 0x40, 
	0x38, 0x3b, 0x5b, 0x98, 0x8f, 0x6b, 0x6b, 0x6b, 
	0x7d, 0x66, 0x79, 0x81, 0x70, 0x71, 0x6b, 0x78, 
	0x69, 0x78, 0x7a, 0xea, 0xe8, 0x80, 0xac, 0x96, 
	0x77, 0x67, 0x67, 0x69, 0x80, 0x6b, 0x83, 0x84, 
	0x6a, 0xa8, 0x66, 0x6c, 0x7b, 0x95, 0x8a, 0x6d, 
	0x8a, 0x82, 0x86, 0x9e, 0x79, 0x6e, 0x63, 0xa7, 
	0xae, 0xf5, 0xfa, 0xaf, 0x9e, 0xf2, 0xbc, 0x9a, 
	0x6d, 0x5c, 0x7d, 0x85, 0x7a, 0x8e, 0x5f, 0x50, 
	0x3a, 0x6a, 0x66, 0x59, 0xa0, 0x9f, 0x7b, 0x89, 
	0x99, 0x7b, 0x81, 0x5a, 0x6c, 0x6b, 0x67, 0x6a, 
	0x70, 0x73, 0x84, 0x83, 0x83, 0xd9, 0xe8, 0xe9, 
	0xc5, 0xb6, 0x8d, 0x86, 0x99, 0x7e, 0x83, 0x5d, 
	0x68, 0x82, 0xd8, 0xba, 0x6d, 0x86, 0x6b, 0x98, 
	0x84, 0x92, 0x99, 0x88, 0x71, 0x6f, 0x7c, 0x67, 
	0x85, 0x93, 0xf3, 0xf0, 0xf3, 0xce, 0xd9, 0x64, 
	0x85, 0x80, 0x7b, 0x83, 0x6d, 0x78, 0x6a, 0x93, 
	0x9f, 0x9b, 0x99, 0x93, 0x6e, 0x75, 0x63, 0x85, 
	0xa2, 0x85, 0x5a, 0x61, 0x71, 0x79, 0x8d, 0x70, 
	0x76, 0x7d, 0x87, 0x98, 0xb3, 0xa4, 0xa1, 0x97, 
	0x83, 0x86, 0x6d, 0x88, 0xa4, 0x89, 0x60, 0x60, 
	0x6b, 0x8e, 0xb6, 0xfc, 0x70, 0x82, 0x6f, 0x62, 
	0x91, 0x96, 0x9a, 0x78, 0x82, 0x74, 0x81, 0x60, 
	0x8d, 0x60, 0x65, 0x72, 0x74, 0x48, 0x52, 0x8a, 
	0xba, 0x8d, 0x6f, 0x9b, 0x8a, 0x9c, 0xaf, 0x99, 
	0xf7, 0xf2, 0xf2, 0x89, 0x79, 0x7d, 0x99, 0x6b, 
	0x66, 0x93, 0x7a, 0x7e, 0x66, 0xef, 0xe0, 0x76, 
	0x75, 0x82, 0x9c, 0x96, 0x8e, 0x80, 0x92, 0x80, 
	0x75, 0x7a, 0x96, 0x6b, 0x66, 0x96, 0x76, 0x79, 
	0x59, 0xab, 0xbd, 0xf1, 0xc7, 0x7c, 0x7c, 0x98, 
	0xa1, 0x98, 0x9b, 0x8d, 0x88, 0x6b, 0x91, 0x66, 
	0x5b, 0x3c, 0x40, 0x40, 0x41, 0x41, 0x9e, 0x99, 
	0x89, 0xc1, 0x7d, 0xab, 0x9f, 0x8f, 0x68, 0x9e, 
	0x99, 0xc5, 0x93, 0xae, 0xf8, 0x97, 0x88, 0x80, 
	0x83, 0xf8, 0xf1, 0xf8, 0xec, 0xe3, 0x83, 0x72, 
	0x75, 0x7e, 0x9a, 0xa6, 0x57, 0x57, 0x54, 0x82, 
	0xd8, 0x92, 0x86, 0x80, 0x83, 0xf5, 0xf0, 0xd4, 
	0xa1, 0x99, 0xb2, 0xfb, 0xed, 0x77, 0x77, 0x87, 
	0xa3, 0x9b, 0x69, 0x86, 0xa0, 0x7c, 0x95, 0x69, 
	0x55, 0x3f, 0x3f, 0x36, 0x50, 0x8e, 0x7e, 0x7c, 
	0x82, 0xb6, 0xb8, 0x87, 0x81, 0x97, 0xc8, 0xc3, 
	0xdd, 0xdf, 0xe9, 0xa2, 0xb7, 0xd5, 0xf8, 0xce, 
	0xb3, 0xe6, 0xdc, 0x92, 0x70, 0x69, 0x6c, 0x7d, 
	0xac, 0x74, 0xaf, 0x9b, 0x5c, 0x92, 0x99, 0x96, 
	0xad, 0xd1, 0xf7, 0xce, 0xb3, 0xe4, 0xdc, 0x9f, 
	0x6c, 0xa2, 0xb8, 0xf1, 0xf8, 0xdf, 0x93, 0x8f, 
	0x95, 0x9e, 0x90, 0x93, 0x70, 0x9e, 0x87, 0x79, 
	0xbc, 0x6d, 0x71, 0x8d, 0x86, 0x6b, 0x7e, 0x85, 
	0x80, 0xb6, 0xad, 0x6d, 0x81, 0x8f, 0xa4, 0xef, 
	0xfc, 0x7d, 0x83, 0x70, 0xbd, 0x98, 0xbf, 0xfc, 
	0xf3, 0xca, 0xf4, 0x73, 0x70, 0x68, 0x63, 0x6b, 
	0x9e, 0x71, 0xa0, 0x78, 0x70, 0x83, 0x7e, 0x79, 
	0xb5, 0x97, 0xbe, 0xfc, 0xf3, 0xc9, 0xef, 0x87, 
	0x72, 0xe8, 0xc3, 0xce, 0xef, 0xf8, 0x90, 0x84, 
	0x83, 0x94, 0x9f, 0x8d, 0x84, 0x6a, 0x5b, 0x7e, 
	0xba, 0xbc, 0x98, 0x71, 0x71, 0x68, 0x6c, 0x77, 
	0x80, 0x6e, 0xcd, 0x96, 0x87, 0x9c, 0xc0, 0xf4, 
	0x77, 0x9d, 0x64, 0x6c, 0x6b, 0x94, 0x91, 0x85, 
	0xa1, 0x9a, 0xad, 0x99, 0x70, 0x76, 0x79, 0x7c, 
	0x85, 0x8b, 0xab, 0x7b, 0x74, 0x86, 0x7c, 0x70, 
	0x6c, 0x92, 0x90, 0x85, 0xa1, 0x99, 0xa8, 0xa6, 
	0x9f, 0xf1, 0xad, 0xcb, 0xf3, 0xf1, 0xd1, 0x86, 
	0x73, 0x6b, 0x90, 0xa8, 0x81, 0x97, 0xd0, 0x90, 
	0x8d, 0x5f, 0x68, 0x6b, 0x5a, 0x68, 0x6c, 0x75, 
	0x8e, 0x89, 0xec, 0x98, 0x95, 0xb9, 0xb2, 0x76, 
	0x9a, 0x85, 0x9a, 0x9a, 0xa1, 0x99, 0x4f, 0x83, 
	0xbd, 0x93, 0xa1, 0x8a, 0x64, 0x72, 0x6d, 0x8d, 
	0x83, 0x99, 0x9a, 0x79, 0x86, 0x6a, 0x65, 0x94, 
	0x9b, 0x98, 0x4f, 0x83, 0xbd, 0x92, 0xa0, 0x94, 
	0xa2, 0xe9, 0xa4, 0xd6, 0xd9, 0x95, 0x89, 0x9f, 
	0x7f, 0x74, 0x6e, 0x85, 0x7d, 0x95, 0xe2, 0x80, 
	0x87, 0x94, 0x71, 0x81, 0x6b, 0x57, 0x67, 0x66, 
	0xa8, 0x6c, 0x80, 0x90, 0xf8, 0xba, 0xd8, 0x87, 
	0x82, 0x7b, 0x8d, 0x55, 0x46, 0x74, 0x98, 0x9a, 
	0x58, 0x47, 0x81, 0xa6, 0xf2, 0xed, 0xd7, 0xc3, 
	0xa9, 0x8e, 0xb6, 0xe9, 0xf4, 0xe8, 0xe1, 0x8f, 
	0x55, 0x74, 0x97, 0x9a, 0x58, 0x47, 0x7f, 0xa8, 
	0xf1, 0xde, 0xb4, 0xc1, 0x99, 0x80, 0x8e, 0x95, 
	0x93, 0x8b, 0xa4, 0xd8, 0xc3, 0xda, 0x8e, 0x9f, 
	0x91, 0x67, 0x94, 0x80, 0x63, 0x60, 0x93, 0xbe, 
	0xb7, 0x60, 0x82, 0xe7, 0xf0, 0xf3, 0xec, 0xcd, 
	0xbf, 0xef, 0xfb, 0x81, 0x82, 0x95, 0x7e, 0x50, 
	0x4f, 0x85, 0x83, 0xca, 0x7c, 0x79, 0xa5, 0xe8, 
	0xda, 0xd8, 0xaf, 0xe9, 0xeb, 0xe9, 0xd9, 0xa8, 
	0x91, 0x98, 0x7e, 0x50, 0x4f, 0x84, 0x81, 0xba, 
	0xa6, 0xee, 0xf1, 0xc0, 0x8d, 0x8c, 0xb9, 0xb8, 
	0xb7, 0xbf, 0x6a, 0xbc, 0xb4, 0x92, 0x6a, 0x9f, 
	0x7f, 0x72, 0x82, 0xa4, 0x8c, 0x70, 0x7f, 0xbf, 
	0x8a, 0x69, 0x94, 0x92, 0x7b, 0x93, 0xe9, 0xe8, 
	0xf4, 0xfd, 0xfb, 0xf4, 0xf4, 0xb7, 0xf7, 0x9d, 
	0x83, 0x79, 0xef, 0x85, 0xaa, 0xdd, 0xe8, 0xe1, 
	0xde, 0xe2, 0xde, 0xdd, 0xea, 0xf5, 0xd9, 0xed, 
	0xef, 0xb8, 0xf6, 0x9d, 0x83, 0x78, 0xe9, 0x81, 
	0xbb, 0xf0, 0xd5, 0x81, 0xb2, 0x83, 0xe3, 0xf7, 
	0xd5, 0xec, 0xdb, 0xfb, 0x8f, 0x83, 0x87, 0x73, 
	0x6e, 0x6f, 0x6e, 0x6c, 0x72, 0x6c, 0x77, 0x7b, 
	
};

Vtx rcavejump_rcavejump_mesh_layer_1_vtx_0[467] = {
	{{ {-3994, -25, -685}, 0, {719, 209}, {161, 161, 161, 255} }},
	{{ {-4452, 0, -685}, 0, {719, 209}, {154, 154, 154, 255} }},
	{{ {-4452, -25, -685}, 0, {719, 209}, {119, 119, 119, 255} }},
	{{ {-4377, 0, 685}, 0, {719, 1807}, {153, 153, 153, 255} }},
	{{ {-3919, -25, 685}, 0, {719, 1807}, {168, 168, 168, 255} }},
	{{ {-4377, -25, 685}, 0, {719, 1807}, {116, 116, 116, 255} }},
	{{ {-156, 266, 205}, 0, {547, 2502}, {83, 83, 83, 255} }},
	{{ {-156, 475, 205}, 0, {547, 910}, {83, 83, 83, 255} }},
	{{ {-120, 362, 205}, 0, {716, 1769}, {73, 73, 73, 255} }},
	{{ {-356, 141, 205}, 0, {-384, 3453}, {188, 188, 188, 255} }},
	{{ {-356, 266, 205}, 0, {-384, 2502}, {201, 201, 201, 255} }},
	{{ {-320, 153, 205}, 0, {-215, 3362}, {203, 203, 203, 255} }},
	{{ {-4452, 0, -685}, 0, {273, 209}, {154, 154, 154, 255} }},
	{{ {-4377, -25, -321}, 0, {273, 775}, {165, 165, 165, 255} }},
	{{ {-4452, -25, -685}, 0, {273, 209}, {119, 119, 119, 255} }},
	{{ {-4377, 0, -321}, 0, {273, 775}, {188, 188, 188, 255} }},
	{{ {-4464, -25, 321}, 0, {273, 1241}, {155, 155, 155, 255} }},
	{{ {-4464, 0, 321}, 0, {273, 1241}, {184, 184, 184, 255} }},
	{{ {-4377, -25, 685}, 0, {273, 1807}, {116, 116, 116, 255} }},
	{{ {-4377, 0, 685}, 0, {273, 1807}, {153, 153, 153, 255} }},
	{{ {-180, 266, 50}, 0, {439, -863}, {244, 244, 244, 255} }},
	{{ {-333, 266, 50}, 0, {-276, -863}, {254, 254, 254, 255} }},
	{{ {-356, 266, 205}, 0, {-384, 317}, {201, 201, 201, 255} }},
	{{ {-156, 266, 205}, 0, {547, 317}, {199, 199, 199, 255} }},
	{{ {-305, 153, 86}, 0, {-146, -587}, {74, 74, 74, 255} }},
	{{ {-208, 153, 86}, 0, {309, -587}, {74, 74, 74, 255} }},
	{{ {-193, 153, 205}, 0, {378, 317}, {74, 74, 74, 255} }},
	{{ {-320, 153, 205}, 0, {-215, 317}, {74, 74, 74, 255} }},
	{{ {-208, 153, 86}, 0, {1473, 3362}, {74, 74, 74, 255} }},
	{{ {-180, 266, 50}, 0, {1643, 2502}, {244, 244, 244, 255} }},
	{{ {-156, 266, 205}, 0, {919, 2502}, {199, 199, 199, 255} }},
	{{ {-193, 153, 205}, 0, {919, 3362}, {74, 74, 74, 255} }},
	{{ {-305, 153, 86}, 0, {-146, 3362}, {74, 74, 74, 255} }},
	{{ {-333, 266, 50}, 0, {-276, 2502}, {254, 254, 254, 255} }},
	{{ {-180, 266, 50}, 0, {439, 2502}, {244, 244, 244, 255} }},
	{{ {-208, 153, 86}, 0, {309, 3362}, {74, 74, 74, 255} }},
	{{ {-320, 153, 205}, 0, {919, 3362}, {74, 74, 74, 255} }},
	{{ {-356, 266, 205}, 0, {919, 2502}, {201, 201, 201, 255} }},
	{{ {-333, 266, 50}, 0, {1643, 2502}, {254, 254, 254, 255} }},
	{{ {-305, 153, 86}, 0, {1473, 3362}, {74, 74, 74, 255} }},
	{{ {-578, -25, 205}, 0, {919, 4714}, {181, 181, 181, 255} }},
	{{ {-578, -25, 542}, 0, {-651, 4714}, {194, 194, 194, 255} }},
	{{ {-578, 76, 542}, 0, {-651, 3945}, {229, 229, 229, 255} }},
	{{ {-578, 76, 205}, 0, {919, 3945}, {218, 218, 218, 255} }},
	{{ {93, 950, 542}, 0, {-651, 556}, {235, 235, 235, 255} }},
	{{ {93, 950, 205}, 0, {919, 556}, {242, 242, 242, 255} }},
	{{ {-578, 76, 205}, 0, {919, 691}, {218, 218, 218, 255} }},
	{{ {-578, 76, 542}, 0, {-651, 691}, {229, 229, 229, 255} }},
	{{ {-167, -25, 542}, 0, {496, 4714}, {117, 117, 117, 255} }},
	{{ {244, -25, 542}, 0, {2410, 4714}, {112, 112, 112, 255} }},
	{{ {244, 950, 542}, 0, {2410, -2698}, {247, 247, 247, 255} }},
	{{ {93, 950, 542}, 0, {1709, -2698}, {235, 235, 235, 255} }},
	{{ {-578, -25, 542}, 0, {-1418, 4714}, {194, 194, 194, 255} }},
	{{ {-578, 76, 542}, 0, {-1418, 3945}, {229, 229, 229, 255} }},
	{{ {244, 950, 542}, 0, {-651, -2698}, {247, 247, 247, 255} }},
	{{ {244, -25, 542}, 0, {-651, 4714}, {112, 112, 112, 255} }},
	{{ {244, -25, 205}, 0, {919, 4714}, {179, 179, 179, 255} }},
	{{ {244, 721, 205}, 0, {919, -959}, {227, 227, 227, 255} }},
	{{ {244, 950, 205}, 0, {919, -2698}, {251, 251, 251, 255} }},
	{{ {-167, -25, 205}, 0, {496, 4714}, {57, 57, 57, 255} }},
	{{ {-356, -25, 205}, 0, {-384, 4714}, {59, 59, 59, 255} }},
	{{ {-356, 141, 205}, 0, {-384, 3453}, {77, 77, 77, 255} }},
	{{ {-193, 153, 205}, 0, {378, 3362}, {80, 80, 80, 255} }},
	{{ {-320, 153, 205}, 0, {-215, 3362}, {84, 84, 84, 255} }},
	{{ {-167, -25, 205}, 0, {496, 4714}, {57, 57, 57, 255} }},
	{{ {-193, 153, 205}, 0, {378, 3362}, {80, 80, 80, 255} }},
	{{ {-120, 362, 205}, 0, {716, 1769}, {73, 73, 73, 255} }},
	{{ {-156, 266, 205}, 0, {547, 2502}, {83, 83, 83, 255} }},
	{{ {244, -25, 205}, 0, {2410, 4714}, {74, 74, 74, 255} }},
	{{ {-120, 362, 205}, 0, {716, 1769}, {73, 73, 73, 255} }},
	{{ {7, 362, 205}, 0, {1309, 1769}, {80, 80, 80, 255} }},
	{{ {44, 475, 205}, 0, {1479, 910}, {88, 88, 88, 255} }},
	{{ {80, 608, 205}, 0, {1648, -99}, {91, 91, 91, 255} }},
	{{ {44, 721, 205}, 0, {1479, -959}, {91, 91, 91, 255} }},
	{{ {207, 608, 205}, 0, {2241, -99}, {91, 91, 91, 255} }},
	{{ {244, 721, 205}, 0, {2410, -959}, {95, 95, 95, 255} }},
	{{ {244, 950, 542}, 0, {2410, 2879}, {247, 247, 247, 255} }},
	{{ {244, 950, 205}, 0, {2410, 317}, {251, 251, 251, 255} }},
	{{ {93, 950, 205}, 0, {1709, 317}, {242, 242, 242, 255} }},
	{{ {93, 950, 542}, 0, {1709, 2879}, {235, 235, 235, 255} }},
	{{ {20, 475, 50}, 0, {1370, -863}, {245, 245, 245, 255} }},
	{{ {-133, 475, 50}, 0, {655, -863}, {248, 248, 248, 255} }},
	{{ {-156, 475, 205}, 0, {547, 317}, {201, 201, 201, 255} }},
	{{ {44, 475, 205}, 0, {1479, 317}, {210, 210, 210, 255} }},
	{{ {-105, 362, 86}, 0, {785, -587}, {74, 74, 74, 255} }},
	{{ {-8, 362, 86}, 0, {1240, -587}, {74, 74, 74, 255} }},
	{{ {7, 362, 205}, 0, {1309, 317}, {74, 74, 74, 255} }},
	{{ {-120, 362, 205}, 0, {716, 317}, {74, 74, 74, 255} }},
	{{ {-8, 362, 86}, 0, {1473, 1769}, {74, 74, 74, 255} }},
	{{ {20, 475, 50}, 0, {1643, 910}, {245, 245, 245, 255} }},
	{{ {44, 475, 205}, 0, {919, 910}, {210, 210, 210, 255} }},
	{{ {7, 362, 205}, 0, {919, 1769}, {74, 74, 74, 255} }},
	{{ {-105, 362, 86}, 0, {785, 1769}, {74, 74, 74, 255} }},
	{{ {-133, 475, 50}, 0, {655, 910}, {248, 248, 248, 255} }},
	{{ {20, 475, 50}, 0, {1370, 910}, {245, 245, 245, 255} }},
	{{ {-8, 362, 86}, 0, {1240, 1769}, {74, 74, 74, 255} }},
	{{ {-120, 362, 205}, 0, {919, 1769}, {74, 74, 74, 255} }},
	{{ {-156, 475, 205}, 0, {919, 910}, {201, 201, 201, 255} }},
	{{ {-133, 475, 50}, 0, {1643, 910}, {248, 248, 248, 255} }},
	{{ {-105, 362, 86}, 0, {1473, 1769}, {74, 74, 74, 255} }},
	{{ {220, 721, 50}, 0, {2302, -863}, {255, 255, 255, 255} }},
	{{ {67, 721, 50}, 0, {1587, -863}, {254, 254, 254, 255} }},
	{{ {44, 721, 205}, 0, {1479, 317}, {217, 217, 217, 255} }},
	{{ {244, 721, 205}, 0, {2410, 317}, {227, 227, 227, 255} }},
	{{ {95, 608, 86}, 0, {1717, -587}, {74, 74, 74, 255} }},
	{{ {192, 608, 86}, 0, {2172, -587}, {74, 74, 74, 255} }},
	{{ {207, 608, 205}, 0, {2241, 317}, {74, 74, 74, 255} }},
	{{ {80, 608, 205}, 0, {1648, 317}, {74, 74, 74, 255} }},
	{{ {192, 608, 86}, 0, {1473, -99}, {74, 74, 74, 255} }},
	{{ {220, 721, 50}, 0, {1643, -959}, {255, 255, 255, 255} }},
	{{ {244, 721, 205}, 0, {919, -959}, {227, 227, 227, 255} }},
	{{ {207, 608, 205}, 0, {919, -99}, {78, 78, 78, 255} }},
	{{ {95, 608, 86}, 0, {1717, -99}, {74, 74, 74, 255} }},
	{{ {67, 721, 50}, 0, {1587, -959}, {254, 254, 254, 255} }},
	{{ {220, 721, 50}, 0, {2302, -959}, {255, 255, 255, 255} }},
	{{ {192, 608, 86}, 0, {2172, -99}, {74, 74, 74, 255} }},
	{{ {80, 608, 205}, 0, {919, -99}, {74, 74, 74, 255} }},
	{{ {44, 721, 205}, 0, {919, -959}, {217, 217, 217, 255} }},
	{{ {67, 721, 50}, 0, {1643, -959}, {254, 254, 254, 255} }},
	{{ {95, 608, 86}, 0, {1473, -99}, {74, 74, 74, 255} }},
	{{ {973, 1084, -685}, 0, {-184, 2723}, {134, 134, 134, 255} }},
	{{ {973, 1084, -200}, 0, {-184, 1509}, {152, 152, 152, 255} }},
	{{ {973, 1933, -685}, 0, {1176, 2723}, {126, 126, 126, 255} }},
	{{ {973, 1084, 200}, 0, {-184, 507}, {150, 150, 150, 255} }},
	{{ {973, 1084, 685}, 0, {-184, -707}, {128, 128, 128, 255} }},
	{{ {973, 1933, 685}, 0, {1176, -707}, {92, 92, 92, 255} }},
	{{ {973, 2398, 685}, 0, {1924, -707}, {0, 0, 0, 255} }},
	{{ {973, 2398, -685}, 0, {1924, 2723}, {0, 0, 0, 255} }},
	{{ {-4973, 1084, -200}, 0, {-184, 1509}, {152, 152, 152, 255} }},
	{{ {-4973, 1084, -685}, 0, {-184, 2723}, {134, 134, 134, 255} }},
	{{ {-4973, 1933, -685}, 0, {1176, 2723}, {123, 123, 123, 255} }},
	{{ {-4973, 1084, 200}, 0, {-184, 507}, {150, 150, 150, 255} }},
	{{ {-4973, 1084, 685}, 0, {-184, -707}, {128, 128, 128, 255} }},
	{{ {-4973, 1933, 685}, 0, {1176, -707}, {93, 93, 93, 255} }},
	{{ {-4973, 2398, -685}, 0, {1924, 2723}, {0, 0, 0, 255} }},
	{{ {-4973, 2398, 685}, 0, {1924, -707}, {1, 1, 1, 255} }},
	{{ {-726, -25, -685}, 0, {273, 209}, {164, 164, 164, 255} }},
	{{ {452, -25, -685}, 0, {273, 209}, {117, 117, 117, 255} }},
	{{ {452, 0, -685}, 0, {273, 209}, {151, 151, 151, 255} }},
	{{ {377, 0, -321}, 0, {273, 775}, {191, 191, 191, 255} }},
	{{ {377, -25, -321}, 0, {273, 775}, {152, 152, 152, 255} }},
	{{ {464, 0, 321}, 0, {273, 1241}, {186, 186, 186, 255} }},
	{{ {464, -25, 321}, 0, {273, 1241}, {152, 152, 152, 255} }},
	{{ {377, 0, 685}, 0, {273, 1807}, {154, 154, 154, 255} }},
	{{ {377, -25, 685}, 0, {273, 1807}, {125, 125, 125, 255} }},
	{{ {-802, -25, 685}, 0, {273, 1807}, {163, 163, 163, 255} }},
	{{ {-726, -25, -685}, 0, {2516, 2725}, {164, 164, 164, 255} }},
	{{ {452, 0, -685}, 0, {4457, 2660}, {151, 151, 151, 255} }},
	{{ {452, 1084, -685}, 0, {4457, -129}, {156, 156, 156, 255} }},
	{{ {-726, 1933, -685}, 0, {2516, -2309}, {176, 176, 176, 255} }},
	{{ {973, 1933, -685}, 0, {5316, -2309}, {126, 126, 126, 255} }},
	{{ {973, 1084, -685}, 0, {5316, -129}, {134, 134, 134, 255} }},
	{{ {973, 2398, -685}, 0, {5316, -3507}, {0, 0, 0, 255} }},
	{{ {-726, 2398, -685}, 0, {2516, -3507}, {0, 0, 0, 255} }},
	{{ {-4973, 1933, -685}, 0, {-4923, -2309}, {123, 123, 123, 255} }},
	{{ {-4973, 1084, -685}, 0, {-4923, -129}, {134, 134, 134, 255} }},
	{{ {-4452, 1084, -685}, 0, {-4064, -129}, {162, 162, 162, 255} }},
	{{ {-4452, 1933, -685}, 0, {-4064, -2309}, {162, 162, 162, 255} }},
	{{ {-3994, 1933, -685}, 0, {-3309, -2309}, {182, 182, 182, 255} }},
	{{ {-4452, 0, -685}, 0, {-4064, 2660}, {154, 154, 154, 255} }},
	{{ {-3994, 1933, -685}, 0, {-3309, -2309}, {182, 182, 182, 255} }},
	{{ {-4452, 0, -685}, 0, {-4064, 2660}, {154, 154, 154, 255} }},
	{{ {-3994, -25, -685}, 0, {-3309, 2725}, {161, 161, 161, 255} }},
	{{ {-3535, -25, -853}, 0, {-2503, 2725}, {174, 174, 174, 255} }},
	{{ {-3994, -648, -685}, 0, {-3309, 4325}, {3, 3, 3, 255} }},
	{{ {-3535, -648, -853}, 0, {-2503, 4325}, {0, 0, 0, 255} }},
	{{ {-3061, -25, -862}, 0, {-1722, 2725}, {183, 183, 183, 255} }},
	{{ {-3061, -648, -862}, 0, {-1722, 4325}, {0, 0, 0, 255} }},
	{{ {-2888, -25, -960}, 0, {-1395, 2725}, {161, 161, 161, 255} }},
	{{ {-2888, -648, -960}, 0, {-1395, 4325}, {0, 0, 0, 255} }},
	{{ {-2808, -25, -968}, 0, {-1263, 2725}, {154, 154, 154, 255} }},
	{{ {-2808, -648, -968}, 0, {-1263, 4325}, {0, 0, 0, 255} }},
	{{ {-2760, -25, -924}, 0, {-1155, 2725}, {192, 192, 192, 255} }},
	{{ {-2760, -648, -924}, 0, {-1155, 4325}, {2, 2, 2, 255} }},
	{{ {-2144, -25, -915}, 0, {-140, 2725}, {183, 183, 183, 255} }},
	{{ {-2144, -648, -915}, 0, {-140, 4325}, {0, 0, 0, 255} }},
	{{ {-2042, -25, -973}, 0, {53, 2725}, {145, 145, 145, 255} }},
	{{ {-2042, -648, -973}, 0, {53, 4325}, {0, 0, 0, 255} }},
	{{ {-2002, -25, -898}, 0, {193, 2725}, {196, 196, 196, 255} }},
	{{ {-2002, -648, -898}, 0, {193, 4325}, {0, 0, 0, 255} }},
	{{ {-1333, -25, -867}, 0, {1296, 2725}, {194, 194, 194, 255} }},
	{{ {-1333, -648, -867}, 0, {1296, 4325}, {0, 0, 0, 255} }},
	{{ {-1240, -25, -942}, 0, {1494, 2725}, {137, 137, 137, 255} }},
	{{ {-1240, -648, -942}, 0, {1494, 4325}, {7, 7, 7, 255} }},
	{{ {-1152, -25, -898}, 0, {1657, 2725}, {144, 144, 144, 255} }},
	{{ {-1152, -648, -898}, 0, {1657, 4325}, {0, 0, 0, 255} }},
	{{ {-1147, -25, -818}, 0, {1788, 2725}, {196, 196, 196, 255} }},
	{{ {-1147, -648, -818}, 0, {1788, 4325}, {6, 6, 6, 255} }},
	{{ {-726, -25, -685}, 0, {2516, 2725}, {164, 164, 164, 255} }},
	{{ {-726, -648, -685}, 0, {2516, 4325}, {0, 0, 0, 255} }},
	{{ {-1147, 1933, -818}, 0, {1788, -2309}, {201, 201, 201, 255} }},
	{{ {-726, 1933, -685}, 0, {2516, -2309}, {176, 176, 176, 255} }},
	{{ {-1147, 1933, -818}, 0, {1788, -2309}, {201, 201, 201, 255} }},
	{{ {-726, 1933, -685}, 0, {2516, -2309}, {176, 176, 176, 255} }},
	{{ {-726, 2398, -685}, 0, {2516, -3507}, {0, 0, 0, 255} }},
	{{ {-1147, 2398, -818}, 0, {1788, -3507}, {0, 0, 0, 255} }},
	{{ {-1147, -25, -818}, 0, {1788, 2725}, {196, 196, 196, 255} }},
	{{ {-1152, 1933, -898}, 0, {1657, -2309}, {144, 144, 144, 255} }},
	{{ {-1147, 2398, -818}, 0, {1788, -3507}, {0, 0, 0, 255} }},
	{{ {-1152, 2398, -898}, 0, {1657, -3507}, {0, 0, 0, 255} }},
	{{ {-1152, -25, -898}, 0, {1657, 2725}, {144, 144, 144, 255} }},
	{{ {-1240, 1933, -942}, 0, {1494, -2309}, {137, 137, 137, 255} }},
	{{ {-1152, 2398, -898}, 0, {1657, -3507}, {0, 0, 0, 255} }},
	{{ {-1240, 2398, -942}, 0, {1494, -3507}, {14, 14, 14, 255} }},
	{{ {-1240, -25, -942}, 0, {1494, 2725}, {137, 137, 137, 255} }},
	{{ {-1333, 1933, -867}, 0, {1296, -2309}, {194, 194, 194, 255} }},
	{{ {-1240, 2398, -942}, 0, {1494, -3507}, {14, 14, 14, 255} }},
	{{ {-1333, 2398, -867}, 0, {1296, -3507}, {0, 0, 0, 255} }},
	{{ {-1333, -25, -867}, 0, {1296, 2725}, {194, 194, 194, 255} }},
	{{ {-2002, 1933, -898}, 0, {193, -2309}, {196, 196, 196, 255} }},
	{{ {-1333, 2398, -867}, 0, {1296, -3507}, {0, 0, 0, 255} }},
	{{ {-2002, 2398, -898}, 0, {193, -3507}, {0, 0, 0, 255} }},
	{{ {-2002, -25, -898}, 0, {193, 2725}, {196, 196, 196, 255} }},
	{{ {-2042, 1933, -973}, 0, {53, -2309}, {145, 145, 145, 255} }},
	{{ {-2002, 2398, -898}, 0, {193, -3507}, {0, 0, 0, 255} }},
	{{ {-2042, 2398, -973}, 0, {53, -3507}, {86, 86, 86, 255} }},
	{{ {-2042, -25, -973}, 0, {53, 2725}, {145, 145, 145, 255} }},
	{{ {-2144, 1933, -915}, 0, {-140, -2309}, {183, 183, 183, 255} }},
	{{ {-2042, 2398, -973}, 0, {53, -3507}, {86, 86, 86, 255} }},
	{{ {-2144, 2398, -915}, 0, {-140, -3507}, {0, 0, 0, 255} }},
	{{ {-2144, -25, -915}, 0, {-140, 2725}, {183, 183, 183, 255} }},
	{{ {-2760, 1933, -924}, 0, {-1155, -2309}, {192, 192, 192, 255} }},
	{{ {-2144, 2398, -915}, 0, {-140, -3507}, {0, 0, 0, 255} }},
	{{ {-2760, 2398, -924}, 0, {-1155, -3507}, {4, 4, 4, 255} }},
	{{ {-2144, -25, -915}, 0, {-140, 2725}, {183, 183, 183, 255} }},
	{{ {-2760, 1933, -924}, 0, {-1155, -2309}, {192, 192, 192, 255} }},
	{{ {-2760, -25, -924}, 0, {-1155, 2725}, {192, 192, 192, 255} }},
	{{ {-2808, 1933, -968}, 0, {-1263, -2309}, {154, 154, 154, 255} }},
	{{ {-2760, 2398, -924}, 0, {-1155, -3507}, {4, 4, 4, 255} }},
	{{ {-2808, 2398, -968}, 0, {-1263, -3507}, {72, 72, 72, 255} }},
	{{ {-2808, -25, -968}, 0, {-1263, 2725}, {154, 154, 154, 255} }},
	{{ {-2888, 1933, -960}, 0, {-1395, -2309}, {161, 161, 161, 255} }},
	{{ {-2808, 2398, -968}, 0, {-1263, -3507}, {72, 72, 72, 255} }},
	{{ {-2888, 2398, -960}, 0, {-1395, -3507}, {0, 0, 0, 255} }},
	{{ {-2888, -25, -960}, 0, {-1395, 2725}, {161, 161, 161, 255} }},
	{{ {-3061, 1933, -862}, 0, {-1722, -2309}, {183, 183, 183, 255} }},
	{{ {-2888, 2398, -960}, 0, {-1395, -3507}, {0, 0, 0, 255} }},
	{{ {-3061, 2398, -862}, 0, {-1722, -3507}, {0, 0, 0, 255} }},
	{{ {-3061, -25, -862}, 0, {-1722, 2725}, {183, 183, 183, 255} }},
	{{ {-3535, 1933, -853}, 0, {-2503, -2309}, {174, 174, 174, 255} }},
	{{ {-3061, 2398, -862}, 0, {-1722, -3507}, {0, 0, 0, 255} }},
	{{ {-3535, 2398, -853}, 0, {-2503, -3507}, {58, 58, 58, 255} }},
	{{ {-3535, -25, -853}, 0, {-2503, 2725}, {174, 174, 174, 255} }},
	{{ {-3994, 1933, -685}, 0, {-3309, -2309}, {182, 182, 182, 255} }},
	{{ {-3535, 2398, -853}, 0, {-2503, -3507}, {58, 58, 58, 255} }},
	{{ {-3994, 2398, -685}, 0, {-3309, -3507}, {8, 8, 8, 255} }},
	{{ {-4377, 2398, 685}, 0, {3191, -2247}, {1, 1, 1, 255} }},
	{{ {-3919, 2398, 685}, 0, {2647, -2247}, {0, 0, 0, 255} }},
	{{ {-3302, 2398, 828}, 0, {1895, -2247}, {0, 0, 0, 255} }},
	{{ {-2144, 2398, -915}, 0, {-140, -3507}, {0, 0, 0, 255} }},
	{{ {-2002, 2398, -898}, 0, {193, -3507}, {0, 0, 0, 255} }},
	{{ {-2042, 2398, -973}, 0, {53, -3507}, {86, 86, 86, 255} }},
	{{ {-2712, 2398, 658}, 0, {1024, -2247}, {0, 0, 0, 255} }},
	{{ {-3196, 2398, 834}, 0, {1666, -2247}, {0, 0, 0, 255} }},
	{{ {-2744, 2398, 727}, 0, {1114, -2247}, {0, 0, 0, 255} }},
	{{ {-3222, 2398, 898}, 0, {1748, -2247}, {4, 4, 4, 255} }},
	{{ {-3222, 2398, 898}, 0, {1748, -2247}, {4, 4, 4, 255} }},
	{{ {-3270, 2398, 898}, 0, {1804, -2247}, {0, 0, 0, 255} }},
	{{ {-3302, 2398, 828}, 0, {1895, -2247}, {0, 0, 0, 255} }},
	{{ {-4377, 1084, 685}, 0, {3191, 189}, {160, 160, 160, 255} }},
	{{ {-3919, -25, 685}, 0, {2647, 2246}, {168, 168, 168, 255} }},
	{{ {-4377, 0, 685}, 0, {3191, 2199}, {153, 153, 153, 255} }},
	{{ {-3919, 1933, 685}, 0, {2647, -1384}, {188, 188, 188, 255} }},
	{{ {-4377, 1933, 685}, 0, {3191, -1384}, {164, 164, 164, 255} }},
	{{ {-4973, 1084, 685}, 0, {3899, 189}, {128, 128, 128, 255} }},
	{{ {-4973, 1933, 685}, 0, {3899, -1384}, {93, 93, 93, 255} }},
	{{ {-4973, 2398, 685}, 0, {3899, -2247}, {1, 1, 1, 255} }},
	{{ {-4377, 2398, 685}, 0, {3191, -2247}, {1, 1, 1, 255} }},
	{{ {-4377, 2398, 685}, 0, {3191, -2247}, {1, 1, 1, 255} }},
	{{ {-3919, 2398, 685}, 0, {2647, -2247}, {0, 0, 0, 255} }},
	{{ {-3302, -648, 828}, 0, {1895, 3400}, {0, 0, 0, 255} }},
	{{ {-3919, -648, 685}, 0, {2647, 3400}, {1, 1, 1, 255} }},
	{{ {-3302, -25, 828}, 0, {1895, 2246}, {192, 192, 192, 255} }},
	{{ {-3302, 1933, 828}, 0, {1895, -1384}, {192, 192, 192, 255} }},
	{{ {-3919, 2398, 685}, 0, {2647, -2247}, {0, 0, 0, 255} }},
	{{ {-3270, 1933, 898}, 0, {1804, -1384}, {138, 138, 138, 255} }},
	{{ {-3270, 2398, 898}, 0, {1804, -2247}, {0, 0, 0, 255} }},
	{{ {-3270, -25, 898}, 0, {1804, 2246}, {138, 138, 138, 255} }},
	{{ {-3222, 1933, 898}, 0, {1748, -1384}, {137, 137, 137, 255} }},
	{{ {-3222, 2398, 898}, 0, {1748, -2247}, {4, 4, 4, 255} }},
	{{ {-3222, -25, 898}, 0, {1748, 2246}, {137, 137, 137, 255} }},
	{{ {-3196, 1933, 834}, 0, {1666, -1384}, {184, 184, 184, 255} }},
	{{ {-3196, 2398, 834}, 0, {1666, -2247}, {0, 0, 0, 255} }},
	{{ {-3196, -25, 834}, 0, {1666, 2246}, {184, 184, 184, 255} }},
	{{ {-2744, 1933, 727}, 0, {1114, -1384}, {170, 170, 170, 255} }},
	{{ {-3196, 2398, 834}, 0, {1666, -2247}, {0, 0, 0, 255} }},
	{{ {-2744, 2398, 727}, 0, {1114, -2247}, {0, 0, 0, 255} }},
	{{ {-2744, -25, 727}, 0, {1114, 2246}, {170, 170, 170, 255} }},
	{{ {-2744, -25, 727}, 0, {1114, 2246}, {170, 170, 170, 255} }},
	{{ {-2744, 1933, 727}, 0, {1114, -1384}, {170, 170, 170, 255} }},
	{{ {-2712, 1933, 658}, 0, {1024, -1384}, {206, 206, 206, 255} }},
	{{ {-2744, 2398, 727}, 0, {1114, -2247}, {0, 0, 0, 255} }},
	{{ {-2712, 2398, 658}, 0, {1024, -2247}, {0, 0, 0, 255} }},
	{{ {-2712, -25, 658}, 0, {1024, 2246}, {206, 206, 206, 255} }},
	{{ {-2643, 1933, 658}, 0, {942, -1384}, {206, 206, 206, 255} }},
	{{ {-2712, 2398, 658}, 0, {1024, -2247}, {0, 0, 0, 255} }},
	{{ {-2643, 2398, 658}, 0, {942, -2247}, {0, 0, 0, 255} }},
	{{ {-2002, 2398, -898}, 0, {193, -3507}, {0, 0, 0, 255} }},
	{{ {-1333, 2398, -867}, 0, {1296, -3507}, {0, 0, 0, 255} }},
	{{ {-1973, 2398, 797}, 0, {79, -2247}, {0, 0, 0, 255} }},
	{{ {-1867, 2398, 839}, 0, {-83, -2247}, {0, 0, 0, 255} }},
	{{ {-1819, 2398, 775}, 0, {-177, -2247}, {4, 4, 4, 255} }},
	{{ {-1367, 2398, 674}, 0, {-727, -2247}, {0, 0, 0, 255} }},
	{{ {973, 2398, 685}, 0, {1924, -707}, {0, 0, 0, 255} }},
	{{ {-726, 2398, -685}, 0, {2516, -3507}, {0, 0, 0, 255} }},
	{{ {-1147, 2398, -818}, 0, {1788, -3507}, {0, 0, 0, 255} }},
	{{ {-1152, 2398, -898}, 0, {1657, -3507}, {0, 0, 0, 255} }},
	{{ {-1240, 2398, -942}, 0, {1494, -3507}, {14, 14, 14, 255} }},
	{{ {973, 2398, -685}, 0, {5316, -3507}, {0, 0, 0, 255} }},
	{{ {-2611, 2398, 738}, 0, {840, -2247}, {0, 0, 0, 255} }},
	{{ {-1957, 2398, 839}, 0, {25, -2247}, {0, 0, 0, 255} }},
	{{ {-802, 2398, 685}, 0, {-1399, -2247}, {19, 19, 19, 255} }},
	{{ {-4055, -25, 253}, 0, {-209, -1241}, {176, 176, 176, 255} }},
	{{ {-3919, -25, 685}, 0, {-1257, -1241}, {168, 168, 168, 255} }},
	{{ {-3919, -648, 685}, 0, {-1257, 1007}, {1, 1, 1, 255} }},
	{{ {-4055, -648, 253}, 0, {-209, 1007}, {0, 0, 0, 255} }},
	{{ {-3854, -25, -247}, 0, {1039, -1241}, {203, 203, 203, 255} }},
	{{ {-3854, -648, -247}, 0, {1039, 1007}, {2, 2, 2, 255} }},
	{{ {-3994, -25, -685}, 0, {2103, -1241}, {161, 161, 161, 255} }},
	{{ {-3994, -648, -685}, 0, {2103, 1007}, {3, 3, 3, 255} }},
	{{ {-3302, -25, 828}, 0, {1895, 2246}, {192, 192, 192, 255} }},
	{{ {-3270, -648, 898}, 0, {1804, 3400}, {0, 0, 0, 255} }},
	{{ {-3302, -648, 828}, 0, {1895, 3400}, {0, 0, 0, 255} }},
	{{ {-3270, -25, 898}, 0, {1804, 2246}, {138, 138, 138, 255} }},
	{{ {-3222, -648, 898}, 0, {1748, 3400}, {0, 0, 0, 255} }},
	{{ {-3222, -25, 898}, 0, {1748, 2246}, {137, 137, 137, 255} }},
	{{ {-3196, -648, 834}, 0, {1666, 3400}, {4, 4, 4, 255} }},
	{{ {-3196, -25, 834}, 0, {1666, 2246}, {184, 184, 184, 255} }},
	{{ {-2744, -648, 727}, 0, {1114, 3400}, {0, 0, 0, 255} }},
	{{ {-2744, -25, 727}, 0, {1114, 2246}, {170, 170, 170, 255} }},
	{{ {-2712, -648, 658}, 0, {1024, 3400}, {0, 0, 0, 255} }},
	{{ {-2712, -25, 658}, 0, {1024, 2246}, {206, 206, 206, 255} }},
	{{ {-2643, -648, 658}, 0, {942, 3400}, {0, 0, 0, 255} }},
	{{ {-2643, -25, 658}, 0, {942, 2246}, {206, 206, 206, 255} }},
	{{ {-2643, 1933, 658}, 0, {942, -1384}, {206, 206, 206, 255} }},
	{{ {-2611, 1933, 738}, 0, {840, -1384}, {166, 166, 166, 255} }},
	{{ {-2643, 2398, 658}, 0, {942, -2247}, {0, 0, 0, 255} }},
	{{ {-2611, 2398, 738}, 0, {840, -2247}, {0, 0, 0, 255} }},
	{{ {-2611, -25, 738}, 0, {840, 2246}, {166, 166, 166, 255} }},
	{{ {-1973, 1933, 797}, 0, {79, -1384}, {186, 186, 186, 255} }},
	{{ {-2611, 2398, 738}, 0, {840, -2247}, {0, 0, 0, 255} }},
	{{ {-1973, 2398, 797}, 0, {79, -2247}, {0, 0, 0, 255} }},
	{{ {-1973, -25, 797}, 0, {79, 2246}, {186, 186, 186, 255} }},
	{{ {-1957, 1933, 839}, 0, {25, -1384}, {140, 140, 140, 255} }},
	{{ {-1973, 2398, 797}, 0, {79, -2247}, {0, 0, 0, 255} }},
	{{ {-1957, 2398, 839}, 0, {25, -2247}, {0, 0, 0, 255} }},
	{{ {-1957, -25, 839}, 0, {25, 2246}, {140, 140, 140, 255} }},
	{{ {-1867, 1933, 839}, 0, {-83, -1384}, {142, 142, 142, 255} }},
	{{ {-1957, 2398, 839}, 0, {25, -2247}, {0, 0, 0, 255} }},
	{{ {-1867, 2398, 839}, 0, {-83, -2247}, {0, 0, 0, 255} }},
	{{ {-1867, -25, 839}, 0, {-83, 2246}, {142, 142, 142, 255} }},
	{{ {-1819, 1933, 775}, 0, {-177, -1384}, {189, 189, 189, 255} }},
	{{ {-1819, 1933, 775}, 0, {-177, -1384}, {189, 189, 189, 255} }},
	{{ {-1867, 1933, 839}, 0, {-83, -1384}, {142, 142, 142, 255} }},
	{{ {-1867, 2398, 839}, 0, {-83, -2247}, {0, 0, 0, 255} }},
	{{ {-1819, 2398, 775}, 0, {-177, -2247}, {4, 4, 4, 255} }},
	{{ {-1867, -25, 839}, 0, {-83, 2246}, {142, 142, 142, 255} }},
	{{ {-1819, -25, 775}, 0, {-177, 2246}, {189, 189, 189, 255} }},
	{{ {-1367, 1933, 674}, 0, {-727, -1384}, {188, 188, 188, 255} }},
	{{ {-1819, 2398, 775}, 0, {-177, -2247}, {4, 4, 4, 255} }},
	{{ {-1367, 2398, 674}, 0, {-727, -2247}, {0, 0, 0, 255} }},
	{{ {-1367, -25, 674}, 0, {-727, 2246}, {191, 191, 191, 255} }},
	{{ {-802, 1933, 685}, 0, {-1399, -1384}, {170, 170, 170, 255} }},
	{{ {-1367, 2398, 674}, 0, {-727, -2247}, {0, 0, 0, 255} }},
	{{ {-802, 2398, 685}, 0, {-1399, -2247}, {19, 19, 19, 255} }},
	{{ {-802, -25, 685}, 0, {-1399, 2246}, {163, 163, 163, 255} }},
	{{ {377, 0, 685}, 0, {-2799, 2199}, {154, 154, 154, 255} }},
	{{ {377, 1084, 685}, 0, {-2799, 189}, {150, 150, 150, 255} }},
	{{ {973, 1084, 685}, 0, {-3508, 189}, {128, 128, 128, 255} }},
	{{ {973, 1933, 685}, 0, {-3508, -1384}, {92, 92, 92, 255} }},
	{{ {-802, 2398, 685}, 0, {-1399, -2247}, {19, 19, 19, 255} }},
	{{ {973, 2398, 685}, 0, {-3508, -2247}, {0, 0, 0, 255} }},
	{{ {-802, -648, 685}, 0, {-1399, 3400}, {29, 29, 29, 255} }},
	{{ {-1367, -648, 674}, 0, {-727, 3400}, {0, 0, 0, 255} }},
	{{ {-1819, -648, 775}, 0, {-177, 3400}, {0, 0, 0, 255} }},
	{{ {-1867, -648, 839}, 0, {-83, 3400}, {0, 0, 0, 255} }},
	{{ {-1957, -25, 839}, 0, {25, 2246}, {140, 140, 140, 255} }},
	{{ {-1957, -648, 839}, 0, {25, 3400}, {6, 6, 6, 255} }},
	{{ {-1973, -25, 797}, 0, {79, 2246}, {186, 186, 186, 255} }},
	{{ {-1973, -648, 797}, 0, {79, 3400}, {0, 0, 0, 255} }},
	{{ {-2611, -25, 738}, 0, {840, 2246}, {166, 166, 166, 255} }},
	{{ {-2611, -648, 738}, 0, {840, 3400}, {1, 1, 1, 255} }},
	{{ {-2643, -25, 658}, 0, {942, 2246}, {206, 206, 206, 255} }},
	{{ {-2643, -648, 658}, 0, {942, 3400}, {0, 0, 0, 255} }},
	{{ {-802, -25, 685}, 0, {2066, 1009}, {163, 163, 163, 255} }},
	{{ {-927, -648, 106}, 0, {695, 3257}, {0, 0, 0, 255} }},
	{{ {-802, -648, 685}, 0, {2066, 3257}, {29, 29, 29, 255} }},
	{{ {-927, -25, 106}, 0, {695, 1009}, {204, 204, 204, 255} }},
	{{ {-706, -648, -333}, 0, {-441, 3257}, {0, 0, 0, 255} }},
	{{ {-706, -25, -333}, 0, {-441, 1009}, {179, 179, 179, 255} }},
	{{ {-726, -648, -685}, 0, {-1257, 3257}, {0, 0, 0, 255} }},
	{{ {-726, -25, -685}, 0, {-1257, 1009}, {164, 164, 164, 255} }},
	{{ {-706, -648, -333}, 0, {273, 775}, {0, 0, 0, 255} }},
	{{ {-726, -648, -685}, 0, {273, 209}, {0, 0, 0, 255} }},
	{{ {-1147, -648, -818}, 0, {273, 209}, {6, 6, 6, 255} }},
	{{ {-927, -648, 106}, 0, {273, 1241}, {0, 0, 0, 255} }},
	{{ {-1333, -648, -867}, 0, {273, 209}, {0, 0, 0, 255} }},
	{{ {-1240, -648, -942}, 0, {273, 209}, {7, 7, 7, 255} }},
	{{ {-1152, -648, -898}, 0, {273, 209}, {0, 0, 0, 255} }},
	{{ {-2002, -648, -898}, 0, {273, 209}, {0, 0, 0, 255} }},
	{{ {-2144, -648, -915}, 0, {273, 209}, {0, 0, 0, 255} }},
	{{ {-2042, -648, -973}, 0, {273, 209}, {0, 0, 0, 255} }},
	{{ {-2760, -648, -924}, 0, {273, 209}, {2, 2, 2, 255} }},
	{{ {-2888, -648, -960}, 0, {273, 209}, {0, 0, 0, 255} }},
	{{ {-2808, -648, -968}, 0, {273, 209}, {0, 0, 0, 255} }},
	{{ {-3061, -648, -862}, 0, {273, 209}, {0, 0, 0, 255} }},
	{{ {-2712, -648, 658}, 0, {719, 1807}, {0, 0, 0, 255} }},
	{{ {-3854, -648, -247}, 0, {273, 775}, {2, 2, 2, 255} }},
	{{ {-3994, -648, -685}, 0, {273, 209}, {3, 3, 3, 255} }},
	{{ {-3535, -648, -853}, 0, {273, 209}, {0, 0, 0, 255} }},
	{{ {-3196, -648, 834}, 0, {719, 1807}, {4, 4, 4, 255} }},
	{{ {-2744, -648, 727}, 0, {719, 1807}, {0, 0, 0, 255} }},
	{{ {-3302, -648, 828}, 0, {719, 1807}, {0, 0, 0, 255} }},
	{{ {-3919, -648, 685}, 0, {273, 1807}, {1, 1, 1, 255} }},
	{{ {-4055, -648, 253}, 0, {273, 1241}, {0, 0, 0, 255} }},
	{{ {-3222, -648, 898}, 0, {719, 1807}, {0, 0, 0, 255} }},
	{{ {-3302, -648, 828}, 0, {719, 1807}, {0, 0, 0, 255} }},
	{{ {-3270, -648, 898}, 0, {719, 1807}, {0, 0, 0, 255} }},
	{{ {-3222, -648, 898}, 0, {719, 1807}, {0, 0, 0, 255} }},
	{{ {-1367, -648, 674}, 0, {719, 1807}, {0, 0, 0, 255} }},
	{{ {-802, -648, 685}, 0, {719, 1807}, {29, 29, 29, 255} }},
	{{ {-927, -648, 106}, 0, {273, 1241}, {0, 0, 0, 255} }},
	{{ {-1819, -648, 775}, 0, {719, 1807}, {0, 0, 0, 255} }},
	{{ {-1957, -648, 839}, 0, {719, 1807}, {6, 6, 6, 255} }},
	{{ {-1973, -648, 797}, 0, {719, 1807}, {0, 0, 0, 255} }},
	{{ {-2643, -648, 658}, 0, {719, 1807}, {0, 0, 0, 255} }},
	{{ {-2712, -648, 658}, 0, {719, 1807}, {0, 0, 0, 255} }},
	{{ {-2611, -648, 738}, 0, {719, 1807}, {1, 1, 1, 255} }},
	{{ {-1867, -648, 839}, 0, {719, 1807}, {0, 0, 0, 255} }},
	{{ {-4973, 1933, -685}, 0, {-4923, -2309}, {123, 123, 123, 255} }},
	{{ {-4452, 1933, -685}, 0, {-4064, -2309}, {162, 162, 162, 255} }},
	{{ {-4452, 2398, -685}, 0, {-4064, -3507}, {11, 11, 11, 255} }},
	{{ {-4973, 2398, -685}, 0, {-4923, -3507}, {0, 0, 0, 255} }},
	{{ {-4973, 2398, 685}, 0, {3899, -2247}, {1, 1, 1, 255} }},
	{{ {-3994, 2398, -685}, 0, {-3309, -3507}, {8, 8, 8, 255} }},
	{{ {-4377, 2398, 685}, 0, {3191, -2247}, {1, 1, 1, 255} }},
	{{ {-3994, 1933, -685}, 0, {-3309, -2309}, {182, 182, 182, 255} }},
	{{ {-4452, 2398, -685}, 0, {-4064, -3507}, {11, 11, 11, 255} }},
	{{ {-578, 76, 205}, 0, {-1418, 3945}, {218, 218, 218, 255} }},
	{{ {93, 950, 205}, 0, {1709, -2698}, {242, 242, 242, 255} }},
	{{ {-156, 475, 205}, 0, {547, 910}, {201, 201, 201, 255} }},
	{{ {-356, 266, 205}, 0, {-384, 2502}, {201, 201, 201, 255} }},
	{{ {-156, 266, 205}, 0, {547, 2502}, {199, 199, 199, 255} }},
	{{ {-356, 141, 205}, 0, {-384, 3453}, {188, 188, 188, 255} }},
	{{ {244, 950, 205}, 0, {2410, -2698}, {251, 251, 251, 255} }},
	{{ {244, 721, 205}, 0, {2410, -959}, {227, 227, 227, 255} }},
	{{ {44, 721, 205}, 0, {1479, -959}, {217, 217, 217, 255} }},
	{{ {-156, 475, 205}, 0, {547, 910}, {201, 201, 201, 255} }},
	{{ {44, 721, 205}, 0, {1479, -959}, {217, 217, 217, 255} }},
	{{ {44, 475, 205}, 0, {1479, 910}, {210, 210, 210, 255} }},
	{{ {-156, 475, 205}, 0, {547, 910}, {201, 201, 201, 255} }},
	{{ {-356, 141, 205}, 0, {-384, 3453}, {188, 188, 188, 255} }},
	{{ {-356, -25, 205}, 0, {-384, 4714}, {148, 148, 148, 255} }},
	{{ {-578, -25, 205}, 0, {-1418, 4714}, {181, 181, 181, 255} }},
	{{ {-578, 76, 205}, 0, {-1418, 3945}, {218, 218, 218, 255} }},
	{{ {-4253, -1995, 978}, 0, {368, 2032}, {0, 0, 0, 255} }},
	{{ {-4253, -648, -1054}, 0, {624, 1520}, {0, 0, 0, 255} }},
	{{ {-4253, -648, 978}, 0, {624, 2032}, {0, 0, 0, 255} }},
	{{ {-4253, -1995, -1054}, 0, {368, 1520}, {0, 0, 0, 255} }},
	{{ {-508, -648, -1054}, 0, {624, 1008}, {0, 0, 0, 255} }},
	{{ {-508, -1995, -1054}, 0, {368, 1008}, {0, 0, 0, 255} }},
	{{ {-508, -648, 978}, 0, {624, 496}, {0, 0, 0, 255} }},
	{{ {-508, -1995, 978}, 0, {368, 496}, {0, 0, 0, 255} }},
	{{ {-4253, -1995, -1054}, 0, {112, 1008}, {0, 0, 0, 255} }},
	{{ {-4253, -1995, 978}, 0, {112, 496}, {0, 0, 0, 255} }},
	{{ {-4253, -648, 978}, 0, {624, -16}, {0, 0, 0, 255} }},
	{{ {-4253, -1995, 978}, 0, {368, -16}, {0, 0, 0, 255} }},
};

Gfx rcavejump_rcavejump_mesh_layer_1_tri_0[] = {
	gsSPVertex(rcavejump_rcavejump_mesh_layer_1_vtx_0 + 0, 32, 0),
	gsSP2Triangles(0, 1, 2, 0, 3, 4, 5, 0),
	gsSP2Triangles(6, 7, 8, 0, 9, 10, 11, 0),
	gsSP2Triangles(12, 13, 14, 0, 12, 15, 13, 0),
	gsSP2Triangles(15, 16, 13, 0, 15, 17, 16, 0),
	gsSP2Triangles(17, 18, 16, 0, 17, 19, 18, 0),
	gsSP2Triangles(20, 21, 22, 0, 20, 22, 23, 0),
	gsSP2Triangles(24, 25, 26, 0, 24, 26, 27, 0),
	gsSP2Triangles(28, 29, 30, 0, 28, 30, 31, 0),
	gsSPVertex(rcavejump_rcavejump_mesh_layer_1_vtx_0 + 32, 32, 0),
	gsSP2Triangles(0, 1, 2, 0, 0, 2, 3, 0),
	gsSP2Triangles(4, 5, 6, 0, 4, 6, 7, 0),
	gsSP2Triangles(8, 9, 10, 0, 8, 10, 11, 0),
	gsSP2Triangles(12, 13, 14, 0, 12, 14, 15, 0),
	gsSP2Triangles(16, 17, 18, 0, 16, 18, 19, 0),
	gsSP2Triangles(20, 16, 19, 0, 20, 19, 21, 0),
	gsSP2Triangles(22, 23, 24, 0, 24, 25, 22, 0),
	gsSP2Triangles(25, 26, 22, 0, 27, 28, 29, 0),
	gsSP2Triangles(27, 29, 30, 0, 29, 31, 30, 0),
	gsSPVertex(rcavejump_rcavejump_mesh_layer_1_vtx_0 + 64, 32, 0),
	gsSP2Triangles(0, 1, 2, 0, 1, 3, 2, 0),
	gsSP2Triangles(4, 0, 5, 0, 4, 5, 6, 0),
	gsSP2Triangles(4, 6, 7, 0, 4, 7, 8, 0),
	gsSP2Triangles(7, 9, 8, 0, 8, 10, 4, 0),
	gsSP2Triangles(10, 11, 4, 0, 12, 13, 14, 0),
	gsSP2Triangles(12, 14, 15, 0, 16, 17, 18, 0),
	gsSP2Triangles(16, 18, 19, 0, 20, 21, 22, 0),
	gsSP2Triangles(20, 22, 23, 0, 24, 25, 26, 0),
	gsSP2Triangles(24, 26, 27, 0, 28, 29, 30, 0),
	gsSP1Triangle(28, 30, 31, 0),
	gsSPVertex(rcavejump_rcavejump_mesh_layer_1_vtx_0 + 96, 32, 0),
	gsSP2Triangles(0, 1, 2, 0, 0, 2, 3, 0),
	gsSP2Triangles(4, 5, 6, 0, 4, 6, 7, 0),
	gsSP2Triangles(8, 9, 10, 0, 8, 10, 11, 0),
	gsSP2Triangles(12, 13, 14, 0, 12, 14, 15, 0),
	gsSP2Triangles(16, 17, 18, 0, 16, 18, 19, 0),
	gsSP2Triangles(20, 21, 22, 0, 20, 22, 23, 0),
	gsSP2Triangles(24, 25, 26, 0, 25, 27, 26, 0),
	gsSP2Triangles(27, 28, 26, 0, 26, 28, 29, 0),
	gsSP2Triangles(26, 29, 30, 0, 26, 30, 31, 0),
	gsSPVertex(rcavejump_rcavejump_mesh_layer_1_vtx_0 + 128, 32, 0),
	gsSP2Triangles(0, 1, 2, 0, 3, 0, 2, 0),
	gsSP2Triangles(4, 3, 2, 0, 4, 2, 5, 0),
	gsSP2Triangles(5, 2, 6, 0, 5, 6, 7, 0),
	gsSP2Triangles(8, 9, 10, 0, 9, 11, 10, 0),
	gsSP2Triangles(9, 12, 11, 0, 12, 13, 11, 0),
	gsSP2Triangles(12, 14, 13, 0, 14, 15, 13, 0),
	gsSP2Triangles(14, 16, 15, 0, 16, 17, 15, 0),
	gsSP2Triangles(18, 19, 20, 0, 18, 20, 21, 0),
	gsSP2Triangles(22, 21, 20, 0, 22, 20, 23, 0),
	gsSP2Triangles(21, 22, 24, 0, 21, 24, 25, 0),
	gsSP2Triangles(26, 27, 28, 0, 26, 28, 29, 0),
	gsSP2Triangles(29, 28, 30, 0, 30, 28, 31, 0),
	gsSPVertex(rcavejump_rcavejump_mesh_layer_1_vtx_0 + 160, 32, 0),
	gsSP2Triangles(0, 1, 2, 0, 3, 0, 2, 0),
	gsSP2Triangles(3, 2, 4, 0, 3, 4, 5, 0),
	gsSP2Triangles(6, 3, 5, 0, 6, 5, 7, 0),
	gsSP2Triangles(8, 6, 7, 0, 8, 7, 9, 0),
	gsSP2Triangles(10, 8, 9, 0, 10, 9, 11, 0),
	gsSP2Triangles(12, 10, 11, 0, 12, 11, 13, 0),
	gsSP2Triangles(14, 12, 13, 0, 14, 13, 15, 0),
	gsSP2Triangles(16, 14, 15, 0, 16, 15, 17, 0),
	gsSP2Triangles(18, 16, 17, 0, 18, 17, 19, 0),
	gsSP2Triangles(20, 18, 19, 0, 20, 19, 21, 0),
	gsSP2Triangles(22, 20, 21, 0, 22, 21, 23, 0),
	gsSP2Triangles(24, 22, 23, 0, 24, 23, 25, 0),
	gsSP2Triangles(26, 24, 25, 0, 26, 25, 27, 0),
	gsSP2Triangles(28, 26, 27, 0, 28, 27, 29, 0),
	gsSP2Triangles(28, 30, 26, 0, 28, 31, 30, 0),
	gsSPVertex(rcavejump_rcavejump_mesh_layer_1_vtx_0 + 192, 32, 0),
	gsSP2Triangles(0, 1, 2, 0, 0, 2, 3, 0),
	gsSP2Triangles(4, 0, 5, 0, 5, 0, 6, 0),
	gsSP2Triangles(5, 6, 7, 0, 4, 5, 8, 0),
	gsSP2Triangles(8, 5, 9, 0, 9, 5, 10, 0),
	gsSP2Triangles(9, 10, 11, 0, 8, 9, 12, 0),
	gsSP2Triangles(12, 9, 13, 0, 13, 9, 14, 0),
	gsSP2Triangles(13, 14, 15, 0, 12, 13, 16, 0),
	gsSP2Triangles(16, 13, 17, 0, 17, 13, 18, 0),
	gsSP2Triangles(17, 18, 19, 0, 16, 17, 20, 0),
	gsSP2Triangles(20, 17, 21, 0, 21, 17, 22, 0),
	gsSP2Triangles(21, 22, 23, 0, 20, 21, 24, 0),
	gsSP2Triangles(24, 21, 25, 0, 25, 21, 26, 0),
	gsSP2Triangles(25, 26, 27, 0, 24, 25, 28, 0),
	gsSP2Triangles(28, 25, 29, 0, 29, 25, 30, 0),
	gsSP1Triangle(29, 30, 31, 0),
	gsSPVertex(rcavejump_rcavejump_mesh_layer_1_vtx_0 + 224, 32, 0),
	gsSP2Triangles(0, 1, 2, 0, 2, 1, 3, 0),
	gsSP2Triangles(3, 1, 4, 0, 3, 4, 5, 0),
	gsSP2Triangles(2, 3, 6, 0, 6, 3, 7, 0),
	gsSP2Triangles(7, 3, 8, 0, 7, 8, 9, 0),
	gsSP2Triangles(6, 7, 10, 0, 10, 7, 11, 0),
	gsSP2Triangles(11, 7, 12, 0, 11, 12, 13, 0),
	gsSP2Triangles(10, 11, 14, 0, 14, 11, 15, 0),
	gsSP2Triangles(15, 11, 16, 0, 15, 16, 17, 0),
	gsSP2Triangles(14, 15, 18, 0, 18, 15, 19, 0),
	gsSP2Triangles(19, 15, 20, 0, 19, 20, 21, 0),
	gsSP2Triangles(21, 20, 16, 0, 22, 21, 16, 0),
	gsSP2Triangles(23, 22, 16, 0, 24, 23, 16, 0),
	gsSP2Triangles(24, 16, 25, 0, 16, 4, 25, 0),
	gsSP2Triangles(16, 8, 4, 0, 16, 12, 8, 0),
	gsSP2Triangles(24, 25, 26, 0, 25, 27, 26, 0),
	gsSP2Triangles(28, 24, 26, 0, 28, 29, 24, 0),
	gsSP2Triangles(28, 30, 29, 0, 29, 31, 24, 0),
	gsSPVertex(rcavejump_rcavejump_mesh_layer_1_vtx_0 + 256, 32, 0),
	gsSP2Triangles(0, 1, 2, 0, 3, 4, 5, 0),
	gsSP2Triangles(3, 6, 4, 0, 3, 7, 6, 0),
	gsSP2Triangles(8, 7, 3, 0, 8, 9, 7, 0),
	gsSP2Triangles(7, 9, 10, 0, 7, 10, 11, 0),
	gsSP2Triangles(6, 7, 12, 0, 6, 12, 13, 0),
	gsSP2Triangles(4, 14, 15, 0, 4, 16, 14, 0),
	gsSP2Triangles(4, 17, 16, 0, 4, 6, 17, 0),
	gsSP2Triangles(17, 6, 18, 0, 17, 18, 2, 0),
	gsSP2Triangles(19, 17, 2, 0, 19, 2, 20, 0),
	gsSP2Triangles(16, 17, 19, 0, 16, 19, 21, 0),
	gsSP2Triangles(21, 19, 22, 0, 22, 19, 1, 0),
	gsSP2Triangles(22, 1, 23, 0, 21, 22, 24, 0),
	gsSP2Triangles(24, 22, 25, 0, 25, 22, 0, 0),
	gsSP2Triangles(25, 0, 26, 0, 24, 25, 27, 0),
	gsSP2Triangles(27, 25, 28, 0, 28, 25, 29, 0),
	gsSP2Triangles(28, 29, 30, 0, 27, 28, 31, 0),
	gsSPVertex(rcavejump_rcavejump_mesh_layer_1_vtx_0 + 288, 32, 0),
	gsSP2Triangles(0, 1, 2, 0, 2, 1, 3, 0),
	gsSP2Triangles(2, 3, 4, 0, 0, 2, 5, 0),
	gsSP2Triangles(5, 2, 6, 0, 6, 2, 7, 0),
	gsSP2Triangles(6, 7, 8, 0, 8, 7, 9, 0),
	gsSP2Triangles(8, 9, 10, 0, 11, 8, 10, 0),
	gsSP2Triangles(12, 11, 10, 0, 13, 12, 10, 0),
	gsSP2Triangles(14, 13, 10, 0, 10, 15, 14, 0),
	gsSP2Triangles(10, 16, 15, 0, 10, 17, 16, 0),
	gsSP2Triangles(10, 18, 17, 0, 10, 19, 18, 0),
	gsSP2Triangles(16, 20, 15, 0, 11, 21, 8, 0),
	gsSP2Triangles(12, 22, 11, 0, 15, 23, 14, 0),
	gsSP2Triangles(24, 25, 26, 0, 24, 26, 27, 0),
	gsSP2Triangles(28, 24, 27, 0, 28, 27, 29, 0),
	gsSP2Triangles(30, 28, 29, 0, 30, 29, 31, 0),
	gsSPVertex(rcavejump_rcavejump_mesh_layer_1_vtx_0 + 320, 32, 0),
	gsSP2Triangles(0, 1, 2, 0, 0, 3, 1, 0),
	gsSP2Triangles(3, 4, 1, 0, 3, 5, 4, 0),
	gsSP2Triangles(5, 6, 4, 0, 5, 7, 6, 0),
	gsSP2Triangles(7, 8, 6, 0, 7, 9, 8, 0),
	gsSP2Triangles(9, 10, 8, 0, 9, 11, 10, 0),
	gsSP2Triangles(11, 12, 10, 0, 11, 13, 12, 0),
	gsSP2Triangles(11, 14, 13, 0, 13, 14, 15, 0),
	gsSP2Triangles(15, 14, 16, 0, 15, 16, 17, 0),
	gsSP2Triangles(13, 15, 18, 0, 18, 15, 19, 0),
	gsSP2Triangles(19, 15, 20, 0, 19, 20, 21, 0),
	gsSP2Triangles(18, 19, 22, 0, 22, 19, 23, 0),
	gsSP2Triangles(23, 19, 24, 0, 23, 24, 25, 0),
	gsSP2Triangles(22, 23, 26, 0, 26, 23, 27, 0),
	gsSP2Triangles(27, 23, 28, 0, 27, 28, 29, 0),
	gsSP2Triangles(26, 27, 30, 0, 30, 27, 31, 0),
	gsSPVertex(rcavejump_rcavejump_mesh_layer_1_vtx_0 + 352, 32, 0),
	gsSP2Triangles(0, 1, 2, 0, 0, 2, 3, 0),
	gsSP2Triangles(4, 0, 5, 0, 5, 0, 6, 0),
	gsSP2Triangles(6, 0, 7, 0, 6, 7, 8, 0),
	gsSP2Triangles(5, 6, 9, 0, 9, 6, 10, 0),
	gsSP2Triangles(10, 6, 11, 0, 10, 11, 12, 0),
	gsSP2Triangles(9, 10, 13, 0, 14, 13, 10, 0),
	gsSP2Triangles(14, 10, 15, 0, 16, 15, 10, 0),
	gsSP2Triangles(16, 10, 17, 0, 17, 10, 18, 0),
	gsSP2Triangles(17, 18, 19, 0, 9, 13, 20, 0),
	gsSP2Triangles(9, 20, 21, 0, 5, 9, 21, 0),
	gsSP2Triangles(5, 21, 22, 0, 4, 5, 22, 0),
	gsSP2Triangles(4, 22, 23, 0, 24, 4, 23, 0),
	gsSP2Triangles(24, 23, 25, 0, 26, 24, 25, 0),
	gsSP2Triangles(26, 25, 27, 0, 28, 26, 27, 0),
	gsSP2Triangles(28, 27, 29, 0, 30, 28, 29, 0),
	gsSP1Triangle(30, 29, 31, 0),
	gsSPVertex(rcavejump_rcavejump_mesh_layer_1_vtx_0 + 384, 32, 0),
	gsSP2Triangles(0, 1, 2, 0, 0, 3, 1, 0),
	gsSP2Triangles(3, 4, 1, 0, 3, 5, 4, 0),
	gsSP2Triangles(5, 6, 4, 0, 5, 7, 6, 0),
	gsSP2Triangles(8, 9, 10, 0, 11, 8, 10, 0),
	gsSP2Triangles(11, 10, 12, 0, 10, 13, 12, 0),
	gsSP2Triangles(10, 14, 13, 0, 11, 12, 15, 0),
	gsSP2Triangles(11, 15, 16, 0, 15, 17, 16, 0),
	gsSP2Triangles(11, 16, 18, 0, 11, 18, 19, 0),
	gsSP2Triangles(18, 20, 19, 0, 11, 19, 21, 0),
	gsSP2Triangles(22, 11, 21, 0, 22, 21, 23, 0),
	gsSP2Triangles(21, 24, 23, 0, 21, 25, 24, 0),
	gsSP2Triangles(26, 22, 23, 0, 26, 27, 22, 0),
	gsSP2Triangles(23, 28, 26, 0, 23, 29, 28, 0),
	gsSP2Triangles(23, 30, 29, 0, 28, 31, 26, 0),
	gsSPVertex(rcavejump_rcavejump_mesh_layer_1_vtx_0 + 416, 32, 0),
	gsSP2Triangles(0, 1, 2, 0, 3, 4, 5, 0),
	gsSP2Triangles(6, 3, 5, 0, 7, 6, 5, 0),
	gsSP2Triangles(8, 7, 5, 0, 9, 8, 5, 0),
	gsSP2Triangles(10, 9, 5, 0, 9, 11, 8, 0),
	gsSP2Triangles(7, 12, 6, 0, 13, 14, 15, 0),
	gsSP2Triangles(13, 15, 16, 0, 17, 16, 15, 0),
	gsSP2Triangles(17, 15, 18, 0, 19, 17, 18, 0),
	gsSP2Triangles(14, 20, 18, 0, 14, 18, 21, 0),
	gsSP2Triangles(22, 23, 24, 0, 24, 25, 22, 0),
	gsSP2Triangles(24, 26, 25, 0, 25, 27, 22, 0),
	gsSP2Triangles(28, 29, 30, 0, 23, 28, 30, 0),
	gsSP1Triangle(30, 31, 23, 0),
	gsSPVertex(rcavejump_rcavejump_mesh_layer_1_vtx_0 + 448, 19, 0),
	gsSP2Triangles(0, 1, 2, 0, 3, 4, 5, 0),
	gsSP2Triangles(3, 5, 6, 0, 7, 8, 9, 0),
	gsSP2Triangles(7, 10, 8, 0, 10, 11, 8, 0),
	gsSP2Triangles(10, 12, 11, 0, 12, 13, 11, 0),
	gsSP2Triangles(12, 14, 13, 0, 15, 14, 12, 0),
	gsSP2Triangles(15, 16, 14, 0, 14, 17, 13, 0),
	gsSP1Triangle(14, 18, 17, 0),
	gsSPEndDisplayList(),
};

Vtx rcavejump_rcavejump_mesh_layer_1_vtx_1[40] = {
	{{ {973, 0, 200}, 0, {22305, 2038}, {128, 128, 128, 255} }},
	{{ {377, 0, 685}, 0, {17983, 5553}, {154, 154, 154, 255} }},
	{{ {973, 0, 685}, 0, {22305, 5553}, {72, 72, 72, 255} }},
	{{ {663, 0, 200}, 0, {20054, 2038}, {172, 172, 172, 255} }},
	{{ {464, 0, 321}, 0, {18617, 2915}, {186, 186, 186, 255} }},
	{{ {377, 0, -321}, 0, {17983, -1738}, {191, 191, 191, 255} }},
	{{ {663, 0, -200}, 0, {20054, -861}, {177, 177, 177, 255} }},
	{{ {452, 0, -685}, 0, {18529, -4375}, {151, 151, 151, 255} }},
	{{ {973, 0, -685}, 0, {22305, -4375}, {75, 75, 75, 255} }},
	{{ {973, 0, -200}, 0, {22305, -861}, {128, 128, 128, 255} }},
	{{ {-4973, 0, 200}, 0, {-20793, 2038}, {128, 128, 128, 255} }},
	{{ {-4973, 0, 685}, 0, {-20793, 5553}, {72, 72, 72, 255} }},
	{{ {-4377, 0, 685}, 0, {-16471, 5553}, {153, 153, 153, 255} }},
	{{ {-4663, 0, 200}, 0, {-18541, 2038}, {172, 172, 172, 255} }},
	{{ {-4464, 0, 321}, 0, {-17104, 2915}, {184, 184, 184, 255} }},
	{{ {-4377, 0, -321}, 0, {-16471, -1738}, {188, 188, 188, 255} }},
	{{ {-4663, 0, -200}, 0, {-18541, -861}, {177, 177, 177, 255} }},
	{{ {-4452, 0, -685}, 0, {-17016, -4375}, {154, 154, 154, 255} }},
	{{ {-4973, 0, -685}, 0, {-20793, -4375}, {75, 75, 75, 255} }},
	{{ {-4973, 0, -200}, 0, {-20793, -861}, {128, 128, 128, 255} }},
	{{ {192, -30, -459}, 0, {514, 476}, {255, 255, 255, 255} }},
	{{ {192, -18, -459}, 0, {514, 476}, {255, 255, 255, 255} }},
	{{ {230, -18, -516}, 0, {514, 1}, {255, 255, 255, 255} }},
	{{ {249, -30, -421}, 0, {988, 476}, {255, 255, 255, 255} }},
	{{ {230, -30, -516}, 0, {514, 1}, {255, 255, 255, 255} }},
	{{ {287, -18, -479}, 0, {988, 1}, {255, 255, 255, 255} }},
	{{ {249, -18, -421}, 0, {988, 476}, {255, 255, 255, 255} }},
	{{ {287, -30, -479}, 0, {988, 1}, {255, 255, 255, 255} }},
	{{ {66, -21, -350}, 0, {514, 984}, {255, 255, 255, 255} }},
	{{ {67, -9, -352}, 0, {514, 984}, {255, 255, 255, 255} }},
	{{ {101, -22, -410}, 0, {514, 509}, {255, 255, 255, 255} }},
	{{ {126, -19, -316}, 0, {988, 984}, {255, 255, 255, 255} }},
	{{ {100, -33, -408}, 0, {514, 509}, {255, 255, 255, 255} }},
	{{ {126, -19, -316}, 0, {988, 984}, {255, 255, 255, 255} }},
	{{ {66, -21, -350}, 0, {514, 984}, {255, 255, 255, 255} }},
	{{ {101, -22, -410}, 0, {514, 509}, {255, 255, 255, 255} }},
	{{ {161, -20, -376}, 0, {988, 509}, {255, 255, 255, 255} }},
	{{ {67, -9, -352}, 0, {514, 984}, {255, 255, 255, 255} }},
	{{ {126, -7, -318}, 0, {988, 984}, {255, 255, 255, 255} }},
	{{ {160, -32, -374}, 0, {988, 509}, {255, 255, 255, 255} }},
};

Gfx rcavejump_rcavejump_mesh_layer_1_tri_1[] = {
	gsSPVertex(rcavejump_rcavejump_mesh_layer_1_vtx_1 + 0, 32, 0),
	gsSP2Triangles(0, 1, 2, 0, 0, 3, 1, 0),
	gsSP2Triangles(1, 3, 4, 0, 3, 5, 4, 0),
	gsSP2Triangles(3, 6, 5, 0, 6, 7, 5, 0),
	gsSP2Triangles(6, 8, 7, 0, 6, 9, 8, 0),
	gsSP2Triangles(10, 11, 12, 0, 10, 12, 13, 0),
	gsSP2Triangles(12, 14, 13, 0, 13, 14, 15, 0),
	gsSP2Triangles(13, 15, 16, 0, 16, 15, 17, 0),
	gsSP2Triangles(16, 17, 18, 0, 16, 18, 19, 0),
	gsSP2Triangles(20, 21, 22, 0, 23, 21, 20, 0),
	gsSP2Triangles(24, 23, 20, 0, 20, 22, 24, 0),
	gsSP2Triangles(24, 22, 25, 0, 25, 22, 21, 0),
	gsSP2Triangles(25, 21, 26, 0, 23, 26, 21, 0),
	gsSP2Triangles(27, 26, 23, 0, 24, 27, 23, 0),
	gsSP2Triangles(24, 25, 27, 0, 27, 25, 26, 0),
	gsSP2Triangles(28, 29, 30, 0, 31, 29, 28, 0),
	gsSPVertex(rcavejump_rcavejump_mesh_layer_1_vtx_1 + 32, 8, 0),
	gsSP2Triangles(0, 1, 2, 0, 2, 3, 0, 0),
	gsSP2Triangles(0, 3, 4, 0, 4, 3, 5, 0),
	gsSP2Triangles(4, 5, 6, 0, 1, 6, 5, 0),
	gsSP2Triangles(7, 6, 1, 0, 0, 7, 1, 0),
	gsSP2Triangles(0, 4, 7, 0, 7, 4, 6, 0),
	gsSPEndDisplayList(),
};

Vtx rcavejump_rcavejump_mesh_layer_1_vtx_2[36] = {
	{{ {973, 0, 200}, 0, {253, 2543}, {128, 128, 128, 255} }},
	{{ {973, 0, 685}, 0, {-1577, 2543}, {72, 72, 72, 255} }},
	{{ {973, 1084, 685}, 0, {-1577, -1551}, {128, 128, 128, 255} }},
	{{ {973, 560, 200}, 0, {253, 429}, {154, 154, 154, 255} }},
	{{ {973, 1084, 200}, 0, {253, -1551}, {150, 150, 150, 255} }},
	{{ {973, 560, -200}, 0, {1763, 429}, {156, 156, 156, 255} }},
	{{ {973, 1084, -200}, 0, {1763, -1551}, {152, 152, 152, 255} }},
	{{ {973, 1084, -685}, 0, {3593, -1551}, {134, 134, 134, 255} }},
	{{ {973, 0, -685}, 0, {3593, 2543}, {75, 75, 75, 255} }},
	{{ {973, 0, -200}, 0, {1763, 2543}, {128, 128, 128, 255} }},
	{{ {-4973, 0, -200}, 0, {1763, 2543}, {128, 128, 128, 255} }},
	{{ {-4973, 0, -685}, 0, {3593, 2543}, {75, 75, 75, 255} }},
	{{ {-4973, 1084, -685}, 0, {3593, -1551}, {134, 134, 134, 255} }},
	{{ {-4973, 560, -200}, 0, {1763, 429}, {156, 156, 156, 255} }},
	{{ {-4973, 1084, -200}, 0, {1763, -1551}, {152, 152, 152, 255} }},
	{{ {-4973, 560, 200}, 0, {253, 429}, {154, 154, 154, 255} }},
	{{ {-4973, 1084, 200}, 0, {253, -1551}, {150, 150, 150, 255} }},
	{{ {-4973, 1084, 685}, 0, {-1577, -1551}, {128, 128, 128, 255} }},
	{{ {-4973, 0, 685}, 0, {-1577, 2543}, {72, 72, 72, 255} }},
	{{ {-4973, 0, 200}, 0, {253, 2543}, {128, 128, 128, 255} }},
	{{ {-4973, 0, 685}, 0, {-10215, 2543}, {72, 72, 72, 255} }},
	{{ {-4973, 1084, 685}, 0, {-10215, -1551}, {128, 128, 128, 255} }},
	{{ {-4377, 1084, 685}, 0, {-7964, -1551}, {160, 160, 160, 255} }},
	{{ {-4377, 0, 685}, 0, {-7964, 2543}, {153, 153, 153, 255} }},
	{{ {-4973, 1084, -685}, 0, {-10215, -1551}, {134, 134, 134, 255} }},
	{{ {-4973, 0, -685}, 0, {-10215, 2543}, {75, 75, 75, 255} }},
	{{ {-4452, 0, -685}, 0, {-8249, 2543}, {154, 154, 154, 255} }},
	{{ {-4452, 1084, -685}, 0, {-8249, -1551}, {162, 162, 162, 255} }},
	{{ {973, 1084, -685}, 0, {12231, -1551}, {134, 134, 134, 255} }},
	{{ {452, 1084, -685}, 0, {10265, -1551}, {156, 156, 156, 255} }},
	{{ {452, 0, -685}, 0, {10265, 2543}, {151, 151, 151, 255} }},
	{{ {973, 0, -685}, 0, {12231, 2543}, {75, 75, 75, 255} }},
	{{ {973, 0, 685}, 0, {12231, 2543}, {72, 72, 72, 255} }},
	{{ {377, 0, 685}, 0, {9980, 2543}, {154, 154, 154, 255} }},
	{{ {377, 1084, 685}, 0, {9980, -1551}, {150, 150, 150, 255} }},
	{{ {973, 1084, 685}, 0, {12231, -1551}, {128, 128, 128, 255} }},
};

Gfx rcavejump_rcavejump_mesh_layer_1_tri_2[] = {
	gsSPVertex(rcavejump_rcavejump_mesh_layer_1_vtx_2 + 0, 32, 0),
	gsSP2Triangles(0, 1, 2, 0, 0, 2, 3, 0),
	gsSP2Triangles(3, 2, 4, 0, 5, 3, 4, 0),
	gsSP2Triangles(5, 4, 6, 0, 7, 5, 6, 0),
	gsSP2Triangles(8, 5, 7, 0, 8, 9, 5, 0),
	gsSP2Triangles(10, 11, 12, 0, 10, 12, 13, 0),
	gsSP2Triangles(13, 12, 14, 0, 14, 15, 13, 0),
	gsSP2Triangles(14, 16, 15, 0, 17, 15, 16, 0),
	gsSP2Triangles(18, 15, 17, 0, 18, 19, 15, 0),
	gsSP2Triangles(20, 21, 22, 0, 20, 22, 23, 0),
	gsSP2Triangles(24, 25, 26, 0, 24, 26, 27, 0),
	gsSP2Triangles(28, 29, 30, 0, 28, 30, 31, 0),
	gsSPVertex(rcavejump_rcavejump_mesh_layer_1_vtx_2 + 32, 4, 0),
	gsSP2Triangles(0, 1, 2, 0, 0, 2, 3, 0),
	gsSPEndDisplayList(),
};

Vtx rcavejump_rcavejump_mesh_layer_1_vtx_3[8] = {
	{{ {663, 0, 200}, 0, {20054, 2038}, {172, 172, 172, 255} }},
	{{ {973, 0, 200}, 0, {22305, 2038}, {128, 128, 128, 255} }},
	{{ {973, 0, -200}, 0, {22305, -861}, {128, 128, 128, 255} }},
	{{ {663, 0, -200}, 0, {20054, -861}, {177, 177, 177, 255} }},
	{{ {-4663, 0, 200}, 0, {-18541, 2038}, {172, 172, 172, 255} }},
	{{ {-4663, 0, -200}, 0, {-18541, -861}, {177, 177, 177, 255} }},
	{{ {-4973, 0, -200}, 0, {-20793, -861}, {128, 128, 128, 255} }},
	{{ {-4973, 0, 200}, 0, {-20793, 2038}, {128, 128, 128, 255} }},
};

Gfx rcavejump_rcavejump_mesh_layer_1_tri_3[] = {
	gsSPVertex(rcavejump_rcavejump_mesh_layer_1_vtx_3 + 0, 8, 0),
	gsSP2Triangles(0, 1, 2, 0, 0, 2, 3, 0),
	gsSP2Triangles(4, 5, 6, 0, 4, 6, 7, 0),
	gsSPEndDisplayList(),
};

Vtx rcavejump_rcavejump_mesh_layer_1_vtx_4[39] = {
	{{ {-239, -25, 50}, 0, {102, 659}, {170, 170, 170, 255} }},
	{{ {95, -25, 50}, 0, {102, 137}, {179, 179, 179, 255} }},
	{{ {-726, -25, -685}, 0, {-1047, 1421}, {164, 164, 164, 255} }},
	{{ {192, -25, 50}, 0, {102, -15}, {70, 70, 70, 255} }},
	{{ {95, -25, 50}, 0, {102, 137}, {74, 74, 74, 255} }},
	{{ {244, -25, 205}, 0, {344, -95}, {74, 74, 74, 255} }},
	{{ {377, -25, -321}, 0, {-478, -304}, {152, 152, 152, 255} }},
	{{ {192, -25, 50}, 0, {102, -15}, {171, 171, 171, 255} }},
	{{ {244, -25, 205}, 0, {344, -95}, {107, 107, 107, 255} }},
	{{ {244, -25, 542}, 0, {871, -95}, {112, 112, 112, 255} }},
	{{ {464, -25, 321}, 0, {526, -440}, {152, 152, 152, 255} }},
	{{ {377, -25, 685}, 0, {1095, -304}, {125, 125, 125, 255} }},
	{{ {-802, -25, 685}, 0, {1095, 1539}, {163, 163, 163, 255} }},
	{{ {-167, -25, 542}, 0, {871, 547}, {117, 117, 117, 255} }},
	{{ {-578, -25, 542}, 0, {871, 1190}, {194, 194, 194, 255} }},
	{{ {-927, -25, 106}, 0, {189, 1734}, {204, 204, 204, 255} }},
	{{ {-706, -25, -333}, 0, {-497, 1390}, {179, 179, 179, 255} }},
	{{ {-578, -25, 205}, 0, {344, 1190}, {181, 181, 181, 255} }},
	{{ {-333, -25, 50}, 0, {102, 807}, {161, 161, 161, 255} }},
	{{ {-356, -25, 205}, 0, {344, 843}, {148, 148, 148, 255} }},
	{{ {-239, -25, 50}, 0, {102, 659}, {170, 170, 170, 255} }},
	{{ {192, -25, 50}, 0, {102, -15}, {171, 171, 171, 255} }},
	{{ {452, -25, -685}, 0, {-1047, -421}, {117, 117, 117, 255} }},
	{{ {95, -25, 50}, 0, {102, 137}, {179, 179, 179, 255} }},
	{{ {-167, -25, 205}, 0, {344, 547}, {57, 57, 57, 255} }},
	{{ {-333, -25, 50}, 0, {102, 807}, {65, 65, 65, 255} }},
	{{ {-356, -25, 205}, 0, {344, 843}, {59, 59, 59, 255} }},
	{{ {-239, -25, 50}, 0, {102, 659}, {69, 69, 69, 255} }},
	{{ {95, -25, 50}, 0, {102, 137}, {74, 74, 74, 255} }},
	{{ {-4464, -25, 321}, 0, {2039, 153}, {155, 155, 155, 255} }},
	{{ {-4377, -25, 685}, 0, {1895, -414}, {116, 116, 116, 255} }},
	{{ {-3919, -25, 685}, 0, {1179, -406}, {168, 168, 168, 255} }},
	{{ {-4464, -25, 321}, 0, {2039, 153}, {155, 155, 155, 255} }},
	{{ {-3919, -25, 685}, 0, {1179, -406}, {168, 168, 168, 255} }},
	{{ {-4055, -25, 253}, 0, {1401, 266}, {176, 176, 176, 255} }},
	{{ {-4377, -25, -321}, 0, {1914, 1158}, {165, 165, 165, 255} }},
	{{ {-3854, -25, -247}, 0, {1096, 1053}, {203, 203, 203, 255} }},
	{{ {-4452, -25, -685}, 0, {2039, 1726}, {119, 119, 119, 255} }},
	{{ {-3994, -25, -685}, 0, {1323, 1734}, {161, 161, 161, 255} }},
};

Gfx rcavejump_rcavejump_mesh_layer_1_tri_4[] = {
	gsSPVertex(rcavejump_rcavejump_mesh_layer_1_vtx_4 + 0, 32, 0),
	gsSP2Triangles(0, 1, 2, 0, 3, 4, 5, 0),
	gsSP2Triangles(6, 7, 8, 0, 6, 8, 9, 0),
	gsSP2Triangles(9, 10, 6, 0, 11, 10, 9, 0),
	gsSP2Triangles(11, 9, 12, 0, 12, 9, 13, 0),
	gsSP2Triangles(12, 13, 14, 0, 12, 14, 15, 0),
	gsSP2Triangles(14, 16, 15, 0, 14, 17, 16, 0),
	gsSP2Triangles(17, 2, 16, 0, 18, 2, 17, 0),
	gsSP2Triangles(17, 19, 18, 0, 18, 20, 2, 0),
	gsSP2Triangles(21, 6, 22, 0, 22, 23, 21, 0),
	gsSP2Triangles(22, 2, 23, 0, 24, 25, 26, 0),
	gsSP2Triangles(24, 27, 25, 0, 5, 27, 24, 0),
	gsSP2Triangles(5, 28, 27, 0, 29, 30, 31, 0),
	gsSPVertex(rcavejump_rcavejump_mesh_layer_1_vtx_4 + 32, 7, 0),
	gsSP2Triangles(0, 1, 2, 0, 3, 0, 2, 0),
	gsSP2Triangles(3, 2, 4, 0, 5, 3, 4, 0),
	gsSP1Triangle(5, 4, 6, 0),
	gsSPEndDisplayList(),
};

Vtx rcavejump_rcavejump_mesh_layer_1_vtx_5[100] = {
	{{ {-3235, -648, -642}, 0, {1008, 3943}, {0, 0, 0, 255} }},
	{{ {-3235, -25, -542}, 0, {1008, -1927}, {80, 94, 116, 255} }},
	{{ {-3149, -648, -592}, 0, {1825, 3943}, {20, 20, 20, 255} }},
	{{ {-3149, -648, -592}, 0, {1479, 3943}, {20, 20, 20, 255} }},
	{{ {-3149, -648, -492}, 0, {537, 3943}, {0, 0, 0, 255} }},
	{{ {-3149, -648, -492}, 0, {1825, 3943}, {0, 0, 0, 255} }},
	{{ {-3235, -648, -442}, 0, {1008, 3943}, {1, 1, 1, 255} }},
	{{ {-3235, -648, -442}, 0, {1008, 3943}, {1, 1, 1, 255} }},
	{{ {-3235, -25, -542}, 0, {1008, -1927}, {80, 94, 116, 255} }},
	{{ {-3322, -648, -492}, 0, {191, 3943}, {0, 0, 0, 255} }},
	{{ {-3322, -648, -492}, 0, {537, 3943}, {0, 0, 0, 255} }},
	{{ {-3322, -648, -592}, 0, {1479, 3943}, {0, 0, 0, 255} }},
	{{ {-3322, -648, -592}, 0, {191, 3943}, {0, 0, 0, 255} }},
	{{ {-3235, -648, -642}, 0, {1008, 3943}, {0, 0, 0, 255} }},
	{{ {-2356, -648, -289}, 0, {1008, 3943}, {0, 0, 0, 255} }},
	{{ {-2356, -25, -189}, 0, {1008, -1927}, {80, 94, 116, 255} }},
	{{ {-2269, -648, -239}, 0, {1825, 3943}, {20, 20, 20, 255} }},
	{{ {-2269, -648, -239}, 0, {1479, 3943}, {20, 20, 20, 255} }},
	{{ {-2269, -648, -139}, 0, {537, 3943}, {0, 0, 0, 255} }},
	{{ {-2269, -648, -139}, 0, {1825, 3943}, {0, 0, 0, 255} }},
	{{ {-2356, -648, -89}, 0, {1008, 3943}, {1, 1, 1, 255} }},
	{{ {-2356, -648, -89}, 0, {1008, 3943}, {1, 1, 1, 255} }},
	{{ {-2356, -25, -189}, 0, {1008, -1927}, {80, 94, 116, 255} }},
	{{ {-2442, -648, -139}, 0, {191, 3943}, {0, 0, 0, 255} }},
	{{ {-2442, -648, -139}, 0, {537, 3943}, {0, 0, 0, 255} }},
	{{ {-2442, -648, -239}, 0, {1479, 3943}, {0, 0, 0, 255} }},
	{{ {-2442, -648, -239}, 0, {191, 3943}, {0, 0, 0, 255} }},
	{{ {-2356, -648, -289}, 0, {1008, 3943}, {0, 0, 0, 255} }},
	{{ {-2997, -648, 328}, 0, {1008, 3943}, {0, 0, 0, 255} }},
	{{ {-2997, -25, 428}, 0, {1008, -1927}, {80, 94, 116, 255} }},
	{{ {-2910, -648, 378}, 0, {1825, 3943}, {20, 20, 20, 255} }},
	{{ {-2910, -648, 378}, 0, {1479, 3943}, {20, 20, 20, 255} }},
	{{ {-2997, -25, 428}, 0, {1008, -1927}, {80, 94, 116, 255} }},
	{{ {-2910, -648, 478}, 0, {537, 3943}, {0, 0, 0, 255} }},
	{{ {-2910, -648, 478}, 0, {1825, 3943}, {0, 0, 0, 255} }},
	{{ {-2997, -648, 528}, 0, {1008, 3943}, {1, 1, 1, 255} }},
	{{ {-2997, -648, 528}, 0, {1008, 3943}, {1, 1, 1, 255} }},
	{{ {-2997, -25, 428}, 0, {1008, -1927}, {80, 94, 116, 255} }},
	{{ {-3084, -648, 478}, 0, {191, 3943}, {0, 0, 0, 255} }},
	{{ {-3084, -648, 478}, 0, {537, 3943}, {0, 0, 0, 255} }},
	{{ {-3084, -648, 378}, 0, {1479, 3943}, {0, 0, 0, 255} }},
	{{ {-3084, -648, 378}, 0, {191, 3943}, {0, 0, 0, 255} }},
	{{ {-2997, -648, 328}, 0, {1008, 3943}, {0, 0, 0, 255} }},
	{{ {-1953, -648, 213}, 0, {1008, 3943}, {0, 0, 0, 255} }},
	{{ {-1953, -25, 313}, 0, {1008, -1927}, {80, 94, 116, 255} }},
	{{ {-1866, -648, 263}, 0, {1825, 3943}, {20, 20, 20, 255} }},
	{{ {-1866, -648, 263}, 0, {1479, 3943}, {20, 20, 20, 255} }},
	{{ {-1866, -648, 363}, 0, {537, 3943}, {0, 0, 0, 255} }},
	{{ {-1866, -648, 363}, 0, {1825, 3943}, {0, 0, 0, 255} }},
	{{ {-1953, -648, 413}, 0, {1008, 3943}, {1, 1, 1, 255} }},
	{{ {-1953, -648, 413}, 0, {1008, 3943}, {1, 1, 1, 255} }},
	{{ {-1953, -25, 313}, 0, {1008, -1927}, {80, 94, 116, 255} }},
	{{ {-2039, -648, 363}, 0, {191, 3943}, {0, 0, 0, 255} }},
	{{ {-2039, -648, 363}, 0, {537, 3943}, {0, 0, 0, 255} }},
	{{ {-2039, -648, 263}, 0, {1479, 3943}, {0, 0, 0, 255} }},
	{{ {-2039, -648, 263}, 0, {191, 3943}, {0, 0, 0, 255} }},
	{{ {-1953, -648, 213}, 0, {1008, 3943}, {0, 0, 0, 255} }},
	{{ {-1229, -648, -190}, 0, {1008, 3943}, {0, 0, 0, 255} }},
	{{ {-1229, -25, -90}, 0, {1008, -1927}, {80, 94, 116, 255} }},
	{{ {-1143, -648, -140}, 0, {1825, 3943}, {20, 20, 20, 255} }},
	{{ {-1143, -648, -140}, 0, {1479, 3943}, {20, 20, 20, 255} }},
	{{ {-1143, -648, -40}, 0, {537, 3943}, {0, 0, 0, 255} }},
	{{ {-1143, -648, -40}, 0, {1825, 3943}, {0, 0, 0, 255} }},
	{{ {-1229, -25, -90}, 0, {1008, -1927}, {80, 94, 116, 255} }},
	{{ {-1229, -648, 10}, 0, {1008, 3943}, {1, 1, 1, 255} }},
	{{ {-1229, -648, 10}, 0, {1008, 3943}, {1, 1, 1, 255} }},
	{{ {-1229, -25, -90}, 0, {1008, -1927}, {80, 94, 116, 255} }},
	{{ {-1316, -648, -40}, 0, {191, 3943}, {0, 0, 0, 255} }},
	{{ {-1316, -648, -40}, 0, {537, 3943}, {0, 0, 0, 255} }},
	{{ {-1316, -648, -140}, 0, {1479, 3943}, {0, 0, 0, 255} }},
	{{ {-1316, -648, -140}, 0, {191, 3943}, {0, 0, 0, 255} }},
	{{ {-1229, -648, -190}, 0, {1008, 3943}, {0, 0, 0, 255} }},
	{{ {-1698, -648, -683}, 0, {1008, 3943}, {0, 0, 0, 255} }},
	{{ {-1698, -25, -583}, 0, {1008, -1927}, {80, 94, 116, 255} }},
	{{ {-1611, -648, -633}, 0, {1825, 3943}, {20, 20, 20, 255} }},
	{{ {-1611, -648, -633}, 0, {1479, 3943}, {20, 20, 20, 255} }},
	{{ {-1611, -648, -533}, 0, {537, 3943}, {0, 0, 0, 255} }},
	{{ {-1611, -648, -533}, 0, {1825, 3943}, {0, 0, 0, 255} }},
	{{ {-1698, -648, -483}, 0, {1008, 3943}, {1, 1, 1, 255} }},
	{{ {-1698, -648, -483}, 0, {1008, 3943}, {1, 1, 1, 255} }},
	{{ {-1698, -25, -583}, 0, {1008, -1927}, {80, 94, 116, 255} }},
	{{ {-1785, -648, -533}, 0, {191, 3943}, {0, 0, 0, 255} }},
	{{ {-1785, -648, -533}, 0, {537, 3943}, {0, 0, 0, 255} }},
	{{ {-1785, -648, -633}, 0, {1479, 3943}, {0, 0, 0, 255} }},
	{{ {-1785, -648, -633}, 0, {191, 3943}, {0, 0, 0, 255} }},
	{{ {-1698, -648, -683}, 0, {1008, 3943}, {0, 0, 0, 255} }},
	{{ {-1566, -648, 451}, 0, {1008, 3943}, {0, 0, 0, 255} }},
	{{ {-1566, -25, 551}, 0, {1008, -1927}, {80, 94, 116, 255} }},
	{{ {-1480, -648, 501}, 0, {1825, 3943}, {20, 20, 20, 255} }},
	{{ {-1480, -648, 501}, 0, {1479, 3943}, {20, 20, 20, 255} }},
	{{ {-1480, -648, 601}, 0, {537, 3943}, {0, 0, 0, 255} }},
	{{ {-1480, -648, 601}, 0, {1825, 3943}, {0, 0, 0, 255} }},
	{{ {-1566, -648, 651}, 0, {1008, 3943}, {1, 1, 1, 255} }},
	{{ {-1566, -648, 651}, 0, {1008, 3943}, {1, 1, 1, 255} }},
	{{ {-1566, -25, 551}, 0, {1008, -1927}, {80, 94, 116, 255} }},
	{{ {-1653, -648, 601}, 0, {191, 3943}, {0, 0, 0, 255} }},
	{{ {-1653, -648, 601}, 0, {537, 3943}, {0, 0, 0, 255} }},
	{{ {-1653, -648, 501}, 0, {1479, 3943}, {0, 0, 0, 255} }},
	{{ {-1653, -648, 501}, 0, {191, 3943}, {0, 0, 0, 255} }},
	{{ {-1566, -648, 451}, 0, {1008, 3943}, {0, 0, 0, 255} }},
};

Gfx rcavejump_rcavejump_mesh_layer_1_tri_5[] = {
	gsSPVertex(rcavejump_rcavejump_mesh_layer_1_vtx_5 + 0, 31, 0),
	gsSP2Triangles(0, 1, 2, 0, 3, 1, 4, 0),
	gsSP2Triangles(5, 1, 6, 0, 7, 8, 9, 0),
	gsSP2Triangles(10, 8, 11, 0, 12, 8, 13, 0),
	gsSP2Triangles(14, 15, 16, 0, 17, 15, 18, 0),
	gsSP2Triangles(19, 15, 20, 0, 21, 22, 23, 0),
	gsSP2Triangles(24, 22, 25, 0, 26, 22, 27, 0),
	gsSP1Triangle(28, 29, 30, 0),
	gsSPVertex(rcavejump_rcavejump_mesh_layer_1_vtx_5 + 31, 31, 0),
	gsSP2Triangles(0, 1, 2, 0, 3, 1, 4, 0),
	gsSP2Triangles(5, 6, 7, 0, 8, 6, 9, 0),
	gsSP2Triangles(10, 6, 11, 0, 12, 13, 14, 0),
	gsSP2Triangles(15, 13, 16, 0, 17, 13, 18, 0),
	gsSP2Triangles(19, 20, 21, 0, 22, 20, 23, 0),
	gsSP2Triangles(24, 20, 25, 0, 26, 27, 28, 0),
	gsSP1Triangle(29, 27, 30, 0),
	gsSPVertex(rcavejump_rcavejump_mesh_layer_1_vtx_5 + 62, 31, 0),
	gsSP2Triangles(0, 1, 2, 0, 3, 4, 5, 0),
	gsSP2Triangles(6, 4, 7, 0, 8, 4, 9, 0),
	gsSP2Triangles(10, 11, 12, 0, 13, 11, 14, 0),
	gsSP2Triangles(15, 11, 16, 0, 17, 18, 19, 0),
	gsSP2Triangles(20, 18, 21, 0, 22, 18, 23, 0),
	gsSP2Triangles(24, 25, 26, 0, 27, 25, 28, 0),
	gsSP1Triangle(29, 25, 30, 0),
	gsSPVertex(rcavejump_rcavejump_mesh_layer_1_vtx_5 + 93, 7, 0),
	gsSP2Triangles(0, 1, 2, 0, 3, 1, 4, 0),
	gsSP1Triangle(5, 1, 6, 0),
	gsSPEndDisplayList(),
};

Vtx rcavejump_rcavejump_mesh_layer_1_vtx_6[96] = {
	{{ {-1470, 92, 741}, 0, {1946, 406}, {96, 237, 176, 255} }},
	{{ {-1532, 160, 651}, 0, {1056, 1296}, {96, 237, 176, 255} }},
	{{ {-1455, 232, 726}, 0, {1946, 2186}, {96, 237, 176, 255} }},
	{{ {-1455, 232, 726}, 0, {1946, 2186}, {11, 86, 163, 255} }},
	{{ {-1532, 160, 651}, 0, {1056, 1296}, {11, 86, 163, 255} }},
	{{ {-1595, 247, 724}, 0, {166, 2186}, {11, 86, 163, 255} }},
	{{ {-1595, 247, 724}, 0, {166, 2186}, {161, 1, 172, 255} }},
	{{ {-1532, 160, 651}, 0, {1056, 1296}, {161, 1, 172, 255} }},
	{{ {-1610, 107, 739}, 0, {166, 406}, {161, 1, 172, 255} }},
	{{ {-1610, 107, 739}, 0, {166, 406}, {246, 152, 184, 255} }},
	{{ {-1532, 160, 651}, 0, {1056, 1296}, {246, 152, 184, 255} }},
	{{ {-1470, 92, 741}, 0, {1946, 406}, {246, 152, 184, 255} }},
	{{ {-1612, 226, 755}, 0, {1946, 406}, {62, 187, 169, 255} }},
	{{ {-1622, 292, 696}, 0, {1056, 1296}, {62, 187, 169, 255} }},
	{{ {-1547, 298, 744}, 0, {1946, 2186}, {62, 187, 169, 255} }},
	{{ {-1547, 298, 744}, 0, {1946, 2186}, {55, 67, 163, 255} }},
	{{ {-1622, 292, 696}, 0, {1056, 1296}, {55, 67, 163, 255} }},
	{{ {-1619, 363, 749}, 0, {166, 2186}, {55, 67, 163, 255} }},
	{{ {-1619, 363, 749}, 0, {166, 2186}, {176, 61, 178, 255} }},
	{{ {-1622, 292, 696}, 0, {1056, 1296}, {176, 61, 178, 255} }},
	{{ {-1684, 291, 760}, 0, {166, 406}, {176, 61, 178, 255} }},
	{{ {-1684, 291, 760}, 0, {166, 406}, {183, 181, 184, 255} }},
	{{ {-1622, 292, 696}, 0, {1056, 1296}, {183, 181, 184, 255} }},
	{{ {-1612, 226, 755}, 0, {1946, 406}, {183, 181, 184, 255} }},
	{{ {-1535, 66, -880}, 0, {1946, 406}, {213, 175, 88, 255} }},
	{{ {-1537, 162, -793}, 0, {1056, 1296}, {213, 175, 88, 255} }},
	{{ {-1647, 149, -859}, 0, {1946, 2186}, {213, 175, 88, 255} }},
	{{ {-1647, 149, -859}, 0, {1946, 2186}, {193, 54, 96, 255} }},
	{{ {-1537, 162, -793}, 0, {1056, 1296}, {193, 54, 96, 255} }},
	{{ {-1565, 263, -868}, 0, {166, 2186}, {193, 54, 96, 255} }},
	{{ {-1565, 263, -868}, 0, {166, 2186}, {70, 75, 75, 255} }},
	{{ {-1537, 162, -793}, 0, {1056, 1296}, {70, 75, 75, 255} }},
	{{ {-1452, 180, -890}, 0, {166, 406}, {70, 75, 75, 255} }},
	{{ {-1452, 180, -890}, 0, {166, 406}, {90, 197, 67, 255} }},
	{{ {-1537, 162, -793}, 0, {1056, 1296}, {90, 197, 67, 255} }},
	{{ {-1535, 66, -880}, 0, {1946, 406}, {90, 197, 67, 255} }},
	{{ {-1541, 261, -902}, 0, {1946, 406}, {17, 168, 90, 255} }},
	{{ {-1579, 315, -841}, 0, {1056, 1296}, {17, 168, 90, 255} }},
	{{ {-1637, 261, -883}, 0, {1946, 2186}, {17, 168, 90, 255} }},
	{{ {-1637, 261, -883}, 0, {1946, 2186}, {178, 8, 100, 255} }},
	{{ {-1579, 315, -841}, 0, {1056, 1296}, {178, 8, 100, 255} }},
	{{ {-1638, 358, -892}, 0, {166, 2186}, {178, 8, 100, 255} }},
	{{ {-1638, 358, -892}, 0, {166, 2186}, {15, 103, 72, 255} }},
	{{ {-1579, 315, -841}, 0, {1056, 1296}, {15, 103, 72, 255} }},
	{{ {-1542, 358, -911}, 0, {166, 406}, {15, 103, 72, 255} }},
	{{ {-1542, 358, -911}, 0, {166, 406}, {111, 7, 62, 255} }},
	{{ {-1579, 315, -841}, 0, {1056, 1296}, {111, 7, 62, 255} }},
	{{ {-1541, 261, -902}, 0, {1946, 406}, {111, 7, 62, 255} }},
	{{ {-1407, 173, -896}, 0, {1946, 406}, {17, 168, 90, 255} }},
	{{ {-1445, 227, -835}, 0, {1056, 1296}, {17, 168, 90, 255} }},
	{{ {-1503, 174, -877}, 0, {1946, 2186}, {17, 168, 90, 255} }},
	{{ {-1503, 174, -877}, 0, {1946, 2186}, {178, 8, 100, 255} }},
	{{ {-1445, 227, -835}, 0, {1056, 1296}, {178, 8, 100, 255} }},
	{{ {-1504, 271, -885}, 0, {166, 2186}, {178, 8, 100, 255} }},
	{{ {-1504, 271, -885}, 0, {166, 2186}, {15, 103, 72, 255} }},
	{{ {-1445, 227, -835}, 0, {1056, 1296}, {15, 103, 72, 255} }},
	{{ {-1408, 270, -904}, 0, {166, 406}, {15, 103, 72, 255} }},
	{{ {-1408, 270, -904}, 0, {166, 406}, {111, 7, 62, 255} }},
	{{ {-1445, 227, -835}, 0, {1056, 1296}, {111, 7, 62, 255} }},
	{{ {-1407, 173, -896}, 0, {1946, 406}, {111, 7, 62, 255} }},
	{{ {-3159, 206, -889}, 0, {1946, 406}, {90, 224, 83, 255} }},
	{{ {-3230, 180, -823}, 0, {1056, 1296}, {90, 224, 83, 255} }},
	{{ {-3218, 80, -874}, 0, {1946, 2186}, {90, 224, 83, 255} }},
	{{ {-3218, 80, -874}, 0, {1946, 2186}, {241, 197, 112, 255} }},
	{{ {-3230, 180, -823}, 0, {1056, 1296}, {241, 197, 112, 255} }},
	{{ {-3342, 143, -857}, 0, {166, 2186}, {241, 197, 112, 255} }},
	{{ {-3342, 143, -857}, 0, {166, 2186}, {210, 36, 113, 255} }},
	{{ {-3230, 180, -823}, 0, {1056, 1296}, {210, 36, 113, 255} }},
	{{ {-3282, 269, -872}, 0, {166, 406}, {210, 36, 113, 255} }},
	{{ {-3282, 269, -872}, 0, {166, 406}, {52, 79, 85, 255} }},
	{{ {-3230, 180, -823}, 0, {1056, 1296}, {52, 79, 85, 255} }},
	{{ {-3159, 206, -889}, 0, {1946, 406}, {52, 79, 85, 255} }},
	{{ {-3350, 170, -876}, 0, {1946, 406}, {87, 19, 91, 255} }},
	{{ {-3382, 118, -834}, 0, {1056, 1296}, {87, 19, 91, 255} }},
	{{ {-3333, 74, -872}, 0, {1946, 2186}, {87, 19, 91, 255} }},
	{{ {-3333, 74, -872}, 0, {1946, 2186}, {21, 189, 106, 255} }},
	{{ {-3382, 118, -834}, 0, {1056, 1296}, {21, 189, 106, 255} }},
	{{ {-3428, 58, -864}, 0, {166, 2186}, {21, 189, 106, 255} }},
	{{ {-3428, 58, -864}, 0, {166, 2186}, {194, 249, 110, 255} }},
	{{ {-3382, 118, -834}, 0, {1056, 1296}, {194, 249, 110, 255} }},
	{{ {-3445, 153, -867}, 0, {166, 406}, {194, 249, 110, 255} }},
	{{ {-3445, 153, -867}, 0, {166, 406}, {250, 82, 97, 255} }},
	{{ {-3382, 118, -834}, 0, {1056, 1296}, {250, 82, 97, 255} }},
	{{ {-3350, 170, -876}, 0, {1946, 406}, {250, 82, 97, 255} }},
	{{ {-3283, 315, -873}, 0, {1946, 406}, {87, 19, 91, 255} }},
	{{ {-3315, 264, -831}, 0, {1056, 1296}, {87, 19, 91, 255} }},
	{{ {-3266, 219, -869}, 0, {1946, 2186}, {87, 19, 91, 255} }},
	{{ {-3266, 219, -869}, 0, {1946, 2186}, {21, 189, 106, 255} }},
	{{ {-3315, 264, -831}, 0, {1056, 1296}, {21, 189, 106, 255} }},
	{{ {-3361, 203, -861}, 0, {166, 2186}, {21, 189, 106, 255} }},
	{{ {-3361, 203, -861}, 0, {166, 2186}, {194, 249, 110, 255} }},
	{{ {-3315, 264, -831}, 0, {1056, 1296}, {194, 249, 110, 255} }},
	{{ {-3379, 299, -865}, 0, {166, 406}, {194, 249, 110, 255} }},
	{{ {-3379, 299, -865}, 0, {166, 406}, {250, 82, 97, 255} }},
	{{ {-3315, 264, -831}, 0, {1056, 1296}, {250, 82, 97, 255} }},
	{{ {-3283, 315, -873}, 0, {1946, 406}, {250, 82, 97, 255} }},
};

Gfx rcavejump_rcavejump_mesh_layer_1_tri_6[] = {
	gsSPVertex(rcavejump_rcavejump_mesh_layer_1_vtx_6 + 0, 30, 0),
	gsSP2Triangles(0, 1, 2, 0, 3, 4, 5, 0),
	gsSP2Triangles(6, 7, 8, 0, 9, 10, 11, 0),
	gsSP2Triangles(12, 13, 14, 0, 15, 16, 17, 0),
	gsSP2Triangles(18, 19, 20, 0, 21, 22, 23, 0),
	gsSP2Triangles(24, 25, 26, 0, 27, 28, 29, 0),
	gsSPVertex(rcavejump_rcavejump_mesh_layer_1_vtx_6 + 30, 30, 0),
	gsSP2Triangles(0, 1, 2, 0, 3, 4, 5, 0),
	gsSP2Triangles(6, 7, 8, 0, 9, 10, 11, 0),
	gsSP2Triangles(12, 13, 14, 0, 15, 16, 17, 0),
	gsSP2Triangles(18, 19, 20, 0, 21, 22, 23, 0),
	gsSP2Triangles(24, 25, 26, 0, 27, 28, 29, 0),
	gsSPVertex(rcavejump_rcavejump_mesh_layer_1_vtx_6 + 60, 30, 0),
	gsSP2Triangles(0, 1, 2, 0, 3, 4, 5, 0),
	gsSP2Triangles(6, 7, 8, 0, 9, 10, 11, 0),
	gsSP2Triangles(12, 13, 14, 0, 15, 16, 17, 0),
	gsSP2Triangles(18, 19, 20, 0, 21, 22, 23, 0),
	gsSP2Triangles(24, 25, 26, 0, 27, 28, 29, 0),
	gsSPVertex(rcavejump_rcavejump_mesh_layer_1_vtx_6 + 90, 6, 0),
	gsSP2Triangles(0, 1, 2, 0, 3, 4, 5, 0),
	gsSPEndDisplayList(),
};

Vtx rcavejump_rcavejump_mesh_layer_6_vtx_0[24] = {
	{{ {-3854, -25, -247}, 0, {2729, -15}, {121, 0, 217, 255} }},
	{{ {-3854, -138, -247}, 0, {2729, 1007}, {121, 0, 217, 255} }},
	{{ {-3994, -138, -685}, 0, {6685, 1007}, {121, 0, 217, 255} }},
	{{ {-3994, -25, -685}, 0, {6685, -15}, {121, 0, 217, 255} }},
	{{ {-3919, -25, 685}, 0, {-5693, -15}, {121, 0, 218, 255} }},
	{{ {-3919, -138, 685}, 0, {-5693, 1007}, {121, 0, 218, 255} }},
	{{ {-4055, -138, 253}, 0, {-1793, 1007}, {121, 0, 218, 255} }},
	{{ {-4055, -25, 253}, 0, {-1793, -15}, {121, 0, 218, 255} }},
	{{ {-927, -25, 106}, 0, {-459, -15}, {132, 0, 27, 255} }},
	{{ {-927, -138, 106}, 0, {-459, 1007}, {132, 0, 27, 255} }},
	{{ {-802, -138, 685}, 0, {-5693, 1007}, {132, 0, 27, 255} }},
	{{ {-802, -25, 685}, 0, {-5693, -15}, {132, 0, 27, 255} }},
	{{ {-726, -25, -685}, 0, {6685, -15}, {129, 0, 7, 255} }},
	{{ {-726, -138, -685}, 0, {6685, 1007}, {129, 0, 7, 255} }},
	{{ {-706, -138, -333}, 0, {3508, 1007}, {129, 0, 7, 255} }},
	{{ {-706, -25, -333}, 0, {3508, -15}, {129, 0, 7, 255} }},
	{{ {-706, -25, -333}, 0, {3508, -15}, {142, 0, 199, 255} }},
	{{ {-706, -138, -333}, 0, {3508, 1007}, {142, 0, 199, 255} }},
	{{ {-927, -138, 106}, 0, {-459, 1007}, {142, 0, 199, 255} }},
	{{ {-927, -25, 106}, 0, {-459, -15}, {142, 0, 199, 255} }},
	{{ {-4055, -25, 253}, 0, {-1793, -15}, {118, 0, 47, 255} }},
	{{ {-4055, -138, 253}, 0, {-1793, 1007}, {118, 0, 47, 255} }},
	{{ {-3854, -138, -247}, 0, {2729, 1007}, {118, 0, 47, 255} }},
	{{ {-3854, -25, -247}, 0, {2729, -15}, {118, 0, 47, 255} }},
};

Gfx rcavejump_rcavejump_mesh_layer_6_tri_0[] = {
	gsSPVertex(rcavejump_rcavejump_mesh_layer_6_vtx_0 + 0, 24, 0),
	gsSP2Triangles(0, 1, 2, 0, 0, 2, 3, 0),
	gsSP2Triangles(4, 5, 6, 0, 4, 6, 7, 0),
	gsSP2Triangles(8, 9, 10, 0, 8, 10, 11, 0),
	gsSP2Triangles(12, 13, 14, 0, 12, 14, 15, 0),
	gsSP2Triangles(16, 17, 18, 0, 16, 18, 19, 0),
	gsSP2Triangles(20, 21, 22, 0, 20, 22, 23, 0),
	gsSPEndDisplayList(),
};

Vtx rcavejump_rcavejump_mesh_layer_5_vtx_0[24] = {
	{{ {-2071, 1933, 736}, 0, {179, 672}, {255, 255, 255, 255} }},
	{{ {-2158, 2398, 725}, 0, {813, 672}, {0, 0, 0, 255} }},
	{{ {-2071, 2398, 736}, 0, {179, 672}, {0, 0, 0, 255} }},
	{{ {-2158, 1933, 725}, 0, {813, 672}, {255, 255, 255, 255} }},
	{{ {-2158, -25, 725}, 0, {813, 320}, {247, 247, 247, 255} }},
	{{ {-2071, -25, 736}, 0, {179, 320}, {248, 248, 248, 255} }},
	{{ {-2071, -648, 736}, 0, {179, 320}, {6, 6, 6, 255} }},
	{{ {-2158, -648, 725}, 0, {813, 320}, {3, 3, 3, 255} }},
	{{ {-2332, 1933, 708}, 0, {179, 672}, {255, 255, 255, 255} }},
	{{ {-2420, 2398, 705}, 0, {813, 672}, {0, 0, 0, 255} }},
	{{ {-2332, 2398, 708}, 0, {179, 672}, {0, 0, 0, 255} }},
	{{ {-2420, 1933, 705}, 0, {813, 672}, {255, 255, 255, 255} }},
	{{ {-2420, -25, 705}, 0, {813, 320}, {247, 247, 247, 255} }},
	{{ {-2332, -25, 708}, 0, {179, 320}, {248, 248, 248, 255} }},
	{{ {-2332, -648, 708}, 0, {179, 320}, {6, 6, 6, 255} }},
	{{ {-2420, -648, 705}, 0, {813, 320}, {3, 3, 3, 255} }},
	{{ {-2937, 1933, -887}, 0, {179, 672}, {255, 255, 255, 255} }},
	{{ {-2854, 2398, -912}, 0, {813, 672}, {0, 0, 0, 255} }},
	{{ {-2937, 2398, -887}, 0, {179, 672}, {0, 0, 0, 255} }},
	{{ {-2854, 1933, -912}, 0, {813, 672}, {255, 255, 255, 255} }},
	{{ {-2854, -25, -912}, 0, {813, 320}, {247, 247, 247, 255} }},
	{{ {-2937, -25, -887}, 0, {179, 320}, {248, 248, 248, 255} }},
	{{ {-2937, -648, -887}, 0, {179, 320}, {6, 6, 6, 255} }},
	{{ {-2854, -648, -912}, 0, {813, 320}, {3, 3, 3, 255} }},
};

Gfx rcavejump_rcavejump_mesh_layer_5_tri_0[] = {
	gsSPVertex(rcavejump_rcavejump_mesh_layer_5_vtx_0 + 0, 24, 0),
	gsSP2Triangles(0, 1, 2, 0, 0, 3, 1, 0),
	gsSP2Triangles(4, 3, 0, 0, 4, 0, 5, 0),
	gsSP2Triangles(4, 5, 6, 0, 4, 6, 7, 0),
	gsSP2Triangles(8, 9, 10, 0, 8, 11, 9, 0),
	gsSP2Triangles(12, 11, 8, 0, 12, 8, 13, 0),
	gsSP2Triangles(12, 13, 14, 0, 12, 14, 15, 0),
	gsSP2Triangles(16, 17, 18, 0, 16, 19, 17, 0),
	gsSP2Triangles(20, 19, 16, 0, 20, 16, 21, 0),
	gsSP2Triangles(20, 21, 22, 0, 20, 22, 23, 0),
	gsSPEndDisplayList(),
};


Gfx mat_rcavejump_stone[] = {
	gsSPClearGeometryMode(G_LIGHTING),
	gsDPPipeSync(),
	gsDPSetCombineLERP(TEXEL0, 0, SHADE, 0, ENVIRONMENT, 0, SHADE, 0, TEXEL0, 0, SHADE, 0, ENVIRONMENT, 0, SHADE, 0),
	gsDPSetAlphaDither(G_AD_NOISE),
	gsDPSetTextureLUT(G_TT_RGBA16),
	gsSPTexture(65535, 65535, 0, 0, 1),
	gsDPSetTextureImage(G_IM_FMT_RGBA, G_IM_SIZ_16b, 1, rcavejump_C_SIDE_pal_rgba16),
	gsDPSetTile(0, 0, 0, 256, 5, 0, G_TX_WRAP | G_TX_NOMIRROR, 0, 0, G_TX_WRAP | G_TX_NOMIRROR, 0, 0),
	gsDPLoadTLUTCmd(5, 47),
	gsDPSetTextureImage(G_IM_FMT_CI, G_IM_SIZ_8b_LOAD_BLOCK, 1, rcavejump_C_SIDE_ci8),
	gsDPSetTile(G_IM_FMT_CI, G_IM_SIZ_8b_LOAD_BLOCK, 0, 0, 7, 0, G_TX_WRAP | G_TX_NOMIRROR, 0, 0, G_TX_WRAP | G_TX_NOMIRROR, 0, 0),
	gsDPLoadBlock(7, 0, 0, 1023, 512),
	gsDPSetTile(G_IM_FMT_CI, G_IM_SIZ_8b, 4, 0, 0, 0, G_TX_WRAP | G_TX_NOMIRROR, 6, 0, G_TX_WRAP | G_TX_NOMIRROR, 5, 0),
	gsDPSetTileSize(0, 0, 0, 124, 252),
	gsSPEndDisplayList(),
};

Gfx mat_revert_rcavejump_stone[] = {
	gsSPSetGeometryMode(G_LIGHTING),
	gsDPPipeSync(),
	gsDPSetAlphaDither(G_AD_DISABLE),
	gsDPSetTextureLUT(G_TT_NONE),
	gsSPEndDisplayList(),
};

Gfx mat_rcavejump_dungeontiles[] = {
	gsSPClearGeometryMode(G_LIGHTING),
	gsDPPipeSync(),
	gsDPSetCombineLERP(TEXEL0, 0, SHADE, 0, ENVIRONMENT, 0, SHADE, 0, TEXEL0, 0, SHADE, 0, ENVIRONMENT, 0, SHADE, 0),
	gsDPSetAlphaDither(G_AD_NOISE),
	gsSPTexture(65535, 65535, 0, 0, 1),
	gsDPSetTextureImage(G_IM_FMT_RGBA, G_IM_SIZ_16b_LOAD_BLOCK, 1, gDungeonTextureTile),
	gsDPSetTile(G_IM_FMT_RGBA, G_IM_SIZ_16b_LOAD_BLOCK, 0, 0, 7, 0, G_TX_WRAP | G_TX_NOMIRROR, 0, 0, G_TX_WRAP | G_TX_NOMIRROR, 0, 0),
	gsDPLoadBlock(7, 0, 0, 1023, 256),
	gsDPSetTile(G_IM_FMT_RGBA, G_IM_SIZ_16b, 8, 0, 0, 0, G_TX_WRAP | G_TX_NOMIRROR, 5, 0, G_TX_WRAP | G_TX_NOMIRROR, 5, 0),
	gsDPSetTileSize(0, 0, 0, 124, 124),
	gsSPEndDisplayList(),
};

Gfx mat_revert_rcavejump_dungeontiles[] = {
	gsSPSetGeometryMode(G_LIGHTING),
	gsDPPipeSync(),
	gsDPSetAlphaDither(G_AD_DISABLE),
	gsSPEndDisplayList(),
};

Gfx mat_rcavejump_dungeonbricks[] = {
	gsSPClearGeometryMode(G_LIGHTING),
	gsDPPipeSync(),
	gsDPSetCombineLERP(TEXEL0, 0, SHADE, 0, ENVIRONMENT, 0, SHADE, 0, TEXEL0, 0, SHADE, 0, ENVIRONMENT, 0, SHADE, 0),
	gsDPSetAlphaDither(G_AD_NOISE),
	gsSPTexture(65535, 65535, 0, 0, 1),
	gsDPSetTextureImage(G_IM_FMT_RGBA, G_IM_SIZ_16b_LOAD_BLOCK, 1, gDungeonTextureBrick),
	gsDPSetTile(G_IM_FMT_RGBA, G_IM_SIZ_16b_LOAD_BLOCK, 0, 0, 7, 0, G_TX_WRAP | G_TX_NOMIRROR, 0, 0, G_TX_WRAP | G_TX_NOMIRROR, 0, 0),
	gsDPLoadBlock(7, 0, 0, 2047, 128),
	gsDPSetTile(G_IM_FMT_RGBA, G_IM_SIZ_16b, 16, 0, 0, 0, G_TX_WRAP | G_TX_NOMIRROR, 5, 0, G_TX_WRAP | G_TX_NOMIRROR, 6, 0),
	gsDPSetTileSize(0, 0, 0, 252, 124),
	gsSPEndDisplayList(),
};

Gfx mat_revert_rcavejump_dungeonbricks[] = {
	gsSPSetGeometryMode(G_LIGHTING),
	gsDPPipeSync(),
	gsDPSetAlphaDither(G_AD_DISABLE),
	gsSPEndDisplayList(),
};

Gfx mat_rcavejump_dungeoncarpet[] = {
	gsSPClearGeometryMode(G_LIGHTING),
	gsDPPipeSync(),
	gsDPSetCombineLERP(TEXEL0, 0, SHADE, 0, ENVIRONMENT, 0, SHADE, 0, TEXEL0, 0, SHADE, 0, ENVIRONMENT, 0, SHADE, 0),
	gsDPSetAlphaDither(G_AD_NOISE),
	gsSPTexture(65535, 65535, 0, 0, 1),
	gsDPSetTextureImage(G_IM_FMT_RGBA, G_IM_SIZ_16b_LOAD_BLOCK, 1, gDungeonTextureCarpet),
	gsDPSetTile(G_IM_FMT_RGBA, G_IM_SIZ_16b_LOAD_BLOCK, 0, 0, 7, 0, G_TX_WRAP | G_TX_NOMIRROR, 0, 0, G_TX_WRAP | G_TX_NOMIRROR, 0, 0),
	gsDPLoadBlock(7, 0, 0, 1023, 256),
	gsDPSetTile(G_IM_FMT_RGBA, G_IM_SIZ_16b, 8, 0, 0, 0, G_TX_WRAP | G_TX_NOMIRROR, 5, 0, G_TX_WRAP | G_TX_NOMIRROR, 5, 0),
	gsDPSetTileSize(0, 0, 0, 124, 124),
	gsSPEndDisplayList(),
};

Gfx mat_revert_rcavejump_dungeoncarpet[] = {
	gsSPSetGeometryMode(G_LIGHTING),
	gsDPPipeSync(),
	gsDPSetAlphaDither(G_AD_DISABLE),
	gsSPEndDisplayList(),
};

Gfx mat_rcavejump_cavegrass[] = {
	gsSPClearGeometryMode(G_LIGHTING),
	gsDPPipeSync(),
	gsDPSetCombineLERP(TEXEL0, 0, SHADE, 0, ENVIRONMENT, 0, SHADE, 0, TEXEL0, 0, SHADE, 0, ENVIRONMENT, 0, SHADE, 0),
	gsDPSetAlphaDither(G_AD_NOISE),
	gsDPSetTextureLUT(G_TT_RGBA16),
	gsSPTexture(65535, 65535, 0, 0, 1),
	gsDPSetTextureImage(G_IM_FMT_RGBA, G_IM_SIZ_16b, 1, rcavejump_C_TOP_pal_rgba16),
	gsDPSetTile(0, 0, 0, 256, 5, 0, G_TX_WRAP | G_TX_NOMIRROR, 0, 0, G_TX_WRAP | G_TX_NOMIRROR, 0, 0),
	gsDPLoadTLUTCmd(5, 6),
	gsDPSetTextureImage(G_IM_FMT_CI, G_IM_SIZ_16b, 1, rcavejump_C_TOP_ci4),
	gsDPSetTile(G_IM_FMT_CI, G_IM_SIZ_16b, 0, 0, 7, 0, G_TX_WRAP | G_TX_NOMIRROR, 0, 0, G_TX_WRAP | G_TX_NOMIRROR, 0, 0),
	gsDPLoadBlock(7, 0, 0, 255, 1024),
	gsDPSetTile(G_IM_FMT_CI, G_IM_SIZ_4b, 2, 0, 0, 0, G_TX_WRAP | G_TX_NOMIRROR, 5, 0, G_TX_WRAP | G_TX_NOMIRROR, 5, 0),
	gsDPSetTileSize(0, 0, 0, 124, 124),
	gsSPEndDisplayList(),
};

Gfx mat_revert_rcavejump_cavegrass[] = {
	gsSPSetGeometryMode(G_LIGHTING),
	gsDPPipeSync(),
	gsDPSetAlphaDither(G_AD_DISABLE),
	gsDPSetTextureLUT(G_TT_NONE),
	gsSPEndDisplayList(),
};

Gfx mat_rcavejump_conc[] = {
	gsSPClearGeometryMode(G_LIGHTING),
	gsDPPipeSync(),
	gsDPSetCombineLERP(TEXEL0, 0, SHADE, 0, ENVIRONMENT, 0, SHADE, 0, TEXEL0, 0, SHADE, 0, ENVIRONMENT, 0, SHADE, 0),
	gsDPSetAlphaDither(G_AD_NOISE),
	gsSPTexture(65535, 65535, 0, 0, 1),
	gsDPSetTextureImage(G_IM_FMT_I, G_IM_SIZ_8b_LOAD_BLOCK, 1, rcavejump_conk_i8),
	gsDPSetTile(G_IM_FMT_I, G_IM_SIZ_8b_LOAD_BLOCK, 0, 0, 7, 0, G_TX_WRAP | G_TX_NOMIRROR, 0, 0, G_TX_WRAP | G_TX_NOMIRROR, 0, 0),
	gsDPLoadBlock(7, 0, 0, 2047, 256),
	gsDPSetTile(G_IM_FMT_I, G_IM_SIZ_8b, 8, 0, 0, 0, G_TX_WRAP | G_TX_NOMIRROR, 6, 0, G_TX_WRAP | G_TX_NOMIRROR, 6, 0),
	gsDPSetTileSize(0, 0, 0, 252, 252),
	gsSPEndDisplayList(),
};

Gfx mat_revert_rcavejump_conc[] = {
	gsSPSetGeometryMode(G_LIGHTING),
	gsDPPipeSync(),
	gsDPSetAlphaDither(G_AD_DISABLE),
	gsSPEndDisplayList(),
};

Gfx mat_rcavejump_f3dlite_material_002[] = {
	gsDPPipeSync(),
	gsDPSetCombineLERP(0, 0, 0, TEXEL0, 0, 0, 0, TEXEL0, 0, 0, 0, TEXEL0, 0, 0, 0, TEXEL0),
	gsDPSetAlphaDither(G_AD_NOISE),
	gsDPSetTextureLUT(G_TT_RGBA16),
	gsSPTexture(65535, 65535, 0, 0, 1),
	gsDPSetTextureImage(G_IM_FMT_RGBA, G_IM_SIZ_16b, 1, rcavejump_C_OVERHANG_DECAL_pal_rgba16),
	gsDPSetTile(0, 0, 0, 256, 5, 0, G_TX_WRAP | G_TX_NOMIRROR, 0, 0, G_TX_WRAP | G_TX_NOMIRROR, 0, 0),
	gsDPLoadTLUTCmd(5, 33),
	gsDPSetTextureImage(G_IM_FMT_CI, G_IM_SIZ_8b_LOAD_BLOCK, 1, rcavejump_C_OVERHANG_DECAL_ci8),
	gsDPSetTile(G_IM_FMT_CI, G_IM_SIZ_8b_LOAD_BLOCK, 0, 0, 7, 0, G_TX_WRAP | G_TX_NOMIRROR, 0, 0, G_TX_WRAP | G_TX_NOMIRROR, 0, 0),
	gsDPLoadBlock(7, 0, 0, 511, 512),
	gsDPSetTile(G_IM_FMT_CI, G_IM_SIZ_8b, 4, 0, 0, 0, G_TX_CLAMP | G_TX_NOMIRROR, 5, 0, G_TX_WRAP | G_TX_NOMIRROR, 5, 0),
	gsDPSetTileSize(0, 0, 0, 124, 124),
	gsSPEndDisplayList(),
};

Gfx mat_revert_rcavejump_f3dlite_material_002[] = {
	gsDPPipeSync(),
	gsDPSetAlphaDither(G_AD_DISABLE),
	gsDPSetTextureLUT(G_TT_NONE),
	gsSPEndDisplayList(),
};

Gfx mat_rcavejump_water[] = {
	gsSPClearGeometryMode(G_LIGHTING),
	gsDPPipeSync(),
	gsDPSetCombineLERP(SHADE, 0, TEXEL0, 0, 0, 0, 0, PRIMITIVE, SHADE, 0, TEXEL0, 0, 0, 0, 0, PRIMITIVE),
	gsDPSetAlphaDither(G_AD_NOISE),
	gsDPSetTextureLUT(G_TT_RGBA16),
	gsSPTexture(65535, 65535, 0, 0, 1),
	gsDPSetPrimColor(0, 0, 255, 255, 255, 178),
	gsDPSetTextureImage(G_IM_FMT_RGBA, G_IM_SIZ_16b, 1, rcavejump_water_pal_rgba16),
	gsDPSetTile(0, 0, 0, 256, 5, 0, G_TX_WRAP | G_TX_NOMIRROR, 0, 0, G_TX_WRAP | G_TX_NOMIRROR, 0, 0),
	gsDPLoadTLUTCmd(5, 10),
	gsDPSetTextureImage(G_IM_FMT_CI, G_IM_SIZ_16b, 1, rcavejump_water_ci4),
	gsDPSetTile(G_IM_FMT_CI, G_IM_SIZ_16b, 0, 0, 7, 0, G_TX_WRAP | G_TX_NOMIRROR, 0, 0, G_TX_WRAP | G_TX_NOMIRROR, 0, 0),
	gsDPLoadBlock(7, 0, 0, 255, 1024),
	gsDPSetTile(G_IM_FMT_CI, G_IM_SIZ_4b, 2, 0, 0, 0, G_TX_WRAP | G_TX_NOMIRROR, 5, 0, G_TX_WRAP | G_TX_NOMIRROR, 5, 0),
	gsDPSetTileSize(0, 0, 0, 124, 124),
	gsSPEndDisplayList(),
};

Gfx mat_revert_rcavejump_water[] = {
	gsSPSetGeometryMode(G_LIGHTING),
	gsDPPipeSync(),
	gsDPSetAlphaDither(G_AD_DISABLE),
	gsDPSetTextureLUT(G_TT_NONE),
	gsSPEndDisplayList(),
};

Gfx mat_rcavejump_tinfoil[] = {
	gsDPPipeSync(),
	gsDPSetCombineLERP(0, 0, 0, TEXEL0, 0, 0, 0, ENVIRONMENT, 0, 0, 0, TEXEL0, 0, 0, 0, ENVIRONMENT),
	gsDPSetAlphaDither(G_AD_NOISE),
	gsSPTexture(65535, 65535, 0, 0, 1),
	gsDPSetTextureImage(G_IM_FMT_I, G_IM_SIZ_8b_LOAD_BLOCK, 1, rcavejump_Tinfoil_i8),
	gsDPSetTile(G_IM_FMT_I, G_IM_SIZ_8b_LOAD_BLOCK, 0, 0, 7, 0, G_TX_WRAP | G_TX_NOMIRROR, 0, 0, G_TX_WRAP | G_TX_NOMIRROR, 0, 0),
	gsDPLoadBlock(7, 0, 0, 2047, 256),
	gsDPSetTile(G_IM_FMT_I, G_IM_SIZ_8b, 8, 0, 0, 0, G_TX_WRAP | G_TX_NOMIRROR, 6, 0, G_TX_WRAP | G_TX_NOMIRROR, 6, 0),
	gsDPSetTileSize(0, 0, 0, 252, 252),
	gsSPEndDisplayList(),
};

Gfx mat_revert_rcavejump_tinfoil[] = {
	gsDPPipeSync(),
	gsDPSetAlphaDither(G_AD_DISABLE),
	gsSPEndDisplayList(),
};

Gfx rcavejump_rcavejump_mesh_layer_1[] = {
	gsSPDisplayList(mat_rcavejump_stone),
	gsSPDisplayList(rcavejump_rcavejump_mesh_layer_1_tri_0),
	gsSPDisplayList(mat_revert_rcavejump_stone),
	gsSPDisplayList(mat_rcavejump_dungeontiles),
	gsSPDisplayList(rcavejump_rcavejump_mesh_layer_1_tri_1),
	gsSPDisplayList(mat_revert_rcavejump_dungeontiles),
	gsSPDisplayList(mat_rcavejump_dungeonbricks),
	gsSPDisplayList(rcavejump_rcavejump_mesh_layer_1_tri_2),
	gsSPDisplayList(mat_revert_rcavejump_dungeonbricks),
	gsSPDisplayList(mat_rcavejump_dungeoncarpet),
	gsSPDisplayList(rcavejump_rcavejump_mesh_layer_1_tri_3),
	gsSPDisplayList(mat_revert_rcavejump_dungeoncarpet),
	gsSPDisplayList(mat_rcavejump_cavegrass),
	gsSPDisplayList(rcavejump_rcavejump_mesh_layer_1_tri_4),
	gsSPDisplayList(mat_revert_rcavejump_cavegrass),
	gsSPDisplayList(mat_rcavejump_conc),
	gsSPDisplayList(rcavejump_rcavejump_mesh_layer_1_tri_5),
	gsSPDisplayList(mat_revert_rcavejump_conc),
	gsSPDisplayList(mat_rcavejump_tinfoil),
	gsSPDisplayList(rcavejump_rcavejump_mesh_layer_1_tri_6),
	gsSPDisplayList(mat_revert_rcavejump_tinfoil),
	gsDPPipeSync(),
	gsSPSetGeometryMode(G_LIGHTING),
	gsSPClearGeometryMode(G_TEXTURE_GEN),
	gsDPSetCombineLERP(0, 0, 0, SHADE, 0, 0, 0, ENVIRONMENT, 0, 0, 0, SHADE, 0, 0, 0, ENVIRONMENT),
	gsSPTexture(65535, 65535, 0, 0, 0),
	gsDPSetEnvColor(255, 255, 255, 255),
	gsDPSetAlphaCompare(G_AC_NONE),
	gsSPEndDisplayList(),
};

Gfx rcavejump_rcavejump_mesh_layer_6[] = {
	gsSPDisplayList(mat_rcavejump_f3dlite_material_002),
	gsSPDisplayList(rcavejump_rcavejump_mesh_layer_6_tri_0),
	gsSPDisplayList(mat_revert_rcavejump_f3dlite_material_002),
	gsDPPipeSync(),
	gsSPSetGeometryMode(G_LIGHTING),
	gsSPClearGeometryMode(G_TEXTURE_GEN),
	gsDPSetCombineLERP(0, 0, 0, SHADE, 0, 0, 0, ENVIRONMENT, 0, 0, 0, SHADE, 0, 0, 0, ENVIRONMENT),
	gsSPTexture(65535, 65535, 0, 0, 0),
	gsDPSetEnvColor(255, 255, 255, 255),
	gsDPSetAlphaCompare(G_AC_NONE),
	gsSPEndDisplayList(),
};

Gfx rcavejump_rcavejump_mesh_layer_5[] = {
	gsSPDisplayList(mat_rcavejump_water),
	gsSPDisplayList(rcavejump_rcavejump_mesh_layer_5_tri_0),
	gsSPDisplayList(mat_revert_rcavejump_water),
	gsDPPipeSync(),
	gsSPSetGeometryMode(G_LIGHTING),
	gsSPClearGeometryMode(G_TEXTURE_GEN),
	gsDPSetCombineLERP(0, 0, 0, SHADE, 0, 0, 0, ENVIRONMENT, 0, 0, 0, SHADE, 0, 0, 0, ENVIRONMENT),
	gsSPTexture(65535, 65535, 0, 0, 0),
	gsDPSetEnvColor(255, 255, 255, 255),
	gsDPSetAlphaCompare(G_AC_NONE),
	gsSPEndDisplayList(),
};

