Gfx rpush_desertSand_ci8_aligner[] = {gsSPEndDisplayList()};
u8 rpush_desertSand_ci8[] = {
	0x00, 0x01, 0x02, 0x03, 0x02, 0x04, 0x01, 0x05, 
	0x04, 0x06, 0x07, 0x08, 0x09, 0x0a, 0x0b, 0x0c, 
	0x08, 0x0a, 0x08, 0x09, 0x05, 0x05, 0x07, 0x02, 
	0x01, 0x01, 0x02, 0x06, 0x04, 0x00, 0x00, 0x01, 
	0x01, 0x01, 0x02, 0x03, 0x02, 0x04, 0x00, 0x01, 
	0x01, 0x00, 0x09, 0x0d, 0x0b, 0x0b, 0x0b, 0x0e, 
	0x0d, 0x05, 0x05, 0x01, 0x01, 0x01, 0x02, 0x02, 
	0x03, 0x02, 0x04, 0x05, 0x02, 0x01, 0x02, 0x04, 
	0x06, 0x01, 0x01, 0x01, 0x00, 0x0a, 0x07, 0x0f, 
	0x08, 0x0a, 0x0b, 0x10, 0x0c, 0x10, 0x10, 0x0c, 
	0x0b, 0x0e, 0x0d, 0x0d, 0x05, 0x09, 0x01, 0x01, 
	0x01, 0x04, 0x01, 0x04, 0x04, 0x04, 0x04, 0x01, 
	0x01, 0x01, 0x07, 0x01, 0x07, 0x08, 0x06, 0x11, 
	0x0d, 0x0b, 0x0b, 0x0a, 0x0c, 0x12, 0x0c, 0x13, 
	0x11, 0x14, 0x0a, 0x0d, 0x09, 0x09, 0x01, 0x01, 
	0x06, 0x00, 0x08, 0x05, 0x00, 0x01, 0x05, 0x05, 
	0x0a, 0x00, 0x09, 0x09, 0x0c, 0x0b, 0x15, 0x13, 
	0x0b, 0x0d, 0x11, 0x0b, 0x0f, 0x0b, 0x0e, 0x08, 
	0x09, 0x0a, 0x15, 0x16, 0x0c, 0x10, 0x14, 0x09, 
	0x05, 0x04, 0x02, 0x04, 0x05, 0x04, 0x00, 0x08, 
	0x0a, 0x01, 0x07, 0x09, 0x10, 0x09, 0x0c, 0x11, 
	0x0e, 0x0b, 0x0d, 0x0b, 0x14, 0x0c, 0x16, 0x14, 
	0x0c, 0x10, 0x15, 0x0c, 0x0a, 0x0b, 0x0f, 0x0b, 
	0x0b, 0x0d, 0x10, 0x0c, 0x0e, 0x09, 0x07, 0x0a, 
	0x0b, 0x10, 0x14, 0x0a, 0x0b, 0x13, 0x0b, 0x0d, 
	0x14, 0x0b, 0x0d, 0x0e, 0x05, 0x09, 0x05, 0x00, 
	0x05, 0x07, 0x0a, 0x13, 0x14, 0x0c, 0x14, 0x0c, 
	0x13, 0x0b, 0x14, 0x0d, 0x08, 0x0c, 0x0c, 0x0b, 
	0x0a, 0x0d, 0x0c, 0x0b, 0x09, 0x07, 0x06, 0x07, 
	0x14, 0x0c, 0x0c, 0x13, 0x11, 0x13, 0x16, 0x12, 
	0x16, 0x14, 0x0c, 0x0c, 0x0c, 0x0d, 0x0b, 0x0d, 
	0x0e, 0x10, 0x0c, 0x0d, 0x0d, 0x0c, 0x0c, 0x0a, 
	0x0e, 0x10, 0x0c, 0x0c, 0x0b, 0x07, 0x05, 0x07, 
	0x01, 0x09, 0x05, 0x04, 0x07, 0x01, 0x05, 0x01, 
	0x02, 0x04, 0x05, 0x0e, 0x0c, 0x15, 0x0e, 0x12, 
	0x14, 0x14, 0x0e, 0x0f, 0x14, 0x0c, 0x12, 0x0e, 
	0x08, 0x0b, 0x0b, 0x0a, 0x05, 0x01, 0x01, 0x06, 
	0x00, 0x07, 0x07, 0x01, 0x0d, 0x01, 0x05, 0x06, 
	0x04, 0x05, 0x09, 0x12, 0x11, 0x0f, 0x08, 0x07, 
	0x09, 0x00, 0x06, 0x07, 0x0a, 0x0c, 0x0e, 0x13, 
	0x0c, 0x0b, 0x05, 0x02, 0x01, 0x07, 0x00, 0x07, 
	0x05, 0x01, 0x01, 0x01, 0x05, 0x07, 0x07, 0x0a, 
	0x07, 0x08, 0x04, 0x0a, 0x10, 0x0c, 0x15, 0x15, 
	0x0c, 0x13, 0x13, 0x0e, 0x0e, 0x15, 0x0e, 0x14, 
	0x0b, 0x0f, 0x0d, 0x01, 0x05, 0x09, 0x09, 0x00, 
	0x02, 0x02, 0x04, 0x02, 0x00, 0x07, 0x01, 0x01, 
	0x01, 0x01, 0x02, 0x09, 0x09, 0x07, 0x08, 0x0d, 
	0x01, 0x01, 0x01, 0x02, 0x05, 0x0c, 0x0e, 0x16, 
	0x00, 0x01, 0x01, 0x00, 0x09, 0x05, 0x09, 0x09, 
	0x07, 0x0c, 0x0b, 0x0c, 0x0b, 0x0d, 0x13, 0x16, 
	0x0e, 0x09, 0x0d, 0x07, 0x09, 0x01, 0x07, 0x0b, 
	0x0c, 0x15, 0x0f, 0x0c, 0x0c, 0x0a, 0x14, 0x09, 
	0x0a, 0x00, 0x00, 0x09, 0x08, 0x0d, 0x0b, 0x0b, 
	0x08, 0x11, 0x06, 0x09, 0x09, 0x07, 0x0a, 0x07, 
	0x07, 0x07, 0x09, 0x05, 0x09, 0x09, 0x07, 0x00, 
	0x00, 0x08, 0x01, 0x01, 0x01, 0x05, 0x11, 0x07, 
	0x01, 0x09, 0x01, 0x09, 0x05, 0x05, 0x09, 0x08, 
	0x09, 0x0d, 0x07, 0x07, 0x0a, 0x0b, 0x0e, 0x14, 
	0x13, 0x0f, 0x10, 0x0a, 0x06, 0x06, 0x00, 0x09, 
	0x07, 0x09, 0x09, 0x09, 0x09, 0x00, 0x07, 0x10, 
	0x0a, 0x0a, 0x09, 0x0a, 0x0a, 0x0b, 0x0c, 0x0c, 
	0x0d, 0x11, 0x0d, 0x0b, 0x0d, 0x10, 0x0d, 0x0a, 
	0x0a, 0x0c, 0x09, 0x00, 0x00, 0x05, 0x05, 0x07, 
	0x0d, 0x08, 0x09, 0x07, 0x09, 0x00, 0x01, 0x09, 
	0x01, 0x00, 0x00, 0x09, 0x01, 0x01, 0x0d, 0x00, 
	0x01, 0x01, 0x04, 0x07, 0x04, 0x01, 0x00, 0x0b, 
	0x0c, 0x13, 0x16, 0x0c, 0x11, 0x08, 0x09, 0x01, 
	0x01, 0x07, 0x05, 0x08, 0x01, 0x09, 0x09, 0x09, 
	0x0a, 0x12, 0x10, 0x0e, 0x10, 0x0c, 0x10, 0x09, 
	0x00, 0x01, 0x01, 0x09, 0x05, 0x01, 0x01, 0x01, 
	0x07, 0x01, 0x0b, 0x01, 0x0d, 0x09, 0x0d, 0x00, 
	0x07, 0x09, 0x05, 0x09, 0x00, 0x01, 0x01, 0x01, 
	0x10, 0x09, 0x0d, 0x00, 0x05, 0x09, 0x09, 0x10, 
	0x07, 0x01, 0x02, 0x01, 0x01, 0x00, 0x07, 0x07, 
	0x06, 0x0d, 0x0a, 0x12, 0x10, 0x0a, 0x0c, 0x0a, 
	0x0b, 0x06, 0x0a, 0x0b, 0x0b, 0x0e, 0x12, 0x0f, 
	0x15, 0x13, 0x16, 0x13, 0x0a, 0x08, 0x06, 0x00, 
	0x05, 0x05, 0x07, 0x01, 0x05, 0x05, 0x05, 0x09, 
	0x09, 0x0d, 0x08, 0x0f, 0x0a, 0x09, 0x0a, 0x0a, 
	0x0a, 0x06, 0x08, 0x09, 0x07, 0x09, 0x07, 0x09, 
	0x07, 0x10, 0x0c, 0x07, 0x11, 0x0c, 0x16, 0x14, 
	0x13, 0x11, 0x0c, 0x0c, 0x0e, 0x11, 0x0e, 0x0d, 
	0x0c, 0x05, 0x0d, 0x07, 0x09, 0x07, 0x07, 0x0b, 
	0x0c, 0x13, 0x10, 0x0e, 0x13, 0x15, 0x13, 0x0c, 
	0x0a, 0x0e, 0x0c, 0x0a, 0x07, 0x01, 0x08, 0x0a, 
	0x13, 0x0b, 0x14, 0x0c, 0x11, 0x0e, 0x0b, 0x0c, 
	0x13, 0x0c, 0x16, 0x0c, 0x0b, 0x01, 0x00, 0x08, 
	0x0b, 0x10, 0x09, 0x10, 0x0c, 0x0e, 0x0b, 0x08, 
	0x05, 0x0c, 0x08, 0x07, 0x0c, 0x13, 0x0e, 0x11, 
	0x12, 0x16, 0x0c, 0x13, 0x0c, 0x10, 0x15, 0x12, 
	0x0f, 0x11, 0x0b, 0x10, 0x07, 0x01, 0x11, 0x07, 
	0x08, 0x13, 0x10, 0x10, 0x14, 0x09, 0x09, 0x00, 
	0x07, 0x0e, 0x09, 0x07, 0x0b, 0x0c, 0x0e, 0x0f, 
	0x15, 0x15, 0x0e, 0x15, 0x0e, 0x0c, 0x0f, 0x10, 
	0x0f, 0x0c, 0x0e, 0x14, 0x12, 0x0d, 0x0b, 0x01, 
	0x09, 0x0a, 0x05, 0x08, 0x0b, 0x09, 0x00, 0x07, 
	0x01, 0x00, 0x10, 0x0c, 0x0e, 0x0c, 0x0d, 0x10, 
	0x08, 0x09, 0x06, 0x07, 0x05, 0x06, 0x09, 0x10, 
	0x0b, 0x0c, 0x11, 0x0b, 0x0b, 0x0e, 0x0d, 0x09, 
	0x0a, 0x0d, 0x0f, 0x09, 0x09, 0x0a, 0x09, 0x0a, 
	0x0a, 0x10, 0x0e, 0x0b, 0x10, 0x0b, 0x0e, 0x15, 
	0x0e, 0x0c, 0x09, 0x05, 0x05, 0x01, 0x01, 0x09, 
	0x09, 0x0b, 0x0b, 0x0b, 0x0c, 0x0f, 0x10, 0x0d, 
	0x0a, 0x0d, 0x12, 0x09, 0x07, 0x0d, 0x00, 0x00, 
	0x08, 0x0e, 0x08, 0x0e, 0x0d, 0x0a, 0x07, 0x05, 
	0x0a, 0x05, 0x05, 0x00, 0x00, 0x00, 0x04, 0x02, 
	0x01, 0x05, 0x10, 0x0a, 0x0f, 0x0a, 0x0e, 0x10, 
	0x0e, 0x0c, 0x0b, 0x0a, 0x0c, 0x11, 0x15, 0x13, 
	0x13, 0x15, 0x08, 0x0d, 0x07, 0x0c, 0x08, 0x08, 
	0x10, 0x05, 0x01, 0x00, 0x02, 0x01, 0x02, 0x01, 
	0x03, 0x02, 0x09, 0x05, 0x0e, 0x0a, 0x0e, 0x07, 
	0x09, 0x0d, 0x0c, 0x0a, 0x0a, 0x08, 0x0d, 0x0b, 
	0x0d, 0x0a, 0x00, 0x07, 0x09, 0x00, 0x01, 0x07, 
	0x05, 0x02, 0x06, 0x00, 0x09, 0x02, 0x04, 0x04, 
	0x04, 0x04, 0x04, 0x06, 0x00, 0x07, 0x01, 0x09, 
	0x0d, 0x0c, 0x12, 0x0e, 0x13, 0x12, 0x0f, 0x16, 
	0x12, 0x10, 0x05, 0x07, 0x0b, 0x07, 0x09, 0x0d, 
	0x07, 0x05, 0x07, 0x02, 0x01, 0x03, 0x02, 0x01, 
	0x01, 0x02, 0x04, 0x01, 0x02, 0x00, 0x01, 0x01, 
	0x02, 0x05, 0x00, 0x09, 0x0b, 0x0c, 0x0c, 0x0f, 
	0x04, 0x04, 0x02, 0x00, 0x01, 0x00, 0x01, 0x00, 
	0x05, 0x00, 0x01, 0x05, 0x01, 0x01, 0x01, 0x05, 
	0x07, 0x01, 0x02, 0x01, 0x04, 0x01, 0x04, 0x01, 
	0x11, 0x09, 0x08, 0x11, 0x12, 0x0c, 0x0a, 0x0a, 
	0x07, 0x09, 0x07, 0x08, 0x0a, 0x08, 0x09, 0x04, 
	0x00, 0x01, 0x01, 0x00, 0x04, 0x04, 0x04, 0x02, 
	0x01, 0x03, 0x03, 0x02, 0x01, 0x02, 0x04, 0x02, 
	0x00, 0x02, 0x01, 0x01, 0x0a, 0x09, 0x00, 0x01, 
	0x05, 0x01, 0x07, 0x01, 0x01, 0x04, 0x02, 0x07, 
	0x05, 0x01, 0x04, 0x00, 0x02, 0x02, 0x02, 0x04, 
	0x01, 0x03, 0x00, 0x00, 0x04, 0x01, 0x01, 0x0a, 
	0x01, 0x08, 0x01, 0x05, 0x05, 0x07, 0x10, 0x09, 
	0x11, 0x09, 0x0a, 0x09, 0x09, 0x07, 0x06, 0x08, 
	0x0b, 0x0a, 0x09, 0x09, 0x01, 0x04, 0x02, 0x02, 
	0x04, 0x02, 0x01, 0x00, 0x04, 0x05, 0x02, 0x00, 
	0x02, 0x05, 0x02, 0x06, 0x07, 0x04, 0x00, 0x01, 
	0x01, 0x01, 0x00, 0x01, 0x01, 0x00, 0x09, 0x07, 
	0x09, 0x07, 0x07, 0x05, 0x00, 0x07, 0x01, 0x05, 
	0x09, 0x01, 0x04, 0x01, 0x01, 0x04, 0x00, 0x05, 
	0x09, 0x01, 0x08, 0x09, 0x0c, 0x00, 0x05, 0x00, 
	0x06, 0x05, 0x08, 0x09, 0x07, 0x0d, 0x13, 0x14, 
	0x14, 0x12, 0x0e, 0x09, 0x04, 0x00, 0x04, 0x01, 
	0x00, 0x04, 0x02, 0x01, 0x01, 0x01, 0x04, 0x04, 
	0x05, 0x04, 0x00, 0x01, 0x09, 0x04, 0x02, 0x04, 
	0x05, 0x01, 0x01, 0x05, 0x09, 0x00, 0x0d, 0x0a, 
	0x12, 0x0b, 0x10, 0x0d, 0x0e, 0x0a, 0x0a, 0x13, 
	0x0d, 0x0a, 0x05, 0x00, 0x05, 0x04, 0x01, 0x04, 
	0x00, 0x09, 0x05, 0x09, 0x06, 0x02, 0x00, 0x01, 
	0x01, 0x00, 0x00, 0x06, 0x0b, 0x10, 0x13, 0x14, 
	0x16, 0x0e, 0x0c, 0x0a, 0x14, 0x09, 0x0b, 0x11, 
	0x09, 0x07, 0x00, 0x01, 0x06, 0x00, 0x07, 0x0d, 
	0x0a, 0x09, 0x00, 0x05, 0x01, 0x00, 0x04, 0x01, 
	0x01, 0x00, 0x08, 0x08, 0x0a, 0x0b, 0x0c, 0x14, 
	0x10, 0x09, 0x0d, 0x0a, 0x0f, 0x14, 0x11, 0x0c, 
	0x11, 0x0c, 0x0a, 0x10, 0x08, 0x0d, 0x07, 0x05, 
	0x00, 0x00, 0x00, 0x00, 0x00, 0x0d, 0x05, 0x00, 
	0x01, 0x01, 0x09, 0x0d, 0x11, 0x0f, 0x16, 0x15, 
	0x13, 0x0c, 0x0c, 0x0c, 0x10, 0x0b, 0x0a, 0x0a, 
	0x0b, 0x0a, 0x08, 0x10, 0x08, 0x11, 0x09, 0x0b, 
	0x09, 0x07, 0x0a, 0x09, 0x00, 0x07, 0x00, 0x05, 
	0x09, 0x0b, 0x10, 0x0b, 0x10, 0x0a, 0x0c, 0x09, 
	0x01, 0x01, 0x01, 0x06, 0x10, 0x0d, 0x0b, 0x0b, 
	0x0b, 0x0b, 0x0b, 0x0b, 0x0f, 0x10, 0x0f, 0x0b, 
	0x0a, 0x07, 0x09, 0x09, 0x05, 0x07, 0x0a, 0x05, 
	0x0d, 0x08, 0x0b, 0x0c, 0x13, 0x0f, 0x15, 0x14, 
	0x14, 0x11, 0x12, 0x11, 0x0f, 0x0d, 0x0a, 0x0a, 
	0x0d, 0x08, 0x0a, 0x08, 0x0f, 0x0c, 0x13, 0x14, 
	0x0c, 0x0c, 0x11, 0x0b, 0x09, 0x09, 0x0a, 0x09, 
	0x0c, 0x14, 0x0c, 0x0c, 0x11, 0x0c, 0x14, 0x06, 
	0x01, 0x04, 0x07, 0x05, 0x04, 0x05, 0x11, 0x0b, 
	0x13, 0x0a, 0x0f, 0x11, 0x0c, 0x0f, 0x0c, 0x0c, 
	0x0e, 0x13, 0x10, 0x0e, 0x0d, 0x0a, 0x0a, 0x0d, 
	0x08, 0x0c, 0x0b, 0x0c, 0x0e, 0x15, 0x13, 0x13, 
	0x0e, 0x11, 0x0f, 0x15, 0x0a, 0x0b, 0x10, 0x0a, 
	0x0e, 0x0a, 0x13, 0x0b, 0x0e, 0x13, 0x12, 0x0c, 
	0x15, 0x15, 0x13, 0x0f, 0x0e, 0x0b, 0x14, 0x0c, 
	0x14, 0x0e, 0x0e, 0x0c, 0x0c, 0x11, 0x09, 0x07, 
	0x07, 0x0a, 0x00, 0x02, 0x02, 0x05, 0x05, 0x06, 
	0x0a, 0x0b, 0x0b, 0x0d, 0x11, 0x0b, 0x0b, 0x0b, 
	0x13, 0x14, 0x12, 0x15, 0x0c, 0x12, 0x0c, 0x0c, 
	0x0e, 0x0e, 0x14, 0x12, 0x0f, 0x15, 0x0e, 0x13, 
	0x0a, 0x13, 0x07, 0x07, 0x01, 0x00, 0x01, 0x06, 
	0x08, 0x08, 0x0a, 0x0a, 0x0b, 0x08, 0x09, 0x08, 
	0x0b, 0x0e, 0x0f, 0x16, 0x13, 0x13, 0x13, 0x12, 
	0x0c, 0x0a, 0x0c, 0x0a, 0x07, 0x00, 0x0d, 0x01, 
	0x01, 0x01, 0x02, 0x02, 0x02, 0x02, 0x00, 0x04, 
	0x01, 0x02, 0x05, 0x0d, 0x10, 0x12, 0x0a, 0x0a, 
	0x10, 0x13, 0x16, 0x12, 0x13, 0x15, 0x13, 0x14, 
	0x12, 0x13, 0x12, 0x0b, 0x0b, 0x0c, 0x08, 0x00, 
	0x00, 0x0d, 0x07, 0x01, 0x02, 0x04, 0x00, 0x01, 
	0x01, 0x04, 0x04, 0x06, 0x01, 0x0d, 0x01, 0x07, 
	0x09, 0x10, 0x13, 0x0f, 0x0f, 0x16, 0x13, 0x13, 
	0x09, 0x00, 0x08, 0x07, 0x07, 0x04, 0x01, 0x06, 
	0x05, 0x09, 0x0a, 0x05, 0x04, 0x02, 0x01, 0x00, 
	0x05, 0x07, 0x00, 0x01, 0x01, 0x0a, 0x07, 0x0d, 
	0x06, 0x0c, 0x0a, 0x0f, 0x14, 0x13, 0x14, 0x12, 
	0x0a, 0x0d, 0x09, 0x09, 0x06, 0x05, 0x05, 0x07, 
	0x07, 0x07, 0x0d, 0x01, 0x01, 0x06, 0x07, 0x00, 
	0x00, 0x07, 0x06, 0x00, 0x00, 0x09, 0x07, 0x08, 
	0x09, 0x0b, 0x0c, 0x14, 0x13, 0x0e, 0x0c, 0x0a, 
	0x0a, 0x07, 0x07, 0x09, 0x09, 0x01, 0x09, 0x00, 
	0x00, 0x0c, 0x0b, 0x0a, 0x08, 0x05, 0x09, 0x01, 
	0x01, 0x00, 0x00, 0x09, 0x07, 0x07, 0x06, 0x05, 
	0x06, 0x08, 0x01, 0x0b, 0x0b, 0x0c, 0x0d, 0x00, 
	0x09, 0x00, 0x05, 0x08, 0x09, 0x04, 0x09, 0x01, 
	0x00, 0x0a, 0x09, 0x0a, 0x10, 0x08, 0x0b, 0x07, 
	0x05, 0x05, 0x01, 0x05, 0x00, 0x00, 0x05, 0x05, 
	0x09, 0x07, 0x08, 0x0b, 0x0d, 0x09, 0x0b, 0x07, 
	0x07, 0x07, 0x06, 0x01, 0x07, 0x01, 0x07, 0x0c, 
	0x0b, 0x0f, 0x0c, 0x12, 0x0c, 0x0b, 0x0b, 0x10, 
	0x07, 0x05, 0x00, 0x0d, 0x07, 0x00, 0x09, 0x09, 
	0x05, 0x01, 0x00, 0x05, 0x07, 0x09, 0x01, 0x01, 
	0x01, 0x00, 0x01, 0x01, 0x09, 0x00, 0x05, 0x0c, 
	0x0a, 0x0f, 0x0a, 0x13, 0x0f, 0x14, 0x0e, 0x13, 
	0x0a, 0x09, 0x09, 0x09, 0x07, 0x06, 0x09, 0x09, 
	0x05, 0x00, 0x09, 0x09, 0x09, 0x0a, 0x09, 0x06, 
	0x07, 0x05, 0x00, 0x0d, 0x0d, 0x0b, 0x10, 0x11, 
	0x14, 0x11, 0x0a, 0x0b, 0x13, 0x0c, 0x14, 0x0c, 
	0x0a, 0x10, 0x07, 0x10, 0x07, 0x01, 0x01, 0x07, 
	0x05, 0x09, 0x01, 0x07, 0x01, 0x00, 0x00, 0x00, 
	0x00, 0x09, 0x06, 0x0d, 0x0d, 0x0d, 0x0a, 0x0d, 
	0x0d, 0x01, 0x01, 0x07, 0x13, 0x0c, 0x15, 0x15, 
	0x13, 0x13, 0x0a, 0x10, 0x07, 0x06, 0x06, 0x09, 
	0x05, 0x09, 0x05, 0x08, 0x09, 0x06, 0x07, 0x07, 
	0x05, 0x01, 0x0b, 0x0b, 0x13, 0x0b, 0x0c, 0x08, 
	0x07, 0x01, 0x01, 0x05, 0x09, 0x0a, 0x0a, 0x0a, 
	0x13, 0x0c, 0x10, 0x07, 0x0a, 0x0a, 0x07, 0x06, 
	0x00, 0x06, 0x04, 0x01, 0x01, 0x07, 0x07, 0x09, 
	0x0a, 0x08, 0x10, 0x0b, 0x13, 0x0a, 0x12, 0x05, 
	0x01, 0x04, 0x00, 0x07, 0x05, 0x0e, 0x0b, 0x0c, 
	0x16, 0x0f, 0x15, 0x0a, 0x0d, 0x09, 0x06, 0x04, 
	0x01, 0x01, 0x04, 0x04, 0x07, 0x00, 0x01, 0x01, 
	0x07, 0x0d, 0x11, 0x10, 0x07, 0x01, 0x00, 0x02, 
	0x02, 0x01, 0x04, 0x07, 0x01, 0x0d, 0x00, 0x08, 
	0x0d, 0x0a, 0x00, 0x01, 0x05, 0x0d, 0x0c, 0x0f, 
	0x0d, 0x09, 0x0d, 0x0c, 0x09, 0x0b, 0x09, 0x14, 
	0x0b, 0x0c, 0x12, 0x13, 0x0d, 0x09, 0x01, 0x01, 
	0x03, 0x04, 0x01, 0x07, 0x05, 0x0a, 0x0d, 0x0b, 
	0x0d, 0x08, 0x07, 0x0d, 0x0b, 0x0a, 0x0a, 0x10, 
	0x05, 0x01, 0x01, 0x06, 0x00, 0x04, 0x01, 0x08, 
	0x08, 0x07, 0x00, 0x04, 0x01, 0x05, 0x03, 0x02, 
	0x02, 0x01, 0x01, 0x04, 0x05, 0x07, 0x09, 0x0c, 
	0x08, 0x07, 0x07, 0x09, 0x09, 0x06, 0x0a, 0x15, 
	0x12, 0x0e, 0x13, 0x11, 0x0e, 0x15, 0x0c, 0x10, 
	0x0a, 0x10, 0x07, 0x05, 0x01, 0x07, 0x02, 0x02, 
	0x02, 0x05, 0x01, 0x07, 0x07, 0x07, 0x07, 0x0a, 
	0x05, 0x00, 0x02, 0x00, 0x01, 0x00, 0x08, 0x0b, 
	0x08, 0x0d, 0x0c, 0x0d, 0x0b, 0x0e, 0x0a, 0x10, 
	0x04, 0x01, 0x01, 0x07, 0x02, 0x04, 0x02, 0x04, 
	0x04, 0x02, 0x01, 0x08, 0x09, 0x09, 0x05, 0x07, 
	0x0a, 0x09, 0x09, 0x06, 0x01, 0x06, 0x01, 0x07, 
	0x0b, 0x07, 0x07, 0x10, 0x0e, 0x08, 0x10, 0x09, 
	0x04, 0x01, 0x01, 0x06, 0x02, 0x02, 0x04, 0x17, 
	0x02, 0x04, 0x01, 0x08, 0x08, 0x09, 0x07, 0x01, 
	0x07, 0x01, 0x05, 0x06, 0x04, 0x06, 0x04, 0x04, 
	0x01, 0x04, 0x01, 0x01, 0x07, 0x02, 0x05, 0x00, 
	
};

Gfx rpush_desertSand_pal_rgba16_aligner[] = {gsSPEndDisplayList()};
u8 rpush_desertSand_pal_rgba16[] = {
	0xf6, 0x19, 0xf6, 0x1b, 0xf6, 0x5f, 0xf6, 0x61, 
	0xf6, 0x5d, 0xf6, 0x17, 0xf5, 0xd7, 0xf5, 0xd5, 
	0xf5, 0xd1, 0xf5, 0xd3, 0xf5, 0x8f, 0xf5, 0x8d, 
	0xf5, 0x49, 0xf5, 0x91, 0xf5, 0x47, 0xf5, 0x03, 
	0xf5, 0x8b, 0xf5, 0x4b, 0xf5, 0x45, 0xf5, 0x01, 
	0xf5, 0x05, 0xf4, 0xc1, 0xf4, 0x81, 0xf6, 0xa3, 
	
};

Gfx rpush_desertTrim_rgba16_aligner[] = {gsSPEndDisplayList()};
u8 rpush_desertTrim_rgba16[] = {
	0x39, 0x01, 0x41, 0x81, 0x51, 0xc3, 0x5a, 0x05, 
	0x62, 0x89, 0x6a, 0x89, 0x5a, 0x47, 0x62, 0x07, 
	0x51, 0xc5, 0x49, 0x83, 0x5a, 0x47, 0x72, 0xcb, 
	0x52, 0x05, 0x41, 0x83, 0x51, 0xc3, 0x49, 0x81, 
	0x41, 0x41, 0x51, 0xc3, 0x5a, 0x03, 0x5a, 0x03, 
	0x6a, 0x87, 0x5a, 0x07, 0x62, 0x49, 0x6a, 0x87, 
	0x5a, 0x05, 0x5a, 0x05, 0x62, 0x47, 0x5a, 0x05, 
	0x51, 0xc3, 0x49, 0x83, 0x5a, 0x07, 0x49, 0x81, 
	0x39, 0x01, 0x41, 0x81, 0x51, 0xc3, 0x5a, 0x05, 
	0x62, 0x89, 0x6a, 0x89, 0x5a, 0x47, 0x62, 0x07, 
	0x51, 0xc5, 0x49, 0x83, 0x5a, 0x47, 0x72, 0xcb, 
	0x52, 0x05, 0x41, 0x83, 0x51, 0xc3, 0x49, 0x81, 
	0x41, 0x41, 0x51, 0xc3, 0x5a, 0x03, 0x5a, 0x03, 
	0x6a, 0x87, 0x5a, 0x07, 0x62, 0x49, 0x6a, 0x87, 
	0x5a, 0x05, 0x5a, 0x05, 0x62, 0x47, 0x5a, 0x05, 
	0x51, 0xc3, 0x49, 0x83, 0x5a, 0x07, 0x49, 0x81, 
	0x10, 0x01, 0xa3, 0xcb, 0x8a, 0xc5, 0x8a, 0xc5, 
	0x62, 0x4b, 0x93, 0x47, 0xac, 0x9b, 0xa4, 0x97, 
	0xac, 0x9b, 0xac, 0x9b, 0xac, 0x9d, 0xac, 0x9d, 
	0xa4, 0x97, 0xac, 0x9b, 0xac, 0x9d, 0xac, 0x9d, 
	0x93, 0x4b, 0x8b, 0x49, 0x93, 0x8b, 0x93, 0x89, 
	0x93, 0x49, 0x93, 0xcb, 0x9b, 0xcb, 0xbd, 0x61, 
	0x83, 0x0d, 0x00, 0x01, 0x28, 0x41, 0x20, 0x01, 
	0x38, 0x81, 0x20, 0x01, 0x30, 0x81, 0x8b, 0x91, 
	0x82, 0x01, 0x93, 0x47, 0x82, 0x83, 0x8a, 0xc7, 
	0x8a, 0xc5, 0x82, 0xc5, 0x82, 0x43, 0x8a, 0x83, 
	0x82, 0x83, 0x93, 0x05, 0x82, 0x83, 0x82, 0x83, 
	0x52, 0x05, 0x61, 0x81, 0x93, 0x89, 0x93, 0x49, 
	0x7a, 0x41, 0x9c, 0x0d, 0x93, 0x8b, 0x9c, 0x0f, 
	0xa4, 0x53, 0xa4, 0x95, 0xac, 0x97, 0xac, 0xdd, 
	0x83, 0x0d, 0x82, 0x43, 0x93, 0x89, 0x9c, 0x0d, 
	0x93, 0xcb, 0xa4, 0x4f, 0x93, 0xcf, 0x8b, 0x91, 
	0x93, 0x47, 0xa4, 0x0d, 0x9b, 0xcb, 0x9b, 0xc9, 
	0x8b, 0x91, 0xac, 0x91, 0xbd, 0x1f, 0xb4, 0xdd, 
	0xb4, 0x99, 0xbc, 0xdb, 0xbd, 0x21, 0xbd, 0x1f, 
	0xbd, 0x61, 0xc5, 0x61, 0xbd, 0x61, 0xa4, 0x51, 
	0xa4, 0x51, 0xa4, 0x0f, 0xa4, 0x0d, 0x9b, 0xcd, 
	0x9b, 0x8b, 0x93, 0x8b, 0xac, 0x4f, 0xcd, 0xe7, 
	0x83, 0x4f, 0x30, 0x81, 0x92, 0xc7, 0x92, 0xc7, 
	0x7a, 0x43, 0x72, 0x03, 0xb4, 0x93, 0x94, 0x17, 
	0x83, 0x4d, 0x93, 0xd1, 0x93, 0xd3, 0x83, 0x4f, 
	0x8b, 0x91, 0x8b, 0x51, 0x72, 0xcb, 0x6a, 0x89, 
	0x6a, 0x47, 0x72, 0xc9, 0x7a, 0xcd, 0x72, 0x8b, 
	0x73, 0x0d, 0x7a, 0x03, 0x9b, 0x8b, 0x93, 0x49, 
	0xac, 0x4f, 0xac, 0x51, 0xb4, 0x97, 0xa4, 0x93, 
	0xb4, 0x95, 0xac, 0x95, 0xa4, 0x51, 0xbd, 0x1d, 
	0x83, 0x4f, 0x72, 0xcd, 0x83, 0x0d, 0x83, 0x0f, 
	0x6a, 0xc9, 0x6a, 0x8b, 0x94, 0x15, 0x94, 0x17, 
	0xac, 0x0d, 0xa4, 0x0d, 0x92, 0xc7, 0x9b, 0xcb, 
	0x93, 0xd5, 0xb4, 0x93, 0xc5, 0x61, 0xcd, 0xa3, 
	0xc5, 0x5d, 0xc5, 0x1d, 0xcd, 0xa3, 0xcd, 0xa5, 
	0xcd, 0xa3, 0xcd, 0xa3, 0xbc, 0xd7, 0xb4, 0x95, 
	0xb4, 0x95, 0xb4, 0x95, 0xac, 0x53, 0xac, 0x51, 
	0xac, 0x0f, 0xb4, 0x51, 0xb4, 0x91, 0xd6, 0x27, 
	0x83, 0x4f, 0x49, 0x41, 0x9b, 0xcd, 0x8a, 0x87, 
	0x72, 0x05, 0x8a, 0x87, 0xd5, 0x9b, 0x9c, 0x97, 
	0x28, 0x81, 0x59, 0xc3, 0x51, 0x81, 0x6a, 0x05, 
	0x8a, 0x87, 0x8a, 0x87, 0x93, 0x09, 0x8a, 0x87, 
	0x8a, 0xc7, 0x82, 0x85, 0x7a, 0x85, 0x9b, 0x8b, 
	0x8b, 0x93, 0x62, 0x05, 0xa4, 0x0f, 0xac, 0x51, 
	0xac, 0x93, 0xbc, 0xd9, 0xbc, 0xd7, 0xb4, 0x95, 
	0xc5, 0x19, 0xbc, 0x95, 0xbc, 0x95, 0xb4, 0x91, 
	0x93, 0x49, 0x93, 0x09, 0x7a, 0x87, 0x93, 0x09, 
	0x93, 0x09, 0x93, 0x8b, 0xc5, 0x17, 0x9c, 0x97, 
	0x9b, 0x89, 0xa3, 0xcd, 0x9b, 0x4b, 0xa3, 0xcd, 
	0x8b, 0x93, 0xbc, 0x95, 0xd5, 0xe5, 0xcd, 0xe5, 
	0xcd, 0x61, 0xcd, 0xe5, 0xcd, 0x9f, 0xcd, 0xa3, 
	0xd5, 0xe3, 0xbc, 0xd7, 0xc4, 0xd9, 0xbc, 0xd7, 
	0xbc, 0xd9, 0xbc, 0xd9, 0xbc, 0x95, 0xb4, 0x95, 
	0xac, 0x53, 0xac, 0x51, 0xb4, 0x95, 0xd6, 0x27, 
	0x8b, 0x91, 0x49, 0x41, 0x92, 0xc7, 0x72, 0x05, 
	0x6a, 0x05, 0x72, 0x47, 0xb4, 0x51, 0x73, 0x0d, 
	0x41, 0x01, 0xbc, 0x97, 0xac, 0x4f, 0xa4, 0x0d, 
	0xb4, 0x91, 0xb4, 0x93, 0xa4, 0x0d, 0xb4, 0x91, 
	0xac, 0x4d, 0xac, 0x0f, 0xa3, 0xcd, 0xbd, 0x19, 
	0x93, 0xd3, 0x72, 0x47, 0xb4, 0x95, 0xa4, 0x0f, 
	0xb4, 0x93, 0xbc, 0xd5, 0xb4, 0x93, 0xb4, 0x93, 
	0xb4, 0x95, 0xc4, 0xd7, 0xb4, 0x91, 0xac, 0x51, 
	0xb4, 0x93, 0xbc, 0xd7, 0xac, 0x93, 0xbc, 0xd7, 
	0xbc, 0xd7, 0xb4, 0x95, 0xc4, 0xd7, 0x73, 0x0d, 
	0xac, 0x0b, 0xa3, 0xcd, 0xac, 0x0f, 0xa4, 0x0b, 
	0x93, 0xd3, 0xcd, 0xa3, 0xe6, 0xad, 0xde, 0x6d, 
	0xde, 0x29, 0xde, 0xad, 0xd6, 0x29, 0xde, 0x6d, 
	0xcd, 0xa1, 0xcd, 0xa3, 0xd5, 0xa3, 0xc5, 0x5f, 
	0xc5, 0x1d, 0xc5, 0x61, 0xcd, 0xe5, 0xd5, 0xe5, 
	0xcd, 0xe7, 0xde, 0x27, 0xd6, 0x27, 0xde, 0x6d, 
	0x93, 0x91, 0x59, 0x81, 0x8a, 0x87, 0x72, 0x45, 
	0x59, 0xc3, 0x93, 0x09, 0xc4, 0x93, 0x8b, 0x51, 
	0x41, 0x01, 0xb4, 0x91, 0xa4, 0x0d, 0x93, 0x49, 
	0xac, 0x0d, 0xac, 0x0f, 0xac, 0x0f, 0xac, 0x4f, 
	0xab, 0xcd, 0xa3, 0xcd, 0x9b, 0x8b, 0xac, 0x4f, 
	0x8b, 0x91, 0x8a, 0xc9, 0xa4, 0x11, 0xac, 0x95, 
	0xb4, 0x95, 0xc5, 0x5b, 0xc5, 0x19, 0xa4, 0x0f, 
	0xbc, 0xd7, 0xc5, 0x19, 0xc4, 0xd5, 0xbc, 0xd3, 
	0xb4, 0x93, 0xbc, 0x95, 0xbc, 0x97, 0xb4, 0x95, 
	0xb4, 0x95, 0xa3, 0xcd, 0xac, 0x53, 0x8b, 0x51, 
	0xb4, 0x0d, 0xbc, 0x91, 0xbc, 0x91, 0xb4, 0x51, 
	0xac, 0x99, 0x94, 0x57, 0x9c, 0x17, 0x9c, 0x57, 
	0x9c, 0x59, 0x9c, 0x59, 0xa4, 0x99, 0xa4, 0x99, 
	0x9c, 0x57, 0x9c, 0x57, 0x94, 0x17, 0x93, 0xd1, 
	0x7b, 0x0d, 0x93, 0x91, 0x93, 0x91, 0x94, 0x15, 
	0x94, 0x17, 0xac, 0x99, 0xac, 0x97, 0xac, 0x57, 
	0xac, 0x57, 0x59, 0x85, 0x9b, 0x4b, 0x9b, 0x8d, 
	0xb4, 0x91, 0xac, 0x51, 0xe5, 0x9d, 0xb4, 0x99, 
	0x6a, 0x47, 0xc4, 0x95, 0xbc, 0x91, 0x9b, 0x8d, 
	0xb4, 0x51, 0xac, 0x0f, 0xb4, 0x93, 0xb4, 0x51, 
	0xac, 0x0f, 0xac, 0x0d, 0xa3, 0xcf, 0xb4, 0x53, 
	0x9c, 0x57, 0x82, 0x89, 0xd5, 0x5b, 0xbc, 0x93, 
	0xb4, 0x93, 0xd5, 0x9d, 0xcd, 0x9b, 0xbc, 0x95, 
	0xc4, 0xd7, 0xd5, 0xa1, 0xcd, 0x5b, 0xcd, 0x5b, 
	0xcd, 0x59, 0xcd, 0x19, 0xcd, 0x9d, 0xc4, 0x93, 
	0xc4, 0x93, 0xbc, 0x93, 0xcd, 0x9f, 0xb4, 0x99, 
	0xac, 0x97, 0xb4, 0x9b, 0xac, 0xd9, 0xb4, 0xdd, 
	0xbd, 0x1d, 0xb4, 0xdd, 0xb4, 0xdd, 0xb4, 0xdd, 
	0xb4, 0xdf, 0xbd, 0x1d, 0xac, 0x9b, 0xbc, 0xdd, 
	0xb4, 0x9b, 0xac, 0x99, 0x9c, 0x57, 0x93, 0xd1, 
	0x8b, 0x91, 0x9c, 0x57, 0xb4, 0x9b, 0xac, 0x9b, 
	0x9c, 0x57, 0xb4, 0xdd, 0xbc, 0xdd, 0xb4, 0x99, 
	0xc5, 0x61, 0xc5, 0x1d, 0xc5, 0x1d, 0xb4, 0xdb, 
	0xbc, 0xdb, 0xb4, 0xdd, 0xcd, 0x61, 0xbc, 0xdd, 
	0xac, 0x97, 0xb4, 0x9b, 0xac, 0xd9, 0xb4, 0xdd, 
	0xbd, 0x1d, 0xb4, 0xdd, 0xb4, 0xdd, 0xb4, 0xdd, 
	0xb4, 0xdf, 0xbd, 0x1d, 0xac, 0x9b, 0xbc, 0xdd, 
	0xb4, 0x9b, 0xac, 0x99, 0x9c, 0x57, 0x93, 0xd1, 
	0x8b, 0x91, 0x9c, 0x57, 0xb4, 0x9b, 0xac, 0x9b, 
	0x9c, 0x57, 0xb4, 0xdd, 0xbc, 0xdd, 0xb4, 0x99, 
	0xc5, 0x61, 0xc5, 0x1d, 0xc5, 0x1d, 0xb4, 0xdb, 
	0xbc, 0xdb, 0xb4, 0xdd, 0xcd, 0x61, 0xbc, 0xdd, 
	0x38, 0x01, 0x38, 0x01, 0x58, 0xc1, 0x48, 0x81, 
	0x40, 0x01, 0x69, 0x41, 0x50, 0xc1, 0x38, 0x41, 
	0x48, 0x41, 0x50, 0x81, 0x61, 0x01, 0x58, 0xc1, 
	0x59, 0x01, 0x69, 0x41, 0x92, 0x41, 0x82, 0x01, 
	0x82, 0x01, 0x81, 0xc1, 0x79, 0x81, 0x69, 0x41, 
	0x79, 0xc1, 0x69, 0x81, 0x82, 0x41, 0x50, 0x81, 
	0x58, 0x81, 0x60, 0xc1, 0x48, 0x41, 0x48, 0x41, 
	0x28, 0x01, 0x30, 0x01, 0x61, 0x01, 0x60, 0xc1, 
	0x38, 0x01, 0x38, 0x01, 0x58, 0xc1, 0x48, 0x81, 
	0x40, 0x01, 0x69, 0x41, 0x50, 0xc1, 0x38, 0x41, 
	0x48, 0x41, 0x50, 0x81, 0x61, 0x01, 0x58, 0xc1, 
	0x59, 0x01, 0x69, 0x41, 0x92, 0x41, 0x82, 0x01, 
	0x82, 0x01, 0x81, 0xc1, 0x79, 0x81, 0x69, 0x41, 
	0x79, 0xc1, 0x69, 0x81, 0x82, 0x41, 0x50, 0x81, 
	0x58, 0x81, 0x60, 0xc1, 0x48, 0x41, 0x48, 0x41, 
	0x28, 0x01, 0x30, 0x01, 0x61, 0x01, 0x60, 0xc1, 
	0x30, 0x01, 0x40, 0x41, 0x58, 0xc1, 0x79, 0x81, 
	0x69, 0x01, 0x92, 0x41, 0x8a, 0x01, 0x81, 0x81, 
	0x81, 0xc1, 0x81, 0x81, 0x71, 0x41, 0x7a, 0x01, 
	0x7a, 0x01, 0x61, 0x01, 0x92, 0x83, 0x82, 0x41, 
	0x69, 0x41, 0x81, 0xc1, 0x9a, 0x83, 0x81, 0xc1, 
	0x79, 0x41, 0x71, 0x01, 0x79, 0x81, 0x79, 0x41, 
	0x71, 0x41, 0x79, 0xc1, 0x71, 0x81, 0x50, 0x81, 
	0x20, 0x01, 0x20, 0x01, 0x82, 0x01, 0x8a, 0x41, 
	0x30, 0x01, 0x40, 0x41, 0x58, 0xc1, 0x79, 0x81, 
	0x69, 0x01, 0x92, 0x41, 0x8a, 0x01, 0x81, 0x81, 
	0x81, 0xc1, 0x81, 0x81, 0x71, 0x41, 0x7a, 0x01, 
	0x7a, 0x01, 0x61, 0x01, 0x92, 0x83, 0x82, 0x41, 
	0x69, 0x41, 0x81, 0xc1, 0x9a, 0x83, 0x81, 0xc1, 
	0x79, 0x41, 0x71, 0x01, 0x79, 0x81, 0x79, 0x41, 
	0x71, 0x41, 0x79, 0xc1, 0x71, 0x81, 0x50, 0x81, 
	0x20, 0x01, 0x20, 0x01, 0x82, 0x01, 0x8a, 0x41, 
	0x40, 0x01, 0x79, 0x81, 0x89, 0xc1, 0x92, 0x01, 
	0xa2, 0x81, 0xb3, 0x03, 0xb3, 0x45, 0x9a, 0x41, 
	0x9a, 0x01, 0xa2, 0x83, 0x92, 0x41, 0xa3, 0x05, 
	0x7a, 0x01, 0x58, 0xc1, 0xa3, 0x05, 0x71, 0x41, 
	0x58, 0x81, 0xb3, 0x45, 0xcc, 0xd5, 0xc4, 0x4b, 
	0xb3, 0x47, 0x92, 0x41, 0xaa, 0xc3, 0xaa, 0x83, 
	0xa2, 0xc3, 0x92, 0x41, 0x79, 0x81, 0x79, 0x81, 
	0x61, 0x01, 0x30, 0x01, 0x89, 0xc1, 0x81, 0x81, 
	0x40, 0x01, 0x79, 0x81, 0x89, 0xc1, 0x92, 0x01, 
	0xa2, 0x81, 0xb3, 0x03, 0xb3, 0x45, 0x9a, 0x41, 
	0x9a, 0x01, 0xa2, 0x83, 0x92, 0x41, 0xa3, 0x05, 
	0x7a, 0x01, 0x58, 0xc1, 0xa3, 0x05, 0x71, 0x41, 
	0x58, 0x81, 0xb3, 0x45, 0xcc, 0xd5, 0xc4, 0x4b, 
	0xb3, 0x47, 0x92, 0x41, 0xaa, 0xc3, 0xaa, 0x83, 
	0xa2, 0xc3, 0x92, 0x41, 0x79, 0x81, 0x79, 0x81, 
	0x61, 0x01, 0x30, 0x01, 0x89, 0xc1, 0x81, 0x81, 
	0x58, 0xc1, 0xb4, 0x07, 0xa3, 0x45, 0x79, 0x81, 
	0x7a, 0x01, 0x81, 0xc1, 0x92, 0x01, 0x81, 0x81, 
	0x79, 0x41, 0x69, 0x41, 0x69, 0x41, 0x69, 0x41, 
	0x30, 0x01, 0x48, 0x01, 0xb3, 0x45, 0x82, 0x01, 
	0x71, 0x41, 0xbb, 0x85, 0xbb, 0x87, 0x9b, 0x03, 
	0x92, 0xc3, 0x92, 0xc1, 0x9b, 0x03, 0x8a, 0x41, 
	0x71, 0x81, 0x50, 0x81, 0x59, 0x01, 0x69, 0x81, 
	0x61, 0x01, 0x59, 0x01, 0xa3, 0x05, 0x69, 0x01, 
	0x58, 0xc1, 0xb4, 0x07, 0xa3, 0x45, 0x79, 0x81, 
	0x7a, 0x01, 0x81, 0xc1, 0x92, 0x01, 0x81, 0x81, 
	0x79, 0x41, 0x69, 0x41, 0x69, 0x41, 0x69, 0x41, 
	0x30, 0x01, 0x48, 0x01, 0xb3, 0x45, 0x82, 0x01, 
	0x71, 0x41, 0xbb, 0x85, 0xbb, 0x87, 0x9b, 0x03, 
	0x92, 0xc3, 0x92, 0xc1, 0x9b, 0x03, 0x8a, 0x41, 
	0x71, 0x81, 0x50, 0x81, 0x59, 0x01, 0x69, 0x81, 
	0x61, 0x01, 0x59, 0x01, 0xa3, 0x05, 0x69, 0x01, 
	0x69, 0x41, 0xbb, 0xc7, 0x9a, 0xc3, 0x58, 0xc1, 
	0x7a, 0x01, 0x92, 0x83, 0x9a, 0xc3, 0x92, 0xc1, 
	0x8a, 0x41, 0x69, 0x81, 0x50, 0xc1, 0x9b, 0x03, 
	0x79, 0xc1, 0x58, 0xc1, 0xbb, 0x87, 0x92, 0x83, 
	0x69, 0x01, 0xbb, 0xc9, 0x9a, 0xc3, 0x82, 0x01, 
	0x79, 0xc1, 0x9a, 0xc3, 0x9a, 0x83, 0x79, 0x81, 
	0x79, 0x41, 0x50, 0x81, 0x48, 0x41, 0x92, 0x81, 
	0x82, 0x01, 0x61, 0x01, 0xaa, 0xc5, 0x61, 0x01, 
	0x69, 0x41, 0xbb, 0xc7, 0x9a, 0xc3, 0x58, 0xc1, 
	0x7a, 0x01, 0x92, 0x83, 0x9a, 0xc3, 0x92, 0xc1, 
	0x8a, 0x41, 0x69, 0x81, 0x50, 0xc1, 0x9b, 0x03, 
	0x79, 0xc1, 0x58, 0xc1, 0xbb, 0x87, 0x92, 0x83, 
	0x69, 0x01, 0xbb, 0xc9, 0x9a, 0xc3, 0x82, 0x01, 
	0x79, 0xc1, 0x9a, 0xc3, 0x9a, 0x83, 0x79, 0x81, 
	0x79, 0x41, 0x50, 0x81, 0x48, 0x41, 0x92, 0x81, 
	0x82, 0x01, 0x61, 0x01, 0xaa, 0xc5, 0x61, 0x01, 
	0x71, 0x41, 0xbb, 0xc7, 0x92, 0x41, 0x69, 0x41, 
	0xa3, 0x45, 0xab, 0x45, 0xab, 0x85, 0xab, 0x45, 
	0xab, 0x85, 0x82, 0x01, 0x69, 0x81, 0xc3, 0xc7, 
	0x9b, 0x03, 0x81, 0xc1, 0xc4, 0x4f, 0x9a, 0x83, 
	0x71, 0x81, 0xc4, 0x4d, 0xb3, 0x87, 0x69, 0x41, 
	0xa3, 0x05, 0xbc, 0x09, 0xbb, 0xc7, 0x92, 0x41, 
	0x9a, 0x81, 0x8a, 0x01, 0x61, 0x01, 0xaa, 0xc3, 
	0x92, 0x41, 0x69, 0x41, 0xb3, 0x05, 0x8a, 0x01, 
	0x71, 0x41, 0xbb, 0xc7, 0x92, 0x41, 0x69, 0x41, 
	0xa3, 0x45, 0xab, 0x45, 0xab, 0x85, 0xab, 0x45, 
	0xab, 0x85, 0x82, 0x01, 0x69, 0x81, 0xc3, 0xc7, 
	0x9b, 0x03, 0x81, 0xc1, 0xc4, 0x4f, 0x9a, 0x83, 
	0x71, 0x81, 0xc4, 0x4d, 0xb3, 0x87, 0x69, 0x41, 
	0xa3, 0x05, 0xbc, 0x09, 0xbb, 0xc7, 0x92, 0x41, 
	0x9a, 0x81, 0x8a, 0x01, 0x61, 0x01, 0xaa, 0xc3, 
	0x92, 0x41, 0x69, 0x41, 0xb3, 0x05, 0x8a, 0x01, 
	0x79, 0x41, 0xc4, 0x09, 0x8a, 0x41, 0x69, 0x81, 
	0xab, 0x03, 0xa3, 0x45, 0x8a, 0xc1, 0x93, 0x01, 
	0x92, 0xc1, 0x7a, 0x01, 0x82, 0x81, 0xbb, 0xc7, 
	0x9a, 0xc3, 0x8a, 0x01, 0xd5, 0x17, 0xab, 0x05, 
	0x82, 0x01, 0xc3, 0xc7, 0xcc, 0x49, 0x92, 0x83, 
	0xcc, 0x4d, 0xc4, 0x09, 0x9b, 0x03, 0x8a, 0x01, 
	0x92, 0x41, 0x82, 0x01, 0x69, 0x41, 0xa2, 0x41, 
	0x9a, 0x83, 0x79, 0x81, 0xa2, 0xc3, 0x89, 0xc1, 
	0x79, 0x41, 0xc4, 0x09, 0x8a, 0x41, 0x69, 0x81, 
	0xab, 0x03, 0xa3, 0x45, 0x8a, 0xc1, 0x93, 0x01, 
	0x92, 0xc1, 0x7a, 0x01, 0x82, 0x81, 0xbb, 0xc7, 
	0x9a, 0xc3, 0x8a, 0x01, 0xd5, 0x17, 0xab, 0x05, 
	0x82, 0x01, 0xc3, 0xc7, 0xcc, 0x49, 0x92, 0x83, 
	0xcc, 0x4d, 0xc4, 0x09, 0x9b, 0x03, 0x8a, 0x01, 
	0x92, 0x41, 0x82, 0x01, 0x69, 0x41, 0xa2, 0x41, 
	0x9a, 0x83, 0x79, 0x81, 0xa2, 0xc3, 0x89, 0xc1, 
	0x79, 0x41, 0xc4, 0x07, 0x9b, 0x03, 0x79, 0xc1, 
	0xbb, 0xc7, 0x9a, 0xc3, 0x7a, 0x01, 0x69, 0x81, 
	0x81, 0xc1, 0x82, 0x41, 0x82, 0x41, 0xab, 0x45, 
	0x89, 0xc1, 0x71, 0x81, 0xc4, 0x0b, 0xb3, 0x45, 
	0x79, 0xc1, 0xa2, 0xc3, 0xbb, 0x87, 0x92, 0x41, 
	0xcc, 0x8d, 0xbb, 0xc7, 0x81, 0xc1, 0x58, 0xc1, 
	0x91, 0xc1, 0x71, 0x41, 0x60, 0xc1, 0xb3, 0x05, 
	0x92, 0x43, 0x69, 0x01, 0x9a, 0x83, 0x81, 0xc1, 
	0x79, 0x41, 0xc4, 0x07, 0x9b, 0x03, 0x79, 0xc1, 
	0xbb, 0xc7, 0x9a, 0xc3, 0x7a, 0x01, 0x69, 0x81, 
	0x81, 0xc1, 0x82, 0x41, 0x82, 0x41, 0xab, 0x45, 
	0x89, 0xc1, 0x71, 0x81, 0xc4, 0x0b, 0xb3, 0x45, 
	0x79, 0xc1, 0xa2, 0xc3, 0xbb, 0x87, 0x92, 0x41, 
	0xcc, 0x8d, 0xbb, 0xc7, 0x81, 0xc1, 0x58, 0xc1, 
	0x91, 0xc1, 0x71, 0x41, 0x60, 0xc1, 0xb3, 0x05, 
	0x92, 0x43, 0x69, 0x01, 0x9a, 0x83, 0x81, 0xc1, 
	0x71, 0x41, 0xbb, 0x85, 0x9a, 0x83, 0x71, 0x41, 
	0xb3, 0x45, 0x92, 0x01, 0x71, 0x41, 0x9a, 0x81, 
	0xb3, 0x05, 0x50, 0x81, 0x40, 0x41, 0x92, 0x01, 
	0x81, 0x81, 0x61, 0x01, 0xa3, 0x03, 0x9a, 0x83, 
	0x69, 0x41, 0xab, 0x05, 0xb3, 0x45, 0x9b, 0x03, 
	0xc4, 0x4b, 0xbb, 0xc7, 0x92, 0x81, 0x9a, 0xc3, 
	0xaa, 0xc3, 0x8a, 0x01, 0x61, 0x01, 0xab, 0x05, 
	0x71, 0x41, 0x58, 0xc1, 0xa2, 0xc5, 0x69, 0x01, 
	0x71, 0x41, 0xbb, 0x85, 0x9a, 0x83, 0x71, 0x41, 
	0xb3, 0x45, 0x92, 0x01, 0x71, 0x41, 0x9a, 0x81, 
	0xb3, 0x05, 0x50, 0x81, 0x40, 0x41, 0x92, 0x01, 
	0x81, 0x81, 0x61, 0x01, 0xa3, 0x03, 0x9a, 0x83, 
	0x69, 0x41, 0xab, 0x05, 0xb3, 0x45, 0x9b, 0x03, 
	0xc4, 0x4b, 0xbb, 0xc7, 0x92, 0x81, 0x9a, 0xc3, 
	0xaa, 0xc3, 0x8a, 0x01, 0x61, 0x01, 0xab, 0x05, 
	0x71, 0x41, 0x58, 0xc1, 0xa2, 0xc5, 0x69, 0x01, 
	0x71, 0x01, 0xcc, 0x8d, 0xb3, 0x87, 0x92, 0x41, 
	0xb3, 0x45, 0x9b, 0x03, 0x8a, 0x01, 0x92, 0x01, 
	0x81, 0xc1, 0x50, 0x81, 0x38, 0x01, 0xaa, 0x83, 
	0x9a, 0x41, 0x69, 0x41, 0xab, 0xc7, 0x9b, 0x05, 
	0x58, 0xc1, 0xbb, 0x87, 0xaa, 0xc3, 0x8a, 0x41, 
	0xab, 0x05, 0x9a, 0xc3, 0x9a, 0xc3, 0x92, 0x01, 
	0x89, 0xc1, 0x48, 0x41, 0x38, 0x01, 0x9a, 0xc3, 
	0x79, 0x81, 0x8a, 0x81, 0xbb, 0xc9, 0x92, 0x43, 
	0x71, 0x01, 0xcc, 0x8d, 0xb3, 0x87, 0x92, 0x41, 
	0xb3, 0x45, 0x9b, 0x03, 0x8a, 0x01, 0x92, 0x01, 
	0x81, 0xc1, 0x50, 0x81, 0x38, 0x01, 0xaa, 0x83, 
	0x9a, 0x41, 0x69, 0x41, 0xab, 0xc7, 0x9b, 0x05, 
	0x58, 0xc1, 0xbb, 0x87, 0xaa, 0xc3, 0x8a, 0x41, 
	0xab, 0x05, 0x9a, 0xc3, 0x9a, 0xc3, 0x92, 0x01, 
	0x89, 0xc1, 0x48, 0x41, 0x38, 0x01, 0x9a, 0xc3, 
	0x79, 0x81, 0x8a, 0x81, 0xbb, 0xc9, 0x92, 0x43, 
	0x82, 0x01, 0xbb, 0xcb, 0xab, 0x05, 0x8a, 0x01, 
	0xbb, 0xc7, 0x9a, 0x83, 0x79, 0xc1, 0x71, 0x81, 
	0x48, 0x41, 0x61, 0x01, 0x58, 0x81, 0xbb, 0xcb, 
	0xa2, 0xc3, 0x82, 0x01, 0xbb, 0xc7, 0xab, 0x45, 
	0x79, 0x41, 0xbb, 0xcb, 0xbb, 0x87, 0x82, 0x01, 
	0xb3, 0x45, 0x92, 0x83, 0x71, 0x81, 0x71, 0x81, 
	0x58, 0xc1, 0x38, 0x01, 0x38, 0x41, 0xab, 0x87, 
	0x71, 0x81, 0x82, 0x41, 0xc4, 0x89, 0x92, 0xc3, 
	0x82, 0x01, 0xbb, 0xcb, 0xab, 0x05, 0x8a, 0x01, 
	0xbb, 0xc7, 0x9a, 0x83, 0x79, 0xc1, 0x71, 0x81, 
	0x48, 0x41, 0x61, 0x01, 0x58, 0x81, 0xbb, 0xcb, 
	0xa2, 0xc3, 0x82, 0x01, 0xbb, 0xc7, 0xab, 0x45, 
	0x79, 0x41, 0xbb, 0xcb, 0xbb, 0x87, 0x82, 0x01, 
	0xb3, 0x45, 0x92, 0x83, 0x71, 0x81, 0x71, 0x81, 
	0x58, 0xc1, 0x38, 0x01, 0x38, 0x41, 0xab, 0x87, 
	0x71, 0x81, 0x82, 0x41, 0xc4, 0x89, 0x92, 0xc3, 
	0x40, 0x41, 0xa3, 0x05, 0x9a, 0x83, 0x92, 0x83, 
	0xbb, 0xcb, 0xc4, 0x0d, 0xb3, 0x45, 0x89, 0xc1, 
	0x8a, 0x01, 0x92, 0x01, 0xab, 0x05, 0xcc, 0x91, 
	0x9a, 0x83, 0x71, 0x81, 0xc4, 0x09, 0xab, 0x05, 
	0x69, 0x01, 0xc4, 0x4d, 0xbb, 0xc9, 0x92, 0x01, 
	0xbb, 0xc9, 0xbb, 0x47, 0xab, 0x05, 0xa2, 0xc3, 
	0x92, 0x01, 0x8a, 0x01, 0x79, 0xc1, 0xa2, 0xc3, 
	0x61, 0x41, 0x71, 0xc1, 0xcc, 0x89, 0x9b, 0x03, 
	0x40, 0x41, 0xa3, 0x05, 0x9a, 0x83, 0x92, 0x83, 
	0xbb, 0xcb, 0xc4, 0x0d, 0xb3, 0x45, 0x89, 0xc1, 
	0x8a, 0x01, 0x92, 0x01, 0xab, 0x05, 0xcc, 0x91, 
	0x9a, 0x83, 0x71, 0x81, 0xc4, 0x09, 0xab, 0x05, 
	0x69, 0x01, 0xc4, 0x4d, 0xbb, 0xc9, 0x92, 0x01, 
	0xbb, 0xc9, 0xbb, 0x47, 0xab, 0x05, 0xa2, 0xc3, 
	0x92, 0x01, 0x8a, 0x01, 0x79, 0xc1, 0xa2, 0xc3, 
	0x61, 0x41, 0x71, 0xc1, 0xcc, 0x89, 0x9b, 0x03, 
	0x30, 0x01, 0x82, 0x01, 0x81, 0xc1, 0x8a, 0x01, 
	0xab, 0x05, 0xc3, 0xcb, 0xab, 0x05, 0x92, 0xc3, 
	0x8a, 0x41, 0xa2, 0xc5, 0xbb, 0x47, 0xc4, 0x0b, 
	0x8a, 0x01, 0x69, 0x81, 0xa2, 0xc5, 0x89, 0x81, 
	0x69, 0x01, 0xab, 0x85, 0xa2, 0x83, 0x79, 0x81, 
	0x92, 0x01, 0xab, 0x05, 0xa3, 0x05, 0xaa, 0xc5, 
	0xa2, 0x83, 0x9a, 0xc3, 0x81, 0xc1, 0x81, 0xc1, 
	0x28, 0x01, 0x30, 0x01, 0xb3, 0x87, 0x79, 0xc1, 
	0x30, 0x01, 0x82, 0x01, 0x81, 0xc1, 0x8a, 0x01, 
	0xab, 0x05, 0xc3, 0xcb, 0xab, 0x05, 0x92, 0xc3, 
	0x8a, 0x41, 0xa2, 0xc5, 0xbb, 0x47, 0xc4, 0x0b, 
	0x8a, 0x01, 0x69, 0x81, 0xa2, 0xc5, 0x89, 0x81, 
	0x69, 0x01, 0xab, 0x85, 0xa2, 0x83, 0x79, 0x81, 
	0x92, 0x01, 0xab, 0x05, 0xa3, 0x05, 0xaa, 0xc5, 
	0xa2, 0x83, 0x9a, 0xc3, 0x81, 0xc1, 0x81, 0xc1, 
	0x28, 0x01, 0x30, 0x01, 0xb3, 0x87, 0x79, 0xc1, 
	0x38, 0x01, 0x71, 0x81, 0x81, 0xc1, 0x71, 0x41, 
	0x8a, 0x01, 0x8a, 0x01, 0x8a, 0x01, 0x71, 0x81, 
	0x68, 0xc1, 0x81, 0xc1, 0x91, 0xc1, 0x9a, 0x83, 
	0x82, 0x01, 0x79, 0x81, 0x9a, 0x43, 0x71, 0x41, 
	0x50, 0xc1, 0x93, 0x03, 0x92, 0x83, 0x50, 0x81, 
	0x71, 0x41, 0x82, 0x01, 0x92, 0x81, 0x92, 0xc1, 
	0x8a, 0x01, 0x79, 0x81, 0x58, 0xc1, 0x40, 0x01, 
	0x18, 0x01, 0x20, 0x01, 0x92, 0x85, 0x50, 0x81, 
	0x38, 0x01, 0x71, 0x81, 0x81, 0xc1, 0x71, 0x41, 
	0x8a, 0x01, 0x8a, 0x01, 0x8a, 0x01, 0x71, 0x81, 
	0x68, 0xc1, 0x81, 0xc1, 0x91, 0xc1, 0x9a, 0x83, 
	0x82, 0x01, 0x79, 0x81, 0x9a, 0x43, 0x71, 0x41, 
	0x50, 0xc1, 0x93, 0x03, 0x92, 0x83, 0x50, 0x81, 
	0x71, 0x41, 0x82, 0x01, 0x92, 0x81, 0x92, 0xc1, 
	0x8a, 0x01, 0x79, 0x81, 0x58, 0xc1, 0x40, 0x01, 
	0x18, 0x01, 0x20, 0x01, 0x92, 0x85, 0x50, 0x81, 
	0x50, 0xc1, 0x81, 0xc1, 0xa2, 0xc3, 0x9a, 0x83, 
	0xab, 0x05, 0x92, 0x01, 0x92, 0x43, 0x89, 0xc1, 
	0x92, 0x01, 0x92, 0x01, 0x9a, 0x43, 0x9a, 0x01, 
	0xa2, 0x83, 0xaa, 0xc5, 0xb3, 0x87, 0x69, 0x41, 
	0x40, 0x01, 0xa3, 0x43, 0xa3, 0x85, 0x92, 0x01, 
	0x8a, 0x01, 0x92, 0xc3, 0x92, 0xc3, 0xa3, 0x45, 
	0xa2, 0xc3, 0x89, 0xc1, 0x82, 0x01, 0x92, 0x41, 
	0x79, 0xc1, 0x8a, 0x01, 0xa3, 0x85, 0x50, 0xc1, 
	0x50, 0xc1, 0x81, 0xc1, 0xa2, 0xc3, 0x9a, 0x83, 
	0xab, 0x05, 0x92, 0x01, 0x92, 0x43, 0x89, 0xc1, 
	0x92, 0x01, 0x92, 0x01, 0x9a, 0x43, 0x9a, 0x01, 
	0xa2, 0x83, 0xaa, 0xc5, 0xb3, 0x87, 0x69, 0x41, 
	0x40, 0x01, 0xa3, 0x43, 0xa3, 0x85, 0x92, 0x01, 
	0x8a, 0x01, 0x92, 0xc3, 0x92, 0xc3, 0xa3, 0x45, 
	0xa2, 0xc3, 0x89, 0xc1, 0x82, 0x01, 0x92, 0x41, 
	0x79, 0xc1, 0x8a, 0x01, 0xa3, 0x85, 0x50, 0xc1, 
	0x08, 0x01, 0x38, 0x41, 0x38, 0x01, 0x51, 0x01, 
	0x50, 0x81, 0x58, 0x81, 0x40, 0x01, 0x69, 0x41, 
	0x59, 0x01, 0x58, 0xc1, 0x69, 0x41, 0x20, 0x01, 
	0x20, 0x01, 0x40, 0x01, 0x61, 0x01, 0x38, 0x41, 
	0x00, 0x01, 0x69, 0x81, 0x40, 0x41, 0x30, 0x01, 
	0x20, 0x01, 0x30, 0x01, 0x59, 0x01, 0x38, 0x01, 
	0x40, 0x81, 0x58, 0x81, 0x50, 0xc1, 0x50, 0xc1, 
	0x69, 0x81, 0x81, 0xc1, 0x72, 0x41, 0x20, 0x01, 
	0x08, 0x01, 0x38, 0x41, 0x38, 0x01, 0x51, 0x01, 
	0x50, 0x81, 0x58, 0x81, 0x40, 0x01, 0x69, 0x41, 
	0x59, 0x01, 0x58, 0xc1, 0x69, 0x41, 0x20, 0x01, 
	0x20, 0x01, 0x40, 0x01, 0x61, 0x01, 0x38, 0x41, 
	0x00, 0x01, 0x69, 0x81, 0x40, 0x41, 0x30, 0x01, 
	0x20, 0x01, 0x30, 0x01, 0x59, 0x01, 0x38, 0x01, 
	0x40, 0x81, 0x58, 0x81, 0x50, 0xc1, 0x50, 0xc1, 
	0x69, 0x81, 0x81, 0xc1, 0x72, 0x41, 0x20, 0x01, 
	0x52, 0x05, 0x5a, 0x05, 0x5a, 0x45, 0x72, 0xc9, 
	0x72, 0xc9, 0x5a, 0x05, 0x62, 0x47, 0x62, 0x45, 
	0x49, 0x83, 0x62, 0x47, 0x62, 0x47, 0x51, 0xc1, 
	0x51, 0xc3, 0x49, 0xc1, 0x5a, 0x47, 0x62, 0x43, 
	0x39, 0x41, 0x62, 0x85, 0x41, 0x41, 0x39, 0x01, 
	0x51, 0x81, 0x49, 0xc1, 0x5a, 0x05, 0x5a, 0x07, 
	0x51, 0xc3, 0x41, 0x41, 0x51, 0xc3, 0x5a, 0x05, 
	0x62, 0x47, 0x62, 0x89, 0x83, 0x0b, 0x51, 0xc1, 
	0x52, 0x05, 0x5a, 0x05, 0x5a, 0x45, 0x72, 0xc9, 
	0x72, 0xc9, 0x5a, 0x05, 0x62, 0x47, 0x62, 0x45, 
	0x49, 0x83, 0x62, 0x47, 0x62, 0x47, 0x51, 0xc1, 
	0x51, 0xc3, 0x49, 0xc1, 0x5a, 0x47, 0x62, 0x43, 
	0x39, 0x41, 0x62, 0x85, 0x41, 0x41, 0x39, 0x01, 
	0x51, 0x81, 0x49, 0xc1, 0x5a, 0x05, 0x5a, 0x07, 
	0x51, 0xc3, 0x41, 0x41, 0x51, 0xc3, 0x5a, 0x05, 
	0x62, 0x47, 0x62, 0x89, 0x83, 0x0b, 0x51, 0xc1, 
	0x40, 0xc1, 0x93, 0x89, 0x8b, 0x05, 0x93, 0x49, 
	0x8b, 0x07, 0x7a, 0x43, 0x82, 0x43, 0x93, 0x89, 
	0x93, 0xcb, 0x9c, 0x0d, 0x93, 0x45, 0xac, 0x97, 
	0x7a, 0xcb, 0x82, 0x83, 0xac, 0x93, 0xa4, 0x53, 
	0x9c, 0x0d, 0x9c, 0x4f, 0x93, 0xcb, 0x93, 0x87, 
	0x93, 0x8b, 0x9c, 0x0d, 0x93, 0x89, 0x9b, 0xcd, 
	0x7a, 0x41, 0x8b, 0x07, 0x82, 0x83, 0x8b, 0x05, 
	0x8b, 0x05, 0x93, 0x49, 0xac, 0x91, 0x7b, 0x0b, 
	0x82, 0x81, 0x71, 0xc1, 0x72, 0x01, 0x7a, 0x41, 
	0x72, 0x01, 0x8b, 0x03, 0x82, 0xc3, 0x82, 0x83, 
	0x51, 0x41, 0x51, 0x41, 0x49, 0x01, 0x8a, 0xc5, 
	0x7a, 0xcb, 0x28, 0x41, 0x9c, 0x0d, 0x9c, 0x0b, 
	0x93, 0x47, 0x82, 0x83, 0x82, 0x83, 0x8a, 0xc3, 
	0x82, 0x41, 0x82, 0x43, 0x82, 0x83, 0x8a, 0xc5, 
	0x62, 0x89, 0x20, 0x41, 0x6a, 0x01, 0x61, 0xc1, 
	0x61, 0x81, 0x7a, 0x41, 0xa3, 0xcb, 0x7b, 0x0b, 
	0x40, 0xc1, 0x8a, 0xc5, 0x93, 0x07, 0x93, 0x49, 
	0x93, 0x89, 0x93, 0x07, 0x9c, 0x0d, 0xa4, 0x0b, 
	0xa4, 0x51, 0x9b, 0xcf, 0xac, 0x51, 0xb4, 0xd7, 
	0x6a, 0xcb, 0x82, 0x43, 0xac, 0x95, 0xa4, 0x4f, 
	0xa4, 0x0f, 0xac, 0x93, 0xa4, 0x0f, 0xa4, 0x0d, 
	0xa4, 0x0d, 0xb4, 0x93, 0xa4, 0x0d, 0x93, 0x05, 
	0x93, 0x07, 0x8a, 0xc5, 0x82, 0x85, 0x93, 0x07, 
	0x93, 0x07, 0x93, 0x07, 0xb4, 0x93, 0x83, 0x4f, 
	0x8a, 0x83, 0x8a, 0xc5, 0x6a, 0x01, 0x61, 0xc1, 
	0x8a, 0x83, 0x93, 0x05, 0x93, 0x45, 0x59, 0x81, 
	0x40, 0xc1, 0x61, 0x81, 0x69, 0xc3, 0x93, 0x49, 
	0x6a, 0xcb, 0x38, 0xc1, 0xa4, 0x0f, 0x93, 0x89, 
	0x93, 0x07, 0x8a, 0xc7, 0x93, 0x49, 0x9b, 0xcb, 
	0x93, 0x07, 0x93, 0x07, 0x8a, 0xc5, 0x93, 0x8b, 
	0x83, 0x4d, 0x59, 0x81, 0x72, 0x41, 0x7a, 0x43, 
	0x8a, 0x85, 0x7a, 0x43, 0x9b, 0x8b, 0x83, 0x4f, 
	0x51, 0x41, 0x93, 0x09, 0x93, 0x49, 0x9b, 0x8b, 
	0x93, 0x49, 0x9b, 0xcb, 0xac, 0x4f, 0xac, 0x51, 
	0xac, 0x91, 0xa4, 0x51, 0x93, 0x8b, 0xb4, 0xd7, 
	0x83, 0x4f, 0x9b, 0x89, 0xbc, 0xd7, 0xa4, 0x0f, 
	0xac, 0x4f, 0xb4, 0x95, 0xb4, 0x95, 0xb4, 0x93, 
	0xa4, 0x0f, 0xb4, 0x93, 0x92, 0xc7, 0x8a, 0x87, 
	0x8a, 0xc7, 0x82, 0x85, 0x82, 0x45, 0x7a, 0x85, 
	0x7a, 0x85, 0x8a, 0x87, 0xb4, 0x93, 0x6a, 0x8d, 
	0x9b, 0xcb, 0xa4, 0x4f, 0x93, 0x8b, 0x93, 0x49, 
	0x9b, 0xcb, 0x9b, 0x8b, 0x72, 0x03, 0x51, 0x81, 
	0x61, 0xc3, 0x62, 0x03, 0x72, 0x03, 0x93, 0x09, 
	0x83, 0x4f, 0x59, 0x83, 0xb4, 0x4f, 0x9b, 0x8b, 
	0x93, 0x4b, 0x9b, 0x8b, 0xa3, 0xcd, 0xa4, 0x0f, 
	0xa4, 0x0d, 0xa4, 0x0d, 0x9b, 0xcd, 0xc5, 0x1b, 
	0x72, 0xcd, 0x59, 0xc1, 0x93, 0x49, 0x93, 0x89, 
	0x93, 0x07, 0x93, 0x49, 0xb4, 0x11, 0x6a, 0x8d, 
	0x61, 0xc3, 0xac, 0x4f, 0xa3, 0xcd, 0xa4, 0x0f, 
	0xac, 0x4f, 0xbc, 0x93, 0xcd, 0x5f, 0xbc, 0xd5, 
	0xb4, 0x93, 0xac, 0x4f, 0x9b, 0xcb, 0xbc, 0xd9, 
	0x8b, 0x8f, 0xc5, 0x1b, 0xd5, 0xe5, 0xcd, 0xe5, 
	0xcd, 0xa3, 0xcd, 0xa3, 0xc5, 0x1d, 0xbc, 0xd7, 
	0xc5, 0x61, 0xb4, 0x95, 0xb4, 0x91, 0xb4, 0x93, 
	0xac, 0x93, 0x61, 0xc3, 0x93, 0x09, 0x93, 0x09, 
	0x93, 0x09, 0xa3, 0xcd, 0xbc, 0xd7, 0x93, 0xd3, 
	0xa3, 0xcb, 0xa4, 0x0d, 0xa3, 0xcd, 0x9b, 0x89, 
	0xa4, 0x0d, 0x8a, 0xc9, 0x82, 0xc7, 0x6a, 0x45, 
	0x72, 0x45, 0x72, 0x45, 0x6a, 0x03, 0xac, 0x4f, 
	0x8b, 0x8f, 0x59, 0x83, 0xa3, 0xcd, 0x9b, 0x8b, 
	0x93, 0x09, 0xa3, 0xcb, 0xa3, 0xcd, 0xa3, 0xcd, 
	0x9b, 0xcd, 0xac, 0x4f, 0xbc, 0x93, 0xc5, 0x5f, 
	0x8b, 0xd3, 0x51, 0x81, 0x9b, 0x89, 0xac, 0x4d, 
	0x9b, 0x89, 0x93, 0x07, 0xb4, 0x0f, 0x93, 0xd3, 
	0x7a, 0x87, 0xac, 0x4f, 0x9b, 0x8b, 0xac, 0x91, 
	0xbc, 0x91, 0xc5, 0x1b, 0xc5, 0x17, 0xc5, 0x19, 
	0xb4, 0x91, 0xac, 0x4f, 0xa4, 0x0d, 0xbd, 0x1b, 
	0x93, 0xd1, 0x93, 0xd1, 0x93, 0xd1, 0x94, 0x57, 
	0x93, 0xd1, 0x8b, 0x91, 0x7b, 0x0d, 0x83, 0x4f, 
	0x93, 0xd3, 0x94, 0x15, 0x94, 0x15, 0x94, 0x15, 
	0x94, 0x15, 0x39, 0x01, 0xa4, 0x0f, 0x9b, 0xcd, 
	0x9b, 0xcd, 0x9b, 0xcd, 0xcd, 0x9f, 0x9c, 0x57, 
	0x9b, 0x89, 0xa3, 0xcd, 0x9b, 0xcb, 0x9b, 0x8b, 
	0x82, 0xc7, 0x8a, 0xc7, 0x93, 0x09, 0x8a, 0xc9, 
	0x82, 0xc7, 0x8a, 0xc9, 0x8b, 0x09, 0xb4, 0x51, 
	0x93, 0xd1, 0x69, 0xc5, 0x9b, 0x8b, 0x9b, 0x8b, 
	0x9b, 0xcb, 0xa4, 0x0d, 0xa4, 0x0f, 0x93, 0x09, 
	0xa4, 0x0d, 0xc5, 0x5b, 0xc4, 0xd7, 0xc5, 0x5d, 
	0x94, 0x15, 0x59, 0x81, 0x93, 0x07, 0x9b, 0x89, 
	0x93, 0x07, 0x7a, 0x85, 0xbc, 0x91, 0x9c, 0x57, 
	0x82, 0xcb, 0xb4, 0x93, 0xbc, 0x95, 0xac, 0x11, 
	0xcd, 0x17, 0xd5, 0x9f, 0xd5, 0x9f, 0xde, 0x25, 
	0xd5, 0x9f, 0xcd, 0x5b, 0xcd, 0x9d, 0xcd, 0x9d, 
	0xa4, 0x97, 0xb4, 0x4f, 0xc4, 0xd5, 0xcd, 0x57, 
	0xbc, 0xd3, 0xb4, 0x93, 0xb4, 0x93, 0xa3, 0xcf, 
	0x9b, 0x8d, 0xa3, 0x8d, 0xa3, 0xcf, 0xd5, 0x9b, 
	0xac, 0x9d, 0x6a, 0x47, 0xbc, 0x95, 0xbc, 0x93, 
	0xbc, 0x93, 0xc5, 0x17, 0xde, 0x25, 0xc5, 0x61, 
	0xac, 0x0f, 0xbc, 0x93, 0xac, 0x4f, 0x8b, 0x0b, 
	0x93, 0x09, 0x93, 0x4b, 0xa4, 0x0f, 0xac, 0x0f, 
	0x9b, 0x8d, 0x9b, 0x8d, 0x9b, 0x8d, 0xcd, 0x17, 
	0xa4, 0x97, 0x82, 0xc9, 0xb4, 0x51, 0xb4, 0x51, 
	0xbc, 0x93, 0xbc, 0x93, 0xc4, 0xd5, 0xb4, 0x91, 
	0xdd, 0xe3, 0xd5, 0xe1, 0xd5, 0x9d, 0xde, 0x25, 
	0xac, 0x9d, 0x6a, 0x45, 0xa3, 0xcb, 0xa3, 0x8b, 
	0xa3, 0xcd, 0xac, 0x0f, 0xd5, 0x17, 0xc5, 0x61, 
	0x9c, 0x59, 0xcd, 0xa3, 0xbc, 0xdd, 0xac, 0x9b, 
	0xb4, 0xdf, 0xbd, 0x1f, 0xd5, 0xe3, 0xb4, 0x9b, 
	0x8b, 0x4f, 0xb5, 0x1d, 0xac, 0x99, 0xbd, 0x1d, 
	0xac, 0xdb, 0xb4, 0xdb, 0xbd, 0x1f, 0xb4, 0xdb, 
	0xa4, 0x57, 0xbd, 0x1f, 0xb4, 0x99, 0xac, 0x97, 
	0xac, 0x9b, 0xbd, 0x1f, 0xc5, 0x63, 0xcd, 0xa1, 
	0xd5, 0xa5, 0xcd, 0xe5, 0xde, 0x65, 0xd5, 0xe3, 
	0xc5, 0xa3, 0xbd, 0x1f, 0xb4, 0xdd, 0x93, 0xd5, 
	0x9c, 0x59, 0xcd, 0xa3, 0xbc, 0xdd, 0xac, 0x9b, 
	0xb4, 0xdf, 0xbd, 0x1f, 0xd5, 0xe3, 0xb4, 0x9b, 
	0x8b, 0x4f, 0xb5, 0x1d, 0xac, 0x99, 0xbd, 0x1d, 
	0xac, 0xdb, 0xb4, 0xdb, 0xbd, 0x1f, 0xb4, 0xdb, 
	0xa4, 0x57, 0xbd, 0x1f, 0xb4, 0x99, 0xac, 0x97, 
	0xac, 0x9b, 0xbd, 0x1f, 0xc5, 0x63, 0xcd, 0xa1, 
	0xd5, 0xa5, 0xcd, 0xe5, 0xde, 0x65, 0xd5, 0xe3, 
	0xc5, 0xa3, 0xbd, 0x1f, 0xb4, 0xdd, 0x6a, 0x8b, 
	
};

Gfx rpush_cactusGeometrical_ci8_aligner[] = {gsSPEndDisplayList()};
u8 rpush_cactusGeometrical_ci8[] = {
	0x00, 0x00, 0x00, 0x00, 0x00, 0x00, 0x00, 0x00, 
	0x00, 0x00, 0x00, 0x00, 0x00, 0x00, 0x00, 0x00, 
	0x00, 0x00, 0x00, 0x00, 0x00, 0x00, 0x00, 0x00, 
	0x00, 0x00, 0x00, 0x00, 0x00, 0x00, 0x00, 0x00, 
	0x01, 0x00, 0x00, 0x01, 0x01, 0x00, 0x00, 0x00, 
	0x00, 0x01, 0x00, 0x00, 0x00, 0x00, 0x00, 0x00, 
	0x00, 0x01, 0x01, 0x01, 0x01, 0x00, 0x00, 0x00, 
	0x01, 0x00, 0x00, 0x00, 0x00, 0x00, 0x00, 0x00, 
	0x02, 0x03, 0x04, 0x04, 0x05, 0x05, 0x06, 0x04, 
	0x04, 0x07, 0x08, 0x01, 0x01, 0x09, 0x0a, 0x0b, 
	0x0b, 0x0c, 0x05, 0x09, 0x04, 0x0d, 0x04, 0x04, 
	0x04, 0x04, 0x05, 0x09, 0x03, 0x0e, 0x03, 0x0f, 
	0x10, 0x10, 0x11, 0x12, 0x07, 0x03, 0x11, 0x03, 
	0x03, 0x13, 0x07, 0x07, 0x03, 0x07, 0x04, 0x09, 
	0x05, 0x04, 0x03, 0x07, 0x0e, 0x14, 0x0f, 0x07, 
	0x03, 0x0e, 0x15, 0x13, 0x11, 0x14, 0x10, 0x14, 
	0x16, 0x17, 0x16, 0x10, 0x11, 0x18, 0x18, 0x18, 
	0x15, 0x10, 0x03, 0x07, 0x13, 0x03, 0x0e, 0x19, 
	0x19, 0x03, 0x13, 0x13, 0x10, 0x16, 0x15, 0x13, 
	0x10, 0x10, 0x10, 0x11, 0x11, 0x11, 0x11, 0x10, 
	0x16, 0x16, 0x16, 0x10, 0x10, 0x1a, 0x1b, 0x17, 
	0x18, 0x18, 0x13, 0x13, 0x10, 0x10, 0x18, 0x18, 
	0x11, 0x11, 0x11, 0x11, 0x18, 0x16, 0x16, 0x1c, 
	0x16, 0x17, 0x1c, 0x11, 0x13, 0x12, 0x11, 0x18, 
	0x1d, 0x18, 0x1e, 0x18, 0x18, 0x1f, 0x20, 0x1f, 
	0x1f, 0x1e, 0x21, 0x1c, 0x10, 0x1d, 0x18, 0x10, 
	0x11, 0x10, 0x22, 0x1d, 0x23, 0x24, 0x25, 0x20, 
	0x1e, 0x1d, 0x21, 0x22, 0x22, 0x10, 0x1d, 0x1c, 
	0x26, 0x27, 0x28, 0x23, 0x1f, 0x1a, 0x24, 0x27, 
	0x29, 0x27, 0x1a, 0x1f, 0x1d, 0x2a, 0x1c, 0x22, 
	0x1c, 0x2b, 0x1e, 0x1c, 0x1f, 0x1a, 0x2c, 0x24, 
	0x24, 0x24, 0x1a, 0x2d, 0x2a, 0x2a, 0x26, 0x26, 
	0x26, 0x2e, 0x2a, 0x2f, 0x1e, 0x23, 0x23, 0x2e, 
	0x29, 0x2d, 0x1f, 0x1d, 0x2b, 0x2b, 0x1e, 0x1c, 
	0x2b, 0x2a, 0x2b, 0x23, 0x26, 0x26, 0x24, 0x1f, 
	0x2a, 0x2a, 0x1a, 0x23, 0x2b, 0x2f, 0x2a, 0x2c, 
	0x2b, 0x1e, 0x1e, 0x30, 0x1e, 0x1e, 0x1e, 0x2a, 
	0x2b, 0x30, 0x31, 0x1c, 0x2a, 0x2d, 0x2b, 0x31, 
	0x22, 0x22, 0x1c, 0x2a, 0x2a, 0x2d, 0x30, 0x1c, 
	0x31, 0x1c, 0x30, 0x22, 0x22, 0x2f, 0x1c, 0x2b, 
	0x22, 0x31, 0x22, 0x30, 0x2a, 0x2b, 0x1c, 0x1c, 
	0x1d, 0x30, 0x30, 0x24, 0x24, 0x24, 0x1e, 0x22, 
	0x1c, 0x31, 0x22, 0x2b, 0x23, 0x1f, 0x30, 0x31, 
	0x31, 0x2b, 0x32, 0x2a, 0x1e, 0x2b, 0x30, 0x30, 
	0x1e, 0x30, 0x1e, 0x2a, 0x23, 0x2a, 0x1e, 0x1d, 
	0x1e, 0x1f, 0x30, 0x1f, 0x2a, 0x23, 0x2b, 0x30, 
	0x1c, 0x1c, 0x30, 0x32, 0x32, 0x23, 0x2a, 0x1e, 
	0x23, 0x2e, 0x33, 0x28, 0x24, 0x1f, 0x2b, 0x2a, 
	0x2a, 0x2a, 0x23, 0x1a, 0x2c, 0x2d, 0x2f, 0x2a, 
	0x28, 0x24, 0x2b, 0x1d, 0x2a, 0x2d, 0x1e, 0x30, 
	0x1e, 0x24, 0x2a, 0x24, 0x2d, 0x23, 0x2b, 0x2b, 
	0x23, 0x2a, 0x23, 0x1a, 0x2a, 0x24, 0x2a, 0x1a, 
	0x1e, 0x2b, 0x2a, 0x2b, 0x2b, 0x2b, 0x2b, 0x2a, 
	0x2d, 0x2a, 0x2b, 0x2f, 0x2b, 0x2b, 0x2b, 0x1e, 
	0x2a, 0x23, 0x23, 0x23, 0x1a, 0x2b, 0x1e, 0x1e, 
	0x2a, 0x1e, 0x1f, 0x23, 0x2b, 0x2b, 0x30, 0x2f, 
	0x30, 0x23, 0x2a, 0x1f, 0x30, 0x30, 0x1f, 0x1e, 
	0x22, 0x31, 0x30, 0x1d, 0x1e, 0x2f, 0x1e, 0x23, 
	0x24, 0x1a, 0x2a, 0x23, 0x24, 0x1f, 0x1e, 0x1e, 
	0x23, 0x2f, 0x2b, 0x24, 0x1f, 0x2a, 0x30, 0x1c, 
	0x31, 0x30, 0x2f, 0x1e, 0x2b, 0x30, 0x1f, 0x30, 
	0x1c, 0x1c, 0x30, 0x30, 0x2b, 0x30, 0x1d, 0x1a, 
	0x23, 0x32, 0x23, 0x1a, 0x2b, 0x2b, 0x30, 0x2f, 
	0x2b, 0x30, 0x1e, 0x1e, 0x2b, 0x2a, 0x2b, 0x1e, 
	0x31, 0x31, 0x31, 0x22, 0x22, 0x22, 0x1c, 0x1d, 
	0x2a, 0x1e, 0x30, 0x31, 0x1e, 0x1e, 0x30, 0x2b, 
	0x2b, 0x24, 0x23, 0x23, 0x1c, 0x30, 0x30, 0x1c, 
	0x22, 0x1c, 0x30, 0x30, 0x30, 0x1d, 0x1e, 0x2f, 
	0x13, 0x1c, 0x22, 0x1d, 0x1e, 0x31, 0x31, 0x1c, 
	0x1d, 0x1c, 0x1c, 0x31, 0x30, 0x1e, 0x2a, 0x2b, 
	0x2b, 0x2a, 0x23, 0x24, 0x1d, 0x2f, 0x2f, 0x22, 
	0x22, 0x1c, 0x31, 0x13, 0x31, 0x30, 0x1c, 0x31, 
	0x31, 0x30, 0x24, 0x28, 0x33, 0x2a, 0x2b, 0x30, 
	0x2b, 0x23, 0x23, 0x1c, 0x1d, 0x24, 0x2a, 0x2f, 
	0x23, 0x26, 0x2d, 0x2b, 0x24, 0x23, 0x2a, 0x2b, 
	0x2f, 0x1f, 0x2b, 0x1e, 0x2f, 0x30, 0x1c, 0x22, 
	0x1e, 0x1d, 0x23, 0x33, 0x34, 0x32, 0x2d, 0x23, 
	0x2e, 0x2e, 0x32, 0x1e, 0x1d, 0x2c, 0x2d, 0x2a, 
	0x2a, 0x35, 0x2a, 0x2b, 0x2b, 0x2a, 0x23, 0x1a, 
	0x2b, 0x2a, 0x24, 0x1a, 0x24, 0x1f, 0x30, 0x1e, 
	0x2c, 0x23, 0x2b, 0x2d, 0x28, 0x26, 0x26, 0x2c, 
	0x36, 0x33, 0x32, 0x2b, 0x30, 0x24, 0x2c, 0x1f, 
	0x2a, 0x24, 0x26, 0x2b, 0x30, 0x30, 0x24, 0x2c, 
	0x2d, 0x23, 0x2b, 0x1f, 0x30, 0x2a, 0x2b, 0x2d, 
	0x2b, 0x1d, 0x30, 0x1f, 0x24, 0x23, 0x37, 0x2d, 
	0x2a, 0x23, 0x1a, 0x1e, 0x30, 0x2a, 0x2a, 0x2b, 
	0x2b, 0x23, 0x33, 0x32, 0x1e, 0x2b, 0x24, 0x1a, 
	0x1a, 0x2d, 0x1e, 0x1e, 0x30, 0x1e, 0x1d, 0x2f, 
	0x2a, 0x1f, 0x23, 0x2a, 0x2a, 0x2a, 0x26, 0x2d, 
	0x2b, 0x2b, 0x2a, 0x24, 0x2f, 0x1d, 0x2b, 0x1f, 
	0x24, 0x2d, 0x2d, 0x23, 0x23, 0x24, 0x2b, 0x2c, 
	0x24, 0x2a, 0x2a, 0x24, 0x2b, 0x26, 0x2d, 0x24, 
	0x2a, 0x2b, 0x2b, 0x2a, 0x23, 0x2b, 0x2a, 0x2a, 
	0x24, 0x2b, 0x2b, 0x23, 0x23, 0x23, 0x1e, 0x24, 
	0x28, 0x26, 0x2b, 0x2a, 0x2b, 0x2b, 0x2a, 0x23, 
	0x1f, 0x23, 0x2b, 0x2b, 0x1e, 0x2a, 0x2b, 0x1f, 
	0x26, 0x28, 0x23, 0x2a, 0x1f, 0x1d, 0x2b, 0x24, 
	0x2e, 0x24, 0x1e, 0x1f, 0x1f, 0x2b, 0x38, 0x1d, 
	0x1f, 0x1e, 0x38, 0x1c, 0x1d, 0x1f, 0x21, 0x2f, 
	0x1e, 0x1e, 0x2b, 0x1e, 0x1d, 0x22, 0x1c, 0x2a, 
	0x39, 0x39, 0x24, 0x1f, 0x21, 0x21, 0x1c, 0x1c, 
	0x1c, 0x1c, 0x1c, 0x1e, 0x16, 0x1c, 0x31, 0x3a, 
	0x19, 0x19, 0x12, 0x31, 0x22, 0x22, 0x22, 0x1f, 
	0x1e, 0x22, 0x11, 0x10, 0x22, 0x13, 0x18, 0x24, 
	0x20, 0x23, 0x1f, 0x1e, 0x21, 0x1e, 0x17, 0x11, 
	0x11, 0x22, 0x18, 0x18, 0x18, 0x10, 0x12, 0x12, 
	0x12, 0x19, 0x10, 0x1c, 0x1c, 0x10, 0x22, 0x17, 
	0x16, 0x10, 0x10, 0x18, 0x10, 0x10, 0x21, 0x18, 
	0x17, 0x3b, 0x3c, 0x3b, 0x3c, 0x16, 0x15, 0x10, 
	0x15, 0x11, 0x11, 0x18, 0x3b, 0x15, 0x03, 0x03, 
	0x03, 0x11, 0x18, 0x18, 0x10, 0x03, 0x03, 0x10, 
	0x18, 0x15, 0x11, 0x3d, 0x18, 0x11, 0x10, 0x10, 
	0x11, 0x10, 0x10, 0x11, 0x14, 0x13, 0x03, 0x15, 
	0x15, 0x13, 0x07, 0x07, 0x13, 0x07, 0x04, 0x07, 
	0x14, 0x0e, 0x13, 0x03, 0x03, 0x07, 0x03, 0x13, 
	0x10, 0x14, 0x14, 0x14, 0x0e, 0x10, 0x14, 0x14, 
	0x0f, 0x07, 0x07, 0x07, 0x04, 0x04, 0x05, 0x09, 
	0x05, 0x09, 0x0a, 0x0a, 0x3e, 0x3e, 0x05, 0x0f, 
	0x0f, 0x0d, 0x05, 0x0d, 0x04, 0x06, 0x0d, 0x04, 
	0x04, 0x06, 0x09, 0x04, 0x03, 0x0f, 0x07, 0x14, 
	0x01, 0x01, 0x01, 0x01, 0x01, 0x01, 0x00, 0x00, 
	0x01, 0x01, 0x3f, 0x01, 0x00, 0x00, 0x00, 0x40, 
	0x40, 0x01, 0x01, 0x01, 0x01, 0x01, 0x01, 0x01, 
	0x01, 0x40, 0x01, 0x01, 0x3f, 0x40, 0x01, 0x01, 
	0x00, 0x00, 0x00, 0x00, 0x00, 0x00, 0x00, 0x00, 
	0x00, 0x00, 0x00, 0x00, 0x00, 0x00, 0x00, 0x00, 
	0x00, 0x00, 0x00, 0x00, 0x00, 0x00, 0x00, 0x00, 
	0x00, 0x00, 0x00, 0x00, 0x00, 0x00, 0x00, 0x00, 
	
};

Gfx rpush_cactusGeometrical_pal_rgba16_aligner[] = {gsSPEndDisplayList()};
u8 rpush_cactusGeometrical_pal_rgba16[] = {
	0x10, 0xc3, 0x11, 0x03, 0x3a, 0xc7, 0x2a, 0x85, 
	0x1a, 0x05, 0x11, 0xc5, 0x19, 0xc5, 0x22, 0x45, 
	0x19, 0xc3, 0x11, 0x85, 0x19, 0x47, 0x19, 0x45, 
	0x11, 0x45, 0x22, 0x05, 0x32, 0xc7, 0x32, 0xc5, 
	0x3b, 0x47, 0x33, 0x07, 0x22, 0x85, 0x2a, 0xc5, 
	0x3b, 0x07, 0x43, 0x47, 0x4b, 0xc9, 0x54, 0x09, 
	0x43, 0x87, 0x1a, 0x45, 0x64, 0x8b, 0x64, 0x8d, 
	0x3b, 0x87, 0x43, 0xc9, 0x4c, 0x09, 0x54, 0x49, 
	0x5c, 0x49, 0x43, 0xc7, 0x33, 0x47, 0x5c, 0x8b, 
	0x5c, 0x89, 0x6c, 0x8d, 0x6d, 0x0d, 0x75, 0x4f, 
	0x7d, 0x4f, 0x85, 0xd3, 0x54, 0x89, 0x4c, 0x49, 
	0x6c, 0xcb, 0x64, 0xcb, 0x75, 0x0d, 0x44, 0x09, 
	0x3b, 0xc7, 0x2b, 0x07, 0x6d, 0x0b, 0x85, 0x91, 
	0x8d, 0xd3, 0x75, 0x4d, 0x96, 0x15, 0x7d, 0x91, 
	0x33, 0x87, 0x6c, 0xcd, 0x1a, 0x85, 0x5c, 0x4b, 
	0x5c, 0x0b, 0x53, 0xc9, 0x19, 0x07, 0x11, 0x43, 
	0x19, 0x43, 
};

Gfx rpush_cactusflower_rgba16_aligner[] = {gsSPEndDisplayList()};
u8 rpush_cactusflower_rgba16[] = {
	0x00, 0x00, 0x00, 0x00, 0x00, 0x00, 0x00, 0x00, 
	0x00, 0x00, 0x00, 0x00, 0x00, 0x00, 0x00, 0x00, 
	0x00, 0x00, 0x00, 0x00, 0x00, 0x00, 0x00, 0x00, 
	0x00, 0x00, 0x00, 0x00, 0x00, 0x00, 0x00, 0x00, 
	0x00, 0x00, 0x00, 0x00, 0x00, 0x00, 0x00, 0x00, 
	0x00, 0x00, 0x00, 0x00, 0x00, 0x00, 0x00, 0x00, 
	0x00, 0x00, 0x00, 0x00, 0x00, 0x00, 0x00, 0x00, 
	0x00, 0x00, 0x00, 0x00, 0x00, 0x00, 0x00, 0x00, 
	0x00, 0x00, 0x00, 0x00, 0x00, 0x00, 0x00, 0x00, 
	0x00, 0x00, 0x00, 0x00, 0xab, 0x37, 0xd4, 0xf9, 
	0xc3, 0x79, 0x40, 0x08, 0x00, 0x00, 0x00, 0x00, 
	0x00, 0x00, 0x00, 0x00, 0x00, 0x00, 0x00, 0x00, 
	0x00, 0x00, 0x00, 0x00, 0x00, 0x00, 0x00, 0x00, 
	0x00, 0x00, 0x00, 0x00, 0x00, 0x00, 0x00, 0x00, 
	0x00, 0x00, 0x00, 0x00, 0x00, 0x00, 0x00, 0x00, 
	0x00, 0x00, 0x00, 0x00, 0x00, 0x00, 0x00, 0x00, 
	0x00, 0x00, 0x00, 0x00, 0x00, 0x00, 0x00, 0x00, 
	0x00, 0x00, 0x00, 0x00, 0x00, 0x00, 0x00, 0x00, 
	0x00, 0x00, 0x00, 0x00, 0x00, 0x00, 0x00, 0x00, 
	0x00, 0x00, 0x00, 0x00, 0x00, 0x00, 0x00, 0x00, 
	0x00, 0x00, 0x00, 0x00, 0xb3, 0x35, 0xcb, 0x35, 
	0x92, 0xf7, 0x49, 0xea, 0x00, 0x00, 0x00, 0x00, 
	0x00, 0x00, 0x00, 0x00, 0x00, 0x00, 0x00, 0x00, 
	0x00, 0x00, 0x00, 0x00, 0x00, 0x00, 0x00, 0x00, 
	0x00, 0x00, 0x00, 0x00, 0x00, 0x00, 0x00, 0x00, 
	0x72, 0xb1, 0xa3, 0x39, 0xb2, 0x75, 0xd3, 0x79, 
	0xa2, 0xb5, 0x30, 0x04, 0x00, 0x00, 0x00, 0x00, 
	0x00, 0x00, 0x00, 0x00, 0x00, 0x00, 0x00, 0x00, 
	0x00, 0x00, 0x00, 0x00, 0x00, 0x00, 0x00, 0x00, 
	0x00, 0x00, 0x00, 0x00, 0x00, 0x00, 0x00, 0x00, 
	0x00, 0x00, 0x00, 0x00, 0x00, 0x00, 0x00, 0x00, 
	0x00, 0x00, 0x00, 0x00, 0x00, 0x00, 0x00, 0x00, 
	0x00, 0x00, 0x00, 0x00, 0x00, 0x00, 0x00, 0x00, 
	0x00, 0x00, 0x00, 0x00, 0x00, 0x00, 0x00, 0x00, 
	0x00, 0x00, 0x00, 0x00, 0x00, 0x00, 0x00, 0x00, 
	0x00, 0x00, 0x00, 0x00, 0x00, 0x00, 0x00, 0x00, 
	0x00, 0x00, 0x00, 0x00, 0x69, 0xb1, 0x91, 0xaf, 
	0xb2, 0xb7, 0x82, 0x75, 0x62, 0x2f, 0x31, 0x24, 
	0x00, 0x00, 0x00, 0x00, 0x00, 0x00, 0x00, 0x00, 
	0x00, 0x00, 0xad, 0x37, 0xad, 0x39, 0x6b, 0x37, 
	0xa4, 0xf9, 0x6a, 0x65, 0x00, 0x00, 0x59, 0xeb, 
	0x92, 0xb5, 0xba, 0xf7, 0xe3, 0xb7, 0xaa, 0xb7, 
	0x9a, 0xb5, 0x00, 0x00, 0x00, 0x00, 0x00, 0x00, 
	0x00, 0x00, 0x00, 0x00, 0x00, 0x00, 0x00, 0x00, 
	0x00, 0x00, 0x00, 0x00, 0x00, 0x00, 0x00, 0x00, 
	0x00, 0x00, 0x00, 0x00, 0x00, 0x00, 0x00, 0x00, 
	0x00, 0x00, 0x00, 0x00, 0x00, 0x00, 0x00, 0x00, 
	0x00, 0x00, 0x00, 0x00, 0x00, 0x00, 0x00, 0x00, 
	0x00, 0x00, 0x00, 0x00, 0x00, 0x00, 0x00, 0x00, 
	0x00, 0x00, 0x00, 0x00, 0x00, 0x00, 0x00, 0x00, 
	0xc3, 0x6f, 0xe3, 0xf9, 0x00, 0x00, 0x00, 0x00, 
	0x00, 0x00, 0x00, 0x00, 0x00, 0x00, 0x00, 0x00, 
	0x00, 0x00, 0x00, 0x00, 0x49, 0xf1, 0x71, 0xb1, 
	0xa1, 0xf3, 0x99, 0xb3, 0x92, 0x75, 0x61, 0xaf, 
	0x28, 0x65, 0x00, 0x00, 0x00, 0x00, 0x00, 0x00, 
	0x94, 0xb9, 0x94, 0xb9, 0x5a, 0xb5, 0x49, 0x6f, 
	0xb5, 0x79, 0xac, 0xf9, 0x41, 0x25, 0x61, 0x2b, 
	0x92, 0x33, 0xe4, 0xf9, 0xd3, 0xb9, 0x9a, 0xb5, 
	0x71, 0xad, 0x00, 0x00, 0x00, 0x00, 0x00, 0x00, 
	0x00, 0x00, 0x00, 0x00, 0x00, 0x00, 0x00, 0x00, 
	0x00, 0x00, 0x00, 0x00, 0x00, 0x00, 0x00, 0x00, 
	0x00, 0x00, 0x00, 0x00, 0x00, 0x00, 0x00, 0x00, 
	0x00, 0x00, 0x00, 0x00, 0x00, 0x00, 0x00, 0x00, 
	0x00, 0x00, 0x00, 0x00, 0x00, 0x00, 0x00, 0x00, 
	0x00, 0x00, 0x00, 0x00, 0x00, 0x00, 0x00, 0x00, 
	0x00, 0x00, 0x00, 0x00, 0x00, 0x00, 0x00, 0x00, 
	0x00, 0x00, 0xdb, 0x77, 0xba, 0x6d, 0xe3, 0xb9, 
	0x00, 0x00, 0x00, 0x00, 0x00, 0x00, 0x00, 0x00, 
	0x00, 0x00, 0x00, 0x00, 0x39, 0x2b, 0x49, 0x2d, 
	0x81, 0xf3, 0xd2, 0xf9, 0xba, 0xf9, 0x71, 0x6f, 
	0x28, 0x1d, 0xb5, 0x79, 0xb5, 0x79, 0x73, 0x2f, 
	0x9c, 0xb9, 0x8c, 0x79, 0x49, 0xf3, 0x61, 0xf1, 
	0xa4, 0xb9, 0xac, 0xf9, 0x8b, 0xf9, 0x89, 0xaf, 
	0xcb, 0x79, 0xdc, 0xb9, 0x91, 0xf1, 0x50, 0x23, 
	0x28, 0x14, 0x00, 0x00, 0x00, 0x00, 0x00, 0x00, 
	0x00, 0x00, 0x00, 0x00, 0x00, 0x00, 0x5a, 0xb4, 
	0x93, 0x37, 0x7a, 0x73, 0x00, 0x00, 0x00, 0x00, 
	0x00, 0x00, 0x00, 0x00, 0x00, 0x00, 0x00, 0x00, 
	0x00, 0x00, 0x00, 0x00, 0x00, 0x00, 0x00, 0x00, 
	0x00, 0x00, 0x00, 0x00, 0x00, 0x00, 0x00, 0x00, 
	0x00, 0x00, 0x00, 0x00, 0x00, 0x00, 0x00, 0x00, 
	0x00, 0x00, 0x00, 0x00, 0x00, 0x00, 0x00, 0x00, 
	0x00, 0x00, 0x00, 0x00, 0xc2, 0x71, 0xc2, 0xaf, 
	0xca, 0xf1, 0xba, 0xb1, 0x00, 0x00, 0x00, 0x00, 
	0x00, 0x00, 0x00, 0x00, 0x00, 0x00, 0x38, 0xa9, 
	0x61, 0x71, 0x9a, 0x75, 0xd4, 0xb9, 0x92, 0x31, 
	0xa4, 0xb9, 0xac, 0xf9, 0x94, 0x79, 0xbd, 0xb9, 
	0xa4, 0xb9, 0x41, 0x6d, 0x49, 0xaf, 0x83, 0x37, 
	0x94, 0x39, 0x94, 0x79, 0x94, 0x39, 0x80, 0xa7, 
	0xba, 0xb3, 0x78, 0x25, 0x94, 0x79, 0xd6, 0x79, 
	0xbd, 0x79, 0xce, 0x79, 0x00, 0x00, 0x73, 0x75, 
	0x94, 0x79, 0xa4, 0xb9, 0x7b, 0xb9, 0x92, 0x75, 
	0x7a, 0x75, 0x73, 0x37, 0x00, 0x00, 0x00, 0x00, 
	0x00, 0x00, 0x00, 0x00, 0x00, 0x00, 0x00, 0x00, 
	0x00, 0x00, 0x00, 0x00, 0x00, 0x00, 0x00, 0x00, 
	0x00, 0x00, 0x00, 0x00, 0x00, 0x00, 0x00, 0x00, 
	0x00, 0x00, 0x00, 0x00, 0x00, 0x00, 0x00, 0x00, 
	0x00, 0x00, 0x00, 0x00, 0x00, 0x00, 0x00, 0x00, 
	0x00, 0x00, 0x00, 0x00, 0x00, 0x00, 0xc2, 0xb3, 
	0xcb, 0x35, 0xac, 0xf9, 0x9c, 0xb9, 0xac, 0xf9, 
	0xad, 0x39, 0xac, 0xf9, 0x94, 0xb9, 0x7b, 0x77, 
	0x38, 0x25, 0x50, 0x25, 0xb2, 0x77, 0x93, 0xb7, 
	0xc5, 0xf9, 0xb5, 0x39, 0x8b, 0xf9, 0xa4, 0xb9, 
	0xc5, 0xf9, 0xa4, 0xf9, 0x51, 0x29, 0xa4, 0xb9, 
	0x7b, 0x79, 0x94, 0x39, 0x9c, 0xb9, 0x50, 0xeb, 
	0xbd, 0x79, 0xd6, 0xb9, 0xb5, 0x79, 0x7b, 0xb9, 
	0xa4, 0xf9, 0xbd, 0xb9, 0xd6, 0x79, 0x52, 0x75, 
	0x73, 0x39, 0x6a, 0x33, 0x81, 0x71, 0x6a, 0x35, 
	0x94, 0x39, 0x6a, 0xae, 0x00, 0x00, 0x00, 0x00, 
	0x00, 0x00, 0x00, 0x00, 0x00, 0x00, 0x00, 0x00, 
	0x00, 0x00, 0x00, 0x00, 0x00, 0x00, 0x00, 0x00, 
	0x00, 0x00, 0x00, 0x00, 0x00, 0x00, 0x00, 0x00, 
	0x00, 0x00, 0x00, 0x00, 0x00, 0x00, 0x00, 0x00, 
	0x00, 0x00, 0x00, 0x00, 0x00, 0x00, 0x00, 0x00, 
	0x00, 0x00, 0x00, 0x00, 0x00, 0x00, 0x00, 0x00, 
	0x99, 0xa9, 0xb5, 0x79, 0xbd, 0x79, 0x8c, 0x39, 
	0x38, 0xeb, 0x62, 0xb5, 0x7b, 0xb9, 0xa4, 0xb9, 
	0xa4, 0xb9, 0x94, 0x79, 0x59, 0xef, 0xb5, 0x79, 
	0xb5, 0x39, 0x7b, 0xb9, 0x6a, 0xb7, 0x73, 0x39, 
	0x93, 0xf9, 0xbd, 0x79, 0xac, 0xf9, 0x61, 0x2f, 
	0x8b, 0x77, 0x5a, 0x31, 0xa4, 0xb9, 0xc5, 0xf9, 
	0xc5, 0xf9, 0x94, 0x79, 0x62, 0x75, 0x8b, 0xf9, 
	0xb5, 0x79, 0xc5, 0xf9, 0x8b, 0xb9, 0x58, 0xf1, 
	0x68, 0x6f, 0x60, 0x2b, 0x61, 0xb3, 0x7b, 0x79, 
	0x94, 0x39, 0x00, 0x00, 0x00, 0x00, 0x00, 0x00, 
	0x00, 0x00, 0x00, 0x00, 0x00, 0x00, 0x00, 0x00, 
	0x00, 0x00, 0x00, 0x00, 0x00, 0x00, 0x00, 0x00, 
	0x00, 0x00, 0x00, 0x00, 0x00, 0x00, 0x00, 0x00, 
	0x00, 0x00, 0x00, 0x00, 0x00, 0x00, 0x00, 0x00, 
	0x00, 0x00, 0x00, 0x00, 0x00, 0x00, 0x00, 0x00, 
	0x00, 0x00, 0x00, 0x00, 0x00, 0x00, 0x00, 0x00, 
	0x00, 0x00, 0x50, 0x17, 0x9c, 0xb9, 0x83, 0x75, 
	0x62, 0x31, 0x48, 0xed, 0x38, 0x29, 0x51, 0xaf, 
	0x6a, 0xb5, 0x73, 0x79, 0x73, 0x37, 0xbd, 0xb9, 
	0xa4, 0xb9, 0x72, 0xf7, 0x7a, 0xb7, 0x82, 0x39, 
	0x6a, 0x33, 0x72, 0xf7, 0xb5, 0x39, 0xbd, 0x79, 
	0x79, 0xf3, 0xc5, 0xf9, 0xb5, 0x39, 0x83, 0xb9, 
	0x5a, 0x35, 0x61, 0xb3, 0x62, 0x35, 0x73, 0x39, 
	0xa4, 0xb9, 0x62, 0x31, 0xac, 0xf9, 0xce, 0x39, 
	0xd6, 0x79, 0xde, 0xb9, 0x41, 0x6d, 0x6b, 0x37, 
	0x00, 0x00, 0x00, 0x00, 0x94, 0x68, 0x8b, 0xf5, 
	0x52, 0x66, 0x00, 0x00, 0x00, 0x00, 0x00, 0x00, 
	0x00, 0x00, 0x00, 0x00, 0x00, 0x00, 0x00, 0x00, 
	0x00, 0x00, 0x00, 0x00, 0x00, 0x00, 0x00, 0x00, 
	0x00, 0x00, 0x00, 0x00, 0x00, 0x00, 0x00, 0x00, 
	0x82, 0x31, 0x5a, 0xb7, 0x73, 0xf9, 0x94, 0x79, 
	0x7b, 0xf9, 0x73, 0xf9, 0x6b, 0x33, 0x39, 0x9c, 
	0xce, 0x79, 0xde, 0xb9, 0xde, 0xf9, 0xd6, 0xb9, 
	0xce, 0x79, 0xc5, 0xf9, 0xb5, 0x79, 0x93, 0xf9, 
	0x58, 0x6b, 0x69, 0x71, 0x69, 0xf1, 0x9c, 0x79, 
	0x8b, 0xb9, 0x62, 0x75, 0x71, 0xf3, 0x9b, 0x39, 
	0x9a, 0xf9, 0x79, 0xb9, 0x82, 0xf9, 0x9c, 0xb9, 
	0x83, 0x37, 0x83, 0x79, 0x72, 0xb7, 0x69, 0xb5, 
	0x91, 0xf9, 0x60, 0x2d, 0x94, 0x39, 0xc5, 0xf9, 
	0xce, 0x39, 0xce, 0x39, 0xac, 0xf9, 0x7b, 0x79, 
	0xc5, 0xf9, 0xe7, 0x39, 0x9c, 0xb9, 0xce, 0x39, 
	0xd6, 0xb9, 0xc5, 0xf9, 0x9c, 0x79, 0x6a, 0xf9, 
	0xa4, 0xb9, 0x00, 0x00, 0x00, 0x00, 0x00, 0x00, 
	0x00, 0x00, 0x00, 0x00, 0x00, 0x00, 0x00, 0x00, 
	0x00, 0x00, 0x00, 0x00, 0x00, 0x00, 0x00, 0x00, 
	0x00, 0x00, 0x00, 0x00, 0x00, 0x00, 0x00, 0x00, 
	0x52, 0xb7, 0x41, 0x6f, 0x38, 0x69, 0x69, 0x71, 
	0x41, 0x6f, 0x41, 0xf3, 0x5a, 0xb7, 0x6b, 0xb9, 
	0x73, 0xb9, 0xce, 0x39, 0xb5, 0x39, 0x73, 0x79, 
	0x9c, 0xb9, 0xa4, 0xb9, 0xa4, 0xb9, 0xac, 0xf9, 
	0xac, 0xf9, 0x9c, 0xb9, 0x93, 0xf9, 0x50, 0x25, 
	0x8b, 0x79, 0x82, 0xf9, 0x8a, 0x79, 0xa2, 0x79, 
	0xc2, 0x79, 0x99, 0xb7, 0x50, 0x31, 0x82, 0x39, 
	0x8b, 0x39, 0x8b, 0xb9, 0x82, 0x39, 0xaa, 0x79, 
	0x8b, 0x39, 0x94, 0x39, 0x94, 0x39, 0x6a, 0xb7, 
	0x51, 0xb5, 0x49, 0x33, 0x5a, 0x35, 0xa4, 0xb9, 
	0xce, 0x39, 0xce, 0x39, 0xad, 0x39, 0x9c, 0xb9, 
	0x6a, 0xb7, 0x69, 0xf3, 0x6a, 0x75, 0xa4, 0xb9, 
	0xc5, 0xf9, 0x93, 0x77, 0x70, 0x2d, 0x91, 0x75, 
	0xa2, 0x37, 0xb3, 0xb9, 0xc3, 0x39, 0xd4, 0x39, 
	0xe4, 0xb9, 0xdb, 0x79, 0x00, 0x00, 0x00, 0x00, 
	0x00, 0x00, 0x00, 0x00, 0x00, 0x00, 0x00, 0x00, 
	0x00, 0x00, 0x31, 0x58, 0x52, 0xb9, 0x31, 0x2f, 
	0x40, 0xeb, 0x48, 0x29, 0x70, 0x2d, 0x79, 0x73, 
	0x61, 0xf1, 0x5a, 0x31, 0xd6, 0x79, 0xbd, 0x79, 
	0x94, 0x79, 0x59, 0xb5, 0x40, 0x2f, 0x40, 0x2f, 
	0x40, 0x71, 0x40, 0x71, 0x61, 0x75, 0x82, 0x39, 
	0x50, 0x29, 0xbd, 0x79, 0xa3, 0xb5, 0x60, 0x29, 
	0xdd, 0x39, 0xb2, 0xf9, 0x58, 0x2d, 0xc4, 0xb9, 
	0x89, 0x73, 0x92, 0x79, 0xb2, 0x37, 0xda, 0xf9, 
	0x72, 0x39, 0x61, 0x77, 0x60, 0xf7, 0x58, 0x33, 
	0x68, 0x2f, 0x50, 0x73, 0x72, 0xf9, 0xb5, 0x79, 
	0xc5, 0xf9, 0x41, 0x2d, 0x72, 0x37, 0x81, 0xb5, 
	0x69, 0xf5, 0x6a, 0x77, 0x9c, 0xb9, 0xb5, 0x39, 
	0xb5, 0x39, 0x99, 0xf7, 0xb3, 0x79, 0xc4, 0x79, 
	0xd6, 0x39, 0xd5, 0x39, 0xcc, 0x39, 0xb2, 0x37, 
	0x91, 0x31, 0x00, 0x00, 0x00, 0x00, 0x00, 0x00, 
	0x00, 0x00, 0x00, 0x00, 0x00, 0x00, 0x00, 0x00, 
	0x00, 0x00, 0x00, 0x00, 0x00, 0x00, 0x00, 0x00, 
	0x52, 0xb7, 0x38, 0xeb, 0x30, 0x67, 0x48, 0x6b, 
	0x81, 0x71, 0xb3, 0x39, 0xb4, 0xb9, 0xce, 0x39, 
	0xc5, 0xf9, 0x94, 0x39, 0x38, 0x31, 0x58, 0x2f, 
	0x80, 0x75, 0x90, 0xb7, 0x80, 0x33, 0x78, 0x75, 
	0x9a, 0x79, 0x89, 0x73, 0xb2, 0x75, 0xcd, 0xb9, 
	0xa1, 0xf5, 0xe3, 0x35, 0xca, 0xb5, 0xe4, 0xf9, 
	0xe5, 0x77, 0xc4, 0xb9, 0xe4, 0xb7, 0xaa, 0xf5, 
	0x68, 0x31, 0x88, 0xb3, 0xb1, 0x77, 0xa9, 0x37, 
	0x68, 0x2d, 0x48, 0xb3, 0x83, 0x39, 0xb5, 0x39, 
	0xb5, 0x79, 0xab, 0x79, 0x92, 0x39, 0x79, 0xf7, 
	0x6a, 0x77, 0x94, 0x39, 0xac, 0xf9, 0xaa, 0xb9, 
	0xcb, 0x39, 0xd4, 0xb9, 0xd4, 0xb9, 0xcb, 0xb9, 
	0xaa, 0x79, 0x89, 0xb7, 0x89, 0xb5, 0x00, 0x00, 
	0x00, 0x00, 0x00, 0x00, 0x00, 0x00, 0x00, 0x00, 
	0x00, 0x00, 0x00, 0x00, 0x00, 0x00, 0x00, 0x00, 
	0x00, 0x00, 0x00, 0x00, 0x00, 0x00, 0x9c, 0xb9, 
	0xb5, 0x79, 0xb5, 0x39, 0xac, 0xf9, 0xa4, 0xb9, 
	0xac, 0xf9, 0xa4, 0xb9, 0xa4, 0xb9, 0xa4, 0xb9, 
	0x94, 0x39, 0xc6, 0x39, 0x8b, 0xb9, 0x48, 0x2f, 
	0x50, 0x2b, 0xc4, 0x79, 0xc2, 0x79, 0xc9, 0xb7, 
	0xe2, 0x79, 0xe4, 0xb9, 0xdc, 0x79, 0xcc, 0x37, 
	0xe6, 0x73, 0xe7, 0x39, 0xe7, 0x39, 0xe7, 0x39, 
	0xaa, 0xf1, 0xcc, 0x79, 0xe6, 0x39, 0xe7, 0x39, 
	0xdb, 0xf9, 0xe3, 0xb5, 0xe2, 0xb9, 0x78, 0x2f, 
	0x60, 0x2f, 0x48, 0x31, 0x82, 0xb9, 0x9c, 0x79, 
	0x93, 0xf9, 0x94, 0x39, 0x93, 0xf9, 0x69, 0xb3, 
	0x48, 0x29, 0x40, 0x2d, 0x60, 0x2b, 0x90, 0x25, 
	0x98, 0x25, 0x98, 0x29, 0x90, 0xf1, 0x91, 0xb7, 
	0x71, 0x70, 0x00, 0x00, 0x00, 0x00, 0x00, 0x00, 
	0x00, 0x00, 0x00, 0x00, 0x00, 0x00, 0x00, 0x00, 
	0xcb, 0x31, 0xdb, 0xb3, 0xe4, 0x77, 0xe4, 0x39, 
	0xe3, 0x79, 0xce, 0x39, 0xbd, 0xb9, 0xac, 0xf9, 
	0x94, 0x79, 0x94, 0x39, 0x73, 0x79, 0x6a, 0xf7, 
	0x5a, 0x73, 0x6a, 0xb5, 0x72, 0xf5, 0x72, 0xb3, 
	0x72, 0x33, 0x71, 0xb5, 0x69, 0x35, 0xe7, 0x39, 
	0x79, 0x77, 0xcb, 0xf9, 0x90, 0xb3, 0xd4, 0x79, 
	0xc3, 0xf9, 0xd3, 0x77, 0xe4, 0xf9, 0xa2, 0xef, 
	0xe7, 0x39, 0xe7, 0x39, 0xe7, 0x39, 0xab, 0x9d, 
	0x58, 0x57, 0xcc, 0xb1, 0xa2, 0x29, 0xde, 0x39, 
	0xe7, 0x39, 0xe5, 0x79, 0xe5, 0x39, 0xe7, 0x39, 
	0x90, 0x6f, 0x9b, 0xb9, 0x82, 0x39, 0x72, 0x39, 
	0x82, 0xf9, 0x8b, 0xb9, 0x94, 0x79, 0xac, 0xf9, 
	0xad, 0x39, 0xc5, 0xf9, 0xce, 0x39, 0xce, 0x39, 
	0xde, 0xb9, 0xde, 0xf9, 0xac, 0xf9, 0x00, 0x00, 
	0x00, 0x00, 0x00, 0x00, 0x00, 0x00, 0x00, 0x00, 
	0x00, 0x00, 0x00, 0x00, 0x00, 0x00, 0x00, 0x00, 
	0x00, 0x00, 0x00, 0x00, 0x60, 0xdb, 0xb2, 0x6f, 
	0xc2, 0xf1, 0xb2, 0xf3, 0xc5, 0xf9, 0xbd, 0xb9, 
	0xac, 0xf9, 0x8b, 0xf9, 0x62, 0x75, 0x51, 0xf1, 
	0x61, 0xf1, 0x82, 0x35, 0x81, 0xb3, 0x91, 0x33, 
	0x90, 0xb1, 0xb1, 0xb7, 0xc9, 0xf7, 0xdb, 0x39, 
	0xa2, 0x37, 0xcb, 0x39, 0xe4, 0xb9, 0xe4, 0xb9, 
	0xe5, 0xb9, 0xbb, 0xf5, 0xdc, 0xb7, 0x9b, 0xa5, 
	0xe7, 0x39, 0xe7, 0x39, 0xe6, 0xf7, 0xa3, 0xa9, 
	0xe7, 0x39, 0x79, 0xa5, 0x58, 0x27, 0x48, 0x11, 
	0x78, 0xe7, 0xd4, 0x39, 0xde, 0xf9, 0xe7, 0x39, 
	0x88, 0x73, 0x90, 0x33, 0x90, 0x75, 0x80, 0x33, 
	0x78, 0x33, 0x68, 0x31, 0x58, 0x31, 0x50, 0x31, 
	0x48, 0x33, 0x61, 0x75, 0x7b, 0x39, 0x9c, 0x79, 
	0xac, 0xf9, 0xc5, 0xf9, 0xc6, 0x39, 0x00, 0x00, 
	0x00, 0x00, 0x00, 0x00, 0x00, 0x00, 0x00, 0x00, 
	0x00, 0x00, 0x00, 0x00, 0x00, 0x00, 0x00, 0x00, 
	0x00, 0x00, 0x00, 0x00, 0x00, 0x00, 0x00, 0x00, 
	0x41, 0xa1, 0x62, 0xb3, 0x5a, 0x73, 0x52, 0x31, 
	0x5a, 0x75, 0xbd, 0xb9, 0xc5, 0xf9, 0xb5, 0x79, 
	0x94, 0x79, 0x6a, 0xb5, 0x59, 0xb1, 0x51, 0x2f, 
	0x40, 0x31, 0x50, 0x2f, 0x58, 0x2f, 0x60, 0x2d, 
	0x68, 0x2b, 0x89, 0x33, 0xba, 0xf9, 0xd3, 0x79, 
	0x91, 0xaf, 0xe7, 0x39, 0x58, 0x1d, 0xe7, 0x39, 
	0xe7, 0x39, 0x93, 0xe3, 0xb4, 0xab, 0xdd, 0xb5, 
	0x8a, 0xa3, 0xe7, 0x39, 0xe7, 0x39, 0x69, 0x63, 
	0x60, 0x23, 0x91, 0xa7, 0xe5, 0xb9, 0xe5, 0x77, 
	0xe3, 0x37, 0xe2, 0x77, 0xa8, 0x73, 0x90, 0x2d, 
	0x80, 0x31, 0x68, 0x2f, 0x50, 0x31, 0x48, 0x73, 
	0x7a, 0xf9, 0xa4, 0xb9, 0xc5, 0xf9, 0xd6, 0x79, 
	0xce, 0x79, 0x94, 0x39, 0xac, 0xf9, 0xad, 0x39, 
	0xac, 0xf9, 0xac, 0xf9, 0x00, 0x00, 0x00, 0x00, 
	0x00, 0x00, 0x00, 0x00, 0x00, 0x00, 0x00, 0x00, 
	0x73, 0x79, 0x4a, 0x35, 0x49, 0xb1, 0x41, 0x6f, 
	0x41, 0x6f, 0x49, 0x6f, 0x51, 0x6f, 0x51, 0x6d, 
	0x59, 0x6f, 0x61, 0xb1, 0x82, 0x75, 0x9b, 0x37, 
	0xac, 0xf9, 0xbd, 0x79, 0xb5, 0x39, 0x61, 0xb3, 
	0x61, 0x71, 0x82, 0x37, 0x92, 0xb9, 0xb4, 0xb9, 
	0xe7, 0x39, 0xcc, 0xb9, 0xd4, 0xb9, 0xbb, 0xb3, 
	0xe7, 0x39, 0xe6, 0xf9, 0xe7, 0x39, 0xe7, 0x39, 
	0xe6, 0xb5, 0x82, 0x61, 0x50, 0xd9, 0x30, 0x0f, 
	0x94, 0x25, 0x8b, 0xa3, 0x00, 0x01, 0xe6, 0x79, 
	0xe7, 0x39, 0xcd, 0x33, 0xe4, 0xb9, 0xd2, 0x75, 
	0xb9, 0x35, 0xa1, 0xb1, 0x70, 0x2b, 0x50, 0x2d, 
	0x58, 0xb5, 0x82, 0xf9, 0x82, 0x79, 0x50, 0x2f, 
	0x94, 0x39, 0x81, 0xb7, 0x9a, 0x79, 0x79, 0x37, 
	0x79, 0x37, 0x71, 0x79, 0x71, 0xb9, 0x71, 0xf7, 
	0x71, 0xf7, 0x7a, 0x37, 0x8a, 0x37, 0x9a, 0x77, 
	0xd4, 0x39, 0x40, 0x0c, 0x00, 0x00, 0x00, 0x00, 
	0xab, 0xb5, 0x92, 0x71, 0x91, 0xf1, 0x89, 0x2d, 
	0x89, 0x2f, 0x88, 0xef, 0x88, 0xad, 0x99, 0xb3, 
	0xaa, 0x77, 0xab, 0xb9, 0xb4, 0x79, 0xbc, 0xf9, 
	0xbc, 0xf9, 0x93, 0xb9, 0x9c, 0xb9, 0x94, 0x79, 
	0x7a, 0xb7, 0x69, 0xb3, 0x50, 0x2f, 0x60, 0x27, 
	0x70, 0x2b, 0xca, 0x33, 0xd4, 0x39, 0xde, 0x39, 
	0xe4, 0xf7, 0xe7, 0x39, 0xdd, 0xf7, 0xe7, 0x39, 
	0xe7, 0x39, 0x81, 0x97, 0x38, 0x07, 0x20, 0x07, 
	0x08, 0x03, 0x00, 0x01, 0x00, 0x01, 0x58, 0x1f, 
	0xab, 0xad, 0xe4, 0xf9, 0xe5, 0xb9, 0xe3, 0x37, 
	0xe1, 0xf3, 0xd0, 0xb5, 0xa0, 0x2d, 0x88, 0x2b, 
	0x50, 0x2d, 0x40, 0x2f, 0x8b, 0xb9, 0xa4, 0xb9, 
	0x8b, 0x79, 0x78, 0x25, 0x70, 0x27, 0x58, 0x29, 
	0x48, 0x2d, 0x48, 0x31, 0x58, 0xb3, 0x61, 0x75, 
	0x72, 0x77, 0x83, 0x79, 0x94, 0x39, 0x9c, 0xb7, 
	0x00, 0x00, 0x00, 0x00, 0x00, 0x00, 0x00, 0x00, 
	0x00, 0x00, 0x63, 0x77, 0x52, 0xb7, 0x4a, 0x33, 
	0x49, 0xf1, 0x51, 0xef, 0x51, 0xef, 0x52, 0x31, 
	0x5a, 0x2f, 0x61, 0xed, 0x82, 0x31, 0x8b, 0x37, 
	0x9c, 0xb9, 0x94, 0x79, 0x72, 0xf5, 0x51, 0x6f, 
	0x40, 0x25, 0x82, 0x79, 0x82, 0x79, 0x68, 0xf5, 
	0x58, 0x2d, 0x68, 0x29, 0x90, 0x2f, 0xc9, 0x33, 
	0xda, 0x6f, 0xca, 0xf7, 0xe5, 0x79, 0xe5, 0x33, 
	0xdd, 0x39, 0xe5, 0xf9, 0xe6, 0x77, 0xb3, 0x27, 
	0xe5, 0xb5, 0xb2, 0xe9, 0xe7, 0x39, 0xe4, 0xb5, 
	0xb3, 0x33, 0xe4, 0xb9, 0xe3, 0xf7, 0xe3, 0x39, 
	0x90, 0x29, 0x90, 0x2d, 0x90, 0x2d, 0x88, 0x2d, 
	0x78, 0x2b, 0x68, 0x2b, 0x40, 0x2f, 0x72, 0xb7, 
	0xac, 0xf9, 0xa4, 0xb9, 0x93, 0xb9, 0x40, 0x6f, 
	0x83, 0x39, 0x94, 0x39, 0x94, 0x79, 0xb3, 0xb9, 
	0xcb, 0x39, 0x00, 0x00, 0x00, 0x00, 0x00, 0x00, 
	0x00, 0x00, 0x00, 0x00, 0x00, 0x00, 0x00, 0x00, 
	0x00, 0x00, 0x00, 0x00, 0x00, 0x00, 0x00, 0x00, 
	0x00, 0x00, 0x00, 0x00, 0x63, 0x37, 0x52, 0xf9, 
	0x4a, 0x77, 0xa4, 0xb9, 0xce, 0x39, 0xbd, 0xb9, 
	0x9c, 0xb9, 0x6a, 0xb7, 0x6a, 0x73, 0x9c, 0xb9, 
	0x9c, 0xb9, 0x8b, 0x39, 0x48, 0x31, 0x50, 0x29, 
	0x80, 0x2d, 0xa8, 0x73, 0xe4, 0x37, 0xa0, 0x2f, 
	0x90, 0x2b, 0x90, 0x71, 0xb9, 0x73, 0xe4, 0xb9, 
	0xe4, 0x73, 0xdb, 0xb5, 0xe4, 0xb5, 0xdb, 0x73, 
	0xd2, 0xf5, 0xe4, 0x75, 0xe4, 0xb7, 0xb2, 0x73, 
	0xe3, 0xb7, 0xc1, 0xb5, 0xa8, 0x73, 0xb1, 0x35, 
	0xe6, 0xb9, 0x58, 0x2f, 0x58, 0x2f, 0x48, 0x2f, 
	0x48, 0x2f, 0x50, 0xb3, 0x6a, 0x37, 0x72, 0xf9, 
	0x83, 0x79, 0x93, 0xf9, 0xac, 0xf9, 0xb5, 0x39, 
	0xca, 0xb7, 0xcb, 0xf9, 0xcc, 0x79, 0xcd, 0x79, 
	0xcd, 0xf9, 0xd6, 0x79, 0xd6, 0x79, 0xce, 0x39, 
	0xcd, 0xb9, 0xd4, 0xb9, 0xd3, 0xf9, 0xd2, 0xf9, 
	0x00, 0x00, 0x00, 0x00, 0x00, 0x00, 0x00, 0x00, 
	0x00, 0x00, 0x00, 0x00, 0x00, 0x00, 0x00, 0x00, 
	0xd6, 0x79, 0xce, 0x79, 0xb5, 0x39, 0x7b, 0xb9, 
	0x40, 0xeb, 0x28, 0x25, 0xa4, 0xb9, 0xac, 0xf9, 
	0x6a, 0x35, 0x40, 0x2f, 0x60, 0x2d, 0x78, 0x29, 
	0x78, 0x2b, 0x78, 0x29, 0x68, 0x29, 0x60, 0x29, 
	0xe7, 0x39, 0x99, 0x31, 0xa1, 0x75, 0xb9, 0xf7, 
	0x98, 0x2d, 0xb0, 0xf1, 0xc1, 0x31, 0xb9, 0x31, 
	0xc9, 0xf3, 0xd1, 0xf1, 0xe2, 0xf7, 0xb1, 0x35, 
	0x90, 0x27, 0xe3, 0x79, 0x80, 0x29, 0x90, 0x2b, 
	0x70, 0x29, 0x58, 0x2d, 0x82, 0xb9, 0xac, 0xf9, 
	0xbd, 0xb9, 0xc5, 0xf9, 0xce, 0x39, 0xde, 0xf9, 
	0xe7, 0x39, 0xe7, 0x39, 0xe7, 0x39, 0x29, 0x12, 
	0x00, 0x00, 0x00, 0x00, 0x00, 0x00, 0x00, 0x00, 
	0x00, 0x00, 0x68, 0x20, 0xa0, 0xed, 0xa0, 0xed, 
	0xb1, 0xb1, 0xca, 0x75, 0xc2, 0x33, 0xba, 0x33, 
	0x00, 0x00, 0x00, 0x00, 0x00, 0x00, 0x00, 0x00, 
	0x00, 0x00, 0x00, 0x00, 0x00, 0x00, 0x00, 0x00, 
	0xb5, 0x39, 0xa4, 0xb9, 0x9c, 0xb9, 0x94, 0x79, 
	0x6a, 0xf3, 0xc6, 0x39, 0xb5, 0x79, 0x73, 0x39, 
	0x38, 0x2b, 0x40, 0x71, 0x40, 0x2d, 0x40, 0x2f, 
	0x40, 0x2b, 0x48, 0x31, 0x50, 0x73, 0x60, 0xf3, 
	0x80, 0x2b, 0x58, 0x29, 0x58, 0x29, 0x80, 0x27, 
	0x99, 0x6d, 0xba, 0xf5, 0xd4, 0xb9, 0x90, 0x2d, 
	0x88, 0x27, 0x98, 0x27, 0x90, 0x2b, 0x90, 0xb1, 
	0x70, 0x29, 0x70, 0x25, 0xe2, 0x79, 0xa0, 0x31, 
	0x78, 0x29, 0x50, 0x2b, 0x48, 0x31, 0x8a, 0xf9, 
	0x58, 0x25, 0x60, 0x2d, 0x68, 0x2f, 0x60, 0x2b, 
	0x40, 0x31, 0x62, 0x77, 0xa4, 0xf9, 0xc5, 0xf9, 
	0xac, 0xf9, 0x00, 0x00, 0x00, 0x00, 0x00, 0x00, 
	0x00, 0x00, 0x00, 0x00, 0x00, 0x00, 0x00, 0x00, 
	0x00, 0x00, 0x00, 0x00, 0x00, 0x00, 0x00, 0x00, 
	0x00, 0x00, 0x00, 0x00, 0x00, 0x00, 0x00, 0x00, 
	0x00, 0x00, 0x9a, 0xb5, 0x89, 0xef, 0x91, 0xaf, 
	0xa1, 0xf1, 0xdb, 0x39, 0xd4, 0xb9, 0xe5, 0x39, 
	0xde, 0xb9, 0xc5, 0xb9, 0x94, 0x39, 0xac, 0xf9, 
	0xb5, 0x79, 0xb5, 0x79, 0xc5, 0xf9, 0xc5, 0xf9, 
	0xbd, 0xb9, 0x93, 0xf9, 0x48, 0x2b, 0x68, 0x27, 
	0x8b, 0x39, 0x50, 0x2f, 0x58, 0x29, 0x78, 0x27, 
	0x90, 0x27, 0x80, 0x25, 0x68, 0x27, 0x58, 0x29, 
	0x58, 0x29, 0x90, 0x25, 0x90, 0x2d, 0x70, 0x25, 
	0x50, 0x2b, 0x50, 0x2d, 0x50, 0x2b, 0x90, 0x29, 
	0x80, 0x2b, 0x48, 0x2d, 0x69, 0xf7, 0x94, 0x39, 
	0x50, 0xf1, 0x69, 0xf7, 0x72, 0x37, 0x69, 0xf5, 
	0x6a, 0x35, 0x6a, 0x75, 0x62, 0x33, 0x59, 0xf3, 
	0x94, 0x79, 0xad, 0x39, 0x00, 0x00, 0x00, 0x00, 
	0x00, 0x00, 0x00, 0x00, 0x00, 0x00, 0x00, 0x00, 
	0x00, 0x00, 0x00, 0x00, 0x00, 0x00, 0x00, 0x00, 
	0x00, 0x00, 0x00, 0x00, 0x00, 0x00, 0xdc, 0xb9, 
	0xe3, 0xf9, 0xe3, 0xf5, 0xe3, 0xf7, 0xe3, 0x77, 
	0xdb, 0x77, 0xd3, 0xb7, 0xb2, 0xf3, 0x92, 0x6b, 
	0x69, 0xe3, 0x73, 0xf9, 0x6b, 0x79, 0x39, 0x6f, 
	0x49, 0x2b, 0xa3, 0x39, 0xaa, 0xb7, 0x93, 0xf9, 
	0x9c, 0xb9, 0x61, 0xf3, 0x48, 0x29, 0x79, 0xf3, 
	0x93, 0xb9, 0x61, 0x35, 0x48, 0x29, 0x70, 0x29, 
	0x60, 0x29, 0x48, 0x2b, 0x60, 0xf5, 0x8a, 0xb9, 
	0x8a, 0xf7, 0x80, 0x2d, 0x78, 0x29, 0x50, 0x2b, 
	0x48, 0x2f, 0x8a, 0xb9, 0x93, 0x79, 0x60, 0x27, 
	0x78, 0x29, 0x58, 0x2b, 0x48, 0xb3, 0x94, 0x39, 
	0x94, 0x39, 0xc0, 0xf1, 0xe2, 0xb9, 0xc3, 0x39, 
	0xb5, 0x39, 0xb5, 0x79, 0xb5, 0x39, 0xa4, 0xb9, 
	0x9c, 0xb9, 0x93, 0xf9, 0x28, 0x14, 0x00, 0x00, 
	0x00, 0x00, 0x00, 0x00, 0x00, 0x00, 0x00, 0x00, 
	0x00, 0x00, 0x00, 0x00, 0x00, 0x00, 0x00, 0x00, 
	0x00, 0x00, 0x00, 0x00, 0x00, 0x00, 0x00, 0x00, 
	0x00, 0x00, 0x00, 0x00, 0x00, 0x00, 0x00, 0x00, 
	0x00, 0x00, 0x00, 0x00, 0x00, 0x00, 0x00, 0x00, 
	0xb5, 0x79, 0x94, 0x79, 0x52, 0x73, 0x82, 0xb5, 
	0x9a, 0xb7, 0x79, 0xf3, 0x30, 0x25, 0xb5, 0x39, 
	0x9c, 0x79, 0x5a, 0x33, 0x48, 0x27, 0x94, 0x39, 
	0x94, 0x79, 0x83, 0x79, 0x38, 0x2f, 0x40, 0x2d, 
	0x69, 0xf5, 0x93, 0xf9, 0xb5, 0x39, 0x48, 0xed, 
	0x40, 0x2b, 0x58, 0x2b, 0x58, 0x29, 0x48, 0x73, 
	0x83, 0x39, 0x9c, 0xb9, 0x61, 0x71, 0x40, 0x2f, 
	0x40, 0x2d, 0x58, 0x29, 0x38, 0x2d, 0x72, 0xb7, 
	0x93, 0xf9, 0x90, 0x6b, 0xa1, 0x31, 0xb9, 0xb5, 
	0xe2, 0xf9, 0xe3, 0x79, 0xe2, 0xf7, 0xda, 0xb9, 
	0xa1, 0xb1, 0x00, 0x00, 0x00, 0x00, 0x00, 0x00, 
	0x00, 0x00, 0x00, 0x00, 0x00, 0x00, 0x00, 0x00, 
	0x00, 0x00, 0x00, 0x00, 0x00, 0x00, 0x00, 0x00, 
	0x00, 0x00, 0x00, 0x00, 0x00, 0x00, 0x00, 0x00, 
	0x00, 0x00, 0x00, 0x00, 0x00, 0x00, 0x00, 0x00, 
	0x00, 0x00, 0x00, 0x00, 0xad, 0x72, 0xad, 0x39, 
	0x62, 0xf7, 0x61, 0xef, 0x82, 0x33, 0x6a, 0x31, 
	0x38, 0xe9, 0x41, 0xaf, 0xbd, 0xb9, 0xc5, 0xf9, 
	0x9c, 0xb9, 0x51, 0xf3, 0x73, 0x39, 0xb5, 0x39, 
	0xce, 0x39, 0xad, 0x39, 0x49, 0x71, 0x7b, 0x79, 
	0xbd, 0xb9, 0xb5, 0x79, 0x70, 0x25, 0x9c, 0xb9, 
	0x6a, 0xb5, 0x38, 0x2b, 0x38, 0x2d, 0x83, 0x79, 
	0xbd, 0x79, 0x58, 0x29, 0x93, 0xf9, 0x94, 0x39, 
	0x7a, 0xf9, 0x51, 0x73, 0x38, 0x29, 0x6a, 0xb7, 
	0x72, 0xf9, 0x00, 0x00, 0x71, 0x29, 0x58, 0xad, 
	0x60, 0xef, 0xa1, 0xb1, 0xdb, 0x79, 0xe4, 0x35, 
	0xe3, 0xb9, 0xd2, 0x77, 0x90, 0xe8, 0x00, 0x00, 
	0x00, 0x00, 0x00, 0x00, 0x00, 0x00, 0x00, 0x00, 
	0x00, 0x00, 0x00, 0x00, 0x00, 0x00, 0x00, 0x00, 
	0x00, 0x00, 0x00, 0x00, 0x00, 0x00, 0x00, 0x00, 
	0x00, 0x00, 0x00, 0x00, 0x00, 0x00, 0x00, 0x00, 
	0x00, 0x00, 0x00, 0x00, 0x49, 0xef, 0x71, 0x6d, 
	0x50, 0xab, 0x38, 0xeb, 0x49, 0xf1, 0x73, 0xb9, 
	0xbd, 0xb9, 0x00, 0x00, 0x94, 0xb9, 0x9c, 0xf9, 
	0x73, 0x79, 0xad, 0x39, 0xbd, 0xb9, 0xce, 0x39, 
	0xce, 0x39, 0xad, 0x39, 0xa4, 0xb9, 0xde, 0xf9, 
	0x20, 0x27, 0x48, 0x29, 0x50, 0x29, 0x28, 0x67, 
	0xb5, 0x79, 0x93, 0xf9, 0x73, 0x39, 0xb5, 0x39, 
	0x8b, 0xb9, 0x58, 0x25, 0x88, 0x29, 0x93, 0x79, 
	0x8b, 0xb9, 0x7a, 0xf7, 0x62, 0x33, 0x28, 0xa0, 
	0x00, 0x00, 0x00, 0x00, 0x00, 0x00, 0x00, 0x00, 
	0x39, 0x60, 0x51, 0xab, 0x81, 0xf3, 0xb2, 0x35, 
	0xda, 0xf9, 0xe3, 0xf7, 0xe3, 0x79, 0x00, 0x00, 
	0x00, 0x00, 0x00, 0x00, 0x00, 0x00, 0x00, 0x00, 
	0x00, 0x00, 0x00, 0x00, 0x00, 0x00, 0x00, 0x00, 
	0x00, 0x00, 0x00, 0x00, 0x00, 0x00, 0x00, 0x00, 
	0x00, 0x00, 0x00, 0x00, 0x00, 0x00, 0x00, 0x00, 
	0x00, 0x00, 0x00, 0x00, 0x00, 0x00, 0x00, 0x00, 
	0x00, 0x00, 0x00, 0x00, 0x00, 0x00, 0x00, 0x00, 
	0x00, 0x00, 0x00, 0x00, 0x00, 0x00, 0x93, 0xf1, 
	0x00, 0x00, 0xa3, 0xf3, 0xcb, 0x77, 0xd5, 0x39, 
	0xe7, 0x39, 0xb5, 0x79, 0xab, 0x73, 0x94, 0x79, 
	0x52, 0x75, 0x51, 0xaf, 0x50, 0xef, 0x30, 0xed, 
	0x83, 0xf9, 0xc5, 0xf9, 0x94, 0x79, 0xde, 0xf9, 
	0x28, 0x23, 0x38, 0x25, 0x50, 0x2b, 0x98, 0xf3, 
	0x90, 0xf3, 0x38, 0x29, 0x49, 0xb1, 0x00, 0x00, 
	0x00, 0x00, 0x00, 0x00, 0x00, 0x00, 0x00, 0x00, 
	0x00, 0x00, 0x00, 0x00, 0x00, 0x00, 0x00, 0x00, 
	0x80, 0xe5, 0xa1, 0x6b, 0xba, 0x2d, 0xd3, 0x71, 
	0x00, 0x00, 0x00, 0x00, 0x00, 0x00, 0x00, 0x00, 
	0x00, 0x00, 0x00, 0x00, 0x00, 0x00, 0x00, 0x00, 
	0x00, 0x00, 0x00, 0x00, 0x00, 0x00, 0x00, 0x00, 
	0x00, 0x00, 0x00, 0x00, 0x00, 0x00, 0x00, 0x00, 
	0x00, 0x00, 0x00, 0x00, 0x00, 0x00, 0x00, 0x00, 
	0x00, 0x00, 0x00, 0x00, 0x00, 0x00, 0x00, 0x00, 
	0x00, 0x00, 0x00, 0x00, 0x00, 0x00, 0x00, 0x00, 
	0x00, 0x00, 0xba, 0xf3, 0xd4, 0x79, 0xd6, 0x39, 
	0xd5, 0x39, 0xcc, 0x39, 0x92, 0xad, 0x00, 0x00, 
	0x94, 0x79, 0x49, 0xf1, 0x49, 0x2d, 0x5a, 0xf7, 
	0xb5, 0x79, 0x00, 0x00, 0x00, 0x00, 0xd4, 0x37, 
	0x49, 0xa9, 0x20, 0x27, 0x30, 0x27, 0x48, 0x2b, 
	0x98, 0xb1, 0x50, 0x29, 0x20, 0x29, 0x00, 0x00, 
	0x00, 0x00, 0x00, 0x00, 0x00, 0x00, 0x00, 0x00, 
	0x00, 0x00, 0x00, 0x00, 0x00, 0x00, 0x00, 0x00, 
	0x00, 0x00, 0x00, 0x00, 0x00, 0x00, 0x00, 0x00, 
	0x00, 0x00, 0x00, 0x00, 0x00, 0x00, 0x00, 0x00, 
	0x00, 0x00, 0x00, 0x00, 0x00, 0x00, 0x00, 0x00, 
	0x00, 0x00, 0x00, 0x00, 0x00, 0x00, 0x00, 0x00, 
	0x00, 0x00, 0x00, 0x00, 0x00, 0x00, 0x00, 0x00, 
	0x00, 0x00, 0x00, 0x00, 0x00, 0x00, 0x00, 0x00, 
	0x00, 0x00, 0x00, 0x00, 0x00, 0x00, 0x00, 0x00, 
	0x00, 0x00, 0x00, 0x00, 0x00, 0x00, 0x00, 0x00, 
	0x00, 0x00, 0xc2, 0xf5, 0xd4, 0xb9, 0xdd, 0xf9, 
	0xcb, 0xb7, 0x68, 0xe4, 0x00, 0x00, 0x00, 0x00, 
	0x8c, 0x79, 0x41, 0xaf, 0x40, 0x27, 0x94, 0xb9, 
	0x00, 0x00, 0x00, 0x00, 0x00, 0x00, 0x00, 0x00, 
	0xd3, 0x75, 0xc3, 0xb7, 0x28, 0x25, 0x40, 0x25, 
	0x60, 0x27, 0x78, 0x27, 0x38, 0x29, 0x00, 0x00, 
	0x00, 0x00, 0x00, 0x00, 0x00, 0x00, 0x00, 0x00, 
	0x00, 0x00, 0x00, 0x00, 0x00, 0x00, 0x00, 0x00, 
	0x00, 0x00, 0x00, 0x00, 0x00, 0x00, 0x00, 0x00, 
	0x00, 0x00, 0x00, 0x00, 0x00, 0x00, 0x00, 0x00, 
	0x00, 0x00, 0x00, 0x00, 0x00, 0x00, 0x00, 0x00, 
	0x00, 0x00, 0x00, 0x00, 0x00, 0x00, 0x00, 0x00, 
	0x00, 0x00, 0x00, 0x00, 0x00, 0x00, 0x00, 0x00, 
	0x00, 0x00, 0x00, 0x00, 0x00, 0x00, 0x00, 0x00, 
	0x00, 0x00, 0x00, 0x00, 0x00, 0x00, 0x00, 0x00, 
	0x00, 0x00, 0x00, 0x00, 0x00, 0x00, 0x00, 0x00, 
	0x00, 0x00, 0xd3, 0x37, 0xd5, 0xb9, 0xca, 0xf3, 
	0x68, 0x61, 0x00, 0x00, 0x00, 0x00, 0x00, 0x00, 
	0x00, 0x00, 0x00, 0x00, 0x00, 0x00, 0x00, 0x00, 
	0x00, 0x00, 0x00, 0x00, 0x00, 0x00, 0x00, 0x00, 
	0x00, 0x00, 0xaa, 0xef, 0x00, 0x00, 0x38, 0xa3, 
	0x40, 0x23, 0x78, 0x21, 0x6a, 0xb1, 0x00, 0x00, 
	0x00, 0x00, 0x00, 0x00, 0x00, 0x00, 0x00, 0x00, 
	0x00, 0x00, 0x00, 0x00, 0x00, 0x00, 0x00, 0x00, 
	0x00, 0x00, 0x00, 0x00, 0x00, 0x00, 0x00, 0x00, 
	0x00, 0x00, 0x00, 0x00, 0x00, 0x00, 0x00, 0x00, 
	0x00, 0x00, 0x00, 0x00, 0x00, 0x00, 0x00, 0x00, 
	
};

Gfx rpush_ChainLink_ia8_aligner[] = {gsSPEndDisplayList()};
u8 rpush_ChainLink_ia8[] = {
	0x2f, 0x2f, 0x2f, 0x2f, 0x2f, 0x2f, 0x1f, 0x4f, 
	0x6f, 0x2f, 0x2f, 0x2f, 0x2f, 0x2f, 0x2f, 0x2f, 
	0x2f, 0x2f, 0x2f, 0x4f, 0x2f, 0x1f, 0x1f, 0x1f, 
	0x4f, 0x2f, 0x2f, 0x4f, 0x2f, 0x1f, 0x1f, 0x1f, 
	0x2f, 0x00, 0x00, 0x00, 0x00, 0x00, 0x00, 0x2f, 
	0x6f, 0x00, 0x00, 0x00, 0x00, 0x00, 0x00, 0x2f, 
	0x2f, 0x00, 0x00, 0x00, 0x00, 0x00, 0x00, 0x2f, 
	0x6f, 0x00, 0x00, 0x00, 0x00, 0x00, 0x00, 0x2f, 
	0x4f, 0x00, 0x00, 0x00, 0x00, 0x00, 0x00, 0x2f, 
	0x6f, 0x00, 0x00, 0x00, 0x00, 0x00, 0x00, 0x2f, 
	0x4f, 0x00, 0x00, 0x00, 0x00, 0x00, 0x00, 0x2f, 
	0x6f, 0x00, 0x00, 0x00, 0x00, 0x00, 0x00, 0x2f, 
	0x6f, 0x00, 0x00, 0x00, 0x00, 0x00, 0x00, 0x4f, 
	0x6f, 0x00, 0x00, 0x00, 0x00, 0x00, 0x00, 0x2f, 
	0x6f, 0x00, 0x00, 0x00, 0x00, 0x00, 0x00, 0x4f, 
	0x6f, 0x00, 0x00, 0x00, 0x00, 0x00, 0x00, 0x4f, 
	0x4f, 0x00, 0x00, 0x00, 0x00, 0x00, 0x00, 0x4f, 
	0x6f, 0x00, 0x00, 0x00, 0x00, 0x00, 0x00, 0x4f, 
	0x6f, 0x00, 0x00, 0x00, 0x00, 0x00, 0x00, 0x4f, 
	0x4f, 0x00, 0x00, 0x00, 0x00, 0x00, 0x00, 0x4f, 
	0x6f, 0x00, 0x00, 0x00, 0x00, 0x00, 0x00, 0x1f, 
	0x6f, 0x00, 0x00, 0x00, 0x00, 0x00, 0x00, 0x2f, 
	0x6f, 0x00, 0x00, 0x00, 0x00, 0x00, 0x00, 0x1f, 
	0x4f, 0x00, 0x00, 0x00, 0x00, 0x00, 0x00, 0x2f, 
	0x6f, 0x00, 0x00, 0x00, 0x00, 0x00, 0x00, 0x1f, 
	0x6f, 0x00, 0x00, 0x00, 0x00, 0x00, 0x00, 0x2f, 
	0x6f, 0x00, 0x00, 0x00, 0x00, 0x00, 0x00, 0x1f, 
	0x2f, 0x00, 0x00, 0x00, 0x00, 0x00, 0x00, 0x2f, 
	0x6f, 0x2f, 0x2f, 0x4f, 0x4f, 0x8f, 0x8f, 0x8f, 
	0x6f, 0x4f, 0x2f, 0x4f, 0x6f, 0x6f, 0x6f, 0x2f, 
	0x6f, 0x2f, 0x2f, 0x4f, 0x4f, 0x8f, 0x8f, 0x8f, 
	0x6f, 0x4f, 0x2f, 0x4f, 0x6f, 0x6f, 0x6f, 0x2f, 
	0x8f, 0x1f, 0x1f, 0x4f, 0x4f, 0x2f, 0x2f, 0x1f, 
	0x1f, 0x1f, 0x1f, 0x4f, 0x4f, 0x1f, 0x1f, 0x2f, 
	0x8f, 0x1f, 0x1f, 0x4f, 0x4f, 0x1f, 0x1f, 0x1f, 
	0x1f, 0x4f, 0x1f, 0x4f, 0x4f, 0x1f, 0x1f, 0x2f, 
	0x8f, 0x00, 0x00, 0x00, 0x00, 0x00, 0x00, 0x4f, 
	0x8f, 0x00, 0x00, 0x00, 0x00, 0x00, 0x00, 0x2f, 
	0x8f, 0x00, 0x00, 0x00, 0x00, 0x00, 0x00, 0x2f, 
	0x8f, 0x00, 0x00, 0x00, 0x00, 0x00, 0x00, 0x2f, 
	0x8f, 0x00, 0x00, 0x00, 0x00, 0x00, 0x00, 0x4f, 
	0x8f, 0x00, 0x00, 0x00, 0x00, 0x00, 0x00, 0x2f, 
	0x8f, 0x00, 0x00, 0x00, 0x00, 0x00, 0x00, 0x2f, 
	0x8f, 0x00, 0x00, 0x00, 0x00, 0x00, 0x00, 0x2f, 
	0x8f, 0x00, 0x00, 0x00, 0x00, 0x00, 0x00, 0x4f, 
	0x8f, 0x00, 0x00, 0x00, 0x00, 0x00, 0x00, 0x4f, 
	0x8f, 0x00, 0x00, 0x00, 0x00, 0x00, 0x00, 0x4f, 
	0x8f, 0x00, 0x00, 0x00, 0x00, 0x00, 0x00, 0x4f, 
	0x6f, 0x00, 0x00, 0x00, 0x00, 0x00, 0x00, 0x1f, 
	0x7f, 0x00, 0x00, 0x00, 0x00, 0x00, 0x00, 0x2f, 
	0x6f, 0x00, 0x00, 0x00, 0x00, 0x00, 0x00, 0x2f, 
	0x7f, 0x00, 0x00, 0x00, 0x00, 0x00, 0x00, 0x2f, 
	0x6f, 0x00, 0x00, 0x00, 0x00, 0x00, 0x00, 0x2f, 
	0x7f, 0x00, 0x00, 0x00, 0x00, 0x00, 0x00, 0x2f, 
	0x5f, 0x00, 0x00, 0x00, 0x00, 0x00, 0x00, 0x2f, 
	0x7f, 0x00, 0x00, 0x00, 0x00, 0x00, 0x00, 0x2f, 
	0x6f, 0x00, 0x00, 0x00, 0x00, 0x00, 0x00, 0x1f, 
	0x7f, 0x00, 0x00, 0x00, 0x00, 0x00, 0x00, 0x2f, 
	0x5f, 0x00, 0x00, 0x00, 0x00, 0x00, 0x00, 0x2f, 
	0x7f, 0x00, 0x00, 0x00, 0x00, 0x00, 0x00, 0x2f, 
	0x8f, 0x8f, 0x6f, 0x5f, 0x4f, 0x2f, 0x2f, 0x2f, 
	0x7f, 0x7f, 0x7f, 0x8f, 0x6f, 0x6f, 0x6f, 0x6f, 
	0x8f, 0x8f, 0x8f, 0x8f, 0x7f, 0x2f, 0x2f, 0x2f, 
	0x7f, 0x7f, 0x7f, 0x7f, 0x8f, 0x8f, 0x8f, 0x7f, 
	0x1f, 0x1f, 0x1f, 0x1f, 0x1f, 0x1f, 0x2f, 0x4f, 
	0x6f, 0x4f, 0x4f, 0x4f, 0x4f, 0x1f, 0x1f, 0x1f, 
	0x1f, 0x1f, 0x4f, 0x4f, 0x1f, 0x1f, 0x1f, 0x2f, 
	0x6f, 0x4f, 0x4f, 0x4f, 0x1f, 0x1f, 0x1f, 0x1f, 
	0x4f, 0x00, 0x00, 0x00, 0x00, 0x00, 0x00, 0x2f, 
	0x5f, 0x00, 0x00, 0x00, 0x00, 0x00, 0x00, 0x2f, 
	0x4f, 0x00, 0x00, 0x00, 0x00, 0x00, 0x00, 0x2f, 
	0x6f, 0x00, 0x00, 0x00, 0x00, 0x00, 0x00, 0x2f, 
	0x4f, 0x00, 0x00, 0x00, 0x00, 0x00, 0x00, 0x2f, 
	0x5f, 0x00, 0x00, 0x00, 0x00, 0x00, 0x00, 0x2f, 
	0x4f, 0x00, 0x00, 0x00, 0x00, 0x00, 0x00, 0x4f, 
	0x5f, 0x00, 0x00, 0x00, 0x00, 0x00, 0x00, 0x2f, 
	0x4f, 0x00, 0x00, 0x00, 0x00, 0x00, 0x00, 0x4f, 
	0x5f, 0x00, 0x00, 0x00, 0x00, 0x00, 0x00, 0x4f, 
	0x4f, 0x00, 0x00, 0x00, 0x00, 0x00, 0x00, 0x2f, 
	0x5f, 0x00, 0x00, 0x00, 0x00, 0x00, 0x00, 0x4f, 
	0x5f, 0x00, 0x00, 0x00, 0x00, 0x00, 0x00, 0x2f, 
	0x5f, 0x00, 0x00, 0x00, 0x00, 0x00, 0x00, 0x2f, 
	0x4f, 0x00, 0x00, 0x00, 0x00, 0x00, 0x00, 0x2f, 
	0x5f, 0x00, 0x00, 0x00, 0x00, 0x00, 0x00, 0x2f, 
	0x6f, 0x00, 0x00, 0x00, 0x00, 0x00, 0x00, 0x2f, 
	0x6f, 0x00, 0x00, 0x00, 0x00, 0x00, 0x00, 0x2f, 
	0x6f, 0x00, 0x00, 0x00, 0x00, 0x00, 0x00, 0x2f, 
	0x5f, 0x00, 0x00, 0x00, 0x00, 0x00, 0x00, 0x2f, 
	0x6f, 0x00, 0x00, 0x00, 0x00, 0x00, 0x00, 0x2f, 
	0x6f, 0x00, 0x00, 0x00, 0x00, 0x00, 0x00, 0x2f, 
	0x6f, 0x00, 0x00, 0x00, 0x00, 0x00, 0x00, 0x2f, 
	0x4f, 0x00, 0x00, 0x00, 0x00, 0x00, 0x00, 0x2f, 
	0x6f, 0x4f, 0x4f, 0x4f, 0x6f, 0x6f, 0x6f, 0x6f, 
	0x6f, 0x6f, 0x5f, 0x4f, 0x6f, 0x6f, 0x6f, 0x2f, 
	0x6f, 0x4f, 0x4f, 0x4f, 0x6f, 0x6f, 0x6f, 0x6f, 
	0x6f, 0x6f, 0x5f, 0x4f, 0x4f, 0x6f, 0x6f, 0x2f, 
	0x8f, 0x1f, 0x1f, 0x4f, 0x4f, 0x1f, 0x2f, 0x1f, 
	0x1f, 0x1f, 0x1f, 0x4f, 0x2f, 0x1f, 0x1f, 0x2f, 
	0x8f, 0x1f, 0x1f, 0x4f, 0x2f, 0x2f, 0x2f, 0x4f, 
	0x4f, 0x2f, 0x2f, 0x2f, 0x2f, 0x2f, 0x2f, 0x2f, 
	0x8f, 0x00, 0x00, 0x00, 0x00, 0x00, 0x00, 0x2f, 
	0x8f, 0x00, 0x00, 0x00, 0x00, 0x00, 0x00, 0x2f, 
	0x8f, 0x00, 0x00, 0x00, 0x00, 0x00, 0x00, 0x2f, 
	0x2f, 0x00, 0x00, 0x00, 0x00, 0x00, 0x00, 0x2f, 
	0x8f, 0x00, 0x00, 0x00, 0x00, 0x00, 0x00, 0x2f, 
	0x8f, 0x00, 0x00, 0x00, 0x00, 0x00, 0x00, 0x4f, 
	0x8f, 0x00, 0x00, 0x00, 0x00, 0x00, 0x00, 0x2f, 
	0x6f, 0x00, 0x00, 0x00, 0x00, 0x00, 0x00, 0x2f, 
	0x8f, 0x00, 0x00, 0x00, 0x00, 0x00, 0x00, 0x4f, 
	0x8f, 0x00, 0x00, 0x00, 0x00, 0x00, 0x00, 0x4f, 
	0x8f, 0x00, 0x00, 0x00, 0x00, 0x00, 0x00, 0x4f, 
	0x6f, 0x00, 0x00, 0x00, 0x00, 0x00, 0x00, 0x2f, 
	0x8f, 0x00, 0x00, 0x00, 0x00, 0x00, 0x00, 0x2f, 
	0x7f, 0x00, 0x00, 0x00, 0x00, 0x00, 0x00, 0x2f, 
	0x6f, 0x00, 0x00, 0x00, 0x00, 0x00, 0x00, 0x1f, 
	0x7f, 0x00, 0x00, 0x00, 0x00, 0x00, 0x00, 0x2f, 
	0x5f, 0x00, 0x00, 0x00, 0x00, 0x00, 0x00, 0x2f, 
	0x7f, 0x00, 0x00, 0x00, 0x00, 0x00, 0x00, 0x2f, 
	0x5f, 0x00, 0x00, 0x00, 0x00, 0x00, 0x00, 0x1f, 
	0x7f, 0x00, 0x00, 0x00, 0x00, 0x00, 0x00, 0x2f, 
	0x5f, 0x00, 0x00, 0x00, 0x00, 0x00, 0x00, 0x2f, 
	0x7f, 0x00, 0x00, 0x00, 0x00, 0x00, 0x00, 0x2f, 
	0x5f, 0x00, 0x00, 0x00, 0x00, 0x00, 0x00, 0x1f, 
	0x7f, 0x00, 0x00, 0x00, 0x00, 0x00, 0x00, 0x2f, 
	0x8f, 0x8f, 0x8f, 0x6f, 0x6f, 0x2f, 0x2f, 0x2f, 
	0x7f, 0x7f, 0x7f, 0x7f, 0x6f, 0x4f, 0x4f, 0x6f, 
	0x8f, 0x8f, 0x8f, 0x8f, 0x8f, 0x8f, 0x4f, 0x1f, 
	0x7f, 0x8f, 0x8f, 0x8f, 0x8f, 0x8f, 0x7f, 0x7f, 
	
};

Gfx rpush_ChainLinkBright_ia8_aligner[] = {gsSPEndDisplayList()};
u8 rpush_ChainLinkBright_ia8[] = {
	0xaf, 0xaf, 0xaf, 0xaf, 0xaf, 0xaf, 0x9f, 0xcf, 
	0xef, 0xaf, 0xaf, 0xaf, 0xaf, 0xaf, 0xaf, 0xaf, 
	0xaf, 0xaf, 0xaf, 0xcf, 0xaf, 0x9f, 0x9f, 0x9f, 
	0xcf, 0xaf, 0xaf, 0xcf, 0xaf, 0x9f, 0x9f, 0x9f, 
	0xaf, 0x00, 0x00, 0x00, 0x00, 0x00, 0x00, 0xaf, 
	0xef, 0x00, 0x00, 0x00, 0x00, 0x00, 0x00, 0xaf, 
	0xaf, 0x00, 0x00, 0x00, 0x00, 0x00, 0x00, 0xaf, 
	0xef, 0x00, 0x00, 0x00, 0x00, 0x00, 0x00, 0xaf, 
	0xcf, 0x00, 0x00, 0x00, 0x00, 0x00, 0x00, 0xaf, 
	0xef, 0x00, 0x00, 0x00, 0x00, 0x00, 0x00, 0xaf, 
	0xcf, 0x00, 0x00, 0x00, 0x00, 0x00, 0x00, 0xaf, 
	0xef, 0x00, 0x00, 0x00, 0x00, 0x00, 0x00, 0xaf, 
	0xef, 0x00, 0x00, 0x00, 0x00, 0x00, 0x00, 0xcf, 
	0xef, 0x00, 0x00, 0x00, 0x00, 0x00, 0x00, 0xaf, 
	0xef, 0x00, 0x00, 0x00, 0x00, 0x00, 0x00, 0xcf, 
	0xef, 0x00, 0x00, 0x00, 0x00, 0x00, 0x00, 0xcf, 
	0xcf, 0x00, 0x00, 0x00, 0x00, 0x00, 0x00, 0xcf, 
	0xef, 0x00, 0x00, 0x00, 0x00, 0x00, 0x00, 0xcf, 
	0xef, 0x00, 0x00, 0x00, 0x00, 0x00, 0x00, 0xcf, 
	0xcf, 0x00, 0x00, 0x00, 0x00, 0x00, 0x00, 0xcf, 
	0xef, 0x00, 0x00, 0x00, 0x00, 0x00, 0x00, 0x9f, 
	0xef, 0x00, 0x00, 0x00, 0x00, 0x00, 0x00, 0xaf, 
	0xef, 0x00, 0x00, 0x00, 0x00, 0x00, 0x00, 0x9f, 
	0xcf, 0x00, 0x00, 0x00, 0x00, 0x00, 0x00, 0xaf, 
	0xef, 0x00, 0x00, 0x00, 0x00, 0x00, 0x00, 0x9f, 
	0xef, 0x00, 0x00, 0x00, 0x00, 0x00, 0x00, 0xaf, 
	0xef, 0x00, 0x00, 0x00, 0x00, 0x00, 0x00, 0x9f, 
	0xaf, 0x00, 0x00, 0x00, 0x00, 0x00, 0x00, 0xaf, 
	0xef, 0xaf, 0xaf, 0xcf, 0xcf, 0xff, 0xff, 0xff, 
	0xef, 0xcf, 0xaf, 0xcf, 0xef, 0xef, 0xef, 0xaf, 
	0xef, 0xaf, 0xaf, 0xcf, 0xcf, 0xff, 0xff, 0xff, 
	0xef, 0xcf, 0xaf, 0xcf, 0xef, 0xef, 0xef, 0xaf, 
	0xff, 0x9f, 0x9f, 0xcf, 0xcf, 0xaf, 0xaf, 0x9f, 
	0x9f, 0x9f, 0x9f, 0xcf, 0xcf, 0x9f, 0x9f, 0xaf, 
	0xff, 0x9f, 0x9f, 0xcf, 0xcf, 0x9f, 0x9f, 0x9f, 
	0x9f, 0xcf, 0x9f, 0xcf, 0xcf, 0x9f, 0x9f, 0xaf, 
	0xff, 0x00, 0x00, 0x00, 0x00, 0x00, 0x00, 0xcf, 
	0xff, 0x00, 0x00, 0x00, 0x00, 0x00, 0x00, 0xaf, 
	0xff, 0x00, 0x00, 0x00, 0x00, 0x00, 0x00, 0xaf, 
	0xff, 0x00, 0x00, 0x00, 0x00, 0x00, 0x00, 0xaf, 
	0xff, 0x00, 0x00, 0x00, 0x00, 0x00, 0x00, 0xcf, 
	0xff, 0x00, 0x00, 0x00, 0x00, 0x00, 0x00, 0xaf, 
	0xff, 0x00, 0x00, 0x00, 0x00, 0x00, 0x00, 0xaf, 
	0xff, 0x00, 0x00, 0x00, 0x00, 0x00, 0x00, 0xaf, 
	0xff, 0x00, 0x00, 0x00, 0x00, 0x00, 0x00, 0xcf, 
	0xff, 0x00, 0x00, 0x00, 0x00, 0x00, 0x00, 0xcf, 
	0xff, 0x00, 0x00, 0x00, 0x00, 0x00, 0x00, 0xcf, 
	0xff, 0x00, 0x00, 0x00, 0x00, 0x00, 0x00, 0xcf, 
	0xef, 0x00, 0x00, 0x00, 0x00, 0x00, 0x00, 0x9f, 
	0xff, 0x00, 0x00, 0x00, 0x00, 0x00, 0x00, 0xaf, 
	0xef, 0x00, 0x00, 0x00, 0x00, 0x00, 0x00, 0xaf, 
	0xff, 0x00, 0x00, 0x00, 0x00, 0x00, 0x00, 0xaf, 
	0xef, 0x00, 0x00, 0x00, 0x00, 0x00, 0x00, 0xaf, 
	0xff, 0x00, 0x00, 0x00, 0x00, 0x00, 0x00, 0xaf, 
	0xdf, 0x00, 0x00, 0x00, 0x00, 0x00, 0x00, 0xaf, 
	0xff, 0x00, 0x00, 0x00, 0x00, 0x00, 0x00, 0xaf, 
	0xef, 0x00, 0x00, 0x00, 0x00, 0x00, 0x00, 0x9f, 
	0xff, 0x00, 0x00, 0x00, 0x00, 0x00, 0x00, 0xaf, 
	0xdf, 0x00, 0x00, 0x00, 0x00, 0x00, 0x00, 0xaf, 
	0xff, 0x00, 0x00, 0x00, 0x00, 0x00, 0x00, 0xaf, 
	0xff, 0xff, 0xef, 0xdf, 0xcf, 0xaf, 0xaf, 0xaf, 
	0xff, 0xff, 0xff, 0xff, 0xef, 0xef, 0xef, 0xef, 
	0xff, 0xff, 0xff, 0xff, 0xff, 0xaf, 0xaf, 0xaf, 
	0xff, 0xff, 0xff, 0xff, 0xff, 0xff, 0xff, 0xff, 
	0x9f, 0x9f, 0x9f, 0x9f, 0x9f, 0x9f, 0xaf, 0xcf, 
	0xef, 0xcf, 0xcf, 0xcf, 0xcf, 0x9f, 0x9f, 0x9f, 
	0x9f, 0x9f, 0xcf, 0xcf, 0x9f, 0x9f, 0x9f, 0xaf, 
	0xef, 0xcf, 0xcf, 0xcf, 0x9f, 0x9f, 0x9f, 0x9f, 
	0xcf, 0x00, 0x00, 0x00, 0x00, 0x00, 0x00, 0xaf, 
	0xdf, 0x00, 0x00, 0x00, 0x00, 0x00, 0x00, 0xaf, 
	0xcf, 0x00, 0x00, 0x00, 0x00, 0x00, 0x00, 0xaf, 
	0xef, 0x00, 0x00, 0x00, 0x00, 0x00, 0x00, 0xaf, 
	0xcf, 0x00, 0x00, 0x00, 0x00, 0x00, 0x00, 0xaf, 
	0xdf, 0x00, 0x00, 0x00, 0x00, 0x00, 0x00, 0xaf, 
	0xcf, 0x00, 0x00, 0x00, 0x00, 0x00, 0x00, 0xcf, 
	0xdf, 0x00, 0x00, 0x00, 0x00, 0x00, 0x00, 0xaf, 
	0xcf, 0x00, 0x00, 0x00, 0x00, 0x00, 0x00, 0xcf, 
	0xdf, 0x00, 0x00, 0x00, 0x00, 0x00, 0x00, 0xcf, 
	0xcf, 0x00, 0x00, 0x00, 0x00, 0x00, 0x00, 0xaf, 
	0xdf, 0x00, 0x00, 0x00, 0x00, 0x00, 0x00, 0xcf, 
	0xdf, 0x00, 0x00, 0x00, 0x00, 0x00, 0x00, 0xaf, 
	0xdf, 0x00, 0x00, 0x00, 0x00, 0x00, 0x00, 0xaf, 
	0xcf, 0x00, 0x00, 0x00, 0x00, 0x00, 0x00, 0xaf, 
	0xdf, 0x00, 0x00, 0x00, 0x00, 0x00, 0x00, 0xaf, 
	0xef, 0x00, 0x00, 0x00, 0x00, 0x00, 0x00, 0xaf, 
	0xef, 0x00, 0x00, 0x00, 0x00, 0x00, 0x00, 0xaf, 
	0xef, 0x00, 0x00, 0x00, 0x00, 0x00, 0x00, 0xaf, 
	0xdf, 0x00, 0x00, 0x00, 0x00, 0x00, 0x00, 0xaf, 
	0xef, 0x00, 0x00, 0x00, 0x00, 0x00, 0x00, 0xaf, 
	0xef, 0x00, 0x00, 0x00, 0x00, 0x00, 0x00, 0xaf, 
	0xef, 0x00, 0x00, 0x00, 0x00, 0x00, 0x00, 0xaf, 
	0xcf, 0x00, 0x00, 0x00, 0x00, 0x00, 0x00, 0xaf, 
	0xef, 0xcf, 0xcf, 0xcf, 0xef, 0xef, 0xef, 0xef, 
	0xef, 0xef, 0xdf, 0xcf, 0xef, 0xef, 0xef, 0xaf, 
	0xef, 0xcf, 0xcf, 0xcf, 0xef, 0xef, 0xef, 0xef, 
	0xef, 0xef, 0xdf, 0xcf, 0xcf, 0xef, 0xef, 0xaf, 
	0xff, 0x9f, 0x9f, 0xcf, 0xcf, 0x9f, 0xaf, 0x9f, 
	0x9f, 0x9f, 0x9f, 0xcf, 0xaf, 0x9f, 0x9f, 0xaf, 
	0xff, 0x9f, 0x9f, 0xcf, 0xaf, 0xaf, 0xaf, 0xcf, 
	0xcf, 0xaf, 0xaf, 0xaf, 0xaf, 0xaf, 0xaf, 0xaf, 
	0xff, 0x00, 0x00, 0x00, 0x00, 0x00, 0x00, 0xaf, 
	0xff, 0x00, 0x00, 0x00, 0x00, 0x00, 0x00, 0xaf, 
	0xff, 0x00, 0x00, 0x00, 0x00, 0x00, 0x00, 0xaf, 
	0xaf, 0x00, 0x00, 0x00, 0x00, 0x00, 0x00, 0xaf, 
	0xff, 0x00, 0x00, 0x00, 0x00, 0x00, 0x00, 0xaf, 
	0xff, 0x00, 0x00, 0x00, 0x00, 0x00, 0x00, 0xcf, 
	0xff, 0x00, 0x00, 0x00, 0x00, 0x00, 0x00, 0xaf, 
	0xef, 0x00, 0x00, 0x00, 0x00, 0x00, 0x00, 0xaf, 
	0xff, 0x00, 0x00, 0x00, 0x00, 0x00, 0x00, 0xcf, 
	0xff, 0x00, 0x00, 0x00, 0x00, 0x00, 0x00, 0xcf, 
	0xff, 0x00, 0x00, 0x00, 0x00, 0x00, 0x00, 0xcf, 
	0xef, 0x00, 0x00, 0x00, 0x00, 0x00, 0x00, 0xaf, 
	0xff, 0x00, 0x00, 0x00, 0x00, 0x00, 0x00, 0xaf, 
	0xff, 0x00, 0x00, 0x00, 0x00, 0x00, 0x00, 0xaf, 
	0xef, 0x00, 0x00, 0x00, 0x00, 0x00, 0x00, 0x9f, 
	0xff, 0x00, 0x00, 0x00, 0x00, 0x00, 0x00, 0xaf, 
	0xdf, 0x00, 0x00, 0x00, 0x00, 0x00, 0x00, 0xaf, 
	0xff, 0x00, 0x00, 0x00, 0x00, 0x00, 0x00, 0xaf, 
	0xdf, 0x00, 0x00, 0x00, 0x00, 0x00, 0x00, 0x9f, 
	0xff, 0x00, 0x00, 0x00, 0x00, 0x00, 0x00, 0xaf, 
	0xdf, 0x00, 0x00, 0x00, 0x00, 0x00, 0x00, 0xaf, 
	0xff, 0x00, 0x00, 0x00, 0x00, 0x00, 0x00, 0xaf, 
	0xdf, 0x00, 0x00, 0x00, 0x00, 0x00, 0x00, 0x9f, 
	0xff, 0x00, 0x00, 0x00, 0x00, 0x00, 0x00, 0xaf, 
	0xff, 0xff, 0xff, 0xef, 0xef, 0xaf, 0xaf, 0xaf, 
	0xff, 0xff, 0xff, 0xff, 0xef, 0xcf, 0xcf, 0xef, 
	0xff, 0xff, 0xff, 0xff, 0xff, 0xff, 0xcf, 0x9f, 
	0xff, 0xff, 0xff, 0xff, 0xff, 0xff, 0xff, 0xff, 
	
};

Gfx rpush_fakeskybox_ci8_aligner[] = {gsSPEndDisplayList()};
u8 rpush_fakeskybox_ci8[] = {
	0x00, 0x00, 0x00, 0x00, 0x00, 0x00, 0x00, 0x00, 
	0x00, 0x00, 0x00, 0x00, 0x00, 0x00, 0x00, 0x00, 
	0x00, 0x00, 0x00, 0x00, 0x00, 0x00, 0x00, 0x00, 
	0x00, 0x00, 0x00, 0x00, 0x00, 0x00, 0x00, 0x00, 
	0x01, 0x01, 0x00, 0x00, 0x00, 0x00, 0x00, 0x00, 
	0x00, 0x00, 0x00, 0x00, 0x00, 0x00, 0x00, 0x00, 
	0x00, 0x00, 0x00, 0x00, 0x00, 0x00, 0x00, 0x00, 
	0x00, 0x00, 0x00, 0x00, 0x00, 0x00, 0x00, 0x01, 
	0x01, 0x01, 0x01, 0x01, 0x01, 0x01, 0x01, 0x01, 
	0x01, 0x01, 0x01, 0x01, 0x01, 0x01, 0x01, 0x01, 
	0x01, 0x01, 0x01, 0x01, 0x00, 0x01, 0x00, 0x01, 
	0x01, 0x01, 0x01, 0x01, 0x01, 0x01, 0x01, 0x01, 
	0x01, 0x01, 0x01, 0x01, 0x01, 0x01, 0x01, 0x01, 
	0x01, 0x01, 0x01, 0x01, 0x01, 0x01, 0x01, 0x01, 
	0x01, 0x01, 0x01, 0x01, 0x01, 0x01, 0x01, 0x01, 
	0x01, 0x01, 0x01, 0x01, 0x01, 0x01, 0x01, 0x01, 
	0x01, 0x01, 0x01, 0x01, 0x01, 0x01, 0x01, 0x01, 
	0x01, 0x01, 0x01, 0x01, 0x01, 0x01, 0x01, 0x01, 
	0x01, 0x01, 0x01, 0x01, 0x01, 0x01, 0x01, 0x01, 
	0x01, 0x01, 0x01, 0x01, 0x01, 0x01, 0x01, 0x01, 
	0x01, 0x01, 0x01, 0x01, 0x01, 0x01, 0x01, 0x01, 
	0x01, 0x01, 0x01, 0x01, 0x02, 0x02, 0x01, 0x01, 
	0x01, 0x01, 0x01, 0x01, 0x01, 0x01, 0x01, 0x01, 
	0x01, 0x01, 0x01, 0x01, 0x01, 0x01, 0x01, 0x01, 
	0x01, 0x01, 0x01, 0x01, 0x01, 0x01, 0x01, 0x01, 
	0x01, 0x02, 0x03, 0x04, 0x05, 0x06, 0x07, 0x08, 
	0x01, 0x01, 0x01, 0x01, 0x01, 0x01, 0x01, 0x01, 
	0x01, 0x01, 0x01, 0x01, 0x01, 0x01, 0x01, 0x01, 
	0x01, 0x01, 0x01, 0x02, 0x09, 0x01, 0x01, 0x01, 
	0x01, 0x09, 0x0a, 0x0b, 0x0c, 0x0d, 0x0e, 0x0f, 
	0x07, 0x10, 0x01, 0x01, 0x01, 0x01, 0x01, 0x01, 
	0x01, 0x01, 0x01, 0x01, 0x01, 0x01, 0x01, 0x01, 
	0x11, 0x07, 0x12, 0x13, 0x14, 0x15, 0x09, 0x02, 
	0x16, 0x17, 0x18, 0x19, 0x19, 0x19, 0x1a, 0x1b, 
	0x1c, 0x03, 0x01, 0x01, 0x01, 0x01, 0x01, 0x01, 
	0x01, 0x01, 0x01, 0x01, 0x1d, 0x1d, 0x01, 0x1d, 
	0x1e, 0x1f, 0x19, 0x0c, 0x20, 0x21, 0x22, 0x23, 
	0x24, 0x19, 0x19, 0x19, 0x19, 0x19, 0x0d, 0x25, 
	0x26, 0x27, 0x02, 0x01, 0x01, 0x01, 0x01, 0x01, 
	0x1d, 0x01, 0x1d, 0x1d, 0x1d, 0x1d, 0x01, 0x02, 
	0x04, 0x20, 0x0c, 0x19, 0x19, 0x19, 0x19, 0x19, 
	0x19, 0x19, 0x0d, 0x0d, 0x19, 0x0d, 0x25, 0x28, 
	0x20, 0x13, 0x11, 0x1d, 0x01, 0x01, 0x01, 0x1d, 
	0x1d, 0x1d, 0x1d, 0x1d, 0x1d, 0x1d, 0x01, 0x1d, 
	0x29, 0x2a, 0x2b, 0x0c, 0x19, 0x19, 0x19, 0x19, 
	0x19, 0x0d, 0x0c, 0x25, 0x0c, 0x25, 0x25, 0x28, 
	0x2c, 0x1e, 0x29, 0x1d, 0x1d, 0x1d, 0x1d, 0x1d, 
	0x1d, 0x1d, 0x1d, 0x1d, 0x1d, 0x1d, 0x2d, 0x09, 
	0x2e, 0x2f, 0x0c, 0x19, 0x19, 0x19, 0x19, 0x19, 
	0x19, 0x19, 0x0c, 0x25, 0x0c, 0x0c, 0x0c, 0x25, 
	0x30, 0x31, 0x1d, 0x1d, 0x1d, 0x1d, 0x1d, 0x1d, 
	0x09, 0x32, 0x33, 0x16, 0x29, 0x16, 0x22, 0x06, 
	0x19, 0x19, 0x19, 0x19, 0x19, 0x19, 0x19, 0x19, 
	0x0c, 0x0c, 0x25, 0x25, 0x0c, 0x0c, 0x25, 0x0b, 
	0x2e, 0x11, 0x1d, 0x1d, 0x1d, 0x1d, 0x1d, 0x02, 
	0x2e, 0x1f, 0x19, 0x34, 0x0a, 0x35, 0x19, 0x19, 
	0x19, 0x19, 0x19, 0x19, 0x19, 0x19, 0x19, 0x0c, 
	0x28, 0x28, 0x28, 0x28, 0x25, 0x0c, 0x25, 0x21, 
	0x09, 0x1d, 0x1d, 0x1d, 0x1d, 0x1d, 0x1d, 0x1d, 
	0x36, 0x20, 0x0d, 0x19, 0x19, 0x19, 0x19, 0x19, 
	0x19, 0x0d, 0x0d, 0x0d, 0x0d, 0x19, 0x0d, 0x25, 
	0x28, 0x28, 0x28, 0x28, 0x25, 0x25, 0x28, 0x2c, 
	0x1d, 0x1d, 0x1d, 0x1d, 0x1d, 0x1d, 0x1d, 0x1d, 
	0x37, 0x38, 0x2b, 0x0c, 0x19, 0x19, 0x19, 0x19, 
	0x0d, 0x0c, 0x25, 0x25, 0x25, 0x0c, 0x25, 0x25, 
	0x28, 0x28, 0x28, 0x28, 0x2b, 0x2b, 0x39, 0x3a, 
	0x1d, 0x1d, 0x1d, 0x1d, 0x1d, 0x1d, 0x1d, 0x1d, 
	0x11, 0x3b, 0x28, 0x25, 0x0c, 0x0c, 0x0c, 0x0d, 
	0x25, 0x25, 0x28, 0x28, 0x25, 0x0c, 0x0c, 0x0c, 
	0x28, 0x2b, 0x2b, 0x3c, 0x39, 0x3d, 0x3a, 0x3e, 
	0x1d, 0x1d, 0x1d, 0x1d, 0x1d, 0x1d, 0x1d, 0x1d, 
	0x1d, 0x3f, 0x40, 0x0d, 0x0d, 0x19, 0x0d, 0x0c, 
	0x28, 0x28, 0x28, 0x28, 0x25, 0x0c, 0x0c, 0x25, 
	0x2b, 0x3c, 0x3c, 0x3c, 0x41, 0x3d, 0x38, 0x42, 
	0x1d, 0x43, 0x43, 0x1d, 0x1d, 0x1d, 0x1d, 0x1d, 
	0x1d, 0x44, 0x2a, 0x25, 0x19, 0x19, 0x19, 0x0c, 
	0x0c, 0x0c, 0x28, 0x28, 0x28, 0x0c, 0x25, 0x2b, 
	0x39, 0x3d, 0x41, 0x3d, 0x45, 0x3d, 0x46, 0x47, 
	0x43, 0x43, 0x43, 0x43, 0x43, 0x43, 0x43, 0x43, 
	0x43, 0x1d, 0x48, 0x49, 0x25, 0x0d, 0x19, 0x0d, 
	0x25, 0x28, 0x3d, 0x4a, 0x3d, 0x28, 0x25, 0x28, 
	0x3c, 0x3a, 0x3a, 0x3e, 0x46, 0x4b, 0x3f, 0x43, 
	0x43, 0x43, 0x43, 0x43, 0x43, 0x43, 0x43, 0x43, 
	0x43, 0x43, 0x29, 0x4c, 0x4d, 0x30, 0x25, 0x0c, 
	0x39, 0x3c, 0x3d, 0x4e, 0x4b, 0x3d, 0x25, 0x0d, 
	0x0c, 0x28, 0x28, 0x20, 0x4f, 0x46, 0x47, 0x43, 
	0x43, 0x43, 0x43, 0x43, 0x43, 0x43, 0x43, 0x43, 
	0x43, 0x43, 0x43, 0x43, 0x43, 0x50, 0x4d, 0x3a, 
	0x46, 0x2b, 0x28, 0x3a, 0x46, 0x4a, 0x3e, 0x49, 
	0x3a, 0x3c, 0x4f, 0x2b, 0x25, 0x4f, 0x51, 0x43, 
	0x43, 0x43, 0x43, 0x43, 0x43, 0x43, 0x43, 0x43, 
	0x43, 0x43, 0x43, 0x43, 0x43, 0x43, 0x44, 0x50, 
	0x48, 0x4b, 0x38, 0x4e, 0x50, 0x48, 0x52, 0x47, 
	0x53, 0x4e, 0x42, 0x46, 0x45, 0x46, 0x4c, 0x54, 
	0x43, 0x43, 0x43, 0x43, 0x43, 0x43, 0x43, 0x43, 
	0x43, 0x43, 0x43, 0x43, 0x43, 0x43, 0x43, 0x43, 
	0x43, 0x44, 0x48, 0x48, 0x43, 0x43, 0x43, 0x43, 
	0x54, 0x47, 0x55, 0x48, 0x53, 0x56, 0x54, 0x43, 
	0x43, 0x43, 0x43, 0x43, 0x43, 0x43, 0x43, 0x43, 
	0x43, 0x43, 0x43, 0x43, 0x43, 0x43, 0x43, 0x43, 
	0x43, 0x43, 0x43, 0x43, 0x43, 0x43, 0x43, 0x43, 
	0x43, 0x43, 0x43, 0x43, 0x43, 0x43, 0x43, 0x54, 
	0x43, 0x43, 0x43, 0x43, 0x43, 0x43, 0x43, 0x43, 
	0x43, 0x43, 0x43, 0x43, 0x43, 0x43, 0x43, 0x43, 
	0x54, 0x43, 0x43, 0x43, 0x43, 0x43, 0x43, 0x43, 
	0x43, 0x43, 0x43, 0x43, 0x54, 0x54, 0x54, 0x54, 
	0x43, 0x43, 0x43, 0x43, 0x43, 0x54, 0x54, 0x54, 
	0x43, 0x54, 0x43, 0x43, 0x43, 0x43, 0x43, 0x43, 
	0x54, 0x54, 0x43, 0x43, 0x43, 0x43, 0x43, 0x43, 
	0x54, 0x54, 0x54, 0x54, 0x54, 0x54, 0x54, 0x54, 
	0x54, 0x43, 0x54, 0x43, 0x54, 0x54, 0x54, 0x54, 
	0x54, 0x54, 0x54, 0x43, 0x43, 0x54, 0x54, 0x54, 
	0x54, 0x54, 0x54, 0x54, 0x54, 0x54, 0x54, 0x54, 
	0x54, 0x54, 0x54, 0x54, 0x54, 0x54, 0x54, 0x54, 
	0x54, 0x54, 0x54, 0x54, 0x54, 0x54, 0x54, 0x54, 
	0x54, 0x54, 0x54, 0x54, 0x54, 0x54, 0x54, 0x54, 
	0x54, 0x54, 0x54, 0x54, 0x54, 0x54, 0x54, 0x54, 
	0x54, 0x54, 0x54, 0x54, 0x54, 0x54, 0x54, 0x54, 
	0x54, 0x54, 0x54, 0x54, 0x54, 0x54, 0x54, 0x54, 
	0x54, 0x54, 0x54, 0x54, 0x54, 0x54, 0x54, 0x54, 
	0x54, 0x54, 0x54, 0x54, 0x54, 0x54, 0x54, 0x54, 
	0x54, 0x54, 0x54, 0x54, 0x54, 0x54, 0x54, 0x54, 
	0x54, 0x54, 0x54, 0x54, 0x54, 0x54, 0x54, 0x54, 
	0x54, 0x54, 0x54, 0x54, 0x54, 0x54, 0x54, 0x54, 
	0x56, 0x3f, 0x3f, 0x47, 0x54, 0x54, 0x54, 0x54, 
	0x54, 0x54, 0x54, 0x54, 0x54, 0x54, 0x54, 0x54, 
	0x54, 0x54, 0x54, 0x54, 0x55, 0x55, 0x54, 0x54, 
	0x54, 0x54, 0x54, 0x54, 0x54, 0x47, 0x56, 0x55, 
	0x57, 0x2f, 0x30, 0x57, 0x48, 0x54, 0x54, 0x54, 
	0x54, 0x54, 0x54, 0x54, 0x54, 0x54, 0x54, 0x54, 
	0x54, 0x54, 0x54, 0x48, 0x58, 0x2e, 0x3f, 0x55, 
	0x54, 0x54, 0x54, 0x54, 0x48, 0x57, 0x05, 0x57, 
	0x18, 0x0d, 0x0c, 0x59, 0x51, 0x55, 0x54, 0x54, 
	0x54, 0x54, 0x54, 0x54, 0x54, 0x54, 0x54, 0x54, 
	0x54, 0x55, 0x54, 0x36, 0x35, 0x1b, 0x05, 0x48, 
	0x54, 0x54, 0x54, 0x54, 0x51, 0x21, 0x0d, 0x1b, 
	0x19, 0x0c, 0x28, 0x59, 0x5a, 0x55, 0x54, 0x54, 
	0x54, 0x54, 0x54, 0x54, 0x54, 0x54, 0x54, 0x55, 
	0x50, 0x36, 0x50, 0x57, 0x1b, 0x19, 0x21, 0x58, 
	0x56, 0x56, 0x55, 0x55, 0x2e, 0x1f, 0x19, 0x19, 
	0x0d, 0x25, 0x2b, 0x26, 0x14, 0x5b, 0x4c, 0x5c, 
	0x5d, 0x54, 0x5d, 0x54, 0x5d, 0x54, 0x55, 0x58, 
	0x17, 0x2c, 0x05, 0x17, 0x1f, 0x19, 0x0d, 0x2f, 
	0x05, 0x05, 0x58, 0x50, 0x5e, 0x1a, 0x19, 0x19, 
	0x0d, 0x0c, 0x25, 0x28, 0x20, 0x2c, 0x30, 0x14, 
	0x4c, 0x56, 0x5c, 0x5f, 0x5d, 0x5d, 0x50, 0x17, 
	0x0d, 0x0c, 0x1b, 0x1b, 0x0d, 0x19, 0x19, 0x19, 
	0x0d, 0x0d, 0x06, 0x51, 0x14, 0x1f, 0x19, 0x19, 
	0x19, 0x19, 0x0c, 0x0c, 0x0d, 0x0d, 0x0c, 0x0b, 
	0x17, 0x13, 0x2a, 0x57, 0x4c, 0x5f, 0x4c, 0x2f, 
	0x19, 0x0d, 0x0d, 0x0d, 0x19, 0x19, 0x19, 0x19, 
	0x19, 0x19, 0x2c, 0x14, 0x06, 0x0c, 0x19, 0x0d, 
	0x0d, 0x0d, 0x0d, 0x0d, 0x19, 0x0d, 0x0d, 0x0d, 
	0x0c, 0x0b, 0x2c, 0x2c, 0x3b, 0x51, 0x57, 0x2c, 
	0x0d, 0x0c, 0x0c, 0x0c, 0x0d, 0x0d, 0x0d, 0x0d, 
	0x19, 0x0d, 0x0b, 0x21, 0x1f, 0x19, 0x19, 0x0d, 
	0x0d, 0x0d, 0x19, 0x19, 0x19, 0x19, 0x19, 0x19, 
	0x0d, 0x25, 0x1b, 0x28, 0x20, 0x26, 0x21, 0x25, 
	0x25, 0x0c, 0x0c, 0x0d, 0x0c, 0x0d, 0x0d, 0x0d, 
	0x19, 0x19, 0x0d, 0x19, 0x19, 0x19, 0x19, 0x0d, 
	0x0d, 0x0d, 0x19, 0x19, 0x19, 0x19, 0x0d, 0x0c, 
	0x25, 0x28, 0x25, 0x28, 0x25, 0x0c, 0x0c, 0x25, 
	0x0b, 0x28, 0x25, 0x25, 0x0c, 0x0d, 0x19, 0x19, 
	0x19, 0x19, 0x19, 0x19, 0x19, 0x19, 0x19, 0x0d, 
	0x0d, 0x0c, 0x0c, 0x0c, 0x0c, 0x0c, 0x25, 0x25, 
	0x28, 0x28, 0x28, 0x28, 0x25, 0x0c, 0x25, 0x25, 
	0x28, 0x28, 0x28, 0x25, 0x25, 0x0d, 0x19, 0x19, 
	0x19, 0x19, 0x19, 0x19, 0x19, 0x19, 0x19, 0x0d, 
	0x0c, 0x25, 0x28, 0x28, 0x28, 0x25, 0x28, 0x28, 
	0x28, 0x25, 0x25, 0x25, 0x0c, 0x25, 0x25, 0x28, 
	0x25, 0x28, 0x25, 0x25, 0x25, 0x25, 0x0d, 0x19, 
	0x19, 0x19, 0x19, 0x19, 0x19, 0x19, 0x19, 0x0d, 
	0x25, 0x28, 0x28, 0x28, 0x28, 0x25, 0x28, 0x28, 
	0x28, 0x25, 0x28, 0x25, 0x25, 0x25, 0x28, 0x28, 
	0x28, 0x28, 0x25, 0x25, 0x28, 0x28, 0x0c, 0x0c, 
	0x0d, 0x19, 0x19, 0x19, 0x19, 0x19, 0x19, 0x0c, 
	0x25, 0x28, 0x28, 0x28, 0x25, 0x25, 0x0c, 0x25, 
	0x25, 0x25, 0x25, 0x25, 0x25, 0x25, 0x28, 0x25, 
	0x25, 0x25, 0x25, 0x25, 0x28, 0x25, 0x0c, 0x0c, 
	0x0c, 0x0d, 0x19, 0x19, 0x19, 0x19, 0x0d, 0x0c, 
	0x0c, 0x0c, 0x25, 0x25, 0x0c, 0x0c, 0x0c, 0x0c, 
	0x25, 0x25, 0x25, 0x25, 0x25, 0x25, 0x28, 0x25, 
	0x28, 0x25, 0x28, 0x25, 0x25, 0x0c, 0x0c, 0x0c, 
	0x0d, 0x0d, 0x0d, 0x0c, 0x0d, 0x19, 0x0d, 0x0c, 
	0x0d, 0x0d, 0x0d, 0x0c, 0x0d, 0x0d, 0x0d, 0x0c, 
	0x0c, 0x25, 0x25, 0x25, 0x25, 0x25, 0x28, 0x28, 
	0x28, 0x0b, 0x28, 0x25, 0x0c, 0x0c, 0x25, 0x25, 
	0x0c, 0x0c, 0x25, 0x25, 0x60, 0x61, 0x0d, 0x19, 
	0x0d, 0x0d, 0x0d, 0x0c, 0x0c, 0x0c, 0x0c, 0x25, 
	0x28, 0x28, 0x0b, 0x28, 0x0b, 0x28, 0x28, 0x28, 
	0x20, 0x20, 0x20, 0x28, 0x25, 0x25, 0x28, 0x28, 
	0x28, 0x28, 0x28, 0x62, 0x63, 0x64, 0x65, 0x60, 
	0x20, 0x28, 0x0b, 0x0b, 0x0b, 0x0b, 0x20, 0x40, 
	0x2c, 0x26, 0x26, 0x26, 0x26, 0x26, 0x26, 0x26, 
	0x26, 0x2c, 0x2c, 0x20, 0x20, 0x20, 0x20, 0x20, 
	0x20, 0x66, 0x67, 0x68, 0x69, 0x6a, 0x6b, 0x63, 
	0x6c, 0x26, 0x2c, 0x2c, 0x2c, 0x26, 0x30, 0x30, 
	0x30, 0x30, 0x49, 0x30, 0x49, 0x49, 0x49, 0x49, 
	0x30, 0x30, 0x30, 0x30, 0x30, 0x30, 0x30, 0x67, 
	0x6d, 0x6e, 0x6f, 0x70, 0x70, 0x69, 0x69, 0x69, 
	0x70, 0x71, 0x72, 0x72, 0x72, 0x3b, 0x3b, 0x72, 
	0x72, 0x72, 0x3b, 0x72, 0x3b, 0x05, 0x14, 0x3b, 
	0x14, 0x14, 0x14, 0x14, 0x14, 0x73, 0x74, 0x75, 
	0x76, 0x77, 0x77, 0x77, 0x75, 0x77, 0x77, 0x78, 
	0x79, 0x7a, 0x7b, 0x7c, 0x5a, 0x7d, 0x7d, 0x5a, 
	0x42, 0x4d, 0x42, 0x4d, 0x4d, 0x5a, 0x7d, 0x7d, 
	0x4c, 0x7e, 0x7f, 0x80, 0x81, 0x82, 0x83, 0x83, 
	0x83, 0x84, 0x83, 0x85, 0x86, 0x86, 0x79, 0x79, 
	0x87, 0x84, 0x84, 0x88, 0x89, 0x8a, 0x8b, 0x8c, 
	0x8c, 0x8d, 0x8c, 0x8d, 0x8e, 0x8e, 0x8d, 0x8d, 
	0x8f, 0x90, 0x91, 0x92, 0x92, 0x91, 0x92, 0x92, 
	0x93, 0x91, 0x94, 0x91, 0x95, 0x84, 0x96, 0x93, 
	0x97, 0x98, 0x98, 0x98, 0x95, 0x99, 0x9a, 0x9b, 
	0x9b, 0x9b, 0x9b, 0x9b, 0x9b, 0x9b, 0x9b, 0x9c, 
	0x9d, 0x91, 0x9e, 0x94, 0x94, 0x94, 0x94, 0x94, 
	0x92, 0x92, 0x92, 0x94, 0x92, 0x98, 0x98, 0x98, 
	0x9f, 0xa0, 0xa1, 0xa1, 0xa2, 0xa2, 0xa3, 0xa4, 
	0xa5, 0xa5, 0xa5, 0xa5, 0xa5, 0xa5, 0xa5, 0xa6, 
	0xa7, 0xa8, 0x9f, 0x9f, 0x9f, 0x9f, 0xa9, 0xa9, 
	0xaa, 0xab, 0xab, 0xa8, 0xa8, 0xa8, 0xa8, 0x9f, 
	0xac, 0xad, 0xae, 0xaf, 0xb0, 0xb1, 0xb1, 0xb2, 
	0xb3, 0xb2, 0xb2, 0xb2, 0xb4, 0xb2, 0xb2, 0xb2, 
	0xb5, 0xb5, 0xb6, 0xb6, 0xb5, 0xb5, 0xb5, 0xb7, 
	0xb7, 0xb7, 0xb7, 0xb7, 0xb8, 0xb9, 0xb9, 0xb9, 
	0xba, 0xba, 0xb5, 0xb9, 0xb9, 0xb5, 0xb9, 0xb5, 
	0xb5, 0xb5, 0xb9, 0xb5, 0xb9, 0xbb, 0xbb, 0xbc, 
	0xbd, 0xbe, 0xbe, 0xbe, 0xbf, 0xbb, 0xbc, 0xbc, 
	0xc0, 0xc0, 0xc0, 0xbc, 0xba, 0xb5, 0xb5, 0xb5, 
	0xc1, 0xc1, 0xc1, 0xc1, 0xc1, 0xb9, 0xb5, 0xbc, 
	0xb9, 0xb9, 0xb9, 0xb9, 0xb9, 0xc1, 0xc1, 0xc2, 
	0xbb, 0xc2, 0xc2, 0xbb, 0xbb, 0xbb, 0xb9, 0xb9, 
	0xb9, 0xc1, 0xc1, 0xc1, 0xb7, 0xb7, 0xb7, 0xc1, 
	0xc1, 0xc1, 0xc1, 0xc3, 0xc4, 0xc5, 0xc0, 0xbc, 
	0xc3, 0xc4, 0xc3, 0xc4, 0xbc, 0xc3, 0xbc, 0xc0, 
	0xc3, 0xc1, 0xbb, 0xc1, 0xb9, 0xb9, 0xc0, 0xbc, 
	0xbb, 0xc6, 0xc6, 0xc7, 0xb7, 0xc1, 0xc1, 0xc1, 
	0xb9, 0xb9, 0xb9, 0xc1, 0xb9, 0xb9, 0xc1, 0xc3, 
	0xc3, 0xb9, 0xb9, 0xb9, 0xb9, 0xc8, 0xbb, 0xbb, 
	0xc6, 0xc6, 0xb5, 0xc6, 0xc1, 0xc9, 0xb9, 0xb9, 
	0xbb, 0xbb, 0xbc, 0xbc, 0xc0, 0xba, 0xb9, 0xac, 
	0xc1, 0xc3, 0xc3, 0xc3, 0xc3, 0xc3, 0xc3, 0xc3, 
	0xc3, 0xc3, 0xc3, 0xc3, 0xc3, 0xc3, 0xbb, 0xc8, 
	0xb9, 0xc9, 0xb9, 0xb5, 0xc6, 0xbc, 0xb5, 0xb5, 
	0xba, 0xba, 0xbb, 0xbb, 0xb5, 0xc6, 0xc3, 0xc3, 
	0xad, 0xbd, 0xac, 0xac, 0xac, 0xb9, 0xac, 0xbf, 
	0xbf, 0xbb, 0xbb, 0xbb, 0xbb, 0xbb, 0xbb, 0xc6, 
	0xb5, 0xbc, 0xc0, 0xc0, 0xc0, 0xb4, 0xb4, 0xb2, 
	0xb4, 0xb4, 0xca, 0xca, 0xca, 0xca, 0xb4, 0xbd, 
	0xb4, 0xb4, 0xb4, 0xbe, 0xbe, 0xbb, 0xbc, 0xbb, 
	0xc8, 0xbf, 0xbf, 0xc8, 0xbf, 0xc8, 0xb9, 0xb9, 
	0xbc, 0xbc, 0xbc, 0xbc, 0xc0, 0xbc, 0xbc, 0xc0, 
	0xb4, 0xb4, 0xb4, 0xbe, 0xb4, 0xcb, 0xaf, 0xb2, 
	0xbb, 0xbc, 0xb5, 0xb5, 0xc1, 0xc6, 0xba, 0xc6, 
	0xc6, 0xb5, 0xb9, 0xb5, 0xb9, 0xc9, 0xc1, 0xb9, 
	0xbb, 0xbb, 0xc1, 0xc6, 0xb5, 0xbb, 0xb5, 0xcc, 
	0xc1, 0xb5, 0xb9, 0xbb, 0xbb, 0xbb, 0xbc, 0xbc, 
	
};

Gfx rpush_fakeskybox_pal_rgba16_aligner[] = {gsSPEndDisplayList()};
u8 rpush_fakeskybox_pal_rgba16[] = {
	0x43, 0xbf, 0x43, 0xff, 0x4c, 0x3f, 0x75, 0x3f, 
	0x85, 0xbf, 0xa6, 0xbf, 0xbe, 0xff, 0x7d, 0x3f, 
	0x5c, 0x7f, 0x5c, 0xbf, 0xae, 0x7f, 0xdf, 0xbf, 
	0xef, 0xff, 0xf7, 0xff, 0xd6, 0xff, 0xbe, 0x7f, 
	0x4b, 0xff, 0x54, 0xbf, 0x95, 0xff, 0x9e, 0x7f, 
	0x9e, 0xbf, 0x75, 0x7f, 0x6d, 0x3f, 0xb6, 0xff, 
	0xdf, 0x7f, 0xff, 0xff, 0xf7, 0xbf, 0xe7, 0xbf, 
	0xb6, 0xbf, 0x44, 0x3f, 0x9e, 0x3f, 0xef, 0xbf, 
	0xd7, 0xbf, 0xd7, 0x7f, 0xc6, 0xff, 0xae, 0xbf, 
	0xd7, 0x3f, 0xe7, 0xff, 0xc7, 0x7f, 0x8d, 0xff, 
	0xdf, 0xff, 0x4c, 0x7f, 0x96, 0x7f, 0xd7, 0xff, 
	0xcf, 0x7f, 0x64, 0xbf, 0x96, 0x3f, 0xc7, 0x3f, 
	0xbf, 0x3f, 0x7d, 0xbf, 0x85, 0x7f, 0x8d, 0xbf, 
	0xdf, 0x3f, 0xcf, 0x3f, 0x75, 0xbf, 0x65, 0x3f, 
	0xaf, 0x7f, 0xc7, 0xff, 0xb7, 0x7f, 0xa6, 0xff, 
	0xcf, 0xff, 0xbf, 0xbf, 0xaf, 0x3f, 0x6d, 0x7f, 
	0xcf, 0xbf, 0xbf, 0xff, 0x86, 0x7f, 0x44, 0x7f, 
	0x4c, 0xbf, 0xb7, 0xbf, 0x9e, 0xff, 0x54, 0xff, 
	0x5d, 0x3f, 0xb7, 0x3f, 0xa7, 0x3f, 0x96, 0xbf, 
	0x6d, 0xbf, 0x8e, 0x7f, 0x8e, 0xbf, 0xc7, 0xbf, 
	0x65, 0x7f, 0x7d, 0xff, 0x5c, 0xff, 0x65, 0xbf, 
	0x44, 0xbf, 0x4c, 0xff, 0x55, 0x3f, 0x8e, 0x3f, 
	0x85, 0xff, 0xbf, 0x7f, 0x86, 0x3f, 0x75, 0xff, 
	0x5d, 0x7f, 0x44, 0xff, 0xa6, 0x7f, 0x4d, 0x3f, 
	0xe7, 0xbd, 0xd7, 0x7b, 0xcf, 0xbd, 0x96, 0x73, 
	0x7d, 0xef, 0xae, 0xf5, 0xc7, 0x7d, 0xa6, 0xf9, 
	0x7e, 0x31, 0x6d, 0xad, 0x75, 0xed, 0x75, 0xad, 
	0x96, 0x77, 0x8e, 0x75, 0x7d, 0xf1, 0x6d, 0xaf, 
	0x65, 0xad, 0x8e, 0x79, 0xae, 0xff, 0x96, 0x7b, 
	0x7d, 0xf3, 0x65, 0x6d, 0x55, 0x29, 0x5d, 0x6d, 
	0x5d, 0x6b, 0x55, 0x2d, 0x5d, 0x6f, 0x75, 0xf7, 
	0x7e, 0x3b, 0x7e, 0x3f, 0x5d, 0xbd, 0x5d, 0xb7, 
	0x65, 0x77, 0x5d, 0x75, 0x55, 0x71, 0x4c, 0xeb, 
	0x4d, 0x2d, 0x4d, 0x2b, 0x55, 0x6d, 0x45, 0x2b, 
	0x4d, 0x2f, 0x4d, 0x77, 0x55, 0x7d, 0x4d, 0x7f, 
	0x55, 0x7f, 0x55, 0xbf, 0x5d, 0xbf, 0x4d, 0x7d, 
	0x44, 0xf3, 0x44, 0xab, 0x3c, 0xab, 0x44, 0xeb, 
	0x3c, 0xa9, 0x44, 0xed, 0x45, 0x2d, 0x3c, 0xe9, 
	0x3c, 0xeb, 0x45, 0x31, 0x45, 0x39, 0x45, 0x7f, 
	0x45, 0x7d, 0x44, 0xf7, 0x44, 0xa9, 0x3b, 0xed, 
	0x43, 0xef, 0x43, 0xf1, 0x3b, 0xf1, 0x3b, 0xf3, 
	0x3b, 0xfb, 0x3c, 0x3b, 0x3b, 0xf9, 0x3c, 0x35, 
	0x3b, 0xef, 0x33, 0xab, 0x33, 0xad, 0x3b, 0xaf, 
	0x0a, 0xf7, 0x1a, 0xf7, 0x23, 0x37, 0x23, 0x39, 
	0x2b, 0x39, 0x2b, 0x37, 0x22, 0xf9, 0x2a, 0xf9, 
	0x1a, 0xf9, 0x12, 0xb7, 0x12, 0xf5, 0x0a, 0x75, 
	0x0a, 0xb5, 0x0a, 0xb7, 0x1a, 0xb7, 0x0a, 0xb9, 
	0x12, 0xb9, 0x12, 0xf7, 0x12, 0xf9, 0x0a, 0xf9, 
	0x1a, 0xb9, 0x0a, 0x77, 0x02, 0x77, 0x0a, 0x79, 
	0x12, 0x79, 0x1a, 0x79, 0x12, 0x77, 0x0a, 0x37, 
	0x02, 0xb9, 0x02, 0xb7, 0x1b, 0x39, 0x13, 0x39, 
	0x12, 0x75, 
};

Gfx rpush_smb3corner_i8_aligner[] = {gsSPEndDisplayList()};
u8 rpush_smb3corner_i8[] = {
	0xcf, 0xcf, 0xcf, 0xcf, 0xcf, 0xcf, 0xcf, 0xcf, 
	0xcf, 0xcf, 0xcf, 0xcf, 0xcf, 0xcf, 0x27, 0x27, 
	0xcf, 0xcf, 0x75, 0x93, 0x93, 0x93, 0x93, 0x93, 
	0x93, 0xb1, 0x93, 0x93, 0x93, 0x75, 0x27, 0x27, 
	0xcf, 0x93, 0xcf, 0x75, 0x93, 0xcf, 0x75, 0x93, 
	0xb1, 0xcf, 0x75, 0x93, 0x75, 0xcf, 0x75, 0x27, 
	0xcf, 0x93, 0x93, 0xcf, 0x75, 0x75, 0x75, 0xb1, 
	0x93, 0x75, 0x75, 0x75, 0xcf, 0x93, 0x75, 0x27, 
	0xcf, 0x93, 0x93, 0x93, 0xcf, 0x75, 0x93, 0x93, 
	0x93, 0x93, 0x75, 0xcf, 0x93, 0x93, 0x75, 0x27, 
	0xcf, 0x93, 0xcf, 0x75, 0x93, 0xcf, 0x75, 0x93, 
	0x93, 0x75, 0xcf, 0x93, 0xcf, 0x75, 0x75, 0x27, 
	0xcf, 0x93, 0x75, 0x75, 0xb1, 0x93, 0xcf, 0xcf, 
	0xcf, 0x93, 0x75, 0x93, 0x75, 0x75, 0x75, 0x27, 
	0xcf, 0x93, 0x93, 0xb1, 0x93, 0x93, 0xcf, 0xcf, 
	0xb1, 0x93, 0x75, 0x93, 0x93, 0xb1, 0x75, 0x27, 
	0xcf, 0x93, 0xb1, 0x93, 0x93, 0x93, 0xcf, 0xb1, 
	0xb1, 0x93, 0x75, 0x93, 0xb1, 0x93, 0x75, 0x27, 
	0xcf, 0xb1, 0xcf, 0x75, 0x93, 0x75, 0xcf, 0x93, 
	0x93, 0x75, 0x93, 0xb1, 0xcf, 0x75, 0x75, 0x27, 
	0xcf, 0x93, 0x75, 0x75, 0x75, 0xcf, 0x93, 0x75, 
	0x75, 0x75, 0x75, 0x93, 0x75, 0x75, 0x75, 0x27, 
	0xcf, 0x93, 0x93, 0x75, 0xcf, 0x93, 0x93, 0x93, 
	0xb1, 0x93, 0x75, 0x75, 0x93, 0x93, 0x75, 0x27, 
	0xcf, 0x93, 0x75, 0xcf, 0x93, 0xcf, 0x75, 0xb1, 
	0x93, 0xcf, 0x75, 0x75, 0x75, 0x93, 0x75, 0x27, 
	0xcf, 0x75, 0xcf, 0x93, 0x93, 0x75, 0x75, 0x93, 
	0x93, 0x75, 0x75, 0x93, 0x75, 0x75, 0x75, 0x27, 
	0x27, 0x27, 0x75, 0x75, 0x75, 0x75, 0x75, 0x75, 
	0x75, 0x75, 0x75, 0x75, 0x75, 0x75, 0x27, 0x27, 
	0x27, 0x27, 0x27, 0x27, 0x27, 0x27, 0x27, 0x27, 
	0x27, 0x27, 0x27, 0x27, 0x27, 0x27, 0x27, 0x27, 
	
};

Gfx rpush_smb3line_i8_aligner[] = {gsSPEndDisplayList()};
u8 rpush_smb3line_i8[] = {
	0x27, 0x93, 0xb1, 0xcf, 0xcf, 0xb1, 0xed, 0xcf, 
	0xb1, 0xb1, 0x93, 0x93, 0x93, 0x75, 0x75, 0x27, 
	0x27, 0x93, 0xb1, 0xcf, 0xcf, 0xb1, 0xed, 0xcf, 
	0xb1, 0xb1, 0x93, 0x93, 0x93, 0x75, 0x75, 0x27, 
	0x27, 0x93, 0xb1, 0xcf, 0xcf, 0xb1, 0xed, 0xcf, 
	0xb1, 0xb1, 0x93, 0x93, 0x93, 0x75, 0x75, 0x27, 
	0x27, 0x93, 0xb1, 0xcf, 0xcf, 0xb1, 0xed, 0xcf, 
	0xb1, 0xb1, 0x93, 0x93, 0x93, 0x75, 0x75, 0x27, 
	0x27, 0x93, 0xb1, 0xcf, 0xcf, 0xb1, 0xed, 0xcf, 
	0xb1, 0xb1, 0x93, 0x93, 0x93, 0x75, 0x75, 0x27, 
	0x27, 0x93, 0xb1, 0xcf, 0xcf, 0xb1, 0xed, 0xcf, 
	0xb1, 0xb1, 0x93, 0x93, 0x93, 0x75, 0x75, 0x27, 
	0x27, 0x93, 0xb1, 0xcf, 0xcf, 0xb1, 0xed, 0xcf, 
	0xb1, 0xb1, 0x93, 0x93, 0x93, 0x75, 0x75, 0x27, 
	0x27, 0x93, 0xb1, 0xcf, 0xcf, 0xb1, 0xed, 0xcf, 
	0xb1, 0xb1, 0x93, 0x93, 0x93, 0x75, 0x75, 0x27, 
	0x27, 0x93, 0xb1, 0xcf, 0xcf, 0xb1, 0xed, 0xcf, 
	0xb1, 0xb1, 0x93, 0x93, 0x93, 0x75, 0x75, 0x27, 
	0x27, 0x93, 0xb1, 0xcf, 0xcf, 0xb1, 0xed, 0xcf, 
	0xb1, 0xb1, 0x93, 0x93, 0x93, 0x75, 0x75, 0x27, 
	0x27, 0x93, 0xb1, 0xcf, 0xcf, 0xb1, 0xed, 0xcf, 
	0xb1, 0xb1, 0x93, 0x93, 0x93, 0x75, 0x75, 0x27, 
	0x27, 0x93, 0xb1, 0xcf, 0xcf, 0xb1, 0xed, 0xcf, 
	0xb1, 0xb1, 0x93, 0x93, 0x93, 0x75, 0x75, 0x27, 
	0x27, 0x93, 0xb1, 0xcf, 0xcf, 0xb1, 0xed, 0xcf, 
	0xb1, 0xb1, 0x93, 0x93, 0x93, 0x75, 0x75, 0x27, 
	0x27, 0x93, 0xb1, 0xcf, 0xcf, 0xb1, 0xed, 0xcf, 
	0xb1, 0xb1, 0x93, 0x93, 0x93, 0x75, 0x75, 0x27, 
	0x27, 0x93, 0xb1, 0xcf, 0xcf, 0xb1, 0xed, 0xcf, 
	0xb1, 0xb1, 0x93, 0x93, 0x93, 0x75, 0x75, 0x27, 
	0x27, 0x93, 0xb1, 0xcf, 0xcf, 0xb1, 0xed, 0xcf, 
	0xb1, 0xb1, 0x93, 0x93, 0x93, 0x75, 0x75, 0x27, 
	
};

Vtx rpush_rpush_mesh_layer_1_vtx_0[261] = {
	{{ {973, 0, -200}, 0, {5483, 1162}, {127, 127, 127, 255} }},
	{{ {654, 0, 123}, 0, {4746, 1117}, {127, 127, 127, 255} }},
	{{ {661, 0, 568}, 0, {4194, 1444}, {127, 127, 127, 255} }},
	{{ {-2744, 0, 3409}, 0, {-2905, 509}, {255, 255, 255, 255} }},
	{{ {-2182, 0, 2284}, 0, {-908, 188}, {255, 255, 255, 255} }},
	{{ {-2744, 0, 2284}, 0, {-1491, -307}, {255, 255, 255, 255} }},
	{{ {-1852, 0, 437}, 0, {1755, -860}, {204, 204, 204, 255} }},
	{{ {-1626, 55, 766}, 0, {1564, -460}, {251, 251, 251, 255} }},
	{{ {-1509, 55, 531}, 0, {1980, -528}, {251, 251, 251, 255} }},
	{{ {-1981, 0, 1060}, 0, {839, -523}, {238, 238, 238, 255} }},
	{{ {-1545, 55, 1383}, 0, {844, 72}, {254, 254, 254, 255} }},
	{{ {-1642, 55, 892}, 0, {1361, -369}, {254, 254, 254, 255} }},
	{{ {-1971, 0, 855}, 0, {1107, -663}, {204, 204, 204, 255} }},
	{{ {-1642, 55, 892}, 0, {1371, -379}, {250, 250, 250, 255} }},
	{{ {-1626, 55, 766}, 0, {1547, -457}, {250, 250, 250, 255} }},
	{{ {-1626, 55, 766}, 0, {1599, -398}, {255, 255, 255, 255} }},
	{{ {-1642, 55, 892}, 0, {1424, -321}, {255, 255, 255, 255} }},
	{{ {-1126, 0, 637}, 0, {2257, -77}, {255, 255, 255, 255} }},
	{{ {-1509, 55, 531}, 0, {2003, -457}, {255, 255, 255, 255} }},
	{{ {-1626, 55, 766}, 0, {1588, -390}, {255, 255, 255, 255} }},
	{{ {-1126, 0, 637}, 0, {2257, -77}, {255, 255, 255, 255} }},
	{{ {-1509, 55, 531}, 0, {2061, -483}, {249, 249, 249, 255} }},
	{{ {-1453, 0, 264}, 0, {2386, -635}, {255, 255, 255, 255} }},
	{{ {-1642, 55, 892}, 0, {1450, -318}, {255, 255, 255, 255} }},
	{{ {-1545, 55, 1383}, 0, {934, 123}, {255, 255, 255, 255} }},
	{{ {-1297, 0, 1250}, 0, {1308, 217}, {255, 255, 255, 255} }},
	{{ {386, 281, 3410}, 0, {338, 3263}, {127, 127, 127, 255} }},
	{{ {105, 263, 3417}, 0, {38, 3022}, {127, 127, 127, 255} }},
	{{ {973, 359, 3847}, 0, {396, 4097}, {104, 104, 104, 255} }},
	{{ {554, 290, 3420}, 0, {498, 3418}, {127, 127, 127, 255} }},
	{{ {386, 281, 3410}, 0, {338, 3263}, {127, 127, 127, 255} }},
	{{ {973, 359, 3847}, 0, {396, 4097}, {104, 104, 104, 255} }},
	{{ {702, 286, 3412}, 0, {662, 3543}, {127, 127, 127, 255} }},
	{{ {554, 290, 3420}, 0, {498, 3418}, {127, 127, 127, 255} }},
	{{ {973, 359, 3847}, 0, {396, 4097}, {104, 104, 104, 255} }},
	{{ {654, 0, 0}, 0, {4901, 1027}, {127, 127, 127, 255} }},
	{{ {654, 0, 29}, 0, {4865, 1048}, {127, 127, 127, 255} }},
	{{ {973, 0, -200}, 0, {5483, 1162}, {127, 127, 127, 255} }},
	{{ {654, 0, 29}, 0, {4865, 1048}, {127, 127, 127, 255} }},
	{{ {654, 0, 123}, 0, {4746, 1117}, {127, 127, 127, 255} }},
	{{ {973, 0, -200}, 0, {5483, 1162}, {127, 127, 127, 255} }},
	{{ {654, 0, -45}, 0, {4958, 994}, {127, 127, 127, 255} }},
	{{ {973, 0, -200}, 0, {5483, 1162}, {127, 127, 127, 255} }},
	{{ {-2744, 0, 1722}, 0, {-784, -714}, {255, 255, 255, 255} }},
	{{ {-3307, 0, 1722}, 0, {-1367, -1209}, {255, 255, 255, 255} }},
	{{ {-3307, 0, 1811}, 0, {-1479, -1145}, {255, 255, 255, 255} }},
	{{ {-2872, 0, 1801}, 0, {-1017, -769}, {255, 255, 255, 255} }},
	{{ {-2744, 0, 1972}, 0, {-1098, -533}, {255, 255, 255, 255} }},
	{{ {-2182, 0, 2284}, 0, {-908, 188}, {255, 255, 255, 255} }},
	{{ {-668, 0, 2625}, 0, {232, 1767}, {204, 204, 204, 255} }},
	{{ {-1126, 0, 2284}, 0, {186, 1117}, {255, 255, 255, 255} }},
	{{ {-1076, 0, 2832}, 0, {-451, 1558}, {204, 204, 204, 255} }},
	{{ {-1670, 0, 3413}, 0, {-1797, 1457}, {204, 204, 204, 255} }},
	{{ {-2744, 0, 3409}, 0, {-2905, 509}, {255, 255, 255, 255} }},
	{{ {-236, 242, 3411}, 0, {-308, 2717}, {255, 255, 255, 255} }},
	{{ {-87, 242, 3322}, 0, {-42, 2784}, {255, 255, 255, 255} }},
	{{ {105, 263, 3417}, 0, {38, 3022}, {255, 255, 255, 255} }},
	{{ {-3307, 0, 909}, 0, {-346, -1798}, {255, 255, 255, 255} }},
	{{ {-3307, 0, 1159}, 0, {-660, -1617}, {255, 255, 255, 255} }},
	{{ {-2744, 0, 1159}, 0, {-77, -1122}, {255, 255, 255, 255} }},
	{{ {-2744, 0, 909}, 0, {237, -1304}, {255, 255, 255, 255} }},
	{{ {-3307, 0, 97}, 0, {676, -2388}, {255, 255, 255, 255} }},
	{{ {-3307, 0, 347}, 0, {361, -2206}, {255, 255, 255, 255} }},
	{{ {-2744, 0, 347}, 0, {944, -1711}, {255, 255, 255, 255} }},
	{{ {-3307, 0, 97}, 0, {676, -2388}, {255, 255, 255, 255} }},
	{{ {-2744, 0, 347}, 0, {944, -1711}, {255, 255, 255, 255} }},
	{{ {-2744, 0, 97}, 0, {1258, -1893}, {255, 255, 255, 255} }},
	{{ {-1, 0, 1722}, 0, {2059, 1699}, {255, 255, 255, 255} }},
	{{ {-1, 0, 2284}, 0, {1352, 2107}, {255, 255, 255, 255} }},
	{{ {670, 0, 1070}, 0, {3572, 1817}, {255, 255, 255, 255} }},
	{{ {661, 0, 568}, 0, {4194, 1444}, {255, 255, 255, 255} }},
	{{ {-1, 0, 2284}, 0, {1352, 2107}, {255, 255, 255, 255} }},
	{{ {-563, 0, 2284}, 0, {769, 1612}, {255, 255, 255, 255} }},
	{{ {-307, 0, 2544}, 0, {707, 2026}, {204, 204, 204, 255} }},
	{{ {155, 0, 2533}, 0, {1199, 2424}, {204, 204, 204, 255} }},
	{{ {263, 242, 3125}, 0, {569, 2949}, {255, 255, 255, 255} }},
	{{ {537, 242, 3147}, 0, {824, 3206}, {255, 255, 255, 255} }},
	{{ {554, 290, 3420}, 0, {498, 3418}, {255, 255, 255, 255} }},
	{{ {702, 286, 3412}, 0, {662, 3543}, {255, 255, 255, 255} }},
	{{ {-563, 0, 2284}, 0, {769, 1612}, {255, 255, 255, 255} }},
	{{ {-1126, 0, 2284}, 0, {186, 1117}, {255, 255, 255, 255} }},
	{{ {-668, 0, 2625}, 0, {232, 1767}, {204, 204, 204, 255} }},
	{{ {-307, 0, 2544}, 0, {707, 2026}, {204, 204, 204, 255} }},
	{{ {94, 242, 3192}, 0, {308, 2849}, {255, 255, 255, 255} }},
	{{ {263, 242, 3125}, 0, {569, 2949}, {255, 255, 255, 255} }},
	{{ {386, 281, 3410}, 0, {338, 3263}, {255, 255, 255, 255} }},
	{{ {554, 290, 3420}, 0, {498, 3418}, {255, 255, 255, 255} }},
	{{ {-1126, 0, 1159}, 0, {1600, 302}, {255, 255, 255, 255} }},
	{{ {-563, 0, 1159}, 0, {2183, 797}, {255, 255, 255, 255} }},
	{{ {-563, 0, 637}, 0, {2840, 418}, {255, 255, 255, 255} }},
	{{ {-1126, 0, 637}, 0, {2257, -77}, {255, 255, 255, 255} }},
	{{ {-2182, 0, 1722}, 0, {-201, -220}, {255, 255, 255, 255} }},
	{{ {-1981, 0, 1060}, 0, {839, -523}, {238, 238, 238, 255} }},
	{{ {-2182, 0, 1159}, 0, {506, -628}, {255, 255, 255, 255} }},
	{{ {-1795, 0, 1516}, 0, {458, -29}, {255, 255, 255, 255} }},
	{{ {-1545, 55, 1383}, 0, {830, 74}, {255, 255, 255, 255} }},
	{{ {-2182, 0, 1159}, 0, {506, -628}, {255, 255, 255, 255} }},
	{{ {-1971, 0, 855}, 0, {1107, -663}, {204, 204, 204, 255} }},
	{{ {-2182, 0, 909}, 0, {820, -809}, {255, 255, 255, 255} }},
	{{ {-1981, 0, 1060}, 0, {839, -523}, {238, 238, 238, 255} }},
	{{ {-1642, 55, 892}, 0, {1368, -378}, {251, 251, 251, 255} }},
	{{ {-2182, 0, 347}, 0, {1527, -1217}, {255, 255, 255, 255} }},
	{{ {-2182, 0, 909}, 0, {820, -809}, {255, 255, 255, 255} }},
	{{ {-1971, 0, 855}, 0, {1107, -663}, {204, 204, 204, 255} }},
	{{ {-1852, 0, 437}, 0, {1755, -860}, {204, 204, 204, 255} }},
	{{ {-1626, 55, 766}, 0, {1553, -461}, {250, 250, 250, 255} }},
	{{ {-1453, 0, 264}, 0, {2386, -635}, {255, 255, 255, 255} }},
	{{ {-1509, 55, 531}, 0, {2023, -534}, {246, 246, 246, 255} }},
	{{ {-1782, 0, 3523}, 0, {-2050, 1438}, {127, 127, 127, 255} }},
	{{ {-2744, 0, 3409}, 0, {-2905, 509}, {127, 127, 127, 255} }},
	{{ {-3307, 0, 3409}, 0, {-3488, 14}, {127, 127, 127, 255} }},
	{{ {-2436, 0, 3847}, 0, {-3136, 1097}, {127, 127, 127, 255} }},
	{{ {-3557, 0, 3847}, 0, {-4297, 112}, {127, 127, 127, 255} }},
	{{ {-1351, 242, 3847}, 0, {-2011, 2053}, {127, 127, 127, 255} }},
	{{ {-649, 242, 3656}, 0, {-1044, 2531}, {127, 127, 127, 255} }},
	{{ {973, 359, 3847}, 0, {396, 4097}, {104, 104, 104, 255} }},
	{{ {-563, 0, 1159}, 0, {2183, 797}, {255, 255, 255, 255} }},
	{{ {-563, 0, 1722}, 0, {1476, 1204}, {255, 255, 255, 255} }},
	{{ {-1, 0, 1722}, 0, {2059, 1699}, {255, 255, 255, 255} }},
	{{ {654, 0, 123}, 0, {4746, 1117}, {255, 255, 255, 255} }},
	{{ {661, 0, 568}, 0, {4194, 1444}, {255, 255, 255, 255} }},
	{{ {-563, 0, 637}, 0, {2840, 418}, {255, 255, 255, 255} }},
	{{ {-3557, 0, 3847}, 0, {-4297, 112}, {127, 127, 127, 255} }},
	{{ {-3499, 0, 3413}, 0, {-3691, -152}, {127, 127, 127, 255} }},
	{{ {-3557, 0, 3415}, 0, {-3754, -201}, {127, 127, 127, 255} }},
	{{ {-1453, 0, 264}, 0, {2386, -635}, {255, 255, 255, 255} }},
	{{ {-1126, 0, 637}, 0, {2257, -77}, {255, 255, 255, 255} }},
	{{ {654, 0, 29}, 0, {4865, 1048}, {255, 255, 255, 255} }},
	{{ {-563, 0, 637}, 0, {2840, 418}, {255, 255, 255, 255} }},
	{{ {654, 0, 123}, 0, {4746, 1117}, {255, 255, 255, 255} }},
	{{ {654, 0, 29}, 0, {4865, 1048}, {255, 255, 255, 255} }},
	{{ {693, 0, 2512}, 0, {1783, 2882}, {127, 127, 127, 255} }},
	{{ {973, 0, 200}, 0, {4980, 1453}, {127, 127, 127, 255} }},
	{{ {701, 0, 2359}, 0, {1984, 2779}, {127, 127, 127, 255} }},
	{{ {670, 0, 1070}, 0, {3572, 1817}, {127, 127, 127, 255} }},
	{{ {-3557, 0, -348}, 0, {975, -2930}, {255, 255, 255, 255} }},
	{{ {-3385, 0, -172}, 0, {932, -2651}, {255, 255, 255, 255} }},
	{{ {-3388, 0, -348}, 0, {1151, -2781}, {255, 255, 255, 255} }},
	{{ {-3307, 0, 97}, 0, {676, -2388}, {255, 255, 255, 255} }},
	{{ {-3307, 0, 347}, 0, {361, -2206}, {255, 255, 255, 255} }},
	{{ {-3307, 0, 909}, 0, {-346, -1798}, {255, 255, 255, 255} }},
	{{ {-3307, 0, 1159}, 0, {-660, -1617}, {255, 255, 255, 255} }},
	{{ {-3307, 0, 1722}, 0, {-1367, -1209}, {255, 255, 255, 255} }},
	{{ {-3401, 0, 1811}, 0, {-1576, -1227}, {255, 255, 255, 255} }},
	{{ {-3499, 0, 3413}, 0, {-3691, -152}, {255, 255, 255, 255} }},
	{{ {-3557, 0, 3415}, 0, {-3754, -201}, {255, 255, 255, 255} }},
	{{ {-3401, 0, 2674}, 0, {-2661, -601}, {255, 255, 255, 255} }},
	{{ {-3388, 0, 3235}, 0, {-3353, -183}, {255, 255, 255, 255} }},
	{{ {-3307, 0, 3409}, 0, {-3488, 14}, {255, 255, 255, 255} }},
	{{ {-3307, 0, 1811}, 0, {-1479, -1145}, {255, 255, 255, 255} }},
	{{ {-2744, 0, 97}, 0, {1258, -1893}, {255, 255, 255, 255} }},
	{{ {-2744, 0, 347}, 0, {944, -1711}, {255, 255, 255, 255} }},
	{{ {-2182, 0, 347}, 0, {1527, -1217}, {255, 255, 255, 255} }},
	{{ {-1453, 0, 264}, 0, {2386, -635}, {255, 255, 255, 255} }},
	{{ {-1126, 0, 97}, 0, {2936, -469}, {255, 255, 255, 255} }},
	{{ {654, 0, 0}, 0, {4901, 1027}, {255, 255, 255, 255} }},
	{{ {654, 0, 29}, 0, {4865, 1048}, {255, 255, 255, 255} }},
	{{ {-1063, 0, 49}, 0, {3061, -448}, {255, 255, 255, 255} }},
	{{ {-1126, 0, 97}, 0, {2936, -469}, {255, 255, 255, 255} }},
	{{ {-1264, 0, -74}, 0, {3008, -714}, {255, 255, 255, 255} }},
	{{ {-2744, 0, 97}, 0, {1258, -1893}, {255, 255, 255, 255} }},
	{{ {-1264, 0, -74}, 0, {3008, -714}, {255, 255, 255, 255} }},
	{{ {-2744, 0, -81}, 0, {1482, -2022}, {255, 255, 255, 255} }},
	{{ {973, 0, -348}, 0, {5669, 1055}, {127, 127, 127, 255} }},
	{{ {654, 0, -348}, 0, {5338, 775}, {127, 127, 127, 255} }},
	{{ {654, 0, -45}, 0, {4958, 994}, {127, 127, 127, 255} }},
	{{ {973, 0, -200}, 0, {5483, 1162}, {127, 127, 127, 255} }},
	{{ {-668, 0, 2625}, 0, {232, 1767}, {204, 204, 204, 255} }},
	{{ {-1076, 0, 2832}, 0, {-451, 1558}, {204, 204, 204, 255} }},
	{{ {-87, 242, 3322}, 0, {-42, 2784}, {255, 255, 255, 255} }},
	{{ {94, 242, 3192}, 0, {308, 2849}, {255, 255, 255, 255} }},
	{{ {105, 263, 3417}, 0, {38, 3022}, {255, 255, 255, 255} }},
	{{ {386, 281, 3410}, 0, {338, 3263}, {255, 255, 255, 255} }},
	{{ {973, 242, 3212}, 0, {1195, 3636}, {127, 127, 127, 255} }},
	{{ {702, 286, 3412}, 0, {662, 3543}, {127, 127, 127, 255} }},
	{{ {973, 359, 3847}, 0, {396, 4097}, {104, 104, 104, 255} }},
	{{ {722, 242, 3175}, 0, {981, 3388}, {127, 127, 127, 255} }},
	{{ {973, 0, 2605}, 0, {1958, 3196}, {127, 127, 127, 255} }},
	{{ {701, 151, 2943}, 0, {1251, 3203}, {127, 127, 127, 255} }},
	{{ {694, 0, 2580}, 0, {1699, 2933}, {127, 127, 127, 255} }},
	{{ {693, 0, 2512}, 0, {1783, 2882}, {127, 127, 127, 255} }},
	{{ {973, 0, 200}, 0, {4980, 1453}, {127, 127, 127, 255} }},
	{{ {351, 0, 2400}, 0, {1570, 2500}, {127, 127, 127, 255} }},
	{{ {352, 0, 2550}, 0, {1383, 2611}, {127, 127, 127, 255} }},
	{{ {465, 66, 2801}, 0, {1201, 2883}, {127, 127, 127, 255} }},
	{{ {701, 0, 2359}, 0, {1984, 2779}, {127, 127, 127, 255} }},
	{{ {478, 0, 2306}, 0, {1820, 2544}, {127, 127, 127, 255} }},
	{{ {-1474, 0, 1550}, 0, {748, 279}, {255, 255, 255, 255} }},
	{{ {-1545, 55, 1383}, 0, {822, 124}, {255, 255, 255, 255} }},
	{{ {-1795, 0, 1516}, 0, {458, -29}, {255, 255, 255, 255} }},
	{{ {-2182, 0, 1722}, 0, {-201, -220}, {255, 255, 255, 255} }},
	{{ {-1126, 0, 1722}, 0, {893, 710}, {255, 255, 255, 255} }},
	{{ {-1126, 0, 1722}, 0, {893, 710}, {255, 255, 255, 255} }},
	{{ {-1297, 0, 1250}, 0, {1308, 217}, {255, 255, 255, 255} }},
	{{ {-1474, 0, 1550}, 0, {748, 279}, {255, 255, 255, 255} }},
	{{ {-1126, 0, 1159}, 0, {1600, 302}, {255, 255, 255, 255} }},
	{{ {-1126, 0, 637}, 0, {2257, -77}, {255, 255, 255, 255} }},
	{{ {-1642, 55, 892}, 0, {1420, -317}, {255, 255, 255, 255} }},
	{{ {-1545, 55, 1383}, 0, {897, 147}, {255, 255, 255, 255} }},
	{{ {-2744, 0, -137}, 0, {1552, -2062}, {127, 127, 127, 255} }},
	{{ {-2744, 0, -81}, 0, {1482, -2022}, {127, 127, 127, 255} }},
	{{ {-1264, 0, -74}, 0, {3008, -714}, {127, 127, 127, 255} }},
	{{ {-1290, 0, -148}, 0, {3073, -790}, {127, 127, 127, 255} }},
	{{ {-1211, 0, -106}, 0, {3101, -691}, {127, 127, 127, 255} }},
	{{ {-1063, 0, 49}, 0, {3061, -448}, {127, 127, 127, 255} }},
	{{ {-1126, 0, 97}, 0, {2936, -469}, {127, 127, 127, 255} }},
	{{ {-1337, 0, -257}, 0, {3162, -911}, {127, 127, 127, 255} }},
	{{ {-1274, 0, -250}, 0, {3218, -851}, {127, 127, 127, 255} }},
	{{ {-1382, 0, -348}, 0, {3229, -1016}, {127, 127, 127, 255} }},
	{{ {-1320, 0, -348}, 0, {3293, -962}, {127, 127, 127, 255} }},
	{{ {-2744, 0, -348}, 0, {1817, -2215}, {255, 255, 255, 255} }},
	{{ {-2744, 0, -137}, 0, {1552, -2062}, {255, 255, 255, 255} }},
	{{ {-1290, 0, -148}, 0, {3073, -790}, {255, 255, 255, 255} }},
	{{ {-2180, 0, -348}, 0, {2402, -1718}, {255, 255, 255, 255} }},
	{{ {-1337, 0, -257}, 0, {3162, -911}, {255, 255, 255, 255} }},
	{{ {-1382, 0, -348}, 0, {3229, -1016}, {255, 255, 255, 255} }},
	{{ {-1211, 0, -106}, 0, {3101, -691}, {255, 255, 255, 255} }},
	{{ {-1063, 0, 49}, 0, {3061, -448}, {255, 255, 255, 255} }},
	{{ {654, 0, 0}, 0, {4901, 1027}, {255, 255, 255, 255} }},
	{{ {654, 0, -45}, 0, {4958, 994}, {255, 255, 255, 255} }},
	{{ {-1274, 0, -250}, 0, {3218, -851}, {255, 255, 255, 255} }},
	{{ {-1320, 0, -348}, 0, {3293, -962}, {255, 255, 255, 255} }},
	{{ {654, 0, -348}, 0, {5338, 775}, {255, 255, 255, 255} }},
	{{ {-3401, 0, 2674}, 0, {-2661, -601}, {127, 127, 127, 255} }},
	{{ {-3388, 0, 3235}, 0, {-3353, -183}, {127, 127, 127, 255} }},
	{{ {-3307, 0, 3409}, 0, {-3488, 14}, {127, 127, 127, 255} }},
	{{ {-3307, 0, 1972}, 0, {-1681, -1028}, {127, 127, 127, 255} }},
	{{ {-3307, 0, 1811}, 0, {-1479, -1145}, {127, 127, 127, 255} }},
	{{ {-3401, 0, 1811}, 0, {-1576, -1227}, {127, 127, 127, 255} }},
	{{ {-2744, 0, 1972}, 0, {-1098, -533}, {127, 127, 127, 255} }},
	{{ {-2872, 0, 1801}, 0, {-1017, -769}, {127, 127, 127, 255} }},
	{{ {-3307, 0, 1811}, 0, {-1479, -1145}, {127, 127, 127, 255} }},
	{{ {-3307, 0, 1972}, 0, {-1681, -1028}, {127, 127, 127, 255} }},
	{{ {105, 263, 3417}, 0, {38, 3022}, {127, 127, 127, 255} }},
	{{ {-649, 242, 3656}, 0, {-1044, 2531}, {127, 127, 127, 255} }},
	{{ {973, 359, 3847}, 0, {396, 4097}, {104, 104, 104, 255} }},
	{{ {-236, 242, 3411}, 0, {-308, 2717}, {127, 127, 127, 255} }},
	{{ {-1782, 0, 3523}, 0, {-2050, 1438}, {127, 127, 127, 255} }},
	{{ {-1670, 0, 3413}, 0, {-1797, 1457}, {127, 127, 127, 255} }},
	{{ {-2744, 0, 3409}, 0, {-2905, 509}, {127, 127, 127, 255} }},
	{{ {702, 286, 3412}, 0, {662, 3543}, {255, 255, 255, 255} }},
	{{ {722, 242, 3175}, 0, {981, 3388}, {255, 255, 255, 255} }},
	{{ {537, 242, 3147}, 0, {824, 3206}, {255, 255, 255, 255} }},
	{{ {701, 151, 2943}, 0, {1251, 3203}, {255, 255, 255, 255} }},
	{{ {694, 0, 2580}, 0, {1699, 2933}, {255, 255, 255, 255} }},
	{{ {465, 66, 2801}, 0, {1201, 2883}, {239, 239, 239, 255} }},
	{{ {155, 0, 2533}, 0, {1199, 2424}, {204, 204, 204, 255} }},
	{{ {352, 0, 2550}, 0, {1383, 2611}, {224, 224, 224, 255} }},
	{{ {-1, 0, 2284}, 0, {1352, 2107}, {255, 255, 255, 255} }},
	{{ {351, 0, 2400}, 0, {1570, 2500}, {255, 255, 255, 255} }},
	{{ {670, 0, 1070}, 0, {3572, 1817}, {255, 255, 255, 255} }},
	{{ {478, 0, 2306}, 0, {1820, 2544}, {255, 255, 255, 255} }},
	{{ {701, 0, 2359}, 0, {1984, 2779}, {255, 255, 255, 255} }},
	{{ {661, 0, 568}, 0, {4194, 1444}, {127, 127, 127, 255} }},
	{{ {670, 0, 1070}, 0, {3572, 1817}, {127, 127, 127, 255} }},
	{{ {973, 0, 200}, 0, {4980, 1453}, {127, 127, 127, 255} }},
	{{ {973, 0, -200}, 0, {5483, 1162}, {127, 127, 127, 255} }},
	{{ {-3388, 0, -348}, 0, {1151, -2781}, {127, 127, 127, 255} }},
	{{ {-3385, 0, -172}, 0, {932, -2651}, {127, 127, 127, 255} }},
	{{ {-3307, 0, 97}, 0, {676, -2388}, {127, 127, 127, 255} }},
	{{ {-3307, 0, -348}, 0, {1234, -2710}, {127, 127, 127, 255} }},
};

Gfx rpush_rpush_mesh_layer_1_tri_0[] = {
	gsSPVertex(rpush_rpush_mesh_layer_1_vtx_0 + 0, 32, 0),
	gsSP2Triangles(0, 1, 2, 0, 3, 4, 5, 0),
	gsSP2Triangles(6, 7, 8, 0, 9, 10, 11, 0),
	gsSP2Triangles(12, 13, 14, 0, 15, 16, 17, 0),
	gsSP2Triangles(18, 19, 20, 0, 21, 20, 22, 0),
	gsSP2Triangles(23, 24, 25, 0, 26, 27, 28, 0),
	gsSP1Triangle(29, 30, 31, 0),
	gsSPVertex(rpush_rpush_mesh_layer_1_vtx_0 + 32, 32, 0),
	gsSP2Triangles(0, 1, 2, 0, 3, 4, 5, 0),
	gsSP2Triangles(6, 7, 8, 0, 9, 3, 10, 0),
	gsSP2Triangles(11, 12, 13, 0, 13, 14, 11, 0),
	gsSP2Triangles(14, 15, 11, 0, 16, 17, 18, 0),
	gsSP2Triangles(16, 19, 17, 0, 16, 20, 19, 0),
	gsSP2Triangles(16, 21, 20, 0, 19, 20, 22, 0),
	gsSP2Triangles(19, 22, 23, 0, 23, 22, 24, 0),
	gsSP2Triangles(25, 26, 27, 0, 25, 27, 28, 0),
	gsSP1Triangle(29, 30, 31, 0),
	gsSPVertex(rpush_rpush_mesh_layer_1_vtx_0 + 64, 32, 0),
	gsSP2Triangles(0, 1, 2, 0, 3, 4, 5, 0),
	gsSP2Triangles(3, 5, 6, 0, 7, 8, 9, 0),
	gsSP2Triangles(7, 9, 10, 0, 10, 9, 11, 0),
	gsSP2Triangles(10, 11, 12, 0, 12, 11, 13, 0),
	gsSP2Triangles(12, 13, 14, 0, 15, 16, 17, 0),
	gsSP2Triangles(15, 17, 18, 0, 18, 17, 19, 0),
	gsSP2Triangles(18, 19, 20, 0, 20, 19, 21, 0),
	gsSP2Triangles(20, 21, 22, 0, 23, 24, 25, 0),
	gsSP2Triangles(23, 25, 26, 0, 27, 28, 29, 0),
	gsSP2Triangles(27, 30, 28, 0, 28, 30, 31, 0),
	gsSPVertex(rpush_rpush_mesh_layer_1_vtx_0 + 96, 32, 0),
	gsSP2Triangles(0, 1, 2, 0, 0, 3, 1, 0),
	gsSP2Triangles(1, 3, 4, 0, 5, 6, 7, 0),
	gsSP2Triangles(5, 7, 8, 0, 8, 7, 9, 0),
	gsSP2Triangles(10, 5, 8, 0, 11, 10, 8, 0),
	gsSP2Triangles(12, 13, 14, 0, 14, 15, 12, 0),
	gsSP2Triangles(14, 16, 15, 0, 12, 15, 17, 0),
	gsSP2Triangles(12, 17, 18, 0, 18, 17, 19, 0),
	gsSP2Triangles(20, 21, 22, 0, 23, 20, 22, 0),
	gsSP2Triangles(22, 24, 23, 0, 23, 25, 20, 0),
	gsSP2Triangles(26, 14, 27, 0, 26, 27, 28, 0),
	gsSP2Triangles(29, 30, 25, 0, 25, 31, 29, 0),
	gsSPVertex(rpush_rpush_mesh_layer_1_vtx_0 + 128, 32, 0),
	gsSP2Triangles(0, 1, 2, 0, 3, 4, 5, 0),
	gsSP2Triangles(4, 6, 5, 0, 7, 8, 9, 0),
	gsSP2Triangles(7, 10, 8, 0, 7, 11, 10, 0),
	gsSP2Triangles(7, 12, 11, 0, 7, 13, 12, 0),
	gsSP2Triangles(7, 14, 13, 0, 15, 14, 7, 0),
	gsSP2Triangles(7, 16, 15, 0, 7, 17, 16, 0),
	gsSP2Triangles(16, 18, 15, 0, 16, 19, 18, 0),
	gsSP2Triangles(16, 20, 19, 0, 15, 21, 14, 0),
	gsSP2Triangles(22, 23, 24, 0, 22, 24, 25, 0),
	gsSP2Triangles(26, 22, 25, 0, 25, 27, 26, 0),
	gsSP2Triangles(25, 28, 27, 0, 27, 29, 26, 0),
	gsSP1Triangle(22, 30, 31, 0),
	gsSPVertex(rpush_rpush_mesh_layer_1_vtx_0 + 160, 32, 0),
	gsSP2Triangles(0, 1, 2, 0, 3, 4, 5, 0),
	gsSP2Triangles(3, 5, 6, 0, 7, 8, 9, 0),
	gsSP2Triangles(7, 9, 10, 0, 10, 9, 11, 0),
	gsSP2Triangles(10, 11, 12, 0, 13, 14, 15, 0),
	gsSP2Triangles(13, 16, 14, 0, 17, 16, 13, 0),
	gsSP2Triangles(17, 18, 16, 0, 17, 19, 18, 0),
	gsSP2Triangles(20, 19, 17, 0, 20, 17, 21, 0),
	gsSP2Triangles(22, 19, 20, 0, 22, 23, 19, 0),
	gsSP2Triangles(23, 24, 19, 0, 25, 22, 20, 0),
	gsSP2Triangles(25, 26, 22, 0, 27, 28, 29, 0),
	gsSP2Triangles(27, 29, 30, 0, 31, 27, 30, 0),
	gsSPVertex(rpush_rpush_mesh_layer_1_vtx_0 + 192, 31, 0),
	gsSP2Triangles(0, 1, 2, 0, 0, 3, 1, 0),
	gsSP2Triangles(4, 1, 3, 0, 5, 1, 4, 0),
	gsSP2Triangles(2, 1, 6, 0, 7, 8, 9, 0),
	gsSP2Triangles(10, 7, 9, 0, 9, 11, 10, 0),
	gsSP2Triangles(9, 12, 11, 0, 9, 13, 12, 0),
	gsSP2Triangles(11, 14, 10, 0, 11, 15, 14, 0),
	gsSP2Triangles(15, 16, 14, 0, 15, 17, 16, 0),
	gsSP2Triangles(18, 19, 20, 0, 20, 21, 18, 0),
	gsSP2Triangles(20, 22, 21, 0, 22, 23, 21, 0),
	gsSP2Triangles(24, 25, 26, 0, 24, 26, 27, 0),
	gsSP2Triangles(27, 28, 24, 0, 27, 29, 28, 0),
	gsSP1Triangle(27, 30, 29, 0),
	gsSPVertex(rpush_rpush_mesh_layer_1_vtx_0 + 223, 30, 0),
	gsSP2Triangles(0, 1, 2, 0, 0, 2, 3, 0),
	gsSP2Triangles(4, 0, 3, 0, 4, 5, 0, 0),
	gsSP2Triangles(6, 7, 8, 0, 6, 8, 9, 0),
	gsSP2Triangles(10, 11, 12, 0, 10, 13, 11, 0),
	gsSP2Triangles(13, 14, 11, 0, 13, 15, 14, 0),
	gsSP2Triangles(15, 16, 14, 0, 17, 18, 19, 0),
	gsSP2Triangles(18, 20, 19, 0, 19, 20, 21, 0),
	gsSP2Triangles(19, 21, 22, 0, 22, 23, 19, 0),
	gsSP2Triangles(22, 24, 23, 0, 25, 23, 24, 0),
	gsSP2Triangles(25, 24, 26, 0, 27, 25, 26, 0),
	gsSP2Triangles(27, 26, 28, 0, 28, 29, 27, 0),
	gsSPVertex(rpush_rpush_mesh_layer_1_vtx_0 + 253, 8, 0),
	gsSP2Triangles(0, 1, 2, 0, 0, 2, 3, 0),
	gsSP2Triangles(4, 5, 6, 0, 4, 6, 7, 0),
	gsSPEndDisplayList(),
};

Vtx rpush_rpush_mesh_layer_1_vtx_1[53] = {
	{{ {973, 0, -348}, 0, {8607, 3552}, {127, 127, 127, 255} }},
	{{ {973, 0, -200}, 0, {8071, 3552}, {127, 127, 127, 255} }},
	{{ {973, 560, -200}, 0, {8071, 1523}, {127, 127, 127, 255} }},
	{{ {973, 1687, -348}, 0, {8607, -2560}, {127, 127, 127, 255} }},
	{{ {973, 560, -200}, 0, {8071, 1523}, {127, 127, 127, 255} }},
	{{ {973, 560, -200}, 0, {8071, 1523}, {127, 127, 127, 255} }},
	{{ {973, 560, 200}, 0, {6622, 1523}, {127, 127, 127, 255} }},
	{{ {973, 560, 200}, 0, {6622, 1523}, {127, 127, 127, 255} }},
	{{ {973, 1687, 3847}, 0, {-6591, -2560}, {127, 127, 127, 255} }},
	{{ {-3557, 0, 3415}, 0, {-5026, 3552}, {127, 127, 127, 255} }},
	{{ {-3557, 1687, 3847}, 0, {-6591, -2560}, {127, 127, 127, 255} }},
	{{ {-3557, 0, 3847}, 0, {-6591, 3552}, {127, 127, 127, 255} }},
	{{ {-2436, 0, 3847}, 0, {-3139, 3552}, {127, 127, 127, 255} }},
	{{ {-3557, 0, 3847}, 0, {-7199, 3552}, {127, 127, 127, 255} }},
	{{ {-3557, 1687, 3847}, 0, {-7199, -2560}, {127, 127, 127, 255} }},
	{{ {-3474, 1687, 3847}, 0, {-6900, -2560}, {127, 127, 127, 255} }},
	{{ {-1351, 242, 3847}, 0, {795, 2676}, {127, 127, 127, 255} }},
	{{ {973, 359, 3847}, 0, {9215, 2250}, {104, 104, 104, 255} }},
	{{ {973, 1687, 3847}, 0, {9215, -2560}, {127, 127, 127, 255} }},
	{{ {-2180, 516, -348}, 0, {-2209, 1684}, {255, 255, 255, 255} }},
	{{ {-2180, 0, -348}, 0, {-2209, 3552}, {255, 255, 255, 255} }},
	{{ {-1382, 0, -348}, 0, {682, 3552}, {255, 255, 255, 255} }},
	{{ {-1211, 357, -348}, 0, {1300, 2258}, {255, 255, 255, 255} }},
	{{ {-1145, 510, -348}, 0, {1540, 1704}, {255, 255, 255, 255} }},
	{{ {-1055, 519, -348}, 0, {1868, 1673}, {255, 255, 255, 255} }},
	{{ {973, 1687, -348}, 0, {9215, -2560}, {255, 255, 255, 255} }},
	{{ {664, 51, -348}, 0, {8095, 3369}, {255, 255, 255, 255} }},
	{{ {-1139, 346, -348}, 0, {1560, 2300}, {255, 255, 255, 255} }},
	{{ {654, 0, -348}, 0, {8059, 3552}, {255, 255, 255, 255} }},
	{{ {-1320, 0, -348}, 0, {907, 3552}, {255, 255, 255, 255} }},
	{{ {-2180, 1562, -348}, 0, {-2209, -2107}, {255, 255, 255, 255} }},
	{{ {-2180, 1687, -348}, 0, {-2209, -2560}, {255, 255, 255, 255} }},
	{{ {973, 1687, 3847}, 0, {-6591, -2560}, {127, 127, 127, 255} }},
	{{ {973, 560, 200}, 0, {6622, 1523}, {128, 128, 128, 255} }},
	{{ {973, 0, 200}, 0, {6622, 3552}, {128, 128, 128, 255} }},
	{{ {973, 242, 3212}, 0, {-4290, 2676}, {127, 127, 127, 255} }},
	{{ {973, 0, 2605}, 0, {-2091, 3552}, {127, 127, 127, 255} }},
	{{ {973, 359, 3847}, 0, {-6591, 2250}, {104, 104, 104, 255} }},
	{{ {-3557, 0, 3415}, 0, {-5026, 3552}, {191, 191, 191, 255} }},
	{{ {-3557, 0, -348}, 0, {8607, 3552}, {191, 191, 191, 255} }},
	{{ {-3557, 1687, -348}, 0, {8607, -2560}, {191, 191, 191, 255} }},
	{{ {-3557, 1687, 3847}, 0, {-6591, -2560}, {191, 191, 191, 255} }},
	{{ {-3557, 1687, 552}, 0, {5348, -2560}, {191, 191, 191, 255} }},
	{{ {-1211, 357, -348}, 0, {1300, 2258}, {127, 127, 127, 255} }},
	{{ {-1382, 0, -348}, 0, {682, 3552}, {127, 127, 127, 255} }},
	{{ {-1320, 0, -348}, 0, {907, 3552}, {127, 127, 127, 255} }},
	{{ {-1139, 346, -348}, 0, {1560, 2300}, {127, 127, 127, 255} }},
	{{ {-1145, 510, -348}, 0, {1540, 1704}, {127, 127, 127, 255} }},
	{{ {-1055, 519, -348}, 0, {1868, 1673}, {127, 127, 127, 255} }},
	{{ {973, 1687, -348}, 0, {9215, -2560}, {127, 127, 127, 255} }},
	{{ {664, 51, -348}, 0, {8095, 3369}, {127, 127, 127, 255} }},
	{{ {973, 0, -348}, 0, {9215, 3552}, {127, 127, 127, 255} }},
	{{ {654, 0, -348}, 0, {8059, 3552}, {127, 127, 127, 255} }},
};

Gfx rpush_rpush_mesh_layer_1_tri_1[] = {
	gsSPVertex(rpush_rpush_mesh_layer_1_vtx_1 + 0, 32, 0),
	gsSP2Triangles(0, 1, 2, 0, 3, 0, 4, 0),
	gsSP2Triangles(3, 5, 6, 0, 7, 8, 3, 0),
	gsSP2Triangles(9, 10, 11, 0, 12, 13, 14, 0),
	gsSP2Triangles(12, 14, 15, 0, 15, 16, 12, 0),
	gsSP2Triangles(15, 17, 16, 0, 15, 18, 17, 0),
	gsSP2Triangles(19, 20, 21, 0, 19, 21, 22, 0),
	gsSP2Triangles(23, 19, 22, 0, 19, 23, 24, 0),
	gsSP2Triangles(25, 19, 24, 0, 24, 26, 25, 0),
	gsSP2Triangles(24, 27, 26, 0, 27, 28, 26, 0),
	gsSP2Triangles(27, 29, 28, 0, 25, 30, 19, 0),
	gsSP1Triangle(30, 25, 31, 0),
	gsSPVertex(rpush_rpush_mesh_layer_1_vtx_1 + 32, 21, 0),
	gsSP2Triangles(0, 1, 2, 0, 2, 3, 0, 0),
	gsSP2Triangles(2, 4, 3, 0, 3, 5, 0, 0),
	gsSP2Triangles(6, 7, 8, 0, 8, 9, 6, 0),
	gsSP2Triangles(8, 10, 9, 0, 11, 12, 13, 0),
	gsSP2Triangles(11, 13, 14, 0, 14, 15, 11, 0),
	gsSP2Triangles(14, 16, 15, 0, 17, 18, 19, 0),
	gsSP1Triangle(18, 20, 19, 0),
	gsSPEndDisplayList(),
};

Vtx rpush_rpush_mesh_layer_1_vtx_2[105] = {
	{{ {-2993, 516, -723}, 0, {-147, -961}, {127, 127, 127, 255} }},
	{{ {-3086, 516, -728}, 0, {-624, -987}, {127, 127, 127, 255} }},
	{{ {-2993, 516, -566}, 0, {-147, -157}, {127, 127, 127, 255} }},
	{{ {-2605, 516, -566}, 0, {1350, 995}, {255, 255, 255, 255} }},
	{{ {-2493, 516, -566}, 0, {2036, 995}, {255, 255, 255, 255} }},
	{{ {-2493, 633, -723}, 0, {2036, 33}, {255, 255, 255, 255} }},
	{{ {-2993, 516, -566}, 0, {-1044, 995}, {255, 255, 255, 255} }},
	{{ {-2889, 516, -566}, 0, {-402, 995}, {255, 255, 255, 255} }},
	{{ {-2993, 633, -723}, 0, {-1044, 33}, {255, 255, 255, 255} }},
	{{ {-563, -47, 1722}, 0, {3017, 1435}, {255, 255, 255, 255} }},
	{{ {-563, -47, 2284}, 0, {3017, 2735}, {255, 255, 255, 255} }},
	{{ {-1, -47, 2284}, 0, {4316, 2735}, {255, 255, 255, 255} }},
	{{ {-1, -47, 1722}, 0, {4316, 1435}, {255, 255, 255, 255} }},
	{{ {-1126, -47, 1722}, 0, {1717, 1435}, {255, 255, 255, 255} }},
	{{ {-1126, -47, 2284}, 0, {1717, 2735}, {255, 255, 255, 255} }},
	{{ {-563, -47, 2284}, 0, {3017, 2735}, {255, 255, 255, 255} }},
	{{ {-563, -47, 1722}, 0, {3017, 1435}, {255, 255, 255, 255} }},
	{{ {-1126, -47, 1159}, 0, {1717, 135}, {255, 255, 255, 255} }},
	{{ {-1126, -47, 1722}, 0, {1717, 1435}, {255, 255, 255, 255} }},
	{{ {-563, -47, 1722}, 0, {3017, 1435}, {255, 255, 255, 255} }},
	{{ {-563, -47, 1159}, 0, {3017, 135}, {255, 255, 255, 255} }},
	{{ {-2182, -47, 1722}, 0, {-725, 1435}, {255, 255, 255, 255} }},
	{{ {-2182, -47, 2284}, 0, {-725, 2735}, {255, 255, 255, 255} }},
	{{ {-1126, -47, 2284}, 0, {1717, 2735}, {255, 255, 255, 255} }},
	{{ {-1126, -47, 1722}, 0, {1717, 1435}, {255, 255, 255, 255} }},
	{{ {-2744, -47, 1722}, 0, {-2025, 1435}, {255, 255, 255, 255} }},
	{{ {-2744, -47, 2284}, 0, {-2025, 2735}, {255, 255, 255, 255} }},
	{{ {-2182, -47, 2284}, 0, {-725, 2735}, {255, 255, 255, 255} }},
	{{ {-2182, -47, 1722}, 0, {-725, 1435}, {255, 255, 255, 255} }},
	{{ {-2744, -47, 909}, 0, {-2025, -443}, {255, 255, 255, 255} }},
	{{ {-2182, -47, 909}, 0, {-725, -443}, {255, 255, 255, 255} }},
	{{ {-2182, -47, 347}, 0, {-725, -1743}, {255, 255, 255, 255} }},
	{{ {-2744, -47, 909}, 0, {-2025, -443}, {255, 255, 255, 255} }},
	{{ {-2182, -47, 347}, 0, {-725, -1743}, {255, 255, 255, 255} }},
	{{ {-2744, -47, 347}, 0, {-2025, -1743}, {255, 255, 255, 255} }},
	{{ {-2744, -47, 1722}, 0, {-2025, 1435}, {255, 255, 255, 255} }},
	{{ {-2182, -47, 1722}, 0, {-725, 1435}, {255, 255, 255, 255} }},
	{{ {-2182, -47, 1159}, 0, {-725, 135}, {255, 255, 255, 255} }},
	{{ {-2744, -47, 1159}, 0, {-2025, 135}, {255, 255, 255, 255} }},
	{{ {-2744, -47, 909}, 0, {-2025, -443}, {255, 255, 255, 255} }},
	{{ {-2744, -47, 1159}, 0, {-2025, 135}, {255, 255, 255, 255} }},
	{{ {-2182, -47, 1159}, 0, {-725, 135}, {255, 255, 255, 255} }},
	{{ {-2182, -47, 909}, 0, {-725, -443}, {255, 255, 255, 255} }},
	{{ {-3307, -47, 1159}, 0, {-3324, 135}, {255, 255, 255, 255} }},
	{{ {-3307, -47, 1722}, 0, {-3324, 1435}, {255, 255, 255, 255} }},
	{{ {-2744, -47, 1722}, 0, {-2025, 1435}, {255, 255, 255, 255} }},
	{{ {-2744, -47, 1159}, 0, {-2025, 135}, {255, 255, 255, 255} }},
	{{ {-3307, -47, 347}, 0, {-3324, -1743}, {255, 255, 255, 255} }},
	{{ {-3307, -47, 909}, 0, {-3324, -443}, {255, 255, 255, 255} }},
	{{ {-2744, -47, 909}, 0, {-2025, -443}, {255, 255, 255, 255} }},
	{{ {-2744, -47, 347}, 0, {-2025, -1743}, {255, 255, 255, 255} }},
	{{ {-2744, 516, 1972}, 0, {996, -527}, {255, 255, 255, 255} }},
	{{ {-3307, 516, 1972}, 0, {-14, -527}, {255, 255, 255, 255} }},
	{{ {-3307, 516, 2284}, 0, {-14, 34}, {255, 255, 255, 255} }},
	{{ {-2744, 516, 2284}, 0, {996, 34}, {255, 255, 255, 255} }},
	{{ {-3307, 516, -348}, 0, {-1761, 968}, {255, 255, 255, 255} }},
	{{ {-3307, 516, 97}, 0, {-1762, 3256}, {255, 255, 255, 255} }},
	{{ {-2744, 516, 97}, 0, {1133, 3256}, {255, 255, 255, 255} }},
	{{ {-2744, 516, 55}, 0, {1133, 3039}, {255, 255, 255, 255} }},
	{{ {-2744, 516, -348}, 0, {1133, 968}, {255, 255, 255, 255} }},
	{{ {-2744, 516, 2284}, 0, {996, 34}, {255, 255, 255, 255} }},
	{{ {-3307, 516, 2284}, 0, {-14, 34}, {255, 255, 255, 255} }},
	{{ {-3307, 516, 2847}, 0, {-14, 1045}, {255, 255, 255, 255} }},
	{{ {-2744, 516, 2847}, 0, {996, 1045}, {255, 255, 255, 255} }},
	{{ {-2744, 516, 2847}, 0, {996, 1045}, {255, 255, 255, 255} }},
	{{ {-3307, 516, 2847}, 0, {-14, 1045}, {255, 255, 255, 255} }},
	{{ {-3307, 0, 3409}, 0, {-14, 2055}, {255, 255, 255, 255} }},
	{{ {-2744, 0, 3409}, 0, {996, 2055}, {255, 255, 255, 255} }},
	{{ {-2993, 516, -723}, 0, {-147, -961}, {127, 127, 127, 255} }},
	{{ {-2993, 516, -976}, 0, {-147, -2264}, {127, 127, 127, 255} }},
	{{ {-3307, 516, -976}, 0, {-1761, -2264}, {127, 127, 127, 255} }},
	{{ {-3086, 516, -728}, 0, {-624, -987}, {127, 127, 127, 255} }},
	{{ {-3307, 516, -740}, 0, {-1761, -1050}, {127, 127, 127, 255} }},
	{{ {-2180, 516, -976}, 0, {4040, -2264}, {127, 127, 127, 255} }},
	{{ {-2493, 516, -976}, 0, {2426, -2264}, {127, 127, 127, 255} }},
	{{ {-2493, 516, -740}, 0, {2426, -1052}, {127, 127, 127, 255} }},
	{{ {-2379, 516, -723}, 0, {3014, -961}, {127, 127, 127, 255} }},
	{{ {-2180, 516, -348}, 0, {4040, 968}, {127, 127, 127, 255} }},
	{{ {-2180, 516, -348}, 0, {4040, 968}, {255, 255, 255, 255} }},
	{{ {-2379, 516, -723}, 0, {3014, -961}, {255, 255, 255, 255} }},
	{{ {-2493, 516, -740}, 0, {2426, -1052}, {255, 255, 255, 255} }},
	{{ {-2493, 516, -566}, 0, {2426, -157}, {255, 255, 255, 255} }},
	{{ {-2744, 516, -348}, 0, {1133, 968}, {255, 255, 255, 255} }},
	{{ {-2605, 516, -566}, 0, {1853, -157}, {255, 255, 255, 255} }},
	{{ {-2889, 516, -566}, 0, {389, -157}, {255, 255, 255, 255} }},
	{{ {-2993, 633, -723}, 0, {-1044, 33}, {255, 255, 255, 255} }},
	{{ {-2605, 516, -566}, 0, {1350, 995}, {255, 255, 255, 255} }},
	{{ {-2493, 633, -723}, 0, {2036, 33}, {255, 255, 255, 255} }},
	{{ {-2889, 516, -566}, 0, {-402, 995}, {255, 255, 255, 255} }},
	{{ {-2493, 516, -740}, 0, {1032, 820}, {255, 255, 255, 255} }},
	{{ {-2493, 633, -723}, 0, {922, 98}, {255, 255, 255, 255} }},
	{{ {-2493, 516, -566}, 0, {-40, 820}, {255, 255, 255, 255} }},
	{{ {-2993, 516, -566}, 0, {-40, 820}, {127, 127, 127, 255} }},
	{{ {-2993, 516, -566}, 0, {-40, 820}, {127, 127, 127, 255} }},
	{{ {-2993, 516, -566}, 0, {-40, 820}, {127, 127, 127, 255} }},
	{{ {-2993, 516, -723}, 0, {922, 820}, {127, 127, 127, 255} }},
	{{ {-2993, 516, -566}, 0, {-40, 820}, {127, 127, 127, 255} }},
	{{ {-2993, 633, -723}, 0, {922, 98}, {127, 127, 127, 255} }},
	{{ {-2993, 516, -723}, 0, {922, 820}, {127, 127, 127, 255} }},
	{{ {-3086, 516, -728}, 0, {-624, -987}, {255, 255, 255, 255} }},
	{{ {-3307, 516, -740}, 0, {-1761, -1050}, {255, 255, 255, 255} }},
	{{ {-3307, 516, -348}, 0, {-1761, 968}, {255, 255, 255, 255} }},
	{{ {-2993, 516, -566}, 0, {-147, -157}, {255, 255, 255, 255} }},
	{{ {-2889, 516, -566}, 0, {389, -157}, {255, 255, 255, 255} }},
	{{ {-2744, 516, -348}, 0, {1133, 968}, {255, 255, 255, 255} }},
};

Gfx rpush_rpush_mesh_layer_1_tri_2[] = {
	gsSPVertex(rpush_rpush_mesh_layer_1_vtx_2 + 0, 32, 0),
	gsSP2Triangles(0, 1, 2, 0, 3, 4, 5, 0),
	gsSP2Triangles(6, 7, 8, 0, 9, 10, 11, 0),
	gsSP2Triangles(9, 11, 12, 0, 13, 14, 15, 0),
	gsSP2Triangles(13, 15, 16, 0, 17, 18, 19, 0),
	gsSP2Triangles(17, 19, 20, 0, 21, 22, 23, 0),
	gsSP2Triangles(21, 23, 24, 0, 25, 26, 27, 0),
	gsSP2Triangles(25, 27, 28, 0, 29, 30, 31, 0),
	gsSPVertex(rpush_rpush_mesh_layer_1_vtx_2 + 32, 32, 0),
	gsSP2Triangles(0, 1, 2, 0, 3, 4, 5, 0),
	gsSP2Triangles(3, 5, 6, 0, 7, 8, 9, 0),
	gsSP2Triangles(7, 9, 10, 0, 11, 12, 13, 0),
	gsSP2Triangles(11, 13, 14, 0, 15, 16, 17, 0),
	gsSP2Triangles(15, 17, 18, 0, 19, 20, 21, 0),
	gsSP2Triangles(19, 21, 22, 0, 23, 24, 25, 0),
	gsSP2Triangles(25, 26, 23, 0, 26, 27, 23, 0),
	gsSP2Triangles(28, 29, 30, 0, 28, 30, 31, 0),
	gsSPVertex(rpush_rpush_mesh_layer_1_vtx_2 + 64, 32, 0),
	gsSP2Triangles(0, 1, 2, 0, 0, 2, 3, 0),
	gsSP2Triangles(4, 5, 6, 0, 6, 7, 4, 0),
	gsSP2Triangles(6, 8, 7, 0, 9, 10, 11, 0),
	gsSP2Triangles(11, 12, 9, 0, 12, 13, 9, 0),
	gsSP2Triangles(14, 15, 16, 0, 14, 16, 17, 0),
	gsSP2Triangles(14, 17, 18, 0, 17, 19, 18, 0),
	gsSP2Triangles(19, 20, 18, 0, 21, 22, 23, 0),
	gsSP2Triangles(21, 24, 22, 0, 25, 26, 27, 0),
	gsSP2Triangles(25, 27, 27, 0, 28, 28, 28, 0),
	gsSP1Triangle(31, 28, 28, 0),
	gsSPVertex(rpush_rpush_mesh_layer_1_vtx_2 + 96, 9, 0),
	gsSP2Triangles(0, 1, 2, 0, 3, 4, 5, 0),
	gsSP2Triangles(3, 5, 6, 0, 5, 7, 6, 0),
	gsSP2Triangles(5, 8, 7, 0, 6, 6, 3, 0),
	gsSPEndDisplayList(),
};

Vtx rpush_rpush_mesh_layer_1_vtx_3[114] = {
	{{ {-3307, 516, -348}, 0, {24, 2184}, {191, 191, 191, 255} }},
	{{ {-3307, 516, -740}, 0, {2042, 2184}, {191, 191, 191, 255} }},
	{{ {-3307, 1562, -348}, 0, {24, -3202}, {191, 191, 191, 255} }},
	{{ {-2744, 0, -81}, 0, {393, -16}, {255, 255, 255, 255} }},
	{{ {-2744, 448, 97}, 0, {-16, 873}, {255, 255, 255, 255} }},
	{{ {-2744, 0, 97}, 0, {-16, -16}, {255, 255, 255, 255} }},
	{{ {-3307, 517, -348}, 0, {-1762, 2177}, {127, 127, 127, 255} }},
	{{ {-3388, 0, -348}, 0, {-2177, 4837}, {127, 127, 127, 255} }},
	{{ {-3307, 0, -348}, 0, {-1762, 4837}, {127, 127, 127, 255} }},
	{{ {-3307, 516, 1972}, 0, {-58, -12}, {127, 127, 127, 255} }},
	{{ {-2744, 516, 1972}, 0, {1050, -12}, {127, 127, 127, 255} }},
	{{ {-2744, 0, 1972}, 0, {1050, 1004}, {127, 127, 127, 255} }},
	{{ {-3307, 0, 1972}, 0, {-58, 1004}, {127, 127, 127, 255} }},
	{{ {-2744, 516, 97}, 0, {-16, -16}, {255, 255, 255, 255} }},
	{{ {-3307, 516, 97}, 0, {-16, 1008}, {255, 255, 255, 255} }},
	{{ {-3307, 0, 97}, 0, {1008, 1008}, {255, 255, 255, 255} }},
	{{ {-2744, 448, 97}, 0, {119, -16}, {255, 255, 255, 255} }},
	{{ {-2744, 0, 97}, 0, {1008, -16}, {255, 255, 255, 255} }},
	{{ {-2180, 516, -976}, 0, {3256, 2184}, {127, 127, 127, 255} }},
	{{ {-2180, 516, -348}, 0, {24, 2184}, {127, 127, 127, 255} }},
	{{ {-2180, 1562, -348}, 0, {24, -3202}, {127, 127, 127, 255} }},
	{{ {-2180, 1562, -976}, 0, {3256, -3202}, {127, 127, 127, 255} }},
	{{ {-3307, 1562, -348}, 0, {-1761, 968}, {127, 127, 127, 255} }},
	{{ {-3307, 1562, -976}, 0, {-1761, -2264}, {127, 127, 127, 255} }},
	{{ {-2180, 1562, -976}, 0, {4040, -2264}, {127, 127, 127, 255} }},
	{{ {-2180, 1562, -348}, 0, {4040, 968}, {127, 127, 127, 255} }},
	{{ {-2493, 516, -976}, 0, {2426, 2184}, {127, 127, 127, 255} }},
	{{ {-2180, 516, -976}, 0, {4040, 2184}, {127, 127, 127, 255} }},
	{{ {-2180, 1562, -976}, 0, {4040, -3202}, {127, 127, 127, 255} }},
	{{ {-2493, 633, -976}, 0, {2426, 1580}, {127, 127, 127, 255} }},
	{{ {-3307, 516, -976}, 0, {-1761, 2184}, {127, 127, 127, 255} }},
	{{ {-2993, 516, -976}, 0, {-147, 2184}, {127, 127, 127, 255} }},
	{{ {-2993, 633, -976}, 0, {-147, 1580}, {127, 127, 127, 255} }},
	{{ {-3307, 1562, -976}, 0, {-1761, -3202}, {127, 127, 127, 255} }},
	{{ {-2993, 633, -976}, 0, {-147, 1580}, {127, 127, 127, 255} }},
	{{ {-2493, 633, -976}, 0, {2426, 1580}, {127, 127, 127, 255} }},
	{{ {-2180, 1562, -976}, 0, {4040, -3202}, {127, 127, 127, 255} }},
	{{ {-2744, 0, 3409}, 0, {-919, 1004}, {191, 191, 191, 255} }},
	{{ {-2744, 516, 2284}, 0, {1296, -12}, {191, 191, 191, 255} }},
	{{ {-2744, 516, 2847}, 0, {188, -12}, {191, 191, 191, 255} }},
	{{ {-2744, 0, 2284}, 0, {1296, 1004}, {191, 191, 191, 255} }},
	{{ {-2744, 0, 1972}, 0, {1911, 1004}, {191, 191, 191, 255} }},
	{{ {-2744, 516, 1972}, 0, {1911, -12}, {191, 191, 191, 255} }},
	{{ {-3307, 516, 2284}, 0, {1296, -12}, {127, 127, 127, 255} }},
	{{ {-3307, 0, 3409}, 0, {-919, 1004}, {127, 127, 127, 255} }},
	{{ {-3307, 516, 2847}, 0, {188, -12}, {127, 127, 127, 255} }},
	{{ {-3307, 0, 1972}, 0, {1911, 1004}, {127, 127, 127, 255} }},
	{{ {-3307, 516, 1972}, 0, {1911, -12}, {127, 127, 127, 255} }},
	{{ {-2744, 516, -348}, 0, {1008, 1008}, {255, 255, 255, 255} }},
	{{ {-2744, 516, 55}, 0, {81, 1008}, {255, 255, 255, 255} }},
	{{ {-2744, 0, -137}, 0, {523, -16}, {255, 255, 255, 255} }},
	{{ {-2744, 0, -348}, 0, {1008, -16}, {255, 255, 255, 255} }},
	{{ {-2180, 516, -348}, 0, {4040, 2184}, {255, 255, 255, 255} }},
	{{ {-2744, 516, -348}, 0, {1133, 2184}, {255, 255, 255, 255} }},
	{{ {-2744, 0, -348}, 0, {1133, 4837}, {255, 255, 255, 255} }},
	{{ {-2180, 0, -348}, 0, {4040, 4837}, {255, 255, 255, 255} }},
	{{ {-3307, 1562, -348}, 0, {-1761, -3202}, {255, 255, 255, 255} }},
	{{ {-2180, 1562, -348}, 0, {4040, -3202}, {255, 255, 255, 255} }},
	{{ {-2180, 1687, -348}, 0, {4040, -3845}, {255, 255, 255, 255} }},
	{{ {-3557, 1687, -348}, 0, {-3048, -3845}, {255, 255, 255, 255} }},
	{{ {-3557, 0, -348}, 0, {-3048, 4837}, {255, 255, 255, 255} }},
	{{ {-3307, 517, -348}, 0, {-1762, 2177}, {255, 255, 255, 255} }},
	{{ {-3557, 0, -348}, 0, {-3048, 4837}, {255, 255, 255, 255} }},
	{{ {-3388, 0, -348}, 0, {-2177, 4837}, {255, 255, 255, 255} }},
	{{ {-3307, 517, -348}, 0, {-1762, 2177}, {255, 255, 255, 255} }},
	{{ {-3307, 516, 97}, 0, {-25, -25}, {127, 127, 127, 255} }},
	{{ {-3307, 516, -348}, 0, {873, -25}, {127, 127, 127, 255} }},
	{{ {-3307, 0, -348}, 0, {873, 1017}, {127, 127, 127, 255} }},
	{{ {-3307, 0, 97}, 0, {-25, 1017}, {127, 127, 127, 255} }},
	{{ {-3557, 1687, -348}, 0, {-5650, 1005}, {255, 255, 255, 255} }},
	{{ {-2293, 2062, -615}, 0, {-1913, -13}, {255, 255, 255, 255} }},
	{{ {-3846, 2062, -615}, 0, {-5650, -13}, {255, 255, 255, 255} }},
	{{ {-2180, 1687, -348}, 0, {-1913, 1005}, {255, 255, 255, 255} }},
	{{ {1262, 2062, -615}, 0, {6642, -13}, {255, 255, 255, 255} }},
	{{ {973, 1687, -348}, 0, {6642, 1005}, {255, 255, 255, 255} }},
	{{ {973, 1687, -348}, 0, {6186, 1005}, {191, 191, 191, 255} }},
	{{ {973, 1687, 3847}, 0, {-5194, 1005}, {191, 191, 191, 255} }},
	{{ {1262, 2062, 4114}, 0, {-5194, -13}, {191, 191, 191, 255} }},
	{{ {1262, 2062, -615}, 0, {6186, -13}, {191, 191, 191, 255} }},
	{{ {-3557, 1687, 3847}, 0, {-5194, 1005}, {255, 255, 255, 255} }},
	{{ {-3846, 2062, 957}, 0, {2402, -13}, {255, 255, 255, 255} }},
	{{ {-3846, 2062, 4114}, 0, {-5194, -13}, {255, 255, 255, 255} }},
	{{ {-3557, 1687, 552}, 0, {3746, 1005}, {255, 255, 255, 255} }},
	{{ {-3557, 1687, -348}, 0, {6186, 1005}, {255, 255, 255, 255} }},
	{{ {-3846, 2062, -615}, 0, {6186, -13}, {255, 255, 255, 255} }},
	{{ {973, 1687, 3847}, 0, {6642, 1005}, {191, 191, 191, 255} }},
	{{ {-3182, 2062, 4114}, 0, {-4052, -13}, {191, 191, 191, 255} }},
	{{ {1262, 2062, 4114}, 0, {6642, -13}, {191, 191, 191, 255} }},
	{{ {-3474, 1687, 3847}, 0, {-5426, 1005}, {191, 191, 191, 255} }},
	{{ {-3557, 1687, 3847}, 0, {-5650, 1005}, {191, 191, 191, 255} }},
	{{ {-3846, 2062, 4114}, 0, {-5650, -13}, {191, 191, 191, 255} }},
	{{ {-3307, 1562, -348}, 0, {24, -3202}, {127, 127, 127, 255} }},
	{{ {-3307, 516, -740}, 0, {2042, 2184}, {127, 127, 127, 255} }},
	{{ {-3307, 516, -976}, 0, {3256, 2184}, {127, 127, 127, 255} }},
	{{ {-3307, 1562, -348}, 0, {24, -3202}, {127, 127, 127, 255} }},
	{{ {-3307, 516, -976}, 0, {3256, 2184}, {127, 127, 127, 255} }},
	{{ {-3307, 1562, -976}, 0, {3256, -3202}, {127, 127, 127, 255} }},
	{{ {-2744, 0, -81}, 0, {393, -16}, {127, 127, 127, 255} }},
	{{ {-2744, 0, -137}, 0, {523, -16}, {127, 127, 127, 255} }},
	{{ {-2744, 516, 55}, 0, {81, 1008}, {127, 127, 127, 255} }},
	{{ {-2744, 448, 97}, 0, {-16, 873}, {127, 127, 127, 255} }},
	{{ {-2744, 516, 97}, 0, {-16, 1008}, {127, 127, 127, 255} }},
	{{ {-2493, 633, -976}, 0, {2025, -278}, {127, 127, 127, 255} }},
	{{ {-2993, 633, -976}, 0, {-1033, -278}, {127, 127, 127, 255} }},
	{{ {-2993, 633, -723}, 0, {-1033, 1270}, {127, 127, 127, 255} }},
	{{ {-2493, 633, -723}, 0, {2025, 1270}, {127, 127, 127, 255} }},
	{{ {-2993, 633, -723}, 0, {-278, 138}, {127, 127, 127, 255} }},
	{{ {-2993, 633, -976}, 0, {1270, 138}, {127, 127, 127, 255} }},
	{{ {-2993, 516, -976}, 0, {1270, 854}, {127, 127, 127, 255} }},
	{{ {-2993, 516, -723}, 0, {-278, 854}, {127, 127, 127, 255} }},
	{{ {-2493, 516, -976}, 0, {1270, 854}, {127, 127, 127, 255} }},
	{{ {-2493, 633, -976}, 0, {1270, 138}, {127, 127, 127, 255} }},
	{{ {-2493, 633, -723}, 0, {-278, 138}, {127, 127, 127, 255} }},
	{{ {-2493, 516, -740}, 0, {-169, 854}, {127, 127, 127, 255} }},
};

Gfx rpush_rpush_mesh_layer_1_tri_3[] = {
	gsSPVertex(rpush_rpush_mesh_layer_1_vtx_3 + 0, 30, 0),
	gsSP2Triangles(0, 1, 2, 0, 3, 4, 5, 0),
	gsSP2Triangles(6, 7, 8, 0, 9, 10, 11, 0),
	gsSP2Triangles(9, 11, 12, 0, 13, 14, 15, 0),
	gsSP2Triangles(15, 16, 13, 0, 15, 17, 16, 0),
	gsSP2Triangles(18, 19, 20, 0, 18, 20, 21, 0),
	gsSP2Triangles(22, 23, 24, 0, 22, 24, 25, 0),
	gsSP2Triangles(26, 27, 28, 0, 26, 28, 29, 0),
	gsSPVertex(rpush_rpush_mesh_layer_1_vtx_3 + 30, 32, 0),
	gsSP2Triangles(0, 1, 2, 0, 0, 2, 3, 0),
	gsSP2Triangles(4, 5, 6, 0, 4, 6, 3, 0),
	gsSP2Triangles(7, 8, 9, 0, 7, 10, 8, 0),
	gsSP2Triangles(8, 10, 11, 0, 8, 11, 12, 0),
	gsSP2Triangles(13, 14, 15, 0, 16, 14, 13, 0),
	gsSP2Triangles(16, 13, 17, 0, 18, 19, 20, 0),
	gsSP2Triangles(18, 20, 21, 0, 22, 23, 24, 0),
	gsSP2Triangles(22, 24, 25, 0, 26, 27, 28, 0),
	gsSP2Triangles(26, 28, 29, 0, 26, 29, 30, 0),
	gsSP1Triangle(30, 31, 26, 0),
	gsSPVertex(rpush_rpush_mesh_layer_1_vtx_3 + 62, 32, 0),
	gsSP2Triangles(0, 1, 2, 0, 3, 4, 5, 0),
	gsSP2Triangles(3, 5, 6, 0, 7, 8, 9, 0),
	gsSP2Triangles(7, 10, 8, 0, 10, 11, 8, 0),
	gsSP2Triangles(10, 12, 11, 0, 13, 14, 15, 0),
	gsSP2Triangles(13, 15, 16, 0, 17, 18, 19, 0),
	gsSP2Triangles(17, 20, 18, 0, 18, 20, 21, 0),
	gsSP2Triangles(18, 21, 22, 0, 23, 24, 25, 0),
	gsSP2Triangles(23, 26, 24, 0, 24, 26, 27, 0),
	gsSP2Triangles(24, 27, 28, 0, 29, 30, 31, 0),
	gsSPVertex(rpush_rpush_mesh_layer_1_vtx_3 + 94, 20, 0),
	gsSP2Triangles(0, 1, 2, 0, 3, 4, 5, 0),
	gsSP2Triangles(5, 6, 3, 0, 5, 7, 6, 0),
	gsSP2Triangles(8, 9, 10, 0, 8, 10, 11, 0),
	gsSP2Triangles(12, 13, 14, 0, 12, 14, 15, 0),
	gsSP2Triangles(16, 17, 18, 0, 16, 18, 19, 0),
	gsSPEndDisplayList(),
};

Vtx rpush_rpush_mesh_layer_1_vtx_4[86] = {
	{{ {-1, -47, 2284}, 0, {30062, 995}, {127, 127, 127, 255} }},
	{{ {-563, -47, 2284}, 0, {18086, 995}, {127, 127, 127, 255} }},
	{{ {-563, 0, 2284}, 0, {18086, -3}, {127, 127, 127, 255} }},
	{{ {-1, 0, 2284}, 0, {30062, -3}, {127, 127, 127, 255} }},
	{{ {-1, -47, 1722}, 0, {-7641, 995}, {127, 127, 127, 255} }},
	{{ {-1, -47, 2284}, 0, {-19617, 995}, {127, 127, 127, 255} }},
	{{ {-1, 0, 2284}, 0, {-19617, -3}, {127, 127, 127, 255} }},
	{{ {-1, 0, 1722}, 0, {-7641, -3}, {127, 127, 127, 255} }},
	{{ {-563, -47, 1722}, 0, {18086, 995}, {255, 255, 255, 255} }},
	{{ {-1, -47, 1722}, 0, {30062, 995}, {255, 255, 255, 255} }},
	{{ {-1, 0, 1722}, 0, {30062, -3}, {255, 255, 255, 255} }},
	{{ {-563, 0, 1722}, 0, {18086, -3}, {255, 255, 255, 255} }},
	{{ {-2744, -47, 909}, 0, {-16070, 995}, {255, 255, 255, 255} }},
	{{ {-3307, -47, 909}, 0, {-28046, 995}, {255, 255, 255, 255} }},
	{{ {-3307, 0, 909}, 0, {-28046, -3}, {255, 255, 255, 255} }},
	{{ {-2744, 0, 909}, 0, {-16070, -3}, {255, 255, 255, 255} }},
	{{ {-1126, -47, 2284}, 0, {12254, 995}, {127, 127, 127, 255} }},
	{{ {-2182, -47, 2284}, 0, {-10238, 995}, {127, 127, 127, 255} }},
	{{ {-2182, 0, 2284}, 0, {-10238, -3}, {127, 127, 127, 255} }},
	{{ {-1126, 0, 2284}, 0, {12254, -3}, {127, 127, 127, 255} }},
	{{ {-563, -47, 2284}, 0, {24230, 995}, {127, 127, 127, 255} }},
	{{ {-563, 0, 2284}, 0, {24230, -3}, {127, 127, 127, 255} }},
	{{ {-563, -47, 1159}, 0, {4335, 995}, {127, 127, 127, 255} }},
	{{ {-563, -47, 1722}, 0, {-7641, 995}, {127, 127, 127, 255} }},
	{{ {-563, 0, 1722}, 0, {-7641, -3}, {127, 127, 127, 255} }},
	{{ {-563, 0, 1159}, 0, {4335, -3}, {127, 127, 127, 255} }},
	{{ {-2182, -47, 909}, 0, {9657, 995}, {127, 127, 127, 255} }},
	{{ {-2182, -47, 1159}, 0, {4335, 995}, {127, 127, 127, 255} }},
	{{ {-2182, 0, 1159}, 0, {4335, -3}, {127, 127, 127, 255} }},
	{{ {-2182, 0, 909}, 0, {9657, -3}, {127, 127, 127, 255} }},
	{{ {-2744, -47, 347}, 0, {-22214, 995}, {255, 255, 255, 255} }},
	{{ {-2182, -47, 347}, 0, {-10238, 995}, {255, 255, 255, 255} }},
	{{ {-2182, 0, 347}, 0, {-10238, -3}, {255, 255, 255, 255} }},
	{{ {-2744, 0, 347}, 0, {-22214, -3}, {255, 255, 255, 255} }},
	{{ {-3307, -47, 1159}, 0, {-28046, 995}, {255, 255, 255, 255} }},
	{{ {-2744, -47, 1159}, 0, {-16070, 995}, {255, 255, 255, 255} }},
	{{ {-2744, 0, 1159}, 0, {-16070, -3}, {255, 255, 255, 255} }},
	{{ {-3307, 0, 1159}, 0, {-28046, -3}, {255, 255, 255, 255} }},
	{{ {-2744, -47, 2284}, 0, {-19617, 995}, {191, 191, 191, 255} }},
	{{ {-2744, -47, 1722}, 0, {-7641, 995}, {191, 191, 191, 255} }},
	{{ {-2744, 0, 1722}, 0, {-7641, -3}, {191, 191, 191, 255} }},
	{{ {-2744, 0, 2284}, 0, {-19617, -3}, {191, 191, 191, 255} }},
	{{ {-3307, -47, 1722}, 0, {-7641, 995}, {191, 191, 191, 255} }},
	{{ {-3307, -47, 1159}, 0, {4335, 995}, {191, 191, 191, 255} }},
	{{ {-3307, 0, 1159}, 0, {4335, -3}, {191, 191, 191, 255} }},
	{{ {-3307, 0, 1722}, 0, {-7641, -3}, {191, 191, 191, 255} }},
	{{ {-2744, -47, 1159}, 0, {4335, 995}, {255, 255, 255, 255} }},
	{{ {-2744, -47, 909}, 0, {9657, 995}, {255, 255, 255, 255} }},
	{{ {-2744, 0, 909}, 0, {9657, -3}, {255, 255, 255, 255} }},
	{{ {-2744, 0, 1159}, 0, {4335, -3}, {255, 255, 255, 255} }},
	{{ {-3307, -47, 347}, 0, {-28046, 995}, {255, 255, 255, 255} }},
	{{ {-2744, -47, 347}, 0, {-16070, 995}, {255, 255, 255, 255} }},
	{{ {-2744, 0, 347}, 0, {-16070, -3}, {255, 255, 255, 255} }},
	{{ {-3307, 0, 347}, 0, {-28046, -3}, {255, 255, 255, 255} }},
	{{ {-2182, -47, 2284}, 0, {-10238, 995}, {127, 127, 127, 255} }},
	{{ {-2744, -47, 2284}, 0, {-22214, 995}, {127, 127, 127, 255} }},
	{{ {-2744, 0, 2284}, 0, {-22214, -3}, {127, 127, 127, 255} }},
	{{ {-2182, 0, 2284}, 0, {-10238, -3}, {127, 127, 127, 255} }},
	{{ {-3307, -47, 909}, 0, {9657, 995}, {191, 191, 191, 255} }},
	{{ {-3307, -47, 347}, 0, {21633, 995}, {191, 191, 191, 255} }},
	{{ {-3307, 0, 347}, 0, {21633, -3}, {191, 191, 191, 255} }},
	{{ {-3307, 0, 909}, 0, {9657, -3}, {191, 191, 191, 255} }},
	{{ {-1126, -47, 1159}, 0, {12254, 995}, {255, 255, 255, 255} }},
	{{ {-563, -47, 1159}, 0, {24230, 995}, {255, 255, 255, 255} }},
	{{ {-563, 0, 1159}, 0, {24230, -3}, {255, 255, 255, 255} }},
	{{ {-1126, 0, 1159}, 0, {12254, -3}, {255, 255, 255, 255} }},
	{{ {-2182, -47, 347}, 0, {21633, 995}, {127, 127, 127, 255} }},
	{{ {-2182, -47, 909}, 0, {9657, 995}, {127, 127, 127, 255} }},
	{{ {-2182, 0, 909}, 0, {9657, -3}, {127, 127, 127, 255} }},
	{{ {-2182, 0, 347}, 0, {21633, -3}, {127, 127, 127, 255} }},
	{{ {-2744, -47, 1722}, 0, {-16070, 995}, {127, 127, 127, 255} }},
	{{ {-3307, -47, 1722}, 0, {-28046, 995}, {127, 127, 127, 255} }},
	{{ {-3307, 0, 1722}, 0, {-28046, -3}, {127, 127, 127, 255} }},
	{{ {-2744, 0, 1722}, 0, {-16070, -3}, {127, 127, 127, 255} }},
	{{ {-2182, -47, 1722}, 0, {-10238, 995}, {255, 255, 255, 255} }},
	{{ {-1126, -47, 1722}, 0, {12254, 995}, {255, 255, 255, 255} }},
	{{ {-1126, 0, 1722}, 0, {12254, -3}, {255, 255, 255, 255} }},
	{{ {-2182, 0, 1722}, 0, {-10238, -3}, {255, 255, 255, 255} }},
	{{ {-1126, -47, 1722}, 0, {-7641, 995}, {191, 191, 191, 255} }},
	{{ {-1126, -47, 1159}, 0, {4335, 995}, {191, 191, 191, 255} }},
	{{ {-1126, 0, 1159}, 0, {4335, -3}, {191, 191, 191, 255} }},
	{{ {-1126, 0, 1722}, 0, {-7641, -3}, {191, 191, 191, 255} }},
	{{ {-2182, -47, 1159}, 0, {4335, 995}, {127, 127, 127, 255} }},
	{{ {-2182, -47, 1722}, 0, {-7641, 995}, {127, 127, 127, 255} }},
	{{ {-2182, 0, 1722}, 0, {-7641, -3}, {127, 127, 127, 255} }},
	{{ {-2182, 0, 1159}, 0, {4335, -3}, {127, 127, 127, 255} }},
};

Gfx rpush_rpush_mesh_layer_1_tri_4[] = {
	gsSPVertex(rpush_rpush_mesh_layer_1_vtx_4 + 0, 30, 0),
	gsSP2Triangles(0, 1, 2, 0, 0, 2, 3, 0),
	gsSP2Triangles(4, 5, 6, 0, 4, 6, 7, 0),
	gsSP2Triangles(8, 9, 10, 0, 8, 10, 11, 0),
	gsSP2Triangles(12, 13, 14, 0, 12, 14, 15, 0),
	gsSP2Triangles(16, 17, 18, 0, 16, 18, 19, 0),
	gsSP2Triangles(20, 16, 19, 0, 20, 19, 21, 0),
	gsSP2Triangles(22, 23, 24, 0, 22, 24, 25, 0),
	gsSP2Triangles(26, 27, 28, 0, 26, 28, 29, 0),
	gsSPVertex(rpush_rpush_mesh_layer_1_vtx_4 + 30, 32, 0),
	gsSP2Triangles(0, 1, 2, 0, 0, 2, 3, 0),
	gsSP2Triangles(4, 5, 6, 0, 4, 6, 7, 0),
	gsSP2Triangles(8, 9, 10, 0, 8, 10, 11, 0),
	gsSP2Triangles(12, 13, 14, 0, 12, 14, 15, 0),
	gsSP2Triangles(16, 17, 18, 0, 16, 18, 19, 0),
	gsSP2Triangles(20, 21, 22, 0, 20, 22, 23, 0),
	gsSP2Triangles(24, 25, 26, 0, 24, 26, 27, 0),
	gsSP2Triangles(28, 29, 30, 0, 28, 30, 31, 0),
	gsSPVertex(rpush_rpush_mesh_layer_1_vtx_4 + 62, 24, 0),
	gsSP2Triangles(0, 1, 2, 0, 0, 2, 3, 0),
	gsSP2Triangles(4, 5, 6, 0, 4, 6, 7, 0),
	gsSP2Triangles(8, 9, 10, 0, 8, 10, 11, 0),
	gsSP2Triangles(12, 13, 14, 0, 12, 14, 15, 0),
	gsSP2Triangles(16, 17, 18, 0, 16, 18, 19, 0),
	gsSP2Triangles(20, 21, 22, 0, 20, 22, 23, 0),
	gsSPEndDisplayList(),
};

Vtx rpush_rpush_mesh_layer_1_vtx_5[104] = {
	{{ {-584, 594, 3793}, 0, {-16, -16}, {127, 127, 127, 255} }},
	{{ {-350, 594, 3793}, 0, {-16, 1008}, {127, 127, 127, 255} }},
	{{ {-393, 691, 3726}, 0, {1008, 1008}, {127, 127, 127, 255} }},
	{{ {-540, 691, 3726}, 0, {1008, -16}, {127, 127, 127, 255} }},
	{{ {-467, 51, 3433}, 0, {-16, 1008}, {127, 127, 127, 255} }},
	{{ {-467, 594, 3433}, 0, {1008, 1008}, {127, 127, 127, 255} }},
	{{ {-277, 594, 3570}, 0, {1008, -16}, {127, 127, 127, 255} }},
	{{ {-277, 51, 3570}, 0, {-16, -16}, {127, 127, 127, 255} }},
	{{ {-277, 594, 3570}, 0, {-16, -16}, {127, 127, 127, 255} }},
	{{ {-467, 594, 3433}, 0, {-16, 1008}, {127, 127, 127, 255} }},
	{{ {-467, 691, 3500}, 0, {1008, 1008}, {127, 127, 127, 255} }},
	{{ {-348, 691, 3586}, 0, {1008, -16}, {127, 127, 127, 255} }},
	{{ {-277, 51, 3570}, 0, {-16, 1008}, {127, 127, 127, 255} }},
	{{ {-277, 594, 3570}, 0, {1008, 1008}, {127, 127, 127, 255} }},
	{{ {-350, 594, 3793}, 0, {1008, -16}, {127, 127, 127, 255} }},
	{{ {-350, 51, 3793}, 0, {-16, -16}, {127, 127, 127, 255} }},
	{{ {-350, 594, 3793}, 0, {-16, -16}, {127, 127, 127, 255} }},
	{{ {-277, 594, 3570}, 0, {-16, 1008}, {127, 127, 127, 255} }},
	{{ {-348, 691, 3586}, 0, {1008, 1008}, {127, 127, 127, 255} }},
	{{ {-393, 691, 3726}, 0, {1008, -16}, {127, 127, 127, 255} }},
	{{ {-350, 51, 3793}, 0, {-16, 1008}, {127, 127, 127, 255} }},
	{{ {-350, 594, 3793}, 0, {1008, 1008}, {127, 127, 127, 255} }},
	{{ {-584, 594, 3793}, 0, {1008, -16}, {127, 127, 127, 255} }},
	{{ {-584, 51, 3793}, 0, {-16, -16}, {127, 127, 127, 255} }},
	{{ {-467, 594, 3433}, 0, {-16, -16}, {127, 127, 127, 255} }},
	{{ {-656, 594, 3570}, 0, {-16, 1008}, {127, 127, 127, 255} }},
	{{ {-585, 691, 3586}, 0, {1008, 1008}, {127, 127, 127, 255} }},
	{{ {-467, 691, 3500}, 0, {1008, -16}, {127, 127, 127, 255} }},
	{{ {-393, 691, 3726}, 0, {227, 387}, {127, 127, 127, 255} }},
	{{ {-348, 691, 3586}, 0, {496, 191}, {127, 127, 127, 255} }},
	{{ {-467, 691, 3500}, 0, {765, 387}, {127, 127, 127, 255} }},
	{{ {-540, 691, 3726}, 0, {330, 703}, {127, 127, 127, 255} }},
	{{ {-467, 691, 3500}, 0, {765, 387}, {127, 127, 127, 255} }},
	{{ {-585, 691, 3586}, 0, {662, 703}, {127, 127, 127, 255} }},
	{{ {-540, 691, 3726}, 0, {330, 703}, {127, 127, 127, 255} }},
	{{ {-584, 51, 3793}, 0, {-16, 1008}, {127, 127, 127, 255} }},
	{{ {-584, 594, 3793}, 0, {1008, 1008}, {127, 127, 127, 255} }},
	{{ {-656, 594, 3570}, 0, {1008, -16}, {127, 127, 127, 255} }},
	{{ {-656, 51, 3570}, 0, {-16, -16}, {127, 127, 127, 255} }},
	{{ {-656, 594, 3570}, 0, {-16, -16}, {127, 127, 127, 255} }},
	{{ {-584, 594, 3793}, 0, {-16, 1008}, {127, 127, 127, 255} }},
	{{ {-540, 691, 3726}, 0, {1008, 1008}, {127, 127, 127, 255} }},
	{{ {-585, 691, 3586}, 0, {1008, -16}, {127, 127, 127, 255} }},
	{{ {-656, 51, 3570}, 0, {-16, 1008}, {127, 127, 127, 255} }},
	{{ {-656, 594, 3570}, 0, {1008, 1008}, {127, 127, 127, 255} }},
	{{ {-467, 594, 3433}, 0, {1008, -16}, {127, 127, 127, 255} }},
	{{ {-467, 51, 3433}, 0, {-16, -16}, {127, 127, 127, 255} }},
	{{ {-656, 51, 3570}, 0, {9, 338}, {127, 127, 127, 255} }},
	{{ {-467, 51, 3433}, 0, {496, -16}, {127, 127, 127, 255} }},
	{{ {-277, 51, 3570}, 0, {983, 338}, {127, 127, 127, 255} }},
	{{ {-584, 51, 3793}, 0, {195, 910}, {127, 127, 127, 255} }},
	{{ {-350, 51, 3793}, 0, {797, 910}, {127, 127, 127, 255} }},
	{{ {698, 383, 2815}, 0, {-16, -16}, {127, 127, 127, 255} }},
	{{ {783, 383, 2597}, 0, {-16, 1008}, {127, 127, 127, 255} }},
	{{ {704, 480, 2614}, 0, {1008, 1008}, {128, 128, 128, 255} }},
	{{ {651, 480, 2751}, 0, {1008, -16}, {128, 128, 128, 255} }},
	{{ {405, -160, 2577}, 0, {-16, 1008}, {127, 127, 127, 255} }},
	{{ {405, 383, 2577}, 0, {1008, 1008}, {255, 255, 255, 255} }},
	{{ {601, 383, 2450}, 0, {1008, -16}, {164, 164, 164, 255} }},
	{{ {601, -160, 2450}, 0, {-16, -16}, {127, 127, 127, 255} }},
	{{ {601, 383, 2450}, 0, {-16, -16}, {164, 164, 164, 255} }},
	{{ {405, 383, 2577}, 0, {-16, 1008}, {255, 255, 255, 255} }},
	{{ {467, 480, 2601}, 0, {1008, 1008}, {255, 255, 255, 255} }},
	{{ {590, 480, 2521}, 0, {1008, -16}, {128, 128, 128, 255} }},
	{{ {601, -160, 2450}, 0, {-16, 1008}, {127, 127, 127, 255} }},
	{{ {601, 383, 2450}, 0, {1008, 1008}, {164, 164, 164, 255} }},
	{{ {783, 383, 2597}, 0, {1008, -16}, {127, 127, 127, 255} }},
	{{ {783, -160, 2597}, 0, {-16, -16}, {128, 128, 128, 255} }},
	{{ {783, 383, 2597}, 0, {-16, -16}, {127, 127, 127, 255} }},
	{{ {601, 383, 2450}, 0, {-16, 1008}, {164, 164, 164, 255} }},
	{{ {590, 480, 2521}, 0, {1008, 1008}, {128, 128, 128, 255} }},
	{{ {704, 480, 2614}, 0, {1008, -16}, {128, 128, 128, 255} }},
	{{ {783, -160, 2597}, 0, {-16, 1008}, {128, 128, 128, 255} }},
	{{ {783, 383, 2597}, 0, {1008, 1008}, {127, 127, 127, 255} }},
	{{ {698, 383, 2815}, 0, {1008, -16}, {127, 127, 127, 255} }},
	{{ {698, -160, 2815}, 0, {-16, -16}, {127, 127, 127, 255} }},
	{{ {405, 383, 2577}, 0, {-16, -16}, {255, 255, 255, 255} }},
	{{ {465, 383, 2803}, 0, {-16, 1008}, {255, 255, 255, 255} }},
	{{ {505, 480, 2743}, 0, {1008, 1008}, {255, 255, 255, 255} }},
	{{ {467, 480, 2601}, 0, {1008, -16}, {255, 255, 255, 255} }},
	{{ {704, 480, 2614}, 0, {227, 387}, {128, 128, 128, 255} }},
	{{ {590, 480, 2521}, 0, {496, 191}, {128, 128, 128, 255} }},
	{{ {467, 480, 2601}, 0, {765, 387}, {255, 255, 255, 255} }},
	{{ {651, 480, 2751}, 0, {330, 703}, {128, 128, 128, 255} }},
	{{ {505, 480, 2743}, 0, {662, 703}, {255, 255, 255, 255} }},
	{{ {698, -160, 2815}, 0, {-16, 1008}, {127, 127, 127, 255} }},
	{{ {698, 383, 2815}, 0, {1008, 1008}, {127, 127, 127, 255} }},
	{{ {465, 383, 2803}, 0, {1008, -16}, {255, 255, 255, 255} }},
	{{ {465, -160, 2803}, 0, {-16, -16}, {127, 127, 127, 255} }},
	{{ {465, 383, 2803}, 0, {-16, -16}, {255, 255, 255, 255} }},
	{{ {698, 383, 2815}, 0, {-16, 1008}, {127, 127, 127, 255} }},
	{{ {651, 480, 2751}, 0, {1008, 1008}, {128, 128, 128, 255} }},
	{{ {505, 480, 2743}, 0, {1008, -16}, {255, 255, 255, 255} }},
	{{ {465, -160, 2803}, 0, {-16, 1008}, {127, 127, 127, 255} }},
	{{ {465, 383, 2803}, 0, {1008, 1008}, {255, 255, 255, 255} }},
	{{ {405, 383, 2577}, 0, {1008, -16}, {255, 255, 255, 255} }},
	{{ {465, -160, 2803}, 0, {-16, 1008}, {127, 127, 127, 255} }},
	{{ {405, 383, 2577}, 0, {1008, -16}, {255, 255, 255, 255} }},
	{{ {405, -160, 2577}, 0, {-16, -16}, {127, 127, 127, 255} }},
	{{ {465, -160, 2803}, 0, {9, 338}, {255, 255, 255, 255} }},
	{{ {405, -160, 2577}, 0, {496, -16}, {255, 255, 255, 255} }},
	{{ {601, -160, 2450}, 0, {983, 338}, {255, 255, 255, 255} }},
	{{ {698, -160, 2815}, 0, {195, 910}, {255, 255, 255, 255} }},
	{{ {783, -160, 2597}, 0, {797, 910}, {255, 255, 255, 255} }},
};

Gfx rpush_rpush_mesh_layer_1_tri_5[] = {
	gsSPVertex(rpush_rpush_mesh_layer_1_vtx_5 + 0, 32, 0),
	gsSP2Triangles(0, 1, 2, 0, 0, 2, 3, 0),
	gsSP2Triangles(4, 5, 6, 0, 4, 6, 7, 0),
	gsSP2Triangles(8, 9, 10, 0, 8, 10, 11, 0),
	gsSP2Triangles(12, 13, 14, 0, 12, 14, 15, 0),
	gsSP2Triangles(16, 17, 18, 0, 16, 18, 19, 0),
	gsSP2Triangles(20, 21, 22, 0, 20, 22, 23, 0),
	gsSP2Triangles(24, 25, 26, 0, 24, 26, 27, 0),
	gsSP2Triangles(28, 29, 30, 0, 30, 31, 28, 0),
	gsSPVertex(rpush_rpush_mesh_layer_1_vtx_5 + 32, 32, 0),
	gsSP2Triangles(0, 1, 2, 0, 3, 4, 5, 0),
	gsSP2Triangles(3, 5, 6, 0, 7, 8, 9, 0),
	gsSP2Triangles(7, 9, 10, 0, 11, 12, 13, 0),
	gsSP2Triangles(11, 13, 14, 0, 15, 16, 17, 0),
	gsSP2Triangles(17, 18, 15, 0, 17, 19, 18, 0),
	gsSP2Triangles(20, 21, 22, 0, 20, 22, 23, 0),
	gsSP2Triangles(24, 25, 26, 0, 24, 26, 27, 0),
	gsSP2Triangles(28, 29, 30, 0, 28, 30, 31, 0),
	gsSPVertex(rpush_rpush_mesh_layer_1_vtx_5 + 64, 32, 0),
	gsSP2Triangles(0, 1, 2, 0, 0, 2, 3, 0),
	gsSP2Triangles(4, 5, 6, 0, 4, 6, 7, 0),
	gsSP2Triangles(8, 9, 10, 0, 8, 10, 11, 0),
	gsSP2Triangles(12, 13, 14, 0, 12, 14, 15, 0),
	gsSP2Triangles(16, 17, 18, 0, 18, 19, 16, 0),
	gsSP2Triangles(18, 20, 19, 0, 21, 22, 23, 0),
	gsSP2Triangles(21, 23, 24, 0, 25, 26, 27, 0),
	gsSP2Triangles(25, 27, 28, 0, 29, 30, 31, 0),
	gsSPVertex(rpush_rpush_mesh_layer_1_vtx_5 + 96, 8, 0),
	gsSP2Triangles(0, 1, 2, 0, 3, 4, 5, 0),
	gsSP2Triangles(5, 6, 3, 0, 5, 7, 6, 0),
	gsSPEndDisplayList(),
};

Vtx rpush_rpush_mesh_layer_1_vtx_6[11] = {
	{{ {-1126, 453, 97}, 0, {-16, 496}, {220, 101, 255, 255} }},
	{{ {-1063, 453, 97}, 0, {496, 496}, {220, 101, 255, 255} }},
	{{ {-1063, 516, 97}, 0, {496, -16}, {220, 101, 255, 255} }},
	{{ {-1126, 516, 97}, 0, {-16, -16}, {220, 101, 255, 255} }},
	{{ {-1063, 453, 97}, 0, {-16, 496}, {165, 76, 191, 255} }},
	{{ {-1063, 453, 34}, 0, {496, 496}, {165, 76, 191, 255} }},
	{{ {-1063, 516, 34}, 0, {496, -16}, {165, 76, 191, 255} }},
	{{ {-1063, 516, 97}, 0, {-16, -16}, {165, 76, 191, 255} }},
	{{ {-1063, 516, 97}, 0, {-16, 496}, {220, 101, 255, 255} }},
	{{ {-1063, 516, 34}, 0, {496, 496}, {220, 101, 255, 255} }},
	{{ {-1126, 516, 34}, 0, {496, -16}, {220, 101, 255, 255} }},
};

Gfx rpush_rpush_mesh_layer_1_tri_6[] = {
	gsSPVertex(rpush_rpush_mesh_layer_1_vtx_6 + 0, 11, 0),
	gsSP2Triangles(0, 1, 2, 0, 0, 2, 3, 0),
	gsSP2Triangles(4, 5, 6, 0, 4, 6, 7, 0),
	gsSP2Triangles(8, 9, 10, 0, 8, 10, 3, 0),
	gsSPEndDisplayList(),
};

Vtx rpush_rpush_mesh_layer_1_vtx_7[47] = {
	{{ {-1063, 453, -348}, 0, {-16, 496}, {165, 76, 191, 255} }},
	{{ {-1063, 516, -348}, 0, {496, 496}, {165, 76, 191, 255} }},
	{{ {-1063, 516, 34}, 0, {496, -16}, {165, 76, 191, 255} }},
	{{ {-1063, 453, 34}, 0, {-16, -16}, {165, 76, 191, 255} }},
	{{ {-2744, 453, 34}, 0, {-16, 496}, {108, 49, 125, 255} }},
	{{ {-2744, 516, 34}, 0, {496, 496}, {108, 49, 125, 255} }},
	{{ {-1126, 516, 34}, 0, {496, -16}, {108, 49, 125, 255} }},
	{{ {-1126, 453, 34}, 0, {-16, -16}, {108, 49, 125, 255} }},
	{{ {-1126, 453, 34}, 0, {-16, 496}, {108, 49, 125, 255} }},
	{{ {-1126, 516, 34}, 0, {496, 496}, {108, 49, 125, 255} }},
	{{ {-1126, 516, -348}, 0, {496, -16}, {108, 49, 125, 255} }},
	{{ {-1126, 453, -348}, 0, {-16, -16}, {108, 49, 125, 255} }},
	{{ {-1126, 453, 97}, 0, {-16, 496}, {220, 101, 255, 255} }},
	{{ {-1126, 516, 97}, 0, {496, 496}, {220, 101, 255, 255} }},
	{{ {-2744, 516, 97}, 0, {496, -16}, {220, 101, 255, 255} }},
	{{ {-2744, 453, 97}, 0, {-16, -16}, {220, 101, 255, 255} }},
	{{ {-2744, 453, 34}, 0, {-16, -16}, {108, 49, 125, 255} }},
	{{ {-1126, 453, 97}, 0, {496, 496}, {108, 49, 125, 255} }},
	{{ {-2744, 453, 97}, 0, {496, -16}, {108, 49, 125, 255} }},
	{{ {-1126, 516, 34}, 0, {-16, -16}, {220, 101, 255, 255} }},
	{{ {-2744, 516, 34}, 0, {-16, 496}, {220, 101, 255, 255} }},
	{{ {-2744, 516, 97}, 0, {496, 496}, {220, 101, 255, 255} }},
	{{ {-1126, 516, 97}, 0, {496, -16}, {220, 101, 255, 255} }},
	{{ {-1126, 453, 34}, 0, {-16, -16}, {108, 49, 125, 255} }},
	{{ {-1126, 453, -348}, 0, {-16, 496}, {108, 49, 125, 255} }},
	{{ {-1063, 453, -348}, 0, {496, 496}, {108, 49, 125, 255} }},
	{{ {-1063, 453, 34}, 0, {496, -16}, {108, 49, 125, 255} }},
	{{ {-1126, 516, -348}, 0, {-16, -16}, {220, 101, 255, 255} }},
	{{ {-1126, 516, 34}, 0, {-16, 496}, {220, 101, 255, 255} }},
	{{ {-1063, 516, 34}, 0, {496, 496}, {220, 101, 255, 255} }},
	{{ {-1063, 516, -348}, 0, {496, -16}, {220, 101, 255, 255} }},
	{{ {-1063, 453, 34}, 0, {-16, 496}, {165, 76, 191, 255} }},
	{{ {-1063, 453, 97}, 0, {496, 496}, {165, 76, 191, 255} }},
	{{ {-1063, 0, 97}, 0, {496, -16}, {165, 76, 191, 255} }},
	{{ {-1063, 0, 34}, 0, {-16, -16}, {165, 76, 191, 255} }},
	{{ {-1126, 0, 34}, 0, {-16, 496}, {108, 49, 125, 255} }},
	{{ {-1126, 0, 97}, 0, {496, 496}, {108, 49, 125, 255} }},
	{{ {-1126, 453, 97}, 0, {496, -16}, {108, 49, 125, 255} }},
	{{ {-1126, 453, 34}, 0, {-16, -16}, {108, 49, 125, 255} }},
	{{ {-1126, 0, 34}, 0, {-16, -16}, {108, 49, 125, 255} }},
	{{ {-1126, 453, 34}, 0, {-16, 496}, {108, 49, 125, 255} }},
	{{ {-1063, 453, 34}, 0, {496, 496}, {108, 49, 125, 255} }},
	{{ {-1063, 0, 34}, 0, {496, -16}, {108, 49, 125, 255} }},
	{{ {-1126, 453, 97}, 0, {-16, -16}, {220, 101, 255, 255} }},
	{{ {-1126, 0, 97}, 0, {-16, 496}, {220, 101, 255, 255} }},
	{{ {-1063, 0, 97}, 0, {496, 496}, {220, 101, 255, 255} }},
	{{ {-1063, 453, 97}, 0, {496, -16}, {220, 101, 255, 255} }},
};

Gfx rpush_rpush_mesh_layer_1_tri_7[] = {
	gsSPVertex(rpush_rpush_mesh_layer_1_vtx_7 + 0, 31, 0),
	gsSP2Triangles(0, 1, 2, 0, 0, 2, 3, 0),
	gsSP2Triangles(4, 5, 6, 0, 4, 6, 7, 0),
	gsSP2Triangles(8, 9, 10, 0, 8, 10, 11, 0),
	gsSP2Triangles(12, 13, 14, 0, 12, 14, 15, 0),
	gsSP2Triangles(16, 8, 17, 0, 16, 17, 18, 0),
	gsSP2Triangles(19, 20, 21, 0, 19, 21, 22, 0),
	gsSP2Triangles(23, 24, 25, 0, 23, 25, 26, 0),
	gsSP2Triangles(27, 28, 29, 0, 27, 29, 30, 0),
	gsSPVertex(rpush_rpush_mesh_layer_1_vtx_7 + 31, 16, 0),
	gsSP2Triangles(0, 1, 2, 0, 0, 2, 3, 0),
	gsSP2Triangles(4, 5, 6, 0, 4, 6, 7, 0),
	gsSP2Triangles(8, 9, 10, 0, 8, 10, 11, 0),
	gsSP2Triangles(12, 13, 14, 0, 12, 14, 15, 0),
	gsSPEndDisplayList(),
};

Vtx rpush_rpush_mesh_layer_4_vtx_0[8] = {
	{{ {-445, 762, 3519}, 0, {-16, 1008}, {127, 127, 127, 255} }},
	{{ {-289, 691, 3539}, 0, {2032, 1008}, {127, 127, 127, 255} }},
	{{ {-330, 569, 3424}, 0, {2032, -16}, {127, 127, 127, 255} }},
	{{ {-486, 639, 3405}, 0, {-16, -16}, {127, 127, 127, 255} }},
	{{ {493, 551, 2588}, 0, {-16, 1008}, {255, 255, 255, 255} }},
	{{ {567, 481, 2449}, 0, {2032, 1008}, {255, 255, 255, 255} }},
	{{ {446, 358, 2446}, 0, {2032, -16}, {255, 255, 255, 255} }},
	{{ {372, 428, 2585}, 0, {-16, -16}, {255, 255, 255, 255} }},
};

Gfx rpush_rpush_mesh_layer_4_tri_0[] = {
	gsSPVertex(rpush_rpush_mesh_layer_4_vtx_0 + 0, 8, 0),
	gsSP2Triangles(0, 1, 2, 0, 0, 2, 3, 0),
	gsSP2Triangles(4, 5, 6, 0, 4, 6, 7, 0),
	gsSPEndDisplayList(),
};

Vtx rpush_rpush_mesh_layer_4_vtx_1[8] = {
	{{ {-2744, 516, 34}, 0, {-5140, 1826}, {220, 101, 255, 255} }},
	{{ {-1126, 516, 34}, 0, {6132, 1826}, {220, 101, 255, 255} }},
	{{ {-1126, 516, -348}, 0, {6132, -834}, {220, 101, 255, 255} }},
	{{ {-2744, 516, -348}, 0, {-5140, -834}, {220, 101, 255, 255} }},
	{{ {-2744, 505, 34}, 0, {-5140, 1826}, {108, 49, 125, 255} }},
	{{ {-2744, 505, -348}, 0, {-5140, -834}, {108, 49, 125, 255} }},
	{{ {-1126, 505, -348}, 0, {6132, -834}, {108, 49, 125, 255} }},
	{{ {-1126, 505, 34}, 0, {6132, 1826}, {108, 49, 125, 255} }},
};

Gfx rpush_rpush_mesh_layer_4_tri_1[] = {
	gsSPVertex(rpush_rpush_mesh_layer_4_vtx_1 + 0, 8, 0),
	gsSP2Triangles(0, 1, 2, 0, 0, 2, 3, 0),
	gsSP2Triangles(4, 5, 6, 0, 4, 6, 7, 0),
	gsSPEndDisplayList(),
};

Vtx rpush_rpush_mesh_layer_6_vtx_0[12] = {
	{{ {-2744, 516, -348}, 0, {-4763, -795}, {255, 255, 255, 255} }},
	{{ {-2744, 516, 55}, 0, {-4965, 1788}, {255, 255, 255, 255} }},
	{{ {-2744, 0, -137}, 0, {-4197, 1774}, {255, 255, 255, 255} }},
	{{ {-2744, 0, -348}, 0, {-4091, 421}, {255, 255, 255, 255} }},
	{{ {-2180, 516, -348}, 0, {-981, -781}, {255, 255, 255, 255} }},
	{{ {-2180, 0, -348}, 0, {-309, 435}, {255, 255, 255, 255} }},
	{{ {-1290, 0, -148}, 0, {5547, 1740}, {255, 255, 255, 255} }},
	{{ {-2744, 0, -137}, 0, {-4197, 1774}, {255, 255, 255, 255} }},
	{{ {-1337, 0, -257}, 0, {5288, 1036}, {255, 255, 255, 255} }},
	{{ {-1382, 0, -348}, 0, {5034, 454}, {255, 255, 255, 255} }},
	{{ {-1211, 357, -348}, 0, {5710, -385}, {255, 255, 255, 255} }},
	{{ {-1145, 510, -348}, 0, {5954, -743}, {255, 255, 255, 255} }},
};

Gfx rpush_rpush_mesh_layer_6_tri_0[] = {
	gsSPVertex(rpush_rpush_mesh_layer_6_vtx_0 + 0, 12, 0),
	gsSP2Triangles(0, 1, 2, 0, 0, 2, 3, 0),
	gsSP2Triangles(4, 0, 3, 0, 4, 3, 5, 0),
	gsSP2Triangles(6, 5, 3, 0, 3, 7, 6, 0),
	gsSP2Triangles(6, 8, 5, 0, 8, 9, 5, 0),
	gsSP2Triangles(4, 5, 9, 0, 4, 9, 10, 0),
	gsSP1Triangle(11, 4, 10, 0),
	gsSPEndDisplayList(),
};

Vtx rpush_rpush_mesh_layer_0_vtx_0[54] = {
	{{ {-1292, 2869, -2095}, 0, {1574, 1008}, {198, 206, 101, 255} }},
	{{ {2037, 2869, -172}, 0, {3112, 1008}, {198, 206, 101, 255} }},
	{{ {1522, 4061, 125}, 0, {3112, -2}, {198, 206, 101, 255} }},
	{{ {-1292, 4061, -1500}, 0, {1574, -2}, {198, 206, 101, 255} }},
	{{ {2037, 2869, -172}, 0, {3112, 1008}, {139, 206, 0, 255} }},
	{{ {2037, 2869, 3672}, 0, {4649, 1008}, {139, 206, 0, 255} }},
	{{ {1522, 4061, 3374}, 0, {4649, -2}, {139, 206, 0, 255} }},
	{{ {1522, 4061, 125}, 0, {3112, -2}, {139, 206, 0, 255} }},
	{{ {2037, 2869, 3672}, 0, {-4575, 1008}, {198, 206, 155, 255} }},
	{{ {-1292, 2869, 5594}, 0, {-3038, 1008}, {198, 206, 155, 255} }},
	{{ {-1292, 4061, 4999}, 0, {-3038, -2}, {198, 206, 155, 255} }},
	{{ {1522, 4061, 3374}, 0, {-4575, -2}, {198, 206, 155, 255} }},
	{{ {-1292, 2869, 5594}, 0, {-3038, 1008}, {58, 206, 155, 255} }},
	{{ {-4621, 2869, 3672}, 0, {-1500, 1008}, {58, 206, 155, 255} }},
	{{ {-4106, 4061, 3374}, 0, {-1500, -2}, {58, 206, 155, 255} }},
	{{ {-1292, 4061, 4999}, 0, {-3038, -2}, {58, 206, 155, 255} }},
	{{ {-4621, 2869, 3672}, 0, {-1500, 1008}, {117, 206, 0, 255} }},
	{{ {-4621, 2869, -172}, 0, {37, 1008}, {117, 206, 0, 255} }},
	{{ {-4106, 4061, 125}, 0, {37, -2}, {117, 206, 0, 255} }},
	{{ {-4106, 4061, 3374}, 0, {-1500, -2}, {117, 206, 0, 255} }},
	{{ {-4621, 2869, -172}, 0, {37, 1008}, {58, 206, 101, 255} }},
	{{ {-1292, 2869, -2095}, 0, {1574, 1008}, {58, 206, 101, 255} }},
	{{ {-1292, 4061, -1500}, 0, {1574, -2}, {58, 206, 101, 255} }},
	{{ {-4106, 4061, 125}, 0, {37, -2}, {58, 206, 101, 255} }},
	{{ {-4621, 1677, -172}, 0, {37, 2018}, {63, 0, 110, 255} }},
	{{ {-1292, 1677, -2095}, 0, {1574, 2018}, {63, 0, 110, 255} }},
	{{ {-1292, 2869, -2095}, 0, {1574, 1008}, {63, 0, 110, 255} }},
	{{ {-4621, 2869, -172}, 0, {37, 1008}, {63, 0, 110, 255} }},
	{{ {-4621, 1677, 3672}, 0, {-1500, 2018}, {127, 0, 0, 255} }},
	{{ {-4621, 1677, -172}, 0, {37, 2018}, {127, 0, 0, 255} }},
	{{ {-4621, 2869, -172}, 0, {37, 1008}, {127, 0, 0, 255} }},
	{{ {-4621, 2869, 3672}, 0, {-1500, 1008}, {127, 0, 0, 255} }},
	{{ {-1292, 1677, 5594}, 0, {-3038, 2018}, {63, 0, 146, 255} }},
	{{ {-4621, 1677, 3672}, 0, {-1500, 2018}, {63, 0, 146, 255} }},
	{{ {-4621, 2869, 3672}, 0, {-1500, 1008}, {63, 0, 146, 255} }},
	{{ {-1292, 2869, 5594}, 0, {-3038, 1008}, {63, 0, 146, 255} }},
	{{ {2037, 1677, 3672}, 0, {-4575, 2018}, {193, 0, 146, 255} }},
	{{ {-1292, 1677, 5594}, 0, {-3038, 2018}, {193, 0, 146, 255} }},
	{{ {-1292, 2869, 5594}, 0, {-3038, 1008}, {193, 0, 146, 255} }},
	{{ {2037, 2869, 3672}, 0, {-4575, 1008}, {193, 0, 146, 255} }},
	{{ {2037, 1677, -172}, 0, {3112, 2018}, {129, 0, 0, 255} }},
	{{ {2037, 1677, 3672}, 0, {4649, 2018}, {129, 0, 0, 255} }},
	{{ {2037, 2869, 3672}, 0, {4649, 1008}, {129, 0, 0, 255} }},
	{{ {2037, 2869, -172}, 0, {3112, 1008}, {129, 0, 0, 255} }},
	{{ {-1292, 1677, -2095}, 0, {1574, 2018}, {193, 0, 110, 255} }},
	{{ {2037, 1677, -172}, 0, {3112, 2018}, {193, 0, 110, 255} }},
	{{ {2037, 2869, -172}, 0, {3112, 1008}, {193, 0, 110, 255} }},
	{{ {-1292, 2869, -2095}, 0, {1574, 1008}, {193, 0, 110, 255} }},
	{{ {-1292, 4061, -1500}, 0, {1574, -2}, {0, 129, 0, 255} }},
	{{ {1522, 4061, 125}, 0, {3112, -2}, {0, 129, 0, 255} }},
	{{ {1522, 4061, 3374}, 0, {4649, -2}, {0, 129, 0, 255} }},
	{{ {-4106, 4061, 3374}, 0, {-1500, -2}, {0, 129, 0, 255} }},
	{{ {-1292, 4061, 4999}, 0, {-3038, -2}, {0, 129, 0, 255} }},
	{{ {-4106, 4061, 125}, 0, {37, -2}, {0, 129, 0, 255} }},
};

Gfx rpush_rpush_mesh_layer_0_tri_0[] = {
	gsSPVertex(rpush_rpush_mesh_layer_0_vtx_0 + 0, 32, 0),
	gsSP2Triangles(0, 1, 2, 0, 0, 2, 3, 0),
	gsSP2Triangles(4, 5, 6, 0, 4, 6, 7, 0),
	gsSP2Triangles(8, 9, 10, 0, 8, 10, 11, 0),
	gsSP2Triangles(12, 13, 14, 0, 12, 14, 15, 0),
	gsSP2Triangles(16, 17, 18, 0, 16, 18, 19, 0),
	gsSP2Triangles(20, 21, 22, 0, 20, 22, 23, 0),
	gsSP2Triangles(24, 25, 26, 0, 24, 26, 27, 0),
	gsSP2Triangles(28, 29, 30, 0, 28, 30, 31, 0),
	gsSPVertex(rpush_rpush_mesh_layer_0_vtx_0 + 32, 22, 0),
	gsSP2Triangles(0, 1, 2, 0, 0, 2, 3, 0),
	gsSP2Triangles(4, 5, 6, 0, 4, 6, 7, 0),
	gsSP2Triangles(8, 9, 10, 0, 8, 10, 11, 0),
	gsSP2Triangles(12, 13, 14, 0, 12, 14, 15, 0),
	gsSP2Triangles(16, 17, 18, 0, 18, 19, 16, 0),
	gsSP2Triangles(18, 20, 19, 0, 19, 21, 16, 0),
	gsSPEndDisplayList(),
};


Gfx mat_rpush_desertsand[] = {
	gsSPClearGeometryMode(G_LIGHTING),
	gsDPPipeSync(),
	gsDPSetCombineLERP(TEXEL0, 0, SHADE, 0, ENVIRONMENT, 0, SHADE, 0, TEXEL0, 0, SHADE, 0, ENVIRONMENT, 0, SHADE, 0),
	gsDPSetAlphaDither(G_AD_NOISE),
	gsDPSetTextureLUT(G_TT_RGBA16),
	gsSPTexture(65535, 65535, 0, 0, 1),
	gsDPSetTextureImage(G_IM_FMT_RGBA, G_IM_SIZ_16b, 1, rpush_desertSand_pal_rgba16),
	gsDPSetTile(0, 0, 0, 256, 5, 0, G_TX_WRAP | G_TX_NOMIRROR, 0, 0, G_TX_WRAP | G_TX_NOMIRROR, 0, 0),
	gsDPLoadTLUTCmd(5, 23),
	gsDPSetTextureImage(G_IM_FMT_CI, G_IM_SIZ_8b_LOAD_BLOCK, 1, rpush_desertSand_ci8),
	gsDPSetTile(G_IM_FMT_CI, G_IM_SIZ_8b_LOAD_BLOCK, 0, 0, 7, 0, G_TX_WRAP | G_TX_NOMIRROR, 0, 0, G_TX_WRAP | G_TX_NOMIRROR, 0, 0),
	gsDPLoadBlock(7, 0, 0, 1023, 256),
	gsDPSetTile(G_IM_FMT_CI, G_IM_SIZ_8b, 8, 0, 0, 0, G_TX_WRAP | G_TX_NOMIRROR, 5, 0, G_TX_WRAP | G_TX_NOMIRROR, 6, 0),
	gsDPSetTileSize(0, 0, 0, 252, 124),
	gsSPEndDisplayList(),
};

Gfx mat_revert_rpush_desertsand[] = {
	gsSPSetGeometryMode(G_LIGHTING),
	gsDPPipeSync(),
	gsDPSetAlphaDither(G_AD_DISABLE),
	gsDPSetTextureLUT(G_TT_NONE),
	gsSPEndDisplayList(),
};

Gfx mat_rpush_dungeonbricks[] = {
	gsSPClearGeometryMode(G_LIGHTING),
	gsDPPipeSync(),
	gsDPSetCombineLERP(TEXEL0, 0, SHADE, 0, ENVIRONMENT, 0, SHADE, 0, TEXEL0, 0, SHADE, 0, ENVIRONMENT, 0, SHADE, 0),
	gsDPSetAlphaDither(G_AD_NOISE),
	gsSPTexture(65535, 65535, 0, 0, 1),
	gsDPSetTextureImage(G_IM_FMT_RGBA, G_IM_SIZ_16b_LOAD_BLOCK, 1, gDungeonTextureBrick),
	gsDPSetTile(G_IM_FMT_RGBA, G_IM_SIZ_16b_LOAD_BLOCK, 0, 0, 7, 0, G_TX_WRAP | G_TX_NOMIRROR, 0, 0, G_TX_WRAP | G_TX_NOMIRROR, 0, 0),
	gsDPLoadBlock(7, 0, 0, 2047, 128),
	gsDPSetTile(G_IM_FMT_RGBA, G_IM_SIZ_16b, 16, 0, 0, 0, G_TX_WRAP | G_TX_NOMIRROR, 5, 0, G_TX_WRAP | G_TX_NOMIRROR, 6, 0),
	gsDPSetTileSize(0, 0, 0, 252, 124),
	gsSPEndDisplayList(),
};

Gfx mat_revert_rpush_dungeonbricks[] = {
	gsSPSetGeometryMode(G_LIGHTING),
	gsDPPipeSync(),
	gsDPSetAlphaDither(G_AD_DISABLE),
	gsSPEndDisplayList(),
};

Gfx mat_rpush_dungeontiles[] = {
	gsSPClearGeometryMode(G_LIGHTING),
	gsDPPipeSync(),
	gsDPSetCombineLERP(TEXEL0, 0, SHADE, 0, ENVIRONMENT, 0, SHADE, 0, TEXEL0, 0, SHADE, 0, ENVIRONMENT, 0, SHADE, 0),
	gsDPSetAlphaDither(G_AD_NOISE),
	gsSPTexture(65535, 65535, 0, 0, 1),
	gsDPSetTextureImage(G_IM_FMT_RGBA, G_IM_SIZ_16b_LOAD_BLOCK, 1, gDungeonTextureTile),
	gsDPSetTile(G_IM_FMT_RGBA, G_IM_SIZ_16b_LOAD_BLOCK, 0, 0, 7, 0, G_TX_WRAP | G_TX_NOMIRROR, 0, 0, G_TX_WRAP | G_TX_NOMIRROR, 0, 0),
	gsDPLoadBlock(7, 0, 0, 1023, 256),
	gsDPSetTile(G_IM_FMT_RGBA, G_IM_SIZ_16b, 8, 0, 0, 0, G_TX_WRAP | G_TX_NOMIRROR, 5, 0, G_TX_WRAP | G_TX_NOMIRROR, 5, 0),
	gsDPSetTileSize(0, 0, 0, 124, 124),
	gsSPEndDisplayList(),
};

Gfx mat_revert_rpush_dungeontiles[] = {
	gsSPSetGeometryMode(G_LIGHTING),
	gsDPPipeSync(),
	gsDPSetAlphaDither(G_AD_DISABLE),
	gsSPEndDisplayList(),
};

Gfx mat_rpush_dungeonshingles[] = {
	gsSPClearGeometryMode(G_LIGHTING),
	gsDPPipeSync(),
	gsDPSetCombineLERP(TEXEL0, 0, SHADE, 0, ENVIRONMENT, 0, SHADE, 0, TEXEL0, 0, SHADE, 0, ENVIRONMENT, 0, SHADE, 0),
	gsDPSetAlphaDither(G_AD_NOISE),
	gsSPTexture(65535, 65535, 0, 0, 1),
	gsDPSetTextureImage(G_IM_FMT_RGBA, G_IM_SIZ_16b_LOAD_BLOCK, 1, gDungeonTextureShingles),
	gsDPSetTile(G_IM_FMT_RGBA, G_IM_SIZ_16b_LOAD_BLOCK, 0, 0, 7, 0, G_TX_WRAP | G_TX_NOMIRROR, 0, 0, G_TX_WRAP | G_TX_NOMIRROR, 0, 0),
	gsDPLoadBlock(7, 0, 0, 1023, 256),
	gsDPSetTile(G_IM_FMT_RGBA, G_IM_SIZ_16b, 8, 0, 0, 0, G_TX_WRAP | G_TX_NOMIRROR, 5, 0, G_TX_WRAP | G_TX_NOMIRROR, 5, 0),
	gsDPSetTileSize(0, 0, 0, 124, 124),
	gsSPEndDisplayList(),
};

Gfx mat_revert_rpush_dungeonshingles[] = {
	gsSPSetGeometryMode(G_LIGHTING),
	gsDPPipeSync(),
	gsDPSetAlphaDither(G_AD_DISABLE),
	gsSPEndDisplayList(),
};

Gfx mat_rpush_desertTrim[] = {
	gsSPClearGeometryMode(G_LIGHTING),
	gsDPPipeSync(),
	gsDPSetCombineLERP(TEXEL0, 0, SHADE, 0, ENVIRONMENT, 0, SHADE, 0, TEXEL0, 0, SHADE, 0, ENVIRONMENT, 0, SHADE, 0),
	gsDPSetAlphaDither(G_AD_NOISE),
	gsSPTexture(65535, 65535, 0, 0, 1),
	gsDPSetTextureImage(G_IM_FMT_RGBA, G_IM_SIZ_16b_LOAD_BLOCK, 1, rpush_desertTrim_rgba16),
	gsDPSetTile(G_IM_FMT_RGBA, G_IM_SIZ_16b_LOAD_BLOCK, 0, 0, 7, 0, G_TX_WRAP | G_TX_NOMIRROR, 0, 0, G_TX_WRAP | G_TX_NOMIRROR, 0, 0),
	gsDPLoadBlock(7, 0, 0, 2047, 128),
	gsDPSetTile(G_IM_FMT_RGBA, G_IM_SIZ_16b, 16, 0, 0, 0, G_TX_WRAP | G_TX_NOMIRROR, 5, 0, G_TX_WRAP | G_TX_NOMIRROR, 6, 0),
	gsDPSetTileSize(0, 0, 0, 252, 124),
	gsSPEndDisplayList(),
};

Gfx mat_revert_rpush_desertTrim[] = {
	gsSPSetGeometryMode(G_LIGHTING),
	gsDPPipeSync(),
	gsDPSetAlphaDither(G_AD_DISABLE),
	gsSPEndDisplayList(),
};

Gfx mat_rpush_cactus[] = {
	gsSPClearGeometryMode(G_LIGHTING),
	gsDPPipeSync(),
	gsDPSetCombineLERP(TEXEL0, 0, SHADE, 0, ENVIRONMENT, 0, SHADE, 0, TEXEL0, 0, SHADE, 0, ENVIRONMENT, 0, SHADE, 0),
	gsDPSetAlphaDither(G_AD_NOISE),
	gsDPSetTextureLUT(G_TT_RGBA16),
	gsSPTexture(65535, 65535, 0, 0, 1),
	gsDPSetTextureImage(G_IM_FMT_RGBA, G_IM_SIZ_16b, 1, rpush_cactusGeometrical_pal_rgba16),
	gsDPSetTile(0, 0, 0, 256, 5, 0, G_TX_WRAP | G_TX_NOMIRROR, 0, 0, G_TX_WRAP | G_TX_NOMIRROR, 0, 0),
	gsDPLoadTLUTCmd(5, 64),
	gsDPSetTextureImage(G_IM_FMT_CI, G_IM_SIZ_8b_LOAD_BLOCK, 1, rpush_cactusGeometrical_ci8),
	gsDPSetTile(G_IM_FMT_CI, G_IM_SIZ_8b_LOAD_BLOCK, 0, 0, 7, 0, G_TX_WRAP | G_TX_NOMIRROR, 0, 0, G_TX_WRAP | G_TX_NOMIRROR, 0, 0),
	gsDPLoadBlock(7, 0, 0, 511, 512),
	gsDPSetTile(G_IM_FMT_CI, G_IM_SIZ_8b, 4, 0, 0, 0, G_TX_WRAP | G_TX_NOMIRROR, 5, 0, G_TX_WRAP | G_TX_NOMIRROR, 5, 0),
	gsDPSetTileSize(0, 0, 0, 124, 124),
	gsSPEndDisplayList(),
};

Gfx mat_revert_rpush_cactus[] = {
	gsSPSetGeometryMode(G_LIGHTING),
	gsDPPipeSync(),
	gsDPSetAlphaDither(G_AD_DISABLE),
	gsDPSetTextureLUT(G_TT_NONE),
	gsSPEndDisplayList(),
};

Gfx mat_rpush_cacflower[] = {
	gsSPClearGeometryMode(G_LIGHTING | G_CULL_BACK),
	gsDPPipeSync(),
	gsDPSetCombineLERP(TEXEL0, 0, SHADE, 0, TEXEL0, 0, ENVIRONMENT, 0, TEXEL0, 0, SHADE, 0, TEXEL0, 0, ENVIRONMENT, 0),
	gsDPSetAlphaDither(G_AD_NOISE),
	gsSPTexture(65535, 65535, 0, 0, 1),
	gsDPSetTextureImage(G_IM_FMT_RGBA, G_IM_SIZ_16b_LOAD_BLOCK, 1, rpush_cactusflower_rgba16),
	gsDPSetTile(G_IM_FMT_RGBA, G_IM_SIZ_16b_LOAD_BLOCK, 0, 0, 7, 0, G_TX_WRAP | G_TX_NOMIRROR, 0, 0, G_TX_WRAP | G_TX_NOMIRROR, 0, 0),
	gsDPLoadBlock(7, 0, 0, 2047, 128),
	gsDPSetTile(G_IM_FMT_RGBA, G_IM_SIZ_16b, 16, 0, 0, 0, G_TX_WRAP | G_TX_NOMIRROR, 5, 0, G_TX_WRAP | G_TX_NOMIRROR, 6, 0),
	gsDPSetTileSize(0, 0, 0, 252, 124),
	gsSPEndDisplayList(),
};

Gfx mat_revert_rpush_cacflower[] = {
	gsSPSetGeometryMode(G_LIGHTING | G_CULL_BACK),
	gsDPPipeSync(),
	gsDPSetAlphaDither(G_AD_DISABLE),
	gsSPEndDisplayList(),
};

Gfx mat_rpush_grateshadow[] = {
	gsSPClearGeometryMode(G_LIGHTING),
	gsDPPipeSync(),
	gsDPSetCombineLERP(0, 0, 0, 0, PRIMITIVE, 0, TEXEL0, 0, 0, 0, 0, 0, PRIMITIVE, 0, TEXEL0, 0),
	gsDPSetAlphaDither(G_AD_NOISE),
	gsSPTexture(65535, 65535, 0, 0, 1),
	gsDPSetPrimColor(0, 0, 255, 255, 255, 128),
	gsDPSetTextureImage(G_IM_FMT_IA, G_IM_SIZ_8b_LOAD_BLOCK, 1, rpush_ChainLink_ia8),
	gsDPSetTile(G_IM_FMT_IA, G_IM_SIZ_8b_LOAD_BLOCK, 0, 0, 7, 0, G_TX_WRAP | G_TX_NOMIRROR, 0, 0, G_TX_WRAP | G_TX_NOMIRROR, 0, 0),
	gsDPLoadBlock(7, 0, 0, 511, 512),
	gsDPSetTile(G_IM_FMT_IA, G_IM_SIZ_8b, 4, 0, 0, 0, G_TX_WRAP | G_TX_NOMIRROR, 5, 0, G_TX_WRAP | G_TX_NOMIRROR, 5, 0),
	gsDPSetTileSize(0, 0, 0, 124, 124),
	gsSPEndDisplayList(),
};

Gfx mat_revert_rpush_grateshadow[] = {
	gsSPSetGeometryMode(G_LIGHTING),
	gsDPPipeSync(),
	gsDPSetAlphaDither(G_AD_DISABLE),
	gsSPEndDisplayList(),
};

Gfx mat_rpush_grateb[] = {
	gsSPClearGeometryMode(G_LIGHTING),
	gsDPPipeSync(),
	gsDPSetCombineLERP(TEXEL0, 0, SHADE, 0, TEXEL0, 0, ENVIRONMENT, 0, TEXEL0, 0, SHADE, 0, TEXEL0, 0, ENVIRONMENT, 0),
	gsDPSetAlphaDither(G_AD_NOISE),
	gsSPTexture(65535, 65535, 0, 0, 1),
	gsDPSetTextureImage(G_IM_FMT_IA, G_IM_SIZ_8b_LOAD_BLOCK, 1, rpush_ChainLinkBright_ia8),
	gsDPSetTile(G_IM_FMT_IA, G_IM_SIZ_8b_LOAD_BLOCK, 0, 0, 7, 0, G_TX_WRAP | G_TX_NOMIRROR, 0, 0, G_TX_WRAP | G_TX_NOMIRROR, 0, 0),
	gsDPLoadBlock(7, 0, 0, 511, 512),
	gsDPSetTile(G_IM_FMT_IA, G_IM_SIZ_8b, 4, 0, 0, 0, G_TX_WRAP | G_TX_NOMIRROR, 5, 0, G_TX_WRAP | G_TX_NOMIRROR, 5, 0),
	gsDPSetTileSize(0, 0, 0, 124, 124),
	gsSPEndDisplayList(),
};

Gfx mat_revert_rpush_grateb[] = {
	gsSPSetGeometryMode(G_LIGHTING),
	gsDPPipeSync(),
	gsDPSetAlphaDither(G_AD_DISABLE),
	gsSPEndDisplayList(),
};

Gfx mat_rpush_fakeskybox_layer0[] = {
	gsDPPipeSync(),
	gsDPSetCombineLERP(0, 0, 0, TEXEL0, 0, 0, 0, ENVIRONMENT, 0, 0, 0, TEXEL0, 0, 0, 0, ENVIRONMENT),
	gsDPSetAlphaDither(G_AD_NOISE),
	gsDPSetTextureLUT(G_TT_RGBA16),
	gsDPSetRenderMode(G_RM_OPA_SURF, G_RM_OPA_SURF2),
	gsSPTexture(65535, 65535, 0, 0, 1),
	gsDPSetTextureImage(G_IM_FMT_RGBA, G_IM_SIZ_16b, 1, rpush_fakeskybox_pal_rgba16),
	gsDPSetTile(0, 0, 0, 256, 5, 0, G_TX_WRAP | G_TX_NOMIRROR, 0, 0, G_TX_WRAP | G_TX_NOMIRROR, 0, 0),
	gsDPLoadTLUTCmd(5, 204),
	gsDPSetTextureImage(G_IM_FMT_CI, G_IM_SIZ_8b_LOAD_BLOCK, 1, rpush_fakeskybox_ci8),
	gsDPSetTile(G_IM_FMT_CI, G_IM_SIZ_8b_LOAD_BLOCK, 0, 0, 7, 0, G_TX_WRAP | G_TX_NOMIRROR, 0, 0, G_TX_WRAP | G_TX_NOMIRROR, 0, 0),
	gsDPLoadBlock(7, 0, 0, 1023, 512),
	gsDPSetTile(G_IM_FMT_CI, G_IM_SIZ_8b, 4, 0, 0, 0, G_TX_CLAMP | G_TX_NOMIRROR, 6, 0, G_TX_WRAP | G_TX_NOMIRROR, 5, 0),
	gsDPSetTileSize(0, 0, 0, 124, 252),
	gsSPEndDisplayList(),
};

Gfx mat_revert_rpush_fakeskybox_layer0[] = {
	gsDPPipeSync(),
	gsDPSetAlphaDither(G_AD_DISABLE),
	gsDPSetTextureLUT(G_TT_NONE),
	gsDPSetRenderMode(G_RM_ZB_OPA_SURF, G_RM_ZB_OPA_SURF2),
	gsSPEndDisplayList(),
};

Gfx mat_rpush_smb3corner[] = {
	gsSPClearGeometryMode(G_LIGHTING),
	gsDPPipeSync(),
	gsDPSetCombineLERP(TEXEL0, 0, SHADE, 0, ENVIRONMENT, 0, SHADE, 0, TEXEL0, 0, SHADE, 0, ENVIRONMENT, 0, SHADE, 0),
	gsDPSetAlphaDither(G_AD_NOISE),
	gsSPTexture(65535, 65535, 0, 0, 1),
	gsDPSetTextureImage(G_IM_FMT_I, G_IM_SIZ_8b_LOAD_BLOCK, 1, rpush_smb3corner_i8),
	gsDPSetTile(G_IM_FMT_I, G_IM_SIZ_8b_LOAD_BLOCK, 0, 0, 7, 0, G_TX_WRAP | G_TX_NOMIRROR, 0, 0, G_TX_WRAP | G_TX_NOMIRROR, 0, 0),
	gsDPLoadBlock(7, 0, 0, 127, 1024),
	gsDPSetTile(G_IM_FMT_I, G_IM_SIZ_8b, 2, 0, 0, 0, G_TX_WRAP | G_TX_NOMIRROR, 4, 0, G_TX_WRAP | G_TX_NOMIRROR, 4, 0),
	gsDPSetTileSize(0, 0, 0, 60, 60),
	gsSPEndDisplayList(),
};

Gfx mat_revert_rpush_smb3corner[] = {
	gsSPSetGeometryMode(G_LIGHTING),
	gsDPPipeSync(),
	gsDPSetAlphaDither(G_AD_DISABLE),
	gsSPEndDisplayList(),
};

Gfx mat_rpush_smb3line[] = {
	gsSPClearGeometryMode(G_LIGHTING),
	gsDPPipeSync(),
	gsDPSetCombineLERP(TEXEL0, 0, SHADE, 0, ENVIRONMENT, 0, SHADE, 0, TEXEL0, 0, SHADE, 0, ENVIRONMENT, 0, SHADE, 0),
	gsDPSetAlphaDither(G_AD_NOISE),
	gsSPTexture(65535, 65535, 0, 0, 1),
	gsDPSetTextureImage(G_IM_FMT_I, G_IM_SIZ_8b_LOAD_BLOCK, 1, rpush_smb3line_i8),
	gsDPSetTile(G_IM_FMT_I, G_IM_SIZ_8b_LOAD_BLOCK, 0, 0, 7, 0, G_TX_WRAP | G_TX_NOMIRROR, 0, 0, G_TX_WRAP | G_TX_NOMIRROR, 0, 0),
	gsDPLoadBlock(7, 0, 0, 127, 1024),
	gsDPSetTile(G_IM_FMT_I, G_IM_SIZ_8b, 2, 0, 0, 0, G_TX_WRAP | G_TX_NOMIRROR, 4, 0, G_TX_WRAP | G_TX_NOMIRROR, 4, 0),
	gsDPSetTileSize(0, 0, 0, 60, 60),
	gsSPEndDisplayList(),
};

Gfx mat_revert_rpush_smb3line[] = {
	gsSPSetGeometryMode(G_LIGHTING),
	gsDPPipeSync(),
	gsDPSetAlphaDither(G_AD_DISABLE),
	gsSPEndDisplayList(),
};

Gfx rpush_rpush_mesh_layer_1[] = {
	gsSPDisplayList(mat_rpush_desertsand),
	gsSPDisplayList(rpush_rpush_mesh_layer_1_tri_0),
	gsSPDisplayList(mat_revert_rpush_desertsand),
	gsSPDisplayList(mat_rpush_dungeonbricks),
	gsSPDisplayList(rpush_rpush_mesh_layer_1_tri_1),
	gsSPDisplayList(mat_revert_rpush_dungeonbricks),
	gsSPDisplayList(mat_rpush_dungeontiles),
	gsSPDisplayList(rpush_rpush_mesh_layer_1_tri_2),
	gsSPDisplayList(mat_revert_rpush_dungeontiles),
	gsSPDisplayList(mat_rpush_dungeonshingles),
	gsSPDisplayList(rpush_rpush_mesh_layer_1_tri_3),
	gsSPDisplayList(mat_revert_rpush_dungeonshingles),
	gsSPDisplayList(mat_rpush_desertTrim),
	gsSPDisplayList(rpush_rpush_mesh_layer_1_tri_4),
	gsSPDisplayList(mat_revert_rpush_desertTrim),
	gsSPDisplayList(mat_rpush_cactus),
	gsSPDisplayList(rpush_rpush_mesh_layer_1_tri_5),
	gsSPDisplayList(mat_revert_rpush_cactus),
	gsSPDisplayList(mat_rpush_smb3corner),
	gsSPDisplayList(rpush_rpush_mesh_layer_1_tri_6),
	gsSPDisplayList(mat_revert_rpush_smb3corner),
	gsSPDisplayList(mat_rpush_smb3line),
	gsSPDisplayList(rpush_rpush_mesh_layer_1_tri_7),
	gsSPDisplayList(mat_revert_rpush_smb3line),
	gsDPPipeSync(),
	gsSPSetGeometryMode(G_LIGHTING),
	gsSPClearGeometryMode(G_TEXTURE_GEN),
	gsDPSetCombineLERP(0, 0, 0, SHADE, 0, 0, 0, ENVIRONMENT, 0, 0, 0, SHADE, 0, 0, 0, ENVIRONMENT),
	gsSPTexture(65535, 65535, 0, 0, 0),
	gsDPSetEnvColor(255, 255, 255, 255),
	gsDPSetAlphaCompare(G_AC_NONE),
	gsSPEndDisplayList(),
};

Gfx rpush_rpush_mesh_layer_4[] = {
	gsSPDisplayList(mat_rpush_cacflower),
	gsSPDisplayList(rpush_rpush_mesh_layer_4_tri_0),
	gsSPDisplayList(mat_revert_rpush_cacflower),
	gsSPDisplayList(mat_rpush_grateb),
	gsSPDisplayList(rpush_rpush_mesh_layer_4_tri_1),
	gsSPDisplayList(mat_revert_rpush_grateb),
	gsDPPipeSync(),
	gsSPSetGeometryMode(G_LIGHTING),
	gsSPClearGeometryMode(G_TEXTURE_GEN),
	gsDPSetCombineLERP(0, 0, 0, SHADE, 0, 0, 0, ENVIRONMENT, 0, 0, 0, SHADE, 0, 0, 0, ENVIRONMENT),
	gsSPTexture(65535, 65535, 0, 0, 0),
	gsDPSetEnvColor(255, 255, 255, 255),
	gsDPSetAlphaCompare(G_AC_NONE),
	gsSPEndDisplayList(),
};

Gfx rpush_rpush_mesh_layer_6[] = {
	gsSPDisplayList(mat_rpush_grateshadow),
	gsSPDisplayList(rpush_rpush_mesh_layer_6_tri_0),
	gsSPDisplayList(mat_revert_rpush_grateshadow),
	gsDPPipeSync(),
	gsSPSetGeometryMode(G_LIGHTING),
	gsSPClearGeometryMode(G_TEXTURE_GEN),
	gsDPSetCombineLERP(0, 0, 0, SHADE, 0, 0, 0, ENVIRONMENT, 0, 0, 0, SHADE, 0, 0, 0, ENVIRONMENT),
	gsSPTexture(65535, 65535, 0, 0, 0),
	gsDPSetEnvColor(255, 255, 255, 255),
	gsDPSetAlphaCompare(G_AC_NONE),
	gsSPEndDisplayList(),
};

Gfx rpush_rpush_mesh_layer_0[] = {
	gsSPDisplayList(mat_rpush_fakeskybox_layer0),
	gsSPDisplayList(rpush_rpush_mesh_layer_0_tri_0),
	gsSPDisplayList(mat_revert_rpush_fakeskybox_layer0),
	gsDPPipeSync(),
	gsSPSetGeometryMode(G_LIGHTING),
	gsSPClearGeometryMode(G_TEXTURE_GEN),
	gsDPSetCombineLERP(0, 0, 0, SHADE, 0, 0, 0, ENVIRONMENT, 0, 0, 0, SHADE, 0, 0, 0, ENVIRONMENT),
	gsSPTexture(65535, 65535, 0, 0, 0),
	gsDPSetEnvColor(255, 255, 255, 255),
	gsDPSetAlphaCompare(G_AC_NONE),
	gsSPEndDisplayList(),
};

