Gfx rlongjump_itimatu2_ci8_aligner[] = {gsSPEndDisplayList()};
u8 rlongjump_itimatu2_ci8[] = {
	0x00, 0x00, 0x00, 0x00, 0x00, 0x00, 0x00, 0x00, 
	0x00, 0x00, 0x00, 0x00, 0x00, 0x00, 0x00, 0x00, 
	0x01, 0x01, 0x01, 0x01, 0x01, 0x01, 0x01, 0x01, 
	0x01, 0x01, 0x01, 0x01, 0x01, 0x01, 0x01, 0x02, 
	0x00, 0x03, 0x03, 0x04, 0x05, 0x05, 0x05, 0x06, 
	0x07, 0x07, 0x08, 0x09, 0x09, 0x00, 0x00, 0x00, 
	0x01, 0x02, 0x02, 0x02, 0x0a, 0x0a, 0x0a, 0x0a, 
	0x0b, 0x0b, 0x0c, 0x0c, 0x0d, 0x0d, 0x0d, 0x02, 
	0x00, 0x03, 0x04, 0x04, 0x05, 0x05, 0x06, 0x06, 
	0x07, 0x08, 0x09, 0x09, 0x00, 0x00, 0x00, 0x00, 
	0x01, 0x02, 0x02, 0x02, 0x0a, 0x0a, 0x0a, 0x0b, 
	0x0b, 0x0c, 0x0c, 0x0e, 0x0d, 0x0d, 0x0f, 0x02, 
	0x00, 0x04, 0x04, 0x05, 0x05, 0x06, 0x06, 0x10, 
	0x08, 0x09, 0x09, 0x00, 0x00, 0x00, 0x09, 0x00, 
	0x01, 0x02, 0x02, 0x0a, 0x0a, 0x0a, 0x0b, 0x0b, 
	0x0c, 0x0c, 0x0e, 0x0e, 0x0d, 0x0d, 0x0f, 0x02, 
	0x00, 0x05, 0x05, 0x05, 0x06, 0x06, 0x10, 0x08, 
	0x08, 0x09, 0x00, 0x00, 0x00, 0x09, 0x09, 0x00, 
	0x01, 0x0a, 0x0a, 0x0a, 0x0b, 0x0b, 0x0b, 0x0b, 
	0x0e, 0x0e, 0x0e, 0x0d, 0x0f, 0x0f, 0x11, 0x02, 
	0x00, 0x05, 0x05, 0x06, 0x06, 0x10, 0x08, 0x08, 
	0x09, 0x00, 0x00, 0x00, 0x09, 0x09, 0x08, 0x00, 
	0x01, 0x0a, 0x0a, 0x0b, 0x0b, 0x0b, 0x0b, 0x0c, 
	0x0e, 0x0e, 0x0d, 0x0d, 0x0f, 0x11, 0x11, 0x02, 
	0x00, 0x05, 0x06, 0x06, 0x10, 0x08, 0x08, 0x09, 
	0x00, 0x00, 0x00, 0x09, 0x09, 0x08, 0x07, 0x00, 
	0x01, 0x0a, 0x0a, 0x0b, 0x0b, 0x0b, 0x0c, 0x0e, 
	0x0e, 0x0d, 0x0d, 0x0f, 0x11, 0x11, 0x12, 0x02, 
	0x00, 0x06, 0x06, 0x10, 0x08, 0x08, 0x09, 0x09, 
	0x00, 0x00, 0x09, 0x08, 0x08, 0x07, 0x07, 0x00, 
	0x01, 0x0a, 0x0b, 0x0b, 0x0b, 0x0c, 0x0e, 0x0e, 
	0x0d, 0x0d, 0x0f, 0x0f, 0x11, 0x12, 0x12, 0x02, 
	0x00, 0x07, 0x07, 0x08, 0x08, 0x09, 0x00, 0x00, 
	0x09, 0x09, 0x09, 0x08, 0x07, 0x07, 0x13, 0x00, 
	0x01, 0x0b, 0x0b, 0x0c, 0x0e, 0x0e, 0x0e, 0x0d, 
	0x0f, 0x0f, 0x11, 0x11, 0x12, 0x12, 0x14, 0x02, 
	0x00, 0x07, 0x08, 0x09, 0x09, 0x00, 0x00, 0x00, 
	0x09, 0x09, 0x08, 0x10, 0x07, 0x13, 0x13, 0x00, 
	0x01, 0x0b, 0x0c, 0x0c, 0x0e, 0x0e, 0x0d, 0x0d, 
	0x0f, 0x11, 0x11, 0x12, 0x12, 0x14, 0x14, 0x02, 
	0x00, 0x08, 0x09, 0x09, 0x00, 0x00, 0x00, 0x00, 
	0x09, 0x08, 0x10, 0x06, 0x13, 0x13, 0x15, 0x00, 
	0x01, 0x0c, 0x0c, 0x0e, 0x0e, 0x0d, 0x0d, 0x0f, 
	0x11, 0x11, 0x12, 0x12, 0x14, 0x14, 0x16, 0x02, 
	0x00, 0x09, 0x09, 0x00, 0x00, 0x00, 0x09, 0x08, 
	0x08, 0x10, 0x06, 0x06, 0x13, 0x15, 0x15, 0x00, 
	0x01, 0x0c, 0x0e, 0x0e, 0x0d, 0x0d, 0x0f, 0x0f, 
	0x11, 0x12, 0x12, 0x14, 0x14, 0x16, 0x16, 0x02, 
	0x00, 0x09, 0x00, 0x00, 0x00, 0x09, 0x09, 0x08, 
	0x07, 0x07, 0x13, 0x13, 0x15, 0x03, 0x03, 0x00, 
	0x01, 0x0e, 0x0e, 0x17, 0x0f, 0x0f, 0x11, 0x11, 
	0x12, 0x12, 0x14, 0x14, 0x16, 0x16, 0x18, 0x02, 
	0x00, 0x00, 0x00, 0x00, 0x09, 0x09, 0x08, 0x07, 
	0x07, 0x13, 0x13, 0x15, 0x03, 0x03, 0x19, 0x00, 
	0x01, 0x0e, 0x17, 0x17, 0x0f, 0x11, 0x11, 0x12, 
	0x12, 0x14, 0x14, 0x16, 0x16, 0x18, 0x18, 0x02, 
	0x00, 0x00, 0x00, 0x09, 0x09, 0x08, 0x07, 0x07, 
	0x13, 0x13, 0x15, 0x15, 0x03, 0x19, 0x19, 0x00, 
	0x01, 0x17, 0x17, 0x17, 0x11, 0x11, 0x12, 0x12, 
	0x14, 0x14, 0x16, 0x16, 0x18, 0x18, 0x18, 0x02, 
	0x00, 0x00, 0x00, 0x00, 0x00, 0x00, 0x00, 0x00, 
	0x00, 0x00, 0x00, 0x00, 0x00, 0x00, 0x00, 0x00, 
	0x02, 0x02, 0x02, 0x02, 0x02, 0x02, 0x02, 0x02, 
	0x02, 0x02, 0x02, 0x02, 0x02, 0x02, 0x02, 0x02, 
	0x01, 0x01, 0x01, 0x01, 0x01, 0x01, 0x01, 0x01, 
	0x01, 0x01, 0x01, 0x01, 0x01, 0x01, 0x01, 0x02, 
	0x00, 0x00, 0x00, 0x00, 0x00, 0x00, 0x00, 0x00, 
	0x00, 0x00, 0x00, 0x00, 0x00, 0x00, 0x00, 0x00, 
	0x01, 0x02, 0x02, 0x02, 0x0b, 0x0b, 0x0b, 0x0b, 
	0x0c, 0x0c, 0x0e, 0x0e, 0x0f, 0x0f, 0x0f, 0x02, 
	0x00, 0x03, 0x03, 0x04, 0x05, 0x05, 0x05, 0x06, 
	0x07, 0x07, 0x08, 0x09, 0x09, 0x00, 0x00, 0x00, 
	0x01, 0x02, 0x02, 0x02, 0x0b, 0x0b, 0x0b, 0x0c, 
	0x0c, 0x0e, 0x0e, 0x0e, 0x0f, 0x0f, 0x0f, 0x02, 
	0x00, 0x03, 0x04, 0x04, 0x05, 0x05, 0x06, 0x06, 
	0x07, 0x08, 0x09, 0x09, 0x00, 0x00, 0x00, 0x00, 
	0x01, 0x02, 0x02, 0x02, 0x0b, 0x0b, 0x0c, 0x0c, 
	0x0e, 0x0e, 0x0e, 0x0d, 0x0f, 0x0f, 0x0f, 0x02, 
	0x00, 0x04, 0x04, 0x05, 0x05, 0x06, 0x06, 0x10, 
	0x08, 0x09, 0x09, 0x00, 0x00, 0x00, 0x09, 0x00, 
	0x01, 0x0b, 0x0b, 0x0b, 0x0c, 0x0c, 0x0c, 0x0c, 
	0x0e, 0x0d, 0x0d, 0x0d, 0x11, 0x11, 0x11, 0x02, 
	0x00, 0x05, 0x05, 0x05, 0x06, 0x06, 0x10, 0x08, 
	0x08, 0x09, 0x00, 0x00, 0x00, 0x09, 0x09, 0x00, 
	0x01, 0x0b, 0x0b, 0x0b, 0x0c, 0x0c, 0x0c, 0x0e, 
	0x0d, 0x0d, 0x0d, 0x0d, 0x11, 0x11, 0x12, 0x02, 
	0x00, 0x05, 0x05, 0x06, 0x06, 0x10, 0x08, 0x08, 
	0x09, 0x00, 0x00, 0x00, 0x09, 0x09, 0x08, 0x00, 
	0x01, 0x0b, 0x0b, 0x0c, 0x0c, 0x0c, 0x0e, 0x0e, 
	0x0d, 0x0d, 0x0d, 0x11, 0x11, 0x12, 0x12, 0x02, 
	0x00, 0x05, 0x06, 0x06, 0x10, 0x08, 0x08, 0x09, 
	0x00, 0x00, 0x00, 0x09, 0x09, 0x08, 0x07, 0x00, 
	0x01, 0x0b, 0x0c, 0x0c, 0x0c, 0x0e, 0x0e, 0x0d, 
	0x0d, 0x0d, 0x11, 0x11, 0x12, 0x12, 0x14, 0x02, 
	0x00, 0x06, 0x06, 0x10, 0x08, 0x08, 0x09, 0x09, 
	0x00, 0x00, 0x09, 0x08, 0x08, 0x07, 0x07, 0x00, 
	0x01, 0x0c, 0x0c, 0x0e, 0x0e, 0x0e, 0x0d, 0x0d, 
	0x0f, 0x11, 0x11, 0x11, 0x12, 0x14, 0x14, 0x02, 
	0x00, 0x07, 0x07, 0x08, 0x08, 0x09, 0x00, 0x00, 
	0x09, 0x09, 0x09, 0x08, 0x06, 0x06, 0x06, 0x00, 
	0x01, 0x0c, 0x0e, 0x0e, 0x0e, 0x0d, 0x0d, 0x0d, 
	0x11, 0x11, 0x11, 0x11, 0x14, 0x14, 0x16, 0x02, 
	0x00, 0x07, 0x08, 0x09, 0x09, 0x00, 0x00, 0x00, 
	0x09, 0x09, 0x08, 0x10, 0x06, 0x06, 0x05, 0x00, 
	0x01, 0x0e, 0x0e, 0x0e, 0x0d, 0x0d, 0x0d, 0x11, 
	0x11, 0x11, 0x11, 0x14, 0x14, 0x16, 0x16, 0x02, 
	0x00, 0x08, 0x09, 0x09, 0x00, 0x00, 0x00, 0x09, 
	0x09, 0x08, 0x10, 0x06, 0x06, 0x05, 0x04, 0x00, 
	0x01, 0x0e, 0x0d, 0x0d, 0x0d, 0x0d, 0x11, 0x11, 
	0x11, 0x11, 0x14, 0x14, 0x16, 0x16, 0x16, 0x02, 
	0x00, 0x09, 0x09, 0x00, 0x00, 0x00, 0x09, 0x08, 
	0x08, 0x10, 0x06, 0x06, 0x05, 0x04, 0x04, 0x00, 
	0x01, 0x0f, 0x0f, 0x0f, 0x11, 0x11, 0x11, 0x12, 
	0x12, 0x14, 0x14, 0x16, 0x16, 0x16, 0x18, 0x02, 
	0x00, 0x09, 0x00, 0x00, 0x00, 0x09, 0x09, 0x08, 
	0x06, 0x06, 0x06, 0x05, 0x15, 0x03, 0x03, 0x00, 
	0x01, 0x0f, 0x0f, 0x0f, 0x11, 0x11, 0x12, 0x12, 
	0x14, 0x14, 0x16, 0x16, 0x16, 0x18, 0x18, 0x02, 
	0x00, 0x00, 0x00, 0x00, 0x09, 0x09, 0x08, 0x07, 
	0x06, 0x06, 0x05, 0x04, 0x03, 0x03, 0x19, 0x00, 
	0x01, 0x0f, 0x0f, 0x0f, 0x11, 0x12, 0x12, 0x14, 
	0x14, 0x16, 0x16, 0x16, 0x18, 0x18, 0x18, 0x02, 
	0x00, 0x00, 0x00, 0x09, 0x09, 0x08, 0x07, 0x07, 
	0x06, 0x05, 0x04, 0x04, 0x03, 0x19, 0x19, 0x00, 
	0x02, 0x02, 0x02, 0x02, 0x02, 0x02, 0x02, 0x02, 
	0x02, 0x02, 0x02, 0x02, 0x02, 0x02, 0x02, 0x02, 
	0x00, 0x00, 0x00, 0x00, 0x00, 0x00, 0x00, 0x00, 
	0x00, 0x00, 0x00, 0x00, 0x00, 0x00, 0x00, 0x00, 
	
};

Gfx rlongjump_itimatu2_pal_rgba16_aligner[] = {gsSPEndDisplayList()};
u8 rlongjump_itimatu2_pal_rgba16[] = {
	0x00, 0x01, 0xf7, 0xbd, 0x94, 0xa5, 0x5a, 0xd7, 
	0x52, 0x95, 0x42, 0x11, 0x29, 0x4b, 0x21, 0x09, 
	0x10, 0x85, 0x08, 0x43, 0x9c, 0xe7, 0xa5, 0x29, 
	0xad, 0x6b, 0xbd, 0xef, 0xb5, 0xad, 0xc6, 0x31, 
	0x18, 0xc7, 0xce, 0x73, 0xd6, 0xb5, 0x39, 0xcf, 
	0xde, 0xf7, 0x4a, 0x53, 0xe7, 0x39, 0xbd, 0xf1, 
	0xef, 0x7b, 0x6b, 0x5b, 
};

Gfx rlongjump_metalwall_rgba16_aligner[] = {gsSPEndDisplayList()};
u8 rlongjump_metalwall_rgba16[] = {
	0x19, 0x09, 0x21, 0x4b, 0x19, 0x0b, 0x19, 0x0b, 
	0x19, 0x0b, 0x19, 0x0b, 0x19, 0x0b, 0x19, 0x0b, 
	0x11, 0x09, 0x21, 0x0b, 0x19, 0x0b, 0x19, 0x0b, 
	0x21, 0x4b, 0x21, 0x4b, 0x21, 0x0b, 0x19, 0x0b, 
	0x10, 0xc9, 0x19, 0x0b, 0x21, 0x4b, 0x19, 0x0b, 
	0x19, 0x0b, 0x19, 0x0b, 0x19, 0x0b, 0x19, 0x0b, 
	0x19, 0x0b, 0x19, 0x0b, 0x19, 0x0b, 0x21, 0x0b, 
	0x21, 0x4b, 0x21, 0x4b, 0x21, 0x4b, 0x19, 0x0b, 
	0x19, 0x09, 0x29, 0x4b, 0x19, 0x0b, 0x19, 0x0b, 
	0x19, 0x0b, 0x19, 0x0b, 0x19, 0x0b, 0x19, 0x0b, 
	0x19, 0x09, 0x21, 0x4b, 0x19, 0x0b, 0x19, 0x0b, 
	0x21, 0x4b, 0x21, 0x4b, 0x21, 0x0b, 0x19, 0x0b, 
	0x11, 0x09, 0x21, 0x4b, 0x21, 0x4b, 0x21, 0x0b, 
	0x19, 0x0b, 0x19, 0x0b, 0x19, 0x0b, 0x19, 0x0b, 
	0x19, 0x0b, 0x19, 0x0b, 0x19, 0x0b, 0x21, 0x0b, 
	0x21, 0x4b, 0x29, 0x4b, 0x21, 0x0b, 0x19, 0x09, 
	0x19, 0x07, 0x29, 0x8b, 0x19, 0x09, 0x19, 0x09, 
	0x19, 0x09, 0x19, 0x09, 0x19, 0x09, 0x19, 0x09, 
	0x19, 0x09, 0x21, 0x4b, 0x19, 0x09, 0x19, 0x09, 
	0x21, 0x09, 0x21, 0x49, 0x21, 0x09, 0x19, 0x09, 
	0x10, 0xc9, 0x21, 0x4b, 0x21, 0x4d, 0x19, 0x0b, 
	0x19, 0x0b, 0x19, 0x0b, 0x18, 0xc9, 0x19, 0x0b, 
	0x19, 0x09, 0x19, 0x09, 0x21, 0x09, 0x21, 0x0b, 
	0x21, 0x4b, 0x29, 0x4b, 0x19, 0x09, 0x18, 0xc9, 
	0x21, 0x47, 0x29, 0x8b, 0x21, 0x09, 0x19, 0x0b, 
	0x19, 0x09, 0x19, 0x09, 0x19, 0x09, 0x19, 0x09, 
	0x19, 0x07, 0x21, 0x4b, 0x19, 0x09, 0x19, 0x09, 
	0x19, 0x09, 0x21, 0x49, 0x21, 0x09, 0x19, 0x09, 
	0x18, 0xc9, 0x21, 0x4d, 0x21, 0x8d, 0x21, 0x0b, 
	0x19, 0x09, 0x19, 0x09, 0x19, 0x09, 0x19, 0x09, 
	0x19, 0x09, 0x19, 0x49, 0x21, 0x49, 0x21, 0x49, 
	0x21, 0x49, 0x21, 0x49, 0x19, 0x09, 0x18, 0xc9, 
	0x19, 0x87, 0x31, 0x8b, 0x21, 0x4b, 0x19, 0x09, 
	0x19, 0x09, 0x19, 0x09, 0x19, 0x09, 0x19, 0x09, 
	0x19, 0x49, 0x29, 0x4b, 0x19, 0x09, 0x19, 0x09, 
	0x19, 0x49, 0x21, 0x49, 0x21, 0x09, 0x19, 0x09, 
	0x11, 0x09, 0x21, 0x8d, 0x21, 0x8b, 0x21, 0x4b, 
	0x19, 0x09, 0x19, 0x09, 0x19, 0x09, 0x19, 0x09, 
	0x19, 0x09, 0x21, 0x49, 0x21, 0x49, 0x21, 0x49, 
	0x21, 0x4b, 0x21, 0x49, 0x21, 0x09, 0x18, 0xc9, 
	0x19, 0x87, 0x31, 0x8b, 0x21, 0x49, 0x19, 0x09, 
	0x19, 0x09, 0x18, 0xc9, 0x18, 0xc9, 0x19, 0x09, 
	0x19, 0x47, 0x29, 0x4b, 0x19, 0x09, 0x19, 0x09, 
	0x19, 0x49, 0x21, 0x49, 0x21, 0x09, 0x19, 0x09, 
	0x10, 0xc9, 0x21, 0x4b, 0x21, 0x4b, 0x21, 0x49, 
	0x19, 0x09, 0x19, 0x09, 0x18, 0xc9, 0x19, 0x09, 
	0x19, 0x09, 0x19, 0x09, 0x21, 0x49, 0x21, 0x09, 
	0x21, 0x49, 0x21, 0x49, 0x19, 0x09, 0x18, 0xc9, 
	0x21, 0x87, 0x29, 0x89, 0x19, 0x09, 0x19, 0x07, 
	0x18, 0xc9, 0x10, 0xc9, 0x18, 0xc9, 0x18, 0xc9, 
	0x19, 0x47, 0x21, 0x49, 0x19, 0x09, 0x19, 0x07, 
	0x19, 0x07, 0x21, 0x07, 0x21, 0x07, 0x18, 0xc9, 
	0x10, 0xc9, 0x21, 0x4b, 0x21, 0x49, 0x19, 0x07, 
	0x19, 0x09, 0x10, 0xc9, 0x10, 0xc9, 0x10, 0xc7, 
	0x18, 0xc7, 0x19, 0x07, 0x19, 0x07, 0x19, 0x07, 
	0x21, 0x09, 0x21, 0x07, 0x18, 0xc9, 0x18, 0xc9, 
	0x19, 0x85, 0x21, 0xc7, 0x19, 0x87, 0x19, 0x47, 
	0x11, 0x09, 0x10, 0xc9, 0x18, 0xc9, 0x19, 0x09, 
	0x19, 0x47, 0x19, 0x87, 0x19, 0x47, 0x19, 0x47, 
	0x19, 0x47, 0x21, 0x47, 0x21, 0x47, 0x19, 0x07, 
	0x10, 0xc9, 0x19, 0x09, 0x19, 0x09, 0x19, 0x09, 
	0x19, 0x07, 0x10, 0xc7, 0x11, 0x07, 0x11, 0x07, 
	0x11, 0x07, 0x11, 0x07, 0x19, 0x47, 0x19, 0x47, 
	0x19, 0x47, 0x19, 0x07, 0x19, 0x09, 0x10, 0xc9, 
	0x42, 0x4d, 0x3a, 0x4d, 0x31, 0xcd, 0x29, 0x8d, 
	0x21, 0x8b, 0x19, 0x0b, 0x21, 0x0b, 0x21, 0x4b, 
	0x11, 0x47, 0x32, 0x0d, 0x31, 0xcd, 0x31, 0xcd, 
	0x39, 0xcd, 0x3a, 0x0f, 0x31, 0xcd, 0x29, 0x8d, 
	0x29, 0x8d, 0x29, 0xcd, 0x31, 0xcd, 0x31, 0xcd, 
	0x29, 0x8d, 0x21, 0x4b, 0x21, 0x4b, 0x19, 0x4b, 
	0x11, 0x07, 0x29, 0x8b, 0x31, 0xcd, 0x39, 0xcd, 
	0x39, 0xcd, 0x31, 0xcd, 0x29, 0x8b, 0x21, 0x4b, 
	0x3a, 0x0b, 0x39, 0xcb, 0x31, 0x8b, 0x29, 0x8b, 
	0x21, 0x4b, 0x19, 0x0b, 0x19, 0x09, 0x19, 0x09, 
	0x19, 0x47, 0x3a, 0x0f, 0x31, 0xcd, 0x31, 0x8b, 
	0x31, 0xcd, 0x31, 0xcd, 0x29, 0x8d, 0x21, 0x4d, 
	0x21, 0x8b, 0x29, 0xcd, 0x31, 0xcd, 0x29, 0xcb, 
	0x29, 0x8b, 0x21, 0x4b, 0x21, 0x4b, 0x19, 0x4b, 
	0x19, 0x09, 0x29, 0x8b, 0x31, 0x8d, 0x31, 0x8b, 
	0x31, 0xcb, 0x31, 0xcb, 0x29, 0x4b, 0x21, 0x09, 
	0x31, 0xcb, 0x31, 0x89, 0x29, 0x8b, 0x21, 0x49, 
	0x19, 0x49, 0x19, 0x09, 0x19, 0x09, 0x19, 0x07, 
	0x19, 0x47, 0x42, 0x4f, 0x39, 0xcd, 0x29, 0x8b, 
	0x29, 0x8b, 0x21, 0x8b, 0x19, 0x8d, 0x19, 0x4d, 
	0x21, 0x4b, 0x29, 0x8b, 0x31, 0xcb, 0x29, 0x89, 
	0x29, 0x49, 0x21, 0x4b, 0x21, 0x4b, 0x19, 0x4b, 
	0x19, 0x49, 0x31, 0xcd, 0x31, 0xcb, 0x29, 0x89, 
	0x29, 0x89, 0x29, 0x49, 0x21, 0x49, 0x19, 0x09, 
	0x29, 0x89, 0x29, 0x8b, 0x21, 0x89, 0x21, 0x49, 
	0x19, 0x09, 0x19, 0x09, 0x19, 0x09, 0x19, 0x07, 
	0x19, 0x47, 0x42, 0x0f, 0x39, 0xcb, 0x29, 0x8b, 
	0x21, 0x8b, 0x19, 0x8d, 0x19, 0x4d, 0x21, 0x4d, 
	0x21, 0x4b, 0x29, 0x89, 0x31, 0xc9, 0x29, 0xc9, 
	0x29, 0xc9, 0x21, 0x89, 0x19, 0x89, 0x11, 0x4b, 
	0x11, 0x49, 0x31, 0xcd, 0x31, 0xcb, 0x29, 0x89, 
	0x29, 0x89, 0x29, 0x89, 0x21, 0x49, 0x19, 0x09, 
	0x29, 0xc7, 0x29, 0x89, 0x21, 0x49, 0x21, 0x49, 
	0x19, 0x09, 0x19, 0x09, 0x19, 0x09, 0x19, 0x07, 
	0x19, 0x47, 0x3a, 0x0d, 0x31, 0xcb, 0x29, 0x8b, 
	0x21, 0x4b, 0x19, 0x4b, 0x19, 0x4d, 0x21, 0x4b, 
	0x21, 0x4b, 0x31, 0x89, 0x31, 0xc7, 0x2a, 0x07, 
	0x29, 0xc9, 0x21, 0x89, 0x19, 0x4b, 0x11, 0x4b, 
	0x19, 0x4b, 0x32, 0x0d, 0x31, 0xcb, 0x29, 0xc9, 
	0x29, 0x89, 0x29, 0x89, 0x21, 0x49, 0x19, 0x49, 
	0x21, 0x47, 0x21, 0x47, 0x19, 0x07, 0x19, 0x07, 
	0x19, 0x07, 0x19, 0x09, 0x19, 0x07, 0x19, 0x07, 
	0x19, 0x85, 0x3a, 0x0b, 0x31, 0xc9, 0x21, 0x49, 
	0x21, 0x49, 0x19, 0x4b, 0x19, 0x4b, 0x19, 0x4b, 
	0x21, 0x49, 0x29, 0x87, 0x29, 0x87, 0x31, 0x87, 
	0x29, 0x87, 0x21, 0x89, 0x19, 0x4b, 0x19, 0x4b, 
	0x19, 0x4b, 0x31, 0xcd, 0x31, 0xcb, 0x29, 0x89, 
	0x29, 0x89, 0x21, 0x49, 0x19, 0x49, 0x19, 0x49, 
	0x19, 0x05, 0x19, 0x05, 0x19, 0x07, 0x10, 0xc7, 
	0x10, 0xc7, 0x11, 0x09, 0x11, 0x09, 0x19, 0x09, 
	0x19, 0x85, 0x29, 0xc9, 0x21, 0x47, 0x19, 0x07, 
	0x19, 0x07, 0x11, 0x09, 0x11, 0x4b, 0x19, 0x49, 
	0x19, 0x07, 0x21, 0x45, 0x21, 0x45, 0x21, 0x45, 
	0x21, 0x47, 0x21, 0x47, 0x19, 0x4b, 0x19, 0x8b, 
	0x19, 0x4b, 0x31, 0xcb, 0x29, 0x49, 0x21, 0x47, 
	0x19, 0x07, 0x19, 0x07, 0x19, 0x07, 0x18, 0xc7, 
	0x09, 0x05, 0x11, 0x05, 0x19, 0x07, 0x19, 0x07, 
	0x10, 0xc7, 0x11, 0x09, 0x11, 0x0b, 0x11, 0x49, 
	0x19, 0x85, 0x19, 0x85, 0x19, 0x45, 0x19, 0x05, 
	0x19, 0x07, 0x11, 0x0b, 0x11, 0x4d, 0x11, 0x4b, 
	0x11, 0x47, 0x21, 0x87, 0x29, 0xc7, 0x29, 0xc7, 
	0x21, 0x87, 0x19, 0x89, 0x19, 0x8b, 0x19, 0xcb, 
	0x19, 0x89, 0x21, 0x87, 0x21, 0x87, 0x21, 0x87, 
	0x21, 0x87, 0x21, 0x87, 0x21, 0x87, 0x19, 0x87, 
	0x09, 0x47, 0x31, 0xcd, 0x31, 0xcd, 0x31, 0x8d, 
	0x29, 0x8d, 0x21, 0x8f, 0x21, 0x8f, 0x29, 0xcf, 
	0x32, 0x0d, 0x3a, 0x0b, 0x3a, 0x0b, 0x31, 0xcb, 
	0x29, 0xcb, 0x29, 0xcd, 0x29, 0xcf, 0x21, 0x8b, 
	0x19, 0x89, 0x42, 0x4f, 0x4a, 0x4d, 0x4a, 0x8f, 
	0x42, 0x4f, 0x3a, 0x0f, 0x32, 0x0f, 0x2a, 0x0f, 
	0x21, 0xcb, 0x42, 0x4f, 0x42, 0x4d, 0x3a, 0x4d, 
	0x3a, 0x4f, 0x3a, 0x0d, 0x3a, 0x0d, 0x31, 0xcd, 
	0x09, 0x85, 0x32, 0x0b, 0x29, 0xcb, 0x29, 0x8b, 
	0x21, 0x8b, 0x21, 0x8d, 0x21, 0x8f, 0x21, 0x8d, 
	0x31, 0xcb, 0x31, 0xc9, 0x31, 0xc9, 0x29, 0x89, 
	0x29, 0x8b, 0x29, 0x8d, 0x21, 0x8d, 0x21, 0x8b, 
	0x21, 0x49, 0x42, 0x4f, 0x42, 0x4d, 0x42, 0x4d, 
	0x3a, 0x0d, 0x39, 0xcd, 0x32, 0x0f, 0x29, 0xcf, 
	0x21, 0x8b, 0x4a, 0x51, 0x42, 0x0d, 0x3a, 0x0b, 
	0x3a, 0x0d, 0x39, 0xcb, 0x39, 0xcd, 0x31, 0xcb, 
	0x09, 0x85, 0x32, 0x0b, 0x29, 0xcb, 0x29, 0x49, 
	0x21, 0x89, 0x21, 0x8b, 0x19, 0x8d, 0x19, 0x4b, 
	0x21, 0x87, 0x31, 0x87, 0x29, 0x87, 0x29, 0x87, 
	0x21, 0x89, 0x21, 0x8b, 0x21, 0x8b, 0x19, 0x49, 
	0x19, 0x49, 0x42, 0x4f, 0x3a, 0x4b, 0x3a, 0x4b, 
	0x31, 0xcb, 0x31, 0xcb, 0x29, 0xcd, 0x21, 0xcd, 
	0x21, 0x89, 0x42, 0x4f, 0x3a, 0x0b, 0x31, 0xcb, 
	0x31, 0xc9, 0x31, 0xc9, 0x31, 0x89, 0x29, 0x89, 
	0x09, 0x85, 0x3a, 0x0d, 0x31, 0xcb, 0x21, 0x49, 
	0x21, 0x49, 0x21, 0x8b, 0x19, 0x8d, 0x19, 0x4b, 
	0x21, 0x89, 0x29, 0xc7, 0x29, 0x87, 0x29, 0x87, 
	0x29, 0x89, 0x21, 0x8b, 0x21, 0x8b, 0x19, 0x49, 
	0x21, 0x49, 0x3a, 0x0d, 0x3a, 0x0b, 0x3a, 0x0b, 
	0x31, 0xcb, 0x29, 0x8b, 0x29, 0xcb, 0x29, 0xcd, 
	0x21, 0x89, 0x42, 0x4f, 0x31, 0xcb, 0x31, 0xcb, 
	0x31, 0xc9, 0x31, 0xc9, 0x39, 0xc9, 0x31, 0x89, 
	0x11, 0xc5, 0x3a, 0x0d, 0x29, 0xcb, 0x21, 0x89, 
	0x21, 0x49, 0x21, 0x8b, 0x19, 0x8d, 0x21, 0x4b, 
	0x21, 0x87, 0x29, 0x87, 0x29, 0x87, 0x29, 0x87, 
	0x29, 0x49, 0x21, 0x89, 0x21, 0x8b, 0x19, 0x49, 
	0x19, 0x89, 0x3a, 0x0d, 0x32, 0x0b, 0x31, 0xcb, 
	0x29, 0xcb, 0x29, 0x8b, 0x29, 0xcb, 0x29, 0xcd, 
	0x19, 0xcb, 0x42, 0x4d, 0x31, 0xcb, 0x31, 0x8b, 
	0x29, 0xcb, 0x31, 0xcb, 0x39, 0xc9, 0x31, 0x87, 
	0x11, 0xc3, 0x32, 0x0d, 0x29, 0x8b, 0x21, 0x49, 
	0x21, 0x49, 0x19, 0x49, 0x19, 0x4b, 0x19, 0x49, 
	0x21, 0x47, 0x29, 0x45, 0x31, 0x45, 0x29, 0x47, 
	0x29, 0x47, 0x21, 0x89, 0x19, 0x89, 0x19, 0x49, 
	0x19, 0x8b, 0x31, 0xcd, 0x29, 0xcb, 0x29, 0x89, 
	0x21, 0x89, 0x29, 0x49, 0x29, 0x8b, 0x21, 0x8b, 
	0x19, 0xc9, 0x3a, 0x0d, 0x29, 0x89, 0x29, 0x89, 
	0x29, 0x87, 0x31, 0x89, 0x31, 0x89, 0x29, 0x87, 
	0x09, 0x83, 0x31, 0x8b, 0x21, 0x49, 0x19, 0x07, 
	0x19, 0x09, 0x19, 0x49, 0x11, 0x4b, 0x19, 0x09, 
	0x21, 0x07, 0x21, 0x05, 0x29, 0x03, 0x21, 0x05, 
	0x21, 0x05, 0x21, 0x45, 0x19, 0x47, 0x19, 0x49, 
	0x19, 0x8b, 0x21, 0x8d, 0x19, 0x8b, 0x21, 0x47, 
	0x21, 0x07, 0x21, 0x07, 0x21, 0x49, 0x21, 0x47, 
	0x21, 0xc7, 0x31, 0xc9, 0x21, 0x47, 0x21, 0x47, 
	0x21, 0x07, 0x21, 0x47, 0x29, 0x47, 0x29, 0x47, 
	0x11, 0x83, 0x21, 0x45, 0x19, 0x07, 0x19, 0x07, 
	0x19, 0x09, 0x11, 0x09, 0x11, 0x0b, 0x19, 0x49, 
	0x19, 0x87, 0x21, 0xc7, 0x21, 0xc5, 0x21, 0x85, 
	0x21, 0x47, 0x21, 0x87, 0x19, 0xc9, 0x19, 0xc9, 
	0x11, 0x8b, 0x19, 0xcb, 0x19, 0xc9, 0x19, 0x87, 
	0x19, 0x47, 0x21, 0x47, 0x21, 0x47, 0x21, 0x87, 
	0x19, 0x85, 0x21, 0xc7, 0x21, 0xc7, 0x19, 0x49, 
	0x19, 0x47, 0x21, 0x87, 0x29, 0x45, 0x21, 0x85, 
	0x42, 0x4d, 0x42, 0x0d, 0x39, 0xcb, 0x31, 0xcd, 
	0x31, 0x8d, 0x29, 0x8f, 0x21, 0x8d, 0x21, 0x4b, 
	0x19, 0x47, 0x42, 0x0b, 0x42, 0x0b, 0x39, 0xcb, 
	0x42, 0x0d, 0x42, 0x4d, 0x42, 0x8d, 0x3a, 0x0d, 
	0x2a, 0x0f, 0x2a, 0x4f, 0x32, 0x4f, 0x42, 0x4f, 
	0x3a, 0x4d, 0x3a, 0x0d, 0x3a, 0x0d, 0x3a, 0x0b, 
	0x21, 0xc9, 0x3a, 0x8f, 0x3a, 0x8f, 0x3a, 0x4f, 
	0x3a, 0x4f, 0x42, 0x4d, 0x42, 0x4d, 0x4a, 0x8d, 
	0x39, 0xcb, 0x41, 0xcb, 0x39, 0xc9, 0x31, 0x8b, 
	0x29, 0x8b, 0x29, 0x8b, 0x21, 0x8b, 0x21, 0x49, 
	0x21, 0x45, 0x42, 0x0b, 0x42, 0x0b, 0x39, 0xc9, 
	0x3a, 0x0b, 0x3a, 0x4b, 0x3a, 0x4b, 0x32, 0x0d, 
	0x29, 0xcd, 0x2a, 0x0f, 0x32, 0x4f, 0x3a, 0x4d, 
	0x32, 0x4b, 0x32, 0x0b, 0x32, 0x0b, 0x29, 0xc9, 
	0x21, 0xc9, 0x42, 0x8f, 0x3a, 0x4f, 0x32, 0x4d, 
	0x3a, 0x0b, 0x3a, 0x0b, 0x42, 0x0b, 0x42, 0x0b, 
	0x39, 0x87, 0x39, 0x87, 0x31, 0x89, 0x29, 0x89, 
	0x29, 0x49, 0x29, 0x49, 0x21, 0x49, 0x21, 0x07, 
	0x21, 0x45, 0x42, 0x0b, 0x3a, 0x09, 0x31, 0xc7, 
	0x31, 0xc7, 0x32, 0x09, 0x32, 0x0b, 0x31, 0xcb, 
	0x29, 0xcd, 0x21, 0xcf, 0x2a, 0x0d, 0x32, 0x0b, 
	0x32, 0x0b, 0x31, 0xc9, 0x29, 0xc9, 0x29, 0x87, 
	0x21, 0xc9, 0x3a, 0x8f, 0x32, 0x0f, 0x2a, 0x0b, 
	0x31, 0xc9, 0x39, 0xc9, 0x39, 0xc7, 0x39, 0x87, 
	0x39, 0xc7, 0x39, 0x87, 0x31, 0x89, 0x21, 0x49, 
	0x29, 0x49, 0x29, 0x47, 0x29, 0x07, 0x21, 0x05, 
	0x21, 0x43, 0x42, 0x0b, 0x3a, 0x0b, 0x31, 0xc7, 
	0x29, 0xc7, 0x32, 0x09, 0x32, 0x09, 0x31, 0xcb, 
	0x21, 0x8d, 0x21, 0xcd, 0x2a, 0x0d, 0x32, 0x0b, 
	0x31, 0xc9, 0x31, 0xc7, 0x29, 0xc7, 0x21, 0x47, 
	0x21, 0xc7, 0x3a, 0x8f, 0x32, 0x4d, 0x2a, 0x0b, 
	0x31, 0xc9, 0x31, 0xc9, 0x39, 0xc7, 0x39, 0x85, 
	0x39, 0xc5, 0x31, 0x87, 0x29, 0x89, 0x21, 0x4b, 
	0x21, 0x4b, 0x21, 0x47, 0x29, 0x45, 0x21, 0x05, 
	0x21, 0x85, 0x42, 0x0b, 0x31, 0xc9, 0x31, 0xc7, 
	0x31, 0xc7, 0x29, 0xc7, 0x2a, 0x09, 0x29, 0xc9, 
	0x21, 0x8b, 0x21, 0xcd, 0x21, 0xcd, 0x29, 0xc9, 
	0x29, 0xc9, 0x29, 0x89, 0x29, 0x87, 0x21, 0x47, 
	0x21, 0xc5, 0x3a, 0x8d, 0x32, 0x4d, 0x31, 0xc9, 
	0x31, 0x89, 0x31, 0x87, 0x39, 0x87, 0x31, 0x87, 
	0x31, 0x45, 0x29, 0x47, 0x21, 0x49, 0x21, 0x49, 
	0x19, 0x09, 0x21, 0x07, 0x21, 0x05, 0x21, 0x05, 
	0x21, 0x43, 0x39, 0xc9, 0x29, 0x89, 0x29, 0x87, 
	0x29, 0x87, 0x29, 0x85, 0x29, 0x87, 0x29, 0x87, 
	0x19, 0x8b, 0x21, 0x89, 0x21, 0x89, 0x29, 0x87, 
	0x29, 0x87, 0x21, 0x87, 0x21, 0x47, 0x21, 0x45, 
	0x21, 0x85, 0x32, 0x0d, 0x29, 0xcb, 0x29, 0x87, 
	0x29, 0x47, 0x29, 0x45, 0x31, 0x47, 0x29, 0x45, 
	0x29, 0x03, 0x21, 0x05, 0x19, 0x07, 0x19, 0x09, 
	0x19, 0x07, 0x19, 0x05, 0x20, 0xc3, 0x21, 0x05, 
	0x19, 0x43, 0x31, 0x87, 0x29, 0x47, 0x21, 0x05, 
	0x21, 0x05, 0x21, 0x45, 0x21, 0x05, 0x21, 0x47, 
	0x19, 0x47, 0x19, 0x49, 0x19, 0x49, 0x21, 0x47, 
	0x21, 0x47, 0x19, 0x05, 0x19, 0x05, 0x21, 0x45, 
	0x19, 0x45, 0x29, 0xcb, 0x21, 0x89, 0x21, 0x47, 
	0x21, 0x05, 0x21, 0x03, 0x21, 0x05, 0x21, 0x05, 
	0x11, 0x43, 0x21, 0x85, 0x19, 0x89, 0x19, 0x8b, 
	0x19, 0x49, 0x19, 0x47, 0x19, 0x45, 0x19, 0x45, 
	0x19, 0x43, 0x21, 0x85, 0x21, 0x85, 0x21, 0x85, 
	0x21, 0x45, 0x19, 0x45, 0x19, 0x45, 0x19, 0x49, 
	0x19, 0x49, 0x19, 0x89, 0x19, 0x87, 0x19, 0x87, 
	0x21, 0x85, 0x19, 0x45, 0x19, 0x45, 0x19, 0x45, 
	0x19, 0x45, 0x19, 0x47, 0x19, 0x49, 0x19, 0x87, 
	0x19, 0x85, 0x21, 0x83, 0x21, 0x85, 0x21, 0x43, 
	0x21, 0x45, 0x42, 0x0d, 0x3a, 0x0d, 0x2a, 0x0f, 
	0x29, 0xcf, 0x31, 0xcd, 0x3a, 0x0d, 0x31, 0xcb, 
	0x21, 0x45, 0x3a, 0xd7, 0x32, 0xd7, 0x32, 0xd7, 
	0x32, 0xd5, 0x3a, 0xd5, 0x4b, 0x13, 0x3a, 0x93, 
	0x42, 0xd3, 0x4b, 0x53, 0x4b, 0x55, 0x4b, 0x15, 
	0x53, 0x15, 0x53, 0x11, 0x4b, 0x13, 0x3a, 0xd3, 
	0x32, 0xd5, 0x3a, 0xd5, 0x32, 0xd9, 0x32, 0xd9, 
	0x2a, 0xd9, 0x2a, 0xd9, 0x2a, 0x99, 0x22, 0x55, 
	0x21, 0x45, 0x3a, 0x0d, 0x31, 0xcb, 0x31, 0xcb, 
	0x29, 0xcd, 0x31, 0x8b, 0x39, 0xcb, 0x29, 0x89, 
	0x21, 0x45, 0x32, 0xd9, 0x4b, 0x5d, 0x19, 0xd1, 
	0x2a, 0x53, 0x32, 0x93, 0x43, 0x0f, 0x32, 0x93, 
	0x32, 0x93, 0x42, 0xd3, 0x3a, 0x93, 0x3a, 0xd1, 
	0x3a, 0x91, 0x4a, 0xcf, 0x3a, 0x8f, 0x32, 0x91, 
	0x2a, 0x93, 0x3b, 0x13, 0x22, 0x95, 0x22, 0x97, 
	0x1a, 0x97, 0x4b, 0x9f, 0x11, 0xd1, 0x11, 0x8f, 
	0x19, 0x45, 0x3a, 0x0d, 0x29, 0xc9, 0x29, 0xcb, 
	0x21, 0x8b, 0x29, 0x89, 0x29, 0x89, 0x29, 0x47, 
	0x19, 0x05, 0x33, 0x17, 0x22, 0x11, 0x19, 0xcf, 
	0x22, 0x51, 0x2a, 0x91, 0x3b, 0x0f, 0x2a, 0x91, 
	0x2a, 0x53, 0x32, 0x93, 0x3a, 0x93, 0x32, 0x93, 
	0x32, 0x8f, 0x42, 0xcd, 0x32, 0x8d, 0x32, 0x4f, 
	0x2a, 0x11, 0x32, 0x91, 0x2a, 0x91, 0x1a, 0x53, 
	0x1a, 0x15, 0x11, 0xd1, 0x09, 0x8f, 0x01, 0x0b, 
	0x21, 0x45, 0x31, 0xcb, 0x29, 0x89, 0x29, 0x8b, 
	0x21, 0x89, 0x21, 0x49, 0x29, 0x87, 0x29, 0x47, 
	0x21, 0x05, 0x3a, 0xd5, 0x2a, 0x93, 0x22, 0x51, 
	0x2a, 0x4f, 0x2a, 0x8f, 0x3a, 0xcf, 0x2a, 0x51, 
	0x2a, 0x53, 0x43, 0x11, 0x32, 0xd3, 0x32, 0xd3, 
	0x32, 0x91, 0x42, 0xcf, 0x22, 0x0f, 0x32, 0x0f, 
	0x2a, 0x11, 0x2a, 0x11, 0x3a, 0xcf, 0x2a, 0x11, 
	0x22, 0x13, 0x1a, 0x11, 0x09, 0x8f, 0x01, 0x0b, 
	0x19, 0x45, 0x31, 0xcb, 0x21, 0x8b, 0x21, 0x8b, 
	0x21, 0x89, 0x29, 0x49, 0x29, 0x47, 0x29, 0x45, 
	0x19, 0x45, 0x42, 0xd5, 0x2a, 0x51, 0x2a, 0x4f, 
	0x2a, 0x4f, 0x3a, 0x8f, 0x42, 0xcf, 0x32, 0x51, 
	0x2a, 0x91, 0x3a, 0xd1, 0x32, 0xd1, 0x32, 0xd3, 
	0x3a, 0x91, 0x42, 0xcf, 0x2a, 0x0f, 0x2a, 0x0f, 
	0x2a, 0x0f, 0x2a, 0x4f, 0x43, 0x0d, 0x22, 0x4f, 
	0x22, 0x0f, 0x4b, 0x59, 0x09, 0x4b, 0x09, 0x09, 
	0x19, 0x45, 0x29, 0x8b, 0x21, 0x49, 0x21, 0x47, 
	0x21, 0x47, 0x21, 0x07, 0x21, 0x07, 0x21, 0x05, 
	0x19, 0x45, 0x4b, 0x15, 0x32, 0x8f, 0x32, 0x4f, 
	0x32, 0x8f, 0x42, 0x4f, 0x42, 0x8f, 0x32, 0x51, 
	0x2a, 0x93, 0x43, 0x11, 0x3a, 0x91, 0x3a, 0xd1, 
	0x3a, 0x93, 0x32, 0x51, 0x21, 0xcf, 0x21, 0xcf, 
	0x22, 0x0d, 0x22, 0x0d, 0x2a, 0x4d, 0x2a, 0x0d, 
	0x22, 0x0d, 0x19, 0x8b, 0x11, 0x09, 0x09, 0x07, 
	0x19, 0x45, 0x21, 0x49, 0x19, 0x07, 0x19, 0x05, 
	0x19, 0x05, 0x19, 0x05, 0x19, 0x05, 0x19, 0x05, 
	0x19, 0x45, 0x53, 0x13, 0x3a, 0x8f, 0x3a, 0x8d, 
	0x3a, 0x4f, 0x42, 0x4d, 0x42, 0x8f, 0x32, 0x0f, 
	0x32, 0x93, 0x4b, 0x11, 0x3a, 0x93, 0x32, 0xd1, 
	0x32, 0xd1, 0x2a, 0x8f, 0x21, 0xcd, 0x19, 0x8b, 
	0x19, 0x8b, 0x19, 0x8b, 0x21, 0xcb, 0x19, 0x89, 
	0x19, 0x8b, 0x19, 0x89, 0x19, 0x49, 0x11, 0x49, 
	0x11, 0x45, 0x11, 0x45, 0x19, 0x45, 0x19, 0x45, 
	0x19, 0x05, 0x19, 0x05, 0x19, 0x05, 0x19, 0x05, 
	0x11, 0x03, 0x5b, 0x11, 0x4a, 0x8d, 0x42, 0x4d, 
	0x42, 0x8d, 0x42, 0x4d, 0x3a, 0x91, 0x32, 0x11, 
	0x32, 0x51, 0x43, 0x11, 0x3a, 0x91, 0x3a, 0x91, 
	0x32, 0x8f, 0x2a, 0x4f, 0x21, 0xcd, 0x21, 0x89, 
	0x19, 0x87, 0x19, 0x89, 0x19, 0x47, 0x21, 0x45, 
	0x21, 0x45, 0x29, 0x85, 0x29, 0xc3, 0x31, 0xc5, 
	0x3a, 0xd5, 0x53, 0x93, 0x3b, 0x17, 0x53, 0x55, 
	0x53, 0x55, 0x53, 0x55, 0x4b, 0x13, 0x42, 0x4f, 
	0x18, 0xc5, 0x5b, 0x11, 0x4a, 0xcf, 0x42, 0x8d, 
	0x4a, 0x8f, 0x42, 0x8f, 0x3a, 0x51, 0x32, 0x11, 
	0x32, 0x51, 0x3a, 0x91, 0x32, 0x8f, 0x32, 0x8f, 
	0x32, 0x4f, 0x32, 0x4d, 0x21, 0xcd, 0x21, 0x8b, 
	0x19, 0xc7, 0x42, 0xd5, 0x4b, 0x15, 0x53, 0x13, 
	0x5b, 0x13, 0x63, 0x51, 0x63, 0x91, 0x52, 0xd5, 
	0x32, 0x93, 0x43, 0x11, 0x32, 0x95, 0x4b, 0x13, 
	0x4b, 0x13, 0x63, 0xdb, 0x32, 0x0d, 0x3a, 0x0b, 
	0x19, 0x03, 0x5b, 0x11, 0x53, 0x0f, 0x4a, 0xcd, 
	0x4a, 0xcf, 0x42, 0x8f, 0x3a, 0x51, 0x32, 0x51, 
	0x32, 0x51, 0x32, 0x91, 0x32, 0x4f, 0x32, 0x4d, 
	0x32, 0x4d, 0x2a, 0x4b, 0x21, 0xcb, 0x21, 0x8b, 
	0x21, 0xc7, 0x3a, 0xd5, 0x63, 0x9b, 0x32, 0x0d, 
	0x42, 0x8f, 0x52, 0xcd, 0x4a, 0xd1, 0x3a, 0x51, 
	0x32, 0x0f, 0x42, 0xcf, 0x2a, 0x11, 0x43, 0x0f, 
	0x3a, 0x91, 0x2a, 0x0d, 0x29, 0xcb, 0x31, 0xcb, 
	0x19, 0x05, 0x63, 0x13, 0x5a, 0xcf, 0x42, 0xcf, 
	0x42, 0xcf, 0x3a, 0x8d, 0x3a, 0x91, 0x2a, 0x51, 
	0x2a, 0x91, 0x3a, 0xcf, 0x2a, 0x4f, 0x2a, 0x4d, 
	0x2a, 0x4b, 0x22, 0x4b, 0x21, 0xcb, 0x19, 0x8b, 
	0x21, 0xc7, 0x42, 0x95, 0x32, 0x0f, 0x2a, 0x0b, 
	0x32, 0x4d, 0x4a, 0xcb, 0x3a, 0x8d, 0x32, 0x4d, 
	0x32, 0x0d, 0x3a, 0x8d, 0x2a, 0x4f, 0x4b, 0x0d, 
	0x42, 0x91, 0x32, 0x51, 0x32, 0x4f, 0x29, 0xcb, 
	0x21, 0xc7, 0x5b, 0x55, 0x53, 0x11, 0x42, 0x8f, 
	0x42, 0x8f, 0x3a, 0x4f, 0x3a, 0x91, 0x2a, 0x51, 
	0x22, 0x91, 0x3a, 0xcf, 0x2a, 0x4f, 0x2a, 0x0d, 
	0x32, 0x4b, 0x2a, 0x4b, 0x21, 0xcb, 0x21, 0x8b, 
	0x21, 0xc9, 0x42, 0x95, 0x3a, 0x51, 0x3a, 0x4d, 
	0x32, 0x4f, 0x4a, 0x8d, 0x3a, 0x4f, 0x3a, 0x0f, 
	0x32, 0x11, 0x3a, 0x8f, 0x32, 0x4f, 0x42, 0xcf, 
	0x3a, 0x91, 0x32, 0x51, 0x32, 0x0d, 0x29, 0xcb, 
	0x21, 0xc7, 0x53, 0x53, 0x6b, 0xd9, 0x32, 0x0b, 
	0x3a, 0x8f, 0x32, 0x4f, 0x32, 0x4f, 0x2a, 0x51, 
	0x22, 0x11, 0x3a, 0xcf, 0x2a, 0x4d, 0x2a, 0x4d, 
	0x2a, 0x4b, 0x5b, 0x95, 0x19, 0x89, 0x21, 0x8b, 
	0x22, 0x09, 0x3a, 0x95, 0x3a, 0x53, 0x3a, 0x51, 
	0x3a, 0x4f, 0x52, 0xcd, 0x3a, 0x4f, 0x32, 0x11, 
	0x32, 0x53, 0x3a, 0xd1, 0x32, 0x8f, 0x3a, 0xcf, 
	0x32, 0x91, 0x32, 0x4f, 0x2a, 0x0d, 0x29, 0xcb, 
	0x21, 0xc7, 0x4a, 0xd1, 0x32, 0x0b, 0x21, 0xc9, 
	0x2a, 0x0d, 0x2a, 0x0d, 0x22, 0x0d, 0x1a, 0x0f, 
	0x1a, 0x0f, 0x2a, 0x4f, 0x21, 0xcb, 0x21, 0xcb, 
	0x21, 0xcb, 0x19, 0x49, 0x19, 0x47, 0x19, 0x8b, 
	0x22, 0x0b, 0x42, 0x95, 0x3a, 0x93, 0x42, 0x91, 
	0x3a, 0x91, 0x53, 0x0f, 0x3a, 0x51, 0x3a, 0x11, 
	0x32, 0x91, 0x3a, 0x93, 0x32, 0x51, 0x3b, 0x11, 
	0x3a, 0x91, 0x32, 0x91, 0x2a, 0x0f, 0x21, 0xcb, 
	0x21, 0xc7, 0x32, 0x4f, 0x2a, 0x0d, 0x21, 0xcb, 
	0x21, 0xc9, 0x21, 0xcb, 0x19, 0x8b, 0x19, 0xcd, 
	0x19, 0xcd, 0x19, 0xcd, 0x19, 0x8b, 0x19, 0x8b, 
	0x21, 0x89, 0x21, 0x89, 0x21, 0x89, 0x21, 0xcb, 
	0x22, 0x0b, 0x42, 0xd5, 0x42, 0x93, 0x42, 0x51, 
	0x42, 0x4f, 0x42, 0xd1, 0x3a, 0x93, 0x3a, 0x93, 
	0x3a, 0xd1, 0x3a, 0x91, 0x2a, 0x51, 0x3a, 0xd1, 
	0x32, 0x51, 0x32, 0x4f, 0x22, 0x4f, 0x21, 0xcb, 
	0x29, 0xc7, 0x21, 0x85, 0x21, 0x85, 0x22, 0x05, 
	0x22, 0x05, 0x22, 0x05, 0x21, 0xc7, 0x21, 0xc7, 
	0x19, 0xc7, 0x21, 0xc7, 0x29, 0xc7, 0x2a, 0x05, 
	0x29, 0xc5, 0x29, 0xc5, 0x21, 0xc5, 0x21, 0xc7, 
	0x19, 0xc7, 0x43, 0x15, 0x42, 0xd3, 0x4a, 0x8f, 
	0x4a, 0x4f, 0x4a, 0x91, 0x42, 0x93, 0x3a, 0x93, 
	0x3a, 0x91, 0x3a, 0x91, 0x32, 0x91, 0x42, 0xd1, 
	0x32, 0x91, 0x2a, 0x8f, 0x22, 0x4f, 0x19, 0xcd, 
	0x29, 0xc9, 0x43, 0x15, 0x43, 0x17, 0x43, 0x17, 
	0x53, 0x95, 0x4b, 0x15, 0x42, 0xd3, 0x32, 0x51, 
	0x21, 0xc9, 0x4a, 0xd5, 0x53, 0x15, 0x5b, 0x95, 
	0x5b, 0x95, 0x6b, 0xd3, 0x63, 0x55, 0x73, 0x93, 
	0x53, 0x15, 0x53, 0x17, 0x4a, 0xd5, 0x4a, 0xd3, 
	0x4a, 0xd1, 0x4a, 0xd1, 0x4a, 0xd3, 0x42, 0xd3, 
	0x42, 0xd3, 0x42, 0x91, 0x3a, 0xd1, 0x3a, 0xd1, 
	0x2a, 0x91, 0x2a, 0x8f, 0x22, 0x0f, 0x19, 0xcd, 
	0x32, 0x09, 0x3b, 0x15, 0x5c, 0x1d, 0x2a, 0x4f, 
	0x4b, 0x91, 0x5b, 0xdb, 0x29, 0xcd, 0x29, 0xcd, 
	0x21, 0xc9, 0x4b, 0x15, 0x6c, 0x1b, 0x3a, 0x4f, 
	0x4b, 0x13, 0x63, 0x91, 0x53, 0x13, 0x6b, 0x91, 
	0x4b, 0x15, 0x4b, 0x15, 0x4b, 0x13, 0x52, 0xd3, 
	0x52, 0xd1, 0x4b, 0x13, 0x4a, 0xd3, 0x4a, 0x93, 
	0x42, 0xd1, 0x3a, 0x93, 0x3a, 0x91, 0x3a, 0xd1, 
	0x32, 0x91, 0x2a, 0x4f, 0x21, 0xcf, 0x19, 0x8d, 
	0x32, 0x0b, 0x3b, 0x15, 0x22, 0x0f, 0x22, 0x0d, 
	0x3b, 0x0f, 0x19, 0xcd, 0x21, 0x89, 0x21, 0xcb, 
	0x21, 0x87, 0x53, 0x15, 0x3a, 0x4f, 0x3a, 0x0f, 
	0x4a, 0xd3, 0x63, 0x91, 0x4b, 0x13, 0x5b, 0x51, 
	0x42, 0xd1, 0x42, 0xd3, 0x4a, 0xd3, 0x52, 0xd1, 
	0x4b, 0x11, 0x4a, 0xd1, 0x4a, 0xd3, 0x42, 0xd3, 
	0x32, 0xcf, 0x32, 0x51, 0x3a, 0x51, 0x32, 0x91, 
	0x32, 0x51, 0x2a, 0x51, 0x21, 0xcf, 0x19, 0x8d, 
	0x32, 0x09, 0x3a, 0xd5, 0x2a, 0x93, 0x2a, 0x51, 
	0x3a, 0xcf, 0x2a, 0x0f, 0x2a, 0x0b, 0x21, 0xc9, 
	0x29, 0x85, 0x53, 0x15, 0x42, 0xd3, 0x42, 0xd1, 
	0x42, 0xd3, 0x53, 0x11, 0x4a, 0xd1, 0x53, 0x0f, 
	0x42, 0xd1, 0x3a, 0x93, 0x42, 0xd1, 0x4a, 0xd1, 
	0x4a, 0xd1, 0x4b, 0x11, 0x4a, 0xd1, 0x3a, 0x93, 
	0x2a, 0x4f, 0x2a, 0x4f, 0x32, 0x4f, 0x2a, 0x4f, 
	0x32, 0x0f, 0x4b, 0x17, 0x19, 0x8b, 0x19, 0xcb, 
	0x31, 0xc9, 0x3a, 0xd5, 0x2a, 0x93, 0x2a, 0x51, 
	0x32, 0xcf, 0x2a, 0x4f, 0x2a, 0x0d, 0x21, 0x8b, 
	0x21, 0xc7, 0x53, 0x15, 0x6c, 0x1b, 0x32, 0x4f, 
	0x42, 0x93, 0x4a, 0xd1, 0x42, 0x91, 0x53, 0x0f, 
	0x3a, 0xd1, 0x3a, 0xd1, 0x3a, 0xd1, 0x42, 0xd1, 
	0x42, 0xd1, 0x4b, 0x11, 0x42, 0xd1, 0x3a, 0xd3, 
	0x2a, 0x4d, 0x2a, 0x4d, 0x22, 0x4d, 0x22, 0x4d, 
	0x2a, 0x0d, 0x19, 0x89, 0x19, 0x49, 0x19, 0x89, 
	0x29, 0xc7, 0x42, 0xd3, 0x32, 0x91, 0x2a, 0x4f, 
	0x3a, 0x8f, 0x32, 0x4f, 0x32, 0x0d, 0x29, 0x8b, 
	0x22, 0x05, 0x4a, 0xd5, 0x32, 0x0d, 0x29, 0xcd, 
	0x3a, 0x51, 0x3a, 0x91, 0x32, 0x8f, 0x42, 0x91, 
	0x32, 0x4f, 0x32, 0x4f, 0x32, 0x4f, 0x32, 0x4f, 
	0x32, 0x4f, 0x32, 0x4f, 0x32, 0x4d, 0x2a, 0x4d, 
	0x21, 0x8b, 0x29, 0xcb, 0x21, 0xcb, 0x21, 0xcb, 
	0x21, 0x8b, 0x21, 0x89, 0x21, 0x89, 0x21, 0x89, 
	0x29, 0xc7, 0x4a, 0xd3, 0x3a, 0x91, 0x32, 0x8f, 
	0x4a, 0xcd, 0x32, 0x4f, 0x32, 0x4f, 0x29, 0xcb, 
	0x21, 0xc5, 0x3a, 0x51, 0x32, 0x0f, 0x2a, 0x0d, 
	0x29, 0xcd, 0x29, 0xcd, 0x29, 0xcd, 0x31, 0xcd, 
	0x29, 0xcd, 0x29, 0xcd, 0x21, 0xcb, 0x21, 0x8b, 
	0x21, 0xcb, 0x21, 0x8b, 0x21, 0xcb, 0x21, 0x89, 
	0x19, 0x45, 0x29, 0xc7, 0x32, 0x07, 0x2a, 0x07, 
	0x21, 0xc7, 0x21, 0xc7, 0x29, 0x87, 0x21, 0x45, 
	0x29, 0x87, 0x4a, 0xd3, 0x4a, 0x93, 0x42, 0x51, 
	0x4a, 0xcf, 0x3a, 0x8f, 0x3a, 0x4f, 0x32, 0x0d, 
	0x21, 0xc5, 0x22, 0x05, 0x2a, 0x05, 0x21, 0xc7, 
	0x21, 0x85, 0x29, 0x87, 0x29, 0x85, 0x29, 0xc5, 
	0x19, 0xc5, 0x22, 0x05, 0x2a, 0x05, 0x21, 0xc7, 
	0x21, 0x85, 0x29, 0x87, 0x29, 0x85, 0x29, 0x85, 
	0x52, 0xd3, 0x52, 0xd3, 0x53, 0x13, 0x4b, 0x13, 
	0x4a, 0xd3, 0x4a, 0xd3, 0x42, 0x91, 0x3a, 0x4f, 
	0x21, 0x87, 0x4b, 0x15, 0x4a, 0x93, 0x42, 0x51, 
	0x4a, 0x91, 0x42, 0x91, 0x42, 0x91, 0x42, 0x91, 
	0x53, 0x15, 0x5b, 0x57, 0x53, 0x59, 0x53, 0x59, 
	0x53, 0x59, 0x4b, 0x17, 0x42, 0xd5, 0x3a, 0x91, 
	0x29, 0xc7, 0x4b, 0x15, 0x42, 0xd5, 0x4a, 0xd3, 
	0x4a, 0xd3, 0x4a, 0xd3, 0x4a, 0xd3, 0x4b, 0x13, 
	0x42, 0x4f, 0x42, 0x8f, 0x42, 0x8f, 0x42, 0x8f, 
	0x42, 0x51, 0x63, 0x59, 0x31, 0xcd, 0x39, 0xcb, 
	0x21, 0x87, 0x53, 0x13, 0x52, 0xd1, 0x42, 0x4f, 
	0x52, 0xd1, 0x4a, 0x91, 0x4a, 0x91, 0x42, 0x93, 
	0x42, 0xd5, 0x43, 0x17, 0x42, 0xd7, 0x3a, 0xd9, 
	0x33, 0x19, 0x32, 0xd5, 0x32, 0x51, 0x2a, 0x0d, 
	0x29, 0xc7, 0x43, 0x15, 0x63, 0xdd, 0x2a, 0x0f, 
	0x32, 0x51, 0x3a, 0x4f, 0x3a, 0x4f, 0x32, 0x91, 
	0x3a, 0x0d, 0x3a, 0x4f, 0x3a, 0x0d, 0x32, 0x0d, 
	0x3a, 0x0d, 0x31, 0x8b, 0x29, 0x8b, 0x31, 0x8b, 
	0x21, 0x87, 0x5b, 0x15, 0x52, 0xd3, 0x52, 0x91, 
	0x52, 0x91, 0x4a, 0x91, 0x4a, 0x91, 0x42, 0x91, 
	0x3a, 0x93, 0x3a, 0x95, 0x32, 0x95, 0x2a, 0x95, 
	0x22, 0x97, 0x22, 0x55, 0x22, 0x11, 0x19, 0xcb, 
	0x32, 0x07, 0x42, 0xd5, 0x2a, 0x0d, 0x21, 0xcb, 
	0x32, 0x4f, 0x32, 0x4f, 0x32, 0x0f, 0x32, 0x0f, 
	0x31, 0xcf, 0x32, 0x0f, 0x39, 0xcd, 0x39, 0xcb, 
	0x39, 0xcd, 0x32, 0x0d, 0x31, 0xcb, 0x29, 0x89, 
	0x21, 0x87, 0x63, 0x13, 0x52, 0xd1, 0x52, 0x91, 
	0x4a, 0x4f, 0x42, 0x4f, 0x3a, 0x51, 0x3a, 0x91, 
	0x32, 0x91, 0x2a, 0x93, 0x2a, 0x53, 0x22, 0x55, 
	0x22, 0x55, 0x1a, 0x53, 0x1a, 0x0d, 0x19, 0x89, 
	0x32, 0x07, 0x4a, 0xd3, 0x3a, 0x51, 0x2a, 0x0d, 
	0x2a, 0x0d, 0x32, 0x4d, 0x32, 0x0d, 0x31, 0xcd, 
	0x31, 0xcf, 0x31, 0xcf, 0x31, 0xcd, 0x32, 0x0d, 
	0x32, 0x0f, 0x53, 0x17, 0x29, 0x89, 0x29, 0x89, 
	0x21, 0x85, 0x5b, 0x13, 0x73, 0xd9, 0x39, 0xcb, 
	0x42, 0x4d, 0x42, 0x4f, 0x3a, 0x4f, 0x32, 0x4f, 
	0x32, 0x4f, 0x2a, 0x11, 0x22, 0x11, 0x1a, 0x53, 
	0x1a, 0x53, 0x4b, 0x5b, 0x11, 0x4b, 0x19, 0x89, 
	0x32, 0x07, 0x42, 0xd3, 0x5b, 0x99, 0x21, 0x8b, 
	0x2a, 0x0b, 0x2a, 0x0b, 0x2a, 0x0d, 0x32, 0x0d, 
	0x29, 0x8b, 0x29, 0x8b, 0x29, 0xcb, 0x29, 0xcb, 
	0x29, 0xcd, 0x21, 0x8b, 0x21, 0x49, 0x29, 0x8b, 
	0x21, 0x85, 0x52, 0xd3, 0x31, 0xcd, 0x31, 0x8b, 
	0x39, 0xcd, 0x31, 0xcd, 0x2a, 0x0d, 0x22, 0x0d, 
	0x29, 0xcd, 0x19, 0xcf, 0x19, 0xcf, 0x19, 0xcf, 
	0x11, 0x8f, 0x09, 0x4d, 0x09, 0x09, 0x11, 0x49, 
	0x32, 0x05, 0x42, 0x93, 0x21, 0x8b, 0x19, 0x49, 
	0x21, 0x8b, 0x21, 0xcb, 0x21, 0x8b, 0x21, 0x8b, 
	0x21, 0x47, 0x21, 0x47, 0x21, 0x47, 0x21, 0x49, 
	0x21, 0x89, 0x21, 0x89, 0x29, 0x89, 0x29, 0x8b, 
	0x21, 0x85, 0x42, 0x51, 0x31, 0xcd, 0x29, 0x8b, 
	0x29, 0x89, 0x21, 0x89, 0x21, 0x4b, 0x21, 0x8b, 
	0x21, 0x4b, 0x19, 0x8b, 0x19, 0x8b, 0x19, 0x4b, 
	0x11, 0x4b, 0x11, 0x8d, 0x11, 0x4b, 0x11, 0x49, 
	0x29, 0xc5, 0x3a, 0x4f, 0x21, 0xcb, 0x21, 0x49, 
	0x19, 0x49, 0x21, 0x49, 0x21, 0x49, 0x21, 0x49, 
	0x19, 0xc5, 0x19, 0xc3, 0x19, 0x43, 0x19, 0x45, 
	0x19, 0x83, 0x19, 0x03, 0x10, 0xc3, 0x10, 0xc3, 
	0x09, 0x01, 0x11, 0xc3, 0x11, 0x83, 0x11, 0x43, 
	0x11, 0x43, 0x11, 0x03, 0x11, 0x03, 0x11, 0x45, 
	0x11, 0x47, 0x19, 0x47, 0x19, 0x45, 0x11, 0x87, 
	0x11, 0x87, 0x19, 0x45, 0x19, 0x43, 0x19, 0x43, 
	0x09, 0x03, 0x19, 0x45, 0x19, 0x83, 0x19, 0x81, 
	0x19, 0x43, 0x19, 0x03, 0x19, 0x83, 0x19, 0xc3, 
	
};

Gfx rlongjump_tisou_ci8_aligner[] = {gsSPEndDisplayList()};
u8 rlongjump_tisou_ci8[] = {
	0x00, 0x00, 0x01, 0x01, 0x02, 0x02, 0x02, 0x03, 
	0x04, 0x04, 0x04, 0x05, 0x06, 0x06, 0x06, 0x06, 
	0x07, 0x08, 0x08, 0x01, 0x09, 0x09, 0x09, 0x09, 
	0x0a, 0x0a, 0x0a, 0x0a, 0x0a, 0x0a, 0x0a, 0x0a, 
	0x00, 0x00, 0x00, 0x00, 0x0b, 0x0b, 0x02, 0x02, 
	0x05, 0x05, 0x05, 0x0c, 0x0d, 0x0d, 0x0c, 0x0c, 
	0x07, 0x08, 0x00, 0x00, 0x0e, 0x0e, 0x0e, 0x0e, 
	0x06, 0x06, 0x06, 0x06, 0x0f, 0x0f, 0x0f, 0x0f, 
	0x10, 0x10, 0x10, 0x10, 0x0b, 0x0b, 0x0b, 0x0b, 
	0x05, 0x0c, 0x0c, 0x11, 0x12, 0x0d, 0x0d, 0x0c, 
	0x07, 0x08, 0x08, 0x08, 0x0e, 0x07, 0x07, 0x07, 
	0x0c, 0x0c, 0x0c, 0x0c, 0x13, 0x13, 0x13, 0x14, 
	0x13, 0x13, 0x13, 0x13, 0x0d, 0x0b, 0x0b, 0x0d, 
	0x11, 0x11, 0x11, 0x11, 0x12, 0x0d, 0x0d, 0x0c, 
	0x07, 0x07, 0x07, 0x08, 0x07, 0x15, 0x15, 0x15, 
	0x12, 0x12, 0x12, 0x12, 0x13, 0x13, 0x14, 0x14, 
	0x0f, 0x13, 0x13, 0x13, 0x16, 0x16, 0x16, 0x16, 
	0x15, 0x15, 0x17, 0x17, 0x12, 0x12, 0x13, 0x18, 
	0x07, 0x13, 0x13, 0x13, 0x19, 0x19, 0x19, 0x19, 
	0x1a, 0x0d, 0x0d, 0x0d, 0x0f, 0x1b, 0x02, 0x1b, 
	0x0c, 0x13, 0x13, 0x13, 0x16, 0x16, 0x16, 0x19, 
	0x17, 0x15, 0x15, 0x15, 0x13, 0x13, 0x18, 0x18, 
	0x13, 0x13, 0x07, 0x07, 0x1c, 0x1c, 0x19, 0x19, 
	0x0d, 0x0a, 0x0a, 0x0a, 0x1b, 0x1b, 0x02, 0x1b, 
	0x0f, 0x0c, 0x0c, 0x0c, 0x0c, 0x0c, 0x16, 0x19, 
	0x17, 0x17, 0x17, 0x15, 0x1d, 0x1d, 0x1d, 0x18, 
	0x08, 0x08, 0x07, 0x08, 0x1e, 0x1e, 0x1e, 0x1e, 
	0x0a, 0x01, 0x01, 0x01, 0x02, 0x0f, 0x0f, 0x0f, 
	0x1f, 0x1f, 0x1f, 0x1f, 0x06, 0x06, 0x0c, 0x16, 
	0x15, 0x15, 0x13, 0x08, 0x1d, 0x1d, 0x1d, 0x1d, 
	0x0a, 0x0a, 0x0a, 0x0a, 0x1e, 0x1e, 0x00, 0x00, 
	0x01, 0x01, 0x01, 0x01, 0x01, 0x02, 0x02, 0x02, 
	0x20, 0x20, 0x20, 0x20, 0x01, 0x01, 0x01, 0x00, 
	0x00, 0x01, 0x00, 0x00, 0x02, 0x02, 0x21, 0x21, 
	0x02, 0x02, 0x02, 0x02, 0x0a, 0x06, 0x0a, 0x0a, 
	0x01, 0x01, 0x01, 0x01, 0x22, 0x22, 0x22, 0x22, 
	0x20, 0x10, 0x20, 0x20, 0x00, 0x00, 0x00, 0x01, 
	0x01, 0x01, 0x01, 0x01, 0x02, 0x1d, 0x21, 0x1d, 
	0x0f, 0x02, 0x02, 0x02, 0x0a, 0x06, 0x06, 0x0c, 
	0x23, 0x20, 0x20, 0x20, 0x07, 0x22, 0x06, 0x22, 
	0x24, 0x24, 0x24, 0x24, 0x13, 0x10, 0x00, 0x00, 
	0x00, 0x00, 0x00, 0x00, 0x1d, 0x21, 0x21, 0x21, 
	0x0f, 0x0f, 0x0c, 0x0c, 0x0c, 0x0c, 0x12, 0x12, 
	0x25, 0x23, 0x23, 0x23, 0x07, 0x07, 0x24, 0x24, 
	0x24, 0x24, 0x26, 0x26, 0x13, 0x13, 0x10, 0x00, 
	0x00, 0x08, 0x07, 0x07, 0x21, 0x21, 0x18, 0x18, 
	0x0c, 0x27, 0x0c, 0x27, 0x12, 0x12, 0x12, 0x12, 
	0x25, 0x23, 0x25, 0x25, 0x24, 0x07, 0x24, 0x24, 
	0x13, 0x21, 0x13, 0x28, 0x13, 0x21, 0x1d, 0x1d, 
	0x1d, 0x18, 0x29, 0x29, 0x2a, 0x2a, 0x13, 0x13, 
	0x2a, 0x28, 0x2a, 0x28, 0x26, 0x26, 0x26, 0x26, 
	0x2b, 0x24, 0x24, 0x24, 0x23, 0x21, 0x21, 0x21, 
	0x1d, 0x1d, 0x21, 0x21, 0x1d, 0x1d, 0x1d, 0x1d, 
	0x18, 0x18, 0x29, 0x29, 0x2a, 0x13, 0x07, 0x13, 
	0x28, 0x2c, 0x28, 0x2c, 0x26, 0x26, 0x26, 0x26, 
	0x2b, 0x2b, 0x24, 0x2d, 0x21, 0x21, 0x20, 0x20, 
	0x21, 0x1d, 0x21, 0x1d, 0x1d, 0x2e, 0x1d, 0x21, 
	0x29, 0x28, 0x28, 0x28, 0x2b, 0x13, 0x13, 0x2a, 
	0x28, 0x28, 0x28, 0x2a, 0x12, 0x26, 0x12, 0x12, 
	0x24, 0x24, 0x2d, 0x10, 0x23, 0x23, 0x21, 0x20, 
	0x21, 0x21, 0x21, 0x21, 0x21, 0x1d, 0x21, 0x13, 
	0x28, 0x28, 0x28, 0x28, 0x2b, 0x2b, 0x2b, 0x2b, 
	0x28, 0x2c, 0x2c, 0x1c, 0x26, 0x26, 0x12, 0x0c, 
	0x10, 0x2d, 0x2d, 0x24, 0x2f, 0x2f, 0x23, 0x21, 
	0x30, 0x30, 0x30, 0x31, 0x25, 0x25, 0x25, 0x32, 
	0x33, 0x33, 0x33, 0x33, 0x26, 0x26, 0x26, 0x26, 
	0x34, 0x34, 0x34, 0x34, 0x34, 0x24, 0x24, 0x18, 
	0x35, 0x35, 0x2f, 0x36, 0x32, 0x32, 0x32, 0x27, 
	0x30, 0x31, 0x31, 0x31, 0x32, 0x32, 0x32, 0x32, 
	0x33, 0x33, 0x33, 0x33, 0x25, 0x25, 0x25, 0x26, 
	0x34, 0x25, 0x25, 0x25, 0x34, 0x34, 0x2f, 0x24, 
	0x2f, 0x36, 0x36, 0x36, 0x32, 0x27, 0x27, 0x23, 
	0x30, 0x31, 0x31, 0x31, 0x32, 0x32, 0x25, 0x25, 
	0x2a, 0x2a, 0x2a, 0x35, 0x37, 0x37, 0x37, 0x37, 
	0x38, 0x38, 0x38, 0x38, 0x24, 0x2f, 0x2f, 0x34, 
	0x2f, 0x2f, 0x35, 0x35, 0x23, 0x39, 0x23, 0x23, 
	0x3a, 0x3b, 0x3b, 0x30, 0x25, 0x21, 0x21, 0x21, 
	0x3a, 0x3a, 0x3a, 0x3a, 0x3c, 0x3c, 0x3c, 0x3c, 
	0x1d, 0x1d, 0x1d, 0x1d, 0x18, 0x18, 0x18, 0x24, 
	0x35, 0x3d, 0x3d, 0x3d, 0x39, 0x39, 0x39, 0x39, 
	0x3e, 0x3a, 0x3f, 0x3f, 0x3a, 0x40, 0x40, 0x40, 
	0x41, 0x41, 0x42, 0x42, 0x3a, 0x3a, 0x43, 0x43, 
	0x39, 0x39, 0x44, 0x44, 0x45, 0x46, 0x46, 0x20, 
	0x3a, 0x3a, 0x3e, 0x3e, 0x40, 0x40, 0x3e, 0x3a, 
	0x42, 0x42, 0x3a, 0x3e, 0x40, 0x40, 0x40, 0x40, 
	0x42, 0x42, 0x42, 0x41, 0x3a, 0x3a, 0x43, 0x43, 
	0x39, 0x44, 0x44, 0x45, 0x45, 0x45, 0x45, 0x45, 
	0x47, 0x3e, 0x3a, 0x47, 0x40, 0x48, 0x3e, 0x3a, 
	0x3a, 0x3f, 0x3a, 0x3e, 0x42, 0x42, 0x3a, 0x37, 
	0x23, 0x30, 0x30, 0x23, 0x49, 0x3a, 0x43, 0x46, 
	0x40, 0x44, 0x44, 0x40, 0x45, 0x45, 0x46, 0x20, 
	0x3e, 0x3a, 0x3e, 0x47, 0x40, 0x40, 0x40, 0x3e, 
	0x3f, 0x3f, 0x3e, 0x3e, 0x3a, 0x42, 0x42, 0x37, 
	0x30, 0x30, 0x30, 0x30, 0x49, 0x49, 0x3a, 0x46, 
	0x45, 0x40, 0x39, 0x39, 0x20, 0x46, 0x46, 0x4a, 
	0x42, 0x42, 0x42, 0x3e, 0x40, 0x40, 0x40, 0x3e, 
	0x4b, 0x39, 0x4b, 0x4b, 0x3a, 0x49, 0x49, 0x49, 
	0x42, 0x4c, 0x4c, 0x4c, 0x37, 0x42, 0x42, 0x43, 
	0x40, 0x40, 0x40, 0x40, 0x22, 0x4a, 0x4a, 0x24, 
	0x2b, 0x4d, 0x4d, 0x35, 0x3f, 0x43, 0x43, 0x43, 
	0x39, 0x46, 0x46, 0x46, 0x47, 0x3a, 0x49, 0x3a, 
	0x43, 0x42, 0x42, 0x42, 0x42, 0x42, 0x43, 0x42, 
	0x42, 0x40, 0x40, 0x3e, 0x4a, 0x4a, 0x24, 0x24, 
	0x4d, 0x4d, 0x2b, 0x2b, 0x37, 0x3f, 0x3f, 0x43, 
	0x39, 0x46, 0x46, 0x46, 0x3a, 0x49, 0x49, 0x49, 
	0x37, 0x4c, 0x37, 0x42, 0x46, 0x43, 0x43, 0x42, 
	0x42, 0x42, 0x42, 0x42, 0x24, 0x24, 0x17, 0x17, 
	0x4d, 0x4d, 0x2b, 0x4d, 0x2f, 0x37, 0x3f, 0x3f, 
	0x39, 0x39, 0x39, 0x4a, 0x30, 0x30, 0x30, 0x49, 
	0x37, 0x37, 0x37, 0x42, 0x42, 0x46, 0x46, 0x42, 
	0x42, 0x42, 0x37, 0x37, 0x24, 0x24, 0x17, 0x17, 
	0x36, 0x36, 0x36, 0x4d, 0x2f, 0x2f, 0x37, 0x3f, 
	0x43, 0x42, 0x42, 0x42, 0x2a, 0x32, 0x2a, 0x2a, 
	0x2f, 0x24, 0x18, 0x18, 0x23, 0x21, 0x20, 0x23, 
	0x4c, 0x37, 0x37, 0x49, 0x2f, 0x31, 0x31, 0x36, 
	0x4e, 0x4e, 0x4e, 0x34, 0x31, 0x31, 0x30, 0x3b, 
	0x42, 0x42, 0x49, 0x42, 0x2d, 0x31, 0x31, 0x31, 
	0x2f, 0x2f, 0x24, 0x24, 0x23, 0x21, 0x23, 0x23, 
	0x4c, 0x37, 0x4c, 0x4c, 0x2f, 0x31, 0x36, 0x4f, 
	0x34, 0x4e, 0x4e, 0x34, 0x30, 0x31, 0x30, 0x3b, 
	0x49, 0x42, 0x42, 0x42, 0x2d, 0x2a, 0x31, 0x31, 
	0x34, 0x2f, 0x2f, 0x24, 0x23, 0x23, 0x23, 0x23, 
	0x4c, 0x37, 0x4c, 0x4c, 0x2f, 0x31, 0x31, 0x36, 
	0x34, 0x4e, 0x34, 0x2a, 0x30, 0x3b, 0x3a, 0x3a, 
	0x43, 0x42, 0x42, 0x42, 0x31, 0x2a, 0x31, 0x31, 
	0x34, 0x34, 0x2f, 0x2f, 0x2f, 0x2f, 0x2f, 0x23, 
	0x4c, 0x37, 0x4c, 0x4c, 0x2f, 0x31, 0x2f, 0x31, 
	0x34, 0x34, 0x2a, 0x3b, 0x3b, 0x3b, 0x3b, 0x3a, 
	0x2d, 0x30, 0x2d, 0x2d, 0x2a, 0x31, 0x32, 0x32, 
	0x36, 0x32, 0x28, 0x28, 0x32, 0x34, 0x32, 0x2f, 
	0x30, 0x30, 0x31, 0x31, 0x34, 0x34, 0x34, 0x2f, 
	0x28, 0x28, 0x25, 0x2d, 0x35, 0x35, 0x35, 0x35, 
	0x30, 0x25, 0x28, 0x25, 0x31, 0x32, 0x32, 0x32, 
	0x36, 0x32, 0x28, 0x28, 0x32, 0x34, 0x34, 0x32, 
	0x2b, 0x30, 0x34, 0x34, 0x34, 0x34, 0x34, 0x34, 
	0x28, 0x25, 0x25, 0x25, 0x2f, 0x32, 0x2f, 0x2f, 
	0x30, 0x28, 0x28, 0x28, 0x31, 0x31, 0x32, 0x32, 
	0x36, 0x36, 0x32, 0x28, 0x34, 0x2f, 0x34, 0x32, 
	0x31, 0x31, 0x34, 0x34, 0x34, 0x2f, 0x2f, 0x2f, 
	0x28, 0x25, 0x25, 0x28, 0x34, 0x34, 0x2f, 0x2f, 
	0x2d, 0x25, 0x25, 0x2d, 0x2d, 0x2d, 0x2a, 0x2a, 
	0x32, 0x28, 0x24, 0x24, 0x35, 0x35, 0x34, 0x32, 
	0x31, 0x31, 0x34, 0x30, 0x24, 0x13, 0x13, 0x24, 
	0x30, 0x30, 0x2d, 0x30, 0x34, 0x34, 0x35, 0x35, 
	0x21, 0x21, 0x06, 0x06, 0x1d, 0x21, 0x23, 0x29, 
	0x29, 0x29, 0x21, 0x18, 0x42, 0x23, 0x25, 0x25, 
	0x2b, 0x2b, 0x24, 0x24, 0x49, 0x10, 0x1f, 0x1f, 
	0x1d, 0x1d, 0x18, 0x18, 0x30, 0x29, 0x29, 0x18, 
	0x06, 0x22, 0x06, 0x06, 0x21, 0x29, 0x29, 0x29, 
	0x18, 0x21, 0x20, 0x20, 0x39, 0x39, 0x42, 0x23, 
	0x2b, 0x2b, 0x2b, 0x24, 0x49, 0x10, 0x10, 0x49, 
	0x18, 0x18, 0x18, 0x18, 0x35, 0x29, 0x29, 0x18, 
	0x06, 0x06, 0x21, 0x23, 0x23, 0x29, 0x29, 0x23, 
	0x18, 0x21, 0x20, 0x21, 0x42, 0x42, 0x42, 0x23, 
	0x24, 0x2b, 0x2b, 0x2b, 0x49, 0x49, 0x10, 0x49, 
	0x18, 0x18, 0x29, 0x18, 0x29, 0x30, 0x35, 0x18, 
	0x21, 0x21, 0x23, 0x23, 0x29, 0x29, 0x29, 0x23, 
	0x20, 0x20, 0x21, 0x21, 0x42, 0x23, 0x25, 0x25, 
	0x2d, 0x2d, 0x10, 0x2d, 0x24, 0x24, 0x24, 0x24, 
	0x29, 0x29, 0x28, 0x29, 0x29, 0x18, 0x35, 0x18, 
	0x23, 0x23, 0x29, 0x23, 0x13, 0x13, 0x10, 0x00, 
	0x2e, 0x1d, 0x1d, 0x10, 0x0f, 0x23, 0x23, 0x0f, 
	0x10, 0x10, 0x02, 0x02, 0x1d, 0x21, 0x13, 0x28, 
	0x25, 0x34, 0x34, 0x25, 0x50, 0x13, 0x13, 0x13, 
	0x23, 0x23, 0x23, 0x23, 0x10, 0x00, 0x01, 0x01, 
	0x20, 0x20, 0x20, 0x1d, 0x1f, 0x1f, 0x1f, 0x0f, 
	0x21, 0x21, 0x02, 0x10, 0x1d, 0x1d, 0x13, 0x13, 
	0x25, 0x25, 0x25, 0x34, 0x13, 0x38, 0x38, 0x38, 
	0x1d, 0x1d, 0x02, 0x1d, 0x10, 0x01, 0x01, 0x00, 
	0x2e, 0x1d, 0x20, 0x20, 0x51, 0x1f, 0x1f, 0x0f, 
	0x23, 0x23, 0x10, 0x10, 0x1d, 0x1d, 0x21, 0x13, 
	0x21, 0x21, 0x23, 0x23, 0x1d, 0x1d, 0x1d, 0x38, 
	0x1d, 0x1d, 0x1d, 0x1d, 0x00, 0x01, 0x01, 0x00, 
	0x20, 0x20, 0x1d, 0x1d, 0x1f, 0x0f, 0x0f, 0x1f, 
	0x21, 0x23, 0x21, 0x21, 0x1d, 0x21, 0x13, 0x21, 
	0x21, 0x21, 0x21, 0x21, 0x1d, 0x1d, 0x38, 0x38, 
	0x18, 0x18, 0x38, 0x38, 0x20, 0x20, 0x20, 0x20, 
	0x52, 0x52, 0x1f, 0x1f, 0x10, 0x2d, 0x2d, 0x10, 
	0x10, 0x2b, 0x2d, 0x2d, 0x2d, 0x2d, 0x24, 0x2d, 
	0x21, 0x10, 0x02, 0x02, 0x20, 0x10, 0x21, 0x21, 
	0x23, 0x23, 0x18, 0x18, 0x21, 0x21, 0x21, 0x23, 
	0x13, 0x12, 0x52, 0x52, 0x2d, 0x2d, 0x24, 0x24, 
	0x24, 0x2b, 0x2b, 0x2b, 0x2b, 0x2b, 0x24, 0x24, 
	0x23, 0x23, 0x10, 0x02, 0x20, 0x10, 0x21, 0x18, 
	0x18, 0x18, 0x38, 0x18, 0x21, 0x21, 0x23, 0x23, 
	0x12, 0x12, 0x12, 0x13, 0x24, 0x24, 0x24, 0x2b, 
	0x2b, 0x2b, 0x2b, 0x24, 0x2b, 0x24, 0x24, 0x2d, 
	0x23, 0x23, 0x23, 0x10, 0x20, 0x10, 0x21, 0x21, 
	0x38, 0x41, 0x41, 0x38, 0x21, 0x23, 0x27, 0x27, 
	0x13, 0x13, 0x13, 0x13, 0x24, 0x24, 0x24, 0x2d, 
	0x24, 0x2d, 0x2d, 0x2d, 0x24, 0x2d, 0x2d, 0x10, 
	0x10, 0x10, 0x10, 0x21, 0x21, 0x21, 0x21, 0x21, 
	0x02, 0x2e, 0x02, 0x41, 0x20, 0x4b, 0x21, 0x21, 
	0x21, 0x18, 0x18, 0x18, 0x07, 0x07, 0x07, 0x0f, 
	0x1f, 0x02, 0x02, 0x10, 0x10, 0x10, 0x20, 0x22, 
	0x01, 0x01, 0x02, 0x02, 0x06, 0x0f, 0x06, 0x06, 
	0x02, 0x2e, 0x01, 0x02, 0x2e, 0x2e, 0x20, 0x20, 
	0x1d, 0x1d, 0x1d, 0x1d, 0x10, 0x0f, 0x07, 0x10, 
	0x02, 0x02, 0x09, 0x09, 0x03, 0x03, 0x03, 0x22, 
	0x1d, 0x1d, 0x01, 0x01, 0x02, 0x02, 0x02, 0x02, 
	0x2e, 0x2e, 0x01, 0x01, 0x2e, 0x2e, 0x2e, 0x20, 
	0x02, 0x02, 0x02, 0x02, 0x20, 0x10, 0x0f, 0x20, 
	0x02, 0x09, 0x09, 0x02, 0x22, 0x22, 0x20, 0x10, 
	0x1d, 0x02, 0x02, 0x02, 0x53, 0x02, 0x02, 0x02, 
	0x02, 0x41, 0x02, 0x02, 0x2e, 0x2e, 0x20, 0x4b, 
	0x21, 0x21, 0x21, 0x02, 0x20, 0x10, 0x10, 0x10, 
	0x02, 0x1f, 0x1f, 0x10, 0x20, 0x20, 0x10, 0x10, 
	0x10, 0x1d, 0x10, 0x10, 0x06, 0x06, 0x06, 0x02, 
	0x2d, 0x2d, 0x2d, 0x21, 0x40, 0x40, 0x40, 0x4a, 
	0x54, 0x54, 0x06, 0x06, 0x0c, 0x35, 0x0c, 0x10, 
	0x39, 0x42, 0x42, 0x23, 0x07, 0x07, 0x07, 0x07, 
	0x0f, 0x0f, 0x24, 0x24, 0x0f, 0x0f, 0x24, 0x24, 
	0x16, 0x13, 0x2d, 0x13, 0x4a, 0x4a, 0x4a, 0x4a, 
	0x54, 0x54, 0x54, 0x13, 0x35, 0x0c, 0x35, 0x0c, 
	0x42, 0x23, 0x23, 0x23, 0x13, 0x13, 0x2a, 0x2a, 
	0x24, 0x24, 0x28, 0x32, 0x32, 0x28, 0x28, 0x28, 
	0x13, 0x13, 0x13, 0x2d, 0x2d, 0x2d, 0x2d, 0x2d, 
	0x13, 0x13, 0x13, 0x2a, 0x35, 0x35, 0x2a, 0x2a, 
	0x25, 0x25, 0x25, 0x25, 0x2a, 0x2a, 0x2a, 0x2b, 
	0x28, 0x28, 0x32, 0x32, 0x32, 0x28, 0x24, 0x24, 
	0x13, 0x2d, 0x21, 0x2d, 0x2d, 0x2d, 0x25, 0x25, 
	0x2a, 0x2a, 0x2a, 0x13, 0x2a, 0x2a, 0x2a, 0x2a, 
	0x25, 0x25, 0x25, 0x23, 0x07, 0x07, 0x07, 0x07, 
	0x24, 0x28, 0x32, 0x32, 0x32, 0x28, 0x24, 0x24, 
	0x21, 0x21, 0x21, 0x21, 0x07, 0x13, 0x16, 0x2a, 
	0x19, 0x11, 0x11, 0x19, 0x2a, 0x35, 0x10, 0x0c, 
	0x13, 0x24, 0x13, 0x07, 0x07, 0x07, 0x07, 0x13, 
	0x24, 0x28, 0x28, 0x28, 0x24, 0x24, 0x24, 0x24, 
	0x13, 0x13, 0x13, 0x13, 0x2a, 0x16, 0x16, 0x2a, 
	0x11, 0x19, 0x11, 0x24, 0x35, 0x10, 0x10, 0x0c, 
	0x13, 0x24, 0x07, 0x07, 0x13, 0x13, 0x13, 0x24, 
	0x24, 0x24, 0x28, 0x28, 0x24, 0x0f, 0x0f, 0x0f, 
	0x1d, 0x21, 0x13, 0x13, 0x2a, 0x2a, 0x2a, 0x2a, 
	0x11, 0x24, 0x24, 0x0c, 0x0c, 0x10, 0x10, 0x10, 
	0x13, 0x13, 0x07, 0x13, 0x13, 0x06, 0x06, 0x07, 
	0x13, 0x24, 0x24, 0x24, 0x0f, 0x1f, 0x1f, 0x1f, 
	0x2e, 0x2e, 0x1d, 0x21, 0x13, 0x07, 0x07, 0x13, 
	0x0c, 0x0c, 0x0c, 0x0c, 0x35, 0x0c, 0x35, 0x0c, 
	0x07, 0x06, 0x06, 0x07, 0x07, 0x06, 0x06, 0x07, 
	0x13, 0x13, 0x13, 0x0f, 0x1f, 0x03, 0x03, 0x03, 
	0x03, 0x53, 0x1b, 0x1b, 0x1b, 0x1b, 0x1b, 0x1b, 
	0x02, 0x02, 0x02, 0x06, 0x0f, 0x0f, 0x0f, 0x06, 
	0x06, 0x53, 0x0a, 0x0f, 0x0c, 0x0c, 0x0c, 0x06, 
	0x0f, 0x06, 0x06, 0x00, 0x09, 0x55, 0x55, 0x55, 
	0x53, 0x02, 0x02, 0x02, 0x0a, 0x0a, 0x0a, 0x00, 
	0x51, 0x51, 0x51, 0x02, 0x06, 0x0f, 0x0f, 0x06, 
	0x0a, 0x53, 0x0a, 0x06, 0x06, 0x06, 0x02, 0x02, 
	0x00, 0x00, 0x00, 0x00, 0x01, 0x55, 0x55, 0x09, 
	0x53, 0x53, 0x02, 0x02, 0x0a, 0x0a, 0x0a, 0x01, 
	0x51, 0x51, 0x51, 0x51, 0x0a, 0x06, 0x0a, 0x53, 
	0x0a, 0x06, 0x06, 0x06, 0x02, 0x03, 0x03, 0x03, 
	0x51, 0x51, 0x00, 0x51, 0x01, 0x55, 0x09, 0x01, 
	0x02, 0x02, 0x53, 0x53, 0x01, 0x01, 0x01, 0x01, 
	0x56, 0x56, 0x56, 0x51, 0x06, 0x06, 0x0a, 0x53, 
	0x06, 0x0f, 0x06, 0x06, 0x02, 0x03, 0x03, 0x03, 
	0x51, 0x51, 0x51, 0x51, 0x53, 0x01, 0x53, 0x53, 
	
};

Gfx rlongjump_tisou_pal_rgba16_aligner[] = {gsSPEndDisplayList()};
u8 rlongjump_tisou_pal_rgba16[] = {
	0x94, 0x5f, 0xa4, 0xa3, 0x94, 0x1f, 0xac, 0xe5, 
	0xa4, 0xe5, 0x8c, 0x1d, 0x83, 0x9b, 0x73, 0x17, 
	0x83, 0x99, 0xa4, 0xa5, 0x94, 0x1d, 0x73, 0x57, 
	0x6a, 0xd5, 0x5a, 0x93, 0x83, 0xdd, 0x7b, 0x59, 
	0x83, 0x59, 0x4a, 0x11, 0x4a, 0x0f, 0x62, 0x93, 
	0x73, 0x15, 0x52, 0x51, 0x5a, 0x53, 0x41, 0xcd, 
	0x72, 0xd5, 0x41, 0xcf, 0x39, 0xcd, 0x8b, 0xdb, 
	0x62, 0x95, 0x8b, 0x9b, 0x73, 0x59, 0x8b, 0xdd, 
	0x93, 0xdd, 0x7b, 0x17, 0x94, 0x61, 0x6a, 0x93, 
	0x5a, 0x51, 0x52, 0x0f, 0x39, 0x8b, 0x5a, 0x0f, 
	0x49, 0xcd, 0x62, 0x51, 0x52, 0x11, 0x49, 0xcf, 
	0x41, 0x8b, 0x6a, 0x95, 0x9c, 0x61, 0x51, 0xcf, 
	0x5a, 0x11, 0x49, 0x8d, 0x39, 0x4b, 0x39, 0x8d, 
	0x41, 0x8d, 0x62, 0x53, 0x31, 0x09, 0x6a, 0x53, 
	0x83, 0x17, 0x93, 0x9d, 0x83, 0x19, 0x72, 0xd7, 
	0x8b, 0x19, 0x8b, 0x59, 0x93, 0x5b, 0x82, 0xd7, 
	0x93, 0xdf, 0x93, 0x9b, 0x7a, 0xd7, 0x8b, 0x5b, 
	0x9c, 0x63, 0xac, 0xa5, 0x9c, 0x21, 0x9b, 0xdf, 
	0xac, 0x63, 0x72, 0x95, 0x7b, 0x19, 0x83, 0x5b, 
	0x62, 0x11, 0x41, 0x4b, 0x28, 0xc7, 0x20, 0xc7, 
	0x39, 0x49, 0x9c, 0xa3, 0x73, 0x19, 0x9c, 0xa1, 
	0x6a, 0xd7, 0xb5, 0x27, 0xad, 0x25, 
};

Gfx rlongjump_conk_i8_aligner[] = {gsSPEndDisplayList()};
u8 rlongjump_conk_i8[] = {
	0xd0, 0xe0, 0xf0, 0xf0, 0xf0, 0xf0, 0xf0, 0xf0, 
	0xf0, 0xf0, 0xf0, 0xf0, 0xf0, 0xf0, 0xe0, 0xe0, 
	0xe0, 0xc0, 0xa0, 0xc0, 0xc0, 0xc0, 0xd0, 0xe0, 
	0xd0, 0xd0, 0xe0, 0xf0, 0xe0, 0xd0, 0xd0, 0xe0, 
	0xf0, 0xe0, 0xd0, 0xe0, 0xe0, 0xd0, 0xd0, 0xd0, 
	0xe0, 0xd0, 0xe0, 0xe0, 0xd0, 0xe0, 0xf0, 0xf0, 
	0xf0, 0xf0, 0xf0, 0xf0, 0xf0, 0xf0, 0xf0, 0xf0, 
	0xe0, 0xd0, 0xe0, 0xf0, 0xe0, 0xc0, 0xd0, 0xe0, 
	0xd0, 0xf0, 0xf0, 0xf0, 0xf0, 0xe0, 0xe0, 0xf0, 
	0xf0, 0xf0, 0xf0, 0xf0, 0xf0, 0xf0, 0xf0, 0xe0, 
	0xe0, 0xd0, 0xb0, 0xb0, 0xb0, 0xb0, 0xc0, 0xd0, 
	0xc0, 0xd0, 0xe0, 0xf0, 0xf0, 0xe0, 0xe0, 0xd0, 
	0xe0, 0xd0, 0xd0, 0xf0, 0xe0, 0xd0, 0xd0, 0xc0, 
	0xd0, 0xd0, 0xe0, 0xe0, 0xe0, 0xe0, 0xe0, 0xf0, 
	0xf0, 0xf0, 0xf0, 0xf0, 0xf0, 0xf0, 0xf0, 0xf0, 
	0xf0, 0xe0, 0xf0, 0xf0, 0xe0, 0xd0, 0xc0, 0xd0, 
	0xd0, 0xf0, 0xf0, 0xf0, 0xf0, 0xf0, 0xf0, 0xf0, 
	0xf0, 0xe0, 0xe0, 0xf0, 0xf0, 0xf0, 0xf0, 0xe0, 
	0xe0, 0xe0, 0xe0, 0xc0, 0xb0, 0xb0, 0xb0, 0xb0, 
	0xb0, 0xb0, 0xc0, 0xd0, 0xe0, 0xe0, 0xe0, 0xd0, 
	0xc0, 0xd0, 0xe0, 0xe0, 0xd0, 0xe0, 0xd0, 0xd0, 
	0xd0, 0xe0, 0xe0, 0xe0, 0xe0, 0xe0, 0xf0, 0xf0, 
	0xf0, 0xe0, 0xf0, 0xf0, 0xe0, 0xf0, 0xf0, 0xf0, 
	0xf0, 0xf0, 0xf0, 0xf0, 0xf0, 0xf0, 0xf0, 0xe0, 
	0xe0, 0xe0, 0xe0, 0xf0, 0xf0, 0xf0, 0xf0, 0xf0, 
	0xf0, 0xe0, 0xe0, 0xf0, 0xf0, 0xf0, 0xe0, 0xd0, 
	0xc0, 0xe0, 0xf0, 0xe0, 0xc0, 0xb0, 0xa0, 0xa0, 
	0xa0, 0xa0, 0xb0, 0xc0, 0xd0, 0xd0, 0xd0, 0xc0, 
	0xb0, 0xd0, 0xe0, 0xe0, 0xe0, 0xd0, 0xd0, 0xe0, 
	0xf0, 0xf0, 0xe0, 0xe0, 0xe0, 0xf0, 0xf0, 0xf0, 
	0xe0, 0xe0, 0xe0, 0xc0, 0xc0, 0xe0, 0xe0, 0xf0, 
	0xf0, 0xf0, 0xf0, 0xf0, 0xf0, 0xf0, 0xf0, 0xe0, 
	0xd0, 0xd0, 0xd0, 0xe0, 0xf0, 0xf0, 0xf0, 0xf0, 
	0xf0, 0xe0, 0xe0, 0xf0, 0xf0, 0xe0, 0xc0, 0xb0, 
	0xa0, 0xb0, 0xe0, 0xe0, 0xd0, 0xb0, 0x90, 0x90, 
	0xb0, 0xc0, 0xc0, 0xc0, 0xc0, 0xc0, 0xc0, 0xb0, 
	0xb0, 0xd0, 0xd0, 0xd0, 0xe0, 0xd0, 0xd0, 0xf0, 
	0xf0, 0xf0, 0xf0, 0xe0, 0xf0, 0xe0, 0xe0, 0xf0, 
	0xf0, 0xf0, 0xd0, 0xc0, 0xe0, 0xe0, 0xe0, 0xe0, 
	0xe0, 0xd0, 0xe0, 0xe0, 0xf0, 0xf0, 0xd0, 0xc0, 
	0xd0, 0xd0, 0xd0, 0xe0, 0xf0, 0xf0, 0xf0, 0xf0, 
	0xf0, 0xf0, 0xe0, 0xe0, 0xe0, 0xc0, 0xb0, 0xa0, 
	0x90, 0xa0, 0xc0, 0xc0, 0xa0, 0xa0, 0xa0, 0xa0, 
	0xc0, 0xe0, 0xd0, 0xb0, 0xa0, 0xb0, 0xb0, 0xb0, 
	0xe0, 0xe0, 0xd0, 0xd0, 0xd0, 0xd0, 0xf0, 0xf0, 
	0xf0, 0xf0, 0xf0, 0xf0, 0xf0, 0xf0, 0xe0, 0xe0, 
	0xf0, 0xf0, 0xd0, 0xd0, 0xf0, 0xf0, 0xe0, 0xf0, 
	0xd0, 0xd0, 0xd0, 0xd0, 0xd0, 0xd0, 0xb0, 0xb0, 
	0xd0, 0xc0, 0xd0, 0xe0, 0xe0, 0xf0, 0xf0, 0xf0, 
	0xf0, 0xe0, 0xd0, 0xd0, 0xd0, 0xc0, 0xb0, 0xb0, 
	0xa0, 0xb0, 0xc0, 0xb0, 0x90, 0xa0, 0xb0, 0xb0, 
	0xc0, 0xf0, 0xd0, 0xb0, 0xa0, 0xb0, 0xb0, 0xd0, 
	0xf0, 0xe0, 0xd0, 0xd0, 0xd0, 0xf0, 0xf0, 0xf0, 
	0xf0, 0xf0, 0xf0, 0xf0, 0xf0, 0xf0, 0xf0, 0xe0, 
	0xe0, 0xe0, 0xd0, 0xe0, 0xf0, 0xe0, 0xe0, 0xd0, 
	0xc0, 0xd0, 0xc0, 0xc0, 0xd0, 0xc0, 0xc0, 0xc0, 
	0xc0, 0xc0, 0xe0, 0xf0, 0xf0, 0xf0, 0xf0, 0xe0, 
	0xe0, 0xd0, 0xd0, 0xd0, 0xd0, 0xc0, 0xc0, 0xd0, 
	0xd0, 0xd0, 0xd0, 0xb0, 0xa0, 0xb0, 0xc0, 0xd0, 
	0xc0, 0xd0, 0xc0, 0xa0, 0xa0, 0xb0, 0xc0, 0xe0, 
	0xe0, 0xd0, 0xe0, 0xe0, 0xe0, 0xf0, 0xf0, 0xf0, 
	0xf0, 0xf0, 0xf0, 0xf0, 0xf0, 0xf0, 0xf0, 0xe0, 
	0xe0, 0xe0, 0xe0, 0xe0, 0xd0, 0xd0, 0xe0, 0xc0, 
	0xb0, 0xb0, 0xb0, 0xb0, 0xc0, 0xd0, 0xd0, 0xd0, 
	0xb0, 0xb0, 0xd0, 0xf0, 0xf0, 0xf0, 0xe0, 0xd0, 
	0xe0, 0xe0, 0xe0, 0xd0, 0xc0, 0xc0, 0xc0, 0xd0, 
	0xe0, 0xd0, 0xd0, 0xc0, 0xc0, 0xd0, 0xd0, 0xd0, 
	0xc0, 0xb0, 0xb0, 0xb0, 0xb0, 0xa0, 0xc0, 0xe0, 
	0xc0, 0xc0, 0xe0, 0xe0, 0xe0, 0xf0, 0xf0, 0xf0, 
	0xf0, 0xe0, 0xf0, 0xf0, 0xf0, 0xf0, 0xf0, 0xf0, 
	0xe0, 0xf0, 0xf0, 0xe0, 0xd0, 0xc0, 0xd0, 0xd0, 
	0xb0, 0xd0, 0xd0, 0xc0, 0xc0, 0xd0, 0xd0, 0xd0, 
	0xb0, 0xb0, 0xc0, 0xe0, 0xf0, 0xe0, 0xd0, 0xd0, 
	0xe0, 0xf0, 0xe0, 0xc0, 0xb0, 0xb0, 0xb0, 0xc0, 
	0xc0, 0xc0, 0xb0, 0xb0, 0xd0, 0xe0, 0xe0, 0xe0, 
	0xd0, 0xc0, 0xc0, 0xc0, 0xc0, 0xb0, 0xb0, 0xc0, 
	0xb0, 0xc0, 0xd0, 0xd0, 0xe0, 0xe0, 0xf0, 0xf0, 
	0xe0, 0xe0, 0xf0, 0xf0, 0xf0, 0xf0, 0xf0, 0xf0, 
	0xf0, 0xf0, 0xe0, 0xd0, 0xc0, 0xd0, 0xd0, 0xc0, 
	0xd0, 0xe0, 0xe0, 0xd0, 0xb0, 0xc0, 0xd0, 0xd0, 
	0xc0, 0xc0, 0xd0, 0xd0, 0xc0, 0xd0, 0xd0, 0xd0, 
	0xe0, 0xf0, 0xe0, 0xb0, 0xa0, 0xa0, 0xa0, 0xb0, 
	0xc0, 0xb0, 0xa0, 0xc0, 0xf0, 0xf0, 0xe0, 0xd0, 
	0xd0, 0xc0, 0xc0, 0xc0, 0xa0, 0xa0, 0xa0, 0xb0, 
	0xc0, 0xd0, 0xd0, 0xd0, 0xe0, 0xd0, 0xf0, 0xf0, 
	0xf0, 0xf0, 0xf0, 0xf0, 0xf0, 0xf0, 0xf0, 0xf0, 
	0xf0, 0xe0, 0xd0, 0xc0, 0xc0, 0xc0, 0xb0, 0xb0, 
	0xe0, 0xe0, 0xf0, 0xe0, 0xc0, 0xd0, 0xd0, 0xd0, 
	0xe0, 0xe0, 0xe0, 0xd0, 0xd0, 0xd0, 0xd0, 0xc0, 
	0xc0, 0xc0, 0xd0, 0xc0, 0xb0, 0xa0, 0xa0, 0xb0, 
	0xc0, 0xb0, 0xa0, 0xd0, 0xe0, 0xd0, 0xc0, 0xb0, 
	0xb0, 0xc0, 0xd0, 0xc0, 0xa0, 0xb0, 0x90, 0xa0, 
	0xd0, 0xe0, 0xd0, 0xe0, 0xe0, 0xd0, 0xf0, 0xf0, 
	0xf0, 0xf0, 0xf0, 0xf0, 0xf0, 0xf0, 0xf0, 0xf0, 
	0xf0, 0xd0, 0xc0, 0xb0, 0xd0, 0xc0, 0xa0, 0xa0, 
	0xd0, 0xd0, 0xc0, 0xe0, 0xe0, 0xd0, 0xc0, 0xd0, 
	0xd0, 0xe0, 0xd0, 0xd0, 0xe0, 0xe0, 0xf0, 0xe0, 
	0xb0, 0xb0, 0xd0, 0xd0, 0xc0, 0xb0, 0xb0, 0xc0, 
	0xc0, 0xa0, 0xa0, 0xc0, 0xd0, 0xc0, 0xc0, 0xb0, 
	0xb0, 0xc0, 0xd0, 0xd0, 0xc0, 0xc0, 0xa0, 0xb0, 
	0xd0, 0xd0, 0xe0, 0xf0, 0xf0, 0xf0, 0xe0, 0xf0, 
	0xf0, 0xf0, 0xf0, 0xf0, 0xf0, 0xf0, 0xf0, 0xf0, 
	0xf0, 0xd0, 0xc0, 0xd0, 0xe0, 0xd0, 0xb0, 0xc0, 
	0xd0, 0xc0, 0xb0, 0xc0, 0xe0, 0xc0, 0xb0, 0xc0, 
	0xc0, 0xd0, 0xd0, 0xd0, 0xe0, 0xe0, 0xf0, 0xe0, 
	0xc0, 0xb0, 0xc0, 0xe0, 0xe0, 0xd0, 0xc0, 0xc0, 
	0xb0, 0xa0, 0xb0, 0xb0, 0xb0, 0xb0, 0xc0, 0xc0, 
	0xb0, 0xb0, 0xd0, 0xf0, 0xf0, 0xe0, 0xd0, 0xd0, 
	0xd0, 0xd0, 0xf0, 0xf0, 0xf0, 0xf0, 0xe0, 0xe0, 
	0xf0, 0xf0, 0xe0, 0xf0, 0xf0, 0xf0, 0xf0, 0xf0, 
	0xf0, 0xf0, 0xf0, 0xf0, 0xf0, 0xd0, 0xe0, 0xe0, 
	0xd0, 0xd0, 0xc0, 0xc0, 0xc0, 0xa0, 0x90, 0xb0, 
	0xa0, 0xc0, 0xe0, 0xe0, 0xe0, 0xe0, 0xe0, 0xe0, 
	0xe0, 0xd0, 0xc0, 0xd0, 0xd0, 0xd0, 0xe0, 0xd0, 
	0xc0, 0xc0, 0xd0, 0xc0, 0xb0, 0xb0, 0xd0, 0xf0, 
	0xe0, 0xd0, 0xc0, 0xd0, 0xc0, 0xd0, 0xd0, 0xc0, 
	0xd0, 0xe0, 0xe0, 0xf0, 0xf0, 0xf0, 0xf0, 0xf0, 
	0xf0, 0xf0, 0xe0, 0xf0, 0xf0, 0xf0, 0xf0, 0xf0, 
	0xf0, 0xf0, 0xf0, 0xf0, 0xf0, 0xd0, 0xe0, 0xe0, 
	0xc0, 0xc0, 0xc0, 0xc0, 0xa0, 0x90, 0x90, 0xb0, 
	0xb0, 0xc0, 0xd0, 0xe0, 0xd0, 0xd0, 0xd0, 0xd0, 
	0xe0, 0xe0, 0xd0, 0xc0, 0xc0, 0xd0, 0xe0, 0xe0, 
	0xd0, 0xd0, 0xf0, 0xf0, 0xe0, 0xe0, 0xe0, 0xf0, 
	0xf0, 0xe0, 0xd0, 0xd0, 0xd0, 0xe0, 0xe0, 0xd0, 
	0xe0, 0xe0, 0xe0, 0xe0, 0xe0, 0xe0, 0xf0, 0xe0, 
	0xf0, 0xf0, 0xf0, 0xf0, 0xf0, 0xf0, 0xf0, 0xf0, 
	0xf0, 0xf0, 0xf0, 0xf0, 0xf0, 0xe0, 0xe0, 0xe0, 
	0xc0, 0xb0, 0xc0, 0xb0, 0xa0, 0xb0, 0xb0, 0xd0, 
	0xc0, 0xc0, 0xd0, 0xd0, 0xb0, 0xc0, 0xc0, 0xb0, 
	0xc0, 0xd0, 0xc0, 0xa0, 0xb0, 0xb0, 0xd0, 0xe0, 
	0xe0, 0xf0, 0xf0, 0xf0, 0xf0, 0xf0, 0xd0, 0xe0, 
	0xf0, 0xf0, 0xd0, 0xd0, 0xd0, 0xe0, 0xe0, 0xe0, 
	0xf0, 0xe0, 0xd0, 0xd0, 0xd0, 0xe0, 0xf0, 0xf0, 
	0xe0, 0xe0, 0xf0, 0xe0, 0xf0, 0xf0, 0xf0, 0xf0, 
	0xf0, 0xe0, 0xe0, 0xf0, 0xf0, 0xf0, 0xf0, 0xe0, 
	0xd0, 0xc0, 0xc0, 0xa0, 0xb0, 0xc0, 0xd0, 0xd0, 
	0xd0, 0xc0, 0xb0, 0xa0, 0xa0, 0xc0, 0xc0, 0xb0, 
	0xb0, 0xb0, 0xa0, 0x90, 0xa0, 0xb0, 0xc0, 0xc0, 
	0xd0, 0xf0, 0xf0, 0xe0, 0xf0, 0xf0, 0xd0, 0xd0, 
	0xf0, 0xf0, 0xd0, 0xe0, 0xe0, 0xe0, 0xe0, 0xe0, 
	0xf0, 0xe0, 0xd0, 0xc0, 0xc0, 0xe0, 0xe0, 0xe0, 
	0xe0, 0xf0, 0xe0, 0xe0, 0xe0, 0xf0, 0xf0, 0xf0, 
	0xe0, 0xe0, 0xf0, 0xf0, 0xf0, 0xf0, 0xf0, 0xe0, 
	0xd0, 0xc0, 0xb0, 0xb0, 0xb0, 0xc0, 0xd0, 0xc0, 
	0xd0, 0xe0, 0xc0, 0xb0, 0xc0, 0xc0, 0xc0, 0xc0, 
	0xc0, 0xc0, 0xc0, 0xb0, 0xc0, 0xc0, 0xc0, 0xc0, 
	0xe0, 0xf0, 0xf0, 0xf0, 0xf0, 0xf0, 0xe0, 0xe0, 
	0xf0, 0xf0, 0xe0, 0xe0, 0xe0, 0xd0, 0xe0, 0xe0, 
	0xe0, 0xd0, 0xd0, 0xc0, 0xb0, 0xc0, 0xd0, 0xd0, 
	0xe0, 0xf0, 0xf0, 0xf0, 0xf0, 0xf0, 0xf0, 0xe0, 
	0xd0, 0xe0, 0xf0, 0xe0, 0xe0, 0xe0, 0xd0, 0xc0, 
	0xc0, 0xb0, 0xa0, 0xa0, 0xb0, 0xc0, 0xd0, 0xc0, 
	0xc0, 0xd0, 0xd0, 0xd0, 0xe0, 0xc0, 0xc0, 0xd0, 
	0xe0, 0xe0, 0xe0, 0xe0, 0xc0, 0xd0, 0xd0, 0xe0, 
	0xf0, 0xf0, 0xf0, 0xf0, 0xe0, 0xf0, 0xf0, 0xf0, 
	0xf0, 0xf0, 0xf0, 0xf0, 0xf0, 0xe0, 0xd0, 0xd0, 
	0xd0, 0xc0, 0xc0, 0xb0, 0xb0, 0xc0, 0xb0, 0xc0, 
	0xe0, 0xe0, 0xf0, 0xf0, 0xf0, 0xf0, 0xf0, 0xe0, 
	0xe0, 0xe0, 0xe0, 0xd0, 0xe0, 0xd0, 0xc0, 0xb0, 
	0xb0, 0xa0, 0x90, 0xa0, 0xa0, 0xb0, 0xc0, 0xc0, 
	0xb0, 0xb0, 0xd0, 0xe0, 0xd0, 0xc0, 0xd0, 0xd0, 
	0xe0, 0xe0, 0xf0, 0xf0, 0xd0, 0xd0, 0xd0, 0xf0, 
	0xf0, 0xf0, 0xf0, 0xf0, 0xe0, 0xf0, 0xf0, 0xf0, 
	0xf0, 0xf0, 0xf0, 0xf0, 0xf0, 0xf0, 0xe0, 0xe0, 
	0xd0, 0xc0, 0xb0, 0xb0, 0xd0, 0xc0, 0xc0, 0xd0, 
	0xd0, 0xe0, 0xf0, 0xe0, 0xf0, 0xf0, 0xf0, 0xf0, 
	0xf0, 0xd0, 0xe0, 0xf0, 0xf0, 0xe0, 0xd0, 0xc0, 
	0xb0, 0xc0, 0xb0, 0xa0, 0xb0, 0xc0, 0xc0, 0xc0, 
	0xb0, 0xa0, 0xd0, 0xe0, 0xd0, 0xc0, 0xd0, 0xe0, 
	0xe0, 0xe0, 0xe0, 0xf0, 0xe0, 0xd0, 0xe0, 0xf0, 
	0xe0, 0xe0, 0xf0, 0xf0, 0xe0, 0xe0, 0xe0, 0xf0, 
	0xe0, 0xe0, 0xf0, 0xe0, 0xe0, 0xe0, 0xf0, 0xe0, 
	0xd0, 0xc0, 0xd0, 0xd0, 0xd0, 0xd0, 0xd0, 0xd0, 
	0xe0, 0xe0, 0xe0, 0xd0, 0xd0, 0xf0, 0xf0, 0xf0, 
	0xe0, 0xd0, 0xe0, 0xf0, 0xf0, 0xf0, 0xf0, 0xf0, 
	0xf0, 0xf0, 0xe0, 0xc0, 0xc0, 0xd0, 0xe0, 0xe0, 
	0xc0, 0xb0, 0xb0, 0xd0, 0xc0, 0xc0, 0xc0, 0xd0, 
	0xe0, 0xd0, 0xd0, 0xe0, 0xe0, 0xe0, 0xe0, 0xe0, 
	0xe0, 0xf0, 0xe0, 0xd0, 0xe0, 0xf0, 0xe0, 0xe0, 
	0xe0, 0xf0, 0xf0, 0xf0, 0xe0, 0xe0, 0xf0, 0xf0, 
	0xf0, 0xe0, 0xe0, 0xf0, 0xe0, 0xd0, 0xd0, 0xd0, 
	0xe0, 0xe0, 0xe0, 0xe0, 0xe0, 0xe0, 0xe0, 0xe0, 
	0xf0, 0xf0, 0xf0, 0xe0, 0xf0, 0xf0, 0xf0, 0xf0, 
	0xf0, 0xf0, 0xf0, 0xd0, 0xd0, 0xe0, 0xe0, 0xd0, 
	0xf0, 0xf0, 0xd0, 0xc0, 0xc0, 0xd0, 0xd0, 0xe0, 
	0xe0, 0xc0, 0xd0, 0xe0, 0xe0, 0xe0, 0xe0, 0xd0, 
	0xe0, 0xf0, 0xe0, 0xd0, 0xf0, 0xf0, 0xd0, 0xd0, 
	0xe0, 0xe0, 0xf0, 0xf0, 0xf0, 0xf0, 0xf0, 0xf0, 
	0xf0, 0xf0, 0xf0, 0xf0, 0xe0, 0xe0, 0xe0, 0xe0, 
	0xe0, 0xe0, 0xe0, 0xf0, 0xf0, 0xe0, 0xd0, 0xd0, 
	0xe0, 0xe0, 0xe0, 0xe0, 0xe0, 0xf0, 0xe0, 0xe0, 
	0xf0, 0xf0, 0xf0, 0xe0, 0xe0, 0xe0, 0xd0, 0xd0, 
	0xe0, 0xe0, 0xd0, 0xc0, 0xc0, 0xc0, 0xc0, 0xd0, 
	0xd0, 0xe0, 0xe0, 0xe0, 0xd0, 0xe0, 0xe0, 0xd0, 
	0xc0, 0xd0, 0xd0, 0xe0, 0xf0, 0xe0, 0xd0, 0xd0, 
	0xe0, 0xf0, 0xf0, 0xf0, 0xf0, 0xf0, 0xf0, 0xf0, 
	0xf0, 0xf0, 0xf0, 0xf0, 0xf0, 0xf0, 0xf0, 0xe0, 
	0xd0, 0xe0, 0xf0, 0xf0, 0xf0, 0xf0, 0xd0, 0xd0, 
	0xd0, 0xd0, 0xd0, 0xd0, 0xd0, 0xd0, 0xd0, 0xe0, 
	0xe0, 0xe0, 0xe0, 0xf0, 0xf0, 0xe0, 0xc0, 0xd0, 
	0xd0, 0xd0, 0xd0, 0xc0, 0xd0, 0xc0, 0xc0, 0xd0, 
	0xe0, 0xf0, 0xf0, 0xe0, 0xe0, 0xe0, 0xd0, 0xd0, 
	0xb0, 0xb0, 0xd0, 0xf0, 0xe0, 0xe0, 0xd0, 0xd0, 
	0xe0, 0xe0, 0xe0, 0xe0, 0xf0, 0xf0, 0xf0, 0xf0, 
	0xf0, 0xe0, 0xf0, 0xf0, 0xf0, 0xf0, 0xf0, 0xe0, 
	0xe0, 0xe0, 0xe0, 0xe0, 0xe0, 0xe0, 0xd0, 0xd0, 
	0xd0, 0xd0, 0xd0, 0xd0, 0xd0, 0xd0, 0xd0, 0xd0, 
	0xe0, 0xe0, 0xf0, 0xf0, 0xf0, 0xf0, 0xd0, 0xd0, 
	0xd0, 0xd0, 0xd0, 0xd0, 0xd0, 0xd0, 0xd0, 0xd0, 
	0xd0, 0xf0, 0xe0, 0xd0, 0xf0, 0xf0, 0xf0, 0xe0, 
	0xb0, 0xa0, 0xd0, 0xf0, 0xd0, 0xc0, 0xc0, 0xd0, 
	0xd0, 0xe0, 0xe0, 0xe0, 0xe0, 0xf0, 0xf0, 0xf0, 
	0xe0, 0xe0, 0xe0, 0xf0, 0xf0, 0xf0, 0xf0, 0xe0, 
	0xe0, 0xe0, 0xd0, 0xb0, 0xc0, 0xd0, 0xd0, 0xc0, 
	0xc0, 0xd0, 0xd0, 0xd0, 0xe0, 0xd0, 0xd0, 0xd0, 
	0xe0, 0xf0, 0xf0, 0xf0, 0xf0, 0xf0, 0xe0, 0xd0, 
	0xd0, 0xd0, 0xd0, 0xe0, 0xe0, 0xe0, 0xd0, 0xc0, 
	0xd0, 0xe0, 0xe0, 0xd0, 0xf0, 0xf0, 0xe0, 0xd0, 
	0xc0, 0xb0, 0xb0, 0xd0, 0xc0, 0xa0, 0xb0, 0xc0, 
	0xd0, 0xc0, 0xd0, 0xd0, 0xf0, 0xf0, 0xf0, 0xf0, 
	0xf0, 0xe0, 0xf0, 0xe0, 0xe0, 0xe0, 0xe0, 0xe0, 
	0xe0, 0xe0, 0xe0, 0xc0, 0xd0, 0xd0, 0xc0, 0xc0, 
	0xc0, 0xc0, 0xd0, 0xe0, 0xf0, 0xf0, 0xd0, 0xd0, 
	0xf0, 0xf0, 0xf0, 0xe0, 0xe0, 0xf0, 0xf0, 0xe0, 
	0xe0, 0xe0, 0xf0, 0xf0, 0xf0, 0xf0, 0xe0, 0xd0, 
	0xe0, 0xe0, 0xe0, 0xe0, 0xe0, 0xe0, 0xd0, 0xd0, 
	0xf0, 0xf0, 0xd0, 0xc0, 0xc0, 0xb0, 0xa0, 0xb0, 
	0xc0, 0xc0, 0xc0, 0xd0, 0xd0, 0xe0, 0xe0, 0xe0, 
	0xd0, 0xd0, 0xe0, 0xd0, 0xe0, 0xe0, 0xe0, 0xd0, 
	0xe0, 0xd0, 0xe0, 0xd0, 0xd0, 0xc0, 0xa0, 0xb0, 
	0xc0, 0xd0, 0xd0, 0xe0, 0xf0, 0xf0, 0xe0, 0xe0, 
	0xe0, 0xe0, 0xe0, 0xe0, 0xe0, 0xf0, 0xf0, 0xf0, 
	0xd0, 0xe0, 0xf0, 0xf0, 0xf0, 0xf0, 0xe0, 0xd0, 
	0xe0, 0xd0, 0xd0, 0xf0, 0xe0, 0xd0, 0xd0, 0xd0, 
	0xe0, 0xe0, 0xd0, 0xc0, 0xc0, 0xc0, 0xb0, 0xb0, 
	0xb0, 0xc0, 0xc0, 0xc0, 0xd0, 0xe0, 0xe0, 0xd0, 
	0xd0, 0xe0, 0xd0, 0xe0, 0xe0, 0xe0, 0xe0, 0xd0, 
	0xd0, 0xd0, 0xd0, 0xd0, 0xd0, 0xb0, 0xb0, 0xc0, 
	0xd0, 0xc0, 0xd0, 0xd0, 0xd0, 0xe0, 0xe0, 0xf0, 
	0xe0, 0xe0, 0xf0, 0xf0, 0xf0, 0xf0, 0xf0, 0xe0, 
	0xd0, 0xd0, 0xe0, 0xe0, 0xe0, 0xe0, 0xf0, 0xf0, 
	0xd0, 0xd0, 0xe0, 0xf0, 0xe0, 0xd0, 0xd0, 0xd0, 
	0xd0, 0xc0, 0xd0, 0xc0, 0xc0, 0xd0, 0xd0, 0xc0, 
	0xa0, 0xb0, 0xc0, 0xc0, 0xd0, 0xe0, 0xe0, 0xd0, 
	0xe0, 0xd0, 0xc0, 0xc0, 0xc0, 0xc0, 0xc0, 0xd0, 
	0xd0, 0xc0, 0xc0, 0xe0, 0xc0, 0xc0, 0xd0, 0xd0, 
	0xd0, 0xc0, 0xc0, 0xd0, 0xd0, 0xd0, 0xd0, 0xd0, 
	0xd0, 0xe0, 0xf0, 0xf0, 0xf0, 0xf0, 0xe0, 0xc0, 
	0xe0, 0xd0, 0xd0, 0xe0, 0xd0, 0xe0, 0xe0, 0xd0, 
	0xd0, 0xc0, 0xd0, 0xd0, 0xd0, 0xd0, 0xe0, 0xe0, 
	0xd0, 0xd0, 0xd0, 0xd0, 0xc0, 0xd0, 0xe0, 0xd0, 
	0xb0, 0xb0, 0xc0, 0xd0, 0xd0, 0xf0, 0xf0, 0xe0, 
	0xf0, 0xd0, 0xb0, 0xb0, 0xb0, 0xb0, 0xc0, 0xc0, 
	0xc0, 0xb0, 0xc0, 0xc0, 0xc0, 0xd0, 0xf0, 0xf0, 
	0xd0, 0xd0, 0xd0, 0xe0, 0xf0, 0xf0, 0xd0, 0xd0, 
	0xe0, 0xe0, 0xf0, 0xf0, 0xf0, 0xf0, 0xd0, 0xd0, 
	0xe0, 0xc0, 0xc0, 0xe0, 0xf0, 0xf0, 0xd0, 0xd0, 
	0xe0, 0xd0, 0xc0, 0xc0, 0xd0, 0xd0, 0xd0, 0xc0, 
	0xd0, 0xd0, 0xc0, 0xc0, 0xc0, 0xc0, 0xc0, 0xc0, 
	0xd0, 0xc0, 0xc0, 0xd0, 0xd0, 0xe0, 0xf0, 0xe0, 
	0xe0, 0xd0, 0xc0, 0xc0, 0xc0, 0xc0, 0xc0, 0xc0, 
	0xc0, 0xc0, 0xc0, 0xc0, 0xc0, 0xd0, 0xe0, 0xe0, 
	0xd0, 0xc0, 0xc0, 0xd0, 0xf0, 0xf0, 0xd0, 0xe0, 
	0xf0, 0xe0, 0xf0, 0xe0, 0xe0, 0xf0, 0xe0, 0xf0, 
	0xe0, 0xd0, 0xd0, 0xf0, 0xf0, 0xf0, 0xd0, 0xe0, 
	0xe0, 0xd0, 0xd0, 0xc0, 0xd0, 0xc0, 0xc0, 0xb0, 
	0xb0, 0xd0, 0xd0, 0xd0, 0xc0, 0xc0, 0xc0, 0xc0, 
	0xc0, 0xc0, 0xc0, 0xd0, 0xd0, 0xe0, 0xe0, 0xe0, 
	0xd0, 0xd0, 0xc0, 0xc0, 0xd0, 0xe0, 0xd0, 0xd0, 
	0xc0, 0xb0, 0xb0, 0xc0, 0xd0, 0xd0, 0xd0, 0xd0, 
	0xc0, 0xd0, 0xd0, 0xd0, 0xe0, 0xe0, 0xc0, 0xe0, 
	0xf0, 0xf0, 0xe0, 0xe0, 0xe0, 0xf0, 0xf0, 0xf0, 
	0xf0, 0xe0, 0xf0, 0xf0, 0xf0, 0xe0, 0xc0, 0xd0, 
	0xe0, 0xe0, 0xd0, 0xd0, 0xd0, 0xc0, 0xc0, 0xb0, 
	0xa0, 0xc0, 0xd0, 0xd0, 0xc0, 0xc0, 0xc0, 0xc0, 
	0xc0, 0xb0, 0xb0, 0xd0, 0xe0, 0xf0, 0xf0, 0xe0, 
	0xe0, 0xe0, 0xd0, 0xe0, 0xe0, 0xe0, 0xd0, 0xd0, 
	0xc0, 0xc0, 0xc0, 0xd0, 0xe0, 0xe0, 0xd0, 0xd0, 
	0xd0, 0xd0, 0xd0, 0xd0, 0xe0, 0xd0, 0xc0, 0xd0, 
	0xe0, 0xe0, 0xe0, 0xe0, 0xe0, 0xe0, 0xe0, 0xe0, 
	0xf0, 0xf0, 0xf0, 0xf0, 0xf0, 0xd0, 0xc0, 0xc0, 
	0xd0, 0xd0, 0xd0, 0xd0, 0xd0, 0xc0, 0xd0, 0xc0, 
	0xb0, 0xd0, 0xe0, 0xd0, 0xc0, 0xb0, 0xc0, 0xc0, 
	0xc0, 0xc0, 0xd0, 0xd0, 0xd0, 0xe0, 0xf0, 0xf0, 
	0xe0, 0xe0, 0xd0, 0xe0, 0xd0, 0xd0, 0xc0, 0xc0, 
	0xd0, 0xd0, 0xc0, 0xe0, 0xf0, 0xe0, 0xe0, 0xe0, 
	0xe0, 0xe0, 0xe0, 0xf0, 0xd0, 0xd0, 0xd0, 0xd0, 
	0xc0, 0xe0, 0xf0, 0xe0, 0xd0, 0xd0, 0xd0, 0xe0, 
	0xf0, 0xf0, 0xf0, 0xe0, 0xe0, 0xd0, 0xd0, 0xd0, 
	0xd0, 0xc0, 0xd0, 0xe0, 0xe0, 0xd0, 0xe0, 0xf0, 
	0xe0, 0xd0, 0xd0, 0xd0, 0xd0, 0xc0, 0xc0, 0xd0, 
	0xc0, 0xc0, 0xd0, 0xd0, 0xc0, 0xc0, 0xe0, 0xe0, 
	0xe0, 0xf0, 0xf0, 0xe0, 0xd0, 0xd0, 0xd0, 0xe0, 
	0xf0, 0xd0, 0xd0, 0xd0, 0xe0, 0xf0, 0xf0, 0xe0, 
	0xd0, 0xe0, 0xe0, 0xf0, 0xf0, 0xe0, 0xd0, 0xd0, 
	0xd0, 0xe0, 0xf0, 0xe0, 0xc0, 0xc0, 0xc0, 0xd0, 
	0xd0, 0xe0, 0xe0, 0xe0, 0xe0, 0xe0, 0xe0, 0xe0, 
	0xd0, 0xc0, 0xc0, 0xd0, 0xd0, 0xe0, 0xf0, 0xf0, 
	0xe0, 0xb0, 0xb0, 0xd0, 0xe0, 0xe0, 0xd0, 0xc0, 
	0xd0, 0xd0, 0xd0, 0xd0, 0xd0, 0xb0, 0xc0, 0xd0, 
	0xd0, 0xd0, 0xd0, 0xd0, 0xd0, 0xc0, 0xd0, 0xd0, 
	0xe0, 0xd0, 0xd0, 0xd0, 0xd0, 0xf0, 0xf0, 0xe0, 
	0xd0, 0xe0, 0xe0, 0xf0, 0xe0, 0xe0, 0xe0, 0xd0, 
	0xe0, 0xe0, 0xe0, 0xd0, 0xc0, 0xb0, 0xc0, 0xd0, 
	0xb0, 0xc0, 0xd0, 0xd0, 0xd0, 0xc0, 0xc0, 0xd0, 
	0xc0, 0xc0, 0xd0, 0xc0, 0xd0, 0xe0, 0xe0, 0xe0, 
	0xc0, 0xb0, 0xc0, 0xd0, 0xe0, 0xe0, 0xd0, 0xd0, 
	0xc0, 0xd0, 0xc0, 0xd0, 0xc0, 0xb0, 0xc0, 0xc0, 
	0xc0, 0xd0, 0xe0, 0xf0, 0xf0, 0xe0, 0xe0, 0xe0, 
	0xe0, 0xd0, 0xc0, 0xc0, 0xd0, 0xe0, 0xe0, 0xe0, 
	0xe0, 0xf0, 0xf0, 0xf0, 0xe0, 0xe0, 0xe0, 0xd0, 
	0xe0, 0xe0, 0xc0, 0xc0, 0xb0, 0xa0, 0xb0, 0xb0, 
	0xb0, 0xc0, 0xd0, 0xd0, 0xb0, 0xb0, 0xb0, 0xb0, 
	0xb0, 0xc0, 0xc0, 0xc0, 0xd0, 0xe0, 0xd0, 0xc0, 
	0xb0, 0xd0, 0xe0, 0xf0, 0xe0, 0xd0, 0xc0, 0xc0, 
	0xc0, 0xd0, 0xc0, 0xc0, 0xc0, 0xb0, 0xc0, 0xc0, 
	0xc0, 0xd0, 0xf0, 0xf0, 0xf0, 0xf0, 0xf0, 0xf0, 
	0xf0, 0xe0, 0xc0, 0xc0, 0xd0, 0xc0, 0xd0, 0xe0, 
	0xe0, 0xf0, 0xf0, 0xf0, 0xe0, 0xe0, 0xf0, 0xd0, 
	0xc0, 0xc0, 0xa0, 0xb0, 0xb0, 0xc0, 0xb0, 0xc0, 
	0xc0, 0xd0, 0xd0, 0xc0, 0xa0, 0xa0, 0xa0, 0xa0, 
	0xb0, 0xb0, 0xb0, 0xc0, 0xd0, 0xc0, 0xc0, 0xd0, 
	0xe0, 0xf0, 0xf0, 0xe0, 0xd0, 0xb0, 0xa0, 0xb0, 
	0xb0, 0xc0, 0xc0, 0xc0, 0xc0, 0xc0, 0xd0, 0xc0, 
	0xd0, 0xe0, 0xf0, 0xf0, 0xf0, 0xf0, 0xf0, 0xe0, 
	0xe0, 0xe0, 0xd0, 0xc0, 0xc0, 0xb0, 0xb0, 0xd0, 
	0xe0, 0xe0, 0xf0, 0xf0, 0xf0, 0xf0, 0xf0, 0xd0, 
	0xc0, 0xb0, 0xa0, 0xb0, 0xc0, 0xd0, 0xd0, 0xd0, 
	0xd0, 0xd0, 0xc0, 0xa0, 0xa0, 0xb0, 0xb0, 0xb0, 
	0xb0, 0xb0, 0xb0, 0xb0, 0xb0, 0xc0, 0xc0, 0xe0, 
	0xf0, 0xf0, 0xe0, 0xd0, 0xd0, 0xc0, 0xb0, 0xb0, 
	0xc0, 0xb0, 0xc0, 0xb0, 0xc0, 0xe0, 0xe0, 0xd0, 
	0xd0, 0xd0, 0xf0, 0xf0, 0xf0, 0xf0, 0xe0, 0xe0, 
	0xe0, 0xe0, 0xe0, 0xd0, 0xc0, 0xb0, 0xa0, 0xc0, 
	0xd0, 0xd0, 0xd0, 0xe0, 0xe0, 0xf0, 0xf0, 0xd0, 
	0xc0, 0xb0, 0xb0, 0xc0, 0xc0, 0xe0, 0xe0, 0xe0, 
	0xd0, 0xd0, 0xb0, 0xb0, 0xc0, 0xd0, 0xc0, 0xc0, 
	0xd0, 0xc0, 0xb0, 0xb0, 0xa0, 0xb0, 0xc0, 0xc0, 
	0xd0, 0xc0, 0xc0, 0xc0, 0xc0, 0xd0, 0xc0, 0xb0, 
	0xb0, 0xa0, 0xa0, 0xa0, 0xc0, 0xd0, 0xe0, 0xe0, 
	0xe0, 0xe0, 0xf0, 0xf0, 0xf0, 0xe0, 0xd0, 0xd0, 
	0xe0, 0xf0, 0xe0, 0xe0, 0xc0, 0xb0, 0xb0, 0xc0, 
	0xd0, 0xc0, 0xc0, 0xe0, 0xd0, 0xd0, 0xe0, 0xd0, 
	0xc0, 0xb0, 0xc0, 0xb0, 0xb0, 0xc0, 0xd0, 0xd0, 
	0xe0, 0xc0, 0xc0, 0xd0, 0xd0, 0xd0, 0xc0, 0xc0, 
	0xd0, 0xd0, 0xc0, 0xb0, 0xa0, 0xb0, 0xb0, 0xa0, 
	0xa0, 0xc0, 0xc0, 0xc0, 0xc0, 0xc0, 0xc0, 0xb0, 
	0x90, 0x80, 0x90, 0xa0, 0xc0, 0xd0, 0xe0, 0xe0, 
	0xf0, 0xf0, 0xf0, 0xf0, 0xf0, 0xf0, 0xe0, 0xd0, 
	0xe0, 0xf0, 0xe0, 0xc0, 0xb0, 0xc0, 0xc0, 0xc0, 
	0xe0, 0xe0, 0xd0, 0xd0, 0xd0, 0xd0, 0xc0, 0xc0, 
	0xc0, 0xb0, 0xa0, 0xa0, 0xb0, 0xc0, 0xb0, 0xc0, 
	0xc0, 0xc0, 0xd0, 0xf0, 0xf0, 0xd0, 0xd0, 0xd0, 
	0xe0, 0xe0, 0xc0, 0xa0, 0xb0, 0xb0, 0xa0, 0xb0, 
	0xc0, 0xd0, 0xd0, 0xc0, 0xb0, 0xb0, 0xb0, 0xa0, 
	0x80, 0x90, 0xa0, 0xb0, 0xb0, 0xb0, 0xc0, 0xc0, 
	0xe0, 0xe0, 0xf0, 0xf0, 0xf0, 0xf0, 0xf0, 0xf0, 
	0xe0, 0xe0, 0xe0, 0xc0, 0xa0, 0xc0, 0xc0, 0xc0, 
	0xe0, 0xf0, 0xd0, 0xd0, 0xd0, 0xd0, 0xd0, 0xd0, 
	0xd0, 0xc0, 0xa0, 0xa0, 0xc0, 0xc0, 0xb0, 0xc0, 
	0xc0, 0xc0, 0xd0, 0xe0, 0xe0, 0xd0, 0xc0, 0xc0, 
	0xc0, 0xe0, 0xd0, 0xb0, 0xc0, 0xc0, 0xb0, 0xd0, 
	0xe0, 0xe0, 0xd0, 0xc0, 0xb0, 0xb0, 0xb0, 0xa0, 
	0x90, 0xa0, 0xb0, 0xb0, 0xb0, 0xa0, 0xa0, 0xb0, 
	0xd0, 0xd0, 0xe0, 0xf0, 0xf0, 0xf0, 0xf0, 0xf0, 
	0xf0, 0xe0, 0xe0, 0xd0, 0xb0, 0xb0, 0xb0, 0xc0, 
	0xd0, 0xd0, 0xc0, 0xd0, 0xe0, 0xe0, 0xe0, 0xe0, 
	0xf0, 0xf0, 0xe0, 0xd0, 0xd0, 0xc0, 0xc0, 0xc0, 
	0xc0, 0xd0, 0xd0, 0xd0, 0xd0, 0xc0, 0xd0, 0xd0, 
	0xc0, 0xd0, 0xd0, 0xb0, 0xc0, 0xd0, 0xc0, 0xc0, 
	0xd0, 0xc0, 0xc0, 0xd0, 0xc0, 0xc0, 0xb0, 0xa0, 
	0xb0, 0xb0, 0xb0, 0xc0, 0xc0, 0xc0, 0xb0, 0xc0, 
	0xd0, 0xe0, 0xe0, 0xe0, 0xe0, 0xf0, 0xf0, 0xf0, 
	0xf0, 0xe0, 0xe0, 0xe0, 0xe0, 0xc0, 0xb0, 0xc0, 
	0xc0, 0xd0, 0xc0, 0xc0, 0xe0, 0xf0, 0xf0, 0xf0, 
	0xf0, 0xf0, 0xf0, 0xf0, 0xe0, 0xc0, 0xb0, 0xb0, 
	0xd0, 0xd0, 0xe0, 0xd0, 0xd0, 0xd0, 0xd0, 0xd0, 
	0xd0, 0xc0, 0xc0, 0xc0, 0xb0, 0xc0, 0xc0, 0xc0, 
	0xc0, 0xb0, 0xb0, 0xd0, 0xe0, 0xd0, 0xc0, 0xb0, 
	0xb0, 0xb0, 0xc0, 0xc0, 0xd0, 0xd0, 0xc0, 0xc0, 
	0xd0, 0xe0, 0xd0, 0xd0, 0xe0, 0xf0, 0xf0, 0xf0, 
	0xe0, 0xd0, 0xd0, 0xe0, 0xf0, 0xe0, 0xc0, 0xc0, 
	0xd0, 0xd0, 0xd0, 0xd0, 0xe0, 0xf0, 0xf0, 0xf0, 
	0xf0, 0xf0, 0xf0, 0xf0, 0xd0, 0xc0, 0xc0, 0xc0, 
	0xe0, 0xe0, 0xf0, 0xf0, 0xe0, 0xe0, 0xe0, 0xe0, 
	0xf0, 0xd0, 0xc0, 0xc0, 0xb0, 0xc0, 0xd0, 0xd0, 
	0xc0, 0xb0, 0xc0, 0xe0, 0xf0, 0xd0, 0xc0, 0xc0, 
	0xc0, 0xb0, 0xb0, 0xc0, 0xd0, 0xd0, 0xc0, 0xc0, 
	0xd0, 0xd0, 0xe0, 0xe0, 0xe0, 0xf0, 0xe0, 0xe0, 
	0xd0, 0xc0, 0xc0, 0xd0, 0xe0, 0xe0, 0xd0, 0xc0, 
	0xd0, 0xe0, 0xe0, 0xe0, 0xd0, 0xe0, 0xe0, 0xf0, 
	0xf0, 0xe0, 0xe0, 0xd0, 0xc0, 0xd0, 0xd0, 0xd0, 
	0xe0, 0xf0, 0xf0, 0xf0, 0xf0, 0xf0, 0xf0, 0xf0, 
	0xf0, 0xe0, 0xe0, 0xd0, 0xc0, 0xc0, 0xd0, 0xe0, 
	0xe0, 0xe0, 0xe0, 0xe0, 0xf0, 0xd0, 0xb0, 0xc0, 
	0xd0, 0xb0, 0xb0, 0xc0, 0xd0, 0xe0, 0xd0, 0xc0, 
	0xd0, 0xe0, 0xf0, 0xf0, 0xf0, 0xf0, 0xe0, 0xd0, 
	0xd0, 0xd0, 0xe0, 0xe0, 0xe0, 0xd0, 0xc0, 0xd0, 
	0xf0, 0xf0, 0xd0, 0xc0, 0xc0, 0xd0, 0xe0, 0xf0, 
	0xe0, 0xe0, 0xf0, 0xe0, 0xd0, 0xd0, 0xd0, 0xe0, 
	0xf0, 0xf0, 0xf0, 0xf0, 0xf0, 0xf0, 0xf0, 0xf0, 
	0xe0, 0xe0, 0xe0, 0xe0, 0xd0, 0xc0, 0xc0, 0xe0, 
	0xf0, 0xf0, 0xe0, 0xd0, 0xe0, 0xd0, 0xb0, 0xc0, 
	0xd0, 0xc0, 0xc0, 0xc0, 0xe0, 0xe0, 0xe0, 0xd0, 
	0xc0, 0xe0, 0xf0, 0xf0, 0xe0, 0xe0, 0xe0, 0xe0, 
	0xd0, 0xd0, 0xd0, 0xe0, 0xe0, 0xc0, 0xc0, 0xd0, 
	0xe0, 0xe0, 0xd0, 0xc0, 0xc0, 0xc0, 0xd0, 0xd0, 
	0xd0, 0xd0, 0xe0, 0xe0, 0xd0, 0xd0, 0xe0, 0xe0, 
	0xf0, 0xf0, 0xf0, 0xf0, 0xf0, 0xf0, 0xf0, 0xe0, 
	0xe0, 0xd0, 0xe0, 0xe0, 0xe0, 0xc0, 0xc0, 0xe0, 
	0xf0, 0xf0, 0xf0, 0xe0, 0xe0, 0xe0, 0xc0, 0xc0, 
	0xc0, 0xd0, 0xd0, 0xd0, 0xe0, 0xf0, 0xe0, 0xe0, 
	0xe0, 0xe0, 0xe0, 0xd0, 0xd0, 0xe0, 0xf0, 0xf0, 
	0xe0, 0xe0, 0xe0, 0xe0, 0xe0, 0xe0, 0xe0, 0xf0, 
	0xe0, 0xd0, 0xd0, 0xc0, 0xc0, 0xc0, 0xd0, 0xe0, 
	0xe0, 0xe0, 0xe0, 0xf0, 0xd0, 0xe0, 0xe0, 0xf0, 
	0xe0, 0xe0, 0xe0, 0xf0, 0xf0, 0xf0, 0xe0, 0xe0, 
	0xe0, 0xe0, 0xe0, 0xf0, 0xe0, 0xd0, 0xd0, 0xe0, 
	0xf0, 0xf0, 0xf0, 0xe0, 0xe0, 0xf0, 0xe0, 0xd0, 
	0xd0, 0xe0, 0xd0, 0xd0, 0xe0, 0xe0, 0xe0, 0xe0, 
	0xe0, 0xd0, 0xd0, 0xc0, 0xc0, 0xd0, 0xf0, 0xf0, 
	0xf0, 0xf0, 0xe0, 0xd0, 0xe0, 0xf0, 0xf0, 0xf0, 
	0xe0, 0xc0, 0xd0, 0xd0, 0xc0, 0xc0, 0xd0, 0xe0, 
	0xd0, 0xd0, 0xe0, 0xe0, 0xe0, 0xf0, 0xf0, 0xe0, 
	0xc0, 0xd0, 0xd0, 0xf0, 0xf0, 0xe0, 0xf0, 0xf0, 
	0xf0, 0xf0, 0xf0, 0xf0, 0xf0, 0xf0, 0xf0, 0xe0, 
	0xe0, 0xf0, 0xf0, 0xe0, 0xd0, 0xe0, 0xf0, 0xe0, 
	0xe0, 0xf0, 0xe0, 0xe0, 0xe0, 0xd0, 0xd0, 0xd0, 
	0xd0, 0xd0, 0xd0, 0xb0, 0xc0, 0xd0, 0xe0, 0xf0, 
	0xf0, 0xe0, 0xe0, 0xe0, 0xe0, 0xf0, 0xf0, 0xf0, 
	0xd0, 0xc0, 0xc0, 0xd0, 0xd0, 0xd0, 0xc0, 0xd0, 
	0xd0, 0xc0, 0xd0, 0xe0, 0xf0, 0xf0, 0xf0, 0xe0, 
	0xc0, 0xc0, 0xd0, 0xe0, 0xf0, 0xf0, 0xf0, 0xf0, 
	0xf0, 0xf0, 0xf0, 0xf0, 0xf0, 0xf0, 0xf0, 0xe0, 
	0xd0, 0xf0, 0xf0, 0xe0, 0xd0, 0xd0, 0xe0, 0xe0, 
	0xf0, 0xf0, 0xf0, 0xf0, 0xf0, 0xc0, 0xc0, 0xd0, 
	0xe0, 0xd0, 0xc0, 0xb0, 0xb0, 0xc0, 0xe0, 0xf0, 
	0xf0, 0xd0, 0xd0, 0xe0, 0xe0, 0xf0, 0xf0, 0xd0, 
	0xd0, 0xd0, 0xc0, 0xc0, 0xd0, 0xc0, 0xb0, 0xd0, 
	0xc0, 0xb0, 0xc0, 0xe0, 0xf0, 0xf0, 0xf0, 0xf0, 
	0xd0, 0xc0, 0xc0, 0xc0, 0xd0, 0xf0, 0xf0, 0xf0, 
	0xf0, 0xe0, 0xd0, 0xe0, 0xf0, 0xf0, 0xe0, 0xe0, 
	0xd0, 0xf0, 0xf0, 0xf0, 0xe0, 0xd0, 0xe0, 0xf0, 
	0xf0, 0xf0, 0xf0, 0xf0, 0xe0, 0xc0, 0xc0, 0xd0, 
	0xd0, 0xc0, 0xc0, 0xc0, 0xb0, 0xc0, 0xe0, 0xf0, 
	0xf0, 0xe0, 0xe0, 0xe0, 0xe0, 0xe0, 0xe0, 0xd0, 
	0xe0, 0xe0, 0xd0, 0xd0, 0xd0, 0xd0, 0xd0, 0xd0, 
	0xd0, 0xb0, 0xb0, 0xc0, 0xd0, 0xe0, 0xe0, 0xf0, 
	0xe0, 0xd0, 0xd0, 0xd0, 0xd0, 0xf0, 0xf0, 0xf0, 
	0xf0, 0xe0, 0xd0, 0xe0, 0xe0, 0xe0, 0xf0, 0xf0, 
	0xe0, 0xe0, 0xf0, 0xf0, 0xf0, 0xd0, 0xc0, 0xe0, 
	0xd0, 0xe0, 0xf0, 0xf0, 0xe0, 0xc0, 0xc0, 0xd0, 
	0xd0, 0xd0, 0xf0, 0xe0, 0xc0, 0xd0, 0xe0, 0xe0, 
	0xf0, 0xf0, 0xf0, 0xf0, 0xe0, 0xd0, 0xd0, 0xe0, 
	0xf0, 0xe0, 0xd0, 0xd0, 0xc0, 0xd0, 0xe0, 0xd0, 
	0xd0, 0xb0, 0xc0, 0xc0, 0xd0, 0xe0, 0xe0, 0xe0, 
	0xf0, 0xe0, 0xe0, 0xf0, 0xe0, 0xe0, 0xf0, 0xf0, 
	0xd0, 0xd0, 0xe0, 0xe0, 0xf0, 0xe0, 0xe0, 0xe0, 
	0xe0, 0xd0, 0xe0, 0xf0, 0xf0, 0xe0, 0xc0, 0xe0, 
	0xe0, 0xe0, 0xe0, 0xe0, 0xd0, 0xd0, 0xb0, 0xc0, 
	0xd0, 0xe0, 0xf0, 0xf0, 0xf0, 0xf0, 0xd0, 0xd0, 
	0xf0, 0xf0, 0xf0, 0xf0, 0xd0, 0xd0, 0xe0, 0xf0, 
	0xe0, 0xc0, 0xc0, 0xb0, 0xb0, 0xc0, 0xd0, 0xd0, 
	0xd0, 0xd0, 0xd0, 0xe0, 0xe0, 0xe0, 0xf0, 0xf0, 
	0xf0, 0xe0, 0xf0, 0xf0, 0xf0, 0xf0, 0xf0, 0xe0, 
	0xe0, 0xf0, 0xf0, 0xf0, 0xf0, 0xf0, 0xf0, 0xd0, 
	0xc0, 0xc0, 0xd0, 0xe0, 0xe0, 0xe0, 0xd0, 0xe0, 
	0xe0, 0xe0, 0xe0, 0xd0, 0xd0, 0xd0, 0xb0, 0xa0, 
	0xc0, 0xe0, 0xf0, 0xf0, 0xf0, 0xf0, 0xd0, 0xc0, 
	0xc0, 0xe0, 0xf0, 0xf0, 0xe0, 0xd0, 0xe0, 0xe0, 
	0xe0, 0xc0, 0xc0, 0xb0, 0xb0, 0xb0, 0xc0, 0xc0, 
	0xd0, 0xf0, 0xf0, 0xf0, 0xf0, 0xf0, 0xf0, 0xf0, 
	0xf0, 0xf0, 0xf0, 0xf0, 0xf0, 0xf0, 0xe0, 0xf0, 
	0xf0, 0xf0, 0xf0, 0xf0, 0xf0, 0xf0, 0xf0, 0xe0, 
	0xc0, 0xc0, 0xc0, 0xc0, 0xd0, 0xe0, 0xe0, 0xf0, 
	0xf0, 0xe0, 0xd0, 0xc0, 0xb0, 0xc0, 0xc0, 0xb0, 
	0xc0, 0xd0, 0xe0, 0xe0, 0xf0, 0xf0, 0xf0, 0xe0, 
	0xd0, 0xd0, 0xd0, 0xe0, 0xe0, 0xd0, 0xd0, 0xd0, 
	0xe0, 0xd0, 0xc0, 0xc0, 0xc0, 0xc0, 0xa0, 0xb0, 
	0xd0, 0xe0, 0xf0, 0xf0, 0xf0, 0xf0, 0xf0, 0xf0, 
	0xf0, 0xf0, 0xf0, 0xf0, 0xf0, 0xf0, 0xf0, 0xf0, 
	0xf0, 0xf0, 0xf0, 0xf0, 0xf0, 0xe0, 0xe0, 0xe0, 
	0xd0, 0xc0, 0xc0, 0xb0, 0xb0, 0xd0, 0xe0, 0xe0, 
	0xe0, 0xe0, 0xd0, 0xc0, 0xb0, 0xd0, 0xe0, 0xd0, 
	0xb0, 0xb0, 0xc0, 0xd0, 0xd0, 0xe0, 0xf0, 0xf0, 
	0xe0, 0xe0, 0xd0, 0xc0, 0xe0, 0xd0, 0xc0, 0xd0, 
	0xe0, 0xe0, 0xd0, 0xd0, 0xd0, 0xc0, 0xb0, 0xc0, 
	0xd0, 0xe0, 0xf0, 0xf0, 0xf0, 0xf0, 0xf0, 0xf0, 
	0xf0, 0xf0, 0xf0, 0xf0, 0xf0, 0xf0, 0xf0, 0xe0, 
	0xf0, 0xf0, 0xf0, 0xf0, 0xe0, 0xe0, 0xe0, 0xe0, 
	0xe0, 0xd0, 0xc0, 0xb0, 0xa0, 0xc0, 0xd0, 0xc0, 
	0xc0, 0xd0, 0xc0, 0xb0, 0xc0, 0xe0, 0xf0, 0xd0, 
	0xb0, 0xb0, 0xb0, 0xb0, 0xc0, 0xd0, 0xe0, 0xe0, 
	0xe0, 0xe0, 0xd0, 0xd0, 0xe0, 0xe0, 0xc0, 0xc0, 
	0xd0, 0xe0, 0xe0, 0xd0, 0xd0, 0xc0, 0xc0, 0xc0, 
	0xe0, 0xf0, 0xf0, 0xf0, 0xf0, 0xf0, 0xf0, 0xf0, 
	0xe0, 0xe0, 0xe0, 0xf0, 0xf0, 0xf0, 0xf0, 0xf0, 
	0xf0, 0xf0, 0xf0, 0xe0, 0xd0, 0xd0, 0xe0, 0xf0, 
	0xe0, 0xe0, 0xc0, 0xb0, 0xb0, 0xc0, 0xd0, 0xc0, 
	0xb0, 0xb0, 0xb0, 0xb0, 0xd0, 0xe0, 0xe0, 0xd0, 
	0xd0, 0xd0, 0xb0, 0xa0, 0xc0, 0xd0, 0xd0, 0xc0, 
	0xc0, 0xd0, 0xe0, 0xe0, 0xe0, 0xf0, 0xe0, 0xe0, 
	0xe0, 0xe0, 0xe0, 0xd0, 0xd0, 0xd0, 0xe0, 0xd0, 
	0xe0, 0xf0, 0xf0, 0xe0, 0xe0, 0xf0, 0xf0, 0xf0, 
	0xe0, 0xf0, 0xf0, 0xf0, 0xf0, 0xf0, 0xf0, 0xf0, 
	0xf0, 0xf0, 0xf0, 0xf0, 0xe0, 0xd0, 0xe0, 0xf0, 
	0xe0, 0xc0, 0xb0, 0xc0, 0xc0, 0xc0, 0xd0, 0xd0, 
	0xc0, 0xc0, 0xc0, 0xd0, 0xe0, 0xe0, 0xd0, 0xd0, 
	0xe0, 0xe0, 0xc0, 0xc0, 0xd0, 0xd0, 0xd0, 0xd0, 
	0xc0, 0xc0, 0xd0, 0xe0, 0xd0, 0xf0, 0xf0, 0xf0, 
	0xf0, 0xf0, 0xf0, 0xf0, 0xf0, 0xf0, 0xf0, 0xe0, 
	0xe0, 0xe0, 0xf0, 0xe0, 0xe0, 0xe0, 0xe0, 0xf0, 
	
};

Vtx rlongjump_rlongjump_mesh_layer_1_vtx_0[31] = {
	{{ {259, 0, 200}, 0, {6011, 8265}, {226, 226, 226, 255} }},
	{{ {259, 0, 270}, 0, {6011, 8644}, {233, 233, 233, 255} }},
	{{ {368, 0, 373}, 0, {6601, 9201}, {196, 196, 196, 255} }},
	{{ {472, 0, 405}, 0, {7163, 9375}, {202, 202, 202, 255} }},
	{{ {973, 0, 500}, 0, {9872, 9888}, {83, 83, 83, 255} }},
	{{ {259, 0, 500}, 0, {6011, 9888}, {164, 164, 164, 255} }},
	{{ {352, 0, 432}, 0, {6512, 9522}, {173, 173, 173, 255} }},
	{{ {973, 0, 200}, 0, {9872, 8265}, {160, 160, 160, 255} }},
	{{ {259, 0, -22}, 0, {6011, 7067}, {248, 248, 248, 255} }},
	{{ {356, 0, -200}, 0, {6535, 6102}, {215, 215, 215, 255} }},
	{{ {973, 0, -200}, 0, {9872, 6102}, {152, 152, 152, 255} }},
	{{ {973, 0, -500}, 0, {9872, 4480}, {92, 92, 92, 255} }},
	{{ {259, 0, -500}, 0, {6011, 4480}, {187, 187, 187, 255} }},
	{{ {259, 0, -377}, 0, {6011, 5142}, {226, 226, 226, 255} }},
	{{ {-2494, 0, -2973}, 0, {-8880, -8896}, {104, 104, 104, 255} }},
	{{ {-2494, 0, -2648}, 0, {-8880, -7136}, {173, 173, 173, 255} }},
	{{ {-2337, 0, -2531}, 0, {-8028, -6505}, {241, 241, 241, 255} }},
	{{ {-2200, 0, -2595}, 0, {-7289, -6848}, {210, 210, 210, 255} }},
	{{ {-2200, 0, -2973}, 0, {-7289, -8896}, {151, 151, 151, 255} }},
	{{ {-1984, 0, -2424}, 0, {-6120, -5926}, {234, 234, 234, 255} }},
	{{ {-1800, 0, -2137}, 0, {-5126, -4371}, {216, 216, 216, 255} }},
	{{ {-1848, 0, -2137}, 0, {-5386, -4371}, {255, 255, 255, 255} }},
	{{ {-1800, 0, -2973}, 0, {-5126, -8896}, {160, 160, 160, 255} }},
	{{ {-1494, 0, -2973}, 0, {-3472, -8896}, {92, 92, 92, 255} }},
	{{ {-1494, 0, -2137}, 0, {-3472, -4371}, {188, 188, 188, 255} }},
	{{ {-1000, 0, -1837}, 0, {-799, -2748}, {193, 193, 193, 255} }},
	{{ {-300, 0, -1437}, 0, {2986, -585}, {192, 192, 192, 255} }},
	{{ {-300, 0, -1837}, 0, {2986, -2748}, {141, 141, 141, 255} }},
	{{ {-1000, 0, -1437}, 0, {-799, -585}, {236, 236, 236, 255} }},
	{{ {-300, 0, -1123}, 0, {2986, 1113}, {194, 194, 194, 255} }},
	{{ {-700, 0, -1123}, 0, {823, 1113}, {247, 247, 247, 255} }},
};

Gfx rlongjump_rlongjump_mesh_layer_1_tri_0[] = {
	gsSPVertex(rlongjump_rlongjump_mesh_layer_1_vtx_0 + 0, 31, 0),
	gsSP2Triangles(0, 1, 2, 0, 0, 2, 3, 0),
	gsSP2Triangles(0, 3, 4, 0, 3, 5, 4, 0),
	gsSP2Triangles(3, 6, 5, 0, 4, 7, 0, 0),
	gsSP2Triangles(8, 0, 7, 0, 7, 9, 8, 0),
	gsSP2Triangles(7, 10, 9, 0, 9, 10, 11, 0),
	gsSP2Triangles(9, 11, 12, 0, 12, 13, 9, 0),
	gsSP2Triangles(14, 15, 16, 0, 14, 16, 17, 0),
	gsSP2Triangles(17, 18, 14, 0, 18, 17, 19, 0),
	gsSP2Triangles(19, 20, 18, 0, 19, 21, 20, 0),
	gsSP2Triangles(20, 22, 18, 0, 23, 22, 20, 0),
	gsSP2Triangles(23, 20, 24, 0, 25, 26, 27, 0),
	gsSP2Triangles(25, 28, 26, 0, 29, 26, 28, 0),
	gsSP1Triangle(29, 28, 30, 0),
	gsSPEndDisplayList(),
};

Vtx rlongjump_rlongjump_mesh_layer_1_vtx_1[116] = {
	{{ {-2494, 560, -2973}, 0, {-4502, 420}, {118, 118, 118, 255} }},
	{{ {-2494, 0, -2973}, 0, {-4502, 2034}, {104, 104, 104, 255} }},
	{{ {-2200, 0, -2973}, 0, {-3653, 2034}, {151, 151, 151, 255} }},
	{{ {-2200, 560, -2973}, 0, {-3653, 420}, {160, 160, 160, 255} }},
	{{ {-2200, 712, -2973}, 0, {-3653, -18}, {2, 2, 2, 255} }},
	{{ {-1800, 712, -2973}, 0, {-2500, -18}, {0, 0, 0, 255} }},
	{{ {-1800, 560, -2973}, 0, {-2500, 420}, {160, 160, 160, 255} }},
	{{ {-1494, 712, -2973}, 0, {-1619, -18}, {0, 0, 0, 255} }},
	{{ {-1494, 560, -2973}, 0, {-1619, 420}, {118, 118, 118, 255} }},
	{{ {-1494, 0, -2973}, 0, {-1619, 2034}, {92, 92, 92, 255} }},
	{{ {-1800, 0, -2973}, 0, {-2500, 2034}, {160, 160, 160, 255} }},
	{{ {-2494, 712, -2973}, 0, {-4502, -18}, {1, 1, 1, 255} }},
	{{ {-2494, 0, -2648}, 0, {4564, 2034}, {173, 173, 173, 255} }},
	{{ {-2494, 0, -2973}, 0, {5502, 2034}, {104, 104, 104, 255} }},
	{{ {-2494, 560, -2973}, 0, {5502, 420}, {118, 118, 118, 255} }},
	{{ {-2494, 0, -2137}, 0, {3090, 2034}, {184, 184, 184, 255} }},
	{{ {-2494, 560, -2137}, 0, {3090, 420}, {159, 159, 159, 255} }},
	{{ {-2494, 712, -2973}, 0, {5502, -18}, {1, 1, 1, 255} }},
	{{ {-2494, 712, -2137}, 0, {3090, -18}, {0, 0, 0, 255} }},
	{{ {-2494, 560, -1137}, 0, {207, 420}, {158, 158, 158, 255} }},
	{{ {-2494, 712, -1137}, 0, {207, -18}, {0, 0, 0, 255} }},
	{{ {-2494, 0, -1137}, 0, {207, 2034}, {171, 171, 171, 255} }},
	{{ {-2494, 560, -1137}, 0, {-4502, 420}, {158, 158, 158, 255} }},
	{{ {-1000, 0, -1137}, 0, {-194, 2034}, {216, 216, 216, 255} }},
	{{ {-2494, 0, -1137}, 0, {-4502, 2034}, {171, 171, 171, 255} }},
	{{ {-1000, 560, -1137}, 0, {-194, 420}, {210, 210, 210, 255} }},
	{{ {-2494, 712, -1137}, 0, {-4502, -18}, {0, 0, 0, 255} }},
	{{ {-1000, 712, -1137}, 0, {-194, -18}, {0, 0, 0, 255} }},
	{{ {-1000, 0, 500}, 0, {-4510, 2034}, {158, 158, 158, 255} }},
	{{ {-1000, 0, -1137}, 0, {207, 2034}, {216, 216, 216, 255} }},
	{{ {-1000, 560, -1137}, 0, {207, 420}, {210, 210, 210, 255} }},
	{{ {-1000, 560, 500}, 0, {-4510, 420}, {158, 158, 158, 255} }},
	{{ {-1000, 560, 500}, 0, {-4510, 420}, {158, 158, 158, 255} }},
	{{ {-1000, 560, -1137}, 0, {207, 420}, {210, 210, 210, 255} }},
	{{ {-1000, 712, -1137}, 0, {207, -18}, {0, 0, 0, 255} }},
	{{ {-1000, 712, 500}, 0, {-4510, -18}, {0, 0, 0, 255} }},
	{{ {259, 0, 500}, 0, {3436, 2034}, {164, 164, 164, 255} }},
	{{ {973, 560, 500}, 0, {5494, 420}, {118, 118, 118, 255} }},
	{{ {973, 0, 500}, 0, {5494, 2034}, {83, 83, 83, 255} }},
	{{ {259, 560, 500}, 0, {3436, 420}, {145, 145, 145, 255} }},
	{{ {-1000, 0, 500}, 0, {-194, 2034}, {158, 158, 158, 255} }},
	{{ {-1000, 560, 500}, 0, {-194, 420}, {158, 158, 158, 255} }},
	{{ {-1000, 712, 500}, 0, {-194, -18}, {0, 0, 0, 255} }},
	{{ {259, 712, 500}, 0, {3436, -18}, {0, 0, 0, 255} }},
	{{ {973, 712, 500}, 0, {5494, -18}, {0, 0, 0, 255} }},
	{{ {973, 0, 500}, 0, {-4510, 2034}, {83, 83, 83, 255} }},
	{{ {973, 560, 200}, 0, {-3645, 420}, {160, 160, 160, 255} }},
	{{ {973, 0, 200}, 0, {-3645, 2034}, {160, 160, 160, 255} }},
	{{ {973, 560, 500}, 0, {-4510, 420}, {118, 118, 118, 255} }},
	{{ {973, 712, 500}, 0, {-4510, -18}, {0, 0, 0, 255} }},
	{{ {973, 712, 200}, 0, {-3645, -18}, {29, 29, 29, 255} }},
	{{ {973, 560, -200}, 0, {-2492, 420}, {160, 160, 160, 255} }},
	{{ {973, 712, -200}, 0, {-2492, -18}, {128, 128, 128, 255} }},
	{{ {973, 560, -500}, 0, {-1627, 420}, {118, 118, 118, 255} }},
	{{ {973, 712, -500}, 0, {-1627, -18}, {6, 6, 6, 255} }},
	{{ {973, 0, -500}, 0, {-1627, 2034}, {92, 92, 92, 255} }},
	{{ {973, 0, -200}, 0, {-2492, 2034}, {152, 152, 152, 255} }},
	{{ {259, 0, -500}, 0, {3436, 2034}, {187, 187, 187, 255} }},
	{{ {-300, 560, -500}, 0, {1823, 420}, {235, 235, 235, 255} }},
	{{ {-300, 0, -500}, 0, {1823, 2034}, {232, 232, 232, 255} }},
	{{ {259, 560, -500}, 0, {3436, 420}, {185, 185, 185, 255} }},
	{{ {973, 0, -500}, 0, {5494, 2034}, {92, 92, 92, 255} }},
	{{ {973, 560, -500}, 0, {5494, 420}, {118, 118, 118, 255} }},
	{{ {973, 712, -500}, 0, {5494, -18}, {6, 6, 6, 255} }},
	{{ {259, 560, -500}, 0, {3436, 420}, {185, 185, 185, 255} }},
	{{ {973, 712, -500}, 0, {5494, -18}, {6, 6, 6, 255} }},
	{{ {259, 712, -500}, 0, {3436, -18}, {97, 97, 97, 255} }},
	{{ {-300, 560, -500}, 0, {1823, 420}, {235, 235, 235, 255} }},
	{{ {-300, 712, -500}, 0, {1823, -18}, {0, 0, 0, 255} }},
	{{ {-300, 0, -1123}, 0, {167, 2034}, {194, 194, 194, 255} }},
	{{ {-300, 560, -1837}, 0, {2225, 420}, {118, 118, 118, 255} }},
	{{ {-300, 0, -1837}, 0, {2225, 2034}, {141, 141, 141, 255} }},
	{{ {-300, 560, -1123}, 0, {167, 420}, {189, 189, 189, 255} }},
	{{ {-300, 0, -500}, 0, {-1627, 2034}, {232, 232, 232, 255} }},
	{{ {-300, 560, -500}, 0, {-1627, 420}, {235, 235, 235, 255} }},
	{{ {-300, 712, -500}, 0, {-1627, -18}, {0, 0, 0, 255} }},
	{{ {-300, 712, -1123}, 0, {167, -18}, {19, 19, 19, 255} }},
	{{ {-300, 712, -1837}, 0, {2225, -18}, {0, 0, 0, 255} }},
	{{ {-1494, 560, -2973}, 0, {5502, 420}, {118, 118, 118, 255} }},
	{{ {-1494, 0, -2973}, 0, {5502, 2034}, {92, 92, 92, 255} }},
	{{ {-1494, 0, -2137}, 0, {3090, 2034}, {188, 188, 188, 255} }},
	{{ {-1494, 560, -2137}, 0, {3090, 420}, {185, 185, 185, 255} }},
	{{ {-1494, 0, -1837}, 0, {2225, 2034}, {229, 229, 229, 255} }},
	{{ {-1494, 560, -1837}, 0, {2225, 420}, {235, 235, 235, 255} }},
	{{ {-1494, 712, -1837}, 0, {2225, -18}, {0, 0, 0, 255} }},
	{{ {-1494, 712, -2137}, 0, {3090, -18}, {0, 0, 0, 255} }},
	{{ {-1494, 712, -2973}, 0, {5502, -18}, {0, 0, 0, 255} }},
	{{ {-1000, 0, -1837}, 0, {-194, 2034}, {193, 193, 193, 255} }},
	{{ {-1494, 560, -1837}, 0, {-1619, 420}, {235, 235, 235, 255} }},
	{{ {-1494, 0, -1837}, 0, {-1619, 2034}, {229, 229, 229, 255} }},
	{{ {-1000, 560, -1837}, 0, {-194, 420}, {185, 185, 185, 255} }},
	{{ {-300, 0, -1837}, 0, {1823, 2034}, {141, 141, 141, 255} }},
	{{ {-300, 560, -1837}, 0, {1823, 420}, {118, 118, 118, 255} }},
	{{ {-300, 712, -1837}, 0, {1823, -18}, {0, 0, 0, 255} }},
	{{ {-1000, 712, -1837}, 0, {-194, -18}, {0, 0, 0, 255} }},
	{{ {-1494, 712, -1837}, 0, {-1619, -18}, {0, 0, 0, 255} }},
	{{ {-1800, 712, -2973}, 0, {-9737, -4714}, {0, 0, 0, 255} }},
	{{ {-1494, 712, -2973}, 0, {-4955, -4714}, {0, 0, 0, 255} }},
	{{ {-1494, 712, -2137}, 0, {8455, -4714}, {0, 0, 0, 255} }},
	{{ {-1494, 712, -1837}, 0, {5802, -4714}, {0, 0, 0, 255} }},
	{{ {-2200, 712, -2973}, 0, {-13275, -4714}, {2, 2, 2, 255} }},
	{{ {-2494, 712, -2137}, 0, {8455, -4714}, {0, 0, 0, 255} }},
	{{ {-1000, 712, -1137}, 0, {-389, -4714}, {0, 0, 0, 255} }},
	{{ {-300, 712, -500}, 0, {-6019, -4714}, {0, 0, 0, 255} }},
	{{ {-300, 712, -1123}, 0, {-513, -4714}, {19, 19, 19, 255} }},
	{{ {-300, 712, -1837}, 0, {3530, -4714}, {0, 0, 0, 255} }},
	{{ {-1000, 712, -1837}, 0, {-2661, -4714}, {0, 0, 0, 255} }},
	{{ {259, 712, 500}, 0, {8477, -4714}, {0, 0, 0, 255} }},
	{{ {973, 712, 200}, 0, {-12211, -4714}, {29, 29, 29, 255} }},
	{{ {259, 712, -500}, 0, {8477, -4714}, {97, 97, 97, 255} }},
	{{ {973, 712, -500}, 0, {14792, -4714}, {6, 6, 6, 255} }},
	{{ {973, 712, -200}, 0, {-8673, -4714}, {128, 128, 128, 255} }},
	{{ {973, 712, 500}, 0, {-14864, -4714}, {0, 0, 0, 255} }},
	{{ {-2494, 712, -2973}, 0, {15856, -4714}, {1, 1, 1, 255} }},
	{{ {-2494, 712, -1137}, 0, {-13800, -4714}, {0, 0, 0, 255} }},
	{{ {-1000, 712, 500}, 0, {-2661, -4714}, {0, 0, 0, 255} }},
};

Gfx rlongjump_rlongjump_mesh_layer_1_tri_1[] = {
	gsSPVertex(rlongjump_rlongjump_mesh_layer_1_vtx_1 + 0, 32, 0),
	gsSP2Triangles(0, 1, 2, 0, 0, 2, 3, 0),
	gsSP2Triangles(0, 3, 4, 0, 3, 5, 4, 0),
	gsSP2Triangles(3, 6, 5, 0, 6, 7, 5, 0),
	gsSP2Triangles(6, 8, 7, 0, 6, 9, 8, 0),
	gsSP2Triangles(6, 10, 9, 0, 0, 4, 11, 0),
	gsSP2Triangles(12, 13, 14, 0, 15, 12, 14, 0),
	gsSP2Triangles(14, 16, 15, 0, 16, 14, 17, 0),
	gsSP2Triangles(16, 17, 18, 0, 19, 16, 18, 0),
	gsSP2Triangles(19, 18, 20, 0, 21, 16, 19, 0),
	gsSP2Triangles(21, 15, 16, 0, 22, 23, 24, 0),
	gsSP2Triangles(22, 25, 23, 0, 25, 22, 26, 0),
	gsSP2Triangles(25, 26, 27, 0, 28, 29, 30, 0),
	gsSP1Triangle(28, 30, 31, 0),
	gsSPVertex(rlongjump_rlongjump_mesh_layer_1_vtx_1 + 32, 32, 0),
	gsSP2Triangles(0, 1, 2, 0, 0, 2, 3, 0),
	gsSP2Triangles(4, 5, 6, 0, 4, 7, 5, 0),
	gsSP2Triangles(8, 7, 4, 0, 8, 9, 7, 0),
	gsSP2Triangles(7, 9, 10, 0, 7, 10, 11, 0),
	gsSP2Triangles(5, 7, 11, 0, 5, 11, 12, 0),
	gsSP2Triangles(13, 14, 15, 0, 13, 16, 14, 0),
	gsSP2Triangles(14, 16, 17, 0, 14, 17, 18, 0),
	gsSP2Triangles(18, 19, 14, 0, 18, 20, 19, 0),
	gsSP2Triangles(21, 19, 20, 0, 21, 20, 22, 0),
	gsSP2Triangles(23, 19, 21, 0, 23, 24, 19, 0),
	gsSP2Triangles(25, 26, 27, 0, 25, 28, 26, 0),
	gsSP2Triangles(29, 28, 25, 0, 29, 30, 28, 0),
	gsSP1Triangle(28, 30, 31, 0),
	gsSPVertex(rlongjump_rlongjump_mesh_layer_1_vtx_1 + 64, 32, 0),
	gsSP2Triangles(0, 1, 2, 0, 3, 0, 2, 0),
	gsSP2Triangles(3, 2, 4, 0, 5, 6, 7, 0),
	gsSP2Triangles(5, 8, 6, 0, 9, 8, 5, 0),
	gsSP2Triangles(9, 10, 8, 0, 8, 10, 11, 0),
	gsSP2Triangles(8, 11, 12, 0, 6, 8, 12, 0),
	gsSP2Triangles(6, 12, 13, 0, 14, 15, 16, 0),
	gsSP2Triangles(14, 16, 17, 0, 17, 16, 18, 0),
	gsSP2Triangles(17, 18, 19, 0, 17, 19, 20, 0),
	gsSP2Triangles(17, 20, 21, 0, 14, 17, 21, 0),
	gsSP2Triangles(14, 21, 22, 0, 23, 24, 25, 0),
	gsSP2Triangles(23, 26, 24, 0, 27, 26, 23, 0),
	gsSP2Triangles(27, 28, 26, 0, 26, 28, 29, 0),
	gsSP2Triangles(26, 29, 30, 0, 24, 26, 30, 0),
	gsSP1Triangle(24, 30, 31, 0),
	gsSPVertex(rlongjump_rlongjump_mesh_layer_1_vtx_1 + 96, 20, 0),
	gsSP2Triangles(0, 1, 2, 0, 0, 2, 3, 0),
	gsSP2Triangles(4, 0, 3, 0, 5, 4, 3, 0),
	gsSP2Triangles(6, 5, 3, 0, 6, 3, 7, 0),
	gsSP2Triangles(3, 8, 7, 0, 3, 9, 8, 0),
	gsSP2Triangles(3, 10, 9, 0, 7, 11, 6, 0),
	gsSP2Triangles(7, 12, 11, 0, 7, 13, 12, 0),
	gsSP2Triangles(13, 14, 12, 0, 14, 15, 12, 0),
	gsSP2Triangles(12, 16, 11, 0, 5, 17, 4, 0),
	gsSP2Triangles(6, 18, 5, 0, 11, 19, 6, 0),
	gsSPEndDisplayList(),
};

Vtx rlongjump_rlongjump_mesh_layer_1_vtx_2[170] = {
	{{ {-300, -81, -1123}, 0, {3037, -2683}, {192, 192, 192, 255} }},
	{{ {-700, -81, -1123}, 0, {1699, -2683}, {226, 226, 226, 255} }},
	{{ {-700, -530, -1123}, 0, {1699, 321}, {211, 211, 211, 255} }},
	{{ {-300, -530, -1123}, 0, {3037, 321}, {152, 152, 152, 255} }},
	{{ {-700, -2530, -1123}, 0, {1699, 13703}, {0, 0, 0, 255} }},
	{{ {-300, -2530, -1123}, 0, {3037, 13703}, {0, 0, 0, 255} }},
	{{ {-1000, -81, -1837}, 0, {695, -2683}, {188, 188, 188, 255} }},
	{{ {-1494, -81, -1837}, 0, {-958, -2683}, {216, 216, 216, 255} }},
	{{ {-1494, -530, -1837}, 0, {-958, 321}, {210, 210, 210, 255} }},
	{{ {-1000, -530, -1837}, 0, {695, 321}, {168, 168, 168, 255} }},
	{{ {-1494, -2530, -1837}, 0, {-958, 13703}, {0, 0, 0, 255} }},
	{{ {-1000, -2530, -1837}, 0, {695, 13703}, {0, 0, 0, 255} }},
	{{ {-1494, -81, -2137}, 0, {-958, -2683}, {180, 180, 180, 255} }},
	{{ {-1800, -81, -2137}, 0, {-1981, -2683}, {213, 213, 213, 255} }},
	{{ {-1800, -530, -2137}, 0, {-1981, 321}, {165, 165, 165, 255} }},
	{{ {-1494, -530, -2137}, 0, {-958, 321}, {158, 158, 158, 255} }},
	{{ {-2494, -81, -2137}, 0, {4019, -2683}, {151, 151, 151, 255} }},
	{{ {-2494, -81, -1137}, 0, {674, -2683}, {171, 171, 171, 255} }},
	{{ {-2494, -530, -1137}, 0, {674, 321}, {141, 141, 141, 255} }},
	{{ {-2494, -530, -2137}, 0, {4019, 321}, {89, 89, 89, 255} }},
	{{ {259, -81, -500}, 0, {4908, -2683}, {185, 185, 185, 255} }},
	{{ {-300, -81, -500}, 0, {3037, -2683}, {216, 216, 216, 255} }},
	{{ {-300, -530, -500}, 0, {3037, 321}, {210, 210, 210, 255} }},
	{{ {259, -530, -500}, 0, {4908, 321}, {164, 164, 164, 255} }},
	{{ {-300, -2530, -500}, 0, {3037, 13703}, {0, 0, 0, 255} }},
	{{ {259, -2530, -500}, 0, {4908, 13703}, {0, 0, 0, 255} }},
	{{ {259, -81, 500}, 0, {-4801, -2683}, {137, 137, 137, 255} }},
	{{ {259, -81, 200}, 0, {-3798, -2683}, {207, 207, 207, 255} }},
	{{ {259, -530, 200}, 0, {-3798, 321}, {183, 183, 183, 255} }},
	{{ {259, -530, 500}, 0, {-4801, 321}, {109, 109, 109, 255} }},
	{{ {259, -2530, 200}, 0, {-3798, 13703}, {134, 134, 134, 255} }},
	{{ {259, -2530, 500}, 0, {-4801, 13703}, {0, 0, 0, 255} }},
	{{ {-1000, -81, 500}, 0, {695, -2683}, {152, 152, 152, 255} }},
	{{ {259, -81, 500}, 0, {4908, -2683}, {137, 137, 137, 255} }},
	{{ {259, -530, 500}, 0, {4908, 321}, {109, 109, 109, 255} }},
	{{ {-1000, -530, 500}, 0, {695, 321}, {136, 136, 136, 255} }},
	{{ {259, -2530, 500}, 0, {4908, 13703}, {0, 0, 0, 255} }},
	{{ {-1000, -2530, 500}, 0, {695, 13703}, {0, 0, 0, 255} }},
	{{ {-300, -81, -500}, 0, {-1456, -2683}, {216, 216, 216, 255} }},
	{{ {-300, -81, -1123}, 0, {627, -2683}, {192, 192, 192, 255} }},
	{{ {-300, -530, -1123}, 0, {627, 321}, {152, 152, 152, 255} }},
	{{ {-300, -530, -500}, 0, {-1456, 321}, {210, 210, 210, 255} }},
	{{ {-300, -2530, -1123}, 0, {627, 13703}, {0, 0, 0, 255} }},
	{{ {-300, -2530, -500}, 0, {-1456, 13703}, {0, 0, 0, 255} }},
	{{ {-1000, -81, -1137}, 0, {674, -2683}, {216, 216, 216, 255} }},
	{{ {-1000, -81, 500}, 0, {-4801, -2683}, {152, 152, 152, 255} }},
	{{ {-1000, -530, 500}, 0, {-4801, 321}, {136, 136, 136, 255} }},
	{{ {-1000, -530, -1137}, 0, {674, 321}, {210, 210, 210, 255} }},
	{{ {-1000, -2530, 500}, 0, {-4801, 13703}, {0, 0, 0, 255} }},
	{{ {-1000, -2530, -1137}, 0, {674, 13703}, {0, 0, 0, 255} }},
	{{ {-2494, -81, -1137}, 0, {-4304, -2683}, {171, 171, 171, 255} }},
	{{ {-1000, -81, -1137}, 0, {695, -2683}, {216, 216, 216, 255} }},
	{{ {-1000, -530, -1137}, 0, {695, 321}, {210, 210, 210, 255} }},
	{{ {-2494, -530, -1137}, 0, {-4304, 321}, {141, 141, 141, 255} }},
	{{ {-1000, -2530, -1137}, 0, {695, 13703}, {0, 0, 0, 255} }},
	{{ {-2494, -2530, -1137}, 0, {-4304, 13703}, {0, 0, 0, 255} }},
	{{ {-1494, -81, -1837}, 0, {3016, -2683}, {216, 216, 216, 255} }},
	{{ {-1494, -81, -2137}, 0, {4019, -2683}, {180, 180, 180, 255} }},
	{{ {-1494, -530, -2137}, 0, {4019, 321}, {158, 158, 158, 255} }},
	{{ {-1494, -530, -1837}, 0, {3016, 321}, {210, 210, 210, 255} }},
	{{ {-1494, -2530, -2137}, 0, {4019, 13703}, {0, 0, 0, 255} }},
	{{ {-1494, -2530, -1837}, 0, {3016, 13703}, {0, 0, 0, 255} }},
	{{ {-1984, -81, -2424}, 0, {-2597, -2683}, {187, 187, 187, 255} }},
	{{ {-2200, -81, -2595}, 0, {-3320, -2683}, {186, 186, 186, 255} }},
	{{ {-2200, -530, -2595}, 0, {-3320, 321}, {158, 158, 158, 255} }},
	{{ {-1984, -530, -2424}, 0, {-2597, 321}, {140, 140, 140, 255} }},
	{{ {-2200, -2530, -2595}, 0, {-3320, 13703}, {0, 0, 0, 255} }},
	{{ {-1984, -2530, -2424}, 0, {-2597, 13703}, {0, 0, 0, 255} }},
	{{ {-1848, -81, -2137}, 0, {-2142, -2683}, {205, 205, 205, 255} }},
	{{ {-1800, -530, -2137}, 0, {-1981, 321}, {166, 166, 166, 255} }},
	{{ {-1800, -81, -2137}, 0, {-1981, -2683}, {213, 213, 213, 255} }},
	{{ {-1848, -530, -2137}, 0, {-2142, 321}, {180, 180, 180, 255} }},
	{{ {-1848, -2530, -2137}, 0, {-2142, 13703}, {0, 0, 0, 255} }},
	{{ {-1800, -2530, -2137}, 0, {-1981, 13703}, {0, 0, 0, 255} }},
	{{ {-2337, -81, -2531}, 0, {-3777, -2683}, {204, 204, 204, 255} }},
	{{ {-2337, -530, -2531}, 0, {-3777, 321}, {169, 169, 169, 255} }},
	{{ {-2200, -530, -2595}, 0, {-3320, 321}, {158, 158, 158, 255} }},
	{{ {-2337, -2530, -2531}, 0, {-3777, 13703}, {0, 0, 0, 255} }},
	{{ {-2200, -2530, -2595}, 0, {-3320, 13703}, {0, 0, 0, 255} }},
	{{ {-1848, -81, -2137}, 0, {4019, -2683}, {205, 205, 205, 255} }},
	{{ {-1984, -81, -2424}, 0, {4982, -2683}, {187, 187, 187, 255} }},
	{{ {-1984, -530, -2424}, 0, {4982, 321}, {140, 140, 140, 255} }},
	{{ {-1848, -530, -2137}, 0, {4019, 321}, {180, 180, 180, 255} }},
	{{ {-1984, -2530, -2424}, 0, {4982, 13703}, {0, 0, 0, 255} }},
	{{ {-1848, -2530, -2137}, 0, {4019, 13703}, {0, 0, 0, 255} }},
	{{ {-2494, -81, -2648}, 0, {5730, -2683}, {148, 148, 148, 255} }},
	{{ {-2494, -81, -2137}, 0, {4019, -2683}, {151, 151, 151, 255} }},
	{{ {-2494, -530, -2137}, 0, {4019, 321}, {94, 94, 94, 255} }},
	{{ {-2494, -530, -2648}, 0, {5730, 321}, {116, 116, 116, 255} }},
	{{ {-2494, -2530, -2137}, 0, {4019, 13703}, {0, 0, 0, 255} }},
	{{ {-2494, -2530, -2648}, 0, {5730, 13703}, {0, 0, 0, 255} }},
	{{ {-2494, -81, -2648}, 0, {-4304, -2683}, {148, 148, 148, 255} }},
	{{ {-2494, -530, -2648}, 0, {-4304, 321}, {116, 116, 116, 255} }},
	{{ {-2337, -530, -2531}, 0, {-3777, 321}, {169, 169, 169, 255} }},
	{{ {-2337, -530, -2531}, 0, {-3777, 321}, {169, 169, 169, 255} }},
	{{ {-2494, -530, -2648}, 0, {-4304, 321}, {116, 116, 116, 255} }},
	{{ {-2494, -2530, -2648}, 0, {-4304, 13703}, {0, 0, 0, 255} }},
	{{ {-2337, -2530, -2531}, 0, {-3777, 13703}, {0, 0, 0, 255} }},
	{{ {-2494, -2530, -2137}, 0, {4019, 13703}, {0, 0, 0, 255} }},
	{{ {-2200, -2530, -2595}, 0, {-3320, 13703}, {0, 0, 0, 255} }},
	{{ {-1848, -2530, -2137}, 0, {4019, 13703}, {0, 0, 0, 255} }},
	{{ {-1800, -2530, -2137}, 0, {-1981, 13703}, {0, 0, 0, 255} }},
	{{ {-1984, -2530, -2424}, 0, {-2597, 13703}, {0, 0, 0, 255} }},
	{{ {-1000, -530, -1437}, 0, {1677, 321}, {210, 210, 210, 255} }},
	{{ {-1000, -81, -1437}, 0, {1677, -2683}, {229, 229, 229, 255} }},
	{{ {-1000, -81, -1837}, 0, {3016, -2683}, {188, 188, 188, 255} }},
	{{ {-1000, -530, -1837}, 0, {3016, 321}, {168, 168, 168, 255} }},
	{{ {-1000, -2530, -1837}, 0, {3016, 13703}, {0, 0, 0, 255} }},
	{{ {-1000, -2530, -1437}, 0, {1677, 13703}, {0, 0, 0, 255} }},
	{{ {-700, -530, -1123}, 0, {627, 321}, {211, 211, 211, 255} }},
	{{ {-700, -81, -1123}, 0, {627, -2683}, {226, 226, 226, 255} }},
	{{ {-1000, -530, -1437}, 0, {1677, 321}, {210, 210, 210, 255} }},
	{{ {-1000, -2530, -1437}, 0, {1677, 13703}, {0, 0, 0, 255} }},
	{{ {-700, -2530, -1123}, 0, {627, 13703}, {0, 0, 0, 255} }},
	{{ {259, -81, -500}, 0, {-1456, -2683}, {185, 185, 185, 255} }},
	{{ {259, -530, -377}, 0, {-1866, 321}, {179, 179, 179, 255} }},
	{{ {259, -81, -377}, 0, {-1866, -2683}, {203, 203, 203, 255} }},
	{{ {259, -530, -500}, 0, {-1456, 321}, {164, 164, 164, 255} }},
	{{ {259, -2530, -500}, 0, {-1456, 13703}, {0, 0, 0, 255} }},
	{{ {259, -2530, -377}, 0, {-1866, 13703}, {0, 0, 0, 255} }},
	{{ {259, -81, 200}, 0, {-3798, -2683}, {207, 207, 207, 255} }},
	{{ {259, -81, -22}, 0, {-3056, -2683}, {216, 216, 216, 255} }},
	{{ {259, -530, -22}, 0, {-3056, 321}, {193, 193, 193, 255} }},
	{{ {259, -530, 200}, 0, {-3798, 321}, {183, 183, 183, 255} }},
	{{ {259, -2530, -22}, 0, {-3056, 13703}, {0, 0, 0, 255} }},
	{{ {259, -2530, 200}, 0, {-3798, 13703}, {134, 134, 134, 255} }},
	{{ {259, -81, -22}, 0, {-3056, -2683}, {216, 216, 216, 255} }},
	{{ {356, -81, -200}, 0, {-2460, -2683}, {202, 202, 202, 255} }},
	{{ {356, -530, -200}, 0, {-2460, 321}, {167, 167, 167, 255} }},
	{{ {259, -530, -22}, 0, {-3056, 321}, {193, 193, 193, 255} }},
	{{ {356, -2530, -200}, 0, {-2460, 13703}, {0, 0, 0, 255} }},
	{{ {259, -2530, -22}, 0, {-3056, 13703}, {0, 0, 0, 255} }},
	{{ {259, -81, -377}, 0, {-1866, -2683}, {203, 203, 203, 255} }},
	{{ {259, -530, -377}, 0, {-1866, 321}, {179, 179, 179, 255} }},
	{{ {356, -530, -200}, 0, {-2460, 321}, {167, 167, 167, 255} }},
	{{ {259, -2530, -377}, 0, {-1866, 13703}, {0, 0, 0, 255} }},
	{{ {356, -2530, -200}, 0, {-2460, 13703}, {0, 0, 0, 255} }},
	{{ {-1000, -2530, -1437}, 0, {695, -2480}, {0, 0, 0, 255} }},
	{{ {-1000, -2530, -1837}, 0, {695, -5157}, {0, 0, 0, 255} }},
	{{ {-1494, -2530, -1837}, 0, {-958, -5157}, {0, 0, 0, 255} }},
	{{ {-700, -2530, -1123}, 0, {1699, -379}, {0, 0, 0, 255} }},
	{{ {-300, -2530, -500}, 0, {3037, 3786}, {0, 0, 0, 255} }},
	{{ {259, -2530, 500}, 0, {4908, 10478}, {0, 0, 0, 255} }},
	{{ {-1000, -2530, -1137}, 0, {695, -473}, {0, 0, 0, 255} }},
	{{ {-1800, -2530, -2137}, 0, {-1981, -7164}, {0, 0, 0, 255} }},
	{{ {-1494, -2530, -2137}, 0, {-958, -7164}, {0, 0, 0, 255} }},
	{{ {-2494, -2530, -2137}, 0, {-4304, -7164}, {0, 0, 0, 255} }},
	{{ {-2200, -2530, -2137}, 0, {-3320, -7164}, {134, 134, 134, 255} }},
	{{ {-2494, -2530, -1137}, 0, {-4304, -473}, {0, 0, 0, 255} }},
	{{ {-1000, -2530, 500}, 0, {695, 10478}, {0, 0, 0, 255} }},
	{{ {-300, -2530, -1123}, 0, {3037, -379}, {0, 0, 0, 255} }},
	{{ {259, -2530, 200}, 0, {4908, 8470}, {134, 134, 134, 255} }},
	{{ {259, -2530, -22}, 0, {4908, 6417}, {0, 0, 0, 255} }},
	{{ {138, -2530, -107}, 0, {4502, 6414}, {0, 0, 0, 255} }},
	{{ {259, -2530, -500}, 0, {4908, 3786}, {0, 0, 0, 255} }},
	{{ {259, -2530, -377}, 0, {4908, 5001}, {0, 0, 0, 255} }},
	{{ {138, -2530, -107}, 0, {4502, 6414}, {160, 160, 160, 255} }},
	{{ {259, -2530, -200}, 0, {4908, 5794}, {2, 2, 2, 255} }},
	{{ {259, -2530, -200}, 0, {4908, 5794}, {2, 2, 2, 255} }},
	{{ {356, -2530, -200}, 0, {-2460, 2576}, {0, 0, 0, 255} }},
	{{ {259, -2530, -377}, 0, {4908, 5001}, {0, 0, 0, 255} }},
	{{ {259, -2530, -22}, 0, {-3056, 2576}, {0, 0, 0, 255} }},
	{{ {-1494, -530, -2137}, 0, {-958, 321}, {158, 158, 158, 255} }},
	{{ {-1800, -530, -2137}, 0, {-1981, 321}, {156, 156, 156, 255} }},
	{{ {-1800, -2530, -2137}, 0, {-1981, 13703}, {0, 0, 0, 255} }},
	{{ {-1494, -2530, -2137}, 0, {-958, 13703}, {0, 0, 0, 255} }},
	{{ {-2494, -530, -2137}, 0, {4019, 321}, {87, 87, 87, 255} }},
	{{ {-2494, -530, -1137}, 0, {674, 321}, {141, 141, 141, 255} }},
	{{ {-2494, -2530, -1137}, 0, {674, 13703}, {0, 0, 0, 255} }},
	{{ {-2494, -2530, -2137}, 0, {4019, 13703}, {0, 0, 0, 255} }},
};

Gfx rlongjump_rlongjump_mesh_layer_1_tri_2[] = {
	gsSPVertex(rlongjump_rlongjump_mesh_layer_1_vtx_2 + 0, 32, 0),
	gsSP2Triangles(0, 1, 2, 0, 0, 2, 3, 0),
	gsSP2Triangles(3, 2, 4, 0, 3, 4, 5, 0),
	gsSP2Triangles(6, 7, 8, 0, 6, 8, 9, 0),
	gsSP2Triangles(9, 8, 10, 0, 9, 10, 11, 0),
	gsSP2Triangles(12, 13, 14, 0, 12, 14, 15, 0),
	gsSP2Triangles(16, 17, 18, 0, 16, 18, 19, 0),
	gsSP2Triangles(20, 21, 22, 0, 20, 22, 23, 0),
	gsSP2Triangles(23, 22, 24, 0, 23, 24, 25, 0),
	gsSP2Triangles(26, 27, 28, 0, 26, 28, 29, 0),
	gsSP2Triangles(29, 28, 30, 0, 29, 30, 31, 0),
	gsSPVertex(rlongjump_rlongjump_mesh_layer_1_vtx_2 + 32, 30, 0),
	gsSP2Triangles(0, 1, 2, 0, 0, 2, 3, 0),
	gsSP2Triangles(3, 2, 4, 0, 3, 4, 5, 0),
	gsSP2Triangles(6, 7, 8, 0, 6, 8, 9, 0),
	gsSP2Triangles(9, 8, 10, 0, 9, 10, 11, 0),
	gsSP2Triangles(12, 13, 14, 0, 12, 14, 15, 0),
	gsSP2Triangles(15, 14, 16, 0, 15, 16, 17, 0),
	gsSP2Triangles(18, 19, 20, 0, 18, 20, 21, 0),
	gsSP2Triangles(21, 20, 22, 0, 21, 22, 23, 0),
	gsSP2Triangles(24, 25, 26, 0, 24, 26, 27, 0),
	gsSP2Triangles(27, 26, 28, 0, 27, 28, 29, 0),
	gsSPVertex(rlongjump_rlongjump_mesh_layer_1_vtx_2 + 62, 32, 0),
	gsSP2Triangles(0, 1, 2, 0, 0, 2, 3, 0),
	gsSP2Triangles(3, 2, 4, 0, 3, 4, 5, 0),
	gsSP2Triangles(6, 7, 8, 0, 6, 9, 7, 0),
	gsSP2Triangles(7, 9, 10, 0, 7, 10, 11, 0),
	gsSP2Triangles(1, 12, 13, 0, 1, 13, 14, 0),
	gsSP2Triangles(14, 13, 15, 0, 14, 15, 16, 0),
	gsSP2Triangles(17, 18, 19, 0, 17, 19, 20, 0),
	gsSP2Triangles(20, 19, 21, 0, 20, 21, 22, 0),
	gsSP2Triangles(23, 24, 25, 0, 23, 25, 26, 0),
	gsSP2Triangles(26, 25, 27, 0, 26, 27, 28, 0),
	gsSP2Triangles(12, 29, 30, 0, 12, 30, 31, 0),
	gsSPVertex(rlongjump_rlongjump_mesh_layer_1_vtx_2 + 94, 32, 0),
	gsSP2Triangles(0, 1, 2, 0, 0, 2, 3, 0),
	gsSP2Triangles(3, 2, 4, 0, 5, 3, 4, 0),
	gsSP2Triangles(4, 6, 5, 0, 4, 7, 6, 0),
	gsSP2Triangles(6, 8, 5, 0, 9, 10, 11, 0),
	gsSP2Triangles(9, 11, 12, 0, 9, 12, 13, 0),
	gsSP2Triangles(9, 13, 14, 0, 15, 16, 10, 0),
	gsSP2Triangles(15, 10, 17, 0, 15, 17, 18, 0),
	gsSP2Triangles(15, 18, 19, 0, 20, 21, 22, 0),
	gsSP2Triangles(20, 23, 21, 0, 21, 23, 24, 0),
	gsSP2Triangles(21, 24, 25, 0, 26, 27, 28, 0),
	gsSP2Triangles(26, 28, 29, 0, 29, 28, 30, 0),
	gsSP1Triangle(29, 30, 31, 0),
	gsSPVertex(rlongjump_rlongjump_mesh_layer_1_vtx_2 + 126, 32, 0),
	gsSP2Triangles(0, 1, 2, 0, 0, 2, 3, 0),
	gsSP2Triangles(3, 2, 4, 0, 3, 4, 5, 0),
	gsSP2Triangles(1, 6, 7, 0, 1, 7, 8, 0),
	gsSP2Triangles(8, 7, 9, 0, 8, 9, 10, 0),
	gsSP2Triangles(11, 12, 13, 0, 14, 11, 13, 0),
	gsSP2Triangles(15, 14, 13, 0, 13, 16, 15, 0),
	gsSP2Triangles(13, 17, 16, 0, 13, 18, 17, 0),
	gsSP2Triangles(13, 19, 18, 0, 18, 20, 17, 0),
	gsSP2Triangles(18, 21, 20, 0, 20, 22, 17, 0),
	gsSP2Triangles(17, 23, 16, 0, 15, 24, 14, 0),
	gsSP2Triangles(16, 25, 26, 0, 16, 26, 27, 0),
	gsSP2Triangles(16, 27, 15, 0, 27, 28, 15, 0),
	gsSP2Triangles(27, 29, 28, 0, 30, 26, 31, 0),
	gsSP1Triangle(29, 30, 31, 0),
	gsSPVertex(rlongjump_rlongjump_mesh_layer_1_vtx_2 + 158, 12, 0),
	gsSP2Triangles(0, 1, 2, 0, 3, 1, 0, 0),
	gsSP2Triangles(4, 5, 6, 0, 4, 6, 7, 0),
	gsSP2Triangles(8, 9, 10, 0, 8, 10, 11, 0),
	gsSPEndDisplayList(),
};

Vtx rlongjump_rlongjump_mesh_layer_1_vtx_3[92] = {
	{{ {-700, -81, -1123}, 0, {1470, 1141}, {180, 180, 180, 255} }},
	{{ {-700, 0, -1123}, 0, {1221, 577}, {197, 197, 197, 255} }},
	{{ {-1000, 0, -1437}, 0, {3399, -382}, {188, 188, 188, 255} }},
	{{ {-1000, -81, -1437}, 0, {3647, 182}, {182, 182, 182, 255} }},
	{{ {-1000, 0, -1837}, 0, {6173, -1605}, {153, 153, 153, 255} }},
	{{ {-1000, -81, -1837}, 0, {6421, -1041}, {149, 149, 149, 255} }},
	{{ {-2337, 0, -2531}, 0, {-7909, 4601}, {192, 192, 192, 255} }},
	{{ {-2494, 0, -2648}, 0, {-9001, 5083}, {137, 137, 137, 255} }},
	{{ {-2494, -81, -2648}, 0, {-8753, 5646}, {117, 117, 117, 255} }},
	{{ {-2337, -81, -2531}, 0, {-7660, 5165}, {162, 162, 162, 255} }},
	{{ {-2200, 0, -2595}, 0, {-6960, 4183}, {167, 167, 167, 255} }},
	{{ {-2200, -81, -2595}, 0, {-6712, 4747}, {147, 147, 147, 255} }},
	{{ {-1984, 0, -2424}, 0, {-5462, 3523}, {187, 187, 187, 255} }},
	{{ {-1984, -81, -2424}, 0, {-5213, 4086}, {149, 149, 149, 255} }},
	{{ {-2494, 0, -2648}, 0, {11800, -4085}, {137, 137, 137, 255} }},
	{{ {-2494, -81, -2137}, 0, {8502, -1958}, {119, 119, 119, 255} }},
	{{ {-2494, -81, -2648}, 0, {12048, -3521}, {117, 117, 117, 255} }},
	{{ {-2494, 0, -2137}, 0, {8254, -2522}, {146, 146, 146, 255} }},
	{{ {-2494, -81, -1137}, 0, {1566, 1099}, {136, 136, 136, 255} }},
	{{ {-2494, 0, -1137}, 0, {1318, 535}, {136, 136, 136, 255} }},
	{{ {-1848, 0, -2137}, 0, {8254, -2522}, {203, 203, 203, 255} }},
	{{ {-1984, 0, -2424}, 0, {10249, -3401}, {187, 187, 187, 255} }},
	{{ {-1984, -81, -2424}, 0, {10497, -2837}, {149, 149, 149, 255} }},
	{{ {-1848, -81, -2137}, 0, {8502, -1958}, {163, 163, 163, 255} }},
	{{ {-1848, 0, -2137}, 0, {-4520, 3108}, {203, 203, 203, 255} }},
	{{ {-1848, -81, -2137}, 0, {-4271, 3671}, {163, 163, 163, 255} }},
	{{ {-1800, -81, -2137}, 0, {-3937, 3524}, {170, 170, 170, 255} }},
	{{ {-1800, 0, -2137}, 0, {-4186, 2960}, {172, 172, 172, 255} }},
	{{ {-1494, 0, -2137}, 0, {-2065, 2026}, {149, 149, 149, 255} }},
	{{ {-1494, -81, -2137}, 0, {-1817, 2590}, {142, 142, 142, 255} }},
	{{ {-1494, 0, -1837}, 0, {6173, -1605}, {182, 182, 182, 255} }},
	{{ {-1494, 0, -2137}, 0, {8254, -2522}, {149, 149, 149, 255} }},
	{{ {-1494, -81, -2137}, 0, {8502, -1958}, {142, 142, 142, 255} }},
	{{ {-1494, -81, -1837}, 0, {6421, -1041}, {172, 172, 172, 255} }},
	{{ {-2494, 0, -1137}, 0, {-9001, 5083}, {136, 136, 136, 255} }},
	{{ {-1000, 0, -1137}, 0, {1363, 515}, {172, 172, 172, 255} }},
	{{ {-1000, -81, -1137}, 0, {1611, 1079}, {172, 172, 172, 255} }},
	{{ {-2494, -81, -1137}, 0, {-8753, 5646}, {136, 136, 136, 255} }},
	{{ {-1000, 0, -1137}, 0, {1318, 535}, {172, 172, 172, 255} }},
	{{ {-1000, 0, 500}, 0, {-10032, 5537}, {125, 125, 125, 255} }},
	{{ {-1000, -81, 500}, 0, {-9784, 6101}, {120, 120, 120, 255} }},
	{{ {-1000, -81, -1137}, 0, {1566, 1099}, {172, 172, 172, 255} }},
	{{ {-300, 0, -500}, 0, {-3097, 2480}, {185, 184, 184, 255} }},
	{{ {-300, 0, -1123}, 0, {1221, 577}, {154, 154, 154, 255} }},
	{{ {-300, -81, -1123}, 0, {1470, 1141}, {152, 152, 152, 255} }},
	{{ {-300, -81, -500}, 0, {-2848, 3044}, {172, 172, 172, 255} }},
	{{ {-1000, 0, 500}, 0, {1363, 515}, {125, 125, 125, 255} }},
	{{ {259, 0, 500}, 0, {10097, -3334}, {130, 130, 130, 255} }},
	{{ {259, -81, 500}, 0, {10345, -2770}, {108, 108, 108, 255} }},
	{{ {-1000, -81, 500}, 0, {1611, 1079}, {120, 120, 120, 255} }},
	{{ {259, -81, 500}, 0, {-16, 1285}, {108, 108, 108, 255} }},
	{{ {259, 0, 500}, 0, {-16, 731}, {130, 130, 130, 255} }},
	{{ {259, -37, 392}, 0, {718, 980}, {155, 155, 155, 255} }},
	{{ {259, 0, 200}, 0, {2032, 731}, {180, 180, 180, 255} }},
	{{ {259, 0, 270}, 0, {1554, 731}, {186, 186, 186, 255} }},
	{{ {259, -81, 200}, 0, {2032, 1285}, {165, 165, 165, 255} }},
	{{ {259, 0, -500}, 0, {10097, -3334}, {149, 149, 149, 255} }},
	{{ {-300, 0, -500}, 0, {6218, -1625}, {185, 184, 184, 255} }},
	{{ {-300, -81, -500}, 0, {6466, -1061}, {172, 172, 172, 255} }},
	{{ {259, -81, -500}, 0, {10345, -2770}, {147, 147, 147, 255} }},
	{{ {-1000, 0, -1837}, 0, {1363, 515}, {153, 153, 153, 255} }},
	{{ {-1494, 0, -1837}, 0, {-2065, 2026}, {182, 182, 182, 255} }},
	{{ {-1494, -81, -1837}, 0, {-1817, 2590}, {172, 172, 172, 255} }},
	{{ {-1000, -81, -1837}, 0, {1611, 1079}, {149, 149, 149, 255} }},
	{{ {-300, 0, -1123}, 0, {6218, -1625}, {154, 154, 154, 255} }},
	{{ {-700, 0, -1123}, 0, {3443, -402}, {197, 197, 197, 255} }},
	{{ {-700, -81, -1123}, 0, {3692, 162}, {180, 180, 180, 255} }},
	{{ {-300, -81, -1123}, 0, {6466, -1061}, {152, 152, 152, 255} }},
	{{ {259, 0, 500}, 0, {281, 2032}, {130, 130, 130, 255} }},
	{{ {352, 0, 432}, 0, {913, 1570}, {137, 137, 137, 255} }},
	{{ {306, -37, 412}, 0, {597, 1434}, {142, 142, 142, 255} }},
	{{ {259, -37, 392}, 0, {281, 1298}, {155, 155, 155, 255} }},
	{{ {314, -37, 383}, 0, {653, 1232}, {158, 158, 158, 255} }},
	{{ {360, -37, 403}, 0, {969, 1368}, {150, 150, 150, 255} }},
	{{ {259, 0, 270}, 0, {281, 462}, {186, 186, 186, 255} }},
	{{ {368, 0, 373}, 0, {1025, 1165}, {156, 156, 156, 255} }},
	{{ {314, -37, 383}, 0, {653, 980}, {158, 158, 158, 255} }},
	{{ {360, -37, 403}, 0, {969, 980}, {150, 150, 150, 255} }},
	{{ {368, 0, 373}, 0, {1025, 731}, {156, 156, 156, 255} }},
	{{ {472, 0, 405}, 0, {1735, 731}, {160, 160, 160, 255} }},
	{{ {352, 0, 432}, 0, {913, 731}, {137, 137, 137, 255} }},
	{{ {306, -37, 412}, 0, {597, 980}, {142, 142, 142, 255} }},
	{{ {259, 0, -22}, 0, {-6414, 3942}, {198, 198, 198, 255} }},
	{{ {259, -81, 200}, 0, {-7703, 5184}, {165, 165, 165, 255} }},
	{{ {259, 0, 200}, 0, {-7952, 4620}, {180, 180, 180, 255} }},
	{{ {259, -81, -22}, 0, {-6166, 4506}, {172, 172, 172, 255} }},
	{{ {356, -81, -200}, 0, {-4929, 3961}, {161, 161, 161, 255} }},
	{{ {356, 0, -200}, 0, {-5177, 3397}, {171, 171, 171, 255} }},
	{{ {259, -81, -377}, 0, {-3698, 3419}, {161, 161, 161, 255} }},
	{{ {259, 0, -377}, 0, {-3947, 2855}, {180, 180, 180, 255} }},
	{{ {259, 0, -500}, 0, {-3097, 2480}, {149, 149, 149, 255} }},
	{{ {259, -81, -500}, 0, {-2848, 3044}, {147, 147, 147, 255} }},
};

Gfx rlongjump_rlongjump_mesh_layer_1_tri_3[] = {
	gsSPVertex(rlongjump_rlongjump_mesh_layer_1_vtx_3 + 0, 30, 0),
	gsSP2Triangles(0, 1, 2, 0, 0, 2, 3, 0),
	gsSP2Triangles(3, 2, 4, 0, 3, 4, 5, 0),
	gsSP2Triangles(6, 7, 8, 0, 6, 8, 9, 0),
	gsSP2Triangles(10, 6, 9, 0, 10, 9, 11, 0),
	gsSP2Triangles(12, 10, 11, 0, 12, 11, 13, 0),
	gsSP2Triangles(14, 15, 16, 0, 14, 17, 15, 0),
	gsSP2Triangles(17, 18, 15, 0, 17, 19, 18, 0),
	gsSP2Triangles(20, 21, 22, 0, 20, 22, 23, 0),
	gsSP2Triangles(24, 25, 26, 0, 24, 26, 27, 0),
	gsSP2Triangles(28, 27, 26, 0, 28, 26, 29, 0),
	gsSPVertex(rlongjump_rlongjump_mesh_layer_1_vtx_3 + 30, 30, 0),
	gsSP2Triangles(0, 1, 2, 0, 0, 2, 3, 0),
	gsSP2Triangles(4, 5, 6, 0, 4, 6, 7, 0),
	gsSP2Triangles(8, 9, 10, 0, 8, 10, 11, 0),
	gsSP2Triangles(12, 13, 14, 0, 12, 14, 15, 0),
	gsSP2Triangles(16, 17, 18, 0, 16, 18, 19, 0),
	gsSP2Triangles(20, 21, 22, 0, 22, 23, 20, 0),
	gsSP2Triangles(22, 24, 23, 0, 23, 25, 20, 0),
	gsSP2Triangles(26, 27, 28, 0, 26, 28, 29, 0),
	gsSPVertex(rlongjump_rlongjump_mesh_layer_1_vtx_3 + 60, 32, 0),
	gsSP2Triangles(0, 1, 2, 0, 0, 2, 3, 0),
	gsSP2Triangles(4, 5, 6, 0, 4, 6, 7, 0),
	gsSP2Triangles(8, 9, 10, 0, 10, 11, 8, 0),
	gsSP2Triangles(11, 10, 12, 0, 12, 10, 13, 0),
	gsSP2Triangles(11, 12, 14, 0, 14, 12, 15, 0),
	gsSP2Triangles(16, 17, 18, 0, 18, 17, 19, 0),
	gsSP2Triangles(19, 17, 20, 0, 17, 21, 20, 0),
	gsSP2Triangles(22, 23, 24, 0, 22, 25, 23, 0),
	gsSP2Triangles(22, 26, 25, 0, 22, 27, 26, 0),
	gsSP2Triangles(27, 28, 26, 0, 27, 29, 28, 0),
	gsSP2Triangles(30, 28, 29, 0, 30, 31, 28, 0),
	gsSPEndDisplayList(),
};


Gfx mat_rlongjump_f3dlite_material_001[] = {
	gsSPClearGeometryMode(G_LIGHTING),
	gsDPPipeSync(),
	gsDPSetCombineLERP(TEXEL0, 0, SHADE, 0, ENVIRONMENT, 0, SHADE, 0, TEXEL0, 0, SHADE, 0, ENVIRONMENT, 0, SHADE, 0),
	gsDPSetAlphaDither(G_AD_NOISE),
	gsDPSetTextureLUT(G_TT_RGBA16),
	gsSPTexture(65535, 65535, 0, 0, 1),
	gsDPSetTextureImage(G_IM_FMT_RGBA, G_IM_SIZ_16b, 1, rlongjump_itimatu2_pal_rgba16),
	gsDPSetTile(0, 0, 0, 256, 5, 0, G_TX_WRAP | G_TX_NOMIRROR, 0, 0, G_TX_WRAP | G_TX_NOMIRROR, 0, 0),
	gsDPLoadTLUTCmd(5, 25),
	gsDPSetTextureImage(G_IM_FMT_CI, G_IM_SIZ_8b_LOAD_BLOCK, 1, rlongjump_itimatu2_ci8),
	gsDPSetTile(G_IM_FMT_CI, G_IM_SIZ_8b_LOAD_BLOCK, 0, 0, 7, 0, G_TX_WRAP | G_TX_NOMIRROR, 0, 0, G_TX_WRAP | G_TX_NOMIRROR, 0, 0),
	gsDPLoadBlock(7, 0, 0, 511, 512),
	gsDPSetTile(G_IM_FMT_CI, G_IM_SIZ_8b, 4, 0, 0, 0, G_TX_WRAP | G_TX_NOMIRROR, 5, 0, G_TX_WRAP | G_TX_NOMIRROR, 5, 0),
	gsDPSetTileSize(0, 0, 0, 124, 124),
	gsSPEndDisplayList(),
};

Gfx mat_revert_rlongjump_f3dlite_material_001[] = {
	gsSPSetGeometryMode(G_LIGHTING),
	gsDPPipeSync(),
	gsDPSetAlphaDither(G_AD_DISABLE),
	gsDPSetTextureLUT(G_TT_NONE),
	gsSPEndDisplayList(),
};

Gfx mat_rlongjump_f3dlite_material_011[] = {
	gsSPClearGeometryMode(G_LIGHTING),
	gsDPPipeSync(),
	gsDPSetCombineLERP(TEXEL0, 0, SHADE, 0, ENVIRONMENT, 0, SHADE, 0, TEXEL0, 0, SHADE, 0, ENVIRONMENT, 0, SHADE, 0),
	gsDPSetAlphaDither(G_AD_NOISE),
	gsSPTexture(65535, 65535, 0, 0, 1),
	gsDPSetTextureImage(G_IM_FMT_RGBA, G_IM_SIZ_16b_LOAD_BLOCK, 1, rlongjump_metalwall_rgba16),
	gsDPSetTile(G_IM_FMT_RGBA, G_IM_SIZ_16b_LOAD_BLOCK, 0, 0, 7, 0, G_TX_WRAP | G_TX_NOMIRROR, 0, 0, G_TX_WRAP | G_TX_NOMIRROR, 0, 0),
	gsDPLoadBlock(7, 0, 0, 2047, 256),
	gsDPSetTile(G_IM_FMT_RGBA, G_IM_SIZ_16b, 8, 0, 0, 0, G_TX_WRAP | G_TX_NOMIRROR, 6, 0, G_TX_WRAP | G_TX_NOMIRROR, 5, 0),
	gsDPSetTileSize(0, 0, 0, 124, 252),
	gsSPEndDisplayList(),
};

Gfx mat_revert_rlongjump_f3dlite_material_011[] = {
	gsSPSetGeometryMode(G_LIGHTING),
	gsDPPipeSync(),
	gsDPSetAlphaDither(G_AD_DISABLE),
	gsSPEndDisplayList(),
};

Gfx mat_rlongjump_f3dlite_material_012[] = {
	gsSPClearGeometryMode(G_LIGHTING),
	gsDPPipeSync(),
	gsDPSetCombineLERP(TEXEL0, 0, SHADE, 0, ENVIRONMENT, 0, SHADE, 0, TEXEL0, 0, SHADE, 0, ENVIRONMENT, 0, SHADE, 0),
	gsDPSetAlphaDither(G_AD_NOISE),
	gsDPSetTextureLUT(G_TT_RGBA16),
	gsSPTexture(65535, 65535, 0, 0, 1),
	gsDPSetTextureImage(G_IM_FMT_RGBA, G_IM_SIZ_16b, 1, rlongjump_tisou_pal_rgba16),
	gsDPSetTile(0, 0, 0, 256, 5, 0, G_TX_WRAP | G_TX_NOMIRROR, 0, 0, G_TX_WRAP | G_TX_NOMIRROR, 0, 0),
	gsDPLoadTLUTCmd(5, 86),
	gsDPSetTextureImage(G_IM_FMT_CI, G_IM_SIZ_8b_LOAD_BLOCK, 1, rlongjump_tisou_ci8),
	gsDPSetTile(G_IM_FMT_CI, G_IM_SIZ_8b_LOAD_BLOCK, 0, 0, 7, 0, G_TX_WRAP | G_TX_NOMIRROR, 0, 0, G_TX_WRAP | G_TX_NOMIRROR, 0, 0),
	gsDPLoadBlock(7, 0, 0, 1023, 512),
	gsDPSetTile(G_IM_FMT_CI, G_IM_SIZ_8b, 4, 0, 0, 0, G_TX_WRAP | G_TX_NOMIRROR, 6, 0, G_TX_WRAP | G_TX_NOMIRROR, 5, 0),
	gsDPSetTileSize(0, 0, 0, 124, 252),
	gsSPEndDisplayList(),
};

Gfx mat_revert_rlongjump_f3dlite_material_012[] = {
	gsSPSetGeometryMode(G_LIGHTING),
	gsDPPipeSync(),
	gsDPSetAlphaDither(G_AD_DISABLE),
	gsDPSetTextureLUT(G_TT_NONE),
	gsSPEndDisplayList(),
};

Gfx mat_rlongjump_conc[] = {
	gsSPClearGeometryMode(G_LIGHTING),
	gsDPPipeSync(),
	gsDPSetCombineLERP(TEXEL0, 0, SHADE, 0, ENVIRONMENT, 0, SHADE, 0, TEXEL0, 0, SHADE, 0, ENVIRONMENT, 0, SHADE, 0),
	gsDPSetAlphaDither(G_AD_NOISE),
	gsSPTexture(65535, 65535, 0, 0, 1),
	gsDPSetTextureImage(G_IM_FMT_I, G_IM_SIZ_8b_LOAD_BLOCK, 1, rlongjump_conk_i8),
	gsDPSetTile(G_IM_FMT_I, G_IM_SIZ_8b_LOAD_BLOCK, 0, 0, 7, 0, G_TX_WRAP | G_TX_NOMIRROR, 0, 0, G_TX_WRAP | G_TX_NOMIRROR, 0, 0),
	gsDPLoadBlock(7, 0, 0, 2047, 256),
	gsDPSetTile(G_IM_FMT_I, G_IM_SIZ_8b, 8, 0, 0, 0, G_TX_WRAP | G_TX_NOMIRROR, 6, 0, G_TX_WRAP | G_TX_NOMIRROR, 6, 0),
	gsDPSetTileSize(0, 0, 0, 252, 252),
	gsSPEndDisplayList(),
};

Gfx mat_revert_rlongjump_conc[] = {
	gsSPSetGeometryMode(G_LIGHTING),
	gsDPPipeSync(),
	gsDPSetAlphaDither(G_AD_DISABLE),
	gsSPEndDisplayList(),
};

Gfx rlongjump_rlongjump_mesh_layer_1[] = {
	gsSPDisplayList(mat_rlongjump_f3dlite_material_001),
	gsSPDisplayList(rlongjump_rlongjump_mesh_layer_1_tri_0),
	gsSPDisplayList(mat_revert_rlongjump_f3dlite_material_001),
	gsSPDisplayList(mat_rlongjump_f3dlite_material_011),
	gsSPDisplayList(rlongjump_rlongjump_mesh_layer_1_tri_1),
	gsSPDisplayList(mat_revert_rlongjump_f3dlite_material_011),
	gsSPDisplayList(mat_rlongjump_f3dlite_material_012),
	gsSPDisplayList(rlongjump_rlongjump_mesh_layer_1_tri_2),
	gsSPDisplayList(mat_revert_rlongjump_f3dlite_material_012),
	gsSPDisplayList(mat_rlongjump_conc),
	gsSPDisplayList(rlongjump_rlongjump_mesh_layer_1_tri_3),
	gsSPDisplayList(mat_revert_rlongjump_conc),
	gsDPPipeSync(),
	gsSPSetGeometryMode(G_LIGHTING),
	gsSPClearGeometryMode(G_TEXTURE_GEN),
	gsDPSetCombineLERP(0, 0, 0, SHADE, 0, 0, 0, ENVIRONMENT, 0, 0, 0, SHADE, 0, 0, 0, ENVIRONMENT),
	gsSPTexture(65535, 65535, 0, 0, 0),
	gsDPSetEnvColor(255, 255, 255, 255),
	gsDPSetAlphaCompare(G_AC_NONE),
	gsSPEndDisplayList(),
};

