Gfx rsdm_Bookshelf_rgba16_aligner[] = {gsSPEndDisplayList()};
u8 rsdm_Bookshelf_rgba16[] = {
	0x31, 0x01, 0x31, 0x01, 0x31, 0x01, 0x38, 0xc1, 
	0x30, 0xc1, 0x30, 0xc1, 0x38, 0xc1, 0x39, 0x01, 
	0x31, 0x01, 0x39, 0x01, 0x38, 0xc1, 0x38, 0xc1, 
	0x30, 0xc1, 0x38, 0xc1, 0x30, 0xc1, 0x39, 0x01, 
	0x31, 0x01, 0x39, 0x01, 0x28, 0xc1, 0x31, 0x01, 
	0x31, 0x01, 0x38, 0xc1, 0x40, 0x81, 0x38, 0xc3, 
	0x38, 0xc1, 0x38, 0xc1, 0x31, 0x01, 0x30, 0xc1, 
	0x38, 0xc1, 0x39, 0x01, 0x29, 0x01, 0x31, 0x01, 
	0x38, 0xc1, 0x38, 0xc1, 0x30, 0xc1, 0x39, 0x01, 
	0x31, 0x01, 0x38, 0xc1, 0x38, 0xc1, 0x30, 0xc1, 
	0x31, 0x01, 0x39, 0x01, 0x38, 0xc1, 0x39, 0x01, 
	0x39, 0x01, 0x31, 0x01, 0x31, 0x01, 0x31, 0x01, 
	0x39, 0x01, 0x31, 0x01, 0x31, 0x01, 0x31, 0x01, 
	0x31, 0x01, 0x31, 0x01, 0x38, 0xc1, 0x40, 0xc1, 
	0x40, 0xc1, 0x30, 0xc1, 0x39, 0x03, 0x38, 0xc1, 
	0x31, 0x01, 0x39, 0x01, 0x39, 0x01, 0x39, 0x01, 
	0x30, 0x83, 0x30, 0xc3, 0x29, 0x01, 0x29, 0x03, 
	0x31, 0x03, 0x41, 0x03, 0x39, 0x01, 0x39, 0x01, 
	0x38, 0xc1, 0x38, 0xc1, 0x40, 0xc1, 0x38, 0xc1, 
	0x40, 0xc3, 0x28, 0xc1, 0x30, 0xc3, 0x30, 0xc3, 
	0x30, 0xc3, 0x31, 0x03, 0x29, 0x43, 0x29, 0x03, 
	0x29, 0x03, 0x19, 0x43, 0x09, 0x43, 0x19, 0x43, 
	0x11, 0x83, 0x19, 0x05, 0x71, 0x1d, 0x69, 0x1f, 
	0x28, 0x8f, 0x09, 0x45, 0x19, 0x45, 0x28, 0xc3, 
	0x31, 0x41, 0x29, 0x01, 0x29, 0x43, 0x2b, 0x9d, 
	0x22, 0x59, 0x20, 0x8b, 0x20, 0x8d, 0x28, 0x4d, 
	0x82, 0x4d, 0x93, 0x8d, 0x39, 0x43, 0x29, 0x03, 
	0x31, 0x03, 0x29, 0x03, 0x29, 0x43, 0x29, 0x41, 
	0x29, 0x41, 0x29, 0x41, 0x38, 0xc1, 0x31, 0x01, 
	0x29, 0x01, 0x30, 0xc3, 0x29, 0x03, 0x29, 0x03, 
	0x29, 0x01, 0x29, 0x01, 0x69, 0xc7, 0xaa, 0xcd, 
	0x82, 0x49, 0x31, 0x03, 0x31, 0x03, 0x31, 0x03, 
	0x79, 0x13, 0x79, 0x4f, 0x28, 0xc3, 0x31, 0x03, 
	0x39, 0x03, 0x92, 0xc9, 0xd3, 0x09, 0xd3, 0x09, 
	0xb2, 0xc9, 0x89, 0xc7, 0xb9, 0x8d, 0xc9, 0x4f, 
	0xb1, 0x4b, 0x40, 0xc3, 0x29, 0x43, 0x29, 0x03, 
	0x30, 0xc3, 0x31, 0x03, 0x29, 0x03, 0x39, 0x01, 
	0x7a, 0x47, 0x63, 0x09, 0x2c, 0x59, 0x2d, 0x1f, 
	0x25, 0x1d, 0x23, 0xdb, 0x71, 0x21, 0x69, 0x5f, 
	0x2a, 0xd9, 0x35, 0x23, 0x35, 0x23, 0x2b, 0x09, 
	0xa4, 0xcb, 0xac, 0x89, 0x83, 0xc9, 0x23, 0x9d, 
	0x1a, 0x1b, 0x41, 0x69, 0x49, 0xaf, 0x51, 0x67, 
	0x93, 0x4f, 0xa4, 0x4f, 0x39, 0x03, 0x30, 0xc3, 
	0x31, 0x01, 0x29, 0x41, 0x3b, 0x87, 0x34, 0x07, 
	0x34, 0x07, 0x22, 0x85, 0x28, 0xc5, 0x29, 0x05, 
	0x29, 0x03, 0x31, 0x03, 0x21, 0x43, 0x31, 0x03, 
	0x5a, 0x47, 0x9c, 0x4d, 0x8a, 0xc9, 0xc3, 0x4f, 
	0x92, 0x4b, 0x29, 0x03, 0x29, 0x03, 0x29, 0x03, 
	0xdb, 0x1b, 0xba, 0x9f, 0x2b, 0x1d, 0x2b, 0xa5, 
	0x33, 0x5f, 0x8a, 0xc9, 0xcb, 0x49, 0xd3, 0x49, 
	0xbb, 0x09, 0x79, 0x85, 0xb1, 0x4d, 0xb1, 0x8f, 
	0xa1, 0x8b, 0x69, 0x51, 0x71, 0xeb, 0x79, 0xeb, 
	0x59, 0x95, 0x95, 0x11, 0xbe, 0x13, 0x8c, 0x8d, 
	0xcd, 0x53, 0xa4, 0x8f, 0x3d, 0xa3, 0x46, 0x67, 
	0x3e, 0x27, 0x3d, 0x25, 0x91, 0xe7, 0x81, 0xa3, 
	0x22, 0x15, 0x2c, 0xdf, 0x2c, 0x5b, 0x32, 0xc9, 
	0xcd, 0xd1, 0xcd, 0xd3, 0xa4, 0xcd, 0x3c, 0xa5, 
	0x33, 0xdf, 0x59, 0xe9, 0x59, 0xab, 0x61, 0xa7, 
	0x6a, 0x0b, 0x82, 0xcf, 0x49, 0x85, 0x93, 0x8d, 
	0x93, 0xcd, 0x52, 0x47, 0x3b, 0x45, 0x3c, 0x05, 
	0x3b, 0xc5, 0x1a, 0x85, 0x2a, 0xe5, 0x2b, 0x2d, 
	0x2a, 0xa7, 0x23, 0x53, 0x2c, 0x8d, 0x2c, 0x8b, 
	0x32, 0xc3, 0x7c, 0x89, 0x62, 0x85, 0x9b, 0x0f, 
	0x6a, 0x8b, 0x2b, 0xa5, 0x2b, 0xe7, 0x23, 0x1f, 
	0xd1, 0x63, 0xc1, 0xe5, 0x4c, 0xab, 0x4e, 0x31, 
	0x4d, 0x6b, 0x8a, 0x4b, 0xc3, 0x4b, 0xc3, 0x49, 
	0xaa, 0xc9, 0x71, 0x87, 0xa9, 0x8f, 0xa9, 0x91, 
	0xa1, 0x4f, 0x69, 0x57, 0x6a, 0x2b, 0x72, 0x29, 
	0x5a, 0x4d, 0x8d, 0x0f, 0xad, 0xcf, 0x84, 0x4b, 
	0xbc, 0xcb, 0xa4, 0xcf, 0x3d, 0xa3, 0x3e, 0x27, 
	0x3e, 0x67, 0x35, 0x65, 0x59, 0x1b, 0x61, 0x1f, 
	0x22, 0x15, 0x2c, 0xdf, 0x2c, 0x9f, 0x2a, 0xc9, 
	0xcd, 0x93, 0xcd, 0x93, 0xac, 0xcf, 0x33, 0xe3, 
	0x33, 0x63, 0x49, 0x65, 0x59, 0xa9, 0x51, 0x63, 
	0x6a, 0x4b, 0x82, 0xcf, 0x49, 0x87, 0x93, 0x8b, 
	0x93, 0xcb, 0x5a, 0x85, 0x5c, 0x89, 0x55, 0x49, 
	0x54, 0xc9, 0x3b, 0xc9, 0x43, 0xa9, 0x44, 0x2b, 
	0x3b, 0xe5, 0x3d, 0x55, 0x4e, 0x53, 0x4e, 0x11, 
	0x6c, 0x89, 0xd6, 0x4f, 0x7a, 0x85, 0xa2, 0x4d, 
	0x71, 0xcb, 0x33, 0xe3, 0x2c, 0x25, 0x2b, 0x1d, 
	0xc1, 0xa1, 0xb9, 0xe9, 0x3b, 0x29, 0x34, 0xef, 
	0x3c, 0xeb, 0x7b, 0x09, 0xbb, 0x0d, 0xc3, 0x0b, 
	0xa2, 0xcb, 0x71, 0x87, 0xa9, 0x8f, 0xb1, 0x8f, 
	0xa1, 0x8d, 0x51, 0x0d, 0x69, 0xe7, 0x71, 0xe5, 
	0x41, 0x09, 0x7c, 0x4d, 0x95, 0x0f, 0x73, 0x89, 
	0xbc, 0x8d, 0xa4, 0x8f, 0x3d, 0xa3, 0x3e, 0x67, 
	0x3e, 0x6b, 0x35, 0x67, 0x61, 0x1b, 0x61, 0x1d, 
	0x1a, 0x13, 0x24, 0x9f, 0x2c, 0xa1, 0x22, 0xc9, 
	0xcd, 0xd1, 0xcd, 0xd3, 0xac, 0xcf, 0x34, 0x25, 
	0x2b, 0x61, 0x41, 0xa7, 0x49, 0xa9, 0x49, 0x65, 
	0x6a, 0x8b, 0x7b, 0x0f, 0x39, 0x05, 0x82, 0xcb, 
	0x83, 0x4b, 0x42, 0x05, 0x4c, 0x8b, 0x4d, 0x09, 
	0x55, 0x0b, 0x2b, 0x89, 0x22, 0xa3, 0x22, 0xe9, 
	0x22, 0x65, 0x34, 0x9d, 0x45, 0xdb, 0x3d, 0xd9, 
	0x5c, 0x49, 0xbe, 0x4f, 0x7a, 0xc5, 0x9a, 0xcd, 
	0x62, 0x4b, 0x23, 0x5f, 0x23, 0xe1, 0x1a, 0xdb, 
	0xc9, 0xa1, 0xb9, 0xe7, 0x3b, 0x69, 0x34, 0xef, 
	0x3c, 0xa9, 0x92, 0x8d, 0xdb, 0x8d, 0xdb, 0x8d, 
	0xbb, 0x0b, 0x79, 0x87, 0xa9, 0x8f, 0xb1, 0x8f, 
	0xa1, 0x4f, 0x59, 0x11, 0x6a, 0x29, 0x69, 0xe7, 
	0x29, 0x11, 0x74, 0x4f, 0x8c, 0xcf, 0x6b, 0x89, 
	0xbc, 0x8d, 0xac, 0x8f, 0x3d, 0xa3, 0x36, 0x67, 
	0x36, 0x2b, 0x35, 0x69, 0x69, 0x1f, 0x71, 0x63, 
	0x21, 0xd7, 0x2c, 0xe1, 0x2c, 0xa1, 0x22, 0xc9, 
	0xcd, 0x93, 0xcd, 0x93, 0xac, 0xcf, 0x34, 0x25, 
	0x2b, 0x61, 0x41, 0xa5, 0x49, 0xab, 0x51, 0x65, 
	0x6a, 0x0d, 0x82, 0xcd, 0x41, 0x45, 0x8b, 0x4b, 
	0x83, 0x49, 0x42, 0x03, 0x4c, 0x09, 0x4c, 0x89, 
	0x4c, 0x47, 0x2b, 0x07, 0x2a, 0x63, 0x2a, 0xe7, 
	0x22, 0xa3, 0x34, 0x9b, 0x45, 0xd9, 0x45, 0xd7, 
	0x5c, 0x49, 0xbe, 0x4f, 0x7a, 0xc5, 0xa2, 0x8f, 
	0x6a, 0x0b, 0x2a, 0xe1, 0x2b, 0x23, 0x22, 0x5b, 
	0xc1, 0xa1, 0xb9, 0xe5, 0x33, 0x69, 0x34, 0xaf, 
	0x3c, 0xab, 0x92, 0x8b, 0xd3, 0x09, 0xd3, 0x09, 
	0xb2, 0xc9, 0x81, 0x87, 0xa9, 0x8f, 0xb1, 0x8f, 
	0xa1, 0x8d, 0x59, 0x0f, 0x61, 0xe9, 0x69, 0xe7, 
	0x39, 0x11, 0x74, 0x4f, 0x8d, 0x0f, 0x73, 0x8b, 
	0xbc, 0x4d, 0xa4, 0x8f, 0x35, 0xa3, 0x36, 0x67, 
	0x3e, 0x29, 0x35, 0x67, 0x71, 0x21, 0x69, 0x23, 
	0x21, 0x99, 0x24, 0xdf, 0x2c, 0x9d, 0x22, 0xcb, 
	0xcd, 0xd1, 0xcd, 0xd3, 0xac, 0xcf, 0x34, 0xa3, 
	0x33, 0x61, 0x41, 0xa9, 0x51, 0xa9, 0x51, 0xa5, 
	0x69, 0xcd, 0x82, 0xcf, 0x49, 0xc5, 0x9b, 0x4d, 
	0x93, 0x8d, 0x5a, 0x87, 0x3b, 0x85, 0x3c, 0x05, 
	0x3b, 0xc7, 0x1a, 0xc7, 0x22, 0x63, 0x2a, 0xe9, 
	0x22, 0xa3, 0x34, 0x9b, 0x46, 0x19, 0x3d, 0xd5, 
	0x64, 0x4b, 0xc6, 0x4f, 0x72, 0xc5, 0xa2, 0xcf, 
	0x72, 0x0b, 0x2a, 0xe1, 0x23, 0x63, 0x1a, 0x5b, 
	0xc1, 0xa1, 0xb9, 0xe5, 0x33, 0x69, 0x34, 0xaf, 
	0x3c, 0xab, 0x92, 0x8b, 0xd3, 0x09, 0xd3, 0x09, 
	0xb2, 0xc9, 0x81, 0x87, 0xa9, 0x8f, 0xb1, 0x8f, 
	0xa1, 0x53, 0x59, 0x11, 0x6a, 0x25, 0x7a, 0x23, 
	0x41, 0x89, 0x7c, 0x4f, 0x95, 0x0f, 0x7b, 0xc9, 
	0xbc, 0x4d, 0xa4, 0x8f, 0x35, 0xa5, 0x36, 0x67, 
	0x3e, 0x69, 0x35, 0x67, 0x71, 0x21, 0x69, 0x23, 
	0x21, 0x99, 0x24, 0xdf, 0x2c, 0x9d, 0x22, 0xcb, 
	0xcd, 0xd1, 0xcd, 0xd3, 0xac, 0xcf, 0x23, 0x9d, 
	0x1a, 0x97, 0x52, 0x29, 0x62, 0x2b, 0x61, 0xe5, 
	0x6a, 0x8b, 0x83, 0x4d, 0x49, 0x83, 0x9b, 0x4d, 
	0x93, 0x8d, 0x5a, 0x87, 0x3b, 0x85, 0x3c, 0x05, 
	0x3b, 0xc7, 0x1a, 0xc7, 0x22, 0x63, 0x2a, 0xe9, 
	0x22, 0xa3, 0x34, 0x9b, 0x46, 0x19, 0x3d, 0xd5, 
	0x64, 0x4b, 0xce, 0x93, 0x72, 0xc5, 0x9a, 0x8d, 
	0x6a, 0x0b, 0x2b, 0x1f, 0x2b, 0xe1, 0x22, 0xd9, 
	0xc1, 0xa1, 0xb9, 0xe5, 0x33, 0x69, 0x34, 0xaf, 
	0x3c, 0xab, 0x92, 0x8b, 0xd3, 0x09, 0xd3, 0x09, 
	0xba, 0xc9, 0x81, 0x87, 0xa9, 0x8f, 0xb1, 0x8f, 
	0xa1, 0x4f, 0x69, 0x55, 0x72, 0x2b, 0x7a, 0x29, 
	0x5a, 0x0d, 0x8d, 0x0f, 0xad, 0xcf, 0x94, 0x8b, 
	0xc4, 0x8d, 0xa4, 0x8f, 0x35, 0xa5, 0x36, 0x27, 
	0x3e, 0x69, 0x35, 0x67, 0x71, 0x21, 0x69, 0x23, 
	0x21, 0x99, 0x24, 0xdf, 0x2c, 0x9d, 0x2a, 0xcb, 
	0xcd, 0x91, 0xcd, 0xd1, 0xac, 0xcf, 0x23, 0x9d, 
	0x1a, 0x5b, 0x41, 0x6d, 0x51, 0x6f, 0x51, 0x69, 
	0x69, 0x8f, 0x7b, 0x0f, 0x49, 0xc5, 0x9b, 0x4d, 
	0x93, 0x8d, 0x5a, 0x87, 0x3b, 0x85, 0x3c, 0x05, 
	0x3b, 0xc7, 0x1a, 0xc7, 0x22, 0x63, 0x22, 0xe9, 
	0x22, 0xa3, 0x34, 0x9b, 0x46, 0x19, 0x45, 0xd7, 
	0x43, 0x05, 0x94, 0xc9, 0x6a, 0x45, 0x9a, 0x8f, 
	0x72, 0x0b, 0x2b, 0xe3, 0x2c, 0xa7, 0x23, 0x9f, 
	0xc1, 0xa1, 0xb9, 0xe5, 0x33, 0x69, 0x34, 0xaf, 
	0x3c, 0xab, 0x92, 0x8b, 0xd3, 0x09, 0xd3, 0x09, 
	0xba, 0xc9, 0x81, 0x87, 0xa9, 0x8f, 0xb1, 0x8f, 
	0xa1, 0x8f, 0x69, 0x5b, 0x69, 0xf1, 0x71, 0xef, 
	0x49, 0x99, 0x85, 0x11, 0x9d, 0xcf, 0x84, 0x4b, 
	0xbc, 0x8d, 0xa4, 0x8f, 0x35, 0xa5, 0x36, 0x67, 
	0x3e, 0x29, 0x35, 0x67, 0x71, 0x21, 0x69, 0x23, 
	0x21, 0x99, 0x24, 0xdf, 0x2c, 0x9d, 0x22, 0xcb, 
	0xcd, 0xd1, 0xcd, 0xd1, 0xac, 0xcf, 0x1b, 0x5d, 
	0x1a, 0x5b, 0x39, 0x69, 0x51, 0x6f, 0x51, 0x69, 
	0x69, 0x91, 0x82, 0xcf, 0x49, 0x85, 0x9b, 0x4d, 
	0x93, 0x8d, 0x5a, 0x87, 0x3b, 0x85, 0x3c, 0x05, 
	0x3b, 0xc7, 0x1a, 0xc7, 0x22, 0x63, 0x2a, 0xe9, 
	0x22, 0xa3, 0x34, 0x9b, 0x3e, 0x19, 0x3d, 0xd7, 
	0x3b, 0x05, 0x94, 0xc9, 0x6a, 0x45, 0x9a, 0x8f, 
	0x72, 0x0d, 0x23, 0xa5, 0x24, 0x27, 0x1b, 0x1f, 
	0xc1, 0xa1, 0xc1, 0xe5, 0x33, 0x69, 0x34, 0xaf, 
	0x3c, 0xab, 0x92, 0x8b, 0xd3, 0x09, 0xd3, 0x09, 
	0xba, 0xc9, 0x81, 0x87, 0xa9, 0x8f, 0xb1, 0x8f, 
	0xa1, 0x8f, 0x69, 0x59, 0x69, 0xed, 0x69, 0xed, 
	0x49, 0x97, 0x85, 0x11, 0x9d, 0xcf, 0x94, 0x8b, 
	0xbc, 0x8d, 0xa4, 0x8f, 0x35, 0xa5, 0x36, 0x69, 
	0x3e, 0x29, 0x35, 0x29, 0x71, 0x21, 0x69, 0x23, 
	0x19, 0xd7, 0x2c, 0xdf, 0x2c, 0x9d, 0x2a, 0xcb, 
	0xcd, 0xd1, 0xcd, 0xd1, 0xa5, 0x0f, 0x1b, 0x5d, 
	0x12, 0x1b, 0x49, 0x6d, 0x51, 0x71, 0x59, 0x2b, 
	0x69, 0x8d, 0x83, 0x0d, 0x49, 0x85, 0x93, 0x4d, 
	0x9b, 0x4d, 0x5a, 0x87, 0x3b, 0x85, 0x3c, 0x05, 
	0x3b, 0xc7, 0x1a, 0xc7, 0x22, 0x63, 0x2a, 0xe9, 
	0x22, 0xa3, 0x34, 0x9b, 0x3e, 0x19, 0x3d, 0xd7, 
	0x43, 0x05, 0x94, 0x89, 0x62, 0x45, 0xa2, 0xcd, 
	0x69, 0xcd, 0x23, 0x67, 0x23, 0xe7, 0x1b, 0x21, 
	0xc1, 0xe1, 0xb9, 0xe3, 0x33, 0x65, 0x3c, 0xef, 
	0x3c, 0xa9, 0x92, 0xcb, 0xd3, 0x09, 0xdb, 0x09, 
	0xba, 0xc9, 0x81, 0x87, 0xa9, 0x4f, 0xb1, 0x4d, 
	0xa9, 0x4d, 0x69, 0x57, 0x69, 0xed, 0x69, 0xeb, 
	0x59, 0x97, 0x8d, 0x11, 0x8d, 0xcf, 0x7c, 0x4b, 
	0xb4, 0xcd, 0xa4, 0xcd, 0x3d, 0xa3, 0x3e, 0x6b, 
	0x36, 0x23, 0x35, 0x25, 0x69, 0x21, 0x69, 0x23, 
	0x19, 0xd7, 0x34, 0x9b, 0x34, 0x55, 0x3b, 0x09, 
	0xc5, 0x8f, 0xcd, 0xd3, 0xa4, 0xcd, 0x1b, 0x9d, 
	0x1a, 0x59, 0x41, 0x6b, 0x51, 0x6f, 0x51, 0x69, 
	0x6a, 0x0d, 0x82, 0xcf, 0x49, 0x45, 0x93, 0x0d, 
	0x9b, 0x0f, 0x5a, 0x87, 0x33, 0x87, 0x3c, 0x07, 
	0x3b, 0xc7, 0x1a, 0xc7, 0x22, 0xa3, 0x23, 0x29, 
	0x22, 0xe3, 0x34, 0x59, 0x3d, 0xd9, 0x45, 0xd3, 
	0x4b, 0x05, 0x9c, 0xc9, 0x62, 0x85, 0xaa, 0xcd, 
	0x69, 0x8d, 0x23, 0xa5, 0x23, 0xe7, 0x1b, 0x21, 
	0xa1, 0x13, 0x91, 0x15, 0x3b, 0xe3, 0x3d, 0x6b, 
	0x3c, 0x63, 0x92, 0x89, 0xdb, 0x09, 0xdb, 0x09, 
	0xba, 0xc9, 0x89, 0x87, 0xc1, 0x8d, 0xc9, 0x4d, 
	0xba, 0x0d, 0x71, 0x51, 0x79, 0xef, 0x71, 0xed, 
	0x59, 0x97, 0x8d, 0x0f, 0xa5, 0xcf, 0x94, 0x0b, 
	0x93, 0x47, 0x7b, 0x49, 0x2c, 0x9b, 0x2d, 0x5f, 
	0x2d, 0x1b, 0x2c, 0x19, 0x69, 0x21, 0x71, 0x25, 
	0x29, 0xdd, 0x35, 0xa1, 0x35, 0x1d, 0x23, 0x4b, 
	0xac, 0xc9, 0xac, 0xc9, 0x84, 0x09, 0x1b, 0x9d, 
	0x1a, 0x5d, 0x49, 0x6b, 0x51, 0x71, 0x59, 0x69, 
	0x82, 0xcd, 0x93, 0x8d, 0x5a, 0x05, 0x9b, 0x4d, 
	0x9b, 0x4d, 0x5a, 0xc5, 0x3b, 0x45, 0x44, 0x07, 
	0x43, 0xc5, 0x22, 0x85, 0x3b, 0xa9, 0x3b, 0xed, 
	0x33, 0x69, 0x34, 0x51, 0x35, 0x8d, 0x2d, 0x4b, 
	0x42, 0xc3, 0x9c, 0x87, 0x7a, 0xc5, 0xab, 0x0b, 
	0x8a, 0x8b, 0x23, 0xa5, 0x24, 0x27, 0x1b, 0x21, 
	0xb2, 0xc7, 0xb2, 0x89, 0xa3, 0x49, 0x9b, 0xc9, 
	0xa3, 0x49, 0xb3, 0x85, 0xb3, 0x43, 0xb3, 0x03, 
	0xab, 0x45, 0xa3, 0x05, 0xb2, 0xc5, 0xb2, 0x87, 
	0xb2, 0x47, 0x9a, 0x85, 0xa2, 0x49, 0x9a, 0x87, 
	0x8a, 0x85, 0x9b, 0x43, 0x9b, 0x43, 0x9b, 0x03, 
	0xa2, 0xc3, 0xa3, 0x05, 0x8b, 0x47, 0x8b, 0x87, 
	0x93, 0x49, 0x93, 0x09, 0x9a, 0x49, 0xa2, 0x0b, 
	0x92, 0xc7, 0x8b, 0x47, 0x9b, 0x47, 0x92, 0xc5, 
	0xab, 0x43, 0xa3, 0x43, 0xa3, 0x05, 0x8a, 0xc9, 
	0x92, 0x89, 0x9a, 0x0d, 0x99, 0x8d, 0xa1, 0xcb, 
	0xa2, 0xc7, 0xa2, 0xc7, 0xa2, 0xc5, 0xab, 0x07, 
	0xaa, 0xc7, 0x9a, 0xc5, 0x9b, 0x85, 0x9b, 0x85, 
	0x9b, 0x85, 0x93, 0x45, 0x9b, 0x0b, 0x8b, 0x89, 
	0x93, 0x4b, 0x93, 0x45, 0x94, 0x07, 0x93, 0xc5, 
	0x9b, 0x45, 0xab, 0x45, 0xaa, 0xc5, 0xb3, 0x07, 
	0xa2, 0xc9, 0x9b, 0x0b, 0x93, 0x4b, 0x9b, 0x0b, 
	0x82, 0x41, 0x8a, 0x03, 0x82, 0x41, 0x82, 0x43, 
	0x82, 0x43, 0x8a, 0x41, 0x82, 0x41, 0x92, 0x01, 
	0x8a, 0x41, 0x92, 0x81, 0x92, 0x41, 0x8a, 0x41, 
	0x92, 0x43, 0x8a, 0x81, 0x9a, 0x81, 0x92, 0x81, 
	0x92, 0x83, 0x92, 0x81, 0x92, 0x83, 0x8a, 0xc1, 
	0x92, 0xc1, 0x92, 0xc3, 0x92, 0xc3, 0x92, 0x83, 
	0x92, 0xc3, 0x92, 0xc1, 0x8a, 0xc1, 0x9a, 0xc3, 
	0x9a, 0xc1, 0x93, 0x01, 0x9a, 0xc1, 0x92, 0xc3, 
	0x9a, 0x81, 0x92, 0x43, 0x92, 0x81, 0x92, 0x83, 
	0x92, 0x81, 0x92, 0x83, 0x8a, 0xc1, 0x92, 0x81, 
	0x9a, 0xc1, 0x9a, 0x83, 0x9a, 0xc3, 0x9a, 0xc3, 
	0x9a, 0xc3, 0x9a, 0xc3, 0x9a, 0xc3, 0x9a, 0xc3, 
	0x9b, 0x03, 0x93, 0x03, 0x9a, 0x85, 0x92, 0xc3, 
	0x9a, 0xc5, 0x9a, 0xc5, 0x93, 0x03, 0x9b, 0x03, 
	0x9a, 0xc3, 0xa3, 0x03, 0xa2, 0xc3, 0xa2, 0xc3, 
	0x9a, 0x83, 0x9a, 0xc3, 0x93, 0x03, 0x9a, 0xc3, 
	0x31, 0x01, 0x30, 0xc3, 0x30, 0xc1, 0x31, 0x03, 
	0x29, 0x01, 0x30, 0xc5, 0x28, 0xc3, 0x30, 0xc3, 
	0x31, 0x03, 0x28, 0xc5, 0x31, 0x03, 0x31, 0x03, 
	0x31, 0x03, 0x10, 0x89, 0x29, 0x03, 0x39, 0x03, 
	0x31, 0x01, 0x29, 0x03, 0x29, 0x03, 0x38, 0x83, 
	0x38, 0xc3, 0x39, 0x03, 0x31, 0x03, 0x30, 0xc3, 
	0x29, 0x03, 0x28, 0xc3, 0x31, 0x03, 0x30, 0xc1, 
	0x31, 0x03, 0x28, 0xc3, 0x30, 0xc3, 0x31, 0x03, 
	0x31, 0x01, 0x31, 0x01, 0x30, 0xc3, 0x29, 0x03, 
	0x31, 0x03, 0x31, 0x03, 0x31, 0x03, 0x31, 0x03, 
	0x30, 0xc3, 0x31, 0x03, 0x31, 0x03, 0x31, 0x03, 
	0x31, 0x01, 0x31, 0x01, 0x31, 0x03, 0x38, 0xc3, 
	0x38, 0xc1, 0x39, 0x01, 0x30, 0xc3, 0x38, 0xc3, 
	0x31, 0x01, 0x30, 0x81, 0x31, 0x03, 0x29, 0x03, 
	0x38, 0xc3, 0x30, 0xc3, 0x31, 0x03, 0x38, 0xc1, 
	0x30, 0xc1, 0x28, 0xc1, 0x29, 0x01, 0x30, 0xc1, 
	0x19, 0x01, 0x19, 0x01, 0x19, 0x43, 0x22, 0x5d, 
	0x2a, 0x5d, 0x28, 0xc3, 0x31, 0x03, 0x30, 0x85, 
	0x49, 0x5f, 0x59, 0xe9, 0x49, 0x59, 0x30, 0x85, 
	0x28, 0x89, 0x39, 0xeb, 0x18, 0x91, 0x10, 0xcd, 
	0x11, 0x05, 0x20, 0xc5, 0x8a, 0x4d, 0x92, 0x8d, 
	0x39, 0x03, 0x31, 0x03, 0x29, 0x41, 0x19, 0x41, 
	0x34, 0xd1, 0x2c, 0x91, 0x11, 0x41, 0x21, 0x01, 
	0x11, 0x01, 0x18, 0xc1, 0x40, 0xc1, 0x40, 0x81, 
	0x30, 0xc3, 0x28, 0xc1, 0x31, 0x01, 0x30, 0xc3, 
	0x30, 0xc3, 0x28, 0x83, 0x30, 0x85, 0x30, 0x85, 
	0x30, 0x85, 0x28, 0xc3, 0x31, 0x03, 0x31, 0x03, 
	0x31, 0x01, 0x31, 0x03, 0x20, 0xc1, 0x29, 0x41, 
	0x21, 0x01, 0x21, 0x01, 0x30, 0x8b, 0x60, 0xdb, 
	0x79, 0x1b, 0xb1, 0xdd, 0x28, 0x8b, 0x28, 0x89, 
	0x10, 0xcb, 0x11, 0x09, 0x28, 0xc3, 0x40, 0xc3, 
	0x38, 0xc3, 0x38, 0xc3, 0x29, 0x03, 0x31, 0x03, 
	0x75, 0x8d, 0x86, 0x0d, 0x5d, 0x0d, 0x1b, 0x1b, 
	0x22, 0x99, 0x20, 0x85, 0x30, 0x85, 0x28, 0x87, 
	0x31, 0x5d, 0x4a, 0x2b, 0x59, 0x55, 0x8a, 0x49, 
	0x61, 0x89, 0x93, 0xf3, 0x2a, 0x5d, 0x34, 0x2b, 
	0x34, 0x6f, 0x33, 0xa7, 0x89, 0x8d, 0x8a, 0x4b, 
	0x73, 0x47, 0xc5, 0xcd, 0xb5, 0x8b, 0x64, 0x49, 
	0x24, 0xd3, 0x2c, 0xd1, 0x3c, 0x47, 0x55, 0x89, 
	0x45, 0x49, 0x4a, 0x45, 0x92, 0x49, 0x92, 0x09, 
	0x69, 0x87, 0x30, 0xc3, 0x29, 0x03, 0x22, 0x49, 
	0x1a, 0xd1, 0x19, 0x91, 0x69, 0x23, 0x71, 0x29, 
	0x59, 0x1f, 0x18, 0x8b, 0x2b, 0x11, 0x10, 0xc1, 
	0x19, 0x01, 0x21, 0x01, 0x21, 0x41, 0x8c, 0x89, 
	0xa5, 0x89, 0x95, 0x49, 0x40, 0x8b, 0x48, 0xd7, 
	0xb2, 0x57, 0xca, 0xe3, 0x22, 0x67, 0x23, 0x31, 
	0x23, 0x6f, 0x22, 0xe9, 0x71, 0x57, 0xc1, 0x4f, 
	0xb9, 0x8f, 0x71, 0x47, 0x6b, 0x0b, 0x4a, 0xc9, 
	0x5c, 0xcb, 0x6d, 0x8d, 0x5c, 0x8d, 0x3b, 0xe7, 
	0x3b, 0x65, 0x30, 0xd9, 0x58, 0xdd, 0x48, 0xd9, 
	0x39, 0x1d, 0x49, 0xeb, 0x61, 0x19, 0x99, 0xc9, 
	0x69, 0x49, 0x83, 0x77, 0x21, 0xa1, 0x3b, 0xe9, 
	0x3c, 0x27, 0x42, 0xe1, 0x89, 0x8d, 0x8a, 0x4b, 
	0x73, 0x47, 0xd6, 0xcf, 0xbe, 0x0b, 0x63, 0xc7, 
	0x35, 0x4d, 0x2d, 0x0d, 0x5d, 0x8f, 0x7e, 0x53, 
	0x6e, 0x51, 0x5a, 0xc5, 0x9a, 0xc9, 0xa2, 0x89, 
	0x71, 0x89, 0x40, 0xc9, 0x40, 0xd1, 0x34, 0x9f, 
	0x2d, 0x63, 0x2a, 0xd9, 0x89, 0xa5, 0x81, 0xa5, 
	0x69, 0x5b, 0x10, 0x89, 0x1b, 0x57, 0x23, 0x89, 
	0x65, 0xcd, 0x6d, 0xcb, 0x43, 0x85, 0x64, 0x09, 
	0x9d, 0x0d, 0x95, 0x0b, 0x51, 0x0b, 0x69, 0xa1, 
	0x9a, 0x1f, 0xcb, 0x2b, 0x22, 0x65, 0x23, 0x2d, 
	0x23, 0x2f, 0x2a, 0xe9, 0x71, 0x93, 0xc9, 0xcf, 
	0xc1, 0xcf, 0x71, 0x87, 0x53, 0x09, 0x42, 0xc7, 
	0x54, 0xcd, 0x6d, 0x8d, 0x54, 0x8f, 0x23, 0x65, 
	0x2b, 0x25, 0x69, 0x61, 0x81, 0xa5, 0x79, 0xa3, 
	0x41, 0x1f, 0x49, 0xeb, 0x51, 0x17, 0xc3, 0x4f, 
	0x92, 0x4f, 0x6b, 0x35, 0x21, 0xdf, 0x33, 0x6b, 
	0x3b, 0x6f, 0x2a, 0xa3, 0x72, 0x8b, 0x82, 0x4b, 
	0x5a, 0x45, 0xad, 0x4b, 0x94, 0xcb, 0x53, 0x47, 
	0x2c, 0x0d, 0x24, 0x0f, 0x3d, 0x8f, 0x6e, 0x93, 
	0x6e, 0x51, 0x6b, 0x49, 0xb2, 0xcf, 0xba, 0xcf, 
	0x81, 0x8d, 0x51, 0x9f, 0x59, 0xa5, 0x33, 0x61, 
	0x2d, 0x21, 0x22, 0x17, 0x91, 0xed, 0x79, 0xef, 
	0x71, 0xe5, 0x51, 0xe1, 0x4d, 0x23, 0x32, 0xc7, 
	0x5c, 0xc9, 0x5d, 0x09, 0x33, 0x03, 0x6c, 0x09, 
	0x9d, 0x0b, 0x7c, 0x8b, 0x48, 0xd3, 0x69, 0x63, 
	0xa2, 0x27, 0xcb, 0x27, 0x29, 0xdf, 0x2b, 0x27, 
	0x2a, 0xa9, 0x2a, 0x65, 0x69, 0x11, 0xb1, 0x91, 
	0xb1, 0x93, 0x72, 0x09, 0x8d, 0x93, 0x74, 0x8d, 
	0x5c, 0xcb, 0x65, 0x8d, 0x4c, 0x8d, 0x2b, 0x67, 
	0x2a, 0xe7, 0x59, 0x63, 0x79, 0x67, 0x71, 0x65, 
	0x39, 0x1f, 0x49, 0xe7, 0x51, 0x5b, 0xcb, 0x4f, 
	0x9a, 0x4f, 0x5a, 0xf3, 0x21, 0x9f, 0x33, 0x2b, 
	0x33, 0x6b, 0x32, 0xa7, 0x69, 0x91, 0x7a, 0x4b, 
	0x52, 0x85, 0xad, 0x4b, 0x94, 0xcb, 0x4b, 0x07, 
	0x24, 0x4b, 0x23, 0xcd, 0x45, 0x8f, 0x6e, 0x53, 
	0x66, 0x53, 0x5b, 0x49, 0xb2, 0xcf, 0xbb, 0x0f, 
	0x91, 0x8d, 0x6a, 0x23, 0x72, 0x65, 0x2c, 0x1b, 
	0x2d, 0x21, 0x22, 0x19, 0x81, 0xed, 0x89, 0xef, 
	0x71, 0xe5, 0x32, 0x5d, 0x44, 0xe3, 0x23, 0x07, 
	0x55, 0x0b, 0x55, 0x0b, 0x33, 0x05, 0x64, 0x09, 
	0x95, 0x0b, 0x84, 0x8b, 0x41, 0x13, 0x71, 0x63, 
	0xaa, 0x25, 0xcb, 0x29, 0x21, 0xdf, 0x2a, 0xe9, 
	0x2a, 0xab, 0x2a, 0x67, 0x69, 0x0d, 0xb1, 0x91, 
	0xb1, 0x8f, 0x61, 0x89, 0x8c, 0xd1, 0x94, 0x8f, 
	0x5c, 0xcb, 0x65, 0x8f, 0x54, 0x8d, 0x2b, 0x67, 
	0x2a, 0xe7, 0x59, 0x63, 0x71, 0x67, 0x69, 0x65, 
	0x39, 0x1f, 0x51, 0xe7, 0x51, 0x5b, 0xcb, 0x4f, 
	0x99, 0xcf, 0x62, 0xf5, 0x21, 0x9f, 0x33, 0x6b, 
	0x33, 0xab, 0x32, 0xa5, 0x92, 0x11, 0x9a, 0xcd, 
	0x62, 0xc5, 0xad, 0x4b, 0x84, 0xcb, 0x43, 0x47, 
	0x2c, 0xcf, 0x2c, 0x91, 0x3d, 0x91, 0x6e, 0x93, 
	0x66, 0x53, 0x63, 0x49, 0xbb, 0x0f, 0xbb, 0x0d, 
	0x81, 0xcb, 0x49, 0x59, 0x59, 0x9f, 0x2b, 0x9f, 
	0x2c, 0xe5, 0x22, 0x19, 0x81, 0xed, 0x89, 0xef, 
	0x71, 0xa3, 0x19, 0x53, 0x2b, 0x97, 0x22, 0xc7, 
	0x4d, 0x09, 0x55, 0x0b, 0x33, 0x05, 0x64, 0x09, 
	0x95, 0x0b, 0x84, 0x8b, 0x49, 0x13, 0x71, 0x63, 
	0xaa, 0x25, 0xca, 0xed, 0x2a, 0x25, 0x2b, 0x6d, 
	0x2b, 0x31, 0x2a, 0xab, 0x69, 0x53, 0xb1, 0x95, 
	0xb1, 0x93, 0x59, 0x47, 0x73, 0xcb, 0x6b, 0x49, 
	0x5c, 0xcb, 0x6d, 0x8d, 0x5c, 0x8d, 0x33, 0xa5, 
	0x33, 0x27, 0x59, 0x61, 0x71, 0x69, 0x71, 0x65, 
	0x39, 0x1f, 0x51, 0xe9, 0x51, 0x5b, 0xcb, 0x4f, 
	0x99, 0xd1, 0x5a, 0xf5, 0x21, 0xa1, 0x33, 0x6b, 
	0x3b, 0xab, 0x3a, 0xa3, 0x81, 0x8d, 0x8a, 0x8b, 
	0x62, 0x85, 0xa5, 0x4b, 0x84, 0xcb, 0x43, 0x47, 
	0x24, 0xcf, 0x2c, 0x8f, 0x3d, 0x91, 0x6e, 0x53, 
	0x66, 0x53, 0x5b, 0x09, 0xb2, 0x8f, 0xba, 0xd1, 
	0x91, 0xcd, 0x69, 0xe1, 0x6a, 0x25, 0x2c, 0x1b, 
	0x2c, 0xe1, 0x22, 0x19, 0x81, 0xef, 0x81, 0xf1, 
	0x79, 0xa7, 0x08, 0x8d, 0x23, 0x13, 0x22, 0xc7, 
	0x55, 0x0b, 0x55, 0x4b, 0x33, 0x05, 0x64, 0x09, 
	0x94, 0xcb, 0x84, 0x8b, 0x49, 0x11, 0x71, 0x61, 
	0xaa, 0x21, 0xca, 0xed, 0x22, 0x27, 0x23, 0x2f, 
	0x23, 0x31, 0x22, 0xab, 0x69, 0x53, 0xb1, 0x91, 
	0xb1, 0xcd, 0x61, 0x47, 0x53, 0x09, 0x52, 0x87, 
	0x54, 0xcb, 0x65, 0x8d, 0x5c, 0x8d, 0x22, 0x9d, 
	0x1a, 0x1d, 0x59, 0x21, 0x79, 0x69, 0x71, 0x65, 
	0x39, 0x1f, 0x5a, 0x2b, 0x49, 0x5b, 0xdc, 0x59, 
	0xa2, 0x4f, 0x5a, 0xf3, 0x21, 0xa3, 0x33, 0x6f, 
	0x33, 0xf1, 0x32, 0xeb, 0x81, 0x8f, 0x92, 0x4b, 
	0x62, 0x85, 0xa5, 0x4b, 0x84, 0xcb, 0x43, 0x47, 
	0x2c, 0xd1, 0x2c, 0x91, 0x3d, 0x91, 0x6e, 0x93, 
	0x66, 0x53, 0x4a, 0xc7, 0xab, 0x4b, 0xab, 0x49, 
	0x7a, 0x09, 0x59, 0x9f, 0x59, 0xa5, 0x2b, 0xe1, 
	0x2d, 0x23, 0x22, 0x57, 0x8a, 0x25, 0x89, 0xe1, 
	0x69, 0x95, 0x09, 0x09, 0x23, 0x17, 0x22, 0xc7, 
	0x55, 0x0b, 0x55, 0x4b, 0x33, 0x05, 0x64, 0x09, 
	0x94, 0xcb, 0x84, 0x8b, 0x38, 0x8d, 0x50, 0xd9, 
	0xa1, 0xe1, 0xca, 0xed, 0x22, 0x27, 0x23, 0x2f, 
	0x23, 0x31, 0x22, 0xab, 0x79, 0x8f, 0xca, 0x93, 
	0xca, 0xd1, 0x69, 0x87, 0x5b, 0x07, 0x5a, 0x87, 
	0x5c, 0xcb, 0x65, 0x8f, 0x4c, 0x8f, 0x1a, 0x9d, 
	0x1a, 0x5d, 0x59, 0x65, 0x71, 0x69, 0x71, 0x65, 
	0x41, 0x1f, 0x49, 0xe9, 0x51, 0x19, 0x91, 0xcb, 
	0x69, 0x09, 0x6b, 0x35, 0x22, 0x23, 0x33, 0x71, 
	0x2c, 0x31, 0x2b, 0x29, 0x81, 0x8d, 0x91, 0xcd, 
	0x62, 0x85, 0xa5, 0x4b, 0x9d, 0x0b, 0x4b, 0x45, 
	0x24, 0xcf, 0x24, 0xd1, 0x3d, 0x91, 0x66, 0x93, 
	0x6e, 0x53, 0x3a, 0x47, 0x92, 0x09, 0x92, 0x09, 
	0x60, 0xc7, 0x61, 0x61, 0x49, 0xa5, 0x2b, 0xdf, 
	0x2c, 0xe5, 0x21, 0xd9, 0x61, 0x25, 0x69, 0x67, 
	0x51, 0x1d, 0x08, 0xcd, 0x23, 0x15, 0x22, 0xc5, 
	0x4d, 0x0b, 0x4d, 0x49, 0x33, 0x05, 0x6c, 0x09, 
	0x95, 0x0b, 0x84, 0x8d, 0x30, 0x8f, 0x50, 0x99, 
	0xa9, 0xe3, 0xca, 0xed, 0x21, 0xe7, 0x23, 0x2f, 
	0x23, 0x31, 0x22, 0xab, 0x71, 0x53, 0xc1, 0x53, 
	0xc1, 0x51, 0x69, 0x07, 0x5b, 0x09, 0x4a, 0x89, 
	0x5c, 0xcb, 0x65, 0x8d, 0x54, 0x8f, 0x1a, 0x9d, 
	0x1a, 0x5d, 0x59, 0x63, 0x79, 0x69, 0x71, 0x65, 
	0x41, 0x1f, 0x49, 0xe9, 0x51, 0x19, 0x92, 0x09, 
	0x69, 0x0b, 0x6b, 0x35, 0x21, 0xe3, 0x33, 0x71, 
	0x2c, 0x31, 0x2b, 0x29, 0x79, 0xcd, 0x92, 0x0d, 
	0x62, 0x85, 0xa5, 0x4b, 0x9d, 0x09, 0x43, 0x45, 
	0x24, 0xcf, 0x24, 0x91, 0x3d, 0x91, 0x6e, 0x93, 
	0x6e, 0x53, 0x3a, 0x47, 0x92, 0x09, 0x92, 0x09, 
	0x60, 0xc7, 0x61, 0x61, 0x49, 0xa5, 0x2b, 0xdf, 
	0x2c, 0xe5, 0x21, 0xd9, 0x61, 0x25, 0x69, 0x27, 
	0x51, 0x1d, 0x08, 0xcd, 0x23, 0x15, 0x22, 0xc5, 
	0x4d, 0x0b, 0x4d, 0x49, 0x33, 0x05, 0x6c, 0x09, 
	0x9d, 0x0b, 0x84, 0x8d, 0x30, 0x91, 0x50, 0xdb, 
	0xaa, 0x23, 0xca, 0xed, 0x22, 0x27, 0x23, 0x2f, 
	0x23, 0x31, 0x22, 0xab, 0x71, 0x53, 0xc1, 0x53, 
	0xc1, 0x51, 0x69, 0x07, 0x5b, 0x09, 0x4a, 0x89, 
	0x5c, 0xcb, 0x65, 0x8f, 0x54, 0x8d, 0x1a, 0x9d, 
	0x1a, 0x1f, 0x59, 0x61, 0x79, 0x67, 0x71, 0x65, 
	0x41, 0x1f, 0x49, 0xeb, 0x51, 0x57, 0x92, 0x09, 
	0x69, 0x0b, 0x73, 0x77, 0x21, 0xe5, 0x33, 0x71, 
	0x2c, 0x31, 0x2b, 0x69, 0x79, 0x8f, 0x92, 0x0d, 
	0x62, 0x85, 0xa5, 0x4b, 0x9d, 0x0b, 0x4b, 0x47, 
	0x2c, 0xd1, 0x24, 0x93, 0x3d, 0x8f, 0x6e, 0x51, 
	0x76, 0x53, 0x4a, 0x87, 0x92, 0x09, 0x9a, 0x09, 
	0x60, 0xc7, 0x61, 0x61, 0x49, 0xa3, 0x2b, 0xdf, 
	0x2c, 0xe5, 0x21, 0xd9, 0x61, 0x65, 0x69, 0x27, 
	0x51, 0x1f, 0x08, 0x8d, 0x23, 0x15, 0x22, 0xc7, 
	0x4d, 0x0d, 0x55, 0x49, 0x3b, 0x07, 0x6c, 0x09, 
	0x94, 0xcb, 0x8c, 0x8b, 0x38, 0x91, 0x50, 0x9b, 
	0xaa, 0x23, 0xc2, 0xeb, 0x22, 0x25, 0x23, 0x2f, 
	0x23, 0x31, 0x22, 0xab, 0x71, 0x53, 0xc1, 0x53, 
	0xc1, 0x51, 0x69, 0x07, 0x5b, 0x09, 0x4a, 0x89, 
	0x5c, 0xcb, 0x65, 0x8d, 0x54, 0x8d, 0x1a, 0x9f, 
	0x1a, 0x1f, 0x59, 0x63, 0x79, 0x65, 0x79, 0x63, 
	0x41, 0x1f, 0x49, 0xe9, 0x51, 0x57, 0x92, 0x09, 
	0x69, 0x49, 0x6a, 0xf3, 0x2a, 0x23, 0x33, 0xaf, 
	0x2c, 0x31, 0x2b, 0x69, 0x79, 0x8d, 0x92, 0x0d, 
	0x6a, 0xc5, 0xad, 0x4b, 0xa5, 0x09, 0x53, 0x45, 
	0x24, 0xd1, 0x24, 0x91, 0x45, 0x8f, 0x6e, 0x51, 
	0x76, 0x51, 0x4a, 0x87, 0x92, 0x09, 0x9a, 0x09, 
	0x60, 0xc7, 0x61, 0x61, 0x49, 0xe5, 0x2b, 0xdf, 
	0x2c, 0xe5, 0x22, 0x19, 0x69, 0x25, 0x69, 0x27, 
	0x51, 0x1d, 0x08, 0xcd, 0x23, 0x15, 0x22, 0xc5, 
	0x55, 0x0b, 0x55, 0x09, 0x3b, 0x05, 0x6c, 0x07, 
	0x95, 0x09, 0x8c, 0xc9, 0x38, 0x8f, 0x50, 0x99, 
	0xaa, 0x23, 0xcb, 0x2b, 0x2a, 0x67, 0x23, 0x2f, 
	0x23, 0x31, 0x22, 0xab, 0x71, 0x53, 0xc1, 0x53, 
	0xc1, 0x51, 0x69, 0x07, 0x5b, 0x09, 0x4a, 0x89, 
	0x75, 0x8b, 0x86, 0x0d, 0x6d, 0x4d, 0x22, 0xdb, 
	0x22, 0x5d, 0x40, 0xd7, 0x60, 0xd9, 0x58, 0xd7, 
	0x49, 0x1b, 0x59, 0xe7, 0x61, 0x59, 0x92, 0x09, 
	0x69, 0x0b, 0x51, 0xe9, 0x21, 0xe1, 0x33, 0xaf, 
	0x34, 0x2f, 0x33, 0x67, 0x82, 0x0d, 0x92, 0x4b, 
	0x73, 0x45, 0xbd, 0xcb, 0xb5, 0xcb, 0x6c, 0x07, 
	0x24, 0x8b, 0x2c, 0x8f, 0x34, 0x49, 0x5d, 0x49, 
	0x65, 0x0b, 0x4a, 0x43, 0x92, 0x09, 0x9a, 0x09, 
	0x60, 0xc7, 0x69, 0x5f, 0x49, 0xa3, 0x3c, 0x63, 
	0x3d, 0x65, 0x2a, 0xdb, 0x69, 0x63, 0x71, 0x65, 
	0x59, 0x1d, 0x10, 0x8d, 0x23, 0x11, 0x33, 0x45, 
	0x6d, 0x8b, 0x75, 0xc9, 0x53, 0x85, 0x7c, 0x89, 
	0xb5, 0xcb, 0xb5, 0x8b, 0x38, 0x89, 0x50, 0xd7, 
	0x81, 0x17, 0xa9, 0xe1, 0x29, 0xe3, 0x2b, 0x2d, 
	0x2b, 0x2f, 0x2a, 0xa9, 0x79, 0x51, 0xc1, 0x51, 
	0xc1, 0x8f, 0x69, 0x47, 0x6b, 0x09, 0x5a, 0xc7, 
	0x9b, 0xc3, 0x9b, 0xc3, 0x93, 0x85, 0x8b, 0x47, 
	0x8b, 0x09, 0x9a, 0x89, 0xa2, 0x4b, 0xa2, 0x4b, 
	0xa2, 0x4d, 0x9a, 0x8d, 0x9a, 0x89, 0xb2, 0xc5, 
	0xa2, 0x89, 0xa2, 0xcb, 0x92, 0x8d, 0x8b, 0x0d, 
	0x8b, 0x4b, 0x9b, 0x0b, 0xa2, 0x87, 0xa2, 0xc7, 
	0x9b, 0x03, 0xa3, 0x41, 0x9b, 0x41, 0x93, 0x45, 
	0x8b, 0x47, 0x8b, 0x47, 0x83, 0x85, 0x83, 0x83, 
	0x8b, 0x85, 0x8a, 0xc5, 0xaa, 0x85, 0xa2, 0x85, 
	0x9a, 0x47, 0x9a, 0x0b, 0x89, 0xcb, 0x82, 0xc9, 
	0x83, 0x49, 0x82, 0xc9, 0x8a, 0x0b, 0x91, 0x8b, 
	0x92, 0x09, 0x82, 0x45, 0x8a, 0xc5, 0x8b, 0x07, 
	0x83, 0x43, 0x7b, 0x41, 0x83, 0x01, 0x93, 0x03, 
	0x9b, 0x41, 0x9b, 0x03, 0x82, 0x45, 0x9a, 0x09, 
	0xaa, 0x09, 0xa2, 0x49, 0x92, 0x89, 0x8a, 0x8d, 
	0x8b, 0x0b, 0x8a, 0xc9, 0x9a, 0x87, 0xaa, 0x85, 
	0xaa, 0xc5, 0xa2, 0xc5, 0xa3, 0x07, 0xa3, 0x07, 
	0x7a, 0x03, 0x82, 0x43, 0x82, 0x03, 0x7a, 0x03, 
	0x7a, 0x03, 0x82, 0x43, 0x82, 0x43, 0x82, 0x41, 
	0x82, 0x41, 0x82, 0x43, 0x82, 0x43, 0x8a, 0x03, 
	0x82, 0x43, 0x8a, 0x43, 0x8a, 0x05, 0x8a, 0x05, 
	0x82, 0x43, 0x82, 0x43, 0x82, 0x41, 0x7a, 0x41, 
	0x7a, 0x43, 0x82, 0x43, 0x82, 0x03, 0x7a, 0x03, 
	0x7a, 0x43, 0x7a, 0x01, 0x82, 0x01, 0x82, 0x03, 
	0x7a, 0x03, 0x7a, 0x01, 0x79, 0xc3, 0x7a, 0x03, 
	0x71, 0xc3, 0x79, 0xc3, 0x79, 0x83, 0x71, 0xc3, 
	0x71, 0xc1, 0x71, 0x81, 0x71, 0xc3, 0x71, 0x83, 
	0x71, 0x83, 0x71, 0x83, 0x79, 0x83, 0x71, 0x81, 
	0x69, 0x81, 0x71, 0x81, 0x71, 0xc3, 0x71, 0xc3, 
	0x6a, 0x01, 0x69, 0xc1, 0x79, 0xc3, 0x79, 0xc3, 
	0x71, 0xc1, 0x71, 0xc3, 0x71, 0x83, 0x71, 0xc1, 
	0x69, 0xc1, 0x69, 0xc3, 0x79, 0x83, 0x79, 0x83, 
	0x71, 0x83, 0x71, 0xc1, 0x71, 0xc1, 0x71, 0xc1, 
	
};

Gfx rsdm_trim_ci8_aligner[] = {gsSPEndDisplayList()};
u8 rsdm_trim_ci8[] = {
	0x00, 0x00, 0x00, 0x01, 0x01, 0x01, 0x01, 0x02, 
	0x02, 0x02, 0x03, 0x03, 0x03, 0x04, 0x05, 0x06, 
	0x06, 0x06, 0x06, 0x06, 0x06, 0x06, 0x06, 0x04, 
	0x04, 0x03, 0x03, 0x07, 0x03, 0x03, 0x03, 0x03, 
	0x08, 0x08, 0x09, 0x06, 0x06, 0x06, 0x06, 0x06, 
	0x06, 0x06, 0x06, 0x0a, 0x06, 0x06, 0x0b, 0x0c, 
	0x06, 0x0d, 0x08, 0x08, 0x08, 0x08, 0x08, 0x09, 
	0x08, 0x09, 0x09, 0x09, 0x08, 0x08, 0x0c, 0x06, 
	0x0e, 0x0e, 0x0e, 0x0e, 0x0e, 0x0e, 0x0e, 0x0e, 
	0x0e, 0x0f, 0x10, 0x11, 0x0e, 0x0e, 0x0e, 0x0e, 
	0x0e, 0x0e, 0x0e, 0x0e, 0x0e, 0x0e, 0x0e, 0x0e, 
	0x0e, 0x0e, 0x0e, 0x0e, 0x0e, 0x0e, 0x0e, 0x0e, 
	0x0e, 0x0e, 0x0e, 0x0e, 0x0e, 0x0e, 0x0e, 0x0e, 
	0x0e, 0x0e, 0x0e, 0x0e, 0x0e, 0x0e, 0x10, 0x00, 
	0x12, 0x0e, 0x0e, 0x0e, 0x0e, 0x0e, 0x0e, 0x13, 
	0x13, 0x13, 0x14, 0x14, 0x14, 0x13, 0x13, 0x13, 
	0x08, 0x14, 0x15, 0x08, 0x08, 0x08, 0x08, 0x08, 
	0x0b, 0x0a, 0x08, 0x06, 0x08, 0x0e, 0x06, 0x01, 
	0x16, 0x00, 0x17, 0x18, 0x14, 0x0b, 0x06, 0x06, 
	0x06, 0x06, 0x06, 0x03, 0x06, 0x06, 0x19, 0x19, 
	0x00, 0x00, 0x00, 0x00, 0x00, 0x00, 0x00, 0x00, 
	0x00, 0x1a, 0x1a, 0x1a, 0x02, 0x1b, 0x07, 0x06, 
	0x0a, 0x04, 0x0e, 0x07, 0x1a, 0x1a, 0x1a, 0x1a, 
	0x1a, 0x1a, 0x1a, 0x1a, 0x1a, 0x1a, 0x1a, 0x1a, 
	0x1c, 0x1c, 0x1c, 0x1c, 0x1c, 0x1c, 0x1c, 0x1c, 
	0x1c, 0x1c, 0x1d, 0x1d, 0x1e, 0x04, 0x0e, 0x1f, 
	0x00, 0x20, 0x15, 0x21, 0x22, 0x22, 0x1d, 0x1d, 
	0x1d, 0x1d, 0x1d, 0x1d, 0x23, 0x23, 0x1d, 0x24, 
	0x22, 0x22, 0x22, 0x22, 0x22, 0x22, 0x22, 0x22, 
	0x22, 0x25, 0x22, 0x26, 0x22, 0x27, 0x14, 0x06, 
	0x11, 0x0e, 0x28, 0x1c, 0x29, 0x2a, 0x22, 0x22, 
	0x22, 0x2a, 0x2a, 0x2a, 0x2a, 0x2a, 0x2a, 0x2a, 
	0x2b, 0x29, 0x29, 0x29, 0x29, 0x29, 0x29, 0x2a, 
	0x22, 0x1e, 0x1c, 0x26, 0x22, 0x2c, 0x03, 0x2d, 
	0x0b, 0x06, 0x06, 0x1c, 0x29, 0x22, 0x1c, 0x24, 
	0x2e, 0x29, 0x2f, 0x2f, 0x2f, 0x2f, 0x2f, 0x2f, 
	0x30, 0x31, 0x31, 0x31, 0x32, 0x2f, 0x2f, 0x2a, 
	0x1e, 0x06, 0x03, 0x33, 0x33, 0x34, 0x22, 0x31, 
	0x35, 0x29, 0x1c, 0x33, 0x1a, 0x02, 0x0b, 0x03, 
	0x22, 0x2f, 0x31, 0x36, 0x36, 0x36, 0x36, 0x36, 
	0x35, 0x35, 0x35, 0x35, 0x36, 0x36, 0x31, 0x29, 
	0x1a, 0x0e, 0x0e, 0x19, 0x27, 0x2a, 0x35, 0x37, 
	0x38, 0x39, 0x35, 0x22, 0x33, 0x2d, 0x0f, 0x3a, 
	0x21, 0x3b, 0x35, 0x35, 0x3c, 0x35, 0x35, 0x35, 
	0x35, 0x35, 0x35, 0x35, 0x35, 0x35, 0x35, 0x31, 
	0x1d, 0x06, 0x08, 0x00, 0x2a, 0x35, 0x3d, 0x35, 
	0x2a, 0x35, 0x38, 0x3e, 0x29, 0x1e, 0x3f, 0x03, 
	0x40, 0x3e, 0x41, 0x3e, 0x3e, 0x3e, 0x3e, 0x35, 
	0x35, 0x35, 0x35, 0x35, 0x35, 0x35, 0x35, 0x35, 
	0x3c, 0x42, 0x22, 0x29, 0x35, 0x35, 0x35, 0x43, 
	0x1e, 0x27, 0x31, 0x44, 0x45, 0x29, 0x43, 0x22, 
	0x2f, 0x3e, 0x3e, 0x3e, 0x35, 0x35, 0x35, 0x35, 
	0x36, 0x36, 0x36, 0x46, 0x46, 0x35, 0x35, 0x3e, 
	0x3e, 0x41, 0x35, 0x36, 0x31, 0x47, 0x1c, 0x33, 
	0x1a, 0x03, 0x33, 0x36, 0x44, 0x35, 0x31, 0x48, 
	0x49, 0x35, 0x35, 0x35, 0x36, 0x36, 0x31, 0x31, 
	0x2a, 0x29, 0x29, 0x29, 0x4a, 0x2f, 0x4b, 0x31, 
	0x31, 0x4c, 0x33, 0x0c, 0x0f, 0x4d, 0x0a, 0x4e, 
	0x1a, 0x08, 0x4f, 0x06, 0x03, 0x1e, 0x1c, 0x22, 
	0x29, 0x29, 0x29, 0x29, 0x50, 0x2a, 0x2a, 0x2a, 
	0x1c, 0x1c, 0x1d, 0x51, 0x22, 0x22, 0x22, 0x2a, 
	0x29, 0x2f, 0x52, 0x1d, 0x00, 0x4e, 0x27, 0x1a, 
	0x1a, 0x09, 0x0f, 0x3a, 0x04, 0x1a, 0x22, 0x29, 
	0x22, 0x1c, 0x1c, 0x1c, 0x1c, 0x1c, 0x53, 0x1c, 
	0x2c, 0x1a, 0x33, 0x1e, 0x1e, 0x54, 0x1e, 0x33, 
	0x1e, 0x22, 0x2f, 0x46, 0x31, 0x33, 0x00, 0x55, 
	0x56, 0x06, 0x03, 0x06, 0x1a, 0x57, 0x58, 0x29, 
	0x1c, 0x1a, 0x1a, 0x1a, 0x59, 0x33, 0x1a, 0x1a, 
	0x51, 0x1d, 0x1d, 0x1d, 0x1d, 0x1d, 0x1d, 0x1d, 
	0x22, 0x2a, 0x31, 0x5a, 0x36, 0x1e, 0x5b, 0x1e, 
	0x1c, 0x24, 0x59, 0x2c, 0x1a, 0x2f, 0x35, 0x31, 
	0x2a, 0x22, 0x22, 0x22, 0x25, 0x25, 0x51, 0x25, 
	0x2a, 0x57, 0x22, 0x22, 0x22, 0x22, 0x57, 0x2a, 
	0x29, 0x2f, 0x36, 0x3e, 0x22, 0x1e, 0x1c, 0x22, 
	0x2a, 0x22, 0x43, 0x5c, 0x5d, 0x22, 0x5e, 0x3e, 
	0x36, 0x2f, 0x29, 0x29, 0x2a, 0x2a, 0x2e, 0x2a, 
	0x22, 0x22, 0x22, 0x22, 0x22, 0x57, 0x2a, 0x5f, 
	0x29, 0x31, 0x35, 0x29, 0x1c, 0x1c, 0x22, 0x2a, 
	0x60, 0x61, 0x4a, 0x22, 0x33, 0x62, 0x2f, 0x5e, 
	0x36, 0x31, 0x29, 0x5f, 0x57, 0x22, 0x22, 0x22, 
	0x1a, 0x33, 0x63, 0x1e, 0x53, 0x1c, 0x40, 0x64, 
	0x65, 0x22, 0x2a, 0x1c, 0x1c, 0x22, 0x1d, 0x1c, 
	0x1e, 0x1c, 0x22, 0x50, 0x22, 0x33, 0x1c, 0x50, 
	0x22, 0x1d, 0x66, 0x33, 0x33, 0x1a, 0x67, 0x27, 
	0x09, 0x06, 0x06, 0x06, 0x06, 0x06, 0x03, 0x00, 
	0x00, 0x00, 0x00, 0x1a, 0x1a, 0x1a, 0x00, 0x00, 
	0x02, 0x00, 0x00, 0x00, 0x1a, 0x33, 0x33, 0x67, 
	0x06, 0x06, 0x06, 0x0d, 0x08, 0x08, 0x08, 0x08, 
	0x08, 0x08, 0x08, 0x08, 0x0d, 0x0b, 0x06, 0x06, 
	0x06, 0x06, 0x06, 0x06, 0x06, 0x06, 0x08, 0x08, 
	0x08, 0x08, 0x08, 0x08, 0x08, 0x08, 0x08, 0x08, 
	0x08, 0x08, 0x08, 0x08, 0x0e, 0x0e, 0x13, 0x08, 
	0x03, 0x03, 0x03, 0x03, 0x03, 0x06, 0x06, 0x06, 
	0x06, 0x06, 0x06, 0x06, 0x06, 0x06, 0x06, 0x08, 
	0x08, 0x08, 0x08, 0x08, 0x08, 0x08, 0x08, 0x08, 
	0x08, 0x06, 0x06, 0x06, 0x06, 0x06, 0x68, 0x03, 
	0x1e, 0x1e, 0x1e, 0x1e, 0x1e, 0x1e, 0x33, 0x33, 
	0x1a, 0x1a, 0x1a, 0x33, 0x33, 0x33, 0x1a, 0x1a, 
	0x69, 0x67, 0x00, 0x00, 0x00, 0x00, 0x00, 0x1a, 
	0x1a, 0x1a, 0x33, 0x62, 0x56, 0x62, 0x33, 0x1e, 
	0x29, 0x6a, 0x6a, 0x2a, 0x2a, 0x2a, 0x29, 0x2a, 
	0x2a, 0x6b, 0x22, 0x22, 0x22, 0x22, 0x22, 0x22, 
	0x22, 0x22, 0x22, 0x43, 0x22, 0x22, 0x22, 0x22, 
	0x57, 0x2a, 0x6c, 0x2a, 0x2a, 0x2a, 0x2a, 0x2a, 
	0x36, 0x36, 0x36, 0x36, 0x36, 0x36, 0x36, 0x31, 
	0x31, 0x31, 0x52, 0x2f, 0x4a, 0x29, 0x2f, 0x4c, 
	0x2f, 0x4a, 0x2f, 0x4a, 0x4a, 0x29, 0x2f, 0x2f, 
	0x32, 0x31, 0x31, 0x31, 0x32, 0x31, 0x31, 0x3b, 
	0x6d, 0x36, 0x36, 0x36, 0x36, 0x36, 0x36, 0x36, 
	0x36, 0x36, 0x36, 0x6e, 0x31, 0x31, 0x31, 0x31, 
	0x31, 0x31, 0x3b, 0x31, 0x31, 0x31, 0x31, 0x31, 
	0x31, 0x31, 0x31, 0x36, 0x36, 0x3b, 0x36, 0x6d, 
	0x35, 0x35, 0x35, 0x35, 0x6f, 0x6f, 0x70, 0x36, 
	0x36, 0x36, 0x36, 0x36, 0x36, 0x36, 0x36, 0x31, 
	0x31, 0x3b, 0x31, 0x42, 0x31, 0x31, 0x31, 0x31, 
	0x31, 0x31, 0x31, 0x36, 0x36, 0x36, 0x36, 0x35, 
	0x35, 0x35, 0x35, 0x35, 0x35, 0x35, 0x35, 0x35, 
	0x35, 0x35, 0x6d, 0x36, 0x36, 0x36, 0x36, 0x36, 
	0x36, 0x36, 0x36, 0x36, 0x36, 0x36, 0x36, 0x31, 
	0x36, 0x36, 0x36, 0x36, 0x36, 0x36, 0x46, 0x35, 
	0x3e, 0x3e, 0x3e, 0x3e, 0x3e, 0x3e, 0x71, 0x35, 
	0x3c, 0x35, 0x35, 0x36, 0x36, 0x36, 0x36, 0x36, 
	0x49, 0x49, 0x35, 0x49, 0x36, 0x36, 0x35, 0x36, 
	0x36, 0x36, 0x36, 0x36, 0x35, 0x35, 0x35, 0x35, 
	0x3e, 0x41, 0x44, 0x44, 0x44, 0x3e, 0x3e, 0x5a, 
	0x3e, 0x5a, 0x3c, 0x35, 0x35, 0x35, 0x49, 0x35, 
	0x72, 0x3e, 0x3e, 0x35, 0x35, 0x73, 0x35, 0x35, 
	0x5e, 0x6d, 0x70, 0x35, 0x35, 0x35, 0x3e, 0x3e, 
	
};

Gfx rsdm_trim_pal_rgba16_aligner[] = {gsSPEndDisplayList()};
u8 rsdm_trim_pal_rgba16[] = {
	0xc6, 0x31, 0xc6, 0x71, 0xce, 0x71, 0xce, 0x73, 
	0xce, 0xb3, 0xd6, 0xb3, 0xd6, 0xb5, 0xce, 0x75, 
	0xde, 0xf7, 0xd6, 0xf5, 0xd6, 0xf7, 0xd6, 0xb7, 
	0xde, 0xb5, 0xde, 0xb7, 0xe7, 0x39, 0xde, 0xf9, 
	0xee, 0xf9, 0xef, 0x37, 0xce, 0x31, 0xe7, 0x37, 
	0xe6, 0xf7, 0xe6, 0xf9, 0xb5, 0xaf, 0xdf, 0x3b, 
	0xdf, 0x39, 0xde, 0xf5, 0xbd, 0xef, 0xe6, 0xf5, 
	0xa5, 0x29, 0x9c, 0xe7, 0xad, 0x6b, 0xc6, 0x33, 
	0xe7, 0x35, 0xbd, 0xad, 0x94, 0xa5, 0x9d, 0x29, 
	0x9d, 0x27, 0x94, 0xe5, 0x8c, 0xa5, 0xbe, 0x31, 
	0xe6, 0xb5, 0x84, 0x21, 0x8c, 0x63, 0x83, 0xe1, 
	0xbe, 0x2f, 0xd6, 0x75, 0x8c, 0xa3, 0x7b, 0xdf, 
	0x6b, 0x9b, 0x73, 0x9d, 0x7b, 0x9d, 0xb5, 0xad, 
	0xbe, 0x33, 0x63, 0x19, 0x6b, 0x5b, 0x5a, 0x95, 
	0x52, 0x53, 0x4a, 0x53, 0xdf, 0x37, 0x6b, 0x5d, 
	0x5b, 0x19, 0x52, 0xd5, 0x5a, 0xd7, 0xce, 0x33, 
	0xa4, 0xe9, 0x52, 0xd7, 0x73, 0x5d, 0x94, 0xa7, 
	0x52, 0x95, 0x52, 0x97, 0x6b, 0x1b, 0x7b, 0xe1, 
	0x73, 0x9b, 0x6b, 0x19, 0x83, 0xdf, 0x7b, 0x9f, 
	0x7c, 0x1f, 0xd6, 0x79, 0xc6, 0x73, 0xd7, 0x35, 
	0x8c, 0x21, 0x94, 0xe7, 0x73, 0xdf, 0xa5, 0x2b, 
	0xa5, 0x69, 0xb5, 0xef, 0xb5, 0x6b, 0x94, 0x63, 
	0x7b, 0xdd, 0xb5, 0xed, 0x5a, 0xd5, 0xbd, 0xaf, 
	0xbd, 0xed, 0xc6, 0x2f, 0x63, 0x1b, 0x84, 0x23, 
	0x84, 0x61, 0x73, 0xdd, 0xb5, 0x6d, 0xad, 0x6d, 
	0x9c, 0xe5, 0x9c, 0xa5, 0xad, 0x69, 0xc5, 0xf1, 
	0xd6, 0x73, 0xbd, 0xf1, 0x8c, 0x61, 0x8c, 0x65, 
	0x8c, 0x23, 0x63, 0x5b, 0x73, 0x5b, 0x6b, 0x59, 
	0x63, 0x59, 0x5a, 0xd9, 0x62, 0xd7, 0x63, 0x17, 
	
};

Gfx rsdm_hexstone_i8_aligner[] = {gsSPEndDisplayList()};
u8 rsdm_hexstone_i8[] = {
	0xbd, 0xbd, 0xb5, 0xbd, 0xb0, 0x93, 0xa5, 0xb4, 
	0xbd, 0xcd, 0xc3, 0xbd, 0xc8, 0xc3, 0xb8, 0xb0, 
	0xbb, 0xc3, 0xc7, 0xc8, 0xc8, 0xc5, 0xc8, 0xb0, 
	0xad, 0xb0, 0xa5, 0xc5, 0xcd, 0xbd, 0xc5, 0xc5, 
	0xc8, 0xc8, 0xc5, 0xc0, 0xb0, 0x9b, 0xb0, 0xc3, 
	0xc8, 0xc8, 0xc5, 0xc5, 0xcd, 0xc5, 0xbd, 0xbd, 
	0xc3, 0xc3, 0xc3, 0xc3, 0xc0, 0xbd, 0xc0, 0xb8, 
	0xbd, 0xb5, 0x9d, 0xb5, 0xc5, 0xc5, 0xc0, 0xc0, 
	0xd0, 0xc8, 0xc5, 0xc5, 0xb8, 0xa0, 0xb3, 0xc3, 
	0xcb, 0xcd, 0xd5, 0xd5, 0xcd, 0xc2, 0xba, 0xb5, 
	0xbb, 0xbe, 0xbe, 0xbe, 0xc3, 0xc0, 0xc8, 0xc0, 
	0xc5, 0xba, 0x9d, 0xb2, 0xbd, 0xc8, 0xc0, 0xbd, 
	0xc8, 0xc5, 0xc5, 0xc3, 0xbb, 0x9b, 0xa0, 0xb0, 
	0xc0, 0xcd, 0xd2, 0xd0, 0xc0, 0xb0, 0xa5, 0x9d, 
	0xa3, 0xab, 0xbb, 0xc3, 0xc0, 0xbd, 0xc0, 0xb9, 
	0xab, 0xa8, 0xa5, 0xba, 0xbd, 0xc8, 0xc0, 0xb8, 
	0xc8, 0xbd, 0xc0, 0xc0, 0xbb, 0xab, 0xa8, 0xa5, 
	0xb0, 0xc0, 0xc0, 0xbb, 0xab, 0xa5, 0xa5, 0xa5, 
	0xa0, 0x93, 0xa0, 0xb5, 0xc0, 0xb8, 0xb0, 0xa8, 
	0x98, 0xa0, 0xb5, 0xc5, 0xbb, 0xbf, 0xc3, 0xc0, 
	0xd0, 0xc3, 0xc3, 0xc0, 0xc3, 0xc8, 0xc7, 0xb5, 
	0xab, 0xab, 0xa0, 0x9f, 0xa0, 0xb0, 0xbd, 0xbd, 
	0xb8, 0xa8, 0x9d, 0x9d, 0xa0, 0x98, 0x98, 0xad, 
	0xb0, 0xbd, 0xc8, 0xcd, 0xc0, 0xc3, 0xc0, 0xc0, 
	0xc5, 0xc3, 0xc3, 0xc0, 0xc0, 0xc3, 0xc8, 0xc3, 
	0xc0, 0xbb, 0xa0, 0xab, 0xb0, 0xbb, 0xc0, 0xbd, 
	0xc0, 0xbd, 0xb5, 0xad, 0xa0, 0x93, 0xa3, 0xb8, 
	0xc0, 0xbd, 0xc5, 0xcd, 0xcd, 0xc8, 0xb9, 0xba, 
	0xbd, 0xc0, 0xc3, 0xc8, 0xc8, 0xc0, 0xbd, 0xc5, 
	0xc8, 0xc5, 0xa5, 0xbb, 0xc8, 0xc8, 0xc8, 0xc0, 
	0xc0, 0xc8, 0xc5, 0xc0, 0xb0, 0xa0, 0xb3, 0xc5, 
	0xc0, 0xc2, 0xc2, 0xc5, 0xc8, 0xc8, 0xbd, 0xba, 
	0xc8, 0xc3, 0xc3, 0xc8, 0xd0, 0xc3, 0xb5, 0xc0, 
	0xc3, 0xc0, 0xa5, 0xc0, 0xcd, 0xc8, 0xc8, 0xc3, 
	0xc0, 0xc5, 0xc8, 0xc8, 0xbd, 0xa0, 0xb8, 0xc3, 
	0xc3, 0xc5, 0xc2, 0xbd, 0xc0, 0xc8, 0xc8, 0xc0, 
	0xcf, 0xc8, 0xc0, 0xc3, 0xd0, 0xc3, 0xc0, 0xc5, 
	0xc0, 0xb3, 0xa0, 0xbb, 0xc8, 0xc0, 0xc3, 0xc8, 
	0xc0, 0xbb, 0xbb, 0xbb, 0xb0, 0x9b, 0xb8, 0xc3, 
	0xc3, 0xc8, 0xc5, 0xc0, 0xc3, 0xcb, 0xd0, 0xcd, 
	0xc8, 0xc8, 0xc5, 0xc5, 0xc8, 0xc3, 0xc8, 0xc8, 
	0xb8, 0xa8, 0x98, 0xb8, 0xc8, 0xc3, 0xc0, 0xc0, 
	0xc8, 0xc5, 0xbd, 0xb5, 0xa8, 0x9d, 0xbd, 0xc3, 
	0xbb, 0xc0, 0xc0, 0xc0, 0xc3, 0xc3, 0xc8, 0xc0, 
	0xb0, 0xbb, 0xba, 0xbd, 0xc8, 0xc3, 0xc8, 0xc3, 
	0xb8, 0xa8, 0xa5, 0xbd, 0xc3, 0xc3, 0xbb, 0xb8, 
	0xc3, 0xc8, 0xc8, 0xc0, 0xb8, 0xa8, 0xb8, 0xc0, 
	0xb8, 0xb5, 0xb8, 0xbb, 0xb6, 0xb3, 0xb5, 0xad, 
	0xab, 0xae, 0xb8, 0xc0, 0xc3, 0xc3, 0xc3, 0xb3, 
	0xa3, 0xa0, 0xb0, 0xc0, 0xc3, 0xc8, 0xc3, 0xb8, 
	0xb8, 0xc3, 0xc3, 0xc3, 0xbb, 0xb3, 0xab, 0xb3, 
	0xb3, 0xc0, 0xbb, 0xc0, 0xb3, 0xb3, 0xad, 0xa5, 
	0xb3, 0xb3, 0xab, 0xa8, 0xa3, 0xab, 0xb0, 0xab, 
	0xab, 0xb0, 0xbb, 0xc0, 0xbb, 0xc0, 0xc8, 0xc0, 
	0xba, 0xc0, 0xc3, 0xc0, 0xb8, 0xb3, 0xb8, 0xb8, 
	0xb3, 0xb3, 0xad, 0xad, 0xa3, 0xab, 0xb5, 0xb5, 
	0xc3, 0xc0, 0xb8, 0xad, 0xa0, 0xa0, 0xb5, 0xba, 
	0xbd, 0xc0, 0xc8, 0xc8, 0xc3, 0xc0, 0xc8, 0xc5, 
	0xc5, 0xc8, 0xc5, 0xc0, 0xbb, 0xc0, 0xc8, 0xc8, 
	0xc0, 0xb0, 0x9d, 0xa5, 0xab, 0xb3, 0xc3, 0xc0, 
	0xc8, 0xc8, 0xc0, 0xbd, 0xad, 0x98, 0xb5, 0xbd, 
	0xc0, 0xc8, 0xcd, 0xcd, 0xc8, 0xc5, 0xbd, 0xb8, 
	0xc5, 0xc5, 0xc5, 0xc0, 0xb8, 0xb8, 0xc3, 0xc8, 
	0xc0, 0xbd, 0xad, 0xbd, 0xc0, 0xc0, 0xc3, 0xc3, 
	0xc0, 0xc3, 0xbb, 0xc3, 0xb8, 0x9b, 0xb8, 0xc8, 
	0xc8, 0xc8, 0xc5, 0xc5, 0xc5, 0xc5, 0xc5, 0xc0, 
	0xc0, 0xc0, 0xc0, 0xc0, 0xc0, 0xc0, 0xb8, 0xbd, 
	0xc0, 0xc0, 0xb5, 0xc5, 0xc8, 0xc0, 0xc0, 0xbd, 
	0xb8, 0xc0, 0xbb, 0xc3, 0xb0, 0x90, 0xb0, 0xc3, 
	0xc0, 0xc5, 0xc5, 0xc5, 0xc5, 0xc8, 0xcd, 0xc7, 
	0xc8, 0xc8, 0xc8, 0xc8, 0xc8, 0xc8, 0xc0, 0xb5, 
	0xc0, 0xb8, 0xad, 0xc5, 0xc8, 0xc0, 0xc5, 0xc5, 
	0xc0, 0xc0, 0xb5, 0xb8, 0xab, 0x8f, 0xab, 0xbb, 
	0xc0, 0xc8, 0xc8, 0xc8, 0xcd, 0xcd, 0xc8, 0xc8, 
	0xd2, 0xca, 0xc5, 0xc5, 0xc8, 0xcd, 0xc8, 0xc3, 
	0xcf, 0xc0, 0xb0, 0xc0, 0xc0, 0xbd, 0xc5, 0xc8, 
	0xcd, 0xc5, 0xb5, 0xb8, 0xb3, 0x9b, 0xb3, 0xb8, 
	0xb8, 0xbb, 0xc3, 0xc0, 0xc8, 0xc5, 0xb8, 0xb5, 
	0xc2, 0xc5, 0xc8, 0xc8, 0xc8, 0xcb, 0xcb, 0xc3, 
	0xc7, 0xb7, 0xa8, 0xbd, 0xc3, 0xc3, 0xbb, 0xc0, 
	0xd0, 0xd0, 0xc5, 0xc0, 0xb8, 0xa0, 0xa8, 0xa8, 
	0xab, 0xb0, 0xb3, 0xb0, 0xa8, 0xb0, 0xa8, 0xa0, 
	0x9d, 0xa5, 0xad, 0xb8, 0xc0, 0xc8, 0xc0, 0xb8, 
	0xb0, 0xab, 0xa8, 0xb5, 0xc3, 0xc8, 0xc0, 0xbb, 
	0xcb, 0xd0, 0xc8, 0xc0, 0xc0, 0xbd, 0xb5, 0xa5, 
	0xa5, 0xb5, 0xb5, 0xb0, 0xa0, 0xab, 0xb5, 0xb8, 
	0xb0, 0xa5, 0x9d, 0xa5, 0xb0, 0xbd, 0xb8, 0xa0, 
	0xa5, 0xb3, 0xc0, 0xc0, 0xc8, 0xcb, 0xc0, 0xb8, 
	0xc0, 0xc8, 0xc3, 0xb8, 0xb8, 0xc0, 0xc0, 0xba, 
	0xb2, 0xaa, 0x98, 0xa0, 0xa8, 0xb8, 0xc0, 0xb6, 
	0xbb, 0xc0, 0xb5, 0xa5, 0x9d, 0x9d, 0xad, 0xa8, 
	0xad, 0xc0, 0xc8, 0xc0, 0xc0, 0xbd, 0xbd, 0xb8, 
	0xcf, 0xcb, 0xc8, 0xbd, 0xc0, 0xc3, 0xc0, 0xc2, 
	0xbd, 0xad, 0x98, 0xab, 0xb5, 0xbd, 0xc5, 0xc0, 
	0xbd, 0xc8, 0xc5, 0xc0, 0xb5, 0x9d, 0xb5, 0xbd, 
	0xbd, 0xc5, 0xc8, 0xc3, 0xc0, 0xc5, 0xcd, 0xc8, 
	0xcb, 0xc8, 0xc5, 0xc2, 0xc2, 0xc0, 0xbb, 0xc0, 
	0xc0, 0xbd, 0xad, 0xc0, 0xc5, 0xc8, 0xc5, 0xbd, 
	0xbd, 0xc5, 0xc5, 0xc0, 0xba, 0x9d, 0xb3, 0xc3, 
	0xc5, 0xc0, 0xc5, 0xc8, 0xc8, 0xc5, 0xc8, 0xc8, 
	0xbd, 0xc0, 0xc5, 0xc8, 0xc8, 0xc5, 0xc0, 0xc3, 
	0xc8, 0xc5, 0xb0, 0xc0, 0xc8, 0xcb, 0xc0, 0xb0, 
	0xb5, 0xc0, 0xc0, 0xc0, 0xb5, 0x98, 0xb6, 0xc8, 
	0xc5, 0xb8, 0xb8, 0xc0, 0xc8, 0xc8, 0xc0, 0xbd, 
	0xc3, 0xc8, 0xc8, 0xc8, 0xc8, 0xc5, 0xbd, 0xc0, 
	0xbd, 0xb5, 0xa5, 0xb8, 0xc8, 0xd0, 0xcd, 0xc0, 
	0xbd, 0xbd, 0xc0, 0xc8, 0xb0, 0x90, 0xab, 0xc3, 
	0xc3, 0xc0, 0xc0, 0xbd, 0xc0, 0xc8, 0xc3, 0xc0, 
	0xcd, 0xcd, 0xc0, 0xc3, 0xcb, 0xcb, 0xc8, 0xc5, 
	0xbd, 0xb2, 0xa5, 0xb6, 0xc3, 0xc8, 0xcd, 0xc8, 
	0xbd, 0xc2, 0xbd, 0xc8, 0xbd, 0x98, 0xab, 0xbe, 
	0xc3, 0xc8, 0xcd, 0xc5, 0xc8, 0xcd, 0xcd, 0xcd, 
	0xbd, 0xbd, 0xbd, 0xc0, 0xc8, 0xc8, 0xc0, 0xbd, 
	0xb0, 0xa3, 0xa8, 0xbb, 0xc0, 0xc0, 0xc0, 0xc0, 
	0xc0, 0xc2, 0xbd, 0xc0, 0xb5, 0x9d, 0x9b, 0xab, 
	0xb0, 0xbd, 0xc8, 0xc5, 0xc0, 0xc0, 0xb8, 0xb0, 
	0xbd, 0xba, 0xb2, 0xad, 0xc0, 0xbb, 0xb0, 0xa5, 
	0xa0, 0xab, 0xb0, 0xb8, 0xc2, 0xc5, 0xb5, 0xb5, 
	0xc8, 0xd0, 0xc8, 0xc3, 0xc5, 0xb0, 0xa0, 0x9e, 
	0xa3, 0xab, 0xb3, 0xb0, 0xad, 0xad, 0xad, 0xad, 
	0xc8, 0xc8, 0xb5, 0xa0, 0xa5, 0x9b, 0x97, 0xa4, 
	0xb3, 0xc0, 0xb8, 0xb8, 0xc0, 0xc8, 0xb8, 0xb5, 
	0xc3, 0xc8, 0xc3, 0xc6, 0xcb, 0xcb, 0xbe, 0xb3, 
	0xa0, 0x98, 0x96, 0xa3, 0xa5, 0xba, 0xbd, 0xb8, 
	0xc3, 0xcb, 0xc0, 0xb5, 0xb2, 0x9b, 0xa4, 0xb5, 
	0xb8, 0xb0, 0xb0, 0xbd, 0xbf, 0xc5, 0xc5, 0xb5, 
	0xb5, 0xbb, 0xbb, 0xc3, 0xcd, 0xd3, 0xd3, 0xc8, 
	0xb2, 0xa2, 0x88, 0xa3, 0xab, 0xc5, 0xc5, 0xb0, 
	
};

Gfx rsdm_Fence_ci8_aligner[] = {gsSPEndDisplayList()};
u8 rsdm_Fence_ci8[] = {
	0x00, 0x00, 0x00, 0x00, 0x00, 0x00, 0x00, 0x00, 
	0x00, 0x00, 0x00, 0x00, 0x00, 0x00, 0x00, 0x00, 
	0x00, 0x00, 0x00, 0x00, 0x00, 0x00, 0x00, 0x00, 
	0x00, 0x00, 0x00, 0x00, 0x00, 0x00, 0x00, 0x00, 
	0x01, 0x02, 0x03, 0x03, 0x04, 0x05, 0x06, 0x01, 
	0x02, 0x01, 0x01, 0x06, 0x07, 0x05, 0x04, 0x02, 
	0x08, 0x05, 0x07, 0x05, 0x04, 0x02, 0x01, 0x01, 
	0x04, 0x05, 0x04, 0x08, 0x09, 0x03, 0x01, 0x06, 
	0x0a, 0x0b, 0x0b, 0x0a, 0x0c, 0x0c, 0x0d, 0x0b, 
	0x0e, 0x0b, 0x0f, 0x0d, 0x0d, 0x0b, 0x10, 0x10, 
	0x0b, 0x0d, 0x0c, 0x11, 0x0e, 0x10, 0x0b, 0x11, 
	0x0c, 0x0c, 0x11, 0x0b, 0x0b, 0x0a, 0x12, 0x13, 
	0x14, 0x14, 0x15, 0x16, 0x16, 0x16, 0x17, 0x14, 
	0x16, 0x18, 0x18, 0x18, 0x16, 0x17, 0x17, 0x16, 
	0x19, 0x18, 0x1a, 0x17, 0x17, 0x16, 0x18, 0x18, 
	0x16, 0x16, 0x17, 0x17, 0x16, 0x16, 0x16, 0x15, 
	0x1b, 0x1c, 0x1d, 0x1e, 0x1f, 0x1f, 0x1f, 0x1f, 
	0x1c, 0x1d, 0x1f, 0x1f, 0x1f, 0x1f, 0x1f, 0x1d, 
	0x1d, 0x1f, 0x1f, 0x1f, 0x1f, 0x1c, 0x1d, 0x1c, 
	0x1f, 0x1f, 0x1f, 0x1c, 0x1d, 0x1e, 0x1d, 0x1b, 
	0x20, 0x20, 0x20, 0x20, 0x21, 0x21, 0x21, 0x20, 
	0x20, 0x20, 0x21, 0x21, 0x21, 0x21, 0x21, 0x20, 
	0x21, 0x21, 0x21, 0x21, 0x21, 0x20, 0x20, 0x21, 
	0x21, 0x21, 0x21, 0x20, 0x20, 0x20, 0x20, 0x21, 
	0x22, 0x22, 0x22, 0x22, 0x22, 0x22, 0x23, 0x24, 
	0x24, 0x23, 0x22, 0x25, 0x26, 0x25, 0x25, 0x25, 
	0x25, 0x25, 0x26, 0x25, 0x25, 0x22, 0x23, 0x24, 
	0x24, 0x23, 0x22, 0x22, 0x22, 0x22, 0x22, 0x22, 
	0x27, 0x27, 0x27, 0x27, 0x27, 0x28, 0x29, 0x2a, 
	0x2b, 0x24, 0x23, 0x27, 0x27, 0x27, 0x27, 0x27, 
	0x27, 0x27, 0x27, 0x27, 0x27, 0x28, 0x29, 0x2a, 
	0x2b, 0x24, 0x23, 0x27, 0x27, 0x27, 0x27, 0x27, 
	0x27, 0x27, 0x27, 0x27, 0x27, 0x28, 0x28, 0x2c, 
	0x2d, 0x2e, 0x2f, 0x27, 0x27, 0x27, 0x27, 0x27, 
	0x27, 0x27, 0x27, 0x27, 0x27, 0x28, 0x28, 0x2c, 
	0x2d, 0x2e, 0x2f, 0x27, 0x27, 0x27, 0x27, 0x27, 
	0x27, 0x27, 0x27, 0x27, 0x27, 0x24, 0x24, 0x30, 
	0x31, 0x32, 0x33, 0x27, 0x27, 0x27, 0x27, 0x27, 
	0x27, 0x27, 0x27, 0x27, 0x27, 0x24, 0x24, 0x30, 
	0x31, 0x32, 0x33, 0x27, 0x27, 0x27, 0x27, 0x27, 
	0x27, 0x27, 0x27, 0x27, 0x27, 0x27, 0x34, 0x2d, 
	0x24, 0x35, 0x27, 0x27, 0x27, 0x27, 0x27, 0x27, 
	0x27, 0x27, 0x27, 0x27, 0x27, 0x27, 0x34, 0x2d, 
	0x24, 0x35, 0x27, 0x27, 0x27, 0x27, 0x27, 0x27, 
	0x27, 0x27, 0x27, 0x27, 0x27, 0x27, 0x36, 0x37, 
	0x38, 0x39, 0x27, 0x27, 0x27, 0x27, 0x27, 0x27, 
	0x27, 0x27, 0x27, 0x27, 0x27, 0x27, 0x36, 0x37, 
	0x38, 0x39, 0x27, 0x27, 0x27, 0x27, 0x27, 0x27, 
	0x27, 0x27, 0x27, 0x27, 0x27, 0x27, 0x3a, 0x3b, 
	0x3c, 0x3d, 0x27, 0x27, 0x27, 0x27, 0x27, 0x27, 
	0x27, 0x27, 0x27, 0x27, 0x27, 0x27, 0x3a, 0x3b, 
	0x3c, 0x3d, 0x27, 0x27, 0x27, 0x27, 0x27, 0x27, 
	0x27, 0x27, 0x27, 0x27, 0x27, 0x3e, 0x3f, 0x3f, 
	0x3f, 0x3f, 0x40, 0x27, 0x27, 0x27, 0x27, 0x27, 
	0x27, 0x27, 0x27, 0x27, 0x27, 0x3e, 0x3f, 0x3f, 
	0x3f, 0x3f, 0x40, 0x27, 0x27, 0x27, 0x27, 0x27, 
	0x27, 0x27, 0x27, 0x27, 0x27, 0x41, 0x3f, 0x3f, 
	0x3f, 0x42, 0x43, 0x27, 0x27, 0x27, 0x27, 0x27, 
	0x27, 0x27, 0x27, 0x27, 0x27, 0x41, 0x3f, 0x3f, 
	0x3f, 0x42, 0x43, 0x27, 0x27, 0x27, 0x27, 0x27, 
	0x27, 0x27, 0x27, 0x27, 0x44, 0x3b, 0x45, 0x46, 
	0x47, 0x48, 0x49, 0x4a, 0x27, 0x27, 0x27, 0x27, 
	0x27, 0x27, 0x27, 0x27, 0x44, 0x3b, 0x45, 0x46, 
	0x47, 0x48, 0x49, 0x4a, 0x27, 0x27, 0x27, 0x27, 
	0x27, 0x27, 0x27, 0x27, 0x4b, 0x4c, 0x4d, 0x4e, 
	0x4d, 0x4c, 0x3a, 0x4f, 0x27, 0x27, 0x27, 0x27, 
	0x27, 0x27, 0x27, 0x27, 0x4b, 0x4c, 0x4d, 0x4e, 
	0x4d, 0x4c, 0x3a, 0x4f, 0x27, 0x27, 0x27, 0x27, 
	0x27, 0x27, 0x27, 0x27, 0x50, 0x51, 0x52, 0x52, 
	0x53, 0x54, 0x3d, 0x2c, 0x27, 0x27, 0x27, 0x27, 
	0x27, 0x27, 0x27, 0x27, 0x50, 0x51, 0x52, 0x52, 
	0x53, 0x54, 0x3d, 0x2c, 0x27, 0x27, 0x27, 0x27, 
	0x27, 0x27, 0x27, 0x27, 0x55, 0x44, 0x56, 0x56, 
	0x56, 0x51, 0x57, 0x38, 0x27, 0x27, 0x27, 0x27, 
	0x27, 0x27, 0x27, 0x27, 0x55, 0x44, 0x56, 0x56, 
	0x56, 0x51, 0x57, 0x38, 0x27, 0x27, 0x27, 0x27, 
	0x27, 0x27, 0x27, 0x27, 0x58, 0x59, 0x5a, 0x56, 
	0x56, 0x44, 0x4a, 0x39, 0x27, 0x27, 0x27, 0x27, 
	0x27, 0x27, 0x27, 0x27, 0x58, 0x59, 0x5a, 0x56, 
	0x56, 0x44, 0x4a, 0x39, 0x27, 0x27, 0x27, 0x27, 
	0x27, 0x27, 0x27, 0x27, 0x27, 0x5b, 0x5c, 0x51, 
	0x44, 0x3d, 0x55, 0x27, 0x27, 0x27, 0x27, 0x27, 
	0x27, 0x27, 0x27, 0x27, 0x27, 0x5b, 0x5c, 0x51, 
	0x44, 0x3d, 0x55, 0x27, 0x27, 0x27, 0x27, 0x27, 
	0x27, 0x27, 0x27, 0x27, 0x27, 0x50, 0x3d, 0x5d, 
	0x5e, 0x5f, 0x4f, 0x27, 0x27, 0x27, 0x27, 0x27, 
	0x27, 0x27, 0x27, 0x27, 0x27, 0x50, 0x3d, 0x5d, 
	0x5e, 0x5f, 0x4f, 0x27, 0x27, 0x27, 0x27, 0x27, 
	0x27, 0x27, 0x27, 0x27, 0x27, 0x60, 0x3d, 0x3a, 
	0x3a, 0x61, 0x28, 0x27, 0x27, 0x27, 0x27, 0x27, 
	0x27, 0x27, 0x27, 0x27, 0x27, 0x60, 0x3d, 0x3a, 
	0x3a, 0x61, 0x28, 0x27, 0x27, 0x27, 0x27, 0x27, 
	0x27, 0x27, 0x27, 0x27, 0x27, 0x29, 0x62, 0x3d, 
	0x3d, 0x63, 0x64, 0x27, 0x27, 0x27, 0x27, 0x27, 
	0x27, 0x27, 0x27, 0x27, 0x27, 0x29, 0x62, 0x3d, 
	0x3d, 0x63, 0x64, 0x27, 0x27, 0x27, 0x27, 0x27, 
	0x27, 0x27, 0x27, 0x27, 0x27, 0x65, 0x5b, 0x3d, 
	0x3d, 0x66, 0x67, 0x27, 0x27, 0x27, 0x27, 0x27, 
	0x27, 0x27, 0x27, 0x27, 0x27, 0x65, 0x5b, 0x3d, 
	0x3d, 0x66, 0x67, 0x27, 0x27, 0x27, 0x27, 0x27, 
	0x27, 0x27, 0x27, 0x27, 0x27, 0x27, 0x4b, 0x3a, 
	0x59, 0x60, 0x27, 0x27, 0x27, 0x27, 0x27, 0x27, 
	0x27, 0x27, 0x27, 0x27, 0x27, 0x27, 0x4b, 0x3a, 
	0x59, 0x60, 0x27, 0x27, 0x27, 0x27, 0x27, 0x27, 
	0x27, 0x27, 0x27, 0x27, 0x27, 0x27, 0x68, 0x3a, 
	0x69, 0x60, 0x27, 0x27, 0x27, 0x27, 0x27, 0x27, 
	0x27, 0x27, 0x27, 0x27, 0x27, 0x27, 0x68, 0x3a, 
	0x69, 0x60, 0x27, 0x27, 0x27, 0x27, 0x27, 0x27, 
	0x27, 0x27, 0x27, 0x27, 0x27, 0x27, 0x61, 0x6a, 
	0x6b, 0x66, 0x27, 0x27, 0x27, 0x27, 0x27, 0x27, 
	0x27, 0x27, 0x27, 0x27, 0x27, 0x27, 0x61, 0x6a, 
	0x6b, 0x66, 0x27, 0x27, 0x27, 0x27, 0x27, 0x27, 
	0x27, 0x27, 0x27, 0x27, 0x27, 0x27, 0x52, 0x6c, 
	0x3c, 0x40, 0x27, 0x27, 0x27, 0x27, 0x27, 0x27, 
	0x27, 0x27, 0x27, 0x27, 0x27, 0x27, 0x52, 0x6c, 
	0x3c, 0x40, 0x27, 0x27, 0x27, 0x27, 0x27, 0x27, 
	0x27, 0x27, 0x27, 0x27, 0x27, 0x27, 0x6d, 0x3f, 
	0x3f, 0x47, 0x27, 0x27, 0x27, 0x27, 0x27, 0x27, 
	0x27, 0x27, 0x27, 0x27, 0x27, 0x27, 0x6d, 0x3f, 
	0x3f, 0x47, 0x27, 0x27, 0x27, 0x27, 0x27, 0x27, 
	0x27, 0x27, 0x27, 0x27, 0x27, 0x3d, 0x52, 0x3c, 
	0x6e, 0x49, 0x4a, 0x27, 0x27, 0x27, 0x27, 0x27, 
	0x27, 0x27, 0x27, 0x27, 0x27, 0x3d, 0x52, 0x3c, 
	0x6e, 0x49, 0x4a, 0x27, 0x27, 0x27, 0x27, 0x27, 
	0x27, 0x27, 0x27, 0x27, 0x27, 0x6f, 0x60, 0x61, 
	0x61, 0x60, 0x6f, 0x27, 0x27, 0x27, 0x27, 0x27, 
	0x27, 0x27, 0x27, 0x27, 0x27, 0x30, 0x60, 0x61, 
	0x61, 0x60, 0x6f, 0x27, 0x27, 0x27, 0x27, 0x27, 
	
};

Gfx rsdm_Fence_pal_rgba16_aligner[] = {gsSPEndDisplayList()};
u8 rsdm_Fence_pal_rgba16[] = {
	0x72, 0x08, 0xab, 0x4f, 0xa3, 0x0f, 0xa3, 0x0d, 
	0xb3, 0x4f, 0xbb, 0x8f, 0xb3, 0x8f, 0xc3, 0xd1, 
	0xab, 0x0f, 0x92, 0xcd, 0xdc, 0xdd, 0xe5, 0x1f, 
	0xd4, 0x9d, 0xdc, 0x9d, 0xed, 0x1f, 0xe4, 0xdf, 
	0xed, 0x5f, 0xdc, 0xdf, 0xcc, 0x9d, 0xc4, 0x9d, 
	0x6a, 0x0b, 0x72, 0x4b, 0x7a, 0x4b, 0x72, 0x0b, 
	0x82, 0x8b, 0x82, 0x8d, 0x82, 0x4b, 0x41, 0x87, 
	0x41, 0x89, 0x41, 0x47, 0x39, 0x47, 0x49, 0x89, 
	0x20, 0x83, 0x18, 0x83, 0x10, 0x40, 0x31, 0x8f, 
	0x42, 0x13, 0x08, 0x40, 0x08, 0x00, 0x5a, 0x96, 
	0x5a, 0xd7, 0x5a, 0x99, 0x5a, 0xd9, 0x52, 0x55, 
	0x5a, 0x97, 0x4a, 0x55, 0x42, 0x11, 0x31, 0x8d, 
	0x41, 0xd1, 0x39, 0xcf, 0x31, 0x4d, 0x21, 0x09, 
	0x52, 0x95, 0x39, 0x8f, 0x62, 0xd9, 0x63, 0x19, 
	0x52, 0x97, 0x4a, 0x13, 0x94, 0xa5, 0xce, 0x33, 
	0xce, 0x35, 0x94, 0x65, 0xbd, 0xaf, 0xf7, 0xbd, 
	0xa5, 0x2b, 0xee, 0xfd, 0xf7, 0x7d, 0xe6, 0xfb, 
	0x94, 0xa7, 0xde, 0xf9, 0xde, 0x79, 0xe6, 0xf9, 
	0xcd, 0xf5, 0xad, 0x2d, 0x83, 0xe1, 0x7b, 0xa1, 
	0xb5, 0x6d, 0xc6, 0x31, 0xce, 0x73, 0x63, 0x1b, 
	0x7b, 0x9f, 0xa4, 0xe9, 0xb5, 0x6f, 0xb5, 0x2f, 
	0xa4, 0xeb, 0x73, 0x5d, 0xad, 0x2b, 0x83, 0xa5, 
	0x62, 0xdb, 0x8c, 0x25, 0xa4, 0xab, 0x83, 0xe3, 
	0x94, 0x67, 0x9c, 0xe7, 0x9c, 0xa7, 0x8c, 0x63, 
	0x6b, 0x1d, 0x84, 0x23, 0x8b, 0xe3, 0x7b, 0xe1, 
	0x4a, 0x53, 0x52, 0x57, 0x73, 0x5f, 0x39, 0xd1, 
	0x7b, 0xdf, 0x8c, 0x65, 0x9c, 0xa9, 0x94, 0xa9, 
	0xd6, 0x37, 0xef, 0x3d, 0xc5, 0xb3, 0x29, 0x4d, 
	
};

Gfx rsdm_CrateRedBrown_ci8_aligner[] = {gsSPEndDisplayList()};
u8 rsdm_CrateRedBrown_ci8[] = {
	0x00, 0x01, 0x02, 0x02, 0x02, 0x02, 0x02, 0x03, 
	0x04, 0x05, 0x06, 0x05, 0x05, 0x05, 0x07, 0x08, 
	0x09, 0x02, 0x02, 0x02, 0x01, 0x02, 0x02, 0x0a, 
	0x02, 0x0b, 0x0c, 0x05, 0x05, 0x0d, 0x06, 0x0e, 
	0x0f, 0x02, 0x03, 0x02, 0x02, 0x02, 0x02, 0x03, 
	0x00, 0x01, 0x10, 0x11, 0x04, 0x12, 0x13, 0x14, 
	0x12, 0x0a, 0x02, 0x02, 0x01, 0x02, 0x02, 0x02, 
	0x00, 0x13, 0x04, 0x04, 0x12, 0x04, 0x15, 0x16, 
	0x00, 0x02, 0x03, 0x02, 0x02, 0x02, 0x02, 0x03, 
	0x04, 0x01, 0x13, 0x12, 0x17, 0x04, 0x02, 0x18, 
	0x04, 0x0a, 0x19, 0x02, 0x02, 0x02, 0x02, 0x1a, 
	0x12, 0x01, 0x09, 0x1b, 0x04, 0x13, 0x03, 0x14, 
	0x00, 0x01, 0x02, 0x02, 0x02, 0x02, 0x02, 0x03, 
	0x04, 0x01, 0x02, 0x12, 0x13, 0x04, 0x19, 0x14, 
	0x09, 0x02, 0x02, 0x02, 0x02, 0x02, 0x02, 0x1a, 
	0x12, 0x02, 0x1b, 0x1b, 0x04, 0x13, 0x03, 0x14, 
	0x00, 0x03, 0x03, 0x02, 0x02, 0x02, 0x02, 0x02, 
	0x1c, 0x13, 0x02, 0x02, 0x01, 0x09, 0x14, 0x1d, 
	0x02, 0x03, 0x02, 0x02, 0x02, 0x02, 0x02, 0x1b, 
	0x00, 0x02, 0x02, 0x02, 0x04, 0x1a, 0x1e, 0x14, 
	0x1f, 0x1d, 0x18, 0x03, 0x02, 0x02, 0x02, 0x01, 
	0x1f, 0x13, 0x02, 0x02, 0x03, 0x02, 0x1e, 0x1d, 
	0x1a, 0x14, 0x03, 0x02, 0x02, 0x02, 0x01, 0x1b, 
	0x12, 0x02, 0x02, 0x0a, 0x02, 0x14, 0x16, 0x14, 
	0x00, 0x14, 0x14, 0x1d, 0x03, 0x0a, 0x02, 0x02, 
	0x12, 0x13, 0x02, 0x02, 0x03, 0x0a, 0x16, 0x1d, 
	0x02, 0x14, 0x1d, 0x03, 0x03, 0x02, 0x02, 0x13, 
	0x12, 0x02, 0x02, 0x03, 0x19, 0x1d, 0x16, 0x14, 
	0x00, 0x19, 0x20, 0x21, 0x1d, 0x0a, 0x02, 0x03, 
	0x04, 0x13, 0x02, 0x02, 0x03, 0x0a, 0x16, 0x03, 
	0x13, 0x03, 0x16, 0x1e, 0x14, 0x02, 0x02, 0x19, 
	0x12, 0x02, 0x02, 0x03, 0x02, 0x16, 0x20, 0x19, 
	0x00, 0x02, 0x14, 0x16, 0x16, 0x03, 0x02, 0x03, 
	0x04, 0x13, 0x02, 0x02, 0x19, 0x14, 0x16, 0x03, 
	0x1b, 0x03, 0x16, 0x16, 0x1e, 0x02, 0x02, 0x0a, 
	0x12, 0x02, 0x02, 0x02, 0x03, 0x16, 0x14, 0x02, 
	0x00, 0x03, 0x1e, 0x16, 0x16, 0x03, 0x02, 0x03, 
	0x04, 0x13, 0x02, 0x02, 0x02, 0x20, 0x16, 0x03, 
	0x01, 0x14, 0x16, 0x16, 0x16, 0x02, 0x02, 0x0a, 
	0x12, 0x02, 0x02, 0x02, 0x03, 0x22, 0x14, 0x03, 
	0x00, 0x0a, 0x16, 0x1e, 0x1d, 0x03, 0x1a, 0x14, 
	0x04, 0x13, 0x03, 0x02, 0x02, 0x20, 0x16, 0x03, 
	0x13, 0x20, 0x16, 0x1d, 0x16, 0x02, 0x03, 0x03, 
	0x12, 0x02, 0x19, 0x02, 0x03, 0x22, 0x03, 0x03, 
	0x23, 0x02, 0x16, 0x1e, 0x16, 0x1d, 0x03, 0x16, 
	0x04, 0x13, 0x03, 0x02, 0x02, 0x20, 0x16, 0x0a, 
	0x04, 0x14, 0x16, 0x1e, 0x22, 0x03, 0x14, 0x1d, 
	0x00, 0x19, 0x0a, 0x02, 0x03, 0x16, 0x0a, 0x03, 
	0x0f, 0x02, 0x22, 0x16, 0x22, 0x1d, 0x14, 0x16, 
	0x11, 0x13, 0x03, 0x14, 0x02, 0x1e, 0x1d, 0x0a, 
	0x12, 0x1d, 0x16, 0x16, 0x24, 0x0a, 0x1d, 0x14, 
	0x1c, 0x19, 0x14, 0x0a, 0x14, 0x16, 0x1a, 0x03, 
	0x0f, 0x13, 0x24, 0x1e, 0x1e, 0x03, 0x19, 0x20, 
	0x00, 0x13, 0x0a, 0x03, 0x19, 0x16, 0x14, 0x0a, 
	0x00, 0x1e, 0x16, 0x1d, 0x16, 0x1b, 0x03, 0x0a, 
	0x00, 0x02, 0x03, 0x1a, 0x14, 0x16, 0x19, 0x03, 
	0x23, 0x1b, 0x21, 0x20, 0x1e, 0x03, 0x13, 0x03, 
	0x12, 0x01, 0x02, 0x14, 0x19, 0x16, 0x1d, 0x14, 
	0x00, 0x1d, 0x1e, 0x1d, 0x16, 0x10, 0x02, 0x1a, 
	0x11, 0x02, 0x0a, 0x1a, 0x14, 0x16, 0x03, 0x1d, 
	0x23, 0x01, 0x22, 0x14, 0x16, 0x03, 0x03, 0x14, 
	0x11, 0x02, 0x03, 0x1e, 0x02, 0x1d, 0x1e, 0x1e, 
	0x11, 0x1e, 0x20, 0x1e, 0x16, 0x02, 0x14, 0x19, 
	0x12, 0x03, 0x14, 0x03, 0x14, 0x16, 0x1d, 0x16, 
	0x0f, 0x19, 0x22, 0x14, 0x16, 0x03, 0x14, 0x14, 
	0x00, 0x25, 0x14, 0x16, 0x0a, 0x03, 0x1d, 0x16, 
	0x12, 0x1e, 0x20, 0x1e, 0x16, 0x19, 0x1e, 0x19, 
	0x12, 0x14, 0x1e, 0x14, 0x0a, 0x14, 0x16, 0x22, 
	0x0f, 0x19, 0x21, 0x1d, 0x16, 0x03, 0x14, 0x1d, 
	0x00, 0x14, 0x14, 0x22, 0x03, 0x19, 0x14, 0x22, 
	0x12, 0x1e, 0x1e, 0x16, 0x16, 0x19, 0x16, 0x0a, 
	0x04, 0x20, 0x1e, 0x1d, 0x19, 0x03, 0x1e, 0x24, 
	0x0f, 0x19, 0x24, 0x16, 0x21, 0x1d, 0x1e, 0x21, 
	0x11, 0x0a, 0x03, 0x1e, 0x0a, 0x02, 0x03, 0x16, 
	0x04, 0x16, 0x16, 0x16, 0x21, 0x18, 0x21, 0x14, 
	0x11, 0x03, 0x14, 0x14, 0x02, 0x0a, 0x20, 0x24, 
	0x23, 0x1a, 0x24, 0x1e, 0x24, 0x16, 0x16, 0x05, 
	0x04, 0x02, 0x02, 0x14, 0x02, 0x02, 0x02, 0x1e, 
	0x04, 0x16, 0x1e, 0x22, 0x24, 0x1d, 0x05, 0x1e, 
	0x12, 0x19, 0x0a, 0x0a, 0x02, 0x02, 0x03, 0x24, 
	0x00, 0x25, 0x16, 0x20, 0x16, 0x1d, 0x16, 0x05, 
	0x1b, 0x13, 0x02, 0x1a, 0x19, 0x02, 0x19, 0x1e, 
	0x01, 0x16, 0x20, 0x16, 0x16, 0x14, 0x05, 0x16, 
	0x12, 0x02, 0x02, 0x1a, 0x02, 0x02, 0x03, 0x21, 
	0x1f, 0x16, 0x1e, 0x1d, 0x21, 0x1d, 0x16, 0x05, 
	0x13, 0x13, 0x02, 0x1d, 0x14, 0x19, 0x19, 0x14, 
	0x0a, 0x16, 0x14, 0x24, 0x16, 0x14, 0x05, 0x16, 
	0x12, 0x02, 0x03, 0x1d, 0x0a, 0x02, 0x03, 0x1e, 
	0x1f, 0x16, 0x1e, 0x1d, 0x21, 0x14, 0x1e, 0x26, 
	0x13, 0x13, 0x02, 0x16, 0x1e, 0x18, 0x19, 0x14, 
	0x0a, 0x16, 0x14, 0x24, 0x1e, 0x03, 0x24, 0x05, 
	0x12, 0x02, 0x14, 0x16, 0x1d, 0x19, 0x0a, 0x1e, 
	0x1f, 0x16, 0x1d, 0x1d, 0x16, 0x03, 0x14, 0x26, 
	0x13, 0x1b, 0x02, 0x03, 0x16, 0x1e, 0x1a, 0x14, 
	0x0a, 0x1e, 0x14, 0x21, 0x14, 0x02, 0x16, 0x05, 
	0x12, 0x13, 0x19, 0x1e, 0x16, 0x03, 0x0a, 0x1e, 
	0x1f, 0x1e, 0x14, 0x14, 0x16, 0x03, 0x14, 0x05, 
	0x13, 0x11, 0x02, 0x03, 0x05, 0x24, 0x03, 0x14, 
	0x0a, 0x14, 0x14, 0x1e, 0x16, 0x02, 0x16, 0x24, 
	0x00, 0x1b, 0x19, 0x16, 0x05, 0x1d, 0x0a, 0x1e, 
	0x1f, 0x1e, 0x14, 0x14, 0x16, 0x14, 0x0a, 0x16, 
	0x1b, 0x11, 0x02, 0x0a, 0x05, 0x05, 0x03, 0x14, 
	0x0a, 0x14, 0x14, 0x16, 0x16, 0x02, 0x14, 0x1e, 
	0x00, 0x1b, 0x02, 0x16, 0x0d, 0x1d, 0x0a, 0x1e, 
	0x1f, 0x1e, 0x14, 0x1d, 0x24, 0x14, 0x19, 0x20, 
	0x1b, 0x1f, 0x02, 0x02, 0x05, 0x05, 0x03, 0x14, 
	0x0a, 0x14, 0x14, 0x21, 0x24, 0x02, 0x0a, 0x14, 
	0x00, 0x1b, 0x02, 0x1e, 0x26, 0x20, 0x0a, 0x1e, 
	0x1f, 0x1e, 0x14, 0x14, 0x16, 0x03, 0x02, 0x14, 
	0x1b, 0x00, 0x02, 0x01, 0x1e, 0x16, 0x19, 0x14, 
	0x0a, 0x14, 0x14, 0x1e, 0x16, 0x02, 0x19, 0x14, 
	0x00, 0x04, 0x01, 0x03, 0x21, 0x03, 0x03, 0x1e, 
	0x1f, 0x1e, 0x03, 0x14, 0x1e, 0x03, 0x01, 0x14, 
	0x09, 0x00, 0x01, 0x04, 0x19, 0x20, 0x02, 0x03, 
	0x0a, 0x14, 0x18, 0x1e, 0x1e, 0x01, 0x02, 0x14, 
	0x00, 0x04, 0x10, 0x13, 0x14, 0x0a, 0x02, 0x1e, 
	0x04, 0x1d, 0x02, 0x14, 0x14, 0x02, 0x01, 0x14, 
	0x1b, 0x00, 0x02, 0x01, 0x19, 0x14, 0x02, 0x03, 
	0x0a, 0x0a, 0x03, 0x1d, 0x02, 0x01, 0x02, 0x14, 
	0x1f, 0x04, 0x02, 0x02, 0x14, 0x0a, 0x02, 0x1e, 
	0x12, 0x03, 0x13, 0x04, 0x02, 0x02, 0x1b, 0x03, 
	0x1b, 0x11, 0x02, 0x01, 0x02, 0x02, 0x01, 0x03, 
	0x02, 0x02, 0x04, 0x01, 0x02, 0x13, 0x1b, 0x14, 
	0x11, 0x1b, 0x02, 0x02, 0x02, 0x01, 0x02, 0x1e, 
	0x00, 0x03, 0x13, 0x11, 0x00, 0x00, 0x00, 0x19, 
	0x00, 0x13, 0x02, 0x02, 0x02, 0x01, 0x02, 0x0a, 
	0x02, 0x02, 0x04, 0x11, 0x00, 0x00, 0x04, 0x19, 
	0x1c, 0x02, 0x02, 0x02, 0x01, 0x02, 0x02, 0x03, 
	0x0f, 0x00, 0x00, 0x1f, 0x27, 0x0f, 0x0f, 0x00, 
	0x28, 0x13, 0x03, 0x02, 0x02, 0x01, 0x02, 0x03, 
	0x29, 0x00, 0x1f, 0x00, 0x0f, 0x0f, 0x0f, 0x00, 
	0x1c, 0x19, 0x0a, 0x02, 0x01, 0x02, 0x02, 0x1e, 
	0x05, 0x2a, 0x0b, 0x24, 0x24, 0x05, 0x0b, 0x2a, 
	0x0d, 0x0a, 0x03, 0x02, 0x02, 0x02, 0x02, 0x03, 
	0x0c, 0x2a, 0x0d, 0x24, 0x24, 0x2b, 0x2a, 0x0b, 
	0x16, 0x0a, 0x0a, 0x02, 0x02, 0x02, 0x02, 0x1e, 
	0x02, 0x0a, 0x13, 0x04, 0x04, 0x04, 0x02, 0x1e, 
	0x0a, 0x02, 0x02, 0x02, 0x02, 0x02, 0x02, 0x03, 
	0x0a, 0x02, 0x04, 0x09, 0x04, 0x1b, 0x25, 0x1e, 
	0x02, 0x02, 0x02, 0x02, 0x02, 0x02, 0x02, 0x1e, 
	0x1f, 0x02, 0x10, 0x04, 0x1b, 0x1b, 0x0a, 0x14, 
	0x04, 0x03, 0x03, 0x02, 0x02, 0x02, 0x02, 0x02, 
	0x10, 0x01, 0x04, 0x13, 0x12, 0x02, 0x03, 0x0a, 
	0x1b, 0x03, 0x0a, 0x02, 0x02, 0x02, 0x02, 0x02, 
	0x00, 0x02, 0x13, 0x04, 0x1b, 0x1b, 0x03, 0x14, 
	0x04, 0x14, 0x14, 0x03, 0x02, 0x02, 0x02, 0x01, 
	0x1b, 0x02, 0x04, 0x13, 0x12, 0x02, 0x14, 0x0a, 
	0x13, 0x1d, 0x03, 0x19, 0x02, 0x02, 0x01, 0x01, 
	0x00, 0x02, 0x02, 0x02, 0x10, 0x01, 0x20, 0x14, 
	0x04, 0x03, 0x14, 0x1d, 0x03, 0x03, 0x02, 0x02, 
	0x1b, 0x02, 0x01, 0x02, 0x12, 0x03, 0x1e, 0x0a, 
	0x1b, 0x14, 0x14, 0x14, 0x03, 0x02, 0x02, 0x02, 
	0x00, 0x01, 0x02, 0x19, 0x1a, 0x03, 0x16, 0x14, 
	0x04, 0x02, 0x03, 0x24, 0x1e, 0x03, 0x02, 0x1a, 
	0x1b, 0x02, 0x02, 0x03, 0x13, 0x1e, 0x1e, 0x0a, 
	0x04, 0x0a, 0x16, 0x16, 0x14, 0x19, 0x02, 0x03, 
	0x00, 0x01, 0x02, 0x19, 0x03, 0x03, 0x16, 0x14, 
	0x04, 0x01, 0x03, 0x16, 0x16, 0x20, 0x02, 0x0a, 
	0x1b, 0x02, 0x02, 0x03, 0x02, 0x16, 0x1e, 0x0a, 
	0x12, 0x0a, 0x1d, 0x16, 0x1e, 0x0a, 0x02, 0x03, 
	0x00, 0x01, 0x02, 0x19, 0x0a, 0x14, 0x1e, 0x0a, 
	0x12, 0x0a, 0x1d, 0x16, 0x16, 0x1d, 0x02, 0x0a, 
	0x1b, 0x02, 0x02, 0x03, 0x02, 0x21, 0x14, 0x01, 
	0x04, 0x14, 0x1e, 0x16, 0x16, 0x0a, 0x02, 0x03, 
	0x27, 0x01, 0x02, 0x02, 0x0a, 0x1e, 0x1e, 0x19, 
	0x00, 0x02, 0x1e, 0x16, 0x1d, 0x1d, 0x19, 0x14, 
	0x04, 0x02, 0x02, 0x19, 0x03, 0x24, 0x03, 0x13, 
	0x11, 0x14, 0x16, 0x1d, 0x1e, 0x0a, 0x03, 0x1d, 
	0x0f, 0x01, 0x02, 0x02, 0x0a, 0x16, 0x1e, 0x03, 
	0x00, 0x13, 0x1e, 0x16, 0x1e, 0x16, 0x03, 0x1e, 
	0x12, 0x02, 0x02, 0x02, 0x03, 0x24, 0x18, 0x02, 
	0x00, 0x03, 0x16, 0x1e, 0x2c, 0x14, 0x18, 0x21, 
	0x1c, 0x02, 0x0a, 0x02, 0x0a, 0x16, 0x20, 0x03, 
	0x12, 0x13, 0x21, 0x16, 0x16, 0x16, 0x03, 0x16, 
	0x04, 0x0a, 0x02, 0x02, 0x03, 0x24, 0x0a, 0x1a, 
	0x11, 0x03, 0x2c, 0x16, 0x24, 0x14, 0x20, 0x16, 
	0x00, 0x02, 0x03, 0x02, 0x0a, 0x16, 0x14, 0x03, 
	0x04, 0x04, 0x24, 0x16, 0x1d, 0x1e, 0x01, 0x14, 
	0x1b, 0x03, 0x19, 0x02, 0x03, 0x24, 0x02, 0x0a, 
	0x1f, 0x03, 0x21, 0x1d, 0x16, 0x02, 0x03, 0x20, 
	0x00, 0x02, 0x14, 0x03, 0x03, 0x16, 0x14, 0x03, 
	0x04, 0x11, 0x21, 0x1d, 0x1d, 0x20, 0x13, 0x0a, 
	0x1b, 0x03, 0x14, 0x02, 0x1d, 0x16, 0x02, 0x0a, 
	0x00, 0x0a, 0x16, 0x1d, 0x1e, 0x02, 0x02, 0x03, 
	0x00, 0x02, 0x03, 0x03, 0x03, 0x16, 0x03, 0x03, 
	0x04, 0x11, 0x21, 0x14, 0x1d, 0x1d, 0x19, 0x20, 
	0x1b, 0x19, 0x03, 0x02, 0x1e, 0x1e, 0x02, 0x0a, 
	0x00, 0x0a, 0x16, 0x14, 0x1e, 0x0a, 0x03, 0x1d, 
	0x11, 0x14, 0x0a, 0x02, 0x03, 0x1e, 0x03, 0x14, 
	0x1b, 0x1b, 0x24, 0x14, 0x1d, 0x1d, 0x03, 0x16, 
	0x02, 0x03, 0x02, 0x02, 0x20, 0x1e, 0x0a, 0x03, 
	0x12, 0x03, 0x16, 0x20, 0x1e, 0x0a, 0x1d, 0x16, 
	0x12, 0x1e, 0x14, 0x03, 0x0a, 0x1d, 0x1d, 0x1e, 
	0x1b, 0x13, 0x24, 0x1d, 0x16, 0x1d, 0x03, 0x16, 
	0x0a, 0x14, 0x14, 0x02, 0x03, 0x16, 0x20, 0x14, 
	0x04, 0x14, 0x16, 0x1e, 0x16, 0x0a, 0x1d, 0x22, 
	0x1f, 0x1e, 0x14, 0x1e, 0x0a, 0x14, 0x1e, 0x16, 
	0x1b, 0x13, 0x24, 0x16, 0x21, 0x16, 0x20, 0x24, 
	0x0a, 0x14, 0x16, 0x03, 0x0a, 0x1d, 0x16, 0x1d, 
	0x12, 0x14, 0x21, 0x16, 0x21, 0x14, 0x16, 0x05, 
	0x1f, 0x1d, 0x20, 0x16, 0x03, 0x0a, 0x1d, 0x24, 
	0x1b, 0x01, 0x24, 0x1d, 0x24, 0x16, 0x16, 0x05, 
	0x1a, 0x14, 0x16, 0x14, 0x02, 0x14, 0x16, 0x16, 
	0x12, 0x14, 0x16, 0x16, 0x24, 0x1e, 0x24, 0x05, 
	0x00, 0x03, 0x25, 0x1d, 0x0a, 0x19, 0x14, 0x21, 
	0x1b, 0x0a, 0x21, 0x14, 0x16, 0x1e, 0x1d, 0x05, 
	0x02, 0x03, 0x1d, 0x03, 0x02, 0x03, 0x1e, 0x16, 
	0x09, 0x1d, 0x1e, 0x1e, 0x16, 0x14, 0x24, 0x05, 
	0x00, 0x0a, 0x19, 0x03, 0x02, 0x02, 0x0a, 0x16, 
	0x1b, 0x14, 0x16, 0x14, 0x24, 0x1e, 0x1d, 0x05, 
	0x13, 0x02, 0x14, 0x02, 0x02, 0x02, 0x14, 0x16, 
	0x1b, 0x1e, 0x1d, 0x16, 0x16, 0x14, 0x24, 0x05, 
	0x0f, 0x01, 0x02, 0x1a, 0x19, 0x02, 0x0a, 0x16, 
	0x12, 0x0a, 0x1e, 0x14, 0x24, 0x1d, 0x20, 0x05, 
	0x12, 0x02, 0x19, 0x1a, 0x02, 0x02, 0x14, 0x1d, 
	0x11, 0x20, 0x1d, 0x16, 0x16, 0x03, 0x2c, 0x2b, 
	0x0f, 0x01, 0x1a, 0x1d, 0x03, 0x02, 0x0a, 0x1d, 
	0x1f, 0x03, 0x1d, 0x14, 0x21, 0x14, 0x03, 0x24, 
	0x12, 0x02, 0x14, 0x14, 0x1a, 0x02, 0x14, 0x03, 
	0x12, 0x1d, 0x20, 0x16, 0x1e, 0x19, 0x1d, 0x2b, 
	0x0f, 0x01, 0x0a, 0x16, 0x1e, 0x03, 0x19, 0x20, 
	0x1f, 0x20, 0x14, 0x14, 0x16, 0x1d, 0x0a, 0x21, 
	0x12, 0x02, 0x1e, 0x16, 0x14, 0x02, 0x03, 0x03, 
	0x04, 0x1d, 0x14, 0x1d, 0x16, 0x0a, 0x20, 0x0d, 
	0x0f, 0x13, 0x02, 0x14, 0x16, 0x14, 0x0a, 0x20, 
	0x1f, 0x20, 0x14, 0x14, 0x16, 0x1d, 0x19, 0x1d, 
	0x12, 0x01, 0x03, 0x16, 0x16, 0x19, 0x03, 0x03, 
	0x04, 0x1d, 0x14, 0x1e, 0x16, 0x0a, 0x03, 0x24, 
	0x27, 0x12, 0x02, 0x14, 0x05, 0x16, 0x03, 0x20, 
	0x12, 0x20, 0x14, 0x14, 0x24, 0x16, 0x02, 0x14, 
	0x00, 0x13, 0x0a, 0x21, 0x05, 0x14, 0x03, 0x14, 
	0x04, 0x1d, 0x14, 0x16, 0x24, 0x03, 0x1a, 0x1e, 
	0x00, 0x12, 0x02, 0x14, 0x05, 0x21, 0x03, 0x20, 
	0x1b, 0x1d, 0x14, 0x14, 0x16, 0x1d, 0x02, 0x03, 
	0x00, 0x13, 0x1a, 0x21, 0x2b, 0x14, 0x03, 0x14, 
	0x13, 0x1d, 0x14, 0x1d, 0x16, 0x0a, 0x02, 0x1e, 
	0x00, 0x12, 0x02, 0x03, 0x05, 0x21, 0x03, 0x20, 
	0x1b, 0x20, 0x03, 0x14, 0x16, 0x14, 0x01, 0x03, 
	0x00, 0x13, 0x02, 0x21, 0x0d, 0x03, 0x03, 0x14, 
	0x13, 0x1d, 0x18, 0x1d, 0x1e, 0x02, 0x01, 0x1e, 
	0x0f, 0x00, 0x02, 0x19, 0x16, 0x20, 0x0a, 0x1d, 
	0x09, 0x03, 0x02, 0x03, 0x1d, 0x02, 0x01, 0x0a, 
	0x23, 0x13, 0x01, 0x1d, 0x24, 0x02, 0x14, 0x14, 
	0x09, 0x03, 0x0a, 0x20, 0x0a, 0x01, 0x01, 0x1e, 
	0x0f, 0x00, 0x13, 0x09, 0x03, 0x03, 0x02, 0x14, 
	0x1f, 0x0a, 0x01, 0x12, 0x02, 0x02, 0x1b, 0x02, 
	0x23, 0x13, 0x04, 0x01, 0x1e, 0x02, 0x19, 0x03, 
	0x11, 0x0a, 0x1b, 0x13, 0x02, 0x01, 0x12, 0x1e, 
	0x0f, 0x00, 0x02, 0x01, 0x03, 0x03, 0x02, 0x14, 
	0x1f, 0x13, 0x01, 0x11, 0x1f, 0x1c, 0x00, 0x09, 
	0x23, 0x13, 0x01, 0x02, 0x1e, 0x02, 0x19, 0x03, 
	0x00, 0x01, 0x09, 0x1f, 0x00, 0x1c, 0x1f, 0x02, 
	0x2d, 0x12, 0x02, 0x01, 0x02, 0x02, 0x02, 0x14, 
	0x1f, 0x2e, 0x0f, 0x1c, 0x2f, 0x2d, 0x2d, 0x2f, 
	0x27, 0x13, 0x01, 0x02, 0x02, 0x01, 0x19, 0x03, 
	0x2e, 0x2e, 0x27, 0x27, 0x2d, 0x2d, 0x2d, 0x1c, 
	
};

Gfx rsdm_CrateRedBrown_pal_rgba16_aligner[] = {gsSPEndDisplayList()};
u8 rsdm_CrateRedBrown_pal_rgba16[] = {
	0x28, 0xc5, 0x49, 0x89, 0x51, 0x89, 0x61, 0xcb, 
	0x39, 0x07, 0x8a, 0x8f, 0xb3, 0x95, 0xab, 0x13, 
	0xb3, 0x53, 0x41, 0x07, 0x59, 0xcb, 0xab, 0x53, 
	0xa3, 0x13, 0x92, 0xd1, 0x9b, 0x11, 0x10, 0x43, 
	0x41, 0x49, 0x31, 0x05, 0x31, 0x07, 0x49, 0x49, 
	0x6a, 0x0b, 0x51, 0x8b, 0x7a, 0x4d, 0x49, 0x47, 
	0x69, 0xcb, 0x59, 0x89, 0x59, 0xc9, 0x41, 0x47, 
	0x20, 0xc5, 0x72, 0x0d, 0x72, 0x4d, 0x30, 0xc5, 
	0x6a, 0x0d, 0x82, 0x4f, 0x82, 0x4d, 0x20, 0x83, 
	0x82, 0x8f, 0x62, 0x0b, 0x92, 0xcf, 0x18, 0x83, 
	0x18, 0x43, 0x20, 0x85, 0xb3, 0x97, 0x9a, 0xd1, 
	0x7a, 0x4f, 0x00, 0x41, 0x08, 0x43, 0x08, 0x01, 
	
};

Gfx rsdm_conk_i8_aligner[] = {gsSPEndDisplayList()};
u8 rsdm_conk_i8[] = {
	0xd0, 0xe0, 0xf0, 0xf0, 0xf0, 0xf0, 0xf0, 0xf0, 
	0xf0, 0xf0, 0xf0, 0xf0, 0xf0, 0xf0, 0xe0, 0xe0, 
	0xe0, 0xc0, 0xa0, 0xc0, 0xc0, 0xc0, 0xd0, 0xe0, 
	0xd0, 0xd0, 0xe0, 0xf0, 0xe0, 0xd0, 0xd0, 0xe0, 
	0xf0, 0xe0, 0xd0, 0xe0, 0xe0, 0xd0, 0xd0, 0xd0, 
	0xe0, 0xd0, 0xe0, 0xe0, 0xd0, 0xe0, 0xf0, 0xf0, 
	0xf0, 0xf0, 0xf0, 0xf0, 0xf0, 0xf0, 0xf0, 0xf0, 
	0xe0, 0xd0, 0xe0, 0xf0, 0xe0, 0xc0, 0xd0, 0xe0, 
	0xd0, 0xf0, 0xf0, 0xf0, 0xf0, 0xe0, 0xe0, 0xf0, 
	0xf0, 0xf0, 0xf0, 0xf0, 0xf0, 0xf0, 0xf0, 0xe0, 
	0xe0, 0xd0, 0xb0, 0xb0, 0xb0, 0xb0, 0xc0, 0xd0, 
	0xc0, 0xd0, 0xe0, 0xf0, 0xf0, 0xe0, 0xe0, 0xd0, 
	0xe0, 0xd0, 0xd0, 0xf0, 0xe0, 0xd0, 0xd0, 0xc0, 
	0xd0, 0xd0, 0xe0, 0xe0, 0xe0, 0xe0, 0xe0, 0xf0, 
	0xf0, 0xf0, 0xf0, 0xf0, 0xf0, 0xf0, 0xf0, 0xf0, 
	0xf0, 0xe0, 0xf0, 0xf0, 0xe0, 0xd0, 0xc0, 0xd0, 
	0xd0, 0xf0, 0xf0, 0xf0, 0xf0, 0xf0, 0xf0, 0xf0, 
	0xf0, 0xe0, 0xe0, 0xf0, 0xf0, 0xf0, 0xf0, 0xe0, 
	0xe0, 0xe0, 0xe0, 0xc0, 0xb0, 0xb0, 0xb0, 0xb0, 
	0xb0, 0xb0, 0xc0, 0xd0, 0xe0, 0xe0, 0xe0, 0xd0, 
	0xc0, 0xd0, 0xe0, 0xe0, 0xd0, 0xe0, 0xd0, 0xd0, 
	0xd0, 0xe0, 0xe0, 0xe0, 0xe0, 0xe0, 0xf0, 0xf0, 
	0xf0, 0xe0, 0xf0, 0xf0, 0xe0, 0xf0, 0xf0, 0xf0, 
	0xf0, 0xf0, 0xf0, 0xf0, 0xf0, 0xf0, 0xf0, 0xe0, 
	0xe0, 0xe0, 0xe0, 0xf0, 0xf0, 0xf0, 0xf0, 0xf0, 
	0xf0, 0xe0, 0xe0, 0xf0, 0xf0, 0xf0, 0xe0, 0xd0, 
	0xc0, 0xe0, 0xf0, 0xe0, 0xc0, 0xb0, 0xa0, 0xa0, 
	0xa0, 0xa0, 0xb0, 0xc0, 0xd0, 0xd0, 0xd0, 0xc0, 
	0xb0, 0xd0, 0xe0, 0xe0, 0xe0, 0xd0, 0xd0, 0xe0, 
	0xf0, 0xf0, 0xe0, 0xe0, 0xe0, 0xf0, 0xf0, 0xf0, 
	0xe0, 0xe0, 0xe0, 0xc0, 0xc0, 0xe0, 0xe0, 0xf0, 
	0xf0, 0xf0, 0xf0, 0xf0, 0xf0, 0xf0, 0xf0, 0xe0, 
	0xd0, 0xd0, 0xd0, 0xe0, 0xf0, 0xf0, 0xf0, 0xf0, 
	0xf0, 0xe0, 0xe0, 0xf0, 0xf0, 0xe0, 0xc0, 0xb0, 
	0xa0, 0xb0, 0xe0, 0xe0, 0xd0, 0xb0, 0x90, 0x90, 
	0xb0, 0xc0, 0xc0, 0xc0, 0xc0, 0xc0, 0xc0, 0xb0, 
	0xb0, 0xd0, 0xd0, 0xd0, 0xe0, 0xd0, 0xd0, 0xf0, 
	0xf0, 0xf0, 0xf0, 0xe0, 0xf0, 0xe0, 0xe0, 0xf0, 
	0xf0, 0xf0, 0xd0, 0xc0, 0xe0, 0xe0, 0xe0, 0xe0, 
	0xe0, 0xd0, 0xe0, 0xe0, 0xf0, 0xf0, 0xd0, 0xc0, 
	0xd0, 0xd0, 0xd0, 0xe0, 0xf0, 0xf0, 0xf0, 0xf0, 
	0xf0, 0xf0, 0xe0, 0xe0, 0xe0, 0xc0, 0xb0, 0xa0, 
	0x90, 0xa0, 0xc0, 0xc0, 0xa0, 0xa0, 0xa0, 0xa0, 
	0xc0, 0xe0, 0xd0, 0xb0, 0xa0, 0xb0, 0xb0, 0xb0, 
	0xe0, 0xe0, 0xd0, 0xd0, 0xd0, 0xd0, 0xf0, 0xf0, 
	0xf0, 0xf0, 0xf0, 0xf0, 0xf0, 0xf0, 0xe0, 0xe0, 
	0xf0, 0xf0, 0xd0, 0xd0, 0xf0, 0xf0, 0xe0, 0xf0, 
	0xd0, 0xd0, 0xd0, 0xd0, 0xd0, 0xd0, 0xb0, 0xb0, 
	0xd0, 0xc0, 0xd0, 0xe0, 0xe0, 0xf0, 0xf0, 0xf0, 
	0xf0, 0xe0, 0xd0, 0xd0, 0xd0, 0xc0, 0xb0, 0xb0, 
	0xa0, 0xb0, 0xc0, 0xb0, 0x90, 0xa0, 0xb0, 0xb0, 
	0xc0, 0xf0, 0xd0, 0xb0, 0xa0, 0xb0, 0xb0, 0xd0, 
	0xf0, 0xe0, 0xd0, 0xd0, 0xd0, 0xf0, 0xf0, 0xf0, 
	0xf0, 0xf0, 0xf0, 0xf0, 0xf0, 0xf0, 0xf0, 0xe0, 
	0xe0, 0xe0, 0xd0, 0xe0, 0xf0, 0xe0, 0xe0, 0xd0, 
	0xc0, 0xd0, 0xc0, 0xc0, 0xd0, 0xc0, 0xc0, 0xc0, 
	0xc0, 0xc0, 0xe0, 0xf0, 0xf0, 0xf0, 0xf0, 0xe0, 
	0xe0, 0xd0, 0xd0, 0xd0, 0xd0, 0xc0, 0xc0, 0xd0, 
	0xd0, 0xd0, 0xd0, 0xb0, 0xa0, 0xb0, 0xc0, 0xd0, 
	0xc0, 0xd0, 0xc0, 0xa0, 0xa0, 0xb0, 0xc0, 0xe0, 
	0xe0, 0xd0, 0xe0, 0xe0, 0xe0, 0xf0, 0xf0, 0xf0, 
	0xf0, 0xf0, 0xf0, 0xf0, 0xf0, 0xf0, 0xf0, 0xe0, 
	0xe0, 0xe0, 0xe0, 0xe0, 0xd0, 0xd0, 0xe0, 0xc0, 
	0xb0, 0xb0, 0xb0, 0xb0, 0xc0, 0xd0, 0xd0, 0xd0, 
	0xb0, 0xb0, 0xd0, 0xf0, 0xf0, 0xf0, 0xe0, 0xd0, 
	0xe0, 0xe0, 0xe0, 0xd0, 0xc0, 0xc0, 0xc0, 0xd0, 
	0xe0, 0xd0, 0xd0, 0xc0, 0xc0, 0xd0, 0xd0, 0xd0, 
	0xc0, 0xb0, 0xb0, 0xb0, 0xb0, 0xa0, 0xc0, 0xe0, 
	0xc0, 0xc0, 0xe0, 0xe0, 0xe0, 0xf0, 0xf0, 0xf0, 
	0xf0, 0xe0, 0xf0, 0xf0, 0xf0, 0xf0, 0xf0, 0xf0, 
	0xe0, 0xf0, 0xf0, 0xe0, 0xd0, 0xc0, 0xd0, 0xd0, 
	0xb0, 0xd0, 0xd0, 0xc0, 0xc0, 0xd0, 0xd0, 0xd0, 
	0xb0, 0xb0, 0xc0, 0xe0, 0xf0, 0xe0, 0xd0, 0xd0, 
	0xe0, 0xf0, 0xe0, 0xc0, 0xb0, 0xb0, 0xb0, 0xc0, 
	0xc0, 0xc0, 0xb0, 0xb0, 0xd0, 0xe0, 0xe0, 0xe0, 
	0xd0, 0xc0, 0xc0, 0xc0, 0xc0, 0xb0, 0xb0, 0xc0, 
	0xb0, 0xc0, 0xd0, 0xd0, 0xe0, 0xe0, 0xf0, 0xf0, 
	0xe0, 0xe0, 0xf0, 0xf0, 0xf0, 0xf0, 0xf0, 0xf0, 
	0xf0, 0xf0, 0xe0, 0xd0, 0xc0, 0xd0, 0xd0, 0xc0, 
	0xd0, 0xe0, 0xe0, 0xd0, 0xb0, 0xc0, 0xd0, 0xd0, 
	0xc0, 0xc0, 0xd0, 0xd0, 0xc0, 0xd0, 0xd0, 0xd0, 
	0xe0, 0xf0, 0xe0, 0xb0, 0xa0, 0xa0, 0xa0, 0xb0, 
	0xc0, 0xb0, 0xa0, 0xc0, 0xf0, 0xf0, 0xe0, 0xd0, 
	0xd0, 0xc0, 0xc0, 0xc0, 0xa0, 0xa0, 0xa0, 0xb0, 
	0xc0, 0xd0, 0xd0, 0xd0, 0xe0, 0xd0, 0xf0, 0xf0, 
	0xf0, 0xf0, 0xf0, 0xf0, 0xf0, 0xf0, 0xf0, 0xf0, 
	0xf0, 0xe0, 0xd0, 0xc0, 0xc0, 0xc0, 0xb0, 0xb0, 
	0xe0, 0xe0, 0xf0, 0xe0, 0xc0, 0xd0, 0xd0, 0xd0, 
	0xe0, 0xe0, 0xe0, 0xd0, 0xd0, 0xd0, 0xd0, 0xc0, 
	0xc0, 0xc0, 0xd0, 0xc0, 0xb0, 0xa0, 0xa0, 0xb0, 
	0xc0, 0xb0, 0xa0, 0xd0, 0xe0, 0xd0, 0xc0, 0xb0, 
	0xb0, 0xc0, 0xd0, 0xc0, 0xa0, 0xb0, 0x90, 0xa0, 
	0xd0, 0xe0, 0xd0, 0xe0, 0xe0, 0xd0, 0xf0, 0xf0, 
	0xf0, 0xf0, 0xf0, 0xf0, 0xf0, 0xf0, 0xf0, 0xf0, 
	0xf0, 0xd0, 0xc0, 0xb0, 0xd0, 0xc0, 0xa0, 0xa0, 
	0xd0, 0xd0, 0xc0, 0xe0, 0xe0, 0xd0, 0xc0, 0xd0, 
	0xd0, 0xe0, 0xd0, 0xd0, 0xe0, 0xe0, 0xf0, 0xe0, 
	0xb0, 0xb0, 0xd0, 0xd0, 0xc0, 0xb0, 0xb0, 0xc0, 
	0xc0, 0xa0, 0xa0, 0xc0, 0xd0, 0xc0, 0xc0, 0xb0, 
	0xb0, 0xc0, 0xd0, 0xd0, 0xc0, 0xc0, 0xa0, 0xb0, 
	0xd0, 0xd0, 0xe0, 0xf0, 0xf0, 0xf0, 0xe0, 0xf0, 
	0xf0, 0xf0, 0xf0, 0xf0, 0xf0, 0xf0, 0xf0, 0xf0, 
	0xf0, 0xd0, 0xc0, 0xd0, 0xe0, 0xd0, 0xb0, 0xc0, 
	0xd0, 0xc0, 0xb0, 0xc0, 0xe0, 0xc0, 0xb0, 0xc0, 
	0xc0, 0xd0, 0xd0, 0xd0, 0xe0, 0xe0, 0xf0, 0xe0, 
	0xc0, 0xb0, 0xc0, 0xe0, 0xe0, 0xd0, 0xc0, 0xc0, 
	0xb0, 0xa0, 0xb0, 0xb0, 0xb0, 0xb0, 0xc0, 0xc0, 
	0xb0, 0xb0, 0xd0, 0xf0, 0xf0, 0xe0, 0xd0, 0xd0, 
	0xd0, 0xd0, 0xf0, 0xf0, 0xf0, 0xf0, 0xe0, 0xe0, 
	0xf0, 0xf0, 0xe0, 0xf0, 0xf0, 0xf0, 0xf0, 0xf0, 
	0xf0, 0xf0, 0xf0, 0xf0, 0xf0, 0xd0, 0xe0, 0xe0, 
	0xd0, 0xd0, 0xc0, 0xc0, 0xc0, 0xa0, 0x90, 0xb0, 
	0xa0, 0xc0, 0xe0, 0xe0, 0xe0, 0xe0, 0xe0, 0xe0, 
	0xe0, 0xd0, 0xc0, 0xd0, 0xd0, 0xd0, 0xe0, 0xd0, 
	0xc0, 0xc0, 0xd0, 0xc0, 0xb0, 0xb0, 0xd0, 0xf0, 
	0xe0, 0xd0, 0xc0, 0xd0, 0xc0, 0xd0, 0xd0, 0xc0, 
	0xd0, 0xe0, 0xe0, 0xf0, 0xf0, 0xf0, 0xf0, 0xf0, 
	0xf0, 0xf0, 0xe0, 0xf0, 0xf0, 0xf0, 0xf0, 0xf0, 
	0xf0, 0xf0, 0xf0, 0xf0, 0xf0, 0xd0, 0xe0, 0xe0, 
	0xc0, 0xc0, 0xc0, 0xc0, 0xa0, 0x90, 0x90, 0xb0, 
	0xb0, 0xc0, 0xd0, 0xe0, 0xd0, 0xd0, 0xd0, 0xd0, 
	0xe0, 0xe0, 0xd0, 0xc0, 0xc0, 0xd0, 0xe0, 0xe0, 
	0xd0, 0xd0, 0xf0, 0xf0, 0xe0, 0xe0, 0xe0, 0xf0, 
	0xf0, 0xe0, 0xd0, 0xd0, 0xd0, 0xe0, 0xe0, 0xd0, 
	0xe0, 0xe0, 0xe0, 0xe0, 0xe0, 0xe0, 0xf0, 0xe0, 
	0xf0, 0xf0, 0xf0, 0xf0, 0xf0, 0xf0, 0xf0, 0xf0, 
	0xf0, 0xf0, 0xf0, 0xf0, 0xf0, 0xe0, 0xe0, 0xe0, 
	0xc0, 0xb0, 0xc0, 0xb0, 0xa0, 0xb0, 0xb0, 0xd0, 
	0xc0, 0xc0, 0xd0, 0xd0, 0xb0, 0xc0, 0xc0, 0xb0, 
	0xc0, 0xd0, 0xc0, 0xa0, 0xb0, 0xb0, 0xd0, 0xe0, 
	0xe0, 0xf0, 0xf0, 0xf0, 0xf0, 0xf0, 0xd0, 0xe0, 
	0xf0, 0xf0, 0xd0, 0xd0, 0xd0, 0xe0, 0xe0, 0xe0, 
	0xf0, 0xe0, 0xd0, 0xd0, 0xd0, 0xe0, 0xf0, 0xf0, 
	0xe0, 0xe0, 0xf0, 0xe0, 0xf0, 0xf0, 0xf0, 0xf0, 
	0xf0, 0xe0, 0xe0, 0xf0, 0xf0, 0xf0, 0xf0, 0xe0, 
	0xd0, 0xc0, 0xc0, 0xa0, 0xb0, 0xc0, 0xd0, 0xd0, 
	0xd0, 0xc0, 0xb0, 0xa0, 0xa0, 0xc0, 0xc0, 0xb0, 
	0xb0, 0xb0, 0xa0, 0x90, 0xa0, 0xb0, 0xc0, 0xc0, 
	0xd0, 0xf0, 0xf0, 0xe0, 0xf0, 0xf0, 0xd0, 0xd0, 
	0xf0, 0xf0, 0xd0, 0xe0, 0xe0, 0xe0, 0xe0, 0xe0, 
	0xf0, 0xe0, 0xd0, 0xc0, 0xc0, 0xe0, 0xe0, 0xe0, 
	0xe0, 0xf0, 0xe0, 0xe0, 0xe0, 0xf0, 0xf0, 0xf0, 
	0xe0, 0xe0, 0xf0, 0xf0, 0xf0, 0xf0, 0xf0, 0xe0, 
	0xd0, 0xc0, 0xb0, 0xb0, 0xb0, 0xc0, 0xd0, 0xc0, 
	0xd0, 0xe0, 0xc0, 0xb0, 0xc0, 0xc0, 0xc0, 0xc0, 
	0xc0, 0xc0, 0xc0, 0xb0, 0xc0, 0xc0, 0xc0, 0xc0, 
	0xe0, 0xf0, 0xf0, 0xf0, 0xf0, 0xf0, 0xe0, 0xe0, 
	0xf0, 0xf0, 0xe0, 0xe0, 0xe0, 0xd0, 0xe0, 0xe0, 
	0xe0, 0xd0, 0xd0, 0xc0, 0xb0, 0xc0, 0xd0, 0xd0, 
	0xe0, 0xf0, 0xf0, 0xf0, 0xf0, 0xf0, 0xf0, 0xe0, 
	0xd0, 0xe0, 0xf0, 0xe0, 0xe0, 0xe0, 0xd0, 0xc0, 
	0xc0, 0xb0, 0xa0, 0xa0, 0xb0, 0xc0, 0xd0, 0xc0, 
	0xc0, 0xd0, 0xd0, 0xd0, 0xe0, 0xc0, 0xc0, 0xd0, 
	0xe0, 0xe0, 0xe0, 0xe0, 0xc0, 0xd0, 0xd0, 0xe0, 
	0xf0, 0xf0, 0xf0, 0xf0, 0xe0, 0xf0, 0xf0, 0xf0, 
	0xf0, 0xf0, 0xf0, 0xf0, 0xf0, 0xe0, 0xd0, 0xd0, 
	0xd0, 0xc0, 0xc0, 0xb0, 0xb0, 0xc0, 0xb0, 0xc0, 
	0xe0, 0xe0, 0xf0, 0xf0, 0xf0, 0xf0, 0xf0, 0xe0, 
	0xe0, 0xe0, 0xe0, 0xd0, 0xe0, 0xd0, 0xc0, 0xb0, 
	0xb0, 0xa0, 0x90, 0xa0, 0xa0, 0xb0, 0xc0, 0xc0, 
	0xb0, 0xb0, 0xd0, 0xe0, 0xd0, 0xc0, 0xd0, 0xd0, 
	0xe0, 0xe0, 0xf0, 0xf0, 0xd0, 0xd0, 0xd0, 0xf0, 
	0xf0, 0xf0, 0xf0, 0xf0, 0xe0, 0xf0, 0xf0, 0xf0, 
	0xf0, 0xf0, 0xf0, 0xf0, 0xf0, 0xf0, 0xe0, 0xe0, 
	0xd0, 0xc0, 0xb0, 0xb0, 0xd0, 0xc0, 0xc0, 0xd0, 
	0xd0, 0xe0, 0xf0, 0xe0, 0xf0, 0xf0, 0xf0, 0xf0, 
	0xf0, 0xd0, 0xe0, 0xf0, 0xf0, 0xe0, 0xd0, 0xc0, 
	0xb0, 0xc0, 0xb0, 0xa0, 0xb0, 0xc0, 0xc0, 0xc0, 
	0xb0, 0xa0, 0xd0, 0xe0, 0xd0, 0xc0, 0xd0, 0xe0, 
	0xe0, 0xe0, 0xe0, 0xf0, 0xe0, 0xd0, 0xe0, 0xf0, 
	0xe0, 0xe0, 0xf0, 0xf0, 0xe0, 0xe0, 0xe0, 0xf0, 
	0xe0, 0xe0, 0xf0, 0xe0, 0xe0, 0xe0, 0xf0, 0xe0, 
	0xd0, 0xc0, 0xd0, 0xd0, 0xd0, 0xd0, 0xd0, 0xd0, 
	0xe0, 0xe0, 0xe0, 0xd0, 0xd0, 0xf0, 0xf0, 0xf0, 
	0xe0, 0xd0, 0xe0, 0xf0, 0xf0, 0xf0, 0xf0, 0xf0, 
	0xf0, 0xf0, 0xe0, 0xc0, 0xc0, 0xd0, 0xe0, 0xe0, 
	0xc0, 0xb0, 0xb0, 0xd0, 0xc0, 0xc0, 0xc0, 0xd0, 
	0xe0, 0xd0, 0xd0, 0xe0, 0xe0, 0xe0, 0xe0, 0xe0, 
	0xe0, 0xf0, 0xe0, 0xd0, 0xe0, 0xf0, 0xe0, 0xe0, 
	0xe0, 0xf0, 0xf0, 0xf0, 0xe0, 0xe0, 0xf0, 0xf0, 
	0xf0, 0xe0, 0xe0, 0xf0, 0xe0, 0xd0, 0xd0, 0xd0, 
	0xe0, 0xe0, 0xe0, 0xe0, 0xe0, 0xe0, 0xe0, 0xe0, 
	0xf0, 0xf0, 0xf0, 0xe0, 0xf0, 0xf0, 0xf0, 0xf0, 
	0xf0, 0xf0, 0xf0, 0xd0, 0xd0, 0xe0, 0xe0, 0xd0, 
	0xf0, 0xf0, 0xd0, 0xc0, 0xc0, 0xd0, 0xd0, 0xe0, 
	0xe0, 0xc0, 0xd0, 0xe0, 0xe0, 0xe0, 0xe0, 0xd0, 
	0xe0, 0xf0, 0xe0, 0xd0, 0xf0, 0xf0, 0xd0, 0xd0, 
	0xe0, 0xe0, 0xf0, 0xf0, 0xf0, 0xf0, 0xf0, 0xf0, 
	0xf0, 0xf0, 0xf0, 0xf0, 0xe0, 0xe0, 0xe0, 0xe0, 
	0xe0, 0xe0, 0xe0, 0xf0, 0xf0, 0xe0, 0xd0, 0xd0, 
	0xe0, 0xe0, 0xe0, 0xe0, 0xe0, 0xf0, 0xe0, 0xe0, 
	0xf0, 0xf0, 0xf0, 0xe0, 0xe0, 0xe0, 0xd0, 0xd0, 
	0xe0, 0xe0, 0xd0, 0xc0, 0xc0, 0xc0, 0xc0, 0xd0, 
	0xd0, 0xe0, 0xe0, 0xe0, 0xd0, 0xe0, 0xe0, 0xd0, 
	0xc0, 0xd0, 0xd0, 0xe0, 0xf0, 0xe0, 0xd0, 0xd0, 
	0xe0, 0xf0, 0xf0, 0xf0, 0xf0, 0xf0, 0xf0, 0xf0, 
	0xf0, 0xf0, 0xf0, 0xf0, 0xf0, 0xf0, 0xf0, 0xe0, 
	0xd0, 0xe0, 0xf0, 0xf0, 0xf0, 0xf0, 0xd0, 0xd0, 
	0xd0, 0xd0, 0xd0, 0xd0, 0xd0, 0xd0, 0xd0, 0xe0, 
	0xe0, 0xe0, 0xe0, 0xf0, 0xf0, 0xe0, 0xc0, 0xd0, 
	0xd0, 0xd0, 0xd0, 0xc0, 0xd0, 0xc0, 0xc0, 0xd0, 
	0xe0, 0xf0, 0xf0, 0xe0, 0xe0, 0xe0, 0xd0, 0xd0, 
	0xb0, 0xb0, 0xd0, 0xf0, 0xe0, 0xe0, 0xd0, 0xd0, 
	0xe0, 0xe0, 0xe0, 0xe0, 0xf0, 0xf0, 0xf0, 0xf0, 
	0xf0, 0xe0, 0xf0, 0xf0, 0xf0, 0xf0, 0xf0, 0xe0, 
	0xe0, 0xe0, 0xe0, 0xe0, 0xe0, 0xe0, 0xd0, 0xd0, 
	0xd0, 0xd0, 0xd0, 0xd0, 0xd0, 0xd0, 0xd0, 0xd0, 
	0xe0, 0xe0, 0xf0, 0xf0, 0xf0, 0xf0, 0xd0, 0xd0, 
	0xd0, 0xd0, 0xd0, 0xd0, 0xd0, 0xd0, 0xd0, 0xd0, 
	0xd0, 0xf0, 0xe0, 0xd0, 0xf0, 0xf0, 0xf0, 0xe0, 
	0xb0, 0xa0, 0xd0, 0xf0, 0xd0, 0xc0, 0xc0, 0xd0, 
	0xd0, 0xe0, 0xe0, 0xe0, 0xe0, 0xf0, 0xf0, 0xf0, 
	0xe0, 0xe0, 0xe0, 0xf0, 0xf0, 0xf0, 0xf0, 0xe0, 
	0xe0, 0xe0, 0xd0, 0xb0, 0xc0, 0xd0, 0xd0, 0xc0, 
	0xc0, 0xd0, 0xd0, 0xd0, 0xe0, 0xd0, 0xd0, 0xd0, 
	0xe0, 0xf0, 0xf0, 0xf0, 0xf0, 0xf0, 0xe0, 0xd0, 
	0xd0, 0xd0, 0xd0, 0xe0, 0xe0, 0xe0, 0xd0, 0xc0, 
	0xd0, 0xe0, 0xe0, 0xd0, 0xf0, 0xf0, 0xe0, 0xd0, 
	0xc0, 0xb0, 0xb0, 0xd0, 0xc0, 0xa0, 0xb0, 0xc0, 
	0xd0, 0xc0, 0xd0, 0xd0, 0xf0, 0xf0, 0xf0, 0xf0, 
	0xf0, 0xe0, 0xf0, 0xe0, 0xe0, 0xe0, 0xe0, 0xe0, 
	0xe0, 0xe0, 0xe0, 0xc0, 0xd0, 0xd0, 0xc0, 0xc0, 
	0xc0, 0xc0, 0xd0, 0xe0, 0xf0, 0xf0, 0xd0, 0xd0, 
	0xf0, 0xf0, 0xf0, 0xe0, 0xe0, 0xf0, 0xf0, 0xe0, 
	0xe0, 0xe0, 0xf0, 0xf0, 0xf0, 0xf0, 0xe0, 0xd0, 
	0xe0, 0xe0, 0xe0, 0xe0, 0xe0, 0xe0, 0xd0, 0xd0, 
	0xf0, 0xf0, 0xd0, 0xc0, 0xc0, 0xb0, 0xa0, 0xb0, 
	0xc0, 0xc0, 0xc0, 0xd0, 0xd0, 0xe0, 0xe0, 0xe0, 
	0xd0, 0xd0, 0xe0, 0xd0, 0xe0, 0xe0, 0xe0, 0xd0, 
	0xe0, 0xd0, 0xe0, 0xd0, 0xd0, 0xc0, 0xa0, 0xb0, 
	0xc0, 0xd0, 0xd0, 0xe0, 0xf0, 0xf0, 0xe0, 0xe0, 
	0xe0, 0xe0, 0xe0, 0xe0, 0xe0, 0xf0, 0xf0, 0xf0, 
	0xd0, 0xe0, 0xf0, 0xf0, 0xf0, 0xf0, 0xe0, 0xd0, 
	0xe0, 0xd0, 0xd0, 0xf0, 0xe0, 0xd0, 0xd0, 0xd0, 
	0xe0, 0xe0, 0xd0, 0xc0, 0xc0, 0xc0, 0xb0, 0xb0, 
	0xb0, 0xc0, 0xc0, 0xc0, 0xd0, 0xe0, 0xe0, 0xd0, 
	0xd0, 0xe0, 0xd0, 0xe0, 0xe0, 0xe0, 0xe0, 0xd0, 
	0xd0, 0xd0, 0xd0, 0xd0, 0xd0, 0xb0, 0xb0, 0xc0, 
	0xd0, 0xc0, 0xd0, 0xd0, 0xd0, 0xe0, 0xe0, 0xf0, 
	0xe0, 0xe0, 0xf0, 0xf0, 0xf0, 0xf0, 0xf0, 0xe0, 
	0xd0, 0xd0, 0xe0, 0xe0, 0xe0, 0xe0, 0xf0, 0xf0, 
	0xd0, 0xd0, 0xe0, 0xf0, 0xe0, 0xd0, 0xd0, 0xd0, 
	0xd0, 0xc0, 0xd0, 0xc0, 0xc0, 0xd0, 0xd0, 0xc0, 
	0xa0, 0xb0, 0xc0, 0xc0, 0xd0, 0xe0, 0xe0, 0xd0, 
	0xe0, 0xd0, 0xc0, 0xc0, 0xc0, 0xc0, 0xc0, 0xd0, 
	0xd0, 0xc0, 0xc0, 0xe0, 0xc0, 0xc0, 0xd0, 0xd0, 
	0xd0, 0xc0, 0xc0, 0xd0, 0xd0, 0xd0, 0xd0, 0xd0, 
	0xd0, 0xe0, 0xf0, 0xf0, 0xf0, 0xf0, 0xe0, 0xc0, 
	0xe0, 0xd0, 0xd0, 0xe0, 0xd0, 0xe0, 0xe0, 0xd0, 
	0xd0, 0xc0, 0xd0, 0xd0, 0xd0, 0xd0, 0xe0, 0xe0, 
	0xd0, 0xd0, 0xd0, 0xd0, 0xc0, 0xd0, 0xe0, 0xd0, 
	0xb0, 0xb0, 0xc0, 0xd0, 0xd0, 0xf0, 0xf0, 0xe0, 
	0xf0, 0xd0, 0xb0, 0xb0, 0xb0, 0xb0, 0xc0, 0xc0, 
	0xc0, 0xb0, 0xc0, 0xc0, 0xc0, 0xd0, 0xf0, 0xf0, 
	0xd0, 0xd0, 0xd0, 0xe0, 0xf0, 0xf0, 0xd0, 0xd0, 
	0xe0, 0xe0, 0xf0, 0xf0, 0xf0, 0xf0, 0xd0, 0xd0, 
	0xe0, 0xc0, 0xc0, 0xe0, 0xf0, 0xf0, 0xd0, 0xd0, 
	0xe0, 0xd0, 0xc0, 0xc0, 0xd0, 0xd0, 0xd0, 0xc0, 
	0xd0, 0xd0, 0xc0, 0xc0, 0xc0, 0xc0, 0xc0, 0xc0, 
	0xd0, 0xc0, 0xc0, 0xd0, 0xd0, 0xe0, 0xf0, 0xe0, 
	0xe0, 0xd0, 0xc0, 0xc0, 0xc0, 0xc0, 0xc0, 0xc0, 
	0xc0, 0xc0, 0xc0, 0xc0, 0xc0, 0xd0, 0xe0, 0xe0, 
	0xd0, 0xc0, 0xc0, 0xd0, 0xf0, 0xf0, 0xd0, 0xe0, 
	0xf0, 0xe0, 0xf0, 0xe0, 0xe0, 0xf0, 0xe0, 0xf0, 
	0xe0, 0xd0, 0xd0, 0xf0, 0xf0, 0xf0, 0xd0, 0xe0, 
	0xe0, 0xd0, 0xd0, 0xc0, 0xd0, 0xc0, 0xc0, 0xb0, 
	0xb0, 0xd0, 0xd0, 0xd0, 0xc0, 0xc0, 0xc0, 0xc0, 
	0xc0, 0xc0, 0xc0, 0xd0, 0xd0, 0xe0, 0xe0, 0xe0, 
	0xd0, 0xd0, 0xc0, 0xc0, 0xd0, 0xe0, 0xd0, 0xd0, 
	0xc0, 0xb0, 0xb0, 0xc0, 0xd0, 0xd0, 0xd0, 0xd0, 
	0xc0, 0xd0, 0xd0, 0xd0, 0xe0, 0xe0, 0xc0, 0xe0, 
	0xf0, 0xf0, 0xe0, 0xe0, 0xe0, 0xf0, 0xf0, 0xf0, 
	0xf0, 0xe0, 0xf0, 0xf0, 0xf0, 0xe0, 0xc0, 0xd0, 
	0xe0, 0xe0, 0xd0, 0xd0, 0xd0, 0xc0, 0xc0, 0xb0, 
	0xa0, 0xc0, 0xd0, 0xd0, 0xc0, 0xc0, 0xc0, 0xc0, 
	0xc0, 0xb0, 0xb0, 0xd0, 0xe0, 0xf0, 0xf0, 0xe0, 
	0xe0, 0xe0, 0xd0, 0xe0, 0xe0, 0xe0, 0xd0, 0xd0, 
	0xc0, 0xc0, 0xc0, 0xd0, 0xe0, 0xe0, 0xd0, 0xd0, 
	0xd0, 0xd0, 0xd0, 0xd0, 0xe0, 0xd0, 0xc0, 0xd0, 
	0xe0, 0xe0, 0xe0, 0xe0, 0xe0, 0xe0, 0xe0, 0xe0, 
	0xf0, 0xf0, 0xf0, 0xf0, 0xf0, 0xd0, 0xc0, 0xc0, 
	0xd0, 0xd0, 0xd0, 0xd0, 0xd0, 0xc0, 0xd0, 0xc0, 
	0xb0, 0xd0, 0xe0, 0xd0, 0xc0, 0xb0, 0xc0, 0xc0, 
	0xc0, 0xc0, 0xd0, 0xd0, 0xd0, 0xe0, 0xf0, 0xf0, 
	0xe0, 0xe0, 0xd0, 0xe0, 0xd0, 0xd0, 0xc0, 0xc0, 
	0xd0, 0xd0, 0xc0, 0xe0, 0xf0, 0xe0, 0xe0, 0xe0, 
	0xe0, 0xe0, 0xe0, 0xf0, 0xd0, 0xd0, 0xd0, 0xd0, 
	0xc0, 0xe0, 0xf0, 0xe0, 0xd0, 0xd0, 0xd0, 0xe0, 
	0xf0, 0xf0, 0xf0, 0xe0, 0xe0, 0xd0, 0xd0, 0xd0, 
	0xd0, 0xc0, 0xd0, 0xe0, 0xe0, 0xd0, 0xe0, 0xf0, 
	0xe0, 0xd0, 0xd0, 0xd0, 0xd0, 0xc0, 0xc0, 0xd0, 
	0xc0, 0xc0, 0xd0, 0xd0, 0xc0, 0xc0, 0xe0, 0xe0, 
	0xe0, 0xf0, 0xf0, 0xe0, 0xd0, 0xd0, 0xd0, 0xe0, 
	0xf0, 0xd0, 0xd0, 0xd0, 0xe0, 0xf0, 0xf0, 0xe0, 
	0xd0, 0xe0, 0xe0, 0xf0, 0xf0, 0xe0, 0xd0, 0xd0, 
	0xd0, 0xe0, 0xf0, 0xe0, 0xc0, 0xc0, 0xc0, 0xd0, 
	0xd0, 0xe0, 0xe0, 0xe0, 0xe0, 0xe0, 0xe0, 0xe0, 
	0xd0, 0xc0, 0xc0, 0xd0, 0xd0, 0xe0, 0xf0, 0xf0, 
	0xe0, 0xb0, 0xb0, 0xd0, 0xe0, 0xe0, 0xd0, 0xc0, 
	0xd0, 0xd0, 0xd0, 0xd0, 0xd0, 0xb0, 0xc0, 0xd0, 
	0xd0, 0xd0, 0xd0, 0xd0, 0xd0, 0xc0, 0xd0, 0xd0, 
	0xe0, 0xd0, 0xd0, 0xd0, 0xd0, 0xf0, 0xf0, 0xe0, 
	0xd0, 0xe0, 0xe0, 0xf0, 0xe0, 0xe0, 0xe0, 0xd0, 
	0xe0, 0xe0, 0xe0, 0xd0, 0xc0, 0xb0, 0xc0, 0xd0, 
	0xb0, 0xc0, 0xd0, 0xd0, 0xd0, 0xc0, 0xc0, 0xd0, 
	0xc0, 0xc0, 0xd0, 0xc0, 0xd0, 0xe0, 0xe0, 0xe0, 
	0xc0, 0xb0, 0xc0, 0xd0, 0xe0, 0xe0, 0xd0, 0xd0, 
	0xc0, 0xd0, 0xc0, 0xd0, 0xc0, 0xb0, 0xc0, 0xc0, 
	0xc0, 0xd0, 0xe0, 0xf0, 0xf0, 0xe0, 0xe0, 0xe0, 
	0xe0, 0xd0, 0xc0, 0xc0, 0xd0, 0xe0, 0xe0, 0xe0, 
	0xe0, 0xf0, 0xf0, 0xf0, 0xe0, 0xe0, 0xe0, 0xd0, 
	0xe0, 0xe0, 0xc0, 0xc0, 0xb0, 0xa0, 0xb0, 0xb0, 
	0xb0, 0xc0, 0xd0, 0xd0, 0xb0, 0xb0, 0xb0, 0xb0, 
	0xb0, 0xc0, 0xc0, 0xc0, 0xd0, 0xe0, 0xd0, 0xc0, 
	0xb0, 0xd0, 0xe0, 0xf0, 0xe0, 0xd0, 0xc0, 0xc0, 
	0xc0, 0xd0, 0xc0, 0xc0, 0xc0, 0xb0, 0xc0, 0xc0, 
	0xc0, 0xd0, 0xf0, 0xf0, 0xf0, 0xf0, 0xf0, 0xf0, 
	0xf0, 0xe0, 0xc0, 0xc0, 0xd0, 0xc0, 0xd0, 0xe0, 
	0xe0, 0xf0, 0xf0, 0xf0, 0xe0, 0xe0, 0xf0, 0xd0, 
	0xc0, 0xc0, 0xa0, 0xb0, 0xb0, 0xc0, 0xb0, 0xc0, 
	0xc0, 0xd0, 0xd0, 0xc0, 0xa0, 0xa0, 0xa0, 0xa0, 
	0xb0, 0xb0, 0xb0, 0xc0, 0xd0, 0xc0, 0xc0, 0xd0, 
	0xe0, 0xf0, 0xf0, 0xe0, 0xd0, 0xb0, 0xa0, 0xb0, 
	0xb0, 0xc0, 0xc0, 0xc0, 0xc0, 0xc0, 0xd0, 0xc0, 
	0xd0, 0xe0, 0xf0, 0xf0, 0xf0, 0xf0, 0xf0, 0xe0, 
	0xe0, 0xe0, 0xd0, 0xc0, 0xc0, 0xb0, 0xb0, 0xd0, 
	0xe0, 0xe0, 0xf0, 0xf0, 0xf0, 0xf0, 0xf0, 0xd0, 
	0xc0, 0xb0, 0xa0, 0xb0, 0xc0, 0xd0, 0xd0, 0xd0, 
	0xd0, 0xd0, 0xc0, 0xa0, 0xa0, 0xb0, 0xb0, 0xb0, 
	0xb0, 0xb0, 0xb0, 0xb0, 0xb0, 0xc0, 0xc0, 0xe0, 
	0xf0, 0xf0, 0xe0, 0xd0, 0xd0, 0xc0, 0xb0, 0xb0, 
	0xc0, 0xb0, 0xc0, 0xb0, 0xc0, 0xe0, 0xe0, 0xd0, 
	0xd0, 0xd0, 0xf0, 0xf0, 0xf0, 0xf0, 0xe0, 0xe0, 
	0xe0, 0xe0, 0xe0, 0xd0, 0xc0, 0xb0, 0xa0, 0xc0, 
	0xd0, 0xd0, 0xd0, 0xe0, 0xe0, 0xf0, 0xf0, 0xd0, 
	0xc0, 0xb0, 0xb0, 0xc0, 0xc0, 0xe0, 0xe0, 0xe0, 
	0xd0, 0xd0, 0xb0, 0xb0, 0xc0, 0xd0, 0xc0, 0xc0, 
	0xd0, 0xc0, 0xb0, 0xb0, 0xa0, 0xb0, 0xc0, 0xc0, 
	0xd0, 0xc0, 0xc0, 0xc0, 0xc0, 0xd0, 0xc0, 0xb0, 
	0xb0, 0xa0, 0xa0, 0xa0, 0xc0, 0xd0, 0xe0, 0xe0, 
	0xe0, 0xe0, 0xf0, 0xf0, 0xf0, 0xe0, 0xd0, 0xd0, 
	0xe0, 0xf0, 0xe0, 0xe0, 0xc0, 0xb0, 0xb0, 0xc0, 
	0xd0, 0xc0, 0xc0, 0xe0, 0xd0, 0xd0, 0xe0, 0xd0, 
	0xc0, 0xb0, 0xc0, 0xb0, 0xb0, 0xc0, 0xd0, 0xd0, 
	0xe0, 0xc0, 0xc0, 0xd0, 0xd0, 0xd0, 0xc0, 0xc0, 
	0xd0, 0xd0, 0xc0, 0xb0, 0xa0, 0xb0, 0xb0, 0xa0, 
	0xa0, 0xc0, 0xc0, 0xc0, 0xc0, 0xc0, 0xc0, 0xb0, 
	0x90, 0x80, 0x90, 0xa0, 0xc0, 0xd0, 0xe0, 0xe0, 
	0xf0, 0xf0, 0xf0, 0xf0, 0xf0, 0xf0, 0xe0, 0xd0, 
	0xe0, 0xf0, 0xe0, 0xc0, 0xb0, 0xc0, 0xc0, 0xc0, 
	0xe0, 0xe0, 0xd0, 0xd0, 0xd0, 0xd0, 0xc0, 0xc0, 
	0xc0, 0xb0, 0xa0, 0xa0, 0xb0, 0xc0, 0xb0, 0xc0, 
	0xc0, 0xc0, 0xd0, 0xf0, 0xf0, 0xd0, 0xd0, 0xd0, 
	0xe0, 0xe0, 0xc0, 0xa0, 0xb0, 0xb0, 0xa0, 0xb0, 
	0xc0, 0xd0, 0xd0, 0xc0, 0xb0, 0xb0, 0xb0, 0xa0, 
	0x80, 0x90, 0xa0, 0xb0, 0xb0, 0xb0, 0xc0, 0xc0, 
	0xe0, 0xe0, 0xf0, 0xf0, 0xf0, 0xf0, 0xf0, 0xf0, 
	0xe0, 0xe0, 0xe0, 0xc0, 0xa0, 0xc0, 0xc0, 0xc0, 
	0xe0, 0xf0, 0xd0, 0xd0, 0xd0, 0xd0, 0xd0, 0xd0, 
	0xd0, 0xc0, 0xa0, 0xa0, 0xc0, 0xc0, 0xb0, 0xc0, 
	0xc0, 0xc0, 0xd0, 0xe0, 0xe0, 0xd0, 0xc0, 0xc0, 
	0xc0, 0xe0, 0xd0, 0xb0, 0xc0, 0xc0, 0xb0, 0xd0, 
	0xe0, 0xe0, 0xd0, 0xc0, 0xb0, 0xb0, 0xb0, 0xa0, 
	0x90, 0xa0, 0xb0, 0xb0, 0xb0, 0xa0, 0xa0, 0xb0, 
	0xd0, 0xd0, 0xe0, 0xf0, 0xf0, 0xf0, 0xf0, 0xf0, 
	0xf0, 0xe0, 0xe0, 0xd0, 0xb0, 0xb0, 0xb0, 0xc0, 
	0xd0, 0xd0, 0xc0, 0xd0, 0xe0, 0xe0, 0xe0, 0xe0, 
	0xf0, 0xf0, 0xe0, 0xd0, 0xd0, 0xc0, 0xc0, 0xc0, 
	0xc0, 0xd0, 0xd0, 0xd0, 0xd0, 0xc0, 0xd0, 0xd0, 
	0xc0, 0xd0, 0xd0, 0xb0, 0xc0, 0xd0, 0xc0, 0xc0, 
	0xd0, 0xc0, 0xc0, 0xd0, 0xc0, 0xc0, 0xb0, 0xa0, 
	0xb0, 0xb0, 0xb0, 0xc0, 0xc0, 0xc0, 0xb0, 0xc0, 
	0xd0, 0xe0, 0xe0, 0xe0, 0xe0, 0xf0, 0xf0, 0xf0, 
	0xf0, 0xe0, 0xe0, 0xe0, 0xe0, 0xc0, 0xb0, 0xc0, 
	0xc0, 0xd0, 0xc0, 0xc0, 0xe0, 0xf0, 0xf0, 0xf0, 
	0xf0, 0xf0, 0xf0, 0xf0, 0xe0, 0xc0, 0xb0, 0xb0, 
	0xd0, 0xd0, 0xe0, 0xd0, 0xd0, 0xd0, 0xd0, 0xd0, 
	0xd0, 0xc0, 0xc0, 0xc0, 0xb0, 0xc0, 0xc0, 0xc0, 
	0xc0, 0xb0, 0xb0, 0xd0, 0xe0, 0xd0, 0xc0, 0xb0, 
	0xb0, 0xb0, 0xc0, 0xc0, 0xd0, 0xd0, 0xc0, 0xc0, 
	0xd0, 0xe0, 0xd0, 0xd0, 0xe0, 0xf0, 0xf0, 0xf0, 
	0xe0, 0xd0, 0xd0, 0xe0, 0xf0, 0xe0, 0xc0, 0xc0, 
	0xd0, 0xd0, 0xd0, 0xd0, 0xe0, 0xf0, 0xf0, 0xf0, 
	0xf0, 0xf0, 0xf0, 0xf0, 0xd0, 0xc0, 0xc0, 0xc0, 
	0xe0, 0xe0, 0xf0, 0xf0, 0xe0, 0xe0, 0xe0, 0xe0, 
	0xf0, 0xd0, 0xc0, 0xc0, 0xb0, 0xc0, 0xd0, 0xd0, 
	0xc0, 0xb0, 0xc0, 0xe0, 0xf0, 0xd0, 0xc0, 0xc0, 
	0xc0, 0xb0, 0xb0, 0xc0, 0xd0, 0xd0, 0xc0, 0xc0, 
	0xd0, 0xd0, 0xe0, 0xe0, 0xe0, 0xf0, 0xe0, 0xe0, 
	0xd0, 0xc0, 0xc0, 0xd0, 0xe0, 0xe0, 0xd0, 0xc0, 
	0xd0, 0xe0, 0xe0, 0xe0, 0xd0, 0xe0, 0xe0, 0xf0, 
	0xf0, 0xe0, 0xe0, 0xd0, 0xc0, 0xd0, 0xd0, 0xd0, 
	0xe0, 0xf0, 0xf0, 0xf0, 0xf0, 0xf0, 0xf0, 0xf0, 
	0xf0, 0xe0, 0xe0, 0xd0, 0xc0, 0xc0, 0xd0, 0xe0, 
	0xe0, 0xe0, 0xe0, 0xe0, 0xf0, 0xd0, 0xb0, 0xc0, 
	0xd0, 0xb0, 0xb0, 0xc0, 0xd0, 0xe0, 0xd0, 0xc0, 
	0xd0, 0xe0, 0xf0, 0xf0, 0xf0, 0xf0, 0xe0, 0xd0, 
	0xd0, 0xd0, 0xe0, 0xe0, 0xe0, 0xd0, 0xc0, 0xd0, 
	0xf0, 0xf0, 0xd0, 0xc0, 0xc0, 0xd0, 0xe0, 0xf0, 
	0xe0, 0xe0, 0xf0, 0xe0, 0xd0, 0xd0, 0xd0, 0xe0, 
	0xf0, 0xf0, 0xf0, 0xf0, 0xf0, 0xf0, 0xf0, 0xf0, 
	0xe0, 0xe0, 0xe0, 0xe0, 0xd0, 0xc0, 0xc0, 0xe0, 
	0xf0, 0xf0, 0xe0, 0xd0, 0xe0, 0xd0, 0xb0, 0xc0, 
	0xd0, 0xc0, 0xc0, 0xc0, 0xe0, 0xe0, 0xe0, 0xd0, 
	0xc0, 0xe0, 0xf0, 0xf0, 0xe0, 0xe0, 0xe0, 0xe0, 
	0xd0, 0xd0, 0xd0, 0xe0, 0xe0, 0xc0, 0xc0, 0xd0, 
	0xe0, 0xe0, 0xd0, 0xc0, 0xc0, 0xc0, 0xd0, 0xd0, 
	0xd0, 0xd0, 0xe0, 0xe0, 0xd0, 0xd0, 0xe0, 0xe0, 
	0xf0, 0xf0, 0xf0, 0xf0, 0xf0, 0xf0, 0xf0, 0xe0, 
	0xe0, 0xd0, 0xe0, 0xe0, 0xe0, 0xc0, 0xc0, 0xe0, 
	0xf0, 0xf0, 0xf0, 0xe0, 0xe0, 0xe0, 0xc0, 0xc0, 
	0xc0, 0xd0, 0xd0, 0xd0, 0xe0, 0xf0, 0xe0, 0xe0, 
	0xe0, 0xe0, 0xe0, 0xd0, 0xd0, 0xe0, 0xf0, 0xf0, 
	0xe0, 0xe0, 0xe0, 0xe0, 0xe0, 0xe0, 0xe0, 0xf0, 
	0xe0, 0xd0, 0xd0, 0xc0, 0xc0, 0xc0, 0xd0, 0xe0, 
	0xe0, 0xe0, 0xe0, 0xf0, 0xd0, 0xe0, 0xe0, 0xf0, 
	0xe0, 0xe0, 0xe0, 0xf0, 0xf0, 0xf0, 0xe0, 0xe0, 
	0xe0, 0xe0, 0xe0, 0xf0, 0xe0, 0xd0, 0xd0, 0xe0, 
	0xf0, 0xf0, 0xf0, 0xe0, 0xe0, 0xf0, 0xe0, 0xd0, 
	0xd0, 0xe0, 0xd0, 0xd0, 0xe0, 0xe0, 0xe0, 0xe0, 
	0xe0, 0xd0, 0xd0, 0xc0, 0xc0, 0xd0, 0xf0, 0xf0, 
	0xf0, 0xf0, 0xe0, 0xd0, 0xe0, 0xf0, 0xf0, 0xf0, 
	0xe0, 0xc0, 0xd0, 0xd0, 0xc0, 0xc0, 0xd0, 0xe0, 
	0xd0, 0xd0, 0xe0, 0xe0, 0xe0, 0xf0, 0xf0, 0xe0, 
	0xc0, 0xd0, 0xd0, 0xf0, 0xf0, 0xe0, 0xf0, 0xf0, 
	0xf0, 0xf0, 0xf0, 0xf0, 0xf0, 0xf0, 0xf0, 0xe0, 
	0xe0, 0xf0, 0xf0, 0xe0, 0xd0, 0xe0, 0xf0, 0xe0, 
	0xe0, 0xf0, 0xe0, 0xe0, 0xe0, 0xd0, 0xd0, 0xd0, 
	0xd0, 0xd0, 0xd0, 0xb0, 0xc0, 0xd0, 0xe0, 0xf0, 
	0xf0, 0xe0, 0xe0, 0xe0, 0xe0, 0xf0, 0xf0, 0xf0, 
	0xd0, 0xc0, 0xc0, 0xd0, 0xd0, 0xd0, 0xc0, 0xd0, 
	0xd0, 0xc0, 0xd0, 0xe0, 0xf0, 0xf0, 0xf0, 0xe0, 
	0xc0, 0xc0, 0xd0, 0xe0, 0xf0, 0xf0, 0xf0, 0xf0, 
	0xf0, 0xf0, 0xf0, 0xf0, 0xf0, 0xf0, 0xf0, 0xe0, 
	0xd0, 0xf0, 0xf0, 0xe0, 0xd0, 0xd0, 0xe0, 0xe0, 
	0xf0, 0xf0, 0xf0, 0xf0, 0xf0, 0xc0, 0xc0, 0xd0, 
	0xe0, 0xd0, 0xc0, 0xb0, 0xb0, 0xc0, 0xe0, 0xf0, 
	0xf0, 0xd0, 0xd0, 0xe0, 0xe0, 0xf0, 0xf0, 0xd0, 
	0xd0, 0xd0, 0xc0, 0xc0, 0xd0, 0xc0, 0xb0, 0xd0, 
	0xc0, 0xb0, 0xc0, 0xe0, 0xf0, 0xf0, 0xf0, 0xf0, 
	0xd0, 0xc0, 0xc0, 0xc0, 0xd0, 0xf0, 0xf0, 0xf0, 
	0xf0, 0xe0, 0xd0, 0xe0, 0xf0, 0xf0, 0xe0, 0xe0, 
	0xd0, 0xf0, 0xf0, 0xf0, 0xe0, 0xd0, 0xe0, 0xf0, 
	0xf0, 0xf0, 0xf0, 0xf0, 0xe0, 0xc0, 0xc0, 0xd0, 
	0xd0, 0xc0, 0xc0, 0xc0, 0xb0, 0xc0, 0xe0, 0xf0, 
	0xf0, 0xe0, 0xe0, 0xe0, 0xe0, 0xe0, 0xe0, 0xd0, 
	0xe0, 0xe0, 0xd0, 0xd0, 0xd0, 0xd0, 0xd0, 0xd0, 
	0xd0, 0xb0, 0xb0, 0xc0, 0xd0, 0xe0, 0xe0, 0xf0, 
	0xe0, 0xd0, 0xd0, 0xd0, 0xd0, 0xf0, 0xf0, 0xf0, 
	0xf0, 0xe0, 0xd0, 0xe0, 0xe0, 0xe0, 0xf0, 0xf0, 
	0xe0, 0xe0, 0xf0, 0xf0, 0xf0, 0xd0, 0xc0, 0xe0, 
	0xd0, 0xe0, 0xf0, 0xf0, 0xe0, 0xc0, 0xc0, 0xd0, 
	0xd0, 0xd0, 0xf0, 0xe0, 0xc0, 0xd0, 0xe0, 0xe0, 
	0xf0, 0xf0, 0xf0, 0xf0, 0xe0, 0xd0, 0xd0, 0xe0, 
	0xf0, 0xe0, 0xd0, 0xd0, 0xc0, 0xd0, 0xe0, 0xd0, 
	0xd0, 0xb0, 0xc0, 0xc0, 0xd0, 0xe0, 0xe0, 0xe0, 
	0xf0, 0xe0, 0xe0, 0xf0, 0xe0, 0xe0, 0xf0, 0xf0, 
	0xd0, 0xd0, 0xe0, 0xe0, 0xf0, 0xe0, 0xe0, 0xe0, 
	0xe0, 0xd0, 0xe0, 0xf0, 0xf0, 0xe0, 0xc0, 0xe0, 
	0xe0, 0xe0, 0xe0, 0xe0, 0xd0, 0xd0, 0xb0, 0xc0, 
	0xd0, 0xe0, 0xf0, 0xf0, 0xf0, 0xf0, 0xd0, 0xd0, 
	0xf0, 0xf0, 0xf0, 0xf0, 0xd0, 0xd0, 0xe0, 0xf0, 
	0xe0, 0xc0, 0xc0, 0xb0, 0xb0, 0xc0, 0xd0, 0xd0, 
	0xd0, 0xd0, 0xd0, 0xe0, 0xe0, 0xe0, 0xf0, 0xf0, 
	0xf0, 0xe0, 0xf0, 0xf0, 0xf0, 0xf0, 0xf0, 0xe0, 
	0xe0, 0xf0, 0xf0, 0xf0, 0xf0, 0xf0, 0xf0, 0xd0, 
	0xc0, 0xc0, 0xd0, 0xe0, 0xe0, 0xe0, 0xd0, 0xe0, 
	0xe0, 0xe0, 0xe0, 0xd0, 0xd0, 0xd0, 0xb0, 0xa0, 
	0xc0, 0xe0, 0xf0, 0xf0, 0xf0, 0xf0, 0xd0, 0xc0, 
	0xc0, 0xe0, 0xf0, 0xf0, 0xe0, 0xd0, 0xe0, 0xe0, 
	0xe0, 0xc0, 0xc0, 0xb0, 0xb0, 0xb0, 0xc0, 0xc0, 
	0xd0, 0xf0, 0xf0, 0xf0, 0xf0, 0xf0, 0xf0, 0xf0, 
	0xf0, 0xf0, 0xf0, 0xf0, 0xf0, 0xf0, 0xe0, 0xf0, 
	0xf0, 0xf0, 0xf0, 0xf0, 0xf0, 0xf0, 0xf0, 0xe0, 
	0xc0, 0xc0, 0xc0, 0xc0, 0xd0, 0xe0, 0xe0, 0xf0, 
	0xf0, 0xe0, 0xd0, 0xc0, 0xb0, 0xc0, 0xc0, 0xb0, 
	0xc0, 0xd0, 0xe0, 0xe0, 0xf0, 0xf0, 0xf0, 0xe0, 
	0xd0, 0xd0, 0xd0, 0xe0, 0xe0, 0xd0, 0xd0, 0xd0, 
	0xe0, 0xd0, 0xc0, 0xc0, 0xc0, 0xc0, 0xa0, 0xb0, 
	0xd0, 0xe0, 0xf0, 0xf0, 0xf0, 0xf0, 0xf0, 0xf0, 
	0xf0, 0xf0, 0xf0, 0xf0, 0xf0, 0xf0, 0xf0, 0xf0, 
	0xf0, 0xf0, 0xf0, 0xf0, 0xf0, 0xe0, 0xe0, 0xe0, 
	0xd0, 0xc0, 0xc0, 0xb0, 0xb0, 0xd0, 0xe0, 0xe0, 
	0xe0, 0xe0, 0xd0, 0xc0, 0xb0, 0xd0, 0xe0, 0xd0, 
	0xb0, 0xb0, 0xc0, 0xd0, 0xd0, 0xe0, 0xf0, 0xf0, 
	0xe0, 0xe0, 0xd0, 0xc0, 0xe0, 0xd0, 0xc0, 0xd0, 
	0xe0, 0xe0, 0xd0, 0xd0, 0xd0, 0xc0, 0xb0, 0xc0, 
	0xd0, 0xe0, 0xf0, 0xf0, 0xf0, 0xf0, 0xf0, 0xf0, 
	0xf0, 0xf0, 0xf0, 0xf0, 0xf0, 0xf0, 0xf0, 0xe0, 
	0xf0, 0xf0, 0xf0, 0xf0, 0xe0, 0xe0, 0xe0, 0xe0, 
	0xe0, 0xd0, 0xc0, 0xb0, 0xa0, 0xc0, 0xd0, 0xc0, 
	0xc0, 0xd0, 0xc0, 0xb0, 0xc0, 0xe0, 0xf0, 0xd0, 
	0xb0, 0xb0, 0xb0, 0xb0, 0xc0, 0xd0, 0xe0, 0xe0, 
	0xe0, 0xe0, 0xd0, 0xd0, 0xe0, 0xe0, 0xc0, 0xc0, 
	0xd0, 0xe0, 0xe0, 0xd0, 0xd0, 0xc0, 0xc0, 0xc0, 
	0xe0, 0xf0, 0xf0, 0xf0, 0xf0, 0xf0, 0xf0, 0xf0, 
	0xe0, 0xe0, 0xe0, 0xf0, 0xf0, 0xf0, 0xf0, 0xf0, 
	0xf0, 0xf0, 0xf0, 0xe0, 0xd0, 0xd0, 0xe0, 0xf0, 
	0xe0, 0xe0, 0xc0, 0xb0, 0xb0, 0xc0, 0xd0, 0xc0, 
	0xb0, 0xb0, 0xb0, 0xb0, 0xd0, 0xe0, 0xe0, 0xd0, 
	0xd0, 0xd0, 0xb0, 0xa0, 0xc0, 0xd0, 0xd0, 0xc0, 
	0xc0, 0xd0, 0xe0, 0xe0, 0xe0, 0xf0, 0xe0, 0xe0, 
	0xe0, 0xe0, 0xe0, 0xd0, 0xd0, 0xd0, 0xe0, 0xd0, 
	0xe0, 0xf0, 0xf0, 0xe0, 0xe0, 0xf0, 0xf0, 0xf0, 
	0xe0, 0xf0, 0xf0, 0xf0, 0xf0, 0xf0, 0xf0, 0xf0, 
	0xf0, 0xf0, 0xf0, 0xf0, 0xe0, 0xd0, 0xe0, 0xf0, 
	0xe0, 0xc0, 0xb0, 0xc0, 0xc0, 0xc0, 0xd0, 0xd0, 
	0xc0, 0xc0, 0xc0, 0xd0, 0xe0, 0xe0, 0xd0, 0xd0, 
	0xe0, 0xe0, 0xc0, 0xc0, 0xd0, 0xd0, 0xd0, 0xd0, 
	0xc0, 0xc0, 0xd0, 0xe0, 0xd0, 0xf0, 0xf0, 0xf0, 
	0xf0, 0xf0, 0xf0, 0xf0, 0xf0, 0xf0, 0xf0, 0xe0, 
	0xe0, 0xe0, 0xf0, 0xe0, 0xe0, 0xe0, 0xe0, 0xf0, 
	
};

Gfx rsdm_vine1_ci8_aligner[] = {gsSPEndDisplayList()};
u8 rsdm_vine1_ci8[] = {
	0x00, 0x01, 0x02, 0x03, 0x04, 0x05, 0x06, 0x06, 
	0x07, 0x08, 0x00, 0x09, 0x0a, 0x0b, 0x0b, 0x0b, 
	0x0b, 0x0b, 0x0b, 0x0b, 0x0c, 0x0c, 0x0b, 0x0b, 
	0x0b, 0x0b, 0x0b, 0x0b, 0x0b, 0x0b, 0x0b, 0x0d, 
	0x0e, 0x0f, 0x07, 0x10, 0x0d, 0x06, 0x0b, 0x0b, 
	0x09, 0x0d, 0x02, 0x11, 0x12, 0x0b, 0x0b, 0x0b, 
	0x0b, 0x0b, 0x0b, 0x13, 0x13, 0x14, 0x15, 0x16, 
	0x17, 0x18, 0x0b, 0x0b, 0x0b, 0x0b, 0x06, 0x19, 
	0x01, 0x07, 0x0f, 0x1a, 0x04, 0x10, 0x12, 0x0b, 
	0x06, 0x06, 0x1b, 0x1c, 0x1b, 0x0b, 0x0b, 0x0b, 
	0x1d, 0x0a, 0x05, 0x1e, 0x0f, 0x02, 0x0d, 0x1f, 
	0x13, 0x20, 0x19, 0x0b, 0x0b, 0x0b, 0x21, 0x22, 
	0x02, 0x0f, 0x0e, 0x1a, 0x07, 0x23, 0x24, 0x0b, 
	0x0b, 0x18, 0x25, 0x26, 0x0a, 0x0b, 0x0b, 0x27, 
	0x28, 0x02, 0x29, 0x2a, 0x20, 0x26, 0x15, 0x2b, 
	0x2c, 0x2d, 0x2e, 0x13, 0x0b, 0x0b, 0x1c, 0x04, 
	0x2f, 0x30, 0x31, 0x07, 0x04, 0x0e, 0x32, 0x33, 
	0x0b, 0x0b, 0x11, 0x34, 0x0a, 0x0a, 0x35, 0x36, 
	0x37, 0x25, 0x08, 0x20, 0x12, 0x1c, 0x38, 0x39, 
	0x3a, 0x1a, 0x3b, 0x3c, 0x0b, 0x0b, 0x0b, 0x3d, 
	0x0b, 0x3e, 0x3f, 0x15, 0x08, 0x31, 0x0e, 0x07, 
	0x0b, 0x0b, 0x15, 0x0a, 0x3d, 0x0a, 0x40, 0x29, 
	0x41, 0x26, 0x30, 0x15, 0x42, 0x0a, 0x1b, 0x12, 
	0x12, 0x13, 0x2e, 0x43, 0x0b, 0x0b, 0x0b, 0x0b, 
	0x0b, 0x19, 0x03, 0x44, 0x45, 0x33, 0x46, 0x12, 
	0x0b, 0x0b, 0x0b, 0x42, 0x03, 0x47, 0x48, 0x49, 
	0x0a, 0x4a, 0x02, 0x26, 0x4b, 0x0f, 0x10, 0x4a, 
	0x10, 0x0f, 0x4c, 0x4d, 0x0b, 0x0b, 0x0b, 0x0b, 
	0x0b, 0x0b, 0x4e, 0x2f, 0x4f, 0x33, 0x02, 0x0b, 
	0x0b, 0x0b, 0x0b, 0x0b, 0x15, 0x3d, 0x0d, 0x0a, 
	0x0b, 0x0b, 0x26, 0x0f, 0x30, 0x50, 0x04, 0x3d, 
	0x10, 0x07, 0x51, 0x22, 0x0b, 0x0b, 0x0b, 0x0b, 
	0x0b, 0x0b, 0x0b, 0x12, 0x15, 0x23, 0x12, 0x0b, 
	0x0b, 0x0b, 0x0b, 0x0b, 0x0b, 0x0b, 0x0b, 0x0b, 
	0x0b, 0x0b, 0x0b, 0x52, 0x50, 0x53, 0x20, 0x03, 
	0x2f, 0x19, 0x54, 0x06, 0x0b, 0x0b, 0x0b, 0x0b, 
	0x0b, 0x0b, 0x0b, 0x0b, 0x07, 0x38, 0x0b, 0x0b, 
	0x0b, 0x0b, 0x55, 0x56, 0x0b, 0x0b, 0x0b, 0x0b, 
	0x0b, 0x0b, 0x0b, 0x0b, 0x53, 0x53, 0x20, 0x57, 
	0x58, 0x59, 0x5a, 0x0b, 0x0b, 0x0b, 0x0b, 0x0b, 
	0x0b, 0x0b, 0x0b, 0x5b, 0x33, 0x44, 0x2f, 0x0b, 
	0x0b, 0x2c, 0x14, 0x5c, 0x06, 0x0b, 0x0b, 0x0b, 
	0x0b, 0x0b, 0x0b, 0x0b, 0x53, 0x5d, 0x15, 0x5e, 
	0x5f, 0x60, 0x1d, 0x0b, 0x0b, 0x0b, 0x0b, 0x0b, 
	0x0b, 0x0b, 0x16, 0x1a, 0x31, 0x33, 0x15, 0x0b, 
	0x0b, 0x30, 0x61, 0x01, 0x1c, 0x62, 0x63, 0x15, 
	0x1e, 0x0b, 0x0b, 0x0b, 0x35, 0x64, 0x18, 0x65, 
	0x57, 0x66, 0x58, 0x0b, 0x0b, 0x0b, 0x0b, 0x0b, 
	0x0b, 0x0b, 0x19, 0x33, 0x67, 0x0e, 0x1c, 0x10, 
	0x46, 0x68, 0x33, 0x19, 0x1b, 0x02, 0x07, 0x1b, 
	0x30, 0x0e, 0x0b, 0x0b, 0x38, 0x37, 0x06, 0x0b, 
	0x65, 0x69, 0x60, 0x58, 0x0b, 0x0b, 0x0b, 0x0b, 
	0x0b, 0x0b, 0x22, 0x6a, 0x31, 0x0f, 0x10, 0x5c, 
	0x68, 0x35, 0x5c, 0x6b, 0x6c, 0x08, 0x15, 0x3d, 
	0x50, 0x5d, 0x36, 0x0b, 0x0b, 0x04, 0x0b, 0x0b, 
	0x0b, 0x6d, 0x6e, 0x58, 0x0b, 0x0b, 0x0b, 0x0b, 
	0x0b, 0x0b, 0x17, 0x6f, 0x70, 0x05, 0x10, 0x0f, 
	0x71, 0x56, 0x72, 0x73, 0x74, 0x17, 0x0b, 0x18, 
	0x01, 0x75, 0x76, 0x0b, 0x0b, 0x0b, 0x0b, 0x0b, 
	0x0b, 0x77, 0x78, 0x6e, 0x58, 0x0b, 0x0b, 0x0b, 
	0x0b, 0x0b, 0x0b, 0x34, 0x6e, 0x66, 0x59, 0x10, 
	0x12, 0x79, 0x7a, 0x7b, 0x1e, 0x0b, 0x0b, 0x0b, 
	0x15, 0x04, 0x49, 0x0b, 0x0b, 0x0b, 0x0b, 0x0b, 
	0x0b, 0x0b, 0x7c, 0x6e, 0x60, 0x0b, 0x0b, 0x0b, 
	0x0b, 0x0b, 0x0b, 0x0b, 0x7d, 0x5f, 0x60, 0x63, 
	0x06, 0x35, 0x0e, 0x7e, 0x05, 0x0b, 0x0b, 0x0b, 
	0x0b, 0x0b, 0x0b, 0x0b, 0x0b, 0x0b, 0x0b, 0x0b, 
	0x0b, 0x0b, 0x7f, 0x80, 0x58, 0x58, 0x0b, 0x0b, 
	0x0b, 0x0b, 0x0b, 0x0b, 0x81, 0x82, 0x58, 0x0b, 
	0x0b, 0x4f, 0x0f, 0x22, 0x0b, 0x0b, 0x0b, 0x0b, 
	0x0b, 0x0b, 0x0b, 0x0b, 0x0b, 0x0b, 0x0b, 0x0b, 
	0x0b, 0x0b, 0x7c, 0x80, 0x83, 0x0c, 0x0b, 0x0b, 
	0x0b, 0x0b, 0x0b, 0x0b, 0x84, 0x82, 0x80, 0x60, 
	0x0b, 0x11, 0x63, 0x0b, 0x0b, 0x0b, 0x0b, 0x0b, 
	0x0b, 0x0b, 0x0b, 0x0b, 0x0b, 0x0b, 0x0b, 0x0b, 
	0x0b, 0x0b, 0x7c, 0x83, 0x85, 0x85, 0x0b, 0x0b, 
	0x0b, 0x0b, 0x0b, 0x0b, 0x0b, 0x7f, 0x82, 0x86, 
	0x0f, 0x14, 0x42, 0x87, 0x12, 0x06, 0x88, 0x89, 
	0x46, 0x49, 0x0b, 0x0b, 0x0b, 0x0b, 0x0b, 0x0b, 
	0x0b, 0x0b, 0x7c, 0x0c, 0x58, 0x0b, 0x0b, 0x0b, 
	0x0b, 0x0b, 0x0b, 0x0b, 0x0b, 0x0b, 0x8a, 0x6d, 
	0x46, 0x46, 0x02, 0x11, 0x8b, 0x5c, 0x71, 0x46, 
	0x46, 0x50, 0x0d, 0x0b, 0x0b, 0x0b, 0x0b, 0x0b, 
	0x0b, 0x0b, 0x7c, 0x83, 0x58, 0x0b, 0x0b, 0x0b, 
	0x0b, 0x0b, 0x0b, 0x0b, 0x0b, 0x0b, 0x19, 0x0e, 
	0x33, 0x23, 0x8b, 0x0b, 0x56, 0x02, 0x56, 0x8c, 
	0x0f, 0x30, 0x14, 0x4a, 0x0b, 0x0b, 0x0b, 0x0b, 
	0x0b, 0x7c, 0x80, 0x0c, 0x58, 0x0b, 0x0b, 0x0b, 
	0x0b, 0x0b, 0x0b, 0x0b, 0x0b, 0x19, 0x53, 0x8d, 
	0x53, 0x8e, 0x8f, 0x0b, 0x0b, 0x63, 0x06, 0x06, 
	0x1c, 0x0d, 0x04, 0x12, 0x0b, 0x0b, 0x0b, 0x0b, 
	0x0b, 0x7f, 0x83, 0x58, 0x0b, 0x0b, 0x0b, 0x0b, 
	0x0b, 0x0b, 0x0b, 0x0b, 0x0b, 0x90, 0x91, 0x92, 
	0x23, 0x93, 0x60, 0x0b, 0x0b, 0x0b, 0x06, 0x0b, 
	0x0b, 0x0b, 0x0b, 0x12, 0x0b, 0x0b, 0x0b, 0x0b, 
	0x0b, 0x0b, 0x0b, 0x0b, 0x0b, 0x0b, 0x0b, 0x0b, 
	0x0b, 0x0b, 0x0b, 0x0b, 0x0b, 0x94, 0x2e, 0x23, 
	0x12, 0x5f, 0x93, 0x58, 0x0b, 0x0b, 0x07, 0x1f, 
	0x0b, 0x0b, 0x0b, 0x0b, 0x0b, 0x0b, 0x0b, 0x0b, 
	0x0b, 0x0b, 0x0b, 0x0b, 0x0b, 0x0b, 0x0b, 0x0b, 
	0x0b, 0x0b, 0x0b, 0x0b, 0x0b, 0x0f, 0x4c, 0x38, 
	0x7d, 0x4e, 0x59, 0x95, 0x58, 0x0b, 0x1f, 0x02, 
	0x11, 0x0b, 0x0b, 0x0b, 0x0b, 0x0b, 0x0b, 0x0b, 
	0x0b, 0x0b, 0x0b, 0x0b, 0x0b, 0x0b, 0x0b, 0x0b, 
	0x0b, 0x0b, 0x0b, 0x0b, 0x0b, 0x0b, 0x8c, 0x0b, 
	0x65, 0x93, 0x81, 0x78, 0x80, 0x58, 0x89, 0x22, 
	0x05, 0x10, 0x0b, 0x0b, 0x0b, 0x0b, 0x0b, 0x0b, 
	0x0b, 0x0b, 0x0b, 0x0b, 0x0b, 0x3c, 0x4d, 0x0b, 
	0x0b, 0x0b, 0x0b, 0x0b, 0x0b, 0x0b, 0x0b, 0x0b, 
	0x77, 0x96, 0x60, 0x7f, 0x6e, 0x97, 0x58, 0x07, 
	0x56, 0x10, 0x0b, 0x0b, 0x0b, 0x0b, 0x0b, 0x0b, 
	0x0b, 0x0b, 0x0b, 0x0b, 0x0b, 0x3c, 0x98, 0x01, 
	0x0b, 0x0b, 0x0b, 0x0b, 0x0b, 0x0b, 0x0b, 0x0b, 
	0x84, 0x80, 0x58, 0x0b, 0x99, 0x9a, 0x78, 0x58, 
	0x44, 0x26, 0x0d, 0x0b, 0x0b, 0x0b, 0x0b, 0x0b, 
	0x07, 0x07, 0x0b, 0x06, 0x02, 0x0e, 0x98, 0x1a, 
	0x0b, 0x0b, 0x0b, 0x0b, 0x0b, 0x0b, 0x0b, 0x0b, 
	0x7c, 0x83, 0x58, 0x0b, 0x0b, 0x8a, 0x59, 0x06, 
	0x1b, 0x63, 0x11, 0x6c, 0x46, 0x0b, 0x0b, 0x11, 
	0x6a, 0x35, 0x9b, 0x9c, 0x12, 0x26, 0x13, 0x9d, 
	0x0b, 0x0b, 0x0b, 0x0b, 0x0b, 0x0b, 0x0b, 0x0b, 
	0x85, 0x0c, 0x58, 0x0b, 0x0b, 0x0b, 0x7c, 0x0f, 
	0x56, 0x63, 0x4f, 0x01, 0x28, 0x56, 0x09, 0x68, 
	0x27, 0x04, 0x02, 0x2c, 0x46, 0x02, 0x20, 0x70, 
	0x0b, 0x0b, 0x0b, 0x0b, 0x0b, 0x0b, 0x0b, 0x0b, 
	0x85, 0x0c, 0x58, 0x0b, 0x0b, 0x0b, 0x02, 0x00, 
	0x70, 0x09, 0x0d, 0x8c, 0x55, 0x4f, 0x56, 0x36, 
	0x8c, 0x0a, 0x06, 0x9e, 0x9f, 0x56, 0x4a, 0x26, 
	0x0b, 0x0b, 0x0b, 0x0b, 0x0b, 0x0b, 0x0b, 0x0b, 
	0x85, 0x0c, 0x60, 0x0b, 0x0b, 0x0b, 0x38, 0x71, 
	0x20, 0x09, 0x0b, 0x0a, 0x48, 0x35, 0x8e, 0xa0, 
	0x1c, 0x06, 0x06, 0x5c, 0x24, 0x68, 0x18, 0x06, 
	0x0b, 0x0b, 0x0b, 0x0b, 0x0b, 0x0b, 0x0b, 0x85, 
	0x0c, 0x0c, 0x60, 0x0b, 0x0b, 0x0b, 0x10, 0x63, 
	0x4a, 0x66, 0x0b, 0x11, 0xa1, 0xa2, 0xa3, 0xa3, 
	0x10, 0x18, 0x06, 0x5c, 0x33, 0x01, 0x3d, 0x0b, 
	0x06, 0x0b, 0x0b, 0x0b, 0x0b, 0x0b, 0x0b, 0x7c, 
	0x0c, 0x60, 0x0b, 0x0b, 0x0b, 0x0b, 0x0b, 0x1c, 
	0x99, 0x97, 0x0b, 0x02, 0xa4, 0xa5, 0x02, 0x0a, 
	0x0a, 0x0b, 0x0b, 0x5b, 0x1e, 0x18, 0x4a, 0x10, 
	0x01, 0x38, 0x0b, 0x0b, 0x0b, 0x0b, 0x0b, 0x7f, 
	0x96, 0x60, 0x0b, 0x0b, 0x0b, 0x0b, 0x0b, 0x0b, 
	0x7c, 0x83, 0x0c, 0x0b, 0x63, 0x63, 0x26, 0x12, 
	0x0b, 0x0b, 0x0b, 0x5c, 0x38, 0x0a, 0x15, 0x01, 
	0x00, 0x68, 0x15, 0x0b, 0x0b, 0x0b, 0x0b, 0x99, 
	0x97, 0x58, 0x0b, 0x0b, 0x0b, 0x0b, 0x0b, 0x0b, 
	0x0b, 0x85, 0x82, 0x0b, 0x0b, 0x0b, 0x0a, 0x34, 
	0x07, 0x0f, 0x0b, 0x12, 0x12, 0x0b, 0x49, 0x22, 
	0x35, 0x6a, 0x11, 0x0b, 0x0b, 0x0b, 0x0b, 0x77, 
	0x97, 0x60, 0x0b, 0x0b, 0x0b, 0x0b, 0x0b, 0x0b, 
	0x0b, 0x7f, 0x95, 0x0b, 0x0b, 0x0b, 0x1c, 0x8c, 
	0x35, 0x68, 0x22, 0x26, 0x0b, 0x0b, 0x0b, 0x0b, 
	0x20, 0xa6, 0x6f, 0x0b, 0x0b, 0x0b, 0x84, 0x59, 
	0x66, 0x60, 0x0b, 0x0b, 0x0b, 0x0b, 0x0b, 0x0b, 
	0x0b, 0x84, 0x59, 0x66, 0x0a, 0x0a, 0x4a, 0x56, 
	0x35, 0xa7, 0x00, 0x0b, 0x0b, 0x0b, 0x0b, 0x0b, 
	0xa5, 0x2a, 0x38, 0x0b, 0x0b, 0x0b, 0x8a, 0x69, 
	0x8c, 0x56, 0x0d, 0x0b, 0x0b, 0x0b, 0x0b, 0x0b, 
	0x0b, 0x0b, 0x84, 0x04, 0x70, 0x8e, 0x3d, 0x0a, 
	0x8c, 0x00, 0x7b, 0x14, 0x0b, 0x0b, 0x0b, 0x0b, 
	0x0b, 0xa5, 0x06, 0x0b, 0x0b, 0x0b, 0x99, 0x02, 
	0x8c, 0x8c, 0x20, 0x1f, 0x0b, 0x0b, 0x0b, 0x0b, 
	0x0b, 0x0b, 0x46, 0x6c, 0x4f, 0xa8, 0x0b, 0x1b, 
	0x09, 0x0f, 0x0e, 0x0f, 0x0b, 0x0b, 0x0b, 0x0b, 
	0x0b, 0x06, 0x0b, 0x0b, 0x0b, 0x0b, 0x11, 0x14, 
	0x02, 0x27, 0xa9, 0xaa, 0x1f, 0x0b, 0x0b, 0x0b, 
	0x0b, 0x30, 0x50, 0x30, 0x26, 0x0b, 0x0b, 0x0b, 
	0xa3, 0x0f, 0x50, 0xab, 0x0b, 0x0b, 0x0b, 0x0b, 
	0x0b, 0x0b, 0x0b, 0x0b, 0x0b, 0x26, 0x46, 0x92, 
	0x26, 0x89, 0xac, 0xad, 0x89, 0x0b, 0x0b, 0x0b, 
	0x0b, 0x33, 0x71, 0x42, 0x1c, 0x07, 0x5c, 0x0b, 
	0x0b, 0x18, 0x19, 0x11, 0x0b, 0x0b, 0x0b, 0x0b, 
	0x0b, 0x0b, 0x0b, 0x63, 0x02, 0x63, 0x6c, 0xae, 
	0x8b, 0x0a, 0xaf, 0xb0, 0x39, 0x0a, 0x0b, 0x0b, 
	0x0a, 0x2f, 0x3d, 0x42, 0x07, 0x50, 0x01, 0x30, 
	0x0b, 0x0b, 0x1c, 0x1b, 0x0b, 0x0b, 0x0b, 0x0b, 
	0x0b, 0x0b, 0x0b, 0x26, 0x4f, 0x20, 0x02, 0x9f, 
	0x0f, 0x0a, 0x07, 0x7b, 0x01, 0x26, 0x4a, 0x06, 
	0x10, 0x4e, 0x10, 0x23, 0x14, 0x14, 0x46, 0x46, 
	0x07, 0x0b, 0x0b, 0x06, 0x0b, 0x0b, 0x0b, 0x0b, 
	0x0b, 0x0b, 0x0b, 0x0a, 0x12, 0x30, 0x23, 0xb1, 
	0xab, 0x09, 0x2f, 0x11, 0x71, 0x1c, 0x0a, 0x12, 
	0x88, 0x44, 0x3a, 0x01, 0x92, 0x79, 0xa3, 0x02, 
	0x56, 0x58, 0x0b, 0x0b, 0x0b, 0x0b, 0x0b, 0x0b, 
	0x0b, 0x0b, 0x0b, 0x0b, 0x06, 0x07, 0x6c, 0x46, 
	0x0f, 0x0a, 0x06, 0x0a, 0x02, 0x06, 0x07, 0x35, 
	0x46, 0xb1, 0x87, 0x87, 0x50, 0x01, 0x14, 0x0a, 
	0x1b, 0x58, 0x58, 0x0b, 0x0b, 0x0b, 0x0b, 0x0b, 
	0x0b, 0x0b, 0x0b, 0x0b, 0x0b, 0x1b, 0x12, 0x46, 
	0x71, 0x06, 0x06, 0x0b, 0x06, 0x06, 0x02, 0x33, 
	0x01, 0x79, 0x0f, 0x9c, 0x5c, 0x35, 0x35, 0xa5, 
	0x0a, 0x0c, 0x58, 0x0b, 0x0b, 0x0b, 0x0b, 0x0b, 
	0x0b, 0x0b, 0x0b, 0x0b, 0x0b, 0x60, 0x6e, 0xb2, 
	0xb3, 0x0b, 0x0b, 0x0b, 0x0b, 0x1c, 0x1c, 0x38, 
	0x68, 0x4f, 0x2f, 0x3d, 0x10, 0x02, 0x19, 0x20, 
	0x7c, 0x96, 0x58, 0x58, 0x0b, 0x0b, 0x0b, 0x0b, 
	0x58, 0x58, 0x58, 0x0b, 0x58, 0x99, 0x59, 0x0d, 
	0xb4, 0x0b, 0x0b, 0x0b, 0x0b, 0x0b, 0x19, 0x0a, 
	0x44, 0x1d, 0x26, 0x6f, 0x56, 0x57, 0x62, 0x44, 
	0x85, 0x96, 0x83, 0x58, 0x0b, 0x0b, 0x0b, 0x0b, 
	0x0c, 0x0c, 0x58, 0x58, 0x7f, 0x95, 0x66, 0x0b, 
	0x0d, 0x0b, 0x0b, 0x0b, 0x0b, 0x0b, 0x8c, 0x15, 
	0x10, 0x26, 0x23, 0x67, 0x35, 0x1c, 0x10, 0xb5, 
	0x4c, 0x50, 0x83, 0x58, 0x0b, 0x0b, 0x0b, 0x0b, 
	0x85, 0x0c, 0x83, 0x96, 0x66, 0xb6, 0x69, 0x0b, 
	0x0b, 0x0b, 0x0b, 0x0b, 0x0b, 0x0b, 0x15, 0x07, 
	0x50, 0x26, 0x20, 0xb7, 0x70, 0x0a, 0x0b, 0x22, 
	0x1a, 0x4c, 0x4d, 0x58, 0x0b, 0x1c, 0x15, 0x0b, 
	0x0b, 0x7c, 0x7f, 0x7f, 0x84, 0x96, 0x97, 0x0b, 
	0x0b, 0x0b, 0x0b, 0x0b, 0x0b, 0x0b, 0x0d, 0x14, 
	0x7e, 0x19, 0x15, 0x01, 0x11, 0x62, 0x0b, 0x63, 
	0x02, 0x39, 0x4c, 0x50, 0x34, 0x1e, 0x00, 0x13, 
	0x0b, 0x0b, 0x0b, 0x0b, 0x0b, 0x26, 0x07, 0x0b, 
	0x0b, 0x0b, 0x0b, 0x0b, 0x0b, 0x0b, 0x0b, 0x8c, 
	0xb8, 0x20, 0x1c, 0x11, 0xb3, 0x4a, 0x0b, 0x0b, 
	0x06, 0x44, 0x33, 0x33, 0x40, 0x68, 0x68, 0xb9, 
	0x0b, 0x0b, 0x0b, 0x0b, 0x0c, 0x2f, 0x0f, 0x05, 
	0x0b, 0x0b, 0x0b, 0x0b, 0x0b, 0x0b, 0x0b, 0x0d, 
	0x23, 0xba, 0x3d, 0xbb, 0xb3, 0x06, 0x0b, 0x0b, 
	0x06, 0x06, 0x79, 0x20, 0xb4, 0x09, 0xa6, 0xbc, 
	0x0b, 0x0b, 0x0b, 0x0b, 0x0c, 0x18, 0x89, 0x4d, 
	0xbd, 0x0b, 0x0b, 0x0b, 0x0b, 0x0b, 0x0b, 0x0b, 
	0x14, 0x0a, 0x62, 0x62, 0x06, 0x0b, 0x0b, 0x0b, 
	0x0b, 0x26, 0x63, 0x26, 0x0b, 0x1c, 0x0f, 0x07, 
	0x0b, 0x0b, 0x0b, 0x0b, 0x06, 0x3a, 0x53, 0x53, 
	0x46, 0x0b, 0x0b, 0x7f, 0x7c, 0x0b, 0x0b, 0x0b, 
	0x0b, 0x0b, 0x0f, 0x07, 0x0b, 0x0b, 0x0b, 0x0b, 
	0x22, 0x13, 0x14, 0x0a, 0x0b, 0x0b, 0xa5, 0x0a, 
	0x0b, 0x0b, 0x0b, 0x06, 0x4b, 0x4c, 0x31, 0x30, 
	0x07, 0x0b, 0x99, 0x80, 0x0c, 0x0b, 0x0b, 0x0b, 
	0x0b, 0x50, 0xbe, 0x0f, 0x0b, 0x0b, 0x0b, 0x30, 
	0x14, 0x31, 0x0e, 0xa2, 0x62, 0x0b, 0x0b, 0x4a, 
	0x0b, 0x0b, 0x06, 0x07, 0x44, 0x4c, 0x9e, 0x44, 
	0xbf, 0x95, 0x96, 0x0c, 0x0b, 0x0b, 0x0b, 0x0b, 
	0x4d, 0x9f, 0xc0, 0x44, 0x0b, 0x0b, 0x0b, 0x33, 
	0x02, 0x33, 0x36, 0x00, 0x63, 0x0b, 0x0b, 0x0b, 
	0x0b, 0x62, 0x07, 0x7e, 0x87, 0x87, 0x9c, 0x0b, 
	0x81, 0x69, 0x0b, 0x0b, 0x0b, 0x0b, 0x0b, 0x0b, 
	0x39, 0x46, 0x2c, 0x3d, 0x0b, 0x0b, 0x0b, 0x35, 
	0x26, 0x11, 0x00, 0x23, 0x04, 0x0b, 0x0b, 0x0b, 
	0x1c, 0x10, 0x71, 0x2c, 0x19, 0x19, 0x19, 0x0b, 
	0x82, 0x95, 0x0b, 0x0b, 0x0b, 0x0b, 0x0b, 0x0b, 
	0x5c, 0x5c, 0x52, 0x0b, 0x0b, 0x0b, 0x0b, 0x99, 
	0x0d, 0x06, 0x11, 0x56, 0x38, 0x0b, 0x0b, 0x0b, 
	0x1c, 0x02, 0x6c, 0xc1, 0x89, 0x50, 0x5c, 0x0b, 
	0x02, 0x30, 0x20, 0x0b, 0x0b, 0x0b, 0x0b, 0x0b, 
	0x0b, 0x8f, 0x19, 0x0b, 0x0b, 0x0b, 0x7f, 0x9a, 
	0x0b, 0x0b, 0x38, 0x15, 0x06, 0x0b, 0x0b, 0x0b, 
	0x1c, 0x26, 0x0f, 0x87, 0x89, 0xab, 0x42, 0x06, 
	0xb1, 0x0e, 0x22, 0x15, 0x0b, 0x0b, 0x0b, 0x0b, 
	0x0b, 0x8b, 0x0b, 0x0b, 0x0b, 0x0b, 0x99, 0x59, 
	0x0b, 0x0b, 0x06, 0x44, 0x0b, 0x0b, 0x0b, 0x0b, 
	0xab, 0x02, 0x8c, 0x05, 0x04, 0x11, 0x4a, 0x2f, 
	0x9e, 0x31, 0x01, 0xc2, 0x0a, 0x0b, 0x0b, 0x0b, 
	0x0b, 0x0b, 0x0b, 0x0b, 0x0b, 0x7f, 0x96, 0x97, 
	0x0b, 0x0b, 0x0b, 0x06, 0x0b, 0x0b, 0x0b, 0x1c, 
	
};

Gfx rsdm_vine1_pal_rgba16_aligner[] = {gsSPEndDisplayList()};
u8 rsdm_vine1_pal_rgba16[] = {
	0x74, 0x0d, 0x6b, 0xcd, 0x3a, 0x45, 0x29, 0x41, 
	0x42, 0x45, 0x31, 0x83, 0x08, 0x01, 0x42, 0x87, 
	0x63, 0xcb, 0x29, 0xc1, 0x21, 0x41, 0x08, 0x00, 
	0x6a, 0x81, 0x29, 0x81, 0x7c, 0x51, 0x53, 0x09, 
	0x29, 0x83, 0x42, 0x85, 0x32, 0x05, 0x6b, 0x8d, 
	0x42, 0xc7, 0x31, 0xc3, 0x42, 0x07, 0x42, 0x05, 
	0x29, 0x43, 0x42, 0x47, 0x73, 0xcf, 0x19, 0x41, 
	0x19, 0x01, 0x21, 0x01, 0x63, 0x4b, 0x4a, 0x89, 
	0x4a, 0xc7, 0x08, 0x81, 0x4a, 0x87, 0x53, 0x49, 
	0x74, 0x4f, 0x32, 0x43, 0x29, 0xc3, 0x7c, 0x0f, 
	0x5b, 0x89, 0x5b, 0x47, 0x63, 0x89, 0x6b, 0x4d, 
	0x5b, 0x0b, 0x63, 0xcd, 0x94, 0xd7, 0x21, 0x43, 
	0x5b, 0x4b, 0x84, 0x91, 0x84, 0xd3, 0x74, 0x0f, 
	0x3a, 0x03, 0x63, 0x8b, 0x84, 0x8f, 0x63, 0xc9, 
	0x3a, 0x05, 0x63, 0x4d, 0x42, 0x89, 0x94, 0xd5, 
	0x84, 0x13, 0x18, 0xc1, 0x4a, 0x49, 0x5a, 0xcb, 
	0x4a, 0xc5, 0x3a, 0x83, 0x21, 0x83, 0x94, 0x97, 
	0x31, 0xc5, 0x4b, 0x47, 0x63, 0x8d, 0x42, 0x83, 
	0x42, 0x43, 0x31, 0xc1, 0x10, 0x81, 0x29, 0xc5, 
	0x7c, 0x11, 0x6b, 0x8f, 0x18, 0x81, 0x4b, 0x07, 
	0x6b, 0xcf, 0x84, 0x53, 0x39, 0xc7, 0x84, 0x93, 
	0x63, 0x0f, 0x42, 0xc5, 0x32, 0x03, 0x10, 0x41, 
	0x20, 0x80, 0x20, 0x81, 0x52, 0x4d, 0x52, 0xc9, 
	0x4a, 0xc9, 0x84, 0x51, 0x18, 0x41, 0x28, 0x81, 
	0x18, 0x80, 0x6c, 0x0f, 0x10, 0xc1, 0x21, 0x81, 
	0x84, 0x4d, 0x39, 0x40, 0x41, 0x01, 0x95, 0x93, 
	0x7c, 0x4f, 0x39, 0x01, 0x73, 0xcd, 0x5b, 0x0d, 
	0x5b, 0x8b, 0x39, 0x41, 0x52, 0x01, 0x5b, 0x09, 
	0x53, 0x07, 0x5b, 0x49, 0x4a, 0xcb, 0x8d, 0x55, 
	0x8d, 0x11, 0x8c, 0x8f, 0x7c, 0x0d, 0x52, 0x00, 
	0x41, 0x81, 0x53, 0x4b, 0x5b, 0x8d, 0x7c, 0x91, 
	0x8b, 0x80, 0x20, 0xc0, 0x6c, 0x0d, 0x7b, 0x00, 
	0x5a, 0x41, 0x41, 0x80, 0x49, 0xc1, 0x6a, 0x01, 
	0x62, 0x40, 0x9c, 0x00, 0x20, 0xc1, 0x3a, 0x07, 
	0x3a, 0x47, 0x53, 0x0b, 0x49, 0xc0, 0x32, 0x45, 
	0x3a, 0x43, 0x8c, 0xd3, 0x3a, 0x85, 0x52, 0xcb, 
	0x73, 0x93, 0x95, 0x15, 0x7c, 0x53, 0x30, 0xc1, 
	0x73, 0xd3, 0x49, 0x41, 0x59, 0xc1, 0x51, 0x81, 
	0x8c, 0x95, 0x6a, 0x80, 0x31, 0x41, 0x53, 0x47, 
	0x21, 0x03, 0x7b, 0xd1, 0x5b, 0x4d, 0x74, 0x11, 
	0x3a, 0xc5, 0x73, 0x8d, 0x6b, 0x8b, 0x2a, 0x03, 
	0x52, 0x87, 0x4a, 0x85, 0x6b, 0xcb, 0x8d, 0x0f, 
	0x21, 0xc3, 0x94, 0xd1, 0x63, 0x8f, 0x4b, 0x09, 
	0x95, 0x55, 0x95, 0x13, 0x7c, 0x93, 0x7c, 0x13, 
	0x8d, 0x13, 0x42, 0xc9, 0x4b, 0x01, 0x42, 0x81, 
	0x3a, 0x41, 0x52, 0x8b, 0x38, 0xc1, 0x95, 0x53, 
	0x6c, 0x0b, 0x39, 0xc3, 0x4a, 0xc1, 0x3a, 0x01, 
	0x39, 0xc5, 0x6b, 0x4f, 0x84, 0x55, 0x49, 0x01, 
	0x7b, 0xd3, 0x31, 0x85, 0x32, 0x01, 
};

Vtx rsdm_rsdm_mesh_layer_1_vtx_0[59] = {
	{{ {-3000, 0, 2973}, 0, {-6279, 2033}, {151, 151, 151, 255} }},
	{{ {-3000, 0, -2973}, 0, {7271, 2033}, {151, 151, 151, 255} }},
	{{ {-3000, 900, -2973}, 0, {7271, -17}, {153, 153, 153, 255} }},
	{{ {-3000, 900, 2973}, 0, {-6279, -17}, {151, 151, 151, 255} }},
	{{ {973, 900, 2973}, 0, {5023, -17}, {201, 201, 201, 255} }},
	{{ {973, 0, 2973}, 0, {5023, 2033}, {155, 155, 155, 255} }},
	{{ {200, 0, 2973}, 0, {3261, 2033}, {154, 154, 154, 255} }},
	{{ {200, 560, 2973}, 0, {3261, 757}, {180, 180, 180, 255} }},
	{{ {-200, 560, 2973}, 0, {2349, 757}, {176, 176, 176, 255} }},
	{{ {-3000, 0, 2973}, 0, {-4031, 2033}, {151, 151, 151, 255} }},
	{{ {-200, 0, 2973}, 0, {2349, 2033}, {154, 154, 154, 255} }},
	{{ {-3000, 900, 2973}, 0, {-4031, -17}, {151, 151, 151, 255} }},
	{{ {-3000, 900, -2973}, 0, {-4031, -17}, {153, 153, 153, 255} }},
	{{ {-3000, 0, -2973}, 0, {-4031, 2033}, {151, 151, 151, 255} }},
	{{ {-200, 0, -2973}, 0, {2349, 2033}, {151, 151, 151, 255} }},
	{{ {-200, 560, -2973}, 0, {2349, 757}, {151, 151, 151, 255} }},
	{{ {916, 900, -2973}, 0, {4892, -17}, {151, 151, 151, 255} }},
	{{ {200, 560, -2973}, 0, {3261, 757}, {151, 151, 151, 255} }},
	{{ {973, 0, -2973}, 0, {5023, 2033}, {151, 151, 151, 255} }},
	{{ {200, 0, -2973}, 0, {3261, 2033}, {151, 151, 151, 255} }},
	{{ {973, 900, -2973}, 0, {5023, -17}, {151, 151, 151, 255} }},
	{{ {973, 2000, 2973}, 0, {4559, -15}, {255, 255, 255, 255} }},
	{{ {973, 1000, 2973}, 0, {4559, 2031}, {255, 255, 255, 255} }},
	{{ {-1800, 1000, 2973}, 0, {-1113, 2031}, {255, 255, 255, 255} }},
	{{ {-1800, 1560, 2973}, 0, {-1113, 885}, {255, 255, 255, 255} }},
	{{ {-2200, 1560, 2973}, 0, {-1931, 885}, {255, 255, 255, 255} }},
	{{ {-3000, 2000, 2973}, 0, {-3567, -15}, {255, 255, 255, 255} }},
	{{ {-2200, 1000, 2973}, 0, {-1931, 2031}, {255, 255, 255, 255} }},
	{{ {-3000, 1000, 2973}, 0, {-3567, 2031}, {255, 255, 255, 255} }},
	{{ {-3000, 1000, 2973}, 0, {-5586, 2031}, {255, 255, 255, 255} }},
	{{ {-3000, 1000, -2973}, 0, {6578, 2031}, {255, 255, 255, 255} }},
	{{ {-3000, 2000, -2973}, 0, {6578, -15}, {255, 255, 255, 255} }},
	{{ {-3000, 1000, 2973}, 0, {-5586, 2031}, {255, 255, 255, 255} }},
	{{ {-3000, 2000, -2973}, 0, {6578, -15}, {255, 255, 255, 255} }},
	{{ {-3000, 2000, 2973}, 0, {-5586, -15}, {255, 255, 255, 255} }},
	{{ {-3000, 2000, -2973}, 0, {-3567, -15}, {255, 255, 255, 255} }},
	{{ {-3000, 1000, -2973}, 0, {-3567, 2031}, {255, 255, 255, 255} }},
	{{ {-2200, 1000, -2973}, 0, {-1931, 2031}, {255, 255, 255, 255} }},
	{{ {-2200, 1560, -2973}, 0, {-1931, 885}, {255, 255, 255, 255} }},
	{{ {-1800, 1560, -2973}, 0, {-1113, 885}, {255, 255, 255, 255} }},
	{{ {973, 1000, -2973}, 0, {4559, 2031}, {255, 255, 255, 255} }},
	{{ {-1800, 1000, -2973}, 0, {-1113, 2031}, {255, 255, 255, 255} }},
	{{ {973, 2000, -2973}, 0, {4559, -15}, {255, 255, 255, 255} }},
	{{ {973, 0, 2973}, 0, {-6279, 2033}, {160, 160, 160, 255} }},
	{{ {973, 900, 2973}, 0, {-6279, -17}, {203, 203, 203, 255} }},
	{{ {973, 900, 2136}, 0, {-4372, -17}, {255, 255, 255, 255} }},
	{{ {973, 0, 2302}, 0, {-4750, 2033}, {255, 255, 255, 255} }},
	{{ {973, 0, 200}, 0, {40, 2033}, {255, 255, 255, 255} }},
	{{ {973, 560, 200}, 0, {40, 757}, {255, 255, 255, 255} }},
	{{ {973, 900, -2134}, 0, {5359, -17}, {255, 255, 255, 255} }},
	{{ {973, 560, -200}, 0, {952, 757}, {255, 255, 255, 255} }},
	{{ {973, 0, -200}, 0, {952, 2033}, {255, 255, 255, 255} }},
	{{ {973, 0, -2150}, 0, {5396, 2033}, {255, 255, 255, 255} }},
	{{ {973, 900, -2973}, 0, {7271, -17}, {155, 155, 155, 255} }},
	{{ {973, 0, -2973}, 0, {7271, 2033}, {155, 155, 155, 255} }},
	{{ {973, 1000, 2973}, 0, {-5586, 2031}, {255, 255, 255, 255} }},
	{{ {973, 2000, 2973}, 0, {-5586, -15}, {255, 255, 255, 255} }},
	{{ {973, 2000, -2973}, 0, {6578, -15}, {255, 255, 255, 255} }},
	{{ {973, 1000, -2973}, 0, {6578, 2031}, {255, 255, 255, 255} }},
};

Gfx rsdm_rsdm_mesh_layer_1_tri_0[] = {
	gsSPVertex(rsdm_rsdm_mesh_layer_1_vtx_0 + 0, 32, 0),
	gsSP2Triangles(0, 1, 2, 0, 0, 2, 3, 0),
	gsSP2Triangles(4, 5, 6, 0, 4, 6, 7, 0),
	gsSP2Triangles(4, 7, 8, 0, 8, 9, 4, 0),
	gsSP2Triangles(8, 10, 9, 0, 9, 11, 4, 0),
	gsSP2Triangles(12, 13, 14, 0, 12, 14, 15, 0),
	gsSP2Triangles(16, 12, 15, 0, 16, 15, 17, 0),
	gsSP2Triangles(17, 18, 16, 0, 17, 19, 18, 0),
	gsSP2Triangles(18, 20, 16, 0, 21, 22, 23, 0),
	gsSP2Triangles(21, 23, 24, 0, 21, 24, 25, 0),
	gsSP2Triangles(25, 26, 21, 0, 25, 27, 26, 0),
	gsSP2Triangles(27, 28, 26, 0, 29, 30, 31, 0),
	gsSPVertex(rsdm_rsdm_mesh_layer_1_vtx_0 + 32, 27, 0),
	gsSP2Triangles(0, 1, 2, 0, 3, 4, 5, 0),
	gsSP2Triangles(3, 5, 6, 0, 3, 6, 7, 0),
	gsSP2Triangles(7, 8, 3, 0, 7, 9, 8, 0),
	gsSP2Triangles(8, 10, 3, 0, 11, 12, 13, 0),
	gsSP2Triangles(11, 13, 14, 0, 15, 14, 13, 0),
	gsSP2Triangles(16, 15, 13, 0, 13, 17, 16, 0),
	gsSP2Triangles(17, 18, 16, 0, 17, 19, 18, 0),
	gsSP2Triangles(17, 20, 19, 0, 20, 17, 21, 0),
	gsSP2Triangles(20, 21, 22, 0, 23, 24, 25, 0),
	gsSP1Triangle(23, 25, 26, 0),
	gsSPEndDisplayList(),
};

Vtx rsdm_rsdm_mesh_layer_1_vtx_1[80] = {
	{{ {-1835, 0, 1547}, 0, {-4, 3086}, {255, 255, 255, 255} }},
	{{ {-1835, 900, 2147}, 0, {-3461, -2100}, {255, 255, 255, 255} }},
	{{ {-1835, 0, 2147}, 0, {-3461, 3086}, {255, 255, 255, 255} }},
	{{ {-1835, 900, 1547}, 0, {-4, -2100}, {255, 255, 255, 255} }},
	{{ {-1835, -1, 596}, 0, {5477, 3092}, {255, 255, 255, 255} }},
	{{ {-1835, 900, 1497}, 0, {284, -2100}, {255, 255, 255, 255} }},
	{{ {-2435, 0, 1547}, 0, {-4, 3086}, {151, 151, 151, 255} }},
	{{ {-2435, 0, 2147}, 0, {-3461, 3086}, {151, 151, 151, 255} }},
	{{ {-2435, 900, 2147}, 0, {-3461, -2100}, {151, 151, 151, 255} }},
	{{ {-2435, 900, 1547}, 0, {-4, -2100}, {151, 151, 151, 255} }},
	{{ {-2435, -1, 596}, 0, {5477, 3092}, {151, 151, 151, 255} }},
	{{ {-2435, 900, 1497}, 0, {284, -2100}, {151, 151, 151, 255} }},
	{{ {-1835, 0, -1547}, 0, {-4, 3086}, {255, 255, 255, 255} }},
	{{ {-1835, 0, -2147}, 0, {-3461, 3086}, {255, 255, 255, 255} }},
	{{ {-1835, 900, -2147}, 0, {-3461, -2100}, {255, 255, 255, 255} }},
	{{ {-1835, 900, -1547}, 0, {-4, -2100}, {255, 255, 255, 255} }},
	{{ {-1835, -1, -596}, 0, {5477, 3092}, {255, 255, 255, 255} }},
	{{ {-1835, 900, -1497}, 0, {284, -2100}, {255, 255, 255, 255} }},
	{{ {-2435, 0, -1547}, 0, {-4, 3086}, {151, 151, 151, 255} }},
	{{ {-2435, 900, -2147}, 0, {-3461, -2100}, {151, 151, 151, 255} }},
	{{ {-2435, 0, -2147}, 0, {-3461, 3086}, {151, 151, 151, 255} }},
	{{ {-2435, 900, -1547}, 0, {-4, -2100}, {151, 151, 151, 255} }},
	{{ {-2435, -1, -596}, 0, {5477, 3092}, {151, 151, 151, 255} }},
	{{ {-2435, 900, -1497}, 0, {284, -2100}, {151, 151, 151, 255} }},
	{{ {-1146, 0, 1847}, 0, {-1673, 3093}, {212, 212, 212, 255} }},
	{{ {-1146, 800, 1847}, 0, {-1673, -2101}, {212, 212, 212, 255} }},
	{{ {-1146, 800, 847}, 0, {3689, -2101}, {212, 212, 212, 255} }},
	{{ {-1146, 0, 847}, 0, {3689, 3093}, {212, 212, 212, 255} }},
	{{ {-946, 0, 847}, 0, {3689, 3093}, {255, 255, 255, 255} }},
	{{ {-946, 800, 847}, 0, {3689, -2101}, {255, 255, 255, 255} }},
	{{ {-946, 800, 1847}, 0, {-1673, -2101}, {255, 255, 255, 255} }},
	{{ {-946, 0, 1847}, 0, {-1673, 3093}, {255, 255, 255, 255} }},
	{{ {-1146, 0, -847}, 0, {-1673, 3093}, {212, 212, 212, 255} }},
	{{ {-1146, 800, -847}, 0, {-1673, -2101}, {212, 212, 212, 255} }},
	{{ {-1146, 800, -1847}, 0, {3689, -2101}, {212, 212, 212, 255} }},
	{{ {-1146, 0, -1847}, 0, {3689, 3093}, {212, 212, 212, 255} }},
	{{ {-946, 0, -1847}, 0, {3689, 3093}, {255, 255, 255, 255} }},
	{{ {-946, 800, -1847}, 0, {3689, -2101}, {255, 255, 255, 255} }},
	{{ {-946, 800, -847}, 0, {-1673, -2101}, {255, 255, 255, 255} }},
	{{ {-946, 0, -847}, 0, {-1673, 3093}, {255, 255, 255, 255} }},
	{{ {-446, 0, 1847}, 0, {-1673, 3093}, {212, 212, 212, 255} }},
	{{ {-446, 800, 1847}, 0, {-1673, -2101}, {212, 212, 212, 255} }},
	{{ {-446, 800, 847}, 0, {3689, -2101}, {212, 212, 212, 255} }},
	{{ {-446, 0, 847}, 0, {3689, 3093}, {212, 212, 212, 255} }},
	{{ {-246, 0, 847}, 0, {3689, 3093}, {255, 255, 255, 255} }},
	{{ {-246, 800, 847}, 0, {3689, -2101}, {255, 255, 255, 255} }},
	{{ {-246, 800, 1847}, 0, {-1673, -2101}, {255, 255, 255, 255} }},
	{{ {-246, 0, 1847}, 0, {-1673, 3093}, {255, 255, 255, 255} }},
	{{ {-446, 0, -847}, 0, {-1673, 3093}, {212, 212, 212, 255} }},
	{{ {-446, 800, -847}, 0, {-1673, -2101}, {212, 212, 212, 255} }},
	{{ {-446, 800, -1847}, 0, {3689, -2101}, {212, 212, 212, 255} }},
	{{ {-446, 0, -1847}, 0, {3689, 3093}, {212, 212, 212, 255} }},
	{{ {-246, 0, -1847}, 0, {3689, 3093}, {255, 255, 255, 255} }},
	{{ {-246, 800, -1847}, 0, {3689, -2101}, {255, 255, 255, 255} }},
	{{ {-246, 800, -847}, 0, {-1673, -2101}, {255, 255, 255, 255} }},
	{{ {-246, 0, -847}, 0, {-1673, 3093}, {255, 255, 255, 255} }},
	{{ {254, 0, 1847}, 0, {-1673, 3093}, {212, 212, 212, 255} }},
	{{ {254, 800, 1847}, 0, {-1673, -2101}, {212, 212, 212, 255} }},
	{{ {254, 800, 847}, 0, {3689, -2101}, {212, 212, 212, 255} }},
	{{ {254, 0, 847}, 0, {3689, 3093}, {212, 212, 212, 255} }},
	{{ {454, 0, 847}, 0, {3689, 3093}, {255, 255, 255, 255} }},
	{{ {454, 800, 847}, 0, {3689, -2101}, {255, 255, 255, 255} }},
	{{ {454, 800, 1847}, 0, {-1673, -2101}, {255, 255, 255, 255} }},
	{{ {454, 0, 1847}, 0, {-1673, 3093}, {255, 255, 255, 255} }},
	{{ {254, 0, -847}, 0, {-1673, 3093}, {212, 212, 212, 255} }},
	{{ {254, 800, -847}, 0, {-1673, -2101}, {212, 212, 212, 255} }},
	{{ {254, 800, -1847}, 0, {3689, -2101}, {212, 212, 212, 255} }},
	{{ {254, 0, -1847}, 0, {3689, 3093}, {212, 212, 212, 255} }},
	{{ {454, 0, -1847}, 0, {3689, 3093}, {255, 255, 255, 255} }},
	{{ {454, 800, -1847}, 0, {3689, -2101}, {255, 255, 255, 255} }},
	{{ {454, 800, -847}, 0, {-1673, -2101}, {255, 255, 255, 255} }},
	{{ {454, 0, -847}, 0, {-1673, 3093}, {255, 255, 255, 255} }},
	{{ {-1637, 0, 2773}, 0, {3689, 3093}, {151, 151, 151, 255} }},
	{{ {-1637, 800, 2773}, 0, {3689, -2101}, {151, 151, 151, 255} }},
	{{ {-637, 800, 2773}, 0, {-1673, -2101}, {151, 151, 151, 255} }},
	{{ {-637, 0, 2773}, 0, {-1673, 3093}, {151, 151, 151, 255} }},
	{{ {-1637, 0, -2773}, 0, {3689, 3093}, {151, 151, 151, 255} }},
	{{ {-637, 0, -2773}, 0, {-1673, 3093}, {151, 151, 151, 255} }},
	{{ {-637, 800, -2773}, 0, {-1673, -2101}, {151, 151, 151, 255} }},
	{{ {-1637, 800, -2773}, 0, {3689, -2101}, {151, 151, 151, 255} }},
};

Gfx rsdm_rsdm_mesh_layer_1_tri_1[] = {
	gsSPVertex(rsdm_rsdm_mesh_layer_1_vtx_1 + 0, 32, 0),
	gsSP2Triangles(0, 1, 2, 0, 0, 3, 1, 0),
	gsSP2Triangles(4, 3, 0, 0, 4, 5, 3, 0),
	gsSP2Triangles(6, 7, 8, 0, 6, 8, 9, 0),
	gsSP2Triangles(10, 6, 9, 0, 10, 9, 11, 0),
	gsSP2Triangles(12, 13, 14, 0, 12, 14, 15, 0),
	gsSP2Triangles(16, 12, 15, 0, 16, 15, 17, 0),
	gsSP2Triangles(18, 19, 20, 0, 18, 21, 19, 0),
	gsSP2Triangles(22, 21, 18, 0, 22, 23, 21, 0),
	gsSP2Triangles(24, 25, 26, 0, 24, 26, 27, 0),
	gsSP2Triangles(28, 29, 30, 0, 28, 30, 31, 0),
	gsSPVertex(rsdm_rsdm_mesh_layer_1_vtx_1 + 32, 32, 0),
	gsSP2Triangles(0, 1, 2, 0, 0, 2, 3, 0),
	gsSP2Triangles(4, 5, 6, 0, 4, 6, 7, 0),
	gsSP2Triangles(8, 9, 10, 0, 8, 10, 11, 0),
	gsSP2Triangles(12, 13, 14, 0, 12, 14, 15, 0),
	gsSP2Triangles(16, 17, 18, 0, 16, 18, 19, 0),
	gsSP2Triangles(20, 21, 22, 0, 20, 22, 23, 0),
	gsSP2Triangles(24, 25, 26, 0, 24, 26, 27, 0),
	gsSP2Triangles(28, 29, 30, 0, 28, 30, 31, 0),
	gsSPVertex(rsdm_rsdm_mesh_layer_1_vtx_1 + 64, 16, 0),
	gsSP2Triangles(0, 1, 2, 0, 0, 2, 3, 0),
	gsSP2Triangles(4, 5, 6, 0, 4, 6, 7, 0),
	gsSP2Triangles(8, 9, 10, 0, 8, 10, 11, 0),
	gsSP2Triangles(12, 13, 14, 0, 12, 14, 15, 0),
	gsSPEndDisplayList(),
};

Vtx rsdm_rsdm_mesh_layer_1_vtx_2[95] = {
	{{ {973, 900, 2147}, 0, {17851, 1005}, {255, 255, 255, 255} }},
	{{ {133, 900, 2147}, 0, {9294, 1005}, {255, 255, 255, 255} }},
	{{ {124, 1000, 2147}, 0, {9207, -13}, {255, 255, 255, 255} }},
	{{ {973, 1000, 2147}, 0, {17851, -13}, {255, 255, 255, 255} }},
	{{ {-2435, 900, 2147}, 0, {-21370, 1005}, {255, 255, 255, 255} }},
	{{ {-2435, 900, -2147}, 0, {22362, 1005}, {255, 255, 255, 255} }},
	{{ {-2435, 1000, -2147}, 0, {22362, -13}, {255, 255, 255, 255} }},
	{{ {-2435, 1000, 2147}, 0, {-21370, -13}, {255, 255, 255, 255} }},
	{{ {-2435, 1000, -2147}, 0, {-16859, -13}, {255, 255, 255, 255} }},
	{{ {-2435, 900, -2147}, 0, {-16859, 1005}, {255, 255, 255, 255} }},
	{{ {764, 900, -2147}, 0, {15722, 1005}, {255, 255, 255, 255} }},
	{{ {973, 1000, -2147}, 0, {17851, -13}, {255, 255, 255, 255} }},
	{{ {973, 900, -2147}, 0, {17851, 1005}, {255, 255, 255, 255} }},
	{{ {973, 900, 2147}, 0, {-21552, 1009}, {255, 255, 255, 255} }},
	{{ {973, 1000, 2147}, 0, {-21552, -17}, {255, 255, 255, 255} }},
	{{ {973, 1000, -2147}, 0, {22544, -17}, {255, 255, 255, 255} }},
	{{ {973, 900, -2147}, 0, {22544, 1009}, {255, 255, 255, 255} }},
	{{ {-1835, 900, 2147}, 0, {-7897, 1005}, {255, 255, 255, 255} }},
	{{ {-1835, 1000, 1547}, 0, {-1793, -13}, {255, 255, 255, 255} }},
	{{ {-1835, 1000, 2147}, 0, {-7897, -13}, {255, 255, 255, 255} }},
	{{ {-1835, 900, 1547}, 0, {-1793, 1005}, {255, 255, 255, 255} }},
	{{ {-1835, 900, 1497}, 0, {-1284, 1005}, {255, 255, 255, 255} }},
	{{ {-1835, 1000, 1497}, 0, {-1284, -13}, {255, 255, 255, 255} }},
	{{ {-1835, -1, 596}, 0, {7883, 1005}, {255, 255, 255, 255} }},
	{{ {-1835, 0, 497}, 0, {8888, -13}, {255, 255, 255, 255} }},
	{{ {-1882, 0, 497}, 0, {8888, -13}, {255, 255, 255, 255} }},
	{{ {-1882, 1000, 1497}, 0, {-1284, -13}, {255, 255, 255, 255} }},
	{{ {-1882, 1000, 1547}, 0, {-1284, -13}, {255, 255, 255, 255} }},
	{{ {-1835, 1000, 1547}, 0, {-1284, -13}, {255, 255, 255, 255} }},
	{{ {-1882, 1000, 1497}, 0, {15287, 1009}, {255, 255, 255, 255} }},
	{{ {-1882, 0, 497}, 0, {-14318, 1008}, {255, 255, 255, 255} }},
	{{ {-1882, -50, 497}, 0, {-14318, 1008}, {255, 255, 255, 255} }},
	{{ {-1882, 1000, 1497}, 0, {15287, 1009}, {255, 255, 255, 255} }},
	{{ {-1882, -50, 497}, 0, {-14318, 1008}, {255, 255, 255, 255} }},
	{{ {-1882, 950, 1497}, 0, {15287, 1009}, {255, 255, 255, 255} }},
	{{ {-2435, 1000, 1497}, 0, {-1284, -13}, {151, 151, 151, 255} }},
	{{ {-2435, 0, 497}, 0, {8888, -13}, {151, 151, 151, 255} }},
	{{ {-2435, -1, 596}, 0, {7883, 1005}, {151, 151, 151, 255} }},
	{{ {-2435, 900, 1497}, 0, {-1284, 1005}, {151, 151, 151, 255} }},
	{{ {-2435, 900, 2147}, 0, {-7897, 1005}, {255, 255, 255, 255} }},
	{{ {-2435, 1000, 2147}, 0, {-7897, -13}, {255, 255, 255, 255} }},
	{{ {-2435, 1000, 1547}, 0, {-1793, -13}, {255, 255, 255, 255} }},
	{{ {-2435, 900, 1547}, 0, {-1793, 1005}, {255, 255, 255, 255} }},
	{{ {-2435, 900, 1497}, 0, {-1284, 1005}, {255, 255, 255, 255} }},
	{{ {-2435, 1000, 1497}, 0, {-1284, -13}, {255, 255, 255, 255} }},
	{{ {-2389, 1000, 1497}, 0, {15287, 1009}, {255, 255, 255, 255} }},
	{{ {-2389, 950, 1497}, 0, {15287, 1009}, {255, 255, 255, 255} }},
	{{ {-2389, -50, 497}, 0, {-14318, 1008}, {255, 255, 255, 255} }},
	{{ {-2389, 0, 497}, 0, {-14318, 1008}, {255, 255, 255, 255} }},
	{{ {-2389, 0, 497}, 0, {8888, -13}, {255, 255, 255, 255} }},
	{{ {-2435, 0, 497}, 0, {8888, -13}, {255, 255, 255, 255} }},
	{{ {-2389, 1000, 1497}, 0, {-1284, -13}, {255, 255, 255, 255} }},
	{{ {-2389, 1000, 1547}, 0, {-1284, -13}, {255, 255, 255, 255} }},
	{{ {-2435, 1000, 1547}, 0, {-1284, -13}, {255, 255, 255, 255} }},
	{{ {-1835, 900, -2147}, 0, {-7897, 1005}, {255, 255, 255, 255} }},
	{{ {-1835, 1000, -2147}, 0, {-7897, -13}, {255, 255, 255, 255} }},
	{{ {-1835, 1000, -1547}, 0, {-1793, -13}, {255, 255, 255, 255} }},
	{{ {-1835, 900, -1547}, 0, {-1793, 1005}, {255, 255, 255, 255} }},
	{{ {-1835, 900, -1497}, 0, {-1284, 1005}, {255, 255, 255, 255} }},
	{{ {-1835, 1000, -1497}, 0, {-1284, -13}, {255, 255, 255, 255} }},
	{{ {-1835, -1, -596}, 0, {7883, 1005}, {255, 255, 255, 255} }},
	{{ {-1835, 0, -497}, 0, {8888, -13}, {255, 255, 255, 255} }},
	{{ {-1882, 0, -497}, 0, {8888, -13}, {255, 255, 255, 255} }},
	{{ {-1882, 1000, -1497}, 0, {-1284, -13}, {255, 255, 255, 255} }},
	{{ {-1835, 1000, -1497}, 0, {-1284, -13}, {255, 255, 255, 255} }},
	{{ {-1882, 1000, -1547}, 0, {-1284, -13}, {255, 255, 255, 255} }},
	{{ {-1882, 1000, -1497}, 0, {-1284, -13}, {255, 255, 255, 255} }},
	{{ {-1835, 1000, -1547}, 0, {-1284, -13}, {255, 255, 255, 255} }},
	{{ {-1882, 1000, -1497}, 0, {15287, 1009}, {255, 255, 255, 255} }},
	{{ {-1882, 950, -1497}, 0, {15287, 1009}, {255, 255, 255, 255} }},
	{{ {-1882, -50, -497}, 0, {-14318, 1008}, {255, 255, 255, 255} }},
	{{ {-1882, 0, -497}, 0, {-14318, 1008}, {255, 255, 255, 255} }},
	{{ {-2435, 1000, -1497}, 0, {-1284, -13}, {151, 151, 151, 255} }},
	{{ {-2435, 900, -1497}, 0, {-1284, 1005}, {151, 151, 151, 255} }},
	{{ {-2435, -1, -596}, 0, {7883, 1005}, {151, 151, 151, 255} }},
	{{ {-2435, 0, -497}, 0, {8888, -13}, {151, 151, 151, 255} }},
	{{ {-2435, 900, -2147}, 0, {-7897, 1005}, {255, 255, 255, 255} }},
	{{ {-2435, 1000, -1547}, 0, {-1793, -13}, {255, 255, 255, 255} }},
	{{ {-2435, 1000, -2147}, 0, {-7897, -13}, {255, 255, 255, 255} }},
	{{ {-2435, 900, -1547}, 0, {-1793, 1005}, {255, 255, 255, 255} }},
	{{ {-2435, 900, -1497}, 0, {-1284, 1005}, {255, 255, 255, 255} }},
	{{ {-2435, 1000, -1497}, 0, {-1284, -13}, {255, 255, 255, 255} }},
	{{ {-2389, 1000, -1497}, 0, {15287, 1009}, {255, 255, 255, 255} }},
	{{ {-2389, 0, -497}, 0, {-14318, 1008}, {255, 255, 255, 255} }},
	{{ {-2389, -50, -497}, 0, {-14318, 1008}, {255, 255, 255, 255} }},
	{{ {-2389, 950, -1497}, 0, {15287, 1009}, {255, 255, 255, 255} }},
	{{ {-2435, 0, -497}, 0, {8888, -13}, {255, 255, 255, 255} }},
	{{ {-2389, 0, -497}, 0, {8888, -13}, {255, 255, 255, 255} }},
	{{ {-2389, 1000, -1497}, 0, {-1284, -13}, {255, 255, 255, 255} }},
	{{ {-2389, 1000, -1547}, 0, {-1284, -13}, {255, 255, 255, 255} }},
	{{ {-2435, 1000, -1547}, 0, {-1284, -13}, {255, 255, 255, 255} }},
	{{ {-164, 1000, 2147}, 0, {6270, -13}, {255, 255, 255, 255} }},
	{{ {-170, 900, 2147}, 0, {6209, 1005}, {255, 255, 255, 255} }},
	{{ {-2435, 900, 2147}, 0, {-16859, 1005}, {255, 255, 255, 255} }},
	{{ {-2435, 1000, 2147}, 0, {-16859, -13}, {255, 255, 255, 255} }},
};

Gfx rsdm_rsdm_mesh_layer_1_tri_2[] = {
	gsSPVertex(rsdm_rsdm_mesh_layer_1_vtx_2 + 0, 32, 0),
	gsSP2Triangles(0, 1, 2, 0, 0, 2, 3, 0),
	gsSP2Triangles(4, 5, 6, 0, 4, 6, 7, 0),
	gsSP2Triangles(8, 9, 10, 0, 10, 11, 8, 0),
	gsSP2Triangles(10, 12, 11, 0, 13, 14, 15, 0),
	gsSP2Triangles(13, 15, 16, 0, 17, 18, 19, 0),
	gsSP2Triangles(17, 20, 18, 0, 18, 20, 21, 0),
	gsSP2Triangles(18, 21, 22, 0, 22, 21, 23, 0),
	gsSP2Triangles(22, 23, 24, 0, 22, 24, 25, 0),
	gsSP2Triangles(22, 25, 26, 0, 22, 26, 27, 0),
	gsSP2Triangles(22, 27, 28, 0, 29, 30, 31, 0),
	gsSPVertex(rsdm_rsdm_mesh_layer_1_vtx_2 + 32, 32, 0),
	gsSP2Triangles(0, 1, 2, 0, 3, 4, 5, 0),
	gsSP2Triangles(3, 5, 6, 0, 7, 8, 9, 0),
	gsSP2Triangles(7, 9, 10, 0, 9, 11, 10, 0),
	gsSP2Triangles(9, 12, 11, 0, 13, 14, 15, 0),
	gsSP2Triangles(13, 15, 16, 0, 12, 17, 18, 0),
	gsSP2Triangles(12, 19, 17, 0, 12, 20, 19, 0),
	gsSP2Triangles(12, 21, 20, 0, 22, 23, 24, 0),
	gsSP2Triangles(22, 24, 25, 0, 24, 26, 25, 0),
	gsSP2Triangles(24, 27, 26, 0, 27, 28, 26, 0),
	gsSP2Triangles(27, 29, 28, 0, 27, 30, 29, 0),
	gsSP1Triangle(27, 31, 30, 0),
	gsSPVertex(rsdm_rsdm_mesh_layer_1_vtx_2 + 64, 31, 0),
	gsSP2Triangles(0, 1, 2, 0, 0, 3, 1, 0),
	gsSP2Triangles(4, 5, 6, 0, 4, 6, 7, 0),
	gsSP2Triangles(8, 9, 10, 0, 8, 10, 11, 0),
	gsSP2Triangles(12, 13, 14, 0, 12, 15, 13, 0),
	gsSP2Triangles(13, 15, 16, 0, 13, 16, 17, 0),
	gsSP2Triangles(18, 19, 20, 0, 18, 20, 21, 0),
	gsSP2Triangles(17, 22, 23, 0, 17, 23, 24, 0),
	gsSP2Triangles(17, 24, 25, 0, 17, 25, 26, 0),
	gsSP2Triangles(27, 28, 29, 0, 27, 29, 30, 0),
	gsSPEndDisplayList(),
};

Vtx rsdm_rsdm_mesh_layer_1_vtx_3[26] = {
	{{ {-2658, 0, 2658}, 0, {-5694, 10501}, {255, 255, 255, 255} }},
	{{ {-3000, 0, 200}, 0, {-6982, 1249}, {171, 171, 171, 255} }},
	{{ {-3000, 0, 2973}, 0, {-6982, 11688}, {152, 152, 152, 255} }},
	{{ {-2658, 0, 542}, 0, {-5694, 2537}, {255, 255, 255, 255} }},
	{{ {631, 0, 542}, 0, {6686, 2537}, {255, 255, 255, 255} }},
	{{ {631, 0, 2658}, 0, {6686, 10501}, {255, 255, 255, 255} }},
	{{ {973, 0, 2973}, 0, {7974, 11688}, {166, 166, 166, 255} }},
	{{ {200, 0, 2973}, 0, {5063, 11688}, {165, 165, 165, 255} }},
	{{ {-200, 0, 2973}, 0, {3558, 11688}, {165, 165, 165, 255} }},
	{{ {-3000, 0, 2973}, 0, {-6982, 11688}, {162, 162, 162, 255} }},
	{{ {973, 0, 2973}, 0, {7974, 11688}, {156, 156, 156, 255} }},
	{{ {973, 0, 200}, 0, {7974, 1249}, {255, 255, 255, 255} }},
	{{ {-2646, 0, 200}, 0, {-5650, 1249}, {255, 255, 255, 255} }},
	{{ {631, 0, -2658}, 0, {6686, -9509}, {255, 255, 255, 255} }},
	{{ {973, 0, -2973}, 0, {7974, -10696}, {162, 162, 162, 255} }},
	{{ {200, 0, -2973}, 0, {5063, -10696}, {162, 162, 162, 255} }},
	{{ {-200, 0, -2973}, 0, {3558, -10696}, {162, 162, 162, 255} }},
	{{ {-3000, 0, -2973}, 0, {-6982, -10696}, {162, 162, 162, 255} }},
	{{ {-2658, 0, -2658}, 0, {-5694, -9509}, {255, 255, 255, 255} }},
	{{ {-2658, 0, -542}, 0, {-5694, -1545}, {255, 255, 255, 255} }},
	{{ {-3000, 0, -2973}, 0, {-6982, -10696}, {152, 152, 152, 255} }},
	{{ {-3000, 0, -200}, 0, {-6982, -257}, {198, 198, 198, 255} }},
	{{ {-2651, 0, -200}, 0, {-5667, -257}, {255, 255, 255, 255} }},
	{{ {631, 0, -542}, 0, {6686, -1545}, {255, 255, 255, 255} }},
	{{ {973, 0, -200}, 0, {7974, -257}, {255, 255, 255, 255} }},
	{{ {973, 0, -2973}, 0, {7974, -10696}, {152, 152, 152, 255} }},
};

Gfx rsdm_rsdm_mesh_layer_1_tri_3[] = {
	gsSPVertex(rsdm_rsdm_mesh_layer_1_vtx_3 + 0, 26, 0),
	gsSP2Triangles(0, 1, 2, 0, 0, 3, 1, 0),
	gsSP2Triangles(0, 4, 3, 0, 0, 5, 4, 0),
	gsSP2Triangles(6, 5, 0, 0, 7, 6, 0, 0),
	gsSP2Triangles(0, 8, 7, 0, 0, 9, 8, 0),
	gsSP2Triangles(4, 5, 10, 0, 4, 10, 11, 0),
	gsSP2Triangles(12, 4, 11, 0, 12, 3, 4, 0),
	gsSP2Triangles(3, 12, 1, 0, 13, 14, 15, 0),
	gsSP2Triangles(13, 15, 16, 0, 16, 17, 13, 0),
	gsSP2Triangles(17, 18, 13, 0, 19, 13, 18, 0),
	gsSP2Triangles(19, 18, 20, 0, 19, 20, 21, 0),
	gsSP2Triangles(22, 19, 21, 0, 23, 19, 22, 0),
	gsSP2Triangles(23, 22, 24, 0, 13, 23, 24, 0),
	gsSP2Triangles(13, 24, 25, 0, 19, 23, 13, 0),
	gsSPEndDisplayList(),
};

Vtx rsdm_rsdm_mesh_layer_1_vtx_4[354] = {
	{{ {973, 1000, 2973}, 0, {5921, 8615}, {255, 255, 255, 255} }},
	{{ {973, 1000, 2147}, 0, {5921, 6359}, {255, 255, 255, 255} }},
	{{ {124, 1000, 2147}, 0, {3603, 6359}, {255, 255, 255, 255} }},
	{{ {57, 1000, 2258}, 0, {3419, 6663}, {255, 255, 255, 255} }},
	{{ {-1800, 1000, 2973}, 0, {-1652, 8615}, {255, 255, 255, 255} }},
	{{ {-124, 1000, 2234}, 0, {2924, 6596}, {255, 255, 255, 255} }},
	{{ {-25, 1000, 2222}, 0, {3194, 6563}, {255, 255, 255, 255} }},
	{{ {-2200, 1000, 2973}, 0, {-2744, 8615}, {255, 255, 255, 255} }},
	{{ {-2435, 1000, 2147}, 0, {-3387, 6359}, {255, 255, 255, 255} }},
	{{ {-164, 1000, 2147}, 0, {2815, 6359}, {255, 255, 255, 255} }},
	{{ {-3000, 1000, 2973}, 0, {-4929, 8615}, {255, 255, 255, 255} }},
	{{ {-3000, 1000, -2973}, 0, {-4929, -7623}, {255, 255, 255, 255} }},
	{{ {-3000, 1000, 2973}, 0, {-4929, 8615}, {255, 255, 255, 255} }},
	{{ {-2435, 1000, -2147}, 0, {-3387, -5367}, {255, 255, 255, 255} }},
	{{ {973, 1000, -2147}, 0, {5921, -5367}, {255, 255, 255, 255} }},
	{{ {-2200, 1000, -2973}, 0, {-2744, -7623}, {255, 255, 255, 255} }},
	{{ {-1800, 1000, -2973}, 0, {-1652, -7623}, {255, 255, 255, 255} }},
	{{ {973, 1000, -2973}, 0, {5921, -7623}, {255, 255, 255, 255} }},
	{{ {-2389, 1000, 1547}, 0, {-315, 1136}, {255, 255, 255, 255} }},
	{{ {-1882, 1000, 1547}, 0, {1307, 1136}, {255, 255, 255, 255} }},
	{{ {-1882, 1000, 1497}, 0, {1307, 976}, {255, 255, 255, 255} }},
	{{ {-2389, 1000, 1497}, 0, {-315, 976}, {255, 255, 255, 255} }},
	{{ {-2389, 950, 1497}, 0, {-315, -944}, {200, 200, 200, 255} }},
	{{ {-2389, 1000, 1497}, 0, {-315, -1104}, {255, 255, 255, 255} }},
	{{ {-1882, 1000, 1497}, 0, {1307, -1104}, {255, 255, 255, 255} }},
	{{ {-1882, 950, 1497}, 0, {1307, -944}, {200, 200, 200, 255} }},
	{{ {-2389, 950, 1497}, 0, {-315, 976}, {200, 200, 200, 255} }},
	{{ {-1882, 950, 1497}, 0, {1307, 976}, {200, 200, 200, 255} }},
	{{ {-1882, 950, 1447}, 0, {1307, 816}, {254, 254, 254, 255} }},
	{{ {-2389, 950, 1447}, 0, {-315, 816}, {255, 255, 255, 255} }},
	{{ {-2389, 900, 1447}, 0, {-315, -784}, {200, 200, 200, 255} }},
	{{ {-2389, 950, 1447}, 0, {-315, -944}, {255, 255, 255, 255} }},
	{{ {-1882, 950, 1447}, 0, {1307, -944}, {254, 254, 254, 255} }},
	{{ {-1882, 900, 1447}, 0, {1307, -784}, {200, 200, 200, 255} }},
	{{ {-2389, 900, 1447}, 0, {-315, 816}, {200, 200, 200, 255} }},
	{{ {-1882, 900, 1447}, 0, {1307, 816}, {200, 200, 200, 255} }},
	{{ {-1882, 900, 1397}, 0, {1307, 656}, {255, 255, 255, 255} }},
	{{ {-2389, 900, 1397}, 0, {-315, 656}, {255, 255, 255, 255} }},
	{{ {-2389, 850, 1397}, 0, {-315, -624}, {201, 201, 201, 255} }},
	{{ {-2389, 900, 1397}, 0, {-315, -784}, {255, 255, 255, 255} }},
	{{ {-1882, 900, 1397}, 0, {1307, -784}, {255, 255, 255, 255} }},
	{{ {-1882, 850, 1397}, 0, {1307, -624}, {200, 200, 200, 255} }},
	{{ {-2389, 850, 1397}, 0, {-315, 656}, {201, 201, 201, 255} }},
	{{ {-1882, 850, 1397}, 0, {1307, 656}, {200, 200, 200, 255} }},
	{{ {-1882, 850, 1347}, 0, {1307, 496}, {255, 255, 255, 255} }},
	{{ {-2389, 850, 1347}, 0, {-315, 496}, {255, 255, 255, 255} }},
	{{ {-2389, 800, 1347}, 0, {-315, -464}, {208, 208, 208, 255} }},
	{{ {-2389, 850, 1347}, 0, {-315, -624}, {255, 255, 255, 255} }},
	{{ {-1882, 850, 1347}, 0, {1307, -624}, {255, 255, 255, 255} }},
	{{ {-1882, 800, 1347}, 0, {1307, -464}, {200, 200, 200, 255} }},
	{{ {-2389, 800, 1347}, 0, {-315, 496}, {208, 208, 208, 255} }},
	{{ {-1882, 800, 1347}, 0, {1307, 496}, {200, 200, 200, 255} }},
	{{ {-1882, 800, 1297}, 0, {1307, 336}, {255, 255, 255, 255} }},
	{{ {-2389, 800, 1297}, 0, {-315, 336}, {252, 252, 252, 255} }},
	{{ {-2389, 750, 1297}, 0, {-315, -304}, {200, 200, 200, 255} }},
	{{ {-2389, 800, 1297}, 0, {-315, -464}, {252, 252, 252, 255} }},
	{{ {-1882, 800, 1297}, 0, {1307, -464}, {255, 255, 255, 255} }},
	{{ {-1882, 750, 1297}, 0, {1307, -304}, {215, 215, 215, 255} }},
	{{ {-2389, 750, 1297}, 0, {-315, 336}, {200, 200, 200, 255} }},
	{{ {-1882, 750, 1297}, 0, {1307, 336}, {215, 215, 215, 255} }},
	{{ {-1882, 750, 1247}, 0, {1307, 176}, {255, 255, 255, 255} }},
	{{ {-2389, 750, 1247}, 0, {-315, 176}, {255, 255, 255, 255} }},
	{{ {-2389, 700, 1247}, 0, {-315, -144}, {200, 200, 200, 255} }},
	{{ {-2389, 750, 1247}, 0, {-315, -304}, {255, 255, 255, 255} }},
	{{ {-1882, 750, 1247}, 0, {1307, -304}, {255, 255, 255, 255} }},
	{{ {-1882, 700, 1247}, 0, {1307, -144}, {201, 201, 201, 255} }},
	{{ {-2389, 700, 1247}, 0, {-315, 176}, {200, 200, 200, 255} }},
	{{ {-1882, 700, 1247}, 0, {1307, 176}, {201, 201, 201, 255} }},
	{{ {-1882, 700, 1197}, 0, {1307, 16}, {255, 255, 255, 255} }},
	{{ {-2389, 700, 1197}, 0, {-315, 16}, {255, 255, 255, 255} }},
	{{ {-2389, 650, 1197}, 0, {-315, 16}, {200, 200, 200, 255} }},
	{{ {-2389, 700, 1197}, 0, {-315, -144}, {255, 255, 255, 255} }},
	{{ {-1882, 700, 1197}, 0, {1307, -144}, {255, 255, 255, 255} }},
	{{ {-1882, 650, 1197}, 0, {1307, 16}, {200, 200, 200, 255} }},
	{{ {-2389, 650, 1197}, 0, {-315, 16}, {200, 200, 200, 255} }},
	{{ {-1882, 650, 1197}, 0, {1307, 16}, {200, 200, 200, 255} }},
	{{ {-1882, 650, 1147}, 0, {1307, -144}, {255, 255, 255, 255} }},
	{{ {-2389, 650, 1147}, 0, {-315, -144}, {255, 255, 255, 255} }},
	{{ {-2389, 600, 1147}, 0, {-315, 176}, {200, 200, 200, 255} }},
	{{ {-2389, 650, 1147}, 0, {-315, 16}, {255, 255, 255, 255} }},
	{{ {-1882, 650, 1147}, 0, {1307, 16}, {255, 255, 255, 255} }},
	{{ {-1882, 600, 1147}, 0, {1307, 176}, {212, 212, 212, 255} }},
	{{ {-2389, 600, 1147}, 0, {-315, -144}, {200, 200, 200, 255} }},
	{{ {-1882, 600, 1147}, 0, {1307, -144}, {212, 212, 212, 255} }},
	{{ {-1882, 600, 1097}, 0, {1307, -304}, {255, 255, 255, 255} }},
	{{ {-2389, 600, 1097}, 0, {-315, -304}, {255, 255, 255, 255} }},
	{{ {-2389, 550, 1097}, 0, {-315, 336}, {200, 200, 200, 255} }},
	{{ {-2389, 600, 1097}, 0, {-315, 176}, {255, 255, 255, 255} }},
	{{ {-1882, 600, 1097}, 0, {1307, 176}, {255, 255, 255, 255} }},
	{{ {-1882, 550, 1097}, 0, {1307, 336}, {201, 201, 201, 255} }},
	{{ {-2389, 550, 1097}, 0, {-315, -304}, {200, 200, 200, 255} }},
	{{ {-1882, 550, 1097}, 0, {1307, -304}, {201, 201, 201, 255} }},
	{{ {-1882, 550, 1047}, 0, {1307, -464}, {255, 255, 255, 255} }},
	{{ {-2389, 550, 1047}, 0, {-315, -464}, {255, 255, 255, 255} }},
	{{ {-2389, 500, 1047}, 0, {-315, 496}, {200, 200, 200, 255} }},
	{{ {-2389, 550, 1047}, 0, {-315, 336}, {255, 255, 255, 255} }},
	{{ {-1882, 550, 1047}, 0, {1307, 336}, {255, 255, 255, 255} }},
	{{ {-1882, 500, 1047}, 0, {1307, 496}, {200, 200, 200, 255} }},
	{{ {-2389, 500, 1047}, 0, {-315, -464}, {200, 200, 200, 255} }},
	{{ {-1882, 500, 1047}, 0, {1307, -464}, {200, 200, 200, 255} }},
	{{ {-1882, 500, 997}, 0, {1307, -624}, {255, 255, 255, 255} }},
	{{ {-2389, 500, 997}, 0, {-315, -624}, {255, 255, 255, 255} }},
	{{ {-2389, 450, 997}, 0, {-315, 656}, {200, 200, 200, 255} }},
	{{ {-2389, 500, 997}, 0, {-315, 496}, {255, 255, 255, 255} }},
	{{ {-1882, 500, 997}, 0, {1307, 496}, {255, 255, 255, 255} }},
	{{ {-1882, 450, 997}, 0, {1307, 656}, {200, 200, 200, 255} }},
	{{ {-2389, 450, 997}, 0, {-315, -624}, {200, 200, 200, 255} }},
	{{ {-1882, 450, 997}, 0, {1307, -624}, {200, 200, 200, 255} }},
	{{ {-1882, 450, 947}, 0, {1307, -784}, {255, 255, 255, 255} }},
	{{ {-2389, 450, 947}, 0, {-315, -784}, {255, 255, 255, 255} }},
	{{ {-2389, 400, 947}, 0, {-315, 816}, {200, 200, 200, 255} }},
	{{ {-2389, 450, 947}, 0, {-315, 656}, {255, 255, 255, 255} }},
	{{ {-1882, 450, 947}, 0, {1307, 656}, {255, 255, 255, 255} }},
	{{ {-1882, 400, 947}, 0, {1307, 816}, {200, 200, 200, 255} }},
	{{ {-2389, 400, 947}, 0, {-315, -784}, {200, 200, 200, 255} }},
	{{ {-1882, 400, 947}, 0, {1307, -784}, {200, 200, 200, 255} }},
	{{ {-1882, 400, 897}, 0, {1307, -944}, {255, 255, 255, 255} }},
	{{ {-2389, 400, 897}, 0, {-315, -944}, {255, 255, 255, 255} }},
	{{ {-2389, 350, 897}, 0, {-315, 976}, {200, 200, 200, 255} }},
	{{ {-2389, 400, 897}, 0, {-315, 816}, {255, 255, 255, 255} }},
	{{ {-1882, 400, 897}, 0, {1307, 816}, {255, 255, 255, 255} }},
	{{ {-1882, 350, 897}, 0, {1307, 976}, {211, 211, 211, 255} }},
	{{ {-2389, 350, 897}, 0, {-315, -944}, {200, 200, 200, 255} }},
	{{ {-1882, 350, 897}, 0, {1307, -944}, {211, 211, 211, 255} }},
	{{ {-1882, 350, 847}, 0, {1307, -1104}, {255, 255, 255, 255} }},
	{{ {-2389, 350, 847}, 0, {-315, -1104}, {255, 255, 255, 255} }},
	{{ {-2389, 300, 847}, 0, {-315, 1136}, {200, 200, 200, 255} }},
	{{ {-2389, 350, 847}, 0, {-315, 976}, {255, 255, 255, 255} }},
	{{ {-1882, 350, 847}, 0, {1307, 976}, {255, 255, 255, 255} }},
	{{ {-1882, 300, 847}, 0, {1307, 1136}, {200, 200, 200, 255} }},
	{{ {-2389, 300, 847}, 0, {-315, -1104}, {200, 200, 200, 255} }},
	{{ {-1882, 300, 847}, 0, {1307, -1104}, {200, 200, 200, 255} }},
	{{ {-1882, 300, 797}, 0, {1307, -1264}, {255, 255, 255, 255} }},
	{{ {-2389, 300, 797}, 0, {-315, -1264}, {255, 255, 255, 255} }},
	{{ {-2389, 250, 797}, 0, {-315, 1296}, {200, 200, 200, 255} }},
	{{ {-2389, 300, 797}, 0, {-315, 1136}, {255, 255, 255, 255} }},
	{{ {-1882, 300, 797}, 0, {1307, 1136}, {255, 255, 255, 255} }},
	{{ {-1882, 250, 797}, 0, {1307, 1296}, {200, 200, 200, 255} }},
	{{ {-2389, 250, 797}, 0, {-315, -1264}, {200, 200, 200, 255} }},
	{{ {-1882, 250, 797}, 0, {1307, -1264}, {200, 200, 200, 255} }},
	{{ {-1882, 250, 747}, 0, {1307, -1424}, {255, 255, 255, 255} }},
	{{ {-2389, 250, 747}, 0, {-315, -1424}, {255, 255, 255, 255} }},
	{{ {-2389, 200, 747}, 0, {-315, 1456}, {200, 200, 200, 255} }},
	{{ {-2389, 250, 747}, 0, {-315, 1296}, {255, 255, 255, 255} }},
	{{ {-1882, 250, 747}, 0, {1307, 1296}, {255, 255, 255, 255} }},
	{{ {-1882, 200, 747}, 0, {1307, 1456}, {200, 200, 200, 255} }},
	{{ {-2389, 200, 747}, 0, {-315, -1424}, {200, 200, 200, 255} }},
	{{ {-1882, 200, 747}, 0, {1307, -1424}, {200, 200, 200, 255} }},
	{{ {-1882, 200, 697}, 0, {1307, -1584}, {255, 255, 255, 255} }},
	{{ {-2389, 200, 697}, 0, {-315, -1584}, {240, 240, 240, 255} }},
	{{ {-2389, 150, 697}, 0, {-315, 1616}, {200, 200, 200, 255} }},
	{{ {-2389, 200, 697}, 0, {-315, 1456}, {240, 240, 240, 255} }},
	{{ {-1882, 200, 697}, 0, {1307, 1456}, {255, 255, 255, 255} }},
	{{ {-1882, 150, 697}, 0, {1307, 1616}, {200, 200, 200, 255} }},
	{{ {-2389, 150, 697}, 0, {-315, -1584}, {200, 200, 200, 255} }},
	{{ {-1882, 150, 697}, 0, {1307, -1584}, {200, 200, 200, 255} }},
	{{ {-1882, 150, 647}, 0, {1307, -1744}, {255, 255, 255, 255} }},
	{{ {-2389, 150, 647}, 0, {-315, -1744}, {255, 255, 255, 255} }},
	{{ {-2389, 100, 647}, 0, {-315, 1776}, {209, 209, 209, 255} }},
	{{ {-2389, 150, 647}, 0, {-315, 1616}, {255, 255, 255, 255} }},
	{{ {-1882, 150, 647}, 0, {1307, 1616}, {255, 255, 255, 255} }},
	{{ {-1882, 100, 647}, 0, {1307, 1776}, {200, 200, 200, 255} }},
	{{ {-2389, 100, 647}, 0, {-315, -1744}, {209, 209, 209, 255} }},
	{{ {-1882, 100, 647}, 0, {1307, -1744}, {200, 200, 200, 255} }},
	{{ {-1882, 100, 597}, 0, {1307, -1904}, {255, 255, 255, 255} }},
	{{ {-2389, 100, 597}, 0, {-315, -1904}, {255, 255, 255, 255} }},
	{{ {-2389, 50, 597}, 0, {-315, 1936}, {200, 200, 200, 255} }},
	{{ {-2389, 100, 597}, 0, {-315, 1776}, {255, 255, 255, 255} }},
	{{ {-1882, 100, 597}, 0, {1307, 1776}, {255, 255, 255, 255} }},
	{{ {-1882, 50, 597}, 0, {1307, 1936}, {200, 200, 200, 255} }},
	{{ {-2389, 50, 597}, 0, {-315, -1904}, {200, 200, 200, 255} }},
	{{ {-1882, 50, 597}, 0, {1307, -1904}, {200, 200, 200, 255} }},
	{{ {-1882, 50, 547}, 0, {1307, -2064}, {255, 255, 255, 255} }},
	{{ {-2389, 50, 547}, 0, {-315, -2064}, {255, 255, 255, 255} }},
	{{ {-2389, 0, 547}, 0, {-315, 2096}, {255, 255, 255, 255} }},
	{{ {-2389, 50, 547}, 0, {-315, 1936}, {255, 255, 255, 255} }},
	{{ {-1882, 50, 547}, 0, {1307, 1936}, {255, 255, 255, 255} }},
	{{ {-1882, 0, 547}, 0, {1307, 2096}, {255, 255, 255, 255} }},
	{{ {-1835, 1000, 1547}, 0, {-1748, 4721}, {255, 255, 255, 255} }},
	{{ {-2435, 1000, 1547}, 0, {-3387, 4721}, {255, 255, 255, 255} }},
	{{ {-2435, 1000, 2147}, 0, {-3387, 6359}, {255, 255, 255, 255} }},
	{{ {-1835, 1000, 2147}, 0, {-1748, 6359}, {255, 255, 255, 255} }},
	{{ {-2389, 1000, -1547}, 0, {-315, 1136}, {255, 255, 255, 255} }},
	{{ {-2389, 1000, -1497}, 0, {-315, 976}, {255, 255, 255, 255} }},
	{{ {-1882, 1000, -1497}, 0, {1307, 976}, {255, 255, 255, 255} }},
	{{ {-1882, 1000, -1547}, 0, {1307, 1136}, {255, 255, 255, 255} }},
	{{ {-2389, 950, -1497}, 0, {-315, -944}, {200, 200, 200, 255} }},
	{{ {-1882, 950, -1497}, 0, {1307, -944}, {200, 200, 200, 255} }},
	{{ {-1882, 1000, -1497}, 0, {1307, -1104}, {255, 255, 255, 255} }},
	{{ {-2389, 1000, -1497}, 0, {-315, -1104}, {255, 255, 255, 255} }},
	{{ {-2389, 950, -1497}, 0, {-315, 976}, {200, 200, 200, 255} }},
	{{ {-2389, 950, -1447}, 0, {-315, 816}, {255, 255, 255, 255} }},
	{{ {-1882, 950, -1447}, 0, {1307, 816}, {254, 254, 254, 255} }},
	{{ {-1882, 950, -1497}, 0, {1307, 976}, {200, 200, 200, 255} }},
	{{ {-2389, 900, -1447}, 0, {-315, -784}, {200, 200, 200, 255} }},
	{{ {-1882, 900, -1447}, 0, {1307, -784}, {200, 200, 200, 255} }},
	{{ {-1882, 950, -1447}, 0, {1307, -944}, {254, 254, 254, 255} }},
	{{ {-2389, 950, -1447}, 0, {-315, -944}, {255, 255, 255, 255} }},
	{{ {-2389, 900, -1447}, 0, {-315, 816}, {200, 200, 200, 255} }},
	{{ {-2389, 900, -1397}, 0, {-315, 656}, {255, 255, 255, 255} }},
	{{ {-1882, 900, -1397}, 0, {1307, 656}, {255, 255, 255, 255} }},
	{{ {-1882, 900, -1447}, 0, {1307, 816}, {200, 200, 200, 255} }},
	{{ {-2389, 850, -1397}, 0, {-315, -624}, {201, 201, 201, 255} }},
	{{ {-1882, 850, -1397}, 0, {1307, -624}, {200, 200, 200, 255} }},
	{{ {-1882, 900, -1397}, 0, {1307, -784}, {255, 255, 255, 255} }},
	{{ {-2389, 900, -1397}, 0, {-315, -784}, {255, 255, 255, 255} }},
	{{ {-2389, 850, -1397}, 0, {-315, 656}, {201, 201, 201, 255} }},
	{{ {-2389, 850, -1347}, 0, {-315, 496}, {255, 255, 255, 255} }},
	{{ {-1882, 850, -1347}, 0, {1307, 496}, {255, 255, 255, 255} }},
	{{ {-1882, 850, -1397}, 0, {1307, 656}, {200, 200, 200, 255} }},
	{{ {-2389, 800, -1347}, 0, {-315, -464}, {208, 208, 208, 255} }},
	{{ {-1882, 800, -1347}, 0, {1307, -464}, {200, 200, 200, 255} }},
	{{ {-1882, 850, -1347}, 0, {1307, -624}, {255, 255, 255, 255} }},
	{{ {-2389, 850, -1347}, 0, {-315, -624}, {255, 255, 255, 255} }},
	{{ {-2389, 800, -1347}, 0, {-315, 496}, {208, 208, 208, 255} }},
	{{ {-2389, 800, -1297}, 0, {-315, 336}, {252, 252, 252, 255} }},
	{{ {-1882, 800, -1297}, 0, {1307, 336}, {255, 255, 255, 255} }},
	{{ {-1882, 800, -1347}, 0, {1307, 496}, {200, 200, 200, 255} }},
	{{ {-2389, 750, -1297}, 0, {-315, -304}, {200, 200, 200, 255} }},
	{{ {-1882, 750, -1297}, 0, {1307, -304}, {215, 215, 215, 255} }},
	{{ {-1882, 800, -1297}, 0, {1307, -464}, {255, 255, 255, 255} }},
	{{ {-2389, 800, -1297}, 0, {-315, -464}, {252, 252, 252, 255} }},
	{{ {-2389, 750, -1297}, 0, {-315, 336}, {200, 200, 200, 255} }},
	{{ {-2389, 750, -1247}, 0, {-315, 176}, {255, 255, 255, 255} }},
	{{ {-1882, 750, -1247}, 0, {1307, 176}, {255, 255, 255, 255} }},
	{{ {-1882, 750, -1297}, 0, {1307, 336}, {215, 215, 215, 255} }},
	{{ {-2389, 700, -1247}, 0, {-315, -144}, {200, 200, 200, 255} }},
	{{ {-1882, 700, -1247}, 0, {1307, -144}, {201, 201, 201, 255} }},
	{{ {-1882, 750, -1247}, 0, {1307, -304}, {255, 255, 255, 255} }},
	{{ {-2389, 750, -1247}, 0, {-315, -304}, {255, 255, 255, 255} }},
	{{ {-2389, 700, -1247}, 0, {-315, 176}, {200, 200, 200, 255} }},
	{{ {-2389, 700, -1197}, 0, {-315, 16}, {255, 255, 255, 255} }},
	{{ {-1882, 700, -1197}, 0, {1307, 16}, {255, 255, 255, 255} }},
	{{ {-1882, 700, -1247}, 0, {1307, 176}, {201, 201, 201, 255} }},
	{{ {-2389, 650, -1197}, 0, {-315, 16}, {200, 200, 200, 255} }},
	{{ {-1882, 650, -1197}, 0, {1307, 16}, {200, 200, 200, 255} }},
	{{ {-1882, 700, -1197}, 0, {1307, -144}, {255, 255, 255, 255} }},
	{{ {-2389, 700, -1197}, 0, {-315, -144}, {255, 255, 255, 255} }},
	{{ {-2389, 650, -1197}, 0, {-315, 16}, {200, 200, 200, 255} }},
	{{ {-2389, 650, -1147}, 0, {-315, -144}, {255, 255, 255, 255} }},
	{{ {-1882, 650, -1147}, 0, {1307, -144}, {255, 255, 255, 255} }},
	{{ {-1882, 650, -1197}, 0, {1307, 16}, {200, 200, 200, 255} }},
	{{ {-2389, 600, -1147}, 0, {-315, 176}, {200, 200, 200, 255} }},
	{{ {-1882, 600, -1147}, 0, {1307, 176}, {212, 212, 212, 255} }},
	{{ {-1882, 650, -1147}, 0, {1307, 16}, {255, 255, 255, 255} }},
	{{ {-2389, 650, -1147}, 0, {-315, 16}, {255, 255, 255, 255} }},
	{{ {-2389, 600, -1147}, 0, {-315, -144}, {200, 200, 200, 255} }},
	{{ {-2389, 600, -1097}, 0, {-315, -304}, {255, 255, 255, 255} }},
	{{ {-1882, 600, -1097}, 0, {1307, -304}, {255, 255, 255, 255} }},
	{{ {-1882, 600, -1147}, 0, {1307, -144}, {212, 212, 212, 255} }},
	{{ {-2389, 550, -1097}, 0, {-315, 336}, {200, 200, 200, 255} }},
	{{ {-1882, 550, -1097}, 0, {1307, 336}, {201, 201, 201, 255} }},
	{{ {-1882, 600, -1097}, 0, {1307, 176}, {255, 255, 255, 255} }},
	{{ {-2389, 600, -1097}, 0, {-315, 176}, {255, 255, 255, 255} }},
	{{ {-2389, 550, -1097}, 0, {-315, -304}, {200, 200, 200, 255} }},
	{{ {-2389, 550, -1047}, 0, {-315, -464}, {255, 255, 255, 255} }},
	{{ {-1882, 550, -1047}, 0, {1307, -464}, {255, 255, 255, 255} }},
	{{ {-1882, 550, -1097}, 0, {1307, -304}, {201, 201, 201, 255} }},
	{{ {-2389, 500, -1047}, 0, {-315, 496}, {200, 200, 200, 255} }},
	{{ {-1882, 500, -1047}, 0, {1307, 496}, {200, 200, 200, 255} }},
	{{ {-1882, 550, -1047}, 0, {1307, 336}, {255, 255, 255, 255} }},
	{{ {-2389, 550, -1047}, 0, {-315, 336}, {255, 255, 255, 255} }},
	{{ {-2389, 500, -1047}, 0, {-315, -464}, {200, 200, 200, 255} }},
	{{ {-2389, 500, -997}, 0, {-315, -624}, {255, 255, 255, 255} }},
	{{ {-1882, 500, -997}, 0, {1307, -624}, {255, 255, 255, 255} }},
	{{ {-1882, 500, -1047}, 0, {1307, -464}, {200, 200, 200, 255} }},
	{{ {-2389, 450, -997}, 0, {-315, 656}, {200, 200, 200, 255} }},
	{{ {-1882, 450, -997}, 0, {1307, 656}, {200, 200, 200, 255} }},
	{{ {-1882, 500, -997}, 0, {1307, 496}, {255, 255, 255, 255} }},
	{{ {-2389, 500, -997}, 0, {-315, 496}, {255, 255, 255, 255} }},
	{{ {-2389, 450, -997}, 0, {-315, -624}, {200, 200, 200, 255} }},
	{{ {-2389, 450, -947}, 0, {-315, -784}, {255, 255, 255, 255} }},
	{{ {-1882, 450, -947}, 0, {1307, -784}, {255, 255, 255, 255} }},
	{{ {-1882, 450, -997}, 0, {1307, -624}, {200, 200, 200, 255} }},
	{{ {-2389, 400, -947}, 0, {-315, 816}, {200, 200, 200, 255} }},
	{{ {-1882, 400, -947}, 0, {1307, 816}, {200, 200, 200, 255} }},
	{{ {-1882, 450, -947}, 0, {1307, 656}, {255, 255, 255, 255} }},
	{{ {-2389, 450, -947}, 0, {-315, 656}, {255, 255, 255, 255} }},
	{{ {-2389, 400, -947}, 0, {-315, -784}, {200, 200, 200, 255} }},
	{{ {-2389, 400, -897}, 0, {-315, -944}, {255, 255, 255, 255} }},
	{{ {-1882, 400, -897}, 0, {1307, -944}, {255, 255, 255, 255} }},
	{{ {-1882, 400, -947}, 0, {1307, -784}, {200, 200, 200, 255} }},
	{{ {-2389, 350, -897}, 0, {-315, 976}, {200, 200, 200, 255} }},
	{{ {-1882, 350, -897}, 0, {1307, 976}, {211, 211, 211, 255} }},
	{{ {-1882, 400, -897}, 0, {1307, 816}, {255, 255, 255, 255} }},
	{{ {-2389, 400, -897}, 0, {-315, 816}, {255, 255, 255, 255} }},
	{{ {-2389, 350, -897}, 0, {-315, -944}, {200, 200, 200, 255} }},
	{{ {-2389, 350, -847}, 0, {-315, -1104}, {255, 255, 255, 255} }},
	{{ {-1882, 350, -847}, 0, {1307, -1104}, {255, 255, 255, 255} }},
	{{ {-1882, 350, -897}, 0, {1307, -944}, {211, 211, 211, 255} }},
	{{ {-2389, 300, -847}, 0, {-315, 1136}, {200, 200, 200, 255} }},
	{{ {-1882, 300, -847}, 0, {1307, 1136}, {200, 200, 200, 255} }},
	{{ {-1882, 350, -847}, 0, {1307, 976}, {255, 255, 255, 255} }},
	{{ {-2389, 350, -847}, 0, {-315, 976}, {255, 255, 255, 255} }},
	{{ {-2389, 300, -847}, 0, {-315, -1104}, {200, 200, 200, 255} }},
	{{ {-2389, 300, -797}, 0, {-315, -1264}, {255, 255, 255, 255} }},
	{{ {-1882, 300, -797}, 0, {1307, -1264}, {255, 255, 255, 255} }},
	{{ {-1882, 300, -847}, 0, {1307, -1104}, {200, 200, 200, 255} }},
	{{ {-2389, 250, -797}, 0, {-315, 1296}, {200, 200, 200, 255} }},
	{{ {-1882, 250, -797}, 0, {1307, 1296}, {200, 200, 200, 255} }},
	{{ {-1882, 300, -797}, 0, {1307, 1136}, {255, 255, 255, 255} }},
	{{ {-2389, 300, -797}, 0, {-315, 1136}, {255, 255, 255, 255} }},
	{{ {-2389, 250, -797}, 0, {-315, -1264}, {200, 200, 200, 255} }},
	{{ {-2389, 250, -747}, 0, {-315, -1424}, {255, 255, 255, 255} }},
	{{ {-1882, 250, -747}, 0, {1307, -1424}, {255, 255, 255, 255} }},
	{{ {-1882, 250, -797}, 0, {1307, -1264}, {200, 200, 200, 255} }},
	{{ {-2389, 200, -747}, 0, {-315, 1456}, {200, 200, 200, 255} }},
	{{ {-1882, 200, -747}, 0, {1307, 1456}, {200, 200, 200, 255} }},
	{{ {-1882, 250, -747}, 0, {1307, 1296}, {255, 255, 255, 255} }},
	{{ {-2389, 250, -747}, 0, {-315, 1296}, {255, 255, 255, 255} }},
	{{ {-2389, 200, -747}, 0, {-315, -1424}, {200, 200, 200, 255} }},
	{{ {-2389, 200, -697}, 0, {-315, -1584}, {240, 240, 240, 255} }},
	{{ {-1882, 200, -697}, 0, {1307, -1584}, {255, 255, 255, 255} }},
	{{ {-1882, 200, -747}, 0, {1307, -1424}, {200, 200, 200, 255} }},
	{{ {-2389, 150, -697}, 0, {-315, 1616}, {200, 200, 200, 255} }},
	{{ {-1882, 150, -697}, 0, {1307, 1616}, {200, 200, 200, 255} }},
	{{ {-1882, 200, -697}, 0, {1307, 1456}, {255, 255, 255, 255} }},
	{{ {-2389, 200, -697}, 0, {-315, 1456}, {240, 240, 240, 255} }},
	{{ {-2389, 150, -697}, 0, {-315, -1584}, {200, 200, 200, 255} }},
	{{ {-2389, 150, -647}, 0, {-315, -1744}, {255, 255, 255, 255} }},
	{{ {-1882, 150, -647}, 0, {1307, -1744}, {255, 255, 255, 255} }},
	{{ {-1882, 150, -697}, 0, {1307, -1584}, {200, 200, 200, 255} }},
	{{ {-2389, 100, -647}, 0, {-315, 1776}, {209, 209, 209, 255} }},
	{{ {-1882, 100, -647}, 0, {1307, 1776}, {200, 200, 200, 255} }},
	{{ {-1882, 150, -647}, 0, {1307, 1616}, {255, 255, 255, 255} }},
	{{ {-2389, 150, -647}, 0, {-315, 1616}, {255, 255, 255, 255} }},
	{{ {-2389, 100, -647}, 0, {-315, -1744}, {209, 209, 209, 255} }},
	{{ {-2389, 100, -597}, 0, {-315, -1904}, {255, 255, 255, 255} }},
	{{ {-1882, 100, -597}, 0, {1307, -1904}, {255, 255, 255, 255} }},
	{{ {-1882, 100, -647}, 0, {1307, -1744}, {200, 200, 200, 255} }},
	{{ {-2389, 50, -597}, 0, {-315, 1936}, {200, 200, 200, 255} }},
	{{ {-1882, 50, -597}, 0, {1307, 1936}, {200, 200, 200, 255} }},
	{{ {-1882, 100, -597}, 0, {1307, 1776}, {255, 255, 255, 255} }},
	{{ {-2389, 100, -597}, 0, {-315, 1776}, {255, 255, 255, 255} }},
	{{ {-2389, 50, -597}, 0, {-315, -1904}, {200, 200, 200, 255} }},
	{{ {-2389, 50, -547}, 0, {-315, -2064}, {255, 255, 255, 255} }},
	{{ {-1882, 50, -547}, 0, {1307, -2064}, {255, 255, 255, 255} }},
	{{ {-1882, 50, -597}, 0, {1307, -1904}, {200, 200, 200, 255} }},
	{{ {-2389, 0, -547}, 0, {-315, 2096}, {255, 255, 255, 255} }},
	{{ {-1882, 0, -547}, 0, {1307, 2096}, {255, 255, 255, 255} }},
	{{ {-1882, 50, -547}, 0, {1307, 1936}, {255, 255, 255, 255} }},
	{{ {-2389, 50, -547}, 0, {-315, 1936}, {255, 255, 255, 255} }},
	{{ {-1835, 1000, -1547}, 0, {-1748, -3729}, {255, 255, 255, 255} }},
	{{ {-1835, 1000, -2147}, 0, {-1748, -5367}, {255, 255, 255, 255} }},
	{{ {-2435, 1000, -2147}, 0, {-3387, -5367}, {255, 255, 255, 255} }},
	{{ {-2435, 1000, -1547}, 0, {-3387, -3729}, {255, 255, 255, 255} }},
	{{ {-3000, 0, 200}, 0, {-6982, 1249}, {171, 171, 171, 255} }},
	{{ {-2651, 0, -200}, 0, {-5667, -257}, {255, 255, 255, 255} }},
	{{ {-3000, 0, -200}, 0, {-6982, -257}, {198, 198, 198, 255} }},
	{{ {-2646, 0, 200}, 0, {-5650, 1249}, {255, 255, 255, 255} }},
	{{ {-2651, 0, -200}, 0, {-5667, -257}, {255, 255, 255, 255} }},
	{{ {-2646, 0, 200}, 0, {-5650, 1249}, {255, 255, 255, 255} }},
	{{ {973, 0, 200}, 0, {7974, 1249}, {255, 255, 255, 255} }},
	{{ {973, 0, -200}, 0, {7974, -257}, {255, 255, 255, 255} }},
};

Gfx rsdm_rsdm_mesh_layer_1_tri_4[] = {
	gsSPVertex(rsdm_rsdm_mesh_layer_1_vtx_4 + 0, 30, 0),
	gsSP2Triangles(0, 1, 2, 0, 0, 2, 3, 0),
	gsSP2Triangles(4, 0, 3, 0, 4, 3, 5, 0),
	gsSP2Triangles(3, 6, 5, 0, 7, 4, 5, 0),
	gsSP2Triangles(5, 8, 7, 0, 5, 9, 8, 0),
	gsSP2Triangles(8, 10, 7, 0, 8, 11, 12, 0),
	gsSP2Triangles(8, 13, 11, 0, 11, 13, 14, 0),
	gsSP2Triangles(15, 11, 14, 0, 14, 16, 15, 0),
	gsSP2Triangles(14, 17, 16, 0, 18, 19, 20, 0),
	gsSP2Triangles(18, 20, 21, 0, 22, 23, 24, 0),
	gsSP2Triangles(22, 24, 25, 0, 26, 27, 28, 0),
	gsSP1Triangle(26, 28, 29, 0),
	gsSPVertex(rsdm_rsdm_mesh_layer_1_vtx_4 + 30, 32, 0),
	gsSP2Triangles(0, 1, 2, 0, 0, 2, 3, 0),
	gsSP2Triangles(4, 5, 6, 0, 4, 6, 7, 0),
	gsSP2Triangles(8, 9, 10, 0, 8, 10, 11, 0),
	gsSP2Triangles(12, 13, 14, 0, 12, 14, 15, 0),
	gsSP2Triangles(16, 17, 18, 0, 16, 18, 19, 0),
	gsSP2Triangles(20, 21, 22, 0, 20, 22, 23, 0),
	gsSP2Triangles(24, 25, 26, 0, 24, 26, 27, 0),
	gsSP2Triangles(28, 29, 30, 0, 28, 30, 31, 0),
	gsSPVertex(rsdm_rsdm_mesh_layer_1_vtx_4 + 62, 32, 0),
	gsSP2Triangles(0, 1, 2, 0, 0, 2, 3, 0),
	gsSP2Triangles(4, 5, 6, 0, 4, 6, 7, 0),
	gsSP2Triangles(8, 9, 10, 0, 8, 10, 11, 0),
	gsSP2Triangles(12, 13, 14, 0, 12, 14, 15, 0),
	gsSP2Triangles(16, 17, 18, 0, 16, 18, 19, 0),
	gsSP2Triangles(20, 21, 22, 0, 20, 22, 23, 0),
	gsSP2Triangles(24, 25, 26, 0, 24, 26, 27, 0),
	gsSP2Triangles(28, 29, 30, 0, 28, 30, 31, 0),
	gsSPVertex(rsdm_rsdm_mesh_layer_1_vtx_4 + 94, 32, 0),
	gsSP2Triangles(0, 1, 2, 0, 0, 2, 3, 0),
	gsSP2Triangles(4, 5, 6, 0, 4, 6, 7, 0),
	gsSP2Triangles(8, 9, 10, 0, 8, 10, 11, 0),
	gsSP2Triangles(12, 13, 14, 0, 12, 14, 15, 0),
	gsSP2Triangles(16, 17, 18, 0, 16, 18, 19, 0),
	gsSP2Triangles(20, 21, 22, 0, 20, 22, 23, 0),
	gsSP2Triangles(24, 25, 26, 0, 24, 26, 27, 0),
	gsSP2Triangles(28, 29, 30, 0, 28, 30, 31, 0),
	gsSPVertex(rsdm_rsdm_mesh_layer_1_vtx_4 + 126, 32, 0),
	gsSP2Triangles(0, 1, 2, 0, 0, 2, 3, 0),
	gsSP2Triangles(4, 5, 6, 0, 4, 6, 7, 0),
	gsSP2Triangles(8, 9, 10, 0, 8, 10, 11, 0),
	gsSP2Triangles(12, 13, 14, 0, 12, 14, 15, 0),
	gsSP2Triangles(16, 17, 18, 0, 16, 18, 19, 0),
	gsSP2Triangles(20, 21, 22, 0, 20, 22, 23, 0),
	gsSP2Triangles(24, 25, 26, 0, 24, 26, 27, 0),
	gsSP2Triangles(28, 29, 30, 0, 28, 30, 31, 0),
	gsSPVertex(rsdm_rsdm_mesh_layer_1_vtx_4 + 158, 32, 0),
	gsSP2Triangles(0, 1, 2, 0, 0, 2, 3, 0),
	gsSP2Triangles(4, 5, 6, 0, 4, 6, 7, 0),
	gsSP2Triangles(8, 9, 10, 0, 8, 10, 11, 0),
	gsSP2Triangles(12, 13, 14, 0, 12, 14, 15, 0),
	gsSP2Triangles(16, 17, 18, 0, 16, 18, 19, 0),
	gsSP2Triangles(20, 21, 22, 0, 20, 22, 23, 0),
	gsSP2Triangles(24, 25, 26, 0, 24, 26, 27, 0),
	gsSP2Triangles(28, 29, 30, 0, 28, 30, 31, 0),
	gsSPVertex(rsdm_rsdm_mesh_layer_1_vtx_4 + 190, 32, 0),
	gsSP2Triangles(0, 1, 2, 0, 0, 2, 3, 0),
	gsSP2Triangles(4, 5, 6, 0, 4, 6, 7, 0),
	gsSP2Triangles(8, 9, 10, 0, 8, 10, 11, 0),
	gsSP2Triangles(12, 13, 14, 0, 12, 14, 15, 0),
	gsSP2Triangles(16, 17, 18, 0, 16, 18, 19, 0),
	gsSP2Triangles(20, 21, 22, 0, 20, 22, 23, 0),
	gsSP2Triangles(24, 25, 26, 0, 24, 26, 27, 0),
	gsSP2Triangles(28, 29, 30, 0, 28, 30, 31, 0),
	gsSPVertex(rsdm_rsdm_mesh_layer_1_vtx_4 + 222, 32, 0),
	gsSP2Triangles(0, 1, 2, 0, 0, 2, 3, 0),
	gsSP2Triangles(4, 5, 6, 0, 4, 6, 7, 0),
	gsSP2Triangles(8, 9, 10, 0, 8, 10, 11, 0),
	gsSP2Triangles(12, 13, 14, 0, 12, 14, 15, 0),
	gsSP2Triangles(16, 17, 18, 0, 16, 18, 19, 0),
	gsSP2Triangles(20, 21, 22, 0, 20, 22, 23, 0),
	gsSP2Triangles(24, 25, 26, 0, 24, 26, 27, 0),
	gsSP2Triangles(28, 29, 30, 0, 28, 30, 31, 0),
	gsSPVertex(rsdm_rsdm_mesh_layer_1_vtx_4 + 254, 32, 0),
	gsSP2Triangles(0, 1, 2, 0, 0, 2, 3, 0),
	gsSP2Triangles(4, 5, 6, 0, 4, 6, 7, 0),
	gsSP2Triangles(8, 9, 10, 0, 8, 10, 11, 0),
	gsSP2Triangles(12, 13, 14, 0, 12, 14, 15, 0),
	gsSP2Triangles(16, 17, 18, 0, 16, 18, 19, 0),
	gsSP2Triangles(20, 21, 22, 0, 20, 22, 23, 0),
	gsSP2Triangles(24, 25, 26, 0, 24, 26, 27, 0),
	gsSP2Triangles(28, 29, 30, 0, 28, 30, 31, 0),
	gsSPVertex(rsdm_rsdm_mesh_layer_1_vtx_4 + 286, 32, 0),
	gsSP2Triangles(0, 1, 2, 0, 0, 2, 3, 0),
	gsSP2Triangles(4, 5, 6, 0, 4, 6, 7, 0),
	gsSP2Triangles(8, 9, 10, 0, 8, 10, 11, 0),
	gsSP2Triangles(12, 13, 14, 0, 12, 14, 15, 0),
	gsSP2Triangles(16, 17, 18, 0, 16, 18, 19, 0),
	gsSP2Triangles(20, 21, 22, 0, 20, 22, 23, 0),
	gsSP2Triangles(24, 25, 26, 0, 24, 26, 27, 0),
	gsSP2Triangles(28, 29, 30, 0, 28, 30, 31, 0),
	gsSPVertex(rsdm_rsdm_mesh_layer_1_vtx_4 + 318, 32, 0),
	gsSP2Triangles(0, 1, 2, 0, 0, 2, 3, 0),
	gsSP2Triangles(4, 5, 6, 0, 4, 6, 7, 0),
	gsSP2Triangles(8, 9, 10, 0, 8, 10, 11, 0),
	gsSP2Triangles(12, 13, 14, 0, 12, 14, 15, 0),
	gsSP2Triangles(16, 17, 18, 0, 16, 18, 19, 0),
	gsSP2Triangles(20, 21, 22, 0, 20, 22, 23, 0),
	gsSP2Triangles(24, 25, 26, 0, 24, 26, 27, 0),
	gsSP2Triangles(28, 29, 30, 0, 28, 31, 29, 0),
	gsSPVertex(rsdm_rsdm_mesh_layer_1_vtx_4 + 350, 4, 0),
	gsSP2Triangles(0, 1, 2, 0, 0, 2, 3, 0),
	gsSPEndDisplayList(),
};

Vtx rsdm_rsdm_mesh_layer_1_vtx_5[21] = {
	{{ {-3000, 900, -2973}, 0, {-6285, -9653}, {158, 158, 158, 255} }},
	{{ {916, 900, -2973}, 0, {7082, -9653}, {155, 155, 155, 255} }},
	{{ {764, 900, -2147}, 0, {6564, -6833}, {255, 255, 255, 255} }},
	{{ {-2435, 900, -2147}, 0, {-4358, -6833}, {255, 255, 255, 255} }},
	{{ {-3000, 900, 2973}, 0, {-6285, 10645}, {151, 151, 151, 255} }},
	{{ {-3000, 900, -2973}, 0, {-6285, -9653}, {153, 153, 153, 255} }},
	{{ {-2435, 900, 2147}, 0, {-4358, 7825}, {255, 255, 255, 255} }},
	{{ {973, 900, 2147}, 0, {7277, 7825}, {255, 255, 255, 255} }},
	{{ {973, 900, 2973}, 0, {7277, 10645}, {203, 203, 203, 255} }},
	{{ {-3000, 900, 2973}, 0, {-6285, 10645}, {156, 156, 156, 255} }},
	{{ {56, 900, 2264}, 0, {4145, 8224}, {247, 247, 247, 255} }},
	{{ {-66, 900, 2250}, 0, {3728, 8175}, {248, 248, 248, 255} }},
	{{ {-170, 900, 2147}, 0, {3375, 7825}, {255, 255, 255, 255} }},
	{{ {133, 900, 2147}, 0, {4409, 7825}, {255, 255, 255, 255} }},
	{{ {973, 2000, -2973}, 0, {9034, -12282}, {255, 255, 255, 255} }},
	{{ {973, 2000, 2973}, 0, {9034, 13274}, {255, 255, 255, 255} }},
	{{ {-3000, 2000, 2973}, 0, {-8042, 13274}, {255, 255, 255, 255} }},
	{{ {-3000, 2000, -2973}, 0, {-8042, -12282}, {255, 255, 255, 255} }},
	{{ {916, 900, -2973}, 0, {7082, -9653}, {155, 155, 155, 255} }},
	{{ {973, 900, -2973}, 0, {7277, -9653}, {155, 155, 155, 255} }},
	{{ {973, 900, -2147}, 0, {7277, -6833}, {255, 255, 255, 255} }},
};

Gfx rsdm_rsdm_mesh_layer_1_tri_5[] = {
	gsSPVertex(rsdm_rsdm_mesh_layer_1_vtx_5 + 0, 21, 0),
	gsSP2Triangles(0, 1, 2, 0, 0, 2, 3, 0),
	gsSP2Triangles(4, 5, 3, 0, 4, 3, 6, 0),
	gsSP2Triangles(7, 8, 9, 0, 9, 10, 7, 0),
	gsSP2Triangles(9, 11, 10, 0, 9, 12, 11, 0),
	gsSP2Triangles(9, 6, 12, 0, 10, 13, 7, 0),
	gsSP2Triangles(14, 15, 16, 0, 14, 16, 17, 0),
	gsSP2Triangles(2, 18, 19, 0, 2, 19, 20, 0),
	gsSPEndDisplayList(),
};

Vtx rsdm_rsdm_mesh_layer_1_vtx_6[104] = {
	{{ {-1835, 0, 2147}, 0, {1355, 6160}, {171, 171, 171, 255} }},
	{{ {-1835, 900, 2147}, 0, {1355, -4144}, {171, 171, 171, 255} }},
	{{ {-2435, 900, 2147}, 0, {-363, -4144}, {171, 171, 171, 255} }},
	{{ {-2435, 0, 2147}, 0, {-363, 6160}, {171, 171, 171, 255} }},
	{{ {-1835, 0, -2147}, 0, {1355, 6160}, {171, 171, 171, 255} }},
	{{ {-2435, 0, -2147}, 0, {-363, 6160}, {171, 171, 171, 255} }},
	{{ {-2435, 900, -2147}, 0, {-363, -4144}, {171, 171, 171, 255} }},
	{{ {-1835, 900, -2147}, 0, {1355, -4144}, {171, 171, 171, 255} }},
	{{ {-1146, 0, 847}, 0, {776, -1234}, {255, 255, 255, 255} }},
	{{ {-1146, 800, 847}, 0, {776, 3250}, {255, 255, 255, 255} }},
	{{ {-946, 800, 847}, 0, {216, 3250}, {255, 255, 255, 255} }},
	{{ {-946, 0, 847}, 0, {216, -1234}, {255, 255, 255, 255} }},
	{{ {-946, 0, 1847}, 0, {216, -1234}, {151, 151, 151, 255} }},
	{{ {-946, 800, 1847}, 0, {216, 3250}, {151, 151, 151, 255} }},
	{{ {-1146, 800, 1847}, 0, {776, 3250}, {151, 151, 151, 255} }},
	{{ {-1146, 0, 1847}, 0, {776, -1234}, {151, 151, 151, 255} }},
	{{ {-946, 800, 847}, 0, {216, 3810}, {255, 255, 255, 255} }},
	{{ {-1146, 800, 847}, 0, {776, 3810}, {255, 255, 255, 255} }},
	{{ {-1146, 800, 1847}, 0, {776, -1794}, {255, 255, 255, 255} }},
	{{ {-946, 800, 1847}, 0, {216, -1794}, {255, 255, 255, 255} }},
	{{ {-1146, 0, -1847}, 0, {776, -1234}, {151, 151, 151, 255} }},
	{{ {-1146, 800, -1847}, 0, {776, 3250}, {151, 151, 151, 255} }},
	{{ {-946, 800, -1847}, 0, {216, 3250}, {151, 151, 151, 255} }},
	{{ {-946, 0, -1847}, 0, {216, -1234}, {151, 151, 151, 255} }},
	{{ {-946, 0, -847}, 0, {216, -1234}, {255, 255, 255, 255} }},
	{{ {-946, 800, -847}, 0, {216, 3250}, {255, 255, 255, 255} }},
	{{ {-1146, 800, -847}, 0, {776, 3250}, {255, 255, 255, 255} }},
	{{ {-1146, 0, -847}, 0, {776, -1234}, {255, 255, 255, 255} }},
	{{ {-946, 800, -1847}, 0, {216, 3810}, {255, 255, 255, 255} }},
	{{ {-1146, 800, -1847}, 0, {776, 3810}, {255, 255, 255, 255} }},
	{{ {-1146, 800, -847}, 0, {776, -1794}, {255, 255, 255, 255} }},
	{{ {-946, 800, -847}, 0, {216, -1794}, {255, 255, 255, 255} }},
	{{ {-446, 0, 847}, 0, {776, -1234}, {255, 255, 255, 255} }},
	{{ {-446, 800, 847}, 0, {776, 3250}, {255, 255, 255, 255} }},
	{{ {-246, 800, 847}, 0, {216, 3250}, {255, 255, 255, 255} }},
	{{ {-246, 0, 847}, 0, {216, -1234}, {255, 255, 255, 255} }},
	{{ {-246, 0, 1847}, 0, {216, -1234}, {151, 151, 151, 255} }},
	{{ {-246, 800, 1847}, 0, {216, 3250}, {151, 151, 151, 255} }},
	{{ {-446, 800, 1847}, 0, {776, 3250}, {151, 151, 151, 255} }},
	{{ {-446, 0, 1847}, 0, {776, -1234}, {151, 151, 151, 255} }},
	{{ {-246, 800, 847}, 0, {216, 3810}, {255, 255, 255, 255} }},
	{{ {-446, 800, 847}, 0, {776, 3810}, {255, 255, 255, 255} }},
	{{ {-446, 800, 1847}, 0, {776, -1794}, {255, 255, 255, 255} }},
	{{ {-246, 800, 1847}, 0, {216, -1794}, {255, 255, 255, 255} }},
	{{ {-446, 0, -1847}, 0, {776, -1234}, {151, 151, 151, 255} }},
	{{ {-446, 800, -1847}, 0, {776, 3250}, {151, 151, 151, 255} }},
	{{ {-246, 800, -1847}, 0, {216, 3250}, {151, 151, 151, 255} }},
	{{ {-246, 0, -1847}, 0, {216, -1234}, {151, 151, 151, 255} }},
	{{ {-246, 0, -847}, 0, {216, -1234}, {255, 255, 255, 255} }},
	{{ {-246, 800, -847}, 0, {216, 3250}, {255, 255, 255, 255} }},
	{{ {-446, 800, -847}, 0, {776, 3250}, {255, 255, 255, 255} }},
	{{ {-446, 0, -847}, 0, {776, -1234}, {255, 255, 255, 255} }},
	{{ {-246, 800, -1847}, 0, {216, 3810}, {255, 255, 255, 255} }},
	{{ {-446, 800, -1847}, 0, {776, 3810}, {255, 255, 255, 255} }},
	{{ {-446, 800, -847}, 0, {776, -1794}, {255, 255, 255, 255} }},
	{{ {-246, 800, -847}, 0, {216, -1794}, {255, 255, 255, 255} }},
	{{ {254, 0, 847}, 0, {776, -1234}, {255, 255, 255, 255} }},
	{{ {254, 800, 847}, 0, {776, 3250}, {255, 255, 255, 255} }},
	{{ {454, 800, 847}, 0, {216, 3250}, {255, 255, 255, 255} }},
	{{ {454, 0, 847}, 0, {216, -1234}, {255, 255, 255, 255} }},
	{{ {454, 0, 1847}, 0, {216, -1234}, {151, 151, 151, 255} }},
	{{ {454, 800, 1847}, 0, {216, 3250}, {151, 151, 151, 255} }},
	{{ {254, 800, 1847}, 0, {776, 3250}, {151, 151, 151, 255} }},
	{{ {254, 0, 1847}, 0, {776, -1234}, {151, 151, 151, 255} }},
	{{ {454, 800, 847}, 0, {216, 3810}, {255, 255, 255, 255} }},
	{{ {254, 800, 847}, 0, {776, 3810}, {255, 255, 255, 255} }},
	{{ {254, 800, 1847}, 0, {776, -1794}, {255, 255, 255, 255} }},
	{{ {454, 800, 1847}, 0, {216, -1794}, {255, 255, 255, 255} }},
	{{ {254, 0, -1847}, 0, {776, -1234}, {151, 151, 151, 255} }},
	{{ {254, 800, -1847}, 0, {776, 3250}, {151, 151, 151, 255} }},
	{{ {454, 800, -1847}, 0, {216, 3250}, {151, 151, 151, 255} }},
	{{ {454, 0, -1847}, 0, {216, -1234}, {151, 151, 151, 255} }},
	{{ {454, 0, -847}, 0, {216, -1234}, {255, 255, 255, 255} }},
	{{ {454, 800, -847}, 0, {216, 3250}, {255, 255, 255, 255} }},
	{{ {254, 800, -847}, 0, {776, 3250}, {255, 255, 255, 255} }},
	{{ {254, 0, -847}, 0, {776, -1234}, {255, 255, 255, 255} }},
	{{ {454, 800, -1847}, 0, {216, 3810}, {255, 255, 255, 255} }},
	{{ {254, 800, -1847}, 0, {776, 3810}, {255, 255, 255, 255} }},
	{{ {254, 800, -847}, 0, {776, -1794}, {255, 255, 255, 255} }},
	{{ {454, 800, -847}, 0, {216, -1794}, {255, 255, 255, 255} }},
	{{ {-1637, 0, 2973}, 0, {794, -1234}, {151, 151, 151, 255} }},
	{{ {-1637, 800, 2973}, 0, {794, 3250}, {151, 151, 151, 255} }},
	{{ {-1637, 800, 2773}, 0, {234, 3250}, {151, 151, 151, 255} }},
	{{ {-1637, 0, 2773}, 0, {234, -1234}, {151, 151, 151, 255} }},
	{{ {-637, 0, 2773}, 0, {234, -1234}, {151, 151, 151, 255} }},
	{{ {-637, 800, 2773}, 0, {234, 3250}, {151, 151, 151, 255} }},
	{{ {-637, 800, 2973}, 0, {794, 3250}, {151, 151, 151, 255} }},
	{{ {-637, 0, 2973}, 0, {794, -1234}, {151, 151, 151, 255} }},
	{{ {-1637, 800, 2773}, 0, {234, 3810}, {151, 151, 151, 255} }},
	{{ {-1637, 800, 2973}, 0, {794, 3810}, {151, 151, 151, 255} }},
	{{ {-637, 800, 2973}, 0, {794, -1794}, {151, 151, 151, 255} }},
	{{ {-637, 800, 2773}, 0, {234, -1794}, {151, 151, 151, 255} }},
	{{ {-1637, 0, -2973}, 0, {776, -1234}, {151, 151, 151, 255} }},
	{{ {-1637, 0, -2773}, 0, {216, -1234}, {151, 151, 151, 255} }},
	{{ {-1637, 800, -2773}, 0, {216, 3250}, {151, 151, 151, 255} }},
	{{ {-1637, 800, -2973}, 0, {776, 3250}, {151, 151, 151, 255} }},
	{{ {-637, 0, -2773}, 0, {216, -1234}, {151, 151, 151, 255} }},
	{{ {-637, 0, -2973}, 0, {776, -1234}, {151, 151, 151, 255} }},
	{{ {-637, 800, -2973}, 0, {776, 3250}, {151, 151, 151, 255} }},
	{{ {-637, 800, -2773}, 0, {216, 3250}, {151, 151, 151, 255} }},
	{{ {-1637, 800, -2773}, 0, {216, 3810}, {151, 151, 151, 255} }},
	{{ {-637, 800, -2773}, 0, {216, -1794}, {151, 151, 151, 255} }},
	{{ {-637, 800, -2973}, 0, {776, -1794}, {151, 151, 151, 255} }},
	{{ {-1637, 800, -2973}, 0, {776, 3810}, {151, 151, 151, 255} }},
};

Gfx rsdm_rsdm_mesh_layer_1_tri_6[] = {
	gsSPVertex(rsdm_rsdm_mesh_layer_1_vtx_6 + 0, 32, 0),
	gsSP2Triangles(0, 1, 2, 0, 0, 2, 3, 0),
	gsSP2Triangles(4, 5, 6, 0, 4, 6, 7, 0),
	gsSP2Triangles(8, 9, 10, 0, 8, 10, 11, 0),
	gsSP2Triangles(12, 13, 14, 0, 12, 14, 15, 0),
	gsSP2Triangles(16, 17, 18, 0, 16, 18, 19, 0),
	gsSP2Triangles(20, 21, 22, 0, 20, 22, 23, 0),
	gsSP2Triangles(24, 25, 26, 0, 24, 26, 27, 0),
	gsSP2Triangles(28, 29, 30, 0, 28, 30, 31, 0),
	gsSPVertex(rsdm_rsdm_mesh_layer_1_vtx_6 + 32, 32, 0),
	gsSP2Triangles(0, 1, 2, 0, 0, 2, 3, 0),
	gsSP2Triangles(4, 5, 6, 0, 4, 6, 7, 0),
	gsSP2Triangles(8, 9, 10, 0, 8, 10, 11, 0),
	gsSP2Triangles(12, 13, 14, 0, 12, 14, 15, 0),
	gsSP2Triangles(16, 17, 18, 0, 16, 18, 19, 0),
	gsSP2Triangles(20, 21, 22, 0, 20, 22, 23, 0),
	gsSP2Triangles(24, 25, 26, 0, 24, 26, 27, 0),
	gsSP2Triangles(28, 29, 30, 0, 28, 30, 31, 0),
	gsSPVertex(rsdm_rsdm_mesh_layer_1_vtx_6 + 64, 32, 0),
	gsSP2Triangles(0, 1, 2, 0, 0, 2, 3, 0),
	gsSP2Triangles(4, 5, 6, 0, 4, 6, 7, 0),
	gsSP2Triangles(8, 9, 10, 0, 8, 10, 11, 0),
	gsSP2Triangles(12, 13, 14, 0, 12, 14, 15, 0),
	gsSP2Triangles(16, 17, 18, 0, 16, 18, 19, 0),
	gsSP2Triangles(20, 21, 22, 0, 20, 22, 23, 0),
	gsSP2Triangles(24, 25, 26, 0, 24, 26, 27, 0),
	gsSP2Triangles(28, 29, 30, 0, 28, 30, 31, 0),
	gsSPVertex(rsdm_rsdm_mesh_layer_1_vtx_6 + 96, 8, 0),
	gsSP2Triangles(0, 1, 2, 0, 0, 2, 3, 0),
	gsSP2Triangles(4, 5, 6, 0, 4, 6, 7, 0),
	gsSPEndDisplayList(),
};

Vtx rsdm_rsdm_mesh_layer_1_vtx_7[22] = {
	{{ {-25, 1000, 2222}, 0, {1100, 1208}, {255, 255, 255, 255} }},
	{{ {57, 1000, 2258}, 0, {973, -133}, {255, 255, 255, 255} }},
	{{ {56, 900, 2264}, 0, {-522, -9}, {247, 247, 247, 255} }},
	{{ {57, 1000, 2258}, 0, {973, -133}, {212, 212, 212, 255} }},
	{{ {133, 900, 2147}, 0, {-580, -2106}, {212, 212, 212, 255} }},
	{{ {56, 900, 2264}, 0, {-522, -9}, {212, 212, 212, 255} }},
	{{ {-66, 900, 2250}, 0, {-453, 1831}, {212, 212, 212, 255} }},
	{{ {-25, 1000, 2222}, 0, {1100, 1208}, {212, 212, 212, 255} }},
	{{ {-124, 1000, 2234}, 0, {1059, 2700}, {212, 212, 212, 255} }},
	{{ {-170, 900, 2147}, 0, {-580, 4008}, {212, 212, 212, 255} }},
	{{ {-164, 1000, 2147}, 0, {916, 4122}, {212, 212, 212, 255} }},
	{{ {124, 1000, 2147}, 0, {923, -2078}, {255, 255, 255, 255} }},
	{{ {133, 900, 2147}, 0, {-580, -2106}, {255, 255, 255, 255} }},
	{{ {-34, 0, 1931}, 0, {-16, 1008}, {255, 255, 255, 255} }},
	{{ {-34, 54, 2031}, 0, {1166, 1008}, {255, 255, 255, 255} }},
	{{ {53, 0, 2081}, 0, {1757, -16}, {255, 255, 255, 255} }},
	{{ {-34, 54, 2031}, 0, {1166, 1008}, {255, 255, 255, 255} }},
	{{ {-120, 0, 2081}, 0, {1757, 2032}, {255, 255, 255, 255} }},
	{{ {-34, 0, 1931}, 0, {-16, 1008}, {255, 255, 255, 255} }},
	{{ {-124, 1000, 2234}, 0, {1059, 2700}, {255, 255, 255, 255} }},
	{{ {-66, 900, 2250}, 0, {-453, 1831}, {248, 248, 248, 255} }},
	{{ {-170, 900, 2147}, 0, {-580, 4008}, {255, 255, 255, 255} }},
};

Gfx rsdm_rsdm_mesh_layer_1_tri_7[] = {
	gsSPVertex(rsdm_rsdm_mesh_layer_1_vtx_7 + 0, 22, 0),
	gsSP2Triangles(0, 1, 2, 0, 3, 4, 5, 0),
	gsSP2Triangles(5, 6, 7, 0, 8, 9, 10, 0),
	gsSP2Triangles(1, 11, 12, 0, 13, 14, 15, 0),
	gsSP2Triangles(15, 16, 17, 0, 17, 14, 18, 0),
	gsSP2Triangles(19, 0, 20, 0, 20, 21, 19, 0),
	gsSPEndDisplayList(),
};

Vtx rsdm_rsdm_mesh_layer_4_vtx_0[40] = {
	{{ {-1835, 1000, 1547}, 0, {-1813, 1009}, {255, 255, 255, 255} }},
	{{ {-1835, 1000, 2147}, 0, {-7970, 1009}, {255, 255, 255, 255} }},
	{{ {-1835, 1100, 2147}, 0, {-7970, -17}, {255, 255, 255, 255} }},
	{{ {-1835, 1100, 1547}, 0, {-1813, -17}, {255, 255, 255, 255} }},
	{{ {-1835, 1100, 1497}, 0, {-1300, -17}, {255, 255, 255, 255} }},
	{{ {-1835, 1000, 1497}, 0, {-1300, 1009}, {255, 255, 255, 255} }},
	{{ {-1835, 100, 497}, 0, {8962, -17}, {255, 255, 255, 255} }},
	{{ {-1835, 0, 497}, 0, {8962, 1009}, {255, 255, 255, 255} }},
	{{ {-2435, 1000, 1497}, 0, {-1300, 1009}, {255, 255, 255, 255} }},
	{{ {-2435, 0, 497}, 0, {8962, 1009}, {255, 255, 255, 255} }},
	{{ {-2435, 100, 497}, 0, {8962, -17}, {255, 255, 255, 255} }},
	{{ {-2435, 1100, 1497}, 0, {-1300, -17}, {255, 255, 255, 255} }},
	{{ {-1835, 1000, -1547}, 0, {-1813, 1009}, {255, 255, 255, 255} }},
	{{ {-1835, 1100, -2147}, 0, {-7970, -17}, {255, 255, 255, 255} }},
	{{ {-1835, 1000, -2147}, 0, {-7970, 1009}, {255, 255, 255, 255} }},
	{{ {-1835, 1100, -1547}, 0, {-1813, -17}, {255, 255, 255, 255} }},
	{{ {-1835, 1100, -1497}, 0, {-1300, -17}, {255, 255, 255, 255} }},
	{{ {-1835, 1000, -1497}, 0, {-1300, 1009}, {255, 255, 255, 255} }},
	{{ {-1835, 100, -497}, 0, {8962, -17}, {255, 255, 255, 255} }},
	{{ {-1835, 0, -497}, 0, {8962, 1009}, {255, 255, 255, 255} }},
	{{ {-2435, 1000, -1497}, 0, {-1300, 1009}, {255, 255, 255, 255} }},
	{{ {-2435, 1100, -1497}, 0, {-1300, -17}, {255, 255, 255, 255} }},
	{{ {-2435, 100, -497}, 0, {8962, -17}, {255, 255, 255, 255} }},
	{{ {-2435, 0, -497}, 0, {8962, 1009}, {255, 255, 255, 255} }},
	{{ {-1835, 1000, -2147}, 0, {-13980, 1011}, {255, 255, 255, 255} }},
	{{ {-1835, 1100, -2147}, 0, {-13980, -19}, {255, 255, 255, 255} }},
	{{ {973, 1100, -2147}, 0, {14972, -19}, {255, 255, 255, 255} }},
	{{ {973, 1000, -2147}, 0, {14972, 1011}, {255, 255, 255, 255} }},
	{{ {-2435, 1000, 1497}, 0, {15432, 1011}, {255, 255, 255, 255} }},
	{{ {-2435, 1100, 1497}, 0, {15432, -19}, {255, 255, 255, 255} }},
	{{ {-2435, 1100, -1497}, 0, {-15430, -19}, {255, 255, 255, 255} }},
	{{ {-2435, 1000, -1497}, 0, {-15430, 1011}, {255, 255, 255, 255} }},
	{{ {-1835, 1000, 2147}, 0, {-13980, 1011}, {255, 255, 255, 255} }},
	{{ {-185, 1000, 2147}, 0, {3035, 1011}, {255, 255, 255, 255} }},
	{{ {-181, 1100, 2147}, 0, {3071, -19}, {255, 255, 255, 255} }},
	{{ {-1835, 1100, 2147}, 0, {-13980, -19}, {255, 255, 255, 255} }},
	{{ {153, 1100, 2147}, 0, {6519, -19}, {255, 255, 255, 255} }},
	{{ {158, 1000, 2147}, 0, {6571, 1011}, {255, 255, 255, 255} }},
	{{ {973, 1000, 2147}, 0, {14972, 1011}, {255, 255, 255, 255} }},
	{{ {973, 1100, 2147}, 0, {14972, -19}, {255, 255, 255, 255} }},
};

Gfx rsdm_rsdm_mesh_layer_4_tri_0[] = {
	gsSPVertex(rsdm_rsdm_mesh_layer_4_vtx_0 + 0, 32, 0),
	gsSP2Triangles(0, 1, 2, 0, 0, 2, 3, 0),
	gsSP2Triangles(0, 3, 4, 0, 0, 4, 5, 0),
	gsSP2Triangles(5, 4, 6, 0, 5, 6, 7, 0),
	gsSP2Triangles(8, 9, 10, 0, 8, 10, 11, 0),
	gsSP2Triangles(12, 13, 14, 0, 12, 15, 13, 0),
	gsSP2Triangles(12, 16, 15, 0, 12, 17, 16, 0),
	gsSP2Triangles(17, 18, 16, 0, 17, 19, 18, 0),
	gsSP2Triangles(20, 21, 22, 0, 20, 22, 23, 0),
	gsSP2Triangles(24, 25, 26, 0, 24, 26, 27, 0),
	gsSP2Triangles(28, 29, 30, 0, 28, 30, 31, 0),
	gsSPVertex(rsdm_rsdm_mesh_layer_4_vtx_0 + 32, 8, 0),
	gsSP2Triangles(0, 1, 2, 0, 0, 2, 3, 0),
	gsSP2Triangles(4, 5, 6, 0, 4, 6, 7, 0),
	gsSPEndDisplayList(),
};

Vtx rsdm_rsdm_mesh_layer_4_vtx_1[10] = {
	{{ {371, 0, 2945}, 0, {528, 2812}, {171, 171, 171, 255} }},
	{{ {445, 303, 2945}, 0, {232, 1592}, {171, 171, 171, 255} }},
	{{ {561, 0, 2945}, 0, {-238, 2812}, {171, 171, 171, 255} }},
	{{ {973, 0, 2945}, 0, {-1899, 2812}, {171, 171, 171, 255} }},
	{{ {538, 900, 2945}, 0, {-143, -816}, {171, 171, 171, 255} }},
	{{ {445, 590, 2945}, 0, {232, 432}, {171, 171, 171, 255} }},
	{{ {232, 774, 2945}, 0, {1091, -308}, {171, 171, 171, 255} }},
	{{ {357, 900, 2945}, 0, {585, -816}, {171, 171, 171, 255} }},
	{{ {-157, 900, 2945}, 0, {2657, -816}, {171, 171, 171, 255} }},
	{{ {973, 900, 2945}, 0, {-1899, -816}, {171, 171, 171, 255} }},
};

Gfx rsdm_rsdm_mesh_layer_4_tri_1[] = {
	gsSPVertex(rsdm_rsdm_mesh_layer_4_vtx_1 + 0, 10, 0),
	gsSP2Triangles(0, 1, 2, 0, 3, 2, 1, 0),
	gsSP2Triangles(1, 4, 3, 0, 1, 5, 4, 0),
	gsSP2Triangles(4, 5, 6, 0, 4, 6, 7, 0),
	gsSP2Triangles(7, 6, 8, 0, 4, 9, 3, 0),
	gsSPEndDisplayList(),
};


Gfx mat_rsdm_dungeonAltWall[] = {
	gsSPClearGeometryMode(G_LIGHTING),
	gsDPPipeSync(),
	gsDPSetCombineLERP(TEXEL0, 0, SHADE, 0, ENVIRONMENT, 0, SHADE, 0, TEXEL0, 0, SHADE, 0, ENVIRONMENT, 0, SHADE, 0),
	gsDPSetAlphaDither(G_AD_NOISE),
	gsSPTexture(65535, 65535, 0, 0, 1),
	gsDPSetTextureImage(G_IM_FMT_RGBA, G_IM_SIZ_16b_LOAD_BLOCK, 1, gDungeonTextureAltWall),
	gsDPSetTile(G_IM_FMT_RGBA, G_IM_SIZ_16b_LOAD_BLOCK, 0, 0, 7, 0, G_TX_WRAP | G_TX_NOMIRROR, 0, 0, G_TX_WRAP | G_TX_NOMIRROR, 0, 0),
	gsDPLoadBlock(7, 0, 0, 2047, 256),
	gsDPSetTile(G_IM_FMT_RGBA, G_IM_SIZ_16b, 8, 0, 0, 0, G_TX_WRAP | G_TX_NOMIRROR, 6, 0, G_TX_WRAP | G_TX_NOMIRROR, 5, 0),
	gsDPSetTileSize(0, 0, 0, 124, 252),
	gsSPEndDisplayList(),
};

Gfx mat_revert_rsdm_dungeonAltWall[] = {
	gsSPSetGeometryMode(G_LIGHTING),
	gsDPPipeSync(),
	gsDPSetAlphaDither(G_AD_DISABLE),
	gsSPEndDisplayList(),
};

Gfx mat_rsdm_bookshelves[] = {
	gsSPClearGeometryMode(G_LIGHTING),
	gsDPPipeSync(),
	gsDPSetCombineLERP(TEXEL0, 0, SHADE, 0, ENVIRONMENT, 0, SHADE, 0, TEXEL0, 0, SHADE, 0, ENVIRONMENT, 0, SHADE, 0),
	gsDPSetAlphaDither(G_AD_NOISE),
	gsSPTexture(65535, 65535, 0, 0, 1),
	gsDPSetTextureImage(G_IM_FMT_RGBA, G_IM_SIZ_16b_LOAD_BLOCK, 1, rsdm_Bookshelf_rgba16),
	gsDPSetTile(G_IM_FMT_RGBA, G_IM_SIZ_16b_LOAD_BLOCK, 0, 0, 7, 0, G_TX_WRAP | G_TX_NOMIRROR, 0, 0, G_TX_WRAP | G_TX_NOMIRROR, 0, 0),
	gsDPLoadBlock(7, 0, 0, 2047, 128),
	gsDPSetTile(G_IM_FMT_RGBA, G_IM_SIZ_16b, 16, 0, 0, 0, G_TX_WRAP | G_TX_NOMIRROR, 5, 0, G_TX_WRAP | G_TX_NOMIRROR, 6, 0),
	gsDPSetTileSize(0, 0, 0, 252, 124),
	gsSPEndDisplayList(),
};

Gfx mat_revert_rsdm_bookshelves[] = {
	gsSPSetGeometryMode(G_LIGHTING),
	gsDPPipeSync(),
	gsDPSetAlphaDither(G_AD_DISABLE),
	gsSPEndDisplayList(),
};

Gfx mat_rsdm_castletrim[] = {
	gsSPClearGeometryMode(G_LIGHTING),
	gsDPPipeSync(),
	gsDPSetCombineLERP(TEXEL0, 0, SHADE, 0, ENVIRONMENT, 0, SHADE, 0, TEXEL0, 0, SHADE, 0, ENVIRONMENT, 0, SHADE, 0),
	gsDPSetAlphaDither(G_AD_NOISE),
	gsDPSetTextureLUT(G_TT_RGBA16),
	gsSPTexture(65535, 65535, 0, 0, 1),
	gsDPSetTextureImage(G_IM_FMT_RGBA, G_IM_SIZ_16b, 1, rsdm_trim_pal_rgba16),
	gsDPSetTile(0, 0, 0, 256, 5, 0, G_TX_WRAP | G_TX_NOMIRROR, 0, 0, G_TX_WRAP | G_TX_NOMIRROR, 0, 0),
	gsDPLoadTLUTCmd(5, 115),
	gsDPSetTextureImage(G_IM_FMT_CI, G_IM_SIZ_8b_LOAD_BLOCK, 1, rsdm_trim_ci8),
	gsDPSetTile(G_IM_FMT_CI, G_IM_SIZ_8b_LOAD_BLOCK, 0, 0, 7, 0, G_TX_WRAP | G_TX_NOMIRROR, 0, 0, G_TX_WRAP | G_TX_NOMIRROR, 0, 0),
	gsDPLoadBlock(7, 0, 0, 511, 512),
	gsDPSetTile(G_IM_FMT_CI, G_IM_SIZ_8b, 4, 0, 0, 0, G_TX_WRAP | G_TX_NOMIRROR, 5, 0, G_TX_WRAP | G_TX_NOMIRROR, 5, 0),
	gsDPSetTileSize(0, 0, 0, 124, 124),
	gsSPEndDisplayList(),
};

Gfx mat_revert_rsdm_castletrim[] = {
	gsSPSetGeometryMode(G_LIGHTING),
	gsDPPipeSync(),
	gsDPSetAlphaDither(G_AD_DISABLE),
	gsDPSetTextureLUT(G_TT_NONE),
	gsSPEndDisplayList(),
};

Gfx mat_rsdm_dungeontiles[] = {
	gsSPClearGeometryMode(G_LIGHTING),
	gsDPPipeSync(),
	gsDPSetCombineLERP(TEXEL0, 0, SHADE, 0, ENVIRONMENT, 0, SHADE, 0, TEXEL0, 0, SHADE, 0, ENVIRONMENT, 0, SHADE, 0),
	gsDPSetAlphaDither(G_AD_NOISE),
	gsSPTexture(65535, 65535, 0, 0, 1),
	gsDPSetTextureImage(G_IM_FMT_RGBA, G_IM_SIZ_16b_LOAD_BLOCK, 1, gDungeonTextureTile),
	gsDPSetTile(G_IM_FMT_RGBA, G_IM_SIZ_16b_LOAD_BLOCK, 0, 0, 7, 0, G_TX_WRAP | G_TX_NOMIRROR, 0, 0, G_TX_WRAP | G_TX_NOMIRROR, 0, 0),
	gsDPLoadBlock(7, 0, 0, 1023, 256),
	gsDPSetTile(G_IM_FMT_RGBA, G_IM_SIZ_16b, 8, 0, 0, 0, G_TX_WRAP | G_TX_NOMIRROR, 5, 0, G_TX_WRAP | G_TX_NOMIRROR, 5, 0),
	gsDPSetTileSize(0, 0, 0, 124, 124),
	gsSPEndDisplayList(),
};

Gfx mat_revert_rsdm_dungeontiles[] = {
	gsSPSetGeometryMode(G_LIGHTING),
	gsDPPipeSync(),
	gsDPSetAlphaDither(G_AD_DISABLE),
	gsSPEndDisplayList(),
};

Gfx mat_rsdm_dungeoncarpet[] = {
	gsSPClearGeometryMode(G_LIGHTING),
	gsDPPipeSync(),
	gsDPSetCombineLERP(TEXEL0, 0, SHADE, 0, ENVIRONMENT, 0, SHADE, 0, TEXEL0, 0, SHADE, 0, ENVIRONMENT, 0, SHADE, 0),
	gsDPSetAlphaDither(G_AD_NOISE),
	gsSPTexture(65535, 65535, 0, 0, 1),
	gsDPSetTextureImage(G_IM_FMT_RGBA, G_IM_SIZ_16b_LOAD_BLOCK, 1, gDungeonTextureCarpet),
	gsDPSetTile(G_IM_FMT_RGBA, G_IM_SIZ_16b_LOAD_BLOCK, 0, 0, 7, 0, G_TX_WRAP | G_TX_NOMIRROR, 0, 0, G_TX_WRAP | G_TX_NOMIRROR, 0, 0),
	gsDPLoadBlock(7, 0, 0, 1023, 256),
	gsDPSetTile(G_IM_FMT_RGBA, G_IM_SIZ_16b, 8, 0, 0, 0, G_TX_WRAP | G_TX_NOMIRROR, 5, 0, G_TX_WRAP | G_TX_NOMIRROR, 5, 0),
	gsDPSetTileSize(0, 0, 0, 124, 124),
	gsSPEndDisplayList(),
};

Gfx mat_revert_rsdm_dungeoncarpet[] = {
	gsSPSetGeometryMode(G_LIGHTING),
	gsDPPipeSync(),
	gsDPSetAlphaDither(G_AD_DISABLE),
	gsSPEndDisplayList(),
};

Gfx mat_rsdm_hexstone[] = {
	gsSPClearGeometryMode(G_LIGHTING),
	gsDPPipeSync(),
	gsDPSetCombineLERP(TEXEL0, 0, SHADE, 0, ENVIRONMENT, 0, SHADE, 0, TEXEL0, 0, SHADE, 0, ENVIRONMENT, 0, SHADE, 0),
	gsDPSetAlphaDither(G_AD_NOISE),
	gsSPTexture(65535, 65535, 0, 0, 1),
	gsDPSetTextureImage(G_IM_FMT_I, G_IM_SIZ_8b_LOAD_BLOCK, 1, rsdm_hexstone_i8),
	gsDPSetTile(G_IM_FMT_I, G_IM_SIZ_8b_LOAD_BLOCK, 0, 0, 7, 0, G_TX_WRAP | G_TX_NOMIRROR, 0, 0, G_TX_WRAP | G_TX_NOMIRROR, 0, 0),
	gsDPLoadBlock(7, 0, 0, 511, 512),
	gsDPSetTile(G_IM_FMT_I, G_IM_SIZ_8b, 4, 0, 0, 0, G_TX_WRAP | G_TX_NOMIRROR, 5, 0, G_TX_WRAP | G_TX_NOMIRROR, 5, 0),
	gsDPSetTileSize(0, 0, 0, 124, 124),
	gsSPEndDisplayList(),
};

Gfx mat_revert_rsdm_hexstone[] = {
	gsSPSetGeometryMode(G_LIGHTING),
	gsDPPipeSync(),
	gsDPSetAlphaDither(G_AD_DISABLE),
	gsSPEndDisplayList(),
};

Gfx mat_rsdm_castlefence[] = {
	gsSPClearGeometryMode(G_LIGHTING | G_CULL_BACK),
	gsDPPipeSync(),
	gsDPSetCombineLERP(TEXEL0, 0, SHADE, 0, 0, 0, 0, TEXEL0, TEXEL0, 0, SHADE, 0, 0, 0, 0, TEXEL0),
	gsDPSetAlphaDither(G_AD_NOISE),
	gsDPSetTextureLUT(G_TT_RGBA16),
	gsSPTexture(65535, 65535, 0, 0, 1),
	gsDPSetTextureImage(G_IM_FMT_RGBA, G_IM_SIZ_16b, 1, rsdm_Fence_pal_rgba16),
	gsDPSetTile(0, 0, 0, 256, 5, 0, G_TX_WRAP | G_TX_NOMIRROR, 0, 0, G_TX_WRAP | G_TX_NOMIRROR, 0, 0),
	gsDPLoadTLUTCmd(5, 111),
	gsDPSetTextureImage(G_IM_FMT_CI, G_IM_SIZ_8b_LOAD_BLOCK, 1, rsdm_Fence_ci8),
	gsDPSetTile(G_IM_FMT_CI, G_IM_SIZ_8b_LOAD_BLOCK, 0, 0, 7, 0, G_TX_WRAP | G_TX_NOMIRROR, 0, 0, G_TX_WRAP | G_TX_NOMIRROR, 0, 0),
	gsDPLoadBlock(7, 0, 0, 511, 512),
	gsDPSetTile(G_IM_FMT_CI, G_IM_SIZ_8b, 4, 0, 0, 0, G_TX_CLAMP | G_TX_NOMIRROR, 5, 0, G_TX_WRAP | G_TX_NOMIRROR, 5, 0),
	gsDPSetTileSize(0, 0, 0, 124, 124),
	gsSPEndDisplayList(),
};

Gfx mat_revert_rsdm_castlefence[] = {
	gsSPSetGeometryMode(G_LIGHTING | G_CULL_BACK),
	gsDPPipeSync(),
	gsDPSetAlphaDither(G_AD_DISABLE),
	gsDPSetTextureLUT(G_TT_NONE),
	gsSPEndDisplayList(),
};

Gfx mat_rsdm_wood4[] = {
	gsSPClearGeometryMode(G_LIGHTING),
	gsDPPipeSync(),
	gsDPSetCombineLERP(TEXEL0, 0, SHADE, 0, ENVIRONMENT, 0, SHADE, 0, TEXEL0, 0, SHADE, 0, ENVIRONMENT, 0, SHADE, 0),
	gsDPSetAlphaDither(G_AD_NOISE),
	gsDPSetTextureLUT(G_TT_RGBA16),
	gsSPTexture(65535, 65535, 0, 0, 1),
	gsDPSetTextureImage(G_IM_FMT_RGBA, G_IM_SIZ_16b, 1, rsdm_CrateRedBrown_pal_rgba16),
	gsDPSetTile(0, 0, 0, 256, 5, 0, G_TX_WRAP | G_TX_NOMIRROR, 0, 0, G_TX_WRAP | G_TX_NOMIRROR, 0, 0),
	gsDPLoadTLUTCmd(5, 47),
	gsDPSetTextureImage(G_IM_FMT_CI, G_IM_SIZ_8b_LOAD_BLOCK, 1, rsdm_CrateRedBrown_ci8),
	gsDPSetTile(G_IM_FMT_CI, G_IM_SIZ_8b_LOAD_BLOCK, 0, 0, 7, 0, G_TX_WRAP | G_TX_NOMIRROR, 0, 0, G_TX_WRAP | G_TX_NOMIRROR, 0, 0),
	gsDPLoadBlock(7, 0, 0, 1023, 512),
	gsDPSetTile(G_IM_FMT_CI, G_IM_SIZ_8b, 4, 0, 0, 0, G_TX_WRAP | G_TX_NOMIRROR, 6, 0, G_TX_WRAP | G_TX_NOMIRROR, 5, 0),
	gsDPSetTileSize(0, 0, 0, 124, 252),
	gsSPEndDisplayList(),
};

Gfx mat_revert_rsdm_wood4[] = {
	gsSPSetGeometryMode(G_LIGHTING),
	gsDPPipeSync(),
	gsDPSetAlphaDither(G_AD_DISABLE),
	gsDPSetTextureLUT(G_TT_NONE),
	gsSPEndDisplayList(),
};

Gfx mat_rsdm_conc[] = {
	gsSPClearGeometryMode(G_LIGHTING),
	gsDPPipeSync(),
	gsDPSetCombineLERP(TEXEL0, 0, SHADE, 0, ENVIRONMENT, 0, SHADE, 0, TEXEL0, 0, SHADE, 0, ENVIRONMENT, 0, SHADE, 0),
	gsDPSetAlphaDither(G_AD_NOISE),
	gsSPTexture(65535, 65535, 0, 0, 1),
	gsDPSetTextureImage(G_IM_FMT_I, G_IM_SIZ_8b_LOAD_BLOCK, 1, rsdm_conk_i8),
	gsDPSetTile(G_IM_FMT_I, G_IM_SIZ_8b_LOAD_BLOCK, 0, 0, 7, 0, G_TX_WRAP | G_TX_NOMIRROR, 0, 0, G_TX_WRAP | G_TX_NOMIRROR, 0, 0),
	gsDPLoadBlock(7, 0, 0, 2047, 256),
	gsDPSetTile(G_IM_FMT_I, G_IM_SIZ_8b, 8, 0, 0, 0, G_TX_WRAP | G_TX_NOMIRROR, 6, 0, G_TX_WRAP | G_TX_NOMIRROR, 6, 0),
	gsDPSetTileSize(0, 0, 0, 252, 252),
	gsSPEndDisplayList(),
};

Gfx mat_revert_rsdm_conc[] = {
	gsSPSetGeometryMode(G_LIGHTING),
	gsDPPipeSync(),
	gsDPSetAlphaDither(G_AD_DISABLE),
	gsSPEndDisplayList(),
};

Gfx mat_rsdm_vine[] = {
	gsSPClearGeometryMode(G_LIGHTING | G_CULL_BACK),
	gsDPPipeSync(),
	gsDPSetCombineLERP(TEXEL0, 0, SHADE, 0, TEXEL0, 0, ENVIRONMENT, 0, TEXEL0, 0, SHADE, 0, TEXEL0, 0, ENVIRONMENT, 0),
	gsDPSetAlphaDither(G_AD_NOISE),
	gsDPSetTextureLUT(G_TT_RGBA16),
	gsSPTexture(65535, 65535, 0, 0, 1),
	gsDPSetTextureImage(G_IM_FMT_RGBA, G_IM_SIZ_16b, 1, rsdm_vine1_pal_rgba16),
	gsDPSetTile(0, 0, 0, 256, 5, 0, G_TX_WRAP | G_TX_NOMIRROR, 0, 0, G_TX_WRAP | G_TX_NOMIRROR, 0, 0),
	gsDPLoadTLUTCmd(5, 194),
	gsDPSetTextureImage(G_IM_FMT_CI, G_IM_SIZ_8b_LOAD_BLOCK, 1, rsdm_vine1_ci8),
	gsDPSetTile(G_IM_FMT_CI, G_IM_SIZ_8b_LOAD_BLOCK, 0, 0, 7, 0, G_TX_WRAP | G_TX_NOMIRROR, 0, 0, G_TX_WRAP | G_TX_NOMIRROR, 0, 0),
	gsDPLoadBlock(7, 0, 0, 1023, 512),
	gsDPSetTile(G_IM_FMT_CI, G_IM_SIZ_8b, 4, 0, 0, 0, G_TX_WRAP | G_TX_NOMIRROR, 6, 0, G_TX_WRAP | G_TX_NOMIRROR, 5, 0),
	gsDPSetTileSize(0, 0, 0, 124, 252),
	gsSPEndDisplayList(),
};

Gfx mat_revert_rsdm_vine[] = {
	gsSPSetGeometryMode(G_LIGHTING | G_CULL_BACK),
	gsDPPipeSync(),
	gsDPSetAlphaDither(G_AD_DISABLE),
	gsDPSetTextureLUT(G_TT_NONE),
	gsSPEndDisplayList(),
};

Gfx rsdm_rsdm_mesh_layer_1[] = {
	gsSPDisplayList(mat_rsdm_dungeonAltWall),
	gsSPDisplayList(rsdm_rsdm_mesh_layer_1_tri_0),
	gsSPDisplayList(mat_revert_rsdm_dungeonAltWall),
	gsSPDisplayList(mat_rsdm_bookshelves),
	gsSPDisplayList(rsdm_rsdm_mesh_layer_1_tri_1),
	gsSPDisplayList(mat_revert_rsdm_bookshelves),
	gsSPDisplayList(mat_rsdm_castletrim),
	gsSPDisplayList(rsdm_rsdm_mesh_layer_1_tri_2),
	gsSPDisplayList(mat_revert_rsdm_castletrim),
	gsSPDisplayList(mat_rsdm_dungeontiles),
	gsSPDisplayList(rsdm_rsdm_mesh_layer_1_tri_3),
	gsSPDisplayList(mat_revert_rsdm_dungeontiles),
	gsSPDisplayList(mat_rsdm_dungeoncarpet),
	gsSPDisplayList(rsdm_rsdm_mesh_layer_1_tri_4),
	gsSPDisplayList(mat_revert_rsdm_dungeoncarpet),
	gsSPDisplayList(mat_rsdm_hexstone),
	gsSPDisplayList(rsdm_rsdm_mesh_layer_1_tri_5),
	gsSPDisplayList(mat_revert_rsdm_hexstone),
	gsSPDisplayList(mat_rsdm_wood4),
	gsSPDisplayList(rsdm_rsdm_mesh_layer_1_tri_6),
	gsSPDisplayList(mat_revert_rsdm_wood4),
	gsSPDisplayList(mat_rsdm_conc),
	gsSPDisplayList(rsdm_rsdm_mesh_layer_1_tri_7),
	gsSPDisplayList(mat_revert_rsdm_conc),
	gsDPPipeSync(),
	gsSPSetGeometryMode(G_LIGHTING),
	gsSPClearGeometryMode(G_TEXTURE_GEN),
	gsDPSetCombineLERP(0, 0, 0, SHADE, 0, 0, 0, ENVIRONMENT, 0, 0, 0, SHADE, 0, 0, 0, ENVIRONMENT),
	gsSPTexture(65535, 65535, 0, 0, 0),
	gsDPSetEnvColor(255, 255, 255, 255),
	gsDPSetAlphaCompare(G_AC_NONE),
	gsSPEndDisplayList(),
};

Gfx rsdm_rsdm_mesh_layer_4[] = {
	gsSPDisplayList(mat_rsdm_castlefence),
	gsSPDisplayList(rsdm_rsdm_mesh_layer_4_tri_0),
	gsSPDisplayList(mat_revert_rsdm_castlefence),
	gsSPDisplayList(mat_rsdm_vine),
	gsSPDisplayList(rsdm_rsdm_mesh_layer_4_tri_1),
	gsSPDisplayList(mat_revert_rsdm_vine),
	gsDPPipeSync(),
	gsSPSetGeometryMode(G_LIGHTING),
	gsSPClearGeometryMode(G_TEXTURE_GEN),
	gsDPSetCombineLERP(0, 0, 0, SHADE, 0, 0, 0, ENVIRONMENT, 0, 0, 0, SHADE, 0, 0, 0, ENVIRONMENT),
	gsSPTexture(65535, 65535, 0, 0, 0),
	gsDPSetEnvColor(255, 255, 255, 255),
	gsDPSetAlphaCompare(G_AC_NONE),
	gsSPEndDisplayList(),
};

