Gfx rtresure_brick2_ci8_aligner[] = {gsSPEndDisplayList()};
u8 rtresure_brick2_ci8[] = {
	0x00, 0x01, 0x01, 0x02, 0x02, 0x02, 0x03, 0x03, 
	0x04, 0x02, 0x02, 0x04, 0x02, 0x02, 0x02, 0x02, 
	0x03, 0x04, 0x04, 0x04, 0x03, 0x01, 0x04, 0x04, 
	0x02, 0x03, 0x04, 0x03, 0x02, 0x03, 0x05, 0x06, 
	0x07, 0x03, 0x03, 0x08, 0x03, 0x03, 0x05, 0x03, 
	0x05, 0x03, 0x08, 0x04, 0x04, 0x03, 0x03, 0x03, 
	0x03, 0x03, 0x03, 0x03, 0x04, 0x03, 0x03, 0x05, 
	0x03, 0x05, 0x08, 0x03, 0x03, 0x08, 0x08, 0x01, 
	0x09, 0x08, 0x03, 0x03, 0x08, 0x03, 0x08, 0x05, 
	0x08, 0x05, 0x05, 0x03, 0x08, 0x04, 0x08, 0x08, 
	0x05, 0x08, 0x03, 0x03, 0x03, 0x03, 0x08, 0x03, 
	0x03, 0x08, 0x03, 0x08, 0x03, 0x08, 0x0a, 0x05, 
	0x07, 0x03, 0x03, 0x03, 0x03, 0x03, 0x03, 0x08, 
	0x03, 0x03, 0x05, 0x03, 0x03, 0x03, 0x08, 0x03, 
	0x03, 0x03, 0x08, 0x08, 0x05, 0x03, 0x03, 0x08, 
	0x03, 0x03, 0x08, 0x03, 0x03, 0x03, 0x08, 0x01, 
	0x0b, 0x03, 0x03, 0x02, 0x03, 0x08, 0x03, 0x08, 
	0x05, 0x03, 0x08, 0x03, 0x03, 0x08, 0x03, 0x03, 
	0x03, 0x05, 0x03, 0x03, 0x03, 0x05, 0x05, 0x04, 
	0x05, 0x05, 0x03, 0x03, 0x03, 0x03, 0x05, 0x05, 
	0x0b, 0x03, 0x03, 0x03, 0x03, 0x03, 0x08, 0x05, 
	0x03, 0x08, 0x03, 0x03, 0x08, 0x03, 0x03, 0x03, 
	0x03, 0x08, 0x03, 0x03, 0x03, 0x03, 0x08, 0x03, 
	0x03, 0x03, 0x08, 0x03, 0x08, 0x03, 0x03, 0x01, 
	0x09, 0x08, 0x03, 0x08, 0x08, 0x05, 0x05, 0x03, 
	0x05, 0x08, 0x03, 0x03, 0x05, 0x03, 0x05, 0x03, 
	0x03, 0x03, 0x08, 0x03, 0x03, 0x08, 0x03, 0x08, 
	0x05, 0x05, 0x03, 0x03, 0x05, 0x03, 0x08, 0x05, 
	0x0c, 0x0d, 0x00, 0x0d, 0x00, 0x0e, 0x0d, 0x00, 
	0x0e, 0x0e, 0x0e, 0x0d, 0x0d, 0x0e, 0x00, 0x00, 
	0x0e, 0x0d, 0x0e, 0x00, 0x00, 0x0d, 0x0e, 0x0e, 
	0x0e, 0x0e, 0x0e, 0x0d, 0x0e, 0x00, 0x0d, 0x0f, 
	0x10, 0x10, 0x10, 0x11, 0x10, 0x12, 0x11, 0x10, 
	0x11, 0x12, 0x12, 0x10, 0x10, 0x10, 0x10, 0x13, 
	0x14, 0x12, 0x10, 0x15, 0x11, 0x10, 0x12, 0x10, 
	0x10, 0x10, 0x11, 0x10, 0x11, 0x11, 0x10, 0x11, 
	0x10, 0x11, 0x11, 0x12, 0x16, 0x10, 0x17, 0x11, 
	0x17, 0x12, 0x16, 0x17, 0x10, 0x17, 0x17, 0x18, 
	0x19, 0x12, 0x16, 0x10, 0x11, 0x11, 0x11, 0x11, 
	0x12, 0x11, 0x10, 0x16, 0x12, 0x16, 0x12, 0x16, 
	0x16, 0x10, 0x11, 0x12, 0x12, 0x11, 0x16, 0x18, 
	0x17, 0x16, 0x16, 0x10, 0x11, 0x17, 0x10, 0x18, 
	0x1a, 0x11, 0x16, 0x1b, 0x1c, 0x16, 0x11, 0x17, 
	0x12, 0x11, 0x12, 0x12, 0x16, 0x12, 0x12, 0x12, 
	0x16, 0x10, 0x11, 0x1d, 0x10, 0x12, 0x11, 0x12, 
	0x10, 0x11, 0x12, 0x11, 0x10, 0x10, 0x16, 0x15, 
	0x1a, 0x16, 0x10, 0x10, 0x11, 0x12, 0x15, 0x16, 
	0x10, 0x11, 0x12, 0x10, 0x16, 0x12, 0x12, 0x16, 
	0x10, 0x17, 0x12, 0x1c, 0x1c, 0x10, 0x18, 0x12, 
	0x10, 0x16, 0x11, 0x16, 0x10, 0x12, 0x10, 0x15, 
	0x1a, 0x11, 0x12, 0x12, 0x11, 0x16, 0x11, 0x10, 
	0x10, 0x11, 0x16, 0x10, 0x16, 0x12, 0x10, 0x16, 
	0x16, 0x16, 0x12, 0x12, 0x12, 0x16, 0x12, 0x12, 
	0x16, 0x12, 0x11, 0x10, 0x12, 0x11, 0x12, 0x10, 
	0x19, 0x12, 0x10, 0x15, 0x16, 0x12, 0x11, 0x12, 
	0x11, 0x16, 0x10, 0x16, 0x12, 0x11, 0x16, 0x12, 
	0x12, 0x16, 0x11, 0x12, 0x10, 0x12, 0x12, 0x17, 
	0x12, 0x16, 0x11, 0x11, 0x12, 0x10, 0x12, 0x10, 
	0x19, 0x15, 0x10, 0x1e, 0x16, 0x10, 0x10, 0x11, 
	0x11, 0x10, 0x10, 0x12, 0x12, 0x10, 0x10, 0x17, 
	0x19, 0x19, 0x19, 0x1a, 0x1f, 0x1a, 0x1a, 0x1f, 
	0x1a, 0x1a, 0x1a, 0x1f, 0x1f, 0x20, 0x1a, 0x21, 
	0x0b, 0x1a, 0x1a, 0x1a, 0x1a, 0x1a, 0x1a, 0x1a, 
	0x22, 0x1f, 0x1f, 0x1a, 0x1a, 0x19, 0x1f, 0x19, 
	0x00, 0x03, 0x02, 0x01, 0x03, 0x01, 0x02, 0x01, 
	0x01, 0x03, 0x05, 0x05, 0x03, 0x03, 0x01, 0x03, 
	0x01, 0x03, 0x03, 0x01, 0x01, 0x01, 0x23, 0x23, 
	0x01, 0x23, 0x23, 0x01, 0x01, 0x01, 0x01, 0x01, 
	0x07, 0x23, 0x08, 0x02, 0x02, 0x05, 0x23, 0x02, 
	0x02, 0x05, 0x08, 0x03, 0x23, 0x02, 0x03, 0x02, 
	0x03, 0x03, 0x03, 0x04, 0x05, 0x02, 0x03, 0x02, 
	0x02, 0x23, 0x02, 0x05, 0x08, 0x05, 0x08, 0x01, 
	0x07, 0x03, 0x03, 0x03, 0x05, 0x02, 0x05, 0x02, 
	0x05, 0x05, 0x02, 0x03, 0x03, 0x08, 0x08, 0x02, 
	0x05, 0x05, 0x23, 0x23, 0x03, 0x23, 0x24, 0x02, 
	0x03, 0x02, 0x23, 0x05, 0x03, 0x05, 0x05, 0x05, 
	0x25, 0x03, 0x03, 0x05, 0x08, 0x08, 0x02, 0x03, 
	0x02, 0x02, 0x08, 0x02, 0x03, 0x23, 0x03, 0x23, 
	0x03, 0x02, 0x04, 0x03, 0x05, 0x23, 0x05, 0x03, 
	0x03, 0x03, 0x23, 0x03, 0x02, 0x23, 0x05, 0x01, 
	0x0b, 0x05, 0x02, 0x02, 0x23, 0x02, 0x08, 0x05, 
	0x05, 0x02, 0x23, 0x03, 0x05, 0x05, 0x02, 0x02, 
	0x02, 0x02, 0x23, 0x05, 0x02, 0x03, 0x02, 0x23, 
	0x23, 0x05, 0x05, 0x03, 0x23, 0x23, 0x23, 0x01, 
	0x0b, 0x23, 0x02, 0x02, 0x05, 0x02, 0x23, 0x02, 
	0x02, 0x03, 0x02, 0x05, 0x05, 0x02, 0x05, 0x23, 
	0x02, 0x05, 0x05, 0x08, 0x08, 0x23, 0x05, 0x02, 
	0x23, 0x23, 0x23, 0x05, 0x05, 0x05, 0x0a, 0x01, 
	0x07, 0x02, 0x03, 0x05, 0x05, 0x05, 0x04, 0x02, 
	0x02, 0x02, 0x04, 0x08, 0x23, 0x02, 0x02, 0x02, 
	0x03, 0x08, 0x02, 0x23, 0x02, 0x04, 0x03, 0x02, 
	0x05, 0x23, 0x02, 0x02, 0x05, 0x02, 0x05, 0x01, 
	0x0c, 0x0d, 0x0d, 0x0f, 0x0f, 0x0f, 0x00, 0x0f, 
	0x0d, 0x00, 0x0d, 0x0d, 0x00, 0x00, 0x0f, 0x0d, 
	0x0e, 0x00, 0x0d, 0x00, 0x0f, 0x0d, 0x0d, 0x00, 
	0x0d, 0x00, 0x0d, 0x00, 0x00, 0x0d, 0x0f, 0x26, 
	0x18, 0x15, 0x13, 0x13, 0x11, 0x11, 0x10, 0x15, 
	0x11, 0x11, 0x15, 0x10, 0x10, 0x15, 0x11, 0x13, 
	0x19, 0x15, 0x15, 0x27, 0x11, 0x27, 0x15, 0x11, 
	0x10, 0x13, 0x11, 0x15, 0x11, 0x27, 0x11, 0x11, 
	0x11, 0x18, 0x11, 0x10, 0x12, 0x10, 0x11, 0x11, 
	0x12, 0x11, 0x11, 0x11, 0x11, 0x10, 0x15, 0x11, 
	0x0e, 0x10, 0x15, 0x11, 0x11, 0x11, 0x11, 0x11, 
	0x10, 0x10, 0x10, 0x10, 0x11, 0x10, 0x10, 0x12, 
	0x10, 0x10, 0x15, 0x11, 0x15, 0x10, 0x10, 0x10, 
	0x11, 0x10, 0x11, 0x15, 0x12, 0x10, 0x15, 0x15, 
	0x1a, 0x15, 0x11, 0x11, 0x10, 0x11, 0x10, 0x10, 
	0x12, 0x10, 0x12, 0x11, 0x11, 0x10, 0x10, 0x12, 
	0x15, 0x10, 0x10, 0x10, 0x11, 0x12, 0x11, 0x10, 
	0x10, 0x10, 0x11, 0x11, 0x11, 0x10, 0x10, 0x10, 
	0x1a, 0x12, 0x12, 0x12, 0x10, 0x11, 0x11, 0x11, 
	0x10, 0x11, 0x11, 0x12, 0x11, 0x12, 0x15, 0x12, 
	0x11, 0x10, 0x11, 0x10, 0x10, 0x10, 0x10, 0x10, 
	0x10, 0x10, 0x10, 0x12, 0x11, 0x10, 0x11, 0x11, 
	0x1a, 0x10, 0x11, 0x10, 0x10, 0x12, 0x10, 0x10, 
	0x10, 0x12, 0x10, 0x10, 0x10, 0x15, 0x15, 0x15, 
	0x15, 0x10, 0x10, 0x10, 0x12, 0x12, 0x15, 0x10, 
	0x11, 0x11, 0x11, 0x11, 0x10, 0x11, 0x10, 0x16, 
	0x1a, 0x11, 0x11, 0x11, 0x12, 0x11, 0x11, 0x15, 
	0x10, 0x12, 0x11, 0x10, 0x10, 0x11, 0x10, 0x11, 
	0x12, 0x10, 0x10, 0x10, 0x12, 0x12, 0x10, 0x15, 
	0x10, 0x10, 0x11, 0x11, 0x16, 0x10, 0x10, 0x16, 
	0x22, 0x11, 0x11, 0x10, 0x12, 0x15, 0x11, 0x10, 
	0x12, 0x15, 0x11, 0x10, 0x15, 0x12, 0x15, 0x11, 
	0x1a, 0x1a, 0x1a, 0x1a, 0x1a, 0x1a, 0x1a, 0x1a, 
	0x1a, 0x1f, 0x1a, 0x1f, 0x1f, 0x1f, 0x1f, 0x28, 
	0x09, 0x1a, 0x1f, 0x1a, 0x1a, 0x1a, 0x1f, 0x1a, 
	0x1f, 0x1a, 0x1a, 0x1a, 0x1a, 0x1a, 0x1a, 0x1a, 
	
};

Gfx rtresure_brick2_pal_rgba16_aligner[] = {gsSPEndDisplayList()};
u8 rtresure_brick2_pal_rgba16[] = {
	0x31, 0x01, 0x59, 0xc3, 0x59, 0xc1, 0x61, 0xc3, 
	0x62, 0x03, 0x62, 0x05, 0x51, 0xc5, 0x28, 0xc1, 
	0x59, 0xc5, 0x29, 0x03, 0x5a, 0x03, 0x28, 0xc3, 
	0x20, 0x81, 0x39, 0x03, 0x39, 0x43, 0x39, 0x01, 
	0x72, 0x89, 0x7a, 0xc9, 0x72, 0xcb, 0x6a, 0x89, 
	0x49, 0x85, 0x72, 0xc9, 0x7a, 0xcb, 0x72, 0x87, 
	0x7b, 0x0b, 0x39, 0x45, 0x41, 0x85, 0x83, 0x0b, 
	0x83, 0x0d, 0x7b, 0x0d, 0x6a, 0x47, 0x41, 0x87, 
	0x39, 0x85, 0x49, 0xc5, 0x41, 0x45, 0x51, 0xc3, 
	0x6a, 0x05, 0x31, 0x03, 0x41, 0x43, 0x6a, 0x49, 
	0x49, 0xc7, 
};

Gfx rtresure_carpet_ci4_aligner[] = {gsSPEndDisplayList()};
u8 rtresure_carpet_ci4[] = {
	0x00, 0x00, 0x12, 0x11, 0x22, 0x22, 0x21, 0x21, 
	0x00, 0x21, 0x10, 0x01, 0x11, 0x22, 0x11, 0x02, 
	0x12, 0x12, 0x11, 0x11, 0x02, 0x02, 0x12, 0x22, 
	0x00, 0x22, 0x21, 0x21, 0x02, 0x21, 0x22, 0x12, 
	0x22, 0x02, 0x12, 0x12, 0x20, 0x21, 0x12, 0x01, 
	0x11, 0x11, 0x10, 0x00, 0x00, 0x21, 0x10, 0x11, 
	0x21, 0x00, 0x12, 0x22, 0x21, 0x22, 0x01, 0x22, 
	0x21, 0x01, 0x02, 0x12, 0x00, 0x02, 0x20, 0x21, 
	0x00, 0x11, 0x22, 0x10, 0x22, 0x11, 0x21, 0x02, 
	0x22, 0x01, 0x21, 0x10, 0x22, 0x22, 0x00, 0x01, 
	0x10, 0x00, 0x01, 0x10, 0x20, 0x22, 0x12, 0x12, 
	0x21, 0x00, 0x12, 0x10, 0x22, 0x10, 0x12, 0x21, 
	0x10, 0x01, 0x12, 0x11, 0x12, 0x21, 0x20, 0x10, 
	0x12, 0x10, 0x11, 0x12, 0x20, 0x21, 0x11, 0x12, 
	0x01, 0x00, 0x01, 0x10, 0x01, 0x12, 0x12, 0x11, 
	0x11, 0x11, 0x00, 0x11, 0x10, 0x12, 0x01, 0x12, 
	0x11, 0x10, 0x11, 0x01, 0x10, 0x12, 0x22, 0x10, 
	0x00, 0x22, 0x01, 0x22, 0x00, 0x21, 0x20, 0x12, 
	0x10, 0x01, 0x01, 0x20, 0x02, 0x10, 0x12, 0x11, 
	0x10, 0x01, 0x00, 0x00, 0x20, 0x01, 0x02, 0x11, 
	0x01, 0x00, 0x02, 0x12, 0x11, 0x10, 0x01, 0x21, 
	0x20, 0x00, 0x01, 0x00, 0x11, 0x20, 0x12, 0x21, 
	0x20, 0x00, 0x10, 0x21, 0x20, 0x10, 0x21, 0x10, 
	0x10, 0x01, 0x01, 0x20, 0x22, 0x02, 0x22, 0x22, 
	0x12, 0x01, 0x11, 0x02, 0x01, 0x00, 0x10, 0x22, 
	0x21, 0x00, 0x01, 0x11, 0x10, 0x21, 0x21, 0x22, 
	0x21, 0x20, 0x11, 0x01, 0x00, 0x11, 0x01, 0x00, 
	0x21, 0x10, 0x00, 0x22, 0x02, 0x12, 0x22, 0x21, 
	0x21, 0x11, 0x01, 0x22, 0x00, 0x00, 0x11, 0x11, 
	0x02, 0x11, 0x20, 0x10, 0x01, 0x01, 0x20, 0x02, 
	0x20, 0x00, 0x10, 0x12, 0x00, 0x11, 0x21, 0x13, 
	0x12, 0x10, 0x22, 0x12, 0x20, 0x02, 0x00, 0x20, 
	0x20, 0x22, 0x01, 0x02, 0x10, 0x20, 0x01, 0x22, 
	0x23, 0x30, 0x11, 0x11, 0x01, 0x02, 0x10, 0x02, 
	0x00, 0x12, 0x11, 0x12, 0x11, 0x22, 0x23, 0x12, 
	0x01, 0x13, 0x32, 0x10, 0x00, 0x01, 0x10, 0x11, 
	0x00, 0x00, 0x20, 0x11, 0x13, 0x31, 0x02, 0x31, 
	0x20, 0x02, 0x11, 0x11, 0x01, 0x00, 0x10, 0x11, 
	0x01, 0x10, 0x10, 0x02, 0x01, 0x33, 0x01, 0x22, 
	0x32, 0x10, 0x23, 0x30, 0x12, 0x00, 0x00, 0x01, 
	0x00, 0x01, 0x20, 0x10, 0x22, 0x12, 0x31, 0x21, 
	0x13, 0x32, 0x02, 0x03, 0x01, 0x20, 0x20, 0x12, 
	0x10, 0x01, 0x33, 0x12, 0x00, 0x12, 0x13, 0x10, 
	0x20, 0x33, 0x10, 0x01, 0x00, 0x12, 0x11, 0x22, 
	0x10, 0x10, 0x00, 0x11, 0x02, 0x21, 0x21, 0x23, 
	0x32, 0x23, 0x11, 0x11, 0x11, 0x11, 0x22, 0x12, 
	0x00, 0x01, 0x00, 0x21, 0x10, 0x10, 0x11, 0x21, 
	0x22, 0x11, 0x00, 0x11, 0x00, 0x12, 0x02, 0x22, 
	0x22, 0x21, 0x11, 0x21, 0x20, 0x01, 0x33, 0x32, 
	0x11, 0x33, 0x10, 0x22, 0x02, 0x10, 0x00, 0x02, 
	0x10, 0x01, 0x21, 0x10, 0x11, 0x10, 0x12, 0x20, 
	0x21, 0x00, 0x20, 0x11, 0x02, 0x12, 0x20, 0x20, 
	0x21, 0x22, 0x22, 0x11, 0x00, 0x10, 0x11, 0x01, 
	0x02, 0x10, 0x00, 0x22, 0x02, 0x12, 0x21, 0x12, 
	0x22, 0x21, 0x21, 0x21, 0x11, 0x11, 0x22, 0x11, 
	0x21, 0x21, 0x10, 0x22, 0x11, 0x20, 0x20, 0x02, 
	0x22, 0x12, 0x11, 0x20, 0x12, 0x10, 0x22, 0x21, 
	0x10, 0x00, 0x01, 0x11, 0x21, 0x10, 0x01, 0x01, 
	0x11, 0x20, 0x02, 0x20, 0x00, 0x22, 0x02, 0x20, 
	0x10, 0x02, 0x12, 0x12, 0x20, 0x00, 0x21, 0x02, 
	0x00, 0x12, 0x10, 0x12, 0x22, 0x22, 0x12, 0x21, 
	0x10, 0x02, 0x22, 0x00, 0x21, 0x00, 0x01, 0x12, 
	0x11, 0x12, 0x22, 0x22, 0x20, 0x12, 0x02, 0x02, 
	0x20, 0x12, 0x20, 0x12, 0x12, 0x22, 0x10, 0x11, 
	
};

Gfx rtresure_carpet_pal_rgba16_aligner[] = {gsSPEndDisplayList()};
u8 rtresure_carpet_pal_rgba16[] = {
	0x80, 0xc7, 0xa8, 0xc7, 0x90, 0xc7, 0x88, 0xc7, 
	
};

Gfx rtresure_itimatu2_ci8_aligner[] = {gsSPEndDisplayList()};
u8 rtresure_itimatu2_ci8[] = {
	0x00, 0x00, 0x00, 0x00, 0x00, 0x00, 0x00, 0x00, 
	0x00, 0x00, 0x00, 0x00, 0x00, 0x00, 0x00, 0x00, 
	0x01, 0x01, 0x01, 0x01, 0x01, 0x01, 0x01, 0x01, 
	0x01, 0x01, 0x01, 0x01, 0x01, 0x01, 0x01, 0x02, 
	0x00, 0x03, 0x03, 0x04, 0x05, 0x05, 0x05, 0x06, 
	0x07, 0x07, 0x08, 0x09, 0x09, 0x00, 0x00, 0x00, 
	0x01, 0x02, 0x02, 0x02, 0x0a, 0x0a, 0x0a, 0x0a, 
	0x0b, 0x0b, 0x0c, 0x0c, 0x0d, 0x0d, 0x0d, 0x02, 
	0x00, 0x03, 0x04, 0x04, 0x05, 0x05, 0x06, 0x06, 
	0x07, 0x08, 0x09, 0x09, 0x00, 0x00, 0x00, 0x00, 
	0x01, 0x02, 0x02, 0x02, 0x0a, 0x0a, 0x0a, 0x0b, 
	0x0b, 0x0c, 0x0c, 0x0e, 0x0d, 0x0d, 0x0f, 0x02, 
	0x00, 0x04, 0x04, 0x05, 0x05, 0x06, 0x06, 0x10, 
	0x08, 0x09, 0x09, 0x00, 0x00, 0x00, 0x09, 0x00, 
	0x01, 0x02, 0x02, 0x0a, 0x0a, 0x0a, 0x0b, 0x0b, 
	0x0c, 0x0c, 0x0e, 0x0e, 0x0d, 0x0d, 0x0f, 0x02, 
	0x00, 0x05, 0x05, 0x05, 0x06, 0x06, 0x10, 0x08, 
	0x08, 0x09, 0x00, 0x00, 0x00, 0x09, 0x09, 0x00, 
	0x01, 0x0a, 0x0a, 0x0a, 0x0b, 0x0b, 0x0b, 0x0b, 
	0x0e, 0x0e, 0x0e, 0x0d, 0x0f, 0x0f, 0x11, 0x02, 
	0x00, 0x05, 0x05, 0x06, 0x06, 0x10, 0x08, 0x08, 
	0x09, 0x00, 0x00, 0x00, 0x09, 0x09, 0x08, 0x00, 
	0x01, 0x0a, 0x0a, 0x0b, 0x0b, 0x0b, 0x0b, 0x0c, 
	0x0e, 0x0e, 0x0d, 0x0d, 0x0f, 0x11, 0x11, 0x02, 
	0x00, 0x05, 0x06, 0x06, 0x10, 0x08, 0x08, 0x09, 
	0x00, 0x00, 0x00, 0x09, 0x09, 0x08, 0x07, 0x00, 
	0x01, 0x0a, 0x0a, 0x0b, 0x0b, 0x0b, 0x0c, 0x0e, 
	0x0e, 0x0d, 0x0d, 0x0f, 0x11, 0x11, 0x12, 0x02, 
	0x00, 0x06, 0x06, 0x10, 0x08, 0x08, 0x09, 0x09, 
	0x00, 0x00, 0x09, 0x08, 0x08, 0x07, 0x07, 0x00, 
	0x01, 0x0a, 0x0b, 0x0b, 0x0b, 0x0c, 0x0e, 0x0e, 
	0x0d, 0x0d, 0x0f, 0x0f, 0x11, 0x12, 0x12, 0x02, 
	0x00, 0x07, 0x07, 0x08, 0x08, 0x09, 0x00, 0x00, 
	0x09, 0x09, 0x09, 0x08, 0x07, 0x07, 0x13, 0x00, 
	0x01, 0x0b, 0x0b, 0x0c, 0x0e, 0x0e, 0x0e, 0x0d, 
	0x0f, 0x0f, 0x11, 0x11, 0x12, 0x12, 0x14, 0x02, 
	0x00, 0x07, 0x08, 0x09, 0x09, 0x00, 0x00, 0x00, 
	0x09, 0x09, 0x08, 0x10, 0x07, 0x13, 0x13, 0x00, 
	0x01, 0x0b, 0x0c, 0x0c, 0x0e, 0x0e, 0x0d, 0x0d, 
	0x0f, 0x11, 0x11, 0x12, 0x12, 0x14, 0x14, 0x02, 
	0x00, 0x08, 0x09, 0x09, 0x00, 0x00, 0x00, 0x00, 
	0x09, 0x08, 0x10, 0x06, 0x13, 0x13, 0x15, 0x00, 
	0x01, 0x0c, 0x0c, 0x0e, 0x0e, 0x0d, 0x0d, 0x0f, 
	0x11, 0x11, 0x12, 0x12, 0x14, 0x14, 0x16, 0x02, 
	0x00, 0x09, 0x09, 0x00, 0x00, 0x00, 0x09, 0x08, 
	0x08, 0x10, 0x06, 0x06, 0x13, 0x15, 0x15, 0x00, 
	0x01, 0x0c, 0x0e, 0x0e, 0x0d, 0x0d, 0x0f, 0x0f, 
	0x11, 0x12, 0x12, 0x14, 0x14, 0x16, 0x16, 0x02, 
	0x00, 0x09, 0x00, 0x00, 0x00, 0x09, 0x09, 0x08, 
	0x07, 0x07, 0x13, 0x13, 0x15, 0x03, 0x03, 0x00, 
	0x01, 0x0e, 0x0e, 0x17, 0x0f, 0x0f, 0x11, 0x11, 
	0x12, 0x12, 0x14, 0x14, 0x16, 0x16, 0x18, 0x02, 
	0x00, 0x00, 0x00, 0x00, 0x09, 0x09, 0x08, 0x07, 
	0x07, 0x13, 0x13, 0x15, 0x03, 0x03, 0x19, 0x00, 
	0x01, 0x0e, 0x17, 0x17, 0x0f, 0x11, 0x11, 0x12, 
	0x12, 0x14, 0x14, 0x16, 0x16, 0x18, 0x18, 0x02, 
	0x00, 0x00, 0x00, 0x09, 0x09, 0x08, 0x07, 0x07, 
	0x13, 0x13, 0x15, 0x15, 0x03, 0x19, 0x19, 0x00, 
	0x01, 0x17, 0x17, 0x17, 0x11, 0x11, 0x12, 0x12, 
	0x14, 0x14, 0x16, 0x16, 0x18, 0x18, 0x18, 0x02, 
	0x00, 0x00, 0x00, 0x00, 0x00, 0x00, 0x00, 0x00, 
	0x00, 0x00, 0x00, 0x00, 0x00, 0x00, 0x00, 0x00, 
	0x02, 0x02, 0x02, 0x02, 0x02, 0x02, 0x02, 0x02, 
	0x02, 0x02, 0x02, 0x02, 0x02, 0x02, 0x02, 0x02, 
	0x01, 0x01, 0x01, 0x01, 0x01, 0x01, 0x01, 0x01, 
	0x01, 0x01, 0x01, 0x01, 0x01, 0x01, 0x01, 0x02, 
	0x00, 0x00, 0x00, 0x00, 0x00, 0x00, 0x00, 0x00, 
	0x00, 0x00, 0x00, 0x00, 0x00, 0x00, 0x00, 0x00, 
	0x01, 0x02, 0x02, 0x02, 0x0b, 0x0b, 0x0b, 0x0b, 
	0x0c, 0x0c, 0x0e, 0x0e, 0x0f, 0x0f, 0x0f, 0x02, 
	0x00, 0x03, 0x03, 0x04, 0x05, 0x05, 0x05, 0x06, 
	0x07, 0x07, 0x08, 0x09, 0x09, 0x00, 0x00, 0x00, 
	0x01, 0x02, 0x02, 0x02, 0x0b, 0x0b, 0x0b, 0x0c, 
	0x0c, 0x0e, 0x0e, 0x0e, 0x0f, 0x0f, 0x0f, 0x02, 
	0x00, 0x03, 0x04, 0x04, 0x05, 0x05, 0x06, 0x06, 
	0x07, 0x08, 0x09, 0x09, 0x00, 0x00, 0x00, 0x00, 
	0x01, 0x02, 0x02, 0x02, 0x0b, 0x0b, 0x0c, 0x0c, 
	0x0e, 0x0e, 0x0e, 0x0d, 0x0f, 0x0f, 0x0f, 0x02, 
	0x00, 0x04, 0x04, 0x05, 0x05, 0x06, 0x06, 0x10, 
	0x08, 0x09, 0x09, 0x00, 0x00, 0x00, 0x09, 0x00, 
	0x01, 0x0b, 0x0b, 0x0b, 0x0c, 0x0c, 0x0c, 0x0c, 
	0x0e, 0x0d, 0x0d, 0x0d, 0x11, 0x11, 0x11, 0x02, 
	0x00, 0x05, 0x05, 0x05, 0x06, 0x06, 0x10, 0x08, 
	0x08, 0x09, 0x00, 0x00, 0x00, 0x09, 0x09, 0x00, 
	0x01, 0x0b, 0x0b, 0x0b, 0x0c, 0x0c, 0x0c, 0x0e, 
	0x0d, 0x0d, 0x0d, 0x0d, 0x11, 0x11, 0x12, 0x02, 
	0x00, 0x05, 0x05, 0x06, 0x06, 0x10, 0x08, 0x08, 
	0x09, 0x00, 0x00, 0x00, 0x09, 0x09, 0x08, 0x00, 
	0x01, 0x0b, 0x0b, 0x0c, 0x0c, 0x0c, 0x0e, 0x0e, 
	0x0d, 0x0d, 0x0d, 0x11, 0x11, 0x12, 0x12, 0x02, 
	0x00, 0x05, 0x06, 0x06, 0x10, 0x08, 0x08, 0x09, 
	0x00, 0x00, 0x00, 0x09, 0x09, 0x08, 0x07, 0x00, 
	0x01, 0x0b, 0x0c, 0x0c, 0x0c, 0x0e, 0x0e, 0x0d, 
	0x0d, 0x0d, 0x11, 0x11, 0x12, 0x12, 0x14, 0x02, 
	0x00, 0x06, 0x06, 0x10, 0x08, 0x08, 0x09, 0x09, 
	0x00, 0x00, 0x09, 0x08, 0x08, 0x07, 0x07, 0x00, 
	0x01, 0x0c, 0x0c, 0x0e, 0x0e, 0x0e, 0x0d, 0x0d, 
	0x0f, 0x11, 0x11, 0x11, 0x12, 0x14, 0x14, 0x02, 
	0x00, 0x07, 0x07, 0x08, 0x08, 0x09, 0x00, 0x00, 
	0x09, 0x09, 0x09, 0x08, 0x06, 0x06, 0x06, 0x00, 
	0x01, 0x0c, 0x0e, 0x0e, 0x0e, 0x0d, 0x0d, 0x0d, 
	0x11, 0x11, 0x11, 0x11, 0x14, 0x14, 0x16, 0x02, 
	0x00, 0x07, 0x08, 0x09, 0x09, 0x00, 0x00, 0x00, 
	0x09, 0x09, 0x08, 0x10, 0x06, 0x06, 0x05, 0x00, 
	0x01, 0x0e, 0x0e, 0x0e, 0x0d, 0x0d, 0x0d, 0x11, 
	0x11, 0x11, 0x11, 0x14, 0x14, 0x16, 0x16, 0x02, 
	0x00, 0x08, 0x09, 0x09, 0x00, 0x00, 0x00, 0x09, 
	0x09, 0x08, 0x10, 0x06, 0x06, 0x05, 0x04, 0x00, 
	0x01, 0x0e, 0x0d, 0x0d, 0x0d, 0x0d, 0x11, 0x11, 
	0x11, 0x11, 0x14, 0x14, 0x16, 0x16, 0x16, 0x02, 
	0x00, 0x09, 0x09, 0x00, 0x00, 0x00, 0x09, 0x08, 
	0x08, 0x10, 0x06, 0x06, 0x05, 0x04, 0x04, 0x00, 
	0x01, 0x0f, 0x0f, 0x0f, 0x11, 0x11, 0x11, 0x12, 
	0x12, 0x14, 0x14, 0x16, 0x16, 0x16, 0x18, 0x02, 
	0x00, 0x09, 0x00, 0x00, 0x00, 0x09, 0x09, 0x08, 
	0x06, 0x06, 0x06, 0x05, 0x15, 0x03, 0x03, 0x00, 
	0x01, 0x0f, 0x0f, 0x0f, 0x11, 0x11, 0x12, 0x12, 
	0x14, 0x14, 0x16, 0x16, 0x16, 0x18, 0x18, 0x02, 
	0x00, 0x00, 0x00, 0x00, 0x09, 0x09, 0x08, 0x07, 
	0x06, 0x06, 0x05, 0x04, 0x03, 0x03, 0x19, 0x00, 
	0x01, 0x0f, 0x0f, 0x0f, 0x11, 0x12, 0x12, 0x14, 
	0x14, 0x16, 0x16, 0x16, 0x18, 0x18, 0x18, 0x02, 
	0x00, 0x00, 0x00, 0x09, 0x09, 0x08, 0x07, 0x07, 
	0x06, 0x05, 0x04, 0x04, 0x03, 0x19, 0x19, 0x00, 
	0x02, 0x02, 0x02, 0x02, 0x02, 0x02, 0x02, 0x02, 
	0x02, 0x02, 0x02, 0x02, 0x02, 0x02, 0x02, 0x02, 
	0x00, 0x00, 0x00, 0x00, 0x00, 0x00, 0x00, 0x00, 
	0x00, 0x00, 0x00, 0x00, 0x00, 0x00, 0x00, 0x00, 
	
};

Gfx rtresure_itimatu2_pal_rgba16_aligner[] = {gsSPEndDisplayList()};
u8 rtresure_itimatu2_pal_rgba16[] = {
	0x00, 0x01, 0xf7, 0xbd, 0x94, 0xa5, 0x5a, 0xd7, 
	0x52, 0x95, 0x42, 0x11, 0x29, 0x4b, 0x21, 0x09, 
	0x10, 0x85, 0x08, 0x43, 0x9c, 0xe7, 0xa5, 0x29, 
	0xad, 0x6b, 0xbd, 0xef, 0xb5, 0xad, 0xc6, 0x31, 
	0x18, 0xc7, 0xce, 0x73, 0xd6, 0xb5, 0x39, 0xcf, 
	0xde, 0xf7, 0x4a, 0x53, 0xe7, 0x39, 0xbd, 0xf1, 
	0xef, 0x7b, 0x6b, 0x5b, 
};

Gfx rtresure_Fence_ci8_aligner[] = {gsSPEndDisplayList()};
u8 rtresure_Fence_ci8[] = {
	0x00, 0x00, 0x00, 0x00, 0x00, 0x00, 0x00, 0x00, 
	0x00, 0x00, 0x00, 0x00, 0x00, 0x00, 0x00, 0x00, 
	0x00, 0x00, 0x00, 0x00, 0x00, 0x00, 0x00, 0x00, 
	0x00, 0x00, 0x00, 0x00, 0x00, 0x00, 0x00, 0x00, 
	0x01, 0x02, 0x03, 0x03, 0x04, 0x05, 0x06, 0x01, 
	0x02, 0x01, 0x01, 0x06, 0x07, 0x05, 0x04, 0x02, 
	0x08, 0x05, 0x07, 0x05, 0x04, 0x02, 0x01, 0x01, 
	0x04, 0x05, 0x04, 0x08, 0x09, 0x03, 0x01, 0x06, 
	0x0a, 0x0b, 0x0b, 0x0a, 0x0c, 0x0c, 0x0d, 0x0b, 
	0x0e, 0x0b, 0x0f, 0x0d, 0x0d, 0x0b, 0x10, 0x10, 
	0x0b, 0x0d, 0x0c, 0x11, 0x0e, 0x10, 0x0b, 0x11, 
	0x0c, 0x0c, 0x11, 0x0b, 0x0b, 0x0a, 0x12, 0x13, 
	0x14, 0x14, 0x15, 0x16, 0x16, 0x16, 0x17, 0x14, 
	0x16, 0x18, 0x18, 0x18, 0x16, 0x17, 0x17, 0x16, 
	0x19, 0x18, 0x1a, 0x17, 0x17, 0x16, 0x18, 0x18, 
	0x16, 0x16, 0x17, 0x17, 0x16, 0x16, 0x16, 0x15, 
	0x1b, 0x1c, 0x1d, 0x1e, 0x1f, 0x1f, 0x1f, 0x1f, 
	0x1c, 0x1d, 0x1f, 0x1f, 0x1f, 0x1f, 0x1f, 0x1d, 
	0x1d, 0x1f, 0x1f, 0x1f, 0x1f, 0x1c, 0x1d, 0x1c, 
	0x1f, 0x1f, 0x1f, 0x1c, 0x1d, 0x1e, 0x1d, 0x1b, 
	0x20, 0x20, 0x20, 0x20, 0x21, 0x21, 0x21, 0x20, 
	0x20, 0x20, 0x21, 0x21, 0x21, 0x21, 0x21, 0x20, 
	0x21, 0x21, 0x21, 0x21, 0x21, 0x20, 0x20, 0x21, 
	0x21, 0x21, 0x21, 0x20, 0x20, 0x20, 0x20, 0x21, 
	0x22, 0x22, 0x22, 0x22, 0x22, 0x22, 0x23, 0x24, 
	0x24, 0x23, 0x22, 0x25, 0x26, 0x25, 0x25, 0x25, 
	0x25, 0x25, 0x26, 0x25, 0x25, 0x22, 0x23, 0x24, 
	0x24, 0x23, 0x22, 0x22, 0x22, 0x22, 0x22, 0x22, 
	0x27, 0x27, 0x27, 0x27, 0x27, 0x28, 0x29, 0x2a, 
	0x2b, 0x24, 0x23, 0x27, 0x27, 0x27, 0x27, 0x27, 
	0x27, 0x27, 0x27, 0x27, 0x27, 0x28, 0x29, 0x2a, 
	0x2b, 0x24, 0x23, 0x27, 0x27, 0x27, 0x27, 0x27, 
	0x27, 0x27, 0x27, 0x27, 0x27, 0x28, 0x28, 0x2c, 
	0x2d, 0x2e, 0x2f, 0x27, 0x27, 0x27, 0x27, 0x27, 
	0x27, 0x27, 0x27, 0x27, 0x27, 0x28, 0x28, 0x2c, 
	0x2d, 0x2e, 0x2f, 0x27, 0x27, 0x27, 0x27, 0x27, 
	0x27, 0x27, 0x27, 0x27, 0x27, 0x24, 0x24, 0x30, 
	0x31, 0x32, 0x33, 0x27, 0x27, 0x27, 0x27, 0x27, 
	0x27, 0x27, 0x27, 0x27, 0x27, 0x24, 0x24, 0x30, 
	0x31, 0x32, 0x33, 0x27, 0x27, 0x27, 0x27, 0x27, 
	0x27, 0x27, 0x27, 0x27, 0x27, 0x27, 0x34, 0x2d, 
	0x24, 0x35, 0x27, 0x27, 0x27, 0x27, 0x27, 0x27, 
	0x27, 0x27, 0x27, 0x27, 0x27, 0x27, 0x34, 0x2d, 
	0x24, 0x35, 0x27, 0x27, 0x27, 0x27, 0x27, 0x27, 
	0x27, 0x27, 0x27, 0x27, 0x27, 0x27, 0x36, 0x37, 
	0x38, 0x39, 0x27, 0x27, 0x27, 0x27, 0x27, 0x27, 
	0x27, 0x27, 0x27, 0x27, 0x27, 0x27, 0x36, 0x37, 
	0x38, 0x39, 0x27, 0x27, 0x27, 0x27, 0x27, 0x27, 
	0x27, 0x27, 0x27, 0x27, 0x27, 0x27, 0x3a, 0x3b, 
	0x3c, 0x3d, 0x27, 0x27, 0x27, 0x27, 0x27, 0x27, 
	0x27, 0x27, 0x27, 0x27, 0x27, 0x27, 0x3a, 0x3b, 
	0x3c, 0x3d, 0x27, 0x27, 0x27, 0x27, 0x27, 0x27, 
	0x27, 0x27, 0x27, 0x27, 0x27, 0x3e, 0x3f, 0x3f, 
	0x3f, 0x3f, 0x40, 0x27, 0x27, 0x27, 0x27, 0x27, 
	0x27, 0x27, 0x27, 0x27, 0x27, 0x3e, 0x3f, 0x3f, 
	0x3f, 0x3f, 0x40, 0x27, 0x27, 0x27, 0x27, 0x27, 
	0x27, 0x27, 0x27, 0x27, 0x27, 0x41, 0x3f, 0x3f, 
	0x3f, 0x42, 0x43, 0x27, 0x27, 0x27, 0x27, 0x27, 
	0x27, 0x27, 0x27, 0x27, 0x27, 0x41, 0x3f, 0x3f, 
	0x3f, 0x42, 0x43, 0x27, 0x27, 0x27, 0x27, 0x27, 
	0x27, 0x27, 0x27, 0x27, 0x44, 0x3b, 0x45, 0x46, 
	0x47, 0x48, 0x49, 0x4a, 0x27, 0x27, 0x27, 0x27, 
	0x27, 0x27, 0x27, 0x27, 0x44, 0x3b, 0x45, 0x46, 
	0x47, 0x48, 0x49, 0x4a, 0x27, 0x27, 0x27, 0x27, 
	0x27, 0x27, 0x27, 0x27, 0x4b, 0x4c, 0x4d, 0x4e, 
	0x4d, 0x4c, 0x3a, 0x4f, 0x27, 0x27, 0x27, 0x27, 
	0x27, 0x27, 0x27, 0x27, 0x4b, 0x4c, 0x4d, 0x4e, 
	0x4d, 0x4c, 0x3a, 0x4f, 0x27, 0x27, 0x27, 0x27, 
	0x27, 0x27, 0x27, 0x27, 0x50, 0x51, 0x52, 0x52, 
	0x53, 0x54, 0x3d, 0x2c, 0x27, 0x27, 0x27, 0x27, 
	0x27, 0x27, 0x27, 0x27, 0x50, 0x51, 0x52, 0x52, 
	0x53, 0x54, 0x3d, 0x2c, 0x27, 0x27, 0x27, 0x27, 
	0x27, 0x27, 0x27, 0x27, 0x55, 0x44, 0x56, 0x56, 
	0x56, 0x51, 0x57, 0x38, 0x27, 0x27, 0x27, 0x27, 
	0x27, 0x27, 0x27, 0x27, 0x55, 0x44, 0x56, 0x56, 
	0x56, 0x51, 0x57, 0x38, 0x27, 0x27, 0x27, 0x27, 
	0x27, 0x27, 0x27, 0x27, 0x58, 0x59, 0x5a, 0x56, 
	0x56, 0x44, 0x4a, 0x39, 0x27, 0x27, 0x27, 0x27, 
	0x27, 0x27, 0x27, 0x27, 0x58, 0x59, 0x5a, 0x56, 
	0x56, 0x44, 0x4a, 0x39, 0x27, 0x27, 0x27, 0x27, 
	0x27, 0x27, 0x27, 0x27, 0x27, 0x5b, 0x5c, 0x51, 
	0x44, 0x3d, 0x55, 0x27, 0x27, 0x27, 0x27, 0x27, 
	0x27, 0x27, 0x27, 0x27, 0x27, 0x5b, 0x5c, 0x51, 
	0x44, 0x3d, 0x55, 0x27, 0x27, 0x27, 0x27, 0x27, 
	0x27, 0x27, 0x27, 0x27, 0x27, 0x50, 0x3d, 0x5d, 
	0x5e, 0x5f, 0x4f, 0x27, 0x27, 0x27, 0x27, 0x27, 
	0x27, 0x27, 0x27, 0x27, 0x27, 0x50, 0x3d, 0x5d, 
	0x5e, 0x5f, 0x4f, 0x27, 0x27, 0x27, 0x27, 0x27, 
	0x27, 0x27, 0x27, 0x27, 0x27, 0x60, 0x3d, 0x3a, 
	0x3a, 0x61, 0x28, 0x27, 0x27, 0x27, 0x27, 0x27, 
	0x27, 0x27, 0x27, 0x27, 0x27, 0x60, 0x3d, 0x3a, 
	0x3a, 0x61, 0x28, 0x27, 0x27, 0x27, 0x27, 0x27, 
	0x27, 0x27, 0x27, 0x27, 0x27, 0x29, 0x62, 0x3d, 
	0x3d, 0x63, 0x64, 0x27, 0x27, 0x27, 0x27, 0x27, 
	0x27, 0x27, 0x27, 0x27, 0x27, 0x29, 0x62, 0x3d, 
	0x3d, 0x63, 0x64, 0x27, 0x27, 0x27, 0x27, 0x27, 
	0x27, 0x27, 0x27, 0x27, 0x27, 0x65, 0x5b, 0x3d, 
	0x3d, 0x66, 0x67, 0x27, 0x27, 0x27, 0x27, 0x27, 
	0x27, 0x27, 0x27, 0x27, 0x27, 0x65, 0x5b, 0x3d, 
	0x3d, 0x66, 0x67, 0x27, 0x27, 0x27, 0x27, 0x27, 
	0x27, 0x27, 0x27, 0x27, 0x27, 0x27, 0x4b, 0x3a, 
	0x59, 0x60, 0x27, 0x27, 0x27, 0x27, 0x27, 0x27, 
	0x27, 0x27, 0x27, 0x27, 0x27, 0x27, 0x4b, 0x3a, 
	0x59, 0x60, 0x27, 0x27, 0x27, 0x27, 0x27, 0x27, 
	0x27, 0x27, 0x27, 0x27, 0x27, 0x27, 0x68, 0x3a, 
	0x69, 0x60, 0x27, 0x27, 0x27, 0x27, 0x27, 0x27, 
	0x27, 0x27, 0x27, 0x27, 0x27, 0x27, 0x68, 0x3a, 
	0x69, 0x60, 0x27, 0x27, 0x27, 0x27, 0x27, 0x27, 
	0x27, 0x27, 0x27, 0x27, 0x27, 0x27, 0x61, 0x6a, 
	0x6b, 0x66, 0x27, 0x27, 0x27, 0x27, 0x27, 0x27, 
	0x27, 0x27, 0x27, 0x27, 0x27, 0x27, 0x61, 0x6a, 
	0x6b, 0x66, 0x27, 0x27, 0x27, 0x27, 0x27, 0x27, 
	0x27, 0x27, 0x27, 0x27, 0x27, 0x27, 0x52, 0x6c, 
	0x3c, 0x40, 0x27, 0x27, 0x27, 0x27, 0x27, 0x27, 
	0x27, 0x27, 0x27, 0x27, 0x27, 0x27, 0x52, 0x6c, 
	0x3c, 0x40, 0x27, 0x27, 0x27, 0x27, 0x27, 0x27, 
	0x27, 0x27, 0x27, 0x27, 0x27, 0x27, 0x6d, 0x3f, 
	0x3f, 0x47, 0x27, 0x27, 0x27, 0x27, 0x27, 0x27, 
	0x27, 0x27, 0x27, 0x27, 0x27, 0x27, 0x6d, 0x3f, 
	0x3f, 0x47, 0x27, 0x27, 0x27, 0x27, 0x27, 0x27, 
	0x27, 0x27, 0x27, 0x27, 0x27, 0x3d, 0x52, 0x3c, 
	0x6e, 0x49, 0x4a, 0x27, 0x27, 0x27, 0x27, 0x27, 
	0x27, 0x27, 0x27, 0x27, 0x27, 0x3d, 0x52, 0x3c, 
	0x6e, 0x49, 0x4a, 0x27, 0x27, 0x27, 0x27, 0x27, 
	0x27, 0x27, 0x27, 0x27, 0x27, 0x6f, 0x60, 0x61, 
	0x61, 0x60, 0x6f, 0x27, 0x27, 0x27, 0x27, 0x27, 
	0x27, 0x27, 0x27, 0x27, 0x27, 0x30, 0x60, 0x61, 
	0x61, 0x60, 0x6f, 0x27, 0x27, 0x27, 0x27, 0x27, 
	
};

Gfx rtresure_Fence_pal_rgba16_aligner[] = {gsSPEndDisplayList()};
u8 rtresure_Fence_pal_rgba16[] = {
	0x72, 0x08, 0xab, 0x4f, 0xa3, 0x0f, 0xa3, 0x0d, 
	0xb3, 0x4f, 0xbb, 0x8f, 0xb3, 0x8f, 0xc3, 0xd1, 
	0xab, 0x0f, 0x92, 0xcd, 0xdc, 0xdd, 0xe5, 0x1f, 
	0xd4, 0x9d, 0xdc, 0x9d, 0xed, 0x1f, 0xe4, 0xdf, 
	0xed, 0x5f, 0xdc, 0xdf, 0xcc, 0x9d, 0xc4, 0x9d, 
	0x6a, 0x0b, 0x72, 0x4b, 0x7a, 0x4b, 0x72, 0x0b, 
	0x82, 0x8b, 0x82, 0x8d, 0x82, 0x4b, 0x41, 0x87, 
	0x41, 0x89, 0x41, 0x47, 0x39, 0x47, 0x49, 0x89, 
	0x20, 0x83, 0x18, 0x83, 0x10, 0x40, 0x31, 0x8f, 
	0x42, 0x13, 0x08, 0x40, 0x08, 0x00, 0x5a, 0x96, 
	0x5a, 0xd7, 0x5a, 0x99, 0x5a, 0xd9, 0x52, 0x55, 
	0x5a, 0x97, 0x4a, 0x55, 0x42, 0x11, 0x31, 0x8d, 
	0x41, 0xd1, 0x39, 0xcf, 0x31, 0x4d, 0x21, 0x09, 
	0x52, 0x95, 0x39, 0x8f, 0x62, 0xd9, 0x63, 0x19, 
	0x52, 0x97, 0x4a, 0x13, 0x94, 0xa5, 0xce, 0x33, 
	0xce, 0x35, 0x94, 0x65, 0xbd, 0xaf, 0xf7, 0xbd, 
	0xa5, 0x2b, 0xee, 0xfd, 0xf7, 0x7d, 0xe6, 0xfb, 
	0x94, 0xa7, 0xde, 0xf9, 0xde, 0x79, 0xe6, 0xf9, 
	0xcd, 0xf5, 0xad, 0x2d, 0x83, 0xe1, 0x7b, 0xa1, 
	0xb5, 0x6d, 0xc6, 0x31, 0xce, 0x73, 0x63, 0x1b, 
	0x7b, 0x9f, 0xa4, 0xe9, 0xb5, 0x6f, 0xb5, 0x2f, 
	0xa4, 0xeb, 0x73, 0x5d, 0xad, 0x2b, 0x83, 0xa5, 
	0x62, 0xdb, 0x8c, 0x25, 0xa4, 0xab, 0x83, 0xe3, 
	0x94, 0x67, 0x9c, 0xe7, 0x9c, 0xa7, 0x8c, 0x63, 
	0x6b, 0x1d, 0x84, 0x23, 0x8b, 0xe3, 0x7b, 0xe1, 
	0x4a, 0x53, 0x52, 0x57, 0x73, 0x5f, 0x39, 0xd1, 
	0x7b, 0xdf, 0x8c, 0x65, 0x9c, 0xa9, 0x94, 0xa9, 
	0xd6, 0x37, 0xef, 0x3d, 0xc5, 0xb3, 0x29, 0x4d, 
	
};

Gfx rtresure_brick_ci8_aligner[] = {gsSPEndDisplayList()};
u8 rtresure_brick_ci8[] = {
	0x00, 0x01, 0x02, 0x03, 0x04, 0x05, 0x06, 0x07, 
	0x08, 0x09, 0x0a, 0x0b, 0x0c, 0x0d, 0x0e, 0x0f, 
	0x07, 0x10, 0x11, 0x12, 0x13, 0x14, 0x15, 0x16, 
	0x17, 0x18, 0x19, 0x1a, 0x1b, 0x1c, 0x07, 0x19, 
	0x12, 0x1d, 0x1e, 0x1f, 0x20, 0x21, 0x22, 0x23, 
	0x24, 0x22, 0x25, 0x1f, 0x26, 0x27, 0x26, 0x26, 
	0x28, 0x29, 0x1e, 0x2a, 0x2b, 0x20, 0x2c, 0x20, 
	0x2c, 0x26, 0x2d, 0x2e, 0x1f, 0x2f, 0x1f, 0x30, 
	0x31, 0x32, 0x33, 0x34, 0x35, 0x2f, 0x2d, 0x36, 
	0x37, 0x2d, 0x38, 0x35, 0x34, 0x2d, 0x39, 0x3a, 
	0x3b, 0x3c, 0x3d, 0x3e, 0x1e, 0x3f, 0x40, 0x41, 
	0x42, 0x43, 0x1e, 0x39, 0x2e, 0x41, 0x44, 0x45, 
	0x46, 0x47, 0x3c, 0x48, 0x49, 0x4a, 0x35, 0x3d, 
	0x2d, 0x4b, 0x4c, 0x2f, 0x39, 0x41, 0x41, 0x4d, 
	0x4e, 0x4f, 0x39, 0x36, 0x2f, 0x4e, 0x50, 0x3a, 
	0x51, 0x28, 0x33, 0x4b, 0x3a, 0x2c, 0x52, 0x53, 
	0x06, 0x54, 0x55, 0x3c, 0x4c, 0x56, 0x39, 0x2d, 
	0x3b, 0x48, 0x49, 0x4f, 0x2d, 0x28, 0x57, 0x58, 
	0x59, 0x5a, 0x58, 0x5b, 0x5c, 0x52, 0x39, 0x3d, 
	0x28, 0x41, 0x2f, 0x3c, 0x2d, 0x28, 0x20, 0x5d, 
	0x5e, 0x5b, 0x52, 0x2e, 0x4d, 0x59, 0x39, 0x36, 
	0x39, 0x3e, 0x36, 0x55, 0x5f, 0x60, 0x4d, 0x33, 
	0x26, 0x61, 0x43, 0x43, 0x28, 0x36, 0x2a, 0x22, 
	0x35, 0x2a, 0x51, 0x50, 0x1e, 0x3c, 0x39, 0x62, 
	0x63, 0x64, 0x65, 0x59, 0x5b, 0x36, 0x38, 0x2f, 
	0x3d, 0x4e, 0x49, 0x66, 0x34, 0x60, 0x67, 0x5f, 
	0x36, 0x60, 0x58, 0x2d, 0x25, 0x65, 0x36, 0x33, 
	0x2d, 0x5c, 0x56, 0x5b, 0x68, 0x36, 0x5b, 0x1c, 
	0x69, 0x47, 0x56, 0x59, 0x4c, 0x66, 0x64, 0x37, 
	0x33, 0x65, 0x2d, 0x3d, 0x5c, 0x6a, 0x3d, 0x39, 
	0x56, 0x2f, 0x35, 0x6b, 0x26, 0x33, 0x38, 0x2f, 
	0x6c, 0x37, 0x5b, 0x4b, 0x6d, 0x4b, 0x6e, 0x07, 
	0x12, 0x6f, 0x3a, 0x36, 0x38, 0x49, 0x5b, 0x56, 
	0x28, 0x59, 0x1e, 0x70, 0x71, 0x2f, 0x34, 0x72, 
	0x59, 0x49, 0x29, 0x4e, 0x42, 0x2d, 0x60, 0x2f, 
	0x2e, 0x33, 0x2e, 0x26, 0x36, 0x56, 0x4a, 0x73, 
	0x74, 0x75, 0x4c, 0x5b, 0x36, 0x60, 0x3e, 0x4a, 
	0x76, 0x3c, 0x1e, 0x28, 0x33, 0x52, 0x1e, 0x2d, 
	0x5a, 0x60, 0x1e, 0x65, 0x77, 0x59, 0x77, 0x3d, 
	0x2a, 0x1e, 0x71, 0x28, 0x1e, 0x60, 0x4b, 0x78, 
	0x1b, 0x79, 0x7a, 0x35, 0x36, 0x59, 0x1e, 0x6a, 
	0x56, 0x7b, 0x36, 0x28, 0x40, 0x61, 0x27, 0x2e, 
	0x6b, 0x2f, 0x2d, 0x67, 0x2f, 0x7c, 0x41, 0x26, 
	0x43, 0x58, 0x2a, 0x65, 0x7d, 0x3e, 0x2f, 0x7e, 
	0x7f, 0x80, 0x3d, 0x5b, 0x5b, 0x58, 0x2f, 0x27, 
	0x3e, 0x81, 0x3e, 0x5b, 0x33, 0x22, 0x43, 0x65, 
	0x5c, 0x56, 0x50, 0x2d, 0x1e, 0x42, 0x57, 0x61, 
	0x20, 0x67, 0x2e, 0x33, 0x2f, 0x3c, 0x5b, 0x82, 
	0x53, 0x35, 0x28, 0x41, 0x59, 0x33, 0x61, 0x43, 
	0x40, 0x2d, 0x6d, 0x55, 0x56, 0x4a, 0x55, 0x3a, 
	0x5f, 0x68, 0x28, 0x2e, 0x25, 0x22, 0x33, 0x20, 
	0x44, 0x61, 0x28, 0x5a, 0x2f, 0x40, 0x39, 0x07, 
	0x04, 0x58, 0x83, 0x84, 0x2c, 0x41, 0x44, 0x52, 
	0x27, 0x60, 0x77, 0x29, 0x5b, 0x29, 0x6b, 0x5b, 
	0x2a, 0x56, 0x4e, 0x3a, 0x2e, 0x33, 0x33, 0x2e, 
	0x5a, 0x40, 0x27, 0x2a, 0x25, 0x85, 0x40, 0x86, 
	0x78, 0x56, 0x43, 0x77, 0x41, 0x22, 0x24, 0x2d, 
	0x2e, 0x65, 0x3d, 0x1e, 0x58, 0x34, 0x3c, 0x48, 
	0x4b, 0x87, 0x47, 0x56, 0x1e, 0x88, 0x36, 0x6d, 
	0x4b, 0x3c, 0x3e, 0x89, 0x8a, 0x39, 0x8b, 0x8c, 
	0x8d, 0x8e, 0x8f, 0x90, 0x91, 0x92, 0x93, 0x94, 
	0x93, 0x95, 0x96, 0x97, 0x98, 0x99, 0x9a, 0x9a, 
	0x9b, 0x9c, 0x9a, 0x9d, 0x9e, 0x9f, 0x97, 0xa0, 
	0xa1, 0xa2, 0xa3, 0xa4, 0xa5, 0x9a, 0xa6, 0xa7, 
	0xa8, 0xa9, 0xa9, 0xaa, 0xab, 0xac, 0xad, 0xae, 
	0xab, 0x8e, 0xaf, 0xb0, 0xb1, 0xb2, 0x92, 0x94, 
	0xb3, 0x85, 0xb4, 0x8f, 0xb5, 0xb6, 0xb6, 0xb7, 
	0xb8, 0xb9, 0xba, 0x9d, 0x85, 0xbb, 0xa6, 0xbc, 
	0x28, 0x40, 0x28, 0x22, 0x61, 0x77, 0x58, 0x52, 
	0xbd, 0x28, 0x5a, 0x41, 0x61, 0x20, 0x33, 0xbc, 
	0x9b, 0x7b, 0x47, 0x5c, 0x36, 0x7d, 0x29, 0x35, 
	0x4c, 0x4b, 0xbe, 0x64, 0x36, 0x64, 0xbf, 0x48, 
	0x2c, 0x1e, 0x23, 0x26, 0x4d, 0x41, 0x20, 0x33, 
	0x24, 0x27, 0x43, 0x28, 0x43, 0x3a, 0x67, 0xb0, 
	0xc0, 0x3e, 0xc1, 0x35, 0x56, 0x56, 0x49, 0x87, 
	0x6a, 0x87, 0xc2, 0xc3, 0x6f, 0xc4, 0xc5, 0x66, 
	0x42, 0x2b, 0x40, 0x1f, 0x61, 0x20, 0xc6, 0x41, 
	0xc7, 0x5a, 0x42, 0x2a, 0x59, 0x2f, 0x65, 0xc8, 
	0xc9, 0x5c, 0x6d, 0x55, 0x5c, 0x1e, 0x5b, 0x68, 
	0xbf, 0x6f, 0x4a, 0x66, 0x54, 0x66, 0x7b, 0x2a, 
	0x59, 0x1f, 0x61, 0x40, 0x2e, 0x58, 0x40, 0x43, 
	0x20, 0x33, 0xc7, 0x83, 0x1f, 0x1f, 0x2c, 0xca, 
	0xa3, 0x3d, 0x67, 0x2a, 0x49, 0x2d, 0x4f, 0x6a, 
	0x48, 0x6a, 0x7b, 0x3d, 0x39, 0x2f, 0x58, 0x26, 
	0x40, 0x1f, 0x41, 0x42, 0x1f, 0x57, 0x41, 0x43, 
	0x24, 0x28, 0x77, 0x26, 0x26, 0x83, 0x42, 0xb5, 
	0x9f, 0x4b, 0x29, 0x1e, 0x3a, 0x56, 0x55, 0x4c, 
	0x6d, 0x56, 0x56, 0x29, 0x3d, 0xcb, 0x4e, 0x43, 
	0x57, 0x2c, 0x44, 0x42, 0x1f, 0x27, 0x41, 0x58, 
	0x2e, 0x40, 0x1e, 0xc6, 0x2c, 0x83, 0xcc, 0xcd, 
	0xce, 0x43, 0x20, 0x27, 0x2e, 0x22, 0x1e, 0x4b, 
	0x35, 0x35, 0x5f, 0x77, 0x2f, 0x70, 0x2f, 0x26, 
	0x42, 0x52, 0x33, 0x41, 0x40, 0x40, 0x40, 0x27, 
	0x1f, 0x23, 0x28, 0x61, 0x2c, 0x1f, 0x61, 0xcf, 
	0x90, 0x27, 0x8b, 0x61, 0x4d, 0xc7, 0x43, 0x6b, 
	0x89, 0x77, 0x33, 0x39, 0xd0, 0x39, 0x8b, 0x41, 
	0x51, 0x58, 0x2e, 0xd1, 0xd2, 0x43, 0xc6, 0x2c, 
	0x24, 0x20, 0x1e, 0x24, 0x77, 0x39, 0xd0, 0xd3, 
	0xd4, 0x28, 0x4d, 0x26, 0x2e, 0x42, 0xc6, 0x40, 
	0x84, 0x27, 0x40, 0x1f, 0x61, 0xd5, 0x24, 0xd5, 
	0x37, 0x2d, 0x2a, 0x1e, 0x28, 0x41, 0x24, 0x1f, 
	0xc6, 0x3f, 0x28, 0x42, 0x2c, 0x27, 0x34, 0x91, 
	0xd6, 0x65, 0x37, 0x58, 0x40, 0x83, 0x27, 0x44, 
	0x20, 0x52, 0x1f, 0x58, 0x83, 0x20, 0xc6, 0x83, 
	0x39, 0x4f, 0x43, 0x26, 0x43, 0x34, 0x3a, 0x26, 
	0x83, 0x83, 0x20, 0x3f, 0x2c, 0xd7, 0xc6, 0x94, 
	0xd8, 0x39, 0x41, 0x40, 0x59, 0x1f, 0x42, 0x2a, 
	0x52, 0x27, 0x40, 0x33, 0x38, 0xd0, 0x33, 0x2f, 
	0x33, 0x5b, 0x5f, 0x42, 0x40, 0x2a, 0x28, 0x22, 
	0x1f, 0x20, 0x1f, 0x2c, 0x44, 0xd9, 0x41, 0xda, 
	0xdb, 0x2d, 0x2d, 0x77, 0xd2, 0x33, 0xd0, 0x51, 
	0x77, 0x22, 0x27, 0x3d, 0x3a, 0x40, 0x43, 0x33, 
	0x4f, 0x3d, 0x2f, 0x61, 0x57, 0x27, 0x4d, 0x33, 
	0x58, 0x41, 0x28, 0x83, 0x20, 0x83, 0xc6, 0xdc, 
	0x91, 0xc6, 0x22, 0x28, 0x6b, 0x4d, 0x20, 0x2c, 
	0x26, 0x41, 0x2c, 0x8b, 0x5a, 0x61, 0x2e, 0x44, 
	0x6a, 0x3e, 0x55, 0x1e, 0x59, 0x58, 0x24, 0x39, 
	0x26, 0x27, 0x43, 0x24, 0x27, 0x2c, 0x83, 0xb6, 
	0x94, 0x23, 0xdd, 0x58, 0x59, 0x40, 0x85, 0x33, 
	0x43, 0x23, 0xbd, 0x28, 0x35, 0x4b, 0x43, 0x40, 
	0xde, 0xdf, 0xe0, 0x6a, 0x32, 0xe1, 0xe2, 0xe3, 
	0xc3, 0x6f, 0x75, 0x54, 0xc2, 0xe4, 0x79, 0xd8, 
	0xe5, 0x6e, 0x72, 0x35, 0x54, 0xe6, 0x6f, 0x54, 
	0x47, 0xc4, 0xe7, 0x75, 0xc2, 0x6a, 0x66, 0x64, 
	0x01, 0xe8, 0xa2, 0xe9, 0xea, 0x03, 0x1c, 0x14, 
	0x69, 0x00, 0xeb, 0xec, 0xed, 0xee, 0xef, 0xf0, 
	0xeb, 0xf1, 0xf2, 0xf3, 0x14, 0x06, 0x19, 0x09, 
	0x7e, 0x17, 0xf4, 0x16, 0xf5, 0x15, 0x1c, 0x0a, 
	
};

Gfx rtresure_brick_pal_rgba16_aligner[] = {gsSPEndDisplayList()};
u8 rtresure_brick_pal_rgba16[] = {
	0xb5, 0x6b, 0xb5, 0x67, 0x95, 0x65, 0xa5, 0x69, 
	0xb5, 0xed, 0xbd, 0x69, 0xad, 0xe9, 0xa5, 0x25, 
	0x8c, 0x63, 0x94, 0xa3, 0xbd, 0xeb, 0xc5, 0xad, 
	0xbe, 0x6b, 0xce, 0x6f, 0xcd, 0xed, 0xc5, 0xeb, 
	0x9c, 0xe5, 0xac, 0xe5, 0xa5, 0x27, 0xbd, 0xed, 
	0xbe, 0x2d, 0xc6, 0x6d, 0xbd, 0xe9, 0xad, 0xab, 
	0xb6, 0x2d, 0xb5, 0x69, 0xac, 0xe7, 0xa5, 0x67, 
	0xad, 0xa9, 0x62, 0x8d, 0x7a, 0xd3, 0x93, 0x13, 
	0x93, 0x53, 0x83, 0x95, 0x8a, 0xd1, 0x83, 0x55, 
	0x8b, 0x55, 0x7b, 0x55, 0x8b, 0x51, 0x83, 0x53, 
	0x83, 0x13, 0x73, 0x13, 0x83, 0x15, 0x83, 0x93, 
	0x93, 0x55, 0x7b, 0x13, 0x8a, 0xd3, 0x7a, 0xd1, 
	0x8c, 0xa3, 0xb5, 0xef, 0x6a, 0x11, 0x83, 0x11, 
	0x7a, 0xcf, 0x72, 0xd3, 0x72, 0x91, 0x82, 0xcf, 
	0x7b, 0x0f, 0x7b, 0x11, 0x83, 0x0f, 0x6b, 0x13, 
	0x6a, 0xd1, 0x72, 0x93, 0x6a, 0xcf, 0x8b, 0x93, 
	0x8b, 0x53, 0x8b, 0x11, 0x93, 0x51, 0x8b, 0x13, 
	0x93, 0x95, 0x9d, 0x65, 0xc6, 0xaf, 0x62, 0x4f, 
	0x6a, 0x93, 0x7a, 0x8f, 0x6a, 0x8f, 0x72, 0xd1, 
	0x6a, 0xd3, 0x8a, 0xd5, 0x7a, 0xd5, 0x73, 0x0f, 
	0x72, 0xd5, 0x7b, 0x53, 0x8b, 0x15, 0xb6, 0x2b, 
	0x5a, 0x91, 0x6a, 0x91, 0x72, 0xcf, 0x93, 0x15, 
	0x82, 0xd1, 0x82, 0xd3, 0x82, 0xd5, 0x7a, 0x91, 
	0x72, 0x8f, 0xad, 0x67, 0x9d, 0x25, 0x7b, 0x15, 
	0x73, 0x11, 0x93, 0x11, 0xad, 0xe7, 0xad, 0xa7, 
	0x6a, 0x51, 0x82, 0x91, 0x62, 0x91, 0x82, 0x93, 
	0x6a, 0x53, 0xb5, 0xa9, 0x62, 0x51, 0x7a, 0x93, 
	0x8a, 0x95, 0x72, 0x4f, 0x62, 0x8f, 0x5a, 0x51, 
	0x8a, 0x93, 0x82, 0x95, 0x6b, 0x11, 0xad, 0x29, 
	0xad, 0x69, 0x5a, 0x11, 0x62, 0x93, 0x83, 0x51, 
	0xb5, 0xab, 0x62, 0x0f, 0x72, 0x51, 0x62, 0xd1, 
	0x92, 0xd1, 0x73, 0x15, 0x95, 0x25, 0x9d, 0x69, 
	0x52, 0x51, 0x72, 0x53, 0x84, 0x61, 0x93, 0x93, 
	0x83, 0x91, 0x8b, 0x57, 0xad, 0x25, 0x5a, 0x8f, 
	0x7a, 0x53, 0x73, 0x53, 0x83, 0x4f, 0x92, 0xd3, 
	0x94, 0xa5, 0xce, 0xad, 0x94, 0x1f, 0x94, 0x1d, 
	0x8c, 0x5f, 0x94, 0x9f, 0x94, 0x5d, 0x94, 0x61, 
	0x94, 0x5f, 0x8b, 0xdf, 0x73, 0xdb, 0x7b, 0x9b, 
	0x8c, 0x1d, 0x7b, 0xdd, 0x73, 0x59, 0x6b, 0x55, 
	0x73, 0x19, 0x83, 0xdb, 0x83, 0x9b, 0x8c, 0x1f, 
	0x6b, 0x99, 0x73, 0x97, 0x7c, 0x1d, 0x6b, 0x5b, 
	0x7b, 0x59, 0x6b, 0x9b, 0x83, 0x5b, 0x94, 0xe5, 
	0xac, 0xa3, 0xa4, 0xa1, 0x9c, 0x1f, 0x9c, 0x9f, 
	0xac, 0xa1, 0xa4, 0xe3, 0xa4, 0xdd, 0x94, 0x5b, 
	0x94, 0x1b, 0x9c, 0x5d, 0x9c, 0x1d, 0x83, 0x9f, 
	0x8b, 0x97, 0x9c, 0x5f, 0xa4, 0x5d, 0x93, 0x99, 
	0x8c, 0x17, 0x93, 0xd9, 0x83, 0x59, 0x8b, 0x9b, 
	0x8b, 0xd9, 0x8b, 0x95, 0x5a, 0x93, 0x5a, 0x4d, 
	0x83, 0xdd, 0x7a, 0x51, 0x5a, 0x4f, 0x52, 0x91, 
	0x5a, 0xd1, 0x52, 0x13, 0x93, 0x91, 0x92, 0xd5, 
	0x8b, 0xdb, 0x73, 0x9b, 0x93, 0xdb, 0x7a, 0x95, 
	0x9b, 0x93, 0x9c, 0x1b, 0x83, 0x99, 0x94, 0x9d, 
	0x7b, 0x51, 0x8b, 0x0f, 0x82, 0x8f, 0x94, 0xa1, 
	0x8c, 0x9d, 0x8b, 0x91, 0x8c, 0x9f, 0x93, 0xd5, 
	0x8c, 0x5d, 0x9b, 0x97, 0x8c, 0x5b, 0x84, 0x1d, 
	0x9c, 0x61, 0x93, 0x57, 0x5a, 0x0f, 0x49, 0xd1, 
	0x59, 0xcf, 0x52, 0x53, 0x52, 0x8f, 0x4a, 0x0f, 
	0x6a, 0x4f, 0x84, 0x21, 0x52, 0x4f, 0x5a, 0x53, 
	0x9c, 0xa7, 0x7c, 0x5f, 0xa4, 0xe9, 0xce, 0x31, 
	0xcd, 0xef, 0xc6, 0x71, 0xd6, 0x2f, 0xce, 0xb1, 
	0xd6, 0x73, 0xb6, 0x6f, 0xc6, 0x2f, 0xce, 0x2b, 
	0xb5, 0xad, 0xc6, 0x2d, 
};

Gfx rtresure_uzu_i8_aligner[] = {gsSPEndDisplayList()};
u8 rtresure_uzu_i8[] = {
	0x40, 0x40, 0x48, 0x58, 0x60, 0x68, 0x68, 0x78, 
	0x78, 0x78, 0x78, 0x80, 0x88, 0x90, 0x98, 0x98, 
	0x98, 0x98, 0x98, 0x90, 0x88, 0x88, 0x98, 0xa8, 
	0xb8, 0xc8, 0xc8, 0xb8, 0xb0, 0x98, 0x88, 0x78, 
	0x70, 0x70, 0x78, 0x88, 0x98, 0xa0, 0xa0, 0xa0, 
	0xa8, 0xa8, 0xb0, 0xa8, 0x98, 0x88, 0x88, 0x80, 
	0x78, 0x78, 0x78, 0x70, 0x68, 0x58, 0x58, 0x58, 
	0x60, 0x70, 0x88, 0x90, 0x88, 0x60, 0x48, 0x48, 
	0x40, 0x40, 0x48, 0x58, 0x60, 0x68, 0x68, 0x78, 
	0x78, 0x78, 0x78, 0x80, 0x88, 0x90, 0x98, 0x98, 
	0x98, 0x98, 0x98, 0x90, 0x88, 0x88, 0x98, 0xa8, 
	0xb8, 0xc8, 0xc8, 0xb8, 0xb0, 0x98, 0x88, 0x78, 
	0x70, 0x70, 0x78, 0x88, 0x98, 0xa0, 0xa0, 0xa0, 
	0xa8, 0xa8, 0xb0, 0xa8, 0x98, 0x88, 0x88, 0x80, 
	0x78, 0x78, 0x78, 0x70, 0x68, 0x58, 0x58, 0x58, 
	0x60, 0x70, 0x88, 0x90, 0x88, 0x60, 0x48, 0x48, 
	0x40, 0x40, 0x48, 0x58, 0x60, 0x68, 0x68, 0x78, 
	0x78, 0x78, 0x78, 0x80, 0x88, 0x90, 0x98, 0x98, 
	0x98, 0x98, 0x98, 0x90, 0x88, 0x88, 0x98, 0xa8, 
	0xb8, 0xc8, 0xc8, 0xb8, 0xb0, 0x98, 0x88, 0x78, 
	0x70, 0x70, 0x78, 0x88, 0x98, 0xa0, 0xa0, 0xa0, 
	0xa8, 0xa8, 0xb0, 0xa8, 0x98, 0x88, 0x88, 0x80, 
	0x78, 0x78, 0x78, 0x70, 0x68, 0x58, 0x58, 0x58, 
	0x60, 0x70, 0x88, 0x90, 0x88, 0x60, 0x48, 0x48, 
	0x40, 0x40, 0x48, 0x58, 0x60, 0x68, 0x68, 0x78, 
	0x78, 0x78, 0x78, 0x80, 0x88, 0x90, 0x98, 0x98, 
	0x98, 0x98, 0x98, 0x90, 0x88, 0x88, 0x98, 0xa8, 
	0xb8, 0xc8, 0xc8, 0xb8, 0xb0, 0x98, 0x88, 0x78, 
	0x70, 0x70, 0x78, 0x88, 0x98, 0xa0, 0xa0, 0xa0, 
	0xa8, 0xa8, 0xb0, 0xa8, 0x98, 0x88, 0x88, 0x80, 
	0x78, 0x78, 0x78, 0x70, 0x68, 0x58, 0x58, 0x58, 
	0x60, 0x70, 0x88, 0x90, 0x88, 0x60, 0x48, 0x48, 
	0x40, 0x40, 0x48, 0x58, 0x60, 0x68, 0x68, 0x78, 
	0x78, 0x78, 0x78, 0x80, 0x88, 0x90, 0x98, 0x98, 
	0x98, 0x98, 0x98, 0x90, 0x88, 0x88, 0x98, 0xa8, 
	0xb8, 0xc8, 0xc8, 0xb8, 0xb0, 0x98, 0x88, 0x78, 
	0x70, 0x70, 0x78, 0x88, 0x98, 0xa0, 0xa0, 0xa0, 
	0xa8, 0xa8, 0xb0, 0xa8, 0x98, 0x88, 0x88, 0x80, 
	0x78, 0x78, 0x78, 0x70, 0x68, 0x58, 0x58, 0x58, 
	0x60, 0x70, 0x88, 0x90, 0x88, 0x60, 0x48, 0x48, 
	0x40, 0x40, 0x48, 0x58, 0x60, 0x68, 0x68, 0x78, 
	0x78, 0x78, 0x78, 0x80, 0x88, 0x90, 0x98, 0x98, 
	0x98, 0x98, 0x98, 0x90, 0x88, 0x88, 0x98, 0xa8, 
	0xb8, 0xc8, 0xc8, 0xb8, 0xb0, 0x98, 0x88, 0x78, 
	0x70, 0x70, 0x78, 0x88, 0x98, 0xa0, 0xa0, 0xa0, 
	0xa8, 0xa8, 0xb0, 0xa8, 0x98, 0x88, 0x88, 0x80, 
	0x78, 0x78, 0x78, 0x70, 0x68, 0x58, 0x58, 0x58, 
	0x60, 0x70, 0x88, 0x90, 0x88, 0x60, 0x48, 0x48, 
	0x40, 0x40, 0x48, 0x58, 0x60, 0x68, 0x68, 0x78, 
	0x78, 0x78, 0x78, 0x80, 0x88, 0x90, 0x98, 0x98, 
	0x98, 0x98, 0x98, 0x90, 0x88, 0x88, 0x98, 0xa8, 
	0xb8, 0xc8, 0xc8, 0xb8, 0xb0, 0x98, 0x88, 0x78, 
	0x70, 0x70, 0x78, 0x88, 0x98, 0xa0, 0xa0, 0xa0, 
	0xa8, 0xa8, 0xb0, 0xa8, 0x98, 0x88, 0x88, 0x80, 
	0x78, 0x78, 0x78, 0x70, 0x68, 0x58, 0x58, 0x58, 
	0x60, 0x70, 0x88, 0x90, 0x88, 0x60, 0x48, 0x48, 
	0x40, 0x40, 0x48, 0x58, 0x60, 0x68, 0x68, 0x78, 
	0x78, 0x78, 0x78, 0x80, 0x88, 0x90, 0x98, 0x98, 
	0x98, 0x98, 0x98, 0x90, 0x88, 0x88, 0x98, 0xa8, 
	0xb8, 0xc8, 0xc8, 0xb8, 0xb0, 0x98, 0x88, 0x78, 
	0x70, 0x70, 0x78, 0x88, 0x98, 0xa0, 0xa0, 0xa0, 
	0xa8, 0xa8, 0xb0, 0xa8, 0x98, 0x88, 0x88, 0x80, 
	0x78, 0x78, 0x78, 0x70, 0x68, 0x58, 0x58, 0x58, 
	0x60, 0x70, 0x88, 0x90, 0x88, 0x60, 0x48, 0x48, 
	0x40, 0x40, 0x48, 0x58, 0x60, 0x68, 0x68, 0x78, 
	0x78, 0x78, 0x78, 0x80, 0x88, 0x90, 0x98, 0x98, 
	0xa0, 0x98, 0x98, 0x98, 0x88, 0x88, 0x98, 0xa8, 
	0xb8, 0xc8, 0xc8, 0xb8, 0xb0, 0x98, 0x88, 0x78, 
	0x70, 0x70, 0x78, 0x88, 0x98, 0xa0, 0xa0, 0xa0, 
	0xa8, 0xa8, 0xb0, 0xa8, 0x98, 0x88, 0x88, 0x80, 
	0x78, 0x78, 0x78, 0x70, 0x68, 0x58, 0x58, 0x58, 
	0x60, 0x70, 0x88, 0x90, 0x88, 0x60, 0x48, 0x48, 
	0x40, 0x40, 0x48, 0x58, 0x60, 0x68, 0x68, 0x78, 
	0x78, 0x78, 0x78, 0x80, 0x88, 0x90, 0x98, 0x98, 
	0xa0, 0x98, 0x98, 0x98, 0x88, 0x88, 0x98, 0xa8, 
	0xb8, 0xc8, 0xc8, 0xb8, 0xb0, 0x98, 0x88, 0x78, 
	0x70, 0x70, 0x78, 0x88, 0x98, 0xa0, 0xa0, 0xa0, 
	0xa8, 0xa8, 0xb0, 0xa8, 0x98, 0x88, 0x88, 0x80, 
	0x78, 0x78, 0x78, 0x70, 0x68, 0x58, 0x58, 0x58, 
	0x60, 0x70, 0x88, 0x90, 0x88, 0x60, 0x48, 0x48, 
	0x40, 0x40, 0x48, 0x58, 0x60, 0x68, 0x68, 0x78, 
	0x78, 0x78, 0x78, 0x80, 0x88, 0x90, 0x98, 0x98, 
	0xa0, 0x98, 0x98, 0x98, 0x88, 0x88, 0x98, 0xa8, 
	0xb8, 0xc8, 0xc8, 0xb8, 0xb0, 0x98, 0x88, 0x78, 
	0x70, 0x70, 0x78, 0x88, 0x98, 0xa0, 0xa0, 0xa0, 
	0xa8, 0xa8, 0xb0, 0xa8, 0x98, 0x88, 0x88, 0x80, 
	0x78, 0x78, 0x78, 0x70, 0x68, 0x58, 0x58, 0x58, 
	0x60, 0x70, 0x88, 0x90, 0x88, 0x60, 0x48, 0x48, 
	0x40, 0x40, 0x48, 0x58, 0x60, 0x68, 0x68, 0x78, 
	0x78, 0x78, 0x78, 0x80, 0x88, 0x90, 0x98, 0x98, 
	0xa0, 0x98, 0x98, 0x98, 0x88, 0x88, 0x98, 0xa8, 
	0xb8, 0xc8, 0xc8, 0xb8, 0xb0, 0x98, 0x88, 0x78, 
	0x70, 0x70, 0x78, 0x88, 0x98, 0xa0, 0xa0, 0xa0, 
	0xa8, 0xa8, 0xb0, 0xa8, 0x98, 0x88, 0x88, 0x80, 
	0x78, 0x78, 0x78, 0x70, 0x68, 0x58, 0x58, 0x58, 
	0x60, 0x70, 0x88, 0x90, 0x88, 0x60, 0x48, 0x48, 
	0x40, 0x40, 0x48, 0x58, 0x60, 0x68, 0x68, 0x78, 
	0x78, 0x78, 0x78, 0x80, 0x88, 0x90, 0x98, 0x98, 
	0xa0, 0x98, 0x98, 0x98, 0x88, 0x88, 0x98, 0xa8, 
	0xb8, 0xc8, 0xc8, 0xb8, 0xb0, 0x98, 0x88, 0x78, 
	0x70, 0x70, 0x78, 0x88, 0x98, 0xa0, 0xa0, 0xa0, 
	0xa8, 0xa8, 0xb0, 0xa8, 0x98, 0x88, 0x88, 0x80, 
	0x78, 0x78, 0x78, 0x70, 0x68, 0x58, 0x58, 0x58, 
	0x60, 0x70, 0x88, 0x90, 0x88, 0x60, 0x48, 0x48, 
	0x40, 0x40, 0x48, 0x58, 0x60, 0x68, 0x68, 0x78, 
	0x78, 0x78, 0x78, 0x80, 0x88, 0x90, 0x98, 0x98, 
	0xa0, 0x98, 0x98, 0x98, 0x88, 0x88, 0x98, 0xa8, 
	0xb8, 0xc8, 0xc8, 0xb8, 0xb0, 0x98, 0x88, 0x78, 
	0x70, 0x70, 0x78, 0x88, 0x98, 0xa0, 0xa0, 0xa0, 
	0xa8, 0xa8, 0xb0, 0xa8, 0x98, 0x88, 0x88, 0x80, 
	0x78, 0x78, 0x78, 0x70, 0x68, 0x58, 0x58, 0x58, 
	0x60, 0x70, 0x88, 0x90, 0x88, 0x60, 0x48, 0x48, 
	0x40, 0x40, 0x48, 0x58, 0x60, 0x68, 0x68, 0x78, 
	0x78, 0x78, 0x78, 0x80, 0x88, 0x90, 0x98, 0x98, 
	0xa0, 0x98, 0x98, 0x98, 0x88, 0x88, 0x98, 0xa8, 
	0xb8, 0xc8, 0xc8, 0xb8, 0xb0, 0x98, 0x88, 0x78, 
	0x70, 0x70, 0x78, 0x88, 0x98, 0xa0, 0xa0, 0xa0, 
	0xa8, 0xa8, 0xb0, 0xa8, 0x98, 0x88, 0x88, 0x80, 
	0x78, 0x78, 0x78, 0x70, 0x68, 0x58, 0x58, 0x58, 
	0x60, 0x70, 0x88, 0x90, 0x88, 0x60, 0x48, 0x48, 
	0x40, 0x40, 0x48, 0x58, 0x60, 0x68, 0x68, 0x78, 
	0x78, 0x78, 0x78, 0x80, 0x88, 0x90, 0x98, 0x98, 
	0xa0, 0x98, 0x98, 0x98, 0x88, 0x88, 0x98, 0xa8, 
	0xb8, 0xc8, 0xc8, 0xb8, 0xb0, 0x98, 0x88, 0x78, 
	0x70, 0x70, 0x78, 0x88, 0x98, 0xa0, 0xa0, 0xa0, 
	0xa8, 0xa8, 0xb0, 0xa8, 0x98, 0x88, 0x88, 0x80, 
	0x78, 0x78, 0x78, 0x70, 0x68, 0x58, 0x58, 0x58, 
	0x60, 0x70, 0x88, 0x90, 0x88, 0x60, 0x48, 0x48, 
	0x40, 0x40, 0x48, 0x58, 0x60, 0x68, 0x68, 0x78, 
	0x78, 0x78, 0x78, 0x80, 0x88, 0x90, 0x98, 0x98, 
	0xa0, 0x98, 0x98, 0x98, 0x88, 0x88, 0x98, 0xa8, 
	0xb8, 0xc8, 0xc8, 0xb8, 0xb0, 0x98, 0x88, 0x78, 
	0x70, 0x70, 0x78, 0x88, 0x98, 0xa0, 0xa0, 0xa0, 
	0xa8, 0xa8, 0xb0, 0xa8, 0x98, 0x88, 0x88, 0x80, 
	0x78, 0x78, 0x78, 0x70, 0x68, 0x58, 0x58, 0x58, 
	0x60, 0x70, 0x88, 0x90, 0x88, 0x60, 0x48, 0x48, 
	0x40, 0x40, 0x48, 0x58, 0x60, 0x68, 0x68, 0x78, 
	0x78, 0x78, 0x78, 0x80, 0x88, 0x90, 0x98, 0x98, 
	0xa0, 0x98, 0x98, 0x98, 0x88, 0x88, 0x98, 0xa8, 
	0xb8, 0xc8, 0xc8, 0xb8, 0xb0, 0x98, 0x88, 0x78, 
	0x70, 0x70, 0x78, 0x88, 0x98, 0xa0, 0xa0, 0xa0, 
	0xa8, 0xa8, 0xb0, 0xa8, 0x98, 0x88, 0x88, 0x80, 
	0x78, 0x78, 0x78, 0x70, 0x68, 0x58, 0x58, 0x58, 
	0x60, 0x70, 0x88, 0x90, 0x88, 0x60, 0x48, 0x48, 
	0x40, 0x40, 0x48, 0x58, 0x60, 0x68, 0x68, 0x78, 
	0x78, 0x78, 0x78, 0x80, 0x88, 0x90, 0x98, 0x98, 
	0xa0, 0x98, 0x98, 0x98, 0x88, 0x88, 0x98, 0xa8, 
	0xb8, 0xc8, 0xc8, 0xb8, 0xb0, 0x98, 0x88, 0x78, 
	0x70, 0x70, 0x78, 0x88, 0x98, 0xa0, 0xa0, 0xa0, 
	0xa8, 0xa8, 0xb0, 0xa8, 0x98, 0x88, 0x88, 0x80, 
	0x78, 0x78, 0x78, 0x70, 0x68, 0x58, 0x58, 0x58, 
	0x60, 0x70, 0x88, 0x90, 0x88, 0x60, 0x48, 0x48, 
	0x40, 0x40, 0x48, 0x58, 0x60, 0x68, 0x68, 0x78, 
	0x78, 0x78, 0x78, 0x80, 0x88, 0x90, 0x98, 0x98, 
	0xa0, 0x98, 0x98, 0x98, 0x88, 0x88, 0x98, 0xa8, 
	0xb8, 0xc8, 0xc8, 0xb8, 0xb0, 0x98, 0x88, 0x78, 
	0x70, 0x70, 0x78, 0x88, 0x98, 0xa0, 0xa0, 0xa0, 
	0xa8, 0xa8, 0xb0, 0xa8, 0x98, 0x88, 0x88, 0x80, 
	0x78, 0x78, 0x78, 0x70, 0x68, 0x58, 0x58, 0x58, 
	0x60, 0x70, 0x88, 0x90, 0x88, 0x60, 0x48, 0x48, 
	0x40, 0x40, 0x48, 0x58, 0x60, 0x68, 0x68, 0x78, 
	0x78, 0x78, 0x78, 0x80, 0x88, 0x90, 0x98, 0x98, 
	0xa0, 0x98, 0x98, 0x98, 0x88, 0x88, 0x98, 0xa8, 
	0xb8, 0xc8, 0xc8, 0xb8, 0xb0, 0x98, 0x88, 0x78, 
	0x70, 0x70, 0x78, 0x88, 0x98, 0xa0, 0xa0, 0xa0, 
	0xa8, 0xa8, 0xb0, 0xa8, 0x98, 0x88, 0x88, 0x80, 
	0x78, 0x78, 0x78, 0x70, 0x68, 0x58, 0x58, 0x58, 
	0x60, 0x70, 0x88, 0x90, 0x88, 0x60, 0x48, 0x48, 
	0x40, 0x40, 0x48, 0x58, 0x60, 0x68, 0x68, 0x78, 
	0x78, 0x78, 0x78, 0x80, 0x88, 0x90, 0x98, 0x98, 
	0xa0, 0x98, 0x98, 0x98, 0x88, 0x88, 0x98, 0xa8, 
	0xb8, 0xc8, 0xc8, 0xb8, 0xb0, 0x98, 0x88, 0x78, 
	0x70, 0x70, 0x78, 0x88, 0x98, 0xa0, 0xa0, 0xa0, 
	0xa8, 0xa8, 0xb0, 0xa8, 0x98, 0x88, 0x88, 0x80, 
	0x78, 0x78, 0x78, 0x70, 0x68, 0x58, 0x58, 0x58, 
	0x60, 0x70, 0x88, 0x90, 0x88, 0x60, 0x48, 0x48, 
	0x40, 0x40, 0x48, 0x58, 0x60, 0x68, 0x68, 0x78, 
	0x78, 0x78, 0x78, 0x80, 0x88, 0x90, 0x98, 0x98, 
	0xa0, 0x98, 0x98, 0x98, 0x88, 0x88, 0x98, 0xa8, 
	0xb8, 0xc8, 0xc8, 0xb8, 0xb0, 0x98, 0x88, 0x78, 
	0x70, 0x70, 0x78, 0x88, 0x98, 0xa0, 0xa0, 0xa0, 
	0xa8, 0xa8, 0xb0, 0xa8, 0x98, 0x88, 0x88, 0x80, 
	0x78, 0x78, 0x78, 0x70, 0x68, 0x58, 0x58, 0x58, 
	0x60, 0x70, 0x88, 0x90, 0x88, 0x60, 0x48, 0x48, 
	0x40, 0x40, 0x48, 0x58, 0x60, 0x68, 0x68, 0x78, 
	0x78, 0x78, 0x78, 0x80, 0x88, 0x90, 0x98, 0x98, 
	0xa0, 0x98, 0x98, 0x98, 0x88, 0x88, 0x98, 0xa8, 
	0xb8, 0xc8, 0xc8, 0xb8, 0xb0, 0x98, 0x88, 0x78, 
	0x70, 0x70, 0x78, 0x88, 0x98, 0xa0, 0xa0, 0xa0, 
	0xa8, 0xa8, 0xb0, 0xa8, 0x98, 0x88, 0x88, 0x80, 
	0x78, 0x78, 0x78, 0x70, 0x68, 0x58, 0x58, 0x58, 
	0x60, 0x70, 0x88, 0x90, 0x88, 0x60, 0x48, 0x48, 
	0x40, 0x40, 0x48, 0x58, 0x60, 0x68, 0x68, 0x78, 
	0x78, 0x78, 0x78, 0x80, 0x88, 0x90, 0x98, 0x98, 
	0xa0, 0x98, 0x98, 0x98, 0x88, 0x88, 0x98, 0xa8, 
	0xb8, 0xc8, 0xc8, 0xb8, 0xb0, 0x98, 0x88, 0x78, 
	0x70, 0x70, 0x78, 0x88, 0x98, 0xa0, 0xa0, 0xa0, 
	0xa8, 0xa8, 0xb0, 0xa8, 0x98, 0x88, 0x88, 0x80, 
	0x78, 0x78, 0x78, 0x70, 0x68, 0x58, 0x58, 0x58, 
	0x60, 0x70, 0x88, 0x90, 0x88, 0x60, 0x48, 0x48, 
	0x40, 0x40, 0x48, 0x58, 0x60, 0x68, 0x68, 0x78, 
	0x78, 0x78, 0x78, 0x80, 0x88, 0x90, 0x98, 0x98, 
	0xa0, 0x98, 0x98, 0x98, 0x88, 0x88, 0x98, 0xa8, 
	0xb8, 0xc8, 0xc8, 0xb8, 0xb0, 0x98, 0x88, 0x78, 
	0x70, 0x70, 0x78, 0x88, 0x98, 0xa0, 0xa0, 0xa0, 
	0xa8, 0xa8, 0xb0, 0xa8, 0x98, 0x88, 0x88, 0x80, 
	0x78, 0x78, 0x78, 0x70, 0x68, 0x58, 0x58, 0x58, 
	0x60, 0x70, 0x88, 0x90, 0x88, 0x60, 0x48, 0x48, 
	0x40, 0x40, 0x48, 0x58, 0x60, 0x68, 0x68, 0x78, 
	0x78, 0x78, 0x78, 0x80, 0x88, 0x90, 0x98, 0x98, 
	0xa0, 0x98, 0x98, 0x98, 0x88, 0x88, 0x98, 0xa8, 
	0xb8, 0xc8, 0xc8, 0xb8, 0xb0, 0x98, 0x88, 0x78, 
	0x70, 0x70, 0x78, 0x88, 0x98, 0xa0, 0xa0, 0xa0, 
	0xa8, 0xa8, 0xb0, 0xa8, 0x98, 0x88, 0x88, 0x80, 
	0x78, 0x78, 0x78, 0x70, 0x68, 0x58, 0x58, 0x58, 
	0x60, 0x70, 0x88, 0x90, 0x88, 0x60, 0x48, 0x48, 
	0x40, 0x40, 0x48, 0x58, 0x60, 0x68, 0x68, 0x78, 
	0x78, 0x78, 0x78, 0x80, 0x88, 0x90, 0x98, 0x98, 
	0xa0, 0x98, 0x98, 0x98, 0x88, 0x88, 0x98, 0xa8, 
	0xb8, 0xc8, 0xc8, 0xb8, 0xb0, 0x98, 0x88, 0x78, 
	0x70, 0x70, 0x78, 0x88, 0x98, 0xa0, 0xa0, 0xa0, 
	0xa8, 0xa8, 0xb0, 0xa8, 0x98, 0x88, 0x88, 0x80, 
	0x78, 0x78, 0x78, 0x70, 0x68, 0x58, 0x58, 0x58, 
	0x60, 0x70, 0x88, 0x90, 0x88, 0x60, 0x48, 0x48, 
	0x40, 0x40, 0x48, 0x58, 0x60, 0x68, 0x68, 0x78, 
	0x78, 0x78, 0x78, 0x80, 0x88, 0x90, 0x98, 0x98, 
	0xa0, 0x98, 0x98, 0x98, 0x88, 0x88, 0x98, 0xa8, 
	0xb8, 0xc8, 0xc8, 0xb8, 0xb0, 0x98, 0x88, 0x78, 
	0x70, 0x70, 0x78, 0x88, 0x98, 0xa0, 0xa0, 0xa0, 
	0xa8, 0xa8, 0xb0, 0xa8, 0x98, 0x88, 0x88, 0x80, 
	0x78, 0x78, 0x78, 0x70, 0x68, 0x58, 0x58, 0x58, 
	0x60, 0x70, 0x88, 0x90, 0x88, 0x60, 0x48, 0x48, 
	0x40, 0x40, 0x48, 0x58, 0x60, 0x68, 0x68, 0x78, 
	0x78, 0x78, 0x78, 0x80, 0x88, 0x90, 0x98, 0x98, 
	0xa0, 0x98, 0x98, 0x98, 0x88, 0x88, 0x98, 0xa8, 
	0xb8, 0xc8, 0xc8, 0xb8, 0xb0, 0x98, 0x88, 0x78, 
	0x70, 0x70, 0x78, 0x88, 0x98, 0xa0, 0xa0, 0xa0, 
	0xa8, 0xa8, 0xb0, 0xa8, 0x98, 0x88, 0x88, 0x80, 
	0x78, 0x78, 0x78, 0x70, 0x68, 0x58, 0x58, 0x58, 
	0x60, 0x70, 0x88, 0x90, 0x88, 0x60, 0x48, 0x48, 
	0x40, 0x40, 0x48, 0x58, 0x60, 0x68, 0x68, 0x78, 
	0x78, 0x78, 0x78, 0x80, 0x88, 0x90, 0x98, 0x98, 
	0xa0, 0x98, 0x98, 0x98, 0x88, 0x88, 0x98, 0xa8, 
	0xb8, 0xc8, 0xc8, 0xb8, 0xb0, 0x98, 0x88, 0x78, 
	0x70, 0x70, 0x78, 0x88, 0x98, 0xa0, 0xa0, 0xa0, 
	0xa8, 0xa8, 0xb0, 0xa8, 0x98, 0x88, 0x88, 0x80, 
	0x78, 0x78, 0x78, 0x70, 0x68, 0x58, 0x58, 0x58, 
	0x60, 0x70, 0x88, 0x90, 0x88, 0x60, 0x48, 0x48, 
	0x40, 0x40, 0x48, 0x58, 0x60, 0x68, 0x68, 0x78, 
	0x78, 0x78, 0x78, 0x80, 0x88, 0x90, 0x98, 0x98, 
	0xa0, 0x98, 0x98, 0x98, 0x88, 0x88, 0x98, 0xa8, 
	0xb8, 0xc8, 0xc8, 0xb8, 0xb0, 0x98, 0x88, 0x78, 
	0x70, 0x70, 0x78, 0x88, 0x98, 0xa0, 0xa0, 0xa0, 
	0xa8, 0xa8, 0xb0, 0xa8, 0x98, 0x88, 0x88, 0x80, 
	0x78, 0x78, 0x78, 0x70, 0x68, 0x58, 0x58, 0x58, 
	0x60, 0x70, 0x88, 0x90, 0x88, 0x60, 0x48, 0x48, 
	0x40, 0x40, 0x48, 0x58, 0x60, 0x68, 0x68, 0x78, 
	0x78, 0x78, 0x78, 0x80, 0x88, 0x90, 0x98, 0x98, 
	0xa0, 0x98, 0x98, 0x98, 0x88, 0x88, 0x98, 0xa8, 
	0xb8, 0xc8, 0xc8, 0xb8, 0xb0, 0x98, 0x88, 0x78, 
	0x70, 0x70, 0x78, 0x88, 0x98, 0xa0, 0xa0, 0xa0, 
	0xa8, 0xa8, 0xb0, 0xa8, 0x98, 0x88, 0x88, 0x80, 
	0x78, 0x78, 0x78, 0x70, 0x68, 0x58, 0x58, 0x58, 
	0x60, 0x70, 0x88, 0x90, 0x88, 0x60, 0x48, 0x48, 
	0x40, 0x40, 0x48, 0x58, 0x60, 0x68, 0x68, 0x78, 
	0x78, 0x78, 0x78, 0x80, 0x88, 0x90, 0x98, 0x98, 
	0xa0, 0x98, 0x98, 0x98, 0x88, 0x88, 0x98, 0xa8, 
	0xb8, 0xc8, 0xc8, 0xb8, 0xb0, 0x98, 0x88, 0x78, 
	0x70, 0x70, 0x78, 0x88, 0x98, 0xa0, 0xa0, 0xa0, 
	0xa8, 0xa8, 0xb0, 0xa8, 0x98, 0x88, 0x88, 0x80, 
	0x78, 0x78, 0x78, 0x70, 0x68, 0x58, 0x58, 0x58, 
	0x60, 0x70, 0x88, 0x90, 0x88, 0x60, 0x48, 0x48, 
	0x40, 0x40, 0x48, 0x58, 0x60, 0x68, 0x68, 0x78, 
	0x78, 0x78, 0x78, 0x80, 0x88, 0x90, 0x98, 0x98, 
	0xa0, 0x98, 0x98, 0x98, 0x88, 0x88, 0x98, 0xa8, 
	0xb8, 0xc8, 0xc8, 0xb8, 0xb0, 0x98, 0x88, 0x78, 
	0x70, 0x70, 0x78, 0x88, 0x98, 0xa0, 0xa0, 0xa0, 
	0xa8, 0xa8, 0xb0, 0xa8, 0x98, 0x88, 0x88, 0x80, 
	0x78, 0x78, 0x78, 0x70, 0x68, 0x58, 0x58, 0x58, 
	0x60, 0x70, 0x88, 0x90, 0x88, 0x60, 0x48, 0x48, 
	0x40, 0x40, 0x48, 0x58, 0x60, 0x68, 0x68, 0x78, 
	0x78, 0x78, 0x78, 0x80, 0x88, 0x90, 0x98, 0x98, 
	0xa0, 0x98, 0x98, 0x98, 0x88, 0x88, 0x98, 0xa8, 
	0xb8, 0xc8, 0xc8, 0xb8, 0xb0, 0x98, 0x88, 0x78, 
	0x70, 0x70, 0x78, 0x88, 0x98, 0xa0, 0xa0, 0xa0, 
	0xa8, 0xa8, 0xb0, 0xa8, 0x98, 0x88, 0x88, 0x80, 
	0x78, 0x78, 0x78, 0x70, 0x68, 0x58, 0x58, 0x58, 
	0x60, 0x70, 0x88, 0x90, 0x88, 0x60, 0x48, 0x48, 
	0x40, 0x40, 0x48, 0x58, 0x60, 0x68, 0x68, 0x78, 
	0x78, 0x78, 0x78, 0x80, 0x88, 0x90, 0x98, 0x98, 
	0xa0, 0x98, 0x98, 0x98, 0x88, 0x88, 0x98, 0xa8, 
	0xb8, 0xc8, 0xc8, 0xb8, 0xb0, 0x98, 0x88, 0x78, 
	0x70, 0x70, 0x78, 0x88, 0x98, 0xa0, 0xa0, 0xa0, 
	0xa8, 0xa8, 0xb0, 0xa8, 0x98, 0x88, 0x88, 0x80, 
	0x78, 0x78, 0x78, 0x70, 0x68, 0x58, 0x58, 0x58, 
	0x60, 0x70, 0x88, 0x90, 0x88, 0x60, 0x48, 0x48, 
	0x40, 0x40, 0x48, 0x58, 0x60, 0x68, 0x68, 0x78, 
	0x78, 0x78, 0x78, 0x80, 0x88, 0x90, 0x98, 0x98, 
	0xa0, 0x98, 0x98, 0x98, 0x88, 0x88, 0x98, 0xa8, 
	0xb8, 0xc8, 0xc8, 0xb8, 0xb0, 0x98, 0x88, 0x78, 
	0x70, 0x70, 0x78, 0x88, 0x98, 0xa0, 0xa0, 0xa0, 
	0xa8, 0xa8, 0xb0, 0xa8, 0x98, 0x88, 0x88, 0x80, 
	0x78, 0x78, 0x78, 0x70, 0x68, 0x58, 0x58, 0x58, 
	0x60, 0x70, 0x88, 0x90, 0x88, 0x60, 0x48, 0x48, 
	0x40, 0x40, 0x48, 0x58, 0x60, 0x68, 0x68, 0x78, 
	0x78, 0x78, 0x78, 0x80, 0x88, 0x90, 0x98, 0x98, 
	0xa0, 0x98, 0x98, 0x98, 0x88, 0x88, 0x98, 0xa8, 
	0xb8, 0xc8, 0xc8, 0xb8, 0xb0, 0x98, 0x88, 0x78, 
	0x70, 0x70, 0x78, 0x88, 0x98, 0xa0, 0xa0, 0xa0, 
	0xa8, 0xa8, 0xb0, 0xa8, 0x98, 0x88, 0x88, 0x80, 
	0x78, 0x78, 0x78, 0x70, 0x68, 0x58, 0x58, 0x58, 
	0x60, 0x70, 0x88, 0x90, 0x88, 0x60, 0x48, 0x48, 
	0x40, 0x40, 0x48, 0x58, 0x60, 0x68, 0x68, 0x78, 
	0x78, 0x78, 0x78, 0x80, 0x88, 0x90, 0x98, 0x98, 
	0xa0, 0x98, 0x98, 0x98, 0x88, 0x88, 0x98, 0xa8, 
	0xb8, 0xc8, 0xc8, 0xb8, 0xb0, 0x98, 0x88, 0x78, 
	0x70, 0x70, 0x78, 0x88, 0x98, 0xa0, 0xa0, 0xa0, 
	0xa8, 0xa8, 0xb0, 0xa8, 0x98, 0x88, 0x88, 0x80, 
	0x78, 0x78, 0x78, 0x70, 0x68, 0x58, 0x58, 0x58, 
	0x60, 0x70, 0x88, 0x90, 0x88, 0x60, 0x48, 0x48, 
	0x40, 0x40, 0x48, 0x58, 0x60, 0x68, 0x68, 0x78, 
	0x78, 0x78, 0x78, 0x80, 0x88, 0x90, 0x98, 0x98, 
	0x98, 0x98, 0x98, 0x98, 0x90, 0x90, 0x98, 0xa8, 
	0xb8, 0xc8, 0xc8, 0xb8, 0xb0, 0x98, 0x88, 0x78, 
	0x70, 0x70, 0x78, 0x88, 0x98, 0xa0, 0xa0, 0xa0, 
	0xa8, 0xa8, 0xb0, 0xa8, 0x98, 0x88, 0x88, 0x80, 
	0x78, 0x78, 0x78, 0x70, 0x68, 0x58, 0x58, 0x58, 
	0x60, 0x70, 0x88, 0x90, 0x88, 0x60, 0x48, 0x48, 
	0x40, 0x40, 0x48, 0x58, 0x60, 0x68, 0x68, 0x78, 
	0x78, 0x78, 0x78, 0x80, 0x88, 0x90, 0x98, 0x98, 
	0x98, 0x98, 0x98, 0x98, 0x90, 0x90, 0x98, 0xa8, 
	0xb8, 0xc8, 0xc8, 0xb8, 0xb0, 0x98, 0x88, 0x78, 
	0x70, 0x70, 0x78, 0x88, 0x98, 0xa0, 0xa0, 0xa0, 
	0xa8, 0xa8, 0xb0, 0xa8, 0x98, 0x88, 0x88, 0x80, 
	0x78, 0x78, 0x78, 0x70, 0x68, 0x58, 0x58, 0x58, 
	0x60, 0x70, 0x88, 0x90, 0x88, 0x60, 0x48, 0x48, 
	0x40, 0x40, 0x48, 0x58, 0x60, 0x68, 0x68, 0x78, 
	0x78, 0x78, 0x78, 0x80, 0x88, 0x90, 0x98, 0x98, 
	0x98, 0x98, 0x98, 0x98, 0x90, 0x90, 0x98, 0xa8, 
	0xb8, 0xc8, 0xc8, 0xb8, 0xb0, 0x98, 0x88, 0x78, 
	0x70, 0x70, 0x78, 0x88, 0x98, 0xa0, 0xa0, 0xa0, 
	0xa8, 0xa8, 0xb0, 0xa8, 0x98, 0x88, 0x88, 0x80, 
	0x78, 0x78, 0x78, 0x70, 0x68, 0x58, 0x58, 0x58, 
	0x60, 0x70, 0x88, 0x90, 0x88, 0x60, 0x48, 0x48, 
	0x40, 0x40, 0x48, 0x58, 0x60, 0x68, 0x68, 0x78, 
	0x78, 0x78, 0x78, 0x80, 0x88, 0x90, 0x98, 0x98, 
	0x98, 0x98, 0x98, 0x98, 0x90, 0x90, 0x98, 0xa8, 
	0xb8, 0xc8, 0xc8, 0xb8, 0xb0, 0x98, 0x88, 0x78, 
	0x70, 0x70, 0x78, 0x88, 0x98, 0xa0, 0xa0, 0xa0, 
	0xa8, 0xa8, 0xb0, 0xa8, 0x98, 0x88, 0x88, 0x80, 
	0x78, 0x78, 0x78, 0x70, 0x68, 0x58, 0x58, 0x58, 
	0x60, 0x70, 0x88, 0x90, 0x88, 0x60, 0x48, 0x48, 
	0x40, 0x40, 0x48, 0x58, 0x60, 0x68, 0x68, 0x78, 
	0x78, 0x78, 0x78, 0x80, 0x88, 0x90, 0x98, 0x98, 
	0x98, 0x98, 0x98, 0x98, 0x90, 0x90, 0x98, 0xa8, 
	0xb8, 0xc8, 0xc8, 0xb8, 0xb0, 0x98, 0x88, 0x78, 
	0x70, 0x70, 0x78, 0x88, 0x98, 0xa0, 0xa0, 0xa0, 
	0xa8, 0xa8, 0xb0, 0xa8, 0x98, 0x88, 0x88, 0x80, 
	0x78, 0x78, 0x78, 0x70, 0x68, 0x58, 0x58, 0x58, 
	0x60, 0x70, 0x88, 0x90, 0x88, 0x68, 0x50, 0x48, 
	0x40, 0x40, 0x48, 0x58, 0x60, 0x68, 0x68, 0x78, 
	0x78, 0x78, 0x78, 0x80, 0x88, 0x90, 0x98, 0x98, 
	0x98, 0x98, 0x98, 0x98, 0x90, 0x90, 0x98, 0xa8, 
	0xb8, 0xc8, 0xc8, 0xb8, 0xb0, 0x98, 0x88, 0x78, 
	0x70, 0x70, 0x78, 0x88, 0x98, 0xa0, 0xa0, 0xa0, 
	0xa8, 0xa8, 0xb0, 0xa8, 0x98, 0x88, 0x88, 0x80, 
	0x78, 0x78, 0x78, 0x70, 0x68, 0x58, 0x58, 0x58, 
	0x60, 0x70, 0x88, 0x90, 0x88, 0x68, 0x50, 0x48, 
	0x40, 0x40, 0x48, 0x58, 0x60, 0x68, 0x68, 0x78, 
	0x78, 0x78, 0x78, 0x80, 0x88, 0x90, 0x98, 0x98, 
	0x98, 0x98, 0x98, 0x98, 0x90, 0x90, 0x98, 0xa8, 
	0xb8, 0xc8, 0xc8, 0xb8, 0xb0, 0x98, 0x88, 0x78, 
	0x70, 0x70, 0x78, 0x88, 0x98, 0xa0, 0xa0, 0xa0, 
	0xa8, 0xa8, 0xb0, 0xa8, 0x98, 0x88, 0x88, 0x80, 
	0x78, 0x78, 0x78, 0x70, 0x68, 0x58, 0x58, 0x58, 
	0x60, 0x70, 0x88, 0x90, 0x88, 0x68, 0x50, 0x48, 
	0x40, 0x40, 0x48, 0x58, 0x60, 0x68, 0x68, 0x78, 
	0x78, 0x78, 0x78, 0x80, 0x88, 0x90, 0x98, 0x98, 
	0x98, 0x98, 0x98, 0x98, 0x90, 0x90, 0x98, 0xa8, 
	0xb8, 0xc8, 0xc8, 0xb8, 0xb0, 0x98, 0x88, 0x78, 
	0x70, 0x70, 0x78, 0x88, 0x98, 0xa0, 0xa0, 0xa0, 
	0xa8, 0xa8, 0xb0, 0xa8, 0x98, 0x88, 0x88, 0x80, 
	0x78, 0x78, 0x78, 0x70, 0x68, 0x58, 0x58, 0x58, 
	0x60, 0x70, 0x88, 0x90, 0x88, 0x68, 0x50, 0x48, 
	0x40, 0x40, 0x48, 0x58, 0x60, 0x68, 0x68, 0x78, 
	0x78, 0x78, 0x78, 0x80, 0x88, 0x90, 0x98, 0x98, 
	0x98, 0x98, 0x98, 0x98, 0x90, 0x90, 0x98, 0xa8, 
	0xb8, 0xc8, 0xc8, 0xb8, 0xb0, 0x98, 0x88, 0x78, 
	0x70, 0x70, 0x78, 0x88, 0x98, 0xa0, 0xa0, 0xa0, 
	0xa8, 0xa8, 0xb0, 0xa8, 0x98, 0x88, 0x88, 0x80, 
	0x78, 0x78, 0x78, 0x70, 0x68, 0x58, 0x58, 0x58, 
	0x60, 0x70, 0x88, 0x90, 0x88, 0x68, 0x50, 0x48, 
	0x40, 0x40, 0x48, 0x58, 0x60, 0x68, 0x68, 0x78, 
	0x78, 0x78, 0x78, 0x80, 0x88, 0x90, 0x98, 0x98, 
	0x98, 0x98, 0x98, 0x98, 0x90, 0x90, 0x98, 0xa8, 
	0xb8, 0xc8, 0xc8, 0xb8, 0xb0, 0x98, 0x88, 0x78, 
	0x70, 0x70, 0x78, 0x88, 0x98, 0xa0, 0xa0, 0xa0, 
	0xa8, 0xa8, 0xb0, 0xa8, 0x98, 0x88, 0x88, 0x80, 
	0x78, 0x78, 0x78, 0x70, 0x68, 0x58, 0x58, 0x58, 
	0x60, 0x70, 0x88, 0x90, 0x88, 0x68, 0x50, 0x48, 
	0x40, 0x40, 0x48, 0x58, 0x60, 0x68, 0x68, 0x78, 
	0x78, 0x78, 0x78, 0x80, 0x88, 0x90, 0x98, 0x98, 
	0x98, 0x98, 0x98, 0x98, 0x90, 0x90, 0x98, 0xa8, 
	0xb8, 0xc8, 0xc8, 0xb8, 0xb0, 0x98, 0x88, 0x78, 
	0x70, 0x70, 0x78, 0x88, 0x98, 0xa0, 0xa0, 0xa0, 
	0xa8, 0xa8, 0xb0, 0xa8, 0x98, 0x88, 0x88, 0x80, 
	0x78, 0x78, 0x78, 0x70, 0x68, 0x58, 0x58, 0x58, 
	0x60, 0x70, 0x88, 0x90, 0x88, 0x68, 0x50, 0x48, 
	0x40, 0x40, 0x48, 0x58, 0x60, 0x68, 0x68, 0x78, 
	0x78, 0x78, 0x78, 0x80, 0x88, 0x90, 0x98, 0x98, 
	0x98, 0x98, 0x98, 0x98, 0x90, 0x90, 0x98, 0xa8, 
	0xb8, 0xc8, 0xc8, 0xb8, 0xb0, 0x98, 0x88, 0x78, 
	0x70, 0x70, 0x78, 0x88, 0x98, 0xa0, 0xa0, 0xa0, 
	0xa8, 0xa8, 0xb0, 0xa8, 0x98, 0x88, 0x88, 0x80, 
	0x78, 0x78, 0x78, 0x70, 0x68, 0x58, 0x58, 0x58, 
	0x60, 0x70, 0x88, 0x90, 0x88, 0x68, 0x50, 0x48, 
	0x40, 0x40, 0x48, 0x58, 0x60, 0x68, 0x68, 0x78, 
	0x78, 0x78, 0x78, 0x80, 0x88, 0x90, 0x98, 0x98, 
	0x98, 0x98, 0x98, 0x98, 0x90, 0x90, 0x98, 0xa8, 
	0xb8, 0xc8, 0xc8, 0xb8, 0xb0, 0x98, 0x88, 0x78, 
	0x70, 0x70, 0x78, 0x88, 0x98, 0xa0, 0xa0, 0xa0, 
	0xa8, 0xa8, 0xb0, 0xa8, 0x98, 0x88, 0x88, 0x80, 
	0x78, 0x78, 0x78, 0x70, 0x68, 0x58, 0x58, 0x58, 
	0x60, 0x70, 0x88, 0x90, 0x88, 0x68, 0x50, 0x48, 
	0x40, 0x40, 0x48, 0x58, 0x60, 0x68, 0x68, 0x78, 
	0x78, 0x78, 0x78, 0x80, 0x88, 0x90, 0x98, 0x98, 
	0x98, 0x98, 0x98, 0x98, 0x90, 0x90, 0x98, 0xa8, 
	0xb8, 0xc8, 0xc8, 0xb8, 0xb0, 0x98, 0x88, 0x78, 
	0x70, 0x70, 0x78, 0x88, 0x98, 0xa0, 0xa0, 0xa0, 
	0xa8, 0xa8, 0xb0, 0xa8, 0x98, 0x88, 0x88, 0x80, 
	0x78, 0x78, 0x78, 0x70, 0x68, 0x58, 0x58, 0x58, 
	0x60, 0x70, 0x88, 0x90, 0x88, 0x68, 0x50, 0x48, 
	0x40, 0x40, 0x48, 0x58, 0x60, 0x68, 0x68, 0x78, 
	0x78, 0x78, 0x78, 0x80, 0x88, 0x90, 0x98, 0x98, 
	0x98, 0x98, 0x98, 0x98, 0x90, 0x90, 0x98, 0xa8, 
	0xb8, 0xc8, 0xc8, 0xb8, 0xb0, 0x98, 0x88, 0x78, 
	0x70, 0x70, 0x78, 0x88, 0x98, 0xa0, 0xa0, 0xa0, 
	0xa8, 0xa8, 0xb0, 0xa8, 0x98, 0x88, 0x88, 0x80, 
	0x78, 0x78, 0x78, 0x70, 0x68, 0x58, 0x58, 0x58, 
	0x60, 0x70, 0x88, 0x90, 0x88, 0x68, 0x50, 0x48, 
	0x40, 0x40, 0x48, 0x58, 0x60, 0x68, 0x68, 0x78, 
	0x78, 0x78, 0x78, 0x80, 0x88, 0x90, 0x98, 0x98, 
	0x98, 0x98, 0x98, 0x98, 0x90, 0x90, 0x98, 0xa8, 
	0xb8, 0xc8, 0xc8, 0xb8, 0xb0, 0x98, 0x88, 0x78, 
	0x70, 0x70, 0x78, 0x88, 0x98, 0xa0, 0xa0, 0xa0, 
	0xa8, 0xa8, 0xb0, 0xa8, 0x98, 0x88, 0x88, 0x80, 
	0x78, 0x78, 0x78, 0x70, 0x68, 0x58, 0x58, 0x58, 
	0x60, 0x70, 0x88, 0x90, 0x88, 0x68, 0x50, 0x48, 
	0x40, 0x40, 0x48, 0x58, 0x60, 0x68, 0x68, 0x78, 
	0x78, 0x78, 0x78, 0x80, 0x88, 0x90, 0x98, 0x98, 
	0x98, 0x98, 0x98, 0x98, 0x90, 0x90, 0x98, 0xa8, 
	0xb8, 0xc8, 0xc8, 0xb8, 0xb0, 0x98, 0x88, 0x78, 
	0x70, 0x70, 0x78, 0x88, 0x98, 0xa0, 0xa0, 0xa0, 
	0xa8, 0xa8, 0xb0, 0xa8, 0x98, 0x88, 0x88, 0x80, 
	0x78, 0x78, 0x78, 0x70, 0x68, 0x58, 0x58, 0x58, 
	0x60, 0x70, 0x88, 0x90, 0x88, 0x68, 0x50, 0x48, 
	0x40, 0x40, 0x48, 0x58, 0x60, 0x68, 0x68, 0x78, 
	0x78, 0x78, 0x78, 0x80, 0x88, 0x90, 0x98, 0x98, 
	0x98, 0x98, 0x98, 0x98, 0x90, 0x90, 0x98, 0xa8, 
	0xb8, 0xc8, 0xc8, 0xb8, 0xb0, 0x98, 0x88, 0x78, 
	0x70, 0x70, 0x78, 0x88, 0x98, 0xa0, 0xa0, 0xa0, 
	0xa8, 0xa8, 0xb0, 0xa8, 0x98, 0x88, 0x88, 0x80, 
	0x78, 0x78, 0x78, 0x70, 0x68, 0x58, 0x58, 0x58, 
	0x60, 0x70, 0x88, 0x90, 0x88, 0x68, 0x50, 0x48, 
	0x40, 0x40, 0x48, 0x58, 0x60, 0x68, 0x68, 0x78, 
	0x78, 0x78, 0x78, 0x80, 0x88, 0x90, 0x98, 0x98, 
	0x98, 0x98, 0x98, 0x98, 0x90, 0x90, 0x98, 0xa8, 
	0xb8, 0xc8, 0xc8, 0xb8, 0xb0, 0x98, 0x88, 0x78, 
	0x70, 0x70, 0x78, 0x88, 0x98, 0xa0, 0xa0, 0xa0, 
	0xa8, 0xa8, 0xb0, 0xa8, 0x98, 0x88, 0x88, 0x80, 
	0x78, 0x78, 0x78, 0x70, 0x68, 0x58, 0x58, 0x58, 
	0x60, 0x70, 0x88, 0x90, 0x88, 0x68, 0x50, 0x48, 
	0x40, 0x40, 0x48, 0x58, 0x60, 0x68, 0x68, 0x78, 
	0x78, 0x78, 0x78, 0x80, 0x88, 0x90, 0x98, 0x98, 
	0x98, 0x98, 0x98, 0x98, 0x90, 0x90, 0x98, 0xa8, 
	0xb8, 0xc8, 0xc8, 0xb8, 0xb0, 0x98, 0x88, 0x78, 
	0x70, 0x70, 0x78, 0x88, 0x98, 0xa0, 0xa0, 0xa0, 
	0xa8, 0xa8, 0xb0, 0xa8, 0x98, 0x88, 0x88, 0x80, 
	0x78, 0x78, 0x78, 0x70, 0x68, 0x58, 0x58, 0x58, 
	0x60, 0x70, 0x88, 0x90, 0x88, 0x68, 0x50, 0x48, 
	0x40, 0x40, 0x48, 0x58, 0x60, 0x68, 0x68, 0x78, 
	0x78, 0x78, 0x78, 0x80, 0x88, 0x90, 0x98, 0x98, 
	0x98, 0x98, 0x98, 0x98, 0x90, 0x90, 0x98, 0xa8, 
	0xb8, 0xc8, 0xc8, 0xb8, 0xb0, 0x98, 0x88, 0x78, 
	0x70, 0x70, 0x78, 0x88, 0x98, 0xa0, 0xa0, 0xa8, 
	0xa8, 0xb0, 0xb0, 0xa8, 0xa0, 0x90, 0x88, 0x80, 
	0x78, 0x78, 0x78, 0x70, 0x68, 0x58, 0x58, 0x58, 
	0x60, 0x70, 0x88, 0x90, 0x88, 0x68, 0x50, 0x48, 
	0x40, 0x40, 0x48, 0x58, 0x60, 0x68, 0x68, 0x78, 
	0x78, 0x78, 0x78, 0x80, 0x88, 0x90, 0x98, 0x98, 
	0x98, 0x98, 0x98, 0x98, 0x90, 0x90, 0x98, 0xa8, 
	0xb8, 0xc8, 0xc8, 0xb8, 0xb0, 0x98, 0x88, 0x78, 
	0x70, 0x70, 0x78, 0x88, 0x98, 0xa0, 0xa0, 0xa8, 
	0xa8, 0xb0, 0xb0, 0xa8, 0xa0, 0x90, 0x88, 0x80, 
	0x78, 0x78, 0x78, 0x70, 0x68, 0x58, 0x58, 0x58, 
	0x60, 0x70, 0x88, 0x90, 0x88, 0x68, 0x50, 0x48, 
	0x40, 0x40, 0x48, 0x58, 0x60, 0x68, 0x68, 0x78, 
	0x78, 0x78, 0x78, 0x80, 0x88, 0x90, 0x98, 0x98, 
	0x98, 0x98, 0x98, 0x98, 0x90, 0x90, 0x98, 0xa8, 
	0xb8, 0xc8, 0xc8, 0xb8, 0xb0, 0x98, 0x88, 0x78, 
	0x70, 0x70, 0x78, 0x88, 0x98, 0xa0, 0xa0, 0xa8, 
	0xa8, 0xb0, 0xb0, 0xa8, 0xa0, 0x90, 0x88, 0x88, 
	0x78, 0x78, 0x78, 0x70, 0x68, 0x58, 0x58, 0x58, 
	0x60, 0x70, 0x88, 0x90, 0x88, 0x68, 0x50, 0x50, 
	0x40, 0x40, 0x48, 0x58, 0x60, 0x68, 0x68, 0x78, 
	0x78, 0x78, 0x78, 0x80, 0x88, 0x90, 0x98, 0x98, 
	0x98, 0x98, 0x98, 0x98, 0x90, 0x90, 0x98, 0xa8, 
	0xb8, 0xc8, 0xc8, 0xb8, 0xb0, 0x98, 0x88, 0x78, 
	0x70, 0x70, 0x78, 0x88, 0x98, 0xa0, 0xa0, 0xa8, 
	0xa8, 0xb0, 0xb0, 0xa8, 0xa0, 0x90, 0x88, 0x88, 
	0x78, 0x78, 0x78, 0x70, 0x68, 0x58, 0x58, 0x58, 
	0x60, 0x70, 0x88, 0x90, 0x88, 0x68, 0x50, 0x50, 
	
};

Gfx rtresure_stucco_rgba16_aligner[] = {gsSPEndDisplayList()};
u8 rtresure_stucco_rgba16[] = {
	0x31, 0x47, 0x31, 0x89, 0x39, 0x89, 0x39, 0x87, 
	0x31, 0x89, 0x39, 0x49, 0x31, 0x49, 0x39, 0x49, 
	0x31, 0x87, 0x39, 0x89, 0x39, 0x89, 0x31, 0x49, 
	0x31, 0x49, 0x31, 0x89, 0x31, 0x49, 0x39, 0x49, 
	0x31, 0x49, 0x39, 0x89, 0x31, 0x49, 0x31, 0x49, 
	0x31, 0x89, 0x31, 0x89, 0x31, 0x49, 0x31, 0x49, 
	0x39, 0x89, 0x31, 0x89, 0x39, 0x89, 0x31, 0x47, 
	0x31, 0x47, 0x31, 0x49, 0x31, 0x89, 0x39, 0x49, 
	0x31, 0x05, 0x31, 0x05, 0x31, 0x05, 0x29, 0x05, 
	0x28, 0xc5, 0x30, 0xc5, 0x31, 0x03, 0x31, 0x05, 
	0x31, 0x05, 0x29, 0x05, 0x29, 0x05, 0x28, 0xc5, 
	0x28, 0xc5, 0x31, 0x05, 0x29, 0x05, 0x28, 0xc5, 
	0x28, 0xc5, 0x31, 0x05, 0x31, 0x05, 0x29, 0x05, 
	0x31, 0x05, 0x31, 0x05, 0x29, 0x05, 0x29, 0x05, 
	0x29, 0x05, 0x29, 0x05, 0x31, 0x05, 0x31, 0x05, 
	0x31, 0x05, 0x29, 0x05, 0x31, 0x05, 0x31, 0x05, 
	0x31, 0x03, 0x28, 0xc3, 0x29, 0x03, 0x28, 0xc3, 
	0x28, 0xc3, 0x31, 0x03, 0x31, 0x03, 0x28, 0xc3, 
	0x28, 0xc3, 0x28, 0xc3, 0x28, 0xc3, 0x30, 0xc3, 
	0x29, 0x03, 0x31, 0x03, 0x30, 0xc3, 0x28, 0xc3, 
	0x31, 0x03, 0x30, 0xc3, 0x29, 0x03, 0x31, 0x03, 
	0x29, 0x03, 0x31, 0x03, 0x29, 0x03, 0x29, 0x03, 
	0x31, 0x03, 0x28, 0xc3, 0x28, 0xc3, 0x30, 0xc3, 
	0x28, 0xc3, 0x29, 0x03, 0x29, 0x03, 0x28, 0xc3, 
	0x29, 0x03, 0x28, 0xc3, 0x29, 0x03, 0x29, 0x03, 
	0x29, 0x03, 0x30, 0xc3, 0x28, 0xc3, 0x28, 0xc3, 
	0x28, 0xc3, 0x29, 0x03, 0x31, 0x03, 0x31, 0x03, 
	0x29, 0x03, 0x30, 0xc3, 0x29, 0x03, 0x30, 0xc3, 
	0x29, 0x03, 0x28, 0xc3, 0x28, 0xc3, 0x20, 0xc3, 
	0x28, 0xc3, 0x28, 0x83, 0x28, 0xc3, 0x28, 0xc3, 
	0x31, 0x03, 0x31, 0x03, 0x30, 0xc3, 0x28, 0xc3, 
	0x28, 0xc3, 0x30, 0xc3, 0x28, 0xc3, 0x28, 0xc3, 
	0x20, 0xc3, 0x21, 0x03, 0x20, 0xc3, 0x28, 0x83, 
	0x18, 0x83, 0x18, 0xc3, 0x20, 0xc3, 0x21, 0x03, 
	0x20, 0xc3, 0x21, 0x03, 0x18, 0x83, 0x18, 0xc3, 
	0x20, 0x83, 0x20, 0xc5, 0x28, 0xc3, 0x20, 0x83, 
	0x18, 0x83, 0x20, 0xc5, 0x20, 0x83, 0x18, 0x85, 
	0x20, 0x83, 0x18, 0x85, 0x18, 0x43, 0x18, 0xc5, 
	0x18, 0x83, 0x18, 0x85, 0x20, 0xc3, 0x20, 0xc3, 
	0x18, 0x83, 0x20, 0x83, 0x20, 0x83, 0x20, 0x83, 
	0x4a, 0x49, 0x4a, 0x4b, 0x52, 0x4d, 0x5a, 0x4d, 
	0x52, 0x4f, 0x52, 0x4d, 0x52, 0x8f, 0x52, 0x8f, 
	0x52, 0x8f, 0x52, 0x8f, 0x52, 0x8d, 0x52, 0x8d, 
	0x52, 0x4f, 0x52, 0x4d, 0x52, 0x4d, 0x52, 0x4b, 
	0x52, 0x8b, 0x5a, 0x4b, 0x52, 0x4d, 0x52, 0x4d, 
	0x52, 0x0b, 0x52, 0x4d, 0x52, 0x8d, 0x52, 0x4b, 
	0x52, 0x8b, 0x52, 0x8f, 0x52, 0x8f, 0x52, 0x8f, 
	0x52, 0x4d, 0x52, 0x4f, 0x52, 0x8f, 0x52, 0xcd, 
	0x5b, 0x0d, 0x63, 0x0f, 0x63, 0x0f, 0x6b, 0x13, 
	0x63, 0x13, 0x63, 0x0f, 0x62, 0xd1, 0x6b, 0x15, 
	0x63, 0x13, 0x63, 0x11, 0x63, 0x0f, 0x63, 0x4f, 
	0x63, 0x13, 0x6a, 0xd3, 0x62, 0xd1, 0x6b, 0x11, 
	0x62, 0xcf, 0x62, 0xd1, 0x63, 0x13, 0x63, 0x11, 
	0x5a, 0xd1, 0x5b, 0x13, 0x63, 0x51, 0x6b, 0x0f, 
	0x63, 0x4f, 0x63, 0x13, 0x6b, 0x13, 0x63, 0x13, 
	0x5b, 0x11, 0x5b, 0x11, 0x63, 0x11, 0x6b, 0x51, 
	0x6b, 0x11, 0x6b, 0x11, 0x6b, 0x13, 0x73, 0x15, 
	0x73, 0x55, 0x6b, 0x4f, 0x6b, 0x51, 0x6b, 0x13, 
	0x6b, 0x11, 0x6b, 0x11, 0x6b, 0x51, 0x6b, 0x13, 
	0x6a, 0xd5, 0x6a, 0x97, 0x6b, 0x15, 0x6b, 0x55, 
	0x63, 0x11, 0x6b, 0x11, 0x63, 0x55, 0x63, 0x13, 
	0x63, 0x13, 0x63, 0x15, 0x6b, 0x11, 0x6b, 0x53, 
	0x63, 0x53, 0x6b, 0x93, 0x6b, 0x53, 0x6a, 0xd3, 
	0x63, 0x13, 0x62, 0xd1, 0x63, 0x51, 0x63, 0x53, 
	0x73, 0x15, 0x6b, 0x55, 0x6b, 0x57, 0x73, 0x55, 
	0x73, 0x55, 0x73, 0x51, 0x73, 0x51, 0x73, 0x53, 
	0x6b, 0x53, 0x6b, 0x15, 0x6b, 0x15, 0x6b, 0x13, 
	0x6b, 0x13, 0x73, 0x55, 0x73, 0x55, 0x73, 0x53, 
	0x6b, 0x53, 0x73, 0x93, 0x73, 0x53, 0x73, 0x51, 
	0x73, 0x13, 0x6b, 0x53, 0x6b, 0x51, 0x73, 0x53, 
	0x73, 0x53, 0x73, 0x93, 0x73, 0x51, 0x73, 0x15, 
	0x6b, 0x11, 0x73, 0x11, 0x6b, 0x53, 0x6b, 0x57, 
	0x7b, 0x17, 0x73, 0x95, 0x73, 0x53, 0x6b, 0x53, 
	0x6b, 0x93, 0x73, 0x91, 0x7b, 0x93, 0x7b, 0x95, 
	0x73, 0x97, 0x73, 0x95, 0x73, 0x55, 0x73, 0x55, 
	0x73, 0x55, 0x73, 0x95, 0x73, 0x93, 0x73, 0x93, 
	0x73, 0xd3, 0x7b, 0xd5, 0x73, 0x93, 0x73, 0x55, 
	0x73, 0x53, 0x73, 0x53, 0x73, 0x93, 0x7b, 0x95, 
	0x73, 0xd5, 0x7b, 0xd3, 0x73, 0x93, 0x73, 0x15, 
	0x6b, 0x91, 0x6b, 0x51, 0x73, 0x53, 0x7b, 0x95, 
	0x7b, 0xd5, 0x7b, 0xd3, 0x7b, 0x91, 0x7b, 0x4f, 
	0x83, 0xd3, 0x7b, 0x93, 0x7b, 0x55, 0x7b, 0x55, 
	0x7b, 0xd5, 0x74, 0x13, 0x73, 0xd3, 0x7b, 0x93, 
	0x7b, 0x55, 0x73, 0x97, 0x7b, 0x97, 0x83, 0xd7, 
	0x83, 0xd7, 0x7b, 0xd5, 0x73, 0xd3, 0x73, 0xd5, 
	0x7b, 0x53, 0x7b, 0x93, 0x7b, 0xd3, 0x7b, 0xd5, 
	0x83, 0xd5, 0x7b, 0x93, 0x73, 0x55, 0x6b, 0x53, 
	0x6b, 0x93, 0x6b, 0x97, 0x73, 0x97, 0x7b, 0x97, 
	0x7b, 0x95, 0x7b, 0x93, 0x83, 0x51, 0x83, 0x93, 
	0x83, 0xd3, 0x83, 0xd5, 0x83, 0x95, 0x7b, 0x95, 
	0x7b, 0xd7, 0x7c, 0x15, 0x7b, 0xd3, 0x83, 0x95, 
	0x7b, 0xd7, 0x84, 0x17, 0x7c, 0x15, 0x7b, 0x93, 
	0x84, 0x17, 0x84, 0x55, 0x7c, 0x17, 0x74, 0x17, 
	0x73, 0xd5, 0x73, 0xd5, 0x74, 0x11, 0x7c, 0x15, 
	0x7b, 0xd7, 0x7b, 0xd7, 0x7b, 0x95, 0x73, 0x95, 
	0x7b, 0xd3, 0x7b, 0xd7, 0x7b, 0xd3, 0x7c, 0x15, 
	0x83, 0x95, 0x8c, 0x19, 0x84, 0x17, 0x7b, 0x99, 
	0x83, 0x97, 0x8b, 0xd9, 0x8b, 0x9b, 0x83, 0x99, 
	0x83, 0xd5, 0x83, 0xd9, 0x84, 0x19, 0x83, 0xd7, 
	0x84, 0x15, 0x7c, 0x17, 0x84, 0x15, 0x7b, 0xd5, 
	0x84, 0x17, 0x8c, 0x17, 0x8b, 0xd9, 0x84, 0x59, 
	0x7c, 0x59, 0x74, 0x17, 0x84, 0x57, 0x8c, 0x57, 
	0x7b, 0xd9, 0x84, 0x19, 0x84, 0x15, 0x7b, 0xd5, 
	0x73, 0xd5, 0x73, 0xd5, 0x83, 0xd5, 0x84, 0x15, 
	0x94, 0x55, 0x8c, 0x55, 0x8c, 0x97, 0x84, 0x19, 
	0x7b, 0xd7, 0x84, 0x17, 0x8c, 0x59, 0x8c, 0x57, 
	0x8c, 0x15, 0x8c, 0x17, 0x8c, 0x57, 0x8b, 0xd5, 
	0x8b, 0xd7, 0x84, 0x19, 0x84, 0x19, 0x83, 0xd5, 
	0x8b, 0x95, 0x94, 0x15, 0x8b, 0x95, 0x8c, 0x17, 
	0x94, 0x17, 0x84, 0x1b, 0x94, 0x19, 0x93, 0xdb, 
	0x93, 0xdd, 0x8c, 0x19, 0x8c, 0x97, 0x84, 0x17, 
	0x84, 0x17, 0x7b, 0xd5, 0x8b, 0xd9, 0x8c, 0x17, 
	0x8c, 0x95, 0x94, 0x95, 0x94, 0x97, 0x8c, 0x57, 
	0x94, 0x19, 0x94, 0x19, 0x94, 0x9b, 0x8c, 0x99, 
	0x8c, 0x1b, 0x8c, 0x5b, 0x94, 0x59, 0x94, 0x1b, 
	0x93, 0xd9, 0x93, 0xd7, 0x94, 0x1d, 0x84, 0x1b, 
	0x84, 0x59, 0x94, 0x95, 0x94, 0x13, 0x94, 0x55, 
	0x94, 0x57, 0x94, 0x59, 0x94, 0x57, 0x94, 0x57, 
	0x94, 0x17, 0x84, 0x95, 0x84, 0x95, 0x94, 0x97, 
	0x8c, 0x55, 0x8b, 0xd9, 0x8c, 0x1b, 0x94, 0x55, 
	0x8c, 0x9b, 0x94, 0x99, 0x8c, 0x97, 0x94, 0x97, 
	0x94, 0x5b, 0x94, 0x5b, 0x9c, 0x9b, 0x94, 0x99, 
	0x94, 0x59, 0x9c, 0x59, 0x94, 0x9b, 0x94, 0x5b, 
	0x94, 0x1b, 0x94, 0x5b, 0x94, 0x9d, 0x8c, 0x9b, 
	0x94, 0x5d, 0x9c, 0x5b, 0x94, 0x55, 0x94, 0x5d, 
	0x94, 0x5d, 0x94, 0x5b, 0x9c, 0x59, 0x94, 0x59, 
	0x94, 0x19, 0x94, 0x97, 0x8c, 0x97, 0x9c, 0x95, 
	0x94, 0x97, 0x94, 0x1b, 0x93, 0xdb, 0x94, 0x19, 
	0x9c, 0x9d, 0x9c, 0x9d, 0x8c, 0xdb, 0x8c, 0x97, 
	0x94, 0x9f, 0x9c, 0x9d, 0x94, 0x9d, 0x94, 0x9b, 
	0x94, 0x99, 0x94, 0x99, 0x94, 0x9b, 0x9c, 0x9b, 
	0x9c, 0x99, 0x9c, 0x99, 0x94, 0x9b, 0x94, 0x97, 
	0x9c, 0x9b, 0x9c, 0xd9, 0x94, 0x95, 0x94, 0x99, 
	0x9c, 0x9b, 0x9c, 0x9b, 0x9c, 0x19, 0x94, 0x17, 
	0xa4, 0x9b, 0x9c, 0x99, 0x94, 0xdb, 0x9c, 0xd7, 
	0x94, 0x99, 0x94, 0x9d, 0x94, 0x9b, 0x8c, 0x5d, 
	0x94, 0x1b, 0xa4, 0x9b, 0x9c, 0x99, 0x9c, 0x97, 
	0xa4, 0x9b, 0x9c, 0x99, 0x9c, 0xdd, 0x94, 0xdb, 
	0x94, 0xd9, 0x94, 0x9b, 0x94, 0xdf, 0x9c, 0x99, 
	0xa4, 0xd5, 0x9c, 0xdd, 0x9c, 0x9b, 0x9c, 0x95, 
	0x94, 0xd9, 0x94, 0x99, 0x94, 0x95, 0x94, 0x99, 
	0x94, 0xdb, 0x94, 0x9f, 0x94, 0x9d, 0xa4, 0x59, 
	0xa4, 0xd9, 0xa4, 0xd7, 0x95, 0x17, 0x9d, 0x17, 
	0x9c, 0xdb, 0x9c, 0x9f, 0x8c, 0x9b, 0x8c, 0xa1, 
	0xa4, 0x95, 0xad, 0x17, 0xa4, 0xdb, 0xa5, 0x1b, 
	0x9c, 0x9d, 0xac, 0x9b, 0xac, 0xdf, 0x9d, 0x1f, 
	0x94, 0xdb, 0x9c, 0xdd, 0x9d, 0x5b, 0x9d, 0x55, 
	0xa5, 0x15, 0xa4, 0xd9, 0xa4, 0x99, 0x9d, 0x57, 
	0xa5, 0x19, 0x9c, 0x9b, 0xac, 0x5b, 0x9c, 0xd9, 
	0xa4, 0xdb, 0x9d, 0x1f, 0x9c, 0xa1, 0xac, 0x9d, 
	0xac, 0xd9, 0xad, 0x59, 0xa5, 0x5d, 0xa4, 0xdf, 
	0x94, 0xe1, 0x94, 0x9b, 0x94, 0xd9, 0x95, 0x5b, 
	0xad, 0x59, 0xad, 0x5f, 0x9d, 0x61, 0xac, 0xdd, 
	0xb4, 0xd9, 0xb4, 0xdf, 0xb4, 0xdb, 0xad, 0x1f, 
	0xa4, 0xdd, 0xa4, 0xd9, 0xad, 0x59, 0xb5, 0x59, 
	0xa4, 0xd9, 0xac, 0xdb, 0xa5, 0x59, 0x9d, 0x59, 
	0xad, 0x61, 0xad, 0x25, 0xb5, 0x23, 0xa5, 0x9d, 
	0xa5, 0x1f, 0xad, 0x5f, 0xac, 0xa1, 0xb4, 0x9f, 
	0xb4, 0xdb, 0xb4, 0xd7, 0xad, 0x5b, 0xa5, 0x21, 
	0x9c, 0xe5, 0xac, 0xa3, 0xac, 0xdd, 0xa5, 0x1b, 
	0xad, 0x5d, 0xbd, 0x5f, 0xa4, 0xe1, 0xa5, 0x1d, 
	0xac, 0xdd, 0xad, 0x1f, 0xbd, 0x9f, 0xb5, 0x1f, 
	0xb4, 0xdf, 0xbd, 0x5d, 0xa5, 0x5b, 0xb5, 0x9d, 
	0xb4, 0x9b, 0xa4, 0x97, 0xa5, 0x59, 0xa5, 0x59, 
	0xad, 0x1f, 0xb4, 0xe5, 0xad, 0x63, 0xad, 0x9f, 
	0xad, 0x1f, 0xad, 0x21, 0xac, 0xa3, 0xb5, 0x23, 
	0xb5, 0x21, 0xbd, 0x17, 0xbd, 0x1b, 0xac, 0xe1, 
	0xac, 0xe5, 0xac, 0xa3, 0xa4, 0x9d, 0xac, 0x9f, 
	0xa5, 0x5f, 0xbd, 0xe1, 0xbd, 0x23, 0xad, 0x5f, 
	0xb5, 0xe3, 0xbd, 0x9f, 0xb5, 0x9f, 0xbd, 0x21, 
	0xbd, 0x5f, 0xb5, 0x5d, 0xb5, 0x5f, 0xb5, 0x9d, 
	0xc5, 0x1d, 0xbc, 0x9b, 0xb4, 0xdf, 0xad, 0x1b, 
	0xbd, 0x61, 0xbd, 0x63, 0xad, 0xa1, 0xb5, 0x5f, 
	0xbd, 0x1f, 0xbd, 0x21, 0xb5, 0x61, 0xac, 0xdd, 
	0xbd, 0x5f, 0xc5, 0x5b, 0xc5, 0x9d, 0xb5, 0x61, 
	0xbd, 0xa3, 0xbc, 0xdd, 0xac, 0xdd, 0xbc, 0xe1, 
	0xb4, 0xdd, 0xc5, 0xa5, 0xc5, 0xe5, 0xad, 0xa5, 
	0xad, 0xe5, 0xb5, 0x61, 0xb5, 0x9f, 0xbd, 0x65, 
	0xc5, 0xa1, 0xcd, 0x9b, 0xbd, 0x9b, 0xbd, 0xdd, 
	0xcd, 0x9f, 0xbd, 0xa1, 0xc5, 0xa1, 0xc5, 0x9d, 
	0xbd, 0x1f, 0xc5, 0x5f, 0xbd, 0x1d, 0xb4, 0xdd, 
	0xbd, 0x1f, 0xc4, 0xe5, 0xc5, 0x21, 0xbd, 0x1d, 
	0xc5, 0xdd, 0xbd, 0x9d, 0xcd, 0x9f, 0xbd, 0x5f, 
	0xbd, 0xa3, 0xbd, 0x5f, 0xcd, 0x5b, 0xcd, 0x1b, 
	0xc5, 0x21, 0xcd, 0xe3, 0xc5, 0xe5, 0xbd, 0xa5, 
	0xc5, 0xe5, 0xbd, 0x5f, 0xc5, 0xa1, 0xb6, 0x23, 
	0xc5, 0xe5, 0xc6, 0x25, 0xcd, 0xa5, 0xc6, 0x1f, 
	0xce, 0xa1, 0xbe, 0x5f, 0xce, 0xa5, 0xcd, 0xe1, 
	0xd5, 0xdd, 0xcd, 0x1d, 0xc4, 0xdf, 0xcd, 0xa1, 
	0xbe, 0x23, 0xbe, 0x23, 0xbe, 0x1f, 0xc5, 0xa5, 
	0xbd, 0xe5, 0xb5, 0xe5, 0xc6, 0x23, 0xce, 0x1f, 
	0xce, 0x25, 0xd5, 0xe3, 0xd6, 0x1f, 0xce, 0x1d, 
	0xd5, 0xe5, 0xd6, 0x65, 0xce, 0x25, 0xcd, 0xa5, 
	0xd5, 0xe3, 0xd6, 0x1f, 0xdd, 0x9d, 0xc5, 0xe1, 
	0xc5, 0xe3, 0xce, 0x25, 0xbe, 0x27, 0xb6, 0xa5, 
	0xce, 0x63, 0xce, 0x9f, 0xce, 0x61, 0xce, 0x65, 
	0xd5, 0xe3, 0xdd, 0xa7, 0xd6, 0x27, 0xce, 0x67, 
	0xc6, 0xe5, 0xbe, 0x9d, 0xce, 0xdf, 0xc6, 0x25, 
	0xc6, 0x69, 0xbe, 0x25, 0xcd, 0xe1, 0xce, 0xdd, 
	0xce, 0x5d, 0xc6, 0x23, 0xc6, 0x61, 0xce, 0x5b, 
	0xce, 0x61, 0xc6, 0x9f, 0xd6, 0x61, 0xce, 0x23, 
	0xde, 0xa5, 0xd5, 0xa1, 0xd5, 0xdf, 0xcd, 0xa3, 
	0xbe, 0x25, 0xce, 0xa7, 0xc6, 0x25, 0xce, 0x63, 
	0xd5, 0xe3, 0xde, 0x61, 0xd6, 0xa5, 0xce, 0x67, 
	0xce, 0xa7, 0xdd, 0xe9, 0xe6, 0x67, 0xde, 0xa7, 
	0xd6, 0xe5, 0xce, 0xe5, 0xd6, 0xa3, 0xce, 0x23, 
	0xdd, 0xe5, 0xdd, 0xa3, 0xe5, 0xdf, 0xde, 0x59, 
	0xce, 0xe1, 0xbe, 0xa3, 0xc6, 0x65, 0xbe, 0x63, 
	0xde, 0xe3, 0xde, 0xe1, 0xde, 0x23, 0xde, 0xe5, 
	0xe7, 0x25, 0xe6, 0x63, 0xdd, 0xe3, 0xe6, 0xa5, 
	0xce, 0xa3, 0xce, 0xa5, 0xce, 0xe3, 0xd6, 0x9f, 
	0xe5, 0xa5, 0xe6, 0x27, 0xde, 0x25, 0xde, 0x25, 
	0xde, 0xa7, 0xde, 0xe5, 0xe7, 0x23, 0xde, 0xe1, 
	0xdf, 0x25, 0xe7, 0x27, 0xce, 0xe9, 0xce, 0x25, 
	0xde, 0xa5, 0xe6, 0xa5, 0xd5, 0xe5, 0xd6, 0x1d, 
	0xce, 0xe3, 0xce, 0xe9, 0xc6, 0xe5, 0xc6, 0xa5, 
	0xe7, 0x61, 0xdf, 0x65, 0xde, 0xe5, 0xe6, 0xa5, 
	0xe6, 0xa1, 0xef, 0x23, 0xe7, 0x65, 0xe7, 0x23, 
	0xe6, 0xe5, 0xdf, 0x2b, 0xdf, 0x29, 0xe7, 0x61, 
	0xee, 0xe5, 0xee, 0xed, 0xee, 0xab, 0xe5, 0xe7, 
	0xde, 0x23, 0xd6, 0x65, 0xd6, 0xdf, 0xde, 0x21, 
	0xe6, 0x61, 0xde, 0xe1, 0xdf, 0x27, 0xe6, 0x65, 
	0xde, 0xa5, 0xe6, 0xa3, 0xde, 0xa7, 0xde, 0xa3, 
	0xd7, 0x1d, 0xe7, 0x23, 0xde, 0x5f, 0xde, 0xdd, 
	0xef, 0x69, 0xdf, 0x2b, 0xe6, 0xa9, 0xee, 0x69, 
	0xd7, 0x29, 0xcf, 0x65, 0xe7, 0x25, 0xdf, 0x61, 
	0xe6, 0xe3, 0xe7, 0x6f, 0xe7, 0x2f, 0xf7, 0x29, 
	0xf6, 0xe5, 0xf6, 0xe9, 0xe7, 0x29, 0xee, 0x27, 
	0xee, 0xa7, 0xe6, 0x67, 0xef, 0x27, 0xe6, 0x67, 
	0xee, 0xa7, 0xe7, 0x21, 0xf7, 0x27, 0xde, 0x69, 
	0xe6, 0x67, 0xe6, 0x67, 0xd6, 0x65, 0xdf, 0x25, 
	0xd7, 0x1f, 0xcf, 0x1f, 0xd6, 0x9d, 0xd6, 0x1b, 
	0xcf, 0xab, 0xdf, 0x6d, 0xe6, 0xab, 0xee, 0xaf, 
	0xe7, 0x2d, 0xe6, 0xeb, 0xd7, 0x67, 0xde, 0xe7, 
	0xde, 0xab, 0xee, 0xed, 0xdf, 0x6d, 0xf7, 0x27, 
	0xf6, 0xe9, 0xef, 0x27, 0xdf, 0x69, 0xdf, 0x25, 
	0xdf, 0x23, 0xef, 0x25, 0xe7, 0x23, 0xd6, 0xed, 
	0xe6, 0x6b, 0xf6, 0xe7, 0xf7, 0x29, 0xe6, 0xe7, 
	0xe6, 0xe9, 0xe7, 0x29, 0xdf, 0x65, 0xd7, 0x63, 
	0xd7, 0xa5, 0xe7, 0x6b, 0xee, 0xe5, 0xe7, 0x27, 
	0xd7, 0xab, 0xe7, 0xa7, 0xe6, 0xa5, 0xee, 0xe9, 
	0xf6, 0xe9, 0xe6, 0xa9, 0xe6, 0xe5, 0xde, 0xe5, 
	0xdf, 0x2d, 0xdf, 0x2b, 0xdf, 0x25, 0xf7, 0x25, 
	0xee, 0xa5, 0xef, 0x25, 0xef, 0x25, 0xe6, 0xa5, 
	0xef, 0x25, 0xef, 0x63, 0xf7, 0x65, 0xe6, 0x69, 
	0xee, 0x25, 0xf6, 0xa5, 0xe6, 0xa9, 0xd7, 0x29, 
	0xdf, 0x67, 0xef, 0xa1, 0xdf, 0xa1, 0xe7, 0xa3, 
	0xd7, 0xa5, 0xef, 0x65, 0xf6, 0xe7, 0xee, 0xe9, 
	0xd7, 0xa5, 0xe7, 0xa1, 0xef, 0xa3, 0xee, 0xe5, 
	0xf7, 0x23, 0xee, 0xa5, 0xe7, 0x1f, 0xe7, 0x61, 
	0xe7, 0xa5, 0xdf, 0xa5, 0xdf, 0xa3, 0xf7, 0xa7, 
	0xef, 0x21, 0xef, 0x21, 0xef, 0x25, 0xe6, 0xe5, 
	0xf7, 0x25, 0xf6, 0x65, 0xf6, 0xa5, 0xf6, 0xed, 
	0xf6, 0xe9, 0xf6, 0xe9, 0xe7, 0x27, 0xdf, 0x25, 
	0xe6, 0xe9, 0xe7, 0x25, 0xdf, 0x65, 0xef, 0x25, 
	0xe7, 0xa3, 0xe7, 0x65, 0xe7, 0x25, 0xf7, 0x69, 
	0xee, 0xdf, 0xf7, 0x61, 0xef, 0x27, 0xf6, 0xed, 
	0xe6, 0xe7, 0xee, 0xa5, 0xdf, 0x65, 0xe7, 0x21, 
	0xee, 0xe3, 0xd7, 0x67, 0xef, 0x67, 0xf7, 0x69, 
	0xee, 0xa5, 0xe6, 0x63, 0xe6, 0xa7, 0xe6, 0xe5, 
	0xef, 0x27, 0xee, 0x25, 0xee, 0x27, 0xf6, 0xe7, 
	0xf6, 0xe5, 0xee, 0xeb, 0xe7, 0x25, 0xe7, 0x63, 
	0xe6, 0xe5, 0xde, 0xed, 0xde, 0x2f, 0xee, 0x6d, 
	0xef, 0x25, 0xe7, 0x65, 0xf7, 0x25, 0xee, 0x69, 
	0xf6, 0xe3, 0xef, 0x65, 0xf7, 0xa9, 0xf7, 0x6f, 
	0xe6, 0x6b, 0xe6, 0xed, 0xe6, 0xe1, 0xee, 0xa3, 
	0xe7, 0x21, 0xdf, 0x65, 0xe7, 0x65, 0xe7, 0x6b, 
	0xef, 0x29, 0xe6, 0xa5, 0xe7, 0x67, 0xd7, 0x63, 
	0xe7, 0x25, 0xef, 0x23, 0xf6, 0xe9, 0xde, 0xe9, 
	0xdf, 0x29, 0xee, 0xeb, 0xef, 0x65, 0xee, 0xe1, 
	0xef, 0x21, 0xe7, 0x25, 0xe6, 0x2d, 0xf6, 0xad, 
	0xf7, 0x67, 0xe7, 0x23, 0xee, 0xe5, 0xee, 0xe7, 
	0xe6, 0x27, 0xef, 0x25, 0xdf, 0x67, 0xf7, 0x69, 
	0xef, 0x29, 0xef, 0x69, 0xef, 0x25, 0xde, 0xa3, 
	0xe6, 0xe3, 0xe7, 0x6b, 0xef, 0x27, 0xef, 0x2f, 
	0xf6, 0x6b, 0xe6, 0xa3, 0xe7, 0x27, 0xd6, 0x25, 
	0xce, 0xa5, 0xf6, 0xa1, 0xee, 0xa5, 0xf6, 0xa7, 
	0xe6, 0x25, 0xe6, 0x25, 0xd6, 0xe5, 0xee, 0x61, 
	0xe6, 0xe1, 0xde, 0xa5, 0xf6, 0xa9, 0xf6, 0xab, 
	0xee, 0xad, 0xe6, 0xe9, 0xf7, 0x25, 0xf7, 0x23, 
	0xde, 0x65, 0xde, 0xe5, 0xde, 0xe9, 0xef, 0x29, 
	0xf7, 0x63, 0xef, 0xa7, 0xf6, 0xe3, 0xef, 0x25, 
	0xf7, 0x25, 0xee, 0xe9, 0xf6, 0x23, 0xde, 0xa5, 
	0xde, 0xa5, 0xee, 0xa3, 0xf6, 0xe7, 0xe5, 0xa5, 
	0xde, 0x25, 0xee, 0x65, 0xde, 0xa3, 0xee, 0x5f, 
	0xe6, 0x65, 0xe6, 0xa5, 0xe6, 0xa5, 0xf6, 0x63, 
	0xee, 0x61, 0xde, 0xe3, 0xf7, 0x27, 0xe6, 0xef, 
	0xee, 0xf1, 0xe6, 0xed, 0xee, 0xad, 0xe6, 0x6b, 
	0xe6, 0x27, 0xef, 0x27, 0xd6, 0xe7, 0xef, 0x27, 
	0xef, 0x67, 0xf7, 0x27, 0xf6, 0xa3, 0xee, 0x69, 
	0xee, 0xa9, 0xee, 0x69, 0xee, 0xa3, 0xd6, 0xe9, 
	0xde, 0xa3, 0xe6, 0x65, 0xee, 0xa5, 0xf6, 0xa1, 
	0xee, 0xa3, 0xef, 0x25, 0xd6, 0xe3, 0xe6, 0xe1, 
	0xe6, 0xa7, 0xee, 0xe7, 0xe6, 0xa3, 0xf6, 0xa9, 
	0xee, 0x6b, 0xf6, 0x67, 0xe6, 0xa3, 0xd6, 0xa5, 
	0xef, 0x25, 0xf7, 0x25, 0xef, 0x2b, 0xf6, 0x6d, 
	0xee, 0xe1, 0xf7, 0x25, 0xd7, 0x29, 0xdf, 0x2b, 
	0xe6, 0xa9, 0xe6, 0xad, 0xef, 0x23, 0xe6, 0xe5, 
	0xf6, 0x29, 0xee, 0xab, 0xe6, 0xa5, 0xdf, 0x27, 
	0xe6, 0xe7, 0xe6, 0x69, 0xdf, 0x25, 0xee, 0xe1, 
	0xde, 0x25, 0xde, 0xa7, 0xe6, 0xa5, 0xde, 0x21, 
	0xdd, 0xe5, 0xde, 0xab, 0xe6, 0xa7, 0xf6, 0xa7, 
	0xf6, 0x29, 0xf6, 0xa7, 0xee, 0x65, 0xee, 0xe5, 
	0xef, 0x65, 0xf7, 0x65, 0xf7, 0x29, 0xf6, 0xab, 
	0xf6, 0xdf, 0xee, 0xe5, 0xde, 0xe5, 0xde, 0xa7, 
	0xde, 0x2b, 0xe6, 0xab, 0xf6, 0xe3, 0xee, 0x25, 
	0xf6, 0x25, 0xf6, 0xa5, 0xf6, 0xe5, 0xf6, 0xe9, 
	0xee, 0xe5, 0xef, 0x27, 0xe6, 0xa7, 0xee, 0xe5, 
	0xde, 0xa7, 0xee, 0xa5, 0xde, 0xa7, 0xde, 0x65, 
	0xd6, 0x29, 0xe6, 0xa5, 0xe6, 0x63, 0xe6, 0x65, 
	0xe6, 0xa3, 0xf5, 0xe3, 0xee, 0x65, 0xee, 0xa7, 
	0xef, 0x27, 0xf7, 0x27, 0xef, 0x65, 0xe7, 0x25, 
	0xe6, 0xe5, 0xef, 0x67, 0xee, 0xe3, 0xf6, 0xe5, 
	0xe6, 0x69, 0xf6, 0x6d, 0xf6, 0x23, 0xf6, 0x25, 
	0xf6, 0x65, 0xf6, 0xa3, 0xf6, 0xe5, 0xf7, 0x27, 
	0xf6, 0xa5, 0xf7, 0x25, 0xee, 0xe5, 0xee, 0x61, 
	0xee, 0x25, 0xe6, 0x25, 0xe6, 0xa9, 0xde, 0x65, 
	0xde, 0x25, 0xee, 0x25, 0xde, 0xa5, 0xee, 0xa5, 
	0xde, 0xa1, 0xe7, 0x1f, 0xde, 0xa5, 0xe6, 0x69, 
	0xe6, 0xab, 0xee, 0xe7, 0xdf, 0x25, 0xde, 0xe3, 
	0xd7, 0x25, 0xd7, 0x29, 0xe6, 0xe5, 0xf6, 0xe7, 
	0xee, 0x2b, 0xee, 0xeb, 0xde, 0x65, 0xe5, 0xe7, 
	0xed, 0xe5, 0xee, 0x25, 0xee, 0x63, 0xf6, 0x65, 
	0xf6, 0x61, 0xf6, 0xa5, 0xde, 0x67, 0xee, 0x65, 
	0xe6, 0x25, 0xde, 0x23, 0xee, 0xa7, 0xe6, 0x27, 
	0xe5, 0xe5, 0xdd, 0xe5, 0xde, 0x65, 0xde, 0x25, 
	0xde, 0xa3, 0xe6, 0xa1, 0xee, 0x65, 0xf6, 0x61, 
	0xf6, 0x65, 0xf6, 0x65, 0xe6, 0x63, 0xe6, 0x65, 
	0xdf, 0x25, 0xee, 0xe1, 0xf6, 0xdf, 0xe6, 0x61, 
	0xde, 0xa5, 0xe6, 0xa3, 0xde, 0x9f, 0xde, 0x65, 
	0xf6, 0x25, 0xf6, 0xa7, 0xf6, 0xa7, 0xe6, 0x65, 
	0xe6, 0x25, 0xe6, 0xe9, 0xe6, 0xa9, 0xee, 0xa5, 
	0xf6, 0xa1, 0xe6, 0xa1, 0xee, 0x65, 0xee, 0x67, 
	0xee, 0xab, 0xde, 0xa7, 0xd6, 0x23, 0xde, 0x5f, 
	0xf6, 0xa1, 0xee, 0xe5, 0xed, 0xe3, 0xf6, 0x21, 
	0xee, 0x9f, 0xe6, 0x65, 0xde, 0x65, 0xce, 0x25, 
	0xee, 0x65, 0xee, 0xa1, 0xe6, 0x9b, 0xee, 0x1d, 
	0xee, 0xe1, 0xee, 0x9f, 0xce, 0x21, 0xde, 0xa3, 
	0xee, 0xa7, 0xe5, 0xe3, 0xe6, 0x23, 0xe5, 0xe3, 
	0xed, 0xe1, 0xe6, 0xe5, 0xde, 0xab, 0xee, 0xa7, 
	0xee, 0x25, 0xe6, 0x63, 0xee, 0xa5, 0xe6, 0x29, 
	0xee, 0x67, 0xde, 0xe5, 0xde, 0x61, 0xd6, 0x61, 
	0xee, 0xa3, 0xe6, 0x65, 0xe5, 0xa5, 0xe6, 0x61, 
	0xf6, 0x9d, 0xe6, 0xe1, 0xd6, 0xa3, 0xde, 0x25, 
	0xe6, 0x21, 0xe5, 0xe5, 0xe6, 0x9f, 0xee, 0x1f, 
	0xee, 0x9f, 0xe6, 0x1b, 0xdd, 0xdf, 0xde, 0x5f, 
	0xee, 0x65, 0xed, 0xdf, 0xee, 0x1f, 0xf5, 0xe1, 
	0xee, 0x1f, 0xf6, 0x9f, 0xee, 0xa1, 0xee, 0x65, 
	0xe6, 0x67, 0xe5, 0xe3, 0xe6, 0x63, 0xde, 0x63, 
	0xe6, 0x61, 0xe6, 0xe1, 0xde, 0xe1, 0xde, 0x63, 
	0xe6, 0xe5, 0xe6, 0xa9, 0xee, 0x27, 0xee, 0x25, 
	0xf6, 0x1d, 0xee, 0x5f, 0xd6, 0xa3, 0xe6, 0x65, 
	0xee, 0x5d, 0xe5, 0xe5, 0xe6, 0x61, 0xe6, 0x63, 
	0xde, 0xa1, 0xd6, 0x5f, 0xe6, 0x23, 0xde, 0xa3, 
	0xe6, 0xa5, 0xee, 0x63, 0xde, 0x1f, 0xee, 0x1d, 
	0xe6, 0xdd, 0xe6, 0x5b, 0xee, 0x9d, 0xde, 0x65, 
	0xde, 0x25, 0xed, 0x63, 0xf5, 0xe3, 0xe6, 0x63, 
	0xe6, 0x21, 0xdd, 0x9d, 0xed, 0x5f, 0xee, 0x23, 
	0xe6, 0x61, 0xe6, 0xa1, 0xee, 0x65, 0xf6, 0x63, 
	0xf5, 0xe3, 0xee, 0x25, 0xde, 0x63, 0xe6, 0x25, 
	0xe6, 0x1d, 0xf5, 0xa3, 0xee, 0xa1, 0xf6, 0x61, 
	0xe6, 0xa3, 0xde, 0xa1, 0xe6, 0x25, 0xce, 0xa5, 
	0xde, 0x9f, 0xde, 0x9d, 0xe5, 0xdd, 0xee, 0x1d, 
	0xe6, 0xdd, 0xe6, 0x9d, 0xd6, 0x9f, 0xd6, 0x23, 
	0xde, 0x23, 0xe5, 0xa3, 0xf5, 0xe5, 0xde, 0x25, 
	0xd5, 0xe5, 0xdd, 0x9f, 0xf5, 0x9d, 0xed, 0xe5, 
	0xee, 0xe3, 0xee, 0xe1, 0xee, 0xa5, 0xf6, 0x21, 
	0xf5, 0xe3, 0xee, 0x23, 0xe5, 0xe1, 0xe5, 0x9d, 
	0xee, 0x61, 0xe5, 0xdf, 0xee, 0x61, 0xee, 0x63, 
	0xe6, 0x63, 0xde, 0x63, 0xdd, 0xe3, 0xde, 0x21, 
	0xdd, 0xdd, 0xe5, 0xe1, 0xed, 0xe3, 0xe5, 0xe5, 
	0xf6, 0x25, 0xf6, 0x25, 0xe6, 0x9f, 0xe6, 0x9f, 
	0xde, 0x1f, 0xe5, 0xa1, 0xed, 0x65, 0xe6, 0x25, 
	0xdd, 0xe3, 0xe6, 0x1d, 0xee, 0x1d, 0xde, 0x23, 
	0xde, 0xe3, 0xe6, 0x5f, 0xee, 0x67, 0xed, 0xe7, 
	0xed, 0xa5, 0xf6, 0x25, 0xee, 0x65, 0xee, 0x61, 
	0xee, 0xa1, 0xf6, 0x63, 0xe6, 0x25, 0xed, 0xe5, 
	0xee, 0x25, 0xf5, 0xe5, 0xe5, 0xe1, 0xe6, 0x5d, 
	0xed, 0xdf, 0xde, 0x23, 0xe5, 0xe3, 0xe5, 0xa1, 
	0xf5, 0xe3, 0xee, 0x21, 0xee, 0x1d, 0xd6, 0x21, 
	0xd5, 0xa1, 0xe6, 0x63, 0xe5, 0xdf, 0xf5, 0xe5, 
	0xee, 0x67, 0xf6, 0x63, 0xe6, 0xa5, 0xe6, 0x5f, 
	0xde, 0x1f, 0xe6, 0x5f, 0xee, 0xa5, 0xee, 0xa5, 
	0xee, 0xa5, 0xde, 0xa5, 0xee, 0x61, 0xe5, 0xa1, 
	0xde, 0x25, 0xe6, 0x27, 0xe6, 0x27, 0xee, 0x29, 
	0xe6, 0x27, 0xf6, 0x63, 0xe6, 0x1f, 0xed, 0x9d, 
	0xf5, 0xdf, 0xe5, 0xdf, 0xed, 0xe3, 0xe5, 0xe1, 
	0xed, 0xdd, 0xe6, 0x1f, 0xed, 0xdf, 0xdd, 0xa1, 
	0xe5, 0x5f, 0xee, 0x23, 0xee, 0x21, 0xde, 0x23, 
	0xe6, 0x21, 0xf5, 0xdf, 0xee, 0x25, 0xf6, 0x61, 
	0xee, 0x63, 0xf6, 0x1f, 0xee, 0xe3, 0xf6, 0x9f, 
	0xe6, 0xa5, 0xde, 0x65, 0xde, 0x61, 0xde, 0x21, 
	0xf5, 0xe7, 0xee, 0x65, 0xf6, 0x63, 0xe6, 0x63, 
	0xde, 0x21, 0xe6, 0x1f, 0xed, 0xe3, 0xed, 0xe5, 
	0xf6, 0x23, 0xe5, 0xdf, 0xf6, 0x23, 0xe5, 0xe5, 
	0xe6, 0x5f, 0xd6, 0x5f, 0xee, 0x61, 0xee, 0x1f, 
	0xee, 0x1d, 0xe5, 0xe1, 0xe5, 0xa1, 0xdd, 0xdf, 
	0xde, 0x25, 0xed, 0xdf, 0xed, 0xe5, 0xee, 0x25, 
	0xf5, 0xe5, 0xf5, 0xdf, 0xf6, 0x63, 0xee, 0xa3, 
	0xe6, 0x65, 0xd6, 0x63, 0xee, 0x63, 0xed, 0xa3, 
	0xf5, 0xe5, 0xee, 0x63, 0xf6, 0x5f, 0xee, 0x63, 
	0xee, 0x61, 0xed, 0xe1, 0xf5, 0xe3, 0xed, 0xa3, 
	0xed, 0xe3, 0xe5, 0xe3, 0xe5, 0xe5, 0xdd, 0xa3, 
	0xe5, 0xdd, 0xde, 0x21, 0xdd, 0xe3, 0xdd, 0xdf, 
	0xee, 0x1d, 0xde, 0x21, 0xe5, 0xe5, 0xe6, 0x23, 
	0xde, 0x61, 0xed, 0xe1, 0xed, 0xe5, 0xf5, 0xa5, 
	0xee, 0x23, 0xe6, 0x1f, 0xed, 0xe5, 0xed, 0xe5, 
	0xde, 0x65, 0xd6, 0x65, 0xf6, 0x61, 0xf6, 0x1f, 
	0xee, 0xa3, 0xee, 0x61, 0xf6, 0x23, 0xe6, 0x23, 
	0xe5, 0xe1, 0xe5, 0x9f, 0xed, 0x1f, 0xe5, 0x9f, 
	0xe5, 0xa1, 0xe5, 0xdd, 0xe6, 0x21, 0xd5, 0xa3, 
	0xdd, 0xdf, 0xdd, 0xe1, 0xe5, 0xe1, 0xe5, 0xe3, 
	0xee, 0x21, 0xe6, 0x23, 0xee, 0x63, 0xee, 0x21, 
	0xee, 0x23, 0xf6, 0x23, 0xf6, 0x21, 0xed, 0xa1, 
	0xed, 0xa1, 0xf6, 0x1f, 0xe5, 0xe5, 0xdd, 0xa5, 
	0xde, 0x23, 0xde, 0x23, 0xee, 0x21, 0xf6, 0x1d, 
	0xe6, 0x21, 0xde, 0x21, 0xee, 0x63, 0xe6, 0x25, 
	0xe5, 0xe3, 0xdd, 0xdf, 0xde, 0x1d, 0xdd, 0xdd, 
	0xe6, 0x1f, 0xde, 0x1f, 0xed, 0x9d, 0xe5, 0x61, 
	0xdd, 0xe1, 0xe5, 0xe5, 0xe5, 0xa1, 0xed, 0xe1, 
	0xed, 0xdd, 0xee, 0x1f, 0xee, 0x61, 0xee, 0x23, 
	0xe6, 0x63, 0xee, 0x21, 0xf5, 0xdf, 0xf5, 0xa1, 
	0xf5, 0xa1, 0xf5, 0xdf, 0xed, 0xa5, 0xe5, 0xa5, 
	0xed, 0xdf, 0xee, 0x1d, 0xee, 0x61, 0xe6, 0x21, 
	0xe5, 0x9f, 0xdd, 0xe1, 0xed, 0xe3, 0xed, 0xe3, 
	0xed, 0x9d, 0xe5, 0xe1, 0xdd, 0xdf, 0xe5, 0xdd, 
	0xe5, 0x9f, 0xdd, 0xdd, 0xdd, 0x9f, 0xe5, 0x5f, 
	0xe5, 0xe3, 0xee, 0x23, 0xdd, 0x9f, 0xe5, 0xa1, 
	0xe5, 0xdf, 0xe5, 0xe1, 0xed, 0xe1, 0xed, 0xdf, 
	0xed, 0xa1, 0xed, 0xe1, 0xed, 0x9f, 0xed, 0x23, 
	0xdd, 0x61, 0xdd, 0x9f, 0xe5, 0xe5, 0xed, 0x65, 
	0xee, 0x21, 0xe6, 0x21, 0xde, 0x23, 0xde, 0x1f, 
	0xcd, 0x5f, 0xe5, 0xa3, 0xed, 0xa1, 0xed, 0xdb, 
	0xed, 0x9d, 0xed, 0x9f, 0xee, 0x1f, 0xed, 0xdd, 
	0xdd, 0x9d, 0xd5, 0x5f, 0xe5, 0xa3, 0xed, 0xe3, 
	0xed, 0xe3, 0xed, 0xe1, 0xe5, 0xdd, 0xed, 0xdd, 
	0xed, 0xe1, 0xee, 0x23, 0xe6, 0x23, 0xe5, 0x9f, 
	0xdd, 0xdf, 0xee, 0x23, 0xed, 0xa3, 0xed, 0x63, 
	0xdd, 0x9f, 0xde, 0x1b, 0xe6, 0x1f, 0xe5, 0xe1, 
	0xe5, 0x9d, 0xed, 0xdd, 0xed, 0xdd, 0xde, 0x5f, 
	0xdd, 0x61, 0xdd, 0xe1, 0xe5, 0xdd, 0xf6, 0x1b, 
	0xe5, 0x9b, 0xed, 0x5f, 0xed, 0x61, 0xed, 0x9f, 
	0xd5, 0xdd, 0xdd, 0xdb, 0xe5, 0xdf, 0xe5, 0xa1, 
	0xe5, 0x63, 0xe5, 0x9f, 0xe5, 0x9d, 0xed, 0x9f, 
	0xee, 0x23, 0xe5, 0xe3, 0xe5, 0xdf, 0xed, 0x5b, 
	0xe5, 0x1d, 0xe5, 0x5f, 0xed, 0x5f, 0xed, 0xe3, 
	0xdd, 0xdd, 0xd5, 0x9d, 0xf6, 0x1d, 0xf5, 0xdd, 
	0xed, 0x5b, 0xe5, 0x99, 0xee, 0x1d, 0xed, 0xdf, 
	0xe5, 0x9f, 0xd5, 0xdf, 0xe5, 0x9b, 0xed, 0x99, 
	0xe5, 0x9f, 0xed, 0xe3, 0xe5, 0xa5, 0xe6, 0x21, 
	0xd5, 0xdf, 0xdd, 0xdd, 0xdd, 0xdd, 0xdd, 0x9f, 
	0xdd, 0x9d, 0xe5, 0x9d, 0xe5, 0x5d, 0xe5, 0xe1, 
	0xed, 0xe1, 0xed, 0x9b, 0xed, 0x99, 0xf5, 0x9b, 
	0xf5, 0x1b, 0xed, 0x5b, 0xed, 0x5b, 0xf5, 0x9f, 
	0xdd, 0x9d, 0xe5, 0x5d, 0xe5, 0x9b, 0xee, 0x1d, 
	0xed, 0x9d, 0xed, 0x9d, 0xed, 0xa1, 0xe5, 0x9d, 
	0xe5, 0x5f, 0xe5, 0x9d, 0xed, 0x63, 0xed, 0x9f, 
	0xf6, 0x1d, 0xed, 0xdf, 0xe5, 0xdd, 0xed, 0xdb, 
	0xe5, 0xdd, 0xe5, 0x1d, 0xdd, 0x1d, 0xdd, 0x9d, 
	0xe5, 0x9f, 0xed, 0x1f, 0xec, 0xdd, 0xdd, 0x61, 
	0xe5, 0xdf, 0xe5, 0xdb, 0xe5, 0x99, 0xed, 0xdb, 
	0xed, 0x5b, 0xe5, 0x9d, 0xed, 0x9f, 0xe6, 0x1f, 
	0xdd, 0xdd, 0xe5, 0xdd, 0xd5, 0x9d, 0xdd, 0xdd, 
	0xe5, 0xdd, 0xed, 0x9d, 0xed, 0x61, 0xed, 0xd9, 
	0xed, 0x9b, 0xed, 0x9d, 0xf5, 0xa1, 0xed, 0x9f, 
	0xf5, 0xdd, 0xf6, 0x1d, 0xee, 0x1d, 0xed, 0xdb, 
	0xed, 0x61, 0xf5, 0x1b, 0xe5, 0x1d, 0xd5, 0x5d, 
	0xe5, 0xa1, 0xed, 0x5f, 0xe5, 0x5f, 0xe5, 0x9d, 
	0xd5, 0x1b, 0xdd, 0x99, 0xe5, 0xdb, 0xee, 0x1d, 
	0xed, 0x9b, 0xe5, 0x5b, 0xe5, 0xdb, 0xde, 0x1d, 
	0xd6, 0x1f, 0xe5, 0x9d, 0xdd, 0xdd, 0xdd, 0xdf, 
	0xed, 0xdd, 0xed, 0x9f, 0xf4, 0xdf, 0xe5, 0x59, 
	0xe5, 0xdf, 0xed, 0x5f, 0xf5, 0x61, 0xed, 0x5f, 
	0xe5, 0xa1, 0xed, 0xe1, 0xe5, 0xd9, 0xe6, 0x1b, 
	0xdd, 0xdf, 0xed, 0x99, 0xe5, 0xdb, 0xdd, 0x5d, 
	0xe5, 0x5f, 0xec, 0xdf, 0xed, 0x5b, 0xe5, 0x99, 
	0xdd, 0x9b, 0xe5, 0x9d, 0xed, 0xa1, 0xe5, 0x5f, 
	0xe5, 0x5f, 0xed, 0x5f, 0xed, 0x9d, 0xdd, 0x9b, 
	0xe5, 0xdf, 0xe5, 0x5d, 0xdd, 0x9f, 0xe5, 0x9d, 
	0xed, 0x5d, 0xed, 0x5f, 0xed, 0x1f, 0xe5, 0xdd, 
	0xe5, 0xa1, 0xe5, 0x5f, 0xe5, 0x5d, 0xe5, 0x9d, 
	0xe5, 0xa1, 0xdd, 0x23, 0xdd, 0x9d, 0xe5, 0xdd, 
	0xe5, 0xdf, 0xe5, 0xdd, 0xe5, 0x99, 0xe5, 0x5d, 
	0xed, 0x5b, 0xe5, 0x1f, 0xed, 0x99, 0xed, 0xdd, 
	0xe5, 0x9b, 0xed, 0x9b, 0xe5, 0x9f, 0xe5, 0x61, 
	0xdd, 0x21, 0xed, 0x61, 0xf5, 0x1f, 0xed, 0x61, 
	0xdd, 0x5f, 0xe4, 0xdf, 0xe5, 0x1f, 0xed, 0x9b, 
	0xe5, 0x9d, 0xe5, 0x5d, 0xdd, 0x5b, 0xe4, 0xdb, 
	0xed, 0xdd, 0xed, 0x9b, 0xed, 0x1d, 0xed, 0x9f, 
	0xe5, 0xe1, 0xed, 0x1f, 0xf5, 0x5d, 0xed, 0x9f, 
	0xed, 0xa1, 0xe5, 0x9d, 0xed, 0x5b, 0xdd, 0x5f, 
	0xe5, 0xdb, 0xe5, 0xdb, 0xde, 0x1b, 0xdd, 0x9f, 
	0xe5, 0x1d, 0xe5, 0x9b, 0xe5, 0x9d, 0xdd, 0xa1, 
	0xdd, 0x9f, 0xe5, 0x1f, 0xed, 0x21, 0xdd, 0xdf, 
	0xd5, 0xdd, 0xe5, 0x21, 0xed, 0x61, 0xf5, 0x9d, 
	0xf5, 0xa1, 0xf5, 0xa3, 0xe5, 0xa1, 0xdd, 0x1d, 
	0xed, 0x99, 0xe5, 0x59, 0xed, 0x1b, 0xdd, 0x9b, 
	0xed, 0xdd, 0xed, 0x5d, 0xed, 0x5b, 0xed, 0x5b, 
	0xed, 0x99, 0xdd, 0x17, 0xe5, 0x1b, 0xe5, 0x9d, 
	0xed, 0x9d, 0xf5, 0xdb, 0xf6, 0x19, 0xed, 0xdb, 
	0xe5, 0x5f, 0xe5, 0x9f, 0xed, 0x5d, 0xe5, 0x5d, 
	0xe5, 0x1b, 0xed, 0x5f, 0xed, 0x9f, 0xe5, 0xdd, 
	0xd5, 0xdb, 0xd5, 0xdf, 0xe5, 0x9f, 0xed, 0x5f, 
	0xed, 0x61, 0xe5, 0x61, 0xe5, 0x5d, 0xdd, 0x99, 
	0xed, 0x1d, 0xed, 0x5d, 0xe5, 0x5f, 0xe4, 0xdd, 
	0xed, 0x5d, 0xe5, 0x9b, 0xed, 0x9b, 0xed, 0x5d, 
	0xed, 0x99, 0xe4, 0xd9, 0xe5, 0x17, 0xdd, 0x99, 
	0xe5, 0x9d, 0xe5, 0x9b, 0xed, 0xdd, 0xed, 0xdd, 
	0xe5, 0x9f, 0xed, 0xdf, 0xed, 0x9d, 0xe5, 0x9f, 
	0xe5, 0x9d, 0xf5, 0x9f, 0xe5, 0x1f, 0xdd, 0x1f, 
	0xdd, 0x9f, 0xdd, 0x9d, 0xf5, 0x5b, 0xdd, 0x5d, 
	0xd5, 0x5b, 0xe5, 0x59, 0xed, 0x17, 0xe5, 0x55, 
	
};

Vtx rtresure_rtresure_mesh_layer_1_vtx_0[70] = {
	{{ {973, 0, -448}, 0, {827, 2272}, {94, 94, 94, 255} }},
	{{ {973, 0, -200}, 0, {-483, 2272}, {165, 165, 165, 255} }},
	{{ {973, 560, -200}, 0, {-483, -688}, {175, 175, 175, 255} }},
	{{ {973, 755, -448}, 0, {827, -1718}, {144, 144, 144, 255} }},
	{{ {973, 755, 448}, 0, {-3908, -1718}, {144, 144, 144, 255} }},
	{{ {973, 560, 200}, 0, {-2597, -688}, {175, 175, 175, 255} }},
	{{ {973, 0, 200}, 0, {-2597, 2272}, {165, 165, 165, 255} }},
	{{ {973, 0, 448}, 0, {-3908, 2272}, {94, 94, 94, 255} }},
	{{ {973, 917, 278}, 0, {-3008, -2576}, {131, 131, 131, 255} }},
	{{ {973, 917, -278}, 0, {-72, -2576}, {131, 131, 131, 255} }},
	{{ {204, 0, -448}, 0, {6777, 2272}, {170, 170, 170, 255} }},
	{{ {973, 0, -448}, 0, {10843, 2272}, {94, 94, 94, 255} }},
	{{ {973, 755, -448}, 0, {10843, -1718}, {144, 144, 144, 255} }},
	{{ {204, 755, -448}, 0, {6777, -1718}, {169, 169, 169, 255} }},
	{{ {973, 0, 448}, 0, {10843, 2272}, {94, 94, 94, 255} }},
	{{ {204, 0, 448}, 0, {6777, 2272}, {170, 170, 170, 255} }},
	{{ {204, 755, 448}, 0, {6777, -1718}, {169, 169, 169, 255} }},
	{{ {973, 755, 448}, 0, {10843, -1718}, {144, 144, 144, 255} }},
	{{ {204, 755, -448}, 0, {6777, -1872}, {169, 169, 169, 255} }},
	{{ {973, 755, -448}, 0, {10843, -1872}, {144, 144, 144, 255} }},
	{{ {973, 917, -278}, 0, {10843, -972}, {131, 131, 131, 255} }},
	{{ {204, 917, -278}, 0, {6777, -972}, {187, 187, 187, 255} }},
	{{ {204, 917, 278}, 0, {6777, 1964}, {187, 187, 187, 255} }},
	{{ {973, 917, 278}, 0, {10843, 1964}, {131, 131, 131, 255} }},
	{{ {973, 755, 448}, 0, {10843, 2864}, {144, 144, 144, 255} }},
	{{ {204, 755, 448}, 0, {6777, 2864}, {169, 169, 169, 255} }},
	{{ {-1596, 269, -448}, 0, {-2737, 850}, {207, 207, 207, 255} }},
	{{ {-1788, 269, -448}, 0, {-3752, 850}, {190, 190, 190, 255} }},
	{{ {-1788, 0, -448}, 0, {-3752, 2272}, {129, 129, 129, 255} }},
	{{ {-1596, 0, -448}, 0, {-2737, 2272}, {172, 172, 172, 255} }},
	{{ {-871, 0, -448}, 0, {1096, 2272}, {202, 202, 202, 255} }},
	{{ {-1590, 269, 145}, 0, {-2702, 850}, {252, 252, 252, 255} }},
	{{ {-1788, 269, 277}, 0, {-3752, 850}, {214, 214, 214, 255} }},
	{{ {-1788, 0, 277}, 0, {-3752, 2272}, {148, 148, 148, 255} }},
	{{ {-1590, 0, 145}, 0, {-2702, 2272}, {190, 190, 190, 255} }},
	{{ {-1590, 269, -145}, 0, {-776, 850}, {252, 252, 252, 255} }},
	{{ {-1590, 269, 145}, 0, {-2304, 850}, {252, 252, 252, 255} }},
	{{ {-1590, 0, 145}, 0, {-2304, 2272}, {190, 190, 190, 255} }},
	{{ {-1590, 0, -145}, 0, {-776, 2272}, {190, 190, 190, 255} }},
	{{ {-1788, 269, 448}, 0, {-3752, 850}, {190, 190, 190, 255} }},
	{{ {-1596, 0, 448}, 0, {-2737, 2272}, {172, 172, 172, 255} }},
	{{ {-1788, 0, 448}, 0, {-3752, 2272}, {129, 129, 129, 255} }},
	{{ {-1596, 269, 448}, 0, {-2737, 850}, {207, 207, 207, 255} }},
	{{ {-871, 0, 448}, 0, {1096, 2272}, {202, 202, 202, 255} }},
	{{ {-1788, 269, 277}, 0, {-3002, 850}, {214, 214, 214, 255} }},
	{{ {-1788, 269, 448}, 0, {-3908, 850}, {190, 190, 190, 255} }},
	{{ {-1788, 0, 448}, 0, {-3908, 2272}, {129, 129, 129, 255} }},
	{{ {-1788, 0, 277}, 0, {-3002, 2272}, {148, 148, 148, 255} }},
	{{ {-1788, 269, -448}, 0, {827, 850}, {190, 190, 190, 255} }},
	{{ {-1788, 269, -277}, 0, {-78, 850}, {214, 214, 214, 255} }},
	{{ {-1788, 0, -277}, 0, {-78, 2272}, {148, 148, 148, 255} }},
	{{ {-1788, 0, -448}, 0, {827, 2272}, {129, 129, 129, 255} }},
	{{ {-1788, 269, -277}, 0, {-3752, 850}, {214, 214, 214, 255} }},
	{{ {-1590, 269, -145}, 0, {-2702, 850}, {252, 252, 252, 255} }},
	{{ {-1590, 0, -145}, 0, {-2702, 2272}, {190, 190, 190, 255} }},
	{{ {-1788, 0, -277}, 0, {-3752, 2272}, {148, 148, 148, 255} }},
	{{ {-2805, 327, -277}, 0, {-9124, 541}, {206, 206, 206, 255} }},
	{{ {-2491, 269, -277}, 0, {-7465, 850}, {203, 203, 203, 255} }},
	{{ {-2805, 269, -277}, 0, {-9124, 850}, {162, 162, 162, 255} }},
	{{ {-2491, 327, -277}, 0, {-7465, 541}, {247, 247, 247, 255} }},
	{{ {-2316, 269, -277}, 0, {-6541, 850}, {230, 230, 230, 255} }},
	{{ {-2491, 327, 277}, 0, {-7465, 541}, {247, 247, 247, 255} }},
	{{ {-2805, 327, 277}, 0, {-9124, 541}, {206, 206, 206, 255} }},
	{{ {-2805, 269, 277}, 0, {-9124, 850}, {162, 162, 162, 255} }},
	{{ {-2491, 269, 277}, 0, {-7465, 850}, {203, 203, 203, 255} }},
	{{ {-2316, 269, 277}, 0, {-6541, 850}, {230, 230, 230, 255} }},
	{{ {-2902, 917, -205}, 0, {-9637, -587}, {132, 132, 132, 255} }},
	{{ {-2805, 917, -277}, 0, {-9124, -966}, {186, 186, 186, 255} }},
	{{ {-2805, 917, 277}, 0, {-9124, 1958}, {186, 186, 186, 255} }},
	{{ {-2902, 917, 205}, 0, {-9637, 1579}, {132, 132, 132, 255} }},
};

Gfx rtresure_rtresure_mesh_layer_1_tri_0[] = {
	gsSPVertex(rtresure_rtresure_mesh_layer_1_vtx_0 + 0, 31, 0),
	gsSP2Triangles(0, 1, 2, 0, 0, 2, 3, 0),
	gsSP2Triangles(2, 4, 3, 0, 2, 5, 4, 0),
	gsSP2Triangles(6, 4, 5, 0, 6, 7, 4, 0),
	gsSP2Triangles(3, 4, 8, 0, 3, 8, 9, 0),
	gsSP2Triangles(10, 11, 12, 0, 10, 12, 13, 0),
	gsSP2Triangles(14, 15, 16, 0, 14, 16, 17, 0),
	gsSP2Triangles(18, 19, 20, 0, 18, 20, 21, 0),
	gsSP2Triangles(22, 21, 20, 0, 22, 20, 23, 0),
	gsSP2Triangles(24, 22, 23, 0, 24, 25, 22, 0),
	gsSP2Triangles(26, 27, 28, 0, 26, 28, 29, 0),
	gsSP1Triangle(26, 29, 30, 0),
	gsSPVertex(rtresure_rtresure_mesh_layer_1_vtx_0 + 31, 30, 0),
	gsSP2Triangles(0, 1, 2, 0, 0, 2, 3, 0),
	gsSP2Triangles(4, 5, 6, 0, 4, 6, 7, 0),
	gsSP2Triangles(8, 9, 10, 0, 8, 11, 9, 0),
	gsSP2Triangles(11, 12, 9, 0, 13, 14, 15, 0),
	gsSP2Triangles(13, 15, 16, 0, 17, 18, 19, 0),
	gsSP2Triangles(17, 19, 20, 0, 21, 22, 23, 0),
	gsSP2Triangles(21, 23, 24, 0, 25, 26, 27, 0),
	gsSP2Triangles(25, 28, 26, 0, 28, 29, 26, 0),
	gsSPVertex(rtresure_rtresure_mesh_layer_1_vtx_0 + 61, 9, 0),
	gsSP2Triangles(0, 1, 2, 0, 0, 2, 3, 0),
	gsSP2Triangles(0, 3, 4, 0, 5, 6, 7, 0),
	gsSP1Triangle(5, 7, 8, 0),
	gsSPEndDisplayList(),
};

Vtx rtresure_rtresure_mesh_layer_1_vtx_1[28] = {
	{{ {-1788, 269, -277}, 0, {-3752, -966}, {214, 214, 214, 255} }},
	{{ {-1590, 269, 145}, 0, {-2702, 1260}, {252, 252, 252, 255} }},
	{{ {-1590, 269, -145}, 0, {-2702, -268}, {252, 252, 252, 255} }},
	{{ {-1788, 269, 277}, 0, {-3752, 1958}, {214, 214, 214, 255} }},
	{{ {-2316, 269, -277}, 0, {-6541, -966}, {230, 230, 230, 255} }},
	{{ {-2316, 269, -448}, 0, {-6541, -1872}, {212, 212, 212, 255} }},
	{{ {-1788, 269, -448}, 0, {-3752, -1872}, {190, 190, 190, 255} }},
	{{ {-2316, 269, -869}, 0, {-6541, -4097}, {178, 178, 178, 255} }},
	{{ {-1788, 269, -869}, 0, {-3752, -4097}, {184, 184, 184, 255} }},
	{{ {-1596, 269, -448}, 0, {-2737, -1872}, {207, 207, 207, 255} }},
	{{ {-1596, 269, -869}, 0, {-2737, -4097}, {189, 189, 189, 255} }},
	{{ {-871, 0, -448}, 0, {1096, -1872}, {202, 202, 202, 255} }},
	{{ {-871, 0, -869}, 0, {1096, -4097}, {134, 134, 134, 255} }},
	{{ {-2316, 269, 277}, 0, {-6541, 1958}, {230, 230, 230, 255} }},
	{{ {-2491, 327, -277}, 0, {-7465, -966}, {247, 247, 247, 255} }},
	{{ {-2491, 327, 277}, 0, {-7465, 1958}, {247, 247, 247, 255} }},
	{{ {-2805, 327, -277}, 0, {-9124, -966}, {206, 206, 206, 255} }},
	{{ {-2805, 327, 277}, 0, {-9124, 1958}, {206, 206, 206, 255} }},
	{{ {-2902, 327, -205}, 0, {-9637, -587}, {139, 139, 139, 255} }},
	{{ {-2902, 327, 205}, 0, {-9637, 1579}, {139, 139, 139, 255} }},
	{{ {-1788, 269, 448}, 0, {-3752, 2864}, {190, 190, 190, 255} }},
	{{ {-2316, 269, 448}, 0, {-6541, 2864}, {212, 212, 212, 255} }},
	{{ {-1788, 269, 869}, 0, {-3752, 5089}, {184, 184, 184, 255} }},
	{{ {-2316, 269, 869}, 0, {-6541, 5089}, {178, 178, 178, 255} }},
	{{ {-1596, 269, 869}, 0, {-2737, 5089}, {189, 189, 189, 255} }},
	{{ {-1596, 269, 448}, 0, {-2737, 2864}, {207, 207, 207, 255} }},
	{{ {-871, 0, 869}, 0, {1096, 5089}, {134, 134, 134, 255} }},
	{{ {-871, 0, 448}, 0, {1096, 2864}, {202, 202, 202, 255} }},
};

Gfx rtresure_rtresure_mesh_layer_1_tri_1[] = {
	gsSPVertex(rtresure_rtresure_mesh_layer_1_vtx_1 + 0, 28, 0),
	gsSP2Triangles(0, 1, 2, 0, 0, 3, 1, 0),
	gsSP2Triangles(3, 0, 4, 0, 0, 5, 4, 0),
	gsSP2Triangles(0, 6, 5, 0, 6, 7, 5, 0),
	gsSP2Triangles(6, 8, 7, 0, 9, 8, 6, 0),
	gsSP2Triangles(9, 10, 8, 0, 11, 10, 9, 0),
	gsSP2Triangles(11, 12, 10, 0, 3, 4, 13, 0),
	gsSP2Triangles(13, 4, 14, 0, 13, 14, 15, 0),
	gsSP2Triangles(15, 14, 16, 0, 15, 16, 17, 0),
	gsSP2Triangles(17, 16, 18, 0, 17, 18, 19, 0),
	gsSP2Triangles(20, 3, 13, 0, 20, 13, 21, 0),
	gsSP2Triangles(22, 20, 21, 0, 22, 21, 23, 0),
	gsSP2Triangles(24, 20, 22, 0, 24, 25, 20, 0),
	gsSP2Triangles(26, 25, 24, 0, 26, 27, 25, 0),
	gsSPEndDisplayList(),
};

Vtx rtresure_rtresure_mesh_layer_1_vtx_2[61] = {
	{{ {204, 0, 200}, 0, {6777, 1553}, {206, 206, 206, 255} }},
	{{ {973, 0, 200}, 0, {10843, 1553}, {165, 165, 165, 255} }},
	{{ {973, 0, -200}, 0, {10843, -561}, {165, 165, 165, 255} }},
	{{ {204, 0, -200}, 0, {6777, -561}, {206, 206, 206, 255} }},
	{{ {-871, 0, -200}, 0, {1096, -561}, {212, 212, 212, 255} }},
	{{ {-871, 0, 200}, 0, {1096, 1553}, {212, 212, 212, 255} }},
	{{ {204, 0, -200}, 0, {6777, -561}, {206, 206, 206, 255} }},
	{{ {973, 0, -448}, 0, {10843, -1872}, {94, 94, 94, 255} }},
	{{ {204, 0, -448}, 0, {6777, -1872}, {170, 170, 170, 255} }},
	{{ {-871, 0, -448}, 0, {1096, -1872}, {202, 202, 202, 255} }},
	{{ {204, 0, -869}, 0, {6777, -4097}, {128, 128, 128, 255} }},
	{{ {-871, 0, -869}, 0, {1096, -4097}, {134, 134, 134, 255} }},
	{{ {-871, 0, -200}, 0, {1096, -561}, {212, 212, 212, 255} }},
	{{ {-1596, 0, -448}, 0, {-2737, -1872}, {172, 172, 172, 255} }},
	{{ {-1590, 0, -145}, 0, {-2702, -268}, {190, 190, 190, 255} }},
	{{ {-1788, 0, -448}, 0, {-3752, -1872}, {129, 129, 129, 255} }},
	{{ {-1788, 0, -277}, 0, {-3752, -966}, {148, 148, 148, 255} }},
	{{ {-1590, 0, 145}, 0, {-2702, 1260}, {190, 190, 190, 255} }},
	{{ {-871, 0, 200}, 0, {1096, 1553}, {212, 212, 212, 255} }},
	{{ {-1596, 0, 448}, 0, {-2737, 2864}, {172, 172, 172, 255} }},
	{{ {-1788, 0, 277}, 0, {-3752, 1958}, {148, 148, 148, 255} }},
	{{ {-1788, 0, 448}, 0, {-3752, 2864}, {129, 129, 129, 255} }},
	{{ {-871, 0, 448}, 0, {1096, 2864}, {202, 202, 202, 255} }},
	{{ {204, 0, 448}, 0, {6777, 2864}, {170, 170, 170, 255} }},
	{{ {-871, 0, 869}, 0, {1096, 5089}, {134, 134, 134, 255} }},
	{{ {204, 0, 869}, 0, {6777, 5089}, {128, 128, 128, 255} }},
	{{ {204, 0, 200}, 0, {6777, 1553}, {206, 206, 206, 255} }},
	{{ {973, 0, 448}, 0, {10843, 2864}, {94, 94, 94, 255} }},
	{{ {-2316, 269, 448}, 0, {-6541, 2864}, {212, 212, 212, 255} }},
	{{ {-2316, 269, 277}, 0, {-6541, 1958}, {230, 230, 230, 255} }},
	{{ {-2491, 269, 277}, 0, {-7465, 1958}, {203, 203, 203, 255} }},
	{{ {-2491, 269, 448}, 0, {-7465, 2864}, {178, 178, 178, 255} }},
	{{ {-2491, 269, 448}, 0, {-7465, 2864}, {178, 178, 178, 255} }},
	{{ {-2491, 269, 277}, 0, {-7465, 1958}, {203, 203, 203, 255} }},
	{{ {-2805, 269, 277}, 0, {-9124, 1958}, {162, 162, 162, 255} }},
	{{ {-2805, 269, 448}, 0, {-9124, 2864}, {146, 146, 146, 255} }},
	{{ {-2491, 269, 869}, 0, {-7465, 5089}, {163, 163, 163, 255} }},
	{{ {-2805, 269, 869}, 0, {-9124, 5089}, {0, 0, 0, 255} }},
	{{ {-2316, 269, 869}, 0, {-6541, 5089}, {178, 178, 178, 255} }},
	{{ {-2316, 269, 448}, 0, {-6541, 2864}, {212, 212, 212, 255} }},
	{{ {-2316, 269, -448}, 0, {-6541, -1872}, {212, 212, 212, 255} }},
	{{ {-2316, 269, -869}, 0, {-6541, -4097}, {178, 178, 178, 255} }},
	{{ {-2491, 269, -869}, 0, {-7465, -4097}, {163, 163, 163, 255} }},
	{{ {-2491, 269, -448}, 0, {-7465, -1872}, {178, 178, 178, 255} }},
	{{ {-2805, 269, -869}, 0, {-9124, -4097}, {0, 0, 0, 255} }},
	{{ {-2805, 269, -448}, 0, {-9124, -1872}, {146, 146, 146, 255} }},
	{{ {-2491, 269, -277}, 0, {-7465, -966}, {203, 203, 203, 255} }},
	{{ {-2805, 269, -277}, 0, {-9124, -966}, {162, 162, 162, 255} }},
	{{ {-2316, 269, -277}, 0, {-6541, -966}, {230, 230, 230, 255} }},
	{{ {-2233, 1124, 297}, 0, {-3253, 1690}, {196, 196, 196, 255} }},
	{{ {-2233, 1124, -297}, 0, {-3253, -698}, {196, 196, 196, 255} }},
	{{ {-368, 1124, -297}, 0, {4245, -698}, {196, 196, 196, 255} }},
	{{ {-368, 1124, 297}, 0, {4245, 1690}, {196, 196, 196, 255} }},
	{{ {-2482, 917, -546}, 0, {-4253, -1699}, {201, 201, 201, 255} }},
	{{ {-2482, 917, 546}, 0, {-4253, 2691}, {201, 201, 201, 255} }},
	{{ {-2805, 917, 869}, 0, {-5552, 3990}, {128, 128, 128, 255} }},
	{{ {204, 917, 869}, 0, {6544, 3990}, {165, 165, 165, 255} }},
	{{ {-119, 917, 546}, 0, {5245, 2691}, {200, 200, 200, 255} }},
	{{ {204, 917, -869}, 0, {6544, -2998}, {165, 165, 165, 255} }},
	{{ {-119, 917, -546}, 0, {5245, -1699}, {200, 200, 200, 255} }},
	{{ {-2805, 917, -869}, 0, {-5552, -2998}, {128, 128, 128, 255} }},
};

Gfx rtresure_rtresure_mesh_layer_1_tri_2[] = {
	gsSPVertex(rtresure_rtresure_mesh_layer_1_vtx_2 + 0, 32, 0),
	gsSP2Triangles(0, 1, 2, 0, 0, 2, 3, 0),
	gsSP2Triangles(0, 3, 4, 0, 0, 4, 5, 0),
	gsSP2Triangles(6, 2, 7, 0, 6, 7, 8, 0),
	gsSP2Triangles(6, 8, 9, 0, 9, 8, 10, 0),
	gsSP2Triangles(9, 10, 11, 0, 6, 9, 12, 0),
	gsSP2Triangles(12, 9, 13, 0, 12, 13, 14, 0),
	gsSP2Triangles(15, 14, 13, 0, 15, 16, 14, 0),
	gsSP2Triangles(12, 14, 17, 0, 12, 17, 18, 0),
	gsSP2Triangles(18, 17, 19, 0, 19, 17, 20, 0),
	gsSP2Triangles(19, 20, 21, 0, 18, 19, 22, 0),
	gsSP2Triangles(23, 18, 22, 0, 23, 22, 24, 0),
	gsSP2Triangles(23, 24, 25, 0, 23, 26, 18, 0),
	gsSP2Triangles(1, 26, 23, 0, 1, 23, 27, 0),
	gsSP2Triangles(28, 29, 30, 0, 28, 30, 31, 0),
	gsSPVertex(rtresure_rtresure_mesh_layer_1_vtx_2 + 32, 29, 0),
	gsSP2Triangles(0, 1, 2, 0, 0, 2, 3, 0),
	gsSP2Triangles(4, 0, 3, 0, 4, 3, 5, 0),
	gsSP2Triangles(6, 0, 4, 0, 6, 7, 0, 0),
	gsSP2Triangles(8, 9, 10, 0, 8, 10, 11, 0),
	gsSP2Triangles(11, 10, 12, 0, 11, 12, 13, 0),
	gsSP2Triangles(14, 11, 13, 0, 14, 13, 15, 0),
	gsSP2Triangles(16, 11, 14, 0, 16, 8, 11, 0),
	gsSP2Triangles(17, 18, 19, 0, 17, 19, 20, 0),
	gsSP2Triangles(21, 22, 23, 0, 22, 24, 23, 0),
	gsSP2Triangles(22, 25, 24, 0, 25, 26, 24, 0),
	gsSP2Triangles(25, 27, 26, 0, 27, 28, 26, 0),
	gsSP2Triangles(27, 21, 28, 0, 21, 23, 28, 0),
	gsSPEndDisplayList(),
};

Vtx rtresure_rtresure_mesh_layer_1_vtx_3[28] = {
	{{ {-2902, 327, -205}, 0, {66, 4418}, {139, 139, 139, 255} }},
	{{ {-2805, 327, -277}, 0, {1356, 4418}, {206, 206, 206, 255} }},
	{{ {-2805, 917, -277}, 0, {1356, -3426}, {186, 186, 186, 255} }},
	{{ {-2902, 917, -205}, 0, {66, -3426}, {132, 132, 132, 255} }},
	{{ {-2805, 327, 277}, 0, {1356, 4418}, {206, 206, 206, 255} }},
	{{ {-2902, 327, 205}, 0, {66, 4418}, {139, 139, 139, 255} }},
	{{ {-2902, 917, 205}, 0, {66, -3426}, {132, 132, 132, 255} }},
	{{ {-2805, 917, 277}, 0, {1356, -3426}, {186, 186, 186, 255} }},
	{{ {-2902, 327, 205}, 0, {-2230, 4418}, {139, 139, 139, 255} }},
	{{ {-2902, 327, -205}, 0, {3222, 4418}, {139, 139, 139, 255} }},
	{{ {-2902, 917, -205}, 0, {3222, -3426}, {132, 132, 132, 255} }},
	{{ {-2902, 917, 205}, 0, {-2230, -3426}, {132, 132, 132, 255} }},
	{{ {-2233, 1124, -297}, 0, {2885, -7001}, {196, 196, 196, 255} }},
	{{ {-2233, 1124, 297}, 0, {-1893, -7001}, {196, 196, 196, 255} }},
	{{ {-2482, 917, 546}, 0, {-3895, -9003}, {201, 201, 201, 255} }},
	{{ {-2482, 917, -546}, 0, {4887, -9003}, {201, 201, 201, 255} }},
	{{ {-2233, 1124, 297}, 0, {7993, -1893}, {196, 196, 196, 255} }},
	{{ {-368, 1124, 297}, 0, {-7001, -1893}, {196, 196, 196, 255} }},
	{{ {-119, 917, 546}, 0, {-9003, -3895}, {200, 200, 200, 255} }},
	{{ {-2482, 917, 546}, 0, {9995, -3895}, {201, 201, 201, 255} }},
	{{ {-368, 1124, 297}, 0, {-1893, 7993}, {196, 196, 196, 255} }},
	{{ {-368, 1124, -297}, 0, {2885, 7993}, {196, 196, 196, 255} }},
	{{ {-119, 917, -546}, 0, {4887, 9995}, {200, 200, 200, 255} }},
	{{ {-119, 917, 546}, 0, {-3895, 9995}, {200, 200, 200, 255} }},
	{{ {-368, 1124, -297}, 0, {-7001, 2885}, {196, 196, 196, 255} }},
	{{ {-2233, 1124, -297}, 0, {7993, 2885}, {196, 196, 196, 255} }},
	{{ {-2482, 917, -546}, 0, {9995, 4887}, {201, 201, 201, 255} }},
	{{ {-119, 917, -546}, 0, {-9003, 4887}, {200, 200, 200, 255} }},
};

Gfx rtresure_rtresure_mesh_layer_1_tri_3[] = {
	gsSPVertex(rtresure_rtresure_mesh_layer_1_vtx_3 + 0, 28, 0),
	gsSP2Triangles(0, 1, 2, 0, 0, 2, 3, 0),
	gsSP2Triangles(4, 5, 6, 0, 4, 6, 7, 0),
	gsSP2Triangles(8, 9, 10, 0, 8, 10, 11, 0),
	gsSP2Triangles(12, 13, 14, 0, 12, 14, 15, 0),
	gsSP2Triangles(16, 17, 18, 0, 16, 18, 19, 0),
	gsSP2Triangles(20, 21, 22, 0, 20, 22, 23, 0),
	gsSP2Triangles(24, 25, 26, 0, 24, 26, 27, 0),
	gsSPEndDisplayList(),
};

Vtx rtresure_rtresure_mesh_layer_1_vtx_4[40] = {
	{{ {-2620, 269, 793}, 0, {540, 3039}, {248, 248, 248, 255} }},
	{{ {-2605, 917, 869}, 0, {43, -1087}, {238, 238, 238, 255} }},
	{{ {-2605, 269, 869}, 0, {43, 3039}, {238, 238, 238, 255} }},
	{{ {-2620, 917, 793}, 0, {540, -1087}, {248, 248, 248, 255} }},
	{{ {-2664, 269, 728}, 0, {1037, 3039}, {254, 254, 254, 255} }},
	{{ {-2664, 917, 728}, 0, {1037, -1087}, {254, 254, 254, 255} }},
	{{ {-2728, 269, 684}, 0, {1533, 3039}, {248, 248, 248, 255} }},
	{{ {-2728, 917, 684}, 0, {1533, -1087}, {248, 248, 248, 255} }},
	{{ {-2805, 269, 669}, 0, {2030, 3039}, {238, 238, 238, 255} }},
	{{ {-2805, 917, 669}, 0, {2030, -1087}, {238, 238, 238, 255} }},
	{{ {-2620, 269, -793}, 0, {540, 3039}, {248, 248, 248, 255} }},
	{{ {-2605, 269, -869}, 0, {43, 3039}, {238, 238, 238, 255} }},
	{{ {-2605, 917, -869}, 0, {43, -1087}, {238, 238, 238, 255} }},
	{{ {-2620, 917, -793}, 0, {540, -1087}, {248, 248, 248, 255} }},
	{{ {-2664, 269, -728}, 0, {1037, 3039}, {254, 254, 254, 255} }},
	{{ {-2664, 917, -728}, 0, {1037, -1087}, {254, 254, 254, 255} }},
	{{ {-2728, 269, -684}, 0, {1533, 3039}, {248, 248, 248, 255} }},
	{{ {-2728, 917, -684}, 0, {1533, -1087}, {248, 248, 248, 255} }},
	{{ {-2805, 269, -669}, 0, {2030, 3039}, {238, 238, 238, 255} }},
	{{ {-2805, 917, -669}, 0, {2030, -1087}, {238, 238, 238, 255} }},
	{{ {19, 0, 793}, 0, {540, 3039}, {248, 248, 248, 255} }},
	{{ {4, 0, 869}, 0, {43, 3039}, {238, 238, 238, 255} }},
	{{ {4, 917, 869}, 0, {43, -1087}, {238, 238, 238, 255} }},
	{{ {19, 917, 793}, 0, {540, -1087}, {248, 248, 248, 255} }},
	{{ {62, 0, 728}, 0, {1037, 3039}, {254, 254, 254, 255} }},
	{{ {62, 917, 728}, 0, {1037, -1087}, {254, 254, 254, 255} }},
	{{ {127, 0, 684}, 0, {1533, 3039}, {248, 248, 248, 255} }},
	{{ {127, 917, 684}, 0, {1533, -1087}, {248, 248, 248, 255} }},
	{{ {204, 0, 669}, 0, {2030, 3039}, {238, 238, 238, 255} }},
	{{ {204, 917, 669}, 0, {2030, -1087}, {238, 238, 238, 255} }},
	{{ {19, 0, -793}, 0, {540, 3039}, {248, 248, 248, 255} }},
	{{ {4, 917, -869}, 0, {43, -1087}, {238, 238, 238, 255} }},
	{{ {4, 0, -869}, 0, {43, 3039}, {238, 238, 238, 255} }},
	{{ {19, 917, -793}, 0, {540, -1087}, {248, 248, 248, 255} }},
	{{ {62, 0, -728}, 0, {1037, 3039}, {254, 254, 254, 255} }},
	{{ {62, 917, -728}, 0, {1037, -1087}, {254, 254, 254, 255} }},
	{{ {127, 0, -684}, 0, {1533, 3039}, {248, 248, 248, 255} }},
	{{ {127, 917, -684}, 0, {1533, -1087}, {248, 248, 248, 255} }},
	{{ {204, 0, -669}, 0, {2030, 3039}, {238, 238, 238, 255} }},
	{{ {204, 917, -669}, 0, {2030, -1087}, {238, 238, 238, 255} }},
};

Gfx rtresure_rtresure_mesh_layer_1_tri_4[] = {
	gsSPVertex(rtresure_rtresure_mesh_layer_1_vtx_4 + 0, 30, 0),
	gsSP2Triangles(0, 1, 2, 0, 0, 3, 1, 0),
	gsSP2Triangles(4, 3, 0, 0, 4, 5, 3, 0),
	gsSP2Triangles(6, 5, 4, 0, 6, 7, 5, 0),
	gsSP2Triangles(8, 7, 6, 0, 8, 9, 7, 0),
	gsSP2Triangles(10, 11, 12, 0, 10, 12, 13, 0),
	gsSP2Triangles(14, 10, 13, 0, 14, 13, 15, 0),
	gsSP2Triangles(16, 14, 15, 0, 16, 15, 17, 0),
	gsSP2Triangles(18, 16, 17, 0, 18, 17, 19, 0),
	gsSP2Triangles(20, 21, 22, 0, 20, 22, 23, 0),
	gsSP2Triangles(24, 20, 23, 0, 24, 23, 25, 0),
	gsSP2Triangles(26, 24, 25, 0, 26, 25, 27, 0),
	gsSP2Triangles(28, 26, 27, 0, 28, 27, 29, 0),
	gsSPVertex(rtresure_rtresure_mesh_layer_1_vtx_4 + 30, 10, 0),
	gsSP2Triangles(0, 1, 2, 0, 0, 3, 1, 0),
	gsSP2Triangles(4, 3, 0, 0, 4, 5, 3, 0),
	gsSP2Triangles(6, 5, 4, 0, 6, 7, 5, 0),
	gsSP2Triangles(8, 7, 6, 0, 8, 9, 7, 0),
	gsSPEndDisplayList(),
};

Vtx rtresure_rtresure_mesh_layer_1_vtx_5[54] = {
	{{ {-2805, 269, 869}, 0, {-465, 1427}, {0, 0, 0, 255} }},
	{{ {-2805, 917, 448}, 0, {1, -6}, {163, 163, 163, 255} }},
	{{ {-2805, 917, 869}, 0, {-465, -6}, {128, 128, 128, 255} }},
	{{ {-2805, 269, 448}, 0, {1, 1427}, {146, 146, 146, 255} }},
	{{ {-2805, 917, 277}, 0, {190, -6}, {186, 186, 186, 255} }},
	{{ {-2805, 269, 277}, 0, {190, 1427}, {162, 162, 162, 255} }},
	{{ {-2805, 269, -277}, 0, {802, 1427}, {162, 162, 162, 255} }},
	{{ {-2805, 917, -448}, 0, {991, -6}, {163, 163, 163, 255} }},
	{{ {-2805, 917, -277}, 0, {802, -6}, {186, 186, 186, 255} }},
	{{ {-2805, 269, -448}, 0, {991, 1427}, {146, 146, 146, 255} }},
	{{ {-2805, 917, -869}, 0, {1457, -6}, {128, 128, 128, 255} }},
	{{ {-2805, 269, -869}, 0, {1457, 1427}, {0, 0, 0, 255} }},
	{{ {-2805, 917, -869}, 0, {-1168, -6}, {128, 128, 128, 255} }},
	{{ {-2805, 269, -869}, 0, {-1168, 1427}, {0, 0, 0, 255} }},
	{{ {-2491, 269, -869}, 0, {-820, 1427}, {163, 163, 163, 255} }},
	{{ {-2491, 917, -869}, 0, {-820, -6}, {166, 166, 166, 255} }},
	{{ {-2316, 269, -869}, 0, {-627, 1427}, {178, 178, 178, 255} }},
	{{ {-2316, 917, -869}, 0, {-627, -6}, {210, 210, 210, 255} }},
	{{ {-1788, 269, -869}, 0, {-44, 1427}, {184, 184, 184, 255} }},
	{{ {-1788, 917, -869}, 0, {-44, -6}, {210, 210, 210, 255} }},
	{{ {-1596, 269, -869}, 0, {169, 1427}, {189, 189, 189, 255} }},
	{{ {-1596, 917, -869}, 0, {169, -6}, {172, 172, 172, 255} }},
	{{ {204, 269, -869}, 0, {2160, 1427}, {101, 101, 101, 255} }},
	{{ {204, 0, -869}, 0, {2160, 2022}, {128, 128, 128, 255} }},
	{{ {-871, 0, -869}, 0, {971, 2022}, {134, 134, 134, 255} }},
	{{ {204, 917, -869}, 0, {2160, -6}, {165, 165, 165, 255} }},
	{{ {-2805, 269, 869}, 0, {-1168, 1427}, {0, 0, 0, 255} }},
	{{ {-2805, 917, 869}, 0, {-1168, -6}, {128, 128, 128, 255} }},
	{{ {-2491, 917, 869}, 0, {-820, -6}, {166, 166, 166, 255} }},
	{{ {-2491, 269, 869}, 0, {-820, 1427}, {163, 163, 163, 255} }},
	{{ {-2316, 917, 869}, 0, {-627, -6}, {210, 210, 210, 255} }},
	{{ {-2316, 269, 869}, 0, {-627, 1427}, {178, 178, 178, 255} }},
	{{ {-2316, 269, 869}, 0, {-627, 1427}, {178, 178, 178, 255} }},
	{{ {-2316, 917, 869}, 0, {-627, -6}, {210, 210, 210, 255} }},
	{{ {-1788, 917, 869}, 0, {-44, -6}, {210, 210, 210, 255} }},
	{{ {-1788, 269, 869}, 0, {-44, 1427}, {184, 184, 184, 255} }},
	{{ {-1596, 917, 869}, 0, {169, -6}, {172, 172, 172, 255} }},
	{{ {-1596, 269, 869}, 0, {169, 1427}, {189, 189, 189, 255} }},
	{{ {204, 917, 869}, 0, {2160, -6}, {165, 165, 165, 255} }},
	{{ {204, 269, 869}, 0, {2160, 1427}, {101, 101, 101, 255} }},
	{{ {-871, 0, 869}, 0, {971, 2022}, {134, 134, 134, 255} }},
	{{ {204, 0, 869}, 0, {2160, 2022}, {128, 128, 128, 255} }},
	{{ {204, 0, -869}, 0, {1457, 2022}, {128, 128, 128, 255} }},
	{{ {204, 0, -448}, 0, {991, 2022}, {170, 170, 170, 255} }},
	{{ {204, 269, -869}, 0, {1457, 1427}, {101, 101, 101, 255} }},
	{{ {204, 755, -448}, 0, {991, 353}, {169, 169, 169, 255} }},
	{{ {204, 917, -869}, 0, {1457, -6}, {165, 165, 165, 255} }},
	{{ {204, 917, -278}, 0, {803, -6}, {187, 187, 187, 255} }},
	{{ {204, 917, 278}, 0, {189, -6}, {187, 187, 187, 255} }},
	{{ {204, 755, 448}, 0, {1, 353}, {169, 169, 169, 255} }},
	{{ {204, 917, 869}, 0, {-465, -6}, {165, 165, 165, 255} }},
	{{ {204, 0, 448}, 0, {1, 2022}, {170, 170, 170, 255} }},
	{{ {204, 269, 869}, 0, {-465, 1427}, {101, 101, 101, 255} }},
	{{ {204, 0, 869}, 0, {-465, 2022}, {128, 128, 128, 255} }},
};

Gfx rtresure_rtresure_mesh_layer_1_tri_5[] = {
	gsSPVertex(rtresure_rtresure_mesh_layer_1_vtx_5 + 0, 32, 0),
	gsSP2Triangles(0, 1, 2, 0, 0, 3, 1, 0),
	gsSP2Triangles(3, 4, 1, 0, 3, 5, 4, 0),
	gsSP2Triangles(6, 7, 8, 0, 6, 9, 7, 0),
	gsSP2Triangles(9, 10, 7, 0, 9, 11, 10, 0),
	gsSP2Triangles(12, 13, 14, 0, 12, 14, 15, 0),
	gsSP2Triangles(15, 14, 16, 0, 15, 16, 17, 0),
	gsSP2Triangles(17, 16, 18, 0, 17, 18, 19, 0),
	gsSP2Triangles(19, 18, 20, 0, 19, 20, 21, 0),
	gsSP2Triangles(21, 20, 22, 0, 23, 22, 20, 0),
	gsSP2Triangles(23, 20, 24, 0, 21, 22, 25, 0),
	gsSP2Triangles(26, 27, 28, 0, 26, 28, 29, 0),
	gsSP2Triangles(29, 28, 30, 0, 29, 30, 31, 0),
	gsSPVertex(rtresure_rtresure_mesh_layer_1_vtx_5 + 32, 22, 0),
	gsSP2Triangles(0, 1, 2, 0, 0, 2, 3, 0),
	gsSP2Triangles(3, 2, 4, 0, 3, 4, 5, 0),
	gsSP2Triangles(5, 4, 6, 0, 5, 6, 7, 0),
	gsSP2Triangles(8, 5, 7, 0, 8, 7, 9, 0),
	gsSP2Triangles(10, 11, 12, 0, 13, 12, 11, 0),
	gsSP2Triangles(13, 14, 12, 0, 13, 15, 14, 0),
	gsSP2Triangles(16, 17, 18, 0, 19, 18, 17, 0),
	gsSP2Triangles(19, 20, 18, 0, 19, 21, 20, 0),
	gsSPEndDisplayList(),
};

Vtx rtresure_rtresure_mesh_layer_4_vtx_0[20] = {
	{{ {-871, 0, 448}, 0, {-15479, 1008}, {202, 202, 202, 255} }},
	{{ {-1596, 369, 448}, 0, {-7561, -16}, {215, 215, 215, 255} }},
	{{ {-871, 100, 448}, 0, {-15479, -16}, {215, 215, 215, 255} }},
	{{ {-1596, 269, 448}, 0, {-7561, 1008}, {207, 207, 207, 255} }},
	{{ {-1788, 369, 448}, 0, {-5594, -16}, {182, 182, 182, 255} }},
	{{ {-1788, 269, 448}, 0, {-5594, 1008}, {190, 190, 190, 255} }},
	{{ {-1788, 369, 277}, 0, {-3840, -16}, {206, 206, 206, 255} }},
	{{ {-1788, 269, 277}, 0, {-3840, 1008}, {214, 214, 214, 255} }},
	{{ {-1590, 369, 145}, 0, {-1398, -16}, {255, 255, 255, 255} }},
	{{ {-1590, 269, 145}, 0, {-1398, 1008}, {252, 252, 252, 255} }},
	{{ {-1590, 369, -145}, 0, {1562, -16}, {255, 255, 255, 255} }},
	{{ {-1590, 269, -145}, 0, {1562, 1008}, {252, 252, 252, 255} }},
	{{ {-1788, 369, -277}, 0, {4005, -16}, {206, 206, 206, 255} }},
	{{ {-1788, 269, -277}, 0, {4005, 1008}, {214, 214, 214, 255} }},
	{{ {-1788, 369, -448}, 0, {5758, -16}, {182, 182, 182, 255} }},
	{{ {-1788, 269, -448}, 0, {5758, 1008}, {190, 190, 190, 255} }},
	{{ {-1596, 369, -448}, 0, {7725, -16}, {215, 215, 215, 255} }},
	{{ {-1596, 269, -448}, 0, {7725, 1008}, {207, 207, 207, 255} }},
	{{ {-871, 100, -448}, 0, {15643, -16}, {215, 215, 215, 255} }},
	{{ {-871, 0, -448}, 0, {15643, 1008}, {202, 202, 202, 255} }},
};

Gfx rtresure_rtresure_mesh_layer_4_tri_0[] = {
	gsSPVertex(rtresure_rtresure_mesh_layer_4_vtx_0 + 0, 20, 0),
	gsSP2Triangles(0, 1, 2, 0, 0, 3, 1, 0),
	gsSP2Triangles(3, 4, 1, 0, 3, 5, 4, 0),
	gsSP2Triangles(5, 6, 4, 0, 5, 7, 6, 0),
	gsSP2Triangles(7, 8, 6, 0, 7, 9, 8, 0),
	gsSP2Triangles(9, 10, 8, 0, 9, 11, 10, 0),
	gsSP2Triangles(11, 12, 10, 0, 11, 13, 12, 0),
	gsSP2Triangles(13, 14, 12, 0, 13, 15, 14, 0),
	gsSP2Triangles(15, 16, 14, 0, 15, 17, 16, 0),
	gsSP2Triangles(17, 18, 16, 0, 17, 19, 18, 0),
	gsSPEndDisplayList(),
};


Gfx mat_rtresure_f3dlite_material_009[] = {
	gsSPClearGeometryMode(G_LIGHTING),
	gsDPPipeSync(),
	gsDPSetCombineLERP(TEXEL0, 0, SHADE, 0, ENVIRONMENT, 0, SHADE, 0, TEXEL0, 0, SHADE, 0, ENVIRONMENT, 0, SHADE, 0),
	gsDPSetAlphaDither(G_AD_NOISE),
	gsDPSetTextureLUT(G_TT_RGBA16),
	gsSPTexture(65535, 65535, 0, 0, 1),
	gsDPSetTextureImage(G_IM_FMT_RGBA, G_IM_SIZ_16b, 1, rtresure_brick2_pal_rgba16),
	gsDPSetTile(0, 0, 0, 256, 5, 0, G_TX_WRAP | G_TX_NOMIRROR, 0, 0, G_TX_WRAP | G_TX_NOMIRROR, 0, 0),
	gsDPLoadTLUTCmd(5, 40),
	gsDPSetTextureImage(G_IM_FMT_CI, G_IM_SIZ_8b_LOAD_BLOCK, 1, rtresure_brick2_ci8),
	gsDPSetTile(G_IM_FMT_CI, G_IM_SIZ_8b_LOAD_BLOCK, 0, 0, 7, 0, G_TX_WRAP | G_TX_NOMIRROR, 0, 0, G_TX_WRAP | G_TX_NOMIRROR, 0, 0),
	gsDPLoadBlock(7, 0, 0, 511, 512),
	gsDPSetTile(G_IM_FMT_CI, G_IM_SIZ_8b, 4, 0, 0, 0, G_TX_WRAP | G_TX_NOMIRROR, 5, 0, G_TX_WRAP | G_TX_NOMIRROR, 5, 0),
	gsDPSetTileSize(0, 0, 0, 124, 124),
	gsSPEndDisplayList(),
};

Gfx mat_revert_rtresure_f3dlite_material_009[] = {
	gsSPSetGeometryMode(G_LIGHTING),
	gsDPPipeSync(),
	gsDPSetAlphaDither(G_AD_DISABLE),
	gsDPSetTextureLUT(G_TT_NONE),
	gsSPEndDisplayList(),
};

Gfx mat_rtresure_f3dlite_material_003[] = {
	gsSPClearGeometryMode(G_LIGHTING),
	gsDPPipeSync(),
	gsDPSetCombineLERP(TEXEL0, 0, SHADE, 0, ENVIRONMENT, 0, SHADE, 0, TEXEL0, 0, SHADE, 0, ENVIRONMENT, 0, SHADE, 0),
	gsDPSetAlphaDither(G_AD_NOISE),
	gsDPSetTextureLUT(G_TT_RGBA16),
	gsSPTexture(65535, 65535, 0, 0, 1),
	gsDPSetTextureImage(G_IM_FMT_RGBA, G_IM_SIZ_16b, 1, rtresure_carpet_pal_rgba16),
	gsDPSetTile(0, 0, 0, 256, 5, 0, G_TX_WRAP | G_TX_NOMIRROR, 0, 0, G_TX_WRAP | G_TX_NOMIRROR, 0, 0),
	gsDPLoadTLUTCmd(5, 3),
	gsDPSetTextureImage(G_IM_FMT_CI, G_IM_SIZ_16b, 1, rtresure_carpet_ci4),
	gsDPSetTile(G_IM_FMT_CI, G_IM_SIZ_16b, 0, 0, 7, 0, G_TX_WRAP | G_TX_NOMIRROR, 0, 0, G_TX_WRAP | G_TX_NOMIRROR, 0, 0),
	gsDPLoadBlock(7, 0, 0, 255, 1024),
	gsDPSetTile(G_IM_FMT_CI, G_IM_SIZ_4b, 2, 0, 0, 0, G_TX_WRAP | G_TX_NOMIRROR, 5, 0, G_TX_WRAP | G_TX_NOMIRROR, 5, 0),
	gsDPSetTileSize(0, 0, 0, 124, 124),
	gsSPEndDisplayList(),
};

Gfx mat_revert_rtresure_f3dlite_material_003[] = {
	gsSPSetGeometryMode(G_LIGHTING),
	gsDPPipeSync(),
	gsDPSetAlphaDither(G_AD_DISABLE),
	gsDPSetTextureLUT(G_TT_NONE),
	gsSPEndDisplayList(),
};

Gfx mat_rtresure_f3dlite_material_001[] = {
	gsSPClearGeometryMode(G_LIGHTING),
	gsDPPipeSync(),
	gsDPSetCombineLERP(TEXEL0, 0, SHADE, 0, ENVIRONMENT, 0, SHADE, 0, TEXEL0, 0, SHADE, 0, ENVIRONMENT, 0, SHADE, 0),
	gsDPSetAlphaDither(G_AD_NOISE),
	gsDPSetTextureLUT(G_TT_RGBA16),
	gsSPTexture(65535, 65535, 0, 0, 1),
	gsDPSetTextureImage(G_IM_FMT_RGBA, G_IM_SIZ_16b, 1, rtresure_itimatu2_pal_rgba16),
	gsDPSetTile(0, 0, 0, 256, 5, 0, G_TX_WRAP | G_TX_NOMIRROR, 0, 0, G_TX_WRAP | G_TX_NOMIRROR, 0, 0),
	gsDPLoadTLUTCmd(5, 25),
	gsDPSetTextureImage(G_IM_FMT_CI, G_IM_SIZ_8b_LOAD_BLOCK, 1, rtresure_itimatu2_ci8),
	gsDPSetTile(G_IM_FMT_CI, G_IM_SIZ_8b_LOAD_BLOCK, 0, 0, 7, 0, G_TX_WRAP | G_TX_NOMIRROR, 0, 0, G_TX_WRAP | G_TX_NOMIRROR, 0, 0),
	gsDPLoadBlock(7, 0, 0, 511, 512),
	gsDPSetTile(G_IM_FMT_CI, G_IM_SIZ_8b, 4, 0, 0, 0, G_TX_WRAP | G_TX_NOMIRROR, 5, 0, G_TX_WRAP | G_TX_NOMIRROR, 5, 0),
	gsDPSetTileSize(0, 0, 0, 124, 124),
	gsSPEndDisplayList(),
};

Gfx mat_revert_rtresure_f3dlite_material_001[] = {
	gsSPSetGeometryMode(G_LIGHTING),
	gsDPPipeSync(),
	gsDPSetAlphaDither(G_AD_DISABLE),
	gsDPSetTextureLUT(G_TT_NONE),
	gsSPEndDisplayList(),
};

Gfx mat_rtresure_f3dlite_material_007[] = {
	gsSPClearGeometryMode(G_CULL_BACK | G_LIGHTING),
	gsDPPipeSync(),
	gsDPSetCombineLERP(TEXEL0, 0, SHADE, 0, 0, 0, 0, TEXEL0, TEXEL0, 0, SHADE, 0, 0, 0, 0, TEXEL0),
	gsDPSetAlphaDither(G_AD_NOISE),
	gsDPSetTextureLUT(G_TT_RGBA16),
	gsSPTexture(65535, 65535, 0, 0, 1),
	gsDPSetTextureImage(G_IM_FMT_RGBA, G_IM_SIZ_16b, 1, rtresure_Fence_pal_rgba16),
	gsDPSetTile(0, 0, 0, 256, 5, 0, G_TX_WRAP | G_TX_NOMIRROR, 0, 0, G_TX_WRAP | G_TX_NOMIRROR, 0, 0),
	gsDPLoadTLUTCmd(5, 111),
	gsDPSetTextureImage(G_IM_FMT_CI, G_IM_SIZ_8b_LOAD_BLOCK, 1, rtresure_Fence_ci8),
	gsDPSetTile(G_IM_FMT_CI, G_IM_SIZ_8b_LOAD_BLOCK, 0, 0, 7, 0, G_TX_WRAP | G_TX_NOMIRROR, 0, 0, G_TX_WRAP | G_TX_NOMIRROR, 0, 0),
	gsDPLoadBlock(7, 0, 0, 511, 512),
	gsDPSetTile(G_IM_FMT_CI, G_IM_SIZ_8b, 4, 0, 0, 0, G_TX_CLAMP | G_TX_NOMIRROR, 5, 0, G_TX_WRAP | G_TX_NOMIRROR, 5, 0),
	gsDPSetTileSize(0, 0, 0, 124, 124),
	gsSPEndDisplayList(),
};

Gfx mat_revert_rtresure_f3dlite_material_007[] = {
	gsSPSetGeometryMode(G_CULL_BACK | G_LIGHTING),
	gsDPPipeSync(),
	gsDPSetAlphaDither(G_AD_DISABLE),
	gsDPSetTextureLUT(G_TT_NONE),
	gsSPEndDisplayList(),
};

Gfx mat_rtresure_f3dlite_material_005[] = {
	gsSPClearGeometryMode(G_LIGHTING),
	gsDPPipeSync(),
	gsDPSetCombineLERP(TEXEL0, 0, SHADE, 0, ENVIRONMENT, 0, SHADE, 0, TEXEL0, 0, SHADE, 0, ENVIRONMENT, 0, SHADE, 0),
	gsDPSetAlphaDither(G_AD_NOISE),
	gsDPSetTextureLUT(G_TT_RGBA16),
	gsSPTexture(65535, 65535, 0, 0, 1),
	gsDPSetTextureImage(G_IM_FMT_RGBA, G_IM_SIZ_16b, 1, rtresure_brick_pal_rgba16),
	gsDPSetTile(0, 0, 0, 256, 5, 0, G_TX_WRAP | G_TX_NOMIRROR, 0, 0, G_TX_WRAP | G_TX_NOMIRROR, 0, 0),
	gsDPLoadTLUTCmd(5, 245),
	gsDPSetTextureImage(G_IM_FMT_CI, G_IM_SIZ_8b_LOAD_BLOCK, 1, rtresure_brick_ci8),
	gsDPSetTile(G_IM_FMT_CI, G_IM_SIZ_8b_LOAD_BLOCK, 0, 0, 7, 0, G_TX_WRAP | G_TX_NOMIRROR, 0, 0, G_TX_WRAP | G_TX_NOMIRROR, 0, 0),
	gsDPLoadBlock(7, 0, 0, 511, 512),
	gsDPSetTile(G_IM_FMT_CI, G_IM_SIZ_8b, 4, 0, 0, 0, G_TX_WRAP | G_TX_NOMIRROR, 5, 0, G_TX_WRAP | G_TX_NOMIRROR, 5, 0),
	gsDPSetTileSize(0, 0, 0, 124, 124),
	gsSPEndDisplayList(),
};

Gfx mat_revert_rtresure_f3dlite_material_005[] = {
	gsSPSetGeometryMode(G_LIGHTING),
	gsDPPipeSync(),
	gsDPSetAlphaDither(G_AD_DISABLE),
	gsDPSetTextureLUT(G_TT_NONE),
	gsSPEndDisplayList(),
};

Gfx mat_rtresure_pillar[] = {
	gsSPClearGeometryMode(G_LIGHTING),
	gsDPPipeSync(),
	gsDPSetCombineLERP(TEXEL0, 0, SHADE, 0, ENVIRONMENT, 0, SHADE, 0, TEXEL0, 0, SHADE, 0, ENVIRONMENT, 0, SHADE, 0),
	gsDPSetAlphaDither(G_AD_NOISE),
	gsSPTexture(65535, 65535, 0, 0, 1),
	gsDPSetTextureImage(G_IM_FMT_I, G_IM_SIZ_8b_LOAD_BLOCK, 1, rtresure_uzu_i8),
	gsDPSetTile(G_IM_FMT_I, G_IM_SIZ_8b_LOAD_BLOCK, 0, 0, 7, 0, G_TX_WRAP | G_TX_NOMIRROR, 0, 0, G_TX_WRAP | G_TX_NOMIRROR, 0, 0),
	gsDPLoadBlock(7, 0, 0, 2047, 256),
	gsDPSetTile(G_IM_FMT_I, G_IM_SIZ_8b, 8, 0, 0, 0, G_TX_WRAP | G_TX_NOMIRROR, 6, 0, G_TX_WRAP | G_TX_NOMIRROR, 6, 0),
	gsDPSetTileSize(0, 0, 0, 252, 252),
	gsSPEndDisplayList(),
};

Gfx mat_revert_rtresure_pillar[] = {
	gsSPSetGeometryMode(G_LIGHTING),
	gsDPPipeSync(),
	gsDPSetAlphaDither(G_AD_DISABLE),
	gsSPEndDisplayList(),
};

Gfx mat_rtresure_f3dlite_material_013[] = {
	gsSPClearGeometryMode(G_LIGHTING),
	gsDPPipeSync(),
	gsDPSetCombineLERP(TEXEL0, 0, SHADE, 0, ENVIRONMENT, 0, SHADE, 0, TEXEL0, 0, SHADE, 0, ENVIRONMENT, 0, SHADE, 0),
	gsDPSetAlphaDither(G_AD_NOISE),
	gsSPTexture(65535, 65535, 0, 0, 1),
	gsDPSetTextureImage(G_IM_FMT_RGBA, G_IM_SIZ_16b_LOAD_BLOCK, 1, rtresure_stucco_rgba16),
	gsDPSetTile(G_IM_FMT_RGBA, G_IM_SIZ_16b_LOAD_BLOCK, 0, 0, 7, 0, G_TX_WRAP | G_TX_NOMIRROR, 0, 0, G_TX_WRAP | G_TX_NOMIRROR, 0, 0),
	gsDPLoadBlock(7, 0, 0, 2047, 256),
	gsDPSetTile(G_IM_FMT_RGBA, G_IM_SIZ_16b, 8, 0, 0, 0, G_TX_WRAP | G_TX_NOMIRROR, 6, 0, G_TX_WRAP | G_TX_NOMIRROR, 5, 0),
	gsDPSetTileSize(0, 0, 0, 124, 252),
	gsSPEndDisplayList(),
};

Gfx mat_revert_rtresure_f3dlite_material_013[] = {
	gsSPSetGeometryMode(G_LIGHTING),
	gsDPPipeSync(),
	gsDPSetAlphaDither(G_AD_DISABLE),
	gsSPEndDisplayList(),
};

Gfx rtresure_rtresure_mesh_layer_1[] = {
	gsSPDisplayList(mat_rtresure_f3dlite_material_009),
	gsSPDisplayList(rtresure_rtresure_mesh_layer_1_tri_0),
	gsSPDisplayList(mat_revert_rtresure_f3dlite_material_009),
	gsSPDisplayList(mat_rtresure_f3dlite_material_003),
	gsSPDisplayList(rtresure_rtresure_mesh_layer_1_tri_1),
	gsSPDisplayList(mat_revert_rtresure_f3dlite_material_003),
	gsSPDisplayList(mat_rtresure_f3dlite_material_001),
	gsSPDisplayList(rtresure_rtresure_mesh_layer_1_tri_2),
	gsSPDisplayList(mat_revert_rtresure_f3dlite_material_001),
	gsSPDisplayList(mat_rtresure_f3dlite_material_005),
	gsSPDisplayList(rtresure_rtresure_mesh_layer_1_tri_3),
	gsSPDisplayList(mat_revert_rtresure_f3dlite_material_005),
	gsSPDisplayList(mat_rtresure_pillar),
	gsSPDisplayList(rtresure_rtresure_mesh_layer_1_tri_4),
	gsSPDisplayList(mat_revert_rtresure_pillar),
	gsSPDisplayList(mat_rtresure_f3dlite_material_013),
	gsSPDisplayList(rtresure_rtresure_mesh_layer_1_tri_5),
	gsSPDisplayList(mat_revert_rtresure_f3dlite_material_013),
	gsDPPipeSync(),
	gsSPSetGeometryMode(G_LIGHTING),
	gsSPClearGeometryMode(G_TEXTURE_GEN),
	gsDPSetCombineLERP(0, 0, 0, SHADE, 0, 0, 0, ENVIRONMENT, 0, 0, 0, SHADE, 0, 0, 0, ENVIRONMENT),
	gsSPTexture(65535, 65535, 0, 0, 0),
	gsDPSetEnvColor(255, 255, 255, 255),
	gsDPSetAlphaCompare(G_AC_NONE),
	gsSPEndDisplayList(),
};

Gfx rtresure_rtresure_mesh_layer_4[] = {
	gsSPDisplayList(mat_rtresure_f3dlite_material_007),
	gsSPDisplayList(rtresure_rtresure_mesh_layer_4_tri_0),
	gsSPDisplayList(mat_revert_rtresure_f3dlite_material_007),
	gsDPPipeSync(),
	gsSPSetGeometryMode(G_LIGHTING),
	gsSPClearGeometryMode(G_TEXTURE_GEN),
	gsDPSetCombineLERP(0, 0, 0, SHADE, 0, 0, 0, ENVIRONMENT, 0, 0, 0, SHADE, 0, 0, 0, ENVIRONMENT),
	gsSPTexture(65535, 65535, 0, 0, 0),
	gsDPSetEnvColor(255, 255, 255, 255),
	gsDPSetAlphaCompare(G_AC_NONE),
	gsSPEndDisplayList(),
};

