Gfx rf_end_lunaticimitatorsymbol_i8_aligner[] = {gsSPEndDisplayList()};
u8 rf_end_lunaticimitatorsymbol_i8[] = {
	0xa6, 0xab, 0xaa, 0xa6, 0xa7, 0xa6, 0xa6, 0xa6, 
	0xa6, 0xa6, 0xa7, 0xa8, 0xad, 0xac, 0xac, 0xae, 
	0xb0, 0xac, 0xac, 0xaf, 0xae, 0xab, 0xa8, 0xa6, 
	0xa7, 0xa8, 0xa7, 0xa6, 0xa6, 0xa5, 0xaa, 0xa8, 
	0xac, 0xaf, 0xac, 0xac, 0xaa, 0xab, 0xaa, 0xa7, 
	0xa8, 0xa9, 0xa9, 0xa5, 0xa7, 0xa7, 0xa5, 0xa7, 
	0xaa, 0xa7, 0xaa, 0xaa, 0xa8, 0xaa, 0xaa, 0xa8, 
	0xa8, 0xa8, 0xa5, 0xa5, 0xa8, 0xac, 0xab, 0xab, 
	0xb1, 0xab, 0xad, 0xa8, 0xa8, 0xa8, 0xa8, 0xab, 
	0xab, 0xa9, 0xab, 0xaa, 0xad, 0xad, 0xaf, 0xb0, 
	0xae, 0xaf, 0xae, 0xb0, 0xaf, 0xae, 0xa9, 0xa9, 
	0xa9, 0xaa, 0xab, 0xa9, 0xa9, 0xaa, 0xaa, 0xac, 
	0xad, 0xb1, 0xb0, 0xaf, 0xae, 0xae, 0xab, 0xa9, 
	0xa9, 0xab, 0xa9, 0xa8, 0xa9, 0xa8, 0xa9, 0xaa, 
	0xaa, 0xa9, 0xaa, 0xa7, 0xa7, 0xa8, 0xa7, 0xa6, 
	0xa6, 0xa6, 0xaa, 0xaa, 0xaa, 0xb0, 0xaf, 0xac, 
	0xaa, 0xa6, 0xa7, 0xa3, 0xa4, 0xa5, 0xa4, 0xa6, 
	0xa7, 0xa5, 0xa6, 0xa8, 0xa6, 0xa6, 0xa6, 0xa5, 
	0xa5, 0xa5, 0xa9, 0xab, 0xaa, 0xa7, 0xa6, 0xa7, 
	0xa4, 0xa8, 0xa8, 0xa5, 0xa6, 0xa3, 0xa4, 0xa4, 
	0xa5, 0xa9, 0xaa, 0xa7, 0xa6, 0xa3, 0xa2, 0xa0, 
	0x9f, 0x9d, 0x9e, 0x9b, 0x99, 0x9c, 0x97, 0x97, 
	0x99, 0x90, 0x89, 0x95, 0x95, 0x9a, 0x9c, 0x9c, 
	0x9d, 0x9d, 0xa4, 0xa5, 0xa4, 0xa5, 0xa6, 0xa3, 
	0x9f, 0x9c, 0x9e, 0x9d, 0x9d, 0x9d, 0x9d, 0x9d, 
	0x9c, 0x9d, 0x9c, 0x9e, 0xa0, 0x9f, 0x9c, 0x9c, 
	0x9d, 0x9c, 0x9e, 0x9e, 0xa0, 0xa0, 0xa1, 0xa1, 
	0x9f, 0x9f, 0xa0, 0x9f, 0x99, 0x97, 0x95, 0x96, 
	0x95, 0x97, 0x96, 0x93, 0x91, 0x90, 0x8f, 0x89, 
	0x89, 0x8f, 0x93, 0x91, 0x92, 0x91, 0x92, 0x90, 
	0x86, 0x66, 0x6e, 0x8b, 0x8e, 0x90, 0x91, 0x94, 
	0x95, 0x9a, 0x9b, 0x9f, 0x9f, 0x9d, 0x9d, 0x9b, 
	0x93, 0x92, 0x93, 0x92, 0x93, 0x93, 0x92, 0x92, 
	0x93, 0x92, 0x91, 0x92, 0x91, 0x92, 0x91, 0x90, 
	0x8f, 0x8e, 0x8d, 0x8d, 0x8f, 0x90, 0x90, 0x91, 
	0x90, 0x90, 0x92, 0x8e, 0x8a, 0x89, 0x89, 0x8b, 
	0x88, 0x89, 0x88, 0x87, 0x88, 0x89, 0x89, 0x7a, 
	0x61, 0x6c, 0x78, 0x80, 0x88, 0x8e, 0x91, 0x7f, 
	0x60, 0x4e, 0x50, 0x5b, 0x57, 0x5e, 0x65, 0x76, 
	0x82, 0x82, 0x7b, 0x76, 0x8e, 0x93, 0x92, 0x95, 
	0x87, 0x83, 0x85, 0x85, 0x84, 0x84, 0x85, 0x82, 
	0x83, 0x81, 0x81, 0x80, 0x80, 0x81, 0x84, 0x82, 
	0x82, 0x7e, 0x7f, 0x7f, 0x81, 0x81, 0x84, 0x85, 
	0x84, 0x85, 0x86, 0x83, 0x7e, 0x7f, 0x80, 0x7f, 
	0x7e, 0x7d, 0x7d, 0x7e, 0x7e, 0x7d, 0x7d, 0x72, 
	0x54, 0x4b, 0x47, 0x44, 0x4c, 0x63, 0x6e, 0x54, 
	0x45, 0x43, 0x40, 0x3c, 0x38, 0x37, 0x3a, 0x36, 
	0x36, 0x34, 0x32, 0x48, 0x7d, 0x83, 0x84, 0x86, 
	0x6c, 0x69, 0x6c, 0x6c, 0x6b, 0x6f, 0x6f, 0x6d, 
	0x6c, 0x6a, 0x6a, 0x6a, 0x69, 0x6c, 0x6d, 0x6b, 
	0x69, 0x67, 0x66, 0x64, 0x63, 0x62, 0x61, 0x64, 
	0x63, 0x62, 0x62, 0x61, 0x5f, 0x5d, 0x5d, 0x5b, 
	0x59, 0x58, 0x58, 0x56, 0x54, 0x53, 0x52, 0x52, 
	0x4e, 0x49, 0x44, 0x42, 0x3f, 0x3f, 0x3c, 0x3a, 
	0x37, 0x38, 0x39, 0x36, 0x34, 0x36, 0x34, 0x31, 
	0x31, 0x31, 0x31, 0x57, 0x69, 0x67, 0x6a, 0x6a, 
	0x4a, 0x48, 0x4b, 0x4c, 0x4d, 0x4d, 0x4e, 0x4c, 
	0x4b, 0x4b, 0x4a, 0x4b, 0x4c, 0x4d, 0x4e, 0x4d, 
	0x4b, 0x4a, 0x49, 0x48, 0x47, 0x46, 0x46, 0x48, 
	0x49, 0x49, 0x48, 0x46, 0x46, 0x45, 0x46, 0x46, 
	0x46, 0x45, 0x46, 0x46, 0x45, 0x45, 0x45, 0x47, 
	0x4b, 0x49, 0x44, 0x3f, 0x3d, 0x3a, 0x3a, 0x3b, 
	0x38, 0x38, 0x39, 0x37, 0x36, 0x36, 0x34, 0x32, 
	0x33, 0x33, 0x34, 0x4f, 0x56, 0x4c, 0x4b, 0x4c, 
	0x48, 0x49, 0x49, 0x4b, 0x4c, 0x4d, 0x4d, 0x4b, 
	0x4c, 0x4b, 0x4a, 0x4a, 0x49, 0x4b, 0x4b, 0x49, 
	0x4a, 0x48, 0x48, 0x47, 0x48, 0x48, 0x49, 0x4a, 
	0x4d, 0x4d, 0x4d, 0x4b, 0x4b, 0x49, 0x4b, 0x49, 
	0x4b, 0x4a, 0x4b, 0x4b, 0x4e, 0x50, 0x50, 0x4f, 
	0x50, 0x49, 0x41, 0x3b, 0x35, 0x3f, 0x67, 0x57, 
	0x3a, 0x3a, 0x3b, 0x3a, 0x38, 0x37, 0x34, 0x34, 
	0x36, 0x38, 0x36, 0x3f, 0x4a, 0x4a, 0x4b, 0x4d, 
	0x51, 0x4d, 0x4d, 0x4e, 0x4e, 0x4f, 0x51, 0x51, 
	0x4f, 0x51, 0x4f, 0x50, 0x4d, 0x4c, 0x4d, 0x4c, 
	0x4c, 0x4a, 0x49, 0x49, 0x48, 0x48, 0x47, 0x4a, 
	0x4a, 0x48, 0x48, 0x47, 0x48, 0x47, 0x46, 0x46, 
	0x47, 0x47, 0x48, 0x4c, 0x51, 0x52, 0x53, 0x55, 
	0x4f, 0x48, 0x41, 0x42, 0x41, 0x64, 0x81, 0x61, 
	0x40, 0x3d, 0x3d, 0x3b, 0x39, 0x38, 0x3a, 0x3f, 
	0x45, 0x4a, 0x4a, 0x48, 0x51, 0x56, 0x56, 0x54, 
	0x41, 0x3f, 0x3f, 0x3f, 0x40, 0x3e, 0x3f, 0x3f, 
	0x3e, 0x3e, 0x3d, 0x3d, 0x3c, 0x3b, 0x3c, 0x3c, 
	0x3c, 0x3c, 0x3a, 0x39, 0x37, 0x35, 0x32, 0x32, 
	0x30, 0x2d, 0x29, 0x25, 0x24, 0x24, 0x24, 0x27, 
	0x27, 0x27, 0x25, 0x28, 0x2a, 0x2f, 0x32, 0x35, 
	0x34, 0x38, 0x3b, 0x3e, 0x3e, 0x40, 0x46, 0x44, 
	0x41, 0x41, 0x41, 0x3e, 0x3e, 0x3f, 0x40, 0x42, 
	0x42, 0x42, 0x44, 0x42, 0x43, 0x42, 0x40, 0x3f, 
	0x3c, 0x39, 0x39, 0x38, 0x38, 0x39, 0x39, 0x39, 
	0x3a, 0x39, 0x38, 0x37, 0x37, 0x37, 0x36, 0x36, 
	0x36, 0x38, 0x38, 0x36, 0x33, 0x31, 0x2f, 0x2e, 
	0x2b, 0x28, 0x27, 0x28, 0x2d, 0x31, 0x33, 0x33, 
	0x32, 0x35, 0x36, 0x34, 0x33, 0x2d, 0x2c, 0x34, 
	0x38, 0x37, 0x39, 0x3b, 0x3b, 0x3c, 0x3f, 0x40, 
	0x3e, 0x3f, 0x3e, 0x3d, 0x3d, 0x3d, 0x3c, 0x3c, 
	0x3d, 0x3d, 0x3d, 0x3c, 0x3b, 0x3b, 0x3a, 0x39, 
	0x3b, 0x3a, 0x38, 0x37, 0x37, 0x36, 0x37, 0x38, 
	0x38, 0x38, 0x38, 0x36, 0x36, 0x35, 0x34, 0x34, 
	0x35, 0x36, 0x35, 0x36, 0x33, 0x31, 0x2f, 0x2d, 
	0x2e, 0x2d, 0x30, 0x35, 0x36, 0x39, 0x3a, 0x3c, 
	0x3c, 0x3b, 0x3d, 0x3d, 0x3d, 0x3f, 0x46, 0x47, 
	0x3c, 0x37, 0x39, 0x39, 0x3b, 0x3e, 0x3f, 0x3d, 
	0x3d, 0x3d, 0x3d, 0x3c, 0x3c, 0x3c, 0x3b, 0x3b, 
	0x3c, 0x3c, 0x3b, 0x3b, 0x3c, 0x39, 0x3a, 0x39, 
	0x3a, 0x3b, 0x3a, 0x37, 0x35, 0x35, 0x35, 0x37, 
	0x37, 0x38, 0x38, 0x37, 0x34, 0x34, 0x34, 0x34, 
	0x35, 0x36, 0x35, 0x35, 0x33, 0x32, 0x38, 0x57, 
	0x72, 0x73, 0x70, 0x70, 0x64, 0x48, 0x43, 0x3f, 
	0x3a, 0x35, 0x35, 0x37, 0x37, 0x39, 0x3c, 0x3f, 
	0x3b, 0x35, 0x38, 0x3b, 0x3e, 0x41, 0x3e, 0x3d, 
	0x3c, 0x3d, 0x3c, 0x3c, 0x3b, 0x3b, 0x3a, 0x3c, 
	0x3c, 0x3c, 0x3c, 0x3b, 0x3d, 0x3b, 0x3b, 0x38, 
	0x39, 0x3a, 0x39, 0x37, 0x35, 0x34, 0x34, 0x35, 
	0x36, 0x35, 0x36, 0x35, 0x34, 0x34, 0x34, 0x34, 
	0x35, 0x37, 0x36, 0x35, 0x35, 0x39, 0x6f, 0x92, 
	0x97, 0x93, 0x91, 0x89, 0x61, 0x42, 0x3d, 0x3a, 
	0x36, 0x35, 0x36, 0x36, 0x34, 0x33, 0x35, 0x37, 
	0x36, 0x44, 0x46, 0x3c, 0x3e, 0x41, 0x40, 0x3e, 
	0x3d, 0x3c, 0x3c, 0x3b, 0x3b, 0x3a, 0x39, 0x3b, 
	0x3c, 0x3b, 0x3a, 0x3b, 0x3d, 0x3d, 0x3c, 0x3a, 
	0x39, 0x3a, 0x38, 0x36, 0x35, 0x34, 0x34, 0x33, 
	0x34, 0x36, 0x35, 0x35, 0x34, 0x34, 0x35, 0x35, 
	0x36, 0x37, 0x37, 0x35, 0x38, 0x6b, 0x90, 0x96, 
	0x96, 0x92, 0x87, 0x59, 0x40, 0x39, 0x39, 0x39, 
	0x39, 0x38, 0x39, 0x38, 0x3a, 0x40, 0x49, 0x6e, 
	0x6b, 0x97, 0x9a, 0x58, 0x42, 0x43, 0x44, 0x40, 
	0x3f, 0x3c, 0x3c, 0x3c, 0x3b, 0x39, 0x39, 0x39, 
	0x39, 0x39, 0x39, 0x39, 0x3b, 0x3b, 0x3c, 0x38, 
	0x38, 0x3a, 0x37, 0x35, 0x35, 0x34, 0x34, 0x34, 
	0x34, 0x34, 0x35, 0x36, 0x35, 0x36, 0x37, 0x37, 
	0x36, 0x37, 0x38, 0x36, 0x5a, 0x8e, 0x94, 0x94, 
	0x94, 0x8e, 0x66, 0x53, 0x55, 0x53, 0x53, 0x52, 
	0x54, 0x52, 0x51, 0x55, 0x70, 0x88, 0x87, 0x93, 
	0x92, 0x96, 0xa7, 0x9d, 0x58, 0x4d, 0x49, 0x46, 
	0x43, 0x3f, 0x3d, 0x3a, 0x3a, 0x3b, 0x3a, 0x39, 
	0x38, 0x38, 0x39, 0x3b, 0x3b, 0x39, 0x3a, 0x36, 
	0x38, 0x39, 0x38, 0x35, 0x35, 0x35, 0x34, 0x35, 
	0x35, 0x34, 0x37, 0x36, 0x37, 0x37, 0x36, 0x37, 
	0x36, 0x38, 0x39, 0x49, 0x85, 0x91, 0x92, 0x91, 
	0x94, 0x8a, 0x87, 0x90, 0x92, 0x90, 0x91, 0x8e, 
	0x8f, 0x90, 0x8e, 0x8e, 0x90, 0x94, 0x92, 0x92, 
	0x94, 0x93, 0x97, 0xaa, 0x8a, 0x61, 0x53, 0x4b, 
	0x46, 0x40, 0x3f, 0x3d, 0x3b, 0x3a, 0x3a, 0x3a, 
	0x38, 0x39, 0x39, 0x3a, 0x3a, 0x38, 0x39, 0x37, 
	0x37, 0x37, 0x36, 0x34, 0x34, 0x35, 0x34, 0x34, 
	0x34, 0x35, 0x35, 0x36, 0x36, 0x37, 0x36, 0x35, 
	0x36, 0x37, 0x35, 0x6a, 0x90, 0x92, 0x91, 0x92, 
	0x93, 0x9a, 0x9a, 0x9c, 0x9b, 0x94, 0x93, 0x93, 
	0x91, 0x94, 0x93, 0x94, 0x93, 0x93, 0x91, 0x91, 
	0x92, 0x92, 0x94, 0xa0, 0xa7, 0x95, 0x7f, 0x67, 
	0x52, 0x50, 0x56, 0x54, 0x3f, 0x3a, 0x3a, 0x39, 
	0x38, 0x39, 0x39, 0x38, 0x38, 0x36, 0x37, 0x36, 
	0x39, 0x37, 0x34, 0x34, 0x35, 0x36, 0x35, 0x36, 
	0x37, 0x36, 0x36, 0x37, 0x37, 0x37, 0x36, 0x35, 
	0x36, 0x36, 0x47, 0x8a, 0x92, 0x91, 0x92, 0x97, 
	0x99, 0x9e, 0x9b, 0x9d, 0x9d, 0x97, 0x94, 0x92, 
	0x93, 0x92, 0x92, 0x92, 0x95, 0x93, 0x92, 0x91, 
	0x92, 0x94, 0x92, 0x99, 0xac, 0xa5, 0x9d, 0x98, 
	0x8f, 0x8d, 0x8f, 0x83, 0x4a, 0x3b, 0x39, 0x39, 
	0x38, 0x3a, 0x3a, 0x39, 0x38, 0x37, 0x38, 0x36, 
	0x4f, 0x4a, 0x45, 0x46, 0x48, 0x49, 0x4a, 0x49, 
	0x4a, 0x49, 0x49, 0x49, 0x4a, 0x4a, 0x4b, 0x4a, 
	0x4b, 0x4d, 0x66, 0x91, 0x93, 0x92, 0x95, 0x99, 
	0xa0, 0xa4, 0x9f, 0x99, 0x9a, 0x97, 0x92, 0x93, 
	0x94, 0x94, 0x93, 0x92, 0x95, 0x92, 0x92, 0x95, 
	0x95, 0x95, 0x96, 0x96, 0xa4, 0xae, 0xa4, 0x9b, 
	0x98, 0x96, 0x95, 0x86, 0x61, 0x4d, 0x4d, 0x4c, 
	0x4d, 0x4c, 0x4c, 0x4c, 0x4a, 0x4c, 0x4c, 0x4b, 
	0x8d, 0x8b, 0x8c, 0x8b, 0x8c, 0x8f, 0x90, 0x8d, 
	0x8c, 0x8c, 0x8c, 0x8b, 0x8d, 0x8b, 0x8c, 0x8b, 
	0x8b, 0x7f, 0x7d, 0x93, 0x93, 0x97, 0x96, 0x99, 
	0xa6, 0xa4, 0x9c, 0x98, 0x98, 0x95, 0x93, 0x93, 
	0x95, 0x95, 0x95, 0x95, 0x95, 0x91, 0x92, 0x96, 
	0x98, 0x98, 0x96, 0x96, 0x98, 0xaf, 0xa7, 0x9f, 
	0x99, 0x97, 0x95, 0x94, 0x92, 0x8e, 0x8d, 0x8c, 
	0x8c, 0x8c, 0x8e, 0x91, 0x91, 0x8e, 0x8d, 0x8c, 
	0x99, 0x94, 0x93, 0x92, 0x94, 0x98, 0x98, 0x93, 
	0x91, 0x92, 0x91, 0x92, 0x94, 0x93, 0x94, 0x92, 
	0x91, 0x6f, 0x88, 0x94, 0x94, 0x96, 0x92, 0x97, 
	0xa9, 0xa0, 0x99, 0x97, 0x95, 0x93, 0x94, 0x93, 
	0x94, 0x93, 0x93, 0x96, 0x95, 0x93, 0x95, 0x93, 
	0x93, 0x92, 0x92, 0x93, 0x96, 0xa4, 0xa5, 0xa1, 
	0x9b, 0x99, 0x98, 0x95, 0x95, 0x93, 0x92, 0x91, 
	0x93, 0x94, 0x98, 0x9a, 0x95, 0x96, 0x93, 0x92, 
	0x9a, 0x98, 0x98, 0x96, 0x96, 0x97, 0x94, 0x92, 
	0x91, 0x91, 0x91, 0x92, 0x92, 0x93, 0x95, 0x97, 
	0x87, 0x54, 0x8d, 0x93, 0x96, 0x92, 0x91, 0x93, 
	0xa7, 0xa1, 0x99, 0x95, 0x93, 0x93, 0x93, 0x93, 
	0x93, 0x93, 0x92, 0x93, 0x95, 0x92, 0x93, 0x91, 
	0x92, 0x92, 0x93, 0x94, 0x8b, 0x89, 0x9c, 0xa3, 
	0x9d, 0x9a, 0x98, 0x98, 0x97, 0x95, 0x93, 0x93, 
	0x97, 0x95, 0x9a, 0x99, 0x98, 0x9a, 0x98, 0x97, 
	0x9a, 0x9a, 0x9a, 0x98, 0x97, 0x97, 0x93, 0x92, 
	0x92, 0x91, 0x91, 0x92, 0x94, 0x94, 0x95, 0x92, 
	0x61, 0x53, 0x8f, 0x94, 0x96, 0x93, 0x91, 0x95, 
	0xa7, 0xa4, 0x9b, 0x96, 0x93, 0x93, 0x93, 0x93, 
	0x92, 0x93, 0x93, 0x91, 0x92, 0x92, 0x92, 0x92, 
	0x93, 0x94, 0x93, 0x91, 0x79, 0x83, 0x9b, 0xa4, 
	0x9d, 0x9b, 0x98, 0x95, 0x95, 0x95, 0x93, 0x96, 
	0x97, 0x96, 0x96, 0x96, 0x99, 0x9b, 0x9c, 0x96, 
	0x99, 0x9a, 0x98, 0x95, 0x93, 0x93, 0x93, 0x95, 
	0x92, 0x92, 0x93, 0x94, 0x93, 0x92, 0x92, 0x7f, 
	0x44, 0x59, 0x94, 0x94, 0x97, 0x96, 0x94, 0x96, 
	0xa8, 0xac, 0x9f, 0x99, 0x95, 0x95, 0x94, 0x93, 
	0x93, 0x92, 0x93, 0x93, 0x92, 0x93, 0x92, 0x96, 
	0x94, 0x93, 0x94, 0x90, 0x66, 0x8d, 0x99, 0xa5, 
	0xa0, 0x9e, 0x9b, 0x96, 0x95, 0x97, 0x93, 0x96, 
	0x97, 0x95, 0x94, 0x95, 0x99, 0x98, 0x97, 0x95, 
	0x97, 0x96, 0x95, 0x93, 0x92, 0x93, 0x94, 0x93, 
	0x94, 0x96, 0x92, 0x92, 0x93, 0x95, 0x8e, 0x58, 
	0x3b, 0x52, 0x92, 0x94, 0x96, 0x94, 0x94, 0x97, 
	0xa4, 0xb2, 0xa8, 0x9e, 0x96, 0x95, 0x94, 0x94, 
	0x93, 0x93, 0x93, 0x93, 0x93, 0x93, 0x93, 0x97, 
	0x96, 0x93, 0x92, 0x8a, 0x66, 0x93, 0x97, 0x9d, 
	0x9f, 0x9c, 0x98, 0x96, 0x94, 0x98, 0x9b, 0x98, 
	0x94, 0x93, 0x93, 0x92, 0x93, 0x94, 0x96, 0x92, 
	0x96, 0x95, 0x93, 0x92, 0x92, 0x93, 0x96, 0x93, 
	0x94, 0x94, 0x92, 0x92, 0x92, 0x95, 0x80, 0x3d, 
	0x3b, 0x46, 0x65, 0x6e, 0x8a, 0x92, 0x93, 0x94, 
	0x99, 0xb0, 0xad, 0x9e, 0x99, 0x97, 0x95, 0x95, 
	0x95, 0x97, 0x93, 0x94, 0x93, 0x94, 0x96, 0x99, 
	0x95, 0x93, 0x96, 0x8d, 0x7e, 0x91, 0x96, 0x9f, 
	0x9f, 0x9c, 0x98, 0x95, 0x96, 0x9a, 0x9c, 0x9a, 
	0x8d, 0x87, 0x93, 0x93, 0x93, 0x91, 0x93, 0x93, 
	0x91, 0x95, 0x93, 0x93, 0x92, 0x93, 0x95, 0x92, 
	0x96, 0x97, 0x95, 0x94, 0x97, 0x97, 0x69, 0x38, 
	0x39, 0x38, 0x2f, 0x2f, 0x73, 0x8f, 0x92, 0x94, 
	0x92, 0xa3, 0xb0, 0xa3, 0x9b, 0x99, 0x9a, 0x98, 
	0x99, 0x9b, 0x99, 0x99, 0x96, 0x97, 0x97, 0x98, 
	0x97, 0x95, 0x98, 0x91, 0x8e, 0x92, 0x98, 0xa0, 
	0xa0, 0x9d, 0x9c, 0x98, 0x99, 0x99, 0x99, 0x9a, 
	0x9b, 0x77, 0x82, 0x92, 0x92, 0x92, 0x93, 0x91, 
	0x91, 0x95, 0x93, 0x92, 0x92, 0x96, 0x96, 0x96, 
	0x97, 0x98, 0x98, 0x96, 0x98, 0x94, 0x52, 0x39, 
	0x3b, 0x3b, 0x33, 0x27, 0x38, 0x68, 0x84, 0x93, 
	0x92, 0x96, 0xa4, 0xaf, 0xa5, 0x9c, 0x98, 0x9e, 
	0x9f, 0xa0, 0x9b, 0x98, 0x97, 0x96, 0x96, 0x98, 
	0x99, 0x99, 0x97, 0x92, 0x92, 0x91, 0x9b, 0x9f, 
	0x9f, 0x9e, 0x9d, 0x99, 0x99, 0x9d, 0x9a, 0x98, 
	0x9f, 0x8a, 0x5d, 0x7e, 0x8c, 0x93, 0x93, 0x92, 
	0x94, 0x93, 0x94, 0x91, 0x92, 0x92, 0x96, 0x99, 
	0x97, 0x97, 0x95, 0x93, 0x96, 0x8d, 0x45, 0x3a, 
	0x3b, 0x3c, 0x38, 0x2b, 0x28, 0x28, 0x3d, 0x85, 
	0x91, 0x90, 0x94, 0xa8, 0xb7, 0xac, 0xa1, 0xa0, 
	0x9f, 0x9f, 0x9d, 0x98, 0x97, 0x97, 0x9a, 0x9e, 
	0xa1, 0x9e, 0x95, 0x91, 0x91, 0x93, 0x9c, 0x9e, 
	0x9e, 0x9b, 0x9c, 0x9a, 0x97, 0x99, 0x9a, 0x9b, 
	0x9f, 0x98, 0x6c, 0x80, 0x8d, 0x93, 0x92, 0x96, 
	0x95, 0x93, 0x94, 0x93, 0x92, 0x93, 0x94, 0x96, 
	0x97, 0x93, 0x96, 0x95, 0x96, 0x89, 0x3e, 0x38, 
	0x3c, 0x3b, 0x3b, 0x2f, 0x29, 0x28, 0x29, 0x6e, 
	0x92, 0x90, 0x91, 0x94, 0xa8, 0xb5, 0xb5, 0xaa, 
	0xa3, 0xa2, 0xa0, 0xa0, 0x9c, 0x9d, 0xa4, 0xaa, 
	0xa6, 0x9b, 0x92, 0x91, 0x92, 0x98, 0x9d, 0x9d, 
	0x9c, 0x9c, 0x9d, 0x9a, 0x98, 0x95, 0x96, 0x97, 
	0xa0, 0xaa, 0x91, 0x93, 0x92, 0x93, 0x93, 0x94, 
	0x94, 0x93, 0x93, 0x93, 0x93, 0x92, 0x93, 0x94, 
	0x94, 0x94, 0x93, 0x95, 0x92, 0x81, 0x3c, 0x38, 
	0x3c, 0x3c, 0x3e, 0x37, 0x2e, 0x2a, 0x2b, 0x4c, 
	0x8f, 0x91, 0x91, 0x92, 0x96, 0xa0, 0xb1, 0xb3, 
	0xb3, 0xb0, 0xad, 0xab, 0xaa, 0xaa, 0xa8, 0xa4, 
	0x9c, 0x94, 0x92, 0x91, 0x93, 0x98, 0x9c, 0x9a, 
	0x99, 0x98, 0x9b, 0x9b, 0x95, 0x93, 0x94, 0x96, 
	0x9a, 0xa2, 0x95, 0x94, 0x93, 0x93, 0x93, 0x95, 
	0x93, 0x92, 0x93, 0x92, 0x92, 0x92, 0x92, 0x96, 
	0x97, 0x96, 0x95, 0x93, 0x93, 0x82, 0x3e, 0x39, 
	0x3a, 0x3d, 0x3e, 0x3e, 0x35, 0x2d, 0x2a, 0x36, 
	0x83, 0x92, 0x92, 0x94, 0x96, 0x96, 0x93, 0x96, 
	0x9f, 0xa3, 0xa4, 0xa2, 0x9f, 0x9d, 0x9b, 0x97, 
	0x95, 0x94, 0x91, 0x90, 0x95, 0x98, 0x97, 0x96, 
	0x96, 0x96, 0x99, 0x99, 0x96, 0x93, 0x94, 0x96, 
	0x98, 0x96, 0x93, 0x93, 0x93, 0x93, 0x95, 0x94, 
	0x93, 0x92, 0x93, 0x93, 0x92, 0x93, 0x93, 0x96, 
	0x97, 0x95, 0x95, 0x95, 0x96, 0x89, 0x66, 0x50, 
	0x3c, 0x3b, 0x3f, 0x3f, 0x3c, 0x33, 0x2b, 0x2f, 
	0x6c, 0x91, 0x92, 0x94, 0x95, 0x92, 0x91, 0x91, 
	0x92, 0x92, 0x92, 0x92, 0x93, 0x97, 0x96, 0x98, 
	0x95, 0x93, 0x8f, 0x8e, 0x96, 0x98, 0x97, 0x96, 
	0x95, 0x97, 0x9a, 0x9d, 0x97, 0x93, 0x97, 0x98, 
	0x99, 0x95, 0x97, 0x94, 0x95, 0x93, 0x94, 0x96, 
	0x93, 0x93, 0x93, 0x93, 0x93, 0x93, 0x93, 0x96, 
	0x99, 0x96, 0x96, 0x94, 0x95, 0x94, 0x95, 0x84, 
	0x48, 0x3d, 0x3f, 0x40, 0x40, 0x3a, 0x32, 0x30, 
	0x66, 0x91, 0x92, 0x95, 0x97, 0x97, 0x94, 0x90, 
	0x91, 0x91, 0x96, 0x95, 0x95, 0x94, 0x94, 0x92, 
	0x93, 0x90, 0x85, 0x90, 0x98, 0x99, 0x97, 0x97, 
	0x96, 0x99, 0x99, 0x9b, 0x98, 0x9a, 0x9a, 0x9b, 
	0x98, 0x94, 0x95, 0x94, 0x93, 0x94, 0x99, 0x99, 
	0x94, 0x93, 0x92, 0x94, 0x93, 0x93, 0x94, 0x96, 
	0x99, 0x95, 0x97, 0x97, 0x95, 0x95, 0x96, 0x93, 
	0x7a, 0x56, 0x3f, 0x40, 0x43, 0x43, 0x40, 0x3e, 
	0x74, 0x92, 0x93, 0x95, 0x97, 0x99, 0x97, 0x92, 
	0x92, 0x90, 0x96, 0x95, 0x92, 0x93, 0x93, 0x92, 
	0x8f, 0x81, 0x85, 0x99, 0x9b, 0x9a, 0x98, 0x98, 
	0x98, 0x99, 0x9b, 0x9a, 0x98, 0x98, 0x9b, 0x9e, 
	0x97, 0x95, 0x94, 0x93, 0x93, 0x96, 0x96, 0x99, 
	0x95, 0x93, 0x94, 0x97, 0x94, 0x94, 0x94, 0x95, 
	0x94, 0x95, 0x96, 0x93, 0x94, 0x94, 0x92, 0x94, 
	0x93, 0x8f, 0x74, 0x47, 0x48, 0x45, 0x3f, 0x3b, 
	0x64, 0x8b, 0x91, 0x93, 0x94, 0x97, 0x96, 0x96, 
	0x93, 0x93, 0x95, 0x95, 0x93, 0x93, 0x90, 0x89, 
	0x7a, 0x6e, 0x99, 0x9e, 0x9b, 0x9c, 0x99, 0x9a, 
	0x9a, 0x99, 0x9b, 0x9a, 0x96, 0x96, 0x99, 0x9b, 
	0x97, 0x95, 0x95, 0x93, 0x95, 0x94, 0x94, 0x97, 
	0x93, 0x95, 0x98, 0x98, 0x97, 0x94, 0x93, 0x93, 
	0x93, 0x94, 0x94, 0x93, 0x93, 0x94, 0x94, 0x94, 
	0x93, 0x93, 0x92, 0x62, 0x3e, 0x34, 0x31, 0x2c, 
	0x3e, 0x54, 0x76, 0x8a, 0x92, 0x94, 0x94, 0x94, 
	0x95, 0x94, 0x95, 0x92, 0x8e, 0x88, 0x79, 0x72, 
	0x6f, 0x8c, 0xa0, 0xa0, 0x9d, 0x9b, 0x99, 0x97, 
	0x9a, 0x9b, 0x99, 0x99, 0x96, 0x95, 0x96, 0x94, 
	0x96, 0x95, 0x95, 0x96, 0x95, 0x93, 0x93, 0x93, 
	0x93, 0x96, 0x9a, 0x99, 0x95, 0x95, 0x93, 0x93, 
	0x96, 0x95, 0x96, 0x93, 0x95, 0x95, 0x94, 0x93, 
	0x94, 0x95, 0x96, 0x7e, 0x4c, 0x44, 0x3f, 0x3f, 
	0x3f, 0x3c, 0x43, 0x50, 0x71, 0x89, 0x91, 0x93, 
	0x92, 0x96, 0x8f, 0x7e, 0x66, 0x5a, 0x64, 0x6f, 
	0x84, 0x9e, 0xa4, 0xa1, 0x9e, 0x9c, 0x9b, 0x9d, 
	0x9d, 0x9c, 0x9a, 0x98, 0x97, 0x97, 0x96, 0x97, 
	0x94, 0x96, 0x94, 0x94, 0x95, 0x94, 0x93, 0x94, 
	0x96, 0x96, 0x99, 0x99, 0x97, 0x96, 0x93, 0x93, 
	0x93, 0x97, 0x98, 0x96, 0x96, 0x94, 0x93, 0x94, 
	0x96, 0x95, 0x97, 0x8f, 0x59, 0x4e, 0x46, 0x44, 
	0x50, 0x6a, 0x7e, 0x8c, 0x95, 0x96, 0x97, 0x96, 
	0x94, 0x94, 0x95, 0x91, 0x8c, 0x80, 0x73, 0x73, 
	0x9b, 0xa6, 0xa7, 0xa6, 0xa1, 0x9e, 0x9c, 0x9f, 
	0xa1, 0x9f, 0x9c, 0x98, 0x95, 0x98, 0x99, 0x9a, 
	0x99, 0x97, 0x96, 0x94, 0x94, 0x94, 0x93, 0x94, 
	0x97, 0x97, 0x99, 0x98, 0x95, 0x97, 0x94, 0x93, 
	0x94, 0x98, 0x98, 0x97, 0x97, 0x96, 0x94, 0x94, 
	0x96, 0x99, 0x97, 0x96, 0x73, 0x51, 0x61, 0x8a, 
	0x8d, 0x92, 0x93, 0x95, 0x96, 0x96, 0x96, 0x95, 
	0x95, 0x97, 0x96, 0x95, 0x96, 0x91, 0x90, 0x92, 
	0xa6, 0xab, 0xab, 0xa8, 0xa4, 0xa1, 0x9e, 0xa1, 
	0xa0, 0xa0, 0x9e, 0x9b, 0x98, 0x98, 0x97, 0x9a, 
	0x9d, 0x9a, 0x97, 0x94, 0x97, 0x97, 0x95, 0x94, 
	0x96, 0x97, 0x96, 0x95, 0x94, 0x96, 0x95, 0x96, 
	0x97, 0x9a, 0x9a, 0x98, 0x96, 0x97, 0x96, 0x98, 
	0x98, 0x9a, 0x98, 0x9b, 0x88, 0x7b, 0x8d, 0x97, 
	0x94, 0x93, 0x92, 0x93, 0x95, 0x95, 0x96, 0x94, 
	0x92, 0x96, 0x96, 0x99, 0x97, 0x92, 0x92, 0x93, 
	0x95, 0x9c, 0xa3, 0xa7, 0xa6, 0xa4, 0xa1, 0xa1, 
	0xa1, 0xa0, 0x9d, 0x9c, 0x98, 0x98, 0x98, 0x98, 
	0x98, 0x98, 0x95, 0x95, 0x99, 0x9a, 0x97, 0x94, 
	0x94, 0x94, 0x94, 0x95, 0x95, 0x97, 0x99, 0x99, 
	0x98, 0x99, 0x98, 0x97, 0x95, 0x95, 0x98, 0x9c, 
	0x9d, 0x9d, 0x9c, 0x9a, 0x93, 0x92, 0x91, 0x92, 
	0x92, 0x92, 0x92, 0x93, 0x95, 0x96, 0x96, 0x93, 
	0x95, 0x96, 0x98, 0x9b, 0x9a, 0x95, 0x92, 0x92, 
	0x93, 0x96, 0x96, 0x99, 0xa3, 0xa7, 0xa5, 0xa1, 
	0xa0, 0x9e, 0x9f, 0x9c, 0x99, 0x97, 0x97, 0x97, 
	0x97, 0x97, 0x96, 0x95, 0x99, 0x9d, 0x9c, 0x97, 
	0x96, 0x95, 0x96, 0x97, 0x99, 0x9a, 0x99, 0x9a, 
	0x98, 0x97, 0x9a, 0x99, 0x98, 0x95, 0x98, 0x9f, 
	0xa1, 0xa6, 0x9f, 0x94, 0x92, 0x91, 0x93, 0x92, 
	0x93, 0x93, 0x93, 0x94, 0x96, 0x99, 0x95, 0x95, 
	0x97, 0x97, 0x98, 0x9b, 0x9a, 0x97, 0x98, 0x96, 
	0x93, 0x94, 0x94, 0x93, 0x98, 0xa4, 0xa8, 0xa4, 
	0xa1, 0xa1, 0x9f, 0x9e, 0x9a, 0x98, 0x97, 0x97, 
	0x97, 0x96, 0x96, 0x97, 0x98, 0x9d, 0x99, 0x98, 
	0x96, 0x98, 0x99, 0x99, 0x9b, 0x9b, 0x9b, 0x99, 
	0x96, 0x98, 0x9a, 0x9c, 0x98, 0x99, 0x9c, 0xa1, 
	0xa3, 0x9f, 0x97, 0x92, 0x92, 0x92, 0x92, 0x94, 
	0x93, 0x93, 0x93, 0x93, 0x96, 0x9a, 0x96, 0x95, 
	0x96, 0x95, 0x95, 0x99, 0x98, 0x9a, 0x99, 0x99, 
	0x97, 0x95, 0x93, 0x92, 0x93, 0x99, 0xa4, 0xa7, 
	0xa4, 0xa1, 0x9f, 0xa0, 0x9f, 0x9c, 0x98, 0x98, 
	0x98, 0x98, 0x97, 0x97, 0x98, 0x98, 0x98, 0x98, 
	0x98, 0x99, 0x9a, 0x9f, 0x9f, 0x9d, 0x9a, 0x96, 
	0x96, 0x96, 0x98, 0x9d, 0x9d, 0x9b, 0x9f, 0xa1, 
	0x9d, 0x95, 0x92, 0x92, 0x92, 0x92, 0x94, 0x92, 
	0x95, 0x95, 0x93, 0x92, 0x94, 0x98, 0x97, 0x98, 
	0x94, 0x93, 0x93, 0x92, 0x95, 0x97, 0x97, 0x93, 
	0x93, 0x92, 0x93, 0x94, 0x94, 0x99, 0x9e, 0xa5, 
	0xa7, 0xa3, 0xa1, 0xa2, 0xa1, 0x9f, 0x9b, 0x99, 
	0x99, 0x99, 0x98, 0x98, 0x98, 0x98, 0x97, 0x98, 
	0x98, 0x98, 0x9a, 0xa0, 0x9e, 0x9f, 0x9c, 0x9a, 
	0x99, 0x97, 0x99, 0x9c, 0x9a, 0x9a, 0x9d, 0x9c, 
	0x97, 0x94, 0x92, 0x93, 0x93, 0x93, 0x94, 0x94, 
	0x93, 0x94, 0x94, 0x93, 0x97, 0x99, 0x9a, 0x99, 
	0x94, 0x94, 0x93, 0x93, 0x92, 0x94, 0x94, 0x93, 
	0x92, 0x92, 0x94, 0x97, 0x97, 0x9d, 0xa1, 0x9d, 
	0xa7, 0xa9, 0xa5, 0xa2, 0xa1, 0x9f, 0x9d, 0x9b, 
	0x9d, 0x9b, 0x99, 0x9b, 0x9a, 0x99, 0x9b, 0x9c, 
	0x99, 0x99, 0x9a, 0x9d, 0x9f, 0x9e, 0x9e, 0x9e, 
	0x9d, 0x9c, 0x99, 0x99, 0x99, 0x99, 0x98, 0x96, 
	0x95, 0x95, 0x93, 0x93, 0x94, 0x96, 0x96, 0x94, 
	0x93, 0x93, 0x96, 0x96, 0x99, 0x9a, 0x9c, 0x98, 
	0x94, 0x93, 0x93, 0x93, 0x93, 0x93, 0x93, 0x94, 
	0x93, 0x93, 0x96, 0x97, 0x98, 0x9d, 0xa2, 0x99, 
	0x9f, 0xa9, 0xa5, 0xa2, 0xa1, 0x9f, 0x9e, 0x9c, 
	0x9f, 0xa0, 0x9f, 0x9f, 0xa1, 0x9f, 0x9d, 0x9d, 
	0x9b, 0x9b, 0x9b, 0xa0, 0x9f, 0x9e, 0x9c, 0xa0, 
	0xa0, 0x9d, 0x9b, 0x9b, 0x99, 0x98, 0x96, 0x94, 
	0x95, 0x95, 0x93, 0x93, 0x94, 0x95, 0x95, 0x95, 
	0x93, 0x94, 0x93, 0x96, 0x98, 0x98, 0x98, 0x94, 
	0x94, 0x93, 0x93, 0x94, 0x93, 0x94, 0x94, 0x94, 
	0x94, 0x96, 0x98, 0x97, 0x98, 0x9a, 0x9f, 0x99, 
	0x98, 0xa5, 0xa8, 0xa5, 0xa3, 0xa1, 0xa0, 0x9f, 
	0xa0, 0xa0, 0xa0, 0xa0, 0xa3, 0xa4, 0xa4, 0x9f, 
	0x9e, 0x9e, 0x9e, 0x9f, 0xa2, 0xa0, 0x9e, 0xa1, 
	0xa3, 0xa1, 0x9d, 0x9c, 0x9b, 0x98, 0x96, 0x94, 
	0x94, 0x95, 0x94, 0x97, 0x97, 0x99, 0x97, 0x95, 
	0x97, 0x96, 0x95, 0x95, 0x95, 0x95, 0x95, 0x94, 
	0x94, 0x95, 0x94, 0x94, 0x94, 0x94, 0x95, 0x94, 
	0x97, 0x99, 0x9a, 0x97, 0x9a, 0x9c, 0x99, 0x96, 
	0x97, 0x9d, 0xaa, 0xa8, 0xa5, 0xa3, 0xa1, 0xa1, 
	0xa1, 0xa1, 0xa0, 0xa0, 0xa3, 0xa6, 0xa5, 0xa4, 
	0xa1, 0xa0, 0xa3, 0xa1, 0xa0, 0xa0, 0xa1, 0xa4, 
	0xa7, 0xa4, 0xa1, 0x9e, 0x9b, 0x97, 0x96, 0x98, 
	0x98, 0x96, 0x98, 0x9b, 0x99, 0x99, 0x98, 0x96, 
	0x99, 0x9e, 0x9c, 0x98, 0x97, 0x96, 0x96, 0x96, 
	0x96, 0x96, 0x96, 0x96, 0x97, 0x96, 0x96, 0x96, 
	0x98, 0x98, 0x99, 0x98, 0x9b, 0x9b, 0x99, 0x98, 
	0x9a, 0x9e, 0xa7, 0xa9, 0xa8, 0xa5, 0xa7, 0xa5, 
	0xa1, 0xa2, 0xa3, 0xa1, 0xa2, 0xa5, 0xa6, 0xa4, 
	0xa5, 0xa3, 0xa6, 0xa5, 0xa3, 0xa5, 0xa3, 0xa5, 
	0xab, 0xaa, 0xa7, 0xa2, 0x9c, 0x99, 0x99, 0x9a, 
	0x9c, 0x9b, 0x9e, 0x9f, 0x9f, 0x9b, 0x9b, 0x9a, 
	0x9b, 0x9e, 0x9e, 0x9c, 0x9a, 0x9c, 0x9a, 0x98, 
	0x9b, 0x9c, 0x9b, 0x9c, 0x9d, 0x9a, 0x98, 0x99, 
	0x99, 0x9b, 0x9b, 0x99, 0x9a, 0x9b, 0x9d, 0x9b, 
	0x9e, 0x9e, 0xa2, 0xad, 0xad, 0xac, 0xa8, 0xa8, 
	0xa6, 0xa6, 0xaa, 0xa6, 0xa4, 0xa4, 0xa6, 0xa7, 
	0xae, 0xad, 0xad, 0xb0, 0xaf, 0xad, 0xab, 0xaa, 
	0xad, 0xac, 0xa9, 0xaa, 0xa2, 0xa0, 0x9f, 0xa0, 
	0xa0, 0xa0, 0xa3, 0xa8, 0xa5, 0xa6, 0xa4, 0xa3, 
	0xa3, 0xa4, 0xa5, 0xa5, 0xa1, 0xa0, 0xa2, 0xa3, 
	0xa4, 0xa3, 0xa3, 0xa6, 0xa8, 0xa6, 0xa0, 0xa1, 
	0xa1, 0xa1, 0xa2, 0xa1, 0xa0, 0xa2, 0xa2, 0xa4, 
	0xa5, 0xa6, 0xaa, 0xaf, 0xb5, 0xb2, 0xb1, 0xb0, 
	0xae, 0xb0, 0xaf, 0xad, 0xab, 0xad, 0xae, 0xad, 
	0xb3, 0xb4, 0xb5, 0xb8, 0xb8, 0xb3, 0xae, 0xae, 
	0xb3, 0xb3, 0xb3, 0xb4, 0xb4, 0xb3, 0xae, 0xaf, 
	0xae, 0xaf, 0xb0, 0xb3, 0xb4, 0xb6, 0xb2, 0xb1, 
	0xb3, 0xb0, 0xb2, 0xb0, 0xaf, 0xae, 0xae, 0xb1, 
	0xb1, 0xb2, 0xb4, 0xb6, 0xb7, 0xb4, 0xaf, 0xae, 
	0xae, 0xae, 0xae, 0xb1, 0xb2, 0xb2, 0xb0, 0xb6, 
	0xb6, 0xb6, 0xb7, 0xb6, 0xb7, 0xb4, 0xb2, 0xb2, 
	0xb1, 0xb6, 0xb4, 0xb5, 0xb3, 0xb5, 0xb1, 0xaf, 
	0xaf, 0xb0, 0xb2, 0xb3, 0xb3, 0xb3, 0xae, 0xae, 
	0xb1, 0xb0, 0xb1, 0xb2, 0xb1, 0xae, 0xad, 0xac, 
	0xac, 0xae, 0xb1, 0xaf, 0xb1, 0xb1, 0xaf, 0xaf, 
	0xb1, 0xac, 0xac, 0xad, 0xad, 0xad, 0xae, 0xb2, 
	0xb1, 0xaf, 0xb0, 0xb4, 0xb5, 0xad, 0xad, 0xad, 
	0xac, 0xac, 0xae, 0xaf, 0xb4, 0xb2, 0xaf, 0xb2, 
	0xb1, 0xb3, 0xb4, 0xb3, 0xb4, 0xb0, 0xac, 0xad, 
	0xad, 0xad, 0xac, 0xb2, 0xb2, 0xb1, 0xb0, 0xae, 
	0xac, 0xac, 0xab, 0xae, 0xaf, 0xb1, 0xaf, 0xaa, 
	0xaa, 0xac, 0xaf, 0xae, 0xac, 0xa8, 0xa9, 0xa9, 
	0xa8, 0xac, 0xaf, 0xac, 0xac, 0xab, 0xad, 0xac, 
	0xaa, 0xab, 0xa9, 0xa9, 0xa8, 0xa9, 0xa9, 0xaa, 
	0xab, 0xaf, 0xae, 0xb1, 0xad, 0xac, 0xaa, 0xa8, 
	0xa8, 0xa9, 0xac, 0xac, 0xb1, 0xae, 0xad, 0xab, 
	0xab, 0xb1, 0xb0, 0xaf, 0xad, 0xac, 0xa9, 0xa8, 
	0xa8, 0xa8, 0xac, 0xb0, 0xaf, 0xac, 0xaa, 0xa9, 
	0xa4, 0xa4, 0xa4, 0xa5, 0xa7, 0xab, 0xaa, 0xa4, 
	0xa1, 0xa4, 0xa6, 0xa6, 0xa4, 0xa2, 0xa2, 0xa1, 
	0xa2, 0xa4, 0xa9, 0xa8, 0xa4, 0xa2, 0xa4, 0xa7, 
	0xa6, 0xa9, 0xa7, 0xa4, 0xa4, 0xa2, 0xa2, 0xa1, 
	0xa4, 0xa8, 0xab, 0xaa, 0xa8, 0xa5, 0xa3, 0xa2, 
	0xa2, 0xa5, 0xa4, 0xa5, 0xa8, 0xaa, 0xa6, 0xa4, 
	0xa5, 0xa5, 0xa5, 0xa5, 0xa4, 0xa2, 0xa2, 0xa2, 
	0xa4, 0xa4, 0xa4, 0xa6, 0xa6, 0xa4, 0xa5, 0xa2, 
	0x99, 0x9a, 0x9c, 0x9f, 0x9e, 0x9f, 0xa1, 0x9d, 
	0x9a, 0x9a, 0x9a, 0x9a, 0x9b, 0x9a, 0x99, 0x99, 
	0x9a, 0x99, 0x9d, 0x9d, 0x9c, 0x9b, 0x9d, 0x9f, 
	0x9f, 0x9f, 0xa0, 0x9f, 0x9e, 0x9b, 0x99, 0x99, 
	0x9e, 0x9f, 0xa1, 0xa1, 0x9d, 0x9b, 0x9a, 0x99, 
	0x9a, 0x9a, 0x9a, 0x9c, 0xa2, 0xa1, 0x9e, 0x9b, 
	0x9a, 0x9a, 0x9b, 0x9b, 0x9a, 0x9a, 0x9a, 0x9d, 
	0x9e, 0x9f, 0x9c, 0x9d, 0x9a, 0x9a, 0x9b, 0x99, 
	0x90, 0x8f, 0x90, 0x95, 0x95, 0x94, 0x94, 0x91, 
	0x90, 0x90, 0x90, 0x92, 0x92, 0x90, 0x8f, 0x8f, 
	0x8f, 0x91, 0x92, 0x90, 0x92, 0x92, 0x95, 0x97, 
	0x95, 0x95, 0x93, 0x94, 0x94, 0x92, 0x90, 0x8f, 
	0x8f, 0x94, 0x94, 0x93, 0x92, 0x8f, 0x8f, 0x8f, 
	0x8f, 0x90, 0x8f, 0x92, 0x93, 0x93, 0x8f, 0x8e, 
	0x8f, 0x90, 0x8f, 0x91, 0x92, 0x8f, 0x8f, 0x94, 
	0x94, 0x95, 0x94, 0x93, 0x8f, 0x90, 0x8f, 0x8f, 
	0x7c, 0x7b, 0x7e, 0x81, 0x83, 0x82, 0x81, 0x7d, 
	0x7e, 0x80, 0x80, 0x7f, 0x80, 0x7d, 0x7d, 0x7e, 
	0x7f, 0x7e, 0x7e, 0x7f, 0x80, 0x81, 0x82, 0x84, 
	0x83, 0x82, 0x7e, 0x7f, 0x83, 0x7e, 0x7d, 0x7c, 
	0x7d, 0x7f, 0x80, 0x7f, 0x7f, 0x7f, 0x7c, 0x7c, 
	0x7c, 0x7c, 0x7d, 0x80, 0x7d, 0x7d, 0x7d, 0x7d, 
	0x7d, 0x7c, 0x7c, 0x7d, 0x7d, 0x7d, 0x80, 0x84, 
	0x84, 0x82, 0x82, 0x81, 0x7f, 0x7f, 0x7f, 0x7f, 
	0x5b, 0x59, 0x5c, 0x5d, 0x5d, 0x5c, 0x5d, 0x5a, 
	0x59, 0x5b, 0x5d, 0x5b, 0x59, 0x5a, 0x5a, 0x5b, 
	0x5c, 0x5c, 0x5a, 0x5a, 0x59, 0x5a, 0x5b, 0x5c, 
	0x5d, 0x5b, 0x5a, 0x5b, 0x5b, 0x5b, 0x5a, 0x59, 
	0x5a, 0x5a, 0x5c, 0x5a, 0x5b, 0x5b, 0x5a, 0x5a, 
	0x5a, 0x5a, 0x5c, 0x5b, 0x59, 0x5a, 0x59, 0x5a, 
	0x59, 0x5a, 0x5a, 0x59, 0x5a, 0x5b, 0x5d, 0x5f, 
	0x5d, 0x5b, 0x5c, 0x5b, 0x5b, 0x5b, 0x5d, 0x5c, 
	0x3a, 0x33, 0x34, 0x34, 0x35, 0x35, 0x34, 0x33, 
	0x32, 0x32, 0x34, 0x34, 0x33, 0x32, 0x32, 0x34, 
	0x34, 0x33, 0x32, 0x32, 0x32, 0x32, 0x32, 0x33, 
	0x32, 0x32, 0x32, 0x32, 0x35, 0x34, 0x33, 0x32, 
	0x32, 0x33, 0x32, 0x33, 0x33, 0x33, 0x32, 0x32, 
	0x33, 0x32, 0x33, 0x33, 0x34, 0x32, 0x32, 0x33, 
	0x33, 0x32, 0x32, 0x32, 0x32, 0x34, 0x34, 0x34, 
	0x33, 0x33, 0x32, 0x33, 0x32, 0x34, 0x34, 0x33, 
	0x2c, 0x2d, 0x2d, 0x2f, 0x2e, 0x2f, 0x2e, 0x2e, 
	0x2e, 0x2d, 0x2c, 0x2c, 0x2f, 0x2e, 0x2d, 0x2e, 
	0x2f, 0x2d, 0x2e, 0x2d, 0x2c, 0x2d, 0x2d, 0x2c, 
	0x2d, 0x2d, 0x2c, 0x2e, 0x2e, 0x2e, 0x2e, 0x2e, 
	0x2e, 0x2e, 0x2d, 0x2c, 0x2e, 0x2d, 0x2d, 0x2e, 
	0x2d, 0x2e, 0x2d, 0x2e, 0x2f, 0x2f, 0x2e, 0x2f, 
	0x2f, 0x2d, 0x2d, 0x30, 0x2e, 0x2d, 0x2f, 0x2e, 
	0x2e, 0x2f, 0x2d, 0x2d, 0x2d, 0x2e, 0x2a, 0x32, 
	
};

Gfx rf_end_final_path_ci8_aligner[] = {gsSPEndDisplayList()};
u8 rf_end_final_path_ci8[] = {
	0x00, 0x01, 0x02, 0x03, 0x04, 0x05, 0x06, 0x07, 
	0x06, 0x08, 0x09, 0x02, 0x01, 0x0a, 0x0b, 0x0a, 
	0x0c, 0x0d, 0x0e, 0x0f, 0x10, 0x11, 0x12, 0x13, 
	0x14, 0x01, 0x15, 0x16, 0x08, 0x01, 0x0f, 0x17, 
	0x13, 0x0a, 0x18, 0x00, 0x19, 0x1a, 0x1b, 0x1c, 
	0x1d, 0x16, 0x03, 0x08, 0x08, 0x1e, 0x1f, 0x20, 
	0x21, 0x22, 0x23, 0x0f, 0x0f, 0x11, 0x23, 0x14, 
	0x00, 0x14, 0x0f, 0x24, 0x1e, 0x02, 0x02, 0x25, 
	0x20, 0x06, 0x18, 0x00, 0x26, 0x27, 0x28, 0x29, 
	0x14, 0x1c, 0x0b, 0x1e, 0x0a, 0x00, 0x2a, 0x21, 
	0x2b, 0x22, 0x21, 0x0b, 0x1b, 0x0f, 0x16, 0x13, 
	0x0a, 0x2c, 0x06, 0x2d, 0x1e, 0x2e, 0x06, 0x1b, 
	0x00, 0x0f, 0x18, 0x13, 0x2f, 0x30, 0x31, 0x05, 
	0x1b, 0x0b, 0x2a, 0x32, 0x33, 0x32, 0x10, 0x0b, 
	0x34, 0x35, 0x36, 0x37, 0x18, 0x38, 0x02, 0x13, 
	0x1d, 0x24, 0x13, 0x39, 0x1e, 0x0a, 0x00, 0x23, 
	0x00, 0x01, 0x0b, 0x3a, 0x3b, 0x1c, 0x1c, 0x26, 
	0x3c, 0x3c, 0x3d, 0x36, 0x3e, 0x1b, 0x3f, 0x01, 
	0x01, 0x18, 0x40, 0x41, 0x11, 0x42, 0x0a, 0x0a, 
	0x35, 0x01, 0x24, 0x16, 0x43, 0x14, 0x1b, 0x21, 
	0x0f, 0x01, 0x13, 0x37, 0x01, 0x1f, 0x0b, 0x18, 
	0x15, 0x44, 0x45, 0x1b, 0x0b, 0x08, 0x06, 0x46, 
	0x01, 0x0b, 0x1b, 0x3a, 0x47, 0x1b, 0x15, 0x0b, 
	0x1c, 0x39, 0x01, 0x06, 0x18, 0x14, 0x23, 0x17, 
	0x0f, 0x00, 0x48, 0x14, 0x02, 0x1e, 0x0a, 0x0b, 
	0x07, 0x0b, 0x32, 0x0c, 0x2d, 0x49, 0x14, 0x4a, 
	0x1e, 0x06, 0x14, 0x0b, 0x2f, 0x35, 0x18, 0x17, 
	0x08, 0x15, 0x0f, 0x1e, 0x14, 0x0b, 0x01, 0x00, 
	0x06, 0x4b, 0x1a, 0x0f, 0x24, 0x13, 0x4c, 0x06, 
	0x4d, 0x4e, 0x23, 0x18, 0x4f, 0x50, 0x00, 0x51, 
	0x14, 0x15, 0x14, 0x1f, 0x52, 0x48, 0x14, 0x23, 
	0x10, 0x53, 0x3e, 0x0d, 0x0f, 0x06, 0x54, 0x55, 
	0x56, 0x36, 0x0c, 0x14, 0x4c, 0x43, 0x13, 0x23, 
	0x09, 0x4e, 0x57, 0x18, 0x01, 0x16, 0x06, 0x00, 
	0x01, 0x06, 0x00, 0x14, 0x57, 0x58, 0x05, 0x2e, 
	0x59, 0x3e, 0x5a, 0x23, 0x23, 0x20, 0x5b, 0x06, 
	0x36, 0x0b, 0x1c, 0x13, 0x5c, 0x14, 0x0d, 0x23, 
	0x1c, 0x38, 0x10, 0x18, 0x1c, 0x50, 0x08, 0x34, 
	0x1e, 0x0b, 0x00, 0x13, 0x0a, 0x3e, 0x45, 0x48, 
	0x23, 0x2a, 0x3e, 0x20, 0x14, 0x1b, 0x4c, 0x56, 
	0x5d, 0x18, 0x5e, 0x0a, 0x5f, 0x06, 0x14, 0x12, 
	0x11, 0x03, 0x35, 0x18, 0x10, 0x60, 0x02, 0x17, 
	0x61, 0x14, 0x13, 0x10, 0x06, 0x14, 0x36, 0x62, 
	0x47, 0x59, 0x35, 0x05, 0x10, 0x26, 0x04, 0x63, 
	0x64, 0x0b, 0x2a, 0x01, 0x06, 0x01, 0x06, 0x35, 
	0x59, 0x65, 0x66, 0x09, 0x14, 0x14, 0x02, 0x0f, 
	0x0f, 0x17, 0x10, 0x39, 0x13, 0x00, 0x30, 0x2a, 
	0x1d, 0x01, 0x1f, 0x43, 0x0b, 0x1e, 0x18, 0x67, 
	0x10, 0x1b, 0x5a, 0x0d, 0x0a, 0x0b, 0x12, 0x59, 
	0x2a, 0x02, 0x33, 0x23, 0x01, 0x2d, 0x06, 0x06, 
	0x06, 0x17, 0x23, 0x35, 0x25, 0x37, 0x35, 0x0b, 
	0x38, 0x18, 0x1b, 0x1e, 0x61, 0x02, 0x02, 0x49, 
	0x06, 0x68, 0x0b, 0x0f, 0x00, 0x29, 0x35, 0x11, 
	0x00, 0x4c, 0x47, 0x47, 0x13, 0x06, 0x08, 0x16, 
	0x0d, 0x0d, 0x06, 0x10, 0x40, 0x21, 0x0d, 0x0b, 
	0x25, 0x13, 0x0c, 0x1e, 0x38, 0x2d, 0x08, 0x69, 
	0x02, 0x10, 0x6a, 0x20, 0x6b, 0x3e, 0x5a, 0x1b, 
	0x21, 0x21, 0x05, 0x68, 0x48, 0x05, 0x13, 0x01, 
	0x18, 0x2d, 0x6c, 0x4b, 0x6d, 0x00, 0x0f, 0x1d, 
	0x0b, 0x0f, 0x06, 0x0a, 0x6e, 0x6f, 0x01, 0x1c, 
	0x14, 0x1b, 0x35, 0x3e, 0x23, 0x3f, 0x70, 0x35, 
	0x71, 0x2c, 0x14, 0x0b, 0x1b, 0x56, 0x26, 0x1a, 
	0x35, 0x25, 0x35, 0x33, 0x72, 0x1e, 0x02, 0x35, 
	0x15, 0x01, 0x14, 0x14, 0x07, 0x06, 0x01, 0x0d, 
	0x23, 0x0b, 0x23, 0x41, 0x68, 0x05, 0x35, 0x73, 
	0x0b, 0x01, 0x74, 0x02, 0x46, 0x1e, 0x64, 0x70, 
	0x75, 0x68, 0x76, 0x21, 0x0a, 0x01, 0x06, 0x00, 
	0x0f, 0x14, 0x06, 0x06, 0x07, 0x24, 0x70, 0x17, 
	0x35, 0x6e, 0x00, 0x1a, 0x45, 0x29, 0x1b, 0x0b, 
	0x61, 0x14, 0x38, 0x77, 0x46, 0x14, 0x15, 0x2d, 
	0x14, 0x21, 0x78, 0x10, 0x0f, 0x77, 0x0d, 0x01, 
	0x1c, 0x0d, 0x15, 0x06, 0x15, 0x00, 0x20, 0x5a, 
	0x70, 0x1d, 0x1d, 0x79, 0x35, 0x0b, 0x18, 0x02, 
	0x7a, 0x13, 0x38, 0x02, 0x02, 0x1d, 0x14, 0x11, 
	0x06, 0x18, 0x1a, 0x18, 0x7b, 0x7c, 0x39, 0x01, 
	0x1c, 0x17, 0x00, 0x12, 0x06, 0x7d, 0x0d, 0x35, 
	0x0b, 0x6e, 0x32, 0x7e, 0x18, 0x18, 0x5c, 0x14, 
	0x16, 0x21, 0x02, 0x02, 0x61, 0x12, 0x23, 0x10, 
	0x14, 0x0b, 0x78, 0x18, 0x7f, 0x6e, 0x0d, 0x02, 
	0x10, 0x5a, 0x11, 0x1c, 0x0b, 0x80, 0x23, 0x2a, 
	0x0a, 0x3f, 0x81, 0x82, 0x13, 0x18, 0x83, 0x10, 
	0x15, 0x14, 0x0b, 0x1d, 0x61, 0x00, 0x70, 0x23, 
	0x06, 0x09, 0x79, 0x18, 0x23, 0x16, 0x1c, 0x02, 
	0x13, 0x39, 0x5f, 0x10, 0x00, 0x1d, 0x1c, 0x11, 
	0x5a, 0x21, 0x35, 0x56, 0x48, 0x1b, 0x0b, 0x0b, 
	0x7d, 0x5a, 0x1e, 0x0f, 0x0b, 0x01, 0x14, 0x0f, 
	0x0b, 0x84, 0x79, 0x1e, 0x17, 0x0d, 0x0d, 0x1d, 
	0x00, 0x17, 0x39, 0x14, 0x00, 0x0f, 0x0f, 0x3e, 
	0x10, 0x1b, 0x1f, 0x1e, 0x5e, 0x2b, 0x40, 0x5c, 
	0x1e, 0x18, 0x02, 0x35, 0x01, 0x7a, 0x06, 0x08, 
	0x25, 0x21, 0x85, 0x2e, 0x1d, 0x1c, 0x16, 0x01, 
	0x14, 0x17, 0x1d, 0x16, 0x1e, 0x0a, 0x0f, 0x86, 
	0x24, 0x1e, 0x1f, 0x1f, 0x7a, 0x0b, 0x1b, 0x40, 
	0x3e, 0x00, 0x02, 0x6e, 0x18, 0x87, 0x4e, 0x00, 
	0x88, 0x6a, 0x85, 0x23, 0x09, 0x17, 0x16, 0x15, 
	0x01, 0x0f, 0x0f, 0x0f, 0x01, 0x16, 0x10, 0x23, 
	0x89, 0x01, 0x00, 0x2e, 0x1f, 0x1e, 0x18, 0x0b, 
	0x6a, 0x05, 0x04, 0x21, 0x23, 0x40, 0x77, 0x3e, 
	0x21, 0x37, 0x04, 0x8a, 0x00, 0x0a, 0x01, 0x0a, 
	0x0f, 0x0f, 0x0a, 0x0f, 0x20, 0x21, 0x8b, 0x00, 
	0x01, 0x06, 0x8c, 0x2d, 0x01, 0x01, 0x7a, 0x5c, 
	0x1b, 0x1a, 0x5c, 0x43, 0x4a, 0x1f, 0x25, 0x06, 
	0x14, 0x11, 0x8d, 0x31, 0x3e, 0x13, 0x8a, 0x6a, 
	0x8e, 0x37, 0x8f, 0x78, 0x26, 0x30, 0x30, 0x0c, 
	0x23, 0x4f, 0x10, 0x89, 0x73, 0x13, 0x0b, 0x13, 
	0x1b, 0x90, 0x18, 0x0b, 0x20, 0x06, 0x01, 0x01, 
	0x01, 0x06, 0x5a, 0x6d, 0x47, 0x32, 0x59, 0x59, 
	0x0a, 0x1e, 0x18, 0x18, 0x18, 0x0b, 0x3e, 0x13, 
	0x14, 0x35, 0x06, 0x89, 0x00, 0x2e, 0x43, 0x0a, 
	0x21, 0x68, 0x18, 0x14, 0x70, 0x14, 0x14, 0x1b, 
	0x01, 0x01, 0x00, 0x32, 0x21, 0x12, 0x01, 0x80, 
	0x02, 0x01, 0x80, 0x49, 0x4d, 0x13, 0x0b, 0x59, 
	0x91, 0x11, 0x14, 0x18, 0x06, 0x1e, 0x1e, 0x2b, 
	0x2f, 0x14, 0x06, 0x25, 0x01, 0x00, 0x14, 0x0a, 
	0x01, 0x18, 0x25, 0x3d, 0x23, 0x1b, 0x35, 0x49, 
	0x12, 0x14, 0x12, 0x17, 0x49, 0x0c, 0x83, 0x06, 
	0x01, 0x2a, 0x35, 0x0a, 0x14, 0x18, 0x10, 0x21, 
	0x13, 0x7d, 0x14, 0x14, 0x00, 0x13, 0x0d, 0x20, 
	0x0a, 0x18, 0x06, 0x6a, 0x34, 0x56, 0x5f, 0x06, 
	0x13, 0x06, 0x06, 0x1e, 0x02, 0x4c, 0x43, 0x1f, 
	0x02, 0x2e, 0x5e, 0x2a, 0x06, 0x14, 0x92, 0x23, 
	0x1e, 0x35, 0x00, 0x0f, 0x13, 0x14, 0x14, 0x14, 
	0x02, 0x18, 0x40, 0x01, 0x5b, 0x93, 0x74, 0x50, 
	0x12, 0x01, 0x0f, 0x1e, 0x0d, 0x15, 0x08, 0x0b, 
	0x39, 0x60, 0x06, 0x3c, 0x21, 0x8e, 0x0b, 0x4a, 
	0x02, 0x0f, 0x14, 0x01, 0x1b, 0x14, 0x14, 0x00, 
	0x1e, 0x18, 0x30, 0x0b, 0x94, 0x95, 0x12, 0x13, 
	0x1d, 0x24, 0x14, 0x1d, 0x15, 0x0f, 0x08, 0x0f, 
	
};

Gfx rf_end_final_path_pal_rgba16_aligner[] = {gsSPEndDisplayList()};
u8 rf_end_final_path_pal_rgba16[] = {
	0xb5, 0xed, 0xce, 0xb3, 0xd6, 0xf5, 0xad, 0x69, 
	0x4a, 0xd3, 0x84, 0xa1, 0xc6, 0x71, 0xc6, 0x2d, 
	0xd6, 0xb3, 0xef, 0x7b, 0xce, 0x73, 0xd6, 0xb5, 
	0xbe, 0x31, 0xbd, 0xed, 0x94, 0x9f, 0xce, 0x71, 
	0x9d, 0x27, 0x9d, 0x25, 0xa5, 0xa9, 0xad, 0xab, 
	0xbe, 0x2f, 0xc6, 0x2f, 0xbe, 0x2d, 0xad, 0xa9, 
	0xe7, 0x39, 0x3a, 0x4f, 0x74, 0x1d, 0xc6, 0x31, 
	0xb5, 0xab, 0xb5, 0xeb, 0xde, 0xf7, 0xce, 0xb5, 
	0xb5, 0xad, 0x8c, 0xa3, 0x5b, 0x15, 0xa5, 0x69, 
	0xc6, 0x6f, 0xbd, 0xef, 0x7c, 0x5f, 0x42, 0x91, 
	0x8c, 0xa5, 0xb5, 0xef, 0x94, 0xa3, 0x74, 0x1f, 
	0xa5, 0xa7, 0xce, 0xb1, 0xc6, 0x73, 0x63, 0x59, 
	0x7c, 0x1d, 0x52, 0xd3, 0x84, 0x5f, 0x5b, 0x55, 
	0xb6, 0x67, 0x94, 0xe5, 0x63, 0x99, 0x73, 0xdb, 
	0xc6, 0x6d, 0xa5, 0x67, 0x84, 0x9d, 0x74, 0x17, 
	0x5b, 0x97, 0x42, 0x8d, 0x94, 0xa5, 0xa5, 0x6b, 
	0x84, 0x61, 0x63, 0x55, 0xad, 0xe7, 0xdf, 0x39, 
	0x95, 0x25, 0x53, 0x15, 0xd6, 0xf3, 0x5b, 0x57, 
	0x7c, 0x1f, 0xbe, 0x6f, 0xdf, 0x37, 0x8c, 0x9f, 
	0x9d, 0x67, 0xce, 0x2f, 0xf7, 0x7d, 0xc6, 0xb1, 
	0xb6, 0x2d, 0xd7, 0x37, 0x6b, 0x55, 0xc5, 0xef, 
	0xe7, 0x7b, 0xbe, 0x6d, 0x95, 0x27, 0xa5, 0x25, 
	0x63, 0x57, 0x8c, 0xa1, 0xa5, 0x27, 0xc6, 0xb3, 
	0xa5, 0xab, 0x6b, 0xdd, 0x94, 0xa1, 0xad, 0xeb, 
	0xce, 0xf3, 0xde, 0xf5, 0x4a, 0xcf, 0x42, 0x8f, 
	0x9d, 0x65, 0xdf, 0x33, 0x7c, 0x5d, 0xa5, 0xa5, 
	0x73, 0xdd, 0xb5, 0xa9, 0x6b, 0x9b, 0xa5, 0x29, 
	0xb5, 0xe9, 0x63, 0x97, 0xbd, 0xeb, 0xce, 0x6f, 
	0xad, 0x6b, 0x7c, 0x1b, 0x9d, 0x29, 0xb6, 0x2f, 
	0xb6, 0x2b, 0x73, 0xd9, 0x52, 0xcf, 0xb6, 0x27, 
	0x6b, 0xdb, 0x52, 0xd5, 0xd6, 0xf7, 0xa5, 0x65, 
	0xad, 0x65, 0x9c, 0xe5, 0x5b, 0x17, 0xad, 0xe9, 
	0x9c, 0xe3, 0x4a, 0x53, 0x7c, 0x5b, 0xbe, 0x71, 
	0xf7, 0xbd, 0x42, 0x51, 0x8c, 0x5f, 0xc6, 0xad, 
	0x84, 0x21, 0xc6, 0xaf, 0x8c, 0x9d, 0x53, 0x17, 
	0x9d, 0x69, 0x6b, 0x59, 0x84, 0x5d, 0x7c, 0x19, 
	0x74, 0x1b, 0x7b, 0xd7, 0x73, 0xdf, 0xa5, 0xe7, 
	0xad, 0xef, 0x94, 0xe3, 
};

Gfx rf_end_conc_i8_aligner[] = {gsSPEndDisplayList()};
u8 rf_end_conc_i8[] = {
	0xc0, 0xd0, 0xe8, 0xd8, 0xd8, 0xe0, 0xe8, 0xe8, 
	0xe0, 0xd0, 0xd0, 0xd8, 0xe0, 0xe8, 0xd0, 0xe0, 
	0xd0, 0xc0, 0xe8, 0xd8, 0xc8, 0xd8, 0xd8, 0xe8, 
	0xd0, 0xd0, 0xe8, 0xd8, 0xc0, 0xd8, 0xe0, 0xd0, 
	0xd8, 0xd8, 0xe0, 0xe0, 0xd8, 0xd8, 0xe8, 0xe0, 
	0xd0, 0xd0, 0xe0, 0xe0, 0xe8, 0xe0, 0xc8, 0xe0, 
	0xd0, 0xc8, 0xe0, 0xd8, 0xd0, 0xd8, 0xe0, 0xe0, 
	0xc8, 0xd8, 0xf0, 0xd0, 0xc0, 0xd8, 0xe8, 0xd8, 
	0xd8, 0xe8, 0xe0, 0xe0, 0xe0, 0xe0, 0xe8, 0xd0, 
	0xb0, 0xd8, 0xe0, 0xd8, 0xe0, 0xd8, 0xd8, 0xe0, 
	0xd0, 0xd0, 0xd8, 0xd0, 0xd8, 0xd8, 0xd8, 0xd8, 
	0xc8, 0xd8, 0xe8, 0xd0, 0xc8, 0xd8, 0xe0, 0xe0, 
	0xe0, 0xe8, 0xd8, 0xd8, 0xe0, 0xe0, 0xe0, 0xd0, 
	0xc0, 0xe0, 0xd0, 0xd0, 0xe0, 0xd8, 0xe0, 0xe0, 
	0xd8, 0xc8, 0xd0, 0xd0, 0xd8, 0xd8, 0xc8, 0xe0, 
	0xe0, 0xd8, 0xd8, 0xc8, 0xc8, 0xd8, 0xe0, 0xe8, 
	0xe8, 0xe8, 0xd0, 0xd0, 0xd8, 0xe0, 0xd8, 0xd8, 
	0xe8, 0xe8, 0xc8, 0xc8, 0xe0, 0xe0, 0xd8, 0xd8, 
	0xe0, 0xc8, 0xd8, 0xe0, 0xe0, 0xc8, 0xc0, 0xe8, 
	0xe8, 0xd0, 0xc0, 0xc8, 0xd0, 0xe0, 0xe8, 0xe8, 
	0xe8, 0xe0, 0xd8, 0xd0, 0xd8, 0xe0, 0xd0, 0xe0, 
	0xe8, 0xf0, 0xd0, 0xc8, 0xd8, 0xe0, 0xd0, 0xd0, 
	0xe0, 0xc8, 0xd8, 0xe0, 0xd8, 0xc8, 0xc8, 0xe0, 
	0xb8, 0xb8, 0xc8, 0xd8, 0xe0, 0xe0, 0xe8, 0xf0, 
	0xe8, 0xe0, 0xd8, 0xd8, 0xd8, 0xe0, 0xc8, 0xd0, 
	0xe8, 0xf0, 0xd8, 0xd0, 0xd0, 0xe0, 0xe0, 0xd8, 
	0xd8, 0xd0, 0xd8, 0xe0, 0xd8, 0xc8, 0xe0, 0xc8, 
	0x98, 0xb0, 0xd0, 0xe0, 0xe8, 0xe8, 0xe8, 0xe0, 
	0xd8, 0xe8, 0xe0, 0xe0, 0xe0, 0xd8, 0xd0, 0xc8, 
	0xe8, 0xe8, 0xe0, 0xd8, 0xc8, 0xd8, 0xd8, 0xe0, 
	0xd8, 0xd0, 0xe0, 0xe0, 0xd0, 0xc0, 0xe8, 0xd8, 
	0xa8, 0xb0, 0xd0, 0xe0, 0xe0, 0xe8, 0xe0, 0xe0, 
	0xd8, 0xe0, 0xe8, 0xe0, 0xe0, 0xe0, 0xd8, 0xd0, 
	0xe0, 0xe8, 0xe0, 0xd8, 0xd8, 0xd0, 0xd0, 0xd8, 
	0xd0, 0xe0, 0xe0, 0xc8, 0xd8, 0xd0, 0xe0, 0xe0, 
	0xd0, 0xd8, 0xd8, 0xe0, 0xe0, 0xd8, 0xd0, 0xd8, 
	0xe0, 0xe0, 0xe8, 0xd8, 0xd8, 0xe0, 0xd0, 0xc8, 
	0xe8, 0xe8, 0xe0, 0xe0, 0xe0, 0xd0, 0xd8, 0xe0, 
	0xc8, 0xe8, 0xe8, 0xc0, 0xd8, 0xd8, 0xe0, 0xd8, 
	0xc8, 0xe0, 0xe0, 0xe0, 0xe8, 0xd8, 0xd0, 0xd8, 
	0xd8, 0xe0, 0xe0, 0xe0, 0xd0, 0xd8, 0xd0, 0xd0, 
	0xe8, 0xe8, 0xe8, 0xe0, 0xd0, 0xd0, 0xd0, 0xe0, 
	0xd0, 0xe0, 0xe8, 0xc8, 0xd8, 0xd8, 0xe0, 0xe0, 
	0xd0, 0xd8, 0xe8, 0xe0, 0xe0, 0xe0, 0xd8, 0xd8, 
	0xe0, 0xe0, 0xd8, 0xd8, 0xd0, 0xe0, 0xe0, 0xd8, 
	0xe8, 0xd8, 0xe0, 0xe0, 0xd0, 0xc8, 0xd8, 0xe0, 
	0xe0, 0xd8, 0xe0, 0xd8, 0xd0, 0xd0, 0xd8, 0xe0, 
	0xd8, 0xd8, 0xe0, 0xd0, 0xd0, 0xe0, 0xe0, 0xc8, 
	0xe8, 0xd8, 0xd0, 0xd0, 0xd0, 0xe8, 0xe8, 0xd8, 
	0xe0, 0xe0, 0xd8, 0xe0, 0xd8, 0xc0, 0xd8, 0xe8, 
	0xe0, 0xd0, 0xe0, 0xe8, 0xd8, 0xd0, 0xd0, 0xd8, 
	0xd8, 0xd8, 0xd8, 0xd0, 0xd0, 0xe0, 0xe8, 0xd8, 
	0xe0, 0xe0, 0xd0, 0xd0, 0xd8, 0xe8, 0xe8, 0xe0, 
	0xe0, 0xe0, 0xe0, 0xd8, 0xd8, 0xc8, 0xd8, 0xe8, 
	0xe0, 0xd0, 0xe8, 0xe8, 0xd0, 0xc8, 0xe0, 0xc8, 
	0xc8, 0xc8, 0xe0, 0xe0, 0xd0, 0xd0, 0xd8, 0xe8, 
	0xe0, 0xe8, 0xd0, 0xc8, 0xd8, 0xe8, 0xe8, 0xe8, 
	0xe0, 0xe0, 0xe0, 0xd8, 0xd0, 0xc8, 0xd8, 0xe8, 
	0xe0, 0xd0, 0xe0, 0xe0, 0xd0, 0xc8, 0xd8, 0xc8, 
	0xc0, 0xd0, 0xe8, 0xe8, 0xd0, 0xc8, 0xd0, 0xe0, 
	0xe8, 0xe0, 0xd8, 0xd0, 0xd0, 0xe8, 0xe8, 0xe8, 
	0xe0, 0xe0, 0xd8, 0xd0, 0xd0, 0xb8, 0xd8, 0xe8, 
	0xe0, 0xd0, 0xd8, 0xe8, 0xd8, 0xd0, 0xc8, 0xd8, 
	0xd0, 0xe0, 0xe8, 0xe0, 0xd8, 0xd8, 0xd0, 0xd8, 
	0xe8, 0xd8, 0xd8, 0xe0, 0xe0, 0xe8, 0xe8, 0xe0, 
	0xe0, 0xd8, 0xd0, 0xd8, 0xd0, 0xb0, 0xd0, 0xe8, 
	0xe8, 0xe0, 0xd8, 0xe0, 0xd8, 0xd8, 0xd0, 0xd8, 
	0xd8, 0xd8, 0xe8, 0xe0, 0xe0, 0xe0, 0xd0, 0xd8, 
	0xd8, 0xd0, 0xd8, 0xe8, 0xe8, 0xe0, 0xe8, 0xe8, 
	0xe0, 0xd0, 0xd8, 0xe0, 0xe0, 0xd0, 0xc8, 0xe8, 
	0xf0, 0xe8, 0xd8, 0xd0, 0xe0, 0xd8, 0xc8, 0xd0, 
	0xd8, 0xe0, 0xe0, 0xd8, 0xd8, 0xe0, 0xd8, 0xd8, 
	0xc0, 0xd0, 0xe0, 0xf0, 0xf0, 0xe8, 0xe8, 0xe0, 
	0xe0, 0xd8, 0xd8, 0xd0, 0xe0, 0xe0, 0xd0, 0xe0, 
	0xe8, 0xe8, 0xd0, 0xd0, 0xe0, 0xc8, 0xb8, 0xc8, 
	0xe0, 0xe0, 0xe0, 0xd0, 0xc8, 0xe8, 0xd8, 0xd0, 
	0xc0, 0xd0, 0xe0, 0xe8, 0xf0, 0xe8, 0xd8, 0xd0, 
	0xe0, 0xe8, 0xd8, 0xd8, 0xd8, 0xe8, 0xd8, 0xd8, 
	0xe0, 0xe0, 0xd8, 0xd8, 0xd0, 0xd0, 0xb0, 0xc0, 
	0xe0, 0xe0, 0xe0, 0xd8, 0xd0, 0xe8, 0xd0, 0xd0, 
	0xc0, 0xd0, 0xe0, 0xf0, 0xf0, 0xf0, 0xd8, 0xc8, 
	0xe0, 0xe8, 0xe0, 0xc0, 0xd8, 0xe8, 0xe0, 0xd8, 
	0xe0, 0xe0, 0xd8, 0xd0, 0xd0, 0xd8, 0xb8, 0xd0, 
	0xe8, 0xe0, 0xe0, 0xe0, 0xe0, 0xe0, 0xd0, 0xd8, 
	0xc8, 0xc8, 0xe0, 0xf0, 0xf0, 0xe8, 0xe0, 0xc0, 
	0xd8, 0xf0, 0xd8, 0xb8, 0xd8, 0xe8, 0xe8, 0xe0, 
	0xe0, 0xe8, 0xc0, 0xb8, 0xd0, 0xd0, 0xd8, 0xd8, 
	0xe0, 0xd8, 0xe0, 0xe8, 0xe0, 0xd8, 0xd0, 0xe0, 
	0xc8, 0xc8, 0xe0, 0xe8, 0xe0, 0xd8, 0xe0, 0xc0, 
	0xd0, 0xf0, 0xd0, 0xc0, 0xe0, 0xe8, 0xe8, 0xe0, 
	0xe0, 0xd8, 0xa8, 0xc0, 0xc0, 0xd8, 0xe0, 0xd0, 
	0xd0, 0xe0, 0xe8, 0xe8, 0xd0, 0xd8, 0xd8, 0xd8, 
	0xd8, 0xd8, 0xe0, 0xe0, 0xd0, 0xd0, 0xe8, 0xe0, 
	0xd8, 0xe8, 0xd8, 0xd0, 0xe0, 0xe8, 0xe8, 0xe0, 
	0xd8, 0xc0, 0xb8, 0xc0, 0xc8, 0xe0, 0xe0, 0xc8, 
	0xd0, 0xe0, 0xe8, 0xe0, 0xc0, 0xc8, 0xe0, 0xd8, 
	0xc8, 0xe0, 0xe0, 0xc8, 0xc8, 0xd8, 0xe8, 0xf0, 
	0xd8, 0xe0, 0xe0, 0xc8, 0xe0, 0xe8, 0xe8, 0xd8, 
	0xd0, 0xc8, 0xb0, 0xb0, 0xc0, 0xd8, 0xe8, 0xd8, 
	0xd8, 0xe8, 0xd8, 0xd8, 0xb8, 0xc8, 0xe8, 0xe8, 
	0xc0, 0xd8, 0xe8, 0xd8, 0xc8, 0xd8, 0xe0, 0xf0, 
	0xe0, 0xe8, 0xd8, 0xc8, 0xe0, 0xe8, 0xe8, 0xd8, 
	0xd0, 0xd0, 0xc0, 0xa0, 0xb0, 0xd8, 0xe8, 0xe0, 
	0xd0, 0xd0, 0xd8, 0xe0, 0xc8, 0xd8, 0xe8, 0xe0, 
	0xb8, 0xd0, 0xe8, 0xe0, 0xc8, 0xd0, 0xe8, 0xf0, 
	0xe8, 0xe0, 0xd0, 0xd0, 0xe8, 0xe0, 0xd8, 0xd8, 
	0xc8, 0xd0, 0xc8, 0xa0, 0xb0, 0xd8, 0xe8, 0xe8, 
	0xd0, 0xc0, 0xd0, 0xd8, 0xd0, 0xd0, 0xd8, 0xe8, 
	0xc0, 0xd8, 0xe8, 0xe0, 0xc8, 0xd8, 0xe8, 0xf0, 
	0xe8, 0xd8, 0xd8, 0xe0, 0xe0, 0xd0, 0xd0, 0xd8, 
	0xd0, 0xd0, 0xe0, 0xc8, 0xc0, 0xd0, 0xe0, 0xe0, 
	0xc8, 0xc0, 0xd0, 0xd8, 0xd0, 0xc8, 0xd0, 0xe0, 
	0xc8, 0xd0, 0xe0, 0xe0, 0xd8, 0xe0, 0xe8, 0xd8, 
	0xd0, 0xe0, 0xe0, 0xe8, 0xc0, 0xb0, 0xc8, 0xe0, 
	0xd8, 0xe0, 0xe0, 0xd8, 0xd8, 0xd0, 0xd0, 0xe8, 
	0xd8, 0xd0, 0xd0, 0xd0, 0xd0, 0xc8, 0xd0, 0xd0, 
	0xd0, 0xc0, 0xe0, 0xe8, 0xd8, 0xe0, 0xe8, 0xc8, 
	0xc8, 0xe8, 0xe8, 0xd0, 0xb0, 0xc0, 0xd8, 0xe8, 
	0xe0, 0xd8, 0xe0, 0xe8, 0xd8, 0xd8, 0xd8, 0xe0, 
	0xd8, 0xd8, 0xc8, 0xc0, 0xd0, 0xc8, 0xc8, 0xd0, 
	0xd0, 0xb8, 0xd8, 0xe8, 0xe8, 0xe8, 0xe8, 0xc0, 
	0xc8, 0xe8, 0xf0, 0xc8, 0xb0, 0xd0, 0xe8, 0xf0, 
	0xe8, 0xd8, 0xe0, 0xe8, 0xd8, 0xd8, 0xd8, 0xe0, 
	0xd0, 0xc0, 0xc8, 0xc8, 0xd0, 0xd0, 0xd0, 0xd0, 
	0xd8, 0xc8, 0xd0, 0xe8, 0xe8, 0xe8, 0xe0, 0xc8, 
	0xc8, 0xe8, 0xe8, 0xc8, 0xb0, 0xd0, 0xe8, 0xf0, 
	0xe0, 0xd8, 0xe0, 0xd8, 0xd8, 0xd8, 0xd8, 0xe0, 
	0xc0, 0xb0, 0xc0, 0xd0, 0xe0, 0xd8, 0xd0, 0xd0, 
	
};

Gfx rf_end_prophecy_ci8_aligner[] = {gsSPEndDisplayList()};
u8 rf_end_prophecy_ci8[] = {
	0x00, 0x01, 0x02, 0x03, 0x02, 0x02, 0x04, 0x05, 
	0x06, 0x07, 0x07, 0x07, 0x07, 0x05, 0x04, 0x02, 
	0x02, 0x02, 0x02, 0x02, 0x01, 0x05, 0x06, 0x08, 
	0x01, 0x04, 0x02, 0x02, 0x02, 0x02, 0x04, 0x09, 
	0x07, 0x01, 0x0a, 0x02, 0x02, 0x04, 0x01, 0x05, 
	0x07, 0x07, 0x07, 0x07, 0x07, 0x08, 0x01, 0x04, 
	0x0b, 0x02, 0x0b, 0x01, 0x05, 0x08, 0x06, 0x06, 
	0x05, 0x01, 0x04, 0x02, 0x02, 0x04, 0x01, 0x09, 
	0x09, 0x06, 0x01, 0x02, 0x02, 0x02, 0x02, 0x01, 
	0x05, 0x07, 0x00, 0x07, 0x05, 0x01, 0x02, 0x02, 
	0x02, 0x02, 0x01, 0x05, 0x08, 0x07, 0x07, 0x05, 
	0x01, 0x02, 0x02, 0x02, 0x02, 0x01, 0x06, 0x09, 
	0x06, 0x01, 0x02, 0x02, 0x03, 0x03, 0x03, 0x02, 
	0x01, 0x05, 0x06, 0x07, 0x06, 0x05, 0x01, 0x02, 
	0x02, 0x02, 0x02, 0x04, 0x01, 0x05, 0x07, 0x08, 
	0x05, 0x01, 0x02, 0x02, 0x02, 0x02, 0x01, 0x07, 
	0x00, 0x08, 0x0a, 0x03, 0x0c, 0x0d, 0x0e, 0x02, 
	0x01, 0x08, 0x06, 0x07, 0x07, 0x06, 0x01, 0x02, 
	0x03, 0x03, 0x02, 0x01, 0x08, 0x05, 0x07, 0x07, 
	0x06, 0x01, 0x02, 0x02, 0x02, 0x0a, 0x01, 0x07, 
	0x0f, 0x10, 0x11, 0x12, 0x13, 0x13, 0x12, 0x12, 
	0x11, 0x14, 0x14, 0x15, 0x11, 0x12, 0x12, 0x12, 
	0x13, 0x12, 0x11, 0x11, 0x11, 0x11, 0x11, 0x12, 
	0x16, 0x16, 0x16, 0x12, 0x13, 0x11, 0x10, 0x17, 
	0x18, 0x12, 0x09, 0x08, 0x01, 0x01, 0x06, 0x09, 
	0x12, 0x19, 0x12, 0x13, 0x13, 0x09, 0x09, 0x1a, 
	0x1a, 0x12, 0x12, 0x19, 0x1a, 0x11, 0x13, 0x1a, 
	0x09, 0x09, 0x06, 0x05, 0x01, 0x13, 0x1b, 0x0f, 
	0x1c, 0x1c, 0x1c, 0x1c, 0x1c, 0x1c, 0x1c, 0x1c, 
	0x1c, 0x1c, 0x1c, 0x1c, 0x1c, 0x1c, 0x1c, 0x1c, 
	0x1c, 0x1c, 0x1c, 0x1c, 0x1c, 0x1c, 0x1c, 0x1c, 
	0x1c, 0x1c, 0x1c, 0x1c, 0x1c, 0x1c, 0x1c, 0x1c, 
	0x1d, 0x0e, 0x1d, 0x1e, 0x0c, 0x1d, 0x1d, 0x1f, 
	0x1c, 0x20, 0x03, 0x03, 0x0a, 0x0a, 0x21, 0x08, 
	0x1c, 0x0d, 0x0d, 0x22, 0x0d, 0x1d, 0x1d, 0x09, 
	0x21, 0x03, 0x0e, 0x03, 0x1c, 0x23, 0x21, 0x24, 
	0x16, 0x1d, 0x0d, 0x1d, 0x21, 0x1d, 0x1a, 0x19, 
	0x12, 0x1c, 0x03, 0x0d, 0x0d, 0x21, 0x20, 0x24, 
	0x11, 0x21, 0x00, 0x0d, 0x0d, 0x21, 0x13, 0x09, 
	0x0a, 0x1c, 0x03, 0x03, 0x03, 0x1c, 0x12, 0x12, 
	0x11, 0x16, 0x1d, 0x21, 0x1d, 0x00, 0x09, 0x1a, 
	0x11, 0x25, 0x1c, 0x02, 0x21, 0x01, 0x24, 0x24, 
	0x1f, 0x24, 0x21, 0x0d, 0x1c, 0x13, 0x13, 0x09, 
	0x09, 0x09, 0x21, 0x09, 0x21, 0x26, 0x12, 0x00, 
	0x11, 0x1a, 0x16, 0x1d, 0x08, 0x00, 0x00, 0x12, 
	0x15, 0x25, 0x14, 0x1c, 0x01, 0x09, 0x09, 0x24, 
	0x1f, 0x1a, 0x12, 0x21, 0x17, 0x13, 0x1f, 0x1f, 
	0x24, 0x1a, 0x13, 0x21, 0x19, 0x27, 0x0f, 0x12, 
	0x1c, 0x1c, 0x1c, 0x1c, 0x1c, 0x1c, 0x1c, 0x1c, 
	0x1c, 0x1c, 0x1c, 0x1c, 0x1c, 0x1c, 0x1c, 0x1c, 
	0x1c, 0x1c, 0x1c, 0x1c, 0x1c, 0x1c, 0x1c, 0x1c, 
	0x1c, 0x1c, 0x1c, 0x1c, 0x1c, 0x1c, 0x1c, 0x1c, 
	0x17, 0x28, 0x19, 0x1a, 0x24, 0x24, 0x13, 0x13, 
	0x11, 0x28, 0x27, 0x15, 0x16, 0x19, 0x16, 0x19, 
	0x15, 0x10, 0x11, 0x15, 0x11, 0x25, 0x14, 0x16, 
	0x16, 0x16, 0x11, 0x15, 0x15, 0x14, 0x10, 0x17, 
	0x29, 0x2a, 0x2b, 0x2b, 0x2c, 0x2d, 0x2d, 0x2c, 
	0x2b, 0x2b, 0x2b, 0x2c, 0x2c, 0x2d, 0x2c, 0x2c, 
	0x2c, 0x2c, 0x2c, 0x2b, 0x2c, 0x2c, 0x2c, 0x2c, 
	0x2c, 0x2c, 0x2c, 0x2b, 0x2c, 0x2b, 0x2e, 0x2f, 
	0x30, 0x31, 0x32, 0x2f, 0x33, 0x2e, 0x33, 0x34, 
	0x35, 0x35, 0x35, 0x2f, 0x34, 0x33, 0x34, 0x34, 
	0x2f, 0x2f, 0x2f, 0x35, 0x2f, 0x36, 0x2f, 0x2f, 
	0x33, 0x34, 0x33, 0x34, 0x2f, 0x36, 0x37, 0x38, 
	0x39, 0x3a, 0x39, 0x39, 0x39, 0x39, 0x39, 0x3a, 
	0x3a, 0x3a, 0x3a, 0x3a, 0x3a, 0x3b, 0x17, 0x39, 
	0x3b, 0x3c, 0x3b, 0x3a, 0x3a, 0x3d, 0x3a, 0x3b, 
	0x39, 0x39, 0x17, 0x39, 0x3b, 0x3b, 0x3a, 0x39, 
	0x15, 0x14, 0x16, 0x13, 0x3e, 0x24, 0x13, 0x12, 
	0x14, 0x15, 0x14, 0x16, 0x16, 0x12, 0x14, 0x14, 
	0x14, 0x28, 0x25, 0x25, 0x25, 0x10, 0x27, 0x25, 
	0x11, 0x12, 0x13, 0x24, 0x28, 0x10, 0x27, 0x11, 
	0x13, 0x24, 0x24, 0x07, 0x07, 0x01, 0x29, 0x01, 
	0x09, 0x09, 0x3f, 0x07, 0x01, 0x00, 0x09, 0x09, 
	0x09, 0x09, 0x1a, 0x1a, 0x13, 0x12, 0x16, 0x13, 
	0x09, 0x06, 0x3f, 0x0a, 0x1a, 0x09, 0x24, 0x24, 
	0x1a, 0x24, 0x09, 0x07, 0x00, 0x05, 0x40, 0x01, 
	0x00, 0x07, 0x41, 0x0b, 0x0b, 0x00, 0x09, 0x24, 
	0x24, 0x1a, 0x1a, 0x1a, 0x1a, 0x1a, 0x12, 0x1a, 
	0x09, 0x07, 0x3f, 0x00, 0x06, 0x09, 0x09, 0x24, 
	0x13, 0x1a, 0x09, 0x09, 0x09, 0x07, 0x05, 0x06, 
	0x09, 0x09, 0x07, 0x0b, 0x07, 0x00, 0x09, 0x09, 
	0x09, 0x1a, 0x1a, 0x1a, 0x3e, 0x13, 0x12, 0x1a, 
	0x24, 0x07, 0x07, 0x09, 0x01, 0x09, 0x13, 0x24, 
	0x25, 0x11, 0x1a, 0x09, 0x09, 0x09, 0x00, 0x09, 
	0x24, 0x1a, 0x24, 0x00, 0x09, 0x00, 0x09, 0x24, 
	0x1a, 0x24, 0x24, 0x1a, 0x1a, 0x13, 0x12, 0x1a, 
	0x24, 0x09, 0x09, 0x01, 0x1a, 0x00, 0x11, 0x14, 
	0x27, 0x15, 0x1a, 0x09, 0x06, 0x09, 0x09, 0x09, 
	0x24, 0x13, 0x1a, 0x1a, 0x09, 0x00, 0x09, 0x24, 
	0x24, 0x1a, 0x09, 0x1a, 0x1a, 0x1a, 0x13, 0x1a, 
	0x09, 0x00, 0x01, 0x02, 0x24, 0x12, 0x00, 0x27, 
	0x27, 0x15, 0x1a, 0x09, 0x06, 0x00, 0x09, 0x00, 
	0x24, 0x00, 0x12, 0x1a, 0x09, 0x00, 0x09, 0x24, 
	0x1a, 0x09, 0x09, 0x1a, 0x1a, 0x24, 0x00, 0x00, 
	0x00, 0x00, 0x0a, 0x00, 0x00, 0x13, 0x09, 0x39, 
	0x17, 0x15, 0x13, 0x09, 0x06, 0x09, 0x09, 0x09, 
	0x00, 0x13, 0x12, 0x1a, 0x09, 0x00, 0x09, 0x24, 
	0x24, 0x24, 0x24, 0x24, 0x09, 0x00, 0x00, 0x07, 
	0x00, 0x0a, 0x00, 0x07, 0x23, 0x00, 0x15, 0x1a, 
	0x14, 0x11, 0x13, 0x09, 0x09, 0x06, 0x09, 0x06, 
	0x01, 0x13, 0x13, 0x1a, 0x09, 0x00, 0x09, 0x24, 
	0x24, 0x09, 0x09, 0x09, 0x1c, 0x07, 0x42, 0x07, 
	0x43, 0x07, 0x07, 0x07, 0x09, 0x00, 0x11, 0x3e, 
	0x28, 0x11, 0x12, 0x24, 0x09, 0x06, 0x06, 0x01, 
	0x09, 0x06, 0x13, 0x1a, 0x09, 0x09, 0x09, 0x24, 
	0x09, 0x09, 0x43, 0x44, 0x1c, 0x09, 0x44, 0x43, 
	0x43, 0x07, 0x1c, 0x08, 0x09, 0x1a, 0x12, 0x25, 
	0x10, 0x11, 0x1c, 0x1c, 0x1c, 0x06, 0x01, 0x06, 
	0x06, 0x06, 0x13, 0x1a, 0x09, 0x09, 0x09, 0x09, 
	0x00, 0x44, 0x44, 0x43, 0x1c, 0x1c, 0x44, 0x1c, 
	0x43, 0x1c, 0x44, 0x08, 0x09, 0x1a, 0x12, 0x28, 
	0x10, 0x16, 0x1c, 0x09, 0x00, 0x1c, 0x06, 0x06, 
	0x06, 0x43, 0x1a, 0x24, 0x09, 0x09, 0x09, 0x09, 
	0x44, 0x1c, 0x06, 0x44, 0x43, 0x1c, 0x1c, 0x44, 
	0x08, 0x1c, 0x44, 0x43, 0x09, 0x24, 0x1a, 0x3e, 
	0x15, 0x16, 0x12, 0x1c, 0x1c, 0x06, 0x01, 0x06, 
	0x21, 0x06, 0x1d, 0x1c, 0x09, 0x09, 0x09, 0x09, 
	0x00, 0x09, 0x44, 0x1c, 0x1c, 0x1c, 0x43, 0x1c, 
	0x1c, 0x08, 0x08, 0x44, 0x44, 0x00, 0x16, 0x16, 
	0x25, 0x11, 0x1c, 0x09, 0x1c, 0x1c, 0x1c, 0x06, 
	0x21, 0x06, 0x24, 0x1a, 0x1c, 0x09, 0x1c, 0x1c, 
	0x1c, 0x1c, 0x1c, 0x08, 0x1c, 0x1c, 0x43, 0x1c, 
	0x1c, 0x1c, 0x08, 0x43, 0x06, 0x24, 0x12, 0x16, 
	0x28, 0x16, 0x1c, 0x1c, 0x1c, 0x1c, 0x1c, 0x06, 
	0x06, 0x0d, 0x1d, 0x13, 0x09, 0x1c, 0x1c, 0x1c, 
	0x1c, 0x07, 0x07, 0x08, 0x05, 0x44, 0x43, 0x1c, 
	0x1c, 0x1c, 0x08, 0x44, 0x44, 0x1a, 0x12, 0x12, 
	0x28, 0x11, 0x1a, 0x1c, 0x00, 0x06, 0x01, 0x01, 
	0x21, 0x06, 0x1a, 0x1c, 0x09, 0x1c, 0x07, 0x1c, 
	0x08, 0x00, 0x00, 0x05, 0x43, 0x1c, 0x43, 0x44, 
	0x43, 0x08, 0x08, 0x08, 0x44, 0x43, 0x13, 0x12, 
	0x15, 0x11, 0x1a, 0x00, 0x07, 0x24, 0x06, 0x01, 
	0x24, 0x1c, 0x09, 0x00, 0x1c, 0x00, 0x1c, 0x1c, 
	0x08, 0x07, 0x00, 0x43, 0x1d, 0x42, 0x05, 0x44, 
	0x1c, 0x1c, 0x1c, 0x44, 0x43, 0x24, 0x1a, 0x12, 
	0x28, 0x16, 0x1a, 0x00, 0x00, 0x20, 0x08, 0x01, 
	0x09, 0x1c, 0x1c, 0x1c, 0x1c, 0x1c, 0x1c, 0x05, 
	0x05, 0x07, 0x07, 0x07, 0x07, 0x42, 0x08, 0x1c, 
	0x43, 0x1c, 0x1c, 0x1c, 0x0d, 0x1a, 0x1a, 0x13, 
	0x15, 0x16, 0x1a, 0x09, 0x00, 0x00, 0x00, 0x00, 
	0x1a, 0x1a, 0x1c, 0x1c, 0x1c, 0x04, 0x04, 0x05, 
	0x04, 0x42, 0x42, 0x07, 0x42, 0x00, 0x1c, 0x1c, 
	0x43, 0x07, 0x1c, 0x1c, 0x0d, 0x0d, 0x13, 0x13, 
	0x14, 0x16, 0x1a, 0x09, 0x07, 0x00, 0x00, 0x00, 
	0x06, 0x01, 0x00, 0x00, 0x07, 0x08, 0x05, 0x05, 
	0x05, 0x08, 0x02, 0x42, 0x08, 0x1c, 0x1c, 0x1c, 
	0x00, 0x00, 0x05, 0x1c, 0x1c, 0x1c, 0x1c, 0x13, 
	0x27, 0x00, 0x1a, 0x09, 0x00, 0x00, 0x06, 0x20, 
	0x1a, 0x3e, 0x24, 0x09, 0x09, 0x07, 0x05, 0x05, 
	0x08, 0x08, 0x42, 0x02, 0x08, 0x42, 0x05, 0x05, 
	0x05, 0x05, 0x05, 0x45, 0x42, 0x07, 0x09, 0x1a, 
	0x14, 0x19, 0x06, 0x00, 0x00, 0x0a, 0x01, 0x1a, 
	0x12, 0x1a, 0x07, 0x45, 0x08, 0x07, 0x04, 0x05, 
	0x07, 0x42, 0x42, 0x04, 0x04, 0x00, 0x09, 0x09, 
	0x07, 0x07, 0x04, 0x04, 0x07, 0x00, 0x06, 0x15, 
	0x25, 0x12, 0x09, 0x03, 0x01, 0x00, 0x00, 0x24, 
	0x13, 0x19, 0x19, 0x09, 0x00, 0x00, 0x00, 0x07, 
	0x00, 0x00, 0x07, 0x07, 0x02, 0x08, 0x09, 0x24, 
	0x09, 0x00, 0x08, 0x08, 0x07, 0x08, 0x00, 0x11, 
	0x14, 0x12, 0x12, 0x20, 0x06, 0x07, 0x00, 0x24, 
	0x12, 0x11, 0x16, 0x13, 0x24, 0x00, 0x00, 0x00, 
	0x00, 0x00, 0x09, 0x09, 0x00, 0x22, 0x1a, 0x1f, 
	0x00, 0x09, 0x00, 0x07, 0x07, 0x06, 0x13, 0x15, 
	0x10, 0x16, 0x13, 0x00, 0x01, 0x02, 0x00, 0x24, 
	0x12, 0x16, 0x11, 0x13, 0x09, 0x00, 0x07, 0x00, 
	0x00, 0x00, 0x09, 0x09, 0x09, 0x00, 0x06, 0x09, 
	0x13, 0x24, 0x00, 0x00, 0x01, 0x00, 0x13, 0x11, 
	0x25, 0x10, 0x14, 0x11, 0x09, 0x46, 0x12, 0x11, 
	0x27, 0x25, 0x27, 0x28, 0x1a, 0x00, 0x24, 0x24, 
	0x24, 0x13, 0x13, 0x12, 0x12, 0x16, 0x3e, 0x3e, 
	0x11, 0x11, 0x12, 0x09, 0x3e, 0x13, 0x14, 0x28, 
	0x13, 0x09, 0x07, 0x05, 0x0b, 0x47, 0x0c, 0x05, 
	0x09, 0x09, 0x09, 0x00, 0x08, 0x00, 0x02, 0x29, 
	0x48, 0x0b, 0x04, 0x42, 0x08, 0x42, 0x07, 0x09, 
	0x01, 0x08, 0x04, 0x08, 0x02, 0x04, 0x07, 0x09, 
	0x49, 0x2a, 0x4a, 0x2b, 0x2b, 0x2b, 0x4a, 0x4a, 
	0x2a, 0x2a, 0x2a, 0x2a, 0x2b, 0x2b, 0x2b, 0x2c, 
	0x2b, 0x2b, 0x2a, 0x2a, 0x35, 0x2a, 0x2f, 0x2a, 
	0x2e, 0x4a, 0x2b, 0x2b, 0x2b, 0x2b, 0x2a, 0x33, 
	0x4b, 0x35, 0x35, 0x2f, 0x33, 0x33, 0x33, 0x2f, 
	0x49, 0x37, 0x37, 0x2f, 0x33, 0x33, 0x33, 0x33, 
	0x33, 0x2a, 0x33, 0x37, 0x37, 0x37, 0x49, 0x35, 
	0x35, 0x2f, 0x4c, 0x33, 0x2f, 0x35, 0x37, 0x0b, 
	0x17, 0x25, 0x15, 0x1f, 0x13, 0x13, 0x1f, 0x1f, 
	0x19, 0x16, 0x19, 0x1f, 0x13, 0x09, 0x09, 0x24, 
	0x24, 0x09, 0x24, 0x13, 0x13, 0x1f, 0x4d, 0x1f, 
	0x1f, 0x24, 0x09, 0x19, 0x19, 0x19, 0x4e, 0x4f, 
	0x17, 0x18, 0x27, 0x25, 0x17, 0x17, 0x25, 0x10, 
	0x0f, 0x18, 0x17, 0x10, 0x27, 0x25, 0x14, 0x25, 
	0x10, 0x27, 0x17, 0x50, 0x50, 0x17, 0x17, 0x17, 
	0x17, 0x27, 0x10, 0x17, 0x26, 0x17, 0x10, 0x28, 
	0x09, 0x09, 0x09, 0x00, 0x00, 0x08, 0x07, 0x09, 
	0x09, 0x09, 0x09, 0x09, 0x00, 0x08, 0x42, 0x09, 
	0x09, 0x09, 0x09, 0x09, 0x09, 0x09, 0x09, 0x09, 
	0x09, 0x09, 0x09, 0x09, 0x07, 0x05, 0x07, 0x00, 
	0x1c, 0x1c, 0x1c, 0x1c, 0x1c, 0x1c, 0x1c, 0x1c, 
	0x1c, 0x1c, 0x1c, 0x1c, 0x1c, 0x1c, 0x1c, 0x1c, 
	0x1c, 0x1c, 0x1c, 0x1c, 0x1c, 0x1c, 0x1c, 0x1c, 
	0x1c, 0x1c, 0x1c, 0x1c, 0x1c, 0x1c, 0x1c, 0x1c, 
	0x11, 0x1a, 0x16, 0x1d, 0x08, 0x00, 0x00, 0x12, 
	0x15, 0x25, 0x14, 0x1c, 0x01, 0x09, 0x09, 0x24, 
	0x1f, 0x1a, 0x12, 0x21, 0x17, 0x13, 0x1f, 0x1f, 
	0x24, 0x1a, 0x13, 0x21, 0x19, 0x27, 0x0f, 0x12, 
	0x11, 0x16, 0x1d, 0x21, 0x1d, 0x00, 0x09, 0x1a, 
	0x11, 0x25, 0x1c, 0x02, 0x21, 0x01, 0x24, 0x24, 
	0x1f, 0x24, 0x21, 0x0d, 0x1c, 0x13, 0x13, 0x09, 
	0x09, 0x09, 0x21, 0x09, 0x21, 0x26, 0x12, 0x00, 
	0x16, 0x1d, 0x0d, 0x1d, 0x21, 0x1d, 0x1a, 0x19, 
	0x12, 0x1c, 0x03, 0x0d, 0x0d, 0x21, 0x20, 0x24, 
	0x11, 0x21, 0x00, 0x0d, 0x0d, 0x21, 0x13, 0x09, 
	0x0a, 0x1c, 0x03, 0x03, 0x03, 0x1c, 0x12, 0x12, 
	0x1d, 0x0e, 0x1d, 0x1e, 0x0c, 0x1d, 0x1d, 0x1f, 
	0x1c, 0x20, 0x03, 0x03, 0x0a, 0x0a, 0x21, 0x08, 
	0x1c, 0x0d, 0x0d, 0x22, 0x0d, 0x1d, 0x1d, 0x09, 
	0x21, 0x03, 0x0e, 0x03, 0x1c, 0x23, 0x21, 0x24, 
	0x1c, 0x1c, 0x1c, 0x1c, 0x1c, 0x1c, 0x1c, 0x1c, 
	0x1c, 0x1c, 0x1c, 0x1c, 0x1c, 0x1c, 0x1c, 0x1c, 
	0x1c, 0x1c, 0x1c, 0x1c, 0x1c, 0x1c, 0x1c, 0x1c, 
	0x1c, 0x1c, 0x1c, 0x1c, 0x1c, 0x1c, 0x1c, 0x1c, 
	0x1f, 0x1a, 0x09, 0x07, 0x09, 0x09, 0x07, 0x00, 
	0x09, 0x00, 0x42, 0x42, 0x42, 0x05, 0x45, 0x05, 
	0x45, 0x08, 0x42, 0x00, 0x00, 0x42, 0x42, 0x42, 
	0x42, 0x07, 0x07, 0x00, 0x09, 0x09, 0x09, 0x09, 
	0x07, 0x07, 0x02, 0x02, 0x02, 0x02, 0x02, 0x04, 
	0x08, 0x07, 0x07, 0x07, 0x05, 0x02, 0x0e, 0x0e, 
	0x0d, 0x0e, 0x02, 0x05, 0x07, 0x07, 0x07, 0x08, 
	0x02, 0x03, 0x0d, 0x02, 0x02, 0x02, 0x05, 0x07, 
	0x07, 0x05, 0x0b, 0x02, 0x02, 0x0e, 0x02, 0x02, 
	0x05, 0x05, 0x07, 0x08, 0x01, 0x02, 0x03, 0x0e, 
	0x0e, 0x0e, 0x02, 0x05, 0x07, 0x07, 0x08, 0x05, 
	0x02, 0x02, 0x0e, 0x0e, 0x0e, 0x02, 0x05, 0x07, 
	0x08, 0x01, 0x02, 0x02, 0x03, 0x0e, 0x02, 0x02, 
	0x01, 0x05, 0x07, 0x05, 0x01, 0x02, 0x02, 0x0e, 
	0x0e, 0x03, 0x02, 0x01, 0x08, 0x07, 0x05, 0x01, 
	0x02, 0x03, 0x0e, 0x0e, 0x03, 0x02, 0x01, 0x05, 
	0x05, 0x04, 0x02, 0x0c, 0x0c, 0x0d, 0x0c, 0x02, 
	0x04, 0x05, 0x07, 0x05, 0x01, 0x02, 0x0c, 0x0d, 
	0x0d, 0x0c, 0x02, 0x01, 0x05, 0x07, 0x05, 0x01, 
	0x03, 0x0d, 0x0d, 0x0d, 0x0c, 0x02, 0x01, 0x05, 
	0x05, 0x04, 0x02, 0x0c, 0x0d, 0x0d, 0x0c, 0x03, 
	0x04, 0x05, 0x07, 0x05, 0x01, 0x02, 0x0c, 0x0d, 
	0x0d, 0x0c, 0x02, 0x01, 0x05, 0x07, 0x05, 0x04, 
	0x02, 0x0c, 0x0d, 0x0d, 0x0c, 0x02, 0x01, 0x08, 
	0x05, 0x01, 0x02, 0x02, 0x0e, 0x0e, 0x03, 0x02, 
	0x01, 0x05, 0x07, 0x08, 0x01, 0x02, 0x03, 0x0e, 
	0x0e, 0x02, 0x02, 0x01, 0x05, 0x07, 0x05, 0x01, 
	0x02, 0x03, 0x0e, 0x0e, 0x02, 0x02, 0x01, 0x08, 
	0x05, 0x01, 0x02, 0x02, 0x0e, 0x0e, 0x0e, 0x02, 
	0x01, 0x05, 0x07, 0x07, 0x05, 0x02, 0x0e, 0x0e, 
	0x0e, 0x02, 0x02, 0x01, 0x05, 0x07, 0x05, 0x01, 
	0x02, 0x03, 0x0e, 0x0e, 0x03, 0x02, 0x01, 0x07, 
	0x07, 0x05, 0x02, 0x02, 0x03, 0x03, 0x03, 0x02, 
	0x05, 0x08, 0x07, 0x07, 0x05, 0x02, 0x03, 0x03, 
	0x03, 0x02, 0x02, 0x01, 0x05, 0x07, 0x08, 0x05, 
	0x02, 0x02, 0x03, 0x03, 0x02, 0x0a, 0x05, 0x07, 
	
};

Gfx rf_end_prophecy_pal_rgba16_aligner[] = {gsSPEndDisplayList()};
u8 rf_end_prophecy_pal_rgba16[] = {
	0x94, 0xa3, 0x84, 0x5f, 0x7c, 0x1d, 0x7c, 0x1b, 
	0x84, 0x1f, 0x84, 0x61, 0x8c, 0xa1, 0x8c, 0xa3, 
	0x8c, 0x61, 0x94, 0xa5, 0x84, 0x1d, 0x7c, 0x1f, 
	0x73, 0xdb, 0x73, 0xd9, 0x7b, 0xdb, 0xc6, 0x2f, 
	0xb5, 0xed, 0xad, 0x69, 0xa5, 0x27, 0x9d, 0x27, 
	0xad, 0xab, 0xad, 0x6b, 0xa5, 0x69, 0xbd, 0xef, 
	0xc6, 0x31, 0xa5, 0x29, 0x9c, 0xe5, 0xc6, 0x71, 
	0x63, 0x55, 0x6b, 0x97, 0x73, 0x99, 0x9c, 0xe7, 
	0x8c, 0x5f, 0x6b, 0x95, 0x84, 0x5d, 0x94, 0xa1, 
	0x94, 0xe5, 0xb5, 0xad, 0xbe, 0x2f, 0xbd, 0xed, 
	0xb5, 0xab, 0x73, 0xdd, 0x53, 0x17, 0x4a, 0xd5, 
	0x4a, 0xd3, 0x42, 0x93, 0x53, 0x15, 0x5b, 0x59, 
	0x84, 0xa3, 0x6b, 0xdb, 0x63, 0x99, 0x5b, 0x17, 
	0x5b, 0x57, 0x63, 0x59, 0x63, 0x9b, 0x6b, 0x9b, 
	0x74, 0x1f, 0xce, 0x73, 0xd6, 0xb5, 0xce, 0xb3, 
	0xd6, 0xb3, 0xde, 0xf7, 0x9d, 0x25, 0x84, 0xa1, 
	0x7c, 0x5f, 0x7c, 0x61, 0x8c, 0x63, 0x63, 0x53, 
	0x5b, 0x13, 0x84, 0x21, 0x8c, 0x9f, 0x6b, 0x99, 
	0x7b, 0xdd, 0x63, 0x5b, 0x52, 0xd5, 0x7c, 0x21, 
	0x5b, 0x19, 0x94, 0xe7, 0x9d, 0x29, 0xa5, 0x6b, 
	0xce, 0x71, 
};

Gfx rf_end_prophecy2_ci8_aligner[] = {gsSPEndDisplayList()};
u8 rf_end_prophecy2_ci8[] = {
	0x00, 0x01, 0x02, 0x03, 0x02, 0x02, 0x04, 0x05, 
	0x06, 0x07, 0x07, 0x07, 0x07, 0x05, 0x04, 0x02, 
	0x02, 0x02, 0x02, 0x02, 0x01, 0x05, 0x06, 0x08, 
	0x01, 0x04, 0x02, 0x02, 0x02, 0x02, 0x04, 0x09, 
	0x07, 0x01, 0x0a, 0x02, 0x02, 0x04, 0x01, 0x05, 
	0x07, 0x07, 0x07, 0x07, 0x07, 0x08, 0x01, 0x04, 
	0x0b, 0x02, 0x0b, 0x01, 0x05, 0x08, 0x06, 0x06, 
	0x05, 0x01, 0x04, 0x02, 0x02, 0x04, 0x01, 0x09, 
	0x09, 0x06, 0x01, 0x02, 0x02, 0x02, 0x02, 0x01, 
	0x05, 0x07, 0x00, 0x07, 0x05, 0x01, 0x02, 0x02, 
	0x02, 0x02, 0x01, 0x05, 0x08, 0x07, 0x07, 0x05, 
	0x01, 0x02, 0x02, 0x02, 0x02, 0x01, 0x06, 0x09, 
	0x06, 0x01, 0x02, 0x02, 0x03, 0x03, 0x03, 0x02, 
	0x01, 0x05, 0x06, 0x07, 0x06, 0x05, 0x01, 0x02, 
	0x02, 0x02, 0x02, 0x04, 0x01, 0x05, 0x07, 0x08, 
	0x05, 0x01, 0x02, 0x02, 0x02, 0x02, 0x01, 0x07, 
	0x00, 0x08, 0x0a, 0x03, 0x0c, 0x0d, 0x0e, 0x02, 
	0x01, 0x08, 0x06, 0x07, 0x07, 0x06, 0x01, 0x02, 
	0x03, 0x03, 0x02, 0x01, 0x08, 0x05, 0x07, 0x07, 
	0x06, 0x01, 0x02, 0x02, 0x02, 0x0a, 0x01, 0x07, 
	0x0f, 0x10, 0x11, 0x12, 0x13, 0x13, 0x12, 0x12, 
	0x11, 0x14, 0x14, 0x15, 0x11, 0x12, 0x12, 0x12, 
	0x13, 0x12, 0x11, 0x11, 0x11, 0x11, 0x11, 0x12, 
	0x16, 0x16, 0x16, 0x12, 0x13, 0x11, 0x10, 0x17, 
	0x18, 0x12, 0x09, 0x08, 0x01, 0x01, 0x06, 0x09, 
	0x12, 0x19, 0x12, 0x13, 0x13, 0x09, 0x09, 0x1a, 
	0x1a, 0x12, 0x12, 0x19, 0x1a, 0x11, 0x13, 0x1a, 
	0x09, 0x09, 0x06, 0x05, 0x01, 0x13, 0x1b, 0x0f, 
	0x1c, 0x1c, 0x1c, 0x1c, 0x1c, 0x1c, 0x1c, 0x1c, 
	0x1c, 0x1c, 0x1c, 0x1c, 0x1c, 0x1c, 0x1c, 0x1c, 
	0x1c, 0x1c, 0x1c, 0x1c, 0x1c, 0x1c, 0x1c, 0x1c, 
	0x1c, 0x1c, 0x1c, 0x1c, 0x1c, 0x1c, 0x1c, 0x1c, 
	0x1d, 0x0e, 0x1d, 0x1e, 0x0c, 0x1d, 0x1d, 0x1f, 
	0x1c, 0x20, 0x03, 0x03, 0x0a, 0x0a, 0x21, 0x08, 
	0x1c, 0x0d, 0x0d, 0x22, 0x0d, 0x1d, 0x1d, 0x09, 
	0x21, 0x03, 0x0e, 0x03, 0x1c, 0x23, 0x21, 0x24, 
	0x16, 0x1d, 0x0d, 0x1d, 0x21, 0x1d, 0x1a, 0x19, 
	0x12, 0x1c, 0x03, 0x0d, 0x0d, 0x21, 0x20, 0x24, 
	0x11, 0x21, 0x00, 0x0d, 0x0d, 0x21, 0x13, 0x09, 
	0x0a, 0x1c, 0x03, 0x03, 0x03, 0x1c, 0x12, 0x12, 
	0x11, 0x16, 0x1d, 0x21, 0x1d, 0x00, 0x09, 0x1a, 
	0x11, 0x25, 0x1c, 0x02, 0x21, 0x01, 0x24, 0x24, 
	0x1f, 0x24, 0x21, 0x0d, 0x1c, 0x13, 0x13, 0x09, 
	0x09, 0x09, 0x21, 0x09, 0x21, 0x26, 0x12, 0x00, 
	0x11, 0x1a, 0x16, 0x1d, 0x08, 0x00, 0x00, 0x12, 
	0x15, 0x25, 0x14, 0x1c, 0x01, 0x09, 0x09, 0x24, 
	0x1f, 0x1a, 0x12, 0x21, 0x17, 0x13, 0x1f, 0x1f, 
	0x24, 0x1a, 0x13, 0x21, 0x19, 0x27, 0x0f, 0x12, 
	0x1c, 0x1c, 0x1c, 0x1c, 0x1c, 0x1c, 0x1c, 0x1c, 
	0x1c, 0x1c, 0x1c, 0x1c, 0x1c, 0x1c, 0x1c, 0x1c, 
	0x1c, 0x1c, 0x1c, 0x1c, 0x1c, 0x1c, 0x1c, 0x1c, 
	0x1c, 0x1c, 0x1c, 0x1c, 0x1c, 0x1c, 0x1c, 0x1c, 
	0x17, 0x28, 0x19, 0x1a, 0x24, 0x24, 0x13, 0x13, 
	0x11, 0x28, 0x27, 0x15, 0x16, 0x19, 0x16, 0x19, 
	0x15, 0x10, 0x11, 0x15, 0x11, 0x25, 0x14, 0x16, 
	0x16, 0x16, 0x11, 0x15, 0x15, 0x14, 0x10, 0x17, 
	0x29, 0x2a, 0x2b, 0x2b, 0x2c, 0x2d, 0x2d, 0x2c, 
	0x2b, 0x2b, 0x2b, 0x2c, 0x2c, 0x2d, 0x2c, 0x2c, 
	0x2c, 0x2c, 0x2c, 0x2b, 0x2c, 0x2c, 0x2c, 0x2c, 
	0x2c, 0x2c, 0x2c, 0x2b, 0x2c, 0x2b, 0x2e, 0x2f, 
	0x30, 0x31, 0x32, 0x2f, 0x33, 0x2e, 0x33, 0x34, 
	0x35, 0x35, 0x35, 0x2f, 0x34, 0x33, 0x34, 0x34, 
	0x2f, 0x2f, 0x2f, 0x35, 0x2f, 0x36, 0x2f, 0x2f, 
	0x33, 0x34, 0x33, 0x34, 0x2f, 0x36, 0x37, 0x38, 
	0x39, 0x3a, 0x39, 0x39, 0x39, 0x39, 0x39, 0x3a, 
	0x3a, 0x3a, 0x3b, 0x3b, 0x3b, 0x3b, 0x3b, 0x3b, 
	0x3b, 0x3b, 0x3c, 0x3c, 0x3c, 0x3c, 0x3c, 0x3c, 
	0x3c, 0x3c, 0x17, 0x39, 0x3d, 0x3d, 0x3a, 0x39, 
	0x15, 0x14, 0x16, 0x13, 0x3e, 0x24, 0x13, 0x12, 
	0x14, 0x15, 0x14, 0x3b, 0x3c, 0x3c, 0x3c, 0x3c, 
	0x3c, 0x3c, 0x3c, 0x3c, 0x3c, 0x3c, 0x3c, 0x3c, 
	0x3c, 0x3c, 0x13, 0x24, 0x28, 0x10, 0x27, 0x11, 
	0x13, 0x24, 0x24, 0x07, 0x07, 0x01, 0x29, 0x01, 
	0x09, 0x09, 0x3f, 0x07, 0x3c, 0x3c, 0x3c, 0x3c, 
	0x3c, 0x3c, 0x3c, 0x3c, 0x3c, 0x3c, 0x3c, 0x3c, 
	0x3c, 0x3c, 0x3f, 0x0a, 0x1a, 0x09, 0x24, 0x24, 
	0x1a, 0x24, 0x09, 0x07, 0x00, 0x05, 0x40, 0x01, 
	0x00, 0x07, 0x41, 0x0b, 0x3c, 0x3c, 0x3c, 0x3c, 
	0x3c, 0x3c, 0x3c, 0x3c, 0x3c, 0x3c, 0x3c, 0x3c, 
	0x3c, 0x3c, 0x3f, 0x00, 0x06, 0x09, 0x09, 0x24, 
	0x13, 0x1a, 0x09, 0x09, 0x09, 0x07, 0x05, 0x06, 
	0x09, 0x09, 0x3c, 0x3c, 0x3c, 0x3c, 0x3c, 0x3c, 
	0x3c, 0x3c, 0x3c, 0x3c, 0x3c, 0x3c, 0x3c, 0x3c, 
	0x3c, 0x3c, 0x3c, 0x09, 0x01, 0x09, 0x13, 0x24, 
	0x25, 0x11, 0x1a, 0x09, 0x09, 0x09, 0x00, 0x09, 
	0x24, 0x3c, 0x24, 0x00, 0x3c, 0x3c, 0x3c, 0x3c, 
	0x3c, 0x3c, 0x3c, 0x3c, 0x3c, 0x3c, 0x3c, 0x3c, 
	0x3c, 0x3c, 0x3c, 0x01, 0x1a, 0x00, 0x11, 0x14, 
	0x27, 0x15, 0x1a, 0x09, 0x06, 0x09, 0x09, 0x09, 
	0x24, 0x3c, 0x1a, 0x12, 0x3c, 0x3c, 0x3c, 0x3c, 
	0x3c, 0x3c, 0x3c, 0x3c, 0x3c, 0x3c, 0x3c, 0x13, 
	0x24, 0x11, 0x3c, 0x3e, 0x13, 0x12, 0x00, 0x27, 
	0x27, 0x15, 0x1a, 0x00, 0x01, 0x00, 0x09, 0x3f, 
	0x07, 0x3c, 0x42, 0x3c, 0x09, 0x3c, 0x3c, 0x3c, 
	0x1a, 0x13, 0x12, 0x16, 0x13, 0x09, 0x06, 0x3f, 
	0x0a, 0x1a, 0x3c, 0x24, 0x24, 0x13, 0x09, 0x39, 
	0x17, 0x15, 0x13, 0x07, 0x01, 0x00, 0x07, 0x41, 
	0x3c, 0x0b, 0x3c, 0x09, 0x24, 0x24, 0x3c, 0x1a, 
	0x1a, 0x1a, 0x1a, 0x12, 0x1a, 0x00, 0x07, 0x3f, 
	0x3c, 0x3c, 0x3c, 0x3c, 0x3c, 0x3c, 0x15, 0x1a, 
	0x13, 0x12, 0x07, 0x01, 0x01, 0x07, 0x07, 0x05, 
	0x0b, 0x3c, 0x3c, 0x09, 0x09, 0x3c, 0x1a, 0x1a, 
	0x1a, 0x3e, 0x3b, 0x3b, 0x3b, 0x3b, 0x3b, 0x3b, 
	0x3c, 0x3c, 0x3c, 0x3c, 0x24, 0x00, 0x11, 0x3e, 
	0x24, 0x24, 0x07, 0x05, 0x06, 0x24, 0x24, 0x07, 
	0x01, 0x00, 0x3c, 0x3c, 0x24, 0x3c, 0x1a, 0x3b, 
	0x3b, 0x3b, 0x3c, 0x3c, 0x3c, 0x3c, 0x3c, 0x3c, 
	0x3c, 0x3c, 0x3c, 0x12, 0x13, 0x1a, 0x12, 0x25, 
	0x09, 0x09, 0x07, 0x06, 0x09, 0x24, 0x1a, 0x24, 
	0x00, 0x00, 0x00, 0x3c, 0x24, 0x3c, 0x3c, 0x3c, 
	0x3c, 0x3c, 0x3c, 0x3c, 0x3c, 0x3c, 0x3c, 0x3c, 
	0x3c, 0x3c, 0x08, 0x11, 0x14, 0x1a, 0x12, 0x28, 
	0x09, 0x05, 0x07, 0x08, 0x00, 0x07, 0x07, 0x00, 
	0x1a, 0x24, 0x3e, 0x3c, 0x3c, 0x3c, 0x3c, 0x11, 
	0x28, 0x3c, 0x3c, 0x3c, 0x3c, 0x3c, 0x3c, 0x3c, 
	0x3c, 0x3c, 0x3e, 0x42, 0x27, 0x24, 0x1a, 0x3e, 
	0x09, 0x05, 0x05, 0x06, 0x07, 0x07, 0x05, 0x0b, 
	0x07, 0x00, 0x09, 0x09, 0x1a, 0x1a, 0x3c, 0x12, 
	0x43, 0x3c, 0x3c, 0x3c, 0x3c, 0x3c, 0x3c, 0x3c, 
	0x3c, 0x3c, 0x13, 0x00, 0x10, 0x00, 0x16, 0x16, 
	0x1f, 0x00, 0x06, 0x09, 0x24, 0x1a, 0x24, 0x06, 
	0x00, 0x00, 0x09, 0x24, 0x1a, 0x13, 0x13, 0x3c, 
	0x43, 0x3c, 0x3c, 0x3c, 0x13, 0x3c, 0x3c, 0x3c, 
	0x3c, 0x43, 0x16, 0x12, 0x3e, 0x12, 0x1a, 0x28, 
	0x1a, 0x24, 0x09, 0x09, 0x24, 0x13, 0x1a, 0x12, 
	0x24, 0x3e, 0x12, 0x12, 0x3b, 0x3b, 0x3c, 0x3c, 
	0x15, 0x11, 0x3c, 0x3c, 0x1a, 0x3c, 0x3c, 0x3c, 
	0x3c, 0x1a, 0x00, 0x24, 0x24, 0x13, 0x1a, 0x18, 
	0x3e, 0x42, 0x09, 0x3f, 0x07, 0x01, 0x42, 0x00, 
	0x08, 0x05, 0x00, 0x3b, 0x3c, 0x3c, 0x3c, 0x3c, 
	0x3c, 0x3c, 0x3c, 0x12, 0x1a, 0x3c, 0x3c, 0x3c, 
	0x00, 0x06, 0x09, 0x07, 0x24, 0x00, 0x15, 0x1a, 
	0x19, 0x1a, 0x07, 0x41, 0x0b, 0x0b, 0x06, 0x07, 
	0x05, 0x05, 0x3c, 0x3c, 0x3c, 0x3c, 0x3c, 0x3c, 
	0x3c, 0x3e, 0x13, 0x12, 0x1a, 0x3c, 0x3c, 0x3f, 
	0x00, 0x01, 0x3c, 0x3c, 0x3c, 0x00, 0x11, 0x3e, 
	0x28, 0x16, 0x1a, 0x08, 0x08, 0x3b, 0x08, 0x05, 
	0x08, 0x3c, 0x3c, 0x00, 0x42, 0x1a, 0x1a, 0x1a, 
	0x1a, 0x3e, 0x13, 0x12, 0x3c, 0x3c, 0x07, 0x07, 
	0x06, 0x3b, 0x3c, 0x3c, 0x3c, 0x1a, 0x12, 0x25, 
	0x15, 0x16, 0x1a, 0x09, 0x00, 0x3c, 0x3b, 0x00, 
	0x24, 0x09, 0x20, 0x06, 0x23, 0x1a, 0x24, 0x1a, 
	0x12, 0x12, 0x16, 0x3c, 0x3c, 0x13, 0x24, 0x09, 
	0x02, 0x3c, 0x3c, 0x3c, 0x3c, 0x3c, 0x12, 0x28, 
	0x14, 0x16, 0x1a, 0x09, 0x07, 0x3c, 0x3c, 0x00, 
	0x06, 0x06, 0x42, 0x1a, 0x24, 0x1a, 0x1f, 0x13, 
	0x13, 0x12, 0x12, 0x12, 0x1a, 0x00, 0x3e, 0x3b, 
	0x3c, 0x3c, 0x3c, 0x3c, 0x3c, 0x3c, 0x1a, 0x13, 
	0x27, 0x00, 0x1a, 0x09, 0x00, 0x3c, 0x06, 0x3c, 
	0x1a, 0x3b, 0x3c, 0x3c, 0x3c, 0x07, 0x05, 0x05, 
	0x08, 0x08, 0x44, 0x01, 0x3b, 0x3b, 0x3c, 0x3c, 
	0x3c, 0x3c, 0x3c, 0x3c, 0x3c, 0x3c, 0x3c, 0x12, 
	0x14, 0x19, 0x06, 0x00, 0x3b, 0x3c, 0x01, 0x3c, 
	0x3c, 0x3c, 0x3c, 0x3c, 0x08, 0x07, 0x04, 0x05, 
	0x07, 0x44, 0x44, 0x3b, 0x3c, 0x3c, 0x3c, 0x3c, 
	0x3c, 0x3c, 0x3c, 0x3c, 0x3c, 0x3c, 0x3c, 0x15, 
	0x25, 0x3b, 0x3c, 0x3c, 0x3c, 0x00, 0x00, 0x24, 
	0x13, 0x19, 0x3c, 0x09, 0x00, 0x00, 0x00, 0x07, 
	0x00, 0x00, 0x07, 0x3c, 0x3c, 0x3c, 0x3c, 0x3c, 
	0x3c, 0x3c, 0x3c, 0x3c, 0x3c, 0x3c, 0x3c, 0x11, 
	0x3c, 0x3c, 0x3c, 0x20, 0x06, 0x07, 0x00, 0x24, 
	0x12, 0x3c, 0x16, 0x13, 0x24, 0x00, 0x00, 0x00, 
	0x00, 0x00, 0x3c, 0x3c, 0x3c, 0x3c, 0x3c, 0x3c, 
	0x3c, 0x3c, 0x3c, 0x3c, 0x3c, 0x3c, 0x3c, 0x15, 
	0x10, 0x16, 0x13, 0x3c, 0x3c, 0x02, 0x00, 0x24, 
	0x12, 0x3c, 0x11, 0x13, 0x09, 0x00, 0x07, 0x00, 
	0x00, 0x3b, 0x3c, 0x3c, 0x3c, 0x3c, 0x3c, 0x3c, 
	0x3c, 0x3c, 0x3c, 0x3c, 0x3c, 0x3c, 0x3c, 0x11, 
	0x25, 0x10, 0x14, 0x11, 0x3c, 0x45, 0x12, 0x11, 
	0x27, 0x25, 0x3c, 0x28, 0x1a, 0x00, 0x24, 0x24, 
	0x24, 0x3c, 0x3c, 0x3c, 0x3c, 0x3c, 0x3c, 0x3c, 
	0x3c, 0x3c, 0x3c, 0x3c, 0x3c, 0x3c, 0x3c, 0x28, 
	0x13, 0x09, 0x07, 0x05, 0x3c, 0x46, 0x3c, 0x3c, 
	0x3c, 0x3c, 0x3c, 0x00, 0x08, 0x00, 0x02, 0x29, 
	0x47, 0x3c, 0x3c, 0x3c, 0x3c, 0x3c, 0x3c, 0x3c, 
	0x3c, 0x3c, 0x3c, 0x3c, 0x3c, 0x3c, 0x3c, 0x09, 
	0x48, 0x2a, 0x49, 0x2b, 0x2b, 0x2b, 0x49, 0x49, 
	0x2a, 0x2a, 0x2a, 0x2a, 0x2b, 0x2b, 0x2b, 0x2c, 
	0x2b, 0x2b, 0x2a, 0x2a, 0x35, 0x2a, 0x2f, 0x2a, 
	0x2e, 0x49, 0x2b, 0x2b, 0x3c, 0x3c, 0x2a, 0x33, 
	0x4a, 0x35, 0x35, 0x2f, 0x33, 0x33, 0x33, 0x2f, 
	0x48, 0x37, 0x37, 0x2f, 0x33, 0x33, 0x33, 0x33, 
	0x33, 0x2a, 0x33, 0x37, 0x37, 0x37, 0x48, 0x35, 
	0x35, 0x2f, 0x4b, 0x33, 0x2f, 0x35, 0x37, 0x0b, 
	0x17, 0x25, 0x15, 0x1f, 0x13, 0x13, 0x1f, 0x1f, 
	0x19, 0x16, 0x19, 0x1f, 0x13, 0x09, 0x09, 0x24, 
	0x24, 0x09, 0x24, 0x13, 0x13, 0x1f, 0x4c, 0x1f, 
	0x1f, 0x24, 0x09, 0x19, 0x19, 0x19, 0x4d, 0x4e, 
	0x17, 0x18, 0x27, 0x25, 0x17, 0x17, 0x25, 0x10, 
	0x0f, 0x18, 0x17, 0x10, 0x27, 0x25, 0x14, 0x25, 
	0x10, 0x27, 0x17, 0x4f, 0x4f, 0x17, 0x17, 0x17, 
	0x17, 0x27, 0x10, 0x17, 0x26, 0x17, 0x10, 0x28, 
	0x09, 0x09, 0x09, 0x00, 0x00, 0x08, 0x07, 0x09, 
	0x09, 0x09, 0x09, 0x09, 0x00, 0x08, 0x44, 0x09, 
	0x09, 0x09, 0x09, 0x09, 0x09, 0x09, 0x09, 0x09, 
	0x09, 0x09, 0x09, 0x09, 0x07, 0x05, 0x07, 0x00, 
	0x1c, 0x1c, 0x1c, 0x1c, 0x1c, 0x1c, 0x1c, 0x1c, 
	0x1c, 0x1c, 0x1c, 0x1c, 0x1c, 0x1c, 0x1c, 0x1c, 
	0x1c, 0x1c, 0x1c, 0x1c, 0x1c, 0x1c, 0x1c, 0x1c, 
	0x1c, 0x1c, 0x1c, 0x1c, 0x1c, 0x1c, 0x1c, 0x1c, 
	0x11, 0x1a, 0x16, 0x1d, 0x08, 0x00, 0x00, 0x12, 
	0x15, 0x25, 0x14, 0x1c, 0x01, 0x09, 0x09, 0x24, 
	0x1f, 0x1a, 0x12, 0x21, 0x17, 0x13, 0x1f, 0x1f, 
	0x24, 0x1a, 0x13, 0x21, 0x19, 0x27, 0x0f, 0x12, 
	0x11, 0x16, 0x1d, 0x21, 0x1d, 0x00, 0x09, 0x1a, 
	0x11, 0x25, 0x1c, 0x02, 0x21, 0x01, 0x24, 0x24, 
	0x1f, 0x24, 0x21, 0x0d, 0x1c, 0x13, 0x13, 0x09, 
	0x09, 0x09, 0x21, 0x09, 0x21, 0x26, 0x12, 0x00, 
	0x16, 0x1d, 0x0d, 0x1d, 0x21, 0x1d, 0x1a, 0x19, 
	0x12, 0x1c, 0x03, 0x0d, 0x0d, 0x21, 0x20, 0x24, 
	0x11, 0x21, 0x00, 0x0d, 0x0d, 0x21, 0x13, 0x09, 
	0x0a, 0x1c, 0x03, 0x03, 0x03, 0x1c, 0x12, 0x12, 
	0x1d, 0x0e, 0x1d, 0x1e, 0x0c, 0x1d, 0x1d, 0x1f, 
	0x1c, 0x20, 0x03, 0x03, 0x0a, 0x0a, 0x21, 0x08, 
	0x1c, 0x0d, 0x0d, 0x22, 0x0d, 0x1d, 0x1d, 0x09, 
	0x21, 0x03, 0x0e, 0x03, 0x1c, 0x23, 0x21, 0x24, 
	0x1c, 0x1c, 0x1c, 0x1c, 0x1c, 0x1c, 0x1c, 0x1c, 
	0x1c, 0x1c, 0x1c, 0x1c, 0x1c, 0x1c, 0x1c, 0x1c, 
	0x1c, 0x1c, 0x1c, 0x1c, 0x1c, 0x1c, 0x1c, 0x1c, 
	0x1c, 0x1c, 0x1c, 0x1c, 0x1c, 0x1c, 0x1c, 0x1c, 
	0x1f, 0x1a, 0x09, 0x07, 0x09, 0x09, 0x07, 0x00, 
	0x09, 0x00, 0x44, 0x44, 0x44, 0x05, 0x50, 0x05, 
	0x50, 0x08, 0x44, 0x00, 0x00, 0x44, 0x44, 0x44, 
	0x44, 0x07, 0x07, 0x00, 0x09, 0x09, 0x09, 0x09, 
	0x07, 0x07, 0x02, 0x02, 0x02, 0x02, 0x02, 0x04, 
	0x08, 0x07, 0x07, 0x07, 0x05, 0x02, 0x0e, 0x0e, 
	0x0d, 0x0e, 0x02, 0x05, 0x07, 0x07, 0x07, 0x08, 
	0x02, 0x03, 0x0d, 0x02, 0x02, 0x02, 0x05, 0x07, 
	0x07, 0x05, 0x0b, 0x02, 0x02, 0x0e, 0x02, 0x02, 
	0x05, 0x05, 0x07, 0x08, 0x01, 0x02, 0x03, 0x0e, 
	0x0e, 0x0e, 0x02, 0x05, 0x07, 0x07, 0x08, 0x05, 
	0x02, 0x02, 0x0e, 0x0e, 0x0e, 0x02, 0x05, 0x07, 
	0x08, 0x01, 0x02, 0x02, 0x03, 0x0e, 0x02, 0x02, 
	0x01, 0x05, 0x07, 0x05, 0x01, 0x02, 0x02, 0x0e, 
	0x0e, 0x03, 0x02, 0x01, 0x08, 0x07, 0x05, 0x01, 
	0x02, 0x03, 0x0e, 0x0e, 0x03, 0x02, 0x01, 0x05, 
	0x05, 0x04, 0x02, 0x0c, 0x0c, 0x0d, 0x0c, 0x02, 
	0x04, 0x05, 0x07, 0x05, 0x01, 0x02, 0x0c, 0x0d, 
	0x0d, 0x0c, 0x02, 0x01, 0x05, 0x07, 0x05, 0x01, 
	0x03, 0x0d, 0x0d, 0x0d, 0x0c, 0x02, 0x01, 0x05, 
	0x05, 0x04, 0x02, 0x0c, 0x0d, 0x0d, 0x0c, 0x03, 
	0x04, 0x05, 0x07, 0x05, 0x01, 0x02, 0x0c, 0x0d, 
	0x0d, 0x0c, 0x02, 0x01, 0x05, 0x07, 0x05, 0x04, 
	0x02, 0x0c, 0x0d, 0x0d, 0x0c, 0x02, 0x01, 0x08, 
	0x05, 0x01, 0x02, 0x02, 0x0e, 0x0e, 0x03, 0x02, 
	0x01, 0x05, 0x07, 0x08, 0x01, 0x02, 0x03, 0x0e, 
	0x0e, 0x02, 0x02, 0x01, 0x05, 0x07, 0x05, 0x01, 
	0x02, 0x03, 0x0e, 0x0e, 0x02, 0x02, 0x01, 0x08, 
	0x05, 0x01, 0x02, 0x02, 0x0e, 0x0e, 0x0e, 0x02, 
	0x01, 0x05, 0x07, 0x07, 0x05, 0x02, 0x0e, 0x0e, 
	0x0e, 0x02, 0x02, 0x01, 0x05, 0x07, 0x05, 0x01, 
	0x02, 0x03, 0x0e, 0x0e, 0x03, 0x02, 0x01, 0x07, 
	0x07, 0x05, 0x02, 0x02, 0x03, 0x03, 0x03, 0x02, 
	0x05, 0x08, 0x07, 0x07, 0x05, 0x02, 0x03, 0x03, 
	0x03, 0x02, 0x02, 0x01, 0x05, 0x07, 0x08, 0x05, 
	0x02, 0x02, 0x03, 0x03, 0x02, 0x0a, 0x05, 0x07, 
	
};

Gfx rf_end_prophecy2_pal_rgba16_aligner[] = {gsSPEndDisplayList()};
u8 rf_end_prophecy2_pal_rgba16[] = {
	0x94, 0xa3, 0x84, 0x5f, 0x7c, 0x1d, 0x7c, 0x1b, 
	0x84, 0x1f, 0x84, 0x61, 0x8c, 0xa1, 0x8c, 0xa3, 
	0x8c, 0x61, 0x94, 0xa5, 0x84, 0x1d, 0x7c, 0x1f, 
	0x73, 0xdb, 0x73, 0xd9, 0x7b, 0xdb, 0xc6, 0x2f, 
	0xb5, 0xed, 0xad, 0x69, 0xa5, 0x27, 0x9d, 0x27, 
	0xad, 0xab, 0xad, 0x6b, 0xa5, 0x69, 0xbd, 0xef, 
	0xc6, 0x31, 0xa5, 0x29, 0x9c, 0xe5, 0xc6, 0x71, 
	0x63, 0x55, 0x6b, 0x97, 0x73, 0x99, 0x9c, 0xe7, 
	0x8c, 0x5f, 0x6b, 0x95, 0x84, 0x5d, 0x94, 0xa1, 
	0x94, 0xe5, 0xb5, 0xad, 0xbe, 0x2f, 0xbd, 0xed, 
	0xb5, 0xab, 0x73, 0xdd, 0x53, 0x17, 0x4a, 0xd5, 
	0x4a, 0xd3, 0x42, 0x93, 0x53, 0x15, 0x5b, 0x59, 
	0x84, 0xa3, 0x6b, 0xdb, 0x63, 0x99, 0x5b, 0x17, 
	0x5b, 0x57, 0x63, 0x59, 0x63, 0x9b, 0x6b, 0x9b, 
	0x74, 0x1f, 0xce, 0x73, 0xd6, 0xb5, 0x5b, 0x11, 
	0x63, 0x53, 0xce, 0xb3, 0x9d, 0x25, 0x84, 0xa1, 
	0x7c, 0x5f, 0x7c, 0x61, 0x94, 0xe3, 0xa5, 0x67, 
	0x8c, 0x63, 0x8c, 0x9f, 0x6b, 0x99, 0x7b, 0xdd, 
	0x63, 0x5b, 0x52, 0xd5, 0x7c, 0x21, 0x5b, 0x19, 
	0x94, 0xe7, 0x9d, 0x29, 0xa5, 0x6b, 0xce, 0x71, 
	0x84, 0x21, 
};

Gfx rf_end_prophecy3_ci8_aligner[] = {gsSPEndDisplayList()};
u8 rf_end_prophecy3_ci8[] = {
	0x00, 0x01, 0x02, 0x03, 0x02, 0x02, 0x04, 0x05, 
	0x06, 0x07, 0x07, 0x07, 0x07, 0x05, 0x04, 0x02, 
	0x02, 0x02, 0x02, 0x02, 0x01, 0x05, 0x06, 0x08, 
	0x01, 0x04, 0x02, 0x02, 0x02, 0x02, 0x04, 0x09, 
	0x07, 0x01, 0x0a, 0x02, 0x02, 0x04, 0x01, 0x05, 
	0x07, 0x07, 0x07, 0x07, 0x07, 0x08, 0x01, 0x04, 
	0x0b, 0x02, 0x0b, 0x01, 0x05, 0x08, 0x06, 0x06, 
	0x05, 0x01, 0x04, 0x02, 0x02, 0x04, 0x01, 0x09, 
	0x09, 0x06, 0x01, 0x02, 0x02, 0x02, 0x02, 0x01, 
	0x05, 0x07, 0x00, 0x07, 0x05, 0x01, 0x02, 0x02, 
	0x02, 0x02, 0x01, 0x05, 0x08, 0x07, 0x07, 0x05, 
	0x01, 0x02, 0x02, 0x02, 0x02, 0x01, 0x06, 0x09, 
	0x06, 0x01, 0x02, 0x02, 0x03, 0x03, 0x03, 0x02, 
	0x01, 0x05, 0x06, 0x07, 0x06, 0x05, 0x01, 0x02, 
	0x02, 0x02, 0x02, 0x04, 0x01, 0x05, 0x07, 0x08, 
	0x05, 0x01, 0x02, 0x02, 0x02, 0x02, 0x01, 0x07, 
	0x00, 0x08, 0x0a, 0x03, 0x0c, 0x0d, 0x0e, 0x02, 
	0x01, 0x08, 0x06, 0x07, 0x07, 0x06, 0x01, 0x02, 
	0x03, 0x03, 0x02, 0x01, 0x08, 0x05, 0x07, 0x07, 
	0x06, 0x01, 0x02, 0x02, 0x02, 0x0a, 0x01, 0x07, 
	0x0f, 0x10, 0x11, 0x12, 0x13, 0x13, 0x12, 0x12, 
	0x11, 0x14, 0x14, 0x15, 0x11, 0x12, 0x12, 0x12, 
	0x13, 0x12, 0x11, 0x11, 0x11, 0x11, 0x11, 0x12, 
	0x16, 0x16, 0x16, 0x12, 0x13, 0x11, 0x10, 0x17, 
	0x18, 0x12, 0x09, 0x08, 0x01, 0x01, 0x06, 0x09, 
	0x12, 0x19, 0x12, 0x13, 0x13, 0x09, 0x09, 0x1a, 
	0x1a, 0x12, 0x12, 0x19, 0x1a, 0x11, 0x13, 0x1a, 
	0x09, 0x09, 0x06, 0x05, 0x01, 0x13, 0x1b, 0x0f, 
	0x1c, 0x1c, 0x1c, 0x1c, 0x1c, 0x1c, 0x1c, 0x1c, 
	0x1c, 0x1c, 0x1c, 0x1c, 0x1c, 0x1c, 0x1c, 0x1c, 
	0x1c, 0x1c, 0x1c, 0x1c, 0x1c, 0x1c, 0x1c, 0x1c, 
	0x1c, 0x1c, 0x1c, 0x1c, 0x1c, 0x1c, 0x1c, 0x1c, 
	0x1d, 0x0e, 0x1d, 0x1e, 0x0c, 0x1d, 0x1d, 0x1f, 
	0x1c, 0x20, 0x03, 0x03, 0x0a, 0x0a, 0x21, 0x08, 
	0x1c, 0x0d, 0x0d, 0x22, 0x0d, 0x1d, 0x1d, 0x09, 
	0x21, 0x03, 0x0e, 0x03, 0x1c, 0x23, 0x21, 0x24, 
	0x16, 0x1d, 0x0d, 0x1d, 0x21, 0x1d, 0x1a, 0x19, 
	0x12, 0x1c, 0x03, 0x0d, 0x0d, 0x21, 0x20, 0x24, 
	0x11, 0x21, 0x00, 0x0d, 0x0d, 0x21, 0x13, 0x09, 
	0x0a, 0x1c, 0x03, 0x03, 0x03, 0x1c, 0x12, 0x12, 
	0x11, 0x16, 0x1d, 0x21, 0x1d, 0x00, 0x09, 0x1a, 
	0x11, 0x25, 0x1c, 0x02, 0x21, 0x01, 0x24, 0x24, 
	0x1f, 0x24, 0x21, 0x0d, 0x1c, 0x13, 0x13, 0x09, 
	0x09, 0x09, 0x21, 0x09, 0x21, 0x26, 0x12, 0x00, 
	0x11, 0x1a, 0x16, 0x1d, 0x08, 0x00, 0x00, 0x12, 
	0x15, 0x25, 0x14, 0x1c, 0x01, 0x09, 0x09, 0x24, 
	0x1f, 0x1a, 0x12, 0x21, 0x17, 0x13, 0x1f, 0x1f, 
	0x24, 0x1a, 0x13, 0x21, 0x19, 0x27, 0x0f, 0x12, 
	0x1c, 0x1c, 0x1c, 0x1c, 0x1c, 0x1c, 0x1c, 0x1c, 
	0x1c, 0x1c, 0x1c, 0x1c, 0x1c, 0x1c, 0x1c, 0x1c, 
	0x1c, 0x1c, 0x1c, 0x1c, 0x1c, 0x1c, 0x1c, 0x1c, 
	0x1c, 0x1c, 0x1c, 0x1c, 0x1c, 0x1c, 0x1c, 0x1c, 
	0x17, 0x28, 0x19, 0x1a, 0x24, 0x24, 0x13, 0x13, 
	0x11, 0x28, 0x27, 0x15, 0x16, 0x19, 0x16, 0x19, 
	0x15, 0x10, 0x11, 0x15, 0x11, 0x25, 0x14, 0x16, 
	0x16, 0x16, 0x11, 0x15, 0x15, 0x14, 0x10, 0x17, 
	0x29, 0x2a, 0x2b, 0x2b, 0x2c, 0x2d, 0x2d, 0x2c, 
	0x2b, 0x2b, 0x2b, 0x2c, 0x2c, 0x2d, 0x2c, 0x2c, 
	0x2c, 0x2c, 0x2c, 0x2b, 0x2c, 0x2c, 0x2c, 0x2c, 
	0x2c, 0x2c, 0x2c, 0x2b, 0x2c, 0x2b, 0x2e, 0x2f, 
	0x30, 0x31, 0x32, 0x2f, 0x33, 0x2e, 0x33, 0x34, 
	0x35, 0x35, 0x35, 0x2f, 0x34, 0x33, 0x36, 0x34, 
	0x2f, 0x36, 0x2f, 0x35, 0x2f, 0x37, 0x2f, 0x2f, 
	0x33, 0x34, 0x33, 0x34, 0x2f, 0x37, 0x38, 0x39, 
	0x3a, 0x3b, 0x3a, 0x3a, 0x3a, 0x3a, 0x3a, 0x3b, 
	0x3b, 0x3b, 0x3b, 0x3b, 0x3b, 0x3c, 0x36, 0x3a, 
	0x3c, 0x36, 0x3c, 0x3b, 0x3b, 0x3d, 0x3b, 0x3c, 
	0x3a, 0x3a, 0x17, 0x3a, 0x3c, 0x3c, 0x3b, 0x3a, 
	0x15, 0x14, 0x16, 0x13, 0x3e, 0x24, 0x13, 0x12, 
	0x14, 0x15, 0x14, 0x16, 0x16, 0x12, 0x36, 0x14, 
	0x14, 0x36, 0x25, 0x25, 0x25, 0x10, 0x27, 0x25, 
	0x11, 0x12, 0x13, 0x24, 0x28, 0x10, 0x27, 0x11, 
	0x13, 0x24, 0x24, 0x07, 0x07, 0x01, 0x29, 0x01, 
	0x09, 0x09, 0x3f, 0x07, 0x01, 0x36, 0x09, 0x09, 
	0x09, 0x09, 0x36, 0x1a, 0x13, 0x12, 0x16, 0x13, 
	0x09, 0x06, 0x3f, 0x0a, 0x1a, 0x09, 0x24, 0x24, 
	0x1a, 0x24, 0x09, 0x07, 0x00, 0x05, 0x40, 0x01, 
	0x00, 0x07, 0x41, 0x0b, 0x36, 0x36, 0x36, 0x36, 
	0x36, 0x36, 0x36, 0x1a, 0x1a, 0x1a, 0x12, 0x1a, 
	0x09, 0x07, 0x3f, 0x00, 0x06, 0x09, 0x09, 0x24, 
	0x13, 0x1a, 0x09, 0x09, 0x09, 0x07, 0x05, 0x06, 
	0x09, 0x09, 0x36, 0x36, 0x36, 0x00, 0x09, 0x09, 
	0x09, 0x1a, 0x36, 0x36, 0x36, 0x13, 0x12, 0x1a, 
	0x24, 0x07, 0x07, 0x09, 0x01, 0x09, 0x13, 0x24, 
	0x25, 0x11, 0x1a, 0x09, 0x09, 0x09, 0x00, 0x09, 
	0x24, 0x36, 0x01, 0x02, 0x04, 0x02, 0x0b, 0x24, 
	0x20, 0x01, 0x06, 0x23, 0x23, 0x36, 0x28, 0x19, 
	0x16, 0x24, 0x24, 0x01, 0x1a, 0x00, 0x11, 0x14, 
	0x27, 0x15, 0x1a, 0x09, 0x06, 0x09, 0x09, 0x09, 
	0x36, 0x13, 0x20, 0x12, 0x24, 0x3e, 0x08, 0x16, 
	0x07, 0x15, 0x14, 0x28, 0x00, 0x11, 0x36, 0x13, 
	0x24, 0x11, 0x16, 0x3e, 0x13, 0x12, 0x00, 0x27, 
	0x27, 0x15, 0x1a, 0x00, 0x01, 0x00, 0x09, 0x36, 
	0x07, 0x01, 0x22, 0x1a, 0x09, 0x09, 0x04, 0x1a, 
	0x20, 0x13, 0x12, 0x16, 0x06, 0x09, 0x06, 0x36, 
	0x0a, 0x1a, 0x00, 0x24, 0x24, 0x13, 0x09, 0x3a, 
	0x17, 0x15, 0x13, 0x07, 0x01, 0x00, 0x36, 0x41, 
	0x0b, 0x0b, 0x00, 0x04, 0x24, 0x01, 0x1a, 0x1a, 
	0x1a, 0x20, 0x1a, 0x06, 0x1a, 0x00, 0x07, 0x3f, 
	0x36, 0x06, 0x09, 0x07, 0x24, 0x00, 0x15, 0x1a, 
	0x13, 0x12, 0x07, 0x01, 0x01, 0x07, 0x36, 0x05, 
	0x0b, 0x07, 0x02, 0x04, 0x09, 0x04, 0x20, 0x20, 
	0x20, 0x42, 0x13, 0x06, 0x20, 0x01, 0x07, 0x3f, 
	0x36, 0x01, 0x00, 0x13, 0x24, 0x00, 0x11, 0x3e, 
	0x24, 0x24, 0x07, 0x05, 0x06, 0x36, 0x36, 0x07, 
	0x01, 0x00, 0x00, 0x09, 0x24, 0x1a, 0x1a, 0x1a, 
	0x1a, 0x3e, 0x13, 0x12, 0x1a, 0x24, 0x07, 0x07, 
	0x36, 0x36, 0x07, 0x12, 0x13, 0x1a, 0x12, 0x25, 
	0x09, 0x09, 0x07, 0x06, 0x09, 0x36, 0x1a, 0x24, 
	0x00, 0x00, 0x00, 0x09, 0x24, 0x1a, 0x13, 0x13, 
	0x12, 0x12, 0x16, 0x11, 0x12, 0x13, 0x24, 0x09, 
	0x02, 0x36, 0x08, 0x11, 0x14, 0x1a, 0x12, 0x28, 
	0x09, 0x05, 0x07, 0x08, 0x00, 0x36, 0x07, 0x02, 
	0x01, 0x01, 0x01, 0x20, 0x12, 0x07, 0x00, 0x00, 
	0x00, 0x00, 0x11, 0x08, 0x01, 0x04, 0x20, 0x42, 
	0x43, 0x36, 0x3e, 0x43, 0x27, 0x24, 0x1a, 0x3e, 
	0x09, 0x05, 0x05, 0x06, 0x07, 0x36, 0x05, 0x44, 
	0x07, 0x00, 0x09, 0x04, 0x1a, 0x20, 0x13, 0x12, 
	0x45, 0x06, 0x13, 0x0a, 0x43, 0x05, 0x07, 0x0a, 
	0x01, 0x36, 0x13, 0x00, 0x10, 0x00, 0x16, 0x16, 
	0x1f, 0x00, 0x06, 0x09, 0x24, 0x46, 0x24, 0x02, 
	0x00, 0x00, 0x09, 0x01, 0x1a, 0x01, 0x13, 0x12, 
	0x45, 0x07, 0x11, 0x08, 0x13, 0x24, 0x24, 0x01, 
	0x1a, 0x36, 0x16, 0x12, 0x3e, 0x12, 0x1a, 0x28, 
	0x1a, 0x24, 0x09, 0x09, 0x24, 0x46, 0x1a, 0x12, 
	0x01, 0x3e, 0x20, 0x12, 0x16, 0x11, 0x00, 0x28, 
	0x00, 0x11, 0x12, 0x13, 0x01, 0x13, 0x02, 0x3f, 
	0x0a, 0x46, 0x00, 0x24, 0x24, 0x13, 0x1a, 0x18, 
	0x3e, 0x43, 0x09, 0x3f, 0x07, 0x46, 0x46, 0x0a, 
	0x02, 0x05, 0x0a, 0x0a, 0x01, 0x01, 0x20, 0x13, 
	0x20, 0x01, 0x01, 0x08, 0x01, 0x00, 0x02, 0x47, 
	0x46, 0x46, 0x09, 0x07, 0x24, 0x00, 0x15, 0x1a, 
	0x19, 0x1a, 0x07, 0x41, 0x0b, 0x0b, 0x46, 0x07, 
	0x05, 0x05, 0x00, 0x09, 0x00, 0x09, 0x1a, 0x1a, 
	0x1a, 0x3e, 0x13, 0x12, 0x1a, 0x24, 0x07, 0x3f, 
	0x46, 0x01, 0x00, 0x13, 0x24, 0x00, 0x11, 0x3e, 
	0x28, 0x16, 0x1a, 0x08, 0x08, 0x20, 0x36, 0x05, 
	0x08, 0x36, 0x36, 0x36, 0x36, 0x36, 0x36, 0x36, 
	0x36, 0x36, 0x36, 0x36, 0x36, 0x24, 0x07, 0x07, 
	0x46, 0x08, 0x07, 0x12, 0x13, 0x1a, 0x12, 0x25, 
	0x15, 0x16, 0x1a, 0x09, 0x00, 0x00, 0x00, 0x36, 
	0x24, 0x36, 0x20, 0x06, 0x23, 0x1a, 0x24, 0x1a, 
	0x12, 0x12, 0x16, 0x11, 0x36, 0x13, 0x24, 0x46, 
	0x02, 0x1a, 0x08, 0x11, 0x14, 0x1a, 0x12, 0x28, 
	0x14, 0x16, 0x1a, 0x09, 0x07, 0x00, 0x00, 0x00, 
	0x36, 0x36, 0x43, 0x1a, 0x24, 0x36, 0x36, 0x36, 
	0x36, 0x12, 0x12, 0x12, 0x36, 0x00, 0x46, 0x13, 
	0x43, 0x1a, 0x3e, 0x43, 0x27, 0x24, 0x1a, 0x13, 
	0x27, 0x00, 0x1a, 0x09, 0x00, 0x00, 0x06, 0x20, 
	0x1a, 0x36, 0x24, 0x36, 0x36, 0x07, 0x05, 0x05, 
	0x08, 0x36, 0x36, 0x01, 0x46, 0x46, 0x08, 0x07, 
	0x01, 0x07, 0x24, 0x00, 0x25, 0x07, 0x1f, 0x12, 
	0x14, 0x19, 0x06, 0x00, 0x00, 0x0a, 0x01, 0x1a, 
	0x12, 0x36, 0x07, 0x36, 0x36, 0x07, 0x04, 0x36, 
	0x07, 0x48, 0x36, 0x04, 0x46, 0x00, 0x09, 0x48, 
	0x07, 0x08, 0x08, 0x00, 0x07, 0x00, 0x06, 0x15, 
	0x25, 0x12, 0x09, 0x03, 0x01, 0x00, 0x00, 0x24, 
	0x13, 0x36, 0x19, 0x09, 0x00, 0x36, 0x00, 0x36, 
	0x36, 0x36, 0x07, 0x07, 0x46, 0x08, 0x09, 0x24, 
	0x09, 0x00, 0x08, 0x08, 0x07, 0x08, 0x00, 0x11, 
	0x14, 0x12, 0x12, 0x20, 0x06, 0x07, 0x00, 0x24, 
	0x12, 0x36, 0x16, 0x13, 0x24, 0x00, 0x36, 0x36, 
	0x36, 0x00, 0x09, 0x09, 0x46, 0x22, 0x1a, 0x1f, 
	0x00, 0x09, 0x00, 0x07, 0x07, 0x06, 0x13, 0x15, 
	0x10, 0x16, 0x13, 0x00, 0x01, 0x02, 0x00, 0x24, 
	0x12, 0x36, 0x36, 0x36, 0x36, 0x36, 0x36, 0x36, 
	0x36, 0x46, 0x46, 0x46, 0x46, 0x00, 0x06, 0x09, 
	0x13, 0x24, 0x00, 0x00, 0x01, 0x00, 0x13, 0x11, 
	0x25, 0x10, 0x14, 0x11, 0x09, 0x42, 0x12, 0x11, 
	0x27, 0x25, 0x27, 0x28, 0x1a, 0x00, 0x24, 0x24, 
	0x24, 0x13, 0x13, 0x12, 0x12, 0x16, 0x3e, 0x3e, 
	0x11, 0x11, 0x12, 0x09, 0x3e, 0x13, 0x14, 0x28, 
	0x13, 0x09, 0x07, 0x05, 0x0b, 0x49, 0x0c, 0x05, 
	0x09, 0x09, 0x09, 0x00, 0x08, 0x00, 0x02, 0x29, 
	0x4a, 0x0b, 0x04, 0x48, 0x08, 0x48, 0x07, 0x09, 
	0x01, 0x08, 0x04, 0x08, 0x02, 0x04, 0x07, 0x09, 
	0x4b, 0x2a, 0x4c, 0x2b, 0x2b, 0x2b, 0x4c, 0x4c, 
	0x2a, 0x2a, 0x2a, 0x2a, 0x2b, 0x2b, 0x2b, 0x2c, 
	0x2b, 0x2b, 0x2a, 0x2a, 0x35, 0x2a, 0x2f, 0x2a, 
	0x2e, 0x4c, 0x2b, 0x2b, 0x2b, 0x2b, 0x2a, 0x33, 
	0x4d, 0x35, 0x35, 0x2f, 0x33, 0x33, 0x33, 0x2f, 
	0x4b, 0x38, 0x38, 0x2f, 0x33, 0x33, 0x33, 0x33, 
	0x33, 0x2a, 0x33, 0x38, 0x38, 0x38, 0x4b, 0x35, 
	0x35, 0x2f, 0x4e, 0x33, 0x2f, 0x35, 0x38, 0x0b, 
	0x17, 0x25, 0x15, 0x1f, 0x13, 0x13, 0x1f, 0x1f, 
	0x19, 0x16, 0x19, 0x1f, 0x13, 0x09, 0x09, 0x24, 
	0x24, 0x09, 0x24, 0x13, 0x13, 0x1f, 0x4f, 0x1f, 
	0x1f, 0x24, 0x09, 0x19, 0x19, 0x19, 0x50, 0x51, 
	0x17, 0x18, 0x27, 0x25, 0x17, 0x17, 0x25, 0x10, 
	0x0f, 0x18, 0x17, 0x10, 0x27, 0x25, 0x14, 0x25, 
	0x10, 0x27, 0x17, 0x52, 0x52, 0x17, 0x17, 0x17, 
	0x17, 0x27, 0x10, 0x17, 0x26, 0x17, 0x10, 0x28, 
	0x09, 0x09, 0x09, 0x00, 0x00, 0x08, 0x07, 0x09, 
	0x09, 0x09, 0x09, 0x09, 0x00, 0x08, 0x48, 0x09, 
	0x09, 0x09, 0x09, 0x09, 0x09, 0x09, 0x09, 0x09, 
	0x09, 0x09, 0x09, 0x09, 0x07, 0x05, 0x07, 0x00, 
	0x1c, 0x1c, 0x1c, 0x1c, 0x1c, 0x1c, 0x1c, 0x1c, 
	0x1c, 0x1c, 0x1c, 0x1c, 0x1c, 0x1c, 0x1c, 0x1c, 
	0x1c, 0x1c, 0x1c, 0x1c, 0x1c, 0x1c, 0x1c, 0x1c, 
	0x1c, 0x1c, 0x1c, 0x1c, 0x1c, 0x1c, 0x1c, 0x1c, 
	0x11, 0x1a, 0x16, 0x1d, 0x08, 0x00, 0x00, 0x12, 
	0x15, 0x25, 0x14, 0x1c, 0x01, 0x09, 0x09, 0x24, 
	0x1f, 0x1a, 0x12, 0x21, 0x17, 0x13, 0x1f, 0x1f, 
	0x24, 0x1a, 0x13, 0x21, 0x19, 0x27, 0x0f, 0x12, 
	0x11, 0x16, 0x1d, 0x21, 0x1d, 0x00, 0x09, 0x1a, 
	0x11, 0x25, 0x1c, 0x02, 0x21, 0x01, 0x24, 0x24, 
	0x1f, 0x24, 0x21, 0x0d, 0x1c, 0x13, 0x13, 0x09, 
	0x09, 0x09, 0x21, 0x09, 0x21, 0x26, 0x12, 0x00, 
	0x16, 0x1d, 0x0d, 0x1d, 0x21, 0x1d, 0x1a, 0x19, 
	0x12, 0x1c, 0x03, 0x0d, 0x0d, 0x21, 0x20, 0x24, 
	0x11, 0x21, 0x00, 0x0d, 0x0d, 0x21, 0x13, 0x09, 
	0x0a, 0x1c, 0x03, 0x03, 0x03, 0x1c, 0x12, 0x12, 
	0x1d, 0x0e, 0x1d, 0x1e, 0x0c, 0x1d, 0x1d, 0x1f, 
	0x1c, 0x20, 0x03, 0x03, 0x0a, 0x0a, 0x21, 0x08, 
	0x1c, 0x0d, 0x0d, 0x22, 0x0d, 0x1d, 0x1d, 0x09, 
	0x21, 0x03, 0x0e, 0x03, 0x1c, 0x23, 0x21, 0x24, 
	0x1c, 0x1c, 0x1c, 0x1c, 0x1c, 0x1c, 0x1c, 0x1c, 
	0x1c, 0x1c, 0x1c, 0x1c, 0x1c, 0x1c, 0x1c, 0x1c, 
	0x1c, 0x1c, 0x1c, 0x1c, 0x1c, 0x1c, 0x1c, 0x1c, 
	0x1c, 0x1c, 0x1c, 0x1c, 0x1c, 0x1c, 0x1c, 0x1c, 
	0x1f, 0x1a, 0x09, 0x07, 0x09, 0x09, 0x07, 0x00, 
	0x09, 0x00, 0x48, 0x48, 0x48, 0x05, 0x53, 0x05, 
	0x53, 0x08, 0x48, 0x00, 0x00, 0x48, 0x48, 0x48, 
	0x48, 0x07, 0x07, 0x00, 0x09, 0x09, 0x09, 0x09, 
	0x07, 0x07, 0x02, 0x02, 0x02, 0x02, 0x02, 0x04, 
	0x08, 0x07, 0x07, 0x07, 0x05, 0x02, 0x0e, 0x0e, 
	0x0d, 0x0e, 0x02, 0x05, 0x07, 0x07, 0x07, 0x08, 
	0x02, 0x03, 0x0d, 0x02, 0x02, 0x02, 0x05, 0x07, 
	0x07, 0x05, 0x0b, 0x02, 0x02, 0x0e, 0x02, 0x02, 
	0x05, 0x05, 0x07, 0x08, 0x01, 0x02, 0x03, 0x0e, 
	0x0e, 0x0e, 0x02, 0x05, 0x07, 0x07, 0x08, 0x05, 
	0x02, 0x02, 0x0e, 0x0e, 0x0e, 0x02, 0x05, 0x07, 
	0x08, 0x01, 0x02, 0x02, 0x03, 0x0e, 0x02, 0x02, 
	0x01, 0x05, 0x07, 0x05, 0x01, 0x02, 0x02, 0x0e, 
	0x0e, 0x03, 0x02, 0x01, 0x08, 0x07, 0x05, 0x01, 
	0x02, 0x03, 0x0e, 0x0e, 0x03, 0x02, 0x01, 0x05, 
	0x05, 0x04, 0x02, 0x0c, 0x0c, 0x0d, 0x0c, 0x02, 
	0x04, 0x05, 0x07, 0x05, 0x01, 0x02, 0x0c, 0x0d, 
	0x0d, 0x0c, 0x02, 0x01, 0x05, 0x07, 0x05, 0x01, 
	0x03, 0x0d, 0x0d, 0x0d, 0x0c, 0x02, 0x01, 0x05, 
	0x05, 0x04, 0x02, 0x0c, 0x0d, 0x0d, 0x0c, 0x03, 
	0x04, 0x05, 0x07, 0x05, 0x01, 0x02, 0x0c, 0x0d, 
	0x0d, 0x0c, 0x02, 0x01, 0x05, 0x07, 0x05, 0x04, 
	0x02, 0x0c, 0x0d, 0x0d, 0x0c, 0x02, 0x01, 0x08, 
	0x05, 0x01, 0x02, 0x02, 0x0e, 0x0e, 0x03, 0x02, 
	0x01, 0x05, 0x07, 0x08, 0x01, 0x02, 0x03, 0x0e, 
	0x0e, 0x02, 0x02, 0x01, 0x05, 0x07, 0x05, 0x01, 
	0x02, 0x03, 0x0e, 0x0e, 0x02, 0x02, 0x01, 0x08, 
	0x05, 0x01, 0x02, 0x02, 0x0e, 0x0e, 0x0e, 0x02, 
	0x01, 0x05, 0x07, 0x07, 0x05, 0x02, 0x0e, 0x0e, 
	0x0e, 0x02, 0x02, 0x01, 0x05, 0x07, 0x05, 0x01, 
	0x02, 0x03, 0x0e, 0x0e, 0x03, 0x02, 0x01, 0x07, 
	0x07, 0x05, 0x02, 0x02, 0x03, 0x03, 0x03, 0x02, 
	0x05, 0x08, 0x07, 0x07, 0x05, 0x02, 0x03, 0x03, 
	0x03, 0x02, 0x02, 0x01, 0x05, 0x07, 0x08, 0x05, 
	0x02, 0x02, 0x03, 0x03, 0x02, 0x0a, 0x05, 0x07, 
	
};

Gfx rf_end_prophecy3_pal_rgba16_aligner[] = {gsSPEndDisplayList()};
u8 rf_end_prophecy3_pal_rgba16[] = {
	0x94, 0xa3, 0x84, 0x5f, 0x7c, 0x1d, 0x7c, 0x1b, 
	0x84, 0x1f, 0x84, 0x61, 0x8c, 0xa1, 0x8c, 0xa3, 
	0x8c, 0x61, 0x94, 0xa5, 0x84, 0x1d, 0x7c, 0x1f, 
	0x73, 0xdb, 0x73, 0xd9, 0x7b, 0xdb, 0xc6, 0x2f, 
	0xb5, 0xed, 0xad, 0x69, 0xa5, 0x27, 0x9d, 0x27, 
	0xad, 0xab, 0xad, 0x6b, 0xa5, 0x69, 0xbd, 0xef, 
	0xc6, 0x31, 0xa5, 0x29, 0x9c, 0xe5, 0xc6, 0x71, 
	0x63, 0x55, 0x6b, 0x97, 0x73, 0x99, 0x9c, 0xe7, 
	0x8c, 0x5f, 0x6b, 0x95, 0x84, 0x5d, 0x94, 0xa1, 
	0x94, 0xe5, 0xb5, 0xad, 0xbe, 0x2f, 0xbd, 0xed, 
	0xb5, 0xab, 0x73, 0xdd, 0x53, 0x17, 0x4a, 0xd5, 
	0x4a, 0xd3, 0x42, 0x93, 0x53, 0x15, 0x5b, 0x59, 
	0x84, 0xa3, 0x6b, 0xdb, 0x63, 0x99, 0x5b, 0x17, 
	0x5b, 0x57, 0x63, 0x59, 0x63, 0x53, 0x63, 0x9b, 
	0x6b, 0x9b, 0x74, 0x1f, 0xce, 0x73, 0xd6, 0xb5, 
	0xce, 0xb3, 0xde, 0xf7, 0x9d, 0x25, 0x84, 0xa1, 
	0x7c, 0x5f, 0x7c, 0x61, 0x8c, 0x9f, 0x94, 0xe3, 
	0x73, 0x9b, 0xa5, 0x67, 0x4a, 0x8f, 0x74, 0x1b, 
	0x8c, 0x63, 0x6b, 0x99, 0x7b, 0xdd, 0x63, 0x5b, 
	0x52, 0xd5, 0x7c, 0x21, 0x5b, 0x19, 0x94, 0xe7, 
	0x9d, 0x29, 0xa5, 0x6b, 0xce, 0x71, 0x84, 0x21, 
	
};

Gfx rf_end_bzzt_i8_aligner[] = {gsSPEndDisplayList()};
u8 rf_end_bzzt_i8[] = {
	0x00, 0x00, 0x00, 0x00, 0x00, 0x00, 0x00, 0x00, 
	0x00, 0x00, 0x00, 0x00, 0x00, 0x00, 0x00, 0x00, 
	0x00, 0x00, 0x00, 0x00, 0x00, 0x00, 0x3f, 0x42, 
	0x5a, 0x5c, 0x6f, 0x6f, 0x7f, 0x80, 0x8c, 0x8e, 
	0x9a, 0x9a, 0xa5, 0xa5, 0xaf, 0xb0, 0xb9, 0xba, 
	0xc3, 0xc3, 0xcb, 0xcc, 0xd3, 0xd4, 0xdc, 0xdc, 
	0xe3, 0xe3, 0xea, 0xeb, 0xf2, 0xf2, 0xf8, 0xf8, 
	0xff, 0xff, 0xf8, 0xf8, 0xf1, 0xf1, 0xea, 0xe9, 
	0xe3, 0xe2, 0xda, 0xda, 0xd2, 0xd2, 0xc9, 0xc8, 
	0xbf, 0xbf, 0xb6, 0xb6, 0xac, 0xaa, 0xa0, 0x9f, 
	0x93, 0x93, 0x86, 0x85, 0x76, 0x74, 0x62, 0x61, 
	0x49, 0x48, 0x1c, 0x00, 0x00, 0x00, 0x00, 0x00, 
	0x00, 0x00, 0x00, 0x00, 0x00, 0x00, 0x00, 0x00, 
	0x00, 0x00, 0x00, 0x00, 0x00, 0x00, 0x00, 0x00, 
	0x00, 0x00, 0x00, 0x00, 0x00, 0x00, 0x00, 0x00, 
	0x00, 0x00, 0x00, 0x00, 0x00, 0x00, 0x00, 0x00, 
	
};

Gfx rf_end_piece_ia8_aligner[] = {gsSPEndDisplayList()};
u8 rf_end_piece_ia8[] = {
	0xef, 0xdf, 0xdf, 0xdf, 0xdf, 0xdf, 0xdf, 0xdf, 
	0xdf, 0xdf, 0xdf, 0xdf, 0xdf, 0xdf, 0x9f, 0x00, 
	0x00, 0x00, 0x00, 0x00, 0x00, 0x00, 0x00, 0x00, 
	0x00, 0x00, 0x00, 0x00, 0x00, 0x00, 0x00, 0x00, 
	0xff, 0xff, 0xff, 0xff, 0xff, 0xff, 0xff, 0xff, 
	0xff, 0xff, 0xff, 0xff, 0xff, 0xef, 0xef, 0x9f, 
	0x00, 0x00, 0x00, 0x00, 0x00, 0x00, 0x00, 0x00, 
	0x00, 0x00, 0x00, 0x00, 0x00, 0x00, 0x00, 0x00, 
	0xff, 0xff, 0xff, 0xff, 0xff, 0xff, 0xff, 0xff, 
	0xff, 0xff, 0xff, 0xff, 0xff, 0xff, 0xef, 0xef, 
	0x9f, 0x00, 0x00, 0x00, 0x00, 0x00, 0x00, 0x00, 
	0x00, 0x00, 0x00, 0x00, 0x00, 0x00, 0x00, 0x00, 
	0xdf, 0xff, 0xff, 0xff, 0xff, 0xff, 0xff, 0xff, 
	0xff, 0xff, 0xff, 0xff, 0xff, 0xff, 0xff, 0xdf, 
	0x7f, 0x00, 0x00, 0x00, 0x00, 0x00, 0x00, 0x00, 
	0x00, 0x00, 0x00, 0x00, 0x00, 0x00, 0x00, 0x00, 
	0x00, 0xcf, 0xff, 0xff, 0xff, 0xff, 0xff, 0xff, 
	0xff, 0xff, 0xff, 0xff, 0xff, 0xff, 0xff, 0xdf, 
	0x8f, 0x00, 0x00, 0x00, 0x00, 0x00, 0x00, 0x00, 
	0x00, 0x00, 0x00, 0x00, 0x00, 0x00, 0x00, 0x00, 
	0x00, 0x00, 0xcf, 0xbf, 0xff, 0xff, 0xff, 0xff, 
	0xff, 0xff, 0xff, 0xff, 0xff, 0xff, 0xff, 0xef, 
	0xef, 0xcf, 0x9f, 0x00, 0x00, 0x00, 0x00, 0x00, 
	0x00, 0x00, 0x00, 0x00, 0x00, 0x00, 0x00, 0x00, 
	0x00, 0x00, 0x00, 0x00, 0xef, 0xff, 0xff, 0xff, 
	0xff, 0xff, 0xff, 0xff, 0xff, 0xff, 0xff, 0xff, 
	0xff, 0xef, 0xef, 0x9f, 0x00, 0x00, 0x00, 0x00, 
	0x00, 0x00, 0x00, 0x00, 0x00, 0x00, 0x00, 0x00, 
	0x00, 0x00, 0x00, 0x00, 0xff, 0xff, 0xff, 0xff, 
	0xff, 0xff, 0xff, 0xff, 0xff, 0xff, 0xff, 0xff, 
	0xff, 0xff, 0xdf, 0x7f, 0x00, 0x00, 0x00, 0x00, 
	0x00, 0x00, 0x00, 0x00, 0x00, 0x00, 0x00, 0x00, 
	0x00, 0x00, 0x00, 0x00, 0xff, 0xff, 0xff, 0xff, 
	0xff, 0xff, 0xff, 0xff, 0xff, 0xff, 0xff, 0xff, 
	0xff, 0xff, 0xdf, 0x7f, 0x00, 0x00, 0x00, 0x00, 
	0x00, 0x00, 0x00, 0x00, 0x00, 0x00, 0x00, 0x00, 
	0x00, 0x00, 0x00, 0x00, 0xff, 0xff, 0xff, 0xff, 
	0xff, 0xff, 0xff, 0xff, 0xff, 0xff, 0xff, 0xff, 
	0xef, 0xdf, 0xdf, 0x6f, 0x00, 0x00, 0x00, 0x00, 
	0x00, 0x00, 0x00, 0x00, 0x00, 0x00, 0x00, 0x00, 
	0x00, 0x00, 0xef, 0xdf, 0xff, 0xff, 0xff, 0xff, 
	0xff, 0xff, 0xff, 0xff, 0xff, 0xff, 0xff, 0xef, 
	0xdf, 0xaf, 0x6f, 0x00, 0x00, 0x00, 0x00, 0x00, 
	0x00, 0x00, 0x00, 0x00, 0x00, 0x00, 0x00, 0x00, 
	0x00, 0xef, 0xff, 0xff, 0xff, 0xff, 0xff, 0xff, 
	0xff, 0xff, 0xff, 0xff, 0xff, 0xff, 0xff, 0xdf, 
	0x7f, 0x00, 0x00, 0x00, 0x00, 0x00, 0x00, 0x00, 
	0x00, 0x00, 0x00, 0x00, 0x00, 0x00, 0x00, 0x00, 
	0xef, 0xff, 0xff, 0xff, 0xff, 0xff, 0xff, 0xff, 
	0xff, 0xff, 0xff, 0xff, 0xff, 0xff, 0xff, 0xdf, 
	0x7f, 0x00, 0x00, 0x00, 0x00, 0x00, 0x00, 0x00, 
	0x00, 0x00, 0x00, 0x00, 0x00, 0x00, 0x00, 0x00, 
	0xff, 0xff, 0xff, 0xff, 0xff, 0xff, 0xff, 0xff, 
	0xff, 0xff, 0xff, 0xff, 0xff, 0xff, 0xef, 0xdf, 
	0x6f, 0x00, 0x00, 0x00, 0x00, 0x00, 0x00, 0x00, 
	0x00, 0x00, 0x00, 0x00, 0x00, 0x00, 0x00, 0x00, 
	0xff, 0xff, 0xef, 0xef, 0xef, 0xef, 0xef, 0xef, 
	0xef, 0xef, 0xef, 0xef, 0xef, 0xef, 0xdf, 0x6f, 
	0x00, 0x00, 0x00, 0x00, 0x00, 0x00, 0x00, 0x00, 
	0x00, 0x00, 0x00, 0x00, 0x00, 0x00, 0x00, 0x00, 
	0xdf, 0xaf, 0xaf, 0xaf, 0xaf, 0xaf, 0xaf, 0xaf, 
	0xaf, 0xaf, 0xaf, 0xaf, 0xaf, 0xaf, 0x6f, 0x00, 
	0x00, 0x00, 0x00, 0x00, 0x00, 0x00, 0x00, 0x00, 
	0x00, 0x00, 0x00, 0x00, 0x00, 0x00, 0x00, 0x00, 
	0x00, 0x00, 0x00, 0x00, 0x00, 0x00, 0x00, 0x00, 
	0x00, 0x00, 0x00, 0x00, 0x00, 0x00, 0x00, 0x00, 
	0x00, 0x00, 0x00, 0x00, 0x00, 0x00, 0x00, 0x00, 
	0x00, 0x00, 0x00, 0x00, 0x00, 0x00, 0x00, 0x00, 
	0x00, 0x00, 0x00, 0x00, 0x00, 0x00, 0x00, 0x00, 
	0x00, 0x00, 0x00, 0x00, 0x00, 0x00, 0x00, 0x00, 
	0x00, 0x00, 0x00, 0x00, 0x00, 0x00, 0x00, 0x00, 
	0x00, 0x00, 0x00, 0x00, 0x00, 0x00, 0x00, 0x00, 
	0x00, 0x00, 0x00, 0x00, 0x00, 0x00, 0x00, 0x00, 
	0x00, 0x00, 0x00, 0x00, 0x00, 0x00, 0x00, 0x00, 
	0x00, 0x00, 0x00, 0x00, 0x00, 0x00, 0x00, 0x00, 
	0x00, 0x00, 0x00, 0x00, 0x00, 0x00, 0x00, 0x00, 
	0x00, 0x00, 0x00, 0x00, 0x00, 0x00, 0x00, 0x00, 
	0x00, 0x00, 0x00, 0x00, 0x00, 0x00, 0x00, 0x00, 
	0x00, 0x00, 0x00, 0x00, 0x00, 0x00, 0x00, 0x00, 
	0x00, 0x00, 0x00, 0x00, 0x00, 0x00, 0x00, 0x00, 
	0x00, 0x00, 0x00, 0x00, 0x00, 0x00, 0x00, 0x00, 
	0x00, 0x00, 0x00, 0x00, 0x00, 0x00, 0x00, 0x00, 
	0x00, 0x00, 0x00, 0x00, 0x00, 0x00, 0x00, 0x00, 
	0x00, 0x00, 0x00, 0x00, 0x00, 0x00, 0x00, 0x00, 
	0x00, 0x00, 0x00, 0x00, 0x00, 0x00, 0x00, 0x00, 
	0x00, 0x00, 0x00, 0x00, 0x00, 0x00, 0x00, 0x00, 
	0x00, 0x00, 0x00, 0x00, 0x00, 0x00, 0x00, 0x00, 
	0x00, 0x00, 0x00, 0x00, 0x00, 0x00, 0x00, 0x00, 
	0x00, 0x00, 0x00, 0x00, 0x00, 0x00, 0x00, 0x00, 
	0x00, 0x00, 0x00, 0x00, 0x00, 0x00, 0x00, 0x00, 
	0x00, 0x00, 0x00, 0x00, 0x00, 0x00, 0x00, 0x00, 
	0x00, 0x00, 0x00, 0x00, 0x00, 0x00, 0x00, 0x00, 
	0x00, 0x00, 0x00, 0x00, 0x00, 0x00, 0x00, 0x00, 
	0x00, 0x00, 0x00, 0x00, 0x00, 0x00, 0x00, 0x00, 
	0x00, 0x00, 0x00, 0x00, 0x00, 0x00, 0x00, 0x00, 
	0x00, 0x00, 0x00, 0x00, 0x00, 0x00, 0x00, 0x00, 
	0x00, 0x00, 0x00, 0x00, 0x00, 0x00, 0x00, 0x00, 
	0x00, 0x00, 0x00, 0x00, 0x00, 0x00, 0x00, 0x00, 
	0x00, 0x00, 0x00, 0x00, 0x00, 0x00, 0x00, 0x00, 
	0x00, 0x00, 0x00, 0x00, 0x00, 0x00, 0x00, 0x00, 
	0x00, 0x00, 0x00, 0x00, 0x00, 0x00, 0x00, 0x00, 
	0x00, 0x00, 0x00, 0x00, 0x00, 0x00, 0x00, 0x00, 
	0x00, 0x00, 0x00, 0x00, 0x00, 0x00, 0x00, 0x00, 
	0x00, 0x00, 0x00, 0x00, 0x00, 0x00, 0x00, 0x00, 
	0x00, 0x00, 0x00, 0x00, 0x00, 0x00, 0x00, 0x00, 
	0x00, 0x00, 0x00, 0x00, 0x00, 0x00, 0x00, 0x00, 
	0x00, 0x00, 0x00, 0x00, 0x00, 0x00, 0x00, 0x00, 
	0x00, 0x00, 0x00, 0x00, 0x00, 0x00, 0x00, 0x00, 
	0x00, 0x00, 0x00, 0x00, 0x00, 0x00, 0x00, 0x00, 
	0x00, 0x00, 0x00, 0x00, 0x00, 0x00, 0x00, 0x00, 
	0x00, 0x00, 0x00, 0x00, 0x00, 0x00, 0x00, 0x00, 
	0x00, 0x00, 0x00, 0x00, 0x00, 0x00, 0x00, 0x00, 
	0x00, 0x00, 0x00, 0x00, 0x00, 0x00, 0x00, 0x00, 
	0x00, 0x00, 0x00, 0x00, 0x00, 0x00, 0x00, 0x00, 
	0x00, 0x00, 0x00, 0x00, 0x00, 0x00, 0x00, 0x00, 
	0x00, 0x00, 0x00, 0x00, 0x00, 0x00, 0x00, 0x00, 
	0x00, 0x00, 0x00, 0x00, 0x00, 0x00, 0x00, 0x00, 
	0x00, 0x00, 0x00, 0x00, 0x00, 0x00, 0x00, 0x00, 
	0x00, 0x00, 0x00, 0x00, 0x00, 0x00, 0x00, 0x00, 
	0x00, 0x00, 0x00, 0x00, 0x00, 0x00, 0x00, 0x00, 
	0x00, 0x00, 0x00, 0x00, 0x00, 0x00, 0x00, 0x00, 
	0x00, 0x00, 0x00, 0x00, 0x00, 0x00, 0x00, 0x00, 
	0x00, 0x00, 0x00, 0x00, 0x00, 0x00, 0x00, 0x00, 
	0x00, 0x00, 0x00, 0x00, 0x00, 0x00, 0x00, 0x00, 
	0x00, 0x00, 0x00, 0x00, 0x00, 0x00, 0x00, 0x00, 
	0x00, 0x00, 0x00, 0x00, 0x00, 0x00, 0x00, 0x00, 
	0x00, 0x00, 0x00, 0x00, 0x00, 0x00, 0x00, 0x00, 
	0x00, 0x00, 0x00, 0x00, 0x00, 0x00, 0x00, 0x00, 
	
};

Gfx rf_end_swapule_ia8_aligner[] = {gsSPEndDisplayList()};
u8 rf_end_swapule_ia8[] = {
	0xe0, 0xd0, 0xd0, 0xd0, 0xd0, 0xd0, 0xd0, 0xd0, 
	0xd0, 0xd0, 0xd0, 0xd0, 0xd0, 0xd0, 0x90, 0x00, 
	0xf0, 0xf0, 0xf0, 0xf0, 0xf0, 0xf0, 0xf0, 0xf0, 
	0xf0, 0xf0, 0xf0, 0xf0, 0xf0, 0xe0, 0xe0, 0x90, 
	0xf0, 0xf0, 0xf0, 0xf0, 0xf0, 0xf0, 0xf0, 0xf0, 
	0xf0, 0xf0, 0xf0, 0xf0, 0xf0, 0xf0, 0xe0, 0xe0, 
	0xd0, 0xf0, 0xf0, 0xf0, 0xf0, 0xf0, 0xf0, 0xf0, 
	0xf0, 0xf0, 0xf0, 0xf0, 0xf0, 0xf0, 0xf0, 0xd0, 
	0x00, 0xc0, 0xf0, 0xf0, 0xf0, 0xf0, 0xf0, 0xf0, 
	0xf0, 0xf0, 0xf0, 0xf0, 0xbf, 0xf0, 0xf0, 0xd0, 
	0x00, 0x00, 0xc0, 0xb0, 0xf0, 0xf0, 0xef, 0xcf, 
	0x9f, 0xf0, 0xf0, 0xcf, 0xef, 0x6f, 0xf0, 0xe0, 
	0x00, 0x00, 0x00, 0x00, 0xe0, 0xf0, 0xef, 0xff, 
	0x7f, 0xf0, 0xff, 0xff, 0xff, 0xdf, 0x8f, 0xf0, 
	0x00, 0x00, 0x00, 0x00, 0xf0, 0xf0, 0xef, 0xff, 
	0x7f, 0xf0, 0xf0, 0xff, 0xff, 0x7f, 0xf0, 0xf0, 
	0x00, 0x00, 0x00, 0x00, 0xf0, 0xff, 0xff, 0xff, 
	0xdf, 0x8f, 0xf0, 0xef, 0xff, 0x7f, 0xf0, 0xf0, 
	0x00, 0x00, 0x00, 0x00, 0xf0, 0xf0, 0xcf, 0xef, 
	0x5f, 0xf0, 0xf0, 0xef, 0xdf, 0x9f, 0xf0, 0xf0, 
	0x00, 0x00, 0xe0, 0xd0, 0xf0, 0xf0, 0xf0, 0xbf, 
	0xf0, 0xf0, 0xf0, 0xf0, 0xf0, 0xf0, 0xf0, 0xe0, 
	0x00, 0xe0, 0xf0, 0xf0, 0xf0, 0xf0, 0xf0, 0xf0, 
	0xf0, 0xf0, 0xf0, 0xf0, 0xf0, 0xf0, 0xf0, 0xd0, 
	0xe0, 0xf0, 0xf0, 0xf0, 0xf0, 0xf0, 0xf0, 0xf0, 
	0xf0, 0xf0, 0xf0, 0xf0, 0xf0, 0xf0, 0xf0, 0xd0, 
	0xf0, 0xf0, 0xf0, 0xf0, 0xf0, 0xf0, 0xf0, 0xf0, 
	0xf0, 0xf0, 0xf0, 0xf0, 0xf0, 0xf0, 0xe0, 0xd0, 
	0xf0, 0xf0, 0xe0, 0xe0, 0xe0, 0xe0, 0xe0, 0xe0, 
	0xe0, 0xe0, 0xe0, 0xe0, 0xe0, 0xe0, 0xd0, 0x60, 
	0xd0, 0xa0, 0xa0, 0xa0, 0xa0, 0xa0, 0xa0, 0xa0, 
	0xa0, 0xa0, 0xa0, 0xa0, 0xa0, 0xa0, 0x60, 0x00, 
	
};

Gfx rf_end_MetalX_i8_aligner[] = {gsSPEndDisplayList()};
u8 rf_end_MetalX_i8[] = {
	0x2f, 0x2f, 0x2f, 0x2f, 0x2f, 0x38, 0x2f, 0x2f, 
	0x2f, 0x2f, 0x2f, 0x2f, 0x2f, 0x2f, 0x2f, 0x38, 
	0x38, 0x38, 0x38, 0x38, 0x40, 0x38, 0x38, 0x38, 
	0x38, 0x34, 0x2f, 0x2f, 0x2f, 0x2f, 0x2f, 0x2f, 
	0x2f, 0x78, 0x78, 0x78, 0x78, 0x78, 0x78, 0x78, 
	0xa2, 0xa2, 0xa2, 0xa2, 0xa2, 0xa2, 0xa2, 0xa2, 
	0xa2, 0xa2, 0xa2, 0xa2, 0xa2, 0xa2, 0xa2, 0xa2, 
	0x78, 0x78, 0x78, 0x78, 0x78, 0x78, 0x78, 0x2f, 
	0x2f, 0x78, 0x2b, 0xa2, 0x78, 0x78, 0x2b, 0x78, 
	0x78, 0x78, 0x2b, 0x78, 0x78, 0x78, 0x2b, 0x78, 
	0xa2, 0xa2, 0x2b, 0xa2, 0xa2, 0xc7, 0x2b, 0xa2, 
	0xa2, 0xa2, 0x2b, 0xa2, 0x78, 0x2b, 0x78, 0x2f, 
	0x2f, 0x78, 0x78, 0x78, 0x45, 0x45, 0x45, 0x45, 
	0x45, 0x45, 0x45, 0x45, 0x45, 0x45, 0x45, 0x45, 
	0x45, 0x45, 0x45, 0x45, 0x45, 0x45, 0x45, 0x45, 
	0x45, 0x45, 0x45, 0x45, 0x78, 0x78, 0x78, 0x2f, 
	0x2f, 0x78, 0x78, 0x45, 0x2b, 0x2b, 0x2b, 0x2b, 
	0x2b, 0x2b, 0x2b, 0x2b, 0x2b, 0x2b, 0x2b, 0x2b, 
	0x2b, 0x2b, 0x2b, 0x2b, 0x2b, 0x2b, 0x2b, 0x2b, 
	0x2b, 0x2b, 0x2b, 0x2b, 0xc7, 0x78, 0x78, 0x2f, 
	0x3d, 0x78, 0x2b, 0x45, 0x2b, 0x66, 0x78, 0xc7, 
	0x40, 0x40, 0x42, 0x44, 0x48, 0x4c, 0x4e, 0x52, 
	0x52, 0x53, 0x55, 0x53, 0x4e, 0x4c, 0x47, 0x41, 
	0x3c, 0xc7, 0xa2, 0x2b, 0xff, 0x78, 0xa2, 0x38, 
	0x3d, 0xa2, 0xa2, 0x45, 0x2b, 0x32, 0x66, 0xa2, 
	0xff, 0x40, 0x4e, 0x5a, 0x68, 0x6e, 0x71, 0x73, 
	0x73, 0x73, 0x76, 0x75, 0x6b, 0x5f, 0x4d, 0x3f, 
	0xc7, 0xa2, 0x43, 0x2b, 0xff, 0x2b, 0xa2, 0x38, 
	0x3d, 0xa2, 0xa2, 0x58, 0x2b, 0x36, 0x39, 0xa2, 
	0xa2, 0xff, 0x46, 0x62, 0x6c, 0x71, 0x72, 0x73, 
	0x73, 0x75, 0x79, 0x78, 0x6c, 0x5a, 0x44, 0xff, 
	0xa2, 0x43, 0x34, 0x2f, 0xff, 0xa2, 0xa2, 0x38, 
	0x3d, 0xa2, 0xb5, 0x58, 0x2b, 0x30, 0x3f, 0x3e, 
	0xc7, 0xa2, 0xff, 0x47, 0x66, 0x6c, 0x6d, 0x6d, 
	0x6b, 0x70, 0x72, 0x70, 0x64, 0x45, 0xc7, 0xb5, 
	0x43, 0x38, 0x34, 0x2f, 0xff, 0xa2, 0xa2, 0x38, 
	0x3d, 0xc7, 0x2b, 0x7b, 0x2b, 0x2f, 0x3f, 0x48, 
	0x41, 0xa2, 0xa2, 0xff, 0x4b, 0x69, 0x6c, 0x72, 
	0x75, 0x73, 0x72, 0x6d, 0x49, 0xff, 0x78, 0x43, 
	0x3c, 0x3c, 0x34, 0x2f, 0xff, 0xa2, 0xa2, 0x38, 
	0x3d, 0xa2, 0xc7, 0x7b, 0x2f, 0x32, 0x41, 0x4a, 
	0x4e, 0x44, 0xc7, 0xa2, 0xff, 0x50, 0x79, 0x7d, 
	0x7d, 0x7e, 0x7b, 0x52, 0xff, 0xa2, 0x43, 0x42, 
	0x47, 0x40, 0x36, 0x2f, 0xff, 0x2b, 0xc7, 0x38, 
	0x3d, 0xa2, 0xc7, 0x7b, 0x2f, 0x36, 0x45, 0x4c, 
	0x54, 0x5f, 0x4c, 0xc7, 0xa2, 0xff, 0x60, 0x87, 
	0x87, 0x87, 0x5f, 0xff, 0xa2, 0x43, 0x49, 0x57, 
	0x49, 0x40, 0x33, 0x2f, 0xff, 0xa2, 0xa2, 0x38, 
	0x3d, 0xc7, 0xc7, 0x7b, 0x2f, 0x3c, 0x49, 0x54, 
	0x62, 0x6e, 0x7a, 0x5a, 0xc7, 0xc7, 0xff, 0x6d, 
	0x6d, 0x6d, 0xff, 0xa2, 0x43, 0x58, 0x70, 0x61, 
	0x52, 0x46, 0x36, 0x2f, 0xff, 0xc7, 0xc7, 0x40, 
	0x3d, 0xc7, 0x2b, 0x7b, 0x2f, 0x3d, 0x4b, 0x57, 
	0x64, 0x6d, 0x79, 0x7f, 0x60, 0xc7, 0xc7, 0xc7, 
	0xc7, 0xc7, 0xff, 0x43, 0x5c, 0x7d, 0x70, 0x65, 
	0x53, 0x45, 0x36, 0x2f, 0xff, 0xc7, 0xa2, 0x38, 
	0x3d, 0xc7, 0xc7, 0x7b, 0x2b, 0x39, 0x48, 0x52, 
	0x60, 0x6e, 0x73, 0x7e, 0x5c, 0xff, 0x43, 0xc7, 
	0xa2, 0x43, 0xc7, 0x5d, 0x7b, 0x75, 0x69, 0x5d, 
	0x4c, 0x42, 0x36, 0x3d, 0xff, 0x2b, 0xc7, 0x38, 
	0x3d, 0xc7, 0xc7, 0x7b, 0x2b, 0x39, 0x49, 0x52, 
	0x5f, 0x6c, 0x71, 0x7d, 0x5c, 0xff, 0xa2, 0xc7, 
	0x43, 0xa2, 0xa2, 0x5a, 0x7b, 0x71, 0x65, 0x5a, 
	0x4a, 0x41, 0x38, 0x3d, 0xff, 0xa2, 0xa2, 0x38, 
	0x3d, 0xc7, 0xc7, 0x7b, 0x2b, 0x3b, 0x47, 0x4e, 
	0x5a, 0x65, 0x6e, 0x76, 0x59, 0xff, 0xa2, 0xa2, 
	0xb5, 0xc7, 0xc7, 0x59, 0x7b, 0x72, 0x66, 0x5a, 
	0x4c, 0x42, 0x37, 0x3d, 0xff, 0xa2, 0xa2, 0x38, 
	0x3d, 0xc7, 0x2b, 0x7b, 0x2f, 0x38, 0x46, 0x4d, 
	0x54, 0x59, 0x61, 0x69, 0x50, 0x43, 0x43, 0xa2, 
	0xa2, 0x43, 0xa2, 0xff, 0x4e, 0x66, 0x5c, 0x53, 
	0x4a, 0x42, 0x36, 0x3d, 0xff, 0xa2, 0xa2, 0x34, 
	0x3d, 0xc7, 0xc7, 0x7b, 0x2f, 0x34, 0x42, 0x49, 
	0x4d, 0x50, 0x57, 0x48, 0xa2, 0x78, 0x43, 0x43, 
	0x43, 0x43, 0x78, 0xa2, 0xff, 0x45, 0x50, 0x4d, 
	0x47, 0x3f, 0x36, 0x2f, 0xc7, 0x2b, 0xa2, 0x2f, 
	0x3d, 0xc7, 0xc7, 0x7b, 0x2f, 0x32, 0x40, 0x47, 
	0x4b, 0x4d, 0x44, 0xa2, 0x8b, 0x43, 0x4e, 0x52, 
	0x53, 0x52, 0x52, 0x66, 0xa2, 0xff, 0x45, 0x50, 
	0x48, 0x40, 0x34, 0x2f, 0xc7, 0x78, 0x78, 0x2f, 
	0x3d, 0xa2, 0xc7, 0x7b, 0x2f, 0x35, 0x41, 0x47, 
	0x4b, 0x41, 0xc7, 0x78, 0x43, 0x4e, 0x73, 0x79, 
	0x7d, 0x7b, 0x7a, 0x54, 0x78, 0xa2, 0xff, 0x46, 
	0x4c, 0x43, 0x34, 0x2f, 0xc7, 0x78, 0x78, 0x2f, 
	0x3d, 0xc7, 0x2b, 0x7b, 0x2f, 0x37, 0x42, 0x47, 
	0x40, 0xc7, 0x78, 0x43, 0x49, 0x69, 0x70, 0x76, 
	0x76, 0x78, 0x78, 0x73, 0x4d, 0x78, 0xa2, 0xff, 
	0x40, 0x42, 0x36, 0x2f, 0xc7, 0x78, 0x78, 0x2f, 
	0x3d, 0xa2, 0xc7, 0x7b, 0x2f, 0x36, 0x41, 0x3e, 
	0xc7, 0xa2, 0x43, 0x44, 0x59, 0x61, 0x69, 0x71, 
	0x6e, 0x70, 0x72, 0x6d, 0x62, 0x45, 0x78, 0xa2, 
	0xff, 0x39, 0x36, 0x2f, 0xc7, 0x2b, 0x78, 0x2f, 
	0x3d, 0xc7, 0xc7, 0x7b, 0x2f, 0x36, 0x39, 0xc7, 
	0x78, 0x43, 0x42, 0x50, 0x57, 0x60, 0x6b, 0x71, 
	0x6e, 0x70, 0x72, 0x6e, 0x64, 0x57, 0x44, 0xa2, 
	0xa2, 0xc7, 0x36, 0x3d, 0xc7, 0x78, 0x78, 0x2f, 
	0x3d, 0xc7, 0xc7, 0x7b, 0x2f, 0x33, 0xc7, 0x78, 
	0x43, 0x40, 0x4e, 0x50, 0x55, 0x5d, 0x68, 0x6c, 
	0x6d, 0x6e, 0x71, 0x6e, 0x64, 0x5a, 0x50, 0x42, 
	0x66, 0x78, 0xc7, 0x3d, 0xc7, 0x78, 0x78, 0x2f, 
	0x3d, 0xc7, 0x2b, 0x7b, 0x2f, 0xc7, 0x78, 0x43, 
	0x40, 0x4a, 0x4e, 0x53, 0x54, 0x59, 0x62, 0x69, 
	0x6e, 0x6e, 0x70, 0x6b, 0x60, 0x54, 0x4d, 0x4b, 
	0x3e, 0x66, 0x78, 0x3d, 0xff, 0xa2, 0x78, 0x38, 
	0x3d, 0xa2, 0xa2, 0x58, 0x2f, 0xa2, 0x43, 0x3d, 
	0x40, 0x40, 0x43, 0x44, 0x46, 0x49, 0x4c, 0x4e, 
	0x52, 0x50, 0x4e, 0x4d, 0x4a, 0x47, 0x43, 0x41, 
	0x3e, 0x37, 0x78, 0x3d, 0xff, 0x2b, 0xa2, 0x38, 
	0x3d, 0xa2, 0xa2, 0x58, 0x2f, 0x2f, 0x2f, 0x2f, 
	0x3d, 0x3d, 0x3d, 0x3d, 0x3d, 0x2f, 0x2f, 0x2f, 
	0x2f, 0x2f, 0x2f, 0x2f, 0x2f, 0x3d, 0x3d, 0x3d, 
	0x3d, 0x3d, 0x3d, 0x3d, 0xff, 0xa2, 0xa2, 0x38, 
	0x3d, 0xa2, 0xa2, 0xa2, 0xef, 0xef, 0xef, 0xef, 
	0xef, 0xef, 0xef, 0xef, 0xef, 0xef, 0xef, 0xef, 
	0xef, 0xef, 0xef, 0xef, 0xef, 0xc5, 0xc5, 0xef, 
	0xef, 0xc5, 0xef, 0xef, 0xa2, 0xa2, 0xa2, 0x38, 
	0x2f, 0xa2, 0x2b, 0xa2, 0xa2, 0x2b, 0xa2, 0xa2, 
	0xa2, 0x2b, 0xa2, 0xa2, 0xa2, 0x2b, 0xa2, 0xa2, 
	0xa2, 0x2b, 0xa2, 0x78, 0xa2, 0x2b, 0xa2, 0x78, 
	0x78, 0x2b, 0xa2, 0x78, 0x78, 0x2b, 0x78, 0x38, 
	0x2f, 0x78, 0xa2, 0x78, 0x78, 0x78, 0xa2, 0xa2, 
	0xa2, 0xa2, 0xc7, 0xa2, 0xa2, 0xa2, 0xa2, 0xa2, 
	0xa2, 0xa2, 0xa2, 0xa2, 0x78, 0x78, 0xa2, 0x78, 
	0x78, 0x78, 0x78, 0xa2, 0xa2, 0xa2, 0xa2, 0x38, 
	0x2f, 0x2b, 0x2b, 0x2b, 0x2b, 0x2b, 0x2b, 0x2b, 
	0x2b, 0x2b, 0x2b, 0x2b, 0x2b, 0x2b, 0x2b, 0x2b, 
	0x2b, 0x2b, 0x2b, 0x2b, 0x2b, 0x2b, 0x2b, 0x2b, 
	0x2b, 0x2b, 0x2b, 0x2b, 0x2b, 0x2b, 0x2b, 0x2b, 
	
};

Vtx rf_end_rf_end_mesh_layer_1_vtx_0[20] = {
	{{ {-1669, 0, -568}, 0, {-12655, -46}, {0, 0, 129, 255} }},
	{{ {-1745, -200, -568}, 0, {-13450, 2062}, {0, 0, 129, 255} }},
	{{ {-1745, 0, -568}, 0, {-13450, -46}, {0, 0, 129, 255} }},
	{{ {-1669, -200, -568}, 0, {-12655, 2062}, {0, 0, 129, 255} }},
	{{ {1000, 0, -568}, 0, {15466, -46}, {0, 0, 129, 255} }},
	{{ {1000, -200, -568}, 0, {15466, 2062}, {0, 0, 129, 255} }},
	{{ {1000, -200, -568}, 0, {6994, 2062}, {127, 0, 0, 255} }},
	{{ {1000, 0, -568}, 0, {6994, -46}, {127, 0, 0, 255} }},
	{{ {1000, 0, 568}, 0, {-4978, -46}, {127, 0, 0, 255} }},
	{{ {1000, -200, 568}, 0, {-4978, 2062}, {127, 0, 0, 255} }},
	{{ {1000, -200, 568}, 0, {15466, 2062}, {0, 0, 127, 255} }},
	{{ {1000, 0, 568}, 0, {15466, -46}, {0, 0, 127, 255} }},
	{{ {-1669, 0, 568}, 0, {-12655, -46}, {0, 0, 127, 255} }},
	{{ {-1669, -200, 568}, 0, {-12655, 2062}, {0, 0, 127, 255} }},
	{{ {-1745, 0, 568}, 0, {-13450, -46}, {0, 0, 127, 255} }},
	{{ {-1745, -200, 568}, 0, {-13450, 2062}, {0, 0, 127, 255} }},
	{{ {-1745, -200, 568}, 0, {-4978, 2062}, {129, 0, 0, 255} }},
	{{ {-1745, 0, 568}, 0, {-4978, -46}, {129, 0, 0, 255} }},
	{{ {-1745, 0, -568}, 0, {6994, -46}, {129, 0, 0, 255} }},
	{{ {-1745, -200, -568}, 0, {6994, 2062}, {129, 0, 0, 255} }},
};

Gfx rf_end_rf_end_mesh_layer_1_tri_0[] = {
	gsSPVertex(rf_end_rf_end_mesh_layer_1_vtx_0 + 0, 20, 0),
	gsSP2Triangles(0, 1, 2, 0, 0, 3, 1, 0),
	gsSP2Triangles(3, 0, 4, 0, 3, 4, 5, 0),
	gsSP2Triangles(6, 7, 8, 0, 6, 8, 9, 0),
	gsSP2Triangles(10, 11, 12, 0, 10, 12, 13, 0),
	gsSP2Triangles(13, 12, 14, 0, 13, 14, 15, 0),
	gsSP2Triangles(16, 17, 18, 0, 16, 18, 19, 0),
	gsSPEndDisplayList(),
};

Vtx rf_end_rf_end_mesh_layer_1_vtx_1[180] = {
	{{ {-1669, 0, 568}, 0, {-2740, 849}, {127, 0, 0, 255} }},
	{{ {-1669, 0, 189}, 0, {-583, 849}, {127, 0, 0, 255} }},
	{{ {-1669, 124, 189}, 0, {-583, 143}, {127, 0, 0, 255} }},
	{{ {-1669, 124, 568}, 0, {-2740, 143}, {127, 0, 0, 255} }},
	{{ {-1745, 0, 189}, 0, {-583, 849}, {129, 0, 0, 255} }},
	{{ {-1745, 0, 568}, 0, {-2740, 849}, {129, 0, 0, 255} }},
	{{ {-1745, 124, 568}, 0, {-2740, 143}, {129, 0, 0, 255} }},
	{{ {-1745, 124, 189}, 0, {-583, 143}, {129, 0, 0, 255} }},
	{{ {-1669, 124, -189}, 0, {711, -583}, {0, 127, 0, 255} }},
	{{ {-1669, 124, -568}, 0, {711, -2740}, {0, 127, 0, 255} }},
	{{ {-1745, 124, -568}, 0, {281, -2740}, {0, 127, 0, 255} }},
	{{ {-1745, 124, -189}, 0, {281, -583}, {0, 127, 0, 255} }},
	{{ {-1669, 0, -568}, 0, {711, 849}, {0, 0, 129, 255} }},
	{{ {-1745, 0, -568}, 0, {281, 849}, {0, 0, 129, 255} }},
	{{ {-1745, 124, -568}, 0, {281, 143}, {0, 0, 129, 255} }},
	{{ {-1669, 124, -568}, 0, {711, 143}, {0, 0, 129, 255} }},
	{{ {-1669, 0, -189}, 0, {1575, 849}, {127, 0, 0, 255} }},
	{{ {-1669, 0, -568}, 0, {3732, 849}, {127, 0, 0, 255} }},
	{{ {-1669, 124, -568}, 0, {3732, 143}, {127, 0, 0, 255} }},
	{{ {-1669, 124, -189}, 0, {1575, 143}, {127, 0, 0, 255} }},
	{{ {-1745, 0, 568}, 0, {281, 849}, {0, 0, 127, 255} }},
	{{ {-1669, 0, 568}, 0, {711, 849}, {0, 0, 127, 255} }},
	{{ {-1669, 124, 568}, 0, {711, 143}, {0, 0, 127, 255} }},
	{{ {-1745, 124, 568}, 0, {281, 143}, {0, 0, 127, 255} }},
	{{ {-1669, 124, 568}, 0, {711, 3732}, {0, 127, 0, 255} }},
	{{ {-1669, 124, 189}, 0, {711, 1575}, {0, 127, 0, 255} }},
	{{ {-1745, 124, 189}, 0, {281, 1575}, {0, 127, 0, 255} }},
	{{ {-1745, 124, 568}, 0, {281, 3732}, {0, 127, 0, 255} }},
	{{ {-1745, 0, -189}, 0, {281, 849}, {0, 0, 127, 255} }},
	{{ {-1669, 0, -189}, 0, {711, 849}, {0, 0, 127, 255} }},
	{{ {-1669, 124, -189}, 0, {711, 143}, {0, 0, 127, 255} }},
	{{ {-1745, 124, -189}, 0, {281, 143}, {0, 0, 127, 255} }},
	{{ {-1745, 0, -568}, 0, {3732, 849}, {129, 0, 0, 255} }},
	{{ {-1745, 0, -189}, 0, {1575, 849}, {129, 0, 0, 255} }},
	{{ {-1745, 124, -189}, 0, {1575, 143}, {129, 0, 0, 255} }},
	{{ {-1745, 124, -568}, 0, {3732, 143}, {129, 0, 0, 255} }},
	{{ {-1745, 0, 189}, 0, {281, 849}, {0, 0, 129, 255} }},
	{{ {-1745, 124, 189}, 0, {281, 143}, {0, 0, 129, 255} }},
	{{ {-1669, 124, 189}, 0, {711, 143}, {0, 0, 129, 255} }},
	{{ {-1669, 0, 189}, 0, {711, 849}, {0, 0, 129, 255} }},
	{{ {-1745, 0, -189}, 0, {281, -583}, {0, 127, 0, 255} }},
	{{ {-1745, 0, 189}, 0, {281, 1575}, {0, 127, 0, 255} }},
	{{ {-1669, 0, 189}, 0, {711, 1575}, {0, 127, 0, 255} }},
	{{ {-1669, 0, -189}, 0, {711, -583}, {0, 127, 0, 255} }},
	{{ {408, 300, 209}, 0, {-16, 1008}, {0, 127, 0, 255} }},
	{{ {258, 300, 209}, 0, {1008, 1008}, {0, 127, 0, 255} }},
	{{ {258, 300, 359}, 0, {1008, -16}, {0, 127, 0, 255} }},
	{{ {408, 300, 359}, 0, {-16, -16}, {0, 127, 0, 255} }},
	{{ {-260, 300, -75}, 0, {-16, 1008}, {0, 127, 0, 255} }},
	{{ {-410, 300, -75}, 0, {1008, 1008}, {0, 127, 0, 255} }},
	{{ {-410, 300, 75}, 0, {1008, -16}, {0, 127, 0, 255} }},
	{{ {-260, 300, 75}, 0, {-16, -16}, {0, 127, 0, 255} }},
	{{ {-927, 300, -359}, 0, {-16, 1008}, {0, 127, 0, 255} }},
	{{ {-1077, 300, -359}, 0, {1008, 1008}, {0, 127, 0, 255} }},
	{{ {-1077, 300, -209}, 0, {1008, -16}, {0, 127, 0, 255} }},
	{{ {-927, 300, -209}, 0, {-16, -16}, {0, 127, 0, 255} }},
	{{ {-3114, -67, -693}, 0, {-367, 250}, {0, 0, 129, 255} }},
	{{ {-3114, 165, -693}, 0, {-367, -445}, {0, 0, 129, 255} }},
	{{ {-2540, 165, -693}, 0, {1359, -445}, {0, 0, 129, 255} }},
	{{ {-2540, -67, -693}, 0, {1359, 250}, {0, 0, 129, 255} }},
	{{ {-2540, -67, -693}, 0, {2579, 250}, {90, 0, 166, 255} }},
	{{ {-2540, 165, -693}, 0, {2579, -445}, {90, 0, 166, 255} }},
	{{ {-2133, 165, -287}, 0, {1359, -445}, {90, 0, 166, 255} }},
	{{ {-2133, -67, -287}, 0, {1359, 250}, {90, 0, 166, 255} }},
	{{ {-2133, -67, -287}, 0, {1359, 250}, {127, 0, 0, 255} }},
	{{ {-2133, 165, -287}, 0, {1359, -445}, {127, 0, 0, 255} }},
	{{ {-2133, 165, 287}, 0, {-367, -445}, {127, 0, 0, 255} }},
	{{ {-2133, -67, 287}, 0, {-367, 250}, {127, 0, 0, 255} }},
	{{ {-2133, -67, 287}, 0, {2579, 250}, {90, 0, 90, 255} }},
	{{ {-2133, 165, 287}, 0, {2579, -445}, {90, 0, 90, 255} }},
	{{ {-2540, 165, 693}, 0, {1359, -445}, {90, 0, 90, 255} }},
	{{ {-2540, -67, 693}, 0, {1359, 250}, {90, 0, 90, 255} }},
	{{ {-2540, -67, 693}, 0, {1359, 250}, {0, 0, 127, 255} }},
	{{ {-2540, 165, 693}, 0, {1359, -445}, {0, 0, 127, 255} }},
	{{ {-3114, 165, 693}, 0, {-367, -445}, {0, 0, 127, 255} }},
	{{ {-3114, -67, 693}, 0, {-367, 250}, {0, 0, 127, 255} }},
	{{ {-3114, -67, 693}, 0, {-1587, 250}, {166, 0, 90, 255} }},
	{{ {-3114, 165, 693}, 0, {-1587, -445}, {166, 0, 90, 255} }},
	{{ {-3520, 165, 287}, 0, {-367, -445}, {166, 0, 90, 255} }},
	{{ {-3520, -67, 287}, 0, {-367, 250}, {166, 0, 90, 255} }},
	{{ {-3520, 165, -287}, 0, {-1587, -367}, {0, 127, 0, 255} }},
	{{ {-3520, 165, 287}, 0, {-1587, 1359}, {0, 127, 0, 255} }},
	{{ {-3114, 165, 693}, 0, {-367, 2579}, {0, 127, 0, 255} }},
	{{ {-2133, 165, 287}, 0, {2579, 1359}, {0, 127, 0, 255} }},
	{{ {-2540, 165, 693}, 0, {1359, 2579}, {0, 127, 0, 255} }},
	{{ {-2540, 165, -693}, 0, {1359, -1587}, {0, 127, 0, 255} }},
	{{ {-2133, 165, -287}, 0, {2579, -367}, {0, 127, 0, 255} }},
	{{ {-3114, 165, -693}, 0, {-367, -1587}, {0, 127, 0, 255} }},
	{{ {-3520, -67, 287}, 0, {-367, 250}, {129, 0, 0, 255} }},
	{{ {-3520, 165, 287}, 0, {-367, -445}, {129, 0, 0, 255} }},
	{{ {-3520, 165, -287}, 0, {1359, -445}, {129, 0, 0, 255} }},
	{{ {-3520, -67, -287}, 0, {1359, 250}, {129, 0, 0, 255} }},
	{{ {-3520, -67, -287}, 0, {-1587, 250}, {166, 0, 166, 255} }},
	{{ {-3520, 165, -287}, 0, {-1587, -445}, {166, 0, 166, 255} }},
	{{ {-3114, 165, -693}, 0, {-367, -445}, {166, 0, 166, 255} }},
	{{ {-3114, -67, -693}, 0, {-367, 250}, {166, 0, 166, 255} }},
	{{ {-3114, -67, 693}, 0, {-1587, 250}, {176, 198, 80, 255} }},
	{{ {-3520, -67, 287}, 0, {-367, 250}, {176, 198, 80, 255} }},
	{{ {-3318, -462, 203}, 0, {-114, 1437}, {176, 198, 80, 255} }},
	{{ {-3030, -462, 491}, 0, {-978, 1437}, {176, 198, 80, 255} }},
	{{ {-3318, -462, 203}, 0, {-978, 1106}, {0, 129, 0, 255} }},
	{{ {-3318, -462, -203}, 0, {-978, -114}, {0, 129, 0, 255} }},
	{{ {-3030, -462, -491}, 0, {-114, -978}, {0, 129, 0, 255} }},
	{{ {-2336, -462, -203}, 0, {1970, -114}, {0, 129, 0, 255} }},
	{{ {-2624, -462, -491}, 0, {1106, -978}, {0, 129, 0, 255} }},
	{{ {-2624, -462, 491}, 0, {1106, 1970}, {0, 129, 0, 255} }},
	{{ {-2336, -462, 203}, 0, {1970, 1106}, {0, 129, 0, 255} }},
	{{ {-3030, -462, 491}, 0, {-114, 1970}, {0, 129, 0, 255} }},
	{{ {-2133, -67, 287}, 0, {2579, 250}, {80, 198, 80, 255} }},
	{{ {-2540, -67, 693}, 0, {1359, 250}, {80, 198, 80, 255} }},
	{{ {-2624, -462, 491}, 0, {1106, 1437}, {80, 198, 80, 255} }},
	{{ {-2336, -462, 203}, 0, {1970, 1437}, {80, 198, 80, 255} }},
	{{ {-3520, -67, 287}, 0, {-367, 250}, {143, 198, 0, 255} }},
	{{ {-3520, -67, -287}, 0, {1359, 250}, {143, 198, 0, 255} }},
	{{ {-3318, -462, -203}, 0, {1106, 1437}, {143, 198, 0, 255} }},
	{{ {-3318, -462, 203}, 0, {-114, 1437}, {143, 198, 0, 255} }},
	{{ {-2540, -67, -693}, 0, {2579, 250}, {80, 198, 176, 255} }},
	{{ {-2133, -67, -287}, 0, {1359, 250}, {80, 198, 176, 255} }},
	{{ {-2336, -462, -203}, 0, {1106, 1437}, {80, 198, 176, 255} }},
	{{ {-2624, -462, -491}, 0, {1970, 1437}, {80, 198, 176, 255} }},
	{{ {-2540, -67, 693}, 0, {1359, 250}, {0, 198, 113, 255} }},
	{{ {-3114, -67, 693}, 0, {-367, 250}, {0, 198, 113, 255} }},
	{{ {-3030, -462, 491}, 0, {-114, 1437}, {0, 198, 113, 255} }},
	{{ {-2624, -462, 491}, 0, {1106, 1437}, {0, 198, 113, 255} }},
	{{ {-3520, -67, -287}, 0, {-1587, 250}, {176, 198, 176, 255} }},
	{{ {-3114, -67, -693}, 0, {-367, 250}, {176, 198, 176, 255} }},
	{{ {-3030, -462, -491}, 0, {-114, 1437}, {176, 198, 176, 255} }},
	{{ {-3318, -462, -203}, 0, {-978, 1437}, {176, 198, 176, 255} }},
	{{ {-3114, -67, -693}, 0, {-367, 250}, {0, 198, 143, 255} }},
	{{ {-2540, -67, -693}, 0, {1359, 250}, {0, 198, 143, 255} }},
	{{ {-2624, -462, -491}, 0, {1106, 1437}, {0, 198, 143, 255} }},
	{{ {-3030, -462, -491}, 0, {-114, 1437}, {0, 198, 143, 255} }},
	{{ {-2133, -67, -287}, 0, {1359, 250}, {113, 198, 0, 255} }},
	{{ {-2133, -67, 287}, 0, {-367, 250}, {113, 198, 0, 255} }},
	{{ {-2336, -462, 203}, 0, {-114, 1437}, {113, 198, 0, 255} }},
	{{ {-2336, -462, -203}, 0, {1106, 1437}, {113, 198, 0, 255} }},
	{{ {-4148, -51, 492}, 0, {-984, 2551}, {129, 0, 0, 255} }},
	{{ {-4148, 1314, 492}, 0, {-984, -1559}, {129, 0, 0, 255} }},
	{{ {-4148, 1314, -492}, 0, {1976, -1559}, {129, 0, 0, 255} }},
	{{ {-4148, -51, -492}, 0, {1976, 2551}, {129, 0, 0, 255} }},
	{{ {-4148, -51, -492}, 0, {195, 2551}, {0, 0, 129, 255} }},
	{{ {-4148, 1314, -492}, 0, {195, -1559}, {0, 0, 129, 255} }},
	{{ {-3948, 1314, -492}, 0, {797, -1559}, {0, 0, 129, 255} }},
	{{ {-3948, -51, -492}, 0, {797, 2551}, {0, 0, 129, 255} }},
	{{ {-3948, 1189, -366}, 0, {797, -606}, {0, 129, 0, 255} }},
	{{ {-3948, 1189, 366}, 0, {797, 1598}, {0, 129, 0, 255} }},
	{{ {-4016, 1189, 366}, 0, {592, 1598}, {0, 129, 0, 255} }},
	{{ {-4016, 1189, -366}, 0, {592, -606}, {0, 129, 0, 255} }},
	{{ {-3948, -51, 492}, 0, {797, 2551}, {0, 0, 127, 255} }},
	{{ {-3948, 1314, 492}, 0, {797, -1559}, {0, 0, 127, 255} }},
	{{ {-4148, 1314, 492}, 0, {195, -1559}, {0, 0, 127, 255} }},
	{{ {-4148, -51, 492}, 0, {195, 2551}, {0, 0, 127, 255} }},
	{{ {-4148, -51, -492}, 0, {195, -984}, {0, 129, 0, 255} }},
	{{ {-3948, -51, -492}, 0, {797, -984}, {0, 129, 0, 255} }},
	{{ {-3948, -51, 492}, 0, {797, 1976}, {0, 129, 0, 255} }},
	{{ {-4148, -51, 492}, 0, {195, 1976}, {0, 129, 0, 255} }},
	{{ {-3948, 1314, -492}, 0, {797, -984}, {0, 127, 0, 255} }},
	{{ {-4148, 1314, -492}, 0, {195, -984}, {0, 127, 0, 255} }},
	{{ {-4148, 1314, 492}, 0, {195, 1976}, {0, 127, 0, 255} }},
	{{ {-3948, 1314, 492}, 0, {797, 1976}, {0, 127, 0, 255} }},
	{{ {-3948, 74, -366}, 0, {797, 2173}, {0, 0, 127, 255} }},
	{{ {-3948, 1189, -366}, 0, {797, -1181}, {0, 0, 127, 255} }},
	{{ {-4016, 1189, -366}, 0, {592, -1181}, {0, 0, 127, 255} }},
	{{ {-4016, 74, -366}, 0, {592, 2173}, {0, 0, 127, 255} }},
	{{ {-3948, 1189, 366}, 0, {797, -1181}, {0, 0, 129, 255} }},
	{{ {-3948, 74, 366}, 0, {797, 2173}, {0, 0, 129, 255} }},
	{{ {-4016, 74, 366}, 0, {592, 2173}, {0, 0, 129, 255} }},
	{{ {-4016, 1189, 366}, 0, {592, -1181}, {0, 0, 129, 255} }},
	{{ {-3948, 74, 366}, 0, {797, 1598}, {0, 127, 0, 255} }},
	{{ {-3948, 74, -366}, 0, {797, -606}, {0, 127, 0, 255} }},
	{{ {-4016, 74, -366}, 0, {592, -606}, {0, 127, 0, 255} }},
	{{ {-4016, 74, 366}, 0, {592, 1598}, {0, 127, 0, 255} }},
	{{ {-3948, 1189, -366}, 0, {1598, -1181}, {127, 0, 0, 255} }},
	{{ {-3948, 74, -366}, 0, {1598, 2173}, {127, 0, 0, 255} }},
	{{ {-3948, -51, -492}, 0, {1976, 2551}, {127, 0, 0, 255} }},
	{{ {-3948, -51, 492}, 0, {-984, 2551}, {127, 0, 0, 255} }},
	{{ {-3948, 74, 366}, 0, {-606, 2173}, {127, 0, 0, 255} }},
	{{ {-3948, 1314, 492}, 0, {-984, -1559}, {127, 0, 0, 255} }},
	{{ {-3948, 1189, 366}, 0, {-606, -1181}, {127, 0, 0, 255} }},
	{{ {-3948, 1314, -492}, 0, {1976, -1559}, {127, 0, 0, 255} }},
};

Gfx rf_end_rf_end_mesh_layer_1_tri_1[] = {
	gsSPVertex(rf_end_rf_end_mesh_layer_1_vtx_1 + 0, 32, 0),
	gsSP2Triangles(0, 1, 2, 0, 0, 2, 3, 0),
	gsSP2Triangles(4, 5, 6, 0, 4, 6, 7, 0),
	gsSP2Triangles(8, 9, 10, 0, 8, 10, 11, 0),
	gsSP2Triangles(12, 13, 14, 0, 12, 14, 15, 0),
	gsSP2Triangles(16, 17, 18, 0, 16, 18, 19, 0),
	gsSP2Triangles(20, 21, 22, 0, 20, 22, 23, 0),
	gsSP2Triangles(24, 25, 26, 0, 24, 26, 27, 0),
	gsSP2Triangles(28, 29, 30, 0, 28, 30, 31, 0),
	gsSPVertex(rf_end_rf_end_mesh_layer_1_vtx_1 + 32, 32, 0),
	gsSP2Triangles(0, 1, 2, 0, 0, 2, 3, 0),
	gsSP2Triangles(4, 5, 6, 0, 4, 6, 7, 0),
	gsSP2Triangles(8, 9, 10, 0, 8, 10, 11, 0),
	gsSP2Triangles(12, 13, 14, 0, 12, 14, 15, 0),
	gsSP2Triangles(16, 17, 18, 0, 16, 18, 19, 0),
	gsSP2Triangles(20, 21, 22, 0, 20, 22, 23, 0),
	gsSP2Triangles(24, 25, 26, 0, 24, 26, 27, 0),
	gsSP2Triangles(28, 29, 30, 0, 28, 30, 31, 0),
	gsSPVertex(rf_end_rf_end_mesh_layer_1_vtx_1 + 64, 32, 0),
	gsSP2Triangles(0, 1, 2, 0, 0, 2, 3, 0),
	gsSP2Triangles(4, 5, 6, 0, 4, 6, 7, 0),
	gsSP2Triangles(8, 9, 10, 0, 8, 10, 11, 0),
	gsSP2Triangles(12, 13, 14, 0, 12, 14, 15, 0),
	gsSP2Triangles(16, 17, 18, 0, 16, 18, 19, 0),
	gsSP2Triangles(18, 20, 19, 0, 19, 21, 16, 0),
	gsSP2Triangles(19, 22, 21, 0, 21, 23, 16, 0),
	gsSP2Triangles(24, 25, 26, 0, 24, 26, 27, 0),
	gsSP2Triangles(28, 29, 30, 0, 28, 30, 31, 0),
	gsSPVertex(rf_end_rf_end_mesh_layer_1_vtx_1 + 96, 32, 0),
	gsSP2Triangles(0, 1, 2, 0, 0, 2, 3, 0),
	gsSP2Triangles(4, 5, 6, 0, 4, 6, 7, 0),
	gsSP2Triangles(6, 8, 7, 0, 7, 9, 4, 0),
	gsSP2Triangles(7, 10, 9, 0, 9, 11, 4, 0),
	gsSP2Triangles(12, 13, 14, 0, 12, 14, 15, 0),
	gsSP2Triangles(16, 17, 18, 0, 16, 18, 19, 0),
	gsSP2Triangles(20, 21, 22, 0, 20, 22, 23, 0),
	gsSP2Triangles(24, 25, 26, 0, 24, 26, 27, 0),
	gsSP2Triangles(28, 29, 30, 0, 28, 30, 31, 0),
	gsSPVertex(rf_end_rf_end_mesh_layer_1_vtx_1 + 128, 32, 0),
	gsSP2Triangles(0, 1, 2, 0, 0, 2, 3, 0),
	gsSP2Triangles(4, 5, 6, 0, 4, 6, 7, 0),
	gsSP2Triangles(8, 9, 10, 0, 8, 10, 11, 0),
	gsSP2Triangles(12, 13, 14, 0, 12, 14, 15, 0),
	gsSP2Triangles(16, 17, 18, 0, 16, 18, 19, 0),
	gsSP2Triangles(20, 21, 22, 0, 20, 22, 23, 0),
	gsSP2Triangles(24, 25, 26, 0, 24, 26, 27, 0),
	gsSP2Triangles(28, 29, 30, 0, 28, 30, 31, 0),
	gsSPVertex(rf_end_rf_end_mesh_layer_1_vtx_1 + 160, 20, 0),
	gsSP2Triangles(0, 1, 2, 0, 0, 2, 3, 0),
	gsSP2Triangles(4, 5, 6, 0, 4, 6, 7, 0),
	gsSP2Triangles(8, 9, 10, 0, 8, 10, 11, 0),
	gsSP2Triangles(12, 13, 14, 0, 13, 15, 14, 0),
	gsSP2Triangles(13, 16, 15, 0, 16, 17, 15, 0),
	gsSP2Triangles(16, 18, 17, 0, 18, 19, 17, 0),
	gsSP2Triangles(18, 12, 19, 0, 12, 14, 19, 0),
	gsSPEndDisplayList(),
};

Vtx rf_end_rf_end_mesh_layer_1_vtx_2[148] = {
	{{ {-4016, 673, -100}, 0, {730, 303}, {41, 68, 99, 255} }},
	{{ {-4086, 673, -71}, 0, {399, 303}, {41, 68, 99, 255} }},
	{{ {-4016, 529, 0}, 0, {730, 978}, {41, 68, 99, 255} }},
	{{ {-4116, 673, 0}, 0, {496, 303}, {99, 68, 41, 255} }},
	{{ {-4016, 529, 0}, 0, {496, 978}, {99, 68, 41, 255} }},
	{{ {-4086, 673, -71}, 0, {827, 303}, {99, 68, 41, 255} }},
	{{ {-4086, 673, 71}, 0, {165, 303}, {99, 68, 215, 255} }},
	{{ {-4016, 529, 0}, 0, {496, 978}, {99, 68, 215, 255} }},
	{{ {-4116, 673, 0}, 0, {496, 303}, {99, 68, 215, 255} }},
	{{ {-4086, 673, 71}, 0, {399, 303}, {41, 68, 157, 255} }},
	{{ {-4016, 673, 100}, 0, {730, 303}, {41, 68, 157, 255} }},
	{{ {-4016, 529, 0}, 0, {730, 978}, {41, 68, 157, 255} }},
	{{ {-1669, -200, -568}, 0, {-3794, -1384}, {0, 129, 0, 255} }},
	{{ {1000, -200, -568}, 0, {5036, -1384}, {0, 129, 0, 255} }},
	{{ {1000, -200, 568}, 0, {5036, 2376}, {0, 129, 0, 255} }},
	{{ {-1669, -200, 568}, 0, {-3794, 2376}, {0, 129, 0, 255} }},
	{{ {-1745, -200, 568}, 0, {-4044, 2376}, {0, 129, 0, 255} }},
	{{ {-1745, -200, -568}, 0, {-4044, -1384}, {0, 129, 0, 255} }},
	{{ {1000, 0, 284}, 0, {3488, 1133}, {0, 127, 0, 255} }},
	{{ {333, 0, 568}, 0, {1992, 1770}, {0, 127, 0, 255} }},
	{{ {1000, 0, 568}, 0, {3488, 1770}, {0, 127, 0, 255} }},
	{{ {333, 0, 284}, 0, {1992, 1133}, {0, 127, 0, 255} }},
	{{ {1000, 0, 0}, 0, {3488, 496}, {0, 127, 0, 255} }},
	{{ {333, 0, 0}, 0, {1992, 496}, {0, 127, 0, 255} }},
	{{ {1000, 0, -284}, 0, {3488, -141}, {0, 127, 0, 255} }},
	{{ {333, 0, -284}, 0, {1992, -141}, {0, 127, 0, 255} }},
	{{ {1000, 0, -568}, 0, {3488, -778}, {0, 127, 0, 255} }},
	{{ {333, 0, -568}, 0, {1992, -778}, {0, 127, 0, 255} }},
	{{ {-335, 0, -284}, 0, {496, -141}, {0, 127, 0, 255} }},
	{{ {-335, 0, -568}, 0, {496, -778}, {0, 127, 0, 255} }},
	{{ {-1002, 0, -284}, 0, {-1000, -141}, {0, 127, 0, 255} }},
	{{ {-1002, 0, -568}, 0, {-1000, -778}, {0, 127, 0, 255} }},
	{{ {-1002, 0, -568}, 0, {-1000, -778}, {0, 127, 0, 255} }},
	{{ {-1669, 0, -284}, 0, {-2496, -141}, {0, 127, 0, 255} }},
	{{ {-1002, 0, -284}, 0, {-1000, -141}, {0, 127, 0, 255} }},
	{{ {-1669, 0, -568}, 0, {-2496, -778}, {0, 127, 0, 255} }},
	{{ {-1669, 0, 0}, 0, {-2496, 496}, {0, 127, 0, 255} }},
	{{ {-1002, 0, 0}, 0, {-1000, 496}, {0, 127, 0, 255} }},
	{{ {-1669, 0, 284}, 0, {-2496, 1133}, {0, 127, 0, 255} }},
	{{ {-1002, 0, 284}, 0, {-1000, 1133}, {0, 127, 0, 255} }},
	{{ {-1669, 0, 568}, 0, {-2496, 1770}, {0, 127, 0, 255} }},
	{{ {-1002, 0, 568}, 0, {-1000, 1770}, {0, 127, 0, 255} }},
	{{ {-335, 0, 284}, 0, {496, 1133}, {0, 127, 0, 255} }},
	{{ {-335, 0, 568}, 0, {496, 1770}, {0, 127, 0, 255} }},
	{{ {333, 0, 284}, 0, {1992, 1133}, {0, 127, 0, 255} }},
	{{ {333, 0, 568}, 0, {1992, 1770}, {0, 127, 0, 255} }},
	{{ {333, 0, 0}, 0, {1992, 496}, {0, 127, 0, 255} }},
	{{ {-335, 0, 0}, 0, {496, 496}, {0, 127, 0, 255} }},
	{{ {333, 0, -284}, 0, {1992, -141}, {0, 127, 0, 255} }},
	{{ {-335, 0, -284}, 0, {496, -141}, {0, 127, 0, 255} }},
	{{ {-2133, 65, -189}, 0, {-231, -242}, {243, 130, 0, 255} }},
	{{ {-2063, 57, 189}, 0, {23, 1135}, {240, 130, 0, 255} }},
	{{ {-2133, 65, 189}, 0, {-231, 1135}, {243, 130, 0, 255} }},
	{{ {-2063, 57, -189}, 0, {23, -242}, {240, 130, 0, 255} }},
	{{ {-1996, 47, 189}, 0, {267, 1135}, {229, 132, 0, 255} }},
	{{ {-1996, 47, -189}, 0, {267, -242}, {229, 132, 0, 255} }},
	{{ {-1937, 31, 189}, 0, {483, 1135}, {214, 136, 0, 255} }},
	{{ {-1937, 31, -189}, 0, {483, -242}, {214, 136, 0, 255} }},
	{{ {-1886, 9, 189}, 0, {668, 1135}, {201, 141, 0, 255} }},
	{{ {-1886, 9, -189}, 0, {668, -242}, {201, 141, 0, 255} }},
	{{ {-1832, -20, 189}, 0, {865, 1135}, {188, 149, 0, 255} }},
	{{ {-1832, -20, -189}, 0, {865, -242}, {188, 149, 0, 255} }},
	{{ {-1789, -52, 189}, 0, {1022, 1135}, {171, 162, 0, 255} }},
	{{ {-1789, -52, -189}, 0, {1022, -242}, {171, 162, 0, 255} }},
	{{ {-1789, -52, -189}, 0, {1022, -242}, {171, 162, 0, 255} }},
	{{ {-1745, -100, 189}, 0, {1182, 1135}, {163, 170, 0, 255} }},
	{{ {-1789, -52, 189}, 0, {1022, 1135}, {171, 162, 0, 255} }},
	{{ {-1745, -100, -189}, 0, {1182, -242}, {163, 170, 0, 255} }},
	{{ {-2133, 165, -189}, 0, {-231, -242}, {13, 126, 0, 255} }},
	{{ {-2133, 165, 189}, 0, {-231, 1135}, {13, 126, 0, 255} }},
	{{ {-2063, 157, 189}, 0, {23, 1135}, {16, 126, 0, 255} }},
	{{ {-2063, 157, -189}, 0, {23, -242}, {16, 126, 0, 255} }},
	{{ {-1996, 147, 189}, 0, {267, 1135}, {27, 124, 0, 255} }},
	{{ {-1996, 147, -189}, 0, {267, -242}, {27, 124, 0, 255} }},
	{{ {-1937, 131, 189}, 0, {483, 1135}, {42, 120, 0, 255} }},
	{{ {-1937, 131, -189}, 0, {483, -242}, {42, 120, 0, 255} }},
	{{ {-1886, 109, 189}, 0, {668, 1135}, {55, 115, 0, 255} }},
	{{ {-1886, 109, -189}, 0, {668, -242}, {55, 115, 0, 255} }},
	{{ {-1832, 80, 189}, 0, {865, 1135}, {68, 107, 0, 255} }},
	{{ {-1832, 80, -189}, 0, {865, -242}, {68, 107, 0, 255} }},
	{{ {-1789, 48, 189}, 0, {1022, 1135}, {85, 94, 0, 255} }},
	{{ {-1789, 48, -189}, 0, {1022, -242}, {85, 94, 0, 255} }},
	{{ {-1745, 0, 189}, 0, {1182, 1135}, {93, 86, 0, 255} }},
	{{ {-1745, 0, -189}, 0, {1182, -242}, {93, 86, 0, 255} }},
	{{ {-2133, 65, 189}, 0, {-231, 1135}, {0, 0, 127, 255} }},
	{{ {-2063, 157, 189}, 0, {23, 1135}, {0, 0, 127, 255} }},
	{{ {-2133, 165, 189}, 0, {-231, 1135}, {0, 0, 127, 255} }},
	{{ {-2063, 57, 189}, 0, {23, 1135}, {0, 0, 127, 255} }},
	{{ {-1996, 147, 189}, 0, {267, 1135}, {0, 0, 127, 255} }},
	{{ {-1996, 47, 189}, 0, {267, 1135}, {0, 0, 127, 255} }},
	{{ {-1937, 131, 189}, 0, {483, 1135}, {0, 0, 127, 255} }},
	{{ {-1937, 31, 189}, 0, {483, 1135}, {0, 0, 127, 255} }},
	{{ {-1886, 109, 189}, 0, {668, 1135}, {0, 0, 127, 255} }},
	{{ {-1886, 9, 189}, 0, {668, 1135}, {0, 0, 127, 255} }},
	{{ {-1832, 80, 189}, 0, {865, 1135}, {0, 0, 127, 255} }},
	{{ {-1832, -20, 189}, 0, {865, 1135}, {0, 0, 127, 255} }},
	{{ {-1832, -20, 189}, 0, {865, 1135}, {0, 0, 127, 255} }},
	{{ {-1789, 48, 189}, 0, {1022, 1135}, {0, 0, 127, 255} }},
	{{ {-1832, 80, 189}, 0, {865, 1135}, {0, 0, 127, 255} }},
	{{ {-1789, -52, 189}, 0, {1022, 1135}, {0, 0, 127, 255} }},
	{{ {-1745, 0, 189}, 0, {1182, 1135}, {0, 0, 127, 255} }},
	{{ {-1745, -100, 189}, 0, {1182, 1135}, {0, 0, 127, 255} }},
	{{ {-1745, -100, -189}, 0, {1182, -242}, {0, 0, 129, 255} }},
	{{ {-1789, 48, -189}, 0, {1022, -242}, {0, 0, 129, 255} }},
	{{ {-1745, 0, -189}, 0, {1182, -242}, {0, 0, 129, 255} }},
	{{ {-1789, -52, -189}, 0, {1022, -242}, {0, 0, 129, 255} }},
	{{ {-1832, 80, -189}, 0, {865, -242}, {0, 0, 129, 255} }},
	{{ {-1832, -20, -189}, 0, {865, -242}, {0, 0, 129, 255} }},
	{{ {-1886, 109, -189}, 0, {668, -242}, {0, 0, 129, 255} }},
	{{ {-1886, 9, -189}, 0, {668, -242}, {0, 0, 129, 255} }},
	{{ {-1937, 131, -189}, 0, {483, -242}, {0, 0, 129, 255} }},
	{{ {-1937, 31, -189}, 0, {483, -242}, {0, 0, 129, 255} }},
	{{ {-1996, 147, -189}, 0, {267, -242}, {0, 0, 129, 255} }},
	{{ {-1996, 47, -189}, 0, {267, -242}, {0, 0, 129, 255} }},
	{{ {-2063, 157, -189}, 0, {23, -242}, {0, 0, 129, 255} }},
	{{ {-2063, 57, -189}, 0, {23, -242}, {0, 0, 129, 255} }},
	{{ {-2133, 165, -189}, 0, {-231, -242}, {0, 0, 129, 255} }},
	{{ {-2133, 65, -189}, 0, {-231, -242}, {0, 0, 129, 255} }},
	{{ {-4053, 732, 37}, 0, {556, 28}, {39, 180, 162, 255} }},
	{{ {-4016, 732, 53}, 0, {730, 28}, {39, 180, 162, 255} }},
	{{ {-4016, 673, 100}, 0, {730, 303}, {39, 180, 162, 255} }},
	{{ {-4086, 673, 71}, 0, {399, 303}, {39, 180, 162, 255} }},
	{{ {-4086, 673, 71}, 0, {165, 303}, {94, 180, 217, 255} }},
	{{ {-4116, 673, 0}, 0, {496, 303}, {94, 180, 217, 255} }},
	{{ {-4068, 732, 0}, 0, {496, 28}, {94, 180, 217, 255} }},
	{{ {-4053, 732, 37}, 0, {322, 28}, {94, 180, 217, 255} }},
	{{ {-4053, 732, 37}, 0, {556, 670}, {0, 129, 0, 255} }},
	{{ {-4068, 732, 0}, 0, {483, 496}, {0, 129, 0, 255} }},
	{{ {-4053, 732, -37}, 0, {556, 322}, {0, 129, 0, 255} }},
	{{ {-4016, 732, 53}, 0, {730, 742}, {0, 129, 0, 255} }},
	{{ {-4016, 732, -53}, 0, {730, 250}, {0, 129, 0, 255} }},
	{{ {-4116, 673, 0}, 0, {496, 303}, {94, 180, 39, 255} }},
	{{ {-4086, 673, -71}, 0, {827, 303}, {94, 180, 39, 255} }},
	{{ {-4053, 732, -37}, 0, {670, 28}, {94, 180, 39, 255} }},
	{{ {-4068, 732, 0}, 0, {496, 28}, {94, 180, 39, 255} }},
	{{ {-4086, 673, -71}, 0, {399, 303}, {39, 180, 94, 255} }},
	{{ {-4016, 673, -100}, 0, {730, 303}, {39, 180, 94, 255} }},
	{{ {-4016, 732, -53}, 0, {730, 28}, {39, 180, 94, 255} }},
	{{ {-4053, 732, -37}, 0, {556, 28}, {39, 180, 94, 255} }},
	{{ {-4016, 1189, -366}, 0, {2209, -2111}, {127, 0, 0, 255} }},
	{{ {-4016, 732, -53}, 0, {742, 28}, {127, 0, 0, 255} }},
	{{ {-4016, 673, -100}, 0, {964, 303}, {127, 0, 0, 255} }},
	{{ {-4016, 1189, 366}, 0, {-1217, -2111}, {127, 0, 0, 255} }},
	{{ {-4016, 732, 53}, 0, {250, 28}, {127, 0, 0, 255} }},
	{{ {-4016, 673, 100}, 0, {28, 303}, {127, 0, 0, 255} }},
	{{ {-4016, 74, 366}, 0, {-1217, 3103}, {127, 0, 0, 255} }},
	{{ {-4016, 529, 0}, 0, {496, 978}, {127, 0, 0, 255} }},
	{{ {-4016, 74, -366}, 0, {2209, 3103}, {127, 0, 0, 255} }},
};

Gfx rf_end_rf_end_mesh_layer_1_tri_2[] = {
	gsSPVertex(rf_end_rf_end_mesh_layer_1_vtx_2 + 0, 32, 0),
	gsSP2Triangles(0, 1, 2, 0, 3, 4, 5, 0),
	gsSP2Triangles(6, 7, 8, 0, 9, 10, 11, 0),
	gsSP2Triangles(12, 13, 14, 0, 12, 14, 15, 0),
	gsSP2Triangles(12, 15, 16, 0, 12, 16, 17, 0),
	gsSP2Triangles(18, 19, 20, 0, 18, 21, 19, 0),
	gsSP2Triangles(22, 21, 18, 0, 22, 23, 21, 0),
	gsSP2Triangles(24, 23, 22, 0, 24, 25, 23, 0),
	gsSP2Triangles(26, 25, 24, 0, 26, 27, 25, 0),
	gsSP2Triangles(27, 28, 25, 0, 27, 29, 28, 0),
	gsSP2Triangles(29, 30, 28, 0, 29, 31, 30, 0),
	gsSPVertex(rf_end_rf_end_mesh_layer_1_vtx_2 + 32, 32, 0),
	gsSP2Triangles(0, 1, 2, 0, 0, 3, 1, 0),
	gsSP2Triangles(2, 1, 4, 0, 2, 4, 5, 0),
	gsSP2Triangles(5, 4, 6, 0, 5, 6, 7, 0),
	gsSP2Triangles(7, 6, 8, 0, 7, 8, 9, 0),
	gsSP2Triangles(10, 7, 9, 0, 10, 9, 11, 0),
	gsSP2Triangles(12, 10, 11, 0, 12, 11, 13, 0),
	gsSP2Triangles(14, 10, 12, 0, 14, 15, 10, 0),
	gsSP2Triangles(16, 15, 14, 0, 16, 17, 15, 0),
	gsSP2Triangles(17, 5, 15, 0, 17, 2, 5, 0),
	gsSP2Triangles(15, 5, 7, 0, 15, 7, 10, 0),
	gsSP2Triangles(18, 19, 20, 0, 18, 21, 19, 0),
	gsSP2Triangles(21, 22, 19, 0, 21, 23, 22, 0),
	gsSP2Triangles(23, 24, 22, 0, 23, 25, 24, 0),
	gsSP2Triangles(25, 26, 24, 0, 25, 27, 26, 0),
	gsSP2Triangles(27, 28, 26, 0, 27, 29, 28, 0),
	gsSP2Triangles(29, 30, 28, 0, 29, 31, 30, 0),
	gsSPVertex(rf_end_rf_end_mesh_layer_1_vtx_2 + 64, 32, 0),
	gsSP2Triangles(0, 1, 2, 0, 0, 3, 1, 0),
	gsSP2Triangles(4, 5, 6, 0, 4, 6, 7, 0),
	gsSP2Triangles(7, 6, 8, 0, 7, 8, 9, 0),
	gsSP2Triangles(9, 8, 10, 0, 9, 10, 11, 0),
	gsSP2Triangles(11, 10, 12, 0, 11, 12, 13, 0),
	gsSP2Triangles(13, 12, 14, 0, 13, 14, 15, 0),
	gsSP2Triangles(15, 14, 16, 0, 15, 16, 17, 0),
	gsSP2Triangles(17, 16, 18, 0, 17, 18, 19, 0),
	gsSP2Triangles(20, 21, 22, 0, 20, 23, 21, 0),
	gsSP2Triangles(23, 24, 21, 0, 23, 25, 24, 0),
	gsSP2Triangles(25, 26, 24, 0, 25, 27, 26, 0),
	gsSP2Triangles(27, 28, 26, 0, 27, 29, 28, 0),
	gsSP2Triangles(29, 30, 28, 0, 29, 31, 30, 0),
	gsSPVertex(rf_end_rf_end_mesh_layer_1_vtx_2 + 96, 30, 0),
	gsSP2Triangles(0, 1, 2, 0, 0, 3, 1, 0),
	gsSP2Triangles(3, 4, 1, 0, 3, 5, 4, 0),
	gsSP2Triangles(6, 7, 8, 0, 6, 9, 7, 0),
	gsSP2Triangles(9, 10, 7, 0, 9, 11, 10, 0),
	gsSP2Triangles(11, 12, 10, 0, 11, 13, 12, 0),
	gsSP2Triangles(13, 14, 12, 0, 13, 15, 14, 0),
	gsSP2Triangles(15, 16, 14, 0, 15, 17, 16, 0),
	gsSP2Triangles(17, 18, 16, 0, 17, 19, 18, 0),
	gsSP2Triangles(19, 20, 18, 0, 19, 21, 20, 0),
	gsSP2Triangles(22, 23, 24, 0, 22, 24, 25, 0),
	gsSP2Triangles(26, 27, 28, 0, 26, 28, 29, 0),
	gsSPVertex(rf_end_rf_end_mesh_layer_1_vtx_2 + 126, 22, 0),
	gsSP2Triangles(0, 1, 2, 0, 2, 3, 0, 0),
	gsSP2Triangles(2, 4, 3, 0, 5, 6, 7, 0),
	gsSP2Triangles(5, 7, 8, 0, 9, 10, 11, 0),
	gsSP2Triangles(9, 11, 12, 0, 13, 14, 15, 0),
	gsSP2Triangles(14, 13, 16, 0, 14, 16, 17, 0),
	gsSP2Triangles(18, 17, 16, 0, 18, 16, 19, 0),
	gsSP2Triangles(19, 20, 18, 0, 19, 21, 20, 0),
	gsSP2Triangles(21, 15, 20, 0, 21, 13, 15, 0),
	gsSPEndDisplayList(),
};

Vtx rf_end_rf_end_mesh_layer_1_vtx_3[16] = {
	{{ {258, 0, 359}, 0, {1008, 2032}, {129, 0, 0, 255} }},
	{{ {258, 300, 359}, 0, {1008, -16}, {129, 0, 0, 255} }},
	{{ {258, 300, 209}, 0, {-16, -16}, {129, 0, 0, 255} }},
	{{ {258, 0, 209}, 0, {-16, 2032}, {129, 0, 0, 255} }},
	{{ {258, 0, 209}, 0, {1008, 2032}, {0, 0, 129, 255} }},
	{{ {258, 300, 209}, 0, {1008, -16}, {0, 0, 129, 255} }},
	{{ {408, 300, 209}, 0, {-16, -16}, {0, 0, 129, 255} }},
	{{ {408, 0, 209}, 0, {-16, 2032}, {0, 0, 129, 255} }},
	{{ {408, 0, 209}, 0, {1008, 2032}, {127, 0, 0, 255} }},
	{{ {408, 300, 209}, 0, {1008, -16}, {127, 0, 0, 255} }},
	{{ {408, 300, 359}, 0, {-16, -16}, {127, 0, 0, 255} }},
	{{ {408, 0, 359}, 0, {-16, 2032}, {127, 0, 0, 255} }},
	{{ {408, 0, 359}, 0, {1008, 2032}, {0, 0, 127, 255} }},
	{{ {408, 300, 359}, 0, {1008, -16}, {0, 0, 127, 255} }},
	{{ {258, 300, 359}, 0, {-16, -16}, {0, 0, 127, 255} }},
	{{ {258, 0, 359}, 0, {-16, 2032}, {0, 0, 127, 255} }},
};

Gfx rf_end_rf_end_mesh_layer_1_tri_3[] = {
	gsSPVertex(rf_end_rf_end_mesh_layer_1_vtx_3 + 0, 16, 0),
	gsSP2Triangles(0, 1, 2, 0, 0, 2, 3, 0),
	gsSP2Triangles(4, 5, 6, 0, 4, 6, 7, 0),
	gsSP2Triangles(8, 9, 10, 0, 8, 10, 11, 0),
	gsSP2Triangles(12, 13, 14, 0, 12, 14, 15, 0),
	gsSPEndDisplayList(),
};

Vtx rf_end_rf_end_mesh_layer_1_vtx_4[16] = {
	{{ {-410, 0, 75}, 0, {1008, 2032}, {129, 0, 0, 255} }},
	{{ {-410, 300, 75}, 0, {1008, -16}, {129, 0, 0, 255} }},
	{{ {-410, 300, -75}, 0, {-16, -16}, {129, 0, 0, 255} }},
	{{ {-410, 0, -75}, 0, {-16, 2032}, {129, 0, 0, 255} }},
	{{ {-410, 0, -75}, 0, {1008, 2032}, {0, 0, 129, 255} }},
	{{ {-410, 300, -75}, 0, {1008, -16}, {0, 0, 129, 255} }},
	{{ {-260, 300, -75}, 0, {-16, -16}, {0, 0, 129, 255} }},
	{{ {-260, 0, -75}, 0, {-16, 2032}, {0, 0, 129, 255} }},
	{{ {-260, 0, -75}, 0, {1008, 2032}, {127, 0, 0, 255} }},
	{{ {-260, 300, -75}, 0, {1008, -16}, {127, 0, 0, 255} }},
	{{ {-260, 300, 75}, 0, {-16, -16}, {127, 0, 0, 255} }},
	{{ {-260, 0, 75}, 0, {-16, 2032}, {127, 0, 0, 255} }},
	{{ {-260, 0, 75}, 0, {1008, 2032}, {0, 0, 127, 255} }},
	{{ {-260, 300, 75}, 0, {1008, -16}, {0, 0, 127, 255} }},
	{{ {-410, 300, 75}, 0, {-16, -16}, {0, 0, 127, 255} }},
	{{ {-410, 0, 75}, 0, {-16, 2032}, {0, 0, 127, 255} }},
};

Gfx rf_end_rf_end_mesh_layer_1_tri_4[] = {
	gsSPVertex(rf_end_rf_end_mesh_layer_1_vtx_4 + 0, 16, 0),
	gsSP2Triangles(0, 1, 2, 0, 0, 2, 3, 0),
	gsSP2Triangles(4, 5, 6, 0, 4, 6, 7, 0),
	gsSP2Triangles(8, 9, 10, 0, 8, 10, 11, 0),
	gsSP2Triangles(12, 13, 14, 0, 12, 14, 15, 0),
	gsSPEndDisplayList(),
};

Vtx rf_end_rf_end_mesh_layer_1_vtx_5[16] = {
	{{ {-1077, 0, -209}, 0, {1008, 2032}, {129, 0, 0, 255} }},
	{{ {-1077, 300, -209}, 0, {1008, -16}, {129, 0, 0, 255} }},
	{{ {-1077, 300, -359}, 0, {-16, -16}, {129, 0, 0, 255} }},
	{{ {-1077, 0, -359}, 0, {-16, 2032}, {129, 0, 0, 255} }},
	{{ {-1077, 0, -359}, 0, {1008, 2032}, {0, 0, 129, 255} }},
	{{ {-1077, 300, -359}, 0, {1008, -16}, {0, 0, 129, 255} }},
	{{ {-927, 300, -359}, 0, {-16, -16}, {0, 0, 129, 255} }},
	{{ {-927, 0, -359}, 0, {-16, 2032}, {0, 0, 129, 255} }},
	{{ {-927, 0, -359}, 0, {1008, 2032}, {127, 0, 0, 255} }},
	{{ {-927, 300, -359}, 0, {1008, -16}, {127, 0, 0, 255} }},
	{{ {-927, 300, -209}, 0, {-16, -16}, {127, 0, 0, 255} }},
	{{ {-927, 0, -209}, 0, {-16, 2032}, {127, 0, 0, 255} }},
	{{ {-927, 0, -209}, 0, {1008, 2032}, {0, 0, 127, 255} }},
	{{ {-927, 300, -209}, 0, {1008, -16}, {0, 0, 127, 255} }},
	{{ {-1077, 300, -209}, 0, {-16, -16}, {0, 0, 127, 255} }},
	{{ {-1077, 0, -209}, 0, {-16, 2032}, {0, 0, 127, 255} }},
};

Gfx rf_end_rf_end_mesh_layer_1_tri_5[] = {
	gsSPVertex(rf_end_rf_end_mesh_layer_1_vtx_5 + 0, 16, 0),
	gsSP2Triangles(0, 1, 2, 0, 0, 2, 3, 0),
	gsSP2Triangles(4, 5, 6, 0, 4, 6, 7, 0),
	gsSP2Triangles(8, 9, 10, 0, 8, 10, 11, 0),
	gsSP2Triangles(12, 13, 14, 0, 12, 14, 15, 0),
	gsSPEndDisplayList(),
};

Vtx rf_end_rf_end_mesh_layer_1_vtx_6[36] = {
	{{ {-3981, 693, -103}, 0, {-16, -16}, {0, 255, 17, 255} }},
	{{ {-3981, 663, -103}, 0, {48, -16}, {0, 255, 17, 255} }},
	{{ {-3981, 663, -234}, 0, {48, 2032}, {0, 255, 17, 255} }},
	{{ {-3981, 693, -264}, 0, {-16, 2032}, {0, 255, 17, 255} }},
	{{ {-3981, 270, -234}, 0, {-16, 4080}, {0, 255, 17, 255} }},
	{{ {-3981, 301, -264}, 0, {48, 4080}, {0, 255, 17, 255} }},
	{{ {-3981, 693, -264}, 0, {48, -2064}, {0, 255, 17, 255} }},
	{{ {-3981, 663, -234}, 0, {-16, -2064}, {0, 255, 17, 255} }},
	{{ {-3981, 270, -366}, 0, {-16, 2032}, {0, 255, 17, 255} }},
	{{ {-3981, 301, -366}, 0, {48, 2032}, {0, 255, 17, 255} }},
	{{ {-3981, 301, -264}, 0, {48, -16}, {0, 255, 17, 255} }},
	{{ {-3981, 270, -234}, 0, {-16, -16}, {0, 255, 17, 255} }},
	{{ {-3981, 594, 206}, 0, {-16, 2032}, {255, 23, 0, 255} }},
	{{ {-3981, 564, 236}, 0, {48, 2032}, {255, 23, 0, 255} }},
	{{ {-3981, 564, 75}, 0, {48, -16}, {255, 23, 0, 255} }},
	{{ {-3981, 594, 75}, 0, {-16, -16}, {255, 23, 0, 255} }},
	{{ {-3981, 564, 236}, 0, {-16, -2064}, {255, 23, 0, 255} }},
	{{ {-3981, 594, 206}, 0, {48, -2064}, {255, 23, 0, 255} }},
	{{ {-3981, 958, 206}, 0, {48, 4080}, {255, 23, 0, 255} }},
	{{ {-3981, 988, 236}, 0, {-16, 4080}, {255, 23, 0, 255} }},
	{{ {-3981, 958, -230}, 0, {-16, 4080}, {255, 23, 0, 255} }},
	{{ {-3981, 988, -199}, 0, {48, 4080}, {255, 23, 0, 255} }},
	{{ {-3981, 988, 236}, 0, {48, -2064}, {255, 23, 0, 255} }},
	{{ {-3981, 958, 206}, 0, {-16, -2064}, {255, 23, 0, 255} }},
	{{ {-3981, 988, -199}, 0, {-16, -16}, {255, 23, 0, 255} }},
	{{ {-3981, 958, -230}, 0, {48, -16}, {255, 23, 0, 255} }},
	{{ {-3981, 1189, -230}, 0, {48, 2032}, {255, 23, 0, 255} }},
	{{ {-3981, 1189, -199}, 0, {-16, 2032}, {255, 23, 0, 255} }},
	{{ {-3981, 186, -25}, 0, {-16, 4080}, {0, 97, 255, 255} }},
	{{ {-3981, 156, -56}, 0, {48, 4080}, {0, 97, 255, 255} }},
	{{ {-3981, 548, -56}, 0, {48, -2064}, {0, 97, 255, 255} }},
	{{ {-3981, 548, -25}, 0, {-16, -2064}, {0, 97, 255, 255} }},
	{{ {-3981, 186, 366}, 0, {-16, 4080}, {0, 97, 255, 255} }},
	{{ {-3981, 156, 366}, 0, {48, 4080}, {0, 97, 255, 255} }},
	{{ {-3981, 156, -56}, 0, {48, -2064}, {0, 97, 255, 255} }},
	{{ {-3981, 186, -25}, 0, {-16, -2064}, {0, 97, 255, 255} }},
};

Gfx rf_end_rf_end_mesh_layer_1_tri_6[] = {
	gsSPVertex(rf_end_rf_end_mesh_layer_1_vtx_6 + 0, 32, 0),
	gsSP2Triangles(0, 1, 2, 0, 0, 2, 3, 0),
	gsSP2Triangles(4, 5, 6, 0, 4, 6, 7, 0),
	gsSP2Triangles(8, 9, 10, 0, 8, 10, 11, 0),
	gsSP2Triangles(12, 13, 14, 0, 12, 14, 15, 0),
	gsSP2Triangles(16, 17, 18, 0, 16, 18, 19, 0),
	gsSP2Triangles(20, 21, 22, 0, 20, 22, 23, 0),
	gsSP2Triangles(24, 25, 26, 0, 24, 26, 27, 0),
	gsSP2Triangles(28, 29, 30, 0, 28, 30, 31, 0),
	gsSPVertex(rf_end_rf_end_mesh_layer_1_vtx_6 + 32, 4, 0),
	gsSP2Triangles(0, 1, 2, 0, 0, 2, 3, 0),
	gsSPEndDisplayList(),
};

Vtx rf_end_rf_end_mesh_layer_1_vtx_7[60] = {
	{{ {-4092, 77, 587}, 0, {-16, 1008}, {129, 0, 0, 255} }},
	{{ {-4092, 277, 587}, 0, {1008, 1008}, {129, 0, 0, 255} }},
	{{ {-4092, 277, 487}, 0, {1008, -16}, {129, 0, 0, 255} }},
	{{ {-4092, 77, 487}, 0, {-16, -16}, {129, 0, 0, 255} }},
	{{ {-4010, 77, 487}, 0, {-16, 1008}, {127, 0, 0, 255} }},
	{{ {-4010, 277, 487}, 0, {1008, 1008}, {127, 0, 0, 255} }},
	{{ {-4010, 277, 587}, 0, {1008, -16}, {127, 0, 0, 255} }},
	{{ {-4010, 77, 587}, 0, {-16, -16}, {127, 0, 0, 255} }},
	{{ {-4010, 77, 587}, 0, {-16, 1008}, {0, 0, 127, 255} }},
	{{ {-4010, 277, 587}, 0, {1008, 1008}, {0, 0, 127, 255} }},
	{{ {-4092, 277, 587}, 0, {1008, -16}, {0, 0, 127, 255} }},
	{{ {-4092, 77, 587}, 0, {-16, -16}, {0, 0, 127, 255} }},
	{{ {-4092, 77, 487}, 0, {-16, 1008}, {0, 129, 0, 255} }},
	{{ {-4010, 77, 487}, 0, {1008, 1008}, {0, 129, 0, 255} }},
	{{ {-4010, 77, 587}, 0, {1008, -16}, {0, 129, 0, 255} }},
	{{ {-4092, 77, 587}, 0, {-16, -16}, {0, 129, 0, 255} }},
	{{ {-4010, 277, 487}, 0, {-16, 1008}, {0, 127, 0, 255} }},
	{{ {-4092, 277, 487}, 0, {1008, 1008}, {0, 127, 0, 255} }},
	{{ {-4092, 277, 587}, 0, {1008, -16}, {0, 127, 0, 255} }},
	{{ {-4010, 277, 587}, 0, {-16, -16}, {0, 127, 0, 255} }},
	{{ {-4010, 1305, -312}, 0, {-16, 1008}, {0, 0, 129, 255} }},
	{{ {-4092, 1305, -312}, 0, {1008, 1008}, {0, 0, 129, 255} }},
	{{ {-4092, 1405, -312}, 0, {1008, -16}, {0, 0, 129, 255} }},
	{{ {-4010, 1405, -312}, 0, {-16, -16}, {0, 0, 129, 255} }},
	{{ {-4092, 1305, -112}, 0, {-16, 1008}, {0, 0, 127, 255} }},
	{{ {-4010, 1305, -112}, 0, {1008, 1008}, {0, 0, 127, 255} }},
	{{ {-4010, 1405, -112}, 0, {1008, -16}, {0, 0, 127, 255} }},
	{{ {-4092, 1405, -112}, 0, {-16, -16}, {0, 0, 127, 255} }},
	{{ {-4010, 1405, -112}, 0, {-16, 1008}, {0, 127, 0, 255} }},
	{{ {-4010, 1405, -312}, 0, {1008, 1008}, {0, 127, 0, 255} }},
	{{ {-4092, 1405, -312}, 0, {1008, -16}, {0, 127, 0, 255} }},
	{{ {-4092, 1405, -112}, 0, {-16, -16}, {0, 127, 0, 255} }},
	{{ {-4010, 1305, -112}, 0, {-16, 1008}, {127, 0, 0, 255} }},
	{{ {-4010, 1305, -312}, 0, {1008, 1008}, {127, 0, 0, 255} }},
	{{ {-4010, 1405, -312}, 0, {1008, -16}, {127, 0, 0, 255} }},
	{{ {-4010, 1405, -112}, 0, {-16, -16}, {127, 0, 0, 255} }},
	{{ {-4092, 1405, -112}, 0, {-16, 1008}, {129, 0, 0, 255} }},
	{{ {-4092, 1405, -312}, 0, {1008, 1008}, {129, 0, 0, 255} }},
	{{ {-4092, 1305, -312}, 0, {1008, -16}, {129, 0, 0, 255} }},
	{{ {-4092, 1305, -112}, 0, {-16, -16}, {129, 0, 0, 255} }},
	{{ {-4010, 134, -479}, 0, {-16, 1008}, {0, 129, 0, 255} }},
	{{ {-4092, 134, -479}, 0, {1008, 1008}, {0, 129, 0, 255} }},
	{{ {-4092, 134, -579}, 0, {1008, -16}, {0, 129, 0, 255} }},
	{{ {-4010, 134, -579}, 0, {-16, -16}, {0, 129, 0, 255} }},
	{{ {-4092, 334, -479}, 0, {-16, 1008}, {0, 127, 0, 255} }},
	{{ {-4010, 334, -479}, 0, {1008, 1008}, {0, 127, 0, 255} }},
	{{ {-4010, 334, -579}, 0, {1008, -16}, {0, 127, 0, 255} }},
	{{ {-4092, 334, -579}, 0, {-16, -16}, {0, 127, 0, 255} }},
	{{ {-4010, 334, -579}, 0, {-16, 1008}, {0, 0, 129, 255} }},
	{{ {-4010, 134, -579}, 0, {1008, 1008}, {0, 0, 129, 255} }},
	{{ {-4092, 134, -579}, 0, {1008, -16}, {0, 0, 129, 255} }},
	{{ {-4092, 334, -579}, 0, {-16, -16}, {0, 0, 129, 255} }},
	{{ {-4010, 334, -479}, 0, {-16, 1008}, {127, 0, 0, 255} }},
	{{ {-4010, 134, -479}, 0, {1008, 1008}, {127, 0, 0, 255} }},
	{{ {-4010, 134, -579}, 0, {1008, -16}, {127, 0, 0, 255} }},
	{{ {-4010, 334, -579}, 0, {-16, -16}, {127, 0, 0, 255} }},
	{{ {-4092, 334, -579}, 0, {-16, 1008}, {129, 0, 0, 255} }},
	{{ {-4092, 134, -579}, 0, {1008, 1008}, {129, 0, 0, 255} }},
	{{ {-4092, 134, -479}, 0, {1008, -16}, {129, 0, 0, 255} }},
	{{ {-4092, 334, -479}, 0, {-16, -16}, {129, 0, 0, 255} }},
};

Gfx rf_end_rf_end_mesh_layer_1_tri_7[] = {
	gsSPVertex(rf_end_rf_end_mesh_layer_1_vtx_7 + 0, 32, 0),
	gsSP2Triangles(0, 1, 2, 0, 0, 2, 3, 0),
	gsSP2Triangles(4, 5, 6, 0, 4, 6, 7, 0),
	gsSP2Triangles(8, 9, 10, 0, 8, 10, 11, 0),
	gsSP2Triangles(12, 13, 14, 0, 12, 14, 15, 0),
	gsSP2Triangles(16, 17, 18, 0, 16, 18, 19, 0),
	gsSP2Triangles(20, 21, 22, 0, 20, 22, 23, 0),
	gsSP2Triangles(24, 25, 26, 0, 24, 26, 27, 0),
	gsSP2Triangles(28, 29, 30, 0, 28, 30, 31, 0),
	gsSPVertex(rf_end_rf_end_mesh_layer_1_vtx_7 + 32, 28, 0),
	gsSP2Triangles(0, 1, 2, 0, 0, 2, 3, 0),
	gsSP2Triangles(4, 5, 6, 0, 4, 6, 7, 0),
	gsSP2Triangles(8, 9, 10, 0, 8, 10, 11, 0),
	gsSP2Triangles(12, 13, 14, 0, 12, 14, 15, 0),
	gsSP2Triangles(16, 17, 18, 0, 16, 18, 19, 0),
	gsSP2Triangles(20, 21, 22, 0, 20, 22, 23, 0),
	gsSP2Triangles(24, 25, 26, 0, 24, 26, 27, 0),
	gsSPEndDisplayList(),
};

Vtx rf_end_rf_end_mesh_layer_4_vtx_0[240] = {
	{{ {-4030, 26, 910}, 0, {-16, 535}, {127, 0, 0, 255} }},
	{{ {-4030, 26, 537}, 0, {666, 535}, {127, 0, 0, 255} }},
	{{ {-4030, 327, 537}, 0, {666, -16}, {127, 0, 0, 255} }},
	{{ {-4030, 327, 910}, 0, {-16, -16}, {127, 0, 0, 255} }},
	{{ {-4072, 26, 910}, 0, {-16, 535}, {129, 0, 0, 255} }},
	{{ {-4072, 327, 910}, 0, {-16, -16}, {129, 0, 0, 255} }},
	{{ {-4072, 327, 537}, 0, {666, -16}, {129, 0, 0, 255} }},
	{{ {-4072, 26, 537}, 0, {666, 535}, {129, 0, 0, 255} }},
	{{ {-4030, 327, 910}, 0, {-16, -16}, {0, 127, 0, 255} }},
	{{ {-4030, 327, 658}, 0, {445, -16}, {0, 127, 0, 255} }},
	{{ {-4072, 327, 658}, 0, {445, -16}, {0, 127, 0, 255} }},
	{{ {-4072, 327, 910}, 0, {-16, -16}, {0, 127, 0, 255} }},
	{{ {-4072, 327, 658}, 0, {445, -16}, {0, 87, 164, 255} }},
	{{ {-4030, 327, 658}, 0, {445, -16}, {0, 87, 164, 255} }},
	{{ {-4030, 287, 620}, 0, {514, 57}, {0, 87, 164, 255} }},
	{{ {-4072, 287, 620}, 0, {514, 57}, {0, 87, 164, 255} }},
	{{ {-4072, 287, 620}, 0, {514, 57}, {0, 10, 129, 255} }},
	{{ {-4030, 287, 620}, 0, {514, 57}, {0, 10, 129, 255} }},
	{{ {-4030, 243, 617}, 0, {520, 138}, {0, 10, 129, 255} }},
	{{ {-4072, 243, 617}, 0, {520, 138}, {0, 10, 129, 255} }},
	{{ {-4072, 243, 617}, 0, {520, 138}, {0, 126, 245, 255} }},
	{{ {-4030, 243, 617}, 0, {520, 138}, {0, 126, 245, 255} }},
	{{ {-4030, 240, 579}, 0, {589, 144}, {0, 126, 245, 255} }},
	{{ {-4072, 240, 579}, 0, {589, 144}, {0, 126, 245, 255} }},
	{{ {-4072, 240, 579}, 0, {589, 144}, {0, 62, 145, 255} }},
	{{ {-4030, 240, 579}, 0, {589, 144}, {0, 62, 145, 255} }},
	{{ {-4030, 211, 563}, 0, {618, 196}, {0, 62, 145, 255} }},
	{{ {-4072, 211, 563}, 0, {618, 196}, {0, 62, 145, 255} }},
	{{ {-4072, 211, 563}, 0, {618, 196}, {0, 247, 129, 255} }},
	{{ {-4030, 211, 563}, 0, {618, 196}, {0, 247, 129, 255} }},
	{{ {-4030, 164, 567}, 0, {612, 283}, {0, 247, 129, 255} }},
	{{ {-4072, 164, 567}, 0, {612, 283}, {0, 247, 129, 255} }},
	{{ {-4072, 164, 567}, 0, {612, 283}, {0, 147, 191, 255} }},
	{{ {-4030, 164, 567}, 0, {612, 283}, {0, 147, 191, 255} }},
	{{ {-4030, 140, 607}, 0, {539, 327}, {0, 147, 191, 255} }},
	{{ {-4072, 140, 607}, 0, {539, 327}, {0, 147, 191, 255} }},
	{{ {-4072, 140, 607}, 0, {539, 327}, {0, 176, 158, 255} }},
	{{ {-4030, 140, 607}, 0, {539, 327}, {0, 176, 158, 255} }},
	{{ {-4030, 127, 617}, 0, {520, 350}, {0, 176, 158, 255} }},
	{{ {-4072, 127, 617}, 0, {520, 350}, {0, 176, 158, 255} }},
	{{ {-4072, 127, 617}, 0, {520, 350}, {0, 247, 129, 255} }},
	{{ {-4030, 127, 617}, 0, {520, 350}, {0, 247, 129, 255} }},
	{{ {-4030, 94, 619}, 0, {516, 410}, {0, 247, 129, 255} }},
	{{ {-4072, 94, 619}, 0, {516, 410}, {0, 247, 129, 255} }},
	{{ {-4072, 94, 619}, 0, {516, 410}, {0, 171, 161, 255} }},
	{{ {-4030, 94, 619}, 0, {516, 410}, {0, 171, 161, 255} }},
	{{ {-4030, 51, 658}, 0, {445, 489}, {0, 171, 161, 255} }},
	{{ {-4072, 51, 658}, 0, {445, 489}, {0, 171, 161, 255} }},
	{{ {-4072, 51, 658}, 0, {445, 489}, {0, 129, 254, 255} }},
	{{ {-4030, 51, 658}, 0, {445, 489}, {0, 129, 254, 255} }},
	{{ {-4030, 47, 904}, 0, {-5, 497}, {0, 129, 254, 255} }},
	{{ {-4072, 47, 904}, 0, {-5, 497}, {0, 129, 254, 255} }},
	{{ {-4072, 47, 904}, 0, {-5, 497}, {0, 2, 127, 255} }},
	{{ {-4030, 47, 904}, 0, {-5, 497}, {0, 2, 127, 255} }},
	{{ {-4030, 106, 903}, 0, {-3, 389}, {0, 2, 127, 255} }},
	{{ {-4072, 106, 903}, 0, {-3, 389}, {0, 2, 127, 255} }},
	{{ {-4072, 106, 903}, 0, {-3, 389}, {0, 92, 87, 255} }},
	{{ {-4030, 106, 903}, 0, {-3, 389}, {0, 92, 87, 255} }},
	{{ {-4030, 149, 857}, 0, {80, 310}, {0, 92, 87, 255} }},
	{{ {-4072, 149, 857}, 0, {80, 310}, {0, 92, 87, 255} }},
	{{ {-4072, 149, 857}, 0, {80, 310}, {0, 116, 52, 255} }},
	{{ {-4030, 149, 857}, 0, {80, 310}, {0, 116, 52, 255} }},
	{{ {-4030, 158, 837}, 0, {117, 294}, {0, 116, 52, 255} }},
	{{ {-4072, 158, 837}, 0, {117, 294}, {0, 116, 52, 255} }},
	{{ {-4072, 158, 837}, 0, {117, 294}, {0, 0, 127, 255} }},
	{{ {-4030, 158, 837}, 0, {117, 294}, {0, 0, 127, 255} }},
	{{ {-4030, 223, 837}, 0, {117, 175}, {0, 0, 127, 255} }},
	{{ {-4072, 223, 837}, 0, {117, 175}, {0, 0, 127, 255} }},
	{{ {-4072, 223, 837}, 0, {117, 175}, {0, 133, 33, 255} }},
	{{ {-4030, 223, 837}, 0, {117, 175}, {0, 133, 33, 255} }},
	{{ {-4030, 230, 866}, 0, {63, 161}, {0, 133, 33, 255} }},
	{{ {-4072, 230, 866}, 0, {63, 161}, {0, 133, 33, 255} }},
	{{ {-4072, 230, 866}, 0, {63, 161}, {0, 173, 96, 255} }},
	{{ {-4030, 230, 866}, 0, {63, 161}, {0, 173, 96, 255} }},
	{{ {-4030, 274, 904}, 0, {-5, 82}, {0, 173, 96, 255} }},
	{{ {-4072, 274, 904}, 0, {-5, 82}, {0, 173, 96, 255} }},
	{{ {-4072, 274, 904}, 0, {-5, 82}, {0, 242, 126, 255} }},
	{{ {-4030, 274, 904}, 0, {-5, 82}, {0, 242, 126, 255} }},
	{{ {-4030, 327, 910}, 0, {-16, -16}, {0, 242, 126, 255} }},
	{{ {-4072, 327, 910}, 0, {-16, -16}, {0, 242, 126, 255} }},
	{{ {-4072, 1721, -309}, 0, {-5, 82}, {0, 126, 14, 255} }},
	{{ {-4030, 1721, -309}, 0, {-5, 82}, {0, 126, 14, 255} }},
	{{ {-4030, 1727, -363}, 0, {-16, -16}, {0, 126, 14, 255} }},
	{{ {-4072, 1727, -363}, 0, {-16, -16}, {0, 126, 14, 255} }},
	{{ {-4072, 1684, -266}, 0, {63, 161}, {0, 96, 83, 255} }},
	{{ {-4030, 1684, -266}, 0, {63, 161}, {0, 96, 83, 255} }},
	{{ {-4030, 1721, -309}, 0, {-5, 82}, {0, 96, 83, 255} }},
	{{ {-4072, 1721, -309}, 0, {-5, 82}, {0, 96, 83, 255} }},
	{{ {-4072, 1654, -258}, 0, {117, 175}, {0, 33, 123, 255} }},
	{{ {-4030, 1654, -258}, 0, {117, 175}, {0, 33, 123, 255} }},
	{{ {-4030, 1684, -266}, 0, {63, 161}, {0, 33, 123, 255} }},
	{{ {-4072, 1684, -266}, 0, {63, 161}, {0, 33, 123, 255} }},
	{{ {-4072, 1654, -194}, 0, {117, 294}, {0, 127, 0, 255} }},
	{{ {-4030, 1654, -194}, 0, {117, 294}, {0, 127, 0, 255} }},
	{{ {-4030, 1654, -258}, 0, {117, 175}, {0, 127, 0, 255} }},
	{{ {-4072, 1654, -258}, 0, {117, 175}, {0, 127, 0, 255} }},
	{{ {-4072, 1675, -184}, 0, {80, 310}, {0, 52, 140, 255} }},
	{{ {-4030, 1675, -184}, 0, {80, 310}, {0, 52, 140, 255} }},
	{{ {-4030, 1654, -194}, 0, {117, 294}, {0, 52, 140, 255} }},
	{{ {-4072, 1654, -194}, 0, {117, 294}, {0, 52, 140, 255} }},
	{{ {-4072, 1720, -141}, 0, {-3, 389}, {0, 87, 164, 255} }},
	{{ {-4030, 1720, -141}, 0, {-3, 389}, {0, 87, 164, 255} }},
	{{ {-4030, 1675, -184}, 0, {80, 310}, {0, 87, 164, 255} }},
	{{ {-4072, 1675, -184}, 0, {80, 310}, {0, 87, 164, 255} }},
	{{ {-4072, 1721, -82}, 0, {-5, 497}, {0, 127, 254, 255} }},
	{{ {-4030, 1721, -82}, 0, {-5, 497}, {0, 127, 254, 255} }},
	{{ {-4030, 1720, -141}, 0, {-3, 389}, {0, 127, 254, 255} }},
	{{ {-4072, 1720, -141}, 0, {-3, 389}, {0, 127, 254, 255} }},
	{{ {-4072, 1475, -87}, 0, {445, 489}, {0, 254, 127, 255} }},
	{{ {-4030, 1475, -87}, 0, {445, 489}, {0, 254, 127, 255} }},
	{{ {-4030, 1721, -82}, 0, {-5, 497}, {0, 254, 127, 255} }},
	{{ {-4072, 1721, -82}, 0, {-5, 497}, {0, 254, 127, 255} }},
	{{ {-4072, 1436, -130}, 0, {516, 410}, {0, 161, 85, 255} }},
	{{ {-4030, 1436, -130}, 0, {516, 410}, {0, 161, 85, 255} }},
	{{ {-4030, 1475, -87}, 0, {445, 489}, {0, 161, 85, 255} }},
	{{ {-4072, 1475, -87}, 0, {445, 489}, {0, 161, 85, 255} }},
	{{ {-4072, 1434, -163}, 0, {520, 350}, {0, 129, 9, 255} }},
	{{ {-4030, 1434, -163}, 0, {520, 350}, {0, 129, 9, 255} }},
	{{ {-4030, 1436, -130}, 0, {516, 410}, {0, 129, 9, 255} }},
	{{ {-4072, 1436, -130}, 0, {516, 410}, {0, 129, 9, 255} }},
	{{ {-4072, 1424, -175}, 0, {539, 327}, {0, 158, 80, 255} }},
	{{ {-4030, 1424, -175}, 0, {539, 327}, {0, 158, 80, 255} }},
	{{ {-4030, 1434, -163}, 0, {520, 350}, {0, 158, 80, 255} }},
	{{ {-4072, 1434, -163}, 0, {520, 350}, {0, 158, 80, 255} }},
	{{ {-4072, 1384, -199}, 0, {612, 283}, {0, 191, 109, 255} }},
	{{ {-4030, 1384, -199}, 0, {612, 283}, {0, 191, 109, 255} }},
	{{ {-4030, 1424, -175}, 0, {539, 327}, {0, 191, 109, 255} }},
	{{ {-4072, 1424, -175}, 0, {539, 327}, {0, 191, 109, 255} }},
	{{ {-4072, 1381, -247}, 0, {618, 196}, {0, 129, 9, 255} }},
	{{ {-4030, 1381, -247}, 0, {618, 196}, {0, 129, 9, 255} }},
	{{ {-4030, 1384, -199}, 0, {612, 283}, {0, 129, 9, 255} }},
	{{ {-4072, 1384, -199}, 0, {612, 283}, {0, 129, 9, 255} }},
	{{ {-4072, 1397, -275}, 0, {589, 144}, {0, 145, 194, 255} }},
	{{ {-4030, 1397, -275}, 0, {589, 144}, {0, 145, 194, 255} }},
	{{ {-4030, 1381, -247}, 0, {618, 196}, {0, 145, 194, 255} }},
	{{ {-4072, 1381, -247}, 0, {618, 196}, {0, 145, 194, 255} }},
	{{ {-4072, 1434, -279}, 0, {520, 138}, {0, 245, 130, 255} }},
	{{ {-4030, 1434, -279}, 0, {520, 138}, {0, 245, 130, 255} }},
	{{ {-4030, 1397, -275}, 0, {589, 144}, {0, 245, 130, 255} }},
	{{ {-4072, 1397, -275}, 0, {589, 144}, {0, 245, 130, 255} }},
	{{ {-4072, 1438, -323}, 0, {514, 57}, {0, 129, 246, 255} }},
	{{ {-4030, 1438, -323}, 0, {514, 57}, {0, 129, 246, 255} }},
	{{ {-4030, 1434, -279}, 0, {520, 138}, {0, 129, 246, 255} }},
	{{ {-4072, 1434, -279}, 0, {520, 138}, {0, 129, 246, 255} }},
	{{ {-4072, 1475, -363}, 0, {445, -16}, {0, 164, 169, 255} }},
	{{ {-4030, 1475, -363}, 0, {445, -16}, {0, 164, 169, 255} }},
	{{ {-4030, 1438, -323}, 0, {514, 57}, {0, 164, 169, 255} }},
	{{ {-4072, 1438, -323}, 0, {514, 57}, {0, 164, 169, 255} }},
	{{ {-4030, 1727, -363}, 0, {-16, -16}, {0, 0, 129, 255} }},
	{{ {-4030, 1475, -363}, 0, {445, -16}, {0, 0, 129, 255} }},
	{{ {-4072, 1475, -363}, 0, {445, -16}, {0, 0, 129, 255} }},
	{{ {-4072, 1727, -363}, 0, {-16, -16}, {0, 0, 129, 255} }},
	{{ {-4072, 1727, -62}, 0, {-16, 535}, {129, 0, 0, 255} }},
	{{ {-4072, 1727, -363}, 0, {-16, -16}, {129, 0, 0, 255} }},
	{{ {-4072, 1355, -363}, 0, {666, -16}, {129, 0, 0, 255} }},
	{{ {-4072, 1355, -62}, 0, {666, 535}, {129, 0, 0, 255} }},
	{{ {-4030, 1727, -62}, 0, {-16, 535}, {127, 0, 0, 255} }},
	{{ {-4030, 1355, -62}, 0, {666, 535}, {127, 0, 0, 255} }},
	{{ {-4030, 1355, -363}, 0, {666, -16}, {127, 0, 0, 255} }},
	{{ {-4030, 1727, -363}, 0, {-16, -16}, {127, 0, 0, 255} }},
	{{ {-4072, 137, -896}, 0, {-5, 82}, {0, 14, 130, 255} }},
	{{ {-4030, 137, -896}, 0, {-5, 82}, {0, 14, 130, 255} }},
	{{ {-4030, 83, -901}, 0, {-16, -16}, {0, 14, 130, 255} }},
	{{ {-4072, 83, -901}, 0, {-16, -16}, {0, 14, 130, 255} }},
	{{ {-4072, 180, -858}, 0, {63, 161}, {0, 83, 160, 255} }},
	{{ {-4030, 180, -858}, 0, {63, 161}, {0, 83, 160, 255} }},
	{{ {-4030, 137, -896}, 0, {-5, 82}, {0, 83, 160, 255} }},
	{{ {-4072, 137, -896}, 0, {-5, 82}, {0, 83, 160, 255} }},
	{{ {-4072, 188, -829}, 0, {117, 175}, {0, 123, 223, 255} }},
	{{ {-4030, 188, -829}, 0, {117, 175}, {0, 123, 223, 255} }},
	{{ {-4030, 180, -858}, 0, {63, 161}, {0, 123, 223, 255} }},
	{{ {-4072, 180, -858}, 0, {63, 161}, {0, 123, 223, 255} }},
	{{ {-4072, 252, -829}, 0, {117, 294}, {0, 0, 129, 255} }},
	{{ {-4030, 252, -829}, 0, {117, 294}, {0, 0, 129, 255} }},
	{{ {-4030, 188, -829}, 0, {117, 175}, {0, 0, 129, 255} }},
	{{ {-4072, 188, -829}, 0, {117, 175}, {0, 0, 129, 255} }},
	{{ {-4072, 261, -849}, 0, {80, 310}, {0, 140, 204, 255} }},
	{{ {-4030, 261, -849}, 0, {80, 310}, {0, 140, 204, 255} }},
	{{ {-4030, 252, -829}, 0, {117, 294}, {0, 140, 204, 255} }},
	{{ {-4072, 252, -829}, 0, {117, 294}, {0, 140, 204, 255} }},
	{{ {-4072, 305, -895}, 0, {-3, 389}, {0, 164, 169, 255} }},
	{{ {-4030, 305, -895}, 0, {-3, 389}, {0, 164, 169, 255} }},
	{{ {-4030, 261, -849}, 0, {80, 310}, {0, 164, 169, 255} }},
	{{ {-4072, 261, -849}, 0, {80, 310}, {0, 164, 169, 255} }},
	{{ {-4072, 364, -896}, 0, {-5, 497}, {0, 254, 129, 255} }},
	{{ {-4030, 364, -896}, 0, {-5, 497}, {0, 254, 129, 255} }},
	{{ {-4030, 305, -895}, 0, {-3, 389}, {0, 254, 129, 255} }},
	{{ {-4072, 305, -895}, 0, {-3, 389}, {0, 254, 129, 255} }},
	{{ {-4072, 359, -649}, 0, {445, 489}, {0, 127, 2, 255} }},
	{{ {-4030, 359, -649}, 0, {445, 489}, {0, 127, 2, 255} }},
	{{ {-4030, 364, -896}, 0, {-5, 497}, {0, 127, 2, 255} }},
	{{ {-4072, 364, -896}, 0, {-5, 497}, {0, 127, 2, 255} }},
	{{ {-4072, 316, -611}, 0, {516, 410}, {0, 85, 95, 255} }},
	{{ {-4030, 316, -611}, 0, {516, 410}, {0, 85, 95, 255} }},
	{{ {-4030, 359, -649}, 0, {445, 489}, {0, 85, 95, 255} }},
	{{ {-4072, 359, -649}, 0, {445, 489}, {0, 85, 95, 255} }},
	{{ {-4072, 283, -609}, 0, {520, 350}, {0, 9, 127, 255} }},
	{{ {-4030, 283, -609}, 0, {520, 350}, {0, 9, 127, 255} }},
	{{ {-4030, 316, -611}, 0, {516, 410}, {0, 9, 127, 255} }},
	{{ {-4072, 316, -611}, 0, {516, 410}, {0, 9, 127, 255} }},
	{{ {-4072, 271, -598}, 0, {539, 327}, {0, 80, 98, 255} }},
	{{ {-4030, 271, -598}, 0, {539, 327}, {0, 80, 98, 255} }},
	{{ {-4030, 283, -609}, 0, {520, 350}, {0, 80, 98, 255} }},
	{{ {-4072, 283, -609}, 0, {520, 350}, {0, 80, 98, 255} }},
	{{ {-4072, 247, -559}, 0, {612, 283}, {0, 109, 65, 255} }},
	{{ {-4030, 247, -559}, 0, {612, 283}, {0, 109, 65, 255} }},
	{{ {-4030, 271, -598}, 0, {539, 327}, {0, 109, 65, 255} }},
	{{ {-4072, 271, -598}, 0, {539, 327}, {0, 109, 65, 255} }},
	{{ {-4072, 199, -555}, 0, {618, 196}, {0, 9, 127, 255} }},
	{{ {-4030, 199, -555}, 0, {618, 196}, {0, 9, 127, 255} }},
	{{ {-4030, 247, -559}, 0, {612, 283}, {0, 9, 127, 255} }},
	{{ {-4072, 247, -559}, 0, {612, 283}, {0, 9, 127, 255} }},
	{{ {-4072, 171, -571}, 0, {589, 144}, {0, 194, 111, 255} }},
	{{ {-4030, 171, -571}, 0, {589, 144}, {0, 194, 111, 255} }},
	{{ {-4030, 199, -555}, 0, {618, 196}, {0, 194, 111, 255} }},
	{{ {-4072, 199, -555}, 0, {618, 196}, {0, 194, 111, 255} }},
	{{ {-4072, 167, -609}, 0, {520, 138}, {0, 130, 11, 255} }},
	{{ {-4030, 167, -609}, 0, {520, 138}, {0, 130, 11, 255} }},
	{{ {-4030, 171, -571}, 0, {589, 144}, {0, 130, 11, 255} }},
	{{ {-4072, 171, -571}, 0, {589, 144}, {0, 130, 11, 255} }},
	{{ {-4072, 123, -612}, 0, {514, 57}, {0, 246, 127, 255} }},
	{{ {-4030, 123, -612}, 0, {514, 57}, {0, 246, 127, 255} }},
	{{ {-4030, 167, -609}, 0, {520, 138}, {0, 246, 127, 255} }},
	{{ {-4072, 167, -609}, 0, {520, 138}, {0, 246, 127, 255} }},
	{{ {-4072, 83, -649}, 0, {445, -16}, {0, 169, 92, 255} }},
	{{ {-4030, 83, -649}, 0, {445, -16}, {0, 169, 92, 255} }},
	{{ {-4030, 123, -612}, 0, {514, 57}, {0, 169, 92, 255} }},
	{{ {-4072, 123, -612}, 0, {514, 57}, {0, 169, 92, 255} }},
	{{ {-4030, 83, -901}, 0, {-16, -16}, {0, 129, 0, 255} }},
	{{ {-4030, 83, -649}, 0, {445, -16}, {0, 129, 0, 255} }},
	{{ {-4072, 83, -649}, 0, {445, -16}, {0, 129, 0, 255} }},
	{{ {-4072, 83, -901}, 0, {-16, -16}, {0, 129, 0, 255} }},
	{{ {-4072, 384, -901}, 0, {-16, 535}, {129, 0, 0, 255} }},
	{{ {-4072, 83, -901}, 0, {-16, -16}, {129, 0, 0, 255} }},
	{{ {-4072, 83, -529}, 0, {666, -16}, {129, 0, 0, 255} }},
	{{ {-4072, 384, -529}, 0, {666, 535}, {129, 0, 0, 255} }},
	{{ {-4030, 384, -901}, 0, {-16, 535}, {127, 0, 0, 255} }},
	{{ {-4030, 384, -529}, 0, {666, 535}, {127, 0, 0, 255} }},
	{{ {-4030, 83, -529}, 0, {666, -16}, {127, 0, 0, 255} }},
	{{ {-4030, 83, -901}, 0, {-16, -16}, {127, 0, 0, 255} }},
};

Gfx rf_end_rf_end_mesh_layer_4_tri_0[] = {
	gsSPVertex(rf_end_rf_end_mesh_layer_4_vtx_0 + 0, 32, 0),
	gsSP2Triangles(0, 1, 2, 0, 0, 2, 3, 0),
	gsSP2Triangles(4, 5, 6, 0, 4, 6, 7, 0),
	gsSP2Triangles(8, 9, 10, 0, 8, 10, 11, 0),
	gsSP2Triangles(12, 13, 14, 0, 12, 14, 15, 0),
	gsSP2Triangles(16, 17, 18, 0, 16, 18, 19, 0),
	gsSP2Triangles(20, 21, 22, 0, 20, 22, 23, 0),
	gsSP2Triangles(24, 25, 26, 0, 24, 26, 27, 0),
	gsSP2Triangles(28, 29, 30, 0, 28, 30, 31, 0),
	gsSPVertex(rf_end_rf_end_mesh_layer_4_vtx_0 + 32, 32, 0),
	gsSP2Triangles(0, 1, 2, 0, 0, 2, 3, 0),
	gsSP2Triangles(4, 5, 6, 0, 4, 6, 7, 0),
	gsSP2Triangles(8, 9, 10, 0, 8, 10, 11, 0),
	gsSP2Triangles(12, 13, 14, 0, 12, 14, 15, 0),
	gsSP2Triangles(16, 17, 18, 0, 16, 18, 19, 0),
	gsSP2Triangles(20, 21, 22, 0, 20, 22, 23, 0),
	gsSP2Triangles(24, 25, 26, 0, 24, 26, 27, 0),
	gsSP2Triangles(28, 29, 30, 0, 28, 30, 31, 0),
	gsSPVertex(rf_end_rf_end_mesh_layer_4_vtx_0 + 64, 32, 0),
	gsSP2Triangles(0, 1, 2, 0, 0, 2, 3, 0),
	gsSP2Triangles(4, 5, 6, 0, 4, 6, 7, 0),
	gsSP2Triangles(8, 9, 10, 0, 8, 10, 11, 0),
	gsSP2Triangles(12, 13, 14, 0, 12, 14, 15, 0),
	gsSP2Triangles(16, 17, 18, 0, 16, 18, 19, 0),
	gsSP2Triangles(20, 21, 22, 0, 20, 22, 23, 0),
	gsSP2Triangles(24, 25, 26, 0, 24, 26, 27, 0),
	gsSP2Triangles(28, 29, 30, 0, 28, 30, 31, 0),
	gsSPVertex(rf_end_rf_end_mesh_layer_4_vtx_0 + 96, 32, 0),
	gsSP2Triangles(0, 1, 2, 0, 0, 2, 3, 0),
	gsSP2Triangles(4, 5, 6, 0, 4, 6, 7, 0),
	gsSP2Triangles(8, 9, 10, 0, 8, 10, 11, 0),
	gsSP2Triangles(12, 13, 14, 0, 12, 14, 15, 0),
	gsSP2Triangles(16, 17, 18, 0, 16, 18, 19, 0),
	gsSP2Triangles(20, 21, 22, 0, 20, 22, 23, 0),
	gsSP2Triangles(24, 25, 26, 0, 24, 26, 27, 0),
	gsSP2Triangles(28, 29, 30, 0, 28, 30, 31, 0),
	gsSPVertex(rf_end_rf_end_mesh_layer_4_vtx_0 + 128, 32, 0),
	gsSP2Triangles(0, 1, 2, 0, 0, 2, 3, 0),
	gsSP2Triangles(4, 5, 6, 0, 4, 6, 7, 0),
	gsSP2Triangles(8, 9, 10, 0, 8, 10, 11, 0),
	gsSP2Triangles(12, 13, 14, 0, 12, 14, 15, 0),
	gsSP2Triangles(16, 17, 18, 0, 16, 18, 19, 0),
	gsSP2Triangles(20, 21, 22, 0, 20, 22, 23, 0),
	gsSP2Triangles(24, 25, 26, 0, 24, 26, 27, 0),
	gsSP2Triangles(28, 29, 30, 0, 28, 30, 31, 0),
	gsSPVertex(rf_end_rf_end_mesh_layer_4_vtx_0 + 160, 32, 0),
	gsSP2Triangles(0, 1, 2, 0, 0, 2, 3, 0),
	gsSP2Triangles(4, 5, 6, 0, 4, 6, 7, 0),
	gsSP2Triangles(8, 9, 10, 0, 8, 10, 11, 0),
	gsSP2Triangles(12, 13, 14, 0, 12, 14, 15, 0),
	gsSP2Triangles(16, 17, 18, 0, 16, 18, 19, 0),
	gsSP2Triangles(20, 21, 22, 0, 20, 22, 23, 0),
	gsSP2Triangles(24, 25, 26, 0, 24, 26, 27, 0),
	gsSP2Triangles(28, 29, 30, 0, 28, 30, 31, 0),
	gsSPVertex(rf_end_rf_end_mesh_layer_4_vtx_0 + 192, 32, 0),
	gsSP2Triangles(0, 1, 2, 0, 0, 2, 3, 0),
	gsSP2Triangles(4, 5, 6, 0, 4, 6, 7, 0),
	gsSP2Triangles(8, 9, 10, 0, 8, 10, 11, 0),
	gsSP2Triangles(12, 13, 14, 0, 12, 14, 15, 0),
	gsSP2Triangles(16, 17, 18, 0, 16, 18, 19, 0),
	gsSP2Triangles(20, 21, 22, 0, 20, 22, 23, 0),
	gsSP2Triangles(24, 25, 26, 0, 24, 26, 27, 0),
	gsSP2Triangles(28, 29, 30, 0, 28, 30, 31, 0),
	gsSPVertex(rf_end_rf_end_mesh_layer_4_vtx_0 + 224, 16, 0),
	gsSP2Triangles(0, 1, 2, 0, 0, 2, 3, 0),
	gsSP2Triangles(4, 5, 6, 0, 4, 6, 7, 0),
	gsSP2Triangles(8, 9, 10, 0, 8, 10, 11, 0),
	gsSP2Triangles(12, 13, 14, 0, 12, 14, 15, 0),
	gsSPEndDisplayList(),
};

Vtx rf_end_rf_end_mesh_layer_5_vtx_0[24] = {
	{{ {-4014, 47, 910}, 0, {-16, 496}, {127, 0, 0, 255} }},
	{{ {-4014, 47, 630}, 0, {496, 496}, {127, 0, 0, 255} }},
	{{ {-4014, 327, 630}, 0, {496, -16}, {127, 0, 0, 255} }},
	{{ {-4014, 327, 910}, 0, {-16, -16}, {127, 0, 0, 255} }},
	{{ {-4086, 47, 910}, 0, {-16, 496}, {129, 0, 0, 255} }},
	{{ {-4086, 327, 910}, 0, {-16, -16}, {129, 0, 0, 255} }},
	{{ {-4086, 327, 630}, 0, {496, -16}, {129, 0, 0, 255} }},
	{{ {-4086, 47, 630}, 0, {496, 496}, {129, 0, 0, 255} }},
	{{ {-4086, 1727, -83}, 0, {-16, 496}, {129, 0, 0, 255} }},
	{{ {-4086, 1727, -363}, 0, {-16, -16}, {129, 0, 0, 255} }},
	{{ {-4086, 1447, -363}, 0, {496, -16}, {129, 0, 0, 255} }},
	{{ {-4086, 1447, -83}, 0, {496, 496}, {129, 0, 0, 255} }},
	{{ {-4014, 1727, -83}, 0, {-16, 496}, {127, 0, 0, 255} }},
	{{ {-4014, 1447, -83}, 0, {496, 496}, {127, 0, 0, 255} }},
	{{ {-4014, 1447, -363}, 0, {496, -16}, {127, 0, 0, 255} }},
	{{ {-4014, 1727, -363}, 0, {-16, -16}, {127, 0, 0, 255} }},
	{{ {-4086, 363, -901}, 0, {-16, 496}, {129, 0, 0, 255} }},
	{{ {-4086, 83, -901}, 0, {-16, -16}, {129, 0, 0, 255} }},
	{{ {-4086, 83, -622}, 0, {496, -16}, {129, 0, 0, 255} }},
	{{ {-4086, 363, -622}, 0, {496, 496}, {129, 0, 0, 255} }},
	{{ {-4014, 363, -901}, 0, {-16, 496}, {127, 0, 0, 255} }},
	{{ {-4014, 363, -622}, 0, {496, 496}, {127, 0, 0, 255} }},
	{{ {-4014, 83, -622}, 0, {496, -16}, {127, 0, 0, 255} }},
	{{ {-4014, 83, -901}, 0, {-16, -16}, {127, 0, 0, 255} }},
};

Gfx rf_end_rf_end_mesh_layer_5_tri_0[] = {
	gsSPVertex(rf_end_rf_end_mesh_layer_5_vtx_0 + 0, 24, 0),
	gsSP2Triangles(0, 1, 2, 0, 0, 2, 3, 0),
	gsSP2Triangles(4, 5, 6, 0, 4, 6, 7, 0),
	gsSP2Triangles(8, 9, 10, 0, 8, 10, 11, 0),
	gsSP2Triangles(12, 13, 14, 0, 12, 14, 15, 0),
	gsSP2Triangles(16, 17, 18, 0, 16, 18, 19, 0),
	gsSP2Triangles(20, 21, 22, 0, 20, 22, 23, 0),
	gsSPEndDisplayList(),
};


Gfx mat_rf_end_lunaticImitator[] = {
	gsSPLightColor(LIGHT_1, 0xFFDCEAFF),
	gsSPLightColor(LIGHT_2, 0x7F6D75FF),
	gsDPPipeSync(),
	gsDPSetCombineLERP(TEXEL0, 0, SHADE, 0, 0, 0, 0, ENVIRONMENT, TEXEL0, 0, SHADE, 0, 0, 0, 0, ENVIRONMENT),
	gsDPSetAlphaDither(G_AD_NOISE),
	gsSPTexture(65535, 65535, 0, 0, 1),
	gsDPSetTextureImage(G_IM_FMT_I, G_IM_SIZ_8b_LOAD_BLOCK, 1, rf_end_lunaticimitatorsymbol_i8),
	gsDPSetTile(G_IM_FMT_I, G_IM_SIZ_8b_LOAD_BLOCK, 0, 0, 7, 0, G_TX_WRAP | G_TX_NOMIRROR, 0, 0, G_TX_WRAP | G_TX_NOMIRROR, 0, 0),
	gsDPLoadBlock(7, 0, 0, 2047, 256),
	gsDPSetTile(G_IM_FMT_I, G_IM_SIZ_8b, 8, 0, 0, 0, G_TX_WRAP | G_TX_NOMIRROR, 6, 0, G_TX_WRAP | G_TX_NOMIRROR, 6, 0),
	gsDPSetTileSize(0, 0, 0, 252, 252),
	gsSPEndDisplayList(),
};

Gfx mat_revert_rf_end_lunaticImitator[] = {
	gsDPPipeSync(),
	gsDPSetAlphaDither(G_AD_DISABLE),
	gsSPEndDisplayList(),
};

Gfx mat_rf_end_bc_path[] = {
	gsSPLightColor(LIGHT_1, 0xFFFFFFFF),
	gsSPLightColor(LIGHT_2, 0x7F7F7FFF),
	gsDPPipeSync(),
	gsDPSetCombineLERP(TEXEL0, 0, SHADE, 0, 0, 0, 0, ENVIRONMENT, TEXEL0, 0, SHADE, 0, 0, 0, 0, ENVIRONMENT),
	gsDPSetAlphaDither(G_AD_NOISE),
	gsDPSetTextureLUT(G_TT_RGBA16),
	gsSPTexture(65535, 65535, 0, 0, 1),
	gsDPSetTextureImage(G_IM_FMT_RGBA, G_IM_SIZ_16b, 1, rf_end_final_path_pal_rgba16),
	gsDPSetTile(0, 0, 0, 256, 5, 0, G_TX_WRAP | G_TX_NOMIRROR, 0, 0, G_TX_WRAP | G_TX_NOMIRROR, 0, 0),
	gsDPLoadTLUTCmd(5, 149),
	gsDPSetTextureImage(G_IM_FMT_CI, G_IM_SIZ_8b_LOAD_BLOCK, 1, rf_end_final_path_ci8),
	gsDPSetTile(G_IM_FMT_CI, G_IM_SIZ_8b_LOAD_BLOCK, 0, 0, 7, 0, G_TX_WRAP | G_TX_NOMIRROR, 0, 0, G_TX_WRAP | G_TX_NOMIRROR, 0, 0),
	gsDPLoadBlock(7, 0, 0, 511, 512),
	gsDPSetTile(G_IM_FMT_CI, G_IM_SIZ_8b, 4, 0, 0, 0, G_TX_WRAP | G_TX_NOMIRROR, 5, 0, G_TX_WRAP | G_TX_NOMIRROR, 5, 0),
	gsDPSetTileSize(0, 0, 0, 124, 124),
	gsSPEndDisplayList(),
};

Gfx mat_revert_rf_end_bc_path[] = {
	gsDPPipeSync(),
	gsDPSetAlphaDither(G_AD_DISABLE),
	gsDPSetTextureLUT(G_TT_NONE),
	gsSPEndDisplayList(),
};

Gfx mat_rf_end_conc[] = {
	gsSPLightColor(LIGHT_1, 0xFFE1E9FF),
	gsSPLightColor(LIGHT_2, 0x7F7074FF),
	gsDPPipeSync(),
	gsDPSetCombineLERP(TEXEL0, 0, SHADE, 0, 0, 0, 0, ENVIRONMENT, TEXEL0, 0, SHADE, 0, 0, 0, 0, ENVIRONMENT),
	gsDPSetAlphaDither(G_AD_NOISE),
	gsSPTexture(65535, 65535, 0, 0, 1),
	gsDPSetTextureImage(G_IM_FMT_I, G_IM_SIZ_8b_LOAD_BLOCK, 1, rf_end_conc_i8),
	gsDPSetTile(G_IM_FMT_I, G_IM_SIZ_8b_LOAD_BLOCK, 0, 0, 7, 0, G_TX_WRAP | G_TX_NOMIRROR, 0, 0, G_TX_WRAP | G_TX_NOMIRROR, 0, 0),
	gsDPLoadBlock(7, 0, 0, 511, 512),
	gsDPSetTile(G_IM_FMT_I, G_IM_SIZ_8b, 4, 0, 0, 0, G_TX_WRAP | G_TX_NOMIRROR, 5, 0, G_TX_WRAP | G_TX_NOMIRROR, 5, 0),
	gsDPSetTileSize(0, 0, 0, 124, 124),
	gsSPEndDisplayList(),
};

Gfx mat_revert_rf_end_conc[] = {
	gsDPPipeSync(),
	gsDPSetAlphaDither(G_AD_DISABLE),
	gsSPEndDisplayList(),
};

Gfx mat_rf_end_f3dlite_material_003[] = {
	gsSPLightColor(LIGHT_1, 0xFFFFFFFF),
	gsSPLightColor(LIGHT_2, 0x7F7F7FFF),
	gsDPPipeSync(),
	gsDPSetCombineLERP(TEXEL0, 0, SHADE, 0, 0, 0, 0, ENVIRONMENT, TEXEL0, 0, SHADE, 0, 0, 0, 0, ENVIRONMENT),
	gsDPSetAlphaDither(G_AD_NOISE),
	gsDPSetTextureLUT(G_TT_RGBA16),
	gsSPTexture(65535, 65535, 0, 0, 1),
	gsDPSetTextureImage(G_IM_FMT_RGBA, G_IM_SIZ_16b, 1, rf_end_prophecy_pal_rgba16),
	gsDPSetTile(0, 0, 0, 256, 5, 0, G_TX_WRAP | G_TX_NOMIRROR, 0, 0, G_TX_WRAP | G_TX_NOMIRROR, 0, 0),
	gsDPLoadTLUTCmd(5, 80),
	gsDPSetTextureImage(G_IM_FMT_CI, G_IM_SIZ_8b_LOAD_BLOCK, 1, rf_end_prophecy_ci8),
	gsDPSetTile(G_IM_FMT_CI, G_IM_SIZ_8b_LOAD_BLOCK, 0, 0, 7, 0, G_TX_WRAP | G_TX_NOMIRROR, 0, 0, G_TX_WRAP | G_TX_NOMIRROR, 0, 0),
	gsDPLoadBlock(7, 0, 0, 1023, 512),
	gsDPSetTile(G_IM_FMT_CI, G_IM_SIZ_8b, 4, 0, 0, 0, G_TX_WRAP | G_TX_NOMIRROR, 6, 0, G_TX_WRAP | G_TX_NOMIRROR, 5, 0),
	gsDPSetTileSize(0, 0, 0, 124, 252),
	gsSPEndDisplayList(),
};

Gfx mat_revert_rf_end_f3dlite_material_003[] = {
	gsDPPipeSync(),
	gsDPSetAlphaDither(G_AD_DISABLE),
	gsDPSetTextureLUT(G_TT_NONE),
	gsSPEndDisplayList(),
};

Gfx mat_rf_end_f3dlite_material_004[] = {
	gsSPLightColor(LIGHT_1, 0xFFFFFFFF),
	gsSPLightColor(LIGHT_2, 0x7F7F7FFF),
	gsDPPipeSync(),
	gsDPSetCombineLERP(TEXEL0, 0, SHADE, 0, 0, 0, 0, ENVIRONMENT, TEXEL0, 0, SHADE, 0, 0, 0, 0, ENVIRONMENT),
	gsDPSetAlphaDither(G_AD_NOISE),
	gsDPSetTextureLUT(G_TT_RGBA16),
	gsSPTexture(65535, 65535, 0, 0, 1),
	gsDPSetTextureImage(G_IM_FMT_RGBA, G_IM_SIZ_16b, 1, rf_end_prophecy2_pal_rgba16),
	gsDPSetTile(0, 0, 0, 256, 5, 0, G_TX_WRAP | G_TX_NOMIRROR, 0, 0, G_TX_WRAP | G_TX_NOMIRROR, 0, 0),
	gsDPLoadTLUTCmd(5, 80),
	gsDPSetTextureImage(G_IM_FMT_CI, G_IM_SIZ_8b_LOAD_BLOCK, 1, rf_end_prophecy2_ci8),
	gsDPSetTile(G_IM_FMT_CI, G_IM_SIZ_8b_LOAD_BLOCK, 0, 0, 7, 0, G_TX_WRAP | G_TX_NOMIRROR, 0, 0, G_TX_WRAP | G_TX_NOMIRROR, 0, 0),
	gsDPLoadBlock(7, 0, 0, 1023, 512),
	gsDPSetTile(G_IM_FMT_CI, G_IM_SIZ_8b, 4, 0, 0, 0, G_TX_WRAP | G_TX_NOMIRROR, 6, 0, G_TX_WRAP | G_TX_NOMIRROR, 5, 0),
	gsDPSetTileSize(0, 0, 0, 124, 252),
	gsSPEndDisplayList(),
};

Gfx mat_revert_rf_end_f3dlite_material_004[] = {
	gsDPPipeSync(),
	gsDPSetAlphaDither(G_AD_DISABLE),
	gsDPSetTextureLUT(G_TT_NONE),
	gsSPEndDisplayList(),
};

Gfx mat_rf_end_f3dlite_material_005[] = {
	gsSPLightColor(LIGHT_1, 0xFFFFFFFF),
	gsSPLightColor(LIGHT_2, 0x7F7F7FFF),
	gsDPPipeSync(),
	gsDPSetCombineLERP(TEXEL0, 0, SHADE, 0, 0, 0, 0, ENVIRONMENT, TEXEL0, 0, SHADE, 0, 0, 0, 0, ENVIRONMENT),
	gsDPSetAlphaDither(G_AD_NOISE),
	gsDPSetTextureLUT(G_TT_RGBA16),
	gsSPTexture(65535, 65535, 0, 0, 1),
	gsDPSetTextureImage(G_IM_FMT_RGBA, G_IM_SIZ_16b, 1, rf_end_prophecy3_pal_rgba16),
	gsDPSetTile(0, 0, 0, 256, 5, 0, G_TX_WRAP | G_TX_NOMIRROR, 0, 0, G_TX_WRAP | G_TX_NOMIRROR, 0, 0),
	gsDPLoadTLUTCmd(5, 83),
	gsDPSetTextureImage(G_IM_FMT_CI, G_IM_SIZ_8b_LOAD_BLOCK, 1, rf_end_prophecy3_ci8),
	gsDPSetTile(G_IM_FMT_CI, G_IM_SIZ_8b_LOAD_BLOCK, 0, 0, 7, 0, G_TX_WRAP | G_TX_NOMIRROR, 0, 0, G_TX_WRAP | G_TX_NOMIRROR, 0, 0),
	gsDPLoadBlock(7, 0, 0, 1023, 512),
	gsDPSetTile(G_IM_FMT_CI, G_IM_SIZ_8b, 4, 0, 0, 0, G_TX_WRAP | G_TX_NOMIRROR, 6, 0, G_TX_WRAP | G_TX_NOMIRROR, 5, 0),
	gsDPSetTileSize(0, 0, 0, 124, 252),
	gsSPEndDisplayList(),
};

Gfx mat_revert_rf_end_f3dlite_material_005[] = {
	gsDPPipeSync(),
	gsDPSetAlphaDither(G_AD_DISABLE),
	gsDPSetTextureLUT(G_TT_NONE),
	gsSPEndDisplayList(),
};

Gfx mat_rf_end_bzzt[] = {
	gsSPClearGeometryMode(G_LIGHTING),
	gsDPPipeSync(),
	gsDPSetCombineLERP(TEXEL0, 0, SHADE, 0, ENVIRONMENT, 0, SHADE, 0, TEXEL0, 0, SHADE, 0, ENVIRONMENT, 0, SHADE, 0),
	gsDPSetAlphaDither(G_AD_NOISE),
	gsSPTexture(65535, 65535, 0, 0, 1),
	gsDPSetTextureImage(G_IM_FMT_I, G_IM_SIZ_8b, 2, rf_end_bzzt_i8),
	gsDPSetTile(G_IM_FMT_I, G_IM_SIZ_8b, 1, 0, 7, 0, G_TX_WRAP | G_TX_NOMIRROR, 0, 0, G_TX_WRAP | G_TX_NOMIRROR, 0, 0),
	gsDPLoadTile(7, 0, 0, 4, 252),
	gsDPSetTile(G_IM_FMT_I, G_IM_SIZ_8b, 1, 0, 0, 0, G_TX_WRAP | G_TX_NOMIRROR, 6, 0, G_TX_WRAP | G_TX_NOMIRROR, 1, 0),
	gsDPSetTileSize(0, 0, 0, 4, 252),
	gsSPEndDisplayList(),
};

Gfx mat_revert_rf_end_bzzt[] = {
	gsSPSetGeometryMode(G_LIGHTING),
	gsDPPipeSync(),
	gsDPSetAlphaDither(G_AD_DISABLE),
	gsSPEndDisplayList(),
};

Gfx mat_rf_end_module[] = {
	gsDPPipeSync(),
	gsDPSetCombineLERP(ENVIRONMENT, 0, TEXEL0, 0, 0, 0, 0, TEXEL0, ENVIRONMENT, 0, TEXEL0, 0, 0, 0, 0, TEXEL0),
	gsDPSetAlphaDither(G_AD_NOISE),
	gsSPTexture(65535, 65535, 0, 0, 1),
	gsDPSetEnvColor(81, 126, 255, 255),
	gsDPSetTextureImage(G_IM_FMT_IA, G_IM_SIZ_8b_LOAD_BLOCK, 1, rf_end_piece_ia8),
	gsDPSetTile(G_IM_FMT_IA, G_IM_SIZ_8b_LOAD_BLOCK, 0, 0, 7, 0, G_TX_WRAP | G_TX_NOMIRROR, 0, 0, G_TX_WRAP | G_TX_NOMIRROR, 0, 0),
	gsDPLoadBlock(7, 0, 0, 511, 512),
	gsDPSetTile(G_IM_FMT_IA, G_IM_SIZ_8b, 4, 0, 0, 0, G_TX_CLAMP | G_TX_NOMIRROR, 5, 0, G_TX_CLAMP | G_TX_NOMIRROR, 5, 0),
	gsDPSetTileSize(0, 0, 0, 124, 124),
	gsSPEndDisplayList(),
};

Gfx mat_revert_rf_end_module[] = {
	gsDPPipeSync(),
	gsDPSetAlphaDither(G_AD_DISABLE),
	gsSPEndDisplayList(),
};

Gfx mat_rf_end_icon_001[] = {
	gsDPPipeSync(),
	gsDPSetCombineLERP(0, 0, 0, TEXEL0, 0, 0, 0, TEXEL0, 0, 0, 0, TEXEL0, 0, 0, 0, TEXEL0),
	gsDPSetAlphaDither(G_AD_NOISE),
	gsSPTexture(65535, 65535, 0, 0, 1),
	gsDPSetTextureImage(G_IM_FMT_IA, G_IM_SIZ_8b_LOAD_BLOCK, 1, rf_end_swapule_ia8),
	gsDPSetTile(G_IM_FMT_IA, G_IM_SIZ_8b_LOAD_BLOCK, 0, 0, 7, 0, G_TX_WRAP | G_TX_NOMIRROR, 0, 0, G_TX_WRAP | G_TX_NOMIRROR, 0, 0),
	gsDPLoadBlock(7, 0, 0, 127, 1024),
	gsDPSetTile(G_IM_FMT_IA, G_IM_SIZ_8b, 2, 0, 0, 0, G_TX_CLAMP | G_TX_NOMIRROR, 4, 0, G_TX_CLAMP | G_TX_NOMIRROR, 4, 0),
	gsDPSetTileSize(0, 0, 0, 60, 60),
	gsSPEndDisplayList(),
};

Gfx mat_revert_rf_end_icon_001[] = {
	gsDPPipeSync(),
	gsDPSetAlphaDither(G_AD_DISABLE),
	gsSPEndDisplayList(),
};

Gfx mat_rf_end_metal_001[] = {
	gsSPLightColor(LIGHT_1, 0xFFFFFFFF),
	gsSPLightColor(LIGHT_2, 0x7F7F7FFF),
	gsDPPipeSync(),
	gsDPSetCombineLERP(TEXEL0, 0, SHADE, 0, 0, 0, 0, ENVIRONMENT, TEXEL0, 0, SHADE, 0, 0, 0, 0, ENVIRONMENT),
	gsDPSetAlphaDither(G_AD_NOISE),
	gsSPTexture(65535, 65535, 0, 0, 1),
	gsDPSetTextureImage(G_IM_FMT_I, G_IM_SIZ_8b_LOAD_BLOCK, 1, rf_end_MetalX_i8),
	gsDPSetTile(G_IM_FMT_I, G_IM_SIZ_8b_LOAD_BLOCK, 0, 0, 7, 0, G_TX_WRAP | G_TX_NOMIRROR, 0, 0, G_TX_WRAP | G_TX_NOMIRROR, 0, 0),
	gsDPLoadBlock(7, 0, 0, 511, 512),
	gsDPSetTile(G_IM_FMT_I, G_IM_SIZ_8b, 4, 0, 0, 0, G_TX_WRAP | G_TX_NOMIRROR, 5, 0, G_TX_WRAP | G_TX_NOMIRROR, 5, 0),
	gsDPSetTileSize(0, 0, 0, 124, 124),
	gsSPEndDisplayList(),
};

Gfx mat_revert_rf_end_metal_001[] = {
	gsDPPipeSync(),
	gsDPSetAlphaDither(G_AD_DISABLE),
	gsSPEndDisplayList(),
};

Gfx rf_end_rf_end_mesh_layer_1[] = {
	gsSPDisplayList(mat_rf_end_lunaticImitator),
	gsSPDisplayList(rf_end_rf_end_mesh_layer_1_tri_0),
	gsSPDisplayList(mat_revert_rf_end_lunaticImitator),
	gsSPDisplayList(mat_rf_end_bc_path),
	gsSPDisplayList(rf_end_rf_end_mesh_layer_1_tri_1),
	gsSPDisplayList(mat_revert_rf_end_bc_path),
	gsSPDisplayList(mat_rf_end_conc),
	gsSPDisplayList(rf_end_rf_end_mesh_layer_1_tri_2),
	gsSPDisplayList(mat_revert_rf_end_conc),
	gsSPDisplayList(mat_rf_end_f3dlite_material_003),
	gsSPDisplayList(rf_end_rf_end_mesh_layer_1_tri_3),
	gsSPDisplayList(mat_revert_rf_end_f3dlite_material_003),
	gsSPDisplayList(mat_rf_end_f3dlite_material_004),
	gsSPDisplayList(rf_end_rf_end_mesh_layer_1_tri_4),
	gsSPDisplayList(mat_revert_rf_end_f3dlite_material_004),
	gsSPDisplayList(mat_rf_end_f3dlite_material_005),
	gsSPDisplayList(rf_end_rf_end_mesh_layer_1_tri_5),
	gsSPDisplayList(mat_revert_rf_end_f3dlite_material_005),
	gsSPDisplayList(mat_rf_end_bzzt),
	gsSPDisplayList(rf_end_rf_end_mesh_layer_1_tri_6),
	gsSPDisplayList(mat_revert_rf_end_bzzt),
	gsSPDisplayList(mat_rf_end_metal_001),
	gsSPDisplayList(rf_end_rf_end_mesh_layer_1_tri_7),
	gsSPDisplayList(mat_revert_rf_end_metal_001),
	gsDPPipeSync(),
	gsSPSetGeometryMode(G_LIGHTING),
	gsSPClearGeometryMode(G_TEXTURE_GEN),
	gsDPSetCombineLERP(0, 0, 0, SHADE, 0, 0, 0, ENVIRONMENT, 0, 0, 0, SHADE, 0, 0, 0, ENVIRONMENT),
	gsSPTexture(65535, 65535, 0, 0, 0),
	gsDPSetEnvColor(255, 255, 255, 255),
	gsDPSetAlphaCompare(G_AC_NONE),
	gsSPEndDisplayList(),
};

Gfx rf_end_rf_end_mesh_layer_4[] = {
	gsSPDisplayList(mat_rf_end_module),
	gsSPDisplayList(rf_end_rf_end_mesh_layer_4_tri_0),
	gsSPDisplayList(mat_revert_rf_end_module),
	gsDPPipeSync(),
	gsSPSetGeometryMode(G_LIGHTING),
	gsSPClearGeometryMode(G_TEXTURE_GEN),
	gsDPSetCombineLERP(0, 0, 0, SHADE, 0, 0, 0, ENVIRONMENT, 0, 0, 0, SHADE, 0, 0, 0, ENVIRONMENT),
	gsSPTexture(65535, 65535, 0, 0, 0),
	gsDPSetEnvColor(255, 255, 255, 255),
	gsDPSetAlphaCompare(G_AC_NONE),
	gsSPEndDisplayList(),
};

Gfx rf_end_rf_end_mesh_layer_5[] = {
	gsSPDisplayList(mat_rf_end_icon_001),
	gsSPDisplayList(rf_end_rf_end_mesh_layer_5_tri_0),
	gsSPDisplayList(mat_revert_rf_end_icon_001),
	gsDPPipeSync(),
	gsSPSetGeometryMode(G_LIGHTING),
	gsSPClearGeometryMode(G_TEXTURE_GEN),
	gsDPSetCombineLERP(0, 0, 0, SHADE, 0, 0, 0, ENVIRONMENT, 0, 0, 0, SHADE, 0, 0, 0, ENVIRONMENT),
	gsSPTexture(65535, 65535, 0, 0, 0),
	gsDPSetEnvColor(255, 255, 255, 255),
	gsDPSetAlphaCompare(G_AC_NONE),
	gsSPEndDisplayList(),
};

