Gfx rsilverpillar_fakeskybox_ci8_aligner[] = {gsSPEndDisplayList()};
u8 rsilverpillar_fakeskybox_ci8[] = {
	0x00, 0x00, 0x00, 0x00, 0x00, 0x00, 0x00, 0x00, 
	0x00, 0x00, 0x00, 0x00, 0x00, 0x00, 0x00, 0x00, 
	0x00, 0x00, 0x00, 0x00, 0x00, 0x00, 0x00, 0x00, 
	0x00, 0x00, 0x00, 0x00, 0x00, 0x00, 0x00, 0x00, 
	0x01, 0x01, 0x00, 0x00, 0x00, 0x00, 0x00, 0x00, 
	0x00, 0x00, 0x00, 0x00, 0x00, 0x00, 0x00, 0x00, 
	0x00, 0x00, 0x00, 0x00, 0x00, 0x00, 0x00, 0x00, 
	0x00, 0x00, 0x00, 0x00, 0x00, 0x00, 0x00, 0x01, 
	0x01, 0x01, 0x01, 0x01, 0x01, 0x01, 0x01, 0x01, 
	0x01, 0x01, 0x01, 0x01, 0x01, 0x01, 0x01, 0x01, 
	0x01, 0x01, 0x01, 0x01, 0x00, 0x01, 0x00, 0x01, 
	0x01, 0x01, 0x01, 0x01, 0x01, 0x01, 0x01, 0x01, 
	0x01, 0x01, 0x01, 0x01, 0x01, 0x01, 0x01, 0x01, 
	0x01, 0x01, 0x01, 0x01, 0x01, 0x01, 0x01, 0x01, 
	0x01, 0x01, 0x01, 0x01, 0x01, 0x01, 0x01, 0x01, 
	0x01, 0x01, 0x01, 0x01, 0x01, 0x01, 0x01, 0x01, 
	0x01, 0x01, 0x01, 0x01, 0x01, 0x01, 0x01, 0x01, 
	0x01, 0x01, 0x01, 0x01, 0x01, 0x01, 0x01, 0x01, 
	0x01, 0x01, 0x01, 0x01, 0x01, 0x01, 0x01, 0x01, 
	0x01, 0x01, 0x01, 0x01, 0x01, 0x01, 0x01, 0x01, 
	0x01, 0x01, 0x01, 0x01, 0x01, 0x01, 0x01, 0x01, 
	0x01, 0x01, 0x01, 0x01, 0x02, 0x02, 0x01, 0x01, 
	0x01, 0x01, 0x01, 0x01, 0x01, 0x01, 0x01, 0x01, 
	0x01, 0x01, 0x01, 0x01, 0x01, 0x01, 0x01, 0x01, 
	0x01, 0x01, 0x01, 0x01, 0x01, 0x01, 0x01, 0x01, 
	0x01, 0x02, 0x03, 0x04, 0x05, 0x06, 0x07, 0x08, 
	0x01, 0x01, 0x01, 0x01, 0x01, 0x01, 0x01, 0x01, 
	0x01, 0x01, 0x01, 0x01, 0x01, 0x01, 0x01, 0x01, 
	0x01, 0x01, 0x01, 0x02, 0x09, 0x01, 0x01, 0x01, 
	0x01, 0x09, 0x0a, 0x0b, 0x0c, 0x0d, 0x0e, 0x0f, 
	0x07, 0x10, 0x01, 0x01, 0x01, 0x01, 0x01, 0x01, 
	0x01, 0x01, 0x01, 0x01, 0x01, 0x01, 0x01, 0x01, 
	0x11, 0x07, 0x12, 0x13, 0x14, 0x15, 0x09, 0x02, 
	0x16, 0x17, 0x18, 0x19, 0x19, 0x19, 0x1a, 0x1b, 
	0x1c, 0x03, 0x01, 0x01, 0x01, 0x01, 0x01, 0x01, 
	0x01, 0x01, 0x01, 0x01, 0x1d, 0x1d, 0x01, 0x1d, 
	0x1e, 0x1f, 0x19, 0x0c, 0x20, 0x21, 0x22, 0x23, 
	0x24, 0x19, 0x19, 0x19, 0x19, 0x19, 0x0d, 0x25, 
	0x26, 0x27, 0x02, 0x01, 0x01, 0x01, 0x01, 0x01, 
	0x1d, 0x01, 0x1d, 0x1d, 0x1d, 0x1d, 0x01, 0x02, 
	0x04, 0x20, 0x0c, 0x19, 0x19, 0x19, 0x19, 0x19, 
	0x19, 0x19, 0x0d, 0x0d, 0x19, 0x0d, 0x25, 0x28, 
	0x20, 0x13, 0x11, 0x1d, 0x01, 0x01, 0x01, 0x1d, 
	0x1d, 0x1d, 0x1d, 0x1d, 0x1d, 0x1d, 0x01, 0x1d, 
	0x29, 0x2a, 0x2b, 0x0c, 0x19, 0x19, 0x19, 0x19, 
	0x19, 0x0d, 0x0c, 0x25, 0x0c, 0x25, 0x25, 0x28, 
	0x2c, 0x1e, 0x29, 0x1d, 0x1d, 0x1d, 0x1d, 0x1d, 
	0x1d, 0x1d, 0x1d, 0x1d, 0x1d, 0x1d, 0x2d, 0x09, 
	0x2e, 0x2f, 0x0c, 0x19, 0x19, 0x19, 0x19, 0x19, 
	0x19, 0x19, 0x0c, 0x25, 0x0c, 0x0c, 0x0c, 0x25, 
	0x30, 0x31, 0x1d, 0x1d, 0x1d, 0x1d, 0x1d, 0x1d, 
	0x09, 0x32, 0x33, 0x16, 0x29, 0x16, 0x22, 0x06, 
	0x19, 0x19, 0x19, 0x19, 0x19, 0x19, 0x19, 0x19, 
	0x0c, 0x0c, 0x25, 0x25, 0x0c, 0x0c, 0x25, 0x0b, 
	0x2e, 0x11, 0x1d, 0x1d, 0x1d, 0x1d, 0x1d, 0x02, 
	0x2e, 0x1f, 0x19, 0x34, 0x0a, 0x35, 0x19, 0x19, 
	0x19, 0x19, 0x19, 0x19, 0x19, 0x19, 0x19, 0x0c, 
	0x28, 0x28, 0x28, 0x28, 0x25, 0x0c, 0x25, 0x21, 
	0x09, 0x1d, 0x1d, 0x1d, 0x1d, 0x1d, 0x1d, 0x1d, 
	0x36, 0x20, 0x0d, 0x19, 0x19, 0x19, 0x19, 0x19, 
	0x19, 0x0d, 0x0d, 0x0d, 0x0d, 0x19, 0x0d, 0x25, 
	0x28, 0x28, 0x28, 0x28, 0x25, 0x25, 0x28, 0x2c, 
	0x1d, 0x1d, 0x1d, 0x1d, 0x1d, 0x1d, 0x1d, 0x1d, 
	0x37, 0x38, 0x2b, 0x0c, 0x19, 0x19, 0x19, 0x19, 
	0x0d, 0x0c, 0x25, 0x25, 0x25, 0x0c, 0x25, 0x25, 
	0x28, 0x28, 0x28, 0x28, 0x2b, 0x2b, 0x39, 0x3a, 
	0x1d, 0x1d, 0x1d, 0x1d, 0x1d, 0x1d, 0x1d, 0x1d, 
	0x11, 0x3b, 0x28, 0x25, 0x0c, 0x0c, 0x0c, 0x0d, 
	0x25, 0x25, 0x28, 0x28, 0x25, 0x0c, 0x0c, 0x0c, 
	0x28, 0x2b, 0x2b, 0x3c, 0x39, 0x3d, 0x3a, 0x3e, 
	0x1d, 0x1d, 0x1d, 0x1d, 0x1d, 0x1d, 0x1d, 0x1d, 
	0x1d, 0x3f, 0x40, 0x0d, 0x0d, 0x19, 0x0d, 0x0c, 
	0x28, 0x28, 0x28, 0x28, 0x25, 0x0c, 0x0c, 0x25, 
	0x2b, 0x3c, 0x3c, 0x3c, 0x41, 0x3d, 0x38, 0x42, 
	0x1d, 0x43, 0x43, 0x1d, 0x1d, 0x1d, 0x1d, 0x1d, 
	0x1d, 0x44, 0x2a, 0x25, 0x19, 0x19, 0x19, 0x0c, 
	0x0c, 0x0c, 0x28, 0x28, 0x28, 0x0c, 0x25, 0x2b, 
	0x39, 0x3d, 0x41, 0x3d, 0x45, 0x3d, 0x46, 0x47, 
	0x43, 0x43, 0x43, 0x43, 0x43, 0x43, 0x43, 0x43, 
	0x43, 0x1d, 0x48, 0x49, 0x25, 0x0d, 0x19, 0x0d, 
	0x25, 0x28, 0x3d, 0x4a, 0x3d, 0x28, 0x25, 0x28, 
	0x3c, 0x3a, 0x3a, 0x3e, 0x46, 0x4b, 0x3f, 0x43, 
	0x43, 0x43, 0x43, 0x43, 0x43, 0x43, 0x43, 0x43, 
	0x43, 0x43, 0x29, 0x4c, 0x4d, 0x30, 0x25, 0x0c, 
	0x39, 0x3c, 0x3d, 0x4e, 0x4b, 0x3d, 0x25, 0x0d, 
	0x0c, 0x28, 0x28, 0x20, 0x4f, 0x46, 0x47, 0x43, 
	0x43, 0x43, 0x43, 0x43, 0x43, 0x43, 0x43, 0x43, 
	0x43, 0x43, 0x43, 0x43, 0x43, 0x50, 0x4d, 0x3a, 
	0x46, 0x2b, 0x28, 0x3a, 0x46, 0x4a, 0x3e, 0x49, 
	0x3a, 0x3c, 0x4f, 0x2b, 0x25, 0x4f, 0x51, 0x43, 
	0x43, 0x43, 0x43, 0x43, 0x43, 0x43, 0x43, 0x43, 
	0x43, 0x43, 0x43, 0x43, 0x43, 0x43, 0x44, 0x50, 
	0x48, 0x4b, 0x38, 0x4e, 0x50, 0x48, 0x52, 0x47, 
	0x53, 0x4e, 0x42, 0x46, 0x45, 0x46, 0x4c, 0x54, 
	0x43, 0x43, 0x43, 0x43, 0x43, 0x43, 0x43, 0x43, 
	0x43, 0x43, 0x43, 0x43, 0x43, 0x43, 0x43, 0x43, 
	0x43, 0x44, 0x48, 0x48, 0x43, 0x43, 0x43, 0x43, 
	0x54, 0x47, 0x55, 0x48, 0x53, 0x56, 0x54, 0x43, 
	0x43, 0x43, 0x43, 0x43, 0x43, 0x43, 0x43, 0x43, 
	0x43, 0x43, 0x43, 0x43, 0x43, 0x43, 0x43, 0x43, 
	0x43, 0x43, 0x43, 0x43, 0x43, 0x43, 0x43, 0x43, 
	0x43, 0x43, 0x43, 0x43, 0x43, 0x43, 0x43, 0x54, 
	0x43, 0x43, 0x43, 0x43, 0x43, 0x43, 0x43, 0x43, 
	0x43, 0x43, 0x43, 0x43, 0x43, 0x43, 0x43, 0x43, 
	0x54, 0x43, 0x43, 0x43, 0x43, 0x43, 0x43, 0x43, 
	0x43, 0x43, 0x43, 0x43, 0x54, 0x54, 0x54, 0x54, 
	0x43, 0x43, 0x43, 0x43, 0x43, 0x54, 0x54, 0x54, 
	0x43, 0x54, 0x43, 0x43, 0x43, 0x43, 0x43, 0x43, 
	0x54, 0x54, 0x43, 0x43, 0x43, 0x43, 0x43, 0x43, 
	0x54, 0x54, 0x54, 0x54, 0x54, 0x54, 0x54, 0x54, 
	0x54, 0x43, 0x54, 0x43, 0x54, 0x54, 0x54, 0x54, 
	0x54, 0x54, 0x54, 0x43, 0x43, 0x54, 0x54, 0x54, 
	0x54, 0x54, 0x54, 0x54, 0x54, 0x54, 0x54, 0x54, 
	0x54, 0x54, 0x54, 0x54, 0x54, 0x54, 0x54, 0x54, 
	0x54, 0x54, 0x54, 0x54, 0x54, 0x54, 0x54, 0x54, 
	0x54, 0x54, 0x54, 0x54, 0x54, 0x54, 0x54, 0x54, 
	0x54, 0x54, 0x54, 0x54, 0x54, 0x54, 0x54, 0x54, 
	0x54, 0x54, 0x54, 0x54, 0x54, 0x54, 0x54, 0x54, 
	0x54, 0x54, 0x54, 0x54, 0x54, 0x54, 0x54, 0x54, 
	0x54, 0x54, 0x54, 0x54, 0x54, 0x54, 0x54, 0x54, 
	0x54, 0x54, 0x54, 0x54, 0x54, 0x54, 0x54, 0x54, 
	0x54, 0x54, 0x54, 0x54, 0x54, 0x54, 0x54, 0x54, 
	0x54, 0x54, 0x54, 0x54, 0x54, 0x54, 0x54, 0x54, 
	0x54, 0x54, 0x54, 0x54, 0x54, 0x54, 0x54, 0x54, 
	0x56, 0x3f, 0x3f, 0x47, 0x54, 0x54, 0x54, 0x54, 
	0x54, 0x54, 0x54, 0x54, 0x54, 0x54, 0x54, 0x54, 
	0x54, 0x54, 0x54, 0x54, 0x55, 0x55, 0x54, 0x54, 
	0x54, 0x54, 0x54, 0x54, 0x54, 0x47, 0x56, 0x55, 
	0x57, 0x2f, 0x30, 0x57, 0x48, 0x54, 0x54, 0x54, 
	0x54, 0x54, 0x54, 0x54, 0x54, 0x54, 0x54, 0x54, 
	0x54, 0x54, 0x54, 0x48, 0x58, 0x2e, 0x3f, 0x55, 
	0x54, 0x54, 0x54, 0x54, 0x48, 0x57, 0x05, 0x57, 
	0x18, 0x0d, 0x0c, 0x59, 0x51, 0x55, 0x54, 0x54, 
	0x54, 0x54, 0x54, 0x54, 0x54, 0x54, 0x54, 0x54, 
	0x54, 0x55, 0x54, 0x36, 0x35, 0x1b, 0x05, 0x48, 
	0x54, 0x54, 0x54, 0x54, 0x51, 0x21, 0x0d, 0x1b, 
	0x19, 0x0c, 0x28, 0x59, 0x5a, 0x55, 0x54, 0x54, 
	0x54, 0x54, 0x54, 0x54, 0x54, 0x54, 0x54, 0x55, 
	0x50, 0x36, 0x50, 0x57, 0x1b, 0x19, 0x21, 0x58, 
	0x56, 0x56, 0x55, 0x55, 0x2e, 0x1f, 0x19, 0x19, 
	0x0d, 0x25, 0x2b, 0x26, 0x14, 0x5b, 0x4c, 0x5c, 
	0x5d, 0x54, 0x5d, 0x54, 0x5d, 0x54, 0x55, 0x58, 
	0x17, 0x2c, 0x05, 0x17, 0x1f, 0x19, 0x0d, 0x2f, 
	0x05, 0x05, 0x58, 0x50, 0x5e, 0x1a, 0x19, 0x19, 
	0x0d, 0x0c, 0x25, 0x28, 0x20, 0x2c, 0x30, 0x14, 
	0x4c, 0x56, 0x5c, 0x5f, 0x5d, 0x5d, 0x50, 0x17, 
	0x0d, 0x0c, 0x1b, 0x1b, 0x0d, 0x19, 0x19, 0x19, 
	0x0d, 0x0d, 0x06, 0x51, 0x14, 0x1f, 0x19, 0x19, 
	0x19, 0x19, 0x0c, 0x0c, 0x0d, 0x0d, 0x0c, 0x0b, 
	0x17, 0x13, 0x2a, 0x57, 0x4c, 0x5f, 0x4c, 0x2f, 
	0x19, 0x0d, 0x0d, 0x0d, 0x19, 0x19, 0x19, 0x19, 
	0x19, 0x19, 0x2c, 0x14, 0x06, 0x0c, 0x19, 0x0d, 
	0x0d, 0x0d, 0x0d, 0x0d, 0x19, 0x0d, 0x0d, 0x0d, 
	0x0c, 0x0b, 0x2c, 0x2c, 0x3b, 0x51, 0x57, 0x2c, 
	0x0d, 0x0c, 0x0c, 0x0c, 0x0d, 0x0d, 0x0d, 0x0d, 
	0x19, 0x0d, 0x0b, 0x21, 0x1f, 0x19, 0x19, 0x0d, 
	0x0d, 0x0d, 0x19, 0x19, 0x19, 0x19, 0x19, 0x19, 
	0x0d, 0x25, 0x1b, 0x28, 0x20, 0x26, 0x21, 0x25, 
	0x25, 0x0c, 0x0c, 0x0d, 0x0c, 0x0d, 0x0d, 0x0d, 
	0x19, 0x19, 0x0d, 0x19, 0x19, 0x19, 0x19, 0x0d, 
	0x0d, 0x0d, 0x19, 0x19, 0x19, 0x19, 0x0d, 0x0c, 
	0x25, 0x28, 0x25, 0x28, 0x25, 0x0c, 0x0c, 0x25, 
	0x0b, 0x28, 0x25, 0x25, 0x0c, 0x0d, 0x19, 0x19, 
	0x19, 0x19, 0x19, 0x19, 0x19, 0x19, 0x19, 0x0d, 
	0x0d, 0x0c, 0x0c, 0x0c, 0x0c, 0x0c, 0x25, 0x25, 
	0x28, 0x28, 0x28, 0x28, 0x25, 0x0c, 0x25, 0x25, 
	0x28, 0x28, 0x28, 0x25, 0x25, 0x0d, 0x19, 0x19, 
	0x19, 0x19, 0x19, 0x19, 0x19, 0x19, 0x19, 0x0d, 
	0x0c, 0x25, 0x28, 0x28, 0x28, 0x25, 0x28, 0x28, 
	0x28, 0x25, 0x25, 0x25, 0x0c, 0x25, 0x25, 0x28, 
	0x25, 0x28, 0x25, 0x25, 0x25, 0x25, 0x0d, 0x19, 
	0x19, 0x19, 0x19, 0x19, 0x19, 0x19, 0x19, 0x0d, 
	0x25, 0x28, 0x28, 0x28, 0x28, 0x25, 0x28, 0x28, 
	0x28, 0x25, 0x28, 0x25, 0x25, 0x25, 0x28, 0x28, 
	0x28, 0x28, 0x25, 0x25, 0x28, 0x28, 0x0c, 0x0c, 
	0x0d, 0x19, 0x19, 0x19, 0x19, 0x19, 0x19, 0x0c, 
	0x25, 0x28, 0x28, 0x28, 0x25, 0x25, 0x0c, 0x25, 
	0x25, 0x25, 0x25, 0x25, 0x25, 0x25, 0x28, 0x25, 
	0x25, 0x25, 0x25, 0x25, 0x28, 0x25, 0x0c, 0x0c, 
	0x0c, 0x0d, 0x19, 0x19, 0x19, 0x19, 0x0d, 0x0c, 
	0x0c, 0x0c, 0x25, 0x25, 0x0c, 0x0c, 0x0c, 0x0c, 
	0x25, 0x25, 0x25, 0x25, 0x25, 0x25, 0x28, 0x25, 
	0x28, 0x25, 0x28, 0x25, 0x25, 0x0c, 0x0c, 0x0c, 
	0x0d, 0x0d, 0x0d, 0x0c, 0x0d, 0x19, 0x0d, 0x0c, 
	0x0d, 0x0d, 0x0d, 0x0c, 0x0d, 0x0d, 0x0d, 0x0c, 
	0x0c, 0x25, 0x25, 0x25, 0x25, 0x25, 0x28, 0x28, 
	0x28, 0x0b, 0x28, 0x25, 0x0c, 0x0c, 0x25, 0x25, 
	0x0c, 0x0c, 0x25, 0x25, 0x60, 0x61, 0x0d, 0x19, 
	0x0d, 0x0d, 0x0d, 0x0c, 0x0c, 0x0c, 0x0c, 0x25, 
	0x28, 0x28, 0x0b, 0x28, 0x0b, 0x28, 0x28, 0x28, 
	0x20, 0x20, 0x20, 0x28, 0x25, 0x25, 0x28, 0x28, 
	0x28, 0x28, 0x28, 0x62, 0x63, 0x64, 0x65, 0x60, 
	0x20, 0x28, 0x0b, 0x0b, 0x0b, 0x0b, 0x20, 0x40, 
	0x2c, 0x26, 0x26, 0x26, 0x26, 0x26, 0x26, 0x26, 
	0x26, 0x2c, 0x2c, 0x20, 0x20, 0x20, 0x20, 0x20, 
	0x20, 0x66, 0x67, 0x68, 0x69, 0x6a, 0x6b, 0x63, 
	0x6c, 0x26, 0x2c, 0x2c, 0x2c, 0x26, 0x30, 0x30, 
	0x30, 0x30, 0x49, 0x30, 0x49, 0x49, 0x49, 0x49, 
	0x30, 0x30, 0x30, 0x30, 0x30, 0x30, 0x30, 0x67, 
	0x6d, 0x6e, 0x6f, 0x70, 0x70, 0x69, 0x69, 0x69, 
	0x70, 0x71, 0x72, 0x72, 0x72, 0x3b, 0x3b, 0x72, 
	0x72, 0x72, 0x3b, 0x72, 0x3b, 0x05, 0x14, 0x3b, 
	0x14, 0x14, 0x14, 0x14, 0x14, 0x73, 0x74, 0x75, 
	0x76, 0x77, 0x77, 0x77, 0x75, 0x77, 0x77, 0x78, 
	0x79, 0x7a, 0x7b, 0x7c, 0x5a, 0x7d, 0x7d, 0x5a, 
	0x42, 0x4d, 0x42, 0x4d, 0x4d, 0x5a, 0x7d, 0x7d, 
	0x4c, 0x7e, 0x7f, 0x80, 0x81, 0x82, 0x83, 0x83, 
	0x83, 0x84, 0x83, 0x85, 0x86, 0x86, 0x79, 0x79, 
	0x87, 0x84, 0x84, 0x88, 0x89, 0x8a, 0x8b, 0x8c, 
	0x8c, 0x8d, 0x8c, 0x8d, 0x8e, 0x8e, 0x8d, 0x8d, 
	0x8f, 0x90, 0x91, 0x92, 0x92, 0x91, 0x92, 0x92, 
	0x93, 0x91, 0x94, 0x91, 0x95, 0x84, 0x96, 0x93, 
	0x97, 0x98, 0x98, 0x98, 0x95, 0x99, 0x9a, 0x9b, 
	0x9b, 0x9b, 0x9b, 0x9b, 0x9b, 0x9b, 0x9b, 0x9c, 
	0x9d, 0x91, 0x9e, 0x94, 0x94, 0x94, 0x94, 0x94, 
	0x92, 0x92, 0x92, 0x94, 0x92, 0x98, 0x98, 0x98, 
	0x9f, 0xa0, 0xa1, 0xa1, 0xa2, 0xa2, 0xa3, 0xa4, 
	0xa5, 0xa5, 0xa5, 0xa5, 0xa5, 0xa5, 0xa5, 0xa6, 
	0xa7, 0xa8, 0x9f, 0x9f, 0x9f, 0x9f, 0xa9, 0xa9, 
	0xaa, 0xab, 0xab, 0xa8, 0xa8, 0xa8, 0xa8, 0x9f, 
	0xac, 0xad, 0xae, 0xaf, 0xb0, 0xb1, 0xb1, 0xb2, 
	0xb3, 0xb2, 0xb2, 0xb2, 0xb4, 0xb2, 0xb2, 0xb2, 
	0xb5, 0xb5, 0xb6, 0xb6, 0xb5, 0xb5, 0xb5, 0xb7, 
	0xb7, 0xb7, 0xb7, 0xb7, 0xb8, 0xb9, 0xb9, 0xb9, 
	0xba, 0xba, 0xb5, 0xb9, 0xb9, 0xb5, 0xb9, 0xb5, 
	0xb5, 0xb5, 0xb9, 0xb5, 0xb9, 0xbb, 0xbb, 0xbc, 
	0xbd, 0xbe, 0xbe, 0xbe, 0xbf, 0xbb, 0xbc, 0xbc, 
	0xc0, 0xc0, 0xc0, 0xbc, 0xba, 0xb5, 0xb5, 0xb5, 
	0xc1, 0xc1, 0xc1, 0xc1, 0xc1, 0xb9, 0xb5, 0xbc, 
	0xb9, 0xb9, 0xb9, 0xb9, 0xb9, 0xc1, 0xc1, 0xc2, 
	0xbb, 0xc2, 0xc2, 0xbb, 0xbb, 0xbb, 0xb9, 0xb9, 
	0xb9, 0xc1, 0xc1, 0xc1, 0xb7, 0xb7, 0xb7, 0xc1, 
	0xc1, 0xc1, 0xc1, 0xc3, 0xc4, 0xc5, 0xc0, 0xbc, 
	0xc3, 0xc4, 0xc3, 0xc4, 0xbc, 0xc3, 0xbc, 0xc0, 
	0xc3, 0xc1, 0xbb, 0xc1, 0xb9, 0xb9, 0xc0, 0xbc, 
	0xbb, 0xc6, 0xc6, 0xc7, 0xb7, 0xc1, 0xc1, 0xc1, 
	0xb9, 0xb9, 0xb9, 0xc1, 0xb9, 0xb9, 0xc1, 0xc3, 
	0xc3, 0xb9, 0xb9, 0xb9, 0xb9, 0xc8, 0xbb, 0xbb, 
	0xc6, 0xc6, 0xb5, 0xc6, 0xc1, 0xc9, 0xb9, 0xb9, 
	0xbb, 0xbb, 0xbc, 0xbc, 0xc0, 0xba, 0xb9, 0xac, 
	0xc1, 0xc3, 0xc3, 0xc3, 0xc3, 0xc3, 0xc3, 0xc3, 
	0xc3, 0xc3, 0xc3, 0xc3, 0xc3, 0xc3, 0xbb, 0xc8, 
	0xb9, 0xc9, 0xb9, 0xb5, 0xc6, 0xbc, 0xb5, 0xb5, 
	0xba, 0xba, 0xbb, 0xbb, 0xb5, 0xc6, 0xc3, 0xc3, 
	0xad, 0xbd, 0xac, 0xac, 0xac, 0xb9, 0xac, 0xbf, 
	0xbf, 0xbb, 0xbb, 0xbb, 0xbb, 0xbb, 0xbb, 0xc6, 
	0xb5, 0xbc, 0xc0, 0xc0, 0xc0, 0xb4, 0xb4, 0xb2, 
	0xb4, 0xb4, 0xca, 0xca, 0xca, 0xca, 0xb4, 0xbd, 
	0xb4, 0xb4, 0xb4, 0xbe, 0xbe, 0xbb, 0xbc, 0xbb, 
	0xc8, 0xbf, 0xbf, 0xc8, 0xbf, 0xc8, 0xb9, 0xb9, 
	0xbc, 0xbc, 0xbc, 0xbc, 0xc0, 0xbc, 0xbc, 0xc0, 
	0xb4, 0xb4, 0xb4, 0xbe, 0xb4, 0xcb, 0xaf, 0xb2, 
	0xbb, 0xbc, 0xb5, 0xb5, 0xc1, 0xc6, 0xba, 0xc6, 
	0xc6, 0xb5, 0xb9, 0xb5, 0xb9, 0xc9, 0xc1, 0xb9, 
	0xbb, 0xbb, 0xc1, 0xc6, 0xb5, 0xbb, 0xb5, 0xcc, 
	0xc1, 0xb5, 0xb9, 0xbb, 0xbb, 0xbb, 0xbc, 0xbc, 
	
};

Gfx rsilverpillar_fakeskybox_pal_rgba16_aligner[] = {gsSPEndDisplayList()};
u8 rsilverpillar_fakeskybox_pal_rgba16[] = {
	0x43, 0xbf, 0x43, 0xff, 0x4c, 0x3f, 0x75, 0x3f, 
	0x85, 0xbf, 0xa6, 0xbf, 0xbe, 0xff, 0x7d, 0x3f, 
	0x5c, 0x7f, 0x5c, 0xbf, 0xae, 0x7f, 0xdf, 0xbf, 
	0xef, 0xff, 0xf7, 0xff, 0xd6, 0xff, 0xbe, 0x7f, 
	0x4b, 0xff, 0x54, 0xbf, 0x95, 0xff, 0x9e, 0x7f, 
	0x9e, 0xbf, 0x75, 0x7f, 0x6d, 0x3f, 0xb6, 0xff, 
	0xdf, 0x7f, 0xff, 0xff, 0xf7, 0xbf, 0xe7, 0xbf, 
	0xb6, 0xbf, 0x44, 0x3f, 0x9e, 0x3f, 0xef, 0xbf, 
	0xd7, 0xbf, 0xd7, 0x7f, 0xc6, 0xff, 0xae, 0xbf, 
	0xd7, 0x3f, 0xe7, 0xff, 0xc7, 0x7f, 0x8d, 0xff, 
	0xdf, 0xff, 0x4c, 0x7f, 0x96, 0x7f, 0xd7, 0xff, 
	0xcf, 0x7f, 0x64, 0xbf, 0x96, 0x3f, 0xc7, 0x3f, 
	0xbf, 0x3f, 0x7d, 0xbf, 0x85, 0x7f, 0x8d, 0xbf, 
	0xdf, 0x3f, 0xcf, 0x3f, 0x75, 0xbf, 0x65, 0x3f, 
	0xaf, 0x7f, 0xc7, 0xff, 0xb7, 0x7f, 0xa6, 0xff, 
	0xcf, 0xff, 0xbf, 0xbf, 0xaf, 0x3f, 0x6d, 0x7f, 
	0xcf, 0xbf, 0xbf, 0xff, 0x86, 0x7f, 0x44, 0x7f, 
	0x4c, 0xbf, 0xb7, 0xbf, 0x9e, 0xff, 0x54, 0xff, 
	0x5d, 0x3f, 0xb7, 0x3f, 0xa7, 0x3f, 0x96, 0xbf, 
	0x6d, 0xbf, 0x8e, 0x7f, 0x8e, 0xbf, 0xc7, 0xbf, 
	0x65, 0x7f, 0x7d, 0xff, 0x5c, 0xff, 0x65, 0xbf, 
	0x44, 0xbf, 0x4c, 0xff, 0x55, 0x3f, 0x8e, 0x3f, 
	0x85, 0xff, 0xbf, 0x7f, 0x86, 0x3f, 0x75, 0xff, 
	0x5d, 0x7f, 0x44, 0xff, 0xa6, 0x7f, 0x4d, 0x3f, 
	0xe7, 0xbd, 0xd7, 0x7b, 0xcf, 0xbd, 0x96, 0x73, 
	0x7d, 0xef, 0xae, 0xf5, 0xc7, 0x7d, 0xa6, 0xf9, 
	0x7e, 0x31, 0x6d, 0xad, 0x75, 0xed, 0x75, 0xad, 
	0x96, 0x77, 0x8e, 0x75, 0x7d, 0xf1, 0x6d, 0xaf, 
	0x65, 0xad, 0x8e, 0x79, 0xae, 0xff, 0x96, 0x7b, 
	0x7d, 0xf3, 0x65, 0x6d, 0x55, 0x29, 0x5d, 0x6d, 
	0x5d, 0x6b, 0x55, 0x2d, 0x5d, 0x6f, 0x75, 0xf7, 
	0x7e, 0x3b, 0x7e, 0x3f, 0x5d, 0xbd, 0x5d, 0xb7, 
	0x65, 0x77, 0x5d, 0x75, 0x55, 0x71, 0x4c, 0xeb, 
	0x4d, 0x2d, 0x4d, 0x2b, 0x55, 0x6d, 0x45, 0x2b, 
	0x4d, 0x2f, 0x4d, 0x77, 0x55, 0x7d, 0x4d, 0x7f, 
	0x55, 0x7f, 0x55, 0xbf, 0x5d, 0xbf, 0x4d, 0x7d, 
	0x44, 0xf3, 0x44, 0xab, 0x3c, 0xab, 0x44, 0xeb, 
	0x3c, 0xa9, 0x44, 0xed, 0x45, 0x2d, 0x3c, 0xe9, 
	0x3c, 0xeb, 0x45, 0x31, 0x45, 0x39, 0x45, 0x7f, 
	0x45, 0x7d, 0x44, 0xf7, 0x44, 0xa9, 0x3b, 0xed, 
	0x43, 0xef, 0x43, 0xf1, 0x3b, 0xf1, 0x3b, 0xf3, 
	0x3b, 0xfb, 0x3c, 0x3b, 0x3b, 0xf9, 0x3c, 0x35, 
	0x3b, 0xef, 0x33, 0xab, 0x33, 0xad, 0x3b, 0xaf, 
	0x0a, 0xf7, 0x1a, 0xf7, 0x23, 0x37, 0x23, 0x39, 
	0x2b, 0x39, 0x2b, 0x37, 0x22, 0xf9, 0x2a, 0xf9, 
	0x1a, 0xf9, 0x12, 0xb7, 0x12, 0xf5, 0x0a, 0x75, 
	0x0a, 0xb5, 0x0a, 0xb7, 0x1a, 0xb7, 0x0a, 0xb9, 
	0x12, 0xb9, 0x12, 0xf7, 0x12, 0xf9, 0x0a, 0xf9, 
	0x1a, 0xb9, 0x0a, 0x77, 0x02, 0x77, 0x0a, 0x79, 
	0x12, 0x79, 0x1a, 0x79, 0x12, 0x77, 0x0a, 0x37, 
	0x02, 0xb9, 0x02, 0xb7, 0x1b, 0x39, 0x13, 0x39, 
	0x12, 0x75, 
};

Gfx rsilverpillar_C_TOP_ci4_aligner[] = {gsSPEndDisplayList()};
u8 rsilverpillar_C_TOP_ci4[] = {
	0x00, 0x01, 0x02, 0x01, 0x00, 0x10, 0x11, 0x10, 
	0x10, 0x10, 0x33, 0x04, 0x00, 0x11, 0x11, 0x33, 
	0x00, 0x01, 0x11, 0x01, 0x00, 0x01, 0x50, 0x01, 
	0x01, 0x14, 0x03, 0x31, 0x40, 0x34, 0x10, 0x11, 
	0x10, 0x00, 0x01, 0x40, 0x20, 0x04, 0x01, 0x00, 
	0x03, 0x11, 0x11, 0x03, 0x10, 0x01, 0x41, 0x01, 
	0x01, 0x03, 0x30, 0x10, 0x01, 0x10, 0x00, 0x13, 
	0x00, 0x34, 0x40, 0x12, 0x33, 0x00, 0x11, 0x10, 
	0x11, 0x01, 0x35, 0x00, 0x41, 0x01, 0x04, 0x01, 
	0x33, 0x00, 0x03, 0x11, 0x03, 0x11, 0x23, 0x11, 
	0x01, 0x01, 0x14, 0x10, 0x01, 0x03, 0x11, 0x00, 
	0x00, 0x33, 0x13, 0x33, 0x13, 0x35, 0x10, 0x40, 
	0x01, 0x10, 0x11, 0x01, 0x00, 0x03, 0x00, 0x40, 
	0x40, 0x03, 0x43, 0x13, 0x30, 0x03, 0x01, 0x00, 
	0x00, 0x00, 0x01, 0x40, 0x11, 0x03, 0x30, 0x30, 
	0x30, 0x31, 0x10, 0x11, 0x00, 0x10, 0x00, 0x00, 
	0x00, 0x00, 0x02, 0x10, 0x01, 0x53, 0x03, 0x33, 
	0x30, 0x11, 0x41, 0x01, 0x13, 0x00, 0x33, 0x31, 
	0x11, 0x03, 0x40, 0x11, 0x40, 0x03, 0x03, 0x30, 
	0x33, 0x00, 0x20, 0x11, 0x21, 0x50, 0x13, 0x03, 
	0x00, 0x10, 0x03, 0x11, 0x14, 0x04, 0x10, 0x23, 
	0x60, 0x30, 0x31, 0x10, 0x10, 0x31, 0x40, 0x00, 
	0x00, 0x01, 0x55, 0x04, 0x11, 0x00, 0x01, 0x01, 
	0x00, 0x10, 0x03, 0x13, 0x01, 0x23, 0x00, 0x10, 
	0x10, 0x40, 0x11, 0x00, 0x10, 0x30, 0x03, 0x00, 
	0x31, 0x10, 0x00, 0x00, 0x30, 0x03, 0x03, 0x41, 
	0x00, 0x14, 0x10, 0x10, 0x11, 0x33, 0x01, 0x31, 
	0x11, 0x01, 0x10, 0x10, 0x31, 0x43, 0x30, 0x40, 
	0x33, 0x01, 0x41, 0x01, 0x11, 0x10, 0x00, 0x03, 
	0x10, 0x11, 0x36, 0x31, 0x23, 0x14, 0x40, 0x13, 
	0x00, 0x50, 0x11, 0x00, 0x10, 0x01, 0x00, 0x01, 
	0x01, 0x30, 0x03, 0x60, 0x11, 0x11, 0x00, 0x11, 
	0x10, 0x02, 0x01, 0x30, 0x31, 0x01, 0x10, 0x30, 
	0x10, 0x33, 0x00, 0x30, 0x01, 0x10, 0x10, 0x00, 
	0x01, 0x00, 0x33, 0x01, 0x10, 0x20, 0x01, 0x00, 
	0x02, 0x00, 0x03, 0x10, 0x33, 0x01, 0x01, 0x10, 
	0x01, 0x10, 0x03, 0x10, 0x10, 0x32, 0x33, 0x30, 
	0x30, 0x00, 0x10, 0x00, 0x03, 0x51, 0x40, 0x41, 
	0x10, 0x11, 0x00, 0x01, 0x00, 0x03, 0x30, 0x13, 
	0x14, 0x11, 0x11, 0x00, 0x10, 0x10, 0x34, 0x04, 
	0x03, 0x03, 0x13, 0x00, 0x10, 0x10, 0x03, 0x01, 
	0x00, 0x34, 0x00, 0x31, 0x01, 0x11, 0x33, 0x00, 
	0x00, 0x03, 0x00, 0x10, 0x11, 0x01, 0x00, 0x10, 
	0x03, 0x30, 0x41, 0x03, 0x00, 0x10, 0x13, 0x00, 
	0x00, 0x00, 0x10, 0x12, 0x00, 0x10, 0x10, 0x03, 
	0x01, 0x00, 0x30, 0x11, 0x00, 0x05, 0x00, 0x01, 
	0x11, 0x13, 0x01, 0x04, 0x10, 0x00, 0x01, 0x01, 
	0x30, 0x00, 0x03, 0x30, 0x03, 0x04, 0x00, 0x10, 
	0x10, 0x04, 0x01, 0x10, 0x04, 0x14, 0x30, 0x03, 
	0x00, 0x11, 0x00, 0x30, 0x03, 0x30, 0x40, 0x01, 
	0x01, 0x00, 0x00, 0x01, 0x01, 0x11, 0x30, 0x00, 
	0x04, 0x30, 0x13, 0x00, 0x11, 0x20, 0x01, 0x00, 
	0x01, 0x10, 0x01, 0x53, 0x50, 0x14, 0x11, 0x00, 
	0x00, 0x01, 0x01, 0x00, 0x00, 0x11, 0x10, 0x00, 
	0x40, 0x01, 0x00, 0x30, 0x13, 0x01, 0x14, 0x15, 
	0x03, 0x04, 0x44, 0x30, 0x33, 0x11, 0x01, 0x01, 
	0x14, 0x02, 0x44, 0x03, 0x31, 0x00, 0x04, 0x00, 
	0x11, 0x32, 0x14, 0x05, 0x03, 0x45, 0x10, 0x00, 
	0x01, 0x40, 0x14, 0x00, 0x30, 0x40, 0x40, 0x40, 
	0x00, 0x30, 0x00, 0x10, 0x00, 0x04, 0x50, 0x33, 
	0x31, 0x10, 0x01, 0x02, 0x00, 0x00, 0x30, 0x00, 
	0x11, 0x01, 0x00, 0x01, 0x01, 0x00, 0x00, 0x00, 
	0x00, 0x00, 0x00, 0x10, 0x01, 0x01, 0x00, 0x00, 
	0x00, 0x00, 0x11, 0x02, 0x11, 0x11, 0x03, 0x05, 
	
};

Gfx rsilverpillar_C_TOP_pal_rgba16_aligner[] = {gsSPEndDisplayList()};
u8 rsilverpillar_C_TOP_pal_rgba16[] = {
	0x2c, 0x81, 0x2c, 0x01, 0x35, 0x41, 0x2c, 0xc1, 
	0x23, 0xc1, 0x23, 0x41, 0x35, 0x01, 
};

Gfx rsilverpillar_trim_ci8_aligner[] = {gsSPEndDisplayList()};
u8 rsilverpillar_trim_ci8[] = {
	0x00, 0x00, 0x00, 0x01, 0x01, 0x01, 0x01, 0x02, 
	0x02, 0x02, 0x03, 0x03, 0x03, 0x04, 0x05, 0x06, 
	0x06, 0x06, 0x06, 0x06, 0x06, 0x06, 0x06, 0x04, 
	0x04, 0x03, 0x03, 0x07, 0x03, 0x03, 0x03, 0x03, 
	0x08, 0x08, 0x09, 0x06, 0x06, 0x06, 0x06, 0x06, 
	0x06, 0x06, 0x06, 0x0a, 0x06, 0x06, 0x0b, 0x0c, 
	0x06, 0x0d, 0x08, 0x08, 0x08, 0x08, 0x08, 0x09, 
	0x08, 0x09, 0x09, 0x09, 0x08, 0x08, 0x0c, 0x06, 
	0x0e, 0x0e, 0x0e, 0x0e, 0x0e, 0x0e, 0x0e, 0x0e, 
	0x0e, 0x0f, 0x10, 0x11, 0x0e, 0x0e, 0x0e, 0x0e, 
	0x0e, 0x0e, 0x0e, 0x0e, 0x0e, 0x0e, 0x0e, 0x0e, 
	0x0e, 0x0e, 0x0e, 0x0e, 0x0e, 0x0e, 0x0e, 0x0e, 
	0x0e, 0x0e, 0x0e, 0x0e, 0x0e, 0x0e, 0x0e, 0x0e, 
	0x0e, 0x0e, 0x0e, 0x0e, 0x0e, 0x0e, 0x10, 0x00, 
	0x12, 0x0e, 0x0e, 0x0e, 0x0e, 0x0e, 0x0e, 0x13, 
	0x13, 0x13, 0x14, 0x14, 0x14, 0x13, 0x13, 0x13, 
	0x08, 0x14, 0x15, 0x08, 0x08, 0x08, 0x08, 0x08, 
	0x0b, 0x0a, 0x08, 0x06, 0x08, 0x0e, 0x06, 0x01, 
	0x16, 0x00, 0x17, 0x18, 0x14, 0x0b, 0x06, 0x06, 
	0x06, 0x06, 0x06, 0x03, 0x06, 0x06, 0x19, 0x19, 
	0x00, 0x00, 0x00, 0x00, 0x00, 0x00, 0x00, 0x00, 
	0x00, 0x1a, 0x1a, 0x1a, 0x02, 0x1b, 0x07, 0x06, 
	0x0a, 0x04, 0x0e, 0x07, 0x1a, 0x1a, 0x1a, 0x1a, 
	0x1a, 0x1a, 0x1a, 0x1a, 0x1a, 0x1a, 0x1a, 0x1a, 
	0x1c, 0x1c, 0x1c, 0x1c, 0x1c, 0x1c, 0x1c, 0x1c, 
	0x1c, 0x1c, 0x1d, 0x1d, 0x1e, 0x04, 0x0e, 0x1f, 
	0x00, 0x20, 0x15, 0x21, 0x22, 0x22, 0x1d, 0x1d, 
	0x1d, 0x1d, 0x1d, 0x1d, 0x23, 0x23, 0x1d, 0x24, 
	0x22, 0x22, 0x22, 0x22, 0x22, 0x22, 0x22, 0x22, 
	0x22, 0x25, 0x22, 0x26, 0x22, 0x27, 0x14, 0x06, 
	0x11, 0x0e, 0x28, 0x1c, 0x29, 0x2a, 0x22, 0x22, 
	0x22, 0x2a, 0x2a, 0x2a, 0x2a, 0x2a, 0x2a, 0x2a, 
	0x2b, 0x29, 0x29, 0x29, 0x29, 0x29, 0x29, 0x2a, 
	0x22, 0x1e, 0x1c, 0x26, 0x22, 0x2c, 0x03, 0x2d, 
	0x0b, 0x06, 0x06, 0x1c, 0x29, 0x22, 0x1c, 0x24, 
	0x2e, 0x29, 0x2f, 0x2f, 0x2f, 0x2f, 0x2f, 0x2f, 
	0x30, 0x31, 0x31, 0x31, 0x32, 0x2f, 0x2f, 0x2a, 
	0x1e, 0x06, 0x03, 0x33, 0x33, 0x34, 0x22, 0x31, 
	0x35, 0x29, 0x1c, 0x33, 0x1a, 0x02, 0x0b, 0x03, 
	0x22, 0x2f, 0x31, 0x36, 0x36, 0x36, 0x36, 0x36, 
	0x35, 0x35, 0x35, 0x35, 0x36, 0x36, 0x31, 0x29, 
	0x1a, 0x0e, 0x0e, 0x19, 0x27, 0x2a, 0x35, 0x37, 
	0x38, 0x39, 0x35, 0x22, 0x33, 0x2d, 0x0f, 0x3a, 
	0x21, 0x3b, 0x35, 0x35, 0x3c, 0x35, 0x35, 0x35, 
	0x35, 0x35, 0x35, 0x35, 0x35, 0x35, 0x35, 0x31, 
	0x1d, 0x06, 0x08, 0x00, 0x2a, 0x35, 0x3d, 0x35, 
	0x2a, 0x35, 0x38, 0x3e, 0x29, 0x1e, 0x3f, 0x03, 
	0x40, 0x3e, 0x41, 0x3e, 0x3e, 0x3e, 0x3e, 0x35, 
	0x35, 0x35, 0x35, 0x35, 0x35, 0x35, 0x35, 0x35, 
	0x3c, 0x42, 0x22, 0x29, 0x35, 0x35, 0x35, 0x43, 
	0x1e, 0x27, 0x31, 0x44, 0x45, 0x29, 0x43, 0x22, 
	0x2f, 0x3e, 0x3e, 0x3e, 0x35, 0x35, 0x35, 0x35, 
	0x36, 0x36, 0x36, 0x46, 0x46, 0x35, 0x35, 0x3e, 
	0x3e, 0x41, 0x35, 0x36, 0x31, 0x47, 0x1c, 0x33, 
	0x1a, 0x03, 0x33, 0x36, 0x44, 0x35, 0x31, 0x48, 
	0x49, 0x35, 0x35, 0x35, 0x36, 0x36, 0x31, 0x31, 
	0x2a, 0x29, 0x29, 0x29, 0x4a, 0x2f, 0x4b, 0x31, 
	0x31, 0x4c, 0x33, 0x0c, 0x0f, 0x4d, 0x0a, 0x4e, 
	0x1a, 0x08, 0x4f, 0x06, 0x03, 0x1e, 0x1c, 0x22, 
	0x29, 0x29, 0x29, 0x29, 0x50, 0x2a, 0x2a, 0x2a, 
	0x1c, 0x1c, 0x1d, 0x51, 0x22, 0x22, 0x22, 0x2a, 
	0x29, 0x2f, 0x52, 0x1d, 0x00, 0x4e, 0x27, 0x1a, 
	0x1a, 0x09, 0x0f, 0x3a, 0x04, 0x1a, 0x22, 0x29, 
	0x22, 0x1c, 0x1c, 0x1c, 0x1c, 0x1c, 0x53, 0x1c, 
	0x2c, 0x1a, 0x33, 0x1e, 0x1e, 0x54, 0x1e, 0x33, 
	0x1e, 0x22, 0x2f, 0x46, 0x31, 0x33, 0x00, 0x55, 
	0x56, 0x06, 0x03, 0x06, 0x1a, 0x57, 0x58, 0x29, 
	0x1c, 0x1a, 0x1a, 0x1a, 0x59, 0x33, 0x1a, 0x1a, 
	0x51, 0x1d, 0x1d, 0x1d, 0x1d, 0x1d, 0x1d, 0x1d, 
	0x22, 0x2a, 0x31, 0x5a, 0x36, 0x1e, 0x5b, 0x1e, 
	0x1c, 0x24, 0x59, 0x2c, 0x1a, 0x2f, 0x35, 0x31, 
	0x2a, 0x22, 0x22, 0x22, 0x25, 0x25, 0x51, 0x25, 
	0x2a, 0x57, 0x22, 0x22, 0x22, 0x22, 0x57, 0x2a, 
	0x29, 0x2f, 0x36, 0x3e, 0x22, 0x1e, 0x1c, 0x22, 
	0x2a, 0x22, 0x43, 0x5c, 0x5d, 0x22, 0x5e, 0x3e, 
	0x36, 0x2f, 0x29, 0x29, 0x2a, 0x2a, 0x2e, 0x2a, 
	0x22, 0x22, 0x22, 0x22, 0x22, 0x57, 0x2a, 0x5f, 
	0x29, 0x31, 0x35, 0x29, 0x1c, 0x1c, 0x22, 0x2a, 
	0x60, 0x61, 0x4a, 0x22, 0x33, 0x62, 0x2f, 0x5e, 
	0x36, 0x31, 0x29, 0x5f, 0x57, 0x22, 0x22, 0x22, 
	0x1a, 0x33, 0x63, 0x1e, 0x53, 0x1c, 0x40, 0x64, 
	0x65, 0x22, 0x2a, 0x1c, 0x1c, 0x22, 0x1d, 0x1c, 
	0x1e, 0x1c, 0x22, 0x50, 0x22, 0x33, 0x1c, 0x50, 
	0x22, 0x1d, 0x66, 0x33, 0x33, 0x1a, 0x67, 0x27, 
	0x09, 0x06, 0x06, 0x06, 0x06, 0x06, 0x03, 0x00, 
	0x00, 0x00, 0x00, 0x1a, 0x1a, 0x1a, 0x00, 0x00, 
	0x02, 0x00, 0x00, 0x00, 0x1a, 0x33, 0x33, 0x67, 
	0x06, 0x06, 0x06, 0x0d, 0x08, 0x08, 0x08, 0x08, 
	0x08, 0x08, 0x08, 0x08, 0x0d, 0x0b, 0x06, 0x06, 
	0x06, 0x06, 0x06, 0x06, 0x06, 0x06, 0x08, 0x08, 
	0x08, 0x08, 0x08, 0x08, 0x08, 0x08, 0x08, 0x08, 
	0x08, 0x08, 0x08, 0x08, 0x0e, 0x0e, 0x13, 0x08, 
	0x03, 0x03, 0x03, 0x03, 0x03, 0x06, 0x06, 0x06, 
	0x06, 0x06, 0x06, 0x06, 0x06, 0x06, 0x06, 0x08, 
	0x08, 0x08, 0x08, 0x08, 0x08, 0x08, 0x08, 0x08, 
	0x08, 0x06, 0x06, 0x06, 0x06, 0x06, 0x68, 0x03, 
	0x1e, 0x1e, 0x1e, 0x1e, 0x1e, 0x1e, 0x33, 0x33, 
	0x1a, 0x1a, 0x1a, 0x33, 0x33, 0x33, 0x1a, 0x1a, 
	0x69, 0x67, 0x00, 0x00, 0x00, 0x00, 0x00, 0x1a, 
	0x1a, 0x1a, 0x33, 0x62, 0x56, 0x62, 0x33, 0x1e, 
	0x29, 0x6a, 0x6a, 0x2a, 0x2a, 0x2a, 0x29, 0x2a, 
	0x2a, 0x6b, 0x22, 0x22, 0x22, 0x22, 0x22, 0x22, 
	0x22, 0x22, 0x22, 0x43, 0x22, 0x22, 0x22, 0x22, 
	0x57, 0x2a, 0x6c, 0x2a, 0x2a, 0x2a, 0x2a, 0x2a, 
	0x36, 0x36, 0x36, 0x36, 0x36, 0x36, 0x36, 0x31, 
	0x31, 0x31, 0x52, 0x2f, 0x4a, 0x29, 0x2f, 0x4c, 
	0x2f, 0x4a, 0x2f, 0x4a, 0x4a, 0x29, 0x2f, 0x2f, 
	0x32, 0x31, 0x31, 0x31, 0x32, 0x31, 0x31, 0x3b, 
	0x6d, 0x36, 0x36, 0x36, 0x36, 0x36, 0x36, 0x36, 
	0x36, 0x36, 0x36, 0x6e, 0x31, 0x31, 0x31, 0x31, 
	0x31, 0x31, 0x3b, 0x31, 0x31, 0x31, 0x31, 0x31, 
	0x31, 0x31, 0x31, 0x36, 0x36, 0x3b, 0x36, 0x6d, 
	0x35, 0x35, 0x35, 0x35, 0x6f, 0x6f, 0x70, 0x36, 
	0x36, 0x36, 0x36, 0x36, 0x36, 0x36, 0x36, 0x31, 
	0x31, 0x3b, 0x31, 0x42, 0x31, 0x31, 0x31, 0x31, 
	0x31, 0x31, 0x31, 0x36, 0x36, 0x36, 0x36, 0x35, 
	0x35, 0x35, 0x35, 0x35, 0x35, 0x35, 0x35, 0x35, 
	0x35, 0x35, 0x6d, 0x36, 0x36, 0x36, 0x36, 0x36, 
	0x36, 0x36, 0x36, 0x36, 0x36, 0x36, 0x36, 0x31, 
	0x36, 0x36, 0x36, 0x36, 0x36, 0x36, 0x46, 0x35, 
	0x3e, 0x3e, 0x3e, 0x3e, 0x3e, 0x3e, 0x71, 0x35, 
	0x3c, 0x35, 0x35, 0x36, 0x36, 0x36, 0x36, 0x36, 
	0x49, 0x49, 0x35, 0x49, 0x36, 0x36, 0x35, 0x36, 
	0x36, 0x36, 0x36, 0x36, 0x35, 0x35, 0x35, 0x35, 
	0x3e, 0x41, 0x44, 0x44, 0x44, 0x3e, 0x3e, 0x5a, 
	0x3e, 0x5a, 0x3c, 0x35, 0x35, 0x35, 0x49, 0x35, 
	0x72, 0x3e, 0x3e, 0x35, 0x35, 0x73, 0x35, 0x35, 
	0x5e, 0x6d, 0x70, 0x35, 0x35, 0x35, 0x3e, 0x3e, 
	
};

Gfx rsilverpillar_trim_pal_rgba16_aligner[] = {gsSPEndDisplayList()};
u8 rsilverpillar_trim_pal_rgba16[] = {
	0xc6, 0x31, 0xc6, 0x71, 0xce, 0x71, 0xce, 0x73, 
	0xce, 0xb3, 0xd6, 0xb3, 0xd6, 0xb5, 0xce, 0x75, 
	0xde, 0xf7, 0xd6, 0xf5, 0xd6, 0xf7, 0xd6, 0xb7, 
	0xde, 0xb5, 0xde, 0xb7, 0xe7, 0x39, 0xde, 0xf9, 
	0xee, 0xf9, 0xef, 0x37, 0xce, 0x31, 0xe7, 0x37, 
	0xe6, 0xf7, 0xe6, 0xf9, 0xb5, 0xaf, 0xdf, 0x3b, 
	0xdf, 0x39, 0xde, 0xf5, 0xbd, 0xef, 0xe6, 0xf5, 
	0xa5, 0x29, 0x9c, 0xe7, 0xad, 0x6b, 0xc6, 0x33, 
	0xe7, 0x35, 0xbd, 0xad, 0x94, 0xa5, 0x9d, 0x29, 
	0x9d, 0x27, 0x94, 0xe5, 0x8c, 0xa5, 0xbe, 0x31, 
	0xe6, 0xb5, 0x84, 0x21, 0x8c, 0x63, 0x83, 0xe1, 
	0xbe, 0x2f, 0xd6, 0x75, 0x8c, 0xa3, 0x7b, 0xdf, 
	0x6b, 0x9b, 0x73, 0x9d, 0x7b, 0x9d, 0xb5, 0xad, 
	0xbe, 0x33, 0x63, 0x19, 0x6b, 0x5b, 0x5a, 0x95, 
	0x52, 0x53, 0x4a, 0x53, 0xdf, 0x37, 0x6b, 0x5d, 
	0x5b, 0x19, 0x52, 0xd5, 0x5a, 0xd7, 0xce, 0x33, 
	0xa4, 0xe9, 0x52, 0xd7, 0x73, 0x5d, 0x94, 0xa7, 
	0x52, 0x95, 0x52, 0x97, 0x6b, 0x1b, 0x7b, 0xe1, 
	0x73, 0x9b, 0x6b, 0x19, 0x83, 0xdf, 0x7b, 0x9f, 
	0x7c, 0x1f, 0xd6, 0x79, 0xc6, 0x73, 0xd7, 0x35, 
	0x8c, 0x21, 0x94, 0xe7, 0x73, 0xdf, 0xa5, 0x2b, 
	0xa5, 0x69, 0xb5, 0xef, 0xb5, 0x6b, 0x94, 0x63, 
	0x7b, 0xdd, 0xb5, 0xed, 0x5a, 0xd5, 0xbd, 0xaf, 
	0xbd, 0xed, 0xc6, 0x2f, 0x63, 0x1b, 0x84, 0x23, 
	0x84, 0x61, 0x73, 0xdd, 0xb5, 0x6d, 0xad, 0x6d, 
	0x9c, 0xe5, 0x9c, 0xa5, 0xad, 0x69, 0xc5, 0xf1, 
	0xd6, 0x73, 0xbd, 0xf1, 0x8c, 0x61, 0x8c, 0x65, 
	0x8c, 0x23, 0x63, 0x5b, 0x73, 0x5b, 0x6b, 0x59, 
	0x63, 0x59, 0x5a, 0xd9, 0x62, 0xd7, 0x63, 0x17, 
	
};

Gfx rsilverpillar_hill_i8_aligner[] = {gsSPEndDisplayList()};
u8 rsilverpillar_hill_i8[] = {
	0x50, 0x60, 0x68, 0x70, 0x78, 0x80, 0x88, 0x90, 
	0x98, 0xa0, 0xa8, 0xb0, 0xb8, 0xb8, 0xc0, 0xc8, 
	0xc8, 0xd0, 0xd0, 0xd0, 0xd0, 0xd0, 0xd0, 0xd0, 
	0xd0, 0xd0, 0xd0, 0xd0, 0xd0, 0xd0, 0xd0, 0xd0, 
	0x50, 0x60, 0x68, 0x70, 0x78, 0x88, 0x90, 0x98, 
	0x98, 0xa0, 0xa8, 0xb0, 0xb8, 0xc0, 0xc0, 0xc8, 
	0xc8, 0xd0, 0xd0, 0xd0, 0xd0, 0xd0, 0xd8, 0xd0, 
	0xd0, 0xd0, 0xd0, 0xd0, 0xd0, 0xd0, 0xd0, 0xd0, 
	0x58, 0x60, 0x68, 0x70, 0x80, 0x88, 0x90, 0x98, 
	0xa0, 0xa0, 0xa8, 0xb0, 0xb8, 0xc0, 0xc0, 0xc8, 
	0xc8, 0xd0, 0xd0, 0xd0, 0xd0, 0xd8, 0xd8, 0xd8, 
	0xd0, 0xd0, 0xd0, 0xd0, 0xd0, 0xd0, 0xd0, 0xc8, 
	0x58, 0x60, 0x68, 0x70, 0x80, 0x88, 0x90, 0x98, 
	0xa0, 0xa0, 0xa8, 0xb0, 0xb8, 0xc0, 0xc0, 0xc8, 
	0xc8, 0xd0, 0xd0, 0xd0, 0xd0, 0xd8, 0xd8, 0xd8, 
	0xd0, 0xd0, 0xd0, 0xd0, 0xd0, 0xd0, 0xd0, 0xc8, 
	0x58, 0x60, 0x68, 0x70, 0x80, 0x88, 0x90, 0x98, 
	0x98, 0xa0, 0xa8, 0xb0, 0xb8, 0xc0, 0xc0, 0xc8, 
	0xd0, 0xd0, 0xd0, 0xd0, 0xd8, 0xd8, 0xd8, 0xd0, 
	0xd0, 0xd0, 0xd0, 0xd0, 0xd0, 0xd0, 0xd0, 0xc8, 
	0x58, 0x60, 0x68, 0x70, 0x80, 0x88, 0x90, 0x98, 
	0x98, 0xa0, 0xa8, 0xb0, 0xb8, 0xc0, 0xc0, 0xc8, 
	0xd0, 0xd0, 0xd0, 0xd8, 0xd8, 0xd8, 0xd8, 0xd0, 
	0xd0, 0xd0, 0xd0, 0xd0, 0xd0, 0xd0, 0xd0, 0xc8, 
	0x58, 0x60, 0x68, 0x70, 0x78, 0x80, 0x88, 0x90, 
	0x98, 0xa0, 0xa8, 0xb0, 0xb8, 0xb8, 0xc0, 0xc8, 
	0xc8, 0xd0, 0xd0, 0xd8, 0xd8, 0xd8, 0xd0, 0xd0, 
	0xd0, 0xd0, 0xd0, 0xd0, 0xd0, 0xd0, 0xd0, 0xc8, 
	0x58, 0x60, 0x68, 0x70, 0x78, 0x80, 0x88, 0x90, 
	0x98, 0xa0, 0xa8, 0xa8, 0xb0, 0xb8, 0xc0, 0xc0, 
	0xc8, 0xd0, 0xd0, 0xd0, 0xd0, 0xd0, 0xd0, 0xd0, 
	0xd0, 0xd0, 0xd0, 0xd0, 0xd0, 0xd0, 0xd0, 0xc8, 
	0x58, 0x60, 0x68, 0x70, 0x78, 0x80, 0x88, 0x90, 
	0x98, 0xa0, 0xa0, 0xa8, 0xb0, 0xb8, 0xb8, 0xc0, 
	0xc0, 0xc8, 0xc8, 0xd0, 0xd0, 0xd0, 0xd0, 0xd0, 
	0xd0, 0xd0, 0xd0, 0xd0, 0xd0, 0xd0, 0xd0, 0xc8, 
	0x58, 0x60, 0x60, 0x68, 0x70, 0x80, 0x88, 0x90, 
	0x98, 0x98, 0xa0, 0xa8, 0xa8, 0xb0, 0xb8, 0xb8, 
	0xc0, 0xc8, 0xc8, 0xd0, 0xd0, 0xd0, 0xd0, 0xd0, 
	0xd0, 0xd0, 0xd0, 0xd0, 0xd0, 0xd0, 0xd0, 0xc8, 
	0x58, 0x60, 0x60, 0x68, 0x70, 0x78, 0x88, 0x90, 
	0x98, 0x98, 0xa0, 0xa8, 0xa8, 0xb0, 0xb8, 0xb8, 
	0xc0, 0xc0, 0xc8, 0xc8, 0xd0, 0xd0, 0xd0, 0xd0, 
	0xd0, 0xd0, 0xd0, 0xd0, 0xd0, 0xd0, 0xd0, 0xc8, 
	0x58, 0x60, 0x60, 0x68, 0x70, 0x78, 0x88, 0x90, 
	0x98, 0xa0, 0xa0, 0xa8, 0xb0, 0xb0, 0xb8, 0xb8, 
	0xc0, 0xc0, 0xc8, 0xc8, 0xd0, 0xd0, 0xd0, 0xd0, 
	0xd0, 0xd0, 0xd0, 0xd0, 0xd0, 0xd0, 0xd0, 0xc8, 
	0x58, 0x60, 0x68, 0x68, 0x70, 0x80, 0x88, 0x90, 
	0x98, 0xa0, 0xa8, 0xa8, 0xb0, 0xb8, 0xb8, 0xb8, 
	0xc0, 0xc0, 0xc8, 0xc8, 0xd0, 0xd0, 0xd0, 0xd0, 
	0xd0, 0xd0, 0xd0, 0xd0, 0xd0, 0xd0, 0xd0, 0xd0, 
	0x58, 0x60, 0x68, 0x70, 0x78, 0x80, 0x88, 0x90, 
	0x98, 0xa0, 0xa8, 0xb0, 0xb8, 0xb8, 0xc0, 0xc0, 
	0xc0, 0xc8, 0xc8, 0xd0, 0xd0, 0xd0, 0xd0, 0xd0, 
	0xd0, 0xd0, 0xd0, 0xd0, 0xd0, 0xd0, 0xd0, 0xd0, 
	0x58, 0x60, 0x68, 0x70, 0x78, 0x80, 0x88, 0x90, 
	0x98, 0xa8, 0xb0, 0xb0, 0xb8, 0xc0, 0xc0, 0xc8, 
	0xc8, 0xc8, 0xd0, 0xd0, 0xd0, 0xd0, 0xd0, 0xd0, 
	0xd0, 0xd0, 0xd0, 0xd0, 0xd0, 0xd0, 0xd0, 0xd0, 
	0x58, 0x60, 0x70, 0x78, 0x80, 0x88, 0x90, 0x98, 
	0xa0, 0xa8, 0xb0, 0xb8, 0xc0, 0xc0, 0xc8, 0xc8, 
	0xd0, 0xd0, 0xd0, 0xd0, 0xd0, 0xd0, 0xd0, 0xd0, 
	0xd0, 0xd0, 0xd0, 0xd0, 0xd0, 0xd0, 0xd0, 0xd0, 
	0x58, 0x60, 0x68, 0x78, 0x80, 0x88, 0x90, 0x98, 
	0xa0, 0xa8, 0xb0, 0xb8, 0xc0, 0xc0, 0xc8, 0xd0, 
	0xd0, 0xd0, 0xd0, 0xd0, 0xd0, 0xd0, 0xd0, 0xd0, 
	0xd0, 0xd0, 0xd0, 0xd0, 0xd0, 0xd0, 0xd0, 0xd0, 
	0x58, 0x60, 0x68, 0x78, 0x80, 0x88, 0x90, 0x98, 
	0xa0, 0xa8, 0xb0, 0xb8, 0xc0, 0xc8, 0xc8, 0xd0, 
	0xd0, 0xd0, 0xd0, 0xd0, 0xd0, 0xd0, 0xd0, 0xd0, 
	0xd0, 0xd0, 0xd0, 0xd0, 0xd0, 0xd0, 0xd0, 0xd0, 
	0x58, 0x60, 0x68, 0x70, 0x80, 0x88, 0x90, 0x98, 
	0xa0, 0xa8, 0xb0, 0xb8, 0xc0, 0xc8, 0xd0, 0xd0, 
	0xd0, 0xd8, 0xd8, 0xd0, 0xd0, 0xd0, 0xd0, 0xd0, 
	0xd0, 0xd0, 0xd0, 0xd0, 0xd0, 0xd0, 0xd0, 0xd0, 
	0x58, 0x60, 0x60, 0x70, 0x78, 0x88, 0x90, 0x98, 
	0xa0, 0xa8, 0xb0, 0xb8, 0xc0, 0xc8, 0xc8, 0xd0, 
	0xd0, 0xd0, 0xd8, 0xd0, 0xd0, 0xd0, 0xd0, 0xd0, 
	0xd0, 0xd0, 0xd0, 0xd0, 0xd0, 0xd0, 0xd0, 0xd0, 
	0x58, 0x60, 0x60, 0x68, 0x78, 0x80, 0x90, 0x98, 
	0xa0, 0xa8, 0xb0, 0xb8, 0xb8, 0xc0, 0xc8, 0xc8, 
	0xd0, 0xd0, 0xd0, 0xd0, 0xd0, 0xd0, 0xd0, 0xd0, 
	0xd0, 0xd0, 0xd0, 0xd0, 0xd0, 0xd0, 0xd0, 0xd0, 
	0x58, 0x60, 0x60, 0x68, 0x70, 0x80, 0x88, 0x98, 
	0xa0, 0xa8, 0xb0, 0xb0, 0xb8, 0xc0, 0xc0, 0xc8, 
	0xc8, 0xc8, 0xd0, 0xd0, 0xd0, 0xd0, 0xd0, 0xd0, 
	0xd0, 0xd0, 0xd0, 0xd0, 0xd0, 0xd0, 0xd0, 0xd0, 
	0x58, 0x58, 0x60, 0x68, 0x70, 0x80, 0x88, 0x98, 
	0xa0, 0xa8, 0xa8, 0xb0, 0xb8, 0xb8, 0xc0, 0xc0, 
	0xc8, 0xc8, 0xc8, 0xd0, 0xd0, 0xd0, 0xd0, 0xd0, 
	0xd0, 0xd0, 0xd0, 0xd0, 0xd0, 0xd0, 0xd0, 0xd0, 
	0x50, 0x58, 0x60, 0x68, 0x70, 0x78, 0x88, 0x90, 
	0xa0, 0xa8, 0xa8, 0xb0, 0xb8, 0xb8, 0xb8, 0xc0, 
	0xc0, 0xc8, 0xc8, 0xc8, 0xd0, 0xd0, 0xd0, 0xd0, 
	0xd0, 0xd0, 0xd0, 0xd0, 0xd8, 0xd8, 0xd0, 0xd0, 
	0x50, 0x58, 0x60, 0x60, 0x70, 0x78, 0x88, 0x90, 
	0x98, 0xa8, 0xb0, 0xb0, 0xb8, 0xb8, 0xc0, 0xc0, 
	0xc8, 0xc8, 0xc8, 0xd0, 0xd0, 0xd0, 0xd0, 0xd0, 
	0xd0, 0xd0, 0xd0, 0xd0, 0xd8, 0xd8, 0xd0, 0xd0, 
	0x50, 0x58, 0x60, 0x60, 0x68, 0x78, 0x80, 0x90, 
	0x98, 0xa0, 0xa8, 0xb0, 0xb8, 0xc0, 0xc0, 0xc8, 
	0xc8, 0xc8, 0xd0, 0xd0, 0xd0, 0xd0, 0xd0, 0xd0, 
	0xd0, 0xd0, 0xd0, 0xd8, 0xd8, 0xd8, 0xd8, 0xd0, 
	0x50, 0x58, 0x60, 0x60, 0x68, 0x70, 0x80, 0x88, 
	0x98, 0xa0, 0xa8, 0xb0, 0xb8, 0xc0, 0xc8, 0xc8, 
	0xd0, 0xd0, 0xd0, 0xd0, 0xd0, 0xd0, 0xd0, 0xd0, 
	0xd0, 0xd0, 0xd8, 0xd8, 0xd8, 0xd8, 0xd8, 0xd0, 
	0x50, 0x58, 0x60, 0x68, 0x70, 0x70, 0x80, 0x88, 
	0x90, 0x98, 0xa8, 0xb0, 0xb8, 0xc0, 0xc8, 0xd0, 
	0xd0, 0xd0, 0xd0, 0xd0, 0xd0, 0xd0, 0xd0, 0xd8, 
	0xd8, 0xd8, 0xd8, 0xd8, 0xd8, 0xd8, 0xd8, 0xd0, 
	0x50, 0x58, 0x60, 0x68, 0x70, 0x78, 0x80, 0x88, 
	0x90, 0x98, 0xa0, 0xb0, 0xb8, 0xc0, 0xc8, 0xd0, 
	0xd0, 0xd0, 0xd0, 0xd0, 0xd0, 0xd8, 0xd8, 0xd0, 
	0xd8, 0xd8, 0xd8, 0xd8, 0xd8, 0xd8, 0xd8, 0xd0, 
	0x50, 0x58, 0x60, 0x70, 0x78, 0x80, 0x80, 0x88, 
	0x88, 0x90, 0xa0, 0xa8, 0xb0, 0xc0, 0xc8, 0xd0, 
	0xd0, 0xd0, 0xd0, 0xd0, 0xd0, 0xd0, 0xd0, 0xd0, 
	0xd8, 0xd8, 0xd8, 0xd8, 0xd8, 0xd8, 0xd8, 0xd0, 
	0x50, 0x60, 0x68, 0x78, 0x80, 0x88, 0x88, 0x88, 
	0x90, 0x90, 0x98, 0xa8, 0xb0, 0xb8, 0xc8, 0xd0, 
	0xd0, 0xd0, 0xd0, 0xd0, 0xd0, 0xd0, 0xd0, 0xd0, 
	0xd8, 0xd8, 0xd8, 0xd8, 0xd8, 0xd8, 0xd8, 0xd0, 
	0x50, 0x60, 0x70, 0x80, 0x88, 0x88, 0x90, 0x90, 
	0x90, 0x98, 0x98, 0xa0, 0xb0, 0xb8, 0xc0, 0xc8, 
	0xd0, 0xd0, 0xd0, 0xd0, 0xd0, 0xd0, 0xd0, 0xd0, 
	0xd8, 0xd8, 0xd8, 0xd8, 0xd8, 0xd8, 0xd8, 0xd0, 
	0x50, 0x60, 0x70, 0x80, 0x90, 0x90, 0x98, 0x98, 
	0x98, 0x98, 0x98, 0xa0, 0xa8, 0xb8, 0xc0, 0xc8, 
	0xc8, 0xd0, 0xd0, 0xd0, 0xd0, 0xd0, 0xd0, 0xd0, 
	0xd8, 0xd8, 0xd8, 0xd8, 0xd8, 0xd8, 0xd8, 0xd8, 
	0x50, 0x60, 0x70, 0x80, 0x90, 0x98, 0x98, 0x98, 
	0x98, 0xa0, 0xa0, 0xa8, 0xb0, 0xb0, 0xb8, 0xc0, 
	0xc8, 0xc8, 0xd0, 0xd0, 0xd0, 0xd0, 0xd0, 0xd0, 
	0xd8, 0xd8, 0xd8, 0xd8, 0xd8, 0xd8, 0xd8, 0xd8, 
	0x50, 0x60, 0x70, 0x80, 0x90, 0x98, 0xa0, 0xa0, 
	0xa0, 0xa0, 0xa8, 0xa8, 0xb0, 0xb8, 0xb8, 0xc0, 
	0xc8, 0xc8, 0xc8, 0xd0, 0xd0, 0xd0, 0xd0, 0xd8, 
	0xd8, 0xd8, 0xd8, 0xd8, 0xd8, 0xd8, 0xd8, 0xd8, 
	0x50, 0x60, 0x70, 0x80, 0x90, 0x98, 0xa0, 0xa0, 
	0xa8, 0xa8, 0xa8, 0xb0, 0xb0, 0xb8, 0xb8, 0xc0, 
	0xc0, 0xc8, 0xc8, 0xc8, 0xd0, 0xd0, 0xd0, 0xd8, 
	0xd8, 0xd8, 0xd8, 0xd8, 0xd8, 0xd8, 0xd8, 0xd8, 
	0x50, 0x58, 0x68, 0x78, 0x88, 0x98, 0xa0, 0xa0, 
	0xa8, 0xa8, 0xb0, 0xb0, 0xb8, 0xb8, 0xb8, 0xc0, 
	0xc0, 0xc0, 0xc8, 0xc8, 0xd0, 0xd0, 0xd0, 0xd0, 
	0xd8, 0xd8, 0xd8, 0xd8, 0xd8, 0xd8, 0xd8, 0xd8, 
	0x50, 0x58, 0x68, 0x78, 0x80, 0x90, 0x98, 0xa0, 
	0xa8, 0xa8, 0xb0, 0xb0, 0xb8, 0xb8, 0xc0, 0xc0, 
	0xc0, 0xc0, 0xc8, 0xc8, 0xc8, 0xd0, 0xd0, 0xd0, 
	0xd0, 0xd0, 0xd0, 0xd8, 0xd8, 0xd8, 0xd8, 0xd8, 
	0x50, 0x58, 0x60, 0x70, 0x80, 0x88, 0x98, 0xa0, 
	0xa8, 0xa8, 0xb0, 0xb8, 0xb8, 0xb8, 0xc0, 0xc0, 
	0xc0, 0xc8, 0xc8, 0xc8, 0xc8, 0xc8, 0xd0, 0xd0, 
	0xd0, 0xd0, 0xd0, 0xd8, 0xd8, 0xd8, 0xd8, 0xd8, 
	0x50, 0x58, 0x60, 0x70, 0x78, 0x88, 0x90, 0x98, 
	0xa0, 0xa8, 0xb0, 0xb8, 0xb8, 0xc0, 0xc0, 0xc0, 
	0xc8, 0xc8, 0xc8, 0xc8, 0xc8, 0xc8, 0xc8, 0xd0, 
	0xd0, 0xd0, 0xd0, 0xd0, 0xd8, 0xd8, 0xd8, 0xd8, 
	0x50, 0x58, 0x60, 0x68, 0x78, 0x80, 0x90, 0x98, 
	0xa0, 0xa8, 0xb0, 0xb8, 0xb8, 0xc0, 0xc0, 0xc8, 
	0xc8, 0xc8, 0xc8, 0xc8, 0xc8, 0xc8, 0xc8, 0xd0, 
	0xd0, 0xd0, 0xd0, 0xd0, 0xd8, 0xd8, 0xd8, 0xd8, 
	0x50, 0x60, 0x60, 0x68, 0x78, 0x80, 0x90, 0x98, 
	0xa0, 0xa8, 0xb0, 0xb8, 0xc0, 0xc0, 0xc8, 0xc8, 
	0xc8, 0xc8, 0xc8, 0xc8, 0xc8, 0xc8, 0xd0, 0xd0, 
	0xd0, 0xd0, 0xd0, 0xd0, 0xd0, 0xd8, 0xd8, 0xd8, 
	0x50, 0x60, 0x60, 0x70, 0x78, 0x80, 0x90, 0x98, 
	0xa8, 0xb0, 0xb8, 0xb8, 0xc0, 0xc8, 0xc8, 0xd0, 
	0xd0, 0xd0, 0xd0, 0xd0, 0xd0, 0xd0, 0xd0, 0xd0, 
	0xd0, 0xd0, 0xd0, 0xd0, 0xd8, 0xd8, 0xd8, 0xd8, 
	0x50, 0x60, 0x68, 0x70, 0x78, 0x88, 0x90, 0x98, 
	0xa8, 0xb0, 0xb8, 0xc0, 0xc8, 0xc8, 0xd0, 0xd0, 
	0xd0, 0xd0, 0xd0, 0xd0, 0xd0, 0xd0, 0xd0, 0xd0, 
	0xd0, 0xd0, 0xd0, 0xd0, 0xd8, 0xd8, 0xd8, 0xd8, 
	0x58, 0x60, 0x68, 0x70, 0x78, 0x88, 0x90, 0x98, 
	0xa8, 0xb0, 0xb8, 0xc0, 0xc8, 0xd0, 0xd0, 0xd8, 
	0xd8, 0xd8, 0xd8, 0xd8, 0xd8, 0xd8, 0xd0, 0xd0, 
	0xd8, 0xd8, 0xd8, 0xd8, 0xd8, 0xd8, 0xd8, 0xd8, 
	0x58, 0x60, 0x68, 0x70, 0x78, 0x80, 0x88, 0x98, 
	0xa0, 0xa8, 0xb8, 0xc0, 0xc8, 0xd0, 0xd0, 0xd8, 
	0xd8, 0xd8, 0xd8, 0xd8, 0xd8, 0xd8, 0xd8, 0xd8, 
	0xd8, 0xd8, 0xd8, 0xd8, 0xd8, 0xd8, 0xd8, 0xd8, 
	0x58, 0x60, 0x68, 0x70, 0x78, 0x80, 0x88, 0x90, 
	0x98, 0xa8, 0xb0, 0xb8, 0xc0, 0xc8, 0xd0, 0xd8, 
	0xd8, 0xd8, 0xd8, 0xd8, 0xd8, 0xd8, 0xd8, 0xd8, 
	0xd8, 0xd8, 0xd8, 0xd8, 0xd8, 0xd8, 0xd8, 0xd8, 
	0x58, 0x60, 0x60, 0x68, 0x70, 0x78, 0x80, 0x88, 
	0x98, 0xa0, 0xa8, 0xb0, 0xc0, 0xc8, 0xd0, 0xd8, 
	0xd8, 0xd8, 0xd8, 0xe0, 0xe0, 0xe0, 0xd8, 0xd8, 
	0xd8, 0xd8, 0xd8, 0xd8, 0xd8, 0xd8, 0xd8, 0xd8, 
	0x58, 0x60, 0x60, 0x68, 0x70, 0x78, 0x80, 0x88, 
	0x90, 0x98, 0xa0, 0xb0, 0xb8, 0xc0, 0xc8, 0xd0, 
	0xd8, 0xd8, 0xd8, 0xe0, 0xe0, 0xe0, 0xd8, 0xd8, 
	0xd8, 0xd8, 0xd8, 0xd8, 0xd8, 0xd8, 0xd8, 0xd0, 
	0x58, 0x60, 0x68, 0x68, 0x70, 0x78, 0x78, 0x80, 
	0x88, 0x90, 0x98, 0xa8, 0xb0, 0xc0, 0xc8, 0xd0, 
	0xd0, 0xd8, 0xd8, 0xe0, 0xe0, 0xe0, 0xd8, 0xd8, 
	0xd8, 0xd8, 0xd8, 0xd8, 0xd8, 0xd8, 0xd8, 0xd8, 
	0x58, 0x60, 0x68, 0x70, 0x78, 0x78, 0x80, 0x80, 
	0x88, 0x90, 0x98, 0xa0, 0xb0, 0xb8, 0xc0, 0xc8, 
	0xd0, 0xd0, 0xd8, 0xd8, 0xd8, 0xd8, 0xd8, 0xd8, 
	0xd8, 0xd8, 0xd8, 0xd8, 0xd8, 0xd8, 0xd8, 0xd0, 
	0x58, 0x60, 0x70, 0x78, 0x78, 0x80, 0x80, 0x88, 
	0x88, 0x90, 0x98, 0xa0, 0xb0, 0xb8, 0xc0, 0xc8, 
	0xd0, 0xd0, 0xd0, 0xd8, 0xd8, 0xd8, 0xd8, 0xd8, 
	0xd8, 0xd8, 0xd8, 0xd8, 0xd8, 0xd8, 0xd8, 0xd0, 
	0x58, 0x60, 0x70, 0x78, 0x80, 0x88, 0x88, 0x88, 
	0x90, 0x90, 0x98, 0xa0, 0xb0, 0xb8, 0xc0, 0xc8, 
	0xc8, 0xd0, 0xd0, 0xd8, 0xd8, 0xd8, 0xd8, 0xd8, 
	0xd8, 0xd8, 0xd8, 0xd8, 0xd8, 0xd8, 0xd8, 0xd8, 
	0x58, 0x60, 0x70, 0x80, 0x88, 0x90, 0x90, 0x90, 
	0x90, 0x98, 0xa0, 0xa8, 0xb0, 0xb8, 0xc0, 0xc8, 
	0xc8, 0xc8, 0xd0, 0xd0, 0xd0, 0xd8, 0xd8, 0xd8, 
	0xd8, 0xd8, 0xd8, 0xd8, 0xd8, 0xd8, 0xd8, 0xd0, 
	0x58, 0x60, 0x70, 0x80, 0x88, 0x90, 0x90, 0x98, 
	0x98, 0x98, 0xa0, 0xa8, 0xb0, 0xb8, 0xc0, 0xc8, 
	0xc8, 0xc8, 0xd0, 0xd0, 0xd0, 0xd8, 0xd8, 0xd8, 
	0xd8, 0xd8, 0xd8, 0xd8, 0xd8, 0xd8, 0xd8, 0xd8, 
	0x58, 0x60, 0x70, 0x80, 0x88, 0x90, 0x98, 0x98, 
	0xa0, 0xa0, 0xa8, 0xb0, 0xb0, 0xb8, 0xc0, 0xc8, 
	0xc8, 0xd0, 0xd0, 0xd0, 0xd0, 0xd8, 0xd8, 0xd8, 
	0xd8, 0xd8, 0xd8, 0xd8, 0xd8, 0xd8, 0xd8, 0xd0, 
	0x50, 0x60, 0x68, 0x78, 0x88, 0x90, 0x98, 0x98, 
	0xa0, 0xa8, 0xa8, 0xb0, 0xb8, 0xc0, 0xc0, 0xc8, 
	0xd0, 0xd0, 0xd0, 0xd0, 0xd0, 0xd0, 0xd0, 0xd8, 
	0xd8, 0xd8, 0xd8, 0xd8, 0xd8, 0xd8, 0xd8, 0xd0, 
	0x50, 0x58, 0x68, 0x70, 0x80, 0x88, 0x98, 0x98, 
	0xa0, 0xa8, 0xb0, 0xb0, 0xb8, 0xc0, 0xc8, 0xc8, 
	0xd0, 0xd0, 0xd0, 0xd0, 0xd0, 0xd0, 0xd0, 0xd8, 
	0xd8, 0xd8, 0xd0, 0xd0, 0xd0, 0xd8, 0xd8, 0xd0, 
	0x50, 0x58, 0x60, 0x70, 0x80, 0x88, 0x90, 0x98, 
	0xa0, 0xa8, 0xb0, 0xb0, 0xb8, 0xc0, 0xc8, 0xc8, 
	0xc8, 0xd0, 0xd0, 0xd0, 0xd0, 0xd0, 0xd0, 0xd0, 
	0xd8, 0xd8, 0xd0, 0xd0, 0xd0, 0xd0, 0xd8, 0xd0, 
	0x50, 0x58, 0x60, 0x68, 0x78, 0x88, 0x90, 0x98, 
	0xa0, 0xa8, 0xb0, 0xb0, 0xb8, 0xc0, 0xc0, 0xc8, 
	0xc8, 0xc8, 0xc8, 0xc8, 0xd0, 0xd0, 0xd0, 0xd0, 
	0xd0, 0xd0, 0xd0, 0xd0, 0xd0, 0xd0, 0xd8, 0xd0, 
	0x50, 0x58, 0x60, 0x68, 0x78, 0x80, 0x88, 0x98, 
	0xa0, 0xa8, 0xa8, 0xb0, 0xb8, 0xc0, 0xc0, 0xc8, 
	0xc8, 0xc8, 0xc8, 0xc8, 0xc8, 0xc8, 0xd0, 0xd0, 
	0xd0, 0xd0, 0xd0, 0xd0, 0xd0, 0xd0, 0xd0, 0xd0, 
	0x50, 0x58, 0x60, 0x68, 0x78, 0x80, 0x88, 0x90, 
	0x98, 0xa0, 0xa8, 0xb0, 0xb8, 0xc0, 0xc0, 0xc8, 
	0xc8, 0xc8, 0xc8, 0xc8, 0xc8, 0xc8, 0xd0, 0xd0, 
	0xd0, 0xd0, 0xd0, 0xd0, 0xd0, 0xd0, 0xd0, 0xd0, 
	0x50, 0x58, 0x60, 0x70, 0x78, 0x80, 0x88, 0x90, 
	0x98, 0xa0, 0xa8, 0xb0, 0xb8, 0xc0, 0xc0, 0xc8, 
	0xc8, 0xc8, 0xc8, 0xc8, 0xd0, 0xd0, 0xd0, 0xd0, 
	0xd0, 0xd0, 0xd0, 0xd0, 0xd0, 0xd0, 0xd0, 0xd0, 
	0x50, 0x60, 0x68, 0x70, 0x78, 0x80, 0x88, 0x90, 
	0x98, 0xa0, 0xa8, 0xb0, 0xb8, 0xb8, 0xc0, 0xc8, 
	0xc8, 0xc8, 0xd0, 0xd0, 0xd0, 0xd0, 0xd0, 0xd0, 
	0xd0, 0xd0, 0xd0, 0xd0, 0xd0, 0xd0, 0xd0, 0xd0, 
	
};

Gfx rsilverpillar_uzu_i8_aligner[] = {gsSPEndDisplayList()};
u8 rsilverpillar_uzu_i8[] = {
	0x40, 0x40, 0x48, 0x58, 0x60, 0x68, 0x68, 0x78, 
	0x78, 0x78, 0x78, 0x80, 0x88, 0x90, 0x98, 0x98, 
	0x98, 0x98, 0x98, 0x90, 0x88, 0x88, 0x98, 0xa8, 
	0xb8, 0xc8, 0xc8, 0xb8, 0xb0, 0x98, 0x88, 0x78, 
	0x70, 0x70, 0x78, 0x88, 0x98, 0xa0, 0xa0, 0xa0, 
	0xa8, 0xa8, 0xb0, 0xa8, 0x98, 0x88, 0x88, 0x80, 
	0x78, 0x78, 0x78, 0x70, 0x68, 0x58, 0x58, 0x58, 
	0x60, 0x70, 0x88, 0x90, 0x88, 0x60, 0x48, 0x48, 
	0x40, 0x40, 0x48, 0x58, 0x60, 0x68, 0x68, 0x78, 
	0x78, 0x78, 0x78, 0x80, 0x88, 0x90, 0x98, 0x98, 
	0x98, 0x98, 0x98, 0x90, 0x88, 0x88, 0x98, 0xa8, 
	0xb8, 0xc8, 0xc8, 0xb8, 0xb0, 0x98, 0x88, 0x78, 
	0x70, 0x70, 0x78, 0x88, 0x98, 0xa0, 0xa0, 0xa0, 
	0xa8, 0xa8, 0xb0, 0xa8, 0x98, 0x88, 0x88, 0x80, 
	0x78, 0x78, 0x78, 0x70, 0x68, 0x58, 0x58, 0x58, 
	0x60, 0x70, 0x88, 0x90, 0x88, 0x60, 0x48, 0x48, 
	0x40, 0x40, 0x48, 0x58, 0x60, 0x68, 0x68, 0x78, 
	0x78, 0x78, 0x78, 0x80, 0x88, 0x90, 0x98, 0x98, 
	0x98, 0x98, 0x98, 0x90, 0x88, 0x88, 0x98, 0xa8, 
	0xb8, 0xc8, 0xc8, 0xb8, 0xb0, 0x98, 0x88, 0x78, 
	0x70, 0x70, 0x78, 0x88, 0x98, 0xa0, 0xa0, 0xa0, 
	0xa8, 0xa8, 0xb0, 0xa8, 0x98, 0x88, 0x88, 0x80, 
	0x78, 0x78, 0x78, 0x70, 0x68, 0x58, 0x58, 0x58, 
	0x60, 0x70, 0x88, 0x90, 0x88, 0x60, 0x48, 0x48, 
	0x40, 0x40, 0x48, 0x58, 0x60, 0x68, 0x68, 0x78, 
	0x78, 0x78, 0x78, 0x80, 0x88, 0x90, 0x98, 0x98, 
	0x98, 0x98, 0x98, 0x90, 0x88, 0x88, 0x98, 0xa8, 
	0xb8, 0xc8, 0xc8, 0xb8, 0xb0, 0x98, 0x88, 0x78, 
	0x70, 0x70, 0x78, 0x88, 0x98, 0xa0, 0xa0, 0xa0, 
	0xa8, 0xa8, 0xb0, 0xa8, 0x98, 0x88, 0x88, 0x80, 
	0x78, 0x78, 0x78, 0x70, 0x68, 0x58, 0x58, 0x58, 
	0x60, 0x70, 0x88, 0x90, 0x88, 0x60, 0x48, 0x48, 
	0x40, 0x40, 0x48, 0x58, 0x60, 0x68, 0x68, 0x78, 
	0x78, 0x78, 0x78, 0x80, 0x88, 0x90, 0x98, 0x98, 
	0x98, 0x98, 0x98, 0x90, 0x88, 0x88, 0x98, 0xa8, 
	0xb8, 0xc8, 0xc8, 0xb8, 0xb0, 0x98, 0x88, 0x78, 
	0x70, 0x70, 0x78, 0x88, 0x98, 0xa0, 0xa0, 0xa0, 
	0xa8, 0xa8, 0xb0, 0xa8, 0x98, 0x88, 0x88, 0x80, 
	0x78, 0x78, 0x78, 0x70, 0x68, 0x58, 0x58, 0x58, 
	0x60, 0x70, 0x88, 0x90, 0x88, 0x60, 0x48, 0x48, 
	0x40, 0x40, 0x48, 0x58, 0x60, 0x68, 0x68, 0x78, 
	0x78, 0x78, 0x78, 0x80, 0x88, 0x90, 0x98, 0x98, 
	0x98, 0x98, 0x98, 0x90, 0x88, 0x88, 0x98, 0xa8, 
	0xb8, 0xc8, 0xc8, 0xb8, 0xb0, 0x98, 0x88, 0x78, 
	0x70, 0x70, 0x78, 0x88, 0x98, 0xa0, 0xa0, 0xa0, 
	0xa8, 0xa8, 0xb0, 0xa8, 0x98, 0x88, 0x88, 0x80, 
	0x78, 0x78, 0x78, 0x70, 0x68, 0x58, 0x58, 0x58, 
	0x60, 0x70, 0x88, 0x90, 0x88, 0x60, 0x48, 0x48, 
	0x40, 0x40, 0x48, 0x58, 0x60, 0x68, 0x68, 0x78, 
	0x78, 0x78, 0x78, 0x80, 0x88, 0x90, 0x98, 0x98, 
	0x98, 0x98, 0x98, 0x90, 0x88, 0x88, 0x98, 0xa8, 
	0xb8, 0xc8, 0xc8, 0xb8, 0xb0, 0x98, 0x88, 0x78, 
	0x70, 0x70, 0x78, 0x88, 0x98, 0xa0, 0xa0, 0xa0, 
	0xa8, 0xa8, 0xb0, 0xa8, 0x98, 0x88, 0x88, 0x80, 
	0x78, 0x78, 0x78, 0x70, 0x68, 0x58, 0x58, 0x58, 
	0x60, 0x70, 0x88, 0x90, 0x88, 0x60, 0x48, 0x48, 
	0x40, 0x40, 0x48, 0x58, 0x60, 0x68, 0x68, 0x78, 
	0x78, 0x78, 0x78, 0x80, 0x88, 0x90, 0x98, 0x98, 
	0x98, 0x98, 0x98, 0x90, 0x88, 0x88, 0x98, 0xa8, 
	0xb8, 0xc8, 0xc8, 0xb8, 0xb0, 0x98, 0x88, 0x78, 
	0x70, 0x70, 0x78, 0x88, 0x98, 0xa0, 0xa0, 0xa0, 
	0xa8, 0xa8, 0xb0, 0xa8, 0x98, 0x88, 0x88, 0x80, 
	0x78, 0x78, 0x78, 0x70, 0x68, 0x58, 0x58, 0x58, 
	0x60, 0x70, 0x88, 0x90, 0x88, 0x60, 0x48, 0x48, 
	0x40, 0x40, 0x48, 0x58, 0x60, 0x68, 0x68, 0x78, 
	0x78, 0x78, 0x78, 0x80, 0x88, 0x90, 0x98, 0x98, 
	0xa0, 0x98, 0x98, 0x98, 0x88, 0x88, 0x98, 0xa8, 
	0xb8, 0xc8, 0xc8, 0xb8, 0xb0, 0x98, 0x88, 0x78, 
	0x70, 0x70, 0x78, 0x88, 0x98, 0xa0, 0xa0, 0xa0, 
	0xa8, 0xa8, 0xb0, 0xa8, 0x98, 0x88, 0x88, 0x80, 
	0x78, 0x78, 0x78, 0x70, 0x68, 0x58, 0x58, 0x58, 
	0x60, 0x70, 0x88, 0x90, 0x88, 0x60, 0x48, 0x48, 
	0x40, 0x40, 0x48, 0x58, 0x60, 0x68, 0x68, 0x78, 
	0x78, 0x78, 0x78, 0x80, 0x88, 0x90, 0x98, 0x98, 
	0xa0, 0x98, 0x98, 0x98, 0x88, 0x88, 0x98, 0xa8, 
	0xb8, 0xc8, 0xc8, 0xb8, 0xb0, 0x98, 0x88, 0x78, 
	0x70, 0x70, 0x78, 0x88, 0x98, 0xa0, 0xa0, 0xa0, 
	0xa8, 0xa8, 0xb0, 0xa8, 0x98, 0x88, 0x88, 0x80, 
	0x78, 0x78, 0x78, 0x70, 0x68, 0x58, 0x58, 0x58, 
	0x60, 0x70, 0x88, 0x90, 0x88, 0x60, 0x48, 0x48, 
	0x40, 0x40, 0x48, 0x58, 0x60, 0x68, 0x68, 0x78, 
	0x78, 0x78, 0x78, 0x80, 0x88, 0x90, 0x98, 0x98, 
	0xa0, 0x98, 0x98, 0x98, 0x88, 0x88, 0x98, 0xa8, 
	0xb8, 0xc8, 0xc8, 0xb8, 0xb0, 0x98, 0x88, 0x78, 
	0x70, 0x70, 0x78, 0x88, 0x98, 0xa0, 0xa0, 0xa0, 
	0xa8, 0xa8, 0xb0, 0xa8, 0x98, 0x88, 0x88, 0x80, 
	0x78, 0x78, 0x78, 0x70, 0x68, 0x58, 0x58, 0x58, 
	0x60, 0x70, 0x88, 0x90, 0x88, 0x60, 0x48, 0x48, 
	0x40, 0x40, 0x48, 0x58, 0x60, 0x68, 0x68, 0x78, 
	0x78, 0x78, 0x78, 0x80, 0x88, 0x90, 0x98, 0x98, 
	0xa0, 0x98, 0x98, 0x98, 0x88, 0x88, 0x98, 0xa8, 
	0xb8, 0xc8, 0xc8, 0xb8, 0xb0, 0x98, 0x88, 0x78, 
	0x70, 0x70, 0x78, 0x88, 0x98, 0xa0, 0xa0, 0xa0, 
	0xa8, 0xa8, 0xb0, 0xa8, 0x98, 0x88, 0x88, 0x80, 
	0x78, 0x78, 0x78, 0x70, 0x68, 0x58, 0x58, 0x58, 
	0x60, 0x70, 0x88, 0x90, 0x88, 0x60, 0x48, 0x48, 
	0x40, 0x40, 0x48, 0x58, 0x60, 0x68, 0x68, 0x78, 
	0x78, 0x78, 0x78, 0x80, 0x88, 0x90, 0x98, 0x98, 
	0xa0, 0x98, 0x98, 0x98, 0x88, 0x88, 0x98, 0xa8, 
	0xb8, 0xc8, 0xc8, 0xb8, 0xb0, 0x98, 0x88, 0x78, 
	0x70, 0x70, 0x78, 0x88, 0x98, 0xa0, 0xa0, 0xa0, 
	0xa8, 0xa8, 0xb0, 0xa8, 0x98, 0x88, 0x88, 0x80, 
	0x78, 0x78, 0x78, 0x70, 0x68, 0x58, 0x58, 0x58, 
	0x60, 0x70, 0x88, 0x90, 0x88, 0x60, 0x48, 0x48, 
	0x40, 0x40, 0x48, 0x58, 0x60, 0x68, 0x68, 0x78, 
	0x78, 0x78, 0x78, 0x80, 0x88, 0x90, 0x98, 0x98, 
	0xa0, 0x98, 0x98, 0x98, 0x88, 0x88, 0x98, 0xa8, 
	0xb8, 0xc8, 0xc8, 0xb8, 0xb0, 0x98, 0x88, 0x78, 
	0x70, 0x70, 0x78, 0x88, 0x98, 0xa0, 0xa0, 0xa0, 
	0xa8, 0xa8, 0xb0, 0xa8, 0x98, 0x88, 0x88, 0x80, 
	0x78, 0x78, 0x78, 0x70, 0x68, 0x58, 0x58, 0x58, 
	0x60, 0x70, 0x88, 0x90, 0x88, 0x60, 0x48, 0x48, 
	0x40, 0x40, 0x48, 0x58, 0x60, 0x68, 0x68, 0x78, 
	0x78, 0x78, 0x78, 0x80, 0x88, 0x90, 0x98, 0x98, 
	0xa0, 0x98, 0x98, 0x98, 0x88, 0x88, 0x98, 0xa8, 
	0xb8, 0xc8, 0xc8, 0xb8, 0xb0, 0x98, 0x88, 0x78, 
	0x70, 0x70, 0x78, 0x88, 0x98, 0xa0, 0xa0, 0xa0, 
	0xa8, 0xa8, 0xb0, 0xa8, 0x98, 0x88, 0x88, 0x80, 
	0x78, 0x78, 0x78, 0x70, 0x68, 0x58, 0x58, 0x58, 
	0x60, 0x70, 0x88, 0x90, 0x88, 0x60, 0x48, 0x48, 
	0x40, 0x40, 0x48, 0x58, 0x60, 0x68, 0x68, 0x78, 
	0x78, 0x78, 0x78, 0x80, 0x88, 0x90, 0x98, 0x98, 
	0xa0, 0x98, 0x98, 0x98, 0x88, 0x88, 0x98, 0xa8, 
	0xb8, 0xc8, 0xc8, 0xb8, 0xb0, 0x98, 0x88, 0x78, 
	0x70, 0x70, 0x78, 0x88, 0x98, 0xa0, 0xa0, 0xa0, 
	0xa8, 0xa8, 0xb0, 0xa8, 0x98, 0x88, 0x88, 0x80, 
	0x78, 0x78, 0x78, 0x70, 0x68, 0x58, 0x58, 0x58, 
	0x60, 0x70, 0x88, 0x90, 0x88, 0x60, 0x48, 0x48, 
	0x40, 0x40, 0x48, 0x58, 0x60, 0x68, 0x68, 0x78, 
	0x78, 0x78, 0x78, 0x80, 0x88, 0x90, 0x98, 0x98, 
	0xa0, 0x98, 0x98, 0x98, 0x88, 0x88, 0x98, 0xa8, 
	0xb8, 0xc8, 0xc8, 0xb8, 0xb0, 0x98, 0x88, 0x78, 
	0x70, 0x70, 0x78, 0x88, 0x98, 0xa0, 0xa0, 0xa0, 
	0xa8, 0xa8, 0xb0, 0xa8, 0x98, 0x88, 0x88, 0x80, 
	0x78, 0x78, 0x78, 0x70, 0x68, 0x58, 0x58, 0x58, 
	0x60, 0x70, 0x88, 0x90, 0x88, 0x60, 0x48, 0x48, 
	0x40, 0x40, 0x48, 0x58, 0x60, 0x68, 0x68, 0x78, 
	0x78, 0x78, 0x78, 0x80, 0x88, 0x90, 0x98, 0x98, 
	0xa0, 0x98, 0x98, 0x98, 0x88, 0x88, 0x98, 0xa8, 
	0xb8, 0xc8, 0xc8, 0xb8, 0xb0, 0x98, 0x88, 0x78, 
	0x70, 0x70, 0x78, 0x88, 0x98, 0xa0, 0xa0, 0xa0, 
	0xa8, 0xa8, 0xb0, 0xa8, 0x98, 0x88, 0x88, 0x80, 
	0x78, 0x78, 0x78, 0x70, 0x68, 0x58, 0x58, 0x58, 
	0x60, 0x70, 0x88, 0x90, 0x88, 0x60, 0x48, 0x48, 
	0x40, 0x40, 0x48, 0x58, 0x60, 0x68, 0x68, 0x78, 
	0x78, 0x78, 0x78, 0x80, 0x88, 0x90, 0x98, 0x98, 
	0xa0, 0x98, 0x98, 0x98, 0x88, 0x88, 0x98, 0xa8, 
	0xb8, 0xc8, 0xc8, 0xb8, 0xb0, 0x98, 0x88, 0x78, 
	0x70, 0x70, 0x78, 0x88, 0x98, 0xa0, 0xa0, 0xa0, 
	0xa8, 0xa8, 0xb0, 0xa8, 0x98, 0x88, 0x88, 0x80, 
	0x78, 0x78, 0x78, 0x70, 0x68, 0x58, 0x58, 0x58, 
	0x60, 0x70, 0x88, 0x90, 0x88, 0x60, 0x48, 0x48, 
	0x40, 0x40, 0x48, 0x58, 0x60, 0x68, 0x68, 0x78, 
	0x78, 0x78, 0x78, 0x80, 0x88, 0x90, 0x98, 0x98, 
	0xa0, 0x98, 0x98, 0x98, 0x88, 0x88, 0x98, 0xa8, 
	0xb8, 0xc8, 0xc8, 0xb8, 0xb0, 0x98, 0x88, 0x78, 
	0x70, 0x70, 0x78, 0x88, 0x98, 0xa0, 0xa0, 0xa0, 
	0xa8, 0xa8, 0xb0, 0xa8, 0x98, 0x88, 0x88, 0x80, 
	0x78, 0x78, 0x78, 0x70, 0x68, 0x58, 0x58, 0x58, 
	0x60, 0x70, 0x88, 0x90, 0x88, 0x60, 0x48, 0x48, 
	0x40, 0x40, 0x48, 0x58, 0x60, 0x68, 0x68, 0x78, 
	0x78, 0x78, 0x78, 0x80, 0x88, 0x90, 0x98, 0x98, 
	0xa0, 0x98, 0x98, 0x98, 0x88, 0x88, 0x98, 0xa8, 
	0xb8, 0xc8, 0xc8, 0xb8, 0xb0, 0x98, 0x88, 0x78, 
	0x70, 0x70, 0x78, 0x88, 0x98, 0xa0, 0xa0, 0xa0, 
	0xa8, 0xa8, 0xb0, 0xa8, 0x98, 0x88, 0x88, 0x80, 
	0x78, 0x78, 0x78, 0x70, 0x68, 0x58, 0x58, 0x58, 
	0x60, 0x70, 0x88, 0x90, 0x88, 0x60, 0x48, 0x48, 
	0x40, 0x40, 0x48, 0x58, 0x60, 0x68, 0x68, 0x78, 
	0x78, 0x78, 0x78, 0x80, 0x88, 0x90, 0x98, 0x98, 
	0xa0, 0x98, 0x98, 0x98, 0x88, 0x88, 0x98, 0xa8, 
	0xb8, 0xc8, 0xc8, 0xb8, 0xb0, 0x98, 0x88, 0x78, 
	0x70, 0x70, 0x78, 0x88, 0x98, 0xa0, 0xa0, 0xa0, 
	0xa8, 0xa8, 0xb0, 0xa8, 0x98, 0x88, 0x88, 0x80, 
	0x78, 0x78, 0x78, 0x70, 0x68, 0x58, 0x58, 0x58, 
	0x60, 0x70, 0x88, 0x90, 0x88, 0x60, 0x48, 0x48, 
	0x40, 0x40, 0x48, 0x58, 0x60, 0x68, 0x68, 0x78, 
	0x78, 0x78, 0x78, 0x80, 0x88, 0x90, 0x98, 0x98, 
	0xa0, 0x98, 0x98, 0x98, 0x88, 0x88, 0x98, 0xa8, 
	0xb8, 0xc8, 0xc8, 0xb8, 0xb0, 0x98, 0x88, 0x78, 
	0x70, 0x70, 0x78, 0x88, 0x98, 0xa0, 0xa0, 0xa0, 
	0xa8, 0xa8, 0xb0, 0xa8, 0x98, 0x88, 0x88, 0x80, 
	0x78, 0x78, 0x78, 0x70, 0x68, 0x58, 0x58, 0x58, 
	0x60, 0x70, 0x88, 0x90, 0x88, 0x60, 0x48, 0x48, 
	0x40, 0x40, 0x48, 0x58, 0x60, 0x68, 0x68, 0x78, 
	0x78, 0x78, 0x78, 0x80, 0x88, 0x90, 0x98, 0x98, 
	0xa0, 0x98, 0x98, 0x98, 0x88, 0x88, 0x98, 0xa8, 
	0xb8, 0xc8, 0xc8, 0xb8, 0xb0, 0x98, 0x88, 0x78, 
	0x70, 0x70, 0x78, 0x88, 0x98, 0xa0, 0xa0, 0xa0, 
	0xa8, 0xa8, 0xb0, 0xa8, 0x98, 0x88, 0x88, 0x80, 
	0x78, 0x78, 0x78, 0x70, 0x68, 0x58, 0x58, 0x58, 
	0x60, 0x70, 0x88, 0x90, 0x88, 0x60, 0x48, 0x48, 
	0x40, 0x40, 0x48, 0x58, 0x60, 0x68, 0x68, 0x78, 
	0x78, 0x78, 0x78, 0x80, 0x88, 0x90, 0x98, 0x98, 
	0xa0, 0x98, 0x98, 0x98, 0x88, 0x88, 0x98, 0xa8, 
	0xb8, 0xc8, 0xc8, 0xb8, 0xb0, 0x98, 0x88, 0x78, 
	0x70, 0x70, 0x78, 0x88, 0x98, 0xa0, 0xa0, 0xa0, 
	0xa8, 0xa8, 0xb0, 0xa8, 0x98, 0x88, 0x88, 0x80, 
	0x78, 0x78, 0x78, 0x70, 0x68, 0x58, 0x58, 0x58, 
	0x60, 0x70, 0x88, 0x90, 0x88, 0x60, 0x48, 0x48, 
	0x40, 0x40, 0x48, 0x58, 0x60, 0x68, 0x68, 0x78, 
	0x78, 0x78, 0x78, 0x80, 0x88, 0x90, 0x98, 0x98, 
	0xa0, 0x98, 0x98, 0x98, 0x88, 0x88, 0x98, 0xa8, 
	0xb8, 0xc8, 0xc8, 0xb8, 0xb0, 0x98, 0x88, 0x78, 
	0x70, 0x70, 0x78, 0x88, 0x98, 0xa0, 0xa0, 0xa0, 
	0xa8, 0xa8, 0xb0, 0xa8, 0x98, 0x88, 0x88, 0x80, 
	0x78, 0x78, 0x78, 0x70, 0x68, 0x58, 0x58, 0x58, 
	0x60, 0x70, 0x88, 0x90, 0x88, 0x60, 0x48, 0x48, 
	0x40, 0x40, 0x48, 0x58, 0x60, 0x68, 0x68, 0x78, 
	0x78, 0x78, 0x78, 0x80, 0x88, 0x90, 0x98, 0x98, 
	0xa0, 0x98, 0x98, 0x98, 0x88, 0x88, 0x98, 0xa8, 
	0xb8, 0xc8, 0xc8, 0xb8, 0xb0, 0x98, 0x88, 0x78, 
	0x70, 0x70, 0x78, 0x88, 0x98, 0xa0, 0xa0, 0xa0, 
	0xa8, 0xa8, 0xb0, 0xa8, 0x98, 0x88, 0x88, 0x80, 
	0x78, 0x78, 0x78, 0x70, 0x68, 0x58, 0x58, 0x58, 
	0x60, 0x70, 0x88, 0x90, 0x88, 0x60, 0x48, 0x48, 
	0x40, 0x40, 0x48, 0x58, 0x60, 0x68, 0x68, 0x78, 
	0x78, 0x78, 0x78, 0x80, 0x88, 0x90, 0x98, 0x98, 
	0xa0, 0x98, 0x98, 0x98, 0x88, 0x88, 0x98, 0xa8, 
	0xb8, 0xc8, 0xc8, 0xb8, 0xb0, 0x98, 0x88, 0x78, 
	0x70, 0x70, 0x78, 0x88, 0x98, 0xa0, 0xa0, 0xa0, 
	0xa8, 0xa8, 0xb0, 0xa8, 0x98, 0x88, 0x88, 0x80, 
	0x78, 0x78, 0x78, 0x70, 0x68, 0x58, 0x58, 0x58, 
	0x60, 0x70, 0x88, 0x90, 0x88, 0x60, 0x48, 0x48, 
	0x40, 0x40, 0x48, 0x58, 0x60, 0x68, 0x68, 0x78, 
	0x78, 0x78, 0x78, 0x80, 0x88, 0x90, 0x98, 0x98, 
	0xa0, 0x98, 0x98, 0x98, 0x88, 0x88, 0x98, 0xa8, 
	0xb8, 0xc8, 0xc8, 0xb8, 0xb0, 0x98, 0x88, 0x78, 
	0x70, 0x70, 0x78, 0x88, 0x98, 0xa0, 0xa0, 0xa0, 
	0xa8, 0xa8, 0xb0, 0xa8, 0x98, 0x88, 0x88, 0x80, 
	0x78, 0x78, 0x78, 0x70, 0x68, 0x58, 0x58, 0x58, 
	0x60, 0x70, 0x88, 0x90, 0x88, 0x60, 0x48, 0x48, 
	0x40, 0x40, 0x48, 0x58, 0x60, 0x68, 0x68, 0x78, 
	0x78, 0x78, 0x78, 0x80, 0x88, 0x90, 0x98, 0x98, 
	0xa0, 0x98, 0x98, 0x98, 0x88, 0x88, 0x98, 0xa8, 
	0xb8, 0xc8, 0xc8, 0xb8, 0xb0, 0x98, 0x88, 0x78, 
	0x70, 0x70, 0x78, 0x88, 0x98, 0xa0, 0xa0, 0xa0, 
	0xa8, 0xa8, 0xb0, 0xa8, 0x98, 0x88, 0x88, 0x80, 
	0x78, 0x78, 0x78, 0x70, 0x68, 0x58, 0x58, 0x58, 
	0x60, 0x70, 0x88, 0x90, 0x88, 0x60, 0x48, 0x48, 
	0x40, 0x40, 0x48, 0x58, 0x60, 0x68, 0x68, 0x78, 
	0x78, 0x78, 0x78, 0x80, 0x88, 0x90, 0x98, 0x98, 
	0xa0, 0x98, 0x98, 0x98, 0x88, 0x88, 0x98, 0xa8, 
	0xb8, 0xc8, 0xc8, 0xb8, 0xb0, 0x98, 0x88, 0x78, 
	0x70, 0x70, 0x78, 0x88, 0x98, 0xa0, 0xa0, 0xa0, 
	0xa8, 0xa8, 0xb0, 0xa8, 0x98, 0x88, 0x88, 0x80, 
	0x78, 0x78, 0x78, 0x70, 0x68, 0x58, 0x58, 0x58, 
	0x60, 0x70, 0x88, 0x90, 0x88, 0x60, 0x48, 0x48, 
	0x40, 0x40, 0x48, 0x58, 0x60, 0x68, 0x68, 0x78, 
	0x78, 0x78, 0x78, 0x80, 0x88, 0x90, 0x98, 0x98, 
	0xa0, 0x98, 0x98, 0x98, 0x88, 0x88, 0x98, 0xa8, 
	0xb8, 0xc8, 0xc8, 0xb8, 0xb0, 0x98, 0x88, 0x78, 
	0x70, 0x70, 0x78, 0x88, 0x98, 0xa0, 0xa0, 0xa0, 
	0xa8, 0xa8, 0xb0, 0xa8, 0x98, 0x88, 0x88, 0x80, 
	0x78, 0x78, 0x78, 0x70, 0x68, 0x58, 0x58, 0x58, 
	0x60, 0x70, 0x88, 0x90, 0x88, 0x60, 0x48, 0x48, 
	0x40, 0x40, 0x48, 0x58, 0x60, 0x68, 0x68, 0x78, 
	0x78, 0x78, 0x78, 0x80, 0x88, 0x90, 0x98, 0x98, 
	0xa0, 0x98, 0x98, 0x98, 0x88, 0x88, 0x98, 0xa8, 
	0xb8, 0xc8, 0xc8, 0xb8, 0xb0, 0x98, 0x88, 0x78, 
	0x70, 0x70, 0x78, 0x88, 0x98, 0xa0, 0xa0, 0xa0, 
	0xa8, 0xa8, 0xb0, 0xa8, 0x98, 0x88, 0x88, 0x80, 
	0x78, 0x78, 0x78, 0x70, 0x68, 0x58, 0x58, 0x58, 
	0x60, 0x70, 0x88, 0x90, 0x88, 0x60, 0x48, 0x48, 
	0x40, 0x40, 0x48, 0x58, 0x60, 0x68, 0x68, 0x78, 
	0x78, 0x78, 0x78, 0x80, 0x88, 0x90, 0x98, 0x98, 
	0xa0, 0x98, 0x98, 0x98, 0x88, 0x88, 0x98, 0xa8, 
	0xb8, 0xc8, 0xc8, 0xb8, 0xb0, 0x98, 0x88, 0x78, 
	0x70, 0x70, 0x78, 0x88, 0x98, 0xa0, 0xa0, 0xa0, 
	0xa8, 0xa8, 0xb0, 0xa8, 0x98, 0x88, 0x88, 0x80, 
	0x78, 0x78, 0x78, 0x70, 0x68, 0x58, 0x58, 0x58, 
	0x60, 0x70, 0x88, 0x90, 0x88, 0x60, 0x48, 0x48, 
	0x40, 0x40, 0x48, 0x58, 0x60, 0x68, 0x68, 0x78, 
	0x78, 0x78, 0x78, 0x80, 0x88, 0x90, 0x98, 0x98, 
	0xa0, 0x98, 0x98, 0x98, 0x88, 0x88, 0x98, 0xa8, 
	0xb8, 0xc8, 0xc8, 0xb8, 0xb0, 0x98, 0x88, 0x78, 
	0x70, 0x70, 0x78, 0x88, 0x98, 0xa0, 0xa0, 0xa0, 
	0xa8, 0xa8, 0xb0, 0xa8, 0x98, 0x88, 0x88, 0x80, 
	0x78, 0x78, 0x78, 0x70, 0x68, 0x58, 0x58, 0x58, 
	0x60, 0x70, 0x88, 0x90, 0x88, 0x60, 0x48, 0x48, 
	0x40, 0x40, 0x48, 0x58, 0x60, 0x68, 0x68, 0x78, 
	0x78, 0x78, 0x78, 0x80, 0x88, 0x90, 0x98, 0x98, 
	0xa0, 0x98, 0x98, 0x98, 0x88, 0x88, 0x98, 0xa8, 
	0xb8, 0xc8, 0xc8, 0xb8, 0xb0, 0x98, 0x88, 0x78, 
	0x70, 0x70, 0x78, 0x88, 0x98, 0xa0, 0xa0, 0xa0, 
	0xa8, 0xa8, 0xb0, 0xa8, 0x98, 0x88, 0x88, 0x80, 
	0x78, 0x78, 0x78, 0x70, 0x68, 0x58, 0x58, 0x58, 
	0x60, 0x70, 0x88, 0x90, 0x88, 0x60, 0x48, 0x48, 
	0x40, 0x40, 0x48, 0x58, 0x60, 0x68, 0x68, 0x78, 
	0x78, 0x78, 0x78, 0x80, 0x88, 0x90, 0x98, 0x98, 
	0xa0, 0x98, 0x98, 0x98, 0x88, 0x88, 0x98, 0xa8, 
	0xb8, 0xc8, 0xc8, 0xb8, 0xb0, 0x98, 0x88, 0x78, 
	0x70, 0x70, 0x78, 0x88, 0x98, 0xa0, 0xa0, 0xa0, 
	0xa8, 0xa8, 0xb0, 0xa8, 0x98, 0x88, 0x88, 0x80, 
	0x78, 0x78, 0x78, 0x70, 0x68, 0x58, 0x58, 0x58, 
	0x60, 0x70, 0x88, 0x90, 0x88, 0x60, 0x48, 0x48, 
	0x40, 0x40, 0x48, 0x58, 0x60, 0x68, 0x68, 0x78, 
	0x78, 0x78, 0x78, 0x80, 0x88, 0x90, 0x98, 0x98, 
	0xa0, 0x98, 0x98, 0x98, 0x88, 0x88, 0x98, 0xa8, 
	0xb8, 0xc8, 0xc8, 0xb8, 0xb0, 0x98, 0x88, 0x78, 
	0x70, 0x70, 0x78, 0x88, 0x98, 0xa0, 0xa0, 0xa0, 
	0xa8, 0xa8, 0xb0, 0xa8, 0x98, 0x88, 0x88, 0x80, 
	0x78, 0x78, 0x78, 0x70, 0x68, 0x58, 0x58, 0x58, 
	0x60, 0x70, 0x88, 0x90, 0x88, 0x60, 0x48, 0x48, 
	0x40, 0x40, 0x48, 0x58, 0x60, 0x68, 0x68, 0x78, 
	0x78, 0x78, 0x78, 0x80, 0x88, 0x90, 0x98, 0x98, 
	0xa0, 0x98, 0x98, 0x98, 0x88, 0x88, 0x98, 0xa8, 
	0xb8, 0xc8, 0xc8, 0xb8, 0xb0, 0x98, 0x88, 0x78, 
	0x70, 0x70, 0x78, 0x88, 0x98, 0xa0, 0xa0, 0xa0, 
	0xa8, 0xa8, 0xb0, 0xa8, 0x98, 0x88, 0x88, 0x80, 
	0x78, 0x78, 0x78, 0x70, 0x68, 0x58, 0x58, 0x58, 
	0x60, 0x70, 0x88, 0x90, 0x88, 0x60, 0x48, 0x48, 
	0x40, 0x40, 0x48, 0x58, 0x60, 0x68, 0x68, 0x78, 
	0x78, 0x78, 0x78, 0x80, 0x88, 0x90, 0x98, 0x98, 
	0xa0, 0x98, 0x98, 0x98, 0x88, 0x88, 0x98, 0xa8, 
	0xb8, 0xc8, 0xc8, 0xb8, 0xb0, 0x98, 0x88, 0x78, 
	0x70, 0x70, 0x78, 0x88, 0x98, 0xa0, 0xa0, 0xa0, 
	0xa8, 0xa8, 0xb0, 0xa8, 0x98, 0x88, 0x88, 0x80, 
	0x78, 0x78, 0x78, 0x70, 0x68, 0x58, 0x58, 0x58, 
	0x60, 0x70, 0x88, 0x90, 0x88, 0x60, 0x48, 0x48, 
	0x40, 0x40, 0x48, 0x58, 0x60, 0x68, 0x68, 0x78, 
	0x78, 0x78, 0x78, 0x80, 0x88, 0x90, 0x98, 0x98, 
	0x98, 0x98, 0x98, 0x98, 0x90, 0x90, 0x98, 0xa8, 
	0xb8, 0xc8, 0xc8, 0xb8, 0xb0, 0x98, 0x88, 0x78, 
	0x70, 0x70, 0x78, 0x88, 0x98, 0xa0, 0xa0, 0xa0, 
	0xa8, 0xa8, 0xb0, 0xa8, 0x98, 0x88, 0x88, 0x80, 
	0x78, 0x78, 0x78, 0x70, 0x68, 0x58, 0x58, 0x58, 
	0x60, 0x70, 0x88, 0x90, 0x88, 0x60, 0x48, 0x48, 
	0x40, 0x40, 0x48, 0x58, 0x60, 0x68, 0x68, 0x78, 
	0x78, 0x78, 0x78, 0x80, 0x88, 0x90, 0x98, 0x98, 
	0x98, 0x98, 0x98, 0x98, 0x90, 0x90, 0x98, 0xa8, 
	0xb8, 0xc8, 0xc8, 0xb8, 0xb0, 0x98, 0x88, 0x78, 
	0x70, 0x70, 0x78, 0x88, 0x98, 0xa0, 0xa0, 0xa0, 
	0xa8, 0xa8, 0xb0, 0xa8, 0x98, 0x88, 0x88, 0x80, 
	0x78, 0x78, 0x78, 0x70, 0x68, 0x58, 0x58, 0x58, 
	0x60, 0x70, 0x88, 0x90, 0x88, 0x60, 0x48, 0x48, 
	0x40, 0x40, 0x48, 0x58, 0x60, 0x68, 0x68, 0x78, 
	0x78, 0x78, 0x78, 0x80, 0x88, 0x90, 0x98, 0x98, 
	0x98, 0x98, 0x98, 0x98, 0x90, 0x90, 0x98, 0xa8, 
	0xb8, 0xc8, 0xc8, 0xb8, 0xb0, 0x98, 0x88, 0x78, 
	0x70, 0x70, 0x78, 0x88, 0x98, 0xa0, 0xa0, 0xa0, 
	0xa8, 0xa8, 0xb0, 0xa8, 0x98, 0x88, 0x88, 0x80, 
	0x78, 0x78, 0x78, 0x70, 0x68, 0x58, 0x58, 0x58, 
	0x60, 0x70, 0x88, 0x90, 0x88, 0x60, 0x48, 0x48, 
	0x40, 0x40, 0x48, 0x58, 0x60, 0x68, 0x68, 0x78, 
	0x78, 0x78, 0x78, 0x80, 0x88, 0x90, 0x98, 0x98, 
	0x98, 0x98, 0x98, 0x98, 0x90, 0x90, 0x98, 0xa8, 
	0xb8, 0xc8, 0xc8, 0xb8, 0xb0, 0x98, 0x88, 0x78, 
	0x70, 0x70, 0x78, 0x88, 0x98, 0xa0, 0xa0, 0xa0, 
	0xa8, 0xa8, 0xb0, 0xa8, 0x98, 0x88, 0x88, 0x80, 
	0x78, 0x78, 0x78, 0x70, 0x68, 0x58, 0x58, 0x58, 
	0x60, 0x70, 0x88, 0x90, 0x88, 0x60, 0x48, 0x48, 
	0x40, 0x40, 0x48, 0x58, 0x60, 0x68, 0x68, 0x78, 
	0x78, 0x78, 0x78, 0x80, 0x88, 0x90, 0x98, 0x98, 
	0x98, 0x98, 0x98, 0x98, 0x90, 0x90, 0x98, 0xa8, 
	0xb8, 0xc8, 0xc8, 0xb8, 0xb0, 0x98, 0x88, 0x78, 
	0x70, 0x70, 0x78, 0x88, 0x98, 0xa0, 0xa0, 0xa0, 
	0xa8, 0xa8, 0xb0, 0xa8, 0x98, 0x88, 0x88, 0x80, 
	0x78, 0x78, 0x78, 0x70, 0x68, 0x58, 0x58, 0x58, 
	0x60, 0x70, 0x88, 0x90, 0x88, 0x68, 0x50, 0x48, 
	0x40, 0x40, 0x48, 0x58, 0x60, 0x68, 0x68, 0x78, 
	0x78, 0x78, 0x78, 0x80, 0x88, 0x90, 0x98, 0x98, 
	0x98, 0x98, 0x98, 0x98, 0x90, 0x90, 0x98, 0xa8, 
	0xb8, 0xc8, 0xc8, 0xb8, 0xb0, 0x98, 0x88, 0x78, 
	0x70, 0x70, 0x78, 0x88, 0x98, 0xa0, 0xa0, 0xa0, 
	0xa8, 0xa8, 0xb0, 0xa8, 0x98, 0x88, 0x88, 0x80, 
	0x78, 0x78, 0x78, 0x70, 0x68, 0x58, 0x58, 0x58, 
	0x60, 0x70, 0x88, 0x90, 0x88, 0x68, 0x50, 0x48, 
	0x40, 0x40, 0x48, 0x58, 0x60, 0x68, 0x68, 0x78, 
	0x78, 0x78, 0x78, 0x80, 0x88, 0x90, 0x98, 0x98, 
	0x98, 0x98, 0x98, 0x98, 0x90, 0x90, 0x98, 0xa8, 
	0xb8, 0xc8, 0xc8, 0xb8, 0xb0, 0x98, 0x88, 0x78, 
	0x70, 0x70, 0x78, 0x88, 0x98, 0xa0, 0xa0, 0xa0, 
	0xa8, 0xa8, 0xb0, 0xa8, 0x98, 0x88, 0x88, 0x80, 
	0x78, 0x78, 0x78, 0x70, 0x68, 0x58, 0x58, 0x58, 
	0x60, 0x70, 0x88, 0x90, 0x88, 0x68, 0x50, 0x48, 
	0x40, 0x40, 0x48, 0x58, 0x60, 0x68, 0x68, 0x78, 
	0x78, 0x78, 0x78, 0x80, 0x88, 0x90, 0x98, 0x98, 
	0x98, 0x98, 0x98, 0x98, 0x90, 0x90, 0x98, 0xa8, 
	0xb8, 0xc8, 0xc8, 0xb8, 0xb0, 0x98, 0x88, 0x78, 
	0x70, 0x70, 0x78, 0x88, 0x98, 0xa0, 0xa0, 0xa0, 
	0xa8, 0xa8, 0xb0, 0xa8, 0x98, 0x88, 0x88, 0x80, 
	0x78, 0x78, 0x78, 0x70, 0x68, 0x58, 0x58, 0x58, 
	0x60, 0x70, 0x88, 0x90, 0x88, 0x68, 0x50, 0x48, 
	0x40, 0x40, 0x48, 0x58, 0x60, 0x68, 0x68, 0x78, 
	0x78, 0x78, 0x78, 0x80, 0x88, 0x90, 0x98, 0x98, 
	0x98, 0x98, 0x98, 0x98, 0x90, 0x90, 0x98, 0xa8, 
	0xb8, 0xc8, 0xc8, 0xb8, 0xb0, 0x98, 0x88, 0x78, 
	0x70, 0x70, 0x78, 0x88, 0x98, 0xa0, 0xa0, 0xa0, 
	0xa8, 0xa8, 0xb0, 0xa8, 0x98, 0x88, 0x88, 0x80, 
	0x78, 0x78, 0x78, 0x70, 0x68, 0x58, 0x58, 0x58, 
	0x60, 0x70, 0x88, 0x90, 0x88, 0x68, 0x50, 0x48, 
	0x40, 0x40, 0x48, 0x58, 0x60, 0x68, 0x68, 0x78, 
	0x78, 0x78, 0x78, 0x80, 0x88, 0x90, 0x98, 0x98, 
	0x98, 0x98, 0x98, 0x98, 0x90, 0x90, 0x98, 0xa8, 
	0xb8, 0xc8, 0xc8, 0xb8, 0xb0, 0x98, 0x88, 0x78, 
	0x70, 0x70, 0x78, 0x88, 0x98, 0xa0, 0xa0, 0xa0, 
	0xa8, 0xa8, 0xb0, 0xa8, 0x98, 0x88, 0x88, 0x80, 
	0x78, 0x78, 0x78, 0x70, 0x68, 0x58, 0x58, 0x58, 
	0x60, 0x70, 0x88, 0x90, 0x88, 0x68, 0x50, 0x48, 
	0x40, 0x40, 0x48, 0x58, 0x60, 0x68, 0x68, 0x78, 
	0x78, 0x78, 0x78, 0x80, 0x88, 0x90, 0x98, 0x98, 
	0x98, 0x98, 0x98, 0x98, 0x90, 0x90, 0x98, 0xa8, 
	0xb8, 0xc8, 0xc8, 0xb8, 0xb0, 0x98, 0x88, 0x78, 
	0x70, 0x70, 0x78, 0x88, 0x98, 0xa0, 0xa0, 0xa0, 
	0xa8, 0xa8, 0xb0, 0xa8, 0x98, 0x88, 0x88, 0x80, 
	0x78, 0x78, 0x78, 0x70, 0x68, 0x58, 0x58, 0x58, 
	0x60, 0x70, 0x88, 0x90, 0x88, 0x68, 0x50, 0x48, 
	0x40, 0x40, 0x48, 0x58, 0x60, 0x68, 0x68, 0x78, 
	0x78, 0x78, 0x78, 0x80, 0x88, 0x90, 0x98, 0x98, 
	0x98, 0x98, 0x98, 0x98, 0x90, 0x90, 0x98, 0xa8, 
	0xb8, 0xc8, 0xc8, 0xb8, 0xb0, 0x98, 0x88, 0x78, 
	0x70, 0x70, 0x78, 0x88, 0x98, 0xa0, 0xa0, 0xa0, 
	0xa8, 0xa8, 0xb0, 0xa8, 0x98, 0x88, 0x88, 0x80, 
	0x78, 0x78, 0x78, 0x70, 0x68, 0x58, 0x58, 0x58, 
	0x60, 0x70, 0x88, 0x90, 0x88, 0x68, 0x50, 0x48, 
	0x40, 0x40, 0x48, 0x58, 0x60, 0x68, 0x68, 0x78, 
	0x78, 0x78, 0x78, 0x80, 0x88, 0x90, 0x98, 0x98, 
	0x98, 0x98, 0x98, 0x98, 0x90, 0x90, 0x98, 0xa8, 
	0xb8, 0xc8, 0xc8, 0xb8, 0xb0, 0x98, 0x88, 0x78, 
	0x70, 0x70, 0x78, 0x88, 0x98, 0xa0, 0xa0, 0xa0, 
	0xa8, 0xa8, 0xb0, 0xa8, 0x98, 0x88, 0x88, 0x80, 
	0x78, 0x78, 0x78, 0x70, 0x68, 0x58, 0x58, 0x58, 
	0x60, 0x70, 0x88, 0x90, 0x88, 0x68, 0x50, 0x48, 
	0x40, 0x40, 0x48, 0x58, 0x60, 0x68, 0x68, 0x78, 
	0x78, 0x78, 0x78, 0x80, 0x88, 0x90, 0x98, 0x98, 
	0x98, 0x98, 0x98, 0x98, 0x90, 0x90, 0x98, 0xa8, 
	0xb8, 0xc8, 0xc8, 0xb8, 0xb0, 0x98, 0x88, 0x78, 
	0x70, 0x70, 0x78, 0x88, 0x98, 0xa0, 0xa0, 0xa0, 
	0xa8, 0xa8, 0xb0, 0xa8, 0x98, 0x88, 0x88, 0x80, 
	0x78, 0x78, 0x78, 0x70, 0x68, 0x58, 0x58, 0x58, 
	0x60, 0x70, 0x88, 0x90, 0x88, 0x68, 0x50, 0x48, 
	0x40, 0x40, 0x48, 0x58, 0x60, 0x68, 0x68, 0x78, 
	0x78, 0x78, 0x78, 0x80, 0x88, 0x90, 0x98, 0x98, 
	0x98, 0x98, 0x98, 0x98, 0x90, 0x90, 0x98, 0xa8, 
	0xb8, 0xc8, 0xc8, 0xb8, 0xb0, 0x98, 0x88, 0x78, 
	0x70, 0x70, 0x78, 0x88, 0x98, 0xa0, 0xa0, 0xa0, 
	0xa8, 0xa8, 0xb0, 0xa8, 0x98, 0x88, 0x88, 0x80, 
	0x78, 0x78, 0x78, 0x70, 0x68, 0x58, 0x58, 0x58, 
	0x60, 0x70, 0x88, 0x90, 0x88, 0x68, 0x50, 0x48, 
	0x40, 0x40, 0x48, 0x58, 0x60, 0x68, 0x68, 0x78, 
	0x78, 0x78, 0x78, 0x80, 0x88, 0x90, 0x98, 0x98, 
	0x98, 0x98, 0x98, 0x98, 0x90, 0x90, 0x98, 0xa8, 
	0xb8, 0xc8, 0xc8, 0xb8, 0xb0, 0x98, 0x88, 0x78, 
	0x70, 0x70, 0x78, 0x88, 0x98, 0xa0, 0xa0, 0xa0, 
	0xa8, 0xa8, 0xb0, 0xa8, 0x98, 0x88, 0x88, 0x80, 
	0x78, 0x78, 0x78, 0x70, 0x68, 0x58, 0x58, 0x58, 
	0x60, 0x70, 0x88, 0x90, 0x88, 0x68, 0x50, 0x48, 
	0x40, 0x40, 0x48, 0x58, 0x60, 0x68, 0x68, 0x78, 
	0x78, 0x78, 0x78, 0x80, 0x88, 0x90, 0x98, 0x98, 
	0x98, 0x98, 0x98, 0x98, 0x90, 0x90, 0x98, 0xa8, 
	0xb8, 0xc8, 0xc8, 0xb8, 0xb0, 0x98, 0x88, 0x78, 
	0x70, 0x70, 0x78, 0x88, 0x98, 0xa0, 0xa0, 0xa0, 
	0xa8, 0xa8, 0xb0, 0xa8, 0x98, 0x88, 0x88, 0x80, 
	0x78, 0x78, 0x78, 0x70, 0x68, 0x58, 0x58, 0x58, 
	0x60, 0x70, 0x88, 0x90, 0x88, 0x68, 0x50, 0x48, 
	0x40, 0x40, 0x48, 0x58, 0x60, 0x68, 0x68, 0x78, 
	0x78, 0x78, 0x78, 0x80, 0x88, 0x90, 0x98, 0x98, 
	0x98, 0x98, 0x98, 0x98, 0x90, 0x90, 0x98, 0xa8, 
	0xb8, 0xc8, 0xc8, 0xb8, 0xb0, 0x98, 0x88, 0x78, 
	0x70, 0x70, 0x78, 0x88, 0x98, 0xa0, 0xa0, 0xa0, 
	0xa8, 0xa8, 0xb0, 0xa8, 0x98, 0x88, 0x88, 0x80, 
	0x78, 0x78, 0x78, 0x70, 0x68, 0x58, 0x58, 0x58, 
	0x60, 0x70, 0x88, 0x90, 0x88, 0x68, 0x50, 0x48, 
	0x40, 0x40, 0x48, 0x58, 0x60, 0x68, 0x68, 0x78, 
	0x78, 0x78, 0x78, 0x80, 0x88, 0x90, 0x98, 0x98, 
	0x98, 0x98, 0x98, 0x98, 0x90, 0x90, 0x98, 0xa8, 
	0xb8, 0xc8, 0xc8, 0xb8, 0xb0, 0x98, 0x88, 0x78, 
	0x70, 0x70, 0x78, 0x88, 0x98, 0xa0, 0xa0, 0xa0, 
	0xa8, 0xa8, 0xb0, 0xa8, 0x98, 0x88, 0x88, 0x80, 
	0x78, 0x78, 0x78, 0x70, 0x68, 0x58, 0x58, 0x58, 
	0x60, 0x70, 0x88, 0x90, 0x88, 0x68, 0x50, 0x48, 
	0x40, 0x40, 0x48, 0x58, 0x60, 0x68, 0x68, 0x78, 
	0x78, 0x78, 0x78, 0x80, 0x88, 0x90, 0x98, 0x98, 
	0x98, 0x98, 0x98, 0x98, 0x90, 0x90, 0x98, 0xa8, 
	0xb8, 0xc8, 0xc8, 0xb8, 0xb0, 0x98, 0x88, 0x78, 
	0x70, 0x70, 0x78, 0x88, 0x98, 0xa0, 0xa0, 0xa0, 
	0xa8, 0xa8, 0xb0, 0xa8, 0x98, 0x88, 0x88, 0x80, 
	0x78, 0x78, 0x78, 0x70, 0x68, 0x58, 0x58, 0x58, 
	0x60, 0x70, 0x88, 0x90, 0x88, 0x68, 0x50, 0x48, 
	0x40, 0x40, 0x48, 0x58, 0x60, 0x68, 0x68, 0x78, 
	0x78, 0x78, 0x78, 0x80, 0x88, 0x90, 0x98, 0x98, 
	0x98, 0x98, 0x98, 0x98, 0x90, 0x90, 0x98, 0xa8, 
	0xb8, 0xc8, 0xc8, 0xb8, 0xb0, 0x98, 0x88, 0x78, 
	0x70, 0x70, 0x78, 0x88, 0x98, 0xa0, 0xa0, 0xa8, 
	0xa8, 0xb0, 0xb0, 0xa8, 0xa0, 0x90, 0x88, 0x80, 
	0x78, 0x78, 0x78, 0x70, 0x68, 0x58, 0x58, 0x58, 
	0x60, 0x70, 0x88, 0x90, 0x88, 0x68, 0x50, 0x48, 
	0x40, 0x40, 0x48, 0x58, 0x60, 0x68, 0x68, 0x78, 
	0x78, 0x78, 0x78, 0x80, 0x88, 0x90, 0x98, 0x98, 
	0x98, 0x98, 0x98, 0x98, 0x90, 0x90, 0x98, 0xa8, 
	0xb8, 0xc8, 0xc8, 0xb8, 0xb0, 0x98, 0x88, 0x78, 
	0x70, 0x70, 0x78, 0x88, 0x98, 0xa0, 0xa0, 0xa8, 
	0xa8, 0xb0, 0xb0, 0xa8, 0xa0, 0x90, 0x88, 0x80, 
	0x78, 0x78, 0x78, 0x70, 0x68, 0x58, 0x58, 0x58, 
	0x60, 0x70, 0x88, 0x90, 0x88, 0x68, 0x50, 0x48, 
	0x40, 0x40, 0x48, 0x58, 0x60, 0x68, 0x68, 0x78, 
	0x78, 0x78, 0x78, 0x80, 0x88, 0x90, 0x98, 0x98, 
	0x98, 0x98, 0x98, 0x98, 0x90, 0x90, 0x98, 0xa8, 
	0xb8, 0xc8, 0xc8, 0xb8, 0xb0, 0x98, 0x88, 0x78, 
	0x70, 0x70, 0x78, 0x88, 0x98, 0xa0, 0xa0, 0xa8, 
	0xa8, 0xb0, 0xb0, 0xa8, 0xa0, 0x90, 0x88, 0x88, 
	0x78, 0x78, 0x78, 0x70, 0x68, 0x58, 0x58, 0x58, 
	0x60, 0x70, 0x88, 0x90, 0x88, 0x68, 0x50, 0x50, 
	0x40, 0x40, 0x48, 0x58, 0x60, 0x68, 0x68, 0x78, 
	0x78, 0x78, 0x78, 0x80, 0x88, 0x90, 0x98, 0x98, 
	0x98, 0x98, 0x98, 0x98, 0x90, 0x90, 0x98, 0xa8, 
	0xb8, 0xc8, 0xc8, 0xb8, 0xb0, 0x98, 0x88, 0x78, 
	0x70, 0x70, 0x78, 0x88, 0x98, 0xa0, 0xa0, 0xa8, 
	0xa8, 0xb0, 0xb0, 0xa8, 0xa0, 0x90, 0x88, 0x88, 
	0x78, 0x78, 0x78, 0x70, 0x68, 0x58, 0x58, 0x58, 
	0x60, 0x70, 0x88, 0x90, 0x88, 0x68, 0x50, 0x50, 
	
};

Gfx rsilverpillar_hexstone_i8_aligner[] = {gsSPEndDisplayList()};
u8 rsilverpillar_hexstone_i8[] = {
	0xbd, 0xbd, 0xb5, 0xbd, 0xb0, 0x93, 0xa5, 0xb4, 
	0xbd, 0xcd, 0xc3, 0xbd, 0xc8, 0xc3, 0xb8, 0xb0, 
	0xbb, 0xc3, 0xc7, 0xc8, 0xc8, 0xc5, 0xc8, 0xb0, 
	0xad, 0xb0, 0xa5, 0xc5, 0xcd, 0xbd, 0xc5, 0xc5, 
	0xc8, 0xc8, 0xc5, 0xc0, 0xb0, 0x9b, 0xb0, 0xc3, 
	0xc8, 0xc8, 0xc5, 0xc5, 0xcd, 0xc5, 0xbd, 0xbd, 
	0xc3, 0xc3, 0xc3, 0xc3, 0xc0, 0xbd, 0xc0, 0xb8, 
	0xbd, 0xb5, 0x9d, 0xb5, 0xc5, 0xc5, 0xc0, 0xc0, 
	0xd0, 0xc8, 0xc5, 0xc5, 0xb8, 0xa0, 0xb3, 0xc3, 
	0xcb, 0xcd, 0xd5, 0xd5, 0xcd, 0xc2, 0xba, 0xb5, 
	0xbb, 0xbe, 0xbe, 0xbe, 0xc3, 0xc0, 0xc8, 0xc0, 
	0xc5, 0xba, 0x9d, 0xb2, 0xbd, 0xc8, 0xc0, 0xbd, 
	0xc8, 0xc5, 0xc5, 0xc3, 0xbb, 0x9b, 0xa0, 0xb0, 
	0xc0, 0xcd, 0xd2, 0xd0, 0xc0, 0xb0, 0xa5, 0x9d, 
	0xa3, 0xab, 0xbb, 0xc3, 0xc0, 0xbd, 0xc0, 0xb9, 
	0xab, 0xa8, 0xa5, 0xba, 0xbd, 0xc8, 0xc0, 0xb8, 
	0xc8, 0xbd, 0xc0, 0xc0, 0xbb, 0xab, 0xa8, 0xa5, 
	0xb0, 0xc0, 0xc0, 0xbb, 0xab, 0xa5, 0xa5, 0xa5, 
	0xa0, 0x93, 0xa0, 0xb5, 0xc0, 0xb8, 0xb0, 0xa8, 
	0x98, 0xa0, 0xb5, 0xc5, 0xbb, 0xbf, 0xc3, 0xc0, 
	0xd0, 0xc3, 0xc3, 0xc0, 0xc3, 0xc8, 0xc7, 0xb5, 
	0xab, 0xab, 0xa0, 0x9f, 0xa0, 0xb0, 0xbd, 0xbd, 
	0xb8, 0xa8, 0x9d, 0x9d, 0xa0, 0x98, 0x98, 0xad, 
	0xb0, 0xbd, 0xc8, 0xcd, 0xc0, 0xc3, 0xc0, 0xc0, 
	0xc5, 0xc3, 0xc3, 0xc0, 0xc0, 0xc3, 0xc8, 0xc3, 
	0xc0, 0xbb, 0xa0, 0xab, 0xb0, 0xbb, 0xc0, 0xbd, 
	0xc0, 0xbd, 0xb5, 0xad, 0xa0, 0x93, 0xa3, 0xb8, 
	0xc0, 0xbd, 0xc5, 0xcd, 0xcd, 0xc8, 0xb9, 0xba, 
	0xbd, 0xc0, 0xc3, 0xc8, 0xc8, 0xc0, 0xbd, 0xc5, 
	0xc8, 0xc5, 0xa5, 0xbb, 0xc8, 0xc8, 0xc8, 0xc0, 
	0xc0, 0xc8, 0xc5, 0xc0, 0xb0, 0xa0, 0xb3, 0xc5, 
	0xc0, 0xc2, 0xc2, 0xc5, 0xc8, 0xc8, 0xbd, 0xba, 
	0xc8, 0xc3, 0xc3, 0xc8, 0xd0, 0xc3, 0xb5, 0xc0, 
	0xc3, 0xc0, 0xa5, 0xc0, 0xcd, 0xc8, 0xc8, 0xc3, 
	0xc0, 0xc5, 0xc8, 0xc8, 0xbd, 0xa0, 0xb8, 0xc3, 
	0xc3, 0xc5, 0xc2, 0xbd, 0xc0, 0xc8, 0xc8, 0xc0, 
	0xcf, 0xc8, 0xc0, 0xc3, 0xd0, 0xc3, 0xc0, 0xc5, 
	0xc0, 0xb3, 0xa0, 0xbb, 0xc8, 0xc0, 0xc3, 0xc8, 
	0xc0, 0xbb, 0xbb, 0xbb, 0xb0, 0x9b, 0xb8, 0xc3, 
	0xc3, 0xc8, 0xc5, 0xc0, 0xc3, 0xcb, 0xd0, 0xcd, 
	0xc8, 0xc8, 0xc5, 0xc5, 0xc8, 0xc3, 0xc8, 0xc8, 
	0xb8, 0xa8, 0x98, 0xb8, 0xc8, 0xc3, 0xc0, 0xc0, 
	0xc8, 0xc5, 0xbd, 0xb5, 0xa8, 0x9d, 0xbd, 0xc3, 
	0xbb, 0xc0, 0xc0, 0xc0, 0xc3, 0xc3, 0xc8, 0xc0, 
	0xb0, 0xbb, 0xba, 0xbd, 0xc8, 0xc3, 0xc8, 0xc3, 
	0xb8, 0xa8, 0xa5, 0xbd, 0xc3, 0xc3, 0xbb, 0xb8, 
	0xc3, 0xc8, 0xc8, 0xc0, 0xb8, 0xa8, 0xb8, 0xc0, 
	0xb8, 0xb5, 0xb8, 0xbb, 0xb6, 0xb3, 0xb5, 0xad, 
	0xab, 0xae, 0xb8, 0xc0, 0xc3, 0xc3, 0xc3, 0xb3, 
	0xa3, 0xa0, 0xb0, 0xc0, 0xc3, 0xc8, 0xc3, 0xb8, 
	0xb8, 0xc3, 0xc3, 0xc3, 0xbb, 0xb3, 0xab, 0xb3, 
	0xb3, 0xc0, 0xbb, 0xc0, 0xb3, 0xb3, 0xad, 0xa5, 
	0xb3, 0xb3, 0xab, 0xa8, 0xa3, 0xab, 0xb0, 0xab, 
	0xab, 0xb0, 0xbb, 0xc0, 0xbb, 0xc0, 0xc8, 0xc0, 
	0xba, 0xc0, 0xc3, 0xc0, 0xb8, 0xb3, 0xb8, 0xb8, 
	0xb3, 0xb3, 0xad, 0xad, 0xa3, 0xab, 0xb5, 0xb5, 
	0xc3, 0xc0, 0xb8, 0xad, 0xa0, 0xa0, 0xb5, 0xba, 
	0xbd, 0xc0, 0xc8, 0xc8, 0xc3, 0xc0, 0xc8, 0xc5, 
	0xc5, 0xc8, 0xc5, 0xc0, 0xbb, 0xc0, 0xc8, 0xc8, 
	0xc0, 0xb0, 0x9d, 0xa5, 0xab, 0xb3, 0xc3, 0xc0, 
	0xc8, 0xc8, 0xc0, 0xbd, 0xad, 0x98, 0xb5, 0xbd, 
	0xc0, 0xc8, 0xcd, 0xcd, 0xc8, 0xc5, 0xbd, 0xb8, 
	0xc5, 0xc5, 0xc5, 0xc0, 0xb8, 0xb8, 0xc3, 0xc8, 
	0xc0, 0xbd, 0xad, 0xbd, 0xc0, 0xc0, 0xc3, 0xc3, 
	0xc0, 0xc3, 0xbb, 0xc3, 0xb8, 0x9b, 0xb8, 0xc8, 
	0xc8, 0xc8, 0xc5, 0xc5, 0xc5, 0xc5, 0xc5, 0xc0, 
	0xc0, 0xc0, 0xc0, 0xc0, 0xc0, 0xc0, 0xb8, 0xbd, 
	0xc0, 0xc0, 0xb5, 0xc5, 0xc8, 0xc0, 0xc0, 0xbd, 
	0xb8, 0xc0, 0xbb, 0xc3, 0xb0, 0x90, 0xb0, 0xc3, 
	0xc0, 0xc5, 0xc5, 0xc5, 0xc5, 0xc8, 0xcd, 0xc7, 
	0xc8, 0xc8, 0xc8, 0xc8, 0xc8, 0xc8, 0xc0, 0xb5, 
	0xc0, 0xb8, 0xad, 0xc5, 0xc8, 0xc0, 0xc5, 0xc5, 
	0xc0, 0xc0, 0xb5, 0xb8, 0xab, 0x8f, 0xab, 0xbb, 
	0xc0, 0xc8, 0xc8, 0xc8, 0xcd, 0xcd, 0xc8, 0xc8, 
	0xd2, 0xca, 0xc5, 0xc5, 0xc8, 0xcd, 0xc8, 0xc3, 
	0xcf, 0xc0, 0xb0, 0xc0, 0xc0, 0xbd, 0xc5, 0xc8, 
	0xcd, 0xc5, 0xb5, 0xb8, 0xb3, 0x9b, 0xb3, 0xb8, 
	0xb8, 0xbb, 0xc3, 0xc0, 0xc8, 0xc5, 0xb8, 0xb5, 
	0xc2, 0xc5, 0xc8, 0xc8, 0xc8, 0xcb, 0xcb, 0xc3, 
	0xc7, 0xb7, 0xa8, 0xbd, 0xc3, 0xc3, 0xbb, 0xc0, 
	0xd0, 0xd0, 0xc5, 0xc0, 0xb8, 0xa0, 0xa8, 0xa8, 
	0xab, 0xb0, 0xb3, 0xb0, 0xa8, 0xb0, 0xa8, 0xa0, 
	0x9d, 0xa5, 0xad, 0xb8, 0xc0, 0xc8, 0xc0, 0xb8, 
	0xb0, 0xab, 0xa8, 0xb5, 0xc3, 0xc8, 0xc0, 0xbb, 
	0xcb, 0xd0, 0xc8, 0xc0, 0xc0, 0xbd, 0xb5, 0xa5, 
	0xa5, 0xb5, 0xb5, 0xb0, 0xa0, 0xab, 0xb5, 0xb8, 
	0xb0, 0xa5, 0x9d, 0xa5, 0xb0, 0xbd, 0xb8, 0xa0, 
	0xa5, 0xb3, 0xc0, 0xc0, 0xc8, 0xcb, 0xc0, 0xb8, 
	0xc0, 0xc8, 0xc3, 0xb8, 0xb8, 0xc0, 0xc0, 0xba, 
	0xb2, 0xaa, 0x98, 0xa0, 0xa8, 0xb8, 0xc0, 0xb6, 
	0xbb, 0xc0, 0xb5, 0xa5, 0x9d, 0x9d, 0xad, 0xa8, 
	0xad, 0xc0, 0xc8, 0xc0, 0xc0, 0xbd, 0xbd, 0xb8, 
	0xcf, 0xcb, 0xc8, 0xbd, 0xc0, 0xc3, 0xc0, 0xc2, 
	0xbd, 0xad, 0x98, 0xab, 0xb5, 0xbd, 0xc5, 0xc0, 
	0xbd, 0xc8, 0xc5, 0xc0, 0xb5, 0x9d, 0xb5, 0xbd, 
	0xbd, 0xc5, 0xc8, 0xc3, 0xc0, 0xc5, 0xcd, 0xc8, 
	0xcb, 0xc8, 0xc5, 0xc2, 0xc2, 0xc0, 0xbb, 0xc0, 
	0xc0, 0xbd, 0xad, 0xc0, 0xc5, 0xc8, 0xc5, 0xbd, 
	0xbd, 0xc5, 0xc5, 0xc0, 0xba, 0x9d, 0xb3, 0xc3, 
	0xc5, 0xc0, 0xc5, 0xc8, 0xc8, 0xc5, 0xc8, 0xc8, 
	0xbd, 0xc0, 0xc5, 0xc8, 0xc8, 0xc5, 0xc0, 0xc3, 
	0xc8, 0xc5, 0xb0, 0xc0, 0xc8, 0xcb, 0xc0, 0xb0, 
	0xb5, 0xc0, 0xc0, 0xc0, 0xb5, 0x98, 0xb6, 0xc8, 
	0xc5, 0xb8, 0xb8, 0xc0, 0xc8, 0xc8, 0xc0, 0xbd, 
	0xc3, 0xc8, 0xc8, 0xc8, 0xc8, 0xc5, 0xbd, 0xc0, 
	0xbd, 0xb5, 0xa5, 0xb8, 0xc8, 0xd0, 0xcd, 0xc0, 
	0xbd, 0xbd, 0xc0, 0xc8, 0xb0, 0x90, 0xab, 0xc3, 
	0xc3, 0xc0, 0xc0, 0xbd, 0xc0, 0xc8, 0xc3, 0xc0, 
	0xcd, 0xcd, 0xc0, 0xc3, 0xcb, 0xcb, 0xc8, 0xc5, 
	0xbd, 0xb2, 0xa5, 0xb6, 0xc3, 0xc8, 0xcd, 0xc8, 
	0xbd, 0xc2, 0xbd, 0xc8, 0xbd, 0x98, 0xab, 0xbe, 
	0xc3, 0xc8, 0xcd, 0xc5, 0xc8, 0xcd, 0xcd, 0xcd, 
	0xbd, 0xbd, 0xbd, 0xc0, 0xc8, 0xc8, 0xc0, 0xbd, 
	0xb0, 0xa3, 0xa8, 0xbb, 0xc0, 0xc0, 0xc0, 0xc0, 
	0xc0, 0xc2, 0xbd, 0xc0, 0xb5, 0x9d, 0x9b, 0xab, 
	0xb0, 0xbd, 0xc8, 0xc5, 0xc0, 0xc0, 0xb8, 0xb0, 
	0xbd, 0xba, 0xb2, 0xad, 0xc0, 0xbb, 0xb0, 0xa5, 
	0xa0, 0xab, 0xb0, 0xb8, 0xc2, 0xc5, 0xb5, 0xb5, 
	0xc8, 0xd0, 0xc8, 0xc3, 0xc5, 0xb0, 0xa0, 0x9e, 
	0xa3, 0xab, 0xb3, 0xb0, 0xad, 0xad, 0xad, 0xad, 
	0xc8, 0xc8, 0xb5, 0xa0, 0xa5, 0x9b, 0x97, 0xa4, 
	0xb3, 0xc0, 0xb8, 0xb8, 0xc0, 0xc8, 0xb8, 0xb5, 
	0xc3, 0xc8, 0xc3, 0xc6, 0xcb, 0xcb, 0xbe, 0xb3, 
	0xa0, 0x98, 0x96, 0xa3, 0xa5, 0xba, 0xbd, 0xb8, 
	0xc3, 0xcb, 0xc0, 0xb5, 0xb2, 0x9b, 0xa4, 0xb5, 
	0xb8, 0xb0, 0xb0, 0xbd, 0xbf, 0xc5, 0xc5, 0xb5, 
	0xb5, 0xbb, 0xbb, 0xc3, 0xcd, 0xd3, 0xd3, 0xc8, 
	0xb2, 0xa2, 0x88, 0xa3, 0xab, 0xc5, 0xc5, 0xb0, 
	
};

Vtx rsilverpillar_rsilverpillar_mesh_layer_1_vtx_0[194] = {
	{{ {605, 136, 1998}, 0, {7623, 3086}, {188, 188, 188, 255} }},
	{{ {505, 136, 1998}, 0, {7214, 3086}, {188, 188, 188, 255} }},
	{{ {605, 236, 1998}, 0, {7623, 2679}, {188, 188, 188, 255} }},
	{{ {-3000, 182, -632}, 0, {5635, 2899}, {188, 188, 188, 255} }},
	{{ {-3000, 136, -555}, 0, {5320, 3086}, {188, 188, 188, 255} }},
	{{ {-3000, 136, -632}, 0, {5635, 3086}, {188, 188, 188, 255} }},
	{{ {1126, 1629, -1368}, 0, {9747, -3000}, {255, 255, 255, 255} }},
	{{ {1342, 1629, -1153}, 0, {10627, -3000}, {255, 255, 255, 255} }},
	{{ {1342, 1220, -1153}, 0, {10627, -1336}, {255, 255, 255, 255} }},
	{{ {1126, 1220, -1368}, 0, {9747, -1336}, {255, 255, 255, 255} }},
	{{ {821, 1629, -1368}, 0, {8503, -3000}, {255, 255, 255, 255} }},
	{{ {821, 1220, -1368}, 0, {8503, -1336}, {255, 255, 255, 255} }},
	{{ {1342, 1629, -847}, 0, {6514, -3000}, {255, 255, 255, 255} }},
	{{ {1126, 1629, -632}, 0, {5635, -3000}, {255, 255, 255, 255} }},
	{{ {1126, 1220, -632}, 0, {5635, -1336}, {255, 255, 255, 255} }},
	{{ {1342, 1220, -847}, 0, {6514, -1336}, {255, 255, 255, 255} }},
	{{ {1342, 1629, -1153}, 0, {7759, -3000}, {255, 255, 255, 255} }},
	{{ {1342, 1220, -1153}, 0, {7759, -1336}, {255, 255, 255, 255} }},
	{{ {821, 1629, -632}, 0, {8503, -3000}, {188, 188, 188, 255} }},
	{{ {605, 1629, -847}, 0, {7623, -3000}, {188, 188, 188, 255} }},
	{{ {605, 1220, -847}, 0, {7623, -1336}, {188, 188, 188, 255} }},
	{{ {821, 1220, -632}, 0, {8503, -1336}, {188, 188, 188, 255} }},
	{{ {605, 136, -847}, 0, {7623, 3086}, {188, 188, 188, 255} }},
	{{ {821, 136, -632}, 0, {8503, 3086}, {188, 188, 188, 255} }},
	{{ {973, 1220, -632}, 0, {9125, -1336}, {188, 188, 188, 255} }},
	{{ {973, 136, -632}, 0, {9125, 3086}, {188, 188, 188, 255} }},
	{{ {973, 1629, -632}, 0, {9125, -3000}, {188, 188, 188, 255} }},
	{{ {1126, 1629, -632}, 0, {9747, -3000}, {188, 188, 188, 255} }},
	{{ {1126, 1220, -632}, 0, {9747, -1336}, {188, 188, 188, 255} }},
	{{ {605, 1629, -1153}, 0, {7759, -3000}, {255, 255, 255, 255} }},
	{{ {821, 1629, -1368}, 0, {8639, -3000}, {255, 255, 255, 255} }},
	{{ {821, 1220, -1368}, 0, {8639, -1336}, {255, 255, 255, 255} }},
	{{ {605, 1629, -1153}, 0, {7759, -3000}, {255, 255, 255, 255} }},
	{{ {821, 1220, -1368}, 0, {8639, -1336}, {255, 255, 255, 255} }},
	{{ {605, 1220, -1153}, 0, {7759, -1336}, {255, 255, 255, 255} }},
	{{ {605, 136, -1000}, 0, {7137, 3086}, {188, 188, 188, 255} }},
	{{ {605, 136, -847}, 0, {6514, 3086}, {188, 188, 188, 255} }},
	{{ {605, 1220, -847}, 0, {6514, -1336}, {188, 188, 188, 255} }},
	{{ {605, 1220, -1000}, 0, {7137, -1336}, {188, 188, 188, 255} }},
	{{ {605, 1629, -847}, 0, {6514, -3000}, {188, 188, 188, 255} }},
	{{ {605, 1629, -1000}, 0, {7137, -3000}, {188, 188, 188, 255} }},
	{{ {605, 1629, -1153}, 0, {7759, -3000}, {188, 188, 188, 255} }},
	{{ {605, 1220, -1153}, 0, {7759, -1336}, {188, 188, 188, 255} }},
	{{ {1126, 1629, 2366}, 0, {9747, -3000}, {255, 255, 255, 255} }},
	{{ {1342, 1220, 2151}, 0, {10627, -1336}, {255, 255, 255, 255} }},
	{{ {1342, 1629, 2151}, 0, {10627, -3000}, {255, 255, 255, 255} }},
	{{ {1126, 1220, 2366}, 0, {9747, -1336}, {255, 255, 255, 255} }},
	{{ {821, 1629, 2366}, 0, {8503, -3000}, {255, 255, 255, 255} }},
	{{ {821, 1220, 2366}, 0, {8503, -1336}, {255, 255, 255, 255} }},
	{{ {1342, 1629, 1846}, 0, {-4466, -3000}, {255, 255, 255, 255} }},
	{{ {1126, 1220, 1630}, 0, {-3587, -1336}, {255, 255, 255, 255} }},
	{{ {1126, 1629, 1630}, 0, {-3587, -3000}, {255, 255, 255, 255} }},
	{{ {1342, 1220, 1846}, 0, {-4466, -1336}, {255, 255, 255, 255} }},
	{{ {1342, 1629, 2151}, 0, {-5711, -3000}, {255, 255, 255, 255} }},
	{{ {1342, 1220, 2151}, 0, {-5711, -1336}, {255, 255, 255, 255} }},
	{{ {821, 1629, 1630}, 0, {8503, -3000}, {255, 255, 255, 255} }},
	{{ {605, 1220, 1846}, 0, {7623, -1336}, {255, 255, 255, 255} }},
	{{ {605, 1629, 1846}, 0, {7623, -3000}, {255, 255, 255, 255} }},
	{{ {821, 1220, 1630}, 0, {8503, -1336}, {255, 255, 255, 255} }},
	{{ {973, 1629, 1630}, 0, {9125, -3000}, {255, 255, 255, 255} }},
	{{ {973, 1220, 1630}, 0, {9125, -1336}, {255, 255, 255, 255} }},
	{{ {1126, 1629, 1630}, 0, {9747, -3000}, {255, 255, 255, 255} }},
	{{ {1126, 1220, 1630}, 0, {9747, -1336}, {255, 255, 255, 255} }},
	{{ {821, 1069, 1630}, 0, {8503, -717}, {255, 255, 255, 255} }},
	{{ {821, 1069, 1630}, 0, {8503, -717}, {255, 255, 255, 255} }},
	{{ {605, 492, 1846}, 0, {7623, 1635}, {255, 255, 255, 255} }},
	{{ {605, 1220, 1846}, 0, {7623, -1336}, {255, 255, 255, 255} }},
	{{ {605, 1629, 2151}, 0, {-5711, -3000}, {255, 255, 255, 255} }},
	{{ {821, 1220, 2366}, 0, {-6591, -1336}, {255, 255, 255, 255} }},
	{{ {821, 1629, 2366}, 0, {-6591, -3000}, {255, 255, 255, 255} }},
	{{ {605, 1220, 2151}, 0, {-5711, -1336}, {255, 255, 255, 255} }},
	{{ {605, 1220, 1998}, 0, {-5089, -1336}, {255, 255, 255, 255} }},
	{{ {605, 1629, 1998}, 0, {-5089, -3000}, {255, 255, 255, 255} }},
	{{ {605, 1629, 1846}, 0, {-4466, -3000}, {255, 255, 255, 255} }},
	{{ {605, 1220, 1846}, 0, {-4466, -1336}, {255, 255, 255, 255} }},
	{{ {605, 492, 1846}, 0, {-4466, 1635}, {255, 255, 255, 255} }},
	{{ {605, 236, 1998}, 0, {-5089, 2679}, {255, 255, 255, 255} }},
	{{ {973, 1220, 1630}, 0, {9125, -1336}, {188, 188, 188, 255} }},
	{{ {973, 1220, 1630}, 0, {9125, -1336}, {188, 188, 188, 255} }},
	{{ {973, 136, 1630}, 0, {9125, 3086}, {188, 188, 188, 255} }},
	{{ {821, 1069, 1630}, 0, {8503, -717}, {188, 188, 188, 255} }},
	{{ {821, 136, 1630}, 0, {8503, 3086}, {188, 188, 188, 255} }},
	{{ {605, 136, 1846}, 0, {7623, 3086}, {188, 188, 188, 255} }},
	{{ {605, 492, 1846}, 0, {7623, 1635}, {188, 188, 188, 255} }},
	{{ {605, 136, 1998}, 0, {-5089, 3086}, {188, 188, 188, 255} }},
	{{ {605, 236, 1998}, 0, {-5089, 2679}, {188, 188, 188, 255} }},
	{{ {605, 492, 1846}, 0, {-4466, 1635}, {188, 188, 188, 255} }},
	{{ {605, 136, 1846}, 0, {-4466, 3086}, {188, 188, 188, 255} }},
	{{ {-3153, 1629, -1368}, 0, {-7699, -3000}, {255, 255, 255, 255} }},
	{{ {-3368, 1220, -1153}, 0, {-8579, -1336}, {255, 255, 255, 255} }},
	{{ {-3368, 1629, -1153}, 0, {-8579, -3000}, {255, 255, 255, 255} }},
	{{ {-3153, 1220, -1368}, 0, {-7699, -1336}, {255, 255, 255, 255} }},
	{{ {-2847, 1629, -1368}, 0, {-6455, -3000}, {255, 255, 255, 255} }},
	{{ {-2847, 1220, -1368}, 0, {-6455, -1336}, {255, 255, 255, 255} }},
	{{ {-3368, 1629, -847}, 0, {6514, -3000}, {255, 255, 255, 255} }},
	{{ {-3153, 1220, -632}, 0, {5635, -1336}, {255, 255, 255, 255} }},
	{{ {-3153, 1629, -632}, 0, {5635, -3000}, {255, 255, 255, 255} }},
	{{ {-3368, 1220, -847}, 0, {6514, -1336}, {255, 255, 255, 255} }},
	{{ {-3368, 1629, -1153}, 0, {7759, -3000}, {255, 255, 255, 255} }},
	{{ {-3368, 1220, -1153}, 0, {7759, -1336}, {255, 255, 255, 255} }},
	{{ {-2847, 1629, -632}, 0, {-6455, -3000}, {255, 255, 255, 255} }},
	{{ {-2632, 1220, -847}, 0, {-5575, -1336}, {255, 255, 255, 255} }},
	{{ {-2632, 1629, -847}, 0, {-5575, -3000}, {255, 255, 255, 255} }},
	{{ {-2847, 1220, -632}, 0, {-6455, -1336}, {255, 255, 255, 255} }},
	{{ {-3000, 1220, -632}, 0, {-7077, -1336}, {255, 255, 255, 255} }},
	{{ {-3000, 1629, -632}, 0, {-7077, -3000}, {255, 255, 255, 255} }},
	{{ {-3153, 1629, -632}, 0, {-7699, -3000}, {255, 255, 255, 255} }},
	{{ {-3153, 1220, -632}, 0, {-7699, -1336}, {255, 255, 255, 255} }},
	{{ {-3000, 182, -632}, 0, {-7077, 2899}, {255, 255, 255, 255} }},
	{{ {-2847, 495, -632}, 0, {-6455, 1623}, {255, 255, 255, 255} }},
	{{ {-2632, 1102, -847}, 0, {-5575, -853}, {255, 255, 255, 255} }},
	{{ {-2632, 1629, -1153}, 0, {7759, -3000}, {255, 255, 255, 255} }},
	{{ {-2847, 1220, -1368}, 0, {8639, -1336}, {255, 255, 255, 255} }},
	{{ {-2847, 1629, -1368}, 0, {8639, -3000}, {255, 255, 255, 255} }},
	{{ {-2632, 1220, -1153}, 0, {7759, -1336}, {255, 255, 255, 255} }},
	{{ {-2632, 1220, -1000}, 0, {7137, -1336}, {255, 255, 255, 255} }},
	{{ {-2632, 1629, -1000}, 0, {7137, -3000}, {255, 255, 255, 255} }},
	{{ {-2632, 1629, -847}, 0, {6514, -3000}, {255, 255, 255, 255} }},
	{{ {-2632, 1220, -847}, 0, {6514, -1336}, {255, 255, 255, 255} }},
	{{ {-2632, 1102, -847}, 0, {6514, -853}, {255, 255, 255, 255} }},
	{{ {-2847, 136, -632}, 0, {-6455, 3086}, {188, 188, 188, 255} }},
	{{ {-3000, 182, -632}, 0, {-7077, 2899}, {188, 188, 188, 255} }},
	{{ {-3000, 136, -632}, 0, {-7077, 3086}, {188, 188, 188, 255} }},
	{{ {-2847, 495, -632}, 0, {-6455, 1623}, {188, 188, 188, 255} }},
	{{ {-2632, 136, -847}, 0, {-5575, 3086}, {188, 188, 188, 255} }},
	{{ {-2632, 1102, -847}, 0, {-5575, -853}, {188, 188, 188, 255} }},
	{{ {-2632, 136, -1000}, 0, {7137, 3086}, {188, 188, 188, 255} }},
	{{ {-2632, 1220, -1000}, 0, {7137, -1336}, {188, 188, 188, 255} }},
	{{ {-2632, 1102, -847}, 0, {6514, -853}, {188, 188, 188, 255} }},
	{{ {-2632, 136, -847}, 0, {6514, 3086}, {188, 188, 188, 255} }},
	{{ {-3153, 1629, 2366}, 0, {-7699, -3000}, {255, 255, 255, 255} }},
	{{ {-3368, 1629, 2151}, 0, {-8579, -3000}, {255, 255, 255, 255} }},
	{{ {-3368, 1220, 2151}, 0, {-8579, -1336}, {255, 255, 255, 255} }},
	{{ {-3153, 1220, 2366}, 0, {-7699, -1336}, {255, 255, 255, 255} }},
	{{ {-2847, 1629, 2366}, 0, {-6455, -3000}, {255, 255, 255, 255} }},
	{{ {-2847, 1220, 2366}, 0, {-6455, -1336}, {255, 255, 255, 255} }},
	{{ {-2632, 1629, 2151}, 0, {-5575, -3000}, {255, 255, 255, 255} }},
	{{ {-2632, 1220, 2151}, 0, {-5575, -1336}, {255, 255, 255, 255} }},
	{{ {-3368, 1629, 1846}, 0, {-4466, -3000}, {255, 255, 255, 255} }},
	{{ {-3153, 1629, 1630}, 0, {-3587, -3000}, {255, 255, 255, 255} }},
	{{ {-3153, 1220, 1630}, 0, {-3587, -1336}, {255, 255, 255, 255} }},
	{{ {-3368, 1220, 1846}, 0, {-4466, -1336}, {255, 255, 255, 255} }},
	{{ {-3368, 1629, 2151}, 0, {-5711, -3000}, {255, 255, 255, 255} }},
	{{ {-3368, 1220, 2151}, 0, {-5711, -1336}, {255, 255, 255, 255} }},
	{{ {-2847, 1629, 1630}, 0, {-6455, -3000}, {255, 255, 255, 255} }},
	{{ {-2632, 1629, 1846}, 0, {-5575, -3000}, {255, 255, 255, 255} }},
	{{ {-2632, 1220, 1846}, 0, {-5575, -1336}, {255, 255, 255, 255} }},
	{{ {-2847, 1220, 1630}, 0, {-6455, -1336}, {255, 255, 255, 255} }},
	{{ {-2632, 136, 1846}, 0, {-5575, 3086}, {255, 255, 255, 255} }},
	{{ {-2847, 136, 1630}, 0, {-6455, 3086}, {255, 255, 255, 255} }},
	{{ {-3000, 1220, 1630}, 0, {-7077, -1336}, {255, 255, 255, 255} }},
	{{ {-3000, 136, 1630}, 0, {-7077, 3086}, {255, 255, 255, 255} }},
	{{ {-3000, 1629, 1630}, 0, {-7077, -3000}, {255, 255, 255, 255} }},
	{{ {-3153, 1629, 1630}, 0, {-7699, -3000}, {255, 255, 255, 255} }},
	{{ {-3153, 1220, 1630}, 0, {-7699, -1336}, {255, 255, 255, 255} }},
	{{ {-2632, 136, 1998}, 0, {-5089, 3086}, {255, 255, 255, 255} }},
	{{ {-2632, 136, 1846}, 0, {-4466, 3086}, {255, 255, 255, 255} }},
	{{ {-2632, 1220, 1846}, 0, {-4466, -1336}, {255, 255, 255, 255} }},
	{{ {-2632, 136, 1998}, 0, {-5089, 3086}, {255, 255, 255, 255} }},
	{{ {-2632, 1220, 1846}, 0, {-4466, -1336}, {255, 255, 255, 255} }},
	{{ {-2632, 1220, 1998}, 0, {-5089, -1336}, {255, 255, 255, 255} }},
	{{ {-2632, 1629, 1846}, 0, {-4466, -3000}, {255, 255, 255, 255} }},
	{{ {-2632, 1629, 1998}, 0, {-5089, -3000}, {255, 255, 255, 255} }},
	{{ {-2632, 1629, 2151}, 0, {-5711, -3000}, {255, 255, 255, 255} }},
	{{ {-2632, 1220, 2151}, 0, {-5711, -1336}, {255, 255, 255, 255} }},
	{{ {973, 0, 200}, 0, {2243, 3640}, {130, 130, 130, 255} }},
	{{ {973, 0, 1630}, 0, {-3587, 3640}, {130, 130, 130, 255} }},
	{{ {973, 560, 1630}, 0, {-3587, 1357}, {188, 188, 188, 255} }},
	{{ {973, 560, 200}, 0, {2243, 1357}, {188, 188, 188, 255} }},
	{{ {973, 1220, 1630}, 0, {-3587, -1336}, {188, 188, 188, 255} }},
	{{ {973, 1220, 200}, 0, {2243, -1336}, {188, 188, 188, 255} }},
	{{ {973, 560, -200}, 0, {3874, 1357}, {188, 188, 188, 255} }},
	{{ {973, 1220, -200}, 0, {3874, -1336}, {188, 188, 188, 255} }},
	{{ {973, 560, -632}, 0, {5635, 1357}, {188, 188, 188, 255} }},
	{{ {973, 1220, -632}, 0, {5635, -1336}, {188, 188, 188, 255} }},
	{{ {973, 0, -632}, 0, {5635, 3640}, {130, 130, 130, 255} }},
	{{ {973, 0, -200}, 0, {3874, 3640}, {130, 130, 130, 255} }},
	{{ {605, 136, -1000}, 0, {7623, 3086}, {188, 188, 188, 255} }},
	{{ {605, 1220, -1000}, 0, {7623, -1336}, {188, 188, 188, 255} }},
	{{ {-1013, 1220, -1000}, 0, {1024, -1336}, {188, 188, 188, 255} }},
	{{ {-2632, 136, -1000}, 0, {-5575, 3086}, {188, 188, 188, 255} }},
	{{ {-2632, 1220, -1000}, 0, {-5575, -1336}, {188, 188, 188, 255} }},
	{{ {-3000, 182, -632}, 0, {5635, 2899}, {255, 255, 255, 255} }},
	{{ {-3000, 1220, -632}, 0, {5635, -1336}, {255, 255, 255, 255} }},
	{{ {-3000, 1220, 499}, 0, {1024, -1336}, {255, 255, 255, 255} }},
	{{ {-3000, 136, 1630}, 0, {-3587, 3086}, {255, 255, 255, 255} }},
	{{ {-3000, 1220, 1630}, 0, {-3587, -1336}, {255, 255, 255, 255} }},
	{{ {-3000, 136, -555}, 0, {5320, 3086}, {255, 255, 255, 255} }},
	{{ {605, 1220, 1998}, 0, {7623, -1336}, {255, 255, 255, 255} }},
	{{ {605, 236, 1998}, 0, {7623, 2679}, {255, 255, 255, 255} }},
	{{ {505, 136, 1998}, 0, {7214, 3086}, {255, 255, 255, 255} }},
	{{ {-1013, 1220, 1998}, 0, {1024, -1336}, {255, 255, 255, 255} }},
	{{ {-2632, 1220, 1998}, 0, {-5575, -1336}, {255, 255, 255, 255} }},
	{{ {-2632, 136, 1998}, 0, {-5575, 3086}, {255, 255, 255, 255} }},
};

Gfx rsilverpillar_rsilverpillar_mesh_layer_1_tri_0[] = {
	gsSPVertex(rsilverpillar_rsilverpillar_mesh_layer_1_vtx_0 + 0, 32, 0),
	gsSP2Triangles(0, 1, 2, 0, 3, 4, 5, 0),
	gsSP2Triangles(6, 7, 8, 0, 6, 8, 9, 0),
	gsSP2Triangles(10, 6, 9, 0, 10, 9, 11, 0),
	gsSP2Triangles(12, 13, 14, 0, 12, 14, 15, 0),
	gsSP2Triangles(16, 12, 15, 0, 16, 15, 17, 0),
	gsSP2Triangles(18, 19, 20, 0, 18, 20, 21, 0),
	gsSP2Triangles(22, 21, 20, 0, 22, 23, 21, 0),
	gsSP2Triangles(23, 24, 21, 0, 23, 25, 24, 0),
	gsSP2Triangles(24, 18, 21, 0, 24, 26, 18, 0),
	gsSP2Triangles(27, 26, 24, 0, 27, 24, 28, 0),
	gsSP1Triangle(29, 30, 31, 0),
	gsSPVertex(rsilverpillar_rsilverpillar_mesh_layer_1_vtx_0 + 32, 32, 0),
	gsSP2Triangles(0, 1, 2, 0, 3, 4, 5, 0),
	gsSP2Triangles(3, 5, 6, 0, 7, 6, 5, 0),
	gsSP2Triangles(7, 8, 6, 0, 6, 8, 9, 0),
	gsSP2Triangles(6, 9, 10, 0, 11, 12, 13, 0),
	gsSP2Triangles(11, 14, 12, 0, 15, 14, 11, 0),
	gsSP2Triangles(15, 16, 14, 0, 17, 18, 19, 0),
	gsSP2Triangles(17, 20, 18, 0, 21, 20, 17, 0),
	gsSP2Triangles(21, 22, 20, 0, 23, 24, 25, 0),
	gsSP2Triangles(23, 26, 24, 0, 26, 23, 27, 0),
	gsSP2Triangles(28, 26, 27, 0, 29, 28, 27, 0),
	gsSP2Triangles(29, 30, 28, 0, 28, 28, 26, 0),
	gsSP2Triangles(28, 31, 26, 0, 31, 24, 26, 0),
	gsSPVertex(rsilverpillar_rsilverpillar_mesh_layer_1_vtx_0 + 64, 30, 0),
	gsSP2Triangles(0, 1, 2, 0, 3, 4, 5, 0),
	gsSP2Triangles(3, 6, 4, 0, 7, 6, 3, 0),
	gsSP2Triangles(7, 3, 8, 0, 9, 7, 8, 0),
	gsSP2Triangles(9, 10, 7, 0, 11, 7, 10, 0),
	gsSP2Triangles(11, 12, 7, 0, 13, 13, 15, 0),
	gsSP2Triangles(16, 13, 15, 0, 15, 17, 16, 0),
	gsSP2Triangles(18, 16, 17, 0, 18, 19, 16, 0),
	gsSP2Triangles(20, 21, 22, 0, 20, 22, 23, 0),
	gsSP2Triangles(24, 25, 26, 0, 24, 27, 25, 0),
	gsSP2Triangles(28, 27, 24, 0, 28, 29, 27, 0),
	gsSPVertex(rsilverpillar_rsilverpillar_mesh_layer_1_vtx_0 + 94, 32, 0),
	gsSP2Triangles(0, 1, 2, 0, 0, 3, 1, 0),
	gsSP2Triangles(4, 3, 0, 0, 4, 5, 3, 0),
	gsSP2Triangles(6, 7, 8, 0, 6, 9, 7, 0),
	gsSP2Triangles(10, 9, 6, 0, 10, 6, 11, 0),
	gsSP2Triangles(12, 10, 11, 0, 12, 13, 10, 0),
	gsSP2Triangles(14, 9, 10, 0, 14, 15, 9, 0),
	gsSP2Triangles(15, 7, 9, 0, 15, 16, 7, 0),
	gsSP2Triangles(17, 18, 19, 0, 17, 20, 18, 0),
	gsSP2Triangles(21, 20, 17, 0, 21, 17, 22, 0),
	gsSP2Triangles(23, 21, 22, 0, 23, 24, 21, 0),
	gsSP2Triangles(25, 21, 24, 0, 26, 27, 28, 0),
	gsSP2Triangles(26, 29, 27, 0, 30, 29, 26, 0),
	gsSP1Triangle(30, 31, 29, 0),
	gsSPVertex(rsilverpillar_rsilverpillar_mesh_layer_1_vtx_0 + 126, 32, 0),
	gsSP2Triangles(0, 1, 2, 0, 0, 2, 3, 0),
	gsSP2Triangles(4, 5, 6, 0, 4, 6, 7, 0),
	gsSP2Triangles(8, 4, 7, 0, 8, 7, 9, 0),
	gsSP2Triangles(10, 8, 9, 0, 10, 9, 11, 0),
	gsSP2Triangles(12, 13, 14, 0, 12, 14, 15, 0),
	gsSP2Triangles(16, 12, 15, 0, 16, 15, 17, 0),
	gsSP2Triangles(18, 19, 20, 0, 18, 20, 21, 0),
	gsSP2Triangles(22, 21, 20, 0, 22, 23, 21, 0),
	gsSP2Triangles(23, 24, 21, 0, 23, 25, 24, 0),
	gsSP2Triangles(24, 18, 21, 0, 24, 26, 18, 0),
	gsSP2Triangles(27, 26, 24, 0, 27, 24, 28, 0),
	gsSP1Triangle(29, 30, 31, 0),
	gsSPVertex(rsilverpillar_rsilverpillar_mesh_layer_1_vtx_0 + 158, 30, 0),
	gsSP2Triangles(0, 1, 2, 0, 3, 2, 1, 0),
	gsSP2Triangles(3, 4, 2, 0, 2, 4, 5, 0),
	gsSP2Triangles(2, 5, 6, 0, 7, 8, 9, 0),
	gsSP2Triangles(7, 9, 10, 0, 10, 9, 11, 0),
	gsSP2Triangles(10, 11, 12, 0, 13, 10, 12, 0),
	gsSP2Triangles(13, 12, 14, 0, 15, 13, 14, 0),
	gsSP2Triangles(15, 14, 16, 0, 17, 13, 15, 0),
	gsSP2Triangles(17, 18, 13, 0, 19, 20, 21, 0),
	gsSP2Triangles(21, 22, 19, 0, 21, 23, 22, 0),
	gsSP2Triangles(24, 25, 26, 0, 26, 27, 24, 0),
	gsSP2Triangles(26, 28, 27, 0, 27, 29, 24, 0),
	gsSPVertex(rsilverpillar_rsilverpillar_mesh_layer_1_vtx_0 + 188, 6, 0),
	gsSP2Triangles(0, 1, 2, 0, 3, 0, 2, 0),
	gsSP2Triangles(2, 4, 3, 0, 2, 5, 4, 0),
	gsSPEndDisplayList(),
};

Vtx rsilverpillar_rsilverpillar_mesh_layer_1_vtx_1[47] = {
	{{ {973, 2112, -1000}, 0, {11039, -7448}, {255, 255, 255, 255} }},
	{{ {1126, 1629, -1368}, 0, {11850, -9405}, {255, 255, 255, 255} }},
	{{ {821, 1629, -1368}, 0, {10229, -9405}, {255, 255, 255, 255} }},
	{{ {1342, 1629, -1153}, 0, {12996, -8258}, {255, 255, 255, 255} }},
	{{ {1342, 1629, -847}, 0, {12996, -6637}, {255, 255, 255, 255} }},
	{{ {1126, 1629, -632}, 0, {11850, -5491}, {255, 255, 255, 255} }},
	{{ {973, 1629, -632}, 0, {11039, -5491}, {255, 255, 255, 255} }},
	{{ {821, 1629, -632}, 0, {10229, -5491}, {255, 255, 255, 255} }},
	{{ {605, 1629, -847}, 0, {9082, -6637}, {255, 255, 255, 255} }},
	{{ {605, 1629, -1000}, 0, {9082, -7448}, {255, 255, 255, 255} }},
	{{ {605, 1629, -1153}, 0, {9082, -8258}, {255, 255, 255, 255} }},
	{{ {973, 2112, 1998}, 0, {11039, 8480}, {255, 255, 255, 255} }},
	{{ {821, 1629, 2366}, 0, {10229, 10437}, {255, 255, 255, 255} }},
	{{ {1126, 1629, 2366}, 0, {11850, 10437}, {255, 255, 255, 255} }},
	{{ {605, 1629, 2151}, 0, {9082, 9291}, {255, 255, 255, 255} }},
	{{ {605, 1629, 1998}, 0, {9082, 8480}, {255, 255, 255, 255} }},
	{{ {605, 1629, 1846}, 0, {9082, 7670}, {255, 255, 255, 255} }},
	{{ {821, 1629, 1630}, 0, {10229, 6523}, {255, 255, 255, 255} }},
	{{ {973, 1629, 1630}, 0, {11039, 6523}, {255, 255, 255, 255} }},
	{{ {1126, 1629, 1630}, 0, {11850, 6523}, {255, 255, 255, 255} }},
	{{ {1342, 1629, 1846}, 0, {12996, 7670}, {255, 255, 255, 255} }},
	{{ {1342, 1629, 2151}, 0, {12996, 9291}, {255, 255, 255, 255} }},
	{{ {-3000, 2112, -1000}, 0, {-10070, -7448}, {255, 255, 255, 255} }},
	{{ {-2847, 1629, -1368}, 0, {-9259, -9405}, {255, 255, 255, 255} }},
	{{ {-3153, 1629, -1368}, 0, {-10880, -9405}, {255, 255, 255, 255} }},
	{{ {-2632, 1629, -1153}, 0, {-8113, -8258}, {255, 255, 255, 255} }},
	{{ {-2632, 1629, -1000}, 0, {-8113, -7448}, {255, 255, 255, 255} }},
	{{ {-2632, 1629, -847}, 0, {-8113, -6637}, {255, 255, 255, 255} }},
	{{ {-2847, 1629, -632}, 0, {-9259, -5491}, {255, 255, 255, 255} }},
	{{ {-3000, 1629, -632}, 0, {-10070, -5491}, {255, 255, 255, 255} }},
	{{ {-3153, 1629, -632}, 0, {-10880, -5491}, {255, 255, 255, 255} }},
	{{ {-3368, 1629, -847}, 0, {-12027, -6637}, {255, 255, 255, 255} }},
	{{ {-3000, 2112, -1000}, 0, {-10070, -7448}, {255, 255, 255, 255} }},
	{{ {-3368, 1629, -1153}, 0, {-12027, -8258}, {255, 255, 255, 255} }},
	{{ {-3368, 1629, -847}, 0, {-12027, -6637}, {255, 255, 255, 255} }},
	{{ {-3153, 1629, -1368}, 0, {-10880, -9405}, {255, 255, 255, 255} }},
	{{ {-3000, 2112, 1998}, 0, {-10070, 8480}, {255, 255, 255, 255} }},
	{{ {-3153, 1629, 2366}, 0, {-10880, 10437}, {255, 255, 255, 255} }},
	{{ {-2847, 1629, 2366}, 0, {-9259, 10437}, {255, 255, 255, 255} }},
	{{ {-3368, 1629, 2151}, 0, {-12027, 9291}, {255, 255, 255, 255} }},
	{{ {-3368, 1629, 1846}, 0, {-12027, 7670}, {255, 255, 255, 255} }},
	{{ {-3153, 1629, 1630}, 0, {-10880, 6523}, {255, 255, 255, 255} }},
	{{ {-3000, 1629, 1630}, 0, {-10070, 6523}, {255, 255, 255, 255} }},
	{{ {-2847, 1629, 1630}, 0, {-9259, 6523}, {255, 255, 255, 255} }},
	{{ {-2632, 1629, 1846}, 0, {-8113, 7670}, {255, 255, 255, 255} }},
	{{ {-2632, 1629, 1998}, 0, {-8113, 8480}, {255, 255, 255, 255} }},
	{{ {-2632, 1629, 2151}, 0, {-8113, 9291}, {255, 255, 255, 255} }},
};

Gfx rsilverpillar_rsilverpillar_mesh_layer_1_tri_1[] = {
	gsSPVertex(rsilverpillar_rsilverpillar_mesh_layer_1_vtx_1 + 0, 32, 0),
	gsSP2Triangles(0, 1, 2, 0, 0, 3, 1, 0),
	gsSP2Triangles(0, 4, 3, 0, 0, 5, 4, 0),
	gsSP2Triangles(0, 6, 5, 0, 0, 7, 6, 0),
	gsSP2Triangles(0, 8, 7, 0, 0, 9, 8, 0),
	gsSP2Triangles(0, 10, 9, 0, 0, 2, 10, 0),
	gsSP2Triangles(11, 12, 13, 0, 11, 14, 12, 0),
	gsSP2Triangles(11, 15, 14, 0, 11, 16, 15, 0),
	gsSP2Triangles(11, 17, 16, 0, 11, 18, 17, 0),
	gsSP2Triangles(11, 19, 18, 0, 11, 20, 19, 0),
	gsSP2Triangles(11, 21, 20, 0, 11, 13, 21, 0),
	gsSP2Triangles(22, 23, 24, 0, 22, 25, 23, 0),
	gsSP2Triangles(22, 26, 25, 0, 22, 27, 26, 0),
	gsSP2Triangles(22, 28, 27, 0, 22, 29, 28, 0),
	gsSP2Triangles(22, 30, 29, 0, 22, 31, 30, 0),
	gsSPVertex(rsilverpillar_rsilverpillar_mesh_layer_1_vtx_1 + 32, 15, 0),
	gsSP2Triangles(0, 1, 2, 0, 0, 3, 1, 0),
	gsSP2Triangles(4, 5, 6, 0, 4, 7, 5, 0),
	gsSP2Triangles(4, 8, 7, 0, 4, 9, 8, 0),
	gsSP2Triangles(4, 10, 9, 0, 4, 11, 10, 0),
	gsSP2Triangles(4, 12, 11, 0, 4, 13, 12, 0),
	gsSP2Triangles(4, 14, 13, 0, 4, 6, 14, 0),
	gsSPEndDisplayList(),
};

Vtx rsilverpillar_rsilverpillar_mesh_layer_1_vtx_2[115] = {
	{{ {-2850, 0, 768}, 0, {-1436, 1521}, {255, 255, 255, 255} }},
	{{ {-2850, 0, 1480}, 0, {-1154, 2311}, {255, 255, 255, 255} }},
	{{ {-2785, 0, 1480}, 0, {-1083, 2285}, {255, 255, 255, 255} }},
	{{ {-2482, 0, 1783}, 0, {-626, 2502}, {255, 255, 255, 255} }},
	{{ {-2729, 0, 776}, 0, {-1299, 1482}, {255, 255, 255, 255} }},
	{{ {-2217, 0, 326}, 0, {-909, 780}, {255, 255, 255, 255} }},
	{{ {-1826, 0, 1158}, 0, {-145, 1549}, {255, 255, 255, 255} }},
	{{ {-2439, 0, 1762}, 0, {-587, 2462}, {255, 255, 255, 255} }},
	{{ {-2440, 0, 1848}, 0, {-554, 2558}, {255, 255, 255, 255} }},
	{{ {-2482, 0, 1848}, 0, {-600, 2574}, {255, 255, 255, 255} }},
	{{ {-2434, 0, 1848}, 0, {-547, 2555}, {255, 255, 255, 255} }},
	{{ {-1826, 0, 1358}, 0, {-66, 1771}, {255, 255, 255, 255} }},
	{{ {-1626, 0, 1358}, 0, {156, 1692}, {255, 255, 255, 255} }},
	{{ {-976, 0, 687}, 0, {612, 690}, {255, 255, 255, 255} }},
	{{ {-616, 0, 1125}, 0, {1185, 1034}, {255, 255, 255, 255} }},
	{{ {-1257, 0, 1716}, 0, {707, 1943}, {255, 255, 255, 255} }},
	{{ {-1247, 0, 1848}, 0, {770, 2086}, {255, 255, 255, 255} }},
	{{ {-2078, 0, 1848}, 0, {-152, 2414}, {255, 255, 255, 255} }},
	{{ {-1231, 0, 1848}, 0, {788, 2079}, {255, 255, 255, 255} }},
	{{ {-2417, 0, 126}, 0, {-1210, 637}, {255, 255, 255, 255} }},
	{{ {-2417, 0, 326}, 0, {-1131, 859}, {255, 255, 255, 255} }},
	{{ {-2417, 0, 126}, 0, {-1210, 637}, {255, 255, 255, 255} }},
	{{ {-984, 0, 450}, 0, {509, 430}, {255, 255, 255, 255} }},
	{{ {-960, 0, 663}, 0, {620, 657}, {255, 255, 255, 255} }},
	{{ {-756, 0, 667}, 0, {849, 581}, {255, 255, 255, 255} }},
	{{ {365, 0, 1848}, 0, {2559, 1448}, {255, 255, 255, 255} }},
	{{ {-416, 0, 1325}, 0, {1486, 1177}, {255, 255, 255, 255} }},
	{{ {-616, 0, 1325}, 0, {1264, 1256}, {255, 255, 255, 255} }},
	{{ {-905, 0, 1848}, 0, {1150, 1950}, {255, 255, 255, 255} }},
	{{ {-2850, 0, -371}, 0, {-1886, 257}, {255, 255, 255, 255} }},
	{{ {-2850, 0, 512}, 0, {-1537, 1237}, {255, 255, 255, 255} }},
	{{ {-2247, 0, -82}, 0, {-1102, 339}, {255, 255, 255, 255} }},
	{{ {-984, 0, 450}, 0, {509, 430}, {255, 255, 255, 255} }},
	{{ {-2052, 0, 10}, 0, {-851, 364}, {255, 255, 255, 255} }},
	{{ {-2217, 0, 126}, 0, {-988, 558}, {255, 255, 255, 255} }},
	{{ {-2417, 0, 126}, 0, {-1210, 637}, {255, 255, 255, 255} }},
	{{ {365, 0, 1848}, 0, {2559, 1448}, {255, 255, 255, 255} }},
	{{ {332, 0, 218}, 0, {1878, -349}, {255, 255, 255, 255} }},
	{{ {-756, 0, 667}, 0, {849, 581}, {255, 255, 255, 255} }},
	{{ {12, 0, 196}, 0, {1515, -246}, {255, 255, 255, 255} }},
	{{ {-160, 0, 37}, 0, {1261, -355}, {255, 255, 255, 255} }},
	{{ {-196, 0, -3}, 0, {1205, -384}, {255, 255, 255, 255} }},
	{{ {-360, 0, -163}, 0, {960, -498}, {255, 255, 255, 255} }},
	{{ {-197, 0, -339}, 0, {1071, -758}, {255, 255, 255, 255} }},
	{{ {-2080, 0, -316}, 0, {-1010, 13}, {255, 255, 255, 255} }},
	{{ {-2850, 0, -371}, 0, {-1886, 257}, {255, 255, 255, 255} }},
	{{ {-2247, 0, -82}, 0, {-1102, 339}, {255, 255, 255, 255} }},
	{{ {-1880, 0, -116}, 0, {-709, 156}, {255, 255, 255, 255} }},
	{{ {-2080, 0, -116}, 0, {-931, 235}, {255, 255, 255, 255} }},
	{{ {-2052, 0, 10}, 0, {-851, 364}, {255, 255, 255, 255} }},
	{{ {-360, 0, 37}, 0, {1039, -276}, {255, 255, 255, 255} }},
	{{ {-2850, 0, -482}, 0, {-1930, 134}, {188, 188, 188, 255} }},
	{{ {-2850, 0, -371}, 0, {-1886, 257}, {188, 188, 188, 255} }},
	{{ {-197, 0, -339}, 0, {1071, -758}, {188, 188, 188, 255} }},
	{{ {-2785, 0, -482}, 0, {-1858, 108}, {188, 188, 188, 255} }},
	{{ {-2482, 0, -785}, 0, {-1642, -349}, {188, 188, 188, 255} }},
	{{ {455, 0, -850}, 0, {1592, -1582}, {188, 188, 188, 255} }},
	{{ {332, 0, 218}, 0, {1878, -349}, {188, 188, 188, 255} }},
	{{ {12, 0, 196}, 0, {1515, -246}, {188, 188, 188, 255} }},
	{{ {-196, 0, -3}, 0, {1205, -384}, {188, 188, 188, 255} }},
	{{ {455, 0, -785}, 0, {1618, -1510}, {188, 188, 188, 255} }},
	{{ {530, 0, -350}, 0, {1873, -1057}, {188, 188, 188, 255} }},
	{{ {530, 0, 350}, 0, {2150, -280}, {188, 188, 188, 255} }},
	{{ {823, 0, 1480}, 0, {2922, 858}, {188, 188, 188, 255} }},
	{{ {332, 0, 218}, 0, {1878, -349}, {188, 188, 188, 255} }},
	{{ {759, 0, 1480}, 0, {2850, 884}, {188, 188, 188, 255} }},
	{{ {823, 0, 1480}, 0, {2922, 858}, {188, 188, 188, 255} }},
	{{ {455, 0, 1783}, 0, {2634, 1341}, {188, 188, 188, 255} }},
	{{ {455, 0, 1848}, 0, {2659, 1412}, {188, 188, 188, 255} }},
	{{ {365, 0, 1848}, 0, {2559, 1448}, {188, 188, 188, 255} }},
	{{ {823, 0, 350}, 0, {2475, -396}, {188, 188, 188, 255} }},
	{{ {530, 0, 350}, 0, {2150, -280}, {188, 188, 188, 255} }},
	{{ {455, 0, -850}, 0, {1592, -1582}, {188, 188, 188, 255} }},
	{{ {-2482, 0, -850}, 0, {-1667, -420}, {188, 188, 188, 255} }},
	{{ {-2482, 0, -785}, 0, {-1642, -349}, {188, 188, 188, 255} }},
	{{ {530, 0, -350}, 0, {1873, -1057}, {188, 188, 188, 255} }},
	{{ {823, 0, -350}, 0, {2199, -1173}, {188, 188, 188, 255} }},
	{{ {823, 0, -482}, 0, {2146, -1319}, {188, 188, 188, 255} }},
	{{ {759, 0, -482}, 0, {2075, -1293}, {188, 188, 188, 255} }},
	{{ {455, 0, -785}, 0, {1618, -1510}, {188, 188, 188, 255} }},
	{{ {-960, 0, 663}, 0, {620, 657}, {188, 188, 188, 255} }},
	{{ {-756, 0, 667}, 0, {849, 581}, {188, 188, 188, 255} }},
	{{ {-160, 0, 37}, 0, {1261, -355}, {188, 188, 188, 255} }},
	{{ {-360, 0, 37}, 0, {1039, -276}, {188, 188, 188, 255} }},
	{{ {-984, 0, 450}, 0, {509, 430}, {188, 188, 188, 255} }},
	{{ {-360, 0, -163}, 0, {960, -498}, {188, 188, 188, 255} }},
	{{ {-1231, 0, 1848}, 0, {788, 2079}, {188, 188, 188, 255} }},
	{{ {-905, 0, 1848}, 0, {1150, 1950}, {188, 188, 188, 255} }},
	{{ {-416, 0, 1325}, 0, {1486, 1177}, {188, 188, 188, 255} }},
	{{ {-616, 0, 1325}, 0, {1264, 1256}, {188, 188, 188, 255} }},
	{{ {-1257, 0, 1716}, 0, {707, 1943}, {188, 188, 188, 255} }},
	{{ {-616, 0, 1125}, 0, {1185, 1034}, {188, 188, 188, 255} }},
	{{ {-2434, 0, 1848}, 0, {-547, 2555}, {188, 188, 188, 255} }},
	{{ {-2078, 0, 1848}, 0, {-152, 2414}, {188, 188, 188, 255} }},
	{{ {-1626, 0, 1358}, 0, {156, 1692}, {188, 188, 188, 255} }},
	{{ {-1826, 0, 1358}, 0, {-66, 1771}, {188, 188, 188, 255} }},
	{{ {-1826, 0, 1358}, 0, {-66, 1771}, {188, 188, 188, 255} }},
	{{ {-2439, 0, 1762}, 0, {-587, 2462}, {188, 188, 188, 255} }},
	{{ {-2434, 0, 1848}, 0, {-547, 2555}, {188, 188, 188, 255} }},
	{{ {-1826, 0, 1158}, 0, {-145, 1549}, {188, 188, 188, 255} }},
	{{ {-2850, 0, 512}, 0, {-1537, 1237}, {188, 188, 188, 255} }},
	{{ {-2850, 0, 768}, 0, {-1436, 1521}, {188, 188, 188, 255} }},
	{{ {-2729, 0, 776}, 0, {-1299, 1482}, {188, 188, 188, 255} }},
	{{ {-2417, 0, 326}, 0, {-1131, 859}, {188, 188, 188, 255} }},
	{{ {-2217, 0, 326}, 0, {-909, 780}, {188, 188, 188, 255} }},
	{{ {-2417, 0, 126}, 0, {-1210, 637}, {188, 188, 188, 255} }},
	{{ {-2247, 0, -82}, 0, {-1102, 339}, {188, 188, 188, 255} }},
	{{ {-2417, 0, 126}, 0, {-1210, 637}, {188, 188, 188, 255} }},
	{{ {-2217, 0, 126}, 0, {-988, 558}, {188, 188, 188, 255} }},
	{{ {-2052, 0, 10}, 0, {-851, 364}, {188, 188, 188, 255} }},
	{{ {-2247, 0, -82}, 0, {-1102, 339}, {188, 188, 188, 255} }},
	{{ {-2052, 0, 10}, 0, {-851, 364}, {188, 188, 188, 255} }},
	{{ {-1880, 0, -116}, 0, {-709, 156}, {188, 188, 188, 255} }},
	{{ {-2080, 0, -116}, 0, {-931, 235}, {188, 188, 188, 255} }},
	{{ {-2080, 0, -316}, 0, {-1010, 13}, {188, 188, 188, 255} }},
};

Gfx rsilverpillar_rsilverpillar_mesh_layer_1_tri_2[] = {
	gsSPVertex(rsilverpillar_rsilverpillar_mesh_layer_1_vtx_2 + 0, 32, 0),
	gsSP2Triangles(0, 1, 2, 0, 0, 2, 3, 0),
	gsSP2Triangles(4, 0, 3, 0, 5, 4, 3, 0),
	gsSP2Triangles(5, 3, 6, 0, 3, 7, 6, 0),
	gsSP2Triangles(3, 8, 7, 0, 3, 9, 8, 0),
	gsSP2Triangles(10, 7, 8, 0, 6, 11, 12, 0),
	gsSP2Triangles(5, 6, 12, 0, 13, 5, 12, 0),
	gsSP2Triangles(12, 14, 13, 0, 12, 15, 14, 0),
	gsSP2Triangles(12, 16, 15, 0, 12, 17, 16, 0),
	gsSP2Triangles(18, 15, 16, 0, 19, 20, 5, 0),
	gsSP2Triangles(21, 19, 5, 0, 13, 21, 5, 0),
	gsSP2Triangles(13, 22, 21, 0, 23, 22, 13, 0),
	gsSP2Triangles(23, 13, 24, 0, 25, 24, 13, 0),
	gsSP2Triangles(14, 25, 13, 0, 14, 26, 25, 0),
	gsSP2Triangles(14, 27, 26, 0, 26, 28, 25, 0),
	gsSP2Triangles(29, 30, 19, 0, 21, 29, 19, 0),
	gsSP1Triangle(21, 31, 29, 0),
	gsSPVertex(rsilverpillar_rsilverpillar_mesh_layer_1_vtx_2 + 32, 32, 0),
	gsSP2Triangles(0, 1, 2, 0, 0, 2, 3, 0),
	gsSP2Triangles(4, 5, 6, 0, 6, 5, 7, 0),
	gsSP2Triangles(8, 6, 7, 0, 7, 9, 8, 0),
	gsSP2Triangles(9, 10, 8, 0, 9, 11, 10, 0),
	gsSP2Triangles(11, 12, 10, 0, 11, 13, 12, 0),
	gsSP2Triangles(13, 14, 12, 0, 12, 15, 10, 0),
	gsSP2Triangles(12, 16, 15, 0, 15, 0, 10, 0),
	gsSP2Triangles(15, 17, 0, 0, 10, 18, 8, 0),
	gsSP2Triangles(19, 20, 21, 0, 22, 19, 21, 0),
	gsSP2Triangles(23, 22, 21, 0, 24, 23, 21, 0),
	gsSP2Triangles(24, 21, 25, 0, 21, 26, 25, 0),
	gsSP2Triangles(21, 27, 26, 0, 28, 24, 25, 0),
	gsSP2Triangles(25, 29, 28, 0, 25, 30, 29, 0),
	gsSP1Triangle(25, 31, 30, 0),
	gsSPVertex(rsilverpillar_rsilverpillar_mesh_layer_1_vtx_2 + 64, 32, 0),
	gsSP2Triangles(0, 1, 2, 0, 0, 3, 1, 0),
	gsSP2Triangles(0, 4, 3, 0, 0, 5, 4, 0),
	gsSP2Triangles(2, 6, 7, 0, 8, 9, 10, 0),
	gsSP2Triangles(11, 12, 13, 0, 11, 13, 14, 0),
	gsSP2Triangles(11, 14, 15, 0, 16, 17, 18, 0),
	gsSP2Triangles(16, 18, 19, 0, 19, 20, 16, 0),
	gsSP2Triangles(19, 21, 20, 0, 22, 23, 24, 0),
	gsSP2Triangles(22, 24, 25, 0, 25, 26, 22, 0),
	gsSP2Triangles(25, 27, 26, 0, 28, 29, 30, 0),
	gsSP1Triangle(28, 30, 31, 0),
	gsSPVertex(rsilverpillar_rsilverpillar_mesh_layer_1_vtx_2 + 96, 19, 0),
	gsSP2Triangles(0, 1, 2, 0, 0, 3, 1, 0),
	gsSP2Triangles(4, 5, 6, 0, 6, 7, 4, 0),
	gsSP2Triangles(6, 8, 7, 0, 7, 9, 4, 0),
	gsSP2Triangles(10, 11, 12, 0, 10, 12, 13, 0),
	gsSP2Triangles(14, 15, 16, 0, 16, 17, 14, 0),
	gsSP1Triangle(17, 18, 14, 0),
	gsSPEndDisplayList(),
};

Vtx rsilverpillar_rsilverpillar_mesh_layer_1_vtx_3[56] = {
	{{ {-3000, 136, -632}, 0, {8376, -8}, {188, 188, 188, 255} }},
	{{ {-3000, 136, -555}, 0, {7805, -8}, {188, 188, 188, 255} }},
	{{ {-3000, 0, -372}, 0, {6454, 1000}, {188, 188, 188, 255} }},
	{{ {-3000, 0, -632}, 0, {8376, 1000}, {130, 130, 130, 255} }},
	{{ {-2847, 0, -632}, 0, {9508, 1000}, {130, 130, 130, 255} }},
	{{ {-2847, 136, -632}, 0, {9508, -8}, {188, 188, 188, 255} }},
	{{ {-2632, 0, -847}, 0, {11771, 1000}, {130, 130, 130, 255} }},
	{{ {-2632, 136, -847}, 0, {11771, -8}, {188, 188, 188, 255} }},
	{{ {-2632, 0, -1000}, 0, {12903, 1000}, {130, 130, 130, 255} }},
	{{ {-2632, 136, -1000}, 0, {12903, -8}, {188, 188, 188, 255} }},
	{{ {605, 136, -1000}, 0, {30762, -8}, {188, 188, 188, 255} }},
	{{ {-2632, 136, -1000}, 0, {6759, -8}, {188, 188, 188, 255} }},
	{{ {-2632, 0, -1000}, 0, {6759, 1000}, {130, 130, 130, 255} }},
	{{ {605, 0, -1000}, 0, {30762, 1000}, {130, 130, 130, 255} }},
	{{ {605, 0, 1998}, 0, {-29758, 1000}, {130, 130, 130, 255} }},
	{{ {368, 0, 1998}, 0, {-28001, 1000}, {188, 188, 188, 255} }},
	{{ {505, 136, 1998}, 0, {-29015, -8}, {188, 188, 188, 255} }},
	{{ {605, 136, 1998}, 0, {-29758, -8}, {188, 188, 188, 255} }},
	{{ {-2632, 0, 1998}, 0, {-12922, 1000}, {255, 255, 255, 255} }},
	{{ {-2632, 136, 1846}, 0, {-11790, -8}, {255, 255, 255, 255} }},
	{{ {-2632, 136, 1998}, 0, {-12922, -8}, {255, 255, 255, 255} }},
	{{ {-2632, 0, 1846}, 0, {-11790, 1000}, {255, 255, 255, 255} }},
	{{ {-2847, 136, 1630}, 0, {-9527, -8}, {255, 255, 255, 255} }},
	{{ {-2847, 0, 1630}, 0, {-9527, 1000}, {255, 255, 255, 255} }},
	{{ {-3000, 136, 1630}, 0, {-8396, -8}, {255, 255, 255, 255} }},
	{{ {-3000, 0, 1630}, 0, {-8396, 1000}, {255, 255, 255, 255} }},
	{{ {-3000, 0, -372}, 0, {6454, 1000}, {255, 255, 255, 255} }},
	{{ {-3000, 136, -555}, 0, {7805, -8}, {255, 255, 255, 255} }},
	{{ {605, 0, 1998}, 0, {-28734, 1000}, {130, 130, 130, 255} }},
	{{ {605, 136, 1998}, 0, {-28734, -8}, {188, 188, 188, 255} }},
	{{ {605, 136, 1846}, 0, {-29866, -8}, {188, 188, 188, 255} }},
	{{ {605, 0, 1846}, 0, {-29866, 1000}, {130, 130, 130, 255} }},
	{{ {605, 0, 1846}, 0, {-27818, 1000}, {130, 130, 130, 255} }},
	{{ {605, 136, 1846}, 0, {-27818, -8}, {188, 188, 188, 255} }},
	{{ {821, 136, 1630}, 0, {-30081, -8}, {188, 188, 188, 255} }},
	{{ {821, 0, 1630}, 0, {-30081, 1000}, {130, 130, 130, 255} }},
	{{ {821, 0, 1630}, 0, {-29057, 1000}, {130, 130, 130, 255} }},
	{{ {821, 136, 1630}, 0, {-29057, -8}, {188, 188, 188, 255} }},
	{{ {973, 136, 1630}, 0, {-30188, -8}, {188, 188, 188, 255} }},
	{{ {973, 0, 1630}, 0, {-30188, 1000}, {130, 130, 130, 255} }},
	{{ {605, 0, -1000}, 0, {29738, 1000}, {130, 130, 130, 255} }},
	{{ {605, 0, -847}, 0, {30870, 1000}, {130, 130, 130, 255} }},
	{{ {605, 136, -847}, 0, {30870, -8}, {188, 188, 188, 255} }},
	{{ {605, 136, -1000}, 0, {29738, -8}, {188, 188, 188, 255} }},
	{{ {605, 0, -847}, 0, {28822, 1000}, {130, 130, 130, 255} }},
	{{ {821, 0, -632}, 0, {31085, 1000}, {130, 130, 130, 255} }},
	{{ {821, 136, -632}, 0, {31085, -8}, {188, 188, 188, 255} }},
	{{ {605, 136, -847}, 0, {28822, -8}, {188, 188, 188, 255} }},
	{{ {821, 0, -632}, 0, {30061, 1000}, {130, 130, 130, 255} }},
	{{ {973, 0, -632}, 0, {31193, 1000}, {130, 130, 130, 255} }},
	{{ {973, 136, -632}, 0, {31193, -8}, {188, 188, 188, 255} }},
	{{ {821, 136, -632}, 0, {30061, -8}, {188, 188, 188, 255} }},
	{{ {505, 136, 1998}, 0, {-30039, -8}, {255, 255, 255, 255} }},
	{{ {368, 0, 1998}, 0, {-29025, 1000}, {255, 255, 255, 255} }},
	{{ {-2632, 0, 1998}, 0, {-6778, 1000}, {255, 255, 255, 255} }},
	{{ {-2632, 136, 1998}, 0, {-6778, -8}, {255, 255, 255, 255} }},
};

Gfx rsilverpillar_rsilverpillar_mesh_layer_1_tri_3[] = {
	gsSPVertex(rsilverpillar_rsilverpillar_mesh_layer_1_vtx_3 + 0, 32, 0),
	gsSP2Triangles(0, 1, 2, 0, 0, 2, 3, 0),
	gsSP2Triangles(4, 0, 3, 0, 4, 5, 0, 0),
	gsSP2Triangles(6, 5, 4, 0, 6, 7, 5, 0),
	gsSP2Triangles(8, 7, 6, 0, 8, 9, 7, 0),
	gsSP2Triangles(10, 11, 12, 0, 10, 12, 13, 0),
	gsSP2Triangles(14, 15, 16, 0, 14, 16, 17, 0),
	gsSP2Triangles(18, 19, 20, 0, 18, 21, 19, 0),
	gsSP2Triangles(21, 22, 19, 0, 21, 23, 22, 0),
	gsSP2Triangles(23, 24, 22, 0, 23, 25, 24, 0),
	gsSP2Triangles(26, 24, 25, 0, 26, 27, 24, 0),
	gsSP2Triangles(28, 29, 30, 0, 28, 30, 31, 0),
	gsSPVertex(rsilverpillar_rsilverpillar_mesh_layer_1_vtx_3 + 32, 24, 0),
	gsSP2Triangles(0, 1, 2, 0, 0, 2, 3, 0),
	gsSP2Triangles(4, 5, 6, 0, 4, 6, 7, 0),
	gsSP2Triangles(8, 9, 10, 0, 8, 10, 11, 0),
	gsSP2Triangles(12, 13, 14, 0, 12, 14, 15, 0),
	gsSP2Triangles(16, 17, 18, 0, 16, 18, 19, 0),
	gsSP2Triangles(20, 21, 22, 0, 20, 22, 23, 0),
	gsSPEndDisplayList(),
};

Vtx rsilverpillar_rsilverpillar_mesh_layer_1_vtx_4[18] = {
	{{ {605, 1220, 1998}, 0, {95, -6127}, {0, 203, 8, 255} }},
	{{ {-928, 1777, 2567}, 0, {1043, -5719}, {0, 203, 8, 255} }},
	{{ {1356, 1777, 2567}, 0, {1059, -9006}, {0, 203, 8, 255} }},
	{{ {-1013, 1220, 1998}, 0, {83, -3799}, {0, 203, 8, 255} }},
	{{ {-2632, 1220, 1998}, 0, {72, -1460}, {0, 203, 8, 255} }},
	{{ {-3222, 1944, 2615}, 0, {1026, -2419}, {0, 203, 8, 255} }},
	{{ {-3742, 1944, 2095}, 0, {1021, -1360}, {0, 203, 8, 255} }},
	{{ {-3000, 1220, 1630}, 0, {68, -711}, {0, 203, 8, 255} }},
	{{ {-3848, 2231, 493}, 0, {1009, 966}, {0, 203, 8, 255} }},
	{{ {-3000, 1220, 499}, 0, {59, 937}, {0, 203, 8, 255} }},
	{{ {-3000, 1220, -632}, 0, {51, 2564}, {0, 203, 8, 255} }},
	{{ {-3848, 2231, -1103}, 0, {997, 3262}, {0, 203, 8, 255} }},
	{{ {-3237, 2040, -1918}, 0, {991, 4574}, {0, 203, 8, 255} }},
	{{ {-2632, 1220, -1000}, 0, {47, 3494}, {0, 203, 8, 255} }},
	{{ {-953, 2040, -1918}, 0, {974, 7861}, {0, 203, 8, 255} }},
	{{ {-1013, 1220, -1000}, 0, {35, 5823}, {0, 203, 8, 255} }},
	{{ {605, 1220, -1000}, 0, {23, 8173}, {0, 203, 8, 255} }},
	{{ {1346, 1944, -1617}, 0, {957, 11178}, {0, 203, 8, 255} }},
};

Gfx rsilverpillar_rsilverpillar_mesh_layer_1_tri_4[] = {
	gsSPVertex(rsilverpillar_rsilverpillar_mesh_layer_1_vtx_4 + 0, 18, 0),
	gsSP2Triangles(0, 1, 2, 0, 0, 3, 1, 0),
	gsSP2Triangles(1, 3, 4, 0, 1, 4, 5, 0),
	gsSP2Triangles(4, 6, 5, 0, 4, 7, 6, 0),
	gsSP2Triangles(7, 8, 6, 0, 7, 9, 8, 0),
	gsSP2Triangles(8, 9, 10, 0, 8, 10, 11, 0),
	gsSP2Triangles(12, 11, 10, 0, 12, 10, 13, 0),
	gsSP2Triangles(13, 14, 12, 0, 13, 15, 14, 0),
	gsSP2Triangles(14, 15, 16, 0, 14, 16, 17, 0),
	gsSPEndDisplayList(),
};

Vtx rsilverpillar_rsilverpillar_mesh_layer_1_vtx_5[134] = {
	{{ {-360, 0, 37}, 0, {-3, 7179}, {188, 188, 188, 255} }},
	{{ {-360, 478, -163}, 0, {2019, 2349}, {188, 188, 188, 255} }},
	{{ {-360, 0, -163}, 0, {2019, 7179}, {188, 188, 188, 255} }},
	{{ {-360, 478, 37}, 0, {-3, 2349}, {188, 188, 188, 255} }},
	{{ {-160, 0, 37}, 0, {2019, 7179}, {188, 188, 188, 255} }},
	{{ {-160, 478, 37}, 0, {2019, 2349}, {188, 188, 188, 255} }},
	{{ {-360, 0, -163}, 0, {-3, 7179}, {255, 255, 255, 255} }},
	{{ {-360, 478, -163}, 0, {-3, 2349}, {255, 255, 255, 255} }},
	{{ {-160, 478, -163}, 0, {2019, 2349}, {255, 255, 255, 255} }},
	{{ {-160, 0, -163}, 0, {2019, 7179}, {255, 255, 255, 255} }},
	{{ {-160, 478, 37}, 0, {-3, 2349}, {255, 255, 255, 255} }},
	{{ {-160, 0, 37}, 0, {-3, 7179}, {255, 255, 255, 255} }},
	{{ {-360, 1220, 37}, 0, {-3, -5163}, {188, 188, 188, 255} }},
	{{ {-360, 1220, -163}, 0, {2019, -5163}, {188, 188, 188, 255} }},
	{{ {-360, 678, -163}, 0, {2019, 327}, {188, 188, 188, 255} }},
	{{ {-360, 678, 37}, 0, {-3, 327}, {188, 188, 188, 255} }},
	{{ {-160, 1220, 37}, 0, {2019, -5163}, {188, 188, 188, 255} }},
	{{ {-160, 678, 37}, 0, {2019, 327}, {188, 188, 188, 255} }},
	{{ {-360, 1220, -163}, 0, {-3, -5163}, {255, 255, 255, 255} }},
	{{ {-160, 678, -163}, 0, {2019, 327}, {255, 255, 255, 255} }},
	{{ {-360, 678, -163}, 0, {-3, 327}, {255, 255, 255, 255} }},
	{{ {-160, 1220, -163}, 0, {2019, -5163}, {255, 255, 255, 255} }},
	{{ {-160, 678, 37}, 0, {-3, 327}, {255, 255, 255, 255} }},
	{{ {-160, 1220, 37}, 0, {-3, -5163}, {255, 255, 255, 255} }},
	{{ {-2080, 0, -116}, 0, {2, 7147}, {188, 188, 188, 255} }},
	{{ {-2080, 128, -316}, 0, {2014, 5863}, {188, 188, 188, 255} }},
	{{ {-2080, 0, -316}, 0, {2014, 7147}, {188, 188, 188, 255} }},
	{{ {-2080, 128, -116}, 0, {2, 5863}, {188, 188, 188, 255} }},
	{{ {-1880, 0, -116}, 0, {2014, 7147}, {188, 188, 188, 255} }},
	{{ {-1880, 128, -116}, 0, {2014, 5863}, {188, 188, 188, 255} }},
	{{ {-2080, 0, -316}, 0, {2, 7147}, {255, 255, 255, 255} }},
	{{ {-2080, 128, -316}, 0, {2, 5863}, {255, 255, 255, 255} }},
	{{ {-1880, 128, -316}, 0, {2014, 5863}, {255, 255, 255, 255} }},
	{{ {-1880, 0, -316}, 0, {2014, 7147}, {255, 255, 255, 255} }},
	{{ {-1880, 128, -116}, 0, {2, 5863}, {255, 255, 255, 255} }},
	{{ {-1880, 0, -116}, 0, {2, 7147}, {255, 255, 255, 255} }},
	{{ {-2080, 1220, -116}, 0, {2, -5131}, {188, 188, 188, 255} }},
	{{ {-2080, 1220, -316}, 0, {2014, -5131}, {188, 188, 188, 255} }},
	{{ {-2080, 328, -316}, 0, {2014, 3851}, {188, 188, 188, 255} }},
	{{ {-2080, 328, -116}, 0, {2, 3851}, {188, 188, 188, 255} }},
	{{ {-1880, 1220, -116}, 0, {2014, -5131}, {188, 188, 188, 255} }},
	{{ {-1880, 328, -116}, 0, {2014, 3851}, {188, 188, 188, 255} }},
	{{ {-2080, 1220, -316}, 0, {2, -5131}, {255, 255, 255, 255} }},
	{{ {-1880, 328, -316}, 0, {2014, 3851}, {255, 255, 255, 255} }},
	{{ {-2080, 328, -316}, 0, {2, 3851}, {255, 255, 255, 255} }},
	{{ {-1880, 1220, -316}, 0, {2014, -5131}, {255, 255, 255, 255} }},
	{{ {-1880, 328, -116}, 0, {2, 3851}, {255, 255, 255, 255} }},
	{{ {-1880, 1220, -116}, 0, {2, -5131}, {255, 255, 255, 255} }},
	{{ {-2417, 0, 326}, 0, {-3, 7175}, {188, 188, 188, 255} }},
	{{ {-2417, 567, 126}, 0, {2019, 1446}, {188, 188, 188, 255} }},
	{{ {-2417, 0, 126}, 0, {2019, 7175}, {188, 188, 188, 255} }},
	{{ {-2417, 567, 326}, 0, {-3, 1446}, {188, 188, 188, 255} }},
	{{ {-2217, 0, 326}, 0, {2019, 7175}, {188, 188, 188, 255} }},
	{{ {-2217, 567, 326}, 0, {2019, 1446}, {188, 188, 188, 255} }},
	{{ {-2417, 0, 126}, 0, {-3, 7175}, {188, 188, 188, 255} }},
	{{ {-2417, 567, 126}, 0, {-3, 1446}, {188, 188, 188, 255} }},
	{{ {-2217, 567, 126}, 0, {2019, 1446}, {188, 188, 188, 255} }},
	{{ {-2217, 0, 126}, 0, {2019, 7175}, {188, 188, 188, 255} }},
	{{ {-2217, 0, 126}, 0, {2019, 7175}, {255, 255, 255, 255} }},
	{{ {-2217, 567, 126}, 0, {2019, 1446}, {255, 255, 255, 255} }},
	{{ {-2217, 567, 326}, 0, {-3, 1446}, {255, 255, 255, 255} }},
	{{ {-2217, 0, 326}, 0, {-3, 7175}, {255, 255, 255, 255} }},
	{{ {-2417, 1220, 326}, 0, {-3, -5159}, {188, 188, 188, 255} }},
	{{ {-2417, 1220, 126}, 0, {2019, -5159}, {188, 188, 188, 255} }},
	{{ {-2417, 767, 126}, 0, {2019, -575}, {188, 188, 188, 255} }},
	{{ {-2417, 767, 326}, 0, {-3, -575}, {188, 188, 188, 255} }},
	{{ {-2217, 1220, 326}, 0, {2019, -5159}, {188, 188, 188, 255} }},
	{{ {-2217, 767, 326}, 0, {2019, -575}, {188, 188, 188, 255} }},
	{{ {-2417, 1220, 126}, 0, {-3, -5159}, {188, 188, 188, 255} }},
	{{ {-2217, 1220, 126}, 0, {2019, -5159}, {188, 188, 188, 255} }},
	{{ {-2217, 767, 126}, 0, {2019, -575}, {188, 188, 188, 255} }},
	{{ {-2417, 767, 126}, 0, {-3, -575}, {188, 188, 188, 255} }},
	{{ {-2217, 1220, 126}, 0, {2019, -5159}, {255, 255, 255, 255} }},
	{{ {-2217, 1220, 326}, 0, {-3, -5159}, {255, 255, 255, 255} }},
	{{ {-2217, 767, 326}, 0, {-3, -575}, {255, 255, 255, 255} }},
	{{ {-2217, 767, 126}, 0, {2019, -575}, {255, 255, 255, 255} }},
	{{ {-1826, 0, 1358}, 0, {-24, 7306}, {188, 188, 188, 255} }},
	{{ {-1826, 601, 1158}, 0, {2040, 1107}, {188, 188, 188, 255} }},
	{{ {-1826, 0, 1158}, 0, {2040, 7306}, {188, 188, 188, 255} }},
	{{ {-1826, 601, 1358}, 0, {-24, 1107}, {188, 188, 188, 255} }},
	{{ {-1626, 0, 1358}, 0, {2040, 7306}, {188, 188, 188, 255} }},
	{{ {-1626, 601, 1358}, 0, {2040, 1107}, {188, 188, 188, 255} }},
	{{ {-1826, 0, 1158}, 0, {-24, 7306}, {255, 255, 255, 255} }},
	{{ {-1826, 601, 1158}, 0, {-24, 1107}, {255, 255, 255, 255} }},
	{{ {-1626, 601, 1158}, 0, {2040, 1107}, {255, 255, 255, 255} }},
	{{ {-1626, 0, 1158}, 0, {2040, 7306}, {255, 255, 255, 255} }},
	{{ {-1626, 0, 1158}, 0, {2040, 7306}, {255, 255, 255, 255} }},
	{{ {-1626, 601, 1158}, 0, {2040, 1107}, {255, 255, 255, 255} }},
	{{ {-1626, 601, 1358}, 0, {-24, 1107}, {255, 255, 255, 255} }},
	{{ {-1626, 0, 1358}, 0, {-24, 7306}, {255, 255, 255, 255} }},
	{{ {-1826, 1220, 1358}, 0, {-24, -5290}, {188, 188, 188, 255} }},
	{{ {-1826, 1220, 1158}, 0, {2040, -5290}, {188, 188, 188, 255} }},
	{{ {-1826, 801, 1158}, 0, {2040, -957}, {188, 188, 188, 255} }},
	{{ {-1826, 801, 1358}, 0, {-24, -957}, {188, 188, 188, 255} }},
	{{ {-1626, 1220, 1358}, 0, {2040, -5290}, {188, 188, 188, 255} }},
	{{ {-1826, 1220, 1358}, 0, {-24, -5290}, {188, 188, 188, 255} }},
	{{ {-1826, 801, 1358}, 0, {-24, -957}, {188, 188, 188, 255} }},
	{{ {-1626, 801, 1358}, 0, {2040, -957}, {188, 188, 188, 255} }},
	{{ {-1826, 1220, 1158}, 0, {-24, -5290}, {255, 255, 255, 255} }},
	{{ {-1626, 1220, 1158}, 0, {2040, -5290}, {255, 255, 255, 255} }},
	{{ {-1626, 801, 1158}, 0, {2040, -957}, {255, 255, 255, 255} }},
	{{ {-1826, 801, 1158}, 0, {-24, -957}, {255, 255, 255, 255} }},
	{{ {-1626, 1220, 1158}, 0, {2040, -5290}, {255, 255, 255, 255} }},
	{{ {-1626, 1220, 1358}, 0, {-24, -5290}, {255, 255, 255, 255} }},
	{{ {-1626, 801, 1358}, 0, {-24, -957}, {255, 255, 255, 255} }},
	{{ {-1626, 801, 1158}, 0, {2040, -957}, {255, 255, 255, 255} }},
	{{ {-616, 0, 1325}, 0, {-38, 7389}, {188, 188, 188, 255} }},
	{{ {-616, 697, 1125}, 0, {2054, 103}, {188, 188, 188, 255} }},
	{{ {-616, 0, 1125}, 0, {2054, 7389}, {188, 188, 188, 255} }},
	{{ {-616, 697, 1325}, 0, {-38, 103}, {188, 188, 188, 255} }},
	{{ {-416, 0, 1325}, 0, {2054, 7389}, {188, 188, 188, 255} }},
	{{ {-416, 697, 1325}, 0, {2054, 103}, {188, 188, 188, 255} }},
	{{ {-616, 0, 1125}, 0, {-38, 7389}, {255, 255, 255, 255} }},
	{{ {-616, 697, 1125}, 0, {-38, 103}, {255, 255, 255, 255} }},
	{{ {-416, 697, 1125}, 0, {2054, 103}, {255, 255, 255, 255} }},
	{{ {-416, 0, 1125}, 0, {2054, 7389}, {255, 255, 255, 255} }},
	{{ {-416, 0, 1125}, 0, {2054, 7389}, {255, 255, 255, 255} }},
	{{ {-416, 697, 1125}, 0, {2054, 103}, {255, 255, 255, 255} }},
	{{ {-416, 697, 1325}, 0, {-38, 103}, {255, 255, 255, 255} }},
	{{ {-416, 0, 1325}, 0, {-38, 7389}, {255, 255, 255, 255} }},
	{{ {-616, 1220, 1325}, 0, {-38, -5373}, {188, 188, 188, 255} }},
	{{ {-616, 1220, 1125}, 0, {2054, -5373}, {188, 188, 188, 255} }},
	{{ {-616, 897, 1125}, 0, {2054, -1989}, {188, 188, 188, 255} }},
	{{ {-616, 897, 1325}, 0, {-38, -1989}, {188, 188, 188, 255} }},
	{{ {-416, 1220, 1325}, 0, {2054, -5373}, {188, 188, 188, 255} }},
	{{ {-416, 897, 1325}, 0, {2054, -1989}, {188, 188, 188, 255} }},
	{{ {-616, 1220, 1125}, 0, {-38, -5373}, {255, 255, 255, 255} }},
	{{ {-416, 1220, 1125}, 0, {2054, -5373}, {255, 255, 255, 255} }},
	{{ {-416, 897, 1125}, 0, {2054, -1989}, {255, 255, 255, 255} }},
	{{ {-616, 897, 1125}, 0, {-38, -1989}, {255, 255, 255, 255} }},
	{{ {-416, 1220, 1125}, 0, {2054, -5373}, {255, 255, 255, 255} }},
	{{ {-416, 1220, 1325}, 0, {-38, -5373}, {255, 255, 255, 255} }},
	{{ {-416, 897, 1325}, 0, {-38, -1989}, {255, 255, 255, 255} }},
	{{ {-416, 897, 1125}, 0, {2054, -1989}, {255, 255, 255, 255} }},
};

Gfx rsilverpillar_rsilverpillar_mesh_layer_1_tri_5[] = {
	gsSPVertex(rsilverpillar_rsilverpillar_mesh_layer_1_vtx_5 + 0, 30, 0),
	gsSP2Triangles(0, 1, 2, 0, 0, 3, 1, 0),
	gsSP2Triangles(4, 3, 0, 0, 4, 5, 3, 0),
	gsSP2Triangles(6, 7, 8, 0, 6, 8, 9, 0),
	gsSP2Triangles(9, 8, 10, 0, 9, 10, 11, 0),
	gsSP2Triangles(12, 13, 14, 0, 12, 14, 15, 0),
	gsSP2Triangles(16, 12, 15, 0, 16, 15, 17, 0),
	gsSP2Triangles(18, 19, 20, 0, 18, 21, 19, 0),
	gsSP2Triangles(21, 22, 19, 0, 21, 23, 22, 0),
	gsSP2Triangles(24, 25, 26, 0, 24, 27, 25, 0),
	gsSP2Triangles(28, 27, 24, 0, 28, 29, 27, 0),
	gsSPVertex(rsilverpillar_rsilverpillar_mesh_layer_1_vtx_5 + 30, 32, 0),
	gsSP2Triangles(0, 1, 2, 0, 0, 2, 3, 0),
	gsSP2Triangles(3, 2, 4, 0, 3, 4, 5, 0),
	gsSP2Triangles(6, 7, 8, 0, 6, 8, 9, 0),
	gsSP2Triangles(10, 6, 9, 0, 10, 9, 11, 0),
	gsSP2Triangles(12, 13, 14, 0, 12, 15, 13, 0),
	gsSP2Triangles(15, 16, 13, 0, 15, 17, 16, 0),
	gsSP2Triangles(18, 19, 20, 0, 18, 21, 19, 0),
	gsSP2Triangles(22, 21, 18, 0, 22, 23, 21, 0),
	gsSP2Triangles(24, 25, 26, 0, 24, 26, 27, 0),
	gsSP2Triangles(28, 29, 30, 0, 28, 30, 31, 0),
	gsSPVertex(rsilverpillar_rsilverpillar_mesh_layer_1_vtx_5 + 62, 32, 0),
	gsSP2Triangles(0, 1, 2, 0, 0, 2, 3, 0),
	gsSP2Triangles(4, 0, 3, 0, 4, 3, 5, 0),
	gsSP2Triangles(6, 7, 8, 0, 6, 8, 9, 0),
	gsSP2Triangles(10, 11, 12, 0, 10, 12, 13, 0),
	gsSP2Triangles(14, 15, 16, 0, 14, 17, 15, 0),
	gsSP2Triangles(18, 17, 14, 0, 18, 19, 17, 0),
	gsSP2Triangles(20, 21, 22, 0, 20, 22, 23, 0),
	gsSP2Triangles(24, 25, 26, 0, 24, 26, 27, 0),
	gsSP2Triangles(28, 29, 30, 0, 28, 30, 31, 0),
	gsSPVertex(rsilverpillar_rsilverpillar_mesh_layer_1_vtx_5 + 94, 32, 0),
	gsSP2Triangles(0, 1, 2, 0, 0, 2, 3, 0),
	gsSP2Triangles(4, 5, 6, 0, 4, 6, 7, 0),
	gsSP2Triangles(8, 9, 10, 0, 8, 10, 11, 0),
	gsSP2Triangles(12, 13, 14, 0, 12, 15, 13, 0),
	gsSP2Triangles(16, 15, 12, 0, 16, 17, 15, 0),
	gsSP2Triangles(18, 19, 20, 0, 18, 20, 21, 0),
	gsSP2Triangles(22, 23, 24, 0, 22, 24, 25, 0),
	gsSP2Triangles(26, 27, 28, 0, 26, 28, 29, 0),
	gsSP2Triangles(30, 26, 29, 0, 30, 29, 31, 0),
	gsSPVertex(rsilverpillar_rsilverpillar_mesh_layer_1_vtx_5 + 126, 8, 0),
	gsSP2Triangles(0, 1, 2, 0, 0, 2, 3, 0),
	gsSP2Triangles(4, 5, 6, 0, 4, 6, 7, 0),
	gsSPEndDisplayList(),
};

Vtx rsilverpillar_rsilverpillar_mesh_layer_1_vtx_6[157] = {
	{{ {-160, 478, -163}, 0, {-16, 1008}, {255, 255, 255, 255} }},
	{{ {-360, 478, -163}, 0, {1008, 1008}, {255, 255, 255, 255} }},
	{{ {-360, 478, 37}, 0, {1008, -16}, {255, 255, 255, 255} }},
	{{ {-160, 478, 37}, 0, {-16, -16}, {255, 255, 255, 255} }},
	{{ {-160, 678, -163}, 0, {-16, 1008}, {255, 255, 255, 255} }},
	{{ {-160, 678, 37}, 0, {1008, 1008}, {255, 255, 255, 255} }},
	{{ {-360, 678, 37}, 0, {1008, -16}, {255, 255, 255, 255} }},
	{{ {-360, 678, -163}, 0, {-16, -16}, {255, 255, 255, 255} }},
	{{ {-1880, 128, -316}, 0, {-16, 1008}, {255, 255, 255, 255} }},
	{{ {-2080, 128, -316}, 0, {1008, 1008}, {255, 255, 255, 255} }},
	{{ {-2080, 128, -116}, 0, {1008, -16}, {255, 255, 255, 255} }},
	{{ {-1880, 128, -116}, 0, {-16, -16}, {255, 255, 255, 255} }},
	{{ {-1880, 328, -316}, 0, {-16, 1008}, {255, 255, 255, 255} }},
	{{ {-1880, 328, -116}, 0, {1008, 1008}, {255, 255, 255, 255} }},
	{{ {-2080, 328, -116}, 0, {1008, -16}, {255, 255, 255, 255} }},
	{{ {-2080, 328, -316}, 0, {-16, -16}, {255, 255, 255, 255} }},
	{{ {-2217, 567, 126}, 0, {-16, 1008}, {255, 255, 255, 255} }},
	{{ {-2417, 567, 126}, 0, {1008, 1008}, {255, 255, 255, 255} }},
	{{ {-2417, 567, 326}, 0, {1008, -16}, {255, 255, 255, 255} }},
	{{ {-2217, 567, 326}, 0, {-16, -16}, {255, 255, 255, 255} }},
	{{ {-2217, 767, 126}, 0, {-16, 1008}, {255, 255, 255, 255} }},
	{{ {-2217, 767, 326}, 0, {1008, 1008}, {255, 255, 255, 255} }},
	{{ {-2417, 767, 326}, 0, {1008, -16}, {255, 255, 255, 255} }},
	{{ {-2417, 767, 126}, 0, {-16, -16}, {255, 255, 255, 255} }},
	{{ {-1626, 601, 1158}, 0, {-16, 1008}, {255, 255, 255, 255} }},
	{{ {-1826, 601, 1158}, 0, {1008, 1008}, {255, 255, 255, 255} }},
	{{ {-1826, 601, 1358}, 0, {1008, -16}, {255, 255, 255, 255} }},
	{{ {-1626, 601, 1358}, 0, {-16, -16}, {255, 255, 255, 255} }},
	{{ {-1626, 801, 1158}, 0, {-16, 1008}, {255, 255, 255, 255} }},
	{{ {-1626, 801, 1358}, 0, {1008, 1008}, {255, 255, 255, 255} }},
	{{ {-1826, 801, 1358}, 0, {1008, -16}, {255, 255, 255, 255} }},
	{{ {-1826, 801, 1158}, 0, {-16, -16}, {255, 255, 255, 255} }},
	{{ {-416, 697, 1125}, 0, {-16, 1008}, {255, 255, 255, 255} }},
	{{ {-616, 697, 1125}, 0, {1008, 1008}, {255, 255, 255, 255} }},
	{{ {-616, 697, 1325}, 0, {1008, -16}, {255, 255, 255, 255} }},
	{{ {-416, 697, 1325}, 0, {-16, -16}, {255, 255, 255, 255} }},
	{{ {-416, 897, 1125}, 0, {-16, 1008}, {255, 255, 255, 255} }},
	{{ {-416, 897, 1325}, 0, {1008, 1008}, {255, 255, 255, 255} }},
	{{ {-616, 897, 1325}, 0, {1008, -16}, {255, 255, 255, 255} }},
	{{ {-616, 897, 1125}, 0, {-16, -16}, {255, 255, 255, 255} }},
	{{ {973, 0, -200}, 0, {5479, -528}, {130, 130, 130, 255} }},
	{{ {680, 0, -200}, 0, {3979, -528}, {188, 188, 188, 255} }},
	{{ {680, 0, 200}, 0, {3979, 1520}, {188, 188, 188, 255} }},
	{{ {973, 0, 200}, 0, {5479, 1520}, {130, 130, 130, 255} }},
	{{ {455, 0, -850}, 0, {2825, -29478}, {188, 188, 188, 255} }},
	{{ {455, 0, -785}, 0, {2825, -29146}, {188, 188, 188, 255} }},
	{{ {605, 0, -847}, 0, {3593, -29464}, {130, 130, 130, 255} }},
	{{ {605, 0, -1000}, 0, {3593, -30246}, {130, 130, 130, 255} }},
	{{ {-2482, 0, -850}, 0, {-12210, -29478}, {188, 188, 188, 255} }},
	{{ {-2632, 0, -1000}, 0, {-12978, -30246}, {130, 130, 130, 255} }},
	{{ {-2482, 0, -785}, 0, {-12210, -29146}, {188, 188, 188, 255} }},
	{{ {-2632, 0, -847}, 0, {-12978, -29464}, {130, 130, 130, 255} }},
	{{ {-2850, 0, -482}, 0, {-14096, -29640}, {188, 188, 188, 255} }},
	{{ {-2785, 0, -482}, 0, {-13765, -29640}, {188, 188, 188, 255} }},
	{{ {-2847, 0, -632}, 0, {-14083, -30408}, {130, 130, 130, 255} }},
	{{ {-3000, 0, -632}, 0, {-14864, -30408}, {130, 130, 130, 255} }},
	{{ {-3000, 0, -372}, 0, {-14864, -29081}, {188, 188, 188, 255} }},
	{{ {-2850, 0, -371}, 0, {-14096, -29071}, {188, 188, 188, 255} }},
	{{ {-2785, 0, -482}, 0, {-13765, -28616}, {188, 188, 188, 255} }},
	{{ {-2482, 0, -785}, 0, {-12210, -30170}, {188, 188, 188, 255} }},
	{{ {-2632, 0, -847}, 0, {-12978, -30488}, {130, 130, 130, 255} }},
	{{ {-2847, 0, -632}, 0, {-14083, -29384}, {130, 130, 130, 255} }},
	{{ {823, 0, -482}, 0, {4711, -29640}, {188, 188, 188, 255} }},
	{{ {823, 0, -350}, 0, {4711, -28966}, {188, 188, 188, 255} }},
	{{ {973, 0, -200}, 0, {5479, -28198}, {130, 130, 130, 255} }},
	{{ {973, 0, -632}, 0, {5479, -30408}, {130, 130, 130, 255} }},
	{{ {759, 0, -482}, 0, {4380, -29640}, {188, 188, 188, 255} }},
	{{ {821, 0, -632}, 0, {4698, -30408}, {130, 130, 130, 255} }},
	{{ {823, 0, -350}, 0, {4711, -29990}, {188, 188, 188, 255} }},
	{{ {680, 0, -200}, 0, {3979, -29222}, {188, 188, 188, 255} }},
	{{ {973, 0, -200}, 0, {5479, -29222}, {130, 130, 130, 255} }},
	{{ {530, 0, -350}, 0, {3211, -29990}, {188, 188, 188, 255} }},
	{{ {680, 0, 200}, 0, {3979, -27174}, {188, 188, 188, 255} }},
	{{ {530, 0, 350}, 0, {3211, -26406}, {188, 188, 188, 255} }},
	{{ {973, 0, 200}, 0, {5479, -27174}, {130, 130, 130, 255} }},
	{{ {823, 0, 350}, 0, {4711, -26406}, {188, 188, 188, 255} }},
	{{ {973, 0, 1630}, 0, {5479, -19853}, {130, 130, 130, 255} }},
	{{ {823, 0, 1480}, 0, {4711, -20621}, {188, 188, 188, 255} }},
	{{ {821, 0, 1630}, 0, {4698, -19853}, {130, 130, 130, 255} }},
	{{ {759, 0, 1480}, 0, {4380, -20621}, {188, 188, 188, 255} }},
	{{ {605, 0, 1846}, 0, {3593, -18749}, {130, 130, 130, 255} }},
	{{ {455, 0, 1783}, 0, {2825, -19067}, {188, 188, 188, 255} }},
	{{ {605, 0, 1998}, 0, {3593, -17967}, {130, 130, 130, 255} }},
	{{ {455, 0, 1848}, 0, {2825, -18735}, {188, 188, 188, 255} }},
	{{ {368, 0, 1998}, 0, {2380, -17967}, {188, 188, 188, 255} }},
	{{ {365, 0, 1848}, 0, {2365, -18735}, {188, 188, 188, 255} }},
	{{ {455, 0, -785}, 0, {2825, -30170}, {188, 188, 188, 255} }},
	{{ {759, 0, -482}, 0, {4380, -28616}, {188, 188, 188, 255} }},
	{{ {821, 0, -632}, 0, {4698, -29384}, {130, 130, 130, 255} }},
	{{ {605, 0, -847}, 0, {3593, -30488}, {130, 130, 130, 255} }},
	{{ {-2850, 0, -371}, 0, {-14096, -30095}, {232, 255, 232, 255} }},
	{{ {-3000, 0, -372}, 0, {-14864, -30105}, {255, 255, 255, 255} }},
	{{ {-3000, 0, 1630}, 0, {-14864, -19853}, {255, 255, 255, 255} }},
	{{ {-2904, 0, 566}, 0, {-14374, -25300}, {255, 255, 255, 255} }},
	{{ {-3000, 0, 1630}, 0, {-14864, -19853}, {255, 255, 255, 255} }},
	{{ {-2913, 0, 760}, 0, {-14421, -24306}, {255, 255, 255, 255} }},
	{{ {-2904, 0, 566}, 0, {-14374, -25300}, {255, 255, 255, 255} }},
	{{ {-2850, 0, 768}, 0, {-14096, -24263}, {255, 255, 255, 255} }},
	{{ {-2850, 0, 1480}, 0, {-14096, -20621}, {232, 255, 232, 255} }},
	{{ {-2785, 0, 1480}, 0, {-13765, -20621}, {232, 255, 232, 255} }},
	{{ {-2847, 0, 1630}, 0, {-14083, -19853}, {255, 255, 255, 255} }},
	{{ {-2482, 0, 1783}, 0, {-12210, -19067}, {232, 255, 232, 255} }},
	{{ {-2632, 0, 1846}, 0, {-12978, -18749}, {255, 255, 255, 255} }},
	{{ {-2482, 0, 1848}, 0, {-12210, -18735}, {232, 255, 232, 255} }},
	{{ {-2632, 0, 1998}, 0, {-12978, -17967}, {255, 255, 255, 255} }},
	{{ {-2440, 0, 1848}, 0, {-11999, -18735}, {232, 255, 232, 255} }},
	{{ {-2443, 0, 1988}, 0, {-12011, -18020}, {255, 255, 255, 255} }},
	{{ {-2210, 0, 1977}, 0, {-10820, -18074}, {255, 255, 255, 255} }},
	{{ {-1237, 0, 1976}, 0, {-5839, -18080}, {255, 255, 255, 255} }},
	{{ {368, 0, 1998}, 0, {2380, -17967}, {255, 255, 255, 255} }},
	{{ {-1012, 0, 1961}, 0, {-4685, -18158}, {255, 255, 255, 255} }},
	{{ {-905, 0, 1848}, 0, {-4136, -18735}, {232, 255, 232, 255} }},
	{{ {365, 0, 1848}, 0, {2365, -18735}, {232, 255, 232, 255} }},
	{{ {-1212, 0, 1944}, 0, {-5710, -18242}, {255, 255, 255, 255} }},
	{{ {-1231, 0, 1848}, 0, {-5806, -18735}, {232, 255, 232, 255} }},
	{{ {-1247, 0, 1848}, 0, {-5888, -18735}, {232, 255, 232, 255} }},
	{{ {-2850, 0, 512}, 0, {-14096, -25575}, {255, 255, 255, 255} }},
	{{ {-2850, 0, -371}, 0, {-14096, -30095}, {232, 255, 232, 255} }},
	{{ {-1247, 0, 1848}, 0, {-5888, -18735}, {232, 255, 232, 255} }},
	{{ {-2078, 0, 1848}, 0, {-10142, -18735}, {232, 255, 232, 255} }},
	{{ {-2434, 0, 1848}, 0, {-11968, -18735}, {255, 255, 255, 255} }},
	{{ {-2440, 0, 1848}, 0, {-11999, -18735}, {255, 255, 255, 255} }},
	{{ {-2427, 0, 1974}, 0, {-11932, -18090}, {255, 255, 255, 255} }},
	{{ {-1012, 0, 1961}, 0, {-4685, -18158}, {188, 188, 188, 255} }},
	{{ {-905, 0, 1848}, 0, {-4136, -18735}, {188, 188, 188, 255} }},
	{{ {-1231, 0, 1848}, 0, {-5806, -18735}, {188, 188, 188, 255} }},
	{{ {-1012, 0, 1961}, 0, {-4685, -18158}, {188, 188, 188, 255} }},
	{{ {-1231, 0, 1848}, 0, {-5806, -18735}, {188, 188, 188, 255} }},
	{{ {-1212, 0, 1944}, 0, {-5710, -18242}, {188, 188, 188, 255} }},
	{{ {-2210, 0, 1977}, 0, {-10820, -18074}, {188, 188, 188, 255} }},
	{{ {-2078, 0, 1848}, 0, {-10142, -18735}, {188, 188, 188, 255} }},
	{{ {-2434, 0, 1848}, 0, {-11968, -18735}, {188, 188, 188, 255} }},
	{{ {-2427, 0, 1974}, 0, {-11932, -18090}, {188, 188, 188, 255} }},
	{{ {-1626, 1220, 1158}, 0, {-16, 1008}, {255, 255, 255, 255} }},
	{{ {-1826, 1220, 1158}, 0, {1008, 1008}, {255, 255, 255, 255} }},
	{{ {-1826, 1220, 1358}, 0, {1008, -16}, {255, 255, 255, 255} }},
	{{ {-1626, 1220, 1358}, 0, {-16, -16}, {255, 255, 255, 255} }},
	{{ {-2850, 0, 512}, 0, {-14096, -25575}, {188, 188, 188, 255} }},
	{{ {-2904, 0, 566}, 0, {-14374, -25300}, {188, 188, 188, 255} }},
	{{ {-2913, 0, 760}, 0, {-14421, -24306}, {188, 188, 188, 255} }},
	{{ {-2850, 0, 768}, 0, {-14096, -24263}, {188, 188, 188, 255} }},
	{{ {-2217, 1220, 126}, 0, {-16, 1008}, {255, 255, 255, 255} }},
	{{ {-2417, 1220, 126}, 0, {1008, 1008}, {255, 255, 255, 255} }},
	{{ {-2417, 1220, 326}, 0, {1008, -16}, {255, 255, 255, 255} }},
	{{ {-2217, 1220, 326}, 0, {-16, -16}, {255, 255, 255, 255} }},
	{{ {-1880, 1220, -316}, 0, {-16, 1008}, {255, 255, 255, 255} }},
	{{ {-2080, 1220, -316}, 0, {1008, 1008}, {255, 255, 255, 255} }},
	{{ {-2080, 1220, -116}, 0, {1008, -16}, {255, 255, 255, 255} }},
	{{ {-1880, 1220, -116}, 0, {-16, -16}, {255, 255, 255, 255} }},
	{{ {-416, 1220, 1125}, 0, {-16, 1008}, {255, 255, 255, 255} }},
	{{ {-616, 1220, 1125}, 0, {1008, 1008}, {255, 255, 255, 255} }},
	{{ {-616, 1220, 1325}, 0, {1008, -16}, {255, 255, 255, 255} }},
	{{ {-416, 1220, 1325}, 0, {-16, -16}, {255, 255, 255, 255} }},
	{{ {-160, 1220, -163}, 0, {-16, 1008}, {255, 255, 255, 255} }},
	{{ {-360, 1220, -163}, 0, {1008, 1008}, {255, 255, 255, 255} }},
	{{ {-360, 1220, 37}, 0, {1008, -16}, {255, 255, 255, 255} }},
	{{ {-160, 1220, 37}, 0, {-16, -16}, {255, 255, 255, 255} }},
};

Gfx rsilverpillar_rsilverpillar_mesh_layer_1_tri_6[] = {
	gsSPVertex(rsilverpillar_rsilverpillar_mesh_layer_1_vtx_6 + 0, 32, 0),
	gsSP2Triangles(0, 1, 2, 0, 0, 2, 3, 0),
	gsSP2Triangles(4, 5, 6, 0, 4, 6, 7, 0),
	gsSP2Triangles(8, 9, 10, 0, 8, 10, 11, 0),
	gsSP2Triangles(12, 13, 14, 0, 12, 14, 15, 0),
	gsSP2Triangles(16, 17, 18, 0, 16, 18, 19, 0),
	gsSP2Triangles(20, 21, 22, 0, 20, 22, 23, 0),
	gsSP2Triangles(24, 25, 26, 0, 24, 26, 27, 0),
	gsSP2Triangles(28, 29, 30, 0, 28, 30, 31, 0),
	gsSPVertex(rsilverpillar_rsilverpillar_mesh_layer_1_vtx_6 + 32, 30, 0),
	gsSP2Triangles(0, 1, 2, 0, 0, 2, 3, 0),
	gsSP2Triangles(4, 5, 6, 0, 4, 6, 7, 0),
	gsSP2Triangles(8, 9, 10, 0, 8, 10, 11, 0),
	gsSP2Triangles(12, 13, 14, 0, 12, 14, 15, 0),
	gsSP2Triangles(16, 12, 15, 0, 16, 15, 17, 0),
	gsSP2Triangles(18, 16, 17, 0, 18, 17, 19, 0),
	gsSP2Triangles(20, 21, 22, 0, 20, 22, 23, 0),
	gsSP2Triangles(24, 20, 23, 0, 24, 25, 20, 0),
	gsSP2Triangles(26, 27, 28, 0, 26, 28, 29, 0),
	gsSPVertex(rsilverpillar_rsilverpillar_mesh_layer_1_vtx_6 + 62, 32, 0),
	gsSP2Triangles(0, 1, 2, 0, 0, 2, 3, 0),
	gsSP2Triangles(4, 0, 3, 0, 4, 3, 5, 0),
	gsSP2Triangles(6, 7, 8, 0, 6, 9, 7, 0),
	gsSP2Triangles(9, 10, 7, 0, 9, 11, 10, 0),
	gsSP2Triangles(11, 12, 10, 0, 11, 13, 12, 0),
	gsSP2Triangles(13, 14, 12, 0, 13, 15, 14, 0),
	gsSP2Triangles(15, 16, 14, 0, 15, 17, 16, 0),
	gsSP2Triangles(17, 18, 16, 0, 17, 19, 18, 0),
	gsSP2Triangles(19, 20, 18, 0, 19, 21, 20, 0),
	gsSP2Triangles(21, 22, 20, 0, 21, 23, 22, 0),
	gsSP2Triangles(24, 25, 26, 0, 24, 26, 27, 0),
	gsSP2Triangles(28, 29, 30, 0, 31, 28, 30, 0),
	gsSPVertex(rsilverpillar_rsilverpillar_mesh_layer_1_vtx_6 + 94, 32, 0),
	gsSP2Triangles(0, 1, 2, 0, 0, 3, 1, 0),
	gsSP2Triangles(0, 4, 3, 0, 5, 4, 0, 0),
	gsSP2Triangles(5, 0, 6, 0, 7, 5, 6, 0),
	gsSP2Triangles(7, 6, 8, 0, 9, 7, 8, 0),
	gsSP2Triangles(9, 8, 10, 0, 11, 9, 10, 0),
	gsSP2Triangles(12, 11, 10, 0, 13, 12, 10, 0),
	gsSP2Triangles(14, 13, 10, 0, 10, 15, 14, 0),
	gsSP2Triangles(15, 16, 14, 0, 15, 17, 16, 0),
	gsSP2Triangles(15, 18, 17, 0, 14, 16, 19, 0),
	gsSP2Triangles(14, 19, 20, 0, 20, 21, 14, 0),
	gsSP2Triangles(2, 22, 23, 0, 14, 24, 25, 0),
	gsSP2Triangles(14, 25, 13, 0, 26, 27, 12, 0),
	gsSP2Triangles(12, 28, 26, 0, 12, 13, 28, 0),
	gsSP1Triangle(29, 30, 31, 0),
	gsSPVertex(rsilverpillar_rsilverpillar_mesh_layer_1_vtx_6 + 126, 31, 0),
	gsSP2Triangles(0, 1, 2, 0, 3, 4, 5, 0),
	gsSP2Triangles(3, 5, 6, 0, 7, 8, 9, 0),
	gsSP2Triangles(7, 9, 10, 0, 11, 12, 13, 0),
	gsSP2Triangles(11, 13, 14, 0, 15, 16, 17, 0),
	gsSP2Triangles(15, 17, 18, 0, 19, 20, 21, 0),
	gsSP2Triangles(19, 21, 22, 0, 23, 24, 25, 0),
	gsSP2Triangles(23, 25, 26, 0, 27, 28, 29, 0),
	gsSP1Triangle(27, 29, 30, 0),
	gsSPEndDisplayList(),
};

Vtx rsilverpillar_rsilverpillar_mesh_layer_0_vtx_0[18] = {
	{{ {-1171, 1137, -3367}, 0, {1497, 2050}, {0, 230, 124, 255} }},
	{{ {2131, 1137, -1461}, 0, {963, 2050}, {148, 230, 62, 255} }},
	{{ {1693, 3582, -1208}, 0, {892, 680}, {162, 190, 54, 255} }},
	{{ {1693, 3582, 2099}, 0, {-35, 680}, {162, 190, 202, 255} }},
	{{ {2131, 1137, 2352}, 0, {-105, 2050}, {148, 230, 194, 255} }},
	{{ {-1171, 1137, 4258}, 0, {-639, 2050}, {0, 230, 132, 255} }},
	{{ {-1171, 3582, 3753}, 0, {-498, 680}, {0, 190, 147, 255} }},
	{{ {-4035, 3582, 2099}, 0, {-35, 680}, {94, 190, 202, 255} }},
	{{ {-4473, 1137, 2352}, 0, {-105, 2050}, {108, 230, 194, 255} }},
	{{ {-4035, 3582, -1208}, 0, {892, 680}, {94, 190, 54, 255} }},
	{{ {-4473, 1137, -1461}, 0, {963, 2050}, {108, 230, 62, 255} }},
	{{ {-1171, 3582, -2862}, 0, {1355, 680}, {0, 190, 109, 255} }},
	{{ {-1171, 4797, -948}, 0, {819, 0}, {0, 137, 46, 255} }},
	{{ {35, 4797, -251}, 0, {624, 0}, {216, 137, 23, 255} }},
	{{ {35, 4797, 1142}, 0, {233, 0}, {216, 137, 233, 255} }},
	{{ {-1171, 4797, 1839}, 0, {38, 0}, {0, 137, 210, 255} }},
	{{ {-2378, 4797, 1142}, 0, {233, 0}, {40, 137, 233, 255} }},
	{{ {-2378, 4797, -251}, 0, {624, 0}, {40, 137, 23, 255} }},
};

Gfx rsilverpillar_rsilverpillar_mesh_layer_0_tri_0[] = {
	gsSPVertex(rsilverpillar_rsilverpillar_mesh_layer_0_vtx_0 + 0, 18, 0),
	gsSP2Triangles(0, 1, 2, 0, 1, 3, 2, 0),
	gsSP2Triangles(1, 4, 3, 0, 5, 3, 4, 0),
	gsSP2Triangles(5, 6, 3, 0, 7, 6, 5, 0),
	gsSP2Triangles(7, 5, 8, 0, 8, 9, 7, 0),
	gsSP2Triangles(8, 10, 9, 0, 10, 11, 9, 0),
	gsSP2Triangles(10, 0, 11, 0, 0, 2, 11, 0),
	gsSP2Triangles(2, 12, 11, 0, 2, 13, 12, 0),
	gsSP2Triangles(3, 13, 2, 0, 3, 14, 13, 0),
	gsSP2Triangles(6, 14, 3, 0, 6, 15, 14, 0),
	gsSP2Triangles(7, 15, 6, 0, 7, 16, 15, 0),
	gsSP2Triangles(9, 16, 7, 0, 9, 17, 16, 0),
	gsSP2Triangles(11, 17, 9, 0, 11, 12, 17, 0),
	gsSP2Triangles(17, 12, 13, 0, 13, 15, 17, 0),
	gsSP2Triangles(13, 14, 15, 0, 15, 16, 17, 0),
	gsSPEndDisplayList(),
};


Gfx mat_rsilverpillar_dungeonbricks[] = {
	gsSPClearGeometryMode(G_LIGHTING),
	gsDPPipeSync(),
	gsDPSetCombineLERP(TEXEL0, 0, SHADE, 0, ENVIRONMENT, 0, SHADE, 0, TEXEL0, 0, SHADE, 0, ENVIRONMENT, 0, SHADE, 0),
	gsDPSetAlphaDither(G_AD_NOISE),
	gsSPTexture(65535, 65535, 0, 0, 1),
	gsDPSetTextureImage(G_IM_FMT_RGBA, G_IM_SIZ_16b_LOAD_BLOCK, 1, gDungeonTextureBrick),
	gsDPSetTile(G_IM_FMT_RGBA, G_IM_SIZ_16b_LOAD_BLOCK, 0, 0, 7, 0, G_TX_WRAP | G_TX_NOMIRROR, 0, 0, G_TX_WRAP | G_TX_NOMIRROR, 0, 0),
	gsDPLoadBlock(7, 0, 0, 2047, 128),
	gsDPSetTile(G_IM_FMT_RGBA, G_IM_SIZ_16b, 16, 0, 0, 0, G_TX_WRAP | G_TX_NOMIRROR, 5, 0, G_TX_WRAP | G_TX_NOMIRROR, 6, 0),
	gsDPSetTileSize(0, 0, 0, 252, 124),
	gsSPEndDisplayList(),
};

Gfx mat_revert_rsilverpillar_dungeonbricks[] = {
	gsSPSetGeometryMode(G_LIGHTING),
	gsDPPipeSync(),
	gsDPSetAlphaDither(G_AD_DISABLE),
	gsSPEndDisplayList(),
};

Gfx mat_rsilverpillar_dungeonshingles[] = {
	gsSPClearGeometryMode(G_LIGHTING),
	gsDPPipeSync(),
	gsDPSetCombineLERP(TEXEL0, 0, SHADE, 0, ENVIRONMENT, 0, SHADE, 0, TEXEL0, 0, SHADE, 0, ENVIRONMENT, 0, SHADE, 0),
	gsDPSetAlphaDither(G_AD_NOISE),
	gsSPTexture(65535, 65535, 0, 0, 1),
	gsDPSetTextureImage(G_IM_FMT_RGBA, G_IM_SIZ_16b_LOAD_BLOCK, 1, gDungeonTextureShingles),
	gsDPSetTile(G_IM_FMT_RGBA, G_IM_SIZ_16b_LOAD_BLOCK, 0, 0, 7, 0, G_TX_WRAP | G_TX_NOMIRROR, 0, 0, G_TX_WRAP | G_TX_NOMIRROR, 0, 0),
	gsDPLoadBlock(7, 0, 0, 1023, 256),
	gsDPSetTile(G_IM_FMT_RGBA, G_IM_SIZ_16b, 8, 0, 0, 0, G_TX_WRAP | G_TX_NOMIRROR, 5, 0, G_TX_WRAP | G_TX_NOMIRROR, 5, 0),
	gsDPSetTileSize(0, 0, 0, 124, 124),
	gsSPEndDisplayList(),
};

Gfx mat_revert_rsilverpillar_dungeonshingles[] = {
	gsSPSetGeometryMode(G_LIGHTING),
	gsDPPipeSync(),
	gsDPSetAlphaDither(G_AD_DISABLE),
	gsSPEndDisplayList(),
};

Gfx mat_rsilverpillar_fakeskybox_layer0[] = {
	gsDPPipeSync(),
	gsDPSetCombineLERP(0, 0, 0, TEXEL0, 0, 0, 0, ENVIRONMENT, 0, 0, 0, TEXEL0, 0, 0, 0, ENVIRONMENT),
	gsDPSetAlphaDither(G_AD_NOISE),
	gsDPSetTextureLUT(G_TT_RGBA16),
	gsDPSetRenderMode(G_RM_OPA_SURF, G_RM_OPA_SURF2),
	gsSPTexture(65535, 65535, 0, 0, 1),
	gsDPSetTextureImage(G_IM_FMT_RGBA, G_IM_SIZ_16b, 1, rsilverpillar_fakeskybox_pal_rgba16),
	gsDPSetTile(0, 0, 0, 256, 5, 0, G_TX_WRAP | G_TX_NOMIRROR, 0, 0, G_TX_WRAP | G_TX_NOMIRROR, 0, 0),
	gsDPLoadTLUTCmd(5, 204),
	gsDPSetTextureImage(G_IM_FMT_CI, G_IM_SIZ_8b_LOAD_BLOCK, 1, rsilverpillar_fakeskybox_ci8),
	gsDPSetTile(G_IM_FMT_CI, G_IM_SIZ_8b_LOAD_BLOCK, 0, 0, 7, 0, G_TX_WRAP | G_TX_NOMIRROR, 0, 0, G_TX_WRAP | G_TX_NOMIRROR, 0, 0),
	gsDPLoadBlock(7, 0, 0, 1023, 512),
	gsDPSetTile(G_IM_FMT_CI, G_IM_SIZ_8b, 4, 0, 0, 0, G_TX_CLAMP | G_TX_NOMIRROR, 6, 0, G_TX_WRAP | G_TX_NOMIRROR, 5, 0),
	gsDPSetTileSize(0, 0, 0, 124, 252),
	gsSPEndDisplayList(),
};

Gfx mat_revert_rsilverpillar_fakeskybox_layer0[] = {
	gsDPPipeSync(),
	gsDPSetAlphaDither(G_AD_DISABLE),
	gsDPSetTextureLUT(G_TT_NONE),
	gsDPSetRenderMode(G_RM_ZB_OPA_SURF, G_RM_ZB_OPA_SURF2),
	gsSPEndDisplayList(),
};

Gfx mat_rsilverpillar_cavegrass[] = {
	gsSPClearGeometryMode(G_LIGHTING),
	gsDPPipeSync(),
	gsDPSetCombineLERP(TEXEL0, 0, SHADE, 0, ENVIRONMENT, 0, SHADE, 0, TEXEL0, 0, SHADE, 0, ENVIRONMENT, 0, SHADE, 0),
	gsDPSetAlphaDither(G_AD_NOISE),
	gsDPSetTextureLUT(G_TT_RGBA16),
	gsSPTexture(65535, 65535, 0, 0, 1),
	gsDPSetTextureImage(G_IM_FMT_RGBA, G_IM_SIZ_16b, 1, rsilverpillar_C_TOP_pal_rgba16),
	gsDPSetTile(0, 0, 0, 256, 5, 0, G_TX_WRAP | G_TX_NOMIRROR, 0, 0, G_TX_WRAP | G_TX_NOMIRROR, 0, 0),
	gsDPLoadTLUTCmd(5, 6),
	gsDPSetTextureImage(G_IM_FMT_CI, G_IM_SIZ_16b, 1, rsilverpillar_C_TOP_ci4),
	gsDPSetTile(G_IM_FMT_CI, G_IM_SIZ_16b, 0, 0, 7, 0, G_TX_WRAP | G_TX_NOMIRROR, 0, 0, G_TX_WRAP | G_TX_NOMIRROR, 0, 0),
	gsDPLoadBlock(7, 0, 0, 255, 1024),
	gsDPSetTile(G_IM_FMT_CI, G_IM_SIZ_4b, 2, 0, 0, 0, G_TX_WRAP | G_TX_NOMIRROR, 5, 0, G_TX_WRAP | G_TX_NOMIRROR, 5, 0),
	gsDPSetTileSize(0, 0, 0, 124, 124),
	gsSPEndDisplayList(),
};

Gfx mat_revert_rsilverpillar_cavegrass[] = {
	gsSPSetGeometryMode(G_LIGHTING),
	gsDPPipeSync(),
	gsDPSetAlphaDither(G_AD_DISABLE),
	gsDPSetTextureLUT(G_TT_NONE),
	gsSPEndDisplayList(),
};

Gfx mat_rsilverpillar_castletrim[] = {
	gsSPClearGeometryMode(G_LIGHTING),
	gsDPPipeSync(),
	gsDPSetCombineLERP(TEXEL0, 0, SHADE, 0, ENVIRONMENT, 0, SHADE, 0, TEXEL0, 0, SHADE, 0, ENVIRONMENT, 0, SHADE, 0),
	gsDPSetAlphaDither(G_AD_NOISE),
	gsDPSetTextureLUT(G_TT_RGBA16),
	gsSPTexture(65535, 65535, 0, 0, 1),
	gsDPSetTextureImage(G_IM_FMT_RGBA, G_IM_SIZ_16b, 1, rsilverpillar_trim_pal_rgba16),
	gsDPSetTile(0, 0, 0, 256, 5, 0, G_TX_WRAP | G_TX_NOMIRROR, 0, 0, G_TX_WRAP | G_TX_NOMIRROR, 0, 0),
	gsDPLoadTLUTCmd(5, 115),
	gsDPSetTextureImage(G_IM_FMT_CI, G_IM_SIZ_8b_LOAD_BLOCK, 1, rsilverpillar_trim_ci8),
	gsDPSetTile(G_IM_FMT_CI, G_IM_SIZ_8b_LOAD_BLOCK, 0, 0, 7, 0, G_TX_WRAP | G_TX_NOMIRROR, 0, 0, G_TX_WRAP | G_TX_NOMIRROR, 0, 0),
	gsDPLoadBlock(7, 0, 0, 511, 512),
	gsDPSetTile(G_IM_FMT_CI, G_IM_SIZ_8b, 4, 0, 0, 0, G_TX_WRAP | G_TX_NOMIRROR, 5, 0, G_TX_WRAP | G_TX_NOMIRROR, 5, 0),
	gsDPSetTileSize(0, 0, 0, 124, 124),
	gsSPEndDisplayList(),
};

Gfx mat_revert_rsilverpillar_castletrim[] = {
	gsSPSetGeometryMode(G_LIGHTING),
	gsDPPipeSync(),
	gsDPSetAlphaDither(G_AD_DISABLE),
	gsDPSetTextureLUT(G_TT_NONE),
	gsSPEndDisplayList(),
};

Gfx mat_rsilverpillar_hill[] = {
	gsSPClearGeometryMode(G_LIGHTING),
	gsDPPipeSync(),
	gsDPSetCombineLERP(TEXEL0, 0, SHADE, 0, ENVIRONMENT, 0, SHADE, 0, TEXEL0, 0, SHADE, 0, ENVIRONMENT, 0, SHADE, 0),
	gsDPSetAlphaDither(G_AD_NOISE),
	gsSPTexture(65535, 65535, 0, 0, 1),
	gsDPSetTextureImage(G_IM_FMT_I, G_IM_SIZ_8b_LOAD_BLOCK, 1, rsilverpillar_hill_i8),
	gsDPSetTile(G_IM_FMT_I, G_IM_SIZ_8b_LOAD_BLOCK, 0, 0, 7, 0, G_TX_WRAP | G_TX_NOMIRROR, 0, 0, G_TX_WRAP | G_TX_NOMIRROR, 0, 0),
	gsDPLoadBlock(7, 0, 0, 1023, 512),
	gsDPSetTile(G_IM_FMT_I, G_IM_SIZ_8b, 4, 0, 0, 0, G_TX_WRAP | G_TX_NOMIRROR, 6, 0, G_TX_CLAMP | G_TX_NOMIRROR, 5, 0),
	gsDPSetTileSize(0, 0, 0, 124, 252),
	gsSPEndDisplayList(),
};

Gfx mat_revert_rsilverpillar_hill[] = {
	gsSPSetGeometryMode(G_LIGHTING),
	gsDPPipeSync(),
	gsDPSetAlphaDither(G_AD_DISABLE),
	gsSPEndDisplayList(),
};

Gfx mat_rsilverpillar_pillar[] = {
	gsSPClearGeometryMode(G_LIGHTING),
	gsDPPipeSync(),
	gsDPSetCombineLERP(TEXEL0, 0, SHADE, 0, ENVIRONMENT, 0, SHADE, 0, TEXEL0, 0, SHADE, 0, ENVIRONMENT, 0, SHADE, 0),
	gsDPSetAlphaDither(G_AD_NOISE),
	gsSPTexture(65535, 65535, 0, 0, 1),
	gsDPSetTextureImage(G_IM_FMT_I, G_IM_SIZ_8b_LOAD_BLOCK, 1, rsilverpillar_uzu_i8),
	gsDPSetTile(G_IM_FMT_I, G_IM_SIZ_8b_LOAD_BLOCK, 0, 0, 7, 0, G_TX_WRAP | G_TX_NOMIRROR, 0, 0, G_TX_WRAP | G_TX_NOMIRROR, 0, 0),
	gsDPLoadBlock(7, 0, 0, 2047, 256),
	gsDPSetTile(G_IM_FMT_I, G_IM_SIZ_8b, 8, 0, 0, 0, G_TX_WRAP | G_TX_NOMIRROR, 6, 0, G_TX_WRAP | G_TX_NOMIRROR, 6, 0),
	gsDPSetTileSize(0, 0, 0, 252, 252),
	gsSPEndDisplayList(),
};

Gfx mat_revert_rsilverpillar_pillar[] = {
	gsSPSetGeometryMode(G_LIGHTING),
	gsDPPipeSync(),
	gsDPSetAlphaDither(G_AD_DISABLE),
	gsSPEndDisplayList(),
};

Gfx mat_rsilverpillar_hexstone[] = {
	gsSPClearGeometryMode(G_LIGHTING),
	gsDPPipeSync(),
	gsDPSetCombineLERP(TEXEL0, 0, SHADE, 0, ENVIRONMENT, 0, SHADE, 0, TEXEL0, 0, SHADE, 0, ENVIRONMENT, 0, SHADE, 0),
	gsDPSetAlphaDither(G_AD_NOISE),
	gsSPTexture(65535, 65535, 0, 0, 1),
	gsDPSetTextureImage(G_IM_FMT_I, G_IM_SIZ_8b_LOAD_BLOCK, 1, rsilverpillar_hexstone_i8),
	gsDPSetTile(G_IM_FMT_I, G_IM_SIZ_8b_LOAD_BLOCK, 0, 0, 7, 0, G_TX_WRAP | G_TX_NOMIRROR, 0, 0, G_TX_WRAP | G_TX_NOMIRROR, 0, 0),
	gsDPLoadBlock(7, 0, 0, 511, 512),
	gsDPSetTile(G_IM_FMT_I, G_IM_SIZ_8b, 4, 0, 0, 0, G_TX_WRAP | G_TX_NOMIRROR, 5, 0, G_TX_WRAP | G_TX_NOMIRROR, 5, 0),
	gsDPSetTileSize(0, 0, 0, 124, 124),
	gsSPEndDisplayList(),
};

Gfx mat_revert_rsilverpillar_hexstone[] = {
	gsSPSetGeometryMode(G_LIGHTING),
	gsDPPipeSync(),
	gsDPSetAlphaDither(G_AD_DISABLE),
	gsSPEndDisplayList(),
};

Gfx rsilverpillar_rsilverpillar_mesh_layer_1[] = {
	gsSPDisplayList(mat_rsilverpillar_dungeonbricks),
	gsSPDisplayList(rsilverpillar_rsilverpillar_mesh_layer_1_tri_0),
	gsSPDisplayList(mat_revert_rsilverpillar_dungeonbricks),
	gsSPDisplayList(mat_rsilverpillar_dungeonshingles),
	gsSPDisplayList(rsilverpillar_rsilverpillar_mesh_layer_1_tri_1),
	gsSPDisplayList(mat_revert_rsilverpillar_dungeonshingles),
	gsSPDisplayList(mat_rsilverpillar_cavegrass),
	gsSPDisplayList(rsilverpillar_rsilverpillar_mesh_layer_1_tri_2),
	gsSPDisplayList(mat_revert_rsilverpillar_cavegrass),
	gsSPDisplayList(mat_rsilverpillar_castletrim),
	gsSPDisplayList(rsilverpillar_rsilverpillar_mesh_layer_1_tri_3),
	gsSPDisplayList(mat_revert_rsilverpillar_castletrim),
	gsSPDisplayList(mat_rsilverpillar_hill),
	gsSPDisplayList(rsilverpillar_rsilverpillar_mesh_layer_1_tri_4),
	gsSPDisplayList(mat_revert_rsilverpillar_hill),
	gsSPDisplayList(mat_rsilverpillar_pillar),
	gsSPDisplayList(rsilverpillar_rsilverpillar_mesh_layer_1_tri_5),
	gsSPDisplayList(mat_revert_rsilverpillar_pillar),
	gsSPDisplayList(mat_rsilverpillar_hexstone),
	gsSPDisplayList(rsilverpillar_rsilverpillar_mesh_layer_1_tri_6),
	gsSPDisplayList(mat_revert_rsilverpillar_hexstone),
	gsDPPipeSync(),
	gsSPSetGeometryMode(G_LIGHTING),
	gsSPClearGeometryMode(G_TEXTURE_GEN),
	gsDPSetCombineLERP(0, 0, 0, SHADE, 0, 0, 0, ENVIRONMENT, 0, 0, 0, SHADE, 0, 0, 0, ENVIRONMENT),
	gsSPTexture(65535, 65535, 0, 0, 0),
	gsDPSetEnvColor(255, 255, 255, 255),
	gsDPSetAlphaCompare(G_AC_NONE),
	gsSPEndDisplayList(),
};

Gfx rsilverpillar_rsilverpillar_mesh_layer_0[] = {
	gsSPDisplayList(mat_rsilverpillar_fakeskybox_layer0),
	gsSPDisplayList(rsilverpillar_rsilverpillar_mesh_layer_0_tri_0),
	gsSPDisplayList(mat_revert_rsilverpillar_fakeskybox_layer0),
	gsDPPipeSync(),
	gsSPSetGeometryMode(G_LIGHTING),
	gsSPClearGeometryMode(G_TEXTURE_GEN),
	gsDPSetCombineLERP(0, 0, 0, SHADE, 0, 0, 0, ENVIRONMENT, 0, 0, 0, SHADE, 0, 0, 0, ENVIRONMENT),
	gsSPTexture(65535, 65535, 0, 0, 0),
	gsDPSetEnvColor(255, 255, 255, 255),
	gsDPSetAlphaCompare(G_AC_NONE),
	gsSPEndDisplayList(),
};

