Gfx rmaze_uzu_i8_aligner[] = {gsSPEndDisplayList()};
u8 rmaze_uzu_i8[] = {
	0x40, 0x40, 0x48, 0x58, 0x60, 0x68, 0x68, 0x78, 
	0x78, 0x78, 0x78, 0x80, 0x88, 0x90, 0x98, 0x98, 
	0x98, 0x98, 0x98, 0x90, 0x88, 0x88, 0x98, 0xa8, 
	0xb8, 0xc8, 0xc8, 0xb8, 0xb0, 0x98, 0x88, 0x78, 
	0x70, 0x70, 0x78, 0x88, 0x98, 0xa0, 0xa0, 0xa0, 
	0xa8, 0xa8, 0xb0, 0xa8, 0x98, 0x88, 0x88, 0x80, 
	0x78, 0x78, 0x78, 0x70, 0x68, 0x58, 0x58, 0x58, 
	0x60, 0x70, 0x88, 0x90, 0x88, 0x60, 0x48, 0x48, 
	0x40, 0x40, 0x48, 0x58, 0x60, 0x68, 0x68, 0x78, 
	0x78, 0x78, 0x78, 0x80, 0x88, 0x90, 0x98, 0x98, 
	0x98, 0x98, 0x98, 0x90, 0x88, 0x88, 0x98, 0xa8, 
	0xb8, 0xc8, 0xc8, 0xb8, 0xb0, 0x98, 0x88, 0x78, 
	0x70, 0x70, 0x78, 0x88, 0x98, 0xa0, 0xa0, 0xa0, 
	0xa8, 0xa8, 0xb0, 0xa8, 0x98, 0x88, 0x88, 0x80, 
	0x78, 0x78, 0x78, 0x70, 0x68, 0x58, 0x58, 0x58, 
	0x60, 0x70, 0x88, 0x90, 0x88, 0x60, 0x48, 0x48, 
	0x40, 0x40, 0x48, 0x58, 0x60, 0x68, 0x68, 0x78, 
	0x78, 0x78, 0x78, 0x80, 0x88, 0x90, 0x98, 0x98, 
	0x98, 0x98, 0x98, 0x90, 0x88, 0x88, 0x98, 0xa8, 
	0xb8, 0xc8, 0xc8, 0xb8, 0xb0, 0x98, 0x88, 0x78, 
	0x70, 0x70, 0x78, 0x88, 0x98, 0xa0, 0xa0, 0xa0, 
	0xa8, 0xa8, 0xb0, 0xa8, 0x98, 0x88, 0x88, 0x80, 
	0x78, 0x78, 0x78, 0x70, 0x68, 0x58, 0x58, 0x58, 
	0x60, 0x70, 0x88, 0x90, 0x88, 0x60, 0x48, 0x48, 
	0x40, 0x40, 0x48, 0x58, 0x60, 0x68, 0x68, 0x78, 
	0x78, 0x78, 0x78, 0x80, 0x88, 0x90, 0x98, 0x98, 
	0x98, 0x98, 0x98, 0x90, 0x88, 0x88, 0x98, 0xa8, 
	0xb8, 0xc8, 0xc8, 0xb8, 0xb0, 0x98, 0x88, 0x78, 
	0x70, 0x70, 0x78, 0x88, 0x98, 0xa0, 0xa0, 0xa0, 
	0xa8, 0xa8, 0xb0, 0xa8, 0x98, 0x88, 0x88, 0x80, 
	0x78, 0x78, 0x78, 0x70, 0x68, 0x58, 0x58, 0x58, 
	0x60, 0x70, 0x88, 0x90, 0x88, 0x60, 0x48, 0x48, 
	0x40, 0x40, 0x48, 0x58, 0x60, 0x68, 0x68, 0x78, 
	0x78, 0x78, 0x78, 0x80, 0x88, 0x90, 0x98, 0x98, 
	0x98, 0x98, 0x98, 0x90, 0x88, 0x88, 0x98, 0xa8, 
	0xb8, 0xc8, 0xc8, 0xb8, 0xb0, 0x98, 0x88, 0x78, 
	0x70, 0x70, 0x78, 0x88, 0x98, 0xa0, 0xa0, 0xa0, 
	0xa8, 0xa8, 0xb0, 0xa8, 0x98, 0x88, 0x88, 0x80, 
	0x78, 0x78, 0x78, 0x70, 0x68, 0x58, 0x58, 0x58, 
	0x60, 0x70, 0x88, 0x90, 0x88, 0x60, 0x48, 0x48, 
	0x40, 0x40, 0x48, 0x58, 0x60, 0x68, 0x68, 0x78, 
	0x78, 0x78, 0x78, 0x80, 0x88, 0x90, 0x98, 0x98, 
	0x98, 0x98, 0x98, 0x90, 0x88, 0x88, 0x98, 0xa8, 
	0xb8, 0xc8, 0xc8, 0xb8, 0xb0, 0x98, 0x88, 0x78, 
	0x70, 0x70, 0x78, 0x88, 0x98, 0xa0, 0xa0, 0xa0, 
	0xa8, 0xa8, 0xb0, 0xa8, 0x98, 0x88, 0x88, 0x80, 
	0x78, 0x78, 0x78, 0x70, 0x68, 0x58, 0x58, 0x58, 
	0x60, 0x70, 0x88, 0x90, 0x88, 0x60, 0x48, 0x48, 
	0x40, 0x40, 0x48, 0x58, 0x60, 0x68, 0x68, 0x78, 
	0x78, 0x78, 0x78, 0x80, 0x88, 0x90, 0x98, 0x98, 
	0x98, 0x98, 0x98, 0x90, 0x88, 0x88, 0x98, 0xa8, 
	0xb8, 0xc8, 0xc8, 0xb8, 0xb0, 0x98, 0x88, 0x78, 
	0x70, 0x70, 0x78, 0x88, 0x98, 0xa0, 0xa0, 0xa0, 
	0xa8, 0xa8, 0xb0, 0xa8, 0x98, 0x88, 0x88, 0x80, 
	0x78, 0x78, 0x78, 0x70, 0x68, 0x58, 0x58, 0x58, 
	0x60, 0x70, 0x88, 0x90, 0x88, 0x60, 0x48, 0x48, 
	0x40, 0x40, 0x48, 0x58, 0x60, 0x68, 0x68, 0x78, 
	0x78, 0x78, 0x78, 0x80, 0x88, 0x90, 0x98, 0x98, 
	0x98, 0x98, 0x98, 0x90, 0x88, 0x88, 0x98, 0xa8, 
	0xb8, 0xc8, 0xc8, 0xb8, 0xb0, 0x98, 0x88, 0x78, 
	0x70, 0x70, 0x78, 0x88, 0x98, 0xa0, 0xa0, 0xa0, 
	0xa8, 0xa8, 0xb0, 0xa8, 0x98, 0x88, 0x88, 0x80, 
	0x78, 0x78, 0x78, 0x70, 0x68, 0x58, 0x58, 0x58, 
	0x60, 0x70, 0x88, 0x90, 0x88, 0x60, 0x48, 0x48, 
	0x40, 0x40, 0x48, 0x58, 0x60, 0x68, 0x68, 0x78, 
	0x78, 0x78, 0x78, 0x80, 0x88, 0x90, 0x98, 0x98, 
	0xa0, 0x98, 0x98, 0x98, 0x88, 0x88, 0x98, 0xa8, 
	0xb8, 0xc8, 0xc8, 0xb8, 0xb0, 0x98, 0x88, 0x78, 
	0x70, 0x70, 0x78, 0x88, 0x98, 0xa0, 0xa0, 0xa0, 
	0xa8, 0xa8, 0xb0, 0xa8, 0x98, 0x88, 0x88, 0x80, 
	0x78, 0x78, 0x78, 0x70, 0x68, 0x58, 0x58, 0x58, 
	0x60, 0x70, 0x88, 0x90, 0x88, 0x60, 0x48, 0x48, 
	0x40, 0x40, 0x48, 0x58, 0x60, 0x68, 0x68, 0x78, 
	0x78, 0x78, 0x78, 0x80, 0x88, 0x90, 0x98, 0x98, 
	0xa0, 0x98, 0x98, 0x98, 0x88, 0x88, 0x98, 0xa8, 
	0xb8, 0xc8, 0xc8, 0xb8, 0xb0, 0x98, 0x88, 0x78, 
	0x70, 0x70, 0x78, 0x88, 0x98, 0xa0, 0xa0, 0xa0, 
	0xa8, 0xa8, 0xb0, 0xa8, 0x98, 0x88, 0x88, 0x80, 
	0x78, 0x78, 0x78, 0x70, 0x68, 0x58, 0x58, 0x58, 
	0x60, 0x70, 0x88, 0x90, 0x88, 0x60, 0x48, 0x48, 
	0x40, 0x40, 0x48, 0x58, 0x60, 0x68, 0x68, 0x78, 
	0x78, 0x78, 0x78, 0x80, 0x88, 0x90, 0x98, 0x98, 
	0xa0, 0x98, 0x98, 0x98, 0x88, 0x88, 0x98, 0xa8, 
	0xb8, 0xc8, 0xc8, 0xb8, 0xb0, 0x98, 0x88, 0x78, 
	0x70, 0x70, 0x78, 0x88, 0x98, 0xa0, 0xa0, 0xa0, 
	0xa8, 0xa8, 0xb0, 0xa8, 0x98, 0x88, 0x88, 0x80, 
	0x78, 0x78, 0x78, 0x70, 0x68, 0x58, 0x58, 0x58, 
	0x60, 0x70, 0x88, 0x90, 0x88, 0x60, 0x48, 0x48, 
	0x40, 0x40, 0x48, 0x58, 0x60, 0x68, 0x68, 0x78, 
	0x78, 0x78, 0x78, 0x80, 0x88, 0x90, 0x98, 0x98, 
	0xa0, 0x98, 0x98, 0x98, 0x88, 0x88, 0x98, 0xa8, 
	0xb8, 0xc8, 0xc8, 0xb8, 0xb0, 0x98, 0x88, 0x78, 
	0x70, 0x70, 0x78, 0x88, 0x98, 0xa0, 0xa0, 0xa0, 
	0xa8, 0xa8, 0xb0, 0xa8, 0x98, 0x88, 0x88, 0x80, 
	0x78, 0x78, 0x78, 0x70, 0x68, 0x58, 0x58, 0x58, 
	0x60, 0x70, 0x88, 0x90, 0x88, 0x60, 0x48, 0x48, 
	0x40, 0x40, 0x48, 0x58, 0x60, 0x68, 0x68, 0x78, 
	0x78, 0x78, 0x78, 0x80, 0x88, 0x90, 0x98, 0x98, 
	0xa0, 0x98, 0x98, 0x98, 0x88, 0x88, 0x98, 0xa8, 
	0xb8, 0xc8, 0xc8, 0xb8, 0xb0, 0x98, 0x88, 0x78, 
	0x70, 0x70, 0x78, 0x88, 0x98, 0xa0, 0xa0, 0xa0, 
	0xa8, 0xa8, 0xb0, 0xa8, 0x98, 0x88, 0x88, 0x80, 
	0x78, 0x78, 0x78, 0x70, 0x68, 0x58, 0x58, 0x58, 
	0x60, 0x70, 0x88, 0x90, 0x88, 0x60, 0x48, 0x48, 
	0x40, 0x40, 0x48, 0x58, 0x60, 0x68, 0x68, 0x78, 
	0x78, 0x78, 0x78, 0x80, 0x88, 0x90, 0x98, 0x98, 
	0xa0, 0x98, 0x98, 0x98, 0x88, 0x88, 0x98, 0xa8, 
	0xb8, 0xc8, 0xc8, 0xb8, 0xb0, 0x98, 0x88, 0x78, 
	0x70, 0x70, 0x78, 0x88, 0x98, 0xa0, 0xa0, 0xa0, 
	0xa8, 0xa8, 0xb0, 0xa8, 0x98, 0x88, 0x88, 0x80, 
	0x78, 0x78, 0x78, 0x70, 0x68, 0x58, 0x58, 0x58, 
	0x60, 0x70, 0x88, 0x90, 0x88, 0x60, 0x48, 0x48, 
	0x40, 0x40, 0x48, 0x58, 0x60, 0x68, 0x68, 0x78, 
	0x78, 0x78, 0x78, 0x80, 0x88, 0x90, 0x98, 0x98, 
	0xa0, 0x98, 0x98, 0x98, 0x88, 0x88, 0x98, 0xa8, 
	0xb8, 0xc8, 0xc8, 0xb8, 0xb0, 0x98, 0x88, 0x78, 
	0x70, 0x70, 0x78, 0x88, 0x98, 0xa0, 0xa0, 0xa0, 
	0xa8, 0xa8, 0xb0, 0xa8, 0x98, 0x88, 0x88, 0x80, 
	0x78, 0x78, 0x78, 0x70, 0x68, 0x58, 0x58, 0x58, 
	0x60, 0x70, 0x88, 0x90, 0x88, 0x60, 0x48, 0x48, 
	0x40, 0x40, 0x48, 0x58, 0x60, 0x68, 0x68, 0x78, 
	0x78, 0x78, 0x78, 0x80, 0x88, 0x90, 0x98, 0x98, 
	0xa0, 0x98, 0x98, 0x98, 0x88, 0x88, 0x98, 0xa8, 
	0xb8, 0xc8, 0xc8, 0xb8, 0xb0, 0x98, 0x88, 0x78, 
	0x70, 0x70, 0x78, 0x88, 0x98, 0xa0, 0xa0, 0xa0, 
	0xa8, 0xa8, 0xb0, 0xa8, 0x98, 0x88, 0x88, 0x80, 
	0x78, 0x78, 0x78, 0x70, 0x68, 0x58, 0x58, 0x58, 
	0x60, 0x70, 0x88, 0x90, 0x88, 0x60, 0x48, 0x48, 
	0x40, 0x40, 0x48, 0x58, 0x60, 0x68, 0x68, 0x78, 
	0x78, 0x78, 0x78, 0x80, 0x88, 0x90, 0x98, 0x98, 
	0xa0, 0x98, 0x98, 0x98, 0x88, 0x88, 0x98, 0xa8, 
	0xb8, 0xc8, 0xc8, 0xb8, 0xb0, 0x98, 0x88, 0x78, 
	0x70, 0x70, 0x78, 0x88, 0x98, 0xa0, 0xa0, 0xa0, 
	0xa8, 0xa8, 0xb0, 0xa8, 0x98, 0x88, 0x88, 0x80, 
	0x78, 0x78, 0x78, 0x70, 0x68, 0x58, 0x58, 0x58, 
	0x60, 0x70, 0x88, 0x90, 0x88, 0x60, 0x48, 0x48, 
	0x40, 0x40, 0x48, 0x58, 0x60, 0x68, 0x68, 0x78, 
	0x78, 0x78, 0x78, 0x80, 0x88, 0x90, 0x98, 0x98, 
	0xa0, 0x98, 0x98, 0x98, 0x88, 0x88, 0x98, 0xa8, 
	0xb8, 0xc8, 0xc8, 0xb8, 0xb0, 0x98, 0x88, 0x78, 
	0x70, 0x70, 0x78, 0x88, 0x98, 0xa0, 0xa0, 0xa0, 
	0xa8, 0xa8, 0xb0, 0xa8, 0x98, 0x88, 0x88, 0x80, 
	0x78, 0x78, 0x78, 0x70, 0x68, 0x58, 0x58, 0x58, 
	0x60, 0x70, 0x88, 0x90, 0x88, 0x60, 0x48, 0x48, 
	0x40, 0x40, 0x48, 0x58, 0x60, 0x68, 0x68, 0x78, 
	0x78, 0x78, 0x78, 0x80, 0x88, 0x90, 0x98, 0x98, 
	0xa0, 0x98, 0x98, 0x98, 0x88, 0x88, 0x98, 0xa8, 
	0xb8, 0xc8, 0xc8, 0xb8, 0xb0, 0x98, 0x88, 0x78, 
	0x70, 0x70, 0x78, 0x88, 0x98, 0xa0, 0xa0, 0xa0, 
	0xa8, 0xa8, 0xb0, 0xa8, 0x98, 0x88, 0x88, 0x80, 
	0x78, 0x78, 0x78, 0x70, 0x68, 0x58, 0x58, 0x58, 
	0x60, 0x70, 0x88, 0x90, 0x88, 0x60, 0x48, 0x48, 
	0x40, 0x40, 0x48, 0x58, 0x60, 0x68, 0x68, 0x78, 
	0x78, 0x78, 0x78, 0x80, 0x88, 0x90, 0x98, 0x98, 
	0xa0, 0x98, 0x98, 0x98, 0x88, 0x88, 0x98, 0xa8, 
	0xb8, 0xc8, 0xc8, 0xb8, 0xb0, 0x98, 0x88, 0x78, 
	0x70, 0x70, 0x78, 0x88, 0x98, 0xa0, 0xa0, 0xa0, 
	0xa8, 0xa8, 0xb0, 0xa8, 0x98, 0x88, 0x88, 0x80, 
	0x78, 0x78, 0x78, 0x70, 0x68, 0x58, 0x58, 0x58, 
	0x60, 0x70, 0x88, 0x90, 0x88, 0x60, 0x48, 0x48, 
	0x40, 0x40, 0x48, 0x58, 0x60, 0x68, 0x68, 0x78, 
	0x78, 0x78, 0x78, 0x80, 0x88, 0x90, 0x98, 0x98, 
	0xa0, 0x98, 0x98, 0x98, 0x88, 0x88, 0x98, 0xa8, 
	0xb8, 0xc8, 0xc8, 0xb8, 0xb0, 0x98, 0x88, 0x78, 
	0x70, 0x70, 0x78, 0x88, 0x98, 0xa0, 0xa0, 0xa0, 
	0xa8, 0xa8, 0xb0, 0xa8, 0x98, 0x88, 0x88, 0x80, 
	0x78, 0x78, 0x78, 0x70, 0x68, 0x58, 0x58, 0x58, 
	0x60, 0x70, 0x88, 0x90, 0x88, 0x60, 0x48, 0x48, 
	0x40, 0x40, 0x48, 0x58, 0x60, 0x68, 0x68, 0x78, 
	0x78, 0x78, 0x78, 0x80, 0x88, 0x90, 0x98, 0x98, 
	0xa0, 0x98, 0x98, 0x98, 0x88, 0x88, 0x98, 0xa8, 
	0xb8, 0xc8, 0xc8, 0xb8, 0xb0, 0x98, 0x88, 0x78, 
	0x70, 0x70, 0x78, 0x88, 0x98, 0xa0, 0xa0, 0xa0, 
	0xa8, 0xa8, 0xb0, 0xa8, 0x98, 0x88, 0x88, 0x80, 
	0x78, 0x78, 0x78, 0x70, 0x68, 0x58, 0x58, 0x58, 
	0x60, 0x70, 0x88, 0x90, 0x88, 0x60, 0x48, 0x48, 
	0x40, 0x40, 0x48, 0x58, 0x60, 0x68, 0x68, 0x78, 
	0x78, 0x78, 0x78, 0x80, 0x88, 0x90, 0x98, 0x98, 
	0xa0, 0x98, 0x98, 0x98, 0x88, 0x88, 0x98, 0xa8, 
	0xb8, 0xc8, 0xc8, 0xb8, 0xb0, 0x98, 0x88, 0x78, 
	0x70, 0x70, 0x78, 0x88, 0x98, 0xa0, 0xa0, 0xa0, 
	0xa8, 0xa8, 0xb0, 0xa8, 0x98, 0x88, 0x88, 0x80, 
	0x78, 0x78, 0x78, 0x70, 0x68, 0x58, 0x58, 0x58, 
	0x60, 0x70, 0x88, 0x90, 0x88, 0x60, 0x48, 0x48, 
	0x40, 0x40, 0x48, 0x58, 0x60, 0x68, 0x68, 0x78, 
	0x78, 0x78, 0x78, 0x80, 0x88, 0x90, 0x98, 0x98, 
	0xa0, 0x98, 0x98, 0x98, 0x88, 0x88, 0x98, 0xa8, 
	0xb8, 0xc8, 0xc8, 0xb8, 0xb0, 0x98, 0x88, 0x78, 
	0x70, 0x70, 0x78, 0x88, 0x98, 0xa0, 0xa0, 0xa0, 
	0xa8, 0xa8, 0xb0, 0xa8, 0x98, 0x88, 0x88, 0x80, 
	0x78, 0x78, 0x78, 0x70, 0x68, 0x58, 0x58, 0x58, 
	0x60, 0x70, 0x88, 0x90, 0x88, 0x60, 0x48, 0x48, 
	0x40, 0x40, 0x48, 0x58, 0x60, 0x68, 0x68, 0x78, 
	0x78, 0x78, 0x78, 0x80, 0x88, 0x90, 0x98, 0x98, 
	0xa0, 0x98, 0x98, 0x98, 0x88, 0x88, 0x98, 0xa8, 
	0xb8, 0xc8, 0xc8, 0xb8, 0xb0, 0x98, 0x88, 0x78, 
	0x70, 0x70, 0x78, 0x88, 0x98, 0xa0, 0xa0, 0xa0, 
	0xa8, 0xa8, 0xb0, 0xa8, 0x98, 0x88, 0x88, 0x80, 
	0x78, 0x78, 0x78, 0x70, 0x68, 0x58, 0x58, 0x58, 
	0x60, 0x70, 0x88, 0x90, 0x88, 0x60, 0x48, 0x48, 
	0x40, 0x40, 0x48, 0x58, 0x60, 0x68, 0x68, 0x78, 
	0x78, 0x78, 0x78, 0x80, 0x88, 0x90, 0x98, 0x98, 
	0xa0, 0x98, 0x98, 0x98, 0x88, 0x88, 0x98, 0xa8, 
	0xb8, 0xc8, 0xc8, 0xb8, 0xb0, 0x98, 0x88, 0x78, 
	0x70, 0x70, 0x78, 0x88, 0x98, 0xa0, 0xa0, 0xa0, 
	0xa8, 0xa8, 0xb0, 0xa8, 0x98, 0x88, 0x88, 0x80, 
	0x78, 0x78, 0x78, 0x70, 0x68, 0x58, 0x58, 0x58, 
	0x60, 0x70, 0x88, 0x90, 0x88, 0x60, 0x48, 0x48, 
	0x40, 0x40, 0x48, 0x58, 0x60, 0x68, 0x68, 0x78, 
	0x78, 0x78, 0x78, 0x80, 0x88, 0x90, 0x98, 0x98, 
	0xa0, 0x98, 0x98, 0x98, 0x88, 0x88, 0x98, 0xa8, 
	0xb8, 0xc8, 0xc8, 0xb8, 0xb0, 0x98, 0x88, 0x78, 
	0x70, 0x70, 0x78, 0x88, 0x98, 0xa0, 0xa0, 0xa0, 
	0xa8, 0xa8, 0xb0, 0xa8, 0x98, 0x88, 0x88, 0x80, 
	0x78, 0x78, 0x78, 0x70, 0x68, 0x58, 0x58, 0x58, 
	0x60, 0x70, 0x88, 0x90, 0x88, 0x60, 0x48, 0x48, 
	0x40, 0x40, 0x48, 0x58, 0x60, 0x68, 0x68, 0x78, 
	0x78, 0x78, 0x78, 0x80, 0x88, 0x90, 0x98, 0x98, 
	0xa0, 0x98, 0x98, 0x98, 0x88, 0x88, 0x98, 0xa8, 
	0xb8, 0xc8, 0xc8, 0xb8, 0xb0, 0x98, 0x88, 0x78, 
	0x70, 0x70, 0x78, 0x88, 0x98, 0xa0, 0xa0, 0xa0, 
	0xa8, 0xa8, 0xb0, 0xa8, 0x98, 0x88, 0x88, 0x80, 
	0x78, 0x78, 0x78, 0x70, 0x68, 0x58, 0x58, 0x58, 
	0x60, 0x70, 0x88, 0x90, 0x88, 0x60, 0x48, 0x48, 
	0x40, 0x40, 0x48, 0x58, 0x60, 0x68, 0x68, 0x78, 
	0x78, 0x78, 0x78, 0x80, 0x88, 0x90, 0x98, 0x98, 
	0xa0, 0x98, 0x98, 0x98, 0x88, 0x88, 0x98, 0xa8, 
	0xb8, 0xc8, 0xc8, 0xb8, 0xb0, 0x98, 0x88, 0x78, 
	0x70, 0x70, 0x78, 0x88, 0x98, 0xa0, 0xa0, 0xa0, 
	0xa8, 0xa8, 0xb0, 0xa8, 0x98, 0x88, 0x88, 0x80, 
	0x78, 0x78, 0x78, 0x70, 0x68, 0x58, 0x58, 0x58, 
	0x60, 0x70, 0x88, 0x90, 0x88, 0x60, 0x48, 0x48, 
	0x40, 0x40, 0x48, 0x58, 0x60, 0x68, 0x68, 0x78, 
	0x78, 0x78, 0x78, 0x80, 0x88, 0x90, 0x98, 0x98, 
	0xa0, 0x98, 0x98, 0x98, 0x88, 0x88, 0x98, 0xa8, 
	0xb8, 0xc8, 0xc8, 0xb8, 0xb0, 0x98, 0x88, 0x78, 
	0x70, 0x70, 0x78, 0x88, 0x98, 0xa0, 0xa0, 0xa0, 
	0xa8, 0xa8, 0xb0, 0xa8, 0x98, 0x88, 0x88, 0x80, 
	0x78, 0x78, 0x78, 0x70, 0x68, 0x58, 0x58, 0x58, 
	0x60, 0x70, 0x88, 0x90, 0x88, 0x60, 0x48, 0x48, 
	0x40, 0x40, 0x48, 0x58, 0x60, 0x68, 0x68, 0x78, 
	0x78, 0x78, 0x78, 0x80, 0x88, 0x90, 0x98, 0x98, 
	0xa0, 0x98, 0x98, 0x98, 0x88, 0x88, 0x98, 0xa8, 
	0xb8, 0xc8, 0xc8, 0xb8, 0xb0, 0x98, 0x88, 0x78, 
	0x70, 0x70, 0x78, 0x88, 0x98, 0xa0, 0xa0, 0xa0, 
	0xa8, 0xa8, 0xb0, 0xa8, 0x98, 0x88, 0x88, 0x80, 
	0x78, 0x78, 0x78, 0x70, 0x68, 0x58, 0x58, 0x58, 
	0x60, 0x70, 0x88, 0x90, 0x88, 0x60, 0x48, 0x48, 
	0x40, 0x40, 0x48, 0x58, 0x60, 0x68, 0x68, 0x78, 
	0x78, 0x78, 0x78, 0x80, 0x88, 0x90, 0x98, 0x98, 
	0xa0, 0x98, 0x98, 0x98, 0x88, 0x88, 0x98, 0xa8, 
	0xb8, 0xc8, 0xc8, 0xb8, 0xb0, 0x98, 0x88, 0x78, 
	0x70, 0x70, 0x78, 0x88, 0x98, 0xa0, 0xa0, 0xa0, 
	0xa8, 0xa8, 0xb0, 0xa8, 0x98, 0x88, 0x88, 0x80, 
	0x78, 0x78, 0x78, 0x70, 0x68, 0x58, 0x58, 0x58, 
	0x60, 0x70, 0x88, 0x90, 0x88, 0x60, 0x48, 0x48, 
	0x40, 0x40, 0x48, 0x58, 0x60, 0x68, 0x68, 0x78, 
	0x78, 0x78, 0x78, 0x80, 0x88, 0x90, 0x98, 0x98, 
	0xa0, 0x98, 0x98, 0x98, 0x88, 0x88, 0x98, 0xa8, 
	0xb8, 0xc8, 0xc8, 0xb8, 0xb0, 0x98, 0x88, 0x78, 
	0x70, 0x70, 0x78, 0x88, 0x98, 0xa0, 0xa0, 0xa0, 
	0xa8, 0xa8, 0xb0, 0xa8, 0x98, 0x88, 0x88, 0x80, 
	0x78, 0x78, 0x78, 0x70, 0x68, 0x58, 0x58, 0x58, 
	0x60, 0x70, 0x88, 0x90, 0x88, 0x60, 0x48, 0x48, 
	0x40, 0x40, 0x48, 0x58, 0x60, 0x68, 0x68, 0x78, 
	0x78, 0x78, 0x78, 0x80, 0x88, 0x90, 0x98, 0x98, 
	0xa0, 0x98, 0x98, 0x98, 0x88, 0x88, 0x98, 0xa8, 
	0xb8, 0xc8, 0xc8, 0xb8, 0xb0, 0x98, 0x88, 0x78, 
	0x70, 0x70, 0x78, 0x88, 0x98, 0xa0, 0xa0, 0xa0, 
	0xa8, 0xa8, 0xb0, 0xa8, 0x98, 0x88, 0x88, 0x80, 
	0x78, 0x78, 0x78, 0x70, 0x68, 0x58, 0x58, 0x58, 
	0x60, 0x70, 0x88, 0x90, 0x88, 0x60, 0x48, 0x48, 
	0x40, 0x40, 0x48, 0x58, 0x60, 0x68, 0x68, 0x78, 
	0x78, 0x78, 0x78, 0x80, 0x88, 0x90, 0x98, 0x98, 
	0xa0, 0x98, 0x98, 0x98, 0x88, 0x88, 0x98, 0xa8, 
	0xb8, 0xc8, 0xc8, 0xb8, 0xb0, 0x98, 0x88, 0x78, 
	0x70, 0x70, 0x78, 0x88, 0x98, 0xa0, 0xa0, 0xa0, 
	0xa8, 0xa8, 0xb0, 0xa8, 0x98, 0x88, 0x88, 0x80, 
	0x78, 0x78, 0x78, 0x70, 0x68, 0x58, 0x58, 0x58, 
	0x60, 0x70, 0x88, 0x90, 0x88, 0x60, 0x48, 0x48, 
	0x40, 0x40, 0x48, 0x58, 0x60, 0x68, 0x68, 0x78, 
	0x78, 0x78, 0x78, 0x80, 0x88, 0x90, 0x98, 0x98, 
	0xa0, 0x98, 0x98, 0x98, 0x88, 0x88, 0x98, 0xa8, 
	0xb8, 0xc8, 0xc8, 0xb8, 0xb0, 0x98, 0x88, 0x78, 
	0x70, 0x70, 0x78, 0x88, 0x98, 0xa0, 0xa0, 0xa0, 
	0xa8, 0xa8, 0xb0, 0xa8, 0x98, 0x88, 0x88, 0x80, 
	0x78, 0x78, 0x78, 0x70, 0x68, 0x58, 0x58, 0x58, 
	0x60, 0x70, 0x88, 0x90, 0x88, 0x60, 0x48, 0x48, 
	0x40, 0x40, 0x48, 0x58, 0x60, 0x68, 0x68, 0x78, 
	0x78, 0x78, 0x78, 0x80, 0x88, 0x90, 0x98, 0x98, 
	0xa0, 0x98, 0x98, 0x98, 0x88, 0x88, 0x98, 0xa8, 
	0xb8, 0xc8, 0xc8, 0xb8, 0xb0, 0x98, 0x88, 0x78, 
	0x70, 0x70, 0x78, 0x88, 0x98, 0xa0, 0xa0, 0xa0, 
	0xa8, 0xa8, 0xb0, 0xa8, 0x98, 0x88, 0x88, 0x80, 
	0x78, 0x78, 0x78, 0x70, 0x68, 0x58, 0x58, 0x58, 
	0x60, 0x70, 0x88, 0x90, 0x88, 0x60, 0x48, 0x48, 
	0x40, 0x40, 0x48, 0x58, 0x60, 0x68, 0x68, 0x78, 
	0x78, 0x78, 0x78, 0x80, 0x88, 0x90, 0x98, 0x98, 
	0xa0, 0x98, 0x98, 0x98, 0x88, 0x88, 0x98, 0xa8, 
	0xb8, 0xc8, 0xc8, 0xb8, 0xb0, 0x98, 0x88, 0x78, 
	0x70, 0x70, 0x78, 0x88, 0x98, 0xa0, 0xa0, 0xa0, 
	0xa8, 0xa8, 0xb0, 0xa8, 0x98, 0x88, 0x88, 0x80, 
	0x78, 0x78, 0x78, 0x70, 0x68, 0x58, 0x58, 0x58, 
	0x60, 0x70, 0x88, 0x90, 0x88, 0x60, 0x48, 0x48, 
	0x40, 0x40, 0x48, 0x58, 0x60, 0x68, 0x68, 0x78, 
	0x78, 0x78, 0x78, 0x80, 0x88, 0x90, 0x98, 0x98, 
	0xa0, 0x98, 0x98, 0x98, 0x88, 0x88, 0x98, 0xa8, 
	0xb8, 0xc8, 0xc8, 0xb8, 0xb0, 0x98, 0x88, 0x78, 
	0x70, 0x70, 0x78, 0x88, 0x98, 0xa0, 0xa0, 0xa0, 
	0xa8, 0xa8, 0xb0, 0xa8, 0x98, 0x88, 0x88, 0x80, 
	0x78, 0x78, 0x78, 0x70, 0x68, 0x58, 0x58, 0x58, 
	0x60, 0x70, 0x88, 0x90, 0x88, 0x60, 0x48, 0x48, 
	0x40, 0x40, 0x48, 0x58, 0x60, 0x68, 0x68, 0x78, 
	0x78, 0x78, 0x78, 0x80, 0x88, 0x90, 0x98, 0x98, 
	0xa0, 0x98, 0x98, 0x98, 0x88, 0x88, 0x98, 0xa8, 
	0xb8, 0xc8, 0xc8, 0xb8, 0xb0, 0x98, 0x88, 0x78, 
	0x70, 0x70, 0x78, 0x88, 0x98, 0xa0, 0xa0, 0xa0, 
	0xa8, 0xa8, 0xb0, 0xa8, 0x98, 0x88, 0x88, 0x80, 
	0x78, 0x78, 0x78, 0x70, 0x68, 0x58, 0x58, 0x58, 
	0x60, 0x70, 0x88, 0x90, 0x88, 0x60, 0x48, 0x48, 
	0x40, 0x40, 0x48, 0x58, 0x60, 0x68, 0x68, 0x78, 
	0x78, 0x78, 0x78, 0x80, 0x88, 0x90, 0x98, 0x98, 
	0x98, 0x98, 0x98, 0x98, 0x90, 0x90, 0x98, 0xa8, 
	0xb8, 0xc8, 0xc8, 0xb8, 0xb0, 0x98, 0x88, 0x78, 
	0x70, 0x70, 0x78, 0x88, 0x98, 0xa0, 0xa0, 0xa0, 
	0xa8, 0xa8, 0xb0, 0xa8, 0x98, 0x88, 0x88, 0x80, 
	0x78, 0x78, 0x78, 0x70, 0x68, 0x58, 0x58, 0x58, 
	0x60, 0x70, 0x88, 0x90, 0x88, 0x60, 0x48, 0x48, 
	0x40, 0x40, 0x48, 0x58, 0x60, 0x68, 0x68, 0x78, 
	0x78, 0x78, 0x78, 0x80, 0x88, 0x90, 0x98, 0x98, 
	0x98, 0x98, 0x98, 0x98, 0x90, 0x90, 0x98, 0xa8, 
	0xb8, 0xc8, 0xc8, 0xb8, 0xb0, 0x98, 0x88, 0x78, 
	0x70, 0x70, 0x78, 0x88, 0x98, 0xa0, 0xa0, 0xa0, 
	0xa8, 0xa8, 0xb0, 0xa8, 0x98, 0x88, 0x88, 0x80, 
	0x78, 0x78, 0x78, 0x70, 0x68, 0x58, 0x58, 0x58, 
	0x60, 0x70, 0x88, 0x90, 0x88, 0x60, 0x48, 0x48, 
	0x40, 0x40, 0x48, 0x58, 0x60, 0x68, 0x68, 0x78, 
	0x78, 0x78, 0x78, 0x80, 0x88, 0x90, 0x98, 0x98, 
	0x98, 0x98, 0x98, 0x98, 0x90, 0x90, 0x98, 0xa8, 
	0xb8, 0xc8, 0xc8, 0xb8, 0xb0, 0x98, 0x88, 0x78, 
	0x70, 0x70, 0x78, 0x88, 0x98, 0xa0, 0xa0, 0xa0, 
	0xa8, 0xa8, 0xb0, 0xa8, 0x98, 0x88, 0x88, 0x80, 
	0x78, 0x78, 0x78, 0x70, 0x68, 0x58, 0x58, 0x58, 
	0x60, 0x70, 0x88, 0x90, 0x88, 0x60, 0x48, 0x48, 
	0x40, 0x40, 0x48, 0x58, 0x60, 0x68, 0x68, 0x78, 
	0x78, 0x78, 0x78, 0x80, 0x88, 0x90, 0x98, 0x98, 
	0x98, 0x98, 0x98, 0x98, 0x90, 0x90, 0x98, 0xa8, 
	0xb8, 0xc8, 0xc8, 0xb8, 0xb0, 0x98, 0x88, 0x78, 
	0x70, 0x70, 0x78, 0x88, 0x98, 0xa0, 0xa0, 0xa0, 
	0xa8, 0xa8, 0xb0, 0xa8, 0x98, 0x88, 0x88, 0x80, 
	0x78, 0x78, 0x78, 0x70, 0x68, 0x58, 0x58, 0x58, 
	0x60, 0x70, 0x88, 0x90, 0x88, 0x60, 0x48, 0x48, 
	0x40, 0x40, 0x48, 0x58, 0x60, 0x68, 0x68, 0x78, 
	0x78, 0x78, 0x78, 0x80, 0x88, 0x90, 0x98, 0x98, 
	0x98, 0x98, 0x98, 0x98, 0x90, 0x90, 0x98, 0xa8, 
	0xb8, 0xc8, 0xc8, 0xb8, 0xb0, 0x98, 0x88, 0x78, 
	0x70, 0x70, 0x78, 0x88, 0x98, 0xa0, 0xa0, 0xa0, 
	0xa8, 0xa8, 0xb0, 0xa8, 0x98, 0x88, 0x88, 0x80, 
	0x78, 0x78, 0x78, 0x70, 0x68, 0x58, 0x58, 0x58, 
	0x60, 0x70, 0x88, 0x90, 0x88, 0x68, 0x50, 0x48, 
	0x40, 0x40, 0x48, 0x58, 0x60, 0x68, 0x68, 0x78, 
	0x78, 0x78, 0x78, 0x80, 0x88, 0x90, 0x98, 0x98, 
	0x98, 0x98, 0x98, 0x98, 0x90, 0x90, 0x98, 0xa8, 
	0xb8, 0xc8, 0xc8, 0xb8, 0xb0, 0x98, 0x88, 0x78, 
	0x70, 0x70, 0x78, 0x88, 0x98, 0xa0, 0xa0, 0xa0, 
	0xa8, 0xa8, 0xb0, 0xa8, 0x98, 0x88, 0x88, 0x80, 
	0x78, 0x78, 0x78, 0x70, 0x68, 0x58, 0x58, 0x58, 
	0x60, 0x70, 0x88, 0x90, 0x88, 0x68, 0x50, 0x48, 
	0x40, 0x40, 0x48, 0x58, 0x60, 0x68, 0x68, 0x78, 
	0x78, 0x78, 0x78, 0x80, 0x88, 0x90, 0x98, 0x98, 
	0x98, 0x98, 0x98, 0x98, 0x90, 0x90, 0x98, 0xa8, 
	0xb8, 0xc8, 0xc8, 0xb8, 0xb0, 0x98, 0x88, 0x78, 
	0x70, 0x70, 0x78, 0x88, 0x98, 0xa0, 0xa0, 0xa0, 
	0xa8, 0xa8, 0xb0, 0xa8, 0x98, 0x88, 0x88, 0x80, 
	0x78, 0x78, 0x78, 0x70, 0x68, 0x58, 0x58, 0x58, 
	0x60, 0x70, 0x88, 0x90, 0x88, 0x68, 0x50, 0x48, 
	0x40, 0x40, 0x48, 0x58, 0x60, 0x68, 0x68, 0x78, 
	0x78, 0x78, 0x78, 0x80, 0x88, 0x90, 0x98, 0x98, 
	0x98, 0x98, 0x98, 0x98, 0x90, 0x90, 0x98, 0xa8, 
	0xb8, 0xc8, 0xc8, 0xb8, 0xb0, 0x98, 0x88, 0x78, 
	0x70, 0x70, 0x78, 0x88, 0x98, 0xa0, 0xa0, 0xa0, 
	0xa8, 0xa8, 0xb0, 0xa8, 0x98, 0x88, 0x88, 0x80, 
	0x78, 0x78, 0x78, 0x70, 0x68, 0x58, 0x58, 0x58, 
	0x60, 0x70, 0x88, 0x90, 0x88, 0x68, 0x50, 0x48, 
	0x40, 0x40, 0x48, 0x58, 0x60, 0x68, 0x68, 0x78, 
	0x78, 0x78, 0x78, 0x80, 0x88, 0x90, 0x98, 0x98, 
	0x98, 0x98, 0x98, 0x98, 0x90, 0x90, 0x98, 0xa8, 
	0xb8, 0xc8, 0xc8, 0xb8, 0xb0, 0x98, 0x88, 0x78, 
	0x70, 0x70, 0x78, 0x88, 0x98, 0xa0, 0xa0, 0xa0, 
	0xa8, 0xa8, 0xb0, 0xa8, 0x98, 0x88, 0x88, 0x80, 
	0x78, 0x78, 0x78, 0x70, 0x68, 0x58, 0x58, 0x58, 
	0x60, 0x70, 0x88, 0x90, 0x88, 0x68, 0x50, 0x48, 
	0x40, 0x40, 0x48, 0x58, 0x60, 0x68, 0x68, 0x78, 
	0x78, 0x78, 0x78, 0x80, 0x88, 0x90, 0x98, 0x98, 
	0x98, 0x98, 0x98, 0x98, 0x90, 0x90, 0x98, 0xa8, 
	0xb8, 0xc8, 0xc8, 0xb8, 0xb0, 0x98, 0x88, 0x78, 
	0x70, 0x70, 0x78, 0x88, 0x98, 0xa0, 0xa0, 0xa0, 
	0xa8, 0xa8, 0xb0, 0xa8, 0x98, 0x88, 0x88, 0x80, 
	0x78, 0x78, 0x78, 0x70, 0x68, 0x58, 0x58, 0x58, 
	0x60, 0x70, 0x88, 0x90, 0x88, 0x68, 0x50, 0x48, 
	0x40, 0x40, 0x48, 0x58, 0x60, 0x68, 0x68, 0x78, 
	0x78, 0x78, 0x78, 0x80, 0x88, 0x90, 0x98, 0x98, 
	0x98, 0x98, 0x98, 0x98, 0x90, 0x90, 0x98, 0xa8, 
	0xb8, 0xc8, 0xc8, 0xb8, 0xb0, 0x98, 0x88, 0x78, 
	0x70, 0x70, 0x78, 0x88, 0x98, 0xa0, 0xa0, 0xa0, 
	0xa8, 0xa8, 0xb0, 0xa8, 0x98, 0x88, 0x88, 0x80, 
	0x78, 0x78, 0x78, 0x70, 0x68, 0x58, 0x58, 0x58, 
	0x60, 0x70, 0x88, 0x90, 0x88, 0x68, 0x50, 0x48, 
	0x40, 0x40, 0x48, 0x58, 0x60, 0x68, 0x68, 0x78, 
	0x78, 0x78, 0x78, 0x80, 0x88, 0x90, 0x98, 0x98, 
	0x98, 0x98, 0x98, 0x98, 0x90, 0x90, 0x98, 0xa8, 
	0xb8, 0xc8, 0xc8, 0xb8, 0xb0, 0x98, 0x88, 0x78, 
	0x70, 0x70, 0x78, 0x88, 0x98, 0xa0, 0xa0, 0xa0, 
	0xa8, 0xa8, 0xb0, 0xa8, 0x98, 0x88, 0x88, 0x80, 
	0x78, 0x78, 0x78, 0x70, 0x68, 0x58, 0x58, 0x58, 
	0x60, 0x70, 0x88, 0x90, 0x88, 0x68, 0x50, 0x48, 
	0x40, 0x40, 0x48, 0x58, 0x60, 0x68, 0x68, 0x78, 
	0x78, 0x78, 0x78, 0x80, 0x88, 0x90, 0x98, 0x98, 
	0x98, 0x98, 0x98, 0x98, 0x90, 0x90, 0x98, 0xa8, 
	0xb8, 0xc8, 0xc8, 0xb8, 0xb0, 0x98, 0x88, 0x78, 
	0x70, 0x70, 0x78, 0x88, 0x98, 0xa0, 0xa0, 0xa0, 
	0xa8, 0xa8, 0xb0, 0xa8, 0x98, 0x88, 0x88, 0x80, 
	0x78, 0x78, 0x78, 0x70, 0x68, 0x58, 0x58, 0x58, 
	0x60, 0x70, 0x88, 0x90, 0x88, 0x68, 0x50, 0x48, 
	0x40, 0x40, 0x48, 0x58, 0x60, 0x68, 0x68, 0x78, 
	0x78, 0x78, 0x78, 0x80, 0x88, 0x90, 0x98, 0x98, 
	0x98, 0x98, 0x98, 0x98, 0x90, 0x90, 0x98, 0xa8, 
	0xb8, 0xc8, 0xc8, 0xb8, 0xb0, 0x98, 0x88, 0x78, 
	0x70, 0x70, 0x78, 0x88, 0x98, 0xa0, 0xa0, 0xa0, 
	0xa8, 0xa8, 0xb0, 0xa8, 0x98, 0x88, 0x88, 0x80, 
	0x78, 0x78, 0x78, 0x70, 0x68, 0x58, 0x58, 0x58, 
	0x60, 0x70, 0x88, 0x90, 0x88, 0x68, 0x50, 0x48, 
	0x40, 0x40, 0x48, 0x58, 0x60, 0x68, 0x68, 0x78, 
	0x78, 0x78, 0x78, 0x80, 0x88, 0x90, 0x98, 0x98, 
	0x98, 0x98, 0x98, 0x98, 0x90, 0x90, 0x98, 0xa8, 
	0xb8, 0xc8, 0xc8, 0xb8, 0xb0, 0x98, 0x88, 0x78, 
	0x70, 0x70, 0x78, 0x88, 0x98, 0xa0, 0xa0, 0xa0, 
	0xa8, 0xa8, 0xb0, 0xa8, 0x98, 0x88, 0x88, 0x80, 
	0x78, 0x78, 0x78, 0x70, 0x68, 0x58, 0x58, 0x58, 
	0x60, 0x70, 0x88, 0x90, 0x88, 0x68, 0x50, 0x48, 
	0x40, 0x40, 0x48, 0x58, 0x60, 0x68, 0x68, 0x78, 
	0x78, 0x78, 0x78, 0x80, 0x88, 0x90, 0x98, 0x98, 
	0x98, 0x98, 0x98, 0x98, 0x90, 0x90, 0x98, 0xa8, 
	0xb8, 0xc8, 0xc8, 0xb8, 0xb0, 0x98, 0x88, 0x78, 
	0x70, 0x70, 0x78, 0x88, 0x98, 0xa0, 0xa0, 0xa0, 
	0xa8, 0xa8, 0xb0, 0xa8, 0x98, 0x88, 0x88, 0x80, 
	0x78, 0x78, 0x78, 0x70, 0x68, 0x58, 0x58, 0x58, 
	0x60, 0x70, 0x88, 0x90, 0x88, 0x68, 0x50, 0x48, 
	0x40, 0x40, 0x48, 0x58, 0x60, 0x68, 0x68, 0x78, 
	0x78, 0x78, 0x78, 0x80, 0x88, 0x90, 0x98, 0x98, 
	0x98, 0x98, 0x98, 0x98, 0x90, 0x90, 0x98, 0xa8, 
	0xb8, 0xc8, 0xc8, 0xb8, 0xb0, 0x98, 0x88, 0x78, 
	0x70, 0x70, 0x78, 0x88, 0x98, 0xa0, 0xa0, 0xa0, 
	0xa8, 0xa8, 0xb0, 0xa8, 0x98, 0x88, 0x88, 0x80, 
	0x78, 0x78, 0x78, 0x70, 0x68, 0x58, 0x58, 0x58, 
	0x60, 0x70, 0x88, 0x90, 0x88, 0x68, 0x50, 0x48, 
	0x40, 0x40, 0x48, 0x58, 0x60, 0x68, 0x68, 0x78, 
	0x78, 0x78, 0x78, 0x80, 0x88, 0x90, 0x98, 0x98, 
	0x98, 0x98, 0x98, 0x98, 0x90, 0x90, 0x98, 0xa8, 
	0xb8, 0xc8, 0xc8, 0xb8, 0xb0, 0x98, 0x88, 0x78, 
	0x70, 0x70, 0x78, 0x88, 0x98, 0xa0, 0xa0, 0xa0, 
	0xa8, 0xa8, 0xb0, 0xa8, 0x98, 0x88, 0x88, 0x80, 
	0x78, 0x78, 0x78, 0x70, 0x68, 0x58, 0x58, 0x58, 
	0x60, 0x70, 0x88, 0x90, 0x88, 0x68, 0x50, 0x48, 
	0x40, 0x40, 0x48, 0x58, 0x60, 0x68, 0x68, 0x78, 
	0x78, 0x78, 0x78, 0x80, 0x88, 0x90, 0x98, 0x98, 
	0x98, 0x98, 0x98, 0x98, 0x90, 0x90, 0x98, 0xa8, 
	0xb8, 0xc8, 0xc8, 0xb8, 0xb0, 0x98, 0x88, 0x78, 
	0x70, 0x70, 0x78, 0x88, 0x98, 0xa0, 0xa0, 0xa0, 
	0xa8, 0xa8, 0xb0, 0xa8, 0x98, 0x88, 0x88, 0x80, 
	0x78, 0x78, 0x78, 0x70, 0x68, 0x58, 0x58, 0x58, 
	0x60, 0x70, 0x88, 0x90, 0x88, 0x68, 0x50, 0x48, 
	0x40, 0x40, 0x48, 0x58, 0x60, 0x68, 0x68, 0x78, 
	0x78, 0x78, 0x78, 0x80, 0x88, 0x90, 0x98, 0x98, 
	0x98, 0x98, 0x98, 0x98, 0x90, 0x90, 0x98, 0xa8, 
	0xb8, 0xc8, 0xc8, 0xb8, 0xb0, 0x98, 0x88, 0x78, 
	0x70, 0x70, 0x78, 0x88, 0x98, 0xa0, 0xa0, 0xa0, 
	0xa8, 0xa8, 0xb0, 0xa8, 0x98, 0x88, 0x88, 0x80, 
	0x78, 0x78, 0x78, 0x70, 0x68, 0x58, 0x58, 0x58, 
	0x60, 0x70, 0x88, 0x90, 0x88, 0x68, 0x50, 0x48, 
	0x40, 0x40, 0x48, 0x58, 0x60, 0x68, 0x68, 0x78, 
	0x78, 0x78, 0x78, 0x80, 0x88, 0x90, 0x98, 0x98, 
	0x98, 0x98, 0x98, 0x98, 0x90, 0x90, 0x98, 0xa8, 
	0xb8, 0xc8, 0xc8, 0xb8, 0xb0, 0x98, 0x88, 0x78, 
	0x70, 0x70, 0x78, 0x88, 0x98, 0xa0, 0xa0, 0xa8, 
	0xa8, 0xb0, 0xb0, 0xa8, 0xa0, 0x90, 0x88, 0x80, 
	0x78, 0x78, 0x78, 0x70, 0x68, 0x58, 0x58, 0x58, 
	0x60, 0x70, 0x88, 0x90, 0x88, 0x68, 0x50, 0x48, 
	0x40, 0x40, 0x48, 0x58, 0x60, 0x68, 0x68, 0x78, 
	0x78, 0x78, 0x78, 0x80, 0x88, 0x90, 0x98, 0x98, 
	0x98, 0x98, 0x98, 0x98, 0x90, 0x90, 0x98, 0xa8, 
	0xb8, 0xc8, 0xc8, 0xb8, 0xb0, 0x98, 0x88, 0x78, 
	0x70, 0x70, 0x78, 0x88, 0x98, 0xa0, 0xa0, 0xa8, 
	0xa8, 0xb0, 0xb0, 0xa8, 0xa0, 0x90, 0x88, 0x80, 
	0x78, 0x78, 0x78, 0x70, 0x68, 0x58, 0x58, 0x58, 
	0x60, 0x70, 0x88, 0x90, 0x88, 0x68, 0x50, 0x48, 
	0x40, 0x40, 0x48, 0x58, 0x60, 0x68, 0x68, 0x78, 
	0x78, 0x78, 0x78, 0x80, 0x88, 0x90, 0x98, 0x98, 
	0x98, 0x98, 0x98, 0x98, 0x90, 0x90, 0x98, 0xa8, 
	0xb8, 0xc8, 0xc8, 0xb8, 0xb0, 0x98, 0x88, 0x78, 
	0x70, 0x70, 0x78, 0x88, 0x98, 0xa0, 0xa0, 0xa8, 
	0xa8, 0xb0, 0xb0, 0xa8, 0xa0, 0x90, 0x88, 0x88, 
	0x78, 0x78, 0x78, 0x70, 0x68, 0x58, 0x58, 0x58, 
	0x60, 0x70, 0x88, 0x90, 0x88, 0x68, 0x50, 0x50, 
	0x40, 0x40, 0x48, 0x58, 0x60, 0x68, 0x68, 0x78, 
	0x78, 0x78, 0x78, 0x80, 0x88, 0x90, 0x98, 0x98, 
	0x98, 0x98, 0x98, 0x98, 0x90, 0x90, 0x98, 0xa8, 
	0xb8, 0xc8, 0xc8, 0xb8, 0xb0, 0x98, 0x88, 0x78, 
	0x70, 0x70, 0x78, 0x88, 0x98, 0xa0, 0xa0, 0xa8, 
	0xa8, 0xb0, 0xb0, 0xa8, 0xa0, 0x90, 0x88, 0x88, 
	0x78, 0x78, 0x78, 0x70, 0x68, 0x58, 0x58, 0x58, 
	0x60, 0x70, 0x88, 0x90, 0x88, 0x68, 0x50, 0x50, 
	
};

Gfx rmaze_trim_ci8_aligner[] = {gsSPEndDisplayList()};
u8 rmaze_trim_ci8[] = {
	0x00, 0x00, 0x00, 0x01, 0x01, 0x01, 0x01, 0x02, 
	0x02, 0x02, 0x03, 0x03, 0x03, 0x04, 0x05, 0x06, 
	0x06, 0x06, 0x06, 0x06, 0x06, 0x06, 0x06, 0x04, 
	0x04, 0x03, 0x03, 0x07, 0x03, 0x03, 0x03, 0x03, 
	0x08, 0x08, 0x09, 0x06, 0x06, 0x06, 0x06, 0x06, 
	0x06, 0x06, 0x06, 0x0a, 0x06, 0x06, 0x0b, 0x0c, 
	0x06, 0x0d, 0x08, 0x08, 0x08, 0x08, 0x08, 0x09, 
	0x08, 0x09, 0x09, 0x09, 0x08, 0x08, 0x0c, 0x06, 
	0x0e, 0x0e, 0x0e, 0x0e, 0x0e, 0x0e, 0x0e, 0x0e, 
	0x0e, 0x0f, 0x10, 0x11, 0x0e, 0x0e, 0x0e, 0x0e, 
	0x0e, 0x0e, 0x0e, 0x0e, 0x0e, 0x0e, 0x0e, 0x0e, 
	0x0e, 0x0e, 0x0e, 0x0e, 0x0e, 0x0e, 0x0e, 0x0e, 
	0x0e, 0x0e, 0x0e, 0x0e, 0x0e, 0x0e, 0x0e, 0x0e, 
	0x0e, 0x0e, 0x0e, 0x0e, 0x0e, 0x0e, 0x10, 0x00, 
	0x12, 0x0e, 0x0e, 0x0e, 0x0e, 0x0e, 0x0e, 0x13, 
	0x13, 0x13, 0x14, 0x14, 0x14, 0x13, 0x13, 0x13, 
	0x08, 0x14, 0x15, 0x08, 0x08, 0x08, 0x08, 0x08, 
	0x0b, 0x0a, 0x08, 0x06, 0x08, 0x0e, 0x06, 0x01, 
	0x16, 0x00, 0x17, 0x18, 0x14, 0x0b, 0x06, 0x06, 
	0x06, 0x06, 0x06, 0x03, 0x06, 0x06, 0x19, 0x19, 
	0x00, 0x00, 0x00, 0x00, 0x00, 0x00, 0x00, 0x00, 
	0x00, 0x1a, 0x1a, 0x1a, 0x02, 0x1b, 0x07, 0x06, 
	0x0a, 0x04, 0x0e, 0x07, 0x1a, 0x1a, 0x1a, 0x1a, 
	0x1a, 0x1a, 0x1a, 0x1a, 0x1a, 0x1a, 0x1a, 0x1a, 
	0x1c, 0x1c, 0x1c, 0x1c, 0x1c, 0x1c, 0x1c, 0x1c, 
	0x1c, 0x1c, 0x1d, 0x1d, 0x1e, 0x04, 0x0e, 0x1f, 
	0x00, 0x20, 0x15, 0x21, 0x22, 0x22, 0x1d, 0x1d, 
	0x1d, 0x1d, 0x1d, 0x1d, 0x23, 0x23, 0x1d, 0x24, 
	0x22, 0x22, 0x22, 0x22, 0x22, 0x22, 0x22, 0x22, 
	0x22, 0x25, 0x22, 0x26, 0x22, 0x27, 0x14, 0x06, 
	0x11, 0x0e, 0x28, 0x1c, 0x29, 0x2a, 0x22, 0x22, 
	0x22, 0x2a, 0x2a, 0x2a, 0x2a, 0x2a, 0x2a, 0x2a, 
	0x2b, 0x29, 0x29, 0x29, 0x29, 0x29, 0x29, 0x2a, 
	0x22, 0x1e, 0x1c, 0x26, 0x22, 0x2c, 0x03, 0x2d, 
	0x0b, 0x06, 0x06, 0x1c, 0x29, 0x22, 0x1c, 0x24, 
	0x2e, 0x29, 0x2f, 0x2f, 0x2f, 0x2f, 0x2f, 0x2f, 
	0x30, 0x31, 0x31, 0x31, 0x32, 0x2f, 0x2f, 0x2a, 
	0x1e, 0x06, 0x03, 0x33, 0x33, 0x34, 0x22, 0x31, 
	0x35, 0x29, 0x1c, 0x33, 0x1a, 0x02, 0x0b, 0x03, 
	0x22, 0x2f, 0x31, 0x36, 0x36, 0x36, 0x36, 0x36, 
	0x35, 0x35, 0x35, 0x35, 0x36, 0x36, 0x31, 0x29, 
	0x1a, 0x0e, 0x0e, 0x19, 0x27, 0x2a, 0x35, 0x37, 
	0x38, 0x39, 0x35, 0x22, 0x33, 0x2d, 0x0f, 0x3a, 
	0x21, 0x3b, 0x35, 0x35, 0x3c, 0x35, 0x35, 0x35, 
	0x35, 0x35, 0x35, 0x35, 0x35, 0x35, 0x35, 0x31, 
	0x1d, 0x06, 0x08, 0x00, 0x2a, 0x35, 0x3d, 0x35, 
	0x2a, 0x35, 0x38, 0x3e, 0x29, 0x1e, 0x3f, 0x03, 
	0x40, 0x3e, 0x41, 0x3e, 0x3e, 0x3e, 0x3e, 0x35, 
	0x35, 0x35, 0x35, 0x35, 0x35, 0x35, 0x35, 0x35, 
	0x3c, 0x42, 0x22, 0x29, 0x35, 0x35, 0x35, 0x43, 
	0x1e, 0x27, 0x31, 0x44, 0x45, 0x29, 0x43, 0x22, 
	0x2f, 0x3e, 0x3e, 0x3e, 0x35, 0x35, 0x35, 0x35, 
	0x36, 0x36, 0x36, 0x46, 0x46, 0x35, 0x35, 0x3e, 
	0x3e, 0x41, 0x35, 0x36, 0x31, 0x47, 0x1c, 0x33, 
	0x1a, 0x03, 0x33, 0x36, 0x44, 0x35, 0x31, 0x48, 
	0x49, 0x35, 0x35, 0x35, 0x36, 0x36, 0x31, 0x31, 
	0x2a, 0x29, 0x29, 0x29, 0x4a, 0x2f, 0x4b, 0x31, 
	0x31, 0x4c, 0x33, 0x0c, 0x0f, 0x4d, 0x0a, 0x4e, 
	0x1a, 0x08, 0x4f, 0x06, 0x03, 0x1e, 0x1c, 0x22, 
	0x29, 0x29, 0x29, 0x29, 0x50, 0x2a, 0x2a, 0x2a, 
	0x1c, 0x1c, 0x1d, 0x51, 0x22, 0x22, 0x22, 0x2a, 
	0x29, 0x2f, 0x52, 0x1d, 0x00, 0x4e, 0x27, 0x1a, 
	0x1a, 0x09, 0x0f, 0x3a, 0x04, 0x1a, 0x22, 0x29, 
	0x22, 0x1c, 0x1c, 0x1c, 0x1c, 0x1c, 0x53, 0x1c, 
	0x2c, 0x1a, 0x33, 0x1e, 0x1e, 0x54, 0x1e, 0x33, 
	0x1e, 0x22, 0x2f, 0x46, 0x31, 0x33, 0x00, 0x55, 
	0x56, 0x06, 0x03, 0x06, 0x1a, 0x57, 0x58, 0x29, 
	0x1c, 0x1a, 0x1a, 0x1a, 0x59, 0x33, 0x1a, 0x1a, 
	0x51, 0x1d, 0x1d, 0x1d, 0x1d, 0x1d, 0x1d, 0x1d, 
	0x22, 0x2a, 0x31, 0x5a, 0x36, 0x1e, 0x5b, 0x1e, 
	0x1c, 0x24, 0x59, 0x2c, 0x1a, 0x2f, 0x35, 0x31, 
	0x2a, 0x22, 0x22, 0x22, 0x25, 0x25, 0x51, 0x25, 
	0x2a, 0x57, 0x22, 0x22, 0x22, 0x22, 0x57, 0x2a, 
	0x29, 0x2f, 0x36, 0x3e, 0x22, 0x1e, 0x1c, 0x22, 
	0x2a, 0x22, 0x43, 0x5c, 0x5d, 0x22, 0x5e, 0x3e, 
	0x36, 0x2f, 0x29, 0x29, 0x2a, 0x2a, 0x2e, 0x2a, 
	0x22, 0x22, 0x22, 0x22, 0x22, 0x57, 0x2a, 0x5f, 
	0x29, 0x31, 0x35, 0x29, 0x1c, 0x1c, 0x22, 0x2a, 
	0x60, 0x61, 0x4a, 0x22, 0x33, 0x62, 0x2f, 0x5e, 
	0x36, 0x31, 0x29, 0x5f, 0x57, 0x22, 0x22, 0x22, 
	0x1a, 0x33, 0x63, 0x1e, 0x53, 0x1c, 0x40, 0x64, 
	0x65, 0x22, 0x2a, 0x1c, 0x1c, 0x22, 0x1d, 0x1c, 
	0x1e, 0x1c, 0x22, 0x50, 0x22, 0x33, 0x1c, 0x50, 
	0x22, 0x1d, 0x66, 0x33, 0x33, 0x1a, 0x67, 0x27, 
	0x09, 0x06, 0x06, 0x06, 0x06, 0x06, 0x03, 0x00, 
	0x00, 0x00, 0x00, 0x1a, 0x1a, 0x1a, 0x00, 0x00, 
	0x02, 0x00, 0x00, 0x00, 0x1a, 0x33, 0x33, 0x67, 
	0x06, 0x06, 0x06, 0x0d, 0x08, 0x08, 0x08, 0x08, 
	0x08, 0x08, 0x08, 0x08, 0x0d, 0x0b, 0x06, 0x06, 
	0x06, 0x06, 0x06, 0x06, 0x06, 0x06, 0x08, 0x08, 
	0x08, 0x08, 0x08, 0x08, 0x08, 0x08, 0x08, 0x08, 
	0x08, 0x08, 0x08, 0x08, 0x0e, 0x0e, 0x13, 0x08, 
	0x03, 0x03, 0x03, 0x03, 0x03, 0x06, 0x06, 0x06, 
	0x06, 0x06, 0x06, 0x06, 0x06, 0x06, 0x06, 0x08, 
	0x08, 0x08, 0x08, 0x08, 0x08, 0x08, 0x08, 0x08, 
	0x08, 0x06, 0x06, 0x06, 0x06, 0x06, 0x68, 0x03, 
	0x1e, 0x1e, 0x1e, 0x1e, 0x1e, 0x1e, 0x33, 0x33, 
	0x1a, 0x1a, 0x1a, 0x33, 0x33, 0x33, 0x1a, 0x1a, 
	0x69, 0x67, 0x00, 0x00, 0x00, 0x00, 0x00, 0x1a, 
	0x1a, 0x1a, 0x33, 0x62, 0x56, 0x62, 0x33, 0x1e, 
	0x29, 0x6a, 0x6a, 0x2a, 0x2a, 0x2a, 0x29, 0x2a, 
	0x2a, 0x6b, 0x22, 0x22, 0x22, 0x22, 0x22, 0x22, 
	0x22, 0x22, 0x22, 0x43, 0x22, 0x22, 0x22, 0x22, 
	0x57, 0x2a, 0x6c, 0x2a, 0x2a, 0x2a, 0x2a, 0x2a, 
	0x36, 0x36, 0x36, 0x36, 0x36, 0x36, 0x36, 0x31, 
	0x31, 0x31, 0x52, 0x2f, 0x4a, 0x29, 0x2f, 0x4c, 
	0x2f, 0x4a, 0x2f, 0x4a, 0x4a, 0x29, 0x2f, 0x2f, 
	0x32, 0x31, 0x31, 0x31, 0x32, 0x31, 0x31, 0x3b, 
	0x6d, 0x36, 0x36, 0x36, 0x36, 0x36, 0x36, 0x36, 
	0x36, 0x36, 0x36, 0x6e, 0x31, 0x31, 0x31, 0x31, 
	0x31, 0x31, 0x3b, 0x31, 0x31, 0x31, 0x31, 0x31, 
	0x31, 0x31, 0x31, 0x36, 0x36, 0x3b, 0x36, 0x6d, 
	0x35, 0x35, 0x35, 0x35, 0x6f, 0x6f, 0x70, 0x36, 
	0x36, 0x36, 0x36, 0x36, 0x36, 0x36, 0x36, 0x31, 
	0x31, 0x3b, 0x31, 0x42, 0x31, 0x31, 0x31, 0x31, 
	0x31, 0x31, 0x31, 0x36, 0x36, 0x36, 0x36, 0x35, 
	0x35, 0x35, 0x35, 0x35, 0x35, 0x35, 0x35, 0x35, 
	0x35, 0x35, 0x6d, 0x36, 0x36, 0x36, 0x36, 0x36, 
	0x36, 0x36, 0x36, 0x36, 0x36, 0x36, 0x36, 0x31, 
	0x36, 0x36, 0x36, 0x36, 0x36, 0x36, 0x46, 0x35, 
	0x3e, 0x3e, 0x3e, 0x3e, 0x3e, 0x3e, 0x71, 0x35, 
	0x3c, 0x35, 0x35, 0x36, 0x36, 0x36, 0x36, 0x36, 
	0x49, 0x49, 0x35, 0x49, 0x36, 0x36, 0x35, 0x36, 
	0x36, 0x36, 0x36, 0x36, 0x35, 0x35, 0x35, 0x35, 
	0x3e, 0x41, 0x44, 0x44, 0x44, 0x3e, 0x3e, 0x5a, 
	0x3e, 0x5a, 0x3c, 0x35, 0x35, 0x35, 0x49, 0x35, 
	0x72, 0x3e, 0x3e, 0x35, 0x35, 0x73, 0x35, 0x35, 
	0x5e, 0x6d, 0x70, 0x35, 0x35, 0x35, 0x3e, 0x3e, 
	
};

Gfx rmaze_trim_pal_rgba16_aligner[] = {gsSPEndDisplayList()};
u8 rmaze_trim_pal_rgba16[] = {
	0xc6, 0x31, 0xc6, 0x71, 0xce, 0x71, 0xce, 0x73, 
	0xce, 0xb3, 0xd6, 0xb3, 0xd6, 0xb5, 0xce, 0x75, 
	0xde, 0xf7, 0xd6, 0xf5, 0xd6, 0xf7, 0xd6, 0xb7, 
	0xde, 0xb5, 0xde, 0xb7, 0xe7, 0x39, 0xde, 0xf9, 
	0xee, 0xf9, 0xef, 0x37, 0xce, 0x31, 0xe7, 0x37, 
	0xe6, 0xf7, 0xe6, 0xf9, 0xb5, 0xaf, 0xdf, 0x3b, 
	0xdf, 0x39, 0xde, 0xf5, 0xbd, 0xef, 0xe6, 0xf5, 
	0xa5, 0x29, 0x9c, 0xe7, 0xad, 0x6b, 0xc6, 0x33, 
	0xe7, 0x35, 0xbd, 0xad, 0x94, 0xa5, 0x9d, 0x29, 
	0x9d, 0x27, 0x94, 0xe5, 0x8c, 0xa5, 0xbe, 0x31, 
	0xe6, 0xb5, 0x84, 0x21, 0x8c, 0x63, 0x83, 0xe1, 
	0xbe, 0x2f, 0xd6, 0x75, 0x8c, 0xa3, 0x7b, 0xdf, 
	0x6b, 0x9b, 0x73, 0x9d, 0x7b, 0x9d, 0xb5, 0xad, 
	0xbe, 0x33, 0x63, 0x19, 0x6b, 0x5b, 0x5a, 0x95, 
	0x52, 0x53, 0x4a, 0x53, 0xdf, 0x37, 0x6b, 0x5d, 
	0x5b, 0x19, 0x52, 0xd5, 0x5a, 0xd7, 0xce, 0x33, 
	0xa4, 0xe9, 0x52, 0xd7, 0x73, 0x5d, 0x94, 0xa7, 
	0x52, 0x95, 0x52, 0x97, 0x6b, 0x1b, 0x7b, 0xe1, 
	0x73, 0x9b, 0x6b, 0x19, 0x83, 0xdf, 0x7b, 0x9f, 
	0x7c, 0x1f, 0xd6, 0x79, 0xc6, 0x73, 0xd7, 0x35, 
	0x8c, 0x21, 0x94, 0xe7, 0x73, 0xdf, 0xa5, 0x2b, 
	0xa5, 0x69, 0xb5, 0xef, 0xb5, 0x6b, 0x94, 0x63, 
	0x7b, 0xdd, 0xb5, 0xed, 0x5a, 0xd5, 0xbd, 0xaf, 
	0xbd, 0xed, 0xc6, 0x2f, 0x63, 0x1b, 0x84, 0x23, 
	0x84, 0x61, 0x73, 0xdd, 0xb5, 0x6d, 0xad, 0x6d, 
	0x9c, 0xe5, 0x9c, 0xa5, 0xad, 0x69, 0xc5, 0xf1, 
	0xd6, 0x73, 0xbd, 0xf1, 0x8c, 0x61, 0x8c, 0x65, 
	0x8c, 0x23, 0x63, 0x5b, 0x73, 0x5b, 0x6b, 0x59, 
	0x63, 0x59, 0x5a, 0xd9, 0x62, 0xd7, 0x63, 0x17, 
	
};

Gfx rmaze_brick2_ci8_aligner[] = {gsSPEndDisplayList()};
u8 rmaze_brick2_ci8[] = {
	0x00, 0x01, 0x01, 0x02, 0x02, 0x02, 0x03, 0x03, 
	0x04, 0x02, 0x02, 0x04, 0x02, 0x02, 0x02, 0x02, 
	0x03, 0x04, 0x04, 0x04, 0x03, 0x01, 0x04, 0x04, 
	0x02, 0x03, 0x04, 0x03, 0x02, 0x03, 0x05, 0x06, 
	0x07, 0x03, 0x03, 0x08, 0x03, 0x03, 0x05, 0x03, 
	0x05, 0x03, 0x08, 0x04, 0x04, 0x03, 0x03, 0x03, 
	0x03, 0x03, 0x03, 0x03, 0x04, 0x03, 0x03, 0x05, 
	0x03, 0x05, 0x08, 0x03, 0x03, 0x08, 0x08, 0x01, 
	0x09, 0x08, 0x03, 0x03, 0x08, 0x03, 0x08, 0x05, 
	0x08, 0x05, 0x05, 0x03, 0x08, 0x04, 0x08, 0x08, 
	0x05, 0x08, 0x03, 0x03, 0x03, 0x03, 0x08, 0x03, 
	0x03, 0x08, 0x03, 0x08, 0x03, 0x08, 0x0a, 0x05, 
	0x07, 0x03, 0x03, 0x03, 0x03, 0x03, 0x03, 0x08, 
	0x03, 0x03, 0x05, 0x03, 0x03, 0x03, 0x08, 0x03, 
	0x03, 0x03, 0x08, 0x08, 0x05, 0x03, 0x03, 0x08, 
	0x03, 0x03, 0x08, 0x03, 0x03, 0x03, 0x08, 0x01, 
	0x0b, 0x03, 0x03, 0x02, 0x03, 0x08, 0x03, 0x08, 
	0x05, 0x03, 0x08, 0x03, 0x03, 0x08, 0x03, 0x03, 
	0x03, 0x05, 0x03, 0x03, 0x03, 0x05, 0x05, 0x04, 
	0x05, 0x05, 0x03, 0x03, 0x03, 0x03, 0x05, 0x05, 
	0x0b, 0x03, 0x03, 0x03, 0x03, 0x03, 0x08, 0x05, 
	0x03, 0x08, 0x03, 0x03, 0x08, 0x03, 0x03, 0x03, 
	0x03, 0x08, 0x03, 0x03, 0x03, 0x03, 0x08, 0x03, 
	0x03, 0x03, 0x08, 0x03, 0x08, 0x03, 0x03, 0x01, 
	0x09, 0x08, 0x03, 0x08, 0x08, 0x05, 0x05, 0x03, 
	0x05, 0x08, 0x03, 0x03, 0x05, 0x03, 0x05, 0x03, 
	0x03, 0x03, 0x08, 0x03, 0x03, 0x08, 0x03, 0x08, 
	0x05, 0x05, 0x03, 0x03, 0x05, 0x03, 0x08, 0x05, 
	0x0c, 0x0d, 0x00, 0x0d, 0x00, 0x0e, 0x0d, 0x00, 
	0x0e, 0x0e, 0x0e, 0x0d, 0x0d, 0x0e, 0x00, 0x00, 
	0x0e, 0x0d, 0x0e, 0x00, 0x00, 0x0d, 0x0e, 0x0e, 
	0x0e, 0x0e, 0x0e, 0x0d, 0x0e, 0x00, 0x0d, 0x0f, 
	0x10, 0x10, 0x10, 0x11, 0x10, 0x12, 0x11, 0x10, 
	0x11, 0x12, 0x12, 0x10, 0x10, 0x10, 0x10, 0x13, 
	0x14, 0x12, 0x10, 0x15, 0x11, 0x10, 0x12, 0x10, 
	0x10, 0x10, 0x11, 0x10, 0x11, 0x11, 0x10, 0x11, 
	0x10, 0x11, 0x11, 0x12, 0x16, 0x10, 0x17, 0x11, 
	0x17, 0x12, 0x16, 0x17, 0x10, 0x17, 0x17, 0x18, 
	0x19, 0x12, 0x16, 0x10, 0x11, 0x11, 0x11, 0x11, 
	0x12, 0x11, 0x10, 0x16, 0x12, 0x16, 0x12, 0x16, 
	0x16, 0x10, 0x11, 0x12, 0x12, 0x11, 0x16, 0x18, 
	0x17, 0x16, 0x16, 0x10, 0x11, 0x17, 0x10, 0x18, 
	0x1a, 0x11, 0x16, 0x1b, 0x1c, 0x16, 0x11, 0x17, 
	0x12, 0x11, 0x12, 0x12, 0x16, 0x12, 0x12, 0x12, 
	0x16, 0x10, 0x11, 0x1d, 0x10, 0x12, 0x11, 0x12, 
	0x10, 0x11, 0x12, 0x11, 0x10, 0x10, 0x16, 0x15, 
	0x1a, 0x16, 0x10, 0x10, 0x11, 0x12, 0x15, 0x16, 
	0x10, 0x11, 0x12, 0x10, 0x16, 0x12, 0x12, 0x16, 
	0x10, 0x17, 0x12, 0x1c, 0x1c, 0x10, 0x18, 0x12, 
	0x10, 0x16, 0x11, 0x16, 0x10, 0x12, 0x10, 0x15, 
	0x1a, 0x11, 0x12, 0x12, 0x11, 0x16, 0x11, 0x10, 
	0x10, 0x11, 0x16, 0x10, 0x16, 0x12, 0x10, 0x16, 
	0x16, 0x16, 0x12, 0x12, 0x12, 0x16, 0x12, 0x12, 
	0x16, 0x12, 0x11, 0x10, 0x12, 0x11, 0x12, 0x10, 
	0x19, 0x12, 0x10, 0x15, 0x16, 0x12, 0x11, 0x12, 
	0x11, 0x16, 0x10, 0x16, 0x12, 0x11, 0x16, 0x12, 
	0x12, 0x16, 0x11, 0x12, 0x10, 0x12, 0x12, 0x17, 
	0x12, 0x16, 0x11, 0x11, 0x12, 0x10, 0x12, 0x10, 
	0x19, 0x15, 0x10, 0x1e, 0x16, 0x10, 0x10, 0x11, 
	0x11, 0x10, 0x10, 0x12, 0x12, 0x10, 0x10, 0x17, 
	0x19, 0x19, 0x19, 0x1a, 0x1f, 0x1a, 0x1a, 0x1f, 
	0x1a, 0x1a, 0x1a, 0x1f, 0x1f, 0x20, 0x1a, 0x21, 
	0x0b, 0x1a, 0x1a, 0x1a, 0x1a, 0x1a, 0x1a, 0x1a, 
	0x22, 0x1f, 0x1f, 0x1a, 0x1a, 0x19, 0x1f, 0x19, 
	0x00, 0x03, 0x02, 0x01, 0x03, 0x01, 0x02, 0x01, 
	0x01, 0x03, 0x05, 0x05, 0x03, 0x03, 0x01, 0x03, 
	0x01, 0x03, 0x03, 0x01, 0x01, 0x01, 0x23, 0x23, 
	0x01, 0x23, 0x23, 0x01, 0x01, 0x01, 0x01, 0x01, 
	0x07, 0x23, 0x08, 0x02, 0x02, 0x05, 0x23, 0x02, 
	0x02, 0x05, 0x08, 0x03, 0x23, 0x02, 0x03, 0x02, 
	0x03, 0x03, 0x03, 0x04, 0x05, 0x02, 0x03, 0x02, 
	0x02, 0x23, 0x02, 0x05, 0x08, 0x05, 0x08, 0x01, 
	0x07, 0x03, 0x03, 0x03, 0x05, 0x02, 0x05, 0x02, 
	0x05, 0x05, 0x02, 0x03, 0x03, 0x08, 0x08, 0x02, 
	0x05, 0x05, 0x23, 0x23, 0x03, 0x23, 0x24, 0x02, 
	0x03, 0x02, 0x23, 0x05, 0x03, 0x05, 0x05, 0x05, 
	0x25, 0x03, 0x03, 0x05, 0x08, 0x08, 0x02, 0x03, 
	0x02, 0x02, 0x08, 0x02, 0x03, 0x23, 0x03, 0x23, 
	0x03, 0x02, 0x04, 0x03, 0x05, 0x23, 0x05, 0x03, 
	0x03, 0x03, 0x23, 0x03, 0x02, 0x23, 0x05, 0x01, 
	0x0b, 0x05, 0x02, 0x02, 0x23, 0x02, 0x08, 0x05, 
	0x05, 0x02, 0x23, 0x03, 0x05, 0x05, 0x02, 0x02, 
	0x02, 0x02, 0x23, 0x05, 0x02, 0x03, 0x02, 0x23, 
	0x23, 0x05, 0x05, 0x03, 0x23, 0x23, 0x23, 0x01, 
	0x0b, 0x23, 0x02, 0x02, 0x05, 0x02, 0x23, 0x02, 
	0x02, 0x03, 0x02, 0x05, 0x05, 0x02, 0x05, 0x23, 
	0x02, 0x05, 0x05, 0x08, 0x08, 0x23, 0x05, 0x02, 
	0x23, 0x23, 0x23, 0x05, 0x05, 0x05, 0x0a, 0x01, 
	0x07, 0x02, 0x03, 0x05, 0x05, 0x05, 0x04, 0x02, 
	0x02, 0x02, 0x04, 0x08, 0x23, 0x02, 0x02, 0x02, 
	0x03, 0x08, 0x02, 0x23, 0x02, 0x04, 0x03, 0x02, 
	0x05, 0x23, 0x02, 0x02, 0x05, 0x02, 0x05, 0x01, 
	0x0c, 0x0d, 0x0d, 0x0f, 0x0f, 0x0f, 0x00, 0x0f, 
	0x0d, 0x00, 0x0d, 0x0d, 0x00, 0x00, 0x0f, 0x0d, 
	0x0e, 0x00, 0x0d, 0x00, 0x0f, 0x0d, 0x0d, 0x00, 
	0x0d, 0x00, 0x0d, 0x00, 0x00, 0x0d, 0x0f, 0x26, 
	0x18, 0x15, 0x13, 0x13, 0x11, 0x11, 0x10, 0x15, 
	0x11, 0x11, 0x15, 0x10, 0x10, 0x15, 0x11, 0x13, 
	0x19, 0x15, 0x15, 0x27, 0x11, 0x27, 0x15, 0x11, 
	0x10, 0x13, 0x11, 0x15, 0x11, 0x27, 0x11, 0x11, 
	0x11, 0x18, 0x11, 0x10, 0x12, 0x10, 0x11, 0x11, 
	0x12, 0x11, 0x11, 0x11, 0x11, 0x10, 0x15, 0x11, 
	0x0e, 0x10, 0x15, 0x11, 0x11, 0x11, 0x11, 0x11, 
	0x10, 0x10, 0x10, 0x10, 0x11, 0x10, 0x10, 0x12, 
	0x10, 0x10, 0x15, 0x11, 0x15, 0x10, 0x10, 0x10, 
	0x11, 0x10, 0x11, 0x15, 0x12, 0x10, 0x15, 0x15, 
	0x1a, 0x15, 0x11, 0x11, 0x10, 0x11, 0x10, 0x10, 
	0x12, 0x10, 0x12, 0x11, 0x11, 0x10, 0x10, 0x12, 
	0x15, 0x10, 0x10, 0x10, 0x11, 0x12, 0x11, 0x10, 
	0x10, 0x10, 0x11, 0x11, 0x11, 0x10, 0x10, 0x10, 
	0x1a, 0x12, 0x12, 0x12, 0x10, 0x11, 0x11, 0x11, 
	0x10, 0x11, 0x11, 0x12, 0x11, 0x12, 0x15, 0x12, 
	0x11, 0x10, 0x11, 0x10, 0x10, 0x10, 0x10, 0x10, 
	0x10, 0x10, 0x10, 0x12, 0x11, 0x10, 0x11, 0x11, 
	0x1a, 0x10, 0x11, 0x10, 0x10, 0x12, 0x10, 0x10, 
	0x10, 0x12, 0x10, 0x10, 0x10, 0x15, 0x15, 0x15, 
	0x15, 0x10, 0x10, 0x10, 0x12, 0x12, 0x15, 0x10, 
	0x11, 0x11, 0x11, 0x11, 0x10, 0x11, 0x10, 0x16, 
	0x1a, 0x11, 0x11, 0x11, 0x12, 0x11, 0x11, 0x15, 
	0x10, 0x12, 0x11, 0x10, 0x10, 0x11, 0x10, 0x11, 
	0x12, 0x10, 0x10, 0x10, 0x12, 0x12, 0x10, 0x15, 
	0x10, 0x10, 0x11, 0x11, 0x16, 0x10, 0x10, 0x16, 
	0x22, 0x11, 0x11, 0x10, 0x12, 0x15, 0x11, 0x10, 
	0x12, 0x15, 0x11, 0x10, 0x15, 0x12, 0x15, 0x11, 
	0x1a, 0x1a, 0x1a, 0x1a, 0x1a, 0x1a, 0x1a, 0x1a, 
	0x1a, 0x1f, 0x1a, 0x1f, 0x1f, 0x1f, 0x1f, 0x28, 
	0x09, 0x1a, 0x1f, 0x1a, 0x1a, 0x1a, 0x1f, 0x1a, 
	0x1f, 0x1a, 0x1a, 0x1a, 0x1a, 0x1a, 0x1a, 0x1a, 
	
};

Gfx rmaze_brick2_pal_rgba16_aligner[] = {gsSPEndDisplayList()};
u8 rmaze_brick2_pal_rgba16[] = {
	0x31, 0x01, 0x59, 0xc3, 0x59, 0xc1, 0x61, 0xc3, 
	0x62, 0x03, 0x62, 0x05, 0x51, 0xc5, 0x28, 0xc1, 
	0x59, 0xc5, 0x29, 0x03, 0x5a, 0x03, 0x28, 0xc3, 
	0x20, 0x81, 0x39, 0x03, 0x39, 0x43, 0x39, 0x01, 
	0x72, 0x89, 0x7a, 0xc9, 0x72, 0xcb, 0x6a, 0x89, 
	0x49, 0x85, 0x72, 0xc9, 0x7a, 0xcb, 0x72, 0x87, 
	0x7b, 0x0b, 0x39, 0x45, 0x41, 0x85, 0x83, 0x0b, 
	0x83, 0x0d, 0x7b, 0x0d, 0x6a, 0x47, 0x41, 0x87, 
	0x39, 0x85, 0x49, 0xc5, 0x41, 0x45, 0x51, 0xc3, 
	0x6a, 0x05, 0x31, 0x03, 0x41, 0x43, 0x6a, 0x49, 
	0x49, 0xc7, 
};

Gfx rmaze_Tinfoil_i8_aligner[] = {gsSPEndDisplayList()};
u8 rmaze_Tinfoil_i8[] = {
	0x5f, 0x55, 0x79, 0x82, 0x68, 0x64, 0x80, 0xed, 
	0xf1, 0xe7, 0xee, 0xfd, 0xfc, 0xf4, 0x99, 0x83, 
	0x99, 0x88, 0xe9, 0xf0, 0xe2, 0x86, 0x96, 0xd1, 
	0xd7, 0xa4, 0xe6, 0x97, 0xe7, 0xee, 0xe6, 0xef, 
	0xf2, 0xf1, 0x99, 0x83, 0x99, 0x87, 0xe4, 0xda, 
	0xc1, 0xe2, 0x9d, 0x96, 0x91, 0xc4, 0xd5, 0xc6, 
	0xde, 0xdd, 0xcb, 0xc5, 0xf7, 0x75, 0x7d, 0x89, 
	0x75, 0x77, 0x77, 0x77, 0x6c, 0x79, 0x7c, 0x7c, 
	0x78, 0x79, 0x74, 0x96, 0x6e, 0x6f, 0x6a, 0x88, 
	0xd4, 0xee, 0xf9, 0xf1, 0x90, 0x7a, 0x7e, 0x7e, 
	0x93, 0xe5, 0xd7, 0xe4, 0xdd, 0x9b, 0x74, 0xc8, 
	0x7f, 0xf3, 0xe3, 0xdc, 0x94, 0xc9, 0xf2, 0xe4, 
	0x93, 0x7c, 0x7e, 0x7e, 0x93, 0xe4, 0xd2, 0xd1, 
	0xbd, 0x84, 0x9c, 0x9c, 0x8b, 0xf1, 0xc5, 0xf6, 
	0xf8, 0xb8, 0xf6, 0xca, 0xf8, 0xec, 0x8f, 0xf0, 
	0xd1, 0xca, 0x9c, 0x7f, 0xa7, 0xbb, 0x76, 0x8c, 
	0x72, 0xd2, 0x89, 0x8d, 0xa7, 0x79, 0x69, 0x69, 
	0x86, 0xd5, 0xdd, 0xbb, 0x96, 0x8a, 0x78, 0x7b, 
	0x90, 0xf5, 0xf9, 0xef, 0x75, 0x77, 0x98, 0xa5, 
	0x7c, 0x68, 0xbb, 0x92, 0x70, 0x6f, 0x89, 0xc7, 
	0xa1, 0x8d, 0x78, 0x7b, 0x90, 0xf4, 0xf3, 0xda, 
	0x69, 0x8c, 0x87, 0x98, 0xd6, 0x9c, 0xdc, 0xee, 
	0xee, 0xfc, 0xec, 0xc2, 0xf3, 0xf8, 0xde, 0xe8, 
	0xd7, 0xdf, 0xf9, 0x8b, 0xf1, 0xe3, 0xc4, 0x6b, 
	0x89, 0x9a, 0x9b, 0x79, 0x83, 0x99, 0x8f, 0x7e, 
	0x68, 0x6d, 0x93, 0x7d, 0x8d, 0x9d, 0x97, 0x77, 
	0xc4, 0xf3, 0xf0, 0xad, 0x68, 0x60, 0x5b, 0x5a, 
	0x67, 0x80, 0x91, 0xea, 0xf2, 0x82, 0x82, 0x7f, 
	0x8a, 0x9a, 0x96, 0x77, 0xc4, 0xf1, 0xe9, 0xac, 
	0x91, 0xe1, 0x9c, 0xe6, 0xf3, 0xf4, 0xe1, 0xf5, 
	0xee, 0xe2, 0xb5, 0xa2, 0xf7, 0xed, 0xd4, 0xc7, 
	0xd8, 0xf6, 0xeb, 0x89, 0xfa, 0xe6, 0xea, 0xda, 
	0x9b, 0x80, 0x70, 0x7e, 0x96, 0x74, 0x59, 0x55, 
	0x59, 0x8c, 0x75, 0x76, 0x89, 0xa4, 0xb2, 0xec, 
	0xf2, 0xee, 0xdc, 0x8a, 0x73, 0x78, 0x6b, 0x5f, 
	0x80, 0x7d, 0x62, 0x95, 0xe7, 0xe2, 0x80, 0x74, 
	0x93, 0xa6, 0xb2, 0xec, 0xf2, 0xed, 0xd7, 0x8b, 
	0x6e, 0x62, 0x7b, 0x7c, 0x50, 0x98, 0x7d, 0xf6, 
	0xf9, 0xbc, 0xa4, 0xb8, 0x90, 0x93, 0xf7, 0xd9, 
	0xd7, 0xee, 0xfb, 0xae, 0x94, 0xf0, 0xf4, 0xed, 
	0x86, 0x65, 0xad, 0x79, 0x9d, 0x63, 0x5e, 0x68, 
	0x99, 0x88, 0x7f, 0x86, 0x82, 0xc6, 0xd7, 0x9d, 
	0xe9, 0xec, 0x91, 0x88, 0x86, 0x91, 0x5a, 0x7e, 
	0x7c, 0x91, 0xd9, 0xd9, 0xf2, 0xeb, 0xdf, 0x98, 
	0x92, 0xc7, 0xd6, 0x9d, 0xe9, 0xeb, 0x93, 0x84, 
	0x8e, 0x7f, 0x57, 0x6e, 0x48, 0xa1, 0x7d, 0x63, 
	0x61, 0x54, 0x74, 0x85, 0xd7, 0xf8, 0xfb, 0xdd, 
	0xf3, 0xf9, 0xeb, 0xfb, 0xa4, 0x91, 0x7d, 0x9e, 
	0x87, 0xa0, 0x86, 0x8c, 0x8e, 0x98, 0x88, 0x8f, 
	0x7b, 0x8a, 0x87, 0x8f, 0xf2, 0xd9, 0xf4, 0xf2, 
	0xef, 0x99, 0x94, 0x65, 0x75, 0x85, 0x81, 0x7b, 
	0x70, 0x78, 0x85, 0xa0, 0xe2, 0xf6, 0x97, 0x9a, 
	0xe9, 0xd6, 0xf3, 0xf2, 0xef, 0x99, 0x93, 0x64, 
	0x71, 0x8a, 0xa5, 0x75, 0xf0, 0x80, 0x6a, 0x6a, 
	0x99, 0x7a, 0x94, 0x77, 0x6f, 0x72, 0x71, 0x68, 
	0x6c, 0x79, 0x6f, 0xa8, 0xfa, 0x97, 0x8c, 0x9c, 
	0x88, 0x89, 0x60, 0x7c, 0x82, 0x8e, 0x8c, 0x82, 
	0x96, 0x95, 0x7b, 0x4c, 0x7c, 0xac, 0xde, 0x91, 
	0xd8, 0x9c, 0x76, 0x96, 0x83, 0x53, 0x80, 0x6d, 
	0x60, 0x87, 0x64, 0x67, 0x9f, 0x9d, 0x98, 0x79, 
	0x87, 0xab, 0xdc, 0x91, 0xd8, 0x9b, 0x76, 0x96, 
	0x8c, 0x8c, 0xde, 0xf8, 0xb9, 0x88, 0x6f, 0x68, 
	0x63, 0x7c, 0x9f, 0xe8, 0x7d, 0x78, 0x94, 0xa7, 
	0x7f, 0xb6, 0x70, 0x71, 0x73, 0x83, 0x85, 0x86, 
	0x69, 0x75, 0x77, 0x92, 0x8f, 0x8b, 0x8d, 0x91, 
	0x9e, 0x8e, 0x73, 0x8a, 0xef, 0xf6, 0xb9, 0x6f, 
	0x83, 0xc9, 0xd3, 0xf4, 0x7f, 0x94, 0x8f, 0xa2, 
	0x9c, 0x65, 0x92, 0x64, 0x76, 0x84, 0x9c, 0xa3, 
	0xe1, 0xf0, 0xb8, 0x6f, 0x83, 0xc8, 0xd0, 0xe0, 
	0x9a, 0xeb, 0xf9, 0xfb, 0x81, 0x88, 0x77, 0x85, 
	0x78, 0x68, 0x93, 0x7f, 0x75, 0x71, 0x74, 0x70, 
	0x8f, 0x8a, 0x8f, 0x9d, 0x8c, 0x7e, 0x94, 0x81, 
	0x6c, 0x7c, 0x7c, 0x74, 0x76, 0x72, 0x67, 0x55, 
	0x6e, 0x83, 0x95, 0xfa, 0xed, 0xde, 0xb1, 0xf5, 
	0xe6, 0x8b, 0xcf, 0x83, 0x88, 0x76, 0xc3, 0x82, 
	0x9b, 0xa0, 0x8b, 0x77, 0x81, 0x7a, 0x76, 0xbc, 
	0xea, 0xd6, 0xaf, 0xf5, 0xe6, 0x8b, 0xd1, 0x93, 
	0xb3, 0xe3, 0xf4, 0xd7, 0x93, 0x87, 0xd1, 0xe3, 
	0xf8, 0xf4, 0x9f, 0xa3, 0x72, 0x72, 0x75, 0x7d, 
	0xcb, 0x65, 0x50, 0xa6, 0x96, 0x8e, 0x7a, 0x74, 
	0x7b, 0x78, 0x76, 0x78, 0x79, 0x6a, 0x71, 0x6f, 
	0xad, 0xfb, 0xfe, 0xf9, 0xbb, 0xa5, 0x67, 0xc5, 
	0xef, 0xcb, 0x7b, 0x6d, 0x87, 0x74, 0x7d, 0x71, 
	0x72, 0x8c, 0x70, 0x88, 0x8f, 0x7b, 0x7d, 0xee, 
	0xc0, 0xa1, 0x67, 0xc4, 0xef, 0xcb, 0x80, 0x83, 
	0xb8, 0xd7, 0xf9, 0x8a, 0x8b, 0xe1, 0xe7, 0xa2, 
	0x96, 0x80, 0xa7, 0xe9, 0xbf, 0x75, 0x89, 0x9f, 
	0x87, 0x7c, 0xa5, 0x8b, 0x80, 0x74, 0x72, 0x74, 
	0x7b, 0x7b, 0x7d, 0x6c, 0x76, 0x70, 0xa9, 0xed, 
	0xfd, 0xfb, 0xf9, 0xec, 0xc7, 0x6f, 0x98, 0x7d, 
	0xc7, 0xf2, 0x7f, 0x8e, 0x96, 0x83, 0x70, 0xc3, 
	0x6a, 0x83, 0x7c, 0x71, 0x7e, 0x8a, 0xee, 0xf5, 
	0xd1, 0x76, 0x96, 0x7c, 0xc7, 0xf2, 0x88, 0xa2, 
	0xc4, 0xd1, 0x65, 0x6c, 0x7b, 0x7e, 0x80, 0x65, 
	0x62, 0x6e, 0x91, 0x98, 0xbf, 0x98, 0x98, 0x9e, 
	0x71, 0x7e, 0x7e, 0x7f, 0x81, 0x86, 0x8a, 0x8f, 
	0x8f, 0x7f, 0x6e, 0x72, 0x99, 0xf9, 0xec, 0xee, 
	0xfb, 0xf7, 0xf4, 0x9b, 0x7b, 0x9c, 0x96, 0x69, 
	0x65, 0xb1, 0xfc, 0x8a, 0xd0, 0xc6, 0xb2, 0x96, 
	0x90, 0x83, 0x81, 0x93, 0xb2, 0xa6, 0xed, 0xd4, 
	0xa0, 0xaf, 0x97, 0x6a, 0x66, 0xb3, 0xf5, 0x93, 
	0xb7, 0x73, 0x63, 0xae, 0x70, 0x6c, 0x84, 0x57, 
	0x7c, 0x6b, 0xf7, 0x83, 0x7d, 0xa3, 0xbc, 0x90, 
	0xc7, 0xf2, 0xd9, 0x8e, 0x8a, 0x84, 0x95, 0x89, 
	0x7a, 0x7f, 0xe5, 0xe6, 0xef, 0xf1, 0xf5, 0xf8, 
	0xf3, 0xf5, 0xa7, 0x72, 0x88, 0x6e, 0x69, 0x68, 
	0x87, 0x88, 0xa8, 0xee, 0xf8, 0xec, 0xeb, 0xef, 
	0xad, 0x72, 0x86, 0x78, 0x73, 0x6a, 0x99, 0xa0, 
	0xa3, 0x85, 0x79, 0x69, 0x87, 0x88, 0xa0, 0xcc, 
	0xba, 0x71, 0x58, 0xdb, 0x90, 0xc8, 0xe0, 0x7f, 
	0x77, 0x7d, 0xe0, 0xe9, 0xf1, 0xe6, 0xea, 0xf6, 
	0xe8, 0x9e, 0xf8, 0xf6, 0xc9, 0x88, 0x87, 0x86, 
	0xa1, 0xf6, 0xfa, 0xf6, 0xf1, 0xf9, 0xf8, 0xf7, 
	0xfa, 0x87, 0x67, 0x96, 0x6d, 0x5e, 0x5f, 0x6c, 
	0x5d, 0xbe, 0xb5, 0xfb, 0xe4, 0xef, 0xfd, 0xf3, 
	0x95, 0xa7, 0x82, 0x8b, 0x70, 0x69, 0x84, 0x78, 
	0x9d, 0x85, 0x70, 0x6d, 0x5d, 0xbb, 0xb6, 0xdf, 
	0xa8, 0x7b, 0x66, 0x65, 0xd4, 0x6c, 0x77, 0xc8, 
	0x94, 0x7e, 0x82, 0xf7, 0xe6, 0xde, 0x94, 0xf7, 
	0xf7, 0xf7, 0xf5, 0xf6, 0xf7, 0xf8, 0xf7, 0xaf, 
	0xe6, 0x9a, 0xc1, 0xcb, 0xc2, 0xc9, 0xbe, 0xbb, 
	0x6d, 0x68, 0x92, 0x79, 0x6d, 0x7c, 0x71, 0x69, 
	0x7a, 0x9a, 0xce, 0xb5, 0x8b, 0x8e, 0x7d, 0x70, 
	0x82, 0xb2, 0x92, 0xa1, 0x98, 0x76, 0x82, 0xd3, 
	0xa1, 0x97, 0x83, 0x6c, 0x7a, 0x98, 0xc0, 0x9d, 
	0x7a, 0x7a, 0x64, 0x8d, 0xa3, 0xa7, 0xb4, 0xdf, 
	0xe4, 0x8f, 0x79, 0x69, 0x73, 0x8b, 0x95, 0x8f, 
	0xa8, 0xf4, 0xf4, 0xf3, 0xfa, 0xf5, 0xf6, 0xf5, 
	0xcb, 0x98, 0x84, 0x96, 0xae, 0x8f, 0x6e, 0x58, 
	0x66, 0x8d, 0x76, 0x77, 0x89, 0x9c, 0xa5, 0xcd, 
	0xc1, 0xbc, 0xe1, 0x7d, 0x77, 0x84, 0x7d, 0x74, 
	0x84, 0x75, 0x9c, 0x95, 0xb6, 0xbe, 0x67, 0x70, 
	0x9e, 0xa3, 0xab, 0xcd, 0xc0, 0xba, 0xd4, 0x7a, 
	0x70, 0x66, 0x7e, 0x70, 0x9b, 0xaa, 0xb7, 0xf1, 
	0xf9, 0xde, 0xca, 0xde, 0x7e, 0x85, 0xa7, 0xa7, 
	0xaf, 0xae, 0xd0, 0xcc, 0xd3, 0xf3, 0xeb, 0xf2, 
	0xa7, 0x99, 0xa7, 0x86, 0x9f, 0x67, 0x5e, 0x6a, 
	0x97, 0x85, 0x7f, 0x85, 0x81, 0xc0, 0xcf, 0x98, 
	0xd2, 0xd5, 0x8a, 0x87, 0x87, 0x8a, 0x68, 0x83, 
	0x79, 0x84, 0xc5, 0xd5, 0xcc, 0xc0, 0xc1, 0xa3, 
	0xa5, 0xbe, 0xcb, 0x9a, 0xcf, 0xcf, 0x8e, 0x82, 
	0x87, 0x83, 0x5f, 0x80, 0x7f, 0x9c, 0x76, 0x6b, 
	0x90, 0x87, 0x9b, 0x9a, 0xd0, 0xcc, 0xcb, 0xb7, 
	0xc4, 0xcd, 0xc3, 0xcf, 0xa6, 0xb4, 0xaa, 0xbd, 
	0x9a, 0xb2, 0x91, 0x8c, 0x8e, 0x97, 0x87, 0x8e, 
	0x7a, 0x89, 0x87, 0x8e, 0xef, 0xd6, 0xf1, 0xee, 
	0xe4, 0x93, 0x92, 0x69, 0x73, 0x86, 0x81, 0x7a, 
	0x72, 0x75, 0x80, 0xa3, 0xd6, 0xf4, 0x99, 0xa5, 
	0xc8, 0xc1, 0xe0, 0xe7, 0xe2, 0x95, 0x91, 0x67, 
	0x71, 0x8b, 0xb1, 0x8b, 0xdb, 0x7e, 0x73, 0x77, 
	0xa6, 0x8b, 0xa6, 0x8c, 0x87, 0x8b, 0x87, 0x81, 
	0x85, 0x8b, 0x6f, 0x9d, 0xdb, 0x8b, 0x86, 0xaf, 
	0x8a, 0x8e, 0x64, 0x7d, 0x82, 0x8e, 0x8c, 0x82, 
	0x96, 0x95, 0x7b, 0x4c, 0x7c, 0xac, 0xde, 0x90, 
	0xd6, 0x9c, 0x77, 0x95, 0x82, 0x54, 0x80, 0x70, 
	0x63, 0x85, 0x64, 0x6a, 0xa1, 0x9b, 0xa0, 0xa3, 
	0xa0, 0xa5, 0xcc, 0x8e, 0xd4, 0x9b, 0x77, 0x95, 
	0x8b, 0x84, 0xd6, 0xec, 0xb4, 0x84, 0x6d, 0x69, 
	0x65, 0x7f, 0x9c, 0xdd, 0x7c, 0x77, 0x94, 0xa1, 
	0x7e, 0xaf, 0x6e, 0x70, 0x72, 0x7f, 0x81, 0x85, 
	0x69, 0x75, 0x77, 0x92, 0x8f, 0x8b, 0x8d, 0x91, 
	0x9e, 0x8e, 0x73, 0x8a, 0xef, 0xf6, 0xb9, 0x6f, 
	0x83, 0xc8, 0xd1, 0xf3, 0x7e, 0x93, 0x8e, 0xa1, 
	0x9c, 0x66, 0x91, 0x64, 0x78, 0x84, 0x9d, 0xb8, 
	0xc4, 0xd6, 0xaf, 0x6f, 0x82, 0xc5, 0xcb, 0xd2, 
	0x9c, 0xd9, 0xf6, 0xf6, 0x80, 0x87, 0x76, 0x84, 
	0x77, 0x68, 0x94, 0x81, 0x75, 0x74, 0x75, 0x72, 
	0x91, 0x89, 0x8e, 0x9c, 0x8a, 0x7d, 0x93, 0x80, 
	0x6c, 0x7b, 0x82, 0x77, 0x76, 0x72, 0x67, 0x55, 
	0x6d, 0x83, 0x95, 0xfa, 0xed, 0xde, 0xb1, 0xf5, 
	0xe4, 0x8a, 0xc9, 0x81, 0x86, 0x76, 0xbe, 0x81, 
	0x9b, 0xa0, 0x88, 0x74, 0x82, 0x7c, 0x7a, 0x90, 
	0xe5, 0xbe, 0xa6, 0xec, 0xe3, 0x8b, 0xcd, 0x98, 
	0xb1, 0xcb, 0xed, 0xd1, 0x93, 0x88, 0xcd, 0xde, 
	0xf0, 0xee, 0x9d, 0xa6, 0x76, 0x78, 0x77, 0x82, 
	0xc9, 0x65, 0x53, 0xa4, 0x96, 0x8d, 0x79, 0x74, 
	0x7d, 0x7b, 0x81, 0x78, 0x7d, 0x6a, 0x70, 0x6e, 
	0xaa, 0xf8, 0xfb, 0xf5, 0xba, 0xa4, 0x6a, 0xc6, 
	0xef, 0xcf, 0x8a, 0x80, 0x9a, 0x87, 0x8f, 0x86, 
	0x82, 0x9b, 0x81, 0x91, 0x90, 0x82, 0x85, 0xe5, 
	0xc7, 0x9d, 0x6e, 0xbe, 0xee, 0xd1, 0x92, 0x97, 
	0xbc, 0xc3, 0xeb, 0x8c, 0x8d, 0xd7, 0xdc, 0xa2, 
	0x98, 0x83, 0xa5, 0xd9, 0xb8, 0x76, 0x92, 0xa8, 
	0x8c, 0x7e, 0x9f, 0x8c, 0x83, 0x75, 0x74, 0x77, 
	0x89, 0x8e, 0x80, 0x70, 0x7a, 0x71, 0xa5, 0xdf, 
	0xef, 0xea, 0xf0, 0xe5, 0xc6, 0x75, 0x9c, 0x8c, 
	0xd0, 0xf3, 0x9a, 0xa9, 0xb4, 0x9f, 0x97, 0xd2, 
	0x8d, 0xa6, 0xa0, 0x88, 0x7d, 0x87, 0xdb, 0xd8, 
	0xcd, 0x8b, 0x9c, 0x8c, 0xd0, 0xf2, 0xa4, 0xb9, 
	0xcf, 0xbb, 0x67, 0x6c, 0x78, 0x78, 0x79, 0x65, 
	0x6d, 0x7a, 0x8b, 0x93, 0xb5, 0x8f, 0x97, 0x9a, 
	0x91, 0x8e, 0x88, 0x83, 0x80, 0x83, 0x90, 0x87, 
	0x95, 0x8e, 0xb0, 0x8b, 0xb2, 0xf1, 0xe6, 0xcf, 
	0xd7, 0xd1, 0xd6, 0x99, 0x8f, 0xa3, 0x99, 0x8a, 
	0x9c, 0xcd, 0xfa, 0xc4, 0xe3, 0xe2, 0xd3, 0xca, 
	0x9f, 0x7f, 0x7d, 0x8a, 0x8f, 0xc9, 0xf1, 0xc3, 
	0x9f, 0xad, 0x9f, 0x8e, 0x9c, 0xcc, 0xef, 0xb8, 
	0xcf, 0xb2, 0xa2, 0xce, 0x85, 0x75, 0x8f, 0x82, 
	0x91, 0x7d, 0xc8, 0x83, 0x72, 0x90, 0xa2, 0x87, 
	0xdd, 0xf1, 0xb6, 0x8f, 0x8e, 0x90, 0xa3, 0x88, 
	0x69, 0x68, 0x75, 0xa2, 0xab, 0x96, 0x9a, 0xb7, 
	0x8e, 0xa2, 0xdd, 0xc6, 0xd4, 0xce, 0x85, 0x70, 
	0x72, 0x71, 0x82, 0x96, 0x78, 0x63, 0x6f, 0x76, 
	0x87, 0x71, 0x8a, 0x63, 0x69, 0xb3, 0x68, 0x7a, 
	0x9b, 0xb1, 0x82, 0x6e, 0x73, 0x76, 0x80, 0xa6, 
	0x9b, 0x7e, 0x5e, 0x8b, 0x9a, 0x81, 0x75, 0x6a, 
	0x63, 0xad, 0x6e, 0x85, 0xac, 0xb5, 0xde, 0xb0, 
	0xf6, 0xcb, 0x87, 0x8c, 0x82, 0x8e, 0x8e, 0x76, 
	0x6b, 0x6f, 0x86, 0x76, 0x62, 0x74, 0x89, 0xac, 
	0x7f, 0xc8, 0xf0, 0xd6, 0xa7, 0x84, 0x6f, 0x66, 
	0x68, 0x60, 0x5e, 0x66, 0x66, 0x5b, 0x4a, 0x6a, 
	0xc0, 0x74, 0x77, 0x57, 0xb9, 0xda, 0x4c, 0x88, 
	0x77, 0x7d, 0x6c, 0x65, 0x69, 0x63, 0x5f, 0x7d, 
	0x97, 0x79, 0x9e, 0x60, 0x6a, 0x5e, 0x62, 0x65, 
	0x6f, 0x74, 0x82, 0x7f, 0x73, 0x64, 0x94, 0x8d, 
	0xe5, 0xb4, 0x68, 0x56, 0x72, 0x4e, 0x67, 0x72, 
	0x67, 0x5b, 0x70, 0x7b, 0x62, 0x8a, 0x82, 0x8a, 
	0x95, 0xef, 0xed, 0x9d, 0x80, 0x5e, 0x63, 0x57, 
	0x62, 0x64, 0x62, 0xba, 0x5b, 0x50, 0x5c, 0x57, 
	0xb2, 0x78, 0x6a, 0x7f, 0x6c, 0x75, 0x6b, 0x6e, 
	0x84, 0x6f, 0x6a, 0x5b, 0x65, 0x66, 0x65, 0xb1, 
	0x70, 0x74, 0x99, 0x9e, 0x8d, 0x5f, 0x5c, 0x72, 
	0x68, 0x49, 0x73, 0x94, 0xa8, 0xaa, 0xd4, 0xef, 
	0xf0, 0x5a, 0x5d, 0x60, 0x5a, 0x83, 0x6e, 0x6b, 
	0x76, 0x65, 0x6c, 0x6d, 0x77, 0x6f, 0x5d, 0x79, 
	0x69, 0x7f, 0x83, 0x6f, 0x73, 0x5c, 0x65, 0x62, 
	0x5a, 0x61, 0x60, 0x6b, 0x67, 0x5d, 0x4d, 0x63, 
	0x67, 0xaa, 0x66, 0x6e, 0x67, 0x7f, 0x7d, 0xa4, 
	0x72, 0x65, 0x6f, 0x65, 0x5a, 0x65, 0x63, 0x75, 
	0x6e, 0xc9, 0x96, 0x8e, 0x92, 0x66, 0x8f, 0x78, 
	0x5f, 0x7c, 0x71, 0x7e, 0x96, 0xe1, 0xdc, 0x7a, 
	0xdb, 0x5c, 0x5b, 0x55, 0x46, 0x61, 0x8d, 0x76, 
	0x86, 0x66, 0x69, 0x6e, 0x69, 0x56, 0x7c, 0x83, 
	0x80, 0x98, 0x76, 0x68, 0x5f, 0x60, 0x55, 0x68, 
	0x6f, 0x6b, 0xc9, 0x62, 0x65, 0x55, 0x61, 0x8b, 
	0x8c, 0x72, 0xbc, 0x8f, 0x82, 0x89, 0x5c, 0xc3, 
	0x80, 0x60, 0x5a, 0x6a, 0x6e, 0x6a, 0xba, 0x60, 
	0xa5, 0xcb, 0x9a, 0xb0, 0x7c, 0x97, 0x95, 0x79, 
	0x4f, 0x6b, 0x79, 0x6a, 0xb5, 0x7b, 0x6e, 0x56, 
	0x52, 0x62, 0x5b, 0x88, 0x5e, 0x6a, 0x94, 0x75, 
	0x85, 0x6a, 0x64, 0x74, 0x7e, 0x7d, 0x89, 0x7e, 
	0x9c, 0x71, 0x67, 0x70, 0x78, 0x7a, 0x75, 0x80, 
	0x98, 0x97, 0x84, 0x72, 0x6c, 0x76, 0x9f, 0x64, 
	0x87, 0x65, 0x6e, 0xae, 0x7e, 0x6c, 0x54, 0x69, 
	0xc4, 0x75, 0x74, 0x82, 0x97, 0x96, 0x7c, 0x70, 
	0x95, 0x84, 0xf3, 0x88, 0x9d, 0x4b, 0x43, 0x4c, 
	0x94, 0x67, 0x6a, 0xa7, 0x92, 0x6d, 0x61, 0x66, 
	0x9b, 0x9d, 0x83, 0x6f, 0x76, 0x7a, 0x62, 0x70, 
	0x73, 0x89, 0x7b, 0x85, 0x83, 0x93, 0x7e, 0x78, 
	0x75, 0x76, 0x7b, 0x6a, 0x82, 0x73, 0x86, 0x9d, 
	0xa1, 0x80, 0x63, 0x7d, 0x77, 0x9a, 0x61, 0x6b, 
	0x80, 0x6d, 0x6b, 0x8d, 0x69, 0x78, 0x6d, 0x9f, 
	0xbb, 0x9d, 0x80, 0x9b, 0xa0, 0x7e, 0x65, 0x7e, 
	0x77, 0x84, 0x72, 0x67, 0x5e, 0x5c, 0x82, 0x6b, 
	0x69, 0x6f, 0x81, 0xab, 0xbb, 0x66, 0x8a, 0x8c, 
	0x94, 0xa2, 0x96, 0x6c, 0x8d, 0x8d, 0x80, 0x6e, 
	0x79, 0x8b, 0x8e, 0x7d, 0x89, 0xa2, 0x80, 0x9d, 
	0x71, 0x79, 0x76, 0x9a, 0xa2, 0x9f, 0xa5, 0x83, 
	0x79, 0x78, 0x73, 0x87, 0x81, 0x72, 0x61, 0x8b, 
	0x8d, 0x63, 0x5b, 0x53, 0x73, 0x84, 0xd8, 0xa5, 
	0xaf, 0xbf, 0xa7, 0x82, 0x79, 0x78, 0x6e, 0x80, 
	0x7b, 0x89, 0x81, 0xe3, 0x79, 0x6b, 0x6d, 0x5c, 
	0x68, 0x72, 0xb6, 0xb2, 0xb1, 0x7f, 0x85, 0x8d, 
	0x93, 0x79, 0x6c, 0x7f, 0x6f, 0x74, 0x91, 0x6f, 
	0x6e, 0x6c, 0x8f, 0x85, 0x9f, 0x7d, 0x90, 0xdf, 
	0xc1, 0x74, 0x69, 0x6e, 0x76, 0x90, 0xc1, 0xf9, 
	0xfd, 0xcb, 0xc1, 0x87, 0x8f, 0xac, 0x5f, 0x75, 
	0x5d, 0x70, 0x5f, 0x66, 0x61, 0x91, 0xf4, 0x94, 
	0xa8, 0xb0, 0xc6, 0xef, 0xfb, 0xc5, 0xb6, 0x83, 
	0x8a, 0x9a, 0x8e, 0x80, 0xef, 0xe1, 0x7e, 0x7f, 
	0xaa, 0x7e, 0x91, 0x7f, 0x72, 0x6e, 0x6a, 0x8e, 
	0x7e, 0x71, 0x91, 0x6c, 0x73, 0x71, 0x68, 0x7a, 
	0x70, 0x73, 0x86, 0x63, 0x6e, 0x98, 0x90, 0x8d, 
	0xc4, 0x79, 0x84, 0x86, 0x83, 0xe6, 0xe9, 0xfb, 
	0xf3, 0x7e, 0x67, 0xe4, 0x95, 0x77, 0x57, 0x87, 
	0x69, 0x60, 0x6b, 0x74, 0x89, 0x85, 0xdf, 0x93, 
	0x7d, 0xe8, 0xeb, 0xf9, 0xef, 0x7e, 0x68, 0xc4, 
	0x92, 0x9e, 0xc6, 0x79, 0xfa, 0xde, 0xb8, 0xc6, 
	0x89, 0x8a, 0xa0, 0x96, 0x85, 0x74, 0x76, 0x6d, 
	0x8c, 0x87, 0x78, 0x69, 0x70, 0x72, 0x7e, 0x80, 
	0x7d, 0x5f, 0x55, 0x54, 0x52, 0x5f, 0xc0, 0xed, 
	0xf9, 0x7a, 0xab, 0xdc, 0xe0, 0xeb, 0xfa, 0xfd, 
	0x80, 0x67, 0x6e, 0xda, 0xf3, 0x60, 0x65, 0x7f, 
	0x71, 0x68, 0x69, 0x70, 0xd4, 0x96, 0xce, 0x98, 
	0x9d, 0xeb, 0xea, 0xf1, 0x7f, 0x6a, 0x71, 0xc2, 
	0xc9, 0x74, 0xe0, 0xa8, 0xb6, 0xed, 0xcc, 0x91, 
	0x89, 0x8a, 0x8c, 0x92, 0x9e, 0x75, 0x7a, 0x6d, 
	0x7c, 0xa4, 0x5f, 0x6e, 0x72, 0x82, 0xab, 0x7b, 
	0x93, 0xe6, 0xea, 0xc2, 0xba, 0x8f, 0x9c, 0x8e, 
	0x9d, 0xd7, 0xb9, 0xf1, 0xdc, 0xf2, 0xef, 0x9f, 
	0x8a, 0x61, 0x98, 0xfd, 0xdb, 0x64, 0x70, 0x7a, 
	0x83, 0x64, 0x70, 0x9e, 0x72, 0x9c, 0xe1, 0xc6, 
	0xa0, 0xd7, 0xec, 0xa0, 0x89, 0x61, 0xa1, 0xf9, 
	0xe6, 0xcb, 0xc6, 0xc8, 0xb1, 0xf1, 0xf2, 0xeb, 
	0xf9, 0xb9, 0x7b, 0xa6, 0xa3, 0x78, 0x6b, 0x77, 
	0x7e, 0x86, 0x75, 0x79, 0x9b, 0x99, 0x89, 0xec, 
	0x96, 0x8e, 0xc9, 0xb2, 0x79, 0xe2, 0xf2, 0xf2, 
	0xdd, 0xc5, 0xf4, 0x80, 0xd2, 0xf3, 0x81, 0x84, 
	0x73, 0x78, 0xbc, 0xe7, 0x89, 0x62, 0x84, 0x5a, 
	0x90, 0x70, 0x7b, 0x65, 0x7f, 0x81, 0x9a, 0x6e, 
	0x91, 0xc2, 0x83, 0x85, 0x76, 0x79, 0xc2, 0xe4, 
	0xad, 0xb8, 0xe2, 0x8a, 0xc4, 0xb1, 0xf1, 0xf5, 
	0xeb, 0xe9, 0x81, 0x7e, 0xa8, 0x97, 0x72, 0x74, 
	0x85, 0xeb, 0x8b, 0xad, 0xf1, 0xfb, 0x8f, 0xa1, 
	0xeb, 0x88, 0x80, 0x81, 0xf6, 0xf1, 0xea, 0xd9, 
	0xe4, 0xf3, 0xf1, 0xfa, 0xd9, 0x86, 0x71, 0x80, 
	0x68, 0x72, 0xe0, 0xeb, 0x60, 0x64, 0x88, 0x62, 
	0x8a, 0x6e, 0x7a, 0x6b, 0x7f, 0xb0, 0xfb, 0xe1, 
	0xa7, 0x7e, 0x7f, 0x86, 0x68, 0x73, 0xd6, 0xd1, 
	0x75, 0x79, 0xe1, 0xe2, 0xe5, 0x86, 0xf8, 0xef, 
	0xac, 0xd6, 0xa5, 0x96, 0xa2, 0xa8, 0x8d, 0x95, 
	0xf1, 0xe7, 0xf3, 0xf5, 0xc4, 0xf1, 0xf2, 0xf3, 
	0xf5, 0xf2, 0xcc, 0xa7, 0x83, 0xad, 0xd4, 0xf8, 
	0xf4, 0xfa, 0xf4, 0xfa, 0xe2, 0x77, 0x89, 0x7f, 
	0x7e, 0xce, 0xe5, 0x69, 0x64, 0x6b, 0x8b, 0x7e, 
	0x65, 0x62, 0x63, 0x75, 0x8b, 0xc9, 0xf2, 0x8c, 
	0xaf, 0x7b, 0x89, 0x84, 0x7f, 0xca, 0xd8, 0x75, 
	0x9f, 0xc2, 0xe6, 0xf6, 0xd2, 0xda, 0x7d, 0x9b, 
	0xe9, 0xe9, 0xb7, 0xfb, 0xf6, 0xa6, 0x79, 0x8a, 
	0x99, 0xfa, 0xfd, 0xef, 0xf8, 0xa8, 0xf3, 0xd0, 
	0xf5, 0xc4, 0xe1, 0x9f, 0xf7, 0xe3, 0xc8, 0xd4, 
	0xbd, 0xf2, 0xee, 0xef, 0x72, 0x8d, 0x91, 0xf4, 
	0xb9, 0xd8, 0xc5, 0x59, 0x5d, 0x63, 0x76, 0x7f, 
	0x67, 0x67, 0x68, 0x93, 0x9b, 0xf7, 0xf0, 0x71, 
	0x82, 0x86, 0x91, 0xe8, 0xb7, 0xd3, 0xbb, 0x63, 
	0x93, 0xca, 0xdb, 0xc5, 0xb0, 0x97, 0xfb, 0xc8, 
	0xcb, 0xf3, 0xdd, 0xb0, 0x7d, 0xa3, 0xa5, 0xd9, 
	0x79, 0xb7, 0xf7, 0xf5, 0xfb, 0xf7, 0xae, 0xf7, 
	0xb4, 0xf6, 0xfc, 0xe2, 0xbb, 0xee, 0xec, 0x74, 
	0x72, 0xc8, 0xca, 0x9c, 0x83, 0x98, 0xfc, 0xf5, 
	0xf8, 0x94, 0x84, 0x64, 0x74, 0x6f, 0x65, 0x85, 
	0x65, 0x68, 0x6e, 0x8e, 0xdd, 0xf2, 0xd9, 0x66, 
	0x83, 0xa3, 0xf0, 0xee, 0xf6, 0x97, 0x82, 0x6c, 
	0x79, 0x78, 0xdb, 0xb7, 0x93, 0xfa, 0x5e, 0x68, 
	0x7f, 0xc7, 0x85, 0x76, 0x7d, 0xe9, 0xd2, 0xbf, 
	0x6c, 0x69, 0x9d, 0x7a, 0x9a, 0xb4, 0xf9, 0xb4, 
	0xf9, 0xf3, 0xe5, 0xe6, 0xcb, 0xcd, 0x9e, 0x68, 
	0x64, 0x79, 0xd1, 0xab, 0x73, 0xb6, 0xf4, 0xf5, 
	0xe7, 0xe7, 0x8d, 0x6d, 0x63, 0x71, 0x76, 0x6e, 
	0x66, 0x6a, 0x8c, 0xa7, 0xeb, 0xf0, 0xc7, 0x5d, 
	0x6b, 0xc6, 0xe6, 0xec, 0xe4, 0xe0, 0x9a, 0x6d, 
	0x75, 0xc4, 0xa9, 0xfa, 0x9a, 0x62, 0x8d, 0x80, 
	0x54, 0x63, 0xc1, 0xc3, 0x9d, 0xc1, 0x81, 0x77, 
	0x8d, 0x85, 0x89, 0x98, 0x96, 0x70, 0x6f, 0xd0, 
	0xf0, 0x6b, 0xd1, 0xda, 0xc3, 0x9b, 0x92, 0xf4, 
	0xfa, 0xf4, 0x74, 0x6e, 0xe8, 0xf6, 0xfa, 0xae, 
	0xc6, 0xda, 0xe2, 0x7e, 0x8b, 0x70, 0x75, 0x64, 
	0x66, 0x6c, 0x96, 0xb8, 0xf8, 0xf1, 0x89, 0x68, 
	0xa6, 0xf2, 0xdf, 0xaa, 0xc5, 0xd6, 0xd4, 0x7e, 
	0x87, 0x67, 0x66, 0x64, 0x6f, 0x72, 0x5e, 0x66, 
	0x67, 0xf0, 0xf6, 0xa4, 0xc4, 0xd3, 0xe4, 0xda, 
	0x80, 0x71, 0x9c, 0x99, 0x9c, 0x97, 0x87, 0x83, 
	0xc8, 0xc1, 0xac, 0xe3, 0xdc, 0x95, 0x93, 0xcc, 
	0xdc, 0xa2, 0x8a, 0x62, 0x92, 0x88, 0xc2, 0xd5, 
	0xaf, 0xd4, 0xfb, 0xc3, 0x6c, 0x76, 0x78, 0x72, 
	0x67, 0x8f, 0x9c, 0xde, 0xde, 0xf2, 0x7a, 0x7e, 
	0x8f, 0xac, 0xb6, 0xcd, 0xb0, 0xd0, 0xec, 0xb9, 
	0x7d, 0x77, 0x6e, 0x64, 0x8c, 0x7d, 0x7f, 0x5f, 
	0x5f, 0x68, 0x66, 0x9a, 0xd4, 0xbc, 0xef, 0xf7, 
	0xb4, 0xf1, 0x84, 0x81, 0x6c, 0x80, 0x9b, 0x92, 
	0xdb, 0xe4, 0x9a, 0x89, 0xfa, 0xe0, 0x7c, 0x84, 
	0x8b, 0xf2, 0x92, 0x85, 0x77, 0x7e, 0x67, 0x72, 
	0x66, 0x74, 0xe2, 0xe6, 0xb3, 0x92, 0x6b, 0x66, 
	0x6e, 0x95, 0xa6, 0xe6, 0xec, 0xd2, 0x57, 0xd5, 
	0x8a, 0xa0, 0x64, 0x6f, 0x69, 0x74, 0xd7, 0xc7, 
	0xa3, 0x89, 0x5a, 0x97, 0x8d, 0x8e, 0x68, 0x5d, 
	0x6c, 0x82, 0x75, 0x95, 0xd7, 0xf5, 0xd8, 0xef, 
	0xc8, 0x9d, 0x83, 0x96, 0x71, 0x6a, 0x71, 0xcf, 
	0xf3, 0x96, 0x8e, 0xe9, 0x9a, 0xf7, 0x9a, 0x8f, 
	0x8e, 0x81, 0x5e, 0x69, 0x71, 0x76, 0x61, 0x6a, 
	0x67, 0x63, 0x65, 0x7a, 0xe8, 0xe3, 0x8b, 0x6e, 
	0x7f, 0xa9, 0xd0, 0xdd, 0xeb, 0xa7, 0x5b, 0x6c, 
	0xa0, 0x7a, 0x61, 0x69, 0x67, 0x64, 0x68, 0x7c, 
	0xe4, 0x9d, 0x8e, 0x9c, 0x94, 0x77, 0x74, 0x73, 
	0x6e, 0x73, 0x74, 0xe8, 0xe6, 0xda, 0xea, 0x98, 
	0xb2, 0xa2, 0x99, 0xe2, 0x86, 0xfa, 0xf6, 0xec, 
	0xdd, 0xd9, 0x8a, 0xcd, 0xe6, 0xc4, 0xd0, 0x7a, 
	0x78, 0x5b, 0x62, 0x7a, 0x8e, 0x8b, 0x64, 0x57, 
	0x5a, 0x4d, 0x65, 0x5e, 0x83, 0x79, 0x71, 0xe4, 
	0xe9, 0xd3, 0xe0, 0xf5, 0xe1, 0x90, 0x58, 0x7a, 
	0x94, 0x75, 0x63, 0x56, 0x5d, 0x50, 0x6a, 0x6d, 
	0xa3, 0x86, 0x94, 0x8f, 0x90, 0x8b, 0x7c, 0x78, 
	0x88, 0x78, 0xe6, 0x92, 0x7c, 0x6f, 0xab, 0xb5, 
	0xba, 0xca, 0xdd, 0xfc, 0x7a, 0xf3, 0xfd, 0xf4, 
	0xfa, 0xe9, 0x76, 0x46, 0x57, 0x9d, 0xa2, 0xac, 
	0x67, 0x66, 0x6b, 0x7f, 0x91, 0x75, 0x66, 0x63, 
	0x58, 0x5b, 0x62, 0x80, 0x88, 0x5b, 0x79, 0xd3, 
	0xf1, 0xf4, 0xea, 0xe0, 0xdf, 0x7a, 0x64, 0x7e, 
	0x7d, 0x6e, 0x63, 0x61, 0x5a, 0x5e, 0x70, 0x99, 
	0xae, 0x6b, 0x44, 0x6a, 0x7c, 0x8a, 0x70, 0x7c, 
	0x5d, 0xd2, 0x9b, 0x98, 0x7f, 0xa1, 0xab, 0x90, 
	0x83, 0x94, 0xf3, 0xf5, 0x9e, 0xfb, 0xe0, 0xf4, 
	0xdf, 0xe2, 0x7b, 0x64, 0x67, 0x8f, 0x8d, 0x50, 
	0x5e, 0x62, 0x68, 0x7d, 0x82, 0x71, 0x6c, 0x5e, 
	0x53, 0x4e, 0x59, 0x8c, 0x8b, 0x79, 0x6f, 0x98, 
	0xe4, 0xea, 0xe0, 0xcf, 0x8c, 0x6e, 0x74, 0x67, 
	0x65, 0x69, 0x69, 0x5e, 0x56, 0x53, 0x6b, 0xa4, 
	0xa9, 0xd6, 0x89, 0x77, 0x78, 0x88, 0x78, 0x60, 
	0xdb, 0xe3, 0x85, 0x88, 0xaf, 0xda, 0x7a, 0x89, 
	0xcb, 0xf7, 0xf4, 0xf8, 0xe6, 0xa0, 0xfa, 0xec, 
	0xcc, 0x84, 0x83, 0x94, 0x8d, 0x8f, 0x95, 0x98, 
	0xa1, 0x63, 0x6b, 0x85, 0x8b, 0x66, 0x7c, 0x61, 
	0x66, 0x5c, 0x6a, 0x8e, 0x8e, 0x6e, 0x6d, 0x80, 
	0x68, 0xe3, 0xfc, 0xe9, 0x9a, 0x77, 0x68, 0x5d, 
	0x6c, 0x65, 0x73, 0x5f, 0x6a, 0x63, 0x78, 0x9f, 
	0x99, 0x92, 0x94, 0x65, 0x92, 0x83, 0x6a, 0xd7, 
	0xc7, 0x69, 0x67, 0x54, 0xb4, 0xe0, 0x8f, 0xe0, 
	0xfa, 0xfc, 0xf5, 0xe9, 0xf5, 0xa4, 0xed, 0xe8, 
	0x78, 0x74, 0x90, 0x9e, 0x93, 0xa5, 0x93, 0x9a, 
	0x7c, 0xa0, 0x70, 0x7f, 0x80, 0x66, 0x67, 0x67, 
	0x65, 0x6b, 0x92, 0x91, 0x7f, 0x77, 0x66, 0x6f, 
	0x91, 0x8b, 0xde, 0xf5, 0xec, 0xc0, 0x6e, 0x5f, 
	0x6d, 0x63, 0x66, 0x65, 0x66, 0x6e, 0x9c, 0xa2, 
	0x6f, 0x9e, 0x82, 0x7a, 0x7d, 0x82, 0x5a, 0x52, 
	0x82, 0x74, 0x6b, 0x85, 0x8c, 0x7b, 0xe0, 0xf0, 
	0xfb, 0xd5, 0xf4, 0xf1, 0xfc, 0x92, 0x8d, 0xa9, 
	0x86, 0x64, 0x71, 0x93, 0x99, 0x96, 0x97, 0x40, 
	0x38, 0x3b, 0x5b, 0x98, 0x8f, 0x6b, 0x6b, 0x6b, 
	0x7d, 0x66, 0x79, 0x81, 0x70, 0x71, 0x6b, 0x78, 
	0x69, 0x78, 0x7a, 0xea, 0xe8, 0x80, 0xac, 0x96, 
	0x77, 0x67, 0x67, 0x69, 0x80, 0x6b, 0x83, 0x84, 
	0x6a, 0xa8, 0x66, 0x6c, 0x7b, 0x95, 0x8a, 0x6d, 
	0x8a, 0x82, 0x86, 0x9e, 0x79, 0x6e, 0x63, 0xa7, 
	0xae, 0xf5, 0xfa, 0xaf, 0x9e, 0xf2, 0xbc, 0x9a, 
	0x6d, 0x5c, 0x7d, 0x85, 0x7a, 0x8e, 0x5f, 0x50, 
	0x3a, 0x6a, 0x66, 0x59, 0xa0, 0x9f, 0x7b, 0x89, 
	0x99, 0x7b, 0x81, 0x5a, 0x6c, 0x6b, 0x67, 0x6a, 
	0x70, 0x73, 0x84, 0x83, 0x83, 0xd9, 0xe8, 0xe9, 
	0xc5, 0xb6, 0x8d, 0x86, 0x99, 0x7e, 0x83, 0x5d, 
	0x68, 0x82, 0xd8, 0xba, 0x6d, 0x86, 0x6b, 0x98, 
	0x84, 0x92, 0x99, 0x88, 0x71, 0x6f, 0x7c, 0x67, 
	0x85, 0x93, 0xf3, 0xf0, 0xf3, 0xce, 0xd9, 0x64, 
	0x85, 0x80, 0x7b, 0x83, 0x6d, 0x78, 0x6a, 0x93, 
	0x9f, 0x9b, 0x99, 0x93, 0x6e, 0x75, 0x63, 0x85, 
	0xa2, 0x85, 0x5a, 0x61, 0x71, 0x79, 0x8d, 0x70, 
	0x76, 0x7d, 0x87, 0x98, 0xb3, 0xa4, 0xa1, 0x97, 
	0x83, 0x86, 0x6d, 0x88, 0xa4, 0x89, 0x60, 0x60, 
	0x6b, 0x8e, 0xb6, 0xfc, 0x70, 0x82, 0x6f, 0x62, 
	0x91, 0x96, 0x9a, 0x78, 0x82, 0x74, 0x81, 0x60, 
	0x8d, 0x60, 0x65, 0x72, 0x74, 0x48, 0x52, 0x8a, 
	0xba, 0x8d, 0x6f, 0x9b, 0x8a, 0x9c, 0xaf, 0x99, 
	0xf7, 0xf2, 0xf2, 0x89, 0x79, 0x7d, 0x99, 0x6b, 
	0x66, 0x93, 0x7a, 0x7e, 0x66, 0xef, 0xe0, 0x76, 
	0x75, 0x82, 0x9c, 0x96, 0x8e, 0x80, 0x92, 0x80, 
	0x75, 0x7a, 0x96, 0x6b, 0x66, 0x96, 0x76, 0x79, 
	0x59, 0xab, 0xbd, 0xf1, 0xc7, 0x7c, 0x7c, 0x98, 
	0xa1, 0x98, 0x9b, 0x8d, 0x88, 0x6b, 0x91, 0x66, 
	0x5b, 0x3c, 0x40, 0x40, 0x41, 0x41, 0x9e, 0x99, 
	0x89, 0xc1, 0x7d, 0xab, 0x9f, 0x8f, 0x68, 0x9e, 
	0x99, 0xc5, 0x93, 0xae, 0xf8, 0x97, 0x88, 0x80, 
	0x83, 0xf8, 0xf1, 0xf8, 0xec, 0xe3, 0x83, 0x72, 
	0x75, 0x7e, 0x9a, 0xa6, 0x57, 0x57, 0x54, 0x82, 
	0xd8, 0x92, 0x86, 0x80, 0x83, 0xf5, 0xf0, 0xd4, 
	0xa1, 0x99, 0xb2, 0xfb, 0xed, 0x77, 0x77, 0x87, 
	0xa3, 0x9b, 0x69, 0x86, 0xa0, 0x7c, 0x95, 0x69, 
	0x55, 0x3f, 0x3f, 0x36, 0x50, 0x8e, 0x7e, 0x7c, 
	0x82, 0xb6, 0xb8, 0x87, 0x81, 0x97, 0xc8, 0xc3, 
	0xdd, 0xdf, 0xe9, 0xa2, 0xb7, 0xd5, 0xf8, 0xce, 
	0xb3, 0xe6, 0xdc, 0x92, 0x70, 0x69, 0x6c, 0x7d, 
	0xac, 0x74, 0xaf, 0x9b, 0x5c, 0x92, 0x99, 0x96, 
	0xad, 0xd1, 0xf7, 0xce, 0xb3, 0xe4, 0xdc, 0x9f, 
	0x6c, 0xa2, 0xb8, 0xf1, 0xf8, 0xdf, 0x93, 0x8f, 
	0x95, 0x9e, 0x90, 0x93, 0x70, 0x9e, 0x87, 0x79, 
	0xbc, 0x6d, 0x71, 0x8d, 0x86, 0x6b, 0x7e, 0x85, 
	0x80, 0xb6, 0xad, 0x6d, 0x81, 0x8f, 0xa4, 0xef, 
	0xfc, 0x7d, 0x83, 0x70, 0xbd, 0x98, 0xbf, 0xfc, 
	0xf3, 0xca, 0xf4, 0x73, 0x70, 0x68, 0x63, 0x6b, 
	0x9e, 0x71, 0xa0, 0x78, 0x70, 0x83, 0x7e, 0x79, 
	0xb5, 0x97, 0xbe, 0xfc, 0xf3, 0xc9, 0xef, 0x87, 
	0x72, 0xe8, 0xc3, 0xce, 0xef, 0xf8, 0x90, 0x84, 
	0x83, 0x94, 0x9f, 0x8d, 0x84, 0x6a, 0x5b, 0x7e, 
	0xba, 0xbc, 0x98, 0x71, 0x71, 0x68, 0x6c, 0x77, 
	0x80, 0x6e, 0xcd, 0x96, 0x87, 0x9c, 0xc0, 0xf4, 
	0x77, 0x9d, 0x64, 0x6c, 0x6b, 0x94, 0x91, 0x85, 
	0xa1, 0x9a, 0xad, 0x99, 0x70, 0x76, 0x79, 0x7c, 
	0x85, 0x8b, 0xab, 0x7b, 0x74, 0x86, 0x7c, 0x70, 
	0x6c, 0x92, 0x90, 0x85, 0xa1, 0x99, 0xa8, 0xa6, 
	0x9f, 0xf1, 0xad, 0xcb, 0xf3, 0xf1, 0xd1, 0x86, 
	0x73, 0x6b, 0x90, 0xa8, 0x81, 0x97, 0xd0, 0x90, 
	0x8d, 0x5f, 0x68, 0x6b, 0x5a, 0x68, 0x6c, 0x75, 
	0x8e, 0x89, 0xec, 0x98, 0x95, 0xb9, 0xb2, 0x76, 
	0x9a, 0x85, 0x9a, 0x9a, 0xa1, 0x99, 0x4f, 0x83, 
	0xbd, 0x93, 0xa1, 0x8a, 0x64, 0x72, 0x6d, 0x8d, 
	0x83, 0x99, 0x9a, 0x79, 0x86, 0x6a, 0x65, 0x94, 
	0x9b, 0x98, 0x4f, 0x83, 0xbd, 0x92, 0xa0, 0x94, 
	0xa2, 0xe9, 0xa4, 0xd6, 0xd9, 0x95, 0x89, 0x9f, 
	0x7f, 0x74, 0x6e, 0x85, 0x7d, 0x95, 0xe2, 0x80, 
	0x87, 0x94, 0x71, 0x81, 0x6b, 0x57, 0x67, 0x66, 
	0xa8, 0x6c, 0x80, 0x90, 0xf8, 0xba, 0xd8, 0x87, 
	0x82, 0x7b, 0x8d, 0x55, 0x46, 0x74, 0x98, 0x9a, 
	0x58, 0x47, 0x81, 0xa6, 0xf2, 0xed, 0xd7, 0xc3, 
	0xa9, 0x8e, 0xb6, 0xe9, 0xf4, 0xe8, 0xe1, 0x8f, 
	0x55, 0x74, 0x97, 0x9a, 0x58, 0x47, 0x7f, 0xa8, 
	0xf1, 0xde, 0xb4, 0xc1, 0x99, 0x80, 0x8e, 0x95, 
	0x93, 0x8b, 0xa4, 0xd8, 0xc3, 0xda, 0x8e, 0x9f, 
	0x91, 0x67, 0x94, 0x80, 0x63, 0x60, 0x93, 0xbe, 
	0xb7, 0x60, 0x82, 0xe7, 0xf0, 0xf3, 0xec, 0xcd, 
	0xbf, 0xef, 0xfb, 0x81, 0x82, 0x95, 0x7e, 0x50, 
	0x4f, 0x85, 0x83, 0xca, 0x7c, 0x79, 0xa5, 0xe8, 
	0xda, 0xd8, 0xaf, 0xe9, 0xeb, 0xe9, 0xd9, 0xa8, 
	0x91, 0x98, 0x7e, 0x50, 0x4f, 0x84, 0x81, 0xba, 
	0xa6, 0xee, 0xf1, 0xc0, 0x8d, 0x8c, 0xb9, 0xb8, 
	0xb7, 0xbf, 0x6a, 0xbc, 0xb4, 0x92, 0x6a, 0x9f, 
	0x7f, 0x72, 0x82, 0xa4, 0x8c, 0x70, 0x7f, 0xbf, 
	0x8a, 0x69, 0x94, 0x92, 0x7b, 0x93, 0xe9, 0xe8, 
	0xf4, 0xfd, 0xfb, 0xf4, 0xf4, 0xb7, 0xf7, 0x9d, 
	0x83, 0x79, 0xef, 0x85, 0xaa, 0xdd, 0xe8, 0xe1, 
	0xde, 0xe2, 0xde, 0xdd, 0xea, 0xf5, 0xd9, 0xed, 
	0xef, 0xb8, 0xf6, 0x9d, 0x83, 0x78, 0xe9, 0x81, 
	0xbb, 0xf0, 0xd5, 0x81, 0xb2, 0x83, 0xe3, 0xf7, 
	0xd5, 0xec, 0xdb, 0xfb, 0x8f, 0x83, 0x87, 0x73, 
	0x6e, 0x6f, 0x6e, 0x6c, 0x72, 0x6c, 0x77, 0x7b, 
	
};

Gfx rmaze_brick_ci8_aligner[] = {gsSPEndDisplayList()};
u8 rmaze_brick_ci8[] = {
	0x00, 0x01, 0x02, 0x03, 0x04, 0x05, 0x06, 0x07, 
	0x08, 0x09, 0x0a, 0x0b, 0x0c, 0x0d, 0x0e, 0x0f, 
	0x07, 0x10, 0x11, 0x12, 0x13, 0x14, 0x15, 0x16, 
	0x17, 0x18, 0x19, 0x1a, 0x1b, 0x1c, 0x07, 0x19, 
	0x12, 0x1d, 0x1e, 0x1f, 0x20, 0x21, 0x22, 0x23, 
	0x24, 0x22, 0x25, 0x1f, 0x26, 0x27, 0x26, 0x26, 
	0x28, 0x29, 0x1e, 0x2a, 0x2b, 0x20, 0x2c, 0x20, 
	0x2c, 0x26, 0x2d, 0x2e, 0x1f, 0x2f, 0x1f, 0x30, 
	0x31, 0x32, 0x33, 0x34, 0x35, 0x2f, 0x2d, 0x36, 
	0x37, 0x2d, 0x38, 0x35, 0x34, 0x2d, 0x39, 0x3a, 
	0x3b, 0x3c, 0x3d, 0x3e, 0x1e, 0x3f, 0x40, 0x41, 
	0x42, 0x43, 0x1e, 0x39, 0x2e, 0x41, 0x44, 0x45, 
	0x46, 0x47, 0x3c, 0x48, 0x49, 0x4a, 0x35, 0x3d, 
	0x2d, 0x4b, 0x4c, 0x2f, 0x39, 0x41, 0x41, 0x4d, 
	0x4e, 0x4f, 0x39, 0x36, 0x2f, 0x4e, 0x50, 0x3a, 
	0x51, 0x28, 0x33, 0x4b, 0x3a, 0x2c, 0x52, 0x53, 
	0x06, 0x54, 0x55, 0x3c, 0x4c, 0x56, 0x39, 0x2d, 
	0x3b, 0x48, 0x49, 0x4f, 0x2d, 0x28, 0x57, 0x58, 
	0x59, 0x5a, 0x58, 0x5b, 0x5c, 0x52, 0x39, 0x3d, 
	0x28, 0x41, 0x2f, 0x3c, 0x2d, 0x28, 0x20, 0x5d, 
	0x5e, 0x5b, 0x52, 0x2e, 0x4d, 0x59, 0x39, 0x36, 
	0x39, 0x3e, 0x36, 0x55, 0x5f, 0x60, 0x4d, 0x33, 
	0x26, 0x61, 0x43, 0x43, 0x28, 0x36, 0x2a, 0x22, 
	0x35, 0x2a, 0x51, 0x50, 0x1e, 0x3c, 0x39, 0x62, 
	0x63, 0x64, 0x65, 0x59, 0x5b, 0x36, 0x38, 0x2f, 
	0x3d, 0x4e, 0x49, 0x66, 0x34, 0x60, 0x67, 0x5f, 
	0x36, 0x60, 0x58, 0x2d, 0x25, 0x65, 0x36, 0x33, 
	0x2d, 0x5c, 0x56, 0x5b, 0x68, 0x36, 0x5b, 0x1c, 
	0x69, 0x47, 0x56, 0x59, 0x4c, 0x66, 0x64, 0x37, 
	0x33, 0x65, 0x2d, 0x3d, 0x5c, 0x6a, 0x3d, 0x39, 
	0x56, 0x2f, 0x35, 0x6b, 0x26, 0x33, 0x38, 0x2f, 
	0x6c, 0x37, 0x5b, 0x4b, 0x6d, 0x4b, 0x6e, 0x07, 
	0x12, 0x6f, 0x3a, 0x36, 0x38, 0x49, 0x5b, 0x56, 
	0x28, 0x59, 0x1e, 0x70, 0x71, 0x2f, 0x34, 0x72, 
	0x59, 0x49, 0x29, 0x4e, 0x42, 0x2d, 0x60, 0x2f, 
	0x2e, 0x33, 0x2e, 0x26, 0x36, 0x56, 0x4a, 0x73, 
	0x74, 0x75, 0x4c, 0x5b, 0x36, 0x60, 0x3e, 0x4a, 
	0x76, 0x3c, 0x1e, 0x28, 0x33, 0x52, 0x1e, 0x2d, 
	0x5a, 0x60, 0x1e, 0x65, 0x77, 0x59, 0x77, 0x3d, 
	0x2a, 0x1e, 0x71, 0x28, 0x1e, 0x60, 0x4b, 0x78, 
	0x1b, 0x79, 0x7a, 0x35, 0x36, 0x59, 0x1e, 0x6a, 
	0x56, 0x7b, 0x36, 0x28, 0x40, 0x61, 0x27, 0x2e, 
	0x6b, 0x2f, 0x2d, 0x67, 0x2f, 0x7c, 0x41, 0x26, 
	0x43, 0x58, 0x2a, 0x65, 0x7d, 0x3e, 0x2f, 0x7e, 
	0x7f, 0x80, 0x3d, 0x5b, 0x5b, 0x58, 0x2f, 0x27, 
	0x3e, 0x81, 0x3e, 0x5b, 0x33, 0x22, 0x43, 0x65, 
	0x5c, 0x56, 0x50, 0x2d, 0x1e, 0x42, 0x57, 0x61, 
	0x20, 0x67, 0x2e, 0x33, 0x2f, 0x3c, 0x5b, 0x82, 
	0x53, 0x35, 0x28, 0x41, 0x59, 0x33, 0x61, 0x43, 
	0x40, 0x2d, 0x6d, 0x55, 0x56, 0x4a, 0x55, 0x3a, 
	0x5f, 0x68, 0x28, 0x2e, 0x25, 0x22, 0x33, 0x20, 
	0x44, 0x61, 0x28, 0x5a, 0x2f, 0x40, 0x39, 0x07, 
	0x04, 0x58, 0x83, 0x84, 0x2c, 0x41, 0x44, 0x52, 
	0x27, 0x60, 0x77, 0x29, 0x5b, 0x29, 0x6b, 0x5b, 
	0x2a, 0x56, 0x4e, 0x3a, 0x2e, 0x33, 0x33, 0x2e, 
	0x5a, 0x40, 0x27, 0x2a, 0x25, 0x85, 0x40, 0x86, 
	0x78, 0x56, 0x43, 0x77, 0x41, 0x22, 0x24, 0x2d, 
	0x2e, 0x65, 0x3d, 0x1e, 0x58, 0x34, 0x3c, 0x48, 
	0x4b, 0x87, 0x47, 0x56, 0x1e, 0x88, 0x36, 0x6d, 
	0x4b, 0x3c, 0x3e, 0x89, 0x8a, 0x39, 0x8b, 0x8c, 
	0x8d, 0x8e, 0x8f, 0x90, 0x91, 0x92, 0x93, 0x94, 
	0x93, 0x95, 0x96, 0x97, 0x98, 0x99, 0x9a, 0x9a, 
	0x9b, 0x9c, 0x9a, 0x9d, 0x9e, 0x9f, 0x97, 0xa0, 
	0xa1, 0xa2, 0xa3, 0xa4, 0xa5, 0x9a, 0xa6, 0xa7, 
	0xa8, 0xa9, 0xa9, 0xaa, 0xab, 0xac, 0xad, 0xae, 
	0xab, 0x8e, 0xaf, 0xb0, 0xb1, 0xb2, 0x92, 0x94, 
	0xb3, 0x85, 0xb4, 0x8f, 0xb5, 0xb6, 0xb6, 0xb7, 
	0xb8, 0xb9, 0xba, 0x9d, 0x85, 0xbb, 0xa6, 0xbc, 
	0x28, 0x40, 0x28, 0x22, 0x61, 0x77, 0x58, 0x52, 
	0xbd, 0x28, 0x5a, 0x41, 0x61, 0x20, 0x33, 0xbc, 
	0x9b, 0x7b, 0x47, 0x5c, 0x36, 0x7d, 0x29, 0x35, 
	0x4c, 0x4b, 0xbe, 0x64, 0x36, 0x64, 0xbf, 0x48, 
	0x2c, 0x1e, 0x23, 0x26, 0x4d, 0x41, 0x20, 0x33, 
	0x24, 0x27, 0x43, 0x28, 0x43, 0x3a, 0x67, 0xb0, 
	0xc0, 0x3e, 0xc1, 0x35, 0x56, 0x56, 0x49, 0x87, 
	0x6a, 0x87, 0xc2, 0xc3, 0x6f, 0xc4, 0xc5, 0x66, 
	0x42, 0x2b, 0x40, 0x1f, 0x61, 0x20, 0xc6, 0x41, 
	0xc7, 0x5a, 0x42, 0x2a, 0x59, 0x2f, 0x65, 0xc8, 
	0xc9, 0x5c, 0x6d, 0x55, 0x5c, 0x1e, 0x5b, 0x68, 
	0xbf, 0x6f, 0x4a, 0x66, 0x54, 0x66, 0x7b, 0x2a, 
	0x59, 0x1f, 0x61, 0x40, 0x2e, 0x58, 0x40, 0x43, 
	0x20, 0x33, 0xc7, 0x83, 0x1f, 0x1f, 0x2c, 0xca, 
	0xa3, 0x3d, 0x67, 0x2a, 0x49, 0x2d, 0x4f, 0x6a, 
	0x48, 0x6a, 0x7b, 0x3d, 0x39, 0x2f, 0x58, 0x26, 
	0x40, 0x1f, 0x41, 0x42, 0x1f, 0x57, 0x41, 0x43, 
	0x24, 0x28, 0x77, 0x26, 0x26, 0x83, 0x42, 0xb5, 
	0x9f, 0x4b, 0x29, 0x1e, 0x3a, 0x56, 0x55, 0x4c, 
	0x6d, 0x56, 0x56, 0x29, 0x3d, 0xcb, 0x4e, 0x43, 
	0x57, 0x2c, 0x44, 0x42, 0x1f, 0x27, 0x41, 0x58, 
	0x2e, 0x40, 0x1e, 0xc6, 0x2c, 0x83, 0xcc, 0xcd, 
	0xce, 0x43, 0x20, 0x27, 0x2e, 0x22, 0x1e, 0x4b, 
	0x35, 0x35, 0x5f, 0x77, 0x2f, 0x70, 0x2f, 0x26, 
	0x42, 0x52, 0x33, 0x41, 0x40, 0x40, 0x40, 0x27, 
	0x1f, 0x23, 0x28, 0x61, 0x2c, 0x1f, 0x61, 0xcf, 
	0x90, 0x27, 0x8b, 0x61, 0x4d, 0xc7, 0x43, 0x6b, 
	0x89, 0x77, 0x33, 0x39, 0xd0, 0x39, 0x8b, 0x41, 
	0x51, 0x58, 0x2e, 0xd1, 0xd2, 0x43, 0xc6, 0x2c, 
	0x24, 0x20, 0x1e, 0x24, 0x77, 0x39, 0xd0, 0xd3, 
	0xd4, 0x28, 0x4d, 0x26, 0x2e, 0x42, 0xc6, 0x40, 
	0x84, 0x27, 0x40, 0x1f, 0x61, 0xd5, 0x24, 0xd5, 
	0x37, 0x2d, 0x2a, 0x1e, 0x28, 0x41, 0x24, 0x1f, 
	0xc6, 0x3f, 0x28, 0x42, 0x2c, 0x27, 0x34, 0x91, 
	0xd6, 0x65, 0x37, 0x58, 0x40, 0x83, 0x27, 0x44, 
	0x20, 0x52, 0x1f, 0x58, 0x83, 0x20, 0xc6, 0x83, 
	0x39, 0x4f, 0x43, 0x26, 0x43, 0x34, 0x3a, 0x26, 
	0x83, 0x83, 0x20, 0x3f, 0x2c, 0xd7, 0xc6, 0x94, 
	0xd8, 0x39, 0x41, 0x40, 0x59, 0x1f, 0x42, 0x2a, 
	0x52, 0x27, 0x40, 0x33, 0x38, 0xd0, 0x33, 0x2f, 
	0x33, 0x5b, 0x5f, 0x42, 0x40, 0x2a, 0x28, 0x22, 
	0x1f, 0x20, 0x1f, 0x2c, 0x44, 0xd9, 0x41, 0xda, 
	0xdb, 0x2d, 0x2d, 0x77, 0xd2, 0x33, 0xd0, 0x51, 
	0x77, 0x22, 0x27, 0x3d, 0x3a, 0x40, 0x43, 0x33, 
	0x4f, 0x3d, 0x2f, 0x61, 0x57, 0x27, 0x4d, 0x33, 
	0x58, 0x41, 0x28, 0x83, 0x20, 0x83, 0xc6, 0xdc, 
	0x91, 0xc6, 0x22, 0x28, 0x6b, 0x4d, 0x20, 0x2c, 
	0x26, 0x41, 0x2c, 0x8b, 0x5a, 0x61, 0x2e, 0x44, 
	0x6a, 0x3e, 0x55, 0x1e, 0x59, 0x58, 0x24, 0x39, 
	0x26, 0x27, 0x43, 0x24, 0x27, 0x2c, 0x83, 0xb6, 
	0x94, 0x23, 0xdd, 0x58, 0x59, 0x40, 0x85, 0x33, 
	0x43, 0x23, 0xbd, 0x28, 0x35, 0x4b, 0x43, 0x40, 
	0xde, 0xdf, 0xe0, 0x6a, 0x32, 0xe1, 0xe2, 0xe3, 
	0xc3, 0x6f, 0x75, 0x54, 0xc2, 0xe4, 0x79, 0xd8, 
	0xe5, 0x6e, 0x72, 0x35, 0x54, 0xe6, 0x6f, 0x54, 
	0x47, 0xc4, 0xe7, 0x75, 0xc2, 0x6a, 0x66, 0x64, 
	0x01, 0xe8, 0xa2, 0xe9, 0xea, 0x03, 0x1c, 0x14, 
	0x69, 0x00, 0xeb, 0xec, 0xed, 0xee, 0xef, 0xf0, 
	0xeb, 0xf1, 0xf2, 0xf3, 0x14, 0x06, 0x19, 0x09, 
	0x7e, 0x17, 0xf4, 0x16, 0xf5, 0x15, 0x1c, 0x0a, 
	
};

Gfx rmaze_brick_pal_rgba16_aligner[] = {gsSPEndDisplayList()};
u8 rmaze_brick_pal_rgba16[] = {
	0xb5, 0x6b, 0xb5, 0x67, 0x95, 0x65, 0xa5, 0x69, 
	0xb5, 0xed, 0xbd, 0x69, 0xad, 0xe9, 0xa5, 0x25, 
	0x8c, 0x63, 0x94, 0xa3, 0xbd, 0xeb, 0xc5, 0xad, 
	0xbe, 0x6b, 0xce, 0x6f, 0xcd, 0xed, 0xc5, 0xeb, 
	0x9c, 0xe5, 0xac, 0xe5, 0xa5, 0x27, 0xbd, 0xed, 
	0xbe, 0x2d, 0xc6, 0x6d, 0xbd, 0xe9, 0xad, 0xab, 
	0xb6, 0x2d, 0xb5, 0x69, 0xac, 0xe7, 0xa5, 0x67, 
	0xad, 0xa9, 0x62, 0x8d, 0x7a, 0xd3, 0x93, 0x13, 
	0x93, 0x53, 0x83, 0x95, 0x8a, 0xd1, 0x83, 0x55, 
	0x8b, 0x55, 0x7b, 0x55, 0x8b, 0x51, 0x83, 0x53, 
	0x83, 0x13, 0x73, 0x13, 0x83, 0x15, 0x83, 0x93, 
	0x93, 0x55, 0x7b, 0x13, 0x8a, 0xd3, 0x7a, 0xd1, 
	0x8c, 0xa3, 0xb5, 0xef, 0x6a, 0x11, 0x83, 0x11, 
	0x7a, 0xcf, 0x72, 0xd3, 0x72, 0x91, 0x82, 0xcf, 
	0x7b, 0x0f, 0x7b, 0x11, 0x83, 0x0f, 0x6b, 0x13, 
	0x6a, 0xd1, 0x72, 0x93, 0x6a, 0xcf, 0x8b, 0x93, 
	0x8b, 0x53, 0x8b, 0x11, 0x93, 0x51, 0x8b, 0x13, 
	0x93, 0x95, 0x9d, 0x65, 0xc6, 0xaf, 0x62, 0x4f, 
	0x6a, 0x93, 0x7a, 0x8f, 0x6a, 0x8f, 0x72, 0xd1, 
	0x6a, 0xd3, 0x8a, 0xd5, 0x7a, 0xd5, 0x73, 0x0f, 
	0x72, 0xd5, 0x7b, 0x53, 0x8b, 0x15, 0xb6, 0x2b, 
	0x5a, 0x91, 0x6a, 0x91, 0x72, 0xcf, 0x93, 0x15, 
	0x82, 0xd1, 0x82, 0xd3, 0x82, 0xd5, 0x7a, 0x91, 
	0x72, 0x8f, 0xad, 0x67, 0x9d, 0x25, 0x7b, 0x15, 
	0x73, 0x11, 0x93, 0x11, 0xad, 0xe7, 0xad, 0xa7, 
	0x6a, 0x51, 0x82, 0x91, 0x62, 0x91, 0x82, 0x93, 
	0x6a, 0x53, 0xb5, 0xa9, 0x62, 0x51, 0x7a, 0x93, 
	0x8a, 0x95, 0x72, 0x4f, 0x62, 0x8f, 0x5a, 0x51, 
	0x8a, 0x93, 0x82, 0x95, 0x6b, 0x11, 0xad, 0x29, 
	0xad, 0x69, 0x5a, 0x11, 0x62, 0x93, 0x83, 0x51, 
	0xb5, 0xab, 0x62, 0x0f, 0x72, 0x51, 0x62, 0xd1, 
	0x92, 0xd1, 0x73, 0x15, 0x95, 0x25, 0x9d, 0x69, 
	0x52, 0x51, 0x72, 0x53, 0x84, 0x61, 0x93, 0x93, 
	0x83, 0x91, 0x8b, 0x57, 0xad, 0x25, 0x5a, 0x8f, 
	0x7a, 0x53, 0x73, 0x53, 0x83, 0x4f, 0x92, 0xd3, 
	0x94, 0xa5, 0xce, 0xad, 0x94, 0x1f, 0x94, 0x1d, 
	0x8c, 0x5f, 0x94, 0x9f, 0x94, 0x5d, 0x94, 0x61, 
	0x94, 0x5f, 0x8b, 0xdf, 0x73, 0xdb, 0x7b, 0x9b, 
	0x8c, 0x1d, 0x7b, 0xdd, 0x73, 0x59, 0x6b, 0x55, 
	0x73, 0x19, 0x83, 0xdb, 0x83, 0x9b, 0x8c, 0x1f, 
	0x6b, 0x99, 0x73, 0x97, 0x7c, 0x1d, 0x6b, 0x5b, 
	0x7b, 0x59, 0x6b, 0x9b, 0x83, 0x5b, 0x94, 0xe5, 
	0xac, 0xa3, 0xa4, 0xa1, 0x9c, 0x1f, 0x9c, 0x9f, 
	0xac, 0xa1, 0xa4, 0xe3, 0xa4, 0xdd, 0x94, 0x5b, 
	0x94, 0x1b, 0x9c, 0x5d, 0x9c, 0x1d, 0x83, 0x9f, 
	0x8b, 0x97, 0x9c, 0x5f, 0xa4, 0x5d, 0x93, 0x99, 
	0x8c, 0x17, 0x93, 0xd9, 0x83, 0x59, 0x8b, 0x9b, 
	0x8b, 0xd9, 0x8b, 0x95, 0x5a, 0x93, 0x5a, 0x4d, 
	0x83, 0xdd, 0x7a, 0x51, 0x5a, 0x4f, 0x52, 0x91, 
	0x5a, 0xd1, 0x52, 0x13, 0x93, 0x91, 0x92, 0xd5, 
	0x8b, 0xdb, 0x73, 0x9b, 0x93, 0xdb, 0x7a, 0x95, 
	0x9b, 0x93, 0x9c, 0x1b, 0x83, 0x99, 0x94, 0x9d, 
	0x7b, 0x51, 0x8b, 0x0f, 0x82, 0x8f, 0x94, 0xa1, 
	0x8c, 0x9d, 0x8b, 0x91, 0x8c, 0x9f, 0x93, 0xd5, 
	0x8c, 0x5d, 0x9b, 0x97, 0x8c, 0x5b, 0x84, 0x1d, 
	0x9c, 0x61, 0x93, 0x57, 0x5a, 0x0f, 0x49, 0xd1, 
	0x59, 0xcf, 0x52, 0x53, 0x52, 0x8f, 0x4a, 0x0f, 
	0x6a, 0x4f, 0x84, 0x21, 0x52, 0x4f, 0x5a, 0x53, 
	0x9c, 0xa7, 0x7c, 0x5f, 0xa4, 0xe9, 0xce, 0x31, 
	0xcd, 0xef, 0xc6, 0x71, 0xd6, 0x2f, 0xce, 0xb1, 
	0xd6, 0x73, 0xb6, 0x6f, 0xc6, 0x2f, 0xce, 0x2b, 
	0xb5, 0xad, 0xc6, 0x2d, 
};

Gfx rmaze_ChainLink_ia8_aligner[] = {gsSPEndDisplayList()};
u8 rmaze_ChainLink_ia8[] = {
	0x2f, 0x2f, 0x2f, 0x2f, 0x2f, 0x2f, 0x1f, 0x4f, 
	0x6f, 0x2f, 0x2f, 0x2f, 0x2f, 0x2f, 0x2f, 0x2f, 
	0x2f, 0x2f, 0x2f, 0x4f, 0x2f, 0x1f, 0x1f, 0x1f, 
	0x4f, 0x2f, 0x2f, 0x4f, 0x2f, 0x1f, 0x1f, 0x1f, 
	0x2f, 0x00, 0x00, 0x00, 0x00, 0x00, 0x00, 0x2f, 
	0x6f, 0x00, 0x00, 0x00, 0x00, 0x00, 0x00, 0x2f, 
	0x2f, 0x00, 0x00, 0x00, 0x00, 0x00, 0x00, 0x2f, 
	0x6f, 0x00, 0x00, 0x00, 0x00, 0x00, 0x00, 0x2f, 
	0x4f, 0x00, 0x00, 0x00, 0x00, 0x00, 0x00, 0x2f, 
	0x6f, 0x00, 0x00, 0x00, 0x00, 0x00, 0x00, 0x2f, 
	0x4f, 0x00, 0x00, 0x00, 0x00, 0x00, 0x00, 0x2f, 
	0x6f, 0x00, 0x00, 0x00, 0x00, 0x00, 0x00, 0x2f, 
	0x6f, 0x00, 0x00, 0x00, 0x00, 0x00, 0x00, 0x4f, 
	0x6f, 0x00, 0x00, 0x00, 0x00, 0x00, 0x00, 0x2f, 
	0x6f, 0x00, 0x00, 0x00, 0x00, 0x00, 0x00, 0x4f, 
	0x6f, 0x00, 0x00, 0x00, 0x00, 0x00, 0x00, 0x4f, 
	0x4f, 0x00, 0x00, 0x00, 0x00, 0x00, 0x00, 0x4f, 
	0x6f, 0x00, 0x00, 0x00, 0x00, 0x00, 0x00, 0x4f, 
	0x6f, 0x00, 0x00, 0x00, 0x00, 0x00, 0x00, 0x4f, 
	0x4f, 0x00, 0x00, 0x00, 0x00, 0x00, 0x00, 0x4f, 
	0x6f, 0x00, 0x00, 0x00, 0x00, 0x00, 0x00, 0x1f, 
	0x6f, 0x00, 0x00, 0x00, 0x00, 0x00, 0x00, 0x2f, 
	0x6f, 0x00, 0x00, 0x00, 0x00, 0x00, 0x00, 0x1f, 
	0x4f, 0x00, 0x00, 0x00, 0x00, 0x00, 0x00, 0x2f, 
	0x6f, 0x00, 0x00, 0x00, 0x00, 0x00, 0x00, 0x1f, 
	0x6f, 0x00, 0x00, 0x00, 0x00, 0x00, 0x00, 0x2f, 
	0x6f, 0x00, 0x00, 0x00, 0x00, 0x00, 0x00, 0x1f, 
	0x2f, 0x00, 0x00, 0x00, 0x00, 0x00, 0x00, 0x2f, 
	0x6f, 0x2f, 0x2f, 0x4f, 0x4f, 0x8f, 0x8f, 0x8f, 
	0x6f, 0x4f, 0x2f, 0x4f, 0x6f, 0x6f, 0x6f, 0x2f, 
	0x6f, 0x2f, 0x2f, 0x4f, 0x4f, 0x8f, 0x8f, 0x8f, 
	0x6f, 0x4f, 0x2f, 0x4f, 0x6f, 0x6f, 0x6f, 0x2f, 
	0x8f, 0x1f, 0x1f, 0x4f, 0x4f, 0x2f, 0x2f, 0x1f, 
	0x1f, 0x1f, 0x1f, 0x4f, 0x4f, 0x1f, 0x1f, 0x2f, 
	0x8f, 0x1f, 0x1f, 0x4f, 0x4f, 0x1f, 0x1f, 0x1f, 
	0x1f, 0x4f, 0x1f, 0x4f, 0x4f, 0x1f, 0x1f, 0x2f, 
	0x8f, 0x00, 0x00, 0x00, 0x00, 0x00, 0x00, 0x4f, 
	0x8f, 0x00, 0x00, 0x00, 0x00, 0x00, 0x00, 0x2f, 
	0x8f, 0x00, 0x00, 0x00, 0x00, 0x00, 0x00, 0x2f, 
	0x8f, 0x00, 0x00, 0x00, 0x00, 0x00, 0x00, 0x2f, 
	0x8f, 0x00, 0x00, 0x00, 0x00, 0x00, 0x00, 0x4f, 
	0x8f, 0x00, 0x00, 0x00, 0x00, 0x00, 0x00, 0x2f, 
	0x8f, 0x00, 0x00, 0x00, 0x00, 0x00, 0x00, 0x2f, 
	0x8f, 0x00, 0x00, 0x00, 0x00, 0x00, 0x00, 0x2f, 
	0x8f, 0x00, 0x00, 0x00, 0x00, 0x00, 0x00, 0x4f, 
	0x8f, 0x00, 0x00, 0x00, 0x00, 0x00, 0x00, 0x4f, 
	0x8f, 0x00, 0x00, 0x00, 0x00, 0x00, 0x00, 0x4f, 
	0x8f, 0x00, 0x00, 0x00, 0x00, 0x00, 0x00, 0x4f, 
	0x6f, 0x00, 0x00, 0x00, 0x00, 0x00, 0x00, 0x1f, 
	0x7f, 0x00, 0x00, 0x00, 0x00, 0x00, 0x00, 0x2f, 
	0x6f, 0x00, 0x00, 0x00, 0x00, 0x00, 0x00, 0x2f, 
	0x7f, 0x00, 0x00, 0x00, 0x00, 0x00, 0x00, 0x2f, 
	0x6f, 0x00, 0x00, 0x00, 0x00, 0x00, 0x00, 0x2f, 
	0x7f, 0x00, 0x00, 0x00, 0x00, 0x00, 0x00, 0x2f, 
	0x5f, 0x00, 0x00, 0x00, 0x00, 0x00, 0x00, 0x2f, 
	0x7f, 0x00, 0x00, 0x00, 0x00, 0x00, 0x00, 0x2f, 
	0x6f, 0x00, 0x00, 0x00, 0x00, 0x00, 0x00, 0x1f, 
	0x7f, 0x00, 0x00, 0x00, 0x00, 0x00, 0x00, 0x2f, 
	0x5f, 0x00, 0x00, 0x00, 0x00, 0x00, 0x00, 0x2f, 
	0x7f, 0x00, 0x00, 0x00, 0x00, 0x00, 0x00, 0x2f, 
	0x8f, 0x8f, 0x6f, 0x5f, 0x4f, 0x2f, 0x2f, 0x2f, 
	0x7f, 0x7f, 0x7f, 0x8f, 0x6f, 0x6f, 0x6f, 0x6f, 
	0x8f, 0x8f, 0x8f, 0x8f, 0x7f, 0x2f, 0x2f, 0x2f, 
	0x7f, 0x7f, 0x7f, 0x7f, 0x8f, 0x8f, 0x8f, 0x7f, 
	0x1f, 0x1f, 0x1f, 0x1f, 0x1f, 0x1f, 0x2f, 0x4f, 
	0x6f, 0x4f, 0x4f, 0x4f, 0x4f, 0x1f, 0x1f, 0x1f, 
	0x1f, 0x1f, 0x4f, 0x4f, 0x1f, 0x1f, 0x1f, 0x2f, 
	0x6f, 0x4f, 0x4f, 0x4f, 0x1f, 0x1f, 0x1f, 0x1f, 
	0x4f, 0x00, 0x00, 0x00, 0x00, 0x00, 0x00, 0x2f, 
	0x5f, 0x00, 0x00, 0x00, 0x00, 0x00, 0x00, 0x2f, 
	0x4f, 0x00, 0x00, 0x00, 0x00, 0x00, 0x00, 0x2f, 
	0x6f, 0x00, 0x00, 0x00, 0x00, 0x00, 0x00, 0x2f, 
	0x4f, 0x00, 0x00, 0x00, 0x00, 0x00, 0x00, 0x2f, 
	0x5f, 0x00, 0x00, 0x00, 0x00, 0x00, 0x00, 0x2f, 
	0x4f, 0x00, 0x00, 0x00, 0x00, 0x00, 0x00, 0x4f, 
	0x5f, 0x00, 0x00, 0x00, 0x00, 0x00, 0x00, 0x2f, 
	0x4f, 0x00, 0x00, 0x00, 0x00, 0x00, 0x00, 0x4f, 
	0x5f, 0x00, 0x00, 0x00, 0x00, 0x00, 0x00, 0x4f, 
	0x4f, 0x00, 0x00, 0x00, 0x00, 0x00, 0x00, 0x2f, 
	0x5f, 0x00, 0x00, 0x00, 0x00, 0x00, 0x00, 0x4f, 
	0x5f, 0x00, 0x00, 0x00, 0x00, 0x00, 0x00, 0x2f, 
	0x5f, 0x00, 0x00, 0x00, 0x00, 0x00, 0x00, 0x2f, 
	0x4f, 0x00, 0x00, 0x00, 0x00, 0x00, 0x00, 0x2f, 
	0x5f, 0x00, 0x00, 0x00, 0x00, 0x00, 0x00, 0x2f, 
	0x6f, 0x00, 0x00, 0x00, 0x00, 0x00, 0x00, 0x2f, 
	0x6f, 0x00, 0x00, 0x00, 0x00, 0x00, 0x00, 0x2f, 
	0x6f, 0x00, 0x00, 0x00, 0x00, 0x00, 0x00, 0x2f, 
	0x5f, 0x00, 0x00, 0x00, 0x00, 0x00, 0x00, 0x2f, 
	0x6f, 0x00, 0x00, 0x00, 0x00, 0x00, 0x00, 0x2f, 
	0x6f, 0x00, 0x00, 0x00, 0x00, 0x00, 0x00, 0x2f, 
	0x6f, 0x00, 0x00, 0x00, 0x00, 0x00, 0x00, 0x2f, 
	0x4f, 0x00, 0x00, 0x00, 0x00, 0x00, 0x00, 0x2f, 
	0x6f, 0x4f, 0x4f, 0x4f, 0x6f, 0x6f, 0x6f, 0x6f, 
	0x6f, 0x6f, 0x5f, 0x4f, 0x6f, 0x6f, 0x6f, 0x2f, 
	0x6f, 0x4f, 0x4f, 0x4f, 0x6f, 0x6f, 0x6f, 0x6f, 
	0x6f, 0x6f, 0x5f, 0x4f, 0x4f, 0x6f, 0x6f, 0x2f, 
	0x8f, 0x1f, 0x1f, 0x4f, 0x4f, 0x1f, 0x2f, 0x1f, 
	0x1f, 0x1f, 0x1f, 0x4f, 0x2f, 0x1f, 0x1f, 0x2f, 
	0x8f, 0x1f, 0x1f, 0x4f, 0x2f, 0x2f, 0x2f, 0x4f, 
	0x4f, 0x2f, 0x2f, 0x2f, 0x2f, 0x2f, 0x2f, 0x2f, 
	0x8f, 0x00, 0x00, 0x00, 0x00, 0x00, 0x00, 0x2f, 
	0x8f, 0x00, 0x00, 0x00, 0x00, 0x00, 0x00, 0x2f, 
	0x8f, 0x00, 0x00, 0x00, 0x00, 0x00, 0x00, 0x2f, 
	0x2f, 0x00, 0x00, 0x00, 0x00, 0x00, 0x00, 0x2f, 
	0x8f, 0x00, 0x00, 0x00, 0x00, 0x00, 0x00, 0x2f, 
	0x8f, 0x00, 0x00, 0x00, 0x00, 0x00, 0x00, 0x4f, 
	0x8f, 0x00, 0x00, 0x00, 0x00, 0x00, 0x00, 0x2f, 
	0x6f, 0x00, 0x00, 0x00, 0x00, 0x00, 0x00, 0x2f, 
	0x8f, 0x00, 0x00, 0x00, 0x00, 0x00, 0x00, 0x4f, 
	0x8f, 0x00, 0x00, 0x00, 0x00, 0x00, 0x00, 0x4f, 
	0x8f, 0x00, 0x00, 0x00, 0x00, 0x00, 0x00, 0x4f, 
	0x6f, 0x00, 0x00, 0x00, 0x00, 0x00, 0x00, 0x2f, 
	0x8f, 0x00, 0x00, 0x00, 0x00, 0x00, 0x00, 0x2f, 
	0x7f, 0x00, 0x00, 0x00, 0x00, 0x00, 0x00, 0x2f, 
	0x6f, 0x00, 0x00, 0x00, 0x00, 0x00, 0x00, 0x1f, 
	0x7f, 0x00, 0x00, 0x00, 0x00, 0x00, 0x00, 0x2f, 
	0x5f, 0x00, 0x00, 0x00, 0x00, 0x00, 0x00, 0x2f, 
	0x7f, 0x00, 0x00, 0x00, 0x00, 0x00, 0x00, 0x2f, 
	0x5f, 0x00, 0x00, 0x00, 0x00, 0x00, 0x00, 0x1f, 
	0x7f, 0x00, 0x00, 0x00, 0x00, 0x00, 0x00, 0x2f, 
	0x5f, 0x00, 0x00, 0x00, 0x00, 0x00, 0x00, 0x2f, 
	0x7f, 0x00, 0x00, 0x00, 0x00, 0x00, 0x00, 0x2f, 
	0x5f, 0x00, 0x00, 0x00, 0x00, 0x00, 0x00, 0x1f, 
	0x7f, 0x00, 0x00, 0x00, 0x00, 0x00, 0x00, 0x2f, 
	0x8f, 0x8f, 0x8f, 0x6f, 0x6f, 0x2f, 0x2f, 0x2f, 
	0x7f, 0x7f, 0x7f, 0x7f, 0x6f, 0x4f, 0x4f, 0x6f, 
	0x8f, 0x8f, 0x8f, 0x8f, 0x8f, 0x8f, 0x4f, 0x1f, 
	0x7f, 0x8f, 0x8f, 0x8f, 0x8f, 0x8f, 0x7f, 0x7f, 
	
};

Gfx rmaze_Material2_ci8_aligner[] = {gsSPEndDisplayList()};
u8 rmaze_Material2_ci8[] = {
	0x00, 0x00, 0x00, 0x00, 0x00, 0x00, 0x00, 0x00, 
	0x00, 0x00, 0x00, 0x00, 0x00, 0x00, 0x00, 0x00, 
	0x00, 0x00, 0x00, 0x00, 0x00, 0x00, 0x00, 0x00, 
	0x00, 0x00, 0x00, 0x00, 0x00, 0x00, 0x00, 0x00, 
	0x00, 0x01, 0x01, 0x01, 0x02, 0x02, 0x02, 0x01, 
	0x01, 0x01, 0x03, 0x03, 0x03, 0x04, 0x04, 0x04, 
	0x05, 0x05, 0x05, 0x06, 0x06, 0x06, 0x07, 0x07, 
	0x06, 0x06, 0x06, 0x04, 0x04, 0x04, 0x03, 0x00, 
	0x00, 0x01, 0x08, 0x09, 0x09, 0x09, 0x08, 0x08, 
	0x08, 0x0a, 0x0a, 0x0a, 0x0b, 0x0b, 0x0b, 0x0c, 
	0x0c, 0x0c, 0x0d, 0x0d, 0x0d, 0x0e, 0x0e, 0x0d, 
	0x0d, 0x0d, 0x0b, 0x0b, 0x0b, 0x0a, 0x0f, 0x00, 
	0x00, 0x01, 0x09, 0x09, 0x09, 0x08, 0x08, 0x08, 
	0x0a, 0x0a, 0x0a, 0x0b, 0x0b, 0x0b, 0x0c, 0x0c, 
	0x0c, 0x0d, 0x0d, 0x0d, 0x0e, 0x0e, 0x0d, 0x0d, 
	0x0d, 0x0b, 0x0b, 0x0b, 0x0a, 0x0a, 0x0f, 0x00, 
	0x00, 0x02, 0x09, 0x09, 0x08, 0x08, 0x08, 0x0a, 
	0x0a, 0x0a, 0x0b, 0x0b, 0x0b, 0x0c, 0x0c, 0x0c, 
	0x0d, 0x0d, 0x0d, 0x0e, 0x0e, 0x0d, 0x0d, 0x0d, 
	0x0b, 0x0b, 0x0b, 0x0a, 0x0a, 0x0a, 0x10, 0x00, 
	0x00, 0x02, 0x09, 0x08, 0x08, 0x08, 0x0a, 0x0a, 
	0x0a, 0x0b, 0x0b, 0x0b, 0x0c, 0x0c, 0x0c, 0x0d, 
	0x0d, 0x0d, 0x0e, 0x0e, 0x0d, 0x0d, 0x0d, 0x0b, 
	0x0b, 0x0b, 0x0a, 0x0a, 0x0a, 0x08, 0x10, 0x00, 
	0x00, 0x02, 0x08, 0x08, 0x08, 0x0a, 0x0a, 0x0a, 
	0x0b, 0x0b, 0x0b, 0x0c, 0x0c, 0x0c, 0x0d, 0x0d, 
	0x0d, 0x0e, 0x0e, 0x0d, 0x0d, 0x0d, 0x0b, 0x0b, 
	0x0b, 0x0a, 0x0a, 0x0a, 0x08, 0x08, 0x10, 0x00, 
	0x00, 0x01, 0x08, 0x08, 0x0a, 0x0a, 0x0a, 0x0b, 
	0x0b, 0x0b, 0x0c, 0x0c, 0x0c, 0x0d, 0x0d, 0x0d, 
	0x0e, 0x0e, 0x0d, 0x0d, 0x0d, 0x0b, 0x0b, 0x0b, 
	0x0a, 0x0a, 0x0a, 0x08, 0x08, 0x08, 0x11, 0x00, 
	0x00, 0x01, 0x08, 0x0a, 0x0a, 0x0a, 0x0b, 0x0b, 
	0x0b, 0x0c, 0x0c, 0x0c, 0x0d, 0x0d, 0x0d, 0x0e, 
	0x0e, 0x0d, 0x0d, 0x0d, 0x0b, 0x0b, 0x0b, 0x0a, 
	0x0a, 0x0a, 0x08, 0x08, 0x08, 0x09, 0x11, 0x00, 
	0x00, 0x01, 0x0a, 0x0a, 0x0a, 0x0b, 0x0b, 0x0b, 
	0x0c, 0x0c, 0x0c, 0x0d, 0x0d, 0x0d, 0x0e, 0x0e, 
	0x0d, 0x0d, 0x0d, 0x0b, 0x0b, 0x0b, 0x0a, 0x0a, 
	0x0a, 0x08, 0x08, 0x08, 0x09, 0x09, 0x11, 0x00, 
	0x00, 0x03, 0x0a, 0x0a, 0x0b, 0x0b, 0x0b, 0x0c, 
	0x0c, 0x0c, 0x0d, 0x0d, 0x0d, 0x0e, 0x0e, 0x0d, 
	0x0d, 0x0d, 0x0b, 0x0b, 0x0b, 0x0a, 0x0a, 0x0a, 
	0x08, 0x08, 0x08, 0x09, 0x09, 0x09, 0x10, 0x00, 
	0x00, 0x03, 0x0a, 0x0b, 0x0b, 0x0b, 0x0c, 0x0c, 
	0x0c, 0x0d, 0x0d, 0x0d, 0x0e, 0x0e, 0x0d, 0x0d, 
	0x0d, 0x0b, 0x0b, 0x0b, 0x0a, 0x0a, 0x0a, 0x08, 
	0x08, 0x08, 0x09, 0x09, 0x09, 0x08, 0x10, 0x00, 
	0x00, 0x03, 0x0b, 0x0b, 0x0b, 0x0c, 0x0c, 0x0c, 
	0x0d, 0x0d, 0x0d, 0x0e, 0x0e, 0x0d, 0x0d, 0x0d, 
	0x0b, 0x0b, 0x0b, 0x0a, 0x0a, 0x0a, 0x08, 0x08, 
	0x08, 0x09, 0x09, 0x09, 0x08, 0x08, 0x10, 0x00, 
	0x00, 0x04, 0x0b, 0x0b, 0x0c, 0x0c, 0x0c, 0x0d, 
	0x0d, 0x0d, 0x0e, 0x0e, 0x0d, 0x0d, 0x0d, 0x0b, 
	0x0b, 0x0b, 0x0a, 0x0a, 0x0a, 0x08, 0x08, 0x08, 
	0x09, 0x09, 0x09, 0x08, 0x08, 0x08, 0x0f, 0x00, 
	0x00, 0x04, 0x0b, 0x0c, 0x0c, 0x0c, 0x0d, 0x0d, 
	0x0d, 0x0e, 0x0e, 0x0d, 0x0d, 0x0d, 0x0b, 0x0b, 
	0x0b, 0x0a, 0x0a, 0x0a, 0x08, 0x08, 0x08, 0x09, 
	0x09, 0x09, 0x08, 0x08, 0x08, 0x0a, 0x0f, 0x00, 
	0x00, 0x04, 0x0c, 0x0c, 0x0c, 0x0d, 0x0d, 0x0d, 
	0x0e, 0x0e, 0x0d, 0x0d, 0x0d, 0x0b, 0x0b, 0x0b, 
	0x0a, 0x0a, 0x0a, 0x08, 0x08, 0x08, 0x09, 0x09, 
	0x09, 0x08, 0x08, 0x08, 0x0a, 0x0a, 0x0f, 0x00, 
	0x00, 0x05, 0x0c, 0x0c, 0x0d, 0x0d, 0x0d, 0x0e, 
	0x0e, 0x0d, 0x0d, 0x0d, 0x0b, 0x0b, 0x0b, 0x0a, 
	0x0a, 0x0a, 0x08, 0x08, 0x08, 0x09, 0x09, 0x09, 
	0x08, 0x08, 0x08, 0x0a, 0x0a, 0x0a, 0x12, 0x00, 
	0x00, 0x05, 0x0c, 0x0d, 0x0d, 0x0d, 0x0e, 0x0e, 
	0x0d, 0x0d, 0x0d, 0x0b, 0x0b, 0x0b, 0x0a, 0x0a, 
	0x0a, 0x08, 0x08, 0x08, 0x09, 0x09, 0x09, 0x08, 
	0x08, 0x08, 0x0a, 0x0a, 0x0a, 0x0b, 0x12, 0x00, 
	0x00, 0x05, 0x0d, 0x0d, 0x0d, 0x0e, 0x0e, 0x0d, 
	0x0d, 0x0d, 0x0b, 0x0b, 0x0b, 0x0a, 0x0a, 0x0a, 
	0x08, 0x08, 0x08, 0x09, 0x09, 0x09, 0x08, 0x08, 
	0x08, 0x0a, 0x0a, 0x0a, 0x0b, 0x0b, 0x12, 0x00, 
	0x00, 0x06, 0x0d, 0x0d, 0x0e, 0x0e, 0x0d, 0x0d, 
	0x0d, 0x0b, 0x0b, 0x0b, 0x0a, 0x0a, 0x0a, 0x08, 
	0x08, 0x08, 0x09, 0x09, 0x09, 0x08, 0x08, 0x08, 
	0x0a, 0x0a, 0x0a, 0x0b, 0x0b, 0x0b, 0x13, 0x00, 
	0x00, 0x06, 0x0d, 0x0e, 0x0e, 0x0d, 0x0d, 0x0d, 
	0x0b, 0x0b, 0x0b, 0x0a, 0x0a, 0x0a, 0x08, 0x08, 
	0x08, 0x09, 0x09, 0x09, 0x08, 0x08, 0x08, 0x0a, 
	0x0a, 0x0a, 0x0b, 0x0b, 0x0b, 0x0c, 0x13, 0x00, 
	0x00, 0x06, 0x0e, 0x0e, 0x0d, 0x0d, 0x0d, 0x0b, 
	0x0b, 0x0b, 0x0a, 0x0a, 0x0a, 0x08, 0x08, 0x08, 
	0x09, 0x09, 0x09, 0x08, 0x08, 0x08, 0x0a, 0x0a, 
	0x0a, 0x0b, 0x0b, 0x0b, 0x0c, 0x0c, 0x13, 0x00, 
	0x00, 0x07, 0x0e, 0x0d, 0x0d, 0x0d, 0x0b, 0x0b, 
	0x0b, 0x0a, 0x0a, 0x0a, 0x08, 0x08, 0x08, 0x09, 
	0x09, 0x09, 0x08, 0x08, 0x08, 0x0a, 0x0a, 0x0a, 
	0x0b, 0x0b, 0x0b, 0x0c, 0x0c, 0x0c, 0x14, 0x00, 
	0x00, 0x07, 0x0d, 0x0d, 0x0d, 0x0b, 0x0b, 0x0b, 
	0x0a, 0x0a, 0x0a, 0x08, 0x08, 0x08, 0x09, 0x09, 
	0x09, 0x08, 0x08, 0x08, 0x0a, 0x0a, 0x0a, 0x0b, 
	0x0b, 0x0b, 0x0c, 0x0c, 0x0c, 0x0d, 0x14, 0x00, 
	0x00, 0x06, 0x0d, 0x0d, 0x0b, 0x0b, 0x0b, 0x0a, 
	0x0a, 0x0a, 0x08, 0x08, 0x08, 0x09, 0x09, 0x09, 
	0x08, 0x08, 0x08, 0x0a, 0x0a, 0x0a, 0x0b, 0x0b, 
	0x0b, 0x0c, 0x0c, 0x0c, 0x0d, 0x0d, 0x14, 0x00, 
	0x00, 0x06, 0x0d, 0x0b, 0x0b, 0x0b, 0x0a, 0x0a, 
	0x0a, 0x08, 0x08, 0x08, 0x09, 0x09, 0x09, 0x08, 
	0x08, 0x08, 0x0a, 0x0a, 0x0a, 0x0b, 0x0b, 0x0b, 
	0x0c, 0x0c, 0x0c, 0x0d, 0x0d, 0x0d, 0x15, 0x00, 
	0x00, 0x06, 0x0b, 0x0b, 0x0b, 0x0a, 0x0a, 0x0a, 
	0x08, 0x08, 0x08, 0x09, 0x09, 0x09, 0x08, 0x08, 
	0x08, 0x0a, 0x0a, 0x0a, 0x0b, 0x0b, 0x0b, 0x0c, 
	0x0c, 0x0c, 0x0d, 0x0d, 0x0d, 0x0e, 0x15, 0x00, 
	0x00, 0x04, 0x0b, 0x0b, 0x0a, 0x0a, 0x0a, 0x08, 
	0x08, 0x08, 0x09, 0x09, 0x09, 0x08, 0x08, 0x08, 
	0x0a, 0x0a, 0x0a, 0x0b, 0x0b, 0x0b, 0x0c, 0x0c, 
	0x0c, 0x0d, 0x0d, 0x0d, 0x0e, 0x0e, 0x14, 0x00, 
	0x00, 0x04, 0x0b, 0x0a, 0x0a, 0x0a, 0x08, 0x08, 
	0x08, 0x09, 0x09, 0x09, 0x08, 0x08, 0x08, 0x0a, 
	0x0a, 0x0a, 0x0b, 0x0b, 0x0b, 0x0c, 0x0c, 0x0c, 
	0x0d, 0x0d, 0x0d, 0x0e, 0x0e, 0x0d, 0x14, 0x00, 
	0x00, 0x04, 0x0a, 0x0a, 0x0a, 0x08, 0x08, 0x08, 
	0x09, 0x09, 0x09, 0x08, 0x08, 0x08, 0x0a, 0x0a, 
	0x0a, 0x0b, 0x0b, 0x0b, 0x0c, 0x0c, 0x0c, 0x0d, 
	0x0d, 0x0d, 0x0e, 0x0e, 0x0d, 0x0d, 0x14, 0x00, 
	0x00, 0x03, 0x0f, 0x0f, 0x10, 0x10, 0x10, 0x11, 
	0x11, 0x11, 0x10, 0x10, 0x10, 0x0f, 0x0f, 0x0f, 
	0x12, 0x12, 0x12, 0x13, 0x13, 0x13, 0x14, 0x14, 
	0x14, 0x15, 0x15, 0x14, 0x14, 0x14, 0x12, 0x00, 
	0x00, 0x00, 0x00, 0x00, 0x00, 0x00, 0x00, 0x00, 
	0x00, 0x00, 0x00, 0x00, 0x00, 0x00, 0x00, 0x00, 
	0x00, 0x00, 0x00, 0x00, 0x00, 0x00, 0x00, 0x00, 
	0x00, 0x00, 0x00, 0x00, 0x00, 0x00, 0x00, 0x00, 
	0x00, 0x00, 0x00, 0x00, 0x00, 0x00, 0x00, 0x00, 
	0x00, 0x00, 0x00, 0x00, 0x00, 0x00, 0x00, 0x00, 
	0x00, 0x00, 0x00, 0x00, 0x00, 0x00, 0x00, 0x00, 
	0x00, 0x00, 0x00, 0x00, 0x00, 0x00, 0x00, 0x00, 
	0x00, 0x01, 0x01, 0x01, 0x02, 0x02, 0x02, 0x01, 
	0x01, 0x01, 0x03, 0x03, 0x03, 0x04, 0x04, 0x04, 
	0x05, 0x05, 0x05, 0x06, 0x06, 0x06, 0x07, 0x07, 
	0x06, 0x06, 0x06, 0x04, 0x04, 0x04, 0x03, 0x00, 
	0x00, 0x01, 0x08, 0x09, 0x09, 0x09, 0x08, 0x08, 
	0x08, 0x0a, 0x0a, 0x0a, 0x0b, 0x0b, 0x0b, 0x0c, 
	0x0c, 0x0c, 0x0d, 0x0d, 0x0d, 0x0e, 0x0e, 0x0d, 
	0x0d, 0x0d, 0x0b, 0x0b, 0x0b, 0x0a, 0x0f, 0x00, 
	0x00, 0x01, 0x09, 0x09, 0x09, 0x08, 0x08, 0x08, 
	0x0a, 0x0a, 0x0a, 0x0b, 0x0b, 0x0b, 0x0c, 0x0c, 
	0x0c, 0x0d, 0x0d, 0x0d, 0x0e, 0x0e, 0x0d, 0x0d, 
	0x0d, 0x0b, 0x0b, 0x0b, 0x0a, 0x0a, 0x0f, 0x00, 
	0x00, 0x02, 0x09, 0x09, 0x08, 0x08, 0x08, 0x0a, 
	0x0a, 0x0a, 0x0b, 0x0b, 0x0b, 0x0c, 0x0c, 0x0c, 
	0x0d, 0x0d, 0x0d, 0x0e, 0x0e, 0x0d, 0x0d, 0x0d, 
	0x0b, 0x0b, 0x0b, 0x0a, 0x0a, 0x0a, 0x10, 0x00, 
	0x00, 0x02, 0x09, 0x08, 0x08, 0x08, 0x0a, 0x0a, 
	0x0a, 0x0b, 0x0b, 0x0b, 0x0c, 0x0c, 0x0c, 0x0d, 
	0x0d, 0x0d, 0x0e, 0x0e, 0x0d, 0x0d, 0x0d, 0x0b, 
	0x0b, 0x0b, 0x0a, 0x0a, 0x0a, 0x08, 0x10, 0x00, 
	0x00, 0x02, 0x08, 0x08, 0x08, 0x0a, 0x0a, 0x0a, 
	0x0b, 0x0b, 0x0b, 0x0c, 0x0c, 0x0c, 0x0d, 0x0d, 
	0x0d, 0x0e, 0x0e, 0x0d, 0x0d, 0x0d, 0x0b, 0x0b, 
	0x0b, 0x0a, 0x0a, 0x0a, 0x08, 0x08, 0x10, 0x00, 
	0x00, 0x01, 0x08, 0x08, 0x0a, 0x0a, 0x0a, 0x0b, 
	0x0b, 0x0b, 0x0c, 0x0c, 0x0c, 0x0d, 0x0d, 0x0d, 
	0x0e, 0x0e, 0x0d, 0x0d, 0x0d, 0x0b, 0x0b, 0x0b, 
	0x0a, 0x0a, 0x0a, 0x08, 0x08, 0x08, 0x11, 0x00, 
	0x00, 0x01, 0x08, 0x0a, 0x0a, 0x0a, 0x0b, 0x0b, 
	0x0b, 0x0c, 0x0c, 0x0c, 0x0d, 0x0d, 0x0d, 0x0e, 
	0x0e, 0x0d, 0x0d, 0x0d, 0x0b, 0x0b, 0x0b, 0x0a, 
	0x0a, 0x0a, 0x08, 0x08, 0x08, 0x09, 0x11, 0x00, 
	0x00, 0x01, 0x0a, 0x0a, 0x0a, 0x0b, 0x0b, 0x0b, 
	0x0c, 0x0c, 0x0c, 0x0d, 0x0d, 0x0d, 0x0e, 0x0e, 
	0x0d, 0x0d, 0x0d, 0x0b, 0x0b, 0x0b, 0x0a, 0x0a, 
	0x0a, 0x08, 0x08, 0x08, 0x09, 0x09, 0x11, 0x00, 
	0x00, 0x03, 0x0a, 0x0a, 0x0b, 0x0b, 0x0b, 0x0c, 
	0x0c, 0x0c, 0x0d, 0x0d, 0x0d, 0x0e, 0x0e, 0x0d, 
	0x0d, 0x0d, 0x0b, 0x0b, 0x0b, 0x0a, 0x0a, 0x0a, 
	0x08, 0x08, 0x08, 0x09, 0x09, 0x09, 0x10, 0x00, 
	0x00, 0x03, 0x0a, 0x0b, 0x0b, 0x0b, 0x0c, 0x0c, 
	0x0c, 0x0d, 0x0d, 0x0d, 0x0e, 0x0e, 0x0d, 0x0d, 
	0x0d, 0x0b, 0x0b, 0x0b, 0x0a, 0x0a, 0x0a, 0x08, 
	0x08, 0x08, 0x09, 0x09, 0x09, 0x08, 0x10, 0x00, 
	0x00, 0x03, 0x0b, 0x0b, 0x0b, 0x0c, 0x0c, 0x0c, 
	0x0d, 0x0d, 0x0d, 0x0e, 0x0e, 0x0d, 0x0d, 0x0d, 
	0x0b, 0x0b, 0x0b, 0x0a, 0x0a, 0x0a, 0x08, 0x08, 
	0x08, 0x09, 0x09, 0x09, 0x08, 0x08, 0x10, 0x00, 
	0x00, 0x04, 0x0b, 0x0b, 0x0c, 0x0c, 0x0c, 0x0d, 
	0x0d, 0x0d, 0x0e, 0x0e, 0x0d, 0x0d, 0x0d, 0x0b, 
	0x0b, 0x0b, 0x0a, 0x0a, 0x0a, 0x08, 0x08, 0x08, 
	0x09, 0x09, 0x09, 0x08, 0x08, 0x08, 0x0f, 0x00, 
	0x00, 0x04, 0x0b, 0x0c, 0x0c, 0x0c, 0x0d, 0x0d, 
	0x0d, 0x0e, 0x0e, 0x0d, 0x0d, 0x0d, 0x0b, 0x0b, 
	0x0b, 0x0a, 0x0a, 0x0a, 0x08, 0x08, 0x08, 0x09, 
	0x09, 0x09, 0x08, 0x08, 0x08, 0x0a, 0x0f, 0x00, 
	0x00, 0x04, 0x0c, 0x0c, 0x0c, 0x0d, 0x0d, 0x0d, 
	0x0e, 0x0e, 0x0d, 0x0d, 0x0d, 0x0b, 0x0b, 0x0b, 
	0x0a, 0x0a, 0x0a, 0x08, 0x08, 0x08, 0x09, 0x09, 
	0x09, 0x08, 0x08, 0x08, 0x0a, 0x0a, 0x0f, 0x00, 
	0x00, 0x05, 0x0c, 0x0c, 0x0d, 0x0d, 0x0d, 0x0e, 
	0x0e, 0x0d, 0x0d, 0x0d, 0x0b, 0x0b, 0x0b, 0x0a, 
	0x0a, 0x0a, 0x08, 0x08, 0x08, 0x09, 0x09, 0x09, 
	0x08, 0x08, 0x08, 0x0a, 0x0a, 0x0a, 0x12, 0x00, 
	0x00, 0x05, 0x0c, 0x0d, 0x0d, 0x0d, 0x0e, 0x0e, 
	0x0d, 0x0d, 0x0d, 0x0b, 0x0b, 0x0b, 0x0a, 0x0a, 
	0x0a, 0x08, 0x08, 0x08, 0x09, 0x09, 0x09, 0x08, 
	0x08, 0x08, 0x0a, 0x0a, 0x0a, 0x0b, 0x12, 0x00, 
	0x00, 0x05, 0x0d, 0x0d, 0x0d, 0x0e, 0x0e, 0x0d, 
	0x0d, 0x0d, 0x0b, 0x0b, 0x0b, 0x0a, 0x0a, 0x0a, 
	0x08, 0x08, 0x08, 0x09, 0x09, 0x09, 0x08, 0x08, 
	0x08, 0x0a, 0x0a, 0x0a, 0x0b, 0x0b, 0x12, 0x00, 
	0x00, 0x06, 0x0d, 0x0d, 0x0e, 0x0e, 0x0d, 0x0d, 
	0x0d, 0x0b, 0x0b, 0x0b, 0x0a, 0x0a, 0x0a, 0x08, 
	0x08, 0x08, 0x09, 0x09, 0x09, 0x08, 0x08, 0x08, 
	0x0a, 0x0a, 0x0a, 0x0b, 0x0b, 0x0b, 0x13, 0x00, 
	0x00, 0x06, 0x0d, 0x0e, 0x0e, 0x0d, 0x0d, 0x0d, 
	0x0b, 0x0b, 0x0b, 0x0a, 0x0a, 0x0a, 0x08, 0x08, 
	0x08, 0x09, 0x09, 0x09, 0x08, 0x08, 0x08, 0x0a, 
	0x0a, 0x0a, 0x0b, 0x0b, 0x0b, 0x0c, 0x13, 0x00, 
	0x00, 0x06, 0x0e, 0x0e, 0x0d, 0x0d, 0x0d, 0x0b, 
	0x0b, 0x0b, 0x0a, 0x0a, 0x0a, 0x08, 0x08, 0x08, 
	0x09, 0x09, 0x09, 0x08, 0x08, 0x08, 0x0a, 0x0a, 
	0x0a, 0x0b, 0x0b, 0x0b, 0x0c, 0x0c, 0x13, 0x00, 
	0x00, 0x07, 0x0e, 0x0d, 0x0d, 0x0d, 0x0b, 0x0b, 
	0x0b, 0x0a, 0x0a, 0x0a, 0x08, 0x08, 0x08, 0x09, 
	0x09, 0x09, 0x08, 0x08, 0x08, 0x0a, 0x0a, 0x0a, 
	0x0b, 0x0b, 0x0b, 0x0c, 0x0c, 0x0c, 0x14, 0x00, 
	0x00, 0x07, 0x0d, 0x0d, 0x0d, 0x0b, 0x0b, 0x0b, 
	0x0a, 0x0a, 0x0a, 0x08, 0x08, 0x08, 0x09, 0x09, 
	0x09, 0x08, 0x08, 0x08, 0x0a, 0x0a, 0x0a, 0x0b, 
	0x0b, 0x0b, 0x0c, 0x0c, 0x0c, 0x0d, 0x14, 0x00, 
	0x00, 0x06, 0x0d, 0x0d, 0x0b, 0x0b, 0x0b, 0x0a, 
	0x0a, 0x0a, 0x08, 0x08, 0x08, 0x09, 0x09, 0x09, 
	0x08, 0x08, 0x08, 0x0a, 0x0a, 0x0a, 0x0b, 0x0b, 
	0x0b, 0x0c, 0x0c, 0x0c, 0x0d, 0x0d, 0x14, 0x00, 
	0x00, 0x06, 0x0d, 0x0b, 0x0b, 0x0b, 0x0a, 0x0a, 
	0x0a, 0x08, 0x08, 0x08, 0x09, 0x09, 0x09, 0x08, 
	0x08, 0x08, 0x0a, 0x0a, 0x0a, 0x0b, 0x0b, 0x0b, 
	0x0c, 0x0c, 0x0c, 0x0d, 0x0d, 0x0d, 0x15, 0x00, 
	0x00, 0x06, 0x0b, 0x0b, 0x0b, 0x0a, 0x0a, 0x0a, 
	0x08, 0x08, 0x08, 0x09, 0x09, 0x09, 0x08, 0x08, 
	0x08, 0x0a, 0x0a, 0x0a, 0x0b, 0x0b, 0x0b, 0x0c, 
	0x0c, 0x0c, 0x0d, 0x0d, 0x0d, 0x0e, 0x15, 0x00, 
	0x00, 0x04, 0x0b, 0x0b, 0x0a, 0x0a, 0x0a, 0x08, 
	0x08, 0x08, 0x09, 0x09, 0x09, 0x08, 0x08, 0x08, 
	0x0a, 0x0a, 0x0a, 0x0b, 0x0b, 0x0b, 0x0c, 0x0c, 
	0x0c, 0x0d, 0x0d, 0x0d, 0x0e, 0x0e, 0x14, 0x00, 
	0x00, 0x04, 0x0b, 0x0a, 0x0a, 0x0a, 0x08, 0x08, 
	0x08, 0x09, 0x09, 0x09, 0x08, 0x08, 0x08, 0x0a, 
	0x0a, 0x0a, 0x0b, 0x0b, 0x0b, 0x0c, 0x0c, 0x0c, 
	0x0d, 0x0d, 0x0d, 0x0e, 0x0e, 0x0d, 0x14, 0x00, 
	0x00, 0x04, 0x0a, 0x0a, 0x0a, 0x08, 0x08, 0x08, 
	0x09, 0x09, 0x09, 0x08, 0x08, 0x08, 0x0a, 0x0a, 
	0x0a, 0x0b, 0x0b, 0x0b, 0x0c, 0x0c, 0x0c, 0x0d, 
	0x0d, 0x0d, 0x0e, 0x0e, 0x0d, 0x0d, 0x14, 0x00, 
	0x00, 0x03, 0x0f, 0x0f, 0x10, 0x10, 0x10, 0x11, 
	0x11, 0x11, 0x10, 0x10, 0x10, 0x0f, 0x0f, 0x0f, 
	0x12, 0x12, 0x12, 0x13, 0x13, 0x13, 0x14, 0x14, 
	0x14, 0x15, 0x15, 0x14, 0x14, 0x14, 0x12, 0x00, 
	0x00, 0x00, 0x00, 0x00, 0x00, 0x00, 0x00, 0x00, 
	0x00, 0x00, 0x00, 0x00, 0x00, 0x00, 0x00, 0x00, 
	0x00, 0x00, 0x00, 0x00, 0x00, 0x00, 0x00, 0x00, 
	0x00, 0x00, 0x00, 0x00, 0x00, 0x00, 0x00, 0x00, 
	
};

Gfx rmaze_Material2_pal_rgba16_aligner[] = {gsSPEndDisplayList()};
u8 rmaze_Material2_pal_rgba16[] = {
	0x33, 0x63, 0x85, 0x73, 0x64, 0xef, 0x9e, 0x35, 
	0xb6, 0xb7, 0xce, 0xf9, 0xef, 0x7d, 0xf7, 0xbd, 
	0x6c, 0xed, 0x4c, 0x6b, 0x85, 0xaf, 0x9d, 0xf3, 
	0xbe, 0x75, 0xd6, 0xf7, 0xe7, 0x39, 0x74, 0xeb, 
	0x5c, 0x69, 0x3b, 0xa7, 0x8d, 0x6d, 0xa5, 0xaf, 
	0xc6, 0x33, 0xce, 0x73, 
};

Vtx rmaze_rmaze_mesh_layer_1_vtx_0[156] = {
	{{ {-1128, 263, 772}, 0, {9218, 4800}, {255, 255, 255, 255} }},
	{{ {-1575, 263, 772}, 0, {6682, 4800}, {255, 255, 255, 255} }},
	{{ {-1128, 263, 1000}, 0, {9218, 6092}, {255, 255, 255, 255} }},
	{{ {-1128, 263, 1400}, 0, {9218, 8361}, {255, 255, 255, 255} }},
	{{ {-1320, 263, 1400}, 0, {8125, 8361}, {255, 255, 255, 255} }},
	{{ {-1320, 263, 2114}, 0, {8125, 12413}, {255, 255, 255, 255} }},
	{{ {-2591, 263, 3000}, 0, {916, 17436}, {255, 255, 255, 255} }},
	{{ {-3050, 263, 2514}, 0, {-1687, 14682}, {255, 255, 255, 255} }},
	{{ {-3050, 263, 3000}, 0, {-1687, 17436}, {255, 255, 255, 255} }},
	{{ {-2591, 263, 2514}, 0, {916, 14682}, {255, 255, 255, 255} }},
	{{ {-1576, 263, 3000}, 0, {6673, 17436}, {255, 255, 255, 255} }},
	{{ {-2191, 263, 2514}, 0, {3185, 14682}, {255, 255, 255, 255} }},
	{{ {-946, 263, 3000}, 0, {10250, 17436}, {255, 255, 255, 255} }},
	{{ {-1720, 263, 2514}, 0, {5856, 14682}, {255, 255, 255, 255} }},
	{{ {-1320, 263, 2514}, 0, {8125, 14682}, {255, 255, 255, 255} }},
	{{ {-2591, 263, 2114}, 0, {916, 12413}, {255, 255, 255, 255} }},
	{{ {-3050, 263, 1909}, 0, {-1687, 11245}, {255, 255, 255, 255} }},
	{{ {-2591, 263, 1400}, 0, {916, 8361}, {255, 255, 255, 255} }},
	{{ {-3493, 263, 1400}, 0, {-4199, 8361}, {255, 255, 255, 255} }},
	{{ {-1061, 263, -1000}, 0, {9596, -5252}, {255, 255, 255, 255} }},
	{{ {-2191, 263, -1000}, 0, {3185, -5252}, {255, 255, 255, 255} }},
	{{ {-2191, 263, -200}, 0, {3185, -714}, {255, 255, 255, 255} }},
	{{ {-331, 263, -200}, 0, {13738, -714}, {255, 255, 255, 255} }},
	{{ {-661, 263, -1000}, 0, {11865, -5252}, {255, 255, 255, 255} }},
	{{ {-661, 263, -1400}, 0, {11865, -7521}, {255, 255, 255, 255} }},
	{{ {-331, 263, -2973}, 0, {13738, -16444}, {255, 255, 255, 255} }},
	{{ {-731, 263, -2973}, 0, {11469, -16444}, {255, 255, 255, 255} }},
	{{ {-1061, 263, -1400}, 0, {9596, -7521}, {255, 255, 255, 255} }},
	{{ {-731, 263, -2973}, 0, {11469, -16444}, {255, 255, 255, 255} }},
	{{ {-1861, 263, -2973}, 0, {5058, -16444}, {255, 255, 255, 255} }},
	{{ {-2191, 263, -1400}, 0, {3185, -7521}, {255, 255, 255, 255} }},
	{{ {-2591, 263, -2973}, 0, {916, -16444}, {255, 255, 255, 255} }},
	{{ {-2191, 263, -1400}, 0, {3185, -7521}, {255, 255, 255, 255} }},
	{{ {-2591, 263, -2973}, 0, {916, -16444}, {255, 255, 255, 255} }},
	{{ {-2591, 263, -1400}, 0, {916, -7521}, {255, 255, 255, 255} }},
	{{ {-2191, 263, 2114}, 0, {3185, 12413}, {255, 255, 255, 255} }},
	{{ {-1720, 263, 2114}, 0, {5856, 12413}, {255, 255, 255, 255} }},
	{{ {-1720, 263, 1400}, 0, {5856, 8361}, {255, 255, 255, 255} }},
	{{ {-2191, 263, 1400}, 0, {3185, 8361}, {255, 255, 255, 255} }},
	{{ {-2591, 507, 950}, 0, {916, 5808}, {255, 255, 255, 255} }},
	{{ {-2591, 526, 250}, 0, {916, 1838}, {255, 255, 255, 255} }},
	{{ {-3543, 526, 250}, 0, {-4482, 1838}, {255, 255, 255, 255} }},
	{{ {-3543, 507, 950}, 0, {-4482, 5808}, {255, 255, 255, 255} }},
	{{ {-4025, 526, 250}, 0, {-7214, 1838}, {255, 255, 255, 255} }},
	{{ {-4025, 526, 576}, 0, {-7214, 3687}, {255, 255, 255, 255} }},
	{{ {-4186, 507, 1450}, 0, {-8127, 8644}, {255, 255, 255, 255} }},
	{{ {-4854, 526, 576}, 0, {-11920, 3687}, {255, 255, 255, 255} }},
	{{ {-4854, 507, 1450}, 0, {-11920, 8644}, {255, 255, 255, 255} }},
	{{ {-5000, 526, 576}, 0, {-12746, 3687}, {255, 255, 255, 255} }},
	{{ {-5000, 507, 1450}, 0, {-12746, 8644}, {255, 255, 255, 255} }},
	{{ {-3543, 507, 1450}, 0, {-4482, 8644}, {255, 255, 255, 255} }},
	{{ {-3893, 263, 1909}, 0, {-6467, 11245}, {255, 255, 255, 255} }},
	{{ {-3893, 263, 1450}, 0, {-6467, 8644}, {255, 255, 255, 255} }},
	{{ {-4186, 263, 1450}, 0, {-8127, 8644}, {255, 255, 255, 255} }},
	{{ {-4186, 263, 1909}, 0, {-8127, 11245}, {255, 255, 255, 255} }},
	{{ {-5000, 997, -2054}, 0, {-12746, -11230}, {144, 144, 144, 255} }},
	{{ {-4579, 997, -2054}, 0, {-10355, -11230}, {255, 255, 255, 255} }},
	{{ {-4579, 997, -2973}, 0, {-10355, -16444}, {144, 144, 144, 255} }},
	{{ {-5000, 997, -2973}, 0, {-12746, -16444}, {144, 144, 144, 255} }},
	{{ {-3493, 263, 1909}, 0, {-4199, 11245}, {255, 255, 255, 255} }},
	{{ {-3050, 263, 1909}, 0, {-1687, 11245}, {255, 255, 255, 255} }},
	{{ {-3493, 263, 1450}, 0, {-4199, 8644}, {255, 255, 255, 255} }},
	{{ {-3493, 263, 1400}, 0, {-4199, 8361}, {255, 255, 255, 255} }},
	{{ {-2591, 526, -250}, 0, {916, -998}, {255, 255, 255, 255} }},
	{{ {-2591, 526, -1000}, 0, {916, -5252}, {255, 255, 255, 255} }},
	{{ {-3066, 526, -1000}, 0, {-1778, -5252}, {255, 255, 255, 255} }},
	{{ {-3066, 526, -250}, 0, {-1778, -998}, {255, 255, 255, 255} }},
	{{ {-3893, 526, -1000}, 0, {-6467, -5252}, {255, 255, 255, 255} }},
	{{ {-3893, 526, -250}, 0, {-6467, -998}, {255, 255, 255, 255} }},
	{{ {-4025, 526, -576}, 0, {-7214, -2846}, {255, 255, 255, 255} }},
	{{ {-5000, 526, -1000}, 0, {-12746, -5252}, {255, 255, 255, 255} }},
	{{ {-5000, 526, -576}, 0, {-12746, -2846}, {255, 255, 255, 255} }},
	{{ {-4025, 526, -250}, 0, {-7214, -998}, {255, 255, 255, 255} }},
	{{ {-3493, 263, -2004}, 0, {-4199, -10946}, {255, 255, 255, 255} }},
	{{ {-3493, 263, -1654}, 0, {-4199, -8961}, {255, 255, 255, 255} }},
	{{ {-2591, 263, -1654}, 0, {916, -8961}, {255, 255, 255, 255} }},
	{{ {-3443, 263, -2004}, 0, {-3915, -10946}, {255, 255, 255, 255} }},
	{{ {-2591, 263, -2973}, 0, {916, -16444}, {255, 255, 255, 255} }},
	{{ {-3443, 263, -2973}, 0, {-3915, -16444}, {255, 255, 255, 255} }},
	{{ {-3493, 263, -1400}, 0, {-4199, -7521}, {255, 255, 255, 255} }},
	{{ {-2591, 263, -1400}, 0, {916, -7521}, {255, 255, 255, 255} }},
	{{ {-2591, 263, -1654}, 0, {916, -8961}, {255, 255, 255, 255} }},
	{{ {-400, 263, -200}, 0, {13343, -714}, {255, 255, 255, 255} }},
	{{ {-331, 263, 200}, 0, {13738, 1555}, {255, 255, 255, 255} }},
	{{ {-331, 263, -200}, 0, {13738, -714}, {255, 255, 255, 255} }},
	{{ {-400, 263, 200}, 0, {13343, 1555}, {255, 255, 255, 255} }},
	{{ {-400, 263, 372}, 0, {13343, 2531}, {255, 255, 255, 255} }},
	{{ {-946, 263, 200}, 0, {10250, 1555}, {255, 255, 255, 255} }},
	{{ {-546, 263, 372}, 0, {12519, 2531}, {255, 255, 255, 255} }},
	{{ {-331, 263, 372}, 0, {13738, 2531}, {255, 255, 255, 255} }},
	{{ {-331, 263, 772}, 0, {13738, 4800}, {255, 255, 255, 255} }},
	{{ {-400, 263, 772}, 0, {13343, 4800}, {255, 255, 255, 255} }},
	{{ {-400, 263, 3000}, 0, {13343, 17436}, {255, 255, 255, 255} }},
	{{ {-331, 263, 3000}, 0, {13738, 17436}, {255, 255, 255, 255} }},
	{{ {-5000, 263, -1000}, 0, {-12746, -5252}, {191, 191, 191, 255} }},
	{{ {-3893, 263, -1000}, 0, {-6467, -5252}, {255, 255, 255, 255} }},
	{{ {-3893, 263, -2004}, 0, {-6467, -10946}, {255, 255, 255, 255} }},
	{{ {-5000, 263, -2004}, 0, {-12746, -10946}, {255, 255, 255, 255} }},
	{{ {-4186, 997, 1959}, 0, {-8127, 11529}, {255, 255, 255, 255} }},
	{{ {-5000, 997, 1959}, 0, {-12746, 11529}, {121, 121, 121, 255} }},
	{{ {-5000, 997, 3000}, 0, {-12746, 17436}, {128, 128, 128, 255} }},
	{{ {-4186, 997, 3000}, 0, {-8127, 17436}, {255, 255, 255, 255} }},
	{{ {-5000, 263, 1909}, 0, {-12746, 11245}, {143, 143, 143, 255} }},
	{{ {-4186, 263, 1909}, 0, {-8127, 11245}, {255, 255, 255, 255} }},
	{{ {-4186, 263, 1450}, 0, {-8127, 8644}, {255, 255, 255, 255} }},
	{{ {-5000, 263, 1450}, 0, {-12746, 8644}, {157, 157, 157, 255} }},
	{{ {-546, 263, 372}, 0, {12519, 2531}, {255, 255, 255, 255} }},
	{{ {-946, 263, 200}, 0, {10250, 1555}, {255, 255, 255, 255} }},
	{{ {-1346, 263, 200}, 0, {7981, 1555}, {255, 255, 255, 255} }},
	{{ {-946, 263, 372}, 0, {10250, 2531}, {255, 255, 255, 255} }},
	{{ {-946, 263, 372}, 0, {10250, 2531}, {255, 255, 255, 255} }},
	{{ {-1575, 263, 200}, 0, {6682, 1555}, {255, 255, 255, 255} }},
	{{ {-1575, 263, 372}, 0, {6682, 2531}, {255, 255, 255, 255} }},
	{{ {-2191, 263, 200}, 0, {3185, 1555}, {255, 255, 255, 255} }},
	{{ {-1975, 263, 372}, 0, {4413, 2531}, {255, 255, 255, 255} }},
	{{ {-2191, 263, 200}, 0, {3185, 1555}, {255, 255, 255, 255} }},
	{{ {-2191, 263, 1000}, 0, {3185, 6092}, {255, 255, 255, 255} }},
	{{ {-1975, 263, 772}, 0, {4413, 4800}, {255, 255, 255, 255} }},
	{{ {-1128, 263, 1000}, 0, {9218, 6092}, {255, 255, 255, 255} }},
	{{ {-1575, 263, 772}, 0, {6682, 4800}, {255, 255, 255, 255} }},
	{{ {-400, 263, 772}, 0, {13343, 4800}, {255, 255, 255, 255} }},
	{{ {-728, 263, 772}, 0, {11487, 4800}, {255, 255, 255, 255} }},
	{{ {-728, 263, 1000}, 0, {11487, 6092}, {255, 255, 255, 255} }},
	{{ {-400, 263, 3000}, 0, {13343, 17436}, {255, 255, 255, 255} }},
	{{ {-728, 263, 1400}, 0, {11487, 8361}, {255, 255, 255, 255} }},
	{{ {-400, 263, 3000}, 0, {13343, 17436}, {255, 255, 255, 255} }},
	{{ {-728, 263, 1400}, 0, {11487, 8361}, {255, 255, 255, 255} }},
	{{ {-728, 263, 1800}, 0, {11487, 10630}, {255, 255, 255, 255} }},
	{{ {-400, 263, 3000}, 0, {13343, 17436}, {255, 255, 255, 255} }},
	{{ {-1320, 263, 2114}, 0, {8125, 12413}, {255, 255, 255, 255} }},
	{{ {-1128, 263, 1800}, 0, {9218, 10630}, {255, 255, 255, 255} }},
	{{ {-1128, 263, 1400}, 0, {9218, 8361}, {255, 255, 255, 255} }},
	{{ {-1320, 263, 2514}, 0, {8125, 14682}, {255, 255, 255, 255} }},
	{{ {-946, 263, 3000}, 0, {10250, 17436}, {255, 255, 255, 255} }},
	{{ {-4656, 1325, -2629}, 0, {-8564, -8564}, {255, 255, 255, 255} }},
	{{ {-4656, 1325, -1885}, 0, {-8564, -6014}, {255, 255, 255, 255} }},
	{{ {-5000, 1325, -1997}, 0, {-9744, -6398}, {240, 240, 240, 255} }},
	{{ {-5000, 1325, 576}, 0, {-9744, 2425}, {193, 193, 193, 255} }},
	{{ {-5000, 1325, 1896}, 0, {-9744, 6951}, {162, 162, 162, 255} }},
	{{ {-5000, 1325, 3000}, 0, {-9744, 10736}, {127, 127, 127, 255} }},
	{{ {-4656, 1325, 2656}, 0, {-8564, 9556}, {255, 255, 255, 255} }},
	{{ {973, 1325, 3000}, 0, {10736, 10736}, {143, 143, 143, 255} }},
	{{ {629, 1325, 2656}, 0, {9556, 9556}, {255, 255, 255, 255} }},
	{{ {973, 1325, -2973}, 0, {10736, -9744}, {255, 255, 255, 255} }},
	{{ {629, 1325, -2629}, 0, {9556, -8564}, {255, 255, 255, 255} }},
	{{ {-5000, 1325, -2973}, 0, {-9744, -9744}, {144, 144, 144, 255} }},
	{{ {9, 1657, 2035}, 0, {7429, 7429}, {255, 255, 255, 255} }},
	{{ {286, 1657, 1785}, 0, {8380, 6569}, {249, 249, 249, 255} }},
	{{ {286, 1657, 2313}, 0, {8380, 8380}, {255, 255, 255, 255} }},
	{{ {9, 1657, 1717}, 0, {7429, 6336}, {255, 255, 255, 255} }},
	{{ {-4035, 1657, -2009}, 0, {-6437, -6437}, {255, 255, 255, 255} }},
	{{ {-4035, 1657, 2035}, 0, {-6437, 7429}, {255, 255, 255, 255} }},
	{{ {-4313, 1657, 2313}, 0, {-7388, 8380}, {191, 191, 191, 255} }},
	{{ {-4313, 1657, -2286}, 0, {-7388, -7388}, {255, 255, 255, 255} }},
	{{ {9, 1657, -2009}, 0, {7429, -6437}, {255, 255, 255, 255} }},
	{{ {286, 1657, -2286}, 0, {8380, -7388}, {191, 191, 191, 255} }},
};

Gfx rmaze_rmaze_mesh_layer_1_tri_0[] = {
	gsSPVertex(rmaze_rmaze_mesh_layer_1_vtx_0 + 0, 32, 0),
	gsSP2Triangles(0, 1, 2, 0, 3, 4, 5, 0),
	gsSP2Triangles(6, 7, 8, 0, 6, 9, 7, 0),
	gsSP2Triangles(10, 9, 6, 0, 10, 11, 9, 0),
	gsSP2Triangles(12, 11, 10, 0, 12, 13, 11, 0),
	gsSP2Triangles(14, 13, 12, 0, 7, 9, 15, 0),
	gsSP2Triangles(7, 15, 16, 0, 16, 15, 17, 0),
	gsSP2Triangles(16, 17, 18, 0, 19, 20, 21, 0),
	gsSP2Triangles(19, 21, 22, 0, 22, 23, 19, 0),
	gsSP2Triangles(24, 23, 22, 0, 24, 22, 25, 0),
	gsSP2Triangles(24, 25, 26, 0, 24, 26, 27, 0),
	gsSP2Triangles(27, 28, 29, 0, 27, 29, 30, 0),
	gsSP1Triangle(30, 29, 31, 0),
	gsSPVertex(rmaze_rmaze_mesh_layer_1_vtx_0 + 32, 31, 0),
	gsSP2Triangles(0, 1, 2, 0, 3, 4, 5, 0),
	gsSP2Triangles(3, 5, 6, 0, 7, 8, 9, 0),
	gsSP2Triangles(7, 9, 10, 0, 10, 9, 11, 0),
	gsSP2Triangles(10, 11, 12, 0, 10, 12, 13, 0),
	gsSP2Triangles(13, 12, 14, 0, 13, 14, 15, 0),
	gsSP2Triangles(15, 14, 16, 0, 15, 16, 17, 0),
	gsSP2Triangles(10, 13, 18, 0, 19, 20, 21, 0),
	gsSP2Triangles(19, 21, 22, 0, 23, 24, 25, 0),
	gsSP2Triangles(23, 25, 26, 0, 27, 28, 29, 0),
	gsSP1Triangle(28, 30, 29, 0),
	gsSPVertex(rmaze_rmaze_mesh_layer_1_vtx_0 + 63, 31, 0),
	gsSP2Triangles(0, 1, 2, 0, 0, 2, 3, 0),
	gsSP2Triangles(3, 2, 4, 0, 3, 4, 5, 0),
	gsSP2Triangles(5, 4, 6, 0, 6, 4, 7, 0),
	gsSP2Triangles(6, 7, 8, 0, 5, 6, 9, 0),
	gsSP2Triangles(10, 11, 12, 0, 10, 12, 13, 0),
	gsSP2Triangles(13, 12, 14, 0, 13, 14, 15, 0),
	gsSP2Triangles(11, 16, 17, 0, 11, 17, 18, 0),
	gsSP2Triangles(19, 20, 21, 0, 19, 22, 20, 0),
	gsSP2Triangles(20, 22, 23, 0, 23, 22, 24, 0),
	gsSP2Triangles(23, 24, 25, 0, 20, 23, 26, 0),
	gsSP2Triangles(23, 27, 26, 0, 23, 28, 27, 0),
	gsSP2Triangles(27, 28, 29, 0, 27, 29, 30, 0),
	gsSPVertex(rmaze_rmaze_mesh_layer_1_vtx_0 + 94, 32, 0),
	gsSP2Triangles(0, 1, 2, 0, 0, 2, 3, 0),
	gsSP2Triangles(4, 5, 6, 0, 4, 6, 7, 0),
	gsSP2Triangles(8, 9, 10, 0, 8, 10, 11, 0),
	gsSP2Triangles(12, 13, 14, 0, 12, 14, 15, 0),
	gsSP2Triangles(16, 14, 17, 0, 16, 17, 18, 0),
	gsSP2Triangles(18, 17, 19, 0, 18, 19, 20, 0),
	gsSP2Triangles(20, 21, 22, 0, 20, 22, 23, 0),
	gsSP2Triangles(23, 22, 24, 0, 23, 24, 25, 0),
	gsSP2Triangles(26, 27, 28, 0, 26, 28, 29, 0),
	gsSP1Triangle(28, 30, 31, 0),
	gsSPVertex(rmaze_rmaze_mesh_layer_1_vtx_0 + 126, 30, 0),
	gsSP2Triangles(0, 1, 2, 0, 2, 1, 3, 0),
	gsSP2Triangles(1, 4, 3, 0, 3, 4, 5, 0),
	gsSP2Triangles(3, 6, 2, 0, 7, 2, 6, 0),
	gsSP2Triangles(8, 9, 10, 0, 11, 10, 9, 0),
	gsSP2Triangles(12, 11, 9, 0, 9, 13, 12, 0),
	gsSP2Triangles(9, 14, 13, 0, 14, 15, 13, 0),
	gsSP2Triangles(14, 16, 15, 0, 16, 17, 15, 0),
	gsSP2Triangles(16, 18, 17, 0, 18, 19, 17, 0),
	gsSP2Triangles(18, 8, 19, 0, 8, 10, 19, 0),
	gsSP2Triangles(20, 21, 22, 0, 20, 23, 21, 0),
	gsSP2Triangles(24, 23, 20, 0, 20, 25, 24, 0),
	gsSP2Triangles(25, 20, 22, 0, 25, 22, 26, 0),
	gsSP2Triangles(24, 25, 26, 0, 24, 26, 27, 0),
	gsSP2Triangles(28, 24, 27, 0, 28, 27, 29, 0),
	gsSP2Triangles(21, 28, 29, 0, 21, 23, 28, 0),
	gsSP1Triangle(24, 28, 23, 0),
	gsSPEndDisplayList(),
};

Vtx rmaze_rmaze_mesh_layer_1_vtx_1[666] = {
	{{ {-2591, 263, 200}, 0, {2032, 2032}, {255, 255, 255, 255} }},
	{{ {-2191, 263, 250}, 0, {-16, 2032}, {255, 255, 255, 255} }},
	{{ {-2191, 263, 200}, 0, {2032, 2032}, {255, 255, 255, 255} }},
	{{ {-2591, 263, 250}, 0, {-16, 2032}, {255, 255, 255, 255} }},
	{{ {-2591, 526, 200}, 0, {2032, 2032}, {255, 255, 255, 255} }},
	{{ {-2591, 526, 250}, 0, {-16, 2032}, {255, 255, 255, 255} }},
	{{ {-3066, 526, 200}, 0, {2032, -16}, {255, 255, 255, 255} }},
	{{ {-3066, 526, 250}, 0, {-16, -16}, {255, 255, 255, 255} }},
	{{ {-3493, 263, -2004}, 0, {-16, 2032}, {255, 255, 255, 255} }},
	{{ {-3493, 263, -2054}, 0, {2032, 2032}, {255, 255, 255, 255} }},
	{{ {-4579, 263, -2054}, 0, {2032, -16}, {255, 255, 255, 255} }},
	{{ {-4579, 263, -2004}, 0, {-16, -16}, {255, 255, 255, 255} }},
	{{ {-2191, 263, 200}, 0, {-16, 2032}, {255, 255, 255, 255} }},
	{{ {-2191, 194, 200}, 0, {2032, 2032}, {255, 255, 255, 255} }},
	{{ {-2591, 194, 200}, 0, {2032, -16}, {255, 255, 255, 255} }},
	{{ {-2591, 263, 200}, 0, {-16, -16}, {255, 255, 255, 255} }},
	{{ {-2191, 263, -200}, 0, {-16, 2032}, {255, 255, 255, 255} }},
	{{ {-2191, 194, -200}, 0, {2032, 2032}, {255, 255, 255, 255} }},
	{{ {-2191, 194, 200}, 0, {2032, -16}, {255, 255, 255, 255} }},
	{{ {-2191, 263, 200}, 0, {-16, -16}, {255, 255, 255, 255} }},
	{{ {-2191, 194, -200}, 0, {-16, 2032}, {255, 255, 255, 255} }},
	{{ {-2191, 263, -200}, 0, {2032, 2032}, {255, 255, 255, 255} }},
	{{ {-2591, 263, -200}, 0, {2032, -16}, {255, 255, 255, 255} }},
	{{ {-2591, 194, -200}, 0, {-16, -16}, {255, 255, 255, 255} }},
	{{ {-2591, 194, 200}, 0, {-16, -16}, {255, 255, 255, 255} }},
	{{ {-2591, 194, -200}, 0, {-16, 2032}, {255, 255, 255, 255} }},
	{{ {-2591, 263, -200}, 0, {2032, 2032}, {255, 255, 255, 255} }},
	{{ {-2591, 263, 200}, 0, {2032, -16}, {255, 255, 255, 255} }},
	{{ {-2141, 263, 200}, 0, {-16, -16}, {255, 255, 255, 255} }},
	{{ {-2141, 997, 200}, 0, {-16, 2032}, {255, 255, 255, 255} }},
	{{ {-2141, 997, 250}, 0, {2032, 2032}, {255, 255, 255, 255} }},
	{{ {-2141, 263, 250}, 0, {2032, -16}, {255, 255, 255, 255} }},
	{{ {-2141, 263, 250}, 0, {-16, -16}, {191, 191, 191, 255} }},
	{{ {-2141, 997, 250}, 0, {-16, 2032}, {191, 191, 191, 255} }},
	{{ {-2191, 997, 250}, 0, {2032, 2032}, {191, 191, 191, 255} }},
	{{ {-2191, 263, 250}, 0, {2032, -16}, {191, 191, 191, 255} }},
	{{ {-2141, 997, 200}, 0, {-16, 2032}, {255, 255, 255, 255} }},
	{{ {-2191, 997, 200}, 0, {2032, 2032}, {255, 255, 255, 255} }},
	{{ {-2191, 997, 250}, 0, {2032, -16}, {255, 255, 255, 255} }},
	{{ {-2141, 997, 250}, 0, {-16, -16}, {255, 255, 255, 255} }},
	{{ {-2191, 263, -250}, 0, {-16, -16}, {191, 191, 191, 255} }},
	{{ {-2191, 997, -250}, 0, {-16, 2032}, {191, 191, 191, 255} }},
	{{ {-2141, 997, -250}, 0, {2032, 2032}, {191, 191, 191, 255} }},
	{{ {-2141, 263, -250}, 0, {2032, -16}, {191, 191, 191, 255} }},
	{{ {-2141, 263, -250}, 0, {-16, -16}, {255, 255, 255, 255} }},
	{{ {-2141, 997, -250}, 0, {-16, 2032}, {255, 255, 255, 255} }},
	{{ {-2141, 997, -200}, 0, {2032, 2032}, {255, 255, 255, 255} }},
	{{ {-2141, 263, -200}, 0, {2032, -16}, {255, 255, 255, 255} }},
	{{ {-2191, 947, -250}, 0, {2032, 2032}, {191, 191, 191, 255} }},
	{{ {-4025, 947, -250}, 0, {2032, -16}, {191, 191, 191, 255} }},
	{{ {-4025, 997, -250}, 0, {-16, -16}, {191, 191, 191, 255} }},
	{{ {-2191, 997, -250}, 0, {2032, 2032}, {255, 255, 255, 255} }},
	{{ {-2191, 997, -200}, 0, {2032, -16}, {255, 255, 255, 255} }},
	{{ {-2141, 997, -200}, 0, {-16, -16}, {255, 255, 255, 255} }},
	{{ {-2191, 997, 200}, 0, {-16, 2032}, {255, 255, 255, 255} }},
	{{ {-2141, 997, 200}, 0, {2032, 2032}, {255, 255, 255, 255} }},
	{{ {-2141, 997, -200}, 0, {2032, -16}, {255, 255, 255, 255} }},
	{{ {-2191, 997, -200}, 0, {-16, -16}, {255, 255, 255, 255} }},
	{{ {-2191, 997, -200}, 0, {-16, 2032}, {255, 255, 255, 255} }},
	{{ {-2591, 997, -250}, 0, {2032, -16}, {255, 255, 255, 255} }},
	{{ {-2591, 997, -200}, 0, {-16, -16}, {255, 255, 255, 255} }},
	{{ {-2191, 997, 250}, 0, {-16, 2032}, {255, 255, 255, 255} }},
	{{ {-2591, 997, 200}, 0, {2032, -16}, {255, 255, 255, 255} }},
	{{ {-2591, 997, 250}, 0, {-16, -16}, {255, 255, 255, 255} }},
	{{ {-2591, 997, -200}, 0, {-16, 2032}, {255, 255, 255, 255} }},
	{{ {-2591, 997, -250}, 0, {2032, 2032}, {255, 255, 255, 255} }},
	{{ {-3066, 997, -250}, 0, {2032, -16}, {255, 255, 255, 255} }},
	{{ {-3066, 997, -200}, 0, {-16, -16}, {255, 255, 255, 255} }},
	{{ {-2591, 997, 250}, 0, {-16, 2032}, {255, 255, 255, 255} }},
	{{ {-2591, 997, 200}, 0, {2032, 2032}, {255, 255, 255, 255} }},
	{{ {-3066, 997, 200}, 0, {2032, -16}, {255, 255, 255, 255} }},
	{{ {-3066, 997, 250}, 0, {-16, -16}, {255, 255, 255, 255} }},
	{{ {-4075, 997, -526}, 0, {-16, 2032}, {255, 255, 255, 255} }},
	{{ {-4075, 997, -576}, 0, {2032, 2032}, {255, 255, 255, 255} }},
	{{ {-4854, 997, -576}, 0, {2032, -16}, {255, 255, 255, 255} }},
	{{ {-4854, 997, -526}, 0, {-16, -16}, {255, 255, 255, 255} }},
	{{ {-4025, 997, 576}, 0, {-16, 2032}, {255, 255, 255, 255} }},
	{{ {-4025, 947, 576}, 0, {2032, 2032}, {255, 255, 255, 255} }},
	{{ {-4025, 947, 526}, 0, {2032, -16}, {255, 255, 255, 255} }},
	{{ {-4025, 997, 526}, 0, {-16, -16}, {255, 255, 255, 255} }},
	{{ {-4075, 997, 576}, 0, {-16, 2032}, {191, 191, 191, 255} }},
	{{ {-4075, 947, 576}, 0, {2032, 2032}, {191, 191, 191, 255} }},
	{{ {-4025, 947, 576}, 0, {2032, -16}, {191, 191, 191, 255} }},
	{{ {-4025, 997, 576}, 0, {-16, -16}, {191, 191, 191, 255} }},
	{{ {-4854, 997, 576}, 0, {-16, 2032}, {191, 191, 191, 255} }},
	{{ {-4854, 947, 576}, 0, {2032, 2032}, {191, 191, 191, 255} }},
	{{ {-4075, 947, 576}, 0, {2032, -16}, {191, 191, 191, 255} }},
	{{ {-4075, 997, 576}, 0, {-16, -16}, {191, 191, 191, 255} }},
	{{ {-5000, 997, 576}, 0, {2032, 2032}, {191, 191, 191, 255} }},
	{{ {-5000, 947, 576}, 0, {2032, -16}, {191, 191, 191, 255} }},
	{{ {-4854, 947, 576}, 0, {-16, -16}, {191, 191, 191, 255} }},
	{{ {-3066, 997, 250}, 0, {-16, 2032}, {255, 255, 255, 255} }},
	{{ {-3066, 997, 200}, 0, {2032, 2032}, {255, 255, 255, 255} }},
	{{ {-4025, 997, 200}, 0, {2032, -16}, {255, 255, 255, 255} }},
	{{ {-4025, 997, 250}, 0, {-16, -16}, {255, 255, 255, 255} }},
	{{ {-3066, 997, -200}, 0, {-16, 2032}, {255, 255, 255, 255} }},
	{{ {-3066, 997, -250}, 0, {2032, 2032}, {255, 255, 255, 255} }},
	{{ {-4025, 997, -250}, 0, {2032, -16}, {255, 255, 255, 255} }},
	{{ {-4025, 997, -200}, 0, {-16, -16}, {255, 255, 255, 255} }},
	{{ {-4025, 997, 250}, 0, {-16, 2032}, {191, 191, 191, 255} }},
	{{ {-4025, 947, 250}, 0, {2032, 2032}, {191, 191, 191, 255} }},
	{{ {-3066, 947, 250}, 0, {2032, -16}, {191, 191, 191, 255} }},
	{{ {-3066, 997, 250}, 0, {-16, -16}, {191, 191, 191, 255} }},
	{{ {-4025, 997, 526}, 0, {-16, 2032}, {255, 255, 255, 255} }},
	{{ {-4025, 947, 526}, 0, {2032, 2032}, {255, 255, 255, 255} }},
	{{ {-4025, 947, 250}, 0, {2032, -16}, {255, 255, 255, 255} }},
	{{ {-4025, 997, 250}, 0, {-16, -16}, {255, 255, 255, 255} }},
	{{ {-4075, 997, 576}, 0, {-16, 2032}, {255, 255, 255, 255} }},
	{{ {-4075, 997, 526}, 0, {2032, 2032}, {255, 255, 255, 255} }},
	{{ {-4854, 997, 526}, 0, {2032, -16}, {255, 255, 255, 255} }},
	{{ {-4854, 997, 576}, 0, {-16, -16}, {255, 255, 255, 255} }},
	{{ {-4025, 997, -526}, 0, {-16, 2032}, {255, 255, 255, 255} }},
	{{ {-4075, 997, -526}, 0, {2032, 2032}, {255, 255, 255, 255} }},
	{{ {-4075, 997, 526}, 0, {2032, -16}, {255, 255, 255, 255} }},
	{{ {-4025, 997, 526}, 0, {-16, -16}, {255, 255, 255, 255} }},
	{{ {-4854, 997, -526}, 0, {-16, 2032}, {255, 255, 255, 255} }},
	{{ {-4854, 997, -576}, 0, {2032, 2032}, {255, 255, 255, 255} }},
	{{ {-5000, 997, -576}, 0, {2032, -16}, {255, 255, 255, 255} }},
	{{ {-5000, 997, -526}, 0, {-16, -16}, {255, 255, 255, 255} }},
	{{ {-5000, 997, -526}, 0, {2032, 2032}, {255, 255, 255, 255} }},
	{{ {-5000, 997, 526}, 0, {2032, -16}, {255, 255, 255, 255} }},
	{{ {-4854, 997, 526}, 0, {-16, -16}, {255, 255, 255, 255} }},
	{{ {-4854, 997, 526}, 0, {-16, 2032}, {255, 255, 255, 255} }},
	{{ {-5000, 997, 526}, 0, {2032, 2032}, {255, 255, 255, 255} }},
	{{ {-5000, 997, 576}, 0, {2032, -16}, {255, 255, 255, 255} }},
	{{ {-4075, 997, 576}, 0, {2032, -16}, {255, 255, 255, 255} }},
	{{ {-4025, 997, 576}, 0, {-16, -16}, {255, 255, 255, 255} }},
	{{ {-4075, 997, -526}, 0, {-16, 2032}, {255, 255, 255, 255} }},
	{{ {-4025, 997, -526}, 0, {2032, 2032}, {255, 255, 255, 255} }},
	{{ {-4025, 997, -576}, 0, {2032, -16}, {255, 255, 255, 255} }},
	{{ {-4075, 997, -576}, 0, {-16, -16}, {255, 255, 255, 255} }},
	{{ {-2141, 997, 200}, 0, {-16, 2032}, {255, 255, 255, 255} }},
	{{ {-2141, 947, 200}, 0, {2032, 2032}, {255, 255, 255, 255} }},
	{{ {-2141, 947, -200}, 0, {2032, -16}, {255, 255, 255, 255} }},
	{{ {-2141, 997, -200}, 0, {-16, -16}, {255, 255, 255, 255} }},
	{{ {-2591, 997, 250}, 0, {-16, 2032}, {191, 191, 191, 255} }},
	{{ {-2591, 947, 250}, 0, {2032, 2032}, {191, 191, 191, 255} }},
	{{ {-2191, 947, 250}, 0, {2032, -16}, {191, 191, 191, 255} }},
	{{ {-2191, 997, 250}, 0, {-16, -16}, {191, 191, 191, 255} }},
	{{ {-3066, 997, 250}, 0, {-16, 2032}, {191, 191, 191, 255} }},
	{{ {-3066, 947, 250}, 0, {2032, 2032}, {191, 191, 191, 255} }},
	{{ {-2591, 947, 250}, 0, {2032, -16}, {191, 191, 191, 255} }},
	{{ {-2591, 997, 250}, 0, {-16, -16}, {191, 191, 191, 255} }},
	{{ {-4025, 997, -250}, 0, {-16, 2032}, {255, 255, 255, 255} }},
	{{ {-4025, 947, -250}, 0, {2032, 2032}, {255, 255, 255, 255} }},
	{{ {-4025, 947, -526}, 0, {2032, -16}, {255, 255, 255, 255} }},
	{{ {-4025, 997, -526}, 0, {-16, -16}, {255, 255, 255, 255} }},
	{{ {-4025, 997, -526}, 0, {-16, 2032}, {255, 255, 255, 255} }},
	{{ {-4025, 947, -526}, 0, {2032, 2032}, {255, 255, 255, 255} }},
	{{ {-4025, 947, -576}, 0, {2032, -16}, {255, 255, 255, 255} }},
	{{ {-4025, 997, -576}, 0, {-16, -16}, {255, 255, 255, 255} }},
	{{ {-4025, 997, -576}, 0, {-16, 2032}, {191, 191, 191, 255} }},
	{{ {-4025, 947, -576}, 0, {2032, 2032}, {191, 191, 191, 255} }},
	{{ {-4075, 947, -576}, 0, {2032, -16}, {191, 191, 191, 255} }},
	{{ {-4075, 997, -576}, 0, {-16, -16}, {191, 191, 191, 255} }},
	{{ {-4075, 997, -576}, 0, {-16, 2032}, {191, 191, 191, 255} }},
	{{ {-4075, 947, -576}, 0, {2032, 2032}, {191, 191, 191, 255} }},
	{{ {-4854, 947, -576}, 0, {2032, -16}, {191, 191, 191, 255} }},
	{{ {-4854, 997, -576}, 0, {-16, -16}, {191, 191, 191, 255} }},
	{{ {-4854, 997, -576}, 0, {-16, 2032}, {191, 191, 191, 255} }},
	{{ {-4854, 947, -576}, 0, {2032, 2032}, {191, 191, 191, 255} }},
	{{ {-5000, 947, -576}, 0, {2032, -16}, {191, 191, 191, 255} }},
	{{ {-5000, 997, -576}, 0, {-16, -16}, {191, 191, 191, 255} }},
	{{ {-4025, 947, 526}, 0, {-16, 2032}, {255, 255, 255, 255} }},
	{{ {-4025, 947, 576}, 0, {2032, 2032}, {255, 255, 255, 255} }},
	{{ {-4025, 526, 576}, 0, {2032, -16}, {255, 255, 255, 255} }},
	{{ {-4025, 526, 526}, 0, {-16, -16}, {255, 255, 255, 255} }},
	{{ {-4075, 947, -576}, 0, {-16, 2032}, {191, 191, 191, 255} }},
	{{ {-4025, 947, -576}, 0, {2032, 2032}, {191, 191, 191, 255} }},
	{{ {-4025, 526, -576}, 0, {2032, -16}, {191, 191, 191, 255} }},
	{{ {-4075, 526, -576}, 0, {-16, -16}, {191, 191, 191, 255} }},
	{{ {-4025, 947, 576}, 0, {-16, 2032}, {191, 191, 191, 255} }},
	{{ {-4075, 947, 576}, 0, {2032, 2032}, {191, 191, 191, 255} }},
	{{ {-4075, 526, 576}, 0, {2032, -16}, {191, 191, 191, 255} }},
	{{ {-4025, 526, 576}, 0, {-16, -16}, {191, 191, 191, 255} }},
	{{ {-4025, 947, -576}, 0, {-16, 2032}, {255, 255, 255, 255} }},
	{{ {-4025, 947, -526}, 0, {2032, 2032}, {255, 255, 255, 255} }},
	{{ {-4025, 526, -526}, 0, {2032, -16}, {255, 255, 255, 255} }},
	{{ {-4025, 526, -576}, 0, {-16, -16}, {255, 255, 255, 255} }},
	{{ {-3493, 194, 1000}, 0, {-16, 2032}, {255, 255, 255, 255} }},
	{{ {-3493, 263, 1000}, 0, {2032, 2032}, {255, 255, 255, 255} }},
	{{ {-3493, 263, 1400}, 0, {2032, -16}, {255, 255, 255, 255} }},
	{{ {-3493, 194, 1400}, 0, {-16, -16}, {255, 255, 255, 255} }},
	{{ {-3493, 194, 1400}, 0, {2032, -16}, {191, 191, 191, 255} }},
	{{ {-3493, 263, 1400}, 0, {-16, -16}, {191, 191, 191, 255} }},
	{{ {-2591, 263, 1400}, 0, {-16, 2032}, {191, 191, 191, 255} }},
	{{ {-2591, 194, 1400}, 0, {2032, 2032}, {191, 191, 191, 255} }},
	{{ {-3493, 194, 1000}, 0, {-16, -16}, {255, 255, 255, 255} }},
	{{ {-2591, 194, 1000}, 0, {-16, 2032}, {255, 255, 255, 255} }},
	{{ {-2591, 263, 1000}, 0, {2032, 2032}, {255, 255, 255, 255} }},
	{{ {-3493, 263, 1000}, 0, {2032, -16}, {255, 255, 255, 255} }},
	{{ {-5000, 947, -576}, 0, {-16, 2032}, {191, 191, 191, 255} }},
	{{ {-4854, 947, -576}, 0, {2032, 2032}, {191, 191, 191, 255} }},
	{{ {-4854, 526, -576}, 0, {2032, -16}, {191, 191, 191, 255} }},
	{{ {-5000, 526, -576}, 0, {-16, -16}, {191, 191, 191, 255} }},
	{{ {-4854, 947, 576}, 0, {-16, 2032}, {191, 191, 191, 255} }},
	{{ {-5000, 947, 576}, 0, {2032, 2032}, {191, 191, 191, 255} }},
	{{ {-5000, 526, 576}, 0, {2032, -16}, {191, 191, 191, 255} }},
	{{ {-4854, 526, 576}, 0, {-16, -16}, {191, 191, 191, 255} }},
	{{ {-2591, 507, 1450}, 0, {-16, 2032}, {255, 255, 255, 255} }},
	{{ {-2591, 457, 1450}, 0, {2032, 2032}, {255, 255, 255, 255} }},
	{{ {-2591, 457, 1400}, 0, {2032, -16}, {255, 255, 255, 255} }},
	{{ {-2591, 507, 1400}, 0, {-16, -16}, {255, 255, 255, 255} }},
	{{ {-2641, 507, 1450}, 0, {-16, 2032}, {191, 191, 191, 255} }},
	{{ {-2641, 457, 1450}, 0, {2032, 2032}, {191, 191, 191, 255} }},
	{{ {-2591, 457, 1450}, 0, {2032, -16}, {191, 191, 191, 255} }},
	{{ {-2591, 507, 1450}, 0, {-16, -16}, {191, 191, 191, 255} }},
	{{ {-2591, 507, 1400}, 0, {-16, 2032}, {255, 255, 255, 255} }},
	{{ {-2641, 507, 1400}, 0, {2032, 2032}, {255, 255, 255, 255} }},
	{{ {-2641, 507, 1450}, 0, {2032, -16}, {255, 255, 255, 255} }},
	{{ {-2591, 507, 1450}, 0, {-16, -16}, {255, 255, 255, 255} }},
	{{ {-2591, 507, 950}, 0, {-16, 2032}, {255, 255, 255, 255} }},
	{{ {-2591, 507, 1000}, 0, {2032, 2032}, {255, 255, 255, 255} }},
	{{ {-2591, 457, 1000}, 0, {2032, -16}, {255, 255, 255, 255} }},
	{{ {-2591, 457, 950}, 0, {-16, -16}, {255, 255, 255, 255} }},
	{{ {-2591, 507, 1000}, 0, {-16, 2032}, {255, 255, 255, 255} }},
	{{ {-2591, 507, 950}, 0, {2032, 2032}, {255, 255, 255, 255} }},
	{{ {-2641, 507, 950}, 0, {2032, -16}, {255, 255, 255, 255} }},
	{{ {-2641, 507, 1000}, 0, {-16, -16}, {255, 255, 255, 255} }},
	{{ {-3543, 507, 1450}, 0, {-16, 2032}, {255, 255, 255, 255} }},
	{{ {-3543, 457, 1450}, 0, {2032, 2032}, {255, 255, 255, 255} }},
	{{ {-3493, 457, 1450}, 0, {2032, -16}, {255, 255, 255, 255} }},
	{{ {-3493, 507, 1450}, 0, {-16, -16}, {255, 255, 255, 255} }},
	{{ {-3493, 507, 1400}, 0, {-16, 2032}, {255, 255, 255, 255} }},
	{{ {-3543, 507, 1400}, 0, {2032, 2032}, {255, 255, 255, 255} }},
	{{ {-3543, 507, 1450}, 0, {2032, -16}, {255, 255, 255, 255} }},
	{{ {-3493, 507, 1450}, 0, {-16, -16}, {255, 255, 255, 255} }},
	{{ {-3543, 507, 950}, 0, {-16, 2032}, {255, 255, 255, 255} }},
	{{ {-3493, 507, 950}, 0, {2032, 2032}, {255, 255, 255, 255} }},
	{{ {-3493, 457, 950}, 0, {2032, -16}, {255, 255, 255, 255} }},
	{{ {-3543, 457, 950}, 0, {-16, -16}, {255, 255, 255, 255} }},
	{{ {-3493, 507, 1000}, 0, {-16, 2032}, {255, 255, 255, 255} }},
	{{ {-3543, 507, 950}, 0, {2032, -16}, {255, 255, 255, 255} }},
	{{ {-3543, 507, 1000}, 0, {-16, -16}, {255, 255, 255, 255} }},
	{{ {-3543, 507, 1400}, 0, {-16, 2032}, {255, 255, 255, 255} }},
	{{ {-3493, 507, 1400}, 0, {2032, 2032}, {255, 255, 255, 255} }},
	{{ {-3493, 507, 1000}, 0, {2032, -16}, {255, 255, 255, 255} }},
	{{ {-3493, 507, 1000}, 0, {-16, -16}, {255, 255, 255, 255} }},
	{{ {-3493, 457, 1400}, 0, {2032, 2032}, {255, 255, 255, 255} }},
	{{ {-3493, 457, 1000}, 0, {2032, -16}, {255, 255, 255, 255} }},
	{{ {-3493, 507, 1450}, 0, {-16, 2032}, {191, 191, 191, 255} }},
	{{ {-3493, 457, 1450}, 0, {2032, 2032}, {191, 191, 191, 255} }},
	{{ {-2641, 457, 1450}, 0, {2032, -16}, {191, 191, 191, 255} }},
	{{ {-2641, 507, 1450}, 0, {-16, -16}, {191, 191, 191, 255} }},
	{{ {-3493, 457, 1000}, 0, {2032, 2032}, {255, 255, 255, 255} }},
	{{ {-2641, 457, 1000}, 0, {2032, -16}, {255, 255, 255, 255} }},
	{{ {-2641, 507, 1000}, 0, {-16, -16}, {255, 255, 255, 255} }},
	{{ {-3493, 507, 1450}, 0, {2032, 2032}, {255, 255, 255, 255} }},
	{{ {-2641, 507, 1450}, 0, {2032, -16}, {255, 255, 255, 255} }},
	{{ {-2641, 507, 1400}, 0, {-16, -16}, {255, 255, 255, 255} }},
	{{ {-3493, 507, 950}, 0, {-16, 2032}, {255, 255, 255, 255} }},
	{{ {-3493, 507, 1000}, 0, {2032, 2032}, {255, 255, 255, 255} }},
	{{ {-2641, 507, 1000}, 0, {2032, -16}, {255, 255, 255, 255} }},
	{{ {-2641, 507, 950}, 0, {-16, -16}, {255, 255, 255, 255} }},
	{{ {-3493, 457, 1400}, 0, {-16, 2032}, {255, 255, 255, 255} }},
	{{ {-3493, 507, 1400}, 0, {2032, 2032}, {255, 255, 255, 255} }},
	{{ {-2641, 507, 1400}, 0, {2032, -16}, {255, 255, 255, 255} }},
	{{ {-2641, 457, 1400}, 0, {-16, -16}, {255, 255, 255, 255} }},
	{{ {-2591, 457, 1400}, 0, {-16, -16}, {255, 255, 255, 255} }},
	{{ {-2591, 457, 1000}, 0, {-16, 2032}, {255, 255, 255, 255} }},
	{{ {-2591, 507, 1000}, 0, {2032, 2032}, {255, 255, 255, 255} }},
	{{ {-2591, 507, 1400}, 0, {2032, -16}, {255, 255, 255, 255} }},
	{{ {-2591, 507, 1400}, 0, {-16, -16}, {255, 255, 255, 255} }},
	{{ {-2591, 507, 1000}, 0, {-16, 2032}, {255, 255, 255, 255} }},
	{{ {-2641, 507, 1000}, 0, {2032, 2032}, {255, 255, 255, 255} }},
	{{ {-2641, 457, 1000}, 0, {-16, -16}, {255, 255, 255, 255} }},
	{{ {-2641, 457, 1400}, 0, {-16, 2032}, {255, 255, 255, 255} }},
	{{ {-2641, 507, 1400}, 0, {2032, 2032}, {255, 255, 255, 255} }},
	{{ {-2641, 507, 1000}, 0, {2032, -16}, {255, 255, 255, 255} }},
	{{ {-2591, 457, 950}, 0, {-16, 2032}, {255, 255, 255, 255} }},
	{{ {-2591, 457, 1000}, 0, {2032, 2032}, {255, 255, 255, 255} }},
	{{ {-2591, 263, 1000}, 0, {2032, -16}, {255, 255, 255, 255} }},
	{{ {-2591, 263, 950}, 0, {-16, -16}, {255, 255, 255, 255} }},
	{{ {-2591, 457, 1450}, 0, {-16, 2032}, {191, 191, 191, 255} }},
	{{ {-2641, 457, 1450}, 0, {2032, 2032}, {191, 191, 191, 255} }},
	{{ {-2641, 263, 1450}, 0, {2032, -16}, {191, 191, 191, 255} }},
	{{ {-2591, 263, 1450}, 0, {-16, -16}, {191, 191, 191, 255} }},
	{{ {-2591, 457, 1400}, 0, {-16, 2032}, {255, 255, 255, 255} }},
	{{ {-2591, 457, 1450}, 0, {2032, 2032}, {255, 255, 255, 255} }},
	{{ {-2591, 263, 1450}, 0, {2032, -16}, {255, 255, 255, 255} }},
	{{ {-2591, 263, 1400}, 0, {-16, -16}, {255, 255, 255, 255} }},
	{{ {-3493, 263, 1450}, 0, {-16, -16}, {191, 191, 191, 255} }},
	{{ {-3493, 457, 1450}, 0, {-16, 2032}, {191, 191, 191, 255} }},
	{{ {-3543, 457, 1450}, 0, {2032, 2032}, {191, 191, 191, 255} }},
	{{ {-3543, 263, 1450}, 0, {2032, -16}, {191, 191, 191, 255} }},
	{{ {-2641, 263, 1400}, 0, {-16, -16}, {255, 255, 255, 255} }},
	{{ {-2641, 263, 1000}, 0, {-16, 2032}, {255, 255, 255, 255} }},
	{{ {-2641, 194, 1000}, 0, {2032, 2032}, {255, 255, 255, 255} }},
	{{ {-2641, 194, 1400}, 0, {2032, -16}, {255, 255, 255, 255} }},
	{{ {-3443, 997, -2004}, 0, {-16, 2032}, {255, 255, 255, 255} }},
	{{ {-3443, 947, -2004}, 0, {2032, 2032}, {255, 255, 255, 255} }},
	{{ {-3443, 947, -2054}, 0, {2032, -16}, {255, 255, 255, 255} }},
	{{ {-3443, 997, -2054}, 0, {-16, -16}, {255, 255, 255, 255} }},
	{{ {-3493, 997, -2004}, 0, {-16, 2032}, {191, 191, 191, 255} }},
	{{ {-3493, 947, -2004}, 0, {2032, 2032}, {191, 191, 191, 255} }},
	{{ {-3443, 947, -2004}, 0, {2032, -16}, {191, 191, 191, 255} }},
	{{ {-3443, 997, -2004}, 0, {-16, -16}, {191, 191, 191, 255} }},
	{{ {-3443, 997, -2054}, 0, {-16, 2032}, {255, 255, 255, 255} }},
	{{ {-3493, 997, -2054}, 0, {2032, 2032}, {255, 255, 255, 255} }},
	{{ {-3493, 997, -2004}, 0, {2032, -16}, {255, 255, 255, 255} }},
	{{ {-3443, 997, -2004}, 0, {-16, -16}, {255, 255, 255, 255} }},
	{{ {-4579, 997, -2004}, 0, {-16, 2032}, {191, 191, 191, 255} }},
	{{ {-4579, 947, -2004}, 0, {2032, 2032}, {191, 191, 191, 255} }},
	{{ {-3493, 947, -2004}, 0, {2032, -16}, {191, 191, 191, 255} }},
	{{ {-3493, 997, -2004}, 0, {-16, -16}, {191, 191, 191, 255} }},
	{{ {-4579, 997, -2054}, 0, {-16, 2032}, {255, 255, 255, 255} }},
	{{ {-4579, 997, -2004}, 0, {2032, 2032}, {255, 255, 255, 255} }},
	{{ {-3493, 997, -2004}, 0, {2032, -16}, {255, 255, 255, 255} }},
	{{ {-3493, 997, -2054}, 0, {-16, -16}, {255, 255, 255, 255} }},
	{{ {-3443, 947, -2054}, 0, {-16, -16}, {255, 255, 255, 255} }},
	{{ {-3443, 947, -2973}, 0, {-16, 2032}, {255, 255, 255, 255} }},
	{{ {-3443, 997, -2973}, 0, {2032, 2032}, {255, 255, 255, 255} }},
	{{ {-3443, 997, -2054}, 0, {2032, -16}, {255, 255, 255, 255} }},
	{{ {-3443, 997, -2054}, 0, {-16, -16}, {255, 255, 255, 255} }},
	{{ {-3443, 997, -2973}, 0, {-16, 2032}, {255, 255, 255, 255} }},
	{{ {-3493, 997, -2973}, 0, {2032, 2032}, {255, 255, 255, 255} }},
	{{ {-3493, 997, -2054}, 0, {2032, -16}, {255, 255, 255, 255} }},
	{{ {-3443, 947, -2004}, 0, {-16, 2032}, {191, 191, 191, 255} }},
	{{ {-3493, 947, -2004}, 0, {2032, 2032}, {191, 191, 191, 255} }},
	{{ {-3493, 263, -2004}, 0, {2032, -16}, {191, 191, 191, 255} }},
	{{ {-3443, 263, -2004}, 0, {-16, -16}, {191, 191, 191, 255} }},
	{{ {-3443, 947, -2054}, 0, {-16, 2032}, {255, 255, 255, 255} }},
	{{ {-3443, 947, -2004}, 0, {2032, 2032}, {255, 255, 255, 255} }},
	{{ {-3443, 263, -2004}, 0, {2032, -16}, {255, 255, 255, 255} }},
	{{ {-3443, 263, -2054}, 0, {-16, -16}, {255, 255, 255, 255} }},
	{{ {-4579, 997, -2054}, 0, {-16, -16}, {255, 255, 255, 255} }},
	{{ {-5000, 997, -2054}, 0, {-16, 2032}, {144, 144, 144, 255} }},
	{{ {-5000, 997, -2004}, 0, {2032, 2032}, {255, 255, 255, 255} }},
	{{ {-4579, 997, -2004}, 0, {2032, -16}, {255, 255, 255, 255} }},
	{{ {-4579, 997, -2004}, 0, {-16, -16}, {191, 191, 191, 255} }},
	{{ {-5000, 997, -2004}, 0, {-16, 2032}, {191, 191, 191, 255} }},
	{{ {-5000, 947, -2004}, 0, {2032, 2032}, {191, 191, 191, 255} }},
	{{ {-4579, 947, -2004}, 0, {2032, -16}, {191, 191, 191, 255} }},
	{{ {-3493, 263, -2004}, 0, {-16, 2032}, {255, 255, 255, 255} }},
	{{ {-3493, 947, -2004}, 0, {2032, 2032}, {255, 255, 255, 255} }},
	{{ {-3493, 947, -2054}, 0, {2032, -16}, {255, 255, 255, 255} }},
	{{ {-3493, 263, -2054}, 0, {-16, -16}, {255, 255, 255, 255} }},
	{{ {-3443, 263, -2054}, 0, {-16, 2032}, {255, 255, 255, 255} }},
	{{ {-3493, 263, -2054}, 0, {2032, 2032}, {255, 255, 255, 255} }},
	{{ {-3443, 947, -2054}, 0, {-16, -16}, {255, 255, 255, 255} }},
	{{ {-4579, 947, -2054}, 0, {-16, 2032}, {255, 255, 255, 255} }},
	{{ {-4629, 947, -2054}, 0, {2032, 2032}, {255, 255, 255, 255} }},
	{{ {-4629, 947, -2973}, 0, {2032, -16}, {255, 255, 255, 255} }},
	{{ {-4579, 947, -2973}, 0, {-16, -16}, {255, 255, 255, 255} }},
	{{ {-4579, 947, -2004}, 0, {-16, 2032}, {255, 255, 255, 255} }},
	{{ {-4579, 947, -2054}, 0, {2032, 2032}, {255, 255, 255, 255} }},
	{{ {-3493, 947, -2054}, 0, {2032, -16}, {255, 255, 255, 255} }},
	{{ {-3493, 947, -2004}, 0, {-16, -16}, {255, 255, 255, 255} }},
	{{ {-3443, 947, -2054}, 0, {-16, 2032}, {255, 255, 255, 255} }},
	{{ {-3493, 947, -2054}, 0, {2032, 2032}, {255, 255, 255, 255} }},
	{{ {-3493, 947, -2973}, 0, {2032, -16}, {255, 255, 255, 255} }},
	{{ {-3443, 947, -2973}, 0, {-16, -16}, {255, 255, 255, 255} }},
	{{ {-3493, 997, -2973}, 0, {-16, 2032}, {255, 255, 255, 255} }},
	{{ {-3493, 947, -2973}, 0, {2032, 2032}, {255, 255, 255, 255} }},
	{{ {-3493, 947, -2054}, 0, {2032, -16}, {255, 255, 255, 255} }},
	{{ {-3493, 997, -2054}, 0, {-16, -16}, {255, 255, 255, 255} }},
	{{ {-3493, 997, -2054}, 0, {-16, 2032}, {255, 255, 255, 255} }},
	{{ {-3493, 947, -2054}, 0, {2032, 2032}, {255, 255, 255, 255} }},
	{{ {-4579, 947, -2054}, 0, {2032, -16}, {255, 255, 255, 255} }},
	{{ {-4579, 997, -2054}, 0, {-16, -16}, {255, 255, 255, 255} }},
	{{ {-4579, 997, -2054}, 0, {-16, 2032}, {255, 255, 255, 255} }},
	{{ {-4579, 947, -2054}, 0, {2032, 2032}, {255, 255, 255, 255} }},
	{{ {-4579, 947, -2973}, 0, {2032, -16}, {255, 255, 255, 255} }},
	{{ {-4579, 997, -2973}, 0, {-16, -16}, {255, 255, 255, 255} }},
	{{ {-4579, 947, -2004}, 0, {-16, -16}, {255, 255, 255, 255} }},
	{{ {-4579, 263, -2004}, 0, {-16, 2032}, {255, 255, 255, 255} }},
	{{ {-4579, 263, -2054}, 0, {2032, 2032}, {255, 255, 255, 255} }},
	{{ {-4579, 947, -2054}, 0, {-16, 2032}, {255, 255, 255, 255} }},
	{{ {-4629, 263, -2054}, 0, {2032, -16}, {255, 255, 255, 255} }},
	{{ {-4629, 947, -2054}, 0, {-16, -16}, {255, 255, 255, 255} }},
	{{ {-3493, 194, -2054}, 0, {-16, -16}, {255, 255, 255, 255} }},
	{{ {-3893, 194, -2054}, 0, {-16, 2032}, {255, 255, 255, 255} }},
	{{ {-3893, 263, -2054}, 0, {2032, 2032}, {255, 255, 255, 255} }},
	{{ {-3493, 263, -2054}, 0, {2032, -16}, {255, 255, 255, 255} }},
	{{ {-3493, 263, -2054}, 0, {-16, 2032}, {255, 255, 255, 255} }},
	{{ {-3443, 263, -2054}, 0, {2032, 2032}, {255, 255, 255, 255} }},
	{{ {-3443, 263, -2973}, 0, {2032, -16}, {255, 255, 255, 255} }},
	{{ {-3493, 263, -2973}, 0, {-16, -16}, {255, 255, 255, 255} }},
	{{ {-3493, 263, -2973}, 0, {-16, 2032}, {255, 255, 255, 255} }},
	{{ {-3443, 263, -2973}, 0, {2032, 2032}, {255, 255, 255, 255} }},
	{{ {-3443, 947, -2973}, 0, {2032, -16}, {255, 255, 255, 255} }},
	{{ {-3493, 947, -2973}, 0, {-16, -16}, {255, 255, 255, 255} }},
	{{ {-2191, 947, 200}, 0, {-16, 2032}, {255, 255, 255, 255} }},
	{{ {-2191, 947, -200}, 0, {2032, 2032}, {255, 255, 255, 255} }},
	{{ {-2141, 947, -200}, 0, {2032, -16}, {255, 255, 255, 255} }},
	{{ {-2141, 947, 200}, 0, {-16, -16}, {255, 255, 255, 255} }},
	{{ {-2191, 947, -200}, 0, {-16, 2032}, {255, 255, 255, 255} }},
	{{ {-2591, 947, -200}, 0, {2032, 2032}, {255, 255, 255, 255} }},
	{{ {-2591, 947, -250}, 0, {2032, -16}, {255, 255, 255, 255} }},
	{{ {-2191, 947, -250}, 0, {-16, -16}, {255, 255, 255, 255} }},
	{{ {-2191, 947, 250}, 0, {-16, 2032}, {255, 255, 255, 255} }},
	{{ {-2591, 947, 250}, 0, {2032, 2032}, {255, 255, 255, 255} }},
	{{ {-2591, 947, 200}, 0, {2032, -16}, {255, 255, 255, 255} }},
	{{ {-2191, 947, 200}, 0, {-16, -16}, {255, 255, 255, 255} }},
	{{ {-2591, 947, -200}, 0, {-16, 2032}, {255, 255, 255, 255} }},
	{{ {-3066, 947, -200}, 0, {2032, 2032}, {255, 255, 255, 255} }},
	{{ {-3066, 947, -250}, 0, {2032, -16}, {255, 255, 255, 255} }},
	{{ {-2591, 947, -250}, 0, {-16, -16}, {255, 255, 255, 255} }},
	{{ {-2591, 947, 250}, 0, {-16, 2032}, {255, 255, 255, 255} }},
	{{ {-3066, 947, 250}, 0, {2032, 2032}, {255, 255, 255, 255} }},
	{{ {-3066, 947, 200}, 0, {2032, -16}, {255, 255, 255, 255} }},
	{{ {-2591, 947, 200}, 0, {-16, -16}, {255, 255, 255, 255} }},
	{{ {-4075, 947, -526}, 0, {-16, 2032}, {255, 255, 255, 255} }},
	{{ {-4854, 947, -526}, 0, {2032, 2032}, {255, 255, 255, 255} }},
	{{ {-4854, 947, -576}, 0, {2032, -16}, {255, 255, 255, 255} }},
	{{ {-4075, 947, -576}, 0, {-16, -16}, {255, 255, 255, 255} }},
	{{ {-3066, 947, 250}, 0, {-16, 2032}, {255, 255, 255, 255} }},
	{{ {-4025, 947, 250}, 0, {2032, 2032}, {255, 255, 255, 255} }},
	{{ {-4025, 947, 200}, 0, {2032, -16}, {255, 255, 255, 255} }},
	{{ {-3066, 947, 200}, 0, {-16, -16}, {255, 255, 255, 255} }},
	{{ {-3066, 947, -200}, 0, {-16, 2032}, {255, 255, 255, 255} }},
	{{ {-4025, 947, -200}, 0, {2032, 2032}, {255, 255, 255, 255} }},
	{{ {-4025, 947, -250}, 0, {2032, -16}, {255, 255, 255, 255} }},
	{{ {-3066, 947, -250}, 0, {-16, -16}, {255, 255, 255, 255} }},
	{{ {-4075, 947, 576}, 0, {-16, 2032}, {255, 255, 255, 255} }},
	{{ {-4854, 947, 576}, 0, {2032, 2032}, {255, 255, 255, 255} }},
	{{ {-4854, 947, 526}, 0, {2032, -16}, {255, 255, 255, 255} }},
	{{ {-4075, 947, 526}, 0, {-16, -16}, {255, 255, 255, 255} }},
	{{ {-4025, 947, -526}, 0, {-16, 2032}, {255, 255, 255, 255} }},
	{{ {-4025, 947, 526}, 0, {2032, 2032}, {255, 255, 255, 255} }},
	{{ {-4075, 947, 526}, 0, {2032, -16}, {255, 255, 255, 255} }},
	{{ {-4075, 947, -526}, 0, {-16, -16}, {255, 255, 255, 255} }},
	{{ {-4025, 997, 200}, 0, {-16, -16}, {255, 255, 255, 255} }},
	{{ {-3066, 997, 200}, 0, {-16, 2032}, {255, 255, 255, 255} }},
	{{ {-3066, 947, 200}, 0, {2032, 2032}, {255, 255, 255, 255} }},
	{{ {-4025, 947, 200}, 0, {2032, -16}, {255, 255, 255, 255} }},
	{{ {-4075, 997, 526}, 0, {-16, 2032}, {255, 255, 255, 255} }},
	{{ {-4075, 947, 526}, 0, {2032, 2032}, {255, 255, 255, 255} }},
	{{ {-4854, 997, 526}, 0, {-16, -16}, {255, 255, 255, 255} }},
	{{ {-2191, 997, -200}, 0, {-16, 2032}, {255, 255, 255, 255} }},
	{{ {-2191, 947, -200}, 0, {2032, 2032}, {255, 255, 255, 255} }},
	{{ {-2191, 947, 200}, 0, {2032, -16}, {255, 255, 255, 255} }},
	{{ {-2191, 997, 200}, 0, {-16, -16}, {255, 255, 255, 255} }},
	{{ {-3066, 997, 200}, 0, {-16, -16}, {255, 255, 255, 255} }},
	{{ {-2591, 997, 200}, 0, {-16, 2032}, {255, 255, 255, 255} }},
	{{ {-2591, 947, 200}, 0, {2032, 2032}, {255, 255, 255, 255} }},
	{{ {-3066, 947, 200}, 0, {2032, -16}, {255, 255, 255, 255} }},
	{{ {-3066, 997, -200}, 0, {-16, -16}, {255, 255, 255, 255} }},
	{{ {-4025, 997, -200}, 0, {-16, 2032}, {255, 255, 255, 255} }},
	{{ {-3066, 947, -200}, 0, {2032, -16}, {255, 255, 255, 255} }},
	{{ {-2591, 997, -200}, 0, {-16, 2032}, {255, 255, 255, 255} }},
	{{ {-2591, 947, -200}, 0, {2032, 2032}, {255, 255, 255, 255} }},
	{{ {-2191, 947, -200}, 0, {2032, -16}, {255, 255, 255, 255} }},
	{{ {-2191, 997, -200}, 0, {-16, -16}, {255, 255, 255, 255} }},
	{{ {-2591, 997, -200}, 0, {-16, -16}, {255, 255, 255, 255} }},
	{{ {-3066, 997, -200}, 0, {-16, 2032}, {255, 255, 255, 255} }},
	{{ {-3066, 947, -200}, 0, {2032, 2032}, {255, 255, 255, 255} }},
	{{ {-2591, 947, -200}, 0, {2032, -16}, {255, 255, 255, 255} }},
	{{ {-4854, 997, -526}, 0, {-16, 2032}, {255, 255, 255, 255} }},
	{{ {-4854, 947, -526}, 0, {2032, 2032}, {255, 255, 255, 255} }},
	{{ {-4075, 947, -526}, 0, {2032, -16}, {255, 255, 255, 255} }},
	{{ {-4075, 997, -526}, 0, {-16, -16}, {255, 255, 255, 255} }},
	{{ {-4075, 997, -526}, 0, {-16, 2032}, {255, 255, 255, 255} }},
	{{ {-4075, 947, -526}, 0, {2032, 2032}, {255, 255, 255, 255} }},
	{{ {-4075, 947, 526}, 0, {2032, -16}, {255, 255, 255, 255} }},
	{{ {-4075, 997, 526}, 0, {-16, -16}, {255, 255, 255, 255} }},
	{{ {-2191, 997, 200}, 0, {-16, 2032}, {255, 255, 255, 255} }},
	{{ {-2191, 947, 200}, 0, {2032, 2032}, {255, 255, 255, 255} }},
	{{ {-2591, 947, 200}, 0, {2032, -16}, {255, 255, 255, 255} }},
	{{ {-2591, 997, 200}, 0, {-16, -16}, {255, 255, 255, 255} }},
	{{ {-4025, 997, -200}, 0, {-16, -16}, {255, 255, 255, 255} }},
	{{ {-4025, 997, 200}, 0, {-16, 2032}, {255, 255, 255, 255} }},
	{{ {-4025, 947, 200}, 0, {2032, 2032}, {255, 255, 255, 255} }},
	{{ {-4025, 947, -200}, 0, {2032, -16}, {255, 255, 255, 255} }},
	{{ {-4854, 997, -526}, 0, {-16, -16}, {255, 255, 255, 255} }},
	{{ {-4854, 997, 526}, 0, {-16, 2032}, {255, 255, 255, 255} }},
	{{ {-4854, 947, 526}, 0, {2032, 2032}, {255, 255, 255, 255} }},
	{{ {-4854, 947, -526}, 0, {2032, -16}, {255, 255, 255, 255} }},
	{{ {-4854, 947, 526}, 0, {-16, 2032}, {255, 255, 255, 255} }},
	{{ {-4854, 947, 576}, 0, {2032, 2032}, {255, 255, 255, 255} }},
	{{ {-4854, 529, 576}, 0, {2032, -16}, {255, 255, 255, 255} }},
	{{ {-4854, 529, 526}, 0, {-16, -16}, {255, 255, 255, 255} }},
	{{ {-4854, 947, -576}, 0, {-16, 2032}, {255, 255, 255, 255} }},
	{{ {-4854, 947, -526}, 0, {2032, 2032}, {255, 255, 255, 255} }},
	{{ {-4854, 529, -526}, 0, {2032, -16}, {255, 255, 255, 255} }},
	{{ {-4854, 529, -576}, 0, {-16, -16}, {255, 255, 255, 255} }},
	{{ {-4854, 529, 526}, 0, {-16, 2032}, {255, 255, 255, 255} }},
	{{ {-4854, 529, 576}, 0, {2032, 2032}, {255, 255, 255, 255} }},
	{{ {-4075, 529, 576}, 0, {2032, -16}, {255, 255, 255, 255} }},
	{{ {-4075, 529, 526}, 0, {-16, -16}, {255, 255, 255, 255} }},
	{{ {-4854, 529, -576}, 0, {-16, 2032}, {255, 255, 255, 255} }},
	{{ {-4854, 529, -526}, 0, {2032, 2032}, {255, 255, 255, 255} }},
	{{ {-4075, 529, -526}, 0, {2032, -16}, {255, 255, 255, 255} }},
	{{ {-4075, 529, -576}, 0, {-16, -16}, {255, 255, 255, 255} }},
	{{ {-4075, 529, 526}, 0, {-16, 2032}, {255, 255, 255, 255} }},
	{{ {-4075, 529, 576}, 0, {2032, 2032}, {255, 255, 255, 255} }},
	{{ {-4075, 947, 576}, 0, {2032, -16}, {255, 255, 255, 255} }},
	{{ {-4075, 947, 526}, 0, {-16, -16}, {255, 255, 255, 255} }},
	{{ {-4075, 529, -576}, 0, {-16, 2032}, {255, 255, 255, 255} }},
	{{ {-4075, 529, -526}, 0, {2032, 2032}, {255, 255, 255, 255} }},
	{{ {-4075, 947, -526}, 0, {2032, -16}, {255, 255, 255, 255} }},
	{{ {-4075, 947, -576}, 0, {-16, -16}, {255, 255, 255, 255} }},
	{{ {-400, 263, 200}, 0, {-2380, 3056}, {255, 255, 255, 255} }},
	{{ {-400, 263, -200}, 0, {-2380, -1040}, {255, 255, 255, 255} }},
	{{ {-400, 194, -200}, 0, {-2380, -1040}, {255, 255, 255, 255} }},
	{{ {-400, 194, 200}, 0, {-2380, 3056}, {255, 255, 255, 255} }},
	{{ {-331, 194, 200}, 0, {-2380, 3056}, {255, 255, 255, 255} }},
	{{ {-400, 194, 200}, 0, {-3103, 3056}, {255, 255, 255, 255} }},
	{{ {-400, 194, -200}, 0, {-3103, -1040}, {255, 255, 255, 255} }},
	{{ {-331, 194, -200}, 0, {-2380, -1040}, {255, 255, 255, 255} }},
	{{ {-3100, 263, 1909}, 0, {-16, -16}, {247, 247, 247, 247} }},
	{{ {-4186, 263, 1909}, 0, {-16, 2032}, {247, 247, 247, 247} }},
	{{ {-4186, 263, 1959}, 0, {2032, 2032}, {247, 247, 247, 247} }},
	{{ {-3100, 263, 1959}, 0, {2032, -16}, {247, 247, 247, 247} }},
	{{ {-3050, 997, 1909}, 0, {-16, 2032}, {255, 255, 255, 255} }},
	{{ {-3050, 997, 1959}, 0, {2032, 2032}, {255, 255, 255, 255} }},
	{{ {-3050, 947, 1959}, 0, {2032, -16}, {255, 255, 255, 255} }},
	{{ {-3050, 947, 1909}, 0, {-16, -16}, {255, 255, 255, 255} }},
	{{ {-3100, 997, 1909}, 0, {-16, 2032}, {191, 191, 191, 255} }},
	{{ {-3050, 997, 1909}, 0, {2032, 2032}, {191, 191, 191, 255} }},
	{{ {-3050, 947, 1909}, 0, {2032, -16}, {191, 191, 191, 255} }},
	{{ {-3100, 947, 1909}, 0, {-16, -16}, {191, 191, 191, 255} }},
	{{ {-3050, 997, 1959}, 0, {-16, 2032}, {255, 255, 255, 255} }},
	{{ {-3050, 997, 1909}, 0, {2032, 2032}, {255, 255, 255, 255} }},
	{{ {-3100, 997, 1909}, 0, {2032, -16}, {255, 255, 255, 255} }},
	{{ {-3100, 997, 1959}, 0, {-16, -16}, {255, 255, 255, 255} }},
	{{ {-4186, 997, 1909}, 0, {-16, -16}, {191, 191, 191, 255} }},
	{{ {-3100, 997, 1909}, 0, {-16, 2032}, {191, 191, 191, 255} }},
	{{ {-3100, 947, 1909}, 0, {2032, 2032}, {191, 191, 191, 255} }},
	{{ {-4186, 947, 1909}, 0, {2032, -16}, {191, 191, 191, 255} }},
	{{ {-4186, 997, 1959}, 0, {-16, -16}, {255, 255, 255, 255} }},
	{{ {-3100, 997, 1959}, 0, {-16, 2032}, {255, 255, 255, 255} }},
	{{ {-3100, 997, 1909}, 0, {2032, 2032}, {255, 255, 255, 255} }},
	{{ {-4186, 997, 1909}, 0, {2032, -16}, {255, 255, 255, 255} }},
	{{ {-3050, 947, 1959}, 0, {-16, 2032}, {255, 255, 255, 255} }},
	{{ {-3050, 997, 1959}, 0, {2032, 2032}, {255, 255, 255, 255} }},
	{{ {-3050, 997, 3000}, 0, {2032, -16}, {255, 255, 255, 255} }},
	{{ {-3050, 947, 3000}, 0, {-16, -16}, {255, 255, 255, 255} }},
	{{ {-3050, 997, 1959}, 0, {-16, 2032}, {255, 255, 255, 255} }},
	{{ {-3100, 997, 1959}, 0, {2032, 2032}, {255, 255, 255, 255} }},
	{{ {-3100, 997, 3000}, 0, {2032, -16}, {255, 255, 255, 255} }},
	{{ {-3050, 997, 3000}, 0, {-16, -16}, {255, 255, 255, 255} }},
	{{ {-3050, 947, 1909}, 0, {-16, -16}, {191, 191, 191, 255} }},
	{{ {-3050, 263, 1909}, 0, {-16, 2032}, {191, 191, 191, 255} }},
	{{ {-3100, 263, 1909}, 0, {2032, 2032}, {191, 191, 191, 255} }},
	{{ {-3100, 947, 1909}, 0, {2032, -16}, {191, 191, 191, 255} }},
	{{ {-3050, 947, 1959}, 0, {-16, -16}, {255, 255, 255, 255} }},
	{{ {-3050, 263, 1959}, 0, {-16, 2032}, {255, 255, 255, 255} }},
	{{ {-3050, 263, 1909}, 0, {2032, 2032}, {255, 255, 255, 255} }},
	{{ {-3050, 947, 1909}, 0, {2032, -16}, {255, 255, 255, 255} }},
	{{ {-3100, 263, 1909}, 0, {-16, 2032}, {255, 255, 255, 255} }},
	{{ {-3100, 263, 1959}, 0, {2032, 2032}, {255, 255, 255, 255} }},
	{{ {-3100, 947, 1959}, 0, {2032, -16}, {255, 255, 255, 255} }},
	{{ {-3100, 947, 1909}, 0, {-16, -16}, {255, 255, 255, 255} }},
	{{ {-3050, 263, 1959}, 0, {-16, -16}, {255, 255, 255, 255} }},
	{{ {-3050, 947, 1959}, 0, {-16, 2032}, {255, 255, 255, 255} }},
	{{ {-3100, 947, 1959}, 0, {2032, 2032}, {255, 255, 255, 255} }},
	{{ {-3100, 263, 1959}, 0, {2032, -16}, {255, 255, 255, 255} }},
	{{ {-4186, 947, 1909}, 0, {-16, 2032}, {255, 255, 255, 255} }},
	{{ {-3100, 947, 1909}, 0, {2032, 2032}, {255, 255, 255, 255} }},
	{{ {-3100, 947, 1959}, 0, {2032, -16}, {255, 255, 255, 255} }},
	{{ {-4186, 947, 1959}, 0, {-16, -16}, {255, 255, 255, 255} }},
	{{ {-3050, 947, 1959}, 0, {-16, 2032}, {255, 255, 255, 255} }},
	{{ {-3050, 947, 3000}, 0, {2032, 2032}, {255, 255, 255, 255} }},
	{{ {-3100, 947, 3000}, 0, {2032, -16}, {255, 255, 255, 255} }},
	{{ {-3100, 947, 1959}, 0, {-16, -16}, {255, 255, 255, 255} }},
	{{ {-4186, 947, 1909}, 0, {-16, 2032}, {255, 255, 255, 255} }},
	{{ {-4186, 947, 1959}, 0, {2032, 2032}, {255, 255, 255, 255} }},
	{{ {-4186, 263, 1959}, 0, {2032, -16}, {255, 255, 255, 255} }},
	{{ {-4186, 263, 1909}, 0, {-16, -16}, {255, 255, 255, 255} }},
	{{ {-3100, 263, 1959}, 0, {-16, -16}, {255, 255, 255, 255} }},
	{{ {-3100, 263, 3000}, 0, {-16, 2032}, {255, 255, 255, 255} }},
	{{ {-3050, 263, 3000}, 0, {2032, 2032}, {255, 255, 255, 255} }},
	{{ {-3050, 263, 1959}, 0, {2032, -16}, {255, 255, 255, 255} }},
	{{ {-3100, 263, 3000}, 0, {-16, 2032}, {255, 255, 255, 255} }},
	{{ {-3100, 947, 3000}, 0, {2032, 2032}, {255, 255, 255, 255} }},
	{{ {-3050, 947, 3000}, 0, {2032, -16}, {255, 255, 255, 255} }},
	{{ {-3050, 263, 3000}, 0, {-16, -16}, {255, 255, 255, 255} }},
	{{ {-4186, 997, 1959}, 0, {-16, 2032}, {255, 255, 255, 255} }},
	{{ {-4186, 997, 1909}, 0, {2032, 2032}, {255, 255, 255, 255} }},
	{{ {-5000, 997, 1909}, 0, {2032, -16}, {121, 121, 121, 255} }},
	{{ {-5000, 997, 1959}, 0, {-16, -16}, {121, 121, 121, 255} }},
	{{ {-4186, 997, 1909}, 0, {-16, 2032}, {191, 191, 191, 255} }},
	{{ {-4186, 947, 1909}, 0, {2032, 2032}, {191, 191, 191, 255} }},
	{{ {-5000, 947, 1909}, 0, {2032, -16}, {191, 191, 191, 255} }},
	{{ {-5000, 997, 1909}, 0, {-16, -16}, {121, 121, 121, 255} }},
	{{ {-2641, 507, 1000}, 0, {-16, 2032}, {255, 255, 255, 255} }},
	{{ {-2641, 457, 1000}, 0, {2032, 2032}, {255, 255, 255, 255} }},
	{{ {-2591, 457, 1000}, 0, {2032, -16}, {255, 255, 255, 255} }},
	{{ {-2591, 507, 1000}, 0, {-16, -16}, {255, 255, 255, 255} }},
	{{ {-2641, 457, 1000}, 0, {-16, 2032}, {255, 255, 255, 255} }},
	{{ {-2641, 263, 1000}, 0, {2032, 2032}, {255, 255, 255, 255} }},
	{{ {-2591, 263, 1000}, 0, {2032, -16}, {255, 255, 255, 255} }},
	{{ {-2591, 457, 1000}, 0, {-16, -16}, {255, 255, 255, 255} }},
	{{ {-400, 263, 772}, 0, {-2380, 8915}, {255, 255, 255, 255} }},
	{{ {-400, 263, 372}, 0, {-2380, 4819}, {255, 255, 255, 255} }},
	{{ {-400, 194, 372}, 0, {-2380, 4819}, {255, 255, 255, 255} }},
	{{ {-400, 194, 772}, 0, {-2380, 8915}, {255, 255, 255, 255} }},
	{{ {-331, 194, 772}, 0, {-2380, 8915}, {255, 255, 255, 255} }},
	{{ {-331, 194, 372}, 0, {-2380, 4819}, {255, 255, 255, 255} }},
	{{ {-2591, 526, -200}, 0, {-16, 2032}, {255, 255, 255, 255} }},
	{{ {-3066, 526, -250}, 0, {2032, -16}, {255, 255, 255, 255} }},
	{{ {-3066, 526, -200}, 0, {-16, -16}, {255, 255, 255, 255} }},
	{{ {-2591, 526, -250}, 0, {2032, 2032}, {255, 255, 255, 255} }},
	{{ {-2591, 263, -200}, 0, {-16, 2032}, {255, 255, 255, 255} }},
	{{ {-2591, 263, -250}, 0, {2032, 2032}, {255, 255, 255, 255} }},
	{{ {-2191, 263, -200}, 0, {-16, 2032}, {255, 255, 255, 255} }},
	{{ {-2191, 263, -250}, 0, {2032, 2032}, {255, 255, 255, 255} }},
	{{ {-3066, 526, 250}, 0, {-16, 2032}, {255, 255, 255, 255} }},
	{{ {-3066, 526, 200}, 0, {2032, 2032}, {255, 255, 255, 255} }},
	{{ {-4025, 526, 200}, 0, {2032, -16}, {255, 255, 255, 255} }},
	{{ {-4025, 526, 250}, 0, {-16, -16}, {255, 255, 255, 255} }},
	{{ {-3066, 526, -200}, 0, {-16, 2032}, {255, 255, 255, 255} }},
	{{ {-3066, 526, -250}, 0, {2032, 2032}, {255, 255, 255, 255} }},
	{{ {-4025, 526, -250}, 0, {2032, -16}, {255, 255, 255, 255} }},
	{{ {-4025, 526, -200}, 0, {-16, -16}, {255, 255, 255, 255} }},
	{{ {-2141, 263, -200}, 0, {-16, -16}, {255, 255, 255, 255} }},
	{{ {-2141, 263, 200}, 0, {-16, 2032}, {255, 255, 255, 255} }},
	{{ {-2141, 194, 200}, 0, {2032, 2032}, {255, 255, 255, 255} }},
	{{ {-2141, 194, -200}, 0, {2032, -16}, {255, 255, 255, 255} }},
	{{ {-4025, 529, 200}, 0, {-16, 619}, {255, 255, 255, 255} }},
	{{ {-4075, 529, 200}, 0, {2032, 619}, {255, 255, 255, 255} }},
	{{ {-4075, 529, 526}, 0, {2032, -16}, {255, 255, 255, 255} }},
	{{ {-4025, 529, 526}, 0, {-16, -16}, {255, 255, 255, 255} }},
	{{ {-4025, 529, -526}, 0, {-16, 2032}, {255, 255, 255, 255} }},
	{{ {-4075, 529, -526}, 0, {2032, 2032}, {255, 255, 255, 255} }},
	{{ {-4075, 529, -200}, 0, {2032, 1397}, {255, 255, 255, 255} }},
	{{ {-4025, 529, -200}, 0, {-16, 1397}, {255, 255, 255, 255} }},
	{{ {-2591, 457, 1400}, 0, {-16, 2032}, {255, 255, 255, 255} }},
	{{ {-2591, 263, 1400}, 0, {-16, -16}, {255, 255, 255, 255} }},
	{{ {-2641, 263, 1400}, 0, {2032, -16}, {255, 255, 255, 255} }},
	{{ {-2641, 457, 1400}, 0, {2032, 2032}, {255, 255, 255, 255} }},
	{{ {-2641, 457, 1400}, 0, {-16, 2032}, {255, 255, 255, 255} }},
	{{ {-2641, 263, 1400}, 0, {-16, -16}, {255, 255, 255, 255} }},
	{{ {-2641, 263, 1450}, 0, {2032, -16}, {255, 255, 255, 255} }},
	{{ {-2641, 457, 1450}, 0, {2032, 2032}, {255, 255, 255, 255} }},
	{{ {-2591, 194, 1400}, 0, {-10793, -16}, {255, 255, 255, 255} }},
	{{ {-2591, 194, 1000}, 0, {-10793, 2032}, {255, 255, 255, 255} }},
	{{ {-2591, 263, 1000}, 0, {-7943, 2032}, {255, 255, 255, 255} }},
	{{ {-2591, 263, 1400}, 0, {-7943, -16}, {255, 255, 255, 255} }},
	{{ {-2591, 263, 1400}, 0, {-16, -16}, {255, 255, 255, 255} }},
	{{ {-2591, 263, 1000}, 0, {-16, 2032}, {255, 255, 255, 255} }},
	{{ {-2641, 263, 1000}, 0, {2032, 2032}, {255, 255, 255, 255} }},
	{{ {-2641, 263, 1400}, 0, {2032, -16}, {255, 255, 255, 255} }},
	{{ {-2191, 263, -200}, 0, {-16, -16}, {191, 191, 191, 255} }},
	{{ {-2141, 263, -200}, 0, {2032, -16}, {191, 191, 191, 255} }},
	{{ {-2141, 997, -200}, 0, {2032, 2032}, {191, 191, 191, 255} }},
	{{ {-2191, 997, -200}, 0, {-16, 2032}, {191, 191, 191, 255} }},
	{{ {-2141, 263, 200}, 0, {-16, -16}, {191, 191, 191, 255} }},
	{{ {-2191, 263, 200}, 0, {2032, -16}, {191, 191, 191, 255} }},
	{{ {-2191, 997, 200}, 0, {2032, 2032}, {191, 191, 191, 255} }},
	{{ {-2141, 997, 200}, 0, {-16, 2032}, {191, 191, 191, 255} }},
	{{ {-2191, 263, 200}, 0, {-16, -16}, {255, 255, 255, 255} }},
	{{ {-2191, 263, 250}, 0, {2032, -16}, {255, 255, 255, 255} }},
	{{ {-2191, 997, 250}, 0, {2032, 2032}, {255, 255, 255, 255} }},
	{{ {-2191, 997, 200}, 0, {-16, 2032}, {255, 255, 255, 255} }},
	{{ {-2191, 263, -250}, 0, {-16, -16}, {255, 255, 255, 255} }},
	{{ {-2191, 263, -200}, 0, {2032, -16}, {255, 255, 255, 255} }},
	{{ {-2191, 997, -200}, 0, {2032, 2032}, {255, 255, 255, 255} }},
	{{ {-2191, 997, -250}, 0, {-16, 2032}, {255, 255, 255, 255} }},
	{{ {-2191, 263, 200}, 0, {-16, 2032}, {255, 255, 255, 255} }},
	{{ {-2141, 263, 200}, 0, {2032, 2032}, {255, 255, 255, 255} }},
	{{ {-2141, 263, -200}, 0, {2032, -16}, {255, 255, 255, 255} }},
	{{ {-2191, 263, -200}, 0, {-16, -16}, {255, 255, 255, 255} }},
	{{ {-2191, 194, -250}, 0, {-16, 2032}, {255, 255, 255, 255} }},
	{{ {-2591, 194, -250}, 0, {-16, -16}, {255, 255, 255, 255} }},
	{{ {-2591, 263, -250}, 0, {2032, -16}, {255, 255, 255, 255} }},
	{{ {-2191, 263, -250}, 0, {2032, 2032}, {255, 255, 255, 255} }},
	{{ {-2191, 194, 250}, 0, {-16, 2032}, {255, 255, 255, 255} }},
	{{ {-2191, 263, 250}, 0, {2032, 2032}, {255, 255, 255, 255} }},
	{{ {-2591, 263, 250}, 0, {2032, -16}, {255, 255, 255, 255} }},
	{{ {-2591, 194, 250}, 0, {-16, -16}, {255, 255, 255, 255} }},
	{{ {-3493, 457, 1400}, 0, {-16, 2032}, {255, 255, 255, 255} }},
	{{ {-3493, 457, 1450}, 0, {2032, 2032}, {255, 255, 255, 255} }},
	{{ {-3493, 263, 1450}, 0, {2032, -16}, {255, 255, 255, 255} }},
	{{ {-3493, 263, 1400}, 0, {-16, -16}, {255, 255, 255, 255} }},
};

Gfx rmaze_rmaze_mesh_layer_1_tri_1[] = {
	gsSPVertex(rmaze_rmaze_mesh_layer_1_vtx_1 + 0, 32, 0),
	gsSP2Triangles(0, 1, 2, 0, 0, 3, 1, 0),
	gsSP2Triangles(4, 3, 0, 0, 4, 5, 3, 0),
	gsSP2Triangles(5, 4, 6, 0, 5, 6, 7, 0),
	gsSP2Triangles(8, 9, 10, 0, 8, 10, 11, 0),
	gsSP2Triangles(12, 13, 14, 0, 12, 14, 15, 0),
	gsSP2Triangles(16, 17, 18, 0, 16, 18, 19, 0),
	gsSP2Triangles(20, 21, 22, 0, 20, 22, 23, 0),
	gsSP2Triangles(24, 25, 26, 0, 24, 26, 27, 0),
	gsSP2Triangles(28, 29, 30, 0, 28, 30, 31, 0),
	gsSPVertex(rmaze_rmaze_mesh_layer_1_vtx_1 + 32, 32, 0),
	gsSP2Triangles(0, 1, 2, 0, 0, 2, 3, 0),
	gsSP2Triangles(4, 5, 6, 0, 4, 6, 7, 0),
	gsSP2Triangles(8, 9, 10, 0, 8, 10, 11, 0),
	gsSP2Triangles(12, 13, 14, 0, 12, 14, 15, 0),
	gsSP2Triangles(9, 16, 17, 0, 9, 17, 18, 0),
	gsSP2Triangles(13, 19, 20, 0, 13, 20, 21, 0),
	gsSP2Triangles(22, 23, 24, 0, 22, 24, 25, 0),
	gsSP2Triangles(26, 19, 27, 0, 26, 27, 28, 0),
	gsSP2Triangles(29, 5, 30, 0, 29, 30, 31, 0),
	gsSPVertex(rmaze_rmaze_mesh_layer_1_vtx_1 + 64, 31, 0),
	gsSP2Triangles(0, 1, 2, 0, 0, 2, 3, 0),
	gsSP2Triangles(4, 5, 6, 0, 4, 6, 7, 0),
	gsSP2Triangles(8, 9, 10, 0, 8, 10, 11, 0),
	gsSP2Triangles(12, 13, 14, 0, 12, 14, 15, 0),
	gsSP2Triangles(16, 17, 18, 0, 16, 18, 19, 0),
	gsSP2Triangles(20, 21, 22, 0, 20, 22, 23, 0),
	gsSP2Triangles(20, 24, 25, 0, 20, 25, 26, 0),
	gsSP2Triangles(27, 28, 29, 0, 27, 29, 30, 0),
	gsSPVertex(rmaze_rmaze_mesh_layer_1_vtx_1 + 95, 32, 0),
	gsSP2Triangles(0, 1, 2, 0, 0, 2, 3, 0),
	gsSP2Triangles(4, 5, 6, 0, 4, 6, 7, 0),
	gsSP2Triangles(8, 9, 10, 0, 8, 10, 11, 0),
	gsSP2Triangles(12, 13, 14, 0, 12, 14, 15, 0),
	gsSP2Triangles(16, 17, 18, 0, 16, 18, 19, 0),
	gsSP2Triangles(20, 21, 22, 0, 20, 22, 23, 0),
	gsSP2Triangles(20, 24, 25, 0, 20, 25, 26, 0),
	gsSP2Triangles(27, 28, 29, 0, 27, 29, 15, 0),
	gsSP2Triangles(8, 13, 30, 0, 8, 30, 31, 0),
	gsSPVertex(rmaze_rmaze_mesh_layer_1_vtx_1 + 127, 32, 0),
	gsSP2Triangles(0, 1, 2, 0, 0, 2, 3, 0),
	gsSP2Triangles(4, 5, 6, 0, 4, 6, 7, 0),
	gsSP2Triangles(8, 9, 10, 0, 8, 10, 11, 0),
	gsSP2Triangles(12, 13, 14, 0, 12, 14, 15, 0),
	gsSP2Triangles(16, 17, 18, 0, 16, 18, 19, 0),
	gsSP2Triangles(20, 21, 22, 0, 20, 22, 23, 0),
	gsSP2Triangles(24, 25, 26, 0, 24, 26, 27, 0),
	gsSP2Triangles(28, 29, 30, 0, 28, 30, 31, 0),
	gsSPVertex(rmaze_rmaze_mesh_layer_1_vtx_1 + 159, 32, 0),
	gsSP2Triangles(0, 1, 2, 0, 0, 2, 3, 0),
	gsSP2Triangles(4, 5, 6, 0, 4, 6, 7, 0),
	gsSP2Triangles(8, 9, 10, 0, 8, 10, 11, 0),
	gsSP2Triangles(12, 13, 14, 0, 12, 14, 15, 0),
	gsSP2Triangles(16, 17, 18, 0, 16, 18, 19, 0),
	gsSP2Triangles(20, 21, 22, 0, 20, 22, 23, 0),
	gsSP2Triangles(24, 25, 26, 0, 24, 26, 27, 0),
	gsSP2Triangles(28, 29, 30, 0, 28, 30, 31, 0),
	gsSPVertex(rmaze_rmaze_mesh_layer_1_vtx_1 + 191, 32, 0),
	gsSP2Triangles(0, 1, 2, 0, 0, 2, 3, 0),
	gsSP2Triangles(4, 5, 6, 0, 4, 6, 7, 0),
	gsSP2Triangles(8, 9, 10, 0, 8, 10, 11, 0),
	gsSP2Triangles(12, 13, 14, 0, 12, 14, 15, 0),
	gsSP2Triangles(16, 17, 18, 0, 16, 18, 19, 0),
	gsSP2Triangles(20, 21, 22, 0, 20, 22, 23, 0),
	gsSP2Triangles(24, 25, 26, 0, 24, 26, 27, 0),
	gsSP2Triangles(28, 29, 30, 0, 28, 30, 31, 0),
	gsSPVertex(rmaze_rmaze_mesh_layer_1_vtx_1 + 223, 31, 0),
	gsSP2Triangles(0, 1, 2, 0, 0, 2, 3, 0),
	gsSP2Triangles(4, 5, 6, 0, 4, 6, 7, 0),
	gsSP2Triangles(8, 5, 9, 0, 8, 9, 10, 0),
	gsSP2Triangles(11, 12, 13, 0, 11, 13, 10, 0),
	gsSP2Triangles(14, 0, 15, 0, 14, 15, 16, 0),
	gsSP2Triangles(17, 18, 19, 0, 17, 19, 20, 0),
	gsSP2Triangles(8, 21, 22, 0, 8, 22, 23, 0),
	gsSP2Triangles(0, 24, 25, 0, 0, 25, 26, 0),
	gsSP2Triangles(27, 28, 29, 0, 27, 29, 30, 0),
	gsSPVertex(rmaze_rmaze_mesh_layer_1_vtx_1 + 254, 31, 0),
	gsSP2Triangles(0, 1, 2, 0, 0, 2, 3, 0),
	gsSP2Triangles(4, 5, 6, 0, 4, 6, 7, 0),
	gsSP2Triangles(8, 9, 10, 0, 8, 10, 2, 0),
	gsSP2Triangles(11, 12, 13, 0, 11, 13, 14, 0),
	gsSP2Triangles(15, 16, 17, 0, 15, 17, 18, 0),
	gsSP2Triangles(19, 20, 21, 0, 19, 21, 22, 0),
	gsSP2Triangles(23, 24, 25, 0, 23, 25, 26, 0),
	gsSP2Triangles(27, 28, 29, 0, 27, 29, 30, 0),
	gsSPVertex(rmaze_rmaze_mesh_layer_1_vtx_1 + 285, 32, 0),
	gsSP2Triangles(0, 1, 2, 0, 0, 2, 3, 0),
	gsSP2Triangles(4, 5, 6, 0, 4, 6, 7, 0),
	gsSP2Triangles(8, 9, 10, 0, 8, 10, 11, 0),
	gsSP2Triangles(12, 13, 14, 0, 12, 14, 15, 0),
	gsSP2Triangles(16, 17, 18, 0, 16, 18, 19, 0),
	gsSP2Triangles(20, 21, 22, 0, 20, 22, 23, 0),
	gsSP2Triangles(24, 25, 26, 0, 24, 26, 27, 0),
	gsSP2Triangles(28, 29, 30, 0, 28, 30, 31, 0),
	gsSPVertex(rmaze_rmaze_mesh_layer_1_vtx_1 + 317, 31, 0),
	gsSP2Triangles(0, 1, 2, 0, 0, 2, 3, 0),
	gsSP2Triangles(4, 5, 6, 0, 4, 6, 7, 0),
	gsSP2Triangles(8, 9, 10, 0, 8, 10, 11, 0),
	gsSP2Triangles(12, 13, 14, 0, 12, 14, 15, 0),
	gsSP2Triangles(16, 17, 18, 0, 16, 18, 19, 0),
	gsSP2Triangles(20, 21, 18, 0, 20, 18, 22, 0),
	gsSP2Triangles(23, 24, 25, 0, 23, 25, 26, 0),
	gsSP2Triangles(27, 28, 29, 0, 27, 29, 30, 0),
	gsSPVertex(rmaze_rmaze_mesh_layer_1_vtx_1 + 348, 30, 0),
	gsSP2Triangles(0, 1, 2, 0, 0, 2, 3, 0),
	gsSP2Triangles(4, 5, 6, 0, 4, 6, 7, 0),
	gsSP2Triangles(8, 9, 10, 0, 8, 10, 11, 0),
	gsSP2Triangles(12, 13, 14, 0, 12, 14, 15, 0),
	gsSP2Triangles(16, 17, 18, 0, 16, 18, 10, 0),
	gsSP2Triangles(19, 18, 20, 0, 19, 20, 21, 0),
	gsSP2Triangles(22, 23, 24, 0, 22, 24, 25, 0),
	gsSP2Triangles(26, 27, 28, 0, 26, 28, 29, 0),
	gsSPVertex(rmaze_rmaze_mesh_layer_1_vtx_1 + 378, 32, 0),
	gsSP2Triangles(0, 1, 2, 0, 0, 2, 3, 0),
	gsSP2Triangles(4, 5, 6, 0, 4, 6, 7, 0),
	gsSP2Triangles(8, 9, 10, 0, 8, 10, 11, 0),
	gsSP2Triangles(12, 13, 14, 0, 12, 14, 15, 0),
	gsSP2Triangles(16, 17, 18, 0, 16, 18, 19, 0),
	gsSP2Triangles(20, 21, 22, 0, 20, 22, 23, 0),
	gsSP2Triangles(24, 25, 26, 0, 24, 26, 27, 0),
	gsSP2Triangles(28, 29, 30, 0, 28, 30, 31, 0),
	gsSPVertex(rmaze_rmaze_mesh_layer_1_vtx_1 + 410, 30, 0),
	gsSP2Triangles(0, 1, 2, 0, 0, 2, 3, 0),
	gsSP2Triangles(4, 5, 6, 0, 4, 6, 7, 0),
	gsSP2Triangles(8, 9, 10, 0, 8, 10, 11, 0),
	gsSP2Triangles(12, 13, 14, 0, 12, 14, 15, 0),
	gsSP2Triangles(16, 17, 6, 0, 16, 6, 18, 0),
	gsSP2Triangles(19, 20, 21, 0, 19, 21, 22, 0),
	gsSP2Triangles(23, 24, 25, 0, 23, 25, 26, 0),
	gsSP2Triangles(27, 28, 1, 0, 27, 1, 29, 0),
	gsSPVertex(rmaze_rmaze_mesh_layer_1_vtx_1 + 440, 32, 0),
	gsSP2Triangles(0, 1, 2, 0, 0, 2, 3, 0),
	gsSP2Triangles(4, 5, 6, 0, 4, 6, 7, 0),
	gsSP2Triangles(8, 9, 10, 0, 8, 10, 11, 0),
	gsSP2Triangles(12, 13, 14, 0, 12, 14, 15, 0),
	gsSP2Triangles(16, 17, 18, 0, 16, 18, 19, 0),
	gsSP2Triangles(20, 21, 22, 0, 20, 22, 23, 0),
	gsSP2Triangles(24, 25, 26, 0, 24, 26, 27, 0),
	gsSP2Triangles(28, 29, 30, 0, 28, 30, 31, 0),
	gsSPVertex(rmaze_rmaze_mesh_layer_1_vtx_1 + 472, 32, 0),
	gsSP2Triangles(0, 1, 2, 0, 0, 2, 3, 0),
	gsSP2Triangles(4, 5, 6, 0, 4, 6, 7, 0),
	gsSP2Triangles(8, 9, 10, 0, 8, 10, 11, 0),
	gsSP2Triangles(12, 13, 14, 0, 12, 14, 15, 0),
	gsSP2Triangles(16, 17, 18, 0, 16, 18, 19, 0),
	gsSP2Triangles(20, 21, 22, 0, 20, 22, 23, 0),
	gsSP2Triangles(24, 25, 26, 0, 24, 26, 27, 0),
	gsSP2Triangles(28, 29, 30, 0, 28, 30, 31, 0),
	gsSPVertex(rmaze_rmaze_mesh_layer_1_vtx_1 + 504, 32, 0),
	gsSP2Triangles(0, 1, 2, 0, 0, 2, 3, 0),
	gsSP2Triangles(4, 5, 6, 0, 4, 6, 7, 0),
	gsSP2Triangles(8, 9, 10, 0, 8, 10, 11, 0),
	gsSP2Triangles(12, 13, 14, 0, 12, 14, 15, 0),
	gsSP2Triangles(16, 17, 18, 0, 16, 18, 19, 0),
	gsSP2Triangles(20, 21, 22, 0, 20, 22, 23, 0),
	gsSP2Triangles(24, 25, 26, 0, 24, 26, 27, 0),
	gsSP2Triangles(28, 29, 30, 0, 28, 30, 31, 0),
	gsSPVertex(rmaze_rmaze_mesh_layer_1_vtx_1 + 536, 32, 0),
	gsSP2Triangles(0, 1, 2, 0, 0, 2, 3, 0),
	gsSP2Triangles(4, 5, 6, 0, 4, 6, 7, 0),
	gsSP2Triangles(8, 9, 10, 0, 8, 10, 11, 0),
	gsSP2Triangles(12, 13, 14, 0, 12, 14, 15, 0),
	gsSP2Triangles(16, 17, 18, 0, 16, 18, 19, 0),
	gsSP2Triangles(20, 21, 22, 0, 20, 22, 23, 0),
	gsSP2Triangles(24, 25, 26, 0, 24, 26, 27, 0),
	gsSP2Triangles(28, 29, 30, 0, 28, 30, 31, 0),
	gsSPVertex(rmaze_rmaze_mesh_layer_1_vtx_1 + 568, 30, 0),
	gsSP2Triangles(0, 1, 2, 0, 0, 2, 3, 0),
	gsSP2Triangles(4, 5, 6, 0, 4, 6, 7, 0),
	gsSP2Triangles(8, 9, 10, 0, 8, 10, 11, 0),
	gsSP2Triangles(12, 13, 14, 0, 12, 14, 15, 0),
	gsSP2Triangles(16, 17, 18, 0, 16, 18, 19, 0),
	gsSP2Triangles(18, 20, 19, 0, 18, 21, 20, 0),
	gsSP2Triangles(22, 23, 24, 0, 22, 25, 23, 0),
	gsSP2Triangles(25, 22, 26, 0, 25, 26, 27, 0),
	gsSP2Triangles(27, 26, 28, 0, 27, 28, 29, 0),
	gsSPVertex(rmaze_rmaze_mesh_layer_1_vtx_1 + 598, 32, 0),
	gsSP2Triangles(0, 1, 2, 0, 0, 2, 3, 0),
	gsSP2Triangles(4, 5, 6, 0, 4, 6, 7, 0),
	gsSP2Triangles(8, 9, 10, 0, 8, 10, 11, 0),
	gsSP2Triangles(12, 13, 14, 0, 12, 14, 15, 0),
	gsSP2Triangles(16, 17, 18, 0, 16, 18, 19, 0),
	gsSP2Triangles(20, 21, 22, 0, 20, 22, 23, 0),
	gsSP2Triangles(24, 25, 26, 0, 24, 26, 27, 0),
	gsSP2Triangles(28, 29, 30, 0, 28, 30, 31, 0),
	gsSPVertex(rmaze_rmaze_mesh_layer_1_vtx_1 + 630, 32, 0),
	gsSP2Triangles(0, 1, 2, 0, 0, 2, 3, 0),
	gsSP2Triangles(4, 5, 6, 0, 4, 6, 7, 0),
	gsSP2Triangles(8, 9, 10, 0, 8, 10, 11, 0),
	gsSP2Triangles(12, 13, 14, 0, 12, 14, 15, 0),
	gsSP2Triangles(16, 17, 18, 0, 16, 18, 19, 0),
	gsSP2Triangles(20, 21, 22, 0, 20, 22, 23, 0),
	gsSP2Triangles(24, 25, 26, 0, 24, 26, 27, 0),
	gsSP2Triangles(28, 29, 30, 0, 28, 30, 31, 0),
	gsSPVertex(rmaze_rmaze_mesh_layer_1_vtx_1 + 662, 4, 0),
	gsSP2Triangles(0, 1, 2, 0, 0, 2, 3, 0),
	gsSPEndDisplayList(),
};

Vtx rmaze_rmaze_mesh_layer_1_vtx_2[210] = {
	{{ {-331, 194, -200}, 0, {-9666, 1010}, {255, 255, 255, 255} }},
	{{ {-331, 194, -2973}, 0, {31270, 1010}, {255, 255, 255, 255} }},
	{{ {-331, 263, -2973}, 0, {31270, -18}, {255, 255, 255, 255} }},
	{{ {-331, 263, -200}, 0, {-9666, -18}, {255, 255, 255, 255} }},
	{{ {-331, 263, -200}, 0, {3646, -18}, {255, 255, 255, 255} }},
	{{ {-331, 194, 200}, 0, {-2259, 1010}, {255, 255, 255, 255} }},
	{{ {-331, 194, -200}, 0, {3646, 1010}, {255, 255, 255, 255} }},
	{{ {-331, 263, 200}, 0, {-2259, -18}, {255, 255, 255, 255} }},
	{{ {-331, 194, 372}, 0, {-4800, 1010}, {255, 255, 255, 255} }},
	{{ {-331, 263, 372}, 0, {-4800, -18}, {255, 255, 255, 255} }},
	{{ {-331, 263, 772}, 0, {-10704, -18}, {255, 255, 255, 255} }},
	{{ {-331, 194, 772}, 0, {-10704, 1010}, {255, 255, 255, 255} }},
	{{ {-3493, 263, -1000}, 0, {-19553, -9}, {191, 191, 191, 255} }},
	{{ {-3893, 194, -1000}, 0, {-25359, 1001}, {191, 191, 191, 255} }},
	{{ {-3893, 263, -1000}, 0, {-25359, -9}, {191, 191, 191, 255} }},
	{{ {-3493, 194, -1000}, 0, {-19553, 1001}, {191, 191, 191, 255} }},
	{{ {-2591, 194, -1000}, 0, {-6462, 1001}, {191, 191, 191, 255} }},
	{{ {-2591, 263, -1000}, 0, {-6462, -9}, {191, 191, 191, 255} }},
	{{ {-331, 194, 772}, 0, {2608, 1010}, {255, 255, 255, 255} }},
	{{ {-331, 263, 772}, 0, {2608, -18}, {255, 255, 255, 255} }},
	{{ {-331, 263, 3000}, 0, {-30278, -18}, {255, 255, 255, 255} }},
	{{ {-331, 194, 3000}, 0, {-30278, 1010}, {255, 255, 255, 255} }},
	{{ {-1720, 194, 2114}, 0, {-26855, 1001}, {255, 255, 255, 255} }},
	{{ {-1720, 194, 1400}, 0, {-16485, 1001}, {255, 255, 255, 255} }},
	{{ {-1720, 263, 1400}, 0, {-16485, -9}, {255, 255, 255, 255} }},
	{{ {-1720, 263, 2114}, 0, {-26855, -9}, {255, 255, 255, 255} }},
	{{ {-946, 194, 372}, 0, {17426, 1001}, {191, 191, 191, 255} }},
	{{ {-546, 194, 372}, 0, {23233, 1001}, {191, 191, 191, 255} }},
	{{ {-546, 263, 372}, 0, {23233, -9}, {191, 191, 191, 255} }},
	{{ {-946, 263, 372}, 0, {17426, -9}, {191, 191, 191, 255} }},
	{{ {-1575, 194, 372}, 0, {8294, 1001}, {191, 191, 191, 255} }},
	{{ {-1575, 263, 372}, 0, {8294, -9}, {191, 191, 191, 255} }},
	{{ {-2191, 194, 1000}, 0, {-655, 1001}, {191, 191, 191, 255} }},
	{{ {-1720, 194, 1000}, 0, {6181, 1001}, {191, 191, 191, 255} }},
	{{ {-1720, 263, 1000}, 0, {6181, -9}, {191, 191, 191, 255} }},
	{{ {-2191, 263, 1000}, 0, {-655, -9}, {191, 191, 191, 255} }},
	{{ {-2591, 194, 2114}, 0, {-26855, 1001}, {255, 255, 255, 255} }},
	{{ {-2591, 194, 1400}, 0, {-16485, 1001}, {255, 255, 255, 255} }},
	{{ {-2591, 263, 1400}, 0, {-16485, -9}, {255, 255, 255, 255} }},
	{{ {-2591, 263, 2114}, 0, {-26855, -9}, {255, 255, 255, 255} }},
	{{ {-3493, 194, -2054}, 0, {31606, 1001}, {255, 255, 255, 255} }},
	{{ {-3493, 194, -1654}, 0, {25799, 1001}, {255, 255, 255, 255} }},
	{{ {-3493, 263, -1654}, 0, {25799, -9}, {255, 255, 255, 255} }},
	{{ {-3493, 263, -2054}, 0, {31606, -9}, {255, 255, 255, 255} }},
	{{ {-1320, 194, 1400}, 0, {-16485, 1001}, {255, 255, 255, 255} }},
	{{ {-1320, 194, 2114}, 0, {-26855, 1001}, {255, 255, 255, 255} }},
	{{ {-1320, 263, 2114}, 0, {-26855, -9}, {255, 255, 255, 255} }},
	{{ {-1320, 263, 1400}, 0, {-16485, -9}, {255, 255, 255, 255} }},
	{{ {-3893, 194, 1959}, 0, {-2831, 1011}, {255, 255, 255, 255} }},
	{{ {-3893, 194, 1450}, 0, {4689, 1011}, {255, 255, 255, 255} }},
	{{ {-3893, 263, 1450}, 0, {4689, -19}, {255, 255, 255, 255} }},
	{{ {-3893, 263, 1959}, 0, {-2831, -19}, {255, 255, 255, 255} }},
	{{ {-1575, 194, 772}, 0, {8294, 1001}, {191, 191, 191, 255} }},
	{{ {-1975, 194, 772}, 0, {2488, 1001}, {191, 191, 191, 255} }},
	{{ {-1975, 263, 772}, 0, {2488, -9}, {191, 191, 191, 255} }},
	{{ {-1575, 263, 772}, 0, {8294, -9}, {191, 191, 191, 255} }},
	{{ {-1128, 194, 772}, 0, {14784, 1001}, {191, 191, 191, 255} }},
	{{ {-1128, 263, 772}, 0, {14784, -9}, {191, 191, 191, 255} }},
	{{ {-2591, 194, 2514}, 0, {-30614, 1001}, {255, 255, 255, 255} }},
	{{ {-2591, 194, 2114}, 0, {-24807, 1001}, {255, 255, 255, 255} }},
	{{ {-2591, 263, 2114}, 0, {-24807, -9}, {255, 255, 255, 255} }},
	{{ {-2591, 263, 2514}, 0, {-30614, -9}, {255, 255, 255, 255} }},
	{{ {-3893, 194, -1400}, 0, {24161, 1001}, {255, 255, 255, 255} }},
	{{ {-3893, 194, -1654}, 0, {27847, 1001}, {255, 255, 255, 255} }},
	{{ {-3893, 263, -1654}, 0, {27847, -9}, {255, 255, 255, 255} }},
	{{ {-3893, 263, -1400}, 0, {24161, -9}, {255, 255, 255, 255} }},
	{{ {-1720, 194, 1400}, 0, {6181, 1001}, {191, 191, 191, 255} }},
	{{ {-2191, 194, 1400}, 0, {-655, 1001}, {191, 191, 191, 255} }},
	{{ {-2191, 263, 1400}, 0, {-655, -9}, {191, 191, 191, 255} }},
	{{ {-1720, 263, 1400}, 0, {6181, -9}, {191, 191, 191, 255} }},
	{{ {-3493, 194, 1450}, 0, {4726, 1015}, {255, 255, 255, 255} }},
	{{ {-3493, 194, 1959}, 0, {-2861, 1015}, {255, 255, 255, 255} }},
	{{ {-3493, 263, 1959}, 0, {-2861, -23}, {255, 255, 255, 255} }},
	{{ {-3493, 263, 1450}, 0, {4726, -23}, {255, 255, 255, 255} }},
	{{ {-728, 194, 1000}, 0, {-10678, 1001}, {255, 255, 255, 255} }},
	{{ {-728, 263, 1400}, 0, {-16485, -9}, {255, 255, 255, 255} }},
	{{ {-728, 263, 1000}, 0, {-10678, -9}, {255, 255, 255, 255} }},
	{{ {-728, 194, 1400}, 0, {-16485, 1001}, {255, 255, 255, 255} }},
	{{ {-728, 263, 1800}, 0, {-22291, -9}, {255, 255, 255, 255} }},
	{{ {-728, 194, 1800}, 0, {-22291, 1001}, {255, 255, 255, 255} }},
	{{ {-2191, 194, 2514}, 0, {-655, 1001}, {191, 191, 191, 255} }},
	{{ {-2591, 194, 2514}, 0, {-6462, 1001}, {191, 191, 191, 255} }},
	{{ {-2591, 263, 2514}, 0, {-6462, -9}, {191, 191, 191, 255} }},
	{{ {-2191, 263, 2514}, 0, {-655, -9}, {191, 191, 191, 255} }},
	{{ {-3493, 194, -1654}, 0, {27847, 1001}, {255, 255, 255, 255} }},
	{{ {-3493, 194, -1400}, 0, {24161, 1001}, {255, 255, 255, 255} }},
	{{ {-3493, 263, -1400}, 0, {24161, -9}, {255, 255, 255, 255} }},
	{{ {-3493, 263, -1654}, 0, {27847, -9}, {255, 255, 255, 255} }},
	{{ {-1320, 194, 2514}, 0, {11988, 1001}, {191, 191, 191, 255} }},
	{{ {-1720, 194, 2514}, 0, {6181, 1001}, {191, 191, 191, 255} }},
	{{ {-1720, 263, 2514}, 0, {6181, -9}, {191, 191, 191, 255} }},
	{{ {-1320, 263, 2514}, 0, {11988, -9}, {191, 191, 191, 255} }},
	{{ {-331, 194, 200}, 0, {26351, 1001}, {191, 191, 191, 255} }},
	{{ {-2191, 194, 200}, 0, {-655, 1001}, {191, 191, 191, 255} }},
	{{ {-2191, 263, 200}, 0, {-655, -9}, {191, 191, 191, 255} }},
	{{ {-331, 263, 200}, 0, {26351, -9}, {191, 191, 191, 255} }},
	{{ {-1320, 194, 2114}, 0, {-24807, 1001}, {255, 255, 255, 255} }},
	{{ {-1320, 194, 2514}, 0, {-30614, 1001}, {255, 255, 255, 255} }},
	{{ {-1320, 263, 2514}, 0, {-30614, -9}, {255, 255, 255, 255} }},
	{{ {-1320, 263, 2114}, 0, {-24807, -9}, {255, 255, 255, 255} }},
	{{ {-3493, 194, -1400}, 0, {-19553, 1001}, {191, 191, 191, 255} }},
	{{ {-2591, 194, -1400}, 0, {-6462, 1001}, {191, 191, 191, 255} }},
	{{ {-2591, 263, -1400}, 0, {-6462, -9}, {191, 191, 191, 255} }},
	{{ {-3493, 263, -1400}, 0, {-19553, -9}, {191, 191, 191, 255} }},
	{{ {-2191, 194, 200}, 0, {935, 1001}, {255, 255, 255, 255} }},
	{{ {-2191, 194, 1000}, 0, {-10678, 1001}, {255, 255, 255, 255} }},
	{{ {-2191, 263, 1000}, 0, {-10678, -9}, {255, 255, 255, 255} }},
	{{ {-2191, 263, 200}, 0, {935, -9}, {255, 255, 255, 255} }},
	{{ {-1061, 194, -1000}, 0, {15752, 1001}, {191, 191, 191, 255} }},
	{{ {-2191, 194, -1000}, 0, {-655, 1001}, {191, 191, 191, 255} }},
	{{ {-2191, 263, -1000}, 0, {-655, -9}, {191, 191, 191, 255} }},
	{{ {-1061, 263, -1000}, 0, {15752, -9}, {191, 191, 191, 255} }},
	{{ {-2191, 194, -1400}, 0, {-655, 1001}, {191, 191, 191, 255} }},
	{{ {-2191, 263, -1400}, 0, {-655, -9}, {191, 191, 191, 255} }},
	{{ {-2591, 263, -1400}, 0, {-6462, -9}, {191, 191, 191, 255} }},
	{{ {-1061, 194, -1400}, 0, {15752, 1001}, {191, 191, 191, 255} }},
	{{ {-1061, 263, -1400}, 0, {15752, -9}, {191, 191, 191, 255} }},
	{{ {-2191, 263, -1400}, 0, {-655, -9}, {191, 191, 191, 255} }},
	{{ {-728, 194, 1800}, 0, {20590, 1001}, {255, 255, 255, 255} }},
	{{ {-1128, 194, 1800}, 0, {14784, 1001}, {255, 255, 255, 255} }},
	{{ {-1128, 263, 1800}, 0, {14784, -9}, {255, 255, 255, 255} }},
	{{ {-728, 263, 1800}, 0, {20590, -9}, {255, 255, 255, 255} }},
	{{ {-2591, 194, -200}, 0, {6741, 1001}, {255, 255, 255, 255} }},
	{{ {-2591, 194, -1000}, 0, {18354, 1001}, {255, 255, 255, 255} }},
	{{ {-2591, 263, -1000}, 0, {18354, -9}, {255, 255, 255, 255} }},
	{{ {-2591, 263, -200}, 0, {6741, -9}, {255, 255, 255, 255} }},
	{{ {-728, 194, 772}, 0, {-7370, 1001}, {255, 255, 255, 255} }},
	{{ {-728, 194, 1000}, 0, {-10678, 1001}, {255, 255, 255, 255} }},
	{{ {-728, 263, 1000}, 0, {-10678, -9}, {255, 255, 255, 255} }},
	{{ {-728, 263, 772}, 0, {-7370, -9}, {255, 255, 255, 255} }},
	{{ {-3893, 194, -1000}, 0, {18354, 1001}, {255, 255, 255, 255} }},
	{{ {-3893, 194, -1400}, 0, {24161, 1001}, {255, 255, 255, 255} }},
	{{ {-3893, 263, -1400}, 0, {24161, -9}, {255, 255, 255, 255} }},
	{{ {-3893, 263, -1000}, 0, {18354, -9}, {255, 255, 255, 255} }},
	{{ {-2591, 194, 1000}, 0, {-10678, 1001}, {255, 255, 255, 255} }},
	{{ {-2591, 194, 200}, 0, {935, 1001}, {255, 255, 255, 255} }},
	{{ {-2591, 263, 200}, 0, {935, -9}, {255, 255, 255, 255} }},
	{{ {-2591, 263, 1000}, 0, {-10678, -9}, {255, 255, 255, 255} }},
	{{ {-1128, 194, 1000}, 0, {-10678, 1001}, {255, 255, 255, 255} }},
	{{ {-1128, 194, 772}, 0, {-7370, 1001}, {255, 255, 255, 255} }},
	{{ {-1128, 263, 772}, 0, {-7370, -9}, {255, 255, 255, 255} }},
	{{ {-1128, 263, 1000}, 0, {-10678, -9}, {255, 255, 255, 255} }},
	{{ {-661, 194, -1000}, 0, {21558, 1001}, {255, 255, 255, 255} }},
	{{ {-1061, 194, -1000}, 0, {15752, 1001}, {255, 255, 255, 255} }},
	{{ {-1061, 263, -1000}, 0, {15752, -9}, {255, 255, 255, 255} }},
	{{ {-661, 263, -1000}, 0, {21558, -9}, {255, 255, 255, 255} }},
	{{ {-1975, 194, 772}, 0, {-7370, 1001}, {255, 255, 255, 255} }},
	{{ {-1975, 194, 372}, 0, {-1564, 1001}, {255, 255, 255, 255} }},
	{{ {-1975, 263, 372}, 0, {-1564, -9}, {255, 255, 255, 255} }},
	{{ {-1975, 263, 772}, 0, {-7370, -9}, {255, 255, 255, 255} }},
	{{ {-1061, 194, -1400}, 0, {15752, 1001}, {255, 255, 255, 255} }},
	{{ {-661, 194, -1400}, 0, {21558, 1001}, {255, 255, 255, 255} }},
	{{ {-661, 263, -1400}, 0, {21558, -9}, {255, 255, 255, 255} }},
	{{ {-1061, 263, -1400}, 0, {15752, -9}, {255, 255, 255, 255} }},
	{{ {-2191, 194, 1400}, 0, {-16485, 1001}, {255, 255, 255, 255} }},
	{{ {-2191, 194, 2114}, 0, {-26855, 1001}, {255, 255, 255, 255} }},
	{{ {-2191, 263, 2114}, 0, {-26855, -9}, {255, 255, 255, 255} }},
	{{ {-2191, 263, 1400}, 0, {-16485, -9}, {255, 255, 255, 255} }},
	{{ {-1975, 194, 372}, 0, {2488, 1001}, {191, 191, 191, 255} }},
	{{ {-1575, 194, 372}, 0, {8294, 1001}, {191, 191, 191, 255} }},
	{{ {-1575, 263, 372}, 0, {8294, -9}, {191, 191, 191, 255} }},
	{{ {-1975, 263, 372}, 0, {2488, -9}, {191, 191, 191, 255} }},
	{{ {-661, 194, -1400}, 0, {24161, 1001}, {255, 255, 255, 255} }},
	{{ {-661, 194, -1000}, 0, {18354, 1001}, {255, 255, 255, 255} }},
	{{ {-661, 263, -1000}, 0, {18354, -9}, {255, 255, 255, 255} }},
	{{ {-661, 263, -1400}, 0, {24161, -9}, {255, 255, 255, 255} }},
	{{ {-2191, 194, -200}, 0, {-655, 1001}, {191, 191, 191, 255} }},
	{{ {-331, 194, -200}, 0, {26351, 1001}, {191, 191, 191, 255} }},
	{{ {-331, 263, -200}, 0, {26351, -9}, {191, 191, 191, 255} }},
	{{ {-2191, 263, -200}, 0, {-655, -9}, {191, 191, 191, 255} }},
	{{ {-1128, 194, 1400}, 0, {14784, 1001}, {191, 191, 191, 255} }},
	{{ {-1320, 194, 1400}, 0, {11988, 1001}, {191, 191, 191, 255} }},
	{{ {-1320, 263, 1400}, 0, {11988, -9}, {191, 191, 191, 255} }},
	{{ {-1128, 263, 1400}, 0, {14784, -9}, {191, 191, 191, 255} }},
	{{ {-1720, 194, 2514}, 0, {6181, 1001}, {191, 191, 191, 255} }},
	{{ {-2191, 194, 2514}, 0, {-655, 1001}, {191, 191, 191, 255} }},
	{{ {-2191, 263, 2514}, 0, {-655, -9}, {191, 191, 191, 255} }},
	{{ {-1720, 263, 2514}, 0, {6181, -9}, {191, 191, 191, 255} }},
	{{ {-331, 194, 772}, 0, {26351, 1001}, {191, 191, 191, 255} }},
	{{ {-728, 194, 772}, 0, {20590, 1001}, {191, 191, 191, 255} }},
	{{ {-728, 263, 772}, 0, {20590, -9}, {191, 191, 191, 255} }},
	{{ {-331, 263, 772}, 0, {26351, -9}, {191, 191, 191, 255} }},
	{{ {-1128, 194, 1800}, 0, {-22291, 1001}, {255, 255, 255, 255} }},
	{{ {-1128, 194, 1400}, 0, {-16485, 1001}, {255, 255, 255, 255} }},
	{{ {-1128, 263, 1400}, 0, {-16485, -9}, {255, 255, 255, 255} }},
	{{ {-1128, 263, 1800}, 0, {-22291, -9}, {255, 255, 255, 255} }},
	{{ {-2191, 194, -1000}, 0, {18354, 1001}, {255, 255, 255, 255} }},
	{{ {-2191, 194, -200}, 0, {6741, 1001}, {255, 255, 255, 255} }},
	{{ {-2191, 263, -200}, 0, {6741, -9}, {255, 255, 255, 255} }},
	{{ {-2191, 263, -1000}, 0, {18354, -9}, {255, 255, 255, 255} }},
	{{ {-2191, 194, 2114}, 0, {-655, 1001}, {191, 191, 191, 255} }},
	{{ {-1720, 194, 2114}, 0, {6181, 1001}, {191, 191, 191, 255} }},
	{{ {-1720, 263, 2114}, 0, {6181, -9}, {191, 191, 191, 255} }},
	{{ {-2191, 263, 2114}, 0, {-655, -9}, {191, 191, 191, 255} }},
	{{ {-546, 194, 372}, 0, {23233, 1001}, {191, 191, 191, 255} }},
	{{ {-331, 194, 372}, 0, {26351, 1001}, {191, 191, 191, 255} }},
	{{ {-331, 263, 372}, 0, {26351, -9}, {191, 191, 191, 255} }},
	{{ {-546, 263, 372}, 0, {23233, -9}, {191, 191, 191, 255} }},
	{{ {-1720, 194, 1000}, 0, {6181, 1001}, {191, 191, 191, 255} }},
	{{ {-1128, 194, 1000}, 0, {14784, 1001}, {191, 191, 191, 255} }},
	{{ {-1128, 263, 1000}, 0, {14784, -9}, {191, 191, 191, 255} }},
	{{ {-1720, 263, 1000}, 0, {6181, -9}, {191, 191, 191, 255} }},
	{{ {-3893, 194, -1654}, 0, {25799, 1001}, {255, 255, 255, 255} }},
	{{ {-3893, 194, -2054}, 0, {31606, 1001}, {255, 255, 255, 255} }},
	{{ {-3893, 263, -2054}, 0, {31606, -9}, {255, 255, 255, 255} }},
	{{ {-3893, 263, -1654}, 0, {25799, -9}, {255, 255, 255, 255} }},
	{{ {-3493, 194, 1450}, 0, {3391, 1000}, {255, 255, 255, 255} }},
	{{ {-3493, 263, 1450}, 0, {3391, -8}, {255, 255, 255, 255} }},
	{{ {-3893, 263, 1450}, 0, {-2399, -8}, {255, 255, 255, 255} }},
	{{ {-3893, 194, 1450}, 0, {-2399, 1000}, {255, 255, 255, 255} }},
};

Gfx rmaze_rmaze_mesh_layer_1_tri_2[] = {
	gsSPVertex(rmaze_rmaze_mesh_layer_1_vtx_2 + 0, 32, 0),
	gsSP2Triangles(0, 1, 2, 0, 0, 2, 3, 0),
	gsSP2Triangles(4, 5, 6, 0, 4, 7, 5, 0),
	gsSP2Triangles(8, 5, 7, 0, 8, 7, 9, 0),
	gsSP2Triangles(8, 9, 10, 0, 8, 10, 11, 0),
	gsSP2Triangles(12, 13, 14, 0, 12, 15, 13, 0),
	gsSP2Triangles(16, 15, 12, 0, 16, 12, 17, 0),
	gsSP2Triangles(18, 19, 20, 0, 18, 20, 21, 0),
	gsSP2Triangles(22, 23, 24, 0, 22, 24, 25, 0),
	gsSP2Triangles(26, 27, 28, 0, 26, 28, 29, 0),
	gsSP2Triangles(30, 26, 29, 0, 30, 29, 31, 0),
	gsSPVertex(rmaze_rmaze_mesh_layer_1_vtx_2 + 32, 30, 0),
	gsSP2Triangles(0, 1, 2, 0, 0, 2, 3, 0),
	gsSP2Triangles(4, 5, 6, 0, 4, 6, 7, 0),
	gsSP2Triangles(8, 9, 10, 0, 8, 10, 11, 0),
	gsSP2Triangles(12, 13, 14, 0, 12, 14, 15, 0),
	gsSP2Triangles(16, 17, 18, 0, 16, 18, 19, 0),
	gsSP2Triangles(20, 21, 22, 0, 20, 22, 23, 0),
	gsSP2Triangles(24, 20, 23, 0, 24, 23, 25, 0),
	gsSP2Triangles(26, 27, 28, 0, 26, 28, 29, 0),
	gsSPVertex(rmaze_rmaze_mesh_layer_1_vtx_2 + 62, 30, 0),
	gsSP2Triangles(0, 1, 2, 0, 0, 2, 3, 0),
	gsSP2Triangles(4, 5, 6, 0, 4, 6, 7, 0),
	gsSP2Triangles(8, 9, 10, 0, 8, 10, 11, 0),
	gsSP2Triangles(12, 13, 14, 0, 12, 15, 13, 0),
	gsSP2Triangles(15, 16, 13, 0, 15, 17, 16, 0),
	gsSP2Triangles(18, 19, 20, 0, 18, 20, 21, 0),
	gsSP2Triangles(22, 23, 24, 0, 22, 24, 25, 0),
	gsSP2Triangles(26, 27, 28, 0, 26, 28, 29, 0),
	gsSPVertex(rmaze_rmaze_mesh_layer_1_vtx_2 + 92, 30, 0),
	gsSP2Triangles(0, 1, 2, 0, 0, 2, 3, 0),
	gsSP2Triangles(4, 5, 6, 0, 4, 6, 7, 0),
	gsSP2Triangles(8, 9, 10, 0, 8, 10, 11, 0),
	gsSP2Triangles(12, 13, 14, 0, 12, 14, 15, 0),
	gsSP2Triangles(16, 17, 18, 0, 16, 18, 19, 0),
	gsSP2Triangles(9, 20, 21, 0, 9, 21, 22, 0),
	gsSP2Triangles(20, 23, 24, 0, 20, 24, 25, 0),
	gsSP2Triangles(26, 27, 28, 0, 26, 28, 29, 0),
	gsSPVertex(rmaze_rmaze_mesh_layer_1_vtx_2 + 122, 32, 0),
	gsSP2Triangles(0, 1, 2, 0, 0, 2, 3, 0),
	gsSP2Triangles(4, 5, 6, 0, 4, 6, 7, 0),
	gsSP2Triangles(8, 9, 10, 0, 8, 10, 11, 0),
	gsSP2Triangles(12, 13, 14, 0, 12, 14, 15, 0),
	gsSP2Triangles(16, 17, 18, 0, 16, 18, 19, 0),
	gsSP2Triangles(20, 21, 22, 0, 20, 22, 23, 0),
	gsSP2Triangles(24, 25, 26, 0, 24, 26, 27, 0),
	gsSP2Triangles(28, 29, 30, 0, 28, 30, 31, 0),
	gsSPVertex(rmaze_rmaze_mesh_layer_1_vtx_2 + 154, 32, 0),
	gsSP2Triangles(0, 1, 2, 0, 0, 2, 3, 0),
	gsSP2Triangles(4, 5, 6, 0, 4, 6, 7, 0),
	gsSP2Triangles(8, 9, 10, 0, 8, 10, 11, 0),
	gsSP2Triangles(12, 13, 14, 0, 12, 14, 15, 0),
	gsSP2Triangles(16, 17, 18, 0, 16, 18, 19, 0),
	gsSP2Triangles(20, 21, 22, 0, 20, 22, 23, 0),
	gsSP2Triangles(24, 25, 26, 0, 24, 26, 27, 0),
	gsSP2Triangles(28, 29, 30, 0, 28, 30, 31, 0),
	gsSPVertex(rmaze_rmaze_mesh_layer_1_vtx_2 + 186, 24, 0),
	gsSP2Triangles(0, 1, 2, 0, 0, 2, 3, 0),
	gsSP2Triangles(4, 5, 6, 0, 4, 6, 7, 0),
	gsSP2Triangles(8, 9, 10, 0, 8, 10, 11, 0),
	gsSP2Triangles(12, 13, 14, 0, 12, 14, 15, 0),
	gsSP2Triangles(16, 17, 18, 0, 16, 18, 19, 0),
	gsSP2Triangles(20, 21, 22, 0, 20, 22, 23, 0),
	gsSPEndDisplayList(),
};

Vtx rmaze_rmaze_mesh_layer_1_vtx_3[66] = {
	{{ {973, 0, 200}, 0, {209, 2028}, {255, 255, 255, 255} }},
	{{ {973, 0, 3000}, 0, {-4100, 2028}, {191, 191, 191, 255} }},
	{{ {973, 560, 200}, 0, {209, 1166}, {255, 255, 255, 255} }},
	{{ {973, 1325, -2973}, 0, {5092, -12}, {191, 191, 191, 255} }},
	{{ {973, 560, -200}, 0, {824, 1166}, {255, 255, 255, 255} }},
	{{ {-5000, 263, 1909}, 0, {-2420, 1623}, {143, 143, 143, 255} }},
	{{ {-5000, 263, 1450}, 0, {-1715, 1623}, {157, 157, 157, 255} }},
	{{ {-5000, 507, 1450}, 0, {-1715, 1248}, {255, 255, 255, 255} }},
	{{ {-5000, 947, 1909}, 0, {-2420, 570}, {127, 127, 127, 255} }},
	{{ {-5000, 947, 576}, 0, {-370, 570}, {255, 255, 255, 255} }},
	{{ {-5000, 526, 576}, 0, {-370, 1218}, {255, 255, 255, 255} }},
	{{ {-5000, 947, 576}, 0, {-370, 570}, {255, 255, 255, 255} }},
	{{ {-5000, 997, 576}, 0, {-370, 493}, {255, 255, 255, 255} }},
	{{ {-5000, 997, 1909}, 0, {-2420, 493}, {121, 121, 121, 255} }},
	{{ {973, 0, 3000}, 0, {5092, 2028}, {143, 143, 143, 255} }},
	{{ {-331, 0, 3000}, 0, {3085, 2028}, {191, 191, 191, 255} }},
	{{ {-331, 263, 3000}, 0, {3085, 1623}, {191, 191, 191, 255} }},
	{{ {-331, 997, 3000}, 0, {3085, 493}, {191, 191, 191, 255} }},
	{{ {-3050, 263, 3000}, 0, {-1100, 1623}, {191, 191, 191, 255} }},
	{{ {-3050, 997, 3000}, 0, {-1100, 493}, {191, 191, 191, 255} }},
	{{ {-3050, 1325, 3000}, 0, {-1100, -12}, {191, 191, 191, 255} }},
	{{ {-5000, 997, 3000}, 0, {-4100, 493}, {94, 94, 94, 255} }},
	{{ {-5000, 1325, 3000}, 0, {-4100, -12}, {94, 94, 94, 255} }},
	{{ {-331, 1325, 3000}, 0, {3085, -12}, {191, 191, 191, 255} }},
	{{ {973, 1325, 3000}, 0, {5092, -12}, {143, 143, 143, 255} }},
	{{ {973, 0, -2973}, 0, {5092, 2028}, {191, 191, 191, 255} }},
	{{ {973, 0, -200}, 0, {824, 2028}, {255, 255, 255, 255} }},
	{{ {973, 1325, -2973}, 0, {5092, -12}, {191, 191, 191, 255} }},
	{{ {973, 0, 3000}, 0, {-4100, 2028}, {191, 191, 191, 255} }},
	{{ {973, 1325, 3000}, 0, {-4100, -12}, {191, 191, 191, 255} }},
	{{ {973, 1325, -2973}, 0, {5092, -12}, {191, 191, 191, 255} }},
	{{ {-5000, 526, -1000}, 0, {2055, 1218}, {255, 255, 255, 255} }},
	{{ {-5000, 263, -1000}, 0, {2055, 1623}, {191, 191, 191, 255} }},
	{{ {-5000, 263, -2004}, 0, {3600, 1623}, {255, 255, 255, 255} }},
	{{ {-5000, 526, -2004}, 0, {3600, 1218}, {255, 255, 255, 255} }},
	{{ {-5000, 526, -576}, 0, {1403, 1218}, {255, 255, 255, 255} }},
	{{ {-5000, 997, -1000}, 0, {2055, 493}, {255, 255, 255, 255} }},
	{{ {-5000, 997, -576}, 0, {1403, 493}, {255, 255, 255, 255} }},
	{{ {-5000, 526, -2004}, 0, {3600, 1218}, {255, 255, 255, 255} }},
	{{ {-5000, 997, -2004}, 0, {3600, 493}, {255, 255, 255, 255} }},
	{{ {-5000, 1325, 3000}, 0, {-4100, -12}, {127, 127, 127, 255} }},
	{{ {-5000, 997, 3000}, 0, {-4100, 493}, {127, 127, 127, 255} }},
	{{ {-5000, 997, 1909}, 0, {-2420, 493}, {121, 121, 121, 255} }},
	{{ {-5000, 1325, 1896}, 0, {-2401, -12}, {199, 199, 199, 255} }},
	{{ {-5000, 1325, -2973}, 0, {-4100, -12}, {107, 107, 107, 255} }},
	{{ {-5000, 997, -2973}, 0, {-4100, 493}, {107, 107, 107, 255} }},
	{{ {-3443, 997, -2973}, 0, {-1704, 493}, {191, 191, 191, 255} }},
	{{ {-3443, 1325, -2973}, 0, {-1704, -12}, {191, 191, 191, 255} }},
	{{ {-331, 1325, -2973}, 0, {3085, -12}, {191, 191, 191, 255} }},
	{{ {-3443, 263, -2973}, 0, {-1704, 1623}, {191, 191, 191, 255} }},
	{{ {-331, 263, -2973}, 0, {3085, 1623}, {191, 191, 191, 255} }},
	{{ {973, 0, -2973}, 0, {5092, 2028}, {143, 143, 143, 255} }},
	{{ {973, 1325, -2973}, 0, {5092, -12}, {143, 143, 143, 255} }},
	{{ {-331, 1325, -2973}, 0, {3085, -12}, {191, 191, 191, 255} }},
	{{ {-331, 0, -2973}, 0, {3085, 2028}, {191, 191, 191, 255} }},
	{{ {-5000, 1325, 576}, 0, {-370, -12}, {255, 255, 255, 255} }},
	{{ {-5000, 997, 576}, 0, {-370, 493}, {255, 255, 255, 255} }},
	{{ {-5000, 997, -2004}, 0, {3600, 493}, {255, 255, 255, 255} }},
	{{ {-5000, 1325, -1997}, 0, {3590, -12}, {255, 255, 255, 255} }},
	{{ {-5000, 997, -2004}, 0, {3600, 493}, {255, 255, 255, 255} }},
	{{ {-5000, 997, -2973}, 0, {5092, 493}, {144, 144, 144, 255} }},
	{{ {-5000, 1325, -2973}, 0, {5092, -12}, {144, 144, 144, 255} }},
	{{ {-5000, 1325, 1896}, 0, {-2401, -12}, {199, 199, 199, 255} }},
	{{ {-5000, 997, 1909}, 0, {-2420, 493}, {121, 121, 121, 255} }},
	{{ {-5000, 997, 576}, 0, {-370, 493}, {255, 255, 255, 255} }},
	{{ {-5000, 1325, 576}, 0, {-370, -12}, {255, 255, 255, 255} }},
};

Gfx rmaze_rmaze_mesh_layer_1_tri_3[] = {
	gsSPVertex(rmaze_rmaze_mesh_layer_1_vtx_3 + 0, 31, 0),
	gsSP2Triangles(0, 1, 2, 0, 3, 4, 2, 0),
	gsSP2Triangles(5, 6, 7, 0, 5, 7, 8, 0),
	gsSP2Triangles(7, 9, 8, 0, 9, 7, 10, 0),
	gsSP2Triangles(8, 11, 12, 0, 8, 12, 13, 0),
	gsSP2Triangles(14, 15, 16, 0, 14, 16, 17, 0),
	gsSP2Triangles(17, 16, 18, 0, 17, 18, 19, 0),
	gsSP2Triangles(17, 19, 20, 0, 20, 19, 21, 0),
	gsSP2Triangles(20, 21, 22, 0, 17, 20, 23, 0),
	gsSP2Triangles(17, 23, 24, 0, 14, 17, 24, 0),
	gsSP2Triangles(25, 26, 4, 0, 25, 4, 27, 0),
	gsSP2Triangles(2, 28, 29, 0, 2, 29, 30, 0),
	gsSPVertex(rmaze_rmaze_mesh_layer_1_vtx_3 + 31, 31, 0),
	gsSP2Triangles(0, 1, 2, 0, 0, 2, 3, 0),
	gsSP2Triangles(4, 5, 6, 0, 4, 0, 5, 0),
	gsSP2Triangles(5, 0, 7, 0, 5, 7, 8, 0),
	gsSP2Triangles(9, 10, 11, 0, 9, 11, 12, 0),
	gsSP2Triangles(13, 14, 15, 0, 13, 15, 16, 0),
	gsSP2Triangles(16, 15, 17, 0, 17, 15, 18, 0),
	gsSP2Triangles(17, 18, 19, 0, 20, 21, 22, 0),
	gsSP2Triangles(20, 22, 23, 0, 24, 25, 26, 0),
	gsSP2Triangles(24, 26, 27, 0, 27, 28, 29, 0),
	gsSP1Triangle(27, 29, 30, 0),
	gsSPVertex(rmaze_rmaze_mesh_layer_1_vtx_3 + 62, 4, 0),
	gsSP2Triangles(0, 1, 2, 0, 0, 2, 3, 0),
	gsSPEndDisplayList(),
};

Vtx rmaze_rmaze_mesh_layer_1_vtx_4[317] = {
	{{ {-331, 0, -200}, 0, {1325, 1007}, {255, 255, 255, 255} }},
	{{ {-331, 0, -2973}, 0, {16016, 1007}, {255, 255, 255, 255} }},
	{{ {-331, 194, -2973}, 0, {16016, -18}, {255, 255, 255, 255} }},
	{{ {-331, 194, -200}, 0, {1325, -18}, {255, 255, 255, 255} }},
	{{ {-3493, 0, 1000}, 0, {-5306, 1007}, {191, 191, 191, 255} }},
	{{ {-2591, 0, 1000}, 0, {-529, 1007}, {191, 191, 191, 255} }},
	{{ {-2591, 194, 1000}, 0, {-529, -18}, {191, 191, 191, 255} }},
	{{ {-3493, 194, 1000}, 0, {-5306, -18}, {191, 191, 191, 255} }},
	{{ {-3893, 0, 1000}, 0, {-7425, 1007}, {191, 191, 191, 255} }},
	{{ {-3893, 194, 1000}, 0, {-7425, -18}, {191, 191, 191, 255} }},
	{{ {-3893, 0, 1959}, 0, {-10110, 1007}, {255, 255, 255, 255} }},
	{{ {-3893, 0, 1509}, 0, {-7726, 1007}, {255, 255, 255, 255} }},
	{{ {-3893, 194, 1450}, 0, {-7416, -18}, {255, 255, 255, 255} }},
	{{ {-3893, 194, 1959}, 0, {-10110, -18}, {255, 255, 255, 255} }},
	{{ {-661, 0, -1400}, 0, {7682, 1007}, {255, 255, 255, 255} }},
	{{ {-661, 0, -1000}, 0, {5563, 1007}, {255, 255, 255, 255} }},
	{{ {-661, 194, -1000}, 0, {5563, -18}, {255, 255, 255, 255} }},
	{{ {-661, 194, -1400}, 0, {7682, -18}, {255, 255, 255, 255} }},
	{{ {-1320, 0, 2514}, 0, {6204, 1007}, {191, 191, 191, 255} }},
	{{ {-1720, 194, 2514}, 0, {4085, -18}, {191, 191, 191, 255} }},
	{{ {-1320, 194, 2514}, 0, {6204, -18}, {191, 191, 191, 255} }},
	{{ {-1720, 0, 2514}, 0, {4085, 1007}, {191, 191, 191, 255} }},
	{{ {-2191, 194, 2514}, 0, {1590, -18}, {191, 191, 191, 255} }},
	{{ {-2191, 0, 2514}, 0, {1590, 1007}, {191, 191, 191, 255} }},
	{{ {-2591, 194, 2514}, 0, {-529, -18}, {191, 191, 191, 255} }},
	{{ {-2591, 0, 2514}, 0, {-529, 1007}, {191, 191, 191, 255} }},
	{{ {-3493, 0, 1400}, 0, {-7151, 1007}, {255, 255, 255, 255} }},
	{{ {-3493, 0, 1509}, 0, {-7726, 1007}, {255, 255, 255, 255} }},
	{{ {-3493, 194, 1450}, 0, {-7416, -18}, {255, 255, 255, 255} }},
	{{ {-3493, 194, 1400}, 0, {-7151, -18}, {255, 255, 255, 255} }},
	{{ {-3493, 0, 1959}, 0, {-10110, 1007}, {255, 255, 255, 255} }},
	{{ {-3493, 194, 1959}, 0, {-10110, -18}, {255, 255, 255, 255} }},
	{{ {-3493, 0, 1509}, 0, {-7726, 1007}, {255, 255, 255, 255} }},
	{{ {-3493, 194, 1959}, 0, {-10110, -18}, {255, 255, 255, 255} }},
	{{ {-3493, 194, 1450}, 0, {-7416, -18}, {255, 255, 255, 255} }},
	{{ {-1320, 0, 2114}, 0, {-10936, 1007}, {255, 255, 255, 255} }},
	{{ {-1320, 0, 2514}, 0, {-13055, 1007}, {255, 255, 255, 255} }},
	{{ {-1320, 194, 2514}, 0, {-13055, -18}, {255, 255, 255, 255} }},
	{{ {-1320, 194, 2114}, 0, {-10936, -18}, {255, 255, 255, 255} }},
	{{ {-1320, 0, 1400}, 0, {-7151, 1007}, {255, 255, 255, 255} }},
	{{ {-1320, 194, 1400}, 0, {-7151, -18}, {255, 255, 255, 255} }},
	{{ {-3893, 0, 1509}, 0, {-7726, 1007}, {255, 255, 255, 255} }},
	{{ {-3893, 194, 1400}, 0, {-7151, -18}, {255, 255, 255, 255} }},
	{{ {-3893, 194, 1450}, 0, {-7416, -18}, {255, 255, 255, 255} }},
	{{ {-3893, 0, 1400}, 0, {-7151, 1007}, {255, 255, 255, 255} }},
	{{ {-3893, 194, 1000}, 0, {-5032, -18}, {255, 255, 255, 255} }},
	{{ {-3893, 0, 1000}, 0, {-5032, 1007}, {255, 255, 255, 255} }},
	{{ {-2591, 0, 1000}, 0, {-5032, 1007}, {255, 255, 255, 255} }},
	{{ {-2591, 194, 200}, 0, {-794, -18}, {255, 255, 255, 255} }},
	{{ {-2591, 194, 1000}, 0, {-5032, -18}, {255, 255, 255, 255} }},
	{{ {-2591, 0, 200}, 0, {-794, 1007}, {255, 255, 255, 255} }},
	{{ {-2591, 194, -200}, 0, {1325, -18}, {255, 255, 255, 255} }},
	{{ {-2591, 0, -200}, 0, {1325, 1007}, {255, 255, 255, 255} }},
	{{ {-2591, 194, -1000}, 0, {5563, -18}, {255, 255, 255, 255} }},
	{{ {-2591, 0, -1000}, 0, {5563, 1007}, {255, 255, 255, 255} }},
	{{ {-2191, 0, 200}, 0, {-794, 1007}, {255, 255, 255, 255} }},
	{{ {-2191, 0, 1000}, 0, {-5032, 1007}, {255, 255, 255, 255} }},
	{{ {-2191, 194, 1000}, 0, {-5032, -18}, {255, 255, 255, 255} }},
	{{ {-2191, 194, 200}, 0, {-794, -18}, {255, 255, 255, 255} }},
	{{ {-3893, 0, -1654}, 0, {9027, 1007}, {255, 255, 255, 255} }},
	{{ {-3893, 0, -2054}, 0, {11146, 1007}, {255, 255, 255, 255} }},
	{{ {-3893, 194, -2054}, 0, {11146, -18}, {255, 255, 255, 255} }},
	{{ {-3893, 194, -1654}, 0, {9027, -18}, {255, 255, 255, 255} }},
	{{ {-3893, 0, -1400}, 0, {7682, 1007}, {255, 255, 255, 255} }},
	{{ {-3893, 0, -1400}, 0, {7682, 1007}, {255, 255, 255, 255} }},
	{{ {-3893, 194, -1654}, 0, {9027, -18}, {255, 255, 255, 255} }},
	{{ {-3893, 194, -1400}, 0, {7682, -18}, {255, 255, 255, 255} }},
	{{ {-3893, 0, -1000}, 0, {5563, 1007}, {255, 255, 255, 255} }},
	{{ {-3893, 194, -1000}, 0, {5563, -18}, {255, 255, 255, 255} }},
	{{ {-3893, 194, -587}, 0, {3374, -18}, {255, 255, 255, 255} }},
	{{ {-3893, 0, -587}, 0, {3374, 1007}, {70, 70, 70, 255} }},
	{{ {-3893, 194, 290}, 0, {-1270, -18}, {72, 72, 72, 255} }},
	{{ {-3893, 0, 290}, 0, {-1270, 1007}, {70, 70, 70, 255} }},
	{{ {-3893, 457, 1000}, 0, {-5032, -1412}, {70, 70, 70, 255} }},
	{{ {-3893, 263, 1000}, 0, {-5032, -387}, {70, 70, 70, 255} }},
	{{ {-3893, 263, 1400}, 0, {-7151, -387}, {255, 255, 255, 255} }},
	{{ {-3893, 457, 1400}, 0, {-7151, -1412}, {255, 255, 255, 255} }},
	{{ {-2591, 0, 2114}, 0, {-10936, 1007}, {255, 255, 255, 255} }},
	{{ {-2591, 0, 1400}, 0, {-7151, 1007}, {255, 255, 255, 255} }},
	{{ {-2591, 194, 1400}, 0, {-7151, -18}, {255, 255, 255, 255} }},
	{{ {-2591, 194, 2114}, 0, {-10936, -18}, {255, 255, 255, 255} }},
	{{ {-2591, 0, 2514}, 0, {-13055, 1007}, {255, 255, 255, 255} }},
	{{ {-2591, 194, 2514}, 0, {-13055, -18}, {255, 255, 255, 255} }},
	{{ {-2191, 0, 1400}, 0, {2377, 1006}, {255, 255, 255, 255} }},
	{{ {-2191, 0, 2114}, 0, {-1385, 1006}, {255, 255, 255, 255} }},
	{{ {-2191, 194, 2114}, 0, {-1385, -14}, {255, 255, 255, 255} }},
	{{ {-2191, 194, 1400}, 0, {2377, -14}, {255, 255, 255, 255} }},
	{{ {-1128, 194, 1000}, 0, {7224, -18}, {191, 191, 191, 255} }},
	{{ {-1720, 0, 1000}, 0, {4085, 1007}, {191, 191, 191, 255} }},
	{{ {-1128, 0, 1000}, 0, {7224, 1007}, {191, 191, 191, 255} }},
	{{ {-1720, 194, 1000}, 0, {4085, -18}, {191, 191, 191, 255} }},
	{{ {-2191, 0, 1000}, 0, {1590, 1007}, {191, 191, 191, 255} }},
	{{ {-2191, 194, 1000}, 0, {1590, -18}, {191, 191, 191, 255} }},
	{{ {-3493, 0, -1654}, 0, {9027, 1007}, {255, 255, 255, 255} }},
	{{ {-3493, 0, -1400}, 0, {7682, 1007}, {255, 255, 255, 255} }},
	{{ {-3493, 194, -1400}, 0, {7682, -18}, {255, 255, 255, 255} }},
	{{ {-3493, 0, -1654}, 0, {9027, 1007}, {255, 255, 255, 255} }},
	{{ {-3493, 194, -1400}, 0, {7682, -18}, {255, 255, 255, 255} }},
	{{ {-3493, 194, -1654}, 0, {9027, -18}, {255, 255, 255, 255} }},
	{{ {-3493, 0, -2054}, 0, {11146, 1007}, {255, 255, 255, 255} }},
	{{ {-3493, 194, -2054}, 0, {11146, -18}, {255, 255, 255, 255} }},
	{{ {-3493, 0, -2973}, 0, {16016, 1007}, {191, 191, 191, 255} }},
	{{ {-3493, 263, -2973}, 0, {16016, -387}, {255, 255, 255, 255} }},
	{{ {-3493, 263, -2054}, 0, {11146, -387}, {255, 255, 255, 255} }},
	{{ {-2191, 0, 2114}, 0, {-744, 1006}, {191, 191, 191, 255} }},
	{{ {-1720, 0, 2114}, 0, {1736, 1006}, {191, 191, 191, 255} }},
	{{ {-1720, 194, 2114}, 0, {1736, -14}, {191, 191, 191, 255} }},
	{{ {-2191, 194, 2114}, 0, {-744, -14}, {191, 191, 191, 255} }},
	{{ {-2591, 0, -1000}, 0, {-529, 1007}, {191, 191, 191, 255} }},
	{{ {-3493, 0, -1000}, 0, {-5306, 1007}, {191, 191, 191, 255} }},
	{{ {-3493, 194, -1000}, 0, {-5306, -18}, {191, 191, 191, 255} }},
	{{ {-2591, 194, -1000}, 0, {-529, -18}, {191, 191, 191, 255} }},
	{{ {-1720, 0, 2114}, 0, {-1385, 1006}, {255, 255, 255, 255} }},
	{{ {-1720, 0, 1400}, 0, {2377, 1006}, {255, 255, 255, 255} }},
	{{ {-1720, 194, 1400}, 0, {2377, -14}, {255, 255, 255, 255} }},
	{{ {-1720, 194, 2114}, 0, {-1385, -14}, {255, 255, 255, 255} }},
	{{ {-3493, 0, -1400}, 0, {-5306, 1007}, {191, 191, 191, 255} }},
	{{ {-2591, 194, -1400}, 0, {-529, -18}, {191, 191, 191, 255} }},
	{{ {-3493, 194, -1400}, 0, {-5306, -18}, {191, 191, 191, 255} }},
	{{ {-2591, 0, -1400}, 0, {-529, 1007}, {191, 191, 191, 255} }},
	{{ {-2191, 194, -1400}, 0, {1590, -18}, {191, 191, 191, 255} }},
	{{ {-2191, 0, -1400}, 0, {1590, 1007}, {191, 191, 191, 255} }},
	{{ {-1061, 194, -1400}, 0, {7577, -18}, {191, 191, 191, 255} }},
	{{ {-1061, 0, -1400}, 0, {7577, 1007}, {191, 191, 191, 255} }},
	{{ {-331, 0, 200}, 0, {11445, 1007}, {191, 191, 191, 255} }},
	{{ {-2191, 0, 200}, 0, {1590, 1007}, {191, 191, 191, 255} }},
	{{ {-2191, 194, 200}, 0, {1590, -18}, {191, 191, 191, 255} }},
	{{ {-331, 194, 200}, 0, {11445, -18}, {191, 191, 191, 255} }},
	{{ {-1061, 0, -1000}, 0, {7577, 1007}, {191, 191, 191, 255} }},
	{{ {-2191, 0, -1000}, 0, {1590, 1007}, {191, 191, 191, 255} }},
	{{ {-2191, 194, -1000}, 0, {1590, -18}, {191, 191, 191, 255} }},
	{{ {-1061, 194, -1000}, 0, {7577, -18}, {191, 191, 191, 255} }},
	{{ {-2191, 0, -200}, 0, {1590, 1007}, {191, 191, 191, 255} }},
	{{ {-331, 0, -200}, 0, {11445, 1007}, {191, 191, 191, 255} }},
	{{ {-331, 194, -200}, 0, {11445, -18}, {191, 191, 191, 255} }},
	{{ {-2191, 194, -200}, 0, {1590, -18}, {191, 191, 191, 255} }},
	{{ {-1720, 0, 1400}, 0, {1736, 1006}, {191, 191, 191, 255} }},
	{{ {-2191, 0, 1400}, 0, {-744, 1006}, {191, 191, 191, 255} }},
	{{ {-2191, 194, 1400}, 0, {-744, -14}, {191, 191, 191, 255} }},
	{{ {-1720, 194, 1400}, 0, {1736, -14}, {191, 191, 191, 255} }},
	{{ {-661, 0, -1000}, 0, {9696, 1007}, {255, 255, 255, 255} }},
	{{ {-1061, 0, -1000}, 0, {7577, 1007}, {255, 255, 255, 255} }},
	{{ {-1061, 194, -1000}, 0, {7577, -18}, {255, 255, 255, 255} }},
	{{ {-661, 194, -1000}, 0, {9696, -18}, {255, 255, 255, 255} }},
	{{ {-1061, 0, -1400}, 0, {7577, 1007}, {255, 255, 255, 255} }},
	{{ {-661, 0, -1400}, 0, {9696, 1007}, {255, 255, 255, 255} }},
	{{ {-661, 194, -1400}, 0, {9696, -18}, {255, 255, 255, 255} }},
	{{ {-1061, 194, -1400}, 0, {7577, -18}, {255, 255, 255, 255} }},
	{{ {-2591, 0, 1400}, 0, {-529, 1007}, {191, 191, 191, 255} }},
	{{ {-3493, 0, 1400}, 0, {-5306, 1007}, {191, 191, 191, 255} }},
	{{ {-3493, 194, 1400}, 0, {-5306, -18}, {191, 191, 191, 255} }},
	{{ {-2591, 194, 1400}, 0, {-529, -18}, {191, 191, 191, 255} }},
	{{ {-2191, 0, -1000}, 0, {5563, 1007}, {255, 255, 255, 255} }},
	{{ {-2191, 0, -200}, 0, {1325, 1007}, {255, 255, 255, 255} }},
	{{ {-2191, 194, -200}, 0, {1325, -18}, {255, 255, 255, 255} }},
	{{ {-2191, 194, -1000}, 0, {5563, -18}, {255, 255, 255, 255} }},
	{{ {-3066, 263, 200}, 0, {-302, 1021}, {255, 255, 255, 255} }},
	{{ {-3066, 263, -200}, 0, {1294, 1021}, {255, 255, 255, 255} }},
	{{ {-3066, 526, -200}, 0, {1294, -29}, {255, 255, 255, 255} }},
	{{ {-3066, 526, 200}, 0, {-302, -29}, {255, 255, 255, 255} }},
	{{ {-3493, 194, 290}, 0, {-1270, -18}, {71, 71, 71, 255} }},
	{{ {-3493, 263, 1000}, 0, {-5032, -387}, {255, 255, 255, 255} }},
	{{ {-3493, 457, 1000}, 0, {-5032, -1412}, {255, 255, 255, 255} }},
	{{ {-3493, 0, 290}, 0, {-1270, 1007}, {70, 70, 70, 255} }},
	{{ {-3493, 194, -587}, 0, {3374, -18}, {255, 255, 255, 255} }},
	{{ {-3493, 0, -587}, 0, {3374, 1007}, {70, 70, 70, 255} }},
	{{ {-3493, 194, -1000}, 0, {5563, -18}, {255, 255, 255, 255} }},
	{{ {-3493, 0, -1000}, 0, {5563, 1007}, {255, 255, 255, 255} }},
	{{ {-4579, 0, -2973}, 0, {-11057, 1007}, {191, 191, 191, 255} }},
	{{ {-4200, 0, -2973}, 0, {-9051, 1007}, {255, 255, 255, 255} }},
	{{ {-4200, 263, -2973}, 0, {-9051, -387}, {255, 255, 255, 255} }},
	{{ {-4579, 263, -2973}, 0, {-11057, -387}, {255, 255, 255, 255} }},
	{{ {-3800, 0, -2973}, 0, {-6932, 1007}, {255, 255, 255, 255} }},
	{{ {-3493, 0, -2973}, 0, {-5306, 1007}, {191, 191, 191, 255} }},
	{{ {-3493, 263, -2973}, 0, {-5306, -387}, {255, 255, 255, 255} }},
	{{ {-3800, 263, -2973}, 0, {-6932, -387}, {255, 255, 255, 255} }},
	{{ {-3893, 0, -2054}, 0, {-7425, 1007}, {255, 255, 255, 255} }},
	{{ {-4579, 0, -2054}, 0, {-11057, 1007}, {191, 191, 191, 255} }},
	{{ {-4579, 263, -2054}, 0, {-11057, -387}, {255, 255, 255, 255} }},
	{{ {-3893, 194, -2054}, 0, {-7425, -18}, {255, 255, 255, 255} }},
	{{ {-3893, 263, -2054}, 0, {-7425, -387}, {255, 255, 255, 255} }},
	{{ {-4579, 263, -2054}, 0, {11146, -387}, {255, 255, 255, 255} }},
	{{ {-4579, 0, -2054}, 0, {11146, 1007}, {191, 191, 191, 255} }},
	{{ {-4579, 0, -2973}, 0, {16016, 1007}, {191, 191, 191, 255} }},
	{{ {-4579, 263, -2973}, 0, {16016, -387}, {255, 255, 255, 255} }},
	{{ {-3493, 263, 1400}, 0, {-5306, -387}, {255, 255, 255, 255} }},
	{{ {-3893, 263, 1400}, 0, {-7425, -387}, {255, 255, 255, 255} }},
	{{ {-3893, 457, 1400}, 0, {-7425, -1412}, {255, 255, 255, 255} }},
	{{ {-3493, 457, 1400}, 0, {-5306, -1412}, {255, 255, 255, 255} }},
	{{ {-331, 0, 372}, 0, {-1706, 1007}, {255, 255, 255, 255} }},
	{{ {-331, 0, 200}, 0, {-794, 1007}, {255, 255, 255, 255} }},
	{{ {-331, 194, 200}, 0, {-794, -18}, {255, 255, 255, 255} }},
	{{ {-331, 0, 372}, 0, {-1706, 1007}, {255, 255, 255, 255} }},
	{{ {-331, 194, 200}, 0, {-794, -18}, {255, 255, 255, 255} }},
	{{ {-331, 194, 372}, 0, {-1706, -18}, {255, 255, 255, 255} }},
	{{ {-3066, 526, 200}, 0, {-452, -29}, {255, 255, 255, 255} }},
	{{ {-2591, 526, 200}, 0, {1444, -29}, {255, 255, 255, 255} }},
	{{ {-2591, 263, 200}, 0, {1444, 1021}, {255, 255, 255, 255} }},
	{{ {-3066, 263, 200}, 0, {-452, 1021}, {255, 255, 255, 255} }},
	{{ {-2591, 526, -200}, 0, {1444, -29}, {255, 255, 255, 255} }},
	{{ {-3066, 526, -200}, 0, {-452, -29}, {255, 255, 255, 255} }},
	{{ {-3066, 263, -200}, 0, {-452, 1021}, {255, 255, 255, 255} }},
	{{ {-2591, 263, -200}, 0, {1444, 1021}, {255, 255, 255, 255} }},
	{{ {-4854, 529, -526}, 0, {3097, 1529}, {255, 255, 255, 255} }},
	{{ {-4854, 947, -526}, 0, {3097, -537}, {255, 255, 255, 255} }},
	{{ {-4854, 947, 526}, 0, {-2105, -537}, {255, 255, 255, 255} }},
	{{ {-4854, 529, 526}, 0, {-2105, 1529}, {255, 255, 255, 255} }},
	{{ {-2641, 457, 1000}, 0, {4822, 262}, {255, 255, 255, 255} }},
	{{ {-3493, 457, 1000}, 0, {1604, 262}, {255, 255, 255, 255} }},
	{{ {-3493, 263, 1000}, 0, {1604, 993}, {255, 255, 255, 255} }},
	{{ {-2641, 263, 1000}, 0, {4822, 993}, {255, 255, 255, 255} }},
	{{ {-3543, 507, 1450}, 0, {1415, 73}, {191, 191, 191, 255} }},
	{{ {-4186, 263, 1450}, 0, {-1012, 993}, {191, 191, 191, 255} }},
	{{ {-3543, 263, 1450}, 0, {1415, 993}, {191, 191, 191, 255} }},
	{{ {-4186, 507, 1450}, 0, {-1012, 73}, {191, 191, 191, 255} }},
	{{ {-4854, 507, 1450}, 0, {-3539, 73}, {191, 191, 191, 255} }},
	{{ {-4854, 263, 1450}, 0, {-3539, 993}, {187, 187, 187, 255} }},
	{{ {-5000, 507, 1450}, 0, {-4089, 73}, {191, 191, 191, 255} }},
	{{ {-5000, 263, 1450}, 0, {-4089, 993}, {116, 116, 116, 255} }},
	{{ {-4186, 263, 1959}, 0, {-10110, -387}, {255, 255, 255, 255} }},
	{{ {-4186, 263, 3000}, 0, {-15627, -387}, {128, 128, 128, 255} }},
	{{ {-4186, 0, 3000}, 0, {-15627, 1007}, {128, 128, 128, 255} }},
	{{ {-4186, 0, 1959}, 0, {-10110, 1007}, {255, 255, 255, 255} }},
	{{ {-4186, 263, 1959}, 0, {-1612, -15}, {255, 255, 255, 255} }},
	{{ {-4186, 0, 1959}, 0, {-1612, 1007}, {255, 255, 255, 255} }},
	{{ {-3893, 0, 1959}, 0, {-475, 1007}, {255, 255, 255, 255} }},
	{{ {-3893, 194, 1959}, 0, {-475, 255}, {255, 255, 255, 255} }},
	{{ {-3893, 263, 1959}, 0, {-475, -15}, {255, 255, 255, 255} }},
	{{ {-3893, 194, 1959}, 0, {-475, 255}, {255, 255, 255, 255} }},
	{{ {-3493, 194, 1959}, 0, {1078, 255}, {255, 255, 255, 255} }},
	{{ {-3100, 263, 1959}, 0, {2604, -15}, {255, 255, 255, 255} }},
	{{ {-3493, 194, 1959}, 0, {1078, 255}, {255, 255, 255, 255} }},
	{{ {-3493, 0, 1959}, 0, {1078, 1007}, {255, 255, 255, 255} }},
	{{ {-3100, 0, 1959}, 0, {2604, 1007}, {255, 255, 255, 255} }},
	{{ {-3100, 263, 1959}, 0, {2604, -15}, {255, 255, 255, 255} }},
	{{ {-3100, 263, 1959}, 0, {-10110, -387}, {255, 255, 255, 255} }},
	{{ {-3100, 0, 1959}, 0, {-10110, 1007}, {255, 255, 255, 255} }},
	{{ {-3100, 0, 3000}, 0, {-15627, 1007}, {191, 191, 191, 255} }},
	{{ {-3100, 263, 3000}, 0, {-15627, -387}, {255, 255, 255, 255} }},
	{{ {-3889, 0, 2547}, 0, {-13229, 1007}, {255, 255, 255, 255} }},
	{{ {-3889, 0, 3000}, 0, {-15627, 1007}, {191, 191, 191, 255} }},
	{{ {-3889, 129, 3000}, 0, {-15627, 322}, {255, 255, 255, 255} }},
	{{ {-3889, 129, 2547}, 0, {-13229, 322}, {255, 255, 255, 255} }},
	{{ {-3397, 0, 3000}, 0, {-15627, 1007}, {191, 191, 191, 255} }},
	{{ {-3397, 0, 2547}, 0, {-13229, 1007}, {255, 255, 255, 255} }},
	{{ {-3397, 129, 2547}, 0, {-13229, 322}, {255, 255, 255, 255} }},
	{{ {-3397, 129, 3000}, 0, {-15627, 322}, {255, 255, 255, 255} }},
	{{ {-4186, 263, 3000}, 0, {-2434, 119}, {128, 128, 128, 255} }},
	{{ {-3889, 129, 3000}, 0, {-829, 842}, {255, 255, 255, 255} }},
	{{ {-3889, 0, 3000}, 0, {-829, 1540}, {191, 191, 191, 255} }},
	{{ {-4186, 0, 3000}, 0, {-2434, 1540}, {128, 128, 128, 255} }},
	{{ {-3397, 0, 2547}, 0, {-4800, 1007}, {255, 255, 255, 255} }},
	{{ {-3889, 0, 2547}, 0, {-7401, 1007}, {255, 255, 255, 255} }},
	{{ {-3889, 129, 2547}, 0, {-7401, 322}, {255, 255, 255, 255} }},
	{{ {-3397, 129, 2547}, 0, {-4800, 322}, {255, 255, 255, 255} }},
	{{ {-3100, 0, 3000}, 0, {3426, 1540}, {191, 191, 191, 255} }},
	{{ {-3397, 0, 3000}, 0, {1821, 1540}, {191, 191, 191, 255} }},
	{{ {-3397, 129, 3000}, 0, {1821, 842}, {255, 255, 255, 255} }},
	{{ {-3100, 263, 3000}, 0, {3426, 119}, {255, 255, 255, 255} }},
	{{ {-3889, 129, 3000}, 0, {-829, 842}, {255, 255, 255, 255} }},
	{{ {-4186, 263, 3000}, 0, {-2434, 119}, {128, 128, 128, 255} }},
	{{ {-3397, 129, 3000}, 0, {1821, 842}, {255, 255, 255, 255} }},
	{{ {-546, 0, 372}, 0, {10307, 1007}, {191, 191, 191, 255} }},
	{{ {-331, 0, 372}, 0, {11445, 1007}, {191, 191, 191, 255} }},
	{{ {-331, 194, 372}, 0, {11445, -18}, {191, 191, 191, 255} }},
	{{ {-546, 194, 372}, 0, {10307, -18}, {191, 191, 191, 255} }},
	{{ {-946, 0, 372}, 0, {8188, 1007}, {191, 191, 191, 255} }},
	{{ {-546, 194, 372}, 0, {10307, -18}, {191, 191, 191, 255} }},
	{{ {-946, 194, 372}, 0, {8188, -18}, {191, 191, 191, 255} }},
	{{ {-1575, 0, 372}, 0, {4856, 1007}, {191, 191, 191, 255} }},
	{{ {-1575, 194, 372}, 0, {4856, -18}, {191, 191, 191, 255} }},
	{{ {-1975, 0, 772}, 0, {-3825, 1007}, {191, 191, 191, 255} }},
	{{ {-1975, 0, 372}, 0, {-1706, 1007}, {127, 127, 127, 255} }},
	{{ {-1975, 194, 372}, 0, {-1706, -18}, {255, 255, 255, 255} }},
	{{ {-1975, 194, 772}, 0, {-3825, -18}, {255, 255, 255, 255} }},
	{{ {-331, 0, 772}, 0, {11445, 1007}, {191, 191, 191, 255} }},
	{{ {-728, 0, 772}, 0, {9343, 1007}, {191, 191, 191, 255} }},
	{{ {-728, 194, 772}, 0, {9343, -18}, {191, 191, 191, 255} }},
	{{ {-331, 194, 772}, 0, {11445, -18}, {191, 191, 191, 255} }},
	{{ {-1128, 0, 772}, 0, {7224, 1007}, {191, 191, 191, 255} }},
	{{ {-1575, 194, 772}, 0, {4856, -18}, {191, 191, 191, 255} }},
	{{ {-1128, 194, 772}, 0, {7224, -18}, {191, 191, 191, 255} }},
	{{ {-1575, 0, 772}, 0, {4856, 1007}, {191, 191, 191, 255} }},
	{{ {-1975, 194, 772}, 0, {2737, -18}, {191, 191, 191, 255} }},
	{{ {-1975, 0, 772}, 0, {2737, 1007}, {143, 143, 143, 255} }},
	{{ {-1975, 0, 372}, 0, {2737, 1007}, {94, 94, 94, 255} }},
	{{ {-1575, 0, 372}, 0, {4856, 1007}, {191, 191, 191, 255} }},
	{{ {-1575, 194, 372}, 0, {4856, -18}, {191, 191, 191, 255} }},
	{{ {-1975, 194, 372}, 0, {2737, -18}, {191, 191, 191, 255} }},
	{{ {-331, 0, 772}, 0, {-3825, 1007}, {255, 255, 255, 255} }},
	{{ {-331, 194, 772}, 0, {-3825, -18}, {255, 255, 255, 255} }},
	{{ {-331, 194, 3000}, 0, {-15627, -18}, {255, 255, 255, 255} }},
	{{ {-331, 0, 3000}, 0, {-15627, 1007}, {255, 255, 255, 255} }},
	{{ {-1128, 0, 1000}, 0, {-5032, 1007}, {255, 255, 255, 255} }},
	{{ {-1128, 0, 772}, 0, {-3825, 1007}, {255, 255, 255, 255} }},
	{{ {-1128, 194, 772}, 0, {-3825, -18}, {255, 255, 255, 255} }},
	{{ {-1128, 194, 1000}, 0, {-5032, -18}, {255, 255, 255, 255} }},
	{{ {-728, 0, 772}, 0, {-3825, 1007}, {255, 255, 255, 255} }},
	{{ {-728, 194, 1000}, 0, {-5032, -18}, {255, 255, 255, 255} }},
	{{ {-728, 194, 772}, 0, {-3825, -18}, {255, 255, 255, 255} }},
	{{ {-728, 0, 1000}, 0, {-5032, 1007}, {255, 255, 255, 255} }},
	{{ {-728, 194, 1400}, 0, {-7151, -18}, {255, 255, 255, 255} }},
	{{ {-728, 0, 1400}, 0, {-7151, 1007}, {255, 255, 255, 255} }},
	{{ {-728, 0, 1800}, 0, {-9270, 1007}, {127, 127, 127, 255} }},
	{{ {-728, 194, 1800}, 0, {-9270, -18}, {255, 255, 255, 255} }},
	{{ {-1320, 194, 1400}, 0, {6204, -18}, {191, 191, 191, 255} }},
	{{ {-1128, 194, 1400}, 0, {7224, -18}, {191, 191, 191, 255} }},
	{{ {-1128, 0, 1400}, 0, {7224, 1007}, {191, 191, 191, 255} }},
	{{ {-1320, 0, 1400}, 0, {6204, 1007}, {191, 191, 191, 255} }},
	{{ {-1128, 0, 1800}, 0, {7224, 1007}, {127, 127, 127, 255} }},
	{{ {-1128, 194, 1800}, 0, {7224, -18}, {255, 255, 255, 255} }},
	{{ {-728, 194, 1800}, 0, {9343, -18}, {255, 255, 255, 255} }},
	{{ {-728, 0, 1800}, 0, {9343, 1007}, {127, 127, 127, 255} }},
	{{ {-1128, 0, 1400}, 0, {-7151, 1007}, {255, 255, 255, 255} }},
	{{ {-1128, 194, 1400}, 0, {-7151, -18}, {255, 255, 255, 255} }},
	{{ {-1128, 194, 1800}, 0, {-9270, -18}, {255, 255, 255, 255} }},
	{{ {-1128, 0, 1800}, 0, {-9270, 1007}, {127, 127, 127, 255} }},
};

Gfx rmaze_rmaze_mesh_layer_1_tri_4[] = {
	gsSPVertex(rmaze_rmaze_mesh_layer_1_vtx_4 + 0, 32, 0),
	gsSP2Triangles(0, 1, 2, 0, 0, 2, 3, 0),
	gsSP2Triangles(4, 5, 6, 0, 4, 6, 7, 0),
	gsSP2Triangles(8, 4, 7, 0, 8, 7, 9, 0),
	gsSP2Triangles(10, 11, 12, 0, 10, 12, 13, 0),
	gsSP2Triangles(14, 15, 16, 0, 14, 16, 17, 0),
	gsSP2Triangles(18, 19, 20, 0, 18, 21, 19, 0),
	gsSP2Triangles(21, 22, 19, 0, 21, 23, 22, 0),
	gsSP2Triangles(23, 24, 22, 0, 23, 25, 24, 0),
	gsSP2Triangles(26, 27, 28, 0, 26, 28, 29, 0),
	gsSP1Triangle(27, 30, 31, 0),
	gsSPVertex(rmaze_rmaze_mesh_layer_1_vtx_4 + 32, 32, 0),
	gsSP2Triangles(0, 1, 2, 0, 3, 4, 5, 0),
	gsSP2Triangles(3, 5, 6, 0, 7, 3, 6, 0),
	gsSP2Triangles(7, 6, 8, 0, 9, 10, 11, 0),
	gsSP2Triangles(9, 12, 10, 0, 12, 13, 10, 0),
	gsSP2Triangles(12, 14, 13, 0, 15, 16, 17, 0),
	gsSP2Triangles(15, 18, 16, 0, 18, 19, 16, 0),
	gsSP2Triangles(18, 20, 19, 0, 20, 21, 19, 0),
	gsSP2Triangles(20, 22, 21, 0, 23, 24, 25, 0),
	gsSP2Triangles(23, 25, 26, 0, 27, 28, 29, 0),
	gsSP2Triangles(27, 29, 30, 0, 31, 27, 30, 0),
	gsSPVertex(rmaze_rmaze_mesh_layer_1_vtx_4 + 64, 32, 0),
	gsSP2Triangles(0, 1, 2, 0, 3, 0, 2, 0),
	gsSP2Triangles(3, 2, 4, 0, 3, 4, 5, 0),
	gsSP2Triangles(3, 5, 6, 0, 6, 5, 7, 0),
	gsSP2Triangles(6, 7, 8, 0, 8, 7, 9, 0),
	gsSP2Triangles(8, 9, 10, 0, 11, 10, 9, 0),
	gsSP2Triangles(11, 9, 12, 0, 13, 14, 15, 0),
	gsSP2Triangles(13, 15, 16, 0, 17, 13, 16, 0),
	gsSP2Triangles(17, 16, 18, 0, 19, 20, 21, 0),
	gsSP2Triangles(19, 21, 22, 0, 23, 24, 25, 0),
	gsSP2Triangles(23, 26, 24, 0, 27, 24, 26, 0),
	gsSP2Triangles(27, 26, 28, 0, 29, 30, 31, 0),
	gsSPVertex(rmaze_rmaze_mesh_layer_1_vtx_4 + 96, 32, 0),
	gsSP2Triangles(0, 1, 2, 0, 3, 0, 2, 0),
	gsSP2Triangles(3, 2, 4, 0, 5, 3, 4, 0),
	gsSP2Triangles(5, 4, 6, 0, 4, 7, 6, 0),
	gsSP2Triangles(8, 9, 10, 0, 8, 10, 11, 0),
	gsSP2Triangles(12, 13, 14, 0, 12, 14, 15, 0),
	gsSP2Triangles(16, 17, 18, 0, 16, 18, 19, 0),
	gsSP2Triangles(20, 21, 22, 0, 20, 23, 21, 0),
	gsSP2Triangles(23, 24, 21, 0, 23, 25, 24, 0),
	gsSP2Triangles(25, 26, 24, 0, 25, 27, 26, 0),
	gsSP2Triangles(28, 29, 30, 0, 28, 30, 31, 0),
	gsSPVertex(rmaze_rmaze_mesh_layer_1_vtx_4 + 128, 32, 0),
	gsSP2Triangles(0, 1, 2, 0, 0, 2, 3, 0),
	gsSP2Triangles(4, 5, 6, 0, 4, 6, 7, 0),
	gsSP2Triangles(8, 9, 10, 0, 8, 10, 11, 0),
	gsSP2Triangles(12, 13, 14, 0, 12, 14, 15, 0),
	gsSP2Triangles(16, 17, 18, 0, 16, 18, 19, 0),
	gsSP2Triangles(20, 21, 22, 0, 20, 22, 23, 0),
	gsSP2Triangles(24, 25, 26, 0, 24, 26, 27, 0),
	gsSP2Triangles(28, 29, 30, 0, 28, 30, 31, 0),
	gsSP1Triangle(31, 31, 28, 0),
	gsSPVertex(rmaze_rmaze_mesh_layer_1_vtx_4 + 160, 32, 0),
	gsSP2Triangles(0, 1, 2, 0, 0, 3, 1, 0),
	gsSP2Triangles(4, 3, 0, 0, 4, 5, 3, 0),
	gsSP2Triangles(6, 5, 4, 0, 6, 7, 5, 0),
	gsSP2Triangles(8, 9, 10, 0, 8, 10, 11, 0),
	gsSP2Triangles(12, 13, 14, 0, 12, 14, 15, 0),
	gsSP2Triangles(16, 17, 18, 0, 16, 18, 19, 0),
	gsSP2Triangles(19, 18, 20, 0, 21, 22, 23, 0),
	gsSP2Triangles(21, 23, 24, 0, 25, 26, 27, 0),
	gsSP2Triangles(25, 27, 28, 0, 29, 30, 31, 0),
	gsSPVertex(rmaze_rmaze_mesh_layer_1_vtx_4 + 192, 31, 0),
	gsSP2Triangles(0, 1, 2, 0, 3, 4, 5, 0),
	gsSP2Triangles(3, 5, 6, 0, 7, 8, 9, 0),
	gsSP2Triangles(7, 9, 10, 0, 11, 12, 13, 0),
	gsSP2Triangles(11, 13, 14, 0, 15, 16, 17, 0),
	gsSP2Triangles(15, 17, 18, 0, 19, 20, 21, 0),
	gsSP2Triangles(19, 22, 20, 0, 20, 22, 23, 0),
	gsSP2Triangles(20, 23, 24, 0, 24, 23, 25, 0),
	gsSP2Triangles(24, 25, 26, 0, 27, 28, 29, 0),
	gsSP1Triangle(27, 29, 30, 0),
	gsSPVertex(rmaze_rmaze_mesh_layer_1_vtx_4 + 223, 32, 0),
	gsSP2Triangles(0, 1, 2, 0, 0, 2, 3, 0),
	gsSP2Triangles(0, 3, 4, 0, 5, 6, 7, 0),
	gsSP2Triangles(5, 7, 4, 0, 8, 9, 10, 0),
	gsSP2Triangles(8, 10, 11, 0, 12, 13, 14, 0),
	gsSP2Triangles(12, 14, 15, 0, 16, 17, 18, 0),
	gsSP2Triangles(16, 18, 19, 0, 20, 21, 22, 0),
	gsSP2Triangles(20, 22, 23, 0, 24, 25, 26, 0),
	gsSP2Triangles(24, 26, 27, 0, 28, 29, 30, 0),
	gsSP1Triangle(28, 30, 31, 0),
	gsSPVertex(rmaze_rmaze_mesh_layer_1_vtx_4 + 255, 30, 0),
	gsSP2Triangles(0, 1, 2, 0, 0, 2, 3, 0),
	gsSP2Triangles(4, 5, 3, 0, 4, 3, 6, 0),
	gsSP2Triangles(7, 8, 9, 0, 7, 9, 10, 0),
	gsSP2Triangles(11, 7, 12, 0, 11, 12, 13, 0),
	gsSP2Triangles(14, 11, 13, 0, 14, 13, 15, 0),
	gsSP2Triangles(16, 17, 18, 0, 16, 18, 19, 0),
	gsSP2Triangles(20, 21, 22, 0, 20, 22, 23, 0),
	gsSP2Triangles(24, 25, 26, 0, 24, 27, 25, 0),
	gsSP2Triangles(27, 28, 25, 0, 27, 29, 28, 0),
	gsSPVertex(rmaze_rmaze_mesh_layer_1_vtx_4 + 285, 32, 0),
	gsSP2Triangles(0, 1, 2, 0, 0, 2, 3, 0),
	gsSP2Triangles(4, 5, 6, 0, 4, 6, 7, 0),
	gsSP2Triangles(8, 9, 10, 0, 8, 10, 11, 0),
	gsSP2Triangles(12, 13, 14, 0, 12, 15, 13, 0),
	gsSP2Triangles(15, 16, 13, 0, 15, 17, 16, 0),
	gsSP2Triangles(16, 17, 18, 0, 16, 18, 19, 0),
	gsSP2Triangles(20, 21, 22, 0, 20, 22, 23, 0),
	gsSP2Triangles(24, 25, 26, 0, 24, 26, 27, 0),
	gsSP2Triangles(28, 29, 30, 0, 28, 30, 31, 0),
	gsSPEndDisplayList(),
};

Vtx rmaze_rmaze_mesh_layer_1_vtx_5[98] = {
	{{ {-546, 0, 372}, 0, {10589, 12388}, {255, 255, 255, 255} }},
	{{ {-728, 0, 772}, 0, {6899, 13770}, {255, 255, 255, 255} }},
	{{ {-331, 0, 772}, 0, {9415, 16286}, {255, 255, 255, 255} }},
	{{ {-331, 0, 372}, 0, {11951, 13750}, {255, 255, 255, 255} }},
	{{ {-331, 0, 200}, 0, {13043, 12659}, {255, 255, 255, 255} }},
	{{ {-331, 0, -200}, 0, {15579, 10123}, {255, 255, 255, 255} }},
	{{ {-2191, 0, -200}, 0, {3784, -1672}, {255, 255, 255, 255} }},
	{{ {-2191, 0, 200}, 0, {1248, 864}, {255, 255, 255, 255} }},
	{{ {-2591, 0, 200}, 0, {-1288, -1672}, {255, 255, 255, 255} }},
	{{ {-2591, 0, -200}, 0, {1248, -4208}, {255, 255, 255, 255} }},
	{{ {-2591, 0, -1000}, 0, {6319, -9280}, {255, 255, 255, 255} }},
	{{ {-2191, 0, -1000}, 0, {8855, -6744}, {255, 255, 255, 255} }},
	{{ {-2191, 0, -1400}, 0, {11391, -9280}, {255, 255, 255, 255} }},
	{{ {-1061, 0, -1000}, 0, {16021, 422}, {255, 255, 255, 255} }},
	{{ {-1061, 0, -1400}, 0, {18557, -2114}, {255, 255, 255, 255} }},
	{{ {-661, 0, -1400}, 0, {21093, 422}, {255, 255, 255, 255} }},
	{{ {-661, 0, -1000}, 0, {18557, 2958}, {255, 255, 255, 255} }},
	{{ {-2591, 0, -1400}, 0, {8855, -11816}, {255, 255, 255, 255} }},
	{{ {-3493, 0, -1400}, 0, {3138, -17533}, {255, 255, 255, 255} }},
	{{ {-3493, 0, -1000}, 0, {602, -14997}, {255, 255, 255, 255} }},
	{{ {-3893, 0, -1000}, 0, {-1934, -17533}, {255, 255, 255, 255} }},
	{{ {-3893, 0, -1400}, 0, {602, -20069}, {255, 255, 255, 255} }},
	{{ {-3493, 0, -1654}, 0, {4748, -19143}, {255, 255, 255, 255} }},
	{{ {-3893, 0, -1654}, 0, {2212, -21679}, {255, 255, 255, 255} }},
	{{ {-3493, 0, -2054}, 0, {7284, -21679}, {255, 255, 255, 255} }},
	{{ {-3893, 0, -2054}, 0, {4748, -24215}, {255, 255, 255, 255} }},
	{{ {-3893, 0, -587}, 0, {-4553, -14914}, {70, 70, 70, 255} }},
	{{ {-3493, 0, -587}, 0, {-2017, -12378}, {70, 70, 70, 255} }},
	{{ {-3893, 0, 290}, 0, {-10111, -9356}, {70, 70, 70, 255} }},
	{{ {-3493, 0, 290}, 0, {-7575, -6820}, {70, 70, 70, 255} }},
	{{ {-3893, 263, 1000}, 0, {-14614, -4853}, {70, 70, 70, 255} }},
	{{ {-3493, 263, 1000}, 0, {-12078, -2317}, {255, 255, 255, 255} }},
	{{ {-3893, 263, 1400}, 0, {-17150, -2317}, {255, 255, 255, 255} }},
	{{ {-3493, 263, 1000}, 0, {-12078, -2317}, {255, 255, 255, 255} }},
	{{ {-3893, 263, 1000}, 0, {-14614, -4853}, {70, 70, 70, 255} }},
	{{ {-3493, 263, 1400}, 0, {-14614, 219}, {255, 255, 255, 255} }},
	{{ {-1720, 0, 2514}, 0, {-10440, 18523}, {255, 255, 255, 255} }},
	{{ {-1320, 0, 2514}, 0, {-7904, 21059}, {255, 255, 255, 255} }},
	{{ {-1320, 0, 2114}, 0, {-5368, 18523}, {255, 255, 255, 255} }},
	{{ {-1720, 0, 2114}, 0, {-7904, 15987}, {255, 255, 255, 255} }},
	{{ {-1320, 0, 1400}, 0, {-839, 13994}, {255, 255, 255, 255} }},
	{{ {-1720, 0, 1400}, 0, {-3374, 11458}, {255, 255, 255, 255} }},
	{{ {-1128, 0, 1000}, 0, {2919, 12679}, {255, 255, 255, 255} }},
	{{ {-1128, 0, 1400}, 0, {383, 15215}, {255, 255, 255, 255} }},
	{{ {-1720, 0, 1000}, 0, {-839, 8922}, {255, 255, 255, 255} }},
	{{ {-2191, 0, 1000}, 0, {-3824, 5936}, {255, 255, 255, 255} }},
	{{ {-2191, 0, 1400}, 0, {-6360, 8472}, {255, 255, 255, 255} }},
	{{ {-2591, 0, 1400}, 0, {-8896, 5936}, {255, 255, 255, 255} }},
	{{ {-2591, 0, 1000}, 0, {-6360, 3400}, {255, 255, 255, 255} }},
	{{ {-2191, 0, 200}, 0, {1248, 864}, {255, 255, 255, 255} }},
	{{ {-2591, 0, 200}, 0, {-1288, -1672}, {255, 255, 255, 255} }},
	{{ {-3493, 0, 1000}, 0, {-12078, -2317}, {255, 255, 255, 255} }},
	{{ {-3493, 0, 1400}, 0, {-14614, 219}, {255, 255, 255, 255} }},
	{{ {-3893, 0, 1400}, 0, {-17150, -2317}, {255, 255, 255, 255} }},
	{{ {-3893, 0, 1000}, 0, {-14614, -4853}, {255, 255, 255, 255} }},
	{{ {-3893, 0, 1509}, 0, {-17838, -1629}, {255, 255, 255, 255} }},
	{{ {-3493, 0, 1509}, 0, {-15302, 907}, {255, 255, 255, 255} }},
	{{ {-3893, 0, 1959}, 0, {-20691, 1224}, {255, 255, 255, 255} }},
	{{ {-3493, 0, 1959}, 0, {-18155, 3760}, {255, 255, 255, 255} }},
	{{ {-2591, 0, 2114}, 0, {-13426, 10465}, {255, 255, 255, 255} }},
	{{ {-2191, 0, 2114}, 0, {-10890, 13001}, {255, 255, 255, 255} }},
	{{ {-2591, 0, 2514}, 0, {-15962, 13001}, {255, 255, 255, 255} }},
	{{ {-2191, 0, 2514}, 0, {-13426, 15537}, {255, 255, 255, 255} }},
	{{ {-3066, 526, 200}, 0, {-4300, -4683}, {255, 255, 255, 255} }},
	{{ {-3066, 526, -200}, 0, {-1764, -7219}, {255, 255, 255, 255} }},
	{{ {-4067, 526, -200}, 0, {-8107, -13563}, {255, 255, 255, 255} }},
	{{ {-4067, 526, 200}, 0, {-10643, -11027}, {255, 255, 255, 255} }},
	{{ {-3493, 194, 1450}, 0, {-14931, 536}, {255, 255, 255, 255} }},
	{{ {-3893, 194, 1450}, 0, {-17467, -2000}, {255, 255, 255, 255} }},
	{{ {-3893, 194, 1400}, 0, {-17150, -2317}, {255, 255, 255, 255} }},
	{{ {-3493, 194, 1400}, 0, {-14614, 219}, {255, 255, 255, 255} }},
	{{ {-3893, 194, 1000}, 0, {-14614, -4853}, {255, 255, 255, 255} }},
	{{ {-3493, 194, 1000}, 0, {-12078, -2317}, {255, 255, 255, 255} }},
	{{ {-1975, 0, 772}, 0, {-1007, 5864}, {191, 191, 191, 255} }},
	{{ {-1575, 0, 772}, 0, {1529, 8400}, {255, 255, 255, 255} }},
	{{ {-1575, 0, 372}, 0, {4065, 5864}, {255, 255, 255, 255} }},
	{{ {-1975, 0, 372}, 0, {1529, 3328}, {127, 127, 127, 255} }},
	{{ {-1128, 0, 772}, 0, {4363, 11234}, {255, 255, 255, 255} }},
	{{ {-728, 0, 772}, 0, {6899, 13770}, {255, 255, 255, 255} }},
	{{ {-546, 0, 372}, 0, {10589, 12388}, {255, 255, 255, 255} }},
	{{ {-946, 0, 372}, 0, {8053, 9852}, {255, 255, 255, 255} }},
	{{ {-1575, 0, 372}, 0, {4065, 5864}, {255, 255, 255, 255} }},
	{{ {-1575, 0, 772}, 0, {1529, 8400}, {255, 255, 255, 255} }},
	{{ {-2591, 263, 200}, 0, {-1288, -1672}, {255, 255, 255, 255} }},
	{{ {-2591, 263, -200}, 0, {1248, -4208}, {255, 255, 255, 255} }},
	{{ {-3066, 263, -200}, 0, {-1764, -7219}, {255, 255, 255, 255} }},
	{{ {-3066, 263, 200}, 0, {-4300, -4683}, {255, 255, 255, 255} }},
	{{ {-728, 0, 772}, 0, {6899, 13770}, {255, 255, 255, 255} }},
	{{ {-1128, 0, 772}, 0, {4363, 11234}, {255, 255, 255, 255} }},
	{{ {-1128, 0, 1000}, 0, {2919, 12679}, {255, 255, 255, 255} }},
	{{ {-728, 0, 1000}, 0, {5454, 15215}, {255, 255, 255, 255} }},
	{{ {-728, 0, 1400}, 0, {2919, 17751}, {255, 255, 255, 255} }},
	{{ {-728, 0, 1000}, 0, {5454, 15215}, {255, 255, 255, 255} }},
	{{ {-1128, 0, 1400}, 0, {383, 15215}, {255, 255, 255, 255} }},
	{{ {-1128, 0, 1800}, 0, {-2153, 17751}, {127, 127, 127, 255} }},
	{{ {-728, 0, 1400}, 0, {2919, 17751}, {255, 255, 255, 255} }},
	{{ {-1128, 0, 1800}, 0, {-2153, 17751}, {127, 127, 127, 255} }},
	{{ {-728, 0, 1800}, 0, {383, 20287}, {127, 127, 127, 255} }},
};

Gfx rmaze_rmaze_mesh_layer_1_tri_5[] = {
	gsSPVertex(rmaze_rmaze_mesh_layer_1_vtx_5 + 0, 32, 0),
	gsSP2Triangles(0, 1, 2, 0, 0, 2, 3, 0),
	gsSP2Triangles(4, 5, 6, 0, 4, 6, 7, 0),
	gsSP2Triangles(8, 7, 6, 0, 8, 6, 9, 0),
	gsSP2Triangles(6, 10, 9, 0, 6, 11, 10, 0),
	gsSP2Triangles(10, 11, 12, 0, 12, 11, 13, 0),
	gsSP2Triangles(12, 13, 14, 0, 13, 15, 14, 0),
	gsSP2Triangles(13, 16, 15, 0, 10, 12, 17, 0),
	gsSP2Triangles(10, 17, 18, 0, 10, 18, 19, 0),
	gsSP2Triangles(20, 19, 18, 0, 20, 18, 21, 0),
	gsSP2Triangles(21, 18, 22, 0, 21, 22, 23, 0),
	gsSP2Triangles(23, 22, 24, 0, 23, 24, 25, 0),
	gsSP2Triangles(19, 20, 26, 0, 19, 26, 27, 0),
	gsSP2Triangles(27, 26, 28, 0, 27, 28, 29, 0),
	gsSP2Triangles(29, 28, 30, 0, 29, 30, 31, 0),
	gsSPVertex(rmaze_rmaze_mesh_layer_1_vtx_5 + 32, 31, 0),
	gsSP2Triangles(0, 1, 2, 0, 0, 3, 1, 0),
	gsSP2Triangles(4, 5, 6, 0, 4, 6, 7, 0),
	gsSP2Triangles(7, 6, 8, 0, 7, 8, 9, 0),
	gsSP2Triangles(9, 8, 10, 0, 11, 10, 8, 0),
	gsSP2Triangles(9, 10, 12, 0, 9, 12, 13, 0),
	gsSP2Triangles(9, 13, 14, 0, 15, 14, 13, 0),
	gsSP2Triangles(15, 13, 16, 0, 17, 16, 13, 0),
	gsSP2Triangles(17, 18, 16, 0, 15, 16, 19, 0),
	gsSP2Triangles(15, 19, 20, 0, 21, 20, 19, 0),
	gsSP2Triangles(21, 19, 22, 0, 20, 21, 23, 0),
	gsSP2Triangles(20, 23, 24, 0, 25, 24, 23, 0),
	gsSP2Triangles(25, 26, 24, 0, 27, 14, 15, 0),
	gsSP2Triangles(27, 28, 14, 0, 29, 28, 27, 0),
	gsSP2Triangles(29, 30, 28, 0, 28, 30, 4, 0),
	gsSP1Triangle(28, 4, 7, 0),
	gsSPVertex(rmaze_rmaze_mesh_layer_1_vtx_5 + 63, 32, 0),
	gsSP2Triangles(0, 1, 2, 0, 0, 2, 3, 0),
	gsSP2Triangles(4, 5, 6, 0, 4, 6, 7, 0),
	gsSP2Triangles(7, 6, 8, 0, 7, 8, 9, 0),
	gsSP2Triangles(10, 11, 12, 0, 10, 12, 13, 0),
	gsSP2Triangles(14, 15, 16, 0, 14, 16, 17, 0),
	gsSP2Triangles(14, 17, 18, 0, 14, 18, 19, 0),
	gsSP2Triangles(20, 21, 22, 0, 20, 22, 23, 0),
	gsSP2Triangles(24, 25, 26, 0, 24, 26, 27, 0),
	gsSP2Triangles(26, 28, 29, 0, 26, 30, 28, 0),
	gsSP1Triangle(28, 30, 31, 0),
	gsSPVertex(rmaze_rmaze_mesh_layer_1_vtx_5 + 95, 3, 0),
	gsSP1Triangle(0, 1, 2, 0),
	gsSPEndDisplayList(),
};

Vtx rmaze_rmaze_mesh_layer_1_vtx_6[35] = {
	{{ {-331, 0, -200}, 0, {5774, 186}, {255, 255, 255, 255} }},
	{{ {973, 0, -2973}, 0, {10668, -8510}, {191, 191, 191, 255} }},
	{{ {-331, 0, -2973}, 0, {6433, -8820}, {255, 255, 255, 255} }},
	{{ {973, 0, -200}, 0, {10009, 496}, {255, 255, 255, 255} }},
	{{ {-331, 0, 200}, 0, {5679, 1485}, {255, 255, 255, 255} }},
	{{ {973, 0, 200}, 0, {9914, 1794}, {255, 255, 255, 255} }},
	{{ {-331, 0, 3000}, 0, {5014, 10577}, {255, 255, 255, 255} }},
	{{ {973, 0, 3000}, 0, {9248, 10887}, {191, 191, 191, 255} }},
	{{ {-4067, 526, 200}, 0, {-6453, 597}, {255, 255, 255, 255} }},
	{{ {-4854, 529, 526}, 0, {-9088, 1468}, {255, 255, 255, 255} }},
	{{ {-4075, 529, 526}, 0, {-6556, 1653}, {255, 255, 255, 255} }},
	{{ {-4854, 529, -526}, 0, {-8838, -1948}, {255, 255, 255, 255} }},
	{{ {-4067, 526, -200}, 0, {-6358, -702}, {255, 255, 255, 255} }},
	{{ {-4075, 529, -526}, 0, {-6306, -1762}, {255, 255, 255, 255} }},
	{{ {-3893, 0, -2054}, 0, {-5353, -6681}, {255, 255, 255, 255} }},
	{{ {-3493, 0, -2054}, 0, {-4054, -6586}, {255, 255, 255, 255} }},
	{{ {-3493, 0, -2973}, 0, {-3836, -9571}, {191, 191, 191, 255} }},
	{{ {-3800, 0, -2973}, 0, {-4832, -9644}, {255, 255, 255, 255} }},
	{{ {-4200, 0, -2973}, 0, {-6131, -9739}, {255, 255, 255, 255} }},
	{{ {-4579, 0, -2054}, 0, {-7579, -6844}, {191, 191, 191, 255} }},
	{{ {-4579, 0, -2973}, 0, {-7360, -9829}, {191, 191, 191, 255} }},
	{{ {-3889, 0, 2547}, 0, {-6432, 8262}, {255, 255, 255, 255} }},
	{{ {-3397, 0, 2547}, 0, {-4837, 8378}, {255, 255, 255, 255} }},
	{{ {-3100, 0, 1959}, 0, {-3732, 6537}, {255, 255, 255, 255} }},
	{{ {-4186, 0, 1959}, 0, {-7257, 6279}, {255, 255, 255, 255} }},
	{{ {-3397, 0, 2547}, 0, {-4837, 8378}, {255, 255, 255, 255} }},
	{{ {-3397, 0, 3000}, 0, {-4945, 9848}, {191, 191, 191, 255} }},
	{{ {-3100, 0, 3000}, 0, {-3980, 9919}, {191, 191, 191, 255} }},
	{{ {-3889, 0, 3000}, 0, {-6539, 9731}, {191, 191, 191, 255} }},
	{{ {-3889, 0, 2547}, 0, {-6432, 8262}, {255, 255, 255, 255} }},
	{{ {-4186, 0, 3000}, 0, {-7504, 9661}, {128, 128, 128, 255} }},
	{{ {-3889, 129, 2547}, 0, {-6432, 8262}, {255, 255, 255, 255} }},
	{{ {-3889, 129, 3000}, 0, {-6539, 9731}, {255, 255, 255, 255} }},
	{{ {-3397, 129, 3000}, 0, {-4945, 9848}, {255, 255, 255, 255} }},
	{{ {-3397, 129, 2547}, 0, {-4837, 8378}, {255, 255, 255, 255} }},
};

Gfx rmaze_rmaze_mesh_layer_1_tri_6[] = {
	gsSPVertex(rmaze_rmaze_mesh_layer_1_vtx_6 + 0, 31, 0),
	gsSP2Triangles(0, 1, 2, 0, 0, 3, 1, 0),
	gsSP2Triangles(4, 3, 0, 0, 4, 5, 3, 0),
	gsSP2Triangles(6, 5, 4, 0, 6, 7, 5, 0),
	gsSP2Triangles(8, 9, 10, 0, 8, 11, 9, 0),
	gsSP2Triangles(8, 12, 11, 0, 11, 12, 13, 0),
	gsSP2Triangles(14, 15, 16, 0, 14, 16, 17, 0),
	gsSP2Triangles(14, 17, 18, 0, 14, 18, 19, 0),
	gsSP2Triangles(19, 18, 20, 0, 21, 22, 23, 0),
	gsSP2Triangles(21, 23, 24, 0, 25, 26, 27, 0),
	gsSP2Triangles(25, 27, 23, 0, 28, 29, 24, 0),
	gsSP1Triangle(28, 24, 30, 0),
	gsSPVertex(rmaze_rmaze_mesh_layer_1_vtx_6 + 31, 4, 0),
	gsSP2Triangles(0, 1, 2, 0, 0, 2, 3, 0),
	gsSPEndDisplayList(),
};

Vtx rmaze_rmaze_mesh_layer_1_vtx_7[71] = {
	{{ {-4579, 460, -2973}, 0, {-5478, 2371}, {255, 255, 255, 255} }},
	{{ {-4200, 997, -2973}, 0, {-1311, -3544}, {255, 255, 255, 255} }},
	{{ {-4579, 997, -2973}, 0, {-5478, -3544}, {255, 255, 255, 255} }},
	{{ {-4200, 560, -2973}, 0, {-1311, 1268}, {255, 255, 255, 255} }},
	{{ {-4579, 263, -2973}, 0, {-5478, 4536}, {255, 255, 255, 255} }},
	{{ {-4200, 263, -2973}, 0, {-1311, 4536}, {255, 255, 255, 255} }},
	{{ {-3800, 997, -2973}, 0, {3092, -3544}, {255, 255, 255, 255} }},
	{{ {-3800, 560, -2973}, 0, {3092, 1268}, {255, 255, 255, 255} }},
	{{ {-3493, 997, -2973}, 0, {6470, -3544}, {255, 255, 255, 255} }},
	{{ {-3493, 560, -2973}, 0, {6470, 1268}, {255, 255, 255, 255} }},
	{{ {-3800, 263, -2973}, 0, {3092, 4536}, {255, 255, 255, 255} }},
	{{ {-3493, 263, -2973}, 0, {6470, 4536}, {255, 255, 255, 255} }},
	{{ {-2591, 457, 950}, 0, {771, 1505}, {255, 255, 255, 255} }},
	{{ {-2591, 263, 950}, 0, {771, 3594}, {255, 255, 255, 255} }},
	{{ {-2591, 263, 250}, 0, {8327, 3594}, {255, 255, 255, 255} }},
	{{ {-2591, 526, 250}, 0, {8327, 754}, {255, 255, 255, 255} }},
	{{ {-2591, 507, 950}, 0, {771, 965}, {255, 255, 255, 255} }},
	{{ {-4579, 947, -2004}, 0, {-2801, -3789}, {191, 191, 191, 255} }},
	{{ {-5000, 947, -2004}, 0, {-7351, -3789}, {191, 191, 191, 255} }},
	{{ {-5000, 263, -2004}, 0, {-7351, 3594}, {191, 191, 191, 255} }},
	{{ {-4579, 263, -2004}, 0, {-2801, 3594}, {191, 191, 191, 255} }},
	{{ {-4579, 947, -2054}, 0, {-5166, -3717}, {255, 255, 255, 255} }},
	{{ {-4579, 263, -2054}, 0, {-5166, 4709}, {255, 255, 255, 255} }},
	{{ {-4579, 263, -2973}, 0, {6158, 4709}, {255, 255, 255, 255} }},
	{{ {-4579, 947, -2973}, 0, {6158, -3717}, {255, 255, 255, 255} }},
	{{ {-2591, 526, -1000}, 0, {18651, 754}, {191, 191, 191, 255} }},
	{{ {-2591, 263, -1000}, 0, {18651, 3594}, {191, 191, 191, 255} }},
	{{ {-3493, 263, -1000}, 0, {8916, 3594}, {191, 191, 191, 255} }},
	{{ {-3493, 526, -1000}, 0, {8916, 754}, {191, 191, 191, 255} }},
	{{ {-3893, 263, -1000}, 0, {4598, 3594}, {191, 191, 191, 255} }},
	{{ {-3893, 526, -1000}, 0, {4598, 754}, {191, 191, 191, 255} }},
	{{ {-2591, 263, -250}, 0, {13725, 3594}, {255, 255, 255, 255} }},
	{{ {-2591, 263, -1000}, 0, {21821, 3594}, {255, 255, 255, 255} }},
	{{ {-2591, 526, -1000}, 0, {21821, 754}, {255, 255, 255, 255} }},
	{{ {-2591, 526, -250}, 0, {13725, 754}, {255, 255, 255, 255} }},
	{{ {-5000, 526, -1000}, 0, {-7351, 754}, {191, 191, 191, 255} }},
	{{ {-3893, 526, -1000}, 0, {4598, 754}, {191, 191, 191, 255} }},
	{{ {-3893, 263, -1000}, 0, {4598, 3594}, {191, 191, 191, 255} }},
	{{ {-5000, 263, -1000}, 0, {-7351, 3594}, {143, 143, 143, 255} }},
	{{ {-5000, 947, 1909}, 0, {-7351, -3789}, {191, 191, 191, 255} }},
	{{ {-4186, 947, 1909}, 0, {1439, -3789}, {191, 191, 191, 255} }},
	{{ {-4186, 263, 1909}, 0, {1439, 3594}, {191, 191, 191, 255} }},
	{{ {-5000, 263, 1909}, 0, {-7351, 3594}, {105, 105, 105, 255} }},
	{{ {-4186, 997, 1959}, 0, {-10116, -4329}, {255, 255, 255, 255} }},
	{{ {-4186, 997, 3000}, 0, {-21358, -4329}, {255, 255, 255, 255} }},
	{{ {-4186, 263, 3000}, 0, {-21358, 3594}, {128, 128, 128, 255} }},
	{{ {-4186, 263, 1959}, 0, {-10116, 3594}, {255, 255, 255, 255} }},
	{{ {-3100, 263, 3000}, 0, {13156, 3594}, {255, 255, 255, 255} }},
	{{ {-4186, 263, 3000}, 0, {1439, 3594}, {128, 128, 128, 255} }},
	{{ {-4186, 947, 3000}, 0, {1439, -3789}, {255, 255, 255, 255} }},
	{{ {-3100, 947, 3000}, 0, {13156, -3789}, {255, 255, 255, 255} }},
	{{ {629, 1325, 2656}, 0, {6967, 6967}, {255, 255, 255, 255} }},
	{{ {286, 1657, 2313}, 0, {6127, 6127}, {255, 255, 255, 255} }},
	{{ {286, 1657, 1785}, 0, {6127, 4834}, {249, 249, 249, 255} }},
	{{ {629, 1325, -2629}, 0, {6967, -5975}, {255, 255, 255, 255} }},
	{{ {286, 1657, -2286}, 0, {6127, -5135}, {191, 191, 191, 255} }},
	{{ {-4313, 1657, 2313}, 0, {-5135, 6127}, {143, 143, 143, 255} }},
	{{ {286, 1657, 2313}, 0, {6127, 6127}, {191, 191, 191, 255} }},
	{{ {629, 1325, 2656}, 0, {6967, 6967}, {191, 191, 191, 255} }},
	{{ {-4656, 1325, 2656}, 0, {-5975, 6967}, {191, 191, 191, 255} }},
	{{ {286, 1657, -2286}, 0, {6127, -5135}, {143, 143, 143, 255} }},
	{{ {-4313, 1657, -2286}, 0, {-5135, -5135}, {191, 191, 191, 255} }},
	{{ {-4656, 1325, -2629}, 0, {-5975, -5975}, {191, 191, 191, 255} }},
	{{ {286, 1657, -2286}, 0, {6127, -5135}, {143, 143, 143, 255} }},
	{{ {-4656, 1325, -2629}, 0, {-5975, -5975}, {191, 191, 191, 255} }},
	{{ {629, 1325, -2629}, 0, {6967, -5975}, {191, 191, 191, 255} }},
	{{ {-4656, 1325, -2629}, 0, {-5975, -5975}, {255, 255, 255, 255} }},
	{{ {-4313, 1657, -2286}, 0, {-5135, -5135}, {255, 255, 255, 255} }},
	{{ {-4313, 1657, 2313}, 0, {-5135, 6127}, {191, 191, 191, 255} }},
	{{ {-4656, 1325, -1885}, 0, {-5975, -4154}, {255, 255, 255, 255} }},
	{{ {-4656, 1325, 2656}, 0, {-5975, 6967}, {255, 255, 255, 255} }},
};

Gfx rmaze_rmaze_mesh_layer_1_tri_7[] = {
	gsSPVertex(rmaze_rmaze_mesh_layer_1_vtx_7 + 0, 31, 0),
	gsSP2Triangles(0, 1, 2, 0, 0, 3, 1, 0),
	gsSP2Triangles(4, 3, 0, 0, 4, 5, 3, 0),
	gsSP2Triangles(3, 6, 1, 0, 3, 7, 6, 0),
	gsSP2Triangles(7, 8, 6, 0, 7, 9, 8, 0),
	gsSP2Triangles(10, 9, 7, 0, 10, 11, 9, 0),
	gsSP2Triangles(12, 13, 14, 0, 12, 14, 15, 0),
	gsSP2Triangles(12, 15, 16, 0, 17, 18, 19, 0),
	gsSP2Triangles(17, 19, 20, 0, 21, 22, 23, 0),
	gsSP2Triangles(21, 23, 24, 0, 25, 26, 27, 0),
	gsSP2Triangles(25, 27, 28, 0, 28, 27, 29, 0),
	gsSP1Triangle(28, 29, 30, 0),
	gsSPVertex(rmaze_rmaze_mesh_layer_1_vtx_7 + 31, 32, 0),
	gsSP2Triangles(0, 1, 2, 0, 0, 2, 3, 0),
	gsSP2Triangles(4, 5, 6, 0, 4, 6, 7, 0),
	gsSP2Triangles(8, 9, 10, 0, 8, 10, 11, 0),
	gsSP2Triangles(12, 13, 14, 0, 12, 14, 15, 0),
	gsSP2Triangles(16, 17, 18, 0, 16, 18, 19, 0),
	gsSP2Triangles(20, 21, 22, 0, 22, 23, 20, 0),
	gsSP2Triangles(22, 24, 23, 0, 25, 26, 27, 0),
	gsSP2Triangles(25, 27, 28, 0, 29, 30, 31, 0),
	gsSPVertex(rmaze_rmaze_mesh_layer_1_vtx_7 + 63, 8, 0),
	gsSP2Triangles(0, 1, 2, 0, 3, 4, 5, 0),
	gsSP2Triangles(5, 6, 3, 0, 5, 7, 6, 0),
	gsSPEndDisplayList(),
};

Vtx rmaze_rmaze_mesh_layer_4_vtx_0[8] = {
	{{ {-3066, 526, -200}, 0, {1885, 1947}, {255, 255, 255, 255} }},
	{{ {-3066, 944, -200}, 0, {1885, -955}, {255, 255, 255, 255} }},
	{{ {-3066, 944, 200}, 0, {-893, -955}, {255, 255, 255, 255} }},
	{{ {-3066, 526, 200}, 0, {-893, 1947}, {255, 255, 255, 255} }},
	{{ {-3116, 526, -200}, 0, {1885, 1947}, {255, 255, 255, 255} }},
	{{ {-3116, 526, 200}, 0, {-893, 1947}, {255, 255, 255, 255} }},
	{{ {-3116, 944, 200}, 0, {-893, -955}, {255, 255, 255, 255} }},
	{{ {-3116, 944, -200}, 0, {1885, -955}, {255, 255, 255, 255} }},
};

Gfx rmaze_rmaze_mesh_layer_4_tri_0[] = {
	gsSPVertex(rmaze_rmaze_mesh_layer_4_vtx_0 + 0, 8, 0),
	gsSP2Triangles(0, 1, 2, 0, 0, 2, 3, 0),
	gsSP2Triangles(4, 5, 6, 0, 4, 6, 7, 0),
	gsSPEndDisplayList(),
};

Vtx rmaze_rmaze_mesh_layer_5_vtx_0[264] = {
	{{ {-2591, 263, 1400}, 0, {-13, -1364}, {0, 127, 0, 255} }},
	{{ {-2191, 263, 1000}, 0, {1005, -346}, {0, 127, 0, 255} }},
	{{ {-2591, 263, 1000}, 0, {1005, -1364}, {0, 127, 0, 255} }},
	{{ {-2191, 263, 1400}, 0, {-13, -346}, {0, 127, 0, 255} }},
	{{ {-1720, 263, 1400}, 0, {-13, 853}, {0, 127, 0, 255} }},
	{{ {-1128, 263, 1000}, 0, {1005, 2362}, {0, 127, 0, 255} }},
	{{ {-1320, 263, 1400}, 0, {-13, 1871}, {0, 127, 0, 255} }},
	{{ {-1128, 263, 1400}, 0, {-13, 2362}, {0, 127, 0, 255} }},
	{{ {-2591, 263, 2514}, 0, {-9, 5445}, {0, 127, 0, 255} }},
	{{ {-2191, 263, 2514}, 0, {1001, 5445}, {0, 127, 0, 255} }},
	{{ {-2191, 263, 2114}, 0, {1001, 4435}, {0, 127, 0, 255} }},
	{{ {-2591, 263, 2114}, 0, {-9, 4435}, {0, 127, 0, 255} }},
	{{ {-2191, 263, 1400}, 0, {1001, 2631}, {0, 127, 0, 255} }},
	{{ {-2591, 263, 1400}, 0, {-9, 2631}, {0, 127, 0, 255} }},
	{{ {-1720, 263, 2514}, 0, {-25, 1100}, {0, 127, 0, 255} }},
	{{ {-1320, 263, 2514}, 0, {-25, 2143}, {0, 127, 0, 255} }},
	{{ {-1320, 263, 2114}, 0, {1017, 2143}, {0, 127, 0, 255} }},
	{{ {-1720, 263, 2114}, 0, {1017, 1100}, {0, 127, 0, 255} }},
	{{ {-2191, 263, 2114}, 0, {1017, -127}, {0, 127, 0, 255} }},
	{{ {-2191, 263, 2514}, 0, {-25, -127}, {0, 127, 0, 255} }},
	{{ {-1720, 263, 2114}, 0, {-16, 2032}, {0, 127, 0, 255} }},
	{{ {-1320, 263, 2114}, 0, {1008, 2032}, {0, 127, 0, 255} }},
	{{ {-1320, 263, 1400}, 0, {1008, -16}, {0, 127, 0, 255} }},
	{{ {-1720, 263, 1400}, 0, {-16, -16}, {0, 127, 0, 255} }},
	{{ {-3893, 263, 1909}, 0, {-16, 1008}, {0, 127, 0, 255} }},
	{{ {-3493, 263, 1909}, 0, {1008, 1008}, {0, 127, 0, 255} }},
	{{ {-3493, 263, 1450}, 0, {1008, -16}, {0, 127, 0, 255} }},
	{{ {-3893, 263, 1450}, 0, {-16, -16}, {0, 127, 0, 255} }},
	{{ {-3893, 263, -1000}, 0, {1, -2989}, {0, 127, 0, 255} }},
	{{ {-3493, 263, -1400}, 0, {991, -2000}, {0, 127, 0, 255} }},
	{{ {-3893, 263, -1400}, 0, {991, -2989}, {0, 127, 0, 255} }},
	{{ {-3493, 263, -1000}, 0, {1, -2000}, {0, 127, 0, 255} }},
	{{ {-2591, 263, -1000}, 0, {1, 231}, {0, 127, 0, 255} }},
	{{ {-3493, 263, -1400}, 0, {991, -2000}, {0, 127, 0, 255} }},
	{{ {-3493, 263, -1000}, 0, {1, -2000}, {0, 127, 0, 255} }},
	{{ {-2591, 263, -1400}, 0, {991, 231}, {0, 127, 0, 255} }},
	{{ {-2191, 263, -1400}, 0, {991, 1220}, {0, 127, 0, 255} }},
	{{ {-2191, 263, -1000}, 0, {1, 1220}, {0, 127, 0, 255} }},
	{{ {-1061, 263, -1000}, 0, {1, 4016}, {0, 127, 0, 255} }},
	{{ {-1061, 263, -1400}, 0, {991, 4016}, {0, 127, 0, 255} }},
	{{ {-661, 263, -1400}, 0, {991, 5005}, {0, 127, 0, 255} }},
	{{ {-661, 263, -1000}, 0, {1, 5005}, {0, 127, 0, 255} }},
	{{ {-3893, 263, -1400}, 0, {3, 1500}, {0, 127, 0, 255} }},
	{{ {-3493, 263, -1400}, 0, {989, 1500}, {0, 127, 0, 255} }},
	{{ {-3493, 263, -1654}, 0, {989, 874}, {0, 127, 0, 255} }},
	{{ {-3893, 263, -1654}, 0, {3, 874}, {0, 127, 0, 255} }},
	{{ {-3493, 263, -2004}, 0, {989, 12}, {0, 127, 0, 255} }},
	{{ {-3893, 263, -2004}, 0, {3, 12}, {0, 127, 0, 255} }},
	{{ {-2191, 263, 250}, 0, {1001, -273}, {0, 127, 0, 255} }},
	{{ {-2591, 263, 250}, 0, {-9, -273}, {0, 127, 0, 255} }},
	{{ {-2591, 263, 1000}, 0, {-9, 1621}, {0, 127, 0, 255} }},
	{{ {-2191, 263, 1000}, 0, {1001, 1621}, {0, 127, 0, 255} }},
	{{ {-2191, 944, -200}, 0, {1026, 105}, {0, 0, 127, 255} }},
	{{ {-2591, 944, -200}, 0, {-34, 105}, {0, 0, 127, 255} }},
	{{ {-2591, 526, -200}, 0, {-34, 1213}, {0, 0, 127, 255} }},
	{{ {-2191, 263, -200}, 0, {1026, 1911}, {0, 0, 127, 255} }},
	{{ {-2591, 263, -200}, 0, {-34, 1911}, {0, 0, 127, 255} }},
	{{ {-2191, 263, 200}, 0, {1026, 1911}, {0, 0, 129, 255} }},
	{{ {-2591, 263, 200}, 0, {-34, 1911}, {0, 0, 129, 255} }},
	{{ {-2591, 526, 200}, 0, {-34, 1213}, {0, 0, 129, 255} }},
	{{ {-2191, 944, 200}, 0, {1026, 105}, {0, 0, 129, 255} }},
	{{ {-2591, 944, 200}, 0, {-34, 105}, {0, 0, 129, 255} }},
	{{ {-2191, 944, -200}, 0, {-16, 2032}, {0, 129, 0, 255} }},
	{{ {-2191, 944, 200}, 0, {1008, 2032}, {0, 129, 0, 255} }},
	{{ {-2591, 944, 200}, 0, {1008, -16}, {0, 129, 0, 255} }},
	{{ {-2591, 944, -200}, 0, {-16, -16}, {0, 129, 0, 255} }},
	{{ {-2591, 944, 200}, 0, {-16, 2032}, {0, 129, 0, 255} }},
	{{ {-3066, 944, 200}, 0, {1008, 2032}, {0, 129, 0, 255} }},
	{{ {-3066, 944, -200}, 0, {1008, -16}, {0, 129, 0, 255} }},
	{{ {-2191, 997, 200}, 0, {-39, 3459}, {0, 127, 0, 255} }},
	{{ {-2191, 997, -200}, 0, {1031, 3459}, {0, 127, 0, 255} }},
	{{ {-2591, 997, -200}, 0, {1031, 2390}, {0, 127, 0, 255} }},
	{{ {-2591, 997, 200}, 0, {-39, 2390}, {0, 127, 0, 255} }},
	{{ {-3066, 997, -200}, 0, {1031, 1120}, {0, 127, 0, 255} }},
	{{ {-3066, 997, 200}, 0, {-39, 1120}, {0, 127, 0, 255} }},
	{{ {-4025, 997, -200}, 0, {1031, -1443}, {0, 127, 0, 255} }},
	{{ {-4025, 997, 200}, 0, {-39, -1443}, {0, 127, 0, 255} }},
	{{ {-3066, 944, 200}, 0, {983, 2357}, {0, 0, 129, 255} }},
	{{ {-4067, 526, 200}, 0, {2, 9}, {0, 0, 129, 255} }},
	{{ {-4067, 944, 200}, 0, {983, 9}, {0, 0, 129, 255} }},
	{{ {-3066, 526, 200}, 0, {2, 2357}, {0, 0, 129, 255} }},
	{{ {-2591, 944, 200}, 0, {983, 3472}, {0, 0, 129, 255} }},
	{{ {-2591, 526, 200}, 0, {2, 3472}, {0, 0, 129, 255} }},
	{{ {-3066, 526, -200}, 0, {2, 2357}, {0, 0, 127, 255} }},
	{{ {-4067, 944, -200}, 0, {983, 9}, {0, 0, 127, 255} }},
	{{ {-4067, 526, -200}, 0, {2, 9}, {0, 0, 127, 255} }},
	{{ {-3066, 944, -200}, 0, {983, 2357}, {0, 0, 127, 255} }},
	{{ {-2591, 944, -200}, 0, {983, 3472}, {0, 0, 127, 255} }},
	{{ {-2591, 526, -200}, 0, {2, 3472}, {0, 0, 127, 255} }},
	{{ {-3066, 944, -200}, 0, {-16, 2032}, {0, 129, 0, 255} }},
	{{ {-4067, 944, 200}, 0, {1008, -16}, {0, 129, 0, 255} }},
	{{ {-4067, 944, -200}, 0, {-16, -16}, {0, 129, 0, 255} }},
	{{ {-4067, 526, -200}, 0, {2, 1285}, {129, 0, 3, 255} }},
	{{ {-4067, 944, -200}, 0, {983, 1285}, {129, 0, 3, 255} }},
	{{ {-4075, 947, -526}, 0, {990, 2050}, {129, 0, 3, 255} }},
	{{ {-4075, 529, -526}, 0, {9, 2050}, {129, 0, 3, 255} }},
	{{ {-4075, 529, -526}, 0, {9, -10}, {0, 0, 127, 255} }},
	{{ {-4075, 947, -526}, 0, {990, -10}, {0, 0, 127, 255} }},
	{{ {-4854, 947, -526}, 0, {990, -1840}, {0, 0, 127, 255} }},
	{{ {-4854, 529, -526}, 0, {9, -1840}, {0, 0, 127, 255} }},
	{{ {-4854, 529, 526}, 0, {9, -1840}, {0, 0, 129, 255} }},
	{{ {-4854, 947, 526}, 0, {990, -1840}, {0, 0, 129, 255} }},
	{{ {-4075, 947, 526}, 0, {990, -10}, {0, 0, 129, 255} }},
	{{ {-4075, 529, 526}, 0, {9, -10}, {0, 0, 129, 255} }},
	{{ {-4075, 529, 526}, 0, {9, -418}, {129, 0, 253, 255} }},
	{{ {-4075, 947, 526}, 0, {990, -418}, {129, 0, 253, 255} }},
	{{ {-4067, 944, 200}, 0, {983, 347}, {129, 0, 253, 255} }},
	{{ {-4067, 526, 200}, 0, {2, 347}, {129, 0, 253, 255} }},
	{{ {-2591, 526, -250}, 0, {197, 1244}, {0, 0, 129, 255} }},
	{{ {-2591, 947, -250}, 0, {197, -16}, {0, 0, 129, 255} }},
	{{ {-2191, 947, -250}, 0, {795, -16}, {0, 0, 129, 255} }},
	{{ {-2191, 526, -250}, 0, {795, 1244}, {0, 0, 129, 255} }},
	{{ {-2191, 263, -250}, 0, {795, 2032}, {0, 0, 129, 255} }},
	{{ {-2591, 263, -250}, 0, {197, 2032}, {0, 0, 129, 255} }},
	{{ {-4067, 944, 200}, 0, {53, 496}, {0, 129, 0, 255} }},
	{{ {-4075, 947, 526}, 0, {496, -16}, {0, 129, 0, 255} }},
	{{ {-4854, 947, 526}, 0, {939, 496}, {0, 129, 0, 255} }},
	{{ {-4075, 947, -526}, 0, {496, 2032}, {0, 129, 0, 255} }},
	{{ {-4854, 947, -526}, 0, {939, 1520}, {0, 129, 0, 255} }},
	{{ {-4067, 944, -200}, 0, {53, 1520}, {0, 129, 0, 255} }},
	{{ {-4075, 997, -526}, 0, {1524, -379}, {0, 127, 0, 255} }},
	{{ {-4854, 997, -526}, 0, {-532, -379}, {0, 127, 0, 255} }},
	{{ {-4854, 997, 526}, 0, {-532, 2395}, {0, 127, 0, 255} }},
	{{ {-4075, 997, 526}, 0, {1524, 2395}, {0, 127, 0, 255} }},
	{{ {-2191, 944, -200}, 0, {1026, 105}, {129, 0, 0, 255} }},
	{{ {-2191, 263, -200}, 0, {1026, 1911}, {129, 0, 0, 255} }},
	{{ {-2191, 263, 200}, 0, {-34, 1911}, {129, 0, 0, 255} }},
	{{ {-2191, 944, 200}, 0, {-34, 105}, {129, 0, 0, 255} }},
	{{ {-2141, 947, -200}, 0, {-16, 2032}, {127, 0, 0, 255} }},
	{{ {-2141, 947, 200}, 0, {1008, 2032}, {127, 0, 0, 255} }},
	{{ {-2141, 263, 200}, 0, {1008, -16}, {127, 0, 0, 255} }},
	{{ {-2141, 263, -200}, 0, {-16, -16}, {127, 0, 0, 255} }},
	{{ {-2191, 947, 250}, 0, {-16, 2032}, {0, 0, 127, 255} }},
	{{ {-2591, 947, 250}, 0, {1008, 2032}, {0, 0, 127, 255} }},
	{{ {-2591, 263, 250}, 0, {1008, -16}, {0, 0, 127, 255} }},
	{{ {-2191, 263, 250}, 0, {-16, -16}, {0, 0, 127, 255} }},
	{{ {-3066, 947, 250}, 0, {1010, 3016}, {0, 0, 127, 255} }},
	{{ {-2591, 526, 250}, 0, {-18, 4177}, {0, 0, 127, 255} }},
	{{ {-2591, 947, 250}, 0, {1010, 4177}, {0, 0, 127, 255} }},
	{{ {-3066, 526, 250}, 0, {-18, 3016}, {0, 0, 127, 255} }},
	{{ {-4025, 947, 250}, 0, {1010, 673}, {0, 0, 127, 255} }},
	{{ {-4025, 526, 250}, 0, {-18, 673}, {0, 0, 127, 255} }},
	{{ {-3066, 526, -250}, 0, {-18, 3016}, {0, 0, 129, 255} }},
	{{ {-2591, 947, -250}, 0, {1010, 4177}, {0, 0, 129, 255} }},
	{{ {-2591, 526, -250}, 0, {-18, 4177}, {0, 0, 129, 255} }},
	{{ {-3066, 947, -250}, 0, {1010, 3016}, {0, 0, 129, 255} }},
	{{ {-4025, 526, -250}, 0, {-18, 673}, {0, 0, 129, 255} }},
	{{ {-4025, 947, -250}, 0, {1010, 673}, {0, 0, 129, 255} }},
	{{ {-4075, 947, -576}, 0, {1010, 551}, {0, 0, 129, 255} }},
	{{ {-4075, 526, -576}, 0, {-18, 551}, {0, 0, 129, 255} }},
	{{ {-4854, 526, -576}, 0, {-18, -1355}, {0, 0, 129, 255} }},
	{{ {-4854, 947, -576}, 0, {1010, -1355}, {0, 0, 129, 255} }},
	{{ {-4854, 947, 576}, 0, {1010, -1355}, {0, 0, 127, 255} }},
	{{ {-4854, 526, 576}, 0, {-18, -1355}, {0, 0, 127, 255} }},
	{{ {-4075, 526, 576}, 0, {-18, 551}, {0, 0, 127, 255} }},
	{{ {-4075, 947, 576}, 0, {1010, 551}, {0, 0, 127, 255} }},
	{{ {-4025, 526, -526}, 0, {-18, 2697}, {127, 0, 0, 255} }},
	{{ {-4025, 947, -526}, 0, {1010, 2697}, {127, 0, 0, 255} }},
	{{ {-4025, 947, -250}, 0, {1010, 2022}, {127, 0, 0, 255} }},
	{{ {-4025, 526, -250}, 0, {-18, 2022}, {127, 0, 0, 255} }},
	{{ {-4025, 947, 526}, 0, {1010, 126}, {127, 0, 0, 255} }},
	{{ {-4025, 526, 526}, 0, {-18, 126}, {127, 0, 0, 255} }},
	{{ {-4025, 526, 250}, 0, {-18, 800}, {127, 0, 0, 255} }},
	{{ {-4025, 947, 250}, 0, {1010, 800}, {127, 0, 0, 255} }},
	{{ {-3493, 457, 1400}, 0, {-16, 2032}, {0, 0, 129, 255} }},
	{{ {-2641, 457, 1400}, 0, {1008, 2032}, {0, 0, 129, 255} }},
	{{ {-2641, 263, 1400}, 0, {1008, -16}, {0, 0, 129, 255} }},
	{{ {-3493, 263, 1400}, 0, {-16, -16}, {0, 0, 129, 255} }},
	{{ {-2641, 457, 1400}, 0, {-16, 2032}, {129, 0, 0, 255} }},
	{{ {-2641, 457, 1000}, 0, {1008, 2032}, {129, 0, 0, 255} }},
	{{ {-2641, 263, 1000}, 0, {1008, -16}, {129, 0, 0, 255} }},
	{{ {-2641, 263, 1400}, 0, {-16, -16}, {129, 0, 0, 255} }},
	{{ {-2641, 457, 1450}, 0, {-16, -16}, {0, 0, 127, 255} }},
	{{ {-3493, 457, 1450}, 0, {-16, 2032}, {0, 0, 127, 255} }},
	{{ {-3493, 263, 1450}, 0, {1008, 2032}, {0, 0, 127, 255} }},
	{{ {-2641, 263, 1450}, 0, {1008, -16}, {0, 0, 127, 255} }},
	{{ {-2591, 457, 1000}, 0, {-16, 1008}, {127, 0, 0, 255} }},
	{{ {-2591, 457, 1400}, 0, {1008, 1008}, {127, 0, 0, 255} }},
	{{ {-2591, 263, 1400}, 0, {1008, -16}, {127, 0, 0, 255} }},
	{{ {-2591, 263, 1000}, 0, {-16, -16}, {127, 0, 0, 255} }},
	{{ {-3493, 507, 1000}, 0, {-16, 2032}, {0, 127, 0, 255} }},
	{{ {-3493, 507, 1400}, 0, {1008, 2032}, {0, 127, 0, 255} }},
	{{ {-2641, 507, 1400}, 0, {1008, -16}, {0, 127, 0, 255} }},
	{{ {-2641, 507, 1000}, 0, {-16, -16}, {0, 127, 0, 255} }},
	{{ {-4579, 947, -2004}, 0, {782, 29}, {0, 0, 127, 255} }},
	{{ {-4579, 263, -2004}, 0, {165, 29}, {0, 0, 127, 255} }},
	{{ {-3493, 263, -2004}, 0, {165, 1987}, {0, 0, 127, 255} }},
	{{ {-3493, 947, -2004}, 0, {782, 1987}, {0, 0, 127, 255} }},
	{{ {-4579, 947, -2973}, 0, {-16, 2032}, {0, 129, 0, 255} }},
	{{ {-3493, 947, -2973}, 0, {1008, 2032}, {0, 129, 0, 255} }},
	{{ {-3493, 947, -2054}, 0, {1008, -16}, {0, 129, 0, 255} }},
	{{ {-4579, 947, -2054}, 0, {-16, -16}, {0, 129, 0, 255} }},
	{{ {-4579, 997, -2973}, 0, {930, -16}, {0, 127, 0, 255} }},
	{{ {-4579, 997, -2054}, 0, {62, -16}, {0, 127, 0, 255} }},
	{{ {-3493, 997, -2054}, 0, {62, 2032}, {0, 127, 0, 255} }},
	{{ {-3493, 997, -2973}, 0, {930, 2032}, {0, 127, 0, 255} }},
	{{ {-3443, 947, -2054}, 0, {782, 269}, {127, 0, 0, 255} }},
	{{ {-3443, 263, -2054}, 0, {165, 269}, {127, 0, 0, 255} }},
	{{ {-3443, 263, -2973}, 0, {165, 1927}, {127, 0, 0, 255} }},
	{{ {-3443, 947, -2973}, 0, {782, 1927}, {127, 0, 0, 255} }},
	{{ {-3493, 947, -2054}, 0, {-16, 2032}, {0, 0, 129, 255} }},
	{{ {-3493, 263, -2054}, 0, {1008, 2032}, {0, 0, 129, 255} }},
	{{ {-4579, 263, -2054}, 0, {1008, -16}, {0, 0, 129, 255} }},
	{{ {-4579, 947, -2054}, 0, {-16, -16}, {0, 0, 129, 255} }},
	{{ {-3493, 947, -2973}, 0, {-16, 2032}, {129, 0, 0, 255} }},
	{{ {-3493, 263, -2973}, 0, {1008, 2032}, {129, 0, 0, 255} }},
	{{ {-3493, 263, -2054}, 0, {1008, -16}, {129, 0, 0, 255} }},
	{{ {-3493, 947, -2054}, 0, {-16, -16}, {129, 0, 0, 255} }},
	{{ {-4186, 947, 1909}, 0, {782, 29}, {0, 0, 129, 255} }},
	{{ {-3100, 947, 1909}, 0, {782, 1987}, {0, 0, 129, 255} }},
	{{ {-3100, 263, 1909}, 0, {165, 1987}, {0, 0, 129, 255} }},
	{{ {-4186, 263, 1909}, 0, {165, 29}, {0, 0, 129, 255} }},
	{{ {-4186, 947, 3000}, 0, {-16, 2032}, {0, 129, 0, 255} }},
	{{ {-4186, 947, 1959}, 0, {1008, 2032}, {0, 129, 0, 255} }},
	{{ {-3100, 947, 1959}, 0, {1008, -16}, {0, 129, 0, 255} }},
	{{ {-3100, 947, 3000}, 0, {-16, -16}, {0, 129, 0, 255} }},
	{{ {-4186, 997, 3000}, 0, {-16, 2032}, {0, 127, 0, 255} }},
	{{ {-3100, 997, 3000}, 0, {1008, 2032}, {0, 127, 0, 255} }},
	{{ {-3100, 997, 1959}, 0, {1008, -16}, {0, 127, 0, 255} }},
	{{ {-4186, 997, 1959}, 0, {-16, -16}, {0, 127, 0, 255} }},
	{{ {-3050, 947, 1959}, 0, {782, 1947}, {127, 0, 0, 255} }},
	{{ {-3050, 947, 3000}, 0, {782, 69}, {127, 0, 0, 255} }},
	{{ {-3050, 263, 3000}, 0, {165, 69}, {127, 0, 0, 255} }},
	{{ {-3050, 263, 1959}, 0, {165, 1947}, {127, 0, 0, 255} }},
	{{ {-3100, 947, 1959}, 0, {-16, -16}, {0, 0, 127, 255} }},
	{{ {-4186, 947, 1959}, 0, {-16, 2032}, {0, 0, 127, 255} }},
	{{ {-4186, 263, 1959}, 0, {1008, 2032}, {0, 0, 127, 255} }},
	{{ {-3100, 263, 1959}, 0, {1008, -16}, {0, 0, 127, 255} }},
	{{ {-3100, 947, 3000}, 0, {-16, -16}, {129, 0, 0, 255} }},
	{{ {-3100, 947, 1959}, 0, {-16, 2032}, {129, 0, 0, 255} }},
	{{ {-3100, 263, 1959}, 0, {1008, 2032}, {129, 0, 0, 255} }},
	{{ {-3100, 263, 3000}, 0, {1008, -16}, {129, 0, 0, 255} }},
	{{ {-1128, 263, 1000}, 0, {-22, -45}, {0, 127, 0, 255} }},
	{{ {-728, 263, 1000}, 0, {1014, -45}, {0, 127, 0, 255} }},
	{{ {-728, 263, 772}, 0, {1014, -636}, {0, 127, 0, 255} }},
	{{ {-1128, 263, 772}, 0, {-22, -636}, {0, 127, 0, 255} }},
	{{ {-1128, 263, 772}, 0, {-16, 1161}, {0, 127, 0, 255} }},
	{{ {-728, 263, 772}, 0, {-16, 2185}, {0, 127, 0, 255} }},
	{{ {-546, 263, 372}, 0, {1008, 2651}, {0, 127, 0, 255} }},
	{{ {-946, 263, 372}, 0, {1008, 1627}, {0, 127, 0, 255} }},
	{{ {-946, 263, 372}, 0, {1008, 1627}, {0, 127, 0, 255} }},
	{{ {-1575, 263, 372}, 0, {1008, 17}, {0, 127, 0, 255} }},
	{{ {-1575, 263, 772}, 0, {-16, 17}, {0, 127, 0, 255} }},
	{{ {-1975, 263, 372}, 0, {1008, -1007}, {0, 127, 0, 255} }},
	{{ {-1975, 263, 772}, 0, {-16, -1007}, {0, 127, 0, 255} }},
	{{ {-728, 263, 772}, 0, {-16, 2185}, {0, 127, 0, 255} }},
	{{ {-400, 263, 772}, 0, {-16, 3023}, {0, 127, 0, 255} }},
	{{ {-400, 263, 372}, 0, {1008, 3023}, {0, 127, 0, 255} }},
	{{ {-1128, 263, 1000}, 0, {1005, 2362}, {0, 127, 0, 255} }},
	{{ {-1128, 263, 1400}, 0, {-13, 2362}, {0, 127, 0, 255} }},
	{{ {-728, 263, 1400}, 0, {-13, 3380}, {0, 127, 0, 255} }},
	{{ {-728, 263, 1000}, 0, {1005, 3380}, {0, 127, 0, 255} }},
	{{ {-728, 263, 1400}, 0, {1014, 991}, {0, 127, 0, 255} }},
	{{ {-1128, 263, 1400}, 0, {-22, 991}, {0, 127, 0, 255} }},
	{{ {-1128, 263, 1800}, 0, {-22, 2027}, {0, 127, 0, 255} }},
	{{ {-728, 263, 1800}, 0, {1014, 2027}, {0, 127, 0, 255} }},
	{{ {-2191, 263, -250}, 0, {1001, -1535}, {0, 127, 0, 255} }},
	{{ {-2191, 263, -1000}, 0, {1001, -3429}, {0, 127, 0, 255} }},
	{{ {-2591, 263, -1000}, 0, {-9, -3429}, {0, 127, 0, 255} }},
	{{ {-2591, 263, -250}, 0, {-9, -1535}, {0, 127, 0, 255} }},
	{{ {-400, 263, 200}, 0, {-10, 3273}, {0, 127, 0, 255} }},
	{{ {-400, 263, -200}, 0, {1002, 3273}, {0, 127, 0, 255} }},
	{{ {-2141, 263, -200}, 0, {1002, -1131}, {0, 127, 0, 255} }},
	{{ {-2141, 263, 200}, 0, {-10, -1131}, {0, 127, 0, 255} }},
};

Gfx rmaze_rmaze_mesh_layer_5_tri_0[] = {
	gsSPVertex(rmaze_rmaze_mesh_layer_5_vtx_0 + 0, 32, 0),
	gsSP2Triangles(0, 1, 2, 0, 0, 3, 1, 0),
	gsSP2Triangles(4, 1, 3, 0, 4, 5, 1, 0),
	gsSP2Triangles(4, 6, 5, 0, 7, 5, 6, 0),
	gsSP2Triangles(8, 9, 10, 0, 8, 10, 11, 0),
	gsSP2Triangles(11, 10, 12, 0, 11, 12, 13, 0),
	gsSP2Triangles(14, 15, 16, 0, 14, 16, 17, 0),
	gsSP2Triangles(18, 14, 17, 0, 18, 19, 14, 0),
	gsSP2Triangles(20, 21, 22, 0, 20, 22, 23, 0),
	gsSP2Triangles(24, 25, 26, 0, 24, 26, 27, 0),
	gsSP2Triangles(28, 29, 30, 0, 28, 31, 29, 0),
	gsSPVertex(rmaze_rmaze_mesh_layer_5_vtx_0 + 32, 30, 0),
	gsSP2Triangles(0, 1, 2, 0, 0, 3, 1, 0),
	gsSP2Triangles(0, 4, 3, 0, 0, 5, 4, 0),
	gsSP2Triangles(4, 5, 6, 0, 4, 6, 7, 0),
	gsSP2Triangles(6, 8, 7, 0, 6, 9, 8, 0),
	gsSP2Triangles(10, 11, 12, 0, 10, 12, 13, 0),
	gsSP2Triangles(13, 12, 14, 0, 13, 14, 15, 0),
	gsSP2Triangles(16, 17, 18, 0, 16, 18, 19, 0),
	gsSP2Triangles(20, 21, 22, 0, 22, 23, 20, 0),
	gsSP2Triangles(22, 24, 23, 0, 25, 26, 27, 0),
	gsSP2Triangles(27, 28, 25, 0, 27, 29, 28, 0),
	gsSPVertex(rmaze_rmaze_mesh_layer_5_vtx_0 + 62, 30, 0),
	gsSP2Triangles(0, 1, 2, 0, 0, 2, 3, 0),
	gsSP2Triangles(4, 5, 6, 0, 4, 6, 3, 0),
	gsSP2Triangles(7, 8, 9, 0, 7, 9, 10, 0),
	gsSP2Triangles(10, 9, 11, 0, 10, 11, 12, 0),
	gsSP2Triangles(12, 11, 13, 0, 12, 13, 14, 0),
	gsSP2Triangles(15, 16, 17, 0, 15, 18, 16, 0),
	gsSP2Triangles(19, 18, 15, 0, 20, 18, 19, 0),
	gsSP2Triangles(20, 18, 18, 0, 21, 22, 23, 0),
	gsSP2Triangles(21, 24, 22, 0, 21, 25, 24, 0),
	gsSP2Triangles(21, 21, 25, 0, 21, 26, 25, 0),
	gsSP2Triangles(27, 5, 28, 0, 27, 28, 29, 0),
	gsSPVertex(rmaze_rmaze_mesh_layer_5_vtx_0 + 92, 32, 0),
	gsSP2Triangles(0, 1, 2, 0, 0, 2, 3, 0),
	gsSP2Triangles(4, 5, 6, 0, 4, 6, 7, 0),
	gsSP2Triangles(8, 9, 10, 0, 8, 10, 11, 0),
	gsSP2Triangles(12, 13, 14, 0, 12, 14, 15, 0),
	gsSP2Triangles(16, 17, 18, 0, 16, 18, 19, 0),
	gsSP2Triangles(16, 19, 20, 0, 16, 20, 21, 0),
	gsSP2Triangles(22, 23, 24, 0, 24, 25, 22, 0),
	gsSP2Triangles(24, 26, 25, 0, 25, 27, 22, 0),
	gsSP2Triangles(28, 29, 30, 0, 28, 30, 31, 0),
	gsSPVertex(rmaze_rmaze_mesh_layer_5_vtx_0 + 124, 32, 0),
	gsSP2Triangles(0, 1, 2, 0, 0, 2, 3, 0),
	gsSP2Triangles(4, 5, 6, 0, 4, 6, 7, 0),
	gsSP2Triangles(8, 9, 10, 0, 8, 10, 11, 0),
	gsSP2Triangles(12, 13, 14, 0, 12, 15, 13, 0),
	gsSP2Triangles(16, 15, 12, 0, 16, 17, 15, 0),
	gsSP2Triangles(18, 19, 20, 0, 18, 21, 19, 0),
	gsSP2Triangles(22, 21, 18, 0, 22, 23, 21, 0),
	gsSP2Triangles(24, 25, 26, 0, 24, 26, 27, 0),
	gsSP2Triangles(28, 29, 30, 0, 28, 30, 31, 0),
	gsSPVertex(rmaze_rmaze_mesh_layer_5_vtx_0 + 156, 32, 0),
	gsSP2Triangles(0, 1, 2, 0, 0, 2, 3, 0),
	gsSP2Triangles(4, 5, 6, 0, 4, 6, 7, 0),
	gsSP2Triangles(8, 9, 10, 0, 8, 10, 11, 0),
	gsSP2Triangles(12, 13, 14, 0, 12, 14, 15, 0),
	gsSP2Triangles(16, 17, 18, 0, 16, 18, 19, 0),
	gsSP2Triangles(20, 21, 22, 0, 20, 22, 23, 0),
	gsSP2Triangles(24, 25, 26, 0, 24, 26, 27, 0),
	gsSP2Triangles(28, 29, 30, 0, 28, 30, 31, 0),
	gsSPVertex(rmaze_rmaze_mesh_layer_5_vtx_0 + 188, 32, 0),
	gsSP2Triangles(0, 1, 2, 0, 0, 2, 3, 0),
	gsSP2Triangles(4, 5, 6, 0, 4, 6, 7, 0),
	gsSP2Triangles(8, 9, 10, 0, 8, 10, 11, 0),
	gsSP2Triangles(12, 13, 14, 0, 12, 14, 15, 0),
	gsSP2Triangles(16, 17, 18, 0, 16, 18, 19, 0),
	gsSP2Triangles(20, 21, 22, 0, 20, 22, 23, 0),
	gsSP2Triangles(24, 25, 26, 0, 24, 26, 27, 0),
	gsSP2Triangles(28, 29, 30, 0, 28, 30, 31, 0),
	gsSPVertex(rmaze_rmaze_mesh_layer_5_vtx_0 + 220, 32, 0),
	gsSP2Triangles(0, 1, 2, 0, 0, 2, 3, 0),
	gsSP2Triangles(4, 5, 6, 0, 4, 6, 7, 0),
	gsSP2Triangles(8, 9, 10, 0, 8, 10, 11, 0),
	gsSP2Triangles(12, 13, 14, 0, 12, 14, 15, 0),
	gsSP2Triangles(16, 17, 18, 0, 16, 18, 19, 0),
	gsSP2Triangles(16, 20, 21, 0, 16, 21, 22, 0),
	gsSP2Triangles(22, 21, 23, 0, 22, 23, 24, 0),
	gsSP2Triangles(18, 25, 26, 0, 18, 26, 27, 0),
	gsSP2Triangles(28, 29, 30, 0, 28, 30, 31, 0),
	gsSPVertex(rmaze_rmaze_mesh_layer_5_vtx_0 + 252, 12, 0),
	gsSP2Triangles(0, 1, 2, 0, 0, 2, 3, 0),
	gsSP2Triangles(4, 5, 6, 0, 4, 6, 7, 0),
	gsSP2Triangles(8, 9, 10, 0, 8, 10, 11, 0),
	gsSPEndDisplayList(),
};


Gfx mat_rmaze_dungeontiles[] = {
	gsSPClearGeometryMode(G_LIGHTING),
	gsDPPipeSync(),
	gsDPSetCombineLERP(TEXEL0, 0, SHADE, 0, ENVIRONMENT, 0, SHADE, 0, TEXEL0, 0, SHADE, 0, ENVIRONMENT, 0, SHADE, 0),
	gsDPSetAlphaDither(G_AD_NOISE),
	gsSPTexture(65535, 65535, 0, 0, 1),
	gsDPSetTextureImage(G_IM_FMT_RGBA, G_IM_SIZ_16b_LOAD_BLOCK, 1, gDungeonTextureTile),
	gsDPSetTile(G_IM_FMT_RGBA, G_IM_SIZ_16b_LOAD_BLOCK, 0, 0, 7, 0, G_TX_WRAP | G_TX_NOMIRROR, 0, 0, G_TX_WRAP | G_TX_NOMIRROR, 0, 0),
	gsDPLoadBlock(7, 0, 0, 1023, 256),
	gsDPSetTile(G_IM_FMT_RGBA, G_IM_SIZ_16b, 8, 0, 0, 0, G_TX_WRAP | G_TX_NOMIRROR, 5, 0, G_TX_WRAP | G_TX_NOMIRROR, 5, 0),
	gsDPSetTileSize(0, 0, 0, 124, 124),
	gsSPEndDisplayList(),
};

Gfx mat_revert_rmaze_dungeontiles[] = {
	gsSPSetGeometryMode(G_LIGHTING),
	gsDPPipeSync(),
	gsDPSetAlphaDither(G_AD_DISABLE),
	gsSPEndDisplayList(),
};

Gfx mat_rmaze_pillar[] = {
	gsSPClearGeometryMode(G_LIGHTING),
	gsDPPipeSync(),
	gsDPSetCombineLERP(TEXEL0, 0, SHADE, 0, ENVIRONMENT, 0, SHADE, 0, TEXEL0, 0, SHADE, 0, ENVIRONMENT, 0, SHADE, 0),
	gsDPSetAlphaDither(G_AD_NOISE),
	gsSPTexture(65535, 65535, 0, 0, 1),
	gsDPSetTextureImage(G_IM_FMT_I, G_IM_SIZ_8b_LOAD_BLOCK, 1, rmaze_uzu_i8),
	gsDPSetTile(G_IM_FMT_I, G_IM_SIZ_8b_LOAD_BLOCK, 0, 0, 7, 0, G_TX_WRAP | G_TX_NOMIRROR, 0, 0, G_TX_WRAP | G_TX_NOMIRROR, 0, 0),
	gsDPLoadBlock(7, 0, 0, 2047, 256),
	gsDPSetTile(G_IM_FMT_I, G_IM_SIZ_8b, 8, 0, 0, 0, G_TX_WRAP | G_TX_NOMIRROR, 6, 0, G_TX_WRAP | G_TX_NOMIRROR, 6, 0),
	gsDPSetTileSize(0, 0, 0, 252, 252),
	gsSPEndDisplayList(),
};

Gfx mat_revert_rmaze_pillar[] = {
	gsSPSetGeometryMode(G_LIGHTING),
	gsDPPipeSync(),
	gsDPSetAlphaDither(G_AD_DISABLE),
	gsSPEndDisplayList(),
};

Gfx mat_rmaze_castletrim[] = {
	gsSPClearGeometryMode(G_LIGHTING),
	gsDPPipeSync(),
	gsDPSetCombineLERP(TEXEL0, 0, SHADE, 0, ENVIRONMENT, 0, SHADE, 0, TEXEL0, 0, SHADE, 0, ENVIRONMENT, 0, SHADE, 0),
	gsDPSetAlphaDither(G_AD_NOISE),
	gsDPSetTextureLUT(G_TT_RGBA16),
	gsSPTexture(65535, 65535, 0, 0, 1),
	gsDPSetTextureImage(G_IM_FMT_RGBA, G_IM_SIZ_16b, 1, rmaze_trim_pal_rgba16),
	gsDPSetTile(0, 0, 0, 256, 5, 0, G_TX_WRAP | G_TX_NOMIRROR, 0, 0, G_TX_WRAP | G_TX_NOMIRROR, 0, 0),
	gsDPLoadTLUTCmd(5, 115),
	gsDPSetTextureImage(G_IM_FMT_CI, G_IM_SIZ_8b_LOAD_BLOCK, 1, rmaze_trim_ci8),
	gsDPSetTile(G_IM_FMT_CI, G_IM_SIZ_8b_LOAD_BLOCK, 0, 0, 7, 0, G_TX_WRAP | G_TX_NOMIRROR, 0, 0, G_TX_WRAP | G_TX_NOMIRROR, 0, 0),
	gsDPLoadBlock(7, 0, 0, 511, 512),
	gsDPSetTile(G_IM_FMT_CI, G_IM_SIZ_8b, 4, 0, 0, 0, G_TX_WRAP | G_TX_NOMIRROR, 5, 0, G_TX_WRAP | G_TX_NOMIRROR, 5, 0),
	gsDPSetTileSize(0, 0, 0, 124, 124),
	gsSPEndDisplayList(),
};

Gfx mat_revert_rmaze_castletrim[] = {
	gsSPSetGeometryMode(G_LIGHTING),
	gsDPPipeSync(),
	gsDPSetAlphaDither(G_AD_DISABLE),
	gsDPSetTextureLUT(G_TT_NONE),
	gsSPEndDisplayList(),
};

Gfx mat_rmaze_dungeonAltWall[] = {
	gsSPClearGeometryMode(G_LIGHTING),
	gsDPPipeSync(),
	gsDPSetCombineLERP(TEXEL0, 0, SHADE, 0, ENVIRONMENT, 0, SHADE, 0, TEXEL0, 0, SHADE, 0, ENVIRONMENT, 0, SHADE, 0),
	gsDPSetAlphaDither(G_AD_NOISE),
	gsSPTexture(65535, 65535, 0, 0, 1),
	gsDPSetTextureImage(G_IM_FMT_RGBA, G_IM_SIZ_16b_LOAD_BLOCK, 1, gDungeonTextureAltWall),
	gsDPSetTile(G_IM_FMT_RGBA, G_IM_SIZ_16b_LOAD_BLOCK, 0, 0, 7, 0, G_TX_WRAP | G_TX_NOMIRROR, 0, 0, G_TX_WRAP | G_TX_NOMIRROR, 0, 0),
	gsDPLoadBlock(7, 0, 0, 2047, 256),
	gsDPSetTile(G_IM_FMT_RGBA, G_IM_SIZ_16b, 8, 0, 0, 0, G_TX_WRAP | G_TX_NOMIRROR, 6, 0, G_TX_WRAP | G_TX_NOMIRROR, 5, 0),
	gsDPSetTileSize(0, 0, 0, 124, 252),
	gsSPEndDisplayList(),
};

Gfx mat_revert_rmaze_dungeonAltWall[] = {
	gsSPSetGeometryMode(G_LIGHTING),
	gsDPPipeSync(),
	gsDPSetAlphaDither(G_AD_DISABLE),
	gsSPEndDisplayList(),
};

Gfx mat_rmaze_brownbrick2[] = {
	gsSPClearGeometryMode(G_LIGHTING),
	gsDPPipeSync(),
	gsDPSetCombineLERP(TEXEL0, 0, SHADE, 0, ENVIRONMENT, 0, SHADE, 0, TEXEL0, 0, SHADE, 0, ENVIRONMENT, 0, SHADE, 0),
	gsDPSetAlphaDither(G_AD_NOISE),
	gsDPSetTextureLUT(G_TT_RGBA16),
	gsSPTexture(65535, 65535, 0, 0, 1),
	gsDPSetTextureImage(G_IM_FMT_RGBA, G_IM_SIZ_16b, 1, rmaze_brick2_pal_rgba16),
	gsDPSetTile(0, 0, 0, 256, 5, 0, G_TX_WRAP | G_TX_NOMIRROR, 0, 0, G_TX_WRAP | G_TX_NOMIRROR, 0, 0),
	gsDPLoadTLUTCmd(5, 40),
	gsDPSetTextureImage(G_IM_FMT_CI, G_IM_SIZ_8b_LOAD_BLOCK, 1, rmaze_brick2_ci8),
	gsDPSetTile(G_IM_FMT_CI, G_IM_SIZ_8b_LOAD_BLOCK, 0, 0, 7, 0, G_TX_WRAP | G_TX_NOMIRROR, 0, 0, G_TX_WRAP | G_TX_NOMIRROR, 0, 0),
	gsDPLoadBlock(7, 0, 0, 511, 512),
	gsDPSetTile(G_IM_FMT_CI, G_IM_SIZ_8b, 4, 0, 0, 0, G_TX_WRAP | G_TX_NOMIRROR, 5, 0, G_TX_WRAP | G_TX_NOMIRROR, 5, 0),
	gsDPSetTileSize(0, 0, 0, 124, 124),
	gsSPEndDisplayList(),
};

Gfx mat_revert_rmaze_brownbrick2[] = {
	gsSPSetGeometryMode(G_LIGHTING),
	gsDPPipeSync(),
	gsDPSetAlphaDither(G_AD_DISABLE),
	gsDPSetTextureLUT(G_TT_NONE),
	gsSPEndDisplayList(),
};

Gfx mat_rmaze_tinfoil[] = {
	gsSPClearGeometryMode(G_LIGHTING),
	gsDPPipeSync(),
	gsDPSetCombineLERP(TEXEL0, 0, SHADE, 0, ENVIRONMENT, 0, SHADE, 0, TEXEL0, 0, SHADE, 0, ENVIRONMENT, 0, SHADE, 0),
	gsDPSetAlphaDither(G_AD_NOISE),
	gsSPTexture(65535, 65535, 0, 0, 1),
	gsDPSetTextureImage(G_IM_FMT_I, G_IM_SIZ_8b_LOAD_BLOCK, 1, rmaze_Tinfoil_i8),
	gsDPSetTile(G_IM_FMT_I, G_IM_SIZ_8b_LOAD_BLOCK, 0, 0, 7, 0, G_TX_WRAP | G_TX_NOMIRROR, 0, 0, G_TX_WRAP | G_TX_NOMIRROR, 0, 0),
	gsDPLoadBlock(7, 0, 0, 2047, 256),
	gsDPSetTile(G_IM_FMT_I, G_IM_SIZ_8b, 8, 0, 0, 0, G_TX_WRAP | G_TX_NOMIRROR, 6, 0, G_TX_WRAP | G_TX_NOMIRROR, 6, 0),
	gsDPSetTileSize(0, 0, 0, 252, 252),
	gsSPEndDisplayList(),
};

Gfx mat_revert_rmaze_tinfoil[] = {
	gsSPSetGeometryMode(G_LIGHTING),
	gsDPPipeSync(),
	gsDPSetAlphaDither(G_AD_DISABLE),
	gsSPEndDisplayList(),
};

Gfx mat_rmaze_dungeoncarpet[] = {
	gsSPClearGeometryMode(G_LIGHTING),
	gsDPPipeSync(),
	gsDPSetCombineLERP(TEXEL0, 0, SHADE, 0, ENVIRONMENT, 0, SHADE, 0, TEXEL0, 0, SHADE, 0, ENVIRONMENT, 0, SHADE, 0),
	gsDPSetAlphaDither(G_AD_NOISE),
	gsSPTexture(65535, 65535, 0, 0, 1),
	gsDPSetTextureImage(G_IM_FMT_RGBA, G_IM_SIZ_16b_LOAD_BLOCK, 1, gDungeonTextureCarpet),
	gsDPSetTile(G_IM_FMT_RGBA, G_IM_SIZ_16b_LOAD_BLOCK, 0, 0, 7, 0, G_TX_WRAP | G_TX_NOMIRROR, 0, 0, G_TX_WRAP | G_TX_NOMIRROR, 0, 0),
	gsDPLoadBlock(7, 0, 0, 1023, 256),
	gsDPSetTile(G_IM_FMT_RGBA, G_IM_SIZ_16b, 8, 0, 0, 0, G_TX_WRAP | G_TX_NOMIRROR, 5, 0, G_TX_WRAP | G_TX_NOMIRROR, 5, 0),
	gsDPSetTileSize(0, 0, 0, 124, 124),
	gsSPEndDisplayList(),
};

Gfx mat_revert_rmaze_dungeoncarpet[] = {
	gsSPSetGeometryMode(G_LIGHTING),
	gsDPPipeSync(),
	gsDPSetAlphaDither(G_AD_DISABLE),
	gsSPEndDisplayList(),
};

Gfx mat_rmaze_brownbrick1[] = {
	gsSPClearGeometryMode(G_LIGHTING),
	gsDPPipeSync(),
	gsDPSetCombineLERP(TEXEL0, 0, SHADE, 0, ENVIRONMENT, 0, SHADE, 0, TEXEL0, 0, SHADE, 0, ENVIRONMENT, 0, SHADE, 0),
	gsDPSetAlphaDither(G_AD_NOISE),
	gsDPSetTextureLUT(G_TT_RGBA16),
	gsSPTexture(65535, 65535, 0, 0, 1),
	gsDPSetTextureImage(G_IM_FMT_RGBA, G_IM_SIZ_16b, 1, rmaze_brick_pal_rgba16),
	gsDPSetTile(0, 0, 0, 256, 5, 0, G_TX_WRAP | G_TX_NOMIRROR, 0, 0, G_TX_WRAP | G_TX_NOMIRROR, 0, 0),
	gsDPLoadTLUTCmd(5, 245),
	gsDPSetTextureImage(G_IM_FMT_CI, G_IM_SIZ_8b_LOAD_BLOCK, 1, rmaze_brick_ci8),
	gsDPSetTile(G_IM_FMT_CI, G_IM_SIZ_8b_LOAD_BLOCK, 0, 0, 7, 0, G_TX_WRAP | G_TX_NOMIRROR, 0, 0, G_TX_WRAP | G_TX_NOMIRROR, 0, 0),
	gsDPLoadBlock(7, 0, 0, 511, 512),
	gsDPSetTile(G_IM_FMT_CI, G_IM_SIZ_8b, 4, 0, 0, 0, G_TX_WRAP | G_TX_NOMIRROR, 5, 0, G_TX_WRAP | G_TX_NOMIRROR, 5, 0),
	gsDPSetTileSize(0, 0, 0, 124, 124),
	gsSPEndDisplayList(),
};

Gfx mat_revert_rmaze_brownbrick1[] = {
	gsSPSetGeometryMode(G_LIGHTING),
	gsDPPipeSync(),
	gsDPSetAlphaDither(G_AD_DISABLE),
	gsDPSetTextureLUT(G_TT_NONE),
	gsSPEndDisplayList(),
};

Gfx mat_rmaze_grate_001[] = {
	gsSPClearGeometryMode(G_LIGHTING),
	gsDPPipeSync(),
	gsDPSetCombineLERP(TEXEL0, 0, SHADE, 0, TEXEL0, 0, ENVIRONMENT, 0, TEXEL0, 0, SHADE, 0, TEXEL0, 0, ENVIRONMENT, 0),
	gsDPSetAlphaDither(G_AD_NOISE),
	gsSPTexture(65535, 65535, 0, 0, 1),
	gsDPSetTextureImage(G_IM_FMT_IA, G_IM_SIZ_8b_LOAD_BLOCK, 1, rmaze_ChainLink_ia8),
	gsDPSetTile(G_IM_FMT_IA, G_IM_SIZ_8b_LOAD_BLOCK, 0, 0, 7, 0, G_TX_WRAP | G_TX_NOMIRROR, 0, 0, G_TX_WRAP | G_TX_NOMIRROR, 0, 0),
	gsDPLoadBlock(7, 0, 0, 511, 512),
	gsDPSetTile(G_IM_FMT_IA, G_IM_SIZ_8b, 4, 0, 0, 0, G_TX_WRAP | G_TX_NOMIRROR, 5, 0, G_TX_WRAP | G_TX_NOMIRROR, 5, 0),
	gsDPSetTileSize(0, 0, 0, 124, 124),
	gsSPEndDisplayList(),
};

Gfx mat_revert_rmaze_grate_001[] = {
	gsSPSetGeometryMode(G_LIGHTING),
	gsDPPipeSync(),
	gsDPSetAlphaDither(G_AD_DISABLE),
	gsSPEndDisplayList(),
};

Gfx mat_rmaze_glass_001[] = {
	gsDPPipeSync(),
	gsDPSetCombineLERP(0, 0, 0, TEXEL0, 0, 0, 0, PRIMITIVE, 0, 0, 0, TEXEL0, 0, 0, 0, PRIMITIVE),
	gsDPSetAlphaDither(G_AD_NOISE),
	gsDPSetTextureLUT(G_TT_RGBA16),
	gsSPTexture(65535, 65535, 0, 0, 1),
	gsDPSetPrimColor(0, 0, 255, 255, 255, 128),
	gsDPSetTextureImage(G_IM_FMT_RGBA, G_IM_SIZ_16b, 1, rmaze_Material2_pal_rgba16),
	gsDPSetTile(0, 0, 0, 256, 5, 0, G_TX_WRAP | G_TX_NOMIRROR, 0, 0, G_TX_WRAP | G_TX_NOMIRROR, 0, 0),
	gsDPLoadTLUTCmd(5, 21),
	gsDPSetTextureImage(G_IM_FMT_CI, G_IM_SIZ_8b_LOAD_BLOCK, 1, rmaze_Material2_ci8),
	gsDPSetTile(G_IM_FMT_CI, G_IM_SIZ_8b_LOAD_BLOCK, 0, 0, 7, 0, G_TX_WRAP | G_TX_NOMIRROR, 0, 0, G_TX_WRAP | G_TX_NOMIRROR, 0, 0),
	gsDPLoadBlock(7, 0, 0, 1023, 512),
	gsDPSetTile(G_IM_FMT_CI, G_IM_SIZ_8b, 4, 0, 0, 0, G_TX_WRAP | G_TX_NOMIRROR, 6, 0, G_TX_WRAP | G_TX_NOMIRROR, 5, 0),
	gsDPSetTileSize(0, 0, 0, 124, 252),
	gsSPEndDisplayList(),
};

Gfx mat_revert_rmaze_glass_001[] = {
	gsDPPipeSync(),
	gsDPSetAlphaDither(G_AD_DISABLE),
	gsDPSetTextureLUT(G_TT_NONE),
	gsSPEndDisplayList(),
};

Gfx rmaze_rmaze_mesh_layer_1[] = {
	gsSPDisplayList(mat_rmaze_dungeontiles),
	gsSPDisplayList(rmaze_rmaze_mesh_layer_1_tri_0),
	gsSPDisplayList(mat_revert_rmaze_dungeontiles),
	gsSPDisplayList(mat_rmaze_pillar),
	gsSPDisplayList(rmaze_rmaze_mesh_layer_1_tri_1),
	gsSPDisplayList(mat_revert_rmaze_pillar),
	gsSPDisplayList(mat_rmaze_castletrim),
	gsSPDisplayList(rmaze_rmaze_mesh_layer_1_tri_2),
	gsSPDisplayList(mat_revert_rmaze_castletrim),
	gsSPDisplayList(mat_rmaze_dungeonAltWall),
	gsSPDisplayList(rmaze_rmaze_mesh_layer_1_tri_3),
	gsSPDisplayList(mat_revert_rmaze_dungeonAltWall),
	gsSPDisplayList(mat_rmaze_brownbrick2),
	gsSPDisplayList(rmaze_rmaze_mesh_layer_1_tri_4),
	gsSPDisplayList(mat_revert_rmaze_brownbrick2),
	gsSPDisplayList(mat_rmaze_tinfoil),
	gsSPDisplayList(rmaze_rmaze_mesh_layer_1_tri_5),
	gsSPDisplayList(mat_revert_rmaze_tinfoil),
	gsSPDisplayList(mat_rmaze_dungeoncarpet),
	gsSPDisplayList(rmaze_rmaze_mesh_layer_1_tri_6),
	gsSPDisplayList(mat_revert_rmaze_dungeoncarpet),
	gsSPDisplayList(mat_rmaze_brownbrick1),
	gsSPDisplayList(rmaze_rmaze_mesh_layer_1_tri_7),
	gsSPDisplayList(mat_revert_rmaze_brownbrick1),
	gsDPPipeSync(),
	gsSPSetGeometryMode(G_LIGHTING),
	gsSPClearGeometryMode(G_TEXTURE_GEN),
	gsDPSetCombineLERP(0, 0, 0, SHADE, 0, 0, 0, ENVIRONMENT, 0, 0, 0, SHADE, 0, 0, 0, ENVIRONMENT),
	gsSPTexture(65535, 65535, 0, 0, 0),
	gsDPSetEnvColor(255, 255, 255, 255),
	gsDPSetAlphaCompare(G_AC_NONE),
	gsSPEndDisplayList(),
};

Gfx rmaze_rmaze_mesh_layer_4[] = {
	gsSPDisplayList(mat_rmaze_grate_001),
	gsSPDisplayList(rmaze_rmaze_mesh_layer_4_tri_0),
	gsSPDisplayList(mat_revert_rmaze_grate_001),
	gsDPPipeSync(),
	gsSPSetGeometryMode(G_LIGHTING),
	gsSPClearGeometryMode(G_TEXTURE_GEN),
	gsDPSetCombineLERP(0, 0, 0, SHADE, 0, 0, 0, ENVIRONMENT, 0, 0, 0, SHADE, 0, 0, 0, ENVIRONMENT),
	gsSPTexture(65535, 65535, 0, 0, 0),
	gsDPSetEnvColor(255, 255, 255, 255),
	gsDPSetAlphaCompare(G_AC_NONE),
	gsSPEndDisplayList(),
};

Gfx rmaze_rmaze_mesh_layer_5[] = {
	gsSPDisplayList(mat_rmaze_glass_001),
	gsSPDisplayList(rmaze_rmaze_mesh_layer_5_tri_0),
	gsSPDisplayList(mat_revert_rmaze_glass_001),
	gsDPPipeSync(),
	gsSPSetGeometryMode(G_LIGHTING),
	gsSPClearGeometryMode(G_TEXTURE_GEN),
	gsDPSetCombineLERP(0, 0, 0, SHADE, 0, 0, 0, ENVIRONMENT, 0, 0, 0, SHADE, 0, 0, 0, ENVIRONMENT),
	gsSPTexture(65535, 65535, 0, 0, 0),
	gsDPSetEnvColor(255, 255, 255, 255),
	gsDPSetAlphaCompare(G_AC_NONE),
	gsSPEndDisplayList(),
};

