Gfx pitstop_dl_Material2_ci8_aligner[] = {gsSPEndDisplayList()};
u8 pitstop_dl_Material2_ci8[] = {
	0x00, 0x00, 0x00, 0x00, 0x00, 0x00, 0x00, 0x00, 
	0x00, 0x00, 0x00, 0x00, 0x00, 0x00, 0x00, 0x00, 
	0x00, 0x00, 0x00, 0x00, 0x00, 0x00, 0x00, 0x00, 
	0x00, 0x00, 0x00, 0x00, 0x00, 0x00, 0x00, 0x00, 
	0x00, 0x01, 0x01, 0x01, 0x02, 0x02, 0x02, 0x01, 
	0x01, 0x01, 0x03, 0x03, 0x03, 0x04, 0x04, 0x04, 
	0x05, 0x05, 0x05, 0x06, 0x06, 0x06, 0x07, 0x07, 
	0x06, 0x06, 0x06, 0x04, 0x04, 0x04, 0x03, 0x00, 
	0x00, 0x01, 0x08, 0x09, 0x09, 0x09, 0x08, 0x08, 
	0x08, 0x0a, 0x0a, 0x0a, 0x0b, 0x0b, 0x0b, 0x0c, 
	0x0c, 0x0c, 0x0d, 0x0d, 0x0d, 0x0e, 0x0e, 0x0d, 
	0x0d, 0x0d, 0x0b, 0x0b, 0x0b, 0x0a, 0x0f, 0x00, 
	0x00, 0x01, 0x09, 0x09, 0x09, 0x08, 0x08, 0x08, 
	0x0a, 0x0a, 0x0a, 0x0b, 0x0b, 0x0b, 0x0c, 0x0c, 
	0x0c, 0x0d, 0x0d, 0x0d, 0x0e, 0x0e, 0x0d, 0x0d, 
	0x0d, 0x0b, 0x0b, 0x0b, 0x0a, 0x0a, 0x0f, 0x00, 
	0x00, 0x02, 0x09, 0x09, 0x08, 0x08, 0x08, 0x0a, 
	0x0a, 0x0a, 0x0b, 0x0b, 0x0b, 0x0c, 0x0c, 0x0c, 
	0x0d, 0x0d, 0x0d, 0x0e, 0x0e, 0x0d, 0x0d, 0x0d, 
	0x0b, 0x0b, 0x0b, 0x0a, 0x0a, 0x0a, 0x10, 0x00, 
	0x00, 0x02, 0x09, 0x08, 0x08, 0x08, 0x0a, 0x0a, 
	0x0a, 0x0b, 0x0b, 0x0b, 0x0c, 0x0c, 0x0c, 0x0d, 
	0x0d, 0x0d, 0x0e, 0x0e, 0x0d, 0x0d, 0x0d, 0x0b, 
	0x0b, 0x0b, 0x0a, 0x0a, 0x0a, 0x08, 0x10, 0x00, 
	0x00, 0x02, 0x08, 0x08, 0x08, 0x0a, 0x0a, 0x0a, 
	0x0b, 0x0b, 0x0b, 0x0c, 0x0c, 0x0c, 0x0d, 0x0d, 
	0x0d, 0x0e, 0x0e, 0x0d, 0x0d, 0x0d, 0x0b, 0x0b, 
	0x0b, 0x0a, 0x0a, 0x0a, 0x08, 0x08, 0x10, 0x00, 
	0x00, 0x01, 0x08, 0x08, 0x0a, 0x0a, 0x0a, 0x0b, 
	0x0b, 0x0b, 0x0c, 0x0c, 0x0c, 0x0d, 0x0d, 0x0d, 
	0x0e, 0x0e, 0x0d, 0x0d, 0x0d, 0x0b, 0x0b, 0x0b, 
	0x0a, 0x0a, 0x0a, 0x08, 0x08, 0x08, 0x11, 0x00, 
	0x00, 0x01, 0x08, 0x0a, 0x0a, 0x0a, 0x0b, 0x0b, 
	0x0b, 0x0c, 0x0c, 0x0c, 0x0d, 0x0d, 0x0d, 0x0e, 
	0x0e, 0x0d, 0x0d, 0x0d, 0x0b, 0x0b, 0x0b, 0x0a, 
	0x0a, 0x0a, 0x08, 0x08, 0x08, 0x09, 0x11, 0x00, 
	0x00, 0x01, 0x0a, 0x0a, 0x0a, 0x0b, 0x0b, 0x0b, 
	0x0c, 0x0c, 0x0c, 0x0d, 0x0d, 0x0d, 0x0e, 0x0e, 
	0x0d, 0x0d, 0x0d, 0x0b, 0x0b, 0x0b, 0x0a, 0x0a, 
	0x0a, 0x08, 0x08, 0x08, 0x09, 0x09, 0x11, 0x00, 
	0x00, 0x03, 0x0a, 0x0a, 0x0b, 0x0b, 0x0b, 0x0c, 
	0x0c, 0x0c, 0x0d, 0x0d, 0x0d, 0x0e, 0x0e, 0x0d, 
	0x0d, 0x0d, 0x0b, 0x0b, 0x0b, 0x0a, 0x0a, 0x0a, 
	0x08, 0x08, 0x08, 0x09, 0x09, 0x09, 0x10, 0x00, 
	0x00, 0x03, 0x0a, 0x0b, 0x0b, 0x0b, 0x0c, 0x0c, 
	0x0c, 0x0d, 0x0d, 0x0d, 0x0e, 0x0e, 0x0d, 0x0d, 
	0x0d, 0x0b, 0x0b, 0x0b, 0x0a, 0x0a, 0x0a, 0x08, 
	0x08, 0x08, 0x09, 0x09, 0x09, 0x08, 0x10, 0x00, 
	0x00, 0x03, 0x0b, 0x0b, 0x0b, 0x0c, 0x0c, 0x0c, 
	0x0d, 0x0d, 0x0d, 0x0e, 0x0e, 0x0d, 0x0d, 0x0d, 
	0x0b, 0x0b, 0x0b, 0x0a, 0x0a, 0x0a, 0x08, 0x08, 
	0x08, 0x09, 0x09, 0x09, 0x08, 0x08, 0x10, 0x00, 
	0x00, 0x04, 0x0b, 0x0b, 0x0c, 0x0c, 0x0c, 0x0d, 
	0x0d, 0x0d, 0x0e, 0x0e, 0x0d, 0x0d, 0x0d, 0x0b, 
	0x0b, 0x0b, 0x0a, 0x0a, 0x0a, 0x08, 0x08, 0x08, 
	0x09, 0x09, 0x09, 0x08, 0x08, 0x08, 0x0f, 0x00, 
	0x00, 0x04, 0x0b, 0x0c, 0x0c, 0x0c, 0x0d, 0x0d, 
	0x0d, 0x0e, 0x0e, 0x0d, 0x0d, 0x0d, 0x0b, 0x0b, 
	0x0b, 0x0a, 0x0a, 0x0a, 0x08, 0x08, 0x08, 0x09, 
	0x09, 0x09, 0x08, 0x08, 0x08, 0x0a, 0x0f, 0x00, 
	0x00, 0x04, 0x0c, 0x0c, 0x0c, 0x0d, 0x0d, 0x0d, 
	0x0e, 0x0e, 0x0d, 0x0d, 0x0d, 0x0b, 0x0b, 0x0b, 
	0x0a, 0x0a, 0x0a, 0x08, 0x08, 0x08, 0x09, 0x09, 
	0x09, 0x08, 0x08, 0x08, 0x0a, 0x0a, 0x0f, 0x00, 
	0x00, 0x05, 0x0c, 0x0c, 0x0d, 0x0d, 0x0d, 0x0e, 
	0x0e, 0x0d, 0x0d, 0x0d, 0x0b, 0x0b, 0x0b, 0x0a, 
	0x0a, 0x0a, 0x08, 0x08, 0x08, 0x09, 0x09, 0x09, 
	0x08, 0x08, 0x08, 0x0a, 0x0a, 0x0a, 0x12, 0x00, 
	0x00, 0x05, 0x0c, 0x0d, 0x0d, 0x0d, 0x0e, 0x0e, 
	0x0d, 0x0d, 0x0d, 0x0b, 0x0b, 0x0b, 0x0a, 0x0a, 
	0x0a, 0x08, 0x08, 0x08, 0x09, 0x09, 0x09, 0x08, 
	0x08, 0x08, 0x0a, 0x0a, 0x0a, 0x0b, 0x12, 0x00, 
	0x00, 0x05, 0x0d, 0x0d, 0x0d, 0x0e, 0x0e, 0x0d, 
	0x0d, 0x0d, 0x0b, 0x0b, 0x0b, 0x0a, 0x0a, 0x0a, 
	0x08, 0x08, 0x08, 0x09, 0x09, 0x09, 0x08, 0x08, 
	0x08, 0x0a, 0x0a, 0x0a, 0x0b, 0x0b, 0x12, 0x00, 
	0x00, 0x06, 0x0d, 0x0d, 0x0e, 0x0e, 0x0d, 0x0d, 
	0x0d, 0x0b, 0x0b, 0x0b, 0x0a, 0x0a, 0x0a, 0x08, 
	0x08, 0x08, 0x09, 0x09, 0x09, 0x08, 0x08, 0x08, 
	0x0a, 0x0a, 0x0a, 0x0b, 0x0b, 0x0b, 0x13, 0x00, 
	0x00, 0x06, 0x0d, 0x0e, 0x0e, 0x0d, 0x0d, 0x0d, 
	0x0b, 0x0b, 0x0b, 0x0a, 0x0a, 0x0a, 0x08, 0x08, 
	0x08, 0x09, 0x09, 0x09, 0x08, 0x08, 0x08, 0x0a, 
	0x0a, 0x0a, 0x0b, 0x0b, 0x0b, 0x0c, 0x13, 0x00, 
	0x00, 0x06, 0x0e, 0x0e, 0x0d, 0x0d, 0x0d, 0x0b, 
	0x0b, 0x0b, 0x0a, 0x0a, 0x0a, 0x08, 0x08, 0x08, 
	0x09, 0x09, 0x09, 0x08, 0x08, 0x08, 0x0a, 0x0a, 
	0x0a, 0x0b, 0x0b, 0x0b, 0x0c, 0x0c, 0x13, 0x00, 
	0x00, 0x07, 0x0e, 0x0d, 0x0d, 0x0d, 0x0b, 0x0b, 
	0x0b, 0x0a, 0x0a, 0x0a, 0x08, 0x08, 0x08, 0x09, 
	0x09, 0x09, 0x08, 0x08, 0x08, 0x0a, 0x0a, 0x0a, 
	0x0b, 0x0b, 0x0b, 0x0c, 0x0c, 0x0c, 0x14, 0x00, 
	0x00, 0x07, 0x0d, 0x0d, 0x0d, 0x0b, 0x0b, 0x0b, 
	0x0a, 0x0a, 0x0a, 0x08, 0x08, 0x08, 0x09, 0x09, 
	0x09, 0x08, 0x08, 0x08, 0x0a, 0x0a, 0x0a, 0x0b, 
	0x0b, 0x0b, 0x0c, 0x0c, 0x0c, 0x0d, 0x14, 0x00, 
	0x00, 0x06, 0x0d, 0x0d, 0x0b, 0x0b, 0x0b, 0x0a, 
	0x0a, 0x0a, 0x08, 0x08, 0x08, 0x09, 0x09, 0x09, 
	0x08, 0x08, 0x08, 0x0a, 0x0a, 0x0a, 0x0b, 0x0b, 
	0x0b, 0x0c, 0x0c, 0x0c, 0x0d, 0x0d, 0x14, 0x00, 
	0x00, 0x06, 0x0d, 0x0b, 0x0b, 0x0b, 0x0a, 0x0a, 
	0x0a, 0x08, 0x08, 0x08, 0x09, 0x09, 0x09, 0x08, 
	0x08, 0x08, 0x0a, 0x0a, 0x0a, 0x0b, 0x0b, 0x0b, 
	0x0c, 0x0c, 0x0c, 0x0d, 0x0d, 0x0d, 0x15, 0x00, 
	0x00, 0x06, 0x0b, 0x0b, 0x0b, 0x0a, 0x0a, 0x0a, 
	0x08, 0x08, 0x08, 0x09, 0x09, 0x09, 0x08, 0x08, 
	0x08, 0x0a, 0x0a, 0x0a, 0x0b, 0x0b, 0x0b, 0x0c, 
	0x0c, 0x0c, 0x0d, 0x0d, 0x0d, 0x0e, 0x15, 0x00, 
	0x00, 0x04, 0x0b, 0x0b, 0x0a, 0x0a, 0x0a, 0x08, 
	0x08, 0x08, 0x09, 0x09, 0x09, 0x08, 0x08, 0x08, 
	0x0a, 0x0a, 0x0a, 0x0b, 0x0b, 0x0b, 0x0c, 0x0c, 
	0x0c, 0x0d, 0x0d, 0x0d, 0x0e, 0x0e, 0x14, 0x00, 
	0x00, 0x04, 0x0b, 0x0a, 0x0a, 0x0a, 0x08, 0x08, 
	0x08, 0x09, 0x09, 0x09, 0x08, 0x08, 0x08, 0x0a, 
	0x0a, 0x0a, 0x0b, 0x0b, 0x0b, 0x0c, 0x0c, 0x0c, 
	0x0d, 0x0d, 0x0d, 0x0e, 0x0e, 0x0d, 0x14, 0x00, 
	0x00, 0x04, 0x0a, 0x0a, 0x0a, 0x08, 0x08, 0x08, 
	0x09, 0x09, 0x09, 0x08, 0x08, 0x08, 0x0a, 0x0a, 
	0x0a, 0x0b, 0x0b, 0x0b, 0x0c, 0x0c, 0x0c, 0x0d, 
	0x0d, 0x0d, 0x0e, 0x0e, 0x0d, 0x0d, 0x14, 0x00, 
	0x00, 0x03, 0x0f, 0x0f, 0x10, 0x10, 0x10, 0x11, 
	0x11, 0x11, 0x10, 0x10, 0x10, 0x0f, 0x0f, 0x0f, 
	0x12, 0x12, 0x12, 0x13, 0x13, 0x13, 0x14, 0x14, 
	0x14, 0x15, 0x15, 0x14, 0x14, 0x14, 0x12, 0x00, 
	0x00, 0x00, 0x00, 0x00, 0x00, 0x00, 0x00, 0x00, 
	0x00, 0x00, 0x00, 0x00, 0x00, 0x00, 0x00, 0x00, 
	0x00, 0x00, 0x00, 0x00, 0x00, 0x00, 0x00, 0x00, 
	0x00, 0x00, 0x00, 0x00, 0x00, 0x00, 0x00, 0x00, 
	0x00, 0x00, 0x00, 0x00, 0x00, 0x00, 0x00, 0x00, 
	0x00, 0x00, 0x00, 0x00, 0x00, 0x00, 0x00, 0x00, 
	0x00, 0x00, 0x00, 0x00, 0x00, 0x00, 0x00, 0x00, 
	0x00, 0x00, 0x00, 0x00, 0x00, 0x00, 0x00, 0x00, 
	0x00, 0x01, 0x01, 0x01, 0x02, 0x02, 0x02, 0x01, 
	0x01, 0x01, 0x03, 0x03, 0x03, 0x04, 0x04, 0x04, 
	0x05, 0x05, 0x05, 0x06, 0x06, 0x06, 0x07, 0x07, 
	0x06, 0x06, 0x06, 0x04, 0x04, 0x04, 0x03, 0x00, 
	0x00, 0x01, 0x08, 0x09, 0x09, 0x09, 0x08, 0x08, 
	0x08, 0x0a, 0x0a, 0x0a, 0x0b, 0x0b, 0x0b, 0x0c, 
	0x0c, 0x0c, 0x0d, 0x0d, 0x0d, 0x0e, 0x0e, 0x0d, 
	0x0d, 0x0d, 0x0b, 0x0b, 0x0b, 0x0a, 0x0f, 0x00, 
	0x00, 0x01, 0x09, 0x09, 0x09, 0x08, 0x08, 0x08, 
	0x0a, 0x0a, 0x0a, 0x0b, 0x0b, 0x0b, 0x0c, 0x0c, 
	0x0c, 0x0d, 0x0d, 0x0d, 0x0e, 0x0e, 0x0d, 0x0d, 
	0x0d, 0x0b, 0x0b, 0x0b, 0x0a, 0x0a, 0x0f, 0x00, 
	0x00, 0x02, 0x09, 0x09, 0x08, 0x08, 0x08, 0x0a, 
	0x0a, 0x0a, 0x0b, 0x0b, 0x0b, 0x0c, 0x0c, 0x0c, 
	0x0d, 0x0d, 0x0d, 0x0e, 0x0e, 0x0d, 0x0d, 0x0d, 
	0x0b, 0x0b, 0x0b, 0x0a, 0x0a, 0x0a, 0x10, 0x00, 
	0x00, 0x02, 0x09, 0x08, 0x08, 0x08, 0x0a, 0x0a, 
	0x0a, 0x0b, 0x0b, 0x0b, 0x0c, 0x0c, 0x0c, 0x0d, 
	0x0d, 0x0d, 0x0e, 0x0e, 0x0d, 0x0d, 0x0d, 0x0b, 
	0x0b, 0x0b, 0x0a, 0x0a, 0x0a, 0x08, 0x10, 0x00, 
	0x00, 0x02, 0x08, 0x08, 0x08, 0x0a, 0x0a, 0x0a, 
	0x0b, 0x0b, 0x0b, 0x0c, 0x0c, 0x0c, 0x0d, 0x0d, 
	0x0d, 0x0e, 0x0e, 0x0d, 0x0d, 0x0d, 0x0b, 0x0b, 
	0x0b, 0x0a, 0x0a, 0x0a, 0x08, 0x08, 0x10, 0x00, 
	0x00, 0x01, 0x08, 0x08, 0x0a, 0x0a, 0x0a, 0x0b, 
	0x0b, 0x0b, 0x0c, 0x0c, 0x0c, 0x0d, 0x0d, 0x0d, 
	0x0e, 0x0e, 0x0d, 0x0d, 0x0d, 0x0b, 0x0b, 0x0b, 
	0x0a, 0x0a, 0x0a, 0x08, 0x08, 0x08, 0x11, 0x00, 
	0x00, 0x01, 0x08, 0x0a, 0x0a, 0x0a, 0x0b, 0x0b, 
	0x0b, 0x0c, 0x0c, 0x0c, 0x0d, 0x0d, 0x0d, 0x0e, 
	0x0e, 0x0d, 0x0d, 0x0d, 0x0b, 0x0b, 0x0b, 0x0a, 
	0x0a, 0x0a, 0x08, 0x08, 0x08, 0x09, 0x11, 0x00, 
	0x00, 0x01, 0x0a, 0x0a, 0x0a, 0x0b, 0x0b, 0x0b, 
	0x0c, 0x0c, 0x0c, 0x0d, 0x0d, 0x0d, 0x0e, 0x0e, 
	0x0d, 0x0d, 0x0d, 0x0b, 0x0b, 0x0b, 0x0a, 0x0a, 
	0x0a, 0x08, 0x08, 0x08, 0x09, 0x09, 0x11, 0x00, 
	0x00, 0x03, 0x0a, 0x0a, 0x0b, 0x0b, 0x0b, 0x0c, 
	0x0c, 0x0c, 0x0d, 0x0d, 0x0d, 0x0e, 0x0e, 0x0d, 
	0x0d, 0x0d, 0x0b, 0x0b, 0x0b, 0x0a, 0x0a, 0x0a, 
	0x08, 0x08, 0x08, 0x09, 0x09, 0x09, 0x10, 0x00, 
	0x00, 0x03, 0x0a, 0x0b, 0x0b, 0x0b, 0x0c, 0x0c, 
	0x0c, 0x0d, 0x0d, 0x0d, 0x0e, 0x0e, 0x0d, 0x0d, 
	0x0d, 0x0b, 0x0b, 0x0b, 0x0a, 0x0a, 0x0a, 0x08, 
	0x08, 0x08, 0x09, 0x09, 0x09, 0x08, 0x10, 0x00, 
	0x00, 0x03, 0x0b, 0x0b, 0x0b, 0x0c, 0x0c, 0x0c, 
	0x0d, 0x0d, 0x0d, 0x0e, 0x0e, 0x0d, 0x0d, 0x0d, 
	0x0b, 0x0b, 0x0b, 0x0a, 0x0a, 0x0a, 0x08, 0x08, 
	0x08, 0x09, 0x09, 0x09, 0x08, 0x08, 0x10, 0x00, 
	0x00, 0x04, 0x0b, 0x0b, 0x0c, 0x0c, 0x0c, 0x0d, 
	0x0d, 0x0d, 0x0e, 0x0e, 0x0d, 0x0d, 0x0d, 0x0b, 
	0x0b, 0x0b, 0x0a, 0x0a, 0x0a, 0x08, 0x08, 0x08, 
	0x09, 0x09, 0x09, 0x08, 0x08, 0x08, 0x0f, 0x00, 
	0x00, 0x04, 0x0b, 0x0c, 0x0c, 0x0c, 0x0d, 0x0d, 
	0x0d, 0x0e, 0x0e, 0x0d, 0x0d, 0x0d, 0x0b, 0x0b, 
	0x0b, 0x0a, 0x0a, 0x0a, 0x08, 0x08, 0x08, 0x09, 
	0x09, 0x09, 0x08, 0x08, 0x08, 0x0a, 0x0f, 0x00, 
	0x00, 0x04, 0x0c, 0x0c, 0x0c, 0x0d, 0x0d, 0x0d, 
	0x0e, 0x0e, 0x0d, 0x0d, 0x0d, 0x0b, 0x0b, 0x0b, 
	0x0a, 0x0a, 0x0a, 0x08, 0x08, 0x08, 0x09, 0x09, 
	0x09, 0x08, 0x08, 0x08, 0x0a, 0x0a, 0x0f, 0x00, 
	0x00, 0x05, 0x0c, 0x0c, 0x0d, 0x0d, 0x0d, 0x0e, 
	0x0e, 0x0d, 0x0d, 0x0d, 0x0b, 0x0b, 0x0b, 0x0a, 
	0x0a, 0x0a, 0x08, 0x08, 0x08, 0x09, 0x09, 0x09, 
	0x08, 0x08, 0x08, 0x0a, 0x0a, 0x0a, 0x12, 0x00, 
	0x00, 0x05, 0x0c, 0x0d, 0x0d, 0x0d, 0x0e, 0x0e, 
	0x0d, 0x0d, 0x0d, 0x0b, 0x0b, 0x0b, 0x0a, 0x0a, 
	0x0a, 0x08, 0x08, 0x08, 0x09, 0x09, 0x09, 0x08, 
	0x08, 0x08, 0x0a, 0x0a, 0x0a, 0x0b, 0x12, 0x00, 
	0x00, 0x05, 0x0d, 0x0d, 0x0d, 0x0e, 0x0e, 0x0d, 
	0x0d, 0x0d, 0x0b, 0x0b, 0x0b, 0x0a, 0x0a, 0x0a, 
	0x08, 0x08, 0x08, 0x09, 0x09, 0x09, 0x08, 0x08, 
	0x08, 0x0a, 0x0a, 0x0a, 0x0b, 0x0b, 0x12, 0x00, 
	0x00, 0x06, 0x0d, 0x0d, 0x0e, 0x0e, 0x0d, 0x0d, 
	0x0d, 0x0b, 0x0b, 0x0b, 0x0a, 0x0a, 0x0a, 0x08, 
	0x08, 0x08, 0x09, 0x09, 0x09, 0x08, 0x08, 0x08, 
	0x0a, 0x0a, 0x0a, 0x0b, 0x0b, 0x0b, 0x13, 0x00, 
	0x00, 0x06, 0x0d, 0x0e, 0x0e, 0x0d, 0x0d, 0x0d, 
	0x0b, 0x0b, 0x0b, 0x0a, 0x0a, 0x0a, 0x08, 0x08, 
	0x08, 0x09, 0x09, 0x09, 0x08, 0x08, 0x08, 0x0a, 
	0x0a, 0x0a, 0x0b, 0x0b, 0x0b, 0x0c, 0x13, 0x00, 
	0x00, 0x06, 0x0e, 0x0e, 0x0d, 0x0d, 0x0d, 0x0b, 
	0x0b, 0x0b, 0x0a, 0x0a, 0x0a, 0x08, 0x08, 0x08, 
	0x09, 0x09, 0x09, 0x08, 0x08, 0x08, 0x0a, 0x0a, 
	0x0a, 0x0b, 0x0b, 0x0b, 0x0c, 0x0c, 0x13, 0x00, 
	0x00, 0x07, 0x0e, 0x0d, 0x0d, 0x0d, 0x0b, 0x0b, 
	0x0b, 0x0a, 0x0a, 0x0a, 0x08, 0x08, 0x08, 0x09, 
	0x09, 0x09, 0x08, 0x08, 0x08, 0x0a, 0x0a, 0x0a, 
	0x0b, 0x0b, 0x0b, 0x0c, 0x0c, 0x0c, 0x14, 0x00, 
	0x00, 0x07, 0x0d, 0x0d, 0x0d, 0x0b, 0x0b, 0x0b, 
	0x0a, 0x0a, 0x0a, 0x08, 0x08, 0x08, 0x09, 0x09, 
	0x09, 0x08, 0x08, 0x08, 0x0a, 0x0a, 0x0a, 0x0b, 
	0x0b, 0x0b, 0x0c, 0x0c, 0x0c, 0x0d, 0x14, 0x00, 
	0x00, 0x06, 0x0d, 0x0d, 0x0b, 0x0b, 0x0b, 0x0a, 
	0x0a, 0x0a, 0x08, 0x08, 0x08, 0x09, 0x09, 0x09, 
	0x08, 0x08, 0x08, 0x0a, 0x0a, 0x0a, 0x0b, 0x0b, 
	0x0b, 0x0c, 0x0c, 0x0c, 0x0d, 0x0d, 0x14, 0x00, 
	0x00, 0x06, 0x0d, 0x0b, 0x0b, 0x0b, 0x0a, 0x0a, 
	0x0a, 0x08, 0x08, 0x08, 0x09, 0x09, 0x09, 0x08, 
	0x08, 0x08, 0x0a, 0x0a, 0x0a, 0x0b, 0x0b, 0x0b, 
	0x0c, 0x0c, 0x0c, 0x0d, 0x0d, 0x0d, 0x15, 0x00, 
	0x00, 0x06, 0x0b, 0x0b, 0x0b, 0x0a, 0x0a, 0x0a, 
	0x08, 0x08, 0x08, 0x09, 0x09, 0x09, 0x08, 0x08, 
	0x08, 0x0a, 0x0a, 0x0a, 0x0b, 0x0b, 0x0b, 0x0c, 
	0x0c, 0x0c, 0x0d, 0x0d, 0x0d, 0x0e, 0x15, 0x00, 
	0x00, 0x04, 0x0b, 0x0b, 0x0a, 0x0a, 0x0a, 0x08, 
	0x08, 0x08, 0x09, 0x09, 0x09, 0x08, 0x08, 0x08, 
	0x0a, 0x0a, 0x0a, 0x0b, 0x0b, 0x0b, 0x0c, 0x0c, 
	0x0c, 0x0d, 0x0d, 0x0d, 0x0e, 0x0e, 0x14, 0x00, 
	0x00, 0x04, 0x0b, 0x0a, 0x0a, 0x0a, 0x08, 0x08, 
	0x08, 0x09, 0x09, 0x09, 0x08, 0x08, 0x08, 0x0a, 
	0x0a, 0x0a, 0x0b, 0x0b, 0x0b, 0x0c, 0x0c, 0x0c, 
	0x0d, 0x0d, 0x0d, 0x0e, 0x0e, 0x0d, 0x14, 0x00, 
	0x00, 0x04, 0x0a, 0x0a, 0x0a, 0x08, 0x08, 0x08, 
	0x09, 0x09, 0x09, 0x08, 0x08, 0x08, 0x0a, 0x0a, 
	0x0a, 0x0b, 0x0b, 0x0b, 0x0c, 0x0c, 0x0c, 0x0d, 
	0x0d, 0x0d, 0x0e, 0x0e, 0x0d, 0x0d, 0x14, 0x00, 
	0x00, 0x03, 0x0f, 0x0f, 0x10, 0x10, 0x10, 0x11, 
	0x11, 0x11, 0x10, 0x10, 0x10, 0x0f, 0x0f, 0x0f, 
	0x12, 0x12, 0x12, 0x13, 0x13, 0x13, 0x14, 0x14, 
	0x14, 0x15, 0x15, 0x14, 0x14, 0x14, 0x12, 0x00, 
	0x00, 0x00, 0x00, 0x00, 0x00, 0x00, 0x00, 0x00, 
	0x00, 0x00, 0x00, 0x00, 0x00, 0x00, 0x00, 0x00, 
	0x00, 0x00, 0x00, 0x00, 0x00, 0x00, 0x00, 0x00, 
	0x00, 0x00, 0x00, 0x00, 0x00, 0x00, 0x00, 0x00, 
	
};

Gfx pitstop_dl_Material2_pal_rgba16_aligner[] = {gsSPEndDisplayList()};
u8 pitstop_dl_Material2_pal_rgba16[] = {
	0x33, 0x63, 0x85, 0x73, 0x64, 0xef, 0x9e, 0x35, 
	0xb6, 0xb7, 0xce, 0xf9, 0xef, 0x7d, 0xf7, 0xbd, 
	0x6c, 0xed, 0x4c, 0x6b, 0x85, 0xaf, 0x9d, 0xf3, 
	0xbe, 0x75, 0xd6, 0xf7, 0xe7, 0x39, 0x74, 0xeb, 
	0x5c, 0x69, 0x3b, 0xa7, 0x8d, 0x6d, 0xa5, 0xaf, 
	0xc6, 0x33, 0xce, 0x73, 
};

Gfx pitstop_dl_street_ci4_aligner[] = {gsSPEndDisplayList()};
u8 pitstop_dl_street_ci4[] = {
	0x01, 0x12, 0x23, 0x33, 0x43, 0x33, 0x24, 0x44, 
	0x33, 0x33, 0x44, 0x44, 0x54, 0x44, 0x44, 0x44, 
	0x44, 0x44, 0x44, 0x44, 0x44, 0x44, 0x43, 0x34, 
	0x23, 0x32, 0x43, 0x34, 0x33, 0x32, 0x22, 0x20, 
	0x02, 0x66, 0x66, 0x72, 0x24, 0x33, 0x24, 0x44, 
	0x34, 0x45, 0x44, 0x55, 0x44, 0x44, 0x54, 0x54, 
	0x54, 0x44, 0x44, 0x44, 0x45, 0x54, 0x45, 0x43, 
	0x34, 0x42, 0x44, 0x33, 0x37, 0x67, 0x67, 0x30, 
	0x02, 0x63, 0x32, 0x62, 0x34, 0x23, 0x33, 0x33, 
	0x24, 0x43, 0x44, 0x55, 0x44, 0x44, 0x44, 0x44, 
	0x45, 0x44, 0x44, 0x45, 0x45, 0x54, 0x45, 0x43, 
	0x34, 0x43, 0x34, 0x23, 0x36, 0x32, 0x27, 0x30, 
	0x02, 0x62, 0x73, 0x63, 0x33, 0x33, 0x33, 0x22, 
	0x24, 0x34, 0x44, 0x44, 0x45, 0x44, 0x44, 0x44, 
	0x44, 0x44, 0x54, 0x44, 0x44, 0x44, 0x33, 0x33, 
	0x32, 0x22, 0x33, 0x32, 0x26, 0x36, 0x36, 0x20, 
	0x02, 0x66, 0x73, 0x63, 0x22, 0x33, 0x33, 0x33, 
	0x45, 0x44, 0x44, 0x44, 0x45, 0x44, 0x44, 0x54, 
	0x54, 0x54, 0x54, 0x44, 0x44, 0x44, 0x43, 0x43, 
	0x34, 0x43, 0x33, 0x32, 0x26, 0x37, 0x66, 0x20, 
	0x02, 0x22, 0x22, 0x62, 0x33, 0x43, 0x33, 0x44, 
	0x44, 0x34, 0x44, 0x44, 0x44, 0x54, 0x34, 0x44, 
	0x44, 0x44, 0x44, 0x44, 0x44, 0x44, 0x43, 0x43, 
	0x32, 0x23, 0x23, 0x32, 0x27, 0x32, 0x23, 0x30, 
	0x06, 0x67, 0x76, 0x63, 0x33, 0x32, 0x33, 0x44, 
	0x32, 0x34, 0x44, 0x44, 0x44, 0x44, 0x44, 0x44, 
	0x44, 0x44, 0x44, 0x44, 0x44, 0x44, 0x33, 0x33, 
	0x32, 0x24, 0x23, 0x42, 0x37, 0x66, 0x77, 0x70, 
	0x02, 0x22, 0x33, 0x33, 0x33, 0x32, 0x22, 0x33, 
	0x24, 0x44, 0x44, 0x44, 0x44, 0x44, 0x45, 0x45, 
	0x44, 0x54, 0x44, 0x54, 0x44, 0x44, 0x44, 0x34, 
	0x34, 0x43, 0x33, 0x23, 0x23, 0x22, 0x33, 0x30, 
	0x02, 0x22, 0x32, 0x23, 0x33, 0x32, 0x33, 0x33, 
	0x44, 0x34, 0x44, 0x44, 0x44, 0x55, 0x45, 0x40, 
	0x04, 0x34, 0x44, 0x44, 0x44, 0x44, 0x42, 0x34, 
	0x34, 0x44, 0x33, 0x23, 0x23, 0x23, 0x22, 0x20, 
	0x06, 0x67, 0x67, 0x63, 0x22, 0x22, 0x33, 0x33, 
	0x43, 0x44, 0x44, 0x44, 0x45, 0x54, 0x44, 0x40, 
	0x04, 0x44, 0x54, 0x45, 0x44, 0x44, 0x43, 0x33, 
	0x34, 0x43, 0x32, 0x32, 0x26, 0x68, 0x66, 0x60, 
	0x02, 0x23, 0x32, 0x73, 0x34, 0x33, 0x33, 0x33, 
	0x44, 0x44, 0x44, 0x55, 0x44, 0x44, 0x44, 0x40, 
	0x04, 0x44, 0x54, 0x54, 0x45, 0x54, 0x45, 0x33, 
	0x33, 0x33, 0x33, 0x32, 0x36, 0x23, 0x22, 0x20, 
	0x01, 0x98, 0x72, 0x72, 0x24, 0x33, 0x32, 0x44, 
	0x44, 0x44, 0x44, 0x44, 0x44, 0x44, 0x45, 0x40, 
	0x04, 0x44, 0x45, 0x54, 0x44, 0x44, 0x34, 0x43, 
	0x44, 0x43, 0x33, 0x33, 0x37, 0x27, 0x66, 0x20, 
	0x02, 0x63, 0x63, 0x62, 0x33, 0x33, 0x32, 0x44, 
	0x24, 0x44, 0x44, 0x44, 0x44, 0x45, 0x54, 0x50, 
	0x04, 0x43, 0x44, 0x44, 0x44, 0x44, 0x44, 0x43, 
	0x44, 0x43, 0x33, 0x23, 0x27, 0x27, 0x36, 0x20, 
	0x02, 0x62, 0x23, 0x63, 0x33, 0x23, 0x23, 0x33, 
	0x24, 0x44, 0x44, 0x44, 0x54, 0x44, 0x44, 0x40, 
	0x04, 0x44, 0x54, 0x44, 0x44, 0x44, 0x44, 0x33, 
	0x42, 0x23, 0x22, 0x22, 0x27, 0x22, 0x36, 0x20, 
	0x02, 0x66, 0x77, 0x72, 0x32, 0x33, 0x23, 0x33, 
	0x33, 0x44, 0x44, 0x55, 0x44, 0x54, 0x44, 0x40, 
	0x04, 0x54, 0x44, 0x44, 0x45, 0x54, 0x34, 0x44, 
	0x42, 0x24, 0x43, 0x42, 0x37, 0x66, 0x69, 0x10, 
	0x01, 0x12, 0x33, 0x32, 0x23, 0x33, 0x43, 0x33, 
	0x33, 0x44, 0x44, 0x44, 0x54, 0x55, 0x44, 0x40, 
	0x04, 0x44, 0x44, 0x45, 0x44, 0x44, 0x34, 0x44, 
	0x33, 0x34, 0x43, 0x42, 0x32, 0x32, 0x32, 0x20, 
	0x02, 0x23, 0x23, 0x23, 0x24, 0x34, 0x43, 0x33, 
	0x44, 0x43, 0x44, 0x44, 0x54, 0x44, 0x44, 0x40, 
	0x04, 0x44, 0x55, 0x45, 0x44, 0x44, 0x44, 0x33, 
	0x33, 0x34, 0x33, 0x32, 0x23, 0x33, 0x21, 0x10, 
	0x01, 0x96, 0x66, 0x73, 0x24, 0x34, 0x42, 0x44, 
	0x44, 0x43, 0x44, 0x44, 0x44, 0x44, 0x45, 0x40, 
	0x04, 0x44, 0x45, 0x44, 0x54, 0x44, 0x44, 0x33, 
	0x33, 0x32, 0x33, 0x23, 0x27, 0x77, 0x66, 0x20, 
	0x02, 0x63, 0x22, 0x72, 0x22, 0x22, 0x32, 0x44, 
	0x33, 0x44, 0x44, 0x44, 0x44, 0x45, 0x44, 0x40, 
	0x04, 0x44, 0x44, 0x45, 0x44, 0x44, 0x44, 0x42, 
	0x33, 0x32, 0x32, 0x33, 0x36, 0x32, 0x26, 0x20, 
	0x02, 0x63, 0x72, 0x72, 0x32, 0x33, 0x34, 0x44, 
	0x34, 0x44, 0x44, 0x44, 0x44, 0x44, 0x34, 0x40, 
	0x05, 0x45, 0x54, 0x44, 0x44, 0x44, 0x44, 0x42, 
	0x42, 0x23, 0x33, 0x33, 0x26, 0x36, 0x36, 0x20, 
	0x02, 0x66, 0x72, 0x73, 0x33, 0x33, 0x34, 0x44, 
	0x34, 0x43, 0x44, 0x44, 0x45, 0x54, 0x44, 0x40, 
	0x04, 0x54, 0x44, 0x44, 0x44, 0x44, 0x44, 0x44, 
	0x42, 0x23, 0x33, 0x42, 0x27, 0x27, 0x89, 0x10, 
	0x02, 0x22, 0x32, 0x63, 0x23, 0x33, 0x33, 0x33, 
	0x33, 0x54, 0x44, 0x44, 0x45, 0x45, 0x44, 0x40, 
	0x04, 0x44, 0x44, 0x44, 0x54, 0x44, 0x44, 0x44, 
	0x33, 0x33, 0x33, 0x43, 0x37, 0x23, 0x32, 0x20, 
	0x06, 0x66, 0x86, 0x62, 0x23, 0x23, 0x34, 0x33, 
	0x33, 0x34, 0x44, 0x44, 0x54, 0x45, 0x44, 0x40, 
	0x04, 0x44, 0x45, 0x54, 0x44, 0x44, 0x44, 0x34, 
	0x33, 0x33, 0x22, 0x22, 0x36, 0x76, 0x76, 0x60, 
	0x02, 0x22, 0x32, 0x32, 0x32, 0x33, 0x44, 0x33, 
	0x43, 0x24, 0x44, 0x44, 0x44, 0x44, 0x43, 0x40, 
	0x04, 0x54, 0x55, 0x44, 0x44, 0x44, 0x43, 0x44, 
	0x33, 0x33, 0x23, 0x33, 0x32, 0x23, 0x22, 0x20, 
	0x03, 0x33, 0x22, 0x32, 0x32, 0x33, 0x34, 0x33, 
	0x43, 0x44, 0x44, 0x44, 0x45, 0x44, 0x45, 0x44, 
	0x44, 0x54, 0x44, 0x44, 0x44, 0x44, 0x44, 0x42, 
	0x32, 0x22, 0x23, 0x33, 0x33, 0x33, 0x22, 0x20, 
	0x07, 0x77, 0x66, 0x73, 0x24, 0x32, 0x42, 0x33, 
	0x33, 0x33, 0x44, 0x44, 0x44, 0x44, 0x44, 0x45, 
	0x44, 0x44, 0x44, 0x44, 0x44, 0x44, 0x43, 0x23, 
	0x43, 0x33, 0x23, 0x33, 0x36, 0x67, 0x76, 0x60, 
	0x03, 0x32, 0x23, 0x72, 0x23, 0x32, 0x32, 0x33, 
	0x34, 0x34, 0x44, 0x44, 0x44, 0x44, 0x44, 0x44, 
	0x44, 0x43, 0x45, 0x44, 0x44, 0x44, 0x43, 0x44, 
	0x43, 0x33, 0x34, 0x33, 0x26, 0x22, 0x22, 0x20, 
	0x02, 0x66, 0x73, 0x62, 0x23, 0x33, 0x34, 0x33, 
	0x34, 0x34, 0x44, 0x44, 0x44, 0x45, 0x45, 0x45, 
	0x45, 0x44, 0x44, 0x54, 0x44, 0x44, 0x44, 0x54, 
	0x33, 0x33, 0x33, 0x22, 0x36, 0x37, 0x66, 0x20, 
	0x02, 0x63, 0x63, 0x62, 0x23, 0x33, 0x22, 0x33, 
	0x33, 0x33, 0x44, 0x44, 0x44, 0x45, 0x44, 0x44, 
	0x44, 0x44, 0x44, 0x54, 0x44, 0x44, 0x43, 0x42, 
	0x23, 0x33, 0x33, 0x33, 0x36, 0x37, 0x26, 0x20, 
	0x03, 0x72, 0x23, 0x63, 0x32, 0x43, 0x34, 0x33, 
	0x34, 0x54, 0x44, 0x44, 0x54, 0x44, 0x44, 0x54, 
	0x54, 0x44, 0x44, 0x44, 0x54, 0x44, 0x34, 0x42, 
	0x33, 0x33, 0x32, 0x43, 0x26, 0x23, 0x36, 0x20, 
	0x03, 0x76, 0x76, 0x73, 0x33, 0x44, 0x24, 0x33, 
	0x34, 0x54, 0x44, 0x44, 0x44, 0x44, 0x44, 0x44, 
	0x45, 0x45, 0x44, 0x44, 0x54, 0x44, 0x54, 0x43, 
	0x44, 0x42, 0x33, 0x42, 0x27, 0x66, 0x66, 0x20, 
	0x02, 0x22, 0x23, 0x33, 0x43, 0x34, 0x23, 0x22, 
	0x43, 0x34, 0x44, 0x44, 0x44, 0x44, 0x44, 0x44, 
	0x44, 0x44, 0x44, 0x45, 0x44, 0x44, 0x33, 0x33, 
	0x44, 0x42, 0x33, 0x34, 0x33, 0x32, 0x21, 0x10, 
	
};

Gfx pitstop_dl_street_pal_rgba16_aligner[] = {gsSPEndDisplayList()};
u8 pitstop_dl_street_pal_rgba16[] = {
	0xff, 0xff, 0x39, 0xd3, 0x42, 0x15, 0x4a, 0x57, 
	0x52, 0x99, 0x5a, 0xdb, 0x8c, 0x6b, 0x94, 0xad, 
	0xa5, 0x31, 0x7b, 0xe7, 
};

Gfx pitstop_dl_desertSand_ci8_aligner[] = {gsSPEndDisplayList()};
u8 pitstop_dl_desertSand_ci8[] = {
	0x00, 0x01, 0x02, 0x03, 0x02, 0x04, 0x01, 0x05, 
	0x04, 0x06, 0x07, 0x08, 0x09, 0x0a, 0x0b, 0x0c, 
	0x08, 0x0a, 0x08, 0x09, 0x05, 0x05, 0x07, 0x02, 
	0x01, 0x01, 0x02, 0x06, 0x04, 0x00, 0x00, 0x01, 
	0x01, 0x01, 0x02, 0x03, 0x02, 0x04, 0x00, 0x01, 
	0x01, 0x00, 0x09, 0x0d, 0x0b, 0x0b, 0x0b, 0x0e, 
	0x0d, 0x05, 0x05, 0x01, 0x01, 0x01, 0x02, 0x02, 
	0x03, 0x02, 0x04, 0x05, 0x02, 0x01, 0x02, 0x04, 
	0x06, 0x01, 0x01, 0x01, 0x00, 0x0a, 0x07, 0x0f, 
	0x08, 0x0a, 0x0b, 0x10, 0x0c, 0x10, 0x10, 0x0c, 
	0x0b, 0x0e, 0x0d, 0x0d, 0x05, 0x09, 0x01, 0x01, 
	0x01, 0x04, 0x01, 0x04, 0x04, 0x04, 0x04, 0x01, 
	0x01, 0x01, 0x07, 0x01, 0x07, 0x08, 0x06, 0x11, 
	0x0d, 0x0b, 0x0b, 0x0a, 0x0c, 0x12, 0x0c, 0x13, 
	0x11, 0x14, 0x0a, 0x0d, 0x09, 0x09, 0x01, 0x01, 
	0x06, 0x00, 0x08, 0x05, 0x00, 0x01, 0x05, 0x05, 
	0x0a, 0x00, 0x09, 0x09, 0x0c, 0x0b, 0x15, 0x13, 
	0x0b, 0x0d, 0x11, 0x0b, 0x0f, 0x0b, 0x0e, 0x08, 
	0x09, 0x0a, 0x15, 0x16, 0x0c, 0x10, 0x14, 0x09, 
	0x05, 0x04, 0x02, 0x04, 0x05, 0x04, 0x00, 0x08, 
	0x0a, 0x01, 0x07, 0x09, 0x10, 0x09, 0x0c, 0x11, 
	0x0e, 0x0b, 0x0d, 0x0b, 0x14, 0x0c, 0x16, 0x14, 
	0x0c, 0x10, 0x15, 0x0c, 0x0a, 0x0b, 0x0f, 0x0b, 
	0x0b, 0x0d, 0x10, 0x0c, 0x0e, 0x09, 0x07, 0x0a, 
	0x0b, 0x10, 0x14, 0x0a, 0x0b, 0x13, 0x0b, 0x0d, 
	0x14, 0x0b, 0x0d, 0x0e, 0x05, 0x09, 0x05, 0x00, 
	0x05, 0x07, 0x0a, 0x13, 0x14, 0x0c, 0x14, 0x0c, 
	0x13, 0x0b, 0x14, 0x0d, 0x08, 0x0c, 0x0c, 0x0b, 
	0x0a, 0x0d, 0x0c, 0x0b, 0x09, 0x07, 0x06, 0x07, 
	0x14, 0x0c, 0x0c, 0x13, 0x11, 0x13, 0x16, 0x12, 
	0x16, 0x14, 0x0c, 0x0c, 0x0c, 0x0d, 0x0b, 0x0d, 
	0x0e, 0x10, 0x0c, 0x0d, 0x0d, 0x0c, 0x0c, 0x0a, 
	0x0e, 0x10, 0x0c, 0x0c, 0x0b, 0x07, 0x05, 0x07, 
	0x01, 0x09, 0x05, 0x04, 0x07, 0x01, 0x05, 0x01, 
	0x02, 0x04, 0x05, 0x0e, 0x0c, 0x15, 0x0e, 0x12, 
	0x14, 0x14, 0x0e, 0x0f, 0x14, 0x0c, 0x12, 0x0e, 
	0x08, 0x0b, 0x0b, 0x0a, 0x05, 0x01, 0x01, 0x06, 
	0x00, 0x07, 0x07, 0x01, 0x0d, 0x01, 0x05, 0x06, 
	0x04, 0x05, 0x09, 0x12, 0x11, 0x0f, 0x08, 0x07, 
	0x09, 0x00, 0x06, 0x07, 0x0a, 0x0c, 0x0e, 0x13, 
	0x0c, 0x0b, 0x05, 0x02, 0x01, 0x07, 0x00, 0x07, 
	0x05, 0x01, 0x01, 0x01, 0x05, 0x07, 0x07, 0x0a, 
	0x07, 0x08, 0x04, 0x0a, 0x10, 0x0c, 0x15, 0x15, 
	0x0c, 0x13, 0x13, 0x0e, 0x0e, 0x15, 0x0e, 0x14, 
	0x0b, 0x0f, 0x0d, 0x01, 0x05, 0x09, 0x09, 0x00, 
	0x02, 0x02, 0x04, 0x02, 0x00, 0x07, 0x01, 0x01, 
	0x01, 0x01, 0x02, 0x09, 0x09, 0x07, 0x08, 0x0d, 
	0x01, 0x01, 0x01, 0x02, 0x05, 0x0c, 0x0e, 0x16, 
	0x00, 0x01, 0x01, 0x00, 0x09, 0x05, 0x09, 0x09, 
	0x07, 0x0c, 0x0b, 0x0c, 0x0b, 0x0d, 0x13, 0x16, 
	0x0e, 0x09, 0x0d, 0x07, 0x09, 0x01, 0x07, 0x0b, 
	0x0c, 0x15, 0x0f, 0x0c, 0x0c, 0x0a, 0x14, 0x09, 
	0x0a, 0x00, 0x00, 0x09, 0x08, 0x0d, 0x0b, 0x0b, 
	0x08, 0x11, 0x06, 0x09, 0x09, 0x07, 0x0a, 0x07, 
	0x07, 0x07, 0x09, 0x05, 0x09, 0x09, 0x07, 0x00, 
	0x00, 0x08, 0x01, 0x01, 0x01, 0x05, 0x11, 0x07, 
	0x01, 0x09, 0x01, 0x09, 0x05, 0x05, 0x09, 0x08, 
	0x09, 0x0d, 0x07, 0x07, 0x0a, 0x0b, 0x0e, 0x14, 
	0x13, 0x0f, 0x10, 0x0a, 0x06, 0x06, 0x00, 0x09, 
	0x07, 0x09, 0x09, 0x09, 0x09, 0x00, 0x07, 0x10, 
	0x0a, 0x0a, 0x09, 0x0a, 0x0a, 0x0b, 0x0c, 0x0c, 
	0x0d, 0x11, 0x0d, 0x0b, 0x0d, 0x10, 0x0d, 0x0a, 
	0x0a, 0x0c, 0x09, 0x00, 0x00, 0x05, 0x05, 0x07, 
	0x0d, 0x08, 0x09, 0x07, 0x09, 0x00, 0x01, 0x09, 
	0x01, 0x00, 0x00, 0x09, 0x01, 0x01, 0x0d, 0x00, 
	0x01, 0x01, 0x04, 0x07, 0x04, 0x01, 0x00, 0x0b, 
	0x0c, 0x13, 0x16, 0x0c, 0x11, 0x08, 0x09, 0x01, 
	0x01, 0x07, 0x05, 0x08, 0x01, 0x09, 0x09, 0x09, 
	0x0a, 0x12, 0x10, 0x0e, 0x10, 0x0c, 0x10, 0x09, 
	0x00, 0x01, 0x01, 0x09, 0x05, 0x01, 0x01, 0x01, 
	0x07, 0x01, 0x0b, 0x01, 0x0d, 0x09, 0x0d, 0x00, 
	0x07, 0x09, 0x05, 0x09, 0x00, 0x01, 0x01, 0x01, 
	0x10, 0x09, 0x0d, 0x00, 0x05, 0x09, 0x09, 0x10, 
	0x07, 0x01, 0x02, 0x01, 0x01, 0x00, 0x07, 0x07, 
	0x06, 0x0d, 0x0a, 0x12, 0x10, 0x0a, 0x0c, 0x0a, 
	0x0b, 0x06, 0x0a, 0x0b, 0x0b, 0x0e, 0x12, 0x0f, 
	0x15, 0x13, 0x16, 0x13, 0x0a, 0x08, 0x06, 0x00, 
	0x05, 0x05, 0x07, 0x01, 0x05, 0x05, 0x05, 0x09, 
	0x09, 0x0d, 0x08, 0x0f, 0x0a, 0x09, 0x0a, 0x0a, 
	0x0a, 0x06, 0x08, 0x09, 0x07, 0x09, 0x07, 0x09, 
	0x07, 0x10, 0x0c, 0x07, 0x11, 0x0c, 0x16, 0x14, 
	0x13, 0x11, 0x0c, 0x0c, 0x0e, 0x11, 0x0e, 0x0d, 
	0x0c, 0x05, 0x0d, 0x07, 0x09, 0x07, 0x07, 0x0b, 
	0x0c, 0x13, 0x10, 0x0e, 0x13, 0x15, 0x13, 0x0c, 
	0x0a, 0x0e, 0x0c, 0x0a, 0x07, 0x01, 0x08, 0x0a, 
	0x13, 0x0b, 0x14, 0x0c, 0x11, 0x0e, 0x0b, 0x0c, 
	0x13, 0x0c, 0x16, 0x0c, 0x0b, 0x01, 0x00, 0x08, 
	0x0b, 0x10, 0x09, 0x10, 0x0c, 0x0e, 0x0b, 0x08, 
	0x05, 0x0c, 0x08, 0x07, 0x0c, 0x13, 0x0e, 0x11, 
	0x12, 0x16, 0x0c, 0x13, 0x0c, 0x10, 0x15, 0x12, 
	0x0f, 0x11, 0x0b, 0x10, 0x07, 0x01, 0x11, 0x07, 
	0x08, 0x13, 0x10, 0x10, 0x14, 0x09, 0x09, 0x00, 
	0x07, 0x0e, 0x09, 0x07, 0x0b, 0x0c, 0x0e, 0x0f, 
	0x15, 0x15, 0x0e, 0x15, 0x0e, 0x0c, 0x0f, 0x10, 
	0x0f, 0x0c, 0x0e, 0x14, 0x12, 0x0d, 0x0b, 0x01, 
	0x09, 0x0a, 0x05, 0x08, 0x0b, 0x09, 0x00, 0x07, 
	0x01, 0x00, 0x10, 0x0c, 0x0e, 0x0c, 0x0d, 0x10, 
	0x08, 0x09, 0x06, 0x07, 0x05, 0x06, 0x09, 0x10, 
	0x0b, 0x0c, 0x11, 0x0b, 0x0b, 0x0e, 0x0d, 0x09, 
	0x0a, 0x0d, 0x0f, 0x09, 0x09, 0x0a, 0x09, 0x0a, 
	0x0a, 0x10, 0x0e, 0x0b, 0x10, 0x0b, 0x0e, 0x15, 
	0x0e, 0x0c, 0x09, 0x05, 0x05, 0x01, 0x01, 0x09, 
	0x09, 0x0b, 0x0b, 0x0b, 0x0c, 0x0f, 0x10, 0x0d, 
	0x0a, 0x0d, 0x12, 0x09, 0x07, 0x0d, 0x00, 0x00, 
	0x08, 0x0e, 0x08, 0x0e, 0x0d, 0x0a, 0x07, 0x05, 
	0x0a, 0x05, 0x05, 0x00, 0x00, 0x00, 0x04, 0x02, 
	0x01, 0x05, 0x10, 0x0a, 0x0f, 0x0a, 0x0e, 0x10, 
	0x0e, 0x0c, 0x0b, 0x0a, 0x0c, 0x11, 0x15, 0x13, 
	0x13, 0x15, 0x08, 0x0d, 0x07, 0x0c, 0x08, 0x08, 
	0x10, 0x05, 0x01, 0x00, 0x02, 0x01, 0x02, 0x01, 
	0x03, 0x02, 0x09, 0x05, 0x0e, 0x0a, 0x0e, 0x07, 
	0x09, 0x0d, 0x0c, 0x0a, 0x0a, 0x08, 0x0d, 0x0b, 
	0x0d, 0x0a, 0x00, 0x07, 0x09, 0x00, 0x01, 0x07, 
	0x05, 0x02, 0x06, 0x00, 0x09, 0x02, 0x04, 0x04, 
	0x04, 0x04, 0x04, 0x06, 0x00, 0x07, 0x01, 0x09, 
	0x0d, 0x0c, 0x12, 0x0e, 0x13, 0x12, 0x0f, 0x16, 
	0x12, 0x10, 0x05, 0x07, 0x0b, 0x07, 0x09, 0x0d, 
	0x07, 0x05, 0x07, 0x02, 0x01, 0x03, 0x02, 0x01, 
	0x01, 0x02, 0x04, 0x01, 0x02, 0x00, 0x01, 0x01, 
	0x02, 0x05, 0x00, 0x09, 0x0b, 0x0c, 0x0c, 0x0f, 
	0x04, 0x04, 0x02, 0x00, 0x01, 0x00, 0x01, 0x00, 
	0x05, 0x00, 0x01, 0x05, 0x01, 0x01, 0x01, 0x05, 
	0x07, 0x01, 0x02, 0x01, 0x04, 0x01, 0x04, 0x01, 
	0x11, 0x09, 0x08, 0x11, 0x12, 0x0c, 0x0a, 0x0a, 
	0x07, 0x09, 0x07, 0x08, 0x0a, 0x08, 0x09, 0x04, 
	0x00, 0x01, 0x01, 0x00, 0x04, 0x04, 0x04, 0x02, 
	0x01, 0x03, 0x03, 0x02, 0x01, 0x02, 0x04, 0x02, 
	0x00, 0x02, 0x01, 0x01, 0x0a, 0x09, 0x00, 0x01, 
	0x05, 0x01, 0x07, 0x01, 0x01, 0x04, 0x02, 0x07, 
	0x05, 0x01, 0x04, 0x00, 0x02, 0x02, 0x02, 0x04, 
	0x01, 0x03, 0x00, 0x00, 0x04, 0x01, 0x01, 0x0a, 
	0x01, 0x08, 0x01, 0x05, 0x05, 0x07, 0x10, 0x09, 
	0x11, 0x09, 0x0a, 0x09, 0x09, 0x07, 0x06, 0x08, 
	0x0b, 0x0a, 0x09, 0x09, 0x01, 0x04, 0x02, 0x02, 
	0x04, 0x02, 0x01, 0x00, 0x04, 0x05, 0x02, 0x00, 
	0x02, 0x05, 0x02, 0x06, 0x07, 0x04, 0x00, 0x01, 
	0x01, 0x01, 0x00, 0x01, 0x01, 0x00, 0x09, 0x07, 
	0x09, 0x07, 0x07, 0x05, 0x00, 0x07, 0x01, 0x05, 
	0x09, 0x01, 0x04, 0x01, 0x01, 0x04, 0x00, 0x05, 
	0x09, 0x01, 0x08, 0x09, 0x0c, 0x00, 0x05, 0x00, 
	0x06, 0x05, 0x08, 0x09, 0x07, 0x0d, 0x13, 0x14, 
	0x14, 0x12, 0x0e, 0x09, 0x04, 0x00, 0x04, 0x01, 
	0x00, 0x04, 0x02, 0x01, 0x01, 0x01, 0x04, 0x04, 
	0x05, 0x04, 0x00, 0x01, 0x09, 0x04, 0x02, 0x04, 
	0x05, 0x01, 0x01, 0x05, 0x09, 0x00, 0x0d, 0x0a, 
	0x12, 0x0b, 0x10, 0x0d, 0x0e, 0x0a, 0x0a, 0x13, 
	0x0d, 0x0a, 0x05, 0x00, 0x05, 0x04, 0x01, 0x04, 
	0x00, 0x09, 0x05, 0x09, 0x06, 0x02, 0x00, 0x01, 
	0x01, 0x00, 0x00, 0x06, 0x0b, 0x10, 0x13, 0x14, 
	0x16, 0x0e, 0x0c, 0x0a, 0x14, 0x09, 0x0b, 0x11, 
	0x09, 0x07, 0x00, 0x01, 0x06, 0x00, 0x07, 0x0d, 
	0x0a, 0x09, 0x00, 0x05, 0x01, 0x00, 0x04, 0x01, 
	0x01, 0x00, 0x08, 0x08, 0x0a, 0x0b, 0x0c, 0x14, 
	0x10, 0x09, 0x0d, 0x0a, 0x0f, 0x14, 0x11, 0x0c, 
	0x11, 0x0c, 0x0a, 0x10, 0x08, 0x0d, 0x07, 0x05, 
	0x00, 0x00, 0x00, 0x00, 0x00, 0x0d, 0x05, 0x00, 
	0x01, 0x01, 0x09, 0x0d, 0x11, 0x0f, 0x16, 0x15, 
	0x13, 0x0c, 0x0c, 0x0c, 0x10, 0x0b, 0x0a, 0x0a, 
	0x0b, 0x0a, 0x08, 0x10, 0x08, 0x11, 0x09, 0x0b, 
	0x09, 0x07, 0x0a, 0x09, 0x00, 0x07, 0x00, 0x05, 
	0x09, 0x0b, 0x10, 0x0b, 0x10, 0x0a, 0x0c, 0x09, 
	0x01, 0x01, 0x01, 0x06, 0x10, 0x0d, 0x0b, 0x0b, 
	0x0b, 0x0b, 0x0b, 0x0b, 0x0f, 0x10, 0x0f, 0x0b, 
	0x0a, 0x07, 0x09, 0x09, 0x05, 0x07, 0x0a, 0x05, 
	0x0d, 0x08, 0x0b, 0x0c, 0x13, 0x0f, 0x15, 0x14, 
	0x14, 0x11, 0x12, 0x11, 0x0f, 0x0d, 0x0a, 0x0a, 
	0x0d, 0x08, 0x0a, 0x08, 0x0f, 0x0c, 0x13, 0x14, 
	0x0c, 0x0c, 0x11, 0x0b, 0x09, 0x09, 0x0a, 0x09, 
	0x0c, 0x14, 0x0c, 0x0c, 0x11, 0x0c, 0x14, 0x06, 
	0x01, 0x04, 0x07, 0x05, 0x04, 0x05, 0x11, 0x0b, 
	0x13, 0x0a, 0x0f, 0x11, 0x0c, 0x0f, 0x0c, 0x0c, 
	0x0e, 0x13, 0x10, 0x0e, 0x0d, 0x0a, 0x0a, 0x0d, 
	0x08, 0x0c, 0x0b, 0x0c, 0x0e, 0x15, 0x13, 0x13, 
	0x0e, 0x11, 0x0f, 0x15, 0x0a, 0x0b, 0x10, 0x0a, 
	0x0e, 0x0a, 0x13, 0x0b, 0x0e, 0x13, 0x12, 0x0c, 
	0x15, 0x15, 0x13, 0x0f, 0x0e, 0x0b, 0x14, 0x0c, 
	0x14, 0x0e, 0x0e, 0x0c, 0x0c, 0x11, 0x09, 0x07, 
	0x07, 0x0a, 0x00, 0x02, 0x02, 0x05, 0x05, 0x06, 
	0x0a, 0x0b, 0x0b, 0x0d, 0x11, 0x0b, 0x0b, 0x0b, 
	0x13, 0x14, 0x12, 0x15, 0x0c, 0x12, 0x0c, 0x0c, 
	0x0e, 0x0e, 0x14, 0x12, 0x0f, 0x15, 0x0e, 0x13, 
	0x0a, 0x13, 0x07, 0x07, 0x01, 0x00, 0x01, 0x06, 
	0x08, 0x08, 0x0a, 0x0a, 0x0b, 0x08, 0x09, 0x08, 
	0x0b, 0x0e, 0x0f, 0x16, 0x13, 0x13, 0x13, 0x12, 
	0x0c, 0x0a, 0x0c, 0x0a, 0x07, 0x00, 0x0d, 0x01, 
	0x01, 0x01, 0x02, 0x02, 0x02, 0x02, 0x00, 0x04, 
	0x01, 0x02, 0x05, 0x0d, 0x10, 0x12, 0x0a, 0x0a, 
	0x10, 0x13, 0x16, 0x12, 0x13, 0x15, 0x13, 0x14, 
	0x12, 0x13, 0x12, 0x0b, 0x0b, 0x0c, 0x08, 0x00, 
	0x00, 0x0d, 0x07, 0x01, 0x02, 0x04, 0x00, 0x01, 
	0x01, 0x04, 0x04, 0x06, 0x01, 0x0d, 0x01, 0x07, 
	0x09, 0x10, 0x13, 0x0f, 0x0f, 0x16, 0x13, 0x13, 
	0x09, 0x00, 0x08, 0x07, 0x07, 0x04, 0x01, 0x06, 
	0x05, 0x09, 0x0a, 0x05, 0x04, 0x02, 0x01, 0x00, 
	0x05, 0x07, 0x00, 0x01, 0x01, 0x0a, 0x07, 0x0d, 
	0x06, 0x0c, 0x0a, 0x0f, 0x14, 0x13, 0x14, 0x12, 
	0x0a, 0x0d, 0x09, 0x09, 0x06, 0x05, 0x05, 0x07, 
	0x07, 0x07, 0x0d, 0x01, 0x01, 0x06, 0x07, 0x00, 
	0x00, 0x07, 0x06, 0x00, 0x00, 0x09, 0x07, 0x08, 
	0x09, 0x0b, 0x0c, 0x14, 0x13, 0x0e, 0x0c, 0x0a, 
	0x0a, 0x07, 0x07, 0x09, 0x09, 0x01, 0x09, 0x00, 
	0x00, 0x0c, 0x0b, 0x0a, 0x08, 0x05, 0x09, 0x01, 
	0x01, 0x00, 0x00, 0x09, 0x07, 0x07, 0x06, 0x05, 
	0x06, 0x08, 0x01, 0x0b, 0x0b, 0x0c, 0x0d, 0x00, 
	0x09, 0x00, 0x05, 0x08, 0x09, 0x04, 0x09, 0x01, 
	0x00, 0x0a, 0x09, 0x0a, 0x10, 0x08, 0x0b, 0x07, 
	0x05, 0x05, 0x01, 0x05, 0x00, 0x00, 0x05, 0x05, 
	0x09, 0x07, 0x08, 0x0b, 0x0d, 0x09, 0x0b, 0x07, 
	0x07, 0x07, 0x06, 0x01, 0x07, 0x01, 0x07, 0x0c, 
	0x0b, 0x0f, 0x0c, 0x12, 0x0c, 0x0b, 0x0b, 0x10, 
	0x07, 0x05, 0x00, 0x0d, 0x07, 0x00, 0x09, 0x09, 
	0x05, 0x01, 0x00, 0x05, 0x07, 0x09, 0x01, 0x01, 
	0x01, 0x00, 0x01, 0x01, 0x09, 0x00, 0x05, 0x0c, 
	0x0a, 0x0f, 0x0a, 0x13, 0x0f, 0x14, 0x0e, 0x13, 
	0x0a, 0x09, 0x09, 0x09, 0x07, 0x06, 0x09, 0x09, 
	0x05, 0x00, 0x09, 0x09, 0x09, 0x0a, 0x09, 0x06, 
	0x07, 0x05, 0x00, 0x0d, 0x0d, 0x0b, 0x10, 0x11, 
	0x14, 0x11, 0x0a, 0x0b, 0x13, 0x0c, 0x14, 0x0c, 
	0x0a, 0x10, 0x07, 0x10, 0x07, 0x01, 0x01, 0x07, 
	0x05, 0x09, 0x01, 0x07, 0x01, 0x00, 0x00, 0x00, 
	0x00, 0x09, 0x06, 0x0d, 0x0d, 0x0d, 0x0a, 0x0d, 
	0x0d, 0x01, 0x01, 0x07, 0x13, 0x0c, 0x15, 0x15, 
	0x13, 0x13, 0x0a, 0x10, 0x07, 0x06, 0x06, 0x09, 
	0x05, 0x09, 0x05, 0x08, 0x09, 0x06, 0x07, 0x07, 
	0x05, 0x01, 0x0b, 0x0b, 0x13, 0x0b, 0x0c, 0x08, 
	0x07, 0x01, 0x01, 0x05, 0x09, 0x0a, 0x0a, 0x0a, 
	0x13, 0x0c, 0x10, 0x07, 0x0a, 0x0a, 0x07, 0x06, 
	0x00, 0x06, 0x04, 0x01, 0x01, 0x07, 0x07, 0x09, 
	0x0a, 0x08, 0x10, 0x0b, 0x13, 0x0a, 0x12, 0x05, 
	0x01, 0x04, 0x00, 0x07, 0x05, 0x0e, 0x0b, 0x0c, 
	0x16, 0x0f, 0x15, 0x0a, 0x0d, 0x09, 0x06, 0x04, 
	0x01, 0x01, 0x04, 0x04, 0x07, 0x00, 0x01, 0x01, 
	0x07, 0x0d, 0x11, 0x10, 0x07, 0x01, 0x00, 0x02, 
	0x02, 0x01, 0x04, 0x07, 0x01, 0x0d, 0x00, 0x08, 
	0x0d, 0x0a, 0x00, 0x01, 0x05, 0x0d, 0x0c, 0x0f, 
	0x0d, 0x09, 0x0d, 0x0c, 0x09, 0x0b, 0x09, 0x14, 
	0x0b, 0x0c, 0x12, 0x13, 0x0d, 0x09, 0x01, 0x01, 
	0x03, 0x04, 0x01, 0x07, 0x05, 0x0a, 0x0d, 0x0b, 
	0x0d, 0x08, 0x07, 0x0d, 0x0b, 0x0a, 0x0a, 0x10, 
	0x05, 0x01, 0x01, 0x06, 0x00, 0x04, 0x01, 0x08, 
	0x08, 0x07, 0x00, 0x04, 0x01, 0x05, 0x03, 0x02, 
	0x02, 0x01, 0x01, 0x04, 0x05, 0x07, 0x09, 0x0c, 
	0x08, 0x07, 0x07, 0x09, 0x09, 0x06, 0x0a, 0x15, 
	0x12, 0x0e, 0x13, 0x11, 0x0e, 0x15, 0x0c, 0x10, 
	0x0a, 0x10, 0x07, 0x05, 0x01, 0x07, 0x02, 0x02, 
	0x02, 0x05, 0x01, 0x07, 0x07, 0x07, 0x07, 0x0a, 
	0x05, 0x00, 0x02, 0x00, 0x01, 0x00, 0x08, 0x0b, 
	0x08, 0x0d, 0x0c, 0x0d, 0x0b, 0x0e, 0x0a, 0x10, 
	0x04, 0x01, 0x01, 0x07, 0x02, 0x04, 0x02, 0x04, 
	0x04, 0x02, 0x01, 0x08, 0x09, 0x09, 0x05, 0x07, 
	0x0a, 0x09, 0x09, 0x06, 0x01, 0x06, 0x01, 0x07, 
	0x0b, 0x07, 0x07, 0x10, 0x0e, 0x08, 0x10, 0x09, 
	0x04, 0x01, 0x01, 0x06, 0x02, 0x02, 0x04, 0x17, 
	0x02, 0x04, 0x01, 0x08, 0x08, 0x09, 0x07, 0x01, 
	0x07, 0x01, 0x05, 0x06, 0x04, 0x06, 0x04, 0x04, 
	0x01, 0x04, 0x01, 0x01, 0x07, 0x02, 0x05, 0x00, 
	
};

Gfx pitstop_dl_desertSand_pal_rgba16_aligner[] = {gsSPEndDisplayList()};
u8 pitstop_dl_desertSand_pal_rgba16[] = {
	0xf6, 0x19, 0xf6, 0x1b, 0xf6, 0x5f, 0xf6, 0x61, 
	0xf6, 0x5d, 0xf6, 0x17, 0xf5, 0xd7, 0xf5, 0xd5, 
	0xf5, 0xd1, 0xf5, 0xd3, 0xf5, 0x8f, 0xf5, 0x8d, 
	0xf5, 0x49, 0xf5, 0x91, 0xf5, 0x47, 0xf5, 0x03, 
	0xf5, 0x8b, 0xf5, 0x4b, 0xf5, 0x45, 0xf5, 0x01, 
	0xf5, 0x05, 0xf4, 0xc1, 0xf4, 0x81, 0xf6, 0xa3, 
	
};

Gfx pitstop_dl_plainconcrete3_i8_aligner[] = {gsSPEndDisplayList()};
u8 pitstop_dl_plainconcrete3_i8[] = {
	0xe9, 0xe9, 0xe1, 0xf1, 0xe9, 0xe9, 0xe9, 0xf1, 
	0xf1, 0xf1, 0xe9, 0xf1, 0xf1, 0xf1, 0xd9, 0xe9, 
	0xe9, 0xe1, 0xd1, 0xd9, 0xe9, 0xe9, 0xe9, 0xe9, 
	0xe1, 0xe9, 0xf1, 0xe9, 0xe9, 0xe9, 0xe9, 0xe9, 
	0xe9, 0xf1, 0xe9, 0xf1, 0xe9, 0xe9, 0xe9, 0xf1, 
	0xf1, 0xf1, 0xf1, 0xf1, 0xf1, 0xe9, 0xe9, 0xe9, 
	0xf1, 0xe9, 0xe9, 0xe1, 0xe9, 0xe1, 0xe1, 0xe1, 
	0xe1, 0xe1, 0xe9, 0xf1, 0xf1, 0xe9, 0xe9, 0xe1, 
	0xe9, 0xf1, 0xf1, 0xf1, 0xe9, 0xe9, 0xf1, 0xe9, 
	0xf1, 0xf1, 0xf1, 0xf1, 0xf1, 0xe1, 0xe9, 0xe1, 
	0xe9, 0xf1, 0xe9, 0xe9, 0xe9, 0xe1, 0xe1, 0xe1, 
	0xe1, 0xe9, 0xe1, 0xe1, 0xf1, 0xe9, 0xd9, 0xe1, 
	0xe9, 0xf1, 0xf1, 0xf1, 0xf1, 0xf1, 0xe9, 0xe9, 
	0xe1, 0xe9, 0xe9, 0xe1, 0xe1, 0xe1, 0xe1, 0xe9, 
	0xf1, 0xf1, 0xe9, 0xf1, 0xf1, 0xe1, 0xe9, 0xe1, 
	0xe9, 0xf1, 0xf1, 0xe9, 0xe9, 0xe9, 0xe9, 0xe1, 
	0xf1, 0xf9, 0xf1, 0xf9, 0xf1, 0xf1, 0xf1, 0xe9, 
	0xe1, 0xe9, 0xe1, 0xe1, 0xe1, 0xd9, 0xe1, 0xe9, 
	0xf1, 0xe9, 0xe1, 0xe1, 0xf1, 0xf1, 0xe9, 0xe1, 
	0xe1, 0xe9, 0xf1, 0xf1, 0xf9, 0xf1, 0xf9, 0xf1, 
	0xf1, 0xf1, 0xf1, 0xf1, 0xf9, 0xf1, 0xf1, 0xe9, 
	0xe9, 0xe1, 0xe9, 0xe9, 0xe9, 0xe1, 0xe9, 0xe1, 
	0xe9, 0xe1, 0xe1, 0xe9, 0xf1, 0xe9, 0xe9, 0xf1, 
	0xe9, 0xe9, 0xe9, 0xe9, 0xe9, 0xf9, 0xf9, 0xf1, 
	0xf1, 0xf9, 0xe9, 0xe9, 0xf1, 0xf1, 0xf1, 0xe9, 
	0xe1, 0xd9, 0xe9, 0xe9, 0xe1, 0xe9, 0xf1, 0xf1, 
	0xf1, 0xe1, 0xe9, 0xf1, 0xf9, 0xf1, 0xe9, 0xe9, 
	0xe9, 0xe1, 0xe1, 0xe9, 0xe9, 0xe9, 0xf1, 0xf1, 
	0xf1, 0xe9, 0xf1, 0xe9, 0xf1, 0xe9, 0xe9, 0xd9, 
	0xd9, 0xe1, 0xe9, 0xe9, 0xe9, 0xe9, 0xf1, 0xf1, 
	0xe9, 0xe9, 0xf1, 0xf1, 0xf1, 0xe9, 0xf1, 0xe9, 
	0xe9, 0xe1, 0xe1, 0xe9, 0xe1, 0xe9, 0xe9, 0xe9, 
	0xf1, 0xe9, 0xe1, 0xe9, 0xe9, 0xe9, 0xe1, 0xd9, 
	0xd1, 0xe1, 0xe9, 0xe1, 0xe9, 0xe9, 0xe9, 0xe9, 
	0xe9, 0xe1, 0xe9, 0xf1, 0xe9, 0xe9, 0xf1, 0xf1, 
	0xe9, 0xe1, 0xe9, 0xe9, 0xe1, 0xe9, 0xe1, 0xe9, 
	0xf1, 0xe9, 0xe9, 0xe9, 0xf1, 0xf1, 0xe9, 0xe1, 
	0xe1, 0xe9, 0xe9, 0xe1, 0xe1, 0xe1, 0xe9, 0xe9, 
	0xe9, 0xe9, 0xe9, 0xe9, 0xe9, 0xe9, 0xe9, 0xe9, 
	0xe9, 0xe1, 0xd1, 0xe9, 0xe1, 0xe1, 0xd9, 0xe1, 
	0xe1, 0xe1, 0xe9, 0xe1, 0xe9, 0xe9, 0xe1, 0xf1, 
	0xe1, 0xf1, 0xe9, 0xf9, 0xe9, 0xe1, 0xe1, 0xe9, 
	0xf1, 0xf1, 0xf1, 0xe9, 0xf1, 0xe9, 0xe9, 0xf1, 
	0xf1, 0xe1, 0xc9, 0xe9, 0xe1, 0xd9, 0xe9, 0xe9, 
	0xf1, 0xf1, 0xe9, 0xe9, 0xe1, 0xe9, 0xe9, 0xe9, 
	0xe9, 0xe1, 0xe9, 0xf1, 0xf1, 0xe9, 0xe1, 0xe9, 
	0xe1, 0xe9, 0xe9, 0xe9, 0xf1, 0xf1, 0xf1, 0xf1, 
	0xe9, 0xe9, 0xe1, 0xe1, 0xe9, 0xe1, 0xf1, 0xf1, 
	0xf1, 0xf1, 0xf1, 0xe9, 0xe9, 0xe9, 0xe9, 0xe9, 
	0xe1, 0xe1, 0xe9, 0xe9, 0xe9, 0xf1, 0xe9, 0xe1, 
	0xe1, 0xe9, 0xf1, 0xe9, 0xe9, 0xf1, 0xe9, 0xe9, 
	0xe9, 0xe9, 0xe9, 0xe9, 0xe9, 0xe9, 0xe9, 0xe9, 
	0xe9, 0xe9, 0xe1, 0xe1, 0xe9, 0xf1, 0xe9, 0xe1, 
	0xe1, 0xe9, 0xe9, 0xe9, 0xe9, 0xe9, 0xe9, 0xe9, 
	0xf1, 0xe9, 0xe9, 0xe9, 0xe9, 0xe9, 0xe9, 0xe1, 
	0xe9, 0xf1, 0xe9, 0xe1, 0xe9, 0xe9, 0xf1, 0xe9, 
	0xe9, 0xe9, 0xe9, 0xe1, 0xe1, 0xe1, 0xe1, 0xe1, 
	0xe9, 0xf1, 0xe1, 0xf1, 0xf1, 0xe9, 0xe9, 0xf1, 
	0xf1, 0xe9, 0xe1, 0xe1, 0xe1, 0xe9, 0xf1, 0xe1, 
	0xd9, 0xf1, 0xf1, 0xf1, 0xf1, 0xf1, 0xf1, 0xe9, 
	0xe1, 0xe1, 0xe9, 0xe9, 0xe9, 0xe9, 0xe1, 0xe1, 
	0xf1, 0xf1, 0xf1, 0xe9, 0xe9, 0xe9, 0xe9, 0xe9, 
	0xe9, 0xe9, 0xe9, 0xe1, 0xe1, 0xe9, 0xe9, 0xe9, 
	0xe9, 0xe9, 0xe9, 0xf1, 0xe9, 0xe9, 0xe9, 0xe9, 
	0xe9, 0xe1, 0xe1, 0xe1, 0xe1, 0xe9, 0xd9, 0xe1, 
	0xe9, 0xe9, 0xf1, 0xf1, 0xe1, 0xe9, 0xe9, 0xe9, 
	0xe9, 0xf1, 0xe9, 0xe9, 0xe1, 0xe9, 0xe9, 0xe1, 
	0xe9, 0xe9, 0xf1, 0xe9, 0xe9, 0xe9, 0xf1, 0xe9, 
	0xe9, 0xe1, 0xe1, 0xe9, 0xe1, 0xe1, 0xe1, 0xe9, 
	0xf1, 0xf9, 0xe9, 0xe9, 0xf1, 0xe9, 0xe9, 0xe1, 
	0xe9, 0xe9, 0xe9, 0xf1, 0xe9, 0xe9, 0xf1, 0xe9, 
	0xe9, 0xe9, 0xe9, 0xe9, 0xe9, 0xe9, 0xf1, 0xe9, 
	0xe1, 0xe1, 0xe1, 0xe9, 0xe9, 0xf1, 0xf1, 0xe9, 
	0xf1, 0xf1, 0xe9, 0xe9, 0xf1, 0xf1, 0xe1, 0xe1, 
	0xe9, 0xe1, 0xe1, 0xe9, 0xe9, 0xf1, 0xf1, 0xe9, 
	0xe9, 0xe1, 0xe9, 0xe9, 0xe9, 0xe9, 0xf1, 0xe9, 
	0xe1, 0xe1, 0xe9, 0xe9, 0xe9, 0xf9, 0xf1, 0xf1, 
	0xf9, 0xf9, 0xff, 0xf1, 0xe9, 0xf1, 0xe1, 0xe9, 
	0xf1, 0xe9, 0xf1, 0xf1, 0xe9, 0xe9, 0xf1, 0xf1, 
	0xf1, 0xe9, 0xe9, 0xf1, 0xe9, 0xe9, 0xf1, 0xe1, 
	0xe9, 0xe9, 0xe1, 0xf1, 0xe9, 0xf1, 0xf9, 0xe9, 
	0xf9, 0xf9, 0xf9, 0xf1, 0xf1, 0xe9, 0xe1, 0xe9, 
	0xf1, 0xf1, 0xe9, 0xf1, 0xf1, 0xe9, 0xe9, 0xf1, 
	0xe9, 0xe9, 0xe1, 0xf1, 0xe9, 0xe9, 0xf1, 0xf1, 
	0xe1, 0xf1, 0xf1, 0xf1, 0xf1, 0xe9, 0xf1, 0xf1, 
	0xf1, 0xf1, 0xf9, 0xf1, 0xf1, 0xf1, 0xe9, 0xe9, 
	0xf1, 0xf1, 0xe9, 0xf9, 0xf9, 0xf1, 0xe9, 0xf1, 
	0xe9, 0xe1, 0xe9, 0xe9, 0xe9, 0xf1, 0xe1, 0xe9, 
	0xe1, 0xe9, 0xe9, 0xf1, 0xe9, 0xf1, 0xf1, 0xf1, 
	0xf1, 0xe1, 0xe1, 0xf1, 0xf1, 0xf1, 0xf1, 0xe1, 
	0xe9, 0xf1, 0xf9, 0xf9, 0xf1, 0xe9, 0xe9, 0xd9, 
	0xe9, 0xe9, 0xe9, 0xe9, 0xe9, 0xe9, 0xf1, 0xf1, 
	0xe1, 0xe9, 0xe9, 0xe9, 0xe9, 0xf1, 0xe9, 0xe9, 
	0xf1, 0xd9, 0xe9, 0xe9, 0xe1, 0xe9, 0xe9, 0xe9, 
	0xe9, 0xe9, 0xf9, 0xf1, 0xf1, 0xf1, 0xe9, 0xe1, 
	0xe1, 0xe9, 0xe9, 0xf1, 0xf1, 0xf1, 0xe9, 0xf1, 
	0xe1, 0xe9, 0xe9, 0xe1, 0xe1, 0xe9, 0xe9, 0xe1, 
	0xe9, 0xe1, 0xd9, 0xe1, 0xe1, 0xe1, 0xe9, 0xe9, 
	0xf1, 0xf1, 0xf1, 0xe9, 0xe9, 0xf1, 0xe9, 0xe9, 
	0xf1, 0xf1, 0xf1, 0xe9, 0xf9, 0xf1, 0xf1, 0xe9, 
	0xf1, 0xf1, 0xe9, 0xe9, 0xf1, 0xe9, 0xe9, 0xe1, 
	0xe1, 0xe1, 0xe1, 0xe1, 0xd9, 0xe1, 0xe9, 0xe9, 
	0xe9, 0xe9, 0xe9, 0xe9, 0xe9, 0xe1, 0xe9, 0xe9, 
	0xf1, 0xf1, 0xf1, 0xf1, 0xf1, 0xf9, 0xf1, 0xf1, 
	0xf9, 0xf9, 0xf1, 0xf1, 0xe9, 0xe9, 0xe9, 0xf1, 
	0xe1, 0xe1, 0xe1, 0xe1, 0xe1, 0xf1, 0xe9, 0xf1, 
	0xf1, 0xe1, 0xf1, 0xe9, 0xd9, 0xe9, 0xe9, 0xe1, 
	0xe9, 0xf1, 0xe9, 0xf1, 0xf9, 0xf1, 0xf9, 0xf1, 
	0xf1, 0xf9, 0xf1, 0xf1, 0xe9, 0xf1, 0xf1, 0xe9, 
	0xe9, 0xe9, 0xe9, 0xe1, 0xd9, 0xf1, 0xe9, 0xf1, 
	0xf1, 0xe9, 0xe9, 0xe9, 0xe9, 0xe9, 0xe9, 0xe9, 
	0xe9, 0xe9, 0xe9, 0xe9, 0xe9, 0xf1, 0xf1, 0xf1, 
	0xf1, 0xf1, 0xf1, 0xe9, 0xe9, 0xe9, 0xe9, 0xf1, 
	0xe9, 0xe9, 0xe9, 0xe1, 0xe9, 0xe9, 0xe9, 0xe9, 
	0xf1, 0xe9, 0xd9, 0xe9, 0xe9, 0xe9, 0xe9, 0xe9, 
	0xe9, 0xf9, 0xf1, 0xf1, 0xe9, 0xe9, 0xf1, 0xf1, 
	0xe9, 0xe1, 0xf1, 0xe1, 0xe1, 0xe9, 0xf1, 0xf1, 
	0xe9, 0xe9, 0xe9, 0xe1, 0xe9, 0xe1, 0xe9, 0xe9, 
	0xf1, 0xf1, 0xe1, 0xd9, 0xe9, 0xe9, 0xe9, 0xe9, 
	0xe1, 0xf1, 0xf1, 0xf1, 0xf1, 0xe9, 0xf1, 0xf1, 
	0xf1, 0xe9, 0xf1, 0xe9, 0xe9, 0xe9, 0xf1, 0xf1, 
	0xe9, 0xe1, 0xe9, 0xe9, 0xe9, 0xf1, 0xe9, 0xe9, 
	0xf1, 0xe9, 0xe1, 0xe1, 0xe9, 0xe1, 0xf9, 0xe9, 
	0xe9, 0xf1, 0xf9, 0xf1, 0xe9, 0xf1, 0xf1, 0xf1, 
	0xe9, 0xf1, 0xf1, 0xe9, 0xe9, 0xe9, 0xe9, 0xf9, 
	0xe9, 0xe9, 0xf1, 0xe9, 0xf1, 0xf1, 0xe9, 0xe1, 
	0xe9, 0xe1, 0xd1, 0xe9, 0xe9, 0xf1, 0xf9, 0xf1, 
	0xe1, 0xe9, 0xe9, 0xf1, 0xe9, 0xe1, 0xe1, 0xe9, 
	
};

Gfx pitstop_dl_Sidewalk_ci8_aligner[] = {gsSPEndDisplayList()};
u8 pitstop_dl_Sidewalk_ci8[] = {
	0x00, 0x01, 0x02, 0x02, 0x00, 0x00, 0x02, 0x00, 
	0x00, 0x03, 0x00, 0x00, 0x00, 0x03, 0x02, 0x02, 
	0x02, 0x00, 0x02, 0x02, 0x04, 0x00, 0x02, 0x05, 
	0x06, 0x06, 0x07, 0x07, 0x02, 0x00, 0x08, 0x00, 
	0x09, 0x00, 0x07, 0x02, 0x0a, 0x02, 0x07, 0x0b, 
	0x0b, 0x0b, 0x07, 0x07, 0x02, 0x00, 0x00, 0x02, 
	0x0c, 0x02, 0x0a, 0x07, 0x0d, 0x05, 0x0e, 0x0e, 
	0x0e, 0x05, 0x0d, 0x0f, 0x10, 0x07, 0x02, 0x00, 
	0x02, 0x07, 0x05, 0x11, 0x0d, 0x12, 0x11, 0x0d, 
	0x12, 0x12, 0x12, 0x12, 0x05, 0x05, 0x05, 0x13, 
	0x10, 0x12, 0x14, 0x12, 0x14, 0x12, 0x05, 0x12, 
	0x0f, 0x12, 0x12, 0x12, 0x10, 0x05, 0x07, 0x02, 
	0x02, 0x05, 0x12, 0x11, 0x15, 0x14, 0x10, 0x15, 
	0x14, 0x14, 0x16, 0x17, 0x05, 0x12, 0x12, 0x12, 
	0x12, 0x14, 0x12, 0x12, 0x12, 0x0d, 0x12, 0x12, 
	0x05, 0x05, 0x12, 0x12, 0x13, 0x0d, 0x07, 0x00, 
	0x03, 0x0d, 0x14, 0x12, 0x14, 0x14, 0x05, 0x12, 
	0x12, 0x14, 0x14, 0x12, 0x13, 0x13, 0x14, 0x14, 
	0x12, 0x12, 0x14, 0x05, 0x07, 0x05, 0x05, 0x12, 
	0x0d, 0x0d, 0x12, 0x05, 0x10, 0x14, 0x07, 0x09, 
	0x02, 0x0d, 0x14, 0x14, 0x14, 0x12, 0x18, 0x14, 
	0x12, 0x12, 0x12, 0x12, 0x17, 0x14, 0x14, 0x14, 
	0x12, 0x19, 0x19, 0x05, 0x19, 0x19, 0x12, 0x14, 
	0x13, 0x13, 0x0d, 0x05, 0x10, 0x12, 0x07, 0x09, 
	0x00, 0x05, 0x12, 0x12, 0x12, 0x18, 0x1a, 0x14, 
	0x14, 0x14, 0x14, 0x14, 0x17, 0x14, 0x16, 0x17, 
	0x10, 0x07, 0x05, 0x07, 0x19, 0x19, 0x19, 0x05, 
	0x14, 0x0d, 0x0d, 0x12, 0x12, 0x12, 0x07, 0x00, 
	0x00, 0x07, 0x12, 0x0d, 0x12, 0x10, 0x10, 0x19, 
	0x14, 0x14, 0x14, 0x15, 0x17, 0x14, 0x13, 0x12, 
	0x07, 0x07, 0x07, 0x19, 0x05, 0x19, 0x05, 0x12, 
	0x14, 0x0d, 0x05, 0x12, 0x12, 0x12, 0x06, 0x02, 
	0x00, 0x0a, 0x12, 0x12, 0x14, 0x11, 0x05, 0x05, 
	0x15, 0x11, 0x15, 0x15, 0x15, 0x15, 0x12, 0x14, 
	0x19, 0x19, 0x19, 0x19, 0x05, 0x12, 0x12, 0x05, 
	0x10, 0x12, 0x05, 0x12, 0x12, 0x10, 0x1b, 0x00, 
	0x00, 0x1b, 0x14, 0x17, 0x15, 0x11, 0x10, 0x12, 
	0x15, 0x12, 0x10, 0x10, 0x12, 0x12, 0x05, 0x12, 
	0x14, 0x19, 0x19, 0x19, 0x12, 0x15, 0x12, 0x12, 
	0x0d, 0x12, 0x12, 0x10, 0x10, 0x10, 0x06, 0x00, 
	0x00, 0x07, 0x17, 0x14, 0x12, 0x10, 0x05, 0x12, 
	0x10, 0x05, 0x05, 0x14, 0x14, 0x1c, 0x12, 0x1a, 
	0x14, 0x12, 0x19, 0x10, 0x14, 0x12, 0x12, 0x11, 
	0x13, 0x14, 0x05, 0x05, 0x10, 0x12, 0x0b, 0x00, 
	0x00, 0x06, 0x14, 0x12, 0x10, 0x12, 0x12, 0x12, 
	0x12, 0x10, 0x05, 0x07, 0x19, 0x10, 0x1c, 0x10, 
	0x12, 0x10, 0x19, 0x19, 0x10, 0x05, 0x05, 0x14, 
	0x15, 0x14, 0x12, 0x05, 0x10, 0x05, 0x0a, 0x00, 
	0x02, 0x07, 0x05, 0x10, 0x12, 0x10, 0x10, 0x10, 
	0x15, 0x14, 0x05, 0x05, 0x13, 0x12, 0x12, 0x14, 
	0x10, 0x10, 0x19, 0x07, 0x19, 0x19, 0x14, 0x14, 
	0x14, 0x14, 0x14, 0x12, 0x10, 0x19, 0x05, 0x01, 
	0x09, 0x07, 0x12, 0x12, 0x12, 0x12, 0x12, 0x13, 
	0x14, 0x11, 0x05, 0x05, 0x14, 0x14, 0x12, 0x12, 
	0x12, 0x12, 0x19, 0x19, 0x05, 0x10, 0x14, 0x05, 
	0x14, 0x14, 0x14, 0x12, 0x10, 0x05, 0x07, 0x01, 
	0x00, 0x07, 0x12, 0x10, 0x12, 0x14, 0x14, 0x15, 
	0x10, 0x05, 0x12, 0x05, 0x12, 0x12, 0x05, 0x05, 
	0x05, 0x14, 0x14, 0x14, 0x14, 0x05, 0x14, 0x05, 
	0x19, 0x14, 0x14, 0x05, 0x19, 0x05, 0x0b, 0x09, 
	0x0c, 0x05, 0x10, 0x12, 0x14, 0x14, 0x12, 0x14, 
	0x12, 0x12, 0x12, 0x12, 0x05, 0x05, 0x05, 0x13, 
	0x14, 0x14, 0x12, 0x14, 0x12, 0x14, 0x05, 0x05, 
	0x19, 0x05, 0x07, 0x05, 0x05, 0x05, 0x08, 0x0c, 
	0x00, 0x07, 0x10, 0x10, 0x10, 0x1a, 0x1a, 0x12, 
	0x12, 0x12, 0x10, 0x12, 0x05, 0x07, 0x07, 0x19, 
	0x05, 0x05, 0x05, 0x05, 0x19, 0x07, 0x05, 0x12, 
	0x05, 0x07, 0x05, 0x05, 0x05, 0x05, 0x0b, 0x02, 
	0x00, 0x0a, 0x19, 0x07, 0x19, 0x19, 0x1a, 0x1a, 
	0x12, 0x12, 0x14, 0x05, 0x19, 0x05, 0x07, 0x07, 
	0x07, 0x19, 0x05, 0x19, 0x0b, 0x0b, 0x12, 0x12, 
	0x0d, 0x05, 0x07, 0x07, 0x05, 0x05, 0x0b, 0x0a, 
	0x00, 0x0a, 0x05, 0x19, 0x07, 0x1a, 0x19, 0x14, 
	0x12, 0x05, 0x05, 0x19, 0x05, 0x05, 0x07, 0x12, 
	0x05, 0x19, 0x05, 0x19, 0x0b, 0x05, 0x12, 0x12, 
	0x13, 0x05, 0x07, 0x07, 0x19, 0x05, 0x08, 0x0a, 
	0x02, 0x0a, 0x19, 0x12, 0x1a, 0x1a, 0x10, 0x19, 
	0x07, 0x05, 0x12, 0x05, 0x05, 0x19, 0x19, 0x05, 
	0x12, 0x07, 0x07, 0x19, 0x05, 0x12, 0x05, 0x12, 
	0x13, 0x13, 0x0d, 0x05, 0x12, 0x12, 0x0b, 0x02, 
	0x00, 0x0a, 0x10, 0x10, 0x10, 0x10, 0x12, 0x05, 
	0x05, 0x19, 0x05, 0x05, 0x05, 0x19, 0x07, 0x05, 
	0x05, 0x19, 0x05, 0x07, 0x05, 0x05, 0x0d, 0x0d, 
	0x13, 0x13, 0x05, 0x0d, 0x05, 0x05, 0x0b, 0x0a, 
	0x02, 0x0b, 0x05, 0x05, 0x05, 0x12, 0x12, 0x05, 
	0x19, 0x19, 0x10, 0x05, 0x07, 0x19, 0x19, 0x10, 
	0x10, 0x05, 0x07, 0x0b, 0x0d, 0x05, 0x05, 0x05, 
	0x05, 0x0d, 0x05, 0x0d, 0x05, 0x07, 0x1d, 0x0a, 
	0x00, 0x0a, 0x05, 0x05, 0x05, 0x05, 0x12, 0x05, 
	0x10, 0x05, 0x19, 0x12, 0x05, 0x19, 0x19, 0x13, 
	0x10, 0x10, 0x19, 0x05, 0x05, 0x05, 0x0d, 0x0d, 
	0x05, 0x05, 0x05, 0x05, 0x05, 0x07, 0x0b, 0x02, 
	0x09, 0x1d, 0x07, 0x19, 0x05, 0x19, 0x05, 0x05, 
	0x07, 0x05, 0x07, 0x19, 0x05, 0x19, 0x19, 0x19, 
	0x10, 0x19, 0x07, 0x07, 0x12, 0x0d, 0x05, 0x05, 
	0x13, 0x05, 0x05, 0x05, 0x07, 0x0b, 0x1d, 0x0c, 
	0x00, 0x0a, 0x05, 0x10, 0x07, 0x07, 0x19, 0x19, 
	0x05, 0x05, 0x0d, 0x0d, 0x05, 0x19, 0x19, 0x19, 
	0x06, 0x19, 0x1b, 0x19, 0x19, 0x05, 0x05, 0x19, 
	0x05, 0x19, 0x19, 0x19, 0x07, 0x0b, 0x0b, 0x0c, 
	0x01, 0x0a, 0x10, 0x10, 0x05, 0x05, 0x19, 0x19, 
	0x05, 0x0d, 0x13, 0x15, 0x12, 0x19, 0x19, 0x19, 
	0x06, 0x12, 0x05, 0x0d, 0x19, 0x05, 0x05, 0x05, 
	0x19, 0x07, 0x07, 0x07, 0x07, 0x07, 0x08, 0x01, 
	0x01, 0x0b, 0x19, 0x19, 0x19, 0x12, 0x12, 0x19, 
	0x05, 0x12, 0x0d, 0x13, 0x05, 0x19, 0x19, 0x05, 
	0x0d, 0x19, 0x07, 0x10, 0x12, 0x12, 0x05, 0x19, 
	0x0b, 0x0b, 0x07, 0x05, 0x07, 0x1a, 0x0b, 0x00, 
	0x09, 0x0a, 0x10, 0x10, 0x12, 0x12, 0x19, 0x05, 
	0x0d, 0x12, 0x17, 0x12, 0x05, 0x05, 0x05, 0x19, 
	0x06, 0x0d, 0x10, 0x10, 0x05, 0x12, 0x05, 0x19, 
	0x07, 0x1b, 0x05, 0x05, 0x1a, 0x1e, 0x07, 0x00, 
	0x09, 0x0b, 0x10, 0x10, 0x05, 0x19, 0x05, 0x05, 
	0x05, 0x05, 0x05, 0x05, 0x05, 0x14, 0x05, 0x07, 
	0x05, 0x05, 0x05, 0x05, 0x05, 0x05, 0x05, 0x05, 
	0x05, 0x05, 0x05, 0x10, 0x05, 0x12, 0x07, 0x00, 
	0x09, 0x1d, 0x07, 0x05, 0x05, 0x05, 0x19, 0x19, 
	0x05, 0x0d, 0x05, 0x19, 0x07, 0x19, 0x05, 0x07, 
	0x05, 0x12, 0x12, 0x05, 0x05, 0x05, 0x05, 0x12, 
	0x05, 0x05, 0x10, 0x10, 0x12, 0x05, 0x07, 0x02, 
	0x1f, 0x01, 0x08, 0x07, 0x07, 0x1b, 0x0b, 0x0b, 
	0x1b, 0x1b, 0x07, 0x07, 0x07, 0x0a, 0x07, 0x07, 
	0x07, 0x06, 0x05, 0x07, 0x07, 0x07, 0x07, 0x0d, 
	0x05, 0x07, 0x07, 0x07, 0x07, 0x07, 0x02, 0x00, 
	0x20, 0x1f, 0x20, 0x00, 0x09, 0x01, 0x00, 0x01, 
	0x01, 0x01, 0x01, 0x01, 0x01, 0x21, 0x00, 0x01, 
	0x00, 0x00, 0x00, 0x00, 0x00, 0x00, 0x00, 0x02, 
	0x02, 0x00, 0x00, 0x00, 0x02, 0x03, 0x00, 0x00, 
	
};

Gfx pitstop_dl_Sidewalk_pal_rgba16_aligner[] = {gsSPEndDisplayList()};
u8 pitstop_dl_Sidewalk_pal_rgba16[] = {
	0x7b, 0xdf, 0x73, 0x9d, 0x84, 0x21, 0x84, 0x1f, 
	0x94, 0x63, 0x9c, 0xe7, 0x9c, 0xe5, 0x94, 0xa5, 
	0x8c, 0x61, 0x73, 0xdd, 0x8c, 0x63, 0x8c, 0xa3, 
	0x7c, 0x1f, 0xa5, 0x27, 0x9c, 0xa5, 0xa4, 0xe7, 
	0x9d, 0x27, 0xa5, 0x69, 0xa5, 0x29, 0xad, 0x69, 
	0xad, 0x6b, 0xb5, 0xad, 0xbd, 0xed, 0xb5, 0xab, 
	0x9d, 0x29, 0x94, 0xe5, 0x94, 0xe7, 0x94, 0xa3, 
	0xad, 0xad, 0x84, 0x61, 0x9c, 0xe9, 0x73, 0x9b, 
	0x7b, 0xdd, 0x6b, 0x9b, 
};

Gfx pitstop_dl_subwaytile_ci8_aligner[] = {gsSPEndDisplayList()};
u8 pitstop_dl_subwaytile_ci8[] = {
	0x00, 0x00, 0x00, 0x01, 0x00, 0x02, 0x02, 0x00, 
	0x03, 0x04, 0x00, 0x05, 0x05, 0x06, 0x06, 0x07, 
	0x08, 0x07, 0x07, 0x08, 0x08, 0x09, 0x0a, 0x06, 
	0x06, 0x07, 0x0b, 0x07, 0x07, 0x0b, 0x0c, 0x0d, 
	0x05, 0x06, 0x00, 0x01, 0x02, 0x00, 0x00, 0x00, 
	0x03, 0x00, 0x00, 0x0e, 0x06, 0x00, 0x06, 0x07, 
	0x06, 0x06, 0x06, 0x06, 0x0f, 0x0f, 0x10, 0x10, 
	0x06, 0x06, 0x07, 0x07, 0x11, 0x12, 0x0d, 0x13, 
	0x05, 0x01, 0x14, 0x15, 0x15, 0x15, 0x16, 0x16, 
	0x17, 0x16, 0x15, 0x15, 0x15, 0x15, 0x15, 0x15, 
	0x15, 0x16, 0x15, 0x15, 0x18, 0x17, 0x17, 0x19, 
	0x17, 0x1a, 0x1b, 0x1b, 0x1a, 0x1b, 0x00, 0x1c, 
	0x00, 0x1b, 0x1d, 0x1e, 0x1e, 0x1e, 0x1f, 0x1f, 
	0x1f, 0x20, 0x20, 0x20, 0x21, 0x1f, 0x1e, 0x1e, 
	0x1e, 0x1f, 0x21, 0x1e, 0x20, 0x1d, 0x1e, 0x1e, 
	0x1e, 0x20, 0x20, 0x20, 0x1d, 0x1d, 0x15, 0x07, 
	0x00, 0x14, 0x22, 0x1f, 0x1f, 0x1f, 0x1f, 0x1f, 
	0x1f, 0x1f, 0x1f, 0x1f, 0x1f, 0x1f, 0x1f, 0x1f, 
	0x1f, 0x1f, 0x1f, 0x1f, 0x1f, 0x1f, 0x1f, 0x1f, 
	0x1f, 0x1f, 0x1f, 0x1f, 0x1f, 0x1f, 0x17, 0x07, 
	0x01, 0x15, 0x20, 0x1f, 0x1f, 0x1f, 0x1f, 0x1f, 
	0x1f, 0x1f, 0x1f, 0x1f, 0x1f, 0x1f, 0x1f, 0x1f, 
	0x1f, 0x1f, 0x1f, 0x1f, 0x1f, 0x1f, 0x1f, 0x1f, 
	0x1f, 0x1f, 0x1f, 0x1f, 0x1f, 0x20, 0x17, 0x11, 
	0x23, 0x1a, 0x20, 0x1f, 0x1f, 0x1f, 0x1f, 0x1f, 
	0x1f, 0x1f, 0x1f, 0x1f, 0x1f, 0x1f, 0x1f, 0x1f, 
	0x1f, 0x1f, 0x1f, 0x1f, 0x1f, 0x1f, 0x1f, 0x1f, 
	0x1f, 0x1f, 0x1f, 0x1f, 0x1f, 0x20, 0x19, 0x06, 
	0x24, 0x1a, 0x1e, 0x1f, 0x1f, 0x1f, 0x1f, 0x1f, 
	0x1f, 0x1f, 0x1f, 0x1f, 0x1f, 0x1f, 0x1f, 0x1f, 
	0x1f, 0x1f, 0x1f, 0x1f, 0x1f, 0x1f, 0x1f, 0x1f, 
	0x1f, 0x1f, 0x1f, 0x1f, 0x1f, 0x20, 0x19, 0x0a, 
	0x01, 0x17, 0x1e, 0x1f, 0x1f, 0x1f, 0x1f, 0x1f, 
	0x1f, 0x1f, 0x1f, 0x1f, 0x1f, 0x1f, 0x1f, 0x1f, 
	0x1f, 0x1f, 0x1f, 0x1f, 0x1f, 0x1f, 0x1f, 0x1f, 
	0x1f, 0x1f, 0x1f, 0x1f, 0x1f, 0x1d, 0x19, 0x0a, 
	0x24, 0x16, 0x1e, 0x1f, 0x1f, 0x1f, 0x1f, 0x1f, 
	0x1f, 0x1f, 0x1f, 0x1f, 0x1f, 0x1f, 0x1f, 0x1f, 
	0x1f, 0x1f, 0x1f, 0x1f, 0x1f, 0x1f, 0x1f, 0x1f, 
	0x1f, 0x1f, 0x1f, 0x1f, 0x1f, 0x22, 0x25, 0x06, 
	0x02, 0x16, 0x1e, 0x1f, 0x1f, 0x1f, 0x1f, 0x1f, 
	0x1f, 0x1f, 0x1f, 0x1f, 0x1f, 0x1f, 0x1f, 0x1f, 
	0x1f, 0x1f, 0x1f, 0x1f, 0x1f, 0x1f, 0x1f, 0x1f, 
	0x1f, 0x1f, 0x1f, 0x1f, 0x1d, 0x1d, 0x26, 0x04, 
	0x24, 0x15, 0x1e, 0x1f, 0x1f, 0x1f, 0x1f, 0x1f, 
	0x1f, 0x1f, 0x1f, 0x1f, 0x1f, 0x1f, 0x1f, 0x1f, 
	0x1f, 0x1f, 0x1f, 0x1f, 0x1f, 0x1f, 0x1f, 0x1f, 
	0x1f, 0x1f, 0x1f, 0x1f, 0x1d, 0x1f, 0x25, 0x06, 
	0x00, 0x15, 0x20, 0x1f, 0x1f, 0x1f, 0x1f, 0x1f, 
	0x1f, 0x1f, 0x1f, 0x1f, 0x1f, 0x1f, 0x1f, 0x1f, 
	0x1f, 0x1f, 0x1f, 0x1f, 0x1f, 0x1f, 0x1f, 0x1f, 
	0x1f, 0x1f, 0x1f, 0x1f, 0x1f, 0x1f, 0x26, 0x00, 
	0x00, 0x14, 0x1d, 0x1f, 0x1f, 0x1f, 0x1f, 0x1f, 
	0x1f, 0x1f, 0x1f, 0x1f, 0x1f, 0x1f, 0x1f, 0x1f, 
	0x1f, 0x1f, 0x1f, 0x1f, 0x1f, 0x1f, 0x1f, 0x1f, 
	0x1f, 0x1f, 0x1f, 0x1f, 0x1f, 0x1f, 0x27, 0x0e, 
	0x0e, 0x14, 0x20, 0x1f, 0x1f, 0x1f, 0x1f, 0x1f, 
	0x1f, 0x1f, 0x1f, 0x1f, 0x1f, 0x1f, 0x1f, 0x1f, 
	0x1f, 0x1f, 0x1f, 0x1f, 0x1f, 0x1f, 0x1f, 0x1f, 
	0x1f, 0x1f, 0x1f, 0x1f, 0x1f, 0x1f, 0x27, 0x24, 
	0x00, 0x1a, 0x20, 0x1f, 0x1f, 0x1f, 0x1f, 0x1f, 
	0x1f, 0x1f, 0x1f, 0x1f, 0x1f, 0x1f, 0x1f, 0x1f, 
	0x1f, 0x1f, 0x1f, 0x1f, 0x1f, 0x1f, 0x1f, 0x1f, 
	0x1f, 0x1f, 0x1f, 0x1f, 0x1f, 0x1f, 0x28, 0x10, 
	0x00, 0x1a, 0x20, 0x1f, 0x1f, 0x1f, 0x1f, 0x1f, 
	0x1f, 0x1f, 0x1f, 0x1f, 0x1f, 0x1f, 0x1f, 0x1f, 
	0x1f, 0x1f, 0x1f, 0x1f, 0x1f, 0x1f, 0x1f, 0x1f, 
	0x1f, 0x1f, 0x1f, 0x1f, 0x1f, 0x1f, 0x28, 0x06, 
	0x04, 0x15, 0x20, 0x1f, 0x1f, 0x1f, 0x1f, 0x1f, 
	0x1f, 0x1f, 0x1f, 0x1f, 0x1f, 0x1f, 0x1f, 0x1f, 
	0x1f, 0x1f, 0x1f, 0x1f, 0x1f, 0x1f, 0x1f, 0x1f, 
	0x1f, 0x1f, 0x1f, 0x1f, 0x1f, 0x1f, 0x28, 0x24, 
	0x24, 0x15, 0x20, 0x1f, 0x1f, 0x1f, 0x1f, 0x1f, 
	0x1f, 0x1f, 0x1f, 0x1f, 0x1f, 0x1f, 0x1f, 0x1f, 
	0x1f, 0x1f, 0x1f, 0x1f, 0x1f, 0x1f, 0x1f, 0x1f, 
	0x1f, 0x1f, 0x1f, 0x1f, 0x1f, 0x1f, 0x29, 0x06, 
	0x24, 0x15, 0x1d, 0x1f, 0x1f, 0x1f, 0x1f, 0x1f, 
	0x1f, 0x1f, 0x1f, 0x1f, 0x1f, 0x1f, 0x1f, 0x1f, 
	0x1f, 0x1f, 0x1f, 0x1f, 0x1f, 0x1f, 0x1f, 0x1f, 
	0x1f, 0x1f, 0x1f, 0x1f, 0x1f, 0x1f, 0x29, 0x06, 
	0x24, 0x15, 0x20, 0x1f, 0x1f, 0x1f, 0x1f, 0x1f, 
	0x1f, 0x1f, 0x1f, 0x1f, 0x1f, 0x1f, 0x1f, 0x1f, 
	0x1f, 0x1f, 0x1f, 0x1f, 0x1f, 0x1f, 0x1f, 0x1f, 
	0x1f, 0x1f, 0x1f, 0x1f, 0x1f, 0x1f, 0x28, 0x06, 
	0x24, 0x15, 0x20, 0x1f, 0x1f, 0x1f, 0x1f, 0x1f, 
	0x1f, 0x1f, 0x1f, 0x1f, 0x1f, 0x1f, 0x1f, 0x1f, 
	0x1f, 0x1f, 0x1f, 0x1f, 0x1f, 0x1f, 0x1f, 0x1f, 
	0x1f, 0x1f, 0x1f, 0x1f, 0x1f, 0x1f, 0x28, 0x04, 
	0x24, 0x16, 0x1e, 0x1f, 0x1f, 0x1f, 0x1f, 0x1f, 
	0x1f, 0x1f, 0x1f, 0x1f, 0x1f, 0x1f, 0x1f, 0x1f, 
	0x1f, 0x1f, 0x1f, 0x1f, 0x1f, 0x1f, 0x1f, 0x1f, 
	0x1f, 0x1f, 0x1f, 0x1f, 0x1f, 0x1f, 0x29, 0x06, 
	0x24, 0x16, 0x22, 0x1f, 0x1f, 0x1f, 0x1f, 0x1f, 
	0x1f, 0x1f, 0x1f, 0x1f, 0x1f, 0x1f, 0x1f, 0x1f, 
	0x1f, 0x1f, 0x1f, 0x1f, 0x1f, 0x1f, 0x1f, 0x1f, 
	0x1f, 0x1f, 0x1f, 0x1f, 0x1f, 0x1f, 0x2a, 0x06, 
	0x24, 0x15, 0x20, 0x1f, 0x1f, 0x1f, 0x1f, 0x1f, 
	0x1f, 0x1f, 0x1f, 0x1f, 0x1f, 0x1f, 0x1f, 0x1f, 
	0x1f, 0x1f, 0x1f, 0x1f, 0x1f, 0x1f, 0x1f, 0x1f, 
	0x1f, 0x1f, 0x1f, 0x1f, 0x1f, 0x1e, 0x19, 0x0a, 
	0x24, 0x15, 0x20, 0x1f, 0x1f, 0x1f, 0x1f, 0x1f, 
	0x1f, 0x1f, 0x1f, 0x1f, 0x1f, 0x1f, 0x1f, 0x1f, 
	0x1f, 0x1f, 0x1f, 0x1f, 0x1f, 0x1f, 0x1f, 0x1f, 
	0x1f, 0x1f, 0x1f, 0x1f, 0x1d, 0x1f, 0x29, 0x2b, 
	0x01, 0x15, 0x22, 0x1f, 0x1f, 0x1f, 0x1f, 0x1f, 
	0x1f, 0x1f, 0x1f, 0x1f, 0x1f, 0x1f, 0x1f, 0x1f, 
	0x1f, 0x1f, 0x1f, 0x1f, 0x1f, 0x1f, 0x1f, 0x1f, 
	0x1f, 0x1f, 0x1f, 0x1f, 0x1f, 0x1f, 0x28, 0x23, 
	0x01, 0x16, 0x1d, 0x1f, 0x1f, 0x1f, 0x1f, 0x1f, 
	0x1f, 0x1f, 0x1f, 0x1f, 0x1f, 0x1f, 0x1f, 0x1f, 
	0x1f, 0x1f, 0x1f, 0x1f, 0x1f, 0x1f, 0x1f, 0x1f, 
	0x1f, 0x1f, 0x1f, 0x1f, 0x1f, 0x1f, 0x28, 0x04, 
	0x2c, 0x1a, 0x1d, 0x1f, 0x1f, 0x1f, 0x1f, 0x1f, 
	0x1f, 0x1f, 0x1f, 0x1f, 0x1f, 0x1f, 0x1f, 0x1f, 
	0x1f, 0x1f, 0x1f, 0x1f, 0x1f, 0x1f, 0x1f, 0x1f, 
	0x1f, 0x1f, 0x1f, 0x1f, 0x1f, 0x1f, 0x29, 0x04, 
	0x01, 0x17, 0x20, 0x1f, 0x1f, 0x1f, 0x1f, 0x1f, 
	0x1f, 0x1f, 0x1f, 0x1f, 0x1f, 0x1f, 0x1f, 0x1f, 
	0x1f, 0x1f, 0x1f, 0x1f, 0x1f, 0x1f, 0x1f, 0x1f, 
	0x1f, 0x1f, 0x1f, 0x1f, 0x1f, 0x1e, 0x17, 0x06, 
	0x2c, 0x1a, 0x28, 0x1d, 0x2d, 0x2e, 0x2e, 0x2e, 
	0x2e, 0x2e, 0x2e, 0x2e, 0x2e, 0x2e, 0x1d, 0x1d, 
	0x1d, 0x1d, 0x1d, 0x2d, 0x1d, 0x1d, 0x1d, 0x2f, 
	0x2e, 0x30, 0x2e, 0x2f, 0x2f, 0x31, 0x32, 0x0f, 
	0x01, 0x33, 0x34, 0x1a, 0x1a, 0x1a, 0x35, 0x35, 
	0x35, 0x32, 0x32, 0x35, 0x33, 0x33, 0x33, 0x33, 
	0x35, 0x33, 0x33, 0x33, 0x32, 0x35, 0x33, 0x33, 
	0x33, 0x32, 0x33, 0x36, 0x36, 0x01, 0x24, 0x07, 
	0x01, 0x36, 0x33, 0x1b, 0x35, 0x33, 0x36, 0x36, 
	0x37, 0x2c, 0x24, 0x24, 0x24, 0x24, 0x24, 0x04, 
	0x02, 0x24, 0x24, 0x2c, 0x23, 0x2c, 0x36, 0x01, 
	0x01, 0x24, 0x24, 0x38, 0x24, 0x00, 0x24, 0x06, 
	0x1a, 0x15, 0x17, 0x17, 0x18, 0x15, 0x1a, 0x1a, 
	0x14, 0x33, 0x33, 0x1b, 0x33, 0x39, 0x24, 0x06, 
	0x24, 0x36, 0x1b, 0x1a, 0x15, 0x1a, 0x1a, 0x1a, 
	0x1b, 0x35, 0x32, 0x33, 0x33, 0x35, 0x1a, 0x33, 
	0x25, 0x26, 0x28, 0x28, 0x3a, 0x28, 0x26, 0x28, 
	0x26, 0x25, 0x26, 0x26, 0x26, 0x19, 0x37, 0x24, 
	0x2c, 0x1a, 0x25, 0x25, 0x26, 0x26, 0x25, 0x25, 
	0x19, 0x25, 0x25, 0x19, 0x26, 0x28, 0x26, 0x26, 
	0x2f, 0x2f, 0x27, 0x27, 0x27, 0x27, 0x2f, 0x2f, 
	0x2f, 0x2f, 0x2f, 0x2f, 0x2f, 0x26, 0x14, 0x24, 
	0x24, 0x16, 0x26, 0x26, 0x26, 0x26, 0x26, 0x26, 
	0x26, 0x26, 0x26, 0x26, 0x26, 0x26, 0x26, 0x26, 
	0x2f, 0x2f, 0x2f, 0x2f, 0x2f, 0x2f, 0x2f, 0x2f, 
	0x2f, 0x2f, 0x2f, 0x2f, 0x2f, 0x26, 0x1a, 0x01, 
	0x01, 0x16, 0x26, 0x26, 0x26, 0x26, 0x26, 0x26, 
	0x26, 0x26, 0x26, 0x26, 0x26, 0x26, 0x26, 0x26, 
	0x2f, 0x2f, 0x2f, 0x2f, 0x2f, 0x2f, 0x2f, 0x2f, 
	0x2f, 0x2f, 0x2f, 0x2f, 0x2f, 0x26, 0x15, 0x01, 
	0x36, 0x16, 0x28, 0x26, 0x26, 0x26, 0x26, 0x26, 
	0x26, 0x26, 0x26, 0x26, 0x26, 0x26, 0x26, 0x26, 
	0x2f, 0x2f, 0x2f, 0x2f, 0x2f, 0x2f, 0x2f, 0x2f, 
	0x2f, 0x2f, 0x2f, 0x2f, 0x2f, 0x3b, 0x15, 0x37, 
	0x33, 0x19, 0x3c, 0x3b, 0x3b, 0x3b, 0x26, 0x26, 
	0x26, 0x26, 0x26, 0x26, 0x26, 0x26, 0x26, 0x26, 
	0x3c, 0x2f, 0x2f, 0x2f, 0x2f, 0x2f, 0x2f, 0x2f, 
	0x2f, 0x2f, 0x2f, 0x2f, 0x2f, 0x26, 0x15, 0x36, 
	0x33, 0x3d, 0x2f, 0x2f, 0x2f, 0x2f, 0x26, 0x26, 
	0x26, 0x26, 0x26, 0x26, 0x26, 0x26, 0x26, 0x26, 
	0x26, 0x2f, 0x2f, 0x2f, 0x2f, 0x2f, 0x2f, 0x2f, 
	0x2f, 0x2f, 0x2f, 0x2f, 0x2f, 0x3b, 0x15, 0x33, 
	0x1b, 0x19, 0x28, 0x2f, 0x2f, 0x2f, 0x2f, 0x3b, 
	0x3b, 0x3b, 0x3b, 0x3b, 0x3b, 0x3b, 0x26, 0x26, 
	0x26, 0x26, 0x26, 0x26, 0x26, 0x26, 0x26, 0x2f, 
	0x2f, 0x2f, 0x2f, 0x2f, 0x2f, 0x27, 0x16, 0x33, 
	0x1b, 0x19, 0x3c, 0x2f, 0x2f, 0x2f, 0x2f, 0x2f, 
	0x2f, 0x2f, 0x2f, 0x2f, 0x2f, 0x2f, 0x3b, 0x26, 
	0x2f, 0x26, 0x3b, 0x2f, 0x2f, 0x26, 0x26, 0x3c, 
	0x2f, 0x2f, 0x2f, 0x2f, 0x2f, 0x3b, 0x15, 0x1b, 
	0x1b, 0x19, 0x3c, 0x2f, 0x2f, 0x2f, 0x2f, 0x2f, 
	0x2f, 0x2f, 0x2f, 0x2f, 0x2f, 0x2f, 0x2f, 0x2f, 
	0x2f, 0x3c, 0x26, 0x3b, 0x3b, 0x3b, 0x2f, 0x2f, 
	0x26, 0x26, 0x26, 0x2f, 0x2f, 0x27, 0x19, 0x35, 
	0x33, 0x17, 0x28, 0x2f, 0x2f, 0x2f, 0x2f, 0x2f, 
	0x2f, 0x2f, 0x2f, 0x2f, 0x2f, 0x2f, 0x2f, 0x2f, 
	0x2f, 0x2f, 0x3c, 0x26, 0x26, 0x2f, 0x2f, 0x2f, 
	0x3b, 0x26, 0x26, 0x2f, 0x2f, 0x27, 0x19, 0x35, 
	0x1b, 0x17, 0x27, 0x2f, 0x2f, 0x2f, 0x2f, 0x2f, 
	0x2f, 0x2f, 0x2f, 0x2f, 0x2f, 0x2f, 0x2f, 0x2f, 
	0x2f, 0x2f, 0x2f, 0x2f, 0x26, 0x2f, 0x2f, 0x2f, 
	0x2f, 0x26, 0x26, 0x26, 0x2f, 0x3b, 0x19, 0x35, 
	0x1a, 0x16, 0x27, 0x2f, 0x2f, 0x2f, 0x2f, 0x2f, 
	0x2f, 0x2f, 0x2f, 0x2f, 0x2f, 0x2f, 0x2f, 0x2f, 
	0x2f, 0x2f, 0x2f, 0x2f, 0x26, 0x3c, 0x2f, 0x2f, 
	0x2f, 0x3b, 0x26, 0x26, 0x3b, 0x2f, 0x17, 0x1a, 
	0x35, 0x3d, 0x27, 0x2f, 0x2f, 0x2f, 0x2f, 0x2f, 
	0x2f, 0x2f, 0x2f, 0x2f, 0x2f, 0x2f, 0x2f, 0x2f, 
	0x2f, 0x2f, 0x2f, 0x2f, 0x26, 0x26, 0x2f, 0x2f, 
	0x2f, 0x2f, 0x2f, 0x2f, 0x26, 0x27, 0x19, 0x1a, 
	0x1a, 0x19, 0x27, 0x2f, 0x2f, 0x2f, 0x2f, 0x2f, 
	0x2f, 0x2f, 0x2f, 0x2f, 0x2f, 0x2f, 0x2f, 0x2f, 
	0x2f, 0x2f, 0x2f, 0x2f, 0x3b, 0x26, 0x2f, 0x2f, 
	0x2f, 0x2f, 0x2f, 0x26, 0x3b, 0x2f, 0x17, 0x1a, 
	0x15, 0x19, 0x28, 0x2f, 0x2f, 0x2f, 0x2f, 0x2f, 
	0x2f, 0x2f, 0x2f, 0x2f, 0x2f, 0x2f, 0x2f, 0x2f, 
	0x2f, 0x2f, 0x2f, 0x2f, 0x2f, 0x26, 0x26, 0x2f, 
	0x2f, 0x26, 0x26, 0x2f, 0x2f, 0x2f, 0x17, 0x1a, 
	0x1a, 0x19, 0x2f, 0x2f, 0x2f, 0x2f, 0x2f, 0x2f, 
	0x2f, 0x2f, 0x2f, 0x2f, 0x2f, 0x2f, 0x2f, 0x2f, 
	0x2f, 0x2f, 0x2f, 0x2f, 0x2f, 0x2f, 0x2f, 0x26, 
	0x26, 0x26, 0x3c, 0x2f, 0x2f, 0x27, 0x19, 0x1a, 
	0x15, 0x26, 0x28, 0x2f, 0x2f, 0x2f, 0x2f, 0x2f, 
	0x2f, 0x2f, 0x2f, 0x2f, 0x2f, 0x2f, 0x2f, 0x2f, 
	0x2f, 0x2f, 0x2f, 0x2f, 0x2f, 0x2f, 0x2f, 0x2f, 
	0x3c, 0x3c, 0x2f, 0x2f, 0x2f, 0x27, 0x19, 0x1b, 
	0x1b, 0x26, 0x28, 0x2f, 0x2f, 0x2f, 0x2f, 0x2f, 
	0x2f, 0x2f, 0x2f, 0x2f, 0x2f, 0x2f, 0x2f, 0x2f, 
	0x2f, 0x2f, 0x2f, 0x2f, 0x2f, 0x2f, 0x2f, 0x2f, 
	0x2f, 0x2f, 0x2f, 0x2f, 0x2f, 0x3b, 0x16, 0x1b, 
	0x33, 0x16, 0x3c, 0x2f, 0x2f, 0x2f, 0x2f, 0x2f, 
	0x2f, 0x2f, 0x2f, 0x2f, 0x2f, 0x2f, 0x2f, 0x2f, 
	0x2f, 0x2f, 0x2f, 0x2f, 0x2f, 0x2f, 0x2f, 0x2f, 
	0x2f, 0x2f, 0x2f, 0x2f, 0x2f, 0x2f, 0x19, 0x33, 
	0x39, 0x19, 0x28, 0x2f, 0x2f, 0x2f, 0x2f, 0x2f, 
	0x3b, 0x27, 0x27, 0x3b, 0x27, 0x27, 0x27, 0x27, 
	0x2f, 0x2f, 0x2f, 0x2f, 0x2f, 0x2f, 0x2f, 0x2f, 
	0x2f, 0x2f, 0x2f, 0x2f, 0x2f, 0x2f, 0x15, 0x37, 
	0x39, 0x19, 0x3c, 0x2f, 0x2f, 0x2f, 0x2f, 0x2f, 
	0x26, 0x26, 0x26, 0x26, 0x26, 0x26, 0x26, 0x26, 
	0x2f, 0x2f, 0x2f, 0x2f, 0x2f, 0x2f, 0x2f, 0x2f, 
	0x2f, 0x2f, 0x2f, 0x2f, 0x2f, 0x2f, 0x19, 0x33, 
	0x37, 0x19, 0x2f, 0x2f, 0x2f, 0x2f, 0x2f, 0x2f, 
	0x26, 0x26, 0x26, 0x26, 0x26, 0x26, 0x26, 0x26, 
	0x2f, 0x2f, 0x2f, 0x2f, 0x2f, 0x2f, 0x2f, 0x2f, 
	0x2f, 0x2f, 0x2f, 0x2f, 0x2f, 0x2f, 0x15, 0x01, 
	0x39, 0x16, 0x3c, 0x2f, 0x2f, 0x2f, 0x2f, 0x2f, 
	0x26, 0x26, 0x26, 0x26, 0x26, 0x26, 0x26, 0x26, 
	0x2f, 0x2f, 0x2f, 0x2f, 0x2f, 0x2f, 0x2f, 0x2f, 
	0x2f, 0x2f, 0x2f, 0x2f, 0x2f, 0x26, 0x15, 0x37, 
	0x01, 0x3d, 0x26, 0x2f, 0x2f, 0x2f, 0x2f, 0x2f, 
	0x26, 0x26, 0x26, 0x26, 0x26, 0x26, 0x26, 0x26, 
	0x2f, 0x2f, 0x2f, 0x2f, 0x2f, 0x2f, 0x2f, 0x2f, 
	0x2f, 0x2f, 0x2f, 0x2f, 0x2f, 0x26, 0x1b, 0x01, 
	0x01, 0x15, 0x26, 0x2f, 0x2f, 0x2f, 0x2f, 0x2f, 
	0x26, 0x26, 0x26, 0x26, 0x26, 0x26, 0x26, 0x26, 
	0x2f, 0x2f, 0x2f, 0x2f, 0x2f, 0x2f, 0x2f, 0x2f, 
	0x2f, 0x2f, 0x2f, 0x2f, 0x2f, 0x28, 0x15, 0x37, 
	0x01, 0x15, 0x26, 0x2f, 0x2f, 0x26, 0x3c, 0x26, 
	0x26, 0x26, 0x26, 0x26, 0x26, 0x26, 0x26, 0x26, 
	0x2f, 0x2f, 0x2f, 0x2f, 0x2f, 0x2f, 0x2f, 0x2f, 
	0x2f, 0x2f, 0x2f, 0x2f, 0x2f, 0x28, 0x35, 0x02, 
	0x02, 0x15, 0x26, 0x27, 0x26, 0x26, 0x26, 0x26, 
	0x26, 0x26, 0x26, 0x26, 0x26, 0x28, 0x26, 0x26, 
	0x26, 0x26, 0x28, 0x28, 0x2f, 0x26, 0x3c, 0x3c, 
	0x3c, 0x26, 0x28, 0x28, 0x26, 0x25, 0x33, 0x00, 
	0x01, 0x15, 0x28, 0x3c, 0x26, 0x26, 0x26, 0x28, 
	0x28, 0x26, 0x26, 0x26, 0x26, 0x25, 0x25, 0x28, 
	0x33, 0x33, 0x1b, 0x1b, 0x14, 0x14, 0x15, 0x15, 
	0x15, 0x3e, 0x1b, 0x15, 0x15, 0x1b, 0x01, 0x01, 
	0x00, 0x1b, 0x15, 0x16, 0x17, 0x17, 0x19, 0x19, 
	0x19, 0x17, 0x17, 0x16, 0x16, 0x19, 0x17, 0x16, 
	0x05, 0x05, 0x05, 0x02, 0x01, 0x03, 0x01, 0x01, 
	0x01, 0x37, 0x01, 0x01, 0x01, 0x01, 0x02, 0x00, 
	0x00, 0x03, 0x01, 0x01, 0x01, 0x02, 0x37, 0x37, 
	0x37, 0x37, 0x33, 0x01, 0x24, 0x24, 0x24, 0x01, 
	
};

Gfx pitstop_dl_subwaytile_pal_rgba16_aligner[] = {gsSPEndDisplayList()};
u8 pitstop_dl_subwaytile_pal_rgba16[] = {
	0xad, 0x27, 0xb5, 0x69, 0xb5, 0x29, 0xad, 0x29, 
	0xad, 0x25, 0xa4, 0xe5, 0xac, 0xe5, 0xa4, 0xa3, 
	0xa4, 0xa1, 0xac, 0xa1, 0xac, 0xa3, 0x9c, 0x61, 
	0xa4, 0x61, 0x9c, 0x1f, 0xac, 0xe7, 0xac, 0xe3, 
	0xb4, 0xe5, 0xa4, 0xa5, 0x9c, 0xa3, 0x93, 0xdd, 
	0xbd, 0xed, 0xc5, 0xef, 0xc6, 0x2f, 0xce, 0x2f, 
	0xcd, 0xef, 0xce, 0x31, 0xc5, 0xed, 0xbd, 0xad, 
	0x94, 0x1f, 0xde, 0xf7, 0xe7, 0x37, 0xe7, 0x39, 
	0xe6, 0xf7, 0xe6, 0xf9, 0xdf, 0x37, 0xb5, 0x67, 
	0xb5, 0x27, 0xce, 0x71, 0xce, 0x73, 0xd6, 0xb3, 
	0xd6, 0x73, 0xd6, 0x71, 0xd6, 0x31, 0xb5, 0x25, 
	0xbd, 0x69, 0xde, 0xf5, 0xde, 0xb5, 0xd6, 0xb5, 
	0xde, 0xb7, 0xde, 0xb3, 0xc5, 0xab, 0xbd, 0xab, 
	0xcd, 0xed, 0xc5, 0xad, 0xbd, 0x6b, 0xb5, 0x6b, 
	0xb4, 0xe7, 0xb5, 0xab, 0xce, 0x33, 0xce, 0xb3, 
	0xd6, 0x75, 0xc6, 0x31, 0xbd, 0xef, 
};

Gfx pitstop_dl_CrustyTile_i8_aligner[] = {gsSPEndDisplayList()};
u8 pitstop_dl_CrustyTile_i8[] = {
	0x80, 0x80, 0x78, 0x88, 0xa0, 0x80, 0x68, 0x80, 
	0x80, 0x88, 0x98, 0x90, 0x80, 0x80, 0x88, 0x88, 
	0xf8, 0xf8, 0xe8, 0xf8, 0xe0, 0xb8, 0xe0, 0xe0, 
	0xe0, 0xf8, 0xf8, 0xe8, 0xe0, 0xe8, 0xd0, 0xd8, 
	0x78, 0x60, 0x78, 0x90, 0xa0, 0x88, 0x80, 0x80, 
	0x90, 0x98, 0x98, 0x98, 0x88, 0x90, 0x90, 0x80, 
	0xf8, 0xf0, 0xe8, 0xd8, 0xc0, 0xe0, 0xd0, 0xf0, 
	0xe8, 0xe0, 0xe8, 0xe8, 0xd8, 0xe0, 0xd0, 0xe0, 
	0x78, 0x80, 0x88, 0x98, 0x88, 0x88, 0x80, 0x88, 
	0x98, 0x98, 0x98, 0x88, 0x98, 0x80, 0x70, 0x80, 
	0xf0, 0xf8, 0xf8, 0xc8, 0xe0, 0xe8, 0xe8, 0xc8, 
	0xf8, 0xf0, 0xf8, 0xf8, 0xe8, 0xe8, 0xe0, 0xd8, 
	0x80, 0x80, 0xa0, 0xa0, 0x88, 0x80, 0x88, 0x90, 
	0x98, 0x90, 0x98, 0x98, 0x78, 0x70, 0x68, 0x88, 
	0xf0, 0xe8, 0xe8, 0xf0, 0xd8, 0xf8, 0xe0, 0xe8, 
	0xe0, 0xf8, 0xf8, 0xf8, 0xd0, 0xd8, 0xf0, 0xe0, 
	0x80, 0x88, 0x98, 0xa0, 0x88, 0x80, 0x70, 0x80, 
	0x90, 0x88, 0x88, 0x88, 0x80, 0x60, 0x58, 0x88, 
	0xf8, 0xf0, 0xf8, 0xf8, 0xf0, 0xe0, 0xe8, 0xf8, 
	0xf8, 0xf8, 0xf8, 0xf0, 0xd8, 0xc8, 0xf0, 0xd8, 
	0x88, 0x80, 0x80, 0x88, 0x98, 0x80, 0x68, 0x80, 
	0x80, 0x78, 0x68, 0x80, 0x68, 0x70, 0x68, 0x78, 
	0xd0, 0xc8, 0xe8, 0xe8, 0xe0, 0xf0, 0xe8, 0xf8, 
	0xf8, 0xf8, 0xf8, 0xf8, 0xe0, 0xe0, 0xf8, 0xe0, 
	0x80, 0x78, 0x80, 0x80, 0x80, 0x80, 0x70, 0x80, 
	0x98, 0x80, 0x78, 0x80, 0x88, 0x58, 0x50, 0x68, 
	0xc0, 0xc8, 0xc0, 0xe0, 0xf8, 0xf8, 0xf8, 0xe0, 
	0xe8, 0xf8, 0xf0, 0xd8, 0xe8, 0xe8, 0xf0, 0xe8, 
	0x90, 0x68, 0x68, 0x98, 0x90, 0x88, 0x80, 0x88, 
	0x98, 0x80, 0x78, 0x80, 0x98, 0x90, 0x60, 0x48, 
	0xe8, 0xd8, 0xc0, 0xf8, 0xf8, 0xf8, 0xe8, 0xe0, 
	0xd8, 0xc8, 0xf0, 0xe8, 0xf0, 0xf8, 0xf0, 0xf0, 
	0x80, 0x90, 0x88, 0x98, 0xa0, 0xa0, 0xa0, 0x88, 
	0x78, 0x78, 0x68, 0x98, 0x98, 0x88, 0x88, 0x80, 
	0xf0, 0xe0, 0xd8, 0xe0, 0xf8, 0xf8, 0xe8, 0xd8, 
	0xd0, 0xc8, 0xf8, 0xe0, 0xf0, 0xf8, 0xf8, 0xe8, 
	0x80, 0x88, 0x90, 0xa0, 0xa0, 0xa0, 0x98, 0x98, 
	0x60, 0x60, 0x70, 0x80, 0x80, 0x80, 0x80, 0x78, 
	0xf8, 0xe8, 0xd8, 0xe0, 0xe0, 0xf8, 0xf8, 0xd0, 
	0xb8, 0xe0, 0xf8, 0xe8, 0xe8, 0xe8, 0xf0, 0xd0, 
	0x80, 0x80, 0xa0, 0xa0, 0x98, 0xa0, 0x98, 0x78, 
	0x68, 0x70, 0x68, 0x70, 0x78, 0x78, 0x88, 0x70, 
	0xe0, 0xd0, 0xd0, 0xd8, 0xe0, 0xe8, 0xe8, 0xe8, 
	0xf8, 0xe8, 0xf0, 0xf8, 0xe8, 0xe8, 0xe8, 0xe0, 
	0x88, 0x90, 0xa0, 0x98, 0x98, 0x98, 0x88, 0x80, 
	0x98, 0x78, 0x80, 0x98, 0x80, 0x60, 0x60, 0x68, 
	0xd8, 0xd0, 0xd8, 0xe8, 0xe8, 0xf8, 0xf8, 0xf8, 
	0xf8, 0xd0, 0xe8, 0xf8, 0xf8, 0xf0, 0xf0, 0xf8, 
	0x88, 0x98, 0xa0, 0xa0, 0x88, 0x78, 0x88, 0x68, 
	0x68, 0x80, 0x88, 0x88, 0x80, 0x60, 0x50, 0x80, 
	0xd8, 0xd0, 0xc8, 0xd8, 0xf8, 0xf8, 0xe0, 0xe0, 
	0xc8, 0xd8, 0xf8, 0xf8, 0xf8, 0xf8, 0xf8, 0xf8, 
	0x88, 0x90, 0x98, 0x98, 0x70, 0x78, 0x68, 0x58, 
	0x70, 0x80, 0x88, 0x88, 0x80, 0x68, 0x70, 0x78, 
	0xc8, 0xd8, 0xd8, 0xe8, 0xf8, 0xe0, 0xd8, 0xe0, 
	0xe0, 0xf8, 0xf8, 0xf0, 0xf0, 0xf8, 0xf0, 0xf8, 
	0x80, 0x60, 0x50, 0x80, 0x80, 0x70, 0x58, 0x58, 
	0x78, 0x88, 0x98, 0x98, 0x88, 0x80, 0x98, 0x78, 
	0xe0, 0xd8, 0xd0, 0xe0, 0xf0, 0xe0, 0xf0, 0xf8, 
	0xf0, 0xf8, 0xf8, 0xe0, 0xf8, 0xf0, 0xd8, 0xd8, 
	0x68, 0x78, 0x60, 0x70, 0x98, 0x98, 0x80, 0x58, 
	0x60, 0x68, 0x88, 0x88, 0x70, 0x88, 0x88, 0x80, 
	0xf8, 0xd0, 0xc8, 0xd8, 0xe0, 0xf8, 0xf8, 0xe8, 
	0xe8, 0xf8, 0xf0, 0xe0, 0xe8, 0xe0, 0xc8, 0xc8, 
	0xc8, 0xc8, 0xc0, 0xc0, 0xe8, 0xf0, 0xe8, 0xe8, 
	0xd8, 0xd0, 0xf0, 0xf0, 0xe8, 0xf8, 0xe0, 0xf8, 
	0x70, 0x70, 0x70, 0x60, 0x68, 0x88, 0x68, 0x80, 
	0x98, 0x88, 0x80, 0x78, 0x80, 0x60, 0x58, 0x58, 
	0xe8, 0xe8, 0xc0, 0xd0, 0xe0, 0xe0, 0xe0, 0xf8, 
	0xe0, 0xd8, 0xe0, 0xe8, 0xf8, 0xf8, 0xe8, 0xe0, 
	0x58, 0x68, 0x68, 0x60, 0x78, 0x58, 0x78, 0x70, 
	0x78, 0x78, 0x88, 0x88, 0x70, 0x58, 0x68, 0x68, 
	0xe0, 0xd8, 0xe8, 0xd0, 0xe0, 0xe8, 0xc8, 0xc8, 
	0xd8, 0xe0, 0xe0, 0xf8, 0xf8, 0xf8, 0xf8, 0xd8, 
	0x60, 0x70, 0x60, 0x78, 0x70, 0x80, 0x68, 0x50, 
	0x58, 0x70, 0x88, 0x88, 0x78, 0x68, 0x78, 0x68, 
	0xe8, 0xf0, 0xe0, 0xd0, 0xc0, 0xd8, 0xe0, 0xe0, 
	0xe0, 0xe8, 0xf8, 0xf8, 0xf8, 0xf8, 0xf8, 0xd8, 
	0x60, 0x80, 0x70, 0x80, 0x80, 0x80, 0x68, 0x68, 
	0x78, 0x80, 0x80, 0x80, 0x78, 0x68, 0x80, 0x80, 
	0xf8, 0xf8, 0xf8, 0xb0, 0xb8, 0xf0, 0xe8, 0xe8, 
	0xf8, 0xf8, 0xe8, 0xe8, 0xe8, 0xf8, 0xe8, 0xd8, 
	0x80, 0x88, 0x88, 0x98, 0xa0, 0x80, 0x70, 0x50, 
	0x70, 0x68, 0x78, 0x68, 0x58, 0x68, 0x80, 0x88, 
	0xd8, 0xe8, 0xd0, 0xc0, 0xd8, 0xe0, 0xf0, 0xe8, 
	0xe8, 0xf0, 0xf0, 0xf0, 0xc8, 0xe0, 0xd0, 0xe0, 
	0x78, 0x88, 0xa0, 0x88, 0x88, 0x80, 0x78, 0x58, 
	0x68, 0x80, 0x88, 0x70, 0x78, 0x70, 0x88, 0x80, 
	0xc0, 0xe0, 0xe0, 0xe8, 0xe0, 0xf0, 0xe0, 0xe0, 
	0xe0, 0xf0, 0xf8, 0xf8, 0xe8, 0xb8, 0xe0, 0xf8, 
	0x80, 0x80, 0x88, 0x78, 0x80, 0x80, 0x70, 0x88, 
	0x80, 0x80, 0x90, 0x90, 0x90, 0x98, 0x98, 0x70, 
	0xc8, 0xc8, 0xd0, 0xd8, 0xe8, 0xe8, 0xe8, 0xf8, 
	0xf8, 0xf8, 0xf8, 0xf8, 0xe8, 0xe0, 0xf0, 0xf8, 
	0x80, 0x78, 0x80, 0x88, 0x78, 0x60, 0x70, 0x68, 
	0x80, 0x80, 0x88, 0x80, 0x88, 0x90, 0x80, 0x70, 
	0xd8, 0xd0, 0xd0, 0xd8, 0xe0, 0xf0, 0xf0, 0xf8, 
	0xf8, 0xf8, 0xf8, 0xe8, 0xe0, 0xc8, 0xf0, 0xe0, 
	0x78, 0x78, 0x88, 0x88, 0x80, 0x60, 0x68, 0x78, 
	0xa0, 0x88, 0x80, 0x70, 0x80, 0x80, 0x88, 0x88, 
	0xe0, 0xe8, 0xd8, 0xe0, 0xd8, 0xf8, 0xe8, 0xf8, 
	0xf8, 0xf8, 0xf8, 0xf8, 0xc8, 0xd8, 0xc0, 0xd8, 
	0x80, 0x90, 0x88, 0x80, 0x88, 0x80, 0x78, 0x80, 
	0x88, 0x88, 0x88, 0x80, 0x88, 0x98, 0x88, 0x78, 
	0xd8, 0xf0, 0xe8, 0xe0, 0xd0, 0xd8, 0xe0, 0xe0, 
	0xe8, 0xf0, 0xf8, 0xf8, 0xe8, 0xd8, 0xd0, 0xe0, 
	0x88, 0x88, 0x80, 0x78, 0x78, 0x80, 0x80, 0x80, 
	0x80, 0x88, 0x80, 0x78, 0x78, 0x90, 0x88, 0x78, 
	0xd8, 0xe0, 0xe0, 0xe8, 0xd8, 0xd0, 0xd8, 0xe0, 
	0xf0, 0xf8, 0xe8, 0xe8, 0xe8, 0xe8, 0xe0, 0xd8, 
	0x88, 0x70, 0x60, 0x78, 0x80, 0x80, 0x88, 0x78, 
	0x70, 0x68, 0x70, 0x70, 0x68, 0x68, 0x78, 0x70, 
	0xd8, 0xd0, 0xd8, 0xd8, 0xf8, 0xd8, 0xf0, 0xf0, 
	0xe0, 0xf8, 0xd8, 0xc8, 0xc8, 0xe0, 0xc8, 0xe0, 
	0x70, 0x70, 0x68, 0x60, 0x78, 0x68, 0x78, 0x58, 
	0x68, 0x68, 0x68, 0x60, 0x68, 0x68, 0x70, 0x80, 
	0xf0, 0xd0, 0xf8, 0xe8, 0xe0, 0xe8, 0xf0, 0xf8, 
	0xe8, 0xd0, 0xe0, 0xe8, 0xc8, 0xb8, 0xf0, 0xe8, 
	0x80, 0x68, 0x60, 0x50, 0x68, 0x68, 0x48, 0x78, 
	0x88, 0x90, 0x68, 0x60, 0x60, 0x78, 0x88, 0x80, 
	0xf8, 0xe8, 0xe0, 0xe8, 0xd0, 0xe0, 0xe8, 0xf8, 
	0xf0, 0xf0, 0xe8, 0xf8, 0xe8, 0xd8, 0xc8, 0xf8, 
	0x88, 0x78, 0x68, 0x50, 0x50, 0x68, 0x50, 0x50, 
	0x78, 0x68, 0x68, 0x68, 0x78, 0x88, 0x78, 0x78, 
	0xe0, 0xf8, 0xe0, 0xe8, 0xe8, 0xd8, 0xe8, 0xe8, 
	0xe0, 0xe0, 0xe8, 0xe8, 0xd8, 0xc8, 0xe8, 0xf0, 
	0x88, 0x80, 0x78, 0x68, 0x58, 0x50, 0x70, 0x50, 
	0x68, 0x80, 0x70, 0x68, 0x80, 0x80, 0x70, 0x68, 
	
};

Gfx pitstop_dl_drinks_rgba16_aligner[] = {gsSPEndDisplayList()};
u8 pitstop_dl_drinks_rgba16[] = {
	0x09, 0xd7, 0x0a, 0x1b, 0x12, 0x5d, 0x12, 0x5d, 
	0x0a, 0x5d, 0x0a, 0x1b, 0x1a, 0x1b, 0x22, 0x5b, 
	0x1a, 0x19, 0x12, 0x19, 0x12, 0x19, 0x12, 0x19, 
	0x0a, 0x19, 0x02, 0x1b, 0x02, 0x5b, 0x02, 0x5b, 
	0x0a, 0x5d, 0x12, 0x5d, 0x02, 0x1b, 0x02, 0x1b, 
	0x02, 0x1b, 0x0a, 0x1b, 0x02, 0x1b, 0x0a, 0x5b, 
	0x0a, 0x5b, 0x12, 0x1b, 0x12, 0x1b, 0x12, 0x19, 
	0x12, 0x19, 0x12, 0x5b, 0x1a, 0x5b, 0x22, 0x59, 
	0x09, 0x93, 0x0a, 0x19, 0x53, 0x5b, 0x32, 0x57, 
	0x3a, 0x59, 0x73, 0x1b, 0x94, 0x21, 0x32, 0x57, 
	0x32, 0x57, 0x8b, 0x9d, 0x8b, 0xdd, 0x8c, 0x61, 
	0x7b, 0x5b, 0x73, 0x19, 0x73, 0x1b, 0x4a, 0x95, 
	0x64, 0x5b, 0x04, 0x15, 0x0b, 0x53, 0x23, 0xd7, 
	0x1c, 0x15, 0x8d, 0x17, 0x83, 0x99, 0x83, 0x5b, 
	0xb3, 0xdf, 0x8b, 0x19, 0x9b, 0x9d, 0x93, 0x5d, 
	0x94, 0x1f, 0xbd, 0x15, 0x52, 0xd9, 0x22, 0x17, 
	0x11, 0x91, 0x1a, 0x15, 0x9d, 0x23, 0x8c, 0xdd, 
	0x9d, 0x1f, 0xac, 0xdf, 0xb5, 0x21, 0xad, 0x63, 
	0x8c, 0x9f, 0x9c, 0x1d, 0xb4, 0x9f, 0xbd, 0xa9, 
	0x7b, 0x59, 0x9b, 0xdd, 0x9b, 0xdf, 0x5a, 0x51, 
	0x85, 0x9b, 0x1d, 0x91, 0x25, 0x53, 0xa5, 0xe5, 
	0x75, 0x21, 0xae, 0x67, 0xb5, 0x1f, 0xc4, 0xe3, 
	0xe5, 0x63, 0xcc, 0x9d, 0xdd, 0xa7, 0xc4, 0x19, 
	0xd5, 0xa7, 0xe6, 0x61, 0x63, 0x17, 0x22, 0x17, 
	0x19, 0x91, 0x21, 0xd5, 0x9d, 0x63, 0x7c, 0x19, 
	0x73, 0x97, 0xbc, 0xdd, 0xcd, 0x61, 0xad, 0x23, 
	0x9c, 0x9f, 0x93, 0x97, 0xdc, 0xdf, 0xde, 0x6b, 
	0xb5, 0x1f, 0xde, 0x2b, 0xbc, 0x1d, 0x9b, 0xd5, 
	0xb6, 0xe5, 0x6d, 0xd9, 0x5d, 0x19, 0xbe, 0x29, 
	0xc6, 0x2d, 0xb5, 0xe9, 0xc5, 0xa3, 0xcd, 0xa5, 
	0xdd, 0x63, 0xc4, 0x19, 0xdd, 0x1f, 0xbc, 0x19, 
	0xc5, 0x61, 0xd5, 0xdf, 0x63, 0x19, 0x22, 0x15, 
	0x19, 0x4f, 0x19, 0xd3, 0x8c, 0xe1, 0x5b, 0x15, 
	0x39, 0xcd, 0xba, 0x51, 0xdc, 0x19, 0x49, 0xcd, 
	0x5a, 0xd3, 0x7a, 0x91, 0xe3, 0x95, 0xe6, 0xad, 
	0xbd, 0x21, 0xdd, 0x65, 0x92, 0x53, 0x82, 0xd5, 
	0x95, 0xdd, 0x14, 0x8b, 0x0c, 0x8f, 0x4c, 0xd7, 
	0x4c, 0xd9, 0xad, 0x21, 0xd5, 0xed, 0xc6, 0x2d, 
	0xd6, 0x2d, 0xa4, 0x1d, 0xac, 0x5b, 0xa3, 0xd9, 
	0x9c, 0x5b, 0xc5, 0x57, 0x63, 0x15, 0x22, 0x15, 
	0x19, 0x4f, 0x21, 0xd3, 0x8c, 0xdf, 0x5a, 0xd5, 
	0x39, 0xcd, 0xc3, 0x13, 0xcb, 0x97, 0x52, 0x0f, 
	0x6b, 0x55, 0x72, 0x93, 0xd3, 0x95, 0xcd, 0xe7, 
	0xac, 0xdf, 0xde, 0x2b, 0xad, 0x29, 0xad, 0x6b, 
	0xce, 0xad, 0x3c, 0xd3, 0x3c, 0xd5, 0x7d, 0x5b, 
	0x4d, 0x53, 0x74, 0xdd, 0x9d, 0x23, 0xcd, 0xeb, 
	0xce, 0x2b, 0xac, 0xa1, 0xce, 0x29, 0xac, 0xe1, 
	0xac, 0xe1, 0xac, 0xdd, 0x5a, 0xd5, 0x29, 0xd3, 
	0x21, 0x4f, 0x29, 0x91, 0xa4, 0xdf, 0x8c, 0x19, 
	0x6b, 0x13, 0x73, 0x13, 0x6a, 0x91, 0x42, 0x0d, 
	0x62, 0x4f, 0xcc, 0x1b, 0xd4, 0x9b, 0xdd, 0x1f, 
	0xdd, 0xed, 0xc6, 0xb7, 0x7d, 0x71, 0x7d, 0x73, 
	0xae, 0x71, 0xc5, 0xeb, 0xd3, 0xd9, 0xcb, 0xd7, 
	0xcc, 0x9d, 0xcc, 0x5b, 0xcc, 0x1b, 0xcc, 0x9f, 
	0xcc, 0x9f, 0xcb, 0x95, 0xcb, 0xd9, 0xcc, 0x5b, 
	0xd4, 0x9f, 0xd4, 0x1b, 0x6a, 0x97, 0x29, 0xd3, 
	0x21, 0x4d, 0x29, 0x91, 0xa4, 0x5d, 0x8b, 0x95, 
	0x7b, 0x53, 0x82, 0xcf, 0x72, 0xd5, 0x63, 0x15, 
	0x7b, 0x95, 0x7b, 0x53, 0x9b, 0xd5, 0xb5, 0x21, 
	0xd7, 0x39, 0x8d, 0xab, 0x34, 0xab, 0x2c, 0xe7, 
	0x75, 0xa3, 0xdf, 0x39, 0xa3, 0xdb, 0x83, 0x11, 
	0x7b, 0x51, 0x93, 0x53, 0x92, 0xd1, 0x7a, 0x91, 
	0x82, 0xd3, 0xa3, 0x97, 0xa3, 0xd9, 0x72, 0xd1, 
	0x82, 0xd3, 0x9a, 0xd3, 0x4a, 0x13, 0x29, 0xd1, 
	0x21, 0x4d, 0x29, 0x8f, 0xb5, 0x5f, 0xa4, 0x99, 
	0xac, 0xd9, 0xb4, 0x9b, 0x6b, 0x13, 0x7b, 0xd9, 
	0x9d, 0x21, 0x5b, 0x53, 0x9c, 0x9b, 0xc5, 0x63, 
	0xdf, 0x39, 0xae, 0x73, 0xa6, 0x71, 0x96, 0x29, 
	0xbe, 0xb3, 0xdf, 0x39, 0xdd, 0xa7, 0xb5, 0x1f, 
	0x73, 0xd5, 0xbc, 0xdb, 0xd5, 0x1f, 0x72, 0xd1, 
	0x7a, 0xd3, 0xdd, 0x63, 0xc5, 0x61, 0x6b, 0x53, 
	0x8b, 0x95, 0xd4, 0xe1, 0x73, 0x19, 0x21, 0x91, 
	0x21, 0x4d, 0x29, 0x8f, 0xa5, 0x1d, 0x8c, 0x55, 
	0x8c, 0x15, 0x84, 0x15, 0x63, 0x53, 0x73, 0xd9, 
	0x84, 0x9d, 0x63, 0x95, 0x74, 0x19, 0x6b, 0xd7, 
	0xa5, 0x69, 0xce, 0xf7, 0xb6, 0x33, 0xbe, 0x73, 
	0xd6, 0xf7, 0xc6, 0x6d, 0xce, 0x6b, 0xd6, 0xef, 
	0x94, 0xdd, 0xa5, 0x1f, 0x6b, 0x97, 0x63, 0x13, 
	0x7b, 0x95, 0x73, 0xd9, 0x6b, 0x97, 0x52, 0x91, 
	0x6b, 0x55, 0x6b, 0x99, 0x31, 0xd1, 0x21, 0x91, 
	0x21, 0x4d, 0x29, 0x8f, 0x9c, 0xdf, 0x6b, 0x95, 
	0x63, 0x53, 0x93, 0x95, 0x7b, 0x55, 0x5b, 0x13, 
	0x5b, 0x13, 0x73, 0xd7, 0x84, 0x59, 0x53, 0x53, 
	0x53, 0x13, 0x73, 0xdb, 0x7c, 0x21, 0x84, 0x63, 
	0x6b, 0x99, 0xa5, 0x21, 0x74, 0x19, 0x8c, 0x9d, 
	0x7c, 0x19, 0x73, 0x97, 0x6b, 0x95, 0x94, 0x9b, 
	0x94, 0x9b, 0x4a, 0x4f, 0x84, 0x1b, 0x52, 0x93, 
	0x94, 0x5d, 0x52, 0xd5, 0x29, 0xd1, 0x21, 0x91, 
	0x21, 0x4d, 0x31, 0x8f, 0xa4, 0xdf, 0x63, 0x13, 
	0x5a, 0x91, 0xe4, 0x9b, 0xd3, 0x53, 0x6b, 0x15, 
	0x5a, 0xd3, 0x73, 0x97, 0x9c, 0x9d, 0x5a, 0xd1, 
	0x52, 0x4f, 0x7b, 0x97, 0x62, 0x93, 0x4a, 0x4f, 
	0x63, 0x13, 0xa4, 0xdd, 0x84, 0x5b, 0x84, 0x5b, 
	0x7b, 0x95, 0x94, 0x59, 0x5a, 0x4f, 0x94, 0x5b, 
	0x9c, 0x9d, 0x6b, 0x57, 0x94, 0x9f, 0x83, 0xdb, 
	0x9c, 0x9d, 0x5b, 0x15, 0x32, 0x11, 0x21, 0x91, 
	0x21, 0x4d, 0x31, 0x8f, 0xb4, 0xe1, 0x62, 0x93, 
	0x49, 0x8b, 0xcb, 0x95, 0xb2, 0x91, 0x62, 0x91, 
	0x6b, 0x59, 0x6a, 0xd1, 0xdd, 0x63, 0xdd, 0x23, 
	0xab, 0xd9, 0xb4, 0x5b, 0xed, 0xe9, 0xd5, 0x23, 
	0xb4, 0xe3, 0xdd, 0xe9, 0xee, 0x6d, 0xe6, 0x2b, 
	0xb4, 0xa1, 0xe5, 0xa7, 0xe5, 0x65, 0xd5, 0x21, 
	0xc5, 0xa3, 0xee, 0xf1, 0xf6, 0xf1, 0xc5, 0xa7, 
	0xcd, 0xe5, 0xdd, 0xe9, 0x73, 0x59, 0x29, 0xd1, 
	0x21, 0x4b, 0x39, 0x8d, 0xb4, 0xdf, 0x73, 0x15, 
	0x39, 0x8b, 0x6b, 0x15, 0x31, 0x49, 0x62, 0x93, 
	0x6b, 0x17, 0x52, 0x0d, 0xcd, 0x1f, 0xb4, 0x1b, 
	0x8a, 0x4f, 0xb3, 0x95, 0xf6, 0xab, 0xe4, 0xdf, 
	0xab, 0x99, 0xc4, 0x9f, 0xed, 0xa5, 0xe5, 0x21, 
	0xa3, 0xdb, 0xd4, 0x9f, 0xcd, 0x65, 0xcd, 0x67, 
	0xad, 0x23, 0xe6, 0xef, 0xe6, 0xf1, 0xde, 0x2b, 
	0xb5, 0x21, 0xcd, 0xe7, 0x6b, 0x57, 0x29, 0x8f, 
	0x21, 0x4b, 0x39, 0x8d, 0xb5, 0x23, 0x9c, 0x1b, 
	0x73, 0x57, 0x63, 0x13, 0x5a, 0x91, 0x41, 0xcd, 
	0x39, 0xcd, 0x31, 0x49, 0xac, 0x5b, 0x92, 0x91, 
	0x82, 0x91, 0xc3, 0x91, 0xf5, 0x55, 0xe4, 0x93, 
	0x82, 0x51, 0xa3, 0xd7, 0xbc, 0x1b, 0x9a, 0xd3, 
	0x72, 0x91, 0xab, 0xd5, 0xbc, 0xe3, 0xe6, 0x2d, 
	0xde, 0xb1, 0xd6, 0x6f, 0xd6, 0xb1, 0xce, 0x2d, 
	0x9c, 0x9f, 0xc5, 0xe9, 0x63, 0x17, 0x29, 0x8f, 
	0x21, 0x4b, 0x31, 0x8d, 0xa4, 0x9f, 0x83, 0x95, 
	0x73, 0x13, 0x6a, 0x91, 0x6a, 0x8f, 0x49, 0xcd, 
	0x41, 0xcd, 0x39, 0x4b, 0x62, 0x91, 0x6a, 0xd1, 
	0x83, 0x53, 0x8b, 0x95, 0x9b, 0xd7, 0x82, 0xd1, 
	0x8b, 0x97, 0x94, 0x19, 0x7b, 0x53, 0x6a, 0xd1, 
	0x73, 0x15, 0x7b, 0x55, 0x62, 0x4f, 0x7b, 0x15, 
	0x7b, 0x55, 0x6a, 0xd5, 0x62, 0x91, 0x7b, 0x57, 
	0x73, 0x15, 0x62, 0xd3, 0x31, 0x8f, 0x29, 0x8f, 
	0x21, 0x4b, 0x31, 0x8d, 0xa4, 0xdf, 0x73, 0x13, 
	0x5a, 0x4f, 0xdc, 0x9d, 0xf5, 0x21, 0xdc, 0x9f, 
	0xc4, 0xe1, 0xb4, 0xa1, 0xab, 0x13, 0xdd, 0x1f, 
	0xee, 0xaf, 0xe6, 0x29, 0xdd, 0xa7, 0xdd, 0xa3, 
	0xde, 0x6b, 0xcc, 0xdd, 0xbb, 0xd5, 0xd5, 0x63, 
	0xc5, 0x21, 0xb3, 0xd9, 0xab, 0xd9, 0xcd, 0xa7, 
	0xb3, 0xdb, 0x9a, 0x91, 0xbc, 0x9f, 0xcd, 0x65, 
	0xb3, 0x97, 0xb4, 0x1b, 0x5a, 0x51, 0x29, 0x8d, 
	0x29, 0x4b, 0x31, 0x8d, 0x9c, 0x9f, 0x62, 0xd1, 
	0x73, 0x53, 0xb4, 0xe1, 0xa3, 0x55, 0x8a, 0x91, 
	0x6a, 0xd5, 0x31, 0x49, 0x64, 0x15, 0x64, 0x95, 
	0x52, 0x8d, 0x63, 0x11, 0x75, 0x17, 0x5c, 0x53, 
	0x4a, 0x4d, 0x6c, 0x15, 0x5d, 0x17, 0x43, 0x4f, 
	0x42, 0x4f, 0x64, 0x57, 0x5c, 0xd9, 0x42, 0xcf, 
	0x42, 0xd1, 0x65, 0x17, 0x5c, 0xd7, 0x52, 0x8d, 
	0x7c, 0x15, 0x6d, 0x59, 0x42, 0xd3, 0x29, 0x8d, 
	0x21, 0x4b, 0x39, 0x8d, 0x94, 0x9f, 0x52, 0x4f, 
	0x4a, 0x4d, 0x94, 0x9d, 0x52, 0x51, 0x42, 0x0d, 
	0x39, 0xcd, 0x29, 0x07, 0x8b, 0x95, 0xa4, 0x59, 
	0x7a, 0x8f, 0x62, 0x09, 0xcd, 0x61, 0xcc, 0xdd, 
	0x8a, 0x8f, 0x93, 0x99, 0xc5, 0xa7, 0xa4, 0x5f, 
	0x62, 0x11, 0xac, 0xdf, 0xb5, 0x21, 0x7a, 0xd3, 
	0x5a, 0x0d, 0xbd, 0x5d, 0xb4, 0xd9, 0x93, 0x4b, 
	0x9b, 0x93, 0xc5, 0x61, 0x62, 0xd5, 0x29, 0x8f, 
	0x29, 0x4b, 0x39, 0xcd, 0x9c, 0x5d, 0x52, 0x0f, 
	0x39, 0xcb, 0x7b, 0x97, 0x52, 0x93, 0x39, 0x8d, 
	0x39, 0x8b, 0x7a, 0x8b, 0xdc, 0x0f, 0xe4, 0x0d, 
	0xdb, 0x8b, 0xdb, 0xcb, 0xf4, 0xcf, 0xf4, 0xcb, 
	0xf4, 0x49, 0xbb, 0xd5, 0xa3, 0x9b, 0xab, 0xd9, 
	0x9a, 0x8f, 0xbc, 0xdf, 0x8b, 0x17, 0x9b, 0x97, 
	0xbc, 0x8f, 0xee, 0x0d, 0xee, 0x4f, 0xed, 0x89, 
	0xcc, 0x93, 0xc3, 0x97, 0x59, 0xcf, 0x31, 0x8f, 
	0x21, 0x4b, 0x41, 0xcd, 0xb4, 0xe1, 0x72, 0xd3, 
	0x73, 0x11, 0xbd, 0x21, 0xbd, 0xa7, 0x52, 0x4f, 
	0x41, 0xcb, 0xa3, 0x8d, 0xed, 0x11, 0xeb, 0x83, 
	0xeb, 0x43, 0xf4, 0x93, 0xfc, 0x8d, 0xfc, 0x43, 
	0xfc, 0x07, 0xd4, 0x99, 0x8a, 0x0d, 0x92, 0x51, 
	0x92, 0x4f, 0x9b, 0x57, 0x7a, 0x0d, 0xa3, 0x93, 
	0xd5, 0x9d, 0xed, 0xc9, 0xf6, 0x4b, 0xed, 0xcb, 
	0xcc, 0x51, 0xca, 0xcd, 0x61, 0xcd, 0x31, 0x8f, 
	0x29, 0x4b, 0x49, 0xcd, 0xc4, 0xe1, 0x73, 0x15, 
	0x72, 0xcf, 0xec, 0xdf, 0xcc, 0xa1, 0x4a, 0x0f, 
	0x5a, 0x91, 0x82, 0x89, 0xec, 0xcf, 0xec, 0xcb, 
	0xf3, 0xc7, 0xf4, 0x4b, 0xf5, 0x0f, 0xf4, 0x03, 
	0xfb, 0x83, 0xe4, 0x95, 0xcb, 0x95, 0xcb, 0x97, 
	0xb2, 0x4d, 0xd3, 0xd7, 0xba, 0x4b, 0xd4, 0x55, 
	0xdc, 0xcf, 0xee, 0x09, 0xf6, 0x49, 0xed, 0x8b, 
	0xdd, 0x13, 0xd3, 0x8f, 0x72, 0x0d, 0x31, 0x8f, 
	0x29, 0x4b, 0x5a, 0x0f, 0xc4, 0x9f, 0x6a, 0x91, 
	0x62, 0x91, 0xb5, 0x65, 0x94, 0x5f, 0x42, 0x0f, 
	0x41, 0xcd, 0x7a, 0xcf, 0xf5, 0x0f, 0xfd, 0x91, 
	0xf5, 0xd7, 0xf6, 0x23, 0xfe, 0x9d, 0xfe, 0x59, 
	0xf5, 0x15, 0xf5, 0xa1, 0xfd, 0x1f, 0xf5, 0x63, 
	0xdc, 0x19, 0xf6, 0x69, 0xf4, 0x9b, 0xcc, 0xdd, 
	0xde, 0x21, 0xf6, 0x95, 0xf6, 0xcf, 0xee, 0x55, 
	0xe5, 0xdf, 0xf5, 0x17, 0x8a, 0xcf, 0x39, 0xcf, 
	0x29, 0x4b, 0x5a, 0x0d, 0xc4, 0x9f, 0x72, 0xd1, 
	0x62, 0x8f, 0x6b, 0x55, 0x41, 0xcd, 0x62, 0x91, 
	0x52, 0x4f, 0x51, 0xc9, 0xe4, 0x8b, 0xfd, 0x0d, 
	0xf7, 0x2f, 0xf6, 0x2b, 0xf6, 0x17, 0xf5, 0xcf, 
	0xf4, 0x8f, 0xed, 0x1b, 0xf5, 0x61, 0xeb, 0xd7, 
	0xca, 0x8d, 0xe5, 0xe9, 0xed, 0x65, 0xd6, 0x2b, 
	0xde, 0x2b, 0xf6, 0x5d, 0xfe, 0xc5, 0xee, 0x9b, 
	0xdd, 0x17, 0xf5, 0x15, 0x8a, 0x8f, 0x39, 0xcf, 
	0x29, 0x4b, 0x4a, 0x0d, 0xac, 0x5b, 0x5a, 0x4d, 
	0x41, 0xcb, 0x4a, 0x0f, 0x63, 0x15, 0x73, 0x13, 
	0x8b, 0x55, 0x51, 0xc9, 0xcb, 0xd1, 0xd3, 0x47, 
	0xe5, 0x21, 0xdc, 0x9b, 0xec, 0x4f, 0xe4, 0x07, 
	0xec, 0x11, 0xdc, 0x57, 0xab, 0x55, 0x92, 0x0b, 
	0x9a, 0x91, 0xcc, 0xa1, 0xcc, 0xe1, 0xcd, 0xa9, 
	0xcd, 0xe9, 0xdd, 0x9d, 0xd5, 0x03, 0xdd, 0x91, 
	0xd4, 0x93, 0xc3, 0x51, 0x62, 0x0d, 0x39, 0x8f, 
	0x29, 0x0b, 0x52, 0x0d, 0xbc, 0xdb, 0x7b, 0x11, 
	0x5a, 0x4d, 0x92, 0xd1, 0x9b, 0x15, 0x7a, 0xd3, 
	0x8b, 0x55, 0xc4, 0x91, 0xe5, 0x99, 0xee, 0x63, 
	0xee, 0x1b, 0xee, 0x1b, 0xee, 0x21, 0xee, 0x1b, 
	0xee, 0x5b, 0xee, 0x61, 0xe5, 0xe1, 0xe5, 0x91, 
	0xe5, 0x8d, 0xdd, 0x99, 0xdd, 0x9b, 0xdd, 0x93, 
	0xdd, 0x91, 0xe5, 0xdf, 0xe5, 0x93, 0xe5, 0x8b, 
	0xe5, 0x95, 0xdd, 0x9d, 0x7a, 0xcf, 0x31, 0x8f, 
	0x21, 0x0d, 0x4a, 0x0d, 0xac, 0x59, 0x62, 0x8f, 
	0x72, 0xcf, 0xe4, 0xdf, 0xf5, 0xa5, 0xcc, 0x5f, 
	0x73, 0x13, 0x72, 0xcb, 0xb4, 0x57, 0xb4, 0x99, 
	0xac, 0x57, 0xbc, 0xdb, 0xcd, 0xa3, 0xcd, 0x5d, 
	0xc5, 0x1b, 0xbc, 0x97, 0xac, 0x57, 0x93, 0x8d, 
	0x9b, 0x8b, 0xbc, 0xd7, 0xcd, 0x55, 0xcd, 0x11, 
	0xd5, 0x13, 0xcd, 0x1d, 0xc4, 0x97, 0xb3, 0xcd, 
	0xab, 0xd1, 0xac, 0x13, 0x5a, 0x4d, 0x31, 0x4d, 
	0x0a, 0x5d, 0x42, 0x11, 0xac, 0x99, 0x7b, 0x11, 
	0x93, 0x91, 0xc3, 0xd5, 0x8b, 0x11, 0x6a, 0x91, 
	0x62, 0x93, 0x41, 0xcb, 0xa4, 0x9f, 0xa4, 0x9f, 
	0x6a, 0x91, 0x62, 0x4d, 0xbd, 0x65, 0xa4, 0x9f, 
	0x7b, 0x13, 0x7a, 0xd3, 0x8b, 0x97, 0x49, 0xcb, 
	0x5a, 0x09, 0xcd, 0x99, 0xf6, 0x57, 0xe5, 0x4b, 
	0xbc, 0x49, 0xc5, 0x21, 0xb4, 0x1d, 0x79, 0xc9, 
	0x93, 0x13, 0xa3, 0x55, 0x6a, 0x95, 0x29, 0x4d, 
	0x12, 0x19, 0x41, 0xcb, 0xa4, 0x15, 0x5a, 0x4d, 
	0x6a, 0xcf, 0x7b, 0x55, 0x52, 0x4f, 0x5a, 0x91, 
	0x52, 0x51, 0x73, 0x15, 0x7b, 0x55, 0x73, 0x15, 
	0x6a, 0x93, 0x8b, 0x99, 0x8c, 0x1d, 0x83, 0xdb, 
	0xa5, 0x67, 0x94, 0xa1, 0x6a, 0x8f, 0x41, 0x47, 
	0x9b, 0xc9, 0xf6, 0x4d, 0xf6, 0x43, 0xf6, 0x4d, 
	0xed, 0x95, 0x92, 0xcf, 0xab, 0x97, 0xa2, 0x4d, 
	0xe4, 0x19, 0xeb, 0x55, 0x81, 0xcf, 0x31, 0x4d, 
	0x21, 0x4d, 0x5a, 0x4b, 0xac, 0x53, 0x52, 0x0d, 
	0x62, 0x8f, 0x7b, 0x55, 0x52, 0x51, 0x31, 0x8d, 
	0x39, 0xcd, 0x62, 0x91, 0x9b, 0xd9, 0x5a, 0x0f, 
	0x5a, 0x0f, 0xad, 0x69, 0x8c, 0xa5, 0x9c, 0x5f, 
	0xad, 0x61, 0x8d, 0x4f, 0x7c, 0x4f, 0x49, 0xc9, 
	0xa3, 0xc7, 0xf6, 0x49, 0xfe, 0x03, 0xf5, 0xc3, 
	0xed, 0x53, 0xa2, 0x4b, 0xbb, 0x13, 0xb2, 0x4f, 
	0xe3, 0x55, 0xf2, 0xd3, 0x89, 0xcf, 0x29, 0x4b, 
	0x21, 0x09, 0x6a, 0x8d, 0xac, 0x97, 0x5a, 0x4f, 
	0x62, 0x8f, 0xbc, 0xe1, 0x93, 0xdd, 0x39, 0x8d, 
	0x4a, 0x51, 0x83, 0xd7, 0x94, 0x59, 0x73, 0x53, 
	0x84, 0x1d, 0xb6, 0x2d, 0x7c, 0x1f, 0x7b, 0x59, 
	0x84, 0x65, 0x74, 0xe5, 0x74, 0x9b, 0x94, 0x17, 
	0xcd, 0x57, 0xff, 0x4f, 0xff, 0x4d, 0xee, 0x95, 
	0xec, 0x91, 0xf3, 0x91, 0xf4, 0xdd, 0xdb, 0xd7, 
	0xd3, 0xd7, 0xe3, 0x15, 0x82, 0x0f, 0x29, 0x0b, 
	0x21, 0x09, 0x62, 0xd1, 0xa4, 0x9b, 0x52, 0x4f, 
	0x5a, 0x4f, 0xcc, 0xe5, 0x8b, 0x5b, 0x39, 0xcf, 
	0x31, 0x8f, 0x7b, 0x97, 0xce, 0x29, 0xd6, 0xad, 
	0xce, 0x6d, 0xbe, 0x2f, 0xa5, 0x6b, 0x94, 0xa5, 
	0x84, 0x63, 0xa5, 0xab, 0x94, 0xe1, 0xa4, 0x9d, 
	0xbd, 0x61, 0xf7, 0xb5, 0xff, 0xb1, 0xee, 0xa9, 
	0xcd, 0x5f, 0xf6, 0xad, 0xf6, 0x2b, 0xee, 0x29, 
	0xc5, 0x63, 0x94, 0x1f, 0x52, 0x53, 0x29, 0x4b, 
	0x29, 0x4b, 0x5a, 0x91, 0xa4, 0x9d, 0x8c, 0x1b, 
	0x94, 0x5b, 0xac, 0xe1, 0x6b, 0x15, 0x52, 0x93, 
	0x4a, 0x51, 0x62, 0xd1, 0xde, 0x6b, 0xef, 0x75, 
	0xe6, 0xf1, 0xd6, 0xaf, 0xce, 0xb3, 0xad, 0xad, 
	0xbe, 0x2f, 0xd6, 0xf5, 0xef, 0x77, 0xe6, 0xf5, 
	0xde, 0xb1, 0xef, 0x35, 0xf7, 0xb9, 0xd6, 0x6b, 
	0xcd, 0xe5, 0xf7, 0x77, 0xee, 0xf3, 0xf6, 0x29, 
	0xd4, 0x55, 0x7a, 0xd5, 0x4a, 0x11, 0x29, 0x0b, 
	0x29, 0x4b, 0x52, 0x51, 0xac, 0xe1, 0x94, 0x5d, 
	0xa4, 0xe1, 0xa4, 0xe3, 0x62, 0xd3, 0x5a, 0x93, 
	0x6b, 0x17, 0x5a, 0x91, 0xc5, 0xa7, 0xc5, 0xeb, 
	0xa4, 0xe1, 0xb5, 0x23, 0xd6, 0x6f, 0xad, 0x67, 
	0xb5, 0x65, 0xc5, 0xeb, 0xb5, 0x67, 0xad, 0x23, 
	0xd6, 0x2b, 0xee, 0xef, 0xe6, 0x69, 0xd5, 0x9f, 
	0xc4, 0xd9, 0xcd, 0xa9, 0xbd, 0x25, 0xbc, 0xa1, 
	0xab, 0xd9, 0x7a, 0xd5, 0x41, 0x8d, 0x21, 0x0b, 
	0x21, 0x09, 0x52, 0x51, 0x94, 0x1d, 0x6b, 0x57, 
	0x6b, 0x57, 0x7b, 0xdb, 0x5a, 0xd5, 0x52, 0x51, 
	0x6b, 0x19, 0xa4, 0xe7, 0xbd, 0xa9, 0xde, 0x6d, 
	0xe6, 0xb3, 0xe6, 0xb1, 0xdd, 0xab, 0xdd, 0x69, 
	0xe5, 0xab, 0xdd, 0x6b, 0xd5, 0x29, 0xc4, 0xa5, 
	0xbc, 0xa7, 0xac, 0x67, 0x83, 0x5f, 0x9c, 0x65, 
	0xb5, 0x69, 0xbd, 0x69, 0xbd, 0x69, 0xc4, 0xe7, 
	0xcc, 0xe5, 0xcc, 0x23, 0x6a, 0x53, 0x21, 0x0b, 
	0x18, 0xc7, 0x42, 0x0d, 0x94, 0x9f, 0x8c, 0x1d, 
	0xa4, 0xe1, 0x93, 0x55, 0x8a, 0xd3, 0x72, 0x51, 
	0x42, 0x11, 0x5a, 0x95, 0x6b, 0x99, 0x7c, 0x19, 
	0x83, 0xd9, 0x7c, 0x19, 0x74, 0x59, 0x73, 0x97, 
	0x7b, 0x9b, 0x74, 0x1d, 0x63, 0xd9, 0x5a, 0xd3, 
	0x63, 0x59, 0x6c, 0x1b, 0x53, 0x97, 0x5b, 0x15, 
	0x74, 0x5b, 0x6c, 0x17, 0x6b, 0x99, 0x63, 0x57, 
	0x73, 0x99, 0x8b, 0xd9, 0x52, 0x51, 0x21, 0x0b, 
	0x21, 0x09, 0x4a, 0x51, 0x84, 0x5f, 0x8c, 0x5f, 
	0x7b, 0x57, 0xcc, 0xe3, 0xed, 0x23, 0xdc, 0x9f, 
	0x41, 0xcf, 0x29, 0x49, 0x53, 0xd7, 0x5c, 0x9b, 
	0x3a, 0x4f, 0x53, 0x55, 0x75, 0xa1, 0x5b, 0x99, 
	0x5b, 0x17, 0x7c, 0xdf, 0x7d, 0xa3, 0x4b, 0x15, 
	0x63, 0x57, 0x9d, 0xa5, 0x8d, 0x23, 0x42, 0x53, 
	0x6b, 0x99, 0x85, 0xa3, 0x5b, 0x99, 0x42, 0x51, 
	0x73, 0x99, 0xbd, 0xa9, 0x6b, 0x99, 0x21, 0x0b, 
	0x29, 0x4b, 0x52, 0x95, 0x7b, 0xdd, 0x52, 0x95, 
	0x6b, 0x15, 0xa5, 0x23, 0x52, 0x4d, 0x52, 0x0d, 
	0x42, 0x51, 0x31, 0xcd, 0x8c, 0x61, 0x6b, 0x9b, 
	0x6b, 0xdd, 0xa4, 0xe3, 0xa5, 0x69, 0x74, 0x1f, 
	0x7b, 0xdd, 0xb5, 0x67, 0x9d, 0x67, 0x84, 0x5f, 
	0x6b, 0x5b, 0x94, 0xe5, 0x8d, 0x25, 0x63, 0x9d, 
	0x7c, 0x1f, 0x84, 0xa3, 0x8c, 0x61, 0x63, 0x5b, 
	0x7c, 0x61, 0x8c, 0xe5, 0x4a, 0x95, 0x21, 0x0b, 
	0x29, 0x4b, 0x5a, 0xd5, 0x7b, 0xdd, 0x42, 0x0f, 
	0x52, 0x91, 0x94, 0x9d, 0x6b, 0x97, 0x39, 0xcd, 
	0x52, 0x93, 0x7b, 0xdb, 0x7b, 0xdb, 0x5b, 0x19, 
	0x73, 0xdd, 0x94, 0xa3, 0x53, 0x17, 0x53, 0x17, 
	0x6b, 0xdf, 0x94, 0xe3, 0x53, 0x19, 0x7b, 0xdb, 
	0xa4, 0xe3, 0xa5, 0x25, 0x73, 0x9b, 0x9c, 0xa3, 
	0xb5, 0xa7, 0x84, 0x61, 0xa4, 0xe3, 0x6b, 0x59, 
	0xad, 0x65, 0x84, 0x61, 0x3a, 0x53, 0x21, 0x0b, 
	0x21, 0x0b, 0x5a, 0xd5, 0x73, 0x9b, 0x39, 0xcf, 
	0x63, 0x13, 0xc6, 0x29, 0xad, 0x65, 0x39, 0xcd, 
	0x31, 0xcd, 0x8c, 0x1b, 0x9c, 0xe1, 0x42, 0x95, 
	0x4a, 0x97, 0xa5, 0x23, 0x73, 0x9b, 0x42, 0xd7, 
	0x5b, 0x5b, 0xad, 0x69, 0x53, 0x1b, 0x4a, 0xd9, 
	0x9c, 0xe7, 0xa5, 0x6b, 0x5b, 0x19, 0x84, 0x1d, 
	0xb5, 0xa7, 0x73, 0xdd, 0x94, 0x5f, 0x73, 0x9b, 
	0xb5, 0xa7, 0x73, 0x9d, 0x39, 0xd1, 0x21, 0x0b, 
	0x21, 0x09, 0x5a, 0xd5, 0x73, 0x9b, 0x31, 0xcd, 
	0x4a, 0x95, 0x84, 0xf3, 0x74, 0x69, 0x42, 0x11, 
	0x31, 0xcf, 0x6b, 0x59, 0x84, 0x63, 0x6b, 0xdd, 
	0x85, 0x25, 0xce, 0x6d, 0x9c, 0xe5, 0x74, 0x67, 
	0x6b, 0xa1, 0xad, 0x6b, 0x7b, 0xe3, 0x6b, 0xe1, 
	0x94, 0x65, 0xbd, 0xeb, 0x74, 0xa9, 0x84, 0x65, 
	0xb5, 0xab, 0x95, 0x27, 0xc6, 0x2d, 0x9c, 0xe7, 
	0xb4, 0xa1, 0xbb, 0xdb, 0x62, 0x11, 0x19, 0x09, 
	0x21, 0x09, 0x63, 0x17, 0x7b, 0xdd, 0x42, 0x51, 
	0x4a, 0x97, 0x84, 0xb3, 0xa5, 0x29, 0x39, 0xd1, 
	0x21, 0x4d, 0x5a, 0xd5, 0xad, 0xa9, 0x84, 0xe3, 
	0x75, 0x27, 0x8c, 0xa3, 0xbd, 0xe7, 0x85, 0x9d, 
	0x6b, 0xd9, 0xd6, 0xb3, 0x9d, 0x2b, 0x8c, 0xa7, 
	0xce, 0x6f, 0xb5, 0xe7, 0x9e, 0x5f, 0x8c, 0xe5, 
	0x8c, 0xe7, 0xae, 0x2f, 0xb5, 0xb1, 0x84, 0x25, 
	0xb5, 0xab, 0x8d, 0x2b, 0x32, 0x57, 0x19, 0x09, 
	0x21, 0x09, 0x63, 0x17, 0x73, 0x9d, 0x42, 0x0f, 
	0x63, 0x13, 0xc5, 0xe7, 0x9c, 0xe1, 0x39, 0xcf, 
	0x31, 0xcd, 0x42, 0x0f, 0xa4, 0xe1, 0x5b, 0x19, 
	0x63, 0x5f, 0x73, 0xdd, 0x94, 0xa3, 0x4b, 0x19, 
	0x6b, 0x9d, 0xa5, 0xad, 0xc6, 0x73, 0xe6, 0xf5, 
	0xe7, 0x35, 0xad, 0x6b, 0x5b, 0x5d, 0x94, 0xe7, 
	0x7c, 0x21, 0xa5, 0x69, 0x5b, 0x61, 0x63, 0x61, 
	0x8c, 0xa7, 0x94, 0xe9, 0x7b, 0xdf, 0x19, 0x09, 
	0x21, 0x09, 0x5a, 0xd5, 0x6b, 0x5b, 0x39, 0xcf, 
	0x52, 0x8f, 0xad, 0x61, 0x94, 0x9f, 0x4a, 0x0f, 
	0x52, 0x91, 0x4a, 0x93, 0x7c, 0x1f, 0x6b, 0xdd, 
	0x84, 0xe7, 0x8c, 0xe5, 0xb5, 0xeb, 0x8c, 0xe7, 
	0x9d, 0x6b, 0xbe, 0x2f, 0xce, 0x73, 0xb5, 0xed, 
	0xb5, 0xed, 0xbe, 0x2f, 0x84, 0xe9, 0x95, 0x6d, 
	0xa5, 0xad, 0xad, 0xab, 0x5b, 0x9f, 0x8c, 0xe7, 
	0x9d, 0x69, 0x9d, 0x29, 0x52, 0xd7, 0x19, 0x09, 
	0x19, 0x09, 0x52, 0x93, 0x63, 0x17, 0x31, 0x8b, 
	0x52, 0x8f, 0xb5, 0xa3, 0x94, 0xdf, 0x4a, 0x51, 
	0x31, 0x8d, 0x4a, 0x55, 0x73, 0x9d, 0xad, 0x25, 
	0xb5, 0x65, 0xbd, 0xa9, 0xa4, 0xe5, 0x6b, 0x5b, 
	0x9c, 0xa5, 0x6b, 0x1b, 0x9c, 0xa5, 0x9c, 0xa5, 
	0x94, 0xa3, 0x8c, 0x63, 0x4a, 0x99, 0x6b, 0x5f, 
	0x4a, 0x59, 0x7c, 0x21, 0x84, 0x61, 0x84, 0x21, 
	0x8c, 0x63, 0x63, 0x1f, 0x29, 0x91, 0x18, 0xc9, 
	0x19, 0x09, 0x4a, 0x51, 0x5a, 0xd5, 0x29, 0x4b, 
	0x5a, 0x0f, 0xac, 0x5b, 0x8b, 0xd9, 0x39, 0xcd, 
	0x63, 0x15, 0x42, 0x0f, 0x63, 0x15, 0x7b, 0x99, 
	0x84, 0x1b, 0x84, 0x1f, 0x7b, 0x9b, 0x6b, 0x59, 
	0x7b, 0x99, 0x8c, 0x1f, 0x6b, 0x59, 0x6b, 0x59, 
	0x7b, 0xe1, 0x5b, 0x19, 0x63, 0x17, 0x52, 0xd5, 
	0x39, 0xd1, 0x5a, 0x95, 0x52, 0x95, 0x4a, 0x53, 
	0x52, 0x93, 0x52, 0x95, 0x29, 0x8d, 0x18, 0xc9, 
	0x18, 0xc9, 0x63, 0x15, 0x6b, 0x59, 0x29, 0x8b, 
	0x62, 0x4f, 0xd4, 0x9d, 0x62, 0x8f, 0x29, 0x8b, 
	0x21, 0x07, 0x4a, 0x0d, 0xa5, 0x69, 0x84, 0x63, 
	0x52, 0xd5, 0x9c, 0xe1, 0xd6, 0xb3, 0x7c, 0x21, 
	0x73, 0x99, 0xd6, 0xaf, 0xbe, 0x33, 0x73, 0x9b, 
	0x94, 0xa3, 0x63, 0x17, 0x52, 0x91, 0x5a, 0xd3, 
	0x84, 0x1d, 0x83, 0xdb, 0x73, 0x99, 0x94, 0x5d, 
	0x73, 0x57, 0x6b, 0x57, 0x39, 0xcf, 0x18, 0xc9, 
	0x18, 0xc9, 0x63, 0x15, 0x63, 0x57, 0x21, 0x49, 
	0x21, 0x89, 0x32, 0x09, 0x29, 0xc9, 0x29, 0x8b, 
	0x42, 0x0f, 0x4a, 0x4d, 0xad, 0x65, 0x94, 0xa3, 
	0x52, 0xd5, 0x84, 0x1b, 0xc6, 0x2d, 0x8c, 0xa1, 
	0x6b, 0x59, 0xbd, 0xa9, 0xb5, 0xed, 0x63, 0x5b, 
	0x73, 0x99, 0xde, 0xaf, 0xc5, 0xeb, 0x63, 0x15, 
	0x9c, 0x9f, 0xe6, 0xf1, 0xbd, 0xeb, 0x73, 0x99, 
	0xbd, 0xa5, 0xce, 0x2d, 0x63, 0x17, 0x18, 0xc9, 
	0x18, 0xc9, 0x63, 0x17, 0x63, 0x17, 0x39, 0xcd, 
	0x3a, 0x0d, 0x63, 0x93, 0x52, 0xd1, 0x4a, 0x93, 
	0x4a, 0x51, 0x84, 0x5d, 0x7c, 0x5d, 0x73, 0xdb, 
	0x6b, 0xdb, 0xa5, 0x23, 0x84, 0x5f, 0x73, 0xdd, 
	0x7b, 0xdb, 0x9d, 0x25, 0x6c, 0x65, 0x7c, 0x63, 
	0x84, 0x61, 0xa5, 0x65, 0x7c, 0x1d, 0x53, 0x1b, 
	0x84, 0x1d, 0x9d, 0x25, 0x7c, 0x1f, 0x4a, 0x95, 
	0x9c, 0x9f, 0x84, 0x1f, 0x42, 0x11, 0x18, 0xc9, 
	0x18, 0xc7, 0x63, 0x17, 0x6b, 0x59, 0x4a, 0x91, 
	0x5b, 0x13, 0x7c, 0x17, 0x63, 0x4f, 0x42, 0x51, 
	0x42, 0x51, 0x94, 0x9f, 0x5b, 0x15, 0x4a, 0xd1, 
	0x63, 0x99, 0x8c, 0x61, 0x4a, 0xd7, 0x4a, 0xd7, 
	0xad, 0x25, 0x7c, 0x63, 0x43, 0x5f, 0x4b, 0x5f, 
	0x8c, 0xe7, 0x53, 0x5b, 0x84, 0x1f, 0x5b, 0x1b, 
	0xad, 0x25, 0x42, 0x97, 0xa4, 0xe3, 0x73, 0x9b, 
	0x83, 0xdd, 0x5b, 0x5b, 0x6b, 0x59, 0x18, 0xc9, 
	0x18, 0xc7, 0x5a, 0xd5, 0x63, 0x59, 0x42, 0x51, 
	0x63, 0x11, 0xa5, 0x1d, 0x5b, 0x0f, 0x3a, 0x0f, 
	0x3a, 0x0f, 0x73, 0xdd, 0x73, 0xdb, 0x4a, 0xd3, 
	0x53, 0x1d, 0x9d, 0x27, 0x43, 0x5f, 0x32, 0x99, 
	0x94, 0x63, 0x7c, 0xa5, 0x12, 0x5b, 0x12, 0x19, 
	0x53, 0x5f, 0x42, 0x99, 0x3a, 0x17, 0x2a, 0x1b, 
	0x34, 0x2d, 0x1a, 0x5d, 0x6b, 0x1b, 0x43, 0x5f, 
	0x35, 0xb3, 0x54, 0x25, 0x83, 0xdb, 0x18, 0xc9, 
	0x18, 0xc7, 0x52, 0x95, 0x5a, 0xd7, 0x42, 0x11, 
	0x6b, 0x91, 0xad, 0x97, 0x63, 0x8f, 0x3a, 0x0d, 
	0x39, 0xcd, 0x63, 0x17, 0x83, 0xdf, 0x29, 0xd7, 
	0x21, 0xd9, 0x7c, 0x69, 0x2b, 0x61, 0x22, 0x17, 
	0x3a, 0x9d, 0x33, 0xa5, 0x22, 0x17, 0x2a, 0x19, 
	0x32, 0x59, 0x21, 0x95, 0x19, 0x99, 0x11, 0x57, 
	0x22, 0xe3, 0x19, 0xd9, 0x3a, 0x5b, 0x42, 0xdd, 
	0x24, 0x2b, 0x2a, 0xe3, 0x22, 0x19, 0x18, 0xc9, 
	0x18, 0xc7, 0x5a, 0xd7, 0x5b, 0x17, 0x39, 0xcd, 
	0x73, 0xd1, 0xb6, 0x1b, 0x5b, 0x4d, 0x29, 0x49, 
	0x42, 0x0f, 0x73, 0x59, 0x83, 0xdd, 0x63, 0x5f, 
	0x84, 0x63, 0x94, 0xa5, 0xa5, 0x25, 0x94, 0xa5, 
	0x7c, 0x23, 0x8c, 0xa5, 0x74, 0x25, 0x4b, 0x23, 
	0x84, 0x21, 0x7b, 0xe1, 0x7c, 0x23, 0x63, 0x5f, 
	0x8c, 0x65, 0x8c, 0x67, 0x6b, 0xe7, 0x8c, 0x65, 
	0x84, 0x65, 0x9d, 0x2d, 0x29, 0xd9, 0x10, 0xc7, 
	0x18, 0xc7, 0x52, 0xd5, 0x5a, 0xd5, 0x31, 0x8b, 
	0x73, 0x8f, 0xa5, 0x93, 0x4a, 0xcb, 0x21, 0x07, 
	0x18, 0xc7, 0x29, 0x8f, 0x2a, 0x15, 0x63, 0x59, 
	0xc6, 0x29, 0xde, 0xad, 0xf7, 0xbb, 0xce, 0x6f, 
	0x53, 0x19, 0x4a, 0xdb, 0x42, 0x9d, 0x19, 0x99, 
	0x42, 0x99, 0x53, 0x1b, 0xb5, 0xed, 0xa5, 0x2b, 
	0x9d, 0x27, 0xb5, 0xad, 0x4a, 0xa1, 0x73, 0x61, 
	0x4a, 0x99, 0x9d, 0x2d, 0x11, 0x57, 0x10, 0xc7, 
	0x18, 0xc7, 0x63, 0x17, 0x5a, 0xd5, 0x31, 0x8b, 
	0x4a, 0x8b, 0x73, 0xd1, 0x4a, 0xcd, 0x19, 0x07, 
	0x21, 0x07, 0x52, 0xd5, 0x53, 0x17, 0x7c, 0x1b, 
	0xce, 0x2b, 0xde, 0xb1, 0xe7, 0x37, 0xa5, 0x67, 
	0x74, 0x1f, 0x63, 0x9f, 0x5b, 0x5d, 0x6c, 0x1f, 
	0x8c, 0xe5, 0x7c, 0x61, 0xb5, 0xed, 0xce, 0x71, 
	0xbe, 0x2d, 0xc6, 0x2f, 0x6b, 0xdf, 0x7c, 0x63, 
	0x6b, 0x9f, 0x5b, 0x1d, 0x32, 0x15, 0x10, 0xc7, 
	0x18, 0xc7, 0x52, 0xd5, 0x4a, 0x93, 0x29, 0x49, 
	0x52, 0x4b, 0x62, 0xcd, 0x42, 0x49, 0x21, 0x07, 
	0x52, 0x93, 0x42, 0x51, 0x63, 0x59, 0x8c, 0x1b, 
	0x94, 0x9d, 0x84, 0x19, 0x94, 0x5d, 0x94, 0xe1, 
	0x84, 0x5f, 0x7c, 0x1f, 0x8c, 0xa1, 0x94, 0xe3, 
	0x94, 0xe3, 0x73, 0xdd, 0x6b, 0x9d, 0x7c, 0x1f, 
	0x73, 0xdd, 0x6b, 0x9b, 0x7c, 0x1f, 0x7c, 0x21, 
	0x6b, 0x5b, 0x6b, 0x19, 0x42, 0x51, 0x10, 0x87, 
	0x10, 0x85, 0x52, 0xd5, 0x4a, 0x93, 0x29, 0x49, 
	0x9b, 0x97, 0xa3, 0x9b, 0x29, 0x49, 0x31, 0x8b, 
	0x7c, 0x21, 0x74, 0x21, 0x9c, 0xa3, 0xb5, 0x67, 
	0xb5, 0xa9, 0xad, 0x67, 0xce, 0x6d, 0xc6, 0x2d, 
	0x8c, 0xe9, 0x5b, 0xe5, 0x53, 0xe5, 0x64, 0x25, 
	0xa5, 0xad, 0x4b, 0x63, 0x33, 0x21, 0x33, 0x21, 
	0x74, 0x25, 0x9d, 0x29, 0x8c, 0xa7, 0x23, 0x23, 
	0x23, 0x23, 0x9d, 0x27, 0x73, 0x9b, 0x10, 0x87, 
	0x10, 0x87, 0x39, 0xcf, 0x31, 0x8d, 0x21, 0x07, 
	0x29, 0x49, 0x31, 0x49, 0x21, 0x09, 0x21, 0x09, 
	0x29, 0x49, 0x21, 0x09, 0x29, 0x49, 0x31, 0x8b, 
	0x31, 0x8b, 0x31, 0x8b, 0x31, 0xcd, 0x31, 0x8b, 
	0x29, 0xcd, 0x29, 0x8b, 0x21, 0x4b, 0x21, 0x4b, 
	0x21, 0x8b, 0x21, 0x09, 0x19, 0x49, 0x21, 0x8b, 
	0x21, 0x4b, 0x21, 0x8d, 0x19, 0x4b, 0x21, 0x8d, 
	0x21, 0x8d, 0x31, 0xcd, 0x21, 0x09, 0x10, 0x85, 
	0x10, 0x85, 0x3a, 0x0f, 0x29, 0x8b, 0x21, 0x07, 
	0x29, 0x49, 0x42, 0x0d, 0x63, 0x15, 0x6b, 0x99, 
	0x63, 0x15, 0x4a, 0x93, 0x21, 0xcb, 0x22, 0x0d, 
	0x21, 0x49, 0x29, 0x8b, 0x22, 0x0d, 0x1b, 0x4f, 
	0x22, 0x0d, 0x21, 0xcd, 0x21, 0xcd, 0x12, 0x8d, 
	0x1a, 0x8f, 0x11, 0x09, 0x19, 0x49, 0x22, 0x0d, 
	0x12, 0xcf, 0x21, 0xcb, 0x21, 0xcd, 0x21, 0x8b, 
	0x21, 0x4b, 0x29, 0x8d, 0x18, 0xc9, 0x08, 0x85, 
	0x08, 0x85, 0x42, 0x51, 0x31, 0xcd, 0x39, 0xcd, 
	0x52, 0xd3, 0x6b, 0x57, 0x7c, 0x1b, 0x9d, 0x25, 
	0x73, 0xdb, 0x42, 0x11, 0x33, 0x13, 0x3b, 0x95, 
	0x29, 0x8b, 0x32, 0x0f, 0x3b, 0x53, 0x44, 0x97, 
	0x3a, 0xd3, 0x3a, 0x53, 0x3a, 0x95, 0x2b, 0xd5, 
	0x3c, 0x19, 0x21, 0xcd, 0x3a, 0x53, 0x5c, 0x5b, 
	0x44, 0xdb, 0x3a, 0xd3, 0x42, 0x95, 0x52, 0xd7, 
	0x21, 0x8d, 0x21, 0x8d, 0x18, 0xc9, 0x10, 0x85, 
	0x08, 0x85, 0x4a, 0x51, 0x5b, 0x15, 0x73, 0xdb, 
	0x63, 0x57, 0x5a, 0xd5, 0x4a, 0x93, 0x42, 0x0f, 
	0x29, 0x8b, 0x39, 0xcf, 0x5b, 0x17, 0x8c, 0x61, 
	0x63, 0x59, 0x31, 0xcd, 0x63, 0x9b, 0x74, 0x61, 
	0x6b, 0x9b, 0x53, 0x19, 0x4a, 0xd5, 0x6b, 0xdf, 
	0x63, 0xdf, 0x42, 0x95, 0x32, 0x11, 0x6b, 0x9d, 
	0xa5, 0x65, 0x94, 0xa1, 0x42, 0x95, 0x42, 0x95, 
	0x21, 0x8f, 0x21, 0x4d, 0x10, 0xc7, 0x08, 0x85, 
	0x10, 0x85, 0x42, 0x51, 0x4a, 0x51, 0x42, 0x51, 
	0x31, 0x8b, 0x21, 0x09, 0x21, 0x07, 0x21, 0x09, 
	0x21, 0x09, 0x42, 0x11, 0x39, 0xcf, 0x73, 0x9b, 
	0x52, 0xd5, 0x3a, 0x51, 0x42, 0x95, 0x4a, 0x93, 
	0x94, 0x5d, 0x3a, 0x53, 0x32, 0x13, 0x32, 0x13, 
	0x42, 0xd7, 0x32, 0x13, 0x32, 0x13, 0x42, 0xd7, 
	0x5b, 0x19, 0x4a, 0xd7, 0x32, 0x53, 0x29, 0xd1, 
	0x21, 0x8f, 0x21, 0x8f, 0x19, 0x09, 0x08, 0x85, 
	0x10, 0x87, 0x52, 0xd5, 0x5b, 0x19, 0x3a, 0x53, 
	0x4a, 0x97, 0x32, 0x13, 0x3a, 0x55, 0x3a, 0x53, 
	0x3a, 0x55, 0x42, 0x97, 0x42, 0x97, 0x42, 0x97, 
	0x42, 0x97, 0x3a, 0x97, 0x3a, 0x97, 0x3a, 0x97, 
	0x3a, 0x97, 0x3a, 0x97, 0x3a, 0x97, 0x3a, 0x97, 
	0x3a, 0x97, 0x3a, 0x99, 0x3a, 0x97, 0x3a, 0x97, 
	0x3a, 0x55, 0x42, 0x97, 0x42, 0x97, 0x42, 0xd9, 
	0x32, 0x13, 0x32, 0x13, 0x21, 0x4d, 0x08, 0x85, 
	0x10, 0x87, 0x19, 0x09, 0x21, 0x4b, 0x21, 0x4b, 
	0x21, 0x4d, 0x21, 0x4d, 0x21, 0x4d, 0x21, 0x4d, 
	0x19, 0x4d, 0x19, 0x4d, 0x19, 0x4d, 0x19, 0x4d, 
	0x21, 0x4d, 0x21, 0x4d, 0x21, 0x4d, 0x21, 0x8d, 
	0x21, 0x8d, 0x21, 0x4d, 0x21, 0x8d, 0x21, 0x4d, 
	0x21, 0x4d, 0x21, 0x4d, 0x21, 0x8d, 0x21, 0x4d, 
	0x21, 0x8d, 0x21, 0x8d, 0x21, 0x4d, 0x21, 0x8d, 
	0x21, 0x8f, 0x29, 0x8f, 0x19, 0x09, 0x10, 0x85, 
	
};

Gfx pitstop_dl_chips_rgba16_aligner[] = {gsSPEndDisplayList()};
u8 pitstop_dl_chips_rgba16[] = {
	0xa4, 0x91, 0xb4, 0xc5, 0x93, 0xc9, 0xc5, 0x05, 
	0xcd, 0x49, 0xac, 0x8f, 0xbd, 0x03, 0xb4, 0x89, 
	0xac, 0x8d, 0xb4, 0xc3, 0xb4, 0xc3, 0xbc, 0xc3, 
	0x93, 0xcb, 0xac, 0x8f, 0xb4, 0x8f, 0xa4, 0x41, 
	0x52, 0x4b, 0x22, 0x4d, 0x02, 0x8d, 0x02, 0x8b, 
	0x33, 0x19, 0x19, 0xd5, 0x63, 0xe9, 0x53, 0xeb, 
	0x8c, 0xe9, 0xad, 0x69, 0xb5, 0x1d, 0x1a, 0x1d, 
	0x04, 0x73, 0x5c, 0x2f, 0x82, 0x9b, 0x5c, 0x6d, 
	0x8b, 0xd9, 0x9c, 0x59, 0x83, 0x8f, 0xcd, 0x8b, 
	0x8b, 0x4d, 0x8b, 0x4b, 0xa4, 0x49, 0x62, 0x4b, 
	0x9c, 0x57, 0xac, 0x95, 0xac, 0x51, 0xb4, 0xc1, 
	0x7b, 0x09, 0x9c, 0x59, 0xb4, 0x99, 0x9c, 0x0b, 
	0x52, 0x47, 0x4a, 0xcb, 0x3b, 0x95, 0x02, 0x8b, 
	0x3b, 0x5b, 0x11, 0xd5, 0xa2, 0x99, 0xa4, 0x23, 
	0x8c, 0xe7, 0xad, 0x67, 0xa4, 0x9d, 0x02, 0x63, 
	0x03, 0xf1, 0x93, 0x23, 0xb2, 0x53, 0x94, 0x1d, 
	0x6a, 0x8d, 0x9c, 0x5d, 0x83, 0x4f, 0xcd, 0x8b, 
	0x7a, 0xcd, 0x72, 0xc9, 0x72, 0xc9, 0x7a, 0xd1, 
	0x83, 0x0f, 0xa4, 0x9b, 0xac, 0x95, 0xac, 0x4b, 
	0x6a, 0x87, 0x9c, 0x5b, 0xbd, 0x61, 0xac, 0x49, 
	0x5a, 0x45, 0x4a, 0x49, 0x84, 0x13, 0x22, 0x8b, 
	0x4b, 0x9d, 0x19, 0x95, 0xa2, 0x11, 0xc5, 0x1d, 
	0xb5, 0xa5, 0x8c, 0xe7, 0x24, 0x31, 0x02, 0x65, 
	0x0b, 0xaf, 0x83, 0x67, 0xb3, 0xd5, 0xb4, 0x97, 
	0x8b, 0x95, 0x93, 0xd3, 0x83, 0x4d, 0xd5, 0x8d, 
	0x9b, 0xcb, 0x8b, 0x89, 0xa4, 0x0b, 0x93, 0xd5, 
	0x9c, 0x15, 0xac, 0x99, 0xbc, 0xd7, 0xbc, 0xcb, 
	0x83, 0x4f, 0xac, 0x5b, 0xb4, 0xd5, 0xac, 0x49, 
	0x6a, 0x85, 0x5a, 0x89, 0x94, 0x11, 0x4b, 0x0f, 
	0x53, 0x5d, 0x12, 0x1b, 0x4a, 0x19, 0x93, 0xd3, 
	0x5b, 0x19, 0x33, 0x23, 0x1c, 0x33, 0x0a, 0x21, 
	0x03, 0x6f, 0x1b, 0xad, 0x6a, 0xd7, 0x62, 0x93, 
	0x9b, 0xd5, 0x83, 0x4b, 0x83, 0x45, 0xc5, 0x4d, 
	0xac, 0x87, 0xac, 0x85, 0xc5, 0x0d, 0xb4, 0x95, 
	0x9b, 0xd1, 0xa4, 0x0f, 0xb4, 0x89, 0xc5, 0x0f, 
	0x6a, 0x4b, 0x72, 0xcb, 0x7b, 0x05, 0x83, 0xd5, 
	0x4a, 0x0d, 0x63, 0x9b, 0x5a, 0xcf, 0x8c, 0x15, 
	0x73, 0xdd, 0x94, 0x19, 0x52, 0x9b, 0xac, 0xdd, 
	0x83, 0x97, 0xb4, 0xe1, 0xb4, 0x9d, 0x62, 0xd9, 
	0x19, 0xdb, 0x19, 0x51, 0x19, 0x0f, 0x21, 0x4d, 
	0x5a, 0x47, 0x52, 0x05, 0x62, 0x89, 0x7b, 0x45, 
	0x6a, 0x85, 0x9c, 0x05, 0x83, 0x47, 0x72, 0x85, 
	0x7b, 0x0b, 0x62, 0x87, 0x5a, 0x47, 0x73, 0x07, 
	0x41, 0xcb, 0x29, 0x09, 0x2a, 0x55, 0xa5, 0xad, 
	0xa5, 0x25, 0x7d, 0xaf, 0xad, 0xa9, 0xcd, 0xe1, 
	0xb4, 0xdb, 0xd5, 0xdf, 0xb4, 0xdd, 0xed, 0xd9, 
	0xdd, 0x9b, 0xdd, 0x97, 0xdd, 0x53, 0xab, 0x8b, 
	0x70, 0x87, 0x80, 0xc9, 0x80, 0x89, 0x88, 0x89, 
	0x48, 0x87, 0x48, 0x87, 0x48, 0x85, 0x50, 0x85, 
	0x58, 0xc7, 0x60, 0x87, 0x50, 0xc7, 0x68, 0x87, 
	0x70, 0x87, 0x70, 0x87, 0x78, 0x87, 0x80, 0xc7, 
	0x80, 0xc7, 0x80, 0x87, 0x5a, 0xdf, 0xbd, 0xef, 
	0xad, 0xab, 0x8d, 0xaf, 0xbe, 0x2f, 0xcd, 0x5b, 
	0xbc, 0xdd, 0xe5, 0x97, 0xbc, 0xdb, 0xcd, 0x13, 
	0xd5, 0x15, 0xbc, 0x91, 0xd5, 0x0f, 0x9a, 0xc9, 
	0x88, 0x47, 0x90, 0x49, 0x90, 0x49, 0x90, 0x89, 
	0x88, 0x89, 0x88, 0x89, 0x88, 0x89, 0x88, 0x89, 
	0x78, 0xc9, 0x88, 0x47, 0x68, 0x87, 0x88, 0xc9, 
	0x80, 0xc9, 0x78, 0xc9, 0x79, 0x09, 0x71, 0x09, 
	0x69, 0x09, 0x61, 0x09, 0x62, 0x9d, 0xc5, 0xa9, 
	0x8c, 0x5f, 0xad, 0x69, 0x94, 0xe5, 0xb4, 0x4f, 
	0x9b, 0xcf, 0xbc, 0x0f, 0x9b, 0xd1, 0xa3, 0x87, 
	0xa3, 0xcd, 0x83, 0x09, 0xa3, 0xc9, 0x5a, 0x09, 
	0x28, 0xc7, 0x39, 0x09, 0x18, 0xcd, 0x08, 0x8f, 
	0x50, 0x45, 0x50, 0x85, 0x51, 0x07, 0x40, 0xc7, 
	0x30, 0x85, 0x38, 0x45, 0x28, 0xc7, 0x20, 0xc7, 
	0x29, 0x4b, 0x29, 0x49, 0x21, 0x49, 0x29, 0x49, 
	0x29, 0x49, 0x21, 0x09, 0x62, 0x99, 0x83, 0xdb, 
	0x7b, 0x9b, 0x6b, 0x57, 0x62, 0xd5, 0x7a, 0xcb, 
	0x6a, 0x8b, 0x6a, 0x49, 0x62, 0x4b, 0x52, 0x09, 
	0x62, 0x4b, 0x49, 0x87, 0x7a, 0xc9, 0x51, 0xcd, 
	0x29, 0x0b, 0x20, 0xcb, 0x10, 0xcf, 0x31, 0xd3, 
	0x30, 0xc9, 0x41, 0x4d, 0x31, 0x4d, 0x20, 0xc7, 
	0x39, 0x49, 0x39, 0x4b, 0x31, 0x4b, 0x31, 0x4b, 
	0x29, 0x4b, 0x39, 0xcb, 0x31, 0xcb, 0x31, 0xcd, 
	0x39, 0xcf, 0x31, 0x8f, 0x3a, 0xd9, 0x41, 0xcd, 
	0x4a, 0x0f, 0x39, 0xcd, 0x39, 0xcd, 0x39, 0x8b, 
	0x31, 0x4b, 0x29, 0x49, 0x31, 0x8d, 0x5a, 0xd7, 
	0x52, 0x95, 0x4a, 0x0f, 0x52, 0x97, 0x39, 0x8f, 
	0x20, 0x87, 0x21, 0x0b, 0x5a, 0xd9, 0x5a, 0x95, 
	0x49, 0x8d, 0x42, 0x11, 0x5b, 0x1b, 0x63, 0x5b, 
	0x5a, 0xd7, 0x42, 0x11, 0x28, 0xc7, 0x38, 0xc7, 
	0x29, 0x09, 0x42, 0x49, 0x39, 0xc7, 0x39, 0x8b, 
	0x32, 0x4d, 0x42, 0x8d, 0x32, 0x87, 0x39, 0xc9, 
	0x4a, 0x53, 0x4a, 0x4f, 0x5b, 0x17, 0x5a, 0xd7, 
	0x29, 0x8d, 0x21, 0x09, 0x39, 0xd1, 0x4a, 0x53, 
	0x49, 0xd1, 0x49, 0x8f, 0x5a, 0xdb, 0x30, 0xcb, 
	0x3a, 0x13, 0x4a, 0x95, 0x49, 0xcd, 0x29, 0x99, 
	0x59, 0xcd, 0x49, 0x8d, 0x41, 0x8f, 0x52, 0x53, 
	0x49, 0x8f, 0x49, 0xd1, 0x39, 0x09, 0x40, 0xc5, 
	0x7b, 0xdd, 0x4a, 0x4b, 0x3a, 0x05, 0x30, 0xc3, 
	0x39, 0x85, 0x63, 0xcb, 0x64, 0x03, 0x5a, 0xd5, 
	0x5a, 0x4f, 0x6b, 0x0b, 0x6a, 0xd3, 0x5a, 0xd7, 
	0x29, 0x8d, 0x20, 0xc7, 0x30, 0xcb, 0x41, 0x4b, 
	0x51, 0xcd, 0x51, 0x93, 0x49, 0x93, 0x62, 0x59, 
	0x31, 0xd3, 0x39, 0x91, 0x4a, 0x13, 0x32, 0x1f, 
	0x72, 0x11, 0x58, 0x83, 0x49, 0x8b, 0x49, 0x49, 
	0x6a, 0x13, 0x51, 0x8f, 0x49, 0x07, 0x59, 0x49, 
	0x94, 0xe5, 0x52, 0xcf, 0x3a, 0x07, 0x38, 0xc5, 
	0x40, 0x85, 0x31, 0xc3, 0x7c, 0xc3, 0x83, 0x47, 
	0x73, 0x0d, 0x8c, 0x61, 0x83, 0x99, 0x5a, 0x4f, 
	0x29, 0x4b, 0x28, 0xc5, 0x49, 0x11, 0x59, 0xd3, 
	0x6a, 0x55, 0x72, 0x13, 0x49, 0x51, 0x41, 0x4f, 
	0x31, 0xd7, 0x11, 0x59, 0x19, 0x9b, 0x42, 0x5f, 
	0x79, 0xcb, 0x50, 0x83, 0x48, 0x83, 0x69, 0x8b, 
	0x61, 0x8b, 0x48, 0xc7, 0x59, 0x07, 0x59, 0xcf, 
	0x9d, 0x27, 0x53, 0x0f, 0x4a, 0x8b, 0x49, 0x49, 
	0x59, 0x45, 0x39, 0x03, 0x64, 0x03, 0x9c, 0x13, 
	0xac, 0x99, 0x8b, 0x55, 0x9b, 0x87, 0x69, 0xc5, 
	0x21, 0x07, 0x28, 0x85, 0x72, 0x11, 0x92, 0xcd, 
	0xb4, 0x15, 0x9b, 0x51, 0x49, 0x4f, 0x18, 0x49, 
	0x29, 0x93, 0x53, 0x23, 0x9b, 0x51, 0x93, 0x0d, 
	0x79, 0x85, 0x7a, 0x03, 0x93, 0x0b, 0x82, 0x8f, 
	0x72, 0x0d, 0x40, 0x83, 0x40, 0x85, 0x5a, 0x93, 
	0x94, 0xe5, 0x5b, 0x11, 0x4a, 0xcb, 0x49, 0x8b, 
	0x82, 0x49, 0x49, 0x03, 0x63, 0x45, 0x83, 0xc7, 
	0xac, 0x9b, 0xa3, 0x51, 0x53, 0x83, 0x4b, 0x43, 
	0x12, 0x85, 0x30, 0x89, 0xa3, 0x91, 0xab, 0x85, 
	0xab, 0x89, 0x93, 0x0d, 0x5a, 0x57, 0x18, 0x89, 
	0x21, 0x13, 0x93, 0x4f, 0xb3, 0xcd, 0x9b, 0x45, 
	0x79, 0x85, 0x8a, 0x45, 0x93, 0x0f, 0x9b, 0x53, 
	0x61, 0x85, 0x38, 0x83, 0x30, 0x85, 0x62, 0xd7, 
	0x7c, 0x1d, 0x5b, 0x13, 0x39, 0xc9, 0x6a, 0x93, 
	0x7a, 0x4f, 0x61, 0x85, 0x4a, 0x0b, 0x74, 0x4b, 
	0xa5, 0x13, 0xbd, 0x21, 0x6c, 0xc3, 0x1c, 0x41, 
	0x0b, 0x45, 0x30, 0x8d, 0x72, 0x97, 0xb3, 0xcf, 
	0x9b, 0x49, 0x6a, 0x4f, 0x4a, 0x17, 0x18, 0x49, 
	0x19, 0x57, 0x83, 0x13, 0xa3, 0x4b, 0x7a, 0x93, 
	0x81, 0x45, 0x92, 0xcb, 0x72, 0x09, 0x8b, 0x13, 
	0x51, 0x07, 0x28, 0x43, 0x30, 0xc5, 0x39, 0x49, 
	0x41, 0x89, 0x6b, 0x95, 0x39, 0xcb, 0x62, 0x51, 
	0x51, 0x4b, 0x72, 0x93, 0x49, 0x89, 0x63, 0xcf, 
	0x95, 0x85, 0xad, 0x61, 0x4d, 0x07, 0x0c, 0x03, 
	0x03, 0x45, 0x31, 0x11, 0x41, 0x15, 0x7a, 0x8f, 
	0x62, 0x0f, 0x41, 0x55, 0x41, 0x55, 0x10, 0x47, 
	0x11, 0x13, 0x11, 0xe3, 0x5a, 0x15, 0x42, 0xe7, 
	0x81, 0x45, 0x48, 0xc3, 0x48, 0xc3, 0x48, 0xc5, 
	0x51, 0x09, 0x20, 0x43, 0x20, 0x43, 0x41, 0xcd, 
	0x41, 0xcd, 0x5a, 0x93, 0x5a, 0x93, 0x52, 0x53, 
	0x51, 0x8d, 0x30, 0x85, 0x20, 0x43, 0x4a, 0x91, 
	0x85, 0x0d, 0x75, 0x8f, 0x3c, 0xc9, 0x03, 0x83, 
	0x02, 0x45, 0x41, 0x57, 0x49, 0xd9, 0x62, 0x9d, 
	0x39, 0x17, 0x31, 0x0f, 0x39, 0x55, 0x31, 0xd3, 
	0x29, 0x51, 0x01, 0xe5, 0x01, 0xa1, 0x09, 0x9b, 
	0x81, 0x43, 0x38, 0x83, 0x30, 0x43, 0x30, 0x43, 
	0x28, 0x43, 0x28, 0xc5, 0x41, 0xcd, 0x4a, 0x11, 
	0x41, 0xcf, 0x52, 0x93, 0x39, 0x8b, 0x41, 0x8f, 
	0x29, 0x09, 0x20, 0xc7, 0x10, 0x85, 0x3b, 0x11, 
	0x3b, 0x51, 0x2c, 0xcd, 0x5c, 0x57, 0x12, 0x45, 
	0x1a, 0x07, 0x20, 0xcd, 0x18, 0x49, 0x20, 0xcd, 
	0x29, 0x0d, 0x18, 0x8b, 0x29, 0x4f, 0x3a, 0x5b, 
	0x5a, 0x97, 0x09, 0x19, 0x52, 0x53, 0x11, 0x0f, 
	0x79, 0x45, 0x59, 0x47, 0x10, 0x43, 0x7a, 0x0b, 
	0x72, 0x51, 0x49, 0x8b, 0x6b, 0x13, 0x49, 0x05, 
	0x51, 0xcd, 0x29, 0x09, 0x20, 0xc7, 0x31, 0x4d, 
	0x28, 0xc7, 0x31, 0x07, 0x20, 0xc7, 0x19, 0x47, 
	0x29, 0x89, 0x3b, 0x13, 0x22, 0x09, 0x29, 0x89, 
	0x18, 0xc7, 0x08, 0x45, 0x08, 0x45, 0x08, 0xcb, 
	0x08, 0x87, 0x08, 0x89, 0x09, 0x0f, 0x0a, 0xe3, 
	0x5b, 0x5d, 0x21, 0x0b, 0x39, 0xcd, 0x19, 0x09, 
	0xa2, 0x09, 0x71, 0x47, 0x30, 0x83, 0x51, 0x8b, 
	0x7a, 0x0d, 0x71, 0x85, 0x71, 0xc3, 0x49, 0x03, 
	0x40, 0xc5, 0x59, 0x03, 0x51, 0x45, 0x69, 0x87, 
	0x59, 0x45, 0x49, 0x45, 0x18, 0x85, 0x10, 0x85, 
	0x29, 0x49, 0x29, 0xcd, 0x39, 0xcd, 0x21, 0x09, 
	0x18, 0x85, 0x18, 0xc7, 0x18, 0xc9, 0x19, 0x0b, 
	0x18, 0xc9, 0x21, 0x0b, 0x21, 0x0d, 0x29, 0xd5, 
	0x39, 0xd1, 0x31, 0x4b, 0x39, 0x4b, 0x39, 0x4b, 
	0x51, 0x49, 0x38, 0xc5, 0x30, 0xc7, 0x28, 0xc5, 
	0x30, 0xc5, 0x30, 0xc5, 0x38, 0xc5, 0x38, 0x85, 
	0x38, 0x85, 0x40, 0x85, 0x40, 0x85, 0x48, 0x85, 
	0x48, 0x85, 0x50, 0x85, 0x58, 0xc7, 0x60, 0xc9, 
	0x58, 0x87, 0x58, 0x85, 0x58, 0x85, 0x60, 0x85, 
	0x68, 0x87, 0x68, 0x87, 0x68, 0x87, 0x70, 0x87, 
	0x78, 0x47, 0x78, 0x47, 0x78, 0x47, 0x78, 0x47, 
	0x78, 0x07, 0x78, 0x07, 0x78, 0x47, 0x78, 0x47, 
	0x68, 0x87, 0x68, 0x87, 0x68, 0x45, 0x70, 0x05, 
	0x70, 0x05, 0x70, 0x05, 0x70, 0x05, 0x70, 0x05, 
	0x70, 0x05, 0x70, 0x05, 0x70, 0x05, 0x70, 0x05, 
	0x70, 0x05, 0x70, 0x05, 0x70, 0x05, 0x70, 0x05, 
	0x70, 0x05, 0x70, 0x05, 0x70, 0x05, 0x70, 0x45, 
	0x70, 0x45, 0x70, 0x45, 0x70, 0x45, 0x68, 0x45, 
	0x68, 0x45, 0x68, 0x45, 0x68, 0x85, 0x68, 0x45, 
	0x68, 0x85, 0x69, 0x09, 0x61, 0x0b, 0x61, 0x4b, 
	0x60, 0x87, 0x60, 0x87, 0x60, 0xc5, 0x61, 0x05, 
	0x59, 0x05, 0x61, 0x05, 0x61, 0x05, 0x60, 0x85, 
	0x59, 0x45, 0x61, 0x89, 0x61, 0xc9, 0x71, 0x45, 
	0x40, 0x87, 0x48, 0x83, 0x50, 0xc3, 0x50, 0xc3, 
	0x50, 0xc3, 0x6a, 0x45, 0x72, 0xc9, 0x93, 0x8b, 
	0x83, 0x07, 0x72, 0x0b, 0xaa, 0xcd, 0xb3, 0x53, 
	0x9a, 0x49, 0xab, 0x0f, 0xb2, 0xc7, 0x92, 0x05, 
	0x7a, 0xd7, 0x8b, 0xa1, 0x42, 0xdd, 0x7b, 0x5d, 
	0x8b, 0x59, 0x6a, 0xcb, 0x8b, 0x91, 0x72, 0xc9, 
	0x7b, 0x03, 0x6a, 0x87, 0x7a, 0xcb, 0x7a, 0xc7, 
	0x93, 0x83, 0x83, 0x4d, 0x93, 0x11, 0x79, 0xc5, 
	0x20, 0x8b, 0x72, 0x4d, 0x8a, 0x8f, 0x7b, 0x11, 
	0x7a, 0xd3, 0x7a, 0xc9, 0xa4, 0x11, 0x93, 0xd7, 
	0x72, 0x4f, 0xa1, 0xcd, 0xba, 0xc7, 0xcb, 0x09, 
	0xc2, 0xc5, 0xb2, 0xcb, 0x93, 0x53, 0x8b, 0x97, 
	0x52, 0x0f, 0x39, 0xcf, 0x41, 0xcd, 0x82, 0xd5, 
	0x93, 0xdd, 0x83, 0x8d, 0x4b, 0x1d, 0x3b, 0x1f, 
	0x4b, 0x1b, 0x52, 0x95, 0x83, 0xdb, 0x6b, 0x15, 
	0x83, 0x4d, 0x7b, 0x51, 0x2a, 0x9f, 0x19, 0x11, 
	0x41, 0xcb, 0x83, 0x4d, 0x8b, 0x49, 0x83, 0x47, 
	0x6a, 0xcd, 0x8b, 0x89, 0x8b, 0x15, 0x92, 0x4d, 
	0xab, 0xd7, 0xa1, 0x89, 0xb2, 0xc9, 0xb3, 0x93, 
	0x9b, 0xd5, 0x9c, 0x0f, 0xa4, 0x49, 0xa4, 0x91, 
	0x42, 0x11, 0x31, 0x8d, 0x82, 0x09, 0x8b, 0xa3, 
	0x53, 0xa7, 0x3a, 0x9d, 0x3b, 0x61, 0x74, 0xa7, 
	0x74, 0x65, 0x63, 0x5b, 0x3b, 0x63, 0x3b, 0xa1, 
	0x43, 0x5d, 0x1a, 0xa3, 0x02, 0x1f, 0x01, 0x11, 
	0x31, 0x49, 0x83, 0x49, 0x7b, 0x53, 0x83, 0x53, 
	0x5a, 0x09, 0x6a, 0x91, 0x9a, 0x0b, 0x8a, 0x8d, 
	0x92, 0xd3, 0x93, 0x4b, 0x8a, 0x4d, 0x9c, 0x51, 
	0xb4, 0xd1, 0xac, 0x4b, 0x9c, 0x0d, 0x8b, 0xd7, 
	0x63, 0x5f, 0x29, 0x8f, 0xa2, 0xc9, 0x8a, 0xd9, 
	0x1a, 0xe7, 0x22, 0xa1, 0x63, 0x61, 0x63, 0xa3, 
	0x22, 0xe5, 0x0a, 0x61, 0x33, 0x1d, 0x3b, 0x1d, 
	0x32, 0x9d, 0x01, 0xdd, 0x11, 0x57, 0x29, 0x0f, 
	0x5a, 0x49, 0x6a, 0x0d, 0x82, 0x91, 0x72, 0x51, 
	0x59, 0x07, 0x92, 0x8f, 0x9b, 0x51, 0x82, 0x4d, 
	0xb4, 0xc3, 0x9c, 0xc3, 0x59, 0xcb, 0x73, 0x09, 
	0x93, 0xcf, 0xac, 0x1d, 0xb3, 0x91, 0x9b, 0x0d, 
	0x83, 0x95, 0x72, 0x8b, 0xa2, 0xc5, 0xb2, 0x81, 
	0x33, 0x25, 0x7b, 0x9b, 0x72, 0xd9, 0x3b, 0x25, 
	0x4a, 0x59, 0x53, 0x21, 0x8b, 0x17, 0x3b, 0x67, 
	0x0a, 0xa5, 0x02, 0x1f, 0x19, 0x53, 0x18, 0x89, 
	0x69, 0xcf, 0x92, 0x4b, 0x7a, 0x0b, 0x69, 0xc5, 
	0x50, 0x83, 0x71, 0xc5, 0xac, 0x09, 0xac, 0x53, 
	0x9c, 0x13, 0xa4, 0xd5, 0x4a, 0x4d, 0x9c, 0x53, 
	0x74, 0x9f, 0xab, 0xcf, 0xdb, 0x85, 0xa4, 0x0f, 
	0x9c, 0x0d, 0xc3, 0x89, 0xcb, 0x03, 0xd3, 0x4b, 
	0x32, 0x5d, 0x83, 0x99, 0x63, 0xa3, 0x5c, 0x29, 
	0x2a, 0x5d, 0x9c, 0x65, 0x5b, 0xe9, 0x6b, 0x5f, 
	0x73, 0x21, 0x01, 0xdb, 0x21, 0x51, 0x31, 0x0b, 
	0x8a, 0xcd, 0x7a, 0x07, 0x92, 0xc3, 0x9b, 0xc7, 
	0x6a, 0x43, 0x8b, 0x4f, 0xac, 0x95, 0xbc, 0x95, 
	0xbd, 0x5f, 0xad, 0x0f, 0x3b, 0x09, 0x4c, 0x99, 
	0x54, 0x8f, 0x9b, 0xcf, 0xc3, 0xd1, 0x9c, 0x51, 
	0xab, 0xd5, 0xb3, 0x4d, 0xc2, 0xc7, 0xac, 0x13, 
	0x53, 0x21, 0x73, 0x9f, 0x32, 0xe3, 0x63, 0xe7, 
	0x63, 0xa7, 0x73, 0x5f, 0x6c, 0x27, 0x5c, 0xaf, 
	0x7a, 0x97, 0x09, 0x99, 0x20, 0xcb, 0x41, 0x09, 
	0x9b, 0xc5, 0xa4, 0x0f, 0xa4, 0x93, 0xbd, 0xcf, 
	0x83, 0x47, 0x83, 0x51, 0xa4, 0x91, 0xad, 0x61, 
	0xac, 0xd9, 0xbd, 0xd5, 0x33, 0x07, 0x6d, 0x15, 
	0x5b, 0xd3, 0x8b, 0x4b, 0xb3, 0x51, 0xac, 0x53, 
	0x93, 0x13, 0xcb, 0x09, 0xc3, 0x4f, 0x93, 0x87, 
	0x7c, 0x67, 0x8c, 0xa9, 0x83, 0x15, 0x43, 0xa9, 
	0x53, 0x23, 0x84, 0x25, 0x4b, 0xa9, 0x2b, 0xed, 
	0x0a, 0xa5, 0x11, 0x53, 0x20, 0xc9, 0x62, 0x4f, 
	0x9c, 0x55, 0xb4, 0x91, 0x9c, 0x53, 0xb5, 0x5b, 
	0x83, 0xcb, 0xa5, 0x11, 0xa4, 0x8b, 0xa4, 0x8b, 
	0x9c, 0xe3, 0xcd, 0x8d, 0x53, 0x05, 0x4c, 0x91, 
	0x7b, 0xd7, 0x5a, 0x8d, 0xb2, 0x11, 0x9a, 0x93, 
	0xba, 0x05, 0xb9, 0x89, 0xb3, 0xd1, 0xa4, 0x45, 
	0x5b, 0x1d, 0x53, 0x1f, 0x5a, 0x9b, 0x63, 0xa5, 
	0x84, 0x65, 0x53, 0x1f, 0x8b, 0x5f, 0x8b, 0xe5, 
	0x0a, 0x61, 0x39, 0xcf, 0x31, 0x8d, 0x83, 0x8d, 
	0xa4, 0xcf, 0xa5, 0x21, 0xad, 0x0d, 0xb5, 0x4f, 
	0x8c, 0x07, 0x94, 0x9d, 0xa4, 0x0b, 0x9c, 0x8d, 
	0xa5, 0x1b, 0x9c, 0x89, 0x74, 0x05, 0x3b, 0x8b, 
	0x6b, 0x0b, 0x63, 0x99, 0x91, 0xd1, 0xab, 0x9b, 
	0xb1, 0xcd, 0xc3, 0x97, 0xa2, 0xd3, 0x9c, 0x19, 
	0x1a, 0x63, 0x63, 0xe5, 0x53, 0xa5, 0x53, 0xa5, 
	0x32, 0x5f, 0x53, 0x63, 0x8b, 0x17, 0x5a, 0xdf, 
	0x09, 0xdf, 0x42, 0x11, 0x6b, 0x13, 0x9c, 0xd7, 
	0x9c, 0x47, 0x8b, 0xd5, 0xad, 0x49, 0xb5, 0x4b, 
	0x7b, 0x83, 0x73, 0x95, 0x73, 0x4d, 0x82, 0xc3, 
	0x72, 0xc5, 0x6a, 0xc7, 0x33, 0x43, 0x52, 0xc5, 
	0x42, 0x07, 0x52, 0x07, 0x88, 0xc5, 0x9a, 0x53, 
	0xb1, 0x8b, 0xd2, 0x0f, 0xc4, 0xa3, 0xb1, 0x8b, 
	0x29, 0x55, 0x19, 0x55, 0x32, 0x1b, 0x09, 0x57, 
	0x12, 0x1d, 0x74, 0x67, 0x4a, 0xe1, 0x0b, 0x29, 
	0x21, 0xdb, 0x73, 0x59, 0x6b, 0x55, 0x84, 0x17, 
	0xac, 0xcb, 0xa5, 0x21, 0xa4, 0x95, 0xb5, 0x09, 
	0x5a, 0xc7, 0x8c, 0x4f, 0x7b, 0xc7, 0x7b, 0x83, 
	0x6b, 0x03, 0x4a, 0x43, 0x23, 0xc5, 0x0b, 0x03, 
	0x31, 0x87, 0x39, 0x8b, 0x91, 0x8b, 0xb2, 0xd9, 
	0xc1, 0x07, 0xd3, 0x19, 0xbc, 0xa3, 0x81, 0x87, 
	0x20, 0xc7, 0x10, 0x45, 0x49, 0x07, 0x62, 0x53, 
	0x62, 0x93, 0x5a, 0x97, 0x32, 0x5f, 0x0a, 0xa5, 
	0x11, 0xdd, 0x29, 0x4b, 0x6b, 0x07, 0x5a, 0x85, 
	0x83, 0xcb, 0x94, 0x0b, 0x94, 0x47, 0xa4, 0xc9, 
	0x63, 0x0b, 0x4a, 0x49, 0x31, 0x49, 0x29, 0x47, 
	0x10, 0xc7, 0x09, 0x07, 0x0a, 0x45, 0x10, 0xc5, 
	0x21, 0x07, 0x21, 0x07, 0x82, 0x11, 0xbd, 0xaf, 
	0xd9, 0xcd, 0xb9, 0x49, 0x8a, 0x09, 0x72, 0x0d, 
	0x10, 0x85, 0x08, 0x45, 0x08, 0x85, 0x5a, 0x93, 
	0x62, 0x95, 0x73, 0x17, 0x62, 0xd5, 0x3a, 0x15, 
	0x32, 0x17, 0x21, 0x4b, 0x21, 0x09, 0x21, 0x09, 
	0x29, 0x09, 0x41, 0x49, 0x49, 0x49, 0x49, 0x89, 
	0x21, 0x4f, 0x19, 0x09, 0x31, 0x8b, 0x29, 0x49, 
	0x11, 0x4f, 0x11, 0x0d, 0x18, 0xc7, 0x21, 0x07, 
	0x18, 0xc5, 0x18, 0x85, 0x89, 0xcf, 0xca, 0xd9, 
	0xa9, 0x4b, 0x78, 0x83, 0x68, 0xc3, 0x48, 0xc7, 
	0x29, 0x4b, 0x21, 0x09, 0x08, 0x43, 0x6a, 0xd5, 
	0x7b, 0x59, 0x6a, 0xd5, 0x7b, 0x59, 0x52, 0x53, 
	0x20, 0xc7, 0x29, 0x8d, 0x18, 0xc7, 0x21, 0x09, 
	0x21, 0x4b, 0x31, 0x8f, 0x29, 0x4b, 0x29, 0x4d, 
	0x11, 0x51, 0x21, 0x4b, 0x39, 0xcd, 0x39, 0x8d, 
	0x29, 0xd5, 0x29, 0xd5, 0x31, 0x8b, 0x29, 0x49, 
	0x21, 0x09, 0x31, 0x49, 0x7a, 0x0f, 0x61, 0x09, 
	0x58, 0x85, 0x60, 0xc7, 0x61, 0xcd, 0x59, 0x07, 
	0x5a, 0x95, 0x29, 0x4b, 0x18, 0xcb, 0x5a, 0x95, 
	0x4a, 0x53, 0x5a, 0x95, 0x5a, 0x53, 0x42, 0x11, 
	0x10, 0x87, 0x21, 0x09, 0x18, 0xc7, 0x21, 0x09, 
	0x21, 0x09, 0x18, 0xc7, 0x21, 0x09, 0x21, 0x09, 
	0x20, 0xc9, 0x21, 0x09, 0x29, 0x09, 0x31, 0x09, 
	0x31, 0x0b, 0x31, 0x0b, 0x31, 0x09, 0x39, 0x09, 
	0x38, 0xc7, 0x38, 0xc7, 0x38, 0xc7, 0x40, 0xc7, 
	0x48, 0xc7, 0x48, 0xc7, 0x50, 0xc7, 0x50, 0xc7, 
	0x40, 0x85, 0x40, 0x85, 0x40, 0x85, 0x48, 0x85, 
	0x48, 0x85, 0x48, 0x45, 0x48, 0x45, 0x50, 0x45, 
	0x58, 0x85, 0x58, 0x85, 0x60, 0x85, 0x60, 0x45, 
	0x60, 0x45, 0x68, 0x45, 0x68, 0x45, 0x68, 0x45, 
	0x70, 0x05, 0x70, 0x45, 0x70, 0x45, 0x70, 0x45, 
	0x70, 0x45, 0x78, 0x45, 0x78, 0x45, 0x80, 0x05, 
	0x80, 0x05, 0x80, 0x05, 0x80, 0x05, 0x78, 0x05, 
	0x80, 0x05, 0x80, 0x05, 0x80, 0x45, 0x80, 0x45, 
	0x70, 0x47, 0x70, 0x45, 0x68, 0x05, 0x70, 0x05, 
	0x70, 0x05, 0x70, 0x05, 0x70, 0x05, 0x70, 0x05, 
	0x70, 0x05, 0x78, 0x05, 0x78, 0x05, 0x78, 0x45, 
	0x78, 0x45, 0x70, 0x05, 0x70, 0x05, 0x70, 0x05, 
	0x70, 0x45, 0x68, 0x45, 0x68, 0x45, 0x68, 0x87, 
	0x68, 0x87, 0x68, 0xc7, 0x68, 0x87, 0x68, 0x45, 
	0x68, 0x45, 0x60, 0x45, 0x60, 0x85, 0x58, 0x85, 
	0x58, 0x85, 0x58, 0x85, 0x58, 0xc5, 0x50, 0xc5, 
	0x6a, 0x93, 0x6a, 0x4b, 0x51, 0xd1, 0x41, 0x4f, 
	0x62, 0x93, 0x61, 0xc3, 0x6a, 0x03, 0x72, 0x43, 
	0x6a, 0x4b, 0x41, 0xcd, 0x20, 0x43, 0x29, 0x0b, 
	0x5a, 0x93, 0x49, 0xc9, 0x49, 0x87, 0x62, 0x55, 
	0x5a, 0x59, 0x53, 0x1b, 0x94, 0x17, 0x9d, 0x27, 
	0x74, 0x23, 0x73, 0x9f, 0x42, 0x11, 0x08, 0x01, 
	0x18, 0xc5, 0x00, 0x01, 0x18, 0x85, 0x18, 0x83, 
	0x20, 0xc5, 0x10, 0x43, 0x31, 0x47, 0x39, 0x45, 
	0x83, 0x0d, 0x83, 0x0d, 0x63, 0x5b, 0x6b, 0x9f, 
	0x8c, 0x61, 0x7b, 0x11, 0x72, 0x45, 0x93, 0x05, 
	0x82, 0xc7, 0x31, 0x4b, 0x18, 0x43, 0x52, 0x95, 
	0x73, 0x9f, 0x73, 0x15, 0x5a, 0x0b, 0x52, 0x57, 
	0x6c, 0x25, 0x73, 0x99, 0x83, 0x4d, 0x94, 0xe5, 
	0x94, 0xe7, 0x6b, 0x5b, 0x42, 0x53, 0x00, 0x01, 
	0x20, 0xc5, 0x08, 0x43, 0x18, 0x85, 0x51, 0xc9, 
	0x5a, 0x91, 0x18, 0xc7, 0x29, 0x07, 0x41, 0x85, 
	0x8a, 0xc3, 0x83, 0x57, 0x6b, 0xe1, 0x84, 0xa5, 
	0x9d, 0x2b, 0x9d, 0x27, 0x93, 0xd7, 0x9b, 0x8f, 
	0x8a, 0x89, 0x20, 0xc7, 0x21, 0x07, 0x59, 0x49, 
	0x69, 0x8b, 0x7a, 0x51, 0x62, 0x0f, 0x63, 0x19, 
	0x7b, 0xdd, 0x83, 0x4f, 0x73, 0x13, 0x84, 0xa7, 
	0x7c, 0x21, 0x5a, 0xd5, 0x42, 0x11, 0x08, 0x41, 
	0x21, 0x07, 0x29, 0x07, 0x41, 0xcf, 0x5a, 0x0f, 
	0x4a, 0x53, 0x39, 0x8b, 0x39, 0x49, 0x39, 0x47, 
	0x82, 0xc3, 0x7b, 0x57, 0x6b, 0x5d, 0x73, 0x5b, 
	0x8b, 0x9d, 0x8a, 0xd7, 0x82, 0x51, 0x92, 0x91, 
	0x93, 0x17, 0x28, 0xc5, 0x31, 0x4b, 0x61, 0x05, 
	0x69, 0x8b, 0x7a, 0x11, 0x62, 0x0f, 0x83, 0xdd, 
	0x94, 0x5d, 0xb4, 0xd7, 0x94, 0x13, 0x94, 0xe7, 
	0x83, 0xdd, 0x6b, 0x15, 0x39, 0xcf, 0x10, 0x83, 
	0x08, 0x43, 0x4a, 0x13, 0x49, 0xcf, 0x4a, 0x0f, 
	0x42, 0x11, 0x18, 0xc7, 0x18, 0x87, 0x31, 0x8d, 
	0x8a, 0x09, 0x7a, 0x93, 0x6a, 0xd7, 0x69, 0x05, 
	0x81, 0x85, 0x81, 0x85, 0x8a, 0xd3, 0x92, 0xd5, 
	0x92, 0xd5, 0x48, 0xc5, 0x71, 0xcb, 0x89, 0x87, 
	0x81, 0x47, 0x8a, 0x0b, 0x59, 0xcf, 0x8c, 0x65, 
	0xa4, 0x49, 0xa4, 0x01, 0x9c, 0x15, 0xb5, 0xad, 
	0x94, 0x61, 0x73, 0x17, 0x39, 0xcf, 0x08, 0x43, 
	0x31, 0x4b, 0x52, 0x97, 0x62, 0x4b, 0x52, 0x93, 
	0x41, 0xcb, 0x39, 0x07, 0x31, 0x07, 0x19, 0x09, 
	0xab, 0xdd, 0x8a, 0x0d, 0x61, 0x05, 0x69, 0x03, 
	0x92, 0x09, 0x89, 0x85, 0x9a, 0x4f, 0x8a, 0x0d, 
	0x79, 0x47, 0x69, 0x05, 0x92, 0x4f, 0x92, 0x0b, 
	0x79, 0x05, 0x89, 0xc9, 0x7a, 0x93, 0xa5, 0x25, 
	0xb4, 0x93, 0xb4, 0x49, 0xbc, 0xdb, 0xc4, 0x97, 
	0xb3, 0xcb, 0x83, 0x59, 0x31, 0x8d, 0x20, 0xc3, 
	0x82, 0xcd, 0x72, 0xd1, 0x52, 0x51, 0x42, 0x53, 
	0x39, 0x49, 0x31, 0x09, 0x49, 0x49, 0x4a, 0x53, 
	0xb3, 0x59, 0x89, 0x45, 0x69, 0x03, 0x69, 0x05, 
	0x91, 0xc9, 0xaa, 0x8f, 0x99, 0x87, 0x69, 0x03, 
	0x50, 0xc3, 0x30, 0x87, 0x39, 0x09, 0x49, 0x47, 
	0x5a, 0x4f, 0x49, 0x07, 0x59, 0xc9, 0xc4, 0x49, 
	0xcc, 0xd5, 0xcd, 0x19, 0xc4, 0x4f, 0xc4, 0x11, 
	0xb3, 0x43, 0x72, 0x8f, 0x10, 0x83, 0x7a, 0x83, 
	0x9b, 0x43, 0x7a, 0xc9, 0x29, 0x4f, 0x41, 0x4b, 
	0x49, 0xcf, 0x31, 0x4d, 0x62, 0xd5, 0x52, 0x4f, 
	0xa1, 0x85, 0xa1, 0xc7, 0x69, 0x05, 0x71, 0x8b, 
	0xa2, 0x09, 0x92, 0x0b, 0x51, 0x09, 0x41, 0xcf, 
	0x31, 0xd1, 0x31, 0x8d, 0x29, 0x4b, 0x31, 0x4b, 
	0x18, 0xc7, 0x18, 0xc5, 0x49, 0xc9, 0xbc, 0x95, 
	0xcd, 0x1b, 0xcc, 0xdd, 0xcc, 0x99, 0xdc, 0x91, 
	0xa3, 0x03, 0x29, 0x05, 0x08, 0x41, 0x41, 0x83, 
	0x5a, 0x05, 0x5a, 0x47, 0x4a, 0x0d, 0x41, 0x89, 
	0x5a, 0x95, 0x7b, 0x57, 0x6a, 0xd3, 0x62, 0xc7, 
	0x99, 0x87, 0x81, 0x47, 0x72, 0x0f, 0x69, 0x47, 
	0x79, 0xc9, 0x62, 0x8d, 0x31, 0x8b, 0x10, 0xc9, 
	0x19, 0x09, 0x10, 0x87, 0x18, 0xc3, 0x08, 0x43, 
	0x10, 0x85, 0x20, 0xc5, 0x5a, 0x4d, 0xc4, 0xdb, 
	0xcc, 0xdb, 0xd4, 0xdb, 0xd4, 0x11, 0xdc, 0x0b, 
	0xb3, 0x03, 0x18, 0xc3, 0x10, 0x83, 0x10, 0x83, 
	0x18, 0xc5, 0x18, 0xc3, 0x31, 0xc3, 0x52, 0x8d, 
	0x93, 0x8f, 0x4a, 0x0d, 0x39, 0x47, 0x52, 0x07, 
	0x49, 0x4b, 0x41, 0x8d, 0x39, 0x4d, 0x41, 0x8d, 
	0x21, 0x07, 0x31, 0x87, 0x21, 0x05, 0x18, 0xc5, 
	0x08, 0x43, 0x08, 0x43, 0x39, 0xc5, 0x31, 0x83, 
	0x21, 0x03, 0x18, 0xc3, 0x8a, 0xc3, 0xc3, 0x89, 
	0xcb, 0x87, 0xcb, 0x83, 0xd3, 0xc3, 0xcb, 0xcb, 
	0xab, 0xd9, 0x5a, 0xc3, 0x31, 0x85, 0x29, 0x47, 
	0x31, 0xc7, 0x5b, 0x03, 0x42, 0x85, 0x4a, 0x03, 
	0x62, 0x85, 0x7b, 0x45, 0x8b, 0x87, 0x8b, 0x8b, 
	0x41, 0xcf, 0x18, 0xc5, 0x29, 0x47, 0x10, 0xc9, 
	0x19, 0x0d, 0x10, 0xc9, 0x31, 0x85, 0x31, 0x47, 
	0x00, 0x01, 0x21, 0x03, 0x5a, 0x83, 0x5a, 0x83, 
	0x52, 0x43, 0x10, 0x83, 0x7a, 0x85, 0x92, 0x83, 
	0x92, 0x83, 0x92, 0xc3, 0x6a, 0x47, 0x4a, 0x4b, 
	0x53, 0x0d, 0x5b, 0x03, 0x6b, 0x83, 0x5b, 0x03, 
	0x42, 0x83, 0x32, 0x83, 0x32, 0x45, 0x83, 0xc3, 
	0x8b, 0xc3, 0x8b, 0x8f, 0x93, 0xcb, 0x8b, 0xc7, 
	0x10, 0x85, 0x29, 0x45, 0x39, 0xc5, 0x21, 0x05, 
	0x41, 0xc7, 0x08, 0x43, 0x29, 0x4b, 0x31, 0x8b, 
	0x52, 0x45, 0x52, 0x45, 0x5a, 0xcf, 0x4a, 0x91, 
	0x5b, 0x17, 0x18, 0xc5, 0x52, 0xc5, 0x5a, 0x45, 
	0x31, 0x45, 0x39, 0xc5, 0x5a, 0xc5, 0x5b, 0x05, 
	0x73, 0x87, 0x42, 0x85, 0x42, 0x05, 0x42, 0x45, 
	0x2a, 0x07, 0x4a, 0x85, 0x5a, 0xc5, 0x6b, 0x05, 
	0x62, 0xc9, 0x6a, 0x8f, 0x62, 0x51, 0x5a, 0x4f, 
	0x20, 0xc7, 0x20, 0xc7, 0x29, 0x07, 0x21, 0x07, 
	0x29, 0x07, 0x20, 0xc7, 0x20, 0xc7, 0x20, 0xc7, 
	0x28, 0xc5, 0x28, 0xc5, 0x28, 0xc7, 0x28, 0xc7, 
	0x28, 0xc7, 0x30, 0xc5, 0x30, 0xc5, 0x30, 0xc5, 
	0x30, 0xc5, 0x30, 0xc5, 0x38, 0xc7, 0x38, 0xc7, 
	0x30, 0xc5, 0x38, 0xc5, 0x38, 0x85, 0x40, 0x85, 
	0x40, 0x85, 0x40, 0xc5, 0x40, 0xc7, 0x48, 0x85, 
	0x48, 0x85, 0x48, 0x85, 0x48, 0x85, 0x48, 0x85, 
	0x60, 0x45, 0x60, 0x45, 0x60, 0x45, 0x60, 0x05, 
	0x68, 0x05, 0x68, 0x05, 0x68, 0x05, 0x68, 0x05, 
	0x68, 0x05, 0x68, 0x03, 0x68, 0x03, 0x68, 0x03, 
	0x68, 0x03, 0x68, 0x03, 0x68, 0x03, 0x68, 0x43, 
	0x70, 0x45, 0x70, 0x45, 0x70, 0x45, 0x70, 0x45, 
	0x58, 0x43, 0x68, 0x45, 0x70, 0x45, 0x70, 0x45, 
	0x70, 0x45, 0x70, 0x45, 0x70, 0x45, 0x70, 0x45, 
	0x70, 0x05, 0x70, 0x05, 0x70, 0x05, 0x70, 0x45, 
	0x60, 0x05, 0x60, 0x45, 0x60, 0x45, 0x60, 0x45, 
	0x60, 0x45, 0x60, 0x05, 0x60, 0x45, 0x60, 0x85, 
	0x60, 0x85, 0x60, 0xc5, 0x60, 0xc5, 0x61, 0x45, 
	0x59, 0x05, 0x61, 0x43, 0x59, 0x05, 0x61, 0x83, 
	0x69, 0xc3, 0x69, 0xc5, 0x6a, 0x05, 0x61, 0xc5, 
	0x62, 0x83, 0x62, 0x45, 0x6a, 0x87, 0x51, 0xc5, 
	0x5a, 0x49, 0x5a, 0x05, 0x61, 0xc3, 0x6a, 0x4b, 
	0x59, 0x07, 0x69, 0x87, 0x6a, 0x4f, 0x61, 0xcb, 
	0x42, 0x11, 0x52, 0xd7, 0x63, 0x59, 0x63, 0x11, 
	0x31, 0x89, 0x18, 0xc7, 0x3a, 0x0f, 0x29, 0x4b, 
	0x4a, 0x8d, 0x63, 0x8d, 0x53, 0x87, 0x6c, 0x07, 
	0x74, 0x05, 0x6b, 0x43, 0x73, 0x83, 0x8c, 0x43, 
	0x84, 0x43, 0x63, 0x83, 0x53, 0x83, 0x5b, 0xc9, 
	0x9c, 0xc7, 0x63, 0xc7, 0x63, 0xc5, 0x6b, 0xc3, 
	0x5b, 0xd3, 0x74, 0x99, 0x7b, 0x85, 0x93, 0xcd, 
	0x7a, 0xc9, 0x9b, 0x13, 0x93, 0xd9, 0x72, 0xcb, 
	0x7c, 0x1f, 0x5b, 0x51, 0x5a, 0xcf, 0x6b, 0x93, 
	0x5b, 0x15, 0x29, 0x07, 0x39, 0xc9, 0x5a, 0xcf, 
	0x63, 0x57, 0x63, 0x97, 0x5b, 0xcd, 0x53, 0x45, 
	0x94, 0x83, 0x52, 0x83, 0x63, 0x43, 0x32, 0x43, 
	0x42, 0xc3, 0x42, 0xc7, 0x4b, 0x85, 0x5c, 0x0f, 
	0x7c, 0x05, 0x5b, 0xcd, 0x7c, 0x03, 0x73, 0xc3, 
	0x3a, 0x83, 0x5b, 0x49, 0x7b, 0x43, 0x8b, 0x43, 
	0x72, 0x8b, 0x8b, 0x99, 0x6a, 0x91, 0x6a, 0x85, 
	0x5b, 0x53, 0x73, 0xdb, 0x73, 0xdf, 0x63, 0x9d, 
	0x6b, 0x9b, 0x29, 0x07, 0x21, 0x05, 0x8c, 0x41, 
	0x8c, 0x4d, 0x53, 0x13, 0x5b, 0x87, 0x8c, 0x83, 
	0x7b, 0xc3, 0x5a, 0xc3, 0x29, 0x43, 0x42, 0x85, 
	0x3a, 0xc7, 0x63, 0xd3, 0x4b, 0x47, 0x5b, 0x8d, 
	0x7c, 0x05, 0x74, 0x07, 0x94, 0xc3, 0x53, 0x45, 
	0x4a, 0x43, 0x73, 0x03, 0x73, 0x05, 0x72, 0x4f, 
	0x6a, 0x0f, 0x6a, 0x51, 0x59, 0x89, 0x62, 0x07, 
	0x7c, 0x21, 0x84, 0x63, 0x84, 0x1b, 0x73, 0x11, 
	0x4a, 0x0f, 0x42, 0x0d, 0x29, 0x49, 0x94, 0x89, 
	0x95, 0x03, 0xa5, 0x49, 0x84, 0x03, 0x63, 0xc5, 
	0x5b, 0x83, 0x73, 0x83, 0x39, 0x81, 0x63, 0x47, 
	0x73, 0x8b, 0x73, 0x93, 0x7b, 0x89, 0x83, 0xc9, 
	0x84, 0x03, 0x95, 0x03, 0x74, 0x83, 0x4b, 0x03, 
	0x52, 0x03, 0x62, 0x03, 0x7a, 0xc7, 0x69, 0x07, 
	0x79, 0xcd, 0x92, 0xd5, 0x82, 0x93, 0x6a, 0x89, 
	0x7b, 0xdf, 0x4a, 0x51, 0x73, 0x11, 0x73, 0x53, 
	0x4a, 0x0d, 0x29, 0x49, 0x10, 0x85, 0x63, 0x43, 
	0x6c, 0x8f, 0x95, 0x55, 0x53, 0x43, 0x7d, 0x15, 
	0x6c, 0x8d, 0x6b, 0x85, 0x39, 0xc5, 0x9c, 0x8d, 
	0x9c, 0x4b, 0x83, 0x83, 0xbd, 0x8f, 0xc6, 0x07, 
	0x7d, 0x07, 0x6c, 0xc3, 0x64, 0xc3, 0x43, 0x03, 
	0x61, 0x85, 0x82, 0x49, 0x81, 0x89, 0xa2, 0xd3, 
	0xa2, 0xd3, 0x9a, 0xd5, 0x82, 0x0f, 0x83, 0x09, 
	0x62, 0xd5, 0x6b, 0x55, 0x73, 0x0f, 0x73, 0x55, 
	0x42, 0x0d, 0x10, 0x85, 0x08, 0x43, 0x5b, 0x47, 
	0x64, 0x4f, 0x54, 0x09, 0x43, 0x83, 0x6c, 0xd1, 
	0x6c, 0x4d, 0x6b, 0x47, 0x5a, 0x45, 0x7c, 0x0f, 
	0x5b, 0x0f, 0x5a, 0x85, 0xb5, 0x8d, 0xd6, 0x93, 
	0x7d, 0x05, 0x64, 0x85, 0x6c, 0x85, 0x63, 0x05, 
	0x82, 0x8b, 0x92, 0x8b, 0x79, 0x05, 0x89, 0xc9, 
	0x9a, 0x8b, 0x92, 0x49, 0x8a, 0x09, 0x93, 0x47, 
	0x4a, 0x51, 0x84, 0x1b, 0x62, 0xd3, 0x7b, 0x97, 
	0x41, 0xcd, 0x08, 0x43, 0x08, 0x43, 0x53, 0x47, 
	0x6c, 0x45, 0x4b, 0xc5, 0x43, 0x43, 0x74, 0x45, 
	0x9c, 0x87, 0x84, 0x07, 0x5a, 0x83, 0x8c, 0x55, 
	0x5a, 0xc7, 0x6b, 0xd1, 0x83, 0x4f, 0xb5, 0x89, 
	0xa5, 0x4f, 0x85, 0x09, 0xb5, 0x8d, 0x83, 0x03, 
	0x61, 0x49, 0x79, 0x49, 0x92, 0x47, 0xb3, 0x0d, 
	0xa2, 0x8b, 0xa2, 0xcb, 0x9a, 0x49, 0x92, 0x45, 
	0x31, 0x8d, 0x7b, 0xdb, 0x52, 0x51, 0x52, 0x93, 
	0x18, 0xc7, 0x00, 0x01, 0x08, 0x43, 0x3a, 0x85, 
	0x94, 0xcd, 0x9c, 0xc3, 0x84, 0x05, 0x94, 0x4d, 
	0x94, 0x99, 0x7b, 0xcb, 0x6b, 0x05, 0x8c, 0x0d, 
	0x72, 0xc9, 0x93, 0xd1, 0x9c, 0x11, 0x9c, 0x87, 
	0xbd, 0xc7, 0x94, 0xc9, 0xb4, 0xc9, 0x7a, 0x45, 
	0x79, 0xcb, 0x61, 0x4b, 0x79, 0x47, 0x89, 0x8b, 
	0x9a, 0x93, 0xa3, 0x17, 0x9a, 0x93, 0x8a, 0x03, 
	
};

Gfx pitstop_dl_baronsbounty_rgba16_aligner[] = {gsSPEndDisplayList()};
u8 pitstop_dl_baronsbounty_rgba16[] = {
	0x00, 0x00, 0x00, 0x00, 0x00, 0x00, 0x00, 0x00, 
	0x00, 0x00, 0x00, 0x00, 0x00, 0x00, 0x00, 0x00, 
	0x00, 0x00, 0x00, 0x00, 0x00, 0x00, 0x00, 0x00, 
	0x00, 0x00, 0x00, 0x00, 0x00, 0x00, 0x00, 0x00, 
	0x00, 0x00, 0x00, 0x00, 0x00, 0x00, 0x00, 0x00, 
	0x00, 0x00, 0x00, 0x00, 0x00, 0x00, 0x00, 0x00, 
	0x00, 0x00, 0x5b, 0x5c, 0x43, 0x5c, 0x32, 0x54, 
	0x2a, 0x13, 0x19, 0x0b, 0x22, 0x13, 0x1a, 0x57, 
	0x1a, 0x99, 0x1a, 0x13, 0x21, 0x8f, 0x21, 0xd1, 
	0x32, 0x94, 0x43, 0x5a, 0x73, 0x9c, 0x00, 0x00, 
	0x00, 0x00, 0x00, 0x00, 0x00, 0x00, 0x00, 0x00, 
	0x00, 0x00, 0x00, 0x00, 0x00, 0x00, 0x00, 0x00, 
	0x00, 0x00, 0x00, 0x00, 0x00, 0x00, 0x00, 0x00, 
	0x00, 0x00, 0x00, 0x00, 0x00, 0x00, 0x00, 0x00, 
	0x00, 0x00, 0x00, 0x00, 0x00, 0x00, 0x00, 0x00, 
	0x00, 0x00, 0x00, 0x00, 0x00, 0x00, 0x00, 0x00, 
	0x00, 0x00, 0x00, 0x00, 0x00, 0x00, 0x00, 0x00, 
	0x00, 0x00, 0x00, 0x00, 0x00, 0x00, 0x00, 0x00, 
	0x00, 0x00, 0x00, 0x00, 0x00, 0x00, 0x00, 0x00, 
	0x00, 0x00, 0x00, 0x00, 0x00, 0x00, 0x00, 0x00, 
	0x00, 0x00, 0x00, 0x00, 0x00, 0x00, 0x00, 0x00, 
	0x00, 0x00, 0x00, 0x00, 0x00, 0x00, 0x00, 0x00, 
	0x00, 0x00, 0x00, 0x00, 0x00, 0x00, 0x00, 0x00, 
	0x00, 0x00, 0x00, 0x00, 0x00, 0x00, 0x00, 0x00, 
	0x00, 0x00, 0x00, 0x00, 0x00, 0x00, 0x00, 0x00, 
	0x00, 0x00, 0x00, 0x00, 0x00, 0x00, 0x00, 0x00, 
	0x00, 0x00, 0x00, 0x00, 0x00, 0x00, 0x00, 0x00, 
	0x00, 0x00, 0x00, 0x00, 0x00, 0x00, 0x00, 0x00, 
	0x00, 0x00, 0x00, 0x00, 0x00, 0x00, 0x00, 0x00, 
	0x00, 0x00, 0x00, 0x00, 0x00, 0x00, 0x00, 0x00, 
	0x00, 0x00, 0x00, 0x00, 0x00, 0x00, 0x00, 0x00, 
	0x00, 0x00, 0x00, 0x00, 0x00, 0x00, 0x00, 0x00, 
	0x00, 0x00, 0x00, 0x00, 0x00, 0x00, 0x00, 0x00, 
	0x00, 0x00, 0x00, 0x00, 0x00, 0x00, 0x00, 0x00, 
	0x00, 0x00, 0x00, 0x00, 0x00, 0x00, 0x00, 0x00, 
	0x00, 0x00, 0x00, 0x00, 0x00, 0x00, 0x00, 0x00, 
	0x00, 0x00, 0x00, 0x00, 0x00, 0x00, 0x00, 0x00, 
	0x00, 0x00, 0x00, 0x00, 0x5b, 0x18, 0x32, 0x96, 
	0x2a, 0x13, 0x12, 0x55, 0x04, 0x65, 0x05, 0xaf, 
	0x06, 0x77, 0x06, 0xfb, 0x07, 0x3d, 0x07, 0x3d, 
	0x07, 0x3f, 0x07, 0x3d, 0x06, 0xfd, 0x06, 0x77, 
	0x05, 0x6f, 0x03, 0xe3, 0x22, 0x13, 0x32, 0x96, 
	0x5b, 0x9c, 0x00, 0x00, 0x00, 0x00, 0x00, 0x00, 
	0x00, 0x00, 0x00, 0x00, 0x00, 0x00, 0x00, 0x00, 
	0x00, 0x00, 0x00, 0x00, 0x00, 0x00, 0x00, 0x00, 
	0x00, 0x00, 0x00, 0x00, 0x00, 0x00, 0x00, 0x00, 
	0x00, 0x00, 0x00, 0x00, 0x00, 0x00, 0x00, 0x00, 
	0x00, 0x00, 0x00, 0x00, 0x00, 0x00, 0x00, 0x00, 
	0x00, 0x00, 0x00, 0x00, 0x00, 0x00, 0x00, 0x00, 
	0x00, 0x00, 0x00, 0x00, 0x00, 0x00, 0x00, 0x00, 
	0x00, 0x00, 0x00, 0x00, 0x00, 0x00, 0x00, 0x00, 
	0x00, 0x00, 0x00, 0x00, 0x00, 0x00, 0x00, 0x00, 
	0x00, 0x00, 0x00, 0x00, 0x00, 0x00, 0x00, 0x00, 
	0x00, 0x00, 0x00, 0x00, 0x00, 0x00, 0x00, 0x00, 
	0x00, 0x00, 0x00, 0x00, 0x00, 0x00, 0x00, 0x00, 
	0x00, 0x00, 0x00, 0x00, 0x00, 0x00, 0x00, 0x00, 
	0x00, 0x00, 0x00, 0x00, 0x00, 0x00, 0x00, 0x00, 
	0x00, 0x00, 0x00, 0x00, 0x00, 0x00, 0x00, 0x00, 
	0x00, 0x00, 0x00, 0x00, 0x00, 0x00, 0x00, 0x00, 
	0x00, 0x00, 0x00, 0x00, 0x00, 0x00, 0x00, 0x00, 
	0x00, 0x00, 0x00, 0x00, 0x00, 0x00, 0x00, 0x00, 
	0x00, 0x00, 0x00, 0x00, 0x00, 0x00, 0x00, 0x00, 
	0x00, 0x00, 0x00, 0x00, 0x00, 0x00, 0x00, 0x00, 
	0x00, 0x00, 0x00, 0x00, 0x00, 0x00, 0x00, 0x00, 
	0x00, 0x00, 0x00, 0x00, 0x00, 0x00, 0x00, 0x00, 
	0x00, 0x00, 0x00, 0x00, 0x00, 0x00, 0x00, 0x00, 
	0x00, 0x00, 0x00, 0x00, 0x00, 0x00, 0x00, 0x00, 
	0x00, 0x00, 0x00, 0x00, 0x00, 0x00, 0x00, 0x00, 
	0x00, 0x00, 0x00, 0x00, 0x00, 0x00, 0x00, 0x00, 
	0x4b, 0x5c, 0x2a, 0x55, 0x1a, 0x97, 0x04, 0xa9, 
	0x06, 0x77, 0x07, 0x3f, 0x07, 0x7f, 0x07, 0x7f, 
	0x07, 0x7f, 0x07, 0x7f, 0x07, 0x7f, 0x07, 0x7f, 
	0x07, 0x7f, 0x07, 0x7f, 0x07, 0x7f, 0x07, 0x7f, 
	0x07, 0x7f, 0x07, 0x7f, 0x06, 0xfb, 0x05, 0x2d, 
	0x1a, 0x97, 0x32, 0x96, 0x63, 0x5c, 0x00, 0x00, 
	0x00, 0x00, 0x00, 0x00, 0x00, 0x00, 0x00, 0x00, 
	0x00, 0x00, 0x00, 0x00, 0x00, 0x00, 0x00, 0x00, 
	0x00, 0x00, 0x00, 0x00, 0x00, 0x00, 0x00, 0x00, 
	0x00, 0x00, 0x00, 0x00, 0x00, 0x00, 0x00, 0x00, 
	0x00, 0x00, 0x00, 0x00, 0x00, 0x00, 0x00, 0x00, 
	0x00, 0x00, 0x00, 0x00, 0x00, 0x00, 0x00, 0x00, 
	0x00, 0x00, 0x00, 0x00, 0x00, 0x00, 0x00, 0x00, 
	0x00, 0x00, 0x00, 0x00, 0x00, 0x00, 0x00, 0x00, 
	0x00, 0x00, 0x00, 0x00, 0x00, 0x00, 0x00, 0x00, 
	0x00, 0x00, 0x00, 0x00, 0x00, 0x00, 0x00, 0x00, 
	0x00, 0x00, 0x00, 0x00, 0x00, 0x00, 0x00, 0x00, 
	0x00, 0x00, 0x00, 0x00, 0x00, 0x00, 0x00, 0x00, 
	0x00, 0x00, 0x00, 0x00, 0x00, 0x00, 0x00, 0x00, 
	0x00, 0x00, 0x00, 0x00, 0x00, 0x00, 0x00, 0x00, 
	0x00, 0x00, 0x00, 0x00, 0x00, 0x00, 0x00, 0x00, 
	0x00, 0x00, 0x00, 0x00, 0x00, 0x00, 0x00, 0x00, 
	0x00, 0x00, 0x00, 0x00, 0x00, 0x00, 0x00, 0x00, 
	0x00, 0x00, 0x00, 0x00, 0x00, 0x00, 0x00, 0x00, 
	0x00, 0x00, 0x00, 0x00, 0x00, 0x00, 0x00, 0x00, 
	0x00, 0x00, 0x00, 0x00, 0x00, 0x00, 0x00, 0x00, 
	0x00, 0x00, 0x00, 0x00, 0x00, 0x00, 0x00, 0x00, 
	0x00, 0x00, 0x00, 0x00, 0x00, 0x00, 0x00, 0x00, 
	0x00, 0x00, 0x00, 0x00, 0x00, 0x00, 0x00, 0x00, 
	0x00, 0x00, 0x00, 0x00, 0x00, 0x00, 0x00, 0x00, 
	0x00, 0x00, 0x00, 0x00, 0x00, 0x00, 0x00, 0x00, 
	0x00, 0x00, 0x00, 0x00, 0x4b, 0x5c, 0x2a, 0x55, 
	0x13, 0x1b, 0x05, 0xb1, 0x07, 0x3d, 0x07, 0x7f, 
	0x07, 0x7f, 0x07, 0x7f, 0x07, 0x7f, 0x07, 0x7f, 
	0x07, 0x7f, 0x07, 0x7f, 0x07, 0x7f, 0x07, 0x7f, 
	0x07, 0x7f, 0x07, 0x7f, 0x07, 0x7f, 0x07, 0x7f, 
	0x07, 0x7f, 0x07, 0x7f, 0x07, 0x7f, 0x07, 0x7f, 
	0x06, 0xfd, 0x04, 0xeb, 0x22, 0x13, 0x43, 0x1a, 
	0x00, 0x00, 0x00, 0x00, 0x00, 0x00, 0x00, 0x00, 
	0x00, 0x00, 0x00, 0x00, 0x00, 0x00, 0x00, 0x00, 
	0x00, 0x00, 0x00, 0x00, 0x00, 0x00, 0x00, 0x00, 
	0x00, 0x00, 0x00, 0x00, 0x00, 0x00, 0x00, 0x00, 
	0x00, 0x00, 0x00, 0x00, 0x00, 0x00, 0x00, 0x00, 
	0x00, 0x00, 0x00, 0x00, 0x00, 0x00, 0x00, 0x00, 
	0x00, 0x00, 0x00, 0x00, 0x00, 0x00, 0x00, 0x00, 
	0x00, 0x00, 0x00, 0x00, 0x00, 0x00, 0x00, 0x00, 
	0x00, 0x00, 0x00, 0x00, 0x00, 0x00, 0x00, 0x00, 
	0x00, 0x00, 0x00, 0x00, 0x00, 0x00, 0x00, 0x00, 
	0x00, 0x00, 0x00, 0x00, 0x00, 0x00, 0x00, 0x00, 
	0x00, 0x00, 0x00, 0x00, 0x00, 0x00, 0x00, 0x00, 
	0x00, 0x00, 0x00, 0x00, 0x00, 0x00, 0x00, 0x00, 
	0x00, 0x00, 0x00, 0x00, 0x00, 0x00, 0x00, 0x00, 
	0x00, 0x00, 0x00, 0x00, 0x00, 0x00, 0x00, 0x00, 
	0x00, 0x00, 0x00, 0x00, 0x00, 0x00, 0x00, 0x00, 
	0x00, 0x00, 0x00, 0x00, 0x00, 0x00, 0x00, 0x00, 
	0x00, 0x00, 0x00, 0x00, 0x00, 0x00, 0x00, 0x00, 
	0x00, 0x00, 0x00, 0x00, 0x00, 0x00, 0x00, 0x00, 
	0x00, 0x00, 0x00, 0x00, 0x00, 0x00, 0x00, 0x00, 
	0x00, 0x00, 0x00, 0x00, 0x00, 0x00, 0x00, 0x00, 
	0x00, 0x00, 0x00, 0x00, 0x00, 0x00, 0x00, 0x00, 
	0x00, 0x00, 0x00, 0x00, 0x00, 0x00, 0x00, 0x00, 
	0x00, 0x00, 0x00, 0x00, 0x00, 0x00, 0x00, 0x00, 
	0x00, 0x00, 0x00, 0x00, 0x00, 0x00, 0x00, 0x00, 
	0x4b, 0x5a, 0x32, 0x96, 0x12, 0x97, 0x05, 0xb1, 
	0x07, 0x3d, 0x07, 0x7f, 0x07, 0x7f, 0x07, 0x7f, 
	0x07, 0x7f, 0x07, 0x7f, 0x07, 0x7f, 0x07, 0x7f, 
	0x07, 0x7f, 0x07, 0x7f, 0x07, 0x7f, 0x07, 0x7f, 
	0x07, 0x7f, 0x07, 0x7f, 0x07, 0x7f, 0x07, 0x7f, 
	0x07, 0x7f, 0x07, 0x7f, 0x07, 0x7f, 0x07, 0x7f, 
	0x07, 0x7f, 0x07, 0x7f, 0x06, 0x77, 0x12, 0xdb, 
	0x32, 0xd8, 0x00, 0x00, 0x00, 0x00, 0x00, 0x00, 
	0x00, 0x00, 0x00, 0x00, 0x00, 0x00, 0x00, 0x00, 
	0x00, 0x00, 0x00, 0x00, 0x00, 0x00, 0x00, 0x00, 
	0x00, 0x00, 0x00, 0x00, 0x00, 0x00, 0x00, 0x00, 
	0x00, 0x00, 0x00, 0x00, 0x00, 0x00, 0x00, 0x00, 
	0x00, 0x00, 0x00, 0x00, 0x00, 0x00, 0x00, 0x00, 
	0x00, 0x00, 0x00, 0x00, 0x00, 0x00, 0x00, 0x00, 
	0x00, 0x00, 0x00, 0x00, 0x00, 0x00, 0x00, 0x00, 
	0x00, 0x00, 0x00, 0x00, 0x00, 0x00, 0x00, 0x00, 
	0x00, 0x00, 0x00, 0x00, 0x00, 0x00, 0x00, 0x00, 
	0x00, 0x00, 0x00, 0x00, 0x00, 0x00, 0x00, 0x00, 
	0x00, 0x00, 0x00, 0x00, 0x00, 0x00, 0x00, 0x00, 
	0x00, 0x00, 0x00, 0x00, 0x00, 0x00, 0x00, 0x00, 
	0x00, 0x00, 0x00, 0x00, 0x00, 0x00, 0x00, 0x00, 
	0x00, 0x00, 0x00, 0x00, 0x00, 0x00, 0x00, 0x00, 
	0x00, 0x00, 0x00, 0x00, 0x00, 0x00, 0x00, 0x00, 
	0x00, 0x00, 0x00, 0x00, 0x00, 0x00, 0x00, 0x00, 
	0x00, 0x00, 0x00, 0x00, 0x00, 0x00, 0x00, 0x00, 
	0x00, 0x00, 0x00, 0x00, 0x00, 0x00, 0x00, 0x00, 
	0x00, 0x00, 0x00, 0x00, 0x00, 0x00, 0x00, 0x00, 
	0x00, 0x00, 0x00, 0x00, 0x00, 0x00, 0x00, 0x00, 
	0x00, 0x00, 0x00, 0x00, 0x00, 0x00, 0x00, 0x00, 
	0x00, 0x00, 0x00, 0x00, 0x00, 0x00, 0x00, 0x00, 
	0x00, 0x00, 0x00, 0x00, 0x00, 0x00, 0x00, 0x00, 
	0x00, 0x00, 0x00, 0x00, 0x00, 0x00, 0x43, 0x1a, 
	0x1a, 0x13, 0x04, 0xa9, 0x06, 0xfd, 0x07, 0x7f, 
	0x07, 0x7f, 0x07, 0x7f, 0x07, 0x7f, 0x07, 0x7f, 
	0x07, 0x7f, 0x07, 0x7f, 0x07, 0x7f, 0x07, 0x7f, 
	0x07, 0x7f, 0x07, 0x7f, 0x07, 0x7f, 0x07, 0x7f, 
	0x07, 0x7f, 0x07, 0x7f, 0x07, 0x7f, 0x07, 0x7f, 
	0x07, 0x7f, 0x07, 0x7f, 0x07, 0x7f, 0x07, 0x7f, 
	0x07, 0x7f, 0x07, 0x7f, 0x07, 0x7f, 0x06, 0xfb, 
	0x0b, 0x9f, 0x3b, 0x18, 0x00, 0x00, 0x00, 0x00, 
	0x00, 0x00, 0x00, 0x00, 0x00, 0x00, 0x00, 0x00, 
	0x00, 0x00, 0x00, 0x00, 0x00, 0x00, 0x00, 0x00, 
	0x00, 0x00, 0x00, 0x00, 0x00, 0x00, 0x00, 0x00, 
	0x00, 0x00, 0x00, 0x00, 0x00, 0x00, 0x00, 0x00, 
	0x00, 0x00, 0x00, 0x00, 0x00, 0x00, 0x00, 0x00, 
	0x00, 0x00, 0x00, 0x00, 0x00, 0x00, 0x00, 0x00, 
	0x00, 0x00, 0x00, 0x00, 0x00, 0x00, 0x00, 0x00, 
	0x00, 0x00, 0x00, 0x00, 0x00, 0x00, 0x00, 0x00, 
	0x00, 0x00, 0x00, 0x00, 0x00, 0x00, 0x00, 0x00, 
	0x00, 0x00, 0x00, 0x00, 0x00, 0x00, 0x00, 0x00, 
	0x00, 0x00, 0x00, 0x00, 0x00, 0x00, 0x00, 0x00, 
	0x00, 0x00, 0x00, 0x00, 0x00, 0x00, 0x00, 0x00, 
	0x00, 0x00, 0x00, 0x00, 0x00, 0x00, 0x00, 0x00, 
	0x00, 0x00, 0x00, 0x00, 0x00, 0x00, 0x00, 0x00, 
	0x00, 0x00, 0x00, 0x00, 0x00, 0x00, 0x00, 0x00, 
	0x00, 0x00, 0x00, 0x00, 0x00, 0x00, 0x00, 0x00, 
	0x00, 0x00, 0x00, 0x00, 0x00, 0x00, 0x00, 0x00, 
	0x00, 0x00, 0x00, 0x00, 0x00, 0x00, 0x00, 0x00, 
	0x00, 0x00, 0x00, 0x00, 0x00, 0x00, 0x00, 0x00, 
	0x00, 0x00, 0x00, 0x00, 0x00, 0x00, 0x00, 0x00, 
	0x00, 0x00, 0x00, 0x00, 0x00, 0x00, 0x00, 0x00, 
	0x00, 0x00, 0x00, 0x00, 0x00, 0x00, 0x00, 0x00, 
	0x00, 0x00, 0x00, 0x00, 0x00, 0x00, 0x00, 0x00, 
	0x00, 0x00, 0x00, 0x00, 0x32, 0x96, 0x13, 0x1b, 
	0x06, 0x77, 0x07, 0x7f, 0x07, 0x7f, 0x07, 0x7f, 
	0x07, 0x7f, 0x07, 0x7f, 0x07, 0x7f, 0x07, 0x7f, 
	0x07, 0x7f, 0x07, 0x7f, 0x07, 0x7f, 0x07, 0x7f, 
	0x07, 0x7f, 0x07, 0x7f, 0x07, 0x7f, 0x07, 0x7f, 
	0x07, 0x7f, 0x07, 0x7f, 0x07, 0x7f, 0x07, 0x7f, 
	0x07, 0x7f, 0x07, 0x7f, 0x07, 0x7f, 0x07, 0x7f, 
	0x07, 0x7f, 0x07, 0x7f, 0x07, 0x7f, 0x07, 0x7f, 
	0x07, 0x3d, 0x0b, 0xe1, 0x3b, 0x1a, 0x00, 0x00, 
	0x00, 0x00, 0x00, 0x00, 0x00, 0x00, 0x00, 0x00, 
	0x00, 0x00, 0x00, 0x00, 0x00, 0x00, 0x00, 0x00, 
	0x00, 0x00, 0x00, 0x00, 0x00, 0x00, 0x00, 0x00, 
	0x00, 0x00, 0x00, 0x00, 0x00, 0x00, 0x00, 0x00, 
	0x00, 0x00, 0x00, 0x00, 0x00, 0x00, 0x00, 0x00, 
	0x00, 0x00, 0x00, 0x00, 0x00, 0x00, 0x00, 0x00, 
	0x00, 0x00, 0x00, 0x00, 0x00, 0x00, 0x00, 0x00, 
	0x00, 0x00, 0x00, 0x00, 0x00, 0x00, 0x00, 0x00, 
	0x00, 0x00, 0x00, 0x00, 0x00, 0x00, 0x00, 0x00, 
	0x00, 0x00, 0x00, 0x00, 0x00, 0x00, 0x00, 0x00, 
	0x00, 0x00, 0x00, 0x00, 0x00, 0x00, 0x00, 0x00, 
	0x00, 0x00, 0x00, 0x00, 0x00, 0x00, 0x00, 0x00, 
	0x00, 0x00, 0x00, 0x00, 0x00, 0x00, 0x00, 0x00, 
	0x00, 0x00, 0x00, 0x00, 0x00, 0x00, 0x00, 0x00, 
	0x00, 0x00, 0x00, 0x00, 0x00, 0x00, 0x00, 0x00, 
	0x00, 0x00, 0x00, 0x00, 0x00, 0x00, 0x00, 0x00, 
	0x00, 0x00, 0x00, 0x00, 0x00, 0x01, 0x00, 0x00, 
	0x00, 0x00, 0x00, 0x00, 0x00, 0x00, 0x00, 0x00, 
	0x00, 0x01, 0x00, 0x01, 0x02, 0x95, 0x03, 0xdf, 
	0x03, 0x19, 0x00, 0x01, 0x00, 0x00, 0x00, 0x00, 
	0x00, 0x00, 0x00, 0x00, 0x00, 0x00, 0x00, 0x00, 
	0x00, 0x00, 0x00, 0x00, 0x00, 0x00, 0x00, 0x00, 
	0x00, 0x00, 0x00, 0x00, 0x00, 0x00, 0x00, 0x00, 
	0x42, 0x9a, 0x2a, 0x55, 0x04, 0x65, 0x07, 0x3d, 
	0x07, 0x7f, 0x07, 0x7f, 0x07, 0x7f, 0x07, 0x7f, 
	0x07, 0x7f, 0x07, 0x7f, 0x07, 0x7f, 0x07, 0x7f, 
	0x07, 0x7f, 0x07, 0x7f, 0x07, 0x7f, 0x07, 0x7f, 
	0x07, 0x7f, 0x07, 0x7f, 0x07, 0x7f, 0x07, 0x7f, 
	0x07, 0x7f, 0x07, 0x7f, 0x07, 0x7f, 0x07, 0x7f, 
	0x07, 0x7f, 0x07, 0x7f, 0x07, 0x7f, 0x07, 0x7f, 
	0x07, 0x7f, 0x07, 0x7f, 0x07, 0x7f, 0x07, 0x7f, 
	0x07, 0x7f, 0x07, 0x3d, 0x0b, 0xe1, 0x3a, 0xd8, 
	0x00, 0x00, 0x00, 0x00, 0x00, 0x00, 0x00, 0x00, 
	0x00, 0x00, 0x00, 0x00, 0x00, 0x00, 0x00, 0x00, 
	0x00, 0x00, 0x00, 0x00, 0x00, 0x00, 0x00, 0x00, 
	0x00, 0x00, 0x00, 0x00, 0x00, 0x00, 0x00, 0x00, 
	0x00, 0x00, 0x00, 0x00, 0x00, 0x00, 0x00, 0x00, 
	0x00, 0x00, 0x00, 0x00, 0x00, 0x00, 0x00, 0x00, 
	0x00, 0x00, 0x00, 0x00, 0x00, 0x00, 0x00, 0x00, 
	0x00, 0x00, 0x00, 0x00, 0x00, 0x00, 0x00, 0x00, 
	0x00, 0x00, 0x00, 0x00, 0x00, 0x00, 0x00, 0x00, 
	0x00, 0x00, 0x00, 0x00, 0x00, 0x00, 0x00, 0x00, 
	0x00, 0x00, 0x00, 0x00, 0x00, 0x00, 0x00, 0x00, 
	0x00, 0x00, 0x00, 0x00, 0x00, 0x00, 0x00, 0x00, 
	0x00, 0x00, 0x00, 0x00, 0x00, 0x00, 0x00, 0x00, 
	0x00, 0x00, 0x00, 0x00, 0x00, 0x00, 0x00, 0x00, 
	0x00, 0x00, 0x00, 0x00, 0x00, 0x00, 0x00, 0x00, 
	0x00, 0x00, 0x00, 0x00, 0x00, 0x00, 0x00, 0x00, 
	0x00, 0x00, 0x05, 0x2b, 0x05, 0xaf, 0x00, 0x01, 
	0x00, 0x00, 0x00, 0x00, 0x00, 0x00, 0x01, 0x09, 
	0x06, 0xb7, 0x07, 0x7f, 0x07, 0xbf, 0x07, 0xbf, 
	0x07, 0x7d, 0x04, 0x65, 0x00, 0x01, 0x00, 0x00, 
	0x00, 0x00, 0x00, 0x00, 0x00, 0x00, 0x00, 0x00, 
	0x00, 0x00, 0x00, 0x00, 0x00, 0x00, 0x00, 0x00, 
	0x00, 0x00, 0x00, 0x00, 0x00, 0x00, 0x43, 0xde, 
	0x22, 0x13, 0x05, 0x6d, 0x07, 0x3f, 0x07, 0x7f, 
	0x07, 0x7f, 0x07, 0x7f, 0x07, 0x7f, 0x07, 0x7f, 
	0x07, 0x7f, 0x07, 0x7f, 0x07, 0x7f, 0x07, 0x7f, 
	0x07, 0x7f, 0x07, 0x7f, 0x07, 0x7f, 0x07, 0x7f, 
	0x07, 0x7f, 0x07, 0x7f, 0x07, 0x7f, 0x07, 0x7f, 
	0x07, 0x7f, 0x07, 0x7f, 0x07, 0x7f, 0x07, 0x7f, 
	0x07, 0x7f, 0x07, 0x7f, 0x07, 0x7f, 0x07, 0x7f, 
	0x07, 0x7f, 0x07, 0x7f, 0x07, 0x7f, 0x07, 0x7f, 
	0x07, 0x7f, 0x07, 0x7f, 0x06, 0xfd, 0x13, 0x1b, 
	0x43, 0x5c, 0x00, 0x00, 0x00, 0x00, 0x00, 0x00, 
	0x00, 0x00, 0x00, 0x00, 0x00, 0x00, 0x00, 0x00, 
	0x00, 0x00, 0x00, 0x00, 0x00, 0x00, 0x00, 0x00, 
	0x00, 0x00, 0x00, 0x00, 0x00, 0x00, 0x00, 0x00, 
	0x00, 0x00, 0x00, 0x00, 0x00, 0x00, 0x00, 0x00, 
	0x00, 0x00, 0x00, 0x00, 0x00, 0x00, 0x00, 0x00, 
	0x00, 0x00, 0x00, 0x00, 0x00, 0x00, 0x00, 0x00, 
	0x00, 0x00, 0x00, 0x00, 0x00, 0x00, 0x00, 0x00, 
	0x00, 0x00, 0x00, 0x00, 0x00, 0x00, 0x00, 0x00, 
	0x00, 0x00, 0x00, 0x00, 0x00, 0x00, 0x00, 0x00, 
	0x00, 0x00, 0x00, 0x00, 0x00, 0x00, 0x00, 0x00, 
	0x00, 0x00, 0x00, 0x00, 0x00, 0x00, 0x00, 0x00, 
	0x00, 0x00, 0x00, 0x00, 0x00, 0x00, 0x00, 0x00, 
	0x00, 0x00, 0x00, 0x00, 0x00, 0x00, 0x00, 0x00, 
	0x00, 0x01, 0x01, 0x4d, 0x01, 0x4d, 0x00, 0x00, 
	0x03, 0x1b, 0x04, 0xe9, 0x04, 0xa7, 0x04, 0x65, 
	0x02, 0xd9, 0x04, 0x65, 0x06, 0x75, 0x00, 0x01, 
	0x00, 0x00, 0x00, 0x00, 0x00, 0x01, 0x05, 0x6d, 
	0x07, 0xbf, 0x07, 0xbf, 0x07, 0xbf, 0x07, 0xbf, 
	0x07, 0xbf, 0x07, 0xbf, 0x05, 0x2b, 0x00, 0x01, 
	0x00, 0x00, 0x00, 0x00, 0x00, 0x00, 0x00, 0x00, 
	0x00, 0x00, 0x00, 0x00, 0x00, 0x00, 0x00, 0x00, 
	0x00, 0x00, 0x00, 0x00, 0x43, 0x1a, 0x1a, 0x13, 
	0x05, 0xf3, 0x07, 0x7f, 0x07, 0x7f, 0x07, 0x7f, 
	0x07, 0x7f, 0x07, 0x7f, 0x07, 0x7f, 0x07, 0x7f, 
	0x07, 0x7f, 0x07, 0x7f, 0x07, 0x7f, 0x07, 0x7f, 
	0x07, 0x7f, 0x07, 0x7f, 0x07, 0x7f, 0x07, 0x7f, 
	0x07, 0x7f, 0x1e, 0xb9, 0x75, 0xf3, 0xb6, 0x73, 
	0xce, 0x73, 0xce, 0x73, 0xb5, 0xef, 0x85, 0x6d, 
	0x35, 0x2b, 0x06, 0x77, 0x07, 0x7f, 0x07, 0x7f, 
	0x07, 0x7f, 0x07, 0x7f, 0x07, 0x7f, 0x07, 0x7f, 
	0x07, 0x7f, 0x07, 0x7f, 0x07, 0x7f, 0x06, 0x79, 
	0x22, 0x53, 0x5b, 0x9e, 0x00, 0x00, 0x00, 0x00, 
	0x00, 0x00, 0x00, 0x00, 0x00, 0x00, 0x00, 0x00, 
	0x00, 0x00, 0x00, 0x00, 0x00, 0x00, 0x00, 0x00, 
	0x00, 0x00, 0x00, 0x00, 0x00, 0x00, 0x00, 0x00, 
	0x00, 0x00, 0x00, 0x00, 0x00, 0x00, 0x00, 0x00, 
	0x00, 0x00, 0x00, 0x00, 0x00, 0x00, 0x00, 0x00, 
	0x00, 0x00, 0x00, 0x00, 0x00, 0x00, 0x00, 0x00, 
	0x00, 0x00, 0x00, 0x00, 0x00, 0x00, 0x00, 0x00, 
	0x00, 0x00, 0x00, 0x00, 0x00, 0x00, 0x00, 0x00, 
	0x00, 0x00, 0x00, 0x00, 0x00, 0x00, 0x00, 0x00, 
	0x00, 0x00, 0x00, 0x00, 0x00, 0x00, 0x00, 0x00, 
	0x00, 0x00, 0x00, 0x00, 0x00, 0x01, 0x00, 0x01, 
	0x00, 0x01, 0x00, 0x01, 0x00, 0x01, 0x00, 0x00, 
	0x00, 0x00, 0x00, 0x00, 0x00, 0x00, 0x03, 0x5b, 
	0x07, 0x3d, 0x07, 0xbf, 0x06, 0x75, 0x00, 0x01, 
	0x04, 0x65, 0x07, 0xbf, 0x07, 0xbf, 0x07, 0xbf, 
	0x05, 0x2b, 0x04, 0xe9, 0x06, 0x75, 0x00, 0x01, 
	0x00, 0x00, 0x00, 0x00, 0x03, 0x9d, 0x07, 0x7f, 
	0x07, 0xbf, 0x07, 0xbf, 0x07, 0xbf, 0x07, 0xbf, 
	0x07, 0xbf, 0x07, 0xbf, 0x07, 0xbf, 0x04, 0x63, 
	0x00, 0x00, 0x00, 0x00, 0x00, 0x00, 0x00, 0x00, 
	0x00, 0x00, 0x00, 0x00, 0x00, 0x00, 0x00, 0x00, 
	0x00, 0x00, 0x4b, 0x5a, 0x1a, 0x13, 0x06, 0x77, 
	0x07, 0x7f, 0x07, 0x7f, 0x07, 0x7f, 0x07, 0x7f, 
	0x07, 0x7f, 0x07, 0x7f, 0x07, 0x7f, 0x07, 0x7f, 
	0x07, 0x7f, 0x07, 0x7f, 0x07, 0x7f, 0x07, 0x7f, 
	0x07, 0x7f, 0x07, 0x7f, 0x07, 0x7f, 0x0e, 0xfb, 
	0x85, 0xf1, 0xde, 0xf7, 0xff, 0xff, 0xff, 0xff, 
	0xff, 0xff, 0xff, 0xff, 0xff, 0xff, 0xff, 0xff, 
	0xf7, 0xbd, 0xbd, 0xef, 0x64, 0xa7, 0x06, 0xb9, 
	0x07, 0x7f, 0x07, 0x7f, 0x07, 0x7f, 0x07, 0x7f, 
	0x07, 0x7f, 0x07, 0x7f, 0x07, 0x7f, 0x07, 0x7f, 
	0x05, 0x6f, 0x32, 0x97, 0x00, 0x00, 0x00, 0x00, 
	0x00, 0x00, 0x00, 0x00, 0x00, 0x00, 0x00, 0x00, 
	0x00, 0x00, 0x00, 0x00, 0x00, 0x00, 0x00, 0x00, 
	0x00, 0x00, 0x00, 0x00, 0x00, 0x00, 0x00, 0x00, 
	0x00, 0x00, 0x00, 0x00, 0x00, 0x00, 0x00, 0x00, 
	0x00, 0x00, 0x00, 0x00, 0x00, 0x00, 0x00, 0x00, 
	0x00, 0x00, 0x00, 0x00, 0x00, 0x00, 0x00, 0x00, 
	0x00, 0x00, 0x00, 0x00, 0x00, 0x00, 0x00, 0x00, 
	0x00, 0x00, 0x00, 0x00, 0x00, 0x00, 0x00, 0x00, 
	0x00, 0x00, 0x00, 0x00, 0x00, 0x00, 0x00, 0x00, 
	0x00, 0x00, 0x00, 0x00, 0x00, 0x00, 0x00, 0x00, 
	0x00, 0x01, 0x04, 0xa7, 0x06, 0x33, 0x06, 0xb7, 
	0x06, 0xf9, 0x07, 0x3d, 0x05, 0xf1, 0x00, 0x01, 
	0x00, 0x00, 0x00, 0x00, 0x00, 0x00, 0x04, 0x21, 
	0x07, 0xbf, 0x07, 0xbf, 0x07, 0xbf, 0x05, 0x6d, 
	0x03, 0xe1, 0x07, 0xbf, 0x07, 0xbf, 0x07, 0xbf, 
	0x05, 0xad, 0x05, 0xaf, 0x03, 0xe1, 0x00, 0x00, 
	0x00, 0x00, 0x01, 0x4d, 0x06, 0xf9, 0x07, 0xbf, 
	0x07, 0xbf, 0x07, 0xbf, 0x07, 0xbf, 0x07, 0xbf, 
	0x07, 0xbf, 0x07, 0xbf, 0x06, 0xf9, 0x00, 0xc7, 
	0x00, 0x00, 0x00, 0x00, 0x00, 0x00, 0x00, 0x00, 
	0x00, 0x00, 0x00, 0x00, 0x00, 0x00, 0x00, 0x00, 
	0x42, 0xd6, 0x1a, 0x55, 0x06, 0x77, 0x07, 0x7f, 
	0x07, 0x7f, 0x07, 0x7f, 0x07, 0x7f, 0x07, 0x7f, 
	0x07, 0x7f, 0x07, 0x7f, 0x07, 0x7f, 0x07, 0x7f, 
	0x07, 0x7f, 0x07, 0x7f, 0x07, 0x7f, 0x07, 0x7f, 
	0x07, 0x7f, 0x07, 0x7f, 0x1e, 0xb9, 0xc6, 0x73, 
	0xff, 0xff, 0xff, 0xff, 0xff, 0xff, 0xff, 0xff, 
	0xff, 0xff, 0xff, 0xff, 0xff, 0xff, 0xff, 0xff, 
	0xff, 0xff, 0xff, 0xff, 0xff, 0xff, 0xad, 0xad, 
	0x15, 0xf3, 0x07, 0x7f, 0x07, 0x7f, 0x07, 0x7f, 
	0x07, 0x7f, 0x07, 0x7f, 0x07, 0x7f, 0x07, 0x7f, 
	0x07, 0x3f, 0x13, 0x5f, 0x4b, 0x9e, 0x00, 0x00, 
	0x00, 0x00, 0x00, 0x00, 0x00, 0x00, 0x00, 0x00, 
	0x00, 0x00, 0x00, 0x00, 0x00, 0x00, 0x00, 0x00, 
	0x00, 0x00, 0x00, 0x00, 0x00, 0x00, 0x00, 0x00, 
	0x00, 0x00, 0x00, 0x00, 0x00, 0x00, 0x00, 0x00, 
	0x00, 0x00, 0x00, 0x00, 0x00, 0x00, 0x00, 0x00, 
	0x00, 0x00, 0x00, 0x00, 0x00, 0x00, 0x00, 0x00, 
	0x00, 0x00, 0x00, 0x00, 0x00, 0x00, 0x00, 0x00, 
	0x00, 0x01, 0x00, 0x01, 0x00, 0xc7, 0x03, 0x5b, 
	0x04, 0xe7, 0x05, 0x6d, 0x02, 0x13, 0x00, 0x01, 
	0x00, 0x00, 0x00, 0x00, 0x00, 0x00, 0x00, 0x87, 
	0x05, 0xaf, 0x07, 0xbf, 0x07, 0xbf, 0x07, 0xbf, 
	0x07, 0xbf, 0x07, 0xbf, 0x07, 0xbf, 0x05, 0xf1, 
	0x00, 0x87, 0x00, 0x00, 0x00, 0x00, 0x04, 0x65, 
	0x07, 0xbf, 0x07, 0xbf, 0x07, 0xbf, 0x07, 0x7f, 
	0x05, 0x2b, 0x07, 0xbf, 0x07, 0xbf, 0x07, 0xbf, 
	0x05, 0xf1, 0x00, 0x01, 0x00, 0x00, 0x00, 0x00, 
	0x00, 0x01, 0x05, 0xaf, 0x07, 0xbf, 0x07, 0xbf, 
	0x07, 0xbf, 0x07, 0xbf, 0x07, 0x3b, 0x02, 0xd9, 
	0x05, 0xf1, 0x07, 0x7d, 0x03, 0x9d, 0x00, 0x00, 
	0x00, 0x00, 0x00, 0x00, 0x00, 0x00, 0x00, 0x00, 
	0x00, 0x00, 0x00, 0x00, 0x00, 0x00, 0x4c, 0x24, 
	0x1a, 0x13, 0x06, 0x77, 0x07, 0x7f, 0x07, 0x7f, 
	0x07, 0x7f, 0x07, 0x7f, 0x07, 0x7f, 0x07, 0x7f, 
	0x07, 0x7f, 0x07, 0x7f, 0x07, 0x7f, 0x07, 0x7f, 
	0x07, 0x7f, 0x07, 0x7f, 0x07, 0x7f, 0x07, 0x7f, 
	0x07, 0x7f, 0x06, 0xfb, 0xad, 0xf1, 0xff, 0xff, 
	0xff, 0xff, 0xff, 0xff, 0xff, 0xff, 0xff, 0xff, 
	0xff, 0xff, 0xe7, 0x39, 0xd6, 0xb5, 0xf7, 0xbd, 
	0xff, 0xff, 0xff, 0xff, 0xff, 0xff, 0xff, 0xff, 
	0xbd, 0xf1, 0x1e, 0x35, 0x07, 0x7f, 0x07, 0x7f, 
	0x07, 0x7f, 0x07, 0x7f, 0x07, 0x7f, 0x07, 0x7f, 
	0x07, 0x7f, 0x06, 0x77, 0x2a, 0x55, 0x00, 0x00, 
	0x00, 0x00, 0x00, 0x00, 0x00, 0x00, 0x00, 0x00, 
	0x00, 0x00, 0x00, 0x00, 0x00, 0x00, 0x00, 0x00, 
	0x00, 0x00, 0x00, 0x00, 0x00, 0x00, 0x00, 0x00, 
	0x00, 0x00, 0x00, 0x00, 0x00, 0x00, 0x00, 0x00, 
	0x00, 0x00, 0x00, 0x00, 0x00, 0x00, 0x00, 0x01, 
	0x00, 0x01, 0x01, 0xcf, 0x01, 0x4b, 0x00, 0x00, 
	0x00, 0x00, 0x00, 0x00, 0x00, 0x00, 0x04, 0xa7, 
	0x05, 0xf1, 0x06, 0xb7, 0x07, 0x7d, 0x07, 0xbf, 
	0x07, 0xbf, 0x07, 0xbf, 0x07, 0x3d, 0x05, 0x2b, 
	0x01, 0x09, 0x00, 0x00, 0x01, 0xcf, 0x06, 0x75, 
	0x07, 0xbf, 0x07, 0xbf, 0x07, 0xbf, 0x07, 0xbf, 
	0x07, 0xbf, 0x07, 0xbf, 0x07, 0xbf, 0x07, 0xbf, 
	0x05, 0xf3, 0x00, 0x87, 0x00, 0x00, 0x04, 0xa7, 
	0x07, 0xbf, 0x07, 0xbf, 0x07, 0xbf, 0x07, 0xbf, 
	0x07, 0x7f, 0x07, 0xbf, 0x07, 0xbf, 0x07, 0xbf, 
	0x06, 0x33, 0x00, 0x01, 0x00, 0x00, 0x00, 0x00, 
	0x01, 0xcf, 0x06, 0xf9, 0x07, 0xbf, 0x07, 0xbf, 
	0x07, 0xbf, 0x07, 0xbf, 0x07, 0xbf, 0x06, 0xb9, 
	0x03, 0x9f, 0x01, 0xcf, 0x00, 0x01, 0x00, 0x00, 
	0x00, 0x00, 0x00, 0x00, 0x00, 0x00, 0x00, 0x00, 
	0x00, 0x00, 0x00, 0x00, 0x54, 0x62, 0x22, 0x13, 
	0x05, 0xf3, 0x07, 0x7f, 0x07, 0x7f, 0x07, 0x7f, 
	0x07, 0x7f, 0x07, 0x7f, 0x07, 0x7f, 0x07, 0x7f, 
	0x07, 0x7f, 0x07, 0x7f, 0x07, 0x7f, 0x07, 0x7f, 
	0x07, 0x7f, 0x07, 0x7f, 0x07, 0x7f, 0x07, 0x7f, 
	0x07, 0x7f, 0x75, 0x6d, 0xff, 0xff, 0xff, 0xff, 
	0xff, 0xff, 0xff, 0xff, 0xbe, 0x73, 0x6e, 0x33, 
	0x2e, 0x75, 0x06, 0xf9, 0x07, 0x7d, 0x4e, 0x75, 
	0xbe, 0x73, 0xff, 0xff, 0xff, 0xff, 0xff, 0xff, 
	0xff, 0xff, 0xad, 0xad, 0x07, 0x3d, 0x07, 0x7f, 
	0x07, 0x7f, 0x07, 0x7f, 0x07, 0x7f, 0x07, 0x7f, 
	0x07, 0x7f, 0x07, 0x7f, 0x04, 0x23, 0x22, 0x10, 
	0x00, 0x01, 0x02, 0x1f, 0x02, 0x65, 0x02, 0x65, 
	0x02, 0x65, 0x02, 0x65, 0x02, 0x65, 0x02, 0x65, 
	0x02, 0x65, 0x02, 0x65, 0x02, 0x65, 0x02, 0x67, 
	0x02, 0x67, 0x01, 0x57, 0x00, 0x00, 0x00, 0x00, 
	0x00, 0x00, 0x00, 0x00, 0x02, 0x13, 0x05, 0xf1, 
	0x06, 0xf9, 0x07, 0x7f, 0x05, 0xaf, 0x00, 0x01, 
	0x00, 0x00, 0x00, 0x00, 0x00, 0x01, 0x07, 0x3b, 
	0x07, 0xbf, 0x07, 0xbf, 0x07, 0xbf, 0x07, 0xbf, 
	0x07, 0xbf, 0x07, 0xbf, 0x07, 0xbf, 0x07, 0xbf, 
	0x06, 0x75, 0x00, 0x01, 0x06, 0x33, 0x07, 0xbf, 
	0x07, 0xbf, 0x07, 0xbf, 0x07, 0xbf, 0x07, 0xbf, 
	0x07, 0xbf, 0x07, 0xbf, 0x07, 0xbf, 0x07, 0xbf, 
	0x07, 0xbf, 0x06, 0x33, 0x00, 0x87, 0x05, 0x2b, 
	0x07, 0xbf, 0x07, 0xbf, 0x07, 0xbf, 0x07, 0xbf, 
	0x07, 0xbf, 0x07, 0xbf, 0x07, 0xbf, 0x07, 0xbf, 
	0x06, 0x75, 0x00, 0x01, 0x00, 0x00, 0x00, 0x00, 
	0x00, 0x00, 0x00, 0x01, 0x03, 0xe1, 0x06, 0x75, 
	0x07, 0x7f, 0x07, 0xbf, 0x07, 0xbf, 0x07, 0xbf, 
	0x07, 0xbf, 0x06, 0x33, 0x02, 0xd7, 0x00, 0x01, 
	0x00, 0x00, 0x00, 0x00, 0x00, 0x00, 0x00, 0x00, 
	0x00, 0x00, 0x00, 0x00, 0x2a, 0x55, 0x05, 0x2d, 
	0x07, 0x7f, 0x07, 0x7f, 0x07, 0x7f, 0x07, 0x7f, 
	0x07, 0x7f, 0x07, 0x7f, 0x07, 0x7f, 0x07, 0x7f, 
	0x07, 0x7f, 0x07, 0x7f, 0x07, 0x7f, 0x07, 0x7f, 
	0x07, 0x7f, 0x07, 0x7f, 0x07, 0x7f, 0x07, 0x7f, 
	0x06, 0xb9, 0xd6, 0xb5, 0xff, 0xff, 0xff, 0xff, 
	0xff, 0xff, 0xff, 0xff, 0xae, 0x73, 0x07, 0xbf, 
	0x07, 0xbf, 0x07, 0xbf, 0x07, 0xbf, 0x07, 0xbf, 
	0x66, 0x33, 0xff, 0xff, 0xff, 0xff, 0xff, 0xff, 
	0xff, 0xff, 0xf7, 0xbd, 0x55, 0xf1, 0x07, 0x7f, 
	0x07, 0x7f, 0x07, 0x7f, 0x07, 0x7f, 0x07, 0x7f, 
	0x07, 0x7f, 0x05, 0xb1, 0x00, 0x47, 0x02, 0x65, 
	0x03, 0xb9, 0x04, 0x3f, 0x04, 0x3f, 0x04, 0x3f, 
	0x04, 0x3f, 0x04, 0x3f, 0x04, 0x3f, 0x04, 0x3f, 
	0x04, 0x3f, 0x04, 0x3f, 0x04, 0x3f, 0x04, 0x3f, 
	0x04, 0x3f, 0x03, 0xb9, 0x00, 0xcd, 0x00, 0x00, 
	0x00, 0x00, 0x00, 0x00, 0x05, 0x6d, 0x07, 0xbf, 
	0x07, 0xbf, 0x07, 0xbf, 0x07, 0x7f, 0x03, 0x1b, 
	0x00, 0x00, 0x00, 0x00, 0x00, 0x01, 0x06, 0x75, 
	0x07, 0xbf, 0x07, 0xbf, 0x07, 0xbf, 0x07, 0xbf, 
	0x07, 0xbf, 0x07, 0xbf, 0x07, 0xbf, 0x07, 0xbf, 
	0x07, 0x3d, 0x00, 0x01, 0x06, 0x75, 0x07, 0xbf, 
	0x07, 0xbf, 0x07, 0xbf, 0x07, 0xbf, 0x06, 0x75, 
	0x06, 0x77, 0x07, 0x7d, 0x07, 0xbf, 0x07, 0xbf, 
	0x07, 0xbf, 0x07, 0xbf, 0x02, 0x53, 0x05, 0x6d, 
	0x07, 0xbf, 0x07, 0xbf, 0x07, 0xbf, 0x07, 0xbf, 
	0x07, 0xbf, 0x07, 0xbf, 0x07, 0xbf, 0x07, 0xbf, 
	0x06, 0x77, 0x00, 0x01, 0x00, 0x00, 0x00, 0x00, 
	0x00, 0x00, 0x04, 0x23, 0x06, 0xb7, 0x04, 0xa7, 
	0x03, 0x1b, 0x06, 0x77, 0x07, 0xbf, 0x07, 0xbf, 
	0x07, 0xbf, 0x07, 0xbf, 0x07, 0x7f, 0x03, 0x5b, 
	0x00, 0x00, 0x00, 0x00, 0x00, 0x00, 0x00, 0x00, 
	0x00, 0x00, 0x32, 0x96, 0x04, 0x25, 0x07, 0x3f, 
	0x07, 0x7f, 0x07, 0x7f, 0x07, 0x7f, 0x07, 0x7f, 
	0x07, 0x7f, 0x07, 0x7f, 0x07, 0x7f, 0x07, 0x7f, 
	0x07, 0x7f, 0x07, 0x7f, 0x07, 0x7f, 0x07, 0x7f, 
	0x07, 0x7f, 0x07, 0x7f, 0x07, 0x7f, 0x07, 0x7f, 
	0x5d, 0xf1, 0xff, 0xff, 0xff, 0xff, 0xff, 0xff, 
	0xff, 0xff, 0xff, 0xff, 0xc6, 0x73, 0x07, 0xbf, 
	0x07, 0xbf, 0x07, 0xbf, 0x07, 0xbf, 0x07, 0x7f, 
	0x8e, 0x31, 0xff, 0xff, 0xff, 0xff, 0xff, 0xff, 
	0xff, 0xff, 0xff, 0xff, 0xae, 0x33, 0x07, 0x7f, 
	0x07, 0x7f, 0x07, 0x7f, 0x07, 0x7f, 0x07, 0x7f, 
	0x06, 0x35, 0x02, 0x65, 0x03, 0xfb, 0x04, 0x3f, 
	0x04, 0x3f, 0x04, 0x3f, 0x04, 0x3f, 0x04, 0x3f, 
	0x04, 0x3f, 0x04, 0x3f, 0x04, 0x3f, 0x04, 0x3f, 
	0x04, 0x3f, 0x04, 0x3f, 0x04, 0x3f, 0x04, 0x3f, 
	0x04, 0x3f, 0x04, 0x3f, 0x03, 0x73, 0x00, 0x01, 
	0x00, 0x00, 0x01, 0x09, 0x07, 0x3b, 0x07, 0xbf, 
	0x07, 0xbf, 0x07, 0xbf, 0x07, 0xbf, 0x06, 0xb7, 
	0x00, 0x01, 0x00, 0x00, 0x00, 0x00, 0x05, 0x6d, 
	0x07, 0xbf, 0x07, 0xbf, 0x07, 0xbf, 0x05, 0xf3, 
	0x06, 0x75, 0x07, 0x7f, 0x07, 0xbf, 0x07, 0xbf, 
	0x07, 0xbf, 0x02, 0xd7, 0x06, 0xb7, 0x07, 0xbf, 
	0x07, 0xbf, 0x07, 0xbf, 0x07, 0x7d, 0x01, 0x09, 
	0x00, 0x01, 0x06, 0x33, 0x07, 0xbf, 0x07, 0xbf, 
	0x07, 0xbf, 0x07, 0xbf, 0x01, 0x4d, 0x05, 0xaf, 
	0x07, 0xbf, 0x07, 0xbf, 0x07, 0xbf, 0x07, 0xbf, 
	0x07, 0xbf, 0x07, 0xbf, 0x07, 0xbf, 0x07, 0xbf, 
	0x06, 0xb7, 0x00, 0x01, 0x00, 0x00, 0x00, 0x00, 
	0x00, 0x01, 0x06, 0x75, 0x07, 0xbf, 0x07, 0xbf, 
	0x07, 0x3d, 0x07, 0x3b, 0x07, 0xbf, 0x07, 0xbf, 
	0x07, 0xbf, 0x07, 0xbf, 0x07, 0x3d, 0x01, 0x09, 
	0x00, 0x00, 0x00, 0x00, 0x00, 0x00, 0x00, 0x00, 
	0x43, 0x9e, 0x1a, 0xd9, 0x06, 0xfd, 0x07, 0x7f, 
	0x07, 0x7f, 0x07, 0x7f, 0x07, 0x7f, 0x07, 0x7f, 
	0x07, 0x7f, 0x07, 0x7f, 0x07, 0x7f, 0x07, 0x7f, 
	0x07, 0x7f, 0x07, 0x7f, 0x07, 0x7f, 0x07, 0x7f, 
	0x07, 0x7f, 0x07, 0x7f, 0x07, 0x7f, 0x07, 0x7f, 
	0x8e, 0x33, 0xff, 0xff, 0xff, 0xff, 0xff, 0xff, 
	0xff, 0xff, 0xff, 0xff, 0xd6, 0xb5, 0x07, 0x7d, 
	0x07, 0xbf, 0x07, 0xbf, 0x07, 0xbf, 0x6e, 0x33, 
	0xef, 0xbd, 0xff, 0xff, 0xff, 0xff, 0xff, 0xff, 
	0xff, 0xff, 0xff, 0xff, 0xc6, 0x31, 0x07, 0x3d, 
	0x07, 0x7f, 0x07, 0x7f, 0x07, 0x7f, 0x07, 0x7f, 
	0x05, 0x2d, 0x03, 0x31, 0x04, 0x3f, 0x04, 0x3f, 
	0x04, 0x3f, 0x04, 0x3f, 0x04, 0x3f, 0x04, 0x3f, 
	0x04, 0x3f, 0x04, 0x3f, 0x04, 0x3f, 0x04, 0x3f, 
	0x04, 0x3f, 0x04, 0x3f, 0x04, 0x3f, 0x04, 0x3f, 
	0x04, 0x3f, 0x04, 0x3f, 0x04, 0x3f, 0x02, 0xab, 
	0x00, 0x01, 0x04, 0xa5, 0x07, 0xbf, 0x07, 0xbf, 
	0x07, 0xbf, 0x07, 0x7f, 0x07, 0xbf, 0x07, 0xbf, 
	0x04, 0xa7, 0x00, 0x00, 0x00, 0x00, 0x04, 0x23, 
	0x07, 0xbf, 0x07, 0xbf, 0x07, 0xbf, 0x05, 0x2b, 
	0x02, 0x11, 0x07, 0x3d, 0x07, 0xbf, 0x07, 0xbf, 
	0x07, 0xbf, 0x04, 0x65, 0x06, 0xb7, 0x07, 0xbf, 
	0x07, 0xbf, 0x07, 0xbf, 0x06, 0xf9, 0x02, 0x97, 
	0x01, 0x8d, 0x06, 0x33, 0x07, 0xbf, 0x07, 0xbf, 
	0x07, 0xbf, 0x07, 0x7f, 0x00, 0x01, 0x05, 0xf1, 
	0x07, 0xbf, 0x07, 0xbf, 0x07, 0xbf, 0x07, 0xbf, 
	0x07, 0xbf, 0x07, 0xbf, 0x07, 0xbf, 0x07, 0xbf, 
	0x06, 0xf9, 0x00, 0x01, 0x00, 0x00, 0x00, 0x00, 
	0x02, 0x95, 0x07, 0xbf, 0x07, 0xbf, 0x07, 0xbf, 
	0x07, 0xbf, 0x07, 0xbf, 0x07, 0xbf, 0x07, 0xbf, 
	0x07, 0xbf, 0x07, 0xbf, 0x05, 0xaf, 0x00, 0x01, 
	0x00, 0x00, 0x00, 0x00, 0x00, 0x00, 0x00, 0x00, 
	0x22, 0x13, 0x06, 0x35, 0x07, 0x7f, 0x07, 0x7f, 
	0x07, 0x7f, 0x07, 0x7f, 0x07, 0x7f, 0x07, 0x7f, 
	0x07, 0x7f, 0x07, 0x7f, 0x07, 0x7f, 0x07, 0x7f, 
	0x07, 0x7f, 0x07, 0x7f, 0x07, 0x7f, 0x07, 0x7f, 
	0x07, 0x7f, 0x07, 0x7f, 0x07, 0x7f, 0x07, 0x7f, 
	0x8d, 0xf1, 0xff, 0xff, 0xff, 0xff, 0xff, 0xff, 
	0xff, 0xff, 0xff, 0xff, 0xe7, 0x39, 0x06, 0xf9, 
	0x07, 0xbf, 0x07, 0xbf, 0x07, 0x7f, 0x66, 0x33, 
	0xae, 0x73, 0xe7, 0x39, 0xff, 0xff, 0xff, 0xff, 
	0xff, 0xff, 0xff, 0xff, 0xb5, 0xad, 0x07, 0x3d, 
	0x07, 0x7f, 0x07, 0x7f, 0x07, 0x7f, 0x07, 0x7f, 
	0x05, 0xf3, 0x02, 0xa9, 0x04, 0x3f, 0x04, 0x3f, 
	0x04, 0x3f, 0x04, 0x3f, 0x04, 0x3f, 0x04, 0x3f, 
	0x04, 0x3f, 0x04, 0x3f, 0x04, 0x3f, 0x04, 0x3f, 
	0x04, 0x3f, 0x04, 0x3f, 0x04, 0x3f, 0x04, 0x3f, 
	0x04, 0x3f, 0x04, 0x3f, 0x04, 0x3f, 0x04, 0x3f, 
	0x01, 0xdd, 0x06, 0x33, 0x07, 0xbf, 0x07, 0xbf, 
	0x03, 0x1b, 0x04, 0xa7, 0x07, 0xbf, 0x07, 0xbf, 
	0x07, 0x3d, 0x01, 0xd1, 0x00, 0x00, 0x02, 0x53, 
	0x07, 0xbf, 0x07, 0xbf, 0x07, 0xbf, 0x06, 0xb7, 
	0x06, 0x75, 0x07, 0xbf, 0x07, 0xbf, 0x07, 0xbf, 
	0x07, 0x7d, 0x02, 0x97, 0x06, 0xb9, 0x07, 0xbf, 
	0x07, 0xbf, 0x07, 0xbf, 0x07, 0xbf, 0x07, 0x7f, 
	0x07, 0x3d, 0x07, 0xbf, 0x07, 0xbf, 0x07, 0xbf, 
	0x07, 0xbf, 0x07, 0x7d, 0x00, 0x01, 0x06, 0x33, 
	0x07, 0xbf, 0x07, 0xbf, 0x07, 0xbf, 0x05, 0xaf, 
	0x07, 0xbf, 0x07, 0xbf, 0x07, 0xbf, 0x07, 0xbf, 
	0x07, 0x3b, 0x00, 0x01, 0x00, 0x00, 0x00, 0x00, 
	0x00, 0x01, 0x04, 0x65, 0x07, 0x3b, 0x07, 0xbf, 
	0x07, 0xbf, 0x07, 0xbf, 0x07, 0xbf, 0x07, 0xbf, 
	0x07, 0xbf, 0x07, 0xbf, 0x03, 0x1b, 0x00, 0x00, 
	0x00, 0x00, 0x00, 0x00, 0x00, 0x00, 0x3b, 0x1a, 
	0x0c, 0x65, 0x07, 0x7f, 0x07, 0x7f, 0x07, 0x7f, 
	0x07, 0x7f, 0x07, 0x7f, 0x07, 0x7f, 0x07, 0x7f, 
	0x07, 0x7f, 0x07, 0x7f, 0x07, 0x7f, 0x07, 0x7f, 
	0x07, 0x7f, 0x07, 0x7f, 0x07, 0x7f, 0x07, 0x7f, 
	0x07, 0x7f, 0x07, 0x7f, 0x07, 0x7f, 0x07, 0x7f, 
	0x45, 0x6f, 0xf7, 0xbd, 0xff, 0xff, 0xff, 0xff, 
	0xff, 0xff, 0xff, 0xff, 0xf7, 0xbd, 0x0e, 0x75, 
	0x07, 0xbf, 0x07, 0xbf, 0x07, 0xbf, 0x07, 0xbf, 
	0x07, 0xbf, 0x66, 0x33, 0xf7, 0xbd, 0xff, 0xff, 
	0xff, 0xff, 0xff, 0xff, 0x7c, 0xe7, 0x07, 0x7f, 
	0x07, 0x7f, 0x07, 0x7f, 0x07, 0x7f, 0x07, 0x7f, 
	0x06, 0x77, 0x02, 0x21, 0x04, 0x3f, 0x04, 0x3f, 
	0x04, 0x3f, 0x04, 0x3f, 0x04, 0x3f, 0x04, 0x3f, 
	0x04, 0x3f, 0x04, 0x3f, 0x03, 0xfd, 0x04, 0x3f, 
	0x04, 0x3f, 0x04, 0x3f, 0x04, 0x3f, 0x04, 0x3f, 
	0x04, 0x3f, 0x04, 0x3f, 0x04, 0x3f, 0x04, 0x3f, 
	0x02, 0xa9, 0x06, 0x33, 0x07, 0xbf, 0x07, 0x7d, 
	0x00, 0x01, 0x02, 0x13, 0x07, 0x7d, 0x07, 0xbf, 
	0x07, 0xbf, 0x05, 0xf1, 0x00, 0x01, 0x00, 0x01, 
	0x07, 0x3b, 0x07, 0xbf, 0x07, 0xbf, 0x07, 0xbf, 
	0x07, 0xbf, 0x07, 0xbf, 0x07, 0xbf, 0x07, 0xbf, 
	0x04, 0xa7, 0x00, 0x01, 0x05, 0xaf, 0x07, 0xbf, 
	0x07, 0xbf, 0x07, 0xbf, 0x07, 0xbf, 0x07, 0xbf, 
	0x07, 0xbf, 0x07, 0xbf, 0x07, 0xbf, 0x07, 0xbf, 
	0x07, 0xbf, 0x07, 0x3b, 0x00, 0x01, 0x06, 0x75, 
	0x07, 0xbf, 0x07, 0xbf, 0x07, 0xbf, 0x02, 0x13, 
	0x05, 0xf1, 0x07, 0xbf, 0x07, 0xbf, 0x07, 0xbf, 
	0x07, 0x7d, 0x00, 0x01, 0x00, 0x00, 0x00, 0x00, 
	0x00, 0x00, 0x00, 0x00, 0x01, 0x8f, 0x05, 0xaf, 
	0x07, 0x7f, 0x07, 0xbf, 0x07, 0x7f, 0x07, 0x3b, 
	0x06, 0xb7, 0x05, 0xb1, 0x00, 0x01, 0x00, 0x00, 
	0x00, 0x00, 0x00, 0x00, 0x52, 0xaa, 0x22, 0x55, 
	0x06, 0xbb, 0x07, 0x7f, 0x07, 0x7f, 0x07, 0x7f, 
	0x07, 0x7f, 0x07, 0x7f, 0x07, 0x7f, 0x07, 0x7f, 
	0x07, 0x7f, 0x07, 0x7f, 0x07, 0x7f, 0x07, 0x7f, 
	0x07, 0x7f, 0x07, 0x7f, 0x07, 0x7f, 0x07, 0x7f, 
	0x07, 0x7f, 0x07, 0x7f, 0x07, 0x7f, 0x07, 0x7f, 
	0x06, 0x77, 0xc6, 0x31, 0xff, 0xff, 0xff, 0xff, 
	0xff, 0xff, 0xff, 0xff, 0xff, 0xff, 0x4e, 0x33, 
	0x07, 0xbf, 0x07, 0xbf, 0x07, 0xbf, 0x07, 0xbf, 
	0x07, 0xbf, 0x07, 0x7d, 0xbe, 0x73, 0xff, 0xff, 
	0xff, 0xff, 0xe7, 0x39, 0x15, 0x2d, 0x07, 0x7f, 
	0x07, 0x7f, 0x07, 0x7f, 0x07, 0x7f, 0x07, 0x7f, 
	0x06, 0xfd, 0x01, 0x57, 0x04, 0x3f, 0x04, 0x3f, 
	0x04, 0x3f, 0x04, 0x3f, 0x04, 0x3f, 0x04, 0x3f, 
	0x04, 0x3f, 0x03, 0xfd, 0x00, 0x01, 0x00, 0x8b, 
	0x01, 0x57, 0x03, 0xb7, 0x04, 0x3f, 0x04, 0x3f, 
	0x04, 0x3f, 0x04, 0x3f, 0x04, 0x3f, 0x04, 0x3f, 
	0x02, 0xed, 0x05, 0xaf, 0x07, 0xbf, 0x07, 0x7f, 
	0x07, 0x7d, 0x07, 0xbf, 0x07, 0xbf, 0x07, 0xbf, 
	0x07, 0xbf, 0x07, 0x7f, 0x03, 0x5d, 0x00, 0x01, 
	0x06, 0x75, 0x07, 0xbf, 0x07, 0xbf, 0x07, 0xbf, 
	0x07, 0xbf, 0x07, 0xbf, 0x07, 0xbf, 0x07, 0xbf, 
	0x06, 0x33, 0x01, 0xd1, 0x00, 0x01, 0x04, 0x65, 
	0x07, 0x3d, 0x07, 0xbf, 0x07, 0xbf, 0x07, 0xbf, 
	0x07, 0xbf, 0x07, 0xbf, 0x07, 0xbf, 0x07, 0xbf, 
	0x07, 0xbf, 0x06, 0xf9, 0x00, 0x01, 0x06, 0xb7, 
	0x07, 0xbf, 0x07, 0xbf, 0x07, 0xbf, 0x01, 0x09, 
	0x01, 0x0b, 0x06, 0xb7, 0x07, 0xbf, 0x07, 0xbf, 
	0x07, 0x7f, 0x00, 0x01, 0x00, 0x01, 0x01, 0x8d, 
	0x00, 0x01, 0x00, 0x00, 0x01, 0xcf, 0x00, 0x01, 
	0x02, 0xd9, 0x02, 0xd9, 0x01, 0x09, 0x00, 0xc9, 
	0x01, 0x4b, 0x00, 0x85, 0x00, 0x01, 0x00, 0x00, 
	0x00, 0x00, 0x00, 0x00, 0x33, 0x5c, 0x04, 0xa7, 
	0x07, 0x7f, 0x07, 0x7f, 0x07, 0x7f, 0x07, 0x7f, 
	0x07, 0x7f, 0x07, 0x7f, 0x07, 0x7f, 0x07, 0x7f, 
	0x07, 0x7f, 0x07, 0x7f, 0x07, 0x7f, 0x07, 0x7f, 
	0x07, 0x7f, 0x07, 0x7f, 0x07, 0x7f, 0x07, 0x7f, 
	0x07, 0x7f, 0x07, 0x7f, 0x07, 0x7f, 0x07, 0x7f, 
	0x07, 0x7f, 0x4c, 0x65, 0xef, 0x7b, 0xff, 0xff, 
	0xff, 0xff, 0xff, 0xff, 0xff, 0xff, 0x76, 0x33, 
	0x07, 0xbf, 0x07, 0xbf, 0x07, 0xbf, 0x07, 0xbf, 
	0x07, 0xbf, 0x1e, 0xfb, 0xae, 0x31, 0xff, 0xff, 
	0xff, 0xff, 0x9d, 0x29, 0x06, 0xfb, 0x07, 0x7f, 
	0x07, 0x7f, 0x07, 0x7f, 0x07, 0x7f, 0x07, 0x7f, 
	0x07, 0x7f, 0x01, 0xd1, 0x03, 0xfd, 0x04, 0x3f, 
	0x04, 0x3f, 0x04, 0x3f, 0x04, 0x3f, 0x04, 0x3f, 
	0x04, 0x3f, 0x04, 0x3f, 0x01, 0x0f, 0x00, 0x00, 
	0x00, 0x01, 0x03, 0x31, 0x04, 0x3f, 0x04, 0x3f, 
	0x04, 0x3f, 0x04, 0x3f, 0x04, 0x3f, 0x04, 0x3f, 
	0x03, 0x31, 0x05, 0x6d, 0x07, 0xbf, 0x07, 0xbf, 
	0x07, 0xbf, 0x07, 0xbf, 0x07, 0xbf, 0x07, 0xbf, 
	0x07, 0xbf, 0x07, 0xbf, 0x06, 0xb9, 0x00, 0x87, 
	0x05, 0x6d, 0x07, 0xbf, 0x07, 0xbf, 0x07, 0xbf, 
	0x07, 0x3b, 0x07, 0xbf, 0x07, 0xbf, 0x07, 0xbf, 
	0x07, 0xbf, 0x07, 0x3b, 0x03, 0xe1, 0x00, 0x01, 
	0x02, 0x95, 0x06, 0x77, 0x07, 0xbf, 0x07, 0xbf, 
	0x07, 0xbf, 0x07, 0xbf, 0x07, 0xbf, 0x06, 0xb9, 
	0x04, 0xe9, 0x01, 0x8f, 0x00, 0x01, 0x06, 0xf9, 
	0x07, 0xbf, 0x07, 0xbf, 0x07, 0x3d, 0x00, 0x43, 
	0x03, 0x19, 0x02, 0x53, 0x04, 0x65, 0x03, 0xe1, 
	0x03, 0x9d, 0x03, 0x19, 0x07, 0x7d, 0x07, 0x7f, 
	0x00, 0x87, 0x05, 0x2b, 0x07, 0x3d, 0x03, 0x9f, 
	0x00, 0x01, 0x00, 0x01, 0x06, 0xb7, 0x07, 0xbf, 
	0x07, 0xbf, 0x07, 0x3b, 0x04, 0x65, 0x00, 0x00, 
	0x00, 0x00, 0x00, 0x00, 0x2a, 0x55, 0x06, 0x77, 
	0x07, 0x7f, 0x07, 0x7f, 0x07, 0x7f, 0x07, 0x7f, 
	0x07, 0x7f, 0x07, 0x7f, 0x07, 0x7f, 0x07, 0x7f, 
	0x07, 0x7f, 0x07, 0x7f, 0x07, 0x7f, 0x07, 0x7f, 
	0x07, 0x7f, 0x07, 0x7f, 0x07, 0x7f, 0x07, 0x7f, 
	0x07, 0x7f, 0x07, 0x7f, 0x07, 0x7f, 0x07, 0x7f, 
	0x07, 0x7f, 0x06, 0xb9, 0x84, 0xa7, 0xff, 0xff, 
	0xff, 0xff, 0xff, 0xff, 0xff, 0xff, 0xb6, 0x33, 
	0x8e, 0x73, 0x96, 0x73, 0xa6, 0x73, 0xae, 0x73, 
	0xbe, 0x73, 0xd6, 0xf7, 0xff, 0xff, 0xf7, 0xbd, 
	0xd6, 0xb5, 0x25, 0xb1, 0x07, 0x7f, 0x07, 0x7f, 
	0x07, 0x7f, 0x07, 0x7f, 0x07, 0x7f, 0x07, 0x7f, 
	0x07, 0x7f, 0x03, 0x9f, 0x03, 0xb9, 0x04, 0x3f, 
	0x04, 0x3f, 0x04, 0x3f, 0x04, 0x3f, 0x04, 0x3f, 
	0x04, 0x3f, 0x04, 0x3f, 0x01, 0xdd, 0x00, 0x00, 
	0x00, 0x01, 0x02, 0xed, 0x04, 0x3f, 0x04, 0x3f, 
	0x04, 0x3f, 0x04, 0x3f, 0x04, 0x3f, 0x04, 0x3f, 
	0x03, 0x73, 0x04, 0xe9, 0x07, 0xbf, 0x07, 0xbf, 
	0x07, 0xbf, 0x07, 0x7d, 0x06, 0xfb, 0x07, 0x7f, 
	0x07, 0xbf, 0x07, 0xbf, 0x07, 0xbf, 0x04, 0xe9, 
	0x04, 0x23, 0x07, 0xbf, 0x07, 0xbf, 0x07, 0xbf, 
	0x04, 0xa5, 0x05, 0xf1, 0x07, 0xbf, 0x07, 0xbf, 
	0x07, 0xbf, 0x07, 0xbf, 0x06, 0xb7, 0x01, 0x8f, 
	0x00, 0x00, 0x00, 0x01, 0x04, 0xe9, 0x07, 0x7f, 
	0x07, 0x7d, 0x05, 0xf1, 0x03, 0x5d, 0x00, 0x01, 
	0x02, 0xd7, 0x04, 0x65, 0x02, 0x97, 0x03, 0x1b, 
	0x02, 0x97, 0x01, 0x0b, 0x00, 0xc7, 0x03, 0xe1, 
	0x07, 0xbf, 0x06, 0xfb, 0x05, 0x6d, 0x05, 0xb1, 
	0x06, 0x33, 0x07, 0xbf, 0x07, 0xbf, 0x07, 0xbf, 
	0x05, 0x2b, 0x07, 0x7f, 0x07, 0xbf, 0x07, 0x7f, 
	0x04, 0xa7, 0x04, 0xa7, 0x07, 0xbf, 0x07, 0xbf, 
	0x07, 0xbf, 0x07, 0xbf, 0x06, 0x35, 0x00, 0x01, 
	0x00, 0x00, 0x00, 0x00, 0x1a, 0xd9, 0x07, 0x3f, 
	0x07, 0x7f, 0x07, 0x7f, 0x07, 0x7f, 0x07, 0x7f, 
	0x07, 0x7f, 0x07, 0x7f, 0x07, 0x7f, 0x07, 0x7f, 
	0x07, 0x7f, 0x07, 0x7f, 0x07, 0x7f, 0x07, 0x7f, 
	0x07, 0x7f, 0x07, 0x7f, 0x07, 0x7f, 0x07, 0x7f, 
	0x07, 0x7f, 0x07, 0x7f, 0x07, 0x7f, 0x07, 0x7f, 
	0x07, 0x7f, 0x07, 0x7f, 0x06, 0x77, 0x94, 0xe9, 
	0xd6, 0xb5, 0xc6, 0x31, 0xbd, 0xef, 0xb5, 0xad, 
	0xa5, 0x6d, 0x95, 0x6b, 0x85, 0x6d, 0x75, 0x6d, 
	0x5d, 0x2d, 0x3d, 0x2d, 0x0d, 0x2d, 0x05, 0x2d, 
	0x04, 0xa9, 0x05, 0x2d, 0x05, 0x2b, 0x04, 0xeb, 
	0x05, 0x6f, 0x06, 0x35, 0x06, 0xfd, 0x07, 0x7f, 
	0x07, 0x7f, 0x04, 0xa7, 0x03, 0x75, 0x04, 0x3f, 
	0x04, 0x3f, 0x04, 0x3f, 0x04, 0x3f, 0x04, 0x3f, 
	0x04, 0x3f, 0x04, 0x3f, 0x02, 0xa9, 0x02, 0xeb, 
	0x03, 0xb9, 0x04, 0x3f, 0x04, 0x3f, 0x04, 0x3f, 
	0x04, 0x3f, 0x04, 0x3f, 0x04, 0x3f, 0x04, 0x3f, 
	0x03, 0x2f, 0x05, 0x6d, 0x07, 0xbf, 0x03, 0x9f, 
	0x01, 0x8d, 0x00, 0x01, 0x00, 0x01, 0x06, 0xf9, 
	0x07, 0xbf, 0x07, 0xbf, 0x07, 0xbf, 0x07, 0x7d, 
	0x03, 0x19, 0x07, 0xbf, 0x07, 0xbf, 0x07, 0xbf, 
	0x05, 0xf1, 0x00, 0x01, 0x03, 0xe1, 0x07, 0x3b, 
	0x07, 0x3b, 0x04, 0xa5, 0x00, 0x01, 0x00, 0x01, 
	0x00, 0x00, 0x00, 0x00, 0x00, 0x01, 0x02, 0xd7, 
	0x01, 0xcf, 0x03, 0x1b, 0x03, 0x19, 0x00, 0x01, 
	0x06, 0xf9, 0x07, 0xbf, 0x07, 0xbf, 0x06, 0x75, 
	0x05, 0xb1, 0x07, 0x7f, 0x07, 0xbf, 0x07, 0xbf, 
	0x07, 0xbf, 0x07, 0xbf, 0x07, 0xbf, 0x07, 0xbf, 
	0x07, 0xbf, 0x07, 0xbf, 0x07, 0xbf, 0x07, 0xbf, 
	0x07, 0xbf, 0x07, 0xbf, 0x07, 0xbf, 0x07, 0xbf, 
	0x07, 0xbf, 0x07, 0x7d, 0x07, 0xbf, 0x07, 0xbf, 
	0x07, 0xbf, 0x06, 0xb7, 0x01, 0x4d, 0x00, 0x00, 
	0x00, 0x00, 0x44, 0x22, 0x04, 0x25, 0x07, 0x7f, 
	0x07, 0x7f, 0x07, 0x7f, 0x07, 0x7f, 0x07, 0x7f, 
	0x07, 0x7f, 0x07, 0x7f, 0x07, 0x7f, 0x07, 0x7f, 
	0x07, 0x7f, 0x07, 0x7f, 0x07, 0x7f, 0x07, 0x7f, 
	0x07, 0x7f, 0x07, 0x7f, 0x07, 0x7f, 0x07, 0x7f, 
	0x07, 0x7f, 0x07, 0x7f, 0x07, 0x7f, 0x07, 0x7f, 
	0x07, 0x3d, 0x06, 0x35, 0x05, 0x2d, 0x04, 0x67, 
	0x04, 0xeb, 0x05, 0xb1, 0x06, 0x77, 0x06, 0xfd, 
	0x07, 0x3f, 0x07, 0x7f, 0x07, 0x7f, 0x07, 0x7f, 
	0x07, 0x7f, 0x07, 0x7f, 0x07, 0x7f, 0x07, 0x7f, 
	0x07, 0x7f, 0x07, 0x7f, 0x07, 0x7f, 0x07, 0x7f, 
	0x07, 0x3d, 0x06, 0x77, 0x05, 0x6f, 0x04, 0xeb, 
	0x05, 0xf3, 0x05, 0x6d, 0x02, 0xed, 0x04, 0x3f, 
	0x04, 0x3f, 0x04, 0x3f, 0x04, 0x3f, 0x04, 0x3f, 
	0x04, 0x3f, 0x04, 0x3f, 0x04, 0x3f, 0x04, 0x3f, 
	0x04, 0x3f, 0x04, 0x3f, 0x04, 0x3f, 0x04, 0x3f, 
	0x04, 0x3f, 0x04, 0x3f, 0x04, 0x3f, 0x03, 0xfd, 
	0x01, 0x53, 0x07, 0x3d, 0x07, 0x7d, 0x00, 0x01, 
	0x00, 0x00, 0x00, 0x00, 0x00, 0x01, 0x05, 0xb1, 
	0x07, 0xbf, 0x07, 0xbf, 0x07, 0x3b, 0x05, 0xf1, 
	0x03, 0x19, 0x06, 0xfb, 0x07, 0x3d, 0x06, 0xb9, 
	0x05, 0xb1, 0x02, 0x97, 0x02, 0x11, 0x01, 0xcf, 
	0x01, 0x8f, 0x01, 0x4b, 0x03, 0x9f, 0x04, 0xa5, 
	0x03, 0x9f, 0x00, 0x00, 0x00, 0x01, 0x05, 0xf1, 
	0x07, 0x3d, 0x07, 0xbf, 0x07, 0x3b, 0x02, 0x53, 
	0x06, 0x77, 0x07, 0xbf, 0x07, 0xbf, 0x07, 0xbf, 
	0x05, 0xf1, 0x07, 0xbf, 0x07, 0x7f, 0x06, 0xf9, 
	0x07, 0xbf, 0x07, 0xbf, 0x07, 0xbf, 0x07, 0xbf, 
	0x07, 0xbf, 0x07, 0xbf, 0x07, 0xbf, 0x07, 0xbf, 
	0x04, 0xe9, 0x06, 0x33, 0x07, 0xbf, 0x07, 0xbf, 
	0x07, 0xbf, 0x07, 0xbf, 0x07, 0xbf, 0x07, 0xbf, 
	0x06, 0xf9, 0x02, 0x11, 0x00, 0x00, 0x00, 0x00, 
	0x00, 0x00, 0x2a, 0x96, 0x05, 0x6f, 0x07, 0x7f, 
	0x07, 0x7f, 0x07, 0x7f, 0x07, 0x7f, 0x07, 0x7f, 
	0x07, 0x7f, 0x07, 0x7f, 0x07, 0x7f, 0x07, 0x7f, 
	0x07, 0x7f, 0x07, 0x7f, 0x07, 0x7f, 0x07, 0x7f, 
	0x07, 0x7f, 0x07, 0x7f, 0x07, 0x7f, 0x07, 0x7f, 
	0x07, 0x7f, 0x06, 0xbb, 0x05, 0xb1, 0x05, 0x2d, 
	0x05, 0x6f, 0x06, 0x77, 0x07, 0x3d, 0x07, 0x7f, 
	0x07, 0x7f, 0x07, 0x7f, 0x07, 0x7f, 0x07, 0x7f, 
	0x07, 0x7f, 0x07, 0x7f, 0x07, 0x7f, 0x07, 0x7f, 
	0x07, 0x7f, 0x07, 0x7f, 0x07, 0x7f, 0x07, 0x7f, 
	0x07, 0x7f, 0x07, 0x7f, 0x07, 0x7f, 0x07, 0x7f, 
	0x07, 0x7f, 0x07, 0x7f, 0x07, 0x7f, 0x07, 0x7f, 
	0x06, 0xb9, 0x04, 0x25, 0x02, 0xa7, 0x04, 0x3f, 
	0x04, 0x3f, 0x04, 0x3f, 0x04, 0x3f, 0x04, 0x3f, 
	0x04, 0x3f, 0x04, 0x3f, 0x04, 0x3f, 0x04, 0x3f, 
	0x04, 0x3f, 0x04, 0x3f, 0x04, 0x3f, 0x04, 0x3f, 
	0x04, 0x3f, 0x04, 0x3f, 0x04, 0x3f, 0x03, 0x2f, 
	0x05, 0x6d, 0x07, 0x7d, 0x06, 0xf9, 0x00, 0x01, 
	0x00, 0x01, 0x02, 0x53, 0x02, 0x97, 0x03, 0xe1, 
	0x05, 0x6d, 0x03, 0x5d, 0x00, 0x03, 0x00, 0x01, 
	0x00, 0x01, 0x00, 0xc7, 0x00, 0xc7, 0x01, 0xcf, 
	0x03, 0x5d, 0x06, 0xb7, 0x05, 0x2b, 0x04, 0x23, 
	0x07, 0x3b, 0x07, 0xbf, 0x07, 0xbf, 0x07, 0xbf, 
	0x05, 0xf1, 0x00, 0x01, 0x00, 0x01, 0x06, 0xf9, 
	0x07, 0xbf, 0x07, 0xbf, 0x07, 0x7f, 0x06, 0xb7, 
	0x06, 0x35, 0x07, 0xbf, 0x07, 0xbf, 0x07, 0xbf, 
	0x05, 0xaf, 0x07, 0xbf, 0x07, 0xbf, 0x07, 0xbf, 
	0x07, 0xbf, 0x07, 0xbf, 0x07, 0xbf, 0x07, 0xbf, 
	0x06, 0xf9, 0x06, 0x33, 0x06, 0x33, 0x06, 0x75, 
	0x04, 0xa5, 0x00, 0x01, 0x04, 0xe9, 0x07, 0x7f, 
	0x07, 0xbf, 0x07, 0xbf, 0x07, 0xbf, 0x07, 0x3d, 
	0x02, 0xd7, 0x00, 0x00, 0x00, 0x00, 0x00, 0x00, 
	0x00, 0x00, 0x2a, 0xda, 0x06, 0x35, 0x07, 0x7f, 
	0x07, 0x7f, 0x07, 0x7f, 0x07, 0x7f, 0x07, 0x7f, 
	0x07, 0x7f, 0x07, 0x7f, 0x07, 0x7f, 0x07, 0x7f, 
	0x07, 0x7f, 0x07, 0x7f, 0x07, 0x7f, 0x07, 0x7f, 
	0x07, 0x7f, 0x07, 0x7f, 0x07, 0x3d, 0x05, 0xf3, 
	0x04, 0xeb, 0x05, 0xb1, 0x06, 0xfb, 0x07, 0x7f, 
	0x07, 0x7f, 0x07, 0x7f, 0x07, 0x7f, 0x07, 0x7f, 
	0x07, 0x7f, 0x07, 0x7f, 0x07, 0x7f, 0x07, 0x7f, 
	0x07, 0x7f, 0x07, 0x7f, 0x07, 0x7f, 0x07, 0x7f, 
	0x07, 0x7f, 0x07, 0x7f, 0x07, 0x7f, 0x07, 0x7f, 
	0x07, 0x7f, 0x07, 0x7f, 0x07, 0x7f, 0x07, 0x7f, 
	0x07, 0x7f, 0x07, 0x7f, 0x07, 0x7f, 0x07, 0x7f, 
	0x07, 0x7f, 0x06, 0x77, 0x01, 0xdf, 0x04, 0x3f, 
	0x04, 0x3f, 0x04, 0x3f, 0x04, 0x3f, 0x04, 0x3f, 
	0x04, 0x3f, 0x04, 0x3f, 0x04, 0x3f, 0x04, 0x3f, 
	0x04, 0x3f, 0x04, 0x3f, 0x04, 0x3f, 0x04, 0x3f, 
	0x04, 0x3f, 0x04, 0x3f, 0x04, 0x3f, 0x03, 0xfd, 
	0x02, 0xed, 0x01, 0x53, 0x02, 0x97, 0x00, 0x01, 
	0x04, 0xa7, 0x07, 0x7f, 0x07, 0xbf, 0x05, 0xf1, 
	0x03, 0xe1, 0x06, 0x75, 0x06, 0x75, 0x01, 0x4b, 
	0x00, 0x01, 0x06, 0x33, 0x07, 0xbf, 0x07, 0xbf, 
	0x07, 0xbf, 0x07, 0xbf, 0x05, 0xaf, 0x02, 0xd9, 
	0x07, 0xbf, 0x07, 0xbf, 0x07, 0xbf, 0x07, 0xbf, 
	0x06, 0x75, 0x00, 0x01, 0x00, 0x01, 0x06, 0xfb, 
	0x07, 0xbf, 0x07, 0xbf, 0x07, 0xbf, 0x07, 0xbf, 
	0x07, 0x7d, 0x07, 0xbf, 0x07, 0xbf, 0x07, 0xbf, 
	0x03, 0xe1, 0x04, 0x21, 0x03, 0x5d, 0x02, 0x97, 
	0x04, 0xa5, 0x07, 0xbf, 0x07, 0xbf, 0x07, 0xbf, 
	0x06, 0x77, 0x00, 0x01, 0x00, 0x01, 0x00, 0x01, 
	0x00, 0x00, 0x00, 0x00, 0x00, 0x01, 0x03, 0x5d, 
	0x07, 0x3b, 0x07, 0xbf, 0x07, 0xbf, 0x07, 0x7f, 
	0x03, 0x19, 0x00, 0x00, 0x00, 0x00, 0x00, 0x00, 
	0x00, 0x00, 0x19, 0x8f, 0x06, 0xb9, 0x07, 0x7f, 
	0x07, 0x7f, 0x07, 0x7f, 0x07, 0x7f, 0x07, 0x7f, 
	0x07, 0x7f, 0x07, 0x7f, 0x07, 0x7f, 0x07, 0x7f, 
	0x07, 0x7f, 0x07, 0x7f, 0x07, 0x7f, 0x07, 0x7f, 
	0x07, 0x3d, 0x05, 0x6f, 0x04, 0xeb, 0x06, 0xb9, 
	0x07, 0x7f, 0x07, 0x7f, 0x07, 0x7f, 0x07, 0x7f, 
	0x07, 0x7f, 0x07, 0x7f, 0x07, 0x7f, 0x07, 0x7f, 
	0x07, 0x7f, 0x07, 0x7f, 0x07, 0x7f, 0x07, 0x7f, 
	0x07, 0x7f, 0x07, 0x7f, 0x07, 0x7f, 0x07, 0x7f, 
	0x07, 0x7f, 0x07, 0x7f, 0x07, 0x7f, 0x07, 0x7f, 
	0x07, 0x7f, 0x07, 0x7f, 0x07, 0x7f, 0x07, 0x7f, 
	0x07, 0x7f, 0x07, 0x7f, 0x07, 0x7f, 0x07, 0x3f, 
	0x2c, 0xeb, 0x8c, 0xa5, 0x01, 0x11, 0x04, 0x3f, 
	0x04, 0x3f, 0x04, 0x3f, 0x04, 0x3f, 0x04, 0x3f, 
	0x04, 0x3f, 0x04, 0x3f, 0x04, 0x3f, 0x04, 0x3f, 
	0x04, 0x3f, 0x04, 0x3f, 0x04, 0x3f, 0x04, 0x3f, 
	0x04, 0x3f, 0x04, 0x3f, 0x04, 0x3f, 0x04, 0x3f, 
	0x04, 0x3f, 0x03, 0xfd, 0x01, 0x53, 0x05, 0x6d, 
	0x07, 0xbf, 0x07, 0xbf, 0x07, 0xbf, 0x07, 0xbf, 
	0x07, 0xbf, 0x07, 0xbf, 0x07, 0xbf, 0x06, 0x75, 
	0x01, 0x4b, 0x05, 0xaf, 0x07, 0x3b, 0x06, 0x33, 
	0x07, 0xbf, 0x07, 0xbf, 0x05, 0xf3, 0x00, 0x01, 
	0x07, 0x3d, 0x07, 0xbf, 0x07, 0xbf, 0x07, 0xbf, 
	0x06, 0xf9, 0x00, 0x01, 0x00, 0x01, 0x07, 0x3d, 
	0x07, 0xbf, 0x07, 0xbf, 0x07, 0xbf, 0x07, 0xbf, 
	0x07, 0xbf, 0x07, 0xbf, 0x07, 0xbf, 0x07, 0xbf, 
	0x03, 0x5d, 0x00, 0x00, 0x00, 0x00, 0x00, 0x00, 
	0x04, 0x23, 0x07, 0xbf, 0x07, 0xbf, 0x07, 0xbf, 
	0x07, 0x7d, 0x01, 0x4b, 0x00, 0x00, 0x00, 0x00, 
	0x00, 0x00, 0x00, 0x00, 0x00, 0x00, 0x00, 0x01, 
	0x05, 0xf3, 0x07, 0xbf, 0x07, 0xbf, 0x07, 0xbf, 
	0x06, 0x77, 0x00, 0x01, 0x00, 0x00, 0x00, 0x00, 
	0x00, 0x00, 0x21, 0x4d, 0x06, 0xb9, 0x07, 0x7f, 
	0x07, 0x7f, 0x07, 0x7f, 0x07, 0x7f, 0x07, 0x7f, 
	0x07, 0x7f, 0x07, 0x7f, 0x07, 0x7f, 0x07, 0x7f, 
	0x07, 0x7f, 0x07, 0x7f, 0x07, 0x3d, 0x05, 0xb1, 
	0x05, 0x2d, 0x06, 0xfb, 0x07, 0x7f, 0x07, 0x7f, 
	0x07, 0x7f, 0x07, 0x7f, 0x07, 0x7f, 0x07, 0x7f, 
	0x07, 0x7f, 0x07, 0x7f, 0x07, 0x7f, 0x07, 0x7f, 
	0x07, 0x7f, 0x07, 0x7f, 0x07, 0x7f, 0x07, 0x7f, 
	0x07, 0x7f, 0x07, 0x7f, 0x07, 0x7f, 0x07, 0x7f, 
	0x07, 0x7f, 0x07, 0x7f, 0x07, 0x7f, 0x07, 0x7f, 
	0x07, 0x7f, 0x07, 0x7f, 0x07, 0x7f, 0x07, 0x7f, 
	0x07, 0x7f, 0x07, 0x7f, 0x07, 0x7f, 0x05, 0x6f, 
	0xce, 0x73, 0xff, 0xff, 0x5a, 0xd7, 0x03, 0xfd, 
	0x04, 0x3f, 0x04, 0x3f, 0x04, 0x3f, 0x04, 0x3f, 
	0x04, 0x3f, 0x04, 0x3f, 0x04, 0x3f, 0x04, 0x3f, 
	0x04, 0x3f, 0x04, 0x3f, 0x04, 0x3f, 0x04, 0x3f, 
	0x04, 0x3f, 0x04, 0x3f, 0x04, 0x3f, 0x04, 0x3f, 
	0x04, 0x3f, 0x04, 0x3f, 0x03, 0x2f, 0x05, 0x6d, 
	0x07, 0xbf, 0x07, 0xbf, 0x06, 0xfb, 0x06, 0x35, 
	0x07, 0xbf, 0x07, 0xbf, 0x07, 0xbf, 0x07, 0xbf, 
	0x06, 0x75, 0x04, 0xe9, 0x07, 0xbf, 0x07, 0xbf, 
	0x07, 0xbf, 0x07, 0xbf, 0x06, 0x75, 0x00, 0x01, 
	0x06, 0x75, 0x07, 0xbf, 0x07, 0xbf, 0x07, 0xbf, 
	0x07, 0x7d, 0x00, 0x01, 0x00, 0x01, 0x07, 0x7d, 
	0x07, 0xbf, 0x07, 0xbf, 0x07, 0xbf, 0x07, 0xbf, 
	0x07, 0xbf, 0x07, 0xbf, 0x07, 0xbf, 0x07, 0xbf, 
	0x03, 0xe1, 0x00, 0x00, 0x00, 0x00, 0x00, 0x00, 
	0x04, 0x23, 0x07, 0xbf, 0x07, 0xbf, 0x07, 0xbf, 
	0x07, 0xbf, 0x03, 0xe1, 0x00, 0x00, 0x00, 0x00, 
	0x00, 0x00, 0x00, 0x00, 0x00, 0x00, 0x00, 0x00, 
	0x05, 0x6d, 0x07, 0xbf, 0x07, 0xbf, 0x07, 0xbf, 
	0x07, 0xbf, 0x04, 0xa7, 0x00, 0x01, 0x00, 0x00, 
	0x00, 0x00, 0x1a, 0x53, 0x06, 0x77, 0x07, 0x7f, 
	0x07, 0x7f, 0x07, 0x7f, 0x07, 0x7f, 0x07, 0x7f, 
	0x07, 0x7f, 0x07, 0x7f, 0x07, 0x7f, 0x07, 0x7f, 
	0x07, 0x7f, 0x06, 0xb9, 0x04, 0xe9, 0x06, 0xb9, 
	0x07, 0x7f, 0x07, 0x7f, 0x07, 0x7f, 0x07, 0x7f, 
	0x07, 0x7f, 0x07, 0x7f, 0x07, 0x7f, 0x07, 0x7f, 
	0x07, 0x7f, 0x07, 0x7f, 0x07, 0x7f, 0x07, 0x7f, 
	0x07, 0x7f, 0x07, 0x7f, 0x07, 0x7f, 0x07, 0x7f, 
	0x07, 0x7f, 0x07, 0x7f, 0x07, 0x7f, 0x07, 0x7f, 
	0x07, 0x7f, 0x07, 0x7f, 0x07, 0x7f, 0x07, 0x7f, 
	0x07, 0x7f, 0x07, 0x7f, 0x06, 0xfb, 0x05, 0xaf, 
	0x06, 0xb9, 0x07, 0x7f, 0x07, 0x7f, 0x13, 0xe1, 
	0xef, 0x7b, 0xff, 0xff, 0x8c, 0x63, 0x03, 0xb7, 
	0x04, 0x3f, 0x04, 0x3f, 0x04, 0x3f, 0x04, 0x3f, 
	0x04, 0x3f, 0x04, 0x3f, 0x04, 0x3f, 0x04, 0x3f, 
	0x03, 0xfd, 0x04, 0x3f, 0x04, 0x3f, 0x04, 0x3f, 
	0x04, 0x3f, 0x04, 0x3f, 0x04, 0x3f, 0x04, 0x3f, 
	0x04, 0x3f, 0x04, 0x3f, 0x03, 0xfd, 0x01, 0x11, 
	0x07, 0x7d, 0x07, 0xbf, 0x07, 0xbf, 0x07, 0xbf, 
	0x07, 0xbf, 0x07, 0xbf, 0x07, 0xbf, 0x07, 0xbf, 
	0x07, 0xbf, 0x06, 0xfb, 0x07, 0xbf, 0x07, 0xbf, 
	0x07, 0xbf, 0x07, 0xbf, 0x06, 0xf9, 0x00, 0x01, 
	0x05, 0x2b, 0x07, 0xbf, 0x07, 0xbf, 0x07, 0xbf, 
	0x07, 0xbf, 0x02, 0x13, 0x00, 0xc7, 0x07, 0xbf, 
	0x07, 0xbf, 0x07, 0xbf, 0x07, 0xbf, 0x07, 0xbf, 
	0x07, 0xbf, 0x07, 0xbf, 0x07, 0xbf, 0x07, 0xbf, 
	0x04, 0x23, 0x00, 0x00, 0x00, 0x00, 0x00, 0x00, 
	0x04, 0x23, 0x07, 0xbf, 0x07, 0xbf, 0x07, 0xbf, 
	0x07, 0xbf, 0x05, 0xaf, 0x00, 0x01, 0x00, 0x00, 
	0x00, 0x00, 0x00, 0x00, 0x00, 0x00, 0x00, 0x00, 
	0x04, 0xa7, 0x07, 0xbf, 0x07, 0xbf, 0x07, 0xbf, 
	0x07, 0xbf, 0x07, 0x3d, 0x02, 0x53, 0x00, 0x00, 
	0x00, 0x00, 0x22, 0xd8, 0x05, 0xf3, 0x07, 0x7f, 
	0x07, 0x7f, 0x07, 0x7f, 0x07, 0x7f, 0x07, 0x7f, 
	0x07, 0x7f, 0x07, 0x7f, 0x07, 0x7f, 0x07, 0x7f, 
	0x05, 0xb1, 0x05, 0xb1, 0x07, 0x3f, 0x07, 0x7f, 
	0x07, 0x7f, 0x07, 0x3f, 0x06, 0xfb, 0x06, 0x77, 
	0x05, 0xf3, 0x05, 0xf3, 0x05, 0xf3, 0x05, 0xf3, 
	0x05, 0xf3, 0x05, 0xf3, 0x05, 0xf3, 0x05, 0xf3, 
	0x05, 0xf3, 0x06, 0x35, 0x06, 0x35, 0x06, 0x35, 
	0x05, 0xf3, 0x05, 0xf3, 0x05, 0xf3, 0x05, 0xf3, 
	0x05, 0xf3, 0x05, 0xf3, 0x05, 0xb1, 0x05, 0xf3, 
	0x05, 0xf3, 0x05, 0xf3, 0x02, 0xd9, 0x00, 0x01, 
	0x01, 0x8f, 0x06, 0x77, 0x07, 0x3d, 0x04, 0x67, 
	0xd6, 0xb5, 0xff, 0xff, 0xad, 0x6b, 0x03, 0x33, 
	0x04, 0x3f, 0x04, 0x3f, 0x04, 0x3f, 0x04, 0x3f, 
	0x04, 0x3f, 0x04, 0x3f, 0x04, 0x3f, 0x04, 0x3f, 
	0x00, 0x47, 0x01, 0x9b, 0x02, 0xa7, 0x03, 0xb9, 
	0x04, 0x3f, 0x04, 0x3f, 0x04, 0x3f, 0x04, 0x3f, 
	0x04, 0x3f, 0x04, 0x3f, 0x04, 0x3f, 0x02, 0xed, 
	0x05, 0xaf, 0x07, 0xbf, 0x06, 0x77, 0x03, 0x19, 
	0x04, 0x65, 0x07, 0xbf, 0x07, 0xbf, 0x07, 0xbf, 
	0x07, 0xbf, 0x06, 0xf9, 0x07, 0xbf, 0x07, 0xbf, 
	0x07, 0xbf, 0x07, 0xbf, 0x07, 0x3b, 0x00, 0x01, 
	0x03, 0xe1, 0x07, 0xbf, 0x07, 0xbf, 0x07, 0xbf, 
	0x07, 0xbf, 0x03, 0x9d, 0x02, 0x11, 0x07, 0xbf, 
	0x07, 0xbf, 0x07, 0xbf, 0x07, 0xbf, 0x07, 0xbf, 
	0x07, 0xbf, 0x07, 0xbf, 0x07, 0xbf, 0x07, 0xbf, 
	0x04, 0xa7, 0x00, 0x00, 0x00, 0x00, 0x00, 0x00, 
	0x04, 0x23, 0x07, 0xbf, 0x07, 0xbf, 0x07, 0xbf, 
	0x07, 0xbf, 0x06, 0xf9, 0x00, 0x01, 0x00, 0x00, 
	0x00, 0x00, 0x00, 0x00, 0x00, 0x00, 0x00, 0x00, 
	0x03, 0xdf, 0x07, 0xbf, 0x07, 0xbf, 0x07, 0xbf, 
	0x07, 0xbf, 0x07, 0xbf, 0x06, 0x33, 0x00, 0x01, 
	0x00, 0x00, 0x2b, 0xa0, 0x04, 0xeb, 0x07, 0x7f, 
	0x07, 0x7f, 0x07, 0x7f, 0x07, 0x7f, 0x07, 0x7f, 
	0x07, 0x7f, 0x07, 0x7f, 0x07, 0x7f, 0x05, 0x6f, 
	0x06, 0x77, 0x07, 0x3d, 0x06, 0x37, 0x05, 0xf3, 
	0x05, 0xf3, 0x06, 0x35, 0x06, 0xb9, 0x06, 0xfd, 
	0x07, 0x7f, 0x07, 0x7f, 0x07, 0x7f, 0x07, 0x7f, 
	0x07, 0x7f, 0x07, 0x7f, 0x07, 0x7f, 0x07, 0x7f, 
	0x07, 0x7f, 0x07, 0x7f, 0x07, 0x3f, 0x07, 0x3d, 
	0x07, 0x3d, 0x06, 0xfd, 0x06, 0xfb, 0x06, 0xfb, 
	0x06, 0xfb, 0x06, 0xfd, 0x06, 0xfd, 0x07, 0x3d, 
	0x07, 0x3f, 0x2f, 0x3f, 0x00, 0x45, 0x00, 0x01, 
	0x00, 0x01, 0x06, 0x35, 0x06, 0x77, 0x05, 0xb1, 
	0x63, 0x5b, 0xe7, 0x39, 0xc6, 0x31, 0x02, 0xeb, 
	0x04, 0x3f, 0x04, 0x3f, 0x04, 0x3f, 0x04, 0x3f, 
	0x04, 0x3f, 0x04, 0x3f, 0x04, 0x3f, 0x04, 0x3f, 
	0x01, 0x57, 0xef, 0x7b, 0xb5, 0xad, 0x03, 0x2f, 
	0x04, 0x3f, 0x04, 0x3f, 0x04, 0x3f, 0x04, 0x3f, 
	0x04, 0x3f, 0x04, 0x3f, 0x04, 0x3f, 0x03, 0xfd, 
	0x02, 0x97, 0x07, 0xbf, 0x04, 0xe9, 0x00, 0x00, 
	0x00, 0x01, 0x07, 0x7d, 0x07, 0xbf, 0x07, 0xbf, 
	0x07, 0xbf, 0x06, 0x33, 0x07, 0xbf, 0x07, 0xbf, 
	0x07, 0xbf, 0x07, 0xbf, 0x07, 0x7f, 0x02, 0x55, 
	0x06, 0xf9, 0x07, 0xbf, 0x07, 0xbf, 0x07, 0xbf, 
	0x07, 0xbf, 0x04, 0x65, 0x02, 0xd7, 0x07, 0xbf, 
	0x07, 0xbf, 0x07, 0xbf, 0x06, 0x77, 0x07, 0x3b, 
	0x07, 0xbf, 0x07, 0xbf, 0x07, 0xbf, 0x07, 0xbf, 
	0x04, 0xe9, 0x00, 0x00, 0x00, 0x00, 0x00, 0x00, 
	0x04, 0x21, 0x07, 0xbf, 0x07, 0xbf, 0x07, 0xbf, 
	0x07, 0xbf, 0x07, 0xbf, 0x02, 0x53, 0x00, 0x00, 
	0x00, 0x00, 0x00, 0x00, 0x00, 0x00, 0x00, 0x00, 
	0x02, 0x95, 0x06, 0xfb, 0x06, 0xb9, 0x06, 0x77, 
	0x06, 0x33, 0x05, 0xf1, 0x05, 0x6d, 0x01, 0x8d, 
	0x00, 0x00, 0x34, 0xa8, 0x1b, 0x1b, 0x07, 0x3f, 
	0x07, 0x7f, 0x07, 0x7f, 0x07, 0x7f, 0x07, 0x7f, 
	0x07, 0x7f, 0x07, 0x7f, 0x05, 0x6f, 0x05, 0xb1, 
	0x05, 0xf3, 0x06, 0x35, 0x07, 0x3d, 0x07, 0x7f, 
	0x07, 0x7f, 0x07, 0x7f, 0x07, 0x7f, 0x07, 0x3d, 
	0x06, 0xbb, 0x06, 0x77, 0x05, 0xb1, 0x05, 0x2d, 
	0x04, 0xa9, 0x04, 0x23, 0x03, 0x9f, 0x03, 0x1b, 
	0x52, 0x93, 0xbd, 0x21, 0xcd, 0x63, 0xd5, 0x63, 
	0xd5, 0xa5, 0xd5, 0xa5, 0xdd, 0xa5, 0xdd, 0xa5, 
	0xdd, 0xa5, 0xcd, 0x63, 0x21, 0x09, 0x39, 0x8b, 
	0xc5, 0x23, 0xee, 0x27, 0x00, 0x01, 0x00, 0x01, 
	0x00, 0x01, 0x6c, 0x1f, 0x8d, 0x6d, 0xae, 0xb7, 
	0xa5, 0xad, 0x7b, 0xdf, 0x6b, 0x5b, 0x02, 0x65, 
	0x04, 0x3f, 0x04, 0x3f, 0x04, 0x3f, 0x04, 0x3f, 
	0x04, 0x3f, 0x04, 0x3f, 0x04, 0x3f, 0x04, 0x3f, 
	0x02, 0x21, 0xbd, 0xef, 0x73, 0x9d, 0x02, 0xed, 
	0x04, 0x3f, 0x04, 0x3f, 0x04, 0x3f, 0x04, 0x3f, 
	0x04, 0x3f, 0x04, 0x3f, 0x04, 0x3f, 0x03, 0xb9, 
	0x03, 0xdf, 0x07, 0xbf, 0x07, 0x3b, 0x05, 0x2b, 
	0x06, 0x33, 0x07, 0x7f, 0x07, 0xbf, 0x07, 0xbf, 
	0x07, 0xbf, 0x05, 0xf1, 0x07, 0x3d, 0x07, 0xbf, 
	0x07, 0xbf, 0x07, 0xbf, 0x07, 0xbf, 0x07, 0x3b, 
	0x07, 0xbf, 0x07, 0xbf, 0x07, 0xbf, 0x07, 0xbf, 
	0x07, 0xbf, 0x03, 0xdf, 0x03, 0x5d, 0x07, 0xbf, 
	0x07, 0xbf, 0x07, 0xbf, 0x05, 0xf1, 0x03, 0x5b, 
	0x07, 0x7d, 0x07, 0xbf, 0x07, 0xbf, 0x07, 0xbf, 
	0x05, 0x2b, 0x00, 0x00, 0x00, 0x00, 0x00, 0x00, 
	0x03, 0xe1, 0x07, 0xbf, 0x07, 0xbf, 0x07, 0xbf, 
	0x07, 0xbf, 0x07, 0xbf, 0x04, 0xa7, 0x00, 0x00, 
	0x00, 0x00, 0x00, 0x00, 0x00, 0x00, 0x00, 0x00, 
	0x00, 0x00, 0x00, 0x01, 0x00, 0x01, 0x00, 0x01, 
	0x00, 0x01, 0x00, 0x01, 0x00, 0x00, 0x00, 0x00, 
	0x00, 0x00, 0x00, 0x00, 0x1a, 0x54, 0x05, 0xf3, 
	0x07, 0x7f, 0x07, 0x7f, 0x07, 0x7f, 0x07, 0x7f, 
	0x07, 0x7f, 0x06, 0x77, 0x04, 0xa9, 0x06, 0xb9, 
	0x07, 0x7f, 0x07, 0x7f, 0x07, 0x7f, 0x06, 0xb9, 
	0x2d, 0xb1, 0x75, 0x6b, 0xa5, 0x27, 0xa4, 0x9f, 
	0x00, 0x43, 0x00, 0x01, 0x00, 0x01, 0x00, 0x01, 
	0x00, 0x01, 0x00, 0x01, 0x00, 0x01, 0x00, 0x01, 
	0x00, 0x01, 0x93, 0xd9, 0xfe, 0x69, 0xfe, 0x69, 
	0xfe, 0x69, 0xfe, 0x69, 0xfe, 0x69, 0xfe, 0x69, 
	0xfe, 0x69, 0xd5, 0xa5, 0x4a, 0x0f, 0xdd, 0xa5, 
	0xfe, 0x69, 0xfe, 0x69, 0x00, 0x01, 0x00, 0x01, 
	0x00, 0x01, 0xb4, 0x9f, 0xa5, 0x29, 0xff, 0xff, 
	0xff, 0xff, 0xff, 0xff, 0xb5, 0xad, 0x01, 0x9b, 
	0x04, 0x3f, 0x04, 0x3f, 0x04, 0x3f, 0x04, 0x3f, 
	0x04, 0x3f, 0x04, 0x3f, 0x04, 0x3f, 0x04, 0x3f, 
	0x02, 0xed, 0x02, 0xed, 0x03, 0xbb, 0x04, 0x3f, 
	0x04, 0x3f, 0x04, 0x3f, 0x04, 0x3f, 0x04, 0x3f, 
	0x04, 0x3f, 0x04, 0x3f, 0x04, 0x3f, 0x03, 0x2f, 
	0x05, 0x6d, 0x07, 0xbf, 0x07, 0xbf, 0x07, 0xbf, 
	0x07, 0xbf, 0x07, 0xbf, 0x07, 0xbf, 0x07, 0xbf, 
	0x07, 0xbf, 0x05, 0xaf, 0x06, 0xb9, 0x07, 0xbf, 
	0x07, 0xbf, 0x07, 0xbf, 0x07, 0xbf, 0x07, 0xbf, 
	0x07, 0xbf, 0x07, 0xbf, 0x07, 0xbf, 0x07, 0xbf, 
	0x05, 0xf1, 0x00, 0x01, 0x03, 0xe1, 0x07, 0xbf, 
	0x07, 0xbf, 0x07, 0xbf, 0x05, 0xaf, 0x00, 0x01, 
	0x04, 0x65, 0x07, 0x7f, 0x07, 0xbf, 0x07, 0xbf, 
	0x05, 0x6d, 0x00, 0x00, 0x00, 0x00, 0x00, 0x00, 
	0x03, 0x1b, 0x05, 0xf1, 0x05, 0x6d, 0x04, 0xa7, 
	0x03, 0xe1, 0x02, 0x97, 0x00, 0x87, 0x00, 0x00, 
	0x00, 0x00, 0x00, 0x00, 0x00, 0x00, 0x00, 0x00, 
	0x00, 0x00, 0x00, 0x00, 0x00, 0x00, 0x00, 0x00, 
	0x00, 0x00, 0x00, 0x00, 0x00, 0x00, 0x00, 0x00, 
	0x00, 0x00, 0x00, 0x00, 0x24, 0xa8, 0x12, 0xdb, 
	0x07, 0x3d, 0x07, 0x7f, 0x07, 0x7f, 0x07, 0x7f, 
	0x07, 0x7f, 0x06, 0x77, 0x06, 0x37, 0x06, 0xfd, 
	0x3e, 0x33, 0x8d, 0x6b, 0xbd, 0x25, 0xdd, 0xa5, 
	0xf6, 0x69, 0xfe, 0x69, 0xfe, 0x69, 0x73, 0x15, 
	0x08, 0x43, 0x62, 0x91, 0xb4, 0x9d, 0xcd, 0x21, 
	0xb4, 0x9f, 0x29, 0x07, 0x10, 0x43, 0x62, 0x91, 
	0x10, 0x85, 0x00, 0x01, 0xbc, 0xe1, 0xfe, 0x69, 
	0xfe, 0x69, 0xfe, 0x69, 0xfe, 0x69, 0xfe, 0x69, 
	0xfe, 0x69, 0xb4, 0x9f, 0xdd, 0xa5, 0xfe, 0x69, 
	0xfe, 0x69, 0xf6, 0x69, 0x00, 0x01, 0x00, 0x01, 
	0x00, 0x01, 0xdd, 0xa5, 0x7b, 0x57, 0xde, 0xf7, 
	0xff, 0xff, 0xff, 0xff, 0x6b, 0x5b, 0x00, 0x8b, 
	0x04, 0x3f, 0x04, 0x3f, 0x04, 0x3f, 0x04, 0x3f, 
	0x04, 0x3f, 0x04, 0x3f, 0x04, 0x3f, 0x04, 0x3f, 
	0x04, 0x3f, 0x04, 0x3f, 0x04, 0x3f, 0x04, 0x3f, 
	0x04, 0x3f, 0x04, 0x3f, 0x04, 0x3f, 0x04, 0x3f, 
	0x04, 0x3f, 0x04, 0x3f, 0x04, 0x3f, 0x02, 0x21, 
	0x06, 0xb7, 0x07, 0xbf, 0x07, 0xbf, 0x07, 0xbf, 
	0x07, 0xbf, 0x07, 0xbf, 0x07, 0xbf, 0x07, 0xbf, 
	0x07, 0xbf, 0x05, 0x6d, 0x03, 0xe1, 0x07, 0x7d, 
	0x07, 0xbf, 0x07, 0xbf, 0x07, 0xbf, 0x07, 0xbf, 
	0x07, 0xbf, 0x07, 0xbf, 0x07, 0xbf, 0x06, 0xfb, 
	0x01, 0x8d, 0x00, 0x00, 0x04, 0x23, 0x07, 0xbf, 
	0x07, 0xbf, 0x07, 0xbf, 0x05, 0x6d, 0x00, 0x00, 
	0x00, 0x01, 0x04, 0x23, 0x04, 0x65, 0x04, 0x23, 
	0x02, 0xd7, 0x00, 0x00, 0x00, 0x00, 0x00, 0x00, 
	0x00, 0x00, 0x00, 0x01, 0x00, 0x00, 0x00, 0x00, 
	0x00, 0x00, 0x00, 0x00, 0x00, 0x00, 0x00, 0x00, 
	0x00, 0x00, 0x00, 0x00, 0x00, 0x00, 0x00, 0x00, 
	0x00, 0x00, 0x00, 0x00, 0x00, 0x00, 0x00, 0x00, 
	0x00, 0x00, 0x00, 0x00, 0x00, 0x00, 0x00, 0x00, 
	0x00, 0x00, 0x00, 0x00, 0x00, 0x00, 0x22, 0xd8, 
	0x14, 0x23, 0x07, 0x3d, 0x07, 0x7f, 0x07, 0x7f, 
	0x06, 0xfb, 0x1c, 0xa9, 0x49, 0xcf, 0x5a, 0x51, 
	0xf6, 0x29, 0xfe, 0x69, 0xfe, 0x69, 0xfe, 0x69, 
	0xfe, 0x69, 0xfe, 0x69, 0xd5, 0x63, 0x83, 0x97, 
	0xdd, 0xa5, 0xfe, 0x69, 0xfe, 0x69, 0xfe, 0x69, 
	0xbc, 0xdf, 0x00, 0x01, 0x00, 0x01, 0x83, 0x57, 
	0xbc, 0xdf, 0x83, 0x57, 0x41, 0xcd, 0xf6, 0x29, 
	0xfe, 0x69, 0xfe, 0x69, 0xfe, 0x69, 0xfe, 0x69, 
	0xfe, 0x69, 0xb4, 0xdf, 0xfe, 0x69, 0xfe, 0x69, 
	0xfe, 0x69, 0xfe, 0x69, 0x00, 0x01, 0x00, 0x01, 
	0x00, 0x01, 0xdd, 0xa5, 0xee, 0x27, 0x7b, 0x57, 
	0xc6, 0x31, 0xff, 0xff, 0x5a, 0xd7, 0x6b, 0x5b, 
	0x03, 0xbb, 0x04, 0x3f, 0x04, 0x3f, 0x04, 0x3f, 
	0x04, 0x3f, 0x04, 0x3f, 0x04, 0x3f, 0x04, 0x3f, 
	0x04, 0x3f, 0x04, 0x3f, 0x04, 0x3f, 0x04, 0x3f, 
	0x04, 0x3f, 0x04, 0x3f, 0x04, 0x3f, 0x04, 0x3f, 
	0x04, 0x3f, 0x04, 0x3f, 0x03, 0xfd, 0x00, 0x8b, 
	0x06, 0xb7, 0x07, 0xbf, 0x07, 0xbf, 0x07, 0xbf, 
	0x07, 0xbf, 0x07, 0xbf, 0x07, 0xbf, 0x07, 0x7f, 
	0x06, 0x77, 0x03, 0x5d, 0x00, 0x01, 0x03, 0xe1, 
	0x07, 0x7d, 0x07, 0xbf, 0x07, 0xbf, 0x07, 0xbf, 
	0x07, 0xbf, 0x07, 0xbf, 0x07, 0x3d, 0x03, 0x9f, 
	0x00, 0x00, 0x00, 0x00, 0x02, 0x53, 0x03, 0x5d, 
	0x02, 0x95, 0x01, 0x0b, 0x00, 0x01, 0x00, 0x00, 
	0x00, 0x00, 0x00, 0x00, 0x00, 0x00, 0x00, 0x00, 
	0x00, 0x00, 0x00, 0x00, 0x00, 0x00, 0x00, 0x00, 
	0x00, 0x00, 0x00, 0x00, 0x00, 0x00, 0x00, 0x00, 
	0x00, 0x00, 0x00, 0x00, 0x00, 0x00, 0x00, 0x00, 
	0x00, 0x00, 0x00, 0x00, 0x00, 0x00, 0x00, 0x00, 
	0x00, 0x00, 0x00, 0x00, 0x00, 0x00, 0x00, 0x00, 
	0x00, 0x00, 0x00, 0x00, 0x00, 0x00, 0x00, 0x00, 
	0x00, 0x00, 0x4a, 0x52, 0x29, 0x4b, 0x5a, 0x51, 
	0x4a, 0x0f, 0x0b, 0xa1, 0x06, 0x37, 0x24, 0xa7, 
	0x51, 0x8d, 0x69, 0x89, 0x71, 0x89, 0x59, 0x49, 
	0xee, 0x27, 0xfe, 0x69, 0xfe, 0x69, 0xfe, 0x69, 
	0xfe, 0x69, 0xfe, 0x69, 0xf6, 0x29, 0xfe, 0x69, 
	0xfe, 0x69, 0xfe, 0x69, 0xfe, 0x69, 0xfe, 0x69, 
	0xbc, 0x9f, 0x00, 0x01, 0x00, 0x01, 0x83, 0x57, 
	0xfe, 0x69, 0xfe, 0x69, 0xdd, 0xa5, 0xe5, 0xe7, 
	0xfe, 0x69, 0xfe, 0x69, 0xfe, 0x69, 0xfe, 0x69, 
	0xfe, 0x69, 0xf6, 0x69, 0xfe, 0x69, 0xfe, 0x69, 
	0xfe, 0x69, 0xfe, 0x69, 0x00, 0x01, 0x00, 0x01, 
	0x00, 0x01, 0xdd, 0xa5, 0xfe, 0x69, 0xee, 0x29, 
	0x39, 0x49, 0xa5, 0x29, 0x8c, 0x63, 0x84, 0x21, 
	0x03, 0x75, 0x04, 0x3f, 0x04, 0x3f, 0x04, 0x3f, 
	0x04, 0x3f, 0x04, 0x3f, 0x04, 0x3f, 0x04, 0x3f, 
	0x04, 0x3f, 0x04, 0x3f, 0x04, 0x3f, 0x04, 0x3f, 
	0x04, 0x3f, 0x04, 0x3f, 0x04, 0x3f, 0x04, 0x3f, 
	0x04, 0x3f, 0x03, 0xfd, 0x02, 0xa9, 0x00, 0x01, 
	0x00, 0xc7, 0x05, 0x6d, 0x07, 0x7f, 0x07, 0xbf, 
	0x07, 0xbf, 0x07, 0x3d, 0x05, 0xaf, 0x02, 0xd9, 
	0x00, 0x01, 0x00, 0x00, 0x00, 0x00, 0x00, 0x01, 
	0x03, 0x9f, 0x05, 0xaf, 0x04, 0xe9, 0x04, 0x63, 
	0x03, 0x5b, 0x01, 0x8f, 0x00, 0x01, 0x00, 0x01, 
	0x00, 0x00, 0x00, 0x00, 0x00, 0x00, 0x00, 0x00, 
	0x00, 0x00, 0x00, 0x00, 0x00, 0x00, 0x00, 0x00, 
	0x00, 0x00, 0x00, 0x00, 0x00, 0x00, 0x00, 0x00, 
	0x00, 0x00, 0x00, 0x00, 0x00, 0x00, 0x00, 0x00, 
	0x00, 0x00, 0x00, 0x00, 0x00, 0x00, 0x00, 0x00, 
	0x00, 0x00, 0x00, 0x00, 0x00, 0x00, 0x00, 0x00, 
	0x00, 0x00, 0x00, 0x00, 0x00, 0x00, 0x00, 0x00, 
	0x00, 0x00, 0x00, 0x00, 0x00, 0x00, 0x00, 0x00, 
	0x00, 0x00, 0x00, 0x00, 0x00, 0x00, 0x00, 0x00, 
	0x63, 0x18, 0x41, 0xcd, 0xd5, 0xa5, 0xfe, 0x69, 
	0xf6, 0x69, 0xe5, 0xe7, 0x9c, 0x1b, 0x61, 0x89, 
	0x71, 0x89, 0x71, 0x89, 0x71, 0x89, 0x69, 0x89, 
	0xc5, 0x21, 0xfe, 0x69, 0xfe, 0x69, 0xfe, 0x69, 
	0xfe, 0x69, 0xfe, 0x69, 0xfe, 0x69, 0xfe, 0x69, 
	0xfe, 0x69, 0xfe, 0x69, 0xfe, 0x69, 0xfe, 0x69, 
	0xbc, 0x9f, 0x00, 0x01, 0x00, 0x01, 0x83, 0x57, 
	0xfe, 0x69, 0xfe, 0x69, 0xfe, 0x69, 0xfe, 0x69, 
	0xfe, 0x69, 0xfe, 0x69, 0xfe, 0x69, 0xfe, 0x69, 
	0xfe, 0x69, 0xfe, 0x69, 0xfe, 0x69, 0xfe, 0x69, 
	0xfe, 0x69, 0xfe, 0x69, 0x00, 0x01, 0x00, 0x01, 
	0x00, 0x01, 0xdd, 0xa5, 0xfe, 0x69, 0xfe, 0x69, 
	0x83, 0x57, 0x4a, 0x11, 0xce, 0x73, 0x5a, 0xd7, 
	0x03, 0x31, 0x04, 0x3f, 0x04, 0x3f, 0x04, 0x3f, 
	0x04, 0x3f, 0x04, 0x3f, 0x04, 0x3f, 0x04, 0x3f, 
	0x04, 0x3f, 0x04, 0x3f, 0x04, 0x3f, 0x04, 0x3f, 
	0x04, 0x3f, 0x04, 0x3f, 0x04, 0x3f, 0x03, 0xfd, 
	0x02, 0xeb, 0x00, 0xcd, 0x00, 0x00, 0x00, 0x00, 
	0x00, 0x00, 0x00, 0x01, 0x03, 0x9d, 0x06, 0x33, 
	0x04, 0x65, 0x01, 0x09, 0x00, 0x01, 0x00, 0x00, 
	0x00, 0x00, 0x00, 0x00, 0x00, 0x00, 0x00, 0x00, 
	0x00, 0x00, 0x00, 0x01, 0x00, 0x00, 0x00, 0x00, 
	0x00, 0x00, 0x00, 0x00, 0x00, 0x00, 0x00, 0x00, 
	0x00, 0x00, 0x00, 0x00, 0x00, 0x00, 0x00, 0x00, 
	0x00, 0x00, 0x00, 0x00, 0x00, 0x00, 0x00, 0x00, 
	0x00, 0x00, 0x00, 0x00, 0x00, 0x00, 0x00, 0x00, 
	0x00, 0x00, 0x00, 0x00, 0x00, 0x00, 0x00, 0x00, 
	0x00, 0x00, 0x00, 0x00, 0x00, 0x00, 0x00, 0x00, 
	0x00, 0x00, 0x00, 0x00, 0x00, 0x00, 0x00, 0x00, 
	0x00, 0x00, 0x00, 0x00, 0x00, 0x00, 0x00, 0x00, 
	0x00, 0x00, 0x00, 0x00, 0x00, 0x00, 0x00, 0x00, 
	0x00, 0x00, 0x00, 0x00, 0x00, 0x00, 0x00, 0x00, 
	0x31, 0x8c, 0xb4, 0xdf, 0xfe, 0x69, 0xfe, 0x69, 
	0xfe, 0x69, 0xfe, 0x69, 0xfe, 0x69, 0x7b, 0x13, 
	0x71, 0x89, 0x71, 0x89, 0x71, 0x89, 0x71, 0x89, 
	0x7a, 0xd3, 0xfe, 0x69, 0xfe, 0x69, 0xfe, 0x69, 
	0xfe, 0x69, 0xfe, 0x69, 0xfe, 0x69, 0xfe, 0x69, 
	0xfe, 0x69, 0xfe, 0x69, 0xfe, 0x69, 0xfe, 0x69, 
	0xbc, 0x9f, 0x00, 0x01, 0x00, 0x01, 0x83, 0x57, 
	0xfe, 0x69, 0xfe, 0x69, 0xfe, 0x69, 0xfe, 0x69, 
	0xfe, 0x69, 0xfe, 0x69, 0xfe, 0x69, 0xfe, 0x69, 
	0xfe, 0x69, 0xfe, 0x69, 0xfe, 0x69, 0xfe, 0x69, 
	0xfe, 0x69, 0xfe, 0x69, 0x00, 0x01, 0x00, 0x01, 
	0x00, 0x01, 0xdd, 0xa5, 0xfe, 0x69, 0xfe, 0x69, 
	0xb4, 0xdf, 0x49, 0x49, 0xa5, 0x29, 0x94, 0xa5, 
	0x02, 0xa9, 0x04, 0x3f, 0x04, 0x3f, 0x04, 0x3f, 
	0x04, 0x3f, 0x04, 0x3f, 0x04, 0x3f, 0x04, 0x3f, 
	0x04, 0x3f, 0x03, 0xfb, 0x03, 0xb7, 0x03, 0x73, 
	0x02, 0xed, 0x02, 0xa7, 0x02, 0x1f, 0x00, 0xcd, 
	0x63, 0x19, 0x4a, 0x52, 0x00, 0x00, 0x00, 0x00, 
	0x00, 0x00, 0x00, 0x00, 0x00, 0x00, 0x00, 0x01, 
	0x00, 0x00, 0x00, 0x00, 0x00, 0x00, 0x00, 0x00, 
	0x00, 0x00, 0x00, 0x00, 0x00, 0x00, 0x00, 0x00, 
	0x00, 0x00, 0x00, 0x00, 0x00, 0x00, 0x00, 0x00, 
	0x00, 0x00, 0x00, 0x00, 0x00, 0x00, 0x00, 0x00, 
	0x00, 0x00, 0x00, 0x00, 0x00, 0x00, 0x00, 0x00, 
	0x00, 0x00, 0x00, 0x00, 0x00, 0x00, 0x00, 0x00, 
	0x00, 0x00, 0x00, 0x00, 0x00, 0x00, 0x00, 0x00, 
	0x00, 0x00, 0x00, 0x00, 0x00, 0x00, 0x00, 0x00, 
	0x00, 0x00, 0x00, 0x00, 0x00, 0x00, 0x00, 0x00, 
	0x00, 0x00, 0x00, 0x00, 0x00, 0x00, 0x00, 0x00, 
	0x00, 0x00, 0x00, 0x00, 0x00, 0x00, 0x00, 0x00, 
	0x00, 0x00, 0x00, 0x00, 0x00, 0x00, 0x00, 0x00, 
	0x00, 0x00, 0x00, 0x00, 0x00, 0x00, 0x00, 0x00, 
	0x39, 0x8b, 0xee, 0x27, 0xee, 0x27, 0xcd, 0x63, 
	0xdd, 0xa5, 0xfe, 0x69, 0xfe, 0x69, 0xcd, 0x23, 
	0x69, 0x89, 0x71, 0x89, 0x71, 0x89, 0x71, 0x89, 
	0x61, 0x89, 0xd5, 0xa5, 0xfe, 0x69, 0xfe, 0x69, 
	0xfe, 0x69, 0xfe, 0x69, 0xfe, 0x69, 0xfe, 0x69, 
	0xfe, 0x69, 0xfe, 0x69, 0xfe, 0x69, 0xfe, 0x69, 
	0xbc, 0x9f, 0x00, 0x01, 0x00, 0x01, 0x83, 0x57, 
	0xfe, 0x69, 0xfe, 0x69, 0xfe, 0x69, 0xfe, 0x69, 
	0xfe, 0x69, 0xfe, 0x69, 0xfe, 0x69, 0xfe, 0x69, 
	0xfe, 0x69, 0xfe, 0x69, 0xfe, 0x69, 0xfe, 0x69, 
	0xfe, 0x69, 0xfe, 0x69, 0x5a, 0x4f, 0x00, 0x01, 
	0x29, 0x07, 0xee, 0x27, 0xfe, 0x69, 0xfe, 0x69, 
	0xdd, 0xa5, 0x51, 0x49, 0x41, 0x09, 0xa5, 0x29, 
	0x02, 0x21, 0x03, 0xfd, 0x03, 0xb9, 0x03, 0x73, 
	0x03, 0x2f, 0x02, 0xa9, 0x02, 0x21, 0x01, 0x99, 
	0x00, 0x89, 0x5a, 0xd7, 0x84, 0x21, 0xa5, 0x29, 
	0xbd, 0xef, 0xd6, 0xb5, 0xe7, 0x39, 0xbd, 0xef, 
	0x5a, 0xd7, 0x39, 0xce, 0x00, 0x00, 0x00, 0x00, 
	0x00, 0x00, 0x00, 0x00, 0x00, 0x00, 0x00, 0x00, 
	0x00, 0x00, 0x00, 0x00, 0x00, 0x00, 0x00, 0x00, 
	0x00, 0x00, 0x00, 0x00, 0x00, 0x00, 0x00, 0x00, 
	0x00, 0x00, 0x00, 0x00, 0x00, 0x00, 0x00, 0x00, 
	0x00, 0x00, 0x00, 0x00, 0x00, 0x00, 0x00, 0x00, 
	0x00, 0x00, 0x00, 0x00, 0x00, 0x00, 0x00, 0x00, 
	0x00, 0x00, 0x00, 0x00, 0x00, 0x00, 0x00, 0x00, 
	0x00, 0x00, 0x00, 0x00, 0x00, 0x00, 0x00, 0x00, 
	0x00, 0x00, 0x00, 0x00, 0x00, 0x00, 0x00, 0x00, 
	0x00, 0x00, 0x00, 0x00, 0x00, 0x00, 0x00, 0x00, 
	0x00, 0x00, 0x00, 0x00, 0x00, 0x00, 0x00, 0x00, 
	0x00, 0x00, 0x00, 0x00, 0x00, 0x00, 0x00, 0x00, 
	0x00, 0x00, 0x00, 0x00, 0x00, 0x00, 0x00, 0x00, 
	0x00, 0x00, 0x00, 0x00, 0x00, 0x00, 0x00, 0x00, 
	0x62, 0x93, 0xee, 0x27, 0xac, 0x5d, 0xcd, 0x63, 
	0xac, 0x9d, 0x7b, 0x55, 0xdd, 0xa5, 0xf6, 0x69, 
	0x62, 0x0f, 0x71, 0x89, 0x71, 0x89, 0x71, 0x89, 
	0x71, 0x89, 0x93, 0xd9, 0xfe, 0x69, 0xfe, 0x69, 
	0xfe, 0x69, 0xfe, 0x69, 0xfe, 0x69, 0xfe, 0x69, 
	0xfe, 0x69, 0xfe, 0x69, 0xfe, 0x69, 0xfe, 0x69, 
	0xbc, 0x9f, 0x00, 0x01, 0x00, 0x01, 0x83, 0x57, 
	0xfe, 0x69, 0xfe, 0x69, 0xfe, 0x69, 0xfe, 0x69, 
	0xfe, 0x69, 0xfe, 0x69, 0xfe, 0x69, 0xee, 0x27, 
	0xdd, 0xa5, 0xdd, 0xa5, 0xdd, 0xa5, 0xdd, 0xa5, 
	0xdd, 0xa5, 0xee, 0x27, 0xdd, 0xa5, 0xa4, 0x1b, 
	0xcd, 0x63, 0xfe, 0x69, 0xfe, 0x69, 0xfe, 0x69, 
	0xfe, 0x69, 0x51, 0xcd, 0x69, 0x89, 0x52, 0x95, 
	0x63, 0x19, 0x5a, 0xd7, 0x73, 0x9d, 0x63, 0x19, 
	0x9c, 0xe7, 0xce, 0x73, 0xde, 0xf7, 0xef, 0x7b, 
	0xef, 0x7b, 0xde, 0xf7, 0xc6, 0x31, 0xce, 0x73, 
	0xf7, 0xbd, 0xff, 0xff, 0xff, 0xff, 0xf7, 0xbd, 
	0x6b, 0x5b, 0x31, 0x8c, 0x00, 0x00, 0x00, 0x00, 
	0x00, 0x00, 0x00, 0x00, 0x00, 0x00, 0x00, 0x00, 
	0x00, 0x00, 0x00, 0x00, 0x00, 0x00, 0x00, 0x00, 
	0x00, 0x00, 0x00, 0x00, 0x00, 0x00, 0x00, 0x00, 
	0x00, 0x00, 0x00, 0x00, 0x00, 0x00, 0x00, 0x00, 
	0x00, 0x00, 0x00, 0x00, 0x00, 0x00, 0x00, 0x00, 
	0x00, 0x00, 0x00, 0x00, 0x00, 0x00, 0x00, 0x00, 
	0x00, 0x00, 0x00, 0x00, 0x00, 0x00, 0x00, 0x00, 
	0x00, 0x00, 0x00, 0x00, 0x00, 0x00, 0x00, 0x00, 
	0x00, 0x00, 0x00, 0x00, 0x00, 0x00, 0x00, 0x00, 
	0x00, 0x00, 0x00, 0x00, 0x00, 0x00, 0x00, 0x00, 
	0x00, 0x00, 0x00, 0x00, 0x00, 0x00, 0x00, 0x00, 
	0x00, 0x00, 0x00, 0x00, 0x00, 0x00, 0x00, 0x00, 
	0x00, 0x00, 0x00, 0x00, 0x00, 0x00, 0x00, 0x00, 
	0x00, 0x00, 0x00, 0x00, 0x00, 0x00, 0x00, 0x00, 
	0x6a, 0xd3, 0xee, 0x27, 0xf6, 0x69, 0xfe, 0x69, 
	0xfe, 0x69, 0xee, 0x29, 0x83, 0x97, 0xd5, 0xa5, 
	0x93, 0xd9, 0x71, 0x89, 0x71, 0x89, 0x71, 0x89, 
	0x71, 0x89, 0x59, 0xcb, 0xf6, 0x29, 0xfe, 0x69, 
	0xfe, 0x69, 0xfe, 0x69, 0xfe, 0x69, 0xfe, 0x69, 
	0xfe, 0x69, 0xfe, 0x69, 0xfe, 0x69, 0xfe, 0x69, 
	0xbc, 0x9f, 0x00, 0x01, 0x00, 0x01, 0x83, 0x57, 
	0xfe, 0x69, 0xfe, 0x69, 0xfe, 0x69, 0xfe, 0x69, 
	0xfe, 0x69, 0xcd, 0x63, 0x9c, 0x1b, 0x9c, 0x1b, 
	0xbc, 0xdf, 0xd5, 0x63, 0xd5, 0x63, 0xd5, 0xa3, 
	0xd5, 0x63, 0xbc, 0xe1, 0xa4, 0x5b, 0xd5, 0x63, 
	0xfe, 0x69, 0xfe, 0x69, 0xfe, 0x69, 0xfe, 0x69, 
	0xfe, 0x69, 0x9c, 0x1b, 0x61, 0x89, 0x5a, 0xd7, 
	0x6b, 0x5b, 0xe7, 0x39, 0x9c, 0xe7, 0xff, 0xff, 
	0xff, 0xff, 0xff, 0xff, 0xff, 0xff, 0xff, 0xff, 
	0xff, 0xff, 0xff, 0xff, 0xff, 0xff, 0xff, 0xff, 
	0xff, 0xff, 0xff, 0xff, 0xff, 0xff, 0xff, 0xff, 
	0xc6, 0x31, 0x21, 0x09, 0x00, 0x00, 0x00, 0x00, 
	0x00, 0x00, 0x00, 0x00, 0x00, 0x00, 0x00, 0x00, 
	0x00, 0x00, 0x00, 0x00, 0x00, 0x00, 0x00, 0x00, 
	0x00, 0x00, 0x00, 0x00, 0x00, 0x00, 0x00, 0x00, 
	0x00, 0x00, 0x00, 0x00, 0x00, 0x00, 0x00, 0x00, 
	0x00, 0x00, 0x00, 0x00, 0x00, 0x00, 0x00, 0x00, 
	0x00, 0x00, 0x00, 0x00, 0x00, 0x00, 0x00, 0x00, 
	0x00, 0x00, 0x00, 0x00, 0x00, 0x00, 0x00, 0x00, 
	0x00, 0x00, 0x00, 0x00, 0x00, 0x00, 0x00, 0x00, 
	0x00, 0x00, 0x00, 0x00, 0x00, 0x00, 0x00, 0x00, 
	0x00, 0x00, 0x00, 0x00, 0x00, 0x00, 0x00, 0x00, 
	0x00, 0x00, 0x00, 0x00, 0x00, 0x00, 0x00, 0x00, 
	0x00, 0x00, 0x00, 0x00, 0x00, 0x00, 0x00, 0x00, 
	0x00, 0x00, 0x00, 0x00, 0x00, 0x00, 0x00, 0x00, 
	0x00, 0x00, 0x00, 0x00, 0x00, 0x00, 0x00, 0x00, 
	0x52, 0x0f, 0xf6, 0x69, 0xfe, 0x69, 0xfe, 0x69, 
	0xfe, 0x69, 0xe5, 0xe7, 0x93, 0xdb, 0x52, 0x4f, 
	0x93, 0xd9, 0x71, 0x8b, 0x71, 0x89, 0x71, 0x89, 
	0x71, 0x89, 0x61, 0x89, 0xd5, 0xa5, 0xfe, 0x69, 
	0xfe, 0x69, 0xfe, 0x69, 0xfe, 0x69, 0xfe, 0x69, 
	0xfe, 0x69, 0xfe, 0x69, 0xfe, 0x69, 0xfe, 0x69, 
	0xbc, 0x9f, 0x00, 0x01, 0x00, 0x01, 0x83, 0x57, 
	0xfe, 0x69, 0xfe, 0x69, 0xfe, 0x69, 0xee, 0x27, 
	0x9c, 0x1b, 0xd5, 0xa5, 0xfe, 0x69, 0xfe, 0x69, 
	0xfe, 0x69, 0xfe, 0x69, 0xfe, 0x69, 0xfe, 0x69, 
	0xfe, 0x69, 0xfe, 0x69, 0xfe, 0x69, 0xd5, 0x63, 
	0xa4, 0x5d, 0xf6, 0x29, 0xfe, 0x69, 0xfe, 0x69, 
	0xfe, 0x69, 0xee, 0x27, 0x51, 0xcd, 0x4a, 0x11, 
	0xd6, 0xb5, 0x42, 0x11, 0xde, 0xf7, 0xff, 0xff, 
	0xff, 0xff, 0xff, 0xff, 0xff, 0xff, 0xff, 0xff, 
	0xff, 0xff, 0xff, 0xff, 0xff, 0xff, 0xff, 0xff, 
	0xff, 0xff, 0xff, 0xff, 0xff, 0xff, 0xb5, 0xad, 
	0xde, 0xf7, 0x29, 0x4b, 0x00, 0x00, 0x00, 0x00, 
	0x00, 0x00, 0x00, 0x00, 0x00, 0x00, 0x00, 0x00, 
	0x00, 0x00, 0x00, 0x00, 0x00, 0x00, 0x00, 0x00, 
	0x00, 0x00, 0x00, 0x00, 0x00, 0x00, 0x00, 0x00, 
	0x00, 0x00, 0x00, 0x00, 0x00, 0x00, 0x00, 0x00, 
	0x00, 0x00, 0x00, 0x00, 0x00, 0x00, 0x00, 0x00, 
	0x00, 0x00, 0x00, 0x00, 0x00, 0x00, 0x00, 0x00, 
	0x00, 0x00, 0x00, 0x00, 0x00, 0x00, 0x00, 0x00, 
	0x00, 0x00, 0x00, 0x00, 0x00, 0x00, 0x00, 0x00, 
	0x00, 0x00, 0x00, 0x00, 0x00, 0x00, 0x00, 0x00, 
	0x00, 0x00, 0x00, 0x00, 0x00, 0x00, 0x00, 0x00, 
	0x00, 0x00, 0x00, 0x00, 0x00, 0x00, 0x00, 0x00, 
	0x00, 0x00, 0x00, 0x00, 0x00, 0x00, 0x00, 0x00, 
	0x00, 0x00, 0x00, 0x00, 0x00, 0x00, 0x00, 0x00, 
	0x00, 0x00, 0x00, 0x00, 0x00, 0x00, 0x00, 0x00, 
	0x29, 0x4b, 0xe5, 0xe5, 0xfe, 0x69, 0xfe, 0x69, 
	0xdd, 0xa5, 0xac, 0x5d, 0xf6, 0x69, 0xdd, 0xa5, 
	0x31, 0x4b, 0x69, 0x89, 0x71, 0x89, 0x71, 0x89, 
	0x71, 0x89, 0x69, 0x89, 0xd5, 0x63, 0xfe, 0x69, 
	0xfe, 0x69, 0xfe, 0x69, 0xfe, 0x69, 0xfe, 0x69, 
	0xfe, 0x69, 0xfe, 0x69, 0xfe, 0x69, 0xfe, 0x69, 
	0xbc, 0xdf, 0x00, 0x01, 0x00, 0x01, 0x8b, 0x97, 
	0xfe, 0x69, 0xfe, 0x69, 0xdd, 0xe5, 0xac, 0x5d, 
	0xf6, 0x69, 0xfe, 0x69, 0xfe, 0x69, 0xfe, 0x69, 
	0xfe, 0x69, 0xfe, 0x69, 0xfe, 0x69, 0xfe, 0x69, 
	0xfe, 0x69, 0xfe, 0x69, 0xfe, 0x69, 0xfe, 0x69, 
	0xf6, 0x69, 0xa4, 0x5d, 0xee, 0x27, 0xee, 0x27, 
	0xc5, 0x21, 0xf6, 0x29, 0xa4, 0x5d, 0x10, 0x85, 
	0xe7, 0x39, 0x9c, 0xe7, 0xd6, 0xb5, 0xff, 0xff, 
	0xff, 0xff, 0xff, 0xff, 0xff, 0xff, 0xff, 0xff, 
	0xff, 0xff, 0xff, 0xff, 0xff, 0xff, 0xff, 0xff, 
	0xff, 0xff, 0xff, 0xff, 0xff, 0xff, 0xc6, 0x31, 
	0x9c, 0xe7, 0x21, 0x09, 0x00, 0x00, 0x00, 0x00, 
	0x00, 0x00, 0x00, 0x00, 0x00, 0x00, 0x00, 0x00, 
	0x00, 0x00, 0x00, 0x00, 0x00, 0x00, 0x00, 0x00, 
	0x00, 0x00, 0x00, 0x00, 0x00, 0x00, 0x00, 0x00, 
	0x00, 0x00, 0x00, 0x00, 0x00, 0x00, 0x00, 0x00, 
	0x00, 0x00, 0x00, 0x00, 0x00, 0x00, 0x00, 0x00, 
	0x00, 0x00, 0x00, 0x00, 0x00, 0x00, 0x00, 0x00, 
	0x00, 0x00, 0x00, 0x00, 0x00, 0x00, 0x00, 0x00, 
	0x00, 0x00, 0x00, 0x00, 0x00, 0x00, 0x00, 0x00, 
	0x00, 0x00, 0x00, 0x00, 0x00, 0x00, 0x00, 0x00, 
	0x00, 0x00, 0x00, 0x00, 0x00, 0x00, 0x00, 0x00, 
	0x00, 0x00, 0x00, 0x00, 0x00, 0x00, 0x00, 0x00, 
	0x00, 0x00, 0x00, 0x00, 0x00, 0x00, 0x00, 0x00, 
	0x00, 0x00, 0x00, 0x00, 0x00, 0x00, 0x00, 0x00, 
	0x00, 0x00, 0x00, 0x00, 0x00, 0x00, 0x00, 0x00, 
	0x39, 0xce, 0xac, 0x9d, 0xfe, 0x69, 0xfe, 0x69, 
	0xac, 0x9d, 0xf6, 0x69, 0xfe, 0x69, 0xfe, 0x69, 
	0x93, 0xdb, 0x61, 0x89, 0x71, 0x89, 0x61, 0x89, 
	0x69, 0x89, 0x6a, 0x91, 0xf6, 0x29, 0xfe, 0x69, 
	0xfe, 0x69, 0xfe, 0x69, 0xfe, 0x69, 0xfe, 0x69, 
	0xfe, 0x69, 0xfe, 0x69, 0xfe, 0x69, 0xfe, 0x69, 
	0xe5, 0xe7, 0x49, 0xcd, 0x20, 0xc7, 0xcd, 0x21, 
	0xfe, 0x69, 0xee, 0x27, 0xa4, 0x5d, 0xfe, 0x69, 
	0xfe, 0x69, 0xfe, 0x69, 0xfe, 0x69, 0xfe, 0x69, 
	0xfe, 0x69, 0xfe, 0x69, 0xfe, 0x69, 0xfe, 0x69, 
	0xfe, 0x69, 0xfe, 0x69, 0xfe, 0x69, 0xfe, 0x69, 
	0xfe, 0x69, 0xf6, 0x29, 0x9c, 0x1b, 0x62, 0x93, 
	0x00, 0x01, 0x6a, 0x93, 0xb4, 0xdf, 0x08, 0x43, 
	0xb5, 0xad, 0xbd, 0xef, 0xbd, 0xef, 0xff, 0xff, 
	0xff, 0xff, 0xff, 0xff, 0xff, 0xff, 0xff, 0xff, 
	0xff, 0xff, 0xff, 0xff, 0xff, 0xff, 0xff, 0xff, 
	0xff, 0xff, 0xff, 0xff, 0xff, 0xff, 0xf7, 0xbd, 
	0x73, 0x9d, 0x31, 0x8d, 0x00, 0x00, 0x00, 0x00, 
	0x00, 0x00, 0x00, 0x00, 0x00, 0x00, 0x00, 0x00, 
	0x00, 0x00, 0x00, 0x00, 0x00, 0x00, 0x00, 0x00, 
	0x00, 0x00, 0x00, 0x00, 0x00, 0x00, 0x00, 0x00, 
	0x00, 0x00, 0x00, 0x00, 0x00, 0x00, 0x00, 0x00, 
	0x00, 0x00, 0x00, 0x00, 0x00, 0x00, 0x00, 0x00, 
	0x00, 0x00, 0x00, 0x00, 0x00, 0x00, 0x00, 0x00, 
	0x00, 0x00, 0x00, 0x00, 0x00, 0x00, 0x00, 0x00, 
	0x00, 0x00, 0x00, 0x00, 0x00, 0x00, 0x00, 0x00, 
	0x00, 0x00, 0x00, 0x00, 0x00, 0x00, 0x00, 0x00, 
	0x00, 0x00, 0x00, 0x00, 0x00, 0x00, 0x00, 0x00, 
	0x00, 0x00, 0x00, 0x00, 0x00, 0x00, 0x00, 0x00, 
	0x00, 0x00, 0x00, 0x00, 0x00, 0x00, 0x00, 0x00, 
	0x00, 0x00, 0x00, 0x00, 0x00, 0x00, 0x00, 0x00, 
	0x00, 0x00, 0x00, 0x00, 0x00, 0x00, 0x00, 0x00, 
	0x6b, 0x5a, 0x52, 0x4f, 0xf6, 0x29, 0xfe, 0x69, 
	0xd5, 0xa5, 0xee, 0x27, 0xfe, 0x69, 0xfe, 0x69, 
	0xe5, 0xe7, 0x51, 0x8b, 0x71, 0x89, 0x69, 0x89, 
	0x52, 0x0d, 0xee, 0x29, 0xfe, 0x69, 0xfe, 0x69, 
	0xfe, 0x69, 0xfe, 0x69, 0xfe, 0x69, 0xfe, 0x69, 
	0xfe, 0x69, 0xfe, 0x69, 0xfe, 0x69, 0xfe, 0x69, 
	0xfe, 0x69, 0xf6, 0x69, 0xee, 0x27, 0xfe, 0x69, 
	0xfe, 0x69, 0xa4, 0x1b, 0xf6, 0x69, 0xfe, 0x69, 
	0xfe, 0x69, 0xfe, 0x69, 0xfe, 0x69, 0xfe, 0x69, 
	0xfe, 0x69, 0xfe, 0x69, 0xfe, 0x69, 0xfe, 0x69, 
	0xfe, 0x69, 0xfe, 0x69, 0xfe, 0x69, 0xfe, 0x69, 
	0xfe, 0x69, 0xfe, 0x69, 0xcd, 0x63, 0x00, 0x01, 
	0x00, 0x01, 0x00, 0x01, 0x9c, 0x1b, 0x29, 0x4b, 
	0x4a, 0x53, 0xde, 0xf7, 0x7b, 0xdf, 0xff, 0xff, 
	0xff, 0xff, 0xff, 0xff, 0xef, 0x7b, 0x94, 0xa5, 
	0x9c, 0xe7, 0xef, 0x7b, 0xff, 0xff, 0xff, 0xff, 
	0xff, 0xff, 0xff, 0xff, 0xff, 0xff, 0xff, 0xff, 
	0xb5, 0xad, 0x21, 0x09, 0x5a, 0xd6, 0x00, 0x00, 
	0x00, 0x00, 0x00, 0x00, 0x00, 0x00, 0x00, 0x00, 
	0x00, 0x00, 0x00, 0x00, 0x00, 0x00, 0x00, 0x00, 
	0x00, 0x00, 0x00, 0x00, 0x00, 0x00, 0x00, 0x00, 
	0x00, 0x00, 0x00, 0x00, 0x00, 0x00, 0x00, 0x00, 
	0x00, 0x00, 0x00, 0x00, 0x00, 0x00, 0x00, 0x00, 
	0x00, 0x00, 0x00, 0x00, 0x00, 0x00, 0x00, 0x00, 
	0x00, 0x00, 0x00, 0x00, 0x00, 0x00, 0x00, 0x00, 
	0x00, 0x00, 0x00, 0x00, 0x00, 0x00, 0x00, 0x00, 
	0x00, 0x00, 0x00, 0x00, 0x00, 0x00, 0x00, 0x00, 
	0x00, 0x00, 0x00, 0x00, 0x00, 0x00, 0x00, 0x00, 
	0x00, 0x00, 0x00, 0x00, 0x00, 0x00, 0x00, 0x00, 
	0x00, 0x00, 0x00, 0x00, 0x00, 0x00, 0x00, 0x00, 
	0x00, 0x00, 0x00, 0x00, 0x00, 0x00, 0x00, 0x00, 
	0x00, 0x00, 0x00, 0x00, 0x00, 0x00, 0x00, 0x00, 
	0x00, 0x00, 0x39, 0xce, 0xa4, 0x5d, 0xfe, 0x69, 
	0xfe, 0x69, 0xfe, 0x69, 0xfe, 0x69, 0xfe, 0x69, 
	0xfe, 0x69, 0x93, 0xd9, 0x71, 0x89, 0x71, 0x89, 
	0x6a, 0x51, 0xfe, 0x69, 0xfe, 0x69, 0xfe, 0x69, 
	0xfe, 0x69, 0xfe, 0x69, 0xfe, 0x69, 0xfe, 0x69, 
	0xfe, 0x69, 0xfe, 0x69, 0xfe, 0x69, 0xfe, 0x69, 
	0xfe, 0x69, 0xfe, 0x69, 0xfe, 0x69, 0xfe, 0x69, 
	0xdd, 0xa5, 0xcd, 0x63, 0xfe, 0x69, 0xfe, 0x69, 
	0xfe, 0x69, 0xfe, 0x69, 0xfe, 0x69, 0xfe, 0x69, 
	0xfe, 0x69, 0xfe, 0x69, 0xfe, 0x69, 0xfe, 0x69, 
	0xfe, 0x69, 0xfe, 0x69, 0xfe, 0x69, 0xfe, 0x69, 
	0xfe, 0x69, 0xfe, 0x69, 0xf6, 0x69, 0x39, 0x8b, 
	0x00, 0x01, 0x00, 0x01, 0x9c, 0x5d, 0x29, 0x4b, 
	0x42, 0x10, 0x73, 0x9d, 0xa5, 0x29, 0x94, 0xa5, 
	0xde, 0xf7, 0xd6, 0xb5, 0x7b, 0xdf, 0xce, 0x73, 
	0xd6, 0xb5, 0xc6, 0x31, 0xff, 0xff, 0xff, 0xff, 
	0xff, 0xff, 0xff, 0xff, 0xff, 0xff, 0xff, 0xff, 
	0xef, 0x7b, 0x10, 0x85, 0x31, 0x8c, 0x00, 0x00, 
	0x00, 0x00, 0x00, 0x00, 0x00, 0x00, 0x00, 0x00, 
	0x00, 0x00, 0x00, 0x00, 0x00, 0x00, 0x00, 0x00, 
	0x00, 0x00, 0x00, 0x00, 0x00, 0x00, 0x00, 0x00, 
	0x00, 0x00, 0x00, 0x00, 0x00, 0x00, 0x00, 0x00, 
	0x00, 0x00, 0x00, 0x00, 0x00, 0x00, 0x00, 0x00, 
	0x00, 0x00, 0x00, 0x00, 0x00, 0x00, 0x00, 0x00, 
	0x00, 0x00, 0x00, 0x00, 0x00, 0x00, 0x00, 0x00, 
	0x00, 0x00, 0x00, 0x00, 0x00, 0x00, 0x00, 0x00, 
	0x00, 0x00, 0x00, 0x00, 0x00, 0x00, 0x00, 0x00, 
	0x00, 0x00, 0x00, 0x00, 0x00, 0x00, 0x00, 0x00, 
	0x00, 0x00, 0x00, 0x00, 0x00, 0x00, 0x00, 0x00, 
	0x00, 0x00, 0x00, 0x00, 0x00, 0x00, 0x00, 0x00, 
	0x00, 0x00, 0x00, 0x00, 0x00, 0x00, 0x00, 0x00, 
	0x00, 0x00, 0x00, 0x00, 0x00, 0x00, 0x00, 0x00, 
	0x00, 0x00, 0x00, 0x00, 0x31, 0x8d, 0xd5, 0xa3, 
	0xfe, 0x69, 0xfe, 0x69, 0xfe, 0x69, 0xfe, 0x69, 
	0xfe, 0x69, 0xd5, 0xa5, 0x61, 0x89, 0x71, 0x89, 
	0x93, 0xd9, 0xfe, 0x69, 0xfe, 0x69, 0xfe, 0x69, 
	0xfe, 0x69, 0xfe, 0x69, 0xc4, 0xe1, 0x5a, 0x4f, 
	0x9c, 0x1b, 0xe5, 0xe7, 0xfe, 0x69, 0xfe, 0x69, 
	0xfe, 0x69, 0xfe, 0x69, 0xfe, 0x69, 0xfe, 0x69, 
	0xac, 0x9d, 0xf6, 0x69, 0xfe, 0x69, 0xfe, 0x69, 
	0xfe, 0x69, 0xfe, 0x69, 0xfe, 0x69, 0xfe, 0x69, 
	0xfe, 0x69, 0xfe, 0x69, 0xfe, 0x69, 0xfe, 0x69, 
	0xfe, 0x69, 0xfe, 0x69, 0xfe, 0x69, 0xfe, 0x69, 
	0xfe, 0x69, 0xfe, 0x69, 0xfe, 0x69, 0x7b, 0x15, 
	0x00, 0x01, 0x00, 0x01, 0xa4, 0x5d, 0x21, 0x09, 
	0x00, 0x00, 0x29, 0x4b, 0xe7, 0x39, 0xd6, 0xb5, 
	0x9c, 0xe7, 0xa5, 0x29, 0xde, 0xf7, 0xff, 0xff, 
	0xff, 0xff, 0xff, 0xff, 0xff, 0xff, 0xff, 0xff, 
	0xff, 0xff, 0xff, 0xff, 0xff, 0xff, 0xff, 0xff, 
	0xde, 0xf7, 0x7b, 0xdf, 0x31, 0x8d, 0x00, 0x00, 
	0x00, 0x00, 0x00, 0x00, 0x00, 0x00, 0x00, 0x00, 
	0x00, 0x00, 0x00, 0x00, 0x00, 0x00, 0x00, 0x00, 
	0x00, 0x00, 0x00, 0x00, 0x00, 0x00, 0x00, 0x00, 
	0x00, 0x00, 0x00, 0x00, 0x00, 0x00, 0x00, 0x00, 
	0x00, 0x00, 0x00, 0x00, 0x00, 0x00, 0x00, 0x00, 
	0x00, 0x00, 0x00, 0x00, 0x00, 0x00, 0x00, 0x00, 
	0x00, 0x00, 0x00, 0x00, 0x00, 0x00, 0x00, 0x00, 
	0x00, 0x00, 0x00, 0x00, 0x00, 0x00, 0x00, 0x00, 
	0x00, 0x00, 0x00, 0x00, 0x00, 0x00, 0x00, 0x00, 
	0x00, 0x00, 0x00, 0x00, 0x00, 0x00, 0x00, 0x00, 
	0x00, 0x00, 0x00, 0x00, 0x00, 0x00, 0x00, 0x00, 
	0x00, 0x00, 0x00, 0x00, 0x00, 0x00, 0x00, 0x00, 
	0x00, 0x00, 0x00, 0x00, 0x00, 0x00, 0x00, 0x00, 
	0x00, 0x00, 0x00, 0x00, 0x00, 0x00, 0x00, 0x00, 
	0x00, 0x00, 0x00, 0x00, 0x5a, 0xd6, 0x52, 0x51, 
	0xe5, 0xe7, 0xfe, 0x69, 0xfe, 0x69, 0xfe, 0x69, 
	0xfe, 0x69, 0xfe, 0x69, 0xa4, 0x5b, 0x6a, 0x91, 
	0xee, 0x27, 0xfe, 0x69, 0xfe, 0x69, 0xfe, 0x69, 
	0xfe, 0x69, 0xfe, 0x69, 0x6a, 0xd3, 0x00, 0x01, 
	0x00, 0x01, 0x20, 0xc7, 0x7b, 0x55, 0xb4, 0x9f, 
	0xd5, 0xa5, 0xee, 0x27, 0xf6, 0x69, 0xfe, 0x69, 
	0xac, 0x9d, 0xfe, 0x69, 0xfe, 0x69, 0xfe, 0x69, 
	0xfe, 0x69, 0xfe, 0x69, 0xfe, 0x69, 0xfe, 0x69, 
	0xfe, 0x69, 0xfe, 0x69, 0xfe, 0x69, 0xfe, 0x69, 
	0xfe, 0x69, 0xfe, 0x69, 0xfe, 0x69, 0xfe, 0x69, 
	0xfe, 0x69, 0xfe, 0x69, 0xfe, 0x69, 0x83, 0x57, 
	0x00, 0x01, 0x21, 0x07, 0xc5, 0x21, 0x31, 0x8d, 
	0x00, 0x00, 0x31, 0x8d, 0xce, 0x73, 0xff, 0xff, 
	0xff, 0xff, 0xff, 0xff, 0xff, 0xff, 0xff, 0xff, 
	0xff, 0xff, 0xff, 0xff, 0xff, 0xff, 0xff, 0xff, 
	0xff, 0xff, 0xff, 0xff, 0xff, 0xff, 0xff, 0xff, 
	0xc6, 0x31, 0xbd, 0xef, 0x63, 0x19, 0x00, 0x00, 
	0x00, 0x00, 0x00, 0x00, 0x00, 0x00, 0x00, 0x00, 
	0x00, 0x00, 0x00, 0x00, 0x00, 0x00, 0x00, 0x00, 
	0x00, 0x00, 0x00, 0x00, 0x00, 0x00, 0x00, 0x00, 
	0x00, 0x00, 0x00, 0x00, 0x00, 0x00, 0x00, 0x00, 
	0x00, 0x00, 0x00, 0x00, 0x00, 0x00, 0x00, 0x00, 
	0x00, 0x00, 0x00, 0x00, 0x00, 0x00, 0x00, 0x00, 
	0x00, 0x00, 0x00, 0x00, 0x00, 0x00, 0x00, 0x00, 
	0x00, 0x00, 0x00, 0x00, 0x00, 0x00, 0x00, 0x00, 
	0x00, 0x00, 0x00, 0x00, 0x00, 0x00, 0x00, 0x00, 
	0x00, 0x00, 0x00, 0x00, 0x00, 0x00, 0x00, 0x00, 
	0x00, 0x00, 0x00, 0x00, 0x00, 0x00, 0x00, 0x00, 
	0x00, 0x00, 0x00, 0x00, 0x00, 0x00, 0x00, 0x00, 
	0x00, 0x00, 0x00, 0x00, 0x00, 0x00, 0x00, 0x00, 
	0x00, 0x00, 0x00, 0x00, 0x00, 0x00, 0x00, 0x00, 
	0x00, 0x00, 0x00, 0x00, 0x00, 0x00, 0x4a, 0x52, 
	0x62, 0x91, 0xee, 0x27, 0xfe, 0x69, 0xfe, 0x69, 
	0xfe, 0x69, 0xfe, 0x69, 0xf6, 0x69, 0x83, 0x57, 
	0xfe, 0x69, 0xfe, 0x69, 0xfe, 0x69, 0xfe, 0x69, 
	0xfe, 0x69, 0xee, 0x29, 0x31, 0x49, 0x00, 0x01, 
	0x00, 0x01, 0x00, 0x01, 0x00, 0x01, 0x00, 0x01, 
	0x00, 0x01, 0x08, 0x43, 0x39, 0x8b, 0x5a, 0x91, 
	0x8b, 0xd9, 0xfe, 0x69, 0xfe, 0x69, 0xfe, 0x69, 
	0xfe, 0x69, 0xfe, 0x69, 0xfe, 0x69, 0xfe, 0x69, 
	0xfe, 0x69, 0xfe, 0x69, 0xfe, 0x69, 0xfe, 0x69, 
	0xfe, 0x69, 0xfe, 0x69, 0xfe, 0x69, 0xfe, 0x69, 
	0xfe, 0x69, 0xfe, 0x69, 0xfe, 0x69, 0x6a, 0xd3, 
	0x00, 0x01, 0xac, 0x9d, 0xc5, 0x21, 0x39, 0xce, 
	0x00, 0x00, 0x42, 0x10, 0x9c, 0xe7, 0xff, 0xff, 
	0xff, 0xff, 0xff, 0xff, 0xff, 0xff, 0xff, 0xff, 
	0xff, 0xff, 0xff, 0xff, 0xff, 0xff, 0xff, 0xff, 
	0xff, 0xff, 0xff, 0xff, 0xff, 0xff, 0xff, 0xff, 
	0x8c, 0x63, 0xde, 0xf7, 0x7b, 0xdf, 0x00, 0x00, 
	0x00, 0x00, 0x00, 0x00, 0x00, 0x00, 0x00, 0x00, 
	0x00, 0x00, 0x00, 0x00, 0x00, 0x00, 0x00, 0x00, 
	0x00, 0x00, 0x00, 0x00, 0x00, 0x00, 0x00, 0x00, 
	0x00, 0x00, 0x00, 0x00, 0x00, 0x00, 0x00, 0x00, 
	0x00, 0x00, 0x00, 0x00, 0x00, 0x00, 0x00, 0x00, 
	0x00, 0x00, 0x00, 0x00, 0x00, 0x00, 0x00, 0x00, 
	0x00, 0x00, 0x00, 0x00, 0x00, 0x00, 0x00, 0x00, 
	0x00, 0x00, 0x00, 0x00, 0x00, 0x00, 0x00, 0x00, 
	0x00, 0x00, 0x00, 0x00, 0x00, 0x00, 0x00, 0x00, 
	0x00, 0x00, 0x00, 0x00, 0x00, 0x00, 0x00, 0x00, 
	0x00, 0x00, 0x00, 0x00, 0x00, 0x00, 0x00, 0x00, 
	0x00, 0x00, 0x00, 0x00, 0x00, 0x00, 0x00, 0x00, 
	0x00, 0x00, 0x00, 0x00, 0x00, 0x00, 0x00, 0x00, 
	0x00, 0x00, 0x00, 0x00, 0x00, 0x00, 0x00, 0x00, 
	0x00, 0x00, 0x00, 0x00, 0x00, 0x00, 0x00, 0x00, 
	0x39, 0xce, 0x62, 0x91, 0xe5, 0xe7, 0xfe, 0x69, 
	0xfe, 0x69, 0xfe, 0x69, 0xfe, 0x69, 0x73, 0x15, 
	0xf6, 0x69, 0xfe, 0x69, 0xfe, 0x69, 0xfe, 0x69, 
	0xfe, 0x69, 0xfe, 0x69, 0x52, 0x0f, 0x00, 0x01, 
	0x00, 0x01, 0x00, 0x01, 0x00, 0x01, 0x00, 0x01, 
	0x00, 0x01, 0x00, 0x01, 0x00, 0x01, 0x00, 0x01, 
	0x62, 0x91, 0xfe, 0x69, 0xfe, 0x69, 0xfe, 0x69, 
	0xfe, 0x69, 0xfe, 0x69, 0xfe, 0x69, 0xfe, 0x69, 
	0xfe, 0x69, 0xfe, 0x69, 0xfe, 0x69, 0xfe, 0x69, 
	0xfe, 0x69, 0xfe, 0x69, 0xfe, 0x69, 0xfe, 0x69, 
	0xfe, 0x69, 0xfe, 0x69, 0xee, 0x27, 0x20, 0xc7, 
	0x6a, 0xd3, 0xfe, 0x69, 0x8b, 0x99, 0x63, 0x18, 
	0x00, 0x00, 0x73, 0x9c, 0x42, 0x11, 0xf7, 0xbd, 
	0xff, 0xff, 0xff, 0xff, 0xff, 0xff, 0xff, 0xff, 
	0xff, 0xff, 0xff, 0xff, 0xff, 0xff, 0xff, 0xff, 
	0xff, 0xff, 0xff, 0xff, 0xff, 0xff, 0xef, 0x7b, 
	0x73, 0x9d, 0xff, 0xff, 0x6b, 0x5b, 0x00, 0x00, 
	0x00, 0x00, 0x00, 0x00, 0x00, 0x00, 0x00, 0x00, 
	0x00, 0x00, 0x00, 0x00, 0x00, 0x00, 0x00, 0x00, 
	0x00, 0x00, 0x00, 0x00, 0x00, 0x00, 0x00, 0x00, 
	0x00, 0x00, 0x00, 0x00, 0x00, 0x00, 0x00, 0x00, 
	0x00, 0x00, 0x00, 0x00, 0x00, 0x00, 0x00, 0x00, 
	0x00, 0x00, 0x00, 0x00, 0x00, 0x00, 0x00, 0x00, 
	0x00, 0x00, 0x00, 0x00, 0x00, 0x00, 0x00, 0x00, 
	0x00, 0x00, 0x00, 0x00, 0x00, 0x00, 0x00, 0x00, 
	0x00, 0x00, 0x00, 0x00, 0x00, 0x00, 0x00, 0x00, 
	0x00, 0x00, 0x00, 0x00, 0x00, 0x00, 0x00, 0x00, 
	0x00, 0x00, 0x00, 0x00, 0x00, 0x00, 0x00, 0x00, 
	0x00, 0x00, 0x00, 0x00, 0x00, 0x00, 0x00, 0x00, 
	0x00, 0x00, 0x00, 0x00, 0x00, 0x00, 0x00, 0x00, 
	0x00, 0x00, 0x00, 0x00, 0x00, 0x00, 0x00, 0x00, 
	0x00, 0x00, 0x00, 0x00, 0x00, 0x00, 0x00, 0x00, 
	0x00, 0x00, 0x42, 0x10, 0x52, 0x51, 0xcd, 0x63, 
	0xfe, 0x69, 0xfe, 0x69, 0xfe, 0x69, 0x8b, 0x99, 
	0xe5, 0xe5, 0xfe, 0x69, 0xfe, 0x69, 0xfe, 0x69, 
	0xfe, 0x69, 0xfe, 0x69, 0xb4, 0x9f, 0x00, 0x01, 
	0x00, 0x01, 0x00, 0x01, 0x00, 0x01, 0x00, 0x01, 
	0x00, 0x01, 0x00, 0x01, 0x00, 0x01, 0x00, 0x01, 
	0x10, 0x85, 0xee, 0x27, 0xfe, 0x69, 0xfe, 0x69, 
	0xfe, 0x69, 0xfe, 0x69, 0xfe, 0x69, 0xfe, 0x69, 
	0xfe, 0x69, 0xfe, 0x69, 0xfe, 0x69, 0xfe, 0x69, 
	0xfe, 0x69, 0xfe, 0x69, 0xfe, 0x69, 0xfe, 0x69, 
	0xfe, 0x69, 0xfe, 0x69, 0xb4, 0x9d, 0x49, 0xcd, 
	0xcd, 0x21, 0xe5, 0xe7, 0x31, 0x48, 0x00, 0x00, 
	0x00, 0x00, 0x00, 0x00, 0x28, 0x85, 0xa5, 0x29, 
	0xff, 0xff, 0xff, 0xff, 0xff, 0xff, 0xff, 0xff, 
	0xff, 0xff, 0xff, 0xff, 0xff, 0xff, 0xff, 0xff, 
	0xff, 0xff, 0xff, 0xff, 0xff, 0xff, 0x94, 0xa5, 
	0xce, 0x73, 0xef, 0x7b, 0x39, 0xcf, 0x00, 0x00, 
	0x00, 0x00, 0x00, 0x00, 0x00, 0x00, 0x00, 0x00, 
	0x00, 0x00, 0x00, 0x00, 0x00, 0x00, 0x00, 0x00, 
	0x00, 0x00, 0x00, 0x00, 0x00, 0x00, 0x00, 0x00, 
	0x00, 0x00, 0x00, 0x00, 0x00, 0x00, 0x00, 0x00, 
	0x00, 0x00, 0x00, 0x00, 0x00, 0x00, 0x00, 0x00, 
	0x00, 0x00, 0x00, 0x00, 0x00, 0x00, 0x00, 0x00, 
	0x00, 0x00, 0x00, 0x00, 0x00, 0x00, 0x00, 0x00, 
	0x00, 0x00, 0x00, 0x00, 0x00, 0x00, 0x00, 0x00, 
	0x00, 0x00, 0x00, 0x00, 0x00, 0x00, 0x00, 0x00, 
	0x00, 0x00, 0x00, 0x00, 0x00, 0x00, 0x00, 0x00, 
	0x00, 0x00, 0x00, 0x00, 0x00, 0x00, 0x00, 0x00, 
	0x00, 0x00, 0x00, 0x00, 0x00, 0x00, 0x00, 0x00, 
	0x00, 0x00, 0x00, 0x00, 0x00, 0x00, 0x00, 0x00, 
	0x00, 0x00, 0x00, 0x00, 0x00, 0x00, 0x00, 0x00, 
	0x00, 0x00, 0x00, 0x00, 0x00, 0x00, 0x00, 0x00, 
	0x00, 0x00, 0x00, 0x00, 0x5a, 0xd6, 0x29, 0x4a, 
	0x4a, 0x0f, 0x73, 0x15, 0x49, 0xcd, 0x41, 0x07, 
	0xb4, 0x9f, 0xfe, 0x69, 0xfe, 0x69, 0xfe, 0x69, 
	0xfe, 0x69, 0xfe, 0x69, 0xf6, 0x69, 0x7b, 0x15, 
	0x00, 0x01, 0x00, 0x01, 0x00, 0x01, 0x00, 0x01, 
	0x00, 0x01, 0x00, 0x01, 0x00, 0x01, 0x00, 0x01, 
	0x00, 0x01, 0xa4, 0x5d, 0xfe, 0x69, 0xfe, 0x69, 
	0xfe, 0x69, 0xfe, 0x69, 0xfe, 0x69, 0xfe, 0x69, 
	0xfe, 0x69, 0xfe, 0x69, 0xfe, 0x69, 0xfe, 0x69, 
	0xfe, 0x69, 0xfe, 0x69, 0xfe, 0x69, 0xfe, 0x69, 
	0xfe, 0x69, 0xe5, 0xe7, 0x41, 0xcd, 0xcd, 0x21, 
	0xfe, 0x69, 0xa4, 0x1b, 0x00, 0x00, 0x00, 0x00, 
	0x00, 0x00, 0x00, 0x00, 0x98, 0xc8, 0x10, 0x43, 
	0xb5, 0xad, 0xff, 0xff, 0xff, 0xff, 0xff, 0xff, 
	0xff, 0xff, 0xff, 0xff, 0xff, 0xff, 0xff, 0xff, 
	0xff, 0xff, 0xff, 0xff, 0xb5, 0xad, 0x9c, 0xe7, 
	0xff, 0xff, 0xbd, 0xef, 0x18, 0xc6, 0x00, 0x00, 
	0x00, 0x00, 0x00, 0x00, 0x00, 0x00, 0x00, 0x00, 
	0x00, 0x00, 0x00, 0x00, 0x00, 0x00, 0x00, 0x00, 
	0x00, 0x00, 0x00, 0x00, 0x00, 0x00, 0x00, 0x00, 
	0x00, 0x00, 0x00, 0x00, 0x00, 0x00, 0x00, 0x00, 
	0x00, 0x00, 0x00, 0x00, 0x00, 0x00, 0x00, 0x00, 
	0x00, 0x00, 0x00, 0x00, 0x00, 0x00, 0x00, 0x00, 
	0x00, 0x00, 0x00, 0x00, 0x00, 0x00, 0x00, 0x00, 
	0x00, 0x00, 0x00, 0x00, 0x00, 0x00, 0x00, 0x00, 
	0x00, 0x00, 0x00, 0x00, 0x00, 0x00, 0x00, 0x00, 
	0x00, 0x00, 0x00, 0x00, 0x00, 0x00, 0x00, 0x00, 
	0x00, 0x00, 0x00, 0x00, 0x00, 0x00, 0x00, 0x00, 
	0x00, 0x00, 0x00, 0x00, 0x00, 0x00, 0x00, 0x00, 
	0x00, 0x00, 0x00, 0x00, 0x00, 0x00, 0x00, 0x00, 
	0x00, 0x00, 0x00, 0x00, 0x00, 0x00, 0x00, 0x00, 
	0x00, 0x00, 0x00, 0x00, 0x00, 0x00, 0x00, 0x00, 
	0x00, 0x00, 0x00, 0x00, 0x00, 0x00, 0x00, 0x00, 
	0x00, 0x00, 0x00, 0x00, 0x4a, 0x50, 0x69, 0x89, 
	0x5a, 0x4f, 0xf6, 0x69, 0xfe, 0x69, 0xfe, 0x69, 
	0xfe, 0x69, 0xfe, 0x69, 0xfe, 0x69, 0xf6, 0x69, 
	0xa4, 0x1b, 0x20, 0xc7, 0x00, 0x01, 0x00, 0x01, 
	0x00, 0x01, 0x00, 0x01, 0x00, 0x01, 0x00, 0x01, 
	0x00, 0x01, 0x21, 0x07, 0xd5, 0xa5, 0xfe, 0x69, 
	0xfe, 0x69, 0xfe, 0x69, 0xfe, 0x69, 0xfe, 0x69, 
	0xfe, 0x69, 0xfe, 0x69, 0xfe, 0x69, 0xfe, 0x69, 
	0xfe, 0x69, 0xfe, 0x69, 0xfe, 0x69, 0xfe, 0x69, 
	0xee, 0x27, 0x62, 0x91, 0xbc, 0x9f, 0xfe, 0x69, 
	0xcd, 0x63, 0x31, 0x48, 0x00, 0x00, 0x00, 0x00, 
	0x00, 0x00, 0x00, 0x00, 0x00, 0x00, 0x00, 0x00, 
	0x18, 0xc7, 0x7b, 0xdf, 0xce, 0x73, 0xf7, 0xbd, 
	0xff, 0xff, 0xff, 0xff, 0xff, 0xff, 0xff, 0xff, 
	0xde, 0xf7, 0x8c, 0x63, 0xa5, 0x29, 0xff, 0xff, 
	0xef, 0x7b, 0x4a, 0x53, 0x00, 0x00, 0x00, 0x00, 
	0x00, 0x00, 0x00, 0x00, 0x00, 0x00, 0x00, 0x00, 
	0x00, 0x00, 0x00, 0x00, 0x00, 0x00, 0x00, 0x00, 
	0x00, 0x00, 0x00, 0x00, 0x00, 0x00, 0x00, 0x00, 
	0x00, 0x00, 0x00, 0x00, 0x00, 0x00, 0x00, 0x00, 
	0x00, 0x00, 0x00, 0x00, 0x00, 0x00, 0x00, 0x00, 
	0x00, 0x00, 0x00, 0x00, 0x00, 0x00, 0x00, 0x00, 
	0x00, 0x00, 0x00, 0x00, 0x00, 0x00, 0x00, 0x00, 
	0x00, 0x00, 0x00, 0x00, 0x00, 0x00, 0x00, 0x00, 
	0x00, 0x00, 0x00, 0x00, 0x00, 0x00, 0x00, 0x00, 
	0x00, 0x00, 0x00, 0x00, 0x00, 0x00, 0x00, 0x00, 
	0x00, 0x00, 0x00, 0x00, 0x00, 0x00, 0x00, 0x00, 
	0x00, 0x00, 0x00, 0x00, 0x00, 0x00, 0x00, 0x00, 
	0x00, 0x00, 0x00, 0x00, 0x00, 0x00, 0x00, 0x00, 
	0x00, 0x00, 0x00, 0x00, 0x00, 0x00, 0x00, 0x00, 
	0x00, 0x00, 0x00, 0x00, 0x00, 0x00, 0x00, 0x00, 
	0x00, 0x00, 0x00, 0x00, 0x00, 0x00, 0x00, 0x00, 
	0x00, 0x00, 0x00, 0x00, 0x00, 0x00, 0x52, 0x0e, 
	0x49, 0x49, 0xbc, 0xdf, 0xfe, 0x69, 0xfe, 0x69, 
	0xfe, 0x69, 0xfe, 0x69, 0xfe, 0x69, 0xfe, 0x69, 
	0xfe, 0x69, 0xd5, 0x63, 0x83, 0x55, 0x29, 0x09, 
	0x00, 0x01, 0x00, 0x01, 0x00, 0x01, 0x00, 0x01, 
	0x00, 0x01, 0x00, 0x01, 0x39, 0x8b, 0xd5, 0x63, 
	0xfe, 0x69, 0xfe, 0x69, 0xfe, 0x69, 0xfe, 0x69, 
	0xfe, 0x69, 0xfe, 0x69, 0xfe, 0x69, 0xfe, 0x69, 
	0xfe, 0x69, 0xfe, 0x69, 0xfe, 0x69, 0xdd, 0xa5, 
	0x7b, 0x15, 0xc5, 0x21, 0xf6, 0x69, 0xe5, 0xe7, 
	0x52, 0x0e, 0x00, 0x00, 0x00, 0x00, 0x00, 0x00, 
	0x00, 0x00, 0x00, 0x00, 0x00, 0x00, 0x00, 0x00, 
	0x18, 0xc6, 0x8c, 0x63, 0xad, 0x6b, 0x73, 0x9d, 
	0x6b, 0x5b, 0x7b, 0xdf, 0x73, 0x9d, 0x63, 0x19, 
	0x94, 0xa5, 0xde, 0xf7, 0xff, 0xff, 0xe7, 0x39, 
	0x6b, 0x5b, 0x00, 0x00, 0x00, 0x00, 0x00, 0x00, 
	0x00, 0x00, 0x00, 0x00, 0x00, 0x00, 0x00, 0x00, 
	0x00, 0x00, 0x00, 0x00, 0x00, 0x00, 0x00, 0x00, 
	0x00, 0x00, 0x00, 0x00, 0x00, 0x00, 0x00, 0x00, 
	0x00, 0x00, 0x00, 0x00, 0x00, 0x00, 0x00, 0x00, 
	0x00, 0x00, 0x00, 0x00, 0x00, 0x00, 0x00, 0x00, 
	0x00, 0x00, 0x00, 0x00, 0x00, 0x00, 0x00, 0x00, 
	0x00, 0x00, 0x00, 0x00, 0x00, 0x00, 0x00, 0x00, 
	0x00, 0x00, 0x00, 0x00, 0x00, 0x00, 0x00, 0x00, 
	0x00, 0x00, 0x00, 0x00, 0x00, 0x00, 0x00, 0x00, 
	0x00, 0x00, 0x00, 0x00, 0x00, 0x00, 0x00, 0x00, 
	0x00, 0x00, 0x00, 0x00, 0x00, 0x00, 0x00, 0x00, 
	0x00, 0x00, 0x00, 0x00, 0x00, 0x00, 0x00, 0x00, 
	0x00, 0x00, 0x00, 0x00, 0x00, 0x00, 0x00, 0x00, 
	0x00, 0x00, 0x00, 0x00, 0x00, 0x00, 0x00, 0x00, 
	0x00, 0x00, 0x00, 0x00, 0x00, 0x00, 0x00, 0x00, 
	0x00, 0x00, 0x00, 0x00, 0x00, 0x00, 0x00, 0x00, 
	0x00, 0x00, 0x00, 0x00, 0x00, 0x00, 0x00, 0x00, 
	0x4a, 0x52, 0x4a, 0x0f, 0xe5, 0xe7, 0xfe, 0x69, 
	0xfe, 0x69, 0xfe, 0x69, 0xfe, 0x69, 0xfe, 0x69, 
	0xfe, 0x69, 0xfe, 0x69, 0xf6, 0x69, 0xdd, 0xa5, 
	0x9b, 0xdb, 0x4a, 0x0d, 0x08, 0x43, 0x00, 0x01, 
	0x00, 0x01, 0x00, 0x01, 0x00, 0x01, 0x20, 0xc7, 
	0x9c, 0x1b, 0xe5, 0xe7, 0xfe, 0x69, 0xfe, 0x69, 
	0xfe, 0x69, 0xfe, 0x69, 0xfe, 0x69, 0xfe, 0x69, 
	0xfe, 0x69, 0xe5, 0xe7, 0x93, 0xd9, 0x72, 0xd3, 
	0xed, 0xe7, 0xfe, 0x69, 0xf6, 0x29, 0x73, 0x15, 
	0x00, 0x00, 0x00, 0x00, 0x00, 0x00, 0x00, 0x00, 
	0x00, 0x00, 0x00, 0x00, 0x00, 0x00, 0x00, 0x00, 
	0x00, 0x00, 0x08, 0x00, 0x84, 0x21, 0xd6, 0xb5, 
	0xf7, 0xbd, 0xf7, 0xbd, 0xf7, 0xbd, 0xff, 0xff, 
	0xff, 0xff, 0xf7, 0xbd, 0xbd, 0xef, 0x4a, 0x53, 
	0x00, 0x00, 0x00, 0x00, 0x00, 0x00, 0x00, 0x00, 
	0x00, 0x00, 0x00, 0x00, 0x00, 0x00, 0x00, 0x00, 
	0x00, 0x00, 0x00, 0x00, 0x00, 0x00, 0x00, 0x00, 
	0x00, 0x00, 0x00, 0x00, 0x00, 0x00, 0x00, 0x00, 
	0x00, 0x00, 0x00, 0x00, 0x00, 0x00, 0x00, 0x00, 
	0x00, 0x00, 0x00, 0x00, 0x00, 0x00, 0x00, 0x00, 
	0x00, 0x00, 0x00, 0x00, 0x00, 0x00, 0x00, 0x00, 
	0x00, 0x00, 0x00, 0x00, 0x00, 0x00, 0x00, 0x00, 
	0x00, 0x00, 0x00, 0x00, 0x00, 0x00, 0x00, 0x00, 
	0x00, 0x00, 0x00, 0x00, 0x00, 0x00, 0x00, 0x00, 
	0x00, 0x00, 0x00, 0x00, 0x00, 0x00, 0x00, 0x00, 
	0x00, 0x00, 0x00, 0x00, 0x00, 0x00, 0x00, 0x00, 
	0x00, 0x00, 0x00, 0x00, 0x00, 0x00, 0x00, 0x00, 
	0x00, 0x00, 0x00, 0x00, 0x00, 0x00, 0x00, 0x00, 
	0x00, 0x00, 0x00, 0x00, 0x00, 0x00, 0x00, 0x00, 
	0x00, 0x00, 0x00, 0x00, 0x00, 0x00, 0x00, 0x00, 
	0x00, 0x00, 0x00, 0x00, 0x00, 0x00, 0x00, 0x00, 
	0x00, 0x00, 0x00, 0x00, 0x00, 0x00, 0x00, 0x00, 
	0x00, 0x00, 0x42, 0x10, 0x62, 0x93, 0xe5, 0xe7, 
	0xfe, 0x69, 0xfe, 0x69, 0xfe, 0x69, 0xfe, 0x69, 
	0xfe, 0x69, 0xfe, 0x69, 0xfe, 0x69, 0xfe, 0x69, 
	0xfe, 0x69, 0xee, 0x27, 0xcd, 0x63, 0xbc, 0xdf, 
	0xb4, 0x9f, 0xb4, 0x9d, 0x9c, 0x1b, 0x5a, 0x4f, 
	0x29, 0x09, 0x20, 0xc7, 0x73, 0x15, 0xa4, 0x5d, 
	0xbc, 0xdf, 0xc5, 0x21, 0xd5, 0xa5, 0xdd, 0xa5, 
	0xd5, 0xa3, 0xdd, 0xa5, 0xdd, 0xa5, 0xf6, 0x27, 
	0xfe, 0x69, 0xf6, 0x69, 0x83, 0x97, 0x00, 0x00, 
	0x00, 0x00, 0x00, 0x00, 0x00, 0x00, 0x00, 0x00, 
	0x00, 0x00, 0x00, 0x00, 0x00, 0x00, 0x00, 0x00, 
	0x00, 0x00, 0x00, 0x00, 0x00, 0x00, 0x00, 0x00, 
	0x63, 0x19, 0x94, 0xa5, 0x9c, 0xe7, 0x94, 0xa5, 
	0x73, 0x9d, 0x31, 0x8d, 0x08, 0x02, 0x00, 0x00, 
	0x00, 0x00, 0x00, 0x00, 0x00, 0x00, 0x00, 0x00, 
	0x00, 0x00, 0x00, 0x00, 0x00, 0x00, 0x00, 0x00, 
	0x00, 0x00, 0x00, 0x00, 0x00, 0x00, 0x00, 0x00, 
	0x00, 0x00, 0x00, 0x00, 0x00, 0x00, 0x00, 0x00, 
	0x00, 0x00, 0x00, 0x00, 0x00, 0x00, 0x00, 0x00, 
	0x00, 0x00, 0x00, 0x00, 0x00, 0x00, 0x00, 0x00, 
	0x00, 0x00, 0x00, 0x00, 0x00, 0x00, 0x00, 0x00, 
	0x00, 0x00, 0x00, 0x00, 0x00, 0x00, 0x00, 0x00, 
	0x00, 0x00, 0x00, 0x00, 0x00, 0x00, 0x00, 0x00, 
	0x00, 0x00, 0x00, 0x00, 0x00, 0x00, 0x00, 0x00, 
	0x00, 0x00, 0x00, 0x00, 0x00, 0x00, 0x00, 0x00, 
	0x00, 0x00, 0x00, 0x00, 0x00, 0x00, 0x00, 0x00, 
	0x00, 0x00, 0x00, 0x00, 0x00, 0x00, 0x00, 0x00, 
	0x00, 0x00, 0x00, 0x00, 0x00, 0x00, 0x00, 0x00, 
	0x00, 0x00, 0x00, 0x00, 0x00, 0x00, 0x00, 0x00, 
	0x00, 0x00, 0x00, 0x00, 0x00, 0x00, 0x00, 0x00, 
	0x00, 0x00, 0x00, 0x00, 0x00, 0x00, 0x00, 0x00, 
	0x00, 0x00, 0x00, 0x00, 0x00, 0x00, 0x00, 0x00, 
	0x00, 0x00, 0x00, 0x00, 0x42, 0x10, 0x52, 0x4f, 
	0xcd, 0x63, 0xfe, 0x69, 0xfe, 0x69, 0xfe, 0x69, 
	0xfe, 0x69, 0xfe, 0x69, 0xfe, 0x69, 0xfe, 0x69, 
	0xfe, 0x69, 0xfe, 0x69, 0xf6, 0x69, 0xfe, 0x69, 
	0xfe, 0x69, 0xfe, 0x69, 0xfe, 0x69, 0xf6, 0x29, 
	0xee, 0x27, 0xe5, 0xe7, 0xe5, 0xe5, 0xcd, 0x63, 
	0xd5, 0x63, 0xf6, 0x27, 0xfe, 0x69, 0xfe, 0x69, 
	0xf6, 0x29, 0xf6, 0x69, 0xfe, 0x69, 0xfe, 0x69, 
	0xf6, 0x69, 0x93, 0xd9, 0x10, 0x02, 0x00, 0x00, 
	0x00, 0x00, 0x00, 0x00, 0x00, 0x00, 0x00, 0x00, 
	0x00, 0x00, 0x00, 0x00, 0x00, 0x00, 0x00, 0x00, 
	0x00, 0x00, 0x00, 0x00, 0x00, 0x00, 0x00, 0x00, 
	0x00, 0x00, 0x00, 0x00, 0x00, 0x00, 0x08, 0x42, 
	0x48, 0x86, 0x00, 0x00, 0x00, 0x00, 0x00, 0x00, 
	0x00, 0x00, 0x00, 0x00, 0x00, 0x00, 0x00, 0x00, 
	0x00, 0x00, 0x00, 0x00, 0x00, 0x00, 0x00, 0x00, 
	0x00, 0x00, 0x00, 0x00, 0x00, 0x00, 0x00, 0x00, 
	0x00, 0x00, 0x00, 0x00, 0x00, 0x00, 0x00, 0x00, 
	0x00, 0x00, 0x00, 0x00, 0x00, 0x00, 0x00, 0x00, 
	0x00, 0x00, 0x00, 0x00, 0x00, 0x00, 0x00, 0x00, 
	0x00, 0x00, 0x00, 0x00, 0x00, 0x00, 0x00, 0x00, 
	0x00, 0x00, 0x00, 0x00, 0x00, 0x00, 0x00, 0x00, 
	0x00, 0x00, 0x00, 0x00, 0x00, 0x00, 0x00, 0x00, 
	0x00, 0x00, 0x00, 0x00, 0x00, 0x00, 0x00, 0x00, 
	0x00, 0x00, 0x00, 0x00, 0x00, 0x00, 0x00, 0x00, 
	0x00, 0x00, 0x00, 0x00, 0x00, 0x00, 0x00, 0x00, 
	0x00, 0x00, 0x00, 0x00, 0x00, 0x00, 0x00, 0x00, 
	0x00, 0x00, 0x00, 0x00, 0x00, 0x00, 0x00, 0x00, 
	0x00, 0x00, 0x00, 0x00, 0x00, 0x00, 0x00, 0x00, 
	0x00, 0x00, 0x00, 0x00, 0x00, 0x00, 0x00, 0x00, 
	0x00, 0x00, 0x00, 0x00, 0x00, 0x00, 0x00, 0x00, 
	0x00, 0x00, 0x00, 0x00, 0x00, 0x00, 0x00, 0x00, 
	0x00, 0x00, 0x00, 0x00, 0x00, 0x00, 0x63, 0x18, 
	0x29, 0x4b, 0x83, 0x57, 0xdd, 0xa5, 0xfe, 0x69, 
	0xfe, 0x69, 0xfe, 0x69, 0xfe, 0x69, 0xfe, 0x69, 
	0xfe, 0x69, 0xfe, 0x69, 0xfe, 0x69, 0xfe, 0x69, 
	0xfe, 0x69, 0xfe, 0x69, 0xfe, 0x69, 0xfe, 0x69, 
	0xfe, 0x69, 0xfe, 0x69, 0xfe, 0x69, 0xfe, 0x69, 
	0xfe, 0x69, 0xfe, 0x69, 0xfe, 0x69, 0xfe, 0x69, 
	0xfe, 0x69, 0xfe, 0x69, 0xfe, 0x69, 0xf6, 0x69, 
	0x93, 0xd9, 0x08, 0x02, 0x00, 0x00, 0x00, 0x00, 
	0x00, 0x00, 0x00, 0x00, 0x00, 0x00, 0x00, 0x00, 
	0x00, 0x00, 0x00, 0x00, 0x00, 0x00, 0x00, 0x00, 
	0x00, 0x00, 0x00, 0x00, 0x00, 0x00, 0x00, 0x00, 
	0x00, 0x00, 0x00, 0x00, 0x00, 0x00, 0x00, 0x00, 
	0x00, 0x00, 0x00, 0x00, 0x00, 0x00, 0x00, 0x00, 
	0x00, 0x00, 0x00, 0x00, 0x00, 0x00, 0x00, 0x00, 
	0x00, 0x00, 0x00, 0x00, 0x00, 0x00, 0x00, 0x00, 
	0x00, 0x00, 0x00, 0x00, 0x00, 0x00, 0x00, 0x00, 
	0x00, 0x00, 0x00, 0x00, 0x00, 0x00, 0x00, 0x00, 
	0x00, 0x00, 0x00, 0x00, 0x00, 0x00, 0x00, 0x00, 
	0x00, 0x00, 0x00, 0x00, 0x00, 0x00, 0x00, 0x00, 
	0x00, 0x00, 0x00, 0x00, 0x00, 0x00, 0x00, 0x00, 
	0x00, 0x00, 0x00, 0x00, 0x00, 0x00, 0x00, 0x00, 
	0x00, 0x00, 0x00, 0x00, 0x00, 0x00, 0x00, 0x00, 
	0x00, 0x00, 0x00, 0x00, 0x00, 0x00, 0x00, 0x00, 
	0x00, 0x00, 0x00, 0x00, 0x00, 0x00, 0x00, 0x00, 
	0x00, 0x00, 0x00, 0x00, 0x00, 0x00, 0x00, 0x00, 
	0x00, 0x00, 0x00, 0x00, 0x00, 0x00, 0x00, 0x00, 
	0x00, 0x00, 0x00, 0x00, 0x00, 0x00, 0x00, 0x00, 
	0x00, 0x00, 0x00, 0x00, 0x00, 0x00, 0x00, 0x00, 
	0x00, 0x00, 0x00, 0x00, 0x00, 0x00, 0x00, 0x00, 
	0x00, 0x00, 0x00, 0x00, 0x00, 0x00, 0x00, 0x00, 
	0x00, 0x00, 0x00, 0x00, 0x00, 0x00, 0x00, 0x00, 
	0x00, 0x00, 0x00, 0x00, 0x00, 0x00, 0x00, 0x00, 
	0x00, 0x00, 0x4a, 0x52, 0x31, 0x4b, 0x93, 0xd9, 
	0xe5, 0xe7, 0xfe, 0x69, 0xfe, 0x69, 0xfe, 0x69, 
	0xfe, 0x69, 0xfe, 0x69, 0xfe, 0x69, 0xfe, 0x69, 
	0xfe, 0x69, 0xfe, 0x69, 0xfe, 0x69, 0xfe, 0x69, 
	0xfe, 0x69, 0xfe, 0x69, 0xfe, 0x69, 0xfe, 0x69, 
	0xfe, 0x69, 0xfe, 0x69, 0xfe, 0x69, 0xfe, 0x69, 
	0xfe, 0x69, 0xfe, 0x69, 0xf6, 0x29, 0x8b, 0x99, 
	0x10, 0x86, 0x00, 0x00, 0x00, 0x00, 0x00, 0x00, 
	0x00, 0x00, 0x00, 0x00, 0x00, 0x00, 0x00, 0x00, 
	0x00, 0x00, 0x00, 0x00, 0x00, 0x00, 0x00, 0x00, 
	0x00, 0x00, 0x00, 0x00, 0x00, 0x00, 0x00, 0x00, 
	0x00, 0x00, 0x00, 0x00, 0x00, 0x00, 0x00, 0x00, 
	0x00, 0x00, 0x00, 0x00, 0x00, 0x00, 0x00, 0x00, 
	0x00, 0x00, 0x00, 0x00, 0x00, 0x00, 0x00, 0x00, 
	0x00, 0x00, 0x00, 0x00, 0x00, 0x00, 0x00, 0x00, 
	0x00, 0x00, 0x00, 0x00, 0x00, 0x00, 0x00, 0x00, 
	0x00, 0x00, 0x00, 0x00, 0x00, 0x00, 0x00, 0x00, 
	0x00, 0x00, 0x00, 0x00, 0x00, 0x00, 0x00, 0x00, 
	0x00, 0x00, 0x00, 0x00, 0x00, 0x00, 0x00, 0x00, 
	0x00, 0x00, 0x00, 0x00, 0x00, 0x00, 0x00, 0x00, 
	0x00, 0x00, 0x00, 0x00, 0x00, 0x00, 0x00, 0x00, 
	0x00, 0x00, 0x00, 0x00, 0x00, 0x00, 0x00, 0x00, 
	0x00, 0x00, 0x00, 0x00, 0x00, 0x00, 0x00, 0x00, 
	0x00, 0x00, 0x00, 0x00, 0x00, 0x00, 0x00, 0x00, 
	0x00, 0x00, 0x00, 0x00, 0x00, 0x00, 0x00, 0x00, 
	0x00, 0x00, 0x00, 0x00, 0x00, 0x00, 0x00, 0x00, 
	0x00, 0x00, 0x00, 0x00, 0x00, 0x00, 0x00, 0x00, 
	0x00, 0x00, 0x00, 0x00, 0x00, 0x00, 0x00, 0x00, 
	0x00, 0x00, 0x00, 0x00, 0x00, 0x00, 0x00, 0x00, 
	0x00, 0x00, 0x00, 0x00, 0x00, 0x00, 0x00, 0x00, 
	0x00, 0x00, 0x00, 0x00, 0x00, 0x00, 0x00, 0x00, 
	0x00, 0x00, 0x00, 0x00, 0x00, 0x00, 0x00, 0x00, 
	0x00, 0x00, 0x00, 0x00, 0x00, 0x00, 0x19, 0x0a, 
	0x21, 0x07, 0x93, 0xd9, 0xdd, 0xa5, 0xfe, 0x69, 
	0xfe, 0x69, 0xfe, 0x69, 0xfe, 0x69, 0xfe, 0x69, 
	0xfe, 0x69, 0xfe, 0x69, 0xfe, 0x69, 0xfe, 0x69, 
	0xfe, 0x69, 0xfe, 0x69, 0xfe, 0x69, 0xfe, 0x69, 
	0xfe, 0x69, 0xfe, 0x69, 0xfe, 0x69, 0xfe, 0x69, 
	0xfe, 0x69, 0xee, 0x27, 0x7b, 0x55, 0x10, 0xc8, 
	0x00, 0x00, 0x00, 0x00, 0x00, 0x00, 0x00, 0x00, 
	0x00, 0x00, 0x00, 0x00, 0x00, 0x00, 0x00, 0x00, 
	0x00, 0x00, 0x00, 0x00, 0x00, 0x00, 0x00, 0x00, 
	0x00, 0x00, 0x00, 0x00, 0x00, 0x00, 0x00, 0x00, 
	0x00, 0x00, 0x00, 0x00, 0x00, 0x00, 0x00, 0x00, 
	0x00, 0x00, 0x00, 0x00, 0x00, 0x00, 0x00, 0x00, 
	0x00, 0x00, 0x00, 0x00, 0x00, 0x00, 0x00, 0x00, 
	0x00, 0x00, 0x00, 0x00, 0x00, 0x00, 0x00, 0x00, 
	0x00, 0x00, 0x00, 0x00, 0x00, 0x00, 0x00, 0x00, 
	0x00, 0x00, 0x00, 0x00, 0x00, 0x00, 0x00, 0x00, 
	0x00, 0x00, 0x00, 0x00, 0x00, 0x00, 0x00, 0x00, 
	0x00, 0x00, 0x00, 0x00, 0x00, 0x00, 0x00, 0x00, 
	0x00, 0x00, 0x00, 0x00, 0x00, 0x00, 0x00, 0x00, 
	0x00, 0x00, 0x00, 0x00, 0x00, 0x00, 0x00, 0x00, 
	0x00, 0x00, 0x00, 0x00, 0x00, 0x00, 0x00, 0x00, 
	0x00, 0x00, 0x00, 0x00, 0x00, 0x00, 0x00, 0x00, 
	0x00, 0x00, 0x00, 0x00, 0x00, 0x00, 0x00, 0x00, 
	0x00, 0x00, 0x00, 0x00, 0x00, 0x00, 0x00, 0x00, 
	0x00, 0x00, 0x00, 0x00, 0x00, 0x00, 0x00, 0x00, 
	0x00, 0x00, 0x00, 0x00, 0x00, 0x00, 0x00, 0x00, 
	0x00, 0x00, 0x00, 0x00, 0x00, 0x00, 0x00, 0x00, 
	0x00, 0x00, 0x00, 0x00, 0x00, 0x00, 0x00, 0x00, 
	0x00, 0x00, 0x00, 0x00, 0x00, 0x00, 0x00, 0x00, 
	0x00, 0x00, 0x00, 0x00, 0x00, 0x00, 0x00, 0x00, 
	0x00, 0x00, 0x00, 0x00, 0x00, 0x00, 0x00, 0x00, 
	0x00, 0x00, 0x00, 0x00, 0x00, 0x00, 0x00, 0x00, 
	0x00, 0x00, 0x08, 0x42, 0x18, 0xc4, 0x83, 0x57, 
	0xc5, 0x21, 0xf6, 0x29, 0xfe, 0x69, 0xfe, 0x69, 
	0xfe, 0x69, 0xfe, 0x69, 0xfe, 0x69, 0xfe, 0x69, 
	0xfe, 0x69, 0xfe, 0x69, 0xfe, 0x69, 0xfe, 0x69, 
	0xfe, 0x69, 0xfe, 0x69, 0xfe, 0x69, 0xfe, 0x69, 
	0xe5, 0xe5, 0x6a, 0xd3, 0x08, 0x00, 0x00, 0x00, 
	0x00, 0x00, 0x00, 0x00, 0x00, 0x00, 0x00, 0x00, 
	0x00, 0x00, 0x00, 0x00, 0x00, 0x00, 0x00, 0x00, 
	0x00, 0x00, 0x00, 0x00, 0x00, 0x00, 0x00, 0x00, 
	0x00, 0x00, 0x00, 0x00, 0x00, 0x00, 0x00, 0x00, 
	0x00, 0x00, 0x00, 0x00, 0x00, 0x00, 0x00, 0x00, 
	0x00, 0x00, 0x00, 0x00, 0x00, 0x00, 0x00, 0x00, 
	0x00, 0x00, 0x00, 0x00, 0x00, 0x00, 0x00, 0x00, 
	0x00, 0x00, 0x00, 0x00, 0x00, 0x00, 0x00, 0x00, 
	0x00, 0x00, 0x00, 0x00, 0x00, 0x00, 0x00, 0x00, 
	0x00, 0x00, 0x00, 0x00, 0x00, 0x00, 0x00, 0x00, 
	0x00, 0x00, 0x00, 0x00, 0x00, 0x00, 0x00, 0x00, 
	0x00, 0x00, 0x00, 0x00, 0x00, 0x00, 0x00, 0x00, 
	0x00, 0x00, 0x00, 0x00, 0x00, 0x00, 0x00, 0x00, 
	0x00, 0x00, 0x00, 0x00, 0x00, 0x00, 0x00, 0x00, 
	0x00, 0x00, 0x00, 0x00, 0x00, 0x00, 0x00, 0x00, 
	0x00, 0x00, 0x00, 0x00, 0x00, 0x00, 0x00, 0x00, 
	0x00, 0x00, 0x00, 0x00, 0x00, 0x00, 0x00, 0x00, 
	0x00, 0x00, 0x00, 0x00, 0x00, 0x00, 0x00, 0x00, 
	0x00, 0x00, 0x00, 0x00, 0x00, 0x00, 0x00, 0x00, 
	0x00, 0x00, 0x00, 0x00, 0x00, 0x00, 0x00, 0x00, 
	0x00, 0x00, 0x00, 0x00, 0x00, 0x00, 0x00, 0x00, 
	0x00, 0x00, 0x00, 0x00, 0x00, 0x00, 0x00, 0x00, 
	0x00, 0x00, 0x00, 0x00, 0x00, 0x00, 0x00, 0x00, 
	0x00, 0x00, 0x00, 0x00, 0x00, 0x00, 0x00, 0x00, 
	0x00, 0x00, 0x00, 0x00, 0x00, 0x00, 0x00, 0x00, 
	0x00, 0x00, 0x00, 0x00, 0x00, 0x00, 0x00, 0x00, 
	0x00, 0x00, 0x00, 0x00, 0x00, 0x00, 0x08, 0x42, 
	0x00, 0x00, 0x41, 0xcd, 0xa4, 0x5d, 0xf6, 0x69, 
	0xfe, 0x69, 0xfe, 0x69, 0xfe, 0x69, 0xfe, 0x69, 
	0xfe, 0x69, 0xfe, 0x69, 0xfe, 0x69, 0xfe, 0x69, 
	0xfe, 0x69, 0xfe, 0x69, 0xfe, 0x69, 0xcd, 0x63, 
	0x52, 0x4e, 0x00, 0x00, 0x00, 0x00, 0x00, 0x00, 
	0x00, 0x00, 0x00, 0x00, 0x00, 0x00, 0x00, 0x00, 
	0x00, 0x00, 0x00, 0x00, 0x00, 0x00, 0x00, 0x00, 
	0x00, 0x00, 0x00, 0x00, 0x00, 0x00, 0x00, 0x00, 
	0x00, 0x00, 0x00, 0x00, 0x00, 0x00, 0x00, 0x00, 
	0x00, 0x00, 0x00, 0x00, 0x00, 0x00, 0x00, 0x00, 
	0x00, 0x00, 0x00, 0x00, 0x00, 0x00, 0x00, 0x00, 
	0x00, 0x00, 0x00, 0x00, 0x00, 0x00, 0x00, 0x00, 
	0x00, 0x00, 0x00, 0x00, 0x00, 0x00, 0x00, 0x00, 
	0x00, 0x00, 0x00, 0x00, 0x00, 0x00, 0x00, 0x00, 
	0x00, 0x00, 0x00, 0x00, 0x00, 0x00, 0x00, 0x00, 
	0x00, 0x00, 0x00, 0x00, 0x00, 0x00, 0x00, 0x00, 
	0x00, 0x00, 0x00, 0x00, 0x00, 0x00, 0x00, 0x00, 
	0x00, 0x00, 0x00, 0x00, 0x00, 0x00, 0x00, 0x00, 
	0x00, 0x00, 0x00, 0x00, 0x00, 0x00, 0x00, 0x00, 
	0x00, 0x00, 0x00, 0x00, 0x00, 0x00, 0x00, 0x00, 
	0x00, 0x00, 0x00, 0x00, 0x00, 0x00, 0x00, 0x00, 
	0x00, 0x00, 0x00, 0x00, 0x00, 0x00, 0x00, 0x00, 
	0x00, 0x00, 0x00, 0x00, 0x00, 0x00, 0x00, 0x00, 
	0x00, 0x00, 0x00, 0x00, 0x00, 0x00, 0x00, 0x00, 
	0x00, 0x00, 0x00, 0x00, 0x00, 0x00, 0x00, 0x00, 
	0x00, 0x00, 0x00, 0x00, 0x00, 0x00, 0x00, 0x00, 
	0x00, 0x00, 0x00, 0x00, 0x00, 0x00, 0x00, 0x00, 
	0x00, 0x00, 0x00, 0x00, 0x00, 0x00, 0x00, 0x00, 
	0x00, 0x00, 0x00, 0x00, 0x00, 0x00, 0x00, 0x00, 
	0x00, 0x00, 0x00, 0x00, 0x00, 0x00, 0x00, 0x00, 
	0x00, 0x00, 0x00, 0x00, 0x00, 0x00, 0x00, 0x00, 
	0x00, 0x00, 0x00, 0x00, 0x00, 0x00, 0x00, 0x00, 
	0x00, 0x00, 0x00, 0x00, 0x08, 0x44, 0x62, 0x91, 
	0xbc, 0xe1, 0xee, 0x27, 0xfe, 0x69, 0xfe, 0x69, 
	0xfe, 0x69, 0xfe, 0x69, 0xfe, 0x69, 0xfe, 0x69, 
	0xfe, 0x69, 0xdd, 0xa5, 0xac, 0x5c, 0x18, 0xc4, 
	0x00, 0x00, 0x00, 0x00, 0x00, 0x00, 0x00, 0x00, 
	0x00, 0x00, 0x00, 0x00, 0x00, 0x00, 0x00, 0x00, 
	0x00, 0x00, 0x00, 0x00, 0x00, 0x00, 0x00, 0x00, 
	0x00, 0x00, 0x00, 0x00, 0x00, 0x00, 0x00, 0x00, 
	0x00, 0x00, 0x00, 0x00, 0x00, 0x00, 0x00, 0x00, 
	0x00, 0x00, 0x00, 0x00, 0x00, 0x00, 0x00, 0x00, 
	0x00, 0x00, 0x00, 0x00, 0x00, 0x00, 0x00, 0x00, 
	0x00, 0x00, 0x00, 0x00, 0x00, 0x00, 0x00, 0x00, 
	0x00, 0x00, 0x00, 0x00, 0x00, 0x00, 0x00, 0x00, 
	0x00, 0x00, 0x00, 0x00, 0x00, 0x00, 0x00, 0x00, 
	0x00, 0x00, 0x00, 0x00, 0x00, 0x00, 0x00, 0x00, 
	0x00, 0x00, 0x00, 0x00, 0x00, 0x00, 0x00, 0x00, 
	0x00, 0x00, 0x00, 0x00, 0x00, 0x00, 0x00, 0x00, 
	0x00, 0x00, 0x00, 0x00, 0x00, 0x00, 0x00, 0x00, 
	0x00, 0x00, 0x00, 0x00, 0x00, 0x00, 0x00, 0x00, 
	0x00, 0x00, 0x00, 0x00, 0x00, 0x00, 0x00, 0x00, 
	0x00, 0x00, 0x00, 0x00, 0x00, 0x00, 0x00, 0x00, 
	0x00, 0x00, 0x00, 0x00, 0x00, 0x00, 0x00, 0x00, 
	0x00, 0x00, 0x00, 0x00, 0x00, 0x00, 0x00, 0x00, 
	0x00, 0x00, 0x00, 0x00, 0x00, 0x00, 0x00, 0x00, 
	0x00, 0x00, 0x00, 0x00, 0x00, 0x00, 0x00, 0x00, 
	0x00, 0x00, 0x00, 0x00, 0x00, 0x00, 0x00, 0x00, 
	0x00, 0x00, 0x00, 0x00, 0x00, 0x00, 0x00, 0x00, 
	0x00, 0x00, 0x00, 0x00, 0x00, 0x00, 0x00, 0x00, 
	0x00, 0x00, 0x00, 0x00, 0x00, 0x00, 0x00, 0x00, 
	0x00, 0x00, 0x00, 0x00, 0x00, 0x00, 0x00, 0x00, 
	0x00, 0x00, 0x00, 0x00, 0x00, 0x00, 0x00, 0x00, 
	0x00, 0x00, 0x00, 0x00, 0x00, 0x00, 0x00, 0x00, 
	0x00, 0x00, 0x00, 0x00, 0x00, 0x00, 0x18, 0xc8, 
	0x08, 0x84, 0x29, 0x09, 0x73, 0x13, 0x93, 0xdb, 
	0xac, 0x9d, 0xb4, 0x9f, 0xb4, 0x9f, 0x9c, 0x1b, 
	0x7b, 0x54, 0x18, 0x84, 0x00, 0x00, 0x00, 0x00, 
	0x00, 0x00, 0x00, 0x00, 0x00, 0x00, 0x00, 0x00, 
	0x00, 0x00, 0x00, 0x00, 0x00, 0x00, 0x00, 0x00, 
	0x00, 0x00, 0x00, 0x00, 0x00, 0x00, 0x00, 0x00, 
	0x00, 0x00, 0x00, 0x00, 0x00, 0x00, 0x00, 0x00, 
	0x00, 0x00, 0x00, 0x00, 0x00, 0x00, 0x00, 0x00, 
	0x00, 0x00, 0x00, 0x00, 0x00, 0x00, 0x00, 0x00, 
	0x00, 0x00, 0x00, 0x00, 0x00, 0x00, 0x00, 0x00, 
	0x00, 0x00, 0x00, 0x00, 0x00, 0x00, 0x00, 0x00, 
	0x00, 0x00, 0x00, 0x00, 0x00, 0x00, 0x00, 0x00, 
	0x00, 0x00, 0x00, 0x00, 0x00, 0x00, 0x00, 0x00, 
	0x00, 0x00, 0x00, 0x00, 0x00, 0x00, 0x00, 0x00, 
	0x00, 0x00, 0x00, 0x00, 0x00, 0x00, 0x00, 0x00, 
	0x00, 0x00, 0x00, 0x00, 0x00, 0x00, 0x00, 0x00, 
	0x00, 0x00, 0x00, 0x00, 0x00, 0x00, 0x00, 0x00, 
	0x00, 0x00, 0x00, 0x00, 0x00, 0x00, 0x00, 0x00, 
	0x00, 0x00, 0x00, 0x00, 0x00, 0x00, 0x00, 0x00, 
	0x00, 0x00, 0x00, 0x00, 0x00, 0x00, 0x00, 0x00, 
	0x00, 0x00, 0x00, 0x00, 0x00, 0x00, 0x00, 0x00, 
	0x00, 0x00, 0x00, 0x00, 0x00, 0x00, 0x00, 0x00, 
	0x00, 0x00, 0x00, 0x00, 0x00, 0x00, 0x00, 0x00, 
	0x00, 0x00, 0x00, 0x00, 0x00, 0x00, 0x00, 0x00, 
	0x00, 0x00, 0x00, 0x00, 0x00, 0x00, 0x00, 0x00, 
	
};

Gfx pitstop_dl_diamond_plate_i8_aligner[] = {gsSPEndDisplayList()};
u8 pitstop_dl_diamond_plate_i8[] = {
	0x68, 0x3f, 0x49, 0x6b, 0x7b, 0x70, 0x63, 0x55, 
	0x5e, 0x68, 0x66, 0x60, 0x7e, 0x5b, 0x4a, 0x57, 
	0x62, 0x73, 0x60, 0x57, 0x5c, 0x73, 0x67, 0x6c, 
	0x66, 0x7e, 0x48, 0x3f, 0x5e, 0x82, 0x73, 0x72, 
	0x65, 0x62, 0x60, 0x68, 0x63, 0x52, 0x76, 0x3f, 
	0x47, 0x55, 0x5b, 0x72, 0x68, 0x57, 0x63, 0x70, 
	0x70, 0x63, 0x54, 0x75, 0x45, 0x42, 0x51, 0x58, 
	0x68, 0x6a, 0x6c, 0x60, 0x64, 0x71, 0x6c, 0x83, 
	0x9b, 0x6c, 0x3d, 0x4d, 0x6b, 0x66, 0x65, 0x6b, 
	0x5b, 0x53, 0x6d, 0x60, 0x5d, 0xa3, 0x6e, 0x44, 
	0x4d, 0x5b, 0x54, 0x69, 0x72, 0x66, 0x60, 0x59, 
	0x5e, 0x7a, 0x97, 0x62, 0x4a, 0x77, 0xa2, 0x82, 
	0x6a, 0x6d, 0x6a, 0x6d, 0x64, 0x54, 0x7d, 0x8c, 
	0x5e, 0x3d, 0x54, 0x5d, 0x65, 0x61, 0x64, 0x58, 
	0x5e, 0x5f, 0x4e, 0x9e, 0x84, 0x48, 0x38, 0x44, 
	0x60, 0x6f, 0x5a, 0x5e, 0x60, 0x72, 0x69, 0x65, 
	0x99, 0x9d, 0x7f, 0x3f, 0x4e, 0x51, 0x47, 0x55, 
	0x5d, 0x62, 0x61, 0x70, 0x5b, 0x83, 0xa5, 0x6c, 
	0x3f, 0x42, 0x5c, 0x73, 0x5f, 0x56, 0x6b, 0x65, 
	0x5b, 0x61, 0xac, 0x9a, 0x74, 0x63, 0xa9, 0x98, 
	0x7a, 0x67, 0x6a, 0x6c, 0x6c, 0x55, 0x71, 0xa4, 
	0x91, 0x77, 0x4e, 0x5c, 0x73, 0x5e, 0x5f, 0x77, 
	0x67, 0x5e, 0x5c, 0x66, 0xb4, 0x95, 0x52, 0x3a, 
	0x4f, 0x5b, 0x5d, 0x65, 0x60, 0x62, 0x67, 0x57, 
	0x55, 0xa9, 0x9c, 0x70, 0x3f, 0x4f, 0x53, 0x49, 
	0x67, 0x6f, 0x6a, 0x6e, 0x67, 0x73, 0xa9, 0xab, 
	0x6c, 0x3d, 0x49, 0x57, 0x54, 0x63, 0x67, 0x63, 
	0x5e, 0x69, 0x66, 0xb3, 0x97, 0x7d, 0x6a, 0xab, 
	0x79, 0x73, 0x6f, 0x6e, 0x68, 0x68, 0x52, 0x79, 
	0xb9, 0x95, 0x5b, 0x47, 0x5f, 0x5d, 0x6f, 0x66, 
	0x68, 0x63, 0x5d, 0x4f, 0x87, 0xb9, 0x95, 0x47, 
	0x3f, 0x57, 0x60, 0x5e, 0x5c, 0x6c, 0x6d, 0x5b, 
	0x4b, 0x62, 0xb1, 0xb5, 0x70, 0x4a, 0x55, 0x60, 
	0x61, 0x5b, 0x65, 0x5e, 0x66, 0x50, 0x58, 0x9d, 
	0xbb, 0x67, 0x45, 0x5e, 0x63, 0x5c, 0x57, 0x6d, 
	0x67, 0x79, 0x6b, 0x7c, 0xae, 0x9c, 0x76, 0x7f, 
	0x8a, 0x77, 0x71, 0x7f, 0x63, 0x5a, 0x62, 0x5f, 
	0x7a, 0xb4, 0x95, 0x50, 0x51, 0x60, 0x74, 0x73, 
	0x65, 0x56, 0x55, 0x4f, 0x5e, 0x8f, 0xbf, 0x8d, 
	0x3f, 0x61, 0x59, 0x4e, 0x57, 0x67, 0x55, 0x55, 
	0x4f, 0x4c, 0x50, 0x89, 0xb0, 0x74, 0x5b, 0x66, 
	0x5f, 0x5b, 0x5a, 0x58, 0x50, 0x57, 0x51, 0x4f, 
	0x7d, 0xab, 0x72, 0x62, 0x4c, 0x4d, 0x55, 0x4d, 
	0x6c, 0x5c, 0x6a, 0x6e, 0x64, 0x89, 0x97, 0x7d, 
	0x70, 0x61, 0x5f, 0x66, 0x5d, 0x54, 0x5b, 0x59, 
	0x72, 0x6a, 0xa6, 0x9d, 0x4e, 0x51, 0x65, 0x62, 
	0x46, 0x49, 0x47, 0x47, 0x57, 0x5d, 0x71, 0xaa, 
	0x92, 0x46, 0x4c, 0x54, 0x57, 0x55, 0x48, 0x4b, 
	0x55, 0x52, 0x57, 0x60, 0x6d, 0x5a, 0x67, 0x41, 
	0x3a, 0x48, 0x3e, 0x52, 0x51, 0x61, 0x4f, 0x47, 
	0x4f, 0x51, 0x54, 0x46, 0x61, 0x51, 0x48, 0x43, 
	0x67, 0x65, 0x5c, 0x6d, 0x61, 0x6d, 0x6c, 0x77, 
	0x61, 0x4f, 0x59, 0x43, 0x55, 0x54, 0x57, 0x61, 
	0x51, 0x62, 0x62, 0x61, 0x58, 0x4b, 0x52, 0x44, 
	0x3e, 0x48, 0x4c, 0x58, 0x59, 0x5c, 0x57, 0x54, 
	0x4b, 0x46, 0x4a, 0x4a, 0x3f, 0x3a, 0x46, 0x4b, 
	0x55, 0x57, 0x54, 0x5d, 0x64, 0x54, 0x55, 0x3b, 
	0x3e, 0x43, 0x79, 0x8a, 0x50, 0x61, 0x51, 0x69, 
	0x5f, 0x59, 0x63, 0x53, 0x54, 0x3e, 0x68, 0x8b, 
	0x57, 0x6e, 0x67, 0x6a, 0x68, 0x7a, 0x75, 0x74, 
	0x65, 0x48, 0x42, 0x6f, 0x89, 0x57, 0x5d, 0x63, 
	0x5d, 0x5a, 0x5d, 0x5f, 0x56, 0x58, 0x4e, 0x4e, 
	0x70, 0x89, 0x51, 0x6a, 0x71, 0x68, 0x6a, 0x55, 
	0x54, 0x4d, 0x43, 0x37, 0x3e, 0x67, 0x7c, 0x51, 
	0x50, 0x52, 0x4c, 0x56, 0x61, 0x63, 0x5f, 0x46, 
	0x4d, 0x98, 0xad, 0x6f, 0x59, 0x5d, 0x5d, 0x60, 
	0x6b, 0x5a, 0x57, 0x4c, 0x3f, 0x79, 0xad, 0x7f, 
	0x60, 0x6c, 0x62, 0x73, 0x73, 0x7f, 0x75, 0x69, 
	0x4f, 0x44, 0x7d, 0xa5, 0x6b, 0x58, 0x72, 0x72, 
	0x64, 0x62, 0x6b, 0x6b, 0x65, 0x64, 0x51, 0x87, 
	0x9e, 0x69, 0x61, 0x77, 0x70, 0x6d, 0x61, 0x48, 
	0x45, 0x53, 0x46, 0x4a, 0x8b, 0x9a, 0x72, 0x4a, 
	0x50, 0x4e, 0x4e, 0x5a, 0x5d, 0x5b, 0x5e, 0x47, 
	0x98, 0xb2, 0x80, 0x59, 0x63, 0x69, 0x6c, 0x64, 
	0x6d, 0x67, 0x61, 0x4e, 0x7d, 0xb2, 0x97, 0x5f, 
	0x70, 0x6e, 0x62, 0x70, 0x7e, 0x80, 0x7b, 0x5a, 
	0x44, 0x78, 0x9f, 0x8e, 0x57, 0x5f, 0x75, 0x71, 
	0x77, 0x78, 0x73, 0x71, 0x6d, 0x49, 0x81, 0x9b, 
	0x8e, 0x5e, 0x78, 0x65, 0x77, 0x71, 0x65, 0x54, 
	0x49, 0x54, 0x3e, 0x6f, 0xa6, 0x98, 0x55, 0x55, 
	0x60, 0x4c, 0x57, 0x5e, 0x5c, 0x62, 0x57, 0x7b, 
	0xb2, 0x83, 0x5a, 0x67, 0x69, 0x62, 0x61, 0x5f, 
	0x67, 0x64, 0x5a, 0x5b, 0xb8, 0x97, 0x6c, 0x5b, 
	0x68, 0x62, 0x70, 0x7a, 0x83, 0x7b, 0x7c, 0x55, 
	0x65, 0xb5, 0x9e, 0x63, 0x5f, 0x77, 0x7d, 0x73, 
	0x77, 0x70, 0x75, 0x70, 0x5c, 0x6d, 0xae, 0x99, 
	0x65, 0x69, 0x79, 0x88, 0x7a, 0x75, 0x6a, 0x5c, 
	0x61, 0x4f, 0x5d, 0xab, 0x8e, 0x5d, 0x5b, 0x5b, 
	0x51, 0x4e, 0x5b, 0x77, 0x5d, 0x54, 0x73, 0xa9, 
	0x7e, 0x60, 0x5a, 0x6a, 0x64, 0x6a, 0x51, 0x5a, 
	0x73, 0x67, 0x5f, 0xa5, 0x90, 0x6d, 0x58, 0x62, 
	0x69, 0x4d, 0x5d, 0x70, 0x75, 0x6a, 0x77, 0x60, 
	0xa8, 0x8b, 0x61, 0x6f, 0x66, 0x77, 0x78, 0x6b, 
	0x6f, 0x7b, 0x6c, 0x6e, 0x65, 0xa1, 0x85, 0x68, 
	0x66, 0x6f, 0x7b, 0x7b, 0x7e, 0x6c, 0x55, 0x5e, 
	0x59, 0x5d, 0x90, 0x7d, 0x58, 0x55, 0x53, 0x67, 
	0x3f, 0x3e, 0x4a, 0x5f, 0x56, 0x5b, 0x65, 0x4c, 
	0x4b, 0x64, 0x65, 0x58, 0x5a, 0x45, 0x57, 0x55, 
	0x53, 0x53, 0x77, 0x6b, 0x54, 0x6c, 0x52, 0x66, 
	0x75, 0x4f, 0x48, 0x6b, 0x83, 0x6e, 0x5b, 0x61, 
	0x5e, 0x55, 0x62, 0x6b, 0x6e, 0x60, 0x42, 0x41, 
	0x5e, 0x6b, 0x79, 0x6f, 0x65, 0x5d, 0x4a, 0x50, 
	0x6e, 0x5e, 0x5a, 0x4a, 0x51, 0x60, 0x5b, 0x67, 
	0x55, 0x51, 0x60, 0x5a, 0x5e, 0x5a, 0x4b, 0x4c, 
	0x7b, 0x49, 0x4c, 0x45, 0x3f, 0x4e, 0x58, 0x4e, 
	0x5f, 0x6d, 0x5d, 0x70, 0x81, 0x6a, 0x3f, 0x3a, 
	0x49, 0x45, 0x5b, 0x6a, 0x6c, 0x60, 0x54, 0x6a, 
	0x5c, 0x7d, 0x69, 0x55, 0x66, 0x7b, 0x70, 0x5e, 
	0x5f, 0x68, 0x68, 0x77, 0x61, 0x54, 0x89, 0x5e, 
	0x3c, 0x51, 0x62, 0x67, 0x65, 0x65, 0x6d, 0x6e, 
	0x75, 0x6e, 0x5c, 0x76, 0x3e, 0x45, 0x49, 0x57, 
	0x57, 0x4e, 0x57, 0x5c, 0x67, 0x5b, 0x3d, 0x4e, 
	0x87, 0x7d, 0x63, 0x3d, 0x49, 0x4f, 0x47, 0x4e, 
	0x5b, 0x59, 0x65, 0x64, 0x79, 0xaa, 0x8d, 0x3c, 
	0x35, 0x42, 0x57, 0x66, 0x69, 0x68, 0x5d, 0x60, 
	0x51, 0x60, 0xa8, 0x81, 0x65, 0x65, 0x89, 0x5b, 
	0x6e, 0x78, 0x6e, 0x6c, 0x68, 0x5b, 0x7c, 0xa7, 
	0x77, 0x4a, 0x52, 0x74, 0x69, 0x6a, 0x6d, 0x80, 
	0x72, 0x6a, 0x56, 0x91, 0x74, 0x53, 0x3f, 0x41, 
	0x46, 0x56, 0x74, 0x7c, 0x7f, 0x5c, 0x45, 0x44, 
	0x57, 0xa1, 0x89, 0x66, 0x3f, 0x3f, 0x54, 0x51, 
	0x51, 0x5c, 0x5e, 0x5f, 0x4e, 0x8b, 0xae, 0x8c, 
	0x44, 0x40, 0x4e, 0x73, 0x70, 0x76, 0x68, 0x63, 
	0x61, 0x50, 0x8e, 0xae, 0x87, 0x61, 0x77, 0x6e, 
	0x7a, 0x78, 0x74, 0x71, 0x61, 0x55, 0x55, 0x9f, 
	0x9e, 0x72, 0x44, 0x58, 0x69, 0x80, 0x69, 0x59, 
	0x62, 0x5c, 0x5a, 0x73, 0xb0, 0x7f, 0x49, 0x48, 
	0x3f, 0x54, 0x62, 0x63, 0x76, 0x60, 0x52, 0x45, 
	0x56, 0x78, 0xbd, 0x9e, 0x5a, 0x3d, 0x60, 0x49, 
	0x45, 0x4b, 0x57, 0x78, 0x62, 0x56, 0xaa, 0xb0, 
	0x7a, 0x3e, 0x4e, 0x6b, 0x74, 0x6b, 0x69, 0x6a, 
	0x68, 0x60, 0x59, 0x98, 0xa1, 0x8a, 0x60, 0x61, 
	0x6f, 0x70, 0x69, 0x6f, 0x6b, 0x5d, 0x54, 0x6b, 
	0xb4, 0xa9, 0x6e, 0x3c, 0x67, 0x59, 0x55, 0x5b, 
	0x62, 0x59, 0x53, 0x53, 0x82, 0xbb, 0x8e, 0x45, 
	0x38, 0x52, 0x7b, 0x61, 0x72, 0x5e, 0x4d, 0x54, 
	0x73, 0x51, 0x79, 0xb0, 0xae, 0x56, 0x5e, 0x50, 
	0x4e, 0x4a, 0x4a, 0x4e, 0x4f, 0x4d, 0x60, 0x9e, 
	0xba, 0x74, 0x45, 0x6a, 0x80, 0x69, 0x62, 0x65, 
	0x75, 0x6d, 0x63, 0x67, 0x96, 0xa7, 0x89, 0x58, 
	0x6a, 0x67, 0x74, 0x69, 0x58, 0x60, 0x5e, 0x55, 
	0x68, 0xaa, 0xac, 0x54, 0x50, 0x60, 0x66, 0x6e, 
	0x64, 0x63, 0x6e, 0x5e, 0x53, 0x71, 0xae, 0x98, 
	0x40, 0x52, 0x58, 0x59, 0x67, 0x50, 0x47, 0x55, 
	0x3f, 0x4a, 0x49, 0x50, 0x82, 0x92, 0x4f, 0x55, 
	0x69, 0x59, 0x3e, 0x4e, 0x54, 0x5e, 0x4b, 0x4d, 
	0x77, 0xa8, 0x77, 0x68, 0x6f, 0x63, 0x51, 0x48, 
	0x4f, 0x5c, 0x68, 0x66, 0x67, 0x7b, 0x94, 0x79, 
	0x6a, 0x5e, 0x5b, 0x6e, 0x4f, 0x53, 0x58, 0x57, 
	0x48, 0x50, 0x80, 0x9f, 0x51, 0x4e, 0x54, 0x58, 
	0x50, 0x3f, 0x52, 0x54, 0x57, 0x53, 0x63, 0x8e, 
	0x83, 0x4b, 0x62, 0x5b, 0x4f, 0x45, 0x45, 0x51, 
	0x44, 0x45, 0x49, 0x46, 0x4a, 0x6c, 0x61, 0x52, 
	0x4a, 0x49, 0x40, 0x5a, 0x55, 0x6b, 0x58, 0x53, 
	0x77, 0x60, 0x5a, 0x7a, 0x70, 0x5e, 0x44, 0x55, 
	0x75, 0x53, 0x74, 0x6e, 0x8b, 0x72, 0x7e, 0x69, 
	0x5f, 0x54, 0x46, 0x4b, 0x63, 0x57, 0x4a, 0x6c, 
	0x52, 0x54, 0x56, 0x59, 0x5b, 0x4f, 0x43, 0x3a, 
	0x3d, 0x60, 0x44, 0x59, 0x64, 0x5d, 0x4a, 0x3d, 
	0x3d, 0x3c, 0x4d, 0x4a, 0x3c, 0x44, 0x78, 0x4e, 
	0x49, 0x5c, 0x64, 0x5e, 0x65, 0x78, 0x70, 0x58, 
	0x49, 0x5b, 0x90, 0x88, 0x4f, 0x5f, 0x5d, 0x73, 
	0x62, 0x82, 0x79, 0x6d, 0x62, 0x44, 0x64, 0x9a, 
	0x5f, 0x5d, 0x65, 0x8a, 0x7c, 0x82, 0x80, 0x7c, 
	0x58, 0x44, 0x56, 0x7b, 0x8d, 0x51, 0x57, 0x6d, 
	0x65, 0x65, 0x65, 0x59, 0x5e, 0x4f, 0x41, 0x60, 
	0x93, 0x6b, 0x4c, 0x49, 0x58, 0x4e, 0x51, 0x42, 
	0x40, 0x41, 0x43, 0x3c, 0x5e, 0x94, 0x78, 0x53, 
	0x60, 0x75, 0x62, 0x70, 0x6b, 0x7b, 0x68, 0x59, 
	0x5d, 0xa5, 0xad, 0x70, 0x63, 0x68, 0x66, 0x6a, 
	0x5e, 0x58, 0x79, 0x6b, 0x51, 0x80, 0xa1, 0x8d, 
	0x51, 0x6e, 0x80, 0x7d, 0x80, 0x88, 0x8c, 0x7c, 
	0x42, 0x4e, 0x8d, 0xa3, 0x6b, 0x6a, 0x61, 0x6f, 
	0x67, 0x6d, 0x67, 0x6b, 0x52, 0x44, 0x61, 0xa5, 
	0x8a, 0x45, 0x4d, 0x4f, 0x52, 0x65, 0x56, 0x3c, 
	0x3f, 0x36, 0x3c, 0x72, 0xa7, 0xa5, 0x54, 0x51, 
	0x57, 0x6f, 0x78, 0x7d, 0x6a, 0x60, 0x50, 0x50, 
	0xb5, 0xb7, 0x67, 0x6a, 0x73, 0x63, 0x51, 0x5b, 
	0x73, 0x7b, 0x88, 0x66, 0x75, 0xb5, 0xb0, 0x61, 
	0x5e, 0x68, 0x7b, 0x87, 0x81, 0x7b, 0x83, 0x7a, 
	0x48, 0x88, 0x9d, 0x77, 0x5f, 0x69, 0x6a, 0x71, 
	0x66, 0x5e, 0x73, 0x75, 0x5a, 0x54, 0x9e, 0xb0, 
	0x75, 0x4b, 0x4a, 0x59, 0x67, 0x59, 0x5e, 0x5b, 
	0x46, 0x3e, 0x5b, 0xa1, 0xb8, 0x6e, 0x63, 0x66, 
	0x62, 0x69, 0x82, 0x6f, 0x70, 0x77, 0x53, 0x9b, 
	0xb1, 0x78, 0x51, 0x72, 0x74, 0x6c, 0x59, 0x5b, 
	0x74, 0x72, 0x6d, 0x51, 0xb5, 0xa8, 0x65, 0x57, 
	0x5a, 0x58, 0x64, 0x70, 0x7b, 0x7e, 0x71, 0x70, 
	0x72, 0xb4, 0x84, 0x5d, 0x5c, 0x66, 0x70, 0x6c, 
	0x79, 0x7b, 0x66, 0x71, 0x55, 0x98, 0xb3, 0x79, 
	0x48, 0x3a, 0x4c, 0x54, 0x58, 0x54, 0x57, 0x6d, 
	0x4d, 0x4d, 0xa9, 0xaa, 0x65, 0x4b, 0x5a, 0x75, 
	0x56, 0x4b, 0x53, 0x68, 0x76, 0x76, 0x84, 0x93, 
	0x62, 0x5d, 0x60, 0x60, 0x60, 0x55, 0x51, 0x4c, 
	0x5b, 0x65, 0x51, 0x93, 0x89, 0x61, 0x54, 0x70, 
	0x74, 0x5a, 0x59, 0x6d, 0x87, 0x74, 0x74, 0x73, 
	0xa0, 0x67, 0x52, 0x73, 0x6b, 0x64, 0x68, 0x78, 
	0x84, 0x83, 0x6d, 0x67, 0x7d, 0x8f, 0x5a, 0x4c, 
	0x4c, 0x38, 0x49, 0x50, 0x49, 0x59, 0x5b, 0x61, 
	0x4e, 0x8e, 0x88, 0x49, 0x45, 0x57, 0x54, 0x4d, 
	0x35, 0x49, 0x44, 0x62, 0x6d, 0x73, 0x74, 0x67, 
	0x66, 0x62, 0x59, 0x6c, 0x69, 0x48, 0x40, 0x4f, 
	0x5d, 0x65, 0x63, 0x54, 0x5b, 0x62, 0x5f, 0x73, 
	0x63, 0x5f, 0x3c, 0x67, 0x71, 0x7f, 0x60, 0x72, 
	0x5b, 0x51, 0x56, 0x63, 0x6c, 0x4d, 0x4d, 0x3c, 
	0x5d, 0x59, 0x62, 0x67, 0x54, 0x43, 0x53, 0x44, 
	0x4b, 0x4b, 0x4c, 0x3e, 0x48, 0x43, 0x3c, 0x3e, 
	0x46, 0x4a, 0x50, 0x50, 0x4e, 0x4c, 0x4c, 0x62, 
	0x88, 0x50, 0x3b, 0x51, 0x5b, 0x6b, 0x61, 0x62, 
	0x65, 0x67, 0x64, 0x65, 0x79, 0x9f, 0x5d, 0x3d, 
	0x4d, 0x57, 0x5f, 0x64, 0x64, 0x5e, 0x70, 0x5f, 
	0x52, 0x98, 0x66, 0x47, 0x5d, 0x9c, 0x82, 0x65, 
	0x5e, 0x70, 0x6e, 0x74, 0x72, 0x5d, 0x7e, 0x69, 
	0x37, 0x47, 0x56, 0x6b, 0x74, 0x70, 0x62, 0x53, 
	0x5b, 0x53, 0x5c, 0x9c, 0x60, 0x3c, 0x3e, 0x43, 
	0x3b, 0x43, 0x50, 0x5e, 0x6b, 0x67, 0x55, 0x66, 
	0xa5, 0x93, 0x54, 0x48, 0x65, 0x61, 0x65, 0x5d, 
	0x69, 0x66, 0x5f, 0x53, 0x54, 0x96, 0xab, 0x78, 
	0x3e, 0x59, 0x50, 0x69, 0x72, 0x73, 0x63, 0x62, 
	0x55, 0x71, 0xa4, 0x76, 0x5a, 0x70, 0xa9, 0x83, 
	0x6b, 0x66, 0x67, 0x6f, 0x67, 0x59, 0x5c, 0xa8, 
	0x87, 0x54, 0x38, 0x54, 0x70, 0x65, 0x63, 0x5f, 
	0x5a, 0x4d, 0x49, 0x91, 0x92, 0x6b, 0x40, 0x3f, 
	0x3f, 0x42, 0x66, 0x6a, 0x6d, 0x62, 0x57, 0x4e, 
	0x7b, 0xab, 0xa4, 0x63, 0x40, 0x4d, 0x56, 0x60, 
	0x69, 0x60, 0x6f, 0x5c, 0x5a, 0x69, 0xb3, 0xad, 
	0x78, 0x42, 0x4a, 0x78, 0x73, 0x57, 0x53, 0x5b, 
	0x61, 0x4c, 0xa4, 0xa8, 0x89, 0x66, 0x9f, 0xa8, 
	0x88, 0x85, 0x7d, 0x6c, 0x70, 0x69, 0x65, 0x84, 
	0xa7, 0x8a, 0x61, 0x6a, 0x74, 0x96, 0x94, 0x6e, 
	0x63, 0x5a, 0x55, 0x66, 0xac, 0x97, 0x74, 0x57, 
	0x4b, 0x5b, 0x9e, 0x93, 0x7c, 0x71, 0x6c, 0x69, 
	0x4a, 0x90, 0xb6, 0xa1, 0x67, 0x61, 0x7c, 0x8b, 
	0x70, 0x72, 0x65, 0x72, 0x6c, 0x5b, 0x77, 0xb1, 
	0xa4, 0x66, 0x58, 0x7c, 0x79, 0x68, 0x65, 0x7c, 
	0x7d, 0x63, 0x79, 0xa4, 0xa1, 0x81, 0x82, 0xa2, 
	0xa2, 0x80, 0x72, 0x7e, 0x7f, 0x7a, 0x78, 0x83, 
	0x9b, 0xa1, 0x85, 0x65, 0x98, 0x94, 0x76, 0x6e, 
	0x6a, 0x5d, 0x66, 0x62, 0x79, 0xa3, 0x9a, 0x72, 
	0x55, 0xa5, 0x95, 0x6e, 0x69, 0x6f, 0x66, 0x66, 
	0x50, 0x5d, 0x80, 0xa8, 0x9a, 0x77, 0x79, 0x7a, 
	0x70, 0x7b, 0x74, 0x7a, 0x78, 0x57, 0x5a, 0x79, 
	0xa0, 0x9c, 0x66, 0x61, 0x70, 0x77, 0x73, 0x80, 
	0x76, 0x59, 0x6a, 0x70, 0x8d, 0x89, 0x7c, 0x7e, 
	0x75, 0x6a, 0x68, 0x71, 0x74, 0x73, 0x64, 0x59, 
	0x71, 0x89, 0xa1, 0x85, 0x5f, 0x59, 0x6c, 0x57, 
	0x5a, 0x59, 0x63, 0x59, 0x60, 0x70, 0x9e, 0x97, 
	0x5e, 0x62, 0x73, 0x66, 0x61, 0x6d, 0x5d, 0x61, 
	0x90, 0x69, 0x5f, 0x65, 0x6a, 0x7d, 0x74, 0x7f, 
	0x76, 0x78, 0x73, 0x6a, 0x95, 0x94, 0x74, 0x60, 
	0x64, 0x6c, 0x6c, 0x6b, 0x6a, 0x6d, 0x78, 0x64, 
	0x60, 0x93, 0x6a, 0x56, 0x63, 0x9c, 0x88, 0x74, 
	0x63, 0x81, 0x73, 0x75, 0x6c, 0x5e, 0x89, 0x55, 
	0x55, 0x5c, 0x5a, 0x6d, 0x6b, 0x71, 0x69, 0x55, 
	0x4d, 0x45, 0x73, 0x81, 0x70, 0x5b, 0x5f, 0x68, 
	0x5c, 0x63, 0x5d, 0x6a, 0x6d, 0x71, 0x4a, 0x77, 
	0xa0, 0x8a, 0x64, 0x6c, 0x7b, 0x73, 0x71, 0x63, 
	0x5f, 0x5b, 0x56, 0x60, 0x67, 0x8f, 0x72, 0x61, 
	0x5e, 0x5e, 0x61, 0x5f, 0x5f, 0x59, 0x50, 0x5c, 
	0x5d, 0x6e, 0x6d, 0x6b, 0x70, 0x78, 0x7f, 0x72, 
	0x6f, 0x67, 0x58, 0x63, 0x63, 0x52, 0x64, 0x6b, 
	0x71, 0x54, 0x49, 0x49, 0x54, 0x59, 0x4f, 0x44, 
	0x43, 0x60, 0x52, 0x60, 0x72, 0x57, 0x59, 0x67, 
	0x67, 0x66, 0x5c, 0x60, 0x48, 0x4a, 0x52, 0x50, 
	0x75, 0x73, 0x7b, 0x76, 0x72, 0x6a, 0x71, 0x5e, 
	0x49, 0x5d, 0x87, 0x72, 0x56, 0x6c, 0x54, 0x5c, 
	0x5d, 0x66, 0x55, 0x51, 0x49, 0x48, 0x6f, 0x82, 
	0x5b, 0x5b, 0x66, 0x69, 0x7b, 0x75, 0x7c, 0x6a, 
	0x51, 0x42, 0x6d, 0x84, 0x62, 0x60, 0x5a, 0x57, 
	0x5d, 0x5e, 0x3c, 0x45, 0x4a, 0x52, 0x41, 0x59, 
	0x8a, 0x72, 0x5a, 0x65, 0x6f, 0x67, 0x6c, 0x77, 
	0x68, 0x6a, 0x65, 0x52, 0x53, 0x7f, 0x7d, 0x55, 
	0x67, 0x67, 0x6f, 0x6c, 0x75, 0x74, 0x63, 0x49, 
	0x6c, 0x88, 0x85, 0x54, 0x5f, 0x67, 0x6d, 0x78, 
	0x70, 0x6d, 0x61, 0x4c, 0x51, 0x73, 0x87, 0x71, 
	0x51, 0x61, 0x63, 0x63, 0x79, 0x81, 0x7e, 0x5e, 
	0x44, 0x6e, 0x8a, 0x76, 0x78, 0x56, 0x55, 0x5b, 
	0x64, 0x48, 0x3f, 0x46, 0x44, 0x45, 0x66, 0x90, 
	0x98, 0x5c, 0x58, 0x61, 0x71, 0x87, 0x80, 0x7c, 
	0x6f, 0x51, 0x4a, 0x57, 0x82, 0x9a, 0x6a, 0x61, 
	0x60, 0x69, 0x8d, 0x9b, 0x75, 0x6c, 0x4a, 0x60, 
	0x99, 0xa1, 0x60, 0x54, 0x7c, 0x76, 0x88, 0x66, 
	0x6f, 0x64, 0x57, 0x41, 0x76, 0x90, 0x8b, 0x5a, 
	0x57, 0x6b, 0x69, 0x76, 0x73, 0x84, 0x7f, 0x60, 
	0x5d, 0x9c, 0x98, 0x57, 0x53, 0x59, 0x52, 0x59, 
	0x5c, 0x52, 0x54, 0x51, 0x4a, 0x5e, 0x99, 0xa6, 
	0x58, 0x5e, 0x5e, 0x59, 0x6d, 0x6f, 0x81, 0x78, 
	0x5b, 0x49, 0x49, 0x81, 0xad, 0x88, 0x6e, 0x78, 
	0x61, 0x73, 0x82, 0x7f, 0x7c, 0x66, 0x4e, 0xa0, 
	0xa6, 0x78, 0x5b, 0x5c, 0x7f, 0x7b, 0x73, 0x63, 
	0x69, 0x6e, 0x59, 0x65, 0xa1, 0x7f, 0x5c, 0x5b, 
	0x61, 0x6d, 0x71, 0x82, 0x83, 0x87, 0x83, 0x70, 
	0x9c, 0x9b, 0x65, 0x4f, 0x48, 0x54, 0x4a, 0x4b, 
	0x49, 0x59, 0x54, 0x4a, 0x52, 0x9b, 0x9f, 0x62, 
	0x65, 0x7d, 0x6a, 0x67, 0x74, 0x7d, 0x7a, 0x6c, 
	0x66, 0x47, 0x8f, 0xac, 0x74, 0x5f, 0x60, 0x73, 
	0x58, 0x54, 0x77, 0x79, 0x6d, 0x67, 0x93, 0x8f, 
	0x60, 0x56, 0x5b, 0x62, 0x54, 0x54, 0x6a, 0x63, 
	0x61, 0x6d, 0x64, 0xa0, 0x6c, 0x55, 0x64, 0x6a, 
	0x6d, 0x58, 0x4f, 0x65, 0x8b, 0x88, 0x79, 0x92, 
	0x7c, 0x50, 0x57, 0x53, 0x58, 0x53, 0x5b, 0x4c, 
	0x4a, 0x5b, 0x4c, 0x42, 0x93, 0x8e, 0x62, 0x60, 
	0x64, 0x6a, 0x6e, 0x59, 0x6c, 0x68, 0x75, 0x66, 
	0x52, 0x81, 0x9c, 0x6c, 0x77, 0x67, 0x73, 0x62, 
	0x45, 0x3f, 0x49, 0x66, 0x6c, 0x92, 0x66, 0x5d, 
	0x60, 0x60, 0x6d, 0x58, 0x60, 0x3d, 0x44, 0x5c, 
	0x71, 0x6c, 0x68, 0x5e, 0x6c, 0x6b, 0x85, 0x7c, 
	0x5b, 0x65, 0x42, 0x5a, 0x75, 0x79, 0x73, 0x65, 
	0x62, 0x59, 0x5e, 0x5d, 0x68, 0x65, 0x4b, 0x3c, 
	0x54, 0x51, 0x64, 0x69, 0x62, 0x5b, 0x58, 0x63, 
	0x74, 0x64, 0x6c, 0x42, 0x46, 0x5b, 0x69, 0x5f, 
	0x5d, 0x75, 0x57, 0x59, 0x6f, 0x79, 0x68, 0x65, 
	0x8b, 0x47, 0x39, 0x67, 0x80, 0x82, 0x73, 0x60, 
	0x69, 0x7a, 0x71, 0x54, 0x66, 0x8b, 0x4e, 0x37, 
	0x4d, 0x7b, 0x76, 0x76, 0x6d, 0x6a, 0x69, 0x63, 
	0x5a, 0x8b, 0x6a, 0x3e, 0x4f, 0x81, 0x8b, 0x70, 
	0x69, 0x67, 0x70, 0x6d, 0x79, 0x78, 0x97, 0x59, 
	0x39, 0x5a, 0x5b, 0x69, 0x58, 0x5b, 0x6a, 0x70, 
	0x72, 0x65, 0x6c, 0x91, 0x44, 0x38, 0x51, 0x63, 
	0x69, 0x5c, 0x69, 0x66, 0x73, 0x72, 0x6e, 0x6a, 
	0x9b, 0x94, 0x52, 0x48, 0x5b, 0x65, 0x6c, 0x7c, 
	0x72, 0x78, 0x76, 0x5f, 0x44, 0x9d, 0x95, 0x57, 
	0x3f, 0x79, 0x7e, 0x71, 0x6c, 0x72, 0x73, 0x6d, 
	0x5e, 0x63, 0xab, 0x7b, 0x4c, 0x5f, 0xa5, 0x7d, 
	0x67, 0x70, 0x73, 0x78, 0x7b, 0x7d, 0x70, 0xa6, 
	0x5a, 0x36, 0x46, 0x62, 0x65, 0x6e, 0x67, 0x73, 
	0x77, 0x67, 0x54, 0x9b, 0x8b, 0x5b, 0x43, 0x5b, 
	0x73, 0x6b, 0x66, 0x71, 0x6c, 0x6b, 0x71, 0x59, 
	0x71, 0xb3, 0x91, 0x57, 0x43, 0x49, 0x71, 0x83, 
	0x82, 0x74, 0x5d, 0x71, 0x5b, 0x73, 0xb7, 0x92, 
	0x61, 0x46, 0x50, 0x74, 0x80, 0x74, 0x6c, 0x68, 
	0x63, 0x72, 0x93, 0xae, 0x83, 0x6e, 0x8c, 0xa2, 
	0x6e, 0x7b, 0x80, 0x75, 0x72, 0x7b, 0x57, 0x8f, 
	0x99, 0x71, 0x3c, 0x56, 0x62, 0x6b, 0x6d, 0x74, 
	0x71, 0x73, 0x54, 0x73, 0xaf, 0x95, 0x4c, 0x3a, 
	0x62, 0x5e, 0x66, 0x6e, 0x6f, 0x66, 0x62, 0x66, 
	0x6b, 0x7d, 0xb8, 0x9b, 0x47, 0x4b, 0x69, 0x79, 
	0x74, 0x73, 0x76, 0x74, 0x62, 0x5e, 0x7e, 0xbe, 
	0x94, 0x46, 0x46, 0x6b, 0x6a, 0x62, 0x72, 0x68, 
	0x68, 0x6e, 0x6c, 0x9c, 0xb5, 0x88, 0x74, 0x8d, 
	0x7e, 0x70, 0x77, 0x7d, 0x7b, 0x71, 0x58, 0x5c, 
	0xa1, 0xab, 0x6e, 0x42, 0x4b, 0x6c, 0x6f, 0x7c, 
	0x73, 0x72, 0x5b, 0x61, 0x7d, 0xbb, 0x9e, 0x41, 
	0x46, 0x6b, 0x6b, 0x64, 0x6c, 0x72, 0x5c, 0x5f, 
	0x5e, 0x63, 0x6d, 0xad, 0xad, 0x4c, 0x52, 0x64, 
	0x6f, 0x69, 0x60, 0x68, 0x59, 0x5b, 0x6a, 0x7f, 
	0xaf, 0xa3, 0x46, 0x47, 0x6e, 0x55, 0x60, 0x5b, 
	0x69, 0x71, 0x7e, 0x77, 0xa1, 0xaf, 0x94, 0x79, 
	0x7c, 0x75, 0x73, 0x70, 0x62, 0x61, 0x5b, 0x59, 
	0x62, 0x90, 0xb0, 0x6e, 0x47, 0x4f, 0x58, 0x71, 
	0x66, 0x70, 0x67, 0x5e, 0x5b, 0x6f, 0xb0, 0x9e, 
	0x47, 0x5d, 0x66, 0x71, 0x70, 0x68, 0x5e, 0x61, 
	0x5e, 0x63, 0x5b, 0x57, 0x75, 0x7d, 0x51, 0x5d, 
	0x58, 0x4c, 0x48, 0x47, 0x5c, 0x5e, 0x6f, 0x6b, 
	0x66, 0x77, 0x7b, 0x4b, 0x63, 0x53, 0x59, 0x51, 
	0x5b, 0x76, 0x82, 0x7d, 0x72, 0x81, 0x99, 0x7f, 
	0x63, 0x57, 0x59, 0x55, 0x4c, 0x49, 0x55, 0x62, 
	0x58, 0x6b, 0x5a, 0x8c, 0x4f, 0x5d, 0x59, 0x5f, 
	0x60, 0x67, 0x60, 0x67, 0x5b, 0x4d, 0x54, 0x87, 
	0x81, 0x61, 0x79, 0x5f, 0x60, 0x4f, 0x3f, 0x47, 
	0x5f, 0x53, 0x6a, 0x68, 0x56, 0x51, 0x54, 0x59, 
	0x56, 0x45, 0x48, 0x72, 0x60, 0x68, 0x6e, 0x63, 
	0x5c, 0x54, 0x56, 0x52, 0x64, 0x57, 0x45, 0x4d, 
	0x84, 0x86, 0x8a, 0x67, 0x74, 0x7f, 0x93, 0x7a, 
	0x65, 0x60, 0x47, 0x4a, 0x69, 0x5c, 0x69, 0x54, 
	0x4e, 0x60, 0x60, 0x5e, 0x57, 0x5f, 0x52, 0x52, 
	0x3f, 0x63, 0x73, 0x6c, 0x68, 0x63, 0x62, 0x84, 
	0x82, 0x69, 0x73, 0x63, 0x4a, 0x46, 0x66, 0x5c, 
	0x54, 0x5b, 0x60, 0x72, 0x65, 0x61, 0x59, 0x42, 
	0x42, 0x71, 0x8e, 0x70, 0x74, 0x61, 0x61, 0x5c, 
	0x4d, 0x4d, 0x56, 0x5b, 0x4a, 0x3e, 0x61, 0x95, 
	0x7b, 0x75, 0x8e, 0x81, 0x7d, 0x79, 0x93, 0x86, 
	0x6d, 0x44, 0x5b, 0x83, 0x74, 0x58, 0x62, 0x5b, 
	0x5c, 0x6c, 0x76, 0x60, 0x75, 0x63, 0x46, 0x6a, 
	0x91, 0x77, 0x62, 0x62, 0x68, 0x65, 0x6b, 0x69, 
	0x72, 0x73, 0x57, 0x43, 0x5c, 0x8b, 0x86, 0x70, 
	0x52, 0x59, 0x74, 0x79, 0x6d, 0x58, 0x51, 0x48, 
	0x79, 0x9d, 0x9d, 0x71, 0x77, 0x60, 0x50, 0x55, 
	0x53, 0x49, 0x51, 0x51, 0x40, 0x62, 0x94, 0xaf, 
	0x78, 0x78, 0x87, 0x82, 0x80, 0x7e, 0x89, 0x8b, 
	0x75, 0x58, 0x82, 0xa4, 0x64, 0x68, 0x72, 0x72, 
	0x5b, 0x51, 0x79, 0x67, 0x52, 0x5e, 0x6f, 0x8b, 
	0x93, 0x50, 0x74, 0x67, 0x77, 0x7e, 0x76, 0x6a, 
	0x6a, 0x65, 0x4e, 0x5d, 0x94, 0xad, 0x7d, 0x4f, 
	0x63, 0x6d, 0x66, 0x68, 0x65, 0x61, 0x48, 0x71, 
	0xa8, 0xa8, 0x61, 0x59, 0x78, 0x70, 0x57, 0x50, 
	0x52, 0x49, 0x4f, 0x38, 0x4c, 0x88, 0xa5, 0x6b, 
	0x56, 0x5e, 0x8f, 0x82, 0x79, 0x6a, 0x90, 0x85, 
	0x79, 0x81, 0xac, 0x77, 0x64, 0x7f, 0x73, 0x6f, 
	0x66, 0x6e, 0x78, 0x69, 0x54, 0x48, 0x89, 0x9e, 
	0x62, 0x59, 0x6b, 0x7c, 0x72, 0x80, 0x77, 0x63, 
	0x6a, 0x48, 0x57, 0x8f, 0xab, 0x76, 0x51, 0x6f, 
	0x7d, 0x73, 0x7f, 0x61, 0x72, 0x5d, 0x54, 0xb0, 
	0xa2, 0x69, 0x62, 0x5d, 0x62, 0x6d, 0x59, 0x5c, 
	0x5b, 0x4c, 0x3a, 0x32, 0x8c, 0x9d, 0x69, 0x5d, 
	0x6d, 0x66, 0x90, 0x7f, 0x7b, 0x73, 0x8a, 0x85, 
	0x84, 0xa9, 0x6e, 0x5e, 0x5d, 0x72, 0x75, 0x6e, 
	0x77, 0x69, 0x79, 0x6c, 0x4a, 0x95, 0xab, 0x76, 
	0x53, 0x6d, 0x66, 0x78, 0x6e, 0x7a, 0x7a, 0x67, 
	0x4e, 0x3c, 0x91, 0xad, 0x78, 0x60, 0x67, 0x71, 
	0x54, 0x6a, 0x7f, 0x6e, 0x6e, 0x66, 0x95, 0x8a, 
	0x62, 0x6b, 0x62, 0x52, 0x4a, 0x59, 0x5f, 0x5f, 
	0x5d, 0x56, 0x41, 0x62, 0x72, 0x4d, 0x4c, 0x62, 
	0x66, 0x59, 0x67, 0x74, 0x81, 0x5e, 0x7b, 0x7f, 
	0x95, 0x64, 0x52, 0x68, 0x62, 0x63, 0x55, 0x5c, 
	0x62, 0x6e, 0x6d, 0x6b, 0x71, 0x82, 0x5e, 0x4c, 
	0x5b, 0x59, 0x4f, 0x60, 0x74, 0x73, 0x76, 0x6c, 
	0x55, 0x65, 0x88, 0x5d, 0x55, 0x62, 0x5c, 0x50, 
	0x41, 0x44, 0x64, 0x7d, 0x6a, 0x5d, 0x54, 0x5f, 
	0x63, 0x64, 0x6e, 0x43, 0x5f, 0x36, 0x44, 0x4c, 
	0x52, 0x54, 0x54, 0x49, 0x52, 0x4e, 0x54, 0x59, 
	0x6c, 0x79, 0x4e, 0x61, 0x73, 0x75, 0x79, 0x78, 
	0x78, 0x6d, 0x53, 0x76, 0x64, 0x5b, 0x72, 0x3d, 
	0x43, 0x5e, 0x6c, 0x70, 0x64, 0x54, 0x57, 0x58, 
	0x6a, 0x4c, 0x62, 0x42, 0x4c, 0x5c, 0x61, 0x63, 
	0x63, 0x5a, 0x5f, 0x5d, 0x5e, 0x61, 0x5f, 0x6c, 
	0x9f, 0x5c, 0x3c, 0x55, 0x5a, 0x63, 0x64, 0x63, 
	0x69, 0x6d, 0x64, 0x48, 0x65, 0x88, 0x52, 0x3c, 
	0x4c, 0x53, 0x5c, 0x5d, 0x5b, 0x5b, 0x51, 0x52, 
	0x4f, 0x93, 0x78, 0x4d, 0x52, 0x65, 0x74, 0x6b, 
	0x6e, 0x71, 0x61, 0x64, 0x5e, 0x52, 0x87, 0x86, 
	0x4d, 0x37, 0x42, 0x5b, 0x65, 0x54, 0x5e, 0x60, 
	0x60, 0x4e, 0x5f, 0x98, 0x63, 0x46, 0x57, 0x5f, 
	0x6a, 0x6b, 0x68, 0x6b, 0x5f, 0x64, 0x68, 0x7c, 
	0xa5, 0x9c, 0x68, 0x3f, 0x5d, 0x6d, 0x6d, 0x5b, 
	0x7b, 0x70, 0x69, 0x4d, 0x58, 0x9e, 0x8c, 0x5e, 
	0x3a, 0x55, 0x57, 0x65, 0x65, 0x60, 0x63, 0x4e, 
	0x51, 0x74, 0xab, 0x76, 0x5e, 0x50, 0x76, 0x7e, 
	0x78, 0x5b, 0x7c, 0x75, 0x70, 0x51, 0x4b, 0xa4, 
	0x94, 0x6d, 0x38, 0x51, 0x75, 0x6d, 0x71, 0x70, 
	0x6b, 0x5c, 0x5d, 0xa5, 0x9e, 0x6e, 0x42, 0x5c, 
	0x5e, 0x6e, 0x73, 0x6c, 0x77, 0x68, 0x62, 0x57, 
	0x79, 0xb4, 0x9b, 0x51, 0x59, 0x8a, 0x6f, 0x6c, 
	0x6e, 0x7c, 0x61, 0x59, 0x4f, 0x57, 0xa6, 0x8a, 
	0x5b, 0x48, 0x70, 0x79, 0x73, 0x6f, 0x5b, 0x4e, 
	0x5c, 0x54, 0x8c, 0xb0, 0x79, 0x48, 0x61, 0xa5, 
	0x8f, 0x7d, 0x74, 0x6f, 0x69, 0x66, 0x4a, 0x7a, 
	0xb2, 0x82, 0x54, 0x41, 0x54, 0x70, 0x80, 0x7f, 
	0x6d, 0x66, 0x63, 0x5c, 0xab, 0x98, 0x66, 0x47, 
	0x75, 0x7f, 0x7a, 0x77, 0x6b, 0x78, 0x70, 0x61, 
	0x70, 0x84, 0xb9, 0xa2, 0x51, 0x81, 0x82, 0x6a, 
	0x6b, 0x69, 0x63, 0x54, 0x4a, 0x47, 0x66, 0xb6, 
	0xa5, 0x50, 0x53, 0x72, 0x71, 0x6a, 0x62, 0x5f, 
	0x63, 0x63, 0x53, 0x84, 0xb7, 0x85, 0x45, 0x79, 
	0xb0, 0x85, 0x6c, 0x82, 0x63, 0x6f, 0x65, 0x52, 
	0x78, 0xb6, 0x94, 0x3f, 0x50, 0x61, 0x62, 0x82, 
	0x73, 0x7a, 0x5d, 0x5a, 0x62, 0xb0, 0xb3, 0x5a, 
	0x51, 0x74, 0x6e, 0x67, 0x62, 0x79, 0x75, 0x74, 
	0x5c, 0x58, 0x82, 0xa4, 0xb1, 0x69, 0x75, 0x7f, 
	0x6f, 0x51, 0x61, 0x52, 0x5f, 0x62, 0x5b, 0x66, 
	0x9e, 0xb2, 0x61, 0x57, 0x68, 0x61, 0x60, 0x4f, 
	0x42, 0x5f, 0x54, 0x4a, 0x6e, 0xab, 0x8e, 0x55, 
	0x79, 0x8d, 0x64, 0x6c, 0x6a, 0x52, 0x6c, 0x69, 
	0x69, 0x6c, 0xa4, 0x94, 0x4a, 0x55, 0x5b, 0x71, 
	0x63, 0x6c, 0x6d, 0x66, 0x5b, 0x61, 0x9a, 0xb4, 
	0x6a, 0x5f, 0x68, 0x6b, 0x6a, 0x65, 0x61, 0x79, 
	0x65, 0x61, 0x77, 0x72, 0x6d, 0x8a, 0x76, 0x74, 
	0x60, 0x50, 0x48, 0x45, 0x50, 0x79, 0x76, 0x70, 
	0x6b, 0x70, 0x6f, 0x54, 0x58, 0x4f, 0x4e, 0x45, 
	0x41, 0x48, 0x54, 0x57, 0x52, 0x65, 0x6c, 0x6c, 
	0x6d, 0x65, 0x4f, 0x51, 0x41, 0x48, 0x6c, 0x76, 
	0x6b, 0x62, 0x56, 0x64, 0x5f, 0x5e, 0x57, 0x62, 
	0x4f, 0x46, 0x51, 0x64, 0x69, 0x5c, 0x6b, 0x69, 
	0x72, 0x68, 0x65, 0x6c, 0x58, 0x49, 0x41, 0x5a, 
	0x58, 0x6c, 0x76, 0x70, 0x81, 0x7d, 0x6c, 0x6c, 
	0x65, 0x49, 0x51, 0x77, 0x4f, 0x78, 0x71, 0x64, 
	0x6b, 0x66, 0x73, 0x5f, 0x5b, 0x44, 0x46, 0x76, 
	0x60, 0x4b, 0x64, 0x62, 0x75, 0x6d, 0x81, 0x7a, 
	0x83, 0x65, 0x43, 0x56, 0x78, 0x51, 0x60, 0x75, 
	0x6d, 0x73, 0x6b, 0x69, 0x6d, 0x5c, 0x48, 0x42, 
	0x50, 0x77, 0x40, 0x45, 0x5d, 0x6f, 0x66, 0x7b, 
	0x74, 0x7c, 0x70, 0x4e, 0x44, 0x64, 0x6a, 0x55, 
	0x62, 0x58, 0x67, 0x68, 0x7b, 0x80, 0x7d, 0x67, 
	0x4d, 0x7f, 0x9d, 0x73, 0x4f, 0x69, 0x6d, 0x57, 
	0x60, 0x71, 0x75, 0x5c, 0x49, 0x55, 0x8b, 0x8a, 
	0x54, 0x64, 0x6b, 0x81, 0x90, 0x89, 0x80, 0x7f, 
	0x8f, 0x70, 0x6c, 0x94, 0x86, 0x61, 0x60, 0x75, 
	0x73, 0x7f, 0x6d, 0x70, 0x63, 0x48, 0x46, 0x7c, 
	0xa3, 0x6c, 0x49, 0x46, 0x59, 0x61, 0x6c, 0x7b, 
	0x6c, 0x67, 0x52, 0x46, 0x8b, 0x8d, 0x67, 0x53, 
	0x6c, 0x67, 0x60, 0x66, 0x68, 0x89, 0x7f, 0x54, 
	0x6c, 0x9f, 0x99, 0x56, 0x67, 0x6e, 0x7c, 0x6e, 
	0x62, 0x62, 0x70, 0x50, 0x5b, 0x9f, 0xa2, 0x72, 
	0x53, 0x65, 0x7b, 0x82, 0x85, 0x89, 0x86, 0x82, 
	0x87, 0x85, 0x98, 0x96, 0x59, 0x66, 0x76, 0x7b, 
	0x69, 0x6e, 0x79, 0x79, 0x60, 0x44, 0x7c, 0xa8, 
	0x8a, 0x4c, 0x44, 0x44, 0x5d, 0x61, 0x67, 0x71, 
	0x74, 0x66, 0x4d, 0x90, 0xa4, 0x8a, 0x53, 0x5a, 
	0x78, 0x82, 0x78, 0x65, 0x70, 0x6f, 0x61, 0x55, 
	0xb1, 0xa0, 0x5a, 0x4d, 0x5d, 0x7a, 0x7a, 0x7b, 
	0x63, 0x56, 0x57, 0x4c, 0x8e, 0xad, 0x79, 0x4b, 
	0x66, 0x73, 0x7a, 0x7a, 0x8f, 0x8e, 0x74, 0x78, 
	0x8e, 0xa1, 0xa7, 0x5e, 0x4a, 0x67, 0x7e, 0x81, 
	0x66, 0x7b, 0x75, 0x69, 0x51, 0x6b, 0xae, 0xa8, 
	0x72, 0x50, 0x5c, 0x53, 0x69, 0x72, 0x70, 0x6c, 
	0x63, 0x57, 0x7e, 0xbb, 0x8e, 0x71, 0x81, 0x78, 
	0x6d, 0x75, 0x70, 0x76, 0x70, 0x69, 0x57, 0xa8, 
	0x98, 0x5b, 0x51, 0x64, 0x75, 0x79, 0x7c, 0x70, 
	0x66, 0x5a, 0x4b, 0x80, 0xa3, 0x60, 0x5a, 0x56, 
	0x79, 0x75, 0x68, 0x6d, 0x77, 0x67, 0x72, 0x73, 
	0x90, 0x94, 0x59, 0x4c, 0x57, 0x6c, 0x70, 0x6b, 
	0x67, 0x89, 0x79, 0x6c, 0x5e, 0xa7, 0x93, 0x62, 
	0x50, 0x65, 0x70, 0x65, 0x65, 0x62, 0x7b, 0x70, 
	0x61, 0x83, 0xb3, 0x92, 0x66, 0x87, 0x78, 0x77, 
	0x58, 0x61, 0x68, 0x86, 0x75, 0x6d, 0x7d, 0x65, 
	0x4b, 0x53, 0x55, 0x5b, 0x5c, 0x54, 0x63, 0x68, 
	0x5f, 0x73, 0x5e, 0x75, 0x57, 0x60, 0x64, 0x67, 
	0x6f, 0x56, 0x60, 0x71, 0x6a, 0x61, 0x78, 0x7c, 
	0x88, 0x6f, 0x61, 0x63, 0x68, 0x5d, 0x42, 0x47, 
	0x4e, 0x62, 0x6b, 0x75, 0x85, 0x73, 0x4e, 0x53, 
	0x69, 0x62, 0x66, 0x4f, 0x56, 0x54, 0x66, 0x77, 
	0x5f, 0x81, 0x5c, 0x60, 0x5a, 0x82, 0x7d, 0x56, 
	
};

Gfx pitstop_dl_CastleCarpetRed_ci8_aligner[] = {gsSPEndDisplayList()};
u8 pitstop_dl_CastleCarpetRed_ci8[] = {
	0x00, 0x00, 0x00, 0x00, 0x01, 0x02, 0x00, 0x03, 
	0x03, 0x00, 0x00, 0x01, 0x00, 0x00, 0x03, 0x03, 
	0x00, 0x03, 0x03, 0x00, 0x01, 0x02, 0x00, 0x01, 
	0x03, 0x00, 0x01, 0x01, 0x00, 0x00, 0x00, 0x03, 
	0x03, 0x00, 0x01, 0x00, 0x01, 0x02, 0x04, 0x00, 
	0x00, 0x04, 0x04, 0x05, 0x00, 0x00, 0x03, 0x03, 
	0x03, 0x00, 0x03, 0x00, 0x01, 0x02, 0x00, 0x00, 
	0x00, 0x04, 0x04, 0x00, 0x00, 0x00, 0x00, 0x03, 
	0x03, 0x00, 0x00, 0x01, 0x00, 0x01, 0x00, 0x00, 
	0x00, 0x00, 0x01, 0x05, 0x00, 0x00, 0x00, 0x03, 
	0x03, 0x03, 0x00, 0x00, 0x00, 0x01, 0x00, 0x00, 
	0x01, 0x00, 0x00, 0x01, 0x05, 0x00, 0x00, 0x03, 
	0x03, 0x03, 0x00, 0x01, 0x05, 0x01, 0x00, 0x00, 
	0x00, 0x00, 0x02, 0x01, 0x00, 0x00, 0x00, 0x00, 
	0x03, 0x03, 0x00, 0x00, 0x05, 0x05, 0x00, 0x00, 
	0x00, 0x00, 0x04, 0x01, 0x01, 0x00, 0x00, 0x00, 
	0x00, 0x00, 0x00, 0x00, 0x00, 0x05, 0x00, 0x06, 
	0x04, 0x04, 0x04, 0x00, 0x00, 0x00, 0x00, 0x00, 
	0x00, 0x00, 0x00, 0x01, 0x00, 0x05, 0x05, 0x06, 
	0x04, 0x04, 0x04, 0x04, 0x00, 0x00, 0x00, 0x00, 
	0x00, 0x00, 0x05, 0x01, 0x04, 0x00, 0x02, 0x06, 
	0x04, 0x04, 0x00, 0x00, 0x00, 0x00, 0x00, 0x00, 
	0x00, 0x00, 0x05, 0x05, 0x00, 0x00, 0x02, 0x02, 
	0x06, 0x04, 0x00, 0x00, 0x00, 0x00, 0x00, 0x00, 
	0x00, 0x00, 0x00, 0x00, 0x00, 0x00, 0x00, 0x00, 
	0x00, 0x01, 0x00, 0x00, 0x01, 0x00, 0x00, 0x01, 
	0x00, 0x00, 0x00, 0x00, 0x00, 0x00, 0x00, 0x00, 
	0x00, 0x01, 0x00, 0x00, 0x05, 0x00, 0x00, 0x00, 
	0x00, 0x00, 0x00, 0x00, 0x00, 0x00, 0x00, 0x00, 
	0x00, 0x00, 0x00, 0x00, 0x01, 0x00, 0x05, 0x01, 
	0x00, 0x00, 0x00, 0x00, 0x00, 0x00, 0x00, 0x00, 
	0x00, 0x00, 0x00, 0x00, 0x01, 0x00, 0x01, 0x05, 
	0x00, 0x02, 0x00, 0x00, 0x00, 0x00, 0x00, 0x00, 
	0x04, 0x00, 0x00, 0x00, 0x00, 0x00, 0x01, 0x05, 
	0x00, 0x02, 0x00, 0x00, 0x00, 0x00, 0x02, 0x00, 
	0x04, 0x04, 0x00, 0x00, 0x00, 0x00, 0x00, 0x05, 
	0x02, 0x00, 0x00, 0x00, 0x07, 0x00, 0x00, 0x01, 
	0x01, 0x05, 0x05, 0x01, 0x00, 0x00, 0x00, 0x01, 
	0x00, 0x02, 0x00, 0x00, 0x07, 0x07, 0x00, 0x01, 
	0x01, 0x05, 0x05, 0x01, 0x00, 0x00, 0x00, 0x00, 
	0x00, 0x00, 0x00, 0x00, 0x00, 0x00, 0x00, 0x00, 
	0x00, 0x00, 0x04, 0x04, 0x00, 0x00, 0x00, 0x00, 
	0x00, 0x00, 0x00, 0x00, 0x00, 0x03, 0x00, 0x00, 
	0x00, 0x00, 0x04, 0x04, 0x00, 0x00, 0x00, 0x00, 
	0x00, 0x02, 0x00, 0x00, 0x00, 0x00, 0x00, 0x00, 
	0x03, 0x00, 0x04, 0x04, 0x03, 0x00, 0x00, 0x00, 
	0x00, 0x00, 0x04, 0x00, 0x00, 0x00, 0x00, 0x00, 
	0x03, 0x03, 0x04, 0x04, 0x03, 0x00, 0x00, 0x00, 
	0x00, 0x00, 0x00, 0x00, 0x00, 0x00, 0x00, 0x00, 
	0x00, 0x00, 0x03, 0x00, 0x00, 0x00, 0x00, 0x00, 
	0x00, 0x00, 0x00, 0x00, 0x03, 0x00, 0x00, 0x00, 
	0x00, 0x00, 0x03, 0x00, 0x00, 0x00, 0x00, 0x00, 
	0x00, 0x00, 0x01, 0x00, 0x00, 0x00, 0x00, 0x00, 
	0x00, 0x00, 0x00, 0x00, 0x04, 0x04, 0x00, 0x00, 
	0x00, 0x00, 0x00, 0x00, 0x00, 0x00, 0x00, 0x00, 
	0x00, 0x00, 0x00, 0x00, 0x00, 0x04, 0x02, 0x00, 
	0x00, 0x00, 0x00, 0x00, 0x01, 0x06, 0x04, 0x04, 
	0x04, 0x00, 0x00, 0x00, 0x01, 0x00, 0x00, 0x00, 
	0x00, 0x00, 0x00, 0x00, 0x05, 0x00, 0x00, 0x00, 
	0x00, 0x00, 0x00, 0x00, 0x01, 0x00, 0x00, 0x04, 
	0x00, 0x00, 0x00, 0x00, 0x05, 0x02, 0x04, 0x04, 
	0x04, 0x03, 0x00, 0x00, 0x00, 0x01, 0x00, 0x00, 
	0x00, 0x00, 0x00, 0x00, 0x05, 0x00, 0x00, 0x00, 
	0x04, 0x00, 0x00, 0x00, 0x00, 0x01, 0x00, 0x00, 
	0x00, 0x03, 0x00, 0x00, 0x01, 0x02, 0x00, 0x03, 
	0x03, 0x00, 0x01, 0x00, 0x00, 0x00, 0x00, 0x03, 
	0x04, 0x03, 0x03, 0x00, 0x01, 0x02, 0x06, 0x00, 
	0x00, 0x03, 0x00, 0x01, 0x00, 0x00, 0x00, 0x03, 
	0x03, 0x00, 0x00, 0x00, 0x00, 0x02, 0x00, 0x00, 
	0x00, 0x04, 0x04, 0x05, 0x00, 0x00, 0x04, 0x03, 
	0x03, 0x00, 0x03, 0x00, 0x00, 0x02, 0x04, 0x04, 
	0x00, 0x04, 0x00, 0x01, 0x00, 0x00, 0x00, 0x03, 
	0x03, 0x04, 0x00, 0x00, 0x01, 0x00, 0x00, 0x00, 
	0x00, 0x04, 0x00, 0x01, 0x00, 0x00, 0x00, 0x03, 
	0x03, 0x03, 0x00, 0x00, 0x00, 0x00, 0x00, 0x00, 
	0x00, 0x04, 0x00, 0x00, 0x00, 0x00, 0x00, 0x03, 
	0x03, 0x03, 0x03, 0x00, 0x01, 0x00, 0x00, 0x00, 
	0x00, 0x00, 0x00, 0x05, 0x00, 0x00, 0x00, 0x00, 
	0x03, 0x03, 0x03, 0x00, 0x00, 0x00, 0x00, 0x00, 
	0x00, 0x00, 0x00, 0x05, 0x00, 0x00, 0x00, 0x00, 
	0x00, 0x00, 0x00, 0x00, 0x01, 0x05, 0x01, 0x02, 
	0x04, 0x06, 0x02, 0x02, 0x00, 0x00, 0x00, 0x00, 
	0x00, 0x00, 0x04, 0x00, 0x00, 0x05, 0x05, 0x02, 
	0x04, 0x04, 0x04, 0x04, 0x00, 0x00, 0x00, 0x00, 
	0x00, 0x00, 0x05, 0x00, 0x04, 0x00, 0x02, 0x06, 
	0x06, 0x04, 0x00, 0x00, 0x00, 0x00, 0x00, 0x00, 
	0x00, 0x00, 0x05, 0x01, 0x04, 0x00, 0x02, 0x06, 
	0x06, 0x04, 0x00, 0x00, 0x00, 0x00, 0x00, 0x00, 
	0x00, 0x00, 0x00, 0x00, 0x00, 0x02, 0x00, 0x00, 
	0x00, 0x00, 0x00, 0x00, 0x01, 0x00, 0x00, 0x01, 
	0x00, 0x00, 0x00, 0x00, 0x00, 0x02, 0x00, 0x00, 
	0x00, 0x00, 0x00, 0x00, 0x01, 0x00, 0x00, 0x01, 
	0x00, 0x00, 0x00, 0x00, 0x00, 0x00, 0x00, 0x00, 
	0x00, 0x00, 0x00, 0x00, 0x00, 0x00, 0x01, 0x00, 
	0x00, 0x00, 0x00, 0x00, 0x01, 0x00, 0x00, 0x02, 
	0x00, 0x00, 0x00, 0x00, 0x00, 0x00, 0x01, 0x01, 
	0x00, 0x06, 0x00, 0x00, 0x00, 0x00, 0x00, 0x00, 
	0x04, 0x04, 0x00, 0x00, 0x01, 0x00, 0x05, 0x01, 
	0x00, 0x02, 0x00, 0x00, 0x00, 0x00, 0x00, 0x00, 
	0x04, 0x04, 0x00, 0x00, 0x01, 0x01, 0x01, 0x05, 
	0x00, 0x02, 0x00, 0x00, 0x00, 0x00, 0x00, 0x01, 
	0x00, 0x01, 0x05, 0x05, 0x05, 0x01, 0x00, 0x01, 
	0x00, 0x02, 0x00, 0x00, 0x00, 0x00, 0x00, 0x00, 
	0x00, 0x00, 0x05, 0x05, 0x05, 0x01, 0x00, 0x01, 
	0x00, 0x00, 0x00, 0x00, 0x00, 0x01, 0x00, 0x01, 
	0x01, 0x01, 0x00, 0x04, 0x00, 0x00, 0x00, 0x00, 
	0x00, 0x00, 0x00, 0x00, 0x01, 0x05, 0x00, 0x00, 
	0x01, 0x01, 0x00, 0x00, 0x04, 0x01, 0x00, 0x00, 
	0x00, 0x00, 0x00, 0x00, 0x00, 0x00, 0x00, 0x01, 
	0x01, 0x00, 0x04, 0x04, 0x01, 0x00, 0x00, 0x00, 
	0x00, 0x00, 0x00, 0x00, 0x00, 0x02, 0x00, 0x00, 
	0x01, 0x00, 0x00, 0x00, 0x00, 0x01, 0x00, 0x00, 
	0x04, 0x04, 0x00, 0x01, 0x00, 0x00, 0x00, 0x06, 
	0x00, 0x03, 0x00, 0x00, 0x00, 0x00, 0x00, 0x04, 
	0x04, 0x04, 0x00, 0x00, 0x03, 0x00, 0x00, 0x02, 
	0x00, 0x01, 0x00, 0x00, 0x00, 0x00, 0x00, 0x04, 
	0x04, 0x04, 0x01, 0x00, 0x00, 0x00, 0x00, 0x00, 
	0x00, 0x00, 0x00, 0x00, 0x04, 0x00, 0x00, 0x00, 
	0x04, 0x04, 0x00, 0x00, 0x00, 0x00, 0x00, 0x00, 
	0x00, 0x00, 0x00, 0x00, 0x04, 0x00, 0x04, 0x00, 
	0x00, 0x00, 0x00, 0x00, 0x01, 0x06, 0x00, 0x00, 
	0x00, 0x04, 0x02, 0x01, 0x00, 0x04, 0x00, 0x04, 
	0x00, 0x00, 0x00, 0x00, 0x05, 0x04, 0x00, 0x00, 
	0x00, 0x04, 0x04, 0x01, 0x00, 0x00, 0x00, 0x00, 
	0x00, 0x00, 0x00, 0x00, 0x05, 0x02, 0x00, 0x00, 
	0x04, 0x03, 0x00, 0x01, 0x01, 0x01, 0x00, 0x00, 
	0x00, 0x00, 0x00, 0x00, 0x05, 0x00, 0x00, 0x00, 
	0x04, 0x00, 0x00, 0x01, 0x01, 0x00, 0x00, 0x00, 
	0x00, 0x00, 0x00, 0x00, 0x05, 0x02, 0x00, 0x00, 
	0x00, 0x03, 0x01, 0x00, 0x00, 0x00, 0x00, 0x03, 
	0x04, 0x03, 0x03, 0x00, 0x01, 0x00, 0x06, 0x04, 
	0x00, 0x03, 0x00, 0x03, 0x00, 0x00, 0x00, 0x03, 
	0x00, 0x03, 0x00, 0x00, 0x00, 0x02, 0x00, 0x00, 
	0x00, 0x00, 0x00, 0x05, 0x00, 0x00, 0x04, 0x03, 
	0x03, 0x00, 0x03, 0x00, 0x00, 0x00, 0x06, 0x00, 
	0x00, 0x04, 0x00, 0x00, 0x00, 0x00, 0x00, 0x03, 
	0x03, 0x00, 0x00, 0x00, 0x00, 0x00, 0x00, 0x00, 
	0x00, 0x04, 0x00, 0x01, 0x00, 0x00, 0x00, 0x03, 
	0x03, 0x03, 0x00, 0x00, 0x00, 0x00, 0x00, 0x00, 
	0x00, 0x04, 0x00, 0x01, 0x00, 0x00, 0x00, 0x03, 
	0x03, 0x00, 0x03, 0x00, 0x00, 0x00, 0x00, 0x00, 
	0x00, 0x00, 0x00, 0x05, 0x00, 0x00, 0x00, 0x00, 
	0x03, 0x03, 0x00, 0x00, 0x00, 0x00, 0x00, 0x00, 
	0x01, 0x00, 0x00, 0x05, 0x00, 0x00, 0x00, 0x00, 
	0x00, 0x00, 0x00, 0x01, 0x05, 0x05, 0x01, 0x00, 
	0x04, 0x06, 0x02, 0x02, 0x00, 0x00, 0x00, 0x00, 
	0x00, 0x03, 0x00, 0x00, 0x05, 0x05, 0x05, 0x00, 
	0x04, 0x04, 0x04, 0x00, 0x00, 0x00, 0x00, 0x00, 
	0x00, 0x00, 0x05, 0x00, 0x00, 0x01, 0x02, 0x06, 
	0x04, 0x04, 0x02, 0x00, 0x00, 0x00, 0x00, 0x00, 
	0x00, 0x00, 0x01, 0x01, 0x04, 0x00, 0x00, 0x06, 
	0x06, 0x04, 0x00, 0x00, 0x00, 0x00, 0x00, 0x00, 
	0x00, 0x00, 0x01, 0x01, 0x00, 0x00, 0x00, 0x02, 
	0x04, 0x00, 0x00, 0x00, 0x00, 0x00, 0x00, 0x00, 
	0x00, 0x00, 0x01, 0x05, 0x00, 0x00, 0x00, 0x00, 
	0x04, 0x00, 0x00, 0x00, 0x01, 0x00, 0x00, 0x00, 
	0x00, 0x00, 0x00, 0x05, 0x00, 0x00, 0x00, 0x00, 
	0x00, 0x01, 0x00, 0x00, 0x00, 0x00, 0x00, 0x00, 
	0x00, 0x00, 0x00, 0x01, 0x00, 0x00, 0x00, 0x00, 
	0x00, 0x01, 0x00, 0x00, 0x01, 0x00, 0x00, 0x00, 
	0x00, 0x02, 0x00, 0x00, 0x00, 0x00, 0x00, 0x00, 
	0x04, 0x04, 0x04, 0x00, 0x01, 0x00, 0x01, 0x01, 
	0x00, 0x02, 0x00, 0x00, 0x00, 0x00, 0x00, 0x00, 
	0x04, 0x04, 0x04, 0x00, 0x03, 0x00, 0x01, 0x05, 
	0x00, 0x02, 0x00, 0x00, 0x00, 0x00, 0x00, 0x00, 
	0x04, 0x00, 0x01, 0x01, 0x05, 0x00, 0x00, 0x01, 
	0x00, 0x02, 0x00, 0x00, 0x00, 0x00, 0x00, 0x00, 
	0x00, 0x00, 0x01, 0x01, 0x00, 0x00, 0x00, 0x05, 
	0x04, 0x00, 0x00, 0x00, 0x07, 0x00, 0x04, 0x05, 
	0x05, 0x05, 0x01, 0x00, 0x00, 0x01, 0x00, 0x00, 
	0x02, 0x02, 0x00, 0x00, 0x07, 0x07, 0x00, 0x00, 
	0x05, 0x05, 0x01, 0x00, 0x00, 0x01, 0x00, 0x00, 
	0x00, 0x00, 0x00, 0x00, 0x00, 0x07, 0x00, 0x00, 
	0x00, 0x00, 0x00, 0x00, 0x00, 0x00, 0x00, 0x00, 
	0x00, 0x00, 0x00, 0x00, 0x00, 0x00, 0x00, 0x00, 
	0x01, 0x00, 0x04, 0x00, 0x00, 0x01, 0x00, 0x00, 
	0x00, 0x00, 0x00, 0x03, 0x00, 0x00, 0x00, 0x00, 
	0x00, 0x00, 0x00, 0x00, 0x00, 0x00, 0x00, 0x00, 
	0x00, 0x00, 0x00, 0x00, 0x07, 0x07, 0x00, 0x00, 
	0x00, 0x00, 0x07, 0x07, 0x00, 0x00, 0x00, 0x00, 
	0x04, 0x04, 0x08, 0x09, 0x04, 0x04, 0x04, 0x04, 
	0x08, 0x08, 0x08, 0x08, 0x08, 0x08, 0x08, 0x08, 
	0x04, 0x04, 0x04, 0x04, 0x04, 0x04, 0x04, 0x04, 
	0x08, 0x08, 0x04, 0x04, 0x08, 0x08, 0x08, 0x08, 
	0x0a, 0x0a, 0x0a, 0x0b, 0x0c, 0x0a, 0x0a, 0x0a, 
	0x0a, 0x0a, 0x0d, 0x0d, 0x0a, 0x0a, 0x0d, 0x0d, 
	0x0e, 0x0e, 0x0a, 0x0a, 0x0a, 0x0a, 0x0d, 0x0d, 
	0x0d, 0x0d, 0x0a, 0x0a, 0x0a, 0x0a, 0x0a, 0x0b, 
	0x0f, 0x10, 0x11, 0x10, 0x12, 0x13, 0x14, 0x15, 
	0x16, 0x10, 0x17, 0x18, 0x0f, 0x19, 0x17, 0x1a, 
	0x14, 0x1b, 0x10, 0x0f, 0x19, 0x11, 0x17, 0x17, 
	0x1c, 0x1d, 0x0f, 0x19, 0x0f, 0x10, 0x11, 0x10, 
	0x1e, 0x1f, 0x20, 0x21, 0x22, 0x20, 0x23, 0x20, 
	0x24, 0x25, 0x26, 0x26, 0x20, 0x23, 0x1e, 0x27, 
	0x28, 0x20, 0x27, 0x1e, 0x22, 0x20, 0x29, 0x26, 
	0x24, 0x2a, 0x20, 0x2b, 0x1e, 0x1f, 0x20, 0x21, 
	0x2c, 0x2d, 0x2d, 0x21, 0x2b, 0x26, 0x23, 0x24, 
	0x21, 0x24, 0x2e, 0x2f, 0x24, 0x2b, 0x2e, 0x2d, 
	0x2b, 0x24, 0x2f, 0x2c, 0x2f, 0x2d, 0x27, 0x2e, 
	0x21, 0x21, 0x24, 0x23, 0x2c, 0x2d, 0x2d, 0x21, 
	0x30, 0x31, 0x32, 0x33, 0x31, 0x34, 0x2e, 0x35, 
	0x36, 0x37, 0x38, 0x31, 0x39, 0x3a, 0x3b, 0x3c, 
	0x3d, 0x3e, 0x3f, 0x40, 0x1f, 0x41, 0x34, 0x34, 
	0x42, 0x3d, 0x40, 0x3f, 0x30, 0x31, 0x32, 0x33, 
	0x43, 0x44, 0x45, 0x45, 0x46, 0x47, 0x48, 0x49, 
	0x45, 0x4a, 0x4b, 0x31, 0x4c, 0x1f, 0x45, 0x4d, 
	0x3d, 0x4e, 0x4f, 0x50, 0x24, 0x51, 0x52, 0x43, 
	0x53, 0x3d, 0x36, 0x4f, 0x43, 0x44, 0x45, 0x45, 
	0x4c, 0x54, 0x55, 0x45, 0x26, 0x56, 0x44, 0x42, 
	0x57, 0x50, 0x26, 0x1f, 0x3e, 0x54, 0x36, 0x3f, 
	0x58, 0x59, 0x5a, 0x5b, 0x29, 0x55, 0x4b, 0x50, 
	0x53, 0x58, 0x45, 0x5c, 0x4c, 0x54, 0x55, 0x45, 
	0x50, 0x48, 0x55, 0x45, 0x46, 0x42, 0x44, 0x42, 
	0x5c, 0x45, 0x4b, 0x26, 0x42, 0x48, 0x3f, 0x58, 
	0x58, 0x59, 0x5d, 0x4b, 0x1f, 0x5e, 0x57, 0x57, 
	0x5c, 0x58, 0x5f, 0x5c, 0x50, 0x48, 0x55, 0x45, 
	0x4c, 0x54, 0x55, 0x45, 0x26, 0x36, 0x24, 0x47, 
	0x5a, 0x60, 0x57, 0x26, 0x5f, 0x27, 0x4a, 0x61, 
	0x58, 0x5f, 0x53, 0x5b, 0x1f, 0x45, 0x62, 0x42, 
	0x5a, 0x58, 0x45, 0x5c, 0x4c, 0x54, 0x55, 0x45, 
	0x5b, 0x54, 0x55, 0x45, 0x26, 0x45, 0x63, 0x47, 
	0x5a, 0x47, 0x4b, 0x44, 0x50, 0x44, 0x4a, 0x61, 
	0x58, 0x3c, 0x5c, 0x52, 0x1f, 0x4a, 0x50, 0x52, 
	0x4b, 0x58, 0x64, 0x5c, 0x5b, 0x54, 0x55, 0x45, 
	0x52, 0x24, 0x65, 0x4b, 0x26, 0x36, 0x24, 0x47, 
	0x61, 0x3f, 0x45, 0x24, 0x66, 0x27, 0x47, 0x61, 
	0x58, 0x5f, 0x67, 0x5f, 0x26, 0x5f, 0x4c, 0x50, 
	0x53, 0x4d, 0x42, 0x67, 0x52, 0x24, 0x65, 0x4b, 
	0x64, 0x24, 0x68, 0x60, 0x26, 0x45, 0x63, 0x47, 
	0x5c, 0x3f, 0x45, 0x1f, 0x3e, 0x27, 0x3f, 0x69, 
	0x58, 0x47, 0x67, 0x42, 0x1f, 0x59, 0x53, 0x45, 
	0x53, 0x4d, 0x42, 0x67, 0x64, 0x24, 0x68, 0x60, 
	0x6a, 0x54, 0x55, 0x45, 0x6b, 0x5b, 0x24, 0x6c, 
	0x4b, 0x65, 0x61, 0x24, 0x4c, 0x6d, 0x47, 0x61, 
	0x58, 0x59, 0x31, 0x3e, 0x54, 0x42, 0x5a, 0x60, 
	0x6e, 0x58, 0x57, 0x6f, 0x6a, 0x54, 0x55, 0x45, 
	0x5b, 0x54, 0x70, 0x45, 0x6b, 0x58, 0x27, 0x60, 
	0x4b, 0x55, 0x61, 0x31, 0x64, 0x6d, 0x47, 0x61, 
	0x58, 0x59, 0x31, 0x71, 0x44, 0x42, 0x5a, 0x45, 
	0x5c, 0x58, 0x72, 0x6f, 0x5b, 0x54, 0x70, 0x45, 
	0x73, 0x1f, 0x3f, 0x69, 0x58, 0x74, 0x54, 0x42, 
	0x5a, 0x47, 0x45, 0x29, 0x5f, 0x1f, 0x74, 0x61, 
	0x58, 0x3c, 0x1f, 0x3c, 0x63, 0x75, 0x5a, 0x3f, 
	0x75, 0x58, 0x5f, 0x76, 0x73, 0x1f, 0x3f, 0x69, 
	0x64, 0x31, 0x47, 0x50, 0x58, 0x45, 0x44, 0x42, 
	0x53, 0x60, 0x50, 0x46, 0x3e, 0x69, 0x77, 0x60, 
	0x58, 0x59, 0x1f, 0x3e, 0x1f, 0x75, 0x5a, 0x3f, 
	0x3c, 0x1e, 0x5f, 0x76, 0x64, 0x31, 0x47, 0x50, 
	0x5f, 0x69, 0x3c, 0x45, 0x67, 0x78, 0x54, 0x3e, 
	0x61, 0x4a, 0x45, 0x60, 0x5b, 0x58, 0x5f, 0x3f, 
	0x79, 0x50, 0x1f, 0x5f, 0x3a, 0x59, 0x3f, 0x45, 
	0x5b, 0x1e, 0x4c, 0x54, 0x5f, 0x69, 0x3c, 0x45, 
	0x6e, 0x7a, 0x20, 0x6e, 0x1f, 0x3f, 0x48, 0x1e, 
	0x24, 0x7b, 0x58, 0x24, 0x29, 0x2d, 0x24, 0x7c, 
	0x44, 0x5c, 0x7d, 0x4d, 0x44, 0x20, 0x58, 0x24, 
	0x29, 0x21, 0x5a, 0x48, 0x6e, 0x7a, 0x20, 0x6e, 
	
};

Gfx pitstop_dl_CastleCarpetRed_pal_rgba16_aligner[] = {gsSPEndDisplayList()};
u8 pitstop_dl_CastleCarpetRed_pal_rgba16[] = {
	0x99, 0xcb, 0xa1, 0xcb, 0x99, 0x8b, 0x9a, 0x0d, 
	0x91, 0xcb, 0xa2, 0x0d, 0x91, 0x8b, 0x99, 0xcd, 
	0x91, 0xc9, 0x92, 0x0b, 0x84, 0x57, 0x73, 0x0b, 
	0x73, 0x91, 0x84, 0x17, 0x7c, 0x57, 0x7c, 0x11, 
	0x73, 0x8f, 0x73, 0xd1, 0x7b, 0x8d, 0x84, 0x95, 
	0x62, 0xcb, 0x6b, 0x8f, 0x7b, 0xcf, 0x73, 0xcf, 
	0x6b, 0x4f, 0x73, 0x4d, 0x73, 0xcd, 0x7b, 0xd3, 
	0x73, 0xc9, 0x5a, 0x89, 0xac, 0x4f, 0x93, 0x89, 
	0xa4, 0x0f, 0x83, 0x09, 0x93, 0x8d, 0x72, 0x87, 
	0x8b, 0x49, 0x93, 0x49, 0x9b, 0xcb, 0x83, 0x07, 
	0x83, 0x4d, 0x93, 0x8b, 0x7b, 0x0b, 0x7a, 0xc9, 
	0x93, 0xcd, 0x7a, 0xc7, 0x8b, 0x4b, 0x7a, 0x85, 
	0xcd, 0xdd, 0x93, 0xcb, 0xbd, 0x1b, 0xc5, 0x9b, 
	0xcd, 0x9b, 0xac, 0xd7, 0xc5, 0x55, 0xbd, 0x19, 
	0xc5, 0x59, 0xd6, 0x1d, 0x9b, 0xc9, 0xc5, 0x5b, 
	0xbd, 0x13, 0x9c, 0x11, 0xcd, 0x97, 0xac, 0x8f, 
	0xd6, 0x1f, 0xb5, 0x19, 0xbd, 0x11, 0xc5, 0x13, 
	0x8b, 0x47, 0xb4, 0xcf, 0x9c, 0x0f, 0xb4, 0xd1, 
	0x8b, 0x07, 0xb5, 0x17, 0xb5, 0x13, 0xb4, 0x8d, 
	0xc5, 0x51, 0x9c, 0x0d, 0xcd, 0xd7, 0xa4, 0x8f, 
	0xbd, 0x0f, 0xac, 0x93, 0xbc, 0xcf, 0xac, 0x4b, 
	0x93, 0x87, 0xb4, 0xd3, 0xc5, 0x11, 0xb4, 0xcd, 
	0xa4, 0x0d, 0xbc, 0xd1, 0xac, 0x8d, 0xcd, 0x93, 
	0xa4, 0x4b, 0x9c, 0x09, 0xbd, 0x17, 0xc5, 0x53, 
	0xb4, 0x8f, 0xac, 0x4d, 0xbc, 0xcd, 0x83, 0x49, 
	0xc5, 0x95, 0xac, 0x91, 0xbd, 0x15, 0x9c, 0x0b, 
	0xac, 0xd3, 0xa4, 0x09, 0xc5, 0x0f, 0x9b, 0xcd, 
	0xb5, 0x11, 0x82, 0xc5, 0xa4, 0x0b, 0x94, 0x0b, 
	0xb4, 0xd5, 0xcd, 0x4f, 0xcd, 0x95, 0xbd, 0x53, 
	0xc5, 0x57, 0xb4, 0x91, 0x93, 0xc9, 0xc5, 0x99, 
	0xc5, 0x93, 0xa4, 0x49, 0x93, 0x47, 0xa4, 0x4f, 
	0x8b, 0x89, 0x82, 0xc7, 
};

Gfx pitstop_dl_rtron_ia4_aligner[] = {gsSPEndDisplayList()};
u8 pitstop_dl_rtron_ia4[] = {
	0x00, 0x00, 0x00, 0x00, 0x00, 0x00, 0x00, 0x00, 
	0x00, 0x00, 0x00, 0x00, 0x00, 0x00, 0x00, 0x00, 
	0x00, 0x00, 0x00, 0x00, 0x00, 0x00, 0x00, 0x00, 
	0x00, 0x00, 0x00, 0x00, 0x00, 0x00, 0x00, 0x00, 
	0x00, 0x00, 0x00, 0x00, 0x00, 0x00, 0x00, 0x00, 
	0x00, 0x00, 0x00, 0x00, 0x00, 0x00, 0x00, 0x00, 
	0x00, 0x00, 0x00, 0x00, 0x00, 0x00, 0x00, 0x00, 
	0x00, 0x00, 0x00, 0x00, 0x00, 0x00, 0x00, 0x00, 
	0x00, 0x00, 0x00, 0x00, 0x00, 0x00, 0x00, 0x00, 
	0x00, 0x00, 0x00, 0x00, 0x00, 0x00, 0x00, 0x00, 
	0x00, 0x00, 0x00, 0x00, 0x00, 0x00, 0x00, 0x00, 
	0x00, 0x00, 0x00, 0x00, 0x00, 0x00, 0x00, 0x00, 
	0x00, 0x00, 0x00, 0x00, 0x00, 0x00, 0x00, 0x00, 
	0x00, 0x00, 0x00, 0x00, 0x00, 0x00, 0x00, 0x00, 
	0x00, 0x00, 0x00, 0x00, 0x00, 0x00, 0x00, 0x00, 
	0x00, 0x00, 0x00, 0x00, 0x00, 0x00, 0x00, 0x00, 
	0x00, 0x00, 0x00, 0x00, 0x00, 0x00, 0x00, 0x00, 
	0x00, 0x00, 0x00, 0x00, 0x00, 0x00, 0x00, 0x00, 
	0x00, 0x00, 0x00, 0x00, 0x00, 0x00, 0x00, 0x00, 
	0x00, 0x00, 0x00, 0x00, 0x00, 0x00, 0x00, 0x00, 
	0x00, 0x00, 0x00, 0x00, 0x00, 0x00, 0x00, 0x00, 
	0x00, 0x00, 0x00, 0x00, 0x00, 0x00, 0x00, 0x00, 
	0x00, 0x00, 0x00, 0x00, 0x00, 0x00, 0x00, 0x00, 
	0x00, 0x00, 0x00, 0x00, 0x00, 0x00, 0x00, 0x00, 
	0x00, 0x00, 0x00, 0x00, 0x00, 0x01, 0x11, 0x11, 
	0x00, 0x00, 0x00, 0x00, 0x00, 0x00, 0x00, 0x00, 
	0x00, 0x00, 0x00, 0x00, 0x00, 0x00, 0x00, 0x00, 
	0x00, 0x00, 0x00, 0x00, 0x00, 0x00, 0x00, 0x00, 
	0x00, 0x00, 0x00, 0x00, 0x00, 0x00, 0x00, 0x00, 
	0x00, 0x00, 0x00, 0x00, 0x00, 0x00, 0x00, 0x00, 
	0x00, 0x00, 0x00, 0x00, 0x00, 0x00, 0x00, 0x00, 
	0x00, 0x00, 0x00, 0x00, 0x00, 0x00, 0x00, 0x00, 
	0x00, 0x00, 0x00, 0x00, 0x01, 0x11, 0x11, 0x11, 
	0x11, 0x00, 0x00, 0x00, 0x00, 0x00, 0x00, 0x00, 
	0x00, 0x00, 0x00, 0x00, 0x00, 0x00, 0x00, 0x00, 
	0x00, 0x00, 0x00, 0x00, 0x00, 0x00, 0x00, 0x00, 
	0x00, 0x00, 0x00, 0x00, 0x00, 0x00, 0x00, 0x00, 
	0x00, 0x00, 0x00, 0x00, 0x00, 0x00, 0x00, 0x00, 
	0x00, 0x00, 0x00, 0x00, 0x00, 0x00, 0x00, 0x00, 
	0x00, 0x00, 0x00, 0x00, 0x00, 0x00, 0x00, 0x00, 
	0x00, 0x00, 0x00, 0x01, 0x11, 0x11, 0x11, 0x11, 
	0x11, 0x11, 0x00, 0x00, 0x00, 0x00, 0x00, 0x00, 
	0x00, 0x00, 0x00, 0x00, 0x00, 0x00, 0x00, 0x00, 
	0x00, 0x00, 0x00, 0x00, 0x00, 0x00, 0x00, 0x00, 
	0x00, 0x00, 0x00, 0x00, 0x00, 0x00, 0x00, 0x00, 
	0x00, 0x00, 0x00, 0x00, 0x00, 0x00, 0x00, 0x00, 
	0x00, 0x00, 0x00, 0x00, 0x00, 0x00, 0x00, 0x00, 
	0x00, 0x00, 0x00, 0x00, 0x00, 0x00, 0x00, 0x00, 
	0x00, 0x00, 0x00, 0x11, 0x11, 0x11, 0x11, 0x11, 
	0x11, 0x11, 0x00, 0x00, 0x00, 0x00, 0x00, 0x11, 
	0x11, 0x10, 0x00, 0x01, 0x11, 0x10, 0x00, 0x01, 
	0x11, 0x10, 0x00, 0x11, 0x10, 0x01, 0x11, 0x00, 
	0x01, 0x11, 0x10, 0x00, 0x01, 0x10, 0x00, 0x01, 
	0x11, 0x11, 0x00, 0x00, 0x00, 0x11, 0x11, 0x11, 
	0x11, 0x01, 0x11, 0x11, 0x10, 0x00, 0x00, 0x11, 
	0x11, 0x00, 0x00, 0x11, 0x00, 0x11, 0x00, 0x00, 
	0x00, 0x00, 0x01, 0x11, 0x11, 0x11, 0x11, 0x11, 
	0x11, 0x11, 0x10, 0x00, 0x00, 0x00, 0x00, 0x11, 
	0x11, 0x11, 0x00, 0x01, 0x11, 0x10, 0x00, 0x11, 
	0x11, 0x11, 0x00, 0x11, 0x10, 0x01, 0x11, 0x00, 
	0x11, 0x11, 0x11, 0x00, 0x01, 0x10, 0x00, 0x01, 
	0x11, 0x11, 0x00, 0x00, 0x00, 0x11, 0x11, 0x11, 
	0x11, 0x01, 0x11, 0x11, 0x11, 0x00, 0x01, 0x11, 
	0x11, 0x10, 0x00, 0x11, 0x00, 0x11, 0x00, 0x00, 
	0x00, 0x00, 0x01, 0x11, 0x11, 0x11, 0x11, 0x11, 
	0x11, 0x11, 0x11, 0x00, 0x00, 0x00, 0x00, 0x11, 
	0x11, 0x11, 0x00, 0x01, 0x11, 0x10, 0x00, 0x11, 
	0x11, 0x11, 0x10, 0x01, 0x10, 0x01, 0x10, 0x01, 
	0x11, 0x11, 0x11, 0x00, 0x01, 0x10, 0x00, 0x01, 
	0x11, 0x11, 0x00, 0x00, 0x00, 0x11, 0x11, 0x11, 
	0x11, 0x01, 0x11, 0x11, 0x11, 0x00, 0x11, 0x11, 
	0x11, 0x10, 0x00, 0x11, 0x00, 0x11, 0x00, 0x00, 
	0x00, 0x00, 0x11, 0x11, 0x11, 0x11, 0x11, 0x11, 
	0x11, 0x11, 0x11, 0x00, 0x00, 0x00, 0x00, 0x11, 
	0x01, 0x11, 0x00, 0x01, 0x10, 0x00, 0x00, 0x11, 
	0x10, 0x11, 0x10, 0x01, 0x10, 0x01, 0x10, 0x01, 
	0x11, 0x01, 0x11, 0x00, 0x01, 0x10, 0x00, 0x01, 
	0x11, 0x00, 0x00, 0x00, 0x00, 0x00, 0x01, 0x10, 
	0x00, 0x01, 0x11, 0x01, 0x11, 0x00, 0x11, 0x10, 
	0x11, 0x10, 0x00, 0x11, 0x10, 0x11, 0x00, 0x00, 
	0x00, 0x00, 0x11, 0x11, 0x11, 0x11, 0x11, 0x11, 
	0x11, 0x11, 0x11, 0x00, 0x00, 0x00, 0x00, 0x11, 
	0x01, 0x11, 0x00, 0x01, 0x10, 0x00, 0x00, 0x11, 
	0x00, 0x11, 0x10, 0x01, 0x11, 0x11, 0x10, 0x01, 
	0x11, 0x00, 0x11, 0x00, 0x01, 0x10, 0x00, 0x01, 
	0x11, 0x00, 0x00, 0x00, 0x00, 0x00, 0x01, 0x10, 
	0x00, 0x01, 0x11, 0x01, 0x11, 0x00, 0x11, 0x10, 
	0x01, 0x10, 0x00, 0x11, 0x11, 0x11, 0x00, 0x00, 
	0x00, 0x01, 0x11, 0x11, 0x11, 0x11, 0x11, 0x11, 
	0x11, 0x11, 0x11, 0x10, 0x00, 0x00, 0x00, 0x11, 
	0x11, 0x11, 0x00, 0x01, 0x11, 0x10, 0x00, 0x11, 
	0x00, 0x11, 0x10, 0x00, 0x11, 0x11, 0x00, 0x01, 
	0x11, 0x00, 0x11, 0x00, 0x01, 0x10, 0x00, 0x01, 
	0x11, 0x11, 0x00, 0x00, 0x00, 0x00, 0x01, 0x10, 
	0x00, 0x01, 0x11, 0x11, 0x11, 0x00, 0x11, 0x10, 
	0x01, 0x10, 0x00, 0x11, 0x11, 0x11, 0x00, 0x00, 
	0x00, 0x01, 0x11, 0x11, 0x11, 0x11, 0x11, 0x11, 
	0x11, 0x11, 0x11, 0x10, 0x00, 0x00, 0x00, 0x11, 
	0x11, 0x10, 0x00, 0x01, 0x11, 0x10, 0x00, 0x11, 
	0x00, 0x00, 0x00, 0x00, 0x11, 0x11, 0x00, 0x01, 
	0x11, 0x00, 0x00, 0x00, 0x01, 0x10, 0x00, 0x01, 
	0x11, 0x11, 0x00, 0x00, 0x00, 0x00, 0x01, 0x10, 
	0x00, 0x01, 0x11, 0x11, 0x10, 0x00, 0x11, 0x10, 
	0x01, 0x10, 0x00, 0x11, 0x11, 0x11, 0x00, 0x00, 
	0x00, 0x01, 0x11, 0x11, 0x11, 0x11, 0x11, 0x11, 
	0x11, 0x11, 0x11, 0x10, 0x00, 0x00, 0x00, 0x11, 
	0x11, 0x11, 0x00, 0x01, 0x11, 0x10, 0x00, 0x11, 
	0x00, 0x00, 0x00, 0x00, 0x11, 0x11, 0x00, 0x01, 
	0x11, 0x00, 0x00, 0x00, 0x01, 0x10, 0x00, 0x01, 
	0x11, 0x11, 0x00, 0x11, 0x11, 0x00, 0x01, 0x10, 
	0x00, 0x01, 0x11, 0x11, 0x11, 0x00, 0x11, 0x10, 
	0x01, 0x10, 0x00, 0x11, 0x11, 0x11, 0x00, 0x00, 
	0x00, 0x11, 0x11, 0x11, 0x11, 0x11, 0x11, 0x11, 
	0x11, 0x11, 0x11, 0x10, 0x00, 0x00, 0x00, 0x11, 
	0x01, 0x11, 0x00, 0x01, 0x10, 0x00, 0x00, 0x11, 
	0x00, 0x11, 0x10, 0x00, 0x11, 0x11, 0x00, 0x01, 
	0x11, 0x00, 0x11, 0x00, 0x01, 0x10, 0x00, 0x01, 
	0x11, 0x00, 0x00, 0x11, 0x11, 0x00, 0x01, 0x10, 
	0x00, 0x01, 0x11, 0x01, 0x11, 0x00, 0x11, 0x10, 
	0x01, 0x10, 0x00, 0x11, 0x11, 0x11, 0x00, 0x00, 
	0x00, 0x11, 0x11, 0x11, 0x11, 0x11, 0x11, 0x11, 
	0x11, 0x11, 0x11, 0x11, 0x00, 0x00, 0x00, 0x11, 
	0x00, 0x11, 0x00, 0x01, 0x10, 0x00, 0x00, 0x11, 
	0x10, 0x11, 0x10, 0x00, 0x01, 0x10, 0x00, 0x01, 
	0x11, 0x01, 0x11, 0x00, 0x01, 0x10, 0x00, 0x01, 
	0x11, 0x00, 0x00, 0x00, 0x00, 0x00, 0x01, 0x10, 
	0x00, 0x01, 0x11, 0x01, 0x11, 0x00, 0x11, 0x10, 
	0x11, 0x10, 0x00, 0x11, 0x01, 0x11, 0x00, 0x00, 
	0x00, 0x11, 0x11, 0x11, 0x11, 0x11, 0x11, 0x11, 
	0x11, 0x11, 0x11, 0x11, 0x00, 0x00, 0x00, 0x11, 
	0x00, 0x11, 0x00, 0x01, 0x10, 0x00, 0x00, 0x11, 
	0x10, 0x11, 0x10, 0x00, 0x01, 0x10, 0x00, 0x01, 
	0x11, 0x01, 0x11, 0x00, 0x01, 0x10, 0x00, 0x01, 
	0x11, 0x00, 0x00, 0x00, 0x00, 0x00, 0x01, 0x10, 
	0x00, 0x01, 0x11, 0x01, 0x11, 0x00, 0x11, 0x10, 
	0x11, 0x10, 0x00, 0x11, 0x00, 0x11, 0x00, 0x00, 
	0x00, 0x11, 0x11, 0x11, 0x11, 0x11, 0x11, 0x11, 
	0x11, 0x11, 0x11, 0x11, 0x00, 0x00, 0x00, 0x11, 
	0x00, 0x11, 0x00, 0x01, 0x11, 0x11, 0x00, 0x11, 
	0x11, 0x11, 0x10, 0x00, 0x01, 0x10, 0x00, 0x01, 
	0x11, 0x11, 0x11, 0x00, 0x01, 0x11, 0x11, 0x01, 
	0x11, 0x11, 0x00, 0x00, 0x00, 0x00, 0x01, 0x10, 
	0x00, 0x01, 0x11, 0x01, 0x11, 0x00, 0x11, 0x11, 
	0x11, 0x10, 0x00, 0x11, 0x00, 0x11, 0x00, 0x00, 
	0x00, 0x11, 0x11, 0x11, 0x11, 0x11, 0x11, 0x11, 
	0x11, 0x11, 0x11, 0x11, 0x00, 0x00, 0x00, 0x11, 
	0x00, 0x11, 0x00, 0x01, 0x11, 0x11, 0x00, 0x11, 
	0x11, 0x11, 0x00, 0x00, 0x01, 0x10, 0x00, 0x00, 
	0x11, 0x11, 0x10, 0x00, 0x01, 0x11, 0x11, 0x01, 
	0x11, 0x11, 0x00, 0x00, 0x00, 0x00, 0x01, 0x10, 
	0x00, 0x01, 0x11, 0x01, 0x11, 0x00, 0x01, 0x11, 
	0x11, 0x00, 0x00, 0x11, 0x00, 0x11, 0x00, 0x00, 
	0x00, 0x11, 0x11, 0x11, 0x11, 0x11, 0x11, 0x11, 
	0x11, 0x11, 0x11, 0x11, 0x00, 0x00, 0x00, 0x00, 
	0x00, 0x00, 0x00, 0x00, 0x00, 0x00, 0x00, 0x00, 
	0x00, 0x00, 0x00, 0x00, 0x00, 0x00, 0x00, 0x00, 
	0x00, 0x00, 0x00, 0x00, 0x00, 0x00, 0x00, 0x00, 
	0x00, 0x00, 0x00, 0x00, 0x00, 0x00, 0x00, 0x00, 
	0x00, 0x00, 0x00, 0x00, 0x00, 0x00, 0x00, 0x00, 
	0x00, 0x00, 0x00, 0x00, 0x00, 0x00, 0x00, 0x00, 
	0x00, 0x11, 0x11, 0x11, 0x11, 0x11, 0x11, 0x11, 
	0x11, 0x11, 0x11, 0x11, 0x00, 0x00, 0x00, 0x00, 
	0x00, 0x00, 0x00, 0x00, 0x00, 0x00, 0x00, 0x00, 
	0x00, 0x00, 0x00, 0x00, 0x00, 0x00, 0x00, 0x00, 
	0x00, 0x00, 0x00, 0x00, 0x00, 0x00, 0x00, 0x00, 
	0x00, 0x00, 0x00, 0x00, 0x00, 0x00, 0x00, 0x00, 
	0x00, 0x00, 0x00, 0x00, 0x00, 0x00, 0x00, 0x00, 
	0x00, 0x00, 0x00, 0x00, 0x00, 0x00, 0x00, 0x00, 
	0x00, 0x11, 0x11, 0x11, 0x11, 0x11, 0x11, 0x11, 
	0x11, 0x11, 0x11, 0x11, 0x00, 0x00, 0x00, 0x00, 
	0x00, 0x00, 0x00, 0x00, 0x00, 0x00, 0x00, 0x00, 
	0x00, 0x00, 0x00, 0x00, 0x00, 0x00, 0x00, 0x00, 
	0x00, 0x00, 0x00, 0x00, 0x00, 0x00, 0x00, 0x00, 
	0x00, 0x00, 0x00, 0x00, 0x00, 0x00, 0x00, 0x00, 
	0x00, 0x00, 0x00, 0x00, 0x00, 0x00, 0x00, 0x00, 
	0x00, 0x00, 0x00, 0x00, 0x00, 0x00, 0x00, 0x00, 
	0x00, 0x11, 0x11, 0x11, 0x11, 0x11, 0x11, 0x11, 
	0x11, 0x11, 0x11, 0x11, 0x00, 0x00, 0x00, 0x00, 
	0x00, 0x00, 0x00, 0x00, 0x00, 0x00, 0x00, 0x00, 
	0x00, 0x00, 0x00, 0x00, 0x00, 0x00, 0x00, 0x00, 
	0x00, 0x00, 0x00, 0x00, 0x00, 0x00, 0x00, 0x00, 
	0x00, 0x00, 0x00, 0x00, 0x00, 0x00, 0x00, 0x00, 
	0x00, 0x00, 0x00, 0x00, 0x00, 0x00, 0x00, 0x00, 
	0x00, 0x00, 0x00, 0x00, 0x00, 0x00, 0x00, 0x00, 
	0x00, 0x11, 0x11, 0x11, 0x11, 0x11, 0x11, 0x11, 
	0x11, 0x11, 0x11, 0x11, 0x00, 0x00, 0x00, 0x00, 
	0x00, 0x00, 0x00, 0x00, 0x00, 0x00, 0x00, 0x00, 
	0x00, 0x00, 0x00, 0x00, 0x00, 0x00, 0x00, 0x00, 
	0x00, 0x00, 0x00, 0x00, 0x00, 0x00, 0x00, 0x00, 
	0x00, 0x00, 0x00, 0x00, 0x00, 0x00, 0x00, 0x00, 
	0x00, 0x00, 0x00, 0x00, 0x00, 0x00, 0x00, 0x00, 
	0x00, 0x00, 0x00, 0x00, 0x00, 0x00, 0x00, 0x00, 
	0x00, 0x11, 0x11, 0x11, 0x11, 0x11, 0x11, 0x11, 
	0x11, 0x11, 0x11, 0x11, 0x00, 0x00, 0x00, 0x00, 
	0x00, 0x00, 0x00, 0x00, 0x00, 0x00, 0x00, 0x00, 
	0x00, 0x00, 0x00, 0x00, 0x00, 0x00, 0x00, 0x00, 
	0x00, 0x00, 0x00, 0x00, 0x00, 0x00, 0x00, 0x00, 
	0x00, 0x00, 0x00, 0x00, 0x00, 0x00, 0x00, 0x00, 
	0x00, 0x00, 0x00, 0x00, 0x00, 0x00, 0x00, 0x00, 
	0x00, 0x00, 0x00, 0x00, 0x00, 0x00, 0x00, 0x00, 
	0x00, 0x11, 0x11, 0x11, 0x11, 0x11, 0x11, 0x11, 
	0x11, 0x11, 0x11, 0x10, 0x00, 0x00, 0x00, 0x00, 
	0x00, 0x00, 0x00, 0x00, 0x00, 0x00, 0x00, 0x00, 
	0x00, 0x00, 0x00, 0x00, 0x00, 0x00, 0x00, 0x00, 
	0x00, 0x00, 0x00, 0x00, 0x00, 0x00, 0x00, 0x00, 
	0x00, 0x00, 0x00, 0x00, 0x00, 0x00, 0x00, 0x00, 
	0x00, 0x00, 0x00, 0x00, 0x00, 0x00, 0x00, 0x00, 
	0x00, 0x00, 0x00, 0x00, 0x00, 0x00, 0x00, 0x00, 
	0x00, 0x11, 0x11, 0x11, 0x11, 0x11, 0x11, 0x11, 
	0x11, 0x11, 0x11, 0x10, 0x00, 0x00, 0x00, 0x00, 
	0x00, 0x00, 0x00, 0x00, 0x00, 0x00, 0x00, 0x00, 
	0x00, 0x00, 0x00, 0x00, 0x00, 0x00, 0x00, 0x00, 
	0x00, 0x00, 0x00, 0x00, 0x00, 0x00, 0x00, 0x00, 
	0x00, 0x00, 0x00, 0x00, 0x00, 0x00, 0x00, 0x00, 
	0x00, 0x00, 0x00, 0x00, 0x00, 0x00, 0x00, 0x00, 
	0x00, 0x00, 0x00, 0x00, 0x00, 0x00, 0x00, 0x00, 
	0x00, 0x11, 0x11, 0x11, 0x11, 0x11, 0x11, 0x11, 
	0x11, 0x11, 0x11, 0x10, 0x00, 0x00, 0x00, 0x00, 
	0x00, 0x00, 0x00, 0x00, 0x00, 0x00, 0x00, 0x00, 
	0x00, 0x00, 0x00, 0x00, 0x00, 0x00, 0x00, 0x00, 
	0x00, 0x00, 0x00, 0x00, 0x00, 0x00, 0x00, 0x00, 
	0x00, 0x00, 0x00, 0x00, 0x00, 0x00, 0x00, 0x00, 
	0x00, 0x00, 0x00, 0x00, 0x00, 0x00, 0x00, 0x00, 
	0x00, 0x00, 0x00, 0x00, 0x00, 0x00, 0x00, 0x00, 
	0x00, 0x11, 0x11, 0x11, 0x11, 0x11, 0x11, 0x11, 
	0x11, 0x11, 0x11, 0x10, 0x00, 0x00, 0x00, 0x00, 
	0x00, 0x00, 0x00, 0x00, 0x00, 0x00, 0x00, 0x00, 
	0x00, 0x00, 0x00, 0x00, 0x00, 0x00, 0x00, 0x00, 
	0x00, 0x00, 0x00, 0x00, 0x00, 0x00, 0x00, 0x00, 
	0x00, 0x00, 0x00, 0x00, 0x00, 0x00, 0x00, 0x00, 
	0x00, 0x00, 0x00, 0x00, 0x00, 0x00, 0x00, 0x00, 
	0x00, 0x00, 0x00, 0x00, 0x00, 0x00, 0x00, 0x00, 
	0x00, 0x01, 0x11, 0x11, 0x11, 0x11, 0x11, 0x11, 
	0x11, 0x11, 0x11, 0x10, 0x00, 0x00, 0x00, 0x00, 
	0x00, 0x00, 0x00, 0x00, 0x00, 0x00, 0x00, 0x00, 
	0x00, 0x00, 0x00, 0x00, 0x00, 0x00, 0x00, 0x00, 
	0x00, 0x00, 0x00, 0x00, 0x00, 0x00, 0x00, 0x00, 
	0x00, 0x00, 0x00, 0x00, 0x00, 0x00, 0x00, 0x00, 
	0x00, 0x00, 0x00, 0x00, 0x00, 0x00, 0x00, 0x00, 
	0x00, 0x00, 0x00, 0x00, 0x00, 0x00, 0x00, 0x00, 
	0x00, 0x01, 0x11, 0x11, 0x11, 0x11, 0x11, 0x11, 
	0x11, 0x11, 0x11, 0x00, 0x00, 0x00, 0x00, 0x00, 
	0x00, 0x00, 0x00, 0x00, 0x00, 0x00, 0x00, 0x00, 
	0x00, 0x00, 0x00, 0x00, 0x00, 0x00, 0x00, 0x00, 
	0x00, 0x00, 0x00, 0x00, 0x00, 0x00, 0x00, 0x00, 
	0x00, 0x00, 0x00, 0x00, 0x00, 0x00, 0x00, 0x00, 
	0x00, 0x00, 0x00, 0x00, 0x00, 0x00, 0x00, 0x00, 
	0x00, 0x00, 0x00, 0x00, 0x00, 0x00, 0x00, 0x00, 
	0x00, 0x01, 0x11, 0x11, 0x11, 0x11, 0x11, 0x11, 
	0x11, 0x11, 0x11, 0x00, 0x00, 0x00, 0x00, 0x00, 
	0x00, 0x00, 0x00, 0x00, 0x00, 0x00, 0x00, 0x00, 
	0x00, 0x00, 0x00, 0x00, 0x00, 0x00, 0x00, 0x00, 
	0x00, 0x00, 0x00, 0x00, 0x00, 0x00, 0x00, 0x00, 
	0x00, 0x00, 0x00, 0x00, 0x00, 0x00, 0x00, 0x00, 
	0x00, 0x00, 0x00, 0x00, 0x00, 0x00, 0x00, 0x00, 
	0x00, 0x00, 0x00, 0x00, 0x00, 0x00, 0x00, 0x00, 
	0x00, 0x00, 0x11, 0x11, 0x11, 0x11, 0x11, 0x11, 
	0x11, 0x11, 0x11, 0x00, 0x00, 0x00, 0x00, 0x00, 
	0x00, 0x00, 0x00, 0x00, 0x00, 0x00, 0x00, 0x00, 
	0x00, 0x00, 0x00, 0x00, 0x00, 0x00, 0x00, 0x00, 
	0x00, 0x00, 0x00, 0x00, 0x00, 0x00, 0x00, 0x00, 
	0x00, 0x00, 0x00, 0x00, 0x00, 0x00, 0x00, 0x00, 
	0x00, 0x00, 0x00, 0x00, 0x00, 0x00, 0x00, 0x00, 
	0x00, 0x00, 0x00, 0x00, 0x00, 0x00, 0x00, 0x00, 
	0x00, 0x00, 0x11, 0x11, 0x11, 0x11, 0x11, 0x11, 
	0x11, 0x11, 0x11, 0x00, 0x00, 0x00, 0x00, 0x00, 
	0x00, 0x00, 0x00, 0x00, 0x00, 0x00, 0x00, 0x00, 
	0x00, 0x00, 0x00, 0x00, 0x00, 0x00, 0x00, 0x00, 
	0x00, 0x00, 0x00, 0x00, 0x00, 0x00, 0x00, 0x00, 
	0x00, 0x00, 0x00, 0x00, 0x00, 0x00, 0x00, 0x00, 
	0x00, 0x00, 0x00, 0x00, 0x00, 0x00, 0x00, 0x00, 
	0x00, 0x00, 0x00, 0x00, 0x00, 0x00, 0x00, 0x00, 
	0x00, 0x00, 0x11, 0x11, 0x11, 0x11, 0x11, 0x11, 
	0x11, 0x11, 0x10, 0x00, 0x00, 0x00, 0x00, 0x00, 
	0x00, 0x00, 0x00, 0x00, 0x00, 0x00, 0x00, 0x00, 
	0x00, 0x00, 0x00, 0x00, 0x00, 0x00, 0x00, 0x00, 
	0x00, 0x00, 0x00, 0x00, 0x00, 0x00, 0x00, 0x00, 
	0x00, 0x00, 0x00, 0x00, 0x00, 0x00, 0x00, 0x00, 
	0x00, 0x00, 0x00, 0x00, 0x00, 0x00, 0x00, 0x00, 
	0x00, 0x00, 0x00, 0x00, 0x00, 0x00, 0x00, 0x00, 
	0x00, 0x00, 0x01, 0x11, 0x11, 0x11, 0x11, 0x11, 
	0x11, 0x11, 0x10, 0x00, 0x00, 0x00, 0x00, 0x00, 
	0x00, 0x00, 0x00, 0x00, 0x00, 0x00, 0x00, 0x00, 
	0x00, 0x00, 0x00, 0x00, 0x00, 0x00, 0x00, 0x00, 
	0x00, 0x00, 0x00, 0x00, 0x00, 0x00, 0x00, 0x00, 
	0x00, 0x00, 0x00, 0x00, 0x00, 0x00, 0x00, 0x00, 
	0x00, 0x00, 0x00, 0x00, 0x00, 0x00, 0x00, 0x00, 
	0x00, 0x00, 0x00, 0x00, 0x00, 0x00, 0x00, 0x00, 
	0x00, 0x00, 0x01, 0x11, 0x11, 0x11, 0x11, 0x11, 
	0x11, 0x11, 0x10, 0x00, 0x00, 0x00, 0x00, 0x00, 
	0x00, 0x00, 0x00, 0x00, 0x00, 0x00, 0x00, 0x00, 
	0x00, 0x00, 0x00, 0x00, 0x00, 0x00, 0x00, 0x00, 
	0x00, 0x00, 0x00, 0x00, 0x00, 0x00, 0x00, 0x00, 
	0x00, 0x00, 0x00, 0x00, 0x00, 0x00, 0x00, 0x00, 
	0x00, 0x00, 0x00, 0x00, 0x00, 0x00, 0x00, 0x00, 
	0x00, 0x00, 0x00, 0x00, 0x00, 0x00, 0x00, 0x00, 
	0x00, 0x00, 0x00, 0x11, 0x11, 0x11, 0x11, 0x11, 
	0x11, 0x11, 0x00, 0x00, 0x00, 0x00, 0x00, 0x00, 
	0x00, 0x00, 0x00, 0x00, 0x00, 0x00, 0x00, 0x00, 
	0x00, 0x00, 0x00, 0x00, 0x00, 0x00, 0x00, 0x00, 
	0x00, 0x00, 0x00, 0x00, 0x00, 0x00, 0x00, 0x00, 
	0x00, 0x00, 0x00, 0x00, 0x00, 0x00, 0x00, 0x00, 
	0x00, 0x00, 0x00, 0x00, 0x00, 0x00, 0x00, 0x00, 
	0x00, 0x00, 0x00, 0x00, 0x00, 0x00, 0x00, 0x00, 
	0x00, 0x00, 0x00, 0x11, 0x11, 0x11, 0x11, 0x11, 
	0x11, 0x11, 0x00, 0x00, 0x00, 0x00, 0x00, 0x00, 
	0x00, 0x00, 0x00, 0x00, 0x00, 0x00, 0x00, 0x00, 
	0x00, 0x00, 0x00, 0x00, 0x00, 0x00, 0x00, 0x00, 
	0x00, 0x00, 0x00, 0x00, 0x00, 0x00, 0x00, 0x00, 
	0x00, 0x00, 0x00, 0x00, 0x00, 0x00, 0x00, 0x00, 
	0x00, 0x00, 0x00, 0x00, 0x00, 0x00, 0x00, 0x00, 
	0x00, 0x00, 0x00, 0x00, 0x00, 0x00, 0x00, 0x00, 
	0x00, 0x00, 0x00, 0x11, 0x11, 0x10, 0x00, 0x00, 
	0x00, 0x00, 0x00, 0x00, 0x00, 0x00, 0x00, 0x00, 
	0x00, 0x00, 0x00, 0x00, 0x00, 0x00, 0x00, 0x00, 
	0x00, 0x00, 0x00, 0x00, 0x00, 0x00, 0x00, 0x00, 
	0x00, 0x00, 0x00, 0x00, 0x00, 0x00, 0x00, 0x00, 
	0x00, 0x00, 0x00, 0x00, 0x00, 0x00, 0x00, 0x00, 
	0x00, 0x00, 0x00, 0x00, 0x00, 0x00, 0x00, 0x00, 
	0x00, 0x00, 0x00, 0x00, 0x00, 0x00, 0x00, 0x00, 
	0x00, 0x00, 0x00, 0x00, 0x00, 0x00, 0x00, 0x00, 
	0x00, 0x00, 0x00, 0x00, 0x00, 0x00, 0x00, 0x00, 
	0x00, 0x00, 0x00, 0x00, 0x00, 0x00, 0x00, 0x00, 
	0x00, 0x00, 0x00, 0x00, 0x00, 0x00, 0x00, 0x00, 
	0x00, 0x00, 0x00, 0x00, 0x00, 0x00, 0x00, 0x00, 
	0x00, 0x00, 0x00, 0x00, 0x00, 0x00, 0x00, 0x00, 
	0x00, 0x00, 0x00, 0x00, 0x00, 0x00, 0x00, 0x00, 
	0x00, 0x00, 0x00, 0x00, 0x00, 0x00, 0x00, 0x00, 
	0x00, 0x00, 0x00, 0x00, 0x00, 0x00, 0x00, 0x00, 
	0x00, 0x00, 0x00, 0x00, 0x00, 0x00, 0x00, 0x00, 
	0x00, 0x00, 0x00, 0x00, 0x00, 0x00, 0x00, 0x00, 
	0x00, 0x00, 0x00, 0x00, 0x00, 0x00, 0x00, 0x00, 
	0x00, 0x00, 0x00, 0x00, 0x00, 0x00, 0x00, 0x00, 
	0x00, 0x00, 0x00, 0x00, 0x00, 0x00, 0x00, 0x00, 
	0x00, 0x00, 0x00, 0x00, 0x00, 0x00, 0x00, 0x00, 
	0x00, 0x00, 0x00, 0x00, 0x00, 0x00, 0x00, 0x00, 
	0x00, 0x00, 0x00, 0x00, 0x00, 0x00, 0x00, 0x00, 
	0x00, 0x00, 0x00, 0x00, 0x00, 0x00, 0x00, 0x00, 
	0x00, 0x00, 0x00, 0x00, 0x00, 0x00, 0x00, 0x00, 
	0x00, 0x00, 0x00, 0x00, 0x00, 0x00, 0x00, 0x00, 
	0x00, 0x00, 0x00, 0x00, 0x00, 0x00, 0x00, 0x00, 
	0x00, 0x00, 0x00, 0x00, 0x00, 0x00, 0x00, 0x00, 
	0x00, 0x00, 0x00, 0x00, 0x00, 0x00, 0x00, 0x00, 
	0x00, 0x00, 0x00, 0x00, 0x00, 0x00, 0x00, 0x00, 
	0x00, 0x00, 0x00, 0x00, 0x00, 0x00, 0x00, 0x00, 
	0x00, 0x00, 0x00, 0x00, 0x00, 0x00, 0x00, 0x00, 
	0x00, 0x00, 0x00, 0x00, 0x00, 0x00, 0x00, 0x00, 
	0x00, 0x00, 0x00, 0x00, 0x00, 0x00, 0x00, 0x00, 
	0x00, 0x00, 0x00, 0x00, 0x00, 0x00, 0x00, 0x00, 
	0x00, 0x00, 0x00, 0x00, 0x00, 0x00, 0x00, 0x00, 
	0x00, 0x00, 0x00, 0x00, 0x00, 0x00, 0x00, 0x00, 
	0x00, 0x00, 0x00, 0x00, 0x00, 0x00, 0x00, 0x00, 
	0x00, 0x00, 0x00, 0x00, 0x00, 0x00, 0x00, 0x00, 
	0x00, 0x00, 0x00, 0x00, 0x00, 0x00, 0x00, 0x00, 
	0x00, 0x00, 0x00, 0x00, 0x00, 0x00, 0x00, 0x00, 
	0x00, 0x00, 0x00, 0x00, 0x00, 0x00, 0x00, 0x00, 
	0x00, 0x00, 0x00, 0x00, 0x00, 0x00, 0x00, 0x00, 
	0x00, 0x00, 0x00, 0x00, 0x00, 0x00, 0x00, 0x00, 
	0x00, 0x00, 0x00, 0x00, 0x00, 0x00, 0x00, 0x00, 
	0x00, 0x00, 0x00, 0x00, 0x00, 0x00, 0x00, 0x00, 
	0x00, 0x00, 0x00, 0x00, 0x00, 0x00, 0x00, 0x00, 
	0x01, 0x11, 0x10, 0x00, 0x00, 0x00, 0x00, 0x00, 
	0x00, 0x00, 0x00, 0x00, 0x00, 0x00, 0x00, 0x00, 
	0x00, 0x00, 0x00, 0x00, 0x00, 0x00, 0x00, 0x00, 
	0x00, 0x00, 0x00, 0x00, 0x00, 0x00, 0x00, 0x00, 
	0x00, 0x00, 0x00, 0x00, 0x00, 0x00, 0x00, 0x00, 
	0x00, 0x00, 0x00, 0x00, 0x00, 0x00, 0x00, 0x00, 
	0x00, 0x00, 0x00, 0x00, 0x00, 0x00, 0x00, 0x00, 
	0x00, 0x00, 0x00, 0x00, 0x11, 0x11, 0x11, 0x11, 
	0x11, 0x11, 0x10, 0x00, 0x00, 0x00, 0x00, 0x00, 
	0x00, 0x00, 0x00, 0x00, 0x00, 0x00, 0x00, 0x00, 
	0x00, 0x00, 0x00, 0x00, 0x00, 0x00, 0x00, 0x00, 
	0x00, 0x00, 0x00, 0x00, 0x00, 0x00, 0x00, 0x00, 
	0x00, 0x00, 0x00, 0x00, 0x00, 0x00, 0x00, 0x00, 
	0x00, 0x00, 0x00, 0x00, 0x00, 0x00, 0x00, 0x00, 
	0x00, 0x00, 0x00, 0x00, 0x00, 0x00, 0x00, 0x00, 
	0x00, 0x00, 0x00, 0x00, 0x11, 0x11, 0x11, 0x11, 
	0x11, 0x11, 0x10, 0x00, 0x00, 0x00, 0x00, 0x00, 
	0x00, 0x00, 0x00, 0x00, 0x00, 0x00, 0x00, 0x00, 
	0x00, 0x00, 0x00, 0x00, 0x00, 0x00, 0x00, 0x00, 
	0x00, 0x00, 0x00, 0x00, 0x00, 0x00, 0x00, 0x00, 
	0x00, 0x00, 0x00, 0x00, 0x00, 0x00, 0x00, 0x00, 
	0x00, 0x00, 0x00, 0x00, 0x00, 0x00, 0x00, 0x00, 
	0x00, 0x00, 0x00, 0x00, 0x00, 0x00, 0x00, 0x00, 
	0x00, 0x00, 0x00, 0x00, 0x11, 0x11, 0x11, 0x11, 
	0x11, 0x11, 0x10, 0x00, 0x00, 0x00, 0x00, 0x00, 
	0x00, 0x00, 0x00, 0x00, 0x00, 0x00, 0x00, 0x00, 
	0x00, 0x00, 0x00, 0x00, 0x00, 0x00, 0x00, 0x00, 
	0x00, 0x00, 0x00, 0x00, 0x00, 0x00, 0x00, 0x00, 
	0x00, 0x00, 0x00, 0x00, 0x00, 0x00, 0x00, 0x00, 
	0x00, 0x00, 0x00, 0x00, 0x00, 0x00, 0x00, 0x00, 
	0x00, 0x00, 0x00, 0x00, 0x00, 0x00, 0x00, 0x00, 
	0x00, 0x00, 0x00, 0x00, 0x11, 0x11, 0x11, 0x11, 
	0x11, 0x11, 0x11, 0x00, 0x00, 0x00, 0x00, 0x00, 
	0x00, 0x00, 0x00, 0x00, 0x00, 0x00, 0x00, 0x00, 
	0x00, 0x00, 0x00, 0x00, 0x00, 0x00, 0x00, 0x00, 
	0x00, 0x00, 0x00, 0x00, 0x00, 0x00, 0x00, 0x00, 
	0x00, 0x00, 0x00, 0x00, 0x00, 0x00, 0x00, 0x00, 
	0x00, 0x00, 0x00, 0x00, 0x00, 0x00, 0x00, 0x00, 
	0x00, 0x00, 0x00, 0x00, 0x00, 0x00, 0x00, 0x00, 
	0x00, 0x00, 0x00, 0x00, 0x11, 0x11, 0x11, 0x11, 
	0x11, 0x11, 0x11, 0x00, 0x00, 0x00, 0x00, 0x00, 
	0x00, 0x00, 0x00, 0x00, 0x00, 0x00, 0x00, 0x00, 
	0x00, 0x00, 0x00, 0x00, 0x00, 0x00, 0x00, 0x00, 
	0x00, 0x00, 0x00, 0x00, 0x00, 0x00, 0x00, 0x00, 
	0x00, 0x00, 0x00, 0x00, 0x00, 0x00, 0x00, 0x00, 
	0x00, 0x00, 0x00, 0x00, 0x00, 0x00, 0x00, 0x00, 
	0x00, 0x00, 0x00, 0x00, 0x00, 0x00, 0x00, 0x00, 
	0x00, 0x00, 0x00, 0x00, 0x11, 0x11, 0x11, 0x11, 
	0x11, 0x11, 0x11, 0x00, 0x00, 0x00, 0x00, 0x00, 
	0x00, 0x00, 0x00, 0x00, 0x00, 0x00, 0x00, 0x00, 
	0x00, 0x00, 0x00, 0x00, 0x00, 0x00, 0x00, 0x00, 
	0x00, 0x00, 0x00, 0x00, 0x00, 0x00, 0x00, 0x00, 
	0x00, 0x00, 0x00, 0x00, 0x00, 0x00, 0x00, 0x00, 
	0x00, 0x00, 0x00, 0x00, 0x00, 0x00, 0x00, 0x00, 
	0x00, 0x00, 0x00, 0x00, 0x00, 0x00, 0x00, 0x00, 
	0x00, 0x00, 0x00, 0x00, 0x11, 0x11, 0x11, 0x11, 
	0x11, 0x11, 0x11, 0x00, 0x00, 0x00, 0x00, 0x00, 
	0x00, 0x00, 0x00, 0x00, 0x00, 0x00, 0x00, 0x00, 
	0x00, 0x00, 0x00, 0x00, 0x00, 0x00, 0x00, 0x00, 
	0x00, 0x00, 0x00, 0x00, 0x00, 0x00, 0x00, 0x00, 
	0x00, 0x00, 0x00, 0x00, 0x00, 0x00, 0x00, 0x00, 
	0x00, 0x00, 0x00, 0x00, 0x00, 0x00, 0x00, 0x00, 
	0x00, 0x00, 0x00, 0x00, 0x00, 0x00, 0x00, 0x00, 
	0x00, 0x00, 0x00, 0x00, 0x01, 0x11, 0x11, 0x11, 
	0x11, 0x11, 0x11, 0x00, 0x00, 0x00, 0x00, 0x00, 
	0x00, 0x00, 0x00, 0x00, 0x00, 0x00, 0x00, 0x00, 
	0x00, 0x00, 0x00, 0x00, 0x00, 0x00, 0x00, 0x00, 
	0x00, 0x00, 0x00, 0x00, 0x00, 0x00, 0x00, 0x00, 
	0x00, 0x00, 0x00, 0x00, 0x00, 0x00, 0x00, 0x00, 
	0x00, 0x00, 0x00, 0x00, 0x00, 0x00, 0x00, 0x00, 
	0x00, 0x00, 0x00, 0x00, 0x00, 0x00, 0x00, 0x00, 
	0x00, 0x00, 0x00, 0x00, 0x01, 0x11, 0x11, 0x11, 
	0x11, 0x11, 0x11, 0x00, 0x00, 0x00, 0x00, 0x00, 
	0x00, 0x00, 0x00, 0x00, 0x00, 0x00, 0x00, 0x00, 
	0x00, 0x00, 0x00, 0x00, 0x00, 0x00, 0x00, 0x00, 
	0x00, 0x00, 0x00, 0x00, 0x00, 0x00, 0x00, 0x00, 
	0x00, 0x00, 0x00, 0x00, 0x00, 0x00, 0x00, 0x00, 
	0x00, 0x00, 0x00, 0x00, 0x00, 0x00, 0x00, 0x00, 
	0x00, 0x00, 0x00, 0x00, 0x00, 0x00, 0x00, 0x00, 
	0x00, 0x00, 0x00, 0x00, 0x00, 0x11, 0x11, 0x11, 
	0x11, 0x11, 0x10, 0x00, 0x00, 0x00, 0x00, 0x00, 
	0x00, 0x00, 0x00, 0x00, 0x00, 0x00, 0x00, 0x00, 
	0x00, 0x00, 0x00, 0x00, 0x00, 0x00, 0x00, 0x00, 
	0x00, 0x00, 0x00, 0x00, 0x00, 0x00, 0x00, 0x00, 
	0x00, 0x00, 0x00, 0x00, 0x00, 0x00, 0x00, 0x00, 
	0x00, 0x00, 0x00, 0x00, 0x00, 0x00, 0x00, 0x00, 
	0x00, 0x00, 0x00, 0x00, 0x00, 0x00, 0x00, 0x00, 
	0x00, 0x00, 0x00, 0x00, 0x00, 0x11, 0x11, 0x11, 
	0x11, 0x11, 0x10, 0x00, 0x00, 0x00, 0x00, 0x00, 
	0x00, 0x00, 0x00, 0x00, 0x00, 0x00, 0x00, 0x00, 
	0x00, 0x00, 0x00, 0x00, 0x00, 0x00, 0x00, 0x00, 
	0x00, 0x00, 0x00, 0x00, 0x00, 0x00, 0x00, 0x00, 
	0x00, 0x00, 0x00, 0x00, 0x00, 0x00, 0x00, 0x00, 
	0x00, 0x00, 0x00, 0x00, 0x00, 0x00, 0x00, 0x00, 
	0x00, 0x00, 0x00, 0x00, 0x00, 0x00, 0x00, 0x00, 
	0x00, 0x00, 0x00, 0x00, 0x00, 0x01, 0x11, 0x11, 
	0x11, 0x11, 0x00, 0x00, 0x00, 0x00, 0x00, 0x00, 
	0x00, 0x00, 0x00, 0x00, 0x00, 0x00, 0x00, 0x00, 
	0x00, 0x00, 0x00, 0x00, 0x00, 0x00, 0x00, 0x00, 
	0x00, 0x00, 0x00, 0x00, 0x00, 0x00, 0x00, 0x00, 
	0x00, 0x00, 0x00, 0x00, 0x00, 0x00, 0x00, 0x00, 
	0x00, 0x00, 0x00, 0x00, 0x00, 0x00, 0x00, 0x00, 
	0x00, 0x00, 0x00, 0x00, 0x00, 0x00, 0x00, 0x00, 
	0x00, 0x00, 0x00, 0x00, 0x00, 0x00, 0x01, 0x11, 
	0x11, 0x10, 0x00, 0x00, 0x00, 0x00, 0x00, 0x00, 
	0x00, 0x00, 0x00, 0x00, 0x00, 0x00, 0x00, 0x00, 
	0x00, 0x00, 0x00, 0x00, 0x00, 0x00, 0x00, 0x00, 
	0x00, 0x00, 0x00, 0x00, 0x00, 0x00, 0x00, 0x00, 
	0x00, 0x00, 0x00, 0x00, 0x00, 0x00, 0x00, 0x00, 
	0x00, 0x00, 0x00, 0x00, 0x00, 0x00, 0x00, 0x00, 
	0x00, 0x00, 0x00, 0x00, 0x00, 0x00, 0x00, 0x00, 
	0x00, 0x00, 0x00, 0x00, 0x00, 0x00, 0x00, 0x00, 
	0x00, 0x00, 0x00, 0x00, 0x00, 0x00, 0x00, 0x00, 
	0x00, 0x00, 0x00, 0x00, 0x00, 0x00, 0x00, 0x00, 
	0x00, 0x00, 0x00, 0x00, 0x00, 0x00, 0x00, 0x00, 
	0x00, 0x00, 0x00, 0x00, 0x00, 0x00, 0x00, 0x00, 
	0x00, 0x00, 0x00, 0x00, 0x00, 0x00, 0x00, 0x00, 
	0x00, 0x00, 0x00, 0x00, 0x00, 0x00, 0x00, 0x00, 
	0x00, 0x00, 0x00, 0x00, 0x00, 0x00, 0x00, 0x00, 
	0x00, 0x00, 0x00, 0x00, 0x00, 0x00, 0x00, 0x00, 
	0x00, 0x00, 0x00, 0x00, 0x00, 0x00, 0x00, 0x00, 
	0x00, 0x00, 0x00, 0x00, 0x00, 0x00, 0x00, 0x00, 
	0x00, 0x00, 0x00, 0x00, 0x00, 0x00, 0x00, 0x00, 
	0x00, 0x00, 0x00, 0x00, 0x00, 0x00, 0x00, 0x00, 
	0x00, 0x00, 0x00, 0x00, 0x00, 0x00, 0x00, 0x00, 
	0x00, 0x00, 0x00, 0x00, 0x00, 0x00, 0x00, 0x00, 
	0x00, 0x00, 0x00, 0x00, 0x00, 0x00, 0x00, 0x00, 
	0x00, 0x00, 0x00, 0x00, 0x00, 0x00, 0x00, 0x00, 
	0x00, 0x00, 0x00, 0x00, 0x00, 0x00, 0x00, 0x00, 
	0x00, 0x00, 0x00, 0x00, 0x00, 0x00, 0x00, 0x00, 
	0x00, 0x00, 0x00, 0x00, 0x00, 0x00, 0x00, 0x00, 
	0x00, 0x00, 0x00, 0x00, 0x00, 0x00, 0x00, 0x00, 
	0x00, 0x00, 0x00, 0x00, 0x00, 0x00, 0x00, 0x00, 
	0x00, 0x00, 0x00, 0x00, 0x00, 0x00, 0x00, 0x00, 
	0x00, 0x00, 0x00, 0x00, 0x00, 0x00, 0x00, 0x00, 
	0x00, 0x00, 0x00, 0x00, 0x00, 0x00, 0x00, 0x00, 
	0x00, 0x00, 0x00, 0x00, 0x00, 0x00, 0x00, 0x00, 
	0x00, 0x00, 0x00, 0x00, 0x00, 0x00, 0x00, 0x00, 
	0x00, 0x00, 0x00, 0x00, 0x00, 0x00, 0x00, 0x00, 
	0x00, 0x00, 0x00, 0x00, 0x00, 0x00, 0x00, 0x00, 
	0x00, 0x00, 0x00, 0x00, 0x00, 0x00, 0x00, 0x00, 
	0x00, 0x00, 0x00, 0x00, 0x00, 0x00, 0x00, 0x00, 
	0x00, 0x00, 0x00, 0x00, 0x00, 0x00, 0x00, 0x00, 
	0x00, 0x00, 0x00, 0x00, 0x00, 0x00, 0x00, 0x00, 
	0x00, 0x00, 0x00, 0x00, 0x00, 0x00, 0x00, 0x00, 
	0x00, 0x00, 0x00, 0x00, 0x00, 0x00, 0x00, 0x00, 
	0x00, 0x00, 0x00, 0x00, 0x00, 0x00, 0x00, 0x00, 
	0x00, 0x00, 0x00, 0x00, 0x00, 0x00, 0x00, 0x00, 
	0x00, 0x00, 0x00, 0x00, 0x00, 0x00, 0x00, 0x00, 
	0x00, 0x00, 0x00, 0x00, 0x00, 0x00, 0x00, 0x00, 
	0x00, 0x00, 0x00, 0x00, 0x00, 0x00, 0x00, 0x00, 
	
};

Gfx pitstop_dl_gaspump_rgba16_aligner[] = {gsSPEndDisplayList()};
u8 pitstop_dl_gaspump_rgba16[] = {
	0xff, 0xff, 0xff, 0xff, 0xff, 0xff, 0xff, 0xff, 
	0xff, 0xff, 0xff, 0xff, 0xff, 0xff, 0xff, 0xff, 
	0xff, 0xff, 0xff, 0xff, 0xff, 0xff, 0xff, 0xff, 
	0xff, 0xff, 0xf7, 0xbd, 0xf7, 0xbd, 0xf7, 0xbd, 
	0xf7, 0xbd, 0xf7, 0xbd, 0xf7, 0xbd, 0xff, 0xff, 
	0xff, 0xff, 0xff, 0xff, 0xff, 0xff, 0xff, 0xff, 
	0xff, 0xff, 0xff, 0xff, 0xff, 0xff, 0xff, 0xff, 
	0xff, 0xff, 0xff, 0xff, 0xff, 0xff, 0xff, 0xff, 
	0xff, 0xff, 0xff, 0xff, 0xff, 0xff, 0xff, 0xff, 
	0xff, 0xff, 0xff, 0xff, 0xff, 0xff, 0xff, 0xff, 
	0xff, 0xff, 0xff, 0xff, 0xf7, 0xbd, 0xf7, 0xbd, 
	0xff, 0xfd, 0xff, 0xfd, 0xff, 0xfd, 0xff, 0xfd, 
	0xff, 0xbd, 0xff, 0xbd, 0xff, 0xbd, 0xff, 0xbd, 
	0xf7, 0xbd, 0xf7, 0xbd, 0xf7, 0xbd, 0xff, 0xff, 
	0xff, 0xff, 0xff, 0xff, 0xff, 0xff, 0xff, 0xff, 
	0xff, 0xff, 0xff, 0xff, 0xff, 0xff, 0xff, 0xff, 
	0xff, 0xff, 0xff, 0xff, 0xff, 0xff, 0xff, 0xff, 
	0xff, 0xff, 0xff, 0xff, 0xff, 0xff, 0xff, 0xff, 
	0xf7, 0xbd, 0xff, 0xfd, 0xff, 0xfd, 0xff, 0xbb, 
	0xff, 0xb9, 0xff, 0x77, 0xfe, 0xb1, 0xf6, 0x2f, 
	0xf6, 0x2d, 0xf6, 0x6f, 0xf6, 0xf3, 0xff, 0x77, 
	0xff, 0x79, 0xff, 0xb9, 0xff, 0xbb, 0xf7, 0xbd, 
	0xf7, 0xbd, 0xff, 0xff, 0xff, 0xff, 0xff, 0xff, 
	0xff, 0xff, 0xff, 0xff, 0xff, 0xff, 0xff, 0xff, 
	0xff, 0xff, 0xff, 0xff, 0xff, 0xff, 0xff, 0xff, 
	0xff, 0xff, 0xff, 0xff, 0xff, 0xff, 0xf7, 0xbd, 
	0xff, 0xfd, 0xff, 0xbb, 0xff, 0xb9, 0xf6, 0x2d, 
	0xf5, 0xa9, 0xf6, 0x2d, 0xfe, 0xf3, 0xff, 0x35, 
	0xff, 0x75, 0xf7, 0x33, 0xf6, 0x6f, 0xf5, 0xa9, 
	0xf5, 0xa9, 0xf6, 0xf3, 0xf7, 0x77, 0xf7, 0xb9, 
	0xf7, 0xbb, 0xf7, 0xbd, 0xff, 0xff, 0xff, 0xff, 
	0xff, 0xff, 0xff, 0xff, 0xff, 0xff, 0xff, 0xff, 
	0xff, 0xff, 0xff, 0xff, 0xff, 0xff, 0xff, 0xff, 
	0xff, 0xff, 0xff, 0xff, 0xf7, 0xbd, 0xff, 0xfd, 
	0xff, 0xbb, 0xff, 0x37, 0xf5, 0x25, 0xf6, 0xb1, 
	0xff, 0x77, 0xff, 0x77, 0xff, 0x77, 0xf7, 0x77, 
	0xf7, 0x75, 0xf7, 0x75, 0xf7, 0x75, 0xf7, 0x75, 
	0xf7, 0x35, 0xf5, 0xa7, 0xf5, 0xeb, 0xf7, 0x75, 
	0xf7, 0x77, 0xf7, 0xbb, 0xf7, 0xbd, 0xff, 0xff, 
	0xff, 0xff, 0xff, 0xff, 0xff, 0xff, 0xff, 0xff, 
	0xff, 0xff, 0xff, 0xff, 0xff, 0xff, 0xff, 0xff, 
	0xff, 0xff, 0xf7, 0xbd, 0xff, 0xfd, 0xff, 0xbb, 
	0xff, 0x77, 0xf4, 0xe3, 0xf6, 0xaf, 0xf4, 0x61, 
	0xf3, 0xdd, 0xf5, 0xeb, 0xf7, 0x75, 0xf6, 0xf1, 
	0xec, 0x5f, 0xf7, 0x33, 0xff, 0x75, 0xed, 0xa7, 
	0xec, 0x1f, 0xf5, 0x67, 0xed, 0x25, 0xf6, 0x6d, 
	0xf7, 0x35, 0xf7, 0x79, 0xf7, 0xbd, 0xff, 0xff, 
	0xff, 0xff, 0xff, 0xff, 0xff, 0xff, 0xff, 0xff, 
	0xff, 0xff, 0xff, 0xff, 0xff, 0xff, 0xff, 0xff, 
	0xff, 0xff, 0xf7, 0xbd, 0xff, 0xfd, 0xff, 0xb9, 
	0xf6, 0xb1, 0xf5, 0x67, 0xf4, 0x1d, 0xf5, 0xa9, 
	0xf6, 0xaf, 0xf6, 0x2d, 0xf7, 0x75, 0xf5, 0xa7, 
	0xea, 0x93, 0xf6, 0x2d, 0xf6, 0xf1, 0xe9, 0x4b, 
	0xf5, 0x25, 0xec, 0x5f, 0xf6, 0xf3, 0xec, 0x5f, 
	0xf7, 0x33, 0xf7, 0x75, 0xf7, 0xbb, 0xf7, 0xbf, 
	0xff, 0xff, 0xff, 0xff, 0xff, 0xff, 0xff, 0xff, 
	0xff, 0xff, 0xff, 0xff, 0xff, 0xff, 0xff, 0xff, 
	0xff, 0xff, 0xf7, 0xbd, 0xff, 0xbb, 0xff, 0xb9, 
	0xf6, 0x6f, 0xf5, 0xa9, 0xeb, 0x17, 0xf5, 0xeb, 
	0xeb, 0x17, 0xeb, 0x99, 0xf7, 0x33, 0xea, 0xd5, 
	0xec, 0x5f, 0xec, 0x1f, 0xf7, 0x33, 0xec, 0xa1, 
	0xec, 0x1d, 0xe9, 0xcf, 0xf6, 0xb1, 0xec, 0x5d, 
	0xf7, 0x33, 0xf7, 0x35, 0xf7, 0xbb, 0xf7, 0xbd, 
	0xff, 0xff, 0xff, 0xff, 0xff, 0xff, 0xff, 0xff, 
	0xff, 0xff, 0xff, 0xff, 0xff, 0xff, 0xff, 0xff, 
	0xff, 0xff, 0xf7, 0xbd, 0xff, 0xfb, 0xff, 0xb9, 
	0xf7, 0x33, 0xec, 0x61, 0xf5, 0xa9, 0xea, 0x93, 
	0xeb, 0x99, 0xec, 0x1d, 0xf5, 0xeb, 0xec, 0x5f, 
	0xf6, 0x6d, 0xea, 0x51, 0xf6, 0x2b, 0xea, 0x53, 
	0xec, 0x1d, 0xea, 0x93, 0xf6, 0x2b, 0xed, 0x25, 
	0xf7, 0x31, 0xf7, 0x35, 0xf7, 0x7b, 0xff, 0xff, 
	0xff, 0xff, 0xff, 0xff, 0xff, 0xff, 0xff, 0xff, 
	0xff, 0xff, 0xff, 0xff, 0xff, 0xff, 0xff, 0xff, 
	0xff, 0xff, 0xf7, 0xbd, 0xff, 0xbb, 0xff, 0xb9, 
	0xff, 0x77, 0xf6, 0x2b, 0xf5, 0x67, 0xf6, 0xf1, 
	0xf6, 0xaf, 0xf7, 0x33, 0xf6, 0xf1, 0xf6, 0xf1, 
	0xf7, 0x33, 0xf6, 0xaf, 0xf6, 0xf1, 0xf6, 0xef, 
	0xf6, 0x6d, 0xf6, 0x6d, 0xec, 0x5f, 0xf6, 0xef, 
	0xf6, 0xf1, 0xf7, 0x35, 0xf7, 0x7b, 0xff, 0xff, 
	0xff, 0xff, 0xff, 0xff, 0xff, 0xff, 0xff, 0xff, 
	0xff, 0xff, 0xff, 0xff, 0xff, 0xff, 0xff, 0xff, 
	0xff, 0xff, 0xff, 0xff, 0xf7, 0xbd, 0xff, 0xb9, 
	0xff, 0x77, 0xf7, 0x75, 0xf6, 0x6d, 0xec, 0xe3, 
	0xf6, 0x2b, 0xf7, 0x31, 0xf7, 0x31, 0xf7, 0x31, 
	0xf7, 0x31, 0xf7, 0x31, 0xf7, 0x31, 0xf6, 0xaf, 
	0xed, 0x65, 0xed, 0x23, 0xf6, 0xef, 0xf6, 0xef, 
	0xf6, 0xf3, 0xf7, 0x79, 0xff, 0xfd, 0xff, 0xff, 
	0xff, 0xff, 0xff, 0xff, 0xff, 0xff, 0xff, 0xff, 
	0xff, 0xff, 0xff, 0xff, 0xff, 0xff, 0xff, 0xff, 
	0xff, 0xff, 0xff, 0xff, 0xff, 0xff, 0xf7, 0xbd, 
	0xf7, 0x79, 0xff, 0x75, 0xf7, 0x33, 0xf7, 0x31, 
	0xf6, 0x6b, 0xf5, 0x65, 0xed, 0x65, 0xed, 0x65, 
	0xed, 0x65, 0xed, 0x65, 0xed, 0x23, 0xed, 0x65, 
	0xf6, 0xab, 0xf6, 0xab, 0xf6, 0xab, 0xf6, 0xf1, 
	0xf7, 0x79, 0xff, 0xfd, 0xff, 0xff, 0xff, 0xff, 
	0xff, 0xff, 0xff, 0xff, 0xff, 0xff, 0xff, 0xff, 
	0xff, 0xff, 0xff, 0xff, 0xff, 0xff, 0xff, 0xff, 
	0xff, 0xff, 0xff, 0xff, 0xff, 0xff, 0xff, 0xff, 
	0xf7, 0xbd, 0xf7, 0x7b, 0xff, 0x33, 0xf6, 0xed, 
	0xf6, 0xab, 0xf6, 0xab, 0xf6, 0xab, 0xf6, 0xa9, 
	0xf6, 0xa9, 0xf6, 0x69, 0xee, 0x67, 0xee, 0x25, 
	0xee, 0x23, 0xf6, 0x27, 0xf6, 0xf3, 0xf7, 0xbb, 
	0xff, 0xff, 0xff, 0xff, 0xff, 0xff, 0xff, 0xff, 
	0xff, 0xff, 0xff, 0xff, 0xff, 0xff, 0xff, 0xff, 
	0xff, 0xff, 0xff, 0xff, 0xff, 0xff, 0xff, 0xff, 
	0xff, 0xff, 0xff, 0xff, 0xff, 0xff, 0xff, 0xff, 
	0xff, 0xff, 0xff, 0xff, 0xff, 0xff, 0xf7, 0xbb, 
	0xee, 0xf5, 0xf6, 0xad, 0xf6, 0x69, 0xee, 0x25, 
	0xed, 0xe3, 0xed, 0x9f, 0xed, 0xa1, 0xee, 0x6d, 
	0xf7, 0x79, 0xf7, 0xbd, 0xff, 0xff, 0xff, 0xff, 
	0xff, 0xff, 0xff, 0xff, 0xff, 0xff, 0xff, 0xff, 
	0xff, 0xff, 0xff, 0xff, 0xff, 0xff, 0xff, 0xff, 
	0xff, 0xff, 0xff, 0xff, 0xff, 0xff, 0xff, 0xff, 
	0xff, 0xff, 0xff, 0xff, 0xff, 0xff, 0xff, 0xff, 
	0xf7, 0xbd, 0xf7, 0xbd, 0xf7, 0xbd, 0xf7, 0x7b, 
	0xf6, 0xb5, 0xf5, 0xa9, 0xec, 0x5d, 0xe3, 0x99, 
	0xdb, 0x55, 0xdb, 0x15, 0xe3, 0x99, 0xf5, 0xed, 
	0xf6, 0xf7, 0xf7, 0xbd, 0xf7, 0xbd, 0xf7, 0xbd, 
	0xf7, 0xbd, 0xff, 0xff, 0xff, 0xff, 0xff, 0xff, 
	0xff, 0xff, 0xff, 0xff, 0xff, 0xff, 0xff, 0xff, 
	0xff, 0xff, 0xff, 0xff, 0xff, 0xff, 0xff, 0xbd, 
	0xf7, 0xbd, 0xf7, 0xbd, 0xf7, 0xbd, 0xff, 0xbd, 
	0xff, 0xbd, 0xfe, 0xf5, 0xf4, 0xa1, 0xf2, 0x91, 
	0xf1, 0xcd, 0xe9, 0x4b, 0xe9, 0x4d, 0xe9, 0x8d, 
	0xe9, 0x4b, 0xe9, 0x0b, 0xe9, 0x09, 0xf0, 0xc9, 
	0xf1, 0x09, 0xf2, 0xd3, 0xfd, 0xab, 0xff, 0xbd, 
	0xff, 0xff, 0xff, 0xbd, 0xf7, 0xbd, 0xf7, 0xbd, 
	0xf7, 0xbd, 0xff, 0xff, 0xff, 0xff, 0xff, 0xff, 
	0xff, 0xff, 0xf7, 0xbd, 0xf7, 0xbd, 0xff, 0xfd, 
	0xff, 0xff, 0xff, 0x7b, 0xf6, 0xb3, 0xe5, 0x6b, 
	0xcb, 0xdf, 0xb2, 0x53, 0xa0, 0xc7, 0x90, 0x43, 
	0x80, 0x03, 0x78, 0x03, 0x70, 0x01, 0x70, 0x01, 
	0x70, 0x03, 0x70, 0x03, 0x70, 0x03, 0x78, 0x03, 
	0x80, 0x03, 0x90, 0x45, 0xa1, 0x09, 0xbb, 0x9d, 
	0xd5, 0x29, 0xe6, 0x31, 0xf7, 0x39, 0xff, 0xff, 
	0xff, 0xff, 0xff, 0xbd, 0xf7, 0xbd, 0xff, 0xff, 
	0xf7, 0xbd, 0xf7, 0xbd, 0xf7, 0xbd, 0xef, 0x7b, 
	0xde, 0xf7, 0xde, 0x31, 0xd5, 0xef, 0xcd, 0xaf, 
	0xc5, 0xad, 0xc5, 0xad, 0xc5, 0xad, 0xc5, 0xad, 
	0xc5, 0xad, 0xbd, 0xad, 0xbd, 0x6b, 0xbd, 0x6b, 
	0xbd, 0x6b, 0xbd, 0x6b, 0xbd, 0x6b, 0xbd, 0x6b, 
	0xbd, 0x6b, 0xbd, 0x6b, 0xbd, 0x6b, 0xbd, 0x6b, 
	0xbd, 0x6b, 0xc5, 0xab, 0xcd, 0xad, 0xde, 0x71, 
	0xde, 0xf7, 0xe7, 0x39, 0xef, 0x7b, 0xef, 0x7b, 
	0xf7, 0x39, 0xe6, 0xf7, 0xe6, 0xf5, 0xd6, 0x31, 
	0xb5, 0x69, 0xad, 0x29, 0xad, 0x29, 0xac, 0xe7, 
	0xa4, 0xe7, 0xa4, 0xe7, 0xa4, 0xe7, 0xa4, 0xe7, 
	0xa4, 0xe7, 0xa4, 0xe7, 0x9c, 0xe5, 0x9c, 0xa5, 
	0x9c, 0xa5, 0x9c, 0xa5, 0x9c, 0xa5, 0x9c, 0xa5, 
	0x9c, 0xa5, 0x9c, 0xa5, 0x9c, 0xa5, 0x9c, 0xa5, 
	0x9c, 0xa5, 0x9c, 0xa5, 0x9c, 0xa5, 0xa4, 0xe7, 
	0xad, 0x29, 0xb5, 0x6b, 0xce, 0x31, 0xde, 0xb5, 
	0xf5, 0x29, 0xc0, 0x85, 0xd2, 0x0f, 0xc8, 0x85, 
	0x98, 0x03, 0x88, 0x03, 0x88, 0x03, 0x88, 0x03, 
	0x88, 0x03, 0x88, 0x03, 0x80, 0x03, 0x80, 0x03, 
	0x80, 0x03, 0x80, 0x43, 0x80, 0x43, 0x78, 0x43, 
	0x78, 0x03, 0x78, 0x43, 0x78, 0x03, 0x78, 0x03, 
	0x78, 0x03, 0x78, 0x03, 0x78, 0x01, 0x70, 0x03, 
	0x70, 0x03, 0x70, 0x03, 0x78, 0x01, 0x80, 0x03, 
	0x88, 0x03, 0x90, 0xc7, 0x78, 0x03, 0xb2, 0x53, 
	0xf5, 0x27, 0xd0, 0x85, 0xe1, 0xcf, 0xd0, 0x45, 
	0x98, 0x03, 0x90, 0x03, 0x90, 0x03, 0xb3, 0x9b, 
	0xcd, 0xed, 0xce, 0x31, 0xce, 0x73, 0xce, 0x73, 
	0xce, 0x71, 0xce, 0x73, 0xce, 0x33, 0xce, 0x33, 
	0xce, 0x31, 0xce, 0x33, 0xce, 0x33, 0xce, 0x31, 
	0xce, 0x31, 0xce, 0x31, 0xc5, 0xef, 0xb4, 0xe7, 
	0x79, 0xcf, 0x70, 0x03, 0x78, 0x01, 0x80, 0x03, 
	0x88, 0x03, 0x98, 0xc7, 0x80, 0x03, 0xba, 0x13, 
	0xf4, 0xe7, 0xd0, 0x85, 0xe1, 0xcd, 0xd0, 0x45, 
	0x98, 0x03, 0x90, 0x03, 0x90, 0x03, 0xde, 0x31, 
	0xb5, 0xad, 0xc6, 0x31, 0xce, 0x73, 0xce, 0x73, 
	0xce, 0x73, 0xce, 0x73, 0xb5, 0xad, 0xa5, 0x29, 
	0xa5, 0x29, 0xb5, 0xad, 0xce, 0x73, 0xce, 0x73, 
	0xce, 0x73, 0xce, 0x73, 0xd6, 0xb5, 0xc6, 0x31, 
	0xa4, 0x63, 0x70, 0x01, 0x70, 0x03, 0x80, 0x03, 
	0x88, 0x03, 0xa0, 0x85, 0x80, 0x03, 0xba, 0x11, 
	0xf4, 0xe5, 0xd0, 0x45, 0xe1, 0x8d, 0xd0, 0x45, 
	0x98, 0x03, 0x90, 0x03, 0x98, 0x43, 0xde, 0x31, 
	0xbd, 0xef, 0xc6, 0x31, 0xd6, 0xb5, 0xd6, 0xb5, 
	0xd6, 0xb5, 0x94, 0xa5, 0x8c, 0x63, 0xa5, 0x29, 
	0x9c, 0xe7, 0x94, 0xa5, 0x94, 0xa5, 0xd6, 0xb5, 
	0xd6, 0xb5, 0xd6, 0xb5, 0xd6, 0xb5, 0xce, 0x71, 
	0xa4, 0x63, 0x68, 0x03, 0x70, 0x01, 0x78, 0x03, 
	0x88, 0x03, 0xa0, 0x87, 0x80, 0x03, 0xba, 0x11, 
	0xf4, 0xe5, 0xd0, 0x45, 0xe1, 0x8d, 0xd0, 0x45, 
	0x98, 0x03, 0x90, 0x03, 0x98, 0x03, 0xde, 0x31, 
	0xbd, 0xef, 0xce, 0x73, 0xd6, 0xb5, 0xd6, 0xb5, 
	0xce, 0x73, 0x8c, 0x63, 0x9c, 0xe7, 0x9c, 0xe7, 
	0xa5, 0x29, 0x9c, 0xe7, 0x84, 0x21, 0xc6, 0x31, 
	0xd6, 0xb5, 0xd6, 0xb5, 0xd6, 0xb5, 0xce, 0x71, 
	0xa4, 0x63, 0x68, 0x03, 0x70, 0x03, 0x78, 0x03, 
	0x88, 0x03, 0x98, 0x87, 0x80, 0x03, 0xb2, 0x0f, 
	0xf4, 0xe5, 0xd0, 0x45, 0xe1, 0x8d, 0xd0, 0x45, 
	0x98, 0x03, 0x90, 0x03, 0x98, 0x03, 0xde, 0x31, 
	0xbd, 0xef, 0xce, 0x73, 0xd6, 0xb5, 0xd6, 0xb5, 
	0xd6, 0xb5, 0xb5, 0xad, 0x8c, 0x63, 0x8c, 0x63, 
	0x94, 0xa5, 0x8c, 0x63, 0xb5, 0xad, 0xd6, 0xb5, 
	0xd6, 0xb5, 0xd6, 0xb5, 0xd6, 0xb5, 0xc6, 0x31, 
	0xa4, 0x63, 0x68, 0x03, 0x70, 0x01, 0x78, 0x03, 
	0x88, 0x03, 0x98, 0x87, 0x78, 0x03, 0xb1, 0xcf, 
	0xf4, 0xa5, 0xd0, 0x45, 0xe1, 0x4d, 0xc8, 0x45, 
	0x98, 0x03, 0x90, 0x03, 0x98, 0x03, 0xd6, 0x31, 
	0xb5, 0xad, 0xce, 0x73, 0xd6, 0xb5, 0xd6, 0xb5, 
	0xd6, 0xb5, 0xd6, 0xb5, 0xd6, 0xb5, 0xc6, 0x31, 
	0xc6, 0x31, 0xd6, 0xb5, 0xd6, 0xb5, 0xd6, 0xb5, 
	0xd6, 0xb5, 0xd6, 0xb5, 0xd6, 0xb5, 0xc6, 0x31, 
	0xa4, 0x63, 0x68, 0x01, 0x70, 0x01, 0x78, 0x03, 
	0x88, 0x03, 0xa0, 0x85, 0x78, 0x01, 0xb1, 0x8f, 
	0xf4, 0xa3, 0xc8, 0x45, 0xe1, 0x4b, 0xd0, 0x45, 
	0x98, 0x03, 0x90, 0x03, 0x98, 0x03, 0xd6, 0x31, 
	0xb5, 0xad, 0xce, 0x73, 0xd6, 0xb5, 0xd6, 0xb5, 
	0x94, 0xa5, 0x5a, 0xd7, 0x6b, 0x5b, 0x63, 0x19, 
	0x63, 0x19, 0x6b, 0x5b, 0x63, 0x19, 0x94, 0xa5, 
	0xd6, 0xb5, 0xd6, 0xb5, 0xd6, 0xb5, 0xc6, 0x31, 
	0xa4, 0x63, 0x68, 0x03, 0x70, 0x03, 0x78, 0x03, 
	0x88, 0x03, 0x98, 0x85, 0x78, 0x03, 0xb1, 0x8d, 
	0xe3, 0x9b, 0xc8, 0x45, 0xd9, 0x4b, 0xc8, 0x45, 
	0x98, 0x03, 0x90, 0x03, 0x98, 0x03, 0xd6, 0x31, 
	0xb5, 0xad, 0xce, 0x73, 0xd6, 0xb5, 0xd6, 0xb5, 
	0x8c, 0x63, 0x5a, 0xd7, 0x6b, 0x5b, 0x5a, 0xd7, 
	0x63, 0x19, 0x63, 0x19, 0x52, 0x95, 0x94, 0xa5, 
	0xd6, 0xb5, 0xd6, 0xb5, 0xd6, 0xb5, 0xc6, 0x31, 
	0xa4, 0x63, 0x68, 0x03, 0x70, 0x01, 0x78, 0x03, 
	0x88, 0x03, 0x98, 0x85, 0x78, 0x01, 0xb1, 0x4d, 
	0xda, 0xd7, 0xc8, 0x45, 0xd9, 0x4b, 0xc8, 0x45, 
	0x98, 0x03, 0x90, 0x03, 0x98, 0x43, 0xd6, 0x31, 
	0xb5, 0xed, 0xce, 0x73, 0xd6, 0xb5, 0xd6, 0xb5, 
	0xc6, 0x31, 0xbd, 0xef, 0xbd, 0xef, 0xc6, 0x31, 
	0xbd, 0xef, 0xbd, 0xef, 0xc6, 0x31, 0xbd, 0xef, 
	0xd6, 0xb5, 0xd6, 0xb5, 0xd6, 0xb5, 0xc6, 0x31, 
	0xa4, 0x63, 0x68, 0x03, 0x70, 0x01, 0x78, 0x01, 
	0x88, 0x03, 0x98, 0x45, 0x78, 0x03, 0xb1, 0x0b, 
	0xe3, 0x5b, 0xc8, 0x45, 0xd9, 0x4b, 0xc8, 0x45, 
	0x98, 0x03, 0x88, 0x03, 0x98, 0x43, 0xd6, 0x31, 
	0xb5, 0xad, 0xce, 0x73, 0xd6, 0xb5, 0xd6, 0xb5, 
	0xa5, 0x29, 0x94, 0xa5, 0x9c, 0xe7, 0x94, 0xa5, 
	0x94, 0xa5, 0x9c, 0xe7, 0x94, 0xa5, 0xad, 0x6b, 
	0xd6, 0xb5, 0xd6, 0xb5, 0xd6, 0xb5, 0xc6, 0x31, 
	0xa4, 0x63, 0x68, 0x03, 0x70, 0x01, 0x78, 0x03, 
	0x88, 0x03, 0x98, 0x45, 0x78, 0x03, 0xb1, 0x0b, 
	0xdb, 0x5b, 0xc8, 0x45, 0xd9, 0x09, 0xc8, 0x45, 
	0x98, 0x03, 0x88, 0x03, 0x90, 0x43, 0xd6, 0x31, 
	0xbd, 0xef, 0xce, 0x73, 0xd6, 0xb5, 0xd6, 0xb5, 
	0x84, 0x21, 0x52, 0x95, 0x63, 0x19, 0x52, 0x95, 
	0x63, 0x19, 0x63, 0x19, 0x52, 0x95, 0x9c, 0xe7, 
	0xd6, 0xb5, 0xd6, 0xb5, 0xd6, 0xb5, 0xc6, 0x31, 
	0xa4, 0x63, 0x68, 0x03, 0x70, 0x01, 0x78, 0x03, 
	0x88, 0x03, 0x98, 0x45, 0x78, 0x03, 0xb1, 0x4b, 
	0xdb, 0x5b, 0xc8, 0x45, 0xd9, 0x09, 0xc8, 0x45, 
	0x98, 0x03, 0x88, 0x03, 0x90, 0x43, 0xd6, 0x31, 
	0xb5, 0xad, 0xce, 0x73, 0xd6, 0xb5, 0xd6, 0xb5, 
	0xb5, 0xad, 0xad, 0x6b, 0xa5, 0x29, 0xad, 0x6b, 
	0xad, 0x6b, 0xa5, 0x29, 0xa5, 0x29, 0xbd, 0xef, 
	0xd6, 0xb5, 0xd6, 0xb5, 0xd6, 0xb5, 0xc6, 0x31, 
	0xa4, 0x63, 0x68, 0x03, 0x70, 0x01, 0x78, 0x01, 
	0x88, 0x03, 0x98, 0x45, 0x78, 0x03, 0xa9, 0x09, 
	0xdb, 0x19, 0xc8, 0x45, 0xd9, 0x09, 0xc8, 0x45, 
	0x90, 0x03, 0x90, 0x03, 0x90, 0x43, 0xd6, 0x31, 
	0xb5, 0xad, 0xce, 0x73, 0xd6, 0xb5, 0xd6, 0xb5, 
	0xd6, 0xb5, 0x94, 0xa5, 0xc6, 0x31, 0xa5, 0x29, 
	0xbd, 0xef, 0xb5, 0xad, 0xb5, 0xad, 0xd6, 0xb5, 
	0xd6, 0xb5, 0xd6, 0xb5, 0xde, 0xf7, 0xc6, 0x31, 
	0xa4, 0x63, 0x68, 0x01, 0x70, 0x01, 0x78, 0x03, 
	0x88, 0x03, 0x98, 0x45, 0x78, 0x03, 0xb1, 0x4b, 
	0xec, 0x61, 0xc8, 0x45, 0xd9, 0x09, 0xc8, 0x45, 
	0x98, 0x03, 0x90, 0x03, 0x90, 0x03, 0xd6, 0x31, 
	0xad, 0x6b, 0xce, 0x73, 0xd6, 0xb5, 0xd6, 0xb5, 
	0xd6, 0xb5, 0x94, 0xa5, 0xc6, 0x31, 0xa5, 0x29, 
	0xc6, 0x31, 0xad, 0x6b, 0xb5, 0xad, 0xd6, 0xb5, 
	0xd6, 0xb5, 0xd6, 0xb5, 0xde, 0xf7, 0xbd, 0xef, 
	0xa4, 0x63, 0x70, 0x03, 0x70, 0x01, 0x78, 0x03, 
	0x88, 0x03, 0x98, 0x45, 0x78, 0x01, 0xb1, 0x4b, 
	0xdb, 0x5b, 0xc8, 0x45, 0xd9, 0x09, 0xc8, 0x45, 
	0x98, 0x03, 0x88, 0x03, 0x90, 0x03, 0xd6, 0x2f, 
	0xad, 0x6b, 0xce, 0x73, 0xd6, 0xb5, 0xce, 0x73, 
	0xc6, 0x31, 0xc6, 0x31, 0xc6, 0x31, 0xbd, 0xef, 
	0xc6, 0x31, 0xc6, 0x31, 0xc6, 0x31, 0xc6, 0x31, 
	0xce, 0x73, 0xd6, 0xb5, 0xd6, 0xb5, 0xb5, 0xad, 
	0xa4, 0x63, 0x70, 0x03, 0x78, 0x03, 0x78, 0x03, 
	0x88, 0x03, 0x98, 0x45, 0x78, 0x03, 0xb1, 0x8b, 
	0xec, 0x61, 0xc8, 0x45, 0xd9, 0x09, 0xc8, 0x45, 
	0x98, 0x03, 0x88, 0x03, 0x90, 0x03, 0xbc, 0x21, 
	0xc5, 0xef, 0xc6, 0x31, 0xc6, 0x31, 0xad, 0x6b, 
	0xbd, 0xef, 0xad, 0x6b, 0xad, 0x6b, 0xc6, 0x31, 
	0xb5, 0xad, 0xc6, 0x31, 0xad, 0x6b, 0xb5, 0xad, 
	0xb5, 0xad, 0xb5, 0xad, 0xce, 0xb3, 0xc5, 0xad, 
	0x8a, 0x95, 0x70, 0x01, 0x78, 0x03, 0x80, 0x03, 
	0x88, 0x03, 0x98, 0x45, 0x78, 0x03, 0xb1, 0x8b, 
	0xec, 0x61, 0xc8, 0x45, 0xd0, 0xc7, 0xc8, 0x45, 
	0x98, 0x03, 0x88, 0x03, 0x88, 0x03, 0x88, 0x03, 
	0x89, 0x4b, 0x9a, 0x93, 0xde, 0xb5, 0x9c, 0xe7, 
	0xbd, 0xef, 0x9c, 0xe7, 0xa5, 0x29, 0xc6, 0x31, 
	0xad, 0x6b, 0xc6, 0x31, 0x9c, 0xe7, 0xb5, 0xad, 
	0xa5, 0x29, 0xb5, 0x29, 0x8a, 0x53, 0x70, 0x85, 
	0x70, 0x03, 0x78, 0x03, 0x78, 0x01, 0x78, 0x01, 
	0x88, 0x03, 0x98, 0x45, 0x80, 0x03, 0xb1, 0x8d, 
	0xec, 0x63, 0xc8, 0x45, 0xd0, 0x87, 0xc8, 0x45, 
	0x98, 0x03, 0x88, 0x03, 0x88, 0x03, 0x88, 0x03, 
	0x88, 0x03, 0x88, 0x43, 0xcd, 0xab, 0xb5, 0x29, 
	0xb4, 0xe7, 0xbd, 0xab, 0xac, 0xa3, 0xcd, 0xed, 
	0xad, 0x29, 0xbd, 0xab, 0xbd, 0x6b, 0xb4, 0xe7, 
	0xc5, 0xab, 0xa4, 0x21, 0x70, 0x03, 0x78, 0x01, 
	0x78, 0x03, 0x78, 0x03, 0x78, 0x03, 0x78, 0x01, 
	0x88, 0x03, 0x98, 0x45, 0x80, 0x03, 0xb1, 0x8d, 
	0xec, 0x63, 0xc0, 0x45, 0xd0, 0x87, 0xc0, 0x45, 
	0x98, 0x03, 0x88, 0x03, 0x88, 0x03, 0x88, 0x03, 
	0x88, 0x03, 0x88, 0x03, 0x80, 0x03, 0x80, 0x03, 
	0x80, 0x03, 0x80, 0x03, 0x80, 0x01, 0x78, 0x03, 
	0x78, 0x03, 0x78, 0x01, 0x78, 0x03, 0x78, 0x03, 
	0x78, 0x03, 0x78, 0x03, 0x78, 0x01, 0x78, 0x03, 
	0x78, 0x03, 0x78, 0x03, 0x78, 0x01, 0x78, 0x03, 
	0x88, 0x03, 0x98, 0x45, 0x80, 0x03, 0xb1, 0x8d, 
	0xec, 0xa3, 0xc0, 0x45, 0xd0, 0x87, 0xc0, 0x45, 
	0x98, 0x03, 0x90, 0x03, 0x88, 0x03, 0x88, 0x03, 
	0x88, 0x03, 0x88, 0x03, 0x80, 0x03, 0x88, 0x03, 
	0x80, 0x03, 0x80, 0x03, 0x80, 0x03, 0x80, 0x03, 
	0x78, 0x03, 0x78, 0x03, 0x78, 0x03, 0x78, 0x03, 
	0x78, 0x03, 0x78, 0x03, 0x78, 0x01, 0x78, 0x01, 
	0x78, 0x03, 0x78, 0x03, 0x78, 0x03, 0x80, 0x03, 
	0x88, 0x03, 0x98, 0x45, 0x80, 0x03, 0xb1, 0x8d, 
	0xec, 0xa3, 0xc0, 0x45, 0xd0, 0x87, 0xc0, 0x45, 
	0x98, 0x03, 0x90, 0x03, 0x99, 0x07, 0xc5, 0x6b, 
	0xc5, 0xed, 0xc5, 0xad, 0xc5, 0xad, 0xbd, 0xad, 
	0xbd, 0xad, 0xbd, 0x6b, 0xbd, 0x6b, 0xb5, 0x6b, 
	0xbd, 0x6b, 0xb5, 0x6b, 0xb5, 0x6b, 0xb5, 0x6b, 
	0xb5, 0x6b, 0xb5, 0x6b, 0xb5, 0x6b, 0xb5, 0x6b, 
	0x93, 0x5b, 0x78, 0x03, 0x80, 0x03, 0x80, 0x03, 
	0x88, 0x03, 0x98, 0x45, 0x80, 0x03, 0xb1, 0xcf, 
	0xec, 0xa3, 0xc0, 0x45, 0xc8, 0xc7, 0xc0, 0x45, 
	0x98, 0x03, 0x90, 0x03, 0xa1, 0xcf, 0xc5, 0xef, 
	0xa5, 0x29, 0xa5, 0x29, 0xbd, 0xef, 0xa5, 0x29, 
	0xbd, 0xef, 0xa5, 0x29, 0xc6, 0x31, 0xa5, 0x29, 
	0xa5, 0x29, 0xa5, 0x29, 0xd6, 0xb5, 0xb5, 0xad, 
	0xad, 0x6b, 0xad, 0x6b, 0x94, 0xa5, 0xc6, 0x31, 
	0xb5, 0x29, 0x78, 0x03, 0x80, 0x03, 0x80, 0x03, 
	0x88, 0x03, 0x98, 0x43, 0x80, 0x03, 0xb1, 0xcf, 
	0xec, 0xa5, 0xc0, 0x45, 0xc8, 0xc7, 0xc8, 0x45, 
	0x98, 0x03, 0x90, 0x03, 0x99, 0xcd, 0xc5, 0xef, 
	0x84, 0x21, 0x8c, 0x63, 0xad, 0x6b, 0x84, 0x21, 
	0xb5, 0xad, 0x84, 0x21, 0xad, 0x6b, 0x8c, 0x63, 
	0x94, 0xa5, 0x94, 0xa5, 0xb5, 0xad, 0x94, 0xa5, 
	0x8c, 0x63, 0xa5, 0x29, 0x94, 0xa5, 0xc6, 0x31, 
	0xb5, 0x29, 0x70, 0x01, 0x80, 0x03, 0x80, 0x03, 
	0x90, 0x03, 0x98, 0x45, 0x88, 0x03, 0xb2, 0x11, 
	0xec, 0xa5, 0xc0, 0x45, 0xc8, 0xc7, 0xc0, 0x45, 
	0x98, 0x03, 0x90, 0x03, 0x99, 0x09, 0xc5, 0xed, 
	0xc6, 0x31, 0xce, 0x73, 0xce, 0x73, 0xce, 0x73, 
	0xce, 0x73, 0xc6, 0x73, 0xce, 0x73, 0xc6, 0x73, 
	0xce, 0x73, 0xce, 0x73, 0xce, 0x73, 0xce, 0x73, 
	0xce, 0x73, 0xce, 0x73, 0xc6, 0x31, 0xce, 0x73, 
	0xb5, 0x27, 0x78, 0x01, 0x80, 0x03, 0x80, 0x03, 
	0x90, 0x03, 0x98, 0x45, 0x88, 0x03, 0xb2, 0x11, 
	0xec, 0xa5, 0xc0, 0x45, 0xd0, 0x87, 0xc0, 0x45, 
	0x98, 0x03, 0x90, 0x03, 0x90, 0x03, 0x99, 0x8d, 
	0xa2, 0xd7, 0xa3, 0x17, 0xa3, 0x17, 0x9b, 0x17, 
	0x9b, 0x17, 0x9b, 0x17, 0x9b, 0x17, 0x9b, 0x17, 
	0x9b, 0x17, 0x9b, 0x17, 0x9b, 0x17, 0x9b, 0x17, 
	0x9b, 0x19, 0x9b, 0x17, 0x9b, 0x17, 0x9b, 0x17, 
	0x80, 0xc7, 0x80, 0x03, 0x80, 0x03, 0x80, 0x03, 
	0x90, 0x03, 0x98, 0x45, 0x88, 0x03, 0xb2, 0x11, 
	0xec, 0xa5, 0xc0, 0x45, 0xc8, 0x87, 0xc0, 0x45, 
	0x98, 0x03, 0x90, 0x03, 0x90, 0x03, 0x90, 0x03, 
	0x90, 0xc7, 0x91, 0x09, 0x89, 0x09, 0x89, 0x09, 
	0x88, 0xc7, 0x88, 0xc7, 0x88, 0xc7, 0x88, 0x85, 
	0x80, 0x85, 0x80, 0x85, 0x80, 0x85, 0x80, 0x45, 
	0x80, 0x45, 0x80, 0x45, 0x80, 0x43, 0x80, 0x43, 
	0x80, 0x03, 0x80, 0x03, 0x88, 0x03, 0x88, 0x03, 
	0x90, 0x03, 0x98, 0x45, 0x88, 0x03, 0xb2, 0x53, 
	0xec, 0xa5, 0xc8, 0x45, 0xc8, 0x87, 0xc0, 0x45, 
	0xa0, 0x03, 0x98, 0x03, 0x90, 0x03, 0xc4, 0xa5, 
	0xbc, 0x61, 0xb3, 0xdd, 0xb3, 0x9d, 0xb3, 0xdd, 
	0xb3, 0x9d, 0xb3, 0x9d, 0xb3, 0x9d, 0xb3, 0xdd, 
	0xb3, 0xdd, 0xb3, 0xdd, 0xab, 0xdd, 0xb3, 0xdd, 
	0xb3, 0xdd, 0xb3, 0xdd, 0xb3, 0xdd, 0xb4, 0x61, 
	0xc4, 0xe5, 0x88, 0xc7, 0x88, 0x03, 0x88, 0x03, 
	0x90, 0x03, 0x98, 0x45, 0x90, 0x03, 0xba, 0x95, 
	0xec, 0xe5, 0xc8, 0x45, 0xd0, 0x87, 0xc0, 0x45, 
	0xa0, 0x43, 0x98, 0x03, 0x98, 0x43, 0xc4, 0xe5, 
	0x98, 0x03, 0x90, 0x03, 0x90, 0x03, 0x90, 0x03, 
	0x90, 0x03, 0x90, 0x03, 0x90, 0x03, 0x90, 0x03, 
	0x90, 0x03, 0x90, 0x03, 0x90, 0x03, 0x90, 0x03, 
	0x90, 0x03, 0x88, 0x03, 0x88, 0x03, 0x88, 0x03, 
	0xbc, 0xa5, 0x91, 0x8d, 0x88, 0x03, 0x88, 0x03, 
	0x98, 0x03, 0x98, 0x45, 0x90, 0x43, 0xba, 0xd7, 
	0xe4, 0xa5, 0xc8, 0x45, 0xc8, 0x87, 0xc0, 0x45, 
	0xa8, 0x03, 0xa0, 0x03, 0x98, 0x45, 0xcc, 0xe7, 
	0x98, 0x03, 0x98, 0x87, 0xb3, 0xdf, 0xbc, 0xa5, 
	0xb3, 0x9d, 0x99, 0x09, 0x90, 0x43, 0xaa, 0x95, 
	0xb3, 0xdf, 0x90, 0x43, 0x90, 0x03, 0x99, 0x8d, 
	0xb3, 0xdf, 0xab, 0xdf, 0x99, 0xcf, 0x90, 0x03, 
	0xbc, 0xa5, 0x99, 0x8d, 0x90, 0x03, 0x90, 0x03, 
	0x98, 0x03, 0xa0, 0x45, 0x90, 0x03, 0xba, 0xd7, 
	0xd3, 0xdf, 0xc8, 0x45, 0xc8, 0xc7, 0xc0, 0x45, 
	0xa8, 0x45, 0xa8, 0x43, 0xa0, 0x45, 0xcc, 0xe5, 
	0xa0, 0x03, 0xc4, 0xa5, 0xcd, 0x69, 0xc4, 0x1f, 
	0xd5, 0x69, 0xa0, 0xc7, 0x98, 0x03, 0xc4, 0xa3, 
	0xde, 0x2f, 0xa1, 0xcd, 0x98, 0x03, 0xcd, 0x29, 
	0xcd, 0x27, 0xc4, 0xe5, 0xcd, 0x29, 0x98, 0x43, 
	0xc4, 0xe5, 0x99, 0x8d, 0x90, 0x03, 0x90, 0x03, 
	0x98, 0x03, 0xa0, 0x45, 0x98, 0x03, 0xc3, 0x19, 
	0xe4, 0xe7, 0xc0, 0x45, 0xc8, 0xc9, 0xc0, 0x45, 
	0xb0, 0x43, 0xa8, 0x03, 0xa8, 0x45, 0xcc, 0xe7, 
	0xa8, 0x03, 0xd5, 0xad, 0xb2, 0xd7, 0xbb, 0xdf, 
	0xbc, 0x1f, 0xaa, 0x53, 0xa1, 0x09, 0xd5, 0xed, 
	0xcd, 0x6b, 0xbc, 0x61, 0xa0, 0x03, 0xcd, 0x29, 
	0xd6, 0x2f, 0xcd, 0xab, 0xbc, 0x1f, 0xa0, 0x43, 
	0xc4, 0xe5, 0x99, 0x8d, 0x98, 0x03, 0x98, 0x03, 
	0x98, 0x03, 0xa0, 0x45, 0x98, 0x03, 0xc3, 0x5b, 
	0xe5, 0x29, 0xc0, 0x45, 0xc8, 0xc9, 0xc0, 0x45, 
	0xb0, 0x43, 0xa8, 0x03, 0xa8, 0x45, 0xcc, 0xe7, 
	0xa8, 0x03, 0xcd, 0x29, 0xc4, 0xa3, 0xc3, 0xdf, 
	0xd5, 0xed, 0xb3, 0x17, 0xbb, 0x9d, 0xd5, 0xef, 
	0xd5, 0xad, 0xd5, 0xed, 0xa0, 0x85, 0xb3, 0x9b, 
	0xb3, 0x59, 0xc4, 0x63, 0xd5, 0xef, 0xa0, 0x43, 
	0xcc, 0xe5, 0xa1, 0x8d, 0x98, 0x03, 0x98, 0x03, 
	0x98, 0x03, 0xa0, 0x45, 0x98, 0x03, 0xc3, 0x5b, 
	0xe5, 0x29, 0xc8, 0x45, 0xc8, 0xc9, 0xc0, 0x45, 
	0xb0, 0x45, 0xa8, 0x43, 0xa8, 0x45, 0xcc, 0xe7, 
	0xa8, 0x43, 0xb2, 0x53, 0xd5, 0x6b, 0xdd, 0xef, 
	0xcd, 0x29, 0xb2, 0x51, 0xcd, 0x27, 0xbb, 0x9d, 
	0xa9, 0x07, 0xd5, 0xed, 0xb3, 0x59, 0xcc, 0xa5, 
	0xdd, 0xef, 0xdd, 0xef, 0xc4, 0x21, 0xa8, 0x43, 
	0xc4, 0xe5, 0xa1, 0x8b, 0x98, 0x03, 0x98, 0x03, 
	0x98, 0x03, 0xa0, 0x45, 0x98, 0x43, 0xc3, 0x9d, 
	0xe5, 0x29, 0xc8, 0x45, 0xd0, 0xc9, 0xc0, 0x45, 
	0xb0, 0x45, 0xa8, 0x43, 0xa8, 0x45, 0xcd, 0x27, 
	0xa8, 0xc7, 0xbb, 0x17, 0xb2, 0xd7, 0xb2, 0xd7, 
	0xb2, 0xd7, 0xb2, 0xd7, 0xb2, 0xd7, 0xb2, 0xd7, 
	0xb2, 0xd7, 0xb2, 0xd7, 0xb2, 0xd5, 0xb2, 0xd5, 
	0xb2, 0xd5, 0xb2, 0xd7, 0xb2, 0xd7, 0xa0, 0xc7, 
	0xcc, 0xe5, 0xa1, 0x4b, 0xa0, 0x03, 0x98, 0x03, 
	0xa0, 0x03, 0xa0, 0x85, 0x98, 0x03, 0xc3, 0xdf, 
	0xe5, 0x6b, 0xc8, 0x45, 0xd0, 0xc9, 0xc8, 0x45, 
	0xb0, 0x45, 0xa8, 0x43, 0xa8, 0x85, 0xcd, 0x27, 
	0xba, 0x95, 0xc4, 0x1f, 0xc4, 0x63, 0xbb, 0x19, 
	0xcc, 0xe5, 0xb2, 0x53, 0xbb, 0xdf, 0xbb, 0x9d, 
	0xc4, 0xa3, 0xbb, 0x5b, 0xb2, 0xd5, 0xc4, 0x63, 
	0xaa, 0x53, 0xc4, 0x21, 0xbb, 0xdd, 0xb3, 0x19, 
	0xcc, 0xe5, 0xa1, 0x4b, 0x98, 0x03, 0x98, 0x03, 
	0xa0, 0x03, 0xa0, 0x85, 0xa0, 0x03, 0xcb, 0xdf, 
	0xe5, 0x6b, 0xc8, 0x45, 0xc8, 0xc7, 0xc8, 0x45, 
	0xb0, 0x45, 0xa8, 0x45, 0xa8, 0x85, 0xcd, 0x27, 
	0xb2, 0x95, 0xc3, 0xdf, 0xcc, 0xe7, 0xa9, 0x8d, 
	0xbc, 0x1f, 0xc3, 0xdd, 0xcc, 0xe7, 0xa9, 0xcd, 
	0xbb, 0x9d, 0xc3, 0xdf, 0xbc, 0x1f, 0xa9, 0xcf, 
	0xbb, 0xdf, 0xd5, 0x69, 0xc4, 0xe5, 0xb3, 0x19, 
	0xcc, 0xe7, 0xa1, 0x4b, 0xa0, 0x03, 0x98, 0x03, 
	0xa0, 0x03, 0xa0, 0x87, 0xa0, 0x03, 0xcc, 0x21, 
	0xe5, 0x6b, 0xc8, 0x45, 0xc8, 0x85, 0xc8, 0x45, 
	0xb0, 0x43, 0xa8, 0x43, 0xa8, 0x85, 0xcd, 0x27, 
	0xb2, 0x53, 0xc4, 0x21, 0xc4, 0xa5, 0xaa, 0x11, 
	0xbb, 0x5b, 0xb3, 0x5b, 0xbb, 0x5b, 0xaa, 0x51, 
	0xb3, 0x19, 0xb3, 0x59, 0xaa, 0x95, 0xc4, 0xa3, 
	0xaa, 0x11, 0xb3, 0x19, 0xc4, 0x63, 0xb2, 0xd7, 
	0xcc, 0xe7, 0xa1, 0x4b, 0x98, 0x03, 0x98, 0x03, 
	0xa0, 0x03, 0xa0, 0x87, 0xa0, 0x43, 0xcc, 0x21, 
	0xe5, 0xab, 0xc8, 0x45, 0xc8, 0x85, 0xc8, 0x45, 
	0xb0, 0x45, 0xa8, 0x03, 0xa8, 0x45, 0xcd, 0x27, 
	0xa8, 0x03, 0xb1, 0x8d, 0xb2, 0x51, 0xb2, 0x51, 
	0xb2, 0x53, 0xb2, 0x53, 0xb2, 0x93, 0xb2, 0x95, 
	0xb2, 0x95, 0xaa, 0x95, 0xb2, 0x95, 0xb2, 0x95, 
	0xb2, 0x95, 0xaa, 0xd5, 0xaa, 0x93, 0x98, 0x43, 
	0xc4, 0xe5, 0xa1, 0x4b, 0x98, 0x03, 0x98, 0x03, 
	0xa0, 0x43, 0xa0, 0x85, 0xa0, 0x43, 0xcc, 0x63, 
	0xed, 0xad, 0xc8, 0x45, 0xc8, 0x87, 0xc8, 0x45, 
	0xb0, 0x43, 0xa8, 0x43, 0xa8, 0x45, 0xd5, 0x69, 
	0xa1, 0x4b, 0xa0, 0x03, 0xa0, 0x03, 0xa0, 0x03, 
	0xa0, 0x43, 0xa0, 0x03, 0xa0, 0x03, 0x98, 0x43, 
	0x98, 0x43, 0x98, 0x03, 0x98, 0x03, 0x98, 0x03, 
	0x98, 0x43, 0x98, 0x03, 0x98, 0x03, 0x98, 0x85, 
	0xcd, 0x29, 0x99, 0x09, 0x98, 0x03, 0x98, 0x03, 
	0xa0, 0x43, 0xa0, 0x85, 0xa0, 0x43, 0xbb, 0x5b, 
	0xdd, 0x29, 0xc8, 0x45, 0xc8, 0xc7, 0xc0, 0x45, 
	0xa8, 0x43, 0xa8, 0x03, 0xa8, 0x03, 0xb2, 0xd7, 
	0xc4, 0x61, 0xbb, 0xdf, 0xbb, 0xdd, 0xbb, 0xdf, 
	0xbb, 0xdd, 0xbb, 0xdd, 0xbb, 0xdd, 0xb3, 0xdd, 
	0xb3, 0xdd, 0xb3, 0xdd, 0xb3, 0xdd, 0xbb, 0xdd, 
	0xb3, 0xdd, 0xb3, 0xdd, 0xb3, 0xdd, 0xbc, 0x21, 
	0xb3, 0x9d, 0x90, 0x03, 0x90, 0x03, 0x90, 0x03, 
	0xa0, 0x03, 0x98, 0x45, 0xa0, 0x43, 0xb3, 0x19, 
	0x9b, 0x19, 0x98, 0x85, 0xb0, 0x85, 0xc0, 0x45, 
	0xa8, 0x03, 0xa0, 0x03, 0xa0, 0x03, 0xa0, 0x43, 
	0x98, 0x03, 0x98, 0x03, 0x98, 0x03, 0x98, 0x03, 
	0x98, 0x03, 0x90, 0x03, 0x90, 0x03, 0x90, 0x03, 
	0x90, 0x03, 0x90, 0x03, 0x90, 0x03, 0x90, 0x03, 
	0x88, 0x03, 0x90, 0x03, 0x90, 0x03, 0x90, 0x03, 
	0x90, 0x03, 0x90, 0x03, 0x90, 0x03, 0x90, 0x03, 
	0x98, 0x03, 0x90, 0x43, 0x88, 0x43, 0x89, 0xcf, 
	0x4a, 0x53, 0x18, 0xc7, 0x31, 0x4b, 0x50, 0xc7, 
	0x50, 0x43, 0x50, 0x43, 0x50, 0x43, 0x50, 0x43, 
	0x50, 0x43, 0x50, 0x43, 0x50, 0x43, 0x50, 0x43, 
	0x50, 0x43, 0x50, 0x43, 0x50, 0x43, 0x50, 0x43, 
	0x50, 0x43, 0x50, 0x43, 0x50, 0x43, 0x50, 0x43, 
	0x50, 0x43, 0x50, 0x43, 0x50, 0x43, 0x58, 0x43, 
	0x58, 0x43, 0x58, 0x43, 0x58, 0x43, 0x58, 0x43, 
	0x50, 0x43, 0x30, 0xc7, 0x10, 0x43, 0x21, 0x09, 
	0x31, 0x8d, 0x31, 0x8d, 0x39, 0xcf, 0x29, 0x4b, 
	0x10, 0x85, 0x10, 0x43, 0x08, 0x43, 0x10, 0x43, 
	0x10, 0x43, 0x08, 0x43, 0x08, 0x43, 0x08, 0x43, 
	0x08, 0x43, 0x08, 0x43, 0x08, 0x43, 0x08, 0x43, 
	0x08, 0x43, 0x08, 0x43, 0x08, 0x43, 0x08, 0x43, 
	0x08, 0x43, 0x08, 0x43, 0x08, 0x43, 0x08, 0x43, 
	0x08, 0x43, 0x08, 0x43, 0x08, 0x43, 0x08, 0x43, 
	0x10, 0x83, 0x18, 0xc7, 0x18, 0xc7, 0x21, 0x09, 
	0xbd, 0xef, 0x94, 0xa5, 0x63, 0x19, 0x42, 0x53, 
	0x39, 0xcf, 0x31, 0xcf, 0x31, 0xcd, 0x31, 0xcd, 
	0x31, 0x8d, 0x31, 0x8d, 0x31, 0x8d, 0x31, 0x8d, 
	0x29, 0x8d, 0x29, 0x8b, 0x29, 0x4b, 0x29, 0x4b, 
	0x21, 0x4b, 0x29, 0x4b, 0x21, 0x09, 0x21, 0x09, 
	0x21, 0x09, 0x21, 0x09, 0x21, 0x09, 0x21, 0x09, 
	0x21, 0x09, 0x21, 0x09, 0x21, 0x09, 0x21, 0x09, 
	0x29, 0x4b, 0x42, 0x11, 0x73, 0x9d, 0xa5, 0x29, 
	
};

Gfx pitstop_dl_CrateRedBrown_ci8_aligner[] = {gsSPEndDisplayList()};
u8 pitstop_dl_CrateRedBrown_ci8[] = {
	0x00, 0x01, 0x02, 0x02, 0x02, 0x02, 0x02, 0x03, 
	0x04, 0x05, 0x06, 0x05, 0x05, 0x05, 0x07, 0x08, 
	0x09, 0x02, 0x02, 0x02, 0x01, 0x02, 0x02, 0x0a, 
	0x02, 0x0b, 0x0c, 0x05, 0x05, 0x0d, 0x06, 0x0e, 
	0x0f, 0x02, 0x03, 0x02, 0x02, 0x02, 0x02, 0x03, 
	0x00, 0x01, 0x10, 0x11, 0x04, 0x12, 0x13, 0x14, 
	0x12, 0x0a, 0x02, 0x02, 0x01, 0x02, 0x02, 0x02, 
	0x00, 0x13, 0x04, 0x04, 0x12, 0x04, 0x15, 0x16, 
	0x00, 0x02, 0x03, 0x02, 0x02, 0x02, 0x02, 0x03, 
	0x04, 0x01, 0x13, 0x12, 0x17, 0x04, 0x02, 0x18, 
	0x04, 0x0a, 0x19, 0x02, 0x02, 0x02, 0x02, 0x1a, 
	0x12, 0x01, 0x09, 0x1b, 0x04, 0x13, 0x03, 0x14, 
	0x00, 0x01, 0x02, 0x02, 0x02, 0x02, 0x02, 0x03, 
	0x04, 0x01, 0x02, 0x12, 0x13, 0x04, 0x19, 0x14, 
	0x09, 0x02, 0x02, 0x02, 0x02, 0x02, 0x02, 0x1a, 
	0x12, 0x02, 0x1b, 0x1b, 0x04, 0x13, 0x03, 0x14, 
	0x00, 0x03, 0x03, 0x02, 0x02, 0x02, 0x02, 0x02, 
	0x1c, 0x13, 0x02, 0x02, 0x01, 0x09, 0x14, 0x1d, 
	0x02, 0x03, 0x02, 0x02, 0x02, 0x02, 0x02, 0x1b, 
	0x00, 0x02, 0x02, 0x02, 0x04, 0x1a, 0x1e, 0x14, 
	0x1f, 0x1d, 0x18, 0x03, 0x02, 0x02, 0x02, 0x01, 
	0x1f, 0x13, 0x02, 0x02, 0x03, 0x02, 0x1e, 0x1d, 
	0x1a, 0x14, 0x03, 0x02, 0x02, 0x02, 0x01, 0x1b, 
	0x12, 0x02, 0x02, 0x0a, 0x02, 0x14, 0x16, 0x14, 
	0x00, 0x14, 0x14, 0x1d, 0x03, 0x0a, 0x02, 0x02, 
	0x12, 0x13, 0x02, 0x02, 0x03, 0x0a, 0x16, 0x1d, 
	0x02, 0x14, 0x1d, 0x03, 0x03, 0x02, 0x02, 0x13, 
	0x12, 0x02, 0x02, 0x03, 0x19, 0x1d, 0x16, 0x14, 
	0x00, 0x19, 0x20, 0x21, 0x1d, 0x0a, 0x02, 0x03, 
	0x04, 0x13, 0x02, 0x02, 0x03, 0x0a, 0x16, 0x03, 
	0x13, 0x03, 0x16, 0x1e, 0x14, 0x02, 0x02, 0x19, 
	0x12, 0x02, 0x02, 0x03, 0x02, 0x16, 0x20, 0x19, 
	0x00, 0x02, 0x14, 0x16, 0x16, 0x03, 0x02, 0x03, 
	0x04, 0x13, 0x02, 0x02, 0x19, 0x14, 0x16, 0x03, 
	0x1b, 0x03, 0x16, 0x16, 0x1e, 0x02, 0x02, 0x0a, 
	0x12, 0x02, 0x02, 0x02, 0x03, 0x16, 0x14, 0x02, 
	0x00, 0x03, 0x1e, 0x16, 0x16, 0x03, 0x02, 0x03, 
	0x04, 0x13, 0x02, 0x02, 0x02, 0x20, 0x16, 0x03, 
	0x01, 0x14, 0x16, 0x16, 0x16, 0x02, 0x02, 0x0a, 
	0x12, 0x02, 0x02, 0x02, 0x03, 0x22, 0x14, 0x03, 
	0x00, 0x0a, 0x16, 0x1e, 0x1d, 0x03, 0x1a, 0x14, 
	0x04, 0x13, 0x03, 0x02, 0x02, 0x20, 0x16, 0x03, 
	0x13, 0x20, 0x16, 0x1d, 0x16, 0x02, 0x03, 0x03, 
	0x12, 0x02, 0x19, 0x02, 0x03, 0x22, 0x03, 0x03, 
	0x23, 0x02, 0x16, 0x1e, 0x16, 0x1d, 0x03, 0x16, 
	0x04, 0x13, 0x03, 0x02, 0x02, 0x20, 0x16, 0x0a, 
	0x04, 0x14, 0x16, 0x1e, 0x22, 0x03, 0x14, 0x1d, 
	0x00, 0x19, 0x0a, 0x02, 0x03, 0x16, 0x0a, 0x03, 
	0x0f, 0x02, 0x22, 0x16, 0x22, 0x1d, 0x14, 0x16, 
	0x11, 0x13, 0x03, 0x14, 0x02, 0x1e, 0x1d, 0x0a, 
	0x12, 0x1d, 0x16, 0x16, 0x24, 0x0a, 0x1d, 0x14, 
	0x1c, 0x19, 0x14, 0x0a, 0x14, 0x16, 0x1a, 0x03, 
	0x0f, 0x13, 0x24, 0x1e, 0x1e, 0x03, 0x19, 0x20, 
	0x00, 0x13, 0x0a, 0x03, 0x19, 0x16, 0x14, 0x0a, 
	0x00, 0x1e, 0x16, 0x1d, 0x16, 0x1b, 0x03, 0x0a, 
	0x00, 0x02, 0x03, 0x1a, 0x14, 0x16, 0x19, 0x03, 
	0x23, 0x1b, 0x21, 0x20, 0x1e, 0x03, 0x13, 0x03, 
	0x12, 0x01, 0x02, 0x14, 0x19, 0x16, 0x1d, 0x14, 
	0x00, 0x1d, 0x1e, 0x1d, 0x16, 0x10, 0x02, 0x1a, 
	0x11, 0x02, 0x0a, 0x1a, 0x14, 0x16, 0x03, 0x1d, 
	0x23, 0x01, 0x22, 0x14, 0x16, 0x03, 0x03, 0x14, 
	0x11, 0x02, 0x03, 0x1e, 0x02, 0x1d, 0x1e, 0x1e, 
	0x11, 0x1e, 0x20, 0x1e, 0x16, 0x02, 0x14, 0x19, 
	0x12, 0x03, 0x14, 0x03, 0x14, 0x16, 0x1d, 0x16, 
	0x0f, 0x19, 0x22, 0x14, 0x16, 0x03, 0x14, 0x14, 
	0x00, 0x25, 0x14, 0x16, 0x0a, 0x03, 0x1d, 0x16, 
	0x12, 0x1e, 0x20, 0x1e, 0x16, 0x19, 0x1e, 0x19, 
	0x12, 0x14, 0x1e, 0x14, 0x0a, 0x14, 0x16, 0x22, 
	0x0f, 0x19, 0x21, 0x1d, 0x16, 0x03, 0x14, 0x1d, 
	0x00, 0x14, 0x14, 0x22, 0x03, 0x19, 0x14, 0x22, 
	0x12, 0x1e, 0x1e, 0x16, 0x16, 0x19, 0x16, 0x0a, 
	0x04, 0x20, 0x1e, 0x1d, 0x19, 0x03, 0x1e, 0x24, 
	0x0f, 0x19, 0x24, 0x16, 0x21, 0x1d, 0x1e, 0x21, 
	0x11, 0x0a, 0x03, 0x1e, 0x0a, 0x02, 0x03, 0x16, 
	0x04, 0x16, 0x16, 0x16, 0x21, 0x18, 0x21, 0x14, 
	0x11, 0x03, 0x14, 0x14, 0x02, 0x0a, 0x20, 0x24, 
	0x23, 0x1a, 0x24, 0x1e, 0x24, 0x16, 0x16, 0x05, 
	0x04, 0x02, 0x02, 0x14, 0x02, 0x02, 0x02, 0x1e, 
	0x04, 0x16, 0x1e, 0x22, 0x24, 0x1d, 0x05, 0x1e, 
	0x12, 0x19, 0x0a, 0x0a, 0x02, 0x02, 0x03, 0x24, 
	0x00, 0x25, 0x16, 0x20, 0x16, 0x1d, 0x16, 0x05, 
	0x1b, 0x13, 0x02, 0x1a, 0x19, 0x02, 0x19, 0x1e, 
	0x01, 0x16, 0x20, 0x16, 0x16, 0x14, 0x05, 0x16, 
	0x12, 0x02, 0x02, 0x1a, 0x02, 0x02, 0x03, 0x21, 
	0x1f, 0x16, 0x1e, 0x1d, 0x21, 0x1d, 0x16, 0x05, 
	0x13, 0x13, 0x02, 0x1d, 0x14, 0x19, 0x19, 0x14, 
	0x0a, 0x16, 0x14, 0x24, 0x16, 0x14, 0x05, 0x16, 
	0x12, 0x02, 0x03, 0x1d, 0x0a, 0x02, 0x03, 0x1e, 
	0x1f, 0x16, 0x1e, 0x1d, 0x21, 0x14, 0x1e, 0x26, 
	0x13, 0x13, 0x02, 0x16, 0x1e, 0x18, 0x19, 0x14, 
	0x0a, 0x16, 0x14, 0x24, 0x1e, 0x03, 0x24, 0x05, 
	0x12, 0x02, 0x14, 0x16, 0x1d, 0x19, 0x0a, 0x1e, 
	0x1f, 0x16, 0x1d, 0x1d, 0x16, 0x03, 0x14, 0x26, 
	0x13, 0x1b, 0x02, 0x03, 0x16, 0x1e, 0x1a, 0x14, 
	0x0a, 0x1e, 0x14, 0x21, 0x14, 0x02, 0x16, 0x05, 
	0x12, 0x13, 0x19, 0x1e, 0x16, 0x03, 0x0a, 0x1e, 
	0x1f, 0x1e, 0x14, 0x14, 0x16, 0x03, 0x14, 0x05, 
	0x13, 0x11, 0x02, 0x03, 0x05, 0x24, 0x03, 0x14, 
	0x0a, 0x14, 0x14, 0x1e, 0x16, 0x02, 0x16, 0x24, 
	0x00, 0x1b, 0x19, 0x16, 0x05, 0x1d, 0x0a, 0x1e, 
	0x1f, 0x1e, 0x14, 0x14, 0x16, 0x14, 0x0a, 0x16, 
	0x1b, 0x11, 0x02, 0x0a, 0x05, 0x05, 0x03, 0x14, 
	0x0a, 0x14, 0x14, 0x16, 0x16, 0x02, 0x14, 0x1e, 
	0x00, 0x1b, 0x02, 0x16, 0x0d, 0x1d, 0x0a, 0x1e, 
	0x1f, 0x1e, 0x14, 0x1d, 0x24, 0x14, 0x19, 0x20, 
	0x1b, 0x1f, 0x02, 0x02, 0x05, 0x05, 0x03, 0x14, 
	0x0a, 0x14, 0x14, 0x21, 0x24, 0x02, 0x0a, 0x14, 
	0x00, 0x1b, 0x02, 0x1e, 0x26, 0x20, 0x0a, 0x1e, 
	0x1f, 0x1e, 0x14, 0x14, 0x16, 0x03, 0x02, 0x14, 
	0x1b, 0x00, 0x02, 0x01, 0x1e, 0x16, 0x19, 0x14, 
	0x0a, 0x14, 0x14, 0x1e, 0x16, 0x02, 0x19, 0x14, 
	0x00, 0x04, 0x01, 0x03, 0x21, 0x03, 0x03, 0x1e, 
	0x1f, 0x1e, 0x03, 0x14, 0x1e, 0x03, 0x01, 0x14, 
	0x09, 0x00, 0x01, 0x04, 0x19, 0x20, 0x02, 0x03, 
	0x0a, 0x14, 0x18, 0x1e, 0x1e, 0x01, 0x02, 0x14, 
	0x00, 0x04, 0x10, 0x13, 0x14, 0x0a, 0x02, 0x1e, 
	0x04, 0x1d, 0x02, 0x14, 0x14, 0x02, 0x01, 0x14, 
	0x1b, 0x00, 0x02, 0x01, 0x19, 0x14, 0x02, 0x03, 
	0x0a, 0x0a, 0x03, 0x1d, 0x02, 0x01, 0x02, 0x14, 
	0x1f, 0x04, 0x02, 0x02, 0x14, 0x0a, 0x02, 0x1e, 
	0x12, 0x03, 0x13, 0x04, 0x02, 0x02, 0x1b, 0x03, 
	0x1b, 0x11, 0x02, 0x01, 0x02, 0x02, 0x01, 0x03, 
	0x02, 0x02, 0x04, 0x01, 0x02, 0x13, 0x1b, 0x14, 
	0x11, 0x1b, 0x02, 0x02, 0x02, 0x01, 0x02, 0x1e, 
	0x00, 0x03, 0x13, 0x11, 0x00, 0x00, 0x00, 0x19, 
	0x00, 0x13, 0x02, 0x02, 0x02, 0x01, 0x02, 0x0a, 
	0x02, 0x02, 0x04, 0x11, 0x00, 0x00, 0x04, 0x19, 
	0x1c, 0x02, 0x02, 0x02, 0x01, 0x02, 0x02, 0x03, 
	0x0f, 0x00, 0x00, 0x1f, 0x27, 0x0f, 0x0f, 0x00, 
	0x28, 0x13, 0x03, 0x02, 0x02, 0x01, 0x02, 0x03, 
	0x29, 0x00, 0x1f, 0x00, 0x0f, 0x0f, 0x0f, 0x00, 
	0x1c, 0x19, 0x0a, 0x02, 0x01, 0x02, 0x02, 0x1e, 
	0x05, 0x2a, 0x0b, 0x24, 0x24, 0x05, 0x0b, 0x2a, 
	0x0d, 0x0a, 0x03, 0x02, 0x02, 0x02, 0x02, 0x03, 
	0x0c, 0x2a, 0x0d, 0x24, 0x24, 0x2b, 0x2a, 0x0b, 
	0x16, 0x0a, 0x0a, 0x02, 0x02, 0x02, 0x02, 0x1e, 
	0x02, 0x0a, 0x13, 0x04, 0x04, 0x04, 0x02, 0x1e, 
	0x0a, 0x02, 0x02, 0x02, 0x02, 0x02, 0x02, 0x03, 
	0x0a, 0x02, 0x04, 0x09, 0x04, 0x1b, 0x25, 0x1e, 
	0x02, 0x02, 0x02, 0x02, 0x02, 0x02, 0x02, 0x1e, 
	0x1f, 0x02, 0x10, 0x04, 0x1b, 0x1b, 0x0a, 0x14, 
	0x04, 0x03, 0x03, 0x02, 0x02, 0x02, 0x02, 0x02, 
	0x10, 0x01, 0x04, 0x13, 0x12, 0x02, 0x03, 0x0a, 
	0x1b, 0x03, 0x0a, 0x02, 0x02, 0x02, 0x02, 0x02, 
	0x00, 0x02, 0x13, 0x04, 0x1b, 0x1b, 0x03, 0x14, 
	0x04, 0x14, 0x14, 0x03, 0x02, 0x02, 0x02, 0x01, 
	0x1b, 0x02, 0x04, 0x13, 0x12, 0x02, 0x14, 0x0a, 
	0x13, 0x1d, 0x03, 0x19, 0x02, 0x02, 0x01, 0x01, 
	0x00, 0x02, 0x02, 0x02, 0x10, 0x01, 0x20, 0x14, 
	0x04, 0x03, 0x14, 0x1d, 0x03, 0x03, 0x02, 0x02, 
	0x1b, 0x02, 0x01, 0x02, 0x12, 0x03, 0x1e, 0x0a, 
	0x1b, 0x14, 0x14, 0x14, 0x03, 0x02, 0x02, 0x02, 
	0x00, 0x01, 0x02, 0x19, 0x1a, 0x03, 0x16, 0x14, 
	0x04, 0x02, 0x03, 0x24, 0x1e, 0x03, 0x02, 0x1a, 
	0x1b, 0x02, 0x02, 0x03, 0x13, 0x1e, 0x1e, 0x0a, 
	0x04, 0x0a, 0x16, 0x16, 0x14, 0x19, 0x02, 0x03, 
	0x00, 0x01, 0x02, 0x19, 0x03, 0x03, 0x16, 0x14, 
	0x04, 0x01, 0x03, 0x16, 0x16, 0x20, 0x02, 0x0a, 
	0x1b, 0x02, 0x02, 0x03, 0x02, 0x16, 0x1e, 0x0a, 
	0x12, 0x0a, 0x1d, 0x16, 0x1e, 0x0a, 0x02, 0x03, 
	0x00, 0x01, 0x02, 0x19, 0x0a, 0x14, 0x1e, 0x0a, 
	0x12, 0x0a, 0x1d, 0x16, 0x16, 0x1d, 0x02, 0x0a, 
	0x1b, 0x02, 0x02, 0x03, 0x02, 0x21, 0x14, 0x01, 
	0x04, 0x14, 0x1e, 0x16, 0x16, 0x0a, 0x02, 0x03, 
	0x27, 0x01, 0x02, 0x02, 0x0a, 0x1e, 0x1e, 0x19, 
	0x00, 0x02, 0x1e, 0x16, 0x1d, 0x1d, 0x19, 0x14, 
	0x04, 0x02, 0x02, 0x19, 0x03, 0x24, 0x03, 0x13, 
	0x11, 0x14, 0x16, 0x1d, 0x1e, 0x0a, 0x03, 0x1d, 
	0x0f, 0x01, 0x02, 0x02, 0x0a, 0x16, 0x1e, 0x03, 
	0x00, 0x13, 0x1e, 0x16, 0x1e, 0x16, 0x03, 0x1e, 
	0x12, 0x02, 0x02, 0x02, 0x03, 0x24, 0x18, 0x02, 
	0x00, 0x03, 0x16, 0x1e, 0x2c, 0x14, 0x18, 0x21, 
	0x1c, 0x02, 0x0a, 0x02, 0x0a, 0x16, 0x20, 0x03, 
	0x12, 0x13, 0x21, 0x16, 0x16, 0x16, 0x03, 0x16, 
	0x04, 0x0a, 0x02, 0x02, 0x03, 0x24, 0x0a, 0x1a, 
	0x11, 0x03, 0x2c, 0x16, 0x24, 0x14, 0x20, 0x16, 
	0x00, 0x02, 0x03, 0x02, 0x0a, 0x16, 0x14, 0x03, 
	0x04, 0x04, 0x24, 0x16, 0x1d, 0x1e, 0x01, 0x14, 
	0x1b, 0x03, 0x19, 0x02, 0x03, 0x24, 0x02, 0x0a, 
	0x1f, 0x03, 0x21, 0x1d, 0x16, 0x02, 0x03, 0x20, 
	0x00, 0x02, 0x14, 0x03, 0x03, 0x16, 0x14, 0x03, 
	0x04, 0x11, 0x21, 0x1d, 0x1d, 0x20, 0x13, 0x0a, 
	0x1b, 0x03, 0x14, 0x02, 0x1d, 0x16, 0x02, 0x0a, 
	0x00, 0x0a, 0x16, 0x1d, 0x1e, 0x02, 0x02, 0x03, 
	0x00, 0x02, 0x03, 0x03, 0x03, 0x16, 0x03, 0x03, 
	0x04, 0x11, 0x21, 0x14, 0x1d, 0x1d, 0x19, 0x20, 
	0x1b, 0x19, 0x03, 0x02, 0x1e, 0x1e, 0x02, 0x0a, 
	0x00, 0x0a, 0x16, 0x14, 0x1e, 0x0a, 0x03, 0x1d, 
	0x11, 0x14, 0x0a, 0x02, 0x03, 0x1e, 0x03, 0x14, 
	0x1b, 0x1b, 0x24, 0x14, 0x1d, 0x1d, 0x03, 0x16, 
	0x02, 0x03, 0x02, 0x02, 0x20, 0x1e, 0x0a, 0x03, 
	0x12, 0x03, 0x16, 0x20, 0x1e, 0x0a, 0x1d, 0x16, 
	0x12, 0x1e, 0x14, 0x03, 0x0a, 0x1d, 0x1d, 0x1e, 
	0x1b, 0x13, 0x24, 0x1d, 0x16, 0x1d, 0x03, 0x16, 
	0x0a, 0x14, 0x14, 0x02, 0x03, 0x16, 0x20, 0x14, 
	0x04, 0x14, 0x16, 0x1e, 0x16, 0x0a, 0x1d, 0x22, 
	0x1f, 0x1e, 0x14, 0x1e, 0x0a, 0x14, 0x1e, 0x16, 
	0x1b, 0x13, 0x24, 0x16, 0x21, 0x16, 0x20, 0x24, 
	0x0a, 0x14, 0x16, 0x03, 0x0a, 0x1d, 0x16, 0x1d, 
	0x12, 0x14, 0x21, 0x16, 0x21, 0x14, 0x16, 0x05, 
	0x1f, 0x1d, 0x20, 0x16, 0x03, 0x0a, 0x1d, 0x24, 
	0x1b, 0x01, 0x24, 0x1d, 0x24, 0x16, 0x16, 0x05, 
	0x1a, 0x14, 0x16, 0x14, 0x02, 0x14, 0x16, 0x16, 
	0x12, 0x14, 0x16, 0x16, 0x24, 0x1e, 0x24, 0x05, 
	0x00, 0x03, 0x25, 0x1d, 0x0a, 0x19, 0x14, 0x21, 
	0x1b, 0x0a, 0x21, 0x14, 0x16, 0x1e, 0x1d, 0x05, 
	0x02, 0x03, 0x1d, 0x03, 0x02, 0x03, 0x1e, 0x16, 
	0x09, 0x1d, 0x1e, 0x1e, 0x16, 0x14, 0x24, 0x05, 
	0x00, 0x0a, 0x19, 0x03, 0x02, 0x02, 0x0a, 0x16, 
	0x1b, 0x14, 0x16, 0x14, 0x24, 0x1e, 0x1d, 0x05, 
	0x13, 0x02, 0x14, 0x02, 0x02, 0x02, 0x14, 0x16, 
	0x1b, 0x1e, 0x1d, 0x16, 0x16, 0x14, 0x24, 0x05, 
	0x0f, 0x01, 0x02, 0x1a, 0x19, 0x02, 0x0a, 0x16, 
	0x12, 0x0a, 0x1e, 0x14, 0x24, 0x1d, 0x20, 0x05, 
	0x12, 0x02, 0x19, 0x1a, 0x02, 0x02, 0x14, 0x1d, 
	0x11, 0x20, 0x1d, 0x16, 0x16, 0x03, 0x2c, 0x2b, 
	0x0f, 0x01, 0x1a, 0x1d, 0x03, 0x02, 0x0a, 0x1d, 
	0x1f, 0x03, 0x1d, 0x14, 0x21, 0x14, 0x03, 0x24, 
	0x12, 0x02, 0x14, 0x14, 0x1a, 0x02, 0x14, 0x03, 
	0x12, 0x1d, 0x20, 0x16, 0x1e, 0x19, 0x1d, 0x2b, 
	0x0f, 0x01, 0x0a, 0x16, 0x1e, 0x03, 0x19, 0x20, 
	0x1f, 0x20, 0x14, 0x14, 0x16, 0x1d, 0x0a, 0x21, 
	0x12, 0x02, 0x1e, 0x16, 0x14, 0x02, 0x03, 0x03, 
	0x04, 0x1d, 0x14, 0x1d, 0x16, 0x0a, 0x20, 0x0d, 
	0x0f, 0x13, 0x02, 0x14, 0x16, 0x14, 0x0a, 0x20, 
	0x1f, 0x20, 0x14, 0x14, 0x16, 0x1d, 0x19, 0x1d, 
	0x12, 0x01, 0x03, 0x16, 0x16, 0x19, 0x03, 0x03, 
	0x04, 0x1d, 0x14, 0x1e, 0x16, 0x0a, 0x03, 0x24, 
	0x27, 0x12, 0x02, 0x14, 0x05, 0x16, 0x03, 0x20, 
	0x12, 0x20, 0x14, 0x14, 0x24, 0x16, 0x02, 0x14, 
	0x00, 0x13, 0x0a, 0x21, 0x05, 0x14, 0x03, 0x14, 
	0x04, 0x1d, 0x14, 0x16, 0x24, 0x03, 0x1a, 0x1e, 
	0x00, 0x12, 0x02, 0x14, 0x05, 0x21, 0x03, 0x20, 
	0x1b, 0x1d, 0x14, 0x14, 0x16, 0x1d, 0x02, 0x03, 
	0x00, 0x13, 0x1a, 0x21, 0x2b, 0x14, 0x03, 0x14, 
	0x13, 0x1d, 0x14, 0x1d, 0x16, 0x0a, 0x02, 0x1e, 
	0x00, 0x12, 0x02, 0x03, 0x05, 0x21, 0x03, 0x20, 
	0x1b, 0x20, 0x03, 0x14, 0x16, 0x14, 0x01, 0x03, 
	0x00, 0x13, 0x02, 0x21, 0x0d, 0x03, 0x03, 0x14, 
	0x13, 0x1d, 0x18, 0x1d, 0x1e, 0x02, 0x01, 0x1e, 
	0x0f, 0x00, 0x02, 0x19, 0x16, 0x20, 0x0a, 0x1d, 
	0x09, 0x03, 0x02, 0x03, 0x1d, 0x02, 0x01, 0x0a, 
	0x23, 0x13, 0x01, 0x1d, 0x24, 0x02, 0x14, 0x14, 
	0x09, 0x03, 0x0a, 0x20, 0x0a, 0x01, 0x01, 0x1e, 
	0x0f, 0x00, 0x13, 0x09, 0x03, 0x03, 0x02, 0x14, 
	0x1f, 0x0a, 0x01, 0x12, 0x02, 0x02, 0x1b, 0x02, 
	0x23, 0x13, 0x04, 0x01, 0x1e, 0x02, 0x19, 0x03, 
	0x11, 0x0a, 0x1b, 0x13, 0x02, 0x01, 0x12, 0x1e, 
	0x0f, 0x00, 0x02, 0x01, 0x03, 0x03, 0x02, 0x14, 
	0x1f, 0x13, 0x01, 0x11, 0x1f, 0x1c, 0x00, 0x09, 
	0x23, 0x13, 0x01, 0x02, 0x1e, 0x02, 0x19, 0x03, 
	0x00, 0x01, 0x09, 0x1f, 0x00, 0x1c, 0x1f, 0x02, 
	0x2d, 0x12, 0x02, 0x01, 0x02, 0x02, 0x02, 0x14, 
	0x1f, 0x2e, 0x0f, 0x1c, 0x2f, 0x2d, 0x2d, 0x2f, 
	0x27, 0x13, 0x01, 0x02, 0x02, 0x01, 0x19, 0x03, 
	0x2e, 0x2e, 0x27, 0x27, 0x2d, 0x2d, 0x2d, 0x1c, 
	
};

Gfx pitstop_dl_CrateRedBrown_pal_rgba16_aligner[] = {gsSPEndDisplayList()};
u8 pitstop_dl_CrateRedBrown_pal_rgba16[] = {
	0x28, 0xc5, 0x49, 0x89, 0x51, 0x89, 0x61, 0xcb, 
	0x39, 0x07, 0x8a, 0x8f, 0xb3, 0x95, 0xab, 0x13, 
	0xb3, 0x53, 0x41, 0x07, 0x59, 0xcb, 0xab, 0x53, 
	0xa3, 0x13, 0x92, 0xd1, 0x9b, 0x11, 0x10, 0x43, 
	0x41, 0x49, 0x31, 0x05, 0x31, 0x07, 0x49, 0x49, 
	0x6a, 0x0b, 0x51, 0x8b, 0x7a, 0x4d, 0x49, 0x47, 
	0x69, 0xcb, 0x59, 0x89, 0x59, 0xc9, 0x41, 0x47, 
	0x20, 0xc5, 0x72, 0x0d, 0x72, 0x4d, 0x30, 0xc5, 
	0x6a, 0x0d, 0x82, 0x4f, 0x82, 0x4d, 0x20, 0x83, 
	0x82, 0x8f, 0x62, 0x0b, 0x92, 0xcf, 0x18, 0x83, 
	0x18, 0x43, 0x20, 0x85, 0xb3, 0x97, 0x9a, 0xd1, 
	0x7a, 0x4f, 0x00, 0x41, 0x08, 0x43, 0x08, 0x01, 
	
};

Vtx pitstop_dl_vis_mesh_layer_5_vtx_0[24] = {
	{{ {2790, 134, 10058}, 0, {1002, 6254}, {127, 0, 0, 255} }},
	{{ {2790, 134, 7522}, 0, {1002, 10141}, {127, 0, 0, 255} }},
	{{ {2790, 804, 7522}, 0, {-25, 10141}, {127, 0, 0, 255} }},
	{{ {2790, 134, 10184}, 0, {1002, 6061}, {127, 0, 0, 255} }},
	{{ {2790, 134, 10712}, 0, {1002, 5252}, {127, 0, 0, 255} }},
	{{ {2790, 804, 10712}, 0, {-25, 5252}, {127, 0, 0, 255} }},
	{{ {372, 134, 7522}, 0, {1002, 13847}, {0, 0, 129, 255} }},
	{{ {372, 804, 7522}, 0, {-25, 13847}, {0, 0, 129, 255} }},
	{{ {2790, 804, 7522}, 0, {-25, 10141}, {0, 0, 129, 255} }},
	{{ {2790, 134, 7522}, 0, {1002, 10141}, {0, 0, 129, 255} }},
	{{ {1889, 134, 10712}, 0, {1002, 3871}, {0, 0, 127, 255} }},
	{{ {2790, 134, 10712}, 0, {1002, 5252}, {0, 0, 127, 255} }},
	{{ {2790, 804, 10712}, 0, {-25, 5252}, {0, 0, 127, 255} }},
	{{ {1764, 134, 10712}, 0, {1002, 3679}, {0, 0, 127, 255} }},
	{{ {-2790, 134, 10712}, 0, {1002, -3300}, {0, 0, 127, 255} }},
	{{ {-2790, 804, 10712}, 0, {-25, -3300}, {0, 0, 127, 255} }},
	{{ {-2790, 134, 7522}, 0, {1002, -8189}, {0, 0, 129, 255} }},
	{{ {-2790, 804, 7522}, 0, {-25, -8189}, {0, 0, 129, 255} }},
	{{ {-372, 804, 7522}, 0, {-25, -11895}, {0, 0, 129, 255} }},
	{{ {-372, 134, 7522}, 0, {1002, -11895}, {0, 0, 129, 255} }},
	{{ {-2790, 134, 10712}, 0, {1002, -3300}, {129, 0, 0, 255} }},
	{{ {-2790, 804, 10712}, 0, {-25, -3300}, {129, 0, 0, 255} }},
	{{ {-2790, 804, 7522}, 0, {-25, -8189}, {129, 0, 0, 255} }},
	{{ {-2790, 134, 7522}, 0, {1002, -8189}, {129, 0, 0, 255} }},
};

Gfx pitstop_dl_vis_mesh_layer_5_tri_0[] = {
	gsSPVertex(pitstop_dl_vis_mesh_layer_5_vtx_0 + 0, 24, 0),
	gsSP2Triangles(0, 1, 2, 0, 3, 0, 2, 0),
	gsSP2Triangles(2, 4, 3, 0, 2, 5, 4, 0),
	gsSP2Triangles(6, 7, 8, 0, 6, 8, 9, 0),
	gsSP2Triangles(10, 11, 12, 0, 13, 10, 12, 0),
	gsSP2Triangles(12, 14, 13, 0, 12, 15, 14, 0),
	gsSP2Triangles(16, 17, 18, 0, 16, 18, 19, 0),
	gsSP2Triangles(20, 21, 22, 0, 20, 22, 23, 0),
	gsSPEndDisplayList(),
};

Vtx pitstop_dl_vis_mesh_layer_5_vtx_1[30] = {
	{{ {1154, 457, 7522}, 0, {1024, 1024}, {0, 0, 129, 255} }},
	{{ {1154, 670, 7522}, 0, {1024, 0}, {0, 0, 129, 255} }},
	{{ {1366, 670, 7522}, 0, {0, 0}, {0, 0, 129, 255} }},
	{{ {1366, 457, 7522}, 0, {0, 1024}, {0, 0, 129, 255} }},
	{{ {1154, 245, 7522}, 0, {1024, 2048}, {0, 0, 129, 255} }},
	{{ {1366, 457, 7522}, 0, {0, 1024}, {0, 0, 129, 255} }},
	{{ {1366, 245, 7522}, 0, {0, 2048}, {0, 0, 129, 255} }},
	{{ {1154, 457, 7522}, 0, {1024, 1024}, {0, 0, 129, 255} }},
	{{ {729, 245, 7522}, 0, {3072, 2048}, {0, 0, 129, 255} }},
	{{ {942, 457, 7522}, 0, {2048, 1024}, {0, 0, 129, 255} }},
	{{ {942, 245, 7522}, 0, {2048, 2048}, {0, 0, 129, 255} }},
	{{ {729, 457, 7522}, 0, {3072, 1024}, {0, 0, 129, 255} }},
	{{ {517, 245, 7522}, 0, {4096, 2048}, {0, 0, 129, 255} }},
	{{ {517, 457, 7522}, 0, {4096, 1024}, {0, 0, 129, 255} }},
	{{ {729, 457, 7522}, 0, {3072, 1024}, {0, 0, 129, 255} }},
	{{ {729, 670, 7522}, 0, {3072, 0}, {0, 0, 129, 255} }},
	{{ {942, 670, 7522}, 0, {2048, 0}, {0, 0, 129, 255} }},
	{{ {942, 457, 7522}, 0, {2048, 1024}, {0, 0, 129, 255} }},
	{{ {517, 457, 7522}, 0, {4096, 1024}, {0, 0, 129, 255} }},
	{{ {517, 670, 7522}, 0, {4096, 0}, {0, 0, 129, 255} }},
	{{ {729, 670, 7522}, 0, {3072, 0}, {0, 0, 129, 255} }},
	{{ {729, 457, 7522}, 0, {3072, 1024}, {0, 0, 129, 255} }},
	{{ {942, 245, 7522}, 0, {2048, 2048}, {0, 0, 129, 255} }},
	{{ {1154, 457, 7522}, 0, {1024, 1024}, {0, 0, 129, 255} }},
	{{ {1154, 245, 7522}, 0, {1024, 2048}, {0, 0, 129, 255} }},
	{{ {942, 457, 7522}, 0, {2048, 1024}, {0, 0, 129, 255} }},
	{{ {942, 457, 7522}, 0, {2048, 1024}, {0, 0, 129, 255} }},
	{{ {942, 670, 7522}, 0, {2048, 0}, {0, 0, 129, 255} }},
	{{ {1154, 670, 7522}, 0, {1024, 0}, {0, 0, 129, 255} }},
	{{ {1154, 457, 7522}, 0, {1024, 1024}, {0, 0, 129, 255} }},
};

Gfx pitstop_dl_vis_mesh_layer_5_tri_1[] = {
	gsDPLoadSync(),
	gsDPSetTextureImage(G_IM_FMT_RGBA, G_IM_SIZ_16b, 128, pitstop_dl_baronsbounty_rgba16),
	gsDPSetTile(G_IM_FMT_RGBA, G_IM_SIZ_16b, 9, 0, 7, 0, G_TX_WRAP | G_TX_NOMIRROR, 0, 0, G_TX_WRAP | G_TX_NOMIRROR, 0, 0),
	gsDPLoadTile(7, 0, 0, 128, 128),
	gsDPSetTile(G_IM_FMT_RGBA, G_IM_SIZ_16b, 9, 0, 0, 0, G_TX_CLAMP | G_TX_NOMIRROR, 0, 0, G_TX_CLAMP | G_TX_NOMIRROR, 0, 0),
	gsDPSetTileSize(0, 0, 0, 128, 128),
	gsSPVertex(pitstop_dl_vis_mesh_layer_5_vtx_1 + 0, 4, 0),
	gsSP2Triangles(0, 1, 2, 0, 0, 2, 3, 0),
	gsDPLoadSync(),
	gsDPLoadTile(7, 0, 128, 128, 252),
	gsDPSetTileSize(0, 0, 128, 128, 252),
	gsSPVertex(pitstop_dl_vis_mesh_layer_5_vtx_1 + 4, 4, 0),
	gsSP2Triangles(0, 1, 2, 0, 0, 3, 1, 0),
	gsDPLoadSync(),
	gsDPSetTile(G_IM_FMT_RGBA, G_IM_SIZ_16b, 16, 0, 7, 0, G_TX_WRAP | G_TX_NOMIRROR, 0, 0, G_TX_WRAP | G_TX_NOMIRROR, 0, 0),
	gsDPLoadTile(7, 256, 128, 508, 252),
	gsDPSetTile(G_IM_FMT_RGBA, G_IM_SIZ_16b, 16, 0, 0, 0, G_TX_CLAMP | G_TX_NOMIRROR, 0, 0, G_TX_CLAMP | G_TX_NOMIRROR, 0, 0),
	gsDPSetTileSize(0, 256, 128, 508, 252),
	gsSPVertex(pitstop_dl_vis_mesh_layer_5_vtx_1 + 8, 6, 0),
	gsSP2Triangles(0, 1, 2, 0, 0, 3, 1, 0),
	gsSP2Triangles(4, 3, 0, 0, 4, 5, 3, 0),
	gsDPLoadSync(),
	gsDPSetTile(G_IM_FMT_RGBA, G_IM_SIZ_16b, 9, 0, 7, 0, G_TX_WRAP | G_TX_NOMIRROR, 0, 0, G_TX_WRAP | G_TX_NOMIRROR, 0, 0),
	gsDPLoadTile(7, 256, 0, 384, 128),
	gsDPSetTile(G_IM_FMT_RGBA, G_IM_SIZ_16b, 9, 0, 0, 0, G_TX_CLAMP | G_TX_NOMIRROR, 0, 0, G_TX_CLAMP | G_TX_NOMIRROR, 0, 0),
	gsDPSetTileSize(0, 256, 0, 384, 128),
	gsSPVertex(pitstop_dl_vis_mesh_layer_5_vtx_1 + 14, 4, 0),
	gsSP2Triangles(0, 1, 2, 0, 0, 2, 3, 0),
	gsDPLoadSync(),
	gsDPSetTile(G_IM_FMT_RGBA, G_IM_SIZ_16b, 8, 0, 7, 0, G_TX_WRAP | G_TX_NOMIRROR, 0, 0, G_TX_WRAP | G_TX_NOMIRROR, 0, 0),
	gsDPLoadTile(7, 384, 0, 508, 128),
	gsDPSetTile(G_IM_FMT_RGBA, G_IM_SIZ_16b, 8, 0, 0, 0, G_TX_CLAMP | G_TX_NOMIRROR, 0, 0, G_TX_CLAMP | G_TX_NOMIRROR, 0, 0),
	gsDPSetTileSize(0, 384, 0, 508, 128),
	gsSPVertex(pitstop_dl_vis_mesh_layer_5_vtx_1 + 18, 4, 0),
	gsSP2Triangles(0, 1, 2, 0, 0, 2, 3, 0),
	gsDPLoadSync(),
	gsDPSetTile(G_IM_FMT_RGBA, G_IM_SIZ_16b, 9, 0, 7, 0, G_TX_WRAP | G_TX_NOMIRROR, 0, 0, G_TX_WRAP | G_TX_NOMIRROR, 0, 0),
	gsDPLoadTile(7, 128, 128, 256, 252),
	gsDPSetTile(G_IM_FMT_RGBA, G_IM_SIZ_16b, 9, 0, 0, 0, G_TX_CLAMP | G_TX_NOMIRROR, 0, 0, G_TX_CLAMP | G_TX_NOMIRROR, 0, 0),
	gsDPSetTileSize(0, 128, 128, 256, 252),
	gsSPVertex(pitstop_dl_vis_mesh_layer_5_vtx_1 + 22, 4, 0),
	gsSP2Triangles(0, 1, 2, 0, 0, 3, 1, 0),
	gsDPLoadSync(),
	gsDPLoadTile(7, 128, 0, 256, 128),
	gsDPSetTileSize(0, 128, 0, 256, 128),
	gsSPVertex(pitstop_dl_vis_mesh_layer_5_vtx_1 + 26, 4, 0),
	gsSP2Triangles(0, 1, 2, 0, 0, 2, 3, 0),
	gsSPEndDisplayList(),
};

Vtx pitstop_dl_vis_mesh_layer_5_vtx_2[75] = {
	{{ {3384, 299, 12413}, 0, {-6601, -2030}, {255, 255, 255, 255} }},
	{{ {496, 494, 12743}, 0, {-4617, -3997}, {255, 255, 255, 255} }},
	{{ {543, 480, 13462}, 0, {-5124, -4379}, {255, 255, 255, 0} }},
	{{ {3708, 266, 13100}, 0, {-7298, -2225}, {255, 255, 255, 0} }},
	{{ {-5193, 1203, -2283}, 0, {10707, 2203}, {255, 255, 255, 255} }},
	{{ {-2619, 548, -2283}, 0, {8725, 3766}, {255, 255, 255, 255} }},
	{{ {-2870, 539, -3002}, 0, {9257, 3986}, {255, 255, 255, 0} }},
	{{ {-5689, 1256, -3002}, 0, {11427, 2273}, {255, 255, 255, 0} }},
	{{ {-5193, 413, -1286}, 0, {9981, 1562}, {255, 255, 255, 255} }},
	{{ {-5689, 390, -1908}, 0, {10593, 1552}, {255, 255, 255, 0} }},
	{{ {-3384, 299, 12413}, 0, {-1388, -6142}, {255, 255, 255, 255} }},
	{{ {-3708, 266, 13100}, 0, {-1584, -6735}, {255, 255, 255, 0} }},
	{{ {543, 480, 13462}, 0, {-5120, -4384}, {255, 255, 255, 0} }},
	{{ {-46, 359, -2283}, 0, {6743, 5330}, {255, 255, 255, 255} }},
	{{ {2573, 264, -2283}, 0, {4726, 6921}, {255, 255, 255, 255} }},
	{{ {2819, 228, -3002}, 0, {5007, 7490}, {255, 255, 255, 0} }},
	{{ {-50, 332, -3002}, 0, {7215, 5745}, {255, 255, 255, 0} }},
	{{ {5193, 0, 4830}, 0, {-2471, 3942}, {207, 207, 207, 255} }},
	{{ {5193, 375, 7008}, 0, {-4057, 2542}, {255, 255, 255, 255} }},
	{{ {5689, 349, 7178}, 0, {-4554, 2732}, {255, 255, 255, 0} }},
	{{ {5689, -62, 4792}, 0, {-2819, 4266}, {255, 255, 255, 0} }},
	{{ {-5193, 270, 9186}, 0, {2355, -5167}, {255, 255, 255, 255} }},
	{{ {-5193, 316, 7008}, 0, {3941, -3767}, {255, 255, 255, 255} }},
	{{ {-5689, 285, 7178}, 0, {4155, -4145}, {255, 255, 255, 0} }},
	{{ {-5689, 234, 9564}, 0, {2418, -5678}, {255, 255, 255, 0} }},
	{{ {5689, 1097, -3002}, 0, {2823, 9151}, {255, 255, 255, 0} }},
	{{ {2819, 228, -3002}, 0, {5034, 7411}, {255, 255, 255, 0} }},
	{{ {5193, 1058, -2283}, 0, {2709, 8513}, {255, 255, 255, 255} }},
	{{ {5689, 537, -1908}, 0, {2023, 8429}, {255, 255, 255, 0} }},
	{{ {5193, 547, -1286}, 0, {1982, 7871}, {255, 255, 255, 255} }},
	{{ {5193, 269, 9186}, 0, {-5643, 1143}, {255, 255, 255, 255} }},
	{{ {5689, 234, 9564}, 0, {-6285, 1197}, {255, 255, 255, 0} }},
	{{ {5193, 375, 7008}, 0, {-4057, 2542}, {255, 255, 255, 255} }},
	{{ {5689, 234, 9564}, 0, {-6285, 1197}, {255, 255, 255, 0} }},
	{{ {5689, 349, 7178}, 0, {-4545, 2729}, {255, 255, 255, 0} }},
	{{ {-2619, 548, -2283}, 0, {8725, 3766}, {255, 255, 255, 255} }},
	{{ {-46, 359, -2283}, 0, {6743, 5330}, {255, 255, 255, 255} }},
	{{ {-50, 332, -3002}, 0, {7190, 5743}, {255, 255, 255, 0} }},
	{{ {-2870, 539, -3002}, 0, {9362, 4030}, {255, 255, 255, 0} }},
	{{ {5193, 269, 9186}, 0, {-5643, 1143}, {255, 255, 255, 255} }},
	{{ {5193, 789, 11363}, 0, {-7229, -257}, {255, 255, 255, 255} }},
	{{ {5689, 802, 11950}, 0, {-7979, -371}, {255, 255, 255, 6} }},
	{{ {5689, 234, 9564}, 0, {-6230, 1154}, {255, 255, 255, 0} }},
	{{ {5193, 547, -1286}, 0, {1982, 7871}, {255, 255, 255, 255} }},
	{{ {5193, 146, 1184}, 0, {183, 6284}, {255, 255, 255, 255} }},
	{{ {5689, 98, 1184}, 0, {-195, 6574}, {255, 255, 255, 0} }},
	{{ {5689, 537, -1908}, 0, {2041, 8562}, {255, 255, 255, 0} }},
	{{ {-5193, 0, 4830}, 0, {5527, -2368}, {255, 255, 255, 255} }},
	{{ {-5193, 129, 2652}, 0, {7113, -968}, {255, 255, 255, 255} }},
	{{ {-5689, 80, 2652}, 0, {7492, -1271}, {255, 255, 255, 0} }},
	{{ {-5689, -62, 4792}, 0, {5935, -2647}, {255, 255, 255, 0} }},
	{{ {3384, 299, 12413}, 0, {-6601, -2030}, {255, 255, 255, 255} }},
	{{ {3708, 266, 13100}, 0, {-6833, -2225}, {255, 255, 255, 0} }},
	{{ {5689, 802, 11950}, 0, {-7522, -282}, {255, 255, 255, 6} }},
	{{ {5193, 146, 2652}, 0, {-885, 5341}, {255, 255, 255, 255} }},
	{{ {5193, 0, 4830}, 0, {-2471, 3942}, {207, 207, 207, 255} }},
	{{ {5689, -62, 4792}, 0, {-2825, 4267}, {255, 255, 255, 0} }},
	{{ {5689, 98, 2652}, 0, {-1266, 5642}, {255, 255, 255, 0} }},
	{{ {-3384, 299, 12413}, 0, {-1388, -6142}, {255, 255, 255, 255} }},
	{{ {-5193, 1288, 11363}, 0, {769, -6566}, {255, 255, 255, 255} }},
	{{ {-5689, 1350, 11950}, 0, {642, -6915}, {255, 255, 255, 0} }},
	{{ {-3708, 266, 13100}, 0, {-1721, -6450}, {255, 255, 255, 0} }},
	{{ {-5193, 316, 7008}, 0, {3941, -3767}, {255, 255, 255, 255} }},
	{{ {-5689, -62, 4792}, 0, {5927, -2626}, {255, 255, 255, 0} }},
	{{ {-5193, 316, 7008}, 0, {3941, -3767}, {255, 255, 255, 255} }},
	{{ {-5689, -62, 4792}, 0, {5927, -2626}, {255, 255, 255, 0} }},
	{{ {-5689, 285, 7178}, 0, {4188, -4156}, {255, 255, 255, 0} }},
	{{ {-5193, 129, 1184}, 0, {8182, -25}, {255, 255, 255, 255} }},
	{{ {-5193, 413, -1286}, 0, {9981, 1562}, {255, 255, 255, 255} }},
	{{ {-5689, 390, -1908}, 0, {10809, 1654}, {255, 255, 255, 0} }},
	{{ {-5689, 80, 1184}, 0, {8554, -326}, {255, 255, 255, 0} }},
	{{ {-5193, 1288, 11363}, 0, {769, -6566}, {255, 255, 255, 255} }},
	{{ {-5193, 270, 9186}, 0, {2355, -5167}, {255, 255, 255, 255} }},
	{{ {-5689, 234, 9564}, 0, {2391, -5522}, {255, 255, 255, 0} }},
	{{ {-5689, 1350, 11950}, 0, {658, -7067}, {255, 255, 255, 0} }},
};

Gfx pitstop_dl_vis_mesh_layer_5_tri_2[] = {
	gsSPVertex(pitstop_dl_vis_mesh_layer_5_vtx_2 + 0, 32, 0),
	gsSP2Triangles(0, 1, 2, 0, 0, 2, 3, 0),
	gsSP2Triangles(4, 5, 6, 0, 4, 6, 7, 0),
	gsSP2Triangles(8, 4, 7, 0, 8, 7, 9, 0),
	gsSP2Triangles(1, 10, 11, 0, 1, 11, 12, 0),
	gsSP2Triangles(13, 14, 15, 0, 13, 15, 16, 0),
	gsSP2Triangles(17, 18, 19, 0, 17, 19, 20, 0),
	gsSP2Triangles(21, 22, 23, 0, 21, 23, 24, 0),
	gsSP2Triangles(14, 25, 26, 0, 14, 27, 25, 0),
	gsSP2Triangles(27, 28, 25, 0, 27, 29, 28, 0),
	gsSP1Triangle(18, 30, 31, 0),
	gsSPVertex(pitstop_dl_vis_mesh_layer_5_vtx_2 + 32, 32, 0),
	gsSP2Triangles(0, 1, 2, 0, 3, 4, 5, 0),
	gsSP2Triangles(3, 5, 6, 0, 7, 8, 9, 0),
	gsSP2Triangles(7, 9, 10, 0, 11, 12, 13, 0),
	gsSP2Triangles(11, 13, 14, 0, 15, 16, 17, 0),
	gsSP2Triangles(15, 17, 18, 0, 8, 19, 20, 0),
	gsSP2Triangles(8, 20, 21, 0, 22, 23, 24, 0),
	gsSP2Triangles(22, 24, 25, 0, 26, 27, 28, 0),
	gsSP2Triangles(26, 28, 29, 0, 30, 15, 31, 0),
	gsSPVertex(pitstop_dl_vis_mesh_layer_5_vtx_2 + 64, 11, 0),
	gsSP2Triangles(0, 1, 2, 0, 3, 4, 5, 0),
	gsSP2Triangles(3, 5, 6, 0, 7, 8, 9, 0),
	gsSP1Triangle(7, 9, 10, 0),
	gsSPEndDisplayList(),
};

Vtx pitstop_dl_vis_mesh_layer_5_vtx_3[8] = {
	{{ {-5193, 129, 2652}, 0, {-28, -6766}, {255, 255, 255, 255} }},
	{{ {-5193, 129, 1184}, 0, {2024, -6766}, {255, 255, 255, 255} }},
	{{ {-5689, 80, 1184}, 0, {2024, -7460}, {255, 255, 255, 6} }},
	{{ {-5689, 80, 2652}, 0, {-28, -7460}, {255, 255, 255, 0} }},
	{{ {5193, 146, 1184}, 0, {2024, 7758}, {255, 255, 255, 255} }},
	{{ {5193, 146, 2652}, 0, {-28, 7758}, {255, 255, 255, 255} }},
	{{ {5689, 98, 2652}, 0, {-28, 8452}, {255, 255, 255, 0} }},
	{{ {5689, 98, 1184}, 0, {2024, 8452}, {255, 255, 255, 0} }},
};

Gfx pitstop_dl_vis_mesh_layer_5_tri_3[] = {
	gsSPVertex(pitstop_dl_vis_mesh_layer_5_vtx_3 + 0, 8, 0),
	gsSP2Triangles(0, 1, 2, 0, 0, 2, 3, 0),
	gsSP2Triangles(4, 5, 6, 0, 4, 6, 7, 0),
	gsSPEndDisplayList(),
};

Vtx pitstop_dl_vis_mesh_layer_1_vtx_0[12] = {
	{{ {3384, 0, 1184}, 0, {2024, 5229}, {255, 255, 255, 255} }},
	{{ {-3384, 0, 1184}, 0, {2024, -4237}, {255, 255, 255, 255} }},
	{{ {-3384, 0, 2652}, 0, {-28, -4237}, {255, 255, 255, 255} }},
	{{ {-4288, 129, 1184}, 0, {2024, -5501}, {255, 255, 255, 255} }},
	{{ {-4288, 129, 2652}, 0, {-28, -5501}, {255, 255, 255, 255} }},
	{{ {-5193, 129, 1184}, 0, {2024, -6766}, {255, 255, 255, 255} }},
	{{ {-5193, 129, 2652}, 0, {-28, -6766}, {255, 255, 255, 255} }},
	{{ {3384, 0, 2652}, 0, {-28, 5229}, {255, 255, 255, 255} }},
	{{ {4288, 146, 2652}, 0, {-28, 6493}, {255, 255, 255, 255} }},
	{{ {4288, 146, 1184}, 0, {2024, 6493}, {255, 255, 255, 255} }},
	{{ {5193, 146, 2652}, 0, {-28, 7758}, {255, 255, 255, 255} }},
	{{ {5193, 146, 1184}, 0, {2024, 7758}, {255, 255, 255, 255} }},
};

Gfx pitstop_dl_vis_mesh_layer_1_tri_0[] = {
	gsSPVertex(pitstop_dl_vis_mesh_layer_1_vtx_0 + 0, 12, 0),
	gsSP2Triangles(0, 1, 2, 0, 2, 1, 3, 0),
	gsSP2Triangles(2, 3, 4, 0, 4, 3, 5, 0),
	gsSP2Triangles(4, 5, 6, 0, 0, 2, 7, 0),
	gsSP2Triangles(0, 7, 8, 0, 0, 8, 9, 0),
	gsSP2Triangles(9, 8, 10, 0, 9, 10, 11, 0),
	gsSPEndDisplayList(),
};

Vtx pitstop_dl_vis_mesh_layer_1_vtx_1[96] = {
	{{ {-2790, 0, 7522}, 0, {1717, -2638}, {170, 170, 170, 255} }},
	{{ {-3384, 0, 8324}, 0, {1590, -3514}, {170, 170, 170, 255} }},
	{{ {-3384, 0, 9186}, 0, {962, -4068}, {170, 170, 170, 255} }},
	{{ {-3384, 0, 11363}, 0, {-623, -5467}, {170, 170, 170, 255} }},
	{{ {-2790, 0, 10712}, 0, {-606, -4688}, {170, 170, 170, 255} }},
	{{ {2790, 0, 10712}, 0, {-4904, -1297}, {170, 170, 170, 255} }},
	{{ {0, 0, 11363}, 0, {-3230, -3411}, {170, 170, 170, 255} }},
	{{ {2008, 0, 11363}, 0, {-4776, -2192}, {170, 170, 170, 255} }},
	{{ {4288, 146, 2652}, 0, {-189, 4792}, {255, 255, 255, 255} }},
	{{ {5193, 0, 4830}, 0, {-2471, 3942}, {207, 207, 207, 255} }},
	{{ {5193, 146, 2652}, 0, {-885, 5341}, {255, 255, 255, 255} }},
	{{ {4288, 223, 4830}, 0, {-1775, 3392}, {255, 255, 255, 255} }},
	{{ {3384, 0, 2652}, 0, {507, 4242}, {255, 255, 255, 255} }},
	{{ {3384, 0, 4830}, 0, {-1078, 2843}, {255, 255, 255, 255} }},
	{{ {2790, 0, 7522}, 0, {-2581, 753}, {255, 255, 255, 255} }},
	{{ {2790, 0, 6985}, 0, {-2191, 1097}, {255, 255, 255, 255} }},
	{{ {2790, 0, 4331}, 0, {-258, 2803}, {255, 255, 255, 255} }},
	{{ {-2790, 0, 4331}, 0, {4040, -588}, {255, 255, 255, 255} }},
	{{ {-3384, 0, 2652}, 0, {5720, 130}, {255, 255, 255, 255} }},
	{{ {-3384, 0, 4830}, 0, {4134, -1269}, {255, 255, 255, 255} }},
	{{ {-4288, 129, 2652}, 0, {6417, -419}, {255, 255, 255, 255} }},
	{{ {-4288, 0, 4830}, 0, {4831, -1818}, {255, 255, 255, 255} }},
	{{ {-5193, 0, 4830}, 0, {5527, -2368}, {255, 255, 255, 255} }},
	{{ {-5193, 129, 2652}, 0, {7113, -968}, {255, 255, 255, 255} }},
	{{ {-5193, 316, 7008}, 0, {3941, -3767}, {255, 255, 255, 255} }},
	{{ {-4288, 0, 7008}, 0, {3245, -3218}, {255, 255, 255, 255} }},
	{{ {-5193, 270, 9186}, 0, {2355, -5167}, {255, 255, 255, 255} }},
	{{ {-4288, 0, 9186}, 0, {1659, -4617}, {255, 255, 255, 255} }},
	{{ {-4288, 460, 11363}, 0, {73, -6017}, {255, 255, 255, 255} }},
	{{ {-5193, 1288, 11363}, 0, {769, -6566}, {255, 255, 255, 255} }},
	{{ {-3384, 299, 12413}, 0, {-1388, -6142}, {255, 255, 255, 255} }},
	{{ {-3384, 0, 11363}, 0, {-623, -5467}, {255, 255, 255, 255} }},
	{{ {496, 494, 12743}, 0, {-4617, -3997}, {255, 255, 255, 255} }},
	{{ {-3384, 0, 11363}, 0, {-623, -5467}, {255, 255, 255, 255} }},
	{{ {-3384, 299, 12413}, 0, {-1388, -6142}, {255, 255, 255, 255} }},
	{{ {0, 0, 11363}, 0, {-3230, -3411}, {255, 255, 255, 255} }},
	{{ {2008, 0, 11363}, 0, {-4776, -2192}, {255, 255, 255, 255} }},
	{{ {3384, 299, 12413}, 0, {-6601, -2030}, {255, 255, 255, 255} }},
	{{ {3384, 0, 11363}, 0, {-5836, -1355}, {255, 255, 255, 255} }},
	{{ {4288, 0, 11363}, 0, {-6533, -806}, {255, 255, 255, 255} }},
	{{ {5193, 789, 11363}, 0, {-7229, -257}, {255, 255, 255, 255} }},
	{{ {5193, 269, 9186}, 0, {-5643, 1143}, {255, 255, 255, 255} }},
	{{ {4288, 382, 9186}, 0, {-4947, 594}, {255, 255, 255, 255} }},
	{{ {5193, 375, 7008}, 0, {-4057, 2542}, {255, 255, 255, 255} }},
	{{ {4288, 0, 7008}, 0, {-3361, 1993}, {255, 255, 255, 255} }},
	{{ {5193, 0, 4830}, 0, {-2471, 3942}, {207, 207, 207, 255} }},
	{{ {4288, 223, 4830}, 0, {-1775, 3392}, {255, 255, 255, 255} }},
	{{ {3384, 0, 4830}, 0, {-1078, 2843}, {255, 255, 255, 255} }},
	{{ {3384, 0, 7008}, 0, {-2664, 1444}, {255, 255, 255, 255} }},
	{{ {2790, 0, 7522}, 0, {-2581, 753}, {255, 255, 255, 255} }},
	{{ {3384, 0, 9186}, 0, {-4250, 44}, {207, 207, 207, 255} }},
	{{ {2790, 0, 10712}, 0, {-4904, -1297}, {255, 255, 255, 255} }},
	{{ {-4288, 0, 9186}, 0, {1659, -4617}, {255, 255, 255, 255} }},
	{{ {-4288, 460, 11363}, 0, {73, -6017}, {255, 255, 255, 255} }},
	{{ {-3384, 0, 9186}, 0, {962, -4068}, {255, 255, 255, 255} }},
	{{ {-3384, 0, 8324}, 0, {1590, -3514}, {255, 255, 255, 255} }},
	{{ {-3384, 0, 7008}, 0, {2548, -2668}, {255, 255, 255, 255} }},
	{{ {-2790, 0, 7522}, 0, {1717, -2638}, {255, 255, 255, 255} }},
	{{ {-2790, 0, 6985}, 0, {2107, -2293}, {255, 255, 255, 255} }},
	{{ {-2883, 0, 6814}, 0, {2304, -2239}, {255, 255, 255, 255} }},
	{{ {-2790, 0, 6819}, 0, {2228, -2186}, {255, 255, 255, 255} }},
	{{ {-2884, 0, 4928}, 0, {3678, -1028}, {255, 255, 255, 255} }},
	{{ {-2790, 0, 4331}, 0, {4040, -588}, {255, 255, 255, 255} }},
	{{ {-2790, 0, 4928}, 0, {3606, -971}, {255, 255, 255, 255} }},
	{{ {-2790, 0, 4331}, 0, {4040, -588}, {255, 255, 255, 255} }},
	{{ {-3384, 0, 4830}, 0, {4134, -1269}, {255, 255, 255, 255} }},
	{{ {-3384, 0, 7008}, 0, {2548, -2668}, {255, 255, 255, 255} }},
	{{ {-4288, 0, 4830}, 0, {4831, -1818}, {255, 255, 255, 255} }},
	{{ {-4288, 0, 7008}, 0, {3245, -3218}, {255, 255, 255, 255} }},
	{{ {-4288, 0, 9186}, 0, {1659, -4617}, {255, 255, 255, 255} }},
	{{ {5193, 547, -1286}, 0, {1982, 7871}, {255, 255, 255, 255} }},
	{{ {3384, 0, 1184}, 0, {1576, 5186}, {178, 178, 178, 255} }},
	{{ {4288, 146, 1184}, 0, {880, 5735}, {178, 178, 178, 255} }},
	{{ {5193, 146, 1184}, 0, {183, 6284}, {255, 255, 255, 255} }},
	{{ {-3384, 0, 1184}, 0, {6789, 1073}, {255, 255, 255, 255} }},
	{{ {-5193, 413, -1286}, 0, {9981, 1562}, {255, 255, 255, 255} }},
	{{ {-4288, 129, 1184}, 0, {7485, 524}, {255, 255, 255, 255} }},
	{{ {-5193, 129, 1184}, 0, {8182, -25}, {255, 255, 255, 255} }},
	{{ {5193, 547, -1286}, 0, {1982, 7871}, {255, 255, 255, 255} }},
	{{ {2349, 0, -588}, 0, {3664, 5696}, {255, 255, 255, 255} }},
	{{ {2573, 12, -1286}, 0, {3999, 6280}, {178, 178, 178, 255} }},
	{{ {2573, 264, -2283}, 0, {4726, 6921}, {255, 255, 255, 255} }},
	{{ {5193, 1058, -2283}, 0, {2709, 8513}, {255, 255, 255, 255} }},
	{{ {-46, 0, -1286}, 0, {6017, 4689}, {255, 255, 255, 255} }},
	{{ {3384, 0, 1184}, 0, {1576, 5186}, {255, 255, 255, 255} }},
	{{ {-2697, 0, -392}, 0, {7408, 2504}, {255, 255, 255, 255} }},
	{{ {-2619, 197, -1286}, 0, {7999, 3125}, {178, 178, 178, 255} }},
	{{ {-2619, 548, -2283}, 0, {8725, 3766}, {255, 255, 255, 255} }},
	{{ {-46, 359, -2283}, 0, {6743, 5330}, {255, 255, 255, 255} }},
	{{ {-5193, 413, -1286}, 0, {9981, 1562}, {255, 255, 255, 255} }},
	{{ {-5193, 1203, -2283}, 0, {10707, 2203}, {255, 255, 255, 255} }},
	{{ {-46, 359, -2283}, 0, {6743, 5330}, {255, 255, 255, 255} }},
	{{ {-2790, 0, 4928}, 0, {3606, -971}, {170, 170, 170, 255} }},
	{{ {-2884, 0, 4928}, 0, {3678, -1028}, {170, 170, 170, 255} }},
	{{ {-2883, 0, 6814}, 0, {2304, -2239}, {170, 170, 170, 255} }},
	{{ {-2790, 0, 6819}, 0, {2228, -2186}, {170, 170, 170, 255} }},
};

Gfx pitstop_dl_vis_mesh_layer_1_tri_1[] = {
	gsSPVertex(pitstop_dl_vis_mesh_layer_1_vtx_1 + 0, 32, 0),
	gsSP2Triangles(0, 1, 2, 0, 0, 2, 3, 0),
	gsSP2Triangles(3, 4, 0, 0, 5, 4, 3, 0),
	gsSP2Triangles(5, 3, 6, 0, 6, 7, 5, 0),
	gsSP2Triangles(8, 9, 10, 0, 8, 11, 9, 0),
	gsSP2Triangles(12, 11, 8, 0, 12, 13, 11, 0),
	gsSP2Triangles(13, 12, 14, 0, 12, 15, 14, 0),
	gsSP2Triangles(12, 16, 15, 0, 17, 16, 12, 0),
	gsSP2Triangles(17, 12, 18, 0, 17, 18, 19, 0),
	gsSP2Triangles(20, 19, 18, 0, 20, 21, 19, 0),
	gsSP2Triangles(22, 21, 20, 0, 22, 20, 23, 0),
	gsSP2Triangles(24, 21, 22, 0, 24, 25, 21, 0),
	gsSP2Triangles(26, 25, 24, 0, 26, 27, 25, 0),
	gsSP2Triangles(28, 27, 26, 0, 28, 26, 29, 0),
	gsSP2Triangles(28, 29, 30, 0, 31, 28, 30, 0),
	gsSPVertex(pitstop_dl_vis_mesh_layer_1_vtx_1 + 32, 32, 0),
	gsSP2Triangles(0, 1, 2, 0, 0, 3, 1, 0),
	gsSP2Triangles(4, 3, 0, 0, 4, 0, 5, 0),
	gsSP2Triangles(5, 6, 4, 0, 6, 5, 7, 0),
	gsSP2Triangles(8, 7, 5, 0, 9, 7, 8, 0),
	gsSP2Triangles(9, 10, 7, 0, 11, 10, 9, 0),
	gsSP2Triangles(11, 12, 10, 0, 13, 12, 11, 0),
	gsSP2Triangles(13, 14, 12, 0, 12, 14, 15, 0),
	gsSP2Triangles(12, 15, 16, 0, 16, 15, 17, 0),
	gsSP2Triangles(17, 18, 16, 0, 17, 6, 18, 0),
	gsSP2Triangles(17, 19, 6, 0, 19, 4, 6, 0),
	gsSP2Triangles(7, 18, 6, 0, 7, 10, 18, 0),
	gsSP2Triangles(10, 16, 18, 0, 10, 12, 16, 0),
	gsSP2Triangles(1, 20, 21, 0, 1, 22, 20, 0),
	gsSP2Triangles(20, 22, 23, 0, 20, 23, 24, 0),
	gsSP2Triangles(24, 23, 25, 0, 24, 25, 26, 0),
	gsSP2Triangles(24, 26, 27, 0, 26, 28, 27, 0),
	gsSP2Triangles(24, 27, 29, 0, 29, 30, 24, 0),
	gsSP1Triangle(29, 31, 30, 0),
	gsSPVertex(pitstop_dl_vis_mesh_layer_1_vtx_1 + 64, 32, 0),
	gsSP2Triangles(0, 1, 2, 0, 3, 2, 1, 0),
	gsSP2Triangles(3, 4, 2, 0, 2, 4, 5, 0),
	gsSP2Triangles(6, 7, 8, 0, 6, 8, 9, 0),
	gsSP2Triangles(10, 11, 12, 0, 12, 11, 13, 0),
	gsSP2Triangles(14, 15, 7, 0, 16, 15, 14, 0),
	gsSP2Triangles(17, 16, 14, 0, 17, 14, 18, 0),
	gsSP2Triangles(19, 16, 17, 0, 19, 15, 16, 0),
	gsSP2Triangles(20, 15, 19, 0, 20, 19, 21, 0),
	gsSP2Triangles(21, 19, 22, 0, 23, 22, 19, 0),
	gsSP2Triangles(23, 19, 24, 0, 25, 22, 23, 0),
	gsSP2Triangles(22, 25, 21, 0, 25, 10, 21, 0),
	gsSP2Triangles(21, 10, 20, 0, 25, 23, 26, 0),
	gsSP2Triangles(19, 17, 27, 0, 28, 29, 30, 0),
	gsSP1Triangle(28, 30, 31, 0),
	gsSPEndDisplayList(),
};

Vtx pitstop_dl_vis_mesh_layer_1_vtx_2[355] = {
	{{ {-2790, 0, 4928}, 0, {-6060, -5034}, {181, 181, 181, 255} }},
	{{ {-2404, 0, 4928}, 0, {-5256, -5032}, {181, 181, 181, 255} }},
	{{ {-2790, 0, 4331}, 0, {-6060, -6276}, {181, 181, 181, 255} }},
	{{ {2790, 0, 4331}, 0, {5563, -6276}, {181, 181, 181, 255} }},
	{{ {-2404, 0, 4928}, 0, {-5256, -5032}, {181, 181, 181, 255} }},
	{{ {2210, 0, 4929}, 0, {4354, -5031}, {181, 181, 181, 255} }},
	{{ {2790, 0, 6985}, 0, {5563, -748}, {181, 181, 181, 255} }},
	{{ {2209, 0, 6087}, 0, {4352, -2620}, {181, 181, 181, 255} }},
	{{ {-2790, 0, 7522}, 0, {1402, 2979}, {170, 170, 170, 255} }},
	{{ {-2790, 0, 10712}, 0, {-5243, 2979}, {170, 170, 170, 255} }},
	{{ {-2790, 29, 10712}, 0, {-5243, 2918}, {170, 170, 170, 255} }},
	{{ {-2790, 29, 7522}, 0, {1402, 2918}, {170, 170, 170, 255} }},
	{{ {-2497, 1036, 6567}, 0, {3389, 820}, {255, 255, 255, 255} }},
	{{ {-2497, 1110, 6567}, 0, {3389, 666}, {255, 255, 255, 255} }},
	{{ {-2497, 1110, 4749}, 0, {7176, 666}, {255, 255, 255, 255} }},
	{{ {-2497, 1036, 4749}, 0, {7176, 820}, {255, 255, 255, 255} }},
	{{ {-2497, 1036, 4749}, 0, {-5449, 820}, {255, 255, 255, 255} }},
	{{ {-2497, 1110, 4749}, 0, {-5449, 666}, {255, 255, 255, 255} }},
	{{ {2497, 1110, 4749}, 0, {4951, 666}, {255, 255, 255, 255} }},
	{{ {2497, 1036, 4749}, 0, {4951, 820}, {255, 255, 255, 255} }},
	{{ {2497, 1036, 4749}, 0, {7176, 820}, {255, 255, 255, 255} }},
	{{ {2497, 1110, 4749}, 0, {7176, 666}, {255, 255, 255, 255} }},
	{{ {2497, 1110, 6567}, 0, {3389, 666}, {255, 255, 255, 255} }},
	{{ {2497, 1036, 6567}, 0, {3389, 820}, {255, 255, 255, 255} }},
	{{ {2497, 1036, 6567}, 0, {4951, 820}, {255, 255, 255, 255} }},
	{{ {2497, 1110, 6567}, 0, {4951, 666}, {255, 255, 255, 255} }},
	{{ {-2497, 1110, 6567}, 0, {-5449, 666}, {255, 255, 255, 255} }},
	{{ {-2497, 1036, 6567}, 0, {-5449, 820}, {255, 255, 255, 255} }},
	{{ {-2497, 908, 6567}, 0, {-5449, -1618}, {119, 119, 119, 255} }},
	{{ {-2497, 908, 4749}, 0, {-5449, -5405}, {119, 119, 119, 255} }},
	{{ {2497, 908, 4749}, 0, {4951, -5405}, {119, 119, 119, 255} }},
	{{ {2497, 908, 6553}, 0, {4951, -1649}, {119, 119, 119, 255} }},
	{{ {2497, 908, 6553}, 0, {4951, -1649}, {119, 119, 119, 255} }},
	{{ {2497, 908, 6567}, 0, {4951, -1618}, {119, 119, 119, 255} }},
	{{ {-2497, 908, 6567}, 0, {-5449, -1618}, {119, 119, 119, 255} }},
	{{ {2497, 1110, 4749}, 0, {4951, -5405}, {181, 181, 181, 255} }},
	{{ {-2497, 1110, 4749}, 0, {-5449, -5405}, {181, 181, 181, 255} }},
	{{ {-2497, 1110, 6567}, 0, {-5449, -1618}, {181, 181, 181, 255} }},
	{{ {2497, 1110, 6567}, 0, {4951, -1618}, {181, 181, 181, 255} }},
	{{ {-2790, 0, 10712}, 0, {-6060, 2979}, {170, 170, 170, 255} }},
	{{ {2790, 0, 10712}, 0, {5563, 2979}, {170, 170, 170, 255} }},
	{{ {2790, 29, 10712}, 0, {5563, 2918}, {170, 170, 170, 255} }},
	{{ {-2790, 29, 10712}, 0, {-6060, 2918}, {170, 170, 170, 255} }},
	{{ {2790, 0, 10712}, 0, {-5243, 2979}, {255, 255, 255, 255} }},
	{{ {2790, 0, 7522}, 0, {1402, 2979}, {255, 255, 255, 255} }},
	{{ {2790, 29, 7522}, 0, {1402, 2918}, {255, 255, 255, 255} }},
	{{ {2790, 29, 10712}, 0, {-5243, 2918}, {255, 255, 255, 255} }},
	{{ {-2790, 1036, 10712}, 0, {-6060, 820}, {170, 170, 170, 255} }},
	{{ {2790, 1036, 10712}, 0, {5563, 820}, {170, 170, 170, 255} }},
	{{ {2790, 1110, 10712}, 0, {5563, 666}, {170, 170, 170, 255} }},
	{{ {-2790, 1110, 10712}, 0, {-6060, 666}, {170, 170, 170, 255} }},
	{{ {2790, 1110, 7522}, 0, {5563, 369}, {181, 181, 181, 255} }},
	{{ {-2790, 1110, 7522}, 0, {-6060, 369}, {181, 181, 181, 255} }},
	{{ {-2790, 1110, 10712}, 0, {-6060, 7014}, {181, 181, 181, 255} }},
	{{ {2790, 1110, 10712}, 0, {5563, 7014}, {181, 181, 181, 255} }},
	{{ {2790, 1036, 7522}, 0, {5563, 820}, {255, 255, 255, 255} }},
	{{ {-2790, 1036, 7522}, 0, {-6060, 820}, {255, 255, 255, 255} }},
	{{ {-2790, 1110, 7522}, 0, {-6060, 666}, {255, 255, 255, 255} }},
	{{ {2790, 1110, 7522}, 0, {5563, 666}, {255, 255, 255, 255} }},
	{{ {-2790, 1036, 7522}, 0, {1402, 820}, {170, 170, 170, 255} }},
	{{ {-2790, 1036, 10712}, 0, {-5243, 820}, {170, 170, 170, 255} }},
	{{ {-2790, 1110, 10712}, 0, {-5243, 666}, {170, 170, 170, 255} }},
	{{ {-2790, 1110, 7522}, 0, {1402, 666}, {170, 170, 170, 255} }},
	{{ {2790, 1036, 10712}, 0, {-5243, 820}, {255, 255, 255, 255} }},
	{{ {2790, 1036, 7522}, 0, {1402, 820}, {255, 255, 255, 255} }},
	{{ {2790, 1110, 7522}, 0, {1402, 666}, {255, 255, 255, 255} }},
	{{ {2790, 1110, 10712}, 0, {-5243, 666}, {255, 255, 255, 255} }},
	{{ {2704, 804, 10626}, 0, {5384, 1305}, {255, 255, 255, 255} }},
	{{ {-2704, 804, 10626}, 0, {-5881, 1305}, {255, 255, 255, 255} }},
	{{ {-2704, 908, 10626}, 0, {-5881, 1087}, {255, 255, 255, 255} }},
	{{ {2704, 908, 10626}, 0, {5384, 1087}, {255, 255, 255, 255} }},
	{{ {-2704, 908, 7607}, 0, {-5881, 1087}, {255, 255, 255, 255} }},
	{{ {-2704, 804, 7607}, 0, {-5881, 1305}, {255, 255, 255, 255} }},
	{{ {-156, 804, 7607}, 0, {-574, 1305}, {255, 255, 255, 255} }},
	{{ {2704, 908, 7607}, 0, {5384, 1087}, {255, 255, 255, 255} }},
	{{ {2704, 804, 7607}, 0, {5384, 1305}, {255, 255, 255, 255} }},
	{{ {-2704, 804, 10626}, 0, {-5064, 1305}, {255, 255, 255, 255} }},
	{{ {-2704, 804, 7607}, 0, {1223, 1305}, {255, 255, 255, 255} }},
	{{ {-2704, 908, 7607}, 0, {1223, 1087}, {255, 255, 255, 255} }},
	{{ {-2704, 908, 10626}, 0, {-5064, 1087}, {255, 255, 255, 255} }},
	{{ {2704, 804, 7607}, 0, {1223, 1305}, {255, 255, 255, 255} }},
	{{ {2704, 804, 10626}, 0, {-5064, 1305}, {255, 255, 255, 255} }},
	{{ {2704, 908, 10626}, 0, {-5064, 1087}, {255, 255, 255, 255} }},
	{{ {2704, 908, 7607}, 0, {1223, 1087}, {255, 255, 255, 255} }},
	{{ {-2704, 908, 7607}, 0, {-5881, 548}, {255, 255, 255, 255} }},
	{{ {2704, 908, 7607}, 0, {5384, 548}, {255, 255, 255, 255} }},
	{{ {2704, 908, 10626}, 0, {5384, 6835}, {255, 255, 255, 255} }},
	{{ {-2704, 908, 10626}, 0, {-5881, 6835}, {255, 255, 255, 255} }},
	{{ {372, 29, 7522}, 0, {525, 369}, {255, 255, 255, 255} }},
	{{ {0, 29, 7607}, 0, {-249, 548}, {255, 255, 255, 255} }},
	{{ {372, 29, 7607}, 0, {525, 548}, {255, 255, 255, 255} }},
	{{ {0, 29, 7522}, 0, {-249, 369}, {255, 255, 255, 255} }},
	{{ {-372, 29, 7607}, 0, {-1023, 548}, {255, 255, 255, 255} }},
	{{ {-372, 29, 7522}, 0, {-1023, 369}, {255, 255, 255, 255} }},
	{{ {-2790, 134, 7522}, 0, {-6060, 369}, {255, 255, 255, 255} }},
	{{ {-372, 134, 7607}, 0, {-1023, 548}, {255, 255, 255, 255} }},
	{{ {-372, 134, 7522}, 0, {-1023, 369}, {255, 255, 255, 255} }},
	{{ {-2704, 134, 7607}, 0, {-5881, 548}, {255, 255, 255, 255} }},
	{{ {-2704, 134, 10626}, 0, {-5881, 6835}, {255, 255, 255, 255} }},
	{{ {-2790, 134, 10712}, 0, {-6060, 7014}, {255, 255, 255, 255} }},
	{{ {1751, 134, 10626}, 0, {3399, 6835}, {255, 255, 255, 255} }},
	{{ {1764, 134, 10712}, 0, {3425, 7014}, {255, 255, 255, 255} }},
	{{ {1889, 134, 10712}, 0, {3686, 7014}, {255, 255, 255, 255} }},
	{{ {1861, 134, 10626}, 0, {3626, 6835}, {255, 255, 255, 255} }},
	{{ {2790, 134, 10712}, 0, {5563, 7014}, {255, 255, 255, 255} }},
	{{ {2704, 134, 10626}, 0, {5384, 6835}, {255, 255, 255, 255} }},
	{{ {2704, 134, 10196}, 0, {5384, 5938}, {255, 255, 255, 255} }},
	{{ {2790, 134, 10184}, 0, {5563, 5914}, {255, 255, 255, 255} }},
	{{ {2790, 134, 10058}, 0, {5563, 5652}, {255, 255, 255, 255} }},
	{{ {2704, 134, 10057}, 0, {5384, 5649}, {255, 255, 255, 255} }},
	{{ {2790, 134, 7522}, 0, {5563, 369}, {255, 255, 255, 255} }},
	{{ {2704, 134, 7607}, 0, {5384, 548}, {255, 255, 255, 255} }},
	{{ {372, 134, 7522}, 0, {525, 369}, {255, 255, 255, 255} }},
	{{ {372, 134, 7607}, 0, {525, 548}, {255, 255, 255, 255} }},
	{{ {2497, 908, 6567}, 0, {4951, 1087}, {50, 109, 255, 255} }},
	{{ {2497, 962, 6567}, 0, {4951, 974}, {50, 109, 255, 255} }},
	{{ {-2497, 962, 6567}, 0, {-5449, 974}, {50, 109, 255, 255} }},
	{{ {-2497, 908, 6567}, 0, {-5449, 1087}, {50, 109, 255, 255} }},
	{{ {2497, 908, 4749}, 0, {7176, 1087}, {50, 109, 255, 255} }},
	{{ {2497, 962, 4749}, 0, {7176, 974}, {50, 109, 255, 255} }},
	{{ {2497, 962, 6536}, 0, {3454, 974}, {50, 109, 255, 255} }},
	{{ {2497, 908, 6553}, 0, {3420, 1087}, {50, 109, 255, 255} }},
	{{ {2497, 962, 6567}, 0, {3389, 974}, {50, 109, 255, 255} }},
	{{ {2497, 908, 6567}, 0, {3389, 1087}, {50, 109, 255, 255} }},
	{{ {-2497, 908, 4749}, 0, {-5449, 1087}, {50, 109, 255, 255} }},
	{{ {-2497, 962, 4749}, 0, {-5449, 974}, {50, 109, 255, 255} }},
	{{ {2497, 962, 4749}, 0, {4951, 974}, {50, 109, 255, 255} }},
	{{ {2497, 908, 4749}, 0, {4951, 1087}, {50, 109, 255, 255} }},
	{{ {-2497, 908, 6567}, 0, {3389, 1087}, {50, 109, 255, 255} }},
	{{ {-2497, 962, 6567}, 0, {3389, 974}, {50, 109, 255, 255} }},
	{{ {-2497, 962, 4749}, 0, {7176, 974}, {50, 109, 255, 255} }},
	{{ {-2497, 908, 4749}, 0, {7176, 1087}, {50, 109, 255, 255} }},
	{{ {2790, 908, 10712}, 0, {-5243, 1087}, {50, 109, 255, 255} }},
	{{ {2790, 908, 7522}, 0, {1402, 1087}, {50, 109, 255, 255} }},
	{{ {2790, 962, 7522}, 0, {1402, 974}, {50, 109, 255, 255} }},
	{{ {2790, 962, 10712}, 0, {-5243, 974}, {50, 109, 255, 255} }},
	{{ {-2790, 908, 7522}, 0, {1402, 1087}, {30, 70, 170, 255} }},
	{{ {-2790, 908, 10712}, 0, {-5243, 1087}, {30, 70, 170, 255} }},
	{{ {-2790, 962, 10712}, 0, {-5243, 974}, {30, 70, 170, 255} }},
	{{ {-2790, 962, 7522}, 0, {1402, 974}, {30, 70, 170, 255} }},
	{{ {2790, 908, 7522}, 0, {5563, 1087}, {50, 109, 255, 255} }},
	{{ {-2790, 908, 7522}, 0, {-6060, 1087}, {50, 109, 255, 255} }},
	{{ {-2790, 962, 7522}, 0, {-6060, 974}, {50, 109, 255, 255} }},
	{{ {2790, 962, 7522}, 0, {5563, 974}, {50, 109, 255, 255} }},
	{{ {-2790, 908, 10712}, 0, {-6060, 1087}, {30, 70, 170, 255} }},
	{{ {2790, 908, 10712}, 0, {5563, 1087}, {30, 70, 170, 255} }},
	{{ {2790, 962, 10712}, 0, {5563, 974}, {30, 70, 170, 255} }},
	{{ {-2790, 962, 10712}, 0, {-6060, 974}, {30, 70, 170, 255} }},
	{{ {2790, 962, 10712}, 0, {-5243, 974}, {115, 241, 255, 255} }},
	{{ {2790, 962, 7522}, 0, {1402, 974}, {115, 241, 255, 255} }},
	{{ {2790, 1036, 7522}, 0, {1402, 820}, {115, 241, 255, 255} }},
	{{ {2790, 1036, 10712}, 0, {-5243, 820}, {115, 241, 255, 255} }},
	{{ {-2790, 962, 7522}, 0, {1402, 974}, {74, 160, 170, 255} }},
	{{ {-2790, 962, 10712}, 0, {-5243, 974}, {74, 160, 170, 255} }},
	{{ {-2790, 1036, 10712}, 0, {-5243, 820}, {74, 160, 170, 255} }},
	{{ {-2790, 1036, 7522}, 0, {1402, 820}, {74, 160, 170, 255} }},
	{{ {2790, 962, 7522}, 0, {5563, 974}, {115, 241, 255, 255} }},
	{{ {-2790, 962, 7522}, 0, {-6060, 974}, {115, 241, 255, 255} }},
	{{ {-2790, 1036, 7522}, 0, {-6060, 820}, {115, 241, 255, 255} }},
	{{ {2790, 1036, 7522}, 0, {5563, 820}, {115, 241, 255, 255} }},
	{{ {-2790, 962, 10712}, 0, {-6060, 974}, {74, 160, 170, 255} }},
	{{ {2790, 962, 10712}, 0, {5563, 974}, {74, 160, 170, 255} }},
	{{ {2790, 1036, 10712}, 0, {5563, 820}, {74, 160, 170, 255} }},
	{{ {-2790, 1036, 10712}, 0, {-6060, 820}, {74, 160, 170, 255} }},
	{{ {2497, 962, 6567}, 0, {4951, 974}, {115, 241, 255, 255} }},
	{{ {2497, 1036, 6567}, 0, {4951, 820}, {115, 241, 255, 255} }},
	{{ {-2497, 1036, 6567}, 0, {-5449, 820}, {115, 241, 255, 255} }},
	{{ {-2497, 962, 6567}, 0, {-5449, 974}, {115, 241, 255, 255} }},
	{{ {2497, 962, 6536}, 0, {3454, 974}, {115, 241, 255, 255} }},
	{{ {2497, 962, 4749}, 0, {7176, 974}, {115, 241, 255, 255} }},
	{{ {2497, 1036, 4749}, 0, {7176, 820}, {115, 241, 255, 255} }},
	{{ {2497, 962, 6567}, 0, {3389, 974}, {115, 241, 255, 255} }},
	{{ {2497, 1036, 6567}, 0, {3389, 820}, {115, 241, 255, 255} }},
	{{ {-2497, 962, 4749}, 0, {-5449, 974}, {115, 241, 255, 255} }},
	{{ {-2497, 1036, 4749}, 0, {-5449, 820}, {115, 241, 255, 255} }},
	{{ {2497, 1036, 4749}, 0, {4951, 820}, {115, 241, 255, 255} }},
	{{ {2497, 962, 4749}, 0, {4951, 974}, {115, 241, 255, 255} }},
	{{ {-2497, 962, 6567}, 0, {3389, 974}, {115, 241, 255, 255} }},
	{{ {-2497, 1036, 6567}, 0, {3389, 820}, {115, 241, 255, 255} }},
	{{ {-2497, 1036, 4749}, 0, {7176, 820}, {115, 241, 255, 255} }},
	{{ {-2497, 962, 4749}, 0, {7176, 974}, {115, 241, 255, 255} }},
	{{ {1797, 82, 5758}, 0, {-562, 1008}, {118, 118, 118, 255} }},
	{{ {1797, 908, 5758}, 0, {496, 1008}, {118, 118, 118, 255} }},
	{{ {1797, 908, 5558}, 0, {496, 752}, {118, 118, 118, 255} }},
	{{ {1797, 82, 5558}, 0, {-562, 752}, {118, 118, 118, 255} }},
	{{ {1797, 0, 5758}, 0, {-666, 1008}, {63, 63, 63, 255} }},
	{{ {1797, 0, 5558}, 0, {-666, 752}, {63, 63, 63, 255} }},
	{{ {1797, 82, 5558}, 0, {-562, -1676}, {118, 118, 118, 255} }},
	{{ {1797, 908, 5558}, 0, {496, -1676}, {118, 118, 118, 255} }},
	{{ {1997, 908, 5558}, 0, {496, -1932}, {118, 118, 118, 255} }},
	{{ {1997, 82, 5558}, 0, {-562, -1932}, {118, 118, 118, 255} }},
	{{ {1797, 0, 5558}, 0, {-666, -1676}, {63, 63, 63, 255} }},
	{{ {1997, 0, 5558}, 0, {-666, -1932}, {63, 63, 63, 255} }},
	{{ {1997, 82, 5558}, 0, {-562, 496}, {118, 118, 118, 255} }},
	{{ {1997, 908, 5558}, 0, {496, 496}, {118, 118, 118, 255} }},
	{{ {1997, 908, 5758}, 0, {496, 240}, {118, 118, 118, 255} }},
	{{ {1997, 82, 5758}, 0, {-562, 240}, {118, 118, 118, 255} }},
	{{ {1997, 0, 5558}, 0, {-666, 496}, {63, 63, 63, 255} }},
	{{ {1997, 0, 5758}, 0, {-666, 240}, {63, 63, 63, 255} }},
	{{ {1997, 82, 5758}, 0, {-562, 2668}, {118, 118, 118, 255} }},
	{{ {1997, 908, 5758}, 0, {496, 2668}, {118, 118, 118, 255} }},
	{{ {1797, 908, 5758}, 0, {496, 2412}, {118, 118, 118, 255} }},
	{{ {1797, 82, 5758}, 0, {-562, 2412}, {118, 118, 118, 255} }},
	{{ {1997, 0, 5758}, 0, {-666, 2668}, {63, 63, 63, 255} }},
	{{ {1797, 0, 5758}, 0, {-666, 2412}, {63, 63, 63, 255} }},
	{{ {-1997, 90, 5558}, 0, {-551, 3180}, {118, 118, 118, 255} }},
	{{ {-1997, 908, 5558}, 0, {496, 3180}, {118, 118, 118, 255} }},
	{{ {-1797, 908, 5558}, 0, {496, 2924}, {118, 118, 118, 255} }},
	{{ {-1797, 90, 5558}, 0, {-551, 2924}, {118, 118, 118, 255} }},
	{{ {-1997, 0, 5558}, 0, {-666, 3180}, {63, 63, 63, 255} }},
	{{ {-1797, 0, 5558}, 0, {-666, 2924}, {63, 63, 63, 255} }},
	{{ {-1997, 90, 5758}, 0, {-551, 1008}, {118, 118, 118, 255} }},
	{{ {-1997, 908, 5758}, 0, {496, 1008}, {118, 118, 118, 255} }},
	{{ {-1997, 908, 5558}, 0, {496, 752}, {118, 118, 118, 255} }},
	{{ {-1997, 90, 5558}, 0, {-551, 752}, {118, 118, 118, 255} }},
	{{ {-1997, 0, 5758}, 0, {-666, 1008}, {63, 63, 63, 255} }},
	{{ {-1997, 0, 5558}, 0, {-666, 752}, {63, 63, 63, 255} }},
	{{ {-1797, 90, 5558}, 0, {-551, 496}, {118, 118, 118, 255} }},
	{{ {-1797, 908, 5558}, 0, {496, 496}, {118, 118, 118, 255} }},
	{{ {-1797, 908, 5758}, 0, {496, 240}, {118, 118, 118, 255} }},
	{{ {-1797, 90, 5758}, 0, {-551, 240}, {118, 118, 118, 255} }},
	{{ {-1797, 0, 5558}, 0, {-666, 496}, {63, 63, 63, 255} }},
	{{ {-1797, 0, 5758}, 0, {-666, 240}, {63, 63, 63, 255} }},
	{{ {-1797, 90, 5758}, 0, {-551, -2188}, {118, 118, 118, 255} }},
	{{ {-1797, 908, 5758}, 0, {496, -2188}, {118, 118, 118, 255} }},
	{{ {-1997, 908, 5758}, 0, {496, -2444}, {118, 118, 118, 255} }},
	{{ {-1997, 90, 5758}, 0, {-551, -2444}, {118, 118, 118, 255} }},
	{{ {-1797, 0, 5758}, 0, {-666, -2188}, {63, 63, 63, 255} }},
	{{ {-1997, 0, 5758}, 0, {-666, -2444}, {63, 63, 63, 255} }},
	{{ {2790, 0, 6985}, 0, {5563, -748}, {181, 181, 181, 255} }},
	{{ {-2790, 0, 6819}, 0, {-6060, -1095}, {181, 181, 181, 255} }},
	{{ {-2790, 0, 6985}, 0, {-6060, -748}, {181, 181, 181, 255} }},
	{{ {2213, 0, 6831}, 0, {4362, -1069}, {181, 181, 181, 255} }},
	{{ {2209, 0, 6087}, 0, {4352, -2620}, {181, 181, 181, 255} }},
	{{ {-1699, 0, 5784}, 0, {-3788, -3249}, {119, 119, 119, 255} }},
	{{ {-1797, 0, 5758}, 0, {-3991, -3304}, {63, 63, 63, 255} }},
	{{ {-1997, 0, 5758}, 0, {-4407, -3304}, {63, 63, 63, 255} }},
	{{ {-2055, 0, 5829}, 0, {-4530, -3157}, {119, 119, 119, 255} }},
	{{ {-1997, 0, 5558}, 0, {-4407, -3720}, {63, 63, 63, 255} }},
	{{ {-2065, 0, 5453}, 0, {-4549, -3939}, {119, 119, 119, 255} }},
	{{ {-2404, 0, 4928}, 0, {-5256, -5032}, {119, 119, 119, 255} }},
	{{ {-2790, 0, 6819}, 0, {-6060, -1095}, {119, 119, 119, 255} }},
	{{ {-2790, 0, 4928}, 0, {-6060, -5034}, {119, 119, 119, 255} }},
	{{ {2213, 0, 6831}, 0, {4362, -1069}, {119, 119, 119, 255} }},
	{{ {-1682, 0, 5895}, 0, {-3751, -3019}, {119, 119, 119, 255} }},
	{{ {-1699, 0, 5784}, 0, {-3788, -3249}, {119, 119, 119, 255} }},
	{{ {-1704, 0, 5758}, 0, {-3798, -3304}, {119, 119, 119, 255} }},
	{{ {-1797, 0, 5758}, 0, {-3991, -3304}, {63, 63, 63, 255} }},
	{{ {2209, 0, 6087}, 0, {4352, -2620}, {119, 119, 119, 255} }},
	{{ {2209, 0, 6087}, 0, {4352, -2620}, {119, 119, 119, 255} }},
	{{ {1735, 0, 5854}, 0, {3364, -3104}, {119, 119, 119, 255} }},
	{{ {-1704, 0, 5758}, 0, {-3798, -3304}, {119, 119, 119, 255} }},
	{{ {2061, 0, 5857}, 0, {4043, -3098}, {119, 119, 119, 255} }},
	{{ {1997, 0, 5758}, 0, {3910, -3304}, {63, 63, 63, 255} }},
	{{ {1797, 0, 5758}, 0, {3493, -3304}, {63, 63, 63, 255} }},
	{{ {1729, 0, 5758}, 0, {3353, -3304}, {119, 119, 119, 255} }},
	{{ {850, 29, 9562}, 0, {-4739, 624}, {196, 176, 0, 255} }},
	{{ {850, 66, 9562}, 0, {-4739, 368}, {196, 176, 0, 255} }},
	{{ {850, 66, 8042}, 0, {5731, 368}, {196, 176, 0, 255} }},
	{{ {850, 29, 8042}, 0, {5731, 624}, {196, 176, 0, 255} }},
	{{ {850, 29, 8042}, 0, {-537, 624}, {126, 113, 0, 255} }},
	{{ {850, 66, 8042}, 0, {-537, 368}, {126, 113, 0, 255} }},
	{{ {1150, 66, 8042}, 0, {1529, 368}, {126, 113, 0, 255} }},
	{{ {1150, 29, 8042}, 0, {1529, 624}, {126, 113, 0, 255} }},
	{{ {1150, 29, 8042}, 0, {5731, 624}, {196, 176, 0, 255} }},
	{{ {1150, 66, 8042}, 0, {5731, 368}, {196, 176, 0, 255} }},
	{{ {1150, 66, 9562}, 0, {-4739, 368}, {196, 176, 0, 255} }},
	{{ {1150, 29, 9562}, 0, {-4739, 624}, {196, 176, 0, 255} }},
	{{ {1150, 29, 9562}, 0, {1529, 624}, {126, 113, 0, 255} }},
	{{ {1150, 66, 9562}, 0, {1529, 368}, {126, 113, 0, 255} }},
	{{ {850, 66, 9562}, 0, {-537, 368}, {126, 113, 0, 255} }},
	{{ {850, 29, 9562}, 0, {-537, 624}, {126, 113, 0, 255} }},
	{{ {-1150, 29, 9562}, 0, {-4739, 624}, {196, 176, 0, 255} }},
	{{ {-1150, 66, 9562}, 0, {-4739, 368}, {196, 176, 0, 255} }},
	{{ {-1150, 66, 8042}, 0, {5731, 368}, {196, 176, 0, 255} }},
	{{ {-1150, 29, 8042}, 0, {5731, 624}, {196, 176, 0, 255} }},
	{{ {2061, 0, 5857}, 0, {4043, -3098}, {119, 119, 119, 255} }},
	{{ {2209, 0, 6087}, 0, {4352, -2620}, {119, 119, 119, 255} }},
	{{ {2210, 0, 4929}, 0, {4354, -5031}, {119, 119, 119, 255} }},
	{{ {2063, 0, 5474}, 0, {4049, -3896}, {119, 119, 119, 255} }},
	{{ {1715, 0, 5457}, 0, {3322, -3932}, {119, 119, 119, 255} }},
	{{ {2210, 0, 4929}, 0, {4354, -5031}, {119, 119, 119, 255} }},
	{{ {-1748, 0, 5491}, 0, {-3888, -3860}, {119, 119, 119, 255} }},
	{{ {1715, 0, 5457}, 0, {3322, -3932}, {119, 119, 119, 255} }},
	{{ {-2065, 0, 5453}, 0, {-4549, -3939}, {119, 119, 119, 255} }},
	{{ {-2404, 0, 4928}, 0, {-5256, -5032}, {119, 119, 119, 255} }},
	{{ {-1997, 0, 5558}, 0, {-4407, -3720}, {63, 63, 63, 255} }},
	{{ {-1797, 0, 5558}, 0, {-3991, -3720}, {63, 63, 63, 255} }},
	{{ {-1797, 0, 5758}, 0, {-3991, -3304}, {63, 63, 63, 255} }},
	{{ {-1704, 0, 5758}, 0, {-3798, -3304}, {119, 119, 119, 255} }},
	{{ {1729, 0, 5758}, 0, {3353, -3304}, {119, 119, 119, 255} }},
	{{ {1797, 0, 5758}, 0, {3493, -3304}, {63, 63, 63, 255} }},
	{{ {1797, 0, 5558}, 0, {3493, -3720}, {63, 63, 63, 255} }},
	{{ {1997, 0, 5558}, 0, {3910, -3720}, {63, 63, 63, 255} }},
	{{ {2063, 0, 5474}, 0, {4049, -3896}, {119, 119, 119, 255} }},
	{{ {1997, 0, 5758}, 0, {3910, -3304}, {63, 63, 63, 255} }},
	{{ {2061, 0, 5857}, 0, {4043, -3098}, {119, 119, 119, 255} }},
	{{ {2304, 29, 9562}, 0, {-4739, 624}, {196, 176, 0, 255} }},
	{{ {2304, 66, 9562}, 0, {-4739, 368}, {196, 176, 0, 255} }},
	{{ {2304, 66, 8042}, 0, {5731, 368}, {196, 176, 0, 255} }},
	{{ {2304, 29, 8042}, 0, {5731, 624}, {196, 176, 0, 255} }},
	{{ {2304, 29, 8042}, 0, {-537, 624}, {126, 113, 0, 255} }},
	{{ {2304, 66, 8042}, 0, {-537, 368}, {126, 113, 0, 255} }},
	{{ {2604, 66, 8042}, 0, {1529, 368}, {126, 113, 0, 255} }},
	{{ {2604, 29, 8042}, 0, {1529, 624}, {126, 113, 0, 255} }},
	{{ {2604, 29, 8042}, 0, {5731, 624}, {196, 176, 0, 255} }},
	{{ {2604, 66, 8042}, 0, {5731, 368}, {196, 176, 0, 255} }},
	{{ {2604, 66, 9562}, 0, {-4739, 368}, {196, 176, 0, 255} }},
	{{ {2604, 29, 9562}, 0, {-4739, 624}, {196, 176, 0, 255} }},
	{{ {2604, 29, 9562}, 0, {1529, 624}, {126, 113, 0, 255} }},
	{{ {2604, 66, 9562}, 0, {1529, 368}, {126, 113, 0, 255} }},
	{{ {2304, 66, 9562}, 0, {-537, 368}, {126, 113, 0, 255} }},
	{{ {2304, 29, 9562}, 0, {-537, 624}, {126, 113, 0, 255} }},
	{{ {-1150, 29, 8042}, 0, {-537, 624}, {126, 113, 0, 255} }},
	{{ {-1150, 66, 8042}, 0, {-537, 368}, {126, 113, 0, 255} }},
	{{ {-850, 66, 8042}, 0, {1529, 368}, {126, 113, 0, 255} }},
	{{ {-850, 29, 8042}, 0, {1529, 624}, {126, 113, 0, 255} }},
	{{ {-850, 29, 8042}, 0, {5731, 624}, {196, 176, 0, 255} }},
	{{ {-850, 66, 8042}, 0, {5731, 368}, {196, 176, 0, 255} }},
	{{ {-850, 66, 9562}, 0, {-4739, 368}, {196, 176, 0, 255} }},
	{{ {-850, 29, 9562}, 0, {-4739, 624}, {196, 176, 0, 255} }},
	{{ {-850, 29, 9562}, 0, {1529, 624}, {126, 113, 0, 255} }},
	{{ {-850, 66, 9562}, 0, {1529, 368}, {126, 113, 0, 255} }},
	{{ {-1150, 66, 9562}, 0, {-537, 368}, {126, 113, 0, 255} }},
	{{ {-1150, 29, 9562}, 0, {-537, 624}, {126, 113, 0, 255} }},
	{{ {-2604, 29, 9562}, 0, {-4739, 624}, {196, 176, 0, 255} }},
	{{ {-2604, 66, 9562}, 0, {-4739, 368}, {196, 176, 0, 255} }},
	{{ {-2604, 66, 8042}, 0, {5731, 368}, {196, 176, 0, 255} }},
	{{ {-2604, 29, 8042}, 0, {5731, 624}, {196, 176, 0, 255} }},
	{{ {-2604, 29, 8042}, 0, {-537, 624}, {126, 113, 0, 255} }},
	{{ {-2604, 66, 8042}, 0, {-537, 368}, {126, 113, 0, 255} }},
	{{ {-2304, 66, 8042}, 0, {1529, 368}, {126, 113, 0, 255} }},
	{{ {-2304, 29, 8042}, 0, {1529, 624}, {126, 113, 0, 255} }},
	{{ {-2304, 29, 8042}, 0, {5731, 624}, {196, 176, 0, 255} }},
	{{ {-2304, 66, 8042}, 0, {5731, 368}, {196, 176, 0, 255} }},
	{{ {-2304, 66, 9562}, 0, {-4739, 368}, {196, 176, 0, 255} }},
	{{ {-2304, 29, 9562}, 0, {-4739, 624}, {196, 176, 0, 255} }},
	{{ {-2304, 29, 9562}, 0, {1529, 624}, {126, 113, 0, 255} }},
	{{ {-2304, 66, 9562}, 0, {1529, 368}, {126, 113, 0, 255} }},
	{{ {-2604, 66, 9562}, 0, {-537, 368}, {126, 113, 0, 255} }},
	{{ {-2604, 29, 9562}, 0, {-537, 624}, {126, 113, 0, 255} }},
	{{ {-2790, 804, 10712}, 0, {-6060, 7014}, {255, 255, 255, 255} }},
	{{ {-2704, 804, 10626}, 0, {-5881, 6835}, {255, 255, 255, 255} }},
	{{ {2704, 804, 10626}, 0, {5384, 6835}, {255, 255, 255, 255} }},
	{{ {-2790, 804, 7522}, 0, {-6060, 369}, {255, 255, 255, 255} }},
	{{ {-2790, 804, 7522}, 0, {-6060, 369}, {255, 255, 255, 255} }},
	{{ {-2704, 804, 7607}, 0, {-5881, 548}, {255, 255, 255, 255} }},
	{{ {-2704, 804, 10626}, 0, {-5881, 6835}, {255, 255, 255, 255} }},
	{{ {-198, 804, 7522}, 0, {-662, 369}, {255, 255, 255, 255} }},
	{{ {-156, 804, 7607}, 0, {-574, 548}, {255, 255, 255, 255} }},
	{{ {2790, 804, 7522}, 0, {5563, 369}, {255, 255, 255, 255} }},
	{{ {2704, 804, 7607}, 0, {5384, 548}, {255, 255, 255, 255} }},
	{{ {2790, 804, 10712}, 0, {5563, 7014}, {255, 255, 255, 255} }},
	{{ {2704, 804, 10626}, 0, {5384, 6835}, {255, 255, 255, 255} }},
	{{ {-2790, 804, 10712}, 0, {-6060, 7014}, {255, 255, 255, 255} }},
};

Gfx pitstop_dl_vis_mesh_layer_1_tri_2[] = {
	gsSPVertex(pitstop_dl_vis_mesh_layer_1_vtx_2 + 0, 32, 0),
	gsSP2Triangles(0, 1, 2, 0, 3, 2, 4, 0),
	gsSP2Triangles(3, 4, 5, 0, 3, 5, 6, 0),
	gsSP2Triangles(5, 7, 6, 0, 8, 9, 10, 0),
	gsSP2Triangles(8, 10, 11, 0, 12, 13, 14, 0),
	gsSP2Triangles(12, 14, 15, 0, 16, 17, 18, 0),
	gsSP2Triangles(16, 18, 19, 0, 20, 21, 22, 0),
	gsSP2Triangles(20, 22, 23, 0, 24, 25, 26, 0),
	gsSP2Triangles(24, 26, 27, 0, 28, 29, 30, 0),
	gsSP1Triangle(30, 31, 28, 0),
	gsSPVertex(pitstop_dl_vis_mesh_layer_1_vtx_2 + 32, 31, 0),
	gsSP2Triangles(0, 1, 2, 0, 3, 4, 5, 0),
	gsSP2Triangles(3, 5, 6, 0, 7, 8, 9, 0),
	gsSP2Triangles(7, 9, 10, 0, 11, 12, 13, 0),
	gsSP2Triangles(11, 13, 14, 0, 15, 16, 17, 0),
	gsSP2Triangles(15, 17, 18, 0, 19, 20, 21, 0),
	gsSP2Triangles(19, 21, 22, 0, 23, 24, 25, 0),
	gsSP2Triangles(23, 25, 26, 0, 27, 28, 29, 0),
	gsSP1Triangle(27, 29, 30, 0),
	gsSPVertex(pitstop_dl_vis_mesh_layer_1_vtx_2 + 63, 31, 0),
	gsSP2Triangles(0, 1, 2, 0, 0, 2, 3, 0),
	gsSP2Triangles(4, 5, 6, 0, 4, 6, 7, 0),
	gsSP2Triangles(8, 9, 10, 0, 10, 11, 8, 0),
	gsSP2Triangles(10, 12, 11, 0, 13, 14, 15, 0),
	gsSP2Triangles(13, 15, 16, 0, 17, 18, 19, 0),
	gsSP2Triangles(17, 19, 20, 0, 21, 22, 23, 0),
	gsSP2Triangles(21, 23, 24, 0, 25, 26, 27, 0),
	gsSP2Triangles(25, 28, 26, 0, 28, 29, 26, 0),
	gsSP1Triangle(28, 30, 29, 0),
	gsSPVertex(pitstop_dl_vis_mesh_layer_1_vtx_2 + 94, 30, 0),
	gsSP2Triangles(0, 1, 2, 0, 0, 3, 1, 0),
	gsSP2Triangles(0, 4, 3, 0, 0, 5, 4, 0),
	gsSP2Triangles(5, 6, 4, 0, 5, 7, 6, 0),
	gsSP2Triangles(6, 7, 8, 0, 6, 8, 9, 0),
	gsSP2Triangles(9, 8, 10, 0, 9, 10, 11, 0),
	gsSP2Triangles(10, 12, 11, 0, 10, 13, 12, 0),
	gsSP2Triangles(12, 13, 14, 0, 12, 14, 15, 0),
	gsSP2Triangles(15, 14, 16, 0, 15, 16, 17, 0),
	gsSP2Triangles(18, 17, 16, 0, 18, 19, 17, 0),
	gsSP2Triangles(20, 21, 22, 0, 20, 22, 23, 0),
	gsSP2Triangles(24, 25, 26, 0, 24, 26, 27, 0),
	gsSP2Triangles(27, 26, 28, 0, 27, 28, 29, 0),
	gsSPVertex(pitstop_dl_vis_mesh_layer_1_vtx_2 + 124, 32, 0),
	gsSP2Triangles(0, 1, 2, 0, 0, 2, 3, 0),
	gsSP2Triangles(4, 5, 6, 0, 4, 6, 7, 0),
	gsSP2Triangles(8, 9, 10, 0, 8, 10, 11, 0),
	gsSP2Triangles(12, 13, 14, 0, 12, 14, 15, 0),
	gsSP2Triangles(16, 17, 18, 0, 16, 18, 19, 0),
	gsSP2Triangles(20, 21, 22, 0, 20, 22, 23, 0),
	gsSP2Triangles(24, 25, 26, 0, 24, 26, 27, 0),
	gsSP2Triangles(28, 29, 30, 0, 28, 30, 31, 0),
	gsSPVertex(pitstop_dl_vis_mesh_layer_1_vtx_2 + 156, 31, 0),
	gsSP2Triangles(0, 1, 2, 0, 0, 2, 3, 0),
	gsSP2Triangles(4, 5, 6, 0, 4, 6, 7, 0),
	gsSP2Triangles(8, 9, 10, 0, 8, 10, 11, 0),
	gsSP2Triangles(12, 13, 14, 0, 14, 15, 12, 0),
	gsSP2Triangles(14, 16, 15, 0, 17, 18, 19, 0),
	gsSP2Triangles(17, 19, 20, 0, 21, 22, 23, 0),
	gsSP2Triangles(21, 23, 24, 0, 25, 26, 27, 0),
	gsSP2Triangles(25, 27, 28, 0, 29, 25, 28, 0),
	gsSP1Triangle(29, 28, 30, 0),
	gsSPVertex(pitstop_dl_vis_mesh_layer_1_vtx_2 + 187, 30, 0),
	gsSP2Triangles(0, 1, 2, 0, 0, 2, 3, 0),
	gsSP2Triangles(4, 0, 3, 0, 4, 3, 5, 0),
	gsSP2Triangles(6, 7, 8, 0, 6, 8, 9, 0),
	gsSP2Triangles(10, 6, 9, 0, 10, 9, 11, 0),
	gsSP2Triangles(12, 13, 14, 0, 12, 14, 15, 0),
	gsSP2Triangles(16, 12, 15, 0, 16, 15, 17, 0),
	gsSP2Triangles(18, 19, 20, 0, 18, 20, 21, 0),
	gsSP2Triangles(22, 18, 21, 0, 22, 21, 23, 0),
	gsSP2Triangles(24, 25, 26, 0, 24, 26, 27, 0),
	gsSP2Triangles(28, 24, 27, 0, 28, 27, 29, 0),
	gsSPVertex(pitstop_dl_vis_mesh_layer_1_vtx_2 + 217, 32, 0),
	gsSP2Triangles(0, 1, 2, 0, 0, 2, 3, 0),
	gsSP2Triangles(4, 0, 3, 0, 4, 3, 5, 0),
	gsSP2Triangles(6, 7, 8, 0, 6, 8, 9, 0),
	gsSP2Triangles(10, 6, 9, 0, 10, 9, 11, 0),
	gsSP2Triangles(12, 13, 14, 0, 12, 15, 13, 0),
	gsSP2Triangles(12, 16, 15, 0, 17, 18, 19, 0),
	gsSP2Triangles(20, 17, 19, 0, 19, 21, 20, 0),
	gsSP2Triangles(21, 22, 20, 0, 20, 22, 23, 0),
	gsSP2Triangles(24, 20, 23, 0, 23, 25, 24, 0),
	gsSP2Triangles(24, 26, 20, 0, 26, 27, 20, 0),
	gsSP2Triangles(26, 17, 27, 0, 20, 27, 17, 0),
	gsSP2Triangles(28, 29, 30, 0, 29, 28, 31, 0),
	gsSP1Triangle(28, 26, 31, 0),
	gsSPVertex(pitstop_dl_vis_mesh_layer_1_vtx_2 + 249, 32, 0),
	gsSP2Triangles(0, 1, 2, 0, 0, 3, 1, 0),
	gsSP2Triangles(1, 3, 4, 0, 1, 4, 5, 0),
	gsSP2Triangles(5, 6, 1, 0, 1, 6, 2, 0),
	gsSP2Triangles(7, 8, 9, 0, 7, 9, 10, 0),
	gsSP2Triangles(11, 12, 13, 0, 11, 13, 14, 0),
	gsSP2Triangles(15, 16, 17, 0, 15, 17, 18, 0),
	gsSP2Triangles(19, 20, 21, 0, 19, 21, 22, 0),
	gsSP2Triangles(23, 24, 25, 0, 23, 25, 26, 0),
	gsSP2Triangles(27, 28, 29, 0, 30, 27, 29, 0),
	gsSP1Triangle(31, 30, 29, 0),
	gsSPVertex(pitstop_dl_vis_mesh_layer_1_vtx_2 + 281, 32, 0),
	gsSP2Triangles(0, 1, 2, 0, 0, 3, 1, 0),
	gsSP2Triangles(0, 4, 3, 0, 1, 3, 5, 0),
	gsSP2Triangles(1, 5, 6, 0, 6, 7, 1, 0),
	gsSP2Triangles(7, 8, 1, 0, 1, 8, 9, 0),
	gsSP2Triangles(1, 9, 2, 0, 2, 9, 10, 0),
	gsSP2Triangles(2, 10, 11, 0, 2, 11, 12, 0),
	gsSP2Triangles(13, 2, 12, 0, 12, 14, 13, 0),
	gsSP2Triangles(14, 15, 13, 0, 16, 17, 18, 0),
	gsSP2Triangles(16, 18, 19, 0, 20, 21, 22, 0),
	gsSP2Triangles(20, 22, 23, 0, 24, 25, 26, 0),
	gsSP2Triangles(24, 26, 27, 0, 28, 29, 30, 0),
	gsSP1Triangle(28, 30, 31, 0),
	gsSPVertex(pitstop_dl_vis_mesh_layer_1_vtx_2 + 313, 32, 0),
	gsSP2Triangles(0, 1, 2, 0, 0, 2, 3, 0),
	gsSP2Triangles(4, 5, 6, 0, 4, 6, 7, 0),
	gsSP2Triangles(8, 9, 10, 0, 8, 10, 11, 0),
	gsSP2Triangles(12, 13, 14, 0, 12, 14, 15, 0),
	gsSP2Triangles(16, 17, 18, 0, 16, 18, 19, 0),
	gsSP2Triangles(20, 21, 22, 0, 20, 22, 23, 0),
	gsSP2Triangles(24, 25, 26, 0, 24, 26, 27, 0),
	gsSP2Triangles(28, 29, 30, 0, 31, 29, 28, 0),
	gsSPVertex(pitstop_dl_vis_mesh_layer_1_vtx_2 + 345, 10, 0),
	gsSP2Triangles(0, 1, 2, 0, 3, 1, 0, 0),
	gsSP2Triangles(3, 4, 1, 0, 5, 4, 3, 0),
	gsSP2Triangles(5, 6, 4, 0, 7, 6, 5, 0),
	gsSP2Triangles(7, 8, 6, 0, 9, 8, 7, 0),
	gsSPEndDisplayList(),
};

Vtx pitstop_dl_vis_mesh_layer_1_vtx_3[11] = {
	{{ {-2790, 0, 6985}, 0, {-4942, -23}, {255, 255, 255, 255} }},
	{{ {-2790, 0, 7522}, 0, {-4942, 1015}, {255, 255, 255, 255} }},
	{{ {-2790, 29, 7522}, 0, {-4942, 1015}, {255, 255, 255, 255} }},
	{{ {-2790, 29, 6985}, 0, {-4942, -23}, {255, 255, 255, 255} }},
	{{ {-372, 29, 7522}, 0, {-263, 1015}, {255, 255, 255, 255} }},
	{{ {0, 29, 7522}, 0, {456, 1015}, {255, 255, 255, 255} }},
	{{ {372, 29, 7522}, 0, {1175, 1015}, {255, 255, 255, 255} }},
	{{ {2790, 29, 7522}, 0, {5854, 1015}, {255, 255, 255, 255} }},
	{{ {2790, 29, 6985}, 0, {5854, -23}, {255, 255, 255, 255} }},
	{{ {2790, 0, 7522}, 0, {5854, 1015}, {255, 255, 255, 255} }},
	{{ {2790, 0, 6985}, 0, {5854, -23}, {255, 255, 255, 255} }},
};

Gfx pitstop_dl_vis_mesh_layer_1_tri_3[] = {
	gsSPVertex(pitstop_dl_vis_mesh_layer_1_vtx_3 + 0, 11, 0),
	gsSP2Triangles(0, 1, 2, 0, 0, 2, 3, 0),
	gsSP2Triangles(3, 2, 4, 0, 3, 4, 5, 0),
	gsSP2Triangles(3, 5, 6, 0, 6, 7, 3, 0),
	gsSP2Triangles(7, 8, 3, 0, 9, 8, 7, 0),
	gsSP2Triangles(9, 10, 8, 0, 10, 3, 8, 0),
	gsSP1Triangle(10, 0, 3, 0),
	gsSPEndDisplayList(),
};

Vtx pitstop_dl_vis_mesh_layer_1_vtx_4[79] = {
	{{ {-2790, 804, 7522}, 0, {9535, 1811}, {170, 170, 170, 255} }},
	{{ {-2790, 804, 10712}, 0, {-14355, 1811}, {170, 170, 170, 255} }},
	{{ {-2790, 908, 10712}, 0, {-14355, 246}, {170, 170, 170, 255} }},
	{{ {-2790, 908, 7522}, 0, {9535, 246}, {170, 170, 170, 255} }},
	{{ {2790, 908, 7522}, 0, {21389, 246}, {255, 255, 255, 255} }},
	{{ {2790, 804, 7522}, 0, {21389, 1811}, {255, 255, 255, 255} }},
	{{ {-198, 804, 7522}, 0, {-990, 1811}, {255, 255, 255, 255} }},
	{{ {-2790, 908, 7522}, 0, {-20397, 246}, {255, 255, 255, 255} }},
	{{ {-2790, 804, 7522}, 0, {-20397, 1811}, {255, 255, 255, 255} }},
	{{ {2790, 804, 10712}, 0, {-14355, 1811}, {255, 255, 255, 255} }},
	{{ {2790, 804, 7522}, 0, {9535, 1811}, {255, 255, 255, 255} }},
	{{ {2790, 908, 7522}, 0, {9535, 246}, {255, 255, 255, 255} }},
	{{ {2790, 908, 10712}, 0, {-14355, 246}, {255, 255, 255, 255} }},
	{{ {-2790, 804, 10712}, 0, {-20397, 1811}, {170, 170, 170, 255} }},
	{{ {2790, 804, 10712}, 0, {21389, 1811}, {170, 170, 170, 255} }},
	{{ {2790, 908, 10712}, 0, {21389, 246}, {170, 170, 170, 255} }},
	{{ {-2790, 908, 10712}, 0, {-20397, 246}, {170, 170, 170, 255} }},
	{{ {-2790, 134, 10712}, 0, {-20397, 173}, {170, 170, 170, 255} }},
	{{ {-2790, 29, 10712}, 0, {-20397, 1738}, {170, 170, 170, 255} }},
	{{ {2790, 29, 10712}, 0, {21389, 1738}, {170, 170, 170, 255} }},
	{{ {1764, 134, 10712}, 0, {13706, 173}, {170, 170, 170, 255} }},
	{{ {1889, 134, 10712}, 0, {14643, 173}, {170, 170, 170, 255} }},
	{{ {2790, 134, 10712}, 0, {21389, 173}, {170, 170, 170, 255} }},
	{{ {2790, 134, 10712}, 0, {-14355, 173}, {255, 255, 255, 255} }},
	{{ {2790, 29, 10712}, 0, {-14355, 1738}, {255, 255, 255, 255} }},
	{{ {2790, 29, 7522}, 0, {9535, 1738}, {255, 255, 255, 255} }},
	{{ {2790, 134, 10184}, 0, {-10402, 173}, {255, 255, 255, 255} }},
	{{ {2790, 134, 10058}, 0, {-9458, 173}, {255, 255, 255, 255} }},
	{{ {2790, 134, 7522}, 0, {9535, 173}, {255, 255, 255, 255} }},
	{{ {2790, 29, 7522}, 0, {21389, 1738}, {255, 255, 255, 255} }},
	{{ {372, 29, 7522}, 0, {3279, 1738}, {255, 255, 255, 255} }},
	{{ {372, 134, 7522}, 0, {3279, 173}, {255, 255, 255, 255} }},
	{{ {2790, 29, 7522}, 0, {21389, 1738}, {255, 255, 255, 255} }},
	{{ {372, 134, 7522}, 0, {3279, 173}, {255, 255, 255, 255} }},
	{{ {2790, 134, 7522}, 0, {21389, 173}, {255, 255, 255, 255} }},
	{{ {-2790, 29, 7522}, 0, {9535, 1738}, {170, 170, 170, 255} }},
	{{ {-2790, 29, 10712}, 0, {-14355, 1738}, {170, 170, 170, 255} }},
	{{ {-2790, 134, 10712}, 0, {-14355, 173}, {170, 170, 170, 255} }},
	{{ {-2790, 134, 7522}, 0, {9535, 173}, {170, 170, 170, 255} }},
	{{ {-2704, 134, 10626}, 0, {-19754, 173}, {255, 255, 255, 255} }},
	{{ {1749, 29, 10626}, 0, {13591, 1738}, {255, 255, 255, 255} }},
	{{ {-2704, 29, 10626}, 0, {-19754, 1738}, {255, 255, 255, 255} }},
	{{ {1751, 134, 10626}, 0, {13611, 173}, {255, 255, 255, 255} }},
	{{ {1861, 134, 10626}, 0, {14428, 173}, {255, 255, 255, 255} }},
	{{ {1860, 29, 10626}, 0, {14424, 1738}, {142, 142, 142, 255} }},
	{{ {2704, 134, 10626}, 0, {20746, 173}, {255, 255, 255, 255} }},
	{{ {2704, 29, 10626}, 0, {20746, 1738}, {64, 64, 64, 255} }},
	{{ {-2704, 134, 7607}, 0, {8891, 173}, {255, 255, 255, 255} }},
	{{ {-2704, 134, 10626}, 0, {-13711, 173}, {255, 255, 255, 255} }},
	{{ {-2704, 29, 10626}, 0, {-13711, 1738}, {255, 255, 255, 255} }},
	{{ {-2704, 29, 7607}, 0, {8891, 1738}, {255, 255, 255, 255} }},
	{{ {2704, 134, 10626}, 0, {-13711, 173}, {255, 255, 255, 255} }},
	{{ {2704, 29, 10208}, 0, {-10585, 1738}, {142, 142, 142, 255} }},
	{{ {2704, 29, 10626}, 0, {-13711, 1738}, {64, 64, 64, 255} }},
	{{ {2704, 134, 10196}, 0, {-10488, 173}, {255, 255, 255, 255} }},
	{{ {2704, 134, 10057}, 0, {-9448, 173}, {255, 255, 255, 255} }},
	{{ {2704, 29, 10045}, 0, {-9359, 1738}, {255, 255, 255, 255} }},
	{{ {2704, 134, 7607}, 0, {8891, 173}, {255, 255, 255, 255} }},
	{{ {2704, 29, 7607}, 0, {8891, 1738}, {255, 255, 255, 255} }},
	{{ {372, 134, 7522}, 0, {9535, 173}, {255, 255, 255, 255} }},
	{{ {372, 29, 7522}, 0, {9535, 1738}, {255, 255, 255, 255} }},
	{{ {372, 29, 7607}, 0, {8891, 1738}, {255, 255, 255, 255} }},
	{{ {372, 134, 7607}, 0, {8891, 173}, {255, 255, 255, 255} }},
	{{ {-372, 134, 7522}, 0, {-2287, 173}, {255, 255, 255, 255} }},
	{{ {-372, 29, 7522}, 0, {-2287, 1738}, {255, 255, 255, 255} }},
	{{ {-2790, 29, 7522}, 0, {-20397, 1738}, {255, 255, 255, 255} }},
	{{ {-2790, 134, 7522}, 0, {-20397, 173}, {255, 255, 255, 255} }},
	{{ {-372, 29, 7522}, 0, {9535, 1738}, {255, 255, 255, 255} }},
	{{ {-372, 134, 7522}, 0, {9535, 173}, {255, 255, 255, 255} }},
	{{ {-372, 134, 7607}, 0, {8891, 173}, {255, 255, 255, 255} }},
	{{ {-372, 29, 7607}, 0, {8891, 1738}, {255, 255, 255, 255} }},
	{{ {2704, 134, 7607}, 0, {20746, 173}, {255, 255, 255, 255} }},
	{{ {372, 134, 7607}, 0, {3279, 173}, {255, 255, 255, 255} }},
	{{ {372, 29, 7607}, 0, {3279, 1738}, {255, 255, 255, 255} }},
	{{ {2704, 29, 7607}, 0, {20746, 1738}, {255, 255, 255, 255} }},
	{{ {-2704, 134, 7607}, 0, {-19754, 173}, {255, 255, 255, 255} }},
	{{ {-2704, 29, 7607}, 0, {-19754, 1738}, {255, 255, 255, 255} }},
	{{ {-372, 29, 7607}, 0, {-2287, 1738}, {255, 255, 255, 255} }},
	{{ {-372, 134, 7607}, 0, {-2287, 173}, {255, 255, 255, 255} }},
};

Gfx pitstop_dl_vis_mesh_layer_1_tri_4[] = {
	gsSPVertex(pitstop_dl_vis_mesh_layer_1_vtx_4 + 0, 32, 0),
	gsSP2Triangles(0, 1, 2, 0, 0, 2, 3, 0),
	gsSP2Triangles(4, 5, 6, 0, 6, 7, 4, 0),
	gsSP2Triangles(6, 8, 7, 0, 9, 10, 11, 0),
	gsSP2Triangles(9, 11, 12, 0, 13, 14, 15, 0),
	gsSP2Triangles(13, 15, 16, 0, 17, 18, 19, 0),
	gsSP2Triangles(20, 17, 19, 0, 19, 21, 20, 0),
	gsSP2Triangles(19, 22, 21, 0, 23, 24, 25, 0),
	gsSP2Triangles(26, 23, 25, 0, 25, 27, 26, 0),
	gsSP2Triangles(25, 28, 27, 0, 29, 30, 31, 0),
	gsSPVertex(pitstop_dl_vis_mesh_layer_1_vtx_4 + 32, 31, 0),
	gsSP2Triangles(0, 1, 2, 0, 3, 4, 5, 0),
	gsSP2Triangles(3, 5, 6, 0, 7, 8, 9, 0),
	gsSP2Triangles(7, 10, 8, 0, 8, 10, 11, 0),
	gsSP2Triangles(8, 11, 12, 0, 12, 11, 13, 0),
	gsSP2Triangles(12, 13, 14, 0, 15, 16, 17, 0),
	gsSP2Triangles(15, 17, 18, 0, 19, 20, 21, 0),
	gsSP2Triangles(19, 22, 20, 0, 20, 22, 23, 0),
	gsSP2Triangles(20, 23, 24, 0, 24, 23, 25, 0),
	gsSP2Triangles(24, 25, 26, 0, 27, 28, 29, 0),
	gsSP1Triangle(27, 29, 30, 0),
	gsSPVertex(pitstop_dl_vis_mesh_layer_1_vtx_4 + 63, 16, 0),
	gsSP2Triangles(0, 1, 2, 0, 0, 2, 3, 0),
	gsSP2Triangles(4, 5, 6, 0, 4, 6, 7, 0),
	gsSP2Triangles(8, 9, 10, 0, 8, 10, 11, 0),
	gsSP2Triangles(12, 13, 14, 0, 12, 14, 15, 0),
	gsSPEndDisplayList(),
};

Vtx pitstop_dl_vis_mesh_layer_1_vtx_5[26] = {
	{{ {2704, 29, 10045}, 0, {18021, 6510}, {255, 255, 255, 255} }},
	{{ {2704, 29, 7607}, 0, {18021, -9285}, {255, 255, 255, 255} }},
	{{ {-2704, 29, 7607}, 0, {-17029, -9285}, {255, 255, 255, 255} }},
	{{ {1849, 29, 10057}, 0, {12479, 6592}, {255, 255, 255, 255} }},
	{{ {1754, 29, 10059}, 0, {11860, 6601}, {255, 255, 255, 255} }},
	{{ {1752, 29, 10191}, 0, {11853, 7461}, {255, 255, 255, 255} }},
	{{ {435, 29, 10221}, 0, {3317, 7650}, {255, 255, 255, 255} }},
	{{ {-435, 29, 10221}, 0, {-2325, 7650}, {255, 255, 255, 255} }},
	{{ {-435, 29, 10626}, 0, {-2325, 10277}, {255, 255, 255, 255} }},
	{{ {-2704, 29, 10626}, 0, {-17029, 10277}, {255, 255, 255, 255} }},
	{{ {1749, 29, 10626}, 0, {11829, 10277}, {255, 255, 255, 255} }},
	{{ {435, 29, 10626}, 0, {3317, 10277}, {255, 255, 255, 255} }},
	{{ {1860, 29, 10626}, 0, {12550, 10277}, {142, 142, 142, 255} }},
	{{ {1852, 29, 10194}, 0, {12496, 7481}, {142, 142, 142, 255} }},
	{{ {2704, 29, 10208}, 0, {18021, 7571}, {142, 142, 142, 255} }},
	{{ {2704, 29, 10626}, 0, {18021, 10277}, {64, 64, 64, 255} }},
	{{ {435, 29, 10626}, 0, {3317, 10277}, {255, 255, 255, 255} }},
	{{ {-435, 29, 10626}, 0, {-2325, 10277}, {255, 255, 255, 255} }},
	{{ {378, 29, 10278}, 0, {2944, 8023}, {255, 255, 255, 255} }},
	{{ {435, 29, 10626}, 0, {3317, 10277}, {146, 146, 146, 255} }},
	{{ {435, 29, 10221}, 0, {3317, 7650}, {146, 146, 146, 255} }},
	{{ {378, 29, 10568}, 0, {2944, 9904}, {255, 255, 255, 255} }},
	{{ {-378, 29, 10278}, 0, {-1952, 8023}, {255, 255, 255, 255} }},
	{{ {-435, 29, 10221}, 0, {-2325, 7650}, {146, 146, 146, 255} }},
	{{ {-378, 29, 10568}, 0, {-1952, 9904}, {255, 255, 255, 255} }},
	{{ {-435, 29, 10626}, 0, {-2325, 10277}, {146, 146, 146, 255} }},
};

Gfx pitstop_dl_vis_mesh_layer_1_tri_5[] = {
	gsSPVertex(pitstop_dl_vis_mesh_layer_1_vtx_5 + 0, 26, 0),
	gsSP2Triangles(0, 1, 2, 0, 3, 0, 2, 0),
	gsSP2Triangles(4, 3, 2, 0, 5, 4, 2, 0),
	gsSP2Triangles(2, 6, 5, 0, 2, 7, 6, 0),
	gsSP2Triangles(2, 8, 7, 0, 2, 9, 8, 0),
	gsSP2Triangles(6, 10, 5, 0, 6, 11, 10, 0),
	gsSP2Triangles(12, 5, 10, 0, 12, 13, 5, 0),
	gsSP2Triangles(14, 13, 12, 0, 14, 12, 15, 0),
	gsSP2Triangles(0, 13, 14, 0, 0, 3, 13, 0),
	gsSP2Triangles(5, 13, 3, 0, 5, 3, 4, 0),
	gsSP2Triangles(10, 16, 17, 0, 10, 17, 9, 0),
	gsSP2Triangles(18, 19, 20, 0, 18, 21, 19, 0),
	gsSP2Triangles(21, 18, 22, 0, 22, 18, 20, 0),
	gsSP2Triangles(22, 20, 23, 0, 24, 22, 23, 0),
	gsSP2Triangles(24, 23, 25, 0, 21, 24, 25, 0),
	gsSP2Triangles(21, 25, 19, 0, 21, 22, 24, 0),
	gsSPEndDisplayList(),
};

Vtx pitstop_dl_vis_mesh_layer_1_vtx_6[20] = {
	{{ {-1563, 29, 10626}, 0, {994, 44}, {0, 0, 127, 255} }},
	{{ {-1563, 529, 10626}, 0, {998, 44}, {0, 0, 127, 255} }},
	{{ {-2704, 529, 10626}, 0, {998, 36}, {0, 0, 127, 255} }},
	{{ {-2704, 29, 10626}, 0, {994, 36}, {0, 0, 127, 255} }},
	{{ {-2704, 29, 10626}, 0, {1033, 2036}, {129, 0, 0, 255} }},
	{{ {-2704, 529, 10626}, 0, {1033, -55}, {129, 0, 0, 255} }},
	{{ {-2704, 529, 10526}, 0, {1033, -55}, {129, 0, 0, 255} }},
	{{ {-2704, 29, 10526}, 0, {1033, 2036}, {129, 0, 0, 255} }},
	{{ {-2704, 29, 10526}, 0, {6133, 2036}, {0, 0, 129, 255} }},
	{{ {-2704, 529, 10526}, 0, {6133, -55}, {0, 0, 129, 255} }},
	{{ {-1563, 529, 10526}, 0, {-51, -55}, {0, 0, 129, 255} }},
	{{ {-1563, 29, 10526}, 0, {-51, 2036}, {0, 0, 129, 255} }},
	{{ {-1563, 29, 10526}, 0, {-51, 2036}, {127, 0, 0, 255} }},
	{{ {-1563, 529, 10526}, 0, {-51, -55}, {127, 0, 0, 255} }},
	{{ {-1563, 529, 10626}, 0, {-51, -55}, {127, 0, 0, 255} }},
	{{ {-1563, 29, 10626}, 0, {-51, 2036}, {127, 0, 0, 255} }},
	{{ {-2704, 529, 10526}, 0, {6133, -55}, {0, 127, 0, 255} }},
	{{ {-2704, 529, 10626}, 0, {6133, -55}, {0, 127, 0, 255} }},
	{{ {-1563, 529, 10626}, 0, {-51, -55}, {0, 127, 0, 255} }},
	{{ {-1563, 529, 10526}, 0, {-51, -55}, {0, 127, 0, 255} }},
};

Gfx pitstop_dl_vis_mesh_layer_1_tri_6[] = {
	gsSPVertex(pitstop_dl_vis_mesh_layer_1_vtx_6 + 0, 20, 0),
	gsSP2Triangles(0, 1, 2, 0, 0, 2, 3, 0),
	gsSP2Triangles(4, 5, 6, 0, 4, 6, 7, 0),
	gsSP2Triangles(8, 9, 10, 0, 8, 10, 11, 0),
	gsSP2Triangles(12, 13, 14, 0, 12, 14, 15, 0),
	gsSP2Triangles(16, 17, 18, 0, 16, 18, 19, 0),
	gsSPEndDisplayList(),
};

Vtx pitstop_dl_vis_mesh_layer_1_vtx_7[152] = {
	{{ {-798, 60, 10505}, 0, {731, 1319}, {0, 0, 129, 255} }},
	{{ {-598, 60, 10505}, 0, {731, 1319}, {0, 0, 129, 255} }},
	{{ {-598, 55, 10505}, 0, {731, 1319}, {0, 0, 129, 255} }},
	{{ {-798, 55, 10505}, 0, {731, 1319}, {0, 0, 129, 255} }},
	{{ {-798, 34, 10553}, 0, {744, 1310}, {0, 0, 127, 255} }},
	{{ {-798, 234, 10553}, 0, {744, 1310}, {0, 0, 127, 255} }},
	{{ {-805, 234, 10553}, 0, {744, 1310}, {0, 0, 127, 255} }},
	{{ {-805, 34, 10553}, 0, {744, 1310}, {0, 0, 127, 255} }},
	{{ {-598, 234, 10553}, 0, {744, 1354}, {0, 0, 127, 255} }},
	{{ {-591, 234, 10553}, 0, {744, 1354}, {0, 0, 127, 255} }},
	{{ {-591, 241, 10553}, 0, {744, 1354}, {0, 0, 127, 255} }},
	{{ {-598, 241, 10553}, 0, {744, 1354}, {0, 0, 127, 255} }},
	{{ {-798, 234, 10553}, 0, {744, 1354}, {0, 0, 127, 255} }},
	{{ {-798, 241, 10553}, 0, {744, 1354}, {0, 0, 127, 255} }},
	{{ {-805, 234, 10553}, 0, {744, 1354}, {0, 0, 127, 255} }},
	{{ {-805, 241, 10553}, 0, {744, 1354}, {0, 0, 127, 255} }},
	{{ {-598, 34, 10494}, 0, {744, 1354}, {0, 20, 131, 255} }},
	{{ {-598, 234, 10525}, 0, {744, 1354}, {0, 20, 131, 255} }},
	{{ {-591, 234, 10525}, 0, {744, 1354}, {0, 20, 131, 255} }},
	{{ {-591, 34, 10494}, 0, {744, 1354}, {0, 20, 131, 255} }},
	{{ {-591, 234, 10525}, 0, {744, 1354}, {0, 0, 129, 255} }},
	{{ {-598, 241, 10525}, 0, {744, 1354}, {0, 0, 129, 255} }},
	{{ {-591, 241, 10525}, 0, {744, 1354}, {0, 0, 129, 255} }},
	{{ {-598, 234, 10525}, 0, {744, 1354}, {0, 0, 129, 255} }},
	{{ {-798, 241, 10525}, 0, {744, 1354}, {0, 0, 129, 255} }},
	{{ {-798, 234, 10525}, 0, {744, 1354}, {0, 0, 129, 255} }},
	{{ {-805, 241, 10525}, 0, {744, 1354}, {0, 0, 129, 255} }},
	{{ {-805, 234, 10525}, 0, {744, 1354}, {0, 0, 129, 255} }},
	{{ {-598, 234, 10553}, 0, {744, 1310}, {0, 0, 127, 255} }},
	{{ {-598, 34, 10553}, 0, {744, 1310}, {0, 0, 127, 255} }},
	{{ {-591, 34, 10553}, 0, {744, 1310}, {0, 0, 127, 255} }},
	{{ {-591, 234, 10553}, 0, {744, 1310}, {0, 0, 127, 255} }},
	{{ {-798, 234, 10525}, 0, {744, 1354}, {0, 20, 131, 255} }},
	{{ {-798, 34, 10494}, 0, {744, 1354}, {0, 20, 131, 255} }},
	{{ {-805, 34, 10494}, 0, {744, 1354}, {0, 20, 131, 255} }},
	{{ {-805, 234, 10525}, 0, {744, 1354}, {0, 20, 131, 255} }},
	{{ {-591, 234, 10553}, 0, {744, 1354}, {127, 0, 0, 255} }},
	{{ {-591, 234, 10525}, 0, {744, 1354}, {127, 0, 0, 255} }},
	{{ {-591, 241, 10525}, 0, {744, 1354}, {127, 0, 0, 255} }},
	{{ {-591, 241, 10553}, 0, {744, 1354}, {127, 0, 0, 255} }},
	{{ {-805, 234, 10525}, 0, {744, 1354}, {129, 0, 0, 255} }},
	{{ {-805, 234, 10553}, 0, {744, 1354}, {129, 0, 0, 255} }},
	{{ {-805, 241, 10553}, 0, {744, 1354}, {129, 0, 0, 255} }},
	{{ {-805, 241, 10525}, 0, {744, 1354}, {129, 0, 0, 255} }},
	{{ {-798, 34, 10553}, 0, {744, 1310}, {0, 129, 0, 255} }},
	{{ {-805, 34, 10553}, 0, {744, 1310}, {0, 129, 0, 255} }},
	{{ {-805, 34, 10494}, 0, {744, 1354}, {0, 129, 0, 255} }},
	{{ {-798, 34, 10494}, 0, {744, 1354}, {0, 129, 0, 255} }},
	{{ {-591, 34, 10494}, 0, {744, 1354}, {0, 129, 0, 255} }},
	{{ {-591, 34, 10553}, 0, {744, 1310}, {0, 129, 0, 255} }},
	{{ {-598, 34, 10553}, 0, {744, 1310}, {0, 129, 0, 255} }},
	{{ {-598, 34, 10494}, 0, {744, 1354}, {0, 129, 0, 255} }},
	{{ {-798, 60, 10505}, 0, {1470, 1738}, {0, 15, 130, 255} }},
	{{ {-798, 234, 10525}, 0, {1470, 51}, {0, 15, 130, 255} }},
	{{ {-598, 234, 10525}, 0, {-484, 51}, {0, 15, 130, 255} }},
	{{ {-598, 60, 10505}, 0, {-484, 1738}, {0, 15, 130, 255} }},
	{{ {-598, 55, 10505}, 0, {731, 1319}, {129, 0, 0, 255} }},
	{{ {-598, 60, 10505}, 0, {731, 1319}, {129, 0, 0, 255} }},
	{{ {-598, 60, 10494}, 0, {731, 1319}, {129, 0, 0, 255} }},
	{{ {-598, 55, 10494}, 0, {731, 1319}, {129, 0, 0, 255} }},
	{{ {-798, 60, 10505}, 0, {731, 1319}, {127, 0, 0, 255} }},
	{{ {-798, 55, 10505}, 0, {731, 1319}, {127, 0, 0, 255} }},
	{{ {-798, 55, 10494}, 0, {731, 1319}, {127, 0, 0, 255} }},
	{{ {-798, 60, 10494}, 0, {731, 1319}, {127, 0, 0, 255} }},
	{{ {-598, 60, 10505}, 0, {-484, 1738}, {127, 0, 0, 255} }},
	{{ {-598, 234, 10525}, 0, {-484, 51}, {127, 0, 0, 255} }},
	{{ {-598, 234, 10531}, 0, {-484, 51}, {127, 0, 0, 255} }},
	{{ {-598, 60, 10516}, 0, {-484, 1738}, {127, 0, 0, 255} }},
	{{ {-798, 234, 10525}, 0, {1470, 51}, {129, 0, 0, 255} }},
	{{ {-798, 60, 10505}, 0, {1470, 1738}, {129, 0, 0, 255} }},
	{{ {-798, 60, 10516}, 0, {1470, 1738}, {129, 0, 0, 255} }},
	{{ {-798, 234, 10531}, 0, {1470, 51}, {129, 0, 0, 255} }},
	{{ {-1092, 234, 10566}, 0, {744, 1354}, {17, 0, 126, 255} }},
	{{ {-894, 234, 10540}, 0, {744, 1354}, {17, 0, 126, 255} }},
	{{ {-894, 241, 10540}, 0, {744, 1354}, {17, 0, 126, 255} }},
	{{ {-1092, 241, 10566}, 0, {744, 1354}, {17, 0, 126, 255} }},
	{{ {-1099, 60, 10518}, 0, {731, 1319}, {239, 0, 130, 255} }},
	{{ {-900, 60, 10492}, 0, {731, 1319}, {239, 0, 130, 255} }},
	{{ {-900, 55, 10492}, 0, {731, 1319}, {239, 0, 130, 255} }},
	{{ {-1099, 55, 10518}, 0, {731, 1319}, {239, 0, 130, 255} }},
	{{ {-1092, 34, 10566}, 0, {744, 1310}, {17, 0, 126, 255} }},
	{{ {-1092, 234, 10566}, 0, {744, 1310}, {17, 0, 126, 255} }},
	{{ {-1099, 234, 10567}, 0, {744, 1310}, {17, 0, 126, 255} }},
	{{ {-1099, 34, 10567}, 0, {744, 1310}, {17, 0, 126, 255} }},
	{{ {-894, 234, 10540}, 0, {744, 1354}, {17, 0, 126, 255} }},
	{{ {-887, 234, 10539}, 0, {744, 1354}, {17, 0, 126, 255} }},
	{{ {-887, 241, 10539}, 0, {744, 1354}, {17, 0, 126, 255} }},
	{{ {-894, 241, 10540}, 0, {744, 1354}, {17, 0, 126, 255} }},
	{{ {-902, 34, 10481}, 0, {744, 1354}, {239, 20, 132, 255} }},
	{{ {-898, 234, 10512}, 0, {744, 1354}, {239, 20, 132, 255} }},
	{{ {-891, 234, 10511}, 0, {744, 1354}, {239, 20, 132, 255} }},
	{{ {-895, 34, 10480}, 0, {744, 1354}, {239, 20, 132, 255} }},
	{{ {-891, 234, 10511}, 0, {744, 1354}, {239, 0, 130, 255} }},
	{{ {-898, 234, 10512}, 0, {744, 1354}, {239, 0, 130, 255} }},
	{{ {-898, 241, 10512}, 0, {744, 1354}, {239, 0, 130, 255} }},
	{{ {-891, 241, 10511}, 0, {744, 1354}, {239, 0, 130, 255} }},
	{{ {-894, 234, 10540}, 0, {744, 1310}, {17, 0, 126, 255} }},
	{{ {-894, 34, 10540}, 0, {744, 1310}, {17, 0, 126, 255} }},
	{{ {-887, 34, 10539}, 0, {744, 1310}, {17, 0, 126, 255} }},
	{{ {-887, 234, 10539}, 0, {744, 1310}, {17, 0, 126, 255} }},
	{{ {-1096, 234, 10539}, 0, {744, 1354}, {239, 20, 132, 255} }},
	{{ {-1100, 34, 10507}, 0, {744, 1354}, {239, 20, 132, 255} }},
	{{ {-1107, 34, 10508}, 0, {744, 1354}, {239, 20, 132, 255} }},
	{{ {-1103, 234, 10539}, 0, {744, 1354}, {239, 20, 132, 255} }},
	{{ {-1099, 234, 10567}, 0, {744, 1354}, {17, 0, 126, 255} }},
	{{ {-1092, 234, 10566}, 0, {744, 1354}, {17, 0, 126, 255} }},
	{{ {-1092, 241, 10566}, 0, {744, 1354}, {17, 0, 126, 255} }},
	{{ {-1099, 241, 10567}, 0, {744, 1354}, {17, 0, 126, 255} }},
	{{ {-887, 234, 10539}, 0, {744, 1354}, {126, 0, 239, 255} }},
	{{ {-891, 234, 10511}, 0, {744, 1354}, {126, 0, 239, 255} }},
	{{ {-891, 241, 10511}, 0, {744, 1354}, {126, 0, 239, 255} }},
	{{ {-887, 241, 10539}, 0, {744, 1354}, {126, 0, 239, 255} }},
	{{ {-898, 234, 10512}, 0, {744, 1354}, {239, 0, 130, 255} }},
	{{ {-1096, 234, 10539}, 0, {744, 1354}, {239, 0, 130, 255} }},
	{{ {-1096, 241, 10539}, 0, {744, 1354}, {239, 0, 130, 255} }},
	{{ {-898, 241, 10512}, 0, {744, 1354}, {239, 0, 130, 255} }},
	{{ {-1096, 234, 10539}, 0, {744, 1354}, {239, 0, 130, 255} }},
	{{ {-1103, 234, 10539}, 0, {744, 1354}, {239, 0, 130, 255} }},
	{{ {-1103, 241, 10539}, 0, {744, 1354}, {239, 0, 130, 255} }},
	{{ {-1096, 241, 10539}, 0, {744, 1354}, {239, 0, 130, 255} }},
	{{ {-1103, 234, 10539}, 0, {744, 1354}, {130, 0, 17, 255} }},
	{{ {-1099, 234, 10567}, 0, {744, 1354}, {130, 0, 17, 255} }},
	{{ {-1099, 241, 10567}, 0, {744, 1354}, {130, 0, 17, 255} }},
	{{ {-1103, 241, 10539}, 0, {744, 1354}, {130, 0, 17, 255} }},
	{{ {-1092, 34, 10566}, 0, {744, 1310}, {0, 129, 0, 255} }},
	{{ {-1099, 34, 10567}, 0, {744, 1310}, {0, 129, 0, 255} }},
	{{ {-1107, 34, 10508}, 0, {744, 1354}, {0, 129, 0, 255} }},
	{{ {-1100, 34, 10507}, 0, {744, 1354}, {0, 129, 0, 255} }},
	{{ {-895, 34, 10480}, 0, {744, 1354}, {0, 129, 0, 255} }},
	{{ {-887, 34, 10539}, 0, {744, 1310}, {0, 129, 0, 255} }},
	{{ {-894, 34, 10540}, 0, {744, 1310}, {0, 129, 0, 255} }},
	{{ {-902, 34, 10481}, 0, {744, 1354}, {0, 129, 0, 255} }},
	{{ {-1099, 60, 10518}, 0, {1470, 1738}, {239, 15, 131, 255} }},
	{{ {-1096, 234, 10539}, 0, {1470, 51}, {239, 15, 131, 255} }},
	{{ {-898, 234, 10512}, 0, {-484, 51}, {239, 15, 131, 255} }},
	{{ {-900, 60, 10492}, 0, {-484, 1738}, {239, 15, 131, 255} }},
	{{ {-900, 55, 10492}, 0, {731, 1319}, {130, 0, 17, 255} }},
	{{ {-900, 60, 10492}, 0, {731, 1319}, {130, 0, 17, 255} }},
	{{ {-902, 60, 10481}, 0, {731, 1319}, {130, 0, 17, 255} }},
	{{ {-902, 55, 10481}, 0, {731, 1319}, {130, 0, 17, 255} }},
	{{ {-1099, 60, 10518}, 0, {731, 1319}, {126, 0, 239, 255} }},
	{{ {-1099, 55, 10518}, 0, {731, 1319}, {126, 0, 239, 255} }},
	{{ {-1100, 55, 10507}, 0, {731, 1319}, {126, 0, 239, 255} }},
	{{ {-1100, 60, 10507}, 0, {731, 1319}, {126, 0, 239, 255} }},
	{{ {-900, 60, 10492}, 0, {-484, 1738}, {126, 0, 239, 255} }},
	{{ {-898, 234, 10512}, 0, {-484, 51}, {126, 0, 239, 255} }},
	{{ {-897, 234, 10517}, 0, {-484, 51}, {126, 0, 239, 255} }},
	{{ {-899, 60, 10503}, 0, {-484, 1738}, {126, 0, 239, 255} }},
	{{ {-1096, 234, 10539}, 0, {1470, 51}, {130, 0, 17, 255} }},
	{{ {-1099, 60, 10518}, 0, {1470, 1738}, {130, 0, 17, 255} }},
	{{ {-1097, 60, 10530}, 0, {1470, 1738}, {130, 0, 17, 255} }},
	{{ {-1095, 234, 10544}, 0, {1470, 51}, {130, 0, 17, 255} }},
};

Gfx pitstop_dl_vis_mesh_layer_1_tri_7[] = {
	gsSPVertex(pitstop_dl_vis_mesh_layer_1_vtx_7 + 0, 32, 0),
	gsSP2Triangles(0, 1, 2, 0, 0, 2, 3, 0),
	gsSP2Triangles(4, 5, 6, 0, 4, 6, 7, 0),
	gsSP2Triangles(8, 9, 10, 0, 8, 10, 11, 0),
	gsSP2Triangles(12, 8, 11, 0, 12, 11, 13, 0),
	gsSP2Triangles(14, 12, 13, 0, 14, 13, 15, 0),
	gsSP2Triangles(16, 17, 18, 0, 16, 18, 19, 0),
	gsSP2Triangles(20, 21, 22, 0, 20, 23, 21, 0),
	gsSP2Triangles(23, 24, 21, 0, 23, 25, 24, 0),
	gsSP2Triangles(25, 26, 24, 0, 25, 27, 26, 0),
	gsSP2Triangles(28, 29, 30, 0, 28, 30, 31, 0),
	gsSPVertex(pitstop_dl_vis_mesh_layer_1_vtx_7 + 32, 32, 0),
	gsSP2Triangles(0, 1, 2, 0, 0, 2, 3, 0),
	gsSP2Triangles(4, 5, 6, 0, 4, 6, 7, 0),
	gsSP2Triangles(8, 9, 10, 0, 8, 10, 11, 0),
	gsSP2Triangles(12, 13, 14, 0, 12, 14, 15, 0),
	gsSP2Triangles(16, 17, 18, 0, 16, 18, 19, 0),
	gsSP2Triangles(20, 21, 22, 0, 20, 22, 23, 0),
	gsSP2Triangles(24, 25, 26, 0, 24, 26, 27, 0),
	gsSP2Triangles(28, 29, 30, 0, 28, 30, 31, 0),
	gsSPVertex(pitstop_dl_vis_mesh_layer_1_vtx_7 + 64, 32, 0),
	gsSP2Triangles(0, 1, 2, 0, 0, 2, 3, 0),
	gsSP2Triangles(4, 5, 6, 0, 4, 6, 7, 0),
	gsSP2Triangles(8, 9, 10, 0, 8, 10, 11, 0),
	gsSP2Triangles(12, 13, 14, 0, 12, 14, 15, 0),
	gsSP2Triangles(16, 17, 18, 0, 16, 18, 19, 0),
	gsSP2Triangles(20, 21, 22, 0, 20, 22, 23, 0),
	gsSP2Triangles(24, 25, 26, 0, 24, 26, 27, 0),
	gsSP2Triangles(28, 29, 30, 0, 28, 30, 31, 0),
	gsSPVertex(pitstop_dl_vis_mesh_layer_1_vtx_7 + 96, 32, 0),
	gsSP2Triangles(0, 1, 2, 0, 0, 2, 3, 0),
	gsSP2Triangles(4, 5, 6, 0, 4, 6, 7, 0),
	gsSP2Triangles(8, 9, 10, 0, 8, 10, 11, 0),
	gsSP2Triangles(12, 13, 14, 0, 12, 14, 15, 0),
	gsSP2Triangles(16, 17, 18, 0, 16, 18, 19, 0),
	gsSP2Triangles(20, 21, 22, 0, 20, 22, 23, 0),
	gsSP2Triangles(24, 25, 26, 0, 24, 26, 27, 0),
	gsSP2Triangles(28, 29, 30, 0, 28, 30, 31, 0),
	gsSPVertex(pitstop_dl_vis_mesh_layer_1_vtx_7 + 128, 24, 0),
	gsSP2Triangles(0, 1, 2, 0, 0, 2, 3, 0),
	gsSP2Triangles(4, 5, 6, 0, 4, 6, 7, 0),
	gsSP2Triangles(8, 9, 10, 0, 8, 10, 11, 0),
	gsSP2Triangles(12, 13, 14, 0, 12, 14, 15, 0),
	gsSP2Triangles(16, 17, 18, 0, 16, 18, 19, 0),
	gsSP2Triangles(20, 21, 22, 0, 20, 22, 23, 0),
	gsSPEndDisplayList(),
};

Vtx pitstop_dl_vis_mesh_layer_1_vtx_8[76] = {
	{{ {2304, 229, 10226}, 0, {2143, -695}, {255, 255, 255, 255} }},
	{{ {2004, 162, 10226}, 0, {-2965, 440}, {255, 255, 255, 255} }},
	{{ {2004, 229, 10226}, 0, {-2965, -695}, {255, 255, 255, 255} }},
	{{ {2304, 29, 10226}, 0, {2143, 2711}, {255, 255, 255, 255} }},
	{{ {1938, 162, 10226}, 0, {-4100, 440}, {255, 255, 255, 255} }},
	{{ {1938, 96, 10226}, 0, {-4100, 1576}, {255, 255, 255, 255} }},
	{{ {1871, 29, 10226}, 0, {-5235, 2711}, {255, 255, 255, 255} }},
	{{ {1871, 96, 10226}, 0, {-5235, 1576}, {255, 255, 255, 255} }},
	{{ {2604, 29, 10226}, 0, {3562, 2711}, {255, 255, 255, 255} }},
	{{ {2604, 229, 10226}, 0, {3562, -695}, {255, 255, 255, 255} }},
	{{ {2604, 229, 10526}, 0, {-1546, -695}, {255, 255, 255, 255} }},
	{{ {2604, 29, 10526}, 0, {-1546, 2711}, {255, 255, 255, 255} }},
	{{ {2604, 29, 10526}, 0, {7251, 2711}, {127, 127, 127, 255} }},
	{{ {2604, 229, 10526}, 0, {7251, -695}, {127, 127, 127, 255} }},
	{{ {2304, 229, 10526}, 0, {2143, -695}, {127, 127, 127, 255} }},
	{{ {2304, 29, 10526}, 0, {2143, 2711}, {127, 127, 127, 255} }},
	{{ {2004, 229, 10526}, 0, {-2965, -695}, {127, 127, 127, 255} }},
	{{ {2004, 162, 10526}, 0, {-2965, 440}, {127, 127, 127, 255} }},
	{{ {1938, 162, 10526}, 0, {-4100, 440}, {127, 127, 127, 255} }},
	{{ {1938, 96, 10526}, 0, {-4100, 1576}, {127, 127, 127, 255} }},
	{{ {1871, 29, 10526}, 0, {-5235, 2711}, {127, 127, 127, 255} }},
	{{ {1871, 96, 10526}, 0, {-5235, 1576}, {127, 127, 127, 255} }},
	{{ {2546, 229, 10468}, 0, {-553, -695}, {255, 255, 255, 255} }},
	{{ {2546, 229, 10284}, 0, {2569, -695}, {255, 255, 255, 255} }},
	{{ {2546, 141, 10284}, 0, {2569, 798}, {0, 0, 0, 255} }},
	{{ {2546, 141, 10468}, 0, {-553, 798}, {0, 0, 0, 255} }},
	{{ {2546, 141, 10284}, 0, {6257, -553}, {0, 0, 0, 255} }},
	{{ {2363, 141, 10284}, 0, {3136, -553}, {0, 0, 0, 255} }},
	{{ {2363, 141, 10468}, 0, {3136, 2569}, {0, 0, 0, 255} }},
	{{ {2546, 141, 10468}, 0, {6257, 2569}, {0, 0, 0, 255} }},
	{{ {2363, 229, 10284}, 0, {2569, -695}, {255, 255, 255, 255} }},
	{{ {2363, 229, 10468}, 0, {-553, -695}, {255, 255, 255, 255} }},
	{{ {2363, 141, 10468}, 0, {-553, 798}, {0, 0, 0, 255} }},
	{{ {2363, 141, 10284}, 0, {2569, 798}, {0, 0, 0, 255} }},
	{{ {2363, 229, 10468}, 0, {3136, -695}, {255, 255, 255, 255} }},
	{{ {2546, 229, 10468}, 0, {6257, -695}, {255, 255, 255, 255} }},
	{{ {2546, 141, 10468}, 0, {6257, 798}, {0, 0, 0, 255} }},
	{{ {2363, 141, 10468}, 0, {3136, 798}, {0, 0, 0, 255} }},
	{{ {2546, 229, 10284}, 0, {6257, -695}, {255, 255, 255, 255} }},
	{{ {2363, 229, 10284}, 0, {3136, -695}, {255, 255, 255, 255} }},
	{{ {2363, 141, 10284}, 0, {3136, 798}, {0, 0, 0, 255} }},
	{{ {2546, 141, 10284}, 0, {6257, 798}, {0, 0, 0, 255} }},
	{{ {1938, 162, 10526}, 0, {-4100, 3562}, {255, 255, 255, 255} }},
	{{ {2004, 162, 10526}, 0, {-2965, 3562}, {142, 142, 142, 255} }},
	{{ {2004, 162, 10226}, 0, {-2965, -1546}, {142, 142, 142, 255} }},
	{{ {1938, 162, 10226}, 0, {-4100, -1546}, {255, 255, 255, 255} }},
	{{ {2304, 229, 10526}, 0, {2143, 3562}, {255, 255, 255, 255} }},
	{{ {2004, 229, 10226}, 0, {-2965, -1546}, {255, 255, 255, 255} }},
	{{ {2004, 229, 10526}, 0, {-2965, 3562}, {255, 255, 255, 255} }},
	{{ {2304, 229, 10226}, 0, {2143, -1546}, {255, 255, 255, 255} }},
	{{ {2363, 229, 10468}, 0, {3136, 2569}, {255, 255, 255, 255} }},
	{{ {2546, 229, 10468}, 0, {6257, 2569}, {255, 255, 255, 255} }},
	{{ {2604, 229, 10526}, 0, {7251, 3562}, {255, 255, 255, 255} }},
	{{ {2546, 229, 10284}, 0, {6257, -553}, {255, 255, 255, 255} }},
	{{ {2604, 229, 10226}, 0, {7251, -1546}, {255, 255, 255, 255} }},
	{{ {2363, 229, 10284}, 0, {3136, -553}, {255, 255, 255, 255} }},
	{{ {1938, 96, 10526}, 0, {-1546, 1576}, {68, 68, 68, 255} }},
	{{ {1938, 162, 10526}, 0, {-1546, 440}, {127, 127, 127, 255} }},
	{{ {1938, 162, 10226}, 0, {3562, 440}, {127, 127, 127, 255} }},
	{{ {1938, 96, 10226}, 0, {3562, 1576}, {68, 68, 68, 255} }},
	{{ {2004, 162, 10226}, 0, {3562, 440}, {68, 68, 68, 255} }},
	{{ {2004, 162, 10526}, 0, {-1546, 440}, {68, 68, 68, 255} }},
	{{ {2004, 229, 10526}, 0, {-1546, -695}, {127, 127, 127, 255} }},
	{{ {2004, 229, 10226}, 0, {3562, -695}, {127, 127, 127, 255} }},
	{{ {1871, 96, 10526}, 0, {-5235, 3562}, {255, 255, 255, 255} }},
	{{ {1938, 96, 10526}, 0, {-4100, 3562}, {142, 142, 142, 255} }},
	{{ {1938, 96, 10226}, 0, {-4100, -1546}, {142, 142, 142, 255} }},
	{{ {1871, 96, 10226}, 0, {-5235, -1546}, {255, 255, 255, 255} }},
	{{ {1871, 29, 10526}, 0, {-1546, 2711}, {127, 127, 127, 255} }},
	{{ {1871, 96, 10526}, 0, {-1546, 1576}, {127, 127, 127, 255} }},
	{{ {1871, 96, 10226}, 0, {3562, 1576}, {127, 127, 127, 255} }},
	{{ {1871, 29, 10226}, 0, {3562, 2711}, {127, 127, 127, 255} }},
	{{ {2304, 29, 10226}, 0, {2143, 2711}, {255, 255, 255, 255} }},
	{{ {2304, 229, 10226}, 0, {2143, -695}, {255, 255, 255, 255} }},
	{{ {2604, 229, 10226}, 0, {7251, -695}, {255, 255, 255, 255} }},
	{{ {2604, 29, 10226}, 0, {7251, 2711}, {255, 255, 255, 255} }},
};

Gfx pitstop_dl_vis_mesh_layer_1_tri_8[] = {
	gsSPVertex(pitstop_dl_vis_mesh_layer_1_vtx_8 + 0, 30, 0),
	gsSP2Triangles(0, 1, 2, 0, 0, 3, 1, 0),
	gsSP2Triangles(4, 1, 3, 0, 4, 3, 5, 0),
	gsSP2Triangles(6, 5, 3, 0, 6, 7, 5, 0),
	gsSP2Triangles(8, 9, 10, 0, 8, 10, 11, 0),
	gsSP2Triangles(12, 13, 14, 0, 12, 14, 15, 0),
	gsSP2Triangles(15, 14, 16, 0, 15, 16, 17, 0),
	gsSP2Triangles(15, 17, 18, 0, 15, 18, 19, 0),
	gsSP2Triangles(20, 15, 19, 0, 20, 19, 21, 0),
	gsSP2Triangles(22, 23, 24, 0, 22, 24, 25, 0),
	gsSP2Triangles(26, 27, 28, 0, 26, 28, 29, 0),
	gsSPVertex(pitstop_dl_vis_mesh_layer_1_vtx_8 + 30, 30, 0),
	gsSP2Triangles(0, 1, 2, 0, 0, 2, 3, 0),
	gsSP2Triangles(4, 5, 6, 0, 4, 6, 7, 0),
	gsSP2Triangles(8, 9, 10, 0, 8, 10, 11, 0),
	gsSP2Triangles(12, 13, 14, 0, 12, 14, 15, 0),
	gsSP2Triangles(16, 17, 18, 0, 16, 19, 17, 0),
	gsSP2Triangles(20, 19, 16, 0, 21, 20, 16, 0),
	gsSP2Triangles(21, 16, 22, 0, 23, 21, 22, 0),
	gsSP2Triangles(23, 22, 24, 0, 25, 23, 24, 0),
	gsSP2Triangles(25, 24, 19, 0, 20, 25, 19, 0),
	gsSP2Triangles(26, 27, 28, 0, 26, 28, 29, 0),
	gsSPVertex(pitstop_dl_vis_mesh_layer_1_vtx_8 + 60, 16, 0),
	gsSP2Triangles(0, 1, 2, 0, 0, 2, 3, 0),
	gsSP2Triangles(4, 5, 6, 0, 4, 6, 7, 0),
	gsSP2Triangles(8, 9, 10, 0, 8, 10, 11, 0),
	gsSP2Triangles(12, 13, 14, 0, 12, 14, 15, 0),
	gsSPEndDisplayList(),
};

Vtx pitstop_dl_vis_mesh_layer_1_vtx_9[16] = {
	{{ {1150, 66, 8042}, 0, {5742, 2033}, {255, 255, 255, 255} }},
	{{ {850, 66, 8042}, 0, {5742, -2023}, {255, 255, 255, 255} }},
	{{ {850, 66, 9562}, 0, {-4533, -2023}, {255, 255, 255, 255} }},
	{{ {1150, 66, 9562}, 0, {-4533, 2033}, {255, 255, 255, 255} }},
	{{ {2604, 66, 8042}, 0, {5742, 2033}, {255, 255, 255, 255} }},
	{{ {2304, 66, 8042}, 0, {5742, -2023}, {255, 255, 255, 255} }},
	{{ {2304, 66, 9562}, 0, {-4533, -2023}, {255, 255, 255, 255} }},
	{{ {2604, 66, 9562}, 0, {-4533, 2033}, {255, 255, 255, 255} }},
	{{ {-850, 66, 8042}, 0, {5742, 2033}, {255, 255, 255, 255} }},
	{{ {-1150, 66, 8042}, 0, {5742, -2023}, {255, 255, 255, 255} }},
	{{ {-1150, 66, 9562}, 0, {-4533, -2023}, {255, 255, 255, 255} }},
	{{ {-850, 66, 9562}, 0, {-4533, 2033}, {255, 255, 255, 255} }},
	{{ {-2304, 66, 8042}, 0, {5742, 2033}, {255, 255, 255, 255} }},
	{{ {-2604, 66, 8042}, 0, {5742, -2023}, {255, 255, 255, 255} }},
	{{ {-2604, 66, 9562}, 0, {-4533, -2023}, {255, 255, 255, 255} }},
	{{ {-2304, 66, 9562}, 0, {-4533, 2033}, {255, 255, 255, 255} }},
};

Gfx pitstop_dl_vis_mesh_layer_1_tri_9[] = {
	gsSPVertex(pitstop_dl_vis_mesh_layer_1_vtx_9 + 0, 16, 0),
	gsSP2Triangles(0, 1, 2, 0, 0, 2, 3, 0),
	gsSP2Triangles(4, 5, 6, 0, 4, 6, 7, 0),
	gsSP2Triangles(8, 9, 10, 0, 8, 10, 11, 0),
	gsSP2Triangles(12, 13, 14, 0, 12, 14, 15, 0),
	gsSPEndDisplayList(),
};

Vtx pitstop_dl_vis_mesh_layer_1_vtx_10[535] = {
	{{ {-67, 0, 5196}, 0, {51, 2003}, {181, 181, 181, 255} }},
	{{ {-67, 0, 5319}, 0, {933, 2003}, {181, 181, 181, 255} }},
	{{ {-67, 247, 5319}, 0, {933, 617}, {181, 181, 181, 255} }},
	{{ {-67, 275, 5247}, 0, {417, 462}, {181, 181, 181, 255} }},
	{{ {-67, 276, 5267}, 0, {558, 455}, {181, 181, 181, 255} }},
	{{ {-49, 287, 5268}, 0, {566, 397}, {181, 181, 181, 255} }},
	{{ {-49, 286, 5245}, 0, {402, 401}, {181, 181, 181, 255} }},
	{{ {-49, 297, 5230}, 0, {292, 336}, {181, 181, 181, 255} }},
	{{ {-49, 313, 5303}, 0, {817, 249}, {181, 181, 181, 255} }},
	{{ {-49, 295, 5290}, 0, {725, 348}, {181, 181, 181, 255} }},
	{{ {-49, 341, 5229}, 0, {288, 89}, {181, 181, 181, 255} }},
	{{ {-49, 345, 5279}, 0, {646, 70}, {181, 181, 181, 255} }},
	{{ {-49, 334, 5296}, 0, {764, 130}, {181, 181, 181, 255} }},
	{{ {-49, 349, 5254}, 0, {463, 49}, {181, 181, 181, 255} }},
	{{ {-67, 244, 5196}, 0, {51, 635}, {181, 181, 181, 255} }},
	{{ {-49, 345, 5279}, 0, {646, 70}, {181, 181, 181, 255} }},
	{{ {-14, 345, 5279}, 0, {646, 70}, {181, 181, 181, 255} }},
	{{ {-14, 349, 5254}, 0, {463, 49}, {181, 181, 181, 255} }},
	{{ {-49, 349, 5254}, 0, {463, 49}, {181, 181, 181, 255} }},
	{{ {4, 247, 5319}, 0, {933, 617}, {181, 181, 181, 255} }},
	{{ {4, 0, 5319}, 0, {933, 2003}, {181, 181, 181, 255} }},
	{{ {4, 0, 5196}, 0, {51, 2003}, {181, 181, 181, 255} }},
	{{ {4, 275, 5247}, 0, {417, 462}, {181, 181, 181, 255} }},
	{{ {4, 244, 5196}, 0, {51, 635}, {181, 181, 181, 255} }},
	{{ {4, 276, 5267}, 0, {558, 455}, {181, 181, 181, 255} }},
	{{ {-14, 286, 5245}, 0, {402, 401}, {181, 181, 181, 255} }},
	{{ {-14, 287, 5268}, 0, {566, 397}, {181, 181, 181, 255} }},
	{{ {-14, 295, 5290}, 0, {725, 348}, {181, 181, 181, 255} }},
	{{ {-14, 321, 5220}, 0, {222, 203}, {181, 181, 181, 255} }},
	{{ {-14, 297, 5230}, 0, {292, 336}, {181, 181, 181, 255} }},
	{{ {-49, 321, 5220}, 0, {222, 203}, {181, 181, 181, 255} }},
	{{ {-14, 334, 5296}, 0, {764, 130}, {181, 181, 181, 255} }},
	{{ {-14, 321, 5220}, 0, {222, 203}, {181, 181, 181, 255} }},
	{{ {-14, 349, 5254}, 0, {463, 49}, {181, 181, 181, 255} }},
	{{ {-14, 334, 5296}, 0, {764, 130}, {181, 181, 181, 255} }},
	{{ {-14, 341, 5229}, 0, {288, 89}, {181, 181, 181, 255} }},
	{{ {-14, 345, 5279}, 0, {646, 70}, {181, 181, 181, 255} }},
	{{ {-14, 313, 5303}, 0, {817, 249}, {181, 181, 181, 255} }},
	{{ {-14, 295, 5290}, 0, {725, 348}, {181, 181, 181, 255} }},
	{{ {-49, 334, 5296}, 0, {764, 130}, {181, 181, 181, 255} }},
	{{ {-14, 345, 5279}, 0, {646, 70}, {181, 181, 181, 255} }},
	{{ {-49, 345, 5279}, 0, {646, 70}, {181, 181, 181, 255} }},
	{{ {-67, 275, 5247}, 0, {-1, 1992}, {87, 87, 87, 255} }},
	{{ {4, 275, 5247}, 0, {187, 1992}, {87, 87, 87, 255} }},
	{{ {4, 244, 5196}, 0, {187, 619}, {181, 181, 181, 255} }},
	{{ {-67, 244, 5196}, 0, {-1, 619}, {181, 181, 181, 255} }},
	{{ {-49, 313, 5303}, 0, {817, 249}, {181, 181, 181, 255} }},
	{{ {-14, 313, 5303}, 0, {817, 249}, {181, 181, 181, 255} }},
	{{ {-14, 334, 5296}, 0, {764, 130}, {181, 181, 181, 255} }},
	{{ {-49, 334, 5296}, 0, {764, 130}, {181, 181, 181, 255} }},
	{{ {-49, 286, 5245}, 0, {402, 401}, {87, 87, 87, 255} }},
	{{ {-14, 286, 5245}, 0, {402, 401}, {87, 87, 87, 255} }},
	{{ {4, 275, 5247}, 0, {417, 462}, {87, 87, 87, 255} }},
	{{ {-67, 275, 5247}, 0, {417, 462}, {87, 87, 87, 255} }},
	{{ {-49, 295, 5290}, 0, {725, 348}, {181, 181, 181, 255} }},
	{{ {-14, 295, 5290}, 0, {725, 348}, {181, 181, 181, 255} }},
	{{ {-49, 313, 5303}, 0, {817, 249}, {181, 181, 181, 255} }},
	{{ {-49, 297, 5230}, 0, {292, 336}, {181, 181, 181, 255} }},
	{{ {-14, 297, 5230}, 0, {292, 336}, {181, 181, 181, 255} }},
	{{ {-14, 286, 5245}, 0, {402, 401}, {87, 87, 87, 255} }},
	{{ {-49, 286, 5245}, 0, {402, 401}, {87, 87, 87, 255} }},
	{{ {-49, 287, 5268}, 0, {566, 397}, {87, 87, 87, 255} }},
	{{ {-49, 295, 5290}, 0, {725, 348}, {181, 181, 181, 255} }},
	{{ {-14, 287, 5268}, 0, {566, 397}, {89, 89, 89, 255} }},
	{{ {-67, 276, 5267}, 0, {558, 455}, {87, 87, 87, 255} }},
	{{ {-14, 287, 5268}, 0, {566, 397}, {89, 89, 89, 255} }},
	{{ {-49, 287, 5268}, 0, {566, 397}, {87, 87, 87, 255} }},
	{{ {4, 276, 5267}, 0, {558, 455}, {87, 87, 87, 255} }},
	{{ {-49, 341, 5229}, 0, {288, 89}, {181, 181, 181, 255} }},
	{{ {-14, 341, 5229}, 0, {288, 89}, {181, 181, 181, 255} }},
	{{ {-14, 321, 5220}, 0, {222, 203}, {181, 181, 181, 255} }},
	{{ {-49, 321, 5220}, 0, {222, 203}, {181, 181, 181, 255} }},
	{{ {-67, 244, 5196}, 0, {-1, 1992}, {181, 181, 181, 255} }},
	{{ {4, 244, 5196}, 0, {187, 1992}, {181, 181, 181, 255} }},
	{{ {4, 0, 5196}, 0, {187, 619}, {181, 181, 181, 255} }},
	{{ {-67, 0, 5196}, 0, {-1, 619}, {181, 181, 181, 255} }},
	{{ {-67, 247, 5319}, 0, {-1, 1992}, {181, 181, 181, 255} }},
	{{ {4, 247, 5319}, 0, {187, 1992}, {181, 181, 181, 255} }},
	{{ {4, 276, 5267}, 0, {187, 619}, {87, 87, 87, 255} }},
	{{ {-67, 276, 5267}, 0, {-1, 619}, {87, 87, 87, 255} }},
	{{ {-49, 349, 5254}, 0, {463, 49}, {181, 181, 181, 255} }},
	{{ {-14, 349, 5254}, 0, {463, 49}, {181, 181, 181, 255} }},
	{{ {-49, 341, 5229}, 0, {288, 89}, {181, 181, 181, 255} }},
	{{ {-67, 0, 5319}, 0, {-1, 1992}, {181, 181, 181, 255} }},
	{{ {4, 0, 5319}, 0, {187, 1992}, {181, 181, 181, 255} }},
	{{ {4, 247, 5319}, 0, {187, 619}, {181, 181, 181, 255} }},
	{{ {-67, 247, 5319}, 0, {-1, 619}, {181, 181, 181, 255} }},
	{{ {-67, 0, 5996}, 0, {51, 2003}, {181, 181, 181, 255} }},
	{{ {-67, 0, 6119}, 0, {933, 2003}, {181, 181, 181, 255} }},
	{{ {-67, 247, 6119}, 0, {933, 617}, {181, 181, 181, 255} }},
	{{ {-67, 275, 6047}, 0, {417, 462}, {181, 181, 181, 255} }},
	{{ {-67, 276, 6067}, 0, {558, 455}, {181, 181, 181, 255} }},
	{{ {-49, 287, 6068}, 0, {566, 397}, {181, 181, 181, 255} }},
	{{ {-49, 286, 6045}, 0, {402, 401}, {181, 181, 181, 255} }},
	{{ {-49, 297, 6030}, 0, {292, 336}, {181, 181, 181, 255} }},
	{{ {-49, 313, 6103}, 0, {817, 249}, {181, 181, 181, 255} }},
	{{ {-49, 287, 6068}, 0, {566, 397}, {181, 181, 181, 255} }},
	{{ {-49, 295, 6090}, 0, {725, 348}, {181, 181, 181, 255} }},
	{{ {-49, 313, 6103}, 0, {817, 249}, {181, 181, 181, 255} }},
	{{ {-49, 341, 6029}, 0, {288, 89}, {181, 181, 181, 255} }},
	{{ {-49, 297, 6030}, 0, {292, 336}, {181, 181, 181, 255} }},
	{{ {-49, 345, 6079}, 0, {646, 70}, {181, 181, 181, 255} }},
	{{ {-49, 334, 6096}, 0, {764, 130}, {181, 181, 181, 255} }},
	{{ {-49, 349, 6054}, 0, {463, 49}, {181, 181, 181, 255} }},
	{{ {-67, 275, 6047}, 0, {417, 462}, {181, 181, 181, 255} }},
	{{ {-67, 244, 5996}, 0, {51, 635}, {181, 181, 181, 255} }},
	{{ {-67, 0, 5996}, 0, {51, 2003}, {181, 181, 181, 255} }},
	{{ {-49, 345, 6079}, 0, {646, 70}, {181, 181, 181, 255} }},
	{{ {-14, 345, 6079}, 0, {646, 70}, {181, 181, 181, 255} }},
	{{ {-14, 349, 6054}, 0, {463, 49}, {181, 181, 181, 255} }},
	{{ {-49, 349, 6054}, 0, {463, 49}, {181, 181, 181, 255} }},
	{{ {4, 247, 6119}, 0, {933, 617}, {181, 181, 181, 255} }},
	{{ {4, 0, 6119}, 0, {933, 2003}, {181, 181, 181, 255} }},
	{{ {4, 0, 5996}, 0, {51, 2003}, {181, 181, 181, 255} }},
	{{ {4, 275, 6047}, 0, {417, 462}, {181, 181, 181, 255} }},
	{{ {4, 244, 5996}, 0, {51, 635}, {181, 181, 181, 255} }},
	{{ {4, 276, 6067}, 0, {558, 455}, {181, 181, 181, 255} }},
	{{ {-14, 286, 6045}, 0, {402, 401}, {181, 181, 181, 255} }},
	{{ {-14, 287, 6068}, 0, {566, 397}, {181, 181, 181, 255} }},
	{{ {-14, 295, 6090}, 0, {725, 348}, {181, 181, 181, 255} }},
	{{ {-14, 321, 6020}, 0, {222, 203}, {181, 181, 181, 255} }},
	{{ {-14, 297, 6030}, 0, {292, 336}, {181, 181, 181, 255} }},
	{{ {-49, 321, 6020}, 0, {222, 203}, {181, 181, 181, 255} }},
	{{ {-14, 334, 6096}, 0, {764, 130}, {181, 181, 181, 255} }},
	{{ {-14, 349, 6054}, 0, {463, 49}, {181, 181, 181, 255} }},
	{{ {-14, 341, 6029}, 0, {288, 89}, {181, 181, 181, 255} }},
	{{ {-14, 313, 6103}, 0, {817, 249}, {181, 181, 181, 255} }},
	{{ {-49, 334, 6096}, 0, {764, 130}, {181, 181, 181, 255} }},
	{{ {-14, 334, 6096}, 0, {764, 130}, {181, 181, 181, 255} }},
	{{ {-14, 345, 6079}, 0, {646, 70}, {181, 181, 181, 255} }},
	{{ {-49, 345, 6079}, 0, {646, 70}, {181, 181, 181, 255} }},
	{{ {-67, 275, 6047}, 0, {-1, 1992}, {87, 87, 87, 255} }},
	{{ {4, 275, 6047}, 0, {187, 1992}, {87, 87, 87, 255} }},
	{{ {4, 244, 5996}, 0, {187, 619}, {181, 181, 181, 255} }},
	{{ {-67, 244, 5996}, 0, {-1, 619}, {181, 181, 181, 255} }},
	{{ {-49, 313, 6103}, 0, {817, 249}, {181, 181, 181, 255} }},
	{{ {-14, 313, 6103}, 0, {817, 249}, {181, 181, 181, 255} }},
	{{ {-14, 334, 6096}, 0, {764, 130}, {181, 181, 181, 255} }},
	{{ {-49, 334, 6096}, 0, {764, 130}, {181, 181, 181, 255} }},
	{{ {-49, 286, 6045}, 0, {402, 401}, {87, 87, 87, 255} }},
	{{ {-14, 286, 6045}, 0, {402, 401}, {87, 87, 87, 255} }},
	{{ {4, 275, 6047}, 0, {417, 462}, {87, 87, 87, 255} }},
	{{ {-67, 275, 6047}, 0, {417, 462}, {87, 87, 87, 255} }},
	{{ {-49, 295, 6090}, 0, {725, 348}, {181, 181, 181, 255} }},
	{{ {-14, 295, 6090}, 0, {725, 348}, {181, 181, 181, 255} }},
	{{ {-49, 313, 6103}, 0, {817, 249}, {181, 181, 181, 255} }},
	{{ {-49, 297, 6030}, 0, {292, 336}, {181, 181, 181, 255} }},
	{{ {-14, 297, 6030}, 0, {292, 336}, {181, 181, 181, 255} }},
	{{ {-14, 286, 6045}, 0, {402, 401}, {87, 87, 87, 255} }},
	{{ {-49, 286, 6045}, 0, {402, 401}, {87, 87, 87, 255} }},
	{{ {-49, 287, 6068}, 0, {566, 397}, {87, 87, 87, 255} }},
	{{ {-14, 295, 6090}, 0, {725, 348}, {181, 181, 181, 255} }},
	{{ {-49, 295, 6090}, 0, {725, 348}, {181, 181, 181, 255} }},
	{{ {-14, 287, 6068}, 0, {566, 397}, {89, 89, 89, 255} }},
	{{ {-67, 276, 6067}, 0, {558, 455}, {87, 87, 87, 255} }},
	{{ {4, 276, 6067}, 0, {558, 455}, {87, 87, 87, 255} }},
	{{ {-49, 341, 6029}, 0, {288, 89}, {181, 181, 181, 255} }},
	{{ {-14, 341, 6029}, 0, {288, 89}, {181, 181, 181, 255} }},
	{{ {-14, 321, 6020}, 0, {222, 203}, {181, 181, 181, 255} }},
	{{ {-49, 341, 6029}, 0, {288, 89}, {181, 181, 181, 255} }},
	{{ {-14, 321, 6020}, 0, {222, 203}, {181, 181, 181, 255} }},
	{{ {-49, 321, 6020}, 0, {222, 203}, {181, 181, 181, 255} }},
	{{ {-67, 244, 5996}, 0, {-1, 1992}, {181, 181, 181, 255} }},
	{{ {4, 244, 5996}, 0, {187, 1992}, {181, 181, 181, 255} }},
	{{ {4, 0, 5996}, 0, {187, 619}, {181, 181, 181, 255} }},
	{{ {-67, 0, 5996}, 0, {-1, 619}, {181, 181, 181, 255} }},
	{{ {-67, 247, 6119}, 0, {-1, 1992}, {181, 181, 181, 255} }},
	{{ {4, 247, 6119}, 0, {187, 1992}, {181, 181, 181, 255} }},
	{{ {4, 276, 6067}, 0, {187, 619}, {87, 87, 87, 255} }},
	{{ {-67, 276, 6067}, 0, {-1, 619}, {87, 87, 87, 255} }},
	{{ {-49, 349, 6054}, 0, {463, 49}, {181, 181, 181, 255} }},
	{{ {-14, 349, 6054}, 0, {463, 49}, {181, 181, 181, 255} }},
	{{ {-14, 341, 6029}, 0, {288, 89}, {181, 181, 181, 255} }},
	{{ {-49, 341, 6029}, 0, {288, 89}, {181, 181, 181, 255} }},
	{{ {-67, 0, 6119}, 0, {-1, 1992}, {181, 181, 181, 255} }},
	{{ {4, 0, 6119}, 0, {187, 1992}, {181, 181, 181, 255} }},
	{{ {4, 247, 6119}, 0, {187, 619}, {181, 181, 181, 255} }},
	{{ {-67, 247, 6119}, 0, {-1, 619}, {181, 181, 181, 255} }},
	{{ {-1932, 0, 5196}, 0, {51, 2003}, {181, 181, 181, 255} }},
	{{ {-1932, 0, 5319}, 0, {933, 2003}, {181, 181, 181, 255} }},
	{{ {-1932, 247, 5319}, 0, {933, 617}, {181, 181, 181, 255} }},
	{{ {-1932, 275, 5247}, 0, {417, 462}, {181, 181, 181, 255} }},
	{{ {-1932, 276, 5267}, 0, {558, 455}, {181, 181, 181, 255} }},
	{{ {-1914, 287, 5268}, 0, {566, 397}, {181, 181, 181, 255} }},
	{{ {-1914, 286, 5245}, 0, {402, 401}, {181, 181, 181, 255} }},
	{{ {-1914, 297, 5230}, 0, {292, 336}, {181, 181, 181, 255} }},
	{{ {-1914, 313, 5303}, 0, {817, 249}, {181, 181, 181, 255} }},
	{{ {-1914, 295, 5290}, 0, {725, 348}, {181, 181, 181, 255} }},
	{{ {-1914, 341, 5229}, 0, {288, 89}, {181, 181, 181, 255} }},
	{{ {-1914, 345, 5279}, 0, {646, 70}, {181, 181, 181, 255} }},
	{{ {-1914, 334, 5296}, 0, {764, 130}, {181, 181, 181, 255} }},
	{{ {-1914, 345, 5279}, 0, {646, 70}, {181, 181, 181, 255} }},
	{{ {-1914, 349, 5254}, 0, {463, 49}, {181, 181, 181, 255} }},
	{{ {-1914, 341, 5229}, 0, {288, 89}, {181, 181, 181, 255} }},
	{{ {-1932, 275, 5247}, 0, {417, 462}, {181, 181, 181, 255} }},
	{{ {-1932, 244, 5196}, 0, {51, 635}, {181, 181, 181, 255} }},
	{{ {-1932, 0, 5196}, 0, {51, 2003}, {181, 181, 181, 255} }},
	{{ {-1914, 345, 5279}, 0, {646, 70}, {181, 181, 181, 255} }},
	{{ {-1879, 345, 5279}, 0, {646, 70}, {181, 181, 181, 255} }},
	{{ {-1879, 349, 5254}, 0, {463, 49}, {181, 181, 181, 255} }},
	{{ {-1914, 349, 5254}, 0, {463, 49}, {181, 181, 181, 255} }},
	{{ {-1861, 247, 5319}, 0, {933, 617}, {181, 181, 181, 255} }},
	{{ {-1861, 0, 5319}, 0, {933, 2003}, {181, 181, 181, 255} }},
	{{ {-1861, 0, 5196}, 0, {51, 2003}, {181, 181, 181, 255} }},
	{{ {-1861, 275, 5247}, 0, {417, 462}, {181, 181, 181, 255} }},
	{{ {-1861, 244, 5196}, 0, {51, 635}, {181, 181, 181, 255} }},
	{{ {-1861, 276, 5267}, 0, {558, 455}, {181, 181, 181, 255} }},
	{{ {-1879, 286, 5245}, 0, {402, 401}, {181, 181, 181, 255} }},
	{{ {-1879, 287, 5268}, 0, {566, 397}, {181, 181, 181, 255} }},
	{{ {-1879, 295, 5290}, 0, {725, 348}, {181, 181, 181, 255} }},
	{{ {-1879, 321, 5220}, 0, {222, 203}, {181, 181, 181, 255} }},
	{{ {-1879, 297, 5230}, 0, {292, 336}, {181, 181, 181, 255} }},
	{{ {-1914, 321, 5220}, 0, {222, 203}, {181, 181, 181, 255} }},
	{{ {-1914, 297, 5230}, 0, {292, 336}, {181, 181, 181, 255} }},
	{{ {-1879, 334, 5296}, 0, {764, 130}, {181, 181, 181, 255} }},
	{{ {-1879, 349, 5254}, 0, {463, 49}, {181, 181, 181, 255} }},
	{{ {-1879, 341, 5229}, 0, {288, 89}, {181, 181, 181, 255} }},
	{{ {-1879, 313, 5303}, 0, {817, 249}, {181, 181, 181, 255} }},
	{{ {-1914, 334, 5296}, 0, {764, 130}, {181, 181, 181, 255} }},
	{{ {-1879, 345, 5279}, 0, {646, 70}, {181, 181, 181, 255} }},
	{{ {-1914, 345, 5279}, 0, {646, 70}, {181, 181, 181, 255} }},
	{{ {-1932, 275, 5247}, 0, {-1, 1992}, {87, 87, 87, 255} }},
	{{ {-1861, 275, 5247}, 0, {187, 1992}, {87, 87, 87, 255} }},
	{{ {-1861, 244, 5196}, 0, {187, 619}, {181, 181, 181, 255} }},
	{{ {-1932, 244, 5196}, 0, {-1, 619}, {181, 181, 181, 255} }},
	{{ {-1914, 313, 5303}, 0, {817, 249}, {181, 181, 181, 255} }},
	{{ {-1879, 313, 5303}, 0, {817, 249}, {181, 181, 181, 255} }},
	{{ {-1879, 334, 5296}, 0, {764, 130}, {181, 181, 181, 255} }},
	{{ {-1914, 334, 5296}, 0, {764, 130}, {181, 181, 181, 255} }},
	{{ {-1914, 286, 5245}, 0, {402, 401}, {87, 87, 87, 255} }},
	{{ {-1879, 286, 5245}, 0, {402, 401}, {87, 87, 87, 255} }},
	{{ {-1861, 275, 5247}, 0, {417, 462}, {87, 87, 87, 255} }},
	{{ {-1932, 275, 5247}, 0, {417, 462}, {87, 87, 87, 255} }},
	{{ {-1914, 295, 5290}, 0, {725, 348}, {181, 181, 181, 255} }},
	{{ {-1879, 295, 5290}, 0, {725, 348}, {181, 181, 181, 255} }},
	{{ {-1914, 313, 5303}, 0, {817, 249}, {181, 181, 181, 255} }},
	{{ {-1914, 297, 5230}, 0, {292, 336}, {181, 181, 181, 255} }},
	{{ {-1879, 297, 5230}, 0, {292, 336}, {181, 181, 181, 255} }},
	{{ {-1879, 286, 5245}, 0, {402, 401}, {87, 87, 87, 255} }},
	{{ {-1914, 286, 5245}, 0, {402, 401}, {87, 87, 87, 255} }},
	{{ {-1914, 287, 5268}, 0, {566, 397}, {87, 87, 87, 255} }},
	{{ {-1879, 295, 5290}, 0, {725, 348}, {181, 181, 181, 255} }},
	{{ {-1914, 295, 5290}, 0, {725, 348}, {181, 181, 181, 255} }},
	{{ {-1879, 287, 5268}, 0, {566, 397}, {89, 89, 89, 255} }},
	{{ {-1932, 276, 5267}, 0, {558, 455}, {87, 87, 87, 255} }},
	{{ {-1861, 276, 5267}, 0, {558, 455}, {87, 87, 87, 255} }},
	{{ {-1914, 341, 5229}, 0, {288, 89}, {181, 181, 181, 255} }},
	{{ {-1879, 341, 5229}, 0, {288, 89}, {181, 181, 181, 255} }},
	{{ {-1879, 321, 5220}, 0, {222, 203}, {181, 181, 181, 255} }},
	{{ {-1914, 321, 5220}, 0, {222, 203}, {181, 181, 181, 255} }},
	{{ {-1932, 244, 5196}, 0, {-1, 1992}, {181, 181, 181, 255} }},
	{{ {-1861, 244, 5196}, 0, {187, 1992}, {181, 181, 181, 255} }},
	{{ {-1861, 0, 5196}, 0, {187, 619}, {181, 181, 181, 255} }},
	{{ {-1932, 244, 5196}, 0, {-1, 1992}, {181, 181, 181, 255} }},
	{{ {-1861, 0, 5196}, 0, {187, 619}, {181, 181, 181, 255} }},
	{{ {-1932, 0, 5196}, 0, {-1, 619}, {181, 181, 181, 255} }},
	{{ {-1932, 247, 5319}, 0, {-1, 1992}, {181, 181, 181, 255} }},
	{{ {-1861, 247, 5319}, 0, {187, 1992}, {181, 181, 181, 255} }},
	{{ {-1861, 276, 5267}, 0, {187, 619}, {87, 87, 87, 255} }},
	{{ {-1932, 276, 5267}, 0, {-1, 619}, {87, 87, 87, 255} }},
	{{ {-1914, 349, 5254}, 0, {463, 49}, {181, 181, 181, 255} }},
	{{ {-1879, 349, 5254}, 0, {463, 49}, {181, 181, 181, 255} }},
	{{ {-1879, 341, 5229}, 0, {288, 89}, {181, 181, 181, 255} }},
	{{ {-1914, 341, 5229}, 0, {288, 89}, {181, 181, 181, 255} }},
	{{ {-1932, 0, 5319}, 0, {-1, 1992}, {181, 181, 181, 255} }},
	{{ {-1861, 0, 5319}, 0, {187, 1992}, {181, 181, 181, 255} }},
	{{ {-1861, 247, 5319}, 0, {187, 619}, {181, 181, 181, 255} }},
	{{ {-1932, 247, 5319}, 0, {-1, 619}, {181, 181, 181, 255} }},
	{{ {-1932, 0, 5996}, 0, {51, 2003}, {181, 181, 181, 255} }},
	{{ {-1932, 0, 6119}, 0, {933, 2003}, {181, 181, 181, 255} }},
	{{ {-1932, 247, 6119}, 0, {933, 617}, {181, 181, 181, 255} }},
	{{ {-1932, 275, 6047}, 0, {417, 462}, {181, 181, 181, 255} }},
	{{ {-1932, 276, 6067}, 0, {558, 455}, {181, 181, 181, 255} }},
	{{ {-1914, 287, 6068}, 0, {566, 397}, {181, 181, 181, 255} }},
	{{ {-1914, 286, 6045}, 0, {402, 401}, {181, 181, 181, 255} }},
	{{ {-1914, 297, 6030}, 0, {292, 336}, {181, 181, 181, 255} }},
	{{ {-1914, 313, 6103}, 0, {817, 249}, {181, 181, 181, 255} }},
	{{ {-1914, 295, 6090}, 0, {725, 348}, {181, 181, 181, 255} }},
	{{ {-1914, 341, 6029}, 0, {288, 89}, {181, 181, 181, 255} }},
	{{ {-1914, 345, 6079}, 0, {646, 70}, {181, 181, 181, 255} }},
	{{ {-1914, 334, 6096}, 0, {764, 130}, {181, 181, 181, 255} }},
	{{ {-1914, 349, 6054}, 0, {463, 49}, {181, 181, 181, 255} }},
	{{ {-1932, 244, 5996}, 0, {51, 635}, {181, 181, 181, 255} }},
	{{ {-1914, 345, 6079}, 0, {646, 70}, {181, 181, 181, 255} }},
	{{ {-1879, 345, 6079}, 0, {646, 70}, {181, 181, 181, 255} }},
	{{ {-1879, 349, 6054}, 0, {463, 49}, {181, 181, 181, 255} }},
	{{ {-1914, 349, 6054}, 0, {463, 49}, {181, 181, 181, 255} }},
	{{ {-1861, 247, 6119}, 0, {933, 617}, {181, 181, 181, 255} }},
	{{ {-1861, 0, 6119}, 0, {933, 2003}, {181, 181, 181, 255} }},
	{{ {-1861, 0, 5996}, 0, {51, 2003}, {181, 181, 181, 255} }},
	{{ {-1861, 275, 6047}, 0, {417, 462}, {181, 181, 181, 255} }},
	{{ {-1861, 244, 5996}, 0, {51, 635}, {181, 181, 181, 255} }},
	{{ {-1861, 276, 6067}, 0, {558, 455}, {181, 181, 181, 255} }},
	{{ {-1879, 286, 6045}, 0, {402, 401}, {181, 181, 181, 255} }},
	{{ {-1879, 287, 6068}, 0, {566, 397}, {181, 181, 181, 255} }},
	{{ {-1879, 295, 6090}, 0, {725, 348}, {181, 181, 181, 255} }},
	{{ {-1879, 321, 6020}, 0, {222, 203}, {181, 181, 181, 255} }},
	{{ {-1879, 297, 6030}, 0, {292, 336}, {181, 181, 181, 255} }},
	{{ {-1914, 321, 6020}, 0, {222, 203}, {181, 181, 181, 255} }},
	{{ {-1914, 297, 6030}, 0, {292, 336}, {181, 181, 181, 255} }},
	{{ {-1914, 341, 6029}, 0, {288, 89}, {181, 181, 181, 255} }},
	{{ {-1879, 334, 6096}, 0, {764, 130}, {181, 181, 181, 255} }},
	{{ {-1879, 349, 6054}, 0, {463, 49}, {181, 181, 181, 255} }},
	{{ {-1879, 341, 6029}, 0, {288, 89}, {181, 181, 181, 255} }},
	{{ {-1879, 313, 6103}, 0, {817, 249}, {181, 181, 181, 255} }},
	{{ {-1914, 334, 6096}, 0, {764, 130}, {181, 181, 181, 255} }},
	{{ {-1879, 345, 6079}, 0, {646, 70}, {181, 181, 181, 255} }},
	{{ {-1914, 345, 6079}, 0, {646, 70}, {181, 181, 181, 255} }},
	{{ {-1932, 275, 6047}, 0, {-1, 1992}, {87, 87, 87, 255} }},
	{{ {-1861, 275, 6047}, 0, {187, 1992}, {87, 87, 87, 255} }},
	{{ {-1861, 244, 5996}, 0, {187, 619}, {181, 181, 181, 255} }},
	{{ {-1932, 244, 5996}, 0, {-1, 619}, {181, 181, 181, 255} }},
	{{ {-1914, 313, 6103}, 0, {817, 249}, {181, 181, 181, 255} }},
	{{ {-1879, 313, 6103}, 0, {817, 249}, {181, 181, 181, 255} }},
	{{ {-1879, 334, 6096}, 0, {764, 130}, {181, 181, 181, 255} }},
	{{ {-1914, 313, 6103}, 0, {817, 249}, {181, 181, 181, 255} }},
	{{ {-1879, 334, 6096}, 0, {764, 130}, {181, 181, 181, 255} }},
	{{ {-1914, 334, 6096}, 0, {764, 130}, {181, 181, 181, 255} }},
	{{ {-1914, 286, 6045}, 0, {402, 401}, {87, 87, 87, 255} }},
	{{ {-1879, 286, 6045}, 0, {402, 401}, {87, 87, 87, 255} }},
	{{ {-1861, 275, 6047}, 0, {417, 462}, {87, 87, 87, 255} }},
	{{ {-1932, 275, 6047}, 0, {417, 462}, {87, 87, 87, 255} }},
	{{ {-1914, 295, 6090}, 0, {725, 348}, {181, 181, 181, 255} }},
	{{ {-1879, 295, 6090}, 0, {725, 348}, {181, 181, 181, 255} }},
	{{ {-1879, 313, 6103}, 0, {817, 249}, {181, 181, 181, 255} }},
	{{ {-1914, 313, 6103}, 0, {817, 249}, {181, 181, 181, 255} }},
	{{ {-1914, 297, 6030}, 0, {292, 336}, {181, 181, 181, 255} }},
	{{ {-1879, 297, 6030}, 0, {292, 336}, {181, 181, 181, 255} }},
	{{ {-1879, 286, 6045}, 0, {402, 401}, {87, 87, 87, 255} }},
	{{ {-1914, 286, 6045}, 0, {402, 401}, {87, 87, 87, 255} }},
	{{ {-1914, 287, 6068}, 0, {566, 397}, {87, 87, 87, 255} }},
	{{ {-1879, 295, 6090}, 0, {725, 348}, {181, 181, 181, 255} }},
	{{ {-1914, 295, 6090}, 0, {725, 348}, {181, 181, 181, 255} }},
	{{ {-1879, 287, 6068}, 0, {566, 397}, {89, 89, 89, 255} }},
	{{ {-1932, 276, 6067}, 0, {558, 455}, {87, 87, 87, 255} }},
	{{ {-1861, 276, 6067}, 0, {558, 455}, {87, 87, 87, 255} }},
	{{ {-1914, 341, 6029}, 0, {288, 89}, {181, 181, 181, 255} }},
	{{ {-1879, 341, 6029}, 0, {288, 89}, {181, 181, 181, 255} }},
	{{ {-1879, 321, 6020}, 0, {222, 203}, {181, 181, 181, 255} }},
	{{ {-1914, 321, 6020}, 0, {222, 203}, {181, 181, 181, 255} }},
	{{ {-1932, 244, 5996}, 0, {-1, 1992}, {181, 181, 181, 255} }},
	{{ {-1861, 244, 5996}, 0, {187, 1992}, {181, 181, 181, 255} }},
	{{ {-1861, 0, 5996}, 0, {187, 619}, {181, 181, 181, 255} }},
	{{ {-1932, 0, 5996}, 0, {-1, 619}, {181, 181, 181, 255} }},
	{{ {-1932, 247, 6119}, 0, {-1, 1992}, {181, 181, 181, 255} }},
	{{ {-1861, 247, 6119}, 0, {187, 1992}, {181, 181, 181, 255} }},
	{{ {-1861, 276, 6067}, 0, {187, 619}, {87, 87, 87, 255} }},
	{{ {-1932, 247, 6119}, 0, {-1, 1992}, {181, 181, 181, 255} }},
	{{ {-1861, 276, 6067}, 0, {187, 619}, {87, 87, 87, 255} }},
	{{ {-1932, 276, 6067}, 0, {-1, 619}, {87, 87, 87, 255} }},
	{{ {-1914, 349, 6054}, 0, {463, 49}, {181, 181, 181, 255} }},
	{{ {-1879, 349, 6054}, 0, {463, 49}, {181, 181, 181, 255} }},
	{{ {-1879, 341, 6029}, 0, {288, 89}, {181, 181, 181, 255} }},
	{{ {-1914, 341, 6029}, 0, {288, 89}, {181, 181, 181, 255} }},
	{{ {-1932, 0, 6119}, 0, {-1, 1992}, {181, 181, 181, 255} }},
	{{ {-1861, 0, 6119}, 0, {187, 1992}, {181, 181, 181, 255} }},
	{{ {-1861, 247, 6119}, 0, {187, 619}, {181, 181, 181, 255} }},
	{{ {-1932, 247, 6119}, 0, {-1, 619}, {181, 181, 181, 255} }},
	{{ {1861, 0, 5196}, 0, {51, 2003}, {181, 181, 181, 255} }},
	{{ {1861, 0, 5319}, 0, {933, 2003}, {181, 181, 181, 255} }},
	{{ {1861, 247, 5319}, 0, {933, 617}, {181, 181, 181, 255} }},
	{{ {1861, 275, 5247}, 0, {417, 462}, {181, 181, 181, 255} }},
	{{ {1861, 276, 5267}, 0, {558, 455}, {181, 181, 181, 255} }},
	{{ {1879, 287, 5268}, 0, {566, 397}, {181, 181, 181, 255} }},
	{{ {1879, 286, 5245}, 0, {402, 401}, {181, 181, 181, 255} }},
	{{ {1879, 297, 5230}, 0, {292, 336}, {181, 181, 181, 255} }},
	{{ {1879, 313, 5303}, 0, {817, 249}, {181, 181, 181, 255} }},
	{{ {1879, 295, 5290}, 0, {725, 348}, {181, 181, 181, 255} }},
	{{ {1879, 341, 5229}, 0, {288, 89}, {181, 181, 181, 255} }},
	{{ {1879, 345, 5279}, 0, {646, 70}, {181, 181, 181, 255} }},
	{{ {1879, 334, 5296}, 0, {764, 130}, {181, 181, 181, 255} }},
	{{ {1879, 349, 5254}, 0, {463, 49}, {181, 181, 181, 255} }},
	{{ {1861, 244, 5196}, 0, {51, 635}, {181, 181, 181, 255} }},
	{{ {1879, 345, 5279}, 0, {646, 70}, {181, 181, 181, 255} }},
	{{ {1914, 345, 5279}, 0, {646, 70}, {181, 181, 181, 255} }},
	{{ {1914, 349, 5254}, 0, {463, 49}, {181, 181, 181, 255} }},
	{{ {1879, 349, 5254}, 0, {463, 49}, {181, 181, 181, 255} }},
	{{ {1932, 247, 5319}, 0, {933, 617}, {181, 181, 181, 255} }},
	{{ {1932, 0, 5319}, 0, {933, 2003}, {181, 181, 181, 255} }},
	{{ {1932, 0, 5196}, 0, {51, 2003}, {181, 181, 181, 255} }},
	{{ {1932, 275, 5247}, 0, {417, 462}, {181, 181, 181, 255} }},
	{{ {1932, 244, 5196}, 0, {51, 635}, {181, 181, 181, 255} }},
	{{ {1932, 276, 5267}, 0, {558, 455}, {181, 181, 181, 255} }},
	{{ {1914, 286, 5245}, 0, {402, 401}, {181, 181, 181, 255} }},
	{{ {1914, 287, 5268}, 0, {566, 397}, {181, 181, 181, 255} }},
	{{ {1914, 295, 5290}, 0, {725, 348}, {181, 181, 181, 255} }},
	{{ {1914, 321, 5220}, 0, {222, 203}, {181, 181, 181, 255} }},
	{{ {1914, 297, 5230}, 0, {292, 336}, {181, 181, 181, 255} }},
	{{ {1879, 321, 5220}, 0, {222, 203}, {181, 181, 181, 255} }},
	{{ {1879, 297, 5230}, 0, {292, 336}, {181, 181, 181, 255} }},
	{{ {1879, 341, 5229}, 0, {288, 89}, {181, 181, 181, 255} }},
	{{ {1914, 334, 5296}, 0, {764, 130}, {181, 181, 181, 255} }},
	{{ {1914, 349, 5254}, 0, {463, 49}, {181, 181, 181, 255} }},
	{{ {1914, 341, 5229}, 0, {288, 89}, {181, 181, 181, 255} }},
	{{ {1914, 345, 5279}, 0, {646, 70}, {181, 181, 181, 255} }},
	{{ {1914, 313, 5303}, 0, {817, 249}, {181, 181, 181, 255} }},
	{{ {1879, 334, 5296}, 0, {764, 130}, {181, 181, 181, 255} }},
	{{ {1914, 345, 5279}, 0, {646, 70}, {181, 181, 181, 255} }},
	{{ {1879, 345, 5279}, 0, {646, 70}, {181, 181, 181, 255} }},
	{{ {1861, 275, 5247}, 0, {-1, 1992}, {87, 87, 87, 255} }},
	{{ {1932, 275, 5247}, 0, {187, 1992}, {87, 87, 87, 255} }},
	{{ {1932, 244, 5196}, 0, {187, 619}, {181, 181, 181, 255} }},
	{{ {1861, 244, 5196}, 0, {-1, 619}, {181, 181, 181, 255} }},
	{{ {1879, 313, 5303}, 0, {817, 249}, {181, 181, 181, 255} }},
	{{ {1914, 313, 5303}, 0, {817, 249}, {181, 181, 181, 255} }},
	{{ {1914, 334, 5296}, 0, {764, 130}, {181, 181, 181, 255} }},
	{{ {1879, 334, 5296}, 0, {764, 130}, {181, 181, 181, 255} }},
	{{ {1879, 286, 5245}, 0, {402, 401}, {87, 87, 87, 255} }},
	{{ {1914, 286, 5245}, 0, {402, 401}, {87, 87, 87, 255} }},
	{{ {1932, 275, 5247}, 0, {417, 462}, {87, 87, 87, 255} }},
	{{ {1861, 275, 5247}, 0, {417, 462}, {87, 87, 87, 255} }},
	{{ {1879, 295, 5290}, 0, {725, 348}, {181, 181, 181, 255} }},
	{{ {1914, 295, 5290}, 0, {725, 348}, {181, 181, 181, 255} }},
	{{ {1914, 313, 5303}, 0, {817, 249}, {181, 181, 181, 255} }},
	{{ {1879, 313, 5303}, 0, {817, 249}, {181, 181, 181, 255} }},
	{{ {1879, 297, 5230}, 0, {292, 336}, {181, 181, 181, 255} }},
	{{ {1914, 297, 5230}, 0, {292, 336}, {181, 181, 181, 255} }},
	{{ {1914, 286, 5245}, 0, {402, 401}, {87, 87, 87, 255} }},
	{{ {1879, 286, 5245}, 0, {402, 401}, {87, 87, 87, 255} }},
	{{ {1879, 287, 5268}, 0, {566, 397}, {87, 87, 87, 255} }},
	{{ {1914, 295, 5290}, 0, {725, 348}, {181, 181, 181, 255} }},
	{{ {1879, 295, 5290}, 0, {725, 348}, {181, 181, 181, 255} }},
	{{ {1914, 287, 5268}, 0, {566, 397}, {89, 89, 89, 255} }},
	{{ {1861, 276, 5267}, 0, {558, 455}, {87, 87, 87, 255} }},
	{{ {1932, 276, 5267}, 0, {558, 455}, {87, 87, 87, 255} }},
	{{ {1879, 341, 5229}, 0, {288, 89}, {181, 181, 181, 255} }},
	{{ {1914, 341, 5229}, 0, {288, 89}, {181, 181, 181, 255} }},
	{{ {1914, 321, 5220}, 0, {222, 203}, {181, 181, 181, 255} }},
	{{ {1879, 321, 5220}, 0, {222, 203}, {181, 181, 181, 255} }},
	{{ {1861, 244, 5196}, 0, {-1, 1992}, {181, 181, 181, 255} }},
	{{ {1932, 244, 5196}, 0, {187, 1992}, {181, 181, 181, 255} }},
	{{ {1932, 0, 5196}, 0, {187, 619}, {181, 181, 181, 255} }},
	{{ {1861, 0, 5196}, 0, {-1, 619}, {181, 181, 181, 255} }},
	{{ {1861, 247, 5319}, 0, {-1, 1992}, {181, 181, 181, 255} }},
	{{ {1932, 247, 5319}, 0, {187, 1992}, {181, 181, 181, 255} }},
	{{ {1932, 276, 5267}, 0, {187, 619}, {87, 87, 87, 255} }},
	{{ {1861, 276, 5267}, 0, {-1, 619}, {87, 87, 87, 255} }},
	{{ {1879, 349, 5254}, 0, {463, 49}, {181, 181, 181, 255} }},
	{{ {1914, 349, 5254}, 0, {463, 49}, {181, 181, 181, 255} }},
	{{ {1879, 349, 5254}, 0, {463, 49}, {181, 181, 181, 255} }},
	{{ {1914, 341, 5229}, 0, {288, 89}, {181, 181, 181, 255} }},
	{{ {1879, 341, 5229}, 0, {288, 89}, {181, 181, 181, 255} }},
	{{ {1861, 0, 5319}, 0, {-1, 1992}, {181, 181, 181, 255} }},
	{{ {1932, 0, 5319}, 0, {187, 1992}, {181, 181, 181, 255} }},
	{{ {1932, 247, 5319}, 0, {187, 619}, {181, 181, 181, 255} }},
	{{ {1861, 247, 5319}, 0, {-1, 619}, {181, 181, 181, 255} }},
	{{ {1861, 0, 5996}, 0, {51, 2003}, {181, 181, 181, 255} }},
	{{ {1861, 0, 6119}, 0, {933, 2003}, {181, 181, 181, 255} }},
	{{ {1861, 247, 6119}, 0, {933, 617}, {181, 181, 181, 255} }},
	{{ {1861, 275, 6047}, 0, {417, 462}, {181, 181, 181, 255} }},
	{{ {1861, 276, 6067}, 0, {558, 455}, {181, 181, 181, 255} }},
	{{ {1879, 287, 6068}, 0, {566, 397}, {181, 181, 181, 255} }},
	{{ {1879, 286, 6045}, 0, {402, 401}, {181, 181, 181, 255} }},
	{{ {1879, 297, 6030}, 0, {292, 336}, {181, 181, 181, 255} }},
	{{ {1879, 313, 6103}, 0, {817, 249}, {181, 181, 181, 255} }},
	{{ {1879, 295, 6090}, 0, {725, 348}, {181, 181, 181, 255} }},
	{{ {1879, 341, 6029}, 0, {288, 89}, {181, 181, 181, 255} }},
	{{ {1879, 345, 6079}, 0, {646, 70}, {181, 181, 181, 255} }},
	{{ {1879, 334, 6096}, 0, {764, 130}, {181, 181, 181, 255} }},
	{{ {1879, 349, 6054}, 0, {463, 49}, {181, 181, 181, 255} }},
	{{ {1861, 244, 5996}, 0, {51, 635}, {181, 181, 181, 255} }},
	{{ {1879, 345, 6079}, 0, {646, 70}, {181, 181, 181, 255} }},
	{{ {1914, 345, 6079}, 0, {646, 70}, {181, 181, 181, 255} }},
	{{ {1914, 349, 6054}, 0, {463, 49}, {181, 181, 181, 255} }},
	{{ {1879, 349, 6054}, 0, {463, 49}, {181, 181, 181, 255} }},
	{{ {1932, 247, 6119}, 0, {933, 617}, {181, 181, 181, 255} }},
	{{ {1932, 0, 6119}, 0, {933, 2003}, {181, 181, 181, 255} }},
	{{ {1932, 0, 5996}, 0, {51, 2003}, {181, 181, 181, 255} }},
	{{ {1932, 275, 6047}, 0, {417, 462}, {181, 181, 181, 255} }},
	{{ {1932, 244, 5996}, 0, {51, 635}, {181, 181, 181, 255} }},
	{{ {1932, 276, 6067}, 0, {558, 455}, {181, 181, 181, 255} }},
	{{ {1932, 276, 6067}, 0, {558, 455}, {181, 181, 181, 255} }},
	{{ {1932, 275, 6047}, 0, {417, 462}, {181, 181, 181, 255} }},
	{{ {1914, 286, 6045}, 0, {402, 401}, {181, 181, 181, 255} }},
	{{ {1914, 287, 6068}, 0, {566, 397}, {181, 181, 181, 255} }},
	{{ {1914, 295, 6090}, 0, {725, 348}, {181, 181, 181, 255} }},
	{{ {1914, 321, 6020}, 0, {222, 203}, {181, 181, 181, 255} }},
	{{ {1914, 297, 6030}, 0, {292, 336}, {181, 181, 181, 255} }},
	{{ {1879, 321, 6020}, 0, {222, 203}, {181, 181, 181, 255} }},
	{{ {1879, 297, 6030}, 0, {292, 336}, {181, 181, 181, 255} }},
	{{ {1879, 341, 6029}, 0, {288, 89}, {181, 181, 181, 255} }},
	{{ {1914, 334, 6096}, 0, {764, 130}, {181, 181, 181, 255} }},
	{{ {1914, 349, 6054}, 0, {463, 49}, {181, 181, 181, 255} }},
	{{ {1914, 341, 6029}, 0, {288, 89}, {181, 181, 181, 255} }},
	{{ {1914, 345, 6079}, 0, {646, 70}, {181, 181, 181, 255} }},
	{{ {1914, 313, 6103}, 0, {817, 249}, {181, 181, 181, 255} }},
	{{ {1879, 334, 6096}, 0, {764, 130}, {181, 181, 181, 255} }},
	{{ {1914, 345, 6079}, 0, {646, 70}, {181, 181, 181, 255} }},
	{{ {1879, 345, 6079}, 0, {646, 70}, {181, 181, 181, 255} }},
	{{ {1861, 275, 6047}, 0, {-1, 1992}, {87, 87, 87, 255} }},
	{{ {1932, 275, 6047}, 0, {187, 1992}, {87, 87, 87, 255} }},
	{{ {1932, 244, 5996}, 0, {187, 619}, {181, 181, 181, 255} }},
	{{ {1861, 244, 5996}, 0, {-1, 619}, {181, 181, 181, 255} }},
	{{ {1879, 313, 6103}, 0, {817, 249}, {181, 181, 181, 255} }},
	{{ {1914, 313, 6103}, 0, {817, 249}, {181, 181, 181, 255} }},
	{{ {1914, 334, 6096}, 0, {764, 130}, {181, 181, 181, 255} }},
	{{ {1879, 334, 6096}, 0, {764, 130}, {181, 181, 181, 255} }},
	{{ {1879, 286, 6045}, 0, {402, 401}, {87, 87, 87, 255} }},
	{{ {1914, 286, 6045}, 0, {402, 401}, {87, 87, 87, 255} }},
	{{ {1932, 275, 6047}, 0, {417, 462}, {87, 87, 87, 255} }},
	{{ {1861, 275, 6047}, 0, {417, 462}, {87, 87, 87, 255} }},
	{{ {1879, 295, 6090}, 0, {725, 348}, {181, 181, 181, 255} }},
	{{ {1914, 295, 6090}, 0, {725, 348}, {181, 181, 181, 255} }},
	{{ {1879, 295, 6090}, 0, {725, 348}, {181, 181, 181, 255} }},
	{{ {1914, 313, 6103}, 0, {817, 249}, {181, 181, 181, 255} }},
	{{ {1879, 313, 6103}, 0, {817, 249}, {181, 181, 181, 255} }},
	{{ {1879, 297, 6030}, 0, {292, 336}, {181, 181, 181, 255} }},
	{{ {1914, 297, 6030}, 0, {292, 336}, {181, 181, 181, 255} }},
	{{ {1914, 286, 6045}, 0, {402, 401}, {87, 87, 87, 255} }},
	{{ {1879, 286, 6045}, 0, {402, 401}, {87, 87, 87, 255} }},
	{{ {1879, 287, 6068}, 0, {566, 397}, {87, 87, 87, 255} }},
	{{ {1914, 295, 6090}, 0, {725, 348}, {181, 181, 181, 255} }},
	{{ {1879, 295, 6090}, 0, {725, 348}, {181, 181, 181, 255} }},
	{{ {1914, 287, 6068}, 0, {566, 397}, {89, 89, 89, 255} }},
	{{ {1861, 276, 6067}, 0, {558, 455}, {87, 87, 87, 255} }},
	{{ {1932, 276, 6067}, 0, {558, 455}, {87, 87, 87, 255} }},
	{{ {1879, 341, 6029}, 0, {288, 89}, {181, 181, 181, 255} }},
	{{ {1914, 341, 6029}, 0, {288, 89}, {181, 181, 181, 255} }},
	{{ {1914, 321, 6020}, 0, {222, 203}, {181, 181, 181, 255} }},
	{{ {1879, 321, 6020}, 0, {222, 203}, {181, 181, 181, 255} }},
	{{ {1861, 244, 5996}, 0, {-1, 1992}, {181, 181, 181, 255} }},
	{{ {1932, 244, 5996}, 0, {187, 1992}, {181, 181, 181, 255} }},
	{{ {1932, 0, 5996}, 0, {187, 619}, {181, 181, 181, 255} }},
	{{ {1861, 0, 5996}, 0, {-1, 619}, {181, 181, 181, 255} }},
	{{ {1861, 247, 6119}, 0, {-1, 1992}, {181, 181, 181, 255} }},
	{{ {1932, 247, 6119}, 0, {187, 1992}, {181, 181, 181, 255} }},
	{{ {1932, 276, 6067}, 0, {187, 619}, {87, 87, 87, 255} }},
	{{ {1861, 276, 6067}, 0, {-1, 619}, {87, 87, 87, 255} }},
	{{ {1879, 349, 6054}, 0, {463, 49}, {181, 181, 181, 255} }},
	{{ {1914, 349, 6054}, 0, {463, 49}, {181, 181, 181, 255} }},
	{{ {1879, 341, 6029}, 0, {288, 89}, {181, 181, 181, 255} }},
	{{ {1861, 0, 6119}, 0, {-1, 1992}, {181, 181, 181, 255} }},
	{{ {1932, 0, 6119}, 0, {187, 1992}, {181, 181, 181, 255} }},
	{{ {1932, 247, 6119}, 0, {187, 619}, {181, 181, 181, 255} }},
	{{ {1861, 247, 6119}, 0, {-1, 619}, {181, 181, 181, 255} }},
};

Gfx pitstop_dl_vis_mesh_layer_1_tri_10[] = {
	gsSPVertex(pitstop_dl_vis_mesh_layer_1_vtx_10 + 0, 32, 0),
	gsSP2Triangles(0, 1, 2, 0, 2, 3, 0, 0),
	gsSP2Triangles(2, 4, 3, 0, 3, 4, 5, 0),
	gsSP2Triangles(3, 5, 6, 0, 7, 6, 5, 0),
	gsSP2Triangles(7, 5, 8, 0, 5, 9, 8, 0),
	gsSP2Triangles(8, 10, 7, 0, 8, 11, 10, 0),
	gsSP2Triangles(8, 12, 11, 0, 11, 13, 10, 0),
	gsSP2Triangles(3, 14, 0, 0, 15, 16, 17, 0),
	gsSP2Triangles(15, 17, 18, 0, 19, 20, 21, 0),
	gsSP2Triangles(21, 22, 19, 0, 21, 23, 22, 0),
	gsSP2Triangles(22, 24, 19, 0, 24, 22, 25, 0),
	gsSP2Triangles(24, 25, 26, 0, 27, 26, 25, 0),
	gsSP2Triangles(27, 25, 28, 0, 25, 29, 28, 0),
	gsSP2Triangles(30, 28, 29, 0, 30, 29, 7, 0),
	gsSP2Triangles(10, 30, 7, 0, 28, 31, 27, 0),
	gsSPVertex(pitstop_dl_vis_mesh_layer_1_vtx_10 + 32, 32, 0),
	gsSP2Triangles(0, 1, 2, 0, 0, 3, 1, 0),
	gsSP2Triangles(1, 4, 2, 0, 2, 5, 6, 0),
	gsSP2Triangles(7, 2, 8, 0, 7, 8, 9, 0),
	gsSP2Triangles(10, 11, 12, 0, 10, 12, 13, 0),
	gsSP2Triangles(14, 15, 16, 0, 14, 16, 17, 0),
	gsSP2Triangles(18, 19, 20, 0, 18, 20, 21, 0),
	gsSP2Triangles(22, 23, 15, 0, 22, 15, 24, 0),
	gsSP2Triangles(25, 26, 27, 0, 25, 27, 28, 0),
	gsSP2Triangles(29, 6, 30, 0, 29, 31, 6, 0),
	gsSPVertex(pitstop_dl_vis_mesh_layer_1_vtx_10 + 64, 32, 0),
	gsSP2Triangles(0, 1, 2, 0, 0, 3, 1, 0),
	gsSP2Triangles(4, 5, 6, 0, 4, 6, 7, 0),
	gsSP2Triangles(8, 9, 10, 0, 8, 10, 11, 0),
	gsSP2Triangles(12, 13, 14, 0, 12, 14, 15, 0),
	gsSP2Triangles(16, 17, 5, 0, 16, 5, 18, 0),
	gsSP2Triangles(19, 20, 21, 0, 19, 21, 22, 0),
	gsSP2Triangles(23, 24, 25, 0, 25, 26, 23, 0),
	gsSP2Triangles(25, 27, 26, 0, 26, 27, 28, 0),
	gsSP2Triangles(26, 28, 29, 0, 30, 29, 28, 0),
	gsSP1Triangle(30, 28, 31, 0),
	gsSPVertex(pitstop_dl_vis_mesh_layer_1_vtx_10 + 96, 31, 0),
	gsSP2Triangles(0, 1, 2, 0, 2, 3, 4, 0),
	gsSP2Triangles(2, 5, 3, 0, 2, 6, 5, 0),
	gsSP2Triangles(5, 7, 3, 0, 8, 9, 10, 0),
	gsSP2Triangles(11, 12, 13, 0, 11, 13, 14, 0),
	gsSP2Triangles(15, 16, 17, 0, 17, 18, 15, 0),
	gsSP2Triangles(17, 19, 18, 0, 18, 20, 15, 0),
	gsSP2Triangles(20, 18, 21, 0, 20, 21, 22, 0),
	gsSP2Triangles(23, 22, 21, 0, 23, 21, 24, 0),
	gsSP2Triangles(21, 25, 24, 0, 26, 24, 25, 0),
	gsSP2Triangles(26, 25, 4, 0, 3, 26, 4, 0),
	gsSP2Triangles(24, 27, 23, 0, 24, 28, 27, 0),
	gsSP2Triangles(24, 29, 28, 0, 28, 12, 27, 0),
	gsSP1Triangle(27, 30, 23, 0),
	gsSPVertex(pitstop_dl_vis_mesh_layer_1_vtx_10 + 127, 32, 0),
	gsSP2Triangles(0, 1, 2, 0, 0, 2, 3, 0),
	gsSP2Triangles(4, 5, 6, 0, 4, 6, 7, 0),
	gsSP2Triangles(8, 9, 10, 0, 8, 10, 11, 0),
	gsSP2Triangles(12, 13, 14, 0, 12, 14, 15, 0),
	gsSP2Triangles(16, 17, 9, 0, 16, 9, 18, 0),
	gsSP2Triangles(19, 20, 21, 0, 19, 21, 22, 0),
	gsSP2Triangles(23, 24, 25, 0, 23, 26, 24, 0),
	gsSP2Triangles(27, 26, 23, 0, 27, 28, 26, 0),
	gsSP1Triangle(29, 30, 31, 0),
	gsSPVertex(pitstop_dl_vis_mesh_layer_1_vtx_10 + 159, 32, 0),
	gsSP2Triangles(0, 1, 2, 0, 3, 4, 5, 0),
	gsSP2Triangles(3, 5, 6, 0, 7, 8, 9, 0),
	gsSP2Triangles(7, 9, 10, 0, 11, 12, 13, 0),
	gsSP2Triangles(11, 13, 14, 0, 15, 16, 17, 0),
	gsSP2Triangles(15, 17, 18, 0, 19, 20, 21, 0),
	gsSP2Triangles(21, 22, 19, 0, 21, 23, 22, 0),
	gsSP2Triangles(22, 23, 24, 0, 22, 24, 25, 0),
	gsSP2Triangles(26, 25, 24, 0, 26, 24, 27, 0),
	gsSP2Triangles(24, 28, 27, 0, 27, 29, 26, 0),
	gsSP2Triangles(27, 30, 29, 0, 27, 31, 30, 0),
	gsSPVertex(pitstop_dl_vis_mesh_layer_1_vtx_10 + 191, 30, 0),
	gsSP2Triangles(0, 1, 2, 0, 3, 4, 5, 0),
	gsSP2Triangles(6, 7, 8, 0, 6, 8, 9, 0),
	gsSP2Triangles(10, 11, 12, 0, 12, 13, 10, 0),
	gsSP2Triangles(12, 14, 13, 0, 13, 15, 10, 0),
	gsSP2Triangles(15, 13, 16, 0, 15, 16, 17, 0),
	gsSP2Triangles(18, 17, 16, 0, 18, 16, 19, 0),
	gsSP2Triangles(16, 20, 19, 0, 21, 19, 20, 0),
	gsSP2Triangles(21, 20, 22, 0, 2, 21, 22, 0),
	gsSP2Triangles(19, 23, 18, 0, 19, 24, 23, 0),
	gsSP2Triangles(19, 25, 24, 0, 24, 7, 23, 0),
	gsSP2Triangles(23, 26, 18, 0, 27, 23, 28, 0),
	gsSP1Triangle(27, 28, 29, 0),
	gsSPVertex(pitstop_dl_vis_mesh_layer_1_vtx_10 + 221, 32, 0),
	gsSP2Triangles(0, 1, 2, 0, 0, 2, 3, 0),
	gsSP2Triangles(4, 5, 6, 0, 4, 6, 7, 0),
	gsSP2Triangles(8, 9, 10, 0, 8, 10, 11, 0),
	gsSP2Triangles(12, 13, 5, 0, 12, 5, 14, 0),
	gsSP2Triangles(15, 16, 17, 0, 15, 17, 18, 0),
	gsSP2Triangles(19, 20, 21, 0, 19, 22, 20, 0),
	gsSP2Triangles(23, 22, 19, 0, 23, 24, 22, 0),
	gsSP2Triangles(25, 26, 27, 0, 25, 27, 28, 0),
	gsSP1Triangle(29, 30, 31, 0),
	gsSPVertex(pitstop_dl_vis_mesh_layer_1_vtx_10 + 253, 30, 0),
	gsSP2Triangles(0, 1, 2, 0, 3, 4, 5, 0),
	gsSP2Triangles(3, 5, 6, 0, 7, 8, 9, 0),
	gsSP2Triangles(7, 9, 10, 0, 11, 12, 13, 0),
	gsSP2Triangles(11, 13, 14, 0, 15, 16, 17, 0),
	gsSP2Triangles(17, 18, 15, 0, 17, 19, 18, 0),
	gsSP2Triangles(18, 19, 20, 0, 18, 20, 21, 0),
	gsSP2Triangles(22, 21, 20, 0, 22, 20, 23, 0),
	gsSP2Triangles(20, 24, 23, 0, 23, 25, 22, 0),
	gsSP2Triangles(23, 26, 25, 0, 23, 27, 26, 0),
	gsSP2Triangles(26, 28, 25, 0, 18, 29, 15, 0),
	gsSPVertex(pitstop_dl_vis_mesh_layer_1_vtx_10 + 283, 32, 0),
	gsSP2Triangles(0, 1, 2, 0, 0, 2, 3, 0),
	gsSP2Triangles(4, 5, 6, 0, 6, 7, 4, 0),
	gsSP2Triangles(6, 8, 7, 0, 7, 9, 4, 0),
	gsSP2Triangles(9, 7, 10, 0, 9, 10, 11, 0),
	gsSP2Triangles(12, 11, 10, 0, 12, 10, 13, 0),
	gsSP2Triangles(10, 14, 13, 0, 15, 13, 14, 0),
	gsSP2Triangles(15, 14, 16, 0, 17, 15, 16, 0),
	gsSP2Triangles(13, 18, 12, 0, 13, 19, 18, 0),
	gsSP2Triangles(13, 20, 19, 0, 19, 1, 18, 0),
	gsSP2Triangles(18, 21, 12, 0, 22, 18, 23, 0),
	gsSP2Triangles(22, 23, 24, 0, 25, 26, 27, 0),
	gsSP2Triangles(25, 27, 28, 0, 29, 30, 31, 0),
	gsSPVertex(pitstop_dl_vis_mesh_layer_1_vtx_10 + 315, 32, 0),
	gsSP2Triangles(0, 1, 2, 0, 3, 4, 5, 0),
	gsSP2Triangles(3, 5, 6, 0, 7, 8, 9, 0),
	gsSP2Triangles(7, 9, 10, 0, 11, 12, 13, 0),
	gsSP2Triangles(11, 13, 14, 0, 15, 16, 17, 0),
	gsSP2Triangles(15, 18, 16, 0, 19, 18, 15, 0),
	gsSP2Triangles(19, 20, 18, 0, 21, 22, 23, 0),
	gsSP2Triangles(21, 23, 24, 0, 25, 26, 27, 0),
	gsSP2Triangles(25, 27, 28, 0, 29, 30, 31, 0),
	gsSPVertex(pitstop_dl_vis_mesh_layer_1_vtx_10 + 347, 30, 0),
	gsSP2Triangles(0, 1, 2, 0, 3, 4, 5, 0),
	gsSP2Triangles(3, 5, 6, 0, 7, 8, 9, 0),
	gsSP2Triangles(7, 9, 10, 0, 11, 12, 13, 0),
	gsSP2Triangles(13, 14, 11, 0, 13, 15, 14, 0),
	gsSP2Triangles(14, 15, 16, 0, 14, 16, 17, 0),
	gsSP2Triangles(18, 17, 16, 0, 18, 16, 19, 0),
	gsSP2Triangles(16, 20, 19, 0, 19, 21, 18, 0),
	gsSP2Triangles(19, 22, 21, 0, 19, 23, 22, 0),
	gsSP2Triangles(22, 24, 21, 0, 14, 25, 11, 0),
	gsSP2Triangles(26, 27, 28, 0, 26, 28, 29, 0),
	gsSPVertex(pitstop_dl_vis_mesh_layer_1_vtx_10 + 377, 30, 0),
	gsSP2Triangles(0, 1, 2, 0, 2, 3, 0, 0),
	gsSP2Triangles(2, 4, 3, 0, 3, 5, 0, 0),
	gsSP2Triangles(5, 3, 6, 0, 5, 6, 7, 0),
	gsSP2Triangles(8, 7, 6, 0, 8, 6, 9, 0),
	gsSP2Triangles(6, 10, 9, 0, 11, 9, 10, 0),
	gsSP2Triangles(11, 10, 12, 0, 13, 11, 12, 0),
	gsSP2Triangles(9, 14, 8, 0, 9, 15, 14, 0),
	gsSP2Triangles(9, 16, 15, 0, 15, 17, 14, 0),
	gsSP2Triangles(14, 18, 8, 0, 19, 14, 20, 0),
	gsSP2Triangles(19, 20, 21, 0, 22, 23, 24, 0),
	gsSP2Triangles(22, 24, 25, 0, 26, 27, 28, 0),
	gsSP1Triangle(26, 28, 29, 0),
	gsSPVertex(pitstop_dl_vis_mesh_layer_1_vtx_10 + 407, 32, 0),
	gsSP2Triangles(0, 1, 2, 0, 0, 2, 3, 0),
	gsSP2Triangles(4, 5, 6, 0, 4, 6, 7, 0),
	gsSP2Triangles(8, 9, 10, 0, 8, 10, 11, 0),
	gsSP2Triangles(12, 13, 14, 0, 12, 15, 13, 0),
	gsSP2Triangles(16, 15, 12, 0, 16, 17, 15, 0),
	gsSP2Triangles(18, 19, 20, 0, 18, 20, 21, 0),
	gsSP2Triangles(22, 23, 24, 0, 22, 24, 25, 0),
	gsSP2Triangles(26, 27, 28, 0, 26, 28, 29, 0),
	gsSP1Triangle(30, 31, 19, 0),
	gsSPVertex(pitstop_dl_vis_mesh_layer_1_vtx_10 + 439, 32, 0),
	gsSP2Triangles(0, 1, 2, 0, 3, 4, 5, 0),
	gsSP2Triangles(3, 5, 6, 0, 7, 8, 9, 0),
	gsSP2Triangles(9, 10, 7, 0, 9, 11, 10, 0),
	gsSP2Triangles(10, 11, 12, 0, 10, 12, 13, 0),
	gsSP2Triangles(14, 13, 12, 0, 14, 12, 15, 0),
	gsSP2Triangles(12, 16, 15, 0, 15, 17, 14, 0),
	gsSP2Triangles(15, 18, 17, 0, 15, 19, 18, 0),
	gsSP2Triangles(18, 20, 17, 0, 10, 21, 7, 0),
	gsSP2Triangles(22, 23, 24, 0, 22, 24, 25, 0),
	gsSP2Triangles(26, 27, 28, 0, 28, 29, 26, 0),
	gsSP2Triangles(28, 30, 29, 0, 29, 31, 26, 0),
	gsSPVertex(pitstop_dl_vis_mesh_layer_1_vtx_10 + 471, 32, 0),
	gsSP2Triangles(0, 1, 2, 0, 0, 2, 3, 0),
	gsSP2Triangles(4, 3, 2, 0, 4, 2, 5, 0),
	gsSP2Triangles(2, 6, 5, 0, 7, 5, 6, 0),
	gsSP2Triangles(7, 6, 8, 0, 9, 7, 8, 0),
	gsSP2Triangles(5, 10, 4, 0, 5, 11, 10, 0),
	gsSP2Triangles(5, 12, 11, 0, 11, 13, 10, 0),
	gsSP2Triangles(10, 14, 4, 0, 15, 10, 16, 0),
	gsSP2Triangles(15, 16, 17, 0, 18, 19, 20, 0),
	gsSP2Triangles(18, 20, 21, 0, 22, 23, 24, 0),
	gsSP2Triangles(22, 24, 25, 0, 26, 27, 28, 0),
	gsSP2Triangles(26, 28, 29, 0, 30, 31, 23, 0),
	gsSPVertex(pitstop_dl_vis_mesh_layer_1_vtx_10 + 503, 32, 0),
	gsSP2Triangles(0, 1, 2, 0, 3, 4, 5, 0),
	gsSP2Triangles(3, 5, 6, 0, 7, 8, 9, 0),
	gsSP2Triangles(7, 10, 8, 0, 11, 10, 7, 0),
	gsSP2Triangles(11, 12, 10, 0, 13, 14, 15, 0),
	gsSP2Triangles(13, 15, 16, 0, 17, 18, 19, 0),
	gsSP2Triangles(17, 19, 20, 0, 21, 22, 23, 0),
	gsSP2Triangles(21, 23, 24, 0, 25, 26, 14, 0),
	gsSP2Triangles(25, 14, 27, 0, 28, 29, 30, 0),
	gsSP1Triangle(28, 30, 31, 0),
	gsSPEndDisplayList(),
};

Vtx pitstop_dl_vis_mesh_layer_1_vtx_11[52] = {
	{{ {-435, 134, 10021}, 0, {729, -2873}, {255, 255, 255, 255} }},
	{{ {-435, 29, 10021}, 0, {263, -2873}, {255, 255, 255, 255} }},
	{{ {-513, 29, 10021}, 0, {263, -3564}, {255, 255, 255, 255} }},
	{{ {-513, 134, 10021}, 0, {729, -3564}, {255, 255, 255, 255} }},
	{{ {-435, 29, 10021}, 0, {263, -2873}, {255, 255, 255, 255} }},
	{{ {-435, 134, 10021}, 0, {729, -2873}, {255, 255, 255, 255} }},
	{{ {435, 134, 10021}, 0, {729, 4889}, {255, 255, 255, 255} }},
	{{ {435, 29, 10021}, 0, {263, 4889}, {255, 255, 255, 255} }},
	{{ {435, 29, 10221}, 0, {263, 4889}, {146, 146, 146, 255} }},
	{{ {435, 134, 10221}, 0, {729, 4889}, {255, 255, 255, 255} }},
	{{ {-435, 134, 10221}, 0, {729, -2873}, {255, 255, 255, 255} }},
	{{ {-435, 29, 10221}, 0, {263, -2873}, {146, 146, 146, 255} }},
	{{ {435, 134, 10021}, 0, {1845, 4889}, {255, 255, 255, 255} }},
	{{ {-435, 134, 10021}, 0, {1845, -2873}, {255, 255, 255, 255} }},
	{{ {-435, 134, 10221}, 0, {954, -2873}, {255, 255, 255, 255} }},
	{{ {435, 134, 10221}, 0, {954, 4889}, {255, 255, 255, 255} }},
	{{ {-513, 29, 10221}, 0, {263, 1923}, {146, 146, 146, 255} }},
	{{ {-513, 134, 10021}, 0, {729, 3707}, {146, 146, 146, 255} }},
	{{ {-513, 29, 10021}, 0, {263, 3707}, {146, 146, 146, 255} }},
	{{ {-513, 134, 10221}, 0, {729, 1923}, {146, 146, 146, 255} }},
	{{ {-513, 29, 10626}, 0, {263, -1691}, {146, 146, 146, 255} }},
	{{ {-513, 134, 10626}, 0, {729, -1691}, {146, 146, 146, 255} }},
	{{ {513, 29, 10021}, 0, {263, 3707}, {146, 146, 146, 255} }},
	{{ {513, 134, 10021}, 0, {729, 3707}, {146, 146, 146, 255} }},
	{{ {513, 134, 10221}, 0, {729, 1923}, {146, 146, 146, 255} }},
	{{ {513, 29, 10221}, 0, {263, 1923}, {146, 146, 146, 255} }},
	{{ {513, 134, 10626}, 0, {729, -1691}, {146, 146, 146, 255} }},
	{{ {513, 29, 10626}, 0, {263, -1691}, {146, 146, 146, 255} }},
	{{ {-435, 29, 10221}, 0, {263, 1923}, {146, 146, 146, 255} }},
	{{ {-435, 134, 10221}, 0, {729, 1923}, {255, 255, 255, 255} }},
	{{ {-435, 134, 10626}, 0, {729, -1691}, {255, 255, 255, 255} }},
	{{ {-435, 29, 10626}, 0, {263, -1691}, {146, 146, 146, 255} }},
	{{ {435, 134, 10021}, 0, {-1842, 4259}, {255, 255, 255, 255} }},
	{{ {513, 134, 10221}, 0, {-2258, 2111}, {255, 255, 255, 255} }},
	{{ {513, 134, 10021}, 0, {-2258, 4259}, {255, 255, 255, 255} }},
	{{ {435, 134, 10221}, 0, {-1842, 2111}, {255, 255, 255, 255} }},
	{{ {435, 134, 10626}, 0, {-1842, -2243}, {255, 255, 255, 255} }},
	{{ {513, 134, 10626}, 0, {-2258, -2243}, {255, 255, 255, 255} }},
	{{ {435, 29, 10021}, 0, {263, 4889}, {255, 255, 255, 255} }},
	{{ {435, 134, 10021}, 0, {729, 4889}, {255, 255, 255, 255} }},
	{{ {513, 134, 10021}, 0, {729, 5580}, {255, 255, 255, 255} }},
	{{ {513, 29, 10021}, 0, {263, 5580}, {255, 255, 255, 255} }},
	{{ {-435, 134, 10221}, 0, {2834, 2111}, {255, 255, 255, 255} }},
	{{ {-435, 134, 10021}, 0, {2834, 4259}, {255, 255, 255, 255} }},
	{{ {-513, 134, 10021}, 0, {3250, 4259}, {255, 255, 255, 255} }},
	{{ {-513, 134, 10221}, 0, {3250, 2111}, {255, 255, 255, 255} }},
	{{ {-513, 134, 10626}, 0, {3250, -2243}, {255, 255, 255, 255} }},
	{{ {-435, 134, 10626}, 0, {2834, -2243}, {255, 255, 255, 255} }},
	{{ {435, 134, 10221}, 0, {729, 1923}, {255, 255, 255, 255} }},
	{{ {435, 29, 10221}, 0, {263, 1923}, {146, 146, 146, 255} }},
	{{ {435, 29, 10626}, 0, {263, -1691}, {146, 146, 146, 255} }},
	{{ {435, 134, 10626}, 0, {729, -1691}, {255, 255, 255, 255} }},
};

Gfx pitstop_dl_vis_mesh_layer_1_tri_11[] = {
	gsSPVertex(pitstop_dl_vis_mesh_layer_1_vtx_11 + 0, 32, 0),
	gsSP2Triangles(0, 1, 2, 0, 0, 2, 3, 0),
	gsSP2Triangles(4, 5, 6, 0, 4, 6, 7, 0),
	gsSP2Triangles(8, 9, 10, 0, 8, 10, 11, 0),
	gsSP2Triangles(12, 13, 14, 0, 12, 14, 15, 0),
	gsSP2Triangles(16, 17, 18, 0, 16, 19, 17, 0),
	gsSP2Triangles(19, 16, 20, 0, 19, 20, 21, 0),
	gsSP2Triangles(22, 23, 24, 0, 22, 24, 25, 0),
	gsSP2Triangles(25, 24, 26, 0, 25, 26, 27, 0),
	gsSP2Triangles(28, 29, 30, 0, 28, 30, 31, 0),
	gsSPVertex(pitstop_dl_vis_mesh_layer_1_vtx_11 + 32, 20, 0),
	gsSP2Triangles(0, 1, 2, 0, 0, 3, 1, 0),
	gsSP2Triangles(1, 3, 4, 0, 1, 4, 5, 0),
	gsSP2Triangles(6, 7, 8, 0, 6, 8, 9, 0),
	gsSP2Triangles(10, 11, 12, 0, 10, 12, 13, 0),
	gsSP2Triangles(10, 13, 14, 0, 10, 14, 15, 0),
	gsSP2Triangles(16, 17, 18, 0, 16, 18, 19, 0),
	gsSPEndDisplayList(),
};

Vtx pitstop_dl_vis_mesh_layer_6_vtx_0[12] = {
	{{ {2062, 229, 10284}, 0, {-16, 2032}, {0, 127, 0, 255} }},
	{{ {2062, 229, 10368}, 0, {843, 2032}, {0, 127, 0, 255} }},
	{{ {2262, 229, 10368}, 0, {843, -16}, {0, 127, 0, 255} }},
	{{ {2262, 229, 10284}, 0, {-16, -16}, {0, 127, 0, 255} }},
	{{ {2062, 229, 10468}, 0, {-16, 2032}, {0, 127, 0, 255} }},
	{{ {2262, 229, 10468}, 0, {-16, -16}, {0, 127, 0, 255} }},
	{{ {2262, 229, 10384}, 0, {843, -16}, {0, 127, 0, 255} }},
	{{ {2062, 229, 10384}, 0, {843, 2032}, {0, 127, 0, 255} }},
	{{ {2304, 29, 10226}, 0, {4080, 2032}, {0, 0, 129, 255} }},
	{{ {2304, 229, 10226}, 0, {4080, -16}, {0, 0, 129, 255} }},
	{{ {2604, 229, 10226}, 0, {816, -16}, {0, 0, 129, 255} }},
	{{ {2604, 29, 10226}, 0, {816, 2032}, {0, 0, 129, 255} }},
};

Gfx pitstop_dl_vis_mesh_layer_6_tri_0[] = {
	gsSPVertex(pitstop_dl_vis_mesh_layer_6_vtx_0 + 0, 12, 0),
	gsSP2Triangles(0, 1, 2, 0, 0, 2, 3, 0),
	gsSP2Triangles(4, 5, 6, 0, 4, 6, 7, 0),
	gsSP2Triangles(8, 9, 10, 0, 8, 10, 11, 0),
	gsSPEndDisplayList(),
};

Gfx mat_pitstop_dl_window[] = {
	gsSPClearGeometryMode(G_CULL_BACK),
	gsDPPipeSync(),
	gsDPSetCombineLERP(0, 0, 0, TEXEL0, 0, 0, 0, PRIMITIVE, 0, 0, 0, TEXEL0, 0, 0, 0, PRIMITIVE),
	gsDPSetAlphaDither(G_AD_NOISE),
	gsDPSetTextureLUT(G_TT_RGBA16),
	gsSPTexture(65535, 65535, 0, 0, 1),
	gsDPSetPrimColor(0, 0, 255, 255, 255, 102),
	gsDPSetTextureImage(G_IM_FMT_RGBA, G_IM_SIZ_16b, 1, pitstop_dl_Material2_pal_rgba16),
	gsDPSetTile(0, 0, 0, 256, 5, 0, G_TX_WRAP | G_TX_NOMIRROR, 0, 0, G_TX_WRAP | G_TX_NOMIRROR, 0, 0),
	gsDPLoadTLUTCmd(5, 21),
	gsDPSetTextureImage(G_IM_FMT_CI, G_IM_SIZ_8b_LOAD_BLOCK, 1, pitstop_dl_Material2_ci8),
	gsDPSetTile(G_IM_FMT_CI, G_IM_SIZ_8b_LOAD_BLOCK, 0, 0, 7, 0, G_TX_WRAP | G_TX_NOMIRROR, 0, 0, G_TX_WRAP | G_TX_NOMIRROR, 0, 0),
	gsDPLoadBlock(7, 0, 0, 1023, 512),
	gsDPSetTile(G_IM_FMT_CI, G_IM_SIZ_8b, 4, 0, 0, 0, G_TX_WRAP | G_TX_NOMIRROR, 6, 0, G_TX_WRAP | G_TX_NOMIRROR, 5, 0),
	gsDPSetTileSize(0, 0, 0, 124, 252),
	gsSPEndDisplayList(),
};

Gfx mat_revert_pitstop_dl_window[] = {
	gsSPSetGeometryMode(G_CULL_BACK),
	gsDPPipeSync(),
	gsDPSetAlphaDither(G_AD_DISABLE),
	gsDPSetTextureLUT(G_TT_NONE),
	gsSPEndDisplayList(),
};

Gfx mat_pitstop_dl_road[] = {
	gsSPClearGeometryMode(G_LIGHTING),
	gsDPPipeSync(),
	gsDPSetCombineLERP(TEXEL0, 0, SHADE, 0, ENVIRONMENT, 0, SHADE, 0, TEXEL0, 0, SHADE, 0, ENVIRONMENT, 0, SHADE, 0),
	gsDPSetAlphaDither(G_AD_NOISE),
	gsDPSetTextureLUT(G_TT_RGBA16),
	gsSPTexture(65535, 65535, 0, 0, 1),
	gsDPSetTextureImage(G_IM_FMT_RGBA, G_IM_SIZ_16b, 1, pitstop_dl_street_pal_rgba16),
	gsDPSetTile(0, 0, 0, 256, 5, 0, G_TX_WRAP | G_TX_NOMIRROR, 0, 0, G_TX_WRAP | G_TX_NOMIRROR, 0, 0),
	gsDPLoadTLUTCmd(5, 9),
	gsDPSetTextureImage(G_IM_FMT_CI, G_IM_SIZ_16b, 1, pitstop_dl_street_ci4),
	gsDPSetTile(G_IM_FMT_CI, G_IM_SIZ_16b, 0, 0, 7, 0, G_TX_WRAP | G_TX_NOMIRROR, 0, 0, G_TX_WRAP | G_TX_NOMIRROR, 0, 0),
	gsDPLoadBlock(7, 0, 0, 511, 512),
	gsDPSetTile(G_IM_FMT_CI, G_IM_SIZ_4b, 4, 0, 0, 0, G_TX_WRAP | G_TX_NOMIRROR, 5, 0, G_TX_WRAP | G_TX_NOMIRROR, 6, 0),
	gsDPSetTileSize(0, 0, 0, 252, 124),
	gsSPEndDisplayList(),
};

Gfx mat_revert_pitstop_dl_road[] = {
	gsSPSetGeometryMode(G_LIGHTING),
	gsDPPipeSync(),
	gsDPSetAlphaDither(G_AD_DISABLE),
	gsDPSetTextureLUT(G_TT_NONE),
	gsSPEndDisplayList(),
};

Gfx mat_pitstop_dl_sand[] = {
	gsSPClearGeometryMode(G_LIGHTING),
	gsDPPipeSync(),
	gsDPSetCombineLERP(TEXEL0, 0, SHADE, 0, ENVIRONMENT, 0, SHADE, 0, TEXEL0, 0, SHADE, 0, ENVIRONMENT, 0, SHADE, 0),
	gsDPSetAlphaDither(G_AD_NOISE),
	gsDPSetTextureLUT(G_TT_RGBA16),
	gsSPTexture(65535, 65535, 0, 0, 1),
	gsDPSetTextureImage(G_IM_FMT_RGBA, G_IM_SIZ_16b, 1, pitstop_dl_desertSand_pal_rgba16),
	gsDPSetTile(0, 0, 0, 256, 5, 0, G_TX_WRAP | G_TX_NOMIRROR, 0, 0, G_TX_WRAP | G_TX_NOMIRROR, 0, 0),
	gsDPLoadTLUTCmd(5, 23),
	gsDPSetTextureImage(G_IM_FMT_CI, G_IM_SIZ_8b_LOAD_BLOCK, 1, pitstop_dl_desertSand_ci8),
	gsDPSetTile(G_IM_FMT_CI, G_IM_SIZ_8b_LOAD_BLOCK, 0, 0, 7, 0, G_TX_WRAP | G_TX_NOMIRROR, 0, 0, G_TX_WRAP | G_TX_NOMIRROR, 0, 0),
	gsDPLoadBlock(7, 0, 0, 1023, 256),
	gsDPSetTile(G_IM_FMT_CI, G_IM_SIZ_8b, 8, 0, 0, 0, G_TX_WRAP | G_TX_NOMIRROR, 5, 0, G_TX_WRAP | G_TX_NOMIRROR, 6, 0),
	gsDPSetTileSize(0, 0, 0, 252, 124),
	gsSPEndDisplayList(),
};

Gfx mat_revert_pitstop_dl_sand[] = {
	gsSPSetGeometryMode(G_LIGHTING),
	gsDPPipeSync(),
	gsDPSetAlphaDither(G_AD_DISABLE),
	gsDPSetTextureLUT(G_TT_NONE),
	gsSPEndDisplayList(),
};

Gfx mat_pitstop_dl_concrete[] = {
	gsSPClearGeometryMode(G_LIGHTING),
	gsDPPipeSync(),
	gsDPSetCombineLERP(TEXEL0, 0, SHADE, 0, ENVIRONMENT, 0, SHADE, 0, TEXEL0, 0, SHADE, 0, ENVIRONMENT, 0, SHADE, 0),
	gsDPSetAlphaDither(G_AD_NOISE),
	gsSPTexture(65535, 65535, 0, 0, 1),
	gsDPSetTextureImage(G_IM_FMT_I, G_IM_SIZ_8b_LOAD_BLOCK, 1, pitstop_dl_plainconcrete3_i8),
	gsDPSetTile(G_IM_FMT_I, G_IM_SIZ_8b_LOAD_BLOCK, 0, 0, 7, 0, G_TX_WRAP | G_TX_NOMIRROR, 0, 0, G_TX_WRAP | G_TX_NOMIRROR, 0, 0),
	gsDPLoadBlock(7, 0, 0, 511, 512),
	gsDPSetTile(G_IM_FMT_I, G_IM_SIZ_8b, 4, 0, 0, 0, G_TX_WRAP | G_TX_NOMIRROR, 5, 0, G_TX_WRAP | G_TX_NOMIRROR, 5, 0),
	gsDPSetTileSize(0, 0, 0, 124, 124),
	gsSPEndDisplayList(),
};

Gfx mat_revert_pitstop_dl_concrete[] = {
	gsSPSetGeometryMode(G_LIGHTING),
	gsDPPipeSync(),
	gsDPSetAlphaDither(G_AD_DISABLE),
	gsSPEndDisplayList(),
};

Gfx mat_pitstop_dl_sidewalk[] = {
	gsSPClearGeometryMode(G_LIGHTING),
	gsDPPipeSync(),
	gsDPSetCombineLERP(TEXEL0, 0, SHADE, 0, ENVIRONMENT, 0, SHADE, 0, TEXEL0, 0, SHADE, 0, ENVIRONMENT, 0, SHADE, 0),
	gsDPSetAlphaDither(G_AD_NOISE),
	gsDPSetTextureLUT(G_TT_RGBA16),
	gsSPTexture(65535, 65535, 0, 0, 1),
	gsDPSetTextureImage(G_IM_FMT_RGBA, G_IM_SIZ_16b, 1, pitstop_dl_Sidewalk_pal_rgba16),
	gsDPSetTile(0, 0, 0, 256, 5, 0, G_TX_WRAP | G_TX_NOMIRROR, 0, 0, G_TX_WRAP | G_TX_NOMIRROR, 0, 0),
	gsDPLoadTLUTCmd(5, 33),
	gsDPSetTextureImage(G_IM_FMT_CI, G_IM_SIZ_8b_LOAD_BLOCK, 1, pitstop_dl_Sidewalk_ci8),
	gsDPSetTile(G_IM_FMT_CI, G_IM_SIZ_8b_LOAD_BLOCK, 0, 0, 7, 0, G_TX_WRAP | G_TX_NOMIRROR, 0, 0, G_TX_WRAP | G_TX_NOMIRROR, 0, 0),
	gsDPLoadBlock(7, 0, 0, 511, 512),
	gsDPSetTile(G_IM_FMT_CI, G_IM_SIZ_8b, 4, 0, 0, 0, G_TX_WRAP | G_TX_NOMIRROR, 5, 0, G_TX_WRAP | G_TX_NOMIRROR, 5, 0),
	gsDPSetTileSize(0, 0, 0, 124, 124),
	gsSPEndDisplayList(),
};

Gfx mat_revert_pitstop_dl_sidewalk[] = {
	gsSPSetGeometryMode(G_LIGHTING),
	gsDPPipeSync(),
	gsDPSetAlphaDither(G_AD_DISABLE),
	gsDPSetTextureLUT(G_TT_NONE),
	gsSPEndDisplayList(),
};

Gfx mat_pitstop_dl_brick[] = {
	gsSPClearGeometryMode(G_LIGHTING),
	gsDPPipeSync(),
	gsDPSetCombineLERP(TEXEL0, 0, SHADE, 0, ENVIRONMENT, 0, SHADE, 0, TEXEL0, 0, SHADE, 0, ENVIRONMENT, 0, SHADE, 0),
	gsDPSetAlphaDither(G_AD_NOISE),
	gsDPSetTextureLUT(G_TT_RGBA16),
	gsSPTexture(65535, 65535, 0, 0, 1),
	gsDPSetTextureImage(G_IM_FMT_RGBA, G_IM_SIZ_16b, 1, pitstop_dl_subwaytile_pal_rgba16),
	gsDPSetTile(0, 0, 0, 256, 5, 0, G_TX_WRAP | G_TX_NOMIRROR, 0, 0, G_TX_WRAP | G_TX_NOMIRROR, 0, 0),
	gsDPLoadTLUTCmd(5, 62),
	gsDPSetTextureImage(G_IM_FMT_CI, G_IM_SIZ_8b_LOAD_BLOCK, 1, pitstop_dl_subwaytile_ci8),
	gsDPSetTile(G_IM_FMT_CI, G_IM_SIZ_8b_LOAD_BLOCK, 0, 0, 7, 0, G_TX_WRAP | G_TX_NOMIRROR, 0, 0, G_TX_WRAP | G_TX_NOMIRROR, 0, 0),
	gsDPLoadBlock(7, 0, 0, 1023, 512),
	gsDPSetTile(G_IM_FMT_CI, G_IM_SIZ_8b, 4, 0, 0, 0, G_TX_WRAP | G_TX_NOMIRROR, 6, 0, G_TX_WRAP | G_TX_NOMIRROR, 5, 0),
	gsDPSetTileSize(0, 0, 0, 124, 252),
	gsSPEndDisplayList(),
};

Gfx mat_revert_pitstop_dl_brick[] = {
	gsSPSetGeometryMode(G_LIGHTING),
	gsDPPipeSync(),
	gsDPSetAlphaDither(G_AD_DISABLE),
	gsDPSetTextureLUT(G_TT_NONE),
	gsSPEndDisplayList(),
};

Gfx mat_pitstop_dl_f3dlite_material_001[] = {
	gsSPClearGeometryMode(G_LIGHTING),
	gsDPPipeSync(),
	gsDPSetCombineLERP(TEXEL0, 0, SHADE, 0, ENVIRONMENT, 0, SHADE, 0, TEXEL0, 0, SHADE, 0, ENVIRONMENT, 0, SHADE, 0),
	gsDPSetAlphaDither(G_AD_NOISE),
	gsSPTexture(65535, 65535, 0, 0, 1),
	gsDPSetTextureImage(G_IM_FMT_I, G_IM_SIZ_8b_LOAD_BLOCK, 1, pitstop_dl_CrustyTile_i8),
	gsDPSetTile(G_IM_FMT_I, G_IM_SIZ_8b_LOAD_BLOCK, 0, 0, 7, 0, G_TX_WRAP | G_TX_NOMIRROR, 0, 0, G_TX_WRAP | G_TX_NOMIRROR, 0, 0),
	gsDPLoadBlock(7, 0, 0, 511, 512),
	gsDPSetTile(G_IM_FMT_I, G_IM_SIZ_8b, 4, 0, 0, 0, G_TX_WRAP | G_TX_NOMIRROR, 5, 0, G_TX_WRAP | G_TX_NOMIRROR, 5, 0),
	gsDPSetTileSize(0, 0, 0, 124, 124),
	gsSPEndDisplayList(),
};

Gfx mat_revert_pitstop_dl_f3dlite_material_001[] = {
	gsSPSetGeometryMode(G_LIGHTING),
	gsDPPipeSync(),
	gsDPSetAlphaDither(G_AD_DISABLE),
	gsSPEndDisplayList(),
};

Gfx mat_pitstop_dl_drinks[] = {
	gsDPPipeSync(),
	gsDPSetCombineLERP(0, 0, 0, TEXEL0, 0, 0, 0, ENVIRONMENT, 0, 0, 0, TEXEL0, 0, 0, 0, ENVIRONMENT),
	gsDPSetAlphaDither(G_AD_NOISE),
	gsSPTexture(65535, 65535, 0, 0, 1),
	gsDPSetTextureImage(G_IM_FMT_RGBA, G_IM_SIZ_16b_LOAD_BLOCK, 1, pitstop_dl_drinks_rgba16),
	gsDPSetTile(G_IM_FMT_RGBA, G_IM_SIZ_16b_LOAD_BLOCK, 0, 0, 7, 0, G_TX_WRAP | G_TX_NOMIRROR, 0, 0, G_TX_WRAP | G_TX_NOMIRROR, 0, 0),
	gsDPLoadBlock(7, 0, 0, 2047, 256),
	gsDPSetTile(G_IM_FMT_RGBA, G_IM_SIZ_16b, 8, 0, 0, 0, G_TX_WRAP | G_TX_NOMIRROR, 6, 0, G_TX_WRAP | G_TX_NOMIRROR, 5, 0),
	gsDPSetTileSize(0, 0, 0, 124, 252),
	gsSPEndDisplayList(),
};

Gfx mat_revert_pitstop_dl_drinks[] = {
	gsDPPipeSync(),
	gsDPSetAlphaDither(G_AD_DISABLE),
	gsSPEndDisplayList(),
};

Gfx mat_pitstop_dl_chips[] = {
	gsSPClearGeometryMode(G_CULL_BACK),
	gsDPPipeSync(),
	gsDPSetCombineLERP(0, 0, 0, TEXEL0, 0, 0, 0, ENVIRONMENT, 0, 0, 0, TEXEL0, 0, 0, 0, ENVIRONMENT),
	gsDPSetAlphaDither(G_AD_NOISE),
	gsSPTexture(65535, 65535, 0, 0, 1),
	gsDPSetTextureImage(G_IM_FMT_RGBA, G_IM_SIZ_16b_LOAD_BLOCK, 1, pitstop_dl_chips_rgba16),
	gsDPSetTile(G_IM_FMT_RGBA, G_IM_SIZ_16b_LOAD_BLOCK, 0, 0, 7, 0, G_TX_WRAP | G_TX_NOMIRROR, 0, 0, G_TX_WRAP | G_TX_NOMIRROR, 0, 0),
	gsDPLoadBlock(7, 0, 0, 2047, 256),
	gsDPSetTile(G_IM_FMT_RGBA, G_IM_SIZ_16b, 8, 0, 0, 0, G_TX_WRAP | G_TX_NOMIRROR, 6, 0, G_TX_WRAP | G_TX_NOMIRROR, 5, 0),
	gsDPSetTileSize(0, 0, 0, 124, 252),
	gsSPEndDisplayList(),
};

Gfx mat_revert_pitstop_dl_chips[] = {
	gsSPSetGeometryMode(G_CULL_BACK),
	gsDPPipeSync(),
	gsDPSetAlphaDither(G_AD_DISABLE),
	gsSPEndDisplayList(),
};

Gfx mat_pitstop_dl_sign[] = {
	gsSPClearGeometryMode(G_CULL_BACK),
	gsDPPipeSync(),
	gsDPSetCombineLERP(0, 0, 0, TEXEL0, 0, 0, 0, TEXEL0, 0, 0, 0, TEXEL0, 0, 0, 0, TEXEL0),
	gsDPSetAlphaDither(G_AD_NOISE),
	gsSPTexture(65535, 65535, 0, 0, 1),
	gsSPEndDisplayList(),
};

Gfx mat_revert_pitstop_dl_sign[] = {
	gsSPSetGeometryMode(G_CULL_BACK),
	gsDPPipeSync(),
	gsDPSetAlphaDither(G_AD_DISABLE),
	gsSPEndDisplayList(),
};

Gfx mat_pitstop_dl_f3dlite_material_002[] = {
	gsSPClearGeometryMode(G_LIGHTING),
	gsDPPipeSync(),
	gsDPSetCombineLERP(TEXEL0, 0, SHADE, 0, ENVIRONMENT, 0, SHADE, 0, TEXEL0, 0, SHADE, 0, ENVIRONMENT, 0, SHADE, 0),
	gsDPSetAlphaDither(G_AD_NOISE),
	gsSPTexture(65535, 65535, 0, 0, 1),
	gsDPSetTextureImage(G_IM_FMT_I, G_IM_SIZ_8b_LOAD_BLOCK, 1, pitstop_dl_diamond_plate_i8),
	gsDPSetTile(G_IM_FMT_I, G_IM_SIZ_8b_LOAD_BLOCK, 0, 0, 7, 0, G_TX_WRAP | G_TX_NOMIRROR, 0, 0, G_TX_WRAP | G_TX_NOMIRROR, 0, 0),
	gsDPLoadBlock(7, 0, 0, 2047, 256),
	gsDPSetTile(G_IM_FMT_I, G_IM_SIZ_8b, 8, 0, 0, 0, G_TX_WRAP | G_TX_NOMIRROR, 6, 0, G_TX_WRAP | G_TX_NOMIRROR, 6, 0),
	gsDPSetTileSize(0, 0, 0, 252, 252),
	gsSPEndDisplayList(),
};

Gfx mat_revert_pitstop_dl_f3dlite_material_002[] = {
	gsSPSetGeometryMode(G_LIGHTING),
	gsDPPipeSync(),
	gsDPSetAlphaDither(G_AD_DISABLE),
	gsSPEndDisplayList(),
};

Gfx mat_pitstop_dl_sandAlpha[] = {
	gsSPClearGeometryMode(G_LIGHTING),
	gsDPPipeSync(),
	gsDPSetCombineLERP(TEXEL0, 0, SHADE, 0, ENVIRONMENT, 0, SHADE, 0, TEXEL0, 0, SHADE, 0, ENVIRONMENT, 0, SHADE, 0),
	gsDPSetAlphaDither(G_AD_NOISE),
	gsDPSetTextureLUT(G_TT_RGBA16),
	gsSPTexture(65535, 65535, 0, 0, 1),
	gsDPSetTextureImage(G_IM_FMT_RGBA, G_IM_SIZ_16b, 1, pitstop_dl_desertSand_pal_rgba16),
	gsDPSetTile(0, 0, 0, 256, 5, 0, G_TX_WRAP | G_TX_NOMIRROR, 0, 0, G_TX_WRAP | G_TX_NOMIRROR, 0, 0),
	gsDPLoadTLUTCmd(5, 23),
	gsDPSetTextureImage(G_IM_FMT_CI, G_IM_SIZ_8b_LOAD_BLOCK, 1, pitstop_dl_desertSand_ci8),
	gsDPSetTile(G_IM_FMT_CI, G_IM_SIZ_8b_LOAD_BLOCK, 0, 0, 7, 0, G_TX_WRAP | G_TX_NOMIRROR, 0, 0, G_TX_WRAP | G_TX_NOMIRROR, 0, 0),
	gsDPLoadBlock(7, 0, 0, 1023, 256),
	gsDPSetTile(G_IM_FMT_CI, G_IM_SIZ_8b, 8, 0, 0, 0, G_TX_WRAP | G_TX_NOMIRROR, 5, 0, G_TX_WRAP | G_TX_NOMIRROR, 6, 0),
	gsDPSetTileSize(0, 0, 0, 252, 124),
	gsSPEndDisplayList(),
};

Gfx mat_revert_pitstop_dl_sandAlpha[] = {
	gsSPSetGeometryMode(G_LIGHTING),
	gsDPPipeSync(),
	gsDPSetAlphaDither(G_AD_DISABLE),
	gsDPSetTextureLUT(G_TT_NONE),
	gsSPEndDisplayList(),
};

Gfx mat_pitstop_dl_roadAlpha[] = {
	gsSPClearGeometryMode(G_LIGHTING),
	gsDPPipeSync(),
	gsDPSetCombineLERP(TEXEL0, 0, SHADE, 0, ENVIRONMENT, 0, SHADE, 0, TEXEL0, 0, SHADE, 0, ENVIRONMENT, 0, SHADE, 0),
	gsDPSetAlphaDither(G_AD_NOISE),
	gsDPSetTextureLUT(G_TT_RGBA16),
	gsSPTexture(65535, 65535, 0, 0, 1),
	gsDPSetTextureImage(G_IM_FMT_RGBA, G_IM_SIZ_16b, 1, pitstop_dl_street_pal_rgba16),
	gsDPSetTile(0, 0, 0, 256, 5, 0, G_TX_WRAP | G_TX_NOMIRROR, 0, 0, G_TX_WRAP | G_TX_NOMIRROR, 0, 0),
	gsDPLoadTLUTCmd(5, 9),
	gsDPSetTextureImage(G_IM_FMT_CI, G_IM_SIZ_16b, 1, pitstop_dl_street_ci4),
	gsDPSetTile(G_IM_FMT_CI, G_IM_SIZ_16b, 0, 0, 7, 0, G_TX_WRAP | G_TX_NOMIRROR, 0, 0, G_TX_WRAP | G_TX_NOMIRROR, 0, 0),
	gsDPLoadBlock(7, 0, 0, 511, 512),
	gsDPSetTile(G_IM_FMT_CI, G_IM_SIZ_4b, 4, 0, 0, 0, G_TX_WRAP | G_TX_NOMIRROR, 5, 0, G_TX_WRAP | G_TX_NOMIRROR, 6, 0),
	gsDPSetTileSize(0, 0, 0, 252, 124),
	gsSPEndDisplayList(),
};

Gfx mat_revert_pitstop_dl_roadAlpha[] = {
	gsSPSetGeometryMode(G_LIGHTING),
	gsDPPipeSync(),
	gsDPSetAlphaDither(G_AD_DISABLE),
	gsDPSetTextureLUT(G_TT_NONE),
	gsSPEndDisplayList(),
};

Gfx mat_pitstop_dl_f3dlite_material_004[] = {
	gsSPClearGeometryMode(G_LIGHTING),
	gsDPPipeSync(),
	gsDPSetCombineLERP(TEXEL0, 0, SHADE, 0, ENVIRONMENT, 0, SHADE, 0, TEXEL0, 0, SHADE, 0, ENVIRONMENT, 0, SHADE, 0),
	gsDPSetAlphaDither(G_AD_NOISE),
	gsDPSetTextureLUT(G_TT_RGBA16),
	gsSPTexture(65535, 65535, 0, 0, 1),
	gsDPSetTextureImage(G_IM_FMT_RGBA, G_IM_SIZ_16b, 1, pitstop_dl_CastleCarpetRed_pal_rgba16),
	gsDPSetTile(0, 0, 0, 256, 5, 0, G_TX_WRAP | G_TX_NOMIRROR, 0, 0, G_TX_WRAP | G_TX_NOMIRROR, 0, 0),
	gsDPLoadTLUTCmd(5, 125),
	gsDPSetTextureImage(G_IM_FMT_CI, G_IM_SIZ_8b_LOAD_BLOCK, 1, pitstop_dl_CastleCarpetRed_ci8),
	gsDPSetTile(G_IM_FMT_CI, G_IM_SIZ_8b_LOAD_BLOCK, 0, 0, 7, 0, G_TX_WRAP | G_TX_NOMIRROR, 0, 0, G_TX_WRAP | G_TX_NOMIRROR, 0, 0),
	gsDPLoadBlock(7, 0, 0, 1023, 512),
	gsDPSetTile(G_IM_FMT_CI, G_IM_SIZ_8b, 4, 0, 0, 0, G_TX_WRAP | G_TX_MIRROR, 6, 0, G_TX_WRAP | G_TX_NOMIRROR, 5, 0),
	gsDPSetTileSize(0, 0, 0, 124, 252),
	gsSPEndDisplayList(),
};

Gfx mat_revert_pitstop_dl_f3dlite_material_004[] = {
	gsSPSetGeometryMode(G_LIGHTING),
	gsDPPipeSync(),
	gsDPSetAlphaDither(G_AD_DISABLE),
	gsDPSetTextureLUT(G_TT_NONE),
	gsSPEndDisplayList(),
};

Gfx mat_pitstop_dl_f3dlite_material_005[] = {
	gsDPPipeSync(),
	gsDPSetCombineLERP(0, 0, 0, TEXEL0, 0, 0, 0, TEXEL0, 0, 0, 0, TEXEL0, 0, 0, 0, TEXEL0),
	gsDPSetAlphaDither(G_AD_NOISE),
	gsSPTexture(65535, 65535, 0, 0, 1),
	gsDPSetTextureImage(G_IM_FMT_IA, G_IM_SIZ_16b, 1, pitstop_dl_rtron_ia4),
	gsDPSetTile(G_IM_FMT_IA, G_IM_SIZ_16b, 0, 0, 7, 0, G_TX_WRAP | G_TX_NOMIRROR, 0, 0, G_TX_WRAP | G_TX_NOMIRROR, 0, 0),
	gsDPLoadBlock(7, 0, 0, 2047, 256),
	gsDPSetTile(G_IM_FMT_IA, G_IM_SIZ_4b, 8, 0, 0, 0, G_TX_WRAP | G_TX_NOMIRROR, 6, 0, G_TX_WRAP | G_TX_NOMIRROR, 7, 0),
	gsDPSetTileSize(0, 0, 0, 508, 252),
	gsSPEndDisplayList(),
};

Gfx mat_revert_pitstop_dl_f3dlite_material_005[] = {
	gsDPPipeSync(),
	gsDPSetAlphaDither(G_AD_DISABLE),
	gsSPEndDisplayList(),
};

Gfx mat_pitstop_dl_f3dlite_material_006[] = {
	gsSPClearGeometryMode(G_LIGHTING),
	gsDPPipeSync(),
	gsDPSetCombineLERP(TEXEL0, 0, SHADE, 0, ENVIRONMENT, 0, SHADE, 0, TEXEL0, 0, SHADE, 0, ENVIRONMENT, 0, SHADE, 0),
	gsDPSetAlphaDither(G_AD_NOISE),
	gsSPTexture(65535, 65535, 0, 0, 1),
	gsDPSetTextureImage(G_IM_FMT_RGBA, G_IM_SIZ_16b_LOAD_BLOCK, 1, pitstop_dl_gaspump_rgba16),
	gsDPSetTile(G_IM_FMT_RGBA, G_IM_SIZ_16b_LOAD_BLOCK, 0, 0, 7, 0, G_TX_WRAP | G_TX_NOMIRROR, 0, 0, G_TX_WRAP | G_TX_NOMIRROR, 0, 0),
	gsDPLoadBlock(7, 0, 0, 2047, 256),
	gsDPSetTile(G_IM_FMT_RGBA, G_IM_SIZ_16b, 8, 0, 0, 0, G_TX_WRAP | G_TX_NOMIRROR, 6, 0, G_TX_WRAP | G_TX_NOMIRROR, 5, 0),
	gsDPSetTileSize(0, 0, 0, 124, 252),
	gsSPEndDisplayList(),
};

Gfx mat_revert_pitstop_dl_f3dlite_material_006[] = {
	gsSPSetGeometryMode(G_LIGHTING),
	gsDPPipeSync(),
	gsDPSetAlphaDither(G_AD_DISABLE),
	gsSPEndDisplayList(),
};

Gfx mat_pitstop_dl_f3dlite_material_007[] = {
	gsSPClearGeometryMode(G_LIGHTING),
	gsDPPipeSync(),
	gsDPSetCombineLERP(TEXEL0, 0, SHADE, 0, ENVIRONMENT, 0, SHADE, 0, TEXEL0, 0, SHADE, 0, ENVIRONMENT, 0, SHADE, 0),
	gsDPSetAlphaDither(G_AD_NOISE),
	gsDPSetTextureLUT(G_TT_RGBA16),
	gsSPTexture(65535, 65535, 0, 0, 1),
	gsDPSetTextureImage(G_IM_FMT_RGBA, G_IM_SIZ_16b, 1, pitstop_dl_CrateRedBrown_pal_rgba16),
	gsDPSetTile(0, 0, 0, 256, 5, 0, G_TX_WRAP | G_TX_NOMIRROR, 0, 0, G_TX_WRAP | G_TX_NOMIRROR, 0, 0),
	gsDPLoadTLUTCmd(5, 47),
	gsDPSetTextureImage(G_IM_FMT_CI, G_IM_SIZ_8b_LOAD_BLOCK, 1, pitstop_dl_CrateRedBrown_ci8),
	gsDPSetTile(G_IM_FMT_CI, G_IM_SIZ_8b_LOAD_BLOCK, 0, 0, 7, 0, G_TX_WRAP | G_TX_NOMIRROR, 0, 0, G_TX_WRAP | G_TX_NOMIRROR, 0, 0),
	gsDPLoadBlock(7, 0, 0, 1023, 512),
	gsDPSetTile(G_IM_FMT_CI, G_IM_SIZ_8b, 4, 0, 0, 0, G_TX_WRAP | G_TX_NOMIRROR, 6, 0, G_TX_WRAP | G_TX_NOMIRROR, 5, 0),
	gsDPSetTileSize(0, 0, 0, 124, 252),
	gsSPEndDisplayList(),
};

Gfx mat_revert_pitstop_dl_f3dlite_material_007[] = {
	gsSPSetGeometryMode(G_LIGHTING),
	gsDPPipeSync(),
	gsDPSetAlphaDither(G_AD_DISABLE),
	gsDPSetTextureLUT(G_TT_NONE),
	gsSPEndDisplayList(),
};

Gfx pitstop_dl_vis_mesh_layer_5[] = {
	gsSPDisplayList(mat_pitstop_dl_window),
	gsSPDisplayList(pitstop_dl_vis_mesh_layer_5_tri_0),
	gsSPDisplayList(mat_revert_pitstop_dl_window),
	gsSPDisplayList(mat_pitstop_dl_sign),
	gsSPDisplayList(pitstop_dl_vis_mesh_layer_5_tri_1),
	gsSPDisplayList(mat_revert_pitstop_dl_sign),
	gsSPDisplayList(mat_pitstop_dl_sandAlpha),
	gsSPDisplayList(pitstop_dl_vis_mesh_layer_5_tri_2),
	gsSPDisplayList(mat_revert_pitstop_dl_sandAlpha),
	gsSPDisplayList(mat_pitstop_dl_roadAlpha),
	gsSPDisplayList(pitstop_dl_vis_mesh_layer_5_tri_3),
	gsSPDisplayList(mat_revert_pitstop_dl_roadAlpha),
	gsDPPipeSync(),
	gsSPSetGeometryMode(G_LIGHTING),
	gsSPClearGeometryMode(G_TEXTURE_GEN),
	gsDPSetCombineLERP(0, 0, 0, SHADE, 0, 0, 0, ENVIRONMENT, 0, 0, 0, SHADE, 0, 0, 0, ENVIRONMENT),
	gsSPTexture(65535, 65535, 0, 0, 0),
	gsDPSetEnvColor(255, 255, 255, 255),
	gsDPSetAlphaCompare(G_AC_NONE),
	gsSPEndDisplayList(),
};

Gfx pitstop_dl_vis_mesh_layer_1[] = {
	gsSPDisplayList(mat_pitstop_dl_road),
	gsSPDisplayList(pitstop_dl_vis_mesh_layer_1_tri_0),
	gsSPDisplayList(mat_revert_pitstop_dl_road),
	gsSPDisplayList(mat_pitstop_dl_sand),
	gsSPDisplayList(pitstop_dl_vis_mesh_layer_1_tri_1),
	gsSPDisplayList(mat_revert_pitstop_dl_sand),
	gsSPDisplayList(mat_pitstop_dl_concrete),
	gsSPDisplayList(pitstop_dl_vis_mesh_layer_1_tri_2),
	gsSPDisplayList(mat_revert_pitstop_dl_concrete),
	gsSPDisplayList(mat_pitstop_dl_sidewalk),
	gsSPDisplayList(pitstop_dl_vis_mesh_layer_1_tri_3),
	gsSPDisplayList(mat_revert_pitstop_dl_sidewalk),
	gsSPDisplayList(mat_pitstop_dl_brick),
	gsSPDisplayList(pitstop_dl_vis_mesh_layer_1_tri_4),
	gsSPDisplayList(mat_revert_pitstop_dl_brick),
	gsSPDisplayList(mat_pitstop_dl_f3dlite_material_001),
	gsSPDisplayList(pitstop_dl_vis_mesh_layer_1_tri_5),
	gsSPDisplayList(mat_revert_pitstop_dl_f3dlite_material_001),
	gsSPDisplayList(mat_pitstop_dl_drinks),
	gsSPDisplayList(pitstop_dl_vis_mesh_layer_1_tri_6),
	gsSPDisplayList(mat_revert_pitstop_dl_drinks),
	gsSPDisplayList(mat_pitstop_dl_chips),
	gsSPDisplayList(pitstop_dl_vis_mesh_layer_1_tri_7),
	gsSPDisplayList(mat_revert_pitstop_dl_chips),
	gsSPDisplayList(mat_pitstop_dl_f3dlite_material_002),
	gsSPDisplayList(pitstop_dl_vis_mesh_layer_1_tri_8),
	gsSPDisplayList(mat_revert_pitstop_dl_f3dlite_material_002),
	gsSPDisplayList(mat_pitstop_dl_f3dlite_material_004),
	gsSPDisplayList(pitstop_dl_vis_mesh_layer_1_tri_9),
	gsSPDisplayList(mat_revert_pitstop_dl_f3dlite_material_004),
	gsSPDisplayList(mat_pitstop_dl_f3dlite_material_006),
	gsSPDisplayList(pitstop_dl_vis_mesh_layer_1_tri_10),
	gsSPDisplayList(mat_revert_pitstop_dl_f3dlite_material_006),
	gsSPDisplayList(mat_pitstop_dl_f3dlite_material_007),
	gsSPDisplayList(pitstop_dl_vis_mesh_layer_1_tri_11),
	gsSPDisplayList(mat_revert_pitstop_dl_f3dlite_material_007),
	gsDPPipeSync(),
	gsSPSetGeometryMode(G_LIGHTING),
	gsSPClearGeometryMode(G_TEXTURE_GEN),
	gsDPSetCombineLERP(0, 0, 0, SHADE, 0, 0, 0, ENVIRONMENT, 0, 0, 0, SHADE, 0, 0, 0, ENVIRONMENT),
	gsSPTexture(65535, 65535, 0, 0, 0),
	gsDPSetEnvColor(255, 255, 255, 255),
	gsDPSetAlphaCompare(G_AC_NONE),
	gsSPEndDisplayList(),
};

Gfx pitstop_dl_vis_mesh_layer_6[] = {
	gsSPDisplayList(mat_pitstop_dl_f3dlite_material_005),
	gsSPDisplayList(pitstop_dl_vis_mesh_layer_6_tri_0),
	gsSPDisplayList(mat_revert_pitstop_dl_f3dlite_material_005),
	gsDPPipeSync(),
	gsSPSetGeometryMode(G_LIGHTING),
	gsSPClearGeometryMode(G_TEXTURE_GEN),
	gsDPSetCombineLERP(0, 0, 0, SHADE, 0, 0, 0, ENVIRONMENT, 0, 0, 0, SHADE, 0, 0, 0, ENVIRONMENT),
	gsSPTexture(65535, 65535, 0, 0, 0),
	gsDPSetEnvColor(255, 255, 255, 255),
	gsDPSetAlphaCompare(G_AC_NONE),
	gsSPEndDisplayList(),
};

