Gfx rgrindr_diamond_plate_i8_aligner[] = {gsSPEndDisplayList()};
u8 rgrindr_diamond_plate_i8[] = {
	0x68, 0x3f, 0x49, 0x6b, 0x7b, 0x70, 0x63, 0x55, 
	0x5e, 0x68, 0x66, 0x60, 0x7e, 0x5b, 0x4a, 0x57, 
	0x62, 0x73, 0x60, 0x57, 0x5c, 0x73, 0x67, 0x6c, 
	0x66, 0x7e, 0x48, 0x3f, 0x5e, 0x82, 0x73, 0x72, 
	0x65, 0x62, 0x60, 0x68, 0x63, 0x52, 0x76, 0x3f, 
	0x47, 0x55, 0x5b, 0x72, 0x68, 0x57, 0x63, 0x70, 
	0x70, 0x63, 0x54, 0x75, 0x45, 0x42, 0x51, 0x58, 
	0x68, 0x6a, 0x6c, 0x60, 0x64, 0x71, 0x6c, 0x83, 
	0x9b, 0x6c, 0x3d, 0x4d, 0x6b, 0x66, 0x65, 0x6b, 
	0x5b, 0x53, 0x6d, 0x60, 0x5d, 0xa3, 0x6e, 0x44, 
	0x4d, 0x5b, 0x54, 0x69, 0x72, 0x66, 0x60, 0x59, 
	0x5e, 0x7a, 0x97, 0x62, 0x4a, 0x77, 0xa2, 0x82, 
	0x6a, 0x6d, 0x6a, 0x6d, 0x64, 0x54, 0x7d, 0x8c, 
	0x5e, 0x3d, 0x54, 0x5d, 0x65, 0x61, 0x64, 0x58, 
	0x5e, 0x5f, 0x4e, 0x9e, 0x84, 0x48, 0x38, 0x44, 
	0x60, 0x6f, 0x5a, 0x5e, 0x60, 0x72, 0x69, 0x65, 
	0x99, 0x9d, 0x7f, 0x3f, 0x4e, 0x51, 0x47, 0x55, 
	0x5d, 0x62, 0x61, 0x70, 0x5b, 0x83, 0xa5, 0x6c, 
	0x3f, 0x42, 0x5c, 0x73, 0x5f, 0x56, 0x6b, 0x65, 
	0x5b, 0x61, 0xac, 0x9a, 0x74, 0x63, 0xa9, 0x98, 
	0x7a, 0x67, 0x6a, 0x6c, 0x6c, 0x55, 0x71, 0xa4, 
	0x91, 0x77, 0x4e, 0x5c, 0x73, 0x5e, 0x5f, 0x77, 
	0x67, 0x5e, 0x5c, 0x66, 0xb4, 0x95, 0x52, 0x3a, 
	0x4f, 0x5b, 0x5d, 0x65, 0x60, 0x62, 0x67, 0x57, 
	0x55, 0xa9, 0x9c, 0x70, 0x3f, 0x4f, 0x53, 0x49, 
	0x67, 0x6f, 0x6a, 0x6e, 0x67, 0x73, 0xa9, 0xab, 
	0x6c, 0x3d, 0x49, 0x57, 0x54, 0x63, 0x67, 0x63, 
	0x5e, 0x69, 0x66, 0xb3, 0x97, 0x7d, 0x6a, 0xab, 
	0x79, 0x73, 0x6f, 0x6e, 0x68, 0x68, 0x52, 0x79, 
	0xb9, 0x95, 0x5b, 0x47, 0x5f, 0x5d, 0x6f, 0x66, 
	0x68, 0x63, 0x5d, 0x4f, 0x87, 0xb9, 0x95, 0x47, 
	0x3f, 0x57, 0x60, 0x5e, 0x5c, 0x6c, 0x6d, 0x5b, 
	0x4b, 0x62, 0xb1, 0xb5, 0x70, 0x4a, 0x55, 0x60, 
	0x61, 0x5b, 0x65, 0x5e, 0x66, 0x50, 0x58, 0x9d, 
	0xbb, 0x67, 0x45, 0x5e, 0x63, 0x5c, 0x57, 0x6d, 
	0x67, 0x79, 0x6b, 0x7c, 0xae, 0x9c, 0x76, 0x7f, 
	0x8a, 0x77, 0x71, 0x7f, 0x63, 0x5a, 0x62, 0x5f, 
	0x7a, 0xb4, 0x95, 0x50, 0x51, 0x60, 0x74, 0x73, 
	0x65, 0x56, 0x55, 0x4f, 0x5e, 0x8f, 0xbf, 0x8d, 
	0x3f, 0x61, 0x59, 0x4e, 0x57, 0x67, 0x55, 0x55, 
	0x4f, 0x4c, 0x50, 0x89, 0xb0, 0x74, 0x5b, 0x66, 
	0x5f, 0x5b, 0x5a, 0x58, 0x50, 0x57, 0x51, 0x4f, 
	0x7d, 0xab, 0x72, 0x62, 0x4c, 0x4d, 0x55, 0x4d, 
	0x6c, 0x5c, 0x6a, 0x6e, 0x64, 0x89, 0x97, 0x7d, 
	0x70, 0x61, 0x5f, 0x66, 0x5d, 0x54, 0x5b, 0x59, 
	0x72, 0x6a, 0xa6, 0x9d, 0x4e, 0x51, 0x65, 0x62, 
	0x46, 0x49, 0x47, 0x47, 0x57, 0x5d, 0x71, 0xaa, 
	0x92, 0x46, 0x4c, 0x54, 0x57, 0x55, 0x48, 0x4b, 
	0x55, 0x52, 0x57, 0x60, 0x6d, 0x5a, 0x67, 0x41, 
	0x3a, 0x48, 0x3e, 0x52, 0x51, 0x61, 0x4f, 0x47, 
	0x4f, 0x51, 0x54, 0x46, 0x61, 0x51, 0x48, 0x43, 
	0x67, 0x65, 0x5c, 0x6d, 0x61, 0x6d, 0x6c, 0x77, 
	0x61, 0x4f, 0x59, 0x43, 0x55, 0x54, 0x57, 0x61, 
	0x51, 0x62, 0x62, 0x61, 0x58, 0x4b, 0x52, 0x44, 
	0x3e, 0x48, 0x4c, 0x58, 0x59, 0x5c, 0x57, 0x54, 
	0x4b, 0x46, 0x4a, 0x4a, 0x3f, 0x3a, 0x46, 0x4b, 
	0x55, 0x57, 0x54, 0x5d, 0x64, 0x54, 0x55, 0x3b, 
	0x3e, 0x43, 0x79, 0x8a, 0x50, 0x61, 0x51, 0x69, 
	0x5f, 0x59, 0x63, 0x53, 0x54, 0x3e, 0x68, 0x8b, 
	0x57, 0x6e, 0x67, 0x6a, 0x68, 0x7a, 0x75, 0x74, 
	0x65, 0x48, 0x42, 0x6f, 0x89, 0x57, 0x5d, 0x63, 
	0x5d, 0x5a, 0x5d, 0x5f, 0x56, 0x58, 0x4e, 0x4e, 
	0x70, 0x89, 0x51, 0x6a, 0x71, 0x68, 0x6a, 0x55, 
	0x54, 0x4d, 0x43, 0x37, 0x3e, 0x67, 0x7c, 0x51, 
	0x50, 0x52, 0x4c, 0x56, 0x61, 0x63, 0x5f, 0x46, 
	0x4d, 0x98, 0xad, 0x6f, 0x59, 0x5d, 0x5d, 0x60, 
	0x6b, 0x5a, 0x57, 0x4c, 0x3f, 0x79, 0xad, 0x7f, 
	0x60, 0x6c, 0x62, 0x73, 0x73, 0x7f, 0x75, 0x69, 
	0x4f, 0x44, 0x7d, 0xa5, 0x6b, 0x58, 0x72, 0x72, 
	0x64, 0x62, 0x6b, 0x6b, 0x65, 0x64, 0x51, 0x87, 
	0x9e, 0x69, 0x61, 0x77, 0x70, 0x6d, 0x61, 0x48, 
	0x45, 0x53, 0x46, 0x4a, 0x8b, 0x9a, 0x72, 0x4a, 
	0x50, 0x4e, 0x4e, 0x5a, 0x5d, 0x5b, 0x5e, 0x47, 
	0x98, 0xb2, 0x80, 0x59, 0x63, 0x69, 0x6c, 0x64, 
	0x6d, 0x67, 0x61, 0x4e, 0x7d, 0xb2, 0x97, 0x5f, 
	0x70, 0x6e, 0x62, 0x70, 0x7e, 0x80, 0x7b, 0x5a, 
	0x44, 0x78, 0x9f, 0x8e, 0x57, 0x5f, 0x75, 0x71, 
	0x77, 0x78, 0x73, 0x71, 0x6d, 0x49, 0x81, 0x9b, 
	0x8e, 0x5e, 0x78, 0x65, 0x77, 0x71, 0x65, 0x54, 
	0x49, 0x54, 0x3e, 0x6f, 0xa6, 0x98, 0x55, 0x55, 
	0x60, 0x4c, 0x57, 0x5e, 0x5c, 0x62, 0x57, 0x7b, 
	0xb2, 0x83, 0x5a, 0x67, 0x69, 0x62, 0x61, 0x5f, 
	0x67, 0x64, 0x5a, 0x5b, 0xb8, 0x97, 0x6c, 0x5b, 
	0x68, 0x62, 0x70, 0x7a, 0x83, 0x7b, 0x7c, 0x55, 
	0x65, 0xb5, 0x9e, 0x63, 0x5f, 0x77, 0x7d, 0x73, 
	0x77, 0x70, 0x75, 0x70, 0x5c, 0x6d, 0xae, 0x99, 
	0x65, 0x69, 0x79, 0x88, 0x7a, 0x75, 0x6a, 0x5c, 
	0x61, 0x4f, 0x5d, 0xab, 0x8e, 0x5d, 0x5b, 0x5b, 
	0x51, 0x4e, 0x5b, 0x77, 0x5d, 0x54, 0x73, 0xa9, 
	0x7e, 0x60, 0x5a, 0x6a, 0x64, 0x6a, 0x51, 0x5a, 
	0x73, 0x67, 0x5f, 0xa5, 0x90, 0x6d, 0x58, 0x62, 
	0x69, 0x4d, 0x5d, 0x70, 0x75, 0x6a, 0x77, 0x60, 
	0xa8, 0x8b, 0x61, 0x6f, 0x66, 0x77, 0x78, 0x6b, 
	0x6f, 0x7b, 0x6c, 0x6e, 0x65, 0xa1, 0x85, 0x68, 
	0x66, 0x6f, 0x7b, 0x7b, 0x7e, 0x6c, 0x55, 0x5e, 
	0x59, 0x5d, 0x90, 0x7d, 0x58, 0x55, 0x53, 0x67, 
	0x3f, 0x3e, 0x4a, 0x5f, 0x56, 0x5b, 0x65, 0x4c, 
	0x4b, 0x64, 0x65, 0x58, 0x5a, 0x45, 0x57, 0x55, 
	0x53, 0x53, 0x77, 0x6b, 0x54, 0x6c, 0x52, 0x66, 
	0x75, 0x4f, 0x48, 0x6b, 0x83, 0x6e, 0x5b, 0x61, 
	0x5e, 0x55, 0x62, 0x6b, 0x6e, 0x60, 0x42, 0x41, 
	0x5e, 0x6b, 0x79, 0x6f, 0x65, 0x5d, 0x4a, 0x50, 
	0x6e, 0x5e, 0x5a, 0x4a, 0x51, 0x60, 0x5b, 0x67, 
	0x55, 0x51, 0x60, 0x5a, 0x5e, 0x5a, 0x4b, 0x4c, 
	0x7b, 0x49, 0x4c, 0x45, 0x3f, 0x4e, 0x58, 0x4e, 
	0x5f, 0x6d, 0x5d, 0x70, 0x81, 0x6a, 0x3f, 0x3a, 
	0x49, 0x45, 0x5b, 0x6a, 0x6c, 0x60, 0x54, 0x6a, 
	0x5c, 0x7d, 0x69, 0x55, 0x66, 0x7b, 0x70, 0x5e, 
	0x5f, 0x68, 0x68, 0x77, 0x61, 0x54, 0x89, 0x5e, 
	0x3c, 0x51, 0x62, 0x67, 0x65, 0x65, 0x6d, 0x6e, 
	0x75, 0x6e, 0x5c, 0x76, 0x3e, 0x45, 0x49, 0x57, 
	0x57, 0x4e, 0x57, 0x5c, 0x67, 0x5b, 0x3d, 0x4e, 
	0x87, 0x7d, 0x63, 0x3d, 0x49, 0x4f, 0x47, 0x4e, 
	0x5b, 0x59, 0x65, 0x64, 0x79, 0xaa, 0x8d, 0x3c, 
	0x35, 0x42, 0x57, 0x66, 0x69, 0x68, 0x5d, 0x60, 
	0x51, 0x60, 0xa8, 0x81, 0x65, 0x65, 0x89, 0x5b, 
	0x6e, 0x78, 0x6e, 0x6c, 0x68, 0x5b, 0x7c, 0xa7, 
	0x77, 0x4a, 0x52, 0x74, 0x69, 0x6a, 0x6d, 0x80, 
	0x72, 0x6a, 0x56, 0x91, 0x74, 0x53, 0x3f, 0x41, 
	0x46, 0x56, 0x74, 0x7c, 0x7f, 0x5c, 0x45, 0x44, 
	0x57, 0xa1, 0x89, 0x66, 0x3f, 0x3f, 0x54, 0x51, 
	0x51, 0x5c, 0x5e, 0x5f, 0x4e, 0x8b, 0xae, 0x8c, 
	0x44, 0x40, 0x4e, 0x73, 0x70, 0x76, 0x68, 0x63, 
	0x61, 0x50, 0x8e, 0xae, 0x87, 0x61, 0x77, 0x6e, 
	0x7a, 0x78, 0x74, 0x71, 0x61, 0x55, 0x55, 0x9f, 
	0x9e, 0x72, 0x44, 0x58, 0x69, 0x80, 0x69, 0x59, 
	0x62, 0x5c, 0x5a, 0x73, 0xb0, 0x7f, 0x49, 0x48, 
	0x3f, 0x54, 0x62, 0x63, 0x76, 0x60, 0x52, 0x45, 
	0x56, 0x78, 0xbd, 0x9e, 0x5a, 0x3d, 0x60, 0x49, 
	0x45, 0x4b, 0x57, 0x78, 0x62, 0x56, 0xaa, 0xb0, 
	0x7a, 0x3e, 0x4e, 0x6b, 0x74, 0x6b, 0x69, 0x6a, 
	0x68, 0x60, 0x59, 0x98, 0xa1, 0x8a, 0x60, 0x61, 
	0x6f, 0x70, 0x69, 0x6f, 0x6b, 0x5d, 0x54, 0x6b, 
	0xb4, 0xa9, 0x6e, 0x3c, 0x67, 0x59, 0x55, 0x5b, 
	0x62, 0x59, 0x53, 0x53, 0x82, 0xbb, 0x8e, 0x45, 
	0x38, 0x52, 0x7b, 0x61, 0x72, 0x5e, 0x4d, 0x54, 
	0x73, 0x51, 0x79, 0xb0, 0xae, 0x56, 0x5e, 0x50, 
	0x4e, 0x4a, 0x4a, 0x4e, 0x4f, 0x4d, 0x60, 0x9e, 
	0xba, 0x74, 0x45, 0x6a, 0x80, 0x69, 0x62, 0x65, 
	0x75, 0x6d, 0x63, 0x67, 0x96, 0xa7, 0x89, 0x58, 
	0x6a, 0x67, 0x74, 0x69, 0x58, 0x60, 0x5e, 0x55, 
	0x68, 0xaa, 0xac, 0x54, 0x50, 0x60, 0x66, 0x6e, 
	0x64, 0x63, 0x6e, 0x5e, 0x53, 0x71, 0xae, 0x98, 
	0x40, 0x52, 0x58, 0x59, 0x67, 0x50, 0x47, 0x55, 
	0x3f, 0x4a, 0x49, 0x50, 0x82, 0x92, 0x4f, 0x55, 
	0x69, 0x59, 0x3e, 0x4e, 0x54, 0x5e, 0x4b, 0x4d, 
	0x77, 0xa8, 0x77, 0x68, 0x6f, 0x63, 0x51, 0x48, 
	0x4f, 0x5c, 0x68, 0x66, 0x67, 0x7b, 0x94, 0x79, 
	0x6a, 0x5e, 0x5b, 0x6e, 0x4f, 0x53, 0x58, 0x57, 
	0x48, 0x50, 0x80, 0x9f, 0x51, 0x4e, 0x54, 0x58, 
	0x50, 0x3f, 0x52, 0x54, 0x57, 0x53, 0x63, 0x8e, 
	0x83, 0x4b, 0x62, 0x5b, 0x4f, 0x45, 0x45, 0x51, 
	0x44, 0x45, 0x49, 0x46, 0x4a, 0x6c, 0x61, 0x52, 
	0x4a, 0x49, 0x40, 0x5a, 0x55, 0x6b, 0x58, 0x53, 
	0x77, 0x60, 0x5a, 0x7a, 0x70, 0x5e, 0x44, 0x55, 
	0x75, 0x53, 0x74, 0x6e, 0x8b, 0x72, 0x7e, 0x69, 
	0x5f, 0x54, 0x46, 0x4b, 0x63, 0x57, 0x4a, 0x6c, 
	0x52, 0x54, 0x56, 0x59, 0x5b, 0x4f, 0x43, 0x3a, 
	0x3d, 0x60, 0x44, 0x59, 0x64, 0x5d, 0x4a, 0x3d, 
	0x3d, 0x3c, 0x4d, 0x4a, 0x3c, 0x44, 0x78, 0x4e, 
	0x49, 0x5c, 0x64, 0x5e, 0x65, 0x78, 0x70, 0x58, 
	0x49, 0x5b, 0x90, 0x88, 0x4f, 0x5f, 0x5d, 0x73, 
	0x62, 0x82, 0x79, 0x6d, 0x62, 0x44, 0x64, 0x9a, 
	0x5f, 0x5d, 0x65, 0x8a, 0x7c, 0x82, 0x80, 0x7c, 
	0x58, 0x44, 0x56, 0x7b, 0x8d, 0x51, 0x57, 0x6d, 
	0x65, 0x65, 0x65, 0x59, 0x5e, 0x4f, 0x41, 0x60, 
	0x93, 0x6b, 0x4c, 0x49, 0x58, 0x4e, 0x51, 0x42, 
	0x40, 0x41, 0x43, 0x3c, 0x5e, 0x94, 0x78, 0x53, 
	0x60, 0x75, 0x62, 0x70, 0x6b, 0x7b, 0x68, 0x59, 
	0x5d, 0xa5, 0xad, 0x70, 0x63, 0x68, 0x66, 0x6a, 
	0x5e, 0x58, 0x79, 0x6b, 0x51, 0x80, 0xa1, 0x8d, 
	0x51, 0x6e, 0x80, 0x7d, 0x80, 0x88, 0x8c, 0x7c, 
	0x42, 0x4e, 0x8d, 0xa3, 0x6b, 0x6a, 0x61, 0x6f, 
	0x67, 0x6d, 0x67, 0x6b, 0x52, 0x44, 0x61, 0xa5, 
	0x8a, 0x45, 0x4d, 0x4f, 0x52, 0x65, 0x56, 0x3c, 
	0x3f, 0x36, 0x3c, 0x72, 0xa7, 0xa5, 0x54, 0x51, 
	0x57, 0x6f, 0x78, 0x7d, 0x6a, 0x60, 0x50, 0x50, 
	0xb5, 0xb7, 0x67, 0x6a, 0x73, 0x63, 0x51, 0x5b, 
	0x73, 0x7b, 0x88, 0x66, 0x75, 0xb5, 0xb0, 0x61, 
	0x5e, 0x68, 0x7b, 0x87, 0x81, 0x7b, 0x83, 0x7a, 
	0x48, 0x88, 0x9d, 0x77, 0x5f, 0x69, 0x6a, 0x71, 
	0x66, 0x5e, 0x73, 0x75, 0x5a, 0x54, 0x9e, 0xb0, 
	0x75, 0x4b, 0x4a, 0x59, 0x67, 0x59, 0x5e, 0x5b, 
	0x46, 0x3e, 0x5b, 0xa1, 0xb8, 0x6e, 0x63, 0x66, 
	0x62, 0x69, 0x82, 0x6f, 0x70, 0x77, 0x53, 0x9b, 
	0xb1, 0x78, 0x51, 0x72, 0x74, 0x6c, 0x59, 0x5b, 
	0x74, 0x72, 0x6d, 0x51, 0xb5, 0xa8, 0x65, 0x57, 
	0x5a, 0x58, 0x64, 0x70, 0x7b, 0x7e, 0x71, 0x70, 
	0x72, 0xb4, 0x84, 0x5d, 0x5c, 0x66, 0x70, 0x6c, 
	0x79, 0x7b, 0x66, 0x71, 0x55, 0x98, 0xb3, 0x79, 
	0x48, 0x3a, 0x4c, 0x54, 0x58, 0x54, 0x57, 0x6d, 
	0x4d, 0x4d, 0xa9, 0xaa, 0x65, 0x4b, 0x5a, 0x75, 
	0x56, 0x4b, 0x53, 0x68, 0x76, 0x76, 0x84, 0x93, 
	0x62, 0x5d, 0x60, 0x60, 0x60, 0x55, 0x51, 0x4c, 
	0x5b, 0x65, 0x51, 0x93, 0x89, 0x61, 0x54, 0x70, 
	0x74, 0x5a, 0x59, 0x6d, 0x87, 0x74, 0x74, 0x73, 
	0xa0, 0x67, 0x52, 0x73, 0x6b, 0x64, 0x68, 0x78, 
	0x84, 0x83, 0x6d, 0x67, 0x7d, 0x8f, 0x5a, 0x4c, 
	0x4c, 0x38, 0x49, 0x50, 0x49, 0x59, 0x5b, 0x61, 
	0x4e, 0x8e, 0x88, 0x49, 0x45, 0x57, 0x54, 0x4d, 
	0x35, 0x49, 0x44, 0x62, 0x6d, 0x73, 0x74, 0x67, 
	0x66, 0x62, 0x59, 0x6c, 0x69, 0x48, 0x40, 0x4f, 
	0x5d, 0x65, 0x63, 0x54, 0x5b, 0x62, 0x5f, 0x73, 
	0x63, 0x5f, 0x3c, 0x67, 0x71, 0x7f, 0x60, 0x72, 
	0x5b, 0x51, 0x56, 0x63, 0x6c, 0x4d, 0x4d, 0x3c, 
	0x5d, 0x59, 0x62, 0x67, 0x54, 0x43, 0x53, 0x44, 
	0x4b, 0x4b, 0x4c, 0x3e, 0x48, 0x43, 0x3c, 0x3e, 
	0x46, 0x4a, 0x50, 0x50, 0x4e, 0x4c, 0x4c, 0x62, 
	0x88, 0x50, 0x3b, 0x51, 0x5b, 0x6b, 0x61, 0x62, 
	0x65, 0x67, 0x64, 0x65, 0x79, 0x9f, 0x5d, 0x3d, 
	0x4d, 0x57, 0x5f, 0x64, 0x64, 0x5e, 0x70, 0x5f, 
	0x52, 0x98, 0x66, 0x47, 0x5d, 0x9c, 0x82, 0x65, 
	0x5e, 0x70, 0x6e, 0x74, 0x72, 0x5d, 0x7e, 0x69, 
	0x37, 0x47, 0x56, 0x6b, 0x74, 0x70, 0x62, 0x53, 
	0x5b, 0x53, 0x5c, 0x9c, 0x60, 0x3c, 0x3e, 0x43, 
	0x3b, 0x43, 0x50, 0x5e, 0x6b, 0x67, 0x55, 0x66, 
	0xa5, 0x93, 0x54, 0x48, 0x65, 0x61, 0x65, 0x5d, 
	0x69, 0x66, 0x5f, 0x53, 0x54, 0x96, 0xab, 0x78, 
	0x3e, 0x59, 0x50, 0x69, 0x72, 0x73, 0x63, 0x62, 
	0x55, 0x71, 0xa4, 0x76, 0x5a, 0x70, 0xa9, 0x83, 
	0x6b, 0x66, 0x67, 0x6f, 0x67, 0x59, 0x5c, 0xa8, 
	0x87, 0x54, 0x38, 0x54, 0x70, 0x65, 0x63, 0x5f, 
	0x5a, 0x4d, 0x49, 0x91, 0x92, 0x6b, 0x40, 0x3f, 
	0x3f, 0x42, 0x66, 0x6a, 0x6d, 0x62, 0x57, 0x4e, 
	0x7b, 0xab, 0xa4, 0x63, 0x40, 0x4d, 0x56, 0x60, 
	0x69, 0x60, 0x6f, 0x5c, 0x5a, 0x69, 0xb3, 0xad, 
	0x78, 0x42, 0x4a, 0x78, 0x73, 0x57, 0x53, 0x5b, 
	0x61, 0x4c, 0xa4, 0xa8, 0x89, 0x66, 0x9f, 0xa8, 
	0x88, 0x85, 0x7d, 0x6c, 0x70, 0x69, 0x65, 0x84, 
	0xa7, 0x8a, 0x61, 0x6a, 0x74, 0x96, 0x94, 0x6e, 
	0x63, 0x5a, 0x55, 0x66, 0xac, 0x97, 0x74, 0x57, 
	0x4b, 0x5b, 0x9e, 0x93, 0x7c, 0x71, 0x6c, 0x69, 
	0x4a, 0x90, 0xb6, 0xa1, 0x67, 0x61, 0x7c, 0x8b, 
	0x70, 0x72, 0x65, 0x72, 0x6c, 0x5b, 0x77, 0xb1, 
	0xa4, 0x66, 0x58, 0x7c, 0x79, 0x68, 0x65, 0x7c, 
	0x7d, 0x63, 0x79, 0xa4, 0xa1, 0x81, 0x82, 0xa2, 
	0xa2, 0x80, 0x72, 0x7e, 0x7f, 0x7a, 0x78, 0x83, 
	0x9b, 0xa1, 0x85, 0x65, 0x98, 0x94, 0x76, 0x6e, 
	0x6a, 0x5d, 0x66, 0x62, 0x79, 0xa3, 0x9a, 0x72, 
	0x55, 0xa5, 0x95, 0x6e, 0x69, 0x6f, 0x66, 0x66, 
	0x50, 0x5d, 0x80, 0xa8, 0x9a, 0x77, 0x79, 0x7a, 
	0x70, 0x7b, 0x74, 0x7a, 0x78, 0x57, 0x5a, 0x79, 
	0xa0, 0x9c, 0x66, 0x61, 0x70, 0x77, 0x73, 0x80, 
	0x76, 0x59, 0x6a, 0x70, 0x8d, 0x89, 0x7c, 0x7e, 
	0x75, 0x6a, 0x68, 0x71, 0x74, 0x73, 0x64, 0x59, 
	0x71, 0x89, 0xa1, 0x85, 0x5f, 0x59, 0x6c, 0x57, 
	0x5a, 0x59, 0x63, 0x59, 0x60, 0x70, 0x9e, 0x97, 
	0x5e, 0x62, 0x73, 0x66, 0x61, 0x6d, 0x5d, 0x61, 
	0x90, 0x69, 0x5f, 0x65, 0x6a, 0x7d, 0x74, 0x7f, 
	0x76, 0x78, 0x73, 0x6a, 0x95, 0x94, 0x74, 0x60, 
	0x64, 0x6c, 0x6c, 0x6b, 0x6a, 0x6d, 0x78, 0x64, 
	0x60, 0x93, 0x6a, 0x56, 0x63, 0x9c, 0x88, 0x74, 
	0x63, 0x81, 0x73, 0x75, 0x6c, 0x5e, 0x89, 0x55, 
	0x55, 0x5c, 0x5a, 0x6d, 0x6b, 0x71, 0x69, 0x55, 
	0x4d, 0x45, 0x73, 0x81, 0x70, 0x5b, 0x5f, 0x68, 
	0x5c, 0x63, 0x5d, 0x6a, 0x6d, 0x71, 0x4a, 0x77, 
	0xa0, 0x8a, 0x64, 0x6c, 0x7b, 0x73, 0x71, 0x63, 
	0x5f, 0x5b, 0x56, 0x60, 0x67, 0x8f, 0x72, 0x61, 
	0x5e, 0x5e, 0x61, 0x5f, 0x5f, 0x59, 0x50, 0x5c, 
	0x5d, 0x6e, 0x6d, 0x6b, 0x70, 0x78, 0x7f, 0x72, 
	0x6f, 0x67, 0x58, 0x63, 0x63, 0x52, 0x64, 0x6b, 
	0x71, 0x54, 0x49, 0x49, 0x54, 0x59, 0x4f, 0x44, 
	0x43, 0x60, 0x52, 0x60, 0x72, 0x57, 0x59, 0x67, 
	0x67, 0x66, 0x5c, 0x60, 0x48, 0x4a, 0x52, 0x50, 
	0x75, 0x73, 0x7b, 0x76, 0x72, 0x6a, 0x71, 0x5e, 
	0x49, 0x5d, 0x87, 0x72, 0x56, 0x6c, 0x54, 0x5c, 
	0x5d, 0x66, 0x55, 0x51, 0x49, 0x48, 0x6f, 0x82, 
	0x5b, 0x5b, 0x66, 0x69, 0x7b, 0x75, 0x7c, 0x6a, 
	0x51, 0x42, 0x6d, 0x84, 0x62, 0x60, 0x5a, 0x57, 
	0x5d, 0x5e, 0x3c, 0x45, 0x4a, 0x52, 0x41, 0x59, 
	0x8a, 0x72, 0x5a, 0x65, 0x6f, 0x67, 0x6c, 0x77, 
	0x68, 0x6a, 0x65, 0x52, 0x53, 0x7f, 0x7d, 0x55, 
	0x67, 0x67, 0x6f, 0x6c, 0x75, 0x74, 0x63, 0x49, 
	0x6c, 0x88, 0x85, 0x54, 0x5f, 0x67, 0x6d, 0x78, 
	0x70, 0x6d, 0x61, 0x4c, 0x51, 0x73, 0x87, 0x71, 
	0x51, 0x61, 0x63, 0x63, 0x79, 0x81, 0x7e, 0x5e, 
	0x44, 0x6e, 0x8a, 0x76, 0x78, 0x56, 0x55, 0x5b, 
	0x64, 0x48, 0x3f, 0x46, 0x44, 0x45, 0x66, 0x90, 
	0x98, 0x5c, 0x58, 0x61, 0x71, 0x87, 0x80, 0x7c, 
	0x6f, 0x51, 0x4a, 0x57, 0x82, 0x9a, 0x6a, 0x61, 
	0x60, 0x69, 0x8d, 0x9b, 0x75, 0x6c, 0x4a, 0x60, 
	0x99, 0xa1, 0x60, 0x54, 0x7c, 0x76, 0x88, 0x66, 
	0x6f, 0x64, 0x57, 0x41, 0x76, 0x90, 0x8b, 0x5a, 
	0x57, 0x6b, 0x69, 0x76, 0x73, 0x84, 0x7f, 0x60, 
	0x5d, 0x9c, 0x98, 0x57, 0x53, 0x59, 0x52, 0x59, 
	0x5c, 0x52, 0x54, 0x51, 0x4a, 0x5e, 0x99, 0xa6, 
	0x58, 0x5e, 0x5e, 0x59, 0x6d, 0x6f, 0x81, 0x78, 
	0x5b, 0x49, 0x49, 0x81, 0xad, 0x88, 0x6e, 0x78, 
	0x61, 0x73, 0x82, 0x7f, 0x7c, 0x66, 0x4e, 0xa0, 
	0xa6, 0x78, 0x5b, 0x5c, 0x7f, 0x7b, 0x73, 0x63, 
	0x69, 0x6e, 0x59, 0x65, 0xa1, 0x7f, 0x5c, 0x5b, 
	0x61, 0x6d, 0x71, 0x82, 0x83, 0x87, 0x83, 0x70, 
	0x9c, 0x9b, 0x65, 0x4f, 0x48, 0x54, 0x4a, 0x4b, 
	0x49, 0x59, 0x54, 0x4a, 0x52, 0x9b, 0x9f, 0x62, 
	0x65, 0x7d, 0x6a, 0x67, 0x74, 0x7d, 0x7a, 0x6c, 
	0x66, 0x47, 0x8f, 0xac, 0x74, 0x5f, 0x60, 0x73, 
	0x58, 0x54, 0x77, 0x79, 0x6d, 0x67, 0x93, 0x8f, 
	0x60, 0x56, 0x5b, 0x62, 0x54, 0x54, 0x6a, 0x63, 
	0x61, 0x6d, 0x64, 0xa0, 0x6c, 0x55, 0x64, 0x6a, 
	0x6d, 0x58, 0x4f, 0x65, 0x8b, 0x88, 0x79, 0x92, 
	0x7c, 0x50, 0x57, 0x53, 0x58, 0x53, 0x5b, 0x4c, 
	0x4a, 0x5b, 0x4c, 0x42, 0x93, 0x8e, 0x62, 0x60, 
	0x64, 0x6a, 0x6e, 0x59, 0x6c, 0x68, 0x75, 0x66, 
	0x52, 0x81, 0x9c, 0x6c, 0x77, 0x67, 0x73, 0x62, 
	0x45, 0x3f, 0x49, 0x66, 0x6c, 0x92, 0x66, 0x5d, 
	0x60, 0x60, 0x6d, 0x58, 0x60, 0x3d, 0x44, 0x5c, 
	0x71, 0x6c, 0x68, 0x5e, 0x6c, 0x6b, 0x85, 0x7c, 
	0x5b, 0x65, 0x42, 0x5a, 0x75, 0x79, 0x73, 0x65, 
	0x62, 0x59, 0x5e, 0x5d, 0x68, 0x65, 0x4b, 0x3c, 
	0x54, 0x51, 0x64, 0x69, 0x62, 0x5b, 0x58, 0x63, 
	0x74, 0x64, 0x6c, 0x42, 0x46, 0x5b, 0x69, 0x5f, 
	0x5d, 0x75, 0x57, 0x59, 0x6f, 0x79, 0x68, 0x65, 
	0x8b, 0x47, 0x39, 0x67, 0x80, 0x82, 0x73, 0x60, 
	0x69, 0x7a, 0x71, 0x54, 0x66, 0x8b, 0x4e, 0x37, 
	0x4d, 0x7b, 0x76, 0x76, 0x6d, 0x6a, 0x69, 0x63, 
	0x5a, 0x8b, 0x6a, 0x3e, 0x4f, 0x81, 0x8b, 0x70, 
	0x69, 0x67, 0x70, 0x6d, 0x79, 0x78, 0x97, 0x59, 
	0x39, 0x5a, 0x5b, 0x69, 0x58, 0x5b, 0x6a, 0x70, 
	0x72, 0x65, 0x6c, 0x91, 0x44, 0x38, 0x51, 0x63, 
	0x69, 0x5c, 0x69, 0x66, 0x73, 0x72, 0x6e, 0x6a, 
	0x9b, 0x94, 0x52, 0x48, 0x5b, 0x65, 0x6c, 0x7c, 
	0x72, 0x78, 0x76, 0x5f, 0x44, 0x9d, 0x95, 0x57, 
	0x3f, 0x79, 0x7e, 0x71, 0x6c, 0x72, 0x73, 0x6d, 
	0x5e, 0x63, 0xab, 0x7b, 0x4c, 0x5f, 0xa5, 0x7d, 
	0x67, 0x70, 0x73, 0x78, 0x7b, 0x7d, 0x70, 0xa6, 
	0x5a, 0x36, 0x46, 0x62, 0x65, 0x6e, 0x67, 0x73, 
	0x77, 0x67, 0x54, 0x9b, 0x8b, 0x5b, 0x43, 0x5b, 
	0x73, 0x6b, 0x66, 0x71, 0x6c, 0x6b, 0x71, 0x59, 
	0x71, 0xb3, 0x91, 0x57, 0x43, 0x49, 0x71, 0x83, 
	0x82, 0x74, 0x5d, 0x71, 0x5b, 0x73, 0xb7, 0x92, 
	0x61, 0x46, 0x50, 0x74, 0x80, 0x74, 0x6c, 0x68, 
	0x63, 0x72, 0x93, 0xae, 0x83, 0x6e, 0x8c, 0xa2, 
	0x6e, 0x7b, 0x80, 0x75, 0x72, 0x7b, 0x57, 0x8f, 
	0x99, 0x71, 0x3c, 0x56, 0x62, 0x6b, 0x6d, 0x74, 
	0x71, 0x73, 0x54, 0x73, 0xaf, 0x95, 0x4c, 0x3a, 
	0x62, 0x5e, 0x66, 0x6e, 0x6f, 0x66, 0x62, 0x66, 
	0x6b, 0x7d, 0xb8, 0x9b, 0x47, 0x4b, 0x69, 0x79, 
	0x74, 0x73, 0x76, 0x74, 0x62, 0x5e, 0x7e, 0xbe, 
	0x94, 0x46, 0x46, 0x6b, 0x6a, 0x62, 0x72, 0x68, 
	0x68, 0x6e, 0x6c, 0x9c, 0xb5, 0x88, 0x74, 0x8d, 
	0x7e, 0x70, 0x77, 0x7d, 0x7b, 0x71, 0x58, 0x5c, 
	0xa1, 0xab, 0x6e, 0x42, 0x4b, 0x6c, 0x6f, 0x7c, 
	0x73, 0x72, 0x5b, 0x61, 0x7d, 0xbb, 0x9e, 0x41, 
	0x46, 0x6b, 0x6b, 0x64, 0x6c, 0x72, 0x5c, 0x5f, 
	0x5e, 0x63, 0x6d, 0xad, 0xad, 0x4c, 0x52, 0x64, 
	0x6f, 0x69, 0x60, 0x68, 0x59, 0x5b, 0x6a, 0x7f, 
	0xaf, 0xa3, 0x46, 0x47, 0x6e, 0x55, 0x60, 0x5b, 
	0x69, 0x71, 0x7e, 0x77, 0xa1, 0xaf, 0x94, 0x79, 
	0x7c, 0x75, 0x73, 0x70, 0x62, 0x61, 0x5b, 0x59, 
	0x62, 0x90, 0xb0, 0x6e, 0x47, 0x4f, 0x58, 0x71, 
	0x66, 0x70, 0x67, 0x5e, 0x5b, 0x6f, 0xb0, 0x9e, 
	0x47, 0x5d, 0x66, 0x71, 0x70, 0x68, 0x5e, 0x61, 
	0x5e, 0x63, 0x5b, 0x57, 0x75, 0x7d, 0x51, 0x5d, 
	0x58, 0x4c, 0x48, 0x47, 0x5c, 0x5e, 0x6f, 0x6b, 
	0x66, 0x77, 0x7b, 0x4b, 0x63, 0x53, 0x59, 0x51, 
	0x5b, 0x76, 0x82, 0x7d, 0x72, 0x81, 0x99, 0x7f, 
	0x63, 0x57, 0x59, 0x55, 0x4c, 0x49, 0x55, 0x62, 
	0x58, 0x6b, 0x5a, 0x8c, 0x4f, 0x5d, 0x59, 0x5f, 
	0x60, 0x67, 0x60, 0x67, 0x5b, 0x4d, 0x54, 0x87, 
	0x81, 0x61, 0x79, 0x5f, 0x60, 0x4f, 0x3f, 0x47, 
	0x5f, 0x53, 0x6a, 0x68, 0x56, 0x51, 0x54, 0x59, 
	0x56, 0x45, 0x48, 0x72, 0x60, 0x68, 0x6e, 0x63, 
	0x5c, 0x54, 0x56, 0x52, 0x64, 0x57, 0x45, 0x4d, 
	0x84, 0x86, 0x8a, 0x67, 0x74, 0x7f, 0x93, 0x7a, 
	0x65, 0x60, 0x47, 0x4a, 0x69, 0x5c, 0x69, 0x54, 
	0x4e, 0x60, 0x60, 0x5e, 0x57, 0x5f, 0x52, 0x52, 
	0x3f, 0x63, 0x73, 0x6c, 0x68, 0x63, 0x62, 0x84, 
	0x82, 0x69, 0x73, 0x63, 0x4a, 0x46, 0x66, 0x5c, 
	0x54, 0x5b, 0x60, 0x72, 0x65, 0x61, 0x59, 0x42, 
	0x42, 0x71, 0x8e, 0x70, 0x74, 0x61, 0x61, 0x5c, 
	0x4d, 0x4d, 0x56, 0x5b, 0x4a, 0x3e, 0x61, 0x95, 
	0x7b, 0x75, 0x8e, 0x81, 0x7d, 0x79, 0x93, 0x86, 
	0x6d, 0x44, 0x5b, 0x83, 0x74, 0x58, 0x62, 0x5b, 
	0x5c, 0x6c, 0x76, 0x60, 0x75, 0x63, 0x46, 0x6a, 
	0x91, 0x77, 0x62, 0x62, 0x68, 0x65, 0x6b, 0x69, 
	0x72, 0x73, 0x57, 0x43, 0x5c, 0x8b, 0x86, 0x70, 
	0x52, 0x59, 0x74, 0x79, 0x6d, 0x58, 0x51, 0x48, 
	0x79, 0x9d, 0x9d, 0x71, 0x77, 0x60, 0x50, 0x55, 
	0x53, 0x49, 0x51, 0x51, 0x40, 0x62, 0x94, 0xaf, 
	0x78, 0x78, 0x87, 0x82, 0x80, 0x7e, 0x89, 0x8b, 
	0x75, 0x58, 0x82, 0xa4, 0x64, 0x68, 0x72, 0x72, 
	0x5b, 0x51, 0x79, 0x67, 0x52, 0x5e, 0x6f, 0x8b, 
	0x93, 0x50, 0x74, 0x67, 0x77, 0x7e, 0x76, 0x6a, 
	0x6a, 0x65, 0x4e, 0x5d, 0x94, 0xad, 0x7d, 0x4f, 
	0x63, 0x6d, 0x66, 0x68, 0x65, 0x61, 0x48, 0x71, 
	0xa8, 0xa8, 0x61, 0x59, 0x78, 0x70, 0x57, 0x50, 
	0x52, 0x49, 0x4f, 0x38, 0x4c, 0x88, 0xa5, 0x6b, 
	0x56, 0x5e, 0x8f, 0x82, 0x79, 0x6a, 0x90, 0x85, 
	0x79, 0x81, 0xac, 0x77, 0x64, 0x7f, 0x73, 0x6f, 
	0x66, 0x6e, 0x78, 0x69, 0x54, 0x48, 0x89, 0x9e, 
	0x62, 0x59, 0x6b, 0x7c, 0x72, 0x80, 0x77, 0x63, 
	0x6a, 0x48, 0x57, 0x8f, 0xab, 0x76, 0x51, 0x6f, 
	0x7d, 0x73, 0x7f, 0x61, 0x72, 0x5d, 0x54, 0xb0, 
	0xa2, 0x69, 0x62, 0x5d, 0x62, 0x6d, 0x59, 0x5c, 
	0x5b, 0x4c, 0x3a, 0x32, 0x8c, 0x9d, 0x69, 0x5d, 
	0x6d, 0x66, 0x90, 0x7f, 0x7b, 0x73, 0x8a, 0x85, 
	0x84, 0xa9, 0x6e, 0x5e, 0x5d, 0x72, 0x75, 0x6e, 
	0x77, 0x69, 0x79, 0x6c, 0x4a, 0x95, 0xab, 0x76, 
	0x53, 0x6d, 0x66, 0x78, 0x6e, 0x7a, 0x7a, 0x67, 
	0x4e, 0x3c, 0x91, 0xad, 0x78, 0x60, 0x67, 0x71, 
	0x54, 0x6a, 0x7f, 0x6e, 0x6e, 0x66, 0x95, 0x8a, 
	0x62, 0x6b, 0x62, 0x52, 0x4a, 0x59, 0x5f, 0x5f, 
	0x5d, 0x56, 0x41, 0x62, 0x72, 0x4d, 0x4c, 0x62, 
	0x66, 0x59, 0x67, 0x74, 0x81, 0x5e, 0x7b, 0x7f, 
	0x95, 0x64, 0x52, 0x68, 0x62, 0x63, 0x55, 0x5c, 
	0x62, 0x6e, 0x6d, 0x6b, 0x71, 0x82, 0x5e, 0x4c, 
	0x5b, 0x59, 0x4f, 0x60, 0x74, 0x73, 0x76, 0x6c, 
	0x55, 0x65, 0x88, 0x5d, 0x55, 0x62, 0x5c, 0x50, 
	0x41, 0x44, 0x64, 0x7d, 0x6a, 0x5d, 0x54, 0x5f, 
	0x63, 0x64, 0x6e, 0x43, 0x5f, 0x36, 0x44, 0x4c, 
	0x52, 0x54, 0x54, 0x49, 0x52, 0x4e, 0x54, 0x59, 
	0x6c, 0x79, 0x4e, 0x61, 0x73, 0x75, 0x79, 0x78, 
	0x78, 0x6d, 0x53, 0x76, 0x64, 0x5b, 0x72, 0x3d, 
	0x43, 0x5e, 0x6c, 0x70, 0x64, 0x54, 0x57, 0x58, 
	0x6a, 0x4c, 0x62, 0x42, 0x4c, 0x5c, 0x61, 0x63, 
	0x63, 0x5a, 0x5f, 0x5d, 0x5e, 0x61, 0x5f, 0x6c, 
	0x9f, 0x5c, 0x3c, 0x55, 0x5a, 0x63, 0x64, 0x63, 
	0x69, 0x6d, 0x64, 0x48, 0x65, 0x88, 0x52, 0x3c, 
	0x4c, 0x53, 0x5c, 0x5d, 0x5b, 0x5b, 0x51, 0x52, 
	0x4f, 0x93, 0x78, 0x4d, 0x52, 0x65, 0x74, 0x6b, 
	0x6e, 0x71, 0x61, 0x64, 0x5e, 0x52, 0x87, 0x86, 
	0x4d, 0x37, 0x42, 0x5b, 0x65, 0x54, 0x5e, 0x60, 
	0x60, 0x4e, 0x5f, 0x98, 0x63, 0x46, 0x57, 0x5f, 
	0x6a, 0x6b, 0x68, 0x6b, 0x5f, 0x64, 0x68, 0x7c, 
	0xa5, 0x9c, 0x68, 0x3f, 0x5d, 0x6d, 0x6d, 0x5b, 
	0x7b, 0x70, 0x69, 0x4d, 0x58, 0x9e, 0x8c, 0x5e, 
	0x3a, 0x55, 0x57, 0x65, 0x65, 0x60, 0x63, 0x4e, 
	0x51, 0x74, 0xab, 0x76, 0x5e, 0x50, 0x76, 0x7e, 
	0x78, 0x5b, 0x7c, 0x75, 0x70, 0x51, 0x4b, 0xa4, 
	0x94, 0x6d, 0x38, 0x51, 0x75, 0x6d, 0x71, 0x70, 
	0x6b, 0x5c, 0x5d, 0xa5, 0x9e, 0x6e, 0x42, 0x5c, 
	0x5e, 0x6e, 0x73, 0x6c, 0x77, 0x68, 0x62, 0x57, 
	0x79, 0xb4, 0x9b, 0x51, 0x59, 0x8a, 0x6f, 0x6c, 
	0x6e, 0x7c, 0x61, 0x59, 0x4f, 0x57, 0xa6, 0x8a, 
	0x5b, 0x48, 0x70, 0x79, 0x73, 0x6f, 0x5b, 0x4e, 
	0x5c, 0x54, 0x8c, 0xb0, 0x79, 0x48, 0x61, 0xa5, 
	0x8f, 0x7d, 0x74, 0x6f, 0x69, 0x66, 0x4a, 0x7a, 
	0xb2, 0x82, 0x54, 0x41, 0x54, 0x70, 0x80, 0x7f, 
	0x6d, 0x66, 0x63, 0x5c, 0xab, 0x98, 0x66, 0x47, 
	0x75, 0x7f, 0x7a, 0x77, 0x6b, 0x78, 0x70, 0x61, 
	0x70, 0x84, 0xb9, 0xa2, 0x51, 0x81, 0x82, 0x6a, 
	0x6b, 0x69, 0x63, 0x54, 0x4a, 0x47, 0x66, 0xb6, 
	0xa5, 0x50, 0x53, 0x72, 0x71, 0x6a, 0x62, 0x5f, 
	0x63, 0x63, 0x53, 0x84, 0xb7, 0x85, 0x45, 0x79, 
	0xb0, 0x85, 0x6c, 0x82, 0x63, 0x6f, 0x65, 0x52, 
	0x78, 0xb6, 0x94, 0x3f, 0x50, 0x61, 0x62, 0x82, 
	0x73, 0x7a, 0x5d, 0x5a, 0x62, 0xb0, 0xb3, 0x5a, 
	0x51, 0x74, 0x6e, 0x67, 0x62, 0x79, 0x75, 0x74, 
	0x5c, 0x58, 0x82, 0xa4, 0xb1, 0x69, 0x75, 0x7f, 
	0x6f, 0x51, 0x61, 0x52, 0x5f, 0x62, 0x5b, 0x66, 
	0x9e, 0xb2, 0x61, 0x57, 0x68, 0x61, 0x60, 0x4f, 
	0x42, 0x5f, 0x54, 0x4a, 0x6e, 0xab, 0x8e, 0x55, 
	0x79, 0x8d, 0x64, 0x6c, 0x6a, 0x52, 0x6c, 0x69, 
	0x69, 0x6c, 0xa4, 0x94, 0x4a, 0x55, 0x5b, 0x71, 
	0x63, 0x6c, 0x6d, 0x66, 0x5b, 0x61, 0x9a, 0xb4, 
	0x6a, 0x5f, 0x68, 0x6b, 0x6a, 0x65, 0x61, 0x79, 
	0x65, 0x61, 0x77, 0x72, 0x6d, 0x8a, 0x76, 0x74, 
	0x60, 0x50, 0x48, 0x45, 0x50, 0x79, 0x76, 0x70, 
	0x6b, 0x70, 0x6f, 0x54, 0x58, 0x4f, 0x4e, 0x45, 
	0x41, 0x48, 0x54, 0x57, 0x52, 0x65, 0x6c, 0x6c, 
	0x6d, 0x65, 0x4f, 0x51, 0x41, 0x48, 0x6c, 0x76, 
	0x6b, 0x62, 0x56, 0x64, 0x5f, 0x5e, 0x57, 0x62, 
	0x4f, 0x46, 0x51, 0x64, 0x69, 0x5c, 0x6b, 0x69, 
	0x72, 0x68, 0x65, 0x6c, 0x58, 0x49, 0x41, 0x5a, 
	0x58, 0x6c, 0x76, 0x70, 0x81, 0x7d, 0x6c, 0x6c, 
	0x65, 0x49, 0x51, 0x77, 0x4f, 0x78, 0x71, 0x64, 
	0x6b, 0x66, 0x73, 0x5f, 0x5b, 0x44, 0x46, 0x76, 
	0x60, 0x4b, 0x64, 0x62, 0x75, 0x6d, 0x81, 0x7a, 
	0x83, 0x65, 0x43, 0x56, 0x78, 0x51, 0x60, 0x75, 
	0x6d, 0x73, 0x6b, 0x69, 0x6d, 0x5c, 0x48, 0x42, 
	0x50, 0x77, 0x40, 0x45, 0x5d, 0x6f, 0x66, 0x7b, 
	0x74, 0x7c, 0x70, 0x4e, 0x44, 0x64, 0x6a, 0x55, 
	0x62, 0x58, 0x67, 0x68, 0x7b, 0x80, 0x7d, 0x67, 
	0x4d, 0x7f, 0x9d, 0x73, 0x4f, 0x69, 0x6d, 0x57, 
	0x60, 0x71, 0x75, 0x5c, 0x49, 0x55, 0x8b, 0x8a, 
	0x54, 0x64, 0x6b, 0x81, 0x90, 0x89, 0x80, 0x7f, 
	0x8f, 0x70, 0x6c, 0x94, 0x86, 0x61, 0x60, 0x75, 
	0x73, 0x7f, 0x6d, 0x70, 0x63, 0x48, 0x46, 0x7c, 
	0xa3, 0x6c, 0x49, 0x46, 0x59, 0x61, 0x6c, 0x7b, 
	0x6c, 0x67, 0x52, 0x46, 0x8b, 0x8d, 0x67, 0x53, 
	0x6c, 0x67, 0x60, 0x66, 0x68, 0x89, 0x7f, 0x54, 
	0x6c, 0x9f, 0x99, 0x56, 0x67, 0x6e, 0x7c, 0x6e, 
	0x62, 0x62, 0x70, 0x50, 0x5b, 0x9f, 0xa2, 0x72, 
	0x53, 0x65, 0x7b, 0x82, 0x85, 0x89, 0x86, 0x82, 
	0x87, 0x85, 0x98, 0x96, 0x59, 0x66, 0x76, 0x7b, 
	0x69, 0x6e, 0x79, 0x79, 0x60, 0x44, 0x7c, 0xa8, 
	0x8a, 0x4c, 0x44, 0x44, 0x5d, 0x61, 0x67, 0x71, 
	0x74, 0x66, 0x4d, 0x90, 0xa4, 0x8a, 0x53, 0x5a, 
	0x78, 0x82, 0x78, 0x65, 0x70, 0x6f, 0x61, 0x55, 
	0xb1, 0xa0, 0x5a, 0x4d, 0x5d, 0x7a, 0x7a, 0x7b, 
	0x63, 0x56, 0x57, 0x4c, 0x8e, 0xad, 0x79, 0x4b, 
	0x66, 0x73, 0x7a, 0x7a, 0x8f, 0x8e, 0x74, 0x78, 
	0x8e, 0xa1, 0xa7, 0x5e, 0x4a, 0x67, 0x7e, 0x81, 
	0x66, 0x7b, 0x75, 0x69, 0x51, 0x6b, 0xae, 0xa8, 
	0x72, 0x50, 0x5c, 0x53, 0x69, 0x72, 0x70, 0x6c, 
	0x63, 0x57, 0x7e, 0xbb, 0x8e, 0x71, 0x81, 0x78, 
	0x6d, 0x75, 0x70, 0x76, 0x70, 0x69, 0x57, 0xa8, 
	0x98, 0x5b, 0x51, 0x64, 0x75, 0x79, 0x7c, 0x70, 
	0x66, 0x5a, 0x4b, 0x80, 0xa3, 0x60, 0x5a, 0x56, 
	0x79, 0x75, 0x68, 0x6d, 0x77, 0x67, 0x72, 0x73, 
	0x90, 0x94, 0x59, 0x4c, 0x57, 0x6c, 0x70, 0x6b, 
	0x67, 0x89, 0x79, 0x6c, 0x5e, 0xa7, 0x93, 0x62, 
	0x50, 0x65, 0x70, 0x65, 0x65, 0x62, 0x7b, 0x70, 
	0x61, 0x83, 0xb3, 0x92, 0x66, 0x87, 0x78, 0x77, 
	0x58, 0x61, 0x68, 0x86, 0x75, 0x6d, 0x7d, 0x65, 
	0x4b, 0x53, 0x55, 0x5b, 0x5c, 0x54, 0x63, 0x68, 
	0x5f, 0x73, 0x5e, 0x75, 0x57, 0x60, 0x64, 0x67, 
	0x6f, 0x56, 0x60, 0x71, 0x6a, 0x61, 0x78, 0x7c, 
	0x88, 0x6f, 0x61, 0x63, 0x68, 0x5d, 0x42, 0x47, 
	0x4e, 0x62, 0x6b, 0x75, 0x85, 0x73, 0x4e, 0x53, 
	0x69, 0x62, 0x66, 0x4f, 0x56, 0x54, 0x66, 0x77, 
	0x5f, 0x81, 0x5c, 0x60, 0x5a, 0x82, 0x7d, 0x56, 
	
};

Gfx rgrindr_FENCE_ci8_aligner[] = {gsSPEndDisplayList()};
u8 rgrindr_FENCE_ci8[] = {
	0x00, 0x01, 0x02, 0x03, 0x04, 0x05, 0x06, 0x07, 
	0x08, 0x05, 0x05, 0x05, 0x09, 0x04, 0x07, 0x03, 
	0x08, 0x07, 0x0a, 0x0b, 0x04, 0x05, 0x0c, 0x09, 
	0x0d, 0x0e, 0x0f, 0x0a, 0x02, 0x10, 0x11, 0x0e, 
	0x12, 0x00, 0x08, 0x01, 0x01, 0x01, 0x07, 0x13, 
	0x07, 0x14, 0x05, 0x15, 0x11, 0x15, 0x16, 0x07, 
	0x0c, 0x04, 0x04, 0x0b, 0x17, 0x15, 0x18, 0x19, 
	0x11, 0x1a, 0x1b, 0x0c, 0x05, 0x0b, 0x0e, 0x1b, 
	0x01, 0x1c, 0x03, 0x05, 0x1d, 0x1d, 0x08, 0x01, 
	0x02, 0x0e, 0x1e, 0x11, 0x1f, 0x1e, 0x16, 0x0c, 
	0x0c, 0x20, 0x21, 0x20, 0x21, 0x0d, 0x17, 0x0d, 
	0x22, 0x23, 0x17, 0x04, 0x14, 0x1e, 0x24, 0x11, 
	0x25, 0x22, 0x05, 0x1d, 0x15, 0x1d, 0x1d, 0x1d, 
	0x1d, 0x0d, 0x1a, 0x26, 0x27, 0x1e, 0x1a, 0x18, 
	0x0d, 0x28, 0x21, 0x1d, 0x29, 0x2a, 0x24, 0x1f, 
	0x23, 0x2b, 0x24, 0x09, 0x04, 0x04, 0x2c, 0x2d, 
	0x18, 0x22, 0x02, 0x1d, 0x21, 0x05, 0x0d, 0x23, 
	0x18, 0x22, 0x1f, 0x24, 0x0d, 0x18, 0x20, 0x2e, 
	0x2e, 0x29, 0x29, 0x22, 0x29, 0x27, 0x2c, 0x19, 
	0x11, 0x24, 0x2f, 0x0e, 0x02, 0x09, 0x06, 0x23, 
	0x1c, 0x02, 0x10, 0x02, 0x02, 0x20, 0x30, 0x02, 
	0x31, 0x1d, 0x1d, 0x1a, 0x1d, 0x31, 0x29, 0x29, 
	0x29, 0x20, 0x2e, 0x29, 0x2e, 0x32, 0x0d, 0x17, 
	0x1a, 0x1e, 0x17, 0x0e, 0x03, 0x1d, 0x05, 0x0a, 
	0x2c, 0x33, 0x2f, 0x34, 0x35, 0x36, 0x2c, 0x35, 
	0x35, 0x37, 0x2f, 0x35, 0x35, 0x35, 0x2f, 0x35, 
	0x34, 0x35, 0x36, 0x2c, 0x35, 0x35, 0x37, 0x2f, 
	0x35, 0x35, 0x35, 0x2f, 0x35, 0x2c, 0x2f, 0x2f, 
	0x2a, 0x24, 0x24, 0x38, 0x39, 0x39, 0x24, 0x35, 
	0x2f, 0x36, 0x2f, 0x3a, 0x3a, 0x3b, 0x2f, 0x2f, 
	0x38, 0x39, 0x39, 0x24, 0x35, 0x2f, 0x36, 0x2f, 
	0x3a, 0x3a, 0x3b, 0x2f, 0x2f, 0x3b, 0x3c, 0x37, 
	0x3d, 0x3d, 0x3d, 0x3d, 0x3d, 0x3d, 0x3d, 0x3d, 
	0x3d, 0x3d, 0x3d, 0x2f, 0x2a, 0x18, 0x3e, 0x2d, 
	0x2d, 0x27, 0x3e, 0x3e, 0x24, 0x2f, 0x3d, 0x3d, 
	0x3d, 0x3d, 0x3d, 0x3d, 0x3d, 0x3d, 0x3d, 0x3d, 
	0x3d, 0x3d, 0x3d, 0x3d, 0x3d, 0x3d, 0x3d, 0x3d, 
	0x3d, 0x3d, 0x3d, 0x3f, 0x1d, 0x1d, 0x22, 0x40, 
	0x41, 0x29, 0x29, 0x29, 0x22, 0x3f, 0x3d, 0x3d, 
	0x3d, 0x3d, 0x3d, 0x3d, 0x3d, 0x3d, 0x3d, 0x3d, 
	0x3d, 0x3d, 0x3d, 0x3d, 0x3d, 0x3d, 0x3d, 0x3d, 
	0x3d, 0x3d, 0x3d, 0x42, 0x09, 0x16, 0x15, 0x16, 
	0x21, 0x20, 0x1d, 0x22, 0x2e, 0x42, 0x3d, 0x3d, 
	0x3d, 0x3d, 0x3d, 0x3d, 0x3d, 0x3d, 0x3d, 0x3d, 
	0x3d, 0x3d, 0x3d, 0x3d, 0x3d, 0x3d, 0x3d, 0x3d, 
	0x3d, 0x3d, 0x3d, 0x25, 0x20, 0x1d, 0x12, 0x00, 
	0x00, 0x12, 0x43, 0x21, 0x2e, 0x25, 0x3d, 0x3d, 
	0x3d, 0x3d, 0x3d, 0x3d, 0x3d, 0x3d, 0x3d, 0x3d, 
	0x3d, 0x3d, 0x3d, 0x3d, 0x3d, 0x3d, 0x3d, 0x3d, 
	0x3d, 0x3d, 0x3d, 0x2d, 0x31, 0x10, 0x12, 0x44, 
	0x44, 0x44, 0x44, 0x10, 0x20, 0x2d, 0x3d, 0x3d, 
	0x3d, 0x3d, 0x3d, 0x3d, 0x3d, 0x3d, 0x3d, 0x3d, 
	0x3d, 0x3d, 0x3d, 0x3d, 0x3d, 0x3d, 0x3d, 0x3d, 
	0x3d, 0x3d, 0x3d, 0x2d, 0x14, 0x0b, 0x24, 0x13, 
	0x10, 0x01, 0x45, 0x25, 0x06, 0x2d, 0x3d, 0x3d, 
	0x3d, 0x3d, 0x3d, 0x3d, 0x3d, 0x3d, 0x3d, 0x3d, 
	0x3d, 0x3d, 0x3d, 0x3d, 0x3d, 0x3d, 0x3d, 0x3d, 
	0x3d, 0x3d, 0x3d, 0x2d, 0x03, 0x08, 0x42, 0x23, 
	0x17, 0x34, 0x2c, 0x0b, 0x11, 0x2d, 0x3d, 0x3d, 
	0x3d, 0x3d, 0x3d, 0x3d, 0x3d, 0x3d, 0x3d, 0x3d, 
	0x3d, 0x3d, 0x3d, 0x3d, 0x3d, 0x3d, 0x3d, 0x3d, 
	0x3d, 0x3d, 0x3d, 0x24, 0x0b, 0x10, 0x27, 0x27, 
	0x1a, 0x46, 0x1f, 0x47, 0x15, 0x24, 0x3d, 0x3d, 
	0x3d, 0x3d, 0x3d, 0x3d, 0x3d, 0x3d, 0x3d, 0x3d, 
	0x3d, 0x3d, 0x3d, 0x3d, 0x3d, 0x3d, 0x3d, 0x3d, 
	0x3d, 0x3d, 0x3d, 0x24, 0x22, 0x0a, 0x45, 0x48, 
	0x34, 0x24, 0x1a, 0x0c, 0x1a, 0x24, 0x3d, 0x3d, 
	0x3d, 0x3d, 0x3d, 0x3d, 0x3d, 0x3d, 0x3d, 0x3d, 
	0x3d, 0x3d, 0x3d, 0x3d, 0x3d, 0x3d, 0x3d, 0x3d, 
	0x3d, 0x3d, 0x3d, 0x38, 0x1e, 0x15, 0x39, 0x3c, 
	0x3c, 0x24, 0x2a, 0x47, 0x1b, 0x38, 0x3d, 0x3d, 
	0x3d, 0x3d, 0x3d, 0x3d, 0x3d, 0x3d, 0x3d, 0x3d, 
	0x3d, 0x3d, 0x3d, 0x3d, 0x3d, 0x3d, 0x3d, 0x3d, 
	0x3d, 0x3d, 0x3d, 0x24, 0x1e, 0x2a, 0x3a, 0x3b, 
	0x37, 0x34, 0x22, 0x0e, 0x45, 0x24, 0x3d, 0x3d, 
	0x3d, 0x3d, 0x3d, 0x3d, 0x3d, 0x3d, 0x3d, 0x3d, 
	0x3d, 0x3d, 0x3d, 0x3d, 0x3d, 0x3d, 0x3d, 0x3d, 
	0x3d, 0x3d, 0x3d, 0x2b, 0x0b, 0x40, 0x2f, 0x3a, 
	0x36, 0x18, 0x30, 0x23, 0x11, 0x2b, 0x3d, 0x3d, 
	0x3d, 0x3d, 0x3d, 0x3d, 0x3d, 0x3d, 0x3d, 0x3d, 
	0x3d, 0x3d, 0x3d, 0x3d, 0x3d, 0x3d, 0x3d, 0x3d, 
	0x3d, 0x3d, 0x3d, 0x25, 0x47, 0x23, 0x2c, 0x34, 
	0x2f, 0x18, 0x1d, 0x1b, 0x2a, 0x25, 0x3d, 0x3d, 
	0x3d, 0x3d, 0x3d, 0x3d, 0x3d, 0x3d, 0x3d, 0x3d, 
	0x3d, 0x3d, 0x3d, 0x3d, 0x3d, 0x3d, 0x3d, 0x3d, 
	0x3d, 0x3d, 0x3d, 0x25, 0x07, 0x04, 0x24, 0x24, 
	0x46, 0x15, 0x0b, 0x22, 0x0d, 0x25, 0x3d, 0x3d, 
	0x3d, 0x3d, 0x3d, 0x3d, 0x3d, 0x3d, 0x3d, 0x3d, 
	0x3d, 0x3d, 0x3d, 0x3d, 0x3d, 0x3d, 0x3d, 0x3d, 
	0x3d, 0x3d, 0x3d, 0x1f, 0x03, 0x01, 0x24, 0x42, 
	0x0d, 0x23, 0x22, 0x1a, 0x2a, 0x1f, 0x3d, 0x3d, 
	0x3d, 0x3d, 0x3d, 0x3d, 0x3d, 0x3d, 0x3d, 0x3d, 
	0x3d, 0x3d, 0x3d, 0x3d, 0x3d, 0x3d, 0x3d, 0x3d, 
	0x3d, 0x3d, 0x3d, 0x42, 0x13, 0x10, 0x0d, 0x42, 
	0x16, 0x09, 0x11, 0x0d, 0x11, 0x42, 0x3d, 0x3d, 
	0x3d, 0x3d, 0x3d, 0x3d, 0x3d, 0x3d, 0x3d, 0x3d, 
	0x3d, 0x3d, 0x3d, 0x3d, 0x3d, 0x3d, 0x3d, 0x3d, 
	0x3d, 0x3d, 0x3d, 0x42, 0x01, 0x1c, 0x04, 0x1a, 
	0x0d, 0x0e, 0x23, 0x0e, 0x22, 0x42, 0x3d, 0x3d, 
	0x3d, 0x3d, 0x3d, 0x3d, 0x3d, 0x3d, 0x3d, 0x3d, 
	0x3d, 0x3d, 0x3d, 0x3d, 0x3d, 0x3d, 0x3d, 0x3d, 
	0x3d, 0x3d, 0x3d, 0x42, 0x04, 0x02, 0x05, 0x17, 
	0x0d, 0x16, 0x0e, 0x09, 0x20, 0x42, 0x3d, 0x3d, 
	0x3d, 0x3d, 0x3d, 0x3d, 0x3d, 0x3d, 0x3d, 0x3d, 
	0x3d, 0x3d, 0x3d, 0x3d, 0x3d, 0x3d, 0x3d, 0x3d, 
	0x3d, 0x3d, 0x3d, 0x42, 0x03, 0x13, 0x07, 0x27, 
	0x0d, 0x0d, 0x15, 0x02, 0x16, 0x42, 0x3d, 0x3d, 
	0x3d, 0x3d, 0x3d, 0x3d, 0x3d, 0x3d, 0x3d, 0x3d, 
	0x3d, 0x3d, 0x3d, 0x3d, 0x3d, 0x3d, 0x3d, 0x3d, 
	0x3d, 0x3d, 0x3d, 0x42, 0x1d, 0x04, 0x03, 0x49, 
	0x2a, 0x0b, 0x0c, 0x15, 0x09, 0x42, 0x3d, 0x3d, 
	0x3d, 0x3d, 0x3d, 0x3d, 0x3d, 0x3d, 0x3d, 0x3d, 
	0x3d, 0x3d, 0x3d, 0x3d, 0x3d, 0x3d, 0x3d, 0x3d, 
	0x3d, 0x3d, 0x3d, 0x1f, 0x07, 0x05, 0x0e, 0x23, 
	0x0d, 0x02, 0x05, 0x0a, 0x09, 0x1f, 0x3d, 0x3d, 
	0x3d, 0x3d, 0x3d, 0x3d, 0x3d, 0x3d, 0x3d, 0x3d, 
	0x3d, 0x3d, 0x3d, 0x3d, 0x3d, 0x3d, 0x3d, 0x3d, 
	0x3d, 0x3d, 0x3d, 0x42, 0x04, 0x0b, 0x11, 0x1a, 
	0x0c, 0x07, 0x0c, 0x0c, 0x0d, 0x42, 0x3d, 0x3d, 
	0x3d, 0x3d, 0x3d, 0x3d, 0x3d, 0x3d, 0x3d, 0x3d, 
	0x3d, 0x3d, 0x3d, 0x3d, 0x3d, 0x3d, 0x3d, 0x3d, 
	0x3d, 0x3d, 0x3d, 0x46, 0x07, 0x07, 0x17, 0x42, 
	0x0d, 0x16, 0x30, 0x1d, 0x1e, 0x46, 0x3d, 0x3d, 
	0x3d, 0x3d, 0x3d, 0x3d, 0x3d, 0x3d, 0x3d, 0x3d, 
	0x3d, 0x3d, 0x3d, 0x3d, 0x3d, 0x3d, 0x3d, 0x3d, 
	0x3d, 0x3d, 0x3d, 0x4a, 0x47, 0x0b, 0x17, 0x1a, 
	0x16, 0x04, 0x02, 0x1d, 0x1d, 0x4a, 0x3d, 0x3d, 
	0x3d, 0x3d, 0x3d, 0x3d, 0x3d, 0x3d, 0x3d, 0x3d, 
	0x3d, 0x3d, 0x3d, 0x3d, 0x3d, 0x3d, 0x3d, 0x3d, 
	0x3d, 0x3d, 0x3d, 0x27, 0x11, 0x11, 0x17, 0x49, 
	0x16, 0x05, 0x07, 0x15, 0x1e, 0x27, 0x3d, 0x3d, 
	0x3d, 0x3d, 0x3d, 0x3d, 0x3d, 0x3d, 0x3d, 0x3d, 
	0x3d, 0x3d, 0x3d, 0x3d, 0x3d, 0x3d, 0x3d, 0x3d, 
	0x3d, 0x3d, 0x3d, 0x27, 0x19, 0x2a, 0x1a, 0x49, 
	0x2a, 0x0c, 0x05, 0x47, 0x0c, 0x27, 0x3d, 0x3d, 
	0x3d, 0x3d, 0x3d, 0x3d, 0x3d, 0x3d, 0x3d, 0x3d, 
	0x3d, 0x3d, 0x3d, 0x3d, 0x3d, 0x3d, 0x3d, 0x3d, 
	0x3d, 0x3d, 0x3d, 0x1a, 0x27, 0x2d, 0x4b, 0x0d, 
	0x11, 0x15, 0x22, 0x10, 0x05, 0x1a, 0x3d, 0x3d, 
	0x3d, 0x3d, 0x3d, 0x3d, 0x3d, 0x3d, 0x3d, 0x3d, 
	0x3d, 0x3d, 0x3d, 0x3d, 0x3d, 0x3d, 0x3d, 0x3d, 
	0x3d, 0x3d, 0x3d, 0x32, 0x2a, 0x17, 0x0d, 0x0d, 
	0x41, 0x22, 0x30, 0x02, 0x13, 0x32, 0x3d, 0x3d, 
	0x3d, 0x3d, 0x3d, 0x3d, 0x3d, 0x3d, 0x3d, 0x3d, 
	0x3d, 0x3d, 0x3d, 0x3d, 0x3d, 0x3d, 0x3d, 0x3d, 
	0x3d, 0x3d, 0x3d, 0x1f, 0x22, 0x20, 0x0d, 0x1a, 
	0x23, 0x0d, 0x05, 0x09, 0x05, 0x1f, 0x3d, 0x3d, 
	0x3d, 0x3d, 0x3d, 0x3d, 0x3d, 0x3d, 0x3d, 0x3d, 
	0x3d, 0x3d, 0x3d, 0x3d, 0x3d, 0x3d, 0x3d, 0x3d, 
	0x3d, 0x3d, 0x3d, 0x3e, 0x02, 0x16, 0x17, 0x15, 
	0x20, 0x0c, 0x20, 0x20, 0x40, 0x3e, 0x3d, 0x3d, 
	0x3d, 0x3d, 0x3d, 0x3d, 0x3d, 0x3d, 0x3d, 0x3d, 
	0x3d, 0x3d, 0x3d, 0x3d, 0x3d, 0x3d, 0x3d, 0x3d, 
	0x3d, 0x3d, 0x3d, 0x24, 0x4c, 0x31, 0x15, 0x0d, 
	0x15, 0x22, 0x1d, 0x40, 0x2d, 0x24, 0x3d, 0x3d, 
	0x3d, 0x3d, 0x3d, 0x3d, 0x3d, 0x3d, 0x3d, 0x3d, 
	0x3d, 0x3d, 0x3d, 0x3d, 0x3d, 0x3d, 0x3d, 0x3d, 
	0x3d, 0x3d, 0x3d, 0x2c, 0x1c, 0x4c, 0x0c, 0x23, 
	0x0e, 0x0c, 0x40, 0x41, 0x42, 0x2c, 0x3d, 0x3d, 
	0x3d, 0x3d, 0x3d, 0x3d, 0x3d, 0x3d, 0x3d, 0x3d, 
	0x3d, 0x3d, 0x3d, 0x3d, 0x3d, 0x3d, 0x3d, 0x3d, 
	0x3d, 0x3d, 0x3d, 0x2c, 0x1c, 0x4d, 0x0b, 0x09, 
	0x09, 0x0a, 0x22, 0x27, 0x27, 0x2c, 0x3d, 0x3d, 
	0x3d, 0x3d, 0x3d, 0x3d, 0x3d, 0x3d, 0x3d, 0x3d, 
	0x3d, 0x3d, 0x3d, 0x3d, 0x3d, 0x3d, 0x3d, 0x3d, 
	0x3d, 0x3d, 0x3d, 0x38, 0x30, 0x2a, 0x03, 0x14, 
	0x0b, 0x0a, 0x0d, 0x0d, 0x49, 0x38, 0x3d, 0x3d, 
	0x3d, 0x3d, 0x3d, 0x3d, 0x3d, 0x3d, 0x3d, 0x3d, 
	0x3d, 0x3d, 0x3d, 0x3d, 0x3d, 0x3d, 0x3d, 0x3d, 
	0x3d, 0x3d, 0x3d, 0x26, 0x23, 0x47, 0x0a, 0x07, 
	0x0a, 0x0a, 0x47, 0x19, 0x17, 0x26, 0x3d, 0x3d, 
	0x3d, 0x3d, 0x3d, 0x3d, 0x3d, 0x3d, 0x3d, 0x3d, 
	0x3d, 0x3d, 0x3d, 0x3d, 0x3d, 0x3d, 0x3d, 0x3d, 
	0x3d, 0x3d, 0x3d, 0x2c, 0x05, 0x07, 0x4e, 0x03, 
	0x09, 0x0a, 0x47, 0x11, 0x45, 0x2c, 0x3d, 0x3d, 
	0x3d, 0x3d, 0x3d, 0x3d, 0x3d, 0x3d, 0x3d, 0x3d, 
	0x3d, 0x3d, 0x3d, 0x3d, 0x3d, 0x3d, 0x3d, 0x3d, 
	0x3d, 0x3d, 0x3d, 0x24, 0x0b, 0x04, 0x14, 0x08, 
	0x03, 0x4f, 0x0b, 0x0b, 0x17, 0x24, 0x3d, 0x3d, 
	0x3d, 0x3d, 0x3d, 0x3d, 0x3d, 0x3d, 0x3d, 0x3d, 
	0x3d, 0x3d, 0x3d, 0x3d, 0x3d, 0x3d, 0x3d, 0x3d, 
	0x3d, 0x3d, 0x3d, 0x50, 0x07, 0x09, 0x03, 0x0e, 
	0x17, 0x17, 0x47, 0x0c, 0x40, 0x50, 0x3d, 0x3d, 
	0x3d, 0x3d, 0x3d, 0x3d, 0x3d, 0x3d, 0x3d, 0x3d, 
	0x3d, 0x3d, 0x3d, 0x3d, 0x3d, 0x3d, 0x3d, 0x3d, 
	0x3d, 0x3d, 0x3d, 0x46, 0x47, 0x4f, 0x17, 0x37, 
	0x3a, 0x36, 0x05, 0x03, 0x2d, 0x46, 0x3d, 0x3d, 
	0x3d, 0x3d, 0x3d, 0x3d, 0x3d, 0x3d, 0x3d, 0x3d, 
	0x3d, 0x3d, 0x3d, 0x3d, 0x3d, 0x3d, 0x3d, 0x3d, 
	0x3d, 0x3d, 0x3d, 0x24, 0x1b, 0x11, 0x34, 0x37, 
	0x3b, 0x37, 0x0d, 0x06, 0x27, 0x24, 0x3d, 0x3d, 
	0x3d, 0x3d, 0x3d, 0x3d, 0x3d, 0x3d, 0x3d, 0x3d, 
	0x3d, 0x3d, 0x3d, 0x3d, 0x3d, 0x3d, 0x3d, 0x3d, 
	0x3d, 0x3d, 0x3d, 0x38, 0x0c, 0x19, 0x51, 0x34, 
	0x34, 0x39, 0x25, 0x19, 0x49, 0x38, 0x3d, 0x3d, 
	0x3d, 0x3d, 0x3d, 0x3d, 0x3d, 0x3d, 0x3d, 0x3d, 
	0x3d, 0x3d, 0x3d, 0x3d, 0x3d, 0x3d, 0x3d, 0x3d, 
	0x3d, 0x3d, 0x3d, 0x26, 0x47, 0x27, 0x04, 0x51, 
	0x04, 0x0d, 0x42, 0x19, 0x1e, 0x26, 0x3d, 0x3d, 
	0x3d, 0x3d, 0x3d, 0x3d, 0x3d, 0x3d, 0x3d, 0x3d, 
	0x3d, 0x3d, 0x3d, 0x3d, 0x3d, 0x3d, 0x3d, 0x3d, 
	0x3d, 0x3d, 0x3d, 0x24, 0x0d, 0x04, 0x00, 0x00, 
	0x03, 0x08, 0x12, 0x01, 0x0d, 0x24, 0x3d, 0x3d, 
	0x3d, 0x3d, 0x3d, 0x3d, 0x3d, 0x3d, 0x3d, 0x3d, 
	0x3d, 0x3d, 0x3d, 0x3d, 0x3d, 0x3d, 0x3d, 0x3d, 
	0x3d, 0x3d, 0x3d, 0x42, 0x0d, 0x05, 0x52, 0x44, 
	0x00, 0x43, 0x00, 0x12, 0x40, 0x42, 0x3d, 0x3d, 
	0x3d, 0x3d, 0x3d, 0x3d, 0x3d, 0x3d, 0x3d, 0x3d, 
	0x3d, 0x3d, 0x3d, 0x3d, 0x3d, 0x3d, 0x3d, 0x3d, 
	0x3d, 0x3d, 0x3d, 0x42, 0x05, 0x23, 0x02, 0x00, 
	0x00, 0x01, 0x00, 0x01, 0x11, 0x42, 0x3d, 0x3d, 
	0x3d, 0x3d, 0x3d, 0x3d, 0x3d, 0x3d, 0x3d, 0x3d, 
	0x3d, 0x3d, 0x3d, 0x3d, 0x3d, 0x3d, 0x3d, 0x3d, 
	0x3d, 0x3d, 0x3d, 0x25, 0x1d, 0x23, 0x27, 0x00, 
	0x44, 0x44, 0x00, 0x05, 0x1d, 0x25, 0x3d, 0x3d, 
	0x3d, 0x3d, 0x3d, 0x3d, 0x3d, 0x3d, 0x3d, 0x3d, 
	0x3d, 0x3d, 0x3d, 0x3d, 0x3d, 0x3d, 0x3d, 0x3d, 
	0x3d, 0x3d, 0x3d, 0x19, 0x04, 0x0a, 0x0d, 0x00, 
	0x00, 0x00, 0x04, 0x0a, 0x05, 0x19, 0x3d, 0x3d, 
	0x3d, 0x3d, 0x3d, 0x3d, 0x3d, 0x3d, 0x3d, 0x3d, 
	0x3d, 0x3d, 0x3d, 0x3d, 0x3d, 0x3d, 0x3d, 0x3d, 
	0x3d, 0x3d, 0x3d, 0x2a, 0x40, 0x22, 0x1a, 0x1c, 
	0x10, 0x1d, 0x31, 0x1d, 0x1f, 0x2a, 0x3d, 0x3d, 
	0x3d, 0x3d, 0x3d, 0x3d, 0x3d, 0x3d, 0x3d, 0x3d, 
	0x3d, 0x3d, 0x3d, 0x3d, 0x3d, 0x3d, 0x3d, 0x3d, 
	0x3d, 0x3d, 0x3d, 0x4a, 0x1a, 0x1f, 0x15, 0x4d, 
	0x1c, 0x1d, 0x06, 0x0d, 0x1e, 0x4a, 0x3d, 0x3d, 
	0x3d, 0x3d, 0x3d, 0x3d, 0x3d, 0x3d, 0x3d, 0x3d, 
	0x3d, 0x3d, 0x3d, 0x3d, 0x3d, 0x3d, 0x3d, 0x3d, 
	0x3d, 0x3d, 0x3d, 0x3a, 0x1e, 0x22, 0x40, 0x31, 
	0x1c, 0x03, 0x15, 0x15, 0x1e, 0x3a, 0x3d, 0x3d, 
	0x3d, 0x3d, 0x3d, 0x3d, 0x3d, 0x3d, 0x3d, 0x3d, 
	0x3d, 0x3d, 0x3d, 0x3d, 0x3d, 0x3d, 0x3d, 0x3d, 
	0x3d, 0x3d, 0x3d, 0x2f, 0x0b, 0x1d, 0x20, 0x1c, 
	0x02, 0x1d, 0x03, 0x04, 0x15, 0x2f, 0x3d, 0x3d, 
	0x3d, 0x3d, 0x3d, 0x3d, 0x3d, 0x3d, 0x3d, 0x3d, 
	0x3d, 0x3d, 0x3d, 0x3d, 0x3d, 0x3d, 0x3d, 0x3d, 
	0x3d, 0x3d, 0x3d, 0x2d, 0x40, 0x22, 0x20, 0x1c, 
	0x02, 0x04, 0x4c, 0x1d, 0x29, 0x2d, 0x3d, 0x3d, 
	0x3d, 0x3d, 0x3d, 0x3d, 0x3d, 0x3d, 0x3d, 0x3d, 
	0x3d, 0x3d, 0x3d, 0x3d, 0x3d, 0x3d, 0x3d, 0x3d, 
	0x3d, 0x3d, 0x3d, 0x24, 0x40, 0x22, 0x1a, 0x1c, 
	0x10, 0x1d, 0x31, 0x03, 0x1f, 0x24, 0x3d, 0x3d, 
	0x3d, 0x3d, 0x3d, 0x3d, 0x3d, 0x3d, 0x3d, 0x3d, 
	0x3d, 0x3d, 0x3d, 0x3d, 0x3d, 0x3d, 0x3d, 0x3d, 
	0x3d, 0x3d, 0x3d, 0x42, 0x1a, 0x1f, 0x15, 0x03, 
	0x1c, 0x1d, 0x06, 0x0d, 0x1e, 0x42, 0x3d, 0x3d, 
	0x3d, 0x3d, 0x3d, 0x3d, 0x3d, 0x3d, 0x3d, 0x3d, 
	0x3d, 0x3d, 0x3d, 0x3d, 0x3d, 0x3d, 0x3d, 0x3d, 
	0x3d, 0x3d, 0x3d, 0x53, 0x1e, 0x22, 0x03, 0x31, 
	0x1c, 0x03, 0x15, 0x15, 0x1e, 0x53, 0x3d, 0x3d, 
	0x3d, 0x3d, 0x3d, 0x3d, 0x3d, 0x3d, 0x3d, 0x3d, 
	0x3d, 0x3d, 0x3d, 0x3d, 0x3d, 0x3d, 0x3d, 0x3d, 
	0x3d, 0x3d, 0x3d, 0x27, 0x0b, 0x1d, 0x20, 0x1c, 
	0x02, 0x1d, 0x03, 0x04, 0x15, 0x27, 0x3d, 0x3d, 
	0x3d, 0x3d, 0x3d, 0x3d, 0x3d, 0x3d, 0x3d, 0x3d, 
	
};

Gfx rgrindr_FENCE_pal_rgba16_aligner[] = {gsSPEndDisplayList()};
u8 rgrindr_FENCE_pal_rgba16[] = {
	0xd6, 0xaf, 0xb5, 0x65, 0xa4, 0x5d, 0x94, 0xa3, 
	0x94, 0xdf, 0x94, 0x1d, 0x8c, 0x1b, 0x94, 0x21, 
	0x9c, 0xe5, 0x93, 0xdf, 0x84, 0x5f, 0x84, 0x1f, 
	0x8b, 0xdb, 0x83, 0x59, 0x7c, 0x5b, 0x6b, 0x9f, 
	0xa5, 0x1f, 0x73, 0x99, 0xd5, 0xeb, 0xad, 0x21, 
	0x8c, 0xe5, 0x83, 0xd7, 0x93, 0x59, 0x6b, 0x1b, 
	0x7b, 0x11, 0x63, 0x17, 0x73, 0x55, 0x73, 0x9f, 
	0xbc, 0xdd, 0x94, 0x59, 0x73, 0x95, 0x62, 0xd5, 
	0x94, 0x17, 0xab, 0xd9, 0x8b, 0x95, 0x7b, 0x9b, 
	0x4a, 0x4f, 0x5a, 0x91, 0x52, 0x53, 0x6a, 0xd5, 
	0x93, 0x17, 0xa3, 0xd3, 0x7a, 0xd7, 0x52, 0xd5, 
	0x49, 0x8d, 0x72, 0x8f, 0x9b, 0x15, 0x41, 0xcb, 
	0xa3, 0xdd, 0xac, 0x57, 0x6b, 0x57, 0x31, 0x4f, 
	0x31, 0xcf, 0x51, 0xc7, 0x39, 0x4d, 0x21, 0x49, 
	0x59, 0xcf, 0x52, 0x11, 0x29, 0x0b, 0x30, 0xc7, 
	0x18, 0x87, 0x9c, 0x5a, 0x61, 0x8d, 0x72, 0x8b, 
	0x93, 0x53, 0x82, 0x97, 0x62, 0x53, 0xbe, 0x2f, 
	0xf7, 0x75, 0x63, 0x5b, 0x42, 0x53, 0x7c, 0x1f, 
	0x20, 0xcb, 0x82, 0xd9, 0x6a, 0x95, 0x6a, 0xd7, 
	0xd5, 0x1f, 0x93, 0x4f, 0x7c, 0x23, 0x84, 0x65, 
	0x5a, 0x53, 0x5a, 0x97, 0xdd, 0x9d, 0x72, 0xd1, 
	
};

Gfx rgrindr_Vent_ci8_aligner[] = {gsSPEndDisplayList()};
u8 rgrindr_Vent_ci8[] = {
	0x00, 0x00, 0x00, 0x00, 0x01, 0x02, 0x03, 0x03, 
	0x04, 0x04, 0x04, 0x04, 0x05, 0x05, 0x03, 0x06, 
	0x06, 0x07, 0x08, 0x06, 0x09, 0x06, 0x0a, 0x0a, 
	0x0b, 0x06, 0x0c, 0x0a, 0x05, 0x0d, 0x05, 0x05, 
	0x00, 0x0d, 0x01, 0x01, 0x01, 0x0d, 0x03, 0x03, 
	0x04, 0x04, 0x04, 0x04, 0x05, 0x05, 0x05, 0x03, 
	0x07, 0x03, 0x07, 0x07, 0x0e, 0x0e, 0x0e, 0x0e, 
	0x0e, 0x03, 0x0b, 0x0b, 0x08, 0x05, 0x0a, 0x06, 
	0x00, 0x0d, 0x01, 0x05, 0x0f, 0x0a, 0x0c, 0x10, 
	0x0c, 0x0c, 0x0c, 0x06, 0x03, 0x03, 0x06, 0x11, 
	0x0c, 0x12, 0x13, 0x0c, 0x06, 0x06, 0x06, 0x06, 
	0x0b, 0x0c, 0x0c, 0x0c, 0x08, 0x05, 0x13, 0x11, 
	0x01, 0x0d, 0x0d, 0x05, 0x05, 0x05, 0x05, 0x14, 
	0x12, 0x12, 0x12, 0x0c, 0x03, 0x06, 0x11, 0x11, 
	0x13, 0x13, 0x0c, 0x06, 0x06, 0x0a, 0x06, 0x06, 
	0x0a, 0x0b, 0x0c, 0x0c, 0x15, 0x13, 0x11, 0x12, 
	0x16, 0x01, 0x05, 0x05, 0x05, 0x05, 0x0d, 0x02, 
	0x13, 0x12, 0x13, 0x11, 0x11, 0x11, 0x12, 0x17, 
	0x12, 0x0c, 0x06, 0x06, 0x03, 0x0a, 0x03, 0x0a, 
	0x0a, 0x03, 0x06, 0x11, 0x18, 0x18, 0x19, 0x19, 
	0x16, 0x16, 0x05, 0x05, 0x05, 0x1a, 0x1b, 0x1a, 
	0x03, 0x13, 0x13, 0x13, 0x12, 0x12, 0x17, 0x17, 
	0x12, 0x06, 0x03, 0x06, 0x03, 0x03, 0x06, 0x06, 
	0x0a, 0x0a, 0x0c, 0x1c, 0x18, 0x18, 0x19, 0x14, 
	0x16, 0x01, 0x05, 0x05, 0x0d, 0x1b, 0x1b, 0x1a, 
	0x05, 0x06, 0x12, 0x12, 0x12, 0x12, 0x12, 0x12, 
	0x0c, 0x03, 0x03, 0x03, 0x0a, 0x03, 0x06, 0x06, 
	0x03, 0x06, 0x17, 0x1d, 0x18, 0x18, 0x19, 0x14, 
	0x01, 0x16, 0x05, 0x1e, 0x1a, 0x0d, 0x1a, 0x1a, 
	0x05, 0x0a, 0x12, 0x17, 0x12, 0x13, 0x11, 0x11, 
	0x03, 0x03, 0x03, 0x03, 0x03, 0x03, 0x03, 0x06, 
	0x0c, 0x17, 0x1c, 0x1f, 0x18, 0x18, 0x14, 0x20, 
	0x21, 0x21, 0x0d, 0x0d, 0x05, 0x0a, 0x0d, 0x0d, 
	0x05, 0x05, 0x0a, 0x13, 0x12, 0x12, 0x22, 0x23, 
	0x08, 0x08, 0x08, 0x08, 0x06, 0x06, 0x06, 0x0c, 
	0x24, 0x1d, 0x1d, 0x25, 0x25, 0x25, 0x14, 0x03, 
	0x21, 0x21, 0x05, 0x05, 0x0a, 0x0a, 0x05, 0x05, 
	0x05, 0x05, 0x0d, 0x05, 0x23, 0x22, 0x22, 0x23, 
	0x06, 0x06, 0x06, 0x06, 0x11, 0x12, 0x11, 0x1c, 
	0x26, 0x25, 0x25, 0x25, 0x25, 0x25, 0x14, 0x03, 
	0x21, 0x21, 0x05, 0x05, 0x05, 0x0d, 0x0d, 0x05, 
	0x05, 0x0d, 0x0d, 0x01, 0x27, 0x22, 0x23, 0x28, 
	0x06, 0x06, 0x08, 0x0c, 0x12, 0x12, 0x1d, 0x29, 
	0x26, 0x25, 0x1d, 0x1d, 0x25, 0x1d, 0x14, 0x03, 
	0x21, 0x21, 0x05, 0x0d, 0x0d, 0x0d, 0x0d, 0x0d, 
	0x0d, 0x0d, 0x0d, 0x01, 0x2a, 0x28, 0x22, 0x23, 
	0x06, 0x08, 0x08, 0x06, 0x0c, 0x12, 0x2b, 0x29, 
	0x26, 0x25, 0x1d, 0x1d, 0x25, 0x1d, 0x03, 0x03, 
	0x16, 0x16, 0x0d, 0x0d, 0x0d, 0x2c, 0x2c, 0x2c, 
	0x05, 0x05, 0x0d, 0x2a, 0x0d, 0x05, 0x0c, 0x13, 
	0x22, 0x23, 0x03, 0x03, 0x0c, 0x1d, 0x1f, 0x1f, 
	0x1f, 0x1f, 0x1d, 0x1f, 0x25, 0x1c, 0x2d, 0x05, 
	0x16, 0x16, 0x0d, 0x0d, 0x0d, 0x0d, 0x0d, 0x0d, 
	0x05, 0x05, 0x0d, 0x0d, 0x05, 0x05, 0x27, 0x0c, 
	0x23, 0x23, 0x03, 0x06, 0x1d, 0x1f, 0x1d, 0x1c, 
	0x1f, 0x1f, 0x1f, 0x1f, 0x25, 0x1c, 0x2d, 0x05, 
	0x01, 0x01, 0x0d, 0x0d, 0x0d, 0x05, 0x05, 0x05, 
	0x0d, 0x0d, 0x0d, 0x0d, 0x0d, 0x0d, 0x1b, 0x0d, 
	0x03, 0x0c, 0x0c, 0x17, 0x1c, 0x1c, 0x1c, 0x1c, 
	0x1c, 0x1d, 0x1d, 0x1d, 0x1c, 0x1c, 0x2d, 0x05, 
	0x2a, 0x2a, 0x0d, 0x0d, 0x05, 0x05, 0x05, 0x05, 
	0x0d, 0x0d, 0x0d, 0x2a, 0x1b, 0x1b, 0x01, 0x01, 
	0x0a, 0x0c, 0x2e, 0x1c, 0x17, 0x1d, 0x17, 0x17, 
	0x17, 0x17, 0x1c, 0x1d, 0x1c, 0x1c, 0x2d, 0x05, 
	0x01, 0x01, 0x2c, 0x2c, 0x0d, 0x0d, 0x0d, 0x0d, 
	0x0d, 0x0d, 0x0d, 0x2a, 0x01, 0x01, 0x01, 0x01, 
	0x0a, 0x12, 0x17, 0x17, 0x17, 0x12, 0x12, 0x12, 
	0x12, 0x12, 0x17, 0x17, 0x17, 0x17, 0x2d, 0x2f, 
	0x30, 0x30, 0x01, 0x01, 0x1b, 0x1b, 0x1b, 0x1b, 
	0x2a, 0x0d, 0x0d, 0x0d, 0x01, 0x01, 0x01, 0x2a, 
	0x03, 0x17, 0x17, 0x17, 0x12, 0x12, 0x12, 0x12, 
	0x12, 0x12, 0x12, 0x12, 0x17, 0x17, 0x2d, 0x2f, 
	0x16, 0x30, 0x01, 0x01, 0x01, 0x1b, 0x1b, 0x1b, 
	0x2a, 0x2a, 0x0d, 0x2a, 0x01, 0x01, 0x01, 0x05, 
	0x06, 0x12, 0x17, 0x17, 0x12, 0x12, 0x12, 0x12, 
	0x12, 0x12, 0x12, 0x12, 0x17, 0x1d, 0x2d, 0x2f, 
	0x31, 0x01, 0x01, 0x2c, 0x0d, 0x0d, 0x0d, 0x1b, 
	0x01, 0x2a, 0x2a, 0x01, 0x01, 0x01, 0x0d, 0x06, 
	0x06, 0x03, 0x13, 0x17, 0x12, 0x12, 0x12, 0x12, 
	0x12, 0x12, 0x12, 0x32, 0x1d, 0x1d, 0x2d, 0x2f, 
	0x0d, 0x01, 0x0d, 0x0d, 0x05, 0x05, 0x0d, 0x2a, 
	0x01, 0x0d, 0x2a, 0x01, 0x01, 0x0d, 0x03, 0x06, 
	0x06, 0x03, 0x0a, 0x0c, 0x17, 0x17, 0x17, 0x17, 
	0x17, 0x17, 0x17, 0x17, 0x17, 0x17, 0x03, 0x03, 
	0x2a, 0x01, 0x2a, 0x2a, 0x0d, 0x0d, 0x0d, 0x0d, 
	0x0d, 0x0d, 0x0d, 0x01, 0x2a, 0x03, 0x06, 0x33, 
	0x11, 0x06, 0x05, 0x05, 0x0c, 0x17, 0x17, 0x17, 
	0x17, 0x17, 0x17, 0x17, 0x10, 0x10, 0x03, 0x03, 
	0x01, 0x16, 0x01, 0x2a, 0x0d, 0x2a, 0x0d, 0x0d, 
	0x0d, 0x2a, 0x01, 0x0d, 0x03, 0x33, 0x33, 0x10, 
	0x11, 0x11, 0x03, 0x05, 0x0a, 0x0c, 0x17, 0x17, 
	0x17, 0x17, 0x17, 0x17, 0x10, 0x10, 0x03, 0x03, 
	0x01, 0x16, 0x01, 0x01, 0x2a, 0x2a, 0x2a, 0x2a, 
	0x01, 0x01, 0x2a, 0x03, 0x06, 0x33, 0x33, 0x33, 
	0x11, 0x06, 0x03, 0x03, 0x06, 0x0a, 0x06, 0x12, 
	0x17, 0x17, 0x17, 0x17, 0x10, 0x10, 0x03, 0x0c, 
	0x31, 0x34, 0x16, 0x31, 0x01, 0x01, 0x01, 0x01, 
	0x01, 0x0d, 0x06, 0x33, 0x06, 0x03, 0x03, 0x06, 
	0x2d, 0x0a, 0x2f, 0x2f, 0x03, 0x03, 0x0a, 0x03, 
	0x10, 0x32, 0x32, 0x32, 0x12, 0x12, 0x0b, 0x0b, 
	0x16, 0x34, 0x31, 0x2a, 0x01, 0x01, 0x01, 0x01, 
	0x2a, 0x06, 0x10, 0x10, 0x06, 0x0a, 0x0a, 0x06, 
	0x2d, 0x2f, 0x2f, 0x2d, 0x06, 0x06, 0x03, 0x0a, 
	0x0a, 0x06, 0x12, 0x12, 0x12, 0x12, 0x0b, 0x0b, 
	0x16, 0x34, 0x31, 0x31, 0x01, 0x2a, 0x2a, 0x01, 
	0x05, 0x06, 0x33, 0x33, 0x03, 0x0a, 0x03, 0x06, 
	0x2d, 0x0a, 0x0a, 0x0c, 0x06, 0x06, 0x03, 0x0a, 
	0x05, 0x05, 0x03, 0x13, 0x12, 0x35, 0x0b, 0x0b, 
	0x16, 0x16, 0x0d, 0x0d, 0x2a, 0x2a, 0x2a, 0x0d, 
	0x0a, 0x06, 0x33, 0x06, 0x03, 0x06, 0x06, 0x03, 
	0x2d, 0x2d, 0x0c, 0x0c, 0x06, 0x06, 0x0a, 0x0a, 
	0x05, 0x2f, 0x05, 0x0a, 0x36, 0x35, 0x11, 0x0b, 
	0x16, 0x16, 0x0d, 0x0d, 0x2a, 0x2a, 0x05, 0x0a, 
	0x07, 0x07, 0x07, 0x07, 0x0a, 0x06, 0x06, 0x0a, 
	0x0a, 0x06, 0x06, 0x06, 0x06, 0x06, 0x0a, 0x0a, 
	0x0a, 0x0a, 0x07, 0x37, 0x06, 0x06, 0x0f, 0x38, 
	0x16, 0x16, 0x16, 0x0d, 0x05, 0x06, 0x0a, 0x0a, 
	0x07, 0x07, 0x04, 0x04, 0x0a, 0x0a, 0x0a, 0x0a, 
	0x0a, 0x06, 0x06, 0x0a, 0x0a, 0x0a, 0x0a, 0x06, 
	0x07, 0x07, 0x37, 0x37, 0x06, 0x0a, 0x0f, 0x2a, 
	0x34, 0x34, 0x00, 0x1e, 0x0a, 0x0f, 0x2a, 0x2a, 
	0x39, 0x39, 0x21, 0x21, 0x01, 0x01, 0x01, 0x01, 
	0x2a, 0x2a, 0x0f, 0x2a, 0x39, 0x39, 0x39, 0x39, 
	0x3a, 0x3a, 0x3a, 0x3a, 0x2a, 0x2a, 0x2a, 0x2a, 
	0x3b, 0x3b, 0x16, 0x1e, 0x0f, 0x2a, 0x2a, 0x2a, 
	0x21, 0x21, 0x21, 0x21, 0x00, 0x00, 0x00, 0x01, 
	0x2a, 0x2a, 0x2a, 0x2a, 0x39, 0x39, 0x39, 0x39, 
	0x3a, 0x3a, 0x3a, 0x3a, 0x2a, 0x0f, 0x2a, 0x2a, 
	
};

Gfx rgrindr_Vent_pal_rgba16_aligner[] = {gsSPEndDisplayList()};
u8 rgrindr_Vent_pal_rgba16[] = {
	0x31, 0x8b, 0x39, 0xcf, 0x52, 0xd7, 0x63, 0x19, 
	0x52, 0xd5, 0x52, 0x95, 0x6b, 0x5b, 0x5b, 0x17, 
	0x63, 0x59, 0x73, 0x5b, 0x5a, 0xd7, 0x6b, 0x19, 
	0x73, 0x9d, 0x4a, 0x53, 0x5a, 0x95, 0x52, 0x93, 
	0x84, 0x1f, 0x7b, 0xdf, 0x8c, 0x63, 0x84, 0x21, 
	0x7b, 0xdd, 0x84, 0x61, 0x31, 0x8d, 0x94, 0xa5, 
	0xbd, 0xef, 0x8c, 0x61, 0x42, 0x53, 0x3a, 0x11, 
	0x9c, 0xe7, 0xa5, 0x29, 0x4a, 0x51, 0xb5, 0xad, 
	0x63, 0x17, 0x39, 0xcd, 0x73, 0xdf, 0x6b, 0x9d, 
	0xa5, 0x27, 0xb5, 0xab, 0xce, 0x71, 0x4a, 0x95, 
	0x63, 0x5b, 0xde, 0xf7, 0x42, 0x11, 0xc6, 0x31, 
	0x42, 0x51, 0x6b, 0x59, 0x94, 0xe7, 0x5a, 0xd5, 
	0x31, 0x4d, 0x3a, 0x0f, 0x94, 0xa3, 0x73, 0x9b, 
	0x29, 0x4b, 0x9c, 0xe9, 0x84, 0x23, 0x6b, 0x9b, 
	0x52, 0x53, 0x42, 0x0f, 0x52, 0x55, 0x21, 0x09, 
	
};

Gfx rgrindr_rtron_ia4_aligner[] = {gsSPEndDisplayList()};
u8 rgrindr_rtron_ia4[] = {
	0x00, 0x00, 0x00, 0x00, 0x00, 0x00, 0x00, 0x00, 
	0x00, 0x00, 0x00, 0x00, 0x00, 0x00, 0x00, 0x00, 
	0x00, 0x00, 0x00, 0x00, 0x00, 0x00, 0x00, 0x00, 
	0x00, 0x00, 0x00, 0x00, 0x00, 0x00, 0x00, 0x00, 
	0x00, 0x00, 0x00, 0x00, 0x00, 0x00, 0x00, 0x00, 
	0x00, 0x00, 0x00, 0x00, 0x00, 0x00, 0x00, 0x00, 
	0x00, 0x00, 0x00, 0x00, 0x00, 0x00, 0x00, 0x00, 
	0x00, 0x00, 0x00, 0x00, 0x00, 0x00, 0x00, 0x00, 
	0x00, 0x00, 0x00, 0x00, 0x00, 0x00, 0x00, 0x00, 
	0x00, 0x00, 0x00, 0x00, 0x00, 0x00, 0x00, 0x00, 
	0x00, 0x00, 0x00, 0x00, 0x00, 0x00, 0x00, 0x00, 
	0x00, 0x00, 0x00, 0x00, 0x00, 0x00, 0x00, 0x00, 
	0x00, 0x00, 0x00, 0x00, 0x00, 0x00, 0x00, 0x00, 
	0x00, 0x00, 0x00, 0x00, 0x00, 0x00, 0x00, 0x00, 
	0x00, 0x00, 0x00, 0x00, 0x00, 0x00, 0x00, 0x00, 
	0x00, 0x00, 0x00, 0x00, 0x00, 0x00, 0x00, 0x00, 
	0x00, 0x00, 0x00, 0x00, 0x00, 0x00, 0x00, 0x00, 
	0x00, 0x00, 0x00, 0x00, 0x00, 0x00, 0x00, 0x00, 
	0x00, 0x00, 0x00, 0x00, 0x00, 0x00, 0x00, 0x00, 
	0x00, 0x00, 0x00, 0x00, 0x00, 0x00, 0x00, 0x00, 
	0x00, 0x00, 0x00, 0x00, 0x00, 0x00, 0x00, 0x00, 
	0x00, 0x00, 0x00, 0x00, 0x00, 0x00, 0x00, 0x00, 
	0x00, 0x00, 0x00, 0x00, 0x00, 0x00, 0x00, 0x00, 
	0x00, 0x00, 0x00, 0x00, 0x00, 0x00, 0x00, 0x00, 
	0x00, 0x00, 0x00, 0x00, 0x00, 0x01, 0x11, 0x11, 
	0x00, 0x00, 0x00, 0x00, 0x00, 0x00, 0x00, 0x00, 
	0x00, 0x00, 0x00, 0x00, 0x00, 0x00, 0x00, 0x00, 
	0x00, 0x00, 0x00, 0x00, 0x00, 0x00, 0x00, 0x00, 
	0x00, 0x00, 0x00, 0x00, 0x00, 0x00, 0x00, 0x00, 
	0x00, 0x00, 0x00, 0x00, 0x00, 0x00, 0x00, 0x00, 
	0x00, 0x00, 0x00, 0x00, 0x00, 0x00, 0x00, 0x00, 
	0x00, 0x00, 0x00, 0x00, 0x00, 0x00, 0x00, 0x00, 
	0x00, 0x00, 0x00, 0x00, 0x01, 0x11, 0x11, 0x11, 
	0x11, 0x00, 0x00, 0x00, 0x00, 0x00, 0x00, 0x00, 
	0x00, 0x00, 0x00, 0x00, 0x00, 0x00, 0x00, 0x00, 
	0x00, 0x00, 0x00, 0x00, 0x00, 0x00, 0x00, 0x00, 
	0x00, 0x00, 0x00, 0x00, 0x00, 0x00, 0x00, 0x00, 
	0x00, 0x00, 0x00, 0x00, 0x00, 0x00, 0x00, 0x00, 
	0x00, 0x00, 0x00, 0x00, 0x00, 0x00, 0x00, 0x00, 
	0x00, 0x00, 0x00, 0x00, 0x00, 0x00, 0x00, 0x00, 
	0x00, 0x00, 0x00, 0x01, 0x11, 0x11, 0x11, 0x11, 
	0x11, 0x11, 0x00, 0x00, 0x00, 0x00, 0x00, 0x00, 
	0x00, 0x00, 0x00, 0x00, 0x00, 0x00, 0x00, 0x00, 
	0x00, 0x00, 0x00, 0x00, 0x00, 0x00, 0x00, 0x00, 
	0x00, 0x00, 0x00, 0x00, 0x00, 0x00, 0x00, 0x00, 
	0x00, 0x00, 0x00, 0x00, 0x00, 0x00, 0x00, 0x00, 
	0x00, 0x00, 0x00, 0x00, 0x00, 0x00, 0x00, 0x00, 
	0x00, 0x00, 0x00, 0x00, 0x00, 0x00, 0x00, 0x00, 
	0x00, 0x00, 0x00, 0x11, 0x11, 0x11, 0x11, 0x11, 
	0x11, 0x11, 0x00, 0x00, 0x00, 0x00, 0x00, 0x11, 
	0x11, 0x10, 0x00, 0x01, 0x11, 0x10, 0x00, 0x01, 
	0x11, 0x10, 0x00, 0x11, 0x10, 0x01, 0x11, 0x00, 
	0x01, 0x11, 0x10, 0x00, 0x01, 0x10, 0x00, 0x01, 
	0x11, 0x11, 0x00, 0x00, 0x00, 0x11, 0x11, 0x11, 
	0x11, 0x01, 0x11, 0x11, 0x10, 0x00, 0x00, 0x11, 
	0x11, 0x00, 0x00, 0x11, 0x00, 0x11, 0x00, 0x00, 
	0x00, 0x00, 0x01, 0x11, 0x11, 0x11, 0x11, 0x11, 
	0x11, 0x11, 0x10, 0x00, 0x00, 0x00, 0x00, 0x11, 
	0x11, 0x11, 0x00, 0x01, 0x11, 0x10, 0x00, 0x11, 
	0x11, 0x11, 0x00, 0x11, 0x10, 0x01, 0x11, 0x00, 
	0x11, 0x11, 0x11, 0x00, 0x01, 0x10, 0x00, 0x01, 
	0x11, 0x11, 0x00, 0x00, 0x00, 0x11, 0x11, 0x11, 
	0x11, 0x01, 0x11, 0x11, 0x11, 0x00, 0x01, 0x11, 
	0x11, 0x10, 0x00, 0x11, 0x00, 0x11, 0x00, 0x00, 
	0x00, 0x00, 0x01, 0x11, 0x11, 0x11, 0x11, 0x11, 
	0x11, 0x11, 0x11, 0x00, 0x00, 0x00, 0x00, 0x11, 
	0x11, 0x11, 0x00, 0x01, 0x11, 0x10, 0x00, 0x11, 
	0x11, 0x11, 0x10, 0x01, 0x10, 0x01, 0x10, 0x01, 
	0x11, 0x11, 0x11, 0x00, 0x01, 0x10, 0x00, 0x01, 
	0x11, 0x11, 0x00, 0x00, 0x00, 0x11, 0x11, 0x11, 
	0x11, 0x01, 0x11, 0x11, 0x11, 0x00, 0x11, 0x11, 
	0x11, 0x10, 0x00, 0x11, 0x00, 0x11, 0x00, 0x00, 
	0x00, 0x00, 0x11, 0x11, 0x11, 0x11, 0x11, 0x11, 
	0x11, 0x11, 0x11, 0x00, 0x00, 0x00, 0x00, 0x11, 
	0x01, 0x11, 0x00, 0x01, 0x10, 0x00, 0x00, 0x11, 
	0x10, 0x11, 0x10, 0x01, 0x10, 0x01, 0x10, 0x01, 
	0x11, 0x01, 0x11, 0x00, 0x01, 0x10, 0x00, 0x01, 
	0x11, 0x00, 0x00, 0x00, 0x00, 0x00, 0x01, 0x10, 
	0x00, 0x01, 0x11, 0x01, 0x11, 0x00, 0x11, 0x10, 
	0x11, 0x10, 0x00, 0x11, 0x10, 0x11, 0x00, 0x00, 
	0x00, 0x00, 0x11, 0x11, 0x11, 0x11, 0x11, 0x11, 
	0x11, 0x11, 0x11, 0x00, 0x00, 0x00, 0x00, 0x11, 
	0x01, 0x11, 0x00, 0x01, 0x10, 0x00, 0x00, 0x11, 
	0x00, 0x11, 0x10, 0x01, 0x11, 0x11, 0x10, 0x01, 
	0x11, 0x00, 0x11, 0x00, 0x01, 0x10, 0x00, 0x01, 
	0x11, 0x00, 0x00, 0x00, 0x00, 0x00, 0x01, 0x10, 
	0x00, 0x01, 0x11, 0x01, 0x11, 0x00, 0x11, 0x10, 
	0x01, 0x10, 0x00, 0x11, 0x11, 0x11, 0x00, 0x00, 
	0x00, 0x01, 0x11, 0x11, 0x11, 0x11, 0x11, 0x11, 
	0x11, 0x11, 0x11, 0x10, 0x00, 0x00, 0x00, 0x11, 
	0x11, 0x11, 0x00, 0x01, 0x11, 0x10, 0x00, 0x11, 
	0x00, 0x11, 0x10, 0x00, 0x11, 0x11, 0x00, 0x01, 
	0x11, 0x00, 0x11, 0x00, 0x01, 0x10, 0x00, 0x01, 
	0x11, 0x11, 0x00, 0x00, 0x00, 0x00, 0x01, 0x10, 
	0x00, 0x01, 0x11, 0x11, 0x11, 0x00, 0x11, 0x10, 
	0x01, 0x10, 0x00, 0x11, 0x11, 0x11, 0x00, 0x00, 
	0x00, 0x01, 0x11, 0x11, 0x11, 0x11, 0x11, 0x11, 
	0x11, 0x11, 0x11, 0x10, 0x00, 0x00, 0x00, 0x11, 
	0x11, 0x10, 0x00, 0x01, 0x11, 0x10, 0x00, 0x11, 
	0x00, 0x00, 0x00, 0x00, 0x11, 0x11, 0x00, 0x01, 
	0x11, 0x00, 0x00, 0x00, 0x01, 0x10, 0x00, 0x01, 
	0x11, 0x11, 0x00, 0x00, 0x00, 0x00, 0x01, 0x10, 
	0x00, 0x01, 0x11, 0x11, 0x10, 0x00, 0x11, 0x10, 
	0x01, 0x10, 0x00, 0x11, 0x11, 0x11, 0x00, 0x00, 
	0x00, 0x01, 0x11, 0x11, 0x11, 0x11, 0x11, 0x11, 
	0x11, 0x11, 0x11, 0x10, 0x00, 0x00, 0x00, 0x11, 
	0x11, 0x11, 0x00, 0x01, 0x11, 0x10, 0x00, 0x11, 
	0x00, 0x00, 0x00, 0x00, 0x11, 0x11, 0x00, 0x01, 
	0x11, 0x00, 0x00, 0x00, 0x01, 0x10, 0x00, 0x01, 
	0x11, 0x11, 0x00, 0x11, 0x11, 0x00, 0x01, 0x10, 
	0x00, 0x01, 0x11, 0x11, 0x11, 0x00, 0x11, 0x10, 
	0x01, 0x10, 0x00, 0x11, 0x11, 0x11, 0x00, 0x00, 
	0x00, 0x11, 0x11, 0x11, 0x11, 0x11, 0x11, 0x11, 
	0x11, 0x11, 0x11, 0x10, 0x00, 0x00, 0x00, 0x11, 
	0x01, 0x11, 0x00, 0x01, 0x10, 0x00, 0x00, 0x11, 
	0x00, 0x11, 0x10, 0x00, 0x11, 0x11, 0x00, 0x01, 
	0x11, 0x00, 0x11, 0x00, 0x01, 0x10, 0x00, 0x01, 
	0x11, 0x00, 0x00, 0x11, 0x11, 0x00, 0x01, 0x10, 
	0x00, 0x01, 0x11, 0x01, 0x11, 0x00, 0x11, 0x10, 
	0x01, 0x10, 0x00, 0x11, 0x11, 0x11, 0x00, 0x00, 
	0x00, 0x11, 0x11, 0x11, 0x11, 0x11, 0x11, 0x11, 
	0x11, 0x11, 0x11, 0x11, 0x00, 0x00, 0x00, 0x11, 
	0x00, 0x11, 0x00, 0x01, 0x10, 0x00, 0x00, 0x11, 
	0x10, 0x11, 0x10, 0x00, 0x01, 0x10, 0x00, 0x01, 
	0x11, 0x01, 0x11, 0x00, 0x01, 0x10, 0x00, 0x01, 
	0x11, 0x00, 0x00, 0x00, 0x00, 0x00, 0x01, 0x10, 
	0x00, 0x01, 0x11, 0x01, 0x11, 0x00, 0x11, 0x10, 
	0x11, 0x10, 0x00, 0x11, 0x01, 0x11, 0x00, 0x00, 
	0x00, 0x11, 0x11, 0x11, 0x11, 0x11, 0x11, 0x11, 
	0x11, 0x11, 0x11, 0x11, 0x00, 0x00, 0x00, 0x11, 
	0x00, 0x11, 0x00, 0x01, 0x10, 0x00, 0x00, 0x11, 
	0x10, 0x11, 0x10, 0x00, 0x01, 0x10, 0x00, 0x01, 
	0x11, 0x01, 0x11, 0x00, 0x01, 0x10, 0x00, 0x01, 
	0x11, 0x00, 0x00, 0x00, 0x00, 0x00, 0x01, 0x10, 
	0x00, 0x01, 0x11, 0x01, 0x11, 0x00, 0x11, 0x10, 
	0x11, 0x10, 0x00, 0x11, 0x00, 0x11, 0x00, 0x00, 
	0x00, 0x11, 0x11, 0x11, 0x11, 0x11, 0x11, 0x11, 
	0x11, 0x11, 0x11, 0x11, 0x00, 0x00, 0x00, 0x11, 
	0x00, 0x11, 0x00, 0x01, 0x11, 0x11, 0x00, 0x11, 
	0x11, 0x11, 0x10, 0x00, 0x01, 0x10, 0x00, 0x01, 
	0x11, 0x11, 0x11, 0x00, 0x01, 0x11, 0x11, 0x01, 
	0x11, 0x11, 0x00, 0x00, 0x00, 0x00, 0x01, 0x10, 
	0x00, 0x01, 0x11, 0x01, 0x11, 0x00, 0x11, 0x11, 
	0x11, 0x10, 0x00, 0x11, 0x00, 0x11, 0x00, 0x00, 
	0x00, 0x11, 0x11, 0x11, 0x11, 0x11, 0x11, 0x11, 
	0x11, 0x11, 0x11, 0x11, 0x00, 0x00, 0x00, 0x11, 
	0x00, 0x11, 0x00, 0x01, 0x11, 0x11, 0x00, 0x11, 
	0x11, 0x11, 0x00, 0x00, 0x01, 0x10, 0x00, 0x00, 
	0x11, 0x11, 0x10, 0x00, 0x01, 0x11, 0x11, 0x01, 
	0x11, 0x11, 0x00, 0x00, 0x00, 0x00, 0x01, 0x10, 
	0x00, 0x01, 0x11, 0x01, 0x11, 0x00, 0x01, 0x11, 
	0x11, 0x00, 0x00, 0x11, 0x00, 0x11, 0x00, 0x00, 
	0x00, 0x11, 0x11, 0x11, 0x11, 0x11, 0x11, 0x11, 
	0x11, 0x11, 0x11, 0x11, 0x00, 0x00, 0x00, 0x00, 
	0x00, 0x00, 0x00, 0x00, 0x00, 0x00, 0x00, 0x00, 
	0x00, 0x00, 0x00, 0x00, 0x00, 0x00, 0x00, 0x00, 
	0x00, 0x00, 0x00, 0x00, 0x00, 0x00, 0x00, 0x00, 
	0x00, 0x00, 0x00, 0x00, 0x00, 0x00, 0x00, 0x00, 
	0x00, 0x00, 0x00, 0x00, 0x00, 0x00, 0x00, 0x00, 
	0x00, 0x00, 0x00, 0x00, 0x00, 0x00, 0x00, 0x00, 
	0x00, 0x11, 0x11, 0x11, 0x11, 0x11, 0x11, 0x11, 
	0x11, 0x11, 0x11, 0x11, 0x00, 0x00, 0x00, 0x00, 
	0x00, 0x00, 0x00, 0x00, 0x00, 0x00, 0x00, 0x00, 
	0x00, 0x00, 0x00, 0x00, 0x00, 0x00, 0x00, 0x00, 
	0x00, 0x00, 0x00, 0x00, 0x00, 0x00, 0x00, 0x00, 
	0x00, 0x00, 0x00, 0x00, 0x00, 0x00, 0x00, 0x00, 
	0x00, 0x00, 0x00, 0x00, 0x00, 0x00, 0x00, 0x00, 
	0x00, 0x00, 0x00, 0x00, 0x00, 0x00, 0x00, 0x00, 
	0x00, 0x11, 0x11, 0x11, 0x11, 0x11, 0x11, 0x11, 
	0x11, 0x11, 0x11, 0x11, 0x00, 0x00, 0x00, 0x00, 
	0x00, 0x00, 0x00, 0x00, 0x00, 0x00, 0x00, 0x00, 
	0x00, 0x00, 0x00, 0x00, 0x00, 0x00, 0x00, 0x00, 
	0x00, 0x00, 0x00, 0x00, 0x00, 0x00, 0x00, 0x00, 
	0x00, 0x00, 0x00, 0x00, 0x00, 0x00, 0x00, 0x00, 
	0x00, 0x00, 0x00, 0x00, 0x00, 0x00, 0x00, 0x00, 
	0x00, 0x00, 0x00, 0x00, 0x00, 0x00, 0x00, 0x00, 
	0x00, 0x11, 0x11, 0x11, 0x11, 0x11, 0x11, 0x11, 
	0x11, 0x11, 0x11, 0x11, 0x00, 0x00, 0x00, 0x00, 
	0x00, 0x00, 0x00, 0x00, 0x00, 0x00, 0x00, 0x00, 
	0x00, 0x00, 0x00, 0x00, 0x00, 0x00, 0x00, 0x00, 
	0x00, 0x00, 0x00, 0x00, 0x00, 0x00, 0x00, 0x00, 
	0x00, 0x00, 0x00, 0x00, 0x00, 0x00, 0x00, 0x00, 
	0x00, 0x00, 0x00, 0x00, 0x00, 0x00, 0x00, 0x00, 
	0x00, 0x00, 0x00, 0x00, 0x00, 0x00, 0x00, 0x00, 
	0x00, 0x11, 0x11, 0x11, 0x11, 0x11, 0x11, 0x11, 
	0x11, 0x11, 0x11, 0x11, 0x00, 0x00, 0x00, 0x00, 
	0x00, 0x00, 0x00, 0x00, 0x00, 0x00, 0x00, 0x00, 
	0x00, 0x00, 0x00, 0x00, 0x00, 0x00, 0x00, 0x00, 
	0x00, 0x00, 0x00, 0x00, 0x00, 0x00, 0x00, 0x00, 
	0x00, 0x00, 0x00, 0x00, 0x00, 0x00, 0x00, 0x00, 
	0x00, 0x00, 0x00, 0x00, 0x00, 0x00, 0x00, 0x00, 
	0x00, 0x00, 0x00, 0x00, 0x00, 0x00, 0x00, 0x00, 
	0x00, 0x11, 0x11, 0x11, 0x11, 0x11, 0x11, 0x11, 
	0x11, 0x11, 0x11, 0x11, 0x00, 0x00, 0x00, 0x00, 
	0x00, 0x00, 0x00, 0x00, 0x00, 0x00, 0x00, 0x00, 
	0x00, 0x00, 0x00, 0x00, 0x00, 0x00, 0x00, 0x00, 
	0x00, 0x00, 0x00, 0x00, 0x00, 0x00, 0x00, 0x00, 
	0x00, 0x00, 0x00, 0x00, 0x00, 0x00, 0x00, 0x00, 
	0x00, 0x00, 0x00, 0x00, 0x00, 0x00, 0x00, 0x00, 
	0x00, 0x00, 0x00, 0x00, 0x00, 0x00, 0x00, 0x00, 
	0x00, 0x11, 0x11, 0x11, 0x11, 0x11, 0x11, 0x11, 
	0x11, 0x11, 0x11, 0x10, 0x00, 0x00, 0x00, 0x00, 
	0x00, 0x00, 0x00, 0x00, 0x00, 0x00, 0x00, 0x00, 
	0x00, 0x00, 0x00, 0x00, 0x00, 0x00, 0x00, 0x00, 
	0x00, 0x00, 0x00, 0x00, 0x00, 0x00, 0x00, 0x00, 
	0x00, 0x00, 0x00, 0x00, 0x00, 0x00, 0x00, 0x00, 
	0x00, 0x00, 0x00, 0x00, 0x00, 0x00, 0x00, 0x00, 
	0x00, 0x00, 0x00, 0x00, 0x00, 0x00, 0x00, 0x00, 
	0x00, 0x11, 0x11, 0x11, 0x11, 0x11, 0x11, 0x11, 
	0x11, 0x11, 0x11, 0x10, 0x00, 0x00, 0x00, 0x00, 
	0x00, 0x00, 0x00, 0x00, 0x00, 0x00, 0x00, 0x00, 
	0x00, 0x00, 0x00, 0x00, 0x00, 0x00, 0x00, 0x00, 
	0x00, 0x00, 0x00, 0x00, 0x00, 0x00, 0x00, 0x00, 
	0x00, 0x00, 0x00, 0x00, 0x00, 0x00, 0x00, 0x00, 
	0x00, 0x00, 0x00, 0x00, 0x00, 0x00, 0x00, 0x00, 
	0x00, 0x00, 0x00, 0x00, 0x00, 0x00, 0x00, 0x00, 
	0x00, 0x11, 0x11, 0x11, 0x11, 0x11, 0x11, 0x11, 
	0x11, 0x11, 0x11, 0x10, 0x00, 0x00, 0x00, 0x00, 
	0x00, 0x00, 0x00, 0x00, 0x00, 0x00, 0x00, 0x00, 
	0x00, 0x00, 0x00, 0x00, 0x00, 0x00, 0x00, 0x00, 
	0x00, 0x00, 0x00, 0x00, 0x00, 0x00, 0x00, 0x00, 
	0x00, 0x00, 0x00, 0x00, 0x00, 0x00, 0x00, 0x00, 
	0x00, 0x00, 0x00, 0x00, 0x00, 0x00, 0x00, 0x00, 
	0x00, 0x00, 0x00, 0x00, 0x00, 0x00, 0x00, 0x00, 
	0x00, 0x11, 0x11, 0x11, 0x11, 0x11, 0x11, 0x11, 
	0x11, 0x11, 0x11, 0x10, 0x00, 0x00, 0x00, 0x00, 
	0x00, 0x00, 0x00, 0x00, 0x00, 0x00, 0x00, 0x00, 
	0x00, 0x00, 0x00, 0x00, 0x00, 0x00, 0x00, 0x00, 
	0x00, 0x00, 0x00, 0x00, 0x00, 0x00, 0x00, 0x00, 
	0x00, 0x00, 0x00, 0x00, 0x00, 0x00, 0x00, 0x00, 
	0x00, 0x00, 0x00, 0x00, 0x00, 0x00, 0x00, 0x00, 
	0x00, 0x00, 0x00, 0x00, 0x00, 0x00, 0x00, 0x00, 
	0x00, 0x01, 0x11, 0x11, 0x11, 0x11, 0x11, 0x11, 
	0x11, 0x11, 0x11, 0x10, 0x00, 0x00, 0x00, 0x00, 
	0x00, 0x00, 0x00, 0x00, 0x00, 0x00, 0x00, 0x00, 
	0x00, 0x00, 0x00, 0x00, 0x00, 0x00, 0x00, 0x00, 
	0x00, 0x00, 0x00, 0x00, 0x00, 0x00, 0x00, 0x00, 
	0x00, 0x00, 0x00, 0x00, 0x00, 0x00, 0x00, 0x00, 
	0x00, 0x00, 0x00, 0x00, 0x00, 0x00, 0x00, 0x00, 
	0x00, 0x00, 0x00, 0x00, 0x00, 0x00, 0x00, 0x00, 
	0x00, 0x01, 0x11, 0x11, 0x11, 0x11, 0x11, 0x11, 
	0x11, 0x11, 0x11, 0x00, 0x00, 0x00, 0x00, 0x00, 
	0x00, 0x00, 0x00, 0x00, 0x00, 0x00, 0x00, 0x00, 
	0x00, 0x00, 0x00, 0x00, 0x00, 0x00, 0x00, 0x00, 
	0x00, 0x00, 0x00, 0x00, 0x00, 0x00, 0x00, 0x00, 
	0x00, 0x00, 0x00, 0x00, 0x00, 0x00, 0x00, 0x00, 
	0x00, 0x00, 0x00, 0x00, 0x00, 0x00, 0x00, 0x00, 
	0x00, 0x00, 0x00, 0x00, 0x00, 0x00, 0x00, 0x00, 
	0x00, 0x01, 0x11, 0x11, 0x11, 0x11, 0x11, 0x11, 
	0x11, 0x11, 0x11, 0x00, 0x00, 0x00, 0x00, 0x00, 
	0x00, 0x00, 0x00, 0x00, 0x00, 0x00, 0x00, 0x00, 
	0x00, 0x00, 0x00, 0x00, 0x00, 0x00, 0x00, 0x00, 
	0x00, 0x00, 0x00, 0x00, 0x00, 0x00, 0x00, 0x00, 
	0x00, 0x00, 0x00, 0x00, 0x00, 0x00, 0x00, 0x00, 
	0x00, 0x00, 0x00, 0x00, 0x00, 0x00, 0x00, 0x00, 
	0x00, 0x00, 0x00, 0x00, 0x00, 0x00, 0x00, 0x00, 
	0x00, 0x00, 0x11, 0x11, 0x11, 0x11, 0x11, 0x11, 
	0x11, 0x11, 0x11, 0x00, 0x00, 0x00, 0x00, 0x00, 
	0x00, 0x00, 0x00, 0x00, 0x00, 0x00, 0x00, 0x00, 
	0x00, 0x00, 0x00, 0x00, 0x00, 0x00, 0x00, 0x00, 
	0x00, 0x00, 0x00, 0x00, 0x00, 0x00, 0x00, 0x00, 
	0x00, 0x00, 0x00, 0x00, 0x00, 0x00, 0x00, 0x00, 
	0x00, 0x00, 0x00, 0x00, 0x00, 0x00, 0x00, 0x00, 
	0x00, 0x00, 0x00, 0x00, 0x00, 0x00, 0x00, 0x00, 
	0x00, 0x00, 0x11, 0x11, 0x11, 0x11, 0x11, 0x11, 
	0x11, 0x11, 0x11, 0x00, 0x00, 0x00, 0x00, 0x00, 
	0x00, 0x00, 0x00, 0x00, 0x00, 0x00, 0x00, 0x00, 
	0x00, 0x00, 0x00, 0x00, 0x00, 0x00, 0x00, 0x00, 
	0x00, 0x00, 0x00, 0x00, 0x00, 0x00, 0x00, 0x00, 
	0x00, 0x00, 0x00, 0x00, 0x00, 0x00, 0x00, 0x00, 
	0x00, 0x00, 0x00, 0x00, 0x00, 0x00, 0x00, 0x00, 
	0x00, 0x00, 0x00, 0x00, 0x00, 0x00, 0x00, 0x00, 
	0x00, 0x00, 0x11, 0x11, 0x11, 0x11, 0x11, 0x11, 
	0x11, 0x11, 0x10, 0x00, 0x00, 0x00, 0x00, 0x00, 
	0x00, 0x00, 0x00, 0x00, 0x00, 0x00, 0x00, 0x00, 
	0x00, 0x00, 0x00, 0x00, 0x00, 0x00, 0x00, 0x00, 
	0x00, 0x00, 0x00, 0x00, 0x00, 0x00, 0x00, 0x00, 
	0x00, 0x00, 0x00, 0x00, 0x00, 0x00, 0x00, 0x00, 
	0x00, 0x00, 0x00, 0x00, 0x00, 0x00, 0x00, 0x00, 
	0x00, 0x00, 0x00, 0x00, 0x00, 0x00, 0x00, 0x00, 
	0x00, 0x00, 0x01, 0x11, 0x11, 0x11, 0x11, 0x11, 
	0x11, 0x11, 0x10, 0x00, 0x00, 0x00, 0x00, 0x00, 
	0x00, 0x00, 0x00, 0x00, 0x00, 0x00, 0x00, 0x00, 
	0x00, 0x00, 0x00, 0x00, 0x00, 0x00, 0x00, 0x00, 
	0x00, 0x00, 0x00, 0x00, 0x00, 0x00, 0x00, 0x00, 
	0x00, 0x00, 0x00, 0x00, 0x00, 0x00, 0x00, 0x00, 
	0x00, 0x00, 0x00, 0x00, 0x00, 0x00, 0x00, 0x00, 
	0x00, 0x00, 0x00, 0x00, 0x00, 0x00, 0x00, 0x00, 
	0x00, 0x00, 0x01, 0x11, 0x11, 0x11, 0x11, 0x11, 
	0x11, 0x11, 0x10, 0x00, 0x00, 0x00, 0x00, 0x00, 
	0x00, 0x00, 0x00, 0x00, 0x00, 0x00, 0x00, 0x00, 
	0x00, 0x00, 0x00, 0x00, 0x00, 0x00, 0x00, 0x00, 
	0x00, 0x00, 0x00, 0x00, 0x00, 0x00, 0x00, 0x00, 
	0x00, 0x00, 0x00, 0x00, 0x00, 0x00, 0x00, 0x00, 
	0x00, 0x00, 0x00, 0x00, 0x00, 0x00, 0x00, 0x00, 
	0x00, 0x00, 0x00, 0x00, 0x00, 0x00, 0x00, 0x00, 
	0x00, 0x00, 0x00, 0x11, 0x11, 0x11, 0x11, 0x11, 
	0x11, 0x11, 0x00, 0x00, 0x00, 0x00, 0x00, 0x00, 
	0x00, 0x00, 0x00, 0x00, 0x00, 0x00, 0x00, 0x00, 
	0x00, 0x00, 0x00, 0x00, 0x00, 0x00, 0x00, 0x00, 
	0x00, 0x00, 0x00, 0x00, 0x00, 0x00, 0x00, 0x00, 
	0x00, 0x00, 0x00, 0x00, 0x00, 0x00, 0x00, 0x00, 
	0x00, 0x00, 0x00, 0x00, 0x00, 0x00, 0x00, 0x00, 
	0x00, 0x00, 0x00, 0x00, 0x00, 0x00, 0x00, 0x00, 
	0x00, 0x00, 0x00, 0x11, 0x11, 0x11, 0x11, 0x11, 
	0x11, 0x11, 0x00, 0x00, 0x00, 0x00, 0x00, 0x00, 
	0x00, 0x00, 0x00, 0x00, 0x00, 0x00, 0x00, 0x00, 
	0x00, 0x00, 0x00, 0x00, 0x00, 0x00, 0x00, 0x00, 
	0x00, 0x00, 0x00, 0x00, 0x00, 0x00, 0x00, 0x00, 
	0x00, 0x00, 0x00, 0x00, 0x00, 0x00, 0x00, 0x00, 
	0x00, 0x00, 0x00, 0x00, 0x00, 0x00, 0x00, 0x00, 
	0x00, 0x00, 0x00, 0x00, 0x00, 0x00, 0x00, 0x00, 
	0x00, 0x00, 0x00, 0x11, 0x11, 0x10, 0x00, 0x00, 
	0x00, 0x00, 0x00, 0x00, 0x00, 0x00, 0x00, 0x00, 
	0x00, 0x00, 0x00, 0x00, 0x00, 0x00, 0x00, 0x00, 
	0x00, 0x00, 0x00, 0x00, 0x00, 0x00, 0x00, 0x00, 
	0x00, 0x00, 0x00, 0x00, 0x00, 0x00, 0x00, 0x00, 
	0x00, 0x00, 0x00, 0x00, 0x00, 0x00, 0x00, 0x00, 
	0x00, 0x00, 0x00, 0x00, 0x00, 0x00, 0x00, 0x00, 
	0x00, 0x00, 0x00, 0x00, 0x00, 0x00, 0x00, 0x00, 
	0x00, 0x00, 0x00, 0x00, 0x00, 0x00, 0x00, 0x00, 
	0x00, 0x00, 0x00, 0x00, 0x00, 0x00, 0x00, 0x00, 
	0x00, 0x00, 0x00, 0x00, 0x00, 0x00, 0x00, 0x00, 
	0x00, 0x00, 0x00, 0x00, 0x00, 0x00, 0x00, 0x00, 
	0x00, 0x00, 0x00, 0x00, 0x00, 0x00, 0x00, 0x00, 
	0x00, 0x00, 0x00, 0x00, 0x00, 0x00, 0x00, 0x00, 
	0x00, 0x00, 0x00, 0x00, 0x00, 0x00, 0x00, 0x00, 
	0x00, 0x00, 0x00, 0x00, 0x00, 0x00, 0x00, 0x00, 
	0x00, 0x00, 0x00, 0x00, 0x00, 0x00, 0x00, 0x00, 
	0x00, 0x00, 0x00, 0x00, 0x00, 0x00, 0x00, 0x00, 
	0x00, 0x00, 0x00, 0x00, 0x00, 0x00, 0x00, 0x00, 
	0x00, 0x00, 0x00, 0x00, 0x00, 0x00, 0x00, 0x00, 
	0x00, 0x00, 0x00, 0x00, 0x00, 0x00, 0x00, 0x00, 
	0x00, 0x00, 0x00, 0x00, 0x00, 0x00, 0x00, 0x00, 
	0x00, 0x00, 0x00, 0x00, 0x00, 0x00, 0x00, 0x00, 
	0x00, 0x00, 0x00, 0x00, 0x00, 0x00, 0x00, 0x00, 
	0x00, 0x00, 0x00, 0x00, 0x00, 0x00, 0x00, 0x00, 
	0x00, 0x00, 0x00, 0x00, 0x00, 0x00, 0x00, 0x00, 
	0x00, 0x00, 0x00, 0x00, 0x00, 0x00, 0x00, 0x00, 
	0x00, 0x00, 0x00, 0x00, 0x00, 0x00, 0x00, 0x00, 
	0x00, 0x00, 0x00, 0x00, 0x00, 0x00, 0x00, 0x00, 
	0x00, 0x00, 0x00, 0x00, 0x00, 0x00, 0x00, 0x00, 
	0x00, 0x00, 0x00, 0x00, 0x00, 0x00, 0x00, 0x00, 
	0x00, 0x00, 0x00, 0x00, 0x00, 0x00, 0x00, 0x00, 
	0x00, 0x00, 0x00, 0x00, 0x00, 0x00, 0x00, 0x00, 
	0x00, 0x00, 0x00, 0x00, 0x00, 0x00, 0x00, 0x00, 
	0x00, 0x00, 0x00, 0x00, 0x00, 0x00, 0x00, 0x00, 
	0x00, 0x00, 0x00, 0x00, 0x00, 0x00, 0x00, 0x00, 
	0x00, 0x00, 0x00, 0x00, 0x00, 0x00, 0x00, 0x00, 
	0x00, 0x00, 0x00, 0x00, 0x00, 0x00, 0x00, 0x00, 
	0x00, 0x00, 0x00, 0x00, 0x00, 0x00, 0x00, 0x00, 
	0x00, 0x00, 0x00, 0x00, 0x00, 0x00, 0x00, 0x00, 
	0x00, 0x00, 0x00, 0x00, 0x00, 0x00, 0x00, 0x00, 
	0x00, 0x00, 0x00, 0x00, 0x00, 0x00, 0x00, 0x00, 
	0x00, 0x00, 0x00, 0x00, 0x00, 0x00, 0x00, 0x00, 
	0x00, 0x00, 0x00, 0x00, 0x00, 0x00, 0x00, 0x00, 
	0x00, 0x00, 0x00, 0x00, 0x00, 0x00, 0x00, 0x00, 
	0x00, 0x00, 0x00, 0x00, 0x00, 0x00, 0x00, 0x00, 
	0x00, 0x00, 0x00, 0x00, 0x00, 0x00, 0x00, 0x00, 
	0x00, 0x00, 0x00, 0x00, 0x00, 0x00, 0x00, 0x00, 
	0x00, 0x00, 0x00, 0x00, 0x00, 0x00, 0x00, 0x00, 
	0x01, 0x11, 0x10, 0x00, 0x00, 0x00, 0x00, 0x00, 
	0x00, 0x00, 0x00, 0x00, 0x00, 0x00, 0x00, 0x00, 
	0x00, 0x00, 0x00, 0x00, 0x00, 0x00, 0x00, 0x00, 
	0x00, 0x00, 0x00, 0x00, 0x00, 0x00, 0x00, 0x00, 
	0x00, 0x00, 0x00, 0x00, 0x00, 0x00, 0x00, 0x00, 
	0x00, 0x00, 0x00, 0x00, 0x00, 0x00, 0x00, 0x00, 
	0x00, 0x00, 0x00, 0x00, 0x00, 0x00, 0x00, 0x00, 
	0x00, 0x00, 0x00, 0x00, 0x11, 0x11, 0x11, 0x11, 
	0x11, 0x11, 0x10, 0x00, 0x00, 0x00, 0x00, 0x00, 
	0x00, 0x00, 0x00, 0x00, 0x00, 0x00, 0x00, 0x00, 
	0x00, 0x00, 0x00, 0x00, 0x00, 0x00, 0x00, 0x00, 
	0x00, 0x00, 0x00, 0x00, 0x00, 0x00, 0x00, 0x00, 
	0x00, 0x00, 0x00, 0x00, 0x00, 0x00, 0x00, 0x00, 
	0x00, 0x00, 0x00, 0x00, 0x00, 0x00, 0x00, 0x00, 
	0x00, 0x00, 0x00, 0x00, 0x00, 0x00, 0x00, 0x00, 
	0x00, 0x00, 0x00, 0x00, 0x11, 0x11, 0x11, 0x11, 
	0x11, 0x11, 0x10, 0x00, 0x00, 0x00, 0x00, 0x00, 
	0x00, 0x00, 0x00, 0x00, 0x00, 0x00, 0x00, 0x00, 
	0x00, 0x00, 0x00, 0x00, 0x00, 0x00, 0x00, 0x00, 
	0x00, 0x00, 0x00, 0x00, 0x00, 0x00, 0x00, 0x00, 
	0x00, 0x00, 0x00, 0x00, 0x00, 0x00, 0x00, 0x00, 
	0x00, 0x00, 0x00, 0x00, 0x00, 0x00, 0x00, 0x00, 
	0x00, 0x00, 0x00, 0x00, 0x00, 0x00, 0x00, 0x00, 
	0x00, 0x00, 0x00, 0x00, 0x11, 0x11, 0x11, 0x11, 
	0x11, 0x11, 0x10, 0x00, 0x00, 0x00, 0x00, 0x00, 
	0x00, 0x00, 0x00, 0x00, 0x00, 0x00, 0x00, 0x00, 
	0x00, 0x00, 0x00, 0x00, 0x00, 0x00, 0x00, 0x00, 
	0x00, 0x00, 0x00, 0x00, 0x00, 0x00, 0x00, 0x00, 
	0x00, 0x00, 0x00, 0x00, 0x00, 0x00, 0x00, 0x00, 
	0x00, 0x00, 0x00, 0x00, 0x00, 0x00, 0x00, 0x00, 
	0x00, 0x00, 0x00, 0x00, 0x00, 0x00, 0x00, 0x00, 
	0x00, 0x00, 0x00, 0x00, 0x11, 0x11, 0x11, 0x11, 
	0x11, 0x11, 0x11, 0x00, 0x00, 0x00, 0x00, 0x00, 
	0x00, 0x00, 0x00, 0x00, 0x00, 0x00, 0x00, 0x00, 
	0x00, 0x00, 0x00, 0x00, 0x00, 0x00, 0x00, 0x00, 
	0x00, 0x00, 0x00, 0x00, 0x00, 0x00, 0x00, 0x00, 
	0x00, 0x00, 0x00, 0x00, 0x00, 0x00, 0x00, 0x00, 
	0x00, 0x00, 0x00, 0x00, 0x00, 0x00, 0x00, 0x00, 
	0x00, 0x00, 0x00, 0x00, 0x00, 0x00, 0x00, 0x00, 
	0x00, 0x00, 0x00, 0x00, 0x11, 0x11, 0x11, 0x11, 
	0x11, 0x11, 0x11, 0x00, 0x00, 0x00, 0x00, 0x00, 
	0x00, 0x00, 0x00, 0x00, 0x00, 0x00, 0x00, 0x00, 
	0x00, 0x00, 0x00, 0x00, 0x00, 0x00, 0x00, 0x00, 
	0x00, 0x00, 0x00, 0x00, 0x00, 0x00, 0x00, 0x00, 
	0x00, 0x00, 0x00, 0x00, 0x00, 0x00, 0x00, 0x00, 
	0x00, 0x00, 0x00, 0x00, 0x00, 0x00, 0x00, 0x00, 
	0x00, 0x00, 0x00, 0x00, 0x00, 0x00, 0x00, 0x00, 
	0x00, 0x00, 0x00, 0x00, 0x11, 0x11, 0x11, 0x11, 
	0x11, 0x11, 0x11, 0x00, 0x00, 0x00, 0x00, 0x00, 
	0x00, 0x00, 0x00, 0x00, 0x00, 0x00, 0x00, 0x00, 
	0x00, 0x00, 0x00, 0x00, 0x00, 0x00, 0x00, 0x00, 
	0x00, 0x00, 0x00, 0x00, 0x00, 0x00, 0x00, 0x00, 
	0x00, 0x00, 0x00, 0x00, 0x00, 0x00, 0x00, 0x00, 
	0x00, 0x00, 0x00, 0x00, 0x00, 0x00, 0x00, 0x00, 
	0x00, 0x00, 0x00, 0x00, 0x00, 0x00, 0x00, 0x00, 
	0x00, 0x00, 0x00, 0x00, 0x11, 0x11, 0x11, 0x11, 
	0x11, 0x11, 0x11, 0x00, 0x00, 0x00, 0x00, 0x00, 
	0x00, 0x00, 0x00, 0x00, 0x00, 0x00, 0x00, 0x00, 
	0x00, 0x00, 0x00, 0x00, 0x00, 0x00, 0x00, 0x00, 
	0x00, 0x00, 0x00, 0x00, 0x00, 0x00, 0x00, 0x00, 
	0x00, 0x00, 0x00, 0x00, 0x00, 0x00, 0x00, 0x00, 
	0x00, 0x00, 0x00, 0x00, 0x00, 0x00, 0x00, 0x00, 
	0x00, 0x00, 0x00, 0x00, 0x00, 0x00, 0x00, 0x00, 
	0x00, 0x00, 0x00, 0x00, 0x01, 0x11, 0x11, 0x11, 
	0x11, 0x11, 0x11, 0x00, 0x00, 0x00, 0x00, 0x00, 
	0x00, 0x00, 0x00, 0x00, 0x00, 0x00, 0x00, 0x00, 
	0x00, 0x00, 0x00, 0x00, 0x00, 0x00, 0x00, 0x00, 
	0x00, 0x00, 0x00, 0x00, 0x00, 0x00, 0x00, 0x00, 
	0x00, 0x00, 0x00, 0x00, 0x00, 0x00, 0x00, 0x00, 
	0x00, 0x00, 0x00, 0x00, 0x00, 0x00, 0x00, 0x00, 
	0x00, 0x00, 0x00, 0x00, 0x00, 0x00, 0x00, 0x00, 
	0x00, 0x00, 0x00, 0x00, 0x01, 0x11, 0x11, 0x11, 
	0x11, 0x11, 0x11, 0x00, 0x00, 0x00, 0x00, 0x00, 
	0x00, 0x00, 0x00, 0x00, 0x00, 0x00, 0x00, 0x00, 
	0x00, 0x00, 0x00, 0x00, 0x00, 0x00, 0x00, 0x00, 
	0x00, 0x00, 0x00, 0x00, 0x00, 0x00, 0x00, 0x00, 
	0x00, 0x00, 0x00, 0x00, 0x00, 0x00, 0x00, 0x00, 
	0x00, 0x00, 0x00, 0x00, 0x00, 0x00, 0x00, 0x00, 
	0x00, 0x00, 0x00, 0x00, 0x00, 0x00, 0x00, 0x00, 
	0x00, 0x00, 0x00, 0x00, 0x00, 0x11, 0x11, 0x11, 
	0x11, 0x11, 0x10, 0x00, 0x00, 0x00, 0x00, 0x00, 
	0x00, 0x00, 0x00, 0x00, 0x00, 0x00, 0x00, 0x00, 
	0x00, 0x00, 0x00, 0x00, 0x00, 0x00, 0x00, 0x00, 
	0x00, 0x00, 0x00, 0x00, 0x00, 0x00, 0x00, 0x00, 
	0x00, 0x00, 0x00, 0x00, 0x00, 0x00, 0x00, 0x00, 
	0x00, 0x00, 0x00, 0x00, 0x00, 0x00, 0x00, 0x00, 
	0x00, 0x00, 0x00, 0x00, 0x00, 0x00, 0x00, 0x00, 
	0x00, 0x00, 0x00, 0x00, 0x00, 0x11, 0x11, 0x11, 
	0x11, 0x11, 0x10, 0x00, 0x00, 0x00, 0x00, 0x00, 
	0x00, 0x00, 0x00, 0x00, 0x00, 0x00, 0x00, 0x00, 
	0x00, 0x00, 0x00, 0x00, 0x00, 0x00, 0x00, 0x00, 
	0x00, 0x00, 0x00, 0x00, 0x00, 0x00, 0x00, 0x00, 
	0x00, 0x00, 0x00, 0x00, 0x00, 0x00, 0x00, 0x00, 
	0x00, 0x00, 0x00, 0x00, 0x00, 0x00, 0x00, 0x00, 
	0x00, 0x00, 0x00, 0x00, 0x00, 0x00, 0x00, 0x00, 
	0x00, 0x00, 0x00, 0x00, 0x00, 0x01, 0x11, 0x11, 
	0x11, 0x11, 0x00, 0x00, 0x00, 0x00, 0x00, 0x00, 
	0x00, 0x00, 0x00, 0x00, 0x00, 0x00, 0x00, 0x00, 
	0x00, 0x00, 0x00, 0x00, 0x00, 0x00, 0x00, 0x00, 
	0x00, 0x00, 0x00, 0x00, 0x00, 0x00, 0x00, 0x00, 
	0x00, 0x00, 0x00, 0x00, 0x00, 0x00, 0x00, 0x00, 
	0x00, 0x00, 0x00, 0x00, 0x00, 0x00, 0x00, 0x00, 
	0x00, 0x00, 0x00, 0x00, 0x00, 0x00, 0x00, 0x00, 
	0x00, 0x00, 0x00, 0x00, 0x00, 0x00, 0x01, 0x11, 
	0x11, 0x10, 0x00, 0x00, 0x00, 0x00, 0x00, 0x00, 
	0x00, 0x00, 0x00, 0x00, 0x00, 0x00, 0x00, 0x00, 
	0x00, 0x00, 0x00, 0x00, 0x00, 0x00, 0x00, 0x00, 
	0x00, 0x00, 0x00, 0x00, 0x00, 0x00, 0x00, 0x00, 
	0x00, 0x00, 0x00, 0x00, 0x00, 0x00, 0x00, 0x00, 
	0x00, 0x00, 0x00, 0x00, 0x00, 0x00, 0x00, 0x00, 
	0x00, 0x00, 0x00, 0x00, 0x00, 0x00, 0x00, 0x00, 
	0x00, 0x00, 0x00, 0x00, 0x00, 0x00, 0x00, 0x00, 
	0x00, 0x00, 0x00, 0x00, 0x00, 0x00, 0x00, 0x00, 
	0x00, 0x00, 0x00, 0x00, 0x00, 0x00, 0x00, 0x00, 
	0x00, 0x00, 0x00, 0x00, 0x00, 0x00, 0x00, 0x00, 
	0x00, 0x00, 0x00, 0x00, 0x00, 0x00, 0x00, 0x00, 
	0x00, 0x00, 0x00, 0x00, 0x00, 0x00, 0x00, 0x00, 
	0x00, 0x00, 0x00, 0x00, 0x00, 0x00, 0x00, 0x00, 
	0x00, 0x00, 0x00, 0x00, 0x00, 0x00, 0x00, 0x00, 
	0x00, 0x00, 0x00, 0x00, 0x00, 0x00, 0x00, 0x00, 
	0x00, 0x00, 0x00, 0x00, 0x00, 0x00, 0x00, 0x00, 
	0x00, 0x00, 0x00, 0x00, 0x00, 0x00, 0x00, 0x00, 
	0x00, 0x00, 0x00, 0x00, 0x00, 0x00, 0x00, 0x00, 
	0x00, 0x00, 0x00, 0x00, 0x00, 0x00, 0x00, 0x00, 
	0x00, 0x00, 0x00, 0x00, 0x00, 0x00, 0x00, 0x00, 
	0x00, 0x00, 0x00, 0x00, 0x00, 0x00, 0x00, 0x00, 
	0x00, 0x00, 0x00, 0x00, 0x00, 0x00, 0x00, 0x00, 
	0x00, 0x00, 0x00, 0x00, 0x00, 0x00, 0x00, 0x00, 
	0x00, 0x00, 0x00, 0x00, 0x00, 0x00, 0x00, 0x00, 
	0x00, 0x00, 0x00, 0x00, 0x00, 0x00, 0x00, 0x00, 
	0x00, 0x00, 0x00, 0x00, 0x00, 0x00, 0x00, 0x00, 
	0x00, 0x00, 0x00, 0x00, 0x00, 0x00, 0x00, 0x00, 
	0x00, 0x00, 0x00, 0x00, 0x00, 0x00, 0x00, 0x00, 
	0x00, 0x00, 0x00, 0x00, 0x00, 0x00, 0x00, 0x00, 
	0x00, 0x00, 0x00, 0x00, 0x00, 0x00, 0x00, 0x00, 
	0x00, 0x00, 0x00, 0x00, 0x00, 0x00, 0x00, 0x00, 
	0x00, 0x00, 0x00, 0x00, 0x00, 0x00, 0x00, 0x00, 
	0x00, 0x00, 0x00, 0x00, 0x00, 0x00, 0x00, 0x00, 
	0x00, 0x00, 0x00, 0x00, 0x00, 0x00, 0x00, 0x00, 
	0x00, 0x00, 0x00, 0x00, 0x00, 0x00, 0x00, 0x00, 
	0x00, 0x00, 0x00, 0x00, 0x00, 0x00, 0x00, 0x00, 
	0x00, 0x00, 0x00, 0x00, 0x00, 0x00, 0x00, 0x00, 
	0x00, 0x00, 0x00, 0x00, 0x00, 0x00, 0x00, 0x00, 
	0x00, 0x00, 0x00, 0x00, 0x00, 0x00, 0x00, 0x00, 
	0x00, 0x00, 0x00, 0x00, 0x00, 0x00, 0x00, 0x00, 
	0x00, 0x00, 0x00, 0x00, 0x00, 0x00, 0x00, 0x00, 
	0x00, 0x00, 0x00, 0x00, 0x00, 0x00, 0x00, 0x00, 
	0x00, 0x00, 0x00, 0x00, 0x00, 0x00, 0x00, 0x00, 
	0x00, 0x00, 0x00, 0x00, 0x00, 0x00, 0x00, 0x00, 
	0x00, 0x00, 0x00, 0x00, 0x00, 0x00, 0x00, 0x00, 
	0x00, 0x00, 0x00, 0x00, 0x00, 0x00, 0x00, 0x00, 
	
};

Gfx rgrindr_conk_i8_aligner[] = {gsSPEndDisplayList()};
u8 rgrindr_conk_i8[] = {
	0xd0, 0xe0, 0xf0, 0xf0, 0xf0, 0xf0, 0xf0, 0xf0, 
	0xf0, 0xf0, 0xf0, 0xf0, 0xf0, 0xf0, 0xe0, 0xe0, 
	0xe0, 0xc0, 0xa0, 0xc0, 0xc0, 0xc0, 0xd0, 0xe0, 
	0xd0, 0xd0, 0xe0, 0xf0, 0xe0, 0xd0, 0xd0, 0xe0, 
	0xf0, 0xe0, 0xd0, 0xe0, 0xe0, 0xd0, 0xd0, 0xd0, 
	0xe0, 0xd0, 0xe0, 0xe0, 0xd0, 0xe0, 0xf0, 0xf0, 
	0xf0, 0xf0, 0xf0, 0xf0, 0xf0, 0xf0, 0xf0, 0xf0, 
	0xe0, 0xd0, 0xe0, 0xf0, 0xe0, 0xc0, 0xd0, 0xe0, 
	0xd0, 0xf0, 0xf0, 0xf0, 0xf0, 0xe0, 0xe0, 0xf0, 
	0xf0, 0xf0, 0xf0, 0xf0, 0xf0, 0xf0, 0xf0, 0xe0, 
	0xe0, 0xd0, 0xb0, 0xb0, 0xb0, 0xb0, 0xc0, 0xd0, 
	0xc0, 0xd0, 0xe0, 0xf0, 0xf0, 0xe0, 0xe0, 0xd0, 
	0xe0, 0xd0, 0xd0, 0xf0, 0xe0, 0xd0, 0xd0, 0xc0, 
	0xd0, 0xd0, 0xe0, 0xe0, 0xe0, 0xe0, 0xe0, 0xf0, 
	0xf0, 0xf0, 0xf0, 0xf0, 0xf0, 0xf0, 0xf0, 0xf0, 
	0xf0, 0xe0, 0xf0, 0xf0, 0xe0, 0xd0, 0xc0, 0xd0, 
	0xd0, 0xf0, 0xf0, 0xf0, 0xf0, 0xf0, 0xf0, 0xf0, 
	0xf0, 0xe0, 0xe0, 0xf0, 0xf0, 0xf0, 0xf0, 0xe0, 
	0xe0, 0xe0, 0xe0, 0xc0, 0xb0, 0xb0, 0xb0, 0xb0, 
	0xb0, 0xb0, 0xc0, 0xd0, 0xe0, 0xe0, 0xe0, 0xd0, 
	0xc0, 0xd0, 0xe0, 0xe0, 0xd0, 0xe0, 0xd0, 0xd0, 
	0xd0, 0xe0, 0xe0, 0xe0, 0xe0, 0xe0, 0xf0, 0xf0, 
	0xf0, 0xe0, 0xf0, 0xf0, 0xe0, 0xf0, 0xf0, 0xf0, 
	0xf0, 0xf0, 0xf0, 0xf0, 0xf0, 0xf0, 0xf0, 0xe0, 
	0xe0, 0xe0, 0xe0, 0xf0, 0xf0, 0xf0, 0xf0, 0xf0, 
	0xf0, 0xe0, 0xe0, 0xf0, 0xf0, 0xf0, 0xe0, 0xd0, 
	0xc0, 0xe0, 0xf0, 0xe0, 0xc0, 0xb0, 0xa0, 0xa0, 
	0xa0, 0xa0, 0xb0, 0xc0, 0xd0, 0xd0, 0xd0, 0xc0, 
	0xb0, 0xd0, 0xe0, 0xe0, 0xe0, 0xd0, 0xd0, 0xe0, 
	0xf0, 0xf0, 0xe0, 0xe0, 0xe0, 0xf0, 0xf0, 0xf0, 
	0xe0, 0xe0, 0xe0, 0xc0, 0xc0, 0xe0, 0xe0, 0xf0, 
	0xf0, 0xf0, 0xf0, 0xf0, 0xf0, 0xf0, 0xf0, 0xe0, 
	0xd0, 0xd0, 0xd0, 0xe0, 0xf0, 0xf0, 0xf0, 0xf0, 
	0xf0, 0xe0, 0xe0, 0xf0, 0xf0, 0xe0, 0xc0, 0xb0, 
	0xa0, 0xb0, 0xe0, 0xe0, 0xd0, 0xb0, 0x90, 0x90, 
	0xb0, 0xc0, 0xc0, 0xc0, 0xc0, 0xc0, 0xc0, 0xb0, 
	0xb0, 0xd0, 0xd0, 0xd0, 0xe0, 0xd0, 0xd0, 0xf0, 
	0xf0, 0xf0, 0xf0, 0xe0, 0xf0, 0xe0, 0xe0, 0xf0, 
	0xf0, 0xf0, 0xd0, 0xc0, 0xe0, 0xe0, 0xe0, 0xe0, 
	0xe0, 0xd0, 0xe0, 0xe0, 0xf0, 0xf0, 0xd0, 0xc0, 
	0xd0, 0xd0, 0xd0, 0xe0, 0xf0, 0xf0, 0xf0, 0xf0, 
	0xf0, 0xf0, 0xe0, 0xe0, 0xe0, 0xc0, 0xb0, 0xa0, 
	0x90, 0xa0, 0xc0, 0xc0, 0xa0, 0xa0, 0xa0, 0xa0, 
	0xc0, 0xe0, 0xd0, 0xb0, 0xa0, 0xb0, 0xb0, 0xb0, 
	0xe0, 0xe0, 0xd0, 0xd0, 0xd0, 0xd0, 0xf0, 0xf0, 
	0xf0, 0xf0, 0xf0, 0xf0, 0xf0, 0xf0, 0xe0, 0xe0, 
	0xf0, 0xf0, 0xd0, 0xd0, 0xf0, 0xf0, 0xe0, 0xf0, 
	0xd0, 0xd0, 0xd0, 0xd0, 0xd0, 0xd0, 0xb0, 0xb0, 
	0xd0, 0xc0, 0xd0, 0xe0, 0xe0, 0xf0, 0xf0, 0xf0, 
	0xf0, 0xe0, 0xd0, 0xd0, 0xd0, 0xc0, 0xb0, 0xb0, 
	0xa0, 0xb0, 0xc0, 0xb0, 0x90, 0xa0, 0xb0, 0xb0, 
	0xc0, 0xf0, 0xd0, 0xb0, 0xa0, 0xb0, 0xb0, 0xd0, 
	0xf0, 0xe0, 0xd0, 0xd0, 0xd0, 0xf0, 0xf0, 0xf0, 
	0xf0, 0xf0, 0xf0, 0xf0, 0xf0, 0xf0, 0xf0, 0xe0, 
	0xe0, 0xe0, 0xd0, 0xe0, 0xf0, 0xe0, 0xe0, 0xd0, 
	0xc0, 0xd0, 0xc0, 0xc0, 0xd0, 0xc0, 0xc0, 0xc0, 
	0xc0, 0xc0, 0xe0, 0xf0, 0xf0, 0xf0, 0xf0, 0xe0, 
	0xe0, 0xd0, 0xd0, 0xd0, 0xd0, 0xc0, 0xc0, 0xd0, 
	0xd0, 0xd0, 0xd0, 0xb0, 0xa0, 0xb0, 0xc0, 0xd0, 
	0xc0, 0xd0, 0xc0, 0xa0, 0xa0, 0xb0, 0xc0, 0xe0, 
	0xe0, 0xd0, 0xe0, 0xe0, 0xe0, 0xf0, 0xf0, 0xf0, 
	0xf0, 0xf0, 0xf0, 0xf0, 0xf0, 0xf0, 0xf0, 0xe0, 
	0xe0, 0xe0, 0xe0, 0xe0, 0xd0, 0xd0, 0xe0, 0xc0, 
	0xb0, 0xb0, 0xb0, 0xb0, 0xc0, 0xd0, 0xd0, 0xd0, 
	0xb0, 0xb0, 0xd0, 0xf0, 0xf0, 0xf0, 0xe0, 0xd0, 
	0xe0, 0xe0, 0xe0, 0xd0, 0xc0, 0xc0, 0xc0, 0xd0, 
	0xe0, 0xd0, 0xd0, 0xc0, 0xc0, 0xd0, 0xd0, 0xd0, 
	0xc0, 0xb0, 0xb0, 0xb0, 0xb0, 0xa0, 0xc0, 0xe0, 
	0xc0, 0xc0, 0xe0, 0xe0, 0xe0, 0xf0, 0xf0, 0xf0, 
	0xf0, 0xe0, 0xf0, 0xf0, 0xf0, 0xf0, 0xf0, 0xf0, 
	0xe0, 0xf0, 0xf0, 0xe0, 0xd0, 0xc0, 0xd0, 0xd0, 
	0xb0, 0xd0, 0xd0, 0xc0, 0xc0, 0xd0, 0xd0, 0xd0, 
	0xb0, 0xb0, 0xc0, 0xe0, 0xf0, 0xe0, 0xd0, 0xd0, 
	0xe0, 0xf0, 0xe0, 0xc0, 0xb0, 0xb0, 0xb0, 0xc0, 
	0xc0, 0xc0, 0xb0, 0xb0, 0xd0, 0xe0, 0xe0, 0xe0, 
	0xd0, 0xc0, 0xc0, 0xc0, 0xc0, 0xb0, 0xb0, 0xc0, 
	0xb0, 0xc0, 0xd0, 0xd0, 0xe0, 0xe0, 0xf0, 0xf0, 
	0xe0, 0xe0, 0xf0, 0xf0, 0xf0, 0xf0, 0xf0, 0xf0, 
	0xf0, 0xf0, 0xe0, 0xd0, 0xc0, 0xd0, 0xd0, 0xc0, 
	0xd0, 0xe0, 0xe0, 0xd0, 0xb0, 0xc0, 0xd0, 0xd0, 
	0xc0, 0xc0, 0xd0, 0xd0, 0xc0, 0xd0, 0xd0, 0xd0, 
	0xe0, 0xf0, 0xe0, 0xb0, 0xa0, 0xa0, 0xa0, 0xb0, 
	0xc0, 0xb0, 0xa0, 0xc0, 0xf0, 0xf0, 0xe0, 0xd0, 
	0xd0, 0xc0, 0xc0, 0xc0, 0xa0, 0xa0, 0xa0, 0xb0, 
	0xc0, 0xd0, 0xd0, 0xd0, 0xe0, 0xd0, 0xf0, 0xf0, 
	0xf0, 0xf0, 0xf0, 0xf0, 0xf0, 0xf0, 0xf0, 0xf0, 
	0xf0, 0xe0, 0xd0, 0xc0, 0xc0, 0xc0, 0xb0, 0xb0, 
	0xe0, 0xe0, 0xf0, 0xe0, 0xc0, 0xd0, 0xd0, 0xd0, 
	0xe0, 0xe0, 0xe0, 0xd0, 0xd0, 0xd0, 0xd0, 0xc0, 
	0xc0, 0xc0, 0xd0, 0xc0, 0xb0, 0xa0, 0xa0, 0xb0, 
	0xc0, 0xb0, 0xa0, 0xd0, 0xe0, 0xd0, 0xc0, 0xb0, 
	0xb0, 0xc0, 0xd0, 0xc0, 0xa0, 0xb0, 0x90, 0xa0, 
	0xd0, 0xe0, 0xd0, 0xe0, 0xe0, 0xd0, 0xf0, 0xf0, 
	0xf0, 0xf0, 0xf0, 0xf0, 0xf0, 0xf0, 0xf0, 0xf0, 
	0xf0, 0xd0, 0xc0, 0xb0, 0xd0, 0xc0, 0xa0, 0xa0, 
	0xd0, 0xd0, 0xc0, 0xe0, 0xe0, 0xd0, 0xc0, 0xd0, 
	0xd0, 0xe0, 0xd0, 0xd0, 0xe0, 0xe0, 0xf0, 0xe0, 
	0xb0, 0xb0, 0xd0, 0xd0, 0xc0, 0xb0, 0xb0, 0xc0, 
	0xc0, 0xa0, 0xa0, 0xc0, 0xd0, 0xc0, 0xc0, 0xb0, 
	0xb0, 0xc0, 0xd0, 0xd0, 0xc0, 0xc0, 0xa0, 0xb0, 
	0xd0, 0xd0, 0xe0, 0xf0, 0xf0, 0xf0, 0xe0, 0xf0, 
	0xf0, 0xf0, 0xf0, 0xf0, 0xf0, 0xf0, 0xf0, 0xf0, 
	0xf0, 0xd0, 0xc0, 0xd0, 0xe0, 0xd0, 0xb0, 0xc0, 
	0xd0, 0xc0, 0xb0, 0xc0, 0xe0, 0xc0, 0xb0, 0xc0, 
	0xc0, 0xd0, 0xd0, 0xd0, 0xe0, 0xe0, 0xf0, 0xe0, 
	0xc0, 0xb0, 0xc0, 0xe0, 0xe0, 0xd0, 0xc0, 0xc0, 
	0xb0, 0xa0, 0xb0, 0xb0, 0xb0, 0xb0, 0xc0, 0xc0, 
	0xb0, 0xb0, 0xd0, 0xf0, 0xf0, 0xe0, 0xd0, 0xd0, 
	0xd0, 0xd0, 0xf0, 0xf0, 0xf0, 0xf0, 0xe0, 0xe0, 
	0xf0, 0xf0, 0xe0, 0xf0, 0xf0, 0xf0, 0xf0, 0xf0, 
	0xf0, 0xf0, 0xf0, 0xf0, 0xf0, 0xd0, 0xe0, 0xe0, 
	0xd0, 0xd0, 0xc0, 0xc0, 0xc0, 0xa0, 0x90, 0xb0, 
	0xa0, 0xc0, 0xe0, 0xe0, 0xe0, 0xe0, 0xe0, 0xe0, 
	0xe0, 0xd0, 0xc0, 0xd0, 0xd0, 0xd0, 0xe0, 0xd0, 
	0xc0, 0xc0, 0xd0, 0xc0, 0xb0, 0xb0, 0xd0, 0xf0, 
	0xe0, 0xd0, 0xc0, 0xd0, 0xc0, 0xd0, 0xd0, 0xc0, 
	0xd0, 0xe0, 0xe0, 0xf0, 0xf0, 0xf0, 0xf0, 0xf0, 
	0xf0, 0xf0, 0xe0, 0xf0, 0xf0, 0xf0, 0xf0, 0xf0, 
	0xf0, 0xf0, 0xf0, 0xf0, 0xf0, 0xd0, 0xe0, 0xe0, 
	0xc0, 0xc0, 0xc0, 0xc0, 0xa0, 0x90, 0x90, 0xb0, 
	0xb0, 0xc0, 0xd0, 0xe0, 0xd0, 0xd0, 0xd0, 0xd0, 
	0xe0, 0xe0, 0xd0, 0xc0, 0xc0, 0xd0, 0xe0, 0xe0, 
	0xd0, 0xd0, 0xf0, 0xf0, 0xe0, 0xe0, 0xe0, 0xf0, 
	0xf0, 0xe0, 0xd0, 0xd0, 0xd0, 0xe0, 0xe0, 0xd0, 
	0xe0, 0xe0, 0xe0, 0xe0, 0xe0, 0xe0, 0xf0, 0xe0, 
	0xf0, 0xf0, 0xf0, 0xf0, 0xf0, 0xf0, 0xf0, 0xf0, 
	0xf0, 0xf0, 0xf0, 0xf0, 0xf0, 0xe0, 0xe0, 0xe0, 
	0xc0, 0xb0, 0xc0, 0xb0, 0xa0, 0xb0, 0xb0, 0xd0, 
	0xc0, 0xc0, 0xd0, 0xd0, 0xb0, 0xc0, 0xc0, 0xb0, 
	0xc0, 0xd0, 0xc0, 0xa0, 0xb0, 0xb0, 0xd0, 0xe0, 
	0xe0, 0xf0, 0xf0, 0xf0, 0xf0, 0xf0, 0xd0, 0xe0, 
	0xf0, 0xf0, 0xd0, 0xd0, 0xd0, 0xe0, 0xe0, 0xe0, 
	0xf0, 0xe0, 0xd0, 0xd0, 0xd0, 0xe0, 0xf0, 0xf0, 
	0xe0, 0xe0, 0xf0, 0xe0, 0xf0, 0xf0, 0xf0, 0xf0, 
	0xf0, 0xe0, 0xe0, 0xf0, 0xf0, 0xf0, 0xf0, 0xe0, 
	0xd0, 0xc0, 0xc0, 0xa0, 0xb0, 0xc0, 0xd0, 0xd0, 
	0xd0, 0xc0, 0xb0, 0xa0, 0xa0, 0xc0, 0xc0, 0xb0, 
	0xb0, 0xb0, 0xa0, 0x90, 0xa0, 0xb0, 0xc0, 0xc0, 
	0xd0, 0xf0, 0xf0, 0xe0, 0xf0, 0xf0, 0xd0, 0xd0, 
	0xf0, 0xf0, 0xd0, 0xe0, 0xe0, 0xe0, 0xe0, 0xe0, 
	0xf0, 0xe0, 0xd0, 0xc0, 0xc0, 0xe0, 0xe0, 0xe0, 
	0xe0, 0xf0, 0xe0, 0xe0, 0xe0, 0xf0, 0xf0, 0xf0, 
	0xe0, 0xe0, 0xf0, 0xf0, 0xf0, 0xf0, 0xf0, 0xe0, 
	0xd0, 0xc0, 0xb0, 0xb0, 0xb0, 0xc0, 0xd0, 0xc0, 
	0xd0, 0xe0, 0xc0, 0xb0, 0xc0, 0xc0, 0xc0, 0xc0, 
	0xc0, 0xc0, 0xc0, 0xb0, 0xc0, 0xc0, 0xc0, 0xc0, 
	0xe0, 0xf0, 0xf0, 0xf0, 0xf0, 0xf0, 0xe0, 0xe0, 
	0xf0, 0xf0, 0xe0, 0xe0, 0xe0, 0xd0, 0xe0, 0xe0, 
	0xe0, 0xd0, 0xd0, 0xc0, 0xb0, 0xc0, 0xd0, 0xd0, 
	0xe0, 0xf0, 0xf0, 0xf0, 0xf0, 0xf0, 0xf0, 0xe0, 
	0xd0, 0xe0, 0xf0, 0xe0, 0xe0, 0xe0, 0xd0, 0xc0, 
	0xc0, 0xb0, 0xa0, 0xa0, 0xb0, 0xc0, 0xd0, 0xc0, 
	0xc0, 0xd0, 0xd0, 0xd0, 0xe0, 0xc0, 0xc0, 0xd0, 
	0xe0, 0xe0, 0xe0, 0xe0, 0xc0, 0xd0, 0xd0, 0xe0, 
	0xf0, 0xf0, 0xf0, 0xf0, 0xe0, 0xf0, 0xf0, 0xf0, 
	0xf0, 0xf0, 0xf0, 0xf0, 0xf0, 0xe0, 0xd0, 0xd0, 
	0xd0, 0xc0, 0xc0, 0xb0, 0xb0, 0xc0, 0xb0, 0xc0, 
	0xe0, 0xe0, 0xf0, 0xf0, 0xf0, 0xf0, 0xf0, 0xe0, 
	0xe0, 0xe0, 0xe0, 0xd0, 0xe0, 0xd0, 0xc0, 0xb0, 
	0xb0, 0xa0, 0x90, 0xa0, 0xa0, 0xb0, 0xc0, 0xc0, 
	0xb0, 0xb0, 0xd0, 0xe0, 0xd0, 0xc0, 0xd0, 0xd0, 
	0xe0, 0xe0, 0xf0, 0xf0, 0xd0, 0xd0, 0xd0, 0xf0, 
	0xf0, 0xf0, 0xf0, 0xf0, 0xe0, 0xf0, 0xf0, 0xf0, 
	0xf0, 0xf0, 0xf0, 0xf0, 0xf0, 0xf0, 0xe0, 0xe0, 
	0xd0, 0xc0, 0xb0, 0xb0, 0xd0, 0xc0, 0xc0, 0xd0, 
	0xd0, 0xe0, 0xf0, 0xe0, 0xf0, 0xf0, 0xf0, 0xf0, 
	0xf0, 0xd0, 0xe0, 0xf0, 0xf0, 0xe0, 0xd0, 0xc0, 
	0xb0, 0xc0, 0xb0, 0xa0, 0xb0, 0xc0, 0xc0, 0xc0, 
	0xb0, 0xa0, 0xd0, 0xe0, 0xd0, 0xc0, 0xd0, 0xe0, 
	0xe0, 0xe0, 0xe0, 0xf0, 0xe0, 0xd0, 0xe0, 0xf0, 
	0xe0, 0xe0, 0xf0, 0xf0, 0xe0, 0xe0, 0xe0, 0xf0, 
	0xe0, 0xe0, 0xf0, 0xe0, 0xe0, 0xe0, 0xf0, 0xe0, 
	0xd0, 0xc0, 0xd0, 0xd0, 0xd0, 0xd0, 0xd0, 0xd0, 
	0xe0, 0xe0, 0xe0, 0xd0, 0xd0, 0xf0, 0xf0, 0xf0, 
	0xe0, 0xd0, 0xe0, 0xf0, 0xf0, 0xf0, 0xf0, 0xf0, 
	0xf0, 0xf0, 0xe0, 0xc0, 0xc0, 0xd0, 0xe0, 0xe0, 
	0xc0, 0xb0, 0xb0, 0xd0, 0xc0, 0xc0, 0xc0, 0xd0, 
	0xe0, 0xd0, 0xd0, 0xe0, 0xe0, 0xe0, 0xe0, 0xe0, 
	0xe0, 0xf0, 0xe0, 0xd0, 0xe0, 0xf0, 0xe0, 0xe0, 
	0xe0, 0xf0, 0xf0, 0xf0, 0xe0, 0xe0, 0xf0, 0xf0, 
	0xf0, 0xe0, 0xe0, 0xf0, 0xe0, 0xd0, 0xd0, 0xd0, 
	0xe0, 0xe0, 0xe0, 0xe0, 0xe0, 0xe0, 0xe0, 0xe0, 
	0xf0, 0xf0, 0xf0, 0xe0, 0xf0, 0xf0, 0xf0, 0xf0, 
	0xf0, 0xf0, 0xf0, 0xd0, 0xd0, 0xe0, 0xe0, 0xd0, 
	0xf0, 0xf0, 0xd0, 0xc0, 0xc0, 0xd0, 0xd0, 0xe0, 
	0xe0, 0xc0, 0xd0, 0xe0, 0xe0, 0xe0, 0xe0, 0xd0, 
	0xe0, 0xf0, 0xe0, 0xd0, 0xf0, 0xf0, 0xd0, 0xd0, 
	0xe0, 0xe0, 0xf0, 0xf0, 0xf0, 0xf0, 0xf0, 0xf0, 
	0xf0, 0xf0, 0xf0, 0xf0, 0xe0, 0xe0, 0xe0, 0xe0, 
	0xe0, 0xe0, 0xe0, 0xf0, 0xf0, 0xe0, 0xd0, 0xd0, 
	0xe0, 0xe0, 0xe0, 0xe0, 0xe0, 0xf0, 0xe0, 0xe0, 
	0xf0, 0xf0, 0xf0, 0xe0, 0xe0, 0xe0, 0xd0, 0xd0, 
	0xe0, 0xe0, 0xd0, 0xc0, 0xc0, 0xc0, 0xc0, 0xd0, 
	0xd0, 0xe0, 0xe0, 0xe0, 0xd0, 0xe0, 0xe0, 0xd0, 
	0xc0, 0xd0, 0xd0, 0xe0, 0xf0, 0xe0, 0xd0, 0xd0, 
	0xe0, 0xf0, 0xf0, 0xf0, 0xf0, 0xf0, 0xf0, 0xf0, 
	0xf0, 0xf0, 0xf0, 0xf0, 0xf0, 0xf0, 0xf0, 0xe0, 
	0xd0, 0xe0, 0xf0, 0xf0, 0xf0, 0xf0, 0xd0, 0xd0, 
	0xd0, 0xd0, 0xd0, 0xd0, 0xd0, 0xd0, 0xd0, 0xe0, 
	0xe0, 0xe0, 0xe0, 0xf0, 0xf0, 0xe0, 0xc0, 0xd0, 
	0xd0, 0xd0, 0xd0, 0xc0, 0xd0, 0xc0, 0xc0, 0xd0, 
	0xe0, 0xf0, 0xf0, 0xe0, 0xe0, 0xe0, 0xd0, 0xd0, 
	0xb0, 0xb0, 0xd0, 0xf0, 0xe0, 0xe0, 0xd0, 0xd0, 
	0xe0, 0xe0, 0xe0, 0xe0, 0xf0, 0xf0, 0xf0, 0xf0, 
	0xf0, 0xe0, 0xf0, 0xf0, 0xf0, 0xf0, 0xf0, 0xe0, 
	0xe0, 0xe0, 0xe0, 0xe0, 0xe0, 0xe0, 0xd0, 0xd0, 
	0xd0, 0xd0, 0xd0, 0xd0, 0xd0, 0xd0, 0xd0, 0xd0, 
	0xe0, 0xe0, 0xf0, 0xf0, 0xf0, 0xf0, 0xd0, 0xd0, 
	0xd0, 0xd0, 0xd0, 0xd0, 0xd0, 0xd0, 0xd0, 0xd0, 
	0xd0, 0xf0, 0xe0, 0xd0, 0xf0, 0xf0, 0xf0, 0xe0, 
	0xb0, 0xa0, 0xd0, 0xf0, 0xd0, 0xc0, 0xc0, 0xd0, 
	0xd0, 0xe0, 0xe0, 0xe0, 0xe0, 0xf0, 0xf0, 0xf0, 
	0xe0, 0xe0, 0xe0, 0xf0, 0xf0, 0xf0, 0xf0, 0xe0, 
	0xe0, 0xe0, 0xd0, 0xb0, 0xc0, 0xd0, 0xd0, 0xc0, 
	0xc0, 0xd0, 0xd0, 0xd0, 0xe0, 0xd0, 0xd0, 0xd0, 
	0xe0, 0xf0, 0xf0, 0xf0, 0xf0, 0xf0, 0xe0, 0xd0, 
	0xd0, 0xd0, 0xd0, 0xe0, 0xe0, 0xe0, 0xd0, 0xc0, 
	0xd0, 0xe0, 0xe0, 0xd0, 0xf0, 0xf0, 0xe0, 0xd0, 
	0xc0, 0xb0, 0xb0, 0xd0, 0xc0, 0xa0, 0xb0, 0xc0, 
	0xd0, 0xc0, 0xd0, 0xd0, 0xf0, 0xf0, 0xf0, 0xf0, 
	0xf0, 0xe0, 0xf0, 0xe0, 0xe0, 0xe0, 0xe0, 0xe0, 
	0xe0, 0xe0, 0xe0, 0xc0, 0xd0, 0xd0, 0xc0, 0xc0, 
	0xc0, 0xc0, 0xd0, 0xe0, 0xf0, 0xf0, 0xd0, 0xd0, 
	0xf0, 0xf0, 0xf0, 0xe0, 0xe0, 0xf0, 0xf0, 0xe0, 
	0xe0, 0xe0, 0xf0, 0xf0, 0xf0, 0xf0, 0xe0, 0xd0, 
	0xe0, 0xe0, 0xe0, 0xe0, 0xe0, 0xe0, 0xd0, 0xd0, 
	0xf0, 0xf0, 0xd0, 0xc0, 0xc0, 0xb0, 0xa0, 0xb0, 
	0xc0, 0xc0, 0xc0, 0xd0, 0xd0, 0xe0, 0xe0, 0xe0, 
	0xd0, 0xd0, 0xe0, 0xd0, 0xe0, 0xe0, 0xe0, 0xd0, 
	0xe0, 0xd0, 0xe0, 0xd0, 0xd0, 0xc0, 0xa0, 0xb0, 
	0xc0, 0xd0, 0xd0, 0xe0, 0xf0, 0xf0, 0xe0, 0xe0, 
	0xe0, 0xe0, 0xe0, 0xe0, 0xe0, 0xf0, 0xf0, 0xf0, 
	0xd0, 0xe0, 0xf0, 0xf0, 0xf0, 0xf0, 0xe0, 0xd0, 
	0xe0, 0xd0, 0xd0, 0xf0, 0xe0, 0xd0, 0xd0, 0xd0, 
	0xe0, 0xe0, 0xd0, 0xc0, 0xc0, 0xc0, 0xb0, 0xb0, 
	0xb0, 0xc0, 0xc0, 0xc0, 0xd0, 0xe0, 0xe0, 0xd0, 
	0xd0, 0xe0, 0xd0, 0xe0, 0xe0, 0xe0, 0xe0, 0xd0, 
	0xd0, 0xd0, 0xd0, 0xd0, 0xd0, 0xb0, 0xb0, 0xc0, 
	0xd0, 0xc0, 0xd0, 0xd0, 0xd0, 0xe0, 0xe0, 0xf0, 
	0xe0, 0xe0, 0xf0, 0xf0, 0xf0, 0xf0, 0xf0, 0xe0, 
	0xd0, 0xd0, 0xe0, 0xe0, 0xe0, 0xe0, 0xf0, 0xf0, 
	0xd0, 0xd0, 0xe0, 0xf0, 0xe0, 0xd0, 0xd0, 0xd0, 
	0xd0, 0xc0, 0xd0, 0xc0, 0xc0, 0xd0, 0xd0, 0xc0, 
	0xa0, 0xb0, 0xc0, 0xc0, 0xd0, 0xe0, 0xe0, 0xd0, 
	0xe0, 0xd0, 0xc0, 0xc0, 0xc0, 0xc0, 0xc0, 0xd0, 
	0xd0, 0xc0, 0xc0, 0xe0, 0xc0, 0xc0, 0xd0, 0xd0, 
	0xd0, 0xc0, 0xc0, 0xd0, 0xd0, 0xd0, 0xd0, 0xd0, 
	0xd0, 0xe0, 0xf0, 0xf0, 0xf0, 0xf0, 0xe0, 0xc0, 
	0xe0, 0xd0, 0xd0, 0xe0, 0xd0, 0xe0, 0xe0, 0xd0, 
	0xd0, 0xc0, 0xd0, 0xd0, 0xd0, 0xd0, 0xe0, 0xe0, 
	0xd0, 0xd0, 0xd0, 0xd0, 0xc0, 0xd0, 0xe0, 0xd0, 
	0xb0, 0xb0, 0xc0, 0xd0, 0xd0, 0xf0, 0xf0, 0xe0, 
	0xf0, 0xd0, 0xb0, 0xb0, 0xb0, 0xb0, 0xc0, 0xc0, 
	0xc0, 0xb0, 0xc0, 0xc0, 0xc0, 0xd0, 0xf0, 0xf0, 
	0xd0, 0xd0, 0xd0, 0xe0, 0xf0, 0xf0, 0xd0, 0xd0, 
	0xe0, 0xe0, 0xf0, 0xf0, 0xf0, 0xf0, 0xd0, 0xd0, 
	0xe0, 0xc0, 0xc0, 0xe0, 0xf0, 0xf0, 0xd0, 0xd0, 
	0xe0, 0xd0, 0xc0, 0xc0, 0xd0, 0xd0, 0xd0, 0xc0, 
	0xd0, 0xd0, 0xc0, 0xc0, 0xc0, 0xc0, 0xc0, 0xc0, 
	0xd0, 0xc0, 0xc0, 0xd0, 0xd0, 0xe0, 0xf0, 0xe0, 
	0xe0, 0xd0, 0xc0, 0xc0, 0xc0, 0xc0, 0xc0, 0xc0, 
	0xc0, 0xc0, 0xc0, 0xc0, 0xc0, 0xd0, 0xe0, 0xe0, 
	0xd0, 0xc0, 0xc0, 0xd0, 0xf0, 0xf0, 0xd0, 0xe0, 
	0xf0, 0xe0, 0xf0, 0xe0, 0xe0, 0xf0, 0xe0, 0xf0, 
	0xe0, 0xd0, 0xd0, 0xf0, 0xf0, 0xf0, 0xd0, 0xe0, 
	0xe0, 0xd0, 0xd0, 0xc0, 0xd0, 0xc0, 0xc0, 0xb0, 
	0xb0, 0xd0, 0xd0, 0xd0, 0xc0, 0xc0, 0xc0, 0xc0, 
	0xc0, 0xc0, 0xc0, 0xd0, 0xd0, 0xe0, 0xe0, 0xe0, 
	0xd0, 0xd0, 0xc0, 0xc0, 0xd0, 0xe0, 0xd0, 0xd0, 
	0xc0, 0xb0, 0xb0, 0xc0, 0xd0, 0xd0, 0xd0, 0xd0, 
	0xc0, 0xd0, 0xd0, 0xd0, 0xe0, 0xe0, 0xc0, 0xe0, 
	0xf0, 0xf0, 0xe0, 0xe0, 0xe0, 0xf0, 0xf0, 0xf0, 
	0xf0, 0xe0, 0xf0, 0xf0, 0xf0, 0xe0, 0xc0, 0xd0, 
	0xe0, 0xe0, 0xd0, 0xd0, 0xd0, 0xc0, 0xc0, 0xb0, 
	0xa0, 0xc0, 0xd0, 0xd0, 0xc0, 0xc0, 0xc0, 0xc0, 
	0xc0, 0xb0, 0xb0, 0xd0, 0xe0, 0xf0, 0xf0, 0xe0, 
	0xe0, 0xe0, 0xd0, 0xe0, 0xe0, 0xe0, 0xd0, 0xd0, 
	0xc0, 0xc0, 0xc0, 0xd0, 0xe0, 0xe0, 0xd0, 0xd0, 
	0xd0, 0xd0, 0xd0, 0xd0, 0xe0, 0xd0, 0xc0, 0xd0, 
	0xe0, 0xe0, 0xe0, 0xe0, 0xe0, 0xe0, 0xe0, 0xe0, 
	0xf0, 0xf0, 0xf0, 0xf0, 0xf0, 0xd0, 0xc0, 0xc0, 
	0xd0, 0xd0, 0xd0, 0xd0, 0xd0, 0xc0, 0xd0, 0xc0, 
	0xb0, 0xd0, 0xe0, 0xd0, 0xc0, 0xb0, 0xc0, 0xc0, 
	0xc0, 0xc0, 0xd0, 0xd0, 0xd0, 0xe0, 0xf0, 0xf0, 
	0xe0, 0xe0, 0xd0, 0xe0, 0xd0, 0xd0, 0xc0, 0xc0, 
	0xd0, 0xd0, 0xc0, 0xe0, 0xf0, 0xe0, 0xe0, 0xe0, 
	0xe0, 0xe0, 0xe0, 0xf0, 0xd0, 0xd0, 0xd0, 0xd0, 
	0xc0, 0xe0, 0xf0, 0xe0, 0xd0, 0xd0, 0xd0, 0xe0, 
	0xf0, 0xf0, 0xf0, 0xe0, 0xe0, 0xd0, 0xd0, 0xd0, 
	0xd0, 0xc0, 0xd0, 0xe0, 0xe0, 0xd0, 0xe0, 0xf0, 
	0xe0, 0xd0, 0xd0, 0xd0, 0xd0, 0xc0, 0xc0, 0xd0, 
	0xc0, 0xc0, 0xd0, 0xd0, 0xc0, 0xc0, 0xe0, 0xe0, 
	0xe0, 0xf0, 0xf0, 0xe0, 0xd0, 0xd0, 0xd0, 0xe0, 
	0xf0, 0xd0, 0xd0, 0xd0, 0xe0, 0xf0, 0xf0, 0xe0, 
	0xd0, 0xe0, 0xe0, 0xf0, 0xf0, 0xe0, 0xd0, 0xd0, 
	0xd0, 0xe0, 0xf0, 0xe0, 0xc0, 0xc0, 0xc0, 0xd0, 
	0xd0, 0xe0, 0xe0, 0xe0, 0xe0, 0xe0, 0xe0, 0xe0, 
	0xd0, 0xc0, 0xc0, 0xd0, 0xd0, 0xe0, 0xf0, 0xf0, 
	0xe0, 0xb0, 0xb0, 0xd0, 0xe0, 0xe0, 0xd0, 0xc0, 
	0xd0, 0xd0, 0xd0, 0xd0, 0xd0, 0xb0, 0xc0, 0xd0, 
	0xd0, 0xd0, 0xd0, 0xd0, 0xd0, 0xc0, 0xd0, 0xd0, 
	0xe0, 0xd0, 0xd0, 0xd0, 0xd0, 0xf0, 0xf0, 0xe0, 
	0xd0, 0xe0, 0xe0, 0xf0, 0xe0, 0xe0, 0xe0, 0xd0, 
	0xe0, 0xe0, 0xe0, 0xd0, 0xc0, 0xb0, 0xc0, 0xd0, 
	0xb0, 0xc0, 0xd0, 0xd0, 0xd0, 0xc0, 0xc0, 0xd0, 
	0xc0, 0xc0, 0xd0, 0xc0, 0xd0, 0xe0, 0xe0, 0xe0, 
	0xc0, 0xb0, 0xc0, 0xd0, 0xe0, 0xe0, 0xd0, 0xd0, 
	0xc0, 0xd0, 0xc0, 0xd0, 0xc0, 0xb0, 0xc0, 0xc0, 
	0xc0, 0xd0, 0xe0, 0xf0, 0xf0, 0xe0, 0xe0, 0xe0, 
	0xe0, 0xd0, 0xc0, 0xc0, 0xd0, 0xe0, 0xe0, 0xe0, 
	0xe0, 0xf0, 0xf0, 0xf0, 0xe0, 0xe0, 0xe0, 0xd0, 
	0xe0, 0xe0, 0xc0, 0xc0, 0xb0, 0xa0, 0xb0, 0xb0, 
	0xb0, 0xc0, 0xd0, 0xd0, 0xb0, 0xb0, 0xb0, 0xb0, 
	0xb0, 0xc0, 0xc0, 0xc0, 0xd0, 0xe0, 0xd0, 0xc0, 
	0xb0, 0xd0, 0xe0, 0xf0, 0xe0, 0xd0, 0xc0, 0xc0, 
	0xc0, 0xd0, 0xc0, 0xc0, 0xc0, 0xb0, 0xc0, 0xc0, 
	0xc0, 0xd0, 0xf0, 0xf0, 0xf0, 0xf0, 0xf0, 0xf0, 
	0xf0, 0xe0, 0xc0, 0xc0, 0xd0, 0xc0, 0xd0, 0xe0, 
	0xe0, 0xf0, 0xf0, 0xf0, 0xe0, 0xe0, 0xf0, 0xd0, 
	0xc0, 0xc0, 0xa0, 0xb0, 0xb0, 0xc0, 0xb0, 0xc0, 
	0xc0, 0xd0, 0xd0, 0xc0, 0xa0, 0xa0, 0xa0, 0xa0, 
	0xb0, 0xb0, 0xb0, 0xc0, 0xd0, 0xc0, 0xc0, 0xd0, 
	0xe0, 0xf0, 0xf0, 0xe0, 0xd0, 0xb0, 0xa0, 0xb0, 
	0xb0, 0xc0, 0xc0, 0xc0, 0xc0, 0xc0, 0xd0, 0xc0, 
	0xd0, 0xe0, 0xf0, 0xf0, 0xf0, 0xf0, 0xf0, 0xe0, 
	0xe0, 0xe0, 0xd0, 0xc0, 0xc0, 0xb0, 0xb0, 0xd0, 
	0xe0, 0xe0, 0xf0, 0xf0, 0xf0, 0xf0, 0xf0, 0xd0, 
	0xc0, 0xb0, 0xa0, 0xb0, 0xc0, 0xd0, 0xd0, 0xd0, 
	0xd0, 0xd0, 0xc0, 0xa0, 0xa0, 0xb0, 0xb0, 0xb0, 
	0xb0, 0xb0, 0xb0, 0xb0, 0xb0, 0xc0, 0xc0, 0xe0, 
	0xf0, 0xf0, 0xe0, 0xd0, 0xd0, 0xc0, 0xb0, 0xb0, 
	0xc0, 0xb0, 0xc0, 0xb0, 0xc0, 0xe0, 0xe0, 0xd0, 
	0xd0, 0xd0, 0xf0, 0xf0, 0xf0, 0xf0, 0xe0, 0xe0, 
	0xe0, 0xe0, 0xe0, 0xd0, 0xc0, 0xb0, 0xa0, 0xc0, 
	0xd0, 0xd0, 0xd0, 0xe0, 0xe0, 0xf0, 0xf0, 0xd0, 
	0xc0, 0xb0, 0xb0, 0xc0, 0xc0, 0xe0, 0xe0, 0xe0, 
	0xd0, 0xd0, 0xb0, 0xb0, 0xc0, 0xd0, 0xc0, 0xc0, 
	0xd0, 0xc0, 0xb0, 0xb0, 0xa0, 0xb0, 0xc0, 0xc0, 
	0xd0, 0xc0, 0xc0, 0xc0, 0xc0, 0xd0, 0xc0, 0xb0, 
	0xb0, 0xa0, 0xa0, 0xa0, 0xc0, 0xd0, 0xe0, 0xe0, 
	0xe0, 0xe0, 0xf0, 0xf0, 0xf0, 0xe0, 0xd0, 0xd0, 
	0xe0, 0xf0, 0xe0, 0xe0, 0xc0, 0xb0, 0xb0, 0xc0, 
	0xd0, 0xc0, 0xc0, 0xe0, 0xd0, 0xd0, 0xe0, 0xd0, 
	0xc0, 0xb0, 0xc0, 0xb0, 0xb0, 0xc0, 0xd0, 0xd0, 
	0xe0, 0xc0, 0xc0, 0xd0, 0xd0, 0xd0, 0xc0, 0xc0, 
	0xd0, 0xd0, 0xc0, 0xb0, 0xa0, 0xb0, 0xb0, 0xa0, 
	0xa0, 0xc0, 0xc0, 0xc0, 0xc0, 0xc0, 0xc0, 0xb0, 
	0x90, 0x80, 0x90, 0xa0, 0xc0, 0xd0, 0xe0, 0xe0, 
	0xf0, 0xf0, 0xf0, 0xf0, 0xf0, 0xf0, 0xe0, 0xd0, 
	0xe0, 0xf0, 0xe0, 0xc0, 0xb0, 0xc0, 0xc0, 0xc0, 
	0xe0, 0xe0, 0xd0, 0xd0, 0xd0, 0xd0, 0xc0, 0xc0, 
	0xc0, 0xb0, 0xa0, 0xa0, 0xb0, 0xc0, 0xb0, 0xc0, 
	0xc0, 0xc0, 0xd0, 0xf0, 0xf0, 0xd0, 0xd0, 0xd0, 
	0xe0, 0xe0, 0xc0, 0xa0, 0xb0, 0xb0, 0xa0, 0xb0, 
	0xc0, 0xd0, 0xd0, 0xc0, 0xb0, 0xb0, 0xb0, 0xa0, 
	0x80, 0x90, 0xa0, 0xb0, 0xb0, 0xb0, 0xc0, 0xc0, 
	0xe0, 0xe0, 0xf0, 0xf0, 0xf0, 0xf0, 0xf0, 0xf0, 
	0xe0, 0xe0, 0xe0, 0xc0, 0xa0, 0xc0, 0xc0, 0xc0, 
	0xe0, 0xf0, 0xd0, 0xd0, 0xd0, 0xd0, 0xd0, 0xd0, 
	0xd0, 0xc0, 0xa0, 0xa0, 0xc0, 0xc0, 0xb0, 0xc0, 
	0xc0, 0xc0, 0xd0, 0xe0, 0xe0, 0xd0, 0xc0, 0xc0, 
	0xc0, 0xe0, 0xd0, 0xb0, 0xc0, 0xc0, 0xb0, 0xd0, 
	0xe0, 0xe0, 0xd0, 0xc0, 0xb0, 0xb0, 0xb0, 0xa0, 
	0x90, 0xa0, 0xb0, 0xb0, 0xb0, 0xa0, 0xa0, 0xb0, 
	0xd0, 0xd0, 0xe0, 0xf0, 0xf0, 0xf0, 0xf0, 0xf0, 
	0xf0, 0xe0, 0xe0, 0xd0, 0xb0, 0xb0, 0xb0, 0xc0, 
	0xd0, 0xd0, 0xc0, 0xd0, 0xe0, 0xe0, 0xe0, 0xe0, 
	0xf0, 0xf0, 0xe0, 0xd0, 0xd0, 0xc0, 0xc0, 0xc0, 
	0xc0, 0xd0, 0xd0, 0xd0, 0xd0, 0xc0, 0xd0, 0xd0, 
	0xc0, 0xd0, 0xd0, 0xb0, 0xc0, 0xd0, 0xc0, 0xc0, 
	0xd0, 0xc0, 0xc0, 0xd0, 0xc0, 0xc0, 0xb0, 0xa0, 
	0xb0, 0xb0, 0xb0, 0xc0, 0xc0, 0xc0, 0xb0, 0xc0, 
	0xd0, 0xe0, 0xe0, 0xe0, 0xe0, 0xf0, 0xf0, 0xf0, 
	0xf0, 0xe0, 0xe0, 0xe0, 0xe0, 0xc0, 0xb0, 0xc0, 
	0xc0, 0xd0, 0xc0, 0xc0, 0xe0, 0xf0, 0xf0, 0xf0, 
	0xf0, 0xf0, 0xf0, 0xf0, 0xe0, 0xc0, 0xb0, 0xb0, 
	0xd0, 0xd0, 0xe0, 0xd0, 0xd0, 0xd0, 0xd0, 0xd0, 
	0xd0, 0xc0, 0xc0, 0xc0, 0xb0, 0xc0, 0xc0, 0xc0, 
	0xc0, 0xb0, 0xb0, 0xd0, 0xe0, 0xd0, 0xc0, 0xb0, 
	0xb0, 0xb0, 0xc0, 0xc0, 0xd0, 0xd0, 0xc0, 0xc0, 
	0xd0, 0xe0, 0xd0, 0xd0, 0xe0, 0xf0, 0xf0, 0xf0, 
	0xe0, 0xd0, 0xd0, 0xe0, 0xf0, 0xe0, 0xc0, 0xc0, 
	0xd0, 0xd0, 0xd0, 0xd0, 0xe0, 0xf0, 0xf0, 0xf0, 
	0xf0, 0xf0, 0xf0, 0xf0, 0xd0, 0xc0, 0xc0, 0xc0, 
	0xe0, 0xe0, 0xf0, 0xf0, 0xe0, 0xe0, 0xe0, 0xe0, 
	0xf0, 0xd0, 0xc0, 0xc0, 0xb0, 0xc0, 0xd0, 0xd0, 
	0xc0, 0xb0, 0xc0, 0xe0, 0xf0, 0xd0, 0xc0, 0xc0, 
	0xc0, 0xb0, 0xb0, 0xc0, 0xd0, 0xd0, 0xc0, 0xc0, 
	0xd0, 0xd0, 0xe0, 0xe0, 0xe0, 0xf0, 0xe0, 0xe0, 
	0xd0, 0xc0, 0xc0, 0xd0, 0xe0, 0xe0, 0xd0, 0xc0, 
	0xd0, 0xe0, 0xe0, 0xe0, 0xd0, 0xe0, 0xe0, 0xf0, 
	0xf0, 0xe0, 0xe0, 0xd0, 0xc0, 0xd0, 0xd0, 0xd0, 
	0xe0, 0xf0, 0xf0, 0xf0, 0xf0, 0xf0, 0xf0, 0xf0, 
	0xf0, 0xe0, 0xe0, 0xd0, 0xc0, 0xc0, 0xd0, 0xe0, 
	0xe0, 0xe0, 0xe0, 0xe0, 0xf0, 0xd0, 0xb0, 0xc0, 
	0xd0, 0xb0, 0xb0, 0xc0, 0xd0, 0xe0, 0xd0, 0xc0, 
	0xd0, 0xe0, 0xf0, 0xf0, 0xf0, 0xf0, 0xe0, 0xd0, 
	0xd0, 0xd0, 0xe0, 0xe0, 0xe0, 0xd0, 0xc0, 0xd0, 
	0xf0, 0xf0, 0xd0, 0xc0, 0xc0, 0xd0, 0xe0, 0xf0, 
	0xe0, 0xe0, 0xf0, 0xe0, 0xd0, 0xd0, 0xd0, 0xe0, 
	0xf0, 0xf0, 0xf0, 0xf0, 0xf0, 0xf0, 0xf0, 0xf0, 
	0xe0, 0xe0, 0xe0, 0xe0, 0xd0, 0xc0, 0xc0, 0xe0, 
	0xf0, 0xf0, 0xe0, 0xd0, 0xe0, 0xd0, 0xb0, 0xc0, 
	0xd0, 0xc0, 0xc0, 0xc0, 0xe0, 0xe0, 0xe0, 0xd0, 
	0xc0, 0xe0, 0xf0, 0xf0, 0xe0, 0xe0, 0xe0, 0xe0, 
	0xd0, 0xd0, 0xd0, 0xe0, 0xe0, 0xc0, 0xc0, 0xd0, 
	0xe0, 0xe0, 0xd0, 0xc0, 0xc0, 0xc0, 0xd0, 0xd0, 
	0xd0, 0xd0, 0xe0, 0xe0, 0xd0, 0xd0, 0xe0, 0xe0, 
	0xf0, 0xf0, 0xf0, 0xf0, 0xf0, 0xf0, 0xf0, 0xe0, 
	0xe0, 0xd0, 0xe0, 0xe0, 0xe0, 0xc0, 0xc0, 0xe0, 
	0xf0, 0xf0, 0xf0, 0xe0, 0xe0, 0xe0, 0xc0, 0xc0, 
	0xc0, 0xd0, 0xd0, 0xd0, 0xe0, 0xf0, 0xe0, 0xe0, 
	0xe0, 0xe0, 0xe0, 0xd0, 0xd0, 0xe0, 0xf0, 0xf0, 
	0xe0, 0xe0, 0xe0, 0xe0, 0xe0, 0xe0, 0xe0, 0xf0, 
	0xe0, 0xd0, 0xd0, 0xc0, 0xc0, 0xc0, 0xd0, 0xe0, 
	0xe0, 0xe0, 0xe0, 0xf0, 0xd0, 0xe0, 0xe0, 0xf0, 
	0xe0, 0xe0, 0xe0, 0xf0, 0xf0, 0xf0, 0xe0, 0xe0, 
	0xe0, 0xe0, 0xe0, 0xf0, 0xe0, 0xd0, 0xd0, 0xe0, 
	0xf0, 0xf0, 0xf0, 0xe0, 0xe0, 0xf0, 0xe0, 0xd0, 
	0xd0, 0xe0, 0xd0, 0xd0, 0xe0, 0xe0, 0xe0, 0xe0, 
	0xe0, 0xd0, 0xd0, 0xc0, 0xc0, 0xd0, 0xf0, 0xf0, 
	0xf0, 0xf0, 0xe0, 0xd0, 0xe0, 0xf0, 0xf0, 0xf0, 
	0xe0, 0xc0, 0xd0, 0xd0, 0xc0, 0xc0, 0xd0, 0xe0, 
	0xd0, 0xd0, 0xe0, 0xe0, 0xe0, 0xf0, 0xf0, 0xe0, 
	0xc0, 0xd0, 0xd0, 0xf0, 0xf0, 0xe0, 0xf0, 0xf0, 
	0xf0, 0xf0, 0xf0, 0xf0, 0xf0, 0xf0, 0xf0, 0xe0, 
	0xe0, 0xf0, 0xf0, 0xe0, 0xd0, 0xe0, 0xf0, 0xe0, 
	0xe0, 0xf0, 0xe0, 0xe0, 0xe0, 0xd0, 0xd0, 0xd0, 
	0xd0, 0xd0, 0xd0, 0xb0, 0xc0, 0xd0, 0xe0, 0xf0, 
	0xf0, 0xe0, 0xe0, 0xe0, 0xe0, 0xf0, 0xf0, 0xf0, 
	0xd0, 0xc0, 0xc0, 0xd0, 0xd0, 0xd0, 0xc0, 0xd0, 
	0xd0, 0xc0, 0xd0, 0xe0, 0xf0, 0xf0, 0xf0, 0xe0, 
	0xc0, 0xc0, 0xd0, 0xe0, 0xf0, 0xf0, 0xf0, 0xf0, 
	0xf0, 0xf0, 0xf0, 0xf0, 0xf0, 0xf0, 0xf0, 0xe0, 
	0xd0, 0xf0, 0xf0, 0xe0, 0xd0, 0xd0, 0xe0, 0xe0, 
	0xf0, 0xf0, 0xf0, 0xf0, 0xf0, 0xc0, 0xc0, 0xd0, 
	0xe0, 0xd0, 0xc0, 0xb0, 0xb0, 0xc0, 0xe0, 0xf0, 
	0xf0, 0xd0, 0xd0, 0xe0, 0xe0, 0xf0, 0xf0, 0xd0, 
	0xd0, 0xd0, 0xc0, 0xc0, 0xd0, 0xc0, 0xb0, 0xd0, 
	0xc0, 0xb0, 0xc0, 0xe0, 0xf0, 0xf0, 0xf0, 0xf0, 
	0xd0, 0xc0, 0xc0, 0xc0, 0xd0, 0xf0, 0xf0, 0xf0, 
	0xf0, 0xe0, 0xd0, 0xe0, 0xf0, 0xf0, 0xe0, 0xe0, 
	0xd0, 0xf0, 0xf0, 0xf0, 0xe0, 0xd0, 0xe0, 0xf0, 
	0xf0, 0xf0, 0xf0, 0xf0, 0xe0, 0xc0, 0xc0, 0xd0, 
	0xd0, 0xc0, 0xc0, 0xc0, 0xb0, 0xc0, 0xe0, 0xf0, 
	0xf0, 0xe0, 0xe0, 0xe0, 0xe0, 0xe0, 0xe0, 0xd0, 
	0xe0, 0xe0, 0xd0, 0xd0, 0xd0, 0xd0, 0xd0, 0xd0, 
	0xd0, 0xb0, 0xb0, 0xc0, 0xd0, 0xe0, 0xe0, 0xf0, 
	0xe0, 0xd0, 0xd0, 0xd0, 0xd0, 0xf0, 0xf0, 0xf0, 
	0xf0, 0xe0, 0xd0, 0xe0, 0xe0, 0xe0, 0xf0, 0xf0, 
	0xe0, 0xe0, 0xf0, 0xf0, 0xf0, 0xd0, 0xc0, 0xe0, 
	0xd0, 0xe0, 0xf0, 0xf0, 0xe0, 0xc0, 0xc0, 0xd0, 
	0xd0, 0xd0, 0xf0, 0xe0, 0xc0, 0xd0, 0xe0, 0xe0, 
	0xf0, 0xf0, 0xf0, 0xf0, 0xe0, 0xd0, 0xd0, 0xe0, 
	0xf0, 0xe0, 0xd0, 0xd0, 0xc0, 0xd0, 0xe0, 0xd0, 
	0xd0, 0xb0, 0xc0, 0xc0, 0xd0, 0xe0, 0xe0, 0xe0, 
	0xf0, 0xe0, 0xe0, 0xf0, 0xe0, 0xe0, 0xf0, 0xf0, 
	0xd0, 0xd0, 0xe0, 0xe0, 0xf0, 0xe0, 0xe0, 0xe0, 
	0xe0, 0xd0, 0xe0, 0xf0, 0xf0, 0xe0, 0xc0, 0xe0, 
	0xe0, 0xe0, 0xe0, 0xe0, 0xd0, 0xd0, 0xb0, 0xc0, 
	0xd0, 0xe0, 0xf0, 0xf0, 0xf0, 0xf0, 0xd0, 0xd0, 
	0xf0, 0xf0, 0xf0, 0xf0, 0xd0, 0xd0, 0xe0, 0xf0, 
	0xe0, 0xc0, 0xc0, 0xb0, 0xb0, 0xc0, 0xd0, 0xd0, 
	0xd0, 0xd0, 0xd0, 0xe0, 0xe0, 0xe0, 0xf0, 0xf0, 
	0xf0, 0xe0, 0xf0, 0xf0, 0xf0, 0xf0, 0xf0, 0xe0, 
	0xe0, 0xf0, 0xf0, 0xf0, 0xf0, 0xf0, 0xf0, 0xd0, 
	0xc0, 0xc0, 0xd0, 0xe0, 0xe0, 0xe0, 0xd0, 0xe0, 
	0xe0, 0xe0, 0xe0, 0xd0, 0xd0, 0xd0, 0xb0, 0xa0, 
	0xc0, 0xe0, 0xf0, 0xf0, 0xf0, 0xf0, 0xd0, 0xc0, 
	0xc0, 0xe0, 0xf0, 0xf0, 0xe0, 0xd0, 0xe0, 0xe0, 
	0xe0, 0xc0, 0xc0, 0xb0, 0xb0, 0xb0, 0xc0, 0xc0, 
	0xd0, 0xf0, 0xf0, 0xf0, 0xf0, 0xf0, 0xf0, 0xf0, 
	0xf0, 0xf0, 0xf0, 0xf0, 0xf0, 0xf0, 0xe0, 0xf0, 
	0xf0, 0xf0, 0xf0, 0xf0, 0xf0, 0xf0, 0xf0, 0xe0, 
	0xc0, 0xc0, 0xc0, 0xc0, 0xd0, 0xe0, 0xe0, 0xf0, 
	0xf0, 0xe0, 0xd0, 0xc0, 0xb0, 0xc0, 0xc0, 0xb0, 
	0xc0, 0xd0, 0xe0, 0xe0, 0xf0, 0xf0, 0xf0, 0xe0, 
	0xd0, 0xd0, 0xd0, 0xe0, 0xe0, 0xd0, 0xd0, 0xd0, 
	0xe0, 0xd0, 0xc0, 0xc0, 0xc0, 0xc0, 0xa0, 0xb0, 
	0xd0, 0xe0, 0xf0, 0xf0, 0xf0, 0xf0, 0xf0, 0xf0, 
	0xf0, 0xf0, 0xf0, 0xf0, 0xf0, 0xf0, 0xf0, 0xf0, 
	0xf0, 0xf0, 0xf0, 0xf0, 0xf0, 0xe0, 0xe0, 0xe0, 
	0xd0, 0xc0, 0xc0, 0xb0, 0xb0, 0xd0, 0xe0, 0xe0, 
	0xe0, 0xe0, 0xd0, 0xc0, 0xb0, 0xd0, 0xe0, 0xd0, 
	0xb0, 0xb0, 0xc0, 0xd0, 0xd0, 0xe0, 0xf0, 0xf0, 
	0xe0, 0xe0, 0xd0, 0xc0, 0xe0, 0xd0, 0xc0, 0xd0, 
	0xe0, 0xe0, 0xd0, 0xd0, 0xd0, 0xc0, 0xb0, 0xc0, 
	0xd0, 0xe0, 0xf0, 0xf0, 0xf0, 0xf0, 0xf0, 0xf0, 
	0xf0, 0xf0, 0xf0, 0xf0, 0xf0, 0xf0, 0xf0, 0xe0, 
	0xf0, 0xf0, 0xf0, 0xf0, 0xe0, 0xe0, 0xe0, 0xe0, 
	0xe0, 0xd0, 0xc0, 0xb0, 0xa0, 0xc0, 0xd0, 0xc0, 
	0xc0, 0xd0, 0xc0, 0xb0, 0xc0, 0xe0, 0xf0, 0xd0, 
	0xb0, 0xb0, 0xb0, 0xb0, 0xc0, 0xd0, 0xe0, 0xe0, 
	0xe0, 0xe0, 0xd0, 0xd0, 0xe0, 0xe0, 0xc0, 0xc0, 
	0xd0, 0xe0, 0xe0, 0xd0, 0xd0, 0xc0, 0xc0, 0xc0, 
	0xe0, 0xf0, 0xf0, 0xf0, 0xf0, 0xf0, 0xf0, 0xf0, 
	0xe0, 0xe0, 0xe0, 0xf0, 0xf0, 0xf0, 0xf0, 0xf0, 
	0xf0, 0xf0, 0xf0, 0xe0, 0xd0, 0xd0, 0xe0, 0xf0, 
	0xe0, 0xe0, 0xc0, 0xb0, 0xb0, 0xc0, 0xd0, 0xc0, 
	0xb0, 0xb0, 0xb0, 0xb0, 0xd0, 0xe0, 0xe0, 0xd0, 
	0xd0, 0xd0, 0xb0, 0xa0, 0xc0, 0xd0, 0xd0, 0xc0, 
	0xc0, 0xd0, 0xe0, 0xe0, 0xe0, 0xf0, 0xe0, 0xe0, 
	0xe0, 0xe0, 0xe0, 0xd0, 0xd0, 0xd0, 0xe0, 0xd0, 
	0xe0, 0xf0, 0xf0, 0xe0, 0xe0, 0xf0, 0xf0, 0xf0, 
	0xe0, 0xf0, 0xf0, 0xf0, 0xf0, 0xf0, 0xf0, 0xf0, 
	0xf0, 0xf0, 0xf0, 0xf0, 0xe0, 0xd0, 0xe0, 0xf0, 
	0xe0, 0xc0, 0xb0, 0xc0, 0xc0, 0xc0, 0xd0, 0xd0, 
	0xc0, 0xc0, 0xc0, 0xd0, 0xe0, 0xe0, 0xd0, 0xd0, 
	0xe0, 0xe0, 0xc0, 0xc0, 0xd0, 0xd0, 0xd0, 0xd0, 
	0xc0, 0xc0, 0xd0, 0xe0, 0xd0, 0xf0, 0xf0, 0xf0, 
	0xf0, 0xf0, 0xf0, 0xf0, 0xf0, 0xf0, 0xf0, 0xe0, 
	0xe0, 0xe0, 0xf0, 0xe0, 0xe0, 0xe0, 0xe0, 0xf0, 
	
};

Gfx rgrindr_ken64_hd21_i8_aligner[] = {gsSPEndDisplayList()};
u8 rgrindr_ken64_hd21_i8[] = {
	0xa9, 0xc8, 0xc8, 0xc8, 0xc8, 0xa9, 0xc8, 0xc8, 
	0xc8, 0xc8, 0xa9, 0xc8, 0xc8, 0xc8, 0xc8, 0xa9, 
	0xc8, 0xc8, 0xc8, 0xca, 0xa9, 0xcf, 0xcf, 0xcf, 
	0xcf, 0xa9, 0xcf, 0xcf, 0xcf, 0xcf, 0xa9, 0xcf, 
	0xcf, 0xcf, 0xcf, 0xa9, 0xcf, 0xcf, 0xcf, 0xcf, 
	0xa9, 0xc8, 0xc8, 0xc8, 0xc8, 0xa9, 0xc8, 0xc8, 
	0xc8, 0xc8, 0xa9, 0xc8, 0xc7, 0xc7, 0xc7, 0xa9, 
	0xc7, 0xc7, 0xc7, 0xa9, 0xc7, 0xc7, 0xc7, 0xc7, 
	0xa9, 0xc8, 0xc8, 0xc8, 0xc8, 0xa9, 0xc8, 0xc8, 
	0xc8, 0xc8, 0xa9, 0xc8, 0xc8, 0xc8, 0xc8, 0xa9, 
	0xc8, 0xc8, 0xc8, 0xca, 0xa9, 0xcf, 0xcf, 0xcf, 
	0xcf, 0xa9, 0xcf, 0xcf, 0xcf, 0xcf, 0xa9, 0xcf, 
	0xcf, 0xcf, 0xcf, 0xa9, 0xcf, 0xcf, 0xcf, 0xca, 
	0xa9, 0xc8, 0xc8, 0xc8, 0xc8, 0xa9, 0xc8, 0xc8, 
	0xc8, 0xc8, 0xa9, 0xc8, 0xc7, 0xc7, 0xc7, 0xa9, 
	0xc7, 0xc7, 0xc7, 0xa9, 0xc7, 0xc7, 0xc7, 0xc7, 
	0xa9, 0xc8, 0xc8, 0xc8, 0xc8, 0xa9, 0xc8, 0xc8, 
	0xc8, 0xc8, 0xa9, 0xc8, 0xc8, 0xc8, 0xc8, 0xa9, 
	0xc8, 0xca, 0xca, 0xca, 0xa9, 0xcf, 0xcf, 0xcf, 
	0xcf, 0xa9, 0xcf, 0xcf, 0xcf, 0xcf, 0xa9, 0xcf, 
	0xcf, 0xcf, 0xcf, 0xa9, 0xcf, 0xcf, 0xcf, 0xca, 
	0xa9, 0xc8, 0xc8, 0xc8, 0xc8, 0xa9, 0xc8, 0xc8, 
	0xc8, 0xc8, 0xa9, 0xc8, 0xc7, 0xc7, 0xc7, 0xa9, 
	0xc7, 0xc7, 0xc7, 0xa9, 0xc7, 0xc7, 0xc7, 0xc7, 
	0xa9, 0xc8, 0xc8, 0xc8, 0xc8, 0xa9, 0xc8, 0xc8, 
	0xc8, 0xc8, 0xa9, 0xc8, 0xc8, 0xc8, 0xc8, 0xa9, 
	0xca, 0xca, 0xca, 0xca, 0xa9, 0xcf, 0xcf, 0xcf, 
	0xcf, 0xa9, 0xcf, 0xcf, 0xcf, 0xcf, 0xa9, 0xcf, 
	0xcf, 0xcf, 0xcf, 0xa9, 0xcf, 0xcf, 0xca, 0xca, 
	0xa9, 0xc8, 0xc8, 0xc8, 0xc8, 0xa9, 0xc8, 0xc8, 
	0xc8, 0xc8, 0xa9, 0xc8, 0xc7, 0xc7, 0xc7, 0xa9, 
	0xc7, 0xc7, 0xc7, 0xa9, 0xc2, 0xc2, 0xc7, 0xc7, 
	0x99, 0xc6, 0xc6, 0xc6, 0xc6, 0x99, 0xc6, 0xc6, 
	0xc3, 0xc3, 0x99, 0xc3, 0xc8, 0xc8, 0xc8, 0x99, 
	0xc8, 0xc8, 0xc8, 0xc8, 0x9e, 0xc8, 0xc8, 0xc8, 
	0xca, 0x99, 0xca, 0xca, 0xca, 0xca, 0xa0, 0xca, 
	0xca, 0xca, 0xca, 0xa0, 0xca, 0xca, 0xca, 0xca, 
	0x99, 0xca, 0xca, 0xca, 0xca, 0x99, 0xca, 0xca, 
	0xcb, 0xcb, 0x99, 0xcb, 0xca, 0xca, 0xca, 0x99, 
	0xca, 0xca, 0xca, 0x99, 0xca, 0xca, 0xca, 0xca, 
	0x99, 0x99, 0x99, 0x99, 0x99, 0x99, 0x99, 0x99, 
	0x99, 0x99, 0x99, 0x99, 0x99, 0x99, 0x99, 0x99, 
	0x99, 0x99, 0x99, 0x99, 0x9e, 0x9e, 0x9e, 0x9e, 
	0x99, 0x99, 0x99, 0x99, 0xa0, 0xa0, 0xa0, 0xa0, 
	0xa0, 0xa0, 0xa0, 0xa0, 0x99, 0x99, 0x99, 0x99, 
	0x99, 0x99, 0x99, 0x99, 0x99, 0x99, 0x99, 0x99, 
	0x99, 0x99, 0x99, 0x99, 0x99, 0x99, 0x99, 0x99, 
	0x99, 0x99, 0x99, 0x99, 0x99, 0x99, 0x99, 0x99, 
	0x99, 0xff, 0xff, 0xff, 0xc6, 0xff, 0xff, 0xff, 
	0xc3, 0xff, 0xff, 0xff, 0xc8, 0xff, 0xff, 0xff, 
	0xc8, 0xff, 0xff, 0xff, 0xc8, 0xff, 0xff, 0xff, 
	0xca, 0xff, 0xff, 0xff, 0xca, 0xff, 0xff, 0xff, 
	0xca, 0xff, 0xff, 0xff, 0xca, 0xff, 0xff, 0xff, 
	0xca, 0xff, 0xff, 0xff, 0xca, 0xff, 0xff, 0xff, 
	0xcb, 0xff, 0xff, 0xcb, 0xff, 0xff, 0xff, 0xca, 
	0xff, 0xff, 0xff, 0xca, 0xff, 0xff, 0xff, 0xca, 
	0x99, 0xff, 0xc6, 0xc6, 0x99, 0xff, 0xc6, 0xc6, 
	0x99, 0xff, 0xc3, 0xc3, 0x99, 0xff, 0xc8, 0xc8, 
	0x99, 0xff, 0xc8, 0xc8, 0x9e, 0xff, 0xc8, 0xc8, 
	0x99, 0xff, 0xca, 0xca, 0xa0, 0xff, 0xca, 0xca, 
	0xa0, 0xff, 0xca, 0xca, 0x99, 0xff, 0xca, 0xca, 
	0x99, 0xff, 0xca, 0xca, 0x99, 0xff, 0xca, 0xca, 
	0x99, 0xff, 0xcb, 0x99, 0xff, 0xca, 0xca, 0x99, 
	0xff, 0xca, 0xca, 0x99, 0xff, 0xca, 0xca, 0x99, 
	0x97, 0xff, 0xc3, 0xc3, 0x97, 0xff, 0xc2, 0xc2, 
	0x97, 0xff, 0xc2, 0xc2, 0x97, 0xff, 0xc2, 0xc2, 
	0x97, 0xff, 0xc8, 0xc8, 0x99, 0xff, 0xc8, 0xc8, 
	0x99, 0xff, 0xc8, 0xc8, 0x99, 0xff, 0xca, 0xca, 
	0x9e, 0xff, 0xca, 0xca, 0x9e, 0xff, 0xca, 0xca, 
	0x9e, 0xff, 0xca, 0xca, 0x9e, 0xff, 0xca, 0xca, 
	0x99, 0xff, 0xca, 0x99, 0xff, 0xca, 0xca, 0x9e, 
	0xff, 0xca, 0xca, 0x9e, 0xff, 0xca, 0xca, 0x9e, 
	0x97, 0xc3, 0x97, 0x97, 0x97, 0xc2, 0x97, 0x97, 
	0x97, 0xc2, 0x97, 0x97, 0x97, 0xc2, 0x97, 0x97, 
	0x97, 0xc8, 0x97, 0x97, 0x99, 0xc8, 0x99, 0x99, 
	0x99, 0xc8, 0x99, 0x99, 0x99, 0xca, 0x99, 0x99, 
	0x9e, 0xca, 0x9e, 0x9e, 0x9e, 0xca, 0x9e, 0x9e, 
	0x9e, 0xca, 0x9e, 0x9e, 0x9e, 0xca, 0x9e, 0x9e, 
	0x99, 0xca, 0x99, 0x99, 0xca, 0x9e, 0x9e, 0x9e, 
	0xca, 0x9e, 0x9e, 0x9e, 0xca, 0x9e, 0x9e, 0x9e, 
	0xff, 0xff, 0xff, 0xff, 0xff, 0xff, 0xff, 0xff, 
	0xff, 0xff, 0xff, 0xff, 0xff, 0xff, 0xff, 0xff, 
	0xff, 0xff, 0xff, 0xff, 0xff, 0xff, 0xff, 0xff, 
	0xff, 0xff, 0xff, 0xff, 0xff, 0xff, 0xff, 0xff, 
	0xff, 0xff, 0xff, 0xff, 0xff, 0xff, 0xff, 0xff, 
	0xff, 0xff, 0xff, 0xff, 0xff, 0xff, 0xff, 0xff, 
	0xff, 0xff, 0xff, 0xff, 0xff, 0xff, 0xff, 0xff, 
	0xff, 0xff, 0xff, 0xff, 0xff, 0xff, 0xff, 0xff, 
	0xc3, 0xc3, 0xc3, 0xc3, 0xc2, 0xc2, 0xc2, 0xc2, 
	0xc2, 0xc2, 0xc2, 0xc2, 0xc2, 0xc2, 0xc2, 0xc2, 
	0xc8, 0xc8, 0xc8, 0xc8, 0xc8, 0xc8, 0xc8, 0xc8, 
	0xc8, 0xc8, 0xc8, 0xc8, 0xca, 0xca, 0xca, 0xca, 
	0xca, 0xca, 0xca, 0xca, 0xca, 0xca, 0xca, 0xca, 
	0xca, 0xca, 0xca, 0xca, 0xca, 0xca, 0xca, 0xca, 
	0xca, 0xca, 0xca, 0xca, 0xca, 0xca, 0xca, 0xca, 
	0xca, 0xca, 0xca, 0xca, 0xca, 0xca, 0xca, 0xca, 
	0x99, 0x99, 0x99, 0x99, 0x99, 0x99, 0x99, 0x99, 
	0x99, 0x99, 0x99, 0x99, 0x99, 0x99, 0x99, 0x99, 
	0x99, 0x99, 0x99, 0x99, 0x9e, 0x9e, 0x9e, 0x9e, 
	0x99, 0x99, 0x99, 0x99, 0x99, 0x99, 0x99, 0x99, 
	0x99, 0x99, 0x99, 0x99, 0x99, 0x99, 0x99, 0x99, 
	0x99, 0x99, 0x99, 0x99, 0x99, 0x99, 0x99, 0x99, 
	0x99, 0x99, 0x99, 0x99, 0x99, 0x99, 0x99, 0x99, 
	0x99, 0x99, 0x99, 0x99, 0x99, 0x99, 0x99, 0x99, 
	0xff, 0xff, 0xff, 0xff, 0xff, 0xff, 0xff, 0xff, 
	0xff, 0xff, 0xff, 0xff, 0xff, 0xff, 0xff, 0xff, 
	0xff, 0xff, 0xff, 0xff, 0xff, 0xff, 0xff, 0xff, 
	0xff, 0xff, 0xff, 0xff, 0xff, 0xff, 0xff, 0xff, 
	0xff, 0xff, 0xff, 0xff, 0xff, 0xff, 0xff, 0xff, 
	0xff, 0xff, 0xff, 0xff, 0xff, 0xff, 0xff, 0xff, 
	0xff, 0xff, 0xff, 0xff, 0xff, 0xff, 0xff, 0xff, 
	0xff, 0xff, 0xff, 0xff, 0xff, 0xff, 0xff, 0xff, 
	0xc8, 0xc8, 0xc8, 0xc8, 0xc2, 0xc2, 0xc2, 0xc2, 
	0xc2, 0xc2, 0xc2, 0xc2, 0xc7, 0xc7, 0xc7, 0xc7, 
	0xc8, 0xc8, 0xc8, 0xc8, 0xc7, 0xc7, 0xc7, 0xc7, 
	0xc8, 0xc8, 0xc8, 0xc8, 0xc8, 0xc8, 0xc8, 0xc8, 
	0xc8, 0xc8, 0xc8, 0xc8, 0xc8, 0xc8, 0xc8, 0xc8, 
	0xc8, 0xc8, 0xc8, 0xc8, 0xc8, 0xc8, 0xc8, 0xc8, 
	0xc8, 0xc8, 0xc8, 0xc8, 0xca, 0xca, 0xca, 0xca, 
	0xca, 0xca, 0xca, 0xca, 0xca, 0xca, 0xca, 0xca, 
	0xc8, 0xc8, 0xc8, 0xc8, 0xc2, 0xc2, 0xc2, 0xc2, 
	0xc2, 0xc2, 0xc2, 0xc2, 0xc7, 0xc7, 0xc7, 0xc7, 
	0xc8, 0xc8, 0xc8, 0xc8, 0xc7, 0xc7, 0xc7, 0xc7, 
	0xc8, 0xc8, 0xc8, 0xc8, 0xc8, 0xc8, 0xc8, 0xc8, 
	0xc8, 0xc8, 0xc8, 0xc8, 0xc8, 0xc8, 0xc8, 0xc8, 
	0xc8, 0xc8, 0xc8, 0xc8, 0xc8, 0xc8, 0xc8, 0xc8, 
	0xc8, 0xc8, 0xc8, 0xc8, 0xca, 0xca, 0xca, 0xca, 
	0xca, 0xca, 0xca, 0xca, 0xca, 0xca, 0xca, 0xca, 
	0xc7, 0xc7, 0xc7, 0xc2, 0xc2, 0xc2, 0xc7, 0xc7, 
	0xc7, 0xc7, 0xc7, 0xc7, 0xc7, 0xc7, 0xc7, 0xc7, 
	0xc8, 0xc8, 0xc8, 0xc8, 0xc8, 0xc8, 0xc8, 0xc8, 
	0xc7, 0xc7, 0xc7, 0xc7, 0xc7, 0xc7, 0xc7, 0xc7, 
	0xc7, 0xc7, 0xc7, 0xc7, 0xc7, 0xc7, 0xc7, 0xc7, 
	0xc7, 0xc7, 0xc7, 0xc7, 0xc7, 0xc7, 0xc7, 0xc7, 
	0xc7, 0xc7, 0xc7, 0xc7, 0xc7, 0xc7, 0xc8, 0xc8, 
	0xca, 0xca, 0xca, 0xca, 0xca, 0xca, 0xcf, 0xcf, 
	0xc7, 0xc7, 0xc7, 0xc7, 0xc7, 0xc2, 0xc7, 0xc7, 
	0xc7, 0xc7, 0xc7, 0xc7, 0xc7, 0xc7, 0xc7, 0xc7, 
	0xc8, 0xc8, 0xc8, 0xc8, 0xc8, 0xc8, 0xc8, 0xc8, 
	0xc7, 0xc7, 0xc7, 0xc7, 0xc7, 0xc7, 0xc7, 0xc7, 
	0xc7, 0xc7, 0xc7, 0xc7, 0xc7, 0xc7, 0xc7, 0xc7, 
	0xc7, 0xc7, 0xc7, 0xc7, 0xc7, 0xc7, 0xc7, 0xc7, 
	0xc7, 0xc7, 0xc7, 0xc7, 0xc7, 0xc7, 0xc8, 0xc8, 
	0xc8, 0xc8, 0xca, 0xca, 0xca, 0xca, 0xca, 0xcf, 
	0xc7, 0xc7, 0xc7, 0xc7, 0xc7, 0xc2, 0xc2, 0xc2, 
	0xc7, 0xc7, 0xc7, 0xc7, 0xc7, 0xc7, 0xc7, 0xc7, 
	0xc8, 0xc8, 0xc8, 0xc8, 0xc8, 0xc8, 0xc8, 0xc8, 
	0xc7, 0xc7, 0xc7, 0xc7, 0xc7, 0xc7, 0xc7, 0xc7, 
	0xc7, 0xc7, 0xc7, 0xc7, 0xc7, 0xc7, 0xc7, 0xc7, 
	0xc7, 0xc7, 0xc7, 0xc7, 0xc7, 0xc7, 0xc7, 0xc7, 
	0xc7, 0xc7, 0xc7, 0xc7, 0xc7, 0xc8, 0xc8, 0xc8, 
	0xca, 0xca, 0xca, 0xca, 0xca, 0xca, 0xca, 0xca, 
	0xc7, 0xc7, 0xc7, 0xc7, 0xc7, 0xc2, 0xc2, 0xc2, 
	0xc7, 0xc7, 0xc7, 0xc7, 0xc7, 0xc7, 0xc7, 0xc7, 
	0xc8, 0xc8, 0xc8, 0xc8, 0xc8, 0xc8, 0xc8, 0xc8, 
	0xc7, 0xc7, 0xc7, 0xc7, 0xc7, 0xc7, 0xc7, 0xc7, 
	0xc7, 0xc7, 0xc7, 0xc7, 0xc7, 0xc7, 0xc7, 0xc7, 
	0xc7, 0xc7, 0xc7, 0xc7, 0xc7, 0xc7, 0xc7, 0xc7, 
	0xc7, 0xc7, 0xc7, 0xc7, 0xc7, 0xc7, 0xc8, 0xc8, 
	0xca, 0xca, 0xca, 0xca, 0xca, 0xca, 0xca, 0xca, 
	0xc7, 0xc7, 0xc7, 0xc7, 0xc7, 0xc2, 0xc2, 0xc2, 
	0xc7, 0xc7, 0xc7, 0xc7, 0xc7, 0xc7, 0xc7, 0xc7, 
	0xc2, 0xc2, 0xc2, 0xc8, 0xc8, 0xc8, 0xc8, 0xc8, 
	0xc8, 0xc8, 0xc8, 0xc8, 0xc7, 0xc7, 0xc7, 0xc7, 
	0xc7, 0xc7, 0xc7, 0xc7, 0xc8, 0xc8, 0xc8, 0xc8, 
	0xc7, 0xc7, 0xc7, 0xc7, 0xc7, 0xc7, 0xc7, 0xc7, 
	0xc7, 0xc7, 0xc7, 0xc7, 0xc8, 0xc8, 0xc8, 0xc8, 
	0xca, 0xca, 0xca, 0xca, 0xca, 0xca, 0xca, 0xca, 
	0xc7, 0xc7, 0xc7, 0xc7, 0xc7, 0xc7, 0xc7, 0xc7, 
	0xc7, 0xc7, 0xc7, 0xc7, 0xc7, 0xc7, 0xc7, 0xc7, 
	0xc2, 0xc2, 0xc8, 0xc8, 0xc8, 0xc8, 0xc8, 0xc8, 
	0xc8, 0xc8, 0xc8, 0xc8, 0xc7, 0xc7, 0xc7, 0xc7, 
	0xc7, 0xc7, 0xc7, 0xc7, 0xc8, 0xc8, 0xc8, 0xc8, 
	0xc7, 0xc7, 0xc7, 0xc7, 0xc7, 0xc7, 0xc7, 0xc7, 
	0xc7, 0xc7, 0xc7, 0xc7, 0xc8, 0xc8, 0xc8, 0xc8, 
	0xca, 0xca, 0xca, 0xca, 0xca, 0xca, 0xca, 0xca, 
	0xc7, 0xc7, 0xc7, 0xc7, 0xc7, 0xc7, 0xc7, 0xc7, 
	0xc7, 0xc7, 0xc7, 0xc7, 0xc7, 0xc7, 0xc7, 0xc7, 
	0xc2, 0xc2, 0xc8, 0xc8, 0xc8, 0xc8, 0xc8, 0xc8, 
	0xc8, 0xc8, 0xc8, 0xc8, 0xc8, 0xc7, 0xc8, 0xc8, 
	0xc8, 0xc8, 0xc8, 0xc8, 0xc8, 0xc8, 0xc8, 0xc8, 
	0xc8, 0xc8, 0xc8, 0xc8, 0xc8, 0xc8, 0xc8, 0xc8, 
	0xc8, 0xc8, 0xc8, 0xc8, 0xc8, 0xc8, 0xc8, 0xc8, 
	0xca, 0xca, 0xca, 0xca, 0xca, 0xc7, 0xc7, 0xc7, 
	0xc7, 0xc7, 0xc7, 0xc7, 0xc7, 0xc7, 0xc7, 0xc7, 
	0xc7, 0xc7, 0xc7, 0xc7, 0xc7, 0xc7, 0xc7, 0xc7, 
	0xc2, 0xc2, 0xc8, 0xc8, 0xc8, 0xc8, 0xc8, 0xc8, 
	0xc8, 0xc8, 0xc8, 0xc8, 0xc8, 0xc8, 0xc8, 0xc8, 
	0xc8, 0xc8, 0xc8, 0xc8, 0xc8, 0xc8, 0xc8, 0xc8, 
	0xc8, 0xc8, 0xc8, 0xc8, 0xc8, 0xc8, 0xc8, 0xc8, 
	0xc8, 0xc8, 0xc8, 0xc8, 0xc8, 0xc8, 0xc8, 0xc8, 
	0xca, 0xca, 0xca, 0xca, 0xc7, 0xc7, 0xc7, 0xc7, 
	0xc7, 0xc7, 0xc7, 0xc7, 0xc7, 0xc7, 0xc7, 0xc7, 
	0xc7, 0xc7, 0xc7, 0xc7, 0xc7, 0xc7, 0xc7, 0xc7, 
	0xc8, 0xc8, 0xc8, 0xc8, 0xc7, 0xc2, 0xc2, 0xc2, 
	0xc8, 0xc8, 0xc8, 0xc8, 0xc8, 0xc8, 0xc8, 0xc8, 
	0xc8, 0xc8, 0xc8, 0xc8, 0xc8, 0xc8, 0xc8, 0xc8, 
	0xc8, 0xc8, 0xc8, 0xc8, 0xc8, 0xc8, 0xc8, 0xc8, 
	0xc8, 0xc8, 0xc8, 0xc8, 0xc8, 0xc8, 0xc8, 0xc2, 
	0xc7, 0xc7, 0xc7, 0xc7, 0xc7, 0xc7, 0xc7, 0xc7, 
	0xc2, 0xc7, 0xc7, 0xc7, 0xc7, 0xc7, 0xc7, 0xc7, 
	0xc7, 0xc7, 0xc7, 0xc2, 0xc2, 0xc2, 0xc2, 0xc2, 
	0xc2, 0xc2, 0xc8, 0xc8, 0xc2, 0xc2, 0xc2, 0xc2, 
	0xc8, 0xc8, 0xc8, 0xc8, 0xc8, 0xc8, 0xc8, 0xc8, 
	0xc8, 0xc8, 0xc8, 0xc8, 0xc8, 0xc8, 0xc8, 0xc8, 
	0xc7, 0xc7, 0xc7, 0xc8, 0xc8, 0xc8, 0xc8, 0xc8, 
	0xc8, 0xc8, 0xc8, 0xc8, 0xc8, 0xc2, 0xc2, 0xc2, 
	0xc7, 0xc7, 0xc7, 0xc7, 0xc7, 0xc7, 0xc7, 0xc7, 
	0xc7, 0xc7, 0xc7, 0xc7, 0xc7, 0xc7, 0xc7, 0xc7, 
	0xc7, 0xc7, 0xc7, 0xc7, 0xc7, 0xc7, 0xc7, 0xc7, 
	0xc8, 0xc8, 0xc8, 0xc8, 0xc2, 0xc2, 0xc2, 0xc2, 
	0xc8, 0xc8, 0xc8, 0xc8, 0xc8, 0xc8, 0xc8, 0xc8, 
	0xc8, 0xc8, 0xc8, 0xc8, 0xc8, 0xc8, 0xc8, 0xc8, 
	0xc8, 0xc8, 0xc8, 0xc8, 0xc8, 0xc8, 0xc8, 0xc8, 
	0xc8, 0xc8, 0xc8, 0xc8, 0xc8, 0xc8, 0xc8, 0xc2, 
	0xc7, 0xc7, 0xc7, 0xc7, 0xc7, 0xc7, 0xc7, 0xc7, 
	0xc7, 0xc7, 0xc7, 0xc7, 0xc7, 0xc7, 0xc7, 0xc7, 
	0xc7, 0xc7, 0xc7, 0xc7, 0xc7, 0xc7, 0xc7, 0xc7, 
	0xc8, 0xc8, 0xc8, 0xc8, 0xc2, 0xc2, 0xc2, 0xc2, 
	0xc8, 0xc8, 0xc8, 0xc8, 0xc3, 0xc8, 0xc8, 0xc8, 
	0xc8, 0xc8, 0xc8, 0xc8, 0xc8, 0xc8, 0xc8, 0xc8, 
	0xc8, 0xc8, 0xc8, 0xc8, 0xc8, 0xc8, 0xc8, 0xc8, 
	0xc8, 0xc8, 0xc8, 0xc8, 0xc8, 0xc8, 0xc8, 0xc2, 
	0xc8, 0xc7, 0xc7, 0xc7, 0xc7, 0xc7, 0xc7, 0xc7, 
	0xc8, 0xc8, 0xc8, 0xc8, 0xc8, 0xc8, 0xc8, 0xc8, 
	0xc8, 0xc8, 0xc8, 0xc8, 0xc8, 0xc8, 0xc8, 0xc8, 
	0xc8, 0xc8, 0xc8, 0xc8, 0xcd, 0xcd, 0xcd, 0xcd, 
	0xcd, 0xcd, 0xcd, 0xcd, 0xcd, 0xcd, 0xcd, 0xcd, 
	0xd3, 0xd3, 0xd3, 0xd3, 0xd5, 0xd5, 0xd5, 0xd5, 
	0xd3, 0xd3, 0xd3, 0xd3, 0xcd, 0xcd, 0xcd, 0xcd, 
	0xcd, 0xcd, 0xcd, 0xcd, 0xcd, 0xcd, 0xcd, 0xcd, 
	0xcd, 0xcd, 0xcd, 0xcd, 0xc8, 0xc8, 0xc8, 0xc8, 
	0xff, 0xff, 0xff, 0xff, 0xff, 0xff, 0xff, 0xff, 
	0xff, 0xff, 0xff, 0xff, 0xff, 0xff, 0xff, 0xff, 
	0xff, 0xff, 0xff, 0xff, 0xff, 0xff, 0xff, 0xff, 
	0xff, 0xff, 0xff, 0xff, 0xff, 0xff, 0xff, 0xff, 
	0xff, 0xff, 0xff, 0xff, 0xff, 0xff, 0xff, 0xff, 
	0xff, 0xff, 0xff, 0xff, 0xff, 0xff, 0xff, 0xff, 
	0xff, 0xff, 0xff, 0xff, 0xff, 0xff, 0xff, 0xff, 
	0xff, 0xff, 0xff, 0xff, 0xff, 0xff, 0xff, 0xff, 
	0x9e, 0x9e, 0x9e, 0x9e, 0x9e, 0x9e, 0x9e, 0x9e, 
	0x9e, 0x9e, 0x9e, 0x9e, 0x9e, 0x9e, 0x9e, 0x9e, 
	0x9e, 0x9e, 0x9e, 0x9e, 0xa0, 0xa0, 0xa0, 0xa0, 
	0xa0, 0xa0, 0xa0, 0xa0, 0xa0, 0xa0, 0xa0, 0xa0, 
	0x99, 0x99, 0x99, 0x99, 0x8f, 0x8f, 0x8f, 0x8f, 
	0x99, 0x99, 0x99, 0x99, 0xa0, 0xa0, 0xa0, 0xa0, 
	0xa0, 0xa0, 0xa0, 0xa0, 0xa0, 0xa0, 0xa0, 0xa0, 
	0xa0, 0xa0, 0xa0, 0xa0, 0x9e, 0x9e, 0x9e, 0x9e, 
	0x9e, 0xc8, 0xc8, 0xc8, 0xc8, 0x9e, 0xc8, 0xc8, 
	0xc8, 0xc8, 0x9e, 0xc8, 0xc8, 0xc8, 0xc8, 0x9e, 
	0xc8, 0xc8, 0xc8, 0xc8, 0xa0, 0xcd, 0xcd, 0xcd, 
	0xcd, 0xa0, 0xcd, 0xcd, 0xcd, 0xcd, 0xa0, 0xcd, 
	0xd3, 0xd3, 0xd3, 0x99, 0xd5, 0xd5, 0xd5, 0xd5, 
	0x99, 0xd3, 0xd3, 0xd3, 0xcd, 0xa0, 0xcd, 0xcd, 
	0xcd, 0xcd, 0xa0, 0xcd, 0xcd, 0xcd, 0xcd, 0xa0, 
	0xcd, 0xcd, 0xcd, 0xa0, 0xc8, 0xc8, 0xc8, 0xc8, 
	0xa9, 0xcd, 0xcd, 0xcd, 0xc8, 0xa9, 0xc8, 0xc8, 
	0xc8, 0xc8, 0xa9, 0xc8, 0xc8, 0xc8, 0xc8, 0xa9, 
	0xc8, 0xc8, 0xc8, 0xc8, 0xa9, 0xcf, 0xcf, 0xcf, 
	0xcf, 0xa9, 0xcf, 0xcf, 0xd0, 0xd0, 0xa9, 0xd0, 
	0xd0, 0xd0, 0xd0, 0xa9, 0xcf, 0xcf, 0xcf, 0xcf, 
	0xa9, 0xcf, 0xcf, 0xcf, 0xca, 0xa9, 0xca, 0xca, 
	0xc8, 0xc8, 0xa9, 0xc8, 0xc8, 0xc8, 0xc8, 0xa9, 
	0xc8, 0xc8, 0xc8, 0xa9, 0xc8, 0xc8, 0xc2, 0xc8, 
	0xa9, 0xcd, 0xcd, 0xcd, 0xc8, 0xa9, 0xc8, 0xc8, 
	0xc8, 0xc8, 0xa9, 0xc8, 0xc8, 0xc8, 0xc8, 0xa9, 
	0xc8, 0xc8, 0xc8, 0xc8, 0xa9, 0xcf, 0xcf, 0xcf, 
	0xcf, 0xa9, 0xcf, 0xcf, 0xd0, 0xd0, 0xa9, 0xd0, 
	0xd0, 0xd0, 0xd0, 0xa9, 0xcf, 0xcf, 0xcf, 0xcf, 
	0xa9, 0xcf, 0xcf, 0xcf, 0xca, 0xa9, 0xca, 0xca, 
	0xc8, 0xc8, 0xa9, 0xc8, 0xc8, 0xc8, 0xc8, 0xa9, 
	0xc8, 0xc8, 0xc8, 0xa9, 0xc8, 0xc8, 0xc2, 0xc2, 
	0xa9, 0xcd, 0xcd, 0xcd, 0xc8, 0xa9, 0xc8, 0xc8, 
	0xc8, 0xc8, 0xa9, 0xc8, 0xc8, 0xc8, 0xc8, 0xa9, 
	0xc8, 0xc8, 0xc8, 0xc8, 0xa9, 0xcf, 0xcf, 0xcf, 
	0xcf, 0xa9, 0xcf, 0xcf, 0xd0, 0xd0, 0xa9, 0xd0, 
	0xd0, 0xd0, 0xd0, 0xa9, 0xcf, 0xcf, 0xcf, 0xcf, 
	0xa9, 0xcf, 0xcf, 0xcf, 0xca, 0xa9, 0xca, 0xca, 
	0xc8, 0xc8, 0xa9, 0xc8, 0xc8, 0xc8, 0xc8, 0xa9, 
	0xc8, 0xc8, 0xc8, 0xa9, 0xc8, 0xc8, 0xc2, 0xc2, 
	0xa9, 0xcd, 0xcd, 0xcd, 0xc8, 0xa9, 0xc8, 0xc8, 
	0xc8, 0xc8, 0xa9, 0xc8, 0xc8, 0xc8, 0xc8, 0xa9, 
	0xc8, 0xc8, 0xc8, 0xc8, 0xa9, 0xcf, 0xcf, 0xcf, 
	0xcf, 0xa9, 0xcf, 0xcf, 0xd0, 0xd0, 0xa9, 0xd0, 
	0xd0, 0xd0, 0xd0, 0xa9, 0xcf, 0xcf, 0xcf, 0xcf, 
	0xa9, 0xcf, 0xcf, 0xcf, 0xca, 0xa9, 0xca, 0xca, 
	0xc8, 0xc8, 0xa9, 0xc8, 0xc8, 0xc8, 0xc8, 0xa9, 
	0xc8, 0xc8, 0xc8, 0xa9, 0xc8, 0xc2, 0xc2, 0xc2, 
	0xa9, 0xc8, 0xc8, 0xc8, 0xc8, 0xa9, 0xc8, 0xc8, 
	0xc8, 0xc8, 0xa9, 0xc8, 0xc8, 0xc8, 0xc8, 0xa9, 
	0xc8, 0xc8, 0xc8, 0xc8, 0xa9, 0xcf, 0xcf, 0xcf, 
	0xcf, 0xa9, 0xcf, 0xcf, 0xd0, 0xd0, 0xa9, 0xd0, 
	0xd0, 0xd0, 0xd0, 0xa9, 0xcf, 0xcf, 0xcf, 0xcf, 
	0xa9, 0xca, 0xca, 0xca, 0xca, 0xa9, 0xca, 0xca, 
	0xc8, 0xc8, 0xa9, 0xc8, 0xc8, 0xc8, 0xc8, 0xa9, 
	0xcd, 0xcd, 0xcd, 0xa9, 0xc8, 0xc8, 0xc7, 0xc8, 
	0xa9, 0xc8, 0xc8, 0xc8, 0xc8, 0xa9, 0xc8, 0xc8, 
	0xc8, 0xc8, 0xa9, 0xc8, 0xc8, 0xc8, 0xc8, 0xa9, 
	0xc8, 0xc8, 0xc8, 0xc8, 0xa9, 0xcf, 0xcf, 0xcf, 
	0xcf, 0xa9, 0xcf, 0xcf, 0xd0, 0xd0, 0xa9, 0xd0, 
	0xd0, 0xd0, 0xd0, 0xa9, 0xcf, 0xcf, 0xcf, 0xcf, 
	0xa9, 0xca, 0xca, 0xca, 0xca, 0xa9, 0xca, 0xca, 
	0xc8, 0xc8, 0xa9, 0xc8, 0xc8, 0xc8, 0xc8, 0xa9, 
	0xcd, 0xcd, 0xcd, 0xa9, 0xc7, 0xc7, 0xc7, 0xc8, 
	0xa9, 0xc8, 0xc8, 0xc8, 0xc8, 0xa9, 0xc8, 0xc8, 
	0xc8, 0xc8, 0xa9, 0xc8, 0xc8, 0xc8, 0xc8, 0xa9, 
	0xc8, 0xc8, 0xc8, 0xc8, 0xa9, 0xcf, 0xcf, 0xcf, 
	0xcf, 0xa9, 0xcf, 0xcf, 0xd0, 0xd0, 0xa9, 0xd0, 
	0xd0, 0xd0, 0xd0, 0xa9, 0xcf, 0xcf, 0xcf, 0xcf, 
	0xa9, 0xca, 0xca, 0xca, 0xca, 0xa9, 0xca, 0xca, 
	0xc8, 0xc8, 0xa9, 0xc8, 0xc8, 0xc8, 0xc8, 0xa9, 
	0xcd, 0xcd, 0xcd, 0xa9, 0xc7, 0xc7, 0xc7, 0xc8, 
	0xa9, 0xc8, 0xc8, 0xc8, 0xc8, 0xa9, 0xc8, 0xc8, 
	0xc8, 0xc8, 0xa9, 0xc8, 0xc8, 0xc8, 0xc8, 0xa9, 
	0xc8, 0xc8, 0xc8, 0xc8, 0xa9, 0xcf, 0xcf, 0xcf, 
	0xcf, 0xa9, 0xcf, 0xcf, 0xd0, 0xd0, 0xa9, 0xd0, 
	0xd0, 0xd0, 0xd0, 0xa9, 0xcf, 0xcf, 0xcf, 0xcf, 
	0xa9, 0xca, 0xca, 0xca, 0xca, 0xa9, 0xca, 0xca, 
	0xc8, 0xc8, 0xa9, 0xc8, 0xc8, 0xc8, 0xc8, 0xa9, 
	0xcd, 0xcd, 0xcd, 0xa9, 0xc7, 0xc7, 0xc7, 0xc8, 
	0xa9, 0xc8, 0xc8, 0xc8, 0xc8, 0xa9, 0xc8, 0xc8, 
	0xc8, 0xc8, 0xa9, 0xc8, 0xc8, 0xc8, 0xc8, 0xa9, 
	0xc8, 0xc8, 0xc8, 0xca, 0xa9, 0xcf, 0xcf, 0xcf, 
	0xcf, 0xa9, 0xcf, 0xcf, 0xcf, 0xcf, 0xa9, 0xcf, 
	0xcf, 0xcf, 0xcf, 0xa9, 0xcf, 0xcf, 0xcf, 0xcf, 
	0xa9, 0xc8, 0xc8, 0xc8, 0xc8, 0xa9, 0xc8, 0xc8, 
	0xc8, 0xc8, 0xa9, 0xc8, 0xc7, 0xc7, 0xc7, 0xa9, 
	0xc7, 0xc7, 0xc7, 0xa9, 0xc7, 0xc7, 0xc7, 0xc7, 
	0xa9, 0xc8, 0xc8, 0xc8, 0xc8, 0xa9, 0xc8, 0xc8, 
	0xc8, 0xc8, 0xa9, 0xc8, 0xc8, 0xc8, 0xc8, 0xa9, 
	0xc8, 0xc8, 0xc8, 0xca, 0xa9, 0xcf, 0xcf, 0xcf, 
	0xcf, 0xa9, 0xcf, 0xcf, 0xcf, 0xcf, 0xa9, 0xcf, 
	0xcf, 0xcf, 0xcf, 0xa9, 0xcf, 0xcf, 0xcf, 0xca, 
	0xa9, 0xc8, 0xc8, 0xc8, 0xc8, 0xa9, 0xc8, 0xc8, 
	0xc8, 0xc8, 0xa9, 0xc8, 0xc7, 0xc7, 0xc7, 0xa9, 
	0xc7, 0xc7, 0xc7, 0xa9, 0xc7, 0xc7, 0xc7, 0xc7, 
	0xa9, 0xc8, 0xc8, 0xc8, 0xc8, 0xa9, 0xc8, 0xc8, 
	0xc8, 0xc8, 0xa9, 0xc8, 0xc8, 0xc8, 0xc8, 0xa9, 
	0xc8, 0xca, 0xca, 0xca, 0xa9, 0xcf, 0xcf, 0xcf, 
	0xcf, 0xa9, 0xcf, 0xcf, 0xcf, 0xcf, 0xa9, 0xcf, 
	0xcf, 0xcf, 0xcf, 0xa9, 0xcf, 0xcf, 0xcf, 0xca, 
	0xa9, 0xc8, 0xc8, 0xc8, 0xc8, 0xa9, 0xc8, 0xc8, 
	0xc8, 0xc8, 0xa9, 0xc8, 0xc7, 0xc7, 0xc7, 0xa9, 
	0xc7, 0xc7, 0xc7, 0xa9, 0xc7, 0xc7, 0xc7, 0xc7, 
	0xa9, 0xc8, 0xc8, 0xc8, 0xc8, 0xa9, 0xc8, 0xc8, 
	0xc8, 0xc8, 0xa9, 0xc8, 0xc8, 0xc8, 0xc8, 0xa9, 
	0xca, 0xca, 0xca, 0xca, 0xa9, 0xcf, 0xcf, 0xcf, 
	0xcf, 0xa9, 0xcf, 0xcf, 0xcf, 0xcf, 0xa9, 0xcf, 
	0xcf, 0xcf, 0xcf, 0xa9, 0xcf, 0xcf, 0xca, 0xca, 
	0xa9, 0xc8, 0xc8, 0xc8, 0xc8, 0xa9, 0xc8, 0xc8, 
	0xc8, 0xc8, 0xa9, 0xc8, 0xc7, 0xc7, 0xc7, 0xa9, 
	0xc7, 0xc7, 0xc7, 0xa9, 0xc2, 0xc2, 0xc7, 0xc7, 
	0xa9, 0xc8, 0xc8, 0xc8, 0xc8, 0xa9, 0xc8, 0xc8, 
	0xca, 0xca, 0xa9, 0xca, 0xca, 0xca, 0xca, 0xa9, 
	0xca, 0xca, 0xca, 0xca, 0xa9, 0xcf, 0xcf, 0xcf, 
	0xcf, 0xa9, 0xcf, 0xcf, 0xcf, 0xcf, 0xa9, 0xcf, 
	0xcf, 0xcf, 0xcf, 0xa9, 0xca, 0xca, 0xca, 0xca, 
	0xa9, 0xcf, 0xcf, 0xcf, 0xc8, 0xa9, 0xc8, 0xc8, 
	0xc8, 0xc8, 0xa9, 0xc8, 0xc7, 0xc7, 0xc7, 0xa9, 
	0xc7, 0xc7, 0xc7, 0xa9, 0xc2, 0xc2, 0xc2, 0xc2, 
	0xa9, 0xc8, 0xc8, 0xc8, 0xc8, 0xa9, 0xc8, 0xc8, 
	0xca, 0xca, 0xa9, 0xca, 0xca, 0xca, 0xca, 0xa9, 
	0xca, 0xca, 0xca, 0xcf, 0xa9, 0xcf, 0xcf, 0xcf, 
	0xcf, 0xa9, 0xcf, 0xcf, 0xcf, 0xcf, 0xa9, 0xcf, 
	0xcf, 0xcf, 0xcf, 0xa9, 0xca, 0xca, 0xca, 0xca, 
	0xa9, 0xcf, 0xcf, 0xcf, 0xc8, 0xa9, 0xc8, 0xc8, 
	0xc8, 0xc8, 0xa9, 0xc8, 0xc7, 0xc7, 0xc7, 0xa9, 
	0xc7, 0xc7, 0xc7, 0xa9, 0xc2, 0xc2, 0xc2, 0xc2, 
	0xa9, 0xc8, 0xc8, 0xc8, 0xc8, 0xa9, 0xc8, 0xc8, 
	0xca, 0xca, 0xa9, 0xca, 0xca, 0xca, 0xca, 0xa9, 
	0xca, 0xcf, 0xcf, 0xcf, 0xa9, 0xcf, 0xcf, 0xcf, 
	0xcf, 0xa9, 0xcf, 0xcf, 0xcf, 0xcf, 0xa9, 0xcf, 
	0xcf, 0xcf, 0xcf, 0xa9, 0xca, 0xca, 0xc8, 0xc8, 
	0xa9, 0xcf, 0xcf, 0xcf, 0xc8, 0xa9, 0xc8, 0xc8, 
	0xc8, 0xc8, 0xa9, 0xc8, 0xc7, 0xc7, 0xc7, 0xa9, 
	0xc7, 0xc7, 0xc7, 0xa9, 0xc2, 0xc2, 0xc2, 0xc2, 
	0xa9, 0xc8, 0xc8, 0xc8, 0xc8, 0xa9, 0xc8, 0xc8, 
	0xca, 0xca, 0xa9, 0xca, 0xca, 0xca, 0xca, 0xa9, 
	0xcf, 0xcf, 0xcf, 0xcf, 0xa9, 0xcf, 0xcf, 0xcf, 
	0xcf, 0xa9, 0xcf, 0xcf, 0xcf, 0xcf, 0xa9, 0xcf, 
	0xcf, 0xcf, 0xcf, 0xa9, 0xc8, 0xc8, 0xc8, 0xc8, 
	0xa9, 0xcf, 0xcf, 0xcf, 0xc8, 0xa9, 0xc8, 0xc8, 
	0xc8, 0xc8, 0xa9, 0xc8, 0xc7, 0xc7, 0xc7, 0xa9, 
	0xc7, 0xc7, 0xc7, 0xa9, 0xc7, 0xc2, 0xc2, 0xc2, 
	0xa9, 0xc8, 0xc8, 0xc8, 0xc8, 0xa9, 0xc8, 0xc8, 
	0xcd, 0xcd, 0xa9, 0xcd, 0xcf, 0xcf, 0xcf, 0xa9, 
	0xcf, 0xcf, 0xcf, 0xcf, 0xa9, 0xcf, 0xcf, 0xcf, 
	0xcf, 0xa9, 0xcf, 0xcf, 0xcd, 0xcd, 0xa9, 0xcd, 
	0xc8, 0xc8, 0xc8, 0xa9, 0xc8, 0xc8, 0xc8, 0xc8, 
	0xa9, 0xc8, 0xc8, 0xc8, 0xc8, 0xa9, 0xc8, 0xc8, 
	0xc7, 0xc7, 0xa9, 0xc7, 0xc7, 0xc7, 0xc7, 0xa9, 
	0xc7, 0xc7, 0xc7, 0xa9, 0xc7, 0xc2, 0xc2, 0xc2, 
	0xa9, 0xc8, 0xc8, 0xc8, 0xc8, 0xa9, 0xc8, 0xc8, 
	0xcd, 0xcd, 0xa9, 0xcd, 0xcf, 0xcf, 0xcf, 0xa9, 
	0xcf, 0xcf, 0xcf, 0xcf, 0xa9, 0xcf, 0xcf, 0xcf, 
	0xcf, 0xa9, 0xcf, 0xcf, 0xcd, 0xcd, 0xa9, 0xcd, 
	0xc8, 0xc8, 0xc8, 0xa9, 0xc8, 0xc8, 0xc8, 0xc8, 
	0xa9, 0xc8, 0xc8, 0xc8, 0xc8, 0xa9, 0xc8, 0xc8, 
	0xc7, 0xc7, 0xa9, 0xc7, 0xc7, 0xc7, 0xc7, 0xa9, 
	0xc7, 0xc7, 0xc7, 0xa9, 0xc7, 0xc2, 0xc2, 0xc2, 
	0xa9, 0xc8, 0xc8, 0xc8, 0xc8, 0xa9, 0xc8, 0xc8, 
	0xcd, 0xcd, 0xa9, 0xcd, 0xcf, 0xcf, 0xcf, 0xa9, 
	0xcf, 0xcf, 0xcf, 0xca, 0xa9, 0xcf, 0xcf, 0xcf, 
	0xcf, 0xa9, 0xcf, 0xcf, 0xcd, 0xcd, 0xa9, 0xcd, 
	0xc8, 0xc8, 0xc8, 0xa9, 0xc8, 0xc8, 0xc8, 0xc8, 
	0xa9, 0xc8, 0xc8, 0xc8, 0xc8, 0xa9, 0xc8, 0xc8, 
	0xc7, 0xc7, 0xa9, 0xc7, 0xc7, 0xc7, 0xc7, 0xa9, 
	0xc7, 0xc7, 0xc7, 0xa9, 0xc2, 0xc2, 0xc2, 0xc2, 
	0xa9, 0xc8, 0xc8, 0xc8, 0xc8, 0xa9, 0xc8, 0xc8, 
	0xcd, 0xcd, 0xa9, 0xcd, 0xcf, 0xcf, 0xcf, 0xa9, 
	0xcf, 0xca, 0xcf, 0xca, 0xa9, 0xcf, 0xcf, 0xcf, 
	0xcf, 0xa9, 0xcf, 0xcf, 0xcd, 0xcd, 0xa9, 0xcd, 
	0xc8, 0xc8, 0xc8, 0xa9, 0xc8, 0xc8, 0xc8, 0xc8, 
	0xa9, 0xc8, 0xc8, 0xc8, 0xc8, 0xa9, 0xc8, 0xc8, 
	0xc7, 0xc7, 0xa9, 0xc7, 0xc7, 0xc7, 0xc7, 0xa9, 
	0xc7, 0xc7, 0xc7, 0xa9, 0xc2, 0xc2, 0xc2, 0xc2, 
	0xa9, 0xc8, 0xc8, 0xc8, 0xc8, 0xa9, 0xc8, 0xc8, 
	0xcf, 0xcf, 0xa9, 0xcf, 0xcf, 0xcf, 0xcf, 0xa9, 
	0xcf, 0xca, 0xca, 0xca, 0xa9, 0xca, 0xca, 0xca, 
	0xca, 0xa9, 0xca, 0xca, 0xc8, 0xc8, 0xa9, 0xc8, 
	0xc8, 0xc8, 0xc8, 0xa9, 0xc8, 0xc8, 0xc8, 0xc8, 
	0xa9, 0xcd, 0xcd, 0xcd, 0xc8, 0xa9, 0xc8, 0xc8, 
	0xc7, 0xc7, 0xa9, 0xc7, 0xc7, 0xc7, 0xc7, 0xa9, 
	0xc7, 0xc7, 0xc7, 0xa9, 0xc7, 0xc2, 0xc7, 0xc7, 
	0xa9, 0xc8, 0xc8, 0xc8, 0xc8, 0xa9, 0xc8, 0xc8, 
	0xcf, 0xcf, 0xa9, 0xcf, 0xcf, 0xcf, 0xcf, 0xa9, 
	0xcf, 0xcf, 0xca, 0xca, 0xa9, 0xca, 0xca, 0xca, 
	0xca, 0xa9, 0xca, 0xca, 0xc8, 0xc8, 0xa9, 0xc8, 
	0xc8, 0xc8, 0xc8, 0xa9, 0xc8, 0xc8, 0xc8, 0xc8, 
	0xa9, 0xcd, 0xcd, 0xcd, 0xc8, 0xa9, 0xc8, 0xc8, 
	0xc7, 0xc7, 0xa9, 0xc7, 0xc7, 0xc7, 0xc7, 0xa9, 
	0xc7, 0xc7, 0xc7, 0xa9, 0xc7, 0xc2, 0xc7, 0xc2, 
	0xa9, 0xc8, 0xc8, 0xc8, 0xc8, 0xa9, 0xc8, 0xc8, 
	0xcf, 0xcf, 0xa9, 0xcf, 0xcf, 0xcf, 0xcf, 0xa9, 
	0xcf, 0xcf, 0xca, 0xca, 0xa9, 0xca, 0xca, 0xca, 
	0xca, 0xa9, 0xca, 0xca, 0xc8, 0xc8, 0xa9, 0xc8, 
	0xc8, 0xc8, 0xc8, 0xa9, 0xc8, 0xc8, 0xc8, 0xc8, 
	0xa9, 0xcd, 0xcd, 0xcd, 0xc8, 0xa9, 0xc8, 0xc8, 
	0xc7, 0xc7, 0xa9, 0xc7, 0xc7, 0xc7, 0xc7, 0xa9, 
	0xc7, 0xc7, 0xc7, 0xa9, 0xc2, 0xc2, 0xc7, 0xc2, 
	0xa9, 0xc8, 0xc8, 0xc8, 0xc8, 0xa9, 0xc8, 0xc8, 
	0xcf, 0xcf, 0xa9, 0xcf, 0xcf, 0xcf, 0xcf, 0xa9, 
	0xca, 0xca, 0xca, 0xca, 0xa9, 0xca, 0xca, 0xca, 
	0xca, 0xa9, 0xca, 0xca, 0xc8, 0xc8, 0xa9, 0xc8, 
	0xc8, 0xc8, 0xc8, 0xa9, 0xc8, 0xc8, 0xc8, 0xc8, 
	0xa9, 0xcd, 0xcd, 0xcd, 0xc8, 0xa9, 0xc8, 0xc8, 
	0xc7, 0xc7, 0xa9, 0xc7, 0xc7, 0xc7, 0xc7, 0xa9, 
	0xc7, 0xc7, 0xc7, 0xa9, 0xc7, 0xc7, 0xc7, 0xc2, 
	0x99, 0xc8, 0xc8, 0xc8, 0xca, 0x99, 0xca, 0xca, 
	0xca, 0xca, 0x99, 0xca, 0xca, 0xca, 0xca, 0x99, 
	0xc8, 0xc8, 0xc8, 0xc8, 0x99, 0xc8, 0xc8, 0xc8, 
	0xc8, 0x99, 0xc8, 0xc8, 0xc8, 0xc8, 0x97, 0xc8, 
	0xc8, 0xc8, 0xc8, 0x97, 0xc2, 0xc2, 0xc2, 0xc2, 
	0x97, 0xc7, 0xc7, 0xc7, 0xc7, 0x97, 0xc7, 0xc7, 
	0xc7, 0xc7, 0x97, 0xc7, 0xc7, 0xc7, 0xc7, 0x97, 
	0xc7, 0xc7, 0xc7, 0x97, 0xc2, 0xc2, 0xc2, 0xc2, 
	0x99, 0x99, 0x99, 0x99, 0x99, 0x99, 0x99, 0x99, 
	0x99, 0x99, 0x99, 0x99, 0x99, 0x99, 0x99, 0x99, 
	0x99, 0x99, 0x99, 0x99, 0x99, 0x99, 0x99, 0x99, 
	0x99, 0x99, 0x99, 0x99, 0x97, 0x97, 0x97, 0x97, 
	0x97, 0x97, 0x97, 0x97, 0x97, 0x97, 0x97, 0x97, 
	0x97, 0x97, 0x97, 0x97, 0x97, 0x97, 0x97, 0x97, 
	0x97, 0x97, 0x97, 0x97, 0x97, 0x97, 0x97, 0x97, 
	0x97, 0x97, 0x97, 0x97, 0x97, 0x97, 0x97, 0x97, 
	0xff, 0xff, 0xff, 0xff, 0xff, 0xff, 0xff, 0xff, 
	0xff, 0xff, 0xff, 0xff, 0xff, 0xff, 0xff, 0xff, 
	0xff, 0xff, 0xff, 0xff, 0xff, 0xff, 0xff, 0xff, 
	0xff, 0xff, 0xff, 0xff, 0xff, 0xff, 0xff, 0xff, 
	0xff, 0xff, 0xff, 0xff, 0xff, 0xff, 0xff, 0xff, 
	0xff, 0xff, 0xff, 0xff, 0xff, 0xff, 0xff, 0xff, 
	0xff, 0xff, 0xff, 0xff, 0xff, 0xff, 0xff, 0xff, 
	0xff, 0xff, 0xff, 0xff, 0xff, 0xff, 0xff, 0xff, 
	0x99, 0x99, 0x99, 0x99, 0x99, 0x99, 0x99, 0x99, 
	0x99, 0x99, 0x99, 0x99, 0x99, 0x99, 0x99, 0x99, 
	0x99, 0x99, 0x99, 0x99, 0x99, 0x99, 0x99, 0x99, 
	0x99, 0x99, 0x99, 0x99, 0x97, 0x97, 0x97, 0x97, 
	0x97, 0x97, 0x97, 0x97, 0x97, 0x97, 0x97, 0x97, 
	0x97, 0x97, 0x97, 0x97, 0x97, 0x97, 0x97, 0x97, 
	0x97, 0x97, 0x97, 0x97, 0x97, 0x97, 0x97, 0x97, 
	0x97, 0x97, 0x97, 0x97, 0x97, 0x97, 0x97, 0x97, 
	0xff, 0xff, 0xff, 0xff, 0xff, 0xff, 0xff, 0xff, 
	0xff, 0xff, 0xff, 0xff, 0xff, 0xff, 0xff, 0xff, 
	0xff, 0xff, 0xff, 0xff, 0xff, 0xff, 0xff, 0xff, 
	0xff, 0xff, 0xff, 0xff, 0xff, 0xff, 0xff, 0xff, 
	0xff, 0xff, 0xff, 0xff, 0xff, 0xff, 0xff, 0xff, 
	0xff, 0xff, 0xff, 0xff, 0xff, 0xff, 0xff, 0xff, 
	0xff, 0xff, 0xff, 0xff, 0xff, 0xff, 0xff, 0xff, 
	0xff, 0xff, 0xff, 0xff, 0xff, 0xff, 0xff, 0xff, 
	0xa7, 0xd2, 0xd2, 0xd2, 0xd2, 0xa7, 0xd2, 0xd2, 
	0xd2, 0xd2, 0xa7, 0xd2, 0xd2, 0xd2, 0xd2, 0xa7, 
	0xd2, 0xd2, 0xd2, 0xd2, 0xa9, 0xd2, 0xd2, 0xd2, 
	0xd2, 0xa9, 0xd2, 0xd2, 0xd2, 0xd2, 0xa9, 0xd2, 
	0xd2, 0xd2, 0xd2, 0xa9, 0xcf, 0xcf, 0xcf, 0xcf, 
	0xa7, 0xd2, 0xd2, 0xd2, 0xd2, 0xa7, 0xd2, 0xd2, 
	0xd2, 0xd2, 0xa0, 0xd2, 0xd2, 0xd2, 0xd2, 0xa0, 
	0xd2, 0xd2, 0xd2, 0xa0, 0xc7, 0xc7, 0xc7, 0xc7, 
	0xa7, 0xd2, 0xd2, 0xd2, 0xd2, 0xa7, 0xd2, 0xd2, 
	0xd2, 0xd2, 0xa7, 0xd2, 0xd2, 0xd2, 0xd2, 0xa7, 
	0xd2, 0xd2, 0xd2, 0xd2, 0xa9, 0xd2, 0xd2, 0xd2, 
	0xd2, 0xa9, 0xd2, 0xd2, 0xd2, 0xd2, 0xa9, 0xd2, 
	0xd2, 0xd2, 0xd2, 0xa9, 0xcf, 0xcf, 0xcf, 0xcf, 
	0xa7, 0xd2, 0xd2, 0xd2, 0xd2, 0xa7, 0xd2, 0xd2, 
	0xd2, 0xd2, 0xa0, 0xd2, 0xd2, 0xd2, 0xd2, 0xa0, 
	0xd2, 0xd2, 0xd2, 0xa0, 0xc7, 0xc7, 0xc7, 0xc7, 
	0xa7, 0xd2, 0xd2, 0xd2, 0xd2, 0xa7, 0xd2, 0xd2, 
	0xd2, 0xd2, 0xa7, 0xd2, 0xd2, 0xd2, 0xd2, 0xa7, 
	0xd2, 0xd2, 0xd2, 0xd2, 0xa9, 0xd2, 0xd2, 0xd2, 
	0xd2, 0xa9, 0xd2, 0xd2, 0xd2, 0xd2, 0xa9, 0xd2, 
	0xd2, 0xd2, 0xd2, 0xa9, 0xcf, 0xcf, 0xcf, 0xcf, 
	0xa7, 0xd2, 0xd2, 0xd2, 0xd2, 0xa7, 0xd2, 0xd2, 
	0xd2, 0xd2, 0xa0, 0xd2, 0xd2, 0xd2, 0xd2, 0xa0, 
	0xd2, 0xd2, 0xd2, 0xa0, 0xc7, 0xc7, 0xc7, 0xc7, 
	
};

Gfx rgrindr_WarningCaution_ci8_aligner[] = {gsSPEndDisplayList()};
u8 rgrindr_WarningCaution_ci8[] = {
	0x00, 0x00, 0x00, 0x00, 0x00, 0x00, 0x00, 0x00, 
	0x00, 0x00, 0x00, 0x00, 0x00, 0x00, 0x00, 0x00, 
	0x00, 0x00, 0x00, 0x00, 0x00, 0x00, 0x00, 0x00, 
	0x00, 0x00, 0x00, 0x00, 0x00, 0x00, 0x00, 0x00, 
	0x00, 0x00, 0x00, 0x00, 0x00, 0x00, 0x00, 0x00, 
	0x00, 0x00, 0x00, 0x00, 0x00, 0x00, 0x00, 0x00, 
	0x00, 0x00, 0x00, 0x00, 0x00, 0x00, 0x00, 0x00, 
	0x00, 0x00, 0x00, 0x00, 0x00, 0x00, 0x00, 0x00, 
	0x01, 0x02, 0x01, 0x03, 0x04, 0x05, 0x05, 0x04, 
	0x06, 0x06, 0x06, 0x06, 0x07, 0x03, 0x08, 0x08, 
	0x02, 0x01, 0x01, 0x01, 0x01, 0x01, 0x01, 0x01, 
	0x01, 0x08, 0x09, 0x0a, 0x0a, 0x09, 0x07, 0x09, 
	0x09, 0x0a, 0x09, 0x0b, 0x02, 0x01, 0x01, 0x01, 
	0x01, 0x01, 0x01, 0x01, 0x08, 0x08, 0x0b, 0x0a, 
	0x0c, 0x0c, 0x0d, 0x0c, 0x04, 0x04, 0x0a, 0x0b, 
	0x0b, 0x03, 0x03, 0x08, 0x02, 0x08, 0x01, 0x01, 
	0x0e, 0x0f, 0x0f, 0x10, 0x11, 0x12, 0x13, 0x11, 
	0x14, 0x14, 0x15, 0x12, 0x0f, 0x16, 0x0f, 0x16, 
	0x0e, 0x0e, 0x0e, 0x0e, 0x0e, 0x0e, 0x0f, 0x17, 
	0x0f, 0x10, 0x15, 0x10, 0x10, 0x18, 0x10, 0x18, 
	0x18, 0x10, 0x16, 0x0e, 0x0e, 0x0e, 0x0e, 0x0e, 
	0x0e, 0x0e, 0x0e, 0x0e, 0x17, 0x13, 0x10, 0x10, 
	0x11, 0x13, 0x13, 0x13, 0x13, 0x12, 0x17, 0x0f, 
	0x17, 0x16, 0x16, 0x16, 0x0e, 0x0e, 0x16, 0x0e, 
	0x03, 0x19, 0x15, 0x13, 0x13, 0x13, 0x13, 0x1a, 
	0x1b, 0x1c, 0x1a, 0x1d, 0x1e, 0x03, 0x0f, 0x1f, 
	0x0f, 0x0f, 0x1f, 0x1f, 0x0f, 0x03, 0x20, 0x1d, 
	0x13, 0x13, 0x13, 0x20, 0x20, 0x15, 0x15, 0x15, 
	0x15, 0x15, 0x1e, 0x03, 0x03, 0x03, 0x03, 0x03, 
	0x03, 0x03, 0x03, 0x0f, 0x15, 0x21, 0x13, 0x13, 
	0x21, 0x1a, 0x1a, 0x0c, 0x0c, 0x20, 0x1e, 0x19, 
	0x20, 0x0f, 0x1e, 0x1f, 0x03, 0x0f, 0x20, 0x1e, 
	0x22, 0x23, 0x24, 0x25, 0x1b, 0x24, 0x25, 0x1b, 
	0x26, 0x27, 0x23, 0x28, 0x28, 0x29, 0x28, 0x29, 
	0x28, 0x22, 0x29, 0x29, 0x22, 0x22, 0x2a, 0x23, 
	0x23, 0x23, 0x23, 0x2a, 0x2b, 0x23, 0x25, 0x2a, 
	0x22, 0x29, 0x17, 0x17, 0x17, 0x17, 0x17, 0x17, 
	0x17, 0x17, 0x17, 0x22, 0x24, 0x27, 0x27, 0x27, 
	0x27, 0x26, 0x26, 0x27, 0x27, 0x25, 0x22, 0x17, 
	0x29, 0x17, 0x17, 0x17, 0x17, 0x17, 0x29, 0x29, 
	0x23, 0x27, 0x27, 0x1b, 0x27, 0x27, 0x1b, 0x26, 
	0x2c, 0x24, 0x2b, 0x28, 0x28, 0x29, 0x28, 0x28, 
	0x28, 0x29, 0x22, 0x28, 0x2d, 0x2a, 0x23, 0x23, 
	0x24, 0x1b, 0x24, 0x25, 0x24, 0x23, 0x2a, 0x22, 
	0x17, 0x17, 0x17, 0x17, 0x17, 0x17, 0x17, 0x17, 
	0x17, 0x17, 0x22, 0x23, 0x27, 0x26, 0x26, 0x26, 
	0x26, 0x2c, 0x26, 0x27, 0x24, 0x2b, 0x29, 0x17, 
	0x17, 0x17, 0x17, 0x17, 0x17, 0x17, 0x29, 0x2a, 
	0x26, 0x26, 0x27, 0x26, 0x27, 0x26, 0x26, 0x26, 
	0x24, 0x2b, 0x2d, 0x2d, 0x2d, 0x28, 0x29, 0x29, 
	0x29, 0x17, 0x29, 0x29, 0x2b, 0x23, 0x23, 0x25, 
	0x1b, 0x27, 0x1b, 0x25, 0x1b, 0x2a, 0x22, 0x17, 
	0x29, 0x22, 0x29, 0x28, 0x22, 0x29, 0x17, 0x17, 
	0x17, 0x29, 0x2a, 0x27, 0x26, 0x2c, 0x26, 0x2c, 
	0x2c, 0x26, 0x2c, 0x27, 0x23, 0x22, 0x28, 0x28, 
	0x22, 0x29, 0x17, 0x17, 0x17, 0x29, 0x23, 0x27, 
	0x26, 0x2c, 0x26, 0x26, 0x26, 0x2c, 0x2c, 0x27, 
	0x2b, 0x2d, 0x28, 0x28, 0x22, 0x28, 0x28, 0x28, 
	0x28, 0x28, 0x22, 0x2d, 0x24, 0x1b, 0x1b, 0x27, 
	0x26, 0x27, 0x27, 0x1b, 0x24, 0x2b, 0x28, 0x29, 
	0x22, 0x28, 0x17, 0x29, 0x29, 0x22, 0x17, 0x17, 
	0x29, 0x2b, 0x1b, 0x26, 0x26, 0x26, 0x2c, 0x26, 
	0x26, 0x26, 0x27, 0x23, 0x2d, 0x29, 0x28, 0x29, 
	0x29, 0x22, 0x29, 0x17, 0x29, 0x2b, 0x1b, 0x2c, 
	0x27, 0x26, 0x2c, 0x26, 0x2c, 0x2c, 0x27, 0x2a, 
	0x29, 0x17, 0x29, 0x29, 0x22, 0x29, 0x29, 0x17, 
	0x29, 0x22, 0x28, 0x24, 0x26, 0x26, 0x27, 0x26, 
	0x26, 0x27, 0x27, 0x1b, 0x2a, 0x22, 0x2d, 0x28, 
	0x29, 0x29, 0x28, 0x22, 0x17, 0x29, 0x28, 0x17, 
	0x2b, 0x24, 0x26, 0x2c, 0x26, 0x2c, 0x26, 0x26, 
	0x26, 0x26, 0x24, 0x28, 0x22, 0x29, 0x28, 0x28, 
	0x28, 0x29, 0x28, 0x29, 0x2d, 0x24, 0x26, 0x2c, 
	0x26, 0x26, 0x26, 0x27, 0x26, 0x26, 0x24, 0x22, 
	0x17, 0x17, 0x22, 0x29, 0x17, 0x17, 0x22, 0x29, 
	0x22, 0x28, 0x2a, 0x1b, 0x26, 0x2c, 0x26, 0x2c, 
	0x26, 0x27, 0x1b, 0x23, 0x2d, 0x29, 0x28, 0x28, 
	0x2d, 0x28, 0x2d, 0x29, 0x17, 0x17, 0x28, 0x22, 
	0x23, 0x27, 0x26, 0x2c, 0x2c, 0x26, 0x2c, 0x26, 
	0x2c, 0x24, 0x2d, 0x22, 0x22, 0x22, 0x2d, 0x22, 
	0x28, 0x29, 0x22, 0x22, 0x23, 0x27, 0x26, 0x2c, 
	0x27, 0x27, 0x1b, 0x27, 0x27, 0x25, 0x28, 0x29, 
	0x22, 0x29, 0x28, 0x22, 0x29, 0x17, 0x29, 0x22, 
	0x22, 0x2a, 0x1b, 0x27, 0x27, 0x26, 0x26, 0x26, 
	0x27, 0x1b, 0x2e, 0x28, 0x28, 0x28, 0x2d, 0x22, 
	0x28, 0x2d, 0x28, 0x29, 0x22, 0x29, 0x28, 0x2b, 
	0x24, 0x26, 0x26, 0x26, 0x26, 0x26, 0x26, 0x2c, 
	0x1b, 0x2b, 0x29, 0x29, 0x22, 0x29, 0x28, 0x2d, 
	0x28, 0x29, 0x28, 0x2b, 0x24, 0x26, 0x26, 0x26, 
	0x1b, 0x24, 0x24, 0x1b, 0x24, 0x2b, 0x29, 0x22, 
	0x28, 0x28, 0x29, 0x29, 0x22, 0x22, 0x29, 0x29, 
	0x2b, 0x24, 0x27, 0x26, 0x27, 0x26, 0x27, 0x27, 
	0x27, 0x24, 0x2b, 0x28, 0x2d, 0x2d, 0x2d, 0x28, 
	0x2d, 0x28, 0x29, 0x22, 0x22, 0x22, 0x2b, 0x24, 
	0x1b, 0x27, 0x26, 0x2c, 0x2c, 0x26, 0x26, 0x27, 
	0x23, 0x22, 0x22, 0x29, 0x28, 0x17, 0x29, 0x22, 
	0x22, 0x28, 0x2b, 0x24, 0x1b, 0x27, 0x26, 0x2c, 
	0x23, 0x25, 0x24, 0x24, 0x2b, 0x29, 0x17, 0x17, 
	0x29, 0x22, 0x29, 0x22, 0x29, 0x29, 0x22, 0x2d, 
	0x23, 0x1b, 0x26, 0x26, 0x26, 0x2c, 0x26, 0x26, 
	0x1b, 0x2b, 0x2d, 0x2d, 0x2d, 0x2d, 0x28, 0x28, 
	0x29, 0x17, 0x17, 0x29, 0x22, 0x28, 0x2a, 0x23, 
	0x25, 0x27, 0x27, 0x26, 0x26, 0x26, 0x1b, 0x23, 
	0x2d, 0x29, 0x22, 0x29, 0x28, 0x17, 0x17, 0x29, 
	0x22, 0x22, 0x2a, 0x23, 0x25, 0x27, 0x27, 0x26, 
	0x23, 0x23, 0x24, 0x23, 0x29, 0x17, 0x17, 0x17, 
	0x17, 0x29, 0x22, 0x22, 0x22, 0x17, 0x22, 0x2a, 
	0x24, 0x27, 0x27, 0x26, 0x26, 0x26, 0x26, 0x1b, 
	0x23, 0x2d, 0x2d, 0x2d, 0x2d, 0x28, 0x29, 0x17, 
	0x17, 0x17, 0x22, 0x29, 0x29, 0x2a, 0x24, 0x23, 
	0x23, 0x24, 0x25, 0x1b, 0x1b, 0x27, 0x24, 0x28, 
	0x29, 0x22, 0x29, 0x22, 0x29, 0x17, 0x22, 0x29, 
	0x22, 0x2a, 0x24, 0x23, 0x23, 0x1b, 0x25, 0x1b, 
	0x23, 0x23, 0x2a, 0x22, 0x17, 0x17, 0x22, 0x22, 
	0x17, 0x17, 0x29, 0x22, 0x29, 0x17, 0x2d, 0x2a, 
	0x23, 0x1b, 0x1b, 0x27, 0x1b, 0x24, 0x25, 0x23, 
	0x2d, 0x2d, 0x28, 0x2d, 0x28, 0x29, 0x22, 0x17, 
	0x17, 0x17, 0x29, 0x22, 0x2b, 0x2a, 0x25, 0x23, 
	0x23, 0x23, 0x23, 0x24, 0x25, 0x2a, 0x2b, 0x28, 
	0x22, 0x29, 0x17, 0x17, 0x17, 0x17, 0x29, 0x22, 
	0x2d, 0x2a, 0x23, 0x23, 0x23, 0x23, 0x23, 0x24, 
	0x23, 0x23, 0x22, 0x22, 0x22, 0x17, 0x29, 0x17, 
	0x17, 0x22, 0x17, 0x17, 0x17, 0x22, 0x25, 0x24, 
	0x2a, 0x24, 0x25, 0x25, 0x25, 0x24, 0x2e, 0x2d, 
	0x29, 0x28, 0x29, 0x29, 0x29, 0x17, 0x17, 0x17, 
	0x17, 0x17, 0x29, 0x22, 0x2a, 0x25, 0x25, 0x23, 
	0x23, 0x23, 0x2a, 0x23, 0x2a, 0x2d, 0x29, 0x17, 
	0x17, 0x17, 0x17, 0x29, 0x22, 0x22, 0x17, 0x22, 
	0x2a, 0x23, 0x23, 0x2a, 0x23, 0x23, 0x23, 0x23, 
	0x23, 0x2a, 0x29, 0x17, 0x17, 0x29, 0x22, 0x17, 
	0x17, 0x17, 0x17, 0x17, 0x29, 0x2a, 0x25, 0x1b, 
	0x1b, 0x27, 0x1b, 0x24, 0x25, 0x1b, 0x24, 0x2d, 
	0x29, 0x2b, 0x29, 0x28, 0x22, 0x17, 0x17, 0x17, 
	0x17, 0x28, 0x25, 0x24, 0x25, 0x24, 0x23, 0x2a, 
	0x23, 0x23, 0x2a, 0x2b, 0x29, 0x17, 0x17, 0x17, 
	0x17, 0x22, 0x29, 0x22, 0x29, 0x17, 0x29, 0x2a, 
	0x23, 0x23, 0x23, 0x2a, 0x2a, 0x2b, 0x2b, 0x23, 
	0x25, 0x22, 0x17, 0x17, 0x17, 0x22, 0x28, 0x29, 
	0x17, 0x17, 0x17, 0x29, 0x2d, 0x2a, 0x23, 0x24, 
	0x25, 0x27, 0x27, 0x27, 0x1b, 0x1b, 0x2e, 0x22, 
	0x17, 0x29, 0x17, 0x17, 0x17, 0x17, 0x17, 0x17, 
	0x29, 0x28, 0x1b, 0x25, 0x23, 0x23, 0x25, 0x24, 
	0x24, 0x25, 0x23, 0x28, 0x17, 0x17, 0x17, 0x22, 
	0x29, 0x28, 0x29, 0x22, 0x17, 0x17, 0x29, 0x23, 
	0x1b, 0x1b, 0x1b, 0x1b, 0x24, 0x23, 0x23, 0x23, 
	0x2a, 0x29, 0x17, 0x28, 0x17, 0x29, 0x28, 0x28, 
	0x22, 0x17, 0x17, 0x2d, 0x23, 0x23, 0x23, 0x25, 
	0x23, 0x1b, 0x27, 0x27, 0x1b, 0x2e, 0x22, 0x17, 
	0x17, 0x17, 0x17, 0x17, 0x17, 0x17, 0x29, 0x22, 
	0x22, 0x23, 0x1b, 0x24, 0x23, 0x23, 0x24, 0x1b, 
	0x27, 0x24, 0x2b, 0x22, 0x17, 0x17, 0x17, 0x17, 
	0x17, 0x28, 0x22, 0x29, 0x17, 0x17, 0x2b, 0x24, 
	0x27, 0x26, 0x26, 0x27, 0x27, 0x27, 0x2c, 0x26, 
	0x29, 0x17, 0x29, 0x22, 0x17, 0x29, 0x22, 0x29, 
	0x17, 0x17, 0x22, 0x23, 0x24, 0x25, 0x24, 0x1b, 
	0x25, 0x1b, 0x27, 0x1b, 0x2a, 0x22, 0x17, 0x17, 
	0x28, 0x29, 0x28, 0x22, 0x29, 0x29, 0x22, 0x22, 
	0x2a, 0x23, 0x1b, 0x25, 0x23, 0x23, 0x2a, 0x23, 
	0x24, 0x2a, 0x29, 0x17, 0x17, 0x17, 0x17, 0x17, 
	0x17, 0x17, 0x17, 0x17, 0x17, 0x22, 0x24, 0x26, 
	0x26, 0x26, 0x26, 0x26, 0x26, 0x26, 0x26, 0x1b, 
	0x29, 0x22, 0x22, 0x29, 0x17, 0x22, 0x22, 0x22, 
	0x17, 0x29, 0x2a, 0x27, 0x27, 0x1b, 0x27, 0x27, 
	0x1b, 0x27, 0x27, 0x24, 0x2b, 0x28, 0x28, 0x29, 
	0x28, 0x28, 0x28, 0x29, 0x22, 0x28, 0x2d, 0x2a, 
	0x23, 0x23, 0x1b, 0x1b, 0x24, 0x25, 0x24, 0x23, 
	0x2a, 0x22, 0x17, 0x17, 0x17, 0x17, 0x17, 0x17, 
	0x22, 0x17, 0x17, 0x17, 0x22, 0x23, 0x27, 0x26, 
	0x26, 0x26, 0x26, 0x2c, 0x26, 0x27, 0x24, 0x2b, 
	0x28, 0x29, 0x29, 0x22, 0x29, 0x29, 0x22, 0x17, 
	0x17, 0x2b, 0x1b, 0x26, 0x27, 0x26, 0x27, 0x26, 
	0x26, 0x26, 0x24, 0x2b, 0x2d, 0x2d, 0x2d, 0x28, 
	0x29, 0x29, 0x29, 0x17, 0x29, 0x29, 0x2b, 0x23, 
	0x23, 0x25, 0x1b, 0x27, 0x1b, 0x25, 0x24, 0x2a, 
	0x22, 0x17, 0x29, 0x22, 0x29, 0x28, 0x22, 0x29, 
	0x17, 0x17, 0x17, 0x29, 0x2a, 0x27, 0x26, 0x2c, 
	0x26, 0x2c, 0x2c, 0x26, 0x2c, 0x27, 0x23, 0x29, 
	0x2d, 0x28, 0x22, 0x22, 0x22, 0x17, 0x29, 0x17, 
	0x22, 0x24, 0x26, 0x2c, 0x26, 0x26, 0x26, 0x2c, 
	0x2c, 0x1b, 0x2b, 0x2d, 0x28, 0x28, 0x22, 0x28, 
	0x28, 0x28, 0x28, 0x28, 0x22, 0x2d, 0x24, 0x1b, 
	0x1b, 0x27, 0x26, 0x27, 0x27, 0x1b, 0x24, 0x2b, 
	0x28, 0x29, 0x22, 0x28, 0x29, 0x17, 0x29, 0x22, 
	0x29, 0x17, 0x29, 0x2b, 0x1b, 0x26, 0x26, 0x26, 
	0x2c, 0x26, 0x26, 0x26, 0x27, 0x23, 0x2d, 0x17, 
	0x2d, 0x2d, 0x22, 0x28, 0x2d, 0x29, 0x22, 0x2b, 
	0x23, 0x27, 0x26, 0x26, 0x2c, 0x26, 0x2c, 0x2c, 
	0x27, 0x23, 0x29, 0x17, 0x29, 0x29, 0x22, 0x29, 
	0x29, 0x17, 0x29, 0x22, 0x2d, 0x24, 0x26, 0x26, 
	0x27, 0x26, 0x26, 0x27, 0x27, 0x1b, 0x2a, 0x22, 
	0x2d, 0x28, 0x29, 0x29, 0x28, 0x28, 0x28, 0x29, 
	0x28, 0x17, 0x2b, 0x24, 0x26, 0x2c, 0x26, 0x2c, 
	0x26, 0x26, 0x26, 0x26, 0x24, 0x28, 0x22, 0x29, 
	0x2d, 0x2d, 0x28, 0x2d, 0x28, 0x28, 0x28, 0x23, 
	0x1b, 0x26, 0x26, 0x26, 0x26, 0x27, 0x26, 0x26, 
	0x25, 0x22, 0x17, 0x17, 0x22, 0x29, 0x17, 0x17, 
	0x22, 0x29, 0x22, 0x28, 0x2a, 0x1b, 0x26, 0x2c, 
	0x26, 0x2c, 0x26, 0x27, 0x1b, 0x23, 0x2d, 0x29, 
	0x28, 0x28, 0x2d, 0x28, 0x2d, 0x22, 0x28, 0x29, 
	0x28, 0x22, 0x23, 0x27, 0x26, 0x2c, 0x2c, 0x26, 
	0x2c, 0x26, 0x2c, 0x24, 0x2d, 0x22, 0x22, 0x22, 
	0x28, 0x2d, 0x28, 0x29, 0x29, 0x2d, 0x2a, 0x1b, 
	0x27, 0x27, 0x27, 0x27, 0x1b, 0x27, 0x27, 0x24, 
	0x28, 0x17, 0x22, 0x29, 0x28, 0x22, 0x29, 0x17, 
	0x29, 0x22, 0x29, 0x23, 0x24, 0x27, 0x27, 0x26, 
	0x26, 0x26, 0x27, 0x1b, 0x23, 0x28, 0x28, 0x28, 
	0x2d, 0x22, 0x28, 0x2d, 0x2d, 0x2d, 0x22, 0x29, 
	0x28, 0x2b, 0x24, 0x26, 0x26, 0x26, 0x26, 0x26, 
	0x26, 0x2c, 0x1b, 0x2b, 0x29, 0x29, 0x22, 0x29, 
	0x29, 0x22, 0x22, 0x28, 0x28, 0x2b, 0x24, 0x1b, 
	0x27, 0x1b, 0x1b, 0x1b, 0x24, 0x1b, 0x24, 0x2b, 
	0x17, 0x17, 0x29, 0x22, 0x29, 0x29, 0x22, 0x22, 
	0x29, 0x29, 0x2b, 0x24, 0x27, 0x26, 0x27, 0x26, 
	0x27, 0x27, 0x27, 0x24, 0x2b, 0x2d, 0x2d, 0x2d, 
	0x2d, 0x28, 0x2d, 0x28, 0x2d, 0x28, 0x22, 0x28, 
	0x2b, 0x24, 0x1b, 0x27, 0x26, 0x2c, 0x2c, 0x26, 
	0x26, 0x27, 0x23, 0x22, 0x22, 0x29, 0x28, 0x17, 
	0x17, 0x29, 0x22, 0x29, 0x22, 0x2a, 0x24, 0x25, 
	0x24, 0x25, 0x23, 0x25, 0x24, 0x24, 0x2b, 0x29, 
	0x17, 0x17, 0x17, 0x22, 0x29, 0x22, 0x29, 0x29, 
	0x22, 0x2d, 0x23, 0x1b, 0x26, 0x26, 0x26, 0x2c, 
	0x26, 0x26, 0x1b, 0x2b, 0x2d, 0x2d, 0x2d, 0x2d, 
	0x28, 0x2d, 0x28, 0x29, 0x28, 0x29, 0x22, 0x28, 
	0x2a, 0x23, 0x25, 0x27, 0x27, 0x26, 0x26, 0x26, 
	0x1b, 0x23, 0x2d, 0x29, 0x22, 0x29, 0x28, 0x17, 
	0x1f, 0x03, 0x03, 0x0f, 0x15, 0x13, 0x13, 0x13, 
	0x13, 0x13, 0x13, 0x13, 0x21, 0x15, 0x0f, 0x03, 
	0x03, 0x03, 0x03, 0x0f, 0x1f, 0x1f, 0x1f, 0x03, 
	0x1f, 0x15, 0x21, 0x1b, 0x1b, 0x1c, 0x1c, 0x1c, 
	0x1c, 0x1a, 0x13, 0x19, 0x19, 0x19, 0x19, 0x1e, 
	0x0f, 0x0f, 0x1f, 0x0f, 0x1f, 0x0f, 0x1f, 0x15, 
	0x0c, 0x0c, 0x13, 0x1a, 0x0c, 0x1a, 0x1a, 0x1b, 
	0x21, 0x1f, 0x0f, 0x1f, 0x03, 0x03, 0x03, 0x03, 
	0x16, 0x0e, 0x16, 0x1f, 0x10, 0x15, 0x15, 0x10, 
	0x18, 0x10, 0x15, 0x15, 0x10, 0x0f, 0x0e, 0x16, 
	0x0e, 0x0e, 0x0e, 0x0e, 0x16, 0x0f, 0x16, 0x0e, 
	0x1f, 0x18, 0x15, 0x14, 0x14, 0x1a, 0x14, 0x11, 
	0x11, 0x15, 0x1f, 0x1f, 0x17, 0x1f, 0x17, 0x16, 
	0x0f, 0x0e, 0x0e, 0x0e, 0x16, 0x0f, 0x1f, 0x15, 
	0x15, 0x15, 0x10, 0x15, 0x15, 0x11, 0x13, 0x10, 
	0x18, 0x17, 0x0f, 0x16, 0x0e, 0x0e, 0x0e, 0x0e, 
	0x0b, 0x03, 0x0b, 0x05, 0x0a, 0x0a, 0x09, 0x09, 
	0x07, 0x09, 0x0a, 0x05, 0x0b, 0x01, 0x08, 0x0b, 
	0x07, 0x08, 0x02, 0x03, 0x01, 0x02, 0x01, 0x0b, 
	0x0c, 0x2f, 0x05, 0x06, 0x06, 0x06, 0x06, 0x04, 
	0x07, 0x0b, 0x08, 0x03, 0x08, 0x01, 0x02, 0x02, 
	0x08, 0x02, 0x01, 0x01, 0x01, 0x08, 0x09, 0x0a, 
	0x0a, 0x09, 0x09, 0x09, 0x09, 0x0a, 0x09, 0x0b, 
	0x02, 0x01, 0x01, 0x01, 0x0b, 0x01, 0x03, 0x01, 
	0x00, 0x00, 0x00, 0x00, 0x00, 0x00, 0x00, 0x00, 
	0x00, 0x00, 0x00, 0x00, 0x00, 0x00, 0x00, 0x00, 
	0x00, 0x00, 0x00, 0x00, 0x00, 0x00, 0x00, 0x00, 
	0x00, 0x00, 0x00, 0x00, 0x00, 0x00, 0x00, 0x00, 
	0x00, 0x00, 0x00, 0x00, 0x00, 0x00, 0x00, 0x00, 
	0x00, 0x00, 0x00, 0x00, 0x00, 0x00, 0x00, 0x00, 
	0x00, 0x00, 0x00, 0x00, 0x00, 0x00, 0x00, 0x00, 
	0x00, 0x00, 0x00, 0x00, 0x00, 0x00, 0x00, 0x00, 
	
};

Gfx rgrindr_WarningCaution_pal_rgba16_aligner[] = {gsSPEndDisplayList()};
u8 rgrindr_WarningCaution_pal_rgba16[] = {
	0x00, 0x01, 0x10, 0x41, 0x18, 0x81, 0x29, 0x05, 
	0xa3, 0x81, 0x62, 0x47, 0x93, 0x01, 0x51, 0xc1, 
	0x20, 0xc3, 0x72, 0x41, 0x7a, 0x81, 0x39, 0x45, 
	0xab, 0xc1, 0xc4, 0x41, 0x18, 0x83, 0x31, 0x47, 
	0x82, 0xc1, 0xb3, 0xc1, 0x72, 0xc9, 0x9b, 0x41, 
	0xbc, 0x01, 0x8b, 0x01, 0x21, 0x03, 0x39, 0x89, 
	0x5a, 0x45, 0x52, 0x4b, 0xcc, 0x83, 0xdc, 0xc3, 
	0xe5, 0x03, 0x7b, 0x0d, 0x4a, 0x0b, 0x41, 0xc9, 
	0x6a, 0x89, 0xc4, 0x43, 0x4a, 0x0d, 0xab, 0xc3, 
	0xcc, 0x85, 0xbc, 0x03, 0xf5, 0x85, 0xed, 0x45, 
	0x52, 0x4f, 0x41, 0xcb, 0x9b, 0x85, 0x7b, 0x0b, 
	0xfd, 0xc7, 0x62, 0x8f, 0x8b, 0x91, 0x73, 0x57, 
	
};

Vtx rgrindr_rgrindr_mesh_layer_1_vtx_0[19] = {
	{{ {-2430, 66, 103}, 0, {5589, -2339}, {255, 255, 255, 255} }},
	{{ {-1217, 66, 103}, 0, {2716, -2339}, {255, 255, 255, 255} }},
	{{ {-1217, 66, -2103}, 0, {2716, 2884}, {255, 255, 255, 255} }},
	{{ {-2430, 66, -2103}, 0, {5589, 2884}, {255, 255, 255, 255} }},
	{{ {-989, 66, -2330}, 0, {2177, 3423}, {255, 255, 255, 255} }},
	{{ {-989, 0, -2330}, 0, {2177, 3423}, {149, 149, 149, 255} }},
	{{ {-2658, 0, -2330}, 0, {6129, 3423}, {149, 149, 149, 255} }},
	{{ {-989, 66, 330}, 0, {2177, -2878}, {255, 255, 255, 255} }},
	{{ {-1082, 66, -2238}, 0, {2396, 3204}, {255, 255, 255, 255} }},
	{{ {-2566, 66, -2238}, 0, {5910, 3204}, {255, 255, 255, 255} }},
	{{ {-2658, 66, -2330}, 0, {6129, 3423}, {255, 255, 255, 255} }},
	{{ {-2658, 0, 330}, 0, {6129, -2878}, {149, 149, 149, 255} }},
	{{ {-2658, 66, 330}, 0, {6129, -2878}, {255, 255, 255, 255} }},
	{{ {-989, 0, 330}, 0, {2177, -2878}, {149, 149, 149, 255} }},
	{{ {-1082, 66, 238}, 0, {2396, -2659}, {255, 255, 255, 255} }},
	{{ {-2566, 66, 238}, 0, {5910, -2659}, {255, 255, 255, 255} }},
	{{ {-1217, 66, 103}, 0, {2716, -2339}, {255, 255, 255, 255} }},
	{{ {-1217, 66, -2103}, 0, {2716, 2884}, {255, 255, 255, 255} }},
	{{ {-2430, 66, -2103}, 0, {5589, 2884}, {255, 255, 255, 255} }},
};

Gfx rgrindr_rgrindr_mesh_layer_1_tri_0[] = {
	gsSPVertex(rgrindr_rgrindr_mesh_layer_1_vtx_0 + 0, 19, 0),
	gsSP2Triangles(0, 1, 2, 0, 0, 2, 3, 0),
	gsSP2Triangles(4, 5, 6, 0, 7, 5, 4, 0),
	gsSP2Triangles(8, 7, 4, 0, 9, 8, 4, 0),
	gsSP2Triangles(9, 4, 10, 0, 4, 6, 10, 0),
	gsSP2Triangles(10, 6, 11, 0, 10, 11, 12, 0),
	gsSP2Triangles(12, 11, 13, 0, 12, 13, 7, 0),
	gsSP2Triangles(7, 13, 5, 0, 14, 12, 7, 0),
	gsSP2Triangles(14, 15, 12, 0, 16, 15, 14, 0),
	gsSP2Triangles(17, 16, 14, 0, 17, 14, 8, 0),
	gsSP2Triangles(8, 14, 7, 0, 18, 17, 8, 0),
	gsSP2Triangles(18, 8, 9, 0, 0, 18, 9, 0),
	gsSP2Triangles(0, 9, 15, 0, 15, 9, 10, 0),
	gsSP2Triangles(15, 10, 12, 0, 16, 0, 15, 0),
	gsSPEndDisplayList(),
};

Vtx rgrindr_rgrindr_mesh_layer_1_vtx_1[76] = {
	{{ {-1188, 651, -1901}, 0, {-16, 1008}, {233, 233, 233, 255} }},
	{{ {-1348, 651, -1901}, 0, {1008, 1008}, {234, 234, 234, 255} }},
	{{ {-1348, 491, -1901}, 0, {1008, -16}, {247, 247, 247, 255} }},
	{{ {-1188, 491, -1901}, 0, {-16, -16}, {252, 252, 252, 255} }},
	{{ {-1348, 651, -1901}, 0, {-16, 1008}, {234, 234, 234, 255} }},
	{{ {-1348, 811, -1901}, 0, {1008, 1008}, {228, 228, 228, 255} }},
	{{ {-1508, 811, -1901}, 0, {1008, -16}, {244, 244, 244, 255} }},
	{{ {-1508, 651, -1901}, 0, {-16, -16}, {238, 238, 238, 255} }},
	{{ {-1508, 651, -2061}, 0, {-16, 1008}, {238, 238, 238, 255} }},
	{{ {-1508, 811, -2061}, 0, {1008, 1008}, {244, 244, 244, 255} }},
	{{ {-1348, 811, -2061}, 0, {1008, -16}, {228, 228, 228, 255} }},
	{{ {-1348, 651, -2061}, 0, {-16, -16}, {234, 234, 234, 255} }},
	{{ {-1508, 651, -1901}, 0, {1008, 1008}, {238, 238, 238, 255} }},
	{{ {-1508, 651, -2061}, 0, {1008, -16}, {238, 238, 238, 255} }},
	{{ {-1508, 811, -1901}, 0, {-16, 1008}, {244, 244, 244, 255} }},
	{{ {-1508, 811, -2061}, 0, {-16, -16}, {244, 244, 244, 255} }},
	{{ {-1348, 811, -1901}, 0, {-16, 1008}, {228, 228, 228, 255} }},
	{{ {-1316, 811, -2061}, 0, {192, -16}, {225, 225, 225, 255} }},
	{{ {-1348, 811, -2061}, 0, {-16, -16}, {228, 228, 228, 255} }},
	{{ {-1316, 811, -1901}, 0, {192, 1008}, {225, 225, 225, 255} }},
	{{ {-1267, 801, -1901}, 0, {504, 1008}, {225, 225, 225, 255} }},
	{{ {-1267, 801, -2061}, 0, {504, -16}, {225, 225, 225, 255} }},
	{{ {-1226, 773, -1901}, 0, {1008, 1008}, {227, 227, 227, 255} }},
	{{ {-1226, 773, -2061}, 0, {1008, -16}, {227, 227, 227, 255} }},
	{{ {-1188, 651, -2061}, 0, {-16, 1008}, {233, 233, 233, 255} }},
	{{ {-1188, 683, -1901}, 0, {192, -16}, {225, 225, 225, 255} }},
	{{ {-1188, 651, -1901}, 0, {-16, -16}, {233, 233, 233, 255} }},
	{{ {-1188, 683, -2061}, 0, {192, 1008}, {225, 225, 225, 255} }},
	{{ {-1198, 732, -2061}, 0, {504, 1008}, {225, 225, 225, 255} }},
	{{ {-1198, 732, -1901}, 0, {504, -16}, {225, 225, 225, 255} }},
	{{ {-1226, 773, -2061}, 0, {1008, 1008}, {227, 227, 227, 255} }},
	{{ {-1226, 773, -1901}, 0, {1008, -16}, {227, 227, 227, 255} }},
	{{ {-1348, 651, -1901}, 0, {-16, -16}, {234, 234, 234, 255} }},
	{{ {-1188, 651, -1901}, 0, {-16, 1008}, {233, 233, 233, 255} }},
	{{ {-1188, 683, -1901}, 0, {192, 1008}, {225, 225, 225, 255} }},
	{{ {-1226, 773, -1901}, 0, {769, 769}, {227, 227, 227, 255} }},
	{{ {-1198, 732, -1901}, 0, {504, 946}, {225, 225, 225, 255} }},
	{{ {-1316, 811, -1901}, 0, {1008, 192}, {225, 225, 225, 255} }},
	{{ {-1267, 801, -1901}, 0, {946, 504}, {225, 225, 225, 255} }},
	{{ {-1348, 811, -1901}, 0, {1008, -16}, {228, 228, 228, 255} }},
	{{ {-1188, 491, -2061}, 0, {-16, 1008}, {252, 252, 252, 255} }},
	{{ {-1348, 491, -2061}, 0, {1008, 1008}, {247, 247, 247, 255} }},
	{{ {-1348, 651, -2061}, 0, {1008, -16}, {234, 234, 234, 255} }},
	{{ {-1188, 651, -2061}, 0, {-16, -16}, {233, 233, 233, 255} }},
	{{ {-1188, 491, -1901}, 0, {1008, 1008}, {252, 252, 252, 255} }},
	{{ {-1188, 491, -2061}, 0, {1008, -16}, {252, 252, 252, 255} }},
	{{ {-1348, 491, -1901}, 0, {-16, 1008}, {247, 247, 247, 255} }},
	{{ {-1348, 651, -1901}, 0, {1008, 1008}, {234, 234, 234, 255} }},
	{{ {-1348, 491, -2061}, 0, {-16, -16}, {247, 247, 247, 255} }},
	{{ {-1206, 532, -1918}, 0, {1008, 1008}, {0, 0, 0, 255} }},
	{{ {-1331, 532, -1918}, 0, {-16, 1008}, {0, 0, 0, 255} }},
	{{ {-1331, 532, -2043}, 0, {1008, 1008}, {0, 0, 0, 255} }},
	{{ {-1206, 532, -2043}, 0, {1008, -16}, {0, 0, 0, 255} }},
	{{ {-1348, 651, -2061}, 0, {-16, 1008}, {234, 234, 234, 255} }},
	{{ {-1348, 811, -2061}, 0, {1008, 1008}, {228, 228, 228, 255} }},
	{{ {-1267, 801, -2061}, 0, {946, 488}, {225, 225, 225, 255} }},
	{{ {-1316, 811, -2061}, 0, {1008, 800}, {225, 225, 225, 255} }},
	{{ {-1198, 732, -2061}, 0, {504, 46}, {225, 225, 225, 255} }},
	{{ {-1226, 773, -2061}, 0, {769, 223}, {227, 227, 227, 255} }},
	{{ {-1188, 683, -2061}, 0, {192, -16}, {225, 225, 225, 255} }},
	{{ {-1348, 491, -2061}, 0, {995, 997}, {247, 247, 247, 255} }},
	{{ {-1188, 491, -2061}, 0, {-10, 997}, {252, 252, 252, 255} }},
	{{ {-1206, 491, -2043}, 0, {101, 886}, {197, 197, 197, 255} }},
	{{ {-1206, 491, -1918}, 0, {101, 103}, {197, 197, 197, 255} }},
	{{ {-1188, 491, -2061}, 0, {-10, 997}, {252, 252, 252, 255} }},
	{{ {-1188, 491, -1901}, 0, {-10, -8}, {252, 252, 252, 255} }},
	{{ {-1206, 491, -1918}, 0, {101, 103}, {197, 197, 197, 255} }},
	{{ {-1331, 491, -1918}, 0, {884, 103}, {197, 197, 197, 255} }},
	{{ {-1348, 491, -1901}, 0, {995, -8}, {247, 247, 247, 255} }},
	{{ {-1331, 491, -2043}, 0, {884, 886}, {197, 197, 197, 255} }},
	{{ {-1348, 491, -2061}, 0, {995, 997}, {247, 247, 247, 255} }},
	{{ {-1206, 491, -2043}, 0, {101, 886}, {197, 197, 197, 255} }},
	{{ {-1206, 532, -2043}, 0, {101, 886}, {0, 0, 0, 255} }},
	{{ {-1206, 532, -1918}, 0, {101, 103}, {0, 0, 0, 255} }},
	{{ {-1331, 532, -1918}, 0, {884, 103}, {0, 0, 0, 255} }},
	{{ {-1331, 532, -2043}, 0, {884, 886}, {0, 0, 0, 255} }},
};

Gfx rgrindr_rgrindr_mesh_layer_1_tri_1[] = {
	gsSPVertex(rgrindr_rgrindr_mesh_layer_1_vtx_1 + 0, 32, 0),
	gsSP2Triangles(0, 1, 2, 0, 0, 2, 3, 0),
	gsSP2Triangles(4, 5, 6, 0, 4, 6, 7, 0),
	gsSP2Triangles(8, 9, 10, 0, 8, 10, 11, 0),
	gsSP2Triangles(4, 12, 13, 0, 4, 13, 11, 0),
	gsSP2Triangles(14, 5, 10, 0, 14, 10, 15, 0),
	gsSP2Triangles(16, 17, 18, 0, 16, 19, 17, 0),
	gsSP2Triangles(17, 19, 20, 0, 17, 20, 21, 0),
	gsSP2Triangles(21, 20, 22, 0, 21, 22, 23, 0),
	gsSP2Triangles(24, 25, 26, 0, 24, 27, 25, 0),
	gsSP2Triangles(28, 25, 27, 0, 28, 29, 25, 0),
	gsSP2Triangles(30, 29, 28, 0, 30, 31, 29, 0),
	gsSPVertex(rgrindr_rgrindr_mesh_layer_1_vtx_1 + 32, 32, 0),
	gsSP2Triangles(0, 1, 2, 0, 0, 2, 3, 0),
	gsSP2Triangles(2, 4, 3, 0, 3, 5, 0, 0),
	gsSP2Triangles(3, 6, 5, 0, 5, 7, 0, 0),
	gsSP2Triangles(8, 9, 10, 0, 8, 10, 11, 0),
	gsSP2Triangles(1, 12, 13, 0, 1, 13, 11, 0),
	gsSP2Triangles(14, 15, 10, 0, 14, 10, 16, 0),
	gsSP2Triangles(17, 18, 19, 0, 17, 19, 20, 0),
	gsSP2Triangles(11, 21, 22, 0, 11, 22, 23, 0),
	gsSP2Triangles(22, 24, 23, 0, 23, 25, 11, 0),
	gsSP2Triangles(23, 26, 25, 0, 25, 27, 11, 0),
	gsSP2Triangles(28, 29, 30, 0, 29, 31, 30, 0),
	gsSPVertex(rgrindr_rgrindr_mesh_layer_1_vtx_1 + 64, 12, 0),
	gsSP2Triangles(0, 1, 2, 0, 1, 3, 2, 0),
	gsSP2Triangles(1, 4, 3, 0, 4, 5, 3, 0),
	gsSP2Triangles(4, 6, 5, 0, 6, 7, 5, 0),
	gsSP2Triangles(5, 7, 8, 0, 7, 9, 8, 0),
	gsSP2Triangles(7, 2, 9, 0, 2, 10, 9, 0),
	gsSP2Triangles(2, 3, 10, 0, 3, 11, 10, 0),
	gsSP2Triangles(3, 5, 11, 0, 5, 8, 11, 0),
	gsSPEndDisplayList(),
};

Vtx rgrindr_rgrindr_mesh_layer_1_vtx_2[116] = {
	{{ {-1881, 438, -1037}, 0, {540, 1352}, {221, 221, 221, 255} }},
	{{ {-2139, 438, -1037}, 0, {2079, 1352}, {228, 228, 228, 255} }},
	{{ {-2139, 395, -1037}, 0, {2079, 1608}, {158, 158, 158, 255} }},
	{{ {-1881, 395, -1037}, 0, {540, 1608}, {158, 158, 158, 255} }},
	{{ {-2139, 176, -1037}, 0, {2066, 2714}, {215, 215, 215, 255} }},
	{{ {-2139, 438, -1037}, 0, {2066, 1165}, {228, 228, 228, 255} }},
	{{ {-2139, 438, -1409}, 0, {-138, 1165}, {239, 239, 239, 255} }},
	{{ {-2139, 176, -1409}, 0, {-138, 2714}, {212, 212, 212, 255} }},
	{{ {-1881, 395, -951}, 0, {540, 264}, {230, 230, 230, 255} }},
	{{ {-1881, 395, -1037}, 0, {540, 776}, {158, 158, 158, 255} }},
	{{ {-2139, 395, -1037}, 0, {2079, 776}, {158, 158, 158, 255} }},
	{{ {-2139, 395, -951}, 0, {2079, 264}, {230, 230, 230, 255} }},
	{{ {-1881, 438, -1037}, 0, {199, 2459}, {221, 221, 221, 255} }},
	{{ {-1881, 438, -1409}, 0, {199, 4035}, {219, 219, 219, 255} }},
	{{ {-2139, 438, -1409}, 0, {1290, 4035}, {239, 239, 239, 255} }},
	{{ {-2139, 438, -1037}, 0, {1290, 2459}, {228, 228, 228, 255} }},
	{{ {-1881, 395, -951}, 0, {540, 1608}, {230, 230, 230, 255} }},
	{{ {-2139, 395, -951}, 0, {2079, 1608}, {230, 230, 230, 255} }},
	{{ {-2139, 352, -951}, 0, {2079, 1864}, {158, 158, 158, 255} }},
	{{ {-1881, 352, -951}, 0, {540, 1864}, {158, 158, 158, 255} }},
	{{ {-1881, 352, -865}, 0, {540, -248}, {236, 236, 236, 255} }},
	{{ {-1881, 352, -951}, 0, {540, 264}, {158, 158, 158, 255} }},
	{{ {-2139, 352, -951}, 0, {2079, 264}, {158, 158, 158, 255} }},
	{{ {-2139, 352, -865}, 0, {2079, -248}, {236, 236, 236, 255} }},
	{{ {-1881, 352, -865}, 0, {540, 1864}, {236, 236, 236, 255} }},
	{{ {-2139, 352, -865}, 0, {2079, 1864}, {236, 236, 236, 255} }},
	{{ {-2139, 310, -865}, 0, {2079, 2120}, {158, 158, 158, 255} }},
	{{ {-1881, 310, -865}, 0, {540, 2120}, {158, 158, 158, 255} }},
	{{ {-1881, 310, -779}, 0, {540, -760}, {236, 236, 236, 255} }},
	{{ {-1881, 310, -865}, 0, {540, -248}, {158, 158, 158, 255} }},
	{{ {-2139, 310, -865}, 0, {2079, -248}, {158, 158, 158, 255} }},
	{{ {-2139, 310, -779}, 0, {2079, -760}, {236, 236, 236, 255} }},
	{{ {-1881, 310, -779}, 0, {540, 2120}, {236, 236, 236, 255} }},
	{{ {-2139, 310, -779}, 0, {2079, 2120}, {236, 236, 236, 255} }},
	{{ {-2139, 267, -779}, 0, {2079, 2376}, {158, 158, 158, 255} }},
	{{ {-1881, 267, -779}, 0, {540, 2376}, {158, 158, 158, 255} }},
	{{ {-1881, 267, -693}, 0, {540, -1272}, {236, 236, 236, 255} }},
	{{ {-1881, 267, -779}, 0, {540, -760}, {158, 158, 158, 255} }},
	{{ {-2139, 267, -779}, 0, {2079, -760}, {158, 158, 158, 255} }},
	{{ {-2139, 267, -693}, 0, {2079, -1272}, {236, 236, 236, 255} }},
	{{ {-1881, 267, -693}, 0, {540, 2376}, {236, 236, 236, 255} }},
	{{ {-2139, 267, -693}, 0, {2079, 2376}, {236, 236, 236, 255} }},
	{{ {-2139, 224, -693}, 0, {2079, 2632}, {158, 158, 158, 255} }},
	{{ {-1881, 224, -693}, 0, {540, 2632}, {158, 158, 158, 255} }},
	{{ {-1881, 224, -608}, 0, {540, -1784}, {236, 236, 236, 255} }},
	{{ {-1881, 224, -693}, 0, {540, -1272}, {158, 158, 158, 255} }},
	{{ {-2139, 224, -693}, 0, {2079, -1272}, {158, 158, 158, 255} }},
	{{ {-2139, 224, -608}, 0, {2079, -1784}, {236, 236, 236, 255} }},
	{{ {-1881, 224, -608}, 0, {540, 2632}, {236, 236, 236, 255} }},
	{{ {-2139, 224, -608}, 0, {2079, 2632}, {236, 236, 236, 255} }},
	{{ {-2139, 181, -608}, 0, {2079, 2888}, {158, 158, 158, 255} }},
	{{ {-1881, 181, -608}, 0, {540, 2888}, {158, 158, 158, 255} }},
	{{ {-1881, 181, -522}, 0, {540, -2296}, {235, 235, 235, 255} }},
	{{ {-1881, 181, -608}, 0, {540, -1784}, {158, 158, 158, 255} }},
	{{ {-2139, 181, -608}, 0, {2079, -1784}, {158, 158, 158, 255} }},
	{{ {-2139, 181, -522}, 0, {2079, -2296}, {235, 235, 235, 255} }},
	{{ {-1881, 181, -522}, 0, {540, 2888}, {235, 235, 235, 255} }},
	{{ {-2139, 181, -522}, 0, {2079, 2888}, {235, 235, 235, 255} }},
	{{ {-2139, 138, -522}, 0, {2079, 3144}, {160, 160, 160, 255} }},
	{{ {-1881, 138, -522}, 0, {540, 3144}, {158, 158, 158, 255} }},
	{{ {-1881, 138, -436}, 0, {540, -2808}, {235, 235, 235, 255} }},
	{{ {-1881, 138, -522}, 0, {540, -2296}, {158, 158, 158, 255} }},
	{{ {-2139, 138, -522}, 0, {2079, -2296}, {160, 160, 160, 255} }},
	{{ {-2139, 138, -436}, 0, {2079, -2808}, {235, 235, 235, 255} }},
	{{ {-1881, 138, -436}, 0, {540, 3144}, {235, 235, 235, 255} }},
	{{ {-2139, 138, -436}, 0, {2079, 3144}, {235, 235, 235, 255} }},
	{{ {-2139, 95, -436}, 0, {2079, 3400}, {158, 158, 158, 255} }},
	{{ {-1881, 95, -436}, 0, {540, 3400}, {158, 158, 158, 255} }},
	{{ {-1881, 95, -350}, 0, {540, -3320}, {245, 245, 245, 255} }},
	{{ {-1881, 95, -436}, 0, {540, -2808}, {158, 158, 158, 255} }},
	{{ {-2139, 95, -436}, 0, {2079, -2808}, {158, 158, 158, 255} }},
	{{ {-2139, 95, -350}, 0, {2079, -3320}, {245, 245, 245, 255} }},
	{{ {-1881, 95, -350}, 0, {540, 3400}, {245, 245, 245, 255} }},
	{{ {-2139, 95, -350}, 0, {2079, 3400}, {245, 245, 245, 255} }},
	{{ {-2139, 66, -350}, 0, {2079, 3575}, {236, 236, 236, 255} }},
	{{ {-1881, 66, -350}, 0, {540, 3575}, {219, 219, 219, 255} }},
	{{ {-2139, 395, -951}, 0, {1052, 1608}, {230, 230, 230, 255} }},
	{{ {-2139, 395, -1037}, 0, {540, 1608}, {216, 216, 216, 255} }},
	{{ {-2139, 66, -1037}, 0, {540, 3575}, {206, 206, 206, 255} }},
	{{ {-2139, 352, -951}, 0, {1052, 1864}, {225, 225, 225, 255} }},
	{{ {-2139, 352, -865}, 0, {1564, 1864}, {236, 236, 236, 255} }},
	{{ {-2139, 310, -865}, 0, {1564, 2120}, {226, 226, 226, 255} }},
	{{ {-2139, 310, -779}, 0, {2076, 2120}, {236, 236, 236, 255} }},
	{{ {-2139, 267, -779}, 0, {2076, 2376}, {226, 226, 226, 255} }},
	{{ {-2139, 267, -693}, 0, {2588, 2376}, {236, 236, 236, 255} }},
	{{ {-2139, 224, -693}, 0, {2588, 2632}, {226, 226, 226, 255} }},
	{{ {-2139, 224, -608}, 0, {3100, 2632}, {236, 236, 236, 255} }},
	{{ {-2139, 181, -608}, 0, {3100, 2888}, {225, 225, 225, 255} }},
	{{ {-2139, 181, -522}, 0, {3612, 2888}, {235, 235, 235, 255} }},
	{{ {-2139, 138, -522}, 0, {3612, 3144}, {225, 225, 225, 255} }},
	{{ {-2139, 138, -436}, 0, {4124, 3144}, {235, 235, 235, 255} }},
	{{ {-2139, 95, -436}, 0, {4124, 3400}, {224, 224, 224, 255} }},
	{{ {-2139, 66, -350}, 0, {4636, 3575}, {236, 236, 236, 255} }},
	{{ {-2139, 95, -350}, 0, {4636, 3400}, {245, 245, 245, 255} }},
	{{ {-1881, 395, -951}, 0, {1052, 1608}, {230, 230, 230, 255} }},
	{{ {-1881, 66, -1037}, 0, {540, 3575}, {199, 199, 199, 255} }},
	{{ {-1881, 395, -1037}, 0, {540, 1608}, {195, 195, 195, 255} }},
	{{ {-1881, 352, -951}, 0, {1052, 1864}, {211, 211, 211, 255} }},
	{{ {-1881, 352, -865}, 0, {1564, 1864}, {236, 236, 236, 255} }},
	{{ {-1881, 310, -865}, 0, {1564, 2120}, {211, 211, 211, 255} }},
	{{ {-1881, 310, -779}, 0, {2076, 2120}, {236, 236, 236, 255} }},
	{{ {-1881, 267, -779}, 0, {2076, 2376}, {212, 212, 212, 255} }},
	{{ {-1881, 267, -693}, 0, {2588, 2376}, {236, 236, 236, 255} }},
	{{ {-1881, 224, -693}, 0, {2588, 2632}, {211, 211, 211, 255} }},
	{{ {-1881, 224, -608}, 0, {3100, 2632}, {236, 236, 236, 255} }},
	{{ {-1881, 181, -608}, 0, {3100, 2888}, {211, 211, 211, 255} }},
	{{ {-1881, 181, -522}, 0, {3612, 2888}, {235, 235, 235, 255} }},
	{{ {-1881, 138, -522}, 0, {3612, 3144}, {210, 210, 210, 255} }},
	{{ {-1881, 138, -436}, 0, {4124, 3144}, {235, 235, 235, 255} }},
	{{ {-1881, 95, -436}, 0, {4124, 3400}, {210, 210, 210, 255} }},
	{{ {-1881, 66, -350}, 0, {4636, 3575}, {219, 219, 219, 255} }},
	{{ {-1881, 95, -350}, 0, {4636, 3400}, {245, 245, 245, 255} }},
	{{ {-1881, 438, -1409}, 0, {1347, 1165}, {219, 219, 219, 255} }},
	{{ {-1881, 176, -1409}, 0, {1347, 2714}, {191, 191, 191, 255} }},
	{{ {-2139, 176, -1409}, 0, {2873, 2714}, {212, 212, 212, 255} }},
	{{ {-2139, 438, -1409}, 0, {2873, 1165}, {239, 239, 239, 255} }},
};

Gfx rgrindr_rgrindr_mesh_layer_1_tri_2[] = {
	gsSPVertex(rgrindr_rgrindr_mesh_layer_1_vtx_2 + 0, 32, 0),
	gsSP2Triangles(0, 1, 2, 0, 0, 2, 3, 0),
	gsSP2Triangles(4, 5, 6, 0, 4, 6, 7, 0),
	gsSP2Triangles(8, 9, 10, 0, 8, 10, 11, 0),
	gsSP2Triangles(12, 13, 14, 0, 12, 14, 15, 0),
	gsSP2Triangles(16, 17, 18, 0, 16, 18, 19, 0),
	gsSP2Triangles(20, 21, 22, 0, 20, 22, 23, 0),
	gsSP2Triangles(24, 25, 26, 0, 24, 26, 27, 0),
	gsSP2Triangles(28, 29, 30, 0, 28, 30, 31, 0),
	gsSPVertex(rgrindr_rgrindr_mesh_layer_1_vtx_2 + 32, 32, 0),
	gsSP2Triangles(0, 1, 2, 0, 0, 2, 3, 0),
	gsSP2Triangles(4, 5, 6, 0, 4, 6, 7, 0),
	gsSP2Triangles(8, 9, 10, 0, 8, 10, 11, 0),
	gsSP2Triangles(12, 13, 14, 0, 12, 14, 15, 0),
	gsSP2Triangles(16, 17, 18, 0, 16, 18, 19, 0),
	gsSP2Triangles(20, 21, 22, 0, 20, 22, 23, 0),
	gsSP2Triangles(24, 25, 26, 0, 24, 26, 27, 0),
	gsSP2Triangles(28, 29, 30, 0, 28, 30, 31, 0),
	gsSPVertex(rgrindr_rgrindr_mesh_layer_1_vtx_2 + 64, 30, 0),
	gsSP2Triangles(0, 1, 2, 0, 0, 2, 3, 0),
	gsSP2Triangles(4, 5, 6, 0, 4, 6, 7, 0),
	gsSP2Triangles(8, 9, 10, 0, 8, 10, 11, 0),
	gsSP2Triangles(12, 13, 14, 0, 12, 14, 15, 0),
	gsSP2Triangles(16, 15, 14, 0, 16, 14, 17, 0),
	gsSP2Triangles(18, 17, 14, 0, 18, 14, 19, 0),
	gsSP2Triangles(20, 19, 14, 0, 20, 14, 21, 0),
	gsSP2Triangles(22, 21, 14, 0, 22, 14, 23, 0),
	gsSP2Triangles(24, 23, 14, 0, 24, 14, 25, 0),
	gsSP2Triangles(26, 25, 14, 0, 26, 14, 27, 0),
	gsSP2Triangles(28, 27, 14, 0, 28, 29, 27, 0),
	gsSPVertex(rgrindr_rgrindr_mesh_layer_1_vtx_2 + 94, 22, 0),
	gsSP2Triangles(0, 1, 2, 0, 0, 3, 1, 0),
	gsSP2Triangles(4, 1, 3, 0, 4, 5, 1, 0),
	gsSP2Triangles(6, 1, 5, 0, 6, 7, 1, 0),
	gsSP2Triangles(8, 1, 7, 0, 8, 9, 1, 0),
	gsSP2Triangles(10, 1, 9, 0, 10, 11, 1, 0),
	gsSP2Triangles(12, 1, 11, 0, 12, 13, 1, 0),
	gsSP2Triangles(14, 1, 13, 0, 14, 15, 1, 0),
	gsSP2Triangles(16, 1, 15, 0, 16, 15, 17, 0),
	gsSP2Triangles(18, 19, 20, 0, 18, 20, 21, 0),
	gsSPEndDisplayList(),
};

Vtx rgrindr_rgrindr_mesh_layer_1_vtx_3[101] = {
	{{ {-1508, 176, -1409}, 0, {1596, 446}, {217, 217, 217, 255} }},
	{{ {-1508, 438, -1037}, 0, {3061, -583}, {234, 234, 234, 255} }},
	{{ {-1508, 176, -1037}, 0, {3061, 446}, {224, 224, 224, 255} }},
	{{ {-1508, 438, -1409}, 0, {1596, -583}, {224, 224, 224, 255} }},
	{{ {-1508, 176, -2081}, 0, {-1045, 446}, {229, 229, 229, 255} }},
	{{ {-1508, 438, -2081}, 0, {-1045, -583}, {235, 235, 235, 255} }},
	{{ {-1508, 864, -2081}, 0, {-1045, -2257}, {255, 255, 255, 255} }},
	{{ {-1508, 562, -1583}, 0, {911, -1069}, {234, 234, 234, 255} }},
	{{ {-1508, 637, -1653}, 0, {639, -1364}, {240, 240, 240, 255} }},
	{{ {-1508, 707, -1663}, 0, {597, -1638}, {244, 244, 244, 255} }},
	{{ {-1508, 762, -1622}, 0, {759, -1858}, {247, 247, 247, 255} }},
	{{ {-1508, 830, -1503}, 0, {1227, -2125}, {250, 250, 250, 255} }},
	{{ {-1508, 864, -1409}, 0, {1596, -2257}, {251, 251, 251, 255} }},
	{{ {-1508, 776, -1470}, 0, {1356, -1910}, {246, 246, 246, 255} }},
	{{ {-1508, 730, -1438}, 0, {1484, -1731}, {243, 243, 243, 255} }},
	{{ {-1508, 660, -1446}, 0, {1449, -1453}, {239, 239, 239, 255} }},
	{{ {-1508, 611, -1489}, 0, {1282, -1264}, {236, 236, 236, 255} }},
	{{ {-1508, 609, -1525}, 0, {1139, -1255}, {237, 237, 237, 255} }},
	{{ {-1508, 668, -1570}, 0, {965, -1486}, {241, 241, 241, 255} }},
	{{ {-1508, 660, -1623}, 0, {753, -1455}, {241, 241, 241, 255} }},
	{{ {-1508, 623, -1576}, 0, {940, -1308}, {238, 238, 238, 255} }},
	{{ {-1508, 710, -1645}, 0, {670, -1653}, {244, 244, 244, 255} }},
	{{ {-1508, 594, -1580}, 0, {923, -1195}, {236, 236, 236, 255} }},
	{{ {-1508, 785, -1503}, 0, {1227, -1948}, {247, 247, 247, 255} }},
	{{ {-1508, 176, -1037}, 0, {276, 446}, {224, 224, 224, 255} }},
	{{ {-1508, 438, -1037}, 0, {276, -583}, {234, 234, 234, 255} }},
	{{ {-1881, 438, -1037}, 0, {1740, -583}, {221, 221, 221, 255} }},
	{{ {-1881, 176, -1037}, 0, {1740, 446}, {189, 189, 189, 255} }},
	{{ {-1881, 438, -1409}, 0, {1740, -583}, {219, 219, 219, 255} }},
	{{ {-1508, 438, -1409}, 0, {276, -583}, {224, 224, 224, 255} }},
	{{ {-1508, 864, -1409}, 0, {276, -2257}, {251, 251, 251, 255} }},
	{{ {-1881, 864, -1409}, 0, {1740, -2257}, {246, 246, 246, 255} }},
	{{ {-1826, 438, -1354}, 0, {1814, -583}, {180, 180, 180, 255} }},
	{{ {-1826, 438, -1092}, 0, {2842, -583}, {193, 193, 193, 255} }},
	{{ {-1826, 295, -1092}, 0, {2842, -18}, {0, 0, 0, 255} }},
	{{ {-1826, 295, -1354}, 0, {1814, -18}, {0, 0, 0, 255} }},
	{{ {-1881, 176, -1409}, 0, {1596, 446}, {191, 191, 191, 255} }},
	{{ {-1881, 438, -2081}, 0, {-1045, -583}, {231, 231, 231, 255} }},
	{{ {-1881, 176, -2081}, 0, {-1045, 446}, {219, 219, 219, 255} }},
	{{ {-1881, 438, -1409}, 0, {1596, -583}, {219, 219, 219, 255} }},
	{{ {-1881, 864, -1409}, 0, {1596, -2257}, {246, 246, 246, 255} }},
	{{ {-1881, 864, -2081}, 0, {-1045, -2257}, {255, 255, 255, 255} }},
	{{ {-1881, 176, -2081}, 0, {1740, 446}, {219, 219, 219, 255} }},
	{{ {-1508, 438, -2081}, 0, {276, -583}, {235, 235, 235, 255} }},
	{{ {-1508, 176, -2081}, 0, {276, 446}, {229, 229, 229, 255} }},
	{{ {-1881, 438, -2081}, 0, {1740, -583}, {231, 231, 231, 255} }},
	{{ {-1881, 864, -2081}, 0, {1740, -2257}, {255, 255, 255, 255} }},
	{{ {-1508, 864, -2081}, 0, {276, -2257}, {255, 255, 255, 255} }},
	{{ {-1564, 438, -1092}, 0, {2842, -583}, {201, 201, 201, 255} }},
	{{ {-1564, 438, -1354}, 0, {1814, -583}, {185, 185, 185, 255} }},
	{{ {-1564, 295, -1354}, 0, {1814, -18}, {0, 0, 0, 255} }},
	{{ {-1564, 295, -1092}, 0, {2842, -18}, {0, 0, 0, 255} }},
	{{ {-1564, 438, -1354}, 0, {494, -583}, {185, 185, 185, 255} }},
	{{ {-1826, 438, -1354}, 0, {1522, -583}, {180, 180, 180, 255} }},
	{{ {-1826, 295, -1354}, 0, {1522, -18}, {0, 0, 0, 255} }},
	{{ {-1564, 295, -1354}, 0, {494, -18}, {0, 0, 0, 255} }},
	{{ {-1826, 438, -1092}, 0, {1522, -583}, {193, 193, 193, 255} }},
	{{ {-1564, 438, -1092}, 0, {494, -583}, {201, 201, 201, 255} }},
	{{ {-1564, 295, -1092}, 0, {494, -18}, {0, 0, 0, 255} }},
	{{ {-1826, 295, -1092}, 0, {1522, -18}, {0, 0, 0, 255} }},
	{{ {-1564, 295, -1354}, 0, {494, -1929}, {0, 0, 0, 255} }},
	{{ {-1826, 295, -1354}, 0, {1522, -1929}, {0, 0, 0, 255} }},
	{{ {-1826, 295, -1092}, 0, {1522, -2957}, {0, 0, 0, 255} }},
	{{ {-1564, 295, -1092}, 0, {494, -2957}, {0, 0, 0, 255} }},
	{{ {-1508, 830, -1503}, 0, {1227, -2125}, {250, 250, 250, 255} }},
	{{ {-1508, 752, -1576}, 0, {941, -1817}, {246, 246, 246, 255} }},
	{{ {-1508, 762, -1622}, 0, {759, -1858}, {247, 247, 247, 255} }},
	{{ {-1508, 712, -1514}, 0, {1182, -1660}, {243, 243, 243, 255} }},
	{{ {-1508, 611, -1489}, 0, {1282, -1264}, {236, 236, 236, 255} }},
	{{ {-1508, 737, -1482}, 0, {1311, -1759}, {244, 244, 244, 255} }},
	{{ {-1508, 751, -1511}, 0, {1195, -1815}, {245, 245, 245, 255} }},
	{{ {-1508, 669, -1472}, 0, {1348, -1490}, {240, 240, 240, 255} }},
	{{ {-1508, 752, -1576}, 0, {941, -1817}, {98, 255, 48, 255} }},
	{{ {-1508, 830, -1503}, 0, {1227, -2125}, {98, 255, 48, 255} }},
	{{ {-1508, 785, -1503}, 0, {1227, -1948}, {98, 255, 48, 255} }},
	{{ {-1508, 751, -1511}, 0, {1195, -1815}, {98, 255, 48, 255} }},
	{{ {-1508, 730, -1438}, 0, {1484, -1731}, {98, 255, 48, 255} }},
	{{ {-1508, 776, -1470}, 0, {1356, -1910}, {98, 255, 48, 255} }},
	{{ {-1508, 737, -1482}, 0, {1311, -1759}, {98, 255, 48, 255} }},
	{{ {-1508, 669, -1472}, 0, {1348, -1490}, {98, 255, 48, 255} }},
	{{ {-1508, 611, -1489}, 0, {1282, -1264}, {98, 255, 48, 255} }},
	{{ {-1508, 660, -1446}, 0, {1449, -1453}, {98, 255, 48, 255} }},
	{{ {-1508, 712, -1514}, 0, {1182, -1660}, {98, 255, 48, 255} }},
	{{ {-1508, 668, -1570}, 0, {965, -1486}, {98, 255, 48, 255} }},
	{{ {-1508, 609, -1525}, 0, {1139, -1255}, {98, 255, 48, 255} }},
	{{ {-1508, 562, -1583}, 0, {911, -1069}, {98, 255, 48, 255} }},
	{{ {-1508, 623, -1576}, 0, {940, -1308}, {98, 255, 48, 255} }},
	{{ {-1508, 594, -1580}, 0, {923, -1195}, {98, 255, 48, 255} }},
	{{ {-1508, 660, -1623}, 0, {753, -1455}, {98, 255, 48, 255} }},
	{{ {-1508, 707, -1663}, 0, {597, -1638}, {98, 255, 48, 255} }},
	{{ {-1508, 637, -1653}, 0, {639, -1364}, {98, 255, 48, 255} }},
	{{ {-1508, 710, -1645}, 0, {670, -1653}, {98, 255, 48, 255} }},
	{{ {-1508, 762, -1622}, 0, {759, -1858}, {98, 255, 48, 255} }},
	{{ {-1881, 975, -1409}, 0, {1740, -1711}, {246, 246, 246, 255} }},
	{{ {-1508, 975, -1409}, 0, {276, -1711}, {251, 251, 251, 255} }},
	{{ {-1508, 975, -1745}, 0, {276, -391}, {253, 253, 253, 255} }},
	{{ {-1881, 975, -1409}, 0, {1740, -1711}, {246, 246, 246, 255} }},
	{{ {-1508, 975, -1745}, 0, {276, -391}, {253, 253, 253, 255} }},
	{{ {-1881, 975, -1745}, 0, {1740, -391}, {251, 251, 251, 255} }},
	{{ {-1508, 975, -2081}, 0, {276, 930}, {255, 255, 255, 255} }},
	{{ {-1881, 975, -2081}, 0, {1740, 930}, {255, 255, 255, 255} }},
};

Gfx rgrindr_rgrindr_mesh_layer_1_tri_3[] = {
	gsSPVertex(rgrindr_rgrindr_mesh_layer_1_vtx_3 + 0, 32, 0),
	gsSP2Triangles(0, 1, 2, 0, 0, 3, 1, 0),
	gsSP2Triangles(3, 0, 4, 0, 3, 4, 5, 0),
	gsSP2Triangles(3, 5, 6, 0, 3, 6, 7, 0),
	gsSP2Triangles(6, 8, 7, 0, 6, 9, 8, 0),
	gsSP2Triangles(10, 9, 6, 0, 11, 10, 6, 0),
	gsSP2Triangles(12, 11, 6, 0, 12, 13, 11, 0),
	gsSP2Triangles(12, 14, 13, 0, 15, 14, 12, 0),
	gsSP2Triangles(15, 12, 3, 0, 16, 15, 3, 0),
	gsSP2Triangles(16, 3, 17, 0, 7, 17, 3, 0),
	gsSP2Triangles(16, 17, 18, 0, 18, 10, 16, 0),
	gsSP2Triangles(18, 19, 10, 0, 18, 20, 19, 0),
	gsSP2Triangles(19, 21, 10, 0, 8, 22, 7, 0),
	gsSP2Triangles(13, 23, 11, 0, 24, 25, 26, 0),
	gsSP2Triangles(24, 26, 27, 0, 28, 29, 30, 0),
	gsSP1Triangle(28, 30, 31, 0),
	gsSPVertex(rgrindr_rgrindr_mesh_layer_1_vtx_3 + 32, 32, 0),
	gsSP2Triangles(0, 1, 2, 0, 0, 2, 3, 0),
	gsSP2Triangles(4, 5, 6, 0, 4, 7, 5, 0),
	gsSP2Triangles(5, 7, 8, 0, 5, 8, 9, 0),
	gsSP2Triangles(10, 11, 12, 0, 10, 13, 11, 0),
	gsSP2Triangles(11, 13, 14, 0, 11, 14, 15, 0),
	gsSP2Triangles(16, 17, 18, 0, 16, 18, 19, 0),
	gsSP2Triangles(20, 21, 22, 0, 20, 22, 23, 0),
	gsSP2Triangles(24, 25, 26, 0, 24, 26, 27, 0),
	gsSP2Triangles(28, 29, 30, 0, 28, 30, 31, 0),
	gsSPVertex(rgrindr_rgrindr_mesh_layer_1_vtx_3 + 64, 32, 0),
	gsSP2Triangles(0, 1, 2, 0, 2, 1, 3, 0),
	gsSP2Triangles(2, 3, 4, 0, 3, 5, 4, 0),
	gsSP2Triangles(3, 6, 5, 0, 5, 7, 4, 0),
	gsSP2Triangles(8, 9, 10, 0, 11, 8, 10, 0),
	gsSP2Triangles(10, 12, 11, 0, 10, 13, 12, 0),
	gsSP2Triangles(12, 14, 11, 0, 12, 15, 14, 0),
	gsSP2Triangles(12, 16, 15, 0, 12, 17, 16, 0),
	gsSP2Triangles(11, 18, 8, 0, 19, 20, 21, 0),
	gsSP2Triangles(22, 19, 21, 0, 22, 21, 23, 0),
	gsSP2Triangles(24, 22, 23, 0, 23, 25, 24, 0),
	gsSP2Triangles(23, 26, 25, 0, 25, 27, 24, 0),
	gsSP2Triangles(25, 28, 27, 0, 29, 30, 31, 0),
	gsSPVertex(rgrindr_rgrindr_mesh_layer_1_vtx_3 + 96, 5, 0),
	gsSP2Triangles(0, 1, 2, 0, 2, 1, 3, 0),
	gsSP1Triangle(2, 3, 4, 0),
	gsSPEndDisplayList(),
};

Vtx rgrindr_rgrindr_mesh_layer_1_vtx_4[80] = {
	{{ {-1881, 864, -1409}, 0, {2748, 1013}, {246, 246, 246, 255} }},
	{{ {-1508, 864, -1409}, 0, {-732, 1013}, {251, 251, 251, 255} }},
	{{ {-1508, 975, -1409}, 0, {-732, -21}, {251, 251, 251, 255} }},
	{{ {-1881, 975, -1409}, 0, {2748, -21}, {246, 246, 246, 255} }},
	{{ {-2139, 66, -1037}, 0, {14510, 1015}, {206, 206, 206, 255} }},
	{{ {-2139, 176, -1037}, 0, {14510, -23}, {215, 215, 215, 255} }},
	{{ {-2139, 176, -1409}, 0, {11017, -23}, {212, 212, 212, 255} }},
	{{ {-2139, 66, -1409}, 0, {11017, 1015}, {211, 211, 211, 255} }},
	{{ {-1881, 176, -1409}, 0, {8600, -23}, {191, 191, 191, 255} }},
	{{ {-1881, 66, -1409}, 0, {8600, 1015}, {211, 211, 211, 255} }},
	{{ {-1881, 176, -2081}, 0, {2305, -23}, {219, 219, 219, 255} }},
	{{ {-1881, 66, -2081}, 0, {2305, 1015}, {236, 236, 236, 255} }},
	{{ {-1508, 176, -2081}, 0, {-1188, -23}, {229, 229, 229, 255} }},
	{{ {-1508, 66, -2081}, 0, {-1188, 1015}, {247, 247, 247, 255} }},
	{{ {-1508, 176, -1409}, 0, {-7483, -23}, {217, 217, 217, 255} }},
	{{ {-1508, 66, -1409}, 0, {-7483, 1015}, {222, 222, 222, 255} }},
	{{ {-1508, 176, -1037}, 0, {-10976, -23}, {224, 224, 224, 255} }},
	{{ {-1508, 66, -1037}, 0, {-10976, 1015}, {205, 205, 205, 255} }},
	{{ {-1881, 176, -1037}, 0, {-14468, -23}, {189, 189, 189, 255} }},
	{{ {-1881, 66, -1037}, 0, {-14468, 1015}, {199, 199, 199, 255} }},
	{{ {-1564, 438, -1354}, 0, {-1040, 1008}, {185, 185, 185, 255} }},
	{{ {-1564, 438, -1092}, 0, {3056, 1008}, {201, 201, 201, 255} }},
	{{ {-1508, 438, -1037}, 0, {3056, -16}, {234, 234, 234, 255} }},
	{{ {-1508, 438, -1409}, 0, {-1040, -16}, {224, 224, 224, 255} }},
	{{ {-1564, 438, -1092}, 0, {-1040, 1008}, {201, 201, 201, 255} }},
	{{ {-1826, 438, -1092}, 0, {3056, 1008}, {193, 193, 193, 255} }},
	{{ {-1881, 438, -1037}, 0, {3056, -16}, {221, 221, 221, 255} }},
	{{ {-1508, 438, -1037}, 0, {-1040, -16}, {234, 234, 234, 255} }},
	{{ {-1826, 438, -1092}, 0, {-1040, 1008}, {193, 193, 193, 255} }},
	{{ {-1826, 438, -1354}, 0, {3056, 1008}, {180, 180, 180, 255} }},
	{{ {-1881, 438, -1409}, 0, {3056, -16}, {219, 219, 219, 255} }},
	{{ {-1881, 438, -1037}, 0, {-1040, -16}, {221, 221, 221, 255} }},
	{{ {-1826, 438, -1354}, 0, {-1040, 1008}, {180, 180, 180, 255} }},
	{{ {-1564, 438, -1354}, 0, {3056, 1008}, {185, 185, 185, 255} }},
	{{ {-1508, 438, -1409}, 0, {3056, -16}, {224, 224, 224, 255} }},
	{{ {-1881, 438, -1409}, 0, {-1040, -16}, {219, 219, 219, 255} }},
	{{ {-1508, 975, -1409}, 0, {4144, -21}, {251, 251, 251, 255} }},
	{{ {-1508, 864, -1409}, 0, {4144, 1013}, {251, 251, 251, 255} }},
	{{ {-1508, 864, -2081}, 0, {-2128, 1013}, {255, 255, 255, 255} }},
	{{ {-1508, 975, -1745}, 0, {1008, -21}, {253, 253, 253, 255} }},
	{{ {-1508, 975, -2081}, 0, {-2128, -21}, {255, 255, 255, 255} }},
	{{ {-1881, 975, -2081}, 0, {-2128, -21}, {255, 255, 255, 255} }},
	{{ {-1881, 864, -2081}, 0, {-2128, 1013}, {255, 255, 255, 255} }},
	{{ {-1881, 864, -1409}, 0, {4144, 1013}, {246, 246, 246, 255} }},
	{{ {-1881, 975, -1745}, 0, {1008, -21}, {251, 251, 251, 255} }},
	{{ {-1881, 975, -1409}, 0, {4144, -21}, {246, 246, 246, 255} }},
	{{ {-1508, 864, -2081}, 0, {-732, 1013}, {255, 255, 255, 255} }},
	{{ {-1881, 864, -2081}, 0, {2748, 1013}, {255, 255, 255, 255} }},
	{{ {-1881, 975, -2081}, 0, {2748, -21}, {255, 255, 255, 255} }},
	{{ {-1508, 975, -2081}, 0, {-732, -21}, {255, 255, 255, 255} }},
	{{ {-1508, 829, -1882}, 0, {-4112, 1008}, {233, 233, 233, 255} }},
	{{ {-1508, 633, -1882}, 0, {6128, 1008}, {252, 252, 252, 255} }},
	{{ {-1499, 633, -1882}, 0, {6128, -16}, {252, 252, 252, 255} }},
	{{ {-1499, 829, -1882}, 0, {-4112, -16}, {233, 233, 233, 255} }},
	{{ {-1508, 829, -2079}, 0, {-4112, 1008}, {233, 233, 233, 255} }},
	{{ {-1508, 829, -1882}, 0, {6128, 1008}, {233, 233, 233, 255} }},
	{{ {-1499, 829, -1882}, 0, {6128, -16}, {233, 233, 233, 255} }},
	{{ {-1499, 829, -2079}, 0, {-4112, -16}, {233, 233, 233, 255} }},
	{{ {-1508, 633, -2079}, 0, {-4112, 1008}, {252, 252, 252, 255} }},
	{{ {-1508, 829, -2079}, 0, {6128, 1008}, {233, 233, 233, 255} }},
	{{ {-1499, 829, -2079}, 0, {6128, -16}, {233, 233, 233, 255} }},
	{{ {-1499, 633, -2079}, 0, {-4112, -16}, {252, 252, 252, 255} }},
	{{ {-1508, 633, -1882}, 0, {-4112, 1008}, {252, 252, 252, 255} }},
	{{ {-1508, 633, -2079}, 0, {6128, 1008}, {252, 252, 252, 255} }},
	{{ {-1499, 633, -2079}, 0, {6128, -16}, {252, 252, 252, 255} }},
	{{ {-1499, 633, -1882}, 0, {-4112, -16}, {252, 252, 252, 255} }},
	{{ {-1499, 811, -1900}, 0, {-4112, 1008}, {235, 235, 235, 255} }},
	{{ {-1499, 811, -2061}, 0, {6128, 1008}, {235, 235, 235, 255} }},
	{{ {-1499, 829, -2079}, 0, {6128, -16}, {233, 233, 233, 255} }},
	{{ {-1499, 829, -1882}, 0, {-4112, -16}, {233, 233, 233, 255} }},
	{{ {-1499, 650, -2061}, 0, {-4112, 1008}, {250, 250, 250, 255} }},
	{{ {-1499, 650, -1900}, 0, {6128, 1008}, {250, 250, 250, 255} }},
	{{ {-1499, 633, -1882}, 0, {6128, -16}, {252, 252, 252, 255} }},
	{{ {-1499, 633, -2079}, 0, {-4112, -16}, {252, 252, 252, 255} }},
	{{ {-1499, 650, -1900}, 0, {-4112, 1008}, {250, 250, 250, 255} }},
	{{ {-1499, 811, -1900}, 0, {6128, 1008}, {235, 235, 235, 255} }},
	{{ {-1499, 829, -1882}, 0, {6128, -16}, {233, 233, 233, 255} }},
	{{ {-1499, 811, -2061}, 0, {-4112, 1008}, {235, 235, 235, 255} }},
	{{ {-1499, 650, -2061}, 0, {6128, 1008}, {250, 250, 250, 255} }},
	{{ {-1499, 829, -2079}, 0, {-4112, -16}, {233, 233, 233, 255} }},
};

Gfx rgrindr_rgrindr_mesh_layer_1_tri_4[] = {
	gsSPVertex(rgrindr_rgrindr_mesh_layer_1_vtx_4 + 0, 32, 0),
	gsSP2Triangles(0, 1, 2, 0, 0, 2, 3, 0),
	gsSP2Triangles(4, 5, 6, 0, 4, 6, 7, 0),
	gsSP2Triangles(8, 7, 6, 0, 8, 9, 7, 0),
	gsSP2Triangles(9, 8, 10, 0, 9, 10, 11, 0),
	gsSP2Triangles(11, 10, 12, 0, 11, 12, 13, 0),
	gsSP2Triangles(14, 13, 12, 0, 14, 15, 13, 0),
	gsSP2Triangles(15, 14, 16, 0, 15, 16, 17, 0),
	gsSP2Triangles(17, 16, 18, 0, 17, 18, 19, 0),
	gsSP2Triangles(20, 21, 22, 0, 20, 22, 23, 0),
	gsSP2Triangles(24, 25, 26, 0, 24, 26, 27, 0),
	gsSP2Triangles(28, 29, 30, 0, 28, 30, 31, 0),
	gsSPVertex(rgrindr_rgrindr_mesh_layer_1_vtx_4 + 32, 30, 0),
	gsSP2Triangles(0, 1, 2, 0, 0, 2, 3, 0),
	gsSP2Triangles(4, 5, 6, 0, 6, 7, 4, 0),
	gsSP2Triangles(6, 8, 7, 0, 9, 10, 11, 0),
	gsSP2Triangles(11, 12, 9, 0, 11, 13, 12, 0),
	gsSP2Triangles(14, 15, 16, 0, 14, 16, 17, 0),
	gsSP2Triangles(18, 19, 20, 0, 18, 20, 21, 0),
	gsSP2Triangles(22, 23, 24, 0, 22, 24, 25, 0),
	gsSP2Triangles(26, 27, 28, 0, 26, 28, 29, 0),
	gsSPVertex(rgrindr_rgrindr_mesh_layer_1_vtx_4 + 62, 18, 0),
	gsSP2Triangles(0, 1, 2, 0, 0, 2, 3, 0),
	gsSP2Triangles(4, 5, 6, 0, 4, 6, 7, 0),
	gsSP2Triangles(8, 9, 10, 0, 8, 10, 11, 0),
	gsSP2Triangles(12, 13, 14, 0, 12, 14, 3, 0),
	gsSP2Triangles(15, 16, 2, 0, 15, 2, 17, 0),
	gsSPEndDisplayList(),
};

Vtx rgrindr_rgrindr_mesh_layer_1_vtx_5[20] = {
	{{ {-2829, 0, 665}, 0, {-10598, 10671}, {255, 255, 255, 255} }},
	{{ {-989, 0, 330}, 0, {642, 8625}, {149, 149, 149, 255} }},
	{{ {-2658, 0, 330}, 0, {-9553, 8625}, {149, 149, 149, 255} }},
	{{ {-662, 0, 665}, 0, {2644, 10671}, {255, 255, 255, 255} }},
	{{ {-2915, 0, 833}, 0, {-11121, 11694}, {255, 255, 255, 255} }},
	{{ {-2915, 0, -2833}, 0, {-11121, -10702}, {255, 255, 255, 255} }},
	{{ {-2829, 0, -2665}, 0, {-10598, -9679}, {255, 255, 255, 255} }},
	{{ {-2658, 0, -2330}, 0, {-9553, -7633}, {149, 149, 149, 255} }},
	{{ {-662, 0, -2665}, 0, {2644, -9679}, {255, 255, 255, 255} }},
	{{ {-989, 0, -2330}, 0, {642, -7633}, {149, 149, 149, 255} }},
	{{ {698, 0, -2833}, 0, {10951, -10702}, {255, 255, 255, 255} }},
	{{ {-3000, 0, -3000}, 0, {-11643, -11725}, {117, 117, 117, 255} }},
	{{ {973, 0, -3000}, 0, {12635, -11725}, {117, 117, 117, 255} }},
	{{ {973, 0, -200}, 0, {12635, 5384}, {255, 255, 255, 255} }},
	{{ {698, 0, -200}, 0, {10951, 5384}, {255, 255, 255, 255} }},
	{{ {698, 0, 200}, 0, {10951, 7828}, {255, 255, 255, 255} }},
	{{ {698, 0, 833}, 0, {10951, 11694}, {255, 255, 255, 255} }},
	{{ {973, 0, 1000}, 0, {12635, 12717}, {117, 117, 117, 255} }},
	{{ {-3000, 0, 1000}, 0, {-11643, 12717}, {117, 117, 117, 255} }},
	{{ {973, 0, 200}, 0, {12635, 7828}, {255, 255, 255, 255} }},
};

Gfx rgrindr_rgrindr_mesh_layer_1_tri_5[] = {
	gsSPVertex(rgrindr_rgrindr_mesh_layer_1_vtx_5 + 0, 20, 0),
	gsSP2Triangles(0, 1, 2, 0, 0, 3, 1, 0),
	gsSP2Triangles(4, 3, 0, 0, 5, 4, 0, 0),
	gsSP2Triangles(5, 0, 6, 0, 6, 0, 2, 0),
	gsSP2Triangles(6, 2, 7, 0, 8, 6, 7, 0),
	gsSP2Triangles(8, 7, 9, 0, 9, 3, 8, 0),
	gsSP2Triangles(9, 1, 3, 0, 10, 8, 3, 0),
	gsSP2Triangles(10, 6, 8, 0, 10, 5, 6, 0),
	gsSP2Triangles(11, 5, 10, 0, 11, 10, 12, 0),
	gsSP2Triangles(10, 13, 12, 0, 10, 14, 13, 0),
	gsSP2Triangles(14, 10, 3, 0, 3, 15, 14, 0),
	gsSP2Triangles(3, 16, 15, 0, 4, 16, 3, 0),
	gsSP2Triangles(17, 16, 4, 0, 17, 4, 18, 0),
	gsSP2Triangles(18, 4, 5, 0, 18, 5, 11, 0),
	gsSP2Triangles(19, 16, 17, 0, 19, 15, 16, 0),
	gsSPEndDisplayList(),
};

Vtx rgrindr_rgrindr_mesh_layer_1_vtx_6[42] = {
	{{ {973, 0, 1000}, 0, {3034, 2023}, {117, 117, 117, 255} }},
	{{ {-3000, 0, 1000}, 0, {-2042, 2023}, {117, 117, 117, 255} }},
	{{ {-3000, 159, 1000}, 0, {-2042, 1820}, {255, 255, 255, 255} }},
	{{ {973, 159, 1000}, 0, {3034, 1820}, {255, 255, 255, 255} }},
	{{ {-3000, 1002, 1000}, 0, {-2042, 744}, {255, 255, 255, 255} }},
	{{ {973, 1002, 1000}, 0, {3034, 744}, {255, 255, 255, 255} }},
	{{ {-3000, 1589, 1000}, 0, {-2042, -7}, {0, 0, 0, 255} }},
	{{ {973, 1589, 1000}, 0, {3034, -7}, {0, 0, 0, 255} }},
	{{ {973, 0, -3000}, 0, {3052, 2023}, {117, 117, 117, 255} }},
	{{ {973, 0, -200}, 0, {-526, 2023}, {255, 255, 255, 255} }},
	{{ {973, 159, -200}, 0, {-526, 1820}, {255, 255, 255, 255} }},
	{{ {973, 159, -3000}, 0, {3052, 1820}, {255, 255, 255, 255} }},
	{{ {973, 560, -200}, 0, {-526, 1308}, {255, 255, 255, 255} }},
	{{ {973, 1002, -3000}, 0, {3052, 744}, {255, 255, 255, 255} }},
	{{ {973, 560, 200}, 0, {-1037, 1308}, {255, 255, 255, 255} }},
	{{ {973, 1002, 1000}, 0, {-2060, 744}, {255, 255, 255, 255} }},
	{{ {973, 159, 200}, 0, {-1037, 1820}, {255, 255, 255, 255} }},
	{{ {973, 159, 1000}, 0, {-2060, 1820}, {255, 255, 255, 255} }},
	{{ {973, 0, 200}, 0, {-1037, 2023}, {255, 255, 255, 255} }},
	{{ {973, 0, 1000}, 0, {-2060, 2023}, {117, 117, 117, 255} }},
	{{ {973, 1589, 1000}, 0, {-2060, -7}, {0, 0, 0, 255} }},
	{{ {973, 1589, -3000}, 0, {3052, -7}, {0, 0, 0, 255} }},
	{{ {-3000, 0, 1000}, 0, {-2060, 2023}, {117, 117, 117, 255} }},
	{{ {-3000, 0, -3000}, 0, {3052, 2023}, {117, 117, 117, 255} }},
	{{ {-3000, 159, -3000}, 0, {3052, 1820}, {255, 255, 255, 255} }},
	{{ {-3000, 159, 1000}, 0, {-2060, 1820}, {255, 255, 255, 255} }},
	{{ {-3000, 1002, -3000}, 0, {3052, 744}, {255, 255, 255, 255} }},
	{{ {-3000, 1002, 1000}, 0, {-2060, 744}, {255, 255, 255, 255} }},
	{{ {-3000, 1589, -3000}, 0, {3052, -7}, {0, 0, 0, 255} }},
	{{ {-3000, 1589, 1000}, 0, {-2060, -7}, {0, 0, 0, 255} }},
	{{ {-3000, 0, -3000}, 0, {-2042, 2023}, {117, 117, 117, 255} }},
	{{ {973, 0, -3000}, 0, {3034, 2023}, {117, 117, 117, 255} }},
	{{ {973, 159, -3000}, 0, {3034, 1820}, {255, 255, 255, 255} }},
	{{ {-3000, 159, -3000}, 0, {-2042, 1820}, {255, 255, 255, 255} }},
	{{ {973, 1002, -3000}, 0, {3034, 744}, {255, 255, 255, 255} }},
	{{ {-3000, 1002, -3000}, 0, {-2042, 744}, {255, 255, 255, 255} }},
	{{ {973, 1589, -3000}, 0, {3034, -7}, {0, 0, 0, 255} }},
	{{ {-3000, 1589, -3000}, 0, {-2042, -7}, {0, 0, 0, 255} }},
	{{ {-3000, 1589, 1000}, 0, {-2042, 3564}, {0, 0, 0, 255} }},
	{{ {-3000, 1589, -3000}, 0, {-2042, -1548}, {0, 0, 0, 255} }},
	{{ {973, 1589, -3000}, 0, {3034, -1548}, {0, 0, 0, 255} }},
	{{ {973, 1589, 1000}, 0, {3034, 3564}, {0, 0, 0, 255} }},
};

Gfx rgrindr_rgrindr_mesh_layer_1_tri_6[] = {
	gsSPVertex(rgrindr_rgrindr_mesh_layer_1_vtx_6 + 0, 30, 0),
	gsSP2Triangles(0, 1, 2, 0, 0, 2, 3, 0),
	gsSP2Triangles(3, 2, 4, 0, 3, 4, 5, 0),
	gsSP2Triangles(5, 4, 6, 0, 5, 6, 7, 0),
	gsSP2Triangles(8, 9, 10, 0, 8, 10, 11, 0),
	gsSP2Triangles(11, 10, 12, 0, 11, 12, 13, 0),
	gsSP2Triangles(14, 13, 12, 0, 14, 15, 13, 0),
	gsSP2Triangles(16, 15, 14, 0, 16, 17, 15, 0),
	gsSP2Triangles(18, 17, 16, 0, 18, 19, 17, 0),
	gsSP2Triangles(13, 15, 20, 0, 13, 20, 21, 0),
	gsSP2Triangles(22, 23, 24, 0, 22, 24, 25, 0),
	gsSP2Triangles(25, 24, 26, 0, 25, 26, 27, 0),
	gsSP2Triangles(27, 26, 28, 0, 27, 28, 29, 0),
	gsSPVertex(rgrindr_rgrindr_mesh_layer_1_vtx_6 + 30, 12, 0),
	gsSP2Triangles(0, 1, 2, 0, 0, 2, 3, 0),
	gsSP2Triangles(3, 2, 4, 0, 3, 4, 5, 0),
	gsSP2Triangles(5, 4, 6, 0, 5, 6, 7, 0),
	gsSP2Triangles(8, 9, 10, 0, 8, 10, 11, 0),
	gsSPEndDisplayList(),
};

Vtx rgrindr_rgrindr_mesh_layer_1_vtx_7[5] = {
	{{ {973, 0, -200}, 0, {12635, 5384}, {192, 164, 106, 255} }},
	{{ {773, 0, 0}, 0, {11413, 6607}, {192, 164, 106, 255} }},
	{{ {973, 0, 200}, 0, {12635, 7828}, {192, 164, 106, 255} }},
	{{ {698, 0, -200}, 0, {10951, 5384}, {192, 164, 106, 255} }},
	{{ {698, 0, 200}, 0, {10951, 7828}, {192, 164, 106, 255} }},
};

Gfx rgrindr_rgrindr_mesh_layer_1_tri_7[] = {
	gsSPVertex(rgrindr_rgrindr_mesh_layer_1_vtx_7 + 0, 5, 0),
	gsSP2Triangles(0, 1, 2, 0, 1, 0, 3, 0),
	gsSP2Triangles(3, 4, 1, 0, 4, 2, 1, 0),
	gsSPEndDisplayList(),
};

Vtx rgrindr_rgrindr_mesh_layer_4_vtx_0[12] = {
	{{ {-2139, 606, -1037}, 0, {-3093, -23}, {197, 197, 197, 255} }},
	{{ {-2139, 66, -350}, 0, {-7304, 2039}, {175, 175, 175, 255} }},
	{{ {-2139, 234, -350}, 0, {-7304, -23}, {175, 175, 175, 255} }},
	{{ {-2139, 438, -1037}, 0, {-3093, 2039}, {197, 197, 197, 255} }},
	{{ {-2139, 438, -1409}, 0, {-806, 2039}, {216, 216, 216, 255} }},
	{{ {-2139, 606, -1409}, 0, {-806, -23}, {216, 216, 216, 255} }},
	{{ {-1881, 606, -1409}, 0, {776, -23}, {197, 197, 197, 255} }},
	{{ {-1881, 438, -1409}, 0, {776, 2039}, {197, 197, 197, 255} }},
	{{ {-1881, 606, -1037}, 0, {3062, -23}, {175, 175, 175, 255} }},
	{{ {-1881, 438, -1037}, 0, {3062, 2039}, {175, 175, 175, 255} }},
	{{ {-1881, 66, -350}, 0, {7274, 2039}, {175, 175, 175, 255} }},
	{{ {-1881, 234, -350}, 0, {7274, -23}, {175, 175, 175, 255} }},
};

Gfx rgrindr_rgrindr_mesh_layer_4_tri_0[] = {
	gsSPVertex(rgrindr_rgrindr_mesh_layer_4_vtx_0 + 0, 12, 0),
	gsSP2Triangles(0, 1, 2, 0, 0, 3, 1, 0),
	gsSP2Triangles(4, 3, 0, 0, 4, 0, 5, 0),
	gsSP2Triangles(4, 5, 6, 0, 4, 6, 7, 0),
	gsSP2Triangles(7, 8, 6, 0, 7, 9, 8, 0),
	gsSP2Triangles(8, 9, 10, 0, 8, 10, 11, 0),
	gsSPEndDisplayList(),
};

Vtx rgrindr_rgrindr_mesh_layer_6_vtx_0[8] = {
	{{ {-1928, 438, -1345}, 0, {-48, 34}, {0, 127, 0, 255} }},
	{{ {-2064, 438, -1345}, 0, {-48, 1913}, {0, 127, 0, 255} }},
	{{ {-2064, 438, -1279}, 0, {862, 1913}, {0, 127, 0, 255} }},
	{{ {-1928, 438, -1279}, 0, {862, 34}, {0, 127, 0, 255} }},
	{{ {-1928, 438, -1257}, 0, {862, 34}, {0, 127, 0, 255} }},
	{{ {-2064, 438, -1257}, 0, {862, 1913}, {0, 127, 0, 255} }},
	{{ {-2064, 438, -1191}, 0, {-48, 1913}, {0, 127, 0, 255} }},
	{{ {-1928, 438, -1191}, 0, {-48, 34}, {0, 127, 0, 255} }},
};

Gfx rgrindr_rgrindr_mesh_layer_6_tri_0[] = {
	gsSPVertex(rgrindr_rgrindr_mesh_layer_6_vtx_0 + 0, 8, 0),
	gsSP2Triangles(0, 1, 2, 0, 0, 2, 3, 0),
	gsSP2Triangles(4, 5, 6, 0, 4, 6, 7, 0),
	gsSPEndDisplayList(),
};


Gfx mat_rgrindr_dots[] = {
	gsSPClearGeometryMode(G_LIGHTING),
	gsDPPipeSync(),
	gsDPSetCombineLERP(TEXEL0, 0, SHADE, 0, ENVIRONMENT, 0, SHADE, 0, TEXEL0, 0, SHADE, 0, ENVIRONMENT, 0, SHADE, 0),
	gsDPSetAlphaDither(G_AD_NOISE),
	gsSPTexture(65535, 65535, 0, 0, 1),
	gsDPSetTextureImage(G_IM_FMT_I, G_IM_SIZ_8b_LOAD_BLOCK, 1, rgrindr_diamond_plate_i8),
	gsDPSetTile(G_IM_FMT_I, G_IM_SIZ_8b_LOAD_BLOCK, 0, 0, 7, 0, G_TX_WRAP | G_TX_NOMIRROR, 0, 0, G_TX_WRAP | G_TX_NOMIRROR, 0, 0),
	gsDPLoadBlock(7, 0, 0, 2047, 256),
	gsDPSetTile(G_IM_FMT_I, G_IM_SIZ_8b, 8, 0, 0, 0, G_TX_WRAP | G_TX_NOMIRROR, 6, 0, G_TX_WRAP | G_TX_NOMIRROR, 6, 0),
	gsDPSetTileSize(0, 0, 0, 252, 252),
	gsSPEndDisplayList(),
};

Gfx mat_revert_rgrindr_dots[] = {
	gsSPSetGeometryMode(G_LIGHTING),
	gsDPPipeSync(),
	gsDPSetAlphaDither(G_AD_DISABLE),
	gsSPEndDisplayList(),
};

Gfx mat_rgrindr_fence_001[] = {
	gsSPClearGeometryMode(G_CULL_BACK | G_LIGHTING),
	gsDPPipeSync(),
	gsDPSetCombineLERP(TEXEL0, 0, SHADE, 0, 0, 0, 0, TEXEL0, TEXEL0, 0, SHADE, 0, 0, 0, 0, TEXEL0),
	gsDPSetAlphaDither(G_AD_NOISE),
	gsDPSetTextureLUT(G_TT_RGBA16),
	gsSPTexture(65535, 65535, 0, 0, 1),
	gsDPSetTextureImage(G_IM_FMT_RGBA, G_IM_SIZ_16b, 1, rgrindr_FENCE_pal_rgba16),
	gsDPSetTile(0, 0, 0, 256, 5, 0, G_TX_WRAP | G_TX_NOMIRROR, 0, 0, G_TX_WRAP | G_TX_NOMIRROR, 0, 0),
	gsDPLoadTLUTCmd(5, 83),
	gsDPSetTextureImage(G_IM_FMT_CI, G_IM_SIZ_8b_LOAD_BLOCK, 1, rgrindr_FENCE_ci8),
	gsDPSetTile(G_IM_FMT_CI, G_IM_SIZ_8b_LOAD_BLOCK, 0, 0, 7, 0, G_TX_WRAP | G_TX_NOMIRROR, 0, 0, G_TX_WRAP | G_TX_NOMIRROR, 0, 0),
	gsDPLoadBlock(7, 0, 0, 1023, 512),
	gsDPSetTile(G_IM_FMT_CI, G_IM_SIZ_8b, 4, 0, 0, 0, G_TX_WRAP | G_TX_NOMIRROR, 6, 0, G_TX_WRAP | G_TX_NOMIRROR, 5, 0),
	gsDPSetTileSize(0, 0, 0, 124, 252),
	gsSPEndDisplayList(),
};

Gfx mat_revert_rgrindr_fence_001[] = {
	gsSPSetGeometryMode(G_CULL_BACK | G_LIGHTING),
	gsDPPipeSync(),
	gsDPSetAlphaDither(G_AD_DISABLE),
	gsDPSetTextureLUT(G_TT_NONE),
	gsSPEndDisplayList(),
};

Gfx mat_rgrindr_f3dlite_material_001[] = {
	gsSPClearGeometryMode(G_LIGHTING),
	gsDPPipeSync(),
	gsDPSetCombineLERP(TEXEL0, 0, SHADE, 0, ENVIRONMENT, 0, SHADE, 0, TEXEL0, 0, SHADE, 0, ENVIRONMENT, 0, SHADE, 0),
	gsDPSetAlphaDither(G_AD_NOISE),
	gsDPSetTextureLUT(G_TT_RGBA16),
	gsSPTexture(65535, 65535, 0, 0, 1),
	gsDPSetTextureImage(G_IM_FMT_RGBA, G_IM_SIZ_16b, 1, rgrindr_Vent_pal_rgba16),
	gsDPSetTile(0, 0, 0, 256, 5, 0, G_TX_WRAP | G_TX_NOMIRROR, 0, 0, G_TX_WRAP | G_TX_NOMIRROR, 0, 0),
	gsDPLoadTLUTCmd(5, 59),
	gsDPSetTextureImage(G_IM_FMT_CI, G_IM_SIZ_8b_LOAD_BLOCK, 1, rgrindr_Vent_ci8),
	gsDPSetTile(G_IM_FMT_CI, G_IM_SIZ_8b_LOAD_BLOCK, 0, 0, 7, 0, G_TX_WRAP | G_TX_NOMIRROR, 0, 0, G_TX_WRAP | G_TX_NOMIRROR, 0, 0),
	gsDPLoadBlock(7, 0, 0, 511, 512),
	gsDPSetTile(G_IM_FMT_CI, G_IM_SIZ_8b, 4, 0, 0, 0, G_TX_WRAP | G_TX_NOMIRROR, 5, 0, G_TX_WRAP | G_TX_NOMIRROR, 5, 0),
	gsDPSetTileSize(0, 0, 0, 124, 124),
	gsSPEndDisplayList(),
};

Gfx mat_revert_rgrindr_f3dlite_material_001[] = {
	gsSPSetGeometryMode(G_LIGHTING),
	gsDPPipeSync(),
	gsDPSetAlphaDither(G_AD_DISABLE),
	gsDPSetTextureLUT(G_TT_NONE),
	gsSPEndDisplayList(),
};

Gfx mat_rgrindr_f3dlite_material_003[] = {
	gsDPPipeSync(),
	gsDPSetCombineLERP(0, 0, 0, 0, 0, 0, 0, TEXEL0, 0, 0, 0, 0, 0, 0, 0, TEXEL0),
	gsDPSetAlphaDither(G_AD_NOISE),
	gsSPTexture(65535, 65535, 0, 0, 1),
	gsDPSetTextureImage(G_IM_FMT_IA, G_IM_SIZ_16b, 1, rgrindr_rtron_ia4),
	gsDPSetTile(G_IM_FMT_IA, G_IM_SIZ_16b, 0, 0, 7, 0, G_TX_WRAP | G_TX_NOMIRROR, 0, 0, G_TX_WRAP | G_TX_NOMIRROR, 0, 0),
	gsDPLoadBlock(7, 0, 0, 2047, 256),
	gsDPSetTile(G_IM_FMT_IA, G_IM_SIZ_4b, 8, 0, 0, 0, G_TX_CLAMP | G_TX_MIRROR, 6, 0, G_TX_CLAMP | G_TX_NOMIRROR, 7, 0),
	gsDPSetTileSize(0, 0, 0, 508, 508),
	gsSPEndDisplayList(),
};

Gfx mat_revert_rgrindr_f3dlite_material_003[] = {
	gsDPPipeSync(),
	gsDPSetAlphaDither(G_AD_DISABLE),
	gsSPEndDisplayList(),
};

Gfx mat_rgrindr_conc_001[] = {
	gsSPClearGeometryMode(G_LIGHTING),
	gsDPPipeSync(),
	gsDPSetCombineLERP(TEXEL0, 0, SHADE, 0, ENVIRONMENT, 0, SHADE, 0, TEXEL0, 0, SHADE, 0, ENVIRONMENT, 0, SHADE, 0),
	gsDPSetAlphaDither(G_AD_NOISE),
	gsSPTexture(65535, 65535, 0, 0, 1),
	gsDPSetTextureImage(G_IM_FMT_I, G_IM_SIZ_8b_LOAD_BLOCK, 1, rgrindr_conk_i8),
	gsDPSetTile(G_IM_FMT_I, G_IM_SIZ_8b_LOAD_BLOCK, 0, 0, 7, 0, G_TX_WRAP | G_TX_NOMIRROR, 0, 0, G_TX_WRAP | G_TX_NOMIRROR, 0, 0),
	gsDPLoadBlock(7, 0, 0, 2047, 256),
	gsDPSetTile(G_IM_FMT_I, G_IM_SIZ_8b, 8, 0, 0, 0, G_TX_WRAP | G_TX_NOMIRROR, 6, 0, G_TX_WRAP | G_TX_NOMIRROR, 6, 0),
	gsDPSetTileSize(0, 0, 0, 252, 252),
	gsSPEndDisplayList(),
};

Gfx mat_revert_rgrindr_conc_001[] = {
	gsSPSetGeometryMode(G_LIGHTING),
	gsDPPipeSync(),
	gsDPSetAlphaDither(G_AD_DISABLE),
	gsSPEndDisplayList(),
};

Gfx mat_rgrindr_machineSiding[] = {
	gsSPClearGeometryMode(G_LIGHTING),
	gsDPPipeSync(),
	gsDPSetCombineLERP(TEXEL0, 0, SHADE, 0, ENVIRONMENT, 0, SHADE, 0, TEXEL0, 0, SHADE, 0, ENVIRONMENT, 0, SHADE, 0),
	gsDPSetAlphaDither(G_AD_NOISE),
	gsSPTexture(65535, 65535, 0, 0, 1),
	gsDPSetTextureImage(G_IM_FMT_I, G_IM_SIZ_8b_LOAD_BLOCK, 1, rgrindr_ken64_hd21_i8),
	gsDPSetTile(G_IM_FMT_I, G_IM_SIZ_8b_LOAD_BLOCK, 0, 0, 7, 0, G_TX_WRAP | G_TX_NOMIRROR, 0, 0, G_TX_WRAP | G_TX_NOMIRROR, 0, 0),
	gsDPLoadBlock(7, 0, 0, 2047, 256),
	gsDPSetTile(G_IM_FMT_I, G_IM_SIZ_8b, 8, 0, 0, 0, G_TX_WRAP | G_TX_MIRROR, 6, 0, G_TX_WRAP | G_TX_NOMIRROR, 6, 0),
	gsDPSetTileSize(0, 0, 0, 252, 252),
	gsSPEndDisplayList(),
};

Gfx mat_revert_rgrindr_machineSiding[] = {
	gsSPSetGeometryMode(G_LIGHTING),
	gsDPPipeSync(),
	gsDPSetAlphaDither(G_AD_DISABLE),
	gsSPEndDisplayList(),
};

Gfx mat_rgrindr_caution[] = {
	gsSPClearGeometryMode(G_LIGHTING),
	gsDPPipeSync(),
	gsDPSetCombineLERP(TEXEL0, 0, SHADE, 0, ENVIRONMENT, 0, SHADE, 0, TEXEL0, 0, SHADE, 0, ENVIRONMENT, 0, SHADE, 0),
	gsDPSetAlphaDither(G_AD_NOISE),
	gsDPSetTextureLUT(G_TT_RGBA16),
	gsSPTexture(65535, 65535, 0, 0, 1),
	gsDPSetTextureImage(G_IM_FMT_RGBA, G_IM_SIZ_16b, 1, rgrindr_WarningCaution_pal_rgba16),
	gsDPSetTile(0, 0, 0, 256, 5, 0, G_TX_WRAP | G_TX_NOMIRROR, 0, 0, G_TX_WRAP | G_TX_NOMIRROR, 0, 0),
	gsDPLoadTLUTCmd(5, 47),
	gsDPSetTextureImage(G_IM_FMT_CI, G_IM_SIZ_8b_LOAD_BLOCK, 1, rgrindr_WarningCaution_ci8),
	gsDPSetTile(G_IM_FMT_CI, G_IM_SIZ_8b_LOAD_BLOCK, 0, 0, 7, 0, G_TX_WRAP | G_TX_NOMIRROR, 0, 0, G_TX_WRAP | G_TX_NOMIRROR, 0, 0),
	gsDPLoadBlock(7, 0, 0, 1023, 256),
	gsDPSetTile(G_IM_FMT_CI, G_IM_SIZ_8b, 8, 0, 0, 0, G_TX_WRAP | G_TX_NOMIRROR, 5, 0, G_TX_WRAP | G_TX_NOMIRROR, 6, 0),
	gsDPSetTileSize(0, 0, 0, 252, 124),
	gsSPEndDisplayList(),
};

Gfx mat_revert_rgrindr_caution[] = {
	gsSPSetGeometryMode(G_LIGHTING),
	gsDPPipeSync(),
	gsDPSetAlphaDither(G_AD_DISABLE),
	gsDPSetTextureLUT(G_TT_NONE),
	gsSPEndDisplayList(),
};

Gfx mat_rgrindr_dungeontiles[] = {
	gsSPClearGeometryMode(G_LIGHTING),
	gsDPPipeSync(),
	gsDPSetCombineLERP(TEXEL0, 0, SHADE, 0, ENVIRONMENT, 0, SHADE, 0, TEXEL0, 0, SHADE, 0, ENVIRONMENT, 0, SHADE, 0),
	gsDPSetAlphaDither(G_AD_NOISE),
	gsSPTexture(65535, 65535, 0, 0, 1),
	gsDPSetTextureImage(G_IM_FMT_RGBA, G_IM_SIZ_16b_LOAD_BLOCK, 1, gDungeonTextureTile),
	gsDPSetTile(G_IM_FMT_RGBA, G_IM_SIZ_16b_LOAD_BLOCK, 0, 0, 7, 0, G_TX_WRAP | G_TX_NOMIRROR, 0, 0, G_TX_WRAP | G_TX_NOMIRROR, 0, 0),
	gsDPLoadBlock(7, 0, 0, 1023, 256),
	gsDPSetTile(G_IM_FMT_RGBA, G_IM_SIZ_16b, 8, 0, 0, 0, G_TX_WRAP | G_TX_NOMIRROR, 5, 0, G_TX_WRAP | G_TX_NOMIRROR, 5, 0),
	gsDPSetTileSize(0, 0, 0, 124, 124),
	gsSPEndDisplayList(),
};

Gfx mat_revert_rgrindr_dungeontiles[] = {
	gsSPSetGeometryMode(G_LIGHTING),
	gsDPPipeSync(),
	gsDPSetAlphaDither(G_AD_DISABLE),
	gsSPEndDisplayList(),
};

Gfx mat_rgrindr_dungeonAltWall[] = {
	gsSPClearGeometryMode(G_LIGHTING),
	gsDPPipeSync(),
	gsDPSetCombineLERP(TEXEL0, 0, SHADE, 0, ENVIRONMENT, 0, SHADE, 0, TEXEL0, 0, SHADE, 0, ENVIRONMENT, 0, SHADE, 0),
	gsDPSetAlphaDither(G_AD_NOISE),
	gsSPTexture(65535, 65535, 0, 0, 1),
	gsDPSetTextureImage(G_IM_FMT_RGBA, G_IM_SIZ_16b_LOAD_BLOCK, 1, gDungeonTextureAltWall),
	gsDPSetTile(G_IM_FMT_RGBA, G_IM_SIZ_16b_LOAD_BLOCK, 0, 0, 7, 0, G_TX_WRAP | G_TX_NOMIRROR, 0, 0, G_TX_WRAP | G_TX_NOMIRROR, 0, 0),
	gsDPLoadBlock(7, 0, 0, 2047, 256),
	gsDPSetTile(G_IM_FMT_RGBA, G_IM_SIZ_16b, 8, 0, 0, 0, G_TX_WRAP | G_TX_NOMIRROR, 6, 0, G_TX_WRAP | G_TX_NOMIRROR, 5, 0),
	gsDPSetTileSize(0, 0, 0, 124, 252),
	gsSPEndDisplayList(),
};

Gfx mat_revert_rgrindr_dungeonAltWall[] = {
	gsSPSetGeometryMode(G_LIGHTING),
	gsDPPipeSync(),
	gsDPSetAlphaDither(G_AD_DISABLE),
	gsSPEndDisplayList(),
};

Gfx mat_rgrindr_dungeoncarpet[] = {
	gsSPClearGeometryMode(G_LIGHTING),
	gsDPPipeSync(),
	gsDPSetCombineLERP(TEXEL0, 0, SHADE, 0, ENVIRONMENT, 0, SHADE, 0, TEXEL0, 0, SHADE, 0, ENVIRONMENT, 0, SHADE, 0),
	gsDPSetAlphaDither(G_AD_NOISE),
	gsSPTexture(65535, 65535, 0, 0, 1),
	gsDPSetTextureImage(G_IM_FMT_RGBA, G_IM_SIZ_16b_LOAD_BLOCK, 1, gDungeonTextureCarpet),
	gsDPSetTile(G_IM_FMT_RGBA, G_IM_SIZ_16b_LOAD_BLOCK, 0, 0, 7, 0, G_TX_WRAP | G_TX_NOMIRROR, 0, 0, G_TX_WRAP | G_TX_NOMIRROR, 0, 0),
	gsDPLoadBlock(7, 0, 0, 1023, 256),
	gsDPSetTile(G_IM_FMT_RGBA, G_IM_SIZ_16b, 8, 0, 0, 0, G_TX_WRAP | G_TX_NOMIRROR, 5, 0, G_TX_WRAP | G_TX_NOMIRROR, 5, 0),
	gsDPSetTileSize(0, 0, 0, 124, 124),
	gsSPEndDisplayList(),
};

Gfx mat_revert_rgrindr_dungeoncarpet[] = {
	gsSPSetGeometryMode(G_LIGHTING),
	gsDPPipeSync(),
	gsDPSetAlphaDither(G_AD_DISABLE),
	gsSPEndDisplayList(),
};

Gfx rgrindr_rgrindr_mesh_layer_1[] = {
	gsSPDisplayList(mat_rgrindr_dots),
	gsSPDisplayList(rgrindr_rgrindr_mesh_layer_1_tri_0),
	gsSPDisplayList(mat_revert_rgrindr_dots),
	gsSPDisplayList(mat_rgrindr_f3dlite_material_001),
	gsSPDisplayList(rgrindr_rgrindr_mesh_layer_1_tri_1),
	gsSPDisplayList(mat_revert_rgrindr_f3dlite_material_001),
	gsSPDisplayList(mat_rgrindr_conc_001),
	gsSPDisplayList(rgrindr_rgrindr_mesh_layer_1_tri_2),
	gsSPDisplayList(mat_revert_rgrindr_conc_001),
	gsSPDisplayList(mat_rgrindr_machineSiding),
	gsSPDisplayList(rgrindr_rgrindr_mesh_layer_1_tri_3),
	gsSPDisplayList(mat_revert_rgrindr_machineSiding),
	gsSPDisplayList(mat_rgrindr_caution),
	gsSPDisplayList(rgrindr_rgrindr_mesh_layer_1_tri_4),
	gsSPDisplayList(mat_revert_rgrindr_caution),
	gsSPDisplayList(mat_rgrindr_dungeontiles),
	gsSPDisplayList(rgrindr_rgrindr_mesh_layer_1_tri_5),
	gsSPDisplayList(mat_revert_rgrindr_dungeontiles),
	gsSPDisplayList(mat_rgrindr_dungeonAltWall),
	gsSPDisplayList(rgrindr_rgrindr_mesh_layer_1_tri_6),
	gsSPDisplayList(mat_revert_rgrindr_dungeonAltWall),
	gsSPDisplayList(mat_rgrindr_dungeoncarpet),
	gsSPDisplayList(rgrindr_rgrindr_mesh_layer_1_tri_7),
	gsSPDisplayList(mat_revert_rgrindr_dungeoncarpet),
	gsDPPipeSync(),
	gsSPSetGeometryMode(G_LIGHTING),
	gsSPClearGeometryMode(G_TEXTURE_GEN),
	gsDPSetCombineLERP(0, 0, 0, SHADE, 0, 0, 0, ENVIRONMENT, 0, 0, 0, SHADE, 0, 0, 0, ENVIRONMENT),
	gsSPTexture(65535, 65535, 0, 0, 0),
	gsDPSetEnvColor(255, 255, 255, 255),
	gsDPSetAlphaCompare(G_AC_NONE),
	gsSPEndDisplayList(),
};

Gfx rgrindr_rgrindr_mesh_layer_4[] = {
	gsSPDisplayList(mat_rgrindr_fence_001),
	gsSPDisplayList(rgrindr_rgrindr_mesh_layer_4_tri_0),
	gsSPDisplayList(mat_revert_rgrindr_fence_001),
	gsDPPipeSync(),
	gsSPSetGeometryMode(G_LIGHTING),
	gsSPClearGeometryMode(G_TEXTURE_GEN),
	gsDPSetCombineLERP(0, 0, 0, SHADE, 0, 0, 0, ENVIRONMENT, 0, 0, 0, SHADE, 0, 0, 0, ENVIRONMENT),
	gsSPTexture(65535, 65535, 0, 0, 0),
	gsDPSetEnvColor(255, 255, 255, 255),
	gsDPSetAlphaCompare(G_AC_NONE),
	gsSPEndDisplayList(),
};

Gfx rgrindr_rgrindr_mesh_layer_6[] = {
	gsSPDisplayList(mat_rgrindr_f3dlite_material_003),
	gsSPDisplayList(rgrindr_rgrindr_mesh_layer_6_tri_0),
	gsSPDisplayList(mat_revert_rgrindr_f3dlite_material_003),
	gsDPPipeSync(),
	gsSPSetGeometryMode(G_LIGHTING),
	gsSPClearGeometryMode(G_TEXTURE_GEN),
	gsDPSetCombineLERP(0, 0, 0, SHADE, 0, 0, 0, ENVIRONMENT, 0, 0, 0, SHADE, 0, 0, 0, ENVIRONMENT),
	gsSPTexture(65535, 65535, 0, 0, 0),
	gsDPSetEnvColor(255, 255, 255, 255),
	gsDPSetAlphaCompare(G_AC_NONE),
	gsSPEndDisplayList(),
};

