Gfx micons_piece_rgba16_aligner[] = {gsSPEndDisplayList()};
u8 micons_piece_rgba16[] = {
	0xef, 0x7b, 0xd6, 0xb5, 0xd6, 0xb5, 0xd6, 0xb5, 
	0xd6, 0xb5, 0xd6, 0xb5, 0xd6, 0xb5, 0xd6, 0xb5, 
	0xd6, 0xb5, 0xd6, 0xb5, 0xd6, 0xb5, 0xd6, 0xb5, 
	0xd6, 0xb5, 0xd6, 0xb5, 0x9c, 0xe7, 0x00, 0x00, 
	0x00, 0x00, 0x00, 0x00, 0x00, 0x00, 0x00, 0x00, 
	0x00, 0x00, 0x00, 0x00, 0x00, 0x00, 0x00, 0x00, 
	0x00, 0x00, 0x00, 0x00, 0x00, 0x00, 0x00, 0x00, 
	0x00, 0x00, 0x00, 0x00, 0x00, 0x00, 0x00, 0x00, 
	0xf7, 0xbd, 0xff, 0xff, 0xff, 0xff, 0xff, 0xff, 
	0xff, 0xff, 0xff, 0xff, 0xff, 0xff, 0xff, 0xff, 
	0xff, 0xff, 0xff, 0xff, 0xff, 0xff, 0xff, 0xff, 
	0xff, 0xff, 0xf7, 0xbd, 0xe7, 0x39, 0x94, 0xa5, 
	0x00, 0x00, 0x00, 0x00, 0x00, 0x00, 0x00, 0x00, 
	0x00, 0x00, 0x00, 0x00, 0x00, 0x00, 0x00, 0x00, 
	0x00, 0x00, 0x00, 0x00, 0x00, 0x00, 0x00, 0x00, 
	0x00, 0x00, 0x00, 0x00, 0x00, 0x00, 0x00, 0x00, 
	0xf7, 0xbd, 0xff, 0xff, 0xff, 0xff, 0xff, 0xff, 
	0xff, 0xff, 0xff, 0xff, 0xff, 0xff, 0xff, 0xff, 
	0xff, 0xff, 0xff, 0xff, 0xff, 0xff, 0xff, 0xff, 
	0xff, 0xff, 0xff, 0xff, 0xef, 0x7b, 0xe7, 0x39, 
	0x94, 0xa5, 0x00, 0x00, 0x00, 0x00, 0x00, 0x00, 
	0x00, 0x00, 0x00, 0x00, 0x00, 0x00, 0x00, 0x00, 
	0x00, 0x00, 0x00, 0x00, 0x00, 0x00, 0x00, 0x00, 
	0x00, 0x00, 0x00, 0x00, 0x00, 0x00, 0x00, 0x00, 
	0xde, 0xf7, 0xff, 0xff, 0xff, 0xff, 0xff, 0xff, 
	0xff, 0xff, 0xff, 0xff, 0xff, 0xff, 0xff, 0xff, 
	0xff, 0xff, 0xff, 0xff, 0xff, 0xff, 0xff, 0xff, 
	0xff, 0xff, 0xff, 0xff, 0xf7, 0xbd, 0xe7, 0x39, 
	0x7b, 0xdf, 0x00, 0x00, 0x00, 0x00, 0x00, 0x00, 
	0x00, 0x00, 0x00, 0x00, 0x00, 0x00, 0x00, 0x00, 
	0x00, 0x00, 0x00, 0x00, 0x00, 0x00, 0x00, 0x00, 
	0x00, 0x00, 0x00, 0x00, 0x00, 0x00, 0x00, 0x00, 
	0x00, 0x00, 0xd6, 0xb5, 0xff, 0xff, 0xf7, 0xbd, 
	0xff, 0xff, 0xff, 0xff, 0xff, 0xff, 0xff, 0xff, 
	0xff, 0xff, 0xff, 0xff, 0xff, 0xff, 0xff, 0xff, 
	0xff, 0xff, 0xff, 0xff, 0xf7, 0xbd, 0xe7, 0x39, 
	0x84, 0x21, 0x00, 0x00, 0x00, 0x00, 0x00, 0x00, 
	0x00, 0x00, 0x00, 0x00, 0x00, 0x00, 0x00, 0x00, 
	0x00, 0x00, 0x00, 0x00, 0x00, 0x00, 0x00, 0x00, 
	0x00, 0x00, 0x00, 0x00, 0x00, 0x00, 0x00, 0x00, 
	0x00, 0x00, 0x00, 0x00, 0xd6, 0xb5, 0xb5, 0xad, 
	0xff, 0xff, 0xff, 0xff, 0xff, 0xff, 0xff, 0xff, 
	0xff, 0xff, 0xff, 0xff, 0xff, 0xff, 0xff, 0xff, 
	0xff, 0xff, 0xff, 0xff, 0xff, 0xff, 0xef, 0x7b, 
	0xe7, 0x39, 0xd6, 0xb5, 0x9c, 0xe7, 0x00, 0x00, 
	0x00, 0x00, 0x00, 0x00, 0x00, 0x00, 0x00, 0x00, 
	0x00, 0x00, 0x00, 0x00, 0x00, 0x00, 0x00, 0x00, 
	0x00, 0x00, 0x00, 0x00, 0x00, 0x00, 0x00, 0x00, 
	0x00, 0x00, 0x00, 0x00, 0x00, 0x00, 0x00, 0x00, 
	0xf7, 0xbd, 0xff, 0xff, 0xff, 0xff, 0xff, 0xff, 
	0xff, 0xff, 0xff, 0xff, 0xff, 0xff, 0xff, 0xff, 
	0xff, 0xff, 0xff, 0xff, 0xff, 0xff, 0xff, 0xff, 
	0xff, 0xff, 0xef, 0x7b, 0xef, 0x7b, 0x94, 0xa5, 
	0x00, 0x00, 0x00, 0x00, 0x00, 0x00, 0x00, 0x00, 
	0x00, 0x00, 0x00, 0x00, 0x00, 0x00, 0x00, 0x00, 
	0x00, 0x00, 0x00, 0x00, 0x00, 0x00, 0x00, 0x00, 
	0x00, 0x00, 0x00, 0x00, 0x00, 0x00, 0x00, 0x00, 
	0xf7, 0xbd, 0xff, 0xff, 0xff, 0xff, 0xff, 0xff, 
	0xff, 0xff, 0xff, 0xff, 0xff, 0xff, 0xff, 0xff, 
	0xff, 0xff, 0xff, 0xff, 0xff, 0xff, 0xff, 0xff, 
	0xff, 0xff, 0xff, 0xff, 0xe7, 0x39, 0x7b, 0xdf, 
	0x00, 0x00, 0x00, 0x00, 0x00, 0x00, 0x00, 0x00, 
	0x00, 0x00, 0x00, 0x00, 0x00, 0x00, 0x00, 0x00, 
	0x00, 0x00, 0x00, 0x00, 0x00, 0x00, 0x00, 0x00, 
	0x00, 0x00, 0x00, 0x00, 0x00, 0x00, 0x00, 0x00, 
	0xf7, 0xbd, 0xff, 0xff, 0xff, 0xff, 0xff, 0xff, 
	0xff, 0xff, 0xff, 0xff, 0xff, 0xff, 0xff, 0xff, 
	0xff, 0xff, 0xff, 0xff, 0xff, 0xff, 0xff, 0xff, 
	0xff, 0xff, 0xf7, 0xbd, 0xde, 0xf7, 0x7b, 0xdf, 
	0x00, 0x00, 0x00, 0x00, 0x00, 0x00, 0x00, 0x00, 
	0x00, 0x00, 0x00, 0x00, 0x00, 0x00, 0x00, 0x00, 
	0x00, 0x00, 0x00, 0x00, 0x00, 0x00, 0x00, 0x00, 
	0x00, 0x00, 0x00, 0x00, 0x00, 0x00, 0x00, 0x00, 
	0xf7, 0xbd, 0xff, 0xff, 0xff, 0xff, 0xff, 0xff, 
	0xff, 0xff, 0xff, 0xff, 0xff, 0xff, 0xff, 0xff, 
	0xff, 0xff, 0xff, 0xff, 0xff, 0xff, 0xff, 0xff, 
	0xf7, 0xbd, 0xe7, 0x39, 0xde, 0xf7, 0x63, 0x19, 
	0x00, 0x00, 0x00, 0x00, 0x00, 0x00, 0x00, 0x00, 
	0x00, 0x00, 0x00, 0x00, 0x00, 0x00, 0x00, 0x00, 
	0x00, 0x00, 0x00, 0x00, 0x00, 0x00, 0x00, 0x00, 
	0x00, 0x00, 0x00, 0x00, 0xef, 0x7b, 0xde, 0xf7, 
	0xff, 0xff, 0xff, 0xff, 0xff, 0xff, 0xff, 0xff, 
	0xff, 0xff, 0xff, 0xff, 0xff, 0xff, 0xff, 0xff, 
	0xff, 0xff, 0xff, 0xff, 0xff, 0xff, 0xef, 0x7b, 
	0xde, 0xf7, 0xad, 0x6b, 0x6b, 0x5b, 0x00, 0x00, 
	0x00, 0x00, 0x00, 0x00, 0x00, 0x00, 0x00, 0x00, 
	0x00, 0x00, 0x00, 0x00, 0x00, 0x00, 0x00, 0x00, 
	0x00, 0x00, 0x00, 0x00, 0x00, 0x00, 0x00, 0x00, 
	0x00, 0x00, 0xef, 0x7b, 0xff, 0xff, 0xff, 0xff, 
	0xff, 0xff, 0xff, 0xff, 0xff, 0xff, 0xff, 0xff, 
	0xff, 0xff, 0xff, 0xff, 0xff, 0xff, 0xff, 0xff, 
	0xff, 0xff, 0xff, 0xff, 0xf7, 0xbd, 0xde, 0xf7, 
	0x7b, 0xdf, 0x00, 0x00, 0x00, 0x00, 0x00, 0x00, 
	0x00, 0x00, 0x00, 0x00, 0x00, 0x00, 0x00, 0x00, 
	0x00, 0x00, 0x00, 0x00, 0x00, 0x00, 0x00, 0x00, 
	0x00, 0x00, 0x00, 0x00, 0x00, 0x00, 0x00, 0x00, 
	0xef, 0x7b, 0xff, 0xff, 0xff, 0xff, 0xff, 0xff, 
	0xff, 0xff, 0xff, 0xff, 0xff, 0xff, 0xff, 0xff, 
	0xff, 0xff, 0xff, 0xff, 0xff, 0xff, 0xff, 0xff, 
	0xff, 0xff, 0xff, 0xff, 0xf7, 0xbd, 0xde, 0xf7, 
	0x7b, 0xdf, 0x00, 0x00, 0x00, 0x00, 0x00, 0x00, 
	0x00, 0x00, 0x00, 0x00, 0x00, 0x00, 0x00, 0x00, 
	0x00, 0x00, 0x00, 0x00, 0x00, 0x00, 0x00, 0x00, 
	0x00, 0x00, 0x00, 0x00, 0x00, 0x00, 0x00, 0x00, 
	0xf7, 0xbd, 0xff, 0xff, 0xff, 0xff, 0xff, 0xff, 
	0xff, 0xff, 0xff, 0xff, 0xff, 0xff, 0xff, 0xff, 
	0xff, 0xff, 0xff, 0xff, 0xff, 0xff, 0xff, 0xff, 
	0xff, 0xff, 0xf7, 0xbd, 0xe7, 0x39, 0xde, 0xf7, 
	0x63, 0x19, 0x00, 0x00, 0x00, 0x00, 0x00, 0x00, 
	0x00, 0x00, 0x00, 0x00, 0x00, 0x00, 0x00, 0x00, 
	0x00, 0x00, 0x00, 0x00, 0x00, 0x00, 0x00, 0x00, 
	0x00, 0x00, 0x00, 0x00, 0x00, 0x00, 0x00, 0x00, 
	0xf7, 0xbd, 0xff, 0xff, 0xef, 0x7b, 0xef, 0x7b, 
	0xef, 0x7b, 0xef, 0x7b, 0xef, 0x7b, 0xef, 0x7b, 
	0xef, 0x7b, 0xef, 0x7b, 0xef, 0x7b, 0xef, 0x7b, 
	0xef, 0x7b, 0xe7, 0x39, 0xde, 0xf7, 0x63, 0x19, 
	0x00, 0x00, 0x00, 0x00, 0x00, 0x00, 0x00, 0x00, 
	0x00, 0x00, 0x00, 0x00, 0x00, 0x00, 0x00, 0x00, 
	0x00, 0x00, 0x00, 0x00, 0x00, 0x00, 0x00, 0x00, 
	0x00, 0x00, 0x00, 0x00, 0x00, 0x00, 0x00, 0x00, 
	0xde, 0xf7, 0xb5, 0xad, 0xb5, 0xad, 0xb5, 0xad, 
	0xb5, 0xad, 0xb5, 0xad, 0xb5, 0xad, 0xb5, 0xad, 
	0xb5, 0xad, 0xb5, 0xad, 0xb5, 0xad, 0xb5, 0xad, 
	0xb5, 0xad, 0xb5, 0xad, 0x6b, 0x5b, 0x00, 0x00, 
	0x00, 0x00, 0x00, 0x00, 0x00, 0x00, 0x00, 0x00, 
	0x00, 0x00, 0x00, 0x00, 0x00, 0x00, 0x00, 0x00, 
	0x00, 0x00, 0x00, 0x00, 0x00, 0x00, 0x00, 0x00, 
	0x00, 0x00, 0x00, 0x00, 0x00, 0x00, 0x00, 0x00, 
	0x00, 0x00, 0x00, 0x00, 0x00, 0x00, 0x00, 0x00, 
	0x00, 0x00, 0x00, 0x00, 0x00, 0x00, 0x00, 0x00, 
	0x00, 0x00, 0x00, 0x00, 0x00, 0x00, 0x00, 0x00, 
	0x00, 0x00, 0x00, 0x00, 0x00, 0x00, 0x00, 0x00, 
	0x00, 0x00, 0x00, 0x00, 0x00, 0x00, 0x00, 0x00, 
	0x00, 0x00, 0x00, 0x00, 0x00, 0x00, 0x00, 0x00, 
	0x00, 0x00, 0x00, 0x00, 0x00, 0x00, 0x00, 0x00, 
	0x00, 0x00, 0x00, 0x00, 0x00, 0x00, 0x00, 0x00, 
	0x00, 0x00, 0x00, 0x00, 0x00, 0x00, 0x00, 0x00, 
	0x00, 0x00, 0x00, 0x00, 0x00, 0x00, 0x00, 0x00, 
	0x00, 0x00, 0x00, 0x00, 0x00, 0x00, 0x00, 0x00, 
	0x00, 0x00, 0x00, 0x00, 0x00, 0x00, 0x00, 0x00, 
	0x00, 0x00, 0x00, 0x00, 0x00, 0x00, 0x00, 0x00, 
	0x00, 0x00, 0x00, 0x00, 0x00, 0x00, 0x00, 0x00, 
	0x00, 0x00, 0x00, 0x00, 0x00, 0x00, 0x00, 0x00, 
	0x00, 0x00, 0x00, 0x00, 0x00, 0x00, 0x00, 0x00, 
	0x00, 0x00, 0x00, 0x00, 0x00, 0x00, 0x00, 0x00, 
	0x00, 0x00, 0x00, 0x00, 0x00, 0x00, 0x00, 0x00, 
	0x00, 0x00, 0x00, 0x00, 0x00, 0x00, 0x00, 0x00, 
	0x00, 0x00, 0x00, 0x00, 0x00, 0x00, 0x00, 0x00, 
	0x00, 0x00, 0x00, 0x00, 0x00, 0x00, 0x00, 0x00, 
	0x00, 0x00, 0x00, 0x00, 0x00, 0x00, 0x00, 0x00, 
	0x00, 0x00, 0x00, 0x00, 0x00, 0x00, 0x00, 0x00, 
	0x00, 0x00, 0x00, 0x00, 0x00, 0x00, 0x00, 0x00, 
	0x00, 0x00, 0x00, 0x00, 0x00, 0x00, 0x00, 0x00, 
	0x00, 0x00, 0x00, 0x00, 0x00, 0x00, 0x00, 0x00, 
	0x00, 0x00, 0x00, 0x00, 0x00, 0x00, 0x00, 0x00, 
	0x00, 0x00, 0x00, 0x00, 0x00, 0x00, 0x00, 0x00, 
	0x00, 0x00, 0x00, 0x00, 0x00, 0x00, 0x00, 0x00, 
	0x00, 0x00, 0x00, 0x00, 0x00, 0x00, 0x00, 0x00, 
	0x00, 0x00, 0x00, 0x00, 0x00, 0x00, 0x00, 0x00, 
	0x00, 0x00, 0x00, 0x00, 0x00, 0x00, 0x00, 0x00, 
	0x00, 0x00, 0x00, 0x00, 0x00, 0x00, 0x00, 0x00, 
	0x00, 0x00, 0x00, 0x00, 0x00, 0x00, 0x00, 0x00, 
	0x00, 0x00, 0x00, 0x00, 0x00, 0x00, 0x00, 0x00, 
	0x00, 0x00, 0x00, 0x00, 0x00, 0x00, 0x00, 0x00, 
	0x00, 0x00, 0x00, 0x00, 0x00, 0x00, 0x00, 0x00, 
	0x00, 0x00, 0x00, 0x00, 0x00, 0x00, 0x00, 0x00, 
	0x00, 0x00, 0x00, 0x00, 0x00, 0x00, 0x00, 0x00, 
	0x00, 0x00, 0x00, 0x00, 0x00, 0x00, 0x00, 0x00, 
	0x00, 0x00, 0x00, 0x00, 0x00, 0x00, 0x00, 0x00, 
	0x00, 0x00, 0x00, 0x00, 0x00, 0x00, 0x00, 0x00, 
	0x00, 0x00, 0x00, 0x00, 0x00, 0x00, 0x00, 0x00, 
	0x00, 0x00, 0x00, 0x00, 0x00, 0x00, 0x00, 0x00, 
	0x00, 0x00, 0x00, 0x00, 0x00, 0x00, 0x00, 0x00, 
	0x00, 0x00, 0x00, 0x00, 0x00, 0x00, 0x00, 0x00, 
	0x00, 0x00, 0x00, 0x00, 0x00, 0x00, 0x00, 0x00, 
	0x00, 0x00, 0x00, 0x00, 0x00, 0x00, 0x00, 0x00, 
	0x00, 0x00, 0x00, 0x00, 0x00, 0x00, 0x00, 0x00, 
	0x00, 0x00, 0x00, 0x00, 0x00, 0x00, 0x00, 0x00, 
	0x00, 0x00, 0x00, 0x00, 0x00, 0x00, 0x00, 0x00, 
	0x00, 0x00, 0x00, 0x00, 0x00, 0x00, 0x00, 0x00, 
	0x00, 0x00, 0x00, 0x00, 0x00, 0x00, 0x00, 0x00, 
	0x00, 0x00, 0x00, 0x00, 0x00, 0x00, 0x00, 0x00, 
	0x00, 0x00, 0x00, 0x00, 0x00, 0x00, 0x00, 0x00, 
	0x00, 0x00, 0x00, 0x00, 0x00, 0x00, 0x00, 0x00, 
	0x00, 0x00, 0x00, 0x00, 0x00, 0x00, 0x00, 0x00, 
	0x00, 0x00, 0x00, 0x00, 0x00, 0x00, 0x00, 0x00, 
	0x00, 0x00, 0x00, 0x00, 0x00, 0x00, 0x00, 0x00, 
	0x00, 0x00, 0x00, 0x00, 0x00, 0x00, 0x00, 0x00, 
	0x00, 0x00, 0x00, 0x00, 0x00, 0x00, 0x00, 0x00, 
	0x00, 0x00, 0x00, 0x00, 0x00, 0x00, 0x00, 0x00, 
	0x00, 0x00, 0x00, 0x00, 0x00, 0x00, 0x00, 0x00, 
	0x00, 0x00, 0x00, 0x00, 0x00, 0x00, 0x00, 0x00, 
	0x00, 0x00, 0x00, 0x00, 0x00, 0x00, 0x00, 0x00, 
	0x00, 0x00, 0x00, 0x00, 0x00, 0x00, 0x00, 0x00, 
	0x00, 0x00, 0x00, 0x00, 0x00, 0x00, 0x00, 0x00, 
	0x00, 0x00, 0x00, 0x00, 0x00, 0x00, 0x00, 0x00, 
	0x00, 0x00, 0x00, 0x00, 0x00, 0x00, 0x00, 0x00, 
	0x00, 0x00, 0x00, 0x00, 0x00, 0x00, 0x00, 0x00, 
	0x00, 0x00, 0x00, 0x00, 0x00, 0x00, 0x00, 0x00, 
	0x00, 0x00, 0x00, 0x00, 0x00, 0x00, 0x00, 0x00, 
	0x00, 0x00, 0x00, 0x00, 0x00, 0x00, 0x00, 0x00, 
	0x00, 0x00, 0x00, 0x00, 0x00, 0x00, 0x00, 0x00, 
	0x00, 0x00, 0x00, 0x00, 0x00, 0x00, 0x00, 0x00, 
	0x00, 0x00, 0x00, 0x00, 0x00, 0x00, 0x00, 0x00, 
	0x00, 0x00, 0x00, 0x00, 0x00, 0x00, 0x00, 0x00, 
	0x00, 0x00, 0x00, 0x00, 0x00, 0x00, 0x00, 0x00, 
	0x00, 0x00, 0x00, 0x00, 0x00, 0x00, 0x00, 0x00, 
	0x00, 0x00, 0x00, 0x00, 0x00, 0x00, 0x00, 0x00, 
	0x00, 0x00, 0x00, 0x00, 0x00, 0x00, 0x00, 0x00, 
	0x00, 0x00, 0x00, 0x00, 0x00, 0x00, 0x00, 0x00, 
	0x00, 0x00, 0x00, 0x00, 0x00, 0x00, 0x00, 0x00, 
	0x00, 0x00, 0x00, 0x00, 0x00, 0x00, 0x00, 0x00, 
	0x00, 0x00, 0x00, 0x00, 0x00, 0x00, 0x00, 0x00, 
	0x00, 0x00, 0x00, 0x00, 0x00, 0x00, 0x00, 0x00, 
	0x00, 0x00, 0x00, 0x00, 0x00, 0x00, 0x00, 0x00, 
	0x00, 0x00, 0x00, 0x00, 0x00, 0x00, 0x00, 0x00, 
	0x00, 0x00, 0x00, 0x00, 0x00, 0x00, 0x00, 0x00, 
	0x00, 0x00, 0x00, 0x00, 0x00, 0x00, 0x00, 0x00, 
	0x00, 0x00, 0x00, 0x00, 0x00, 0x00, 0x00, 0x00, 
	0x00, 0x00, 0x00, 0x00, 0x00, 0x00, 0x00, 0x00, 
	0x00, 0x00, 0x00, 0x00, 0x00, 0x00, 0x00, 0x00, 
	0x00, 0x00, 0x00, 0x00, 0x00, 0x00, 0x00, 0x00, 
	0x00, 0x00, 0x00, 0x00, 0x00, 0x00, 0x00, 0x00, 
	0x00, 0x00, 0x00, 0x00, 0x00, 0x00, 0x00, 0x00, 
	0x00, 0x00, 0x00, 0x00, 0x00, 0x00, 0x00, 0x00, 
	0x00, 0x00, 0x00, 0x00, 0x00, 0x00, 0x00, 0x00, 
	0x00, 0x00, 0x00, 0x00, 0x00, 0x00, 0x00, 0x00, 
	0x00, 0x00, 0x00, 0x00, 0x00, 0x00, 0x00, 0x00, 
	0x00, 0x00, 0x00, 0x00, 0x00, 0x00, 0x00, 0x00, 
	0x00, 0x00, 0x00, 0x00, 0x00, 0x00, 0x00, 0x00, 
	0x00, 0x00, 0x00, 0x00, 0x00, 0x00, 0x00, 0x00, 
	0x00, 0x00, 0x00, 0x00, 0x00, 0x00, 0x00, 0x00, 
	0x00, 0x00, 0x00, 0x00, 0x00, 0x00, 0x00, 0x00, 
	0x00, 0x00, 0x00, 0x00, 0x00, 0x00, 0x00, 0x00, 
	0x00, 0x00, 0x00, 0x00, 0x00, 0x00, 0x00, 0x00, 
	0x00, 0x00, 0x00, 0x00, 0x00, 0x00, 0x00, 0x00, 
	0x00, 0x00, 0x00, 0x00, 0x00, 0x00, 0x00, 0x00, 
	0x00, 0x00, 0x00, 0x00, 0x00, 0x00, 0x00, 0x00, 
	0x00, 0x00, 0x00, 0x00, 0x00, 0x00, 0x00, 0x00, 
	0x00, 0x00, 0x00, 0x00, 0x00, 0x00, 0x00, 0x00, 
	0x00, 0x00, 0x00, 0x00, 0x00, 0x00, 0x00, 0x00, 
	0x00, 0x00, 0x00, 0x00, 0x00, 0x00, 0x00, 0x00, 
	0x00, 0x00, 0x00, 0x00, 0x00, 0x00, 0x00, 0x00, 
	0x00, 0x00, 0x00, 0x00, 0x00, 0x00, 0x00, 0x00, 
	0x00, 0x00, 0x00, 0x00, 0x00, 0x00, 0x00, 0x00, 
	0x00, 0x00, 0x00, 0x00, 0x00, 0x00, 0x00, 0x00, 
	0x00, 0x00, 0x00, 0x00, 0x00, 0x00, 0x00, 0x00, 
	0x00, 0x00, 0x00, 0x00, 0x00, 0x00, 0x00, 0x00, 
	0x00, 0x00, 0x00, 0x00, 0x00, 0x00, 0x00, 0x00, 
	0x00, 0x00, 0x00, 0x00, 0x00, 0x00, 0x00, 0x00, 
	0x00, 0x00, 0x00, 0x00, 0x00, 0x00, 0x00, 0x00, 
	0x00, 0x00, 0x00, 0x00, 0x00, 0x00, 0x00, 0x00, 
	0x00, 0x00, 0x00, 0x00, 0x00, 0x00, 0x00, 0x00, 
	0x00, 0x00, 0x00, 0x00, 0x00, 0x00, 0x00, 0x00, 
	0x00, 0x00, 0x00, 0x00, 0x00, 0x00, 0x00, 0x00, 
	0x00, 0x00, 0x00, 0x00, 0x00, 0x00, 0x00, 0x00, 
	
};

Gfx micons_jump_rgba16_aligner[] = {gsSPEndDisplayList()};
u8 micons_jump_rgba16[] = {
	0xef, 0x7a, 0xd6, 0xb4, 0xd6, 0xb4, 0xd6, 0xb4, 
	0xd6, 0xb4, 0xd6, 0xb4, 0xd6, 0xb4, 0xd6, 0xb4, 
	0xd6, 0xb4, 0xd6, 0xb4, 0xd6, 0xb4, 0xd6, 0xb4, 
	0xd6, 0xb4, 0xd6, 0xb4, 0x9c, 0xe6, 0x00, 0x00, 
	0xf7, 0xbc, 0xff, 0xfe, 0xff, 0xfe, 0xff, 0xfe, 
	0xff, 0xfe, 0xff, 0xfe, 0xff, 0xfe, 0xff, 0xfe, 
	0xff, 0xfe, 0xff, 0xfe, 0xff, 0xfe, 0xff, 0xfe, 
	0xff, 0xfe, 0xf7, 0xbc, 0xe7, 0x38, 0x94, 0xa4, 
	0xf7, 0xbc, 0xff, 0xfe, 0xff, 0xfe, 0xff, 0xfe, 
	0xff, 0xfe, 0xff, 0xfe, 0xff, 0xfe, 0xff, 0xfe, 
	0xff, 0xfe, 0xff, 0xfe, 0xff, 0xfe, 0xff, 0xfe, 
	0xff, 0xfe, 0xff, 0xfe, 0xef, 0x7a, 0xe7, 0x38, 
	0xde, 0xf6, 0xff, 0xfe, 0xff, 0xfe, 0xff, 0xfe, 
	0xff, 0xfe, 0xff, 0xfe, 0xff, 0xfe, 0xff, 0xfe, 
	0xff, 0xfe, 0xff, 0xfe, 0xff, 0xfe, 0xff, 0xfe, 
	0xff, 0xfe, 0xff, 0xfe, 0xf7, 0xbc, 0xe7, 0x38, 
	0x00, 0x00, 0xd6, 0xb4, 0xff, 0xfe, 0xf7, 0xbc, 
	0xff, 0xfe, 0x69, 0x41, 0x61, 0x41, 0x61, 0x41, 
	0x61, 0x41, 0x61, 0x41, 0x61, 0x41, 0x49, 0x01, 
	0xff, 0xfe, 0xff, 0xfe, 0xf7, 0xbc, 0xe7, 0x38, 
	0x00, 0x00, 0x00, 0x00, 0xd6, 0xb4, 0xb5, 0xac, 
	0xff, 0xfe, 0x61, 0x41, 0xac, 0x1f, 0x79, 0xc9, 
	0x71, 0x81, 0x69, 0x41, 0x69, 0x41, 0x30, 0x81, 
	0xff, 0xfe, 0xff, 0xfe, 0xff, 0xfe, 0xef, 0x7a, 
	0x00, 0x00, 0x00, 0x00, 0x00, 0x00, 0x00, 0x00, 
	0xf7, 0xbc, 0xff, 0xfe, 0x69, 0x41, 0x93, 0x59, 
	0x82, 0x51, 0x61, 0x41, 0x38, 0xc1, 0xff, 0xfe, 
	0xff, 0xfe, 0xff, 0xfe, 0xff, 0xfe, 0xff, 0xfe, 
	0x00, 0x00, 0x00, 0x00, 0x00, 0x00, 0x00, 0x00, 
	0xf7, 0xbc, 0x69, 0x41, 0x7a, 0x0b, 0xbd, 0x27, 
	0x7a, 0x0b, 0x61, 0x41, 0x38, 0xc1, 0xff, 0xfe, 
	0xff, 0xfe, 0xff, 0xfe, 0xff, 0xfe, 0xff, 0xfe, 
	0x00, 0x00, 0x00, 0x00, 0x00, 0x00, 0x00, 0x00, 
	0xf7, 0xbc, 0x69, 0x41, 0x8a, 0xd5, 0x93, 0x5b, 
	0x71, 0xc9, 0x69, 0x41, 0x69, 0x41, 0x61, 0x41, 
	0x49, 0x01, 0xff, 0xfe, 0xff, 0xfe, 0xff, 0xfe, 
	0x00, 0x00, 0x00, 0x00, 0x00, 0x00, 0x00, 0x00, 
	0xf7, 0xbc, 0x69, 0x41, 0x7a, 0x0b, 0x69, 0x41, 
	0x71, 0x83, 0x71, 0xc9, 0x71, 0x83, 0x69, 0x41, 
	0x69, 0x41, 0x40, 0xc1, 0xff, 0xfe, 0xff, 0xfe, 
	0x00, 0x00, 0x00, 0x00, 0xef, 0x7a, 0xde, 0xf6, 
	0xff, 0xfe, 0xfd, 0xc1, 0xf5, 0xc1, 0x51, 0x01, 
	0x71, 0x81, 0x69, 0x41, 0x69, 0x41, 0xf5, 0xc1, 
	0xe5, 0x41, 0x7b, 0x01, 0xff, 0xfe, 0xef, 0x7a, 
	0x00, 0x00, 0xef, 0x7a, 0xff, 0xfe, 0xff, 0xfe, 
	0xff, 0xfe, 0xdd, 0x01, 0x6a, 0x81, 0xff, 0xfe, 
	0xd4, 0xc1, 0xb4, 0x01, 0xb4, 0x01, 0xb4, 0x01, 
	0xb4, 0x01, 0x72, 0xc1, 0xf7, 0xbc, 0xde, 0xf6, 
	0xef, 0x7a, 0xff, 0xfe, 0xff, 0xfe, 0xff, 0xfe, 
	0xff, 0xfe, 0xff, 0xfe, 0xff, 0xfe, 0xff, 0xfe, 
	0xff, 0xfe, 0xff, 0xfe, 0xff, 0xfe, 0xff, 0xfe, 
	0xff, 0xfe, 0xff, 0xfe, 0xf7, 0xbc, 0xde, 0xf6, 
	0xf7, 0xbc, 0xff, 0xfe, 0xff, 0xfe, 0xff, 0xfe, 
	0xff, 0xfe, 0xff, 0xfe, 0xff, 0xfe, 0xff, 0xfe, 
	0xff, 0xfe, 0xff, 0xfe, 0xff, 0xfe, 0xff, 0xfe, 
	0xff, 0xfe, 0xf7, 0xbc, 0xe7, 0x38, 0xde, 0xf6, 
	0xf7, 0xbc, 0xff, 0xfe, 0xef, 0x7a, 0xef, 0x7a, 
	0xef, 0x7a, 0xef, 0x7a, 0xef, 0x7a, 0xef, 0x7a, 
	0xef, 0x7a, 0xef, 0x7a, 0xef, 0x7a, 0xef, 0x7a, 
	0xef, 0x7a, 0xe7, 0x38, 0xde, 0xf6, 0x63, 0x18, 
	0xde, 0xf6, 0xb5, 0xac, 0xb5, 0xac, 0xb5, 0xac, 
	0xb5, 0xac, 0xb5, 0xac, 0xb5, 0xac, 0xb5, 0xac, 
	0xb5, 0xac, 0xb5, 0xac, 0xb5, 0xac, 0xb5, 0xac, 
	0xb5, 0xac, 0xb5, 0xac, 0x6b, 0x5a, 0x00, 0x00, 
	
};

Gfx micons_small_hand_1_rgba16_aligner[] = {gsSPEndDisplayList()};
u8 micons_small_hand_1_rgba16[] = {
	0x00, 0x00, 0x00, 0x00, 0x00, 0x00, 0x00, 0x00, 
	0x00, 0x00, 0x00, 0x00, 0x00, 0x00, 0x00, 0x00, 
	0x00, 0x00, 0x00, 0x00, 0x00, 0x00, 0x00, 0x00, 
	0x00, 0x00, 0x00, 0x00, 0x00, 0x00, 0x00, 0x00, 
	0x00, 0x00, 0x00, 0x00, 0x00, 0x00, 0x00, 0x00, 
	0x00, 0x00, 0x00, 0x00, 0x00, 0x00, 0x00, 0x00, 
	0x00, 0x00, 0x00, 0x00, 0x00, 0x00, 0x00, 0x00, 
	0x00, 0x00, 0x00, 0x00, 0x00, 0x00, 0x00, 0x00, 
	0x00, 0x00, 0x00, 0x00, 0xde, 0xf7, 0xef, 0x7b, 
	0xf7, 0xbd, 0xd6, 0xb5, 0x00, 0x00, 0x00, 0x00, 
	0x00, 0x00, 0x00, 0x00, 0x00, 0x00, 0x00, 0x00, 
	0x00, 0x00, 0x00, 0x00, 0x00, 0x00, 0x00, 0x00, 
	0x00, 0x00, 0x00, 0x00, 0xce, 0x73, 0xd6, 0xb5, 
	0xff, 0xff, 0xef, 0x7b, 0xbd, 0xef, 0xde, 0xf6, 
	0xde, 0xf6, 0x00, 0x00, 0x00, 0x00, 0x00, 0x00, 
	0x00, 0x00, 0x00, 0x00, 0x00, 0x00, 0x00, 0x00, 
	0x00, 0x00, 0x00, 0x00, 0x94, 0xa4, 0x7b, 0xdf, 
	0xd6, 0xb5, 0xff, 0xff, 0xc6, 0x31, 0xde, 0xf7, 
	0xce, 0x73, 0xc6, 0x31, 0xb5, 0xac, 0x00, 0x00, 
	0x00, 0x00, 0x00, 0x00, 0x00, 0x00, 0x00, 0x00, 
	0x00, 0x00, 0x00, 0x00, 0x00, 0x00, 0x00, 0x00, 
	0xce, 0x72, 0xef, 0x7b, 0xef, 0x7b, 0xe7, 0x39, 
	0xde, 0xf7, 0xce, 0x73, 0xb5, 0xad, 0xad, 0x6a, 
	0x00, 0x00, 0x00, 0x00, 0x00, 0x00, 0x00, 0x00, 
	0x00, 0x00, 0x00, 0x00, 0x00, 0x00, 0x00, 0x00, 
	0xde, 0xf7, 0xff, 0xff, 0xff, 0xff, 0xf7, 0xbd, 
	0xe7, 0x39, 0xa5, 0x29, 0x8c, 0x63, 0x7b, 0xdf, 
	0x42, 0x10, 0x00, 0x00, 0x00, 0x00, 0x00, 0x00, 
	0xef, 0x7a, 0xf7, 0xbd, 0xe7, 0x39, 0xde, 0xf6, 
	0xde, 0xf7, 0xff, 0xff, 0xff, 0xff, 0xff, 0xff, 
	0xf7, 0xbd, 0xd6, 0xb5, 0x7b, 0xdf, 0xad, 0x6b, 
	0x94, 0xa5, 0x00, 0x00, 0x00, 0x00, 0x00, 0x00, 
	0xe7, 0x38, 0xf7, 0xbd, 0xff, 0xff, 0xff, 0xff, 
	0xde, 0xf7, 0xf7, 0xbd, 0xff, 0xff, 0xff, 0xff, 
	0xff, 0xff, 0xef, 0x7b, 0xde, 0xf7, 0xce, 0x73, 
	0xb5, 0xad, 0x94, 0xa4, 0x00, 0x00, 0x00, 0x00, 
	0xad, 0x6a, 0xb5, 0xad, 0xd6, 0xb5, 0xf7, 0xbd, 
	0xe7, 0x39, 0xce, 0x73, 0xef, 0x7b, 0xff, 0xff, 
	0xff, 0xff, 0xf7, 0xbd, 0xe7, 0x39, 0xce, 0x73, 
	0xce, 0x73, 0xc6, 0x31, 0xb5, 0xad, 0x94, 0xa4, 
	0x00, 0x00, 0x00, 0x00, 0x9c, 0xe6, 0xa5, 0x29, 
	0x9c, 0xe7, 0xad, 0x6b, 0xbd, 0xef, 0xde, 0xf7, 
	0xf7, 0xbd, 0xe7, 0x39, 0xde, 0xf7, 0xef, 0x7b, 
	0xe7, 0x39, 0xce, 0x73, 0xad, 0x6b, 0x84, 0x20, 
	0x00, 0x00, 0x00, 0x00, 0x00, 0x00, 0x00, 0x00, 
	0x00, 0x00, 0x7b, 0xde, 0x84, 0x20, 0x94, 0xa5, 
	0xb5, 0xad, 0xde, 0xf7, 0xff, 0xff, 0xef, 0x7b, 
	0xce, 0x73, 0xad, 0x6b, 0x84, 0x21, 0x6b, 0x5a, 
	0x00, 0x00, 0x00, 0x00, 0x00, 0x00, 0x00, 0x00, 
	0x00, 0x00, 0x00, 0x00, 0x00, 0x00, 0x00, 0x00, 
	0xad, 0x6a, 0xef, 0x7b, 0xef, 0x7b, 0xc6, 0x31, 
	0x9c, 0xe7, 0x7b, 0xdf, 0x73, 0x9c, 0x00, 0x00, 
	0x00, 0x00, 0x00, 0x00, 0x00, 0x00, 0x00, 0x00, 
	0x00, 0x00, 0x00, 0x00, 0x00, 0x00, 0x00, 0x00, 
	0xad, 0x6a, 0xb5, 0xad, 0xa5, 0x29, 0x84, 0x21, 
	0x6b, 0x5b, 0x63, 0x18, 0x00, 0x00, 0x00, 0x00, 
	0x00, 0x00, 0x00, 0x00, 0x00, 0x00, 0x00, 0x00, 
	0x00, 0x00, 0x00, 0x00, 0x00, 0x00, 0x00, 0x00, 
	0x00, 0x00, 0x73, 0x9c, 0x6b, 0x5a, 0x63, 0x18, 
	0x00, 0x00, 0x00, 0x00, 0x00, 0x00, 0x00, 0x00, 
	0x00, 0x00, 0x00, 0x00, 0x00, 0x00, 0x00, 0x00, 
	0x00, 0x00, 0x00, 0x00, 0x00, 0x00, 0x00, 0x00, 
	0x00, 0x00, 0x00, 0x00, 0x00, 0x00, 0x00, 0x00, 
	0x00, 0x00, 0x00, 0x00, 0x00, 0x00, 0x00, 0x00, 
	
};

Gfx micons_small_hand_2_rgba16_aligner[] = {gsSPEndDisplayList()};
u8 micons_small_hand_2_rgba16[] = {
	0x00, 0x00, 0x00, 0x00, 0x00, 0x00, 0x00, 0x00, 
	0x00, 0x00, 0x00, 0x00, 0x00, 0x00, 0x00, 0x00, 
	0x00, 0x00, 0x00, 0x00, 0x00, 0x00, 0x00, 0x00, 
	0x00, 0x00, 0x00, 0x00, 0x00, 0x00, 0x00, 0x00, 
	0x00, 0x00, 0x00, 0x00, 0x00, 0x00, 0x00, 0x00, 
	0x00, 0x00, 0x00, 0x00, 0x00, 0x00, 0x00, 0x00, 
	0x00, 0x00, 0x00, 0x00, 0x00, 0x00, 0x00, 0x00, 
	0x00, 0x00, 0x00, 0x00, 0x00, 0x00, 0x00, 0x00, 
	0x00, 0x00, 0x00, 0x00, 0x00, 0x00, 0x00, 0x00, 
	0x00, 0x00, 0x00, 0x00, 0x00, 0x00, 0x00, 0x00, 
	0x00, 0x00, 0x00, 0x00, 0x00, 0x00, 0x00, 0x00, 
	0x00, 0x00, 0x00, 0x00, 0x00, 0x00, 0x00, 0x00, 
	0x00, 0x00, 0x00, 0x00, 0x00, 0x00, 0x00, 0x00, 
	0xde, 0xf6, 0xd6, 0xb4, 0xe7, 0x38, 0xde, 0xf6, 
	0xde, 0xf6, 0x00, 0x00, 0x00, 0x00, 0x00, 0x00, 
	0x00, 0x00, 0x00, 0x00, 0x00, 0x00, 0x00, 0x00, 
	0x00, 0x00, 0x00, 0x00, 0x00, 0x00, 0xef, 0x7b, 
	0xf7, 0xbd, 0xf7, 0xbd, 0xd6, 0xb5, 0xe7, 0x39, 
	0xce, 0x73, 0xc6, 0x31, 0xb5, 0xac, 0x00, 0x00, 
	0x00, 0x00, 0x00, 0x00, 0x00, 0x00, 0x00, 0x00, 
	0x00, 0x00, 0x00, 0x00, 0xc6, 0x30, 0xce, 0x73, 
	0xd6, 0xb5, 0xef, 0x7b, 0xef, 0x7b, 0xe7, 0x39, 
	0xde, 0xf7, 0xce, 0x73, 0xb5, 0xad, 0xad, 0x6a, 
	0x00, 0x00, 0x00, 0x00, 0x00, 0x00, 0x00, 0x00, 
	0x00, 0x00, 0x00, 0x00, 0xe7, 0x38, 0xe7, 0x39, 
	0xd6, 0xb5, 0xff, 0xff, 0xff, 0xff, 0xf7, 0xbd, 
	0xe7, 0x39, 0xa5, 0x29, 0x8c, 0x63, 0x73, 0x9d, 
	0x31, 0x8c, 0x00, 0x00, 0x00, 0x00, 0x00, 0x00, 
	0x00, 0x00, 0x00, 0x00, 0xde, 0xf6, 0xef, 0x7b, 
	0xde, 0xf7, 0xff, 0xff, 0xff, 0xff, 0xff, 0xff, 
	0xf7, 0xbd, 0xd6, 0xb5, 0x84, 0x21, 0xad, 0x6b, 
	0x94, 0xa5, 0x00, 0x00, 0x00, 0x00, 0x00, 0x00, 
	0x00, 0x00, 0x00, 0x00, 0xde, 0xf7, 0xef, 0x7b, 
	0xce, 0x73, 0xf7, 0xbd, 0xff, 0xff, 0xff, 0xff, 
	0xff, 0xff, 0xef, 0x7b, 0xde, 0xf7, 0xce, 0x73, 
	0xb5, 0xad, 0x94, 0xa4, 0x00, 0x00, 0x00, 0x00, 
	0x00, 0x00, 0x00, 0x00, 0xc6, 0x31, 0xef, 0x7b, 
	0xd6, 0xb5, 0xce, 0x73, 0xef, 0x7b, 0xff, 0xff, 
	0xff, 0xff, 0xf7, 0xbd, 0xde, 0xf7, 0xce, 0x73, 
	0xce, 0x73, 0xc6, 0x31, 0xad, 0x6b, 0x8c, 0x62, 
	0x00, 0x00, 0x00, 0x00, 0x94, 0xa4, 0xad, 0x6b, 
	0xad, 0x6b, 0xad, 0x6b, 0xb5, 0xad, 0xde, 0xf7, 
	0xf7, 0xbd, 0xe7, 0x39, 0xde, 0xf7, 0xef, 0x7b, 
	0xe7, 0x39, 0xce, 0x73, 0xad, 0x6b, 0x84, 0x20, 
	0x00, 0x00, 0x00, 0x00, 0x00, 0x00, 0x00, 0x00, 
	0x00, 0x00, 0x7b, 0xde, 0x8c, 0x62, 0x94, 0xa5, 
	0xb5, 0xad, 0xde, 0xf7, 0xff, 0xff, 0xef, 0x7b, 
	0xce, 0x73, 0xad, 0x6b, 0x84, 0x21, 0x6b, 0x5a, 
	0x00, 0x00, 0x00, 0x00, 0x00, 0x00, 0x00, 0x00, 
	0x00, 0x00, 0x00, 0x00, 0x00, 0x00, 0x00, 0x00, 
	0xad, 0x6a, 0xef, 0x7b, 0xef, 0x7b, 0xc6, 0x31, 
	0x9c, 0xe7, 0x7b, 0xdf, 0x73, 0x9c, 0x00, 0x00, 
	0x00, 0x00, 0x00, 0x00, 0x00, 0x00, 0x00, 0x00, 
	0x00, 0x00, 0x00, 0x00, 0x00, 0x00, 0x00, 0x00, 
	0xa5, 0x28, 0xb5, 0xad, 0xa5, 0x29, 0x84, 0x21, 
	0x6b, 0x5b, 0x63, 0x18, 0x00, 0x00, 0x00, 0x00, 
	0x00, 0x00, 0x00, 0x00, 0x00, 0x00, 0x00, 0x00, 
	0x00, 0x00, 0x00, 0x00, 0x00, 0x00, 0x00, 0x00, 
	0x00, 0x00, 0x7b, 0xde, 0x6b, 0x5a, 0x63, 0x18, 
	0x00, 0x00, 0x00, 0x00, 0x00, 0x00, 0x00, 0x00, 
	0x00, 0x00, 0x00, 0x00, 0x00, 0x00, 0x00, 0x00, 
	0x00, 0x00, 0x00, 0x00, 0x00, 0x00, 0x00, 0x00, 
	0x00, 0x00, 0x00, 0x00, 0x00, 0x00, 0x00, 0x00, 
	0x00, 0x00, 0x00, 0x00, 0x00, 0x00, 0x00, 0x00, 
	
};

Gfx micons_onepow_rgba16_aligner[] = {gsSPEndDisplayList()};
u8 micons_onepow_rgba16[] = {
	0xef, 0x7a, 0xd6, 0xb4, 0xd6, 0xb4, 0xd6, 0xb4, 
	0xd6, 0xb4, 0xd6, 0xb4, 0xd6, 0xb4, 0xd6, 0xb4, 
	0xd6, 0xb4, 0xd6, 0xb4, 0xd6, 0xb4, 0xd6, 0xb4, 
	0xd6, 0xb4, 0xd6, 0xb4, 0x9c, 0xe6, 0x00, 0x00, 
	0xf7, 0xbc, 0xff, 0xfe, 0xff, 0xfe, 0xff, 0xfe, 
	0xff, 0xfe, 0xff, 0xfe, 0xff, 0xfe, 0xff, 0xfe, 
	0xff, 0xfe, 0xff, 0xfe, 0xff, 0xfe, 0xff, 0xfe, 
	0xff, 0xfe, 0xf7, 0xbc, 0xe7, 0x38, 0x94, 0xa4, 
	0xf7, 0xbc, 0xff, 0xfe, 0xff, 0xfe, 0xff, 0xfe, 
	0xff, 0xfe, 0xff, 0xfe, 0xff, 0xfe, 0xff, 0xfe, 
	0xff, 0xfe, 0xff, 0xfe, 0xff, 0xfe, 0xff, 0xfe, 
	0xff, 0xfe, 0xff, 0xfe, 0xef, 0x7a, 0xe7, 0x38, 
	0xde, 0xf6, 0xff, 0xfe, 0xff, 0xfe, 0xff, 0xfe, 
	0xff, 0xfe, 0xff, 0xfe, 0xff, 0xfe, 0xff, 0xfe, 
	0xff, 0xfe, 0xff, 0xfe, 0xff, 0xfe, 0xff, 0xfe, 
	0xff, 0xff, 0xff, 0xfe, 0xf7, 0xbc, 0xe7, 0x38, 
	0x00, 0x00, 0xd6, 0xb4, 0xff, 0xfe, 0xf7, 0xbc, 
	0xff, 0xfe, 0xff, 0xfe, 0xff, 0xfe, 0xff, 0xfe, 
	0xff, 0xfe, 0xff, 0xfe, 0xff, 0xfe, 0xff, 0xff, 
	0xff, 0xff, 0xff, 0xfe, 0xf7, 0xbc, 0xe7, 0x38, 
	0x00, 0x00, 0x00, 0x00, 0xd6, 0xb4, 0xb5, 0xac, 
	0xff, 0xfe, 0xff, 0xfe, 0xff, 0xfe, 0xff, 0xfe, 
	0xff, 0xfe, 0xff, 0xfe, 0xff, 0xfe, 0xff, 0xfe, 
	0xff, 0xff, 0xff, 0xfe, 0xff, 0xfe, 0xef, 0x7a, 
	0x00, 0x00, 0x00, 0x00, 0x00, 0x00, 0x00, 0x00, 
	0xf7, 0xbc, 0xff, 0xfe, 0xff, 0xfe, 0xff, 0xfe, 
	0xff, 0xff, 0xff, 0xfe, 0xff, 0xfe, 0xff, 0xfe, 
	0xff, 0xff, 0xff, 0xfe, 0xff, 0xfe, 0xff, 0xfe, 
	0x00, 0x00, 0x00, 0x00, 0x00, 0x00, 0x00, 0x00, 
	0xf7, 0xbc, 0xff, 0xfe, 0xff, 0xfe, 0xff, 0xff, 
	0xff, 0xff, 0xff, 0xff, 0xff, 0xfe, 0xff, 0xfe, 
	0xff, 0xff, 0xff, 0xfe, 0xff, 0xfe, 0xff, 0xfe, 
	0x00, 0x00, 0x00, 0x00, 0x00, 0x00, 0x00, 0x00, 
	0xf7, 0xbc, 0xff, 0xfe, 0xff, 0xfe, 0xff, 0xfe, 
	0xff, 0xff, 0xff, 0xfe, 0xff, 0xfe, 0xff, 0xfe, 
	0xff, 0xff, 0xff, 0xfe, 0xff, 0xfe, 0xff, 0xfe, 
	0x00, 0x00, 0x00, 0x00, 0x00, 0x00, 0x00, 0x00, 
	0xf7, 0xbc, 0xff, 0xfe, 0xff, 0xfe, 0xff, 0xfe, 
	0xff, 0xfe, 0xff, 0xfe, 0xff, 0xfe, 0xff, 0xfe, 
	0xff, 0xff, 0xff, 0xfe, 0xff, 0xfe, 0xff, 0xfe, 
	0x00, 0x00, 0x00, 0x00, 0xef, 0x7a, 0xde, 0xf6, 
	0xff, 0xfe, 0xff, 0xfe, 0xff, 0xfe, 0xff, 0xfe, 
	0xff, 0xfe, 0xff, 0xfe, 0xff, 0xfe, 0xff, 0xff, 
	0xff, 0xff, 0xff, 0xff, 0xff, 0xfe, 0xef, 0x7a, 
	0x00, 0x00, 0xef, 0x7a, 0xff, 0xfe, 0xff, 0xfe, 
	0xff, 0xfe, 0xff, 0xfe, 0xff, 0xfe, 0xff, 0xfe, 
	0xff, 0xfe, 0xff, 0xfe, 0xff, 0xfe, 0xff, 0xfe, 
	0xff, 0xfe, 0xff, 0xfe, 0xf7, 0xbc, 0xde, 0xf6, 
	0xef, 0x7a, 0xff, 0xfe, 0xff, 0xfe, 0xff, 0xfe, 
	0xff, 0xfe, 0xff, 0xfe, 0xff, 0xfe, 0xff, 0xfe, 
	0xff, 0xfe, 0xff, 0xfe, 0xff, 0xfe, 0xff, 0xfe, 
	0xff, 0xfe, 0xff, 0xfe, 0xf7, 0xbc, 0xde, 0xf6, 
	0xf7, 0xbc, 0xff, 0xfe, 0xff, 0xfe, 0xff, 0xfe, 
	0xff, 0xfe, 0xff, 0xfe, 0xff, 0xfe, 0xff, 0xfe, 
	0xff, 0xfe, 0xff, 0xfe, 0xff, 0xfe, 0xff, 0xfe, 
	0xff, 0xfe, 0xf7, 0xbc, 0xe7, 0x38, 0xde, 0xf6, 
	0xf7, 0xbc, 0xff, 0xfe, 0xef, 0x7a, 0xef, 0x7a, 
	0xef, 0x7a, 0xef, 0x7a, 0xef, 0x7a, 0xef, 0x7a, 
	0xef, 0x7a, 0xef, 0x7a, 0xef, 0x7a, 0xef, 0x7a, 
	0xef, 0x7a, 0xe7, 0x38, 0xde, 0xf6, 0x63, 0x18, 
	0xde, 0xf6, 0xb5, 0xac, 0xb5, 0xac, 0xb5, 0xac, 
	0xb5, 0xac, 0xb5, 0xac, 0xb5, 0xac, 0xb5, 0xac, 
	0xb5, 0xac, 0xb5, 0xac, 0xb5, 0xac, 0xb5, 0xac, 
	0xb5, 0xac, 0xb5, 0xac, 0x6b, 0x5a, 0x00, 0x00, 
	
};

Gfx micons_ground_rgba16_aligner[] = {gsSPEndDisplayList()};
u8 micons_ground_rgba16[] = {
	0xef, 0x7a, 0xd6, 0xb4, 0xd6, 0xb4, 0xd6, 0xb4, 
	0xd6, 0xb4, 0xd6, 0xb4, 0xd6, 0xb4, 0xd6, 0xb4, 
	0xd6, 0xb4, 0xd6, 0xb4, 0xd6, 0xb4, 0xd6, 0xb4, 
	0xd6, 0xb4, 0xd6, 0xb4, 0x9c, 0xe6, 0x00, 0x00, 
	0xf7, 0xbc, 0xff, 0xfe, 0xff, 0xfe, 0xff, 0xfe, 
	0xff, 0xfe, 0xff, 0xfe, 0xff, 0xfe, 0xff, 0xfe, 
	0xff, 0xfe, 0xff, 0xfe, 0xff, 0xfe, 0xff, 0xfe, 
	0xff, 0xfe, 0xf7, 0xbc, 0xe7, 0x38, 0x94, 0xa4, 
	0xf7, 0xbc, 0xff, 0xfe, 0xff, 0xfe, 0xff, 0xfe, 
	0xff, 0xfe, 0xff, 0xfe, 0xff, 0xfe, 0xff, 0xfe, 
	0xff, 0xfe, 0xff, 0xfe, 0xff, 0xfe, 0xff, 0xfe, 
	0xff, 0xfe, 0xff, 0xfe, 0xef, 0x7a, 0xe7, 0x38, 
	0xde, 0xf6, 0xff, 0xfe, 0xff, 0xfe, 0xff, 0xfe, 
	0xff, 0xfe, 0xff, 0xfe, 0xff, 0xfe, 0xff, 0xfe, 
	0xff, 0xfe, 0xff, 0xfe, 0xff, 0xfe, 0xff, 0xfe, 
	0xff, 0xfe, 0xff, 0xfe, 0xf7, 0xbc, 0xe7, 0x38, 
	0x00, 0x00, 0xd6, 0xb4, 0xff, 0xfe, 0xf7, 0xbc, 
	0xff, 0xfe, 0xff, 0xfe, 0xff, 0xfe, 0xff, 0xfe, 
	0xff, 0xfe, 0xef, 0x7b, 0xd6, 0xb5, 0x9c, 0xe7, 
	0xff, 0xfe, 0xff, 0xfe, 0xf7, 0xbc, 0xe7, 0x38, 
	0x00, 0x00, 0x00, 0x00, 0xd6, 0xb4, 0xb5, 0xac, 
	0xff, 0xfe, 0xff, 0xfe, 0xff, 0xfe, 0xff, 0xfe, 
	0xff, 0xfe, 0xf7, 0xbd, 0xff, 0xff, 0x7b, 0xdf, 
	0xff, 0xfe, 0xff, 0xfe, 0xff, 0xfe, 0xef, 0x7a, 
	0x00, 0x00, 0x00, 0x00, 0x00, 0x00, 0x00, 0x00, 
	0xf7, 0xbc, 0xff, 0xfe, 0xff, 0xfe, 0xff, 0xfe, 
	0xff, 0xfe, 0xf7, 0xbd, 0xff, 0xff, 0x84, 0x21, 
	0xff, 0xfe, 0xff, 0xfe, 0xff, 0xfe, 0xff, 0xfe, 
	0x00, 0x00, 0x00, 0x00, 0x00, 0x00, 0x00, 0x00, 
	0xf7, 0xbc, 0xff, 0xfe, 0xff, 0xfe, 0xff, 0xfe, 
	0xff, 0xff, 0xff, 0xff, 0xff, 0xff, 0xe7, 0x39, 
	0x8c, 0x63, 0xff, 0xfe, 0xff, 0xfe, 0xff, 0xfe, 
	0x00, 0x00, 0x00, 0x00, 0x00, 0x00, 0x00, 0x00, 
	0xf7, 0xbc, 0xff, 0xfe, 0xff, 0xfe, 0xff, 0xfe, 
	0xff, 0xfe, 0xd6, 0xb5, 0xf7, 0xbd, 0x63, 0x19, 
	0xff, 0xfe, 0xff, 0xfe, 0xff, 0xfe, 0xff, 0xfe, 
	0x00, 0x00, 0x00, 0x00, 0x00, 0x00, 0x00, 0x00, 
	0xf7, 0xbc, 0xff, 0xfe, 0xff, 0xfe, 0xff, 0xfe, 
	0xff, 0xfe, 0xff, 0xfe, 0xbd, 0xef, 0xff, 0xfe, 
	0xff, 0xfe, 0xff, 0xfe, 0xff, 0xfe, 0xff, 0xfe, 
	0x00, 0x00, 0x00, 0x00, 0xef, 0x7a, 0xde, 0xf6, 
	0xff, 0xfe, 0xff, 0xfe, 0xff, 0xfe, 0xff, 0xfe, 
	0xff, 0xfe, 0xff, 0xfe, 0xff, 0xfe, 0xff, 0xfe, 
	0xff, 0xfe, 0xff, 0xfe, 0xff, 0xfe, 0xef, 0x7a, 
	0x00, 0x00, 0xef, 0x7a, 0xff, 0xfe, 0xff, 0xfe, 
	0xff, 0xfe, 0xff, 0xfe, 0xff, 0xff, 0xff, 0xff, 
	0xff, 0xff, 0xff, 0xff, 0xff, 0xff, 0xff, 0xff, 
	0xff, 0xff, 0xff, 0xff, 0x9c, 0xe7, 0xde, 0xf6, 
	0xef, 0x7a, 0xff, 0xfe, 0xff, 0xfe, 0xff, 0xfe, 
	0xff, 0xfe, 0xff, 0xfe, 0xff, 0xfe, 0xff, 0xfe, 
	0xff, 0xfe, 0xff, 0xfe, 0xff, 0xfe, 0xff, 0xfe, 
	0xff, 0xfe, 0xff, 0xfe, 0xf7, 0xbc, 0xde, 0xf6, 
	0xf7, 0xbc, 0xff, 0xfe, 0xff, 0xfe, 0xff, 0xfe, 
	0xff, 0xfe, 0xff, 0xfe, 0xff, 0xfe, 0xff, 0xfe, 
	0xff, 0xfe, 0xff, 0xfe, 0xff, 0xfe, 0xff, 0xfe, 
	0xff, 0xfe, 0xf7, 0xbc, 0xe7, 0x38, 0xde, 0xf6, 
	0xf7, 0xbc, 0xff, 0xfe, 0xef, 0x7a, 0xef, 0x7a, 
	0xef, 0x7a, 0xef, 0x7a, 0xef, 0x7a, 0xef, 0x7a, 
	0xef, 0x7a, 0xef, 0x7a, 0xef, 0x7a, 0xef, 0x7a, 
	0xef, 0x7a, 0xe7, 0x38, 0xde, 0xf6, 0x63, 0x18, 
	0xde, 0xf6, 0xb5, 0xac, 0xb5, 0xac, 0xb5, 0xac, 
	0xb5, 0xac, 0xb5, 0xac, 0xb5, 0xac, 0xb5, 0xac, 
	0xb5, 0xac, 0xb5, 0xac, 0xb5, 0xac, 0xb5, 0xac, 
	0xb5, 0xac, 0xb5, 0xac, 0x6b, 0x5a, 0x00, 0x00, 
	
};

Gfx micons_wall_rgba16_aligner[] = {gsSPEndDisplayList()};
u8 micons_wall_rgba16[] = {
	0xef, 0x7a, 0xd6, 0xb4, 0xd6, 0xb4, 0xd6, 0xb4, 
	0xd6, 0xb4, 0xd6, 0xb4, 0xd6, 0xb4, 0xd6, 0xb4, 
	0xd6, 0xb4, 0xd6, 0xb4, 0xd6, 0xb4, 0xd6, 0xb4, 
	0xd6, 0xb4, 0xd6, 0xb4, 0x9c, 0xe6, 0x00, 0x00, 
	0xf7, 0xbc, 0xff, 0xfe, 0xff, 0xfe, 0xff, 0xfe, 
	0xff, 0xfe, 0xff, 0xfe, 0xff, 0xfe, 0xff, 0xfe, 
	0xff, 0xfe, 0xff, 0xfe, 0xff, 0xfe, 0xff, 0xfe, 
	0xff, 0xfe, 0xf7, 0xbc, 0xe7, 0x38, 0x94, 0xa4, 
	0xf7, 0xbc, 0xff, 0xfe, 0xff, 0xfe, 0xff, 0xfe, 
	0xff, 0xfe, 0xff, 0xfe, 0xff, 0xfe, 0xff, 0xfe, 
	0xff, 0xfe, 0xff, 0xfe, 0xff, 0xfe, 0xff, 0xfe, 
	0xff, 0xfe, 0xff, 0xfe, 0xef, 0x7a, 0xe7, 0x38, 
	0xde, 0xf6, 0xff, 0xfe, 0xff, 0xfe, 0xff, 0xfe, 
	0xff, 0xfe, 0xff, 0xfe, 0xff, 0xfe, 0xff, 0xfe, 
	0xff, 0xfe, 0xff, 0xfe, 0xff, 0xfe, 0xff, 0xfe, 
	0xff, 0xfe, 0xff, 0xfe, 0xde, 0xf7, 0xe7, 0x38, 
	0x00, 0x00, 0xd6, 0xb4, 0xff, 0xfe, 0xf7, 0xbc, 
	0xff, 0xfe, 0xff, 0xfe, 0xff, 0xfe, 0xff, 0xfe, 
	0xff, 0xfe, 0xff, 0xfe, 0xff, 0xfe, 0xff, 0xfe, 
	0xff, 0xfe, 0xff, 0xfe, 0xff, 0xff, 0xe7, 0x38, 
	0x00, 0x00, 0x00, 0x00, 0xd6, 0xb4, 0xb5, 0xac, 
	0xff, 0xfe, 0xff, 0xfe, 0xff, 0xfe, 0xff, 0xfe, 
	0xff, 0xfe, 0xff, 0xfe, 0xde, 0xf7, 0xff, 0xfe, 
	0xff, 0xfe, 0xff, 0xfe, 0xff, 0xff, 0xef, 0x7a, 
	0x00, 0x00, 0x00, 0x00, 0x00, 0x00, 0x00, 0x00, 
	0xf7, 0xbc, 0xff, 0xfe, 0xff, 0xfe, 0xef, 0x7b, 
	0xd6, 0xb5, 0xde, 0xf7, 0xff, 0xff, 0x94, 0xa5, 
	0xff, 0xfe, 0xff, 0xfe, 0xff, 0xff, 0xff, 0xfe, 
	0x00, 0x00, 0x00, 0x00, 0x00, 0x00, 0x00, 0x00, 
	0xf7, 0xbc, 0xff, 0xfe, 0xff, 0xfe, 0xf7, 0xbd, 
	0xff, 0xff, 0xff, 0xff, 0xf7, 0xbd, 0xe7, 0x39, 
	0x8c, 0x63, 0xff, 0xfe, 0xff, 0xff, 0xff, 0xfe, 
	0x00, 0x00, 0x00, 0x00, 0x00, 0x00, 0x00, 0x00, 
	0xf7, 0xbc, 0xff, 0xfe, 0xff, 0xfe, 0xde, 0xf7, 
	0xb5, 0xad, 0xb5, 0xad, 0xf7, 0xbd, 0x63, 0x19, 
	0xff, 0xfe, 0xff, 0xfe, 0xff, 0xff, 0xff, 0xfe, 
	0x00, 0x00, 0x00, 0x00, 0x00, 0x00, 0x00, 0x00, 
	0xf7, 0xbc, 0xff, 0xfe, 0xff, 0xfe, 0xff, 0xfe, 
	0xff, 0xfe, 0xff, 0xfe, 0xbd, 0xef, 0xff, 0xfe, 
	0xff, 0xfe, 0xff, 0xfe, 0xff, 0xff, 0xff, 0xfe, 
	0x00, 0x00, 0x00, 0x00, 0xef, 0x7a, 0xde, 0xf6, 
	0xff, 0xfe, 0xff, 0xfe, 0xff, 0xfe, 0xff, 0xfe, 
	0xff, 0xfe, 0xff, 0xfe, 0xff, 0xfe, 0xff, 0xfe, 
	0xff, 0xfe, 0xff, 0xfe, 0xff, 0xff, 0xef, 0x7a, 
	0x00, 0x00, 0xef, 0x7a, 0xff, 0xfe, 0xff, 0xfe, 
	0xff, 0xfe, 0xff, 0xfe, 0xff, 0xfe, 0xff, 0xfe, 
	0xff, 0xfe, 0xff, 0xfe, 0xff, 0xfe, 0xff, 0xfe, 
	0xff, 0xfe, 0xff, 0xfe, 0xc6, 0x31, 0xde, 0xf6, 
	0xef, 0x7a, 0xff, 0xfe, 0xff, 0xfe, 0xff, 0xfe, 
	0xff, 0xfe, 0xff, 0xfe, 0xff, 0xfe, 0xff, 0xfe, 
	0xff, 0xfe, 0xff, 0xfe, 0xff, 0xfe, 0xff, 0xfe, 
	0xff, 0xfe, 0xff, 0xfe, 0xf7, 0xbc, 0xde, 0xf6, 
	0xf7, 0xbc, 0xff, 0xfe, 0xff, 0xfe, 0xff, 0xfe, 
	0xff, 0xfe, 0xff, 0xfe, 0xff, 0xfe, 0xff, 0xfe, 
	0xff, 0xfe, 0xff, 0xfe, 0xff, 0xfe, 0xff, 0xfe, 
	0xff, 0xfe, 0xf7, 0xbc, 0xe7, 0x38, 0xde, 0xf6, 
	0xf7, 0xbc, 0xff, 0xfe, 0xef, 0x7a, 0xef, 0x7a, 
	0xef, 0x7a, 0xef, 0x7a, 0xef, 0x7a, 0xef, 0x7a, 
	0xef, 0x7a, 0xef, 0x7a, 0xef, 0x7a, 0xef, 0x7a, 
	0xef, 0x7a, 0xe7, 0x38, 0xde, 0xf6, 0x63, 0x18, 
	0xde, 0xf6, 0xb5, 0xac, 0xb5, 0xac, 0xb5, 0xac, 
	0xb5, 0xac, 0xb5, 0xac, 0xb5, 0xac, 0xb5, 0xac, 
	0xb5, 0xac, 0xb5, 0xac, 0xb5, 0xac, 0xb5, 0xac, 
	0xb5, 0xac, 0xb5, 0xac, 0x6b, 0x5a, 0x00, 0x00, 
	
};

Gfx micons_abtn_rgba16_aligner[] = {gsSPEndDisplayList()};
u8 micons_abtn_rgba16[] = {
	0xef, 0x7a, 0xd6, 0xb4, 0xd6, 0xb4, 0xd6, 0xb4, 
	0xd6, 0xb4, 0xd6, 0xb4, 0xd6, 0xb4, 0xd6, 0xb4, 
	0xd6, 0xb4, 0xd6, 0xb4, 0xd6, 0xb4, 0xd6, 0xb4, 
	0xd6, 0xb4, 0xd6, 0xb4, 0x9c, 0xe6, 0x00, 0x00, 
	0xf7, 0xbc, 0xff, 0xfe, 0xff, 0xfe, 0xff, 0xfe, 
	0xff, 0xfe, 0xff, 0xfe, 0xff, 0xfe, 0xff, 0xfe, 
	0xff, 0xfe, 0xff, 0xfe, 0xff, 0xfe, 0xff, 0xfe, 
	0xff, 0xfe, 0xf7, 0xbc, 0xe7, 0x38, 0x94, 0xa4, 
	0xf7, 0xbc, 0xff, 0xfe, 0xff, 0xfe, 0xff, 0xfe, 
	0xff, 0xfe, 0xff, 0xfe, 0xff, 0xfe, 0xff, 0xfe, 
	0xff, 0xfe, 0xff, 0xfe, 0xff, 0xfe, 0xff, 0xfe, 
	0xff, 0xfe, 0xff, 0xfe, 0xef, 0x7a, 0xe7, 0x38, 
	0xde, 0xf6, 0xff, 0xfe, 0xff, 0xfe, 0xff, 0xfe, 
	0xff, 0xfe, 0xff, 0xfe, 0xff, 0xfe, 0xff, 0xfe, 
	0x00, 0x3b, 0x00, 0x35, 0x00, 0x35, 0x00, 0x27, 
	0xff, 0xfe, 0xff, 0xfe, 0xf7, 0xbc, 0xe7, 0x38, 
	0x00, 0x00, 0xd6, 0xb4, 0xff, 0xfe, 0xf7, 0xbc, 
	0xff, 0xfe, 0xff, 0xfe, 0xff, 0xfe, 0x00, 0x3b, 
	0x00, 0x3f, 0x00, 0x3f, 0x00, 0x3d, 0x00, 0x39, 
	0x00, 0x25, 0xff, 0xfe, 0xf7, 0xbc, 0xe7, 0x38, 
	0x00, 0x00, 0x00, 0x00, 0xd6, 0xb4, 0xb5, 0xac, 
	0xff, 0xfe, 0xff, 0xfe, 0x00, 0x3b, 0x00, 0x3f, 
	0x00, 0x3f, 0x00, 0x01, 0x00, 0x3f, 0x00, 0x3b, 
	0x00, 0x39, 0x00, 0x25, 0xff, 0xfe, 0xef, 0x7a, 
	0x00, 0x00, 0x00, 0x00, 0x00, 0x00, 0x00, 0x00, 
	0xf7, 0xbc, 0x00, 0x3b, 0x00, 0x3f, 0x00, 0x3f, 
	0x00, 0x01, 0x00, 0x3f, 0x00, 0x01, 0x00, 0x3f, 
	0x00, 0x3b, 0x00, 0x39, 0x00, 0x25, 0xff, 0xfe, 
	0x00, 0x00, 0x00, 0x00, 0x00, 0x00, 0x00, 0x00, 
	0xf7, 0xbc, 0x00, 0x3d, 0x00, 0x3f, 0x00, 0x3f, 
	0x00, 0x01, 0x00, 0x3f, 0x00, 0x01, 0x00, 0x3f, 
	0x00, 0x3d, 0x00, 0x39, 0x00, 0x1f, 0xff, 0xfe, 
	0x00, 0x00, 0x00, 0x00, 0x00, 0x00, 0x00, 0x00, 
	0xf7, 0xbc, 0x00, 0x3d, 0x00, 0x3f, 0x00, 0x3f, 
	0x00, 0x01, 0x00, 0x01, 0x00, 0x01, 0x00, 0x3f, 
	0x00, 0x3d, 0x00, 0x37, 0x00, 0x1f, 0xff, 0xfe, 
	0x00, 0x00, 0x00, 0x00, 0x00, 0x00, 0x00, 0x00, 
	0xf7, 0xbc, 0x00, 0x37, 0x00, 0x3f, 0x00, 0x3f, 
	0x00, 0x01, 0x00, 0x3f, 0x00, 0x01, 0x00, 0x3f, 
	0x00, 0x39, 0x00, 0x37, 0x00, 0x19, 0xff, 0xfe, 
	0x00, 0x00, 0x00, 0x00, 0xef, 0x7a, 0xde, 0xf6, 
	0xff, 0xfe, 0xff, 0xfe, 0x00, 0x35, 0x00, 0x3f, 
	0x00, 0x01, 0x00, 0x3f, 0x00, 0x01, 0x00, 0x39, 
	0x00, 0x37, 0x00, 0x19, 0xff, 0xfe, 0xef, 0x7a, 
	0x00, 0x00, 0xef, 0x7a, 0xff, 0xfe, 0xff, 0xfe, 
	0xff, 0xfe, 0xff, 0xfe, 0xff, 0xfe, 0x00, 0x35, 
	0x00, 0x3f, 0x00, 0x3d, 0x00, 0x39, 0x00, 0x37, 
	0x00, 0x19, 0xff, 0xfe, 0xf7, 0xbc, 0xde, 0xf6, 
	0xef, 0x7a, 0xff, 0xfe, 0xff, 0xfe, 0xff, 0xfe, 
	0xff, 0xfe, 0xff, 0xfe, 0xff, 0xfe, 0xff, 0xfe, 
	0x00, 0x35, 0x00, 0x2d, 0x00, 0x2d, 0x00, 0x1b, 
	0xff, 0xfe, 0xff, 0xfe, 0xf7, 0xbc, 0xde, 0xf6, 
	0xf7, 0xbc, 0xff, 0xfe, 0xff, 0xfe, 0xff, 0xfe, 
	0xff, 0xfe, 0xff, 0xfe, 0xff, 0xfe, 0xff, 0xfe, 
	0xff, 0xfe, 0xff, 0xfe, 0xff, 0xfe, 0xff, 0xfe, 
	0xff, 0xfe, 0xf7, 0xbc, 0xe7, 0x38, 0xde, 0xf6, 
	0xf7, 0xbc, 0xff, 0xfe, 0xef, 0x7a, 0xef, 0x7a, 
	0xef, 0x7a, 0xef, 0x7a, 0xef, 0x7a, 0xef, 0x7a, 
	0xef, 0x7a, 0xef, 0x7a, 0xef, 0x7a, 0xef, 0x7a, 
	0xef, 0x7a, 0xe7, 0x38, 0xde, 0xf6, 0x63, 0x18, 
	0xde, 0xf6, 0xb5, 0xac, 0xb5, 0xac, 0xb5, 0xac, 
	0xb5, 0xac, 0xb5, 0xac, 0xb5, 0xac, 0xb5, 0xac, 
	0xb5, 0xac, 0xb5, 0xac, 0xb5, 0xac, 0xb5, 0xac, 
	0xb5, 0xac, 0xb5, 0xac, 0x6b, 0x5a, 0x00, 0x00, 
	
};

Gfx micons_bbtn_rgba16_aligner[] = {gsSPEndDisplayList()};
u8 micons_bbtn_rgba16[] = {
	0xef, 0x7a, 0xd6, 0xb4, 0xd6, 0xb4, 0xd6, 0xb4, 
	0xd6, 0xb4, 0xd6, 0xb4, 0xd6, 0xb4, 0xd6, 0xb4, 
	0xd6, 0xb4, 0xd6, 0xb4, 0xd6, 0xb4, 0xd6, 0xb4, 
	0xd6, 0xb4, 0xd6, 0xb4, 0x9c, 0xe6, 0x00, 0x00, 
	0xf7, 0xbc, 0xff, 0xfe, 0xff, 0xfe, 0xff, 0xfe, 
	0xff, 0xfe, 0xff, 0xfe, 0xff, 0xfe, 0xff, 0xfe, 
	0xff, 0xfe, 0xff, 0xfe, 0xff, 0xfe, 0xff, 0xfe, 
	0xff, 0xfe, 0xf7, 0xbc, 0xe7, 0x38, 0x94, 0xa4, 
	0xf7, 0xbc, 0xff, 0xfe, 0xff, 0xfe, 0xff, 0xfe, 
	0xff, 0xfe, 0xff, 0xfe, 0xff, 0xfe, 0xff, 0xfe, 
	0xff, 0xfe, 0xff, 0xfe, 0xff, 0xfe, 0xff, 0xfe, 
	0xff, 0xfe, 0xff, 0xfe, 0xef, 0x7a, 0xe7, 0x38, 
	0xde, 0xf6, 0xff, 0xfe, 0xff, 0xfe, 0xff, 0xfe, 
	0xff, 0xfe, 0xff, 0xfe, 0xff, 0xfe, 0xff, 0xfe, 
	0x07, 0x41, 0x06, 0x81, 0x06, 0x81, 0x04, 0xc1, 
	0xff, 0xfe, 0xff, 0xfe, 0xf7, 0xbc, 0xe7, 0x38, 
	0x00, 0x00, 0xd6, 0xb4, 0xff, 0xfe, 0xf7, 0xbc, 
	0xff, 0xfe, 0xff, 0xfe, 0xff, 0xfe, 0x07, 0x41, 
	0x07, 0xc1, 0x07, 0xc1, 0x07, 0x81, 0x07, 0x01, 
	0x04, 0x81, 0xff, 0xfe, 0xf7, 0xbc, 0xe7, 0x38, 
	0x00, 0x00, 0x00, 0x00, 0xd6, 0xb4, 0xb5, 0xac, 
	0xff, 0xfe, 0xff, 0xfe, 0x07, 0x41, 0x07, 0xc1, 
	0x07, 0xc1, 0x07, 0xc1, 0x07, 0xc1, 0x07, 0x41, 
	0x07, 0x01, 0x04, 0x81, 0xff, 0xfe, 0xef, 0x7a, 
	0x00, 0x00, 0x00, 0x00, 0x00, 0x00, 0x00, 0x00, 
	0xf7, 0xbc, 0x07, 0x41, 0x07, 0xc1, 0x07, 0xc1, 
	0x00, 0x01, 0x00, 0x01, 0x07, 0xc1, 0x07, 0xc1, 
	0x07, 0x41, 0x07, 0x01, 0x04, 0x81, 0xff, 0xfe, 
	0x00, 0x00, 0x00, 0x00, 0x00, 0x00, 0x00, 0x00, 
	0xf7, 0xbc, 0x07, 0x81, 0x07, 0xc1, 0x07, 0xc1, 
	0x00, 0x01, 0x07, 0xc1, 0x00, 0x01, 0x07, 0xc1, 
	0x07, 0x81, 0x07, 0x01, 0x03, 0xc1, 0xff, 0xfe, 
	0x00, 0x00, 0x00, 0x00, 0x00, 0x00, 0x00, 0x00, 
	0xf7, 0xbc, 0x07, 0x81, 0x07, 0xc1, 0x07, 0xc1, 
	0x00, 0x01, 0x00, 0x01, 0x07, 0xc1, 0x07, 0xc1, 
	0x07, 0x81, 0x06, 0xc1, 0x03, 0xc1, 0xff, 0xfe, 
	0x00, 0x00, 0x00, 0x00, 0x00, 0x00, 0x00, 0x00, 
	0xf7, 0xbc, 0x06, 0xc1, 0x07, 0xc1, 0x07, 0xc1, 
	0x00, 0x01, 0x07, 0xc1, 0x00, 0x01, 0x07, 0xc1, 
	0x07, 0x01, 0x06, 0xc1, 0x03, 0x01, 0xff, 0xfe, 
	0x00, 0x00, 0x00, 0x00, 0xef, 0x7a, 0xde, 0xf6, 
	0xff, 0xfe, 0xff, 0xfe, 0x06, 0x81, 0x07, 0xc1, 
	0x00, 0x01, 0x00, 0x01, 0x00, 0x01, 0x07, 0x01, 
	0x06, 0xc1, 0x03, 0x01, 0xff, 0xfe, 0xef, 0x7a, 
	0x00, 0x00, 0xef, 0x7a, 0xff, 0xfe, 0xff, 0xfe, 
	0xff, 0xfe, 0xff, 0xfe, 0xff, 0xfe, 0x06, 0x81, 
	0x07, 0xc1, 0x07, 0x81, 0x07, 0x01, 0x06, 0xc1, 
	0x03, 0x01, 0xff, 0xfe, 0xf7, 0xbc, 0xde, 0xf6, 
	0xef, 0x7a, 0xff, 0xfe, 0xff, 0xfe, 0xff, 0xfe, 
	0xff, 0xfe, 0xff, 0xfe, 0xff, 0xfe, 0xff, 0xfe, 
	0x06, 0x81, 0x05, 0x81, 0x05, 0x81, 0x03, 0x41, 
	0xff, 0xfe, 0xff, 0xfe, 0xf7, 0xbc, 0xde, 0xf6, 
	0xf7, 0xbc, 0xff, 0xfe, 0xff, 0xfe, 0xff, 0xfe, 
	0xff, 0xfe, 0xff, 0xfe, 0xff, 0xfe, 0xff, 0xfe, 
	0xff, 0xfe, 0xff, 0xfe, 0xff, 0xfe, 0xff, 0xfe, 
	0xff, 0xfe, 0xf7, 0xbc, 0xe7, 0x38, 0xde, 0xf6, 
	0xf7, 0xbc, 0xff, 0xfe, 0xef, 0x7a, 0xef, 0x7a, 
	0xef, 0x7a, 0xef, 0x7a, 0xef, 0x7a, 0xef, 0x7a, 
	0xef, 0x7a, 0xef, 0x7a, 0xef, 0x7a, 0xef, 0x7a, 
	0xef, 0x7a, 0xe7, 0x38, 0xde, 0xf6, 0x63, 0x18, 
	0xde, 0xf6, 0xb5, 0xac, 0xb5, 0xac, 0xb5, 0xac, 
	0xb5, 0xac, 0xb5, 0xac, 0xb5, 0xac, 0xb5, 0xac, 
	0xb5, 0xac, 0xb5, 0xac, 0xb5, 0xac, 0xb5, 0xac, 
	0xb5, 0xac, 0xb5, 0xac, 0x6b, 0x5a, 0x00, 0x00, 
	
};

Gfx micons_clock_rgba16_aligner[] = {gsSPEndDisplayList()};
u8 micons_clock_rgba16[] = {
	0xef, 0x7a, 0xd6, 0xb4, 0xd6, 0xb4, 0xd6, 0xb4, 
	0xd6, 0xb4, 0xd6, 0xb4, 0xd6, 0xb4, 0xd6, 0xb4, 
	0xd6, 0xb4, 0xd6, 0xb4, 0xd6, 0xb4, 0xd6, 0xb4, 
	0xd6, 0xb4, 0xd6, 0xb4, 0x9c, 0xe6, 0x00, 0x00, 
	0xf7, 0xbc, 0xff, 0xfe, 0xff, 0xfe, 0xff, 0xfe, 
	0xff, 0xfe, 0xff, 0xfe, 0xff, 0xfe, 0xff, 0xfe, 
	0xff, 0xfe, 0xff, 0xfe, 0xff, 0xfe, 0xff, 0xfe, 
	0xff, 0xfe, 0xf7, 0xbc, 0xe7, 0x38, 0x94, 0xa4, 
	0xf7, 0xbc, 0xff, 0xfe, 0xff, 0xfe, 0xff, 0xfe, 
	0xff, 0xfe, 0xff, 0xfe, 0xff, 0xfe, 0xff, 0xfe, 
	0xff, 0xfe, 0xff, 0xfe, 0xff, 0xfe, 0xff, 0xfe, 
	0xff, 0xfe, 0xff, 0xfe, 0xef, 0x7a, 0xe7, 0x38, 
	0xde, 0xf6, 0xff, 0xfe, 0xff, 0xfe, 0xff, 0xfe, 
	0xff, 0xfe, 0xff, 0xfe, 0xff, 0xfe, 0xff, 0xfe, 
	0xef, 0x7b, 0xd6, 0xb5, 0xd6, 0xb5, 0x9c, 0xe7, 
	0xff, 0xfe, 0xff, 0xfe, 0xf7, 0xbc, 0xe7, 0x38, 
	0x00, 0x00, 0xd6, 0xb4, 0xff, 0xfe, 0xf7, 0xbc, 
	0xff, 0xfe, 0xff, 0xfe, 0xff, 0xfe, 0xef, 0x7b, 
	0xff, 0xff, 0xff, 0xff, 0xf7, 0xbd, 0xe7, 0x39, 
	0x94, 0xa5, 0xff, 0xfe, 0xf7, 0xbc, 0xe7, 0x38, 
	0x00, 0x00, 0x00, 0x00, 0xd6, 0xb4, 0xb5, 0xac, 
	0xff, 0xfe, 0xff, 0xfe, 0xef, 0x7b, 0xff, 0xff, 
	0xff, 0xff, 0x00, 0x01, 0xff, 0xff, 0xef, 0x7b, 
	0xe7, 0x39, 0x94, 0xa5, 0xff, 0xfe, 0xef, 0x7a, 
	0x00, 0x00, 0x00, 0x00, 0x00, 0x00, 0x00, 0x00, 
	0xf7, 0xbc, 0xef, 0x7b, 0xff, 0xff, 0xff, 0xff, 
	0xff, 0xff, 0x00, 0x01, 0xff, 0xff, 0xff, 0xff, 
	0xef, 0x7b, 0xe7, 0x39, 0x94, 0xa5, 0xff, 0xfe, 
	0x00, 0x00, 0x00, 0x00, 0x00, 0x00, 0x00, 0x00, 
	0xf7, 0xbc, 0xf7, 0xbd, 0xff, 0xff, 0xff, 0xff, 
	0xff, 0xff, 0x00, 0x01, 0xff, 0xff, 0xff, 0xff, 
	0xf7, 0xbd, 0xe7, 0x39, 0x7b, 0xdf, 0xff, 0xfe, 
	0x00, 0x00, 0x00, 0x00, 0x00, 0x00, 0x00, 0x00, 
	0xf7, 0xbc, 0xf7, 0xbd, 0xff, 0xff, 0xff, 0xff, 
	0xff, 0xff, 0x00, 0x01, 0x00, 0x01, 0x00, 0x01, 
	0x00, 0x01, 0xde, 0xf7, 0x7b, 0xdf, 0xff, 0xfe, 
	0x00, 0x00, 0x00, 0x00, 0x00, 0x00, 0x00, 0x00, 
	0xf7, 0xbc, 0xde, 0xf7, 0xff, 0xff, 0xff, 0xff, 
	0xff, 0xff, 0xff, 0xff, 0xff, 0xff, 0xff, 0xff, 
	0xe7, 0x39, 0xde, 0xf7, 0x63, 0x19, 0xff, 0xfe, 
	0x00, 0x00, 0x00, 0x00, 0xef, 0x7a, 0xde, 0xf6, 
	0xff, 0xfe, 0xff, 0xfe, 0xd6, 0xb5, 0xff, 0xff, 
	0xff, 0xff, 0xff, 0xff, 0xf7, 0xbd, 0xe7, 0x39, 
	0xde, 0xf7, 0x63, 0x19, 0xff, 0xfe, 0xef, 0x7a, 
	0x00, 0x00, 0xef, 0x7a, 0xff, 0xfe, 0xff, 0xfe, 
	0xff, 0xfe, 0xff, 0xfe, 0xff, 0xfe, 0xd6, 0xb5, 
	0xff, 0xff, 0xf7, 0xbd, 0xe7, 0x39, 0xde, 0xf7, 
	0x63, 0x19, 0xff, 0xfe, 0xf7, 0xbc, 0xde, 0xf6, 
	0xef, 0x7a, 0xff, 0xfe, 0xff, 0xfe, 0xff, 0xfe, 
	0xff, 0xfe, 0xff, 0xfe, 0xff, 0xfe, 0xff, 0xfe, 
	0xd6, 0xb5, 0xb5, 0xad, 0xb5, 0xad, 0x6b, 0x5b, 
	0xff, 0xfe, 0xff, 0xfe, 0xf7, 0xbc, 0xde, 0xf6, 
	0xf7, 0xbc, 0xff, 0xfe, 0xff, 0xfe, 0xff, 0xfe, 
	0xff, 0xfe, 0xff, 0xfe, 0xff, 0xfe, 0xff, 0xfe, 
	0xff, 0xfe, 0xff, 0xfe, 0xff, 0xfe, 0xff, 0xfe, 
	0xff, 0xfe, 0xf7, 0xbc, 0xe7, 0x38, 0xde, 0xf6, 
	0xf7, 0xbc, 0xff, 0xfe, 0xef, 0x7a, 0xef, 0x7a, 
	0xef, 0x7a, 0xef, 0x7a, 0xef, 0x7a, 0xef, 0x7a, 
	0xef, 0x7a, 0xef, 0x7a, 0xef, 0x7a, 0xef, 0x7a, 
	0xef, 0x7a, 0xe7, 0x38, 0xde, 0xf6, 0x63, 0x18, 
	0xde, 0xf6, 0xb5, 0xac, 0xb5, 0xac, 0xb5, 0xac, 
	0xb5, 0xac, 0xb5, 0xac, 0xb5, 0xac, 0xb5, 0xac, 
	0xb5, 0xac, 0xb5, 0xac, 0xb5, 0xac, 0xb5, 0xac, 
	0xb5, 0xac, 0xb5, 0xac, 0x6b, 0x5a, 0x00, 0x00, 
	
};

Gfx micons_pow_rgba16_aligner[] = {gsSPEndDisplayList()};
u8 micons_pow_rgba16[] = {
	0xef, 0x7a, 0xd6, 0xb4, 0xd6, 0xb4, 0xd6, 0xb4, 
	0xd6, 0xb4, 0xd6, 0xb4, 0xd6, 0xb4, 0xd6, 0xb4, 
	0xd6, 0xb4, 0xd6, 0xb4, 0xd6, 0xb4, 0xd6, 0xb4, 
	0xd6, 0xb4, 0xd6, 0xb4, 0x9c, 0xe6, 0x00, 0x00, 
	0xf7, 0xbc, 0xff, 0xfe, 0xff, 0xfe, 0xff, 0xfe, 
	0xff, 0xfe, 0xff, 0xfe, 0xff, 0xfe, 0xff, 0xfe, 
	0xff, 0xfe, 0xff, 0xfe, 0xff, 0xfe, 0xff, 0xfe, 
	0xff, 0xfe, 0xf7, 0xbc, 0xe7, 0x38, 0x94, 0xa4, 
	0xf7, 0xbc, 0xff, 0xfe, 0xff, 0xfe, 0xff, 0xfe, 
	0xff, 0xfe, 0xff, 0xfe, 0xff, 0xfe, 0xff, 0xfe, 
	0xff, 0xfe, 0xff, 0xfe, 0xff, 0xfe, 0xff, 0xfe, 
	0xff, 0xfe, 0xff, 0xfe, 0xef, 0x7a, 0xe7, 0x38, 
	0xde, 0xf6, 0xff, 0xfe, 0xff, 0xfe, 0xff, 0xfe, 
	0xff, 0xfe, 0xff, 0xfe, 0xff, 0xfe, 0xff, 0xfe, 
	0xff, 0xfe, 0xff, 0xfe, 0xff, 0xfe, 0xff, 0xfe, 
	0xff, 0xfe, 0xff, 0xfe, 0xf7, 0xbc, 0xe7, 0x38, 
	0x00, 0x00, 0xd6, 0xb4, 0xff, 0xfe, 0xf7, 0xbc, 
	0xff, 0xfe, 0xff, 0xfe, 0xd8, 0x01, 0xff, 0xfe, 
	0xff, 0xfe, 0xff, 0xfe, 0xff, 0xfe, 0xff, 0xfe, 
	0xff, 0xfe, 0xff, 0xfe, 0xd8, 0x01, 0xe7, 0x38, 
	0x00, 0x00, 0x00, 0x00, 0xd6, 0xb4, 0xb5, 0xac, 
	0xff, 0xfe, 0xff, 0xfe, 0xfb, 0x19, 0xff, 0xfe, 
	0xff, 0xfe, 0xff, 0xfe, 0xd8, 0x01, 0xff, 0xfe, 
	0xff, 0xfe, 0xff, 0xfe, 0xf8, 0x01, 0xef, 0x7a, 
	0x00, 0x00, 0x00, 0x00, 0x00, 0x00, 0x00, 0x00, 
	0xf7, 0xbc, 0xff, 0xfe, 0xf8, 0x01, 0x98, 0x01, 
	0xff, 0xfe, 0xe8, 0x01, 0xf8, 0x01, 0x90, 0x01, 
	0xff, 0xfe, 0xe8, 0x01, 0x98, 0x01, 0xff, 0xfe, 
	0x00, 0x00, 0x00, 0x00, 0x00, 0x00, 0x00, 0x00, 
	0xf7, 0xbc, 0xff, 0xfe, 0xd8, 0x01, 0xfa, 0x53, 
	0xd0, 0x01, 0xf9, 0x09, 0xf8, 0x85, 0xe0, 0x01, 
	0xd0, 0x01, 0xf8, 0x43, 0x60, 0x01, 0xff, 0xfe, 
	0x00, 0x00, 0x00, 0x00, 0x00, 0x00, 0x00, 0x00, 
	0xf7, 0xbc, 0xff, 0xfe, 0xff, 0xfe, 0xf0, 0x01, 
	0xfb, 0x9d, 0xfa, 0x53, 0xff, 0x0b, 0xf8, 0x01, 
	0xe0, 0x01, 0x78, 0x01, 0xff, 0xfe, 0xff, 0xfe, 
	0x00, 0x00, 0x00, 0x00, 0x00, 0x00, 0x00, 0x00, 
	0xf7, 0xbc, 0xff, 0xfe, 0xff, 0xfe, 0xd8, 0x01, 
	0xf8, 0x43, 0xff, 0xe1, 0xff, 0x07, 0xee, 0x81, 
	0xd8, 0x01, 0x60, 0x01, 0xff, 0xfe, 0xff, 0xfe, 
	0x00, 0x00, 0x00, 0x00, 0xef, 0x7a, 0xde, 0xf6, 
	0xff, 0xfe, 0xff, 0xfe, 0xff, 0xfe, 0xff, 0xfe, 
	0xf0, 0x01, 0xff, 0x01, 0xee, 0xc1, 0xde, 0x41, 
	0x78, 0x01, 0xff, 0xfe, 0xff, 0xfe, 0xef, 0x7a, 
	0x00, 0x00, 0xef, 0x7a, 0xff, 0xfe, 0xff, 0xfe, 
	0xff, 0xfe, 0xff, 0xfe, 0xff, 0xfe, 0xff, 0xfe, 
	0xd8, 0x01, 0xb5, 0x01, 0xb5, 0x01, 0xb5, 0x01, 
	0x70, 0x01, 0xff, 0xfe, 0xf7, 0xbc, 0xde, 0xf6, 
	0xef, 0x7a, 0xff, 0xfe, 0xff, 0xfe, 0xff, 0xfe, 
	0xff, 0xfe, 0xff, 0xfe, 0xff, 0xfe, 0xff, 0xfe, 
	0xff, 0xfe, 0xff, 0xfe, 0xff, 0xfe, 0xff, 0xfe, 
	0xff, 0xfe, 0xff, 0xfe, 0xf7, 0xbc, 0xde, 0xf6, 
	0xf7, 0xbc, 0xff, 0xfe, 0xff, 0xfe, 0xff, 0xfe, 
	0xff, 0xfe, 0xff, 0xfe, 0xff, 0xfe, 0xff, 0xfe, 
	0xff, 0xfe, 0xff, 0xfe, 0xff, 0xfe, 0xff, 0xfe, 
	0xff, 0xfe, 0xf7, 0xbc, 0xe7, 0x38, 0xde, 0xf6, 
	0xf7, 0xbc, 0xff, 0xfe, 0xef, 0x7a, 0xef, 0x7a, 
	0xef, 0x7a, 0xef, 0x7a, 0xef, 0x7a, 0xef, 0x7a, 
	0xef, 0x7a, 0xef, 0x7a, 0xef, 0x7a, 0xef, 0x7a, 
	0xef, 0x7a, 0xe7, 0x38, 0xde, 0xf6, 0x63, 0x18, 
	0xde, 0xf6, 0xb5, 0xac, 0xb5, 0xac, 0xb5, 0xac, 
	0xb5, 0xac, 0xb5, 0xac, 0xb5, 0xac, 0xb5, 0xac, 
	0xb5, 0xac, 0xb5, 0xac, 0xb5, 0xac, 0xb5, 0xac, 
	0xb5, 0xac, 0xb5, 0xac, 0x6b, 0x5a, 0x00, 0x00, 
	
};

Gfx micons_spd_rgba16_aligner[] = {gsSPEndDisplayList()};
u8 micons_spd_rgba16[] = {
	0xef, 0x7a, 0xd6, 0xb4, 0xd6, 0xb4, 0xd6, 0xb4, 
	0xd6, 0xb4, 0xd6, 0xb4, 0xd6, 0xb4, 0xd6, 0xb4, 
	0xd6, 0xb4, 0xd6, 0xb4, 0xd6, 0xb4, 0xd6, 0xb4, 
	0xd6, 0xb4, 0xd6, 0xb4, 0x9c, 0xe6, 0x00, 0x00, 
	0xf7, 0xbc, 0xff, 0xfe, 0xff, 0xfe, 0xff, 0xfe, 
	0xff, 0xfe, 0xff, 0xfe, 0xff, 0xfe, 0xff, 0xfe, 
	0xff, 0xfe, 0xff, 0xfe, 0xff, 0xfe, 0xff, 0xfe, 
	0xff, 0xfe, 0xf7, 0xbc, 0xe7, 0x38, 0x94, 0xa4, 
	0xf7, 0xbc, 0xff, 0xfe, 0xff, 0xfe, 0xff, 0xfe, 
	0xff, 0xfe, 0xff, 0xfe, 0xff, 0xfe, 0xff, 0xfe, 
	0xff, 0xfe, 0xff, 0xfe, 0xff, 0xfe, 0xff, 0xfe, 
	0xff, 0xfe, 0xff, 0xfe, 0xef, 0x7a, 0xe7, 0x38, 
	0xde, 0xf6, 0xff, 0xfe, 0xff, 0xfe, 0xff, 0xfe, 
	0xff, 0xfe, 0xff, 0xfe, 0xff, 0xfe, 0xff, 0xfe, 
	0xff, 0xfe, 0xff, 0xfe, 0xff, 0xfe, 0xff, 0xfe, 
	0xff, 0xfe, 0xff, 0xfe, 0xf7, 0xbc, 0xe7, 0x38, 
	0x00, 0x00, 0xd6, 0xb4, 0xff, 0xfe, 0xf7, 0xbc, 
	0xff, 0xfe, 0xff, 0xfe, 0xde, 0xf7, 0xff, 0xfe, 
	0xff, 0xfe, 0xff, 0xfe, 0xff, 0xfe, 0xde, 0xf7, 
	0xff, 0xfe, 0xff, 0xfe, 0xf7, 0xbc, 0xe7, 0x38, 
	0x00, 0x00, 0x00, 0x00, 0xd6, 0xb4, 0xb5, 0xac, 
	0xff, 0xfe, 0xff, 0xfe, 0xff, 0xff, 0x9c, 0xe7, 
	0xff, 0xfe, 0xff, 0xfe, 0xff, 0xfe, 0xff, 0xff, 
	0x9c, 0xe7, 0xff, 0xfe, 0xff, 0xfe, 0xef, 0x7a, 
	0x00, 0x00, 0x00, 0x00, 0x00, 0x00, 0x00, 0x00, 
	0xf7, 0xbc, 0xff, 0xfe, 0xff, 0xff, 0xff, 0xff, 
	0x94, 0xa5, 0xff, 0xfe, 0xff, 0xfe, 0xff, 0xff, 
	0xff, 0xff, 0x94, 0xa5, 0xff, 0xfe, 0xff, 0xfe, 
	0x00, 0x00, 0x00, 0x00, 0x00, 0x00, 0x00, 0x00, 
	0xf7, 0xbc, 0xff, 0xfe, 0xf7, 0xbd, 0xff, 0xff, 
	0xef, 0x7b, 0x94, 0xa5, 0xff, 0xfe, 0xf7, 0xbd, 
	0xff, 0xff, 0xef, 0x7b, 0x94, 0xa5, 0xff, 0xfe, 
	0x00, 0x00, 0x00, 0x00, 0x00, 0x00, 0x00, 0x00, 
	0xf7, 0xbc, 0xff, 0xfe, 0xf7, 0xbd, 0xff, 0xff, 
	0xe7, 0x39, 0x63, 0x19, 0xff, 0xfe, 0xf7, 0xbd, 
	0xff, 0xff, 0xe7, 0x39, 0x63, 0x19, 0xff, 0xfe, 
	0x00, 0x00, 0x00, 0x00, 0x00, 0x00, 0x00, 0x00, 
	0xf7, 0xbc, 0xff, 0xfe, 0xff, 0xff, 0xf7, 0xbd, 
	0x63, 0x19, 0xff, 0xfe, 0xff, 0xfe, 0xff, 0xff, 
	0xf7, 0xbd, 0x63, 0x19, 0xff, 0xfe, 0xff, 0xfe, 
	0x00, 0x00, 0x00, 0x00, 0xef, 0x7a, 0xde, 0xf6, 
	0xff, 0xfe, 0xff, 0xfe, 0xff, 0xff, 0x6b, 0x5b, 
	0xff, 0xfe, 0xff, 0xfe, 0xff, 0xfe, 0xff, 0xff, 
	0x6b, 0x5b, 0xff, 0xfe, 0xff, 0xfe, 0xef, 0x7a, 
	0x00, 0x00, 0xef, 0x7a, 0xff, 0xfe, 0xff, 0xfe, 
	0xff, 0xfe, 0xff, 0xfe, 0xc6, 0x31, 0xff, 0xfe, 
	0xff, 0xfe, 0xff, 0xfe, 0xff, 0xfe, 0xc6, 0x31, 
	0xff, 0xfe, 0xff, 0xfe, 0xf7, 0xbc, 0xde, 0xf6, 
	0xef, 0x7a, 0xff, 0xfe, 0xff, 0xfe, 0xff, 0xfe, 
	0xff, 0xfe, 0xff, 0xfe, 0xff, 0xfe, 0xff, 0xfe, 
	0xff, 0xfe, 0xff, 0xfe, 0xff, 0xfe, 0xff, 0xfe, 
	0xff, 0xfe, 0xff, 0xfe, 0xf7, 0xbc, 0xde, 0xf6, 
	0xf7, 0xbc, 0xff, 0xfe, 0xff, 0xfe, 0xff, 0xfe, 
	0xff, 0xfe, 0xff, 0xfe, 0xff, 0xfe, 0xff, 0xfe, 
	0xff, 0xfe, 0xff, 0xfe, 0xff, 0xfe, 0xff, 0xfe, 
	0xff, 0xfe, 0xf7, 0xbc, 0xe7, 0x38, 0xde, 0xf6, 
	0xf7, 0xbc, 0xff, 0xfe, 0xef, 0x7a, 0xef, 0x7a, 
	0xef, 0x7a, 0xef, 0x7a, 0xef, 0x7a, 0xef, 0x7a, 
	0xef, 0x7a, 0xef, 0x7a, 0xef, 0x7a, 0xef, 0x7a, 
	0xef, 0x7a, 0xe7, 0x38, 0xde, 0xf6, 0x63, 0x18, 
	0xde, 0xf6, 0xb5, 0xac, 0xb5, 0xac, 0xb5, 0xac, 
	0xb5, 0xac, 0xb5, 0xac, 0xb5, 0xac, 0xb5, 0xac, 
	0xb5, 0xac, 0xb5, 0xac, 0xb5, 0xac, 0xb5, 0xac, 
	0xb5, 0xac, 0xb5, 0xac, 0x6b, 0x5a, 0x00, 0x00, 
	
};

Gfx micons_btngen_rgba16_aligner[] = {gsSPEndDisplayList()};
u8 micons_btngen_rgba16[] = {
	0xef, 0x7a, 0xd6, 0xb4, 0xd6, 0xb4, 0xd6, 0xb4, 
	0xd6, 0xb4, 0xd6, 0xb4, 0xd6, 0xb4, 0xd6, 0xb4, 
	0xd6, 0xb4, 0xd6, 0xb4, 0xd6, 0xb4, 0xd6, 0xb4, 
	0xd6, 0xb4, 0xd6, 0xb4, 0x9c, 0xe6, 0x00, 0x00, 
	0xf7, 0xbc, 0xff, 0xfe, 0xff, 0xfe, 0xff, 0xfe, 
	0xff, 0xfe, 0xff, 0xfe, 0xff, 0xfe, 0xff, 0xfe, 
	0xff, 0xfe, 0xff, 0xfe, 0xff, 0xfe, 0xff, 0xfe, 
	0xff, 0xfe, 0xf7, 0xbc, 0xe7, 0x38, 0x94, 0xa4, 
	0xf7, 0xbc, 0xff, 0xfe, 0xff, 0xfe, 0xff, 0xfe, 
	0xff, 0xfe, 0xff, 0xfe, 0xff, 0xfe, 0xff, 0xfe, 
	0xff, 0xfe, 0xff, 0xfe, 0xff, 0xfe, 0xff, 0xfe, 
	0xff, 0xfe, 0xff, 0xfe, 0xef, 0x7a, 0xe7, 0x38, 
	0xde, 0xf6, 0xff, 0xfe, 0xff, 0xfe, 0xff, 0xfe, 
	0xff, 0xfe, 0xff, 0xfe, 0xff, 0xfe, 0xff, 0xfe, 
	0xef, 0x7b, 0xde, 0xf7, 0xde, 0xf7, 0xa5, 0x29, 
	0xff, 0xfe, 0xff, 0xfe, 0xf7, 0xbc, 0xe7, 0x38, 
	0x00, 0x00, 0xd6, 0xb4, 0xff, 0xfe, 0xf7, 0xbc, 
	0xff, 0xfe, 0xff, 0xfe, 0xff, 0xfe, 0xe7, 0x39, 
	0xff, 0xff, 0xff, 0xff, 0xf7, 0xbd, 0xef, 0x7b, 
	0x9c, 0xe7, 0xff, 0xfe, 0xf7, 0xbc, 0xe7, 0x38, 
	0x00, 0x00, 0x00, 0x00, 0xd6, 0xb4, 0xb5, 0xac, 
	0xff, 0xfe, 0xff, 0xfe, 0xe7, 0x39, 0xff, 0xff, 
	0xff, 0xff, 0xff, 0xff, 0xff, 0xff, 0xf7, 0xbd, 
	0xe7, 0x39, 0x9c, 0xe7, 0xff, 0xfe, 0xef, 0x7a, 
	0x00, 0x00, 0x00, 0x00, 0x00, 0x00, 0x00, 0x00, 
	0xf7, 0xbc, 0xef, 0x7b, 0xff, 0xff, 0xff, 0xff, 
	0xff, 0xff, 0xff, 0xff, 0xff, 0xff, 0xff, 0xff, 
	0xf7, 0xbd, 0xef, 0x7b, 0x9c, 0xe7, 0xff, 0xfe, 
	0x00, 0x00, 0x00, 0x00, 0x00, 0x00, 0x00, 0x00, 
	0xf7, 0xbc, 0xef, 0x7b, 0xff, 0xff, 0xff, 0xff, 
	0xff, 0xff, 0xff, 0xff, 0xff, 0xff, 0xff, 0xff, 
	0xff, 0xff, 0xe7, 0x39, 0x8c, 0x63, 0xff, 0xfe, 
	0x00, 0x00, 0x00, 0x00, 0x00, 0x00, 0x00, 0x00, 
	0xf7, 0xbc, 0xef, 0x7b, 0xff, 0xff, 0xff, 0xff, 
	0xff, 0xff, 0xff, 0xff, 0xff, 0xff, 0xff, 0xff, 
	0xf7, 0xbd, 0xde, 0xf7, 0x8c, 0x63, 0xff, 0xfe, 
	0x00, 0x00, 0x00, 0x00, 0x00, 0x00, 0x00, 0x00, 
	0xf7, 0xbc, 0xd6, 0xb5, 0xff, 0xff, 0xff, 0xff, 
	0xff, 0xff, 0xff, 0xff, 0xff, 0xff, 0xff, 0xff, 
	0xe7, 0x39, 0xde, 0xf7, 0x6b, 0x5b, 0xff, 0xfe, 
	0x00, 0x00, 0x00, 0x00, 0xef, 0x7a, 0xde, 0xf6, 
	0xff, 0xfe, 0xff, 0xfe, 0xce, 0x73, 0xff, 0xff, 
	0xff, 0xff, 0xff, 0xff, 0xf7, 0xbd, 0xe7, 0x39, 
	0xde, 0xf7, 0x63, 0x19, 0xff, 0xfe, 0xef, 0x7a, 
	0x00, 0x00, 0xef, 0x7a, 0xff, 0xfe, 0xff, 0xfe, 
	0xff, 0xfe, 0xff, 0xfe, 0xff, 0xfe, 0xce, 0x73, 
	0xff, 0xff, 0xf7, 0xbd, 0xe7, 0x39, 0xde, 0xf7, 
	0x63, 0x19, 0xff, 0xfe, 0xf7, 0xbc, 0xde, 0xf6, 
	0xef, 0x7a, 0xff, 0xfe, 0xff, 0xfe, 0xff, 0xfe, 
	0xff, 0xfe, 0xff, 0xfe, 0xff, 0xfe, 0xff, 0xfe, 
	0xce, 0x73, 0xad, 0x6b, 0xad, 0x6b, 0x73, 0x9d, 
	0xff, 0xfe, 0xff, 0xfe, 0xf7, 0xbc, 0xde, 0xf6, 
	0xf7, 0xbc, 0xff, 0xfe, 0xff, 0xfe, 0xff, 0xfe, 
	0xff, 0xfe, 0xff, 0xfe, 0xff, 0xfe, 0xff, 0xfe, 
	0xff, 0xfe, 0xff, 0xfe, 0xff, 0xfe, 0xff, 0xfe, 
	0xff, 0xfe, 0xf7, 0xbc, 0xe7, 0x38, 0xde, 0xf6, 
	0xf7, 0xbc, 0xff, 0xfe, 0xef, 0x7a, 0xef, 0x7a, 
	0xef, 0x7a, 0xef, 0x7a, 0xef, 0x7a, 0xef, 0x7a, 
	0xef, 0x7a, 0xef, 0x7a, 0xef, 0x7a, 0xef, 0x7a, 
	0xef, 0x7a, 0xe7, 0x38, 0xde, 0xf6, 0x63, 0x18, 
	0xde, 0xf6, 0xb5, 0xac, 0xb5, 0xac, 0xb5, 0xac, 
	0xb5, 0xac, 0xb5, 0xac, 0xb5, 0xac, 0xb5, 0xac, 
	0xb5, 0xac, 0xb5, 0xac, 0xb5, 0xac, 0xb5, 0xac, 
	0xb5, 0xac, 0xb5, 0xac, 0x6b, 0x5a, 0x00, 0x00, 
	
};

Gfx micons_executing_rgba16_aligner[] = {gsSPEndDisplayList()};
u8 micons_executing_rgba16[] = {
	0xef, 0x7a, 0xd6, 0xb4, 0xd6, 0xb4, 0xd6, 0xb4, 
	0xd6, 0xb4, 0xd6, 0xb4, 0xd6, 0xb4, 0xd6, 0xb4, 
	0xd6, 0xb4, 0xd6, 0xb4, 0xd6, 0xb4, 0xd6, 0xb4, 
	0xd6, 0xb4, 0xd6, 0xb4, 0x9c, 0xe6, 0x00, 0x00, 
	0xf7, 0xbc, 0xff, 0xfe, 0xff, 0xfe, 0xff, 0xfe, 
	0xff, 0xfe, 0xff, 0xfe, 0xff, 0xfe, 0xff, 0xfe, 
	0xff, 0xfe, 0xff, 0xfe, 0xff, 0xfe, 0xff, 0xfe, 
	0xff, 0xfe, 0xf7, 0xbc, 0xe7, 0x38, 0x94, 0xa4, 
	0xf7, 0xbc, 0xff, 0xfe, 0xff, 0xfe, 0xff, 0xfe, 
	0xff, 0xfe, 0xff, 0xfe, 0xff, 0xfe, 0xff, 0xfe, 
	0xff, 0xfe, 0xff, 0xfe, 0xff, 0xfe, 0xff, 0xfe, 
	0xff, 0xfe, 0xff, 0xfe, 0xef, 0x7a, 0xe7, 0x38, 
	0xde, 0xf6, 0xff, 0xfe, 0xff, 0xfe, 0xff, 0xfe, 
	0xff, 0xfe, 0xff, 0xfe, 0xff, 0xfe, 0xff, 0xfe, 
	0xff, 0xfe, 0xff, 0xfe, 0xff, 0xfe, 0xff, 0xfe, 
	0xff, 0xfe, 0xff, 0xfe, 0xf7, 0xbc, 0xe7, 0x38, 
	0x00, 0x00, 0xd6, 0xb4, 0xff, 0xfe, 0xf7, 0xbc, 
	0xff, 0xfe, 0xff, 0xfe, 0xff, 0xfe, 0xff, 0xfe, 
	0xff, 0xfe, 0xff, 0xfe, 0xff, 0xfe, 0xff, 0xfe, 
	0xff, 0xfe, 0xff, 0xfe, 0xf7, 0xbc, 0xe7, 0x38, 
	0x00, 0x00, 0x00, 0x00, 0xd6, 0xb4, 0xb5, 0xac, 
	0xff, 0xfe, 0xff, 0xfe, 0xff, 0xfe, 0xff, 0xfe, 
	0xff, 0xfe, 0xff, 0xfe, 0xff, 0xfe, 0xff, 0xfe, 
	0xff, 0xfe, 0xff, 0xfe, 0xff, 0xfe, 0xef, 0x7a, 
	0x00, 0x00, 0x00, 0x00, 0x00, 0x00, 0x00, 0x00, 
	0xf7, 0xbc, 0xff, 0xfe, 0xff, 0xfe, 0xff, 0xfe, 
	0xff, 0xfe, 0xff, 0xfe, 0xff, 0xfe, 0xff, 0xfe, 
	0xff, 0xfe, 0xff, 0xfe, 0xff, 0xfe, 0xff, 0xfe, 
	0x00, 0x00, 0x00, 0x00, 0x00, 0x00, 0x00, 0x00, 
	0xf7, 0xbc, 0xff, 0xfe, 0xff, 0xfe, 0xff, 0xfe, 
	0xff, 0xfe, 0xff, 0xfe, 0xff, 0xfe, 0xff, 0xfe, 
	0xff, 0xfe, 0xff, 0xfe, 0xff, 0xfe, 0xff, 0xfe, 
	0x00, 0x00, 0x00, 0x00, 0x00, 0x00, 0x00, 0x00, 
	0xf7, 0xbc, 0xff, 0xfe, 0xff, 0xfe, 0xff, 0xfe, 
	0xff, 0xfe, 0xff, 0xfe, 0xff, 0xfe, 0xff, 0xfe, 
	0xff, 0xfe, 0xff, 0xfe, 0xff, 0xfe, 0xff, 0xfe, 
	0x00, 0x00, 0x00, 0x00, 0x00, 0x00, 0x00, 0x00, 
	0xf7, 0xbc, 0xff, 0xfe, 0xff, 0xfe, 0xff, 0xfe, 
	0xff, 0xfe, 0xff, 0xfe, 0xff, 0xfe, 0xff, 0xfe, 
	0xff, 0xfe, 0xff, 0xfe, 0xff, 0xfe, 0xff, 0xfe, 
	0x00, 0x00, 0x00, 0x00, 0xef, 0x7a, 0xde, 0xf6, 
	0xff, 0xfe, 0xff, 0xfe, 0xff, 0xfe, 0xff, 0xfe, 
	0xff, 0xfe, 0xff, 0xfe, 0xff, 0xfe, 0xff, 0xfe, 
	0xff, 0xfe, 0xff, 0xfe, 0xff, 0xfe, 0xef, 0x7a, 
	0x00, 0x00, 0xef, 0x7a, 0x00, 0x01, 0x00, 0x01, 
	0x00, 0x01, 0x00, 0x01, 0xff, 0xfe, 0x00, 0x01, 
	0x00, 0x01, 0x00, 0x01, 0x00, 0x01, 0xff, 0xfe, 
	0x00, 0x01, 0x00, 0x01, 0x00, 0x01, 0x00, 0x01, 
	0xef, 0x7a, 0xff, 0xfe, 0x00, 0x01, 0xff, 0xff, 
	0xff, 0xff, 0x00, 0x01, 0xff, 0xfe, 0x00, 0x01, 
	0xff, 0xff, 0xff, 0xff, 0x00, 0x01, 0xff, 0xfe, 
	0x00, 0x01, 0xff, 0xff, 0xff, 0xff, 0x00, 0x01, 
	0xf7, 0xbc, 0xff, 0xfe, 0x00, 0x01, 0xff, 0xff, 
	0xff, 0xff, 0x00, 0x01, 0xff, 0xfe, 0x00, 0x01, 
	0xff, 0xff, 0xff, 0xff, 0x00, 0x01, 0xff, 0xfe, 
	0x00, 0x01, 0xff, 0xff, 0xff, 0xff, 0x00, 0x01, 
	0xf7, 0xbc, 0xff, 0xfe, 0x00, 0x01, 0x00, 0x01, 
	0x00, 0x01, 0x00, 0x01, 0xef, 0x7a, 0x00, 0x01, 
	0x00, 0x01, 0x00, 0x01, 0x00, 0x01, 0xef, 0x7a, 
	0x00, 0x01, 0x00, 0x01, 0x00, 0x01, 0x00, 0x01, 
	0xde, 0xf6, 0xb5, 0xac, 0xb5, 0xac, 0xb5, 0xac, 
	0xb5, 0xac, 0xb5, 0xac, 0xb5, 0xac, 0xb5, 0xac, 
	0xb5, 0xac, 0xb5, 0xac, 0xb5, 0xac, 0xb5, 0xac, 
	0xb5, 0xac, 0xb5, 0xac, 0x6b, 0x5a, 0x00, 0x00, 
	
};

Gfx micons_hover_rgba16_aligner[] = {gsSPEndDisplayList()};
u8 micons_hover_rgba16[] = {
	0xef, 0x7a, 0xd6, 0xb4, 0xd6, 0xb4, 0xd6, 0xb4, 
	0xd6, 0xb4, 0xd6, 0xb4, 0xd6, 0xb4, 0xd6, 0xb4, 
	0xd6, 0xb4, 0xd6, 0xb4, 0xd6, 0xb4, 0xd6, 0xb4, 
	0xd6, 0xb4, 0xd6, 0xb4, 0x9c, 0xe6, 0x00, 0x00, 
	0xf7, 0xbc, 0xff, 0xfe, 0xff, 0xfe, 0xff, 0xfe, 
	0xff, 0xfe, 0xff, 0xfe, 0xff, 0xfe, 0xff, 0xfe, 
	0xff, 0xfe, 0xff, 0xfe, 0xff, 0xfe, 0xff, 0xfe, 
	0xff, 0xfe, 0xf7, 0xbc, 0xe7, 0x38, 0x94, 0xa4, 
	0xf7, 0xbc, 0xff, 0xfe, 0xff, 0xfe, 0xff, 0xfe, 
	0xff, 0xfe, 0xff, 0xfe, 0xff, 0xfe, 0xff, 0xfe, 
	0xff, 0xfe, 0xff, 0xfe, 0xff, 0xfe, 0xff, 0xfe, 
	0xff, 0xfe, 0xe7, 0x39, 0xef, 0x7a, 0xe7, 0x38, 
	0xde, 0xf6, 0xff, 0xfe, 0xff, 0xfe, 0xff, 0xfe, 
	0xff, 0xfe, 0xff, 0xfe, 0xff, 0xfe, 0xff, 0xfe, 
	0xff, 0xfe, 0xff, 0xfe, 0xff, 0xfe, 0xff, 0xfe, 
	0xef, 0x7b, 0xa5, 0x29, 0xf7, 0xbc, 0xe7, 0x38, 
	0x00, 0x00, 0xd6, 0xb4, 0xff, 0xfe, 0xf7, 0xbc, 
	0xff, 0xfe, 0xff, 0xfe, 0xff, 0xfe, 0xff, 0xfe, 
	0xff, 0xfe, 0xff, 0xfe, 0xff, 0xfe, 0xff, 0xfe, 
	0xf7, 0xbd, 0xff, 0xff, 0x9c, 0xe7, 0xe7, 0x38, 
	0x00, 0x00, 0x00, 0x00, 0xd6, 0xb4, 0xb5, 0xac, 
	0xff, 0xfe, 0xff, 0xfe, 0xff, 0xfe, 0xff, 0xfe, 
	0xff, 0xfe, 0xff, 0xfe, 0xff, 0xfe, 0xe7, 0x39, 
	0xff, 0xff, 0xf7, 0xbd, 0x8c, 0x63, 0xef, 0x7a, 
	0x00, 0x00, 0x00, 0x00, 0x00, 0x00, 0x00, 0x00, 
	0xf7, 0xbc, 0xff, 0xfe, 0xff, 0xfe, 0xff, 0xfe, 
	0xff, 0xfe, 0xff, 0xfe, 0xef, 0x7b, 0xff, 0xff, 
	0xff, 0xff, 0xe7, 0x39, 0x8c, 0x63, 0xff, 0xfe, 
	0x00, 0x00, 0x00, 0x00, 0x00, 0x00, 0x00, 0x00, 
	0xf7, 0xbc, 0xff, 0xfe, 0xff, 0xfe, 0xff, 0xfe, 
	0xff, 0xfe, 0xff, 0xfe, 0xf7, 0xbd, 0xff, 0xff, 
	0xef, 0x7b, 0xde, 0xf7, 0x6b, 0x5b, 0xff, 0xfe, 
	0x00, 0x00, 0x00, 0x00, 0x00, 0x00, 0x00, 0x00, 
	0xf7, 0xbc, 0xff, 0xfe, 0xff, 0xfe, 0xff, 0xfe, 
	0xff, 0xfe, 0xef, 0x7b, 0xff, 0xff, 0xff, 0xff, 
	0xde, 0xf7, 0x63, 0x19, 0xff, 0xfe, 0xff, 0xfe, 
	0x00, 0x00, 0x00, 0x00, 0x00, 0x00, 0x00, 0x00, 
	0xf7, 0xbc, 0xff, 0xfe, 0xff, 0xfe, 0xff, 0xfe, 
	0xff, 0xfe, 0xef, 0x7b, 0xff, 0xff, 0xde, 0xf7, 
	0x63, 0x19, 0xff, 0xfe, 0xff, 0xfe, 0xff, 0xfe, 
	0x00, 0x00, 0x00, 0x00, 0xef, 0x7a, 0xde, 0xf6, 
	0xff, 0xfe, 0xff, 0xfe, 0xff, 0xfe, 0xff, 0xfe, 
	0xef, 0x7b, 0xbd, 0xef, 0xad, 0x6b, 0x73, 0x9d, 
	0xff, 0xfe, 0xff, 0xfe, 0xff, 0xfe, 0xef, 0x7a, 
	0x00, 0x00, 0xef, 0x7a, 0xff, 0xfe, 0xff, 0xfe, 
	0xff, 0xfe, 0xff, 0xfe, 0xff, 0xfe, 0xf7, 0xbd, 
	0x73, 0x9d, 0xff, 0xfe, 0xff, 0xfe, 0xff, 0xfe, 
	0xff, 0xfe, 0xff, 0xfe, 0xf7, 0xbc, 0xde, 0xf6, 
	0xef, 0x7a, 0xff, 0xfe, 0xff, 0xfe, 0xff, 0xfe, 
	0xff, 0xfe, 0xf7, 0xbd, 0xa5, 0x29, 0xff, 0xfe, 
	0xff, 0xfe, 0xff, 0xfe, 0xff, 0xfe, 0xff, 0xfe, 
	0xff, 0xfe, 0xff, 0xfe, 0xf7, 0xbc, 0xde, 0xf6, 
	0xf7, 0xbc, 0xff, 0xfe, 0xff, 0xfe, 0xff, 0xfe, 
	0xff, 0xfe, 0xff, 0xfe, 0xff, 0xfe, 0xff, 0xfe, 
	0xff, 0xfe, 0xff, 0xfe, 0xff, 0xfe, 0xff, 0xfe, 
	0xff, 0xfe, 0xf7, 0xbc, 0xe7, 0x38, 0xde, 0xf6, 
	0xf7, 0xbc, 0xff, 0xfe, 0xef, 0x7a, 0xef, 0x7a, 
	0xef, 0x7a, 0xef, 0x7a, 0xef, 0x7a, 0xef, 0x7a, 
	0xef, 0x7a, 0xef, 0x7a, 0xef, 0x7a, 0xef, 0x7a, 
	0xef, 0x7a, 0xe7, 0x38, 0xde, 0xf6, 0x63, 0x18, 
	0xde, 0xf6, 0xb5, 0xac, 0xb5, 0xac, 0xb5, 0xac, 
	0xb5, 0xac, 0xb5, 0xac, 0xb5, 0xac, 0xb5, 0xac, 
	0xb5, 0xac, 0xb5, 0xac, 0xb5, 0xac, 0xb5, 0xac, 
	0xb5, 0xac, 0xb5, 0xac, 0x6b, 0x5a, 0x00, 0x00, 
	
};

Gfx micons_inpnotif_rgba16_aligner[] = {gsSPEndDisplayList()};
u8 micons_inpnotif_rgba16[] = {
	0x0c, 0xc3, 0x0c, 0xc3, 0x0c, 0xc3, 0x0c, 0xc3, 
	0x0c, 0xc3, 0x0c, 0xc3, 0x0c, 0xc3, 0x0b, 0x83, 
	0xd6, 0xb4, 0xd6, 0xb4, 0xd6, 0xb4, 0xd6, 0xb4, 
	0xd6, 0xb4, 0xd6, 0xb4, 0x9c, 0xe6, 0x00, 0x00, 
	0x0d, 0x03, 0x0d, 0x03, 0x0d, 0x03, 0x0d, 0x03, 
	0x76, 0x1d, 0x5d, 0x57, 0x0d, 0x03, 0x0c, 0xc3, 
	0x0b, 0x03, 0xff, 0xfe, 0xff, 0xfe, 0xff, 0xfe, 
	0xff, 0xfe, 0xf7, 0xbc, 0xe7, 0x38, 0x94, 0xa4, 
	0x24, 0x09, 0x0c, 0x83, 0x0d, 0x03, 0xae, 0xeb, 
	0xf7, 0xbd, 0xef, 0xbb, 0x85, 0xa1, 0x0d, 0x03, 
	0x0b, 0xc3, 0x0b, 0x03, 0xff, 0xfe, 0xff, 0xfe, 
	0xff, 0xfe, 0xff, 0xfe, 0xef, 0x7a, 0xe7, 0x38, 
	0xde, 0xf6, 0xff, 0xfe, 0x76, 0x5f, 0xf7, 0xbd, 
	0xf7, 0xbd, 0xf7, 0xbd, 0xef, 0x7b, 0x4c, 0xd3, 
	0x0d, 0x03, 0x0b, 0xc3, 0xff, 0xfe, 0xff, 0xfe, 
	0xff, 0xfe, 0xff, 0xfe, 0xf7, 0xbc, 0xe7, 0x38, 
	0x00, 0x00, 0xd6, 0xb4, 0x76, 0x1d, 0xf7, 0xbd, 
	0xf7, 0xbd, 0xf7, 0xbd, 0xdf, 0x37, 0x44, 0x91, 
	0x0d, 0x03, 0x0b, 0x83, 0xff, 0xfe, 0xff, 0xfe, 
	0xff, 0xfe, 0xff, 0xfe, 0xf7, 0xbc, 0xe7, 0x38, 
	0x24, 0x49, 0x0d, 0x03, 0x0d, 0x03, 0xa6, 0x69, 
	0xf7, 0xbd, 0xdf, 0x37, 0x6c, 0x9b, 0x0d, 0x03, 
	0x0b, 0x83, 0x0a, 0x43, 0xff, 0xfe, 0xff, 0xfe, 
	0xff, 0xfe, 0xff, 0xfe, 0xff, 0xfe, 0xef, 0x7a, 
	0x0d, 0x03, 0x0d, 0x03, 0x0d, 0x03, 0x0d, 0x03, 
	0x65, 0x99, 0x44, 0x91, 0x0d, 0x03, 0x0c, 0xc3, 
	0x0a, 0x83, 0xff, 0xfe, 0xff, 0xfe, 0xff, 0xfe, 
	0xff, 0xfe, 0xff, 0xfe, 0xff, 0xfe, 0xff, 0xfe, 
	0x0c, 0xc3, 0x0c, 0x43, 0x0c, 0x43, 0x0c, 0x43, 
	0x0c, 0x43, 0x0c, 0x43, 0x0c, 0x43, 0x0b, 0x03, 
	0xff, 0xfe, 0xff, 0xfe, 0xff, 0xfe, 0xff, 0xfe, 
	0xff, 0xfe, 0xff, 0xfe, 0xff, 0xfe, 0xff, 0xfe, 
	0x00, 0x00, 0x00, 0x00, 0x00, 0x00, 0x00, 0x00, 
	0xf7, 0xbc, 0xff, 0xfe, 0xff, 0xfe, 0xff, 0xfe, 
	0xff, 0xfe, 0xff, 0xfe, 0xff, 0xfe, 0xff, 0xfe, 
	0xff, 0xfe, 0xff, 0xfe, 0xff, 0xfe, 0xff, 0xfe, 
	0x00, 0x00, 0x00, 0x00, 0x00, 0x00, 0x00, 0x00, 
	0xf7, 0xbc, 0xff, 0xfe, 0xff, 0xfe, 0xff, 0xfe, 
	0xff, 0xfe, 0xff, 0xfe, 0xff, 0xfe, 0xff, 0xfe, 
	0xff, 0xfe, 0xff, 0xfe, 0xff, 0xfe, 0xff, 0xfe, 
	0x00, 0x00, 0x00, 0x00, 0xef, 0x7a, 0xde, 0xf6, 
	0xff, 0xfe, 0xff, 0xfe, 0xff, 0xfe, 0xff, 0xfe, 
	0xff, 0xfe, 0xff, 0xfe, 0xff, 0xfe, 0xff, 0xfe, 
	0xff, 0xfe, 0xff, 0xfe, 0xff, 0xfe, 0xef, 0x7a, 
	0x00, 0x00, 0xef, 0x7a, 0xff, 0xfe, 0xff, 0xfe, 
	0xff, 0xfe, 0xff, 0xfe, 0xff, 0xfe, 0xff, 0xfe, 
	0xff, 0xfe, 0xff, 0xfe, 0xff, 0xfe, 0xff, 0xfe, 
	0xff, 0xfe, 0xff, 0xfe, 0xf7, 0xbc, 0xde, 0xf6, 
	0xef, 0x7a, 0xff, 0xfe, 0xff, 0xfe, 0xff, 0xfe, 
	0xff, 0xfe, 0xff, 0xfe, 0xff, 0xfe, 0xff, 0xfe, 
	0xff, 0xfe, 0xff, 0xfe, 0xff, 0xfe, 0xff, 0xfe, 
	0xff, 0xfe, 0xff, 0xfe, 0xf7, 0xbc, 0xde, 0xf6, 
	0xf7, 0xbc, 0xff, 0xfe, 0xff, 0xfe, 0xff, 0xfe, 
	0xff, 0xfe, 0xff, 0xfe, 0xff, 0xfe, 0xff, 0xfe, 
	0xff, 0xfe, 0xff, 0xfe, 0xff, 0xfe, 0xff, 0xfe, 
	0xff, 0xfe, 0xf7, 0xbc, 0xe7, 0x38, 0xde, 0xf6, 
	0xf7, 0xbc, 0xff, 0xfe, 0xef, 0x7a, 0xef, 0x7a, 
	0xef, 0x7a, 0xef, 0x7a, 0xef, 0x7a, 0xef, 0x7a, 
	0xef, 0x7a, 0xef, 0x7a, 0xef, 0x7a, 0xef, 0x7a, 
	0xef, 0x7a, 0xe7, 0x38, 0xde, 0xf6, 0x63, 0x18, 
	0xde, 0xf6, 0xb5, 0xac, 0xb5, 0xac, 0xb5, 0xac, 
	0xb5, 0xac, 0xb5, 0xac, 0xb5, 0xac, 0xb5, 0xac, 
	0xb5, 0xac, 0xb5, 0xac, 0xb5, 0xac, 0xb5, 0xac, 
	0xb5, 0xac, 0xb5, 0xac, 0x6b, 0x5a, 0x00, 0x00, 
	
};

Gfx micons_repeat_rgba16_aligner[] = {gsSPEndDisplayList()};
u8 micons_repeat_rgba16[] = {
	0xef, 0x7a, 0xd6, 0xb4, 0xd6, 0xb4, 0xd6, 0xb4, 
	0xd6, 0xb4, 0xd6, 0xb4, 0xd6, 0xb4, 0xd6, 0xb4, 
	0xd6, 0xb4, 0xd6, 0xb4, 0xd6, 0xb4, 0xd6, 0xb4, 
	0xd6, 0xb4, 0xd6, 0xb4, 0x9c, 0xe6, 0x00, 0x00, 
	0xf7, 0xbc, 0xff, 0xfe, 0xff, 0xfe, 0xff, 0xfe, 
	0xff, 0xfe, 0xff, 0xfe, 0xff, 0xfe, 0xff, 0xfe, 
	0xff, 0xfe, 0xff, 0xfe, 0xff, 0xfe, 0xff, 0xfe, 
	0xff, 0xfe, 0xf7, 0xbc, 0xe7, 0x38, 0x94, 0xa4, 
	0xf7, 0xbc, 0xff, 0xfe, 0xff, 0xfe, 0xff, 0xfe, 
	0xff, 0xfe, 0xff, 0xfe, 0xff, 0xfe, 0xff, 0xfe, 
	0xff, 0xfe, 0xff, 0xfe, 0xff, 0xfe, 0xff, 0xfe, 
	0xff, 0xfe, 0xff, 0xfe, 0xef, 0x7a, 0xe7, 0x38, 
	0xde, 0xf6, 0xff, 0xfe, 0xff, 0xfe, 0xff, 0xfe, 
	0xff, 0xfe, 0xff, 0xfe, 0xff, 0xfe, 0xff, 0xfe, 
	0xf7, 0xbd, 0xff, 0xff, 0xff, 0xff, 0x9c, 0xe7, 
	0xff, 0xfe, 0xff, 0xfe, 0xf7, 0xbc, 0xe7, 0x38, 
	0x00, 0x00, 0xd6, 0xb4, 0xff, 0xfe, 0xf7, 0xbc, 
	0xff, 0xfe, 0xff, 0xfe, 0xff, 0xfe, 0xff, 0xff, 
	0xff, 0xfe, 0xff, 0xfe, 0xff, 0xfe, 0xff, 0xfe, 
	0xff, 0xff, 0xff, 0xfe, 0xf7, 0xbc, 0xe7, 0x38, 
	0x00, 0x00, 0x00, 0x00, 0xd6, 0xb4, 0xb5, 0xac, 
	0xff, 0xfe, 0xff, 0xfe, 0xe7, 0x39, 0xff, 0xfe, 
	0xff, 0xfe, 0xff, 0xfe, 0xff, 0xfe, 0xff, 0xfe, 
	0xff, 0xfe, 0xe7, 0x39, 0xff, 0xfe, 0xef, 0x7a, 
	0x00, 0x00, 0x00, 0x00, 0x00, 0x00, 0x00, 0x00, 
	0xf7, 0xbc, 0xff, 0xfe, 0xff, 0xff, 0xff, 0xfe, 
	0xff, 0xfe, 0xff, 0xfe, 0xff, 0xfe, 0xff, 0xfe, 
	0xff, 0xfe, 0xff, 0xff, 0xff, 0xfe, 0xff, 0xfe, 
	0x00, 0x00, 0x00, 0x00, 0x00, 0x00, 0x00, 0x00, 
	0xf7, 0xbc, 0xff, 0xfe, 0xff, 0xff, 0xff, 0xfe, 
	0xff, 0xfe, 0xff, 0xfe, 0xff, 0xfe, 0xff, 0xfe, 
	0xff, 0xfe, 0xff, 0xff, 0xff, 0xfe, 0xff, 0xfe, 
	0x00, 0x00, 0x00, 0x00, 0x00, 0x00, 0x00, 0x00, 
	0xf7, 0xbc, 0xf7, 0xbd, 0xff, 0xff, 0x94, 0xa5, 
	0xff, 0xfe, 0xff, 0xfe, 0xff, 0xfe, 0xff, 0xfe, 
	0xff, 0xfe, 0xff, 0xff, 0xff, 0xfe, 0xff, 0xfe, 
	0x00, 0x00, 0x00, 0x00, 0x00, 0x00, 0x00, 0x00, 
	0xf7, 0xbc, 0xff, 0xfe, 0xb5, 0xad, 0xff, 0xfe, 
	0xff, 0xfe, 0xff, 0xfe, 0xff, 0xfe, 0xff, 0xfe, 
	0xff, 0xfe, 0xbd, 0xef, 0xff, 0xfe, 0xff, 0xfe, 
	0x00, 0x00, 0x00, 0x00, 0xef, 0x7a, 0xde, 0xf6, 
	0xff, 0xfe, 0xff, 0xfe, 0xff, 0xfe, 0xff, 0xfe, 
	0xff, 0xfe, 0xff, 0xfe, 0xff, 0xfe, 0xff, 0xfe, 
	0xff, 0xff, 0xff, 0xfe, 0xff, 0xfe, 0xef, 0x7a, 
	0x00, 0x00, 0xef, 0x7a, 0xff, 0xfe, 0xff, 0xfe, 
	0xff, 0xfe, 0xff, 0xfe, 0xff, 0xfe, 0xff, 0xfe, 
	0xff, 0xfe, 0xf7, 0xbd, 0xff, 0xff, 0x9c, 0xe7, 
	0xff, 0xfe, 0xff, 0xfe, 0xf7, 0xbc, 0xde, 0xf6, 
	0xef, 0x7a, 0xff, 0xfe, 0xff, 0xfe, 0xff, 0xfe, 
	0xff, 0xfe, 0xff, 0xfe, 0xff, 0xfe, 0xff, 0xfe, 
	0xff, 0xfe, 0xff, 0xfe, 0xff, 0xfe, 0xff, 0xfe, 
	0xff, 0xfe, 0xff, 0xfe, 0xf7, 0xbc, 0xde, 0xf6, 
	0xf7, 0xbc, 0xff, 0xfe, 0xff, 0xfe, 0xff, 0xfe, 
	0xff, 0xfe, 0xff, 0xfe, 0xff, 0xfe, 0xff, 0xfe, 
	0xff, 0xfe, 0xff, 0xfe, 0xff, 0xfe, 0xff, 0xfe, 
	0xff, 0xfe, 0xf7, 0xbc, 0xe7, 0x38, 0xde, 0xf6, 
	0xf7, 0xbc, 0xff, 0xfe, 0xef, 0x7a, 0xef, 0x7a, 
	0xef, 0x7a, 0xef, 0x7a, 0xef, 0x7a, 0xef, 0x7a, 
	0xef, 0x7a, 0xef, 0x7a, 0xef, 0x7a, 0xef, 0x7a, 
	0xef, 0x7a, 0xe7, 0x38, 0xde, 0xf6, 0x63, 0x18, 
	0xde, 0xf6, 0xb5, 0xac, 0xb5, 0xac, 0xb5, 0xac, 
	0xb5, 0xac, 0xb5, 0xac, 0xb5, 0xac, 0xb5, 0xac, 
	0xb5, 0xac, 0xb5, 0xac, 0xb5, 0xac, 0xb5, 0xac, 
	0xb5, 0xac, 0xb5, 0xac, 0x6b, 0x5a, 0x00, 0x00, 
	
};

Gfx micons_swap_rgba16_aligner[] = {gsSPEndDisplayList()};
u8 micons_swap_rgba16[] = {
	0xef, 0x7a, 0xd6, 0xb4, 0xd6, 0xb4, 0xd6, 0xb4, 
	0xd6, 0xb4, 0xd6, 0xb4, 0xd6, 0xb4, 0xd6, 0xb4, 
	0xd6, 0xb4, 0xd6, 0xb4, 0xd6, 0xb4, 0xd6, 0xb4, 
	0xd6, 0xb4, 0xd6, 0xb4, 0x9c, 0xe6, 0x00, 0x00, 
	0xf7, 0xbc, 0xff, 0xfe, 0xff, 0xfe, 0xff, 0xfe, 
	0xff, 0xfe, 0xff, 0xfe, 0xff, 0xfe, 0xff, 0xfe, 
	0xff, 0xfe, 0xff, 0xfe, 0xff, 0xfe, 0xff, 0xfe, 
	0xff, 0xfe, 0xf7, 0xbc, 0xe7, 0x38, 0x94, 0xa4, 
	0xf7, 0xbc, 0xff, 0xfe, 0xff, 0xfe, 0xff, 0xfe, 
	0xff, 0xfe, 0xff, 0xfe, 0xff, 0xfe, 0xff, 0xfe, 
	0xff, 0xfe, 0xff, 0xfe, 0xff, 0xfe, 0xff, 0xfe, 
	0xff, 0xfe, 0xff, 0xfe, 0xef, 0x7a, 0xe7, 0x38, 
	0xde, 0xf6, 0xff, 0xfe, 0xff, 0xfe, 0xff, 0xfe, 
	0xff, 0xfe, 0xff, 0xfe, 0xff, 0xfe, 0xff, 0xfe, 
	0xff, 0xfe, 0xff, 0xfe, 0xff, 0xfe, 0xff, 0xfe, 
	0xff, 0xfe, 0xff, 0xfe, 0xf7, 0xbc, 0xe7, 0x38, 
	0x00, 0x00, 0xd6, 0xb4, 0xff, 0xfe, 0xf7, 0xbc, 
	0xff, 0xfe, 0xff, 0xfe, 0xff, 0xfe, 0xff, 0xfe, 
	0x04, 0xc1, 0x04, 0x81, 0x04, 0x81, 0xa8, 0x01, 
	0xa8, 0x01, 0xa0, 0x01, 0xf7, 0xbc, 0xe7, 0x38, 
	0x00, 0x00, 0x00, 0x00, 0xd6, 0xb4, 0xb5, 0xac, 
	0xff, 0xfe, 0xff, 0xfe, 0xff, 0xfe, 0x04, 0xc1, 
	0x05, 0x01, 0xc0, 0x43, 0x05, 0x01, 0xb8, 0x43, 
	0xb8, 0x43, 0xa0, 0x01, 0x90, 0x01, 0xef, 0x7a, 
	0x00, 0x00, 0x00, 0x00, 0x00, 0x00, 0x00, 0x00, 
	0xf7, 0xbc, 0xff, 0xfe, 0xff, 0xfe, 0x04, 0xc1, 
	0xc0, 0x43, 0xe3, 0x9d, 0xd2, 0x53, 0xc9, 0x4b, 
	0xc0, 0x43, 0xb0, 0x01, 0x90, 0x01, 0xff, 0xfe, 
	0x00, 0x00, 0x00, 0x00, 0x00, 0x00, 0x00, 0x00, 
	0xf7, 0xbc, 0xff, 0xfe, 0xff, 0xfe, 0x04, 0xc1, 
	0x0d, 0x03, 0xfd, 0x29, 0x65, 0xd9, 0xc9, 0xcf, 
	0xc0, 0x43, 0xa8, 0x01, 0x90, 0x01, 0xff, 0xfe, 
	0x00, 0x00, 0x00, 0x00, 0x00, 0x00, 0x00, 0x00, 
	0xf7, 0xbc, 0xff, 0xfe, 0xff, 0xfe, 0x04, 0xc1, 
	0x0d, 0x03, 0x96, 0xa5, 0x5d, 0xd7, 0xc9, 0xcf, 
	0x0d, 0x03, 0xa8, 0x01, 0x90, 0x01, 0xff, 0xfe, 
	0x00, 0x00, 0x00, 0x00, 0x00, 0x00, 0x00, 0x00, 
	0xf7, 0xbc, 0xff, 0xfe, 0xff, 0xfe, 0x04, 0xc1, 
	0x05, 0x01, 0x45, 0x91, 0x2d, 0x4b, 0x1d, 0x07, 
	0x0d, 0x03, 0x04, 0x81, 0x90, 0x01, 0xff, 0xfe, 
	0x00, 0x00, 0x00, 0x00, 0xef, 0x7a, 0xde, 0xf6, 
	0xff, 0xfe, 0xff, 0xfe, 0xff, 0xfe, 0x04, 0x81, 
	0x04, 0xc1, 0x0c, 0xc3, 0x04, 0xc1, 0xb0, 0x01, 
	0x04, 0x81, 0x98, 0x01, 0x88, 0x01, 0xef, 0x7a, 
	0x00, 0x00, 0xef, 0x7a, 0xff, 0xfe, 0xff, 0xfe, 
	0xff, 0xfe, 0xff, 0xfe, 0xff, 0xfe, 0xff, 0xfe, 
	0x04, 0x81, 0x04, 0x41, 0x04, 0x01, 0x98, 0x01, 
	0x98, 0x01, 0x90, 0x01, 0xf7, 0xbc, 0xde, 0xf6, 
	0xef, 0x7a, 0xff, 0xfe, 0xff, 0xfe, 0xff, 0xfe, 
	0xff, 0xfe, 0xff, 0xfe, 0xff, 0xfe, 0xff, 0xfe, 
	0xff, 0xfe, 0xff, 0xfe, 0xff, 0xfe, 0xff, 0xfe, 
	0xff, 0xfe, 0xff, 0xfe, 0xf7, 0xbc, 0xde, 0xf6, 
	0xf7, 0xbc, 0xff, 0xfe, 0xff, 0xfe, 0xff, 0xfe, 
	0xff, 0xfe, 0xff, 0xfe, 0xff, 0xfe, 0xff, 0xfe, 
	0xff, 0xfe, 0xff, 0xfe, 0xff, 0xfe, 0xff, 0xfe, 
	0xff, 0xfe, 0xf7, 0xbc, 0xe7, 0x38, 0xde, 0xf6, 
	0xf7, 0xbc, 0xff, 0xfe, 0xef, 0x7a, 0xef, 0x7a, 
	0xef, 0x7a, 0xef, 0x7a, 0xef, 0x7a, 0xef, 0x7a, 
	0xef, 0x7a, 0xef, 0x7a, 0xef, 0x7a, 0xef, 0x7a, 
	0xef, 0x7a, 0xe7, 0x38, 0xde, 0xf6, 0x63, 0x18, 
	0xde, 0xf6, 0xb5, 0xac, 0xb5, 0xac, 0xb5, 0xac, 
	0xb5, 0xac, 0xb5, 0xac, 0xb5, 0xac, 0xb5, 0xac, 
	0xb5, 0xac, 0xb5, 0xac, 0xb5, 0xac, 0xb5, 0xac, 
	0xb5, 0xac, 0xb5, 0xac, 0x6b, 0x5a, 0x00, 0x00, 
	
};

Gfx micons_cap_rgba16_aligner[] = {gsSPEndDisplayList()};
u8 micons_cap_rgba16[] = {
	0xef, 0x7a, 0xd6, 0xb4, 0xd6, 0xb4, 0xd6, 0xb4, 
	0xd6, 0xb4, 0xd6, 0xb4, 0xd6, 0xb4, 0xd6, 0xb4, 
	0xd6, 0xb4, 0xd6, 0xb4, 0xd6, 0xb4, 0xd6, 0xb4, 
	0xd6, 0xb4, 0xd6, 0xb4, 0x9c, 0xe6, 0x00, 0x00, 
	0xf7, 0xbc, 0xff, 0xfe, 0xff, 0xfe, 0xff, 0xfe, 
	0xff, 0xfe, 0xff, 0xfe, 0xff, 0xfe, 0xff, 0xfe, 
	0xff, 0xfe, 0xff, 0xfe, 0xff, 0xfe, 0xff, 0xfe, 
	0xff, 0xfe, 0xf7, 0xbc, 0xe7, 0x38, 0x94, 0xa4, 
	0xf7, 0xbc, 0xff, 0xfe, 0xff, 0xfe, 0xff, 0xfe, 
	0xff, 0xfe, 0xff, 0xfe, 0xff, 0xfe, 0xff, 0xfe, 
	0xff, 0xfe, 0xff, 0xfe, 0xff, 0xfe, 0xff, 0xfe, 
	0xff, 0xfe, 0xff, 0xfe, 0xef, 0x7a, 0xe7, 0x38, 
	0xde, 0xf6, 0xff, 0xfe, 0xff, 0xfe, 0xff, 0xfe, 
	0xff, 0xfe, 0xff, 0xfe, 0xff, 0xfe, 0xff, 0xfe, 
	0xff, 0xfe, 0xff, 0xfe, 0xff, 0xfe, 0xff, 0xfe, 
	0xff, 0xfe, 0xff, 0xfe, 0xf7, 0xbc, 0xe7, 0x38, 
	0x00, 0x00, 0xd6, 0xb4, 0xff, 0xfe, 0xf7, 0xbc, 
	0xff, 0xfe, 0xff, 0xfe, 0xff, 0xfe, 0xff, 0xfe, 
	0xff, 0xfe, 0xff, 0xfe, 0xff, 0xfe, 0xff, 0xfe, 
	0xff, 0xfe, 0xff, 0xfe, 0xf7, 0xbc, 0xe7, 0x38, 
	0x00, 0x00, 0x00, 0x00, 0xd6, 0xb4, 0xb5, 0xac, 
	0xff, 0xfe, 0xff, 0xfe, 0xff, 0xfe, 0xe0, 0x01, 
	0xe0, 0x01, 0xd8, 0x01, 0xd0, 0x01, 0xff, 0xfe, 
	0xff, 0xfe, 0xff, 0xfe, 0xff, 0xfe, 0xef, 0x7a, 
	0x00, 0x00, 0x00, 0x00, 0x00, 0x00, 0x00, 0x00, 
	0xf7, 0xbc, 0xff, 0xfe, 0xe8, 0x01, 0xf0, 0x01, 
	0xf8, 0x01, 0xe8, 0x01, 0xe0, 0x01, 0xd8, 0x01, 
	0xd0, 0x01, 0xc8, 0x01, 0xff, 0xfe, 0xff, 0xfe, 
	0x00, 0x00, 0x00, 0x00, 0x00, 0x00, 0x00, 0x00, 
	0xf7, 0xbc, 0xff, 0xfe, 0xe8, 0x01, 0xf0, 0x01, 
	0xfb, 0xdf, 0xfb, 0x19, 0xf8, 0x43, 0xf0, 0x01, 
	0xe8, 0x01, 0xd0, 0x01, 0xb8, 0x01, 0xff, 0xfe, 
	0x00, 0x00, 0x00, 0x00, 0x00, 0x00, 0x00, 0x00, 
	0xf7, 0xbc, 0xff, 0xfe, 0xff, 0xfe, 0xf0, 0x01, 
	0xf9, 0x8d, 0xfb, 0x19, 0xf9, 0xcf, 0xf8, 0xc7, 
	0xf0, 0x01, 0xd8, 0x01, 0xb8, 0x01, 0xff, 0xfe, 
	0x00, 0x00, 0x00, 0x00, 0x00, 0x00, 0x00, 0x00, 
	0xf7, 0xbc, 0xff, 0xfe, 0xf0, 0x01, 0xf8, 0x01, 
	0xe8, 0x01, 0xe8, 0x01, 0xe0, 0x01, 0xe0, 0x01, 
	0xd0, 0x01, 0xc0, 0x01, 0xb8, 0x01, 0xff, 0xfe, 
	0x00, 0x00, 0x00, 0x00, 0xef, 0x7a, 0xde, 0xf6, 
	0xff, 0xfe, 0xf0, 0x01, 0xe8, 0x01, 0xd8, 0x01, 
	0xc8, 0x01, 0xc8, 0x01, 0xc8, 0x01, 0xc0, 0x01, 
	0xb8, 0x01, 0xff, 0xfe, 0xff, 0xfe, 0xef, 0x7a, 
	0x00, 0x00, 0xef, 0x7a, 0xff, 0xfe, 0xff, 0xfe, 
	0xff, 0xfe, 0xff, 0xfe, 0xff, 0xfe, 0xff, 0xfe, 
	0xff, 0xfe, 0xff, 0xfe, 0xff, 0xfe, 0xff, 0xfe, 
	0xff, 0xfe, 0xff, 0xfe, 0xf7, 0xbc, 0xde, 0xf6, 
	0xef, 0x7a, 0xff, 0xfe, 0xff, 0xfe, 0xff, 0xfe, 
	0xff, 0xfe, 0xff, 0xfe, 0xff, 0xfe, 0xff, 0xfe, 
	0xff, 0xfe, 0xff, 0xfe, 0xff, 0xfe, 0xff, 0xfe, 
	0xff, 0xfe, 0xff, 0xfe, 0xf7, 0xbc, 0xde, 0xf6, 
	0xf7, 0xbc, 0xff, 0xfe, 0xff, 0xfe, 0xff, 0xfe, 
	0xff, 0xfe, 0xff, 0xfe, 0xff, 0xfe, 0xff, 0xfe, 
	0xff, 0xfe, 0xff, 0xfe, 0xff, 0xfe, 0xff, 0xfe, 
	0xff, 0xfe, 0xf7, 0xbc, 0xe7, 0x38, 0xde, 0xf6, 
	0xf7, 0xbc, 0xff, 0xfe, 0xef, 0x7a, 0xef, 0x7a, 
	0xef, 0x7a, 0xef, 0x7a, 0xef, 0x7a, 0xef, 0x7a, 
	0xef, 0x7a, 0xef, 0x7a, 0xef, 0x7a, 0xef, 0x7a, 
	0xef, 0x7a, 0xe7, 0x38, 0xde, 0xf6, 0x63, 0x18, 
	0xde, 0xf6, 0xb5, 0xac, 0xb5, 0xac, 0xb5, 0xac, 
	0xb5, 0xac, 0xb5, 0xac, 0xb5, 0xac, 0xb5, 0xac, 
	0xb5, 0xac, 0xb5, 0xac, 0xb5, 0xac, 0xb5, 0xac, 
	0xb5, 0xac, 0xb5, 0xac, 0x6b, 0x5a, 0x00, 0x00, 
	
};

Gfx micons_grapple_rgba16_aligner[] = {gsSPEndDisplayList()};
u8 micons_grapple_rgba16[] = {
	0xef, 0x7a, 0xd6, 0xb4, 0xd6, 0xb4, 0xd6, 0xb4, 
	0xd6, 0xb4, 0xd6, 0xb4, 0xd6, 0xb4, 0xd6, 0xb4, 
	0xd6, 0xb4, 0xd6, 0xb4, 0xd6, 0xb4, 0xd6, 0xb4, 
	0xd6, 0xb4, 0xd6, 0xb4, 0x9c, 0xe6, 0x00, 0x00, 
	0xf7, 0xbc, 0xff, 0xfe, 0xff, 0xfe, 0xff, 0xfe, 
	0xff, 0xfe, 0xff, 0xfe, 0xff, 0xfe, 0xff, 0xfe, 
	0xff, 0xfe, 0xff, 0xfe, 0xff, 0xfe, 0xff, 0xfe, 
	0xff, 0xfe, 0xf7, 0xbc, 0xe7, 0x38, 0x94, 0xa4, 
	0xf7, 0xbc, 0xff, 0xfe, 0xff, 0xfe, 0xff, 0xfe, 
	0xff, 0xfe, 0xff, 0xfe, 0xff, 0xfe, 0xff, 0xfe, 
	0xff, 0xfe, 0xff, 0xfe, 0xff, 0xfe, 0xff, 0xfe, 
	0xff, 0xfe, 0xff, 0xfe, 0xef, 0x7a, 0xe7, 0x38, 
	0xde, 0xf6, 0xff, 0xfe, 0xff, 0xfe, 0xff, 0xfe, 
	0xff, 0xfe, 0xff, 0xfe, 0xff, 0xfe, 0xff, 0xfe, 
	0xff, 0xfe, 0xff, 0xfe, 0xff, 0xfe, 0xff, 0xfe, 
	0xff, 0xfe, 0xff, 0xfe, 0xf7, 0xbc, 0xe7, 0x38, 
	0x00, 0x00, 0xd6, 0xb4, 0xff, 0xfe, 0xf7, 0xbc, 
	0xff, 0xfe, 0xff, 0xfe, 0xff, 0xfe, 0xff, 0xfe, 
	0xff, 0xfe, 0xff, 0xfe, 0xff, 0xfe, 0xff, 0xfe, 
	0xff, 0xfe, 0xff, 0xfe, 0xf7, 0xbc, 0xe7, 0x38, 
	0x00, 0x00, 0x00, 0x00, 0xd6, 0xb4, 0xb5, 0xac, 
	0xff, 0xfe, 0xff, 0xfe, 0xff, 0xfe, 0xff, 0xfe, 
	0xff, 0xfe, 0xff, 0xfe, 0xad, 0x6b, 0xa5, 0x29, 
	0xff, 0xfe, 0xff, 0xfe, 0xff, 0xfe, 0xef, 0x7a, 
	0x00, 0x00, 0x00, 0x00, 0x00, 0x00, 0x00, 0x00, 
	0xf7, 0xbc, 0xff, 0xfe, 0x4a, 0x53, 0x42, 0x11, 
	0xff, 0xfe, 0x4a, 0x53, 0x52, 0x95, 0xb5, 0xad, 
	0xa5, 0x29, 0x94, 0xa5, 0xff, 0xfe, 0xff, 0xfe, 
	0x00, 0x00, 0x00, 0x00, 0x00, 0x00, 0x00, 0x00, 
	0xf7, 0xbc, 0x4a, 0x53, 0xff, 0xfe, 0xff, 0xfe, 
	0x84, 0x21, 0xff, 0xfe, 0xff, 0xfe, 0x52, 0x95, 
	0xbd, 0xef, 0xa5, 0x29, 0x9c, 0xe7, 0x9c, 0xe7, 
	0x00, 0x00, 0x00, 0x00, 0x00, 0x00, 0x00, 0x00, 
	0xf7, 0xbc, 0xff, 0xfe, 0x42, 0x11, 0x42, 0x11, 
	0xff, 0xfe, 0x42, 0x11, 0x52, 0x95, 0xb5, 0xad, 
	0x94, 0xa5, 0x8c, 0x63, 0xff, 0xfe, 0xff, 0xfe, 
	0x00, 0x00, 0x00, 0x00, 0x00, 0x00, 0x00, 0x00, 
	0xf7, 0xbc, 0xff, 0xfe, 0xff, 0xfe, 0xff, 0xfe, 
	0xff, 0xfe, 0xff, 0xfe, 0xa5, 0x29, 0x94, 0xa5, 
	0xff, 0xfe, 0xff, 0xfe, 0xff, 0xfe, 0xff, 0xfe, 
	0x00, 0x00, 0x00, 0x00, 0xef, 0x7a, 0xde, 0xf6, 
	0xff, 0xfe, 0xff, 0xfe, 0xff, 0xfe, 0xff, 0xfe, 
	0xff, 0xfe, 0xff, 0xfe, 0xff, 0xfe, 0xff, 0xfe, 
	0xff, 0xfe, 0xff, 0xfe, 0xff, 0xfe, 0xef, 0x7a, 
	0x00, 0x00, 0xef, 0x7a, 0xff, 0xfe, 0xff, 0xfe, 
	0xff, 0xfe, 0xff, 0xfe, 0xff, 0xfe, 0xff, 0xfe, 
	0xff, 0xfe, 0xff, 0xfe, 0xff, 0xfe, 0xff, 0xfe, 
	0xff, 0xfe, 0xff, 0xfe, 0xf7, 0xbc, 0xde, 0xf6, 
	0xef, 0x7a, 0xff, 0xfe, 0xff, 0xfe, 0xff, 0xfe, 
	0xff, 0xfe, 0xff, 0xfe, 0xff, 0xfe, 0xff, 0xfe, 
	0xff, 0xfe, 0xff, 0xfe, 0xff, 0xfe, 0xff, 0xfe, 
	0xff, 0xfe, 0xff, 0xfe, 0xf7, 0xbc, 0xde, 0xf6, 
	0xf7, 0xbc, 0xff, 0xfe, 0xff, 0xfe, 0xff, 0xfe, 
	0xff, 0xfe, 0xff, 0xfe, 0xff, 0xfe, 0xff, 0xfe, 
	0xff, 0xfe, 0xff, 0xfe, 0xff, 0xfe, 0xff, 0xfe, 
	0xff, 0xfe, 0xf7, 0xbc, 0xe7, 0x38, 0xde, 0xf6, 
	0xf7, 0xbc, 0xff, 0xfe, 0xef, 0x7a, 0xef, 0x7a, 
	0xef, 0x7a, 0xef, 0x7a, 0xef, 0x7a, 0xef, 0x7a, 
	0xef, 0x7a, 0xef, 0x7a, 0xef, 0x7a, 0xef, 0x7a, 
	0xef, 0x7a, 0xe7, 0x38, 0xde, 0xf6, 0x63, 0x18, 
	0xde, 0xf6, 0xb5, 0xac, 0xb5, 0xac, 0xb5, 0xac, 
	0xb5, 0xac, 0xb5, 0xac, 0xb5, 0xac, 0xb5, 0xac, 
	0xb5, 0xac, 0xb5, 0xac, 0xb5, 0xac, 0xb5, 0xac, 
	0xb5, 0xac, 0xb5, 0xac, 0x6b, 0x5a, 0x00, 0x00, 
	
};

Gfx micons_lock_rgba16_aligner[] = {gsSPEndDisplayList()};
u8 micons_lock_rgba16[] = {
	0xef, 0x7a, 0xd6, 0xb4, 0xd6, 0xb4, 0xd6, 0xb4, 
	0xd6, 0xb4, 0xd6, 0xb4, 0x00, 0x00, 0x00, 0x00, 
	0x00, 0x00, 0x00, 0x00, 0xd6, 0xb4, 0xd6, 0xb4, 
	0xd6, 0xb4, 0xd6, 0xb4, 0x9c, 0xe6, 0x00, 0x00, 
	0xf7, 0xbc, 0x00, 0x00, 0x00, 0x00, 0x00, 0x00, 
	0x00, 0x00, 0x00, 0x00, 0x00, 0x00, 0x00, 0x00, 
	0x00, 0x00, 0x00, 0x00, 0x00, 0x00, 0x00, 0x00, 
	0x00, 0x00, 0x00, 0x00, 0x00, 0x00, 0x00, 0x00, 
	0x00, 0x00, 0x00, 0x00, 0x00, 0x00, 0x00, 0x00, 
	0x00, 0x00, 0x00, 0x00, 0x00, 0x00, 0x00, 0x00, 
	0x00, 0x00, 0x00, 0x00, 0x00, 0x00, 0x00, 0x00, 
	0x00, 0x00, 0x00, 0x00, 0x00, 0x00, 0x00, 0x00, 
	0x00, 0x00, 0x00, 0x00, 0x00, 0x00, 0x00, 0x00, 
	0x00, 0x00, 0x00, 0x00, 0x00, 0x00, 0xff, 0xff, 
	0xff, 0xff, 0x00, 0x00, 0x00, 0x00, 0x00, 0x00, 
	0x00, 0x00, 0x00, 0x00, 0x00, 0x00, 0x00, 0x00, 
	0x00, 0x00, 0x00, 0x00, 0x00, 0x00, 0x00, 0x00, 
	0x00, 0x00, 0x00, 0x00, 0xff, 0xff, 0x00, 0x00, 
	0x00, 0x00, 0xff, 0xff, 0x00, 0x00, 0x00, 0x00, 
	0x00, 0x00, 0x00, 0x00, 0x00, 0x00, 0x00, 0x00, 
	0x00, 0x00, 0x00, 0x00, 0x00, 0x00, 0x00, 0x00, 
	0x00, 0x00, 0x00, 0x00, 0xff, 0xff, 0x00, 0x00, 
	0x00, 0x00, 0xff, 0xff, 0x00, 0x00, 0x00, 0x00, 
	0x00, 0x00, 0x00, 0x00, 0x00, 0x00, 0x00, 0x00, 
	0x00, 0x00, 0x00, 0x00, 0x00, 0x00, 0x00, 0x00, 
	0x00, 0x00, 0xff, 0xff, 0xff, 0xff, 0xff, 0xff, 
	0xff, 0xff, 0xff, 0xff, 0xff, 0xff, 0x00, 0x00, 
	0x00, 0x00, 0x00, 0x00, 0x00, 0x00, 0x00, 0x00, 
	0x00, 0x00, 0x00, 0x00, 0x00, 0x00, 0x00, 0x00, 
	0xff, 0xff, 0xff, 0xff, 0xff, 0xff, 0xff, 0xfe, 
	0xff, 0xfe, 0xff, 0xff, 0xff, 0xff, 0xff, 0xff, 
	0x00, 0x00, 0x00, 0x00, 0x00, 0x00, 0x00, 0x00, 
	0x00, 0x00, 0x00, 0x00, 0x00, 0x00, 0x00, 0x00, 
	0xff, 0xff, 0xff, 0xff, 0xff, 0xff, 0xff, 0xff, 
	0xff, 0xff, 0xff, 0xff, 0xff, 0xff, 0xff, 0xff, 
	0x00, 0x00, 0x00, 0x00, 0x00, 0x00, 0x00, 0x00, 
	0x00, 0x00, 0x00, 0x00, 0x00, 0x00, 0x00, 0x00, 
	0xff, 0xff, 0xff, 0xff, 0xff, 0xff, 0xff, 0xfe, 
	0xff, 0xfe, 0xff, 0xff, 0xff, 0xff, 0xff, 0xff, 
	0x00, 0x00, 0x00, 0x00, 0x00, 0x00, 0x00, 0x00, 
	0x00, 0x00, 0x00, 0x00, 0x00, 0x00, 0x00, 0x00, 
	0xff, 0xff, 0xff, 0xff, 0xff, 0xfe, 0x00, 0x00, 
	0xff, 0xfe, 0xff, 0xfe, 0xff, 0xff, 0xff, 0xff, 
	0x00, 0x00, 0x00, 0x00, 0x00, 0x00, 0x00, 0x00, 
	0x00, 0x00, 0x00, 0x00, 0x00, 0x00, 0x00, 0x00, 
	0xff, 0xff, 0xff, 0xff, 0xff, 0xff, 0xff, 0xff, 
	0xff, 0xff, 0xff, 0xff, 0xff, 0xff, 0xff, 0xff, 
	0x00, 0x00, 0x00, 0x00, 0x00, 0x00, 0x00, 0x00, 
	0x00, 0x00, 0x00, 0x00, 0x00, 0x00, 0x00, 0x00, 
	0x00, 0x00, 0x00, 0x00, 0x00, 0x00, 0x00, 0x00, 
	0x00, 0x00, 0x00, 0x00, 0x00, 0x00, 0x00, 0x00, 
	0x00, 0x00, 0x00, 0x00, 0x00, 0x00, 0x00, 0x00, 
	0xf7, 0xbc, 0x00, 0x00, 0x00, 0x00, 0x00, 0x00, 
	0x00, 0x00, 0x00, 0x00, 0x00, 0x00, 0x00, 0x00, 
	0x00, 0x00, 0x00, 0x00, 0x00, 0x00, 0x00, 0x00, 
	0x00, 0x00, 0x00, 0x00, 0x00, 0x00, 0x00, 0x00, 
	0xf7, 0xbc, 0xff, 0xfe, 0x00, 0x00, 0x00, 0x00, 
	0x00, 0x00, 0x00, 0x00, 0x00, 0x00, 0x00, 0x00, 
	0x00, 0x00, 0x00, 0x00, 0x00, 0x00, 0x00, 0x00, 
	0x00, 0x00, 0x00, 0x00, 0x00, 0x00, 0x63, 0x18, 
	0xde, 0xf6, 0xb5, 0xac, 0xb5, 0xac, 0xb5, 0xac, 
	0xb5, 0xac, 0xb5, 0xac, 0x00, 0x00, 0x00, 0x00, 
	0x00, 0x00, 0x00, 0x00, 0x00, 0x00, 0x00, 0x00, 
	0x00, 0x00, 0xb5, 0xac, 0x6b, 0x5a, 0x00, 0x00, 
	
};

Gfx micons_grav_rgba16_aligner[] = {gsSPEndDisplayList()};
u8 micons_grav_rgba16[] = {
	0x00, 0x00, 0x00, 0x00, 0x00, 0x00, 0x00, 0x00, 
	0x00, 0x00, 0x00, 0x00, 0x00, 0x00, 0x00, 0x00, 
	0x00, 0x00, 0x00, 0x00, 0x00, 0x00, 0x00, 0x00, 
	0x00, 0x00, 0x00, 0x00, 0x00, 0x00, 0x00, 0x00, 
	0x00, 0x00, 0x00, 0x00, 0x00, 0x00, 0x00, 0x00, 
	0x00, 0x00, 0x00, 0x00, 0x00, 0x00, 0x00, 0x00, 
	0x00, 0x00, 0x00, 0x00, 0x00, 0x00, 0x00, 0x00, 
	0x00, 0x00, 0x00, 0x00, 0x00, 0x00, 0x00, 0x00, 
	0x00, 0x00, 0x00, 0x00, 0x00, 0x00, 0x00, 0x00, 
	0x00, 0x00, 0x00, 0x00, 0x00, 0x00, 0x00, 0x00, 
	0x00, 0x00, 0x00, 0x00, 0x00, 0x00, 0x00, 0x00, 
	0x00, 0x00, 0x00, 0x00, 0x00, 0x00, 0x00, 0x00, 
	0x00, 0x00, 0x00, 0x00, 0x00, 0x00, 0x00, 0x00, 
	0x00, 0x00, 0x00, 0x00, 0x00, 0x00, 0x00, 0x00, 
	0x00, 0x00, 0x00, 0x00, 0x00, 0x00, 0x00, 0x00, 
	0x00, 0x00, 0x00, 0x00, 0x00, 0x00, 0x00, 0x00, 
	0x00, 0x00, 0x00, 0x00, 0x00, 0x00, 0x00, 0x00, 
	0x00, 0x00, 0x00, 0x00, 0x00, 0x00, 0x00, 0x00, 
	0x00, 0x00, 0xef, 0x7b, 0xe7, 0x39, 0xce, 0x73, 
	0x00, 0x00, 0x00, 0x00, 0x00, 0x00, 0x00, 0x00, 
	0x00, 0x00, 0x00, 0x00, 0x00, 0x00, 0x00, 0x00, 
	0x00, 0x00, 0x00, 0x00, 0x00, 0x00, 0x00, 0x00, 
	0x00, 0x00, 0xef, 0x7b, 0xf7, 0xbd, 0xc6, 0x31, 
	0x00, 0x00, 0x00, 0x00, 0x00, 0x00, 0x00, 0x00, 
	0x00, 0x00, 0x00, 0x00, 0x00, 0x00, 0x00, 0x00, 
	0x00, 0x00, 0x00, 0x00, 0x00, 0x00, 0x00, 0x00, 
	0x00, 0x00, 0xef, 0x7b, 0xff, 0xff, 0xbd, 0xef, 
	0x00, 0x00, 0x00, 0x00, 0x00, 0x00, 0x00, 0x00, 
	0x00, 0x00, 0x00, 0x00, 0x00, 0x00, 0x00, 0x00, 
	0x00, 0x00, 0x00, 0x00, 0x00, 0x00, 0x00, 0x00, 
	0x00, 0x00, 0xf7, 0xbd, 0xff, 0xff, 0xce, 0x73, 
	0x00, 0x00, 0x00, 0x00, 0x00, 0x00, 0x00, 0x00, 
	0x00, 0x00, 0x00, 0x00, 0x00, 0x00, 0x00, 0x00, 
	0x00, 0x00, 0x00, 0x00, 0x00, 0x00, 0xf7, 0xbd, 
	0xf7, 0xbd, 0xff, 0xff, 0xff, 0xff, 0xe7, 0x39, 
	0xd6, 0xb5, 0xd6, 0xb5, 0x00, 0x00, 0x00, 0x00, 
	0x00, 0x00, 0x00, 0x00, 0x00, 0x00, 0x00, 0x00, 
	0x00, 0x00, 0x00, 0x00, 0x00, 0x00, 0x00, 0x00, 
	0xe7, 0x39, 0xf7, 0xbd, 0xf7, 0xbd, 0xde, 0xf7, 
	0xbd, 0xef, 0x00, 0x00, 0x00, 0x00, 0x00, 0x00, 
	0x00, 0x00, 0x00, 0x00, 0x00, 0x00, 0x00, 0x00, 
	0x00, 0x00, 0x00, 0x00, 0x00, 0x00, 0x00, 0x00, 
	0x00, 0x00, 0xde, 0xf7, 0xde, 0xf7, 0xbd, 0xef, 
	0x00, 0x00, 0x00, 0x00, 0x00, 0x00, 0x00, 0x00, 
	0x00, 0x00, 0x00, 0x00, 0x00, 0x00, 0x00, 0x00, 
	0x00, 0x00, 0x00, 0x00, 0x00, 0x00, 0x00, 0x00, 
	0x00, 0x00, 0x00, 0x00, 0xd6, 0xb5, 0x00, 0x00, 
	0x00, 0x00, 0x00, 0x00, 0x00, 0x00, 0x00, 0x00, 
	0x00, 0x00, 0x00, 0x00, 0x00, 0x00, 0x00, 0x00, 
	0x00, 0x00, 0x00, 0x00, 0x00, 0x00, 0x00, 0x00, 
	0x00, 0x00, 0x00, 0x00, 0x00, 0x00, 0x00, 0x00, 
	0x00, 0x00, 0x00, 0x00, 0x00, 0x00, 0x00, 0x00, 
	0x00, 0x00, 0x00, 0x00, 0x00, 0x00, 0x00, 0x00, 
	0x00, 0x00, 0x00, 0x00, 0x00, 0x00, 0x00, 0x00, 
	0x00, 0x00, 0x00, 0x00, 0x00, 0x00, 0x00, 0x00, 
	0x00, 0x00, 0x00, 0x00, 0x00, 0x00, 0x00, 0x00, 
	0x00, 0x00, 0x00, 0x00, 0x00, 0x00, 0x00, 0x00, 
	0x00, 0x00, 0x00, 0x00, 0x00, 0x00, 0x00, 0x00, 
	0x00, 0x00, 0x00, 0x00, 0x00, 0x00, 0x00, 0x00, 
	0x00, 0x00, 0x00, 0x00, 0x00, 0x00, 0x00, 0x00, 
	0x00, 0x00, 0x00, 0x00, 0x00, 0x00, 0x00, 0x00, 
	0x00, 0x00, 0x00, 0x00, 0x00, 0x00, 0x00, 0x00, 
	0x00, 0x00, 0x00, 0x00, 0x00, 0x00, 0x00, 0x00, 
	0x00, 0x00, 0x00, 0x00, 0x00, 0x00, 0x00, 0x00, 
	
};

Gfx micons_key_rgba16_aligner[] = {gsSPEndDisplayList()};
u8 micons_key_rgba16[] = {
	0x00, 0x00, 0x00, 0x00, 0x00, 0x00, 0x00, 0x00, 
	0x00, 0x00, 0x00, 0x00, 0x00, 0x00, 0x00, 0x00, 
	0x00, 0x00, 0x00, 0x00, 0x31, 0x8d, 0x00, 0x00, 
	0x00, 0x00, 0x00, 0x00, 0x00, 0x00, 0x00, 0x00, 
	0x00, 0x00, 0x00, 0x00, 0x00, 0x00, 0x00, 0x00, 
	0x00, 0x00, 0x00, 0x00, 0x00, 0x00, 0x00, 0x00, 
	0x00, 0x00, 0xad, 0x6b, 0xbd, 0xef, 0x31, 0x8d, 
	0x00, 0x00, 0x00, 0x00, 0x00, 0x00, 0x00, 0x00, 
	0x00, 0x00, 0x00, 0x00, 0x00, 0x00, 0x00, 0x00, 
	0x00, 0x00, 0x00, 0x00, 0x00, 0x00, 0x00, 0x00, 
	0xbd, 0xef, 0xbd, 0xef, 0x42, 0x11, 0x73, 0x9d, 
	0x31, 0x8d, 0x00, 0x00, 0x00, 0x00, 0x00, 0x00, 
	0x00, 0x00, 0x00, 0x00, 0x00, 0x00, 0x00, 0x00, 
	0x00, 0x00, 0x00, 0x00, 0x00, 0x00, 0xbd, 0xef, 
	0xbd, 0xef, 0x21, 0x09, 0x10, 0x85, 0x31, 0x8d, 
	0x73, 0x9d, 0x42, 0x11, 0x00, 0x00, 0x00, 0x00, 
	0x00, 0x00, 0x00, 0x00, 0x00, 0x00, 0x00, 0x00, 
	0x00, 0x00, 0x00, 0x00, 0x31, 0x8d, 0x9c, 0xe7, 
	0x42, 0x11, 0x10, 0x85, 0x00, 0x00, 0x10, 0x85, 
	0x31, 0x8d, 0x84, 0x21, 0x31, 0x8d, 0x00, 0x00, 
	0x00, 0x00, 0x00, 0x00, 0x00, 0x00, 0x00, 0x00, 
	0x00, 0x00, 0x00, 0x00, 0x00, 0x00, 0x21, 0x09, 
	0x63, 0x19, 0x52, 0x95, 0x10, 0x85, 0x00, 0x00, 
	0x52, 0x95, 0x94, 0xa5, 0x42, 0x11, 0x10, 0x85, 
	0x00, 0x00, 0x00, 0x00, 0x00, 0x00, 0x00, 0x00, 
	0x00, 0x00, 0x00, 0x00, 0x00, 0x00, 0x21, 0x09, 
	0x94, 0xa5, 0x84, 0x21, 0x52, 0x95, 0x52, 0x95, 
	0xce, 0x73, 0x73, 0x9d, 0x10, 0x85, 0x00, 0x00, 
	0x00, 0x00, 0x00, 0x00, 0x00, 0x00, 0x00, 0x00, 
	0x00, 0x00, 0x00, 0x00, 0x00, 0x00, 0xce, 0x73, 
	0x84, 0x21, 0x31, 0x8d, 0x63, 0x19, 0xad, 0x6b, 
	0x84, 0x21, 0x10, 0x85, 0x00, 0x00, 0x00, 0x00, 
	0x00, 0x00, 0x00, 0x00, 0x00, 0x00, 0x00, 0x00, 
	0x00, 0x00, 0x00, 0x00, 0xce, 0x73, 0x84, 0x21, 
	0x21, 0x09, 0x00, 0x00, 0x21, 0x09, 0x52, 0x95, 
	0x10, 0x85, 0x00, 0x00, 0x00, 0x00, 0x00, 0x00, 
	0x00, 0x00, 0x00, 0x00, 0x00, 0x00, 0x00, 0x00, 
	0x00, 0x00, 0xef, 0x7b, 0x94, 0xa5, 0x10, 0x85, 
	0x00, 0x00, 0x00, 0x00, 0x00, 0x00, 0x00, 0x01, 
	0x00, 0x00, 0x00, 0x00, 0x00, 0x00, 0x00, 0x00, 
	0x00, 0x00, 0x00, 0x00, 0x00, 0x00, 0x00, 0x00, 
	0xce, 0x73, 0x84, 0x21, 0x10, 0x85, 0x00, 0x00, 
	0x00, 0x00, 0x00, 0x00, 0x00, 0x00, 0x00, 0x00, 
	0x00, 0x00, 0x00, 0x00, 0x00, 0x00, 0x00, 0x00, 
	0x00, 0x00, 0x00, 0x00, 0x00, 0x00, 0xde, 0xf7, 
	0x94, 0xa5, 0x21, 0x09, 0x00, 0x00, 0x00, 0x00, 
	0x00, 0x00, 0x00, 0x00, 0x00, 0x00, 0x00, 0x00, 
	0x00, 0x00, 0x00, 0x00, 0x00, 0x00, 0x00, 0x00, 
	0x00, 0x00, 0x00, 0x00, 0xce, 0x73, 0x94, 0xa5, 
	0x31, 0x8d, 0x42, 0x11, 0x00, 0x00, 0x00, 0x00, 
	0x00, 0x00, 0x00, 0x00, 0x00, 0x00, 0x00, 0x00, 
	0x00, 0x00, 0x00, 0x00, 0x00, 0x00, 0x00, 0x00, 
	0x00, 0x00, 0xbd, 0xef, 0x84, 0x21, 0x31, 0x8d, 
	0x31, 0x8d, 0x63, 0x19, 0x42, 0x11, 0x00, 0x00, 
	0x00, 0x00, 0x00, 0x00, 0x00, 0x00, 0x00, 0x00, 
	0x00, 0x00, 0x00, 0x00, 0x00, 0x00, 0x00, 0x00, 
	0x00, 0x00, 0x31, 0x8d, 0x10, 0x85, 0x52, 0x95, 
	0x52, 0x95, 0x10, 0x85, 0x10, 0x85, 0x00, 0x00, 
	0x00, 0x00, 0x00, 0x00, 0x00, 0x00, 0x00, 0x00, 
	0x00, 0x00, 0x00, 0x00, 0x00, 0x00, 0x00, 0x00, 
	0x00, 0x00, 0x00, 0x00, 0x00, 0x00, 0x10, 0x85, 
	0x00, 0x01, 0x00, 0x00, 0x00, 0x00, 0x00, 0x00, 
	0x00, 0x00, 0x00, 0x00, 0x00, 0x00, 0x00, 0x00, 
	0x00, 0x00, 0x00, 0x00, 0x00, 0x00, 0x00, 0x00, 
	
};

Gfx micons_vanity_rgba16_aligner[] = {gsSPEndDisplayList()};
u8 micons_vanity_rgba16[] = {
	0x52, 0x94, 0x39, 0xce, 0x39, 0xce, 0x39, 0xce, 
	0x39, 0xce, 0x39, 0xce, 0x39, 0xce, 0x39, 0xce, 
	0x39, 0xce, 0x39, 0xce, 0x39, 0xce, 0x39, 0xce, 
	0x39, 0xce, 0x39, 0xce, 0x00, 0x00, 0x00, 0x00, 
	0x5a, 0xd6, 0x63, 0x18, 0x63, 0x18, 0x63, 0x18, 
	0x63, 0x18, 0x63, 0x18, 0x63, 0x18, 0x63, 0x18, 
	0x63, 0x18, 0x63, 0x18, 0x63, 0x18, 0x63, 0x18, 
	0x63, 0x18, 0x5a, 0xd6, 0x52, 0x94, 0x00, 0x00, 
	0x5a, 0xd6, 0x63, 0x18, 0x63, 0x18, 0x63, 0x18, 
	0x63, 0x18, 0x63, 0x18, 0x63, 0x18, 0x63, 0x18, 
	0x63, 0x18, 0x63, 0x18, 0x63, 0x18, 0x63, 0x18, 
	0x63, 0x18, 0x63, 0x18, 0x5a, 0xd6, 0x4a, 0x52, 
	0x42, 0x10, 0x63, 0x18, 0x63, 0x18, 0x63, 0x18, 
	0x63, 0x18, 0x63, 0x18, 0xe8, 0x01, 0xf0, 0x01, 
	0xe0, 0x01, 0x00, 0x77, 0xd8, 0x01, 0xe0, 0x01, 
	0x00, 0x79, 0xc8, 0x01, 0x63, 0x18, 0x4a, 0x52, 
	0x00, 0x00, 0x39, 0xce, 0x63, 0x18, 0x63, 0x18, 
	0x63, 0x18, 0xf0, 0x01, 0xf9, 0xcf, 0xf0, 0x01, 
	0x00, 0xbf, 0xf8, 0x01, 0xe8, 0x01, 0x00, 0x79, 
	0xe8, 0x01, 0xe8, 0x01, 0xb8, 0x01, 0x4a, 0x52, 
	0x00, 0x00, 0x00, 0x00, 0x39, 0xce, 0x21, 0x08, 
	0x63, 0x18, 0xf0, 0x01, 0xb8, 0x01, 0x63, 0x18, 
	0x00, 0x7b, 0xf8, 0x01, 0xd8, 0x01, 0x00, 0x6d, 
	0x63, 0x18, 0xf0, 0x01, 0xc0, 0x01, 0x52, 0x94, 
	0x00, 0x00, 0x00, 0x00, 0x00, 0x00, 0x00, 0x00, 
	0x5a, 0xd6, 0x63, 0x18, 0x63, 0x18, 0x63, 0x18, 
	0xee, 0xc1, 0x08, 0xbf, 0x00, 0x75, 0xac, 0xc1, 
	0x63, 0x18, 0xe8, 0x01, 0xb8, 0x01, 0x63, 0x18, 
	0x00, 0x00, 0x00, 0x00, 0x00, 0x00, 0x00, 0x00, 
	0x5a, 0xd6, 0x63, 0x18, 0x63, 0x18, 0x00, 0x7b, 
	0x00, 0x7d, 0x8c, 0x7f, 0x00, 0x73, 0x00, 0x6b, 
	0x63, 0x18, 0xd0, 0x01, 0xa8, 0x01, 0x63, 0x18, 
	0x00, 0x00, 0x00, 0x00, 0x00, 0x00, 0x00, 0x00, 
	0x5a, 0xd6, 0x63, 0x18, 0x63, 0x18, 0x00, 0x7b, 
	0x00, 0x7f, 0x00, 0x79, 0x00, 0x75, 0x00, 0x6d, 
	0x63, 0x18, 0x63, 0x18, 0x63, 0x18, 0x63, 0x18, 
	0x00, 0x00, 0x00, 0x00, 0x00, 0x00, 0x00, 0x00, 
	0x63, 0x18, 0x63, 0x18, 0x00, 0x7b, 0x00, 0x7f, 
	0x00, 0x77, 0x00, 0x6f, 0x00, 0x75, 0x00, 0x79, 
	0x00, 0x6f, 0x63, 0x18, 0x63, 0x18, 0x63, 0x18, 
	0x00, 0x00, 0x00, 0x00, 0x52, 0x94, 0x42, 0x10, 
	0x63, 0x18, 0x63, 0x18, 0x00, 0x79, 0x00, 0x7b, 
	0x00, 0x69, 0x63, 0x18, 0x00, 0x71, 0x00, 0x79, 
	0x00, 0x77, 0x00, 0x6b, 0x63, 0x18, 0x52, 0x94, 
	0x00, 0x00, 0x52, 0x94, 0x63, 0x18, 0x63, 0x18, 
	0x63, 0x18, 0x63, 0x18, 0x00, 0x73, 0x00, 0x6b, 
	0x00, 0x25, 0x63, 0x18, 0x63, 0x18, 0x00, 0x6f, 
	0x00, 0x6d, 0x00, 0x69, 0x63, 0x18, 0x4a, 0x52, 
	0x52, 0x94, 0x63, 0x18, 0x63, 0x18, 0x63, 0x18, 
	0x63, 0x18, 0x63, 0x18, 0x63, 0x18, 0x63, 0x18, 
	0x63, 0x18, 0x63, 0x18, 0x63, 0x18, 0x63, 0x18, 
	0x63, 0x18, 0x63, 0x18, 0x63, 0x18, 0x42, 0x10, 
	0x5a, 0xd6, 0x63, 0x18, 0x63, 0x18, 0x63, 0x18, 
	0x63, 0x18, 0x63, 0x18, 0x63, 0x18, 0x63, 0x18, 
	0x63, 0x18, 0x63, 0x18, 0x63, 0x18, 0x63, 0x18, 
	0x63, 0x18, 0x63, 0x18, 0x52, 0x94, 0x42, 0x10, 
	0x5a, 0xd6, 0x63, 0x18, 0x52, 0x94, 0x52, 0x94, 
	0x52, 0x94, 0x52, 0x94, 0x52, 0x94, 0x52, 0x94, 
	0x52, 0x94, 0x52, 0x94, 0x52, 0x94, 0x52, 0x94, 
	0x52, 0x94, 0x4a, 0x52, 0x42, 0x10, 0x00, 0x00, 
	0x42, 0x10, 0x18, 0xc6, 0x18, 0xc6, 0x18, 0xc6, 
	0x18, 0xc6, 0x18, 0xc6, 0x18, 0xc6, 0x18, 0xc6, 
	0x18, 0xc6, 0x18, 0xc6, 0x18, 0xc6, 0x18, 0xc6, 
	0x18, 0xc6, 0x18, 0xc6, 0x00, 0x00, 0x00, 0x00, 
	
};

Gfx micons_gear_rgba16_aligner[] = {gsSPEndDisplayList()};
u8 micons_gear_rgba16[] = {
	0x52, 0x94, 0x39, 0xce, 0x39, 0xce, 0x39, 0xce, 
	0x39, 0xce, 0x39, 0xce, 0x39, 0xce, 0x39, 0xce, 
	0x39, 0xce, 0x39, 0xce, 0x39, 0xce, 0x39, 0xce, 
	0x39, 0xce, 0x39, 0xce, 0x00, 0x00, 0x00, 0x00, 
	0x5a, 0xd6, 0x63, 0x18, 0x63, 0x18, 0x63, 0x18, 
	0x63, 0x18, 0x63, 0x18, 0x63, 0x18, 0x63, 0x18, 
	0x63, 0x18, 0x63, 0x18, 0x63, 0x18, 0x63, 0x18, 
	0x63, 0x18, 0x5a, 0xd6, 0x52, 0x94, 0x00, 0x00, 
	0x5a, 0xd6, 0x63, 0x18, 0x63, 0x18, 0x63, 0x18, 
	0x63, 0x18, 0x63, 0x18, 0x63, 0x18, 0x63, 0x18, 
	0x63, 0x18, 0x63, 0x18, 0x63, 0x18, 0x63, 0x18, 
	0x63, 0x18, 0x63, 0x18, 0x5a, 0xd6, 0x4a, 0x52, 
	0x42, 0x10, 0x63, 0x18, 0x63, 0x18, 0x63, 0x18, 
	0x63, 0x18, 0x63, 0x18, 0x63, 0x18, 0x63, 0x18, 
	0x63, 0x18, 0xff, 0xff, 0xf7, 0xbd, 0x63, 0x18, 
	0x63, 0x18, 0x63, 0x18, 0x63, 0x18, 0x4a, 0x52, 
	0x00, 0x00, 0x39, 0xce, 0x63, 0x18, 0x63, 0x18, 
	0x63, 0x18, 0x63, 0x18, 0x63, 0x18, 0xff, 0xff, 
	0x63, 0x18, 0xff, 0xff, 0xf7, 0xbd, 0x63, 0x18, 
	0xf7, 0xbd, 0x63, 0x18, 0x63, 0x18, 0x4a, 0x52, 
	0x00, 0x00, 0x00, 0x00, 0x39, 0xce, 0x21, 0x08, 
	0x63, 0x18, 0x63, 0x18, 0xff, 0xff, 0xff, 0xff, 
	0xff, 0xff, 0xe7, 0x39, 0xef, 0x7b, 0xff, 0xff, 
	0xf7, 0xbd, 0xd6, 0xb5, 0x63, 0x18, 0x52, 0x94, 
	0x00, 0x00, 0x00, 0x00, 0x00, 0x00, 0x00, 0x00, 
	0x5a, 0xd6, 0x63, 0x18, 0x63, 0x18, 0xff, 0xff, 
	0xd6, 0xb5, 0x63, 0x18, 0x63, 0x18, 0xf7, 0xbd, 
	0xf7, 0xbd, 0x63, 0x18, 0x63, 0x18, 0x63, 0x18, 
	0x00, 0x00, 0x00, 0x00, 0x00, 0x00, 0x00, 0x00, 
	0x5a, 0xd6, 0xff, 0xff, 0xff, 0xff, 0xe7, 0x39, 
	0x63, 0x18, 0x63, 0x18, 0x63, 0x18, 0x63, 0x18, 
	0xff, 0xff, 0xff, 0xff, 0xe7, 0x39, 0x63, 0x18, 
	0x00, 0x00, 0x00, 0x00, 0x00, 0x00, 0x00, 0x00, 
	0x5a, 0xd6, 0xff, 0xff, 0xff, 0xff, 0xef, 0x7b, 
	0x63, 0x18, 0x63, 0x18, 0x63, 0x18, 0x63, 0x18, 
	0xff, 0xff, 0xef, 0x7b, 0xd6, 0xb5, 0x63, 0x18, 
	0x00, 0x00, 0x00, 0x00, 0x00, 0x00, 0x00, 0x00, 
	0x63, 0x18, 0x63, 0x18, 0x63, 0x18, 0xff, 0xff, 
	0xef, 0x7b, 0x63, 0x18, 0x63, 0x18, 0xff, 0xff, 
	0xff, 0xff, 0x63, 0x18, 0x63, 0x18, 0x63, 0x18, 
	0x00, 0x00, 0x00, 0x00, 0x52, 0x94, 0x42, 0x10, 
	0x63, 0x18, 0x63, 0x18, 0xff, 0xff, 0xff, 0xff, 
	0xf7, 0xbd, 0xff, 0xff, 0xff, 0xff, 0xff, 0xff, 
	0xe7, 0x39, 0xce, 0x73, 0x63, 0x18, 0x52, 0x94, 
	0x00, 0x00, 0x52, 0x94, 0x63, 0x18, 0x63, 0x18, 
	0x63, 0x18, 0x63, 0x18, 0x63, 0x18, 0xde, 0xf7, 
	0x63, 0x18, 0xff, 0xff, 0xef, 0x7b, 0x63, 0x18, 
	0xce, 0x73, 0x63, 0x18, 0x63, 0x18, 0x4a, 0x52, 
	0x52, 0x94, 0x63, 0x18, 0x63, 0x18, 0x63, 0x18, 
	0x63, 0x18, 0x63, 0x18, 0x63, 0x18, 0x63, 0x18, 
	0x63, 0x18, 0xef, 0x7b, 0xd6, 0xb5, 0x63, 0x18, 
	0x63, 0x18, 0x63, 0x18, 0x63, 0x18, 0x42, 0x10, 
	0x5a, 0xd6, 0x63, 0x18, 0x63, 0x18, 0x63, 0x18, 
	0x63, 0x18, 0x63, 0x18, 0x63, 0x18, 0x63, 0x18, 
	0x63, 0x18, 0x63, 0x18, 0x63, 0x18, 0x63, 0x18, 
	0x63, 0x18, 0x63, 0x18, 0x52, 0x94, 0x42, 0x10, 
	0x5a, 0xd6, 0x63, 0x18, 0x52, 0x94, 0x52, 0x94, 
	0x52, 0x94, 0x52, 0x94, 0x52, 0x94, 0x52, 0x94, 
	0x52, 0x94, 0x52, 0x94, 0x52, 0x94, 0x52, 0x94, 
	0x52, 0x94, 0x4a, 0x52, 0x42, 0x10, 0x00, 0x00, 
	0x42, 0x10, 0x18, 0xc6, 0x18, 0xc6, 0x18, 0xc6, 
	0x18, 0xc6, 0x18, 0xc6, 0x18, 0xc6, 0x18, 0xc6, 
	0x18, 0xc6, 0x18, 0xc6, 0x18, 0xc6, 0x18, 0xc6, 
	0x18, 0xc6, 0x18, 0xc6, 0x00, 0x00, 0x00, 0x00, 
	
};

Gfx micons_warn_rgba16_aligner[] = {gsSPEndDisplayList()};
u8 micons_warn_rgba16[] = {
	0x52, 0x94, 0x39, 0xce, 0x39, 0xce, 0x39, 0xce, 
	0x39, 0xce, 0x39, 0xce, 0x39, 0xce, 0x39, 0xce, 
	0x39, 0xce, 0x39, 0xce, 0x39, 0xce, 0x39, 0xce, 
	0x39, 0xce, 0x39, 0xce, 0x00, 0x00, 0x00, 0x00, 
	0x5a, 0xd6, 0x63, 0x18, 0xf8, 0x85, 0xf8, 0x01, 
	0xd8, 0x01, 0x63, 0x18, 0x63, 0x18, 0x63, 0x18, 
	0x63, 0x18, 0x63, 0x18, 0x63, 0x18, 0x63, 0x18, 
	0x63, 0x18, 0x5a, 0xd6, 0x52, 0x94, 0x00, 0x00, 
	0x5a, 0xd6, 0x63, 0x18, 0xf8, 0x43, 0xf8, 0x01, 
	0xc0, 0x01, 0x63, 0x18, 0x63, 0x18, 0x63, 0x18, 
	0x63, 0x18, 0x63, 0x18, 0x63, 0x18, 0x63, 0x18, 
	0x63, 0x18, 0x63, 0x18, 0x5a, 0xd6, 0x4a, 0x52, 
	0x42, 0x10, 0x63, 0x18, 0xe8, 0x01, 0xc8, 0x01, 
	0xb8, 0x01, 0x63, 0x18, 0x63, 0x18, 0x63, 0x18, 
	0x63, 0x18, 0x63, 0x18, 0x63, 0x18, 0x63, 0x18, 
	0x63, 0x18, 0x63, 0x18, 0x63, 0x18, 0x4a, 0x52, 
	0x00, 0x00, 0x39, 0xce, 0x63, 0x18, 0x63, 0x18, 
	0x63, 0x18, 0x63, 0x18, 0x63, 0x18, 0x63, 0x18, 
	0x63, 0x18, 0x63, 0x18, 0x63, 0x18, 0x63, 0x18, 
	0x63, 0x18, 0x63, 0x18, 0x63, 0x18, 0x4a, 0x52, 
	0x00, 0x00, 0x00, 0x00, 0x39, 0xce, 0x21, 0x08, 
	0x63, 0x18, 0x63, 0x18, 0x63, 0x18, 0x63, 0x18, 
	0x63, 0x18, 0x63, 0x18, 0x63, 0x18, 0x63, 0x18, 
	0x63, 0x18, 0x63, 0x18, 0x63, 0x18, 0x52, 0x94, 
	0x00, 0x00, 0x00, 0x00, 0x00, 0x00, 0x00, 0x00, 
	0x5a, 0xd6, 0x63, 0x18, 0x63, 0x18, 0x63, 0x18, 
	0x63, 0x18, 0x63, 0x18, 0x63, 0x18, 0x63, 0x18, 
	0x63, 0x18, 0x63, 0x18, 0x63, 0x18, 0x63, 0x18, 
	0x00, 0x00, 0x00, 0x00, 0x00, 0x00, 0x00, 0x00, 
	0x5a, 0xd6, 0x63, 0x18, 0x63, 0x18, 0x63, 0x18, 
	0x63, 0x18, 0x63, 0x18, 0x63, 0x18, 0x63, 0x18, 
	0x63, 0x18, 0x63, 0x18, 0x63, 0x18, 0x63, 0x18, 
	0x00, 0x00, 0x00, 0x00, 0x00, 0x00, 0x00, 0x00, 
	0x5a, 0xd6, 0x63, 0x18, 0x63, 0x18, 0x63, 0x18, 
	0x63, 0x18, 0x63, 0x18, 0x63, 0x18, 0x63, 0x18, 
	0x63, 0x18, 0x63, 0x18, 0x63, 0x18, 0x63, 0x18, 
	0x00, 0x00, 0x00, 0x00, 0x00, 0x00, 0x00, 0x00, 
	0x63, 0x18, 0x63, 0x18, 0x63, 0x18, 0x63, 0x18, 
	0x63, 0x18, 0x63, 0x18, 0x63, 0x18, 0x63, 0x18, 
	0x63, 0x18, 0x63, 0x18, 0x63, 0x18, 0x63, 0x18, 
	0x00, 0x00, 0x00, 0x00, 0x52, 0x94, 0x42, 0x10, 
	0x63, 0x18, 0x63, 0x18, 0x63, 0x18, 0x63, 0x18, 
	0x63, 0x18, 0x63, 0x18, 0x63, 0x18, 0x63, 0x18, 
	0x63, 0x18, 0x63, 0x18, 0x63, 0x18, 0x52, 0x94, 
	0x00, 0x00, 0x52, 0x94, 0x63, 0x18, 0x63, 0x18, 
	0x63, 0x18, 0x63, 0x18, 0x63, 0x18, 0x63, 0x18, 
	0x63, 0x18, 0x63, 0x18, 0x63, 0x18, 0x63, 0x18, 
	0x63, 0x18, 0x63, 0x18, 0x63, 0x18, 0x4a, 0x52, 
	0x52, 0x94, 0x63, 0x18, 0x63, 0x18, 0x63, 0x18, 
	0x63, 0x18, 0x63, 0x18, 0x63, 0x18, 0x63, 0x18, 
	0x63, 0x18, 0x63, 0x18, 0x63, 0x18, 0x63, 0x18, 
	0x63, 0x18, 0x63, 0x18, 0x63, 0x18, 0x42, 0x10, 
	0x5a, 0xd6, 0x63, 0x18, 0x63, 0x18, 0x63, 0x18, 
	0x63, 0x18, 0x63, 0x18, 0x63, 0x18, 0x63, 0x18, 
	0x63, 0x18, 0x63, 0x18, 0x63, 0x18, 0x63, 0x18, 
	0x63, 0x18, 0x63, 0x18, 0x52, 0x94, 0x42, 0x10, 
	0x5a, 0xd6, 0x63, 0x18, 0x52, 0x94, 0x52, 0x94, 
	0x52, 0x94, 0x52, 0x94, 0x52, 0x94, 0x52, 0x94, 
	0x52, 0x94, 0x52, 0x94, 0x52, 0x94, 0x52, 0x94, 
	0x52, 0x94, 0x4a, 0x52, 0x42, 0x10, 0x00, 0x00, 
	0x42, 0x10, 0x18, 0xc6, 0x18, 0xc6, 0x18, 0xc6, 
	0x18, 0xc6, 0x18, 0xc6, 0x18, 0xc6, 0x18, 0xc6, 
	0x18, 0xc6, 0x18, 0xc6, 0x18, 0xc6, 0x18, 0xc6, 
	0x18, 0xc6, 0x18, 0xc6, 0x00, 0x00, 0x00, 0x00, 
	
};

Gfx micons_pants_rgba16_aligner[] = {gsSPEndDisplayList()};
u8 micons_pants_rgba16[] = {
	0x52, 0x94, 0x39, 0xce, 0x39, 0xce, 0x39, 0xce, 
	0x39, 0xce, 0x39, 0xce, 0x39, 0xce, 0x39, 0xce, 
	0x39, 0xce, 0x39, 0xce, 0x39, 0xce, 0x39, 0xce, 
	0x39, 0xce, 0x39, 0xce, 0x00, 0x00, 0x00, 0x00, 
	0x5a, 0xd6, 0x63, 0x18, 0x63, 0x18, 0x63, 0x18, 
	0x63, 0x18, 0x63, 0x18, 0x63, 0x18, 0x63, 0x18, 
	0x63, 0x18, 0x63, 0x18, 0x63, 0x18, 0x63, 0x18, 
	0x63, 0x18, 0x5a, 0xd6, 0x52, 0x94, 0x00, 0x00, 
	0x5a, 0xd6, 0x63, 0x18, 0x63, 0x18, 0x63, 0x18, 
	0x63, 0x18, 0x63, 0x18, 0x63, 0x18, 0x63, 0x18, 
	0x63, 0x18, 0x63, 0x18, 0x63, 0x18, 0x63, 0x18, 
	0x63, 0x18, 0x63, 0x18, 0x5a, 0xd6, 0x4a, 0x52, 
	0x42, 0x10, 0x63, 0x18, 0x63, 0x18, 0x63, 0x18, 
	0x63, 0x18, 0x63, 0x18, 0xf8, 0x00, 0xf8, 0x00, 
	0xf8, 0x00, 0x00, 0x77, 0xf8, 0x00, 0xf8, 0x00, 
	0x00, 0x79, 0xf8, 0x00, 0x63, 0x18, 0x4a, 0x52, 
	0x00, 0x00, 0x39, 0xce, 0x63, 0x18, 0x63, 0x18, 
	0x63, 0x18, 0xf8, 0x00, 0xf8, 0x00, 0xf8, 0x00, 
	0x00, 0xbf, 0xf8, 0x00, 0xf8, 0x00, 0x00, 0x79, 
	0xf8, 0x00, 0xf8, 0x00, 0xf8, 0x00, 0x4a, 0x52, 
	0x00, 0x00, 0x00, 0x00, 0x39, 0xce, 0x21, 0x08, 
	0x63, 0x18, 0xf8, 0x00, 0xf8, 0x00, 0x63, 0x18, 
	0x00, 0x7b, 0xf8, 0x00, 0xf8, 0x00, 0x00, 0x6d, 
	0x63, 0x18, 0xf8, 0x00, 0xf8, 0x00, 0x52, 0x94, 
	0x00, 0x00, 0x00, 0x00, 0x00, 0x00, 0x00, 0x00, 
	0x5a, 0xd6, 0x63, 0x18, 0x63, 0x18, 0x63, 0x18, 
	0xee, 0xc1, 0x08, 0xbf, 0x00, 0x75, 0xac, 0xc1, 
	0x63, 0x18, 0xf8, 0x00, 0xf8, 0x00, 0x63, 0x18, 
	0x00, 0x00, 0x00, 0x00, 0x00, 0x00, 0x00, 0x00, 
	0x5a, 0xd6, 0x63, 0x18, 0x63, 0x18, 0x00, 0x7b, 
	0x00, 0x7d, 0x8c, 0x7f, 0x00, 0x73, 0x00, 0x6b, 
	0x63, 0x18, 0xf8, 0x00, 0xf8, 0x00, 0x63, 0x18, 
	0x00, 0x00, 0x00, 0x00, 0x00, 0x00, 0x00, 0x00, 
	0x5a, 0xd6, 0x63, 0x18, 0x63, 0x18, 0x00, 0x7b, 
	0x00, 0x7f, 0x00, 0x79, 0x00, 0x75, 0x00, 0x6d, 
	0x63, 0x18, 0x63, 0x18, 0x63, 0x18, 0x63, 0x18, 
	0x00, 0x00, 0x00, 0x00, 0x00, 0x00, 0x00, 0x00, 
	0x63, 0x18, 0x63, 0x18, 0x00, 0x7b, 0x00, 0x7f, 
	0x00, 0x77, 0x00, 0x6f, 0x00, 0x75, 0x00, 0x79, 
	0x00, 0x6f, 0x63, 0x18, 0x63, 0x18, 0x63, 0x18, 
	0x00, 0x00, 0x00, 0x00, 0x52, 0x94, 0x42, 0x10, 
	0x63, 0x18, 0x63, 0x18, 0x00, 0x79, 0x00, 0x7b, 
	0x00, 0x69, 0x63, 0x18, 0x00, 0x71, 0x00, 0x79, 
	0x00, 0x77, 0x00, 0x6b, 0x63, 0x18, 0x52, 0x94, 
	0x00, 0x00, 0x52, 0x94, 0x63, 0x18, 0x63, 0x18, 
	0x63, 0x18, 0x63, 0x18, 0x00, 0x73, 0x00, 0x6b, 
	0x00, 0x25, 0x63, 0x18, 0x63, 0x18, 0x00, 0x6f, 
	0x00, 0x6d, 0x00, 0x69, 0x63, 0x18, 0x4a, 0x52, 
	0x52, 0x94, 0x63, 0x18, 0x63, 0x18, 0x63, 0x18, 
	0x63, 0x18, 0x63, 0x18, 0x63, 0x18, 0x63, 0x18, 
	0x63, 0x18, 0x63, 0x18, 0x63, 0x18, 0x63, 0x18, 
	0x63, 0x18, 0x63, 0x18, 0x63, 0x18, 0x42, 0x10, 
	0x5a, 0xd6, 0x63, 0x18, 0x63, 0x18, 0x63, 0x18, 
	0x63, 0x18, 0x63, 0x18, 0x63, 0x18, 0x63, 0x18, 
	0x63, 0x18, 0x63, 0x18, 0x63, 0x18, 0x63, 0x18, 
	0x63, 0x18, 0x63, 0x18, 0x52, 0x94, 0x42, 0x10, 
	0x5a, 0xd6, 0x63, 0x18, 0x52, 0x94, 0x52, 0x94, 
	0x52, 0x94, 0x52, 0x94, 0x52, 0x94, 0x52, 0x94, 
	0x52, 0x94, 0x52, 0x94, 0x52, 0x94, 0x52, 0x94, 
	0x52, 0x94, 0x4a, 0x52, 0x42, 0x10, 0x00, 0x00, 
	0x42, 0x10, 0x18, 0xc6, 0x18, 0xc6, 0x18, 0xc6, 
	0x18, 0xc6, 0x18, 0xc6, 0x18, 0xc6, 0x18, 0xc6, 
	0x18, 0xc6, 0x18, 0xc6, 0x18, 0xc6, 0x18, 0xc6, 
	0x18, 0xc6, 0x18, 0xc6, 0x00, 0x00, 0x00, 0x00, 
	
};

Gfx micons_camcol_rgba16_aligner[] = {gsSPEndDisplayList()};
u8 micons_camcol_rgba16[] = {
	0x52, 0x94, 0x39, 0xce, 0x39, 0xce, 0x39, 0xce, 
	0x39, 0xce, 0x39, 0xce, 0x39, 0xce, 0x39, 0xce, 
	0x39, 0xce, 0x39, 0xce, 0x39, 0xce, 0x39, 0xce, 
	0xff, 0xfe, 0x39, 0xce, 0x00, 0x00, 0x00, 0x00, 
	0x5a, 0xd6, 0x63, 0x18, 0x63, 0x18, 0x63, 0x18, 
	0x63, 0x18, 0x63, 0x18, 0x63, 0x18, 0x63, 0x18, 
	0x63, 0x18, 0x63, 0x18, 0x63, 0x18, 0xff, 0xfe, 
	0xff, 0xff, 0xff, 0xfe, 0x52, 0x94, 0x00, 0x00, 
	0x5a, 0xd6, 0x63, 0x18, 0x63, 0x18, 0x63, 0x18, 
	0x63, 0x18, 0x63, 0x18, 0x63, 0x18, 0x63, 0x18, 
	0x63, 0x18, 0x63, 0x18, 0xff, 0xfe, 0xff, 0xff, 
	0xff, 0xff, 0xff, 0xff, 0xff, 0xfe, 0x4a, 0x52, 
	0x42, 0x10, 0x63, 0x18, 0x63, 0x18, 0x63, 0x18, 
	0x63, 0x18, 0x63, 0x18, 0x63, 0x18, 0x63, 0x18, 
	0x63, 0x18, 0x63, 0x18, 0xff, 0xff, 0xff, 0xff, 
	0xff, 0xff, 0xff, 0xff, 0xff, 0xff, 0xff, 0xfe, 
	0x00, 0x00, 0x39, 0xce, 0x63, 0x18, 0x63, 0x18, 
	0x63, 0x18, 0x63, 0x18, 0x63, 0x18, 0x63, 0x18, 
	0x63, 0x18, 0xff, 0xfe, 0xff, 0xff, 0xff, 0xff, 
	0xff, 0xff, 0xff, 0xff, 0xff, 0xff, 0x4a, 0x52, 
	0x00, 0x00, 0x00, 0x00, 0x39, 0xce, 0x21, 0x08, 
	0x63, 0x18, 0x63, 0x18, 0x63, 0x18, 0x63, 0x18, 
	0xff, 0xfe, 0xff, 0xff, 0xff, 0xfe, 0xff, 0xff, 
	0xff, 0xff, 0xff, 0xff, 0x63, 0x18, 0x52, 0x94, 
	0x00, 0x00, 0x00, 0x00, 0x00, 0x00, 0x00, 0x00, 
	0x5a, 0xd6, 0x63, 0x18, 0x63, 0x18, 0x63, 0x18, 
	0x63, 0x18, 0xff, 0xfe, 0xff, 0xff, 0xff, 0xfe, 
	0xff, 0xff, 0xff, 0xfe, 0x63, 0x18, 0x63, 0x18, 
	0x00, 0x00, 0x00, 0x00, 0x00, 0x00, 0x00, 0x00, 
	0x5a, 0xd6, 0x63, 0x18, 0x63, 0x18, 0x63, 0x18, 
	0xff, 0xfe, 0x63, 0x18, 0xff, 0xfe, 0xff, 0xff, 
	0xff, 0xfe, 0x63, 0x18, 0x63, 0x18, 0x63, 0x18, 
	0x00, 0x00, 0x00, 0x00, 0x00, 0x00, 0x00, 0x00, 
	0x5a, 0xd6, 0x63, 0x18, 0x63, 0x18, 0xff, 0xfe, 
	0xff, 0xff, 0xff, 0xfe, 0x63, 0x18, 0xff, 0xfe, 
	0x63, 0x18, 0x63, 0x18, 0x63, 0x18, 0x63, 0x18, 
	0x00, 0x00, 0x00, 0x00, 0x00, 0x00, 0x00, 0x00, 
	0x63, 0x18, 0x63, 0x18, 0xff, 0xfe, 0xff, 0xff, 
	0xff, 0xfe, 0x63, 0x18, 0x63, 0x18, 0x63, 0x18, 
	0x63, 0x18, 0x63, 0x18, 0x63, 0x18, 0x63, 0x18, 
	0x00, 0x00, 0x00, 0x00, 0x52, 0x94, 0x42, 0x10, 
	0x63, 0x18, 0xff, 0xfe, 0xff, 0xff, 0xff, 0xfe, 
	0x63, 0x18, 0x63, 0x18, 0x63, 0x18, 0x63, 0x18, 
	0x63, 0x18, 0x63, 0x18, 0x63, 0x18, 0x52, 0x94, 
	0x00, 0x00, 0x52, 0x94, 0x63, 0x18, 0x63, 0x18, 
	0xff, 0xfe, 0xff, 0xff, 0xff, 0xfe, 0x63, 0x18, 
	0x63, 0x18, 0x63, 0x18, 0x63, 0x18, 0x63, 0x18, 
	0x63, 0x18, 0x63, 0x18, 0x63, 0x18, 0x4a, 0x52, 
	0x52, 0x94, 0x63, 0x18, 0x63, 0x18, 0xff, 0xfe, 
	0xff, 0xfe, 0xff, 0xfe, 0x63, 0x18, 0x63, 0x18, 
	0x63, 0x18, 0x63, 0x18, 0x63, 0x18, 0x63, 0x18, 
	0x63, 0x18, 0x63, 0x18, 0x63, 0x18, 0x42, 0x10, 
	0x5a, 0xd6, 0x63, 0x18, 0x63, 0x18, 0x63, 0x18, 
	0xff, 0xfe, 0x63, 0x18, 0x63, 0x18, 0x63, 0x18, 
	0x63, 0x18, 0x63, 0x18, 0x63, 0x18, 0x63, 0x18, 
	0x63, 0x18, 0x63, 0x18, 0x52, 0x94, 0x42, 0x10, 
	0x5a, 0xd6, 0x63, 0x18, 0x52, 0x94, 0x52, 0x94, 
	0x52, 0x94, 0x52, 0x94, 0x52, 0x94, 0x52, 0x94, 
	0x52, 0x94, 0x52, 0x94, 0x52, 0x94, 0x52, 0x94, 
	0x52, 0x94, 0x4a, 0x52, 0x42, 0x10, 0x00, 0x00, 
	0x42, 0x10, 0x18, 0xc6, 0x18, 0xc6, 0x18, 0xc6, 
	0x18, 0xc6, 0x18, 0xc6, 0x18, 0xc6, 0x18, 0xc6, 
	0x18, 0xc6, 0x18, 0xc6, 0x18, 0xc6, 0x18, 0xc6, 
	0x18, 0xc6, 0x18, 0xc6, 0x00, 0x00, 0x00, 0x00, 
	
};

Gfx micons_wide_rgba16_aligner[] = {gsSPEndDisplayList()};
u8 micons_wide_rgba16[] = {
	0xef, 0x7a, 0xd6, 0xb4, 0xd6, 0xb4, 0xd6, 0xb4, 
	0xd6, 0xb4, 0xd6, 0xb4, 0xd6, 0xb4, 0xd6, 0xb4, 
	0xd6, 0xb4, 0xd6, 0xb4, 0xd6, 0xb4, 0xd6, 0xb4, 
	0xd6, 0xb4, 0xd6, 0xb4, 0x9c, 0xe6, 0x00, 0x00, 
	0xf7, 0xbc, 0xff, 0xfe, 0xff, 0xfe, 0xff, 0xfe, 
	0xff, 0xfe, 0xff, 0xfe, 0xff, 0xfe, 0xff, 0xfe, 
	0xff, 0xfe, 0xff, 0xfe, 0xff, 0xfe, 0xff, 0xfe, 
	0xff, 0xfe, 0xf7, 0xbc, 0xe7, 0x38, 0x94, 0xa4, 
	0xf7, 0xbc, 0xff, 0xfe, 0xff, 0xfe, 0xff, 0xfe, 
	0xff, 0xfe, 0xff, 0xfe, 0xff, 0xfe, 0xff, 0xfe, 
	0xff, 0xfe, 0xff, 0xfe, 0xff, 0xfe, 0xff, 0xfe, 
	0xff, 0xfe, 0xff, 0xfe, 0xef, 0x7a, 0xe7, 0x38, 
	0xde, 0xf6, 0xff, 0xfe, 0xff, 0xfe, 0xff, 0xfe, 
	0xff, 0xfe, 0xff, 0xfe, 0xff, 0xfe, 0xff, 0xfe, 
	0xff, 0xfe, 0xff, 0xfe, 0xff, 0xfe, 0xff, 0xfe, 
	0xff, 0xfe, 0xff, 0xfe, 0xf7, 0xbc, 0xe7, 0x38, 
	0x00, 0x00, 0xd6, 0xb4, 0xff, 0xfe, 0xf7, 0xbc, 
	0xff, 0xfe, 0xff, 0xfe, 0xff, 0xfe, 0xff, 0xfe, 
	0xff, 0xfe, 0xff, 0xfe, 0xff, 0xfe, 0xff, 0xfe, 
	0xff, 0xfe, 0xff, 0xfe, 0xf7, 0xbc, 0xe7, 0x38, 
	0x00, 0x00, 0x00, 0x00, 0xd6, 0xb4, 0xb5, 0xac, 
	0xff, 0xfe, 0xff, 0xff, 0xff, 0xfe, 0xff, 0xfe, 
	0xff, 0xff, 0xff, 0xfe, 0xff, 0xfe, 0xff, 0xff, 
	0xff, 0xfe, 0xff, 0xfe, 0xff, 0xff, 0xef, 0x7a, 
	0x00, 0x00, 0x00, 0x00, 0x00, 0x00, 0x00, 0x00, 
	0xf7, 0xbc, 0xff, 0xff, 0xff, 0xfe, 0xff, 0xff, 
	0xff, 0xfe, 0xff, 0xfe, 0xff, 0xfe, 0xff, 0xfe, 
	0xff, 0xfe, 0xff, 0xff, 0xff, 0xfe, 0xff, 0xff, 
	0x00, 0x00, 0x00, 0x00, 0x00, 0x00, 0x00, 0x00, 
	0xf7, 0xbc, 0xff, 0xff, 0xff, 0xfe, 0xff, 0xff, 
	0xff, 0xff, 0xff, 0xfe, 0xff, 0xfe, 0xff, 0xfe, 
	0xff, 0xfe, 0xff, 0xff, 0xff, 0xfe, 0xff, 0xff, 
	0x00, 0x00, 0x00, 0x00, 0x00, 0x00, 0x00, 0x00, 
	0xf7, 0xbc, 0xff, 0xff, 0xff, 0xfe, 0xff, 0xff, 
	0xff, 0xfe, 0xff, 0xff, 0xff, 0xfe, 0xff, 0xfe, 
	0xff, 0xfe, 0xff, 0xfe, 0xff, 0xff, 0xff, 0xff, 
	0x00, 0x00, 0x00, 0x00, 0x00, 0x00, 0x00, 0x00, 
	0xf7, 0xbc, 0xff, 0xff, 0xff, 0xfe, 0xff, 0xff, 
	0xff, 0xfe, 0xff, 0xff, 0xff, 0xfe, 0xff, 0xfe, 
	0xff, 0xfe, 0xff, 0xfe, 0xff, 0xfe, 0xff, 0xff, 
	0x00, 0x00, 0x00, 0x00, 0xef, 0x7a, 0xde, 0xf6, 
	0xff, 0xfe, 0xff, 0xff, 0xff, 0xfe, 0xff, 0xfe, 
	0xff, 0xff, 0xff, 0xfe, 0xff, 0xfe, 0xff, 0xff, 
	0xff, 0xfe, 0xff, 0xfe, 0xff, 0xff, 0xef, 0x7a, 
	0x00, 0x00, 0xef, 0x7a, 0xff, 0xfe, 0xff, 0xfe, 
	0xff, 0xfe, 0xff, 0xfe, 0xff, 0xfe, 0xff, 0xfe, 
	0xff, 0xfe, 0xff, 0xfe, 0xff, 0xfe, 0xff, 0xfe, 
	0xff, 0xfe, 0xff, 0xfe, 0xf7, 0xbc, 0xde, 0xf6, 
	0xef, 0x7a, 0xff, 0xfe, 0xff, 0xfe, 0xff, 0xfe, 
	0xff, 0xfe, 0xff, 0xfe, 0xff, 0xfe, 0xff, 0xfe, 
	0xff, 0xfe, 0xff, 0xfe, 0xff, 0xfe, 0xff, 0xfe, 
	0xff, 0xfe, 0xff, 0xfe, 0xf7, 0xbc, 0xde, 0xf6, 
	0xf7, 0xbc, 0xff, 0xfe, 0xff, 0xfe, 0xff, 0xfe, 
	0xff, 0xfe, 0xff, 0xfe, 0xff, 0xfe, 0xff, 0xfe, 
	0xff, 0xfe, 0xff, 0xfe, 0xff, 0xfe, 0xff, 0xfe, 
	0xff, 0xfe, 0xf7, 0xbc, 0xe7, 0x38, 0xde, 0xf6, 
	0xf7, 0xbc, 0xff, 0xfe, 0xef, 0x7a, 0xef, 0x7a, 
	0xef, 0x7a, 0xef, 0x7a, 0xef, 0x7a, 0xef, 0x7a, 
	0xef, 0x7a, 0xef, 0x7a, 0xef, 0x7a, 0xef, 0x7a, 
	0xef, 0x7a, 0xe7, 0x38, 0xde, 0xf6, 0x63, 0x18, 
	0xde, 0xf6, 0xb5, 0xac, 0xb5, 0xac, 0xb5, 0xac, 
	0xb5, 0xac, 0xb5, 0xac, 0xb5, 0xac, 0xb5, 0xac, 
	0xb5, 0xac, 0xb5, 0xac, 0xb5, 0xac, 0xb5, 0xac, 
	0xb5, 0xac, 0xb5, 0xac, 0x6b, 0x5a, 0x00, 0x00, 
	
};

Gfx micons_sixty_rgba16_aligner[] = {gsSPEndDisplayList()};
u8 micons_sixty_rgba16[] = {
	0xef, 0x7a, 0xd6, 0xb4, 0xd6, 0xb4, 0xd6, 0xb4, 
	0xd6, 0xb4, 0xd6, 0xb4, 0xd6, 0xb4, 0xd6, 0xb4, 
	0xd6, 0xb4, 0xd6, 0xb4, 0xd6, 0xb4, 0xd6, 0xb4, 
	0xd6, 0xb4, 0xd6, 0xb4, 0x9c, 0xe6, 0x00, 0x00, 
	0xf7, 0xbc, 0xff, 0xfe, 0xff, 0xfe, 0xff, 0xfe, 
	0xff, 0xfe, 0xff, 0xfe, 0xff, 0xfe, 0xff, 0xfe, 
	0xff, 0xfe, 0xff, 0xfe, 0xff, 0xfe, 0xff, 0xfe, 
	0xff, 0xfe, 0xf7, 0xbc, 0xe7, 0x38, 0x94, 0xa4, 
	0xf7, 0xbc, 0xff, 0xfe, 0xff, 0xfe, 0xff, 0xfe, 
	0xff, 0xfe, 0xff, 0xfe, 0xff, 0xfe, 0xff, 0xfe, 
	0xff, 0xfe, 0xff, 0xff, 0xff, 0xfe, 0xff, 0xfe, 
	0xff, 0xff, 0xff, 0xfe, 0xef, 0x7a, 0xe7, 0x38, 
	0xde, 0xf6, 0xff, 0xfe, 0xff, 0xfe, 0xff, 0xfe, 
	0xff, 0xfe, 0xff, 0xfe, 0xff, 0xfe, 0xff, 0xfe, 
	0xff, 0xff, 0xff, 0xfe, 0xff, 0xfe, 0xff, 0xff, 
	0xff, 0xfe, 0xff, 0xff, 0xf7, 0xbc, 0xe7, 0x38, 
	0x00, 0x00, 0xd6, 0xb4, 0xff, 0xfe, 0xf7, 0xbc, 
	0xff, 0xfe, 0xff, 0xfe, 0xff, 0xfe, 0xff, 0xff, 
	0xff, 0xfe, 0xff, 0xfe, 0xff, 0xfe, 0xff, 0xff, 
	0xff, 0xfe, 0xff, 0xff, 0xf7, 0xbc, 0xe7, 0x38, 
	0x00, 0x00, 0x00, 0x00, 0xd6, 0xb4, 0xb5, 0xac, 
	0xff, 0xfe, 0xff, 0xfe, 0xff, 0xfe, 0xff, 0xff, 
	0xff, 0xff, 0xff, 0xfe, 0xff, 0xfe, 0xff, 0xff, 
	0xff, 0xfe, 0xff, 0xff, 0xff, 0xfe, 0xef, 0x7a, 
	0x00, 0x00, 0x00, 0x00, 0x00, 0x00, 0x00, 0x00, 
	0xf7, 0xbc, 0xff, 0xfe, 0xff, 0xfe, 0xff, 0xff, 
	0xff, 0xfe, 0xff, 0xff, 0xff, 0xfe, 0xff, 0xff, 
	0xff, 0xfe, 0xff, 0xff, 0xff, 0xfe, 0xff, 0xfe, 
	0x00, 0x00, 0x00, 0x00, 0x00, 0x00, 0x00, 0x00, 
	0xf7, 0xbc, 0xff, 0xfe, 0xff, 0xfe, 0xff, 0xff, 
	0xff, 0xfe, 0xff, 0xff, 0xff, 0xfe, 0xff, 0xff, 
	0xff, 0xfe, 0xff, 0xff, 0xff, 0xfe, 0xff, 0xfe, 
	0x00, 0x00, 0x00, 0x00, 0x00, 0x00, 0x00, 0x00, 
	0xf7, 0xbc, 0xff, 0xfe, 0xff, 0xfe, 0xff, 0xff, 
	0xff, 0xfe, 0xff, 0xff, 0xff, 0xfe, 0xff, 0xff, 
	0xff, 0xfe, 0xff, 0xff, 0xff, 0xfe, 0xff, 0xfe, 
	0x00, 0x00, 0x00, 0x00, 0x00, 0x00, 0x00, 0x00, 
	0xf7, 0xbc, 0xff, 0xfe, 0xff, 0xfe, 0xff, 0xfe, 
	0xff, 0xff, 0xff, 0xfe, 0xff, 0xfe, 0xff, 0xfe, 
	0xff, 0xff, 0xff, 0xfe, 0xff, 0xfe, 0xff, 0xfe, 
	0x00, 0x00, 0x00, 0x00, 0xef, 0x7a, 0xde, 0xf6, 
	0xff, 0xfe, 0xff, 0xfe, 0xff, 0xfe, 0xff, 0xfe, 
	0xff, 0xfe, 0xff, 0xfe, 0xff, 0xfe, 0xff, 0xfe, 
	0xff, 0xfe, 0xff, 0xfe, 0xff, 0xfe, 0xef, 0x7a, 
	0x00, 0x00, 0xef, 0x7a, 0xff, 0xfe, 0xff, 0xfe, 
	0xff, 0xfe, 0xff, 0xfe, 0xff, 0xfe, 0xff, 0xff, 
	0xff, 0xff, 0xff, 0xfe, 0xff, 0xff, 0xff, 0xff, 
	0xff, 0xfe, 0xff, 0xff, 0xff, 0xff, 0xde, 0xf6, 
	0xef, 0x7a, 0xff, 0xfe, 0xff, 0xfe, 0xff, 0xfe, 
	0xff, 0xfe, 0xff, 0xfe, 0xff, 0xfe, 0xff, 0xff, 
	0xff, 0xfe, 0xff, 0xfe, 0xff, 0xff, 0xff, 0xff, 
	0xff, 0xfe, 0xff, 0xfe, 0xff, 0xff, 0xde, 0xf6, 
	0xf7, 0xbc, 0xff, 0xfe, 0xff, 0xfe, 0xff, 0xfe, 
	0xff, 0xfe, 0xff, 0xfe, 0xff, 0xfe, 0xff, 0xff, 
	0xff, 0xfe, 0xff, 0xfe, 0xff, 0xff, 0xff, 0xfe, 
	0xff, 0xfe, 0xff, 0xff, 0xff, 0xff, 0xde, 0xf6, 
	0xf7, 0xbc, 0xff, 0xfe, 0xef, 0x7a, 0xef, 0x7a, 
	0xef, 0x7a, 0xef, 0x7a, 0xef, 0x7a, 0xef, 0x7a, 
	0xef, 0x7a, 0xef, 0x7a, 0xef, 0x7a, 0xef, 0x7a, 
	0xef, 0x7a, 0xe7, 0x38, 0xde, 0xf6, 0x63, 0x18, 
	0xde, 0xf6, 0xb5, 0xac, 0xb5, 0xac, 0xb5, 0xac, 
	0xb5, 0xac, 0xb5, 0xac, 0xb5, 0xac, 0xb5, 0xac, 
	0xb5, 0xac, 0xb5, 0xac, 0xb5, 0xac, 0xb5, 0xac, 
	0xb5, 0xac, 0xb5, 0xac, 0x6b, 0x5a, 0x00, 0x00, 
	
};

Gfx micons_aa_rgba16_aligner[] = {gsSPEndDisplayList()};
u8 micons_aa_rgba16[] = {
	0xef, 0x7a, 0xd6, 0xb4, 0xd6, 0xb4, 0xd6, 0xb4, 
	0xd6, 0xb4, 0xd6, 0xb4, 0xd6, 0xb4, 0xd6, 0xb4, 
	0xd6, 0xb4, 0xd6, 0xb4, 0xd6, 0xb4, 0xd6, 0xb4, 
	0xd6, 0xb4, 0xd6, 0xb4, 0x9c, 0xe6, 0x00, 0x00, 
	0xf7, 0xbc, 0xff, 0xfe, 0xff, 0xfe, 0xff, 0xfe, 
	0xff, 0xfe, 0xff, 0xfe, 0xff, 0xfe, 0xff, 0xfe, 
	0xff, 0xfe, 0xff, 0xfe, 0xff, 0xfe, 0xff, 0xfe, 
	0xff, 0xfe, 0xf7, 0xbc, 0xe7, 0x38, 0x94, 0xa4, 
	0xf7, 0xbc, 0xff, 0xfe, 0xff, 0xfe, 0xff, 0xfe, 
	0xff, 0xfe, 0xff, 0xfe, 0xff, 0xfe, 0xff, 0xfe, 
	0xff, 0xfe, 0xff, 0xfe, 0xff, 0xfe, 0xff, 0xfe, 
	0xff, 0xfe, 0xff, 0xfe, 0xef, 0x7a, 0xe7, 0x38, 
	0xde, 0xf6, 0xff, 0xfe, 0xff, 0xfe, 0xff, 0xfe, 
	0xff, 0xfe, 0xff, 0xfe, 0xff, 0xfe, 0xff, 0xfe, 
	0xff, 0xfe, 0xff, 0xfe, 0xff, 0xfe, 0xff, 0xfe, 
	0xff, 0xfe, 0xff, 0xfe, 0xf7, 0xbc, 0xe7, 0x38, 
	0x00, 0x00, 0xd6, 0xb4, 0xff, 0xfe, 0xf7, 0xbc, 
	0xff, 0xfe, 0xff, 0xfe, 0xff, 0xfe, 0xff, 0xfe, 
	0xff, 0xfe, 0xff, 0xfe, 0xff, 0xfe, 0xff, 0xfe, 
	0xff, 0xfe, 0xff, 0xfe, 0xf7, 0xbc, 0xe7, 0x38, 
	0x00, 0x00, 0x00, 0x00, 0xd6, 0xb4, 0xb5, 0xac, 
	0xff, 0xfe, 0xad, 0x6b, 0xad, 0x6b, 0xad, 0x6b, 
	0xad, 0x6b, 0xad, 0x6b, 0xad, 0x6b, 0xad, 0x6b, 
	0xad, 0x6b, 0xad, 0x6b, 0xad, 0x6b, 0xef, 0x7a, 
	0x00, 0x00, 0x00, 0x00, 0x00, 0x00, 0x00, 0x00, 
	0xf7, 0xbc, 0xad, 0x6b, 0xb5, 0xad, 0xf7, 0xbd, 
	0xb5, 0xad, 0xad, 0x6b, 0xad, 0x6b, 0xb5, 0xad, 
	0xff, 0xff, 0xb5, 0xad, 0xad, 0x6b, 0xff, 0xfe, 
	0x00, 0x00, 0x00, 0x00, 0x00, 0x00, 0x00, 0x00, 
	0xf7, 0xbc, 0xad, 0x6b, 0xde, 0xf7, 0xef, 0x7b, 
	0xde, 0xf7, 0xad, 0x6b, 0xad, 0x6b, 0xde, 0xf7, 
	0xef, 0x7b, 0xde, 0xf7, 0xad, 0x6b, 0xff, 0xfe, 
	0x00, 0x00, 0x00, 0x00, 0x00, 0x00, 0x00, 0x00, 
	0xf7, 0xbc, 0xb5, 0xad, 0xf7, 0xbd, 0xb5, 0xad, 
	0xf7, 0xbd, 0xb5, 0xad, 0xb5, 0xad, 0xf7, 0xbd, 
	0xbd, 0xef, 0xf7, 0xbd, 0xb5, 0xad, 0xff, 0xfe, 
	0x00, 0x00, 0x00, 0x00, 0x00, 0x00, 0x00, 0x00, 
	0xf7, 0xbc, 0xde, 0xf7, 0xff, 0xff, 0xff, 0xff, 
	0xff, 0xff, 0xde, 0xf7, 0xde, 0xf7, 0xff, 0xff, 
	0xff, 0xff, 0xff, 0xff, 0xde, 0xf7, 0xff, 0xfe, 
	0x00, 0x00, 0x00, 0x00, 0xef, 0x7a, 0xde, 0xf6, 
	0xc6, 0x30, 0xf7, 0xbd, 0xb5, 0xad, 0xad, 0x6b, 
	0xb5, 0xad, 0xf7, 0xbd, 0xf7, 0xbd, 0xb5, 0xad, 
	0xad, 0x6b, 0xb5, 0xad, 0xf7, 0xbd, 0xde, 0xf6, 
	0x00, 0x00, 0xef, 0x7a, 0xff, 0xfe, 0xff, 0xfe, 
	0xff, 0xfe, 0xc6, 0x30, 0xff, 0xfe, 0xff, 0xfe, 
	0xff, 0xfe, 0xc6, 0x30, 0xde, 0xf6, 0xff, 0xfe, 
	0xff, 0xfe, 0xff, 0xfe, 0xde, 0xf6, 0xde, 0xf6, 
	0xef, 0x7a, 0xff, 0xfe, 0xff, 0xfe, 0xff, 0xfe, 
	0xff, 0xfe, 0xff, 0xfe, 0xff, 0xfe, 0xff, 0xfe, 
	0xff, 0xfe, 0xff, 0xfe, 0xff, 0xfe, 0xff, 0xfe, 
	0xff, 0xfe, 0xff, 0xfe, 0xf7, 0xbc, 0xde, 0xf6, 
	0xf7, 0xbc, 0xff, 0xfe, 0xff, 0xfe, 0xff, 0xfe, 
	0xff, 0xfe, 0xff, 0xfe, 0xff, 0xfe, 0xff, 0xfe, 
	0xff, 0xfe, 0xff, 0xfe, 0xff, 0xfe, 0xff, 0xfe, 
	0xff, 0xfe, 0xf7, 0xbc, 0xe7, 0x38, 0xde, 0xf6, 
	0xf7, 0xbc, 0xff, 0xfe, 0xef, 0x7a, 0xef, 0x7a, 
	0xef, 0x7a, 0xef, 0x7a, 0xef, 0x7a, 0xef, 0x7a, 
	0xef, 0x7a, 0xef, 0x7a, 0xef, 0x7a, 0xef, 0x7a, 
	0xef, 0x7a, 0xe7, 0x38, 0xde, 0xf6, 0x63, 0x18, 
	0xde, 0xf6, 0xb5, 0xac, 0xb5, 0xac, 0xb5, 0xac, 
	0xb5, 0xac, 0xb5, 0xac, 0xb5, 0xac, 0xb5, 0xac, 
	0xb5, 0xac, 0xb5, 0xac, 0xb5, 0xac, 0xb5, 0xac, 
	0xb5, 0xac, 0xb5, 0xac, 0x6b, 0x5a, 0x00, 0x00, 
	
};

Gfx micons_nosound_rgba16_aligner[] = {gsSPEndDisplayList()};
u8 micons_nosound_rgba16[] = {
	0x00, 0x00, 0x00, 0x00, 0x00, 0x00, 0x00, 0x00, 
	0x00, 0x00, 0x00, 0x00, 0x00, 0x00, 0x00, 0x00, 
	0x00, 0x00, 0x00, 0x00, 0x00, 0x00, 0x00, 0x00, 
	0x00, 0x00, 0x00, 0x00, 0x00, 0x00, 0x00, 0x00, 
	0x00, 0x00, 0x00, 0x00, 0x00, 0x00, 0x00, 0x00, 
	0x00, 0x00, 0x00, 0x00, 0x00, 0x00, 0x00, 0x00, 
	0x00, 0x00, 0x00, 0x00, 0x00, 0x00, 0x00, 0x00, 
	0x00, 0x00, 0x00, 0x00, 0x00, 0x00, 0x00, 0x00, 
	0x00, 0x00, 0x00, 0x00, 0x00, 0x00, 0x00, 0x00, 
	0x00, 0x00, 0x00, 0x00, 0x00, 0x00, 0x00, 0x00, 
	0x00, 0x00, 0x00, 0x00, 0x00, 0x00, 0x00, 0x00, 
	0xff, 0xff, 0x00, 0x00, 0x00, 0x00, 0x00, 0x00, 
	0x00, 0x00, 0x00, 0x00, 0x00, 0x00, 0x00, 0x00, 
	0x00, 0x00, 0x00, 0x00, 0xff, 0xff, 0x00, 0x00, 
	0x00, 0x00, 0x00, 0x00, 0x00, 0x00, 0xff, 0xff, 
	0xff, 0xff, 0x00, 0x00, 0x00, 0x00, 0x00, 0x00, 
	0x00, 0x00, 0x00, 0x00, 0x00, 0x00, 0x00, 0x00, 
	0x00, 0x00, 0x00, 0x00, 0x00, 0x00, 0xff, 0xff, 
	0x00, 0x00, 0x00, 0x00, 0x00, 0x00, 0xff, 0xff, 
	0xff, 0xff, 0x00, 0x00, 0x00, 0x00, 0x00, 0x00, 
	0x00, 0x00, 0x00, 0x00, 0x00, 0x00, 0x00, 0x00, 
	0x00, 0x00, 0x00, 0x00, 0x00, 0x00, 0x00, 0x00, 
	0xff, 0xff, 0x00, 0x00, 0xff, 0xff, 0xff, 0xff, 
	0xff, 0xff, 0x00, 0x00, 0x00, 0x00, 0x00, 0x00, 
	0x00, 0x00, 0x00, 0x00, 0x00, 0x00, 0x00, 0x00, 
	0x00, 0x00, 0x00, 0x00, 0xff, 0xff, 0xff, 0xff, 
	0x00, 0x00, 0x00, 0x00, 0xff, 0xff, 0xff, 0xff, 
	0xff, 0xff, 0x00, 0x00, 0x00, 0x00, 0x00, 0x00, 
	0x00, 0x00, 0x00, 0x00, 0x00, 0x00, 0x00, 0x00, 
	0x00, 0x00, 0x00, 0x00, 0xff, 0xff, 0xff, 0xff, 
	0x00, 0x00, 0xff, 0xff, 0x00, 0x00, 0xff, 0xff, 
	0xff, 0xff, 0x00, 0x00, 0x00, 0x00, 0x00, 0x00, 
	0x00, 0x00, 0x00, 0x00, 0x00, 0x00, 0x00, 0x00, 
	0x00, 0x00, 0x00, 0x00, 0xff, 0xff, 0xff, 0xff, 
	0x00, 0x00, 0xff, 0xff, 0xff, 0xff, 0x00, 0x00, 
	0xff, 0xff, 0x00, 0x00, 0x00, 0x00, 0x00, 0x00, 
	0x00, 0x00, 0x00, 0x00, 0x00, 0x00, 0x00, 0x00, 
	0x00, 0x00, 0x00, 0x00, 0xff, 0xff, 0xff, 0xff, 
	0x00, 0x00, 0xff, 0xff, 0xff, 0xff, 0xff, 0xff, 
	0x00, 0x00, 0x00, 0x00, 0x00, 0x00, 0x00, 0x00, 
	0x00, 0x00, 0x00, 0x00, 0x00, 0x00, 0x00, 0x00, 
	0x00, 0x00, 0x00, 0x00, 0x00, 0x00, 0x00, 0x00, 
	0x00, 0x00, 0x00, 0x00, 0xff, 0xff, 0xff, 0xff, 
	0xff, 0xff, 0xff, 0xff, 0x00, 0x00, 0x00, 0x00, 
	0x00, 0x00, 0x00, 0x00, 0x00, 0x00, 0x00, 0x00, 
	0x00, 0x00, 0x00, 0x00, 0x00, 0x00, 0x00, 0x00, 
	0x00, 0x00, 0x00, 0x00, 0x00, 0x00, 0xff, 0xff, 
	0xff, 0xff, 0x00, 0x00, 0xff, 0xff, 0x00, 0x00, 
	0x00, 0x00, 0x00, 0x00, 0x00, 0x00, 0x00, 0x00, 
	0x00, 0x00, 0x00, 0x00, 0x00, 0x00, 0x00, 0x00, 
	0x00, 0x00, 0x00, 0x00, 0x00, 0x00, 0xff, 0xff, 
	0xff, 0xff, 0x00, 0x00, 0x00, 0x00, 0xff, 0xff, 
	0x00, 0x00, 0x00, 0x00, 0x00, 0x00, 0x00, 0x00, 
	0x00, 0x00, 0x00, 0x00, 0x00, 0x00, 0x00, 0x00, 
	0x00, 0x00, 0x00, 0x00, 0x00, 0x00, 0x00, 0x00, 
	0xff, 0xff, 0x00, 0x00, 0x00, 0x00, 0x00, 0x00, 
	0x00, 0x00, 0x00, 0x00, 0x00, 0x00, 0x00, 0x00, 
	0x00, 0x00, 0x00, 0x00, 0x00, 0x00, 0x00, 0x00, 
	0x00, 0x00, 0x00, 0x00, 0x00, 0x00, 0x00, 0x00, 
	0x00, 0x00, 0x00, 0x00, 0x00, 0x00, 0x00, 0x00, 
	0x00, 0x00, 0x00, 0x00, 0x00, 0x00, 0x00, 0x00, 
	0x00, 0x00, 0x00, 0x00, 0x00, 0x00, 0x00, 0x00, 
	0x00, 0x00, 0x00, 0x00, 0x00, 0x00, 0x00, 0x00, 
	0x00, 0x00, 0x00, 0x00, 0x00, 0x00, 0x00, 0x00, 
	
};

Gfx micons_hair_rgba16_aligner[] = {gsSPEndDisplayList()};
u8 micons_hair_rgba16[] = {
	0xef, 0x7a, 0xd6, 0xb4, 0xd6, 0xb4, 0xd6, 0xb4, 
	0xd6, 0xb4, 0xd6, 0xb4, 0xd6, 0xb4, 0xd6, 0xb4, 
	0xd6, 0xb4, 0xd6, 0xb4, 0xd6, 0xb4, 0xd6, 0xb4, 
	0xd6, 0xb4, 0xd6, 0xb4, 0x9c, 0xe6, 0x00, 0x00, 
	0xf7, 0xbc, 0xff, 0xfe, 0xff, 0xfe, 0xff, 0xfe, 
	0xff, 0xfe, 0xff, 0xfe, 0xff, 0xfe, 0xff, 0xfe, 
	0xff, 0xfe, 0xff, 0xfe, 0xff, 0xfe, 0xff, 0xfe, 
	0xff, 0xfe, 0xf7, 0xbc, 0xe7, 0x38, 0x94, 0xa4, 
	0xf7, 0xbc, 0xff, 0xfe, 0xff, 0xfe, 0xff, 0xfe, 
	0xff, 0xfe, 0xff, 0xfe, 0xff, 0xfe, 0xff, 0xfe, 
	0xff, 0xfe, 0xff, 0xfe, 0xff, 0xfe, 0xff, 0xfe, 
	0xff, 0xfe, 0xff, 0xfe, 0xef, 0x7a, 0xe7, 0x38, 
	0xde, 0xf6, 0xff, 0xfe, 0xff, 0xfe, 0xff, 0xfe, 
	0xff, 0xfe, 0xff, 0xfe, 0xff, 0xfe, 0xff, 0xfe, 
	0xff, 0xfe, 0xff, 0xfe, 0xff, 0xfe, 0xff, 0xfe, 
	0xff, 0xfe, 0xff, 0xfe, 0xf7, 0xbc, 0xe7, 0x38, 
	0x00, 0x00, 0xd6, 0xb4, 0xff, 0xfe, 0xf7, 0xbc, 
	0xff, 0xfe, 0xff, 0xfe, 0xff, 0xfe, 0xff, 0xfe, 
	0xff, 0xfe, 0xff, 0xfe, 0xff, 0xfe, 0xff, 0xfe, 
	0xff, 0xfe, 0xff, 0xfe, 0xf7, 0xbc, 0xe7, 0x38, 
	0x00, 0x00, 0x00, 0x00, 0xd6, 0xb4, 0xb5, 0xac, 
	0xff, 0xfe, 0xff, 0xfe, 0xff, 0xfe, 0xff, 0xfe, 
	0xff, 0xfe, 0xff, 0xfe, 0xff, 0xfe, 0xff, 0xfe, 
	0xff, 0xfe, 0xff, 0xfe, 0xff, 0xfe, 0xef, 0x7a, 
	0x00, 0x00, 0x00, 0x00, 0x00, 0x00, 0x00, 0x00, 
	0xf7, 0xbc, 0xff, 0xfe, 0xff, 0xfe, 0xa0, 0x85, 
	0x90, 0x01, 0xff, 0xfe, 0xa0, 0x85, 0x90, 0x01, 
	0x78, 0x01, 0xff, 0xfe, 0xff, 0xfe, 0xff, 0xfe, 
	0x00, 0x00, 0x00, 0x00, 0x00, 0x00, 0x00, 0x00, 
	0xf7, 0xbc, 0xff, 0xfe, 0xff, 0xfe, 0xa0, 0x85, 
	0x80, 0x01, 0xff, 0xfe, 0x98, 0x43, 0xa0, 0x85, 
	0x78, 0x01, 0x60, 0x01, 0xff, 0xfe, 0xff, 0xfe, 
	0x00, 0x00, 0x00, 0x00, 0x00, 0x00, 0x00, 0x00, 
	0xf7, 0xbc, 0xff, 0xfe, 0xa0, 0x85, 0x88, 0x01, 
	0x60, 0x01, 0xff, 0xfe, 0x80, 0x01, 0x88, 0x01, 
	0x88, 0x01, 0x68, 0x01, 0x58, 0x01, 0xff, 0xfe, 
	0x00, 0x00, 0x00, 0x00, 0x00, 0x00, 0x00, 0x00, 
	0xf7, 0xbc, 0xff, 0xfe, 0x88, 0x01, 0x60, 0x01, 
	0xff, 0xfe, 0xff, 0xfe, 0xff, 0xfe, 0x68, 0x01, 
	0x70, 0x01, 0x58, 0x01, 0x48, 0x01, 0xff, 0xfe, 
	0x00, 0x00, 0x00, 0x00, 0xef, 0x7a, 0xde, 0xf6, 
	0xff, 0xfe, 0xff, 0xfe, 0xff, 0xfe, 0xff, 0xfe, 
	0xff, 0xfe, 0xff, 0xfe, 0xff, 0xfe, 0xff, 0xfe, 
	0x60, 0x01, 0x50, 0x01, 0xff, 0xfe, 0xef, 0x7a, 
	0x00, 0x00, 0xef, 0x7a, 0xff, 0xfe, 0xff, 0xfe, 
	0xff, 0xfe, 0xff, 0xfe, 0xff, 0xfe, 0xff, 0xfe, 
	0xff, 0xfe, 0xff, 0xfe, 0xff, 0xfe, 0xff, 0xfe, 
	0xff, 0xfe, 0xff, 0xfe, 0xf7, 0xbc, 0xde, 0xf6, 
	0xef, 0x7a, 0xff, 0xfe, 0xff, 0xfe, 0xff, 0xfe, 
	0xff, 0xfe, 0xff, 0xfe, 0xff, 0xfe, 0xff, 0xfe, 
	0xff, 0xfe, 0xff, 0xfe, 0xff, 0xfe, 0xff, 0xfe, 
	0xff, 0xfe, 0xff, 0xfe, 0xf7, 0xbc, 0xde, 0xf6, 
	0xf7, 0xbc, 0xff, 0xfe, 0xff, 0xfe, 0xff, 0xfe, 
	0xff, 0xfe, 0xff, 0xfe, 0xff, 0xfe, 0xff, 0xfe, 
	0xff, 0xfe, 0xff, 0xfe, 0xff, 0xfe, 0xff, 0xfe, 
	0xff, 0xfe, 0xf7, 0xbc, 0xe7, 0x38, 0xde, 0xf6, 
	0xf7, 0xbc, 0xff, 0xfe, 0xef, 0x7a, 0xef, 0x7a, 
	0xef, 0x7a, 0xef, 0x7a, 0xef, 0x7a, 0xef, 0x7a, 
	0xef, 0x7a, 0xef, 0x7a, 0xef, 0x7a, 0xef, 0x7a, 
	0xef, 0x7a, 0xe7, 0x38, 0xde, 0xf6, 0x63, 0x18, 
	0xde, 0xf6, 0xb5, 0xac, 0xb5, 0xac, 0xb5, 0xac, 
	0xb5, 0xac, 0xb5, 0xac, 0xb5, 0xac, 0xb5, 0xac, 
	0xb5, 0xac, 0xb5, 0xac, 0xb5, 0xac, 0xb5, 0xac, 
	0xb5, 0xac, 0xb5, 0xac, 0x6b, 0x5a, 0x00, 0x00, 
	
};

Gfx micons_skin_rgba16_aligner[] = {gsSPEndDisplayList()};
u8 micons_skin_rgba16[] = {
	0xef, 0x7a, 0xd6, 0xb4, 0xd6, 0xb4, 0xd6, 0xb4, 
	0xd6, 0xb4, 0xd6, 0xb4, 0xd6, 0xb4, 0xd6, 0xb4, 
	0xd6, 0xb4, 0xd6, 0xb4, 0xd6, 0xb4, 0xd6, 0xb4, 
	0xd6, 0xb4, 0xd6, 0xb4, 0x9c, 0xe6, 0x00, 0x00, 
	0xf7, 0xbc, 0xff, 0xfe, 0xff, 0xfe, 0xff, 0xfe, 
	0xff, 0xfe, 0xff, 0xfe, 0xff, 0xfe, 0xff, 0xfe, 
	0xff, 0xfe, 0xff, 0xfe, 0xff, 0xfe, 0xff, 0xfe, 
	0xff, 0xfe, 0xf7, 0xbc, 0xe7, 0x38, 0x94, 0xa4, 
	0xf7, 0xbc, 0xff, 0xfe, 0xff, 0xfe, 0xff, 0xfe, 
	0xff, 0xfe, 0xff, 0xfe, 0xff, 0xfe, 0xff, 0xfe, 
	0xff, 0xfe, 0xff, 0xfe, 0xff, 0xfe, 0xff, 0xfe, 
	0xff, 0xfe, 0xff, 0xfe, 0xef, 0x7a, 0xe7, 0x38, 
	0xde, 0xf6, 0xff, 0xfe, 0xff, 0xfe, 0xff, 0xfe, 
	0xff, 0xfe, 0xff, 0xfe, 0xff, 0xfe, 0xff, 0xfe, 
	0xff, 0xfe, 0xff, 0xfe, 0xff, 0xfe, 0xff, 0xfe, 
	0xff, 0xfe, 0xff, 0xfe, 0xf7, 0xbc, 0xe7, 0x38, 
	0x00, 0x00, 0xd6, 0xb4, 0xff, 0xfe, 0xf7, 0xbc, 
	0xff, 0xfe, 0xff, 0xfe, 0xfe, 0xa1, 0x00, 0x01, 
	0x00, 0x01, 0xfe, 0xa1, 0xfe, 0xa1, 0xfe, 0xa1, 
	0xfe, 0x5f, 0xee, 0x1f, 0xf7, 0xbc, 0xe7, 0x38, 
	0x00, 0x00, 0x00, 0x00, 0xd6, 0xb4, 0xb5, 0xac, 
	0xff, 0xfe, 0xff, 0xfe, 0x00, 0x01, 0x2b, 0xfd, 
	0xff, 0xff, 0x00, 0x01, 0xfe, 0xa1, 0xf6, 0x5f, 
	0xee, 0x1d, 0xd5, 0x9b, 0xff, 0xfe, 0xef, 0x7a, 
	0x00, 0x00, 0x00, 0x00, 0x00, 0x00, 0x00, 0x00, 
	0xf7, 0xbc, 0xff, 0xfe, 0xe6, 0x1d, 0x2b, 0xb9, 
	0xff, 0xff, 0xfe, 0xa1, 0xfe, 0xa1, 0xee, 0x1f, 
	0xcd, 0x5b, 0xbd, 0x19, 0xff, 0xfe, 0xff, 0xfe, 
	0x00, 0x00, 0x00, 0x00, 0x00, 0x00, 0x00, 0x00, 
	0xf7, 0xbc, 0xff, 0xfe, 0xa4, 0x55, 0x2b, 0x77, 
	0xff, 0xff, 0xff, 0x27, 0xee, 0x5f, 0xdd, 0x9b, 
	0xbc, 0xd9, 0xbc, 0xd9, 0xff, 0xfe, 0xff, 0xfe, 
	0x00, 0x00, 0x00, 0x00, 0x00, 0x00, 0x00, 0x00, 
	0xf7, 0xbc, 0xff, 0xfe, 0xe5, 0xdd, 0xe5, 0xdd, 
	0xac, 0x55, 0xe6, 0x1d, 0xdd, 0xdd, 0xcd, 0x5b, 
	0xbc, 0xd7, 0xbc, 0xd9, 0xff, 0xfe, 0xff, 0xfe, 
	0x00, 0x00, 0x00, 0x00, 0x00, 0x00, 0x00, 0x00, 
	0xf7, 0xbc, 0xff, 0xfe, 0xe5, 0xdd, 0xdd, 0x9b, 
	0x93, 0xd3, 0xc5, 0x19, 0x00, 0x01, 0x00, 0x01, 
	0xb4, 0x97, 0xbc, 0xd9, 0xff, 0xfe, 0xff, 0xfe, 
	0x00, 0x00, 0x00, 0x00, 0xef, 0x7a, 0xde, 0xf6, 
	0xff, 0xfe, 0xff, 0xfe, 0x00, 0x01, 0x00, 0x01, 
	0x00, 0x01, 0x00, 0x01, 0x00, 0x01, 0x00, 0x01, 
	0xac, 0x55, 0xbc, 0xd9, 0xff, 0xfe, 0xef, 0x7a, 
	0x00, 0x00, 0xef, 0x7a, 0xff, 0xfe, 0xff, 0xfe, 
	0xff, 0xfe, 0xff, 0xfe, 0x00, 0x01, 0x00, 0x01, 
	0x00, 0x01, 0x00, 0x01, 0x00, 0x01, 0x9c, 0x13, 
	0xa4, 0x55, 0xbc, 0xd9, 0xf7, 0xbc, 0xde, 0xf6, 
	0xef, 0x7a, 0xff, 0xfe, 0xff, 0xfe, 0xff, 0xfe, 
	0xff, 0xfe, 0xff, 0xfe, 0xff, 0xfe, 0xff, 0xfe, 
	0xff, 0xfe, 0xff, 0xfe, 0xff, 0xfe, 0xff, 0xfe, 
	0xff, 0xfe, 0xff, 0xfe, 0xf7, 0xbc, 0xde, 0xf6, 
	0xf7, 0xbc, 0xff, 0xfe, 0xff, 0xfe, 0xff, 0xfe, 
	0xff, 0xfe, 0xff, 0xfe, 0xff, 0xfe, 0xff, 0xfe, 
	0xff, 0xfe, 0xff, 0xfe, 0xff, 0xfe, 0xff, 0xfe, 
	0xff, 0xfe, 0xf7, 0xbc, 0xe7, 0x38, 0xde, 0xf6, 
	0xf7, 0xbc, 0xff, 0xfe, 0xef, 0x7a, 0xef, 0x7a, 
	0xef, 0x7a, 0xef, 0x7a, 0xef, 0x7a, 0xef, 0x7a, 
	0xef, 0x7a, 0xef, 0x7a, 0xef, 0x7a, 0xef, 0x7a, 
	0xef, 0x7a, 0xe7, 0x38, 0xde, 0xf6, 0x63, 0x18, 
	0xde, 0xf6, 0xb5, 0xac, 0xb5, 0xac, 0xb5, 0xac, 
	0xb5, 0xac, 0xb5, 0xac, 0xb5, 0xac, 0xb5, 0xac, 
	0xb5, 0xac, 0xb5, 0xac, 0xb5, 0xac, 0xb5, 0xac, 
	0xb5, 0xac, 0xb5, 0xac, 0x6b, 0x5a, 0x00, 0x00, 
	
};

Gfx micons_woman_rgba16_aligner[] = {gsSPEndDisplayList()};
u8 micons_woman_rgba16[] = {
	0xef, 0x7a, 0xd6, 0xb4, 0xd6, 0xb4, 0xd6, 0xb4, 
	0xd6, 0xb4, 0xd6, 0xb4, 0xd6, 0xb4, 0xd6, 0xb4, 
	0xd6, 0xb4, 0xd6, 0xb4, 0xd6, 0xb4, 0xd6, 0xb4, 
	0xd6, 0xb4, 0xd6, 0xb4, 0x9c, 0xe6, 0x00, 0x00, 
	0xf7, 0xbc, 0xff, 0xfe, 0xff, 0xfe, 0xff, 0xfe, 
	0xff, 0xfe, 0xff, 0xfe, 0xff, 0xfe, 0xff, 0xfe, 
	0xff, 0xfe, 0xff, 0xfe, 0xff, 0xfe, 0xff, 0xfe, 
	0xff, 0xfe, 0xf7, 0xbc, 0xe7, 0x38, 0x94, 0xa4, 
	0xf7, 0xbc, 0xff, 0xfe, 0xff, 0xfe, 0xff, 0xfe, 
	0xff, 0xfe, 0xff, 0xfe, 0xff, 0xfe, 0xff, 0xfe, 
	0xff, 0xfe, 0xff, 0xfe, 0xff, 0xfe, 0xff, 0xfe, 
	0xff, 0xfe, 0xff, 0xfe, 0xef, 0x7a, 0xe7, 0x38, 
	0xde, 0xf6, 0xff, 0xfe, 0xff, 0xfe, 0xff, 0xfe, 
	0xff, 0xfe, 0xff, 0xfe, 0xff, 0xfe, 0xff, 0xfe, 
	0xff, 0xfe, 0xff, 0xfe, 0xff, 0xfe, 0xff, 0xfe, 
	0xff, 0xfe, 0xff, 0xfe, 0xf7, 0xbc, 0xe7, 0x38, 
	0x00, 0x00, 0xd6, 0xb4, 0xff, 0xfe, 0xf7, 0xbc, 
	0xff, 0xfe, 0xff, 0xfe, 0xff, 0xfe, 0xff, 0xfe, 
	0xff, 0xff, 0xff, 0xff, 0xff, 0xff, 0xff, 0xfe, 
	0xff, 0xfe, 0xff, 0xfe, 0xf7, 0xbc, 0xe7, 0x38, 
	0x00, 0x00, 0x00, 0x00, 0xd6, 0xb4, 0xb5, 0xac, 
	0xff, 0xfe, 0xff, 0xfe, 0xff, 0xfe, 0xff, 0xff, 
	0xff, 0xfe, 0xff, 0xfe, 0xff, 0xfe, 0xff, 0xff, 
	0xff, 0xfe, 0xff, 0xfe, 0xff, 0xfe, 0xef, 0x7a, 
	0x00, 0x00, 0x00, 0x00, 0x00, 0x00, 0x00, 0x00, 
	0xf7, 0xbc, 0xff, 0xfe, 0xff, 0xfe, 0xff, 0xff, 
	0xff, 0xfe, 0xff, 0xfe, 0xff, 0xfe, 0xff, 0xff, 
	0xff, 0xfe, 0xff, 0xfe, 0xff, 0xfe, 0xff, 0xfe, 
	0x00, 0x00, 0x00, 0x00, 0x00, 0x00, 0x00, 0x00, 
	0xf7, 0xbc, 0xff, 0xfe, 0xff, 0xfe, 0xff, 0xff, 
	0xff, 0xfe, 0xff, 0xfe, 0xff, 0xfe, 0xff, 0xff, 
	0xff, 0xfe, 0xff, 0xfe, 0xff, 0xfe, 0xff, 0xfe, 
	0x00, 0x00, 0x00, 0x00, 0x00, 0x00, 0x00, 0x00, 
	0xf7, 0xbc, 0xff, 0xfe, 0xff, 0xfe, 0xff, 0xfe, 
	0xff, 0xff, 0xff, 0xff, 0xff, 0xff, 0xff, 0xfe, 
	0xff, 0xfe, 0xff, 0xfe, 0xff, 0xfe, 0xff, 0xfe, 
	0x00, 0x00, 0x00, 0x00, 0x00, 0x00, 0x00, 0x00, 
	0xf7, 0xbc, 0xff, 0xfe, 0xff, 0xfe, 0xff, 0xfe, 
	0xff, 0xfe, 0xff, 0xff, 0xff, 0xfe, 0xff, 0xfe, 
	0xff, 0xfe, 0xff, 0xfe, 0xff, 0xfe, 0xff, 0xfe, 
	0x00, 0x00, 0x00, 0x00, 0xef, 0x7a, 0xde, 0xf6, 
	0xff, 0xfe, 0xff, 0xfe, 0xff, 0xfe, 0xff, 0xfe, 
	0xff, 0xff, 0xff, 0xff, 0xff, 0xff, 0xff, 0xfe, 
	0xff, 0xfe, 0xff, 0xfe, 0xff, 0xfe, 0xef, 0x7a, 
	0x00, 0x00, 0xef, 0x7a, 0xff, 0xfe, 0xff, 0xfe, 
	0xff, 0xfe, 0xff, 0xfe, 0xff, 0xfe, 0xff, 0xfe, 
	0xff, 0xfe, 0xff, 0xff, 0xff, 0xfe, 0xff, 0xfe, 
	0xff, 0xfe, 0xff, 0xfe, 0xf7, 0xbc, 0xde, 0xf6, 
	0xef, 0x7a, 0xff, 0xfe, 0xff, 0xfe, 0xff, 0xfe, 
	0xff, 0xfe, 0xff, 0xfe, 0xff, 0xfe, 0xff, 0xfe, 
	0xff, 0xfe, 0xff, 0xfe, 0xff, 0xfe, 0xff, 0xfe, 
	0xff, 0xfe, 0xff, 0xfe, 0xf7, 0xbc, 0xde, 0xf6, 
	0xf7, 0xbc, 0xff, 0xfe, 0xff, 0xfe, 0xff, 0xfe, 
	0xff, 0xfe, 0xff, 0xfe, 0xff, 0xfe, 0xff, 0xfe, 
	0xff, 0xfe, 0xff, 0xfe, 0xff, 0xfe, 0xff, 0xfe, 
	0xff, 0xfe, 0xf7, 0xbc, 0xe7, 0x38, 0xde, 0xf6, 
	0xf7, 0xbc, 0xff, 0xfe, 0xef, 0x7a, 0xef, 0x7a, 
	0xef, 0x7a, 0xef, 0x7a, 0xef, 0x7a, 0xef, 0x7a, 
	0xef, 0x7a, 0xef, 0x7a, 0xef, 0x7a, 0xef, 0x7a, 
	0xef, 0x7a, 0xe7, 0x38, 0xde, 0xf6, 0x63, 0x18, 
	0xde, 0xf6, 0xb5, 0xac, 0xb5, 0xac, 0xb5, 0xac, 
	0xb5, 0xac, 0xb5, 0xac, 0xb5, 0xac, 0xb5, 0xac, 
	0xb5, 0xac, 0xb5, 0xac, 0xb5, 0xac, 0xb5, 0xac, 
	0xb5, 0xac, 0xb5, 0xac, 0x6b, 0x5a, 0x00, 0x00, 
	
};

Gfx micons_wrap_rgba16_aligner[] = {gsSPEndDisplayList()};
u8 micons_wrap_rgba16[] = {
	0xef, 0x7a, 0xd6, 0xb4, 0xd6, 0xb4, 0xd6, 0xb4, 
	0xd6, 0xb4, 0xd6, 0xb4, 0xd6, 0xb4, 0xd6, 0xb4, 
	0xd6, 0xb4, 0xd6, 0xb4, 0xd6, 0xb4, 0xd6, 0xb4, 
	0xd6, 0xb4, 0xd6, 0xb4, 0x9c, 0xe6, 0x00, 0x00, 
	0xf7, 0xbc, 0xff, 0xfe, 0xff, 0xfe, 0xff, 0xfe, 
	0xff, 0xfe, 0xff, 0xfe, 0xff, 0xfe, 0xff, 0xfe, 
	0xff, 0xfe, 0xff, 0xfe, 0xff, 0xfe, 0xff, 0xfe, 
	0xff, 0xfe, 0xf7, 0xbc, 0xe7, 0x38, 0x94, 0xa4, 
	0xf7, 0xbc, 0xff, 0xfe, 0xff, 0xfe, 0xff, 0xfe, 
	0xff, 0xfe, 0xff, 0xfe, 0xff, 0xfe, 0xff, 0xfe, 
	0xff, 0xfe, 0xff, 0xfe, 0xff, 0xfe, 0xff, 0xfe, 
	0xff, 0xfe, 0xff, 0xfe, 0xef, 0x7a, 0xe7, 0x38, 
	0xde, 0xf6, 0xff, 0xfe, 0xff, 0xfe, 0xff, 0xfe, 
	0xff, 0xfe, 0xff, 0xfe, 0xff, 0xfe, 0xff, 0xfe, 
	0xff, 0xfe, 0xff, 0xfe, 0xff, 0xfe, 0xff, 0xfe, 
	0xff, 0xfe, 0xff, 0xfe, 0xf7, 0xbc, 0xe7, 0x38, 
	0x00, 0x00, 0xd6, 0xb4, 0xff, 0xfe, 0xf7, 0xbc, 
	0xff, 0xfe, 0xff, 0xfe, 0xff, 0xfe, 0xff, 0xfe, 
	0xff, 0xfe, 0xff, 0xfe, 0xff, 0xfe, 0x00, 0x01, 
	0xff, 0xfe, 0xff, 0xfe, 0xf7, 0xbc, 0xe7, 0x38, 
	0x00, 0x00, 0x00, 0x00, 0xd6, 0xb4, 0xb5, 0xac, 
	0xff, 0xfe, 0xff, 0xfe, 0xff, 0xfe, 0xff, 0xfe, 
	0xff, 0xfe, 0xff, 0xfe, 0xff, 0xfe, 0x00, 0x01, 
	0x00, 0x01, 0xff, 0xfe, 0xff, 0xfe, 0xef, 0x7a, 
	0x00, 0x00, 0x00, 0x00, 0x00, 0x00, 0x00, 0x00, 
	0xf7, 0xbc, 0xff, 0xfe, 0xff, 0xfe, 0x00, 0x01, 
	0x00, 0x01, 0x00, 0x01, 0x00, 0x01, 0x00, 0x01, 
	0x00, 0x01, 0x00, 0x01, 0xff, 0xfe, 0xff, 0xfe, 
	0x00, 0x00, 0x00, 0x00, 0x00, 0x00, 0x00, 0x00, 
	0xf7, 0xbc, 0xff, 0xfe, 0xff, 0xfe, 0x00, 0x01, 
	0x00, 0x01, 0x00, 0x01, 0x00, 0x01, 0x00, 0x01, 
	0x00, 0x01, 0x00, 0x01, 0x00, 0x01, 0xff, 0xfe, 
	0x00, 0x00, 0x00, 0x00, 0x00, 0x00, 0x00, 0x00, 
	0xf7, 0xbc, 0xff, 0xfe, 0xff, 0xfe, 0x00, 0x01, 
	0x00, 0x01, 0x00, 0x01, 0x00, 0x01, 0x00, 0x01, 
	0x00, 0x01, 0x00, 0x01, 0x00, 0x01, 0xff, 0xfe, 
	0x00, 0x00, 0x00, 0x00, 0x00, 0x00, 0x00, 0x00, 
	0xf7, 0xbc, 0xff, 0xfe, 0xff, 0xfe, 0x00, 0x01, 
	0x00, 0x01, 0x00, 0x01, 0x00, 0x01, 0x00, 0x01, 
	0x00, 0x01, 0x00, 0x01, 0xff, 0xfe, 0xff, 0xfe, 
	0x00, 0x00, 0x00, 0x00, 0xef, 0x7a, 0xde, 0xf6, 
	0xff, 0xfe, 0xff, 0xfe, 0xff, 0xfe, 0xff, 0xfe, 
	0xff, 0xfe, 0xff, 0xfe, 0xff, 0xfe, 0x00, 0x01, 
	0x00, 0x01, 0xff, 0xfe, 0xff, 0xfe, 0xef, 0x7a, 
	0x00, 0x00, 0xef, 0x7a, 0xff, 0xfe, 0xff, 0xfe, 
	0xff, 0xfe, 0xff, 0xfe, 0xff, 0xfe, 0xff, 0xfe, 
	0xff, 0xfe, 0xff, 0xfe, 0xff, 0xfe, 0x00, 0x01, 
	0xff, 0xfe, 0xff, 0xfe, 0xf7, 0xbc, 0xde, 0xf6, 
	0xef, 0x7a, 0xff, 0xfe, 0xff, 0xfe, 0xff, 0xfe, 
	0xff, 0xfe, 0xff, 0xfe, 0xff, 0xfe, 0xff, 0xfe, 
	0xff, 0xfe, 0xff, 0xfe, 0xff, 0xfe, 0xff, 0xfe, 
	0xff, 0xfe, 0xff, 0xfe, 0xf7, 0xbc, 0xde, 0xf6, 
	0xf7, 0xbc, 0xff, 0xfe, 0xff, 0xfe, 0xff, 0xfe, 
	0xff, 0xfe, 0xff, 0xfe, 0xff, 0xfe, 0xff, 0xfe, 
	0xff, 0xfe, 0xff, 0xfe, 0xff, 0xfe, 0xff, 0xfe, 
	0xff, 0xfe, 0xf7, 0xbc, 0xe7, 0x38, 0xde, 0xf6, 
	0xf7, 0xbc, 0xff, 0xfe, 0xef, 0x7a, 0xef, 0x7a, 
	0xef, 0x7a, 0xef, 0x7a, 0xef, 0x7a, 0xef, 0x7a, 
	0xef, 0x7a, 0xef, 0x7a, 0xef, 0x7a, 0xef, 0x7a, 
	0xef, 0x7a, 0xe7, 0x38, 0xde, 0xf6, 0x63, 0x18, 
	0xde, 0xf6, 0xb5, 0xac, 0xb5, 0xac, 0xb5, 0xac, 
	0xb5, 0xac, 0xb5, 0xac, 0xb5, 0xac, 0xb5, 0xac, 
	0xb5, 0xac, 0xb5, 0xac, 0xb5, 0xac, 0xb5, 0xac, 
	0xb5, 0xac, 0xb5, 0xac, 0x6b, 0x5a, 0x00, 0x00, 
	
};

Gfx micons__4slicerounded_ia8_aligner[] = {gsSPEndDisplayList()};
u8 micons__4slicerounded_ia8[] = {
	0x00, 0x00, 0x00, 0x00, 0x00, 0x00, 0x00, 0x00, 
	0x00, 0x00, 0x00, 0x00, 0x00, 0x00, 0x00, 0x00, 
	0x00, 0x00, 0x00, 0x00, 0x00, 0x00, 0x00, 0x00, 
	0x00, 0x00, 0x00, 0x00, 0x00, 0x00, 0x00, 0x00, 
	0x00, 0x00, 0x00, 0x00, 0x00, 0x00, 0x00, 0x00, 
	0x00, 0x00, 0xf0, 0xf4, 0xf9, 0xfc, 0xfe, 0xff, 
	0xff, 0xfe, 0xfc, 0xf9, 0xf4, 0xf0, 0x00, 0x00, 
	0x00, 0x00, 0x00, 0x00, 0x00, 0x00, 0x00, 0x00, 
	0x00, 0x00, 0x00, 0x00, 0x00, 0x00, 0x00, 0x00, 
	0xf1, 0xf8, 0xfe, 0xff, 0xff, 0xff, 0xff, 0xff, 
	0xff, 0xff, 0xff, 0xff, 0xff, 0xfe, 0xf8, 0xf1, 
	0x00, 0x00, 0x00, 0x00, 0x00, 0x00, 0x00, 0x00, 
	0x00, 0x00, 0x00, 0x00, 0x00, 0x00, 0x00, 0xf5, 
	0xfe, 0xff, 0xff, 0xff, 0xff, 0xff, 0xff, 0xff, 
	0xff, 0xff, 0xff, 0xff, 0xff, 0xff, 0xff, 0xfe, 
	0xf5, 0x00, 0x00, 0x00, 0x00, 0x00, 0x00, 0x00, 
	0x00, 0x00, 0x00, 0x00, 0x00, 0xf0, 0xf9, 0xff, 
	0xff, 0xff, 0xff, 0xff, 0xff, 0xff, 0xff, 0xff, 
	0xff, 0xff, 0xff, 0xff, 0xff, 0xff, 0xff, 0xff, 
	0xff, 0xf9, 0xf0, 0x00, 0x00, 0x00, 0x00, 0x00, 
	0x00, 0x00, 0x00, 0x00, 0xf0, 0xfa, 0xff, 0xff, 
	0xff, 0xff, 0xff, 0xff, 0xff, 0xff, 0xff, 0xff, 
	0xff, 0xff, 0xff, 0xff, 0xff, 0xff, 0xff, 0xff, 
	0xff, 0xff, 0xfa, 0xf0, 0x00, 0x00, 0x00, 0x00, 
	0x00, 0x00, 0x00, 0x00, 0xf9, 0xff, 0xff, 0xff, 
	0xff, 0xff, 0xff, 0xff, 0xff, 0xff, 0xff, 0xff, 
	0xff, 0xff, 0xff, 0xff, 0xff, 0xff, 0xff, 0xff, 
	0xff, 0xff, 0xff, 0xf9, 0x00, 0x00, 0x00, 0x00, 
	0x00, 0x00, 0x00, 0xf5, 0xff, 0xff, 0xff, 0xff, 
	0xff, 0xff, 0xff, 0xff, 0xff, 0xff, 0xff, 0xff, 
	0xff, 0xff, 0xff, 0xff, 0xff, 0xff, 0xff, 0xff, 
	0xff, 0xff, 0xff, 0xff, 0xf5, 0x00, 0x00, 0x00, 
	0x00, 0x00, 0xf1, 0xfe, 0xff, 0xff, 0xff, 0xff, 
	0xff, 0xff, 0xff, 0xff, 0xff, 0xff, 0xff, 0xff, 
	0xff, 0xff, 0xff, 0xff, 0xff, 0xff, 0xff, 0xff, 
	0xff, 0xff, 0xff, 0xff, 0xfe, 0xf1, 0x00, 0x00, 
	0x00, 0x00, 0xf8, 0xff, 0xff, 0xff, 0xff, 0xff, 
	0xff, 0xff, 0xff, 0xff, 0xff, 0xff, 0xff, 0xff, 
	0xff, 0xff, 0xff, 0xff, 0xff, 0xff, 0xff, 0xff, 
	0xff, 0xff, 0xff, 0xff, 0xff, 0xf8, 0x00, 0x00, 
	0x00, 0xf0, 0xfe, 0xff, 0xff, 0xff, 0xff, 0xff, 
	0xff, 0xff, 0xff, 0xff, 0xff, 0xff, 0xff, 0xff, 
	0xff, 0xff, 0xff, 0xff, 0xff, 0xff, 0xff, 0xff, 
	0xff, 0xff, 0xff, 0xff, 0xff, 0xfe, 0xf0, 0x00, 
	0x00, 0xf4, 0xff, 0xff, 0xff, 0xff, 0xff, 0xff, 
	0xff, 0xff, 0xff, 0xff, 0xff, 0xff, 0xff, 0xff, 
	0xff, 0xff, 0xff, 0xff, 0xff, 0xff, 0xff, 0xff, 
	0xff, 0xff, 0xff, 0xff, 0xff, 0xff, 0xf4, 0x00, 
	0x00, 0xf9, 0xff, 0xff, 0xff, 0xff, 0xff, 0xff, 
	0xff, 0xff, 0xff, 0xff, 0xff, 0xff, 0xff, 0xff, 
	0xff, 0xff, 0xff, 0xff, 0xff, 0xff, 0xff, 0xff, 
	0xff, 0xff, 0xff, 0xff, 0xff, 0xff, 0xf9, 0x00, 
	0x00, 0xfc, 0xff, 0xff, 0xff, 0xff, 0xff, 0xff, 
	0xff, 0xff, 0xff, 0xff, 0xff, 0xff, 0xff, 0xff, 
	0xff, 0xff, 0xff, 0xff, 0xff, 0xff, 0xff, 0xff, 
	0xff, 0xff, 0xff, 0xff, 0xff, 0xff, 0xfc, 0x00, 
	0x00, 0xfe, 0xff, 0xff, 0xff, 0xff, 0xff, 0xff, 
	0xff, 0xff, 0xff, 0xff, 0xff, 0xff, 0xff, 0xff, 
	0xff, 0xff, 0xff, 0xff, 0xff, 0xff, 0xff, 0xff, 
	0xff, 0xff, 0xff, 0xff, 0xff, 0xff, 0xfe, 0x00, 
	0x00, 0xff, 0xff, 0xff, 0xff, 0xff, 0xff, 0xff, 
	0xff, 0xff, 0xff, 0xff, 0xff, 0xff, 0xff, 0xff, 
	0xff, 0xff, 0xff, 0xff, 0xff, 0xff, 0xff, 0xff, 
	0xff, 0xff, 0xff, 0xff, 0xff, 0xff, 0xff, 0x00, 
	0x00, 0xff, 0xff, 0xff, 0xff, 0xff, 0xff, 0xff, 
	0xff, 0xff, 0xff, 0xff, 0xff, 0xff, 0xff, 0xff, 
	0xff, 0xff, 0xff, 0xff, 0xff, 0xff, 0xff, 0xff, 
	0xff, 0xff, 0xff, 0xff, 0xff, 0xff, 0xff, 0x00, 
	0x00, 0xfe, 0xff, 0xff, 0xff, 0xff, 0xff, 0xff, 
	0xff, 0xff, 0xff, 0xff, 0xff, 0xff, 0xff, 0xff, 
	0xff, 0xff, 0xff, 0xff, 0xff, 0xff, 0xff, 0xff, 
	0xff, 0xff, 0xff, 0xff, 0xff, 0xff, 0xfe, 0x00, 
	0x00, 0xfc, 0xff, 0xff, 0xff, 0xff, 0xff, 0xff, 
	0xff, 0xff, 0xff, 0xff, 0xff, 0xff, 0xff, 0xff, 
	0xff, 0xff, 0xff, 0xff, 0xff, 0xff, 0xff, 0xff, 
	0xff, 0xff, 0xff, 0xff, 0xff, 0xff, 0xfc, 0x00, 
	0x00, 0xf9, 0xff, 0xff, 0xff, 0xff, 0xff, 0xff, 
	0xff, 0xff, 0xff, 0xff, 0xff, 0xff, 0xff, 0xff, 
	0xff, 0xff, 0xff, 0xff, 0xff, 0xff, 0xff, 0xff, 
	0xff, 0xff, 0xff, 0xff, 0xff, 0xff, 0xf9, 0x00, 
	0x00, 0xf4, 0xff, 0xff, 0xff, 0xff, 0xff, 0xff, 
	0xff, 0xff, 0xff, 0xff, 0xff, 0xff, 0xff, 0xff, 
	0xff, 0xff, 0xff, 0xff, 0xff, 0xff, 0xff, 0xff, 
	0xff, 0xff, 0xff, 0xff, 0xff, 0xff, 0xf4, 0x00, 
	0x00, 0xf0, 0xfe, 0xff, 0xff, 0xff, 0xff, 0xff, 
	0xff, 0xff, 0xff, 0xff, 0xff, 0xff, 0xff, 0xff, 
	0xff, 0xff, 0xff, 0xff, 0xff, 0xff, 0xff, 0xff, 
	0xff, 0xff, 0xff, 0xff, 0xff, 0xfe, 0xf0, 0x00, 
	0x00, 0x00, 0xf8, 0xff, 0xff, 0xff, 0xff, 0xff, 
	0xff, 0xff, 0xff, 0xff, 0xff, 0xff, 0xff, 0xff, 
	0xff, 0xff, 0xff, 0xff, 0xff, 0xff, 0xff, 0xff, 
	0xff, 0xff, 0xff, 0xff, 0xff, 0xf8, 0x00, 0x00, 
	0x00, 0x00, 0xf1, 0xfe, 0xff, 0xff, 0xff, 0xff, 
	0xff, 0xff, 0xff, 0xff, 0xff, 0xff, 0xff, 0xff, 
	0xff, 0xff, 0xff, 0xff, 0xff, 0xff, 0xff, 0xff, 
	0xff, 0xff, 0xff, 0xff, 0xfe, 0xf1, 0x00, 0x00, 
	0x00, 0x00, 0x00, 0xf5, 0xff, 0xff, 0xff, 0xff, 
	0xff, 0xff, 0xff, 0xff, 0xff, 0xff, 0xff, 0xff, 
	0xff, 0xff, 0xff, 0xff, 0xff, 0xff, 0xff, 0xff, 
	0xff, 0xff, 0xff, 0xff, 0xf5, 0x00, 0x00, 0x00, 
	0x00, 0x00, 0x00, 0x00, 0xf9, 0xff, 0xff, 0xff, 
	0xff, 0xff, 0xff, 0xff, 0xff, 0xff, 0xff, 0xff, 
	0xff, 0xff, 0xff, 0xff, 0xff, 0xff, 0xff, 0xff, 
	0xff, 0xff, 0xff, 0xf9, 0x00, 0x00, 0x00, 0x00, 
	0x00, 0x00, 0x00, 0x00, 0xf0, 0xfa, 0xff, 0xff, 
	0xff, 0xff, 0xff, 0xff, 0xff, 0xff, 0xff, 0xff, 
	0xff, 0xff, 0xff, 0xff, 0xff, 0xff, 0xff, 0xff, 
	0xff, 0xff, 0xfa, 0xf0, 0x00, 0x00, 0x00, 0x00, 
	0x00, 0x00, 0x00, 0x00, 0x00, 0xf0, 0xf9, 0xff, 
	0xff, 0xff, 0xff, 0xff, 0xff, 0xff, 0xff, 0xff, 
	0xff, 0xff, 0xff, 0xff, 0xff, 0xff, 0xff, 0xff, 
	0xff, 0xf9, 0xf0, 0x00, 0x00, 0x00, 0x00, 0x00, 
	0x00, 0x00, 0x00, 0x00, 0x00, 0x00, 0x00, 0xf5, 
	0xfe, 0xff, 0xff, 0xff, 0xff, 0xff, 0xff, 0xff, 
	0xff, 0xff, 0xff, 0xff, 0xff, 0xff, 0xff, 0xfe, 
	0xf5, 0x00, 0x00, 0x00, 0x00, 0x00, 0x00, 0x00, 
	0x00, 0x00, 0x00, 0x00, 0x00, 0x00, 0x00, 0x00, 
	0xf1, 0xf8, 0xfe, 0xff, 0xff, 0xff, 0xff, 0xff, 
	0xff, 0xff, 0xff, 0xff, 0xff, 0xfe, 0xf8, 0xf1, 
	0x00, 0x00, 0x00, 0x00, 0x00, 0x00, 0x00, 0x00, 
	0x00, 0x00, 0x00, 0x00, 0x00, 0x00, 0x00, 0x00, 
	0x00, 0x00, 0xf0, 0xf4, 0xf9, 0xfc, 0xfe, 0xff, 
	0xff, 0xfe, 0xfc, 0xf9, 0xf4, 0xf0, 0x00, 0x00, 
	0x00, 0x00, 0x00, 0x00, 0x00, 0x00, 0x00, 0x00, 
	0x00, 0x00, 0x00, 0x00, 0x00, 0x00, 0x00, 0x00, 
	0x00, 0x00, 0x00, 0x00, 0x00, 0x00, 0x00, 0x00, 
	0x00, 0x00, 0x00, 0x00, 0x00, 0x00, 0x00, 0x00, 
	0x00, 0x00, 0x00, 0x00, 0x00, 0x00, 0x00, 0x00, 
	
};

Gfx micons_sm64ds_latin_ia4_ia4_aligner[] = {gsSPEndDisplayList()};
u8 micons_sm64ds_latin_ia4_ia4[] = {
	0x00, 0x00, 0x00, 0x00, 0x00, 0x00, 0x00, 0x00, 
	0x00, 0x00, 0x00, 0x00, 0x00, 0x00, 0x00, 0x00, 
	0x00, 0x00, 0x00, 0x00, 0x00, 0x00, 0x00, 0x00, 
	0x00, 0x00, 0x00, 0x00, 0x00, 0x00, 0x00, 0x00, 
	0x00, 0x00, 0x00, 0x00, 0x00, 0x00, 0x00, 0x00, 
	0x00, 0x00, 0x00, 0x00, 0x00, 0x00, 0x00, 0x00, 
	0x00, 0x00, 0x00, 0x00, 0x00, 0x00, 0x00, 0x00, 
	0x00, 0x00, 0x00, 0x00, 0x00, 0x00, 0x00, 0x00, 
	0x00, 0x00, 0x00, 0x00, 0x00, 0x00, 0x00, 0x00, 
	0x00, 0x00, 0x00, 0x00, 0x00, 0x00, 0x00, 0x00, 
	0x00, 0x00, 0x00, 0x00, 0x00, 0x00, 0x00, 0x00, 
	0x00, 0x00, 0x00, 0x00, 0x00, 0x00, 0x00, 0x00, 
	0x00, 0x00, 0x00, 0x00, 0x00, 0x00, 0x00, 0x00, 
	0x00, 0x00, 0x00, 0x00, 0x00, 0x00, 0x00, 0x00, 
	0x00, 0x00, 0x00, 0x00, 0x00, 0x00, 0x00, 0x00, 
	0x00, 0x00, 0x00, 0x00, 0x00, 0x00, 0x00, 0x00, 
	0x00, 0x00, 0x00, 0x00, 0x00, 0x00, 0x00, 0x00, 
	0x00, 0x00, 0x00, 0x00, 0x00, 0x00, 0x00, 0x00, 
	0x00, 0x00, 0x00, 0x00, 0x00, 0x00, 0x00, 0x00, 
	0x00, 0x00, 0x00, 0x00, 0x00, 0x00, 0x00, 0x00, 
	0x00, 0x00, 0x00, 0x00, 0x00, 0x00, 0x00, 0x00, 
	0x00, 0x00, 0x00, 0x00, 0x00, 0x00, 0x00, 0x00, 
	0x00, 0x00, 0x00, 0x00, 0x00, 0x00, 0x00, 0x00, 
	0x00, 0x00, 0x00, 0x00, 0x00, 0x00, 0x00, 0x00, 
	0x00, 0x00, 0x00, 0x00, 0x00, 0x00, 0x00, 0x00, 
	0x00, 0x00, 0x00, 0x00, 0x00, 0x00, 0x00, 0x00, 
	0x00, 0x00, 0x00, 0x00, 0x00, 0x00, 0x00, 0x00, 
	0x00, 0x00, 0x00, 0x00, 0x00, 0x00, 0x00, 0x00, 
	0x00, 0x00, 0x00, 0x00, 0x00, 0x00, 0x00, 0x00, 
	0x00, 0x00, 0x00, 0x00, 0x00, 0x00, 0x00, 0x00, 
	0x00, 0x00, 0x0f, 0xff, 0xff, 0xf0, 0x00, 0x00, 
	0x00, 0x00, 0x0b, 0xdd, 0xdd, 0xb0, 0x00, 0x00, 
	0x00, 0x00, 0x00, 0x00, 0x00, 0x00, 0x00, 0x00, 
	0x00, 0x00, 0x00, 0x00, 0x00, 0x00, 0x00, 0x00, 
	0x00, 0x00, 0x00, 0x00, 0x00, 0x00, 0x00, 0x00, 
	0x00, 0x00, 0x00, 0x00, 0x00, 0x00, 0x00, 0x00, 
	0x00, 0x00, 0x00, 0x00, 0x00, 0x00, 0x00, 0x00, 
	0x00, 0x00, 0x00, 0x00, 0x00, 0x00, 0x00, 0x00, 
	0x00, 0x00, 0x00, 0x00, 0x00, 0x00, 0x00, 0x00, 
	0x00, 0x00, 0x00, 0x00, 0x00, 0x00, 0x00, 0x00, 
	0x00, 0x00, 0x00, 0x00, 0x00, 0x00, 0x00, 0x00, 
	0x00, 0x00, 0x00, 0x00, 0x00, 0x00, 0x00, 0x00, 
	0x00, 0x00, 0x00, 0x00, 0x00, 0x00, 0x00, 0x00, 
	0x00, 0x00, 0x00, 0x00, 0x00, 0x00, 0x00, 0x00, 
	0x00, 0x00, 0x00, 0x00, 0x00, 0x00, 0x00, 0x00, 
	0x00, 0x00, 0x00, 0x00, 0x00, 0x00, 0x00, 0x00, 
	0x00, 0x00, 0x00, 0x00, 0x00, 0x00, 0x00, 0x00, 
	0x00, 0x00, 0x00, 0x00, 0x00, 0x00, 0x00, 0x00, 
	0x00, 0x00, 0x00, 0x00, 0x00, 0x00, 0x00, 0x00, 
	0x00, 0x00, 0x00, 0x00, 0x00, 0x00, 0x00, 0x00, 
	0x00, 0x00, 0x00, 0x00, 0x00, 0x00, 0x00, 0x00, 
	0x00, 0x00, 0x00, 0x00, 0x00, 0x00, 0x00, 0x00, 
	0x00, 0x00, 0x00, 0x00, 0x00, 0x00, 0x00, 0x00, 
	0x00, 0x00, 0x00, 0x00, 0x00, 0x00, 0x00, 0x00, 
	0x00, 0x00, 0x00, 0x00, 0x00, 0x00, 0x00, 0x00, 
	0x00, 0x00, 0x00, 0x00, 0x00, 0x00, 0x00, 0x00, 
	0x00, 0x00, 0x00, 0x00, 0x00, 0x00, 0x00, 0x00, 
	0x00, 0x00, 0x00, 0x00, 0x00, 0x00, 0x00, 0x00, 
	0x00, 0x00, 0x00, 0x00, 0x00, 0x00, 0x00, 0x00, 
	0x00, 0x00, 0x00, 0x00, 0x00, 0x00, 0x00, 0x00, 
	0x00, 0x00, 0x00, 0x00, 0x00, 0x00, 0x00, 0x00, 
	0x00, 0x00, 0x00, 0x00, 0x00, 0x00, 0x00, 0x00, 
	0x00, 0x0f, 0xff, 0xff, 0xff, 0xff, 0xf0, 0x00, 
	0x00, 0x0b, 0xdf, 0xff, 0xff, 0xfd, 0xb0, 0x00, 
	0x00, 0x00, 0x00, 0x00, 0x00, 0x00, 0x00, 0x00, 
	0x00, 0x00, 0x00, 0x00, 0x00, 0x00, 0x00, 0x00, 
	0x00, 0x00, 0x00, 0x00, 0x00, 0x00, 0x00, 0x00, 
	0x00, 0x00, 0x00, 0x00, 0x00, 0x00, 0x00, 0x00, 
	0x00, 0x00, 0x00, 0x00, 0x00, 0x00, 0x00, 0x00, 
	0x00, 0x00, 0x00, 0x00, 0x00, 0x00, 0x00, 0x00, 
	0x00, 0x00, 0x00, 0x00, 0x00, 0x00, 0x00, 0x00, 
	0x00, 0x00, 0x00, 0x00, 0x00, 0x00, 0x00, 0x00, 
	0x00, 0x00, 0x00, 0x00, 0x00, 0x00, 0x00, 0x00, 
	0x00, 0x00, 0x00, 0x00, 0x00, 0x00, 0x00, 0x00, 
	0x00, 0x00, 0x00, 0x00, 0x00, 0x00, 0x00, 0x00, 
	0x00, 0x00, 0x00, 0x00, 0x00, 0x00, 0x00, 0x00, 
	0x00, 0x00, 0x00, 0x00, 0x00, 0x00, 0x00, 0x00, 
	0x00, 0x00, 0x00, 0x00, 0x00, 0x00, 0x00, 0x00, 
	0x00, 0x00, 0x00, 0x00, 0x00, 0x00, 0x00, 0x00, 
	0x00, 0x00, 0x00, 0x00, 0x00, 0x00, 0x00, 0x00, 
	0x00, 0x00, 0x00, 0x00, 0x00, 0x00, 0x00, 0x00, 
	0x00, 0x00, 0x00, 0x00, 0x00, 0x00, 0x00, 0x00, 
	0x00, 0x00, 0x00, 0x00, 0x00, 0x00, 0x00, 0x00, 
	0x00, 0x00, 0x00, 0x00, 0x00, 0x00, 0x00, 0x00, 
	0x0f, 0xf0, 0xff, 0x0f, 0xff, 0xf0, 0x00, 0x00, 
	0x00, 0x00, 0x00, 0x00, 0x00, 0x00, 0x00, 0x00, 
	0x00, 0x00, 0x00, 0x00, 0x00, 0x00, 0x00, 0x00, 
	0x00, 0x00, 0x00, 0x00, 0xff, 0x00, 0x00, 0x00, 
	0x00, 0x00, 0x00, 0x00, 0x00, 0x00, 0x00, 0x00, 
	0x00, 0x00, 0x00, 0x00, 0x00, 0x00, 0x00, 0x00, 
	0x00, 0x00, 0x00, 0x00, 0x00, 0x00, 0x00, 0x00, 
	0x00, 0x00, 0x00, 0x00, 0x00, 0x00, 0x00, 0x00, 
	0x00, 0x00, 0x00, 0x00, 0x00, 0x00, 0x00, 0x00, 
	0x00, 0x00, 0x00, 0x00, 0x00, 0x00, 0x00, 0x00, 
	0x00, 0xdf, 0xff, 0xff, 0xff, 0xff, 0xfd, 0x00, 
	0x00, 0xbd, 0xff, 0xff, 0xff, 0xff, 0xdb, 0x00, 
	0x00, 0xf0, 0x0f, 0xff, 0xf0, 0x0f, 0xff, 0x0f, 
	0xff, 0x00, 0xff, 0xff, 0xff, 0xff, 0xff, 0x0f, 
	0xff, 0xff, 0x00, 0x00, 0xff, 0xff, 0x00, 0xff, 
	0xff, 0x00, 0x0f, 0xf0, 0x00, 0xf0, 0x00, 0xff, 
	0x00, 0x0f, 0x0f, 0xff, 0x0f, 0xff, 0xf0, 0x0f, 
	0xff, 0x00, 0xff, 0xff, 0x00, 0xff, 0xf0, 0xff, 
	0xff, 0xff, 0x00, 0x0f, 0xf0, 0x00, 0xff, 0x00, 
	0x0f, 0xf0, 0x00, 0xff, 0x00, 0x0f, 0xff, 0xff, 
	0xf0, 0x00, 0x0f, 0x00, 0x00, 0x00, 0x00, 0x00, 
	0xf0, 0x00, 0x00, 0x00, 0xff, 0x00, 0x00, 0x0f, 
	0x00, 0x0f, 0x00, 0x00, 0xf0, 0x00, 0xf0, 0x00, 
	0x00, 0x00, 0x00, 0x00, 0x00, 0x00, 0x00, 0x00, 
	0x00, 0x00, 0x00, 0x00, 0x00, 0x00, 0x00, 0x00, 
	0x00, 0x00, 0x00, 0x00, 0x00, 0x00, 0x00, 0x00, 
	0x00, 0x00, 0x00, 0x00, 0x00, 0x00, 0xf0, 0xf0, 
	0x00, 0x00, 0xff, 0xff, 0x00, 0xf0, 0x0f, 0xff, 
	0xf0, 0x0f, 0xff, 0xf0, 0x00, 0x00, 0xf0, 0xff, 
	0xff, 0xf0, 0x00, 0x0f, 0xf0, 0xff, 0xff, 0xff, 
	0x0f, 0xff, 0xf0, 0x00, 0xff, 0xf0, 0x00, 0x00, 
	0x00, 0x0f, 0xff, 0xf0, 0x00, 0x00, 0x00, 0x0f, 
	0xff, 0xf0, 0xff, 0xff, 0x00, 0xff, 0x00, 0x00, 
	0x00, 0x00, 0x0f, 0xff, 0xff, 0x0f, 0xf0, 0x00, 
	0x00, 0x00, 0x00, 0x00, 0x00, 0x00, 0x00, 0x00, 
	0x00, 0x00, 0x00, 0x00, 0xff, 0x00, 0x00, 0x00, 
	0x00, 0x00, 0x00, 0x00, 0x00, 0x00, 0x00, 0x00, 
	0x00, 0x00, 0x00, 0x00, 0x00, 0x00, 0x00, 0x00, 
	0x00, 0x00, 0x00, 0x00, 0x00, 0x00, 0x00, 0x00, 
	0x00, 0x00, 0x00, 0x00, 0x00, 0x00, 0x00, 0x00, 
	0x00, 0x00, 0x00, 0x00, 0x00, 0x00, 0x00, 0x00, 
	0x00, 0x00, 0x00, 0x00, 0x00, 0x00, 0x00, 0x00, 
	0x0d, 0xdf, 0xff, 0xff, 0xff, 0xff, 0xfd, 0xd0, 
	0x0b, 0xdf, 0xf5, 0xff, 0xff, 0x5f, 0xfd, 0xb0, 
	0x0f, 0xff, 0x0f, 0xff, 0xff, 0xff, 0xff, 0xff, 
	0xff, 0xf0, 0xff, 0xff, 0xff, 0xff, 0xff, 0xff, 
	0xff, 0xff, 0x00, 0x00, 0xff, 0xff, 0x00, 0xff, 
	0xff, 0x00, 0xff, 0xf0, 0x00, 0xf0, 0x00, 0xff, 
	0x00, 0x0f, 0xff, 0xff, 0xff, 0xff, 0xff, 0xff, 
	0xff, 0xf0, 0xff, 0xff, 0xff, 0xff, 0xff, 0xff, 
	0xff, 0xff, 0x00, 0x0f, 0xf0, 0x00, 0xff, 0x00, 
	0x0f, 0xf0, 0x00, 0xff, 0xf0, 0xff, 0xff, 0xff, 
	0xf0, 0x00, 0x0f, 0x00, 0x00, 0x00, 0x00, 0x00, 
	0xf0, 0x00, 0x00, 0x0f, 0xff, 0x00, 0x00, 0x0f, 
	0x00, 0x0f, 0x00, 0x0f, 0xf0, 0x00, 0xf0, 0x00, 
	0x00, 0x00, 0x00, 0x00, 0x00, 0x00, 0x00, 0x00, 
	0x00, 0x00, 0x00, 0x00, 0x00, 0x00, 0x0f, 0x00, 
	0x00, 0x00, 0x00, 0x00, 0x00, 0x00, 0x00, 0x00, 
	0x00, 0x00, 0x00, 0x00, 0x00, 0x00, 0xf0, 0xf0, 
	0xff, 0x0f, 0xff, 0xff, 0xff, 0xf0, 0xff, 0xff, 
	0xff, 0xff, 0xff, 0xff, 0x00, 0x0f, 0xf0, 0xff, 
	0xff, 0xf0, 0x00, 0xff, 0xf0, 0xff, 0xff, 0xff, 
	0xff, 0xff, 0xff, 0x0f, 0xff, 0xff, 0x00, 0xff, 
	0x00, 0xff, 0xff, 0xff, 0x0f, 0x00, 0x0f, 0x0f, 
	0xf0, 0xf0, 0x0f, 0xf0, 0x00, 0x0f, 0x00, 0x00, 
	0xff, 0x00, 0x0f, 0xff, 0xff, 0xff, 0xf0, 0x00, 
	0x00, 0x00, 0x00, 0x00, 0x00, 0x00, 0x00, 0x00, 
	0x00, 0x00, 0x00, 0x00, 0xff, 0x00, 0x00, 0x00, 
	0x00, 0x00, 0x00, 0x00, 0x00, 0x00, 0x00, 0x00, 
	0x00, 0x00, 0x00, 0x00, 0x00, 0x00, 0x00, 0x00, 
	0x00, 0x00, 0x00, 0x00, 0x00, 0x00, 0x00, 0x00, 
	0x00, 0x00, 0x00, 0x00, 0x00, 0x00, 0x00, 0x00, 
	0x00, 0x00, 0x00, 0x00, 0x00, 0x00, 0x00, 0x00, 
	0x00, 0x00, 0x00, 0x00, 0x00, 0x00, 0x00, 0x00, 
	0x0d, 0xdd, 0xff, 0xff, 0xff, 0xff, 0xdd, 0xd0, 
	0x0d, 0xdd, 0xf7, 0xff, 0xff, 0x7f, 0xfd, 0xb0, 
	0xff, 0x0f, 0xff, 0x00, 0x0f, 0xf0, 0x00, 0xff, 
	0x00, 0xff, 0xf0, 0x00, 0x0f, 0x00, 0x00, 0xf0, 
	0x00, 0x0f, 0x00, 0x00, 0xf0, 0xf0, 0x00, 0x00, 
	0xff, 0x00, 0xf0, 0xf0, 0x00, 0xff, 0x0f, 0xff, 
	0xf0, 0x0f, 0xf0, 0x00, 0xff, 0x00, 0x0f, 0xf0, 
	0x00, 0xf0, 0xf0, 0x00, 0xff, 0x00, 0x0f, 0x00, 
	0xf0, 0x0f, 0x00, 0x0f, 0xf0, 0x00, 0xff, 0x00, 
	0x0f, 0xff, 0x0f, 0xf0, 0xf0, 0xf0, 0x00, 0x00, 
	0xf0, 0x00, 0x0f, 0x00, 0x00, 0x00, 0x00, 0x00, 
	0xf0, 0x00, 0x00, 0x0f, 0x00, 0x00, 0x00, 0x0f, 
	0x00, 0x00, 0x00, 0x0f, 0xf0, 0x00, 0xf0, 0x00, 
	0x00, 0x00, 0x00, 0x00, 0x00, 0x00, 0x00, 0x00, 
	0x00, 0x00, 0x00, 0x00, 0x00, 0x00, 0x0f, 0x00, 
	0x00, 0x00, 0x00, 0x00, 0x00, 0x00, 0x00, 0x00, 
	0x00, 0x00, 0x00, 0x00, 0x00, 0x00, 0x00, 0x0f, 
	0xff, 0xff, 0x00, 0x00, 0xff, 0xf0, 0xf0, 0x00, 
	0x0f, 0xf0, 0x00, 0x0f, 0x00, 0xff, 0xf0, 0xf0, 
	0x00, 0x00, 0x0f, 0xf0, 0x00, 0x00, 0x00, 0x0f, 
	0xf0, 0x00, 0x0f, 0xff, 0x00, 0x0f, 0x00, 0xff, 
	0x00, 0xff, 0x00, 0xff, 0xf0, 0xf0, 0x0f, 0x0f, 
	0xf0, 0x00, 0x00, 0xf0, 0x00, 0x0f, 0x00, 0x00, 
	0xff, 0x00, 0x0f, 0xf0, 0x0f, 0xff, 0xf0, 0x00, 
	0x00, 0x0f, 0x00, 0x00, 0x00, 0x00, 0x00, 0x00, 
	0x00, 0x00, 0x00, 0x0f, 0xf0, 0x00, 0x00, 0x00, 
	0x00, 0x00, 0x00, 0x00, 0x00, 0x00, 0x00, 0x00, 
	0x00, 0x00, 0x00, 0x00, 0x00, 0x00, 0x00, 0x00, 
	0x00, 0x00, 0x00, 0x00, 0x00, 0x00, 0x00, 0x00, 
	0x00, 0x00, 0x00, 0x00, 0x00, 0x00, 0x00, 0x00, 
	0x00, 0x00, 0x00, 0x00, 0x00, 0x00, 0x00, 0x00, 
	0x00, 0x00, 0x00, 0x00, 0x00, 0x00, 0x00, 0x00, 
	0xdd, 0xdd, 0xdd, 0xff, 0xff, 0xdd, 0xdd, 0xdd, 
	0x9d, 0xdd, 0xf7, 0xff, 0xff, 0x7f, 0xdd, 0xd9, 
	0xf0, 0x00, 0xff, 0x00, 0xff, 0xf0, 0x00, 0x0f, 
	0x00, 0x0f, 0xf0, 0x00, 0x0f, 0x00, 0x00, 0xf0, 
	0x00, 0x0f, 0x00, 0x00, 0xf0, 0xf0, 0x00, 0x00, 
	0xff, 0x0f, 0xf0, 0xf0, 0x00, 0xff, 0x0f, 0xff, 
	0xf0, 0x0f, 0xf0, 0x00, 0xff, 0x00, 0x0f, 0xf0, 
	0x00, 0xf0, 0xf0, 0x00, 0xff, 0xf0, 0x00, 0x00, 
	0xf0, 0x0f, 0x00, 0x0f, 0xf0, 0x00, 0xff, 0x00, 
	0x0f, 0x0f, 0xff, 0x00, 0xff, 0xf0, 0x00, 0x0f, 
	0xff, 0xff, 0x0f, 0xff, 0x00, 0xff, 0xf0, 0xff, 
	0xf0, 0xff, 0x00, 0x0f, 0x00, 0x00, 0x00, 0x0f, 
	0xff, 0x0f, 0x00, 0x00, 0xf0, 0x0f, 0xf0, 0x0f, 
	0xff, 0xf0, 0xff, 0xf0, 0x0f, 0xf0, 0xff, 0xf0, 
	0x0f, 0xff, 0xf0, 0xff, 0x0f, 0xff, 0xff, 0xff, 
	0xf0, 0x0f, 0xf0, 0x00, 0xff, 0x00, 0x0f, 0xf0, 
	0x00, 0xf0, 0x00, 0x00, 0xff, 0xff, 0x00, 0x0f, 
	0x00, 0xff, 0x00, 0x00, 0xf0, 0xf0, 0x00, 0x00, 
	0xff, 0x00, 0x00, 0x0f, 0x0f, 0xf0, 0xf0, 0xf0, 
	0x00, 0x00, 0x0f, 0x00, 0x00, 0x00, 0x00, 0xff, 
	0xf0, 0x00, 0xff, 0xf0, 0x00, 0x0f, 0x00, 0x00, 
	0x00, 0x00, 0x00, 0xff, 0xf0, 0xf0, 0xf0, 0x0f, 
	0xf0, 0x00, 0x00, 0xf0, 0x00, 0x0f, 0x00, 0x00, 
	0xff, 0x00, 0x0f, 0xf0, 0x0f, 0xff, 0xf0, 0x00, 
	0x00, 0xff, 0xf0, 0x00, 0x00, 0x00, 0x00, 0x00, 
	0x00, 0x00, 0x00, 0x0f, 0xf0, 0x00, 0x00, 0x00, 
	0x00, 0x00, 0x00, 0x00, 0x00, 0x00, 0x00, 0x00, 
	0x00, 0x00, 0x00, 0x00, 0x00, 0x00, 0x00, 0x00, 
	0x00, 0x00, 0x00, 0x00, 0x00, 0x00, 0x00, 0x00, 
	0x00, 0x00, 0x00, 0x00, 0x00, 0x00, 0x00, 0x00, 
	0x00, 0x00, 0x00, 0x00, 0x00, 0x00, 0x00, 0x00, 
	0x00, 0x00, 0x00, 0x00, 0x00, 0x00, 0x00, 0x00, 
	0xdd, 0xdd, 0x33, 0xdd, 0xdd, 0x33, 0xdd, 0xdd, 
	0xbd, 0xdd, 0xd7, 0xff, 0xff, 0x7d, 0xdd, 0xdb, 
	0xf0, 0x00, 0xff, 0xff, 0xf0, 0xf0, 0x00, 0x0f, 
	0x00, 0x0f, 0xff, 0xff, 0x0f, 0xff, 0xf0, 0xf0, 
	0xff, 0xff, 0xff, 0xff, 0xf0, 0xf0, 0x00, 0x00, 
	0xff, 0x0f, 0x00, 0xf0, 0x00, 0xff, 0xff, 0xff, 
	0xff, 0x0f, 0xf0, 0x00, 0xff, 0x00, 0x0f, 0xf0, 
	0x00, 0xf0, 0xf0, 0x00, 0xf0, 0xff, 0x00, 0x00, 
	0xf0, 0x0f, 0x00, 0x0f, 0xf0, 0x00, 0xff, 0x0f, 
	0x0f, 0x00, 0xf0, 0x00, 0x0f, 0x00, 0x00, 0xff, 
	0x0f, 0xff, 0xff, 0xff, 0xff, 0xff, 0xff, 0xff, 
	0xff, 0xff, 0xff, 0xff, 0xff, 0x0f, 0xff, 0xff, 
	0xff, 0xff, 0x00, 0x0f, 0xf0, 0xff, 0xf0, 0x0f, 
	0xff, 0xff, 0xff, 0xff, 0xff, 0xff, 0xff, 0xff, 
	0xff, 0xff, 0xff, 0xff, 0xff, 0xff, 0xff, 0xff, 
	0xf0, 0x0f, 0xf0, 0x00, 0xff, 0x00, 0x0f, 0xff, 
	0x0f, 0xff, 0x00, 0x0f, 0xff, 0xff, 0x00, 0x0f, 
	0x0f, 0xff, 0x00, 0x00, 0xf0, 0xf0, 0x00, 0x0f, 
	0xf0, 0x0f, 0xff, 0xff, 0xff, 0x00, 0xf0, 0xff, 
	0xff, 0xf0, 0xff, 0xff, 0xf0, 0x00, 0x00, 0xf0, 
	0xff, 0xff, 0xf0, 0xf0, 0x00, 0x0f, 0x00, 0x00, 
	0x00, 0x00, 0x0f, 0xf0, 0x0f, 0x00, 0xf0, 0x0f, 
	0x00, 0x00, 0x00, 0xf0, 0x00, 0x0f, 0xff, 0xff, 
	0xff, 0xff, 0xff, 0xf0, 0x0f, 0xff, 0xf0, 0x00, 
	0x0f, 0xff, 0xff, 0x00, 0x00, 0x00, 0x00, 0x00, 
	0x00, 0x00, 0x00, 0x0f, 0xf0, 0x00, 0x00, 0x00, 
	0x00, 0x00, 0x00, 0x00, 0x00, 0x00, 0x00, 0x00, 
	0x00, 0x00, 0x00, 0x00, 0x00, 0x00, 0x00, 0x00, 
	0x00, 0x00, 0x00, 0x00, 0x00, 0x00, 0x00, 0x00, 
	0x00, 0x00, 0x00, 0x00, 0x00, 0x00, 0x00, 0x00, 
	0x00, 0x00, 0x00, 0x00, 0x00, 0x00, 0x00, 0x00, 
	0x00, 0x00, 0x00, 0x00, 0x00, 0x00, 0x00, 0x00, 
	0xbd, 0xdd, 0xd3, 0xdd, 0xdd, 0x3d, 0xdd, 0xdb, 
	0xbd, 0xdd, 0xd5, 0xdd, 0xdd, 0x5d, 0xdd, 0xdb, 
	0xf0, 0x00, 0xff, 0xff, 0xff, 0xf0, 0x00, 0x0f, 
	0x00, 0x0f, 0xff, 0xff, 0x0f, 0xff, 0xf0, 0xf0, 
	0xff, 0xff, 0xff, 0xff, 0xf0, 0xf0, 0x00, 0x00, 
	0xff, 0xff, 0x00, 0xf0, 0x00, 0xf0, 0xf0, 0xff, 
	0x0f, 0x0f, 0xf0, 0x00, 0xff, 0xff, 0xff, 0xf0, 
	0x00, 0xf0, 0xff, 0xff, 0xf0, 0x0f, 0xf0, 0x00, 
	0xf0, 0x0f, 0x00, 0x0f, 0xff, 0x0f, 0xff, 0x0f, 
	0x0f, 0x00, 0xf0, 0x00, 0x0f, 0x00, 0x00, 0xf0, 
	0x00, 0x00, 0xff, 0x00, 0xff, 0x00, 0x0f, 0x00, 
	0xff, 0x00, 0xff, 0xff, 0xff, 0xff, 0xff, 0xff, 
	0x00, 0xff, 0x00, 0x0f, 0xff, 0xf0, 0xf0, 0x0f, 
	0x0f, 0x0f, 0xf0, 0x0f, 0xf0, 0x0f, 0xf0, 0x0f, 
	0xf0, 0x0f, 0xff, 0x00, 0xf0, 0x00, 0x0f, 0x00, 
	0xf0, 0x0f, 0xff, 0x0f, 0xff, 0x00, 0x0f, 0x0f, 
	0xff, 0x0f, 0x00, 0x0f, 0x00, 0x0f, 0x00, 0x0f, 
	0xff, 0x0f, 0x00, 0x00, 0xf0, 0xf0, 0x00, 0xff, 
	0x00, 0x0f, 0xff, 0xf0, 0xf0, 0x00, 0xf0, 0xff, 
	0xff, 0xff, 0xff, 0xff, 0xff, 0x00, 0x0f, 0xf0, 
	0x0f, 0xff, 0xff, 0xff, 0xff, 0xff, 0x00, 0x00, 
	0x00, 0x00, 0x0f, 0x00, 0x00, 0x0f, 0x00, 0x0f, 
	0x00, 0x00, 0x00, 0xf0, 0x00, 0x0f, 0xff, 0xff, 
	0xff, 0xff, 0xff, 0xff, 0xff, 0xff, 0xf0, 0x00, 
	0xff, 0xff, 0xff, 0xf0, 0x00, 0xf0, 0x00, 0xff, 
	0xff, 0xff, 0xf0, 0xff, 0x00, 0x00, 0x00, 0x00, 
	0x00, 0x00, 0x00, 0x00, 0x00, 0x00, 0x00, 0x00, 
	0x00, 0x00, 0x00, 0x00, 0x00, 0x00, 0x00, 0x00, 
	0x00, 0x00, 0x00, 0x00, 0x00, 0x00, 0x00, 0x00, 
	0x00, 0x00, 0x00, 0x00, 0x00, 0x00, 0x00, 0x00, 
	0x00, 0x00, 0x00, 0x00, 0x00, 0x00, 0x00, 0x00, 
	0x00, 0x00, 0x00, 0x00, 0x00, 0x00, 0x00, 0x00, 
	0xbb, 0xbd, 0xd5, 0x5d, 0xd5, 0x5d, 0xdb, 0xbb, 
	0xbd, 0xdd, 0xdd, 0xdd, 0xdd, 0xdd, 0xdd, 0xdb, 
	0xff, 0xff, 0xff, 0x00, 0x0f, 0xf0, 0x00, 0x0f, 
	0x00, 0x0f, 0xf0, 0x00, 0x0f, 0x00, 0x00, 0xf0, 
	0x00, 0xff, 0x00, 0x00, 0xf0, 0xf0, 0x00, 0x00, 
	0xff, 0xff, 0x00, 0xf0, 0x00, 0xf0, 0xf0, 0xff, 
	0x0f, 0xff, 0xf0, 0x00, 0xff, 0xff, 0xf0, 0xf0, 
	0x00, 0xf0, 0xff, 0xff, 0x00, 0x00, 0xff, 0x00, 
	0xf0, 0x0f, 0x00, 0x0f, 0x0f, 0x0f, 0x0f, 0xff, 
	0xff, 0x0f, 0xff, 0x00, 0x0f, 0x00, 0x0f, 0xf0, 
	0x0f, 0xff, 0xff, 0x00, 0xff, 0x00, 0x0f, 0x00, 
	0xff, 0x00, 0xf0, 0x0f, 0x00, 0xf0, 0x00, 0xff, 
	0x00, 0xff, 0x00, 0x0f, 0xff, 0x00, 0xf0, 0x0f, 
	0x0f, 0x0f, 0xf0, 0x0f, 0xf0, 0x0f, 0xf0, 0x0f, 
	0xf0, 0x0f, 0xf0, 0x00, 0xff, 0xf0, 0x0f, 0x00, 
	0xf0, 0x0f, 0x0f, 0x0f, 0x0f, 0x00, 0x0f, 0x00, 
	0xf0, 0x0f, 0x00, 0x0f, 0x00, 0xff, 0x00, 0x0f, 
	0xff, 0xff, 0x00, 0x00, 0xf0, 0xf0, 0x0f, 0xf0, 
	0x00, 0x00, 0x00, 0xff, 0xff, 0xff, 0xff, 0x00, 
	0x00, 0x0f, 0xf0, 0x00, 0x0f, 0x00, 0x0f, 0x00, 
	0xff, 0x00, 0x0f, 0x0f, 0xff, 0xff, 0x00, 0x00, 
	0x00, 0x00, 0xf0, 0x00, 0x00, 0xf0, 0x00, 0x0f, 
	0x00, 0x00, 0x00, 0xf0, 0x00, 0x0f, 0x00, 0x00, 
	0xff, 0x00, 0x0f, 0xff, 0xff, 0x0f, 0xf0, 0x00, 
	0x0f, 0xff, 0xff, 0x00, 0x0f, 0xff, 0x00, 0x0f, 
	0xff, 0xff, 0x00, 0xff, 0x00, 0x00, 0x00, 0x00, 
	0x00, 0x00, 0x00, 0x00, 0x00, 0x00, 0x00, 0x00, 
	0x00, 0x00, 0x00, 0x00, 0x00, 0x00, 0x00, 0x00, 
	0x00, 0x00, 0x00, 0x00, 0x00, 0x00, 0x00, 0x00, 
	0x00, 0x00, 0x00, 0x00, 0x00, 0x00, 0x00, 0x00, 
	0x00, 0x00, 0x00, 0x00, 0x00, 0x00, 0x00, 0x00, 
	0x00, 0x00, 0x00, 0x00, 0x00, 0x00, 0x00, 0x00, 
	0x9b, 0xbb, 0xb3, 0xdd, 0xdd, 0x3b, 0xbb, 0xbb, 
	0xbb, 0xd5, 0xdd, 0xdd, 0xdd, 0xdd, 0x5d, 0xbb, 
	0xff, 0xff, 0xff, 0x00, 0x0f, 0xf0, 0x00, 0xff, 
	0x00, 0xff, 0xf0, 0x00, 0x0f, 0x00, 0x00, 0xf0, 
	0x00, 0xff, 0x00, 0x00, 0xf0, 0xf0, 0xf0, 0x00, 
	0xff, 0x0f, 0xf0, 0xf0, 0x00, 0xf0, 0x00, 0xff, 
	0x00, 0xff, 0xf0, 0x00, 0xff, 0x00, 0x00, 0xf0, 
	0xf0, 0xf0, 0xf0, 0x0f, 0x0f, 0x00, 0x0f, 0x00, 
	0xf0, 0x0f, 0x00, 0x0f, 0x0f, 0x0f, 0x0f, 0xf0, 
	0xff, 0x0f, 0xff, 0x00, 0x0f, 0x00, 0xff, 0x00, 
	0x0f, 0x00, 0xff, 0x00, 0xff, 0x00, 0x0f, 0x00, 
	0xff, 0xff, 0xf0, 0x0f, 0x00, 0xf0, 0x00, 0xff, 
	0x00, 0xff, 0x00, 0x0f, 0xff, 0x00, 0xf0, 0x0f, 
	0x0f, 0x0f, 0xf0, 0x0f, 0xf0, 0x0f, 0xf0, 0x0f, 
	0xf0, 0x0f, 0xf0, 0x00, 0x0f, 0xff, 0x0f, 0x00, 
	0xf0, 0x0f, 0x0f, 0x0f, 0x0f, 0x0f, 0x0f, 0x00, 
	0xf0, 0x0f, 0x00, 0x0f, 0x0f, 0xf0, 0x00, 0x0f, 
	0x00, 0xff, 0x00, 0x00, 0xf0, 0xf0, 0xff, 0x00, 
	0x00, 0x00, 0x00, 0x0f, 0xff, 0xff, 0xff, 0x00, 
	0x00, 0x0f, 0xf0, 0x00, 0x0f, 0x00, 0xff, 0x00, 
	0xf0, 0x00, 0x0f, 0x00, 0x00, 0xf0, 0x00, 0xff, 
	0x00, 0x00, 0xf0, 0x00, 0x0f, 0x00, 0xf0, 0x00, 
	0x00, 0x00, 0x00, 0xf0, 0x00, 0x0f, 0x00, 0x00, 
	0xff, 0x00, 0x0f, 0xf0, 0xff, 0x0f, 0xf0, 0x00, 
	0x00, 0xff, 0xf0, 0x00, 0xff, 0xff, 0xf0, 0x00, 
	0xff, 0xf0, 0x00, 0xff, 0x00, 0x00, 0x00, 0x00, 
	0x00, 0x00, 0x00, 0x00, 0x00, 0x00, 0x00, 0x00, 
	0x00, 0x00, 0x00, 0x00, 0x00, 0x00, 0x00, 0x00, 
	0x00, 0x00, 0x00, 0x00, 0x00, 0x00, 0x00, 0x00, 
	0x00, 0x00, 0x00, 0x00, 0x00, 0x00, 0x00, 0x00, 
	0x00, 0x00, 0x00, 0x00, 0x00, 0x00, 0x00, 0x00, 
	0x00, 0x00, 0x00, 0x00, 0x00, 0x00, 0x00, 0x00, 
	0x9b, 0xbb, 0xbb, 0xbb, 0xbb, 0xbb, 0xbb, 0xb9, 
	0x9b, 0xbd, 0xdd, 0xdd, 0xdd, 0xdd, 0xdb, 0xb9, 
	0xf0, 0x00, 0xff, 0x00, 0x0f, 0xf0, 0x00, 0xff, 
	0x0f, 0xf0, 0xf0, 0x00, 0x0f, 0x00, 0x00, 0xf0, 
	0x00, 0xff, 0x00, 0x00, 0xf0, 0xf0, 0xf0, 0x00, 
	0xff, 0x00, 0xf0, 0xf0, 0x00, 0xf0, 0x00, 0xff, 
	0x00, 0xff, 0xf0, 0x00, 0xff, 0x00, 0x00, 0xf0, 
	0xff, 0xf0, 0xf0, 0x0f, 0xff, 0x00, 0x0f, 0x00, 
	0xf0, 0x0f, 0x00, 0x0f, 0x0f, 0x0f, 0x0f, 0xf0, 
	0xff, 0xff, 0x0f, 0xf0, 0x0f, 0x00, 0xf0, 0x00, 
	0x0f, 0x00, 0xff, 0x00, 0xff, 0x00, 0x0f, 0x00, 
	0xff, 0x00, 0x00, 0x0f, 0x00, 0xff, 0xff, 0xff, 
	0x00, 0xff, 0x00, 0x0f, 0xff, 0xf0, 0xf0, 0x0f, 
	0x0f, 0x0f, 0xf0, 0x0f, 0xf0, 0x0f, 0xff, 0xff, 
	0xff, 0xff, 0xf0, 0x00, 0x00, 0x0f, 0x0f, 0x00, 
	0xf0, 0x0f, 0x0f, 0xff, 0x0f, 0xff, 0xff, 0x0f, 
	0xff, 0x0f, 0xff, 0xff, 0xff, 0x00, 0x00, 0x0f, 
	0x00, 0xff, 0x00, 0x00, 0xf0, 0xf0, 0xf0, 0x00, 
	0x00, 0xf0, 0x00, 0x0f, 0x00, 0x00, 0xf0, 0xf0, 
	0x00, 0x0f, 0xf0, 0x00, 0x0f, 0x00, 0xf0, 0x00, 
	0xf0, 0x00, 0x0f, 0x00, 0x0f, 0xf0, 0x00, 0xff, 
	0x00, 0x00, 0x00, 0x00, 0x0f, 0x0f, 0x0f, 0x00, 
	0x00, 0x00, 0x00, 0xf0, 0x00, 0x0f, 0x00, 0x00, 
	0xff, 0x00, 0x0f, 0xf0, 0xff, 0xff, 0xf0, 0x00, 
	0x00, 0x0f, 0x00, 0x0f, 0xff, 0xff, 0xff, 0x00, 
	0x0f, 0x00, 0x0f, 0xf0, 0x00, 0x00, 0x00, 0x00, 
	0x00, 0x00, 0x00, 0x00, 0x00, 0x00, 0x00, 0x00, 
	0x00, 0x00, 0x00, 0x00, 0x00, 0x00, 0x00, 0x00, 
	0x00, 0x00, 0x00, 0x00, 0x00, 0x00, 0x00, 0x00, 
	0x00, 0x00, 0x00, 0x00, 0x00, 0x00, 0x00, 0x00, 
	0x00, 0x00, 0x00, 0x00, 0x00, 0x00, 0x00, 0x00, 
	0x00, 0x00, 0x00, 0x00, 0x00, 0x00, 0x00, 0x00, 
	0x09, 0xbb, 0xbb, 0x55, 0x5d, 0xbb, 0xbb, 0x90, 
	0x0b, 0xb5, 0x7d, 0xdd, 0xdd, 0xb7, 0x5b, 0xb0, 
	0xf0, 0x00, 0xff, 0xff, 0xff, 0xff, 0xff, 0xff, 
	0xff, 0x00, 0xff, 0xff, 0xff, 0x00, 0x00, 0xff, 
	0xff, 0xff, 0x00, 0x00, 0xff, 0xff, 0xff, 0xff, 
	0xff, 0x00, 0xff, 0xff, 0xff, 0xf0, 0x00, 0xff, 
	0x00, 0x0f, 0xff, 0xff, 0xff, 0x00, 0x00, 0xff, 
	0xff, 0xff, 0xf0, 0x00, 0xff, 0xff, 0xff, 0x00, 
	0xf0, 0x0f, 0xff, 0xff, 0x0f, 0xff, 0x0f, 0x00, 
	0x0f, 0xf0, 0x00, 0xf0, 0x0f, 0x00, 0xff, 0xff, 
	0xff, 0xff, 0xff, 0xff, 0xff, 0xff, 0xff, 0xff, 
	0xff, 0xff, 0xf0, 0x0f, 0x00, 0x0f, 0xff, 0xff, 
	0x00, 0xff, 0x00, 0x0f, 0xf0, 0xff, 0xff, 0xff, 
	0x0f, 0x0f, 0xf0, 0x0f, 0xff, 0xff, 0xff, 0xf0, 
	0x0f, 0xff, 0xf0, 0x00, 0xff, 0xff, 0x0f, 0xff, 
	0xff, 0xff, 0x00, 0xf0, 0x0f, 0xf0, 0xff, 0xff, 
	0x0f, 0xf0, 0xff, 0xff, 0xff, 0xff, 0x00, 0x0f, 
	0xff, 0xff, 0xff, 0xff, 0xff, 0xff, 0xff, 0xff, 
	0xff, 0xff, 0xff, 0xff, 0x00, 0x00, 0xf0, 0xff, 
	0xff, 0xff, 0xff, 0xff, 0xff, 0x0f, 0xf0, 0x00, 
	0xff, 0xff, 0xff, 0x00, 0xff, 0x00, 0xff, 0x00, 
	0xff, 0x00, 0xff, 0x00, 0xf0, 0x0f, 0x0f, 0xff, 
	0x00, 0x00, 0x00, 0xff, 0x00, 0xff, 0x00, 0x00, 
	0x00, 0x00, 0x0f, 0xf0, 0x0f, 0xff, 0xff, 0xff, 
	0x00, 0x00, 0x00, 0x00, 0x00, 0x00, 0x00, 0x00, 
	0x00, 0x00, 0x0f, 0xf0, 0x00, 0x00, 0x00, 0x00, 
	0x00, 0x00, 0x00, 0x00, 0x00, 0x00, 0x00, 0x00, 
	0x00, 0x00, 0x00, 0x00, 0x00, 0x00, 0x00, 0x00, 
	0x00, 0x00, 0x00, 0x00, 0x00, 0x00, 0x00, 0x00, 
	0x00, 0x00, 0x00, 0x00, 0x00, 0x00, 0x00, 0x00, 
	0x00, 0x00, 0x00, 0x00, 0x00, 0x00, 0x00, 0x00, 
	0x00, 0x00, 0x00, 0x00, 0x00, 0x00, 0x00, 0x00, 
	0x09, 0x9b, 0xbb, 0xbb, 0xbb, 0xbb, 0xbb, 0x90, 
	0x09, 0xbb, 0x77, 0x77, 0x77, 0x77, 0xbb, 0x90, 
	0xf0, 0x00, 0xff, 0xff, 0xf0, 0x0f, 0xff, 0x0f, 
	0xf0, 0x00, 0x0f, 0xff, 0xff, 0x00, 0x00, 0x0f, 
	0xff, 0x0f, 0x00, 0x00, 0xff, 0xff, 0x0f, 0xff, 
	0x0f, 0x00, 0x0f, 0xff, 0xff, 0xf0, 0x00, 0xff, 
	0x00, 0x0f, 0x0f, 0xff, 0x0f, 0x00, 0x00, 0x0f, 
	0xff, 0x0f, 0xf0, 0x00, 0xf0, 0xff, 0xf0, 0x00, 
	0xf0, 0x00, 0xff, 0xf0, 0x00, 0xf0, 0x0f, 0x00, 
	0x0f, 0xf0, 0x00, 0xf0, 0x0f, 0x00, 0xff, 0xff, 
	0xf0, 0xff, 0xff, 0xff, 0x00, 0xff, 0xf0, 0xff, 
	0xf0, 0xff, 0xf0, 0x0f, 0x00, 0x00, 0x00, 0xff, 
	0x00, 0xff, 0xf0, 0x0f, 0xf0, 0x0f, 0x0f, 0xff, 
	0x0f, 0x0f, 0xf0, 0x0f, 0x0f, 0xf0, 0xf0, 0x00, 
	0x00, 0x0f, 0xf0, 0x00, 0xff, 0xf0, 0x00, 0xff, 
	0x0f, 0xff, 0x00, 0xf0, 0x0f, 0x00, 0x0f, 0xf0, 
	0x00, 0xf0, 0x00, 0x0f, 0xff, 0xff, 0x00, 0x0f, 
	0xff, 0x00, 0xff, 0xff, 0x0f, 0xff, 0xff, 0xff, 
	0xff, 0x0f, 0xff, 0xf0, 0x00, 0x00, 0xf0, 0x0f, 
	0xff, 0xf0, 0x0f, 0xff, 0xf0, 0x0f, 0x00, 0x00, 
	0x0f, 0xff, 0xf0, 0x00, 0xf0, 0x00, 0xff, 0x00, 
	0xff, 0x00, 0xff, 0x00, 0xf0, 0x00, 0xf0, 0xff, 
	0x00, 0x00, 0x00, 0x0f, 0xff, 0xf0, 0x00, 0x00, 
	0x00, 0x00, 0x0f, 0xf0, 0x0f, 0xff, 0xff, 0xff, 
	0x00, 0x00, 0x00, 0x00, 0x00, 0x00, 0x00, 0x00, 
	0x00, 0x00, 0x0f, 0xf0, 0x00, 0x00, 0x00, 0x00, 
	0x00, 0x00, 0x00, 0x00, 0x00, 0x00, 0x00, 0x00, 
	0x00, 0x00, 0x00, 0x00, 0x00, 0x00, 0x00, 0x00, 
	0x00, 0x00, 0x00, 0x00, 0x00, 0x00, 0x00, 0x00, 
	0x00, 0x00, 0x00, 0x00, 0x00, 0x00, 0x00, 0x00, 
	0x00, 0x00, 0x00, 0x00, 0x00, 0x00, 0x00, 0x00, 
	0x00, 0x00, 0x00, 0x00, 0x00, 0x00, 0x00, 0x00, 
	0x00, 0x99, 0xbb, 0xbb, 0xbb, 0xbb, 0x99, 0x00, 
	0x00, 0x9b, 0xb7, 0x77, 0x77, 0x7b, 0xb9, 0x00, 
	0x00, 0x00, 0x00, 0x00, 0x00, 0x00, 0x00, 0x00, 
	0x00, 0x00, 0x00, 0x00, 0x00, 0x00, 0x00, 0x00, 
	0x00, 0x00, 0x00, 0x00, 0x00, 0x00, 0x00, 0x00, 
	0x00, 0x00, 0x00, 0x00, 0x00, 0x00, 0x00, 0x00, 
	0x00, 0x00, 0x00, 0x00, 0x00, 0x00, 0x00, 0x00, 
	0x00, 0x00, 0x00, 0x00, 0x00, 0x00, 0x00, 0x00, 
	0x00, 0x00, 0x00, 0x00, 0x00, 0x00, 0x00, 0x00, 
	0x00, 0x00, 0x00, 0x00, 0x00, 0x00, 0x00, 0x00, 
	0x00, 0x00, 0x00, 0x00, 0x00, 0x00, 0x00, 0x00, 
	0x00, 0x00, 0x00, 0x00, 0x00, 0x0f, 0xff, 0xf0, 
	0x00, 0x00, 0xff, 0xff, 0x00, 0x00, 0x00, 0x00, 
	0x00, 0x00, 0x00, 0x00, 0x00, 0x00, 0xf0, 0x00, 
	0x00, 0x0f, 0x00, 0x00, 0x00, 0x00, 0x00, 0x00, 
	0x00, 0x00, 0x00, 0x00, 0x00, 0x00, 0x00, 0x00, 
	0x00, 0x00, 0xff, 0xff, 0x00, 0x00, 0x00, 0x0f, 
	0x00, 0x00, 0x00, 0x00, 0x00, 0x00, 0x00, 0x00, 
	0x00, 0x00, 0x00, 0x00, 0x00, 0x00, 0x00, 0x00, 
	0x00, 0x00, 0x00, 0x00, 0x00, 0x00, 0x00, 0x00, 
	0x00, 0x00, 0x00, 0x00, 0x00, 0x00, 0x00, 0x00, 
	0x0f, 0x00, 0x00, 0x00, 0x00, 0x00, 0x00, 0x00, 
	0x00, 0x00, 0x00, 0x00, 0x00, 0x00, 0x00, 0x00, 
	0x00, 0x00, 0x00, 0x00, 0x00, 0x00, 0x00, 0x00, 
	0x00, 0x00, 0x00, 0x00, 0x00, 0x00, 0x00, 0x00, 
	0x00, 0x00, 0x00, 0x00, 0x00, 0x00, 0x00, 0x00, 
	0x00, 0x00, 0x00, 0x00, 0x00, 0x00, 0x00, 0x00, 
	0x00, 0x00, 0x00, 0x00, 0x00, 0x00, 0x00, 0x00, 
	0x00, 0x00, 0x00, 0x00, 0x00, 0x00, 0x00, 0x00, 
	0x00, 0x00, 0x00, 0x00, 0x00, 0x00, 0x00, 0x00, 
	0x00, 0x00, 0x00, 0x00, 0x00, 0x00, 0x00, 0x00, 
	0x00, 0x00, 0x00, 0x00, 0x00, 0x00, 0x00, 0x00, 
	0x00, 0x07, 0x99, 0xbb, 0xbb, 0x99, 0x90, 0x00, 
	0x00, 0x09, 0xbb, 0xbb, 0xbb, 0xbb, 0x90, 0x00, 
	0x00, 0x00, 0x00, 0x00, 0x00, 0x00, 0x00, 0x00, 
	0x00, 0x00, 0x00, 0x00, 0x00, 0x00, 0x00, 0x00, 
	0x00, 0x00, 0x00, 0x00, 0x00, 0x00, 0x00, 0x00, 
	0x00, 0x00, 0x00, 0x00, 0x00, 0x00, 0x00, 0x00, 
	0x00, 0x00, 0x00, 0x00, 0x00, 0x00, 0x00, 0x00, 
	0x00, 0x00, 0x00, 0x00, 0x00, 0x00, 0x00, 0x00, 
	0x00, 0x00, 0x00, 0x00, 0x00, 0x00, 0x00, 0x00, 
	0x00, 0x00, 0x00, 0x00, 0x00, 0x00, 0x00, 0x00, 
	0x00, 0x00, 0x00, 0x00, 0x00, 0x00, 0x00, 0x00, 
	0x00, 0x00, 0x00, 0x00, 0x00, 0x0f, 0xff, 0x00, 
	0x00, 0x00, 0x0f, 0xf0, 0x00, 0x00, 0x00, 0x00, 
	0x00, 0x00, 0x00, 0x00, 0x00, 0x00, 0x00, 0x00, 
	0x00, 0x00, 0x00, 0x00, 0x00, 0x00, 0x00, 0x00, 
	0x00, 0x00, 0x00, 0x00, 0x00, 0x00, 0x00, 0x00, 
	0x00, 0x00, 0xff, 0xf0, 0x00, 0x00, 0x00, 0x00, 
	0x00, 0x00, 0x00, 0x00, 0x00, 0x00, 0x00, 0x00, 
	0x00, 0x00, 0x00, 0x00, 0x00, 0x00, 0x00, 0x00, 
	0x00, 0x00, 0x00, 0x00, 0x00, 0x00, 0x00, 0x00, 
	0x00, 0x00, 0x00, 0x00, 0x00, 0x00, 0x00, 0x00, 
	0x00, 0x00, 0x00, 0x00, 0x00, 0x00, 0x00, 0x00, 
	0x00, 0x00, 0x00, 0x00, 0x00, 0x00, 0x00, 0x00, 
	0x00, 0x00, 0x00, 0x00, 0x00, 0x00, 0x00, 0x00, 
	0x00, 0x00, 0x00, 0x00, 0x00, 0x00, 0x00, 0x00, 
	0x00, 0x00, 0x00, 0x00, 0x00, 0x00, 0x00, 0x00, 
	0x00, 0x00, 0x00, 0x00, 0x00, 0x00, 0x00, 0x00, 
	0x00, 0x00, 0x00, 0x00, 0x00, 0x00, 0x00, 0x00, 
	0x00, 0x00, 0x00, 0x00, 0x00, 0x00, 0x00, 0x00, 
	0x00, 0x00, 0x00, 0x00, 0x00, 0x00, 0x00, 0x00, 
	0x00, 0x00, 0x00, 0x00, 0x00, 0x00, 0x00, 0x00, 
	0x00, 0x00, 0x00, 0x00, 0x00, 0x00, 0x00, 0x00, 
	0x00, 0x00, 0x07, 0x99, 0x99, 0x70, 0x00, 0x00, 
	0x00, 0x00, 0x09, 0x99, 0x99, 0x90, 0x00, 0x00, 
	
};

Gfx micons_tornado_rgba16_aligner[] = {gsSPEndDisplayList()};
u8 micons_tornado_rgba16[] = {
	0x00, 0x00, 0x00, 0x00, 0x00, 0x00, 0x00, 0x00, 
	0x00, 0x00, 0x00, 0x00, 0x00, 0x00, 0x00, 0x00, 
	0x00, 0x00, 0x00, 0x00, 0x00, 0x00, 0x00, 0x00, 
	0x00, 0x00, 0x00, 0x00, 0x00, 0x00, 0x00, 0x00, 
	0x00, 0x00, 0x00, 0x00, 0x00, 0x00, 0x00, 0x00, 
	0x00, 0x00, 0x00, 0x00, 0x00, 0x00, 0x00, 0x00, 
	0x00, 0x00, 0x00, 0x00, 0x00, 0x00, 0x00, 0x00, 
	0x00, 0x00, 0x00, 0x00, 0x00, 0x00, 0x00, 0x00, 
	0x00, 0x00, 0x00, 0x00, 0x00, 0x00, 0x00, 0x00, 
	0x00, 0x00, 0x00, 0x00, 0x00, 0x00, 0x00, 0x00, 
	0x00, 0x00, 0x00, 0x00, 0x00, 0x00, 0x00, 0x00, 
	0x00, 0x00, 0x00, 0x00, 0x00, 0x00, 0x00, 0x00, 
	0x00, 0x00, 0x00, 0x00, 0x00, 0x00, 0x00, 0x00, 
	0x00, 0x00, 0x00, 0x00, 0x00, 0x00, 0xff, 0xfe, 
	0x00, 0x00, 0xff, 0xff, 0xff, 0xff, 0xff, 0xff, 
	0xff, 0xff, 0xf7, 0xbd, 0x00, 0x00, 0x00, 0x00, 
	0x00, 0x00, 0x00, 0x00, 0x00, 0x00, 0x00, 0x00, 
	0x00, 0x00, 0x00, 0x00, 0xff, 0xfe, 0xff, 0xff, 
	0xff, 0xff, 0xff, 0xfe, 0x00, 0x00, 0x00, 0x00, 
	0x00, 0x00, 0xff, 0xfe, 0xff, 0xff, 0x00, 0x00, 
	0x00, 0x00, 0x00, 0x00, 0x00, 0x00, 0x00, 0x00, 
	0x00, 0x00, 0x00, 0x00, 0xff, 0xff, 0xff, 0xfe, 
	0x00, 0x00, 0xff, 0xff, 0xf7, 0xbd, 0xef, 0x7b, 
	0xff, 0xfe, 0x00, 0x00, 0xff, 0xff, 0x00, 0x00, 
	0x00, 0x00, 0x00, 0x00, 0x00, 0x00, 0x00, 0x00, 
	0x00, 0x00, 0x00, 0x00, 0xff, 0xff, 0x00, 0x00, 
	0xff, 0xff, 0xff, 0xfe, 0x00, 0x00, 0x00, 0x00, 
	0xff, 0xfe, 0xff, 0xff, 0xf7, 0xbd, 0x00, 0x00, 
	0x00, 0x00, 0x00, 0x00, 0x00, 0x00, 0x00, 0x00, 
	0x00, 0x00, 0x00, 0x00, 0xff, 0xff, 0xff, 0xff, 
	0xff, 0xff, 0xf7, 0xbd, 0xf7, 0xbd, 0xff, 0xff, 
	0xff, 0xff, 0xff, 0xfe, 0xef, 0x7b, 0xd6, 0xb4, 
	0x00, 0x00, 0x00, 0x00, 0x00, 0x00, 0x00, 0x00, 
	0x00, 0x00, 0x00, 0x00, 0xff, 0xfe, 0xff, 0xfe, 
	0xff, 0xff, 0xf7, 0xbd, 0xff, 0xfe, 0xff, 0xfe, 
	0xff, 0xfe, 0xff, 0xff, 0xde, 0xf7, 0xde, 0xf6, 
	0x00, 0x00, 0x00, 0x00, 0x00, 0x00, 0x00, 0x00, 
	0x00, 0x00, 0x00, 0x00, 0xff, 0xfe, 0xff, 0xff, 
	0xff, 0xfe, 0xff, 0xff, 0xff, 0xff, 0xff, 0xff, 
	0xff, 0xff, 0xe7, 0x39, 0xce, 0x72, 0x00, 0x00, 
	0x00, 0x00, 0x00, 0x00, 0x00, 0x00, 0x00, 0x00, 
	0x00, 0x00, 0x00, 0x00, 0xff, 0xfe, 0xff, 0xfe, 
	0xff, 0xff, 0xff, 0xff, 0xf7, 0xbd, 0xef, 0x7b, 
	0xef, 0x7b, 0xd6, 0xb5, 0x00, 0x00, 0x00, 0x00, 
	0x00, 0x00, 0x00, 0x00, 0x00, 0x00, 0x00, 0x00, 
	0x00, 0x00, 0x00, 0x00, 0xff, 0xfe, 0xff, 0xfe, 
	0xff, 0xfe, 0xe7, 0x39, 0xe7, 0x39, 0xff, 0xfe, 
	0xff, 0xfe, 0xde, 0xf7, 0x00, 0x00, 0x00, 0x00, 
	0x00, 0x00, 0x00, 0x00, 0x00, 0x00, 0x00, 0x00, 
	0x00, 0x00, 0x00, 0x00, 0x00, 0x00, 0xff, 0xfe, 
	0xff, 0xfe, 0xff, 0xfe, 0xe7, 0x39, 0xe7, 0x39, 
	0xde, 0xf7, 0xff, 0xfe, 0x00, 0x00, 0x00, 0x00, 
	0x00, 0x00, 0x00, 0x00, 0x00, 0x00, 0x00, 0x00, 
	0x00, 0x00, 0x00, 0x00, 0x00, 0x00, 0x00, 0x00, 
	0x00, 0x00, 0x00, 0x00, 0x00, 0x00, 0x00, 0x00, 
	0x00, 0x00, 0x00, 0x00, 0x00, 0x00, 0x00, 0x00, 
	0x00, 0x00, 0x00, 0x00, 0x00, 0x00, 0x00, 0x00, 
	0x00, 0x00, 0x00, 0x00, 0x00, 0x00, 0x00, 0x00, 
	0x00, 0x00, 0x00, 0x00, 0x00, 0x00, 0x00, 0x00, 
	0x00, 0x00, 0x00, 0x00, 0x00, 0x00, 0x00, 0x00, 
	0x00, 0x00, 0x00, 0x00, 0x00, 0x00, 0x00, 0x00, 
	0x00, 0x00, 0x00, 0x00, 0x00, 0x00, 0x00, 0x00, 
	0x00, 0x00, 0x00, 0x00, 0x00, 0x00, 0x00, 0x00, 
	0x00, 0x00, 0x00, 0x00, 0x00, 0x00, 0x00, 0x00, 
	
};

Gfx micons_ice_rgba16_aligner[] = {gsSPEndDisplayList()};
u8 micons_ice_rgba16[] = {
	0x04, 0xa4, 0x03, 0xde, 0x03, 0xde, 0x03, 0xde, 
	0x03, 0xde, 0x03, 0xde, 0x03, 0xde, 0x03, 0xde, 
	0x03, 0xde, 0x03, 0xde, 0x03, 0xde, 0x03, 0xde, 
	0x03, 0xde, 0x03, 0xde, 0x02, 0x10, 0x00, 0x00, 
	0x04, 0xe6, 0x05, 0x28, 0x05, 0x26, 0x05, 0x26, 
	0x05, 0x26, 0x05, 0x26, 0x05, 0x26, 0x05, 0x26, 
	0x05, 0x26, 0x05, 0x26, 0x05, 0x26, 0x05, 0x26, 
	0x05, 0x26, 0x04, 0xe4, 0x04, 0xa2, 0x01, 0xcc, 
	0x04, 0xe6, 0x05, 0x28, 0x05, 0x28, 0x05, 0x28, 
	0x05, 0x28, 0x05, 0x28, 0x05, 0x28, 0x05, 0x28, 
	0x05, 0x28, 0x05, 0x28, 0x05, 0x28, 0x05, 0x28, 
	0x05, 0x28, 0x05, 0x26, 0x04, 0xe4, 0x04, 0xa2, 
	0x04, 0x1e, 0x05, 0x28, 0x05, 0x28, 0x05, 0x28, 
	0x05, 0x28, 0x05, 0x28, 0x05, 0x28, 0x05, 0x28, 
	0x05, 0x28, 0xf7, 0xbd, 0xef, 0x7b, 0xe7, 0x39, 
	0xd6, 0xb5, 0x05, 0x28, 0x05, 0x26, 0x04, 0x60, 
	0x00, 0x00, 0x03, 0xdc, 0x05, 0x26, 0x05, 0x26, 
	0x05, 0x28, 0x05, 0x28, 0x05, 0x28, 0xf7, 0xbd, 
	0xf7, 0xbd, 0x06, 0xbf, 0x06, 0xbf, 0x06, 0x7d, 
	0x05, 0xb7, 0xc6, 0x31, 0x05, 0x26, 0x04, 0x60, 
	0x00, 0x00, 0x00, 0x00, 0x03, 0xdc, 0x03, 0x16, 
	0x05, 0x26, 0x05, 0x28, 0xf7, 0xbd, 0x06, 0xbf, 
	0xff, 0xff, 0xff, 0xff, 0xff, 0xff, 0xff, 0xff, 
	0xe7, 0x39, 0xc6, 0x31, 0x05, 0x26, 0x04, 0xa4, 
	0x00, 0x00, 0x00, 0x00, 0x00, 0x00, 0x00, 0x00, 
	0x04, 0xe4, 0x05, 0x28, 0x05, 0x28, 0xff, 0xff, 
	0x26, 0xff, 0xff, 0xff, 0x26, 0xbf, 0x06, 0xbf, 
	0xcf, 0x3b, 0x05, 0xb5, 0xbd, 0xef, 0x05, 0x26, 
	0x00, 0x00, 0x00, 0x00, 0x00, 0x00, 0x00, 0x00, 
	0x04, 0xe6, 0x05, 0x28, 0xf7, 0xbd, 0x06, 0xbf, 
	0x77, 0x7f, 0xff, 0xff, 0x16, 0xbf, 0xd7, 0x7d, 
	0x06, 0x3b, 0x05, 0x73, 0xad, 0x6b, 0x05, 0x28, 
	0x00, 0x00, 0x00, 0x00, 0x00, 0x00, 0x00, 0x00, 
	0x04, 0xe6, 0x05, 0x28, 0xf7, 0xbd, 0x06, 0xbf, 
	0xff, 0xff, 0x16, 0xbf, 0xdf, 0xbf, 0x06, 0x7d, 
	0x05, 0xf7, 0xb5, 0xad, 0x05, 0x28, 0x05, 0x28, 
	0x00, 0x00, 0x00, 0x00, 0x00, 0x00, 0x00, 0x00, 
	0x05, 0x26, 0x05, 0x28, 0xe7, 0x39, 0x06, 0x39, 
	0xef, 0x7b, 0x06, 0x7d, 0x06, 0xbd, 0xd7, 0x3d, 
	0x05, 0xb5, 0xad, 0x6b, 0x05, 0x28, 0x05, 0x26, 
	0x00, 0x00, 0x00, 0x00, 0x04, 0xa2, 0x04, 0x1e, 
	0x05, 0x28, 0x05, 0x28, 0x05, 0x28, 0xce, 0x73, 
	0xce, 0x73, 0x05, 0xf7, 0xc6, 0xf9, 0x05, 0xb7, 
	0x04, 0xef, 0xa5, 0x29, 0x05, 0x26, 0x04, 0xa2, 
	0x00, 0x00, 0x04, 0xa2, 0x05, 0x28, 0x05, 0x28, 
	0x05, 0x28, 0x05, 0x28, 0x05, 0x28, 0x05, 0x28, 
	0x05, 0x28, 0xce, 0x73, 0xbd, 0xef, 0xb5, 0xad, 
	0xa5, 0x29, 0x05, 0x28, 0x05, 0x26, 0x04, 0x60, 
	0x04, 0xa4, 0x05, 0x28, 0x05, 0x28, 0x05, 0x28, 
	0x05, 0x28, 0x05, 0x28, 0x05, 0x28, 0x05, 0x28, 
	0x05, 0x28, 0x05, 0x28, 0x05, 0x28, 0x05, 0x28, 
	0x05, 0x28, 0x05, 0x28, 0x05, 0x26, 0x04, 0x20, 
	0x04, 0xe6, 0x05, 0x28, 0x05, 0x28, 0x05, 0x26, 
	0x05, 0x26, 0x05, 0x26, 0x05, 0x26, 0x05, 0x26, 
	0x05, 0x26, 0x05, 0x26, 0x05, 0x26, 0x05, 0x26, 
	0x05, 0x26, 0x05, 0x26, 0x04, 0xa2, 0x04, 0x20, 
	0x04, 0xe6, 0x05, 0x28, 0x04, 0xa4, 0x04, 0xa4, 
	0x04, 0xa4, 0x04, 0xa4, 0x04, 0xa4, 0x04, 0xa4, 
	0x04, 0xa4, 0x04, 0xa4, 0x04, 0xa4, 0x04, 0xa4, 
	0x04, 0xa4, 0x04, 0xa2, 0x04, 0x20, 0x00, 0x40, 
	0x04, 0x1e, 0x02, 0xd4, 0x02, 0xd4, 0x02, 0xd4, 
	0x02, 0xd4, 0x02, 0xd4, 0x02, 0xd4, 0x02, 0xd4, 
	0x02, 0xd4, 0x02, 0xd4, 0x02, 0xd4, 0x02, 0xd4, 
	0x02, 0xd4, 0x02, 0xd4, 0x00, 0xc4, 0x00, 0x00, 
	
};

Gfx micons_stop_rgba16_aligner[] = {gsSPEndDisplayList()};
u8 micons_stop_rgba16[] = {
	0xef, 0x7a, 0xd6, 0xb4, 0xd6, 0xb4, 0xd6, 0xb4, 
	0xd6, 0xb4, 0xd6, 0xb4, 0xd6, 0xb4, 0xd6, 0xb4, 
	0xd6, 0xb4, 0xd6, 0xb4, 0xd6, 0xb4, 0xd6, 0xb4, 
	0xd6, 0xb4, 0xd6, 0xb4, 0x9c, 0xe6, 0x00, 0x00, 
	0xf7, 0xbc, 0xff, 0xfe, 0xff, 0xfe, 0xff, 0xfe, 
	0xff, 0xfe, 0xff, 0xfe, 0xff, 0xfe, 0xff, 0xfe, 
	0xff, 0xfe, 0xff, 0xfe, 0xff, 0xfe, 0xff, 0xfe, 
	0xff, 0xfe, 0xf7, 0xbc, 0xe7, 0x38, 0x94, 0xa4, 
	0xf7, 0xbc, 0xff, 0xfe, 0xff, 0xfe, 0xff, 0xfe, 
	0xff, 0xfe, 0xff, 0xfe, 0xff, 0xfe, 0xff, 0xfe, 
	0xff, 0xfe, 0xff, 0xfe, 0xff, 0xfe, 0xff, 0xfe, 
	0xff, 0xfe, 0xff, 0xfe, 0xef, 0x7a, 0xe7, 0x38, 
	0xde, 0xf6, 0xff, 0xfe, 0xff, 0xfe, 0xff, 0xfe, 
	0xff, 0xfe, 0xff, 0xfe, 0xff, 0xfe, 0xff, 0xfe, 
	0xff, 0xfe, 0xff, 0xfe, 0xff, 0xfe, 0xef, 0x7b, 
	0xff, 0xfe, 0xff, 0xfe, 0xf7, 0xbc, 0xe7, 0x38, 
	0x00, 0x00, 0xd6, 0xb4, 0xff, 0xfe, 0xf7, 0xbc, 
	0xff, 0xfe, 0xff, 0xfe, 0xff, 0xfe, 0xff, 0xfe, 
	0xff, 0xfe, 0xf7, 0xbd, 0xbd, 0xef, 0xf7, 0xbd, 
	0xad, 0x6b, 0xce, 0x73, 0xf7, 0xbc, 0xe7, 0x38, 
	0x00, 0x00, 0x00, 0x00, 0xd6, 0xb4, 0xb5, 0xac, 
	0xff, 0xfe, 0xff, 0xfe, 0xff, 0xfe, 0xff, 0xfe, 
	0xff, 0xfe, 0xff, 0xff, 0xc6, 0x31, 0xff, 0xff, 
	0xb5, 0xad, 0xbd, 0xef, 0xff, 0xfe, 0xef, 0x7a, 
	0x00, 0x00, 0x00, 0x00, 0x00, 0x00, 0x00, 0x00, 
	0xf7, 0xbc, 0xff, 0xfe, 0xff, 0xfe, 0xff, 0xff, 
	0xbd, 0xef, 0xff, 0xff, 0xff, 0xff, 0xff, 0xff, 
	0xad, 0x6b, 0xb5, 0xad, 0xff, 0xfe, 0xff, 0xfe, 
	0x00, 0x00, 0x00, 0x00, 0x00, 0x00, 0x00, 0x00, 
	0xf7, 0xbc, 0xff, 0xfe, 0xff, 0xfe, 0xf7, 0xbd, 
	0xc6, 0x31, 0xff, 0xff, 0xff, 0xff, 0xff, 0xff, 
	0xe7, 0x39, 0xc6, 0x31, 0xff, 0xfe, 0xff, 0xfe, 
	0x00, 0x00, 0x00, 0x00, 0x00, 0x00, 0x00, 0x00, 
	0xf7, 0xbc, 0xff, 0xfe, 0xff, 0xfe, 0xef, 0x7b, 
	0xff, 0xff, 0xff, 0xff, 0xff, 0xff, 0xff, 0xff, 
	0xef, 0x7b, 0xe7, 0x39, 0xad, 0x6b, 0xd6, 0xb5, 
	0x00, 0x00, 0x00, 0x00, 0x00, 0x00, 0x00, 0x00, 
	0xf7, 0xbc, 0xff, 0xfe, 0xff, 0xfe, 0xe7, 0x39, 
	0xe7, 0x39, 0xf7, 0xbd, 0xff, 0xff, 0xf7, 0xbd, 
	0xf7, 0xbd, 0xef, 0x7b, 0xd6, 0xb5, 0xb5, 0xad, 
	0x00, 0x00, 0x00, 0x00, 0xef, 0x7a, 0xde, 0xf6, 
	0xff, 0xfe, 0xff, 0xfe, 0xff, 0xfe, 0xff, 0xfe, 
	0xd6, 0xb5, 0xde, 0xf7, 0xe7, 0x39, 0xde, 0xf7, 
	0xde, 0xf7, 0xbd, 0xef, 0x9c, 0xe7, 0xef, 0x7a, 
	0x00, 0x00, 0xef, 0x7a, 0xff, 0xfe, 0xff, 0xfe, 
	0xff, 0xfe, 0xff, 0xfe, 0xff, 0xfe, 0xff, 0xfe, 
	0xff, 0xfe, 0xce, 0x73, 0xbd, 0xef, 0xbd, 0xef, 
	0xb5, 0xad, 0xa5, 0x29, 0xf7, 0xbc, 0xde, 0xf6, 
	0xef, 0x7a, 0xff, 0xfe, 0xff, 0xfe, 0xff, 0xfe, 
	0xff, 0xfe, 0xff, 0xfe, 0xff, 0xfe, 0xff, 0xfe, 
	0xff, 0xfe, 0xff, 0xfe, 0xff, 0xfe, 0xff, 0xfe, 
	0xff, 0xfe, 0xff, 0xfe, 0xf7, 0xbc, 0xde, 0xf6, 
	0xf7, 0xbc, 0xff, 0xfe, 0xff, 0xfe, 0xff, 0xfe, 
	0xff, 0xfe, 0xff, 0xfe, 0xff, 0xfe, 0xff, 0xfe, 
	0xff, 0xfe, 0xff, 0xfe, 0xff, 0xfe, 0xff, 0xfe, 
	0xff, 0xfe, 0xf7, 0xbc, 0xe7, 0x38, 0xde, 0xf6, 
	0xf7, 0xbc, 0xff, 0xfe, 0xef, 0x7a, 0xef, 0x7a, 
	0xef, 0x7a, 0xef, 0x7a, 0xef, 0x7a, 0xef, 0x7a, 
	0xef, 0x7a, 0xef, 0x7a, 0xef, 0x7a, 0xef, 0x7a, 
	0xef, 0x7a, 0xe7, 0x38, 0xde, 0xf6, 0x63, 0x18, 
	0xde, 0xf6, 0xb5, 0xac, 0xb5, 0xac, 0xb5, 0xac, 
	0xb5, 0xac, 0xb5, 0xac, 0xb5, 0xac, 0xb5, 0xac, 
	0xb5, 0xac, 0xb5, 0xac, 0xb5, 0xac, 0xb5, 0xac, 
	0xb5, 0xac, 0xb5, 0xac, 0x6b, 0x5a, 0x00, 0x00, 
	
};

Gfx micons_if_rgba16_aligner[] = {gsSPEndDisplayList()};
u8 micons_if_rgba16[] = {
	0x04, 0xa4, 0x03, 0xde, 0x03, 0xde, 0x03, 0xde, 
	0x03, 0xde, 0x03, 0xde, 0x03, 0xde, 0x03, 0xde, 
	0x03, 0xde, 0x03, 0xde, 0x03, 0xde, 0x03, 0xde, 
	0x03, 0xde, 0x03, 0xde, 0x02, 0x10, 0x00, 0x00, 
	0x04, 0xe6, 0x05, 0x28, 0x05, 0x26, 0x05, 0x26, 
	0x05, 0x26, 0x05, 0x26, 0x05, 0x26, 0x05, 0x26, 
	0x05, 0x26, 0x05, 0x26, 0x05, 0x26, 0x05, 0x26, 
	0x05, 0x26, 0x04, 0xe4, 0x04, 0xa2, 0x01, 0xcc, 
	0x04, 0xe6, 0x05, 0x28, 0x05, 0x28, 0x05, 0x28, 
	0x05, 0x28, 0x05, 0x28, 0x05, 0x28, 0x05, 0x28, 
	0x05, 0x28, 0x05, 0x28, 0x05, 0x28, 0x05, 0x28, 
	0x05, 0x28, 0x05, 0x26, 0xff, 0xff, 0x04, 0xa2, 
	0x04, 0x1e, 0x05, 0x28, 0x05, 0x28, 0x05, 0x28, 
	0x05, 0x28, 0x05, 0x28, 0x05, 0x28, 0x05, 0x28, 
	0x05, 0x28, 0x05, 0x28, 0x05, 0x28, 0x05, 0x28, 
	0x05, 0x28, 0xff, 0xff, 0x05, 0x26, 0x04, 0x60, 
	0x00, 0x00, 0x03, 0xdc, 0x05, 0x26, 0x05, 0x26, 
	0x05, 0x28, 0x05, 0x28, 0x05, 0x28, 0x05, 0x28, 
	0x05, 0x28, 0x05, 0x28, 0x05, 0x28, 0x05, 0x28, 
	0xff, 0xff, 0x05, 0x28, 0x05, 0x26, 0x04, 0x60, 
	0x00, 0x00, 0x00, 0x00, 0x03, 0xdc, 0x03, 0x16, 
	0x05, 0x26, 0x05, 0x28, 0x05, 0x28, 0x05, 0x28, 
	0x05, 0x28, 0x05, 0x28, 0x05, 0x28, 0x05, 0x28, 
	0xff, 0xff, 0x05, 0x28, 0x05, 0x26, 0x04, 0xa4, 
	0x00, 0x00, 0x00, 0x00, 0x00, 0x00, 0x00, 0x00, 
	0x04, 0xe4, 0x05, 0x28, 0x05, 0x28, 0x05, 0x28, 
	0x05, 0x28, 0x05, 0x28, 0x05, 0x28, 0x05, 0x28, 
	0xff, 0xff, 0x05, 0x28, 0x05, 0x28, 0x05, 0x26, 
	0x00, 0x00, 0x00, 0x00, 0x00, 0x00, 0x00, 0x00, 
	0x04, 0xe6, 0x05, 0x28, 0xff, 0xff, 0x05, 0x28, 
	0x05, 0x28, 0xff, 0xff, 0x05, 0x28, 0xff, 0xff, 
	0x05, 0x28, 0x05, 0x28, 0x05, 0x28, 0x05, 0x28, 
	0x00, 0x00, 0x00, 0x00, 0x00, 0x00, 0x00, 0x00, 
	0x04, 0xe6, 0x05, 0x28, 0x05, 0x28, 0x05, 0x28, 
	0xff, 0xff, 0x05, 0x28, 0x05, 0x28, 0x05, 0x28, 
	0xff, 0xff, 0x05, 0x28, 0x05, 0x28, 0x05, 0x28, 
	0x00, 0x00, 0x00, 0x00, 0x00, 0x00, 0x00, 0x00, 
	0x05, 0x26, 0x05, 0x28, 0xff, 0xff, 0x05, 0x28, 
	0xff, 0xff, 0xff, 0xff, 0x05, 0x28, 0x05, 0x28, 
	0xff, 0xff, 0x05, 0x28, 0x05, 0x28, 0x05, 0x26, 
	0x00, 0x00, 0x00, 0x00, 0x04, 0xa2, 0x04, 0x1e, 
	0x05, 0x28, 0x05, 0x28, 0xff, 0xff, 0x05, 0x28, 
	0xff, 0xff, 0x05, 0x28, 0x05, 0x28, 0x05, 0x28, 
	0xff, 0xff, 0x05, 0x28, 0x05, 0x26, 0x04, 0xa2, 
	0x00, 0x00, 0x04, 0xa2, 0x05, 0x28, 0x05, 0x28, 
	0x05, 0x28, 0x05, 0x28, 0xff, 0xff, 0x05, 0x28, 
	0xff, 0xff, 0x05, 0x28, 0x05, 0x28, 0x05, 0x28, 
	0x05, 0x28, 0xff, 0xff, 0x05, 0x26, 0x04, 0x60, 
	0x04, 0xa4, 0x05, 0x28, 0x05, 0x28, 0x05, 0x28, 
	0x05, 0x28, 0x05, 0x28, 0xff, 0xff, 0x05, 0x28, 
	0xff, 0xff, 0x05, 0x28, 0x05, 0x28, 0x05, 0x28, 
	0x05, 0x28, 0x05, 0x28, 0xff, 0xff, 0x04, 0x20, 
	0x04, 0xe6, 0x05, 0x28, 0x05, 0x28, 0x05, 0x26, 
	0x05, 0x26, 0x05, 0x26, 0x05, 0x26, 0x05, 0x26, 
	0x05, 0x26, 0x05, 0x26, 0x05, 0x26, 0x05, 0x26, 
	0x05, 0x26, 0x05, 0x26, 0x04, 0xa2, 0x04, 0x20, 
	0x04, 0xe6, 0x05, 0x28, 0x04, 0xa4, 0x04, 0xa4, 
	0x04, 0xa4, 0x04, 0xa4, 0x04, 0xa4, 0x04, 0xa4, 
	0x04, 0xa4, 0x04, 0xa4, 0x04, 0xa4, 0x04, 0xa4, 
	0x04, 0xa4, 0x04, 0xa2, 0x04, 0x20, 0x00, 0x40, 
	0x04, 0x1e, 0x02, 0xd4, 0x02, 0xd4, 0x02, 0xd4, 
	0x02, 0xd4, 0x02, 0xd4, 0x02, 0xd4, 0x02, 0xd4, 
	0x02, 0xd4, 0x02, 0xd4, 0x02, 0xd4, 0x02, 0xd4, 
	0x02, 0xd4, 0x02, 0xd4, 0x00, 0xc4, 0x00, 0x00, 
	
};

Gfx micons_endblock_rgba16_aligner[] = {gsSPEndDisplayList()};
u8 micons_endblock_rgba16[] = {
	0x04, 0xa4, 0x03, 0xde, 0x03, 0xde, 0x03, 0xde, 
	0x03, 0xde, 0x03, 0xde, 0x03, 0xde, 0x03, 0xde, 
	0x03, 0xde, 0x03, 0xde, 0x03, 0xde, 0x03, 0xde, 
	0x03, 0xde, 0x03, 0xde, 0x02, 0x10, 0x00, 0x00, 
	0x04, 0xe6, 0x05, 0x28, 0x05, 0x26, 0x05, 0x26, 
	0x05, 0x26, 0x05, 0x26, 0x05, 0x26, 0x05, 0x26, 
	0x05, 0x26, 0x05, 0x26, 0x05, 0x26, 0x05, 0x26, 
	0x05, 0x26, 0x04, 0xe4, 0x04, 0xa2, 0x01, 0xcc, 
	0x04, 0xe6, 0x05, 0x28, 0x05, 0x28, 0x05, 0x28, 
	0x05, 0x28, 0xff, 0xff, 0x05, 0x28, 0x05, 0x28, 
	0x05, 0x28, 0x05, 0x28, 0x05, 0x28, 0x05, 0x28, 
	0x05, 0x28, 0x05, 0x26, 0x04, 0xe4, 0x04, 0xa2, 
	0x04, 0x1e, 0x05, 0x28, 0x05, 0x28, 0x05, 0x28, 
	0x05, 0x28, 0x05, 0x28, 0xff, 0xff, 0x05, 0x28, 
	0x05, 0x28, 0x05, 0x28, 0x05, 0x28, 0x05, 0x28, 
	0x05, 0x28, 0x05, 0x28, 0x05, 0x26, 0x04, 0x60, 
	0x00, 0x00, 0x03, 0xdc, 0x05, 0x26, 0x05, 0x26, 
	0x05, 0x28, 0x05, 0x28, 0x05, 0x28, 0xff, 0xff, 
	0x05, 0x28, 0x05, 0x28, 0x05, 0x28, 0x05, 0x28, 
	0x05, 0x28, 0x05, 0x28, 0x05, 0x26, 0x04, 0x60, 
	0x00, 0x00, 0x00, 0x00, 0x03, 0xdc, 0x03, 0x16, 
	0x05, 0x26, 0x05, 0x28, 0x05, 0x28, 0xff, 0xff, 
	0x05, 0x28, 0x05, 0x28, 0x05, 0x28, 0x05, 0x28, 
	0x05, 0x28, 0x05, 0x28, 0x05, 0x26, 0x04, 0xa4, 
	0x00, 0x00, 0x00, 0x00, 0x00, 0x00, 0x00, 0x00, 
	0x04, 0xe4, 0x05, 0x28, 0x05, 0x28, 0xff, 0xff, 
	0x05, 0x28, 0x05, 0x28, 0x05, 0x28, 0x05, 0x28, 
	0x05, 0x28, 0x05, 0x28, 0x05, 0x28, 0x05, 0x26, 
	0x00, 0x00, 0x00, 0x00, 0x00, 0x00, 0x00, 0x00, 
	0x04, 0xe6, 0x05, 0x28, 0x05, 0x28, 0x05, 0x28, 
	0xff, 0xff, 0x05, 0x28, 0x05, 0x28, 0x05, 0x28, 
	0x05, 0x28, 0x05, 0x28, 0x05, 0x28, 0x05, 0x28, 
	0x00, 0x00, 0x00, 0x00, 0x00, 0x00, 0x00, 0x00, 
	0x04, 0xe6, 0x05, 0x28, 0x05, 0x28, 0xff, 0xff, 
	0x05, 0x28, 0x05, 0x28, 0x05, 0x28, 0x05, 0x28, 
	0x05, 0x28, 0x05, 0x28, 0x05, 0x28, 0x05, 0x28, 
	0x00, 0x00, 0x00, 0x00, 0x00, 0x00, 0x00, 0x00, 
	0x05, 0x26, 0x05, 0x28, 0x05, 0x28, 0xff, 0xff, 
	0x05, 0x28, 0x05, 0x28, 0x05, 0x28, 0x05, 0x28, 
	0x05, 0x28, 0x05, 0x28, 0x05, 0x28, 0x05, 0x26, 
	0x00, 0x00, 0x00, 0x00, 0x04, 0xa2, 0x04, 0x1e, 
	0x05, 0x28, 0x05, 0x28, 0x05, 0x28, 0xff, 0xff, 
	0x05, 0x28, 0x05, 0x28, 0x05, 0x28, 0x05, 0x28, 
	0x05, 0x28, 0x05, 0x28, 0x05, 0x26, 0x04, 0xa2, 
	0x00, 0x00, 0x04, 0xa2, 0x05, 0x28, 0x05, 0x28, 
	0x05, 0x28, 0x05, 0x28, 0xff, 0xff, 0x05, 0x28, 
	0x05, 0x28, 0x05, 0x28, 0x05, 0x28, 0x05, 0x28, 
	0x05, 0x28, 0x05, 0x28, 0x05, 0x26, 0x04, 0x60, 
	0x04, 0xa4, 0x05, 0x28, 0x05, 0x28, 0x05, 0x28, 
	0x05, 0x28, 0xff, 0xff, 0x05, 0x28, 0x05, 0x28, 
	0x05, 0x28, 0x05, 0x28, 0x05, 0x28, 0x05, 0x28, 
	0x05, 0x28, 0x05, 0x28, 0x05, 0x26, 0x04, 0x20, 
	0x04, 0xe6, 0x05, 0x28, 0x05, 0x28, 0x05, 0x26, 
	0x05, 0x26, 0x05, 0x26, 0x05, 0x26, 0x05, 0x26, 
	0x05, 0x26, 0x05, 0x26, 0x05, 0x26, 0x05, 0x26, 
	0x05, 0x26, 0x05, 0x26, 0x04, 0xa2, 0x04, 0x20, 
	0x04, 0xe6, 0x05, 0x28, 0x04, 0xa4, 0x04, 0xa4, 
	0x04, 0xa4, 0x04, 0xa4, 0x04, 0xa4, 0x04, 0xa4, 
	0x04, 0xa4, 0x04, 0xa4, 0x04, 0xa4, 0x04, 0xa4, 
	0x04, 0xa4, 0x04, 0xa2, 0x04, 0x20, 0x00, 0x40, 
	0x04, 0x1e, 0x02, 0xd4, 0x02, 0xd4, 0x02, 0xd4, 
	0x02, 0xd4, 0x02, 0xd4, 0x02, 0xd4, 0x02, 0xd4, 
	0x02, 0xd4, 0x02, 0xd4, 0x02, 0xd4, 0x02, 0xd4, 
	0x02, 0xd4, 0x02, 0xd4, 0x00, 0xc4, 0x00, 0x00, 
	
};

Gfx micons_shotgun_rgba16_aligner[] = {gsSPEndDisplayList()};
u8 micons_shotgun_rgba16[] = {
	0x04, 0xa4, 0x03, 0xde, 0x03, 0xde, 0x03, 0xde, 
	0x03, 0xde, 0x03, 0xde, 0x03, 0xde, 0x03, 0xde, 
	0x03, 0xde, 0x03, 0xde, 0x03, 0xde, 0x03, 0xde, 
	0x03, 0xde, 0x03, 0xde, 0x02, 0x10, 0x00, 0x00, 
	0x04, 0xe6, 0x05, 0x28, 0x05, 0x26, 0x05, 0x26, 
	0x05, 0x26, 0x05, 0x26, 0x05, 0x26, 0x05, 0x26, 
	0x05, 0x26, 0x05, 0x26, 0x05, 0x26, 0x05, 0x26, 
	0x05, 0x26, 0x04, 0xe4, 0x04, 0xa2, 0x01, 0xcc, 
	0x04, 0xe6, 0x05, 0x28, 0x05, 0x28, 0x05, 0x28, 
	0x05, 0x28, 0x05, 0x28, 0x05, 0x28, 0x05, 0x28, 
	0x05, 0x28, 0x05, 0x28, 0x05, 0x28, 0x05, 0x28, 
	0x05, 0x28, 0x05, 0x26, 0x04, 0xe4, 0x04, 0xa2, 
	0x04, 0x1e, 0x05, 0x28, 0x05, 0x28, 0x05, 0x28, 
	0x05, 0x28, 0x05, 0x28, 0x05, 0x28, 0x05, 0x28, 
	0x05, 0x28, 0x05, 0x28, 0x05, 0x28, 0xff, 0xff, 
	0xff, 0xff, 0x05, 0x28, 0x05, 0x26, 0x04, 0x60, 
	0x00, 0x00, 0x03, 0xdc, 0x05, 0x26, 0x05, 0x26, 
	0x05, 0x28, 0x05, 0x28, 0x05, 0x28, 0x05, 0x28, 
	0x05, 0x28, 0x05, 0x28, 0x05, 0x28, 0x00, 0x01, 
	0x18, 0xc7, 0x5a, 0xd7, 0x00, 0x01, 0x04, 0x60, 
	0x00, 0x00, 0x00, 0x00, 0x03, 0xdc, 0x03, 0x16, 
	0x05, 0x26, 0x05, 0x28, 0x05, 0x28, 0x05, 0x28, 
	0x05, 0x28, 0x05, 0x28, 0x63, 0x19, 0x18, 0xc7, 
	0x00, 0x01, 0x52, 0x95, 0x00, 0x01, 0x04, 0xa4, 
	0x00, 0x00, 0x00, 0x00, 0x00, 0x00, 0x00, 0x00, 
	0x04, 0xe4, 0x05, 0x28, 0x05, 0x28, 0x05, 0x28, 
	0x05, 0x28, 0x5a, 0xd7, 0xab, 0xd9, 0x52, 0x95, 
	0x00, 0x01, 0x29, 0x4b, 0x52, 0x95, 0x05, 0x26, 
	0x00, 0x00, 0x00, 0x00, 0x00, 0x00, 0x00, 0x00, 
	0x04, 0xe6, 0x05, 0x28, 0x05, 0x28, 0x05, 0x28, 
	0x63, 0x19, 0x6a, 0x93, 0xab, 0x11, 0x71, 0x47, 
	0x8a, 0x0b, 0x05, 0x28, 0x05, 0x28, 0x05, 0x28, 
	0x00, 0x00, 0x00, 0x00, 0x00, 0x00, 0x00, 0x00, 
	0x04, 0xe6, 0x05, 0x28, 0x05, 0x28, 0x63, 0x19, 
	0x39, 0xcf, 0x31, 0x8d, 0x52, 0x95, 0x05, 0x28, 
	0x05, 0x28, 0x05, 0x28, 0x05, 0x28, 0x05, 0x28, 
	0x00, 0x00, 0x00, 0x00, 0x00, 0x00, 0x00, 0x00, 
	0x05, 0x26, 0x05, 0x28, 0xfe, 0x67, 0x9a, 0x8d, 
	0x8b, 0xdf, 0x05, 0x28, 0x05, 0x28, 0x05, 0x28, 
	0x05, 0x28, 0x05, 0x28, 0x05, 0x28, 0x05, 0x26, 
	0x00, 0x00, 0x00, 0x00, 0x04, 0xa2, 0x04, 0x1e, 
	0x05, 0x28, 0xed, 0x1d, 0xbb, 0x51, 0x71, 0x47, 
	0x05, 0x28, 0x05, 0x28, 0x05, 0x28, 0x05, 0x28, 
	0x05, 0x28, 0x05, 0x28, 0x05, 0x26, 0x04, 0xa2, 
	0x00, 0x00, 0x04, 0xa2, 0x05, 0x28, 0x05, 0x28, 
	0x05, 0x28, 0xdc, 0x59, 0x8a, 0x09, 0x58, 0xc3, 
	0x05, 0x28, 0x05, 0x28, 0x05, 0x28, 0x05, 0x28, 
	0x05, 0x28, 0x05, 0x28, 0x05, 0x26, 0x04, 0x60, 
	0x04, 0xa4, 0x05, 0x28, 0x05, 0x28, 0x05, 0x28, 
	0x05, 0x28, 0xbb, 0x51, 0x71, 0x47, 0x05, 0x28, 
	0x05, 0x28, 0x05, 0x28, 0x05, 0x28, 0x05, 0x28, 
	0x05, 0x28, 0x05, 0x28, 0x05, 0x26, 0x04, 0x20, 
	0x04, 0xe6, 0x05, 0x28, 0x05, 0x28, 0x05, 0x26, 
	0x05, 0x26, 0x05, 0x26, 0x05, 0x26, 0x05, 0x26, 
	0x05, 0x26, 0x05, 0x26, 0x05, 0x26, 0x05, 0x26, 
	0x05, 0x26, 0x05, 0x26, 0x04, 0xa2, 0x04, 0x20, 
	0x04, 0xe6, 0x05, 0x28, 0x04, 0xa4, 0x04, 0xa4, 
	0x04, 0xa4, 0x04, 0xa4, 0x04, 0xa4, 0x04, 0xa4, 
	0x04, 0xa4, 0x04, 0xa4, 0x04, 0xa4, 0x04, 0xa4, 
	0x04, 0xa4, 0x04, 0xa2, 0x04, 0x20, 0x00, 0x40, 
	0x04, 0x1e, 0x02, 0xd4, 0x02, 0xd4, 0x02, 0xd4, 
	0x02, 0xd4, 0x02, 0xd4, 0x02, 0xd4, 0x02, 0xd4, 
	0x02, 0xd4, 0x02, 0xd4, 0x02, 0xd4, 0x02, 0xd4, 
	0x02, 0xd4, 0x02, 0xd4, 0x00, 0xc4, 0x00, 0x00, 
	
};

Gfx micons_p__rgba16_aligner[] = {gsSPEndDisplayList()};
u8 micons_p__rgba16[] = {
	0xef, 0x7a, 0xd6, 0xb4, 0xd6, 0xb4, 0xd6, 0xb4, 
	0xd6, 0xb4, 0xd6, 0xb4, 0xd6, 0xb4, 0xd6, 0xb4, 
	0xd6, 0xb4, 0xd6, 0xb4, 0xd6, 0xb4, 0xd6, 0xb4, 
	0xd6, 0xb4, 0xd6, 0xb4, 0x9c, 0xe6, 0x00, 0x00, 
	0xf7, 0xbc, 0xff, 0xfe, 0xff, 0xfe, 0xff, 0xfe, 
	0xff, 0xfe, 0xff, 0xfe, 0xff, 0xfe, 0xff, 0xfe, 
	0xff, 0xfe, 0xff, 0xfe, 0xff, 0xfe, 0xff, 0xfe, 
	0xff, 0xfe, 0xf7, 0xbc, 0xe7, 0x38, 0x94, 0xa4, 
	0xf7, 0xbc, 0xff, 0xfe, 0xff, 0xfe, 0xff, 0xfe, 
	0xff, 0xfe, 0xff, 0xfe, 0xff, 0xfe, 0xff, 0xfe, 
	0xff, 0xfe, 0xff, 0xfe, 0xff, 0xfe, 0xff, 0xfe, 
	0xff, 0xfe, 0xff, 0xfe, 0xef, 0x7a, 0xe7, 0x38, 
	0xde, 0xf6, 0xff, 0xfe, 0xff, 0xfe, 0xff, 0xfe, 
	0xff, 0xfe, 0xff, 0xfe, 0xff, 0xfe, 0xff, 0xfe, 
	0xef, 0x7b, 0xde, 0xf7, 0xde, 0xf7, 0xa5, 0x29, 
	0xff, 0xfe, 0xff, 0xfe, 0xf7, 0xbc, 0xe7, 0x38, 
	0x00, 0x00, 0xd6, 0xb4, 0xff, 0xfe, 0xf7, 0xbc, 
	0xff, 0xfe, 0xff, 0xfe, 0xff, 0xfe, 0xe7, 0x39, 
	0xff, 0xff, 0xff, 0xff, 0xf7, 0xbd, 0xef, 0x7b, 
	0x9c, 0xe7, 0xff, 0xfe, 0xf7, 0xbc, 0xe7, 0x38, 
	0x00, 0x00, 0x00, 0x00, 0xd6, 0xb4, 0xb5, 0xac, 
	0xff, 0xfe, 0xff, 0xfe, 0xe7, 0x39, 0xff, 0xff, 
	0xff, 0xff, 0x00, 0x01, 0x00, 0x01, 0xf7, 0xbd, 
	0xe7, 0x39, 0x9c, 0xe7, 0xff, 0xfe, 0xef, 0x7a, 
	0x00, 0x00, 0x00, 0x00, 0x00, 0x00, 0x00, 0x00, 
	0xf7, 0xbc, 0xef, 0x7b, 0xff, 0xff, 0xff, 0xff, 
	0xff, 0xff, 0x00, 0x01, 0xff, 0xff, 0x00, 0x01, 
	0xf7, 0xbd, 0xef, 0x7b, 0x9c, 0xe7, 0xff, 0xfe, 
	0x00, 0x00, 0x00, 0x00, 0x00, 0x00, 0x00, 0x00, 
	0xf7, 0xbc, 0xef, 0x7b, 0xff, 0xff, 0xff, 0xff, 
	0xff, 0xff, 0x00, 0x01, 0x00, 0x01, 0xff, 0xff, 
	0xff, 0xff, 0xe7, 0x39, 0x8c, 0x63, 0xff, 0xfe, 
	0x00, 0x00, 0x00, 0x00, 0x00, 0x00, 0x00, 0x00, 
	0xf7, 0xbc, 0xef, 0x7b, 0xff, 0xff, 0xff, 0xff, 
	0xff, 0xff, 0x00, 0x01, 0xff, 0xff, 0xff, 0xff, 
	0xf7, 0xbd, 0xde, 0xf7, 0x8c, 0x63, 0xff, 0xfe, 
	0x00, 0x00, 0x00, 0x00, 0x00, 0x00, 0x00, 0x00, 
	0xf7, 0xbc, 0xd6, 0xb5, 0xff, 0xff, 0xff, 0xff, 
	0xff, 0xff, 0x00, 0x01, 0xff, 0xff, 0xff, 0xff, 
	0xe7, 0x39, 0xde, 0xf7, 0x6b, 0x5b, 0xff, 0xfe, 
	0x00, 0x00, 0x00, 0x00, 0xef, 0x7a, 0xde, 0xf6, 
	0xff, 0xfe, 0xff, 0xfe, 0xce, 0x73, 0xff, 0xff, 
	0xff, 0xff, 0xff, 0xff, 0xf7, 0xbd, 0xe7, 0x39, 
	0xde, 0xf7, 0x63, 0x19, 0xff, 0xfe, 0xef, 0x7a, 
	0x00, 0x00, 0xef, 0x7a, 0xff, 0xfe, 0xff, 0xfe, 
	0xff, 0xfe, 0xff, 0xfe, 0xff, 0xfe, 0xce, 0x73, 
	0xff, 0xff, 0xf7, 0xbd, 0xe7, 0x39, 0xde, 0xf7, 
	0x63, 0x19, 0xff, 0xfe, 0xf7, 0xbc, 0xde, 0xf6, 
	0xef, 0x7a, 0xff, 0xfe, 0xff, 0xfe, 0xff, 0xfe, 
	0xff, 0xfe, 0xff, 0xfe, 0xff, 0xfe, 0xff, 0xfe, 
	0xce, 0x73, 0xad, 0x6b, 0xad, 0x6b, 0x73, 0x9d, 
	0xff, 0xfe, 0xff, 0xfe, 0xf7, 0xbc, 0xde, 0xf6, 
	0xf7, 0xbc, 0xff, 0xfe, 0xff, 0xfe, 0xff, 0xfe, 
	0xff, 0xfe, 0xff, 0xfe, 0xff, 0xfe, 0xff, 0xfe, 
	0xff, 0xfe, 0xff, 0xfe, 0xff, 0xfe, 0xff, 0xfe, 
	0xff, 0xfe, 0xf7, 0xbc, 0xe7, 0x38, 0xde, 0xf6, 
	0xf7, 0xbc, 0xff, 0xfe, 0xef, 0x7a, 0xef, 0x7a, 
	0xef, 0x7a, 0xef, 0x7a, 0xef, 0x7a, 0xef, 0x7a, 
	0xef, 0x7a, 0xef, 0x7a, 0xef, 0x7a, 0xef, 0x7a, 
	0xef, 0x7a, 0xe7, 0x38, 0xde, 0xf6, 0x63, 0x18, 
	0xde, 0xf6, 0xb5, 0xac, 0xb5, 0xac, 0xb5, 0xac, 
	0xb5, 0xac, 0xb5, 0xac, 0xb5, 0xac, 0xb5, 0xac, 
	0xb5, 0xac, 0xb5, 0xac, 0xb5, 0xac, 0xb5, 0xac, 
	0xb5, 0xac, 0xb5, 0xac, 0x6b, 0x5a, 0x00, 0x00, 
	
};

Gfx micons_swapule_rgba16_aligner[] = {gsSPEndDisplayList()};
u8 micons_swapule_rgba16[] = {
	0xef, 0x7a, 0xd6, 0xb4, 0xd6, 0xb4, 0xd6, 0xb4, 
	0xd6, 0xb4, 0xd6, 0xb4, 0xd6, 0xb4, 0xd6, 0xb4, 
	0xd6, 0xb4, 0xd6, 0xb4, 0xd6, 0xb4, 0xd6, 0xb4, 
	0xd6, 0xb4, 0xd6, 0xb4, 0x9c, 0xe6, 0x00, 0x00, 
	0xf7, 0xbc, 0xff, 0xfe, 0xff, 0xfe, 0xff, 0xfe, 
	0xff, 0xfe, 0xff, 0xfe, 0xff, 0xfe, 0xff, 0xfe, 
	0xff, 0xfe, 0xff, 0xfe, 0xff, 0xfe, 0xff, 0xfe, 
	0xff, 0xfe, 0xf7, 0xbc, 0xe7, 0x38, 0x94, 0xa4, 
	0xf7, 0xbc, 0xff, 0xfe, 0xff, 0xfe, 0xff, 0xfe, 
	0xff, 0xfe, 0xff, 0xfe, 0xff, 0xfe, 0xff, 0xfe, 
	0xff, 0xfe, 0xff, 0xfe, 0xff, 0xfe, 0xff, 0xfe, 
	0xff, 0xfe, 0xff, 0xfe, 0xef, 0x7a, 0xe7, 0x38, 
	0xde, 0xf6, 0xff, 0xfe, 0xff, 0xfe, 0xff, 0xfe, 
	0xff, 0xfe, 0xff, 0xfe, 0xff, 0xfe, 0xff, 0xfe, 
	0xff, 0xfe, 0xff, 0xfe, 0xff, 0xfe, 0xff, 0xfe, 
	0xff, 0xfe, 0xff, 0xfe, 0xf7, 0xbc, 0xe7, 0x38, 
	0x00, 0x00, 0xd6, 0xb4, 0xff, 0xfe, 0xf7, 0xbc, 
	0xff, 0xfe, 0xff, 0xfe, 0xff, 0xfe, 0xff, 0xfe, 
	0xff, 0xfe, 0xff, 0xfe, 0xff, 0xfe, 0xff, 0xfe, 
	0xb5, 0xad, 0xff, 0xfe, 0xf7, 0xbc, 0xe7, 0x38, 
	0x00, 0x00, 0x00, 0x00, 0xd6, 0xb4, 0xb5, 0xac, 
	0xff, 0xfe, 0xff, 0xfe, 0xef, 0x7b, 0xd6, 0xb5, 
	0x9c, 0xe7, 0xff, 0xfe, 0xff, 0xfe, 0xd6, 0xb5, 
	0xef, 0x7b, 0x5a, 0xd7, 0xff, 0xfe, 0xef, 0x7a, 
	0x00, 0x00, 0x00, 0x00, 0x00, 0x00, 0x00, 0x00, 
	0xf7, 0xbc, 0xff, 0xfe, 0xf7, 0xbd, 0xff, 0xff, 
	0x7b, 0xdf, 0xff, 0xfe, 0xf7, 0xbd, 0xff, 0xff, 
	0xf7, 0xbd, 0xe7, 0x39, 0x8c, 0x63, 0xff, 0xfe, 
	0x00, 0x00, 0x00, 0x00, 0x00, 0x00, 0x00, 0x00, 
	0xf7, 0xbc, 0xff, 0xfe, 0xf7, 0xbd, 0xff, 0xff, 
	0x7b, 0xdf, 0xff, 0xfe, 0xff, 0xfe, 0xf7, 0xbd, 
	0xff, 0xff, 0x7b, 0xdf, 0xff, 0xfe, 0xff, 0xfe, 
	0x00, 0x00, 0x00, 0x00, 0x00, 0x00, 0x00, 0x00, 
	0xf7, 0xbc, 0xf7, 0xbd, 0xff, 0xff, 0xf7, 0xbd, 
	0xe7, 0x39, 0x8c, 0x63, 0xff, 0xfe, 0xf7, 0xbd, 
	0xff, 0xff, 0x7b, 0xdf, 0xff, 0xfe, 0xff, 0xfe, 
	0x00, 0x00, 0x00, 0x00, 0x00, 0x00, 0x00, 0x00, 
	0xf7, 0xbc, 0xff, 0xfe, 0xce, 0x73, 0xef, 0x7b, 
	0x5a, 0xd7, 0xff, 0xfe, 0xff, 0xfe, 0xef, 0x7b, 
	0xd6, 0xb5, 0x9c, 0xe7, 0xff, 0xfe, 0xff, 0xfe, 
	0x00, 0x00, 0x00, 0x00, 0xef, 0x7a, 0xde, 0xf6, 
	0xff, 0xfe, 0xff, 0xfe, 0xff, 0xfe, 0xb5, 0xad, 
	0xff, 0xfe, 0xff, 0xfe, 0xff, 0xfe, 0xff, 0xfe, 
	0xff, 0xfe, 0xff, 0xfe, 0xff, 0xfe, 0xef, 0x7a, 
	0x00, 0x00, 0xef, 0x7a, 0xff, 0xfe, 0xff, 0xfe, 
	0xff, 0xfe, 0xff, 0xfe, 0xff, 0xfe, 0xff, 0xfe, 
	0xff, 0xfe, 0xff, 0xfe, 0xff, 0xfe, 0xff, 0xfe, 
	0xff, 0xfe, 0xff, 0xfe, 0xf7, 0xbc, 0xde, 0xf6, 
	0xef, 0x7a, 0xff, 0xfe, 0xff, 0xfe, 0xff, 0xfe, 
	0xff, 0xfe, 0xff, 0xfe, 0xff, 0xfe, 0xff, 0xfe, 
	0xff, 0xfe, 0xff, 0xfe, 0xff, 0xfe, 0xff, 0xfe, 
	0xff, 0xfe, 0xff, 0xfe, 0xf7, 0xbc, 0xde, 0xf6, 
	0xf7, 0xbc, 0xff, 0xfe, 0xff, 0xfe, 0xff, 0xfe, 
	0xff, 0xfe, 0xff, 0xfe, 0xff, 0xfe, 0xff, 0xfe, 
	0xff, 0xfe, 0xff, 0xfe, 0xff, 0xfe, 0xff, 0xfe, 
	0xff, 0xfe, 0xf7, 0xbc, 0xe7, 0x38, 0xde, 0xf6, 
	0xf7, 0xbc, 0xff, 0xfe, 0xef, 0x7a, 0xef, 0x7a, 
	0xef, 0x7a, 0xef, 0x7a, 0xef, 0x7a, 0xef, 0x7a, 
	0xef, 0x7a, 0xef, 0x7a, 0xef, 0x7a, 0xef, 0x7a, 
	0xef, 0x7a, 0xe7, 0x38, 0xde, 0xf6, 0x63, 0x18, 
	0xde, 0xf6, 0xb5, 0xac, 0xb5, 0xac, 0xb5, 0xac, 
	0xb5, 0xac, 0xb5, 0xac, 0xb5, 0xac, 0xb5, 0xac, 
	0xb5, 0xac, 0xb5, 0xac, 0xb5, 0xac, 0xb5, 0xac, 
	0xb5, 0xac, 0xb5, 0xac, 0x6b, 0x5a, 0x00, 0x00, 
	
};

Gfx micons_script_rgba16_aligner[] = {gsSPEndDisplayList()};
u8 micons_script_rgba16[] = {
	0xef, 0x7a, 0xd6, 0xb4, 0xd6, 0xb4, 0xd6, 0xb4, 
	0xd6, 0xb4, 0xd6, 0xb4, 0xd6, 0xb4, 0xd6, 0xb4, 
	0xd6, 0xb4, 0xd6, 0xb4, 0xd6, 0xb4, 0xd6, 0xb4, 
	0xd6, 0xb4, 0xd6, 0xb4, 0x9c, 0xe6, 0x00, 0x00, 
	0xf7, 0xbc, 0xff, 0xfe, 0xff, 0xfe, 0xff, 0xfe, 
	0xff, 0xfe, 0xff, 0xfe, 0xff, 0xfe, 0xff, 0xfe, 
	0xff, 0xfe, 0xff, 0xfe, 0xff, 0xfe, 0xff, 0xfe, 
	0xff, 0xfe, 0xf7, 0xbc, 0xe7, 0x38, 0x94, 0xa4, 
	0xf7, 0xbc, 0xff, 0xfe, 0xff, 0xfe, 0xff, 0xfe, 
	0xff, 0xfe, 0xff, 0xfe, 0xff, 0xfe, 0xff, 0xfe, 
	0xff, 0xfe, 0xff, 0xfe, 0xff, 0xfe, 0xff, 0xfe, 
	0xff, 0xfe, 0xff, 0xfe, 0xef, 0x7a, 0xe7, 0x38, 
	0xde, 0xf6, 0xff, 0xfe, 0xff, 0xfe, 0xff, 0xfe, 
	0xff, 0xfe, 0xff, 0xfe, 0xff, 0xfe, 0xff, 0xfe, 
	0xff, 0xff, 0xff, 0xff, 0xff, 0xff, 0xff, 0xff, 
	0xff, 0xff, 0xff, 0xff, 0xef, 0x7b, 0xde, 0xf7, 
	0x00, 0x00, 0xd6, 0xb4, 0xff, 0xfe, 0xf7, 0xbc, 
	0xff, 0xfe, 0xff, 0xfe, 0xff, 0xfe, 0xff, 0xff, 
	0xff, 0xff, 0xff, 0xff, 0xff, 0xff, 0xff, 0xff, 
	0xff, 0xff, 0xef, 0x7b, 0xce, 0x73, 0xe7, 0x38, 
	0x00, 0x00, 0x00, 0x00, 0xd6, 0xb4, 0xb5, 0xac, 
	0xff, 0xfe, 0xff, 0xfe, 0xff, 0xff, 0xd6, 0xb5, 
	0xc6, 0x31, 0xbd, 0xef, 0xef, 0x7b, 0xff, 0xff, 
	0xf7, 0xbd, 0xd6, 0xb5, 0xff, 0xfe, 0xef, 0x7a, 
	0x00, 0x00, 0x00, 0x00, 0x00, 0x00, 0x00, 0x00, 
	0xf7, 0xbc, 0xff, 0xfe, 0xff, 0xff, 0xef, 0x7b, 
	0xff, 0xff, 0xef, 0x7b, 0xbd, 0xef, 0xd6, 0xb5, 
	0xef, 0x7b, 0xce, 0x73, 0xff, 0xfe, 0xff, 0xfe, 
	0x00, 0x00, 0x00, 0x00, 0x00, 0x00, 0x00, 0x00, 
	0xf7, 0xbc, 0xff, 0xfe, 0xff, 0xff, 0xff, 0xff, 
	0xff, 0xff, 0xff, 0xff, 0xff, 0xff, 0xff, 0xff, 
	0xef, 0x7b, 0xce, 0x73, 0xff, 0xfe, 0xff, 0xfe, 
	0x00, 0x00, 0x00, 0x00, 0x00, 0x00, 0x00, 0x00, 
	0xf7, 0xbc, 0xff, 0xfe, 0xff, 0xff, 0xff, 0xff, 
	0xce, 0x73, 0xbd, 0xef, 0xbd, 0xef, 0xbd, 0xef, 
	0xef, 0x7b, 0xce, 0x73, 0xff, 0xfe, 0xff, 0xfe, 
	0x00, 0x00, 0x00, 0x00, 0x00, 0x00, 0x00, 0x00, 
	0xf7, 0xbc, 0xff, 0xfe, 0xff, 0xff, 0xff, 0xff, 
	0xff, 0xff, 0xff, 0xff, 0xff, 0xff, 0xff, 0xff, 
	0xef, 0x7b, 0xce, 0x73, 0xff, 0xfe, 0xff, 0xfe, 
	0x00, 0x00, 0x00, 0x00, 0xef, 0x7a, 0xde, 0xf6, 
	0xff, 0xfe, 0xff, 0xfe, 0xff, 0xff, 0xce, 0x73, 
	0xbd, 0xef, 0xbd, 0xef, 0xff, 0xff, 0xff, 0xff, 
	0xef, 0x7b, 0xce, 0x73, 0xff, 0xfe, 0xef, 0x7a, 
	0x00, 0x00, 0xef, 0x7a, 0xff, 0xfe, 0xff, 0xfe, 
	0xff, 0xfe, 0xff, 0xfe, 0xff, 0xff, 0xde, 0xf7, 
	0xff, 0xff, 0xd6, 0xb5, 0xc6, 0x31, 0xff, 0xff, 
	0xde, 0xf7, 0xbd, 0xef, 0xf7, 0xbc, 0xde, 0xf6, 
	0xef, 0x7a, 0xff, 0xfe, 0xff, 0xfe, 0xff, 0xfe, 
	0xff, 0xfe, 0xff, 0xff, 0xff, 0xff, 0xf7, 0xbd, 
	0xf7, 0xbd, 0xf7, 0xbd, 0xf7, 0xbd, 0xde, 0xf7, 
	0xbd, 0xef, 0xff, 0xfe, 0xf7, 0xbc, 0xde, 0xf6, 
	0xf7, 0xbc, 0xff, 0xfe, 0xff, 0xfe, 0xff, 0xfe, 
	0xff, 0xff, 0xf7, 0xbd, 0xe7, 0x39, 0xde, 0xf7, 
	0xde, 0xf7, 0xde, 0xf7, 0xd6, 0xb5, 0xc6, 0x31, 
	0xff, 0xfe, 0xf7, 0xbc, 0xe7, 0x38, 0xde, 0xf6, 
	0xf7, 0xbc, 0xff, 0xfe, 0xef, 0x7a, 0xef, 0x7a, 
	0xef, 0x7a, 0xef, 0x7a, 0xef, 0x7a, 0xef, 0x7a, 
	0xef, 0x7a, 0xef, 0x7a, 0xef, 0x7a, 0xef, 0x7a, 
	0xef, 0x7a, 0xe7, 0x38, 0xde, 0xf6, 0x63, 0x18, 
	0xde, 0xf6, 0xb5, 0xac, 0xb5, 0xac, 0xb5, 0xac, 
	0xb5, 0xac, 0xb5, 0xac, 0xb5, 0xac, 0xb5, 0xac, 
	0xb5, 0xac, 0xb5, 0xac, 0xb5, 0xac, 0xb5, 0xac, 
	0xb5, 0xac, 0xb5, 0xac, 0x6b, 0x5a, 0x00, 0x00, 
	
};

Gfx micons_twopow_rgba16_aligner[] = {gsSPEndDisplayList()};
u8 micons_twopow_rgba16[] = {
	0xef, 0x7a, 0xd6, 0xb4, 0xd6, 0xb4, 0xd6, 0xb4, 
	0xd6, 0xb4, 0xd6, 0xb4, 0xd6, 0xb4, 0xd6, 0xb4, 
	0xd6, 0xb4, 0xd6, 0xb4, 0xd6, 0xb4, 0xd6, 0xb4, 
	0xd6, 0xb4, 0xd6, 0xb4, 0x9c, 0xe6, 0x00, 0x00, 
	0xf7, 0xbc, 0xff, 0xfe, 0xff, 0xfe, 0xff, 0xfe, 
	0xff, 0xfe, 0xff, 0xfe, 0xff, 0xfe, 0xff, 0xfe, 
	0xff, 0xfe, 0xff, 0xfe, 0xff, 0xfe, 0xff, 0xfe, 
	0xff, 0xfe, 0xf7, 0xbc, 0xe7, 0x38, 0x94, 0xa4, 
	0xf7, 0xbc, 0xff, 0xfe, 0xff, 0xfe, 0xff, 0xfe, 
	0xff, 0xfe, 0xff, 0xfe, 0xff, 0xfe, 0xff, 0xfe, 
	0xff, 0xfe, 0xff, 0xfe, 0xff, 0xfe, 0xff, 0xfe, 
	0xff, 0xfe, 0xff, 0xfe, 0xef, 0x7a, 0xe7, 0x38, 
	0xde, 0xf6, 0xff, 0xfe, 0xff, 0xfe, 0xff, 0xfe, 
	0xff, 0xfe, 0xff, 0xfe, 0xff, 0xfe, 0xff, 0xfe, 
	0xff, 0xfe, 0xff, 0xfe, 0xff, 0xfe, 0xff, 0xfe, 
	0xff, 0xff, 0xff, 0xff, 0xf7, 0xbc, 0xe7, 0x38, 
	0x00, 0x00, 0xd6, 0xb4, 0xff, 0xfe, 0xf7, 0xbc, 
	0xff, 0xfe, 0xff, 0xfe, 0xff, 0xfe, 0xff, 0xfe, 
	0xff, 0xfe, 0xff, 0xfe, 0xff, 0xfe, 0xff, 0xff, 
	0xff, 0xfe, 0xff, 0xfe, 0xff, 0xff, 0xe7, 0x38, 
	0x00, 0x00, 0x00, 0x00, 0xd6, 0xb4, 0xb5, 0xac, 
	0xff, 0xfe, 0xff, 0xfe, 0xff, 0xfe, 0xff, 0xfe, 
	0xff, 0xfe, 0xff, 0xfe, 0xff, 0xfe, 0xff, 0xfe, 
	0xff, 0xfe, 0xff, 0xfe, 0xff, 0xff, 0xef, 0x7a, 
	0x00, 0x00, 0x00, 0x00, 0x00, 0x00, 0x00, 0x00, 
	0xf7, 0xbc, 0xff, 0xfe, 0xff, 0xfe, 0xff, 0xfe, 
	0xff, 0xff, 0xff, 0xfe, 0xff, 0xfe, 0xff, 0xfe, 
	0xff, 0xfe, 0xff, 0xff, 0xff, 0xfe, 0xff, 0xfe, 
	0x00, 0x00, 0x00, 0x00, 0x00, 0x00, 0x00, 0x00, 
	0xf7, 0xbc, 0xff, 0xfe, 0xff, 0xfe, 0xff, 0xff, 
	0xff, 0xff, 0xff, 0xff, 0xff, 0xfe, 0xff, 0xfe, 
	0xff, 0xff, 0xff, 0xfe, 0xff, 0xfe, 0xff, 0xfe, 
	0x00, 0x00, 0x00, 0x00, 0x00, 0x00, 0x00, 0x00, 
	0xf7, 0xbc, 0xff, 0xfe, 0xff, 0xfe, 0xff, 0xfe, 
	0xff, 0xff, 0xff, 0xfe, 0xff, 0xfe, 0xff, 0xfe, 
	0xff, 0xff, 0xff, 0xfe, 0xff, 0xfe, 0xff, 0xfe, 
	0x00, 0x00, 0x00, 0x00, 0x00, 0x00, 0x00, 0x00, 
	0xf7, 0xbc, 0xff, 0xfe, 0xff, 0xfe, 0xff, 0xfe, 
	0xff, 0xfe, 0xff, 0xfe, 0xff, 0xfe, 0xff, 0xff, 
	0xff, 0xfe, 0xff, 0xfe, 0xff, 0xfe, 0xff, 0xfe, 
	0x00, 0x00, 0x00, 0x00, 0xef, 0x7a, 0xde, 0xf6, 
	0xff, 0xfe, 0xff, 0xfe, 0xff, 0xfe, 0xff, 0xfe, 
	0xff, 0xfe, 0xff, 0xfe, 0xff, 0xfe, 0xff, 0xff, 
	0xff, 0xff, 0xff, 0xff, 0xff, 0xff, 0xef, 0x7a, 
	0x00, 0x00, 0xef, 0x7a, 0xff, 0xfe, 0xff, 0xfe, 
	0xff, 0xfe, 0xff, 0xfe, 0xff, 0xfe, 0xff, 0xfe, 
	0xff, 0xfe, 0xff, 0xfe, 0xff, 0xfe, 0xff, 0xfe, 
	0xff, 0xfe, 0xff, 0xfe, 0xf7, 0xbc, 0xde, 0xf6, 
	0xef, 0x7a, 0xff, 0xfe, 0xff, 0xfe, 0xff, 0xfe, 
	0xff, 0xfe, 0xff, 0xfe, 0xff, 0xfe, 0xff, 0xfe, 
	0xff, 0xfe, 0xff, 0xfe, 0xff, 0xfe, 0xff, 0xfe, 
	0xff, 0xfe, 0xff, 0xfe, 0xf7, 0xbc, 0xde, 0xf6, 
	0xf7, 0xbc, 0xff, 0xfe, 0xff, 0xfe, 0xff, 0xfe, 
	0xff, 0xfe, 0xff, 0xfe, 0xff, 0xfe, 0xff, 0xfe, 
	0xff, 0xfe, 0xff, 0xfe, 0xff, 0xfe, 0xff, 0xfe, 
	0xff, 0xfe, 0xf7, 0xbc, 0xe7, 0x38, 0xde, 0xf6, 
	0xf7, 0xbc, 0xff, 0xfe, 0xef, 0x7a, 0xef, 0x7a, 
	0xef, 0x7a, 0xef, 0x7a, 0xef, 0x7a, 0xef, 0x7a, 
	0xef, 0x7a, 0xef, 0x7a, 0xef, 0x7a, 0xef, 0x7a, 
	0xef, 0x7a, 0xe7, 0x38, 0xde, 0xf6, 0x63, 0x18, 
	0xde, 0xf6, 0xb5, 0xac, 0xb5, 0xac, 0xb5, 0xac, 
	0xb5, 0xac, 0xb5, 0xac, 0xb5, 0xac, 0xb5, 0xac, 
	0xb5, 0xac, 0xb5, 0xac, 0xb5, 0xac, 0xb5, 0xac, 
	0xb5, 0xac, 0xb5, 0xac, 0x6b, 0x5a, 0x00, 0x00, 
	
};

Gfx micons_heatsink_rgba16_aligner[] = {gsSPEndDisplayList()};
u8 micons_heatsink_rgba16[] = {
	0x00, 0x00, 0x00, 0x00, 0x00, 0x00, 0x00, 0x00, 
	0x00, 0x00, 0x00, 0x00, 0x00, 0x00, 0x00, 0x00, 
	0x00, 0x00, 0x00, 0x00, 0x00, 0x00, 0x00, 0x00, 
	0x00, 0x00, 0x00, 0x00, 0x00, 0x00, 0x00, 0x00, 
	0x00, 0x00, 0x00, 0x00, 0x00, 0x00, 0x00, 0x00, 
	0x00, 0x00, 0x00, 0x00, 0x00, 0x00, 0x00, 0x00, 
	0x00, 0x00, 0x00, 0x00, 0x00, 0x00, 0x00, 0x00, 
	0x00, 0x00, 0x00, 0x00, 0x00, 0x00, 0x00, 0x00, 
	0x00, 0x00, 0x00, 0x00, 0x00, 0x00, 0x00, 0x00, 
	0x00, 0x00, 0x00, 0x00, 0x00, 0x00, 0x00, 0x00, 
	0x00, 0x00, 0x00, 0x00, 0x00, 0x00, 0x00, 0x00, 
	0x00, 0x00, 0x00, 0x00, 0x00, 0x00, 0x00, 0x00, 
	0x00, 0x00, 0x00, 0x00, 0x00, 0x00, 0x00, 0x00, 
	0x00, 0x00, 0x00, 0x00, 0xb5, 0xad, 0x00, 0x00, 
	0xa5, 0x29, 0x00, 0x00, 0xa5, 0x29, 0x00, 0x00, 
	0xa5, 0x29, 0x00, 0x00, 0xa5, 0x29, 0x00, 0x00, 
	0x00, 0x00, 0x00, 0x00, 0x00, 0x00, 0x00, 0x00, 
	0x00, 0x00, 0x00, 0x00, 0xb5, 0xad, 0x63, 0x19, 
	0x9c, 0xe7, 0x4a, 0x53, 0x9c, 0xe7, 0x4a, 0x53, 
	0x94, 0xa5, 0x42, 0x11, 0x84, 0x21, 0x00, 0x00, 
	0x00, 0x00, 0x00, 0x00, 0x00, 0x00, 0x00, 0x00, 
	0x00, 0x00, 0x00, 0x00, 0xad, 0x6b, 0x63, 0x19, 
	0xad, 0x6b, 0x52, 0x95, 0x9c, 0xe7, 0x4a, 0x53, 
	0x94, 0xa5, 0x21, 0x09, 0x5a, 0xd7, 0x00, 0x00, 
	0x00, 0x00, 0x00, 0x00, 0x00, 0x00, 0x00, 0x00, 
	0x00, 0x00, 0x00, 0x00, 0xa5, 0x29, 0x5a, 0xd7, 
	0xb5, 0xad, 0x63, 0x19, 0xad, 0x6b, 0x5a, 0xd7, 
	0x84, 0x21, 0x00, 0x01, 0x42, 0x11, 0x00, 0x00, 
	0x00, 0x00, 0x00, 0x00, 0x00, 0x00, 0x00, 0x00, 
	0x00, 0x00, 0x00, 0x00, 0x9c, 0xe7, 0x52, 0x95, 
	0xad, 0x6b, 0x63, 0x19, 0xad, 0x6b, 0x52, 0x95, 
	0x73, 0x9d, 0x00, 0x01, 0x42, 0x11, 0x00, 0x00, 
	0x00, 0x00, 0x00, 0x00, 0x00, 0x00, 0x00, 0x00, 
	0x00, 0x00, 0x00, 0x00, 0x9c, 0xe7, 0x4a, 0x53, 
	0x94, 0xa5, 0x39, 0xcf, 0x7b, 0xdf, 0x29, 0x4b, 
	0x63, 0x19, 0x00, 0x01, 0x42, 0x11, 0x00, 0x00, 
	0x00, 0x00, 0x00, 0x00, 0x00, 0x00, 0x00, 0x00, 
	0x00, 0x00, 0x00, 0x00, 0xa5, 0x29, 0x42, 0x11, 
	0x6b, 0x5b, 0x08, 0x43, 0x5a, 0xd7, 0x08, 0x43, 
	0x52, 0x95, 0x00, 0x01, 0x4a, 0x53, 0x00, 0x00, 
	0x00, 0x00, 0x00, 0x00, 0x00, 0x00, 0x00, 0x00, 
	0x00, 0x00, 0x00, 0x00, 0x9c, 0xe7, 0x29, 0x4b, 
	0x5a, 0xd7, 0x08, 0x43, 0x52, 0x95, 0x08, 0x43, 
	0x52, 0x95, 0x10, 0x85, 0x6b, 0x5b, 0x00, 0x00, 
	0x00, 0x00, 0x00, 0x00, 0x00, 0x00, 0x00, 0x00, 
	0x00, 0x00, 0x00, 0x00, 0x94, 0xa5, 0x00, 0x00, 
	0x73, 0x9d, 0x00, 0x00, 0x6b, 0x5b, 0x00, 0x00, 
	0x6b, 0x5b, 0x00, 0x00, 0x84, 0x21, 0x00, 0x00, 
	0x00, 0x00, 0x00, 0x00, 0x00, 0x00, 0x00, 0x00, 
	0x00, 0x00, 0x00, 0x00, 0x00, 0x00, 0x00, 0x00, 
	0x00, 0x00, 0x00, 0x00, 0x00, 0x00, 0x00, 0x00, 
	0x00, 0x00, 0x00, 0x00, 0x00, 0x00, 0x00, 0x00, 
	0x00, 0x00, 0x00, 0x00, 0x00, 0x00, 0x00, 0x00, 
	0x00, 0x00, 0x00, 0x00, 0x00, 0x00, 0x00, 0x00, 
	0x00, 0x00, 0x00, 0x00, 0x00, 0x00, 0x00, 0x00, 
	0x00, 0x00, 0x00, 0x00, 0x00, 0x00, 0x00, 0x00, 
	0x00, 0x00, 0x00, 0x00, 0x00, 0x00, 0x00, 0x00, 
	0x00, 0x00, 0x00, 0x00, 0x00, 0x00, 0x00, 0x00, 
	0x00, 0x00, 0x00, 0x00, 0x00, 0x00, 0x00, 0x00, 
	0x00, 0x00, 0x00, 0x00, 0x00, 0x00, 0x00, 0x00, 
	0x00, 0x00, 0x00, 0x00, 0x00, 0x00, 0x00, 0x00, 
	0x00, 0x00, 0x00, 0x00, 0x00, 0x00, 0x00, 0x00, 
	0x00, 0x00, 0x00, 0x00, 0x00, 0x00, 0x00, 0x00, 
	0x00, 0x00, 0x00, 0x00, 0x00, 0x00, 0x00, 0x00, 
	
};

Gfx micons_def_rgba16_aligner[] = {gsSPEndDisplayList()};
u8 micons_def_rgba16[] = {
	0x00, 0x00, 0x00, 0x00, 0x00, 0x00, 0x00, 0x00, 
	0x00, 0x00, 0x00, 0x00, 0x00, 0x00, 0x00, 0x00, 
	0x00, 0x00, 0x00, 0x00, 0x00, 0x00, 0x00, 0x00, 
	0x00, 0x00, 0x00, 0x00, 0x00, 0x00, 0x00, 0x00, 
	0x00, 0x00, 0x00, 0x00, 0x00, 0x00, 0x00, 0x00, 
	0x00, 0x00, 0x00, 0x00, 0x00, 0x00, 0x00, 0x00, 
	0x00, 0x00, 0x00, 0x00, 0x00, 0x00, 0x00, 0x00, 
	0x00, 0x00, 0x00, 0x00, 0x00, 0x00, 0x00, 0x00, 
	0x00, 0x00, 0x00, 0x00, 0x00, 0x00, 0x00, 0x00, 
	0x00, 0x00, 0x00, 0x00, 0x00, 0x00, 0x00, 0x00, 
	0x00, 0x00, 0x00, 0x00, 0x00, 0x00, 0x00, 0x00, 
	0x00, 0x00, 0x00, 0x00, 0x00, 0x00, 0x00, 0x00, 
	0x00, 0x00, 0x00, 0x00, 0x00, 0x00, 0x00, 0x00, 
	0x00, 0x00, 0xff, 0xff, 0x00, 0x00, 0x00, 0x00, 
	0x00, 0x00, 0x00, 0x00, 0x00, 0x00, 0x00, 0x00, 
	0x00, 0x00, 0x00, 0x00, 0xf7, 0xbd, 0x00, 0x00, 
	0x00, 0x00, 0x00, 0x00, 0x00, 0x00, 0x00, 0x00, 
	0x00, 0x00, 0xff, 0xff, 0xef, 0x7b, 0x00, 0x00, 
	0x00, 0x00, 0x00, 0x00, 0x00, 0x00, 0x00, 0x00, 
	0x00, 0x00, 0xff, 0xff, 0xef, 0x7b, 0x00, 0x00, 
	0x00, 0x00, 0x00, 0x00, 0x00, 0x00, 0x00, 0x00, 
	0x00, 0x00, 0xff, 0xff, 0xff, 0xff, 0xf7, 0xbd, 
	0xf7, 0xbd, 0xff, 0xff, 0xff, 0xff, 0xff, 0xff, 
	0xff, 0xff, 0xff, 0xff, 0xde, 0xf7, 0x00, 0x00, 
	0x00, 0x00, 0x00, 0x00, 0x00, 0x00, 0x00, 0x00, 
	0x00, 0x00, 0xff, 0xff, 0xff, 0xff, 0xff, 0xff, 
	0xff, 0xff, 0xff, 0xff, 0xff, 0xff, 0xff, 0xff, 
	0xff, 0xff, 0xf7, 0xbd, 0xd6, 0xb5, 0x00, 0x00, 
	0x00, 0x00, 0x00, 0x00, 0x00, 0x00, 0x00, 0x00, 
	0x00, 0x00, 0xff, 0xff, 0xff, 0xff, 0xff, 0xff, 
	0xff, 0xff, 0xff, 0xff, 0xff, 0xff, 0xff, 0xff, 
	0xff, 0xff, 0xf7, 0xbd, 0xd6, 0xb5, 0x00, 0x00, 
	0x00, 0x00, 0x00, 0x00, 0x00, 0x00, 0x00, 0x00, 
	0x00, 0x00, 0xff, 0xff, 0xff, 0xff, 0xff, 0xff, 
	0xff, 0xff, 0xff, 0xff, 0xff, 0xff, 0xff, 0xff, 
	0xff, 0xff, 0xf7, 0xbd, 0xd6, 0xb5, 0x00, 0x00, 
	0x00, 0x00, 0x00, 0x00, 0x00, 0x00, 0x00, 0x00, 
	0x00, 0x00, 0xff, 0xff, 0xff, 0xff, 0xff, 0xff, 
	0xff, 0xff, 0xff, 0xff, 0xff, 0xff, 0xff, 0xff, 
	0xff, 0xff, 0xe7, 0x39, 0xce, 0x73, 0x00, 0x00, 
	0x00, 0x00, 0x00, 0x00, 0x00, 0x00, 0x00, 0x00, 
	0x00, 0x00, 0x00, 0x00, 0xf7, 0xbd, 0xff, 0xff, 
	0xff, 0xff, 0xff, 0xff, 0xff, 0xff, 0xff, 0xff, 
	0xe7, 0x39, 0xce, 0x73, 0x00, 0x00, 0x00, 0x00, 
	0x00, 0x00, 0x00, 0x00, 0x00, 0x00, 0x00, 0x00, 
	0x00, 0x00, 0x00, 0x00, 0x00, 0x00, 0xf7, 0xbd, 
	0xff, 0xff, 0xff, 0xff, 0xf7, 0xbd, 0xe7, 0x39, 
	0xce, 0x73, 0x00, 0x00, 0x00, 0x00, 0x00, 0x00, 
	0x00, 0x00, 0x00, 0x00, 0x00, 0x00, 0x00, 0x00, 
	0x00, 0x00, 0x00, 0x00, 0x00, 0x00, 0x00, 0x00, 
	0xef, 0x7b, 0xe7, 0x39, 0xde, 0xf7, 0xd6, 0xb5, 
	0x00, 0x00, 0x00, 0x00, 0x00, 0x00, 0x00, 0x00, 
	0x00, 0x00, 0x00, 0x00, 0x00, 0x00, 0x00, 0x00, 
	0x00, 0x00, 0x00, 0x00, 0x00, 0x00, 0x00, 0x00, 
	0x00, 0x00, 0x00, 0x00, 0x00, 0x00, 0x00, 0x00, 
	0x00, 0x00, 0x00, 0x00, 0x00, 0x00, 0x00, 0x00, 
	0x00, 0x00, 0x00, 0x00, 0x00, 0x00, 0x00, 0x00, 
	0x00, 0x00, 0x00, 0x00, 0x00, 0x00, 0x00, 0x00, 
	0x00, 0x00, 0x00, 0x00, 0x00, 0x00, 0x00, 0x00, 
	0x00, 0x00, 0x00, 0x00, 0x00, 0x00, 0x00, 0x00, 
	0x00, 0x00, 0x00, 0x00, 0x00, 0x00, 0x00, 0x00, 
	0x00, 0x00, 0x00, 0x00, 0x00, 0x00, 0x00, 0x00, 
	0x00, 0x00, 0x00, 0x00, 0x00, 0x00, 0x00, 0x00, 
	0x00, 0x00, 0x00, 0x00, 0x00, 0x00, 0x00, 0x00, 
	
};

Vtx micons_Plane_mesh_vtx_cull[8] = {
	{{ {-100, 0, -235}, 0, {0, 0}, {0, 0, 0, 0} }},
	{{ {-100, 0, 220}, 0, {0, 0}, {0, 0, 0, 0} }},
	{{ {-100, 0, 220}, 0, {0, 0}, {0, 0, 0, 0} }},
	{{ {-100, 0, -235}, 0, {0, 0}, {0, 0, 0, 0} }},
	{{ {180, 0, -235}, 0, {0, 0}, {0, 0, 0, 0} }},
	{{ {180, 0, 220}, 0, {0, 0}, {0, 0, 0, 0} }},
	{{ {180, 0, 220}, 0, {0, 0}, {0, 0, 0, 0} }},
	{{ {180, 0, -235}, 0, {0, 0}, {0, 0, 0, 0} }},
};

Vtx micons_Plane_mesh_vtx_0[8] = {
	{{ {-100, 0, -60}, 0, {-16, 1008}, {0, 127, 0, 255} }},
	{{ {-60, 0, -60}, 0, {1008, 1008}, {0, 127, 0, 255} }},
	{{ {-60, 0, -100}, 0, {1008, -16}, {0, 127, 0, 255} }},
	{{ {-100, 0, -100}, 0, {-16, -16}, {0, 127, 0, 255} }},
	{{ {20, 0, 100}, 0, {-16, 1008}, {0, 127, 0, 255} }},
	{{ {60, 0, 100}, 0, {1008, 1008}, {0, 127, 0, 255} }},
	{{ {60, 0, 60}, 0, {1008, -16}, {0, 127, 0, 255} }},
	{{ {20, 0, 60}, 0, {-16, -16}, {0, 127, 0, 255} }},
};

Gfx micons_Plane_mesh_tri_0[] = {
	gsSPVertex(micons_Plane_mesh_vtx_0 + 0, 8, 0),
	gsSP2Triangles(0, 1, 2, 0, 0, 2, 3, 0),
	gsSP2Triangles(4, 5, 6, 0, 4, 6, 7, 0),
	gsSPEndDisplayList(),
};

Vtx micons_Plane_mesh_vtx_1[4] = {
	{{ {-60, 0, -60}, 0, {-16, 496}, {0, 127, 0, 255} }},
	{{ {-20, 0, -60}, 0, {496, 496}, {0, 127, 0, 255} }},
	{{ {-20, 0, -100}, 0, {496, -16}, {0, 127, 0, 255} }},
	{{ {-60, 0, -100}, 0, {-16, -16}, {0, 127, 0, 255} }},
};

Gfx micons_Plane_mesh_tri_1[] = {
	gsSPVertex(micons_Plane_mesh_vtx_1 + 0, 4, 0),
	gsSP2Triangles(0, 1, 2, 0, 0, 2, 3, 0),
	gsSPEndDisplayList(),
};

Vtx micons_Plane_mesh_vtx_2[4] = {
	{{ {-20, 0, -60}, 0, {-16, 496}, {0, 127, 0, 255} }},
	{{ {20, 0, -60}, 0, {496, 496}, {0, 127, 0, 255} }},
	{{ {20, 0, -100}, 0, {496, -16}, {0, 127, 0, 255} }},
	{{ {-20, 0, -100}, 0, {-16, -16}, {0, 127, 0, 255} }},
};

Gfx micons_Plane_mesh_tri_2[] = {
	gsSPVertex(micons_Plane_mesh_vtx_2 + 0, 4, 0),
	gsSP2Triangles(0, 1, 2, 0, 0, 2, 3, 0),
	gsSPEndDisplayList(),
};

Vtx micons_Plane_mesh_vtx_3[4] = {
	{{ {20, 0, -60}, 0, {-16, 496}, {0, 127, 0, 255} }},
	{{ {60, 0, -60}, 0, {496, 496}, {0, 127, 0, 255} }},
	{{ {60, 0, -100}, 0, {496, -16}, {0, 127, 0, 255} }},
	{{ {20, 0, -100}, 0, {-16, -16}, {0, 127, 0, 255} }},
};

Gfx micons_Plane_mesh_tri_3[] = {
	gsSPVertex(micons_Plane_mesh_vtx_3 + 0, 4, 0),
	gsSP2Triangles(0, 1, 2, 0, 0, 2, 3, 0),
	gsSPEndDisplayList(),
};

Vtx micons_Plane_mesh_vtx_4[4] = {
	{{ {60, 0, -60}, 0, {-16, 496}, {0, 127, 0, 255} }},
	{{ {100, 0, -60}, 0, {496, 496}, {0, 127, 0, 255} }},
	{{ {100, 0, -100}, 0, {496, -16}, {0, 127, 0, 255} }},
	{{ {60, 0, -100}, 0, {-16, -16}, {0, 127, 0, 255} }},
};

Gfx micons_Plane_mesh_tri_4[] = {
	gsSPVertex(micons_Plane_mesh_vtx_4 + 0, 4, 0),
	gsSP2Triangles(0, 1, 2, 0, 0, 2, 3, 0),
	gsSPEndDisplayList(),
};

Vtx micons_Plane_mesh_vtx_5[4] = {
	{{ {-100, 0, -20}, 0, {-16, 496}, {0, 127, 0, 255} }},
	{{ {-60, 0, -20}, 0, {496, 496}, {0, 127, 0, 255} }},
	{{ {-60, 0, -60}, 0, {496, -16}, {0, 127, 0, 255} }},
	{{ {-100, 0, -60}, 0, {-16, -16}, {0, 127, 0, 255} }},
};

Gfx micons_Plane_mesh_tri_5[] = {
	gsSPVertex(micons_Plane_mesh_vtx_5 + 0, 4, 0),
	gsSP2Triangles(0, 1, 2, 0, 0, 2, 3, 0),
	gsSPEndDisplayList(),
};

Vtx micons_Plane_mesh_vtx_6[4] = {
	{{ {-60, 0, -20}, 0, {-16, 496}, {0, 127, 0, 255} }},
	{{ {-20, 0, -20}, 0, {496, 496}, {0, 127, 0, 255} }},
	{{ {-20, 0, -60}, 0, {496, -16}, {0, 127, 0, 255} }},
	{{ {-60, 0, -60}, 0, {-16, -16}, {0, 127, 0, 255} }},
};

Gfx micons_Plane_mesh_tri_6[] = {
	gsSPVertex(micons_Plane_mesh_vtx_6 + 0, 4, 0),
	gsSP2Triangles(0, 1, 2, 0, 0, 2, 3, 0),
	gsSPEndDisplayList(),
};

Vtx micons_Plane_mesh_vtx_7[4] = {
	{{ {-20, 0, -20}, 0, {-16, 496}, {0, 127, 0, 255} }},
	{{ {20, 0, -20}, 0, {496, 496}, {0, 127, 0, 255} }},
	{{ {20, 0, -60}, 0, {496, -16}, {0, 127, 0, 255} }},
	{{ {-20, 0, -60}, 0, {-16, -16}, {0, 127, 0, 255} }},
};

Gfx micons_Plane_mesh_tri_7[] = {
	gsSPVertex(micons_Plane_mesh_vtx_7 + 0, 4, 0),
	gsSP2Triangles(0, 1, 2, 0, 0, 2, 3, 0),
	gsSPEndDisplayList(),
};

Vtx micons_Plane_mesh_vtx_8[4] = {
	{{ {20, 0, -20}, 0, {-16, 496}, {0, 127, 0, 255} }},
	{{ {60, 0, -20}, 0, {496, 496}, {0, 127, 0, 255} }},
	{{ {60, 0, -60}, 0, {496, -16}, {0, 127, 0, 255} }},
	{{ {20, 0, -60}, 0, {-16, -16}, {0, 127, 0, 255} }},
};

Gfx micons_Plane_mesh_tri_8[] = {
	gsSPVertex(micons_Plane_mesh_vtx_8 + 0, 4, 0),
	gsSP2Triangles(0, 1, 2, 0, 0, 2, 3, 0),
	gsSPEndDisplayList(),
};

Vtx micons_Plane_mesh_vtx_9[4] = {
	{{ {60, 0, -20}, 0, {-16, 496}, {0, 127, 0, 255} }},
	{{ {100, 0, -20}, 0, {496, 496}, {0, 127, 0, 255} }},
	{{ {100, 0, -60}, 0, {496, -16}, {0, 127, 0, 255} }},
	{{ {60, 0, -60}, 0, {-16, -16}, {0, 127, 0, 255} }},
};

Gfx micons_Plane_mesh_tri_9[] = {
	gsSPVertex(micons_Plane_mesh_vtx_9 + 0, 4, 0),
	gsSP2Triangles(0, 1, 2, 0, 0, 2, 3, 0),
	gsSPEndDisplayList(),
};

Vtx micons_Plane_mesh_vtx_10[4] = {
	{{ {-100, 0, 20}, 0, {-16, 496}, {0, 127, 0, 255} }},
	{{ {-60, 0, 20}, 0, {496, 496}, {0, 127, 0, 255} }},
	{{ {-60, 0, -20}, 0, {496, -16}, {0, 127, 0, 255} }},
	{{ {-100, 0, -20}, 0, {-16, -16}, {0, 127, 0, 255} }},
};

Gfx micons_Plane_mesh_tri_10[] = {
	gsSPVertex(micons_Plane_mesh_vtx_10 + 0, 4, 0),
	gsSP2Triangles(0, 1, 2, 0, 0, 2, 3, 0),
	gsSPEndDisplayList(),
};

Vtx micons_Plane_mesh_vtx_11[4] = {
	{{ {-60, 0, 20}, 0, {-16, 496}, {0, 127, 0, 255} }},
	{{ {-20, 0, 20}, 0, {496, 496}, {0, 127, 0, 255} }},
	{{ {-20, 0, -20}, 0, {496, -16}, {0, 127, 0, 255} }},
	{{ {-60, 0, -20}, 0, {-16, -16}, {0, 127, 0, 255} }},
};

Gfx micons_Plane_mesh_tri_11[] = {
	gsSPVertex(micons_Plane_mesh_vtx_11 + 0, 4, 0),
	gsSP2Triangles(0, 1, 2, 0, 0, 2, 3, 0),
	gsSPEndDisplayList(),
};

Vtx micons_Plane_mesh_vtx_12[4] = {
	{{ {-20, 0, 20}, 0, {-16, 496}, {0, 127, 0, 255} }},
	{{ {20, 0, 20}, 0, {496, 496}, {0, 127, 0, 255} }},
	{{ {20, 0, -20}, 0, {496, -16}, {0, 127, 0, 255} }},
	{{ {-20, 0, -20}, 0, {-16, -16}, {0, 127, 0, 255} }},
};

Gfx micons_Plane_mesh_tri_12[] = {
	gsSPVertex(micons_Plane_mesh_vtx_12 + 0, 4, 0),
	gsSP2Triangles(0, 1, 2, 0, 0, 2, 3, 0),
	gsSPEndDisplayList(),
};

Vtx micons_Plane_mesh_vtx_13[4] = {
	{{ {20, 0, 20}, 0, {-16, 496}, {0, 127, 0, 255} }},
	{{ {60, 0, 20}, 0, {496, 496}, {0, 127, 0, 255} }},
	{{ {60, 0, -20}, 0, {496, -16}, {0, 127, 0, 255} }},
	{{ {20, 0, -20}, 0, {-16, -16}, {0, 127, 0, 255} }},
};

Gfx micons_Plane_mesh_tri_13[] = {
	gsSPVertex(micons_Plane_mesh_vtx_13 + 0, 4, 0),
	gsSP2Triangles(0, 1, 2, 0, 0, 2, 3, 0),
	gsSPEndDisplayList(),
};

Vtx micons_Plane_mesh_vtx_14[4] = {
	{{ {60, 0, 20}, 0, {-16, 496}, {0, 127, 0, 255} }},
	{{ {100, 0, 20}, 0, {496, 496}, {0, 127, 0, 255} }},
	{{ {100, 0, -20}, 0, {496, -16}, {0, 127, 0, 255} }},
	{{ {60, 0, -20}, 0, {-16, -16}, {0, 127, 0, 255} }},
};

Gfx micons_Plane_mesh_tri_14[] = {
	gsSPVertex(micons_Plane_mesh_vtx_14 + 0, 4, 0),
	gsSP2Triangles(0, 1, 2, 0, 0, 2, 3, 0),
	gsSPEndDisplayList(),
};

Vtx micons_Plane_mesh_vtx_15[4] = {
	{{ {-100, 0, 60}, 0, {-16, 496}, {0, 127, 0, 255} }},
	{{ {-60, 0, 60}, 0, {496, 496}, {0, 127, 0, 255} }},
	{{ {-60, 0, 20}, 0, {496, -16}, {0, 127, 0, 255} }},
	{{ {-100, 0, 20}, 0, {-16, -16}, {0, 127, 0, 255} }},
};

Gfx micons_Plane_mesh_tri_15[] = {
	gsSPVertex(micons_Plane_mesh_vtx_15 + 0, 4, 0),
	gsSP2Triangles(0, 1, 2, 0, 0, 2, 3, 0),
	gsSPEndDisplayList(),
};

Vtx micons_Plane_mesh_vtx_16[4] = {
	{{ {-60, 0, 60}, 0, {-16, 496}, {0, 127, 0, 255} }},
	{{ {-20, 0, 60}, 0, {496, 496}, {0, 127, 0, 255} }},
	{{ {-20, 0, 20}, 0, {496, -16}, {0, 127, 0, 255} }},
	{{ {-60, 0, 20}, 0, {-16, -16}, {0, 127, 0, 255} }},
};

Gfx micons_Plane_mesh_tri_16[] = {
	gsSPVertex(micons_Plane_mesh_vtx_16 + 0, 4, 0),
	gsSP2Triangles(0, 1, 2, 0, 0, 2, 3, 0),
	gsSPEndDisplayList(),
};

Vtx micons_Plane_mesh_vtx_17[4] = {
	{{ {-20, 0, 60}, 0, {-16, 496}, {0, 127, 0, 255} }},
	{{ {20, 0, 60}, 0, {496, 496}, {0, 127, 0, 255} }},
	{{ {20, 0, 20}, 0, {496, -16}, {0, 127, 0, 255} }},
	{{ {-20, 0, 20}, 0, {-16, -16}, {0, 127, 0, 255} }},
};

Gfx micons_Plane_mesh_tri_17[] = {
	gsSPVertex(micons_Plane_mesh_vtx_17 + 0, 4, 0),
	gsSP2Triangles(0, 1, 2, 0, 0, 2, 3, 0),
	gsSPEndDisplayList(),
};

Vtx micons_Plane_mesh_vtx_18[4] = {
	{{ {20, 0, 60}, 0, {-16, 496}, {0, 127, 0, 255} }},
	{{ {60, 0, 60}, 0, {496, 496}, {0, 127, 0, 255} }},
	{{ {60, 0, 20}, 0, {496, -16}, {0, 127, 0, 255} }},
	{{ {20, 0, 20}, 0, {-16, -16}, {0, 127, 0, 255} }},
};

Gfx micons_Plane_mesh_tri_18[] = {
	gsSPVertex(micons_Plane_mesh_vtx_18 + 0, 4, 0),
	gsSP2Triangles(0, 1, 2, 0, 0, 2, 3, 0),
	gsSPEndDisplayList(),
};

Vtx micons_Plane_mesh_vtx_19[4] = {
	{{ {60, 0, 60}, 0, {-16, 496}, {0, 127, 0, 255} }},
	{{ {100, 0, 60}, 0, {496, 496}, {0, 127, 0, 255} }},
	{{ {100, 0, 20}, 0, {496, -16}, {0, 127, 0, 255} }},
	{{ {60, 0, 20}, 0, {-16, -16}, {0, 127, 0, 255} }},
};

Gfx micons_Plane_mesh_tri_19[] = {
	gsSPVertex(micons_Plane_mesh_vtx_19 + 0, 4, 0),
	gsSP2Triangles(0, 1, 2, 0, 0, 2, 3, 0),
	gsSPEndDisplayList(),
};

Vtx micons_Plane_mesh_vtx_20[4] = {
	{{ {-100, 0, 100}, 0, {-16, 496}, {0, 127, 0, 255} }},
	{{ {-60, 0, 100}, 0, {496, 496}, {0, 127, 0, 255} }},
	{{ {-60, 0, 60}, 0, {496, -16}, {0, 127, 0, 255} }},
	{{ {-100, 0, 60}, 0, {-16, -16}, {0, 127, 0, 255} }},
};

Gfx micons_Plane_mesh_tri_20[] = {
	gsSPVertex(micons_Plane_mesh_vtx_20 + 0, 4, 0),
	gsSP2Triangles(0, 1, 2, 0, 0, 2, 3, 0),
	gsSPEndDisplayList(),
};

Vtx micons_Plane_mesh_vtx_21[4] = {
	{{ {-60, 0, 100}, 0, {-16, 496}, {0, 127, 0, 255} }},
	{{ {-20, 0, 100}, 0, {496, 496}, {0, 127, 0, 255} }},
	{{ {-20, 0, 60}, 0, {496, -16}, {0, 127, 0, 255} }},
	{{ {-60, 0, 60}, 0, {-16, -16}, {0, 127, 0, 255} }},
};

Gfx micons_Plane_mesh_tri_21[] = {
	gsSPVertex(micons_Plane_mesh_vtx_21 + 0, 4, 0),
	gsSP2Triangles(0, 1, 2, 0, 0, 2, 3, 0),
	gsSPEndDisplayList(),
};

Vtx micons_Plane_mesh_vtx_22[4] = {
	{{ {-20, 0, 100}, 0, {-16, 496}, {0, 127, 0, 255} }},
	{{ {20, 0, 100}, 0, {496, 496}, {0, 127, 0, 255} }},
	{{ {20, 0, 60}, 0, {496, -16}, {0, 127, 0, 255} }},
	{{ {-20, 0, 60}, 0, {-16, -16}, {0, 127, 0, 255} }},
};

Gfx micons_Plane_mesh_tri_22[] = {
	gsSPVertex(micons_Plane_mesh_vtx_22 + 0, 4, 0),
	gsSP2Triangles(0, 1, 2, 0, 0, 2, 3, 0),
	gsSPEndDisplayList(),
};

Vtx micons_Plane_mesh_vtx_23[4] = {
	{{ {-100, 0, 140}, 0, {-16, 496}, {0, 127, 0, 255} }},
	{{ {-60, 0, 140}, 0, {496, 496}, {0, 127, 0, 255} }},
	{{ {-60, 0, 100}, 0, {496, -16}, {0, 127, 0, 255} }},
	{{ {-100, 0, 100}, 0, {-16, -16}, {0, 127, 0, 255} }},
};

Gfx micons_Plane_mesh_tri_23[] = {
	gsSPVertex(micons_Plane_mesh_vtx_23 + 0, 4, 0),
	gsSP2Triangles(0, 1, 2, 0, 0, 2, 3, 0),
	gsSPEndDisplayList(),
};

Vtx micons_Plane_mesh_vtx_24[4] = {
	{{ {-60, 0, 140}, 0, {-16, 496}, {0, 127, 0, 255} }},
	{{ {-20, 0, 140}, 0, {496, 496}, {0, 127, 0, 255} }},
	{{ {-20, 0, 100}, 0, {496, -16}, {0, 127, 0, 255} }},
	{{ {-60, 0, 100}, 0, {-16, -16}, {0, 127, 0, 255} }},
};

Gfx micons_Plane_mesh_tri_24[] = {
	gsSPVertex(micons_Plane_mesh_vtx_24 + 0, 4, 0),
	gsSP2Triangles(0, 1, 2, 0, 0, 2, 3, 0),
	gsSPEndDisplayList(),
};

Vtx micons_Plane_mesh_vtx_25[4] = {
	{{ {-20, 0, 140}, 0, {-16, 496}, {0, 127, 0, 255} }},
	{{ {20, 0, 140}, 0, {496, 496}, {0, 127, 0, 255} }},
	{{ {20, 0, 100}, 0, {496, -16}, {0, 127, 0, 255} }},
	{{ {-20, 0, 100}, 0, {-16, -16}, {0, 127, 0, 255} }},
};

Gfx micons_Plane_mesh_tri_25[] = {
	gsSPVertex(micons_Plane_mesh_vtx_25 + 0, 4, 0),
	gsSP2Triangles(0, 1, 2, 0, 0, 2, 3, 0),
	gsSPEndDisplayList(),
};

Vtx micons_Plane_mesh_vtx_26[4] = {
	{{ {20, 0, 140}, 0, {-16, 496}, {0, 127, 0, 255} }},
	{{ {60, 0, 140}, 0, {496, 496}, {0, 127, 0, 255} }},
	{{ {60, 0, 100}, 0, {496, -16}, {0, 127, 0, 255} }},
	{{ {20, 0, 100}, 0, {-16, -16}, {0, 127, 0, 255} }},
};

Gfx micons_Plane_mesh_tri_26[] = {
	gsSPVertex(micons_Plane_mesh_vtx_26 + 0, 4, 0),
	gsSP2Triangles(0, 1, 2, 0, 0, 2, 3, 0),
	gsSPEndDisplayList(),
};

Vtx micons_Plane_mesh_vtx_27[4] = {
	{{ {-100, 0, 180}, 0, {-16, 496}, {0, 127, 0, 255} }},
	{{ {-60, 0, 180}, 0, {496, 496}, {0, 127, 0, 255} }},
	{{ {-60, 0, 140}, 0, {496, -16}, {0, 127, 0, 255} }},
	{{ {-100, 0, 140}, 0, {-16, -16}, {0, 127, 0, 255} }},
};

Gfx micons_Plane_mesh_tri_27[] = {
	gsSPVertex(micons_Plane_mesh_vtx_27 + 0, 4, 0),
	gsSP2Triangles(0, 1, 2, 0, 0, 2, 3, 0),
	gsSPEndDisplayList(),
};

Vtx micons_Plane_mesh_vtx_28[4] = {
	{{ {-60, 0, 180}, 0, {-16, 496}, {0, 127, 0, 255} }},
	{{ {-20, 0, 180}, 0, {496, 496}, {0, 127, 0, 255} }},
	{{ {-20, 0, 140}, 0, {496, -16}, {0, 127, 0, 255} }},
	{{ {-60, 0, 140}, 0, {-16, -16}, {0, 127, 0, 255} }},
};

Gfx micons_Plane_mesh_tri_28[] = {
	gsSPVertex(micons_Plane_mesh_vtx_28 + 0, 4, 0),
	gsSP2Triangles(0, 1, 2, 0, 0, 2, 3, 0),
	gsSPEndDisplayList(),
};

Vtx micons_Plane_mesh_vtx_29[4] = {
	{{ {-20, 0, 180}, 0, {-16, 496}, {0, 127, 0, 255} }},
	{{ {20, 0, 180}, 0, {496, 496}, {0, 127, 0, 255} }},
	{{ {20, 0, 140}, 0, {496, -16}, {0, 127, 0, 255} }},
	{{ {-20, 0, 140}, 0, {-16, -16}, {0, 127, 0, 255} }},
};

Gfx micons_Plane_mesh_tri_29[] = {
	gsSPVertex(micons_Plane_mesh_vtx_29 + 0, 4, 0),
	gsSP2Triangles(0, 1, 2, 0, 0, 2, 3, 0),
	gsSPEndDisplayList(),
};

Vtx micons_Plane_mesh_vtx_30[4] = {
	{{ {20, 0, 180}, 0, {-16, 496}, {0, 127, 0, 255} }},
	{{ {60, 0, 180}, 0, {496, 496}, {0, 127, 0, 255} }},
	{{ {60, 0, 140}, 0, {496, -16}, {0, 127, 0, 255} }},
	{{ {20, 0, 140}, 0, {-16, -16}, {0, 127, 0, 255} }},
};

Gfx micons_Plane_mesh_tri_30[] = {
	gsSPVertex(micons_Plane_mesh_vtx_30 + 0, 4, 0),
	gsSP2Triangles(0, 1, 2, 0, 0, 2, 3, 0),
	gsSPEndDisplayList(),
};

Vtx micons_Plane_mesh_vtx_31[4] = {
	{{ {60, 0, 180}, 0, {-16, 496}, {0, 127, 0, 255} }},
	{{ {100, 0, 180}, 0, {496, 496}, {0, 127, 0, 255} }},
	{{ {100, 0, 140}, 0, {496, -16}, {0, 127, 0, 255} }},
	{{ {60, 0, 140}, 0, {-16, -16}, {0, 127, 0, 255} }},
};

Gfx micons_Plane_mesh_tri_31[] = {
	gsSPVertex(micons_Plane_mesh_vtx_31 + 0, 4, 0),
	gsSP2Triangles(0, 1, 2, 0, 0, 2, 3, 0),
	gsSPEndDisplayList(),
};

Vtx micons_Plane_mesh_vtx_32[4] = {
	{{ {60, 0, 140}, 0, {-16, 496}, {0, 127, 0, 255} }},
	{{ {100, 0, 140}, 0, {496, 496}, {0, 127, 0, 255} }},
	{{ {100, 0, 100}, 0, {496, -16}, {0, 127, 0, 255} }},
	{{ {60, 0, 100}, 0, {-16, -16}, {0, 127, 0, 255} }},
};

Gfx micons_Plane_mesh_tri_32[] = {
	gsSPVertex(micons_Plane_mesh_vtx_32 + 0, 4, 0),
	gsSP2Triangles(0, 1, 2, 0, 0, 2, 3, 0),
	gsSPEndDisplayList(),
};

Vtx micons_Plane_mesh_vtx_33[4] = {
	{{ {100, 0, 140}, 0, {-16, 496}, {0, 127, 0, 255} }},
	{{ {140, 0, 140}, 0, {496, 496}, {0, 127, 0, 255} }},
	{{ {140, 0, 100}, 0, {496, -16}, {0, 127, 0, 255} }},
	{{ {100, 0, 100}, 0, {-16, -16}, {0, 127, 0, 255} }},
};

Gfx micons_Plane_mesh_tri_33[] = {
	gsSPVertex(micons_Plane_mesh_vtx_33 + 0, 4, 0),
	gsSP2Triangles(0, 1, 2, 0, 0, 2, 3, 0),
	gsSPEndDisplayList(),
};

Vtx micons_Plane_mesh_vtx_34[4] = {
	{{ {100, 0, 180}, 0, {-16, 496}, {0, 127, 0, 255} }},
	{{ {140, 0, 180}, 0, {496, 496}, {0, 127, 0, 255} }},
	{{ {140, 0, 140}, 0, {496, -16}, {0, 127, 0, 255} }},
	{{ {100, 0, 140}, 0, {-16, -16}, {0, 127, 0, 255} }},
};

Gfx micons_Plane_mesh_tri_34[] = {
	gsSPVertex(micons_Plane_mesh_vtx_34 + 0, 4, 0),
	gsSP2Triangles(0, 1, 2, 0, 0, 2, 3, 0),
	gsSPEndDisplayList(),
};

Vtx micons_Plane_mesh_vtx_35[4] = {
	{{ {100, 0, 100}, 0, {-16, 496}, {0, 127, 0, 255} }},
	{{ {140, 0, 100}, 0, {496, 496}, {0, 127, 0, 255} }},
	{{ {140, 0, 60}, 0, {496, -16}, {0, 127, 0, 255} }},
	{{ {100, 0, 60}, 0, {-16, -16}, {0, 127, 0, 255} }},
};

Gfx micons_Plane_mesh_tri_35[] = {
	gsSPVertex(micons_Plane_mesh_vtx_35 + 0, 4, 0),
	gsSP2Triangles(0, 1, 2, 0, 0, 2, 3, 0),
	gsSPEndDisplayList(),
};

Vtx micons_Plane_mesh_vtx_36[4] = {
	{{ {100, 0, -155}, 0, {-16, 1008}, {0, 127, 0, 255} }},
	{{ {140, 0, -155}, 0, {1008, 1008}, {0, 127, 0, 255} }},
	{{ {140, 0, -195}, 0, {1008, -16}, {0, 127, 0, 255} }},
	{{ {100, 0, -195}, 0, {-16, -16}, {0, 127, 0, 255} }},
};

Gfx micons_Plane_mesh_tri_36[] = {
	gsSPVertex(micons_Plane_mesh_vtx_36 + 0, 4, 0),
	gsSP2Triangles(0, 1, 2, 0, 0, 2, 3, 0),
	gsSPEndDisplayList(),
};

Vtx micons_Plane_mesh_vtx_37[4] = {
	{{ {100, 0, -195}, 0, {0, 512}, {255, 255, 255, 255} }},
	{{ {140, 0, -195}, 0, {16384, 512}, {255, 255, 255, 255} }},
	{{ {140, 0, -235}, 0, {16384, 0}, {255, 255, 255, 255} }},
	{{ {100, 0, -235}, 0, {0, 0}, {255, 255, 255, 255} }},
};

Gfx micons_Plane_mesh_tri_37[] = {
	gsSPVertex(micons_Plane_mesh_vtx_37 + 0, 4, 0),
	gsSP2Triangles(0, 1, 2, 0, 0, 2, 3, 0),
	gsSPEndDisplayList(),
};

Vtx micons_Plane_mesh_vtx_38[4] = {
	{{ {100, 0, 60}, 0, {-16, 496}, {0, 127, 0, 255} }},
	{{ {140, 0, 60}, 0, {496, 496}, {0, 127, 0, 255} }},
	{{ {140, 0, 20}, 0, {496, -16}, {0, 127, 0, 255} }},
	{{ {100, 0, 20}, 0, {-16, -16}, {0, 127, 0, 255} }},
};

Gfx micons_Plane_mesh_tri_38[] = {
	gsSPVertex(micons_Plane_mesh_vtx_38 + 0, 4, 0),
	gsSP2Triangles(0, 1, 2, 0, 0, 2, 3, 0),
	gsSPEndDisplayList(),
};

Vtx micons_Plane_mesh_vtx_39[4] = {
	{{ {100, 0, 20}, 0, {-16, 496}, {0, 127, 0, 255} }},
	{{ {140, 0, 20}, 0, {496, 496}, {0, 127, 0, 255} }},
	{{ {140, 0, -20}, 0, {496, -16}, {0, 127, 0, 255} }},
	{{ {100, 0, -20}, 0, {-16, -16}, {0, 127, 0, 255} }},
};

Gfx micons_Plane_mesh_tri_39[] = {
	gsSPVertex(micons_Plane_mesh_vtx_39 + 0, 4, 0),
	gsSP2Triangles(0, 1, 2, 0, 0, 2, 3, 0),
	gsSPEndDisplayList(),
};

Vtx micons_Plane_mesh_vtx_40[4] = {
	{{ {100, 0, -20}, 0, {-16, 496}, {0, 127, 0, 255} }},
	{{ {140, 0, -20}, 0, {496, 496}, {0, 127, 0, 255} }},
	{{ {140, 0, -60}, 0, {496, -16}, {0, 127, 0, 255} }},
	{{ {100, 0, -60}, 0, {-16, -16}, {0, 127, 0, 255} }},
};

Gfx micons_Plane_mesh_tri_40[] = {
	gsSPVertex(micons_Plane_mesh_vtx_40 + 0, 4, 0),
	gsSP2Triangles(0, 1, 2, 0, 0, 2, 3, 0),
	gsSPEndDisplayList(),
};

Vtx micons_Plane_mesh_vtx_41[4] = {
	{{ {100, 0, -60}, 0, {-16, 496}, {0, 127, 0, 255} }},
	{{ {140, 0, -60}, 0, {496, 496}, {0, 127, 0, 255} }},
	{{ {140, 0, -100}, 0, {496, -16}, {0, 127, 0, 255} }},
	{{ {100, 0, -100}, 0, {-16, -16}, {0, 127, 0, 255} }},
};

Gfx micons_Plane_mesh_tri_41[] = {
	gsSPVertex(micons_Plane_mesh_vtx_41 + 0, 4, 0),
	gsSP2Triangles(0, 1, 2, 0, 0, 2, 3, 0),
	gsSPEndDisplayList(),
};

Vtx micons_Plane_mesh_vtx_42[4] = {
	{{ {140, 0, -60}, 0, {-16, 496}, {0, 127, 0, 255} }},
	{{ {180, 0, -60}, 0, {496, 496}, {0, 127, 0, 255} }},
	{{ {180, 0, -100}, 0, {496, -16}, {0, 127, 0, 255} }},
	{{ {140, 0, -100}, 0, {-16, -16}, {0, 127, 0, 255} }},
};

Gfx micons_Plane_mesh_tri_42[] = {
	gsSPVertex(micons_Plane_mesh_vtx_42 + 0, 4, 0),
	gsSP2Triangles(0, 1, 2, 0, 0, 2, 3, 0),
	gsSPEndDisplayList(),
};

Vtx micons_Plane_mesh_vtx_43[4] = {
	{{ {140, 0, -20}, 0, {-16, 496}, {0, 127, 0, 255} }},
	{{ {180, 0, -20}, 0, {496, 496}, {0, 127, 0, 255} }},
	{{ {180, 0, -60}, 0, {496, -16}, {0, 127, 0, 255} }},
	{{ {140, 0, -60}, 0, {-16, -16}, {0, 127, 0, 255} }},
};

Gfx micons_Plane_mesh_tri_43[] = {
	gsSPVertex(micons_Plane_mesh_vtx_43 + 0, 4, 0),
	gsSP2Triangles(0, 1, 2, 0, 0, 2, 3, 0),
	gsSPEndDisplayList(),
};

Vtx micons_Plane_mesh_vtx_44[4] = {
	{{ {140, 0, 20}, 0, {-16, 496}, {0, 127, 0, 255} }},
	{{ {180, 0, 20}, 0, {496, 496}, {0, 127, 0, 255} }},
	{{ {180, 0, -20}, 0, {496, -16}, {0, 127, 0, 255} }},
	{{ {140, 0, -20}, 0, {-16, -16}, {0, 127, 0, 255} }},
};

Gfx micons_Plane_mesh_tri_44[] = {
	gsSPVertex(micons_Plane_mesh_vtx_44 + 0, 4, 0),
	gsSP2Triangles(0, 1, 2, 0, 0, 2, 3, 0),
	gsSPEndDisplayList(),
};

Vtx micons_Plane_mesh_vtx_45[8] = {
	{{ {140, 0, 60}, 0, {-16, 496}, {0, 127, 0, 255} }},
	{{ {180, 0, 60}, 0, {496, 496}, {0, 127, 0, 255} }},
	{{ {180, 0, 20}, 0, {496, -16}, {0, 127, 0, 255} }},
	{{ {140, 0, 20}, 0, {-16, -16}, {0, 127, 0, 255} }},
	{{ {140, 0, 100}, 0, {-16, 496}, {0, 127, 0, 255} }},
	{{ {180, 0, 100}, 0, {496, 496}, {0, 127, 0, 255} }},
	{{ {180, 0, 60}, 0, {496, -16}, {0, 127, 0, 255} }},
	{{ {140, 0, 60}, 0, {-16, -16}, {0, 127, 0, 255} }},
};

Gfx micons_Plane_mesh_tri_45[] = {
	gsSPVertex(micons_Plane_mesh_vtx_45 + 0, 8, 0),
	gsSP2Triangles(0, 1, 2, 0, 0, 2, 3, 0),
	gsSP2Triangles(4, 5, 6, 0, 4, 6, 7, 0),
	gsSPEndDisplayList(),
};

Vtx micons_Plane_mesh_vtx_46[4] = {
	{{ {140, 0, 140}, 0, {-16, 496}, {0, 127, 0, 255} }},
	{{ {180, 0, 140}, 0, {496, 496}, {0, 127, 0, 255} }},
	{{ {180, 0, 100}, 0, {496, -16}, {0, 127, 0, 255} }},
	{{ {140, 0, 100}, 0, {-16, -16}, {0, 127, 0, 255} }},
};

Gfx micons_Plane_mesh_tri_46[] = {
	gsSPVertex(micons_Plane_mesh_vtx_46 + 0, 4, 0),
	gsSP2Triangles(0, 1, 2, 0, 0, 2, 3, 0),
	gsSPEndDisplayList(),
};

Vtx micons_Plane_mesh_vtx_47[4] = {
	{{ {140, 0, 180}, 0, {-16, 496}, {0, 127, 0, 255} }},
	{{ {180, 0, 180}, 0, {496, 496}, {0, 127, 0, 255} }},
	{{ {180, 0, 140}, 0, {496, -16}, {0, 127, 0, 255} }},
	{{ {140, 0, 140}, 0, {-16, -16}, {0, 127, 0, 255} }},
};

Gfx micons_Plane_mesh_tri_47[] = {
	gsSPVertex(micons_Plane_mesh_vtx_47 + 0, 4, 0),
	gsSP2Triangles(0, 1, 2, 0, 0, 2, 3, 0),
	gsSPEndDisplayList(),
};

Vtx micons_Plane_mesh_vtx_48[4] = {
	{{ {140, 0, 220}, 0, {-16, 496}, {0, 127, 0, 255} }},
	{{ {180, 0, 220}, 0, {496, 496}, {0, 127, 0, 255} }},
	{{ {180, 0, 180}, 0, {496, -16}, {0, 127, 0, 255} }},
	{{ {140, 0, 180}, 0, {-16, -16}, {0, 127, 0, 255} }},
};

Gfx micons_Plane_mesh_tri_48[] = {
	gsSPVertex(micons_Plane_mesh_vtx_48 + 0, 4, 0),
	gsSP2Triangles(0, 1, 2, 0, 0, 2, 3, 0),
	gsSPEndDisplayList(),
};

Vtx micons_Plane_mesh_vtx_49[4] = {
	{{ {100, 0, 220}, 0, {-16, 496}, {0, 127, 0, 255} }},
	{{ {140, 0, 220}, 0, {496, 496}, {0, 127, 0, 255} }},
	{{ {140, 0, 180}, 0, {496, -16}, {0, 127, 0, 255} }},
	{{ {100, 0, 180}, 0, {-16, -16}, {0, 127, 0, 255} }},
};

Gfx micons_Plane_mesh_tri_49[] = {
	gsSPVertex(micons_Plane_mesh_vtx_49 + 0, 4, 0),
	gsSP2Triangles(0, 1, 2, 0, 0, 2, 3, 0),
	gsSPEndDisplayList(),
};

Gfx mat_micons_piece[] = {
	gsSPClearGeometryMode(G_CULL_BACK),
	gsSPLightColor(LIGHT_1, 0xFFFFFFFF),
	gsSPLightColor(LIGHT_2, 0x7F7F7FFF),
	gsDPPipeSync(),
	gsDPSetCombineLERP(TEXEL0, 0, SHADE, 0, TEXEL0, 0, ENVIRONMENT, 0, TEXEL0, 0, SHADE, 0, TEXEL0, 0, ENVIRONMENT, 0),
	gsDPSetAlphaDither(G_AD_NOISE),
	gsSPTexture(65535, 65535, 0, 0, 1),
	gsDPSetTextureImage(G_IM_FMT_RGBA, G_IM_SIZ_16b_LOAD_BLOCK, 1, micons_piece_rgba16),
	gsDPSetTile(G_IM_FMT_RGBA, G_IM_SIZ_16b_LOAD_BLOCK, 0, 0, 7, 0, G_TX_WRAP | G_TX_NOMIRROR, 0, 0, G_TX_WRAP | G_TX_NOMIRROR, 0, 0),
	gsDPLoadBlock(7, 0, 0, 1023, 256),
	gsDPSetTile(G_IM_FMT_RGBA, G_IM_SIZ_16b, 8, 0, 0, 0, G_TX_WRAP | G_TX_NOMIRROR, 5, 0, G_TX_WRAP | G_TX_NOMIRROR, 5, 0),
	gsDPSetTileSize(0, 0, 0, 124, 124),
	gsSPEndDisplayList(),
};

Gfx mat_revert_micons_piece[] = {
	gsSPSetGeometryMode(G_CULL_BACK),
	gsDPPipeSync(),
	gsDPSetAlphaDither(G_AD_DISABLE),
	gsSPEndDisplayList(),
};

Gfx mat_micons_jump[] = {
	gsSPClearGeometryMode(G_CULL_BACK),
	gsSPLightColor(LIGHT_1, 0xFFFFFFFF),
	gsSPLightColor(LIGHT_2, 0x7F7F7FFF),
	gsDPPipeSync(),
	gsDPSetCombineLERP(TEXEL0, 0, SHADE, 0, TEXEL0, 0, ENVIRONMENT, 0, TEXEL0, 0, SHADE, 0, TEXEL0, 0, ENVIRONMENT, 0),
	gsDPSetAlphaDither(G_AD_NOISE),
	gsSPTexture(65535, 65535, 0, 0, 1),
	gsDPSetTextureImage(G_IM_FMT_RGBA, G_IM_SIZ_16b_LOAD_BLOCK, 1, micons_jump_rgba16),
	gsDPSetTile(G_IM_FMT_RGBA, G_IM_SIZ_16b_LOAD_BLOCK, 0, 0, 7, 0, G_TX_WRAP | G_TX_NOMIRROR, 0, 0, G_TX_WRAP | G_TX_NOMIRROR, 0, 0),
	gsDPLoadBlock(7, 0, 0, 255, 512),
	gsDPSetTile(G_IM_FMT_RGBA, G_IM_SIZ_16b, 4, 0, 0, 0, G_TX_WRAP | G_TX_NOMIRROR, 4, 0, G_TX_WRAP | G_TX_NOMIRROR, 4, 0),
	gsDPSetTileSize(0, 0, 0, 60, 60),
	gsSPEndDisplayList(),
};

Gfx mat_revert_micons_jump[] = {
	gsSPSetGeometryMode(G_CULL_BACK),
	gsDPPipeSync(),
	gsDPSetAlphaDither(G_AD_DISABLE),
	gsSPEndDisplayList(),
};

Gfx mat_micons_hand1[] = {
	gsSPLightColor(LIGHT_1, 0xFFFFFFFF),
	gsSPLightColor(LIGHT_2, 0x7F7F7FFF),
	gsDPPipeSync(),
	gsDPSetCombineLERP(TEXEL0, 0, SHADE, 0, 0, 0, 0, ENVIRONMENT, TEXEL0, 0, SHADE, 0, 0, 0, 0, ENVIRONMENT),
	gsDPSetAlphaDither(G_AD_NOISE),
	gsSPTexture(65535, 65535, 0, 0, 1),
	gsDPSetTextureImage(G_IM_FMT_RGBA, G_IM_SIZ_16b_LOAD_BLOCK, 1, micons_small_hand_1_rgba16),
	gsDPSetTile(G_IM_FMT_RGBA, G_IM_SIZ_16b_LOAD_BLOCK, 0, 0, 7, 0, G_TX_WRAP | G_TX_NOMIRROR, 0, 0, G_TX_WRAP | G_TX_NOMIRROR, 0, 0),
	gsDPLoadBlock(7, 0, 0, 255, 512),
	gsDPSetTile(G_IM_FMT_RGBA, G_IM_SIZ_16b, 4, 0, 0, 0, G_TX_WRAP | G_TX_NOMIRROR, 4, 0, G_TX_WRAP | G_TX_NOMIRROR, 4, 0),
	gsDPSetTileSize(0, 0, 0, 60, 60),
	gsSPEndDisplayList(),
};

Gfx mat_revert_micons_hand1[] = {
	gsDPPipeSync(),
	gsDPSetAlphaDither(G_AD_DISABLE),
	gsSPEndDisplayList(),
};

Gfx mat_micons_hand2[] = {
	gsSPLightColor(LIGHT_1, 0xFFFFFFFF),
	gsSPLightColor(LIGHT_2, 0x7F7F7FFF),
	gsDPPipeSync(),
	gsDPSetCombineLERP(TEXEL0, 0, SHADE, 0, 0, 0, 0, ENVIRONMENT, TEXEL0, 0, SHADE, 0, 0, 0, 0, ENVIRONMENT),
	gsDPSetAlphaDither(G_AD_NOISE),
	gsSPTexture(65535, 65535, 0, 0, 1),
	gsDPSetTextureImage(G_IM_FMT_RGBA, G_IM_SIZ_16b_LOAD_BLOCK, 1, micons_small_hand_2_rgba16),
	gsDPSetTile(G_IM_FMT_RGBA, G_IM_SIZ_16b_LOAD_BLOCK, 0, 0, 7, 0, G_TX_WRAP | G_TX_NOMIRROR, 0, 0, G_TX_WRAP | G_TX_NOMIRROR, 0, 0),
	gsDPLoadBlock(7, 0, 0, 255, 512),
	gsDPSetTile(G_IM_FMT_RGBA, G_IM_SIZ_16b, 4, 0, 0, 0, G_TX_WRAP | G_TX_NOMIRROR, 4, 0, G_TX_WRAP | G_TX_NOMIRROR, 4, 0),
	gsDPSetTileSize(0, 0, 0, 60, 60),
	gsSPEndDisplayList(),
};

Gfx mat_revert_micons_hand2[] = {
	gsDPPipeSync(),
	gsDPSetAlphaDither(G_AD_DISABLE),
	gsSPEndDisplayList(),
};

Gfx mat_micons_onepow[] = {
	gsSPLightColor(LIGHT_1, 0xFFFFFFFF),
	gsSPLightColor(LIGHT_2, 0x7F7F7FFF),
	gsDPPipeSync(),
	gsDPSetCombineLERP(TEXEL0, 0, SHADE, 0, 0, 0, 0, ENVIRONMENT, TEXEL0, 0, SHADE, 0, 0, 0, 0, ENVIRONMENT),
	gsDPSetAlphaDither(G_AD_NOISE),
	gsSPTexture(65535, 65535, 0, 0, 1),
	gsDPSetTextureImage(G_IM_FMT_RGBA, G_IM_SIZ_16b_LOAD_BLOCK, 1, micons_onepow_rgba16),
	gsDPSetTile(G_IM_FMT_RGBA, G_IM_SIZ_16b_LOAD_BLOCK, 0, 0, 7, 0, G_TX_WRAP | G_TX_NOMIRROR, 0, 0, G_TX_WRAP | G_TX_NOMIRROR, 0, 0),
	gsDPLoadBlock(7, 0, 0, 255, 512),
	gsDPSetTile(G_IM_FMT_RGBA, G_IM_SIZ_16b, 4, 0, 0, 0, G_TX_WRAP | G_TX_NOMIRROR, 4, 0, G_TX_WRAP | G_TX_NOMIRROR, 4, 0),
	gsDPSetTileSize(0, 0, 0, 60, 60),
	gsSPEndDisplayList(),
};

Gfx mat_revert_micons_onepow[] = {
	gsDPPipeSync(),
	gsDPSetAlphaDither(G_AD_DISABLE),
	gsSPEndDisplayList(),
};

Gfx mat_micons_ground[] = {
	gsSPLightColor(LIGHT_1, 0xFFFFFFFF),
	gsSPLightColor(LIGHT_2, 0x7F7F7FFF),
	gsDPPipeSync(),
	gsDPSetCombineLERP(TEXEL0, 0, SHADE, 0, 0, 0, 0, ENVIRONMENT, TEXEL0, 0, SHADE, 0, 0, 0, 0, ENVIRONMENT),
	gsDPSetAlphaDither(G_AD_NOISE),
	gsSPTexture(65535, 65535, 0, 0, 1),
	gsDPSetTextureImage(G_IM_FMT_RGBA, G_IM_SIZ_16b_LOAD_BLOCK, 1, micons_ground_rgba16),
	gsDPSetTile(G_IM_FMT_RGBA, G_IM_SIZ_16b_LOAD_BLOCK, 0, 0, 7, 0, G_TX_WRAP | G_TX_NOMIRROR, 0, 0, G_TX_WRAP | G_TX_NOMIRROR, 0, 0),
	gsDPLoadBlock(7, 0, 0, 255, 512),
	gsDPSetTile(G_IM_FMT_RGBA, G_IM_SIZ_16b, 4, 0, 0, 0, G_TX_WRAP | G_TX_NOMIRROR, 4, 0, G_TX_WRAP | G_TX_NOMIRROR, 4, 0),
	gsDPSetTileSize(0, 0, 0, 60, 60),
	gsSPEndDisplayList(),
};

Gfx mat_revert_micons_ground[] = {
	gsDPPipeSync(),
	gsDPSetAlphaDither(G_AD_DISABLE),
	gsSPEndDisplayList(),
};

Gfx mat_micons_wall[] = {
	gsSPLightColor(LIGHT_1, 0xFFFFFFFF),
	gsSPLightColor(LIGHT_2, 0x7F7F7FFF),
	gsDPPipeSync(),
	gsDPSetCombineLERP(TEXEL0, 0, SHADE, 0, 0, 0, 0, ENVIRONMENT, TEXEL0, 0, SHADE, 0, 0, 0, 0, ENVIRONMENT),
	gsDPSetAlphaDither(G_AD_NOISE),
	gsSPTexture(65535, 65535, 0, 0, 1),
	gsDPSetTextureImage(G_IM_FMT_RGBA, G_IM_SIZ_16b_LOAD_BLOCK, 1, micons_wall_rgba16),
	gsDPSetTile(G_IM_FMT_RGBA, G_IM_SIZ_16b_LOAD_BLOCK, 0, 0, 7, 0, G_TX_WRAP | G_TX_NOMIRROR, 0, 0, G_TX_WRAP | G_TX_NOMIRROR, 0, 0),
	gsDPLoadBlock(7, 0, 0, 255, 512),
	gsDPSetTile(G_IM_FMT_RGBA, G_IM_SIZ_16b, 4, 0, 0, 0, G_TX_WRAP | G_TX_NOMIRROR, 4, 0, G_TX_WRAP | G_TX_NOMIRROR, 4, 0),
	gsDPSetTileSize(0, 0, 0, 60, 60),
	gsSPEndDisplayList(),
};

Gfx mat_revert_micons_wall[] = {
	gsDPPipeSync(),
	gsDPSetAlphaDither(G_AD_DISABLE),
	gsSPEndDisplayList(),
};

Gfx mat_micons_a[] = {
	gsSPLightColor(LIGHT_1, 0xFFFFFFFF),
	gsSPLightColor(LIGHT_2, 0x7F7F7FFF),
	gsDPPipeSync(),
	gsDPSetCombineLERP(TEXEL0, 0, SHADE, 0, 0, 0, 0, ENVIRONMENT, TEXEL0, 0, SHADE, 0, 0, 0, 0, ENVIRONMENT),
	gsDPSetAlphaDither(G_AD_NOISE),
	gsSPTexture(65535, 65535, 0, 0, 1),
	gsDPSetTextureImage(G_IM_FMT_RGBA, G_IM_SIZ_16b_LOAD_BLOCK, 1, micons_abtn_rgba16),
	gsDPSetTile(G_IM_FMT_RGBA, G_IM_SIZ_16b_LOAD_BLOCK, 0, 0, 7, 0, G_TX_WRAP | G_TX_NOMIRROR, 0, 0, G_TX_WRAP | G_TX_NOMIRROR, 0, 0),
	gsDPLoadBlock(7, 0, 0, 255, 512),
	gsDPSetTile(G_IM_FMT_RGBA, G_IM_SIZ_16b, 4, 0, 0, 0, G_TX_WRAP | G_TX_NOMIRROR, 4, 0, G_TX_WRAP | G_TX_NOMIRROR, 4, 0),
	gsDPSetTileSize(0, 0, 0, 60, 60),
	gsSPEndDisplayList(),
};

Gfx mat_revert_micons_a[] = {
	gsDPPipeSync(),
	gsDPSetAlphaDither(G_AD_DISABLE),
	gsSPEndDisplayList(),
};

Gfx mat_micons_b[] = {
	gsSPLightColor(LIGHT_1, 0xFFFFFFFF),
	gsSPLightColor(LIGHT_2, 0x7F7F7FFF),
	gsDPPipeSync(),
	gsDPSetCombineLERP(TEXEL0, 0, SHADE, 0, 0, 0, 0, ENVIRONMENT, TEXEL0, 0, SHADE, 0, 0, 0, 0, ENVIRONMENT),
	gsDPSetAlphaDither(G_AD_NOISE),
	gsSPTexture(65535, 65535, 0, 0, 1),
	gsDPSetTextureImage(G_IM_FMT_RGBA, G_IM_SIZ_16b_LOAD_BLOCK, 1, micons_bbtn_rgba16),
	gsDPSetTile(G_IM_FMT_RGBA, G_IM_SIZ_16b_LOAD_BLOCK, 0, 0, 7, 0, G_TX_WRAP | G_TX_NOMIRROR, 0, 0, G_TX_WRAP | G_TX_NOMIRROR, 0, 0),
	gsDPLoadBlock(7, 0, 0, 255, 512),
	gsDPSetTile(G_IM_FMT_RGBA, G_IM_SIZ_16b, 4, 0, 0, 0, G_TX_WRAP | G_TX_NOMIRROR, 4, 0, G_TX_WRAP | G_TX_NOMIRROR, 4, 0),
	gsDPSetTileSize(0, 0, 0, 60, 60),
	gsSPEndDisplayList(),
};

Gfx mat_revert_micons_b[] = {
	gsDPPipeSync(),
	gsDPSetAlphaDither(G_AD_DISABLE),
	gsSPEndDisplayList(),
};

Gfx mat_micons_clock[] = {
	gsSPLightColor(LIGHT_1, 0xFFFFFFFF),
	gsSPLightColor(LIGHT_2, 0x7F7F7FFF),
	gsDPPipeSync(),
	gsDPSetCombineLERP(TEXEL0, 0, SHADE, 0, 0, 0, 0, ENVIRONMENT, TEXEL0, 0, SHADE, 0, 0, 0, 0, ENVIRONMENT),
	gsDPSetAlphaDither(G_AD_NOISE),
	gsSPTexture(65535, 65535, 0, 0, 1),
	gsDPSetTextureImage(G_IM_FMT_RGBA, G_IM_SIZ_16b_LOAD_BLOCK, 1, micons_clock_rgba16),
	gsDPSetTile(G_IM_FMT_RGBA, G_IM_SIZ_16b_LOAD_BLOCK, 0, 0, 7, 0, G_TX_WRAP | G_TX_NOMIRROR, 0, 0, G_TX_WRAP | G_TX_NOMIRROR, 0, 0),
	gsDPLoadBlock(7, 0, 0, 255, 512),
	gsDPSetTile(G_IM_FMT_RGBA, G_IM_SIZ_16b, 4, 0, 0, 0, G_TX_WRAP | G_TX_NOMIRROR, 4, 0, G_TX_WRAP | G_TX_NOMIRROR, 4, 0),
	gsDPSetTileSize(0, 0, 0, 60, 60),
	gsSPEndDisplayList(),
};

Gfx mat_revert_micons_clock[] = {
	gsDPPipeSync(),
	gsDPSetAlphaDither(G_AD_DISABLE),
	gsSPEndDisplayList(),
};

Gfx mat_micons_attack[] = {
	gsSPLightColor(LIGHT_1, 0xFFFFFFFF),
	gsSPLightColor(LIGHT_2, 0x7F7F7FFF),
	gsDPPipeSync(),
	gsDPSetCombineLERP(TEXEL0, 0, SHADE, 0, 0, 0, 0, ENVIRONMENT, TEXEL0, 0, SHADE, 0, 0, 0, 0, ENVIRONMENT),
	gsDPSetAlphaDither(G_AD_NOISE),
	gsSPTexture(65535, 65535, 0, 0, 1),
	gsDPSetTextureImage(G_IM_FMT_RGBA, G_IM_SIZ_16b_LOAD_BLOCK, 1, micons_pow_rgba16),
	gsDPSetTile(G_IM_FMT_RGBA, G_IM_SIZ_16b_LOAD_BLOCK, 0, 0, 7, 0, G_TX_WRAP | G_TX_NOMIRROR, 0, 0, G_TX_WRAP | G_TX_NOMIRROR, 0, 0),
	gsDPLoadBlock(7, 0, 0, 255, 512),
	gsDPSetTile(G_IM_FMT_RGBA, G_IM_SIZ_16b, 4, 0, 0, 0, G_TX_WRAP | G_TX_NOMIRROR, 4, 0, G_TX_WRAP | G_TX_NOMIRROR, 4, 0),
	gsDPSetTileSize(0, 0, 0, 60, 60),
	gsSPEndDisplayList(),
};

Gfx mat_revert_micons_attack[] = {
	gsDPPipeSync(),
	gsDPSetAlphaDither(G_AD_DISABLE),
	gsSPEndDisplayList(),
};

Gfx mat_micons_spd[] = {
	gsSPLightColor(LIGHT_1, 0xFFFFFFFF),
	gsSPLightColor(LIGHT_2, 0x7F7F7FFF),
	gsDPPipeSync(),
	gsDPSetCombineLERP(TEXEL0, 0, SHADE, 0, 0, 0, 0, ENVIRONMENT, TEXEL0, 0, SHADE, 0, 0, 0, 0, ENVIRONMENT),
	gsDPSetAlphaDither(G_AD_NOISE),
	gsSPTexture(65535, 65535, 0, 0, 1),
	gsDPSetTextureImage(G_IM_FMT_RGBA, G_IM_SIZ_16b_LOAD_BLOCK, 1, micons_spd_rgba16),
	gsDPSetTile(G_IM_FMT_RGBA, G_IM_SIZ_16b_LOAD_BLOCK, 0, 0, 7, 0, G_TX_WRAP | G_TX_NOMIRROR, 0, 0, G_TX_WRAP | G_TX_NOMIRROR, 0, 0),
	gsDPLoadBlock(7, 0, 0, 255, 512),
	gsDPSetTile(G_IM_FMT_RGBA, G_IM_SIZ_16b, 4, 0, 0, 0, G_TX_WRAP | G_TX_NOMIRROR, 4, 0, G_TX_WRAP | G_TX_NOMIRROR, 4, 0),
	gsDPSetTileSize(0, 0, 0, 60, 60),
	gsSPEndDisplayList(),
};

Gfx mat_revert_micons_spd[] = {
	gsDPPipeSync(),
	gsDPSetAlphaDither(G_AD_DISABLE),
	gsSPEndDisplayList(),
};

Gfx mat_micons_btngen[] = {
	gsSPLightColor(LIGHT_1, 0xFFFFFFFF),
	gsSPLightColor(LIGHT_2, 0x7F7F7FFF),
	gsDPPipeSync(),
	gsDPSetCombineLERP(TEXEL0, 0, SHADE, 0, 0, 0, 0, ENVIRONMENT, TEXEL0, 0, SHADE, 0, 0, 0, 0, ENVIRONMENT),
	gsDPSetAlphaDither(G_AD_NOISE),
	gsSPTexture(65535, 65535, 0, 0, 1),
	gsDPSetTextureImage(G_IM_FMT_RGBA, G_IM_SIZ_16b_LOAD_BLOCK, 1, micons_btngen_rgba16),
	gsDPSetTile(G_IM_FMT_RGBA, G_IM_SIZ_16b_LOAD_BLOCK, 0, 0, 7, 0, G_TX_WRAP | G_TX_NOMIRROR, 0, 0, G_TX_WRAP | G_TX_NOMIRROR, 0, 0),
	gsDPLoadBlock(7, 0, 0, 255, 512),
	gsDPSetTile(G_IM_FMT_RGBA, G_IM_SIZ_16b, 4, 0, 0, 0, G_TX_WRAP | G_TX_NOMIRROR, 4, 0, G_TX_WRAP | G_TX_NOMIRROR, 4, 0),
	gsDPSetTileSize(0, 0, 0, 60, 60),
	gsSPEndDisplayList(),
};

Gfx mat_revert_micons_btngen[] = {
	gsDPPipeSync(),
	gsDPSetAlphaDither(G_AD_DISABLE),
	gsSPEndDisplayList(),
};

Gfx mat_micons_exec[] = {
	gsSPLightColor(LIGHT_1, 0xFFFFFFFF),
	gsSPLightColor(LIGHT_2, 0x7F7F7FFF),
	gsDPPipeSync(),
	gsDPSetCombineLERP(TEXEL0, 0, SHADE, 0, 0, 0, 0, ENVIRONMENT, TEXEL0, 0, SHADE, 0, 0, 0, 0, ENVIRONMENT),
	gsDPSetAlphaDither(G_AD_NOISE),
	gsSPTexture(65535, 65535, 0, 0, 1),
	gsDPSetTextureImage(G_IM_FMT_RGBA, G_IM_SIZ_16b_LOAD_BLOCK, 1, micons_executing_rgba16),
	gsDPSetTile(G_IM_FMT_RGBA, G_IM_SIZ_16b_LOAD_BLOCK, 0, 0, 7, 0, G_TX_WRAP | G_TX_NOMIRROR, 0, 0, G_TX_WRAP | G_TX_NOMIRROR, 0, 0),
	gsDPLoadBlock(7, 0, 0, 255, 512),
	gsDPSetTile(G_IM_FMT_RGBA, G_IM_SIZ_16b, 4, 0, 0, 0, G_TX_WRAP | G_TX_NOMIRROR, 4, 0, G_TX_WRAP | G_TX_NOMIRROR, 4, 0),
	gsDPSetTileSize(0, 0, 0, 60, 60),
	gsSPEndDisplayList(),
};

Gfx mat_revert_micons_exec[] = {
	gsDPPipeSync(),
	gsDPSetAlphaDither(G_AD_DISABLE),
	gsSPEndDisplayList(),
};

Gfx mat_micons_hover[] = {
	gsSPLightColor(LIGHT_1, 0xFFFFFFFF),
	gsSPLightColor(LIGHT_2, 0x7F7F7FFF),
	gsDPPipeSync(),
	gsDPSetCombineLERP(TEXEL0, 0, SHADE, 0, 0, 0, 0, ENVIRONMENT, TEXEL0, 0, SHADE, 0, 0, 0, 0, ENVIRONMENT),
	gsDPSetAlphaDither(G_AD_NOISE),
	gsSPTexture(65535, 65535, 0, 0, 1),
	gsDPSetTextureImage(G_IM_FMT_RGBA, G_IM_SIZ_16b_LOAD_BLOCK, 1, micons_hover_rgba16),
	gsDPSetTile(G_IM_FMT_RGBA, G_IM_SIZ_16b_LOAD_BLOCK, 0, 0, 7, 0, G_TX_WRAP | G_TX_NOMIRROR, 0, 0, G_TX_WRAP | G_TX_NOMIRROR, 0, 0),
	gsDPLoadBlock(7, 0, 0, 255, 512),
	gsDPSetTile(G_IM_FMT_RGBA, G_IM_SIZ_16b, 4, 0, 0, 0, G_TX_WRAP | G_TX_NOMIRROR, 4, 0, G_TX_WRAP | G_TX_NOMIRROR, 4, 0),
	gsDPSetTileSize(0, 0, 0, 60, 60),
	gsSPEndDisplayList(),
};

Gfx mat_revert_micons_hover[] = {
	gsDPPipeSync(),
	gsDPSetAlphaDither(G_AD_DISABLE),
	gsSPEndDisplayList(),
};

Gfx mat_micons_inpnotif[] = {
	gsSPLightColor(LIGHT_1, 0xFFFFFFFF),
	gsSPLightColor(LIGHT_2, 0x7F7F7FFF),
	gsDPPipeSync(),
	gsDPSetCombineLERP(TEXEL0, 0, SHADE, 0, 0, 0, 0, ENVIRONMENT, TEXEL0, 0, SHADE, 0, 0, 0, 0, ENVIRONMENT),
	gsDPSetAlphaDither(G_AD_NOISE),
	gsSPTexture(65535, 65535, 0, 0, 1),
	gsDPSetTextureImage(G_IM_FMT_RGBA, G_IM_SIZ_16b_LOAD_BLOCK, 1, micons_inpnotif_rgba16),
	gsDPSetTile(G_IM_FMT_RGBA, G_IM_SIZ_16b_LOAD_BLOCK, 0, 0, 7, 0, G_TX_WRAP | G_TX_NOMIRROR, 0, 0, G_TX_WRAP | G_TX_NOMIRROR, 0, 0),
	gsDPLoadBlock(7, 0, 0, 255, 512),
	gsDPSetTile(G_IM_FMT_RGBA, G_IM_SIZ_16b, 4, 0, 0, 0, G_TX_WRAP | G_TX_NOMIRROR, 4, 0, G_TX_WRAP | G_TX_NOMIRROR, 4, 0),
	gsDPSetTileSize(0, 0, 0, 60, 60),
	gsSPEndDisplayList(),
};

Gfx mat_revert_micons_inpnotif[] = {
	gsDPPipeSync(),
	gsDPSetAlphaDither(G_AD_DISABLE),
	gsSPEndDisplayList(),
};

Gfx mat_micons_repeat[] = {
	gsSPClearGeometryMode(G_CULL_BACK),
	gsSPLightColor(LIGHT_1, 0xFFFFFFFF),
	gsSPLightColor(LIGHT_2, 0x7F7F7FFF),
	gsDPPipeSync(),
	gsDPSetCombineLERP(TEXEL0, 0, SHADE, 0, TEXEL0, 0, ENVIRONMENT, 0, TEXEL0, 0, SHADE, 0, TEXEL0, 0, ENVIRONMENT, 0),
	gsDPSetAlphaDither(G_AD_NOISE),
	gsSPTexture(65535, 65535, 0, 0, 1),
	gsDPSetTextureImage(G_IM_FMT_RGBA, G_IM_SIZ_16b_LOAD_BLOCK, 1, micons_repeat_rgba16),
	gsDPSetTile(G_IM_FMT_RGBA, G_IM_SIZ_16b_LOAD_BLOCK, 0, 0, 7, 0, G_TX_WRAP | G_TX_NOMIRROR, 0, 0, G_TX_WRAP | G_TX_NOMIRROR, 0, 0),
	gsDPLoadBlock(7, 0, 0, 255, 512),
	gsDPSetTile(G_IM_FMT_RGBA, G_IM_SIZ_16b, 4, 0, 0, 0, G_TX_WRAP | G_TX_NOMIRROR, 4, 0, G_TX_WRAP | G_TX_NOMIRROR, 4, 0),
	gsDPSetTileSize(0, 0, 0, 60, 60),
	gsSPEndDisplayList(),
};

Gfx mat_revert_micons_repeat[] = {
	gsSPSetGeometryMode(G_CULL_BACK),
	gsDPPipeSync(),
	gsDPSetAlphaDither(G_AD_DISABLE),
	gsSPEndDisplayList(),
};

Gfx mat_micons_swap[] = {
	gsSPLightColor(LIGHT_1, 0xFFFFFFFF),
	gsSPLightColor(LIGHT_2, 0x7F7F7FFF),
	gsDPPipeSync(),
	gsDPSetCombineLERP(TEXEL0, 0, SHADE, 0, 0, 0, 0, ENVIRONMENT, TEXEL0, 0, SHADE, 0, 0, 0, 0, ENVIRONMENT),
	gsDPSetAlphaDither(G_AD_NOISE),
	gsSPTexture(65535, 65535, 0, 0, 1),
	gsDPSetTextureImage(G_IM_FMT_RGBA, G_IM_SIZ_16b_LOAD_BLOCK, 1, micons_swap_rgba16),
	gsDPSetTile(G_IM_FMT_RGBA, G_IM_SIZ_16b_LOAD_BLOCK, 0, 0, 7, 0, G_TX_WRAP | G_TX_NOMIRROR, 0, 0, G_TX_WRAP | G_TX_NOMIRROR, 0, 0),
	gsDPLoadBlock(7, 0, 0, 255, 512),
	gsDPSetTile(G_IM_FMT_RGBA, G_IM_SIZ_16b, 4, 0, 0, 0, G_TX_WRAP | G_TX_NOMIRROR, 4, 0, G_TX_WRAP | G_TX_NOMIRROR, 4, 0),
	gsDPSetTileSize(0, 0, 0, 60, 60),
	gsSPEndDisplayList(),
};

Gfx mat_revert_micons_swap[] = {
	gsDPPipeSync(),
	gsDPSetAlphaDither(G_AD_DISABLE),
	gsSPEndDisplayList(),
};

Gfx mat_micons_cap[] = {
	gsSPLightColor(LIGHT_1, 0xFFFFFFFF),
	gsSPLightColor(LIGHT_2, 0x7F7F7FFF),
	gsDPPipeSync(),
	gsDPSetCombineLERP(TEXEL0, 0, SHADE, 0, 0, 0, 0, ENVIRONMENT, TEXEL0, 0, SHADE, 0, 0, 0, 0, ENVIRONMENT),
	gsDPSetAlphaDither(G_AD_NOISE),
	gsSPTexture(65535, 65535, 0, 0, 1),
	gsDPSetTextureImage(G_IM_FMT_RGBA, G_IM_SIZ_16b_LOAD_BLOCK, 1, micons_cap_rgba16),
	gsDPSetTile(G_IM_FMT_RGBA, G_IM_SIZ_16b_LOAD_BLOCK, 0, 0, 7, 0, G_TX_WRAP | G_TX_NOMIRROR, 0, 0, G_TX_WRAP | G_TX_NOMIRROR, 0, 0),
	gsDPLoadBlock(7, 0, 0, 255, 512),
	gsDPSetTile(G_IM_FMT_RGBA, G_IM_SIZ_16b, 4, 0, 0, 0, G_TX_WRAP | G_TX_NOMIRROR, 4, 0, G_TX_WRAP | G_TX_NOMIRROR, 4, 0),
	gsDPSetTileSize(0, 0, 0, 60, 60),
	gsSPEndDisplayList(),
};

Gfx mat_revert_micons_cap[] = {
	gsDPPipeSync(),
	gsDPSetAlphaDither(G_AD_DISABLE),
	gsSPEndDisplayList(),
};

Gfx mat_micons_grapple[] = {
	gsSPLightColor(LIGHT_1, 0xFFFFFFFF),
	gsSPLightColor(LIGHT_2, 0x7F7F7FFF),
	gsDPPipeSync(),
	gsDPSetCombineLERP(TEXEL0, 0, SHADE, 0, 0, 0, 0, ENVIRONMENT, TEXEL0, 0, SHADE, 0, 0, 0, 0, ENVIRONMENT),
	gsDPSetAlphaDither(G_AD_NOISE),
	gsSPTexture(65535, 65535, 0, 0, 1),
	gsDPSetTextureImage(G_IM_FMT_RGBA, G_IM_SIZ_16b_LOAD_BLOCK, 1, micons_grapple_rgba16),
	gsDPSetTile(G_IM_FMT_RGBA, G_IM_SIZ_16b_LOAD_BLOCK, 0, 0, 7, 0, G_TX_WRAP | G_TX_NOMIRROR, 0, 0, G_TX_WRAP | G_TX_NOMIRROR, 0, 0),
	gsDPLoadBlock(7, 0, 0, 255, 512),
	gsDPSetTile(G_IM_FMT_RGBA, G_IM_SIZ_16b, 4, 0, 0, 0, G_TX_WRAP | G_TX_NOMIRROR, 4, 0, G_TX_WRAP | G_TX_NOMIRROR, 4, 0),
	gsDPSetTileSize(0, 0, 0, 60, 60),
	gsSPEndDisplayList(),
};

Gfx mat_revert_micons_grapple[] = {
	gsDPPipeSync(),
	gsDPSetAlphaDither(G_AD_DISABLE),
	gsSPEndDisplayList(),
};

Gfx mat_micons_lock[] = {
	gsSPLightColor(LIGHT_1, 0xFFFFFFFF),
	gsSPLightColor(LIGHT_2, 0x7F7F7FFF),
	gsDPPipeSync(),
	gsDPSetCombineLERP(TEXEL0, 0, SHADE, 0, 0, 0, 0, ENVIRONMENT, TEXEL0, 0, SHADE, 0, 0, 0, 0, ENVIRONMENT),
	gsDPSetAlphaDither(G_AD_NOISE),
	gsSPTexture(65535, 65535, 0, 0, 1),
	gsDPSetTextureImage(G_IM_FMT_RGBA, G_IM_SIZ_16b_LOAD_BLOCK, 1, micons_lock_rgba16),
	gsDPSetTile(G_IM_FMT_RGBA, G_IM_SIZ_16b_LOAD_BLOCK, 0, 0, 7, 0, G_TX_WRAP | G_TX_NOMIRROR, 0, 0, G_TX_WRAP | G_TX_NOMIRROR, 0, 0),
	gsDPLoadBlock(7, 0, 0, 255, 512),
	gsDPSetTile(G_IM_FMT_RGBA, G_IM_SIZ_16b, 4, 0, 0, 0, G_TX_WRAP | G_TX_NOMIRROR, 4, 0, G_TX_WRAP | G_TX_NOMIRROR, 4, 0),
	gsDPSetTileSize(0, 0, 0, 60, 60),
	gsSPEndDisplayList(),
};

Gfx mat_revert_micons_lock[] = {
	gsDPPipeSync(),
	gsDPSetAlphaDither(G_AD_DISABLE),
	gsSPEndDisplayList(),
};

Gfx mat_micons_grav[] = {
	gsSPLightColor(LIGHT_1, 0xFFFFFFFF),
	gsSPLightColor(LIGHT_2, 0x7F7F7FFF),
	gsDPPipeSync(),
	gsDPSetCombineLERP(TEXEL0, 0, SHADE, 0, 0, 0, 0, ENVIRONMENT, TEXEL0, 0, SHADE, 0, 0, 0, 0, ENVIRONMENT),
	gsDPSetAlphaDither(G_AD_NOISE),
	gsSPTexture(65535, 65535, 0, 0, 1),
	gsDPSetTextureImage(G_IM_FMT_RGBA, G_IM_SIZ_16b_LOAD_BLOCK, 1, micons_grav_rgba16),
	gsDPSetTile(G_IM_FMT_RGBA, G_IM_SIZ_16b_LOAD_BLOCK, 0, 0, 7, 0, G_TX_WRAP | G_TX_NOMIRROR, 0, 0, G_TX_WRAP | G_TX_NOMIRROR, 0, 0),
	gsDPLoadBlock(7, 0, 0, 255, 512),
	gsDPSetTile(G_IM_FMT_RGBA, G_IM_SIZ_16b, 4, 0, 0, 0, G_TX_WRAP | G_TX_NOMIRROR, 4, 0, G_TX_WRAP | G_TX_NOMIRROR, 4, 0),
	gsDPSetTileSize(0, 0, 0, 60, 60),
	gsSPEndDisplayList(),
};

Gfx mat_revert_micons_grav[] = {
	gsDPPipeSync(),
	gsDPSetAlphaDither(G_AD_DISABLE),
	gsSPEndDisplayList(),
};

Gfx mat_micons_key[] = {
	gsSPLightColor(LIGHT_1, 0xFFFFFFFF),
	gsSPLightColor(LIGHT_2, 0x7F7F7FFF),
	gsDPPipeSync(),
	gsDPSetCombineLERP(TEXEL0, 0, SHADE, 0, 0, 0, 0, ENVIRONMENT, TEXEL0, 0, SHADE, 0, 0, 0, 0, ENVIRONMENT),
	gsDPSetAlphaDither(G_AD_NOISE),
	gsSPTexture(65535, 65535, 0, 0, 1),
	gsDPSetTextureImage(G_IM_FMT_RGBA, G_IM_SIZ_16b_LOAD_BLOCK, 1, micons_key_rgba16),
	gsDPSetTile(G_IM_FMT_RGBA, G_IM_SIZ_16b_LOAD_BLOCK, 0, 0, 7, 0, G_TX_WRAP | G_TX_NOMIRROR, 0, 0, G_TX_WRAP | G_TX_NOMIRROR, 0, 0),
	gsDPLoadBlock(7, 0, 0, 255, 512),
	gsDPSetTile(G_IM_FMT_RGBA, G_IM_SIZ_16b, 4, 0, 0, 0, G_TX_WRAP | G_TX_NOMIRROR, 4, 0, G_TX_WRAP | G_TX_NOMIRROR, 4, 0),
	gsDPSetTileSize(0, 0, 0, 60, 60),
	gsSPEndDisplayList(),
};

Gfx mat_revert_micons_key[] = {
	gsDPPipeSync(),
	gsDPSetAlphaDither(G_AD_DISABLE),
	gsSPEndDisplayList(),
};

Gfx mat_micons_vanity[] = {
	gsSPLightColor(LIGHT_1, 0xFFFFFFFF),
	gsSPLightColor(LIGHT_2, 0x7F7F7FFF),
	gsDPPipeSync(),
	gsDPSetCombineLERP(TEXEL0, 0, SHADE, 0, 0, 0, 0, ENVIRONMENT, TEXEL0, 0, SHADE, 0, 0, 0, 0, ENVIRONMENT),
	gsDPSetAlphaDither(G_AD_NOISE),
	gsSPTexture(65535, 65535, 0, 0, 1),
	gsDPSetTextureImage(G_IM_FMT_RGBA, G_IM_SIZ_16b_LOAD_BLOCK, 1, micons_vanity_rgba16),
	gsDPSetTile(G_IM_FMT_RGBA, G_IM_SIZ_16b_LOAD_BLOCK, 0, 0, 7, 0, G_TX_WRAP | G_TX_NOMIRROR, 0, 0, G_TX_WRAP | G_TX_NOMIRROR, 0, 0),
	gsDPLoadBlock(7, 0, 0, 255, 512),
	gsDPSetTile(G_IM_FMT_RGBA, G_IM_SIZ_16b, 4, 0, 0, 0, G_TX_WRAP | G_TX_NOMIRROR, 4, 0, G_TX_WRAP | G_TX_NOMIRROR, 4, 0),
	gsDPSetTileSize(0, 0, 0, 60, 60),
	gsSPEndDisplayList(),
};

Gfx mat_revert_micons_vanity[] = {
	gsDPPipeSync(),
	gsDPSetAlphaDither(G_AD_DISABLE),
	gsSPEndDisplayList(),
};

Gfx mat_micons_settings[] = {
	gsSPLightColor(LIGHT_1, 0xFFFFFFFF),
	gsSPLightColor(LIGHT_2, 0x7F7F7FFF),
	gsDPPipeSync(),
	gsDPSetCombineLERP(TEXEL0, 0, SHADE, 0, 0, 0, 0, ENVIRONMENT, TEXEL0, 0, SHADE, 0, 0, 0, 0, ENVIRONMENT),
	gsDPSetAlphaDither(G_AD_NOISE),
	gsSPTexture(65535, 65535, 0, 0, 1),
	gsDPSetTextureImage(G_IM_FMT_RGBA, G_IM_SIZ_16b_LOAD_BLOCK, 1, micons_gear_rgba16),
	gsDPSetTile(G_IM_FMT_RGBA, G_IM_SIZ_16b_LOAD_BLOCK, 0, 0, 7, 0, G_TX_WRAP | G_TX_NOMIRROR, 0, 0, G_TX_WRAP | G_TX_NOMIRROR, 0, 0),
	gsDPLoadBlock(7, 0, 0, 255, 512),
	gsDPSetTile(G_IM_FMT_RGBA, G_IM_SIZ_16b, 4, 0, 0, 0, G_TX_WRAP | G_TX_NOMIRROR, 4, 0, G_TX_WRAP | G_TX_NOMIRROR, 4, 0),
	gsDPSetTileSize(0, 0, 0, 60, 60),
	gsSPEndDisplayList(),
};

Gfx mat_revert_micons_settings[] = {
	gsDPPipeSync(),
	gsDPSetAlphaDither(G_AD_DISABLE),
	gsSPEndDisplayList(),
};

Gfx mat_micons_warn[] = {
	gsSPLightColor(LIGHT_1, 0xFFFFFFFF),
	gsSPLightColor(LIGHT_2, 0x7F7F7FFF),
	gsDPPipeSync(),
	gsDPSetCombineLERP(TEXEL0, 0, SHADE, 0, 0, 0, 0, ENVIRONMENT, TEXEL0, 0, SHADE, 0, 0, 0, 0, ENVIRONMENT),
	gsDPSetAlphaDither(G_AD_NOISE),
	gsSPTexture(65535, 65535, 0, 0, 1),
	gsDPSetTextureImage(G_IM_FMT_RGBA, G_IM_SIZ_16b_LOAD_BLOCK, 1, micons_warn_rgba16),
	gsDPSetTile(G_IM_FMT_RGBA, G_IM_SIZ_16b_LOAD_BLOCK, 0, 0, 7, 0, G_TX_WRAP | G_TX_NOMIRROR, 0, 0, G_TX_WRAP | G_TX_NOMIRROR, 0, 0),
	gsDPLoadBlock(7, 0, 0, 255, 512),
	gsDPSetTile(G_IM_FMT_RGBA, G_IM_SIZ_16b, 4, 0, 0, 0, G_TX_WRAP | G_TX_NOMIRROR, 4, 0, G_TX_WRAP | G_TX_NOMIRROR, 4, 0),
	gsDPSetTileSize(0, 0, 0, 60, 60),
	gsSPEndDisplayList(),
};

Gfx mat_revert_micons_warn[] = {
	gsDPPipeSync(),
	gsDPSetAlphaDither(G_AD_DISABLE),
	gsSPEndDisplayList(),
};

Gfx mat_micons_pants[] = {
	gsSPLightColor(LIGHT_1, 0xFFFFFFFF),
	gsSPLightColor(LIGHT_2, 0x7F7F7FFF),
	gsDPPipeSync(),
	gsDPSetCombineLERP(TEXEL0, 0, SHADE, 0, 0, 0, 0, ENVIRONMENT, TEXEL0, 0, SHADE, 0, 0, 0, 0, ENVIRONMENT),
	gsDPSetAlphaDither(G_AD_NOISE),
	gsSPTexture(65535, 65535, 0, 0, 1),
	gsDPSetTextureImage(G_IM_FMT_RGBA, G_IM_SIZ_16b_LOAD_BLOCK, 1, micons_pants_rgba16),
	gsDPSetTile(G_IM_FMT_RGBA, G_IM_SIZ_16b_LOAD_BLOCK, 0, 0, 7, 0, G_TX_WRAP | G_TX_NOMIRROR, 0, 0, G_TX_WRAP | G_TX_NOMIRROR, 0, 0),
	gsDPLoadBlock(7, 0, 0, 255, 512),
	gsDPSetTile(G_IM_FMT_RGBA, G_IM_SIZ_16b, 4, 0, 0, 0, G_TX_WRAP | G_TX_NOMIRROR, 4, 0, G_TX_WRAP | G_TX_NOMIRROR, 4, 0),
	gsDPSetTileSize(0, 0, 0, 60, 60),
	gsSPEndDisplayList(),
};

Gfx mat_revert_micons_pants[] = {
	gsDPPipeSync(),
	gsDPSetAlphaDither(G_AD_DISABLE),
	gsSPEndDisplayList(),
};

Gfx mat_micons_camcol[] = {
	gsSPLightColor(LIGHT_1, 0xFFFFFFFF),
	gsSPLightColor(LIGHT_2, 0x7F7F7FFF),
	gsDPPipeSync(),
	gsDPSetCombineLERP(TEXEL0, 0, SHADE, 0, 0, 0, 0, ENVIRONMENT, TEXEL0, 0, SHADE, 0, 0, 0, 0, ENVIRONMENT),
	gsDPSetAlphaDither(G_AD_NOISE),
	gsSPTexture(65535, 65535, 0, 0, 1),
	gsDPSetTextureImage(G_IM_FMT_RGBA, G_IM_SIZ_16b_LOAD_BLOCK, 1, micons_camcol_rgba16),
	gsDPSetTile(G_IM_FMT_RGBA, G_IM_SIZ_16b_LOAD_BLOCK, 0, 0, 7, 0, G_TX_WRAP | G_TX_NOMIRROR, 0, 0, G_TX_WRAP | G_TX_NOMIRROR, 0, 0),
	gsDPLoadBlock(7, 0, 0, 255, 512),
	gsDPSetTile(G_IM_FMT_RGBA, G_IM_SIZ_16b, 4, 0, 0, 0, G_TX_WRAP | G_TX_NOMIRROR, 4, 0, G_TX_WRAP | G_TX_NOMIRROR, 4, 0),
	gsDPSetTileSize(0, 0, 0, 60, 60),
	gsSPEndDisplayList(),
};

Gfx mat_revert_micons_camcol[] = {
	gsDPPipeSync(),
	gsDPSetAlphaDither(G_AD_DISABLE),
	gsSPEndDisplayList(),
};

Gfx mat_micons_wide[] = {
	gsSPLightColor(LIGHT_1, 0xFFFFFFFF),
	gsSPLightColor(LIGHT_2, 0x7F7F7FFF),
	gsDPPipeSync(),
	gsDPSetCombineLERP(TEXEL0, 0, SHADE, 0, 0, 0, 0, ENVIRONMENT, TEXEL0, 0, SHADE, 0, 0, 0, 0, ENVIRONMENT),
	gsDPSetAlphaDither(G_AD_NOISE),
	gsSPTexture(65535, 65535, 0, 0, 1),
	gsDPSetTextureImage(G_IM_FMT_RGBA, G_IM_SIZ_16b_LOAD_BLOCK, 1, micons_wide_rgba16),
	gsDPSetTile(G_IM_FMT_RGBA, G_IM_SIZ_16b_LOAD_BLOCK, 0, 0, 7, 0, G_TX_WRAP | G_TX_NOMIRROR, 0, 0, G_TX_WRAP | G_TX_NOMIRROR, 0, 0),
	gsDPLoadBlock(7, 0, 0, 255, 512),
	gsDPSetTile(G_IM_FMT_RGBA, G_IM_SIZ_16b, 4, 0, 0, 0, G_TX_WRAP | G_TX_NOMIRROR, 4, 0, G_TX_WRAP | G_TX_NOMIRROR, 4, 0),
	gsDPSetTileSize(0, 0, 0, 60, 60),
	gsSPEndDisplayList(),
};

Gfx mat_revert_micons_wide[] = {
	gsDPPipeSync(),
	gsDPSetAlphaDither(G_AD_DISABLE),
	gsSPEndDisplayList(),
};

Gfx mat_micons_sixty[] = {
	gsSPLightColor(LIGHT_1, 0xFFFFFFFF),
	gsSPLightColor(LIGHT_2, 0x7F7F7FFF),
	gsDPPipeSync(),
	gsDPSetCombineLERP(TEXEL0, 0, SHADE, 0, 0, 0, 0, ENVIRONMENT, TEXEL0, 0, SHADE, 0, 0, 0, 0, ENVIRONMENT),
	gsDPSetAlphaDither(G_AD_NOISE),
	gsSPTexture(65535, 65535, 0, 0, 1),
	gsDPSetTextureImage(G_IM_FMT_RGBA, G_IM_SIZ_16b_LOAD_BLOCK, 1, micons_sixty_rgba16),
	gsDPSetTile(G_IM_FMT_RGBA, G_IM_SIZ_16b_LOAD_BLOCK, 0, 0, 7, 0, G_TX_WRAP | G_TX_NOMIRROR, 0, 0, G_TX_WRAP | G_TX_NOMIRROR, 0, 0),
	gsDPLoadBlock(7, 0, 0, 255, 512),
	gsDPSetTile(G_IM_FMT_RGBA, G_IM_SIZ_16b, 4, 0, 0, 0, G_TX_WRAP | G_TX_NOMIRROR, 4, 0, G_TX_WRAP | G_TX_NOMIRROR, 4, 0),
	gsDPSetTileSize(0, 0, 0, 60, 60),
	gsSPEndDisplayList(),
};

Gfx mat_revert_micons_sixty[] = {
	gsDPPipeSync(),
	gsDPSetAlphaDither(G_AD_DISABLE),
	gsSPEndDisplayList(),
};

Gfx mat_micons_aa[] = {
	gsSPLightColor(LIGHT_1, 0xFFFFFFFF),
	gsSPLightColor(LIGHT_2, 0x7F7F7FFF),
	gsDPPipeSync(),
	gsDPSetCombineLERP(TEXEL0, 0, SHADE, 0, 0, 0, 0, ENVIRONMENT, TEXEL0, 0, SHADE, 0, 0, 0, 0, ENVIRONMENT),
	gsDPSetAlphaDither(G_AD_NOISE),
	gsSPTexture(65535, 65535, 0, 0, 1),
	gsDPSetTextureImage(G_IM_FMT_RGBA, G_IM_SIZ_16b_LOAD_BLOCK, 1, micons_aa_rgba16),
	gsDPSetTile(G_IM_FMT_RGBA, G_IM_SIZ_16b_LOAD_BLOCK, 0, 0, 7, 0, G_TX_WRAP | G_TX_NOMIRROR, 0, 0, G_TX_WRAP | G_TX_NOMIRROR, 0, 0),
	gsDPLoadBlock(7, 0, 0, 255, 512),
	gsDPSetTile(G_IM_FMT_RGBA, G_IM_SIZ_16b, 4, 0, 0, 0, G_TX_WRAP | G_TX_NOMIRROR, 4, 0, G_TX_WRAP | G_TX_NOMIRROR, 4, 0),
	gsDPSetTileSize(0, 0, 0, 60, 60),
	gsSPEndDisplayList(),
};

Gfx mat_revert_micons_aa[] = {
	gsDPPipeSync(),
	gsDPSetAlphaDither(G_AD_DISABLE),
	gsSPEndDisplayList(),
};

Gfx mat_micons_nosound[] = {
	gsSPLightColor(LIGHT_1, 0xFFFFFFFF),
	gsSPLightColor(LIGHT_2, 0x7F7F7FFF),
	gsDPPipeSync(),
	gsDPSetCombineLERP(TEXEL0, 0, SHADE, 0, 0, 0, 0, ENVIRONMENT, TEXEL0, 0, SHADE, 0, 0, 0, 0, ENVIRONMENT),
	gsDPSetAlphaDither(G_AD_NOISE),
	gsSPTexture(65535, 65535, 0, 0, 1),
	gsDPSetTextureImage(G_IM_FMT_RGBA, G_IM_SIZ_16b_LOAD_BLOCK, 1, micons_nosound_rgba16),
	gsDPSetTile(G_IM_FMT_RGBA, G_IM_SIZ_16b_LOAD_BLOCK, 0, 0, 7, 0, G_TX_WRAP | G_TX_NOMIRROR, 0, 0, G_TX_WRAP | G_TX_NOMIRROR, 0, 0),
	gsDPLoadBlock(7, 0, 0, 255, 512),
	gsDPSetTile(G_IM_FMT_RGBA, G_IM_SIZ_16b, 4, 0, 0, 0, G_TX_WRAP | G_TX_NOMIRROR, 4, 0, G_TX_WRAP | G_TX_NOMIRROR, 4, 0),
	gsDPSetTileSize(0, 0, 0, 60, 60),
	gsSPEndDisplayList(),
};

Gfx mat_revert_micons_nosound[] = {
	gsDPPipeSync(),
	gsDPSetAlphaDither(G_AD_DISABLE),
	gsSPEndDisplayList(),
};

Gfx mat_micons_hair[] = {
	gsSPLightColor(LIGHT_1, 0xFFFFFFFF),
	gsSPLightColor(LIGHT_2, 0x7F7F7FFF),
	gsDPPipeSync(),
	gsDPSetCombineLERP(TEXEL0, 0, SHADE, 0, 0, 0, 0, ENVIRONMENT, TEXEL0, 0, SHADE, 0, 0, 0, 0, ENVIRONMENT),
	gsDPSetAlphaDither(G_AD_NOISE),
	gsSPTexture(65535, 65535, 0, 0, 1),
	gsDPSetTextureImage(G_IM_FMT_RGBA, G_IM_SIZ_16b_LOAD_BLOCK, 1, micons_hair_rgba16),
	gsDPSetTile(G_IM_FMT_RGBA, G_IM_SIZ_16b_LOAD_BLOCK, 0, 0, 7, 0, G_TX_WRAP | G_TX_NOMIRROR, 0, 0, G_TX_WRAP | G_TX_NOMIRROR, 0, 0),
	gsDPLoadBlock(7, 0, 0, 255, 512),
	gsDPSetTile(G_IM_FMT_RGBA, G_IM_SIZ_16b, 4, 0, 0, 0, G_TX_WRAP | G_TX_NOMIRROR, 4, 0, G_TX_WRAP | G_TX_NOMIRROR, 4, 0),
	gsDPSetTileSize(0, 0, 0, 60, 60),
	gsSPEndDisplayList(),
};

Gfx mat_revert_micons_hair[] = {
	gsDPPipeSync(),
	gsDPSetAlphaDither(G_AD_DISABLE),
	gsSPEndDisplayList(),
};

Gfx mat_micons_skin[] = {
	gsSPLightColor(LIGHT_1, 0xFFFFFFFF),
	gsSPLightColor(LIGHT_2, 0x7F7F7FFF),
	gsDPPipeSync(),
	gsDPSetCombineLERP(TEXEL0, 0, SHADE, 0, 0, 0, 0, ENVIRONMENT, TEXEL0, 0, SHADE, 0, 0, 0, 0, ENVIRONMENT),
	gsDPSetAlphaDither(G_AD_NOISE),
	gsSPTexture(65535, 65535, 0, 0, 1),
	gsDPSetTextureImage(G_IM_FMT_RGBA, G_IM_SIZ_16b_LOAD_BLOCK, 1, micons_skin_rgba16),
	gsDPSetTile(G_IM_FMT_RGBA, G_IM_SIZ_16b_LOAD_BLOCK, 0, 0, 7, 0, G_TX_WRAP | G_TX_NOMIRROR, 0, 0, G_TX_WRAP | G_TX_NOMIRROR, 0, 0),
	gsDPLoadBlock(7, 0, 0, 255, 512),
	gsDPSetTile(G_IM_FMT_RGBA, G_IM_SIZ_16b, 4, 0, 0, 0, G_TX_WRAP | G_TX_NOMIRROR, 4, 0, G_TX_WRAP | G_TX_NOMIRROR, 4, 0),
	gsDPSetTileSize(0, 0, 0, 60, 60),
	gsSPEndDisplayList(),
};

Gfx mat_revert_micons_skin[] = {
	gsDPPipeSync(),
	gsDPSetAlphaDither(G_AD_DISABLE),
	gsSPEndDisplayList(),
};

Gfx mat_micons_woman[] = {
	gsSPLightColor(LIGHT_1, 0xFFFFFFFF),
	gsSPLightColor(LIGHT_2, 0x7F7F7FFF),
	gsDPPipeSync(),
	gsDPSetCombineLERP(TEXEL0, 0, SHADE, 0, 0, 0, 0, ENVIRONMENT, TEXEL0, 0, SHADE, 0, 0, 0, 0, ENVIRONMENT),
	gsDPSetAlphaDither(G_AD_NOISE),
	gsSPTexture(65535, 65535, 0, 0, 1),
	gsDPSetTextureImage(G_IM_FMT_RGBA, G_IM_SIZ_16b_LOAD_BLOCK, 1, micons_woman_rgba16),
	gsDPSetTile(G_IM_FMT_RGBA, G_IM_SIZ_16b_LOAD_BLOCK, 0, 0, 7, 0, G_TX_WRAP | G_TX_NOMIRROR, 0, 0, G_TX_WRAP | G_TX_NOMIRROR, 0, 0),
	gsDPLoadBlock(7, 0, 0, 255, 512),
	gsDPSetTile(G_IM_FMT_RGBA, G_IM_SIZ_16b, 4, 0, 0, 0, G_TX_WRAP | G_TX_NOMIRROR, 4, 0, G_TX_WRAP | G_TX_NOMIRROR, 4, 0),
	gsDPSetTileSize(0, 0, 0, 60, 60),
	gsSPEndDisplayList(),
};

Gfx mat_revert_micons_woman[] = {
	gsDPPipeSync(),
	gsDPSetAlphaDither(G_AD_DISABLE),
	gsSPEndDisplayList(),
};

Gfx mat_micons_wrap[] = {
	gsSPLightColor(LIGHT_1, 0xFFFFFFFF),
	gsSPLightColor(LIGHT_2, 0x7F7F7FFF),
	gsDPPipeSync(),
	gsDPSetCombineLERP(TEXEL0, 0, SHADE, 0, 0, 0, 0, ENVIRONMENT, TEXEL0, 0, SHADE, 0, 0, 0, 0, ENVIRONMENT),
	gsDPSetAlphaDither(G_AD_NOISE),
	gsSPTexture(65535, 65535, 0, 0, 1),
	gsDPSetTextureImage(G_IM_FMT_RGBA, G_IM_SIZ_16b_LOAD_BLOCK, 1, micons_wrap_rgba16),
	gsDPSetTile(G_IM_FMT_RGBA, G_IM_SIZ_16b_LOAD_BLOCK, 0, 0, 7, 0, G_TX_WRAP | G_TX_NOMIRROR, 0, 0, G_TX_WRAP | G_TX_NOMIRROR, 0, 0),
	gsDPLoadBlock(7, 0, 0, 255, 512),
	gsDPSetTile(G_IM_FMT_RGBA, G_IM_SIZ_16b, 4, 0, 0, 0, G_TX_WRAP | G_TX_NOMIRROR, 4, 0, G_TX_WRAP | G_TX_NOMIRROR, 4, 0),
	gsDPSetTileSize(0, 0, 0, 60, 60),
	gsSPEndDisplayList(),
};

Gfx mat_revert_micons_wrap[] = {
	gsDPPipeSync(),
	gsDPSetAlphaDither(G_AD_DISABLE),
	gsSPEndDisplayList(),
};

Gfx mat_micons_fourslice_layer1[] = {
	gsDPPipeSync(),
	gsDPSetCombineLERP(TEXEL0, 0, ENVIRONMENT, 0, ENVIRONMENT, 0, TEXEL0, 0, TEXEL0, 0, ENVIRONMENT, 0, ENVIRONMENT, 0, TEXEL0, 0),
	gsDPSetAlphaDither(G_AD_NOISE),
	gsDPSetRenderMode(GBL_c1(G_BL_CLR_IN, G_BL_A_IN, G_BL_CLR_MEM, G_BL_1MA) | GBL_c2(G_BL_CLR_IN, G_BL_A_IN, G_BL_CLR_MEM, G_BL_1MA), AA_EN | IM_RD | CLR_ON_CVG | CVG_DST_WRAP | ZMODE_XLU | FORCE_BL),
	gsSPTexture(65535, 65535, 0, 0, 1),
	gsDPSetTextureImage(G_IM_FMT_IA, G_IM_SIZ_8b_LOAD_BLOCK, 1, micons__4slicerounded_ia8),
	gsDPSetTile(G_IM_FMT_IA, G_IM_SIZ_8b_LOAD_BLOCK, 0, 0, 7, 0, G_TX_WRAP | G_TX_NOMIRROR, 0, 0, G_TX_WRAP | G_TX_NOMIRROR, 0, 0),
	gsDPLoadBlock(7, 0, 0, 511, 512),
	gsDPSetTile(G_IM_FMT_IA, G_IM_SIZ_8b, 4, 0, 0, 0, G_TX_CLAMP | G_TX_NOMIRROR, 5, 0, G_TX_CLAMP | G_TX_NOMIRROR, 5, 0),
	gsDPSetTileSize(0, 0, 0, 124, 124),
	gsSPEndDisplayList(),
};

Gfx mat_revert_micons_fourslice_layer1[] = {
	gsDPPipeSync(),
	gsDPSetAlphaDither(G_AD_DISABLE),
	gsDPSetRenderMode(G_RM_AA_ZB_OPA_SURF, G_RM_AA_ZB_OPA_SURF2),
	gsSPEndDisplayList(),
};

Gfx mat_micons_sm64ds_latin_layer1[] = {
	gsSPClearGeometryMode(G_LIGHTING),
	gsDPPipeSync(),
	gsDPSetCombineLERP(TEXEL0, 0, SHADE, 0, SHADE, 0, TEXEL0, 0, TEXEL0, 0, SHADE, 0, SHADE, 0, TEXEL0, 0),
	gsDPSetAlphaDither(G_AD_NOISE),
	gsDPSetTextureFilter(G_TF_POINT),
	gsDPSetRenderMode(GBL_c1(G_BL_CLR_IN, G_BL_A_IN, G_BL_CLR_MEM, G_BL_A_MEM) | GBL_c2(G_BL_CLR_IN, G_BL_A_IN, G_BL_CLR_MEM, G_BL_A_MEM), IM_RD | CVG_DST_CLAMP | ZMODE_OPA | ALPHA_CVG_SEL),
	gsSPTexture(65535, 65535, 0, 0, 1),
	gsDPSetTextureImage(G_IM_FMT_IA, G_IM_SIZ_16b, 1, micons_sm64ds_latin_ia4_ia4),
	gsDPSetTile(G_IM_FMT_IA, G_IM_SIZ_16b, 0, 0, 7, 0, G_TX_WRAP | G_TX_NOMIRROR, 0, 0, G_TX_WRAP | G_TX_NOMIRROR, 0, 0),
	gsDPLoadBlock(7, 0, 0, 2047, 64),
	gsDPSetTile(G_IM_FMT_IA, G_IM_SIZ_4b, 32, 0, 0, 0, G_TX_WRAP | G_TX_NOMIRROR, 4, 0, G_TX_WRAP | G_TX_NOMIRROR, 9, 0),
	gsDPSetTileSize(0, 0, 0, 2044, 60),
	gsSPEndDisplayList(),
};

Gfx mat_revert_micons_sm64ds_latin_layer1[] = {
	gsSPSetGeometryMode(G_LIGHTING),
	gsDPPipeSync(),
	gsDPSetAlphaDither(G_AD_DISABLE),
	gsDPSetTextureFilter(G_TF_BILERP),
	gsDPSetRenderMode(G_RM_AA_ZB_OPA_SURF, G_RM_AA_ZB_OPA_SURF2),
	gsSPEndDisplayList(),
};

Gfx mat_micons_tornado[] = {
	gsSPLightColor(LIGHT_1, 0xFFFFFFFF),
	gsSPLightColor(LIGHT_2, 0x7F7F7FFF),
	gsDPPipeSync(),
	gsDPSetCombineLERP(TEXEL0, 0, SHADE, 0, 0, 0, 0, ENVIRONMENT, TEXEL0, 0, SHADE, 0, 0, 0, 0, ENVIRONMENT),
	gsDPSetAlphaDither(G_AD_NOISE),
	gsSPTexture(65535, 65535, 0, 0, 1),
	gsDPSetTextureImage(G_IM_FMT_RGBA, G_IM_SIZ_16b_LOAD_BLOCK, 1, micons_tornado_rgba16),
	gsDPSetTile(G_IM_FMT_RGBA, G_IM_SIZ_16b_LOAD_BLOCK, 0, 0, 7, 0, G_TX_WRAP | G_TX_NOMIRROR, 0, 0, G_TX_WRAP | G_TX_NOMIRROR, 0, 0),
	gsDPLoadBlock(7, 0, 0, 255, 512),
	gsDPSetTile(G_IM_FMT_RGBA, G_IM_SIZ_16b, 4, 0, 0, 0, G_TX_WRAP | G_TX_NOMIRROR, 4, 0, G_TX_WRAP | G_TX_NOMIRROR, 4, 0),
	gsDPSetTileSize(0, 0, 0, 60, 60),
	gsSPEndDisplayList(),
};

Gfx mat_revert_micons_tornado[] = {
	gsDPPipeSync(),
	gsDPSetAlphaDither(G_AD_DISABLE),
	gsSPEndDisplayList(),
};

Gfx mat_micons_ice[] = {
	gsSPLightColor(LIGHT_1, 0xFFFFFFFF),
	gsSPLightColor(LIGHT_2, 0x7F7F7FFF),
	gsDPPipeSync(),
	gsDPSetCombineLERP(TEXEL0, 0, SHADE, 0, 0, 0, 0, ENVIRONMENT, TEXEL0, 0, SHADE, 0, 0, 0, 0, ENVIRONMENT),
	gsDPSetAlphaDither(G_AD_NOISE),
	gsSPTexture(65535, 65535, 0, 0, 1),
	gsDPSetTextureImage(G_IM_FMT_RGBA, G_IM_SIZ_16b_LOAD_BLOCK, 1, micons_ice_rgba16),
	gsDPSetTile(G_IM_FMT_RGBA, G_IM_SIZ_16b_LOAD_BLOCK, 0, 0, 7, 0, G_TX_WRAP | G_TX_NOMIRROR, 0, 0, G_TX_WRAP | G_TX_NOMIRROR, 0, 0),
	gsDPLoadBlock(7, 0, 0, 255, 512),
	gsDPSetTile(G_IM_FMT_RGBA, G_IM_SIZ_16b, 4, 0, 0, 0, G_TX_WRAP | G_TX_NOMIRROR, 4, 0, G_TX_WRAP | G_TX_NOMIRROR, 4, 0),
	gsDPSetTileSize(0, 0, 0, 60, 60),
	gsSPEndDisplayList(),
};

Gfx mat_revert_micons_ice[] = {
	gsDPPipeSync(),
	gsDPSetAlphaDither(G_AD_DISABLE),
	gsSPEndDisplayList(),
};

Gfx mat_micons_stop[] = {
	gsSPLightColor(LIGHT_1, 0xFFFFFFFF),
	gsSPLightColor(LIGHT_2, 0x7F7F7FFF),
	gsDPPipeSync(),
	gsDPSetCombineLERP(TEXEL0, 0, SHADE, 0, 0, 0, 0, ENVIRONMENT, TEXEL0, 0, SHADE, 0, 0, 0, 0, ENVIRONMENT),
	gsDPSetAlphaDither(G_AD_NOISE),
	gsSPTexture(65535, 65535, 0, 0, 1),
	gsDPSetTextureImage(G_IM_FMT_RGBA, G_IM_SIZ_16b_LOAD_BLOCK, 1, micons_stop_rgba16),
	gsDPSetTile(G_IM_FMT_RGBA, G_IM_SIZ_16b_LOAD_BLOCK, 0, 0, 7, 0, G_TX_WRAP | G_TX_NOMIRROR, 0, 0, G_TX_WRAP | G_TX_NOMIRROR, 0, 0),
	gsDPLoadBlock(7, 0, 0, 255, 512),
	gsDPSetTile(G_IM_FMT_RGBA, G_IM_SIZ_16b, 4, 0, 0, 0, G_TX_WRAP | G_TX_NOMIRROR, 4, 0, G_TX_WRAP | G_TX_NOMIRROR, 4, 0),
	gsDPSetTileSize(0, 0, 0, 60, 60),
	gsSPEndDisplayList(),
};

Gfx mat_revert_micons_stop[] = {
	gsDPPipeSync(),
	gsDPSetAlphaDither(G_AD_DISABLE),
	gsSPEndDisplayList(),
};

Gfx mat_micons_if[] = {
	gsSPLightColor(LIGHT_1, 0xFFFFFFFF),
	gsSPLightColor(LIGHT_2, 0x7F7F7FFF),
	gsDPPipeSync(),
	gsDPSetCombineLERP(TEXEL0, 0, SHADE, 0, 0, 0, 0, ENVIRONMENT, TEXEL0, 0, SHADE, 0, 0, 0, 0, ENVIRONMENT),
	gsDPSetAlphaDither(G_AD_NOISE),
	gsSPTexture(65535, 65535, 0, 0, 1),
	gsDPSetTextureImage(G_IM_FMT_RGBA, G_IM_SIZ_16b_LOAD_BLOCK, 1, micons_if_rgba16),
	gsDPSetTile(G_IM_FMT_RGBA, G_IM_SIZ_16b_LOAD_BLOCK, 0, 0, 7, 0, G_TX_WRAP | G_TX_NOMIRROR, 0, 0, G_TX_WRAP | G_TX_NOMIRROR, 0, 0),
	gsDPLoadBlock(7, 0, 0, 255, 512),
	gsDPSetTile(G_IM_FMT_RGBA, G_IM_SIZ_16b, 4, 0, 0, 0, G_TX_WRAP | G_TX_NOMIRROR, 4, 0, G_TX_WRAP | G_TX_NOMIRROR, 4, 0),
	gsDPSetTileSize(0, 0, 0, 60, 60),
	gsSPEndDisplayList(),
};

Gfx mat_revert_micons_if[] = {
	gsDPPipeSync(),
	gsDPSetAlphaDither(G_AD_DISABLE),
	gsSPEndDisplayList(),
};

Gfx mat_micons_endblock[] = {
	gsSPLightColor(LIGHT_1, 0xFFFFFFFF),
	gsSPLightColor(LIGHT_2, 0x7F7F7FFF),
	gsDPPipeSync(),
	gsDPSetCombineLERP(TEXEL0, 0, SHADE, 0, 0, 0, 0, ENVIRONMENT, TEXEL0, 0, SHADE, 0, 0, 0, 0, ENVIRONMENT),
	gsDPSetAlphaDither(G_AD_NOISE),
	gsSPTexture(65535, 65535, 0, 0, 1),
	gsDPSetTextureImage(G_IM_FMT_RGBA, G_IM_SIZ_16b_LOAD_BLOCK, 1, micons_endblock_rgba16),
	gsDPSetTile(G_IM_FMT_RGBA, G_IM_SIZ_16b_LOAD_BLOCK, 0, 0, 7, 0, G_TX_WRAP | G_TX_NOMIRROR, 0, 0, G_TX_WRAP | G_TX_NOMIRROR, 0, 0),
	gsDPLoadBlock(7, 0, 0, 255, 512),
	gsDPSetTile(G_IM_FMT_RGBA, G_IM_SIZ_16b, 4, 0, 0, 0, G_TX_WRAP | G_TX_NOMIRROR, 4, 0, G_TX_WRAP | G_TX_NOMIRROR, 4, 0),
	gsDPSetTileSize(0, 0, 0, 60, 60),
	gsSPEndDisplayList(),
};

Gfx mat_revert_micons_endblock[] = {
	gsDPPipeSync(),
	gsDPSetAlphaDither(G_AD_DISABLE),
	gsSPEndDisplayList(),
};

Gfx mat_micons_shotgun[] = {
	gsSPLightColor(LIGHT_1, 0xFFFFFFFF),
	gsSPLightColor(LIGHT_2, 0x7F7F7FFF),
	gsDPPipeSync(),
	gsDPSetCombineLERP(TEXEL0, 0, SHADE, 0, 0, 0, 0, ENVIRONMENT, TEXEL0, 0, SHADE, 0, 0, 0, 0, ENVIRONMENT),
	gsDPSetAlphaDither(G_AD_NOISE),
	gsSPTexture(65535, 65535, 0, 0, 1),
	gsDPSetTextureImage(G_IM_FMT_RGBA, G_IM_SIZ_16b_LOAD_BLOCK, 1, micons_shotgun_rgba16),
	gsDPSetTile(G_IM_FMT_RGBA, G_IM_SIZ_16b_LOAD_BLOCK, 0, 0, 7, 0, G_TX_WRAP | G_TX_NOMIRROR, 0, 0, G_TX_WRAP | G_TX_NOMIRROR, 0, 0),
	gsDPLoadBlock(7, 0, 0, 255, 512),
	gsDPSetTile(G_IM_FMT_RGBA, G_IM_SIZ_16b, 4, 0, 0, 0, G_TX_WRAP | G_TX_NOMIRROR, 4, 0, G_TX_WRAP | G_TX_NOMIRROR, 4, 0),
	gsDPSetTileSize(0, 0, 0, 60, 60),
	gsSPEndDisplayList(),
};

Gfx mat_revert_micons_shotgun[] = {
	gsDPPipeSync(),
	gsDPSetAlphaDither(G_AD_DISABLE),
	gsSPEndDisplayList(),
};

Gfx mat_micons_p[] = {
	gsSPLightColor(LIGHT_1, 0xFFFFFFFF),
	gsSPLightColor(LIGHT_2, 0x7F7F7FFF),
	gsDPPipeSync(),
	gsDPSetCombineLERP(TEXEL0, 0, SHADE, 0, 0, 0, 0, ENVIRONMENT, TEXEL0, 0, SHADE, 0, 0, 0, 0, ENVIRONMENT),
	gsDPSetAlphaDither(G_AD_NOISE),
	gsSPTexture(65535, 65535, 0, 0, 1),
	gsDPSetTextureImage(G_IM_FMT_RGBA, G_IM_SIZ_16b_LOAD_BLOCK, 1, micons_p__rgba16),
	gsDPSetTile(G_IM_FMT_RGBA, G_IM_SIZ_16b_LOAD_BLOCK, 0, 0, 7, 0, G_TX_WRAP | G_TX_NOMIRROR, 0, 0, G_TX_WRAP | G_TX_NOMIRROR, 0, 0),
	gsDPLoadBlock(7, 0, 0, 255, 512),
	gsDPSetTile(G_IM_FMT_RGBA, G_IM_SIZ_16b, 4, 0, 0, 0, G_TX_WRAP | G_TX_NOMIRROR, 4, 0, G_TX_WRAP | G_TX_NOMIRROR, 4, 0),
	gsDPSetTileSize(0, 0, 0, 60, 60),
	gsSPEndDisplayList(),
};

Gfx mat_revert_micons_p[] = {
	gsDPPipeSync(),
	gsDPSetAlphaDither(G_AD_DISABLE),
	gsSPEndDisplayList(),
};

Gfx mat_micons_swapule[] = {
	gsSPLightColor(LIGHT_1, 0xFFFFFFFF),
	gsSPLightColor(LIGHT_2, 0x7F7F7FFF),
	gsDPPipeSync(),
	gsDPSetCombineLERP(TEXEL0, 0, SHADE, 0, 0, 0, 0, ENVIRONMENT, TEXEL0, 0, SHADE, 0, 0, 0, 0, ENVIRONMENT),
	gsDPSetAlphaDither(G_AD_NOISE),
	gsSPTexture(65535, 65535, 0, 0, 1),
	gsDPSetTextureImage(G_IM_FMT_RGBA, G_IM_SIZ_16b_LOAD_BLOCK, 1, micons_swapule_rgba16),
	gsDPSetTile(G_IM_FMT_RGBA, G_IM_SIZ_16b_LOAD_BLOCK, 0, 0, 7, 0, G_TX_WRAP | G_TX_NOMIRROR, 0, 0, G_TX_WRAP | G_TX_NOMIRROR, 0, 0),
	gsDPLoadBlock(7, 0, 0, 255, 512),
	gsDPSetTile(G_IM_FMT_RGBA, G_IM_SIZ_16b, 4, 0, 0, 0, G_TX_WRAP | G_TX_NOMIRROR, 4, 0, G_TX_WRAP | G_TX_NOMIRROR, 4, 0),
	gsDPSetTileSize(0, 0, 0, 60, 60),
	gsSPEndDisplayList(),
};

Gfx mat_revert_micons_swapule[] = {
	gsDPPipeSync(),
	gsDPSetAlphaDither(G_AD_DISABLE),
	gsSPEndDisplayList(),
};

Gfx mat_micons_script[] = {
	gsSPLightColor(LIGHT_1, 0xFFFFFFFF),
	gsSPLightColor(LIGHT_2, 0x7F7F7FFF),
	gsDPPipeSync(),
	gsDPSetCombineLERP(TEXEL0, 0, SHADE, 0, 0, 0, 0, ENVIRONMENT, TEXEL0, 0, SHADE, 0, 0, 0, 0, ENVIRONMENT),
	gsDPSetAlphaDither(G_AD_NOISE),
	gsSPTexture(65535, 65535, 0, 0, 1),
	gsDPSetTextureImage(G_IM_FMT_RGBA, G_IM_SIZ_16b_LOAD_BLOCK, 1, micons_script_rgba16),
	gsDPSetTile(G_IM_FMT_RGBA, G_IM_SIZ_16b_LOAD_BLOCK, 0, 0, 7, 0, G_TX_WRAP | G_TX_NOMIRROR, 0, 0, G_TX_WRAP | G_TX_NOMIRROR, 0, 0),
	gsDPLoadBlock(7, 0, 0, 255, 512),
	gsDPSetTile(G_IM_FMT_RGBA, G_IM_SIZ_16b, 4, 0, 0, 0, G_TX_WRAP | G_TX_NOMIRROR, 4, 0, G_TX_WRAP | G_TX_NOMIRROR, 4, 0),
	gsDPSetTileSize(0, 0, 0, 60, 60),
	gsSPEndDisplayList(),
};

Gfx mat_revert_micons_script[] = {
	gsDPPipeSync(),
	gsDPSetAlphaDither(G_AD_DISABLE),
	gsSPEndDisplayList(),
};

Gfx mat_micons_twopow[] = {
	gsSPLightColor(LIGHT_1, 0xFFFFFFFF),
	gsSPLightColor(LIGHT_2, 0x7F7F7FFF),
	gsDPPipeSync(),
	gsDPSetCombineLERP(TEXEL0, 0, SHADE, 0, 0, 0, 0, ENVIRONMENT, TEXEL0, 0, SHADE, 0, 0, 0, 0, ENVIRONMENT),
	gsDPSetAlphaDither(G_AD_NOISE),
	gsSPTexture(65535, 65535, 0, 0, 1),
	gsDPSetTextureImage(G_IM_FMT_RGBA, G_IM_SIZ_16b_LOAD_BLOCK, 1, micons_twopow_rgba16),
	gsDPSetTile(G_IM_FMT_RGBA, G_IM_SIZ_16b_LOAD_BLOCK, 0, 0, 7, 0, G_TX_WRAP | G_TX_NOMIRROR, 0, 0, G_TX_WRAP | G_TX_NOMIRROR, 0, 0),
	gsDPLoadBlock(7, 0, 0, 255, 512),
	gsDPSetTile(G_IM_FMT_RGBA, G_IM_SIZ_16b, 4, 0, 0, 0, G_TX_WRAP | G_TX_NOMIRROR, 4, 0, G_TX_WRAP | G_TX_NOMIRROR, 4, 0),
	gsDPSetTileSize(0, 0, 0, 60, 60),
	gsSPEndDisplayList(),
};

Gfx mat_revert_micons_twopow[] = {
	gsDPPipeSync(),
	gsDPSetAlphaDither(G_AD_DISABLE),
	gsSPEndDisplayList(),
};

Gfx mat_micons_heatsink[] = {
	gsSPLightColor(LIGHT_1, 0xFFFFFFFF),
	gsSPLightColor(LIGHT_2, 0x7F7F7FFF),
	gsDPPipeSync(),
	gsDPSetCombineLERP(TEXEL0, 0, SHADE, 0, 0, 0, 0, ENVIRONMENT, TEXEL0, 0, SHADE, 0, 0, 0, 0, ENVIRONMENT),
	gsDPSetAlphaDither(G_AD_NOISE),
	gsSPTexture(65535, 65535, 0, 0, 1),
	gsDPSetTextureImage(G_IM_FMT_RGBA, G_IM_SIZ_16b_LOAD_BLOCK, 1, micons_heatsink_rgba16),
	gsDPSetTile(G_IM_FMT_RGBA, G_IM_SIZ_16b_LOAD_BLOCK, 0, 0, 7, 0, G_TX_WRAP | G_TX_NOMIRROR, 0, 0, G_TX_WRAP | G_TX_NOMIRROR, 0, 0),
	gsDPLoadBlock(7, 0, 0, 255, 512),
	gsDPSetTile(G_IM_FMT_RGBA, G_IM_SIZ_16b, 4, 0, 0, 0, G_TX_WRAP | G_TX_NOMIRROR, 4, 0, G_TX_WRAP | G_TX_NOMIRROR, 4, 0),
	gsDPSetTileSize(0, 0, 0, 60, 60),
	gsSPEndDisplayList(),
};

Gfx mat_revert_micons_heatsink[] = {
	gsDPPipeSync(),
	gsDPSetAlphaDither(G_AD_DISABLE),
	gsSPEndDisplayList(),
};

Gfx mat_micons_def[] = {
	gsSPLightColor(LIGHT_1, 0xFFFFFFFF),
	gsSPLightColor(LIGHT_2, 0x7F7F7FFF),
	gsDPPipeSync(),
	gsDPSetCombineLERP(TEXEL0, 0, SHADE, 0, 0, 0, 0, ENVIRONMENT, TEXEL0, 0, SHADE, 0, 0, 0, 0, ENVIRONMENT),
	gsDPSetAlphaDither(G_AD_NOISE),
	gsSPTexture(65535, 65535, 0, 0, 1),
	gsDPSetTextureImage(G_IM_FMT_RGBA, G_IM_SIZ_16b_LOAD_BLOCK, 1, micons_def_rgba16),
	gsDPSetTile(G_IM_FMT_RGBA, G_IM_SIZ_16b_LOAD_BLOCK, 0, 0, 7, 0, G_TX_WRAP | G_TX_NOMIRROR, 0, 0, G_TX_WRAP | G_TX_NOMIRROR, 0, 0),
	gsDPLoadBlock(7, 0, 0, 255, 512),
	gsDPSetTile(G_IM_FMT_RGBA, G_IM_SIZ_16b, 4, 0, 0, 0, G_TX_WRAP | G_TX_NOMIRROR, 4, 0, G_TX_WRAP | G_TX_NOMIRROR, 4, 0),
	gsDPSetTileSize(0, 0, 0, 60, 60),
	gsSPEndDisplayList(),
};

Gfx mat_revert_micons_def[] = {
	gsDPPipeSync(),
	gsDPSetAlphaDither(G_AD_DISABLE),
	gsSPEndDisplayList(),
};

Gfx micons_Plane_mesh[] = {
	gsSPClearGeometryMode(G_LIGHTING),
	gsSPVertex(micons_Plane_mesh_vtx_cull + 0, 8, 0),
	gsSPSetGeometryMode(G_LIGHTING),
	gsSPCullDisplayList(0, 7),
	gsSPDisplayList(mat_micons_piece),
	gsSPDisplayList(micons_Plane_mesh_tri_0),
	gsSPDisplayList(mat_revert_micons_piece),
	gsSPDisplayList(mat_micons_jump),
	gsSPDisplayList(micons_Plane_mesh_tri_1),
	gsSPDisplayList(mat_revert_micons_jump),
	gsSPDisplayList(mat_micons_hand1),
	gsSPDisplayList(micons_Plane_mesh_tri_2),
	gsSPDisplayList(mat_revert_micons_hand1),
	gsSPDisplayList(mat_micons_hand2),
	gsSPDisplayList(micons_Plane_mesh_tri_3),
	gsSPDisplayList(mat_revert_micons_hand2),
	gsSPDisplayList(mat_micons_onepow),
	gsSPDisplayList(micons_Plane_mesh_tri_4),
	gsSPDisplayList(mat_revert_micons_onepow),
	gsSPDisplayList(mat_micons_ground),
	gsSPDisplayList(micons_Plane_mesh_tri_5),
	gsSPDisplayList(mat_revert_micons_ground),
	gsSPDisplayList(mat_micons_wall),
	gsSPDisplayList(micons_Plane_mesh_tri_6),
	gsSPDisplayList(mat_revert_micons_wall),
	gsSPDisplayList(mat_micons_a),
	gsSPDisplayList(micons_Plane_mesh_tri_7),
	gsSPDisplayList(mat_revert_micons_a),
	gsSPDisplayList(mat_micons_b),
	gsSPDisplayList(micons_Plane_mesh_tri_8),
	gsSPDisplayList(mat_revert_micons_b),
	gsSPDisplayList(mat_micons_clock),
	gsSPDisplayList(micons_Plane_mesh_tri_9),
	gsSPDisplayList(mat_revert_micons_clock),
	gsSPDisplayList(mat_micons_attack),
	gsSPDisplayList(micons_Plane_mesh_tri_10),
	gsSPDisplayList(mat_revert_micons_attack),
	gsSPDisplayList(mat_micons_spd),
	gsSPDisplayList(micons_Plane_mesh_tri_11),
	gsSPDisplayList(mat_revert_micons_spd),
	gsSPDisplayList(mat_micons_btngen),
	gsSPDisplayList(micons_Plane_mesh_tri_12),
	gsSPDisplayList(mat_revert_micons_btngen),
	gsSPDisplayList(mat_micons_exec),
	gsSPDisplayList(micons_Plane_mesh_tri_13),
	gsSPDisplayList(mat_revert_micons_exec),
	gsSPDisplayList(mat_micons_hover),
	gsSPDisplayList(micons_Plane_mesh_tri_14),
	gsSPDisplayList(mat_revert_micons_hover),
	gsSPDisplayList(mat_micons_inpnotif),
	gsSPDisplayList(micons_Plane_mesh_tri_15),
	gsSPDisplayList(mat_revert_micons_inpnotif),
	gsSPDisplayList(mat_micons_repeat),
	gsSPDisplayList(micons_Plane_mesh_tri_16),
	gsSPDisplayList(mat_revert_micons_repeat),
	gsSPDisplayList(mat_micons_swap),
	gsSPDisplayList(micons_Plane_mesh_tri_17),
	gsSPDisplayList(mat_revert_micons_swap),
	gsSPDisplayList(mat_micons_cap),
	gsSPDisplayList(micons_Plane_mesh_tri_18),
	gsSPDisplayList(mat_revert_micons_cap),
	gsSPDisplayList(mat_micons_grapple),
	gsSPDisplayList(micons_Plane_mesh_tri_19),
	gsSPDisplayList(mat_revert_micons_grapple),
	gsSPDisplayList(mat_micons_lock),
	gsSPDisplayList(micons_Plane_mesh_tri_20),
	gsSPDisplayList(mat_revert_micons_lock),
	gsSPDisplayList(mat_micons_grav),
	gsSPDisplayList(micons_Plane_mesh_tri_21),
	gsSPDisplayList(mat_revert_micons_grav),
	gsSPDisplayList(mat_micons_key),
	gsSPDisplayList(micons_Plane_mesh_tri_22),
	gsSPDisplayList(mat_revert_micons_key),
	gsSPDisplayList(mat_micons_vanity),
	gsSPDisplayList(micons_Plane_mesh_tri_23),
	gsSPDisplayList(mat_revert_micons_vanity),
	gsSPDisplayList(mat_micons_settings),
	gsSPDisplayList(micons_Plane_mesh_tri_24),
	gsSPDisplayList(mat_revert_micons_settings),
	gsSPDisplayList(mat_micons_warn),
	gsSPDisplayList(micons_Plane_mesh_tri_25),
	gsSPDisplayList(mat_revert_micons_warn),
	gsSPDisplayList(mat_micons_pants),
	gsSPDisplayList(micons_Plane_mesh_tri_26),
	gsSPDisplayList(mat_revert_micons_pants),
	gsSPDisplayList(mat_micons_camcol),
	gsSPDisplayList(micons_Plane_mesh_tri_27),
	gsSPDisplayList(mat_revert_micons_camcol),
	gsSPDisplayList(mat_micons_wide),
	gsSPDisplayList(micons_Plane_mesh_tri_28),
	gsSPDisplayList(mat_revert_micons_wide),
	gsSPDisplayList(mat_micons_sixty),
	gsSPDisplayList(micons_Plane_mesh_tri_29),
	gsSPDisplayList(mat_revert_micons_sixty),
	gsSPDisplayList(mat_micons_aa),
	gsSPDisplayList(micons_Plane_mesh_tri_30),
	gsSPDisplayList(mat_revert_micons_aa),
	gsSPDisplayList(mat_micons_nosound),
	gsSPDisplayList(micons_Plane_mesh_tri_31),
	gsSPDisplayList(mat_revert_micons_nosound),
	gsSPDisplayList(mat_micons_hair),
	gsSPDisplayList(micons_Plane_mesh_tri_32),
	gsSPDisplayList(mat_revert_micons_hair),
	gsSPDisplayList(mat_micons_skin),
	gsSPDisplayList(micons_Plane_mesh_tri_33),
	gsSPDisplayList(mat_revert_micons_skin),
	gsSPDisplayList(mat_micons_woman),
	gsSPDisplayList(micons_Plane_mesh_tri_34),
	gsSPDisplayList(mat_revert_micons_woman),
	gsSPDisplayList(mat_micons_wrap),
	gsSPDisplayList(micons_Plane_mesh_tri_35),
	gsSPDisplayList(mat_revert_micons_wrap),
	gsSPDisplayList(mat_micons_fourslice_layer1),
	gsSPDisplayList(micons_Plane_mesh_tri_36),
	gsSPDisplayList(mat_revert_micons_fourslice_layer1),
	gsSPDisplayList(mat_micons_sm64ds_latin_layer1),
	gsSPDisplayList(micons_Plane_mesh_tri_37),
	gsSPDisplayList(mat_revert_micons_sm64ds_latin_layer1),
	gsSPDisplayList(mat_micons_tornado),
	gsSPDisplayList(micons_Plane_mesh_tri_38),
	gsSPDisplayList(mat_revert_micons_tornado),
	gsSPDisplayList(mat_micons_ice),
	gsSPDisplayList(micons_Plane_mesh_tri_39),
	gsSPDisplayList(mat_revert_micons_ice),
	gsSPDisplayList(mat_micons_stop),
	gsSPDisplayList(micons_Plane_mesh_tri_40),
	gsSPDisplayList(mat_revert_micons_stop),
	gsSPDisplayList(mat_micons_if),
	gsSPDisplayList(micons_Plane_mesh_tri_41),
	gsSPDisplayList(mat_revert_micons_if),
	gsSPDisplayList(mat_micons_endblock),
	gsSPDisplayList(micons_Plane_mesh_tri_42),
	gsSPDisplayList(mat_revert_micons_endblock),
	gsSPDisplayList(mat_micons_shotgun),
	gsSPDisplayList(micons_Plane_mesh_tri_43),
	gsSPDisplayList(mat_revert_micons_shotgun),
	gsSPDisplayList(mat_micons_p),
	gsSPDisplayList(micons_Plane_mesh_tri_44),
	gsSPDisplayList(mat_revert_micons_p),
	gsSPDisplayList(mat_micons_swapule),
	gsSPDisplayList(micons_Plane_mesh_tri_45),
	gsSPDisplayList(mat_revert_micons_swapule),
	gsSPDisplayList(mat_micons_script),
	gsSPDisplayList(micons_Plane_mesh_tri_46),
	gsSPDisplayList(mat_revert_micons_script),
	gsSPDisplayList(mat_micons_twopow),
	gsSPDisplayList(micons_Plane_mesh_tri_47),
	gsSPDisplayList(mat_revert_micons_twopow),
	gsSPDisplayList(mat_micons_heatsink),
	gsSPDisplayList(micons_Plane_mesh_tri_48),
	gsSPDisplayList(mat_revert_micons_heatsink),
	gsSPDisplayList(mat_micons_def),
	gsSPDisplayList(micons_Plane_mesh_tri_49),
	gsSPDisplayList(mat_revert_micons_def),
	gsDPPipeSync(),
	gsSPSetGeometryMode(G_LIGHTING),
	gsSPClearGeometryMode(G_TEXTURE_GEN),
	gsDPSetCombineLERP(0, 0, 0, SHADE, 0, 0, 0, ENVIRONMENT, 0, 0, 0, SHADE, 0, 0, 0, ENVIRONMENT),
	gsSPTexture(65535, 65535, 0, 0, 0),
	gsSPEndDisplayList(),
};

