Gfx baldidoor_mysteryRoom_rgba16_aligner[] = {gsSPEndDisplayList()};
u8 baldidoor_mysteryRoom_rgba16[] = {
	0x06, 0x41, 0x06, 0x41, 0x06, 0x41, 0x06, 0x41, 
	0x06, 0x41, 0x06, 0x41, 0x2e, 0x01, 0x72, 0x43, 
	0x7a, 0x83, 0x6c, 0x03, 0x72, 0x43, 0xcc, 0x85, 
	0xcd, 0x85, 0x4e, 0x43, 0x06, 0x41, 0x06, 0x41, 
	0x06, 0x41, 0x06, 0x41, 0x06, 0x41, 0x06, 0x41, 
	0x06, 0x41, 0x06, 0x41, 0x06, 0x41, 0x06, 0x41, 
	0x06, 0x41, 0x06, 0x41, 0x06, 0x41, 0x06, 0x41, 
	0x06, 0x41, 0x06, 0x41, 0x06, 0x41, 0x06, 0x41, 
	0x06, 0x41, 0x06, 0x41, 0x06, 0x41, 0x06, 0x41, 
	0x06, 0x41, 0x06, 0x41, 0x06, 0x41, 0x06, 0x41, 
	0x06, 0x41, 0x06, 0x41, 0x06, 0x41, 0x06, 0x41, 
	0x06, 0x41, 0x06, 0x41, 0x06, 0x41, 0x06, 0x41, 
	0x06, 0x41, 0x06, 0x41, 0x06, 0x41, 0x06, 0x41, 
	0x06, 0x41, 0x06, 0x41, 0x06, 0x41, 0x06, 0x41, 
	0x06, 0x41, 0x06, 0x41, 0x06, 0x41, 0x06, 0x41, 
	0x06, 0x41, 0x06, 0x41, 0x06, 0x41, 0x06, 0x41, 
	0x06, 0x41, 0x06, 0x41, 0x06, 0x41, 0x06, 0x41, 
	0x06, 0x41, 0x06, 0x41, 0x2e, 0x01, 0x72, 0x43, 
	0x9b, 0x45, 0x6d, 0x83, 0x4d, 0x03, 0x8b, 0x45, 
	0xed, 0x07, 0x75, 0x83, 0x06, 0x41, 0x06, 0x41, 
	0x06, 0x41, 0x06, 0x41, 0x06, 0x41, 0x06, 0x41, 
	0x06, 0x41, 0x06, 0x41, 0x06, 0x41, 0x06, 0x41, 
	0x06, 0x41, 0x06, 0x41, 0x06, 0x41, 0x06, 0x41, 
	0x06, 0x41, 0x06, 0x41, 0x06, 0x41, 0x06, 0x41, 
	0x06, 0x41, 0x06, 0x41, 0x06, 0x41, 0x06, 0x41, 
	0x06, 0x41, 0x06, 0x41, 0x06, 0x41, 0x06, 0x41, 
	0x06, 0x41, 0x06, 0x41, 0x06, 0x41, 0x06, 0x41, 
	0x06, 0x41, 0x06, 0x41, 0x06, 0x41, 0x06, 0x41, 
	0x06, 0x41, 0x06, 0x41, 0x06, 0x41, 0x06, 0x41, 
	0x06, 0x41, 0x06, 0x41, 0x06, 0x41, 0x06, 0x41, 
	0x06, 0x41, 0x06, 0x41, 0x06, 0x41, 0x06, 0x41, 
	0x06, 0x41, 0x06, 0x41, 0x06, 0x41, 0x06, 0x41, 
	0x06, 0x41, 0x06, 0x41, 0x06, 0x41, 0x06, 0x41, 
	0x06, 0x41, 0x06, 0x41, 0x2e, 0x01, 0x72, 0x03, 
	0xdc, 0xc7, 0x9d, 0xc5, 0x2e, 0x01, 0x74, 0x03, 
	0xe4, 0xc7, 0xc5, 0x05, 0x06, 0x41, 0x06, 0x41, 
	0x06, 0x41, 0x06, 0x41, 0x06, 0x41, 0x06, 0x41, 
	0x06, 0x41, 0x06, 0x41, 0x06, 0x41, 0x06, 0x41, 
	0x06, 0x41, 0x06, 0x41, 0x06, 0x41, 0x06, 0x41, 
	0x06, 0x41, 0x06, 0x41, 0x06, 0x41, 0x06, 0x41, 
	0x06, 0x41, 0x06, 0x41, 0x06, 0x41, 0x06, 0x41, 
	0x06, 0x41, 0x06, 0x41, 0x06, 0x41, 0x06, 0x41, 
	0x06, 0x41, 0x06, 0x41, 0x06, 0x41, 0x06, 0x41, 
	0x06, 0x41, 0x06, 0x41, 0x06, 0x41, 0x06, 0x41, 
	0x06, 0x41, 0x06, 0x41, 0x06, 0x41, 0x06, 0x41, 
	0x06, 0x41, 0x06, 0x41, 0x06, 0x41, 0x06, 0x41, 
	0x06, 0x41, 0x06, 0x41, 0x06, 0x41, 0x06, 0x41, 
	0x06, 0x41, 0x06, 0x41, 0x06, 0x41, 0x06, 0x41, 
	0x06, 0x41, 0x06, 0x41, 0x06, 0x41, 0x06, 0x41, 
	0x06, 0x41, 0x06, 0x41, 0x2e, 0x01, 0x72, 0x03, 
	0xdc, 0xc7, 0x9d, 0xc5, 0x06, 0x41, 0x64, 0x03, 
	0xb4, 0x05, 0xd5, 0x47, 0x1e, 0x41, 0x06, 0x41, 
	0x06, 0x41, 0x06, 0x41, 0x06, 0x41, 0x06, 0x41, 
	0x06, 0x41, 0x06, 0x41, 0x06, 0x41, 0x06, 0x41, 
	0x06, 0x41, 0x06, 0x41, 0x06, 0x41, 0x06, 0x41, 
	0x06, 0x41, 0x06, 0x41, 0x06, 0x41, 0x06, 0x41, 
	0x06, 0x41, 0x06, 0x41, 0x06, 0x41, 0x06, 0x41, 
	0x06, 0x41, 0x06, 0x41, 0x06, 0x41, 0x06, 0x41, 
	0x06, 0x41, 0x06, 0x41, 0x06, 0x41, 0x06, 0x41, 
	0x06, 0x41, 0x06, 0x41, 0x06, 0x41, 0x06, 0x41, 
	0x06, 0x41, 0x06, 0x41, 0x06, 0x41, 0x06, 0x41, 
	0x06, 0x41, 0x06, 0x41, 0x06, 0x41, 0x06, 0x41, 
	0x06, 0x41, 0x06, 0x41, 0x06, 0x41, 0x06, 0x41, 
	0x06, 0x41, 0x06, 0x41, 0x06, 0x41, 0x06, 0x41, 
	0x06, 0x41, 0x06, 0x41, 0x06, 0x41, 0x06, 0x41, 
	0x06, 0x41, 0x06, 0x41, 0x26, 0x41, 0x6b, 0xc3, 
	0xdc, 0xc7, 0xc5, 0x85, 0x2e, 0x41, 0x26, 0x01, 
	0x9b, 0x45, 0xe5, 0x07, 0xa5, 0xc5, 0x06, 0x41, 
	0x06, 0x41, 0x06, 0x41, 0x06, 0x41, 0x06, 0x41, 
	0x06, 0x41, 0x06, 0x41, 0x06, 0x41, 0x06, 0x41, 
	0x06, 0x41, 0x06, 0x41, 0x06, 0x41, 0x06, 0x41, 
	0x06, 0x41, 0x06, 0x41, 0x06, 0x41, 0x06, 0x41, 
	0x06, 0x41, 0x06, 0x41, 0x06, 0x41, 0x06, 0x41, 
	0x06, 0x41, 0x06, 0x41, 0x06, 0x41, 0x06, 0x41, 
	0x06, 0x41, 0x06, 0x41, 0x06, 0x41, 0x06, 0x41, 
	0x06, 0x41, 0x06, 0x41, 0x06, 0x41, 0x06, 0x41, 
	0x06, 0x41, 0x06, 0x41, 0x06, 0x41, 0x06, 0x41, 
	0x06, 0x41, 0x06, 0x41, 0x06, 0x41, 0x06, 0x41, 
	0x06, 0x41, 0x06, 0x41, 0x06, 0x41, 0x06, 0x41, 
	0x06, 0x41, 0x06, 0x41, 0x06, 0x41, 0x06, 0x41, 
	0x06, 0x41, 0x06, 0x41, 0x06, 0x41, 0x06, 0x41, 
	0x06, 0x41, 0x06, 0x41, 0x06, 0x41, 0x54, 0xc3, 
	0xc4, 0x05, 0xcd, 0x05, 0x36, 0x43, 0x36, 0x03, 
	0x9b, 0x85, 0xdc, 0xc7, 0xa5, 0xc5, 0x06, 0x41, 
	0x06, 0x41, 0x06, 0x41, 0x06, 0x41, 0x06, 0x41, 
	0x06, 0x41, 0x06, 0x41, 0x06, 0x41, 0x06, 0x41, 
	0x06, 0x41, 0x06, 0x41, 0x06, 0x41, 0x06, 0x41, 
	0x06, 0x41, 0x06, 0x41, 0x06, 0x41, 0x06, 0x41, 
	0x06, 0x41, 0x06, 0x41, 0x06, 0x41, 0x06, 0x41, 
	0x06, 0x41, 0x06, 0x41, 0x06, 0x41, 0x06, 0x41, 
	0x06, 0x41, 0x06, 0x41, 0x06, 0x41, 0x06, 0x41, 
	0x06, 0x41, 0x06, 0x41, 0x06, 0x41, 0x06, 0x41, 
	0x06, 0x41, 0x06, 0x41, 0x06, 0x41, 0x06, 0x41, 
	0x06, 0x41, 0x06, 0x41, 0x06, 0x41, 0x06, 0x41, 
	0x06, 0x41, 0x06, 0x41, 0x06, 0x41, 0x06, 0x41, 
	0x06, 0x41, 0x06, 0x41, 0x06, 0x41, 0x06, 0x41, 
	0x06, 0x41, 0x06, 0x41, 0x06, 0x41, 0x06, 0x41, 
	0x06, 0x41, 0x06, 0x41, 0x06, 0x41, 0x2e, 0x01, 
	0x45, 0x83, 0x2e, 0x01, 0x06, 0x41, 0x2e, 0x41, 
	0x7c, 0xc3, 0xd4, 0x85, 0xdd, 0x47, 0x3e, 0x43, 
	0x06, 0x41, 0x06, 0x41, 0x06, 0x41, 0x06, 0x41, 
	0x06, 0x41, 0x06, 0x41, 0x06, 0x41, 0x06, 0x41, 
	0x06, 0x41, 0x06, 0x41, 0x06, 0x41, 0x06, 0x41, 
	0x06, 0x41, 0x06, 0x41, 0x06, 0x41, 0x06, 0x41, 
	0x06, 0x41, 0x06, 0x41, 0x06, 0x41, 0x06, 0x41, 
	0x06, 0x41, 0x06, 0x41, 0x06, 0x41, 0x06, 0x41, 
	0x06, 0x41, 0x06, 0x41, 0x06, 0x41, 0x06, 0x41, 
	0x06, 0x41, 0x06, 0x41, 0x06, 0x41, 0x06, 0x41, 
	0x06, 0x41, 0x06, 0x41, 0x06, 0x41, 0x06, 0x41, 
	0x06, 0x41, 0x06, 0x41, 0x06, 0x41, 0x06, 0x41, 
	0x06, 0x41, 0x06, 0x41, 0x06, 0x41, 0x06, 0x41, 
	0x06, 0x41, 0x06, 0x41, 0x06, 0x41, 0x06, 0x41, 
	0x06, 0x41, 0x06, 0x41, 0x06, 0x41, 0x06, 0x41, 
	0x06, 0x41, 0x06, 0x41, 0x06, 0x41, 0x06, 0x41, 
	0x06, 0x41, 0x06, 0x41, 0x06, 0x41, 0x06, 0x41, 
	0x55, 0x03, 0x93, 0x45, 0xed, 0x07, 0x46, 0x43, 
	0x06, 0x41, 0x06, 0x41, 0x06, 0x41, 0x06, 0x41, 
	0x06, 0x41, 0x06, 0x41, 0x06, 0x41, 0x06, 0x41, 
	0x06, 0x41, 0x06, 0x41, 0x06, 0x41, 0x06, 0x41, 
	0x06, 0x41, 0x06, 0x41, 0x06, 0x41, 0x06, 0x41, 
	0x06, 0x41, 0x06, 0x41, 0x06, 0x41, 0x06, 0x41, 
	0x06, 0x41, 0x06, 0x41, 0x06, 0x41, 0x06, 0x41, 
	0x06, 0x41, 0x06, 0x41, 0x06, 0x41, 0x06, 0x41, 
	0x06, 0x41, 0x06, 0x41, 0x06, 0x41, 0x06, 0x41, 
	0x06, 0x41, 0x06, 0x41, 0x06, 0x41, 0x06, 0x41, 
	0x06, 0x41, 0x06, 0x41, 0x06, 0x41, 0x06, 0x41, 
	0x06, 0x41, 0x06, 0x41, 0x06, 0x41, 0x06, 0x41, 
	0x06, 0x41, 0x06, 0x41, 0x06, 0x41, 0x06, 0x41, 
	0x06, 0x41, 0x06, 0x41, 0x06, 0x41, 0x06, 0x41, 
	0x06, 0x41, 0x06, 0x41, 0x06, 0x41, 0x06, 0x41, 
	0x06, 0x41, 0x06, 0x41, 0x06, 0x41, 0x06, 0x41, 
	0x06, 0x41, 0x83, 0xc3, 0xb5, 0x05, 0xa5, 0xc5, 
	0xa5, 0xc5, 0x06, 0x41, 0x06, 0x41, 0x06, 0x41, 
	0x06, 0x41, 0x06, 0x41, 0x06, 0x41, 0x06, 0x41, 
	0x06, 0x41, 0x06, 0x41, 0x06, 0x41, 0x06, 0x41, 
	0x06, 0x41, 0x06, 0x41, 0x06, 0x41, 0x06, 0x41, 
	0x06, 0x41, 0x06, 0x41, 0x06, 0x41, 0x06, 0x41, 
	0x06, 0x41, 0x06, 0x41, 0x06, 0x41, 0x06, 0x41, 
	0x06, 0x41, 0x06, 0x41, 0x06, 0x41, 0x06, 0x41, 
	0x06, 0x41, 0x06, 0x41, 0x06, 0x41, 0x06, 0x41, 
	0x06, 0x41, 0x06, 0x41, 0x06, 0x41, 0x06, 0x41, 
	0x06, 0x41, 0x06, 0x41, 0x06, 0x41, 0x06, 0x41, 
	0x06, 0x41, 0x06, 0x41, 0x06, 0x41, 0x06, 0x41, 
	0x06, 0x41, 0x06, 0x41, 0x06, 0x41, 0x06, 0x41, 
	0x06, 0x41, 0x06, 0x41, 0x06, 0x41, 0x06, 0x41, 
	0x06, 0x41, 0x06, 0x41, 0x06, 0x41, 0x06, 0x41, 
	0x06, 0x41, 0x06, 0x41, 0x06, 0x41, 0x06, 0x41, 
	0x06, 0x41, 0x2e, 0x01, 0x1e, 0x41, 0x9b, 0x85, 
	0xdd, 0x07, 0xad, 0xc5, 0x06, 0x41, 0x06, 0x41, 
	0x06, 0x41, 0x06, 0x41, 0x06, 0x41, 0x06, 0x41, 
	0x06, 0x41, 0x06, 0x41, 0x06, 0x41, 0x06, 0x41, 
	0x06, 0x41, 0x06, 0x41, 0x06, 0x41, 0x06, 0x41, 
	0x06, 0x41, 0x06, 0x41, 0x06, 0x41, 0x06, 0x41, 
	0x06, 0x41, 0x06, 0x41, 0x06, 0x41, 0x06, 0x41, 
	0x06, 0x41, 0x06, 0x41, 0x06, 0x41, 0x06, 0x41, 
	0x06, 0x41, 0x06, 0x41, 0x06, 0x41, 0x06, 0x41, 
	0x06, 0x41, 0x06, 0x41, 0x06, 0x41, 0x06, 0x41, 
	0x06, 0x41, 0x06, 0x41, 0x06, 0x41, 0x06, 0x41, 
	0x06, 0x41, 0x06, 0x41, 0x06, 0x41, 0x06, 0x41, 
	0x06, 0x41, 0x06, 0x41, 0x06, 0x41, 0x06, 0x41, 
	0x06, 0x41, 0x06, 0x41, 0x06, 0x41, 0x06, 0x41, 
	0x06, 0x41, 0x06, 0x41, 0x06, 0x41, 0x06, 0x41, 
	0x06, 0x41, 0x06, 0x41, 0x06, 0x41, 0x06, 0x41, 
	0x06, 0x41, 0x06, 0x41, 0x06, 0x41, 0x83, 0x05, 
	0xcc, 0x85, 0xad, 0x85, 0x06, 0x41, 0x06, 0x41, 
	0x06, 0x41, 0x06, 0x41, 0x06, 0x41, 0x06, 0x41, 
	0x06, 0x41, 0x06, 0x41, 0x06, 0x41, 0x06, 0x41, 
	0x06, 0x41, 0x06, 0x41, 0x06, 0x41, 0x06, 0x41, 
	0x06, 0x41, 0x06, 0x41, 0x06, 0x41, 0x06, 0x41, 
	0x06, 0x41, 0x06, 0x41, 0x06, 0x41, 0x06, 0x41, 
	0x06, 0x41, 0x06, 0x41, 0x06, 0x41, 0x06, 0x41, 
	0x06, 0x41, 0x06, 0x41, 0x06, 0x41, 0x06, 0x41, 
	0x06, 0x41, 0x06, 0x41, 0x06, 0x41, 0x06, 0x41, 
	0x06, 0x41, 0x06, 0x41, 0x06, 0x41, 0x06, 0x41, 
	0x06, 0x41, 0x06, 0x41, 0x06, 0x41, 0x06, 0x41, 
	0x06, 0x41, 0x06, 0x41, 0x06, 0x41, 0x06, 0x41, 
	0x06, 0x41, 0x06, 0x41, 0x06, 0x41, 0x06, 0x41, 
	0x06, 0x41, 0x06, 0x41, 0x06, 0x41, 0x06, 0x41, 
	0x06, 0x41, 0x06, 0x41, 0x06, 0x41, 0x06, 0x41, 
	0x06, 0x41, 0x06, 0x41, 0x06, 0x41, 0x8d, 0x45, 
	0x8d, 0x05, 0x3d, 0xc3, 0x06, 0x41, 0x06, 0x41, 
	0x06, 0x41, 0x06, 0x41, 0x06, 0x41, 0x06, 0x41, 
	0x06, 0x41, 0x06, 0x41, 0x06, 0x41, 0x06, 0x41, 
	0x06, 0x41, 0x06, 0x41, 0x06, 0x41, 0x06, 0x41, 
	0x06, 0x41, 0x06, 0x41, 0x06, 0x41, 0x06, 0x41, 
	0x06, 0x41, 0x06, 0x41, 0x06, 0x41, 0x06, 0x41, 
	0x06, 0x41, 0x06, 0x41, 0x06, 0x41, 0x06, 0x41, 
	0x06, 0x41, 0x06, 0x41, 0x06, 0x41, 0x06, 0x41, 
	0x06, 0x41, 0x06, 0x41, 0x06, 0x41, 0x06, 0x41, 
	0x06, 0x41, 0x06, 0x41, 0x06, 0x41, 0x06, 0x41, 
	0x06, 0x41, 0x06, 0x41, 0x06, 0x41, 0x06, 0x41, 
	0x06, 0x41, 0x06, 0x41, 0x06, 0x41, 0x06, 0x41, 
	0x06, 0x41, 0x06, 0x41, 0x06, 0x41, 0x06, 0x41, 
	0x06, 0x41, 0x06, 0x41, 0x06, 0x41, 0x06, 0x41, 
	0x06, 0x41, 0x06, 0x41, 0x06, 0x41, 0x06, 0x41, 
	0x06, 0x41, 0x06, 0x41, 0x06, 0x41, 0x06, 0x41, 
	0x06, 0x41, 0x06, 0x41, 0x06, 0x41, 0x06, 0x41, 
	0x06, 0x41, 0x06, 0x41, 0x06, 0x41, 0x06, 0x41, 
	0x06, 0x41, 0x06, 0x41, 0x06, 0x41, 0x06, 0x41, 
	0x06, 0x41, 0x06, 0x41, 0x06, 0x41, 0x06, 0x41, 
	0x06, 0x41, 0x06, 0x41, 0x06, 0x41, 0x06, 0x41, 
	0x06, 0x41, 0x06, 0x41, 0x06, 0x41, 0x06, 0x41, 
	0x06, 0x41, 0x06, 0x41, 0x06, 0x41, 0x06, 0x41, 
	0x06, 0x41, 0x06, 0x41, 0x06, 0x41, 0x06, 0x41, 
	0x06, 0x41, 0x06, 0x41, 0x06, 0x41, 0x06, 0x41, 
	0x06, 0x41, 0x06, 0x41, 0x06, 0x41, 0x06, 0x41, 
	0x06, 0x41, 0x06, 0x41, 0x06, 0x41, 0x06, 0x41, 
	0x06, 0x41, 0x06, 0x41, 0x06, 0x41, 0x06, 0x41, 
	0x06, 0x41, 0x06, 0x41, 0x06, 0x41, 0x06, 0x41, 
	0x06, 0x41, 0x06, 0x41, 0x06, 0x41, 0x06, 0x41, 
	0x06, 0x41, 0x06, 0x41, 0x06, 0x41, 0x06, 0x41, 
	0x06, 0x41, 0x06, 0x41, 0x06, 0x41, 0x06, 0x41, 
	0x06, 0x41, 0x06, 0x41, 0x06, 0x41, 0x06, 0x41, 
	0x06, 0x41, 0x06, 0x41, 0x06, 0x41, 0x06, 0x41, 
	0x06, 0x41, 0x06, 0x41, 0x06, 0x41, 0x06, 0x41, 
	0x06, 0x41, 0x06, 0x41, 0x06, 0x41, 0x06, 0x41, 
	0x06, 0x41, 0x06, 0x41, 0x06, 0x41, 0x06, 0x41, 
	0x06, 0x41, 0x06, 0x41, 0x06, 0x41, 0x06, 0x41, 
	0x06, 0x41, 0x06, 0x41, 0x06, 0x41, 0x06, 0x41, 
	0x06, 0x41, 0x06, 0x41, 0x06, 0x41, 0x06, 0x41, 
	0x06, 0x41, 0x06, 0x41, 0x06, 0x41, 0x06, 0x41, 
	0x06, 0x41, 0x06, 0x41, 0x06, 0x41, 0x06, 0x41, 
	0x06, 0x41, 0x06, 0x41, 0x06, 0x41, 0x06, 0x41, 
	0x06, 0x41, 0x06, 0x41, 0x06, 0x41, 0x06, 0x41, 
	0x06, 0x41, 0x06, 0x41, 0x06, 0x41, 0x06, 0x41, 
	0x06, 0x41, 0x06, 0x41, 0x06, 0x41, 0x06, 0x41, 
	0x06, 0x41, 0x06, 0x41, 0x06, 0x41, 0x06, 0x41, 
	0x06, 0x41, 0x06, 0x41, 0x06, 0x41, 0x06, 0x41, 
	0x06, 0x41, 0x06, 0x41, 0x06, 0x41, 0x06, 0x41, 
	0x06, 0x41, 0x06, 0x41, 0x06, 0x41, 0x06, 0x41, 
	0x06, 0x41, 0x06, 0x41, 0x06, 0x41, 0x06, 0x41, 
	0x06, 0x41, 0x06, 0x41, 0x06, 0x41, 0x06, 0x41, 
	0x06, 0x41, 0x06, 0x41, 0x06, 0x41, 0x06, 0x41, 
	0x06, 0x41, 0x06, 0x41, 0x06, 0x41, 0x06, 0x41, 
	0x06, 0x41, 0x06, 0x41, 0x06, 0x41, 0x06, 0x41, 
	0x06, 0x41, 0x06, 0x41, 0x06, 0x41, 0x06, 0x41, 
	0x06, 0x41, 0x06, 0x41, 0x06, 0x41, 0x06, 0x41, 
	0x06, 0x41, 0x06, 0x41, 0x06, 0x41, 0x06, 0x41, 
	0x06, 0x41, 0x06, 0x41, 0x06, 0x41, 0x06, 0x41, 
	0x06, 0x41, 0x06, 0x41, 0x06, 0x41, 0x06, 0x41, 
	0x06, 0x41, 0x06, 0x41, 0x06, 0x41, 0x06, 0x41, 
	0x06, 0x41, 0x06, 0x41, 0x06, 0x41, 0x06, 0x41, 
	0x06, 0x41, 0x06, 0x41, 0x06, 0x41, 0x06, 0x41, 
	0x06, 0x41, 0x06, 0x41, 0x06, 0x41, 0x06, 0x41, 
	0x06, 0x41, 0x06, 0x41, 0x06, 0x41, 0x06, 0x41, 
	0x06, 0x41, 0x06, 0x41, 0x06, 0x41, 0x06, 0x41, 
	0x06, 0x41, 0x06, 0x41, 0x06, 0x41, 0x06, 0x41, 
	0x06, 0x41, 0x06, 0x41, 0x06, 0x41, 0x06, 0x41, 
	0x06, 0x41, 0x06, 0x41, 0x06, 0x41, 0x06, 0x41, 
	0x06, 0x41, 0x06, 0x41, 0x06, 0x41, 0x06, 0x41, 
	0x06, 0x41, 0x06, 0x41, 0x06, 0x41, 0x06, 0x41, 
	0x1e, 0x4b, 0x26, 0x11, 0x26, 0x11, 0x26, 0x4f, 
	0x06, 0x41, 0x06, 0x41, 0x06, 0x41, 0x06, 0x41, 
	0x06, 0x41, 0x06, 0x41, 0x06, 0x41, 0x06, 0x41, 
	0x06, 0x41, 0x06, 0x41, 0x06, 0x41, 0x06, 0x41, 
	0x06, 0x41, 0x06, 0x41, 0x06, 0x41, 0x06, 0x41, 
	0x06, 0x41, 0x06, 0x41, 0x06, 0x41, 0x06, 0x41, 
	0x06, 0x41, 0x06, 0x41, 0x06, 0x41, 0x06, 0x41, 
	0x06, 0x41, 0x06, 0x41, 0x06, 0x41, 0x06, 0x41, 
	0x06, 0x41, 0x06, 0x41, 0x06, 0x41, 0x06, 0x41, 
	0x06, 0x41, 0x06, 0x41, 0x06, 0x41, 0x06, 0x41, 
	0x06, 0x41, 0x06, 0x41, 0x06, 0x41, 0x06, 0x41, 
	0x06, 0x41, 0x06, 0x41, 0x06, 0x41, 0x06, 0x41, 
	0x06, 0x41, 0x06, 0x41, 0x06, 0x41, 0x06, 0x41, 
	0x06, 0x41, 0x06, 0x41, 0x06, 0x41, 0x06, 0x41, 
	0x06, 0x41, 0x06, 0x41, 0x06, 0x41, 0x06, 0x41, 
	0x06, 0x41, 0x06, 0x41, 0x06, 0x41, 0x1e, 0x4d, 
	0x63, 0xaf, 0x70, 0x35, 0x70, 0x35, 0x6a, 0xf1, 
	0x54, 0xe7, 0x06, 0x41, 0x06, 0x41, 0x06, 0x41, 
	0x06, 0x41, 0x06, 0x41, 0x06, 0x41, 0x06, 0x41, 
	0x06, 0x41, 0x06, 0x41, 0x06, 0x41, 0x06, 0x41, 
	0x06, 0x41, 0x06, 0x41, 0x06, 0x41, 0x06, 0x41, 
	0x06, 0x41, 0x06, 0x41, 0x06, 0x41, 0x06, 0x41, 
	0x06, 0x41, 0x06, 0x41, 0x06, 0x41, 0x06, 0x41, 
	0x06, 0x41, 0x06, 0x41, 0x06, 0x41, 0x06, 0x41, 
	0x06, 0x41, 0x06, 0x41, 0x06, 0x41, 0x06, 0x41, 
	0x06, 0x41, 0x06, 0x41, 0x06, 0x41, 0x06, 0x41, 
	0x06, 0x41, 0x06, 0x41, 0x06, 0x41, 0x06, 0x41, 
	0x06, 0x41, 0x06, 0x41, 0x06, 0x41, 0x06, 0x41, 
	0x06, 0x41, 0x06, 0x41, 0x06, 0x41, 0x06, 0x41, 
	0x06, 0x41, 0x06, 0x41, 0x06, 0x41, 0x06, 0x41, 
	0x06, 0x41, 0x06, 0x41, 0x06, 0x41, 0x06, 0x41, 
	0x06, 0x41, 0x06, 0x41, 0x06, 0x41, 0x33, 0xdd, 
	0x70, 0x35, 0x70, 0x35, 0x70, 0x35, 0x70, 0x35, 
	0x70, 0xb5, 0x61, 0xf1, 0x25, 0xd5, 0x06, 0x41, 
	0x06, 0x41, 0x06, 0x41, 0x06, 0x41, 0x06, 0x41, 
	0x06, 0x41, 0x06, 0x41, 0x06, 0x41, 0x06, 0x41, 
	0x06, 0x41, 0x06, 0x41, 0x06, 0x41, 0x06, 0x41, 
	0x06, 0x41, 0x06, 0x41, 0x06, 0x41, 0x06, 0x41, 
	0x06, 0x41, 0x06, 0x41, 0x06, 0x41, 0x06, 0x41, 
	0x06, 0x41, 0x06, 0x41, 0x06, 0x41, 0x06, 0x41, 
	0x06, 0x41, 0x06, 0x41, 0x06, 0x41, 0x06, 0x41, 
	0x06, 0x41, 0x06, 0x41, 0x06, 0x41, 0x06, 0x41, 
	0x06, 0x41, 0x06, 0x41, 0x06, 0x41, 0x06, 0x41, 
	0x06, 0x41, 0x06, 0x41, 0x06, 0x41, 0x06, 0x41, 
	0x06, 0x41, 0x06, 0x41, 0x06, 0x41, 0x06, 0x41, 
	0x06, 0x41, 0x06, 0x41, 0x06, 0x41, 0x06, 0x41, 
	0x06, 0x41, 0x06, 0x41, 0x06, 0x41, 0x06, 0x41, 
	0x06, 0x41, 0x06, 0x41, 0x06, 0x41, 0x25, 0xcd, 
	0x43, 0x5d, 0x43, 0x5d, 0x43, 0x5d, 0x52, 0xe3, 
	0x69, 0x31, 0x70, 0x35, 0x63, 0xed, 0x06, 0x41, 
	0x06, 0x41, 0x06, 0x41, 0x06, 0x41, 0x06, 0x41, 
	0x06, 0x41, 0x06, 0x41, 0x06, 0x41, 0x06, 0x41, 
	0x06, 0x41, 0x06, 0x41, 0x06, 0x41, 0x06, 0x41, 
	0x06, 0x41, 0x06, 0x41, 0x06, 0x41, 0x06, 0x41, 
	0x06, 0x41, 0x06, 0x41, 0x06, 0x41, 0x06, 0x41, 
	0x06, 0x41, 0x06, 0x41, 0x06, 0x41, 0x06, 0x41, 
	0x06, 0x41, 0x06, 0x41, 0x06, 0x41, 0x06, 0x41, 
	0x06, 0x41, 0x06, 0x41, 0x06, 0x41, 0x06, 0x41, 
	0x06, 0x41, 0x06, 0x41, 0x06, 0x41, 0x06, 0x41, 
	0x06, 0x41, 0x06, 0x41, 0x06, 0x41, 0x06, 0x41, 
	0x06, 0x41, 0x06, 0x41, 0x06, 0x41, 0x06, 0x41, 
	0x06, 0x41, 0x06, 0x41, 0x06, 0x41, 0x06, 0x41, 
	0x06, 0x41, 0x06, 0x41, 0x06, 0x41, 0x06, 0x41, 
	0x06, 0x41, 0x06, 0x41, 0x06, 0x41, 0x06, 0x41, 
	0x06, 0x41, 0x06, 0x41, 0x06, 0x41, 0x46, 0x11, 
	0x4b, 0x9d, 0x70, 0x35, 0x71, 0xf3, 0x45, 0x9f, 
	0x06, 0x41, 0x06, 0x41, 0x06, 0x41, 0x06, 0x41, 
	0x06, 0x41, 0x06, 0x41, 0x06, 0x41, 0x06, 0x41, 
	0x06, 0x41, 0x06, 0x41, 0x06, 0x41, 0x06, 0x41, 
	0x06, 0x41, 0x06, 0x41, 0x06, 0x41, 0x06, 0x41, 
	0x06, 0x41, 0x06, 0x41, 0x06, 0x41, 0x06, 0x41, 
	0x06, 0x41, 0x06, 0x41, 0x06, 0x41, 0x06, 0x41, 
	0x06, 0x41, 0x06, 0x41, 0x06, 0x41, 0x06, 0x41, 
	0x06, 0x41, 0x06, 0x41, 0x06, 0x41, 0x06, 0x41, 
	0x06, 0x41, 0x06, 0x41, 0x06, 0x41, 0x06, 0x41, 
	0x06, 0x41, 0x06, 0x41, 0x06, 0x41, 0x06, 0x41, 
	0x06, 0x41, 0x06, 0x41, 0x06, 0x41, 0x06, 0x41, 
	0x06, 0x41, 0x06, 0x41, 0x06, 0x41, 0x06, 0x41, 
	0x06, 0x41, 0x06, 0x41, 0x06, 0x41, 0x06, 0x41, 
	0x06, 0x41, 0x06, 0x41, 0x06, 0x41, 0x06, 0x41, 
	0x06, 0x41, 0x06, 0x41, 0x06, 0x41, 0x06, 0x41, 
	0x16, 0x09, 0x50, 0x6b, 0x70, 0x35, 0x54, 0xe5, 
	0x06, 0x41, 0x06, 0x41, 0x06, 0x41, 0x06, 0x41, 
	0x06, 0x41, 0x06, 0x41, 0x06, 0x41, 0x06, 0x41, 
	0x06, 0x41, 0x06, 0x41, 0x06, 0x41, 0x06, 0x41, 
	0x06, 0x41, 0x06, 0x41, 0x06, 0x41, 0x06, 0x41, 
	0x06, 0x41, 0x06, 0x41, 0x06, 0x41, 0x06, 0x41, 
	0x06, 0x41, 0x06, 0x41, 0x06, 0x41, 0x06, 0x41, 
	0x06, 0x41, 0x06, 0x41, 0x06, 0x41, 0x06, 0x41, 
	0x06, 0x41, 0x06, 0x41, 0x06, 0x41, 0x06, 0x41, 
	0x06, 0x41, 0x06, 0x41, 0x06, 0x41, 0x06, 0x41, 
	0x06, 0x41, 0x06, 0x41, 0x06, 0x41, 0x06, 0x41, 
	0x06, 0x41, 0x06, 0x41, 0x06, 0x41, 0x06, 0x41, 
	0x06, 0x41, 0x06, 0x41, 0x06, 0x41, 0x06, 0x41, 
	0x06, 0x41, 0x06, 0x41, 0x06, 0x41, 0x06, 0x41, 
	0x06, 0x41, 0x06, 0x41, 0x06, 0x41, 0x06, 0x41, 
	0x06, 0x41, 0x06, 0x41, 0x06, 0x41, 0x06, 0x41, 
	0x06, 0x43, 0x54, 0xe5, 0x70, 0x35, 0x54, 0xe5, 
	0x06, 0x41, 0x06, 0x41, 0x06, 0x41, 0x06, 0x41, 
	0x06, 0x41, 0x06, 0x41, 0x06, 0x41, 0x06, 0x41, 
	0x06, 0x41, 0x06, 0x41, 0x06, 0x41, 0x06, 0x41, 
	0x06, 0x41, 0x06, 0x41, 0x06, 0x41, 0x06, 0x41, 
	0x06, 0x41, 0x06, 0x41, 0x06, 0x41, 0x06, 0x41, 
	0x06, 0x41, 0x06, 0x41, 0x06, 0x41, 0x06, 0x41, 
	0x06, 0x41, 0x06, 0x41, 0x06, 0x41, 0x06, 0x41, 
	0x06, 0x41, 0x06, 0x41, 0x06, 0x41, 0x06, 0x41, 
	0x06, 0x41, 0x06, 0x41, 0x06, 0x41, 0x06, 0x41, 
	0x06, 0x41, 0x06, 0x41, 0x06, 0x41, 0x06, 0x41, 
	0x06, 0x41, 0x06, 0x41, 0x06, 0x41, 0x06, 0x41, 
	0x06, 0x41, 0x06, 0x41, 0x06, 0x41, 0x06, 0x41, 
	0x06, 0x41, 0x06, 0x41, 0x06, 0x41, 0x06, 0x41, 
	0x06, 0x41, 0x06, 0x41, 0x06, 0x41, 0x06, 0x41, 
	0x06, 0x41, 0x06, 0x41, 0x06, 0x41, 0x06, 0x41, 
	0x16, 0x49, 0x5c, 0x69, 0x70, 0x35, 0x54, 0xe5, 
	0x06, 0x41, 0x06, 0x41, 0x06, 0x41, 0x06, 0x41, 
	0x06, 0x41, 0x06, 0x41, 0x06, 0x41, 0x06, 0x41, 
	0x06, 0x41, 0x06, 0x41, 0x06, 0x41, 0x06, 0x41, 
	0x06, 0x41, 0x06, 0x41, 0x06, 0x41, 0x06, 0x41, 
	0x06, 0x41, 0x06, 0x41, 0x06, 0x41, 0x06, 0x41, 
	0x06, 0x41, 0x06, 0x41, 0x06, 0x41, 0x06, 0x41, 
	0x06, 0x41, 0x06, 0x41, 0x06, 0x41, 0x06, 0x41, 
	0x06, 0x41, 0x06, 0x41, 0x06, 0x41, 0x06, 0x41, 
	0x06, 0x41, 0x06, 0x41, 0x06, 0x41, 0x06, 0x41, 
	0x06, 0x41, 0x06, 0x41, 0x06, 0x41, 0x06, 0x41, 
	0x06, 0x41, 0x06, 0x41, 0x06, 0x41, 0x06, 0x41, 
	0x06, 0x41, 0x06, 0x41, 0x06, 0x41, 0x06, 0x41, 
	0x06, 0x41, 0x06, 0x41, 0x06, 0x41, 0x06, 0x41, 
	0x06, 0x41, 0x06, 0x41, 0x06, 0x41, 0x06, 0x41, 
	0x06, 0x41, 0x06, 0x41, 0x06, 0x41, 0x2e, 0x13, 
	0x54, 0xa7, 0x70, 0x35, 0x70, 0x35, 0x4c, 0xe3, 
	0x06, 0x41, 0x06, 0x41, 0x06, 0x41, 0x06, 0x41, 
	0x06, 0x41, 0x06, 0x41, 0x06, 0x41, 0x06, 0x41, 
	0x06, 0x41, 0x06, 0x41, 0x06, 0x41, 0x06, 0x41, 
	0x06, 0x41, 0x06, 0x41, 0x06, 0x41, 0x06, 0x41, 
	0x06, 0x41, 0x06, 0x41, 0x06, 0x41, 0x06, 0x41, 
	0x06, 0x41, 0x06, 0x41, 0x06, 0x41, 0x06, 0x41, 
	0x06, 0x41, 0x06, 0x41, 0x06, 0x41, 0x06, 0x41, 
	0x06, 0x41, 0x06, 0x41, 0x06, 0x41, 0x06, 0x41, 
	0x06, 0x41, 0x06, 0x41, 0x06, 0x41, 0x06, 0x41, 
	0x06, 0x41, 0x06, 0x41, 0x06, 0x41, 0x06, 0x41, 
	0x06, 0x41, 0x06, 0x41, 0x06, 0x41, 0x06, 0x41, 
	0x06, 0x41, 0x06, 0x41, 0x06, 0x41, 0x06, 0x41, 
	0x06, 0x41, 0x06, 0x41, 0x06, 0x41, 0x06, 0x41, 
	0x06, 0x41, 0x06, 0x41, 0x06, 0x41, 0x06, 0x41, 
	0x3d, 0x9d, 0x5c, 0xa9, 0x5c, 0xa9, 0x71, 0x75, 
	0x70, 0x35, 0x70, 0x35, 0x52, 0x6d, 0x1d, 0xcb, 
	0x06, 0x41, 0x06, 0x41, 0x06, 0x41, 0x06, 0x41, 
	0x06, 0x41, 0x06, 0x41, 0x06, 0x41, 0x06, 0x41, 
	0x06, 0x41, 0x06, 0x41, 0x06, 0x41, 0x06, 0x41, 
	0x06, 0x41, 0x06, 0x41, 0x06, 0x41, 0x06, 0x41, 
	0x06, 0x41, 0x06, 0x41, 0x06, 0x41, 0x06, 0x41, 
	0x06, 0x41, 0x06, 0x41, 0x06, 0x41, 0x06, 0x41, 
	0x06, 0x41, 0x06, 0x41, 0x06, 0x41, 0x06, 0x41, 
	0x06, 0x41, 0x06, 0x41, 0x06, 0x41, 0x06, 0x41, 
	0x06, 0x41, 0x06, 0x41, 0x06, 0x41, 0x06, 0x41, 
	0x06, 0x41, 0x06, 0x41, 0x06, 0x41, 0x06, 0x41, 
	0x06, 0x41, 0x06, 0x41, 0x06, 0x41, 0x06, 0x41, 
	0x06, 0x41, 0x06, 0x41, 0x06, 0x41, 0x06, 0x41, 
	0x06, 0x41, 0x06, 0x41, 0x06, 0x41, 0x06, 0x41, 
	0x06, 0x41, 0x3d, 0x9d, 0x5c, 0x6b, 0x71, 0x75, 
	0x71, 0x35, 0x70, 0x35, 0x70, 0x35, 0x70, 0x35, 
	0x70, 0x35, 0x50, 0x67, 0x2c, 0x55, 0x06, 0x41, 
	0x06, 0x41, 0x06, 0x41, 0x06, 0x41, 0x06, 0x41, 
	0x06, 0x41, 0x06, 0x41, 0x06, 0x41, 0x06, 0x41, 
	0x06, 0x41, 0x06, 0x41, 0x06, 0x41, 0x06, 0x41, 
	0x06, 0x41, 0x06, 0x41, 0x06, 0x41, 0x06, 0x41, 
	0x06, 0x41, 0x06, 0x41, 0x06, 0x41, 0x06, 0x41, 
	0x06, 0x41, 0x06, 0x41, 0x06, 0x41, 0x06, 0x41, 
	0x06, 0x41, 0x06, 0x41, 0x06, 0x41, 0x06, 0x41, 
	0x06, 0x41, 0x06, 0x41, 0x06, 0x41, 0x06, 0x41, 
	0x06, 0x41, 0x06, 0x41, 0x06, 0x41, 0x06, 0x41, 
	0x06, 0x41, 0x06, 0x41, 0x06, 0x41, 0x06, 0x41, 
	0x06, 0x41, 0x06, 0x41, 0x06, 0x41, 0x06, 0x41, 
	0x06, 0x41, 0x06, 0x41, 0x06, 0x41, 0x06, 0x41, 
	0x06, 0x41, 0x06, 0x41, 0x06, 0x41, 0x06, 0x41, 
	0x06, 0x41, 0x54, 0x65, 0x70, 0x35, 0x70, 0x35, 
	0x60, 0x71, 0x68, 0x6f, 0x50, 0x67, 0x43, 0x5d, 
	0x43, 0x9b, 0x1d, 0xc9, 0x0e, 0x45, 0x06, 0x41, 
	0x06, 0x41, 0x06, 0x41, 0x06, 0x41, 0x06, 0x41, 
	0x06, 0x41, 0x06, 0x41, 0x06, 0x41, 0x06, 0x41, 
	0x06, 0x41, 0x06, 0x41, 0x06, 0x41, 0x06, 0x41, 
	0x06, 0x41, 0x06, 0x41, 0x06, 0x41, 0x06, 0x41, 
	0x06, 0x41, 0x06, 0x41, 0x06, 0x41, 0x06, 0x41, 
	0x06, 0x41, 0x06, 0x41, 0x06, 0x41, 0x06, 0x41, 
	0x06, 0x41, 0x06, 0x41, 0x06, 0x41, 0x06, 0x41, 
	0x06, 0x41, 0x06, 0x41, 0x06, 0x41, 0x06, 0x41, 
	0x06, 0x41, 0x06, 0x41, 0x06, 0x41, 0x06, 0x41, 
	0x06, 0x41, 0x06, 0x41, 0x06, 0x41, 0x06, 0x41, 
	0x06, 0x41, 0x06, 0x41, 0x06, 0x41, 0x06, 0x41, 
	0x06, 0x41, 0x06, 0x41, 0x06, 0x41, 0x06, 0x41, 
	0x06, 0x41, 0x06, 0x41, 0x06, 0x41, 0x06, 0x41, 
	0x06, 0x41, 0x1d, 0xcb, 0x4a, 0xe3, 0x4a, 0xa3, 
	0x2c, 0x15, 0x25, 0x4d, 0x25, 0x4d, 0x0e, 0x45, 
	0x06, 0x41, 0x06, 0x41, 0x06, 0x41, 0x06, 0x41, 
	0x06, 0x41, 0x06, 0x41, 0x06, 0x41, 0x06, 0x41, 
	0x06, 0x41, 0x06, 0x41, 0x06, 0x41, 0x06, 0x41, 
	0x06, 0x41, 0x06, 0x41, 0x06, 0x41, 0x06, 0x41, 
	0x06, 0x41, 0x06, 0x41, 0x06, 0x41, 0x06, 0x41, 
	0x06, 0x41, 0x06, 0x41, 0x06, 0x41, 0x06, 0x41, 
	0x06, 0x41, 0x06, 0x41, 0x06, 0x41, 0x06, 0x41, 
	0x06, 0x41, 0x06, 0x41, 0x06, 0x41, 0x06, 0x41, 
	0x06, 0x41, 0x06, 0x41, 0x06, 0x41, 0x06, 0x41, 
	0x06, 0x41, 0x06, 0x41, 0x06, 0x41, 0x06, 0x41, 
	0x06, 0x41, 0x06, 0x41, 0x06, 0x41, 0x06, 0x41, 
	0x06, 0x41, 0x06, 0x41, 0x06, 0x41, 0x06, 0x41, 
	0x06, 0x41, 0x06, 0x41, 0x06, 0x41, 0x06, 0x41, 
	0x06, 0x41, 0x06, 0x41, 0x06, 0x41, 0x45, 0x9d, 
	0x5c, 0x69, 0x5c, 0x69, 0x16, 0x4b, 0x06, 0x41, 
	0x06, 0x41, 0x06, 0x41, 0x06, 0x41, 0x06, 0x41, 
	0x06, 0x41, 0x06, 0x41, 0x06, 0x41, 0x06, 0x41, 
	0x06, 0x41, 0x06, 0x41, 0x06, 0x41, 0x06, 0x41, 
	0x06, 0x41, 0x06, 0x41, 0x06, 0x41, 0x06, 0x41, 
	0x06, 0x41, 0x06, 0x41, 0x06, 0x41, 0x06, 0x41, 
	0x06, 0x41, 0x06, 0x41, 0x06, 0x41, 0x06, 0x41, 
	0x06, 0x41, 0x06, 0x41, 0x06, 0x41, 0x06, 0x41, 
	0x06, 0x41, 0x06, 0x41, 0x06, 0x41, 0x06, 0x41, 
	0x06, 0x41, 0x06, 0x41, 0x06, 0x41, 0x06, 0x41, 
	0x06, 0x41, 0x06, 0x41, 0x06, 0x41, 0x06, 0x41, 
	0x06, 0x41, 0x06, 0x41, 0x06, 0x41, 0x06, 0x41, 
	0x06, 0x41, 0x06, 0x41, 0x06, 0x41, 0x06, 0x41, 
	0x06, 0x41, 0x06, 0x41, 0x06, 0x41, 0x06, 0x41, 
	0x06, 0x41, 0x06, 0x41, 0x06, 0x41, 0x06, 0x41, 
	0x06, 0x41, 0x06, 0x41, 0x26, 0x0f, 0x68, 0xf1, 
	0x70, 0x35, 0x68, 0x6f, 0x1e, 0x4b, 0x06, 0x41, 
	0x06, 0x41, 0x06, 0x41, 0x06, 0x41, 0x06, 0x41, 
	0x06, 0x41, 0x06, 0x41, 0x06, 0x41, 0x06, 0x41, 
	0x06, 0x41, 0x06, 0x41, 0x06, 0x41, 0x06, 0x41, 
	0x06, 0x41, 0x06, 0x41, 0x06, 0x41, 0x06, 0x41, 
	0x06, 0x41, 0x06, 0x41, 0x06, 0x41, 0x06, 0x41, 
	0x06, 0x41, 0x06, 0x41, 0x06, 0x41, 0x06, 0x41, 
	0x06, 0x41, 0x06, 0x41, 0x06, 0x41, 0x06, 0x41, 
	0x06, 0x41, 0x06, 0x41, 0x06, 0x41, 0x06, 0x41, 
	0x06, 0x41, 0x06, 0x41, 0x06, 0x41, 0x06, 0x41, 
	0x06, 0x41, 0x06, 0x41, 0x06, 0x41, 0x06, 0x41, 
	0x06, 0x41, 0x06, 0x41, 0x06, 0x41, 0x06, 0x41, 
	0x06, 0x41, 0x06, 0x41, 0x06, 0x41, 0x06, 0x41, 
	0x06, 0x41, 0x06, 0x41, 0x06, 0x41, 0x06, 0x41, 
	0x06, 0x41, 0x06, 0x41, 0x06, 0x41, 0x06, 0x41, 
	0x06, 0x41, 0x06, 0x41, 0x16, 0x07, 0x62, 0xe5, 
	0x68, 0xef, 0x4c, 0xa1, 0x0e, 0x43, 0x06, 0x41, 
	0x06, 0x41, 0x06, 0x41, 0x06, 0x41, 0x06, 0x41, 
	0x06, 0x41, 0x06, 0x41, 0x06, 0x41, 0x06, 0x41, 
	0x06, 0x41, 0x06, 0x41, 0x06, 0x41, 0x06, 0x41, 
	0x06, 0x41, 0x06, 0x41, 0x06, 0x41, 0x06, 0x41, 
	0x06, 0x41, 0x06, 0x41, 0x06, 0x41, 0x06, 0x41, 
	0x06, 0x41, 0x06, 0x41, 0x06, 0x41, 0x06, 0x41, 
	0x06, 0x41, 0x06, 0x41, 0x06, 0x41, 0x06, 0x41, 
	0x06, 0x41, 0x06, 0x41, 0x06, 0x41, 0x06, 0x41, 
	0x06, 0x41, 0x06, 0x41, 0x06, 0x41, 0x06, 0x41, 
	0x06, 0x41, 0x06, 0x41, 0x06, 0x41, 0x06, 0x41, 
	0x06, 0x41, 0x06, 0x41, 0x06, 0x41, 0x06, 0x41, 
	0x06, 0x41, 0x06, 0x41, 0x06, 0x41, 0x06, 0x41, 
	0x06, 0x41, 0x06, 0x41, 0x06, 0x41, 0x06, 0x41, 
	0x06, 0x41, 0x06, 0x41, 0x06, 0x41, 0x06, 0x41, 
	0x06, 0x41, 0x06, 0x41, 0x06, 0x41, 0x46, 0x11, 
	0x35, 0x8f, 0x16, 0x09, 0x06, 0x41, 0x06, 0x41, 
	0x06, 0x41, 0x06, 0x41, 0x06, 0x41, 0x06, 0x41, 
	0x06, 0x41, 0x06, 0x41, 0x06, 0x41, 0x06, 0x41, 
	0x06, 0x41, 0x06, 0x41, 0x06, 0x41, 0x06, 0x41, 
	0x06, 0x41, 0x06, 0x41, 0x06, 0x41, 0x06, 0x41, 
	0x06, 0x41, 0x06, 0x41, 0x06, 0x41, 0x06, 0x41, 
	0x06, 0x41, 0x06, 0x41, 0x06, 0x41, 0x06, 0x41, 
	0x06, 0x41, 0x06, 0x41, 0x06, 0x41, 0x06, 0x41, 
	0x06, 0x41, 0x06, 0x41, 0x06, 0x41, 0x06, 0x41, 
	0x06, 0x41, 0x06, 0x41, 0x06, 0x41, 0x06, 0x41, 
	0x06, 0x41, 0x06, 0x41, 0x06, 0x41, 0x06, 0x41, 
	0x06, 0x41, 0x06, 0x41, 0x06, 0x41, 0x06, 0x41, 
	0x06, 0x41, 0x06, 0x41, 0x06, 0x41, 0x06, 0x41, 
	0x06, 0x41, 0x06, 0x41, 0x06, 0x41, 0x06, 0x41, 
	0x06, 0x41, 0x06, 0x41, 0x06, 0x41, 0x06, 0x41, 
	0x06, 0x41, 0x06, 0x41, 0x06, 0x41, 0x06, 0x41, 
	0x06, 0x41, 0x06, 0x41, 0x06, 0x41, 0x06, 0x41, 
	0x06, 0x41, 0x06, 0x41, 0x06, 0x41, 0x06, 0x41, 
	0x06, 0x41, 0x06, 0x41, 0x06, 0x41, 0x06, 0x41, 
	0x06, 0x41, 0x06, 0x41, 0x06, 0x41, 0x06, 0x41, 
	0x06, 0x41, 0x06, 0x41, 0x06, 0x41, 0x06, 0x41, 
	0x06, 0x41, 0x06, 0x41, 0x06, 0x41, 0x06, 0x41, 
	0x06, 0x41, 0x06, 0x41, 0x06, 0x41, 0x06, 0x41, 
	0x06, 0x41, 0x06, 0x41, 0x06, 0x41, 0x06, 0x41, 
	0x06, 0x41, 0x06, 0x41, 0x06, 0x41, 0x06, 0x41, 
	0x06, 0x41, 0x06, 0x41, 0x06, 0x41, 0x06, 0x41, 
	0x06, 0x41, 0x06, 0x41, 0x06, 0x41, 0x06, 0x41, 
	0x06, 0x41, 0x06, 0x41, 0x06, 0x41, 0x06, 0x41, 
	0x06, 0x41, 0x06, 0x41, 0x06, 0x41, 0x06, 0x41, 
	0x06, 0x41, 0x06, 0x41, 0x06, 0x41, 0x06, 0x41, 
	0x06, 0x41, 0x06, 0x41, 0x06, 0x41, 0x06, 0x41, 
	0x06, 0x41, 0x06, 0x41, 0x06, 0x41, 0x06, 0x41, 
	0x06, 0x41, 0x06, 0x41, 0x06, 0x41, 0x06, 0x41, 
	0x06, 0x41, 0x06, 0x41, 0x06, 0x41, 0x06, 0x41, 
	0x06, 0x41, 0x06, 0x41, 0x06, 0x41, 0x06, 0x41, 
	0x06, 0x41, 0x06, 0x41, 0x06, 0x41, 0x06, 0x41, 
	0x06, 0x41, 0x06, 0x41, 0x06, 0x41, 0x06, 0x41, 
	0x06, 0x41, 0x06, 0x41, 0x06, 0x41, 0x06, 0x41, 
	0x06, 0x41, 0x06, 0x41, 0x06, 0x41, 0x06, 0x41, 
	0x06, 0x41, 0x06, 0x41, 0x06, 0x41, 0x06, 0x41, 
	0x06, 0x41, 0x06, 0x41, 0x06, 0x41, 0x06, 0x41, 
	0x06, 0x41, 0x06, 0x41, 0x06, 0x41, 0x06, 0x41, 
	0x06, 0x41, 0x06, 0x41, 0x06, 0x41, 0x06, 0x41, 
	0x06, 0x41, 0x06, 0x41, 0x06, 0x41, 0x06, 0x41, 
	0x06, 0x41, 0x06, 0x41, 0x06, 0x41, 0x06, 0x41, 
	0x06, 0x41, 0x06, 0x41, 0x06, 0x41, 0x06, 0x41, 
	0x06, 0x41, 0x06, 0x41, 0x06, 0x41, 0x06, 0x41, 
	0x06, 0x41, 0x06, 0x41, 0x06, 0x41, 0x06, 0x41, 
	0x06, 0x41, 0x06, 0x41, 0x06, 0x41, 0x06, 0x41, 
	0x06, 0x41, 0x06, 0x41, 0x06, 0x41, 0x06, 0x41, 
	0x06, 0x41, 0x06, 0x41, 0x06, 0x41, 0x06, 0x41, 
	0x06, 0x41, 0x06, 0x41, 0x06, 0x41, 0x06, 0x41, 
	0x06, 0x41, 0x06, 0x41, 0x06, 0x41, 0x06, 0x41, 
	0x06, 0x41, 0x06, 0x41, 0x06, 0x41, 0x06, 0x41, 
	0x06, 0x41, 0x06, 0x41, 0x06, 0x41, 0x06, 0x41, 
	0x06, 0x41, 0x06, 0x41, 0x06, 0x41, 0x06, 0x41, 
	0x06, 0x41, 0x06, 0x41, 0x06, 0x41, 0x06, 0x41, 
	0x06, 0x41, 0x06, 0x41, 0x06, 0x41, 0x05, 0xc1, 
	0x06, 0x41, 0x06, 0x41, 0x06, 0x41, 0x06, 0x01, 
	0x06, 0x41, 0x06, 0x41, 0x06, 0x41, 0x06, 0x41, 
	0x06, 0x41, 0x06, 0x41, 0x06, 0x41, 0x06, 0x41, 
	0x06, 0x41, 0x06, 0x41, 0x06, 0x41, 0x06, 0x41, 
	0x06, 0x41, 0x06, 0x41, 0x06, 0x41, 0x06, 0x41, 
	0x06, 0x41, 0x06, 0x41, 0x06, 0x41, 0x06, 0x41, 
	0x06, 0x41, 0x06, 0x41, 0x06, 0x41, 0x06, 0x41, 
	0x06, 0x41, 0x06, 0x41, 0x06, 0x41, 0x06, 0x41, 
	0x06, 0x41, 0x06, 0x41, 0x06, 0x41, 0x06, 0x41, 
	0x06, 0x41, 0x06, 0x41, 0x06, 0x41, 0x06, 0x41, 
	0x06, 0x41, 0x06, 0x41, 0x06, 0x41, 0x06, 0x41, 
	0x06, 0x41, 0x06, 0x41, 0x06, 0x41, 0x06, 0x41, 
	0x06, 0x41, 0x06, 0x41, 0x06, 0x41, 0x06, 0x41, 
	0x06, 0x41, 0x06, 0x41, 0x06, 0x41, 0x06, 0x41, 
	0x06, 0x41, 0x06, 0x41, 0x06, 0x41, 0x06, 0x41, 
	0x06, 0x41, 0x06, 0x41, 0x05, 0x41, 0x01, 0x41, 
	0x05, 0x41, 0x06, 0x41, 0x04, 0x81, 0x03, 0x41, 
	0x06, 0x41, 0x06, 0x41, 0x06, 0x41, 0x06, 0x41, 
	0x06, 0x41, 0x06, 0x41, 0x06, 0x41, 0x06, 0x41, 
	0x06, 0x41, 0x06, 0x41, 0x06, 0x41, 0x06, 0x41, 
	0x06, 0x41, 0x04, 0xc1, 0x05, 0x41, 0x06, 0x41, 
	0x06, 0x41, 0x06, 0x41, 0x06, 0x41, 0x06, 0x41, 
	0x06, 0x41, 0x06, 0x41, 0x06, 0x41, 0x06, 0x41, 
	0x06, 0x41, 0x06, 0x41, 0x06, 0x41, 0x06, 0x41, 
	0x06, 0x41, 0x06, 0x41, 0x06, 0x41, 0x06, 0x41, 
	0x06, 0x41, 0x06, 0x41, 0x06, 0x41, 0x06, 0x41, 
	0x06, 0x41, 0x06, 0x41, 0x06, 0x41, 0x06, 0x41, 
	0x06, 0x41, 0x06, 0x41, 0x06, 0x41, 0x06, 0x41, 
	0x06, 0x41, 0x06, 0x41, 0x06, 0x41, 0x06, 0x41, 
	0x06, 0x41, 0x06, 0x41, 0x06, 0x41, 0x06, 0x41, 
	0x06, 0x41, 0x06, 0x41, 0x06, 0x41, 0x06, 0x41, 
	0x06, 0x41, 0x06, 0x41, 0x04, 0x41, 0x00, 0x01, 
	0x05, 0x41, 0x06, 0x41, 0x03, 0x01, 0x00, 0x01, 
	0x06, 0x01, 0x06, 0x41, 0x06, 0x41, 0x06, 0x41, 
	0x06, 0x41, 0x06, 0x41, 0x06, 0x41, 0x06, 0x41, 
	0x06, 0x41, 0x06, 0x41, 0x06, 0x41, 0x06, 0x41, 
	0x06, 0x41, 0x03, 0x41, 0x04, 0x81, 0x06, 0x41, 
	0x06, 0x41, 0x06, 0x41, 0x06, 0x41, 0x06, 0x41, 
	0x06, 0x41, 0x06, 0x41, 0x06, 0x41, 0x06, 0x41, 
	0x06, 0x41, 0x06, 0x41, 0x06, 0x41, 0x06, 0x41, 
	0x06, 0x41, 0x06, 0x41, 0x06, 0x41, 0x06, 0x41, 
	0x06, 0x41, 0x06, 0x41, 0x06, 0x41, 0x06, 0x41, 
	0x06, 0x41, 0x06, 0x41, 0x06, 0x41, 0x06, 0x41, 
	0x06, 0x41, 0x06, 0x41, 0x06, 0x41, 0x06, 0x41, 
	0x06, 0x41, 0x06, 0x41, 0x06, 0x41, 0x06, 0x41, 
	0x06, 0x41, 0x06, 0x41, 0x06, 0x41, 0x06, 0x41, 
	0x06, 0x41, 0x06, 0x41, 0x06, 0x41, 0x06, 0x41, 
	0x06, 0x41, 0x06, 0x01, 0x03, 0x81, 0x04, 0xc1, 
	0x04, 0x81, 0x06, 0x01, 0x03, 0x81, 0x04, 0x41, 
	0x05, 0x81, 0x06, 0x41, 0x02, 0x41, 0x05, 0x01, 
	0x06, 0x41, 0x05, 0x81, 0x02, 0x81, 0x06, 0x41, 
	0x05, 0x81, 0x04, 0x01, 0x02, 0x41, 0x05, 0x41, 
	0x02, 0x41, 0x01, 0x41, 0x01, 0xc1, 0x03, 0xc1, 
	0x06, 0x41, 0x04, 0x81, 0x02, 0x41, 0x02, 0x41, 
	0x05, 0x41, 0x06, 0x41, 0x02, 0xc1, 0x04, 0x81, 
	0x03, 0x81, 0x03, 0x81, 0x04, 0x81, 0x03, 0x81, 
	0x06, 0x01, 0x06, 0x41, 0x03, 0x81, 0x05, 0x01, 
	0x06, 0x41, 0x06, 0x41, 0x06, 0x41, 0x06, 0x41, 
	0x06, 0x41, 0x06, 0x41, 0x06, 0x41, 0x06, 0x41, 
	0x06, 0x41, 0x06, 0x41, 0x06, 0x41, 0x06, 0x41, 
	0x06, 0x41, 0x06, 0x41, 0x06, 0x41, 0x06, 0x41, 
	0x06, 0x41, 0x06, 0x41, 0x06, 0x41, 0x06, 0x41, 
	0x06, 0x41, 0x06, 0x41, 0x06, 0x41, 0x06, 0x41, 
	0x06, 0x41, 0x05, 0xc1, 0x00, 0x01, 0x05, 0x01, 
	0x01, 0xc1, 0x04, 0xc1, 0x02, 0xc1, 0x04, 0x81, 
	0x03, 0x81, 0x06, 0x41, 0x04, 0x41, 0x02, 0x81, 
	0x06, 0x01, 0x05, 0x01, 0x02, 0x81, 0x05, 0x81, 
	0x01, 0xc1, 0x03, 0x81, 0x05, 0x01, 0x06, 0x01, 
	0x05, 0x81, 0x03, 0x01, 0x04, 0x01, 0x05, 0xc1, 
	0x04, 0xc1, 0x01, 0xc1, 0x05, 0x01, 0x03, 0xc1, 
	0x03, 0xc1, 0x06, 0x41, 0x01, 0x81, 0x04, 0xc1, 
	0x05, 0x01, 0x03, 0xc1, 0x05, 0xc1, 0x01, 0x81, 
	0x05, 0x01, 0x06, 0x01, 0x03, 0x01, 0x05, 0x01, 
	0x06, 0x41, 0x06, 0x41, 0x06, 0x41, 0x06, 0x41, 
	0x06, 0x41, 0x06, 0x41, 0x06, 0x41, 0x06, 0x41, 
	0x06, 0x41, 0x06, 0x41, 0x06, 0x41, 0x06, 0x41, 
	0x06, 0x41, 0x06, 0x41, 0x06, 0x41, 0x06, 0x41, 
	0x06, 0x41, 0x06, 0x41, 0x06, 0x41, 0x06, 0x41, 
	0x06, 0x41, 0x06, 0x41, 0x06, 0x41, 0x06, 0x41, 
	0x06, 0x41, 0x05, 0x81, 0x04, 0x01, 0x05, 0x41, 
	0x01, 0xc1, 0x04, 0xc1, 0x03, 0x01, 0x04, 0x81, 
	0x03, 0x81, 0x06, 0x41, 0x05, 0xc1, 0x02, 0x81, 
	0x04, 0x81, 0x02, 0x41, 0x05, 0x41, 0x05, 0xc1, 
	0x02, 0xc1, 0x01, 0x81, 0x02, 0x41, 0x05, 0x81, 
	0x06, 0x41, 0x03, 0x41, 0x04, 0x81, 0x06, 0x41, 
	0x04, 0x01, 0x03, 0xc1, 0x04, 0xc1, 0x03, 0xc1, 
	0x06, 0x01, 0x06, 0x41, 0x01, 0x81, 0x05, 0x81, 
	0x06, 0x41, 0x06, 0x41, 0x06, 0x41, 0x04, 0x41, 
	0x01, 0xc1, 0x04, 0xc1, 0x03, 0x01, 0x06, 0x41, 
	0x06, 0x41, 0x06, 0x41, 0x06, 0x41, 0x06, 0x41, 
	0x06, 0x41, 0x06, 0x41, 0x06, 0x41, 0x06, 0x41, 
	0x06, 0x41, 0x06, 0x41, 0x06, 0x41, 0x06, 0x41, 
	0x06, 0x41, 0x06, 0x41, 0x06, 0x41, 0x06, 0x41, 
	0x06, 0x41, 0x06, 0x41, 0x06, 0x41, 0x06, 0x41, 
	0x06, 0x41, 0x06, 0x41, 0x06, 0x41, 0x06, 0x41, 
	0x06, 0x41, 0x02, 0xc1, 0x04, 0xc1, 0x05, 0xc1, 
	0x02, 0xc1, 0x00, 0x01, 0x05, 0xc1, 0x05, 0x81, 
	0x03, 0x01, 0x05, 0xc1, 0x06, 0x41, 0x04, 0xc1, 
	0x00, 0x01, 0x03, 0x81, 0x06, 0x41, 0x05, 0xc1, 
	0x04, 0xc1, 0x04, 0xc1, 0x01, 0xc1, 0x05, 0x01, 
	0x06, 0x41, 0x03, 0x41, 0x04, 0x81, 0x06, 0x41, 
	0x04, 0x01, 0x00, 0x01, 0x04, 0x01, 0x04, 0xc1, 
	0x03, 0x81, 0x06, 0x41, 0x01, 0x81, 0x05, 0x81, 
	0x06, 0x41, 0x06, 0x41, 0x06, 0x41, 0x05, 0xc1, 
	0x02, 0xc1, 0x00, 0x01, 0x05, 0xc1, 0x06, 0x41, 
	0x06, 0x41, 0x06, 0x41, 0x06, 0x41, 0x06, 0x41, 
	0x06, 0x41, 0x06, 0x41, 0x06, 0x41, 0x06, 0x41, 
	0x06, 0x41, 0x06, 0x41, 0x06, 0x41, 0x06, 0x41, 
	0x06, 0x41, 0x06, 0x41, 0x06, 0x41, 0x06, 0x41, 
	0x06, 0x41, 0x06, 0x41, 0x06, 0x41, 0x06, 0x41, 
	0x06, 0x41, 0x06, 0x41, 0x06, 0x41, 0x06, 0x41, 
	0x06, 0x41, 0x04, 0x81, 0x05, 0x81, 0x06, 0x41, 
	0x04, 0xc1, 0x03, 0xc1, 0x06, 0x01, 0x06, 0x41, 
	0x04, 0x01, 0x05, 0x81, 0x06, 0x41, 0x05, 0xc1, 
	0x00, 0x01, 0x05, 0xc1, 0x06, 0x41, 0x06, 0x41, 
	0x04, 0x81, 0x03, 0xc1, 0x04, 0x81, 0x06, 0x41, 
	0x06, 0x41, 0x04, 0x81, 0x05, 0x41, 0x06, 0x41, 
	0x06, 0x01, 0x05, 0x41, 0x03, 0xc1, 0x03, 0xc1, 
	0x05, 0xc1, 0x06, 0x41, 0x04, 0x01, 0x05, 0xc1, 
	0x06, 0x41, 0x06, 0x41, 0x06, 0x41, 0x06, 0x41, 
	0x03, 0xc1, 0x04, 0x01, 0x06, 0x41, 0x06, 0x41, 
	0x06, 0x41, 0x06, 0x41, 0x06, 0x41, 0x06, 0x41, 
	0x06, 0x41, 0x06, 0x41, 0x06, 0x41, 0x06, 0x41, 
	0x06, 0x41, 0x06, 0x41, 0x06, 0x41, 0x06, 0x41, 
	0x06, 0x41, 0x06, 0x41, 0x06, 0x41, 0x06, 0x41, 
	0x06, 0x41, 0x06, 0x41, 0x06, 0x41, 0x06, 0x41, 
	0x06, 0x41, 0x06, 0x41, 0x06, 0x41, 0x06, 0x41, 
	0x06, 0x41, 0x06, 0x41, 0x06, 0x41, 0x06, 0x41, 
	0x06, 0x41, 0x06, 0x41, 0x06, 0x41, 0x06, 0x41, 
	0x06, 0x41, 0x06, 0x41, 0x06, 0x41, 0x04, 0x01, 
	0x04, 0x41, 0x06, 0x41, 0x06, 0x41, 0x06, 0x41, 
	0x06, 0x41, 0x06, 0x41, 0x06, 0x41, 0x06, 0x41, 
	0x06, 0x41, 0x06, 0x41, 0x06, 0x41, 0x06, 0x41, 
	0x06, 0x41, 0x06, 0x41, 0x06, 0x41, 0x06, 0x41, 
	0x06, 0x41, 0x06, 0x41, 0x06, 0x41, 0x06, 0x41, 
	0x06, 0x41, 0x06, 0x41, 0x06, 0x41, 0x05, 0x81, 
	0x02, 0x81, 0x06, 0x01, 0x06, 0x41, 0x06, 0x41, 
	0x06, 0x41, 0x06, 0x41, 0x06, 0x41, 0x06, 0x41, 
	0x06, 0x41, 0x06, 0x41, 0x06, 0x41, 0x06, 0x41, 
	0x06, 0x41, 0x06, 0x41, 0x06, 0x41, 0x06, 0x41, 
	0x06, 0x41, 0x06, 0x41, 0x06, 0x41, 0x06, 0x41, 
	0x06, 0x41, 0x06, 0x41, 0x06, 0x41, 0x06, 0x41, 
	0x06, 0x41, 0x06, 0x41, 0x06, 0x41, 0x06, 0x41, 
	0x06, 0x41, 0x06, 0x41, 0x06, 0x41, 0x06, 0x41, 
	0x06, 0x41, 0x06, 0x41, 0x06, 0x41, 0x06, 0x41, 
	0x06, 0x41, 0x06, 0x41, 0x05, 0x81, 0x03, 0x01, 
	0x05, 0xc1, 0x06, 0x41, 0x06, 0x41, 0x06, 0x41, 
	0x06, 0x41, 0x06, 0x41, 0x06, 0x41, 0x06, 0x41, 
	0x06, 0x41, 0x06, 0x41, 0x06, 0x41, 0x06, 0x41, 
	0x06, 0x41, 0x06, 0x41, 0x06, 0x41, 0x06, 0x41, 
	0x06, 0x41, 0x06, 0x41, 0x06, 0x41, 0x06, 0x41, 
	0x06, 0x41, 0x06, 0x41, 0x06, 0x41, 0x03, 0x81, 
	0x04, 0x81, 0x06, 0x41, 0x06, 0x41, 0x06, 0x41, 
	0x06, 0x41, 0x06, 0x41, 0x06, 0x41, 0x06, 0x41, 
	0x06, 0x41, 0x06, 0x41, 0x06, 0x41, 0x06, 0x41, 
	0x06, 0x41, 0x06, 0x41, 0x06, 0x41, 0x06, 0x41, 
	0x06, 0x41, 0x06, 0x41, 0x06, 0x41, 0x06, 0x41, 
	0x06, 0x41, 0x06, 0x41, 0x06, 0x41, 0x06, 0x41, 
	0x06, 0x41, 0x06, 0x41, 0x06, 0x41, 0x06, 0x41, 
	0x06, 0x41, 0x06, 0x41, 0x06, 0x41, 0x06, 0x41, 
	0x06, 0x41, 0x06, 0x41, 0x06, 0x41, 0x06, 0x41, 
	0x06, 0x41, 0x06, 0x41, 0x05, 0xc1, 0x04, 0xc1, 
	0x06, 0x41, 0x06, 0x41, 0x06, 0x41, 0x06, 0x41, 
	0x06, 0x41, 0x06, 0x41, 0x06, 0x41, 0x06, 0x41, 
	0x06, 0x41, 0x06, 0x41, 0x06, 0x41, 0x06, 0x41, 
	0x06, 0x41, 0x06, 0x41, 0x06, 0x41, 0x06, 0x41, 
	0x06, 0x41, 0x06, 0x41, 0x06, 0x41, 0x06, 0x41, 
	0x06, 0x41, 0x06, 0x41, 0x06, 0x41, 0x04, 0xc1, 
	0x05, 0xc1, 0x06, 0x41, 0x06, 0x41, 0x06, 0x41, 
	0x06, 0x41, 0x06, 0x41, 0x06, 0x41, 0x06, 0x41, 
	0x06, 0x41, 0x06, 0x41, 0x06, 0x41, 0x06, 0x41, 
	0x06, 0x41, 0x06, 0x41, 0x06, 0x41, 0x06, 0x41, 
	0x06, 0x41, 0x06, 0x41, 0x06, 0x41, 0x06, 0x41, 
	0x06, 0x41, 0x06, 0x41, 0x06, 0x41, 0x06, 0x41, 
	0x06, 0x41, 0x06, 0x41, 0x06, 0x41, 0x06, 0x41, 
	0x06, 0x41, 0x06, 0x41, 0x06, 0x41, 0x06, 0x41, 
	0x06, 0x41, 0x06, 0x41, 0x06, 0x41, 0x06, 0x41, 
	0x06, 0x41, 0x06, 0x41, 0x06, 0x41, 0x06, 0x41, 
	0x06, 0x41, 0x06, 0x41, 0x06, 0x41, 0x06, 0x41, 
	0x06, 0x41, 0x06, 0x41, 0x06, 0x41, 0x06, 0x41, 
	0x06, 0x41, 0x06, 0x41, 0x06, 0x41, 0x06, 0x41, 
	0x06, 0x41, 0x06, 0x41, 0x06, 0x41, 0x06, 0x41, 
	0x06, 0x41, 0x06, 0x41, 0x06, 0x41, 0x06, 0x41, 
	0x05, 0x41, 0x06, 0x01, 0x06, 0x41, 0x06, 0x41, 
	0x06, 0x41, 0x06, 0x41, 0x06, 0x41, 0x06, 0x41, 
	0x06, 0x41, 0x06, 0x41, 0x06, 0x41, 0x06, 0x41, 
	0x06, 0x41, 0x06, 0x41, 0x06, 0x41, 0x06, 0x41, 
	0x06, 0x41, 0x06, 0x41, 0x06, 0x41, 0x06, 0x41, 
	0x06, 0x41, 0x06, 0x41, 0x06, 0x41, 0x06, 0x41, 
	0x06, 0x41, 0x06, 0x41, 0x06, 0x41, 0x06, 0x41, 
	0x06, 0x41, 0x06, 0x41, 0x06, 0x41, 0x06, 0x41, 
	0x06, 0x41, 0x06, 0x41, 0x06, 0x41, 0x06, 0x41, 
	0x06, 0x41, 0x06, 0x41, 0x06, 0x41, 0x46, 0x11, 
	0x1b, 0x87, 0x03, 0x41, 0x04, 0x81, 0x05, 0xc1, 
	0x06, 0x41, 0x06, 0x41, 0x06, 0x41, 0x06, 0x41, 
	0x06, 0x41, 0x06, 0x41, 0x06, 0x41, 0x06, 0x41, 
	0x06, 0x41, 0x06, 0x41, 0x06, 0x41, 0x06, 0x41, 
	0x06, 0x41, 0x06, 0x41, 0x06, 0x41, 0x06, 0x41, 
	0x06, 0x41, 0x06, 0x41, 0x06, 0x41, 0x06, 0x01, 
	0x00, 0x01, 0x05, 0xc1, 0x06, 0x41, 0x06, 0x41, 
	0x06, 0x41, 0x06, 0x41, 0x06, 0x41, 0x06, 0x41, 
	0x06, 0x41, 0x06, 0x41, 0x06, 0x41, 0x06, 0x41, 
	0x06, 0x41, 0x06, 0x41, 0x06, 0x41, 0x06, 0x41, 
	0x06, 0x41, 0x06, 0x41, 0x06, 0x41, 0x06, 0x41, 
	0x06, 0x41, 0x06, 0x41, 0x06, 0x41, 0x06, 0x41, 
	0x06, 0x41, 0x06, 0x41, 0x06, 0x41, 0x06, 0x41, 
	0x06, 0x41, 0x06, 0x41, 0x06, 0x41, 0x06, 0x41, 
	0x06, 0x41, 0x06, 0x41, 0x06, 0x41, 0x06, 0x41, 
	0x06, 0x41, 0x06, 0x41, 0x46, 0x11, 0x9b, 0xe7, 
	0x39, 0x0d, 0x72, 0x1d, 0x72, 0x1d, 0x19, 0xc7, 
	0x05, 0x41, 0x06, 0x41, 0x06, 0x41, 0x06, 0x41, 
	0x06, 0x41, 0x06, 0x41, 0x06, 0x41, 0x06, 0x41, 
	0x06, 0x41, 0x06, 0x41, 0x06, 0x41, 0x06, 0x41, 
	0x06, 0x41, 0x06, 0x41, 0x06, 0x41, 0x06, 0x41, 
	0x06, 0x41, 0x06, 0x41, 0x06, 0x41, 0x06, 0x01, 
	0x00, 0x01, 0x05, 0xc1, 0x06, 0x41, 0x06, 0x41, 
	0x06, 0x41, 0x06, 0x41, 0x06, 0x41, 0x06, 0x41, 
	0x06, 0x41, 0x06, 0x41, 0x06, 0x41, 0x06, 0x41, 
	0x06, 0x41, 0x06, 0x41, 0x06, 0x41, 0x06, 0x41, 
	0x06, 0x41, 0x06, 0x41, 0x06, 0x41, 0x06, 0x41, 
	0x06, 0x41, 0x06, 0x41, 0x06, 0x41, 0x06, 0x41, 
	0x06, 0x41, 0x06, 0x41, 0x06, 0x41, 0x06, 0x41, 
	0x06, 0x41, 0x06, 0x41, 0x06, 0x41, 0x06, 0x41, 
	0x06, 0x41, 0x06, 0x41, 0x06, 0x41, 0x06, 0x41, 
	0x06, 0x41, 0x06, 0x41, 0x4d, 0xd3, 0xab, 0x2b, 
	0x39, 0x0d, 0x8a, 0xa3, 0xab, 0x2b, 0x82, 0x61, 
	0x00, 0x01, 0x06, 0x01, 0x06, 0x41, 0x05, 0xc1, 
	0x04, 0x81, 0x05, 0x81, 0x06, 0x41, 0x06, 0x41, 
	0x05, 0xc1, 0x04, 0x81, 0x05, 0x81, 0x06, 0x41, 
	0x05, 0x41, 0x05, 0x41, 0x05, 0x01, 0x04, 0x81, 
	0x05, 0xc1, 0x04, 0x81, 0x06, 0x41, 0x06, 0x01, 
	0x00, 0x01, 0x05, 0xc1, 0x06, 0x41, 0x06, 0x41, 
	0x06, 0x41, 0x06, 0x41, 0x06, 0x41, 0x06, 0x41, 
	0x06, 0x41, 0x06, 0x41, 0x06, 0x41, 0x06, 0x41, 
	0x06, 0x41, 0x06, 0x41, 0x06, 0x41, 0x06, 0x41, 
	0x06, 0x41, 0x06, 0x41, 0x06, 0x41, 0x06, 0x41, 
	0x06, 0x41, 0x06, 0x41, 0x06, 0x41, 0x06, 0x41, 
	0x06, 0x41, 0x06, 0x41, 0x06, 0x41, 0x06, 0x41, 
	0x06, 0x41, 0x06, 0x41, 0x06, 0x41, 0x06, 0x41, 
	0x06, 0x41, 0x06, 0x41, 0x06, 0x41, 0x06, 0x41, 
	0x06, 0x41, 0x06, 0x41, 0x1e, 0x47, 0x36, 0x4d, 
	0x12, 0x05, 0x73, 0xdd, 0xab, 0x2b, 0x8a, 0x63, 
	0x51, 0x55, 0x2e, 0x0b, 0x05, 0x81, 0x03, 0x01, 
	0x04, 0x01, 0x03, 0x01, 0x05, 0x41, 0x05, 0x81, 
	0x02, 0xc1, 0x04, 0x01, 0x03, 0x41, 0x05, 0x41, 
	0x04, 0x01, 0x01, 0x01, 0x03, 0x41, 0x00, 0x01, 
	0x02, 0x81, 0x02, 0xc1, 0x04, 0x01, 0x06, 0x01, 
	0x00, 0x01, 0x05, 0xc1, 0x06, 0x41, 0x06, 0x41, 
	0x06, 0x41, 0x06, 0x41, 0x06, 0x41, 0x06, 0x41, 
	0x06, 0x41, 0x06, 0x41, 0x06, 0x41, 0x06, 0x41, 
	0x06, 0x41, 0x06, 0x41, 0x06, 0x41, 0x06, 0x41, 
	0x06, 0x41, 0x06, 0x41, 0x06, 0x41, 0x06, 0x41, 
	0x06, 0x41, 0x06, 0x41, 0x06, 0x41, 0x06, 0x41, 
	0x06, 0x41, 0x06, 0x41, 0x06, 0x41, 0x06, 0x41, 
	0x06, 0x41, 0x06, 0x41, 0x06, 0x41, 0x06, 0x41, 
	0x06, 0x41, 0x06, 0x41, 0x06, 0x41, 0x06, 0x41, 
	0x06, 0x41, 0x06, 0x41, 0x06, 0x41, 0x06, 0x41, 
	0x02, 0x01, 0x12, 0x85, 0x51, 0x95, 0x49, 0x53, 
	0xa2, 0xe9, 0x5d, 0xd7, 0x04, 0x01, 0x04, 0x01, 
	0x06, 0x41, 0x04, 0x81, 0x03, 0x41, 0x04, 0x01, 
	0x04, 0x01, 0x06, 0x41, 0x04, 0xc1, 0x03, 0x41, 
	0x04, 0x01, 0x03, 0x81, 0x05, 0xc1, 0x00, 0x01, 
	0x05, 0x81, 0x04, 0x41, 0x03, 0xc1, 0x06, 0x01, 
	0x00, 0x01, 0x05, 0xc1, 0x06, 0x41, 0x06, 0x41, 
	0x06, 0x41, 0x06, 0x41, 0x06, 0x41, 0x06, 0x41, 
	0x06, 0x41, 0x06, 0x41, 0x06, 0x41, 0x06, 0x41, 
	0x06, 0x41, 0x06, 0x41, 0x06, 0x41, 0x06, 0x41, 
	0x06, 0x41, 0x06, 0x41, 0x06, 0x41, 0x06, 0x41, 
	0x06, 0x41, 0x06, 0x41, 0x06, 0x41, 0x06, 0x41, 
	0x06, 0x41, 0x06, 0x41, 0x06, 0x41, 0x06, 0x41, 
	0x06, 0x41, 0x06, 0x41, 0x06, 0x41, 0x06, 0x41, 
	0x06, 0x41, 0x06, 0x41, 0x06, 0x41, 0x06, 0x41, 
	0x06, 0x41, 0x06, 0x41, 0x06, 0x41, 0x06, 0x41, 
	0x02, 0x01, 0x04, 0x41, 0x04, 0x41, 0x41, 0x91, 
	0x8a, 0x63, 0x8c, 0x23, 0x04, 0x41, 0x04, 0x01, 
	0x06, 0x01, 0x04, 0x41, 0x03, 0xc1, 0x04, 0x41, 
	0x03, 0xc1, 0x06, 0x01, 0x04, 0x81, 0x03, 0x81, 
	0x04, 0x01, 0x04, 0x01, 0x06, 0x01, 0x00, 0x01, 
	0x05, 0xc1, 0x04, 0x41, 0x03, 0xc1, 0x06, 0x01, 
	0x02, 0x41, 0x05, 0xc1, 0x06, 0x41, 0x06, 0x41, 
	0x06, 0x41, 0x06, 0x41, 0x06, 0x41, 0x06, 0x41, 
	0x06, 0x41, 0x06, 0x41, 0x06, 0x41, 0x06, 0x41, 
	0x06, 0x41, 0x06, 0x41, 0x06, 0x41, 0x06, 0x41, 
	0x06, 0x41, 0x06, 0x41, 0x06, 0x41, 0x06, 0x41, 
	0x06, 0x41, 0x06, 0x41, 0x06, 0x41, 0x06, 0x41, 
	0x06, 0x41, 0x06, 0x41, 0x06, 0x41, 0x06, 0x41, 
	0x06, 0x41, 0x06, 0x41, 0x06, 0x41, 0x06, 0x41, 
	0x06, 0x41, 0x06, 0x41, 0x06, 0x41, 0x06, 0x41, 
	0x06, 0x41, 0x06, 0x41, 0x06, 0x41, 0x06, 0x41, 
	0x02, 0x01, 0x05, 0x41, 0x06, 0x41, 0x93, 0xe5, 
	0x59, 0x97, 0x03, 0x81, 0x06, 0x41, 0x03, 0xc1, 
	0x00, 0x01, 0x03, 0x81, 0x06, 0x41, 0x06, 0x41, 
	0x03, 0xc1, 0x00, 0x01, 0x03, 0x41, 0x06, 0x01, 
	0x04, 0x01, 0x04, 0x01, 0x06, 0x01, 0x00, 0x01, 
	0x15, 0x8f, 0x13, 0x13, 0x12, 0xd1, 0x1c, 0x9b, 
	0x04, 0x81, 0x06, 0x01, 0x06, 0x41, 0x06, 0x41, 
	0x06, 0x41, 0x06, 0x41, 0x06, 0x41, 0x06, 0x41, 
	0x06, 0x41, 0x06, 0x41, 0x06, 0x41, 0x06, 0x41, 
	0x06, 0x41, 0x06, 0x41, 0x06, 0x41, 0x06, 0x41, 
	0x06, 0x41, 0x06, 0x41, 0x06, 0x41, 0x06, 0x41, 
	0x06, 0x41, 0x06, 0x41, 0x06, 0x41, 0x06, 0x41, 
	0x06, 0x41, 0x06, 0x41, 0x06, 0x41, 0x06, 0x41, 
	0x06, 0x41, 0x06, 0x41, 0x06, 0x41, 0x06, 0x41, 
	0x06, 0x41, 0x06, 0x41, 0x06, 0x41, 0x06, 0x41, 
	0x06, 0x41, 0x06, 0x41, 0x06, 0x41, 0x06, 0x41, 
	0x06, 0x41, 0x06, 0x41, 0x06, 0x41, 0x9c, 0x25, 
	0xaa, 0xe9, 0x94, 0x65, 0x06, 0x41, 0x06, 0x41, 
	0x06, 0x41, 0x06, 0x41, 0x06, 0x41, 0x06, 0x41, 
	0x06, 0x41, 0x06, 0x41, 0x06, 0x41, 0x06, 0x41, 
	0x06, 0x41, 0x06, 0x41, 0x0e, 0x49, 0x23, 0xdf, 
	0x21, 0x65, 0x20, 0x25, 0x38, 0x29, 0x38, 0x29, 
	0x18, 0x19, 0x0d, 0xcb, 0x06, 0x41, 0x06, 0x41, 
	0x06, 0x41, 0x06, 0x41, 0x06, 0x41, 0x06, 0x41, 
	0x06, 0x41, 0x06, 0x41, 0x06, 0x41, 0x06, 0x41, 
	0x06, 0x41, 0x06, 0x41, 0x06, 0x41, 0x06, 0x41, 
	0x06, 0x41, 0x06, 0x41, 0x06, 0x41, 0x06, 0x41, 
	0x06, 0x41, 0x06, 0x41, 0x06, 0x41, 0x06, 0x41, 
	0x06, 0x41, 0x06, 0x41, 0x06, 0x41, 0x06, 0x41, 
	0x06, 0x41, 0x06, 0x41, 0x06, 0x41, 0x06, 0x41, 
	0x06, 0x41, 0x06, 0x41, 0x06, 0x41, 0x06, 0x41, 
	0x06, 0x41, 0x06, 0x41, 0x06, 0x41, 0x06, 0x41, 
	0x06, 0x41, 0x06, 0x41, 0x3e, 0x0f, 0x9b, 0xe7, 
	0xab, 0x2b, 0x84, 0x21, 0x06, 0x41, 0x06, 0x41, 
	0x06, 0x41, 0x06, 0x41, 0x06, 0x41, 0x06, 0x41, 
	0x06, 0x41, 0x06, 0x41, 0x06, 0x41, 0x06, 0x41, 
	0x06, 0x41, 0x0e, 0x0d, 0x23, 0xe1, 0x20, 0x25, 
	0x20, 0x25, 0x28, 0x63, 0x28, 0x63, 0x20, 0x25, 
	0x20, 0x25, 0x4b, 0xa9, 0x16, 0x0f, 0x06, 0x41, 
	0x06, 0x41, 0x06, 0x41, 0x06, 0x41, 0x06, 0x41, 
	0x06, 0x41, 0x06, 0x41, 0x06, 0x41, 0x06, 0x41, 
	0x06, 0x41, 0x06, 0x41, 0x06, 0x41, 0x06, 0x41, 
	0x06, 0x41, 0x06, 0x41, 0x06, 0x41, 0x06, 0x41, 
	0x06, 0x41, 0x06, 0x41, 0x06, 0x41, 0x06, 0x41, 
	0x06, 0x41, 0x06, 0x41, 0x06, 0x41, 0x06, 0x41, 
	0x06, 0x41, 0x06, 0x41, 0x06, 0x41, 0x06, 0x41, 
	0x06, 0x41, 0x06, 0x41, 0x36, 0x4d, 0x46, 0x11, 
	0x46, 0x11, 0x46, 0x11, 0x46, 0x11, 0x2e, 0x4b, 
	0x06, 0x41, 0x36, 0x0d, 0x7d, 0x1f, 0xab, 0x2b, 
	0xa2, 0xe9, 0x3d, 0x91, 0x06, 0x41, 0x06, 0x41, 
	0x06, 0x41, 0x06, 0x41, 0x06, 0x41, 0x06, 0x41, 
	0x06, 0x41, 0x06, 0x41, 0x06, 0x41, 0x06, 0x41, 
	0x06, 0x41, 0x1d, 0x59, 0x20, 0x25, 0x20, 0x25, 
	0x31, 0x5d, 0x2c, 0x91, 0x25, 0x51, 0x1d, 0x19, 
	0x20, 0x25, 0x38, 0x29, 0x44, 0xa3, 0x06, 0x45, 
	0x06, 0x41, 0x06, 0x41, 0x06, 0x41, 0x06, 0x41, 
	0x06, 0x41, 0x06, 0x41, 0x06, 0x41, 0x06, 0x41, 
	0x06, 0x41, 0x06, 0x41, 0x06, 0x41, 0x06, 0x41, 
	0x06, 0x41, 0x06, 0x41, 0x06, 0x41, 0x06, 0x41, 
	0x06, 0x41, 0x06, 0x41, 0x06, 0x41, 0x06, 0x41, 
	0x06, 0x41, 0x06, 0x41, 0x06, 0x41, 0x06, 0x41, 
	0x06, 0x41, 0x06, 0x41, 0x06, 0x41, 0x06, 0x41, 
	0x06, 0x41, 0x06, 0x41, 0x84, 0xe1, 0xab, 0x2b, 
	0xab, 0x2b, 0xab, 0x2b, 0xab, 0x2b, 0x94, 0x25, 
	0x84, 0xe1, 0x9b, 0xe7, 0xab, 0x2b, 0xab, 0x2b, 
	0x7c, 0x1f, 0x16, 0x45, 0x06, 0x41, 0x06, 0x41, 
	0x06, 0x41, 0x06, 0x41, 0x06, 0x41, 0x06, 0x41, 
	0x06, 0x41, 0x06, 0x41, 0x06, 0x41, 0x06, 0x41, 
	0x06, 0x41, 0x15, 0xd1, 0x2a, 0xdd, 0x30, 0x5f, 
	0x24, 0xd3, 0x06, 0x41, 0x06, 0x41, 0x0e, 0x49, 
	0x23, 0xe1, 0x40, 0x29, 0x50, 0x2d, 0x0e, 0x0b, 
	0x06, 0x41, 0x06, 0x41, 0x06, 0x41, 0x06, 0x41, 
	0x06, 0x41, 0x06, 0x41, 0x06, 0x41, 0x06, 0x41, 
	0x06, 0x41, 0x06, 0x41, 0x06, 0x41, 0x06, 0x41, 
	0x06, 0x41, 0x06, 0x41, 0x06, 0x41, 0x06, 0x41, 
	0x06, 0x41, 0x06, 0x41, 0x06, 0x41, 0x06, 0x41, 
	0x06, 0x41, 0x06, 0x41, 0x06, 0x41, 0x06, 0x41, 
	0x06, 0x41, 0x06, 0x41, 0x06, 0x41, 0x06, 0x41, 
	0x06, 0x41, 0x06, 0x41, 0x84, 0xe1, 0xab, 0x2b, 
	0xab, 0x2b, 0xab, 0x2b, 0xab, 0x2b, 0xab, 0x2b, 
	0xab, 0x2b, 0xab, 0x2b, 0xab, 0x2b, 0x84, 0xe1, 
	0x1e, 0x47, 0x06, 0x41, 0x06, 0x41, 0x06, 0x41, 
	0x06, 0x41, 0x06, 0x41, 0x06, 0x41, 0x06, 0x41, 
	0x06, 0x41, 0x06, 0x41, 0x06, 0x41, 0x06, 0x41, 
	0x06, 0x41, 0x06, 0x41, 0x0e, 0x45, 0x0e, 0x47, 
	0x06, 0x45, 0x06, 0x41, 0x06, 0x41, 0x0e, 0x49, 
	0x23, 0xdf, 0x30, 0x29, 0x50, 0x2f, 0x1e, 0x0d, 
	0x06, 0x41, 0x06, 0x41, 0x06, 0x41, 0x06, 0x41, 
	0x06, 0x41, 0x06, 0x41, 0x06, 0x41, 0x06, 0x41, 
	0x06, 0x41, 0x06, 0x41, 0x06, 0x41, 0x06, 0x41, 
	0x06, 0x41, 0x06, 0x41, 0x06, 0x41, 0x06, 0x41, 
	0x06, 0x41, 0x06, 0x41, 0x06, 0x41, 0x06, 0x41, 
	0x06, 0x41, 0x06, 0x41, 0x06, 0x41, 0x06, 0x41, 
	0x06, 0x41, 0x06, 0x41, 0x06, 0x41, 0x5d, 0xd7, 
	0x9b, 0xe7, 0x65, 0x99, 0x3e, 0x0f, 0x4e, 0x13, 
	0x4e, 0x13, 0x4e, 0x13, 0x64, 0x5b, 0x94, 0x65, 
	0x94, 0x65, 0x94, 0x65, 0x4e, 0x13, 0x26, 0x49, 
	0x06, 0x41, 0x06, 0x41, 0x06, 0x41, 0x06, 0x41, 
	0x06, 0x41, 0x06, 0x41, 0x06, 0x41, 0x06, 0x41, 
	0x06, 0x41, 0x06, 0x41, 0x06, 0x41, 0x06, 0x41, 
	0x06, 0x41, 0x06, 0x41, 0x06, 0x41, 0x06, 0x41, 
	0x06, 0x41, 0x06, 0x41, 0x06, 0x41, 0x15, 0x95, 
	0x20, 0x25, 0x38, 0x29, 0x3a, 0xe1, 0x16, 0x49, 
	0x06, 0x41, 0x06, 0x41, 0x06, 0x41, 0x06, 0x41, 
	0x06, 0x41, 0x06, 0x41, 0x06, 0x41, 0x06, 0x41, 
	0x06, 0x41, 0x06, 0x41, 0x06, 0x41, 0x06, 0x41, 
	0x06, 0x41, 0x06, 0x41, 0x06, 0x41, 0x06, 0x41, 
	0x06, 0x41, 0x06, 0x41, 0x06, 0x41, 0x06, 0x41, 
	0x06, 0x41, 0x06, 0x41, 0x06, 0x41, 0x06, 0x41, 
	0x06, 0x41, 0x06, 0x41, 0x55, 0xd5, 0xa3, 0x67, 
	0xab, 0x2b, 0x93, 0xe5, 0x06, 0x41, 0x06, 0x41, 
	0x06, 0x41, 0x06, 0x41, 0x06, 0x41, 0x06, 0x41, 
	0x06, 0x41, 0x06, 0x41, 0x06, 0x41, 0x06, 0x41, 
	0x06, 0x41, 0x06, 0x41, 0x06, 0x41, 0x06, 0x41, 
	0x06, 0x41, 0x06, 0x41, 0x06, 0x41, 0x06, 0x41, 
	0x06, 0x41, 0x06, 0x41, 0x06, 0x41, 0x06, 0x41, 
	0x06, 0x41, 0x06, 0x41, 0x06, 0x41, 0x06, 0x41, 
	0x06, 0x41, 0x06, 0x41, 0x0e, 0x49, 0x23, 0x61, 
	0x20, 0x25, 0x39, 0x69, 0x1d, 0x19, 0x06, 0x41, 
	0x06, 0x41, 0x06, 0x41, 0x06, 0x41, 0x06, 0x41, 
	0x06, 0x41, 0x06, 0x41, 0x06, 0x41, 0x06, 0x41, 
	0x06, 0x41, 0x06, 0x41, 0x06, 0x41, 0x06, 0x41, 
	0x06, 0x41, 0x06, 0x41, 0x06, 0x41, 0x06, 0x41, 
	0x06, 0x41, 0x06, 0x41, 0x06, 0x41, 0x06, 0x41, 
	0x06, 0x41, 0x06, 0x41, 0x06, 0x41, 0x06, 0x41, 
	0x06, 0x41, 0x06, 0x41, 0x05, 0xc1, 0x93, 0xa5, 
	0x92, 0xa7, 0x44, 0xd3, 0x06, 0x41, 0x06, 0x41, 
	0x06, 0x41, 0x06, 0x41, 0x06, 0x41, 0x06, 0x41, 
	0x06, 0x41, 0x06, 0x41, 0x06, 0x41, 0x06, 0x41, 
	0x06, 0x41, 0x06, 0x41, 0x06, 0x41, 0x06, 0x41, 
	0x06, 0x41, 0x06, 0x41, 0x06, 0x41, 0x06, 0x41, 
	0x06, 0x41, 0x06, 0x41, 0x06, 0x41, 0x06, 0x41, 
	0x06, 0x41, 0x06, 0x41, 0x06, 0x41, 0x06, 0x41, 
	0x06, 0x41, 0x06, 0x41, 0x23, 0xe1, 0x20, 0x25, 
	0x28, 0x63, 0x23, 0x21, 0x06, 0x41, 0x06, 0x41, 
	0x06, 0x41, 0x06, 0x41, 0x06, 0x41, 0x06, 0x41, 
	0x06, 0x41, 0x06, 0x41, 0x06, 0x41, 0x06, 0x41, 
	0x06, 0x41, 0x06, 0x41, 0x06, 0x41, 0x06, 0x41, 
	0x06, 0x41, 0x06, 0x41, 0x06, 0x41, 0x06, 0x41, 
	0x06, 0x41, 0x06, 0x41, 0x06, 0x41, 0x06, 0x41, 
	0x06, 0x41, 0x06, 0x41, 0x06, 0x41, 0x06, 0x41, 
	0x06, 0x41, 0x06, 0x41, 0x06, 0x41, 0x16, 0x45, 
	0x16, 0x45, 0x06, 0x43, 0x06, 0x41, 0x06, 0x41, 
	0x06, 0x41, 0x06, 0x41, 0x06, 0x41, 0x06, 0x41, 
	0x06, 0x41, 0x06, 0x41, 0x06, 0x41, 0x06, 0x41, 
	0x06, 0x41, 0x06, 0x41, 0x06, 0x41, 0x06, 0x41, 
	0x06, 0x41, 0x06, 0x41, 0x06, 0x41, 0x06, 0x41, 
	0x06, 0x41, 0x06, 0x41, 0x06, 0x41, 0x06, 0x41, 
	0x06, 0x41, 0x06, 0x41, 0x06, 0x41, 0x06, 0x41, 
	0x0e, 0x0d, 0x23, 0x61, 0x20, 0x65, 0x48, 0x2b, 
	0x2b, 0x1f, 0x16, 0x0f, 0x06, 0x41, 0x06, 0x41, 
	0x06, 0x41, 0x06, 0x41, 0x06, 0x41, 0x06, 0x41, 
	0x06, 0x41, 0x06, 0x41, 0x06, 0x41, 0x06, 0x41, 
	0x06, 0x41, 0x06, 0x41, 0x06, 0x41, 0x06, 0x41, 
	0x06, 0x41, 0x06, 0x41, 0x06, 0x41, 0x06, 0x41, 
	0x06, 0x41, 0x06, 0x41, 0x06, 0x41, 0x06, 0x41, 
	0x06, 0x41, 0x06, 0x41, 0x06, 0x41, 0x06, 0x41, 
	0x06, 0x41, 0x06, 0x41, 0x06, 0x41, 0x06, 0x41, 
	0x06, 0x41, 0x06, 0x41, 0x06, 0x41, 0x06, 0x41, 
	0x06, 0x41, 0x06, 0x41, 0x06, 0x41, 0x06, 0x41, 
	0x06, 0x41, 0x06, 0x41, 0x06, 0x41, 0x06, 0x41, 
	0x06, 0x41, 0x06, 0x41, 0x06, 0x41, 0x06, 0x41, 
	0x06, 0x41, 0x06, 0x41, 0x06, 0x41, 0x06, 0x41, 
	0x06, 0x41, 0x06, 0x41, 0x06, 0x41, 0x06, 0x41, 
	0x06, 0x41, 0x06, 0x41, 0x06, 0x41, 0x16, 0x0f, 
	0x23, 0x23, 0x20, 0x25, 0x20, 0x25, 0x23, 0x61, 
	0x16, 0x07, 0x06, 0x41, 0x06, 0x41, 0x06, 0x41, 
	0x06, 0x41, 0x06, 0x41, 0x06, 0x41, 0x06, 0x41, 
	0x06, 0x41, 0x06, 0x41, 0x06, 0x41, 0x06, 0x41, 
	0x06, 0x41, 0x06, 0x41, 0x06, 0x41, 0x06, 0x41, 
	0x06, 0x41, 0x06, 0x41, 0x06, 0x41, 0x06, 0x41, 
	0x06, 0x41, 0x06, 0x41, 0x06, 0x41, 0x06, 0x41, 
	0x06, 0x41, 0x06, 0x41, 0x06, 0x41, 0x06, 0x41, 
	0x06, 0x41, 0x06, 0x41, 0x06, 0x41, 0x06, 0x41, 
	0x06, 0x41, 0x06, 0x41, 0x06, 0x41, 0x06, 0x41, 
	0x06, 0x41, 0x06, 0x41, 0x06, 0x41, 0x06, 0x41, 
	0x06, 0x41, 0x06, 0x41, 0x06, 0x41, 0x06, 0x41, 
	0x06, 0x41, 0x06, 0x41, 0x06, 0x41, 0x06, 0x41, 
	0x06, 0x41, 0x06, 0x41, 0x06, 0x41, 0x06, 0x41, 
	0x06, 0x41, 0x06, 0x41, 0x06, 0x41, 0x06, 0x41, 
	0x06, 0x41, 0x06, 0x41, 0x0e, 0x47, 0x1c, 0x9d, 
	0x20, 0x25, 0x20, 0x25, 0x2b, 0xd7, 0x16, 0x07, 
	0x06, 0x41, 0x06, 0x41, 0x06, 0x41, 0x06, 0x41, 
	0x06, 0x41, 0x06, 0x41, 0x06, 0x41, 0x06, 0x41, 
	0x06, 0x41, 0x06, 0x41, 0x06, 0x41, 0x06, 0x41, 
	0x06, 0x41, 0x06, 0x41, 0x06, 0x41, 0x06, 0x41, 
	0x06, 0x41, 0x06, 0x41, 0x06, 0x41, 0x06, 0x41, 
	0x06, 0x41, 0x06, 0x41, 0x06, 0x41, 0x06, 0x41, 
	0x06, 0x41, 0x06, 0x41, 0x06, 0x41, 0x06, 0x41, 
	0x06, 0x41, 0x06, 0x41, 0x06, 0x41, 0x06, 0x41, 
	0x06, 0x41, 0x06, 0x41, 0x06, 0x41, 0x06, 0x41, 
	0x06, 0x41, 0x06, 0x41, 0x06, 0x41, 0x06, 0x41, 
	0x06, 0x41, 0x06, 0x41, 0x06, 0x41, 0x06, 0x41, 
	0x06, 0x41, 0x06, 0x41, 0x06, 0x41, 0x06, 0x41, 
	0x06, 0x41, 0x06, 0x41, 0x06, 0x41, 0x06, 0x41, 
	0x06, 0x41, 0x06, 0x41, 0x06, 0x41, 0x06, 0x41, 
	0x06, 0x41, 0x06, 0x41, 0x0e, 0x49, 0x23, 0xe1, 
	0x28, 0x65, 0x28, 0xa3, 0x0e, 0x49, 0x06, 0x41, 
	0x06, 0x41, 0x06, 0x41, 0x06, 0x41, 0x06, 0x41, 
	0x06, 0x41, 0x06, 0x41, 0x06, 0x41, 0x06, 0x41, 
	0x06, 0x41, 0x06, 0x41, 0x06, 0x41, 0x06, 0x41, 
	0x06, 0x41, 0x06, 0x41, 0x06, 0x41, 0x06, 0x41, 
	0x06, 0x41, 0x06, 0x41, 0x06, 0x41, 0x06, 0x41, 
	0x06, 0x41, 0x06, 0x41, 0x06, 0x41, 0x06, 0x41, 
	0x06, 0x41, 0x06, 0x41, 0x06, 0x41, 0x06, 0x41, 
	0x06, 0x41, 0x06, 0x41, 0x06, 0x41, 0x06, 0x41, 
	0x06, 0x41, 0x06, 0x41, 0x06, 0x41, 0x06, 0x41, 
	0x06, 0x41, 0x06, 0x41, 0x06, 0x41, 0x06, 0x41, 
	0x06, 0x41, 0x06, 0x41, 0x06, 0x41, 0x06, 0x41, 
	0x06, 0x41, 0x06, 0x41, 0x06, 0x41, 0x06, 0x41, 
	0x06, 0x41, 0x06, 0x41, 0x06, 0x41, 0x06, 0x41, 
	0x06, 0x41, 0x06, 0x41, 0x06, 0x41, 0x06, 0x41, 
	0x06, 0x41, 0x06, 0x41, 0x06, 0x41, 0x06, 0x41, 
	0x2c, 0xcf, 0x1d, 0x8b, 0x06, 0x41, 0x06, 0x41, 
	0x06, 0x41, 0x06, 0x41, 0x06, 0x41, 0x06, 0x41, 
	0x06, 0x41, 0x06, 0x41, 0x06, 0x41, 0x06, 0x41, 
	0x06, 0x41, 0x06, 0x41, 0x06, 0x41, 0x06, 0x41, 
	0x06, 0x41, 0x06, 0x41, 0x06, 0x41, 0x06, 0x41, 
	0x06, 0x41, 0x06, 0x41, 0x06, 0x41, 0x06, 0x41, 
	0x06, 0x41, 0x06, 0x41, 0x06, 0x41, 0x06, 0x41, 
	0x06, 0x41, 0x06, 0x41, 0x06, 0x41, 0x06, 0x41, 
	0x06, 0x41, 0x06, 0x41, 0x06, 0x41, 0x06, 0x41, 
	0x06, 0x41, 0x06, 0x41, 0x06, 0x41, 0x06, 0x41, 
	0x06, 0x41, 0x06, 0x41, 0x06, 0x41, 0x06, 0x41, 
	0x06, 0x41, 0x06, 0x41, 0x06, 0x41, 0x06, 0x41, 
	0x06, 0x41, 0x06, 0x41, 0x06, 0x41, 0x06, 0x41, 
	0x06, 0x41, 0x06, 0x41, 0x06, 0x41, 0x06, 0x41, 
	0x06, 0x41, 0x06, 0x41, 0x06, 0x41, 0x06, 0x41, 
	0x06, 0x41, 0x06, 0x41, 0x0e, 0x0d, 0x22, 0xa3, 
	0x3d, 0x5d, 0x06, 0x41, 0x06, 0x41, 0x06, 0x41, 
	0x06, 0x41, 0x06, 0x41, 0x06, 0x41, 0x06, 0x41, 
	0x06, 0x41, 0x06, 0x41, 0x06, 0x41, 0x06, 0x41, 
	0x26, 0x01, 0x26, 0x01, 0x06, 0x41, 0x06, 0x41, 
	0x06, 0x41, 0x06, 0x41, 0x06, 0x41, 0x06, 0x41, 
	0x06, 0x41, 0x06, 0x41, 0x06, 0x41, 0x06, 0x41, 
	0x06, 0x41, 0x06, 0x41, 0x06, 0x41, 0x06, 0x41, 
	0x06, 0x41, 0x06, 0x41, 0x06, 0x41, 0x06, 0x41, 
	0x06, 0x41, 0x06, 0x41, 0x06, 0x41, 0x06, 0x41, 
	0x06, 0x41, 0x06, 0x41, 0x06, 0x41, 0x06, 0x41, 
	0x06, 0x41, 0x06, 0x41, 0x06, 0x41, 0x06, 0x41, 
	0x06, 0x41, 0x06, 0x41, 0x06, 0x41, 0x06, 0x41, 
	0x06, 0x41, 0x06, 0x41, 0x06, 0x41, 0x06, 0x41, 
	0x06, 0x41, 0x06, 0x41, 0x06, 0x41, 0x06, 0x41, 
	0x06, 0x41, 0x06, 0x41, 0x06, 0x41, 0x06, 0x41, 
	0x06, 0x41, 0x06, 0x41, 0x1c, 0x5d, 0x20, 0x25, 
	0x59, 0xed, 0x15, 0x57, 0x06, 0x41, 0x06, 0x41, 
	0x06, 0x41, 0x06, 0x41, 0x06, 0x41, 0x06, 0x41, 
	0x06, 0x41, 0x06, 0x41, 0x35, 0xc1, 0x5c, 0x43, 
	0x5b, 0xc3, 0x64, 0x03, 0x6c, 0x83, 0x45, 0xc1, 
	0x06, 0x41, 0x06, 0x41, 0x06, 0x41, 0x06, 0x41, 
	0x06, 0x41, 0x06, 0x41, 0x06, 0x41, 0x06, 0x41, 
	0x06, 0x41, 0x06, 0x41, 0x06, 0x41, 0x06, 0x41, 
	0x06, 0x41, 0x06, 0x41, 0x06, 0x41, 0x06, 0x41, 
	0x06, 0x41, 0x06, 0x41, 0x06, 0x41, 0x06, 0x41, 
	0x06, 0x41, 0x06, 0x41, 0x06, 0x41, 0x06, 0x41, 
	0x06, 0x41, 0x06, 0x41, 0x06, 0x41, 0x06, 0x41, 
	0x06, 0x41, 0x06, 0x41, 0x06, 0x41, 0x06, 0x41, 
	0x06, 0x41, 0x06, 0x41, 0x06, 0x41, 0x06, 0x41, 
	0x06, 0x41, 0x06, 0x41, 0x06, 0x41, 0x06, 0x41, 
	0x06, 0x41, 0x06, 0x41, 0x06, 0x41, 0x06, 0x41, 
	0x06, 0x41, 0x06, 0x41, 0x23, 0xa1, 0x20, 0x25, 
	0x22, 0xa3, 0x15, 0xd1, 0x06, 0x41, 0x06, 0x41, 
	0x06, 0x41, 0x06, 0x41, 0x06, 0x41, 0x06, 0x41, 
	0x06, 0x41, 0x06, 0x41, 0x43, 0x83, 0x6a, 0xc3, 
	0x73, 0x43, 0x84, 0x03, 0xbd, 0x45, 0x9d, 0x85, 
	0x06, 0x41, 0x06, 0x41, 0x06, 0x41, 0x06, 0x41, 
	0x06, 0x41, 0x06, 0x41, 0x06, 0x41, 0x06, 0x41, 
	0x06, 0x41, 0x06, 0x41, 0x06, 0x41, 0x06, 0x41, 
	0x06, 0x41, 0x06, 0x41, 0x06, 0x41, 0x06, 0x41, 
	0x06, 0x41, 0x06, 0x41, 0x06, 0x41, 0x06, 0x41, 
	0x06, 0x41, 0x06, 0x41, 0x06, 0x41, 0x06, 0x41, 
	0x06, 0x41, 0x06, 0x41, 0x06, 0x41, 0x06, 0x41, 
	0x06, 0x41, 0x06, 0x41, 0x06, 0x41, 0x06, 0x41, 
	0x06, 0x41, 0x06, 0x41, 0x06, 0x41, 0x06, 0x41, 
	0x06, 0x41, 0x06, 0x41, 0x06, 0x41, 0x06, 0x41, 
	0x06, 0x41, 0x06, 0x41, 0x06, 0x41, 0x06, 0x41, 
	0x06, 0x41, 0x06, 0x41, 0x16, 0x47, 0x2c, 0x91, 
	0x25, 0x0f, 0x06, 0x41, 0x06, 0x41, 0x06, 0x41, 
	0x06, 0x41, 0x06, 0x41, 0x06, 0x41, 0x06, 0x41, 
	0x06, 0x41, 0x06, 0x41, 0x5c, 0x03, 0x73, 0x43, 
	0xc6, 0x05, 0xbd, 0x45, 0xd5, 0x45, 0xb5, 0x45, 
	0x06, 0x41, 0x06, 0x41, 0x06, 0x41, 0x06, 0x41, 
	0x06, 0x41, 0x06, 0x41, 0x06, 0x41, 0x06, 0x41, 
	0x06, 0x41, 0x06, 0x41, 0x06, 0x41, 0x06, 0x41, 
	0x06, 0x41, 0x06, 0x41, 0x06, 0x41, 0x06, 0x41, 
	0x06, 0x41, 0x06, 0x41, 0x06, 0x41, 0x06, 0x41, 
	0x06, 0x41, 0x06, 0x41, 0x06, 0x41, 0x06, 0x41, 
	0x06, 0x41, 0x06, 0x41, 0x06, 0x41, 0x06, 0x41, 
	0x06, 0x41, 0x06, 0x41, 0x06, 0x41, 0x06, 0x41, 
	0x06, 0x41, 0x06, 0x41, 0x06, 0x41, 0x06, 0x41, 
	0x06, 0x41, 0x06, 0x41, 0x06, 0x41, 0x06, 0x41, 
	0x06, 0x41, 0x06, 0x41, 0x06, 0x41, 0x06, 0x41, 
	0x06, 0x41, 0x06, 0x41, 0x06, 0x41, 0x06, 0x41, 
	0x06, 0x41, 0x06, 0x41, 0x06, 0x41, 0x06, 0x41, 
	0x06, 0x41, 0x06, 0x41, 0x06, 0x41, 0x06, 0x41, 
	0x06, 0x41, 0x06, 0x41, 0x6c, 0x43, 0xac, 0xc5, 
	0xd5, 0x45, 0xb5, 0xc5, 0xc5, 0x85, 0xbd, 0x85, 
	0x06, 0x41, 0x06, 0x41, 0x06, 0x41, 0x06, 0x41, 
	0x06, 0x41, 0x06, 0x41, 0x06, 0x41, 0x06, 0x41, 
	0x06, 0x41, 0x06, 0x41, 0x06, 0x41, 0x06, 0x41, 
	0x06, 0x41, 0x06, 0x41, 0x06, 0x41, 0x06, 0x41, 
	0x06, 0x41, 0x06, 0x41, 0x06, 0x41, 0x06, 0x41, 
	0x06, 0x41, 0x06, 0x41, 0x06, 0x41, 0x06, 0x41, 
	0x06, 0x41, 0x06, 0x41, 0x06, 0x41, 0x06, 0x41, 
	0x06, 0x41, 0x06, 0x41, 0x06, 0x41, 0x06, 0x41, 
	0x06, 0x41, 0x06, 0x41, 0x06, 0x41, 0x06, 0x41, 
	0x06, 0x41, 0x06, 0x41, 0x06, 0x41, 0x06, 0x41, 
	0x06, 0x41, 0x06, 0x41, 0x06, 0x41, 0x06, 0x41, 
	0x06, 0x41, 0x06, 0x41, 0x06, 0x41, 0x06, 0x41, 
	0x06, 0x41, 0x06, 0x41, 0x06, 0x41, 0x06, 0x41, 
	0x06, 0x41, 0x06, 0x41, 0x06, 0x41, 0x06, 0x41, 
	0x06, 0x41, 0x06, 0x41, 0x55, 0xc3, 0xb5, 0xc5, 
	0xb5, 0x45, 0xad, 0x45, 0xb5, 0xc5, 0x65, 0xc3, 
	0x06, 0x41, 0x06, 0x41, 0x06, 0x41, 0x06, 0x41, 
	0x06, 0x41, 0x06, 0x41, 0x06, 0x41, 0x06, 0x41, 
	0x06, 0x41, 0x06, 0x41, 0x06, 0x41, 0x06, 0x41, 
	0x06, 0x41, 0x06, 0x41, 0x06, 0x41, 0x06, 0x41, 
	0x06, 0x41, 0x06, 0x41, 0x06, 0x41, 0x06, 0x41, 
	0x06, 0x41, 0x06, 0x41, 0x06, 0x41, 0x06, 0x41, 
	0x06, 0x41, 0x06, 0x41, 0x06, 0x41, 0x06, 0x41, 
	0x06, 0x41, 0x06, 0x41, 0x06, 0x41, 0x06, 0x41, 
	0x06, 0x41, 0x06, 0x41, 0x06, 0x41, 0x06, 0x41, 
	0x06, 0x41, 0x06, 0x41, 0x06, 0x41, 0x06, 0x41, 
	0x06, 0x41, 0x06, 0x41, 0x06, 0x41, 0x06, 0x41, 
	0x06, 0x41, 0x06, 0x41, 0x06, 0x41, 0x06, 0x41, 
	0x06, 0x41, 0x06, 0x41, 0x06, 0x41, 0x06, 0x41, 
	0x06, 0x41, 0x06, 0x41, 0x06, 0x41, 0x06, 0x41, 
	0x06, 0x41, 0x06, 0x41, 0x06, 0x41, 0x06, 0x41, 
	0x4e, 0x43, 0x56, 0x43, 0x06, 0x41, 0x06, 0x41, 
	0x06, 0x41, 0x06, 0x41, 0x06, 0x41, 0x06, 0x41, 
	0x06, 0x41, 0x06, 0x41, 0x06, 0x41, 0x06, 0x41, 
	0x06, 0x41, 0x06, 0x41, 0x06, 0x41, 0x06, 0x41, 
	0x06, 0x41, 0x06, 0x41, 0x06, 0x41, 0x06, 0x41, 
	0x06, 0x41, 0x06, 0x41, 0x06, 0x41, 0x06, 0x41, 
	0x06, 0x41, 0x06, 0x41, 0x06, 0x41, 0x06, 0x41, 
	0x06, 0x41, 0x06, 0x41, 0x06, 0x41, 0x06, 0x41, 
	0x06, 0x41, 0x06, 0x41, 0x06, 0x41, 0x06, 0x41, 
	0x06, 0x41, 0x06, 0x41, 0x06, 0x41, 0x06, 0x41, 
	0x06, 0x41, 0x06, 0x41, 0x06, 0x41, 0x06, 0x41, 
	0x06, 0x41, 0x06, 0x41, 0x06, 0x41, 0x06, 0x41, 
	0x06, 0x41, 0x06, 0x41, 0x06, 0x41, 0x06, 0x41, 
	0x06, 0x41, 0x06, 0x41, 0x06, 0x41, 0x06, 0x41, 
	0x06, 0x41, 0x06, 0x41, 0x06, 0x41, 0x06, 0x41, 
	0x06, 0x41, 0x06, 0x41, 0x06, 0x41, 0x06, 0x41, 
	0x06, 0x41, 0x06, 0x41, 0x06, 0x41, 0x06, 0x41, 
	0x06, 0x41, 0x06, 0x41, 0x06, 0x41, 0x06, 0x41, 
	0x06, 0x41, 0x06, 0x41, 0x06, 0x41, 0x06, 0x41, 
	0x06, 0x41, 0x06, 0x41, 0x06, 0x41, 0x06, 0x41, 
	0x06, 0x41, 0x06, 0x41, 0x06, 0x41, 0x06, 0x41, 
	0x06, 0x41, 0x06, 0x41, 0x06, 0x41, 0x06, 0x41, 
	0x06, 0x41, 0x06, 0x41, 0x06, 0x41, 0x06, 0x41, 
	0x06, 0x41, 0x06, 0x41, 0x06, 0x41, 0x06, 0x41, 
	0x06, 0x41, 0x06, 0x41, 0x06, 0x41, 0x06, 0x41, 
	0x06, 0x41, 0x06, 0x41, 0x06, 0x41, 0x06, 0x41, 
	0x06, 0x41, 0x06, 0x41, 0x06, 0x41, 0x06, 0x41, 
	0x06, 0x41, 0x06, 0x41, 0x06, 0x41, 0x06, 0x41, 
	0x06, 0x41, 0x06, 0x41, 0x06, 0x41, 0x06, 0x41, 
	0x06, 0x41, 0x06, 0x41, 0x06, 0x41, 0x06, 0x41, 
	0x06, 0x41, 0x06, 0x41, 0x06, 0x41, 0x06, 0x41, 
	0x06, 0x41, 0x06, 0x41, 0x06, 0x41, 0x06, 0x41, 
	0x06, 0x41, 0x06, 0x41, 0x06, 0x41, 0x06, 0x41, 
	0x06, 0x41, 0x06, 0x41, 0x06, 0x41, 0x06, 0x41, 
	0x06, 0x41, 0x06, 0x41, 0x06, 0x41, 0x06, 0x41, 
	0x06, 0x41, 0x06, 0x41, 0x06, 0x41, 0x06, 0x41, 
	0x06, 0x41, 0x06, 0x41, 0x06, 0x41, 0x06, 0x41, 
	0x06, 0x41, 0x06, 0x41, 0x06, 0x41, 0x06, 0x41, 
	0x06, 0x41, 0x06, 0x41, 0x06, 0x41, 0x06, 0x41, 
	0x06, 0x41, 0x06, 0x41, 0x06, 0x41, 0x06, 0x41, 
	0x06, 0x41, 0x06, 0x41, 0x06, 0x41, 0x06, 0x41, 
	0x06, 0x41, 0x06, 0x41, 0x06, 0x41, 0x06, 0x41, 
	0x06, 0x41, 0x06, 0x41, 0x06, 0x41, 0x06, 0x41, 
	0x06, 0x41, 0x06, 0x41, 0x06, 0x41, 0x06, 0x41, 
	0x06, 0x41, 0x06, 0x41, 0x06, 0x41, 0x06, 0x41, 
	0x06, 0x41, 0x06, 0x41, 0x06, 0x41, 0x06, 0x41, 
	0x06, 0x41, 0x06, 0x41, 0x06, 0x41, 0x06, 0x41, 
	0x06, 0x41, 0x06, 0x41, 0x06, 0x41, 0x06, 0x41, 
	0x06, 0x41, 0x06, 0x41, 0x06, 0x41, 0x06, 0x41, 
	0x06, 0x41, 0x06, 0x41, 0x06, 0x41, 0x06, 0x41, 
	0x06, 0x41, 0x06, 0x41, 0x06, 0x41, 0x06, 0x41, 
	0x06, 0x41, 0x06, 0x41, 0x06, 0x41, 0x06, 0x41, 
	0x06, 0x41, 0x06, 0x41, 0x06, 0x41, 0x06, 0x41, 
	0x06, 0x41, 0x06, 0x41, 0x06, 0x41, 0x06, 0x41, 
	0x06, 0x41, 0x06, 0x41, 0x06, 0x41, 0x06, 0x41, 
	0x06, 0x41, 0x06, 0x41, 0x06, 0x41, 0x06, 0x41, 
	0x06, 0x41, 0x06, 0x41, 0x06, 0x41, 0x06, 0x41, 
	0x06, 0x41, 0x06, 0x41, 0x06, 0x41, 0x06, 0x41, 
	0x06, 0x41, 0x06, 0x41, 0x06, 0x41, 0x06, 0x41, 
	0x06, 0x41, 0x06, 0x41, 0x06, 0x41, 0x06, 0x41, 
	0x06, 0x41, 0x06, 0x41, 0x06, 0x41, 0x06, 0x41, 
	0x06, 0x41, 0x06, 0x41, 0x06, 0x41, 0x06, 0x41, 
	0x06, 0x41, 0x06, 0x41, 0x06, 0x41, 0x06, 0x41, 
	0x06, 0x41, 0x06, 0x41, 0x06, 0x41, 0x06, 0x41, 
	0x06, 0x41, 0x06, 0x41, 0x06, 0x41, 0x06, 0x41, 
	0x06, 0x41, 0x06, 0x41, 0x06, 0x41, 0x06, 0x41, 
	0x06, 0x41, 0x06, 0x41, 0x06, 0x41, 0x06, 0x41, 
	0x06, 0x41, 0x06, 0x41, 0x06, 0x41, 0x06, 0x41, 
	0x06, 0x41, 0x06, 0x41, 0x06, 0x41, 0x06, 0x41, 
	0x06, 0x41, 0x06, 0x41, 0x06, 0x41, 0x06, 0x41, 
	0x06, 0x41, 0x06, 0x41, 0x06, 0x41, 0x06, 0x41, 
	0x06, 0x41, 0x06, 0x41, 0x06, 0x41, 0x06, 0x41, 
	0x06, 0x41, 0x06, 0x41, 0x06, 0x41, 0x06, 0x41, 
	0x06, 0x41, 0x06, 0x41, 0x06, 0x41, 0x06, 0x41, 
	0x06, 0x41, 0x06, 0x41, 0x06, 0x41, 0x06, 0x41, 
	0x06, 0x41, 0x06, 0x41, 0x06, 0x41, 0x06, 0x41, 
	0x06, 0x41, 0x06, 0x41, 0x06, 0x41, 0x06, 0x41, 
	0x06, 0x41, 0x06, 0x41, 0x06, 0x41, 0x06, 0x41, 
	0x06, 0x41, 0x06, 0x41, 0x06, 0x41, 0x06, 0x41, 
	0x06, 0x41, 0x06, 0x41, 0x06, 0x41, 0x06, 0x41, 
	0x06, 0x41, 0x06, 0x41, 0x06, 0x41, 0x06, 0x41, 
	0x06, 0x41, 0x06, 0x41, 0x06, 0x41, 0x06, 0x41, 
	0x06, 0x41, 0x06, 0x41, 0x06, 0x41, 0x06, 0x41, 
	0x06, 0x41, 0x06, 0x41, 0x06, 0x41, 0x06, 0x41, 
	0x06, 0x41, 0x06, 0x41, 0x06, 0x41, 0x06, 0x41, 
	0x06, 0x41, 0x06, 0x41, 0x06, 0x41, 0x06, 0x41, 
	0x06, 0x41, 0x06, 0x41, 0x06, 0x41, 0x06, 0x41, 
	0x06, 0x41, 0x06, 0x41, 0x06, 0x41, 0x06, 0x41, 
	0x06, 0x41, 0x06, 0x41, 0x06, 0x41, 0x06, 0x41, 
	0x06, 0x41, 0x06, 0x41, 0x06, 0x41, 0x06, 0x41, 
	0x06, 0x41, 0x06, 0x41, 0x06, 0x41, 0x06, 0x41, 
	0x06, 0x41, 0x06, 0x41, 0x06, 0x41, 0x06, 0x41, 
	0x06, 0x41, 0x06, 0x41, 0x06, 0x41, 0x06, 0x41, 
	0x06, 0x41, 0x06, 0x41, 0x06, 0x41, 0x06, 0x41, 
	0x06, 0x41, 0x06, 0x41, 0x06, 0x41, 0x06, 0x41, 
	0x06, 0x41, 0x06, 0x41, 0x06, 0x41, 0x06, 0x41, 
	0x06, 0x41, 0x06, 0x41, 0x3d, 0xc3, 0x54, 0xc3, 
	0x74, 0x03, 0x8d, 0x45, 0x56, 0x03, 0x06, 0x41, 
	0x06, 0x41, 0x06, 0x41, 0x06, 0x41, 0x06, 0x41, 
	0x06, 0x41, 0x06, 0x41, 0x06, 0x41, 0x06, 0x41, 
	0x06, 0x41, 0x06, 0x41, 0x06, 0x41, 0x06, 0x41, 
	0x06, 0x41, 0x06, 0x41, 0x06, 0x41, 0x06, 0x41, 
	0x06, 0x41, 0x06, 0x41, 0x06, 0x41, 0x06, 0x41, 
	0x06, 0x41, 0x06, 0x41, 0x06, 0x41, 0x06, 0x41, 
	0x06, 0x41, 0x06, 0x41, 0x06, 0x41, 0x06, 0x41, 
	0x06, 0x41, 0x06, 0x41, 0x06, 0x41, 0x06, 0x41, 
	0x06, 0x41, 0x06, 0x41, 0x06, 0x41, 0x06, 0x41, 
	0x06, 0x41, 0x06, 0x41, 0x06, 0x41, 0x06, 0x41, 
	0x06, 0x41, 0x06, 0x41, 0x06, 0x41, 0x06, 0x41, 
	0x06, 0x41, 0x06, 0x41, 0x06, 0x41, 0x06, 0x41, 
	0x06, 0x41, 0x06, 0x41, 0x06, 0x41, 0x06, 0x41, 
	0x06, 0x41, 0x06, 0x41, 0x06, 0x41, 0x06, 0x41, 
	0x2e, 0x01, 0x6c, 0x43, 0x7a, 0x83, 0x80, 0x43, 
	0x90, 0x45, 0x98, 0x45, 0xaa, 0x85, 0xac, 0x45, 
	0x3e, 0x43, 0x06, 0x41, 0x06, 0x41, 0x06, 0x41, 
	0x06, 0x41, 0x06, 0x41, 0x06, 0x41, 0x06, 0x41, 
	0x06, 0x41, 0x06, 0x41, 0x06, 0x41, 0x06, 0x41, 
	0x06, 0x41, 0x06, 0x41, 0x06, 0x41, 0x06, 0x41, 
	0x06, 0x41, 0x06, 0x41, 0x06, 0x41, 0x06, 0x41, 
	0x06, 0x41, 0x06, 0x41, 0x06, 0x41, 0x06, 0x41, 
	0x06, 0x41, 0x06, 0x41, 0x06, 0x41, 0x06, 0x41, 
	0x06, 0x41, 0x06, 0x41, 0x06, 0x41, 0x06, 0x41, 
	0x06, 0x41, 0x06, 0x41, 0x06, 0x41, 0x06, 0x41, 
	0x06, 0x41, 0x06, 0x41, 0x06, 0x41, 0x06, 0x41, 
	0x06, 0x41, 0x06, 0x41, 0x06, 0x41, 0x06, 0x41, 
	0x06, 0x41, 0x06, 0x41, 0x06, 0x41, 0x06, 0x41, 
	0x06, 0x41, 0x06, 0x41, 0x06, 0x41, 0x06, 0x41, 
	0x06, 0x41, 0x06, 0x41, 0x06, 0x41, 0x06, 0x41, 
	0x55, 0x43, 0x80, 0x43, 0x80, 0x43, 0x81, 0xc3, 
	0x7a, 0x03, 0x80, 0xc3, 0x80, 0x43, 0xb8, 0x45, 
	0xb4, 0x05, 0x06, 0x41, 0x06, 0x41, 0x06, 0x41, 
	0x06, 0x41, 0x06, 0x41, 0x06, 0x41, 0x06, 0x41, 
	0x06, 0x41, 0x06, 0x41, 0x06, 0x41, 0x06, 0x41, 
	0x06, 0x41, 0x06, 0x41, 0x06, 0x41, 0x06, 0x41, 
	0x06, 0x41, 0x06, 0x41, 0x06, 0x41, 0x06, 0x41, 
	0x06, 0x41, 0x06, 0x41, 0x06, 0x41, 0x06, 0x41, 
	0x06, 0x41, 0x06, 0x41, 0x06, 0x41, 0x06, 0x41, 
	0x06, 0x41, 0x06, 0x41, 0x06, 0x41, 0x06, 0x41, 
	0x06, 0x41, 0x06, 0x41, 0x06, 0x41, 0x06, 0x41, 
	0x06, 0x41, 0x06, 0x41, 0x06, 0x41, 0x06, 0x41, 
	0x06, 0x41, 0x06, 0x41, 0x06, 0x41, 0x06, 0x41, 
	0x06, 0x41, 0x06, 0x41, 0x06, 0x41, 0x06, 0x41, 
	0x06, 0x41, 0x06, 0x41, 0x06, 0x41, 0x06, 0x41, 
	0x06, 0x41, 0x06, 0x41, 0x06, 0x41, 0x06, 0x41, 
	0x7a, 0x03, 0x80, 0x43, 0x73, 0x03, 0x36, 0x03, 
	0x06, 0x41, 0x64, 0x43, 0x81, 0x03, 0x80, 0x43, 
	0xc1, 0xc5, 0x75, 0x83, 0x06, 0x41, 0x06, 0x41, 
	0x06, 0x41, 0x06, 0x41, 0x06, 0x41, 0x06, 0x41, 
	0x06, 0x41, 0x06, 0x41, 0x06, 0x41, 0x06, 0x41, 
	0x06, 0x41, 0x06, 0x41, 0x06, 0x41, 0x06, 0x41, 
	0x06, 0x41, 0x06, 0x41, 0x06, 0x41, 0x06, 0x41, 
	0x06, 0x41, 0x06, 0x41, 0x06, 0x41, 0x06, 0x41, 
	0x06, 0x41, 0x06, 0x41, 0x06, 0x41, 0x06, 0x41, 
	0x06, 0x41, 0x06, 0x41, 0x06, 0x41, 0x06, 0x41, 
	0x06, 0x41, 0x06, 0x41, 0x06, 0x41, 0x06, 0x41, 
	0x06, 0x41, 0x06, 0x41, 0x06, 0x41, 0x06, 0x41, 
	0x06, 0x41, 0x06, 0x41, 0x06, 0x41, 0x06, 0x41, 
	0x06, 0x41, 0x06, 0x41, 0x06, 0x41, 0x06, 0x41, 
	0x06, 0x41, 0x06, 0x41, 0x06, 0x41, 0x06, 0x41, 
	0x06, 0x41, 0x06, 0x41, 0x06, 0x41, 0x64, 0x83, 
	0x80, 0x83, 0x71, 0x03, 0x55, 0x03, 0x06, 0x41, 
	0x06, 0x41, 0x16, 0x41, 0x2e, 0x01, 0x80, 0x43, 
	0x90, 0x45, 0xb3, 0xc5, 0x36, 0x43, 0x06, 0x41, 
	0x06, 0x41, 0x06, 0x41, 0x06, 0x41, 0x06, 0x41, 
	0x06, 0x41, 0x06, 0x41, 0x06, 0x41, 0x06, 0x41, 
	0x06, 0x41, 0x06, 0x41, 0x06, 0x41, 0x06, 0x41, 
	0x06, 0x41, 0x06, 0x41, 0x06, 0x41, 0x06, 0x41, 
	0x06, 0x41, 0x06, 0x41, 0x06, 0x41, 0x06, 0x41, 
	0x06, 0x41, 0x06, 0x41, 0x06, 0x41, 0x06, 0x41, 
	0x06, 0x41, 0x06, 0x41, 0x06, 0x41, 0x06, 0x41, 
	0x06, 0x41, 0x06, 0x41, 0x06, 0x41, 0x06, 0x41, 
	0x06, 0x41, 0x06, 0x41, 0x06, 0x41, 0x06, 0x41, 
	0x06, 0x41, 0x06, 0x41, 0x06, 0x41, 0x06, 0x41, 
	0x06, 0x41, 0x06, 0x41, 0x06, 0x41, 0x06, 0x41, 
	0x06, 0x41, 0x06, 0x41, 0x06, 0x41, 0x06, 0x41, 
	0x06, 0x41, 0x06, 0x41, 0x06, 0x41, 0x36, 0x03, 
	0x73, 0x83, 0x4d, 0x03, 0x06, 0x41, 0x06, 0x41, 
	0x06, 0x41, 0x06, 0x41, 0x0e, 0x41, 0x64, 0x83, 
	0x80, 0x43, 0xb0, 0x45, 0x4e, 0x03, 0x06, 0x41, 
	0x06, 0x41, 0x06, 0x41, 0x06, 0x41, 0x06, 0x41, 
	0x06, 0x41, 0x06, 0x41, 0x06, 0x41, 0x06, 0x41, 
	0x06, 0x41, 0x06, 0x41, 0x06, 0x41, 0x06, 0x41, 
	0x06, 0x41, 0x06, 0x41, 0x06, 0x41, 0x06, 0x41, 
	0x06, 0x41, 0x06, 0x41, 0x06, 0x41, 0x06, 0x41, 
	0x06, 0x41, 0x06, 0x41, 0x06, 0x41, 0x06, 0x41, 
	0x06, 0x41, 0x06, 0x41, 0x06, 0x41, 0x06, 0x41, 
	0x06, 0x41, 0x06, 0x41, 0x06, 0x41, 0x06, 0x41, 
	0x06, 0x41, 0x06, 0x41, 0x06, 0x41, 0x06, 0x41, 
	0x06, 0x41, 0x06, 0x41, 0x06, 0x41, 0x06, 0x41, 
	0x06, 0x41, 0x06, 0x41, 0x06, 0x41, 0x06, 0x41, 
	0x06, 0x41, 0x06, 0x41, 0x06, 0x41, 0x06, 0x41, 
	0x06, 0x41, 0x06, 0x41, 0x06, 0x41, 0x06, 0x41, 
	0x06, 0x41, 0x06, 0x41, 0x06, 0x41, 0x06, 0x41, 
	0x06, 0x41, 0x06, 0x41, 0x06, 0x41, 0x55, 0x03, 
	0x80, 0x43, 0x80, 0x43, 0x36, 0x03, 0x06, 0x41, 
	0x06, 0x41, 0x06, 0x41, 0x06, 0x41, 0x06, 0x41, 
	0x06, 0x41, 0x06, 0x41, 0x06, 0x41, 0x06, 0x41, 
	0x06, 0x41, 0x06, 0x41, 0x06, 0x41, 0x06, 0x41, 
	0x06, 0x41, 0x06, 0x41, 0x06, 0x41, 0x06, 0x41, 
	0x06, 0x41, 0x06, 0x41, 0x06, 0x41, 0x06, 0x41, 
	0x06, 0x41, 0x06, 0x41, 0x06, 0x41, 0x06, 0x41, 
	0x06, 0x41, 0x06, 0x41, 0x06, 0x41, 0x06, 0x41, 
	0x06, 0x41, 0x06, 0x41, 0x06, 0x41, 0x06, 0x41, 
	0x06, 0x41, 0x06, 0x41, 0x06, 0x41, 0x06, 0x41, 
	0x06, 0x41, 0x06, 0x41, 0x06, 0x41, 0x06, 0x41, 
	0x06, 0x41, 0x06, 0x41, 0x06, 0x41, 0x06, 0x41, 
	0x06, 0x41, 0x06, 0x41, 0x06, 0x41, 0x06, 0x41, 
	0x06, 0x41, 0x06, 0x41, 0x06, 0x41, 0x06, 0x41, 
	0x06, 0x41, 0x06, 0x41, 0x06, 0x41, 0x06, 0x41, 
	0x06, 0x41, 0x06, 0x41, 0x16, 0x41, 0x73, 0x83, 
	0x80, 0x43, 0x80, 0x43, 0x36, 0x03, 0x06, 0x41, 
	0x06, 0x41, 0x06, 0x41, 0x06, 0x41, 0x06, 0x41, 
	0x06, 0x41, 0x06, 0x41, 0x06, 0x41, 0x06, 0x41, 
	0x06, 0x41, 0x06, 0x41, 0x06, 0x41, 0x06, 0x41, 
	0x06, 0x41, 0x06, 0x41, 0x06, 0x41, 0x06, 0x41, 
	0x06, 0x41, 0x06, 0x41, 0x06, 0x41, 0x06, 0x41, 
	0x06, 0x41, 0x06, 0x41, 0x06, 0x41, 0x06, 0x41, 
	0x06, 0x41, 0x06, 0x41, 0x06, 0x41, 0x06, 0x41, 
	0x06, 0x41, 0x06, 0x41, 0x06, 0x41, 0x06, 0x41, 
	0x06, 0x41, 0x06, 0x41, 0x06, 0x41, 0x06, 0x41, 
	0x06, 0x41, 0x06, 0x41, 0x06, 0x41, 0x06, 0x41, 
	0x06, 0x41, 0x06, 0x41, 0x06, 0x41, 0x06, 0x41, 
	0x06, 0x41, 0x06, 0x41, 0x06, 0x41, 0x06, 0x41, 
	0x06, 0x41, 0x06, 0x41, 0x06, 0x41, 0x06, 0x41, 
	0x06, 0x41, 0x06, 0x41, 0x06, 0x41, 0x06, 0x41, 
	0x06, 0x41, 0x06, 0x41, 0x1e, 0x41, 0x80, 0x43, 
	0x80, 0x43, 0x64, 0x83, 0x0e, 0x41, 0x06, 0x41, 
	0x06, 0x41, 0x06, 0x41, 0x06, 0x41, 0x06, 0x41, 
	0x06, 0x41, 0x06, 0x41, 0x06, 0x41, 0x06, 0x41, 
	0x06, 0x41, 0x06, 0x41, 0x06, 0x41, 0x06, 0x41, 
	0x06, 0x41, 0x06, 0x41, 0x06, 0x41, 0x06, 0x41, 
	0x06, 0x41, 0x06, 0x41, 0x06, 0x41, 0x06, 0x41, 
	0x06, 0x41, 0x06, 0x41, 0x06, 0x41, 0x06, 0x41, 
	0x06, 0x41, 0x06, 0x41, 0x06, 0x41, 0x06, 0x41, 
	0x06, 0x41, 0x06, 0x41, 0x06, 0x41, 0x06, 0x41, 
	0x06, 0x41, 0x06, 0x41, 0x06, 0x41, 0x06, 0x41, 
	0x06, 0x41, 0x06, 0x41, 0x06, 0x41, 0x06, 0x41, 
	0x06, 0x41, 0x06, 0x41, 0x06, 0x41, 0x06, 0x41, 
	0x06, 0x41, 0x06, 0x41, 0x06, 0x41, 0x06, 0x41, 
	0x06, 0x41, 0x06, 0x41, 0x06, 0x41, 0x06, 0x41, 
	0x06, 0x41, 0x06, 0x41, 0x06, 0x41, 0x06, 0x41, 
	0x06, 0x41, 0x06, 0x41, 0x64, 0x83, 0x80, 0x43, 
	0x81, 0x43, 0x55, 0x03, 0x06, 0x41, 0x06, 0x41, 
	0x06, 0x41, 0x06, 0x41, 0x06, 0x41, 0x06, 0x41, 
	0x06, 0x41, 0x06, 0x41, 0x06, 0x41, 0x06, 0x41, 
	0x06, 0x41, 0x06, 0x41, 0x06, 0x41, 0x06, 0x41, 
	0x06, 0x41, 0x06, 0x41, 0x06, 0x41, 0x06, 0x41, 
	0x06, 0x41, 0x06, 0x41, 0x06, 0x41, 0x06, 0x41, 
	0x06, 0x41, 0x06, 0x41, 0x06, 0x41, 0x06, 0x41, 
	0x06, 0x41, 0x06, 0x41, 0x06, 0x41, 0x06, 0x41, 
	0x06, 0x41, 0x06, 0x41, 0x06, 0x41, 0x06, 0x41, 
	0x06, 0x41, 0x06, 0x41, 0x06, 0x41, 0x06, 0x41, 
	0x06, 0x41, 0x06, 0x41, 0x06, 0x41, 0x06, 0x41, 
	0x06, 0x41, 0x06, 0x41, 0x06, 0x41, 0x06, 0x41, 
	0x06, 0x41, 0x06, 0x41, 0x06, 0x41, 0x06, 0x41, 
	0x06, 0x41, 0x06, 0x41, 0x06, 0x41, 0x06, 0x41, 
	0x06, 0x41, 0x06, 0x41, 0x06, 0x41, 0x06, 0x41, 
	0x06, 0x41, 0x45, 0xc3, 0x7a, 0x43, 0x80, 0x43, 
	0x73, 0x03, 0x06, 0x41, 0x06, 0x41, 0x06, 0x41, 
	0x06, 0x41, 0x06, 0x41, 0x06, 0x41, 0x06, 0x41, 
	0x06, 0x41, 0x06, 0x41, 0x06, 0x41, 0x06, 0x41, 
	0x06, 0x41, 0x06, 0x41, 0x06, 0x41, 0x06, 0x41, 
	0x06, 0x41, 0x06, 0x41, 0x06, 0x41, 0x06, 0x41, 
	0x06, 0x41, 0x06, 0x41, 0x06, 0x41, 0x06, 0x41, 
	0x06, 0x41, 0x06, 0x41, 0x06, 0x41, 0x06, 0x41, 
	0x06, 0x41, 0x06, 0x41, 0x06, 0x41, 0x06, 0x41, 
	0x06, 0x41, 0x06, 0x41, 0x06, 0x41, 0x06, 0x41, 
	0x06, 0x41, 0x06, 0x41, 0x06, 0x41, 0x06, 0x41, 
	0x06, 0x41, 0x06, 0x41, 0x06, 0x41, 0x06, 0x41, 
	0x06, 0x41, 0x06, 0x41, 0x06, 0x41, 0x06, 0x41, 
	0x06, 0x41, 0x06, 0x41, 0x06, 0x41, 0x06, 0x41, 
	0x06, 0x41, 0x06, 0x41, 0x06, 0x41, 0x06, 0x41, 
	0x06, 0x41, 0x06, 0x41, 0x06, 0x41, 0x06, 0x41, 
	0x06, 0x41, 0x4c, 0x03, 0x80, 0x43, 0x80, 0x43, 
	0x45, 0x83, 0x06, 0x41, 0x06, 0x41, 0x06, 0x41, 
	0x06, 0x41, 0x06, 0x41, 0x06, 0x41, 0x06, 0x41, 
	0x06, 0x41, 0x06, 0x41, 0x06, 0x41, 0x06, 0x41, 
	0x06, 0x41, 0x06, 0x41, 0x06, 0x41, 0x06, 0x41, 
	0x06, 0x41, 0x06, 0x41, 0x06, 0x41, 0x06, 0x41, 
	0x06, 0x41, 0x06, 0x41, 0x06, 0x41, 0x06, 0x41, 
	0x06, 0x41, 0x06, 0x41, 0x06, 0x41, 0x06, 0x41, 
	0x06, 0x41, 0x06, 0x41, 0x06, 0x41, 0x06, 0x41, 
	0x06, 0x41, 0x06, 0x41, 0x06, 0x41, 0x06, 0x41, 
	0x06, 0x41, 0x06, 0x41, 0x06, 0x41, 0x06, 0x41, 
	0x06, 0x41, 0x06, 0x41, 0x06, 0x41, 0x06, 0x41, 
	0x06, 0x41, 0x06, 0x41, 0x06, 0x41, 0x06, 0x41, 
	0x06, 0x41, 0x06, 0x41, 0x06, 0x41, 0x06, 0x41, 
	0x06, 0x41, 0x06, 0x41, 0x06, 0x41, 0x06, 0x41, 
	0x06, 0x41, 0x06, 0x41, 0x06, 0x41, 0x06, 0x41, 
	0x06, 0x41, 0x7a, 0x43, 0x80, 0x43, 0x7a, 0xc3, 
	0x3d, 0xc3, 0x06, 0x41, 0x06, 0x41, 0x06, 0x41, 
	0x06, 0x41, 0x06, 0x41, 0x06, 0x41, 0x06, 0x41, 
	0x06, 0x41, 0x06, 0x41, 0x06, 0x41, 0x06, 0x41, 
	0x06, 0x41, 0x06, 0x41, 0x06, 0x41, 0x06, 0x41, 
	0x06, 0x41, 0x06, 0x41, 0x06, 0x41, 0x06, 0x41, 
	0x06, 0x41, 0x06, 0x41, 0x06, 0x41, 0x06, 0x41, 
	0x06, 0x41, 0x06, 0x41, 0x06, 0x41, 0x06, 0x41, 
	0x06, 0x41, 0x06, 0x41, 0x06, 0x41, 0x06, 0x41, 
	0x06, 0x41, 0x06, 0x41, 0x06, 0x41, 0x06, 0x41, 
	0x06, 0x41, 0x06, 0x41, 0x06, 0x41, 0x06, 0x41, 
	0x06, 0x41, 0x06, 0x41, 0x06, 0x41, 0x06, 0x41, 
	0x06, 0x41, 0x06, 0x41, 0x06, 0x41, 0x06, 0x41, 
	0x06, 0x41, 0x06, 0x41, 0x06, 0x41, 0x06, 0x41, 
	0x06, 0x41, 0x06, 0x41, 0x06, 0x41, 0x06, 0x41, 
	0x06, 0x41, 0x06, 0x41, 0x06, 0x41, 0x06, 0x41, 
	0x06, 0x41, 0x73, 0x83, 0x7a, 0xc3, 0x5c, 0xc3, 
	0x06, 0x41, 0x06, 0x41, 0x06, 0x41, 0x06, 0x41, 
	0x06, 0x41, 0x06, 0x41, 0x06, 0x41, 0x06, 0x41, 
	0x06, 0x41, 0x06, 0x41, 0x06, 0x41, 0x06, 0x41, 
	0x06, 0x41, 0x06, 0x41, 0x06, 0x41, 0x06, 0x41, 
	0x06, 0x41, 0x06, 0x41, 0x06, 0x41, 0x06, 0x41, 
	0x06, 0x41, 0x06, 0x41, 0x06, 0x41, 0x06, 0x41, 
	0x06, 0x41, 0x06, 0x41, 0x06, 0x41, 0x06, 0x41, 
	0x06, 0x41, 0x06, 0x41, 0x06, 0x41, 0x06, 0x41, 
	0x06, 0x41, 0x06, 0x41, 0x06, 0x41, 0x06, 0x41, 
	0x06, 0x41, 0x06, 0x41, 0x06, 0x41, 0x06, 0x41, 
	0x06, 0x41, 0x06, 0x41, 0x06, 0x41, 0x06, 0x41, 
	0x06, 0x41, 0x06, 0x41, 0x06, 0x41, 0x06, 0x41, 
	0x06, 0x41, 0x06, 0x41, 0x06, 0x41, 0x06, 0x41, 
	0x06, 0x41, 0x06, 0x41, 0x06, 0x41, 0x06, 0x41, 
	0x06, 0x41, 0x06, 0x41, 0x06, 0x41, 0x06, 0x41, 
	0x06, 0x41, 0x2e, 0x01, 0x36, 0x03, 0x46, 0x03, 
	0x36, 0x41, 0x06, 0x41, 0x06, 0x41, 0x06, 0x41, 
	0x06, 0x41, 0x06, 0x41, 0x06, 0x41, 0x06, 0x41, 
	0x06, 0x41, 0x06, 0x41, 0x06, 0x41, 0x06, 0x41, 
	0x06, 0x41, 0x06, 0x41, 0x06, 0x41, 0x06, 0x41, 
	0x06, 0x41, 0x06, 0x41, 0x06, 0x41, 0x06, 0x41, 
	0x06, 0x41, 0x06, 0x41, 0x06, 0x41, 0x06, 0x41, 
	0x06, 0x41, 0x06, 0x41, 0x06, 0x41, 0x06, 0x41, 
	0x06, 0x41, 0x06, 0x41, 0x06, 0x41, 0x06, 0x41, 
	0x06, 0x41, 0x06, 0x41, 0x06, 0x41, 0x06, 0x41, 
	0x06, 0x41, 0x06, 0x41, 0x06, 0x41, 0x06, 0x41, 
	0x06, 0x41, 0x06, 0x41, 0x06, 0x41, 0x06, 0x41, 
	0x06, 0x41, 0x06, 0x41, 0x06, 0x41, 0x06, 0x41, 
	0x06, 0x41, 0x06, 0x41, 0x06, 0x41, 0x06, 0x41, 
	0x06, 0x41, 0x06, 0x41, 0x06, 0x41, 0x06, 0x41, 
	0x06, 0x41, 0x06, 0x41, 0x06, 0x41, 0x06, 0x41, 
	0x06, 0x41, 0x06, 0x41, 0x55, 0x03, 0xa8, 0x45, 
	0xac, 0x45, 0x06, 0x41, 0x06, 0x41, 0x06, 0x41, 
	0x06, 0x41, 0x06, 0x41, 0x06, 0x41, 0x06, 0x41, 
	0x06, 0x41, 0x06, 0x41, 0x06, 0x41, 0x06, 0x41, 
	0x06, 0x41, 0x06, 0x41, 0x06, 0x41, 0x06, 0x41, 
	0x06, 0x41, 0x06, 0x41, 0x06, 0x41, 0x06, 0x41, 
	0x06, 0x41, 0x06, 0x41, 0x06, 0x41, 0x06, 0x41, 
	0x06, 0x41, 0x06, 0x41, 0x06, 0x41, 0x06, 0x41, 
	0x06, 0x41, 0x06, 0x41, 0x06, 0x41, 0x06, 0x41, 
	0x06, 0x41, 0x06, 0x41, 0x06, 0x41, 0x06, 0x41, 
	0x06, 0x41, 0x06, 0x41, 0x06, 0x41, 0x06, 0x41, 
	0x06, 0x41, 0x06, 0x41, 0x06, 0x41, 0x06, 0x41, 
	0x06, 0x41, 0x06, 0x41, 0x06, 0x41, 0x06, 0x41, 
	0x06, 0x41, 0x06, 0x41, 0x06, 0x41, 0x06, 0x41, 
	0x06, 0x41, 0x06, 0x41, 0x06, 0x41, 0x06, 0x41, 
	0x06, 0x41, 0x06, 0x41, 0x06, 0x41, 0x06, 0x41, 
	0x06, 0x41, 0x06, 0x41, 0x6c, 0x03, 0x80, 0x43, 
	0xa2, 0x85, 0x06, 0x41, 0x06, 0x41, 0x06, 0x41, 
	0x06, 0x41, 0x06, 0x41, 0x06, 0x41, 0x06, 0x41, 
	0x06, 0x41, 0x06, 0x41, 0x06, 0x41, 0x06, 0x41, 
	0x06, 0x41, 0x06, 0x41, 0x06, 0x41, 0x06, 0x41, 
	0x06, 0x41, 0x06, 0x41, 0x06, 0x41, 0x06, 0x41, 
	0x06, 0x41, 0x06, 0x41, 0x06, 0x41, 0x06, 0x41, 
	0x06, 0x41, 0x06, 0x41, 0x06, 0x41, 0x06, 0x41, 
	0x06, 0x41, 0x06, 0x41, 0x06, 0x41, 0x06, 0x41, 
	0x06, 0x41, 0x06, 0x41, 0x06, 0x41, 0x06, 0x41, 
	0x06, 0x41, 0x06, 0x41, 0x06, 0x41, 0x06, 0x41, 
	0x06, 0x41, 0x06, 0x41, 0x06, 0x41, 0x06, 0x41, 
	0x06, 0x41, 0x06, 0x41, 0x06, 0x41, 0x06, 0x41, 
	0x06, 0x41, 0x06, 0x41, 0x06, 0x41, 0x06, 0x41, 
	0x06, 0x41, 0x06, 0x41, 0x06, 0x41, 0x06, 0x41, 
	0x06, 0x41, 0x06, 0x41, 0x06, 0x41, 0x06, 0x41, 
	0x06, 0x41, 0x06, 0x41, 0x6c, 0x03, 0x80, 0x43, 
	0x6b, 0xc3, 0x06, 0x41, 0x06, 0x41, 0x06, 0x41, 
	0x06, 0x41, 0x06, 0x41, 0x06, 0x41, 0x06, 0x41, 
	0x06, 0x41, 0x06, 0x41, 0x06, 0x41, 0x06, 0x41, 
	0x06, 0x41, 0x06, 0x41, 0x06, 0x41, 0x06, 0x41, 
	0x06, 0x41, 0x06, 0x41, 0x06, 0x41, 0x06, 0x41, 
	0x06, 0x41, 0x06, 0x41, 0x06, 0x41, 0x06, 0x41, 
	0x06, 0x41, 0x06, 0x41, 0x06, 0x41, 0x06, 0x41, 
	0x06, 0x41, 0x06, 0x41, 0x06, 0x41, 0x06, 0x41, 
	0x06, 0x41, 0x06, 0x41, 0x06, 0x41, 0x06, 0x41, 
	0x06, 0x41, 0x06, 0x41, 0x06, 0x41, 0x06, 0x41, 
	0x06, 0x41, 0x06, 0x41, 0x06, 0x41, 0x06, 0x41, 
	0x06, 0x41, 0x06, 0x41, 0x06, 0x41, 0x06, 0x41, 
	0x06, 0x41, 0x06, 0x41, 0x06, 0x41, 0x06, 0x41, 
	0x06, 0x41, 0x06, 0x41, 0x06, 0x41, 0x06, 0x41, 
	0x06, 0x41, 0x06, 0x41, 0x06, 0x41, 0x06, 0x41, 
	0x06, 0x41, 0x06, 0x41, 0x3d, 0xc3, 0x4d, 0x83, 
	0x2e, 0x01, 0x06, 0x41, 0x06, 0x41, 0x06, 0x41, 
	0x06, 0x41, 0x06, 0x41, 0x06, 0x41, 0x06, 0x41, 
	0x06, 0x41, 0x06, 0x41, 0x06, 0x41, 0x06, 0x41, 
	0x06, 0x41, 0x06, 0x41, 0x06, 0x41, 0x06, 0x41, 
	0x06, 0x41, 0x06, 0x41, 0x06, 0x41, 0x06, 0x41, 
	0x06, 0x41, 0x06, 0x41, 0x06, 0x41, 0x06, 0x41, 
	0x06, 0x41, 0x06, 0x41, 0x06, 0x41, 0x06, 0x41, 
	0x06, 0x41, 0x06, 0x41, 0x06, 0x41, 0x06, 0x41, 
	0x06, 0x41, 0x06, 0x41, 0x06, 0x41, 0x06, 0x41, 
	0x06, 0x41, 0x06, 0x41, 0x06, 0x41, 0x06, 0x41, 
	0x06, 0x41, 0x06, 0x41, 0x06, 0x41, 0x06, 0x41, 
	0x06, 0x41, 0x06, 0x41, 0x06, 0x41, 0x06, 0x41, 
	0x06, 0x41, 0x06, 0x41, 0x06, 0x41, 0x06, 0x41, 
	0x06, 0x41, 0x06, 0x41, 0x06, 0x41, 0x06, 0x41, 
	0x06, 0x41, 0x06, 0x41, 0x06, 0x41, 0x06, 0x41, 
	0x06, 0x41, 0x06, 0x41, 0x06, 0x41, 0x06, 0x41, 
	0x06, 0x41, 0x06, 0x41, 0x06, 0x41, 0x06, 0x41, 
	0x06, 0x41, 0x06, 0x41, 0x06, 0x41, 0x06, 0x41, 
	0x06, 0x41, 0x06, 0x41, 0x06, 0x41, 0x06, 0x41, 
	0x06, 0x41, 0x06, 0x41, 0x06, 0x41, 0x06, 0x41, 
	0x06, 0x41, 0x06, 0x41, 0x06, 0x41, 0x06, 0x41, 
	0x06, 0x41, 0x06, 0x41, 0x06, 0x41, 0x06, 0x41, 
	0x06, 0x41, 0x06, 0x41, 0x06, 0x41, 0x06, 0x41, 
	0x06, 0x41, 0x06, 0x41, 0x06, 0x41, 0x06, 0x41, 
	0x06, 0x41, 0x06, 0x41, 0x06, 0x41, 0x06, 0x41, 
	0x06, 0x41, 0x06, 0x41, 0x06, 0x41, 0x06, 0x41, 
	0x06, 0x41, 0x06, 0x41, 0x06, 0x41, 0x06, 0x41, 
	0x06, 0x41, 0x06, 0x41, 0x06, 0x41, 0x06, 0x41, 
	0x06, 0x41, 0x06, 0x41, 0x06, 0x41, 0x06, 0x41, 
	0x06, 0x41, 0x06, 0x41, 0x06, 0x41, 0x06, 0x41, 
	0x06, 0x41, 0x06, 0x41, 0x06, 0x41, 0x06, 0x41, 
	0x06, 0x41, 0x06, 0x41, 0x06, 0x41, 0x06, 0x41, 
	0x06, 0x41, 0x06, 0x41, 0x06, 0x41, 0x06, 0x41, 
	0x06, 0x41, 0x06, 0x41, 0x06, 0x41, 0x06, 0x41, 
	0x06, 0x41, 0x06, 0x41, 0x06, 0x41, 0x06, 0x41, 
	0x06, 0x41, 0x06, 0x41, 0x06, 0x41, 0x06, 0x41, 
	0x06, 0x41, 0x06, 0x41, 0x06, 0x41, 0x06, 0x41, 
	0x06, 0x41, 0x06, 0x41, 0x06, 0x41, 0x06, 0x41, 
	0x06, 0x41, 0x06, 0x41, 0x06, 0x41, 0x06, 0x41, 
	0x06, 0x41, 0x06, 0x41, 0x06, 0x41, 0x06, 0x41, 
	0x06, 0x41, 0x06, 0x41, 0x06, 0x41, 0x06, 0x41, 
	0x06, 0x41, 0x06, 0x41, 0x06, 0x41, 0x06, 0x41, 
	0x06, 0x41, 0x06, 0x41, 0x06, 0x41, 0x06, 0x41, 
	0x06, 0x41, 0x06, 0x41, 0x06, 0x41, 0x06, 0x41, 
	0x06, 0x41, 0x06, 0x41, 0x06, 0x41, 0x06, 0x41, 
	0x06, 0x41, 0x06, 0x41, 0x06, 0x41, 0x06, 0x41, 
	0x06, 0x41, 0x06, 0x41, 0x06, 0x41, 0x06, 0x41, 
	0x06, 0x41, 0x06, 0x41, 0x06, 0x41, 0x06, 0x41, 
	0x06, 0x41, 0x06, 0x41, 0x06, 0x41, 0x06, 0x41, 
	0x06, 0x41, 0x06, 0x41, 0x06, 0x41, 0x06, 0x41, 
	0x06, 0x41, 0x06, 0x41, 0x06, 0x41, 0x06, 0x41, 
	0x06, 0x41, 0x06, 0x41, 0x06, 0x41, 0x06, 0x41, 
	0x06, 0x41, 0x06, 0x41, 0x06, 0x41, 0x06, 0x41, 
	0x06, 0x41, 0x06, 0x41, 0x06, 0x41, 0x06, 0x41, 
	0x06, 0x41, 0x06, 0x41, 0x06, 0x41, 0x06, 0x41, 
	0x06, 0x41, 0x06, 0x41, 0x06, 0x41, 0x06, 0x41, 
	0x06, 0x41, 0x06, 0x41, 0x06, 0x41, 0x06, 0x41, 
	0x06, 0x41, 0x06, 0x41, 0x06, 0x41, 0x06, 0x41, 
	0x06, 0x41, 0x06, 0x41, 0x06, 0x41, 0x06, 0x41, 
	0x06, 0x41, 0x06, 0x41, 0x06, 0x41, 0x06, 0x41, 
	0x06, 0x41, 0x06, 0x41, 0x06, 0x41, 0x06, 0x41, 
	0x06, 0x41, 0x06, 0x41, 0x06, 0x41, 0x06, 0x41, 
	0x06, 0x41, 0x06, 0x41, 0x06, 0x41, 0x06, 0x41, 
	0x06, 0x41, 0x06, 0x41, 0x06, 0x41, 0x06, 0x41, 
	0x06, 0x41, 0x06, 0x41, 0x06, 0x41, 0x06, 0x41, 
	0x06, 0x41, 0x06, 0x41, 0x06, 0x41, 0x06, 0x41, 
	0x06, 0x41, 0x06, 0x41, 0x06, 0x41, 0x06, 0x41, 
	0x06, 0x41, 0x06, 0x41, 0x06, 0x41, 0x06, 0x41, 
	0x06, 0x41, 0x06, 0x41, 0x06, 0x41, 0x06, 0x41, 
	0x06, 0x41, 0x06, 0x41, 0x06, 0x41, 0x06, 0x41, 
	0x06, 0x41, 0x06, 0x41, 0x06, 0x41, 0x06, 0x41, 
	0x06, 0x41, 0x06, 0x41, 0x06, 0x41, 0x06, 0x41, 
	0x06, 0x41, 0x06, 0x41, 0x06, 0x41, 0x06, 0x41, 
	0x06, 0x41, 0x06, 0x41, 0x06, 0x41, 0x06, 0x41, 
	0x06, 0x41, 0x06, 0x41, 0x06, 0x41, 0x06, 0x41, 
	0x06, 0x41, 0x06, 0x41, 0x06, 0x41, 0x06, 0x41, 
	0x06, 0x41, 0x06, 0x41, 0x06, 0x41, 0x06, 0x41, 
	0x06, 0x41, 0x06, 0x41, 0x06, 0x41, 0x06, 0x41, 
	0x06, 0x41, 0x06, 0x41, 0x06, 0x41, 0x06, 0x41, 
	0x06, 0x41, 0x06, 0x41, 0x06, 0x41, 0x06, 0x41, 
	0x06, 0x41, 0x06, 0x41, 0x06, 0x41, 0x06, 0x41, 
	0x06, 0x41, 0x06, 0x41, 0x06, 0x41, 0x06, 0x41, 
	0x06, 0x41, 0x06, 0x0d, 0x0d, 0xdd, 0x06, 0x41, 
	0x06, 0x41, 0x06, 0x41, 0x06, 0x41, 0x06, 0x41, 
	0x06, 0x41, 0x06, 0x41, 0x06, 0x41, 0x06, 0x41, 
	0x06, 0x41, 0x06, 0x41, 0x06, 0x41, 0x06, 0x41, 
	0x06, 0x41, 0x06, 0x41, 0x06, 0x41, 0x06, 0x41, 
	0x06, 0x41, 0x06, 0x41, 0x06, 0x41, 0x06, 0x41, 
	0x06, 0x41, 0x06, 0x41, 0x06, 0x41, 0x06, 0x41, 
	0x06, 0x41, 0x06, 0x41, 0x06, 0x41, 0x06, 0x41, 
	0x06, 0x41, 0x06, 0x41, 0x06, 0x41, 0x06, 0x41, 
	0x06, 0x41, 0x06, 0x41, 0x06, 0x41, 0x06, 0x41, 
	0x06, 0x41, 0x06, 0x41, 0x06, 0x41, 0x06, 0x41, 
	0x06, 0x41, 0x06, 0x41, 0x06, 0x41, 0x06, 0x41, 
	0x06, 0x41, 0x06, 0x41, 0x06, 0x41, 0x06, 0x41, 
	0x06, 0x41, 0x06, 0x41, 0x06, 0x41, 0x06, 0x41, 
	0x06, 0x41, 0x06, 0x41, 0x06, 0x41, 0x06, 0x41, 
	0x06, 0x41, 0x06, 0x41, 0x06, 0x41, 0x06, 0x49, 
	0x0c, 0x97, 0x2c, 0x5f, 0x2c, 0x63, 0x15, 0x67, 
	0x15, 0xe9, 0x0e, 0x53, 0x06, 0x41, 0x06, 0x41, 
	0x06, 0x41, 0x06, 0x41, 0x06, 0x41, 0x06, 0x41, 
	0x06, 0x41, 0x06, 0x41, 0x06, 0x41, 0x06, 0x41, 
	0x06, 0x41, 0x06, 0x41, 0x06, 0x41, 0x06, 0x41, 
	0x06, 0x41, 0x06, 0x41, 0x06, 0x41, 0x06, 0x41, 
	0x06, 0x41, 0x06, 0x41, 0x06, 0x41, 0x06, 0x41, 
	0x06, 0x41, 0x06, 0x41, 0x06, 0x41, 0x06, 0x41, 
	0x06, 0x41, 0x06, 0x41, 0x06, 0x41, 0x06, 0x41, 
	0x06, 0x41, 0x06, 0x41, 0x06, 0x41, 0x06, 0x41, 
	0x06, 0x41, 0x06, 0x41, 0x06, 0x41, 0x06, 0x41, 
	0x06, 0x41, 0x06, 0x41, 0x06, 0x41, 0x06, 0x41, 
	0x06, 0x41, 0x06, 0x41, 0x06, 0x41, 0x06, 0x41, 
	0x06, 0x41, 0x06, 0x41, 0x06, 0x41, 0x06, 0x41, 
	0x06, 0x41, 0x06, 0x41, 0x06, 0x41, 0x06, 0x41, 
	0x06, 0x41, 0x06, 0x41, 0x06, 0x0b, 0x0c, 0x99, 
	0x0b, 0x9d, 0x0b, 0x9d, 0x0b, 0x9d, 0x0b, 0x9d, 
	0x2c, 0xe7, 0x15, 0xeb, 0x0e, 0x55, 0x06, 0x41, 
	0x06, 0x41, 0x06, 0x41, 0x06, 0x41, 0x06, 0x41, 
	0x06, 0x41, 0x06, 0x41, 0x06, 0x41, 0x06, 0x41, 
	0x06, 0x41, 0x06, 0x41, 0x06, 0x41, 0x06, 0x41, 
	0x06, 0x41, 0x06, 0x41, 0x06, 0x41, 0x06, 0x41, 
	0x06, 0x41, 0x06, 0x41, 0x06, 0x41, 0x06, 0x41, 
	0x06, 0x41, 0x06, 0x41, 0x06, 0x41, 0x06, 0x41, 
	0x06, 0x41, 0x06, 0x41, 0x06, 0x41, 0x06, 0x41, 
	0x06, 0x41, 0x06, 0x41, 0x06, 0x41, 0x06, 0x41, 
	0x06, 0x41, 0x06, 0x41, 0x06, 0x41, 0x06, 0x41, 
	0x06, 0x41, 0x06, 0x41, 0x06, 0x41, 0x06, 0x41, 
	0x06, 0x41, 0x06, 0x41, 0x06, 0x41, 0x06, 0x41, 
	0x06, 0x41, 0x06, 0x41, 0x06, 0x41, 0x06, 0x41, 
	0x06, 0x41, 0x06, 0x41, 0x06, 0x41, 0x06, 0x41, 
	0x06, 0x41, 0x06, 0x49, 0x0c, 0x59, 0x0b, 0x9d, 
	0x0b, 0x9b, 0x0d, 0x93, 0x0d, 0x53, 0x0b, 0xdb, 
	0x0b, 0x9d, 0x14, 0x21, 0x1d, 0xeb, 0x0e, 0x57, 
	0x06, 0x41, 0x06, 0x41, 0x06, 0x41, 0x06, 0x41, 
	0x06, 0x41, 0x06, 0x41, 0x06, 0x41, 0x06, 0x41, 
	0x06, 0x41, 0x06, 0x41, 0x06, 0x41, 0x06, 0x41, 
	0x06, 0x41, 0x06, 0x41, 0x06, 0x41, 0x06, 0x41, 
	0x06, 0x41, 0x06, 0x41, 0x06, 0x41, 0x06, 0x41, 
	0x06, 0x41, 0x06, 0x41, 0x06, 0x41, 0x06, 0x41, 
	0x06, 0x41, 0x06, 0x41, 0x06, 0x41, 0x06, 0x41, 
	0x06, 0x41, 0x06, 0x41, 0x06, 0x41, 0x06, 0x41, 
	0x06, 0x41, 0x06, 0x41, 0x06, 0x41, 0x06, 0x41, 
	0x06, 0x41, 0x06, 0x41, 0x06, 0x41, 0x06, 0x41, 
	0x06, 0x41, 0x06, 0x41, 0x06, 0x41, 0x06, 0x41, 
	0x06, 0x41, 0x06, 0x41, 0x06, 0x41, 0x06, 0x41, 
	0x06, 0x41, 0x06, 0x41, 0x06, 0x41, 0x06, 0x41, 
	0x06, 0x41, 0x06, 0x0b, 0x0b, 0x9d, 0x0b, 0x9d, 
	0x0d, 0x93, 0x06, 0x41, 0x06, 0x41, 0x06, 0x41, 
	0x0d, 0x15, 0x0b, 0x9d, 0x2c, 0xe7, 0x16, 0x25, 
	0x06, 0x41, 0x06, 0x41, 0x06, 0x41, 0x06, 0x41, 
	0x06, 0x41, 0x06, 0x41, 0x06, 0x41, 0x06, 0x41, 
	0x06, 0x41, 0x06, 0x41, 0x06, 0x41, 0x06, 0x41, 
	0x06, 0x41, 0x06, 0x41, 0x06, 0x41, 0x06, 0x41, 
	0x06, 0x41, 0x06, 0x41, 0x06, 0x41, 0x06, 0x41, 
	0x06, 0x41, 0x06, 0x41, 0x06, 0x41, 0x06, 0x41, 
	0x06, 0x41, 0x06, 0x41, 0x06, 0x41, 0x06, 0x41, 
	0x06, 0x41, 0x06, 0x41, 0x06, 0x41, 0x06, 0x41, 
	0x06, 0x41, 0x06, 0x41, 0x06, 0x41, 0x06, 0x41, 
	0x06, 0x41, 0x06, 0x41, 0x06, 0x41, 0x06, 0x41, 
	0x06, 0x41, 0x06, 0x41, 0x06, 0x41, 0x06, 0x41, 
	0x06, 0x41, 0x06, 0x41, 0x06, 0x41, 0x06, 0x41, 
	0x06, 0x41, 0x06, 0x41, 0x06, 0x41, 0x06, 0x41, 
	0x06, 0x41, 0x06, 0x49, 0x0c, 0x1b, 0x0b, 0x57, 
	0x05, 0x87, 0x06, 0x41, 0x06, 0x41, 0x06, 0x41, 
	0x06, 0x45, 0x0c, 0xd7, 0x0b, 0x9d, 0x15, 0x69, 
	0x06, 0x41, 0x06, 0x41, 0x06, 0x41, 0x06, 0x41, 
	0x06, 0x41, 0x06, 0x41, 0x06, 0x41, 0x06, 0x41, 
	0x06, 0x41, 0x06, 0x41, 0x06, 0x41, 0x06, 0x41, 
	0x06, 0x41, 0x06, 0x41, 0x06, 0x41, 0x06, 0x41, 
	0x06, 0x41, 0x06, 0x41, 0x06, 0x41, 0x06, 0x41, 
	0x06, 0x41, 0x06, 0x41, 0x06, 0x41, 0x06, 0x41, 
	0x06, 0x41, 0x06, 0x41, 0x06, 0x41, 0x06, 0x41, 
	0x06, 0x41, 0x06, 0x41, 0x06, 0x41, 0x06, 0x41, 
	0x06, 0x41, 0x06, 0x41, 0x06, 0x41, 0x06, 0x41, 
	0x06, 0x41, 0x06, 0x41, 0x06, 0x41, 0x06, 0x41, 
	0x06, 0x41, 0x06, 0x41, 0x06, 0x41, 0x06, 0x41, 
	0x06, 0x41, 0x06, 0x41, 0x06, 0x41, 0x06, 0x41, 
	0x06, 0x41, 0x06, 0x41, 0x06, 0x41, 0x06, 0x41, 
	0x06, 0x41, 0x06, 0x41, 0x06, 0x0b, 0x05, 0xc7, 
	0x06, 0x41, 0x06, 0x41, 0x06, 0x41, 0x06, 0x41, 
	0x06, 0x41, 0x0c, 0xd7, 0x0b, 0x9d, 0x34, 0xe3, 
	0x06, 0x41, 0x06, 0x41, 0x06, 0x41, 0x06, 0x41, 
	0x06, 0x41, 0x06, 0x41, 0x06, 0x41, 0x06, 0x41, 
	0x06, 0x41, 0x06, 0x41, 0x06, 0x41, 0x06, 0x41, 
	0x06, 0x41, 0x06, 0x41, 0x06, 0x41, 0x06, 0x41, 
	0x06, 0x41, 0x06, 0x41, 0x06, 0x41, 0x06, 0x41, 
	0x06, 0x41, 0x06, 0x41, 0x06, 0x41, 0x06, 0x41, 
	0x06, 0x41, 0x06, 0x41, 0x06, 0x41, 0x06, 0x41, 
	0x06, 0x41, 0x06, 0x41, 0x06, 0x41, 0x06, 0x41, 
	0x06, 0x41, 0x06, 0x41, 0x06, 0x41, 0x06, 0x41, 
	0x06, 0x41, 0x06, 0x41, 0x06, 0x41, 0x06, 0x41, 
	0x06, 0x41, 0x06, 0x41, 0x06, 0x41, 0x06, 0x41, 
	0x06, 0x41, 0x06, 0x41, 0x06, 0x41, 0x06, 0x41, 
	0x06, 0x41, 0x06, 0x41, 0x06, 0x41, 0x06, 0x41, 
	0x06, 0x41, 0x06, 0x41, 0x06, 0x41, 0x06, 0x41, 
	0x06, 0x41, 0x06, 0x41, 0x06, 0x41, 0x06, 0x41, 
	0x06, 0x41, 0x0c, 0xd7, 0x0b, 0x9d, 0x24, 0x1d, 
	0x06, 0x41, 0x06, 0x41, 0x06, 0x41, 0x06, 0x41, 
	0x06, 0x41, 0x06, 0x41, 0x06, 0x41, 0x06, 0x41, 
	0x06, 0x41, 0x06, 0x41, 0x06, 0x41, 0x06, 0x41, 
	0x06, 0x41, 0x06, 0x41, 0x06, 0x41, 0x06, 0x41, 
	0x06, 0x41, 0x06, 0x41, 0x06, 0x41, 0x06, 0x41, 
	0x06, 0x41, 0x06, 0x41, 0x06, 0x41, 0x06, 0x41, 
	0x06, 0x41, 0x06, 0x41, 0x06, 0x41, 0x06, 0x41, 
	0x06, 0x41, 0x06, 0x41, 0x06, 0x41, 0x06, 0x41, 
	0x06, 0x41, 0x06, 0x41, 0x06, 0x41, 0x06, 0x41, 
	0x06, 0x41, 0x06, 0x41, 0x06, 0x41, 0x06, 0x41, 
	0x06, 0x41, 0x06, 0x41, 0x06, 0x41, 0x06, 0x41, 
	0x06, 0x41, 0x06, 0x41, 0x06, 0x41, 0x06, 0x41, 
	0x06, 0x41, 0x06, 0x41, 0x06, 0x41, 0x06, 0x41, 
	0x06, 0x41, 0x06, 0x41, 0x06, 0x41, 0x06, 0x41, 
	0x06, 0x41, 0x06, 0x41, 0x06, 0x41, 0x06, 0x41, 
	0x06, 0x0b, 0x0c, 0x59, 0x0b, 0x9d, 0x0b, 0xdb, 
	0x06, 0x41, 0x06, 0x41, 0x06, 0x41, 0x06, 0x41, 
	0x06, 0x41, 0x06, 0x41, 0x06, 0x41, 0x06, 0x41, 
	0x06, 0x41, 0x06, 0x41, 0x06, 0x41, 0x06, 0x41, 
	0x06, 0x41, 0x06, 0x41, 0x06, 0x41, 0x06, 0x41, 
	0x06, 0x41, 0x06, 0x41, 0x06, 0x41, 0x06, 0x41, 
	0x06, 0x41, 0x06, 0x41, 0x06, 0x41, 0x06, 0x41, 
	0x06, 0x41, 0x06, 0x41, 0x06, 0x41, 0x06, 0x41, 
	0x06, 0x41, 0x06, 0x41, 0x06, 0x41, 0x06, 0x41, 
	0x06, 0x41, 0x06, 0x41, 0x06, 0x41, 0x06, 0x41, 
	0x06, 0x41, 0x06, 0x41, 0x06, 0x41, 0x06, 0x41, 
	0x06, 0x41, 0x06, 0x41, 0x06, 0x41, 0x06, 0x41, 
	0x06, 0x41, 0x06, 0x41, 0x06, 0x41, 0x06, 0x41, 
	0x06, 0x41, 0x06, 0x41, 0x06, 0x41, 0x06, 0x41, 
	0x06, 0x41, 0x06, 0x41, 0x06, 0x41, 0x06, 0x41, 
	0x06, 0x41, 0x06, 0x41, 0x06, 0x41, 0x06, 0x41, 
	0x0d, 0x53, 0x0b, 0x9d, 0x0b, 0x9d, 0x0d, 0x91, 
	0x06, 0x41, 0x06, 0x41, 0x06, 0x41, 0x06, 0x41, 
	0x06, 0x41, 0x06, 0x41, 0x06, 0x41, 0x06, 0x41, 
	0x06, 0x41, 0x06, 0x41, 0x06, 0x41, 0x06, 0x41, 
	0x06, 0x41, 0x06, 0x41, 0x06, 0x41, 0x06, 0x41, 
	0x06, 0x41, 0x06, 0x41, 0x06, 0x41, 0x06, 0x41, 
	0x06, 0x41, 0x06, 0x41, 0x06, 0x41, 0x06, 0x41, 
	0x06, 0x41, 0x06, 0x41, 0x06, 0x41, 0x06, 0x41, 
	0x06, 0x41, 0x06, 0x41, 0x06, 0x41, 0x06, 0x41, 
	0x06, 0x41, 0x06, 0x41, 0x06, 0x41, 0x06, 0x41, 
	0x06, 0x41, 0x06, 0x41, 0x06, 0x41, 0x06, 0x41, 
	0x06, 0x41, 0x06, 0x41, 0x06, 0x41, 0x06, 0x41, 
	0x06, 0x41, 0x06, 0x41, 0x06, 0x41, 0x06, 0x41, 
	0x06, 0x41, 0x06, 0x41, 0x06, 0x41, 0x06, 0x41, 
	0x06, 0x41, 0x06, 0x41, 0x06, 0x41, 0x06, 0x41, 
	0x06, 0x41, 0x06, 0x41, 0x06, 0x41, 0x06, 0x41, 
	0x0c, 0x1b, 0x0b, 0x9d, 0x0b, 0x99, 0x05, 0xc9, 
	0x06, 0x41, 0x06, 0x41, 0x06, 0x41, 0x06, 0x41, 
	0x06, 0x41, 0x06, 0x41, 0x06, 0x41, 0x06, 0x41, 
	0x06, 0x41, 0x06, 0x41, 0x06, 0x41, 0x06, 0x41, 
	0x06, 0x41, 0x46, 0x01, 0x45, 0xc1, 0x5d, 0x03, 
	0x66, 0x43, 0x4e, 0x43, 0x06, 0x41, 0x06, 0x41, 
	0x06, 0x41, 0x06, 0x41, 0x06, 0x41, 0x06, 0x41, 
	0x06, 0x41, 0x06, 0x41, 0x06, 0x41, 0x06, 0x41, 
	0x06, 0x41, 0x06, 0x41, 0x06, 0x41, 0x06, 0x41, 
	0x06, 0x41, 0x06, 0x41, 0x06, 0x41, 0x06, 0x41, 
	0x06, 0x41, 0x06, 0x41, 0x06, 0x41, 0x06, 0x41, 
	0x06, 0x41, 0x06, 0x41, 0x06, 0x41, 0x06, 0x41, 
	0x06, 0x41, 0x06, 0x41, 0x06, 0x41, 0x06, 0x41, 
	0x06, 0x41, 0x06, 0x41, 0x06, 0x41, 0x06, 0x41, 
	0x06, 0x41, 0x06, 0x41, 0x06, 0x41, 0x06, 0x41, 
	0x06, 0x41, 0x06, 0x41, 0x06, 0x41, 0x0d, 0x91, 
	0x0b, 0xdb, 0x0b, 0x9d, 0x0c, 0xd7, 0x06, 0x41, 
	0x06, 0x41, 0x06, 0x41, 0x06, 0x41, 0x06, 0x41, 
	0x06, 0x41, 0x06, 0x41, 0x06, 0x41, 0x06, 0x41, 
	0x06, 0x41, 0x06, 0x41, 0x06, 0x41, 0x16, 0x41, 
	0x5d, 0x83, 0x8c, 0x43, 0x7b, 0xc3, 0x8c, 0x83, 
	0xa5, 0x45, 0xb6, 0x45, 0x56, 0x43, 0x06, 0x41, 
	0x06, 0x41, 0x06, 0x41, 0x06, 0x41, 0x06, 0x41, 
	0x06, 0x41, 0x06, 0x41, 0x06, 0x41, 0x06, 0x41, 
	0x06, 0x41, 0x06, 0x41, 0x06, 0x41, 0x06, 0x41, 
	0x06, 0x41, 0x06, 0x41, 0x06, 0x41, 0x06, 0x41, 
	0x06, 0x41, 0x06, 0x41, 0x06, 0x41, 0x06, 0x41, 
	0x06, 0x41, 0x06, 0x41, 0x06, 0x41, 0x06, 0x41, 
	0x06, 0x41, 0x06, 0x41, 0x06, 0x41, 0x06, 0x41, 
	0x06, 0x41, 0x06, 0x41, 0x06, 0x41, 0x06, 0x41, 
	0x06, 0x41, 0x06, 0x41, 0x06, 0x41, 0x06, 0x41, 
	0x06, 0x41, 0x06, 0x41, 0x06, 0x41, 0x0d, 0x55, 
	0x0b, 0x9d, 0x0b, 0x9d, 0x06, 0x47, 0x06, 0x41, 
	0x06, 0x41, 0x06, 0x41, 0x06, 0x41, 0x06, 0x41, 
	0x06, 0x41, 0x06, 0x41, 0x06, 0x41, 0x06, 0x41, 
	0x06, 0x41, 0x06, 0x41, 0x06, 0x41, 0x65, 0x83, 
	0x7b, 0xc3, 0x7b, 0xc3, 0x7b, 0xc3, 0x7b, 0xc3, 
	0x84, 0x03, 0x94, 0x83, 0xa5, 0xc5, 0x66, 0x43, 
	0x06, 0x41, 0x06, 0x41, 0x06, 0x41, 0x06, 0x41, 
	0x06, 0x41, 0x06, 0x41, 0x06, 0x41, 0x06, 0x41, 
	0x06, 0x41, 0x06, 0x41, 0x06, 0x41, 0x06, 0x41, 
	0x06, 0x41, 0x06, 0x41, 0x06, 0x41, 0x06, 0x41, 
	0x06, 0x41, 0x06, 0x41, 0x06, 0x41, 0x06, 0x41, 
	0x06, 0x41, 0x06, 0x41, 0x06, 0x41, 0x06, 0x41, 
	0x06, 0x41, 0x06, 0x41, 0x06, 0x41, 0x06, 0x41, 
	0x06, 0x41, 0x06, 0x41, 0x06, 0x41, 0x06, 0x41, 
	0x06, 0x41, 0x06, 0x41, 0x06, 0x41, 0x06, 0x41, 
	0x06, 0x41, 0x06, 0x41, 0x06, 0x49, 0x0c, 0x59, 
	0x1b, 0x9d, 0x24, 0x9b, 0x06, 0x47, 0x06, 0x41, 
	0x06, 0x41, 0x06, 0x41, 0x06, 0x41, 0x06, 0x41, 
	0x06, 0x41, 0x06, 0x41, 0x06, 0x41, 0x06, 0x41, 
	0x06, 0x41, 0x06, 0x41, 0x4d, 0x83, 0x7b, 0xc3, 
	0x8c, 0x43, 0x5c, 0x43, 0x1e, 0x41, 0x3d, 0xc1, 
	0x54, 0x83, 0x7b, 0xc3, 0x9c, 0xc3, 0xc6, 0x45, 
	0x06, 0x41, 0x06, 0x41, 0x06, 0x41, 0x06, 0x41, 
	0x06, 0x41, 0x06, 0x41, 0x06, 0x41, 0x06, 0x41, 
	0x06, 0x41, 0x06, 0x41, 0x06, 0x41, 0x06, 0x41, 
	0x06, 0x41, 0x06, 0x41, 0x06, 0x41, 0x06, 0x41, 
	0x06, 0x41, 0x06, 0x41, 0x06, 0x41, 0x06, 0x41, 
	0x06, 0x41, 0x06, 0x41, 0x06, 0x41, 0x06, 0x41, 
	0x06, 0x41, 0x06, 0x41, 0x06, 0x41, 0x06, 0x41, 
	0x06, 0x41, 0x06, 0x41, 0x06, 0x41, 0x06, 0x41, 
	0x06, 0x41, 0x06, 0x41, 0x06, 0x41, 0x06, 0x41, 
	0x06, 0x41, 0x06, 0x41, 0x06, 0x41, 0x06, 0x0b, 
	0x16, 0x0f, 0x1e, 0x4d, 0x06, 0x41, 0x06, 0x41, 
	0x06, 0x41, 0x06, 0x41, 0x06, 0x41, 0x06, 0x41, 
	0x06, 0x41, 0x06, 0x41, 0x06, 0x41, 0x06, 0x41, 
	0x06, 0x41, 0x06, 0x41, 0x55, 0x83, 0x84, 0x43, 
	0x6b, 0x43, 0x35, 0xc1, 0x06, 0x41, 0x06, 0x41, 
	0x16, 0x41, 0x55, 0x43, 0x84, 0x43, 0xb5, 0x85, 
	0x96, 0x85, 0x06, 0x41, 0x06, 0x41, 0x06, 0x41, 
	0x06, 0x41, 0x06, 0x41, 0x06, 0x41, 0x06, 0x41, 
	0x06, 0x41, 0x06, 0x41, 0x06, 0x41, 0x06, 0x41, 
	0x06, 0x41, 0x06, 0x41, 0x06, 0x41, 0x06, 0x41, 
	0x06, 0x41, 0x06, 0x41, 0x06, 0x41, 0x06, 0x41, 
	0x06, 0x41, 0x06, 0x41, 0x06, 0x41, 0x06, 0x41, 
	0x06, 0x41, 0x06, 0x41, 0x06, 0x41, 0x06, 0x41, 
	0x06, 0x41, 0x06, 0x41, 0x06, 0x41, 0x06, 0x41, 
	0x06, 0x41, 0x06, 0x41, 0x06, 0x41, 0x06, 0x41, 
	0x06, 0x41, 0x06, 0x41, 0x06, 0x41, 0x06, 0x41, 
	0x06, 0x09, 0x1e, 0x1f, 0x16, 0x21, 0x06, 0x41, 
	0x06, 0x41, 0x06, 0x41, 0x06, 0x41, 0x06, 0x41, 
	0x06, 0x41, 0x06, 0x41, 0x06, 0x41, 0x06, 0x41, 
	0x06, 0x41, 0x06, 0x41, 0x4d, 0x83, 0x74, 0x03, 
	0x5c, 0xc3, 0x1e, 0x41, 0x06, 0x41, 0x06, 0x41, 
	0x06, 0x41, 0x06, 0x41, 0x74, 0x43, 0x8c, 0x43, 
	0xa6, 0x45, 0x06, 0x41, 0x06, 0x41, 0x06, 0x41, 
	0x06, 0x41, 0x06, 0x41, 0x06, 0x41, 0x06, 0x41, 
	0x06, 0x41, 0x06, 0x41, 0x06, 0x41, 0x06, 0x41, 
	0x06, 0x41, 0x06, 0x41, 0x06, 0x41, 0x06, 0x41, 
	0x06, 0x41, 0x06, 0x41, 0x06, 0x41, 0x06, 0x41, 
	0x06, 0x41, 0x06, 0x41, 0x06, 0x41, 0x06, 0x41, 
	0x06, 0x41, 0x06, 0x41, 0x06, 0x41, 0x06, 0x41, 
	0x06, 0x41, 0x06, 0x41, 0x06, 0x41, 0x06, 0x41, 
	0x06, 0x41, 0x06, 0x41, 0x06, 0x41, 0x06, 0x41, 
	0x06, 0x41, 0x06, 0x41, 0x06, 0x41, 0x06, 0x41, 
	0x0c, 0x1b, 0x2b, 0xdf, 0x16, 0x27, 0x06, 0x41, 
	0x06, 0x41, 0x06, 0x41, 0x06, 0x41, 0x06, 0x41, 
	0x06, 0x41, 0x06, 0x41, 0x06, 0x41, 0x06, 0x41, 
	0x06, 0x41, 0x06, 0x41, 0x06, 0x41, 0x06, 0x41, 
	0x06, 0x41, 0x06, 0x41, 0x06, 0x41, 0x06, 0x41, 
	0x06, 0x41, 0x06, 0x41, 0x74, 0x43, 0x8c, 0x43, 
	0x75, 0x43, 0x06, 0x41, 0x06, 0x41, 0x06, 0x41, 
	0x06, 0x41, 0x06, 0x41, 0x06, 0x41, 0x06, 0x41, 
	0x06, 0x41, 0x06, 0x41, 0x06, 0x41, 0x06, 0x41, 
	0x06, 0x41, 0x06, 0x41, 0x06, 0x41, 0x06, 0x41, 
	0x06, 0x41, 0x06, 0x41, 0x06, 0x41, 0x06, 0x41, 
	0x06, 0x41, 0x06, 0x41, 0x06, 0x41, 0x06, 0x41, 
	0x06, 0x41, 0x06, 0x41, 0x06, 0x41, 0x06, 0x41, 
	0x06, 0x41, 0x06, 0x41, 0x06, 0x41, 0x06, 0x41, 
	0x06, 0x41, 0x06, 0x41, 0x06, 0x41, 0x06, 0x41, 
	0x06, 0x41, 0x06, 0x41, 0x06, 0x41, 0x06, 0x41, 
	0x0c, 0x1b, 0x0b, 0x9d, 0x14, 0xe1, 0x05, 0xc1, 
	0x06, 0x41, 0x06, 0x41, 0x06, 0x41, 0x06, 0x41, 
	0x06, 0x41, 0x06, 0x41, 0x06, 0x41, 0x06, 0x41, 
	0x06, 0x41, 0x06, 0x41, 0x06, 0x41, 0x06, 0x41, 
	0x06, 0x41, 0x06, 0x41, 0x06, 0x41, 0x06, 0x41, 
	0x06, 0x41, 0x06, 0x41, 0x84, 0x83, 0x8c, 0x43, 
	0x75, 0x43, 0x06, 0x41, 0x06, 0x41, 0x06, 0x41, 
	0x06, 0x41, 0x06, 0x41, 0x06, 0x41, 0x06, 0x41, 
	0x06, 0x41, 0x06, 0x41, 0x06, 0x41, 0x06, 0x41, 
	0x06, 0x41, 0x06, 0x41, 0x06, 0x41, 0x06, 0x41, 
	0x06, 0x41, 0x06, 0x41, 0x06, 0x41, 0x06, 0x41, 
	0x06, 0x41, 0x06, 0x41, 0x06, 0x41, 0x06, 0x41, 
	0x06, 0x41, 0x06, 0x41, 0x06, 0x41, 0x06, 0x41, 
	0x06, 0x41, 0x06, 0x41, 0x06, 0x41, 0x06, 0x41, 
	0x06, 0x41, 0x06, 0x41, 0x06, 0x41, 0x06, 0x41, 
	0x06, 0x41, 0x06, 0x41, 0x06, 0x41, 0x06, 0x41, 
	0x0d, 0xd1, 0x0c, 0x99, 0x06, 0x0d, 0x06, 0x41, 
	0x06, 0x41, 0x06, 0x41, 0x06, 0x41, 0x06, 0x41, 
	0x06, 0x41, 0x06, 0x41, 0x06, 0x41, 0x06, 0x41, 
	0x06, 0x41, 0x06, 0x41, 0x06, 0x41, 0x06, 0x41, 
	0x06, 0x41, 0x06, 0x41, 0x06, 0x41, 0x06, 0x41, 
	0x06, 0x41, 0x4d, 0x43, 0x84, 0x43, 0x8c, 0x43, 
	0x55, 0x43, 0x06, 0x41, 0x06, 0x41, 0x06, 0x41, 
	0x06, 0x41, 0x06, 0x41, 0x06, 0x41, 0x06, 0x41, 
	0x06, 0x41, 0x06, 0x41, 0x06, 0x41, 0x06, 0x41, 
	0x06, 0x41, 0x06, 0x41, 0x06, 0x41, 0x06, 0x41, 
	0x06, 0x41, 0x06, 0x41, 0x06, 0x41, 0x06, 0x41, 
	0x06, 0x41, 0x06, 0x41, 0x06, 0x41, 0x06, 0x41, 
	0x06, 0x41, 0x06, 0x41, 0x06, 0x41, 0x06, 0x41, 
	0x06, 0x41, 0x06, 0x41, 0x06, 0x41, 0x06, 0x41, 
	0x06, 0x41, 0x06, 0x41, 0x06, 0x41, 0x06, 0x41, 
	0x06, 0x41, 0x06, 0x41, 0x06, 0x41, 0x06, 0x41, 
	0x06, 0x41, 0x06, 0x41, 0x06, 0x41, 0x06, 0x41, 
	0x06, 0x41, 0x06, 0x41, 0x06, 0x41, 0x06, 0x41, 
	0x06, 0x41, 0x06, 0x41, 0x06, 0x41, 0x06, 0x41, 
	0x06, 0x41, 0x06, 0x41, 0x06, 0x41, 0x06, 0x41, 
	0x06, 0x41, 0x06, 0x41, 0x06, 0x41, 0x06, 0x41, 
	0x26, 0x01, 0x7c, 0x83, 0x7b, 0xc3, 0x74, 0x03, 
	0x06, 0x41, 0x06, 0x41, 0x06, 0x41, 0x06, 0x41, 
	0x06, 0x41, 0x06, 0x41, 0x06, 0x41, 0x06, 0x41, 
	0x06, 0x41, 0x06, 0x41, 0x06, 0x41, 0x06, 0x41, 
	0x06, 0x41, 0x06, 0x41, 0x06, 0x41, 0x06, 0x41, 
	0x06, 0x41, 0x06, 0x41, 0x06, 0x41, 0x06, 0x41, 
	0x06, 0x41, 0x06, 0x41, 0x06, 0x41, 0x06, 0x41, 
	0x06, 0x41, 0x06, 0x41, 0x06, 0x41, 0x06, 0x41, 
	0x06, 0x41, 0x06, 0x41, 0x06, 0x41, 0x06, 0x41, 
	0x06, 0x41, 0x06, 0x41, 0x06, 0x41, 0x06, 0x41, 
	0x06, 0x41, 0x06, 0x41, 0x06, 0x41, 0x06, 0x41, 
	0x06, 0x41, 0x06, 0x41, 0x06, 0x41, 0x06, 0x41, 
	0x06, 0x41, 0x06, 0x41, 0x06, 0x41, 0x06, 0x41, 
	0x06, 0x41, 0x06, 0x41, 0x06, 0x41, 0x06, 0x41, 
	0x06, 0x41, 0x06, 0x41, 0x06, 0x41, 0x06, 0x41, 
	0x06, 0x41, 0x06, 0x41, 0x06, 0x41, 0x06, 0x41, 
	0x36, 0x01, 0x7b, 0xc3, 0x8c, 0x43, 0x4d, 0x83, 
	0x06, 0x41, 0x06, 0x41, 0x06, 0x41, 0x06, 0x41, 
	0x06, 0x41, 0x06, 0x41, 0x06, 0x41, 0x06, 0x41, 
	0x06, 0x41, 0x06, 0x41, 0x06, 0x41, 0x06, 0x41, 
	0x06, 0x41, 0x06, 0x41, 0x06, 0x41, 0x06, 0x41, 
	0x06, 0x41, 0x06, 0x41, 0x06, 0x41, 0x06, 0x41, 
	0x06, 0x41, 0x06, 0x41, 0x06, 0x41, 0x06, 0x41, 
	0x06, 0x41, 0x06, 0x41, 0x06, 0x41, 0x06, 0x41, 
	0x06, 0x41, 0x06, 0x41, 0x06, 0x41, 0x06, 0x41, 
	0x06, 0x41, 0x06, 0x41, 0x06, 0x41, 0x06, 0x41, 
	0x06, 0x41, 0x06, 0x41, 0x06, 0x41, 0x06, 0x41, 
	0x06, 0x41, 0x06, 0x41, 0x06, 0x41, 0x06, 0x41, 
	0x06, 0x41, 0x06, 0x41, 0x06, 0x41, 0x06, 0x41, 
	0x06, 0x41, 0x06, 0x41, 0x06, 0x41, 0x06, 0x41, 
	0x06, 0x41, 0x06, 0x41, 0x06, 0x41, 0x06, 0x41, 
	0x06, 0x41, 0x06, 0x41, 0x06, 0x41, 0x06, 0x41, 
	0x6c, 0x83, 0x8c, 0x43, 0x7c, 0x43, 0x35, 0xc1, 
	0x06, 0x41, 0x06, 0x41, 0x06, 0x41, 0x06, 0x41, 
	0x06, 0x41, 0x06, 0x41, 0x06, 0x41, 0x06, 0x41, 
	0x06, 0x41, 0x06, 0x41, 0x06, 0x41, 0x06, 0x41, 
	0x06, 0x41, 0x06, 0x41, 0x06, 0x41, 0x06, 0x41, 
	0x06, 0x41, 0x06, 0x41, 0x06, 0x41, 0x06, 0x41, 
	0x06, 0x41, 0x06, 0x41, 0x06, 0x41, 0x06, 0x41, 
	0x06, 0x41, 0x06, 0x41, 0x06, 0x41, 0x06, 0x41, 
	0x06, 0x41, 0x06, 0x41, 0x06, 0x41, 0x06, 0x41, 
	0x06, 0x41, 0x06, 0x41, 0x06, 0x41, 0x06, 0x41, 
	0x06, 0x41, 0x06, 0x41, 0x06, 0x41, 0x06, 0x41, 
	0x06, 0x41, 0x06, 0x41, 0x06, 0x41, 0x06, 0x41, 
	0x06, 0x41, 0x06, 0x41, 0x06, 0x41, 0x06, 0x41, 
	0x06, 0x41, 0x06, 0x41, 0x06, 0x41, 0x06, 0x41, 
	0x06, 0x41, 0x06, 0x41, 0x06, 0x41, 0x06, 0x41, 
	0x06, 0x41, 0x06, 0x41, 0x06, 0x41, 0x26, 0x01, 
	0x7c, 0xc3, 0x84, 0x03, 0x5c, 0x43, 0x06, 0x41, 
	0x06, 0x41, 0x06, 0x41, 0x06, 0x41, 0x06, 0x41, 
	0x06, 0x41, 0x06, 0x41, 0x06, 0x41, 0x06, 0x41, 
	0x06, 0x41, 0x06, 0x41, 0x06, 0x41, 0x06, 0x41, 
	0x06, 0x41, 0x06, 0x41, 0x06, 0x41, 0x06, 0x41, 
	0x06, 0x41, 0x06, 0x41, 0x06, 0x41, 0x06, 0x41, 
	0x06, 0x41, 0x06, 0x41, 0x06, 0x41, 0x06, 0x41, 
	0x06, 0x41, 0x06, 0x41, 0x06, 0x41, 0x06, 0x41, 
	0x06, 0x41, 0x06, 0x41, 0x06, 0x41, 0x06, 0x41, 
	0x06, 0x41, 0x06, 0x41, 0x06, 0x41, 0x06, 0x41, 
	0x06, 0x41, 0x06, 0x41, 0x06, 0x41, 0x06, 0x41, 
	0x06, 0x41, 0x06, 0x41, 0x06, 0x41, 0x06, 0x41, 
	0x06, 0x41, 0x06, 0x41, 0x06, 0x41, 0x06, 0x41, 
	0x06, 0x41, 0x06, 0x41, 0x06, 0x41, 0x06, 0x41, 
	0x06, 0x41, 0x06, 0x41, 0x06, 0x41, 0x06, 0x41, 
	0x06, 0x41, 0x06, 0x41, 0x06, 0x41, 0x26, 0x01, 
	0x6c, 0x83, 0x8c, 0x83, 0x45, 0xc3, 0x06, 0x41, 
	0x06, 0x41, 0x06, 0x41, 0x06, 0x41, 0x06, 0x41, 
	0x06, 0x41, 0x06, 0x41, 0x06, 0x41, 0x06, 0x41, 
	0x06, 0x41, 0x06, 0x41, 0x06, 0x41, 0x06, 0x41, 
	0x06, 0x41, 0x06, 0x41, 0x06, 0x41, 0x06, 0x41, 
	0x06, 0x41, 0x06, 0x41, 0x06, 0x41, 0x06, 0x41, 
	0x06, 0x41, 0x06, 0x41, 0x06, 0x41, 0x06, 0x41, 
	0x06, 0x41, 0x06, 0x41, 0x06, 0x41, 0x06, 0x41, 
	0x06, 0x41, 0x06, 0x41, 0x06, 0x41, 0x06, 0x41, 
	0x06, 0x41, 0x06, 0x41, 0x06, 0x41, 0x06, 0x41, 
	0x06, 0x41, 0x06, 0x41, 0x06, 0x41, 0x06, 0x41, 
	0x06, 0x41, 0x06, 0x41, 0x06, 0x41, 0x06, 0x41, 
	0x06, 0x41, 0x06, 0x41, 0x06, 0x41, 0x06, 0x41, 
	0x06, 0x41, 0x06, 0x41, 0x06, 0x41, 0x06, 0x41, 
	0x06, 0x41, 0x06, 0x41, 0x06, 0x41, 0x06, 0x41, 
	0x06, 0x41, 0x06, 0x41, 0x06, 0x41, 0x06, 0x41, 
	0x1e, 0x41, 0x35, 0xc1, 0x06, 0x41, 0x06, 0x41, 
	0x06, 0x41, 0x06, 0x41, 0x06, 0x41, 0x06, 0x41, 
	0x06, 0x41, 0x06, 0x41, 0x06, 0x41, 0x06, 0x41, 
	0x06, 0x41, 0x06, 0x41, 0x06, 0x41, 0x06, 0x41, 
	0x06, 0x41, 0x06, 0x41, 0x06, 0x41, 0x06, 0x41, 
	0x06, 0x41, 0x06, 0x41, 0x06, 0x41, 0x06, 0x41, 
	0x06, 0x41, 0x06, 0x41, 0x06, 0x41, 0x06, 0x41, 
	0x06, 0x41, 0x06, 0x41, 0x06, 0x41, 0x06, 0x41, 
	0x06, 0x41, 0x06, 0x41, 0x06, 0x41, 0x06, 0x41, 
	
};

Vtx baldidoor_baldidoor_mesh_layer_1_vtx_0[30] = {
	{{ {0, 131, 120}, 0, {0, 3072}, {127, 0, 0, 255} }},
	{{ {0, 0, 120}, 0, {0, 4096}, {127, 0, 0, 255} }},
	{{ {0, 0, 0}, 0, {1024, 4096}, {127, 0, 0, 255} }},
	{{ {0, 131, 0}, 0, {1024, 3072}, {127, 0, 0, 255} }},
	{{ {0, 0, -120}, 0, {2048, 4096}, {127, 0, 0, 255} }},
	{{ {0, 131, -120}, 0, {2048, 3072}, {127, 0, 0, 255} }},
	{{ {0, 394, 0}, 0, {1024, 1024}, {127, 0, 0, 255} }},
	{{ {0, 263, -120}, 0, {2048, 2048}, {127, 0, 0, 255} }},
	{{ {0, 394, -120}, 0, {2048, 1024}, {127, 0, 0, 255} }},
	{{ {0, 263, 0}, 0, {1024, 2048}, {127, 0, 0, 255} }},
	{{ {0, 394, 120}, 0, {0, 1024}, {127, 0, 0, 255} }},
	{{ {0, 263, 120}, 0, {0, 2048}, {127, 0, 0, 255} }},
	{{ {0, 263, 0}, 0, {1024, 2048}, {127, 0, 0, 255} }},
	{{ {0, 394, 0}, 0, {1024, 1024}, {127, 0, 0, 255} }},
	{{ {0, 525, 120}, 0, {0, 0}, {127, 0, 0, 255} }},
	{{ {0, 394, 120}, 0, {0, 1024}, {127, 0, 0, 255} }},
	{{ {0, 394, 0}, 0, {1024, 1024}, {127, 0, 0, 255} }},
	{{ {0, 525, 0}, 0, {1024, 0}, {127, 0, 0, 255} }},
	{{ {0, 525, 0}, 0, {1024, 0}, {127, 0, 0, 255} }},
	{{ {0, 394, 0}, 0, {1024, 1024}, {127, 0, 0, 255} }},
	{{ {0, 394, -120}, 0, {2048, 1024}, {127, 0, 0, 255} }},
	{{ {0, 525, -120}, 0, {2048, 0}, {127, 0, 0, 255} }},
	{{ {0, 263, 120}, 0, {0, 2048}, {127, 0, 0, 255} }},
	{{ {0, 131, 120}, 0, {0, 3072}, {127, 0, 0, 255} }},
	{{ {0, 131, 0}, 0, {1024, 3072}, {127, 0, 0, 255} }},
	{{ {0, 263, 0}, 0, {1024, 2048}, {127, 0, 0, 255} }},
	{{ {0, 263, 0}, 0, {1024, 2048}, {127, 0, 0, 255} }},
	{{ {0, 131, 0}, 0, {1024, 3072}, {127, 0, 0, 255} }},
	{{ {0, 131, -120}, 0, {2048, 3072}, {127, 0, 0, 255} }},
	{{ {0, 263, -120}, 0, {2048, 2048}, {127, 0, 0, 255} }},
};

Gfx baldidoor_baldidoor_mesh_layer_1_tri_0[] = {
	gsDPLoadSync(),
	gsDPSetTextureImage(G_IM_FMT_RGBA, G_IM_SIZ_16b, 64, baldidoor_mysteryRoom_rgba16),
	gsDPSetTile(G_IM_FMT_RGBA, G_IM_SIZ_16b, 16, 0, 7, 0, G_TX_WRAP | G_TX_NOMIRROR, 0, 0, G_TX_WRAP | G_TX_NOMIRROR, 0, 0),
	gsDPLoadTile(7, 0, 384, 252, 508),
	gsDPSetTile(G_IM_FMT_RGBA, G_IM_SIZ_16b, 16, 0, 0, 0, G_TX_CLAMP | G_TX_NOMIRROR, 0, 0, G_TX_CLAMP | G_TX_NOMIRROR, 0, 0),
	gsDPSetTileSize(0, 0, 384, 252, 508),
	gsSPVertex(baldidoor_baldidoor_mesh_layer_1_vtx_0 + 0, 6, 0),
	gsSP2Triangles(0, 1, 2, 0, 0, 2, 3, 0),
	gsSP2Triangles(3, 2, 4, 0, 3, 4, 5, 0),
	gsDPLoadSync(),
	gsDPSetTile(G_IM_FMT_RGBA, G_IM_SIZ_16b, 8, 0, 7, 0, G_TX_WRAP | G_TX_NOMIRROR, 0, 0, G_TX_WRAP | G_TX_NOMIRROR, 0, 0),
	gsDPLoadTile(7, 128, 128, 252, 256),
	gsDPSetTile(G_IM_FMT_RGBA, G_IM_SIZ_16b, 8, 0, 0, 0, G_TX_CLAMP | G_TX_NOMIRROR, 0, 0, G_TX_CLAMP | G_TX_NOMIRROR, 0, 0),
	gsDPSetTileSize(0, 128, 128, 252, 256),
	gsSPVertex(baldidoor_baldidoor_mesh_layer_1_vtx_0 + 6, 4, 0),
	gsSP2Triangles(0, 1, 2, 0, 0, 3, 1, 0),
	gsDPLoadSync(),
	gsDPSetTile(G_IM_FMT_RGBA, G_IM_SIZ_16b, 9, 0, 7, 0, G_TX_WRAP | G_TX_NOMIRROR, 0, 0, G_TX_WRAP | G_TX_NOMIRROR, 0, 0),
	gsDPLoadTile(7, 0, 128, 128, 256),
	gsDPSetTile(G_IM_FMT_RGBA, G_IM_SIZ_16b, 9, 0, 0, 0, G_TX_CLAMP | G_TX_NOMIRROR, 0, 0, G_TX_CLAMP | G_TX_NOMIRROR, 0, 0),
	gsDPSetTileSize(0, 0, 128, 128, 256),
	gsSPVertex(baldidoor_baldidoor_mesh_layer_1_vtx_0 + 10, 4, 0),
	gsSP2Triangles(0, 1, 2, 0, 0, 2, 3, 0),
	gsDPLoadSync(),
	gsDPLoadTile(7, 0, 0, 128, 128),
	gsDPSetTileSize(0, 0, 0, 128, 128),
	gsSPVertex(baldidoor_baldidoor_mesh_layer_1_vtx_0 + 14, 4, 0),
	gsSP2Triangles(0, 1, 2, 0, 0, 2, 3, 0),
	gsDPLoadSync(),
	gsDPSetTile(G_IM_FMT_RGBA, G_IM_SIZ_16b, 8, 0, 7, 0, G_TX_WRAP | G_TX_NOMIRROR, 0, 0, G_TX_WRAP | G_TX_NOMIRROR, 0, 0),
	gsDPLoadTile(7, 128, 0, 252, 128),
	gsDPSetTile(G_IM_FMT_RGBA, G_IM_SIZ_16b, 8, 0, 0, 0, G_TX_CLAMP | G_TX_NOMIRROR, 0, 0, G_TX_CLAMP | G_TX_NOMIRROR, 0, 0),
	gsDPSetTileSize(0, 128, 0, 252, 128),
	gsSPVertex(baldidoor_baldidoor_mesh_layer_1_vtx_0 + 18, 4, 0),
	gsSP2Triangles(0, 1, 2, 0, 0, 2, 3, 0),
	gsDPLoadSync(),
	gsDPSetTile(G_IM_FMT_RGBA, G_IM_SIZ_16b, 9, 0, 7, 0, G_TX_WRAP | G_TX_NOMIRROR, 0, 0, G_TX_WRAP | G_TX_NOMIRROR, 0, 0),
	gsDPLoadTile(7, 0, 256, 128, 384),
	gsDPSetTile(G_IM_FMT_RGBA, G_IM_SIZ_16b, 9, 0, 0, 0, G_TX_CLAMP | G_TX_NOMIRROR, 0, 0, G_TX_CLAMP | G_TX_NOMIRROR, 0, 0),
	gsDPSetTileSize(0, 0, 256, 128, 384),
	gsSPVertex(baldidoor_baldidoor_mesh_layer_1_vtx_0 + 22, 4, 0),
	gsSP2Triangles(0, 1, 2, 0, 0, 2, 3, 0),
	gsDPLoadSync(),
	gsDPSetTile(G_IM_FMT_RGBA, G_IM_SIZ_16b, 8, 0, 7, 0, G_TX_WRAP | G_TX_NOMIRROR, 0, 0, G_TX_WRAP | G_TX_NOMIRROR, 0, 0),
	gsDPLoadTile(7, 128, 256, 252, 384),
	gsDPSetTile(G_IM_FMT_RGBA, G_IM_SIZ_16b, 8, 0, 0, 0, G_TX_CLAMP | G_TX_NOMIRROR, 0, 0, G_TX_CLAMP | G_TX_NOMIRROR, 0, 0),
	gsDPSetTileSize(0, 128, 256, 252, 384),
	gsSPVertex(baldidoor_baldidoor_mesh_layer_1_vtx_0 + 26, 4, 0),
	gsSP2Triangles(0, 1, 2, 0, 0, 2, 3, 0),
	gsSPEndDisplayList(),
};


Gfx mat_baldidoor_baldidoor[] = {
	gsSPClearGeometryMode(G_CULL_BACK),
	gsDPPipeSync(),
	gsDPSetCombineLERP(0, 0, 0, TEXEL0, 0, 0, 0, ENVIRONMENT, 0, 0, 0, TEXEL0, 0, 0, 0, ENVIRONMENT),
	gsDPSetAlphaDither(G_AD_NOISE),
	gsSPTexture(65535, 65535, 0, 0, 1),
	gsSPEndDisplayList(),
};

Gfx mat_revert_baldidoor_baldidoor[] = {
	gsSPSetGeometryMode(G_CULL_BACK),
	gsDPPipeSync(),
	gsDPSetAlphaDither(G_AD_DISABLE),
	gsSPEndDisplayList(),
};

Gfx baldidoor_baldidoor_mesh_layer_1[] = {
	gsSPDisplayList(mat_baldidoor_baldidoor),
	gsSPDisplayList(baldidoor_baldidoor_mesh_layer_1_tri_0),
	gsSPDisplayList(mat_revert_baldidoor_baldidoor),
	gsDPPipeSync(),
	gsSPSetGeometryMode(G_LIGHTING),
	gsSPClearGeometryMode(G_TEXTURE_GEN),
	gsDPSetCombineLERP(0, 0, 0, SHADE, 0, 0, 0, ENVIRONMENT, 0, 0, 0, SHADE, 0, 0, 0, ENVIRONMENT),
	gsSPTexture(65535, 65535, 0, 0, 0),
	gsDPSetEnvColor(255, 255, 255, 255),
	gsDPSetAlphaCompare(G_AC_NONE),
	gsSPEndDisplayList(),
};

