Gfx rthwomps_nagarekomi_ci8_aligner[] = {gsSPEndDisplayList()};
u8 rthwomps_nagarekomi_ci8[] = {
	0x00, 0x00, 0x01, 0x02, 0x03, 0x04, 0x03, 0x04, 
	0x05, 0x06, 0x07, 0x07, 0x06, 0x06, 0x08, 0x08, 
	0x01, 0x01, 0x09, 0x06, 0x0a, 0x0b, 0x0c, 0x0c, 
	0x08, 0x06, 0x05, 0x08, 0x06, 0x0d, 0x0e, 0x04, 
	0x01, 0x00, 0x01, 0x01, 0x0e, 0x03, 0x0e, 0x04, 
	0x06, 0x05, 0x08, 0x08, 0x06, 0x0f, 0x0f, 0x08, 
	0x09, 0x09, 0x09, 0x01, 0x0a, 0x10, 0x0b, 0x0a, 
	0x08, 0x07, 0x05, 0x05, 0x06, 0x0d, 0x04, 0x06, 
	0x01, 0x02, 0x02, 0x00, 0x00, 0x04, 0x04, 0x0e, 
	0x06, 0x06, 0x05, 0x05, 0x06, 0x0f, 0x11, 0x0f, 
	0x01, 0x06, 0x06, 0x09, 0x0a, 0x10, 0x0b, 0x0b, 
	0x08, 0x06, 0x06, 0x07, 0x04, 0x0e, 0x0e, 0x04, 
	0x01, 0x0f, 0x00, 0x00, 0x00, 0x03, 0x0e, 0x0e, 
	0x05, 0x07, 0x05, 0x06, 0x0f, 0x0f, 0x0f, 0x0f, 
	0x06, 0x09, 0x01, 0x12, 0x0c, 0x10, 0x0b, 0x0b, 
	0x08, 0x05, 0x08, 0x05, 0x06, 0x04, 0x0e, 0x0e, 
	0x0f, 0x04, 0x13, 0x02, 0x0e, 0x07, 0x0e, 0x14, 
	0x05, 0x05, 0x15, 0x15, 0x02, 0x0f, 0x02, 0x0f, 
	0x0f, 0x01, 0x00, 0x00, 0x01, 0x16, 0x16, 0x16, 
	0x05, 0x08, 0x05, 0x08, 0x17, 0x17, 0x17, 0x02, 
	0x02, 0x02, 0x04, 0x02, 0x06, 0x06, 0x0e, 0x0e, 
	0x0f, 0x0f, 0x05, 0x15, 0x0e, 0x07, 0x0f, 0x0f, 
	0x0f, 0x01, 0x01, 0x01, 0x01, 0x16, 0x16, 0x16, 
	0x05, 0x08, 0x07, 0x08, 0x04, 0x02, 0x02, 0x17, 
	0x04, 0x0f, 0x02, 0x02, 0x06, 0x0e, 0x06, 0x0e, 
	0x05, 0x0f, 0x0f, 0x05, 0x0e, 0x07, 0x0f, 0x07, 
	0x0f, 0x02, 0x01, 0x0f, 0x07, 0x07, 0x16, 0x07, 
	0x0f, 0x0f, 0x0f, 0x0f, 0x02, 0x02, 0x00, 0x17, 
	0x0f, 0x0f, 0x0f, 0x02, 0x06, 0x0e, 0x07, 0x0e, 
	0x15, 0x18, 0x0f, 0x05, 0x0e, 0x02, 0x02, 0x02, 
	0x02, 0x02, 0x01, 0x0f, 0x0f, 0x0f, 0x0f, 0x0f, 
	0x0f, 0x07, 0x05, 0x05, 0x00, 0x02, 0x04, 0x04, 
	0x0f, 0x19, 0x0f, 0x19, 0x02, 0x02, 0x07, 0x0e, 
	0x04, 0x0f, 0x0f, 0x0f, 0x06, 0x06, 0x07, 0x03, 
	0x05, 0x04, 0x02, 0x02, 0x1a, 0x1a, 0x1a, 0x1a, 
	0x0e, 0x0e, 0x00, 0x03, 0x02, 0x0e, 0x11, 0x02, 
	0x19, 0x19, 0x02, 0x0f, 0x02, 0x02, 0x02, 0x0e, 
	0x04, 0x0f, 0x02, 0x04, 0x06, 0x07, 0x03, 0x03, 
	0x02, 0x04, 0x05, 0x13, 0x06, 0x15, 0x06, 0x0f, 
	0x00, 0x0e, 0x04, 0x03, 0x0f, 0x02, 0x11, 0x0e, 
	0x02, 0x02, 0x0f, 0x19, 0x02, 0x02, 0x07, 0x0e, 
	0x04, 0x0f, 0x02, 0x04, 0x06, 0x07, 0x03, 0x03, 
	0x02, 0x13, 0x04, 0x04, 0x15, 0x15, 0x15, 0x0f, 
	0x0e, 0x04, 0x04, 0x03, 0x02, 0x0f, 0x0f, 0x11, 
	0x1b, 0x19, 0x19, 0x02, 0x07, 0x0e, 0x0f, 0x02, 
	0x02, 0x02, 0x04, 0x13, 0x1c, 0x03, 0x03, 0x03, 
	0x02, 0x05, 0x05, 0x02, 0x15, 0x15, 0x15, 0x0f, 
	0x03, 0x04, 0x03, 0x03, 0x02, 0x11, 0x0f, 0x0f, 
	0x1d, 0x17, 0x06, 0x0f, 0x02, 0x05, 0x11, 0x05, 
	0x11, 0x07, 0x07, 0x15, 0x01, 0x11, 0x19, 0x01, 
	0x0f, 0x0e, 0x0f, 0x0f, 0x06, 0x06, 0x06, 0x1e, 
	0x0f, 0x06, 0x0f, 0x1e, 0x0f, 0x0f, 0x08, 0x0f, 
	0x17, 0x17, 0x0f, 0x17, 0x02, 0x05, 0x1f, 0x02, 
	0x18, 0x18, 0x11, 0x07, 0x01, 0x19, 0x19, 0x19, 
	0x0f, 0x0f, 0x1d, 0x0f, 0x06, 0x0f, 0x11, 0x1e, 
	0x0f, 0x0f, 0x0f, 0x1e, 0x0f, 0x0f, 0x18, 0x0f, 
	0x0f, 0x0f, 0x06, 0x0f, 0x02, 0x02, 0x11, 0x11, 
	0x18, 0x11, 0x18, 0x07, 0x19, 0x11, 0x01, 0x20, 
	0x0f, 0x0f, 0x21, 0x0f, 0x06, 0x11, 0x11, 0x11, 
	0x06, 0x06, 0x06, 0x0f, 0x0f, 0x11, 0x11, 0x0f, 
	0x17, 0x0f, 0x0f, 0x06, 0x02, 0x02, 0x1f, 0x11, 
	0x11, 0x18, 0x18, 0x15, 0x11, 0x19, 0x11, 0x20, 
	0x0f, 0x0f, 0x21, 0x1d, 0x06, 0x06, 0x11, 0x06, 
	0x0f, 0x06, 0x00, 0x06, 0x0f, 0x11, 0x0f, 0x0f, 
	0x0f, 0x03, 0x0f, 0x03, 0x07, 0x17, 0x07, 0x17, 
	0x0f, 0x1a, 0x0f, 0x0f, 0x18, 0x0f, 0x11, 0x0f, 
	0x11, 0x05, 0x11, 0x0f, 0x07, 0x0e, 0x0f, 0x02, 
	0x07, 0x06, 0x08, 0x06, 0x0f, 0x02, 0x02, 0x02, 
	0x0f, 0x0f, 0x0f, 0x0f, 0x07, 0x17, 0x07, 0x07, 
	0x0f, 0x0f, 0x0f, 0x06, 0x0f, 0x05, 0x11, 0x05, 
	0x0f, 0x05, 0x18, 0x05, 0x02, 0x0e, 0x0f, 0x07, 
	0x07, 0x06, 0x05, 0x06, 0x02, 0x04, 0x02, 0x02, 
	0x03, 0x03, 0x03, 0x0f, 0x07, 0x1d, 0x17, 0x07, 
	0x0f, 0x0f, 0x06, 0x06, 0x0f, 0x0f, 0x0f, 0x05, 
	0x05, 0x05, 0x0f, 0x05, 0x02, 0x02, 0x0f, 0x0f, 
	0x07, 0x05, 0x05, 0x07, 0x0f, 0x0f, 0x02, 0x04, 
	0x1c, 0x03, 0x1d, 0x1d, 0x07, 0x07, 0x1d, 0x01, 
	0x0f, 0x06, 0x0f, 0x06, 0x05, 0x05, 0x05, 0x05, 
	0x05, 0x05, 0x05, 0x05, 0x02, 0x02, 0x0f, 0x0f, 
	0x07, 0x05, 0x06, 0x05, 0x02, 0x0f, 0x02, 0x0f, 
	0x03, 0x0e, 0x03, 0x0f, 0x22, 0x07, 0x0f, 0x07, 
	0x1d, 0x04, 0x04, 0x04, 0x04, 0x19, 0x19, 0x04, 
	0x03, 0x05, 0x05, 0x05, 0x03, 0x05, 0x03, 0x03, 
	0x07, 0x07, 0x06, 0x07, 0x22, 0x19, 0x03, 0x03, 
	0x0e, 0x12, 0x03, 0x0f, 0x07, 0x07, 0x22, 0x07, 
	0x19, 0x04, 0x19, 0x04, 0x19, 0x19, 0x19, 0x19, 
	0x03, 0x1c, 0x05, 0x05, 0x05, 0x03, 0x03, 0x05, 
	0x07, 0x07, 0x1b, 0x1b, 0x09, 0x19, 0x19, 0x19, 
	0x0e, 0x12, 0x0e, 0x0f, 0x07, 0x0f, 0x09, 0x07, 
	0x19, 0x08, 0x04, 0x04, 0x19, 0x19, 0x19, 0x0f, 
	0x03, 0x03, 0x1c, 0x1c, 0x05, 0x03, 0x05, 0x03, 
	0x07, 0x07, 0x0d, 0x06, 0x09, 0x22, 0x03, 0x22, 
	0x0e, 0x12, 0x0e, 0x03, 0x0f, 0x0f, 0x22, 0x22, 
	0x19, 0x08, 0x08, 0x04, 0x19, 0x11, 0x19, 0x11, 
	0x02, 0x03, 0x03, 0x02, 0x05, 0x03, 0x03, 0x05, 
	0x1b, 0x06, 0x0d, 0x06, 0x09, 0x09, 0x22, 0x22, 
	0x1c, 0x03, 0x02, 0x03, 0x17, 0x13, 0x19, 0x13, 
	0x05, 0x05, 0x08, 0x05, 0x0e, 0x19, 0x19, 0x23, 
	0x03, 0x03, 0x03, 0x03, 0x22, 0x19, 0x22, 0x1c, 
	0x04, 0x04, 0x04, 0x24, 0x04, 0x04, 0x24, 0x24, 
	0x03, 0x02, 0x0f, 0x0f, 0x19, 0x13, 0x04, 0x13, 
	0x03, 0x05, 0x05, 0x19, 0x19, 0x11, 0x11, 0x11, 
	0x03, 0x0f, 0x17, 0x0f, 0x19, 0x19, 0x22, 0x22, 
	0x24, 0x17, 0x04, 0x04, 0x17, 0x0d, 0x17, 0x04, 
	0x0f, 0x02, 0x0f, 0x02, 0x19, 0x04, 0x04, 0x19, 
	0x03, 0x05, 0x05, 0x03, 0x19, 0x19, 0x19, 0x0e, 
	0x17, 0x0f, 0x17, 0x0f, 0x19, 0x1c, 0x1c, 0x22, 
	0x0d, 0x17, 0x04, 0x0d, 0x17, 0x0d, 0x17, 0x04, 
	0x0f, 0x02, 0x0f, 0x0f, 0x17, 0x19, 0x04, 0x19, 
	0x03, 0x19, 0x08, 0x03, 0x0e, 0x19, 0x0e, 0x0e, 
	0x17, 0x03, 0x17, 0x03, 0x22, 0x12, 0x1c, 0x22, 
	0x0d, 0x24, 0x04, 0x24, 0x0d, 0x0d, 0x04, 0x24, 
	0x25, 0x25, 0x26, 0x25, 0x03, 0x03, 0x03, 0x03, 
	0x05, 0x1c, 0x27, 0x05, 0x15, 0x28, 0x28, 0x15, 
	0x0f, 0x05, 0x05, 0x07, 0x05, 0x1c, 0x27, 0x1c, 
	0x12, 0x01, 0x1c, 0x1c, 0x14, 0x08, 0x01, 0x06, 
	0x25, 0x25, 0x25, 0x14, 0x0d, 0x1b, 0x0d, 0x03, 
	0x05, 0x27, 0x27, 0x05, 0x28, 0x28, 0x28, 0x28, 
	0x07, 0x07, 0x05, 0x05, 0x05, 0x05, 0x27, 0x0e, 
	0x12, 0x1c, 0x08, 0x12, 0x14, 0x01, 0x08, 0x01, 
	0x08, 0x08, 0x25, 0x14, 0x0d, 0x0d, 0x19, 0x1b, 
	0x1c, 0x1c, 0x02, 0x1c, 0x07, 0x15, 0x15, 0x07, 
	0x0f, 0x0f, 0x0f, 0x05, 0x0e, 0x05, 0x27, 0x0e, 
	0x12, 0x1c, 0x12, 0x12, 0x08, 0x01, 0x01, 0x08, 
	0x14, 0x14, 0x08, 0x08, 0x1b, 0x03, 0x03, 0x1b, 
	0x02, 0x05, 0x05, 0x05, 0x07, 0x07, 0x07, 0x11, 
	0x0f, 0x0f, 0x05, 0x05, 0x0e, 0x05, 0x27, 0x0e, 
	0x12, 0x1c, 0x08, 0x12, 0x14, 0x08, 0x06, 0x01, 
	
};

Gfx rthwomps_nagarekomi_pal_rgba16_aligner[] = {gsSPEndDisplayList()};
u8 rthwomps_nagarekomi_pal_rgba16[] = {
	0xe5, 0xe3, 0xd5, 0x1f, 0xc4, 0xdb, 0xc4, 0xdd, 
	0xcd, 0x1f, 0xcd, 0x1d, 0xcc, 0xdd, 0xc4, 0x9b, 
	0xdd, 0xa1, 0xd5, 0xa1, 0xe5, 0x61, 0xdd, 0x5f, 
	0xed, 0xe5, 0xdd, 0xe3, 0xd5, 0x5f, 0xbc, 0x99, 
	0xdd, 0x1d, 0xb4, 0x57, 0xe6, 0x25, 0xdd, 0xa3, 
	0xee, 0x25, 0xdd, 0x61, 0xe5, 0xa3, 0xb4, 0x99, 
	0x9b, 0xd3, 0xbc, 0x9b, 0xb4, 0x97, 0xcd, 0x5f, 
	0xd5, 0x61, 0xac, 0x57, 0xa3, 0xd3, 0x9b, 0x91, 
	0xa4, 0x15, 0x9b, 0x93, 0xc5, 0x1d, 0xa3, 0xd5, 
	0xbc, 0xdb, 0xcc, 0xdb, 0xc4, 0x99, 0xe5, 0xe5, 
	0xd5, 0x1d, 
};

Gfx rthwomps_ChainLink_ia8_aligner[] = {gsSPEndDisplayList()};
u8 rthwomps_ChainLink_ia8[] = {
	0x2f, 0x2f, 0x2f, 0x2f, 0x2f, 0x2f, 0x1f, 0x4f, 
	0x6f, 0x2f, 0x2f, 0x2f, 0x2f, 0x2f, 0x2f, 0x2f, 
	0x2f, 0x2f, 0x2f, 0x4f, 0x2f, 0x1f, 0x1f, 0x1f, 
	0x4f, 0x2f, 0x2f, 0x4f, 0x2f, 0x1f, 0x1f, 0x1f, 
	0x2f, 0x00, 0x00, 0x00, 0x00, 0x00, 0x00, 0x2f, 
	0x6f, 0x00, 0x00, 0x00, 0x00, 0x00, 0x00, 0x2f, 
	0x2f, 0x00, 0x00, 0x00, 0x00, 0x00, 0x00, 0x2f, 
	0x6f, 0x00, 0x00, 0x00, 0x00, 0x00, 0x00, 0x2f, 
	0x4f, 0x00, 0x00, 0x00, 0x00, 0x00, 0x00, 0x2f, 
	0x6f, 0x00, 0x00, 0x00, 0x00, 0x00, 0x00, 0x2f, 
	0x4f, 0x00, 0x00, 0x00, 0x00, 0x00, 0x00, 0x2f, 
	0x6f, 0x00, 0x00, 0x00, 0x00, 0x00, 0x00, 0x2f, 
	0x6f, 0x00, 0x00, 0x00, 0x00, 0x00, 0x00, 0x4f, 
	0x6f, 0x00, 0x00, 0x00, 0x00, 0x00, 0x00, 0x2f, 
	0x6f, 0x00, 0x00, 0x00, 0x00, 0x00, 0x00, 0x4f, 
	0x6f, 0x00, 0x00, 0x00, 0x00, 0x00, 0x00, 0x4f, 
	0x4f, 0x00, 0x00, 0x00, 0x00, 0x00, 0x00, 0x4f, 
	0x6f, 0x00, 0x00, 0x00, 0x00, 0x00, 0x00, 0x4f, 
	0x6f, 0x00, 0x00, 0x00, 0x00, 0x00, 0x00, 0x4f, 
	0x4f, 0x00, 0x00, 0x00, 0x00, 0x00, 0x00, 0x4f, 
	0x6f, 0x00, 0x00, 0x00, 0x00, 0x00, 0x00, 0x1f, 
	0x6f, 0x00, 0x00, 0x00, 0x00, 0x00, 0x00, 0x2f, 
	0x6f, 0x00, 0x00, 0x00, 0x00, 0x00, 0x00, 0x1f, 
	0x4f, 0x00, 0x00, 0x00, 0x00, 0x00, 0x00, 0x2f, 
	0x6f, 0x00, 0x00, 0x00, 0x00, 0x00, 0x00, 0x1f, 
	0x6f, 0x00, 0x00, 0x00, 0x00, 0x00, 0x00, 0x2f, 
	0x6f, 0x00, 0x00, 0x00, 0x00, 0x00, 0x00, 0x1f, 
	0x2f, 0x00, 0x00, 0x00, 0x00, 0x00, 0x00, 0x2f, 
	0x6f, 0x2f, 0x2f, 0x4f, 0x4f, 0x8f, 0x8f, 0x8f, 
	0x6f, 0x4f, 0x2f, 0x4f, 0x6f, 0x6f, 0x6f, 0x2f, 
	0x6f, 0x2f, 0x2f, 0x4f, 0x4f, 0x8f, 0x8f, 0x8f, 
	0x6f, 0x4f, 0x2f, 0x4f, 0x6f, 0x6f, 0x6f, 0x2f, 
	0x8f, 0x1f, 0x1f, 0x4f, 0x4f, 0x2f, 0x2f, 0x1f, 
	0x1f, 0x1f, 0x1f, 0x4f, 0x4f, 0x1f, 0x1f, 0x2f, 
	0x8f, 0x1f, 0x1f, 0x4f, 0x4f, 0x1f, 0x1f, 0x1f, 
	0x1f, 0x4f, 0x1f, 0x4f, 0x4f, 0x1f, 0x1f, 0x2f, 
	0x8f, 0x00, 0x00, 0x00, 0x00, 0x00, 0x00, 0x4f, 
	0x8f, 0x00, 0x00, 0x00, 0x00, 0x00, 0x00, 0x2f, 
	0x8f, 0x00, 0x00, 0x00, 0x00, 0x00, 0x00, 0x2f, 
	0x8f, 0x00, 0x00, 0x00, 0x00, 0x00, 0x00, 0x2f, 
	0x8f, 0x00, 0x00, 0x00, 0x00, 0x00, 0x00, 0x4f, 
	0x8f, 0x00, 0x00, 0x00, 0x00, 0x00, 0x00, 0x2f, 
	0x8f, 0x00, 0x00, 0x00, 0x00, 0x00, 0x00, 0x2f, 
	0x8f, 0x00, 0x00, 0x00, 0x00, 0x00, 0x00, 0x2f, 
	0x8f, 0x00, 0x00, 0x00, 0x00, 0x00, 0x00, 0x4f, 
	0x8f, 0x00, 0x00, 0x00, 0x00, 0x00, 0x00, 0x4f, 
	0x8f, 0x00, 0x00, 0x00, 0x00, 0x00, 0x00, 0x4f, 
	0x8f, 0x00, 0x00, 0x00, 0x00, 0x00, 0x00, 0x4f, 
	0x6f, 0x00, 0x00, 0x00, 0x00, 0x00, 0x00, 0x1f, 
	0x7f, 0x00, 0x00, 0x00, 0x00, 0x00, 0x00, 0x2f, 
	0x6f, 0x00, 0x00, 0x00, 0x00, 0x00, 0x00, 0x2f, 
	0x7f, 0x00, 0x00, 0x00, 0x00, 0x00, 0x00, 0x2f, 
	0x6f, 0x00, 0x00, 0x00, 0x00, 0x00, 0x00, 0x2f, 
	0x7f, 0x00, 0x00, 0x00, 0x00, 0x00, 0x00, 0x2f, 
	0x5f, 0x00, 0x00, 0x00, 0x00, 0x00, 0x00, 0x2f, 
	0x7f, 0x00, 0x00, 0x00, 0x00, 0x00, 0x00, 0x2f, 
	0x6f, 0x00, 0x00, 0x00, 0x00, 0x00, 0x00, 0x1f, 
	0x7f, 0x00, 0x00, 0x00, 0x00, 0x00, 0x00, 0x2f, 
	0x5f, 0x00, 0x00, 0x00, 0x00, 0x00, 0x00, 0x2f, 
	0x7f, 0x00, 0x00, 0x00, 0x00, 0x00, 0x00, 0x2f, 
	0x8f, 0x8f, 0x6f, 0x5f, 0x4f, 0x2f, 0x2f, 0x2f, 
	0x7f, 0x7f, 0x7f, 0x8f, 0x6f, 0x6f, 0x6f, 0x6f, 
	0x8f, 0x8f, 0x8f, 0x8f, 0x7f, 0x2f, 0x2f, 0x2f, 
	0x7f, 0x7f, 0x7f, 0x7f, 0x8f, 0x8f, 0x8f, 0x7f, 
	0x1f, 0x1f, 0x1f, 0x1f, 0x1f, 0x1f, 0x2f, 0x4f, 
	0x6f, 0x4f, 0x4f, 0x4f, 0x4f, 0x1f, 0x1f, 0x1f, 
	0x1f, 0x1f, 0x4f, 0x4f, 0x1f, 0x1f, 0x1f, 0x2f, 
	0x6f, 0x4f, 0x4f, 0x4f, 0x1f, 0x1f, 0x1f, 0x1f, 
	0x4f, 0x00, 0x00, 0x00, 0x00, 0x00, 0x00, 0x2f, 
	0x5f, 0x00, 0x00, 0x00, 0x00, 0x00, 0x00, 0x2f, 
	0x4f, 0x00, 0x00, 0x00, 0x00, 0x00, 0x00, 0x2f, 
	0x6f, 0x00, 0x00, 0x00, 0x00, 0x00, 0x00, 0x2f, 
	0x4f, 0x00, 0x00, 0x00, 0x00, 0x00, 0x00, 0x2f, 
	0x5f, 0x00, 0x00, 0x00, 0x00, 0x00, 0x00, 0x2f, 
	0x4f, 0x00, 0x00, 0x00, 0x00, 0x00, 0x00, 0x4f, 
	0x5f, 0x00, 0x00, 0x00, 0x00, 0x00, 0x00, 0x2f, 
	0x4f, 0x00, 0x00, 0x00, 0x00, 0x00, 0x00, 0x4f, 
	0x5f, 0x00, 0x00, 0x00, 0x00, 0x00, 0x00, 0x4f, 
	0x4f, 0x00, 0x00, 0x00, 0x00, 0x00, 0x00, 0x2f, 
	0x5f, 0x00, 0x00, 0x00, 0x00, 0x00, 0x00, 0x4f, 
	0x5f, 0x00, 0x00, 0x00, 0x00, 0x00, 0x00, 0x2f, 
	0x5f, 0x00, 0x00, 0x00, 0x00, 0x00, 0x00, 0x2f, 
	0x4f, 0x00, 0x00, 0x00, 0x00, 0x00, 0x00, 0x2f, 
	0x5f, 0x00, 0x00, 0x00, 0x00, 0x00, 0x00, 0x2f, 
	0x6f, 0x00, 0x00, 0x00, 0x00, 0x00, 0x00, 0x2f, 
	0x6f, 0x00, 0x00, 0x00, 0x00, 0x00, 0x00, 0x2f, 
	0x6f, 0x00, 0x00, 0x00, 0x00, 0x00, 0x00, 0x2f, 
	0x5f, 0x00, 0x00, 0x00, 0x00, 0x00, 0x00, 0x2f, 
	0x6f, 0x00, 0x00, 0x00, 0x00, 0x00, 0x00, 0x2f, 
	0x6f, 0x00, 0x00, 0x00, 0x00, 0x00, 0x00, 0x2f, 
	0x6f, 0x00, 0x00, 0x00, 0x00, 0x00, 0x00, 0x2f, 
	0x4f, 0x00, 0x00, 0x00, 0x00, 0x00, 0x00, 0x2f, 
	0x6f, 0x4f, 0x4f, 0x4f, 0x6f, 0x6f, 0x6f, 0x6f, 
	0x6f, 0x6f, 0x5f, 0x4f, 0x6f, 0x6f, 0x6f, 0x2f, 
	0x6f, 0x4f, 0x4f, 0x4f, 0x6f, 0x6f, 0x6f, 0x6f, 
	0x6f, 0x6f, 0x5f, 0x4f, 0x4f, 0x6f, 0x6f, 0x2f, 
	0x8f, 0x1f, 0x1f, 0x4f, 0x4f, 0x1f, 0x2f, 0x1f, 
	0x1f, 0x1f, 0x1f, 0x4f, 0x2f, 0x1f, 0x1f, 0x2f, 
	0x8f, 0x1f, 0x1f, 0x4f, 0x2f, 0x2f, 0x2f, 0x4f, 
	0x4f, 0x2f, 0x2f, 0x2f, 0x2f, 0x2f, 0x2f, 0x2f, 
	0x8f, 0x00, 0x00, 0x00, 0x00, 0x00, 0x00, 0x2f, 
	0x8f, 0x00, 0x00, 0x00, 0x00, 0x00, 0x00, 0x2f, 
	0x8f, 0x00, 0x00, 0x00, 0x00, 0x00, 0x00, 0x2f, 
	0x2f, 0x00, 0x00, 0x00, 0x00, 0x00, 0x00, 0x2f, 
	0x8f, 0x00, 0x00, 0x00, 0x00, 0x00, 0x00, 0x2f, 
	0x8f, 0x00, 0x00, 0x00, 0x00, 0x00, 0x00, 0x4f, 
	0x8f, 0x00, 0x00, 0x00, 0x00, 0x00, 0x00, 0x2f, 
	0x6f, 0x00, 0x00, 0x00, 0x00, 0x00, 0x00, 0x2f, 
	0x8f, 0x00, 0x00, 0x00, 0x00, 0x00, 0x00, 0x4f, 
	0x8f, 0x00, 0x00, 0x00, 0x00, 0x00, 0x00, 0x4f, 
	0x8f, 0x00, 0x00, 0x00, 0x00, 0x00, 0x00, 0x4f, 
	0x6f, 0x00, 0x00, 0x00, 0x00, 0x00, 0x00, 0x2f, 
	0x8f, 0x00, 0x00, 0x00, 0x00, 0x00, 0x00, 0x2f, 
	0x7f, 0x00, 0x00, 0x00, 0x00, 0x00, 0x00, 0x2f, 
	0x6f, 0x00, 0x00, 0x00, 0x00, 0x00, 0x00, 0x1f, 
	0x7f, 0x00, 0x00, 0x00, 0x00, 0x00, 0x00, 0x2f, 
	0x5f, 0x00, 0x00, 0x00, 0x00, 0x00, 0x00, 0x2f, 
	0x7f, 0x00, 0x00, 0x00, 0x00, 0x00, 0x00, 0x2f, 
	0x5f, 0x00, 0x00, 0x00, 0x00, 0x00, 0x00, 0x1f, 
	0x7f, 0x00, 0x00, 0x00, 0x00, 0x00, 0x00, 0x2f, 
	0x5f, 0x00, 0x00, 0x00, 0x00, 0x00, 0x00, 0x2f, 
	0x7f, 0x00, 0x00, 0x00, 0x00, 0x00, 0x00, 0x2f, 
	0x5f, 0x00, 0x00, 0x00, 0x00, 0x00, 0x00, 0x1f, 
	0x7f, 0x00, 0x00, 0x00, 0x00, 0x00, 0x00, 0x2f, 
	0x8f, 0x8f, 0x8f, 0x6f, 0x6f, 0x2f, 0x2f, 0x2f, 
	0x7f, 0x7f, 0x7f, 0x7f, 0x6f, 0x4f, 0x4f, 0x6f, 
	0x8f, 0x8f, 0x8f, 0x8f, 0x8f, 0x8f, 0x4f, 0x1f, 
	0x7f, 0x8f, 0x8f, 0x8f, 0x8f, 0x8f, 0x7f, 0x7f, 
	
};

Gfx rthwomps_uzu_i8_aligner[] = {gsSPEndDisplayList()};
u8 rthwomps_uzu_i8[] = {
	0x40, 0x40, 0x48, 0x58, 0x60, 0x68, 0x68, 0x78, 
	0x78, 0x78, 0x78, 0x80, 0x88, 0x90, 0x98, 0x98, 
	0x98, 0x98, 0x98, 0x90, 0x88, 0x88, 0x98, 0xa8, 
	0xb8, 0xc8, 0xc8, 0xb8, 0xb0, 0x98, 0x88, 0x78, 
	0x70, 0x70, 0x78, 0x88, 0x98, 0xa0, 0xa0, 0xa0, 
	0xa8, 0xa8, 0xb0, 0xa8, 0x98, 0x88, 0x88, 0x80, 
	0x78, 0x78, 0x78, 0x70, 0x68, 0x58, 0x58, 0x58, 
	0x60, 0x70, 0x88, 0x90, 0x88, 0x60, 0x48, 0x48, 
	0x40, 0x40, 0x48, 0x58, 0x60, 0x68, 0x68, 0x78, 
	0x78, 0x78, 0x78, 0x80, 0x88, 0x90, 0x98, 0x98, 
	0x98, 0x98, 0x98, 0x90, 0x88, 0x88, 0x98, 0xa8, 
	0xb8, 0xc8, 0xc8, 0xb8, 0xb0, 0x98, 0x88, 0x78, 
	0x70, 0x70, 0x78, 0x88, 0x98, 0xa0, 0xa0, 0xa0, 
	0xa8, 0xa8, 0xb0, 0xa8, 0x98, 0x88, 0x88, 0x80, 
	0x78, 0x78, 0x78, 0x70, 0x68, 0x58, 0x58, 0x58, 
	0x60, 0x70, 0x88, 0x90, 0x88, 0x60, 0x48, 0x48, 
	0x40, 0x40, 0x48, 0x58, 0x60, 0x68, 0x68, 0x78, 
	0x78, 0x78, 0x78, 0x80, 0x88, 0x90, 0x98, 0x98, 
	0x98, 0x98, 0x98, 0x90, 0x88, 0x88, 0x98, 0xa8, 
	0xb8, 0xc8, 0xc8, 0xb8, 0xb0, 0x98, 0x88, 0x78, 
	0x70, 0x70, 0x78, 0x88, 0x98, 0xa0, 0xa0, 0xa0, 
	0xa8, 0xa8, 0xb0, 0xa8, 0x98, 0x88, 0x88, 0x80, 
	0x78, 0x78, 0x78, 0x70, 0x68, 0x58, 0x58, 0x58, 
	0x60, 0x70, 0x88, 0x90, 0x88, 0x60, 0x48, 0x48, 
	0x40, 0x40, 0x48, 0x58, 0x60, 0x68, 0x68, 0x78, 
	0x78, 0x78, 0x78, 0x80, 0x88, 0x90, 0x98, 0x98, 
	0x98, 0x98, 0x98, 0x90, 0x88, 0x88, 0x98, 0xa8, 
	0xb8, 0xc8, 0xc8, 0xb8, 0xb0, 0x98, 0x88, 0x78, 
	0x70, 0x70, 0x78, 0x88, 0x98, 0xa0, 0xa0, 0xa0, 
	0xa8, 0xa8, 0xb0, 0xa8, 0x98, 0x88, 0x88, 0x80, 
	0x78, 0x78, 0x78, 0x70, 0x68, 0x58, 0x58, 0x58, 
	0x60, 0x70, 0x88, 0x90, 0x88, 0x60, 0x48, 0x48, 
	0x40, 0x40, 0x48, 0x58, 0x60, 0x68, 0x68, 0x78, 
	0x78, 0x78, 0x78, 0x80, 0x88, 0x90, 0x98, 0x98, 
	0x98, 0x98, 0x98, 0x90, 0x88, 0x88, 0x98, 0xa8, 
	0xb8, 0xc8, 0xc8, 0xb8, 0xb0, 0x98, 0x88, 0x78, 
	0x70, 0x70, 0x78, 0x88, 0x98, 0xa0, 0xa0, 0xa0, 
	0xa8, 0xa8, 0xb0, 0xa8, 0x98, 0x88, 0x88, 0x80, 
	0x78, 0x78, 0x78, 0x70, 0x68, 0x58, 0x58, 0x58, 
	0x60, 0x70, 0x88, 0x90, 0x88, 0x60, 0x48, 0x48, 
	0x40, 0x40, 0x48, 0x58, 0x60, 0x68, 0x68, 0x78, 
	0x78, 0x78, 0x78, 0x80, 0x88, 0x90, 0x98, 0x98, 
	0x98, 0x98, 0x98, 0x90, 0x88, 0x88, 0x98, 0xa8, 
	0xb8, 0xc8, 0xc8, 0xb8, 0xb0, 0x98, 0x88, 0x78, 
	0x70, 0x70, 0x78, 0x88, 0x98, 0xa0, 0xa0, 0xa0, 
	0xa8, 0xa8, 0xb0, 0xa8, 0x98, 0x88, 0x88, 0x80, 
	0x78, 0x78, 0x78, 0x70, 0x68, 0x58, 0x58, 0x58, 
	0x60, 0x70, 0x88, 0x90, 0x88, 0x60, 0x48, 0x48, 
	0x40, 0x40, 0x48, 0x58, 0x60, 0x68, 0x68, 0x78, 
	0x78, 0x78, 0x78, 0x80, 0x88, 0x90, 0x98, 0x98, 
	0x98, 0x98, 0x98, 0x90, 0x88, 0x88, 0x98, 0xa8, 
	0xb8, 0xc8, 0xc8, 0xb8, 0xb0, 0x98, 0x88, 0x78, 
	0x70, 0x70, 0x78, 0x88, 0x98, 0xa0, 0xa0, 0xa0, 
	0xa8, 0xa8, 0xb0, 0xa8, 0x98, 0x88, 0x88, 0x80, 
	0x78, 0x78, 0x78, 0x70, 0x68, 0x58, 0x58, 0x58, 
	0x60, 0x70, 0x88, 0x90, 0x88, 0x60, 0x48, 0x48, 
	0x40, 0x40, 0x48, 0x58, 0x60, 0x68, 0x68, 0x78, 
	0x78, 0x78, 0x78, 0x80, 0x88, 0x90, 0x98, 0x98, 
	0x98, 0x98, 0x98, 0x90, 0x88, 0x88, 0x98, 0xa8, 
	0xb8, 0xc8, 0xc8, 0xb8, 0xb0, 0x98, 0x88, 0x78, 
	0x70, 0x70, 0x78, 0x88, 0x98, 0xa0, 0xa0, 0xa0, 
	0xa8, 0xa8, 0xb0, 0xa8, 0x98, 0x88, 0x88, 0x80, 
	0x78, 0x78, 0x78, 0x70, 0x68, 0x58, 0x58, 0x58, 
	0x60, 0x70, 0x88, 0x90, 0x88, 0x60, 0x48, 0x48, 
	0x40, 0x40, 0x48, 0x58, 0x60, 0x68, 0x68, 0x78, 
	0x78, 0x78, 0x78, 0x80, 0x88, 0x90, 0x98, 0x98, 
	0xa0, 0x98, 0x98, 0x98, 0x88, 0x88, 0x98, 0xa8, 
	0xb8, 0xc8, 0xc8, 0xb8, 0xb0, 0x98, 0x88, 0x78, 
	0x70, 0x70, 0x78, 0x88, 0x98, 0xa0, 0xa0, 0xa0, 
	0xa8, 0xa8, 0xb0, 0xa8, 0x98, 0x88, 0x88, 0x80, 
	0x78, 0x78, 0x78, 0x70, 0x68, 0x58, 0x58, 0x58, 
	0x60, 0x70, 0x88, 0x90, 0x88, 0x60, 0x48, 0x48, 
	0x40, 0x40, 0x48, 0x58, 0x60, 0x68, 0x68, 0x78, 
	0x78, 0x78, 0x78, 0x80, 0x88, 0x90, 0x98, 0x98, 
	0xa0, 0x98, 0x98, 0x98, 0x88, 0x88, 0x98, 0xa8, 
	0xb8, 0xc8, 0xc8, 0xb8, 0xb0, 0x98, 0x88, 0x78, 
	0x70, 0x70, 0x78, 0x88, 0x98, 0xa0, 0xa0, 0xa0, 
	0xa8, 0xa8, 0xb0, 0xa8, 0x98, 0x88, 0x88, 0x80, 
	0x78, 0x78, 0x78, 0x70, 0x68, 0x58, 0x58, 0x58, 
	0x60, 0x70, 0x88, 0x90, 0x88, 0x60, 0x48, 0x48, 
	0x40, 0x40, 0x48, 0x58, 0x60, 0x68, 0x68, 0x78, 
	0x78, 0x78, 0x78, 0x80, 0x88, 0x90, 0x98, 0x98, 
	0xa0, 0x98, 0x98, 0x98, 0x88, 0x88, 0x98, 0xa8, 
	0xb8, 0xc8, 0xc8, 0xb8, 0xb0, 0x98, 0x88, 0x78, 
	0x70, 0x70, 0x78, 0x88, 0x98, 0xa0, 0xa0, 0xa0, 
	0xa8, 0xa8, 0xb0, 0xa8, 0x98, 0x88, 0x88, 0x80, 
	0x78, 0x78, 0x78, 0x70, 0x68, 0x58, 0x58, 0x58, 
	0x60, 0x70, 0x88, 0x90, 0x88, 0x60, 0x48, 0x48, 
	0x40, 0x40, 0x48, 0x58, 0x60, 0x68, 0x68, 0x78, 
	0x78, 0x78, 0x78, 0x80, 0x88, 0x90, 0x98, 0x98, 
	0xa0, 0x98, 0x98, 0x98, 0x88, 0x88, 0x98, 0xa8, 
	0xb8, 0xc8, 0xc8, 0xb8, 0xb0, 0x98, 0x88, 0x78, 
	0x70, 0x70, 0x78, 0x88, 0x98, 0xa0, 0xa0, 0xa0, 
	0xa8, 0xa8, 0xb0, 0xa8, 0x98, 0x88, 0x88, 0x80, 
	0x78, 0x78, 0x78, 0x70, 0x68, 0x58, 0x58, 0x58, 
	0x60, 0x70, 0x88, 0x90, 0x88, 0x60, 0x48, 0x48, 
	0x40, 0x40, 0x48, 0x58, 0x60, 0x68, 0x68, 0x78, 
	0x78, 0x78, 0x78, 0x80, 0x88, 0x90, 0x98, 0x98, 
	0xa0, 0x98, 0x98, 0x98, 0x88, 0x88, 0x98, 0xa8, 
	0xb8, 0xc8, 0xc8, 0xb8, 0xb0, 0x98, 0x88, 0x78, 
	0x70, 0x70, 0x78, 0x88, 0x98, 0xa0, 0xa0, 0xa0, 
	0xa8, 0xa8, 0xb0, 0xa8, 0x98, 0x88, 0x88, 0x80, 
	0x78, 0x78, 0x78, 0x70, 0x68, 0x58, 0x58, 0x58, 
	0x60, 0x70, 0x88, 0x90, 0x88, 0x60, 0x48, 0x48, 
	0x40, 0x40, 0x48, 0x58, 0x60, 0x68, 0x68, 0x78, 
	0x78, 0x78, 0x78, 0x80, 0x88, 0x90, 0x98, 0x98, 
	0xa0, 0x98, 0x98, 0x98, 0x88, 0x88, 0x98, 0xa8, 
	0xb8, 0xc8, 0xc8, 0xb8, 0xb0, 0x98, 0x88, 0x78, 
	0x70, 0x70, 0x78, 0x88, 0x98, 0xa0, 0xa0, 0xa0, 
	0xa8, 0xa8, 0xb0, 0xa8, 0x98, 0x88, 0x88, 0x80, 
	0x78, 0x78, 0x78, 0x70, 0x68, 0x58, 0x58, 0x58, 
	0x60, 0x70, 0x88, 0x90, 0x88, 0x60, 0x48, 0x48, 
	0x40, 0x40, 0x48, 0x58, 0x60, 0x68, 0x68, 0x78, 
	0x78, 0x78, 0x78, 0x80, 0x88, 0x90, 0x98, 0x98, 
	0xa0, 0x98, 0x98, 0x98, 0x88, 0x88, 0x98, 0xa8, 
	0xb8, 0xc8, 0xc8, 0xb8, 0xb0, 0x98, 0x88, 0x78, 
	0x70, 0x70, 0x78, 0x88, 0x98, 0xa0, 0xa0, 0xa0, 
	0xa8, 0xa8, 0xb0, 0xa8, 0x98, 0x88, 0x88, 0x80, 
	0x78, 0x78, 0x78, 0x70, 0x68, 0x58, 0x58, 0x58, 
	0x60, 0x70, 0x88, 0x90, 0x88, 0x60, 0x48, 0x48, 
	0x40, 0x40, 0x48, 0x58, 0x60, 0x68, 0x68, 0x78, 
	0x78, 0x78, 0x78, 0x80, 0x88, 0x90, 0x98, 0x98, 
	0xa0, 0x98, 0x98, 0x98, 0x88, 0x88, 0x98, 0xa8, 
	0xb8, 0xc8, 0xc8, 0xb8, 0xb0, 0x98, 0x88, 0x78, 
	0x70, 0x70, 0x78, 0x88, 0x98, 0xa0, 0xa0, 0xa0, 
	0xa8, 0xa8, 0xb0, 0xa8, 0x98, 0x88, 0x88, 0x80, 
	0x78, 0x78, 0x78, 0x70, 0x68, 0x58, 0x58, 0x58, 
	0x60, 0x70, 0x88, 0x90, 0x88, 0x60, 0x48, 0x48, 
	0x40, 0x40, 0x48, 0x58, 0x60, 0x68, 0x68, 0x78, 
	0x78, 0x78, 0x78, 0x80, 0x88, 0x90, 0x98, 0x98, 
	0xa0, 0x98, 0x98, 0x98, 0x88, 0x88, 0x98, 0xa8, 
	0xb8, 0xc8, 0xc8, 0xb8, 0xb0, 0x98, 0x88, 0x78, 
	0x70, 0x70, 0x78, 0x88, 0x98, 0xa0, 0xa0, 0xa0, 
	0xa8, 0xa8, 0xb0, 0xa8, 0x98, 0x88, 0x88, 0x80, 
	0x78, 0x78, 0x78, 0x70, 0x68, 0x58, 0x58, 0x58, 
	0x60, 0x70, 0x88, 0x90, 0x88, 0x60, 0x48, 0x48, 
	0x40, 0x40, 0x48, 0x58, 0x60, 0x68, 0x68, 0x78, 
	0x78, 0x78, 0x78, 0x80, 0x88, 0x90, 0x98, 0x98, 
	0xa0, 0x98, 0x98, 0x98, 0x88, 0x88, 0x98, 0xa8, 
	0xb8, 0xc8, 0xc8, 0xb8, 0xb0, 0x98, 0x88, 0x78, 
	0x70, 0x70, 0x78, 0x88, 0x98, 0xa0, 0xa0, 0xa0, 
	0xa8, 0xa8, 0xb0, 0xa8, 0x98, 0x88, 0x88, 0x80, 
	0x78, 0x78, 0x78, 0x70, 0x68, 0x58, 0x58, 0x58, 
	0x60, 0x70, 0x88, 0x90, 0x88, 0x60, 0x48, 0x48, 
	0x40, 0x40, 0x48, 0x58, 0x60, 0x68, 0x68, 0x78, 
	0x78, 0x78, 0x78, 0x80, 0x88, 0x90, 0x98, 0x98, 
	0xa0, 0x98, 0x98, 0x98, 0x88, 0x88, 0x98, 0xa8, 
	0xb8, 0xc8, 0xc8, 0xb8, 0xb0, 0x98, 0x88, 0x78, 
	0x70, 0x70, 0x78, 0x88, 0x98, 0xa0, 0xa0, 0xa0, 
	0xa8, 0xa8, 0xb0, 0xa8, 0x98, 0x88, 0x88, 0x80, 
	0x78, 0x78, 0x78, 0x70, 0x68, 0x58, 0x58, 0x58, 
	0x60, 0x70, 0x88, 0x90, 0x88, 0x60, 0x48, 0x48, 
	0x40, 0x40, 0x48, 0x58, 0x60, 0x68, 0x68, 0x78, 
	0x78, 0x78, 0x78, 0x80, 0x88, 0x90, 0x98, 0x98, 
	0xa0, 0x98, 0x98, 0x98, 0x88, 0x88, 0x98, 0xa8, 
	0xb8, 0xc8, 0xc8, 0xb8, 0xb0, 0x98, 0x88, 0x78, 
	0x70, 0x70, 0x78, 0x88, 0x98, 0xa0, 0xa0, 0xa0, 
	0xa8, 0xa8, 0xb0, 0xa8, 0x98, 0x88, 0x88, 0x80, 
	0x78, 0x78, 0x78, 0x70, 0x68, 0x58, 0x58, 0x58, 
	0x60, 0x70, 0x88, 0x90, 0x88, 0x60, 0x48, 0x48, 
	0x40, 0x40, 0x48, 0x58, 0x60, 0x68, 0x68, 0x78, 
	0x78, 0x78, 0x78, 0x80, 0x88, 0x90, 0x98, 0x98, 
	0xa0, 0x98, 0x98, 0x98, 0x88, 0x88, 0x98, 0xa8, 
	0xb8, 0xc8, 0xc8, 0xb8, 0xb0, 0x98, 0x88, 0x78, 
	0x70, 0x70, 0x78, 0x88, 0x98, 0xa0, 0xa0, 0xa0, 
	0xa8, 0xa8, 0xb0, 0xa8, 0x98, 0x88, 0x88, 0x80, 
	0x78, 0x78, 0x78, 0x70, 0x68, 0x58, 0x58, 0x58, 
	0x60, 0x70, 0x88, 0x90, 0x88, 0x60, 0x48, 0x48, 
	0x40, 0x40, 0x48, 0x58, 0x60, 0x68, 0x68, 0x78, 
	0x78, 0x78, 0x78, 0x80, 0x88, 0x90, 0x98, 0x98, 
	0xa0, 0x98, 0x98, 0x98, 0x88, 0x88, 0x98, 0xa8, 
	0xb8, 0xc8, 0xc8, 0xb8, 0xb0, 0x98, 0x88, 0x78, 
	0x70, 0x70, 0x78, 0x88, 0x98, 0xa0, 0xa0, 0xa0, 
	0xa8, 0xa8, 0xb0, 0xa8, 0x98, 0x88, 0x88, 0x80, 
	0x78, 0x78, 0x78, 0x70, 0x68, 0x58, 0x58, 0x58, 
	0x60, 0x70, 0x88, 0x90, 0x88, 0x60, 0x48, 0x48, 
	0x40, 0x40, 0x48, 0x58, 0x60, 0x68, 0x68, 0x78, 
	0x78, 0x78, 0x78, 0x80, 0x88, 0x90, 0x98, 0x98, 
	0xa0, 0x98, 0x98, 0x98, 0x88, 0x88, 0x98, 0xa8, 
	0xb8, 0xc8, 0xc8, 0xb8, 0xb0, 0x98, 0x88, 0x78, 
	0x70, 0x70, 0x78, 0x88, 0x98, 0xa0, 0xa0, 0xa0, 
	0xa8, 0xa8, 0xb0, 0xa8, 0x98, 0x88, 0x88, 0x80, 
	0x78, 0x78, 0x78, 0x70, 0x68, 0x58, 0x58, 0x58, 
	0x60, 0x70, 0x88, 0x90, 0x88, 0x60, 0x48, 0x48, 
	0x40, 0x40, 0x48, 0x58, 0x60, 0x68, 0x68, 0x78, 
	0x78, 0x78, 0x78, 0x80, 0x88, 0x90, 0x98, 0x98, 
	0xa0, 0x98, 0x98, 0x98, 0x88, 0x88, 0x98, 0xa8, 
	0xb8, 0xc8, 0xc8, 0xb8, 0xb0, 0x98, 0x88, 0x78, 
	0x70, 0x70, 0x78, 0x88, 0x98, 0xa0, 0xa0, 0xa0, 
	0xa8, 0xa8, 0xb0, 0xa8, 0x98, 0x88, 0x88, 0x80, 
	0x78, 0x78, 0x78, 0x70, 0x68, 0x58, 0x58, 0x58, 
	0x60, 0x70, 0x88, 0x90, 0x88, 0x60, 0x48, 0x48, 
	0x40, 0x40, 0x48, 0x58, 0x60, 0x68, 0x68, 0x78, 
	0x78, 0x78, 0x78, 0x80, 0x88, 0x90, 0x98, 0x98, 
	0xa0, 0x98, 0x98, 0x98, 0x88, 0x88, 0x98, 0xa8, 
	0xb8, 0xc8, 0xc8, 0xb8, 0xb0, 0x98, 0x88, 0x78, 
	0x70, 0x70, 0x78, 0x88, 0x98, 0xa0, 0xa0, 0xa0, 
	0xa8, 0xa8, 0xb0, 0xa8, 0x98, 0x88, 0x88, 0x80, 
	0x78, 0x78, 0x78, 0x70, 0x68, 0x58, 0x58, 0x58, 
	0x60, 0x70, 0x88, 0x90, 0x88, 0x60, 0x48, 0x48, 
	0x40, 0x40, 0x48, 0x58, 0x60, 0x68, 0x68, 0x78, 
	0x78, 0x78, 0x78, 0x80, 0x88, 0x90, 0x98, 0x98, 
	0xa0, 0x98, 0x98, 0x98, 0x88, 0x88, 0x98, 0xa8, 
	0xb8, 0xc8, 0xc8, 0xb8, 0xb0, 0x98, 0x88, 0x78, 
	0x70, 0x70, 0x78, 0x88, 0x98, 0xa0, 0xa0, 0xa0, 
	0xa8, 0xa8, 0xb0, 0xa8, 0x98, 0x88, 0x88, 0x80, 
	0x78, 0x78, 0x78, 0x70, 0x68, 0x58, 0x58, 0x58, 
	0x60, 0x70, 0x88, 0x90, 0x88, 0x60, 0x48, 0x48, 
	0x40, 0x40, 0x48, 0x58, 0x60, 0x68, 0x68, 0x78, 
	0x78, 0x78, 0x78, 0x80, 0x88, 0x90, 0x98, 0x98, 
	0xa0, 0x98, 0x98, 0x98, 0x88, 0x88, 0x98, 0xa8, 
	0xb8, 0xc8, 0xc8, 0xb8, 0xb0, 0x98, 0x88, 0x78, 
	0x70, 0x70, 0x78, 0x88, 0x98, 0xa0, 0xa0, 0xa0, 
	0xa8, 0xa8, 0xb0, 0xa8, 0x98, 0x88, 0x88, 0x80, 
	0x78, 0x78, 0x78, 0x70, 0x68, 0x58, 0x58, 0x58, 
	0x60, 0x70, 0x88, 0x90, 0x88, 0x60, 0x48, 0x48, 
	0x40, 0x40, 0x48, 0x58, 0x60, 0x68, 0x68, 0x78, 
	0x78, 0x78, 0x78, 0x80, 0x88, 0x90, 0x98, 0x98, 
	0xa0, 0x98, 0x98, 0x98, 0x88, 0x88, 0x98, 0xa8, 
	0xb8, 0xc8, 0xc8, 0xb8, 0xb0, 0x98, 0x88, 0x78, 
	0x70, 0x70, 0x78, 0x88, 0x98, 0xa0, 0xa0, 0xa0, 
	0xa8, 0xa8, 0xb0, 0xa8, 0x98, 0x88, 0x88, 0x80, 
	0x78, 0x78, 0x78, 0x70, 0x68, 0x58, 0x58, 0x58, 
	0x60, 0x70, 0x88, 0x90, 0x88, 0x60, 0x48, 0x48, 
	0x40, 0x40, 0x48, 0x58, 0x60, 0x68, 0x68, 0x78, 
	0x78, 0x78, 0x78, 0x80, 0x88, 0x90, 0x98, 0x98, 
	0xa0, 0x98, 0x98, 0x98, 0x88, 0x88, 0x98, 0xa8, 
	0xb8, 0xc8, 0xc8, 0xb8, 0xb0, 0x98, 0x88, 0x78, 
	0x70, 0x70, 0x78, 0x88, 0x98, 0xa0, 0xa0, 0xa0, 
	0xa8, 0xa8, 0xb0, 0xa8, 0x98, 0x88, 0x88, 0x80, 
	0x78, 0x78, 0x78, 0x70, 0x68, 0x58, 0x58, 0x58, 
	0x60, 0x70, 0x88, 0x90, 0x88, 0x60, 0x48, 0x48, 
	0x40, 0x40, 0x48, 0x58, 0x60, 0x68, 0x68, 0x78, 
	0x78, 0x78, 0x78, 0x80, 0x88, 0x90, 0x98, 0x98, 
	0xa0, 0x98, 0x98, 0x98, 0x88, 0x88, 0x98, 0xa8, 
	0xb8, 0xc8, 0xc8, 0xb8, 0xb0, 0x98, 0x88, 0x78, 
	0x70, 0x70, 0x78, 0x88, 0x98, 0xa0, 0xa0, 0xa0, 
	0xa8, 0xa8, 0xb0, 0xa8, 0x98, 0x88, 0x88, 0x80, 
	0x78, 0x78, 0x78, 0x70, 0x68, 0x58, 0x58, 0x58, 
	0x60, 0x70, 0x88, 0x90, 0x88, 0x60, 0x48, 0x48, 
	0x40, 0x40, 0x48, 0x58, 0x60, 0x68, 0x68, 0x78, 
	0x78, 0x78, 0x78, 0x80, 0x88, 0x90, 0x98, 0x98, 
	0xa0, 0x98, 0x98, 0x98, 0x88, 0x88, 0x98, 0xa8, 
	0xb8, 0xc8, 0xc8, 0xb8, 0xb0, 0x98, 0x88, 0x78, 
	0x70, 0x70, 0x78, 0x88, 0x98, 0xa0, 0xa0, 0xa0, 
	0xa8, 0xa8, 0xb0, 0xa8, 0x98, 0x88, 0x88, 0x80, 
	0x78, 0x78, 0x78, 0x70, 0x68, 0x58, 0x58, 0x58, 
	0x60, 0x70, 0x88, 0x90, 0x88, 0x60, 0x48, 0x48, 
	0x40, 0x40, 0x48, 0x58, 0x60, 0x68, 0x68, 0x78, 
	0x78, 0x78, 0x78, 0x80, 0x88, 0x90, 0x98, 0x98, 
	0xa0, 0x98, 0x98, 0x98, 0x88, 0x88, 0x98, 0xa8, 
	0xb8, 0xc8, 0xc8, 0xb8, 0xb0, 0x98, 0x88, 0x78, 
	0x70, 0x70, 0x78, 0x88, 0x98, 0xa0, 0xa0, 0xa0, 
	0xa8, 0xa8, 0xb0, 0xa8, 0x98, 0x88, 0x88, 0x80, 
	0x78, 0x78, 0x78, 0x70, 0x68, 0x58, 0x58, 0x58, 
	0x60, 0x70, 0x88, 0x90, 0x88, 0x60, 0x48, 0x48, 
	0x40, 0x40, 0x48, 0x58, 0x60, 0x68, 0x68, 0x78, 
	0x78, 0x78, 0x78, 0x80, 0x88, 0x90, 0x98, 0x98, 
	0xa0, 0x98, 0x98, 0x98, 0x88, 0x88, 0x98, 0xa8, 
	0xb8, 0xc8, 0xc8, 0xb8, 0xb0, 0x98, 0x88, 0x78, 
	0x70, 0x70, 0x78, 0x88, 0x98, 0xa0, 0xa0, 0xa0, 
	0xa8, 0xa8, 0xb0, 0xa8, 0x98, 0x88, 0x88, 0x80, 
	0x78, 0x78, 0x78, 0x70, 0x68, 0x58, 0x58, 0x58, 
	0x60, 0x70, 0x88, 0x90, 0x88, 0x60, 0x48, 0x48, 
	0x40, 0x40, 0x48, 0x58, 0x60, 0x68, 0x68, 0x78, 
	0x78, 0x78, 0x78, 0x80, 0x88, 0x90, 0x98, 0x98, 
	0xa0, 0x98, 0x98, 0x98, 0x88, 0x88, 0x98, 0xa8, 
	0xb8, 0xc8, 0xc8, 0xb8, 0xb0, 0x98, 0x88, 0x78, 
	0x70, 0x70, 0x78, 0x88, 0x98, 0xa0, 0xa0, 0xa0, 
	0xa8, 0xa8, 0xb0, 0xa8, 0x98, 0x88, 0x88, 0x80, 
	0x78, 0x78, 0x78, 0x70, 0x68, 0x58, 0x58, 0x58, 
	0x60, 0x70, 0x88, 0x90, 0x88, 0x60, 0x48, 0x48, 
	0x40, 0x40, 0x48, 0x58, 0x60, 0x68, 0x68, 0x78, 
	0x78, 0x78, 0x78, 0x80, 0x88, 0x90, 0x98, 0x98, 
	0xa0, 0x98, 0x98, 0x98, 0x88, 0x88, 0x98, 0xa8, 
	0xb8, 0xc8, 0xc8, 0xb8, 0xb0, 0x98, 0x88, 0x78, 
	0x70, 0x70, 0x78, 0x88, 0x98, 0xa0, 0xa0, 0xa0, 
	0xa8, 0xa8, 0xb0, 0xa8, 0x98, 0x88, 0x88, 0x80, 
	0x78, 0x78, 0x78, 0x70, 0x68, 0x58, 0x58, 0x58, 
	0x60, 0x70, 0x88, 0x90, 0x88, 0x60, 0x48, 0x48, 
	0x40, 0x40, 0x48, 0x58, 0x60, 0x68, 0x68, 0x78, 
	0x78, 0x78, 0x78, 0x80, 0x88, 0x90, 0x98, 0x98, 
	0xa0, 0x98, 0x98, 0x98, 0x88, 0x88, 0x98, 0xa8, 
	0xb8, 0xc8, 0xc8, 0xb8, 0xb0, 0x98, 0x88, 0x78, 
	0x70, 0x70, 0x78, 0x88, 0x98, 0xa0, 0xa0, 0xa0, 
	0xa8, 0xa8, 0xb0, 0xa8, 0x98, 0x88, 0x88, 0x80, 
	0x78, 0x78, 0x78, 0x70, 0x68, 0x58, 0x58, 0x58, 
	0x60, 0x70, 0x88, 0x90, 0x88, 0x60, 0x48, 0x48, 
	0x40, 0x40, 0x48, 0x58, 0x60, 0x68, 0x68, 0x78, 
	0x78, 0x78, 0x78, 0x80, 0x88, 0x90, 0x98, 0x98, 
	0xa0, 0x98, 0x98, 0x98, 0x88, 0x88, 0x98, 0xa8, 
	0xb8, 0xc8, 0xc8, 0xb8, 0xb0, 0x98, 0x88, 0x78, 
	0x70, 0x70, 0x78, 0x88, 0x98, 0xa0, 0xa0, 0xa0, 
	0xa8, 0xa8, 0xb0, 0xa8, 0x98, 0x88, 0x88, 0x80, 
	0x78, 0x78, 0x78, 0x70, 0x68, 0x58, 0x58, 0x58, 
	0x60, 0x70, 0x88, 0x90, 0x88, 0x60, 0x48, 0x48, 
	0x40, 0x40, 0x48, 0x58, 0x60, 0x68, 0x68, 0x78, 
	0x78, 0x78, 0x78, 0x80, 0x88, 0x90, 0x98, 0x98, 
	0xa0, 0x98, 0x98, 0x98, 0x88, 0x88, 0x98, 0xa8, 
	0xb8, 0xc8, 0xc8, 0xb8, 0xb0, 0x98, 0x88, 0x78, 
	0x70, 0x70, 0x78, 0x88, 0x98, 0xa0, 0xa0, 0xa0, 
	0xa8, 0xa8, 0xb0, 0xa8, 0x98, 0x88, 0x88, 0x80, 
	0x78, 0x78, 0x78, 0x70, 0x68, 0x58, 0x58, 0x58, 
	0x60, 0x70, 0x88, 0x90, 0x88, 0x60, 0x48, 0x48, 
	0x40, 0x40, 0x48, 0x58, 0x60, 0x68, 0x68, 0x78, 
	0x78, 0x78, 0x78, 0x80, 0x88, 0x90, 0x98, 0x98, 
	0xa0, 0x98, 0x98, 0x98, 0x88, 0x88, 0x98, 0xa8, 
	0xb8, 0xc8, 0xc8, 0xb8, 0xb0, 0x98, 0x88, 0x78, 
	0x70, 0x70, 0x78, 0x88, 0x98, 0xa0, 0xa0, 0xa0, 
	0xa8, 0xa8, 0xb0, 0xa8, 0x98, 0x88, 0x88, 0x80, 
	0x78, 0x78, 0x78, 0x70, 0x68, 0x58, 0x58, 0x58, 
	0x60, 0x70, 0x88, 0x90, 0x88, 0x60, 0x48, 0x48, 
	0x40, 0x40, 0x48, 0x58, 0x60, 0x68, 0x68, 0x78, 
	0x78, 0x78, 0x78, 0x80, 0x88, 0x90, 0x98, 0x98, 
	0xa0, 0x98, 0x98, 0x98, 0x88, 0x88, 0x98, 0xa8, 
	0xb8, 0xc8, 0xc8, 0xb8, 0xb0, 0x98, 0x88, 0x78, 
	0x70, 0x70, 0x78, 0x88, 0x98, 0xa0, 0xa0, 0xa0, 
	0xa8, 0xa8, 0xb0, 0xa8, 0x98, 0x88, 0x88, 0x80, 
	0x78, 0x78, 0x78, 0x70, 0x68, 0x58, 0x58, 0x58, 
	0x60, 0x70, 0x88, 0x90, 0x88, 0x60, 0x48, 0x48, 
	0x40, 0x40, 0x48, 0x58, 0x60, 0x68, 0x68, 0x78, 
	0x78, 0x78, 0x78, 0x80, 0x88, 0x90, 0x98, 0x98, 
	0x98, 0x98, 0x98, 0x98, 0x90, 0x90, 0x98, 0xa8, 
	0xb8, 0xc8, 0xc8, 0xb8, 0xb0, 0x98, 0x88, 0x78, 
	0x70, 0x70, 0x78, 0x88, 0x98, 0xa0, 0xa0, 0xa0, 
	0xa8, 0xa8, 0xb0, 0xa8, 0x98, 0x88, 0x88, 0x80, 
	0x78, 0x78, 0x78, 0x70, 0x68, 0x58, 0x58, 0x58, 
	0x60, 0x70, 0x88, 0x90, 0x88, 0x60, 0x48, 0x48, 
	0x40, 0x40, 0x48, 0x58, 0x60, 0x68, 0x68, 0x78, 
	0x78, 0x78, 0x78, 0x80, 0x88, 0x90, 0x98, 0x98, 
	0x98, 0x98, 0x98, 0x98, 0x90, 0x90, 0x98, 0xa8, 
	0xb8, 0xc8, 0xc8, 0xb8, 0xb0, 0x98, 0x88, 0x78, 
	0x70, 0x70, 0x78, 0x88, 0x98, 0xa0, 0xa0, 0xa0, 
	0xa8, 0xa8, 0xb0, 0xa8, 0x98, 0x88, 0x88, 0x80, 
	0x78, 0x78, 0x78, 0x70, 0x68, 0x58, 0x58, 0x58, 
	0x60, 0x70, 0x88, 0x90, 0x88, 0x60, 0x48, 0x48, 
	0x40, 0x40, 0x48, 0x58, 0x60, 0x68, 0x68, 0x78, 
	0x78, 0x78, 0x78, 0x80, 0x88, 0x90, 0x98, 0x98, 
	0x98, 0x98, 0x98, 0x98, 0x90, 0x90, 0x98, 0xa8, 
	0xb8, 0xc8, 0xc8, 0xb8, 0xb0, 0x98, 0x88, 0x78, 
	0x70, 0x70, 0x78, 0x88, 0x98, 0xa0, 0xa0, 0xa0, 
	0xa8, 0xa8, 0xb0, 0xa8, 0x98, 0x88, 0x88, 0x80, 
	0x78, 0x78, 0x78, 0x70, 0x68, 0x58, 0x58, 0x58, 
	0x60, 0x70, 0x88, 0x90, 0x88, 0x60, 0x48, 0x48, 
	0x40, 0x40, 0x48, 0x58, 0x60, 0x68, 0x68, 0x78, 
	0x78, 0x78, 0x78, 0x80, 0x88, 0x90, 0x98, 0x98, 
	0x98, 0x98, 0x98, 0x98, 0x90, 0x90, 0x98, 0xa8, 
	0xb8, 0xc8, 0xc8, 0xb8, 0xb0, 0x98, 0x88, 0x78, 
	0x70, 0x70, 0x78, 0x88, 0x98, 0xa0, 0xa0, 0xa0, 
	0xa8, 0xa8, 0xb0, 0xa8, 0x98, 0x88, 0x88, 0x80, 
	0x78, 0x78, 0x78, 0x70, 0x68, 0x58, 0x58, 0x58, 
	0x60, 0x70, 0x88, 0x90, 0x88, 0x60, 0x48, 0x48, 
	0x40, 0x40, 0x48, 0x58, 0x60, 0x68, 0x68, 0x78, 
	0x78, 0x78, 0x78, 0x80, 0x88, 0x90, 0x98, 0x98, 
	0x98, 0x98, 0x98, 0x98, 0x90, 0x90, 0x98, 0xa8, 
	0xb8, 0xc8, 0xc8, 0xb8, 0xb0, 0x98, 0x88, 0x78, 
	0x70, 0x70, 0x78, 0x88, 0x98, 0xa0, 0xa0, 0xa0, 
	0xa8, 0xa8, 0xb0, 0xa8, 0x98, 0x88, 0x88, 0x80, 
	0x78, 0x78, 0x78, 0x70, 0x68, 0x58, 0x58, 0x58, 
	0x60, 0x70, 0x88, 0x90, 0x88, 0x68, 0x50, 0x48, 
	0x40, 0x40, 0x48, 0x58, 0x60, 0x68, 0x68, 0x78, 
	0x78, 0x78, 0x78, 0x80, 0x88, 0x90, 0x98, 0x98, 
	0x98, 0x98, 0x98, 0x98, 0x90, 0x90, 0x98, 0xa8, 
	0xb8, 0xc8, 0xc8, 0xb8, 0xb0, 0x98, 0x88, 0x78, 
	0x70, 0x70, 0x78, 0x88, 0x98, 0xa0, 0xa0, 0xa0, 
	0xa8, 0xa8, 0xb0, 0xa8, 0x98, 0x88, 0x88, 0x80, 
	0x78, 0x78, 0x78, 0x70, 0x68, 0x58, 0x58, 0x58, 
	0x60, 0x70, 0x88, 0x90, 0x88, 0x68, 0x50, 0x48, 
	0x40, 0x40, 0x48, 0x58, 0x60, 0x68, 0x68, 0x78, 
	0x78, 0x78, 0x78, 0x80, 0x88, 0x90, 0x98, 0x98, 
	0x98, 0x98, 0x98, 0x98, 0x90, 0x90, 0x98, 0xa8, 
	0xb8, 0xc8, 0xc8, 0xb8, 0xb0, 0x98, 0x88, 0x78, 
	0x70, 0x70, 0x78, 0x88, 0x98, 0xa0, 0xa0, 0xa0, 
	0xa8, 0xa8, 0xb0, 0xa8, 0x98, 0x88, 0x88, 0x80, 
	0x78, 0x78, 0x78, 0x70, 0x68, 0x58, 0x58, 0x58, 
	0x60, 0x70, 0x88, 0x90, 0x88, 0x68, 0x50, 0x48, 
	0x40, 0x40, 0x48, 0x58, 0x60, 0x68, 0x68, 0x78, 
	0x78, 0x78, 0x78, 0x80, 0x88, 0x90, 0x98, 0x98, 
	0x98, 0x98, 0x98, 0x98, 0x90, 0x90, 0x98, 0xa8, 
	0xb8, 0xc8, 0xc8, 0xb8, 0xb0, 0x98, 0x88, 0x78, 
	0x70, 0x70, 0x78, 0x88, 0x98, 0xa0, 0xa0, 0xa0, 
	0xa8, 0xa8, 0xb0, 0xa8, 0x98, 0x88, 0x88, 0x80, 
	0x78, 0x78, 0x78, 0x70, 0x68, 0x58, 0x58, 0x58, 
	0x60, 0x70, 0x88, 0x90, 0x88, 0x68, 0x50, 0x48, 
	0x40, 0x40, 0x48, 0x58, 0x60, 0x68, 0x68, 0x78, 
	0x78, 0x78, 0x78, 0x80, 0x88, 0x90, 0x98, 0x98, 
	0x98, 0x98, 0x98, 0x98, 0x90, 0x90, 0x98, 0xa8, 
	0xb8, 0xc8, 0xc8, 0xb8, 0xb0, 0x98, 0x88, 0x78, 
	0x70, 0x70, 0x78, 0x88, 0x98, 0xa0, 0xa0, 0xa0, 
	0xa8, 0xa8, 0xb0, 0xa8, 0x98, 0x88, 0x88, 0x80, 
	0x78, 0x78, 0x78, 0x70, 0x68, 0x58, 0x58, 0x58, 
	0x60, 0x70, 0x88, 0x90, 0x88, 0x68, 0x50, 0x48, 
	0x40, 0x40, 0x48, 0x58, 0x60, 0x68, 0x68, 0x78, 
	0x78, 0x78, 0x78, 0x80, 0x88, 0x90, 0x98, 0x98, 
	0x98, 0x98, 0x98, 0x98, 0x90, 0x90, 0x98, 0xa8, 
	0xb8, 0xc8, 0xc8, 0xb8, 0xb0, 0x98, 0x88, 0x78, 
	0x70, 0x70, 0x78, 0x88, 0x98, 0xa0, 0xa0, 0xa0, 
	0xa8, 0xa8, 0xb0, 0xa8, 0x98, 0x88, 0x88, 0x80, 
	0x78, 0x78, 0x78, 0x70, 0x68, 0x58, 0x58, 0x58, 
	0x60, 0x70, 0x88, 0x90, 0x88, 0x68, 0x50, 0x48, 
	0x40, 0x40, 0x48, 0x58, 0x60, 0x68, 0x68, 0x78, 
	0x78, 0x78, 0x78, 0x80, 0x88, 0x90, 0x98, 0x98, 
	0x98, 0x98, 0x98, 0x98, 0x90, 0x90, 0x98, 0xa8, 
	0xb8, 0xc8, 0xc8, 0xb8, 0xb0, 0x98, 0x88, 0x78, 
	0x70, 0x70, 0x78, 0x88, 0x98, 0xa0, 0xa0, 0xa0, 
	0xa8, 0xa8, 0xb0, 0xa8, 0x98, 0x88, 0x88, 0x80, 
	0x78, 0x78, 0x78, 0x70, 0x68, 0x58, 0x58, 0x58, 
	0x60, 0x70, 0x88, 0x90, 0x88, 0x68, 0x50, 0x48, 
	0x40, 0x40, 0x48, 0x58, 0x60, 0x68, 0x68, 0x78, 
	0x78, 0x78, 0x78, 0x80, 0x88, 0x90, 0x98, 0x98, 
	0x98, 0x98, 0x98, 0x98, 0x90, 0x90, 0x98, 0xa8, 
	0xb8, 0xc8, 0xc8, 0xb8, 0xb0, 0x98, 0x88, 0x78, 
	0x70, 0x70, 0x78, 0x88, 0x98, 0xa0, 0xa0, 0xa0, 
	0xa8, 0xa8, 0xb0, 0xa8, 0x98, 0x88, 0x88, 0x80, 
	0x78, 0x78, 0x78, 0x70, 0x68, 0x58, 0x58, 0x58, 
	0x60, 0x70, 0x88, 0x90, 0x88, 0x68, 0x50, 0x48, 
	0x40, 0x40, 0x48, 0x58, 0x60, 0x68, 0x68, 0x78, 
	0x78, 0x78, 0x78, 0x80, 0x88, 0x90, 0x98, 0x98, 
	0x98, 0x98, 0x98, 0x98, 0x90, 0x90, 0x98, 0xa8, 
	0xb8, 0xc8, 0xc8, 0xb8, 0xb0, 0x98, 0x88, 0x78, 
	0x70, 0x70, 0x78, 0x88, 0x98, 0xa0, 0xa0, 0xa0, 
	0xa8, 0xa8, 0xb0, 0xa8, 0x98, 0x88, 0x88, 0x80, 
	0x78, 0x78, 0x78, 0x70, 0x68, 0x58, 0x58, 0x58, 
	0x60, 0x70, 0x88, 0x90, 0x88, 0x68, 0x50, 0x48, 
	0x40, 0x40, 0x48, 0x58, 0x60, 0x68, 0x68, 0x78, 
	0x78, 0x78, 0x78, 0x80, 0x88, 0x90, 0x98, 0x98, 
	0x98, 0x98, 0x98, 0x98, 0x90, 0x90, 0x98, 0xa8, 
	0xb8, 0xc8, 0xc8, 0xb8, 0xb0, 0x98, 0x88, 0x78, 
	0x70, 0x70, 0x78, 0x88, 0x98, 0xa0, 0xa0, 0xa0, 
	0xa8, 0xa8, 0xb0, 0xa8, 0x98, 0x88, 0x88, 0x80, 
	0x78, 0x78, 0x78, 0x70, 0x68, 0x58, 0x58, 0x58, 
	0x60, 0x70, 0x88, 0x90, 0x88, 0x68, 0x50, 0x48, 
	0x40, 0x40, 0x48, 0x58, 0x60, 0x68, 0x68, 0x78, 
	0x78, 0x78, 0x78, 0x80, 0x88, 0x90, 0x98, 0x98, 
	0x98, 0x98, 0x98, 0x98, 0x90, 0x90, 0x98, 0xa8, 
	0xb8, 0xc8, 0xc8, 0xb8, 0xb0, 0x98, 0x88, 0x78, 
	0x70, 0x70, 0x78, 0x88, 0x98, 0xa0, 0xa0, 0xa0, 
	0xa8, 0xa8, 0xb0, 0xa8, 0x98, 0x88, 0x88, 0x80, 
	0x78, 0x78, 0x78, 0x70, 0x68, 0x58, 0x58, 0x58, 
	0x60, 0x70, 0x88, 0x90, 0x88, 0x68, 0x50, 0x48, 
	0x40, 0x40, 0x48, 0x58, 0x60, 0x68, 0x68, 0x78, 
	0x78, 0x78, 0x78, 0x80, 0x88, 0x90, 0x98, 0x98, 
	0x98, 0x98, 0x98, 0x98, 0x90, 0x90, 0x98, 0xa8, 
	0xb8, 0xc8, 0xc8, 0xb8, 0xb0, 0x98, 0x88, 0x78, 
	0x70, 0x70, 0x78, 0x88, 0x98, 0xa0, 0xa0, 0xa0, 
	0xa8, 0xa8, 0xb0, 0xa8, 0x98, 0x88, 0x88, 0x80, 
	0x78, 0x78, 0x78, 0x70, 0x68, 0x58, 0x58, 0x58, 
	0x60, 0x70, 0x88, 0x90, 0x88, 0x68, 0x50, 0x48, 
	0x40, 0x40, 0x48, 0x58, 0x60, 0x68, 0x68, 0x78, 
	0x78, 0x78, 0x78, 0x80, 0x88, 0x90, 0x98, 0x98, 
	0x98, 0x98, 0x98, 0x98, 0x90, 0x90, 0x98, 0xa8, 
	0xb8, 0xc8, 0xc8, 0xb8, 0xb0, 0x98, 0x88, 0x78, 
	0x70, 0x70, 0x78, 0x88, 0x98, 0xa0, 0xa0, 0xa0, 
	0xa8, 0xa8, 0xb0, 0xa8, 0x98, 0x88, 0x88, 0x80, 
	0x78, 0x78, 0x78, 0x70, 0x68, 0x58, 0x58, 0x58, 
	0x60, 0x70, 0x88, 0x90, 0x88, 0x68, 0x50, 0x48, 
	0x40, 0x40, 0x48, 0x58, 0x60, 0x68, 0x68, 0x78, 
	0x78, 0x78, 0x78, 0x80, 0x88, 0x90, 0x98, 0x98, 
	0x98, 0x98, 0x98, 0x98, 0x90, 0x90, 0x98, 0xa8, 
	0xb8, 0xc8, 0xc8, 0xb8, 0xb0, 0x98, 0x88, 0x78, 
	0x70, 0x70, 0x78, 0x88, 0x98, 0xa0, 0xa0, 0xa0, 
	0xa8, 0xa8, 0xb0, 0xa8, 0x98, 0x88, 0x88, 0x80, 
	0x78, 0x78, 0x78, 0x70, 0x68, 0x58, 0x58, 0x58, 
	0x60, 0x70, 0x88, 0x90, 0x88, 0x68, 0x50, 0x48, 
	0x40, 0x40, 0x48, 0x58, 0x60, 0x68, 0x68, 0x78, 
	0x78, 0x78, 0x78, 0x80, 0x88, 0x90, 0x98, 0x98, 
	0x98, 0x98, 0x98, 0x98, 0x90, 0x90, 0x98, 0xa8, 
	0xb8, 0xc8, 0xc8, 0xb8, 0xb0, 0x98, 0x88, 0x78, 
	0x70, 0x70, 0x78, 0x88, 0x98, 0xa0, 0xa0, 0xa0, 
	0xa8, 0xa8, 0xb0, 0xa8, 0x98, 0x88, 0x88, 0x80, 
	0x78, 0x78, 0x78, 0x70, 0x68, 0x58, 0x58, 0x58, 
	0x60, 0x70, 0x88, 0x90, 0x88, 0x68, 0x50, 0x48, 
	0x40, 0x40, 0x48, 0x58, 0x60, 0x68, 0x68, 0x78, 
	0x78, 0x78, 0x78, 0x80, 0x88, 0x90, 0x98, 0x98, 
	0x98, 0x98, 0x98, 0x98, 0x90, 0x90, 0x98, 0xa8, 
	0xb8, 0xc8, 0xc8, 0xb8, 0xb0, 0x98, 0x88, 0x78, 
	0x70, 0x70, 0x78, 0x88, 0x98, 0xa0, 0xa0, 0xa0, 
	0xa8, 0xa8, 0xb0, 0xa8, 0x98, 0x88, 0x88, 0x80, 
	0x78, 0x78, 0x78, 0x70, 0x68, 0x58, 0x58, 0x58, 
	0x60, 0x70, 0x88, 0x90, 0x88, 0x68, 0x50, 0x48, 
	0x40, 0x40, 0x48, 0x58, 0x60, 0x68, 0x68, 0x78, 
	0x78, 0x78, 0x78, 0x80, 0x88, 0x90, 0x98, 0x98, 
	0x98, 0x98, 0x98, 0x98, 0x90, 0x90, 0x98, 0xa8, 
	0xb8, 0xc8, 0xc8, 0xb8, 0xb0, 0x98, 0x88, 0x78, 
	0x70, 0x70, 0x78, 0x88, 0x98, 0xa0, 0xa0, 0xa8, 
	0xa8, 0xb0, 0xb0, 0xa8, 0xa0, 0x90, 0x88, 0x80, 
	0x78, 0x78, 0x78, 0x70, 0x68, 0x58, 0x58, 0x58, 
	0x60, 0x70, 0x88, 0x90, 0x88, 0x68, 0x50, 0x48, 
	0x40, 0x40, 0x48, 0x58, 0x60, 0x68, 0x68, 0x78, 
	0x78, 0x78, 0x78, 0x80, 0x88, 0x90, 0x98, 0x98, 
	0x98, 0x98, 0x98, 0x98, 0x90, 0x90, 0x98, 0xa8, 
	0xb8, 0xc8, 0xc8, 0xb8, 0xb0, 0x98, 0x88, 0x78, 
	0x70, 0x70, 0x78, 0x88, 0x98, 0xa0, 0xa0, 0xa8, 
	0xa8, 0xb0, 0xb0, 0xa8, 0xa0, 0x90, 0x88, 0x80, 
	0x78, 0x78, 0x78, 0x70, 0x68, 0x58, 0x58, 0x58, 
	0x60, 0x70, 0x88, 0x90, 0x88, 0x68, 0x50, 0x48, 
	0x40, 0x40, 0x48, 0x58, 0x60, 0x68, 0x68, 0x78, 
	0x78, 0x78, 0x78, 0x80, 0x88, 0x90, 0x98, 0x98, 
	0x98, 0x98, 0x98, 0x98, 0x90, 0x90, 0x98, 0xa8, 
	0xb8, 0xc8, 0xc8, 0xb8, 0xb0, 0x98, 0x88, 0x78, 
	0x70, 0x70, 0x78, 0x88, 0x98, 0xa0, 0xa0, 0xa8, 
	0xa8, 0xb0, 0xb0, 0xa8, 0xa0, 0x90, 0x88, 0x88, 
	0x78, 0x78, 0x78, 0x70, 0x68, 0x58, 0x58, 0x58, 
	0x60, 0x70, 0x88, 0x90, 0x88, 0x68, 0x50, 0x50, 
	0x40, 0x40, 0x48, 0x58, 0x60, 0x68, 0x68, 0x78, 
	0x78, 0x78, 0x78, 0x80, 0x88, 0x90, 0x98, 0x98, 
	0x98, 0x98, 0x98, 0x98, 0x90, 0x90, 0x98, 0xa8, 
	0xb8, 0xc8, 0xc8, 0xb8, 0xb0, 0x98, 0x88, 0x78, 
	0x70, 0x70, 0x78, 0x88, 0x98, 0xa0, 0xa0, 0xa8, 
	0xa8, 0xb0, 0xb0, 0xa8, 0xa0, 0x90, 0x88, 0x88, 
	0x78, 0x78, 0x78, 0x70, 0x68, 0x58, 0x58, 0x58, 
	0x60, 0x70, 0x88, 0x90, 0x88, 0x68, 0x50, 0x50, 
	
};

Gfx rthwomps_desertTrim_rgba16_aligner[] = {gsSPEndDisplayList()};
u8 rthwomps_desertTrim_rgba16[] = {
	0x39, 0x01, 0x41, 0x81, 0x51, 0xc3, 0x5a, 0x05, 
	0x62, 0x89, 0x6a, 0x89, 0x5a, 0x47, 0x62, 0x07, 
	0x51, 0xc5, 0x49, 0x83, 0x5a, 0x47, 0x72, 0xcb, 
	0x52, 0x05, 0x41, 0x83, 0x51, 0xc3, 0x49, 0x81, 
	0x41, 0x41, 0x51, 0xc3, 0x5a, 0x03, 0x5a, 0x03, 
	0x6a, 0x87, 0x5a, 0x07, 0x62, 0x49, 0x6a, 0x87, 
	0x5a, 0x05, 0x5a, 0x05, 0x62, 0x47, 0x5a, 0x05, 
	0x51, 0xc3, 0x49, 0x83, 0x5a, 0x07, 0x49, 0x81, 
	0x39, 0x01, 0x41, 0x81, 0x51, 0xc3, 0x5a, 0x05, 
	0x62, 0x89, 0x6a, 0x89, 0x5a, 0x47, 0x62, 0x07, 
	0x51, 0xc5, 0x49, 0x83, 0x5a, 0x47, 0x72, 0xcb, 
	0x52, 0x05, 0x41, 0x83, 0x51, 0xc3, 0x49, 0x81, 
	0x41, 0x41, 0x51, 0xc3, 0x5a, 0x03, 0x5a, 0x03, 
	0x6a, 0x87, 0x5a, 0x07, 0x62, 0x49, 0x6a, 0x87, 
	0x5a, 0x05, 0x5a, 0x05, 0x62, 0x47, 0x5a, 0x05, 
	0x51, 0xc3, 0x49, 0x83, 0x5a, 0x07, 0x49, 0x81, 
	0x10, 0x01, 0xa3, 0xcb, 0x8a, 0xc5, 0x8a, 0xc5, 
	0x62, 0x4b, 0x93, 0x47, 0xac, 0x9b, 0xa4, 0x97, 
	0xac, 0x9b, 0xac, 0x9b, 0xac, 0x9d, 0xac, 0x9d, 
	0xa4, 0x97, 0xac, 0x9b, 0xac, 0x9d, 0xac, 0x9d, 
	0x93, 0x4b, 0x8b, 0x49, 0x93, 0x8b, 0x93, 0x89, 
	0x93, 0x49, 0x93, 0xcb, 0x9b, 0xcb, 0xbd, 0x61, 
	0x83, 0x0d, 0x00, 0x01, 0x28, 0x41, 0x20, 0x01, 
	0x38, 0x81, 0x20, 0x01, 0x30, 0x81, 0x8b, 0x91, 
	0x82, 0x01, 0x93, 0x47, 0x82, 0x83, 0x8a, 0xc7, 
	0x8a, 0xc5, 0x82, 0xc5, 0x82, 0x43, 0x8a, 0x83, 
	0x82, 0x83, 0x93, 0x05, 0x82, 0x83, 0x82, 0x83, 
	0x52, 0x05, 0x61, 0x81, 0x93, 0x89, 0x93, 0x49, 
	0x7a, 0x41, 0x9c, 0x0d, 0x93, 0x8b, 0x9c, 0x0f, 
	0xa4, 0x53, 0xa4, 0x95, 0xac, 0x97, 0xac, 0xdd, 
	0x83, 0x0d, 0x82, 0x43, 0x93, 0x89, 0x9c, 0x0d, 
	0x93, 0xcb, 0xa4, 0x4f, 0x93, 0xcf, 0x8b, 0x91, 
	0x93, 0x47, 0xa4, 0x0d, 0x9b, 0xcb, 0x9b, 0xc9, 
	0x8b, 0x91, 0xac, 0x91, 0xbd, 0x1f, 0xb4, 0xdd, 
	0xb4, 0x99, 0xbc, 0xdb, 0xbd, 0x21, 0xbd, 0x1f, 
	0xbd, 0x61, 0xc5, 0x61, 0xbd, 0x61, 0xa4, 0x51, 
	0xa4, 0x51, 0xa4, 0x0f, 0xa4, 0x0d, 0x9b, 0xcd, 
	0x9b, 0x8b, 0x93, 0x8b, 0xac, 0x4f, 0xcd, 0xe7, 
	0x83, 0x4f, 0x30, 0x81, 0x92, 0xc7, 0x92, 0xc7, 
	0x7a, 0x43, 0x72, 0x03, 0xb4, 0x93, 0x94, 0x17, 
	0x83, 0x4d, 0x93, 0xd1, 0x93, 0xd3, 0x83, 0x4f, 
	0x8b, 0x91, 0x8b, 0x51, 0x72, 0xcb, 0x6a, 0x89, 
	0x6a, 0x47, 0x72, 0xc9, 0x7a, 0xcd, 0x72, 0x8b, 
	0x73, 0x0d, 0x7a, 0x03, 0x9b, 0x8b, 0x93, 0x49, 
	0xac, 0x4f, 0xac, 0x51, 0xb4, 0x97, 0xa4, 0x93, 
	0xb4, 0x95, 0xac, 0x95, 0xa4, 0x51, 0xbd, 0x1d, 
	0x83, 0x4f, 0x72, 0xcd, 0x83, 0x0d, 0x83, 0x0f, 
	0x6a, 0xc9, 0x6a, 0x8b, 0x94, 0x15, 0x94, 0x17, 
	0xac, 0x0d, 0xa4, 0x0d, 0x92, 0xc7, 0x9b, 0xcb, 
	0x93, 0xd5, 0xb4, 0x93, 0xc5, 0x61, 0xcd, 0xa3, 
	0xc5, 0x5d, 0xc5, 0x1d, 0xcd, 0xa3, 0xcd, 0xa5, 
	0xcd, 0xa3, 0xcd, 0xa3, 0xbc, 0xd7, 0xb4, 0x95, 
	0xb4, 0x95, 0xb4, 0x95, 0xac, 0x53, 0xac, 0x51, 
	0xac, 0x0f, 0xb4, 0x51, 0xb4, 0x91, 0xd6, 0x27, 
	0x83, 0x4f, 0x49, 0x41, 0x9b, 0xcd, 0x8a, 0x87, 
	0x72, 0x05, 0x8a, 0x87, 0xd5, 0x9b, 0x9c, 0x97, 
	0x28, 0x81, 0x59, 0xc3, 0x51, 0x81, 0x6a, 0x05, 
	0x8a, 0x87, 0x8a, 0x87, 0x93, 0x09, 0x8a, 0x87, 
	0x8a, 0xc7, 0x82, 0x85, 0x7a, 0x85, 0x9b, 0x8b, 
	0x8b, 0x93, 0x62, 0x05, 0xa4, 0x0f, 0xac, 0x51, 
	0xac, 0x93, 0xbc, 0xd9, 0xbc, 0xd7, 0xb4, 0x95, 
	0xc5, 0x19, 0xbc, 0x95, 0xbc, 0x95, 0xb4, 0x91, 
	0x93, 0x49, 0x93, 0x09, 0x7a, 0x87, 0x93, 0x09, 
	0x93, 0x09, 0x93, 0x8b, 0xc5, 0x17, 0x9c, 0x97, 
	0x9b, 0x89, 0xa3, 0xcd, 0x9b, 0x4b, 0xa3, 0xcd, 
	0x8b, 0x93, 0xbc, 0x95, 0xd5, 0xe5, 0xcd, 0xe5, 
	0xcd, 0x61, 0xcd, 0xe5, 0xcd, 0x9f, 0xcd, 0xa3, 
	0xd5, 0xe3, 0xbc, 0xd7, 0xc4, 0xd9, 0xbc, 0xd7, 
	0xbc, 0xd9, 0xbc, 0xd9, 0xbc, 0x95, 0xb4, 0x95, 
	0xac, 0x53, 0xac, 0x51, 0xb4, 0x95, 0xd6, 0x27, 
	0x8b, 0x91, 0x49, 0x41, 0x92, 0xc7, 0x72, 0x05, 
	0x6a, 0x05, 0x72, 0x47, 0xb4, 0x51, 0x73, 0x0d, 
	0x41, 0x01, 0xbc, 0x97, 0xac, 0x4f, 0xa4, 0x0d, 
	0xb4, 0x91, 0xb4, 0x93, 0xa4, 0x0d, 0xb4, 0x91, 
	0xac, 0x4d, 0xac, 0x0f, 0xa3, 0xcd, 0xbd, 0x19, 
	0x93, 0xd3, 0x72, 0x47, 0xb4, 0x95, 0xa4, 0x0f, 
	0xb4, 0x93, 0xbc, 0xd5, 0xb4, 0x93, 0xb4, 0x93, 
	0xb4, 0x95, 0xc4, 0xd7, 0xb4, 0x91, 0xac, 0x51, 
	0xb4, 0x93, 0xbc, 0xd7, 0xac, 0x93, 0xbc, 0xd7, 
	0xbc, 0xd7, 0xb4, 0x95, 0xc4, 0xd7, 0x73, 0x0d, 
	0xac, 0x0b, 0xa3, 0xcd, 0xac, 0x0f, 0xa4, 0x0b, 
	0x93, 0xd3, 0xcd, 0xa3, 0xe6, 0xad, 0xde, 0x6d, 
	0xde, 0x29, 0xde, 0xad, 0xd6, 0x29, 0xde, 0x6d, 
	0xcd, 0xa1, 0xcd, 0xa3, 0xd5, 0xa3, 0xc5, 0x5f, 
	0xc5, 0x1d, 0xc5, 0x61, 0xcd, 0xe5, 0xd5, 0xe5, 
	0xcd, 0xe7, 0xde, 0x27, 0xd6, 0x27, 0xde, 0x6d, 
	0x93, 0x91, 0x59, 0x81, 0x8a, 0x87, 0x72, 0x45, 
	0x59, 0xc3, 0x93, 0x09, 0xc4, 0x93, 0x8b, 0x51, 
	0x41, 0x01, 0xb4, 0x91, 0xa4, 0x0d, 0x93, 0x49, 
	0xac, 0x0d, 0xac, 0x0f, 0xac, 0x0f, 0xac, 0x4f, 
	0xab, 0xcd, 0xa3, 0xcd, 0x9b, 0x8b, 0xac, 0x4f, 
	0x8b, 0x91, 0x8a, 0xc9, 0xa4, 0x11, 0xac, 0x95, 
	0xb4, 0x95, 0xc5, 0x5b, 0xc5, 0x19, 0xa4, 0x0f, 
	0xbc, 0xd7, 0xc5, 0x19, 0xc4, 0xd5, 0xbc, 0xd3, 
	0xb4, 0x93, 0xbc, 0x95, 0xbc, 0x97, 0xb4, 0x95, 
	0xb4, 0x95, 0xa3, 0xcd, 0xac, 0x53, 0x8b, 0x51, 
	0xb4, 0x0d, 0xbc, 0x91, 0xbc, 0x91, 0xb4, 0x51, 
	0xac, 0x99, 0x94, 0x57, 0x9c, 0x17, 0x9c, 0x57, 
	0x9c, 0x59, 0x9c, 0x59, 0xa4, 0x99, 0xa4, 0x99, 
	0x9c, 0x57, 0x9c, 0x57, 0x94, 0x17, 0x93, 0xd1, 
	0x7b, 0x0d, 0x93, 0x91, 0x93, 0x91, 0x94, 0x15, 
	0x94, 0x17, 0xac, 0x99, 0xac, 0x97, 0xac, 0x57, 
	0xac, 0x57, 0x59, 0x85, 0x9b, 0x4b, 0x9b, 0x8d, 
	0xb4, 0x91, 0xac, 0x51, 0xe5, 0x9d, 0xb4, 0x99, 
	0x6a, 0x47, 0xc4, 0x95, 0xbc, 0x91, 0x9b, 0x8d, 
	0xb4, 0x51, 0xac, 0x0f, 0xb4, 0x93, 0xb4, 0x51, 
	0xac, 0x0f, 0xac, 0x0d, 0xa3, 0xcf, 0xb4, 0x53, 
	0x9c, 0x57, 0x82, 0x89, 0xd5, 0x5b, 0xbc, 0x93, 
	0xb4, 0x93, 0xd5, 0x9d, 0xcd, 0x9b, 0xbc, 0x95, 
	0xc4, 0xd7, 0xd5, 0xa1, 0xcd, 0x5b, 0xcd, 0x5b, 
	0xcd, 0x59, 0xcd, 0x19, 0xcd, 0x9d, 0xc4, 0x93, 
	0xc4, 0x93, 0xbc, 0x93, 0xcd, 0x9f, 0xb4, 0x99, 
	0xac, 0x97, 0xb4, 0x9b, 0xac, 0xd9, 0xb4, 0xdd, 
	0xbd, 0x1d, 0xb4, 0xdd, 0xb4, 0xdd, 0xb4, 0xdd, 
	0xb4, 0xdf, 0xbd, 0x1d, 0xac, 0x9b, 0xbc, 0xdd, 
	0xb4, 0x9b, 0xac, 0x99, 0x9c, 0x57, 0x93, 0xd1, 
	0x8b, 0x91, 0x9c, 0x57, 0xb4, 0x9b, 0xac, 0x9b, 
	0x9c, 0x57, 0xb4, 0xdd, 0xbc, 0xdd, 0xb4, 0x99, 
	0xc5, 0x61, 0xc5, 0x1d, 0xc5, 0x1d, 0xb4, 0xdb, 
	0xbc, 0xdb, 0xb4, 0xdd, 0xcd, 0x61, 0xbc, 0xdd, 
	0xac, 0x97, 0xb4, 0x9b, 0xac, 0xd9, 0xb4, 0xdd, 
	0xbd, 0x1d, 0xb4, 0xdd, 0xb4, 0xdd, 0xb4, 0xdd, 
	0xb4, 0xdf, 0xbd, 0x1d, 0xac, 0x9b, 0xbc, 0xdd, 
	0xb4, 0x9b, 0xac, 0x99, 0x9c, 0x57, 0x93, 0xd1, 
	0x8b, 0x91, 0x9c, 0x57, 0xb4, 0x9b, 0xac, 0x9b, 
	0x9c, 0x57, 0xb4, 0xdd, 0xbc, 0xdd, 0xb4, 0x99, 
	0xc5, 0x61, 0xc5, 0x1d, 0xc5, 0x1d, 0xb4, 0xdb, 
	0xbc, 0xdb, 0xb4, 0xdd, 0xcd, 0x61, 0xbc, 0xdd, 
	0x38, 0x01, 0x38, 0x01, 0x58, 0xc1, 0x48, 0x81, 
	0x40, 0x01, 0x69, 0x41, 0x50, 0xc1, 0x38, 0x41, 
	0x48, 0x41, 0x50, 0x81, 0x61, 0x01, 0x58, 0xc1, 
	0x59, 0x01, 0x69, 0x41, 0x92, 0x41, 0x82, 0x01, 
	0x82, 0x01, 0x81, 0xc1, 0x79, 0x81, 0x69, 0x41, 
	0x79, 0xc1, 0x69, 0x81, 0x82, 0x41, 0x50, 0x81, 
	0x58, 0x81, 0x60, 0xc1, 0x48, 0x41, 0x48, 0x41, 
	0x28, 0x01, 0x30, 0x01, 0x61, 0x01, 0x60, 0xc1, 
	0x38, 0x01, 0x38, 0x01, 0x58, 0xc1, 0x48, 0x81, 
	0x40, 0x01, 0x69, 0x41, 0x50, 0xc1, 0x38, 0x41, 
	0x48, 0x41, 0x50, 0x81, 0x61, 0x01, 0x58, 0xc1, 
	0x59, 0x01, 0x69, 0x41, 0x92, 0x41, 0x82, 0x01, 
	0x82, 0x01, 0x81, 0xc1, 0x79, 0x81, 0x69, 0x41, 
	0x79, 0xc1, 0x69, 0x81, 0x82, 0x41, 0x50, 0x81, 
	0x58, 0x81, 0x60, 0xc1, 0x48, 0x41, 0x48, 0x41, 
	0x28, 0x01, 0x30, 0x01, 0x61, 0x01, 0x60, 0xc1, 
	0x30, 0x01, 0x40, 0x41, 0x58, 0xc1, 0x79, 0x81, 
	0x69, 0x01, 0x92, 0x41, 0x8a, 0x01, 0x81, 0x81, 
	0x81, 0xc1, 0x81, 0x81, 0x71, 0x41, 0x7a, 0x01, 
	0x7a, 0x01, 0x61, 0x01, 0x92, 0x83, 0x82, 0x41, 
	0x69, 0x41, 0x81, 0xc1, 0x9a, 0x83, 0x81, 0xc1, 
	0x79, 0x41, 0x71, 0x01, 0x79, 0x81, 0x79, 0x41, 
	0x71, 0x41, 0x79, 0xc1, 0x71, 0x81, 0x50, 0x81, 
	0x20, 0x01, 0x20, 0x01, 0x82, 0x01, 0x8a, 0x41, 
	0x30, 0x01, 0x40, 0x41, 0x58, 0xc1, 0x79, 0x81, 
	0x69, 0x01, 0x92, 0x41, 0x8a, 0x01, 0x81, 0x81, 
	0x81, 0xc1, 0x81, 0x81, 0x71, 0x41, 0x7a, 0x01, 
	0x7a, 0x01, 0x61, 0x01, 0x92, 0x83, 0x82, 0x41, 
	0x69, 0x41, 0x81, 0xc1, 0x9a, 0x83, 0x81, 0xc1, 
	0x79, 0x41, 0x71, 0x01, 0x79, 0x81, 0x79, 0x41, 
	0x71, 0x41, 0x79, 0xc1, 0x71, 0x81, 0x50, 0x81, 
	0x20, 0x01, 0x20, 0x01, 0x82, 0x01, 0x8a, 0x41, 
	0x40, 0x01, 0x79, 0x81, 0x89, 0xc1, 0x92, 0x01, 
	0xa2, 0x81, 0xb3, 0x03, 0xb3, 0x45, 0x9a, 0x41, 
	0x9a, 0x01, 0xa2, 0x83, 0x92, 0x41, 0xa3, 0x05, 
	0x7a, 0x01, 0x58, 0xc1, 0xa3, 0x05, 0x71, 0x41, 
	0x58, 0x81, 0xb3, 0x45, 0xcc, 0xd5, 0xc4, 0x4b, 
	0xb3, 0x47, 0x92, 0x41, 0xaa, 0xc3, 0xaa, 0x83, 
	0xa2, 0xc3, 0x92, 0x41, 0x79, 0x81, 0x79, 0x81, 
	0x61, 0x01, 0x30, 0x01, 0x89, 0xc1, 0x81, 0x81, 
	0x40, 0x01, 0x79, 0x81, 0x89, 0xc1, 0x92, 0x01, 
	0xa2, 0x81, 0xb3, 0x03, 0xb3, 0x45, 0x9a, 0x41, 
	0x9a, 0x01, 0xa2, 0x83, 0x92, 0x41, 0xa3, 0x05, 
	0x7a, 0x01, 0x58, 0xc1, 0xa3, 0x05, 0x71, 0x41, 
	0x58, 0x81, 0xb3, 0x45, 0xcc, 0xd5, 0xc4, 0x4b, 
	0xb3, 0x47, 0x92, 0x41, 0xaa, 0xc3, 0xaa, 0x83, 
	0xa2, 0xc3, 0x92, 0x41, 0x79, 0x81, 0x79, 0x81, 
	0x61, 0x01, 0x30, 0x01, 0x89, 0xc1, 0x81, 0x81, 
	0x58, 0xc1, 0xb4, 0x07, 0xa3, 0x45, 0x79, 0x81, 
	0x7a, 0x01, 0x81, 0xc1, 0x92, 0x01, 0x81, 0x81, 
	0x79, 0x41, 0x69, 0x41, 0x69, 0x41, 0x69, 0x41, 
	0x30, 0x01, 0x48, 0x01, 0xb3, 0x45, 0x82, 0x01, 
	0x71, 0x41, 0xbb, 0x85, 0xbb, 0x87, 0x9b, 0x03, 
	0x92, 0xc3, 0x92, 0xc1, 0x9b, 0x03, 0x8a, 0x41, 
	0x71, 0x81, 0x50, 0x81, 0x59, 0x01, 0x69, 0x81, 
	0x61, 0x01, 0x59, 0x01, 0xa3, 0x05, 0x69, 0x01, 
	0x58, 0xc1, 0xb4, 0x07, 0xa3, 0x45, 0x79, 0x81, 
	0x7a, 0x01, 0x81, 0xc1, 0x92, 0x01, 0x81, 0x81, 
	0x79, 0x41, 0x69, 0x41, 0x69, 0x41, 0x69, 0x41, 
	0x30, 0x01, 0x48, 0x01, 0xb3, 0x45, 0x82, 0x01, 
	0x71, 0x41, 0xbb, 0x85, 0xbb, 0x87, 0x9b, 0x03, 
	0x92, 0xc3, 0x92, 0xc1, 0x9b, 0x03, 0x8a, 0x41, 
	0x71, 0x81, 0x50, 0x81, 0x59, 0x01, 0x69, 0x81, 
	0x61, 0x01, 0x59, 0x01, 0xa3, 0x05, 0x69, 0x01, 
	0x69, 0x41, 0xbb, 0xc7, 0x9a, 0xc3, 0x58, 0xc1, 
	0x7a, 0x01, 0x92, 0x83, 0x9a, 0xc3, 0x92, 0xc1, 
	0x8a, 0x41, 0x69, 0x81, 0x50, 0xc1, 0x9b, 0x03, 
	0x79, 0xc1, 0x58, 0xc1, 0xbb, 0x87, 0x92, 0x83, 
	0x69, 0x01, 0xbb, 0xc9, 0x9a, 0xc3, 0x82, 0x01, 
	0x79, 0xc1, 0x9a, 0xc3, 0x9a, 0x83, 0x79, 0x81, 
	0x79, 0x41, 0x50, 0x81, 0x48, 0x41, 0x92, 0x81, 
	0x82, 0x01, 0x61, 0x01, 0xaa, 0xc5, 0x61, 0x01, 
	0x69, 0x41, 0xbb, 0xc7, 0x9a, 0xc3, 0x58, 0xc1, 
	0x7a, 0x01, 0x92, 0x83, 0x9a, 0xc3, 0x92, 0xc1, 
	0x8a, 0x41, 0x69, 0x81, 0x50, 0xc1, 0x9b, 0x03, 
	0x79, 0xc1, 0x58, 0xc1, 0xbb, 0x87, 0x92, 0x83, 
	0x69, 0x01, 0xbb, 0xc9, 0x9a, 0xc3, 0x82, 0x01, 
	0x79, 0xc1, 0x9a, 0xc3, 0x9a, 0x83, 0x79, 0x81, 
	0x79, 0x41, 0x50, 0x81, 0x48, 0x41, 0x92, 0x81, 
	0x82, 0x01, 0x61, 0x01, 0xaa, 0xc5, 0x61, 0x01, 
	0x71, 0x41, 0xbb, 0xc7, 0x92, 0x41, 0x69, 0x41, 
	0xa3, 0x45, 0xab, 0x45, 0xab, 0x85, 0xab, 0x45, 
	0xab, 0x85, 0x82, 0x01, 0x69, 0x81, 0xc3, 0xc7, 
	0x9b, 0x03, 0x81, 0xc1, 0xc4, 0x4f, 0x9a, 0x83, 
	0x71, 0x81, 0xc4, 0x4d, 0xb3, 0x87, 0x69, 0x41, 
	0xa3, 0x05, 0xbc, 0x09, 0xbb, 0xc7, 0x92, 0x41, 
	0x9a, 0x81, 0x8a, 0x01, 0x61, 0x01, 0xaa, 0xc3, 
	0x92, 0x41, 0x69, 0x41, 0xb3, 0x05, 0x8a, 0x01, 
	0x71, 0x41, 0xbb, 0xc7, 0x92, 0x41, 0x69, 0x41, 
	0xa3, 0x45, 0xab, 0x45, 0xab, 0x85, 0xab, 0x45, 
	0xab, 0x85, 0x82, 0x01, 0x69, 0x81, 0xc3, 0xc7, 
	0x9b, 0x03, 0x81, 0xc1, 0xc4, 0x4f, 0x9a, 0x83, 
	0x71, 0x81, 0xc4, 0x4d, 0xb3, 0x87, 0x69, 0x41, 
	0xa3, 0x05, 0xbc, 0x09, 0xbb, 0xc7, 0x92, 0x41, 
	0x9a, 0x81, 0x8a, 0x01, 0x61, 0x01, 0xaa, 0xc3, 
	0x92, 0x41, 0x69, 0x41, 0xb3, 0x05, 0x8a, 0x01, 
	0x79, 0x41, 0xc4, 0x09, 0x8a, 0x41, 0x69, 0x81, 
	0xab, 0x03, 0xa3, 0x45, 0x8a, 0xc1, 0x93, 0x01, 
	0x92, 0xc1, 0x7a, 0x01, 0x82, 0x81, 0xbb, 0xc7, 
	0x9a, 0xc3, 0x8a, 0x01, 0xd5, 0x17, 0xab, 0x05, 
	0x82, 0x01, 0xc3, 0xc7, 0xcc, 0x49, 0x92, 0x83, 
	0xcc, 0x4d, 0xc4, 0x09, 0x9b, 0x03, 0x8a, 0x01, 
	0x92, 0x41, 0x82, 0x01, 0x69, 0x41, 0xa2, 0x41, 
	0x9a, 0x83, 0x79, 0x81, 0xa2, 0xc3, 0x89, 0xc1, 
	0x79, 0x41, 0xc4, 0x09, 0x8a, 0x41, 0x69, 0x81, 
	0xab, 0x03, 0xa3, 0x45, 0x8a, 0xc1, 0x93, 0x01, 
	0x92, 0xc1, 0x7a, 0x01, 0x82, 0x81, 0xbb, 0xc7, 
	0x9a, 0xc3, 0x8a, 0x01, 0xd5, 0x17, 0xab, 0x05, 
	0x82, 0x01, 0xc3, 0xc7, 0xcc, 0x49, 0x92, 0x83, 
	0xcc, 0x4d, 0xc4, 0x09, 0x9b, 0x03, 0x8a, 0x01, 
	0x92, 0x41, 0x82, 0x01, 0x69, 0x41, 0xa2, 0x41, 
	0x9a, 0x83, 0x79, 0x81, 0xa2, 0xc3, 0x89, 0xc1, 
	0x79, 0x41, 0xc4, 0x07, 0x9b, 0x03, 0x79, 0xc1, 
	0xbb, 0xc7, 0x9a, 0xc3, 0x7a, 0x01, 0x69, 0x81, 
	0x81, 0xc1, 0x82, 0x41, 0x82, 0x41, 0xab, 0x45, 
	0x89, 0xc1, 0x71, 0x81, 0xc4, 0x0b, 0xb3, 0x45, 
	0x79, 0xc1, 0xa2, 0xc3, 0xbb, 0x87, 0x92, 0x41, 
	0xcc, 0x8d, 0xbb, 0xc7, 0x81, 0xc1, 0x58, 0xc1, 
	0x91, 0xc1, 0x71, 0x41, 0x60, 0xc1, 0xb3, 0x05, 
	0x92, 0x43, 0x69, 0x01, 0x9a, 0x83, 0x81, 0xc1, 
	0x79, 0x41, 0xc4, 0x07, 0x9b, 0x03, 0x79, 0xc1, 
	0xbb, 0xc7, 0x9a, 0xc3, 0x7a, 0x01, 0x69, 0x81, 
	0x81, 0xc1, 0x82, 0x41, 0x82, 0x41, 0xab, 0x45, 
	0x89, 0xc1, 0x71, 0x81, 0xc4, 0x0b, 0xb3, 0x45, 
	0x79, 0xc1, 0xa2, 0xc3, 0xbb, 0x87, 0x92, 0x41, 
	0xcc, 0x8d, 0xbb, 0xc7, 0x81, 0xc1, 0x58, 0xc1, 
	0x91, 0xc1, 0x71, 0x41, 0x60, 0xc1, 0xb3, 0x05, 
	0x92, 0x43, 0x69, 0x01, 0x9a, 0x83, 0x81, 0xc1, 
	0x71, 0x41, 0xbb, 0x85, 0x9a, 0x83, 0x71, 0x41, 
	0xb3, 0x45, 0x92, 0x01, 0x71, 0x41, 0x9a, 0x81, 
	0xb3, 0x05, 0x50, 0x81, 0x40, 0x41, 0x92, 0x01, 
	0x81, 0x81, 0x61, 0x01, 0xa3, 0x03, 0x9a, 0x83, 
	0x69, 0x41, 0xab, 0x05, 0xb3, 0x45, 0x9b, 0x03, 
	0xc4, 0x4b, 0xbb, 0xc7, 0x92, 0x81, 0x9a, 0xc3, 
	0xaa, 0xc3, 0x8a, 0x01, 0x61, 0x01, 0xab, 0x05, 
	0x71, 0x41, 0x58, 0xc1, 0xa2, 0xc5, 0x69, 0x01, 
	0x71, 0x41, 0xbb, 0x85, 0x9a, 0x83, 0x71, 0x41, 
	0xb3, 0x45, 0x92, 0x01, 0x71, 0x41, 0x9a, 0x81, 
	0xb3, 0x05, 0x50, 0x81, 0x40, 0x41, 0x92, 0x01, 
	0x81, 0x81, 0x61, 0x01, 0xa3, 0x03, 0x9a, 0x83, 
	0x69, 0x41, 0xab, 0x05, 0xb3, 0x45, 0x9b, 0x03, 
	0xc4, 0x4b, 0xbb, 0xc7, 0x92, 0x81, 0x9a, 0xc3, 
	0xaa, 0xc3, 0x8a, 0x01, 0x61, 0x01, 0xab, 0x05, 
	0x71, 0x41, 0x58, 0xc1, 0xa2, 0xc5, 0x69, 0x01, 
	0x71, 0x01, 0xcc, 0x8d, 0xb3, 0x87, 0x92, 0x41, 
	0xb3, 0x45, 0x9b, 0x03, 0x8a, 0x01, 0x92, 0x01, 
	0x81, 0xc1, 0x50, 0x81, 0x38, 0x01, 0xaa, 0x83, 
	0x9a, 0x41, 0x69, 0x41, 0xab, 0xc7, 0x9b, 0x05, 
	0x58, 0xc1, 0xbb, 0x87, 0xaa, 0xc3, 0x8a, 0x41, 
	0xab, 0x05, 0x9a, 0xc3, 0x9a, 0xc3, 0x92, 0x01, 
	0x89, 0xc1, 0x48, 0x41, 0x38, 0x01, 0x9a, 0xc3, 
	0x79, 0x81, 0x8a, 0x81, 0xbb, 0xc9, 0x92, 0x43, 
	0x71, 0x01, 0xcc, 0x8d, 0xb3, 0x87, 0x92, 0x41, 
	0xb3, 0x45, 0x9b, 0x03, 0x8a, 0x01, 0x92, 0x01, 
	0x81, 0xc1, 0x50, 0x81, 0x38, 0x01, 0xaa, 0x83, 
	0x9a, 0x41, 0x69, 0x41, 0xab, 0xc7, 0x9b, 0x05, 
	0x58, 0xc1, 0xbb, 0x87, 0xaa, 0xc3, 0x8a, 0x41, 
	0xab, 0x05, 0x9a, 0xc3, 0x9a, 0xc3, 0x92, 0x01, 
	0x89, 0xc1, 0x48, 0x41, 0x38, 0x01, 0x9a, 0xc3, 
	0x79, 0x81, 0x8a, 0x81, 0xbb, 0xc9, 0x92, 0x43, 
	0x82, 0x01, 0xbb, 0xcb, 0xab, 0x05, 0x8a, 0x01, 
	0xbb, 0xc7, 0x9a, 0x83, 0x79, 0xc1, 0x71, 0x81, 
	0x48, 0x41, 0x61, 0x01, 0x58, 0x81, 0xbb, 0xcb, 
	0xa2, 0xc3, 0x82, 0x01, 0xbb, 0xc7, 0xab, 0x45, 
	0x79, 0x41, 0xbb, 0xcb, 0xbb, 0x87, 0x82, 0x01, 
	0xb3, 0x45, 0x92, 0x83, 0x71, 0x81, 0x71, 0x81, 
	0x58, 0xc1, 0x38, 0x01, 0x38, 0x41, 0xab, 0x87, 
	0x71, 0x81, 0x82, 0x41, 0xc4, 0x89, 0x92, 0xc3, 
	0x82, 0x01, 0xbb, 0xcb, 0xab, 0x05, 0x8a, 0x01, 
	0xbb, 0xc7, 0x9a, 0x83, 0x79, 0xc1, 0x71, 0x81, 
	0x48, 0x41, 0x61, 0x01, 0x58, 0x81, 0xbb, 0xcb, 
	0xa2, 0xc3, 0x82, 0x01, 0xbb, 0xc7, 0xab, 0x45, 
	0x79, 0x41, 0xbb, 0xcb, 0xbb, 0x87, 0x82, 0x01, 
	0xb3, 0x45, 0x92, 0x83, 0x71, 0x81, 0x71, 0x81, 
	0x58, 0xc1, 0x38, 0x01, 0x38, 0x41, 0xab, 0x87, 
	0x71, 0x81, 0x82, 0x41, 0xc4, 0x89, 0x92, 0xc3, 
	0x40, 0x41, 0xa3, 0x05, 0x9a, 0x83, 0x92, 0x83, 
	0xbb, 0xcb, 0xc4, 0x0d, 0xb3, 0x45, 0x89, 0xc1, 
	0x8a, 0x01, 0x92, 0x01, 0xab, 0x05, 0xcc, 0x91, 
	0x9a, 0x83, 0x71, 0x81, 0xc4, 0x09, 0xab, 0x05, 
	0x69, 0x01, 0xc4, 0x4d, 0xbb, 0xc9, 0x92, 0x01, 
	0xbb, 0xc9, 0xbb, 0x47, 0xab, 0x05, 0xa2, 0xc3, 
	0x92, 0x01, 0x8a, 0x01, 0x79, 0xc1, 0xa2, 0xc3, 
	0x61, 0x41, 0x71, 0xc1, 0xcc, 0x89, 0x9b, 0x03, 
	0x40, 0x41, 0xa3, 0x05, 0x9a, 0x83, 0x92, 0x83, 
	0xbb, 0xcb, 0xc4, 0x0d, 0xb3, 0x45, 0x89, 0xc1, 
	0x8a, 0x01, 0x92, 0x01, 0xab, 0x05, 0xcc, 0x91, 
	0x9a, 0x83, 0x71, 0x81, 0xc4, 0x09, 0xab, 0x05, 
	0x69, 0x01, 0xc4, 0x4d, 0xbb, 0xc9, 0x92, 0x01, 
	0xbb, 0xc9, 0xbb, 0x47, 0xab, 0x05, 0xa2, 0xc3, 
	0x92, 0x01, 0x8a, 0x01, 0x79, 0xc1, 0xa2, 0xc3, 
	0x61, 0x41, 0x71, 0xc1, 0xcc, 0x89, 0x9b, 0x03, 
	0x30, 0x01, 0x82, 0x01, 0x81, 0xc1, 0x8a, 0x01, 
	0xab, 0x05, 0xc3, 0xcb, 0xab, 0x05, 0x92, 0xc3, 
	0x8a, 0x41, 0xa2, 0xc5, 0xbb, 0x47, 0xc4, 0x0b, 
	0x8a, 0x01, 0x69, 0x81, 0xa2, 0xc5, 0x89, 0x81, 
	0x69, 0x01, 0xab, 0x85, 0xa2, 0x83, 0x79, 0x81, 
	0x92, 0x01, 0xab, 0x05, 0xa3, 0x05, 0xaa, 0xc5, 
	0xa2, 0x83, 0x9a, 0xc3, 0x81, 0xc1, 0x81, 0xc1, 
	0x28, 0x01, 0x30, 0x01, 0xb3, 0x87, 0x79, 0xc1, 
	0x30, 0x01, 0x82, 0x01, 0x81, 0xc1, 0x8a, 0x01, 
	0xab, 0x05, 0xc3, 0xcb, 0xab, 0x05, 0x92, 0xc3, 
	0x8a, 0x41, 0xa2, 0xc5, 0xbb, 0x47, 0xc4, 0x0b, 
	0x8a, 0x01, 0x69, 0x81, 0xa2, 0xc5, 0x89, 0x81, 
	0x69, 0x01, 0xab, 0x85, 0xa2, 0x83, 0x79, 0x81, 
	0x92, 0x01, 0xab, 0x05, 0xa3, 0x05, 0xaa, 0xc5, 
	0xa2, 0x83, 0x9a, 0xc3, 0x81, 0xc1, 0x81, 0xc1, 
	0x28, 0x01, 0x30, 0x01, 0xb3, 0x87, 0x79, 0xc1, 
	0x38, 0x01, 0x71, 0x81, 0x81, 0xc1, 0x71, 0x41, 
	0x8a, 0x01, 0x8a, 0x01, 0x8a, 0x01, 0x71, 0x81, 
	0x68, 0xc1, 0x81, 0xc1, 0x91, 0xc1, 0x9a, 0x83, 
	0x82, 0x01, 0x79, 0x81, 0x9a, 0x43, 0x71, 0x41, 
	0x50, 0xc1, 0x93, 0x03, 0x92, 0x83, 0x50, 0x81, 
	0x71, 0x41, 0x82, 0x01, 0x92, 0x81, 0x92, 0xc1, 
	0x8a, 0x01, 0x79, 0x81, 0x58, 0xc1, 0x40, 0x01, 
	0x18, 0x01, 0x20, 0x01, 0x92, 0x85, 0x50, 0x81, 
	0x38, 0x01, 0x71, 0x81, 0x81, 0xc1, 0x71, 0x41, 
	0x8a, 0x01, 0x8a, 0x01, 0x8a, 0x01, 0x71, 0x81, 
	0x68, 0xc1, 0x81, 0xc1, 0x91, 0xc1, 0x9a, 0x83, 
	0x82, 0x01, 0x79, 0x81, 0x9a, 0x43, 0x71, 0x41, 
	0x50, 0xc1, 0x93, 0x03, 0x92, 0x83, 0x50, 0x81, 
	0x71, 0x41, 0x82, 0x01, 0x92, 0x81, 0x92, 0xc1, 
	0x8a, 0x01, 0x79, 0x81, 0x58, 0xc1, 0x40, 0x01, 
	0x18, 0x01, 0x20, 0x01, 0x92, 0x85, 0x50, 0x81, 
	0x50, 0xc1, 0x81, 0xc1, 0xa2, 0xc3, 0x9a, 0x83, 
	0xab, 0x05, 0x92, 0x01, 0x92, 0x43, 0x89, 0xc1, 
	0x92, 0x01, 0x92, 0x01, 0x9a, 0x43, 0x9a, 0x01, 
	0xa2, 0x83, 0xaa, 0xc5, 0xb3, 0x87, 0x69, 0x41, 
	0x40, 0x01, 0xa3, 0x43, 0xa3, 0x85, 0x92, 0x01, 
	0x8a, 0x01, 0x92, 0xc3, 0x92, 0xc3, 0xa3, 0x45, 
	0xa2, 0xc3, 0x89, 0xc1, 0x82, 0x01, 0x92, 0x41, 
	0x79, 0xc1, 0x8a, 0x01, 0xa3, 0x85, 0x50, 0xc1, 
	0x50, 0xc1, 0x81, 0xc1, 0xa2, 0xc3, 0x9a, 0x83, 
	0xab, 0x05, 0x92, 0x01, 0x92, 0x43, 0x89, 0xc1, 
	0x92, 0x01, 0x92, 0x01, 0x9a, 0x43, 0x9a, 0x01, 
	0xa2, 0x83, 0xaa, 0xc5, 0xb3, 0x87, 0x69, 0x41, 
	0x40, 0x01, 0xa3, 0x43, 0xa3, 0x85, 0x92, 0x01, 
	0x8a, 0x01, 0x92, 0xc3, 0x92, 0xc3, 0xa3, 0x45, 
	0xa2, 0xc3, 0x89, 0xc1, 0x82, 0x01, 0x92, 0x41, 
	0x79, 0xc1, 0x8a, 0x01, 0xa3, 0x85, 0x50, 0xc1, 
	0x08, 0x01, 0x38, 0x41, 0x38, 0x01, 0x51, 0x01, 
	0x50, 0x81, 0x58, 0x81, 0x40, 0x01, 0x69, 0x41, 
	0x59, 0x01, 0x58, 0xc1, 0x69, 0x41, 0x20, 0x01, 
	0x20, 0x01, 0x40, 0x01, 0x61, 0x01, 0x38, 0x41, 
	0x00, 0x01, 0x69, 0x81, 0x40, 0x41, 0x30, 0x01, 
	0x20, 0x01, 0x30, 0x01, 0x59, 0x01, 0x38, 0x01, 
	0x40, 0x81, 0x58, 0x81, 0x50, 0xc1, 0x50, 0xc1, 
	0x69, 0x81, 0x81, 0xc1, 0x72, 0x41, 0x20, 0x01, 
	0x08, 0x01, 0x38, 0x41, 0x38, 0x01, 0x51, 0x01, 
	0x50, 0x81, 0x58, 0x81, 0x40, 0x01, 0x69, 0x41, 
	0x59, 0x01, 0x58, 0xc1, 0x69, 0x41, 0x20, 0x01, 
	0x20, 0x01, 0x40, 0x01, 0x61, 0x01, 0x38, 0x41, 
	0x00, 0x01, 0x69, 0x81, 0x40, 0x41, 0x30, 0x01, 
	0x20, 0x01, 0x30, 0x01, 0x59, 0x01, 0x38, 0x01, 
	0x40, 0x81, 0x58, 0x81, 0x50, 0xc1, 0x50, 0xc1, 
	0x69, 0x81, 0x81, 0xc1, 0x72, 0x41, 0x20, 0x01, 
	0x52, 0x05, 0x5a, 0x05, 0x5a, 0x45, 0x72, 0xc9, 
	0x72, 0xc9, 0x5a, 0x05, 0x62, 0x47, 0x62, 0x45, 
	0x49, 0x83, 0x62, 0x47, 0x62, 0x47, 0x51, 0xc1, 
	0x51, 0xc3, 0x49, 0xc1, 0x5a, 0x47, 0x62, 0x43, 
	0x39, 0x41, 0x62, 0x85, 0x41, 0x41, 0x39, 0x01, 
	0x51, 0x81, 0x49, 0xc1, 0x5a, 0x05, 0x5a, 0x07, 
	0x51, 0xc3, 0x41, 0x41, 0x51, 0xc3, 0x5a, 0x05, 
	0x62, 0x47, 0x62, 0x89, 0x83, 0x0b, 0x51, 0xc1, 
	0x52, 0x05, 0x5a, 0x05, 0x5a, 0x45, 0x72, 0xc9, 
	0x72, 0xc9, 0x5a, 0x05, 0x62, 0x47, 0x62, 0x45, 
	0x49, 0x83, 0x62, 0x47, 0x62, 0x47, 0x51, 0xc1, 
	0x51, 0xc3, 0x49, 0xc1, 0x5a, 0x47, 0x62, 0x43, 
	0x39, 0x41, 0x62, 0x85, 0x41, 0x41, 0x39, 0x01, 
	0x51, 0x81, 0x49, 0xc1, 0x5a, 0x05, 0x5a, 0x07, 
	0x51, 0xc3, 0x41, 0x41, 0x51, 0xc3, 0x5a, 0x05, 
	0x62, 0x47, 0x62, 0x89, 0x83, 0x0b, 0x51, 0xc1, 
	0x40, 0xc1, 0x93, 0x89, 0x8b, 0x05, 0x93, 0x49, 
	0x8b, 0x07, 0x7a, 0x43, 0x82, 0x43, 0x93, 0x89, 
	0x93, 0xcb, 0x9c, 0x0d, 0x93, 0x45, 0xac, 0x97, 
	0x7a, 0xcb, 0x82, 0x83, 0xac, 0x93, 0xa4, 0x53, 
	0x9c, 0x0d, 0x9c, 0x4f, 0x93, 0xcb, 0x93, 0x87, 
	0x93, 0x8b, 0x9c, 0x0d, 0x93, 0x89, 0x9b, 0xcd, 
	0x7a, 0x41, 0x8b, 0x07, 0x82, 0x83, 0x8b, 0x05, 
	0x8b, 0x05, 0x93, 0x49, 0xac, 0x91, 0x7b, 0x0b, 
	0x82, 0x81, 0x71, 0xc1, 0x72, 0x01, 0x7a, 0x41, 
	0x72, 0x01, 0x8b, 0x03, 0x82, 0xc3, 0x82, 0x83, 
	0x51, 0x41, 0x51, 0x41, 0x49, 0x01, 0x8a, 0xc5, 
	0x7a, 0xcb, 0x28, 0x41, 0x9c, 0x0d, 0x9c, 0x0b, 
	0x93, 0x47, 0x82, 0x83, 0x82, 0x83, 0x8a, 0xc3, 
	0x82, 0x41, 0x82, 0x43, 0x82, 0x83, 0x8a, 0xc5, 
	0x62, 0x89, 0x20, 0x41, 0x6a, 0x01, 0x61, 0xc1, 
	0x61, 0x81, 0x7a, 0x41, 0xa3, 0xcb, 0x7b, 0x0b, 
	0x40, 0xc1, 0x8a, 0xc5, 0x93, 0x07, 0x93, 0x49, 
	0x93, 0x89, 0x93, 0x07, 0x9c, 0x0d, 0xa4, 0x0b, 
	0xa4, 0x51, 0x9b, 0xcf, 0xac, 0x51, 0xb4, 0xd7, 
	0x6a, 0xcb, 0x82, 0x43, 0xac, 0x95, 0xa4, 0x4f, 
	0xa4, 0x0f, 0xac, 0x93, 0xa4, 0x0f, 0xa4, 0x0d, 
	0xa4, 0x0d, 0xb4, 0x93, 0xa4, 0x0d, 0x93, 0x05, 
	0x93, 0x07, 0x8a, 0xc5, 0x82, 0x85, 0x93, 0x07, 
	0x93, 0x07, 0x93, 0x07, 0xb4, 0x93, 0x83, 0x4f, 
	0x8a, 0x83, 0x8a, 0xc5, 0x6a, 0x01, 0x61, 0xc1, 
	0x8a, 0x83, 0x93, 0x05, 0x93, 0x45, 0x59, 0x81, 
	0x40, 0xc1, 0x61, 0x81, 0x69, 0xc3, 0x93, 0x49, 
	0x6a, 0xcb, 0x38, 0xc1, 0xa4, 0x0f, 0x93, 0x89, 
	0x93, 0x07, 0x8a, 0xc7, 0x93, 0x49, 0x9b, 0xcb, 
	0x93, 0x07, 0x93, 0x07, 0x8a, 0xc5, 0x93, 0x8b, 
	0x83, 0x4d, 0x59, 0x81, 0x72, 0x41, 0x7a, 0x43, 
	0x8a, 0x85, 0x7a, 0x43, 0x9b, 0x8b, 0x83, 0x4f, 
	0x51, 0x41, 0x93, 0x09, 0x93, 0x49, 0x9b, 0x8b, 
	0x93, 0x49, 0x9b, 0xcb, 0xac, 0x4f, 0xac, 0x51, 
	0xac, 0x91, 0xa4, 0x51, 0x93, 0x8b, 0xb4, 0xd7, 
	0x83, 0x4f, 0x9b, 0x89, 0xbc, 0xd7, 0xa4, 0x0f, 
	0xac, 0x4f, 0xb4, 0x95, 0xb4, 0x95, 0xb4, 0x93, 
	0xa4, 0x0f, 0xb4, 0x93, 0x92, 0xc7, 0x8a, 0x87, 
	0x8a, 0xc7, 0x82, 0x85, 0x82, 0x45, 0x7a, 0x85, 
	0x7a, 0x85, 0x8a, 0x87, 0xb4, 0x93, 0x6a, 0x8d, 
	0x9b, 0xcb, 0xa4, 0x4f, 0x93, 0x8b, 0x93, 0x49, 
	0x9b, 0xcb, 0x9b, 0x8b, 0x72, 0x03, 0x51, 0x81, 
	0x61, 0xc3, 0x62, 0x03, 0x72, 0x03, 0x93, 0x09, 
	0x83, 0x4f, 0x59, 0x83, 0xb4, 0x4f, 0x9b, 0x8b, 
	0x93, 0x4b, 0x9b, 0x8b, 0xa3, 0xcd, 0xa4, 0x0f, 
	0xa4, 0x0d, 0xa4, 0x0d, 0x9b, 0xcd, 0xc5, 0x1b, 
	0x72, 0xcd, 0x59, 0xc1, 0x93, 0x49, 0x93, 0x89, 
	0x93, 0x07, 0x93, 0x49, 0xb4, 0x11, 0x6a, 0x8d, 
	0x61, 0xc3, 0xac, 0x4f, 0xa3, 0xcd, 0xa4, 0x0f, 
	0xac, 0x4f, 0xbc, 0x93, 0xcd, 0x5f, 0xbc, 0xd5, 
	0xb4, 0x93, 0xac, 0x4f, 0x9b, 0xcb, 0xbc, 0xd9, 
	0x8b, 0x8f, 0xc5, 0x1b, 0xd5, 0xe5, 0xcd, 0xe5, 
	0xcd, 0xa3, 0xcd, 0xa3, 0xc5, 0x1d, 0xbc, 0xd7, 
	0xc5, 0x61, 0xb4, 0x95, 0xb4, 0x91, 0xb4, 0x93, 
	0xac, 0x93, 0x61, 0xc3, 0x93, 0x09, 0x93, 0x09, 
	0x93, 0x09, 0xa3, 0xcd, 0xbc, 0xd7, 0x93, 0xd3, 
	0xa3, 0xcb, 0xa4, 0x0d, 0xa3, 0xcd, 0x9b, 0x89, 
	0xa4, 0x0d, 0x8a, 0xc9, 0x82, 0xc7, 0x6a, 0x45, 
	0x72, 0x45, 0x72, 0x45, 0x6a, 0x03, 0xac, 0x4f, 
	0x8b, 0x8f, 0x59, 0x83, 0xa3, 0xcd, 0x9b, 0x8b, 
	0x93, 0x09, 0xa3, 0xcb, 0xa3, 0xcd, 0xa3, 0xcd, 
	0x9b, 0xcd, 0xac, 0x4f, 0xbc, 0x93, 0xc5, 0x5f, 
	0x8b, 0xd3, 0x51, 0x81, 0x9b, 0x89, 0xac, 0x4d, 
	0x9b, 0x89, 0x93, 0x07, 0xb4, 0x0f, 0x93, 0xd3, 
	0x7a, 0x87, 0xac, 0x4f, 0x9b, 0x8b, 0xac, 0x91, 
	0xbc, 0x91, 0xc5, 0x1b, 0xc5, 0x17, 0xc5, 0x19, 
	0xb4, 0x91, 0xac, 0x4f, 0xa4, 0x0d, 0xbd, 0x1b, 
	0x93, 0xd1, 0x93, 0xd1, 0x93, 0xd1, 0x94, 0x57, 
	0x93, 0xd1, 0x8b, 0x91, 0x7b, 0x0d, 0x83, 0x4f, 
	0x93, 0xd3, 0x94, 0x15, 0x94, 0x15, 0x94, 0x15, 
	0x94, 0x15, 0x39, 0x01, 0xa4, 0x0f, 0x9b, 0xcd, 
	0x9b, 0xcd, 0x9b, 0xcd, 0xcd, 0x9f, 0x9c, 0x57, 
	0x9b, 0x89, 0xa3, 0xcd, 0x9b, 0xcb, 0x9b, 0x8b, 
	0x82, 0xc7, 0x8a, 0xc7, 0x93, 0x09, 0x8a, 0xc9, 
	0x82, 0xc7, 0x8a, 0xc9, 0x8b, 0x09, 0xb4, 0x51, 
	0x93, 0xd1, 0x69, 0xc5, 0x9b, 0x8b, 0x9b, 0x8b, 
	0x9b, 0xcb, 0xa4, 0x0d, 0xa4, 0x0f, 0x93, 0x09, 
	0xa4, 0x0d, 0xc5, 0x5b, 0xc4, 0xd7, 0xc5, 0x5d, 
	0x94, 0x15, 0x59, 0x81, 0x93, 0x07, 0x9b, 0x89, 
	0x93, 0x07, 0x7a, 0x85, 0xbc, 0x91, 0x9c, 0x57, 
	0x82, 0xcb, 0xb4, 0x93, 0xbc, 0x95, 0xac, 0x11, 
	0xcd, 0x17, 0xd5, 0x9f, 0xd5, 0x9f, 0xde, 0x25, 
	0xd5, 0x9f, 0xcd, 0x5b, 0xcd, 0x9d, 0xcd, 0x9d, 
	0xa4, 0x97, 0xb4, 0x4f, 0xc4, 0xd5, 0xcd, 0x57, 
	0xbc, 0xd3, 0xb4, 0x93, 0xb4, 0x93, 0xa3, 0xcf, 
	0x9b, 0x8d, 0xa3, 0x8d, 0xa3, 0xcf, 0xd5, 0x9b, 
	0xac, 0x9d, 0x6a, 0x47, 0xbc, 0x95, 0xbc, 0x93, 
	0xbc, 0x93, 0xc5, 0x17, 0xde, 0x25, 0xc5, 0x61, 
	0xac, 0x0f, 0xbc, 0x93, 0xac, 0x4f, 0x8b, 0x0b, 
	0x93, 0x09, 0x93, 0x4b, 0xa4, 0x0f, 0xac, 0x0f, 
	0x9b, 0x8d, 0x9b, 0x8d, 0x9b, 0x8d, 0xcd, 0x17, 
	0xa4, 0x97, 0x82, 0xc9, 0xb4, 0x51, 0xb4, 0x51, 
	0xbc, 0x93, 0xbc, 0x93, 0xc4, 0xd5, 0xb4, 0x91, 
	0xdd, 0xe3, 0xd5, 0xe1, 0xd5, 0x9d, 0xde, 0x25, 
	0xac, 0x9d, 0x6a, 0x45, 0xa3, 0xcb, 0xa3, 0x8b, 
	0xa3, 0xcd, 0xac, 0x0f, 0xd5, 0x17, 0xc5, 0x61, 
	0x9c, 0x59, 0xcd, 0xa3, 0xbc, 0xdd, 0xac, 0x9b, 
	0xb4, 0xdf, 0xbd, 0x1f, 0xd5, 0xe3, 0xb4, 0x9b, 
	0x8b, 0x4f, 0xb5, 0x1d, 0xac, 0x99, 0xbd, 0x1d, 
	0xac, 0xdb, 0xb4, 0xdb, 0xbd, 0x1f, 0xb4, 0xdb, 
	0xa4, 0x57, 0xbd, 0x1f, 0xb4, 0x99, 0xac, 0x97, 
	0xac, 0x9b, 0xbd, 0x1f, 0xc5, 0x63, 0xcd, 0xa1, 
	0xd5, 0xa5, 0xcd, 0xe5, 0xde, 0x65, 0xd5, 0xe3, 
	0xc5, 0xa3, 0xbd, 0x1f, 0xb4, 0xdd, 0x93, 0xd5, 
	0x9c, 0x59, 0xcd, 0xa3, 0xbc, 0xdd, 0xac, 0x9b, 
	0xb4, 0xdf, 0xbd, 0x1f, 0xd5, 0xe3, 0xb4, 0x9b, 
	0x8b, 0x4f, 0xb5, 0x1d, 0xac, 0x99, 0xbd, 0x1d, 
	0xac, 0xdb, 0xb4, 0xdb, 0xbd, 0x1f, 0xb4, 0xdb, 
	0xa4, 0x57, 0xbd, 0x1f, 0xb4, 0x99, 0xac, 0x97, 
	0xac, 0x9b, 0xbd, 0x1f, 0xc5, 0x63, 0xcd, 0xa1, 
	0xd5, 0xa5, 0xcd, 0xe5, 0xde, 0x65, 0xd5, 0xe3, 
	0xc5, 0xa3, 0xbd, 0x1f, 0xb4, 0xdd, 0x6a, 0x8b, 
	
};

Vtx rthwomps_rthwomps_mesh_layer_1_vtx_0[52] = {
	{{ {-1760, 0, 2839}, 0, {2039, 18755}, {255, 255, 255, 255} }},
	{{ {-1760, 0, 530}, 0, {2039, 3904}, {255, 255, 255, 255} }},
	{{ {-2240, 0, 530}, 0, {-1047, 3904}, {255, 255, 255, 255} }},
	{{ {-2200, 0, 2973}, 0, {-790, 19617}, {255, 255, 255, 255} }},
	{{ {-2240, 0, 2839}, 0, {-1047, 18755}, {255, 255, 255, 255} }},
	{{ {-2240, 0, 2973}, 0, {-1047, 19617}, {255, 255, 255, 255} }},
	{{ {-1800, 0, 2973}, 0, {1782, 19617}, {255, 255, 255, 255} }},
	{{ {-1760, 0, 2973}, 0, {2039, 19617}, {255, 255, 255, 255} }},
	{{ {-2240, 0, -530}, 0, {-1047, -2912}, {255, 255, 255, 255} }},
	{{ {-1760, 0, -530}, 0, {2039, -2912}, {255, 255, 255, 255} }},
	{{ {-1760, 0, -2839}, 0, {2039, -17763}, {255, 255, 255, 255} }},
	{{ {-2200, 0, -2973}, 0, {-790, -18625}, {255, 255, 255, 255} }},
	{{ {-1800, 0, -2973}, 0, {1782, -18625}, {255, 255, 255, 255} }},
	{{ {-2240, 0, -2839}, 0, {-1047, -17763}, {255, 255, 255, 255} }},
	{{ {-2530, 0, 240}, 0, {-2912, 2039}, {255, 255, 255, 255} }},
	{{ {-2530, 0, -240}, 0, {-2912, -1047}, {255, 255, 255, 255} }},
	{{ {-4839, 0, -240}, 0, {-17763, -1047}, {255, 255, 255, 255} }},
	{{ {-4973, 0, 200}, 0, {-18625, 1782}, {255, 255, 255, 255} }},
	{{ {-4973, 0, -200}, 0, {-18625, -790}, {255, 255, 255, 255} }},
	{{ {-4839, 0, 240}, 0, {-17763, 2039}, {255, 255, 255, 255} }},
	{{ {839, 0, -240}, 0, {18755, -1047}, {255, 255, 255, 255} }},
	{{ {-1470, 0, -240}, 0, {3904, -1047}, {255, 255, 255, 255} }},
	{{ {-1470, 0, 240}, 0, {3904, 2039}, {255, 255, 255, 255} }},
	{{ {973, 0, 200}, 0, {19617, 1782}, {255, 255, 255, 255} }},
	{{ {839, 0, 240}, 0, {18755, 2039}, {255, 255, 255, 255} }},
	{{ {973, 0, -200}, 0, {19617, -790}, {255, 255, 255, 255} }},
	{{ {-1150, 0, 2515}, 0, {5962, 16670}, {255, 255, 255, 255} }},
	{{ {-1450, 0, 2515}, 0, {4033, 16670}, {255, 255, 255, 255} }},
	{{ {-1450, 0, 2973}, 0, {4033, 19617}, {255, 255, 255, 255} }},
	{{ {-1150, 0, 2973}, 0, {5962, 19617}, {255, 255, 255, 255} }},
	{{ {-550, 0, 2515}, 0, {9821, 16670}, {255, 255, 255, 255} }},
	{{ {-850, 0, 2515}, 0, {7892, 16670}, {255, 255, 255, 255} }},
	{{ {-850, 0, 2973}, 0, {7892, 19617}, {255, 255, 255, 255} }},
	{{ {-550, 0, 2973}, 0, {9821, 19617}, {255, 255, 255, 255} }},
	{{ {-200, 0, 2973}, 0, {12072, 19617}, {255, 255, 255, 255} }},
	{{ {-240, 0, 2515}, 0, {11814, 16670}, {255, 255, 255, 255} }},
	{{ {-240, 0, 2973}, 0, {11814, 19617}, {255, 255, 255, 255} }},
	{{ {200, 0, 2973}, 0, {14644, 19617}, {255, 255, 255, 255} }},
	{{ {240, 0, 2515}, 0, {14901, 16670}, {255, 255, 255, 255} }},
	{{ {240, 0, 2973}, 0, {14901, 19617}, {255, 255, 255, 255} }},
	{{ {-2850, 0, 2515}, 0, {-4970, 16670}, {255, 255, 255, 255} }},
	{{ {-2850, 0, 2973}, 0, {-4970, 19617}, {255, 255, 255, 255} }},
	{{ {-2550, 0, 2973}, 0, {-3041, 19617}, {255, 255, 255, 255} }},
	{{ {-2550, 0, 2515}, 0, {-3041, 16670}, {255, 255, 255, 255} }},
	{{ {-3450, 0, 2515}, 0, {-8829, 16670}, {255, 255, 255, 255} }},
	{{ {-3450, 0, 2973}, 0, {-8829, 19617}, {255, 255, 255, 255} }},
	{{ {-3150, 0, 2973}, 0, {-6900, 19617}, {255, 255, 255, 255} }},
	{{ {-3150, 0, 2515}, 0, {-6900, 16670}, {255, 255, 255, 255} }},
	{{ {-3760, 0, 2515}, 0, {-10822, 16670}, {255, 255, 255, 255} }},
	{{ {-4240, 0, 2515}, 0, {-13909, 16670}, {255, 255, 255, 255} }},
	{{ {-4240, 0, 2973}, 0, {-13909, 19617}, {255, 255, 255, 255} }},
	{{ {-3760, 0, 2973}, 0, {-10822, 19617}, {255, 255, 255, 255} }},
};

Gfx rthwomps_rthwomps_mesh_layer_1_tri_0[] = {
	gsSPVertex(rthwomps_rthwomps_mesh_layer_1_vtx_0 + 0, 30, 0),
	gsSP2Triangles(0, 1, 2, 0, 2, 3, 0, 0),
	gsSP2Triangles(2, 4, 3, 0, 3, 4, 5, 0),
	gsSP2Triangles(3, 6, 0, 0, 0, 6, 7, 0),
	gsSP2Triangles(8, 9, 10, 0, 10, 11, 8, 0),
	gsSP2Triangles(10, 12, 11, 0, 11, 13, 8, 0),
	gsSP2Triangles(14, 15, 16, 0, 16, 17, 14, 0),
	gsSP2Triangles(16, 18, 17, 0, 17, 19, 14, 0),
	gsSP2Triangles(20, 21, 22, 0, 22, 23, 20, 0),
	gsSP2Triangles(22, 24, 23, 0, 23, 25, 20, 0),
	gsSP2Triangles(26, 27, 28, 0, 26, 28, 29, 0),
	gsSPVertex(rthwomps_rthwomps_mesh_layer_1_vtx_0 + 30, 22, 0),
	gsSP2Triangles(0, 1, 2, 0, 0, 2, 3, 0),
	gsSP2Triangles(4, 5, 6, 0, 5, 4, 7, 0),
	gsSP2Triangles(5, 7, 8, 0, 8, 7, 9, 0),
	gsSP2Triangles(10, 11, 12, 0, 10, 12, 13, 0),
	gsSP2Triangles(14, 15, 16, 0, 14, 16, 17, 0),
	gsSP2Triangles(18, 19, 20, 0, 18, 20, 21, 0),
	gsSPEndDisplayList(),
};

Vtx rthwomps_rthwomps_mesh_layer_1_vtx_1[170] = {
	{{ {-4973, -1574, -2639}, 0, {10460, 3061}, {231, 231, 231, 255} }},
	{{ {-4973, -142, -2639}, 0, {10460, -2069}, {231, 231, 231, 255} }},
	{{ {-4973, -142, -240}, 0, {1868, -2069}, {231, 231, 231, 255} }},
	{{ {-4973, -1574, -240}, 0, {1868, 3061}, {231, 231, 231, 255} }},
	{{ {-4973, -142, 240}, 0, {148, -2069}, {127, 127, 127, 255} }},
	{{ {-4973, -1574, 240}, 0, {148, 3061}, {127, 127, 127, 255} }},
	{{ {-4973, -1574, -240}, 0, {1868, 3061}, {127, 127, 127, 255} }},
	{{ {-4973, -142, -240}, 0, {1868, -2069}, {127, 127, 127, 255} }},
	{{ {-4973, -1574, 2639}, 0, {-8444, 3061}, {231, 231, 231, 255} }},
	{{ {-4973, -1574, 240}, 0, {148, 3061}, {231, 231, 231, 255} }},
	{{ {-4973, -142, 240}, 0, {148, -2069}, {231, 231, 231, 255} }},
	{{ {-4973, -142, 2639}, 0, {-8444, -2069}, {231, 231, 231, 255} }},
	{{ {-2240, -1574, 2973}, 0, {148, 3061}, {127, 127, 127, 255} }},
	{{ {-2240, -142, 2973}, 0, {148, -2069}, {127, 127, 127, 255} }},
	{{ {-1760, -142, 2973}, 0, {1868, -2069}, {127, 127, 127, 255} }},
	{{ {-1760, -1574, 2973}, 0, {1868, 3061}, {127, 127, 127, 255} }},
	{{ {-2240, -142, 2973}, 0, {148, -2069}, {255, 255, 255, 255} }},
	{{ {-2240, -1574, 2973}, 0, {148, 3061}, {255, 255, 255, 255} }},
	{{ {-2550, -142, 2973}, 0, {-962, -2069}, {255, 255, 255, 255} }},
	{{ {-2550, -1574, 2973}, 0, {-962, 3061}, {255, 255, 255, 255} }},
	{{ {-3150, -142, 2973}, 0, {-3111, -2069}, {255, 255, 255, 255} }},
	{{ {-2850, -142, 2973}, 0, {-2037, -2069}, {255, 255, 255, 255} }},
	{{ {-2850, -1574, 2973}, 0, {-2037, 3061}, {255, 255, 255, 255} }},
	{{ {-3150, -1574, 2973}, 0, {-3111, 3061}, {255, 255, 255, 255} }},
	{{ {-3760, -142, 2973}, 0, {-5296, -2069}, {255, 255, 255, 255} }},
	{{ {-3450, -142, 2973}, 0, {-4186, -2069}, {255, 255, 255, 255} }},
	{{ {-3450, -1574, 2973}, 0, {-4186, 3061}, {255, 255, 255, 255} }},
	{{ {-3760, -1574, 2973}, 0, {-5296, 3061}, {255, 255, 255, 255} }},
	{{ {-4639, -142, 2973}, 0, {-8444, -2069}, {255, 255, 255, 255} }},
	{{ {-4240, -142, 2973}, 0, {-7016, -2069}, {255, 255, 255, 255} }},
	{{ {-4240, -1574, 2973}, 0, {-7016, 3061}, {255, 255, 255, 255} }},
	{{ {-4639, -1574, 2973}, 0, {-8444, 3061}, {255, 255, 255, 255} }},
	{{ {-4240, -142, 2973}, 0, {-7016, -2069}, {127, 127, 127, 255} }},
	{{ {-3760, -142, 2973}, 0, {-5296, -2069}, {127, 127, 127, 255} }},
	{{ {-3760, -1574, 2973}, 0, {-5296, 3061}, {127, 127, 127, 255} }},
	{{ {-4240, -1574, 2973}, 0, {-7016, 3061}, {127, 127, 127, 255} }},
	{{ {-3450, -142, 2973}, 0, {-4186, -2069}, {127, 127, 127, 255} }},
	{{ {-3150, -142, 2973}, 0, {-3111, -2069}, {127, 127, 127, 255} }},
	{{ {-3150, -1574, 2973}, 0, {-3111, 3061}, {127, 127, 127, 255} }},
	{{ {-3450, -1574, 2973}, 0, {-4186, 3061}, {127, 127, 127, 255} }},
	{{ {-2850, -142, 2973}, 0, {-2037, -2069}, {127, 127, 127, 255} }},
	{{ {-2550, -142, 2973}, 0, {-962, -2069}, {127, 127, 127, 255} }},
	{{ {-2550, -1574, 2973}, 0, {-962, 3061}, {127, 127, 127, 255} }},
	{{ {-2850, -1574, 2973}, 0, {-2037, 3061}, {127, 127, 127, 255} }},
	{{ {-1450, -142, 2973}, 0, {2978, -2069}, {255, 255, 255, 255} }},
	{{ {-1450, -1574, 2973}, 0, {2978, 3061}, {255, 255, 255, 255} }},
	{{ {-1760, -1574, 2973}, 0, {1868, 3061}, {255, 255, 255, 255} }},
	{{ {-1760, -142, 2973}, 0, {1868, -2069}, {255, 255, 255, 255} }},
	{{ {-1450, -142, 2973}, 0, {2978, -2069}, {127, 127, 127, 255} }},
	{{ {-1150, -142, 2973}, 0, {4053, -2069}, {127, 127, 127, 255} }},
	{{ {-1150, -1574, 2973}, 0, {4053, 3061}, {127, 127, 127, 255} }},
	{{ {-1450, -1574, 2973}, 0, {2978, 3061}, {127, 127, 127, 255} }},
	{{ {-850, -142, 2973}, 0, {5127, -2069}, {255, 255, 255, 255} }},
	{{ {-850, -1574, 2973}, 0, {5127, 3061}, {255, 255, 255, 255} }},
	{{ {-1150, -1574, 2973}, 0, {4053, 3061}, {255, 255, 255, 255} }},
	{{ {-1150, -142, 2973}, 0, {4053, -2069}, {255, 255, 255, 255} }},
	{{ {-850, -142, 2973}, 0, {5127, -2069}, {127, 127, 127, 255} }},
	{{ {-550, -142, 2973}, 0, {6202, -2069}, {127, 127, 127, 255} }},
	{{ {-550, -1574, 2973}, 0, {6202, 3061}, {127, 127, 127, 255} }},
	{{ {-850, -1574, 2973}, 0, {5127, 3061}, {127, 127, 127, 255} }},
	{{ {-240, -142, 2973}, 0, {7312, -2069}, {255, 255, 255, 255} }},
	{{ {-240, -1574, 2973}, 0, {7312, 3061}, {255, 255, 255, 255} }},
	{{ {-550, -1574, 2973}, 0, {6202, 3061}, {255, 255, 255, 255} }},
	{{ {-550, -142, 2973}, 0, {6202, -2069}, {255, 255, 255, 255} }},
	{{ {-240, -1574, 2973}, 0, {7312, 3061}, {127, 127, 127, 255} }},
	{{ {-240, -142, 2973}, 0, {7312, -2069}, {127, 127, 127, 255} }},
	{{ {-200, -1574, 2973}, 0, {7456, 3061}, {127, 127, 127, 255} }},
	{{ {200, -1574, 2973}, 0, {8888, 3061}, {127, 127, 127, 255} }},
	{{ {240, -1574, 2973}, 0, {9032, 3061}, {127, 127, 127, 255} }},
	{{ {240, -142, 2973}, 0, {9032, -2069}, {127, 127, 127, 255} }},
	{{ {639, -1574, 2973}, 0, {10460, 3061}, {255, 255, 255, 255} }},
	{{ {240, -1574, 2973}, 0, {9032, 3061}, {255, 255, 255, 255} }},
	{{ {240, -142, 2973}, 0, {9032, -2069}, {255, 255, 255, 255} }},
	{{ {639, -142, 2973}, 0, {10460, -2069}, {255, 255, 255, 255} }},
	{{ {973, -1574, 2639}, 0, {-8444, 3061}, {231, 231, 231, 255} }},
	{{ {973, -142, 2639}, 0, {-8444, -2069}, {231, 231, 231, 255} }},
	{{ {973, -142, 240}, 0, {148, -2069}, {231, 231, 231, 255} }},
	{{ {973, -1574, 240}, 0, {148, 3061}, {231, 231, 231, 255} }},
	{{ {973, -1574, -2639}, 0, {10460, 3061}, {231, 231, 231, 255} }},
	{{ {973, -1574, -240}, 0, {1868, 3061}, {231, 231, 231, 255} }},
	{{ {973, -142, -240}, 0, {1868, -2069}, {231, 231, 231, 255} }},
	{{ {973, -142, -2639}, 0, {10460, -2069}, {231, 231, 231, 255} }},
	{{ {973, -142, -240}, 0, {1868, -2069}, {127, 127, 127, 255} }},
	{{ {973, -1574, -240}, 0, {1868, 3061}, {127, 127, 127, 255} }},
	{{ {973, -1574, 240}, 0, {148, 3061}, {127, 127, 127, 255} }},
	{{ {973, -142, 240}, 0, {148, -2069}, {127, 127, 127, 255} }},
	{{ {639, -1574, -2973}, 0, {10460, 3061}, {255, 255, 255, 255} }},
	{{ {639, -142, -2973}, 0, {10460, -2069}, {255, 255, 255, 255} }},
	{{ {-1760, -142, -2973}, 0, {1868, -2069}, {255, 255, 255, 255} }},
	{{ {-1760, -1574, -2973}, 0, {1868, 3061}, {255, 255, 255, 255} }},
	{{ {-2240, -142, -2973}, 0, {148, -2069}, {127, 127, 127, 255} }},
	{{ {-2240, -1574, -2973}, 0, {148, 3061}, {127, 127, 127, 255} }},
	{{ {-1760, -1574, -2973}, 0, {1868, 3061}, {127, 127, 127, 255} }},
	{{ {-1760, -142, -2973}, 0, {1868, -2069}, {127, 127, 127, 255} }},
	{{ {-4639, -1574, -2973}, 0, {-8444, 3061}, {255, 255, 255, 255} }},
	{{ {-2240, -1574, -2973}, 0, {148, 3061}, {255, 255, 255, 255} }},
	{{ {-2240, -142, -2973}, 0, {148, -2069}, {255, 255, 255, 255} }},
	{{ {-4639, -142, -2973}, 0, {-8444, -2069}, {255, 255, 255, 255} }},
	{{ {-4973, 2192, -2639}, 0, {10854, -3593}, {0, 0, 0, 255} }},
	{{ {-4973, 2192, 2639}, 0, {-8838, -3593}, {0, 0, 0, 255} }},
	{{ {-4973, 1494, 2639}, 0, {-8838, -990}, {231, 231, 231, 255} }},
	{{ {-4973, 1494, -2639}, 0, {10854, -990}, {231, 231, 231, 255} }},
	{{ {-4973, 600, 200}, 0, {262, 2346}, {231, 231, 231, 255} }},
	{{ {-4973, 600, 240}, 0, {113, 2346}, {231, 231, 231, 255} }},
	{{ {-4973, 560, 240}, 0, {113, 2496}, {231, 231, 231, 255} }},
	{{ {-4973, 0, 240}, 0, {113, 4585}, {231, 231, 231, 255} }},
	{{ {-4973, 0, 2639}, 0, {-8838, 4585}, {231, 231, 231, 255} }},
	{{ {-4973, 600, -200}, 0, {1754, 2346}, {231, 231, 231, 255} }},
	{{ {-4973, 600, -240}, 0, {1903, 2346}, {231, 231, 231, 255} }},
	{{ {-4973, 560, -240}, 0, {1903, 2496}, {231, 231, 231, 255} }},
	{{ {-4973, 0, -240}, 0, {1903, 4585}, {231, 231, 231, 255} }},
	{{ {-4973, 0, -2639}, 0, {10854, 4585}, {231, 231, 231, 255} }},
	{{ {639, 2192, -2973}, 0, {10854, -3593}, {0, 0, 0, 255} }},
	{{ {-4639, 2192, -2973}, 0, {-8838, -3593}, {0, 0, 0, 255} }},
	{{ {-4639, 1494, -2973}, 0, {-8838, -990}, {255, 255, 255, 255} }},
	{{ {639, 1494, -2973}, 0, {10854, -990}, {255, 255, 255, 255} }},
	{{ {-1760, 600, -2973}, 0, {1903, 2346}, {255, 255, 255, 255} }},
	{{ {-1800, 600, -2973}, 0, {1754, 2346}, {255, 255, 255, 255} }},
	{{ {-2200, 600, -2973}, 0, {262, 2346}, {255, 255, 255, 255} }},
	{{ {-2240, 600, -2973}, 0, {113, 2346}, {255, 255, 255, 255} }},
	{{ {-2240, 560, -2973}, 0, {113, 2496}, {255, 255, 255, 255} }},
	{{ {-4639, 0, -2973}, 0, {-8838, 4585}, {255, 255, 255, 255} }},
	{{ {-2240, 0, -2973}, 0, {113, 4585}, {255, 255, 255, 255} }},
	{{ {-1760, 560, -2973}, 0, {1903, 2496}, {255, 255, 255, 255} }},
	{{ {-1760, 0, -2973}, 0, {1903, 4585}, {255, 255, 255, 255} }},
	{{ {639, 0, -2973}, 0, {10854, 4585}, {255, 255, 255, 255} }},
	{{ {973, 1494, -2639}, 0, {10854, -990}, {231, 231, 231, 255} }},
	{{ {973, 2192, 2639}, 0, {-8838, -3593}, {2, 2, 2, 255} }},
	{{ {973, 2192, -2639}, 0, {10854, -3593}, {0, 0, 0, 255} }},
	{{ {973, 1494, 2639}, 0, {-8838, -990}, {231, 231, 231, 255} }},
	{{ {973, 600, 200}, 0, {262, 2346}, {231, 231, 231, 255} }},
	{{ {973, 600, -200}, 0, {1754, 2346}, {231, 231, 231, 255} }},
	{{ {973, 600, -240}, 0, {1903, 2346}, {231, 231, 231, 255} }},
	{{ {973, 560, -240}, 0, {1903, 2496}, {231, 231, 231, 255} }},
	{{ {973, 0, -2639}, 0, {10854, 4585}, {231, 231, 231, 255} }},
	{{ {973, 0, -240}, 0, {1903, 4585}, {231, 231, 231, 255} }},
	{{ {973, 600, 240}, 0, {113, 2346}, {231, 231, 231, 255} }},
	{{ {973, 560, 240}, 0, {113, 2496}, {231, 231, 231, 255} }},
	{{ {973, 0, 240}, 0, {113, 4585}, {231, 231, 231, 255} }},
	{{ {973, 0, 2639}, 0, {-8838, 4585}, {231, 231, 231, 255} }},
	{{ {639, 1494, 2973}, 0, {10854, -990}, {255, 255, 255, 255} }},
	{{ {-4639, 2192, 2973}, 0, {-8838, -3593}, {0, 0, 0, 255} }},
	{{ {639, 2192, 2973}, 0, {10854, -3593}, {0, 0, 0, 255} }},
	{{ {-4639, 1494, 2973}, 0, {-8838, -990}, {255, 255, 255, 255} }},
	{{ {200, 600, 2973}, 0, {9216, 2346}, {255, 255, 255, 255} }},
	{{ {240, 600, 2973}, 0, {9365, 2346}, {255, 255, 255, 255} }},
	{{ {240, 560, 2973}, 0, {9365, 2496}, {255, 255, 255, 255} }},
	{{ {639, 0, 2973}, 0, {10854, 4585}, {255, 255, 255, 255} }},
	{{ {240, 0, 2973}, 0, {9365, 4585}, {255, 255, 255, 255} }},
	{{ {-200, 600, 2973}, 0, {7724, 2346}, {255, 255, 255, 255} }},
	{{ {-240, 600, 2973}, 0, {7575, 2346}, {255, 255, 255, 255} }},
	{{ {-240, 560, 2973}, 0, {7575, 2496}, {255, 255, 255, 255} }},
	{{ {-550, 0, 2973}, 0, {6418, 4585}, {255, 255, 255, 255} }},
	{{ {-240, 0, 2973}, 0, {7575, 4585}, {255, 255, 255, 255} }},
	{{ {-850, 0, 2973}, 0, {5299, 4585}, {255, 255, 255, 255} }},
	{{ {-1150, 0, 2973}, 0, {4179, 4585}, {255, 255, 255, 255} }},
	{{ {-1450, 0, 2973}, 0, {3060, 4585}, {255, 255, 255, 255} }},
	{{ {-1760, 0, 2973}, 0, {1903, 4585}, {255, 255, 255, 255} }},
	{{ {-1760, 0, 2973}, 0, {1903, 4585}, {255, 255, 255, 255} }},
	{{ {-2200, 0, 2973}, 0, {262, 4585}, {255, 255, 255, 255} }},
	{{ {-4639, 1494, 2973}, 0, {-8838, -990}, {255, 255, 255, 255} }},
	{{ {-1800, 0, 2973}, 0, {1754, 4585}, {255, 255, 255, 255} }},
	{{ {-2550, 0, 2973}, 0, {-1044, 4585}, {255, 255, 255, 255} }},
	{{ {-2850, 0, 2973}, 0, {-2163, 4585}, {255, 255, 255, 255} }},
	{{ {-3150, 0, 2973}, 0, {-3283, 4585}, {255, 255, 255, 255} }},
	{{ {-3450, 0, 2973}, 0, {-4402, 4585}, {255, 255, 255, 255} }},
	{{ {-3760, 0, 2973}, 0, {-5559, 4585}, {255, 255, 255, 255} }},
	{{ {-4240, 0, 2973}, 0, {-7349, 4585}, {255, 255, 255, 255} }},
	{{ {-4639, 0, 2973}, 0, {-8838, 4585}, {255, 255, 255, 255} }},
	{{ {-2240, 0, 2973}, 0, {113, 4585}, {255, 255, 255, 255} }},
};

Gfx rthwomps_rthwomps_mesh_layer_1_tri_1[] = {
	gsSPVertex(rthwomps_rthwomps_mesh_layer_1_vtx_1 + 0, 32, 0),
	gsSP2Triangles(0, 1, 2, 0, 0, 2, 3, 0),
	gsSP2Triangles(4, 5, 6, 0, 4, 6, 7, 0),
	gsSP2Triangles(8, 9, 10, 0, 8, 10, 11, 0),
	gsSP2Triangles(12, 13, 14, 0, 12, 14, 15, 0),
	gsSP2Triangles(16, 17, 18, 0, 17, 19, 18, 0),
	gsSP2Triangles(20, 21, 22, 0, 20, 22, 23, 0),
	gsSP2Triangles(24, 25, 26, 0, 24, 26, 27, 0),
	gsSP2Triangles(28, 29, 30, 0, 31, 28, 30, 0),
	gsSPVertex(rthwomps_rthwomps_mesh_layer_1_vtx_1 + 32, 32, 0),
	gsSP2Triangles(0, 1, 2, 0, 0, 2, 3, 0),
	gsSP2Triangles(4, 5, 6, 0, 4, 6, 7, 0),
	gsSP2Triangles(8, 9, 10, 0, 8, 10, 11, 0),
	gsSP2Triangles(12, 13, 14, 0, 12, 14, 15, 0),
	gsSP2Triangles(16, 17, 18, 0, 16, 18, 19, 0),
	gsSP2Triangles(20, 21, 22, 0, 20, 22, 23, 0),
	gsSP2Triangles(24, 25, 26, 0, 24, 26, 27, 0),
	gsSP2Triangles(28, 29, 30, 0, 28, 30, 31, 0),
	gsSPVertex(rthwomps_rthwomps_mesh_layer_1_vtx_1 + 64, 30, 0),
	gsSP2Triangles(0, 1, 2, 0, 2, 1, 3, 0),
	gsSP2Triangles(4, 3, 1, 0, 1, 5, 4, 0),
	gsSP2Triangles(6, 7, 8, 0, 6, 8, 9, 0),
	gsSP2Triangles(10, 11, 12, 0, 10, 12, 13, 0),
	gsSP2Triangles(14, 15, 16, 0, 14, 16, 17, 0),
	gsSP2Triangles(18, 19, 20, 0, 18, 20, 21, 0),
	gsSP2Triangles(22, 23, 24, 0, 22, 24, 25, 0),
	gsSP2Triangles(26, 27, 28, 0, 26, 28, 29, 0),
	gsSPVertex(rthwomps_rthwomps_mesh_layer_1_vtx_1 + 94, 32, 0),
	gsSP2Triangles(0, 1, 2, 0, 0, 2, 3, 0),
	gsSP2Triangles(4, 5, 6, 0, 4, 6, 7, 0),
	gsSP2Triangles(7, 6, 8, 0, 8, 6, 9, 0),
	gsSP2Triangles(9, 6, 10, 0, 10, 6, 11, 0),
	gsSP2Triangles(12, 11, 6, 0, 13, 7, 8, 0),
	gsSP2Triangles(14, 7, 13, 0, 15, 7, 14, 0),
	gsSP2Triangles(16, 7, 15, 0, 16, 17, 7, 0),
	gsSP2Triangles(18, 19, 20, 0, 18, 20, 21, 0),
	gsSP2Triangles(21, 20, 22, 0, 22, 20, 23, 0),
	gsSP2Triangles(24, 23, 20, 0, 25, 24, 20, 0),
	gsSP2Triangles(26, 25, 20, 0, 26, 20, 27, 0),
	gsSP2Triangles(26, 27, 28, 0, 22, 29, 21, 0),
	gsSP2Triangles(30, 21, 29, 0, 30, 31, 21, 0),
	gsSPVertex(rthwomps_rthwomps_mesh_layer_1_vtx_1 + 126, 32, 0),
	gsSP2Triangles(0, 1, 2, 0, 0, 3, 1, 0),
	gsSP2Triangles(4, 3, 0, 0, 4, 0, 5, 0),
	gsSP2Triangles(6, 5, 0, 0, 7, 6, 0, 0),
	gsSP2Triangles(7, 0, 8, 0, 7, 8, 9, 0),
	gsSP2Triangles(4, 10, 3, 0, 10, 11, 3, 0),
	gsSP2Triangles(12, 3, 11, 0, 12, 13, 3, 0),
	gsSP2Triangles(14, 15, 16, 0, 14, 17, 15, 0),
	gsSP2Triangles(14, 18, 17, 0, 18, 14, 19, 0),
	gsSP2Triangles(19, 14, 20, 0, 20, 14, 21, 0),
	gsSP2Triangles(20, 21, 22, 0, 18, 23, 17, 0),
	gsSP2Triangles(24, 17, 23, 0, 25, 17, 24, 0),
	gsSP2Triangles(25, 26, 17, 0, 25, 27, 26, 0),
	gsSP2Triangles(28, 17, 26, 0, 28, 29, 17, 0),
	gsSP2Triangles(30, 17, 29, 0, 30, 31, 17, 0),
	gsSPVertex(rthwomps_rthwomps_mesh_layer_1_vtx_1 + 158, 12, 0),
	gsSP2Triangles(0, 1, 2, 0, 0, 3, 1, 0),
	gsSP2Triangles(4, 2, 1, 0, 4, 5, 2, 0),
	gsSP2Triangles(5, 6, 2, 0, 6, 7, 2, 0),
	gsSP2Triangles(7, 8, 2, 0, 9, 2, 8, 0),
	gsSP2Triangles(2, 9, 10, 0, 4, 1, 11, 0),
	gsSPEndDisplayList(),
};

Vtx rthwomps_rthwomps_mesh_layer_1_vtx_2[142] = {
	{{ {-1760, -1574, 2973}, 0, {918, 5724}, {127, 127, 127, 255} }},
	{{ {-2240, -1574, 530}, 0, {74, 1428}, {127, 127, 127, 255} }},
	{{ {-2240, -1574, 2973}, 0, {74, 5724}, {127, 127, 127, 255} }},
	{{ {-1760, -1574, 530}, 0, {918, 1428}, {127, 127, 127, 255} }},
	{{ {-1700, -1574, 300}, 0, {1024, 1024}, {127, 127, 127, 255} }},
	{{ {-2300, -1574, 300}, 0, {-32, 1024}, {127, 127, 127, 255} }},
	{{ {-1700, -1574, -300}, 0, {1024, -32}, {127, 127, 127, 255} }},
	{{ {-1470, -1574, -240}, 0, {1428, 74}, {127, 127, 127, 255} }},
	{{ {-1470, -1574, 240}, 0, {1428, 918}, {127, 127, 127, 255} }},
	{{ {973, -1574, -240}, 0, {5724, 74}, {127, 127, 127, 255} }},
	{{ {973, -1574, 240}, 0, {5724, 918}, {127, 127, 127, 255} }},
	{{ {-2300, -1574, -300}, 0, {-32, -32}, {127, 127, 127, 255} }},
	{{ {-2240, -1574, -530}, 0, {74, -436}, {127, 127, 127, 255} }},
	{{ {-1760, -1574, -530}, 0, {918, -436}, {127, 127, 127, 255} }},
	{{ {-2240, -1574, -2973}, 0, {74, -4732}, {127, 127, 127, 255} }},
	{{ {-1760, -1574, -2973}, 0, {918, -4732}, {127, 127, 127, 255} }},
	{{ {-2530, -1574, -240}, 0, {-436, 74}, {127, 127, 127, 255} }},
	{{ {-2530, -1574, 240}, 0, {-436, 918}, {127, 127, 127, 255} }},
	{{ {-4973, -1574, -240}, 0, {-4732, 74}, {127, 127, 127, 255} }},
	{{ {-4973, -1574, 240}, 0, {-4732, 918}, {127, 127, 127, 255} }},
	{{ {-3891, -1574, -1205}, 0, {-2829, -1622}, {255, 255, 255, 255} }},
	{{ {-3891, -1574, -531}, 0, {-2829, -438}, {255, 255, 255, 255} }},
	{{ {-3217, -1574, -531}, 0, {-1645, -438}, {255, 255, 255, 255} }},
	{{ {-3217, -1574, -1205}, 0, {-1645, -1622}, {255, 255, 255, 255} }},
	{{ {-1150, -1574, 2515}, 0, {1991, 4919}, {127, 127, 127, 255} }},
	{{ {-1450, -1574, 2515}, 0, {1463, 4919}, {127, 127, 127, 255} }},
	{{ {-1450, -1574, 2973}, 0, {1463, 5724}, {127, 127, 127, 255} }},
	{{ {-1150, -1574, 2973}, 0, {1991, 5724}, {127, 127, 127, 255} }},
	{{ {-550, -1574, 2515}, 0, {3046, 4919}, {127, 127, 127, 255} }},
	{{ {-850, -1574, 2515}, 0, {2518, 4919}, {127, 127, 127, 255} }},
	{{ {-850, -1574, 2973}, 0, {2518, 5724}, {127, 127, 127, 255} }},
	{{ {-550, -1574, 2973}, 0, {3046, 5724}, {127, 127, 127, 255} }},
	{{ {-200, -1574, 2973}, 0, {3661, 5724}, {127, 127, 127, 255} }},
	{{ {-240, -1574, 2515}, 0, {3591, 4919}, {127, 127, 127, 255} }},
	{{ {-240, -1574, 2973}, 0, {3591, 5724}, {127, 127, 127, 255} }},
	{{ {200, -1574, 2973}, 0, {4365, 5724}, {127, 127, 127, 255} }},
	{{ {240, -1574, 2515}, 0, {4435, 4919}, {127, 127, 127, 255} }},
	{{ {240, -1574, 2973}, 0, {4435, 5724}, {127, 127, 127, 255} }},
	{{ {-2850, -1574, 2515}, 0, {-999, 4919}, {127, 127, 127, 255} }},
	{{ {-2850, -1574, 2973}, 0, {-999, 5724}, {127, 127, 127, 255} }},
	{{ {-2550, -1574, 2973}, 0, {-471, 5724}, {127, 127, 127, 255} }},
	{{ {-2550, -1574, 2515}, 0, {-471, 4919}, {127, 127, 127, 255} }},
	{{ {-3450, -1574, 2515}, 0, {-2054, 4919}, {127, 127, 127, 255} }},
	{{ {-3450, -1574, 2973}, 0, {-2054, 5724}, {127, 127, 127, 255} }},
	{{ {-3150, -1574, 2973}, 0, {-1526, 5724}, {127, 127, 127, 255} }},
	{{ {-3150, -1574, 2515}, 0, {-1526, 4919}, {127, 127, 127, 255} }},
	{{ {-3760, -1574, 2515}, 0, {-2599, 4919}, {127, 127, 127, 255} }},
	{{ {-4240, -1574, 2515}, 0, {-3443, 4919}, {127, 127, 127, 255} }},
	{{ {-4240, -1574, 2973}, 0, {-3443, 5724}, {127, 127, 127, 255} }},
	{{ {-3760, -1574, 2973}, 0, {-2599, 5724}, {127, 127, 127, 255} }},
	{{ {-4639, -1574, 2973}, 0, {-4144, 5724}, {255, 255, 255, 255} }},
	{{ {-4240, -1574, 2973}, 0, {-3443, 5724}, {255, 255, 255, 255} }},
	{{ {-4240, -1574, 2515}, 0, {-3443, 4919}, {255, 255, 255, 255} }},
	{{ {-4973, -1574, 2639}, 0, {-4732, 5136}, {255, 255, 255, 255} }},
	{{ {-4973, -1574, 240}, 0, {-4732, 918}, {255, 255, 255, 255} }},
	{{ {-2530, -1574, 240}, 0, {-436, 918}, {255, 255, 255, 255} }},
	{{ {-3760, -1574, 2515}, 0, {-2599, 4919}, {255, 255, 255, 255} }},
	{{ {-3450, -1574, 2515}, 0, {-2054, 4919}, {255, 255, 255, 255} }},
	{{ {-3450, -1574, 2973}, 0, {-2054, 5724}, {255, 255, 255, 255} }},
	{{ {-3760, -1574, 2973}, 0, {-2599, 5724}, {255, 255, 255, 255} }},
	{{ {-2240, -1574, 530}, 0, {74, 1428}, {255, 255, 255, 255} }},
	{{ {-3150, -1574, 2515}, 0, {-1526, 4919}, {255, 255, 255, 255} }},
	{{ {-2850, -1574, 2515}, 0, {-999, 4919}, {255, 255, 255, 255} }},
	{{ {-3150, -1574, 2973}, 0, {-1526, 5724}, {255, 255, 255, 255} }},
	{{ {-2850, -1574, 2515}, 0, {-999, 4919}, {255, 255, 255, 255} }},
	{{ {-3150, -1574, 2973}, 0, {-1526, 5724}, {255, 255, 255, 255} }},
	{{ {-2850, -1574, 2973}, 0, {-999, 5724}, {255, 255, 255, 255} }},
	{{ {-2550, -1574, 2515}, 0, {-471, 4919}, {255, 255, 255, 255} }},
	{{ {-2240, -1574, 530}, 0, {74, 1428}, {255, 255, 255, 255} }},
	{{ {-2550, -1574, 2973}, 0, {-471, 5724}, {255, 255, 255, 255} }},
	{{ {-2240, -1574, 2973}, 0, {74, 5724}, {255, 255, 255, 255} }},
	{{ {-2300, -1574, 300}, 0, {-32, 1024}, {255, 255, 255, 255} }},
	{{ {-2530, -1574, 240}, 0, {-436, 918}, {255, 255, 255, 255} }},
	{{ {-1760, -1574, 530}, 0, {918, 1428}, {255, 255, 255, 255} }},
	{{ {-1760, -1574, 2973}, 0, {918, 5724}, {255, 255, 255, 255} }},
	{{ {-1450, -1574, 2973}, 0, {1463, 5724}, {255, 255, 255, 255} }},
	{{ {-1450, -1574, 2515}, 0, {1463, 4919}, {255, 255, 255, 255} }},
	{{ {-1470, -1574, 240}, 0, {1428, 918}, {255, 255, 255, 255} }},
	{{ {-1150, -1574, 2515}, 0, {1991, 4919}, {255, 255, 255, 255} }},
	{{ {-850, -1574, 2515}, 0, {2518, 4919}, {255, 255, 255, 255} }},
	{{ {-1150, -1574, 2973}, 0, {1991, 5724}, {255, 255, 255, 255} }},
	{{ {-850, -1574, 2973}, 0, {2518, 5724}, {255, 255, 255, 255} }},
	{{ {-550, -1574, 2515}, 0, {3046, 4919}, {255, 255, 255, 255} }},
	{{ {-240, -1574, 2515}, 0, {3591, 4919}, {255, 255, 255, 255} }},
	{{ {-550, -1574, 2973}, 0, {3046, 5724}, {255, 255, 255, 255} }},
	{{ {-240, -1574, 2973}, 0, {3591, 5724}, {255, 255, 255, 255} }},
	{{ {240, -1574, 2515}, 0, {4435, 4919}, {255, 255, 255, 255} }},
	{{ {973, -1574, 240}, 0, {5724, 918}, {255, 255, 255, 255} }},
	{{ {973, -1574, 2639}, 0, {5724, 5136}, {255, 255, 255, 255} }},
	{{ {240, -1574, 2973}, 0, {4435, 5724}, {255, 255, 255, 255} }},
	{{ {639, -1574, 2973}, 0, {5136, 5724}, {255, 255, 255, 255} }},
	{{ {-1700, -1574, 300}, 0, {1024, 1024}, {255, 255, 255, 255} }},
	{{ {-1700, -1574, -300}, 0, {1024, -32}, {255, 255, 255, 255} }},
	{{ {-1470, -1574, -240}, 0, {1428, 74}, {255, 255, 255, 255} }},
	{{ {-1760, -1574, -530}, 0, {918, -436}, {255, 255, 255, 255} }},
	{{ {-1760, -1574, -2973}, 0, {918, -4732}, {255, 255, 255, 255} }},
	{{ {-1760, -1574, -2973}, 0, {918, -4732}, {255, 255, 255, 255} }},
	{{ {-1470, -1574, -240}, 0, {1428, 74}, {255, 255, 255, 255} }},
	{{ {639, -1574, -2973}, 0, {5136, -4732}, {255, 255, 255, 255} }},
	{{ {973, -1574, -2639}, 0, {5724, -4144}, {255, 255, 255, 255} }},
	{{ {973, -1574, -240}, 0, {5724, 74}, {255, 255, 255, 255} }},
	{{ {-3891, -1574, -2216}, 0, {-2829, -3400}, {255, 255, 255, 255} }},
	{{ {-3891, -1574, -1542}, 0, {-2829, -2216}, {255, 255, 255, 255} }},
	{{ {-2470, -1574, -1542}, 0, {-330, -2216}, {255, 255, 255, 255} }},
	{{ {-2470, -1574, -2216}, 0, {-330, -3400}, {255, 255, 255, 255} }},
	{{ {-3891, -1574, -531}, 0, {-2829, -438}, {127, 127, 127, 255} }},
	{{ {-3891, -1574, -1205}, 0, {-2829, -1622}, {127, 127, 127, 255} }},
	{{ {-3928, -1574, -1242}, 0, {-2894, -1688}, {127, 127, 127, 255} }},
	{{ {-3180, -1574, -1242}, 0, {-1579, -1688}, {127, 127, 127, 255} }},
	{{ {-3217, -1574, -1205}, 0, {-1645, -1622}, {127, 127, 127, 255} }},
	{{ {-3180, -1574, -494}, 0, {-1579, -373}, {127, 127, 127, 255} }},
	{{ {-3217, -1574, -531}, 0, {-1645, -438}, {127, 127, 127, 255} }},
	{{ {-3928, -1574, -494}, 0, {-2894, -373}, {127, 127, 127, 255} }},
	{{ {-3891, -1574, -1542}, 0, {-2829, -2216}, {127, 127, 127, 255} }},
	{{ {-3891, -1574, -2216}, 0, {-2829, -3400}, {127, 127, 127, 255} }},
	{{ {-3928, -1574, -2253}, 0, {-2894, -3465}, {127, 127, 127, 255} }},
	{{ {-2433, -1574, -2253}, 0, {-265, -3465}, {127, 127, 127, 255} }},
	{{ {-2470, -1574, -2216}, 0, {-330, -3400}, {127, 127, 127, 255} }},
	{{ {-2433, -1574, -1505}, 0, {-265, -2151}, {127, 127, 127, 255} }},
	{{ {-2470, -1574, -1542}, 0, {-330, -2216}, {127, 127, 127, 255} }},
	{{ {-3928, -1574, -1505}, 0, {-2894, -2151}, {127, 127, 127, 255} }},
	{{ {-2240, -1574, -530}, 0, {74, -436}, {255, 255, 255, 255} }},
	{{ {-3180, -1574, -494}, 0, {-1579, -373}, {255, 255, 255, 255} }},
	{{ {-2300, -1574, -300}, 0, {-32, -32}, {255, 255, 255, 255} }},
	{{ {-3180, -1574, -1242}, 0, {-1579, -1688}, {255, 255, 255, 255} }},
	{{ {-2433, -1574, -1505}, 0, {-265, -2151}, {255, 255, 255, 255} }},
	{{ {-2433, -1574, -2253}, 0, {-265, -3465}, {255, 255, 255, 255} }},
	{{ {-2240, -1574, -2973}, 0, {74, -4732}, {255, 255, 255, 255} }},
	{{ {-2240, -1574, -2973}, 0, {74, -4732}, {255, 255, 255, 255} }},
	{{ {-3928, -1574, -2253}, 0, {-2894, -3465}, {255, 255, 255, 255} }},
	{{ {-2433, -1574, -2253}, 0, {-265, -3465}, {255, 255, 255, 255} }},
	{{ {-4639, -1574, -2973}, 0, {-4144, -4732}, {255, 255, 255, 255} }},
	{{ {-4973, -1574, -2639}, 0, {-4732, -4144}, {255, 255, 255, 255} }},
	{{ {-3928, -1574, -1505}, 0, {-2894, -2151}, {255, 255, 255, 255} }},
	{{ {-4973, -1574, -240}, 0, {-4732, 74}, {255, 255, 255, 255} }},
	{{ {-3928, -1574, -1242}, 0, {-2894, -1688}, {255, 255, 255, 255} }},
	{{ {-3928, -1574, -494}, 0, {-2894, -373}, {255, 255, 255, 255} }},
	{{ {-2530, -1574, -240}, 0, {-436, 74}, {255, 255, 255, 255} }},
	{{ {-2300, -1574, -300}, 0, {-32, -32}, {255, 255, 255, 255} }},
	{{ {-3180, -1574, -494}, 0, {-1579, -373}, {255, 255, 255, 255} }},
	{{ {-3180, -1574, -1242}, 0, {-1579, -1688}, {255, 255, 255, 255} }},
	{{ {-2433, -1574, -1505}, 0, {-265, -2151}, {255, 255, 255, 255} }},
};

Gfx rthwomps_rthwomps_mesh_layer_1_tri_2[] = {
	gsSPVertex(rthwomps_rthwomps_mesh_layer_1_vtx_2 + 0, 32, 0),
	gsSP2Triangles(0, 1, 2, 0, 0, 3, 1, 0),
	gsSP2Triangles(4, 1, 3, 0, 4, 5, 1, 0),
	gsSP2Triangles(6, 5, 4, 0, 4, 7, 6, 0),
	gsSP2Triangles(4, 8, 7, 0, 9, 7, 8, 0),
	gsSP2Triangles(9, 8, 10, 0, 6, 11, 5, 0),
	gsSP2Triangles(6, 12, 11, 0, 6, 13, 12, 0),
	gsSP2Triangles(13, 14, 12, 0, 13, 15, 14, 0),
	gsSP2Triangles(5, 11, 16, 0, 5, 16, 17, 0),
	gsSP2Triangles(18, 17, 16, 0, 18, 19, 17, 0),
	gsSP2Triangles(20, 21, 22, 0, 20, 22, 23, 0),
	gsSP2Triangles(24, 25, 26, 0, 24, 26, 27, 0),
	gsSP2Triangles(28, 29, 30, 0, 28, 30, 31, 0),
	gsSPVertex(rthwomps_rthwomps_mesh_layer_1_vtx_2 + 32, 32, 0),
	gsSP2Triangles(0, 1, 2, 0, 1, 0, 3, 0),
	gsSP2Triangles(1, 3, 4, 0, 4, 3, 5, 0),
	gsSP2Triangles(6, 7, 8, 0, 6, 8, 9, 0),
	gsSP2Triangles(10, 11, 12, 0, 10, 12, 13, 0),
	gsSP2Triangles(14, 15, 16, 0, 14, 16, 17, 0),
	gsSP2Triangles(18, 19, 20, 0, 18, 20, 21, 0),
	gsSP2Triangles(22, 21, 20, 0, 22, 20, 23, 0),
	gsSP2Triangles(20, 24, 23, 0, 23, 24, 25, 0),
	gsSP2Triangles(26, 25, 24, 0, 26, 24, 27, 0),
	gsSP2Triangles(23, 25, 28, 0, 25, 29, 28, 0),
	gsSP2Triangles(28, 29, 30, 0, 30, 29, 31, 0),
	gsSPVertex(rthwomps_rthwomps_mesh_layer_1_vtx_2 + 64, 32, 0),
	gsSP2Triangles(0, 1, 2, 0, 0, 3, 4, 0),
	gsSP2Triangles(4, 3, 5, 0, 4, 5, 6, 0),
	gsSP2Triangles(7, 8, 4, 0, 9, 10, 11, 0),
	gsSP2Triangles(9, 11, 12, 0, 13, 9, 12, 0),
	gsSP2Triangles(13, 12, 14, 0, 14, 15, 13, 0),
	gsSP2Triangles(15, 14, 16, 0, 15, 16, 17, 0),
	gsSP2Triangles(15, 18, 13, 0, 18, 19, 13, 0),
	gsSP2Triangles(19, 18, 20, 0, 19, 20, 21, 0),
	gsSP2Triangles(19, 22, 13, 0, 23, 13, 22, 0),
	gsSP2Triangles(23, 22, 24, 0, 24, 22, 25, 0),
	gsSP2Triangles(24, 25, 26, 0, 9, 13, 27, 0),
	gsSP2Triangles(28, 29, 30, 0, 29, 31, 30, 0),
	gsSPVertex(rthwomps_rthwomps_mesh_layer_1_vtx_2 + 96, 32, 0),
	gsSP2Triangles(0, 1, 2, 0, 2, 1, 3, 0),
	gsSP2Triangles(1, 4, 3, 0, 5, 6, 7, 0),
	gsSP2Triangles(5, 7, 8, 0, 9, 10, 11, 0),
	gsSP2Triangles(10, 12, 11, 0, 10, 13, 12, 0),
	gsSP2Triangles(13, 14, 12, 0, 13, 15, 14, 0),
	gsSP2Triangles(15, 16, 14, 0, 15, 9, 16, 0),
	gsSP2Triangles(9, 11, 16, 0, 17, 18, 19, 0),
	gsSP2Triangles(18, 20, 19, 0, 18, 21, 20, 0),
	gsSP2Triangles(21, 22, 20, 0, 21, 23, 22, 0),
	gsSP2Triangles(23, 24, 22, 0, 23, 17, 24, 0),
	gsSP2Triangles(17, 19, 24, 0, 25, 26, 27, 0),
	gsSP2Triangles(28, 26, 25, 0, 28, 25, 29, 0),
	gsSP2Triangles(25, 30, 29, 0, 25, 31, 30, 0),
	gsSPVertex(rthwomps_rthwomps_mesh_layer_1_vtx_2 + 128, 14, 0),
	gsSP2Triangles(0, 1, 2, 0, 0, 3, 1, 0),
	gsSP2Triangles(1, 3, 4, 0, 4, 5, 1, 0),
	gsSP2Triangles(4, 6, 5, 0, 5, 6, 7, 0),
	gsSP2Triangles(8, 7, 6, 0, 9, 8, 6, 0),
	gsSP2Triangles(10, 8, 9, 0, 11, 8, 10, 0),
	gsSP2Triangles(12, 5, 7, 0, 12, 13, 5, 0),
	gsSPEndDisplayList(),
};

Vtx rthwomps_rthwomps_mesh_layer_1_vtx_3[215] = {
	{{ {-1700, 100, 300}, 0, {-546, 157}, {124, 124, 124, 255} }},
	{{ {-1760, 0, 530}, 0, {-1345, 505}, {178, 178, 178, 255} }},
	{{ {-1700, 0, 300}, 0, {-546, 505}, {124, 124, 124, 255} }},
	{{ {-2240, 0, 530}, 0, {-1345, 505}, {255, 255, 255, 255} }},
	{{ {-2300, 100, 300}, 0, {-546, 157}, {178, 178, 178, 255} }},
	{{ {-2300, 0, 300}, 0, {-546, 505}, {178, 178, 178, 255} }},
	{{ {-1700, 100, -300}, 0, {1538, 157}, {124, 124, 124, 255} }},
	{{ {-1700, 0, -300}, 0, {1538, 505}, {124, 124, 124, 255} }},
	{{ {-1760, 0, -530}, 0, {2337, 505}, {178, 178, 178, 255} }},
	{{ {-2240, 0, -530}, 0, {2337, 505}, {178, 178, 178, 255} }},
	{{ {-2300, 0, -300}, 0, {1538, 505}, {124, 124, 124, 255} }},
	{{ {-2300, 100, -300}, 0, {1538, 157}, {124, 124, 124, 255} }},
	{{ {-2300, 100, -300}, 0, {-546, 157}, {178, 178, 178, 255} }},
	{{ {-2300, 0, -300}, 0, {-546, 505}, {178, 178, 178, 255} }},
	{{ {-2530, 0, -240}, 0, {-1345, 505}, {255, 255, 255, 255} }},
	{{ {-2530, 0, 240}, 0, {-1345, 505}, {255, 255, 255, 255} }},
	{{ {-2300, 0, 300}, 0, {-546, 505}, {178, 178, 178, 255} }},
	{{ {-2300, 100, 300}, 0, {-546, 157}, {178, 178, 178, 255} }},
	{{ {-1700, 100, -300}, 0, {1538, 157}, {178, 178, 178, 255} }},
	{{ {-1470, 0, -240}, 0, {2337, 505}, {255, 255, 255, 255} }},
	{{ {-1700, 0, -300}, 0, {1538, 505}, {178, 178, 178, 255} }},
	{{ {-1470, 0, 240}, 0, {2337, 505}, {255, 255, 255, 255} }},
	{{ {-1700, 100, 300}, 0, {1538, 157}, {178, 178, 178, 255} }},
	{{ {-1700, 0, 300}, 0, {1538, 505}, {178, 178, 178, 255} }},
	{{ {-1700, 100, 300}, 0, {1538, 1538}, {255, 255, 255, 255} }},
	{{ {-2240, 0, 530}, 0, {-338, 2337}, {255, 255, 255, 255} }},
	{{ {-1760, 0, 530}, 0, {1330, 2337}, {255, 255, 255, 255} }},
	{{ {-2300, 100, 300}, 0, {-546, 1538}, {255, 255, 255, 255} }},
	{{ {-2300, 100, -300}, 0, {-546, -546}, {255, 255, 255, 255} }},
	{{ {-1700, 100, -300}, 0, {1538, -546}, {255, 255, 255, 255} }},
	{{ {-1470, 0, 240}, 0, {2337, 1330}, {255, 255, 255, 255} }},
	{{ {-1470, 0, -240}, 0, {2337, -338}, {255, 255, 255, 255} }},
	{{ {-1700, 100, -300}, 0, {1538, -546}, {255, 255, 255, 255} }},
	{{ {-2240, 0, -530}, 0, {-338, -1345}, {255, 255, 255, 255} }},
	{{ {-2300, 100, -300}, 0, {-546, -546}, {255, 255, 255, 255} }},
	{{ {-1760, 0, -530}, 0, {1330, -1345}, {255, 255, 255, 255} }},
	{{ {-2200, 0, -2973}, 0, {468, 5785}, {255, 255, 255, 255} }},
	{{ {-2240, 560, -2973}, 0, {83, 392}, {255, 255, 255, 255} }},
	{{ {-2240, 0, -2973}, 0, {83, 5785}, {255, 255, 255, 255} }},
	{{ {-2200, 560, -2973}, 0, {468, 392}, {255, 255, 255, 255} }},
	{{ {-2240, 600, -2973}, 0, {83, 7}, {255, 255, 255, 255} }},
	{{ {-2200, 600, -2973}, 0, {468, 7}, {255, 255, 255, 255} }},
	{{ {-1800, 560, -2973}, 0, {4320, 392}, {255, 255, 255, 255} }},
	{{ {-1800, 600, -2973}, 0, {4320, 7}, {255, 255, 255, 255} }},
	{{ {-1760, 560, -2973}, 0, {4705, 392}, {255, 255, 255, 255} }},
	{{ {-1760, 0, -2973}, 0, {4705, 5785}, {255, 255, 255, 255} }},
	{{ {-1800, 0, -2973}, 0, {4320, 5785}, {255, 255, 255, 255} }},
	{{ {-1760, 600, -2973}, 0, {4705, 7}, {255, 255, 255, 255} }},
	{{ {-2530, 0, -240}, 0, {-1345, -338}, {255, 255, 255, 255} }},
	{{ {-2530, 0, 240}, 0, {-1345, 1330}, {255, 255, 255, 255} }},
	{{ {-2300, 100, 300}, 0, {-546, 1538}, {255, 255, 255, 255} }},
	{{ {-4973, 0, 200}, 0, {393, 5785}, {255, 255, 255, 255} }},
	{{ {-4973, 560, 240}, 0, {8, 392}, {255, 255, 255, 255} }},
	{{ {-4973, 0, 240}, 0, {8, 5785}, {255, 255, 255, 255} }},
	{{ {-4973, 560, 200}, 0, {393, 392}, {255, 255, 255, 255} }},
	{{ {-4973, 600, 240}, 0, {8, 7}, {255, 255, 255, 255} }},
	{{ {-4973, 600, 200}, 0, {393, 7}, {255, 255, 255, 255} }},
	{{ {-4973, 560, -200}, 0, {4246, 392}, {255, 255, 255, 255} }},
	{{ {-4973, 600, -200}, 0, {4246, 7}, {255, 255, 255, 255} }},
	{{ {-4973, 560, -240}, 0, {4631, 392}, {255, 255, 255, 255} }},
	{{ {-4973, 0, -240}, 0, {4631, 5785}, {255, 255, 255, 255} }},
	{{ {-4973, 0, -200}, 0, {4246, 5785}, {255, 255, 255, 255} }},
	{{ {-4973, 600, -240}, 0, {4631, 7}, {255, 255, 255, 255} }},
	{{ {973, 0, 200}, 0, {393, 5785}, {255, 255, 255, 255} }},
	{{ {973, 0, 240}, 0, {8, 5785}, {255, 255, 255, 255} }},
	{{ {973, 560, 240}, 0, {8, 392}, {255, 255, 255, 255} }},
	{{ {973, 560, 200}, 0, {393, 392}, {255, 255, 255, 255} }},
	{{ {973, 600, 240}, 0, {8, 7}, {255, 255, 255, 255} }},
	{{ {973, 600, 200}, 0, {393, 7}, {255, 255, 255, 255} }},
	{{ {973, 560, -200}, 0, {4246, 392}, {255, 255, 255, 255} }},
	{{ {973, 600, -200}, 0, {4246, 7}, {255, 255, 255, 255} }},
	{{ {973, 560, -240}, 0, {4631, 392}, {255, 255, 255, 255} }},
	{{ {973, 600, -240}, 0, {4631, 7}, {255, 255, 255, 255} }},
	{{ {973, 0, -240}, 0, {4631, 5785}, {255, 255, 255, 255} }},
	{{ {973, 0, -200}, 0, {4246, 5785}, {255, 255, 255, 255} }},
	{{ {-1450, -142, 2973}, 0, {-1180, 1015}, {178, 178, 178, 255} }},
	{{ {-1450, 0, 2973}, 0, {-1180, -23}, {178, 178, 178, 255} }},
	{{ {-1450, 0, 2515}, 0, {2172, -23}, {178, 178, 178, 255} }},
	{{ {-1450, -142, 2515}, 0, {2172, 1015}, {178, 178, 178, 255} }},
	{{ {-1450, -142, 2515}, 0, {4520, 1015}, {255, 255, 255, 255} }},
	{{ {-1450, 0, 2515}, 0, {4520, -23}, {255, 255, 255, 255} }},
	{{ {-1150, 0, 2515}, 0, {6714, -23}, {255, 255, 255, 255} }},
	{{ {-1150, -142, 2515}, 0, {6714, 1015}, {255, 255, 255, 255} }},
	{{ {-1150, -142, 2515}, 0, {2172, 1015}, {178, 178, 178, 255} }},
	{{ {-1150, 0, 2515}, 0, {2172, -23}, {178, 178, 178, 255} }},
	{{ {-1150, 0, 2973}, 0, {-1180, -23}, {124, 124, 124, 255} }},
	{{ {-1150, -142, 2973}, 0, {-1180, 1015}, {124, 124, 124, 255} }},
	{{ {-850, -142, 2973}, 0, {-1180, 1015}, {178, 178, 178, 255} }},
	{{ {-850, 0, 2973}, 0, {-1180, -23}, {178, 178, 178, 255} }},
	{{ {-850, 0, 2515}, 0, {2172, -23}, {178, 178, 178, 255} }},
	{{ {-850, -142, 2515}, 0, {2172, 1015}, {178, 178, 178, 255} }},
	{{ {-850, -142, 2515}, 0, {8909, 1015}, {255, 255, 255, 255} }},
	{{ {-850, 0, 2515}, 0, {8909, -23}, {255, 255, 255, 255} }},
	{{ {-550, 0, 2515}, 0, {11104, -23}, {255, 255, 255, 255} }},
	{{ {-550, -142, 2515}, 0, {11104, 1015}, {255, 255, 255, 255} }},
	{{ {-550, -142, 2515}, 0, {2172, 1015}, {178, 178, 178, 255} }},
	{{ {-550, 0, 2515}, 0, {2172, -23}, {178, 178, 178, 255} }},
	{{ {-550, 0, 2973}, 0, {-1180, -23}, {124, 124, 124, 255} }},
	{{ {-550, -142, 2973}, 0, {-1180, 1015}, {124, 124, 124, 255} }},
	{{ {240, 0, 2973}, 0, {14546, 3340}, {255, 255, 255, 255} }},
	{{ {200, 0, 2973}, 0, {14157, 3340}, {255, 255, 255, 255} }},
	{{ {200, 560, 2973}, 0, {14157, -2118}, {255, 255, 255, 255} }},
	{{ {240, 560, 2973}, 0, {14546, -2118}, {255, 255, 255, 255} }},
	{{ {200, 600, 2973}, 0, {14157, -2508}, {255, 255, 255, 255} }},
	{{ {-200, 600, 2973}, 0, {10258, -2508}, {255, 255, 255, 255} }},
	{{ {-200, 560, 2973}, 0, {10258, -2118}, {255, 255, 255, 255} }},
	{{ {-240, 600, 2973}, 0, {9868, -2508}, {255, 255, 255, 255} }},
	{{ {-240, 560, 2973}, 0, {9868, -2118}, {255, 255, 255, 255} }},
	{{ {-200, 0, 2973}, 0, {10258, 3340}, {255, 255, 255, 255} }},
	{{ {-240, 0, 2973}, 0, {9868, 3340}, {255, 255, 255, 255} }},
	{{ {240, 600, 2973}, 0, {14546, -2508}, {255, 255, 255, 255} }},
	{{ {-240, 0, 2515}, 0, {13372, -23}, {255, 255, 255, 255} }},
	{{ {240, 0, 2515}, 0, {16883, -23}, {255, 255, 255, 255} }},
	{{ {240, -142, 2515}, 0, {16883, 1015}, {255, 255, 255, 255} }},
	{{ {-240, -142, 2515}, 0, {13372, 1015}, {255, 255, 255, 255} }},
	{{ {-240, 0, 2973}, 0, {-1180, -23}, {178, 178, 178, 255} }},
	{{ {-240, 0, 2515}, 0, {2172, -23}, {178, 178, 178, 255} }},
	{{ {-240, -142, 2515}, 0, {2172, 1015}, {178, 178, 178, 255} }},
	{{ {-240, -142, 2973}, 0, {-1180, 1015}, {178, 178, 178, 255} }},
	{{ {240, 0, 2515}, 0, {2172, -23}, {178, 178, 178, 255} }},
	{{ {240, 0, 2973}, 0, {-1180, -23}, {178, 178, 178, 255} }},
	{{ {240, -142, 2973}, 0, {-1180, 1015}, {178, 178, 178, 255} }},
	{{ {240, -142, 2515}, 0, {2172, 1015}, {178, 178, 178, 255} }},
	{{ {-2550, -142, 2973}, 0, {-1180, 1015}, {124, 124, 124, 255} }},
	{{ {-2550, -142, 2515}, 0, {2172, 1015}, {178, 178, 178, 255} }},
	{{ {-2550, 0, 2515}, 0, {2172, -23}, {178, 178, 178, 255} }},
	{{ {-2550, 0, 2973}, 0, {-1180, -23}, {124, 124, 124, 255} }},
	{{ {-2550, -142, 2515}, 0, {-3528, 1015}, {255, 255, 255, 255} }},
	{{ {-2850, -142, 2515}, 0, {-5722, 1015}, {255, 255, 255, 255} }},
	{{ {-2850, 0, 2515}, 0, {-5722, -23}, {255, 255, 255, 255} }},
	{{ {-2550, 0, 2515}, 0, {-3528, -23}, {255, 255, 255, 255} }},
	{{ {-2850, -142, 2515}, 0, {2172, 1015}, {178, 178, 178, 255} }},
	{{ {-2850, -142, 2973}, 0, {-1180, 1015}, {178, 178, 178, 255} }},
	{{ {-2850, 0, 2973}, 0, {-1180, -23}, {178, 178, 178, 255} }},
	{{ {-2850, 0, 2515}, 0, {2172, -23}, {178, 178, 178, 255} }},
	{{ {-3150, -142, 2973}, 0, {-1180, 1015}, {124, 124, 124, 255} }},
	{{ {-3150, -142, 2515}, 0, {2172, 1015}, {178, 178, 178, 255} }},
	{{ {-3150, 0, 2515}, 0, {2172, -23}, {178, 178, 178, 255} }},
	{{ {-3150, 0, 2973}, 0, {-1180, -23}, {124, 124, 124, 255} }},
	{{ {-3150, -142, 2515}, 0, {-7917, 1015}, {255, 255, 255, 255} }},
	{{ {-3450, -142, 2515}, 0, {-10112, 1015}, {255, 255, 255, 255} }},
	{{ {-3450, 0, 2515}, 0, {-10112, -23}, {255, 255, 255, 255} }},
	{{ {-3150, 0, 2515}, 0, {-7917, -23}, {255, 255, 255, 255} }},
	{{ {-3450, -142, 2515}, 0, {2172, 1015}, {178, 178, 178, 255} }},
	{{ {-3450, -142, 2973}, 0, {-1180, 1015}, {178, 178, 178, 255} }},
	{{ {-3450, 0, 2973}, 0, {-1180, -23}, {178, 178, 178, 255} }},
	{{ {-3450, 0, 2515}, 0, {2172, -23}, {178, 178, 178, 255} }},
	{{ {-3760, 0, 2515}, 0, {-12380, -23}, {255, 255, 255, 255} }},
	{{ {-3760, -142, 2515}, 0, {-12380, 1015}, {255, 255, 255, 255} }},
	{{ {-4240, -142, 2515}, 0, {-15891, 1015}, {255, 255, 255, 255} }},
	{{ {-4240, 0, 2515}, 0, {-15891, -23}, {255, 255, 255, 255} }},
	{{ {-3760, 0, 2973}, 0, {-1180, -23}, {124, 124, 124, 255} }},
	{{ {-3760, -142, 2973}, 0, {-1180, 1015}, {124, 124, 124, 255} }},
	{{ {-3760, -142, 2515}, 0, {2172, 1015}, {178, 178, 178, 255} }},
	{{ {-3760, 0, 2515}, 0, {2172, -23}, {178, 178, 178, 255} }},
	{{ {-4240, 0, 2515}, 0, {2172, -23}, {178, 178, 178, 255} }},
	{{ {-4240, -142, 2515}, 0, {2172, 1015}, {178, 178, 178, 255} }},
	{{ {-4240, -142, 2973}, 0, {-1180, 1015}, {178, 178, 178, 255} }},
	{{ {-4240, 0, 2973}, 0, {-1180, -23}, {178, 178, 178, 255} }},
	{{ {639, -1574, -2973}, 0, {-20, 3580}, {255, 255, 255, 255} }},
	{{ {973, -1574, -2639}, 0, {1009, 3580}, {255, 255, 255, 255} }},
	{{ {973, -142, -2639}, 0, {1009, 462}, {255, 255, 255, 255} }},
	{{ {639, -142, -2973}, 0, {-20, 462}, {255, 255, 255, 255} }},
	{{ {973, 0, -2639}, 0, {1009, 153}, {255, 255, 255, 255} }},
	{{ {639, 0, -2973}, 0, {-20, 153}, {255, 255, 255, 255} }},
	{{ {973, 1494, -2639}, 0, {1009, -3100}, {255, 255, 255, 255} }},
	{{ {639, 1494, -2973}, 0, {-20, -3100}, {255, 255, 255, 255} }},
	{{ {-4973, -1574, -2639}, 0, {-20, 3580}, {255, 255, 255, 255} }},
	{{ {-4639, -1574, -2973}, 0, {1009, 3580}, {255, 255, 255, 255} }},
	{{ {-4639, -142, -2973}, 0, {1009, 462}, {255, 255, 255, 255} }},
	{{ {-4973, -142, -2639}, 0, {-20, 462}, {255, 255, 255, 255} }},
	{{ {-4639, 0, -2973}, 0, {1009, 153}, {255, 255, 255, 255} }},
	{{ {-4973, 0, -2639}, 0, {-20, 153}, {255, 255, 255, 255} }},
	{{ {-4639, 1494, -2973}, 0, {1009, -3100}, {255, 255, 255, 255} }},
	{{ {-4973, 1494, -2639}, 0, {-20, -3100}, {255, 255, 255, 255} }},
	{{ {973, -1574, 2639}, 0, {-20, 3580}, {255, 255, 255, 255} }},
	{{ {639, -1574, 2973}, 0, {1009, 3580}, {255, 255, 255, 255} }},
	{{ {639, -142, 2973}, 0, {1009, 462}, {255, 255, 255, 255} }},
	{{ {973, -142, 2639}, 0, {-20, 462}, {255, 255, 255, 255} }},
	{{ {639, 0, 2973}, 0, {1009, 153}, {255, 255, 255, 255} }},
	{{ {973, 0, 2639}, 0, {-20, 153}, {255, 255, 255, 255} }},
	{{ {639, 1494, 2973}, 0, {1009, -3100}, {255, 255, 255, 255} }},
	{{ {973, 1494, 2639}, 0, {-20, -3100}, {255, 255, 255, 255} }},
	{{ {-4639, -1574, 2973}, 0, {-20, 3580}, {255, 255, 255, 255} }},
	{{ {-4973, -1574, 2639}, 0, {1009, 3580}, {255, 255, 255, 255} }},
	{{ {-4973, -142, 2639}, 0, {1009, 462}, {255, 255, 255, 255} }},
	{{ {-4639, -142, 2973}, 0, {-20, 462}, {255, 255, 255, 255} }},
	{{ {-4973, 0, 2639}, 0, {1009, 153}, {255, 255, 255, 255} }},
	{{ {-4639, 0, 2973}, 0, {-20, 153}, {255, 255, 255, 255} }},
	{{ {-4973, 1494, 2639}, 0, {1009, -3100}, {255, 255, 255, 255} }},
	{{ {-4639, 1494, 2973}, 0, {-20, -3100}, {255, 255, 255, 255} }},
	{{ {639, 1494, -2973}, 0, {-20, -3100}, {255, 255, 255, 255} }},
	{{ {973, 1494, -2639}, 0, {1009, -3100}, {255, 255, 255, 255} }},
	{{ {973, 2192, -2639}, 0, {1009, -4619}, {0, 0, 0, 255} }},
	{{ {639, 2192, -2973}, 0, {-20, -4619}, {0, 0, 0, 255} }},
	{{ {-4973, 1494, -2639}, 0, {-20, -3100}, {255, 255, 255, 255} }},
	{{ {-4639, 1494, -2973}, 0, {1009, -3100}, {255, 255, 255, 255} }},
	{{ {-4639, 2192, -2973}, 0, {1009, -4619}, {0, 0, 0, 255} }},
	{{ {-4973, 2192, -2639}, 0, {-20, -4619}, {0, 0, 0, 255} }},
	{{ {973, 1494, 2639}, 0, {-20, -3100}, {255, 255, 255, 255} }},
	{{ {639, 1494, 2973}, 0, {1009, -3100}, {255, 255, 255, 255} }},
	{{ {639, 2192, 2973}, 0, {1009, -4619}, {0, 0, 0, 255} }},
	{{ {973, 2192, 2639}, 0, {-20, -4619}, {2, 2, 2, 255} }},
	{{ {-4639, 1494, 2973}, 0, {-20, -3100}, {255, 255, 255, 255} }},
	{{ {-4973, 1494, 2639}, 0, {1009, -3100}, {255, 255, 255, 255} }},
	{{ {-4973, 2192, 2639}, 0, {1009, -4619}, {0, 0, 0, 255} }},
	{{ {-4639, 2192, 2973}, 0, {-20, -4619}, {0, 0, 0, 255} }},
	{{ {973, 2192, 2639}, 0, {-4427, -3593}, {0, 0, 0, 255} }},
	{{ {639, 2192, 2973}, 0, {5419, -3593}, {0, 0, 0, 255} }},
	{{ {-4639, 2192, 2973}, 0, {-4427, -3593}, {0, 0, 0, 255} }},
	{{ {-4973, 2192, -2639}, 0, {5419, -3593}, {0, 0, 0, 255} }},
	{{ {-4973, 2192, 2639}, 0, {1009, -4619}, {0, 0, 0, 255} }},
	{{ {639, 2192, -2973}, 0, {5419, -3593}, {0, 0, 0, 255} }},
	{{ {-4639, 2192, -2973}, 0, {1009, -4619}, {0, 0, 0, 255} }},
	{{ {973, 2192, -2639}, 0, {1009, -4619}, {0, 0, 0, 255} }},
};

Gfx rthwomps_rthwomps_mesh_layer_1_tri_3[] = {
	gsSPVertex(rthwomps_rthwomps_mesh_layer_1_vtx_3 + 0, 32, 0),
	gsSP2Triangles(0, 1, 2, 0, 3, 4, 5, 0),
	gsSP2Triangles(6, 7, 8, 0, 9, 10, 11, 0),
	gsSP2Triangles(12, 13, 14, 0, 15, 16, 17, 0),
	gsSP2Triangles(18, 19, 20, 0, 21, 22, 23, 0),
	gsSP2Triangles(24, 25, 26, 0, 24, 27, 25, 0),
	gsSP2Triangles(24, 28, 27, 0, 24, 29, 28, 0),
	gsSP2Triangles(29, 24, 30, 0, 29, 30, 31, 0),
	gsSPVertex(rthwomps_rthwomps_mesh_layer_1_vtx_3 + 32, 31, 0),
	gsSP2Triangles(0, 1, 2, 0, 0, 3, 1, 0),
	gsSP2Triangles(4, 5, 6, 0, 4, 7, 5, 0),
	gsSP2Triangles(7, 8, 5, 0, 7, 9, 8, 0),
	gsSP2Triangles(9, 7, 10, 0, 9, 10, 11, 0),
	gsSP2Triangles(12, 11, 10, 0, 13, 12, 10, 0),
	gsSP2Triangles(13, 10, 14, 0, 12, 15, 11, 0),
	gsSP2Triangles(2, 16, 17, 0, 2, 17, 18, 0),
	gsSP2Triangles(19, 20, 21, 0, 19, 22, 20, 0),
	gsSP2Triangles(22, 23, 20, 0, 22, 24, 23, 0),
	gsSP2Triangles(24, 22, 25, 0, 24, 25, 26, 0),
	gsSP2Triangles(27, 26, 25, 0, 28, 27, 25, 0),
	gsSP2Triangles(28, 25, 29, 0, 27, 30, 26, 0),
	gsSPVertex(rthwomps_rthwomps_mesh_layer_1_vtx_3 + 63, 32, 0),
	gsSP2Triangles(0, 1, 2, 0, 0, 2, 3, 0),
	gsSP2Triangles(3, 2, 4, 0, 3, 4, 5, 0),
	gsSP2Triangles(5, 6, 3, 0, 5, 7, 6, 0),
	gsSP2Triangles(8, 6, 7, 0, 8, 7, 9, 0),
	gsSP2Triangles(10, 6, 8, 0, 10, 11, 6, 0),
	gsSP2Triangles(12, 13, 14, 0, 12, 14, 15, 0),
	gsSP2Triangles(16, 17, 18, 0, 16, 18, 19, 0),
	gsSP2Triangles(20, 21, 22, 0, 20, 22, 23, 0),
	gsSP2Triangles(24, 25, 26, 0, 24, 26, 27, 0),
	gsSP2Triangles(28, 29, 30, 0, 28, 30, 31, 0),
	gsSPVertex(rthwomps_rthwomps_mesh_layer_1_vtx_3 + 95, 32, 0),
	gsSP2Triangles(0, 1, 2, 0, 0, 2, 3, 0),
	gsSP2Triangles(4, 5, 6, 0, 4, 6, 7, 0),
	gsSP2Triangles(7, 6, 8, 0, 9, 8, 6, 0),
	gsSP2Triangles(9, 6, 10, 0, 10, 11, 9, 0),
	gsSP2Triangles(10, 12, 11, 0, 13, 12, 10, 0),
	gsSP2Triangles(13, 14, 12, 0, 7, 8, 15, 0),
	gsSP2Triangles(16, 17, 18, 0, 16, 18, 19, 0),
	gsSP2Triangles(20, 21, 22, 0, 20, 22, 23, 0),
	gsSP2Triangles(24, 25, 26, 0, 24, 26, 27, 0),
	gsSP2Triangles(28, 29, 30, 0, 28, 30, 31, 0),
	gsSPVertex(rthwomps_rthwomps_mesh_layer_1_vtx_3 + 127, 32, 0),
	gsSP2Triangles(0, 1, 2, 0, 0, 2, 3, 0),
	gsSP2Triangles(4, 5, 6, 0, 4, 6, 7, 0),
	gsSP2Triangles(8, 9, 10, 0, 8, 10, 11, 0),
	gsSP2Triangles(12, 13, 14, 0, 12, 14, 15, 0),
	gsSP2Triangles(16, 17, 18, 0, 16, 18, 19, 0),
	gsSP2Triangles(20, 21, 22, 0, 20, 22, 23, 0),
	gsSP2Triangles(24, 25, 26, 0, 24, 26, 27, 0),
	gsSP2Triangles(28, 29, 30, 0, 28, 30, 31, 0),
	gsSPVertex(rthwomps_rthwomps_mesh_layer_1_vtx_3 + 159, 32, 0),
	gsSP2Triangles(0, 1, 2, 0, 0, 2, 3, 0),
	gsSP2Triangles(3, 2, 4, 0, 3, 4, 5, 0),
	gsSP2Triangles(5, 4, 6, 0, 5, 6, 7, 0),
	gsSP2Triangles(8, 9, 10, 0, 8, 10, 11, 0),
	gsSP2Triangles(11, 10, 12, 0, 11, 12, 13, 0),
	gsSP2Triangles(13, 12, 14, 0, 13, 14, 15, 0),
	gsSP2Triangles(16, 17, 18, 0, 16, 18, 19, 0),
	gsSP2Triangles(19, 18, 20, 0, 19, 20, 21, 0),
	gsSP2Triangles(21, 20, 22, 0, 21, 22, 23, 0),
	gsSP2Triangles(24, 25, 26, 0, 24, 26, 27, 0),
	gsSP2Triangles(27, 26, 28, 0, 27, 28, 29, 0),
	gsSP2Triangles(29, 28, 30, 0, 29, 30, 31, 0),
	gsSPVertex(rthwomps_rthwomps_mesh_layer_1_vtx_3 + 191, 24, 0),
	gsSP2Triangles(0, 1, 2, 0, 0, 2, 3, 0),
	gsSP2Triangles(4, 5, 6, 0, 4, 6, 7, 0),
	gsSP2Triangles(8, 9, 10, 0, 8, 10, 11, 0),
	gsSP2Triangles(12, 13, 14, 0, 12, 14, 15, 0),
	gsSP2Triangles(16, 17, 18, 0, 16, 18, 19, 0),
	gsSP2Triangles(18, 20, 19, 0, 19, 21, 16, 0),
	gsSP2Triangles(19, 22, 21, 0, 21, 23, 16, 0),
	gsSPEndDisplayList(),
};

Vtx rthwomps_rthwomps_mesh_layer_1_vtx_4[241] = {
	{{ {-3891, 806, -1542}, 0, {-16, -16}, {146, 146, 146, 255} }},
	{{ {-3891, 806, -2216}, 0, {-16, 2032}, {146, 146, 146, 255} }},
	{{ {-3928, 806, -2253}, 0, {2032, 2032}, {146, 146, 146, 255} }},
	{{ {-3928, 806, -1505}, 0, {2032, -16}, {146, 146, 146, 255} }},
	{{ {-2470, 806, -1542}, 0, {-16, -16}, {146, 146, 146, 255} }},
	{{ {-3891, 806, -1542}, 0, {-16, 2032}, {146, 146, 146, 255} }},
	{{ {-3928, 806, -1505}, 0, {2032, 2032}, {146, 146, 146, 255} }},
	{{ {-2433, 806, -1505}, 0, {2032, -16}, {146, 146, 146, 255} }},
	{{ {-2470, 806, -2216}, 0, {-16, -16}, {146, 146, 146, 255} }},
	{{ {-2470, 806, -1542}, 0, {-16, 2032}, {146, 146, 146, 255} }},
	{{ {-2433, 806, -1505}, 0, {2032, 2032}, {146, 146, 146, 255} }},
	{{ {-2433, 806, -2253}, 0, {2032, -16}, {146, 146, 146, 255} }},
	{{ {-3891, 806, -2216}, 0, {-16, -16}, {146, 146, 146, 255} }},
	{{ {-2470, 806, -2216}, 0, {-16, 2032}, {146, 146, 146, 255} }},
	{{ {-2433, 806, -2253}, 0, {2032, 2032}, {146, 146, 146, 255} }},
	{{ {-3928, 806, -2253}, 0, {2032, -16}, {146, 146, 146, 255} }},
	{{ {-3928, 1072, -494}, 0, {-16, -16}, {146, 146, 146, 255} }},
	{{ {-3928, 1072, -1242}, 0, {-16, 2032}, {146, 146, 146, 255} }},
	{{ {-3928, 1026, -1242}, 0, {2032, 2032}, {146, 146, 146, 255} }},
	{{ {-3928, 1026, -494}, 0, {2032, -16}, {146, 146, 146, 255} }},
	{{ {-3928, 806, -1505}, 0, {-16, -16}, {146, 146, 146, 255} }},
	{{ {-3928, 806, -2253}, 0, {-16, 2032}, {146, 146, 146, 255} }},
	{{ {-3928, 760, -2253}, 0, {2032, 2032}, {146, 146, 146, 255} }},
	{{ {-3928, 760, -1505}, 0, {2032, -16}, {146, 146, 146, 255} }},
	{{ {-2470, 760, -2216}, 0, {2032, 2032}, {146, 146, 146, 255} }},
	{{ {-2470, 760, -1542}, 0, {2032, -16}, {146, 146, 146, 255} }},
	{{ {-3891, 760, -1542}, 0, {2032, 2032}, {146, 146, 146, 255} }},
	{{ {-3891, 760, -2216}, 0, {2032, -16}, {146, 146, 146, 255} }},
	{{ {-3928, 806, -2253}, 0, {-16, -16}, {146, 146, 146, 255} }},
	{{ {-2433, 806, -2253}, 0, {-16, 2032}, {146, 146, 146, 255} }},
	{{ {-2433, 760, -2253}, 0, {2032, 2032}, {146, 146, 146, 255} }},
	{{ {-3928, 760, -2253}, 0, {2032, -16}, {146, 146, 146, 255} }},
	{{ {-2433, 806, -1505}, 0, {-16, -16}, {146, 146, 146, 255} }},
	{{ {-3928, 806, -1505}, 0, {-16, 2032}, {146, 146, 146, 255} }},
	{{ {-3928, 760, -1505}, 0, {2032, 2032}, {146, 146, 146, 255} }},
	{{ {-2433, 760, -1505}, 0, {2032, -16}, {146, 146, 146, 255} }},
	{{ {-2470, 806, -2216}, 0, {-16, -16}, {146, 146, 146, 255} }},
	{{ {-3891, 806, -2216}, 0, {-16, 2032}, {146, 146, 146, 255} }},
	{{ {-3891, 760, -2216}, 0, {2032, 2032}, {146, 146, 146, 255} }},
	{{ {-2470, 760, -2216}, 0, {2032, -16}, {146, 146, 146, 255} }},
	{{ {-3891, 806, -1542}, 0, {-16, -16}, {146, 146, 146, 255} }},
	{{ {-2470, 806, -1542}, 0, {-16, 2032}, {146, 146, 146, 255} }},
	{{ {-2470, 760, -1542}, 0, {2032, 2032}, {146, 146, 146, 255} }},
	{{ {-3891, 760, -1542}, 0, {2032, -16}, {146, 146, 146, 255} }},
	{{ {-2433, 806, -2253}, 0, {-16, -16}, {146, 146, 146, 255} }},
	{{ {-2433, 806, -1505}, 0, {-16, 2032}, {146, 146, 146, 255} }},
	{{ {-2433, 760, -1505}, 0, {2032, 2032}, {146, 146, 146, 255} }},
	{{ {-2433, 760, -2253}, 0, {2032, -16}, {146, 146, 146, 255} }},
	{{ {-3891, 760, -2216}, 0, {-16, -16}, {146, 146, 146, 255} }},
	{{ {-3928, 760, -2253}, 0, {-16, 2032}, {146, 146, 146, 255} }},
	{{ {-2433, 760, -2253}, 0, {2032, 2032}, {146, 146, 146, 255} }},
	{{ {-2470, 760, -2216}, 0, {-16, -16}, {146, 146, 146, 255} }},
	{{ {-2433, 760, -2253}, 0, {-16, 2032}, {146, 146, 146, 255} }},
	{{ {-2470, 760, -1542}, 0, {2032, -16}, {146, 146, 146, 255} }},
	{{ {-2470, 760, -1542}, 0, {-16, -16}, {146, 146, 146, 255} }},
	{{ {-2433, 760, -1505}, 0, {-16, 2032}, {146, 146, 146, 255} }},
	{{ {-3891, 760, -1542}, 0, {-16, -16}, {146, 146, 146, 255} }},
	{{ {-3928, 760, -1505}, 0, {-16, 2032}, {146, 146, 146, 255} }},
	{{ {-3928, 760, -2253}, 0, {2032, 2032}, {146, 146, 146, 255} }},
	{{ {-3891, 760, -2216}, 0, {2032, -16}, {146, 146, 146, 255} }},
	{{ {-3891, 1026, -531}, 0, {-16, -16}, {146, 146, 146, 255} }},
	{{ {-3928, 1026, -494}, 0, {-16, 2032}, {146, 146, 146, 255} }},
	{{ {-3928, 1026, -1242}, 0, {2032, 2032}, {146, 146, 146, 255} }},
	{{ {-3891, 1026, -1205}, 0, {2032, -16}, {146, 146, 146, 255} }},
	{{ {-3217, 1026, -531}, 0, {-16, -16}, {146, 146, 146, 255} }},
	{{ {-3180, 1026, -494}, 0, {-16, 2032}, {146, 146, 146, 255} }},
	{{ {-3928, 1026, -494}, 0, {2032, 2032}, {146, 146, 146, 255} }},
	{{ {-3891, 1026, -531}, 0, {2032, -16}, {146, 146, 146, 255} }},
	{{ {-3217, 1026, -1205}, 0, {-16, -16}, {146, 146, 146, 255} }},
	{{ {-3180, 1026, -1242}, 0, {-16, 2032}, {146, 146, 146, 255} }},
	{{ {-3180, 1026, -494}, 0, {2032, 2032}, {146, 146, 146, 255} }},
	{{ {-3217, 1026, -531}, 0, {2032, -16}, {146, 146, 146, 255} }},
	{{ {-3891, 1026, -1205}, 0, {-16, -16}, {146, 146, 146, 255} }},
	{{ {-3928, 1026, -1242}, 0, {-16, 2032}, {146, 146, 146, 255} }},
	{{ {-3180, 1026, -1242}, 0, {2032, 2032}, {146, 146, 146, 255} }},
	{{ {-3217, 1026, -1205}, 0, {2032, -16}, {146, 146, 146, 255} }},
	{{ {-3180, 1072, -1242}, 0, {-16, -16}, {146, 146, 146, 255} }},
	{{ {-3180, 1072, -494}, 0, {-16, 2032}, {146, 146, 146, 255} }},
	{{ {-3180, 1026, -1242}, 0, {2032, -16}, {146, 146, 146, 255} }},
	{{ {-3891, 1072, -531}, 0, {-16, -16}, {146, 146, 146, 255} }},
	{{ {-3217, 1072, -531}, 0, {-16, 2032}, {146, 146, 146, 255} }},
	{{ {-3217, 1026, -531}, 0, {2032, 2032}, {146, 146, 146, 255} }},
	{{ {-3217, 1072, -1205}, 0, {-16, -16}, {146, 146, 146, 255} }},
	{{ {-3891, 1072, -1205}, 0, {-16, 2032}, {146, 146, 146, 255} }},
	{{ {-3891, 1026, -1205}, 0, {2032, 2032}, {146, 146, 146, 255} }},
	{{ {-3180, 1072, -494}, 0, {-16, -16}, {146, 146, 146, 255} }},
	{{ {-3928, 1072, -494}, 0, {-16, 2032}, {146, 146, 146, 255} }},
	{{ {-3180, 1026, -494}, 0, {2032, -16}, {146, 146, 146, 255} }},
	{{ {-3928, 1072, -1242}, 0, {-16, -16}, {146, 146, 146, 255} }},
	{{ {-3180, 1072, -1242}, 0, {-16, 2032}, {146, 146, 146, 255} }},
	{{ {-3928, 1026, -1242}, 0, {2032, -16}, {146, 146, 146, 255} }},
	{{ {-3891, 1072, -1205}, 0, {-16, -16}, {146, 146, 146, 255} }},
	{{ {-3891, 1072, -531}, 0, {-16, 2032}, {146, 146, 146, 255} }},
	{{ {-3891, 1026, -531}, 0, {2032, 2032}, {146, 146, 146, 255} }},
	{{ {-3891, 1026, -1205}, 0, {2032, -16}, {146, 146, 146, 255} }},
	{{ {-3217, 1072, -531}, 0, {-16, -16}, {146, 146, 146, 255} }},
	{{ {-3217, 1072, -1205}, 0, {-16, 2032}, {146, 146, 146, 255} }},
	{{ {-3217, 1026, -1205}, 0, {2032, 2032}, {146, 146, 146, 255} }},
	{{ {-3217, 1026, -531}, 0, {2032, -16}, {146, 146, 146, 255} }},
	{{ {-3891, 1072, -1205}, 0, {-16, -16}, {146, 146, 146, 255} }},
	{{ {-3180, 1072, -1242}, 0, {2032, 2032}, {146, 146, 146, 255} }},
	{{ {-3928, 1072, -1242}, 0, {2032, -16}, {146, 146, 146, 255} }},
	{{ {-3217, 1072, -1205}, 0, {-16, -16}, {146, 146, 146, 255} }},
	{{ {-3217, 1072, -531}, 0, {-16, 2032}, {146, 146, 146, 255} }},
	{{ {-3180, 1072, -494}, 0, {2032, 2032}, {146, 146, 146, 255} }},
	{{ {-3180, 1072, -1242}, 0, {2032, -16}, {146, 146, 146, 255} }},
	{{ {-3891, 1072, -531}, 0, {-16, 2032}, {146, 146, 146, 255} }},
	{{ {-3928, 1072, -494}, 0, {2032, 2032}, {146, 146, 146, 255} }},
	{{ {-3180, 1072, -494}, 0, {2032, -16}, {146, 146, 146, 255} }},
	{{ {-3891, 1072, -531}, 0, {-16, -16}, {146, 146, 146, 255} }},
	{{ {-3891, 1072, -1205}, 0, {-16, 2032}, {146, 146, 146, 255} }},
	{{ {-3928, 1072, -1242}, 0, {2032, 2032}, {146, 146, 146, 255} }},
	{{ {-3928, 1072, -494}, 0, {2032, -16}, {146, 146, 146, 255} }},
	{{ {-3891, -1574, -2207}, 0, {-16, -16}, {146, 146, 146, 255} }},
	{{ {-3891, 760, -2207}, 0, {-16, 2032}, {146, 146, 146, 255} }},
	{{ {-3928, 760, -2207}, 0, {2032, 2032}, {146, 146, 146, 255} }},
	{{ {-3928, -1574, -2207}, 0, {2032, -16}, {146, 146, 146, 255} }},
	{{ {-3928, -1574, -2207}, 0, {-16, -16}, {146, 146, 146, 255} }},
	{{ {-3928, 760, -2207}, 0, {-16, 2032}, {146, 146, 146, 255} }},
	{{ {-3928, 760, -2253}, 0, {2032, 2032}, {146, 146, 146, 255} }},
	{{ {-3928, -1574, -2253}, 0, {2032, -16}, {146, 146, 146, 255} }},
	{{ {-3891, 760, -2207}, 0, {-16, -16}, {146, 146, 146, 255} }},
	{{ {-3891, -1574, -2207}, 0, {-16, 2032}, {146, 146, 146, 255} }},
	{{ {-3891, -1574, -2253}, 0, {2032, 2032}, {146, 146, 146, 255} }},
	{{ {-3891, 760, -2253}, 0, {2032, -16}, {146, 146, 146, 255} }},
	{{ {-3891, -1574, -2253}, 0, {2032, -16}, {146, 146, 146, 255} }},
	{{ {-3928, -1574, -2253}, 0, {-16, -16}, {146, 146, 146, 255} }},
	{{ {-3928, 760, -2253}, 0, {-16, 2032}, {146, 146, 146, 255} }},
	{{ {-3891, 760, -2253}, 0, {2032, 2032}, {146, 146, 146, 255} }},
	{{ {-3891, -1574, -1505}, 0, {-16, -16}, {146, 146, 146, 255} }},
	{{ {-3891, 760, -1505}, 0, {-16, 2032}, {146, 146, 146, 255} }},
	{{ {-3928, 760, -1505}, 0, {2032, 2032}, {146, 146, 146, 255} }},
	{{ {-3928, -1574, -1505}, 0, {2032, -16}, {146, 146, 146, 255} }},
	{{ {-3928, -1574, -1505}, 0, {-16, -16}, {146, 146, 146, 255} }},
	{{ {-3928, 760, -1505}, 0, {-16, 2032}, {146, 146, 146, 255} }},
	{{ {-3928, 760, -1551}, 0, {2032, 2032}, {146, 146, 146, 255} }},
	{{ {-3928, -1574, -1551}, 0, {2032, -16}, {146, 146, 146, 255} }},
	{{ {-3891, 760, -1505}, 0, {-16, -16}, {146, 146, 146, 255} }},
	{{ {-3891, -1574, -1505}, 0, {-16, 2032}, {146, 146, 146, 255} }},
	{{ {-3891, -1574, -1551}, 0, {2032, 2032}, {146, 146, 146, 255} }},
	{{ {-3891, 760, -1551}, 0, {2032, -16}, {146, 146, 146, 255} }},
	{{ {-3891, -1574, -1551}, 0, {2032, -16}, {146, 146, 146, 255} }},
	{{ {-3928, -1574, -1551}, 0, {-16, -16}, {146, 146, 146, 255} }},
	{{ {-3928, 760, -1551}, 0, {-16, 2032}, {146, 146, 146, 255} }},
	{{ {-3891, 760, -1551}, 0, {2032, 2032}, {146, 146, 146, 255} }},
	{{ {-2433, -1574, -2207}, 0, {-16, -16}, {146, 146, 146, 255} }},
	{{ {-2433, 760, -2207}, 0, {-16, 2032}, {146, 146, 146, 255} }},
	{{ {-2470, 760, -2207}, 0, {2032, 2032}, {146, 146, 146, 255} }},
	{{ {-2470, -1574, -2207}, 0, {2032, -16}, {146, 146, 146, 255} }},
	{{ {-2470, -1574, -2207}, 0, {-16, -16}, {146, 146, 146, 255} }},
	{{ {-2470, 760, -2207}, 0, {-16, 2032}, {146, 146, 146, 255} }},
	{{ {-2470, 760, -2253}, 0, {2032, 2032}, {146, 146, 146, 255} }},
	{{ {-2470, -1574, -2253}, 0, {2032, -16}, {146, 146, 146, 255} }},
	{{ {-2433, 760, -2207}, 0, {-16, -16}, {146, 146, 146, 255} }},
	{{ {-2433, -1574, -2207}, 0, {-16, 2032}, {146, 146, 146, 255} }},
	{{ {-2433, -1574, -2253}, 0, {2032, 2032}, {146, 146, 146, 255} }},
	{{ {-2433, 760, -2253}, 0, {2032, -16}, {146, 146, 146, 255} }},
	{{ {-2433, -1574, -2253}, 0, {2032, -16}, {146, 146, 146, 255} }},
	{{ {-2470, -1574, -2253}, 0, {-16, -16}, {146, 146, 146, 255} }},
	{{ {-2470, 760, -2253}, 0, {-16, 2032}, {146, 146, 146, 255} }},
	{{ {-2433, 760, -2253}, 0, {2032, 2032}, {146, 146, 146, 255} }},
	{{ {-2433, -1574, -1505}, 0, {-16, -16}, {146, 146, 146, 255} }},
	{{ {-2433, 760, -1505}, 0, {-16, 2032}, {146, 146, 146, 255} }},
	{{ {-2470, 760, -1505}, 0, {2032, 2032}, {146, 146, 146, 255} }},
	{{ {-2470, -1574, -1505}, 0, {2032, -16}, {146, 146, 146, 255} }},
	{{ {-2470, -1574, -1505}, 0, {-16, -16}, {146, 146, 146, 255} }},
	{{ {-2470, 760, -1505}, 0, {-16, 2032}, {146, 146, 146, 255} }},
	{{ {-2470, 760, -1551}, 0, {2032, 2032}, {146, 146, 146, 255} }},
	{{ {-2470, -1574, -1551}, 0, {2032, -16}, {146, 146, 146, 255} }},
	{{ {-2433, 760, -1505}, 0, {-16, -16}, {146, 146, 146, 255} }},
	{{ {-2433, -1574, -1505}, 0, {-16, 2032}, {146, 146, 146, 255} }},
	{{ {-2433, -1574, -1551}, 0, {2032, 2032}, {146, 146, 146, 255} }},
	{{ {-2433, 760, -1551}, 0, {2032, -16}, {146, 146, 146, 255} }},
	{{ {-2433, -1574, -1551}, 0, {2032, -16}, {146, 146, 146, 255} }},
	{{ {-2470, -1574, -1551}, 0, {-16, -16}, {146, 146, 146, 255} }},
	{{ {-2470, 760, -1551}, 0, {-16, 2032}, {146, 146, 146, 255} }},
	{{ {-2433, 760, -1551}, 0, {2032, 2032}, {146, 146, 146, 255} }},
	{{ {-3891, -1574, -1196}, 0, {-16, -16}, {146, 146, 146, 255} }},
	{{ {-3891, 1026, -1196}, 0, {-16, 2032}, {146, 146, 146, 255} }},
	{{ {-3928, 1026, -1196}, 0, {2032, 2032}, {146, 146, 146, 255} }},
	{{ {-3928, -1574, -1196}, 0, {2032, -16}, {146, 146, 146, 255} }},
	{{ {-3928, -1574, -1196}, 0, {-16, -16}, {146, 146, 146, 255} }},
	{{ {-3928, 1026, -1196}, 0, {-16, 2032}, {146, 146, 146, 255} }},
	{{ {-3928, 1026, -1242}, 0, {2032, 2032}, {146, 146, 146, 255} }},
	{{ {-3928, -1574, -1242}, 0, {2032, -16}, {146, 146, 146, 255} }},
	{{ {-3891, 1026, -1196}, 0, {-16, -16}, {146, 146, 146, 255} }},
	{{ {-3891, -1574, -1196}, 0, {-16, 2032}, {146, 146, 146, 255} }},
	{{ {-3891, -1574, -1242}, 0, {2032, 2032}, {146, 146, 146, 255} }},
	{{ {-3891, 1026, -1242}, 0, {2032, -16}, {146, 146, 146, 255} }},
	{{ {-3891, -1574, -1242}, 0, {2032, -16}, {146, 146, 146, 255} }},
	{{ {-3928, -1574, -1242}, 0, {-16, -16}, {146, 146, 146, 255} }},
	{{ {-3928, 1026, -1242}, 0, {-16, 2032}, {146, 146, 146, 255} }},
	{{ {-3891, 1026, -1242}, 0, {2032, 2032}, {146, 146, 146, 255} }},
	{{ {-3891, -1574, -494}, 0, {-16, -16}, {146, 146, 146, 255} }},
	{{ {-3891, 1026, -494}, 0, {-16, 2032}, {146, 146, 146, 255} }},
	{{ {-3928, 1026, -494}, 0, {2032, 2032}, {146, 146, 146, 255} }},
	{{ {-3928, -1574, -494}, 0, {2032, -16}, {146, 146, 146, 255} }},
	{{ {-3928, -1574, -494}, 0, {-16, -16}, {146, 146, 146, 255} }},
	{{ {-3928, 1026, -494}, 0, {-16, 2032}, {146, 146, 146, 255} }},
	{{ {-3928, 1026, -540}, 0, {2032, 2032}, {146, 146, 146, 255} }},
	{{ {-3928, -1574, -540}, 0, {2032, -16}, {146, 146, 146, 255} }},
	{{ {-3891, 1026, -494}, 0, {-16, -16}, {146, 146, 146, 255} }},
	{{ {-3891, -1574, -494}, 0, {-16, 2032}, {146, 146, 146, 255} }},
	{{ {-3891, -1574, -540}, 0, {2032, 2032}, {146, 146, 146, 255} }},
	{{ {-3891, 1026, -540}, 0, {2032, -16}, {146, 146, 146, 255} }},
	{{ {-3891, -1574, -540}, 0, {2032, -16}, {146, 146, 146, 255} }},
	{{ {-3928, -1574, -540}, 0, {-16, -16}, {146, 146, 146, 255} }},
	{{ {-3928, 1026, -540}, 0, {-16, 2032}, {146, 146, 146, 255} }},
	{{ {-3891, 1026, -540}, 0, {2032, 2032}, {146, 146, 146, 255} }},
	{{ {-3180, -1574, -1196}, 0, {-16, -16}, {146, 146, 146, 255} }},
	{{ {-3180, 1026, -1196}, 0, {-16, 2032}, {146, 146, 146, 255} }},
	{{ {-3217, 1026, -1196}, 0, {2032, 2032}, {146, 146, 146, 255} }},
	{{ {-3217, -1574, -1196}, 0, {2032, -16}, {146, 146, 146, 255} }},
	{{ {-3217, -1574, -1196}, 0, {-16, -16}, {146, 146, 146, 255} }},
	{{ {-3217, 1026, -1196}, 0, {-16, 2032}, {146, 146, 146, 255} }},
	{{ {-3217, 1026, -1242}, 0, {2032, 2032}, {146, 146, 146, 255} }},
	{{ {-3217, -1574, -1242}, 0, {2032, -16}, {146, 146, 146, 255} }},
	{{ {-3180, 1026, -1196}, 0, {-16, -16}, {146, 146, 146, 255} }},
	{{ {-3180, -1574, -1196}, 0, {-16, 2032}, {146, 146, 146, 255} }},
	{{ {-3180, -1574, -1242}, 0, {2032, 2032}, {146, 146, 146, 255} }},
	{{ {-3180, 1026, -1242}, 0, {2032, -16}, {146, 146, 146, 255} }},
	{{ {-3180, -1574, -1242}, 0, {2032, -16}, {146, 146, 146, 255} }},
	{{ {-3217, -1574, -1242}, 0, {-16, -16}, {146, 146, 146, 255} }},
	{{ {-3217, 1026, -1242}, 0, {-16, 2032}, {146, 146, 146, 255} }},
	{{ {-3180, 1026, -1242}, 0, {2032, 2032}, {146, 146, 146, 255} }},
	{{ {-3180, -1574, -494}, 0, {-16, -16}, {146, 146, 146, 255} }},
	{{ {-3180, 1026, -494}, 0, {-16, 2032}, {146, 146, 146, 255} }},
	{{ {-3217, 1026, -494}, 0, {2032, 2032}, {146, 146, 146, 255} }},
	{{ {-3217, -1574, -494}, 0, {2032, -16}, {146, 146, 146, 255} }},
	{{ {-3217, -1574, -494}, 0, {-16, -16}, {146, 146, 146, 255} }},
	{{ {-3217, 1026, -494}, 0, {-16, 2032}, {146, 146, 146, 255} }},
	{{ {-3217, 1026, -540}, 0, {2032, 2032}, {146, 146, 146, 255} }},
	{{ {-3217, -1574, -540}, 0, {2032, -16}, {146, 146, 146, 255} }},
	{{ {-3180, 1026, -494}, 0, {-16, -16}, {146, 146, 146, 255} }},
	{{ {-3180, -1574, -494}, 0, {-16, 2032}, {146, 146, 146, 255} }},
	{{ {-3180, -1574, -540}, 0, {2032, 2032}, {146, 146, 146, 255} }},
	{{ {-3180, 1026, -540}, 0, {2032, -16}, {146, 146, 146, 255} }},
	{{ {-3180, -1574, -540}, 0, {2032, -16}, {146, 146, 146, 255} }},
	{{ {-3217, -1574, -540}, 0, {-16, -16}, {146, 146, 146, 255} }},
	{{ {-3217, 1026, -540}, 0, {-16, 2032}, {146, 146, 146, 255} }},
	{{ {-3180, 1026, -540}, 0, {2032, 2032}, {146, 146, 146, 255} }},
};

Gfx rthwomps_rthwomps_mesh_layer_1_tri_4[] = {
	gsSPVertex(rthwomps_rthwomps_mesh_layer_1_vtx_4 + 0, 32, 0),
	gsSP2Triangles(0, 1, 2, 0, 0, 2, 3, 0),
	gsSP2Triangles(4, 5, 6, 0, 4, 6, 7, 0),
	gsSP2Triangles(8, 9, 10, 0, 8, 10, 11, 0),
	gsSP2Triangles(12, 13, 14, 0, 12, 14, 15, 0),
	gsSP2Triangles(16, 17, 18, 0, 16, 18, 19, 0),
	gsSP2Triangles(20, 21, 22, 0, 20, 22, 23, 0),
	gsSP2Triangles(4, 13, 24, 0, 4, 24, 25, 0),
	gsSP2Triangles(12, 5, 26, 0, 12, 26, 27, 0),
	gsSP2Triangles(28, 29, 30, 0, 28, 30, 31, 0),
	gsSPVertex(rthwomps_rthwomps_mesh_layer_1_vtx_4 + 32, 32, 0),
	gsSP2Triangles(0, 1, 2, 0, 0, 2, 3, 0),
	gsSP2Triangles(4, 5, 6, 0, 4, 6, 7, 0),
	gsSP2Triangles(8, 9, 10, 0, 8, 10, 11, 0),
	gsSP2Triangles(12, 13, 14, 0, 12, 14, 15, 0),
	gsSP2Triangles(16, 17, 18, 0, 16, 18, 7, 0),
	gsSP2Triangles(19, 20, 14, 0, 19, 14, 21, 0),
	gsSP2Triangles(22, 23, 2, 0, 22, 2, 11, 0),
	gsSP2Triangles(24, 25, 26, 0, 24, 26, 27, 0),
	gsSP2Triangles(28, 29, 30, 0, 28, 30, 31, 0),
	gsSPVertex(rthwomps_rthwomps_mesh_layer_1_vtx_4 + 64, 31, 0),
	gsSP2Triangles(0, 1, 2, 0, 0, 2, 3, 0),
	gsSP2Triangles(4, 5, 6, 0, 4, 6, 7, 0),
	gsSP2Triangles(8, 9, 10, 0, 8, 10, 11, 0),
	gsSP2Triangles(12, 13, 6, 0, 12, 6, 14, 0),
	gsSP2Triangles(15, 16, 17, 0, 15, 17, 3, 0),
	gsSP2Triangles(18, 19, 20, 0, 18, 20, 11, 0),
	gsSP2Triangles(21, 22, 2, 0, 21, 2, 23, 0),
	gsSP2Triangles(24, 25, 10, 0, 24, 10, 26, 0),
	gsSP2Triangles(27, 28, 29, 0, 27, 29, 30, 0),
	gsSPVertex(rthwomps_rthwomps_mesh_layer_1_vtx_4 + 95, 30, 0),
	gsSP2Triangles(0, 1, 2, 0, 0, 2, 3, 0),
	gsSP2Triangles(4, 1, 5, 0, 4, 5, 6, 0),
	gsSP2Triangles(7, 8, 9, 0, 7, 9, 10, 0),
	gsSP2Triangles(0, 11, 12, 0, 0, 12, 13, 0),
	gsSP2Triangles(14, 15, 16, 0, 14, 16, 17, 0),
	gsSP2Triangles(18, 19, 20, 0, 18, 20, 21, 0),
	gsSP2Triangles(22, 23, 24, 0, 22, 24, 25, 0),
	gsSP2Triangles(26, 27, 28, 0, 26, 28, 29, 0),
	gsSPVertex(rthwomps_rthwomps_mesh_layer_1_vtx_4 + 125, 32, 0),
	gsSP2Triangles(0, 1, 2, 0, 0, 2, 3, 0),
	gsSP2Triangles(4, 5, 6, 0, 4, 6, 7, 0),
	gsSP2Triangles(8, 9, 10, 0, 8, 10, 11, 0),
	gsSP2Triangles(12, 13, 14, 0, 12, 14, 15, 0),
	gsSP2Triangles(16, 17, 18, 0, 16, 18, 19, 0),
	gsSP2Triangles(20, 21, 22, 0, 20, 22, 23, 0),
	gsSP2Triangles(24, 25, 26, 0, 24, 26, 27, 0),
	gsSP2Triangles(28, 29, 30, 0, 28, 30, 31, 0),
	gsSPVertex(rthwomps_rthwomps_mesh_layer_1_vtx_4 + 157, 32, 0),
	gsSP2Triangles(0, 1, 2, 0, 0, 2, 3, 0),
	gsSP2Triangles(4, 5, 6, 0, 4, 6, 7, 0),
	gsSP2Triangles(8, 9, 10, 0, 8, 10, 11, 0),
	gsSP2Triangles(12, 13, 14, 0, 12, 14, 15, 0),
	gsSP2Triangles(16, 17, 18, 0, 16, 18, 19, 0),
	gsSP2Triangles(20, 21, 22, 0, 20, 22, 23, 0),
	gsSP2Triangles(24, 25, 26, 0, 24, 26, 27, 0),
	gsSP2Triangles(28, 29, 30, 0, 28, 30, 31, 0),
	gsSPVertex(rthwomps_rthwomps_mesh_layer_1_vtx_4 + 189, 32, 0),
	gsSP2Triangles(0, 1, 2, 0, 0, 2, 3, 0),
	gsSP2Triangles(4, 5, 6, 0, 4, 6, 7, 0),
	gsSP2Triangles(8, 9, 10, 0, 8, 10, 11, 0),
	gsSP2Triangles(12, 13, 14, 0, 12, 14, 15, 0),
	gsSP2Triangles(16, 17, 18, 0, 16, 18, 19, 0),
	gsSP2Triangles(20, 21, 22, 0, 20, 22, 23, 0),
	gsSP2Triangles(24, 25, 26, 0, 24, 26, 27, 0),
	gsSP2Triangles(28, 29, 30, 0, 28, 30, 31, 0),
	gsSPVertex(rthwomps_rthwomps_mesh_layer_1_vtx_4 + 221, 20, 0),
	gsSP2Triangles(0, 1, 2, 0, 0, 2, 3, 0),
	gsSP2Triangles(4, 5, 6, 0, 4, 6, 7, 0),
	gsSP2Triangles(8, 9, 10, 0, 8, 10, 11, 0),
	gsSP2Triangles(12, 13, 14, 0, 12, 14, 15, 0),
	gsSP2Triangles(16, 17, 18, 0, 16, 18, 19, 0),
	gsSPEndDisplayList(),
};

Vtx rthwomps_rthwomps_mesh_layer_1_vtx_5[176] = {
	{{ {-1760, 0, -2839}, 0, {-16, 1008}, {255, 255, 255, 255} }},
	{{ {-1760, 0, -2973}, 0, {-16, 1008}, {255, 255, 255, 255} }},
	{{ {-1800, 0, -2973}, 0, {-16, 1008}, {255, 255, 255, 255} }},
	{{ {-2200, 0, -2973}, 0, {-16, 1008}, {255, 255, 255, 255} }},
	{{ {-2240, 0, -2973}, 0, {-16, 1008}, {255, 255, 255, 255} }},
	{{ {-2240, 0, -2839}, 0, {-16, 1008}, {255, 255, 255, 255} }},
	{{ {-4839, 0, -240}, 0, {-16, 1008}, {255, 255, 255, 255} }},
	{{ {-4973, 0, -240}, 0, {-16, 1008}, {255, 255, 255, 255} }},
	{{ {-4973, 0, -200}, 0, {-16, 1008}, {255, 255, 255, 255} }},
	{{ {-4973, 0, 200}, 0, {-16, 1008}, {255, 255, 255, 255} }},
	{{ {-4973, 0, 240}, 0, {-16, 1008}, {255, 255, 255, 255} }},
	{{ {-4839, 0, 240}, 0, {-16, 1008}, {255, 255, 255, 255} }},
	{{ {839, 0, -240}, 0, {-16, 1008}, {255, 255, 255, 255} }},
	{{ {973, 0, -200}, 0, {-16, 1008}, {255, 255, 255, 255} }},
	{{ {973, 0, -240}, 0, {-16, 1008}, {255, 255, 255, 255} }},
	{{ {973, 0, 200}, 0, {-16, 1008}, {255, 255, 255, 255} }},
	{{ {839, 0, 240}, 0, {-16, 1008}, {255, 255, 255, 255} }},
	{{ {973, 0, 240}, 0, {-16, 1008}, {255, 255, 255, 255} }},
	{{ {-2240, -142, 2973}, 0, {-27891, -14}, {178, 178, 178, 255} }},
	{{ {-2240, 0, 2973}, 0, {-27891, 1006}, {178, 178, 178, 255} }},
	{{ {-2240, 0, 2839}, 0, {-26927, 1006}, {178, 178, 178, 255} }},
	{{ {-2240, -142, 530}, 0, {-10327, -14}, {178, 178, 178, 255} }},
	{{ {-2240, 0, 530}, 0, {-10327, 1006}, {178, 178, 178, 255} }},
	{{ {-2300, -142, 300}, 0, {-8619, -14}, {124, 124, 124, 255} }},
	{{ {-2300, 0, 300}, 0, {-8619, 1006}, {124, 124, 124, 255} }},
	{{ {-1760, 0, 2839}, 0, {-26606, -8}, {178, 178, 178, 255} }},
	{{ {-1760, 0, 2973}, 0, {-27559, -8}, {178, 178, 178, 255} }},
	{{ {-1760, -142, 2973}, 0, {-27559, 1000}, {178, 178, 178, 255} }},
	{{ {-1760, -142, 530}, 0, {-10204, 1000}, {178, 178, 178, 255} }},
	{{ {-1760, 0, 530}, 0, {-10204, -8}, {178, 178, 178, 255} }},
	{{ {-1700, 0, 300}, 0, {-8516, -8}, {124, 124, 124, 255} }},
	{{ {-1700, -142, 300}, 0, {-8516, 1000}, {124, 124, 124, 255} }},
	{{ {-2240, 0, -2839}, 0, {18425, 1009}, {178, 178, 178, 255} }},
	{{ {-2240, 0, -2973}, 0, {19395, 1009}, {178, 178, 178, 255} }},
	{{ {-2240, -142, -2973}, 0, {19395, -17}, {178, 178, 178, 255} }},
	{{ {-2240, 0, -530}, 0, {1717, 1009}, {178, 178, 178, 255} }},
	{{ {-2240, -142, -530}, 0, {1717, -17}, {178, 178, 178, 255} }},
	{{ {-2300, -142, -300}, 0, {-2, -17}, {124, 124, 124, 255} }},
	{{ {-2300, 0, -300}, 0, {-2, 1009}, {124, 124, 124, 255} }},
	{{ {-1760, -142, -530}, 0, {-1687, -7}, {178, 178, 178, 255} }},
	{{ {-1760, -142, -2973}, 0, {-19022, -7}, {178, 178, 178, 255} }},
	{{ {-1760, 0, -2973}, 0, {-19022, 999}, {178, 178, 178, 255} }},
	{{ {-1760, 0, -2839}, 0, {-18071, 999}, {178, 178, 178, 255} }},
	{{ {-1760, 0, -530}, 0, {-1687, 999}, {178, 178, 178, 255} }},
	{{ {-1700, 0, -300}, 0, {-2, 999}, {124, 124, 124, 255} }},
	{{ {-1700, -142, -300}, 0, {-2, -7}, {124, 124, 124, 255} }},
	{{ {-4839, 0, 240}, 0, {9689, 1006}, {255, 255, 255, 255} }},
	{{ {-4973, 0, 240}, 0, {10653, 1006}, {255, 255, 255, 255} }},
	{{ {-4973, -142, 240}, 0, {10653, -14}, {255, 255, 255, 255} }},
	{{ {-2530, 0, 240}, 0, {-6911, 1006}, {255, 255, 255, 255} }},
	{{ {-2530, -142, 240}, 0, {-6911, -14}, {255, 255, 255, 255} }},
	{{ {-2300, -142, 300}, 0, {-8619, -14}, {178, 178, 178, 255} }},
	{{ {-2300, 0, 300}, 0, {-8619, 1006}, {178, 178, 178, 255} }},
	{{ {-2530, -142, -240}, 0, {-1721, -17}, {255, 255, 255, 255} }},
	{{ {-4973, -142, -240}, 0, {-19398, -17}, {255, 255, 255, 255} }},
	{{ {-4973, 0, -240}, 0, {-19398, 1009}, {255, 255, 255, 255} }},
	{{ {-4839, 0, -240}, 0, {-18428, 1009}, {255, 255, 255, 255} }},
	{{ {-2530, 0, -240}, 0, {-1721, 1009}, {255, 255, 255, 255} }},
	{{ {-2300, 0, -300}, 0, {-2, 1009}, {178, 178, 178, 255} }},
	{{ {-2300, -142, -300}, 0, {-2, -17}, {178, 178, 178, 255} }},
	{{ {973, -142, 240}, 0, {10526, 1000}, {255, 255, 255, 255} }},
	{{ {973, 0, 240}, 0, {10526, -8}, {255, 255, 255, 255} }},
	{{ {839, 0, 240}, 0, {9573, -8}, {255, 255, 255, 255} }},
	{{ {-1470, -142, 240}, 0, {-6829, 1000}, {255, 255, 255, 255} }},
	{{ {839, 0, 240}, 0, {9573, -8}, {255, 255, 255, 255} }},
	{{ {-1470, 0, 240}, 0, {-6829, -8}, {255, 255, 255, 255} }},
	{{ {-1470, -142, 240}, 0, {-6829, 1000}, {255, 255, 255, 255} }},
	{{ {-1700, -142, 300}, 0, {-8516, 1000}, {178, 178, 178, 255} }},
	{{ {-1700, 0, 300}, 0, {-8516, -8}, {178, 178, 178, 255} }},
	{{ {839, 0, -240}, 0, {18068, 999}, {255, 255, 255, 255} }},
	{{ {973, 0, -240}, 0, {19019, 999}, {255, 255, 255, 255} }},
	{{ {973, -142, -240}, 0, {19019, -7}, {255, 255, 255, 255} }},
	{{ {-1470, -142, -240}, 0, {1684, -7}, {255, 255, 255, 255} }},
	{{ {-1470, 0, -240}, 0, {1684, 999}, {255, 255, 255, 255} }},
	{{ {-1700, 0, -300}, 0, {-2, 999}, {178, 178, 178, 255} }},
	{{ {-1700, -142, -300}, 0, {-2, -7}, {178, 178, 178, 255} }},
	{{ {-1760, -142, 2973}, 0, {-16, 1008}, {255, 255, 255, 255} }},
	{{ {-2240, -142, 2973}, 0, {-16, 1008}, {255, 255, 255, 255} }},
	{{ {-2240, -142, 530}, 0, {-16, 1008}, {255, 255, 255, 255} }},
	{{ {-1760, -142, 530}, 0, {-16, 1008}, {255, 255, 255, 255} }},
	{{ {-1700, -142, 300}, 0, {-16, 1008}, {255, 255, 255, 255} }},
	{{ {-2300, -142, 300}, 0, {-16, 1008}, {255, 255, 255, 255} }},
	{{ {-1700, -142, -300}, 0, {-16, 1008}, {255, 255, 255, 255} }},
	{{ {-2300, -142, -300}, 0, {-16, 1008}, {255, 255, 255, 255} }},
	{{ {-2530, -142, -240}, 0, {-16, 1008}, {255, 255, 255, 255} }},
	{{ {-2530, -142, 240}, 0, {-16, 1008}, {255, 255, 255, 255} }},
	{{ {-4973, -142, -240}, 0, {-16, 1008}, {255, 255, 255, 255} }},
	{{ {-4973, -142, 240}, 0, {-16, 1008}, {255, 255, 255, 255} }},
	{{ {-2240, -142, -530}, 0, {-16, 1008}, {255, 255, 255, 255} }},
	{{ {-1760, -142, -530}, 0, {-16, 1008}, {255, 255, 255, 255} }},
	{{ {-2240, -142, -2973}, 0, {-16, 1008}, {255, 255, 255, 255} }},
	{{ {-1760, -142, -2973}, 0, {-16, 1008}, {255, 255, 255, 255} }},
	{{ {973, -142, -240}, 0, {-16, 1008}, {255, 255, 255, 255} }},
	{{ {973, -142, 240}, 0, {-16, 1008}, {255, 255, 255, 255} }},
	{{ {-1470, -142, 240}, 0, {-16, 1008}, {255, 255, 255, 255} }},
	{{ {-1470, -142, -240}, 0, {-16, 1008}, {255, 255, 255, 255} }},
	{{ {-1450, -142, 2515}, 0, {240, 496}, {127, 127, 127, 255} }},
	{{ {-1150, -142, 2515}, 0, {752, 496}, {127, 127, 127, 255} }},
	{{ {-1150, -142, 2973}, 0, {752, 240}, {127, 127, 127, 255} }},
	{{ {-1450, -142, 2973}, 0, {240, 240}, {127, 127, 127, 255} }},
	{{ {-850, -142, 2515}, 0, {240, 496}, {127, 127, 127, 255} }},
	{{ {-550, -142, 2515}, 0, {752, 496}, {127, 127, 127, 255} }},
	{{ {-550, -142, 2973}, 0, {752, 240}, {127, 127, 127, 255} }},
	{{ {-850, -142, 2973}, 0, {240, 240}, {127, 127, 127, 255} }},
	{{ {240, -142, 2973}, 0, {-16, 1008}, {127, 127, 127, 255} }},
	{{ {-240, -142, 2973}, 0, {-16, 1008}, {127, 127, 127, 255} }},
	{{ {-240, -142, 2515}, 0, {-16, 1008}, {127, 127, 127, 255} }},
	{{ {240, -142, 2515}, 0, {-16, 1008}, {127, 127, 127, 255} }},
	{{ {-550, 0, 2973}, 0, {-16, 1008}, {178, 178, 178, 255} }},
	{{ {-240, 0, 2973}, 0, {2032, 1008}, {255, 255, 255, 255} }},
	{{ {-240, -142, 2973}, 0, {2032, -16}, {255, 255, 255, 255} }},
	{{ {-550, -142, 2973}, 0, {-16, -16}, {178, 178, 178, 255} }},
	{{ {-1150, 0, 2973}, 0, {-16, 1008}, {178, 178, 178, 255} }},
	{{ {-850, 0, 2973}, 0, {2032, 1008}, {255, 255, 255, 255} }},
	{{ {-850, -142, 2973}, 0, {2032, -16}, {255, 255, 255, 255} }},
	{{ {-1150, -142, 2973}, 0, {-16, -16}, {178, 178, 178, 255} }},
	{{ {-1760, 0, 2973}, 0, {-16, 1008}, {178, 178, 178, 255} }},
	{{ {-1450, 0, 2973}, 0, {2032, 1008}, {255, 255, 255, 255} }},
	{{ {-1450, -142, 2973}, 0, {2032, -16}, {255, 255, 255, 255} }},
	{{ {-1760, -142, 2973}, 0, {-16, -16}, {178, 178, 178, 255} }},
	{{ {-2550, -142, 2515}, 0, {240, 496}, {127, 127, 127, 255} }},
	{{ {-2550, -142, 2973}, 0, {240, 240}, {127, 127, 127, 255} }},
	{{ {-2850, -142, 2973}, 0, {752, 240}, {127, 127, 127, 255} }},
	{{ {-2850, -142, 2515}, 0, {752, 496}, {127, 127, 127, 255} }},
	{{ {-3150, -142, 2515}, 0, {240, 496}, {127, 127, 127, 255} }},
	{{ {-3150, -142, 2973}, 0, {240, 240}, {127, 127, 127, 255} }},
	{{ {-3450, -142, 2973}, 0, {752, 240}, {127, 127, 127, 255} }},
	{{ {-3450, -142, 2515}, 0, {752, 496}, {127, 127, 127, 255} }},
	{{ {-3450, 0, 2973}, 0, {-16, -16}, {255, 255, 255, 255} }},
	{{ {-3450, -142, 2973}, 0, {-16, 1008}, {255, 255, 255, 255} }},
	{{ {-3760, -142, 2973}, 0, {2032, 1008}, {178, 178, 178, 255} }},
	{{ {-3760, 0, 2973}, 0, {2032, -16}, {178, 178, 178, 255} }},
	{{ {-2850, 0, 2973}, 0, {-16, -16}, {255, 255, 255, 255} }},
	{{ {-2850, -142, 2973}, 0, {-16, 1008}, {255, 255, 255, 255} }},
	{{ {-3150, -142, 2973}, 0, {2032, 1008}, {178, 178, 178, 255} }},
	{{ {-3150, 0, 2973}, 0, {2032, -16}, {178, 178, 178, 255} }},
	{{ {-2240, 0, 2973}, 0, {-16, -16}, {255, 255, 255, 255} }},
	{{ {-2240, -142, 2973}, 0, {-16, 1008}, {255, 255, 255, 255} }},
	{{ {-2550, -142, 2973}, 0, {2032, 1008}, {178, 178, 178, 255} }},
	{{ {-2550, 0, 2973}, 0, {2032, -16}, {178, 178, 178, 255} }},
	{{ {-3760, -142, 2973}, 0, {-16, 1008}, {127, 127, 127, 255} }},
	{{ {-4240, -142, 2973}, 0, {-16, 1008}, {127, 127, 127, 255} }},
	{{ {-4240, -142, 2515}, 0, {-16, 1008}, {127, 127, 127, 255} }},
	{{ {-3760, -142, 2515}, 0, {-16, 1008}, {127, 127, 127, 255} }},
	{{ {-4240, -142, 2973}, 0, {-16, 1008}, {255, 255, 255, 255} }},
	{{ {-4639, -142, 2973}, 0, {2032, 1008}, {255, 255, 255, 255} }},
	{{ {-4639, 0, 2973}, 0, {2032, -16}, {255, 255, 255, 255} }},
	{{ {-4240, 0, 2973}, 0, {-16, -16}, {255, 255, 255, 255} }},
	{{ {240, 0, 2973}, 0, {-16, 1008}, {255, 255, 255, 255} }},
	{{ {639, 0, 2973}, 0, {2032, 1008}, {255, 255, 255, 255} }},
	{{ {639, -142, 2973}, 0, {2032, -16}, {255, 255, 255, 255} }},
	{{ {240, -142, 2973}, 0, {-16, -16}, {255, 255, 255, 255} }},
	{{ {973, -142, 240}, 0, {10526, 1000}, {231, 231, 231, 255} }},
	{{ {973, -142, 2639}, 0, {27564, 1000}, {231, 231, 231, 255} }},
	{{ {973, 0, 2639}, 0, {27564, -8}, {231, 231, 231, 255} }},
	{{ {973, 0, 240}, 0, {10526, -8}, {231, 231, 231, 255} }},
	{{ {973, 0, -240}, 0, {12875, 999}, {231, 231, 231, 255} }},
	{{ {973, 0, -2639}, 0, {29894, 999}, {231, 231, 231, 255} }},
	{{ {973, -142, -2639}, 0, {29894, -7}, {231, 231, 231, 255} }},
	{{ {973, -142, -240}, 0, {12875, -7}, {231, 231, 231, 255} }},
	{{ {-1760, -142, -2973}, 0, {-10830, -7}, {255, 255, 255, 255} }},
	{{ {639, -142, -2973}, 0, {-27849, -7}, {255, 255, 255, 255} }},
	{{ {639, 0, -2973}, 0, {-27849, 999}, {255, 255, 255, 255} }},
	{{ {-1760, 0, -2973}, 0, {-10830, 999}, {255, 255, 255, 255} }},
	{{ {-2240, 0, -2973}, 0, {13251, 1009}, {255, 255, 255, 255} }},
	{{ {-4639, 0, -2973}, 0, {30607, 1009}, {255, 255, 255, 255} }},
	{{ {-4639, -142, -2973}, 0, {30607, -17}, {255, 255, 255, 255} }},
	{{ {-2240, -142, -2973}, 0, {13251, -17}, {255, 255, 255, 255} }},
	{{ {-4973, -142, -240}, 0, {-11206, -17}, {231, 231, 231, 255} }},
	{{ {-4973, -142, -2639}, 0, {-28562, -17}, {231, 231, 231, 255} }},
	{{ {-4973, 0, -2639}, 0, {-28562, 1009}, {231, 231, 231, 255} }},
	{{ {-4973, 0, -240}, 0, {-11206, 1009}, {231, 231, 231, 255} }},
	{{ {-4973, 0, 240}, 0, {10653, 1006}, {231, 231, 231, 255} }},
	{{ {-4973, 0, 2639}, 0, {27896, 1006}, {231, 231, 231, 255} }},
	{{ {-4973, -142, 2639}, 0, {27896, -14}, {231, 231, 231, 255} }},
	{{ {-4973, -142, 240}, 0, {10653, -14}, {231, 231, 231, 255} }},
};

Gfx rthwomps_rthwomps_mesh_layer_1_tri_5[] = {
	gsSPVertex(rthwomps_rthwomps_mesh_layer_1_vtx_5 + 0, 32, 0),
	gsSP2Triangles(0, 1, 2, 0, 3, 4, 5, 0),
	gsSP2Triangles(6, 7, 8, 0, 9, 10, 11, 0),
	gsSP2Triangles(12, 13, 14, 0, 15, 16, 17, 0),
	gsSP2Triangles(18, 19, 20, 0, 20, 21, 18, 0),
	gsSP2Triangles(20, 22, 21, 0, 22, 23, 21, 0),
	gsSP2Triangles(22, 24, 23, 0, 25, 26, 27, 0),
	gsSP2Triangles(25, 27, 28, 0, 28, 29, 25, 0),
	gsSP2Triangles(28, 30, 29, 0, 28, 31, 30, 0),
	gsSPVertex(rthwomps_rthwomps_mesh_layer_1_vtx_5 + 32, 32, 0),
	gsSP2Triangles(0, 1, 2, 0, 2, 3, 0, 0),
	gsSP2Triangles(2, 4, 3, 0, 3, 4, 5, 0),
	gsSP2Triangles(3, 5, 6, 0, 7, 8, 9, 0),
	gsSP2Triangles(7, 9, 10, 0, 10, 11, 7, 0),
	gsSP2Triangles(7, 11, 12, 0, 7, 12, 13, 0),
	gsSP2Triangles(14, 15, 16, 0, 16, 17, 14, 0),
	gsSP2Triangles(16, 18, 17, 0, 17, 18, 19, 0),
	gsSP2Triangles(17, 19, 20, 0, 21, 22, 23, 0),
	gsSP2Triangles(21, 23, 24, 0, 24, 25, 21, 0),
	gsSP2Triangles(21, 25, 26, 0, 21, 26, 27, 0),
	gsSP2Triangles(28, 29, 30, 0, 30, 31, 28, 0),
	gsSPVertex(rthwomps_rthwomps_mesh_layer_1_vtx_5 + 64, 32, 0),
	gsSP2Triangles(0, 1, 2, 0, 1, 3, 2, 0),
	gsSP2Triangles(1, 4, 3, 0, 5, 6, 7, 0),
	gsSP2Triangles(5, 7, 8, 0, 8, 9, 5, 0),
	gsSP2Triangles(8, 10, 9, 0, 8, 11, 10, 0),
	gsSP2Triangles(12, 13, 14, 0, 12, 14, 15, 0),
	gsSP2Triangles(16, 15, 14, 0, 16, 14, 17, 0),
	gsSP2Triangles(18, 16, 17, 0, 18, 17, 19, 0),
	gsSP2Triangles(17, 20, 19, 0, 17, 21, 20, 0),
	gsSP2Triangles(22, 20, 21, 0, 22, 21, 23, 0),
	gsSP2Triangles(18, 19, 24, 0, 18, 24, 25, 0),
	gsSP2Triangles(25, 24, 26, 0, 25, 26, 27, 0),
	gsSP2Triangles(28, 29, 30, 0, 28, 30, 31, 0),
	gsSP2Triangles(16, 31, 30, 0, 16, 18, 31, 0),
	gsSPVertex(rthwomps_rthwomps_mesh_layer_1_vtx_5 + 96, 32, 0),
	gsSP2Triangles(0, 1, 2, 0, 0, 2, 3, 0),
	gsSP2Triangles(4, 5, 6, 0, 4, 6, 7, 0),
	gsSP2Triangles(8, 9, 10, 0, 8, 10, 11, 0),
	gsSP2Triangles(12, 13, 14, 0, 12, 14, 15, 0),
	gsSP2Triangles(16, 17, 18, 0, 16, 18, 19, 0),
	gsSP2Triangles(20, 21, 22, 0, 20, 22, 23, 0),
	gsSP2Triangles(24, 25, 26, 0, 24, 26, 27, 0),
	gsSP2Triangles(28, 29, 30, 0, 28, 30, 31, 0),
	gsSPVertex(rthwomps_rthwomps_mesh_layer_1_vtx_5 + 128, 32, 0),
	gsSP2Triangles(0, 1, 2, 0, 0, 2, 3, 0),
	gsSP2Triangles(4, 5, 6, 0, 4, 6, 7, 0),
	gsSP2Triangles(8, 9, 10, 0, 8, 10, 11, 0),
	gsSP2Triangles(12, 13, 14, 0, 12, 14, 15, 0),
	gsSP2Triangles(16, 17, 18, 0, 16, 18, 19, 0),
	gsSP2Triangles(20, 21, 22, 0, 20, 22, 23, 0),
	gsSP2Triangles(24, 25, 26, 0, 24, 26, 27, 0),
	gsSP2Triangles(28, 29, 30, 0, 28, 30, 31, 0),
	gsSPVertex(rthwomps_rthwomps_mesh_layer_1_vtx_5 + 160, 16, 0),
	gsSP2Triangles(0, 1, 2, 0, 0, 2, 3, 0),
	gsSP2Triangles(4, 5, 6, 0, 4, 6, 7, 0),
	gsSP2Triangles(8, 9, 10, 0, 8, 10, 11, 0),
	gsSP2Triangles(12, 13, 14, 0, 12, 14, 15, 0),
	gsSPEndDisplayList(),
};

Vtx rthwomps_rthwomps_mesh_layer_4_vtx_0[8] = {
	{{ {-3891, 806, -1542}, 0, {-4044, -582}, {255, 255, 255, 255} }},
	{{ {-2470, 806, -1542}, 0, {5036, -582}, {255, 255, 255, 255} }},
	{{ {-2470, 806, -2216}, 0, {5036, -4885}, {255, 255, 255, 255} }},
	{{ {-3891, 806, -2216}, 0, {-4044, -4885}, {255, 255, 255, 255} }},
	{{ {-3891, 1072, -531}, 0, {-4044, 5877}, {255, 255, 255, 255} }},
	{{ {-3217, 1072, -531}, 0, {259, 5877}, {255, 255, 255, 255} }},
	{{ {-3217, 1072, -1205}, 0, {259, 1574}, {255, 255, 255, 255} }},
	{{ {-3891, 1072, -1205}, 0, {-4044, 1574}, {255, 255, 255, 255} }},
};

Gfx rthwomps_rthwomps_mesh_layer_4_tri_0[] = {
	gsSPVertex(rthwomps_rthwomps_mesh_layer_4_vtx_0 + 0, 8, 0),
	gsSP2Triangles(0, 1, 2, 0, 0, 2, 3, 0),
	gsSP2Triangles(4, 5, 6, 0, 4, 6, 7, 0),
	gsSPEndDisplayList(),
};


Gfx mat_rthwomps_dungeontiles[] = {
	gsSPClearGeometryMode(G_LIGHTING),
	gsDPPipeSync(),
	gsDPSetCombineLERP(TEXEL0, 0, SHADE, 0, ENVIRONMENT, 0, SHADE, 0, TEXEL0, 0, SHADE, 0, ENVIRONMENT, 0, SHADE, 0),
	gsDPSetAlphaDither(G_AD_NOISE),
	gsSPTexture(65535, 65535, 0, 0, 1),
	gsDPSetTextureImage(G_IM_FMT_RGBA, G_IM_SIZ_16b_LOAD_BLOCK, 1, gDungeonTextureTile),
	gsDPSetTile(G_IM_FMT_RGBA, G_IM_SIZ_16b_LOAD_BLOCK, 0, 0, 7, 0, G_TX_WRAP | G_TX_NOMIRROR, 0, 0, G_TX_WRAP | G_TX_NOMIRROR, 0, 0),
	gsDPLoadBlock(7, 0, 0, 1023, 256),
	gsDPSetTile(G_IM_FMT_RGBA, G_IM_SIZ_16b, 8, 0, 0, 0, G_TX_WRAP | G_TX_NOMIRROR, 5, 0, G_TX_WRAP | G_TX_NOMIRROR, 5, 0),
	gsDPSetTileSize(0, 0, 0, 124, 124),
	gsSPEndDisplayList(),
};

Gfx mat_revert_rthwomps_dungeontiles[] = {
	gsSPSetGeometryMode(G_LIGHTING),
	gsDPPipeSync(),
	gsDPSetAlphaDither(G_AD_DISABLE),
	gsSPEndDisplayList(),
};

Gfx mat_rthwomps_dungeonbricks[] = {
	gsSPClearGeometryMode(G_LIGHTING),
	gsDPPipeSync(),
	gsDPSetCombineLERP(TEXEL0, 0, SHADE, 0, ENVIRONMENT, 0, SHADE, 0, TEXEL0, 0, SHADE, 0, ENVIRONMENT, 0, SHADE, 0),
	gsDPSetAlphaDither(G_AD_NOISE),
	gsSPTexture(65535, 65535, 0, 0, 1),
	gsDPSetTextureImage(G_IM_FMT_RGBA, G_IM_SIZ_16b_LOAD_BLOCK, 1, gDungeonTextureBrick),
	gsDPSetTile(G_IM_FMT_RGBA, G_IM_SIZ_16b_LOAD_BLOCK, 0, 0, 7, 0, G_TX_WRAP | G_TX_NOMIRROR, 0, 0, G_TX_WRAP | G_TX_NOMIRROR, 0, 0),
	gsDPLoadBlock(7, 0, 0, 2047, 128),
	gsDPSetTile(G_IM_FMT_RGBA, G_IM_SIZ_16b, 16, 0, 0, 0, G_TX_WRAP | G_TX_NOMIRROR, 5, 0, G_TX_WRAP | G_TX_NOMIRROR, 6, 0),
	gsDPSetTileSize(0, 0, 0, 252, 124),
	gsSPEndDisplayList(),
};

Gfx mat_revert_rthwomps_dungeonbricks[] = {
	gsSPSetGeometryMode(G_LIGHTING),
	gsDPPipeSync(),
	gsDPSetAlphaDither(G_AD_DISABLE),
	gsSPEndDisplayList(),
};

Gfx mat_rthwomps_quicksand[] = {
	gsSPClearGeometryMode(G_LIGHTING),
	gsDPPipeSync(),
	gsDPSetCombineLERP(TEXEL0, 0, SHADE, 0, ENVIRONMENT, 0, SHADE, 0, TEXEL0, 0, SHADE, 0, ENVIRONMENT, 0, SHADE, 0),
	gsDPSetAlphaDither(G_AD_NOISE),
	gsDPSetTextureLUT(G_TT_RGBA16),
	gsSPTexture(65535, 65535, 0, 0, 1),
	gsDPSetTextureImage(G_IM_FMT_RGBA, G_IM_SIZ_16b, 1, rthwomps_nagarekomi_pal_rgba16),
	gsDPSetTile(0, 0, 0, 256, 5, 0, G_TX_WRAP | G_TX_NOMIRROR, 0, 0, G_TX_WRAP | G_TX_NOMIRROR, 0, 0),
	gsDPLoadTLUTCmd(5, 40),
	gsDPSetTextureImage(G_IM_FMT_CI, G_IM_SIZ_8b_LOAD_BLOCK, 1, rthwomps_nagarekomi_ci8),
	gsDPSetTile(G_IM_FMT_CI, G_IM_SIZ_8b_LOAD_BLOCK, 0, 0, 7, 0, G_TX_WRAP | G_TX_NOMIRROR, 0, 0, G_TX_WRAP | G_TX_NOMIRROR, 0, 0),
	gsDPLoadBlock(7, 0, 0, 511, 512),
	gsDPSetTile(G_IM_FMT_CI, G_IM_SIZ_8b, 4, 0, 0, 0, G_TX_WRAP | G_TX_NOMIRROR, 5, 0, G_TX_WRAP | G_TX_NOMIRROR, 5, 0),
	gsDPSetTileSize(0, 0, 0, 124, 124),
	gsSPEndDisplayList(),
};

Gfx mat_revert_rthwomps_quicksand[] = {
	gsSPSetGeometryMode(G_LIGHTING),
	gsDPPipeSync(),
	gsDPSetAlphaDither(G_AD_DISABLE),
	gsDPSetTextureLUT(G_TT_NONE),
	gsSPEndDisplayList(),
};

Gfx mat_rthwomps_dungeonshingles[] = {
	gsSPClearGeometryMode(G_LIGHTING),
	gsDPPipeSync(),
	gsDPSetCombineLERP(TEXEL0, 0, SHADE, 0, ENVIRONMENT, 0, SHADE, 0, TEXEL0, 0, SHADE, 0, ENVIRONMENT, 0, SHADE, 0),
	gsDPSetAlphaDither(G_AD_NOISE),
	gsSPTexture(65535, 65535, 0, 0, 1),
	gsDPSetTextureImage(G_IM_FMT_RGBA, G_IM_SIZ_16b_LOAD_BLOCK, 1, gDungeonTextureShingles),
	gsDPSetTile(G_IM_FMT_RGBA, G_IM_SIZ_16b_LOAD_BLOCK, 0, 0, 7, 0, G_TX_WRAP | G_TX_NOMIRROR, 0, 0, G_TX_WRAP | G_TX_NOMIRROR, 0, 0),
	gsDPLoadBlock(7, 0, 0, 1023, 256),
	gsDPSetTile(G_IM_FMT_RGBA, G_IM_SIZ_16b, 8, 0, 0, 0, G_TX_WRAP | G_TX_NOMIRROR, 5, 0, G_TX_WRAP | G_TX_NOMIRROR, 5, 0),
	gsDPSetTileSize(0, 0, 0, 124, 124),
	gsSPEndDisplayList(),
};

Gfx mat_revert_rthwomps_dungeonshingles[] = {
	gsSPSetGeometryMode(G_LIGHTING),
	gsDPPipeSync(),
	gsDPSetAlphaDither(G_AD_DISABLE),
	gsSPEndDisplayList(),
};

Gfx mat_rthwomps_grate_001[] = {
	gsSPClearGeometryMode(G_LIGHTING),
	gsDPPipeSync(),
	gsDPSetCombineLERP(TEXEL0, 0, SHADE, 0, TEXEL0, 0, ENVIRONMENT, 0, TEXEL0, 0, SHADE, 0, TEXEL0, 0, ENVIRONMENT, 0),
	gsDPSetAlphaDither(G_AD_NOISE),
	gsSPTexture(65535, 65535, 0, 0, 1),
	gsDPSetTextureImage(G_IM_FMT_IA, G_IM_SIZ_8b_LOAD_BLOCK, 1, rthwomps_ChainLink_ia8),
	gsDPSetTile(G_IM_FMT_IA, G_IM_SIZ_8b_LOAD_BLOCK, 0, 0, 7, 0, G_TX_WRAP | G_TX_NOMIRROR, 0, 0, G_TX_WRAP | G_TX_NOMIRROR, 0, 0),
	gsDPLoadBlock(7, 0, 0, 511, 512),
	gsDPSetTile(G_IM_FMT_IA, G_IM_SIZ_8b, 4, 0, 0, 0, G_TX_WRAP | G_TX_NOMIRROR, 5, 0, G_TX_WRAP | G_TX_NOMIRROR, 5, 0),
	gsDPSetTileSize(0, 0, 0, 124, 124),
	gsSPEndDisplayList(),
};

Gfx mat_revert_rthwomps_grate_001[] = {
	gsSPSetGeometryMode(G_LIGHTING),
	gsDPPipeSync(),
	gsDPSetAlphaDither(G_AD_DISABLE),
	gsSPEndDisplayList(),
};

Gfx mat_rthwomps_pillar[] = {
	gsSPClearGeometryMode(G_LIGHTING),
	gsDPPipeSync(),
	gsDPSetCombineLERP(TEXEL0, 0, SHADE, 0, ENVIRONMENT, 0, SHADE, 0, TEXEL0, 0, SHADE, 0, ENVIRONMENT, 0, SHADE, 0),
	gsDPSetAlphaDither(G_AD_NOISE),
	gsSPTexture(65535, 65535, 0, 0, 1),
	gsDPSetTextureImage(G_IM_FMT_I, G_IM_SIZ_8b_LOAD_BLOCK, 1, rthwomps_uzu_i8),
	gsDPSetTile(G_IM_FMT_I, G_IM_SIZ_8b_LOAD_BLOCK, 0, 0, 7, 0, G_TX_WRAP | G_TX_NOMIRROR, 0, 0, G_TX_WRAP | G_TX_NOMIRROR, 0, 0),
	gsDPLoadBlock(7, 0, 0, 2047, 256),
	gsDPSetTile(G_IM_FMT_I, G_IM_SIZ_8b, 8, 0, 0, 0, G_TX_WRAP | G_TX_NOMIRROR, 6, 0, G_TX_WRAP | G_TX_NOMIRROR, 6, 0),
	gsDPSetTileSize(0, 0, 0, 252, 252),
	gsSPEndDisplayList(),
};

Gfx mat_revert_rthwomps_pillar[] = {
	gsSPSetGeometryMode(G_LIGHTING),
	gsDPPipeSync(),
	gsDPSetAlphaDither(G_AD_DISABLE),
	gsSPEndDisplayList(),
};

Gfx mat_rthwomps_desertTrim[] = {
	gsSPClearGeometryMode(G_LIGHTING),
	gsDPPipeSync(),
	gsDPSetCombineLERP(TEXEL0, 0, SHADE, 0, ENVIRONMENT, 0, SHADE, 0, TEXEL0, 0, SHADE, 0, ENVIRONMENT, 0, SHADE, 0),
	gsDPSetAlphaDither(G_AD_NOISE),
	gsSPTexture(65535, 65535, 0, 0, 1),
	gsDPSetTextureImage(G_IM_FMT_RGBA, G_IM_SIZ_16b_LOAD_BLOCK, 1, rthwomps_desertTrim_rgba16),
	gsDPSetTile(G_IM_FMT_RGBA, G_IM_SIZ_16b_LOAD_BLOCK, 0, 0, 7, 0, G_TX_WRAP | G_TX_NOMIRROR, 0, 0, G_TX_WRAP | G_TX_NOMIRROR, 0, 0),
	gsDPLoadBlock(7, 0, 0, 2047, 128),
	gsDPSetTile(G_IM_FMT_RGBA, G_IM_SIZ_16b, 16, 0, 0, 0, G_TX_WRAP | G_TX_NOMIRROR, 5, 0, G_TX_WRAP | G_TX_NOMIRROR, 6, 0),
	gsDPSetTileSize(0, 0, 0, 252, 124),
	gsSPEndDisplayList(),
};

Gfx mat_revert_rthwomps_desertTrim[] = {
	gsSPSetGeometryMode(G_LIGHTING),
	gsDPPipeSync(),
	gsDPSetAlphaDither(G_AD_DISABLE),
	gsSPEndDisplayList(),
};

Gfx rthwomps_rthwomps_mesh_layer_1[] = {
	gsSPDisplayList(mat_rthwomps_dungeontiles),
	gsSPDisplayList(rthwomps_rthwomps_mesh_layer_1_tri_0),
	gsSPDisplayList(mat_revert_rthwomps_dungeontiles),
	gsSPDisplayList(mat_rthwomps_dungeonbricks),
	gsSPDisplayList(rthwomps_rthwomps_mesh_layer_1_tri_1),
	gsSPDisplayList(mat_revert_rthwomps_dungeonbricks),
	gsSPDisplayList(mat_rthwomps_quicksand),
	gsSPDisplayList(rthwomps_rthwomps_mesh_layer_1_tri_2),
	gsSPDisplayList(mat_revert_rthwomps_quicksand),
	gsSPDisplayList(mat_rthwomps_dungeonshingles),
	gsSPDisplayList(rthwomps_rthwomps_mesh_layer_1_tri_3),
	gsSPDisplayList(mat_revert_rthwomps_dungeonshingles),
	gsSPDisplayList(mat_rthwomps_pillar),
	gsSPDisplayList(rthwomps_rthwomps_mesh_layer_1_tri_4),
	gsSPDisplayList(mat_revert_rthwomps_pillar),
	gsSPDisplayList(mat_rthwomps_desertTrim),
	gsSPDisplayList(rthwomps_rthwomps_mesh_layer_1_tri_5),
	gsSPDisplayList(mat_revert_rthwomps_desertTrim),
	gsDPPipeSync(),
	gsSPSetGeometryMode(G_LIGHTING),
	gsSPClearGeometryMode(G_TEXTURE_GEN),
	gsDPSetCombineLERP(0, 0, 0, SHADE, 0, 0, 0, ENVIRONMENT, 0, 0, 0, SHADE, 0, 0, 0, ENVIRONMENT),
	gsSPTexture(65535, 65535, 0, 0, 0),
	gsDPSetEnvColor(255, 255, 255, 255),
	gsDPSetAlphaCompare(G_AC_NONE),
	gsSPEndDisplayList(),
};

Gfx rthwomps_rthwomps_mesh_layer_4[] = {
	gsSPDisplayList(mat_rthwomps_grate_001),
	gsSPDisplayList(rthwomps_rthwomps_mesh_layer_4_tri_0),
	gsSPDisplayList(mat_revert_rthwomps_grate_001),
	gsDPPipeSync(),
	gsSPSetGeometryMode(G_LIGHTING),
	gsSPClearGeometryMode(G_TEXTURE_GEN),
	gsDPSetCombineLERP(0, 0, 0, SHADE, 0, 0, 0, ENVIRONMENT, 0, 0, 0, SHADE, 0, 0, 0, ENVIRONMENT),
	gsSPTexture(65535, 65535, 0, 0, 0),
	gsDPSetEnvColor(255, 255, 255, 255),
	gsDPSetAlphaCompare(G_AC_NONE),
	gsSPEndDisplayList(),
};

