Gfx facade1_trim_ci8_aligner[] = {gsSPEndDisplayList()};
u8 facade1_trim_ci8[] = {
	0x00, 0x00, 0x00, 0x01, 0x01, 0x01, 0x01, 0x02, 
	0x02, 0x02, 0x03, 0x03, 0x03, 0x04, 0x05, 0x06, 
	0x06, 0x06, 0x06, 0x06, 0x06, 0x06, 0x06, 0x04, 
	0x04, 0x03, 0x03, 0x07, 0x03, 0x03, 0x03, 0x03, 
	0x08, 0x08, 0x09, 0x06, 0x06, 0x06, 0x06, 0x06, 
	0x06, 0x06, 0x06, 0x0a, 0x06, 0x06, 0x0b, 0x0c, 
	0x06, 0x0d, 0x08, 0x08, 0x08, 0x08, 0x08, 0x09, 
	0x08, 0x09, 0x09, 0x09, 0x08, 0x08, 0x0c, 0x06, 
	0x0e, 0x0e, 0x0e, 0x0e, 0x0e, 0x0e, 0x0e, 0x0e, 
	0x0e, 0x0f, 0x10, 0x11, 0x0e, 0x0e, 0x0e, 0x0e, 
	0x0e, 0x0e, 0x0e, 0x0e, 0x0e, 0x0e, 0x0e, 0x0e, 
	0x0e, 0x0e, 0x0e, 0x0e, 0x0e, 0x0e, 0x0e, 0x0e, 
	0x0e, 0x0e, 0x0e, 0x0e, 0x0e, 0x0e, 0x0e, 0x0e, 
	0x0e, 0x0e, 0x0e, 0x0e, 0x0e, 0x0e, 0x10, 0x00, 
	0x12, 0x0e, 0x0e, 0x0e, 0x0e, 0x0e, 0x0e, 0x13, 
	0x13, 0x13, 0x14, 0x14, 0x14, 0x13, 0x13, 0x13, 
	0x08, 0x14, 0x15, 0x08, 0x08, 0x08, 0x08, 0x08, 
	0x0b, 0x0a, 0x08, 0x06, 0x08, 0x0e, 0x06, 0x01, 
	0x16, 0x00, 0x17, 0x18, 0x14, 0x0b, 0x06, 0x06, 
	0x06, 0x06, 0x06, 0x03, 0x06, 0x06, 0x19, 0x19, 
	0x00, 0x00, 0x00, 0x00, 0x00, 0x00, 0x00, 0x00, 
	0x00, 0x1a, 0x1a, 0x1a, 0x02, 0x1b, 0x07, 0x06, 
	0x0a, 0x04, 0x0e, 0x07, 0x1a, 0x1a, 0x1a, 0x1a, 
	0x1a, 0x1a, 0x1a, 0x1a, 0x1a, 0x1a, 0x1a, 0x1a, 
	0x1c, 0x1c, 0x1c, 0x1c, 0x1c, 0x1c, 0x1c, 0x1c, 
	0x1c, 0x1c, 0x1d, 0x1d, 0x1e, 0x04, 0x0e, 0x1f, 
	0x00, 0x20, 0x15, 0x21, 0x22, 0x22, 0x1d, 0x1d, 
	0x1d, 0x1d, 0x1d, 0x1d, 0x23, 0x23, 0x1d, 0x24, 
	0x22, 0x22, 0x22, 0x22, 0x22, 0x22, 0x22, 0x22, 
	0x22, 0x25, 0x22, 0x26, 0x22, 0x27, 0x14, 0x06, 
	0x11, 0x0e, 0x28, 0x1c, 0x29, 0x2a, 0x22, 0x22, 
	0x22, 0x2a, 0x2a, 0x2a, 0x2a, 0x2a, 0x2a, 0x2a, 
	0x2b, 0x29, 0x29, 0x29, 0x29, 0x29, 0x29, 0x2a, 
	0x22, 0x1e, 0x1c, 0x26, 0x22, 0x2c, 0x03, 0x2d, 
	0x0b, 0x06, 0x06, 0x1c, 0x29, 0x22, 0x1c, 0x24, 
	0x2e, 0x29, 0x2f, 0x2f, 0x2f, 0x2f, 0x2f, 0x2f, 
	0x30, 0x31, 0x31, 0x31, 0x32, 0x2f, 0x2f, 0x2a, 
	0x1e, 0x06, 0x03, 0x33, 0x33, 0x34, 0x22, 0x31, 
	0x35, 0x29, 0x1c, 0x33, 0x1a, 0x02, 0x0b, 0x03, 
	0x22, 0x2f, 0x31, 0x36, 0x36, 0x36, 0x36, 0x36, 
	0x35, 0x35, 0x35, 0x35, 0x36, 0x36, 0x31, 0x29, 
	0x1a, 0x0e, 0x0e, 0x19, 0x27, 0x2a, 0x35, 0x37, 
	0x38, 0x39, 0x35, 0x22, 0x33, 0x2d, 0x0f, 0x3a, 
	0x21, 0x3b, 0x35, 0x35, 0x3c, 0x35, 0x35, 0x35, 
	0x35, 0x35, 0x35, 0x35, 0x35, 0x35, 0x35, 0x31, 
	0x1d, 0x06, 0x08, 0x00, 0x2a, 0x35, 0x3d, 0x35, 
	0x2a, 0x35, 0x38, 0x3e, 0x29, 0x1e, 0x3f, 0x03, 
	0x40, 0x3e, 0x41, 0x3e, 0x3e, 0x3e, 0x3e, 0x35, 
	0x35, 0x35, 0x35, 0x35, 0x35, 0x35, 0x35, 0x35, 
	0x3c, 0x42, 0x22, 0x29, 0x35, 0x35, 0x35, 0x43, 
	0x1e, 0x27, 0x31, 0x44, 0x45, 0x29, 0x43, 0x22, 
	0x2f, 0x3e, 0x3e, 0x3e, 0x35, 0x35, 0x35, 0x35, 
	0x36, 0x36, 0x36, 0x46, 0x46, 0x35, 0x35, 0x3e, 
	0x3e, 0x41, 0x35, 0x36, 0x31, 0x47, 0x1c, 0x33, 
	0x1a, 0x03, 0x33, 0x36, 0x44, 0x35, 0x31, 0x48, 
	0x49, 0x35, 0x35, 0x35, 0x36, 0x36, 0x31, 0x31, 
	0x2a, 0x29, 0x29, 0x29, 0x4a, 0x2f, 0x4b, 0x31, 
	0x31, 0x4c, 0x33, 0x0c, 0x0f, 0x4d, 0x0a, 0x4e, 
	0x1a, 0x08, 0x4f, 0x06, 0x03, 0x1e, 0x1c, 0x22, 
	0x29, 0x29, 0x29, 0x29, 0x50, 0x2a, 0x2a, 0x2a, 
	0x1c, 0x1c, 0x1d, 0x51, 0x22, 0x22, 0x22, 0x2a, 
	0x29, 0x2f, 0x52, 0x1d, 0x00, 0x4e, 0x27, 0x1a, 
	0x1a, 0x09, 0x0f, 0x3a, 0x04, 0x1a, 0x22, 0x29, 
	0x22, 0x1c, 0x1c, 0x1c, 0x1c, 0x1c, 0x53, 0x1c, 
	0x2c, 0x1a, 0x33, 0x1e, 0x1e, 0x54, 0x1e, 0x33, 
	0x1e, 0x22, 0x2f, 0x46, 0x31, 0x33, 0x00, 0x55, 
	0x56, 0x06, 0x03, 0x06, 0x1a, 0x57, 0x58, 0x29, 
	0x1c, 0x1a, 0x1a, 0x1a, 0x59, 0x33, 0x1a, 0x1a, 
	0x51, 0x1d, 0x1d, 0x1d, 0x1d, 0x1d, 0x1d, 0x1d, 
	0x22, 0x2a, 0x31, 0x5a, 0x36, 0x1e, 0x5b, 0x1e, 
	0x1c, 0x24, 0x59, 0x2c, 0x1a, 0x2f, 0x35, 0x31, 
	0x2a, 0x22, 0x22, 0x22, 0x25, 0x25, 0x51, 0x25, 
	0x2a, 0x57, 0x22, 0x22, 0x22, 0x22, 0x57, 0x2a, 
	0x29, 0x2f, 0x36, 0x3e, 0x22, 0x1e, 0x1c, 0x22, 
	0x2a, 0x22, 0x43, 0x5c, 0x5d, 0x22, 0x5e, 0x3e, 
	0x36, 0x2f, 0x29, 0x29, 0x2a, 0x2a, 0x2e, 0x2a, 
	0x22, 0x22, 0x22, 0x22, 0x22, 0x57, 0x2a, 0x5f, 
	0x29, 0x31, 0x35, 0x29, 0x1c, 0x1c, 0x22, 0x2a, 
	0x60, 0x61, 0x4a, 0x22, 0x33, 0x62, 0x2f, 0x5e, 
	0x36, 0x31, 0x29, 0x5f, 0x57, 0x22, 0x22, 0x22, 
	0x1a, 0x33, 0x63, 0x1e, 0x53, 0x1c, 0x40, 0x64, 
	0x65, 0x22, 0x2a, 0x1c, 0x1c, 0x22, 0x1d, 0x1c, 
	0x1e, 0x1c, 0x22, 0x50, 0x22, 0x33, 0x1c, 0x50, 
	0x22, 0x1d, 0x66, 0x33, 0x33, 0x1a, 0x67, 0x27, 
	0x09, 0x06, 0x06, 0x06, 0x06, 0x06, 0x03, 0x00, 
	0x00, 0x00, 0x00, 0x1a, 0x1a, 0x1a, 0x00, 0x00, 
	0x02, 0x00, 0x00, 0x00, 0x1a, 0x33, 0x33, 0x67, 
	0x06, 0x06, 0x06, 0x0d, 0x08, 0x08, 0x08, 0x08, 
	0x08, 0x08, 0x08, 0x08, 0x0d, 0x0b, 0x06, 0x06, 
	0x06, 0x06, 0x06, 0x06, 0x06, 0x06, 0x08, 0x08, 
	0x08, 0x08, 0x08, 0x08, 0x08, 0x08, 0x08, 0x08, 
	0x08, 0x08, 0x08, 0x08, 0x0e, 0x0e, 0x13, 0x08, 
	0x03, 0x03, 0x03, 0x03, 0x03, 0x06, 0x06, 0x06, 
	0x06, 0x06, 0x06, 0x06, 0x06, 0x06, 0x06, 0x08, 
	0x08, 0x08, 0x08, 0x08, 0x08, 0x08, 0x08, 0x08, 
	0x08, 0x06, 0x06, 0x06, 0x06, 0x06, 0x68, 0x03, 
	0x1e, 0x1e, 0x1e, 0x1e, 0x1e, 0x1e, 0x33, 0x33, 
	0x1a, 0x1a, 0x1a, 0x33, 0x33, 0x33, 0x1a, 0x1a, 
	0x69, 0x67, 0x00, 0x00, 0x00, 0x00, 0x00, 0x1a, 
	0x1a, 0x1a, 0x33, 0x62, 0x56, 0x62, 0x33, 0x1e, 
	0x29, 0x6a, 0x6a, 0x2a, 0x2a, 0x2a, 0x29, 0x2a, 
	0x2a, 0x6b, 0x22, 0x22, 0x22, 0x22, 0x22, 0x22, 
	0x22, 0x22, 0x22, 0x43, 0x22, 0x22, 0x22, 0x22, 
	0x57, 0x2a, 0x6c, 0x2a, 0x2a, 0x2a, 0x2a, 0x2a, 
	0x36, 0x36, 0x36, 0x36, 0x36, 0x36, 0x36, 0x31, 
	0x31, 0x31, 0x52, 0x2f, 0x4a, 0x29, 0x2f, 0x4c, 
	0x2f, 0x4a, 0x2f, 0x4a, 0x4a, 0x29, 0x2f, 0x2f, 
	0x32, 0x31, 0x31, 0x31, 0x32, 0x31, 0x31, 0x3b, 
	0x6d, 0x36, 0x36, 0x36, 0x36, 0x36, 0x36, 0x36, 
	0x36, 0x36, 0x36, 0x6e, 0x31, 0x31, 0x31, 0x31, 
	0x31, 0x31, 0x3b, 0x31, 0x31, 0x31, 0x31, 0x31, 
	0x31, 0x31, 0x31, 0x36, 0x36, 0x3b, 0x36, 0x6d, 
	0x35, 0x35, 0x35, 0x35, 0x6f, 0x6f, 0x70, 0x36, 
	0x36, 0x36, 0x36, 0x36, 0x36, 0x36, 0x36, 0x31, 
	0x31, 0x3b, 0x31, 0x42, 0x31, 0x31, 0x31, 0x31, 
	0x31, 0x31, 0x31, 0x36, 0x36, 0x36, 0x36, 0x35, 
	0x35, 0x35, 0x35, 0x35, 0x35, 0x35, 0x35, 0x35, 
	0x35, 0x35, 0x6d, 0x36, 0x36, 0x36, 0x36, 0x36, 
	0x36, 0x36, 0x36, 0x36, 0x36, 0x36, 0x36, 0x31, 
	0x36, 0x36, 0x36, 0x36, 0x36, 0x36, 0x46, 0x35, 
	0x3e, 0x3e, 0x3e, 0x3e, 0x3e, 0x3e, 0x71, 0x35, 
	0x3c, 0x35, 0x35, 0x36, 0x36, 0x36, 0x36, 0x36, 
	0x49, 0x49, 0x35, 0x49, 0x36, 0x36, 0x35, 0x36, 
	0x36, 0x36, 0x36, 0x36, 0x35, 0x35, 0x35, 0x35, 
	0x3e, 0x41, 0x44, 0x44, 0x44, 0x3e, 0x3e, 0x5a, 
	0x3e, 0x5a, 0x3c, 0x35, 0x35, 0x35, 0x49, 0x35, 
	0x72, 0x3e, 0x3e, 0x35, 0x35, 0x73, 0x35, 0x35, 
	0x5e, 0x6d, 0x70, 0x35, 0x35, 0x35, 0x3e, 0x3e, 
	
};

Gfx facade1_trim_pal_rgba16_aligner[] = {gsSPEndDisplayList()};
u8 facade1_trim_pal_rgba16[] = {
	0xc6, 0x31, 0xc6, 0x71, 0xce, 0x71, 0xce, 0x73, 
	0xce, 0xb3, 0xd6, 0xb3, 0xd6, 0xb5, 0xce, 0x75, 
	0xde, 0xf7, 0xd6, 0xf5, 0xd6, 0xf7, 0xd6, 0xb7, 
	0xde, 0xb5, 0xde, 0xb7, 0xe7, 0x39, 0xde, 0xf9, 
	0xee, 0xf9, 0xef, 0x37, 0xce, 0x31, 0xe7, 0x37, 
	0xe6, 0xf7, 0xe6, 0xf9, 0xb5, 0xaf, 0xdf, 0x3b, 
	0xdf, 0x39, 0xde, 0xf5, 0xbd, 0xef, 0xe6, 0xf5, 
	0xa5, 0x29, 0x9c, 0xe7, 0xad, 0x6b, 0xc6, 0x33, 
	0xe7, 0x35, 0xbd, 0xad, 0x94, 0xa5, 0x9d, 0x29, 
	0x9d, 0x27, 0x94, 0xe5, 0x8c, 0xa5, 0xbe, 0x31, 
	0xe6, 0xb5, 0x84, 0x21, 0x8c, 0x63, 0x83, 0xe1, 
	0xbe, 0x2f, 0xd6, 0x75, 0x8c, 0xa3, 0x7b, 0xdf, 
	0x6b, 0x9b, 0x73, 0x9d, 0x7b, 0x9d, 0xb5, 0xad, 
	0xbe, 0x33, 0x63, 0x19, 0x6b, 0x5b, 0x5a, 0x95, 
	0x52, 0x53, 0x4a, 0x53, 0xdf, 0x37, 0x6b, 0x5d, 
	0x5b, 0x19, 0x52, 0xd5, 0x5a, 0xd7, 0xce, 0x33, 
	0xa4, 0xe9, 0x52, 0xd7, 0x73, 0x5d, 0x94, 0xa7, 
	0x52, 0x95, 0x52, 0x97, 0x6b, 0x1b, 0x7b, 0xe1, 
	0x73, 0x9b, 0x6b, 0x19, 0x83, 0xdf, 0x7b, 0x9f, 
	0x7c, 0x1f, 0xd6, 0x79, 0xc6, 0x73, 0xd7, 0x35, 
	0x8c, 0x21, 0x94, 0xe7, 0x73, 0xdf, 0xa5, 0x2b, 
	0xa5, 0x69, 0xb5, 0xef, 0xb5, 0x6b, 0x94, 0x63, 
	0x7b, 0xdd, 0xb5, 0xed, 0x5a, 0xd5, 0xbd, 0xaf, 
	0xbd, 0xed, 0xc6, 0x2f, 0x63, 0x1b, 0x84, 0x23, 
	0x84, 0x61, 0x73, 0xdd, 0xb5, 0x6d, 0xad, 0x6d, 
	0x9c, 0xe5, 0x9c, 0xa5, 0xad, 0x69, 0xc5, 0xf1, 
	0xd6, 0x73, 0xbd, 0xf1, 0x8c, 0x61, 0x8c, 0x65, 
	0x8c, 0x23, 0x63, 0x5b, 0x73, 0x5b, 0x6b, 0x59, 
	0x63, 0x59, 0x5a, 0xd9, 0x62, 0xd7, 0x63, 0x17, 
	
};

Gfx facade1_sand1_ci8_aligner[] = {gsSPEndDisplayList()};
u8 facade1_sand1_ci8[] = {
	0x00, 0x01, 0x02, 0x00, 0x03, 0x04, 0x05, 0x06, 
	0x07, 0x06, 0x08, 0x06, 0x09, 0x0a, 0x06, 0x09, 
	0x09, 0x0a, 0x0a, 0x00, 0x09, 0x06, 0x09, 0x09, 
	0x00, 0x0b, 0x02, 0x0c, 0x06, 0x06, 0x0a, 0x00, 
	0x0d, 0x08, 0x0a, 0x0a, 0x0a, 0x04, 0x04, 0x09, 
	0x04, 0x0a, 0x07, 0x09, 0x09, 0x06, 0x0a, 0x06, 
	0x02, 0x0a, 0x0a, 0x09, 0x09, 0x09, 0x09, 0x0a, 
	0x09, 0x0a, 0x07, 0x02, 0x02, 0x02, 0x06, 0x0a, 
	0x0a, 0x09, 0x0b, 0x0b, 0x0a, 0x05, 0x06, 0x0e, 
	0x00, 0x09, 0x06, 0x06, 0x0b, 0x08, 0x09, 0x09, 
	0x0f, 0x09, 0x09, 0x0a, 0x06, 0x09, 0x09, 0x0a, 
	0x09, 0x06, 0x06, 0x06, 0x06, 0x0a, 0x0a, 0x0a, 
	0x0a, 0x0b, 0x06, 0x0a, 0x02, 0x0a, 0x06, 0x06, 
	0x09, 0x08, 0x08, 0x02, 0x0b, 0x02, 0x09, 0x09, 
	0x0c, 0x02, 0x06, 0x07, 0x06, 0x09, 0x0e, 0x09, 
	0x06, 0x06, 0x09, 0x08, 0x02, 0x01, 0x01, 0x01, 
	0x09, 0x0a, 0x04, 0x09, 0x10, 0x11, 0x06, 0x02, 
	0x06, 0x08, 0x07, 0x09, 0x02, 0x0b, 0x02, 0x09, 
	0x00, 0x07, 0x01, 0x06, 0x06, 0x00, 0x12, 0x07, 
	0x06, 0x0b, 0x0b, 0x0b, 0x0b, 0x02, 0x09, 0x02, 
	0x0a, 0x08, 0x0a, 0x02, 0x0c, 0x0a, 0x09, 0x00, 
	0x06, 0x07, 0x06, 0x09, 0x06, 0x0b, 0x02, 0x09, 
	0x0a, 0x07, 0x08, 0x0b, 0x02, 0x0a, 0x0f, 0x01, 
	0x02, 0x06, 0x0b, 0x06, 0x07, 0x07, 0x0b, 0x08, 
	0x00, 0x0a, 0x11, 0x06, 0x0a, 0x0a, 0x0a, 0x06, 
	0x02, 0x07, 0x00, 0x0a, 0x06, 0x06, 0x09, 0x09, 
	0x02, 0x06, 0x09, 0x09, 0x07, 0x09, 0x02, 0x13, 
	0x02, 0x0a, 0x0a, 0x09, 0x07, 0x08, 0x01, 0x02, 
	0x01, 0x02, 0x06, 0x06, 0x09, 0x09, 0x0c, 0x09, 
	0x07, 0x02, 0x0e, 0x09, 0x02, 0x09, 0x09, 0x00, 
	0x07, 0x06, 0x09, 0x00, 0x0a, 0x0a, 0x06, 0x06, 
	0x0a, 0x0a, 0x00, 0x09, 0x06, 0x08, 0x07, 0x0a, 
	0x0a, 0x06, 0x0a, 0x02, 0x06, 0x0c, 0x14, 0x08, 
	0x06, 0x07, 0x0a, 0x09, 0x14, 0x0a, 0x0a, 0x0a, 
	0x06, 0x06, 0x0a, 0x00, 0x09, 0x09, 0x09, 0x06, 
	0x0b, 0x09, 0x02, 0x07, 0x0b, 0x02, 0x07, 0x0a, 
	0x00, 0x04, 0x0a, 0x02, 0x01, 0x0b, 0x02, 0x0b, 
	0x06, 0x06, 0x02, 0x0a, 0x0a, 0x0d, 0x09, 0x09, 
	0x0a, 0x06, 0x09, 0x09, 0x06, 0x0a, 0x09, 0x06, 
	0x07, 0x0e, 0x02, 0x07, 0x02, 0x0a, 0x0a, 0x06, 
	0x06, 0x09, 0x00, 0x04, 0x09, 0x01, 0x01, 0x02, 
	0x06, 0x06, 0x06, 0x02, 0x00, 0x0d, 0x0a, 0x00, 
	0x00, 0x09, 0x09, 0x09, 0x09, 0x0c, 0x00, 0x06, 
	0x00, 0x0a, 0x06, 0x0b, 0x06, 0x0b, 0x06, 0x07, 
	0x06, 0x02, 0x09, 0x0e, 0x00, 0x02, 0x0c, 0x08, 
	0x09, 0x07, 0x09, 0x0c, 0x02, 0x09, 0x0a, 0x13, 
	0x13, 0x09, 0x02, 0x02, 0x06, 0x0a, 0x0a, 0x06, 
	0x01, 0x10, 0x09, 0x0a, 0x05, 0x0a, 0x06, 0x06, 
	0x0a, 0x02, 0x02, 0x00, 0x0a, 0x0a, 0x0a, 0x0a, 
	0x02, 0x06, 0x07, 0x0b, 0x02, 0x02, 0x0a, 0x0c, 
	0x07, 0x06, 0x0b, 0x0c, 0x0a, 0x0a, 0x02, 0x01, 
	0x15, 0x01, 0x0b, 0x06, 0x0a, 0x00, 0x0a, 0x06, 
	0x01, 0x02, 0x01, 0x13, 0x0a, 0x09, 0x0a, 0x04, 
	0x09, 0x09, 0x07, 0x16, 0x02, 0x06, 0x06, 0x0a, 
	0x09, 0x07, 0x02, 0x0b, 0x00, 0x00, 0x01, 0x14, 
	0x15, 0x01, 0x01, 0x08, 0x0a, 0x00, 0x02, 0x06, 
	0x08, 0x08, 0x02, 0x09, 0x06, 0x07, 0x04, 0x00, 
	0x06, 0x0a, 0x06, 0x09, 0x06, 0x06, 0x01, 0x0c, 
	0x0a, 0x06, 0x06, 0x06, 0x09, 0x04, 0x17, 0x0c, 
	0x02, 0x0b, 0x02, 0x11, 0x13, 0x06, 0x06, 0x06, 
	0x09, 0x02, 0x0a, 0x00, 0x07, 0x0b, 0x06, 0x18, 
	0x06, 0x0a, 0x0a, 0x09, 0x06, 0x07, 0x02, 0x02, 
	0x09, 0x06, 0x00, 0x00, 0x0c, 0x0a, 0x0a, 0x06, 
	0x0c, 0x0c, 0x06, 0x09, 0x09, 0x09, 0x09, 0x09, 
	0x09, 0x02, 0x02, 0x0b, 0x0b, 0x08, 0x0a, 0x09, 
	0x08, 0x00, 0x00, 0x09, 0x02, 0x06, 0x0c, 0x09, 
	0x06, 0x0a, 0x00, 0x0a, 0x0a, 0x09, 0x09, 0x02, 
	0x0c, 0x0c, 0x02, 0x09, 0x09, 0x0a, 0x09, 0x06, 
	0x06, 0x0a, 0x09, 0x06, 0x01, 0x06, 0x0e, 0x09, 
	0x00, 0x00, 0x0a, 0x09, 0x06, 0x09, 0x09, 0x02, 
	0x09, 0x00, 0x09, 0x09, 0x0a, 0x09, 0x09, 0x09, 
	0x06, 0x02, 0x02, 0x06, 0x09, 0x0a, 0x09, 0x19, 
	0x07, 0x06, 0x09, 0x06, 0x0e, 0x09, 0x0a, 0x02, 
	0x0a, 0x00, 0x00, 0x09, 0x09, 0x09, 0x09, 0x09, 
	0x10, 0x06, 0x09, 0x02, 0x0a, 0x09, 0x0a, 0x00, 
	0x06, 0x02, 0x0c, 0x06, 0x09, 0x0a, 0x09, 0x0b, 
	0x02, 0x06, 0x00, 0x02, 0x02, 0x06, 0x08, 0x01, 
	0x09, 0x0c, 0x09, 0x09, 0x10, 0x00, 0x00, 0x09, 
	0x09, 0x01, 0x08, 0x0b, 0x0a, 0x06, 0x09, 0x0a, 
	0x02, 0x09, 0x06, 0x02, 0x09, 0x0a, 0x01, 0x02, 
	0x09, 0x0a, 0x00, 0x09, 0x06, 0x09, 0x02, 0x09, 
	0x06, 0x02, 0x02, 0x13, 0x00, 0x00, 0x00, 0x09, 
	0x02, 0x1a, 0x0b, 0x07, 0x02, 0x02, 0x09, 0x09, 
	0x09, 0x09, 0x09, 0x06, 0x09, 0x09, 0x08, 0x07, 
	0x09, 0x09, 0x09, 0x09, 0x0a, 0x09, 0x0a, 0x09, 
	0x02, 0x02, 0x02, 0x16, 0x09, 0x09, 0x09, 0x00, 
	0x02, 0x19, 0x06, 0x0a, 0x06, 0x06, 0x00, 0x06, 
	0x09, 0x09, 0x10, 0x09, 0x09, 0x06, 0x02, 0x09, 
	0x0f, 0x1b, 0x09, 0x02, 0x0a, 0x0a, 0x0a, 0x06, 
	0x02, 0x02, 0x02, 0x09, 0x09, 0x02, 0x02, 0x09, 
	0x02, 0x06, 0x07, 0x09, 0x0a, 0x09, 0x09, 0x06, 
	0x06, 0x06, 0x00, 0x00, 0x02, 0x02, 0x07, 0x06, 
	0x02, 0x1c, 0x09, 0x02, 0x06, 0x09, 0x09, 0x02, 
	0x06, 0x06, 0x09, 0x09, 0x0c, 0x02, 0x0c, 0x09, 
	0x09, 0x00, 0x06, 0x09, 0x02, 0x06, 0x09, 0x0a, 
	0x09, 0x09, 0x0a, 0x0d, 0x00, 0x0e, 0x02, 0x0a, 
	0x0e, 0x09, 0x09, 0x09, 0x02, 0x06, 0x02, 0x02, 
	0x02, 0x09, 0x09, 0x09, 0x07, 0x0c, 0x06, 0x02, 
	0x09, 0x00, 0x07, 0x09, 0x12, 0x02, 0x0a, 0x0c, 
	0x19, 0x06, 0x06, 0x07, 0x06, 0x02, 0x00, 0x0d, 
	0x09, 0x09, 0x09, 0x02, 0x0b, 0x02, 0x0b, 0x08, 
	0x02, 0x07, 0x09, 0x06, 0x06, 0x06, 0x06, 0x0c, 
	0x0a, 0x06, 0x07, 0x09, 0x0f, 0x02, 0x09, 0x02, 
	0x01, 0x0b, 0x06, 0x02, 0x06, 0x01, 0x0a, 0x02, 
	0x02, 0x0c, 0x0c, 0x0b, 0x08, 0x02, 0x0b, 0x02, 
	0x02, 0x07, 0x06, 0x07, 0x02, 0x06, 0x09, 0x09, 
	0x09, 0x06, 0x09, 0x06, 0x02, 0x09, 0x09, 0x13, 
	0x01, 0x02, 0x09, 0x02, 0x06, 0x06, 0x09, 0x09, 
	0x02, 0x08, 0x08, 0x08, 0x0b, 0x07, 0x07, 0x02, 
	0x02, 0x02, 0x02, 0x02, 0x02, 0x06, 0x09, 0x09, 
	0x09, 0x09, 0x06, 0x02, 0x02, 0x06, 0x06, 0x06, 
	0x02, 0x02, 0x0b, 0x06, 0x07, 0x06, 0x0c, 0x02, 
	0x01, 0x01, 0x19, 0x0b, 0x07, 0x06, 0x02, 0x02, 
	0x01, 0x01, 0x01, 0x02, 0x09, 0x02, 0x09, 0x09, 
	0x09, 0x07, 0x07, 0x02, 0x02, 0x02, 0x02, 0x02, 
	0x02, 0x02, 0x0b, 0x02, 0x07, 0x07, 0x07, 0x01, 
	0x01, 0x0f, 0x13, 0x0c, 0x02, 0x02, 0x08, 0x0b, 
	0x02, 0x0c, 0x02, 0x06, 0x0c, 0x02, 0x02, 0x09, 
	0x06, 0x07, 0x07, 0x07, 0x02, 0x02, 0x02, 0x02, 
	0x02, 0x13, 0x02, 0x02, 0x09, 0x02, 0x06, 0x02, 
	0x02, 0x09, 0x1d, 0x02, 0x02, 0x08, 0x02, 0x0a, 
	0x0a, 0x06, 0x14, 0x02, 0x02, 0x02, 0x19, 0x02, 
	0x02, 0x07, 0x06, 0x07, 0x07, 0x07, 0x02, 0x02, 
	0x11, 0x09, 0x09, 0x0b, 0x09, 0x00, 0x02, 0x02, 
	0x02, 0x06, 0x02, 0x16, 0x12, 0x02, 0x02, 0x0a, 
	0x00, 0x00, 0x02, 0x0b, 0x06, 0x02, 0x0c, 0x02, 
	0x02, 0x07, 0x06, 0x07, 0x07, 0x07, 0x06, 0x02, 
	0x02, 0x02, 0x06, 0x06, 0x0c, 0x09, 0x09, 0x02, 
	
};

Gfx facade1_sand1_pal_rgba16_aligner[] = {gsSPEndDisplayList()};
u8 facade1_sand1_pal_rgba16[] = {
	0xf7, 0x61, 0xe6, 0x9b, 0xee, 0xdd, 0xf7, 0xa5, 
	0xf7, 0xa1, 0xf7, 0x9f, 0xf7, 0x1d, 0xf6, 0xdd, 
	0xee, 0x9b, 0xf7, 0x1f, 0xf7, 0x5f, 0xee, 0xdb, 
	0xef, 0x1d, 0xf7, 0xa3, 0xf7, 0x63, 0xe6, 0x9d, 
	0xf7, 0x21, 0xee, 0x9d, 0xef, 0x21, 0xef, 0x1f, 
	0xe6, 0xdb, 0xe6, 0x59, 0xee, 0xdf, 0xef, 0x5f, 
	0xf7, 0x65, 0xe6, 0xdd, 0xe6, 0x99, 0xef, 0x23, 
	0xf7, 0x23, 0xf6, 0xdf, 
};

Gfx facade1_hill_i8_aligner[] = {gsSPEndDisplayList()};
u8 facade1_hill_i8[] = {
	0x50, 0x60, 0x68, 0x70, 0x78, 0x80, 0x88, 0x90, 
	0x98, 0xa0, 0xa8, 0xb0, 0xb8, 0xb8, 0xc0, 0xc8, 
	0xc8, 0xd0, 0xd0, 0xd0, 0xd0, 0xd0, 0xd0, 0xd0, 
	0xd0, 0xd0, 0xd0, 0xd0, 0xd0, 0xd0, 0xd0, 0xd0, 
	0x50, 0x60, 0x68, 0x70, 0x78, 0x88, 0x90, 0x98, 
	0x98, 0xa0, 0xa8, 0xb0, 0xb8, 0xc0, 0xc0, 0xc8, 
	0xc8, 0xd0, 0xd0, 0xd0, 0xd0, 0xd0, 0xd8, 0xd0, 
	0xd0, 0xd0, 0xd0, 0xd0, 0xd0, 0xd0, 0xd0, 0xd0, 
	0x58, 0x60, 0x68, 0x70, 0x80, 0x88, 0x90, 0x98, 
	0xa0, 0xa0, 0xa8, 0xb0, 0xb8, 0xc0, 0xc0, 0xc8, 
	0xc8, 0xd0, 0xd0, 0xd0, 0xd0, 0xd8, 0xd8, 0xd8, 
	0xd0, 0xd0, 0xd0, 0xd0, 0xd0, 0xd0, 0xd0, 0xc8, 
	0x58, 0x60, 0x68, 0x70, 0x80, 0x88, 0x90, 0x98, 
	0xa0, 0xa0, 0xa8, 0xb0, 0xb8, 0xc0, 0xc0, 0xc8, 
	0xc8, 0xd0, 0xd0, 0xd0, 0xd0, 0xd8, 0xd8, 0xd8, 
	0xd0, 0xd0, 0xd0, 0xd0, 0xd0, 0xd0, 0xd0, 0xc8, 
	0x58, 0x60, 0x68, 0x70, 0x80, 0x88, 0x90, 0x98, 
	0x98, 0xa0, 0xa8, 0xb0, 0xb8, 0xc0, 0xc0, 0xc8, 
	0xd0, 0xd0, 0xd0, 0xd0, 0xd8, 0xd8, 0xd8, 0xd0, 
	0xd0, 0xd0, 0xd0, 0xd0, 0xd0, 0xd0, 0xd0, 0xc8, 
	0x58, 0x60, 0x68, 0x70, 0x80, 0x88, 0x90, 0x98, 
	0x98, 0xa0, 0xa8, 0xb0, 0xb8, 0xc0, 0xc0, 0xc8, 
	0xd0, 0xd0, 0xd0, 0xd8, 0xd8, 0xd8, 0xd8, 0xd0, 
	0xd0, 0xd0, 0xd0, 0xd0, 0xd0, 0xd0, 0xd0, 0xc8, 
	0x58, 0x60, 0x68, 0x70, 0x78, 0x80, 0x88, 0x90, 
	0x98, 0xa0, 0xa8, 0xb0, 0xb8, 0xb8, 0xc0, 0xc8, 
	0xc8, 0xd0, 0xd0, 0xd8, 0xd8, 0xd8, 0xd0, 0xd0, 
	0xd0, 0xd0, 0xd0, 0xd0, 0xd0, 0xd0, 0xd0, 0xc8, 
	0x58, 0x60, 0x68, 0x70, 0x78, 0x80, 0x88, 0x90, 
	0x98, 0xa0, 0xa8, 0xa8, 0xb0, 0xb8, 0xc0, 0xc0, 
	0xc8, 0xd0, 0xd0, 0xd0, 0xd0, 0xd0, 0xd0, 0xd0, 
	0xd0, 0xd0, 0xd0, 0xd0, 0xd0, 0xd0, 0xd0, 0xc8, 
	0x58, 0x60, 0x68, 0x70, 0x78, 0x80, 0x88, 0x90, 
	0x98, 0xa0, 0xa0, 0xa8, 0xb0, 0xb8, 0xb8, 0xc0, 
	0xc0, 0xc8, 0xc8, 0xd0, 0xd0, 0xd0, 0xd0, 0xd0, 
	0xd0, 0xd0, 0xd0, 0xd0, 0xd0, 0xd0, 0xd0, 0xc8, 
	0x58, 0x60, 0x60, 0x68, 0x70, 0x80, 0x88, 0x90, 
	0x98, 0x98, 0xa0, 0xa8, 0xa8, 0xb0, 0xb8, 0xb8, 
	0xc0, 0xc8, 0xc8, 0xd0, 0xd0, 0xd0, 0xd0, 0xd0, 
	0xd0, 0xd0, 0xd0, 0xd0, 0xd0, 0xd0, 0xd0, 0xc8, 
	0x58, 0x60, 0x60, 0x68, 0x70, 0x78, 0x88, 0x90, 
	0x98, 0x98, 0xa0, 0xa8, 0xa8, 0xb0, 0xb8, 0xb8, 
	0xc0, 0xc0, 0xc8, 0xc8, 0xd0, 0xd0, 0xd0, 0xd0, 
	0xd0, 0xd0, 0xd0, 0xd0, 0xd0, 0xd0, 0xd0, 0xc8, 
	0x58, 0x60, 0x60, 0x68, 0x70, 0x78, 0x88, 0x90, 
	0x98, 0xa0, 0xa0, 0xa8, 0xb0, 0xb0, 0xb8, 0xb8, 
	0xc0, 0xc0, 0xc8, 0xc8, 0xd0, 0xd0, 0xd0, 0xd0, 
	0xd0, 0xd0, 0xd0, 0xd0, 0xd0, 0xd0, 0xd0, 0xc8, 
	0x58, 0x60, 0x68, 0x68, 0x70, 0x80, 0x88, 0x90, 
	0x98, 0xa0, 0xa8, 0xa8, 0xb0, 0xb8, 0xb8, 0xb8, 
	0xc0, 0xc0, 0xc8, 0xc8, 0xd0, 0xd0, 0xd0, 0xd0, 
	0xd0, 0xd0, 0xd0, 0xd0, 0xd0, 0xd0, 0xd0, 0xd0, 
	0x58, 0x60, 0x68, 0x70, 0x78, 0x80, 0x88, 0x90, 
	0x98, 0xa0, 0xa8, 0xb0, 0xb8, 0xb8, 0xc0, 0xc0, 
	0xc0, 0xc8, 0xc8, 0xd0, 0xd0, 0xd0, 0xd0, 0xd0, 
	0xd0, 0xd0, 0xd0, 0xd0, 0xd0, 0xd0, 0xd0, 0xd0, 
	0x58, 0x60, 0x68, 0x70, 0x78, 0x80, 0x88, 0x90, 
	0x98, 0xa8, 0xb0, 0xb0, 0xb8, 0xc0, 0xc0, 0xc8, 
	0xc8, 0xc8, 0xd0, 0xd0, 0xd0, 0xd0, 0xd0, 0xd0, 
	0xd0, 0xd0, 0xd0, 0xd0, 0xd0, 0xd0, 0xd0, 0xd0, 
	0x58, 0x60, 0x70, 0x78, 0x80, 0x88, 0x90, 0x98, 
	0xa0, 0xa8, 0xb0, 0xb8, 0xc0, 0xc0, 0xc8, 0xc8, 
	0xd0, 0xd0, 0xd0, 0xd0, 0xd0, 0xd0, 0xd0, 0xd0, 
	0xd0, 0xd0, 0xd0, 0xd0, 0xd0, 0xd0, 0xd0, 0xd0, 
	0x58, 0x60, 0x68, 0x78, 0x80, 0x88, 0x90, 0x98, 
	0xa0, 0xa8, 0xb0, 0xb8, 0xc0, 0xc0, 0xc8, 0xd0, 
	0xd0, 0xd0, 0xd0, 0xd0, 0xd0, 0xd0, 0xd0, 0xd0, 
	0xd0, 0xd0, 0xd0, 0xd0, 0xd0, 0xd0, 0xd0, 0xd0, 
	0x58, 0x60, 0x68, 0x78, 0x80, 0x88, 0x90, 0x98, 
	0xa0, 0xa8, 0xb0, 0xb8, 0xc0, 0xc8, 0xc8, 0xd0, 
	0xd0, 0xd0, 0xd0, 0xd0, 0xd0, 0xd0, 0xd0, 0xd0, 
	0xd0, 0xd0, 0xd0, 0xd0, 0xd0, 0xd0, 0xd0, 0xd0, 
	0x58, 0x60, 0x68, 0x70, 0x80, 0x88, 0x90, 0x98, 
	0xa0, 0xa8, 0xb0, 0xb8, 0xc0, 0xc8, 0xd0, 0xd0, 
	0xd0, 0xd8, 0xd8, 0xd0, 0xd0, 0xd0, 0xd0, 0xd0, 
	0xd0, 0xd0, 0xd0, 0xd0, 0xd0, 0xd0, 0xd0, 0xd0, 
	0x58, 0x60, 0x60, 0x70, 0x78, 0x88, 0x90, 0x98, 
	0xa0, 0xa8, 0xb0, 0xb8, 0xc0, 0xc8, 0xc8, 0xd0, 
	0xd0, 0xd0, 0xd8, 0xd0, 0xd0, 0xd0, 0xd0, 0xd0, 
	0xd0, 0xd0, 0xd0, 0xd0, 0xd0, 0xd0, 0xd0, 0xd0, 
	0x58, 0x60, 0x60, 0x68, 0x78, 0x80, 0x90, 0x98, 
	0xa0, 0xa8, 0xb0, 0xb8, 0xb8, 0xc0, 0xc8, 0xc8, 
	0xd0, 0xd0, 0xd0, 0xd0, 0xd0, 0xd0, 0xd0, 0xd0, 
	0xd0, 0xd0, 0xd0, 0xd0, 0xd0, 0xd0, 0xd0, 0xd0, 
	0x58, 0x60, 0x60, 0x68, 0x70, 0x80, 0x88, 0x98, 
	0xa0, 0xa8, 0xb0, 0xb0, 0xb8, 0xc0, 0xc0, 0xc8, 
	0xc8, 0xc8, 0xd0, 0xd0, 0xd0, 0xd0, 0xd0, 0xd0, 
	0xd0, 0xd0, 0xd0, 0xd0, 0xd0, 0xd0, 0xd0, 0xd0, 
	0x58, 0x58, 0x60, 0x68, 0x70, 0x80, 0x88, 0x98, 
	0xa0, 0xa8, 0xa8, 0xb0, 0xb8, 0xb8, 0xc0, 0xc0, 
	0xc8, 0xc8, 0xc8, 0xd0, 0xd0, 0xd0, 0xd0, 0xd0, 
	0xd0, 0xd0, 0xd0, 0xd0, 0xd0, 0xd0, 0xd0, 0xd0, 
	0x50, 0x58, 0x60, 0x68, 0x70, 0x78, 0x88, 0x90, 
	0xa0, 0xa8, 0xa8, 0xb0, 0xb8, 0xb8, 0xb8, 0xc0, 
	0xc0, 0xc8, 0xc8, 0xc8, 0xd0, 0xd0, 0xd0, 0xd0, 
	0xd0, 0xd0, 0xd0, 0xd0, 0xd8, 0xd8, 0xd0, 0xd0, 
	0x50, 0x58, 0x60, 0x60, 0x70, 0x78, 0x88, 0x90, 
	0x98, 0xa8, 0xb0, 0xb0, 0xb8, 0xb8, 0xc0, 0xc0, 
	0xc8, 0xc8, 0xc8, 0xd0, 0xd0, 0xd0, 0xd0, 0xd0, 
	0xd0, 0xd0, 0xd0, 0xd0, 0xd8, 0xd8, 0xd0, 0xd0, 
	0x50, 0x58, 0x60, 0x60, 0x68, 0x78, 0x80, 0x90, 
	0x98, 0xa0, 0xa8, 0xb0, 0xb8, 0xc0, 0xc0, 0xc8, 
	0xc8, 0xc8, 0xd0, 0xd0, 0xd0, 0xd0, 0xd0, 0xd0, 
	0xd0, 0xd0, 0xd0, 0xd8, 0xd8, 0xd8, 0xd8, 0xd0, 
	0x50, 0x58, 0x60, 0x60, 0x68, 0x70, 0x80, 0x88, 
	0x98, 0xa0, 0xa8, 0xb0, 0xb8, 0xc0, 0xc8, 0xc8, 
	0xd0, 0xd0, 0xd0, 0xd0, 0xd0, 0xd0, 0xd0, 0xd0, 
	0xd0, 0xd0, 0xd8, 0xd8, 0xd8, 0xd8, 0xd8, 0xd0, 
	0x50, 0x58, 0x60, 0x68, 0x70, 0x70, 0x80, 0x88, 
	0x90, 0x98, 0xa8, 0xb0, 0xb8, 0xc0, 0xc8, 0xd0, 
	0xd0, 0xd0, 0xd0, 0xd0, 0xd0, 0xd0, 0xd0, 0xd8, 
	0xd8, 0xd8, 0xd8, 0xd8, 0xd8, 0xd8, 0xd8, 0xd0, 
	0x50, 0x58, 0x60, 0x68, 0x70, 0x78, 0x80, 0x88, 
	0x90, 0x98, 0xa0, 0xb0, 0xb8, 0xc0, 0xc8, 0xd0, 
	0xd0, 0xd0, 0xd0, 0xd0, 0xd0, 0xd8, 0xd8, 0xd0, 
	0xd8, 0xd8, 0xd8, 0xd8, 0xd8, 0xd8, 0xd8, 0xd0, 
	0x50, 0x58, 0x60, 0x70, 0x78, 0x80, 0x80, 0x88, 
	0x88, 0x90, 0xa0, 0xa8, 0xb0, 0xc0, 0xc8, 0xd0, 
	0xd0, 0xd0, 0xd0, 0xd0, 0xd0, 0xd0, 0xd0, 0xd0, 
	0xd8, 0xd8, 0xd8, 0xd8, 0xd8, 0xd8, 0xd8, 0xd0, 
	0x50, 0x60, 0x68, 0x78, 0x80, 0x88, 0x88, 0x88, 
	0x90, 0x90, 0x98, 0xa8, 0xb0, 0xb8, 0xc8, 0xd0, 
	0xd0, 0xd0, 0xd0, 0xd0, 0xd0, 0xd0, 0xd0, 0xd0, 
	0xd8, 0xd8, 0xd8, 0xd8, 0xd8, 0xd8, 0xd8, 0xd0, 
	0x50, 0x60, 0x70, 0x80, 0x88, 0x88, 0x90, 0x90, 
	0x90, 0x98, 0x98, 0xa0, 0xb0, 0xb8, 0xc0, 0xc8, 
	0xd0, 0xd0, 0xd0, 0xd0, 0xd0, 0xd0, 0xd0, 0xd0, 
	0xd8, 0xd8, 0xd8, 0xd8, 0xd8, 0xd8, 0xd8, 0xd0, 
	0x50, 0x60, 0x70, 0x80, 0x90, 0x90, 0x98, 0x98, 
	0x98, 0x98, 0x98, 0xa0, 0xa8, 0xb8, 0xc0, 0xc8, 
	0xc8, 0xd0, 0xd0, 0xd0, 0xd0, 0xd0, 0xd0, 0xd0, 
	0xd8, 0xd8, 0xd8, 0xd8, 0xd8, 0xd8, 0xd8, 0xd8, 
	0x50, 0x60, 0x70, 0x80, 0x90, 0x98, 0x98, 0x98, 
	0x98, 0xa0, 0xa0, 0xa8, 0xb0, 0xb0, 0xb8, 0xc0, 
	0xc8, 0xc8, 0xd0, 0xd0, 0xd0, 0xd0, 0xd0, 0xd0, 
	0xd8, 0xd8, 0xd8, 0xd8, 0xd8, 0xd8, 0xd8, 0xd8, 
	0x50, 0x60, 0x70, 0x80, 0x90, 0x98, 0xa0, 0xa0, 
	0xa0, 0xa0, 0xa8, 0xa8, 0xb0, 0xb8, 0xb8, 0xc0, 
	0xc8, 0xc8, 0xc8, 0xd0, 0xd0, 0xd0, 0xd0, 0xd8, 
	0xd8, 0xd8, 0xd8, 0xd8, 0xd8, 0xd8, 0xd8, 0xd8, 
	0x50, 0x60, 0x70, 0x80, 0x90, 0x98, 0xa0, 0xa0, 
	0xa8, 0xa8, 0xa8, 0xb0, 0xb0, 0xb8, 0xb8, 0xc0, 
	0xc0, 0xc8, 0xc8, 0xc8, 0xd0, 0xd0, 0xd0, 0xd8, 
	0xd8, 0xd8, 0xd8, 0xd8, 0xd8, 0xd8, 0xd8, 0xd8, 
	0x50, 0x58, 0x68, 0x78, 0x88, 0x98, 0xa0, 0xa0, 
	0xa8, 0xa8, 0xb0, 0xb0, 0xb8, 0xb8, 0xb8, 0xc0, 
	0xc0, 0xc0, 0xc8, 0xc8, 0xd0, 0xd0, 0xd0, 0xd0, 
	0xd8, 0xd8, 0xd8, 0xd8, 0xd8, 0xd8, 0xd8, 0xd8, 
	0x50, 0x58, 0x68, 0x78, 0x80, 0x90, 0x98, 0xa0, 
	0xa8, 0xa8, 0xb0, 0xb0, 0xb8, 0xb8, 0xc0, 0xc0, 
	0xc0, 0xc0, 0xc8, 0xc8, 0xc8, 0xd0, 0xd0, 0xd0, 
	0xd0, 0xd0, 0xd0, 0xd8, 0xd8, 0xd8, 0xd8, 0xd8, 
	0x50, 0x58, 0x60, 0x70, 0x80, 0x88, 0x98, 0xa0, 
	0xa8, 0xa8, 0xb0, 0xb8, 0xb8, 0xb8, 0xc0, 0xc0, 
	0xc0, 0xc8, 0xc8, 0xc8, 0xc8, 0xc8, 0xd0, 0xd0, 
	0xd0, 0xd0, 0xd0, 0xd8, 0xd8, 0xd8, 0xd8, 0xd8, 
	0x50, 0x58, 0x60, 0x70, 0x78, 0x88, 0x90, 0x98, 
	0xa0, 0xa8, 0xb0, 0xb8, 0xb8, 0xc0, 0xc0, 0xc0, 
	0xc8, 0xc8, 0xc8, 0xc8, 0xc8, 0xc8, 0xc8, 0xd0, 
	0xd0, 0xd0, 0xd0, 0xd0, 0xd8, 0xd8, 0xd8, 0xd8, 
	0x50, 0x58, 0x60, 0x68, 0x78, 0x80, 0x90, 0x98, 
	0xa0, 0xa8, 0xb0, 0xb8, 0xb8, 0xc0, 0xc0, 0xc8, 
	0xc8, 0xc8, 0xc8, 0xc8, 0xc8, 0xc8, 0xc8, 0xd0, 
	0xd0, 0xd0, 0xd0, 0xd0, 0xd8, 0xd8, 0xd8, 0xd8, 
	0x50, 0x60, 0x60, 0x68, 0x78, 0x80, 0x90, 0x98, 
	0xa0, 0xa8, 0xb0, 0xb8, 0xc0, 0xc0, 0xc8, 0xc8, 
	0xc8, 0xc8, 0xc8, 0xc8, 0xc8, 0xc8, 0xd0, 0xd0, 
	0xd0, 0xd0, 0xd0, 0xd0, 0xd0, 0xd8, 0xd8, 0xd8, 
	0x50, 0x60, 0x60, 0x70, 0x78, 0x80, 0x90, 0x98, 
	0xa8, 0xb0, 0xb8, 0xb8, 0xc0, 0xc8, 0xc8, 0xd0, 
	0xd0, 0xd0, 0xd0, 0xd0, 0xd0, 0xd0, 0xd0, 0xd0, 
	0xd0, 0xd0, 0xd0, 0xd0, 0xd8, 0xd8, 0xd8, 0xd8, 
	0x50, 0x60, 0x68, 0x70, 0x78, 0x88, 0x90, 0x98, 
	0xa8, 0xb0, 0xb8, 0xc0, 0xc8, 0xc8, 0xd0, 0xd0, 
	0xd0, 0xd0, 0xd0, 0xd0, 0xd0, 0xd0, 0xd0, 0xd0, 
	0xd0, 0xd0, 0xd0, 0xd0, 0xd8, 0xd8, 0xd8, 0xd8, 
	0x58, 0x60, 0x68, 0x70, 0x78, 0x88, 0x90, 0x98, 
	0xa8, 0xb0, 0xb8, 0xc0, 0xc8, 0xd0, 0xd0, 0xd8, 
	0xd8, 0xd8, 0xd8, 0xd8, 0xd8, 0xd8, 0xd0, 0xd0, 
	0xd8, 0xd8, 0xd8, 0xd8, 0xd8, 0xd8, 0xd8, 0xd8, 
	0x58, 0x60, 0x68, 0x70, 0x78, 0x80, 0x88, 0x98, 
	0xa0, 0xa8, 0xb8, 0xc0, 0xc8, 0xd0, 0xd0, 0xd8, 
	0xd8, 0xd8, 0xd8, 0xd8, 0xd8, 0xd8, 0xd8, 0xd8, 
	0xd8, 0xd8, 0xd8, 0xd8, 0xd8, 0xd8, 0xd8, 0xd8, 
	0x58, 0x60, 0x68, 0x70, 0x78, 0x80, 0x88, 0x90, 
	0x98, 0xa8, 0xb0, 0xb8, 0xc0, 0xc8, 0xd0, 0xd8, 
	0xd8, 0xd8, 0xd8, 0xd8, 0xd8, 0xd8, 0xd8, 0xd8, 
	0xd8, 0xd8, 0xd8, 0xd8, 0xd8, 0xd8, 0xd8, 0xd8, 
	0x58, 0x60, 0x60, 0x68, 0x70, 0x78, 0x80, 0x88, 
	0x98, 0xa0, 0xa8, 0xb0, 0xc0, 0xc8, 0xd0, 0xd8, 
	0xd8, 0xd8, 0xd8, 0xe0, 0xe0, 0xe0, 0xd8, 0xd8, 
	0xd8, 0xd8, 0xd8, 0xd8, 0xd8, 0xd8, 0xd8, 0xd8, 
	0x58, 0x60, 0x60, 0x68, 0x70, 0x78, 0x80, 0x88, 
	0x90, 0x98, 0xa0, 0xb0, 0xb8, 0xc0, 0xc8, 0xd0, 
	0xd8, 0xd8, 0xd8, 0xe0, 0xe0, 0xe0, 0xd8, 0xd8, 
	0xd8, 0xd8, 0xd8, 0xd8, 0xd8, 0xd8, 0xd8, 0xd0, 
	0x58, 0x60, 0x68, 0x68, 0x70, 0x78, 0x78, 0x80, 
	0x88, 0x90, 0x98, 0xa8, 0xb0, 0xc0, 0xc8, 0xd0, 
	0xd0, 0xd8, 0xd8, 0xe0, 0xe0, 0xe0, 0xd8, 0xd8, 
	0xd8, 0xd8, 0xd8, 0xd8, 0xd8, 0xd8, 0xd8, 0xd8, 
	0x58, 0x60, 0x68, 0x70, 0x78, 0x78, 0x80, 0x80, 
	0x88, 0x90, 0x98, 0xa0, 0xb0, 0xb8, 0xc0, 0xc8, 
	0xd0, 0xd0, 0xd8, 0xd8, 0xd8, 0xd8, 0xd8, 0xd8, 
	0xd8, 0xd8, 0xd8, 0xd8, 0xd8, 0xd8, 0xd8, 0xd0, 
	0x58, 0x60, 0x70, 0x78, 0x78, 0x80, 0x80, 0x88, 
	0x88, 0x90, 0x98, 0xa0, 0xb0, 0xb8, 0xc0, 0xc8, 
	0xd0, 0xd0, 0xd0, 0xd8, 0xd8, 0xd8, 0xd8, 0xd8, 
	0xd8, 0xd8, 0xd8, 0xd8, 0xd8, 0xd8, 0xd8, 0xd0, 
	0x58, 0x60, 0x70, 0x78, 0x80, 0x88, 0x88, 0x88, 
	0x90, 0x90, 0x98, 0xa0, 0xb0, 0xb8, 0xc0, 0xc8, 
	0xc8, 0xd0, 0xd0, 0xd8, 0xd8, 0xd8, 0xd8, 0xd8, 
	0xd8, 0xd8, 0xd8, 0xd8, 0xd8, 0xd8, 0xd8, 0xd8, 
	0x58, 0x60, 0x70, 0x80, 0x88, 0x90, 0x90, 0x90, 
	0x90, 0x98, 0xa0, 0xa8, 0xb0, 0xb8, 0xc0, 0xc8, 
	0xc8, 0xc8, 0xd0, 0xd0, 0xd0, 0xd8, 0xd8, 0xd8, 
	0xd8, 0xd8, 0xd8, 0xd8, 0xd8, 0xd8, 0xd8, 0xd0, 
	0x58, 0x60, 0x70, 0x80, 0x88, 0x90, 0x90, 0x98, 
	0x98, 0x98, 0xa0, 0xa8, 0xb0, 0xb8, 0xc0, 0xc8, 
	0xc8, 0xc8, 0xd0, 0xd0, 0xd0, 0xd8, 0xd8, 0xd8, 
	0xd8, 0xd8, 0xd8, 0xd8, 0xd8, 0xd8, 0xd8, 0xd8, 
	0x58, 0x60, 0x70, 0x80, 0x88, 0x90, 0x98, 0x98, 
	0xa0, 0xa0, 0xa8, 0xb0, 0xb0, 0xb8, 0xc0, 0xc8, 
	0xc8, 0xd0, 0xd0, 0xd0, 0xd0, 0xd8, 0xd8, 0xd8, 
	0xd8, 0xd8, 0xd8, 0xd8, 0xd8, 0xd8, 0xd8, 0xd0, 
	0x50, 0x60, 0x68, 0x78, 0x88, 0x90, 0x98, 0x98, 
	0xa0, 0xa8, 0xa8, 0xb0, 0xb8, 0xc0, 0xc0, 0xc8, 
	0xd0, 0xd0, 0xd0, 0xd0, 0xd0, 0xd0, 0xd0, 0xd8, 
	0xd8, 0xd8, 0xd8, 0xd8, 0xd8, 0xd8, 0xd8, 0xd0, 
	0x50, 0x58, 0x68, 0x70, 0x80, 0x88, 0x98, 0x98, 
	0xa0, 0xa8, 0xb0, 0xb0, 0xb8, 0xc0, 0xc8, 0xc8, 
	0xd0, 0xd0, 0xd0, 0xd0, 0xd0, 0xd0, 0xd0, 0xd8, 
	0xd8, 0xd8, 0xd0, 0xd0, 0xd0, 0xd8, 0xd8, 0xd0, 
	0x50, 0x58, 0x60, 0x70, 0x80, 0x88, 0x90, 0x98, 
	0xa0, 0xa8, 0xb0, 0xb0, 0xb8, 0xc0, 0xc8, 0xc8, 
	0xc8, 0xd0, 0xd0, 0xd0, 0xd0, 0xd0, 0xd0, 0xd0, 
	0xd8, 0xd8, 0xd0, 0xd0, 0xd0, 0xd0, 0xd8, 0xd0, 
	0x50, 0x58, 0x60, 0x68, 0x78, 0x88, 0x90, 0x98, 
	0xa0, 0xa8, 0xb0, 0xb0, 0xb8, 0xc0, 0xc0, 0xc8, 
	0xc8, 0xc8, 0xc8, 0xc8, 0xd0, 0xd0, 0xd0, 0xd0, 
	0xd0, 0xd0, 0xd0, 0xd0, 0xd0, 0xd0, 0xd8, 0xd0, 
	0x50, 0x58, 0x60, 0x68, 0x78, 0x80, 0x88, 0x98, 
	0xa0, 0xa8, 0xa8, 0xb0, 0xb8, 0xc0, 0xc0, 0xc8, 
	0xc8, 0xc8, 0xc8, 0xc8, 0xc8, 0xc8, 0xd0, 0xd0, 
	0xd0, 0xd0, 0xd0, 0xd0, 0xd0, 0xd0, 0xd0, 0xd0, 
	0x50, 0x58, 0x60, 0x68, 0x78, 0x80, 0x88, 0x90, 
	0x98, 0xa0, 0xa8, 0xb0, 0xb8, 0xc0, 0xc0, 0xc8, 
	0xc8, 0xc8, 0xc8, 0xc8, 0xc8, 0xc8, 0xd0, 0xd0, 
	0xd0, 0xd0, 0xd0, 0xd0, 0xd0, 0xd0, 0xd0, 0xd0, 
	0x50, 0x58, 0x60, 0x70, 0x78, 0x80, 0x88, 0x90, 
	0x98, 0xa0, 0xa8, 0xb0, 0xb8, 0xc0, 0xc0, 0xc8, 
	0xc8, 0xc8, 0xc8, 0xc8, 0xd0, 0xd0, 0xd0, 0xd0, 
	0xd0, 0xd0, 0xd0, 0xd0, 0xd0, 0xd0, 0xd0, 0xd0, 
	0x50, 0x60, 0x68, 0x70, 0x78, 0x80, 0x88, 0x90, 
	0x98, 0xa0, 0xa8, 0xb0, 0xb8, 0xb8, 0xc0, 0xc8, 
	0xc8, 0xc8, 0xd0, 0xd0, 0xd0, 0xd0, 0xd0, 0xd0, 
	0xd0, 0xd0, 0xd0, 0xd0, 0xd0, 0xd0, 0xd0, 0xd0, 
	
};

Gfx facade1_grass_ci8_aligner[] = {gsSPEndDisplayList()};
u8 facade1_grass_ci8[] = {
	0x00, 0x00, 0x00, 0x00, 0x01, 0x01, 0x01, 0x02, 
	0x03, 0x04, 0x04, 0x04, 0x04, 0x05, 0x05, 0x04, 
	0x03, 0x06, 0x07, 0x06, 0x08, 0x09, 0x0a, 0x0b, 
	0x0b, 0x0a, 0x0a, 0x09, 0x09, 0x09, 0x02, 0x02, 
	0x0c, 0x0d, 0x0e, 0x0e, 0x01, 0x01, 0x01, 0x02, 
	0x0f, 0x04, 0x04, 0x04, 0x05, 0x10, 0x10, 0x0a, 
	0x04, 0x03, 0x06, 0x06, 0x06, 0x08, 0x09, 0x0a, 
	0x0a, 0x0a, 0x09, 0x03, 0x03, 0x0a, 0x03, 0x00, 
	0x0e, 0x11, 0x11, 0x0e, 0x01, 0x01, 0x06, 0x02, 
	0x0f, 0x04, 0x10, 0x12, 0x13, 0x10, 0x14, 0x10, 
	0x0a, 0x03, 0x06, 0x06, 0x06, 0x08, 0x03, 0x09, 
	0x09, 0x09, 0x08, 0x15, 0x15, 0x03, 0x09, 0x02, 
	0x01, 0x11, 0x16, 0x0e, 0x06, 0x06, 0x02, 0x17, 
	0x18, 0x18, 0x19, 0x1a, 0x1b, 0x1c, 0x0b, 0x0b, 
	0x0a, 0x1d, 0x08, 0x08, 0x08, 0x03, 0x09, 0x09, 
	0x1e, 0x08, 0x07, 0x1f, 0x06, 0x03, 0x09, 0x02, 
	0x02, 0x01, 0x07, 0x07, 0x20, 0x06, 0x06, 0x02, 
	0x02, 0x1a, 0x21, 0x22, 0x23, 0x1b, 0x0a, 0x0a, 
	0x1a, 0x24, 0x25, 0x09, 0x09, 0x09, 0x09, 0x09, 
	0x1e, 0x08, 0x06, 0x01, 0x01, 0x02, 0x03, 0x03, 
	0x03, 0x06, 0x07, 0x07, 0x20, 0x06, 0x06, 0x06, 
	0x00, 0x00, 0x26, 0x27, 0x26, 0x28, 0x0a, 0x1d, 
	0x0a, 0x1d, 0x09, 0x04, 0x04, 0x0a, 0x03, 0x29, 
	0x03, 0x03, 0x06, 0x06, 0x06, 0x02, 0x03, 0x03, 
	0x02, 0x06, 0x06, 0x20, 0x20, 0x06, 0x01, 0x01, 
	0x0e, 0x0e, 0x0e, 0x0e, 0x01, 0x02, 0x09, 0x1d, 
	0x2a, 0x0a, 0x0a, 0x04, 0x02, 0x2b, 0x2c, 0x05, 
	0x00, 0x2d, 0x02, 0x03, 0x02, 0x06, 0x02, 0x02, 
	0x06, 0x06, 0x06, 0x06, 0x06, 0x06, 0x01, 0x0e, 
	0x11, 0x11, 0x11, 0x0e, 0x01, 0x06, 0x03, 0x1d, 
	0x1d, 0x0a, 0x0a, 0x0f, 0x02, 0x2c, 0x0f, 0x2e, 
	0x2f, 0x0d, 0x0f, 0x04, 0x03, 0x06, 0x01, 0x01, 
	0x0e, 0x01, 0x06, 0x08, 0x03, 0x03, 0x02, 0x0e, 
	0x11, 0x30, 0x31, 0x32, 0x01, 0x06, 0x03, 0x09, 
	0x33, 0x0a, 0x0a, 0x0f, 0x11, 0x00, 0x05, 0x2c, 
	0x34, 0x2f, 0x05, 0x04, 0x03, 0x01, 0x01, 0x01, 
	0x01, 0x01, 0x02, 0x09, 0x09, 0x04, 0x0f, 0x02, 
	0x35, 0x1f, 0x36, 0x07, 0x06, 0x08, 0x03, 0x09, 
	0x1d, 0x0a, 0x04, 0x2c, 0x37, 0x2d, 0x10, 0x38, 
	0x37, 0x05, 0x04, 0x03, 0x03, 0x02, 0x00, 0x01, 
	0x00, 0x01, 0x03, 0x04, 0x0a, 0x0a, 0x0a, 0x0f, 
	0x06, 0x35, 0x20, 0x08, 0x08, 0x03, 0x03, 0x09, 
	0x09, 0x09, 0x04, 0x02, 0x2c, 0x2c, 0x10, 0x38, 
	0x0b, 0x10, 0x0f, 0x39, 0x03, 0x03, 0x02, 0x00, 
	0x02, 0x03, 0x04, 0x0a, 0x10, 0x10, 0x10, 0x0a, 
	0x09, 0x06, 0x3a, 0x1e, 0x09, 0x09, 0x09, 0x09, 
	0x09, 0x09, 0x03, 0x02, 0x0f, 0x04, 0x10, 0x0b, 
	0x0b, 0x10, 0x04, 0x04, 0x0a, 0x04, 0x0f, 0x0f, 
	0x04, 0x04, 0x04, 0x10, 0x10, 0x10, 0x10, 0x10, 
	0x04, 0x03, 0x03, 0x09, 0x03, 0x09, 0x09, 0x09, 
	0x09, 0x09, 0x0f, 0x0f, 0x0f, 0x04, 0x10, 0x0b, 
	0x0b, 0x0b, 0x10, 0x10, 0x10, 0x10, 0x05, 0x04, 
	0x04, 0x04, 0x04, 0x10, 0x10, 0x3b, 0x19, 0x04, 
	0x04, 0x04, 0x04, 0x04, 0x09, 0x04, 0x1d, 0x1d, 
	0x0a, 0x04, 0x04, 0x04, 0x04, 0x0a, 0x0b, 0x0b, 
	0x0b, 0x2a, 0x0b, 0x0b, 0x0b, 0x10, 0x10, 0x0a, 
	0x09, 0x09, 0x04, 0x0a, 0x19, 0x3c, 0x3d, 0x0f, 
	0x05, 0x10, 0x10, 0x0a, 0x09, 0x3e, 0x3f, 0x0a, 
	0x0a, 0x10, 0x10, 0x10, 0x10, 0x0a, 0x0a, 0x0a, 
	0x2a, 0x2a, 0x2a, 0x0a, 0x0a, 0x0a, 0x0a, 0x0a, 
	0x25, 0x25, 0x17, 0x25, 0x25, 0x04, 0x0f, 0x0f, 
	0x10, 0x10, 0x38, 0x0b, 0x0a, 0x1d, 0x33, 0x2a, 
	0x0b, 0x38, 0x38, 0x10, 0x10, 0x0f, 0x40, 0x0a, 
	0x0a, 0x33, 0x2a, 0x03, 0x0a, 0x0a, 0x0a, 0x04, 
	0x17, 0x17, 0x26, 0x0c, 0x00, 0x02, 0x17, 0x04, 
	0x10, 0x38, 0x0b, 0x0b, 0x2a, 0x2a, 0x41, 0x2a, 
	0x2a, 0x0b, 0x10, 0x2b, 0x00, 0x18, 0x42, 0x08, 
	0x30, 0x1d, 0x1d, 0x1d, 0x1d, 0x0a, 0x0a, 0x25, 
	0x17, 0x26, 0x26, 0x00, 0x03, 0x35, 0x0f, 0x0f, 
	0x10, 0x0b, 0x0b, 0x0a, 0x3f, 0x0b, 0x2a, 0x43, 
	0x1d, 0x0a, 0x04, 0x0f, 0x00, 0x2d, 0x06, 0x40, 
	0x08, 0x1d, 0x09, 0x1d, 0x2a, 0x1d, 0x0a, 0x03, 
	0x02, 0x2c, 0x2c, 0x05, 0x35, 0x04, 0x00, 0x2d, 
	0x05, 0x0b, 0x0b, 0x43, 0x1a, 0x1d, 0x1d, 0x44, 
	0x45, 0x1e, 0x08, 0x31, 0x40, 0x46, 0x46, 0x46, 
	0x08, 0x2b, 0x03, 0x09, 0x1d, 0x1d, 0x04, 0x03, 
	0x0f, 0x0f, 0x05, 0x04, 0x04, 0x40, 0x10, 0x10, 
	0x05, 0x10, 0x04, 0x08, 0x1e, 0x46, 0x46, 0x1e, 
	0x08, 0x08, 0x3a, 0x3a, 0x1e, 0x06, 0x35, 0x06, 
	0x03, 0x00, 0x03, 0x0a, 0x0b, 0x0b, 0x0a, 0x0f, 
	0x04, 0x05, 0x05, 0x0f, 0x02, 0x09, 0x02, 0x2b, 
	0x10, 0x05, 0x03, 0x06, 0x08, 0x47, 0x1e, 0x1e, 
	0x1e, 0x08, 0x08, 0x1e, 0x09, 0x1d, 0x09, 0x02, 
	0x2c, 0x2c, 0x04, 0x10, 0x0b, 0x0b, 0x2a, 0x0a, 
	0x0f, 0x04, 0x0f, 0x02, 0x06, 0x08, 0x09, 0x0a, 
	0x10, 0x04, 0x03, 0x06, 0x06, 0x08, 0x1e, 0x09, 
	0x09, 0x25, 0x45, 0x03, 0x09, 0x03, 0x03, 0x02, 
	0x02, 0x03, 0x04, 0x3e, 0x0b, 0x0b, 0x0a, 0x03, 
	0x02, 0x0f, 0x03, 0x06, 0x01, 0x06, 0x42, 0x0a, 
	0x0a, 0x04, 0x03, 0x06, 0x06, 0x03, 0x09, 0x09, 
	0x09, 0x25, 0x25, 0x25, 0x03, 0x02, 0x02, 0x02, 
	0x03, 0x03, 0x03, 0x0a, 0x2a, 0x0a, 0x09, 0x06, 
	0x03, 0x03, 0x06, 0x06, 0x06, 0x03, 0x48, 0x04, 
	0x0a, 0x0a, 0x09, 0x03, 0x03, 0x03, 0x04, 0x04, 
	0x04, 0x19, 0x18, 0x18, 0x0f, 0x02, 0x01, 0x01, 
	0x01, 0x06, 0x01, 0x03, 0x1d, 0x0a, 0x1d, 0x09, 
	0x04, 0x03, 0x06, 0x02, 0x03, 0x0f, 0x0f, 0x04, 
	0x04, 0x0a, 0x0a, 0x04, 0x04, 0x04, 0x04, 0x04, 
	0x1a, 0x04, 0x19, 0x04, 0x0f, 0x02, 0x01, 0x32, 
	0x32, 0x00, 0x00, 0x03, 0x0a, 0x2a, 0x0a, 0x0a, 
	0x04, 0x04, 0x03, 0x0f, 0x04, 0x05, 0x05, 0x2f, 
	0x2f, 0x05, 0x10, 0x0a, 0x0a, 0x04, 0x04, 0x04, 
	0x04, 0x1a, 0x0a, 0x0a, 0x0a, 0x03, 0x01, 0x31, 
	0x30, 0x01, 0x00, 0x2c, 0x04, 0x0a, 0x0a, 0x0a, 
	0x04, 0x04, 0x0f, 0x05, 0x05, 0x10, 0x05, 0x2c, 
	0x37, 0x2f, 0x05, 0x0a, 0x0a, 0x0a, 0x04, 0x1a, 
	0x25, 0x19, 0x0a, 0x0a, 0x0a, 0x04, 0x02, 0x07, 
	0x07, 0x0e, 0x0e, 0x02, 0x0f, 0x04, 0x04, 0x0a, 
	0x04, 0x04, 0x10, 0x05, 0x13, 0x05, 0x04, 0x37, 
	0x49, 0x4a, 0x2c, 0x04, 0x0a, 0x0a, 0x0a, 0x09, 
	0x43, 0x4b, 0x0a, 0x0a, 0x0a, 0x0f, 0x29, 0x0e, 
	0x2d, 0x01, 0x02, 0x02, 0x2c, 0x02, 0x0f, 0x04, 
	0x04, 0x05, 0x4b, 0x13, 0x1a, 0x23, 0x10, 0x02, 
	0x0d, 0x0d, 0x00, 0x03, 0x04, 0x0a, 0x0a, 0x09, 
	0x09, 0x1d, 0x0a, 0x0a, 0x0a, 0x04, 0x0a, 0x09, 
	0x1e, 0x09, 0x03, 0x03, 0x02, 0x02, 0x02, 0x0f, 
	0x0f, 0x04, 0x10, 0x13, 0x1b, 0x18, 0x04, 0x03, 
	0x02, 0x02, 0x02, 0x03, 0x03, 0x09, 0x09, 0x09, 
	0x09, 0x09, 0x0a, 0x0a, 0x0a, 0x10, 0x0a, 0x02, 
	0x2d, 0x00, 0x02, 0x0f, 0x03, 0x02, 0x02, 0x03, 
	0x0f, 0x04, 0x0a, 0x04, 0x0f, 0x02, 0x02, 0x02, 
	0x03, 0x03, 0x03, 0x03, 0x06, 0x03, 0x0f, 0x0f, 
	0x03, 0x06, 0x03, 0x04, 0x0a, 0x0a, 0x04, 0x0f, 
	0x04, 0x0f, 0x04, 0x04, 0x0f, 0x02, 0x02, 0x02, 
	0x2c, 0x0f, 0x0f, 0x0f, 0x02, 0x01, 0x01, 0x06, 
	0x03, 0x03, 0x03, 0x03, 0x03, 0x0f, 0x04, 0x0f, 
	0x03, 0x01, 0x06, 0x03, 0x09, 0x19, 0x04, 0x0a, 
	0x0a, 0x0a, 0x0a, 0x04, 0x04, 0x03, 0x02, 0x02, 
	
};

Gfx facade1_grass_pal_rgba16_aligner[] = {gsSPEndDisplayList()};
u8 facade1_grass_pal_rgba16[] = {
	0x4e, 0x41, 0x4e, 0x81, 0x46, 0x41, 0x3e, 0x41, 
	0x36, 0x01, 0x35, 0xc1, 0x46, 0x81, 0x4e, 0xc1, 
	0x3e, 0x81, 0x36, 0x41, 0x2e, 0x01, 0x25, 0xc1, 
	0x56, 0x43, 0x56, 0x41, 0x56, 0x81, 0x3e, 0x01, 
	0x2d, 0xc1, 0x5e, 0x81, 0x3d, 0xc3, 0x35, 0xc3, 
	0x2d, 0xc3, 0x46, 0x83, 0x5e, 0x83, 0x46, 0x43, 
	0x3e, 0x03, 0x36, 0x03, 0x7e, 0x99, 0x3e, 0x05, 
	0x36, 0x05, 0x2e, 0x41, 0x36, 0x81, 0x4e, 0x83, 
	0x46, 0xc1, 0x46, 0x03, 0x46, 0x05, 0x46, 0x07, 
	0x56, 0x8d, 0x3e, 0x43, 0x4e, 0x43, 0x76, 0x95, 
	0x46, 0x45, 0x76, 0xc1, 0x26, 0x01, 0x66, 0x81, 
	0x46, 0x01, 0x86, 0xc1, 0x76, 0x81, 0x3d, 0xc1, 
	0x66, 0xc1, 0x5e, 0xc1, 0x56, 0xc1, 0x26, 0x41, 
	0x6e, 0x81, 0x87, 0x01, 0x56, 0xc3, 0x4e, 0x01, 
	0x25, 0x81, 0x5e, 0x4d, 0x3e, 0xc1, 0x3e, 0x07, 
	0x86, 0x9b, 0x4e, 0x47, 0x76, 0x97, 0x2e, 0x03, 
	0x6e, 0xc1, 0x1d, 0xc1, 0x3e, 0x45, 0x36, 0x43, 
	0x46, 0x87, 0x3e, 0x83, 0x2e, 0x81, 0x36, 0xc1, 
	0x6e, 0x91, 0x8f, 0x01, 0x5e, 0x41, 0x6e, 0x55, 
	
};

Gfx facade1_grassside_ci8_aligner[] = {gsSPEndDisplayList()};
u8 facade1_grassside_ci8[] = {
	0x00, 0x01, 0x02, 0x01, 0x03, 0x04, 0x05, 0x06, 
	0x06, 0x06, 0x06, 0x06, 0x06, 0x03, 0x03, 0x07, 
	0x06, 0x06, 0x06, 0x06, 0x06, 0x06, 0x06, 0x06, 
	0x06, 0x06, 0x06, 0x06, 0x06, 0x08, 0x04, 0x05, 
	0x01, 0x06, 0x02, 0x01, 0x03, 0x04, 0x05, 0x06, 
	0x06, 0x06, 0x06, 0x06, 0x06, 0x03, 0x03, 0x07, 
	0x06, 0x06, 0x06, 0x06, 0x06, 0x06, 0x06, 0x06, 
	0x06, 0x06, 0x06, 0x06, 0x09, 0x06, 0x06, 0x05, 
	0x0a, 0x01, 0x03, 0x01, 0x06, 0x0b, 0x0c, 0x0d, 
	0x0b, 0x06, 0x0e, 0x0a, 0x06, 0x0c, 0x0f, 0x10, 
	0x11, 0x12, 0x08, 0x06, 0x0f, 0x11, 0x10, 0x10, 
	0x13, 0x0c, 0x14, 0x0d, 0x15, 0x06, 0x16, 0x0c, 
	0x17, 0x18, 0x11, 0x19, 0x1a, 0x1b, 0x1c, 0x1d, 
	0x1e, 0x11, 0x1f, 0x20, 0x0c, 0x1b, 0x21, 0x22, 
	0x23, 0x24, 0x10, 0x1d, 0x25, 0x26, 0x27, 0x28, 
	0x29, 0x2a, 0x18, 0x16, 0x2b, 0x2c, 0x2d, 0x2e, 
	0x2f, 0x30, 0x31, 0x32, 0x33, 0x34, 0x35, 0x36, 
	0x32, 0x37, 0x38, 0x39, 0x2d, 0x3a, 0x3b, 0x3c, 
	0x30, 0x3d, 0x3e, 0x3f, 0x40, 0x41, 0x42, 0x41, 
	0x43, 0x44, 0x30, 0x45, 0x46, 0x47, 0x48, 0x20, 
	0x49, 0x4a, 0x4b, 0x4c, 0x4d, 0x2d, 0x36, 0x3b, 
	0x4e, 0x4f, 0x50, 0x51, 0x19, 0x52, 0x53, 0x54, 
	0x55, 0x4a, 0x56, 0x57, 0x4c, 0x58, 0x59, 0x34, 
	0x32, 0x5a, 0x5b, 0x5c, 0x5d, 0x5e, 0x5f, 0x60, 
	0x22, 0x61, 0x62, 0x41, 0x63, 0x4e, 0x64, 0x65, 
	0x59, 0x66, 0x67, 0x68, 0x34, 0x36, 0x69, 0x53, 
	0x6a, 0x6b, 0x52, 0x49, 0x60, 0x6c, 0x6d, 0x6e, 
	0x52, 0x6f, 0x36, 0x59, 0x70, 0x71, 0x6b, 0x49, 
	0x72, 0x6c, 0x73, 0x70, 0x32, 0x74, 0x75, 0x76, 
	0x77, 0x78, 0x79, 0x7a, 0x7b, 0x7c, 0x7d, 0x7e, 
	0x41, 0x64, 0x7f, 0x80, 0x81, 0x82, 0x83, 0x84, 
	0x85, 0x85, 0x86, 0x6a, 0x87, 0x70, 0x70, 0x88, 
	0x88, 0x86, 0x87, 0x89, 0x8a, 0x55, 0x5b, 0x8b, 
	0x8c, 0x8d, 0x8e, 0x8f, 0x6c, 0x90, 0x91, 0x7d, 
	0x92, 0x93, 0x94, 0x95, 0x96, 0x97, 0x70, 0x98, 
	0x99, 0x6c, 0x90, 0x9a, 0x41, 0x92, 0x9b, 0x5b, 
	0x9c, 0x7a, 0x83, 0x9d, 0x4c, 0x70, 0x5b, 0x80, 
	0x6e, 0x59, 0x9e, 0x9f, 0x35, 0x77, 0x77, 0x90, 
	0x7c, 0x53, 0x5a, 0xa0, 0xa1, 0xa2, 0x70, 0x70, 
	0xa3, 0x84, 0xa4, 0x94, 0x4c, 0xa5, 0xa6, 0xa5, 
	0xa7, 0x83, 0xa7, 0x70, 0xa8, 0x7c, 0x81, 0xa9, 
	0x70, 0x70, 0x6c, 0x6b, 0x70, 0x35, 0x80, 0xaa, 
	0x36, 0xab, 0xac, 0x99, 0xa9, 0x6c, 0x96, 0x5b, 
	0xad, 0xaa, 0xae, 0xa4, 0xaf, 0xb0, 0x5b, 0x96, 
	0x5a, 0x9c, 0xb1, 0xa2, 0xb0, 0x90, 0x59, 0xb2, 
	0xb3, 0x9c, 0x96, 0xb4, 0xa2, 0xaa, 0x77, 0xb5, 
	0x80, 0x5a, 0x97, 0xb6, 0xb7, 0xb8, 0x7a, 0x35, 
	0x7c, 0x36, 0x36, 0x77, 0x93, 0x70, 0x41, 0x5b, 
	0x92, 0x35, 0x87, 0xa7, 0x70, 0xb9, 0xba, 0xbb, 
	0xbc, 0x9c, 0x82, 0xbd, 0x70, 0x64, 0x86, 0x85, 
	0x58, 0xb7, 0xab, 0x85, 0x41, 0xa1, 0xbe, 0x7c, 
	0x7c, 0xbf, 0x35, 0xb5, 0x6f, 0x84, 0x99, 0x99, 
	0x90, 0x95, 0xb8, 0xc0, 0xb7, 0x35, 0xc1, 0xc2, 
	0xb1, 0x70, 0x87, 0xa2, 0xb7, 0x64, 0x80, 0x90, 
	0x5b, 0x5b, 0x64, 0xc3, 0x41, 0x90, 0xa4, 0x53, 
	0x5a, 0xa1, 0x59, 0x59, 0x96, 0x96, 0x70, 0xab, 
	0x90, 0x6a, 0x99, 0x96, 0x90, 0xbf, 0xc4, 0x98, 
	0x41, 0x6f, 0x41, 0x92, 0x80, 0x58, 0x86, 0x77, 
	0x96, 0x4c, 0x59, 0xa5, 0xc5, 0xa4, 0xa6, 0x94, 
	0x6f, 0x70, 0xb5, 0xc6, 0xc7, 0xb0, 0x5b, 0x36, 
	0xaa, 0xc8, 0x6f, 0x41, 0xb7, 0xb8, 0xc9, 0x9c, 
	0xb0, 0x5b, 0xca, 0xa4, 0xcb, 0x5b, 0x95, 0x59, 
	0xcc, 0x5a, 0x9a, 0x92, 0xc5, 0xcb, 0xcb, 0x9a, 
	0xcd, 0x8d, 0x96, 0x99, 0x87, 0x75, 0x87, 0xcd, 
	0x53, 0x9a, 0xb5, 0xc8, 0x8d, 0xce, 0x6c, 0x5a, 
	0x70, 0x70, 0x5b, 0x7c, 0x77, 0xcf, 0xc7, 0x85, 
	0x85, 0x6f, 0x5b, 0x9a, 0x92, 0xa5, 0xc5, 0xc5, 
	0xd0, 0x78, 0x78, 0xcc, 0x96, 0x84, 0x92, 0x35, 
	0xc6, 0xb5, 0x85, 0x96, 0xd1, 0x7a, 0xc7, 0x78, 
	0x36, 0x9a, 0x80, 0x77, 0xa5, 0xd2, 0x84, 0x59, 
	0x8d, 0x96, 0x35, 0xaa, 0x80, 0xcb, 0x69, 0x69, 
	0xd0, 0xd3, 0xc8, 0x8d, 0x35, 0x81, 0x77, 0x80, 
	0x85, 0xcf, 0x6f, 0x70, 0xb4, 0x84, 0x92, 0x36, 
	0xa4, 0x9a, 0x95, 0x9b, 0x6f, 0x99, 0x96, 0x70, 
	0x6c, 0x96, 0x85, 0x59, 0xa5, 0xd4, 0x60, 0x80, 
	0x9b, 0xb5, 0xd2, 0x78, 0x80, 0x9a, 0x77, 0xae, 
	0xd5, 0x99, 0x8d, 0x82, 0x9c, 0x7c, 0x91, 0x77, 
	0x93, 0x99, 0x99, 0x81, 0x94, 0x4c, 0xb0, 0x84, 
	0xb4, 0xa2, 0x85, 0xaa, 0x77, 0xd0, 0xd6, 0xb7, 
	0x4c, 0xd2, 0xc0, 0xcd, 0xcf, 0x6c, 0x7c, 0x77, 
	0xd2, 0x89, 0xb0, 0x97, 0x6c, 0x36, 0xa6, 0x36, 
	0x97, 0x70, 0x5b, 0x7c, 0x9b, 0x5b, 0x60, 0x59, 
	0x41, 0xb7, 0xb7, 0x58, 0x81, 0x81, 0xa1, 0x89, 
	0x41, 0x85, 0xb0, 0xb4, 0x9d, 0x84, 0x90, 0x80, 
	0x99, 0xd7, 0xc0, 0xd8, 0x70, 0x80, 0x53, 0xc8, 
	0x70, 0x78, 0x86, 0x6a, 0x59, 0x36, 0x6a, 0x5a, 
	0x5b, 0x85, 0xd9, 0x41, 0x96, 0x70, 0xda, 0x89, 
	0x35, 0xdb, 0x70, 0xd8, 0xb1, 0x35, 0xdb, 0x9a, 
	0x97, 0xa7, 0x83, 0xc4, 0x98, 0x9b, 0x4c, 0x41, 
	0x84, 0x6a, 0x5b, 0x6f, 0xab, 0xdc, 0xdd, 0x70, 
	0xb7, 0x6a, 0x58, 0x85, 0xde, 0x99, 0x70, 0x6c, 
	0xb9, 0x80, 0x5a, 0x87, 0xb0, 0xd9, 0x81, 0xca, 
	0x99, 0x83, 0xa2, 0x6c, 0x7c, 0xd0, 0x6b, 0x70, 
	0x5a, 0x41, 0xaa, 0xdb, 0xca, 0xdf, 0xe0, 0xb0, 
	0xb0, 0x35, 0x81, 0x8d, 0x83, 0x96, 0x96, 0x5b, 
	0xb0, 0x5b, 0x7c, 0xaa, 0x6c, 0x85, 0x90, 0xaa, 
	0x8d, 0xa1, 0xe1, 0xaa, 0x81, 0xe2, 0x6c, 0x7a, 
	0x99, 0xb7, 0x77, 0xc5, 0xd2, 0xbd, 0xcc, 0xe3, 
	0xa7, 0x96, 0x6f, 0xe4, 0xe0, 0x98, 0x35, 0x58, 
	0xe5, 0x5b, 0xab, 0x59, 0x5a, 0x85, 0x80, 0x85, 
	0x4c, 0x96, 0xdb, 0x9a, 0xad, 0xb9, 0x6f, 0x9d, 
	0x6c, 0x41, 0xb9, 0xd3, 0xb8, 0xe6, 0xb7, 0x35, 
	0xe4, 0x9c, 0xb7, 0xa7, 0xa7, 0x6f, 0x80, 0xc5, 
	0xaa, 0xd9, 0xc6, 0x58, 0x84, 0x70, 0x96, 0x35, 
	0xe7, 0x8b, 0xcb, 0xb5, 0x35, 0x6c, 0xbd, 0xdd, 
	0x6c, 0x85, 0x86, 0xab, 0x6b, 0xe8, 0xbf, 0x92, 
	0xb6, 0x58, 0x9a, 0xe9, 0xb1, 0x59, 0x90, 0xa4, 
	0xa5, 0x4c, 0x84, 0x5b, 0x99, 0x87, 0x35, 0x77, 
	0xc5, 0x6a, 0x85, 0x4c, 0xea, 0xeb, 0xb3, 0xc2, 
	0x6c, 0xb7, 0x7c, 0xa5, 0xb5, 0x59, 0x70, 0x99, 
	0x99, 0xb7, 0xcf, 0xa1, 0x84, 0xe5, 0x92, 0xdb, 
	0x81, 0xdd, 0xa7, 0xc4, 0x89, 0xa9, 0xab, 0xa4, 
	0xd3, 0xdf, 0xb6, 0x96, 0x70, 0xbd, 0xec, 0x89, 
	0x70, 0xb0, 0x35, 0x77, 0xc5, 0xb4, 0xed, 0xc0, 
	0x70, 0x60, 0x4c, 0xb0, 0x58, 0xb0, 0x58, 0x90, 
	0x59, 0xe4, 0x9f, 0x7a, 0xc7, 0x5b, 0x77, 0xa4, 
	0xc8, 0x9d, 0x98, 0x99, 0x7a, 0xcd, 0x70, 0x9c, 
	0x41, 0xd9, 0xaa, 0x77, 0xd0, 0xa3, 0xee, 0x7a, 
	0x94, 0x81, 0xb7, 0x9c, 0x85, 0x85, 0x58, 0x86, 
	0xef, 0xa9, 0x81, 0x80, 0x9c, 0x78, 0xab, 0x90, 
	0x41, 0xe3, 0x99, 0xa7, 0x35, 0x7c, 0xc8, 0xc0, 
	0xb0, 0xad, 0x59, 0x7c, 0x92, 0x5a, 0x6c, 0x6f, 
	0x81, 0x81, 0x7a, 0xbd, 0x78, 0x36, 0xe7, 0x80, 
	0x59, 0x59, 0x77, 0xf0, 0xa1, 0x9c, 0x9d, 0x70, 
	0xc7, 0x96, 0x70, 0x96, 0x90, 0xa4, 0xf1, 0xc0, 
	0x5b, 0x4c, 0x59, 0x77, 0xd4, 0x70, 0x5b, 0xaa, 
	0x86, 0xde, 0x9e, 0xf2, 0xb7, 0xdb, 0x69, 0x36, 
	0x94, 0x85, 0xb5, 0x7a, 0x7a, 0x83, 0xf3, 0x9f, 
	
};

Gfx facade1_grassside_pal_rgba16_aligner[] = {gsSPEndDisplayList()};
u8 facade1_grassside_pal_rgba16[] = {
	0x24, 0x09, 0x1c, 0x87, 0x1c, 0x47, 0x15, 0x07, 
	0x1d, 0x07, 0x24, 0xc7, 0x15, 0x45, 0x15, 0x47, 
	0x1d, 0x45, 0x1c, 0xc5, 0x1c, 0xc7, 0x24, 0x87, 
	0x2c, 0x87, 0x24, 0x85, 0x15, 0x05, 0x2c, 0xc7, 
	0x3c, 0x47, 0x3c, 0x87, 0x34, 0x87, 0x4c, 0x47, 
	0x44, 0x89, 0x1c, 0x85, 0x2c, 0x47, 0x3b, 0x85, 
	0x54, 0x07, 0x4b, 0x07, 0x1c, 0x45, 0x34, 0x47, 
	0x53, 0x87, 0x3c, 0x05, 0x3c, 0x07, 0x25, 0x07, 
	0x5b, 0x49, 0x2a, 0x89, 0x53, 0x07, 0x54, 0x09, 
	0x53, 0xc9, 0x3b, 0x05, 0x63, 0x89, 0x4b, 0xc7, 
	0x53, 0xc7, 0x4c, 0x09, 0x5b, 0x89, 0x2b, 0xc5, 
	0x2c, 0x05, 0x43, 0x87, 0x5a, 0x87, 0x33, 0xc5, 
	0x73, 0x49, 0x6c, 0x49, 0x6a, 0x87, 0x31, 0xc3, 
	0x62, 0x87, 0x61, 0x43, 0x38, 0x41, 0x83, 0x07, 
	0x4c, 0x89, 0x54, 0x49, 0x62, 0x47, 0x42, 0x45, 
	0x6a, 0x07, 0x7b, 0x8b, 0x53, 0x89, 0x4a, 0xc5, 
	0x5a, 0x85, 0x82, 0x47, 0x6b, 0x07, 0x6b, 0x89, 
	0x8b, 0x09, 0x4b, 0x05, 0x2a, 0xc5, 0x53, 0x09, 
	0x9c, 0x0d, 0x5a, 0x05, 0x93, 0x4b, 0x94, 0x0b, 
	0x8a, 0x89, 0x4b, 0x45, 0x5b, 0x47, 0x7a, 0x87, 
	0x74, 0x4b, 0x9b, 0x4b, 0x62, 0x05, 0x51, 0x05, 
	0x50, 0xc5, 0x82, 0xc9, 0x62, 0xc7, 0x5a, 0x45, 
	0x61, 0x83, 0x69, 0x85, 0x92, 0xcb, 0x71, 0xc5, 
	0x52, 0x03, 0x3a, 0x03, 0x8b, 0x4b, 0xb3, 0xcf, 
	0x69, 0xc5, 0xa3, 0x4b, 0xa3, 0xcd, 0x5a, 0xc7, 
	0x50, 0xc1, 0x41, 0x83, 0x93, 0x09, 0xa3, 0x8d, 
	0x7b, 0x89, 0x30, 0x43, 0x82, 0x49, 0x9b, 0x0b, 
	0x8a, 0x47, 0x7a, 0xc9, 0x61, 0xc5, 0x8a, 0x49, 
	0x92, 0x89, 0x93, 0x0b, 0x72, 0xc9, 0xb3, 0x8d, 
	0x73, 0x09, 0x59, 0x01, 0x41, 0x03, 0x30, 0x01, 
	0x71, 0x85, 0xa4, 0x0d, 0xa2, 0xcb, 0x6a, 0x45, 
	0x40, 0x41, 0x20, 0x03, 0x18, 0x43, 0x51, 0x43, 
	0x51, 0x03, 0x48, 0x81, 0xab, 0x4d, 0xbb, 0x4d, 
	0x79, 0xc5, 0x7a, 0x07, 0x48, 0xc1, 0xa3, 0x0b, 
	0x6a, 0x05, 0xb3, 0x0b, 0x72, 0x87, 0x49, 0x03, 
	0x52, 0x05, 0x92, 0x49, 0xcc, 0x0f, 0x9b, 0x8b, 
	0x40, 0x81, 0x28, 0x03, 0x59, 0x03, 0x69, 0x87, 
	0x59, 0x45, 0x72, 0x07, 0x82, 0x07, 0xab, 0x0d, 
	0x82, 0x05, 0x9a, 0xcb, 0x61, 0x45, 0x61, 0x85, 
	0x92, 0x47, 0xcb, 0x8f, 0xcb, 0xcf, 0xaa, 0xcb, 
	0xcc, 0x11, 0xc3, 0x8f, 0x9a, 0xc9, 0xd3, 0xd1, 
	0x28, 0x01, 0x48, 0xc3, 0x20, 0x01, 0xc3, 0x4d, 
	0x59, 0x41, 0x92, 0x87, 0x59, 0x43, 0x50, 0xc3, 
	0x61, 0x03, 0x69, 0xc3, 0x38, 0x43, 0x59, 0x47, 
	0x7a, 0x05, 0x9a, 0x89, 0xf4, 0x95, 0xf4, 0x51, 
	0xb3, 0x4d, 0x71, 0xc7, 0x8a, 0x05, 0x69, 0x83, 
	0xbb, 0x8f, 0x51, 0x01, 0xb2, 0xcb, 0xf4, 0x93, 
	0xdb, 0x8d, 0xdb, 0xcf, 0x81, 0xc5, 0x82, 0x09, 
	0xab, 0x0b, 0xdb, 0xd1, 0xbb, 0x0b, 0x61, 0x87, 
	0xc3, 0x8d, 0x40, 0x83, 0x82, 0x89, 0x92, 0xc9, 
	0x79, 0xc7, 0xec, 0x53, 0x48, 0x83, 0x38, 0x83, 
	0xa2, 0xc9, 0x8a, 0x07, 0xd3, 0x8f, 0x92, 0x8b, 
	0x59, 0x05, 0xcb, 0xd1, 0xa3, 0x0d, 0x69, 0x45, 
	0x48, 0xc5, 0x81, 0xc9, 0x8a, 0x87, 0xa2, 0x89, 
	0xec, 0x95, 0x72, 0x05, 0xdb, 0x8f, 0x38, 0x01, 
	0x8a, 0x09, 0xb3, 0x0d, 0x9b, 0x0d, 0xe4, 0x11, 
	0xd3, 0x8d, 0x69, 0x43, 0x69, 0xc7, 0x71, 0xc3, 
	0xd3, 0xcf, 0x7a, 0x47, 0x71, 0x83, 0x40, 0xc3, 
	0x50, 0x81, 0xc3, 0x4f, 0x69, 0x81, 0xcb, 0x4d, 
	0xe3, 0xcf, 0xdc, 0x11, 0xc3, 0x4b, 0x82, 0x4b, 
	0x7a, 0x09, 0x8a, 0x4b, 0x92, 0x45, 0xec, 0x11, 
	
};

Gfx facade1_sand2_ci8_aligner[] = {gsSPEndDisplayList()};
u8 facade1_sand2_ci8[] = {
	0x00, 0x01, 0x02, 0x03, 0x04, 0x05, 0x06, 0x07, 
	0x04, 0x08, 0x02, 0x00, 0x03, 0x08, 0x08, 0x08, 
	0x05, 0x05, 0x08, 0x09, 0x00, 0x02, 0x0a, 0x04, 
	0x07, 0x07, 0x07, 0x07, 0x05, 0x04, 0x0b, 0x08, 
	0x01, 0x02, 0x08, 0x04, 0x05, 0x07, 0x06, 0x04, 
	0x08, 0x03, 0x03, 0x03, 0x08, 0x08, 0x08, 0x08, 
	0x04, 0x04, 0x08, 0x03, 0x03, 0x0a, 0x04, 0x05, 
	0x06, 0x0c, 0x06, 0x05, 0x04, 0x0b, 0x03, 0x09, 
	0x08, 0x04, 0x07, 0x0c, 0x06, 0x07, 0x04, 0x0b, 
	0x0a, 0x0a, 0x08, 0x08, 0x08, 0x08, 0x0d, 0x08, 
	0x0b, 0x0b, 0x08, 0x08, 0x04, 0x05, 0x07, 0x0c, 
	0x0c, 0x0c, 0x07, 0x0b, 0x08, 0x03, 0x0e, 0x0f, 
	0x07, 0x0c, 0x0c, 0x0c, 0x07, 0x04, 0x04, 0x0a, 
	0x08, 0x08, 0x0b, 0x0b, 0x08, 0x0d, 0x0e, 0x08, 
	0x0b, 0x04, 0x04, 0x05, 0x07, 0x0c, 0x10, 0x10, 
	0x0c, 0x07, 0x04, 0x08, 0x0a, 0x03, 0x0d, 0x08, 
	0x0c, 0x0c, 0x0c, 0x06, 0x04, 0x04, 0x11, 0x11, 
	0x04, 0x04, 0x04, 0x0b, 0x0d, 0x0d, 0x08, 0x0b, 
	0x04, 0x05, 0x07, 0x10, 0x10, 0x10, 0x10, 0x10, 
	0x06, 0x04, 0x04, 0x0a, 0x08, 0x0b, 0x0b, 0x05, 
	0x0c, 0x0c, 0x06, 0x04, 0x12, 0x11, 0x11, 0x13, 
	0x04, 0x04, 0x04, 0x0b, 0x08, 0x0b, 0x04, 0x04, 
	0x05, 0x0c, 0x10, 0x14, 0x14, 0x10, 0x10, 0x0c, 
	0x15, 0x04, 0x04, 0x04, 0x04, 0x05, 0x07, 0x07, 
	0x0c, 0x06, 0x04, 0x12, 0x11, 0x11, 0x11, 0x04, 
	0x04, 0x05, 0x05, 0x05, 0x05, 0x05, 0x05, 0x05, 
	0x07, 0x10, 0x16, 0x16, 0x14, 0x10, 0x0c, 0x06, 
	0x17, 0x17, 0x17, 0x05, 0x07, 0x07, 0x06, 0x0c, 
	0x05, 0x04, 0x12, 0x11, 0x11, 0x12, 0x04, 0x05, 
	0x06, 0x06, 0x0c, 0x0c, 0x06, 0x05, 0x04, 0x04, 
	0x07, 0x10, 0x10, 0x10, 0x0c, 0x0c, 0x07, 0x05, 
	0x17, 0x15, 0x15, 0x06, 0x0c, 0x06, 0x06, 0x07, 
	0x04, 0x12, 0x18, 0x18, 0x12, 0x04, 0x07, 0x0c, 
	0x0c, 0x0c, 0x10, 0x06, 0x05, 0x04, 0x0b, 0x04, 
	0x07, 0x0c, 0x0c, 0x07, 0x05, 0x05, 0x04, 0x04, 
	0x05, 0x07, 0x0c, 0x0c, 0x0c, 0x0c, 0x07, 0x05, 
	0x11, 0x19, 0x18, 0x12, 0x05, 0x06, 0x0c, 0x0c, 
	0x0c, 0x0c, 0x06, 0x05, 0x0b, 0x08, 0x08, 0x0b, 
	0x05, 0x05, 0x04, 0x04, 0x0b, 0x0b, 0x0b, 0x04, 
	0x05, 0x07, 0x0c, 0x10, 0x0c, 0x07, 0x04, 0x04, 
	0x19, 0x19, 0x0a, 0x04, 0x07, 0x0c, 0x10, 0x0c, 
	0x0c, 0x07, 0x05, 0x0b, 0x08, 0x0d, 0x08, 0x0b, 
	0x0b, 0x0b, 0x1a, 0x0a, 0x0a, 0x0b, 0x0b, 0x05, 
	0x07, 0x0c, 0x0c, 0x1b, 0x07, 0x0b, 0x0a, 0x03, 
	0x19, 0x0a, 0x0b, 0x07, 0x0c, 0x1c, 0x10, 0x1b, 
	0x05, 0x04, 0x0b, 0x08, 0x03, 0x03, 0x08, 0x0b, 
	0x08, 0x03, 0x19, 0x11, 0x0b, 0x05, 0x07, 0x0c, 
	0x0c, 0x1b, 0x07, 0x07, 0x04, 0x0a, 0x1d, 0x1e, 
	0x0b, 0x05, 0x1b, 0x10, 0x10, 0x10, 0x1b, 0x05, 
	0x0b, 0x08, 0x0d, 0x03, 0x03, 0x08, 0x08, 0x08, 
	0x03, 0x03, 0x0a, 0x04, 0x07, 0x1b, 0x10, 0x0c, 
	0x1b, 0x07, 0x05, 0x04, 0x0a, 0x1f, 0x1f, 0x19, 
	0x07, 0x0c, 0x10, 0x10, 0x0c, 0x07, 0x05, 0x0b, 
	0x08, 0x03, 0x02, 0x03, 0x08, 0x0b, 0x08, 0x0a, 
	0x0a, 0x0b, 0x04, 0x07, 0x0c, 0x10, 0x10, 0x0c, 
	0x07, 0x05, 0x0b, 0x1a, 0x19, 0x19, 0x19, 0x04, 
	0x10, 0x14, 0x14, 0x0c, 0x07, 0x04, 0x0b, 0x0d, 
	0x03, 0x02, 0x03, 0x08, 0x08, 0x0b, 0x08, 0x08, 
	0x0b, 0x0b, 0x07, 0x0c, 0x10, 0x10, 0x0c, 0x07, 
	0x05, 0x0b, 0x0b, 0x03, 0x03, 0x0a, 0x0b, 0x07, 
	0x10, 0x10, 0x0c, 0x05, 0x0b, 0x08, 0x0d, 0x03, 
	0x03, 0x0d, 0x08, 0x08, 0x08, 0x08, 0x20, 0x08, 
	0x0b, 0x07, 0x1b, 0x10, 0x10, 0x0c, 0x07, 0x05, 
	0x0b, 0x0a, 0x03, 0x0a, 0x0b, 0x04, 0x07, 0x10, 
	0x0c, 0x07, 0x05, 0x0b, 0x08, 0x0d, 0x03, 0x0d, 
	0x08, 0x08, 0x08, 0x08, 0x08, 0x21, 0x20, 0x0b, 
	0x05, 0x1b, 0x0c, 0x0c, 0x0c, 0x07, 0x05, 0x0b, 
	0x0a, 0x02, 0x0a, 0x0b, 0x05, 0x1b, 0x10, 0x10, 
	0x05, 0x04, 0x0b, 0x0a, 0x03, 0x0d, 0x08, 0x0b, 
	0x0b, 0x0b, 0x08, 0x08, 0x21, 0x21, 0x08, 0x0b, 
	0x07, 0x0c, 0x0c, 0x0c, 0x0c, 0x05, 0x0b, 0x0a, 
	0x03, 0x03, 0x0b, 0x05, 0x1b, 0x0c, 0x0c, 0x1b, 
	0x0b, 0x08, 0x03, 0x03, 0x03, 0x08, 0x0b, 0x04, 
	0x0b, 0x0b, 0x08, 0x22, 0x22, 0x21, 0x0b, 0x05, 
	0x0c, 0x0c, 0x0c, 0x0c, 0x07, 0x04, 0x0b, 0x0a, 
	0x03, 0x0a, 0x05, 0x07, 0x0c, 0x0c, 0x07, 0x04, 
	0x03, 0x03, 0x03, 0x03, 0x0b, 0x0b, 0x04, 0x04, 
	0x0b, 0x0b, 0x03, 0x0e, 0x0e, 0x08, 0x0b, 0x07, 
	0x0c, 0x0c, 0x0c, 0x07, 0x04, 0x0b, 0x08, 0x0a, 
	0x0a, 0x0b, 0x07, 0x0c, 0x0c, 0x07, 0x05, 0x0b, 
	0x09, 0x02, 0x0d, 0x0b, 0x04, 0x05, 0x05, 0x04, 
	0x0b, 0x08, 0x0e, 0x00, 0x0e, 0x08, 0x0b, 0x05, 
	0x07, 0x07, 0x05, 0x0b, 0x0b, 0x08, 0x08, 0x0b, 
	0x0b, 0x04, 0x05, 0x07, 0x07, 0x05, 0x0b, 0x22, 
	0x00, 0x0d, 0x0b, 0x05, 0x05, 0x05, 0x04, 0x0b, 
	0x08, 0x0e, 0x01, 0x01, 0x0e, 0x08, 0x0b, 0x0b, 
	0x0b, 0x0b, 0x0b, 0x08, 0x0b, 0x0b, 0x0b, 0x04, 
	0x04, 0x04, 0x04, 0x04, 0x0b, 0x0b, 0x0a, 0x02, 
	0x08, 0x0b, 0x05, 0x07, 0x07, 0x04, 0x0b, 0x08, 
	0x0e, 0x09, 0x23, 0x23, 0x0e, 0x21, 0x0d, 0x08, 
	0x03, 0x03, 0x08, 0x0b, 0x05, 0x07, 0x05, 0x05, 
	0x04, 0x0b, 0x0b, 0x08, 0x03, 0x03, 0x02, 0x02, 
	0x05, 0x07, 0x07, 0x05, 0x04, 0x0b, 0x08, 0x0e, 
	0x24, 0x25, 0x25, 0x0f, 0x0e, 0x26, 0x21, 0x22, 
	0x22, 0x08, 0x0b, 0x05, 0x06, 0x07, 0x07, 0x05, 
	0x0b, 0x08, 0x22, 0x02, 0x02, 0x02, 0x03, 0x08, 
	0x07, 0x07, 0x05, 0x04, 0x0b, 0x0d, 0x0e, 0x0f, 
	0x25, 0x25, 0x25, 0x09, 0x0e, 0x26, 0x21, 0x21, 
	0x08, 0x0b, 0x05, 0x07, 0x07, 0x07, 0x05, 0x0b, 
	0x08, 0x0e, 0x00, 0x00, 0x02, 0x03, 0x0b, 0x04, 
	0x07, 0x05, 0x04, 0x0b, 0x0d, 0x0e, 0x01, 0x25, 
	0x27, 0x25, 0x0f, 0x09, 0x26, 0x21, 0x08, 0x0b, 
	0x0b, 0x05, 0x07, 0x07, 0x07, 0x05, 0x0b, 0x08, 
	0x22, 0x09, 0x00, 0x02, 0x08, 0x0b, 0x04, 0x05, 
	0x05, 0x0b, 0x0b, 0x08, 0x0e, 0x09, 0x28, 0x27, 
	0x27, 0x24, 0x0e, 0x21, 0x08, 0x08, 0x0b, 0x0b, 
	0x04, 0x05, 0x05, 0x07, 0x05, 0x0b, 0x08, 0x0e, 
	0x09, 0x09, 0x02, 0x08, 0x0b, 0x04, 0x05, 0x05, 
	0x0b, 0x0b, 0x08, 0x21, 0x09, 0x01, 0x29, 0x29, 
	0x24, 0x0e, 0x0d, 0x08, 0x0b, 0x0b, 0x0b, 0x0b, 
	0x0b, 0x04, 0x05, 0x05, 0x05, 0x0b, 0x21, 0x09, 
	0x09, 0x09, 0x0d, 0x0b, 0x05, 0x05, 0x05, 0x04, 
	0x0b, 0x08, 0x0d, 0x0e, 0x09, 0x28, 0x29, 0x01, 
	0x0e, 0x08, 0x08, 0x0b, 0x0b, 0x0b, 0x08, 0x0b, 
	0x0b, 0x04, 0x05, 0x05, 0x0b, 0x0d, 0x0e, 0x09, 
	0x09, 0x22, 0x08, 0x0b, 0x05, 0x05, 0x04, 0x0b, 
	0x08, 0x08, 0x02, 0x09, 0x01, 0x01, 0x00, 0x03, 
	0x08, 0x0b, 0x0b, 0x0b, 0x08, 0x0d, 0x21, 0x08, 
	0x0b, 0x0b, 0x04, 0x0b, 0x08, 0x0e, 0x09, 0x09, 
	0x0e, 0x08, 0x0b, 0x04, 0x05, 0x04, 0x0b, 0x0b, 
	0x08, 0x02, 0x00, 0x2a, 0x2a, 0x00, 0x03, 0x0b, 
	0x04, 0x04, 0x0b, 0x08, 0x22, 0x02, 0x0d, 0x08, 
	0x0b, 0x0b, 0x0b, 0x08, 0x0e, 0x09, 0x0f, 0x02, 
	0x08, 0x0b, 0x04, 0x05, 0x04, 0x0b, 0x0b, 0x0b, 
	0x03, 0x00, 0x01, 0x01, 0x00, 0x03, 0x0b, 0x05, 
	0x05, 0x04, 0x08, 0x0d, 0x00, 0x02, 0x0d, 0x08, 
	0x0b, 0x0b, 0x08, 0x21, 0x09, 0x0f, 0x0f, 0x03, 
	0x0b, 0x04, 0x04, 0x05, 0x05, 0x04, 0x0b, 0x0b, 
	
};

Gfx facade1_sand2_pal_rgba16_aligner[] = {gsSPEndDisplayList()};
u8 facade1_sand2_pal_rgba16[] = {
	0xee, 0xdd, 0xee, 0xdb, 0xee, 0xdf, 0xee, 0xe1, 
	0xf7, 0x25, 0xf7, 0x27, 0xf7, 0x69, 0xf7, 0x29, 
	0xf6, 0xe3, 0xee, 0x9d, 0xee, 0xe3, 0xf6, 0xe5, 
	0xf7, 0x6b, 0xf6, 0xe1, 0xee, 0x9f, 0xee, 0x9b, 
	0xf7, 0x6d, 0xef, 0x23, 0xef, 0x25, 0xf7, 0x23, 
	0xf7, 0x6f, 0xf7, 0x67, 0xf7, 0xaf, 0xf7, 0x65, 
	0xe6, 0xe3, 0xe6, 0xe1, 0xee, 0xe5, 0xf7, 0x2b, 
	0xf7, 0xad, 0xe6, 0xdd, 0xde, 0xdd, 0xe6, 0xdf, 
	0xf6, 0xa3, 0xf6, 0xa1, 0xee, 0xa1, 0xee, 0x99, 
	0xe6, 0x9b, 0xe6, 0x99, 0xf6, 0x9f, 0xde, 0x99, 
	0xee, 0xd9, 0xe6, 0xd9, 0xe6, 0xdb, 
};

Gfx facade1_hexstone_i8_aligner[] = {gsSPEndDisplayList()};
u8 facade1_hexstone_i8[] = {
	0xbd, 0xbd, 0xb5, 0xbd, 0xb0, 0x93, 0xa5, 0xb4, 
	0xbd, 0xcd, 0xc3, 0xbd, 0xc8, 0xc3, 0xb8, 0xb0, 
	0xbb, 0xc3, 0xc7, 0xc8, 0xc8, 0xc5, 0xc8, 0xb0, 
	0xad, 0xb0, 0xa5, 0xc5, 0xcd, 0xbd, 0xc5, 0xc5, 
	0xc8, 0xc8, 0xc5, 0xc0, 0xb0, 0x9b, 0xb0, 0xc3, 
	0xc8, 0xc8, 0xc5, 0xc5, 0xcd, 0xc5, 0xbd, 0xbd, 
	0xc3, 0xc3, 0xc3, 0xc3, 0xc0, 0xbd, 0xc0, 0xb8, 
	0xbd, 0xb5, 0x9d, 0xb5, 0xc5, 0xc5, 0xc0, 0xc0, 
	0xd0, 0xc8, 0xc5, 0xc5, 0xb8, 0xa0, 0xb3, 0xc3, 
	0xcb, 0xcd, 0xd5, 0xd5, 0xcd, 0xc2, 0xba, 0xb5, 
	0xbb, 0xbe, 0xbe, 0xbe, 0xc3, 0xc0, 0xc8, 0xc0, 
	0xc5, 0xba, 0x9d, 0xb2, 0xbd, 0xc8, 0xc0, 0xbd, 
	0xc8, 0xc5, 0xc5, 0xc3, 0xbb, 0x9b, 0xa0, 0xb0, 
	0xc0, 0xcd, 0xd2, 0xd0, 0xc0, 0xb0, 0xa5, 0x9d, 
	0xa3, 0xab, 0xbb, 0xc3, 0xc0, 0xbd, 0xc0, 0xb9, 
	0xab, 0xa8, 0xa5, 0xba, 0xbd, 0xc8, 0xc0, 0xb8, 
	0xc8, 0xbd, 0xc0, 0xc0, 0xbb, 0xab, 0xa8, 0xa5, 
	0xb0, 0xc0, 0xc0, 0xbb, 0xab, 0xa5, 0xa5, 0xa5, 
	0xa0, 0x93, 0xa0, 0xb5, 0xc0, 0xb8, 0xb0, 0xa8, 
	0x98, 0xa0, 0xb5, 0xc5, 0xbb, 0xbf, 0xc3, 0xc0, 
	0xd0, 0xc3, 0xc3, 0xc0, 0xc3, 0xc8, 0xc7, 0xb5, 
	0xab, 0xab, 0xa0, 0x9f, 0xa0, 0xb0, 0xbd, 0xbd, 
	0xb8, 0xa8, 0x9d, 0x9d, 0xa0, 0x98, 0x98, 0xad, 
	0xb0, 0xbd, 0xc8, 0xcd, 0xc0, 0xc3, 0xc0, 0xc0, 
	0xc5, 0xc3, 0xc3, 0xc0, 0xc0, 0xc3, 0xc8, 0xc3, 
	0xc0, 0xbb, 0xa0, 0xab, 0xb0, 0xbb, 0xc0, 0xbd, 
	0xc0, 0xbd, 0xb5, 0xad, 0xa0, 0x93, 0xa3, 0xb8, 
	0xc0, 0xbd, 0xc5, 0xcd, 0xcd, 0xc8, 0xb9, 0xba, 
	0xbd, 0xc0, 0xc3, 0xc8, 0xc8, 0xc0, 0xbd, 0xc5, 
	0xc8, 0xc5, 0xa5, 0xbb, 0xc8, 0xc8, 0xc8, 0xc0, 
	0xc0, 0xc8, 0xc5, 0xc0, 0xb0, 0xa0, 0xb3, 0xc5, 
	0xc0, 0xc2, 0xc2, 0xc5, 0xc8, 0xc8, 0xbd, 0xba, 
	0xc8, 0xc3, 0xc3, 0xc8, 0xd0, 0xc3, 0xb5, 0xc0, 
	0xc3, 0xc0, 0xa5, 0xc0, 0xcd, 0xc8, 0xc8, 0xc3, 
	0xc0, 0xc5, 0xc8, 0xc8, 0xbd, 0xa0, 0xb8, 0xc3, 
	0xc3, 0xc5, 0xc2, 0xbd, 0xc0, 0xc8, 0xc8, 0xc0, 
	0xcf, 0xc8, 0xc0, 0xc3, 0xd0, 0xc3, 0xc0, 0xc5, 
	0xc0, 0xb3, 0xa0, 0xbb, 0xc8, 0xc0, 0xc3, 0xc8, 
	0xc0, 0xbb, 0xbb, 0xbb, 0xb0, 0x9b, 0xb8, 0xc3, 
	0xc3, 0xc8, 0xc5, 0xc0, 0xc3, 0xcb, 0xd0, 0xcd, 
	0xc8, 0xc8, 0xc5, 0xc5, 0xc8, 0xc3, 0xc8, 0xc8, 
	0xb8, 0xa8, 0x98, 0xb8, 0xc8, 0xc3, 0xc0, 0xc0, 
	0xc8, 0xc5, 0xbd, 0xb5, 0xa8, 0x9d, 0xbd, 0xc3, 
	0xbb, 0xc0, 0xc0, 0xc0, 0xc3, 0xc3, 0xc8, 0xc0, 
	0xb0, 0xbb, 0xba, 0xbd, 0xc8, 0xc3, 0xc8, 0xc3, 
	0xb8, 0xa8, 0xa5, 0xbd, 0xc3, 0xc3, 0xbb, 0xb8, 
	0xc3, 0xc8, 0xc8, 0xc0, 0xb8, 0xa8, 0xb8, 0xc0, 
	0xb8, 0xb5, 0xb8, 0xbb, 0xb6, 0xb3, 0xb5, 0xad, 
	0xab, 0xae, 0xb8, 0xc0, 0xc3, 0xc3, 0xc3, 0xb3, 
	0xa3, 0xa0, 0xb0, 0xc0, 0xc3, 0xc8, 0xc3, 0xb8, 
	0xb8, 0xc3, 0xc3, 0xc3, 0xbb, 0xb3, 0xab, 0xb3, 
	0xb3, 0xc0, 0xbb, 0xc0, 0xb3, 0xb3, 0xad, 0xa5, 
	0xb3, 0xb3, 0xab, 0xa8, 0xa3, 0xab, 0xb0, 0xab, 
	0xab, 0xb0, 0xbb, 0xc0, 0xbb, 0xc0, 0xc8, 0xc0, 
	0xba, 0xc0, 0xc3, 0xc0, 0xb8, 0xb3, 0xb8, 0xb8, 
	0xb3, 0xb3, 0xad, 0xad, 0xa3, 0xab, 0xb5, 0xb5, 
	0xc3, 0xc0, 0xb8, 0xad, 0xa0, 0xa0, 0xb5, 0xba, 
	0xbd, 0xc0, 0xc8, 0xc8, 0xc3, 0xc0, 0xc8, 0xc5, 
	0xc5, 0xc8, 0xc5, 0xc0, 0xbb, 0xc0, 0xc8, 0xc8, 
	0xc0, 0xb0, 0x9d, 0xa5, 0xab, 0xb3, 0xc3, 0xc0, 
	0xc8, 0xc8, 0xc0, 0xbd, 0xad, 0x98, 0xb5, 0xbd, 
	0xc0, 0xc8, 0xcd, 0xcd, 0xc8, 0xc5, 0xbd, 0xb8, 
	0xc5, 0xc5, 0xc5, 0xc0, 0xb8, 0xb8, 0xc3, 0xc8, 
	0xc0, 0xbd, 0xad, 0xbd, 0xc0, 0xc0, 0xc3, 0xc3, 
	0xc0, 0xc3, 0xbb, 0xc3, 0xb8, 0x9b, 0xb8, 0xc8, 
	0xc8, 0xc8, 0xc5, 0xc5, 0xc5, 0xc5, 0xc5, 0xc0, 
	0xc0, 0xc0, 0xc0, 0xc0, 0xc0, 0xc0, 0xb8, 0xbd, 
	0xc0, 0xc0, 0xb5, 0xc5, 0xc8, 0xc0, 0xc0, 0xbd, 
	0xb8, 0xc0, 0xbb, 0xc3, 0xb0, 0x90, 0xb0, 0xc3, 
	0xc0, 0xc5, 0xc5, 0xc5, 0xc5, 0xc8, 0xcd, 0xc7, 
	0xc8, 0xc8, 0xc8, 0xc8, 0xc8, 0xc8, 0xc0, 0xb5, 
	0xc0, 0xb8, 0xad, 0xc5, 0xc8, 0xc0, 0xc5, 0xc5, 
	0xc0, 0xc0, 0xb5, 0xb8, 0xab, 0x8f, 0xab, 0xbb, 
	0xc0, 0xc8, 0xc8, 0xc8, 0xcd, 0xcd, 0xc8, 0xc8, 
	0xd2, 0xca, 0xc5, 0xc5, 0xc8, 0xcd, 0xc8, 0xc3, 
	0xcf, 0xc0, 0xb0, 0xc0, 0xc0, 0xbd, 0xc5, 0xc8, 
	0xcd, 0xc5, 0xb5, 0xb8, 0xb3, 0x9b, 0xb3, 0xb8, 
	0xb8, 0xbb, 0xc3, 0xc0, 0xc8, 0xc5, 0xb8, 0xb5, 
	0xc2, 0xc5, 0xc8, 0xc8, 0xc8, 0xcb, 0xcb, 0xc3, 
	0xc7, 0xb7, 0xa8, 0xbd, 0xc3, 0xc3, 0xbb, 0xc0, 
	0xd0, 0xd0, 0xc5, 0xc0, 0xb8, 0xa0, 0xa8, 0xa8, 
	0xab, 0xb0, 0xb3, 0xb0, 0xa8, 0xb0, 0xa8, 0xa0, 
	0x9d, 0xa5, 0xad, 0xb8, 0xc0, 0xc8, 0xc0, 0xb8, 
	0xb0, 0xab, 0xa8, 0xb5, 0xc3, 0xc8, 0xc0, 0xbb, 
	0xcb, 0xd0, 0xc8, 0xc0, 0xc0, 0xbd, 0xb5, 0xa5, 
	0xa5, 0xb5, 0xb5, 0xb0, 0xa0, 0xab, 0xb5, 0xb8, 
	0xb0, 0xa5, 0x9d, 0xa5, 0xb0, 0xbd, 0xb8, 0xa0, 
	0xa5, 0xb3, 0xc0, 0xc0, 0xc8, 0xcb, 0xc0, 0xb8, 
	0xc0, 0xc8, 0xc3, 0xb8, 0xb8, 0xc0, 0xc0, 0xba, 
	0xb2, 0xaa, 0x98, 0xa0, 0xa8, 0xb8, 0xc0, 0xb6, 
	0xbb, 0xc0, 0xb5, 0xa5, 0x9d, 0x9d, 0xad, 0xa8, 
	0xad, 0xc0, 0xc8, 0xc0, 0xc0, 0xbd, 0xbd, 0xb8, 
	0xcf, 0xcb, 0xc8, 0xbd, 0xc0, 0xc3, 0xc0, 0xc2, 
	0xbd, 0xad, 0x98, 0xab, 0xb5, 0xbd, 0xc5, 0xc0, 
	0xbd, 0xc8, 0xc5, 0xc0, 0xb5, 0x9d, 0xb5, 0xbd, 
	0xbd, 0xc5, 0xc8, 0xc3, 0xc0, 0xc5, 0xcd, 0xc8, 
	0xcb, 0xc8, 0xc5, 0xc2, 0xc2, 0xc0, 0xbb, 0xc0, 
	0xc0, 0xbd, 0xad, 0xc0, 0xc5, 0xc8, 0xc5, 0xbd, 
	0xbd, 0xc5, 0xc5, 0xc0, 0xba, 0x9d, 0xb3, 0xc3, 
	0xc5, 0xc0, 0xc5, 0xc8, 0xc8, 0xc5, 0xc8, 0xc8, 
	0xbd, 0xc0, 0xc5, 0xc8, 0xc8, 0xc5, 0xc0, 0xc3, 
	0xc8, 0xc5, 0xb0, 0xc0, 0xc8, 0xcb, 0xc0, 0xb0, 
	0xb5, 0xc0, 0xc0, 0xc0, 0xb5, 0x98, 0xb6, 0xc8, 
	0xc5, 0xb8, 0xb8, 0xc0, 0xc8, 0xc8, 0xc0, 0xbd, 
	0xc3, 0xc8, 0xc8, 0xc8, 0xc8, 0xc5, 0xbd, 0xc0, 
	0xbd, 0xb5, 0xa5, 0xb8, 0xc8, 0xd0, 0xcd, 0xc0, 
	0xbd, 0xbd, 0xc0, 0xc8, 0xb0, 0x90, 0xab, 0xc3, 
	0xc3, 0xc0, 0xc0, 0xbd, 0xc0, 0xc8, 0xc3, 0xc0, 
	0xcd, 0xcd, 0xc0, 0xc3, 0xcb, 0xcb, 0xc8, 0xc5, 
	0xbd, 0xb2, 0xa5, 0xb6, 0xc3, 0xc8, 0xcd, 0xc8, 
	0xbd, 0xc2, 0xbd, 0xc8, 0xbd, 0x98, 0xab, 0xbe, 
	0xc3, 0xc8, 0xcd, 0xc5, 0xc8, 0xcd, 0xcd, 0xcd, 
	0xbd, 0xbd, 0xbd, 0xc0, 0xc8, 0xc8, 0xc0, 0xbd, 
	0xb0, 0xa3, 0xa8, 0xbb, 0xc0, 0xc0, 0xc0, 0xc0, 
	0xc0, 0xc2, 0xbd, 0xc0, 0xb5, 0x9d, 0x9b, 0xab, 
	0xb0, 0xbd, 0xc8, 0xc5, 0xc0, 0xc0, 0xb8, 0xb0, 
	0xbd, 0xba, 0xb2, 0xad, 0xc0, 0xbb, 0xb0, 0xa5, 
	0xa0, 0xab, 0xb0, 0xb8, 0xc2, 0xc5, 0xb5, 0xb5, 
	0xc8, 0xd0, 0xc8, 0xc3, 0xc5, 0xb0, 0xa0, 0x9e, 
	0xa3, 0xab, 0xb3, 0xb0, 0xad, 0xad, 0xad, 0xad, 
	0xc8, 0xc8, 0xb5, 0xa0, 0xa5, 0x9b, 0x97, 0xa4, 
	0xb3, 0xc0, 0xb8, 0xb8, 0xc0, 0xc8, 0xb8, 0xb5, 
	0xc3, 0xc8, 0xc3, 0xc6, 0xcb, 0xcb, 0xbe, 0xb3, 
	0xa0, 0x98, 0x96, 0xa3, 0xa5, 0xba, 0xbd, 0xb8, 
	0xc3, 0xcb, 0xc0, 0xb5, 0xb2, 0x9b, 0xa4, 0xb5, 
	0xb8, 0xb0, 0xb0, 0xbd, 0xbf, 0xc5, 0xc5, 0xb5, 
	0xb5, 0xbb, 0xbb, 0xc3, 0xcd, 0xd3, 0xd3, 0xc8, 
	0xb2, 0xa2, 0x88, 0xa3, 0xab, 0xc5, 0xc5, 0xb0, 
	
};

Gfx facade1_water_ci4_aligner[] = {gsSPEndDisplayList()};
u8 facade1_water_ci4[] = {
	0x01, 0x11, 0x11, 0x22, 0x34, 0x55, 0x55, 0x55, 
	0x55, 0x55, 0x55, 0x53, 0x24, 0x11, 0x11, 0x15, 
	0x11, 0x11, 0x14, 0x22, 0x34, 0x55, 0x55, 0x43, 
	0x33, 0x34, 0x45, 0x53, 0x24, 0x11, 0x15, 0x51, 
	0x11, 0x11, 0x44, 0x22, 0x63, 0x34, 0x33, 0x63, 
	0x33, 0x33, 0x33, 0x33, 0x24, 0x11, 0x11, 0x11, 
	0x11, 0x11, 0x14, 0x22, 0x66, 0x66, 0x66, 0x33, 
	0x44, 0x44, 0x33, 0x66, 0x22, 0x41, 0x11, 0x11, 
	0x11, 0x11, 0x14, 0x33, 0x22, 0x22, 0x77, 0x44, 
	0x51, 0x55, 0x54, 0x77, 0x82, 0x55, 0x11, 0x11, 
	0x11, 0x11, 0x14, 0x33, 0x44, 0x44, 0x44, 0x41, 
	0x11, 0x11, 0x54, 0x97, 0x82, 0x55, 0x11, 0x11, 
	0x11, 0x11, 0x44, 0x34, 0x44, 0x44, 0x11, 0x11, 
	0x11, 0x11, 0x55, 0x49, 0x28, 0x45, 0x11, 0x11, 
	0x11, 0x11, 0x43, 0x34, 0x11, 0x11, 0x11, 0x11, 
	0x11, 0x11, 0x55, 0x54, 0x22, 0x24, 0x11, 0x15, 
	0x55, 0x55, 0x43, 0x35, 0x11, 0x11, 0x11, 0x11, 
	0x11, 0x11, 0x11, 0x14, 0x33, 0x33, 0x45, 0x55, 
	0x55, 0x44, 0x36, 0x64, 0x11, 0x11, 0x11, 0x11, 
	0x11, 0x11, 0x11, 0x14, 0x43, 0x66, 0x34, 0x44, 
	0x33, 0x33, 0x36, 0x63, 0x51, 0x11, 0x11, 0x11, 
	0x11, 0x11, 0x11, 0x11, 0x54, 0x36, 0x63, 0x33, 
	0x66, 0x63, 0x33, 0x66, 0x51, 0x11, 0x11, 0x11, 
	0x11, 0x11, 0x10, 0x01, 0x55, 0x36, 0x66, 0x66, 
	0x22, 0x22, 0x44, 0x36, 0x24, 0x11, 0x11, 0x11, 
	0x11, 0x11, 0x11, 0x01, 0x11, 0x42, 0x66, 0x66, 
	0x22, 0x44, 0x54, 0x36, 0x24, 0x11, 0x11, 0x11, 
	0x11, 0x11, 0x11, 0x11, 0x11, 0x42, 0x66, 0x33, 
	0x41, 0x11, 0x55, 0x36, 0x24, 0x11, 0x11, 0x11, 
	0x11, 0x11, 0x11, 0x11, 0x11, 0x42, 0x63, 0x45, 
	0x11, 0x10, 0x55, 0x43, 0x24, 0x11, 0x11, 0x11, 
	0x11, 0x11, 0x11, 0x11, 0x11, 0x12, 0x63, 0x55, 
	0x11, 0x11, 0x11, 0x43, 0x63, 0x45, 0x41, 0x11, 
	0x11, 0x11, 0x11, 0x11, 0x11, 0x13, 0x63, 0x55, 
	0x11, 0x11, 0x11, 0x43, 0x66, 0x63, 0x44, 0x11, 
	0x11, 0x11, 0x11, 0x11, 0x11, 0x13, 0x63, 0x45, 
	0x11, 0x11, 0x14, 0x33, 0x66, 0x66, 0x34, 0x11, 
	0x11, 0x11, 0x11, 0x11, 0x11, 0x13, 0x63, 0x45, 
	0x11, 0x11, 0x44, 0x33, 0x33, 0x36, 0x34, 0x41, 
	0x11, 0x11, 0x11, 0x11, 0x11, 0x43, 0x63, 0x45, 
	0x44, 0x44, 0x43, 0x34, 0x51, 0x55, 0x33, 0x45, 
	0x11, 0x11, 0x11, 0x11, 0x11, 0x42, 0x63, 0x34, 
	0x33, 0x33, 0x33, 0x35, 0x11, 0x15, 0x43, 0x34, 
	0x41, 0x11, 0x11, 0x11, 0x14, 0x22, 0x66, 0x33, 
	0x33, 0x36, 0x66, 0x35, 0x11, 0x11, 0x53, 0x63, 
	0x44, 0x11, 0x11, 0x11, 0x44, 0x22, 0x33, 0x33, 
	0x54, 0x43, 0x33, 0x34, 0x11, 0x11, 0x54, 0x66, 
	0x24, 0x41, 0x11, 0x15, 0x22, 0x24, 0x44, 0x44, 
	0x11, 0x11, 0x42, 0x22, 0x41, 0x11, 0x14, 0x22, 
	0x63, 0x44, 0x55, 0x43, 0x22, 0x44, 0x11, 0x11, 
	0x00, 0x01, 0x14, 0xa2, 0x44, 0x11, 0x14, 0x42, 
	0x33, 0x33, 0x33, 0x36, 0x24, 0x41, 0x11, 0x11, 
	0x01, 0x11, 0x14, 0x2a, 0x24, 0x41, 0x11, 0x14, 
	0x44, 0x36, 0x63, 0x66, 0x24, 0x11, 0x11, 0x11, 
	0x11, 0x11, 0x14, 0x2a, 0x24, 0x41, 0x11, 0x11, 
	0x55, 0x36, 0x66, 0x66, 0x44, 0x11, 0x11, 0x11, 
	0x11, 0x11, 0x14, 0x4a, 0x64, 0x11, 0x01, 0x11, 
	0x11, 0x59, 0x36, 0x66, 0x44, 0x11, 0x11, 0x10, 
	0x11, 0x11, 0x14, 0x4a, 0x64, 0x11, 0x01, 0x11, 
	0x11, 0x15, 0x44, 0x33, 0x44, 0x11, 0x11, 0x11, 
	0x15, 0x11, 0x14, 0x4a, 0x64, 0x11, 0x11, 0x11, 
	0x11, 0x11, 0x54, 0x43, 0x44, 0x11, 0x11, 0x11, 
	0x11, 0x11, 0x11, 0x22, 0x64, 0x11, 0x11, 0x11, 
	0x11, 0x11, 0x55, 0x43, 0x44, 0x11, 0x10, 0x01, 
	
};

Gfx facade1_water_pal_rgba16_aligner[] = {gsSPEndDisplayList()};
u8 facade1_water_pal_rgba16[] = {
	0x23, 0xbd, 0x2b, 0xbd, 0x44, 0x3d, 0x3c, 0x3d, 
	0x33, 0xfd, 0x2b, 0xfd, 0x4c, 0x7d, 0x44, 0x7d, 
	0x54, 0x7d, 0x34, 0x3d, 0x54, 0xbd, 
};

Gfx facade1_fakeskybox_ci8_aligner[] = {gsSPEndDisplayList()};
u8 facade1_fakeskybox_ci8[] = {
	0x00, 0x00, 0x00, 0x00, 0x00, 0x00, 0x00, 0x00, 
	0x00, 0x00, 0x00, 0x00, 0x00, 0x00, 0x00, 0x00, 
	0x00, 0x00, 0x00, 0x00, 0x00, 0x00, 0x00, 0x00, 
	0x00, 0x00, 0x00, 0x00, 0x00, 0x00, 0x00, 0x00, 
	0x01, 0x01, 0x00, 0x00, 0x00, 0x00, 0x00, 0x00, 
	0x00, 0x00, 0x00, 0x00, 0x00, 0x00, 0x00, 0x00, 
	0x00, 0x00, 0x00, 0x00, 0x00, 0x00, 0x00, 0x00, 
	0x00, 0x00, 0x00, 0x00, 0x00, 0x00, 0x00, 0x01, 
	0x01, 0x01, 0x01, 0x01, 0x01, 0x01, 0x01, 0x01, 
	0x01, 0x01, 0x01, 0x01, 0x01, 0x01, 0x01, 0x01, 
	0x01, 0x01, 0x01, 0x01, 0x00, 0x01, 0x00, 0x01, 
	0x01, 0x01, 0x01, 0x01, 0x01, 0x01, 0x01, 0x01, 
	0x01, 0x01, 0x01, 0x01, 0x01, 0x01, 0x01, 0x01, 
	0x01, 0x01, 0x01, 0x01, 0x01, 0x01, 0x01, 0x01, 
	0x01, 0x01, 0x01, 0x01, 0x01, 0x01, 0x01, 0x01, 
	0x01, 0x01, 0x01, 0x01, 0x01, 0x01, 0x01, 0x01, 
	0x01, 0x01, 0x01, 0x01, 0x01, 0x01, 0x01, 0x01, 
	0x01, 0x01, 0x01, 0x01, 0x01, 0x01, 0x01, 0x01, 
	0x01, 0x01, 0x01, 0x01, 0x01, 0x01, 0x01, 0x01, 
	0x01, 0x01, 0x01, 0x01, 0x01, 0x01, 0x01, 0x01, 
	0x01, 0x01, 0x01, 0x01, 0x01, 0x01, 0x01, 0x01, 
	0x01, 0x01, 0x01, 0x01, 0x02, 0x02, 0x01, 0x01, 
	0x01, 0x01, 0x01, 0x01, 0x01, 0x01, 0x01, 0x01, 
	0x01, 0x01, 0x01, 0x01, 0x01, 0x01, 0x01, 0x01, 
	0x01, 0x01, 0x01, 0x01, 0x01, 0x01, 0x01, 0x01, 
	0x01, 0x02, 0x03, 0x04, 0x05, 0x06, 0x07, 0x08, 
	0x01, 0x01, 0x01, 0x01, 0x01, 0x01, 0x01, 0x01, 
	0x01, 0x01, 0x01, 0x01, 0x01, 0x01, 0x01, 0x01, 
	0x01, 0x01, 0x01, 0x02, 0x09, 0x01, 0x01, 0x01, 
	0x01, 0x09, 0x0a, 0x0b, 0x0c, 0x0d, 0x0e, 0x0f, 
	0x07, 0x10, 0x01, 0x01, 0x01, 0x01, 0x01, 0x01, 
	0x01, 0x01, 0x01, 0x01, 0x01, 0x01, 0x01, 0x01, 
	0x11, 0x07, 0x12, 0x13, 0x14, 0x15, 0x09, 0x02, 
	0x16, 0x17, 0x18, 0x19, 0x19, 0x19, 0x1a, 0x1b, 
	0x1c, 0x03, 0x01, 0x01, 0x01, 0x01, 0x01, 0x01, 
	0x01, 0x01, 0x01, 0x01, 0x1d, 0x1d, 0x01, 0x1d, 
	0x1e, 0x1f, 0x19, 0x0c, 0x20, 0x21, 0x22, 0x23, 
	0x24, 0x19, 0x19, 0x19, 0x19, 0x19, 0x0d, 0x25, 
	0x26, 0x27, 0x02, 0x01, 0x01, 0x01, 0x01, 0x01, 
	0x1d, 0x01, 0x1d, 0x1d, 0x1d, 0x1d, 0x01, 0x02, 
	0x04, 0x20, 0x0c, 0x19, 0x19, 0x19, 0x19, 0x19, 
	0x19, 0x19, 0x0d, 0x0d, 0x19, 0x0d, 0x25, 0x28, 
	0x20, 0x13, 0x11, 0x1d, 0x01, 0x01, 0x01, 0x1d, 
	0x1d, 0x1d, 0x1d, 0x1d, 0x1d, 0x1d, 0x01, 0x1d, 
	0x29, 0x2a, 0x2b, 0x0c, 0x19, 0x19, 0x19, 0x19, 
	0x19, 0x0d, 0x0c, 0x25, 0x0c, 0x25, 0x25, 0x28, 
	0x2c, 0x1e, 0x29, 0x1d, 0x1d, 0x1d, 0x1d, 0x1d, 
	0x1d, 0x1d, 0x1d, 0x1d, 0x1d, 0x1d, 0x2d, 0x09, 
	0x2e, 0x2f, 0x0c, 0x19, 0x19, 0x19, 0x19, 0x19, 
	0x19, 0x19, 0x0c, 0x25, 0x0c, 0x0c, 0x0c, 0x25, 
	0x30, 0x31, 0x1d, 0x1d, 0x1d, 0x1d, 0x1d, 0x1d, 
	0x09, 0x32, 0x33, 0x16, 0x29, 0x16, 0x22, 0x06, 
	0x19, 0x19, 0x19, 0x19, 0x19, 0x19, 0x19, 0x19, 
	0x0c, 0x0c, 0x25, 0x25, 0x0c, 0x0c, 0x25, 0x0b, 
	0x2e, 0x11, 0x1d, 0x1d, 0x1d, 0x1d, 0x1d, 0x02, 
	0x2e, 0x1f, 0x19, 0x34, 0x0a, 0x35, 0x19, 0x19, 
	0x19, 0x19, 0x19, 0x19, 0x19, 0x19, 0x19, 0x0c, 
	0x28, 0x28, 0x28, 0x28, 0x25, 0x0c, 0x25, 0x21, 
	0x09, 0x1d, 0x1d, 0x1d, 0x1d, 0x1d, 0x1d, 0x1d, 
	0x36, 0x20, 0x0d, 0x19, 0x19, 0x19, 0x19, 0x19, 
	0x19, 0x0d, 0x0d, 0x0d, 0x0d, 0x19, 0x0d, 0x25, 
	0x28, 0x28, 0x28, 0x28, 0x25, 0x25, 0x28, 0x2c, 
	0x1d, 0x1d, 0x1d, 0x1d, 0x1d, 0x1d, 0x1d, 0x1d, 
	0x37, 0x38, 0x2b, 0x0c, 0x19, 0x19, 0x19, 0x19, 
	0x0d, 0x0c, 0x25, 0x25, 0x25, 0x0c, 0x25, 0x25, 
	0x28, 0x28, 0x28, 0x28, 0x2b, 0x2b, 0x39, 0x3a, 
	0x1d, 0x1d, 0x1d, 0x1d, 0x1d, 0x1d, 0x1d, 0x1d, 
	0x11, 0x3b, 0x28, 0x25, 0x0c, 0x0c, 0x0c, 0x0d, 
	0x25, 0x25, 0x28, 0x28, 0x25, 0x0c, 0x0c, 0x0c, 
	0x28, 0x2b, 0x2b, 0x3c, 0x39, 0x3d, 0x3a, 0x3e, 
	0x1d, 0x1d, 0x1d, 0x1d, 0x1d, 0x1d, 0x1d, 0x1d, 
	0x1d, 0x3f, 0x40, 0x0d, 0x0d, 0x19, 0x0d, 0x0c, 
	0x28, 0x28, 0x28, 0x28, 0x25, 0x0c, 0x0c, 0x25, 
	0x2b, 0x3c, 0x3c, 0x3c, 0x41, 0x3d, 0x38, 0x42, 
	0x1d, 0x43, 0x43, 0x1d, 0x1d, 0x1d, 0x1d, 0x1d, 
	0x1d, 0x44, 0x2a, 0x25, 0x19, 0x19, 0x19, 0x0c, 
	0x0c, 0x0c, 0x28, 0x28, 0x28, 0x0c, 0x25, 0x2b, 
	0x39, 0x3d, 0x41, 0x3d, 0x45, 0x3d, 0x46, 0x47, 
	0x43, 0x43, 0x43, 0x43, 0x43, 0x43, 0x43, 0x43, 
	0x43, 0x1d, 0x48, 0x49, 0x25, 0x0d, 0x19, 0x0d, 
	0x25, 0x28, 0x3d, 0x4a, 0x3d, 0x28, 0x25, 0x28, 
	0x3c, 0x3a, 0x3a, 0x3e, 0x46, 0x4b, 0x3f, 0x43, 
	0x43, 0x43, 0x43, 0x43, 0x43, 0x43, 0x43, 0x43, 
	0x43, 0x43, 0x29, 0x4c, 0x4d, 0x30, 0x25, 0x0c, 
	0x39, 0x3c, 0x3d, 0x4e, 0x4b, 0x3d, 0x25, 0x0d, 
	0x0c, 0x28, 0x28, 0x20, 0x4f, 0x46, 0x47, 0x43, 
	0x43, 0x43, 0x43, 0x43, 0x43, 0x43, 0x43, 0x43, 
	0x43, 0x43, 0x43, 0x43, 0x43, 0x50, 0x4d, 0x3a, 
	0x46, 0x2b, 0x28, 0x3a, 0x46, 0x4a, 0x3e, 0x49, 
	0x3a, 0x3c, 0x4f, 0x2b, 0x25, 0x4f, 0x51, 0x43, 
	0x43, 0x43, 0x43, 0x43, 0x43, 0x43, 0x43, 0x43, 
	0x43, 0x43, 0x43, 0x43, 0x43, 0x43, 0x44, 0x50, 
	0x48, 0x4b, 0x38, 0x4e, 0x50, 0x48, 0x52, 0x47, 
	0x53, 0x4e, 0x42, 0x46, 0x45, 0x46, 0x4c, 0x54, 
	0x43, 0x43, 0x43, 0x43, 0x43, 0x43, 0x43, 0x43, 
	0x43, 0x43, 0x43, 0x43, 0x43, 0x43, 0x43, 0x43, 
	0x43, 0x44, 0x48, 0x48, 0x43, 0x43, 0x43, 0x43, 
	0x54, 0x47, 0x55, 0x48, 0x53, 0x56, 0x54, 0x43, 
	0x43, 0x43, 0x43, 0x43, 0x43, 0x43, 0x43, 0x43, 
	0x43, 0x43, 0x43, 0x43, 0x43, 0x43, 0x43, 0x43, 
	0x43, 0x43, 0x43, 0x43, 0x43, 0x43, 0x43, 0x43, 
	0x43, 0x43, 0x43, 0x43, 0x43, 0x43, 0x43, 0x54, 
	0x43, 0x43, 0x43, 0x43, 0x43, 0x43, 0x43, 0x43, 
	0x43, 0x43, 0x43, 0x43, 0x43, 0x43, 0x43, 0x43, 
	0x54, 0x43, 0x43, 0x43, 0x43, 0x43, 0x43, 0x43, 
	0x43, 0x43, 0x43, 0x43, 0x54, 0x54, 0x54, 0x54, 
	0x43, 0x43, 0x43, 0x43, 0x43, 0x54, 0x54, 0x54, 
	0x43, 0x54, 0x43, 0x43, 0x43, 0x43, 0x43, 0x43, 
	0x54, 0x54, 0x43, 0x43, 0x43, 0x43, 0x43, 0x43, 
	0x54, 0x54, 0x54, 0x54, 0x54, 0x54, 0x54, 0x54, 
	0x54, 0x43, 0x54, 0x43, 0x54, 0x54, 0x54, 0x54, 
	0x54, 0x54, 0x54, 0x43, 0x43, 0x54, 0x54, 0x54, 
	0x54, 0x54, 0x54, 0x54, 0x54, 0x54, 0x54, 0x54, 
	0x54, 0x54, 0x54, 0x54, 0x54, 0x54, 0x54, 0x54, 
	0x54, 0x54, 0x54, 0x54, 0x54, 0x54, 0x54, 0x54, 
	0x54, 0x54, 0x54, 0x54, 0x54, 0x54, 0x54, 0x54, 
	0x54, 0x54, 0x54, 0x54, 0x54, 0x54, 0x54, 0x54, 
	0x54, 0x54, 0x54, 0x54, 0x54, 0x54, 0x54, 0x54, 
	0x54, 0x54, 0x54, 0x54, 0x54, 0x54, 0x54, 0x54, 
	0x54, 0x54, 0x54, 0x54, 0x54, 0x54, 0x54, 0x54, 
	0x54, 0x54, 0x54, 0x54, 0x54, 0x54, 0x54, 0x54, 
	0x54, 0x54, 0x54, 0x54, 0x54, 0x54, 0x54, 0x54, 
	0x54, 0x54, 0x54, 0x54, 0x54, 0x54, 0x54, 0x54, 
	0x54, 0x54, 0x54, 0x54, 0x54, 0x54, 0x54, 0x54, 
	0x56, 0x3f, 0x3f, 0x47, 0x54, 0x54, 0x54, 0x54, 
	0x54, 0x54, 0x54, 0x54, 0x54, 0x54, 0x54, 0x54, 
	0x54, 0x54, 0x54, 0x54, 0x55, 0x55, 0x54, 0x54, 
	0x54, 0x54, 0x54, 0x54, 0x54, 0x47, 0x56, 0x55, 
	0x57, 0x2f, 0x30, 0x57, 0x48, 0x54, 0x54, 0x54, 
	0x54, 0x54, 0x54, 0x54, 0x54, 0x54, 0x54, 0x54, 
	0x54, 0x54, 0x54, 0x48, 0x58, 0x2e, 0x3f, 0x55, 
	0x54, 0x54, 0x54, 0x54, 0x48, 0x57, 0x05, 0x57, 
	0x18, 0x0d, 0x0c, 0x59, 0x51, 0x55, 0x54, 0x54, 
	0x54, 0x54, 0x54, 0x54, 0x54, 0x54, 0x54, 0x54, 
	0x54, 0x55, 0x54, 0x36, 0x35, 0x1b, 0x05, 0x48, 
	0x54, 0x54, 0x54, 0x54, 0x51, 0x21, 0x0d, 0x1b, 
	0x19, 0x0c, 0x28, 0x59, 0x5a, 0x55, 0x54, 0x54, 
	0x54, 0x54, 0x54, 0x54, 0x54, 0x54, 0x54, 0x55, 
	0x50, 0x36, 0x50, 0x57, 0x1b, 0x19, 0x21, 0x58, 
	0x56, 0x56, 0x55, 0x55, 0x2e, 0x1f, 0x19, 0x19, 
	0x0d, 0x25, 0x2b, 0x26, 0x14, 0x5b, 0x4c, 0x5c, 
	0x5d, 0x54, 0x5d, 0x54, 0x5d, 0x54, 0x55, 0x58, 
	0x17, 0x2c, 0x05, 0x17, 0x1f, 0x19, 0x0d, 0x2f, 
	0x05, 0x05, 0x58, 0x50, 0x5e, 0x1a, 0x19, 0x19, 
	0x0d, 0x0c, 0x25, 0x28, 0x20, 0x2c, 0x30, 0x14, 
	0x4c, 0x56, 0x5c, 0x5f, 0x5d, 0x5d, 0x50, 0x17, 
	0x0d, 0x0c, 0x1b, 0x1b, 0x0d, 0x19, 0x19, 0x19, 
	0x0d, 0x0d, 0x06, 0x51, 0x14, 0x1f, 0x19, 0x19, 
	0x19, 0x19, 0x0c, 0x0c, 0x0d, 0x0d, 0x0c, 0x0b, 
	0x17, 0x13, 0x2a, 0x57, 0x4c, 0x5f, 0x4c, 0x2f, 
	0x19, 0x0d, 0x0d, 0x0d, 0x19, 0x19, 0x19, 0x19, 
	0x19, 0x19, 0x2c, 0x14, 0x06, 0x0c, 0x19, 0x0d, 
	0x0d, 0x0d, 0x0d, 0x0d, 0x19, 0x0d, 0x0d, 0x0d, 
	0x0c, 0x0b, 0x2c, 0x2c, 0x3b, 0x51, 0x57, 0x2c, 
	0x0d, 0x0c, 0x0c, 0x0c, 0x0d, 0x0d, 0x0d, 0x0d, 
	0x19, 0x0d, 0x0b, 0x21, 0x1f, 0x19, 0x19, 0x0d, 
	0x0d, 0x0d, 0x19, 0x19, 0x19, 0x19, 0x19, 0x19, 
	0x0d, 0x25, 0x1b, 0x28, 0x20, 0x26, 0x21, 0x25, 
	0x25, 0x0c, 0x0c, 0x0d, 0x0c, 0x0d, 0x0d, 0x0d, 
	0x19, 0x19, 0x0d, 0x19, 0x19, 0x19, 0x19, 0x0d, 
	0x0d, 0x0d, 0x19, 0x19, 0x19, 0x19, 0x0d, 0x0c, 
	0x25, 0x28, 0x25, 0x28, 0x25, 0x0c, 0x0c, 0x25, 
	0x0b, 0x28, 0x25, 0x25, 0x0c, 0x0d, 0x19, 0x19, 
	0x19, 0x19, 0x19, 0x19, 0x19, 0x19, 0x19, 0x0d, 
	0x0d, 0x0c, 0x0c, 0x0c, 0x0c, 0x0c, 0x25, 0x25, 
	0x28, 0x28, 0x28, 0x28, 0x25, 0x0c, 0x25, 0x25, 
	0x28, 0x28, 0x28, 0x25, 0x25, 0x0d, 0x19, 0x19, 
	0x19, 0x19, 0x19, 0x19, 0x19, 0x19, 0x19, 0x0d, 
	0x0c, 0x25, 0x28, 0x28, 0x28, 0x25, 0x28, 0x28, 
	0x28, 0x25, 0x25, 0x25, 0x0c, 0x25, 0x25, 0x28, 
	0x25, 0x28, 0x25, 0x25, 0x25, 0x25, 0x0d, 0x19, 
	0x19, 0x19, 0x19, 0x19, 0x19, 0x19, 0x19, 0x0d, 
	0x25, 0x28, 0x28, 0x28, 0x28, 0x25, 0x28, 0x28, 
	0x28, 0x25, 0x28, 0x25, 0x25, 0x25, 0x28, 0x28, 
	0x28, 0x28, 0x25, 0x25, 0x28, 0x28, 0x0c, 0x0c, 
	0x0d, 0x19, 0x19, 0x19, 0x19, 0x19, 0x19, 0x0c, 
	0x25, 0x28, 0x28, 0x28, 0x25, 0x25, 0x0c, 0x25, 
	0x25, 0x25, 0x25, 0x25, 0x25, 0x25, 0x28, 0x25, 
	0x25, 0x25, 0x25, 0x25, 0x28, 0x25, 0x0c, 0x0c, 
	0x0c, 0x0d, 0x19, 0x19, 0x19, 0x19, 0x0d, 0x0c, 
	0x0c, 0x0c, 0x25, 0x25, 0x0c, 0x0c, 0x0c, 0x0c, 
	0x25, 0x25, 0x25, 0x25, 0x25, 0x25, 0x28, 0x25, 
	0x28, 0x25, 0x28, 0x25, 0x25, 0x0c, 0x0c, 0x0c, 
	0x0d, 0x0d, 0x0d, 0x0c, 0x0d, 0x19, 0x0d, 0x0c, 
	0x0d, 0x0d, 0x0d, 0x0c, 0x0d, 0x0d, 0x0d, 0x0c, 
	0x0c, 0x25, 0x25, 0x25, 0x25, 0x25, 0x28, 0x28, 
	0x28, 0x0b, 0x28, 0x25, 0x0c, 0x0c, 0x25, 0x25, 
	0x0c, 0x0c, 0x25, 0x25, 0x60, 0x61, 0x0d, 0x19, 
	0x0d, 0x0d, 0x0d, 0x0c, 0x0c, 0x0c, 0x0c, 0x25, 
	0x28, 0x28, 0x0b, 0x28, 0x0b, 0x28, 0x28, 0x28, 
	0x20, 0x20, 0x20, 0x28, 0x25, 0x25, 0x28, 0x28, 
	0x28, 0x28, 0x28, 0x62, 0x63, 0x64, 0x65, 0x60, 
	0x20, 0x28, 0x0b, 0x0b, 0x0b, 0x0b, 0x20, 0x40, 
	0x2c, 0x26, 0x26, 0x26, 0x26, 0x26, 0x26, 0x26, 
	0x26, 0x2c, 0x2c, 0x20, 0x20, 0x20, 0x20, 0x20, 
	0x20, 0x66, 0x67, 0x68, 0x69, 0x6a, 0x6b, 0x63, 
	0x6c, 0x26, 0x2c, 0x2c, 0x2c, 0x26, 0x30, 0x30, 
	0x30, 0x30, 0x49, 0x30, 0x49, 0x49, 0x49, 0x49, 
	0x30, 0x30, 0x30, 0x30, 0x30, 0x30, 0x30, 0x67, 
	0x6d, 0x6e, 0x6f, 0x70, 0x70, 0x69, 0x69, 0x69, 
	0x70, 0x71, 0x72, 0x72, 0x72, 0x3b, 0x3b, 0x72, 
	0x72, 0x72, 0x3b, 0x72, 0x3b, 0x05, 0x14, 0x3b, 
	0x14, 0x14, 0x14, 0x14, 0x14, 0x73, 0x74, 0x75, 
	0x76, 0x77, 0x77, 0x77, 0x75, 0x77, 0x77, 0x78, 
	0x79, 0x7a, 0x7b, 0x7c, 0x5a, 0x7d, 0x7d, 0x5a, 
	0x42, 0x4d, 0x42, 0x4d, 0x4d, 0x5a, 0x7d, 0x7d, 
	0x4c, 0x7e, 0x7f, 0x80, 0x81, 0x82, 0x83, 0x83, 
	0x83, 0x84, 0x83, 0x85, 0x86, 0x86, 0x79, 0x79, 
	0x87, 0x84, 0x84, 0x88, 0x89, 0x8a, 0x8b, 0x8c, 
	0x8c, 0x8d, 0x8c, 0x8d, 0x8e, 0x8e, 0x8d, 0x8d, 
	0x8f, 0x90, 0x91, 0x92, 0x92, 0x91, 0x92, 0x92, 
	0x93, 0x91, 0x94, 0x91, 0x95, 0x84, 0x96, 0x93, 
	0x97, 0x98, 0x98, 0x98, 0x95, 0x99, 0x9a, 0x9b, 
	0x9b, 0x9b, 0x9b, 0x9b, 0x9b, 0x9b, 0x9b, 0x9c, 
	0x9d, 0x91, 0x9e, 0x94, 0x94, 0x94, 0x94, 0x94, 
	0x92, 0x92, 0x92, 0x94, 0x92, 0x98, 0x98, 0x98, 
	0x9f, 0xa0, 0xa1, 0xa1, 0xa2, 0xa2, 0xa3, 0xa4, 
	0xa5, 0xa5, 0xa5, 0xa5, 0xa5, 0xa5, 0xa5, 0xa6, 
	0xa7, 0xa8, 0x9f, 0x9f, 0x9f, 0x9f, 0xa9, 0xa9, 
	0xaa, 0xab, 0xab, 0xa8, 0xa8, 0xa8, 0xa8, 0x9f, 
	0xac, 0xad, 0xae, 0xaf, 0xb0, 0xb1, 0xb1, 0xb2, 
	0xb3, 0xb2, 0xb2, 0xb2, 0xb4, 0xb2, 0xb2, 0xb2, 
	0xb5, 0xb5, 0xb6, 0xb6, 0xb5, 0xb5, 0xb5, 0xb7, 
	0xb7, 0xb7, 0xb7, 0xb7, 0xb8, 0xb9, 0xb9, 0xb9, 
	0xba, 0xba, 0xb5, 0xb9, 0xb9, 0xb5, 0xb9, 0xb5, 
	0xb5, 0xb5, 0xb9, 0xb5, 0xb9, 0xbb, 0xbb, 0xbc, 
	0xbd, 0xbe, 0xbe, 0xbe, 0xbf, 0xbb, 0xbc, 0xbc, 
	0xc0, 0xc0, 0xc0, 0xbc, 0xba, 0xb5, 0xb5, 0xb5, 
	0xc1, 0xc1, 0xc1, 0xc1, 0xc1, 0xb9, 0xb5, 0xbc, 
	0xb9, 0xb9, 0xb9, 0xb9, 0xb9, 0xc1, 0xc1, 0xc2, 
	0xbb, 0xc2, 0xc2, 0xbb, 0xbb, 0xbb, 0xb9, 0xb9, 
	0xb9, 0xc1, 0xc1, 0xc1, 0xb7, 0xb7, 0xb7, 0xc1, 
	0xc1, 0xc1, 0xc1, 0xc3, 0xc4, 0xc5, 0xc0, 0xbc, 
	0xc3, 0xc4, 0xc3, 0xc4, 0xbc, 0xc3, 0xbc, 0xc0, 
	0xc3, 0xc1, 0xbb, 0xc1, 0xb9, 0xb9, 0xc0, 0xbc, 
	0xbb, 0xc6, 0xc6, 0xc7, 0xb7, 0xc1, 0xc1, 0xc1, 
	0xb9, 0xb9, 0xb9, 0xc1, 0xb9, 0xb9, 0xc1, 0xc3, 
	0xc3, 0xb9, 0xb9, 0xb9, 0xb9, 0xc8, 0xbb, 0xbb, 
	0xc6, 0xc6, 0xb5, 0xc6, 0xc1, 0xc9, 0xb9, 0xb9, 
	0xbb, 0xbb, 0xbc, 0xbc, 0xc0, 0xba, 0xb9, 0xac, 
	0xc1, 0xc3, 0xc3, 0xc3, 0xc3, 0xc3, 0xc3, 0xc3, 
	0xc3, 0xc3, 0xc3, 0xc3, 0xc3, 0xc3, 0xbb, 0xc8, 
	0xb9, 0xc9, 0xb9, 0xb5, 0xc6, 0xbc, 0xb5, 0xb5, 
	0xba, 0xba, 0xbb, 0xbb, 0xb5, 0xc6, 0xc3, 0xc3, 
	0xad, 0xbd, 0xac, 0xac, 0xac, 0xb9, 0xac, 0xbf, 
	0xbf, 0xbb, 0xbb, 0xbb, 0xbb, 0xbb, 0xbb, 0xc6, 
	0xb5, 0xbc, 0xc0, 0xc0, 0xc0, 0xb4, 0xb4, 0xb2, 
	0xb4, 0xb4, 0xca, 0xca, 0xca, 0xca, 0xb4, 0xbd, 
	0xb4, 0xb4, 0xb4, 0xbe, 0xbe, 0xbb, 0xbc, 0xbb, 
	0xc8, 0xbf, 0xbf, 0xc8, 0xbf, 0xc8, 0xb9, 0xb9, 
	0xbc, 0xbc, 0xbc, 0xbc, 0xc0, 0xbc, 0xbc, 0xc0, 
	0xb4, 0xb4, 0xb4, 0xbe, 0xb4, 0xcb, 0xaf, 0xb2, 
	0xbb, 0xbc, 0xb5, 0xb5, 0xc1, 0xc6, 0xba, 0xc6, 
	0xc6, 0xb5, 0xb9, 0xb5, 0xb9, 0xc9, 0xc1, 0xb9, 
	0xbb, 0xbb, 0xc1, 0xc6, 0xb5, 0xbb, 0xb5, 0xcc, 
	0xc1, 0xb5, 0xb9, 0xbb, 0xbb, 0xbb, 0xbc, 0xbc, 
	
};

Gfx facade1_fakeskybox_pal_rgba16_aligner[] = {gsSPEndDisplayList()};
u8 facade1_fakeskybox_pal_rgba16[] = {
	0x43, 0xbf, 0x43, 0xff, 0x4c, 0x3f, 0x75, 0x3f, 
	0x85, 0xbf, 0xa6, 0xbf, 0xbe, 0xff, 0x7d, 0x3f, 
	0x5c, 0x7f, 0x5c, 0xbf, 0xae, 0x7f, 0xdf, 0xbf, 
	0xef, 0xff, 0xf7, 0xff, 0xd6, 0xff, 0xbe, 0x7f, 
	0x4b, 0xff, 0x54, 0xbf, 0x95, 0xff, 0x9e, 0x7f, 
	0x9e, 0xbf, 0x75, 0x7f, 0x6d, 0x3f, 0xb6, 0xff, 
	0xdf, 0x7f, 0xff, 0xff, 0xf7, 0xbf, 0xe7, 0xbf, 
	0xb6, 0xbf, 0x44, 0x3f, 0x9e, 0x3f, 0xef, 0xbf, 
	0xd7, 0xbf, 0xd7, 0x7f, 0xc6, 0xff, 0xae, 0xbf, 
	0xd7, 0x3f, 0xe7, 0xff, 0xc7, 0x7f, 0x8d, 0xff, 
	0xdf, 0xff, 0x4c, 0x7f, 0x96, 0x7f, 0xd7, 0xff, 
	0xcf, 0x7f, 0x64, 0xbf, 0x96, 0x3f, 0xc7, 0x3f, 
	0xbf, 0x3f, 0x7d, 0xbf, 0x85, 0x7f, 0x8d, 0xbf, 
	0xdf, 0x3f, 0xcf, 0x3f, 0x75, 0xbf, 0x65, 0x3f, 
	0xaf, 0x7f, 0xc7, 0xff, 0xb7, 0x7f, 0xa6, 0xff, 
	0xcf, 0xff, 0xbf, 0xbf, 0xaf, 0x3f, 0x6d, 0x7f, 
	0xcf, 0xbf, 0xbf, 0xff, 0x86, 0x7f, 0x44, 0x7f, 
	0x4c, 0xbf, 0xb7, 0xbf, 0x9e, 0xff, 0x54, 0xff, 
	0x5d, 0x3f, 0xb7, 0x3f, 0xa7, 0x3f, 0x96, 0xbf, 
	0x6d, 0xbf, 0x8e, 0x7f, 0x8e, 0xbf, 0xc7, 0xbf, 
	0x65, 0x7f, 0x7d, 0xff, 0x5c, 0xff, 0x65, 0xbf, 
	0x44, 0xbf, 0x4c, 0xff, 0x55, 0x3f, 0x8e, 0x3f, 
	0x85, 0xff, 0xbf, 0x7f, 0x86, 0x3f, 0x75, 0xff, 
	0x5d, 0x7f, 0x44, 0xff, 0xa6, 0x7f, 0x4d, 0x3f, 
	0xe7, 0xbd, 0xd7, 0x7b, 0xcf, 0xbd, 0x96, 0x73, 
	0x7d, 0xef, 0xae, 0xf5, 0xc7, 0x7d, 0xa6, 0xf9, 
	0x7e, 0x31, 0x6d, 0xad, 0x75, 0xed, 0x75, 0xad, 
	0x96, 0x77, 0x8e, 0x75, 0x7d, 0xf1, 0x6d, 0xaf, 
	0x65, 0xad, 0x8e, 0x79, 0xae, 0xff, 0x96, 0x7b, 
	0x7d, 0xf3, 0x65, 0x6d, 0x55, 0x29, 0x5d, 0x6d, 
	0x5d, 0x6b, 0x55, 0x2d, 0x5d, 0x6f, 0x75, 0xf7, 
	0x7e, 0x3b, 0x7e, 0x3f, 0x5d, 0xbd, 0x5d, 0xb7, 
	0x65, 0x77, 0x5d, 0x75, 0x55, 0x71, 0x4c, 0xeb, 
	0x4d, 0x2d, 0x4d, 0x2b, 0x55, 0x6d, 0x45, 0x2b, 
	0x4d, 0x2f, 0x4d, 0x77, 0x55, 0x7d, 0x4d, 0x7f, 
	0x55, 0x7f, 0x55, 0xbf, 0x5d, 0xbf, 0x4d, 0x7d, 
	0x44, 0xf3, 0x44, 0xab, 0x3c, 0xab, 0x44, 0xeb, 
	0x3c, 0xa9, 0x44, 0xed, 0x45, 0x2d, 0x3c, 0xe9, 
	0x3c, 0xeb, 0x45, 0x31, 0x45, 0x39, 0x45, 0x7f, 
	0x45, 0x7d, 0x44, 0xf7, 0x44, 0xa9, 0x3b, 0xed, 
	0x43, 0xef, 0x43, 0xf1, 0x3b, 0xf1, 0x3b, 0xf3, 
	0x3b, 0xfb, 0x3c, 0x3b, 0x3b, 0xf9, 0x3c, 0x35, 
	0x3b, 0xef, 0x33, 0xab, 0x33, 0xad, 0x3b, 0xaf, 
	0x0a, 0xf7, 0x1a, 0xf7, 0x23, 0x37, 0x23, 0x39, 
	0x2b, 0x39, 0x2b, 0x37, 0x22, 0xf9, 0x2a, 0xf9, 
	0x1a, 0xf9, 0x12, 0xb7, 0x12, 0xf5, 0x0a, 0x75, 
	0x0a, 0xb5, 0x0a, 0xb7, 0x1a, 0xb7, 0x0a, 0xb9, 
	0x12, 0xb9, 0x12, 0xf7, 0x12, 0xf9, 0x0a, 0xf9, 
	0x1a, 0xb9, 0x0a, 0x77, 0x02, 0x77, 0x0a, 0x79, 
	0x12, 0x79, 0x1a, 0x79, 0x12, 0x77, 0x0a, 0x37, 
	0x02, 0xb9, 0x02, 0xb7, 0x1b, 0x39, 0x13, 0x39, 
	0x12, 0x75, 
};

Vtx facade1_facade1_mesh_layer_1_vtx_0[162] = {
	{{ {-6973, 0, -374}, 0, {-898, -869}, {188, 188, 188, 255} }},
	{{ {-6470, 0, -648}, 0, {942, -1872}, {188, 188, 188, 255} }},
	{{ {-6973, 0, -648}, 0, {-898, -1872}, {188, 188, 188, 255} }},
	{{ {-6470, 0, -374}, 0, {942, -869}, {188, 188, 188, 255} }},
	{{ {-5930, 0, -648}, 0, {2914, -1872}, {188, 188, 188, 255} }},
	{{ {-6470, 0, 21}, 0, {942, 571}, {188, 188, 188, 255} }},
	{{ {-6973, 0, -374}, 0, {2373, 3123}, {188, 188, 188, 255} }},
	{{ {-6973, 0, -648}, 0, {3376, 3123}, {188, 188, 188, 255} }},
	{{ {-6973, 560, -648}, 0, {3376, 1076}, {188, 188, 188, 255} }},
	{{ {-6973, 560, -374}, 0, {2373, 1076}, {188, 188, 188, 255} }},
	{{ {-6973, 842, -648}, 0, {3376, 45}, {188, 188, 188, 255} }},
	{{ {-6973, 1064, -374}, 0, {2373, -764}, {188, 188, 188, 255} }},
	{{ {-6973, 560, -200}, 0, {1739, 1076}, {188, 188, 188, 255} }},
	{{ {-6973, 560, 200}, 0, {277, 1076}, {188, 188, 188, 255} }},
	{{ {-6973, 1064, 374}, 0, {-357, -764}, {188, 188, 188, 255} }},
	{{ {-6973, 560, 374}, 0, {-357, 1076}, {188, 188, 188, 255} }},
	{{ {-6973, 560, 648}, 0, {-1360, 1076}, {188, 188, 188, 255} }},
	{{ {-6973, 842, 648}, 0, {-1360, 45}, {188, 188, 188, 255} }},
	{{ {-6973, 0, 648}, 0, {-1360, 3123}, {188, 188, 188, 255} }},
	{{ {-6973, 0, 374}, 0, {-357, 3123}, {188, 188, 188, 255} }},
	{{ {-6973, 0, 200}, 0, {277, 3123}, {188, 188, 188, 255} }},
	{{ {-6973, 0, -200}, 0, {1739, 3123}, {188, 188, 188, 255} }},
	{{ {-6973, 0, 648}, 0, {-898, 3123}, {255, 255, 255, 255} }},
	{{ {-5930, 842, 648}, 0, {2914, 45}, {255, 255, 255, 255} }},
	{{ {-6470, 0, 648}, 0, {942, 3123}, {255, 255, 255, 255} }},
	{{ {-5930, 0, 648}, 0, {2914, 3123}, {255, 255, 255, 255} }},
	{{ {-6973, 560, -648}, 0, {-898, 1076}, {188, 188, 188, 255} }},
	{{ {-6973, 0, -648}, 0, {-898, 3123}, {188, 188, 188, 255} }},
	{{ {-6470, 0, -648}, 0, {942, 3123}, {188, 188, 188, 255} }},
	{{ {-5930, 842, -648}, 0, {2914, 45}, {188, 188, 188, 255} }},
	{{ {-5930, 0, -648}, 0, {2914, 3123}, {188, 188, 188, 255} }},
	{{ {-6973, 842, -648}, 0, {-898, 45}, {188, 188, 188, 255} }},
	{{ {-6470, 0, 374}, 0, {942, 1861}, {255, 255, 255, 255} }},
	{{ {-5930, 0, -648}, 0, {2914, -1872}, {255, 255, 255, 255} }},
	{{ {-6470, 0, 21}, 0, {942, 571}, {255, 255, 255, 255} }},
	{{ {-5930, 0, 648}, 0, {2914, 2864}, {255, 255, 255, 255} }},
	{{ {-6470, 0, 648}, 0, {942, 2864}, {255, 255, 255, 255} }},
	{{ {-6973, 0, 648}, 0, {-898, 2864}, {255, 255, 255, 255} }},
	{{ {-6748, 0, 374}, 0, {-76, 1861}, {255, 255, 255, 255} }},
	{{ {-6973, 560, 648}, 0, {-898, 1076}, {188, 188, 188, 255} }},
	{{ {-6973, 842, 648}, 0, {-898, 45}, {188, 188, 188, 255} }},
	{{ {-5930, 842, 648}, 0, {2914, 45}, {188, 188, 188, 255} }},
	{{ {-6973, 0, 648}, 0, {-898, 3123}, {188, 188, 188, 255} }},
	{{ {-6973, 1064, -374}, 0, {-898, -869}, {188, 188, 188, 255} }},
	{{ {-6973, 842, -648}, 0, {-898, -1872}, {188, 188, 188, 255} }},
	{{ {-5930, 842, -648}, 0, {2914, -1872}, {188, 188, 188, 255} }},
	{{ {-5930, 1064, -374}, 0, {2914, -869}, {188, 188, 188, 255} }},
	{{ {-6973, 1064, 374}, 0, {-898, 1861}, {188, 188, 188, 255} }},
	{{ {-5930, 1064, 374}, 0, {2914, 1861}, {188, 188, 188, 255} }},
	{{ {-6973, 842, 648}, 0, {-898, 2864}, {188, 188, 188, 255} }},
	{{ {-5930, 842, 648}, 0, {2914, 2864}, {188, 188, 188, 255} }},
	{{ {-5930, 0, 648}, 0, {-1360, 3123}, {255, 255, 255, 255} }},
	{{ {-5930, 1438, 1206}, 0, {-3399, -2131}, {181, 181, 181, 255} }},
	{{ {-5930, 0, 1206}, 0, {-3399, 3123}, {181, 181, 181, 255} }},
	{{ {-5930, 842, 648}, 0, {-1360, 45}, {255, 255, 255, 255} }},
	{{ {-5930, 1064, 374}, 0, {-357, -764}, {255, 255, 255, 255} }},
	{{ {-5930, 1438, 0}, 0, {1008, -2131}, {255, 255, 255, 255} }},
	{{ {-5930, 1064, -374}, 0, {2373, -764}, {255, 255, 255, 255} }},
	{{ {-5930, 1438, -1206}, 0, {5415, -2131}, {181, 181, 181, 255} }},
	{{ {-5930, 842, -648}, 0, {3376, 45}, {255, 255, 255, 255} }},
	{{ {-5930, 0, -1206}, 0, {5415, 3123}, {181, 181, 181, 255} }},
	{{ {-5930, 0, -648}, 0, {3376, 3123}, {255, 255, 255, 255} }},
	{{ {-5930, 0, 1206}, 0, {4171, 2985}, {181, 181, 181, 255} }},
	{{ {-5930, 1438, 1206}, 0, {4171, -1993}, {181, 181, 181, 255} }},
	{{ {-5622, 1438, 1480}, 0, {2743, -1993}, {255, 255, 255, 255} }},
	{{ {-5622, 0, 1480}, 0, {2743, 2985}, {255, 255, 255, 255} }},
	{{ {-5622, 1438, 1857}, 0, {1438, -1993}, {255, 255, 255, 255} }},
	{{ {-5622, 0, 1857}, 0, {1438, 2985}, {255, 255, 255, 255} }},
	{{ {-5930, 0, 2131}, 0, {9, 2985}, {255, 255, 255, 255} }},
	{{ {-5930, 1438, 2131}, 0, {9, -1993}, {255, 255, 255, 255} }},
	{{ {-6307, 1438, 2131}, 0, {-1296, -1993}, {255, 255, 255, 255} }},
	{{ {-6307, 0, 2131}, 0, {-1296, 2985}, {255, 255, 255, 255} }},
	{{ {-6615, 1438, 1857}, 0, {-2724, -1993}, {206, 206, 206, 255} }},
	{{ {-6615, 0, 1857}, 0, {-2724, 2985}, {206, 206, 206, 255} }},
	{{ {-5930, 0, -1206}, 0, {4171, 2985}, {181, 181, 181, 255} }},
	{{ {-5622, 1438, -1480}, 0, {2743, -1993}, {255, 255, 255, 255} }},
	{{ {-5930, 1438, -1206}, 0, {4171, -1993}, {181, 181, 181, 255} }},
	{{ {-5622, 0, -1480}, 0, {2743, 2985}, {255, 255, 255, 255} }},
	{{ {-5622, 1438, -1857}, 0, {1438, -1993}, {255, 255, 255, 255} }},
	{{ {-5622, 0, -1857}, 0, {1438, 2985}, {255, 255, 255, 255} }},
	{{ {-5930, 0, -2131}, 0, {9, 2985}, {255, 255, 255, 255} }},
	{{ {-5930, 1438, -2131}, 0, {9, -1993}, {255, 255, 255, 255} }},
	{{ {-6307, 1438, -2131}, 0, {-1296, -1993}, {255, 255, 255, 255} }},
	{{ {-6307, 0, -2131}, 0, {-1296, 2985}, {255, 255, 255, 255} }},
	{{ {-6615, 1438, -1857}, 0, {-2724, -1993}, {128, 128, 128, 255} }},
	{{ {-6615, 0, -1857}, 0, {-2724, 2985}, {128, 128, 128, 255} }},
	{{ {-5930, -63, 648}, 0, {1543, -586}, {255, 255, 255, 255} }},
	{{ {-5930, -776, 1206}, 0, {-470, 1985}, {146, 183, 255, 255} }},
	{{ {-5930, -776, 871}, 0, {739, 1985}, {146, 183, 255, 255} }},
	{{ {-5930, -63, 1206}, 0, {-470, -586}, {181, 181, 181, 255} }},
	{{ {-6615, -63, 1857}, 0, {-3878, -586}, {206, 206, 206, 255} }},
	{{ {-6615, -776, 1857}, 0, {-3878, 1985}, {117, 147, 206, 255} }},
	{{ {-8085, -63, 1857}, 0, {-9180, -586}, {206, 206, 206, 255} }},
	{{ {-8085, -776, 1857}, 0, {-9180, 1985}, {117, 147, 206, 255} }},
	{{ {-5930, -63, -648}, 0, {6216, -586}, {255, 255, 255, 255} }},
	{{ {-5930, -776, -213}, 0, {4647, 1985}, {146, 183, 255, 255} }},
	{{ {-5930, -776, -648}, 0, {6216, 1985}, {146, 183, 255, 255} }},
	{{ {-5930, -63, -1206}, 0, {8229, -586}, {181, 181, 181, 255} }},
	{{ {-5930, -776, -1206}, 0, {8229, 1985}, {146, 183, 255, 255} }},
	{{ {-6615, -776, -1857}, 0, {11637, 1985}, {146, 183, 255, 255} }},
	{{ {-6615, -63, -1857}, 0, {11637, -586}, {128, 128, 128, 255} }},
	{{ {-7290, 1690, -796}, 0, {7413, 3691}, {255, 255, 255, 255} }},
	{{ {-7290, 3282, -796}, 0, {7413, -2731}, {255, 255, 255, 255} }},
	{{ {-6727, 3282, -563}, 0, {5808, -2731}, {255, 255, 255, 255} }},
	{{ {-6727, 1690, -563}, 0, {5808, 3691}, {255, 255, 255, 255} }},
	{{ {-6494, 3282, 0}, 0, {4203, -2731}, {255, 255, 255, 255} }},
	{{ {-6494, 1690, 0}, 0, {4203, 3691}, {255, 255, 255, 255} }},
	{{ {-6727, 3282, 563}, 0, {2597, -2731}, {170, 170, 170, 255} }},
	{{ {-6727, 1690, 563}, 0, {2597, 3691}, {170, 170, 170, 255} }},
	{{ {-7290, 3282, 796}, 0, {992, -2731}, {170, 170, 170, 255} }},
	{{ {-7290, 1690, 796}, 0, {992, 3691}, {170, 170, 170, 255} }},
	{{ {-7852, 3282, 563}, 0, {-613, -2731}, {148, 148, 148, 255} }},
	{{ {-7852, 1690, 563}, 0, {-613, 3691}, {148, 148, 148, 255} }},
	{{ {-8085, 3282, 0}, 0, {-2219, -2731}, {255, 255, 255, 255} }},
	{{ {-8085, 1690, 0}, 0, {-2219, 3691}, {255, 255, 255, 255} }},
	{{ {-7852, 3282, -563}, 0, {-3824, -2731}, {255, 255, 255, 255} }},
	{{ {-7852, 1690, -563}, 0, {-3824, 3691}, {255, 255, 255, 255} }},
	{{ {-7290, 3282, -796}, 0, {-5429, -2731}, {255, 255, 255, 255} }},
	{{ {-7290, 1690, -796}, 0, {-5429, 3691}, {255, 255, 255, 255} }},
	{{ {-8121, 0, 1857}, 0, {-1744, 3063}, {229, 229, 229, 255} }},
	{{ {-6615, 0, 1857}, 0, {3633, 3063}, {206, 206, 206, 255} }},
	{{ {-6615, 1438, 1857}, 0, {3633, -2071}, {206, 206, 206, 255} }},
	{{ {-8481, 1438, 1857}, 0, {-3031, -2071}, {206, 206, 206, 255} }},
	{{ {-6615, 0, -1857}, 0, {3633, 3063}, {128, 128, 128, 255} }},
	{{ {-7000, 0, -1857}, 0, {2259, 3063}, {255, 255, 255, 255} }},
	{{ {-7000, 1438, -1857}, 0, {2259, -2071}, {128, 128, 128, 255} }},
	{{ {-6615, 0, -1857}, 0, {3633, 3063}, {128, 128, 128, 255} }},
	{{ {-7000, 1438, -1857}, 0, {2259, -2071}, {128, 128, 128, 255} }},
	{{ {-6615, 1438, -1857}, 0, {3633, -2071}, {128, 128, 128, 255} }},
	{{ {-8085, -639, 1941}, 0, {-9483, 1489}, {255, 255, 255, 255} }},
	{{ {-8186, -513, 1941}, 0, {-9483, 1035}, {0, 0, 0, 255} }},
	{{ {-8186, -639, 1941}, 0, {-9483, 1489}, {0, 0, 0, 255} }},
	{{ {-8085, -513, 1941}, 0, {-9483, 1035}, {255, 255, 255, 255} }},
	{{ {-8186, -513, 2400}, 0, {-11137, 1035}, {0, 0, 0, 255} }},
	{{ {-8085, -513, 2400}, 0, {-11137, 1035}, {255, 255, 255, 255} }},
	{{ {-8085, -639, 1941}, 0, {-9483, 1489}, {250, 250, 250, 255} }},
	{{ {-8085, -639, 2400}, 0, {-11137, 1489}, {255, 255, 255, 255} }},
	{{ {-8085, -776, 2484}, 0, {-11441, 1985}, {255, 255, 255, 255} }},
	{{ {-8085, -776, 1857}, 0, {-9180, 1985}, {117, 147, 206, 255} }},
	{{ {-8085, -63, 1857}, 0, {-9180, -586}, {206, 206, 206, 255} }},
	{{ {-8085, -63, 2484}, 0, {-11441, -586}, {255, 255, 255, 255} }},
	{{ {-8085, -513, 1941}, 0, {-9483, 1035}, {252, 252, 252, 255} }},
	{{ {-8085, -639, 1941}, 0, {-9483, 1489}, {250, 250, 250, 255} }},
	{{ {-8085, -639, 2400}, 0, {-11137, 1489}, {255, 255, 255, 255} }},
	{{ {-8085, -513, 2400}, 0, {-11137, 1035}, {255, 255, 255, 255} }},
	{{ {-8186, -639, 2400}, 0, {-11137, 1489}, {0, 0, 0, 255} }},
	{{ {-8186, -513, 2400}, 0, {-11137, 1035}, {0, 0, 0, 255} }},
	{{ {-8186, -639, 2400}, 0, {-11137, 1489}, {0, 0, 0, 255} }},
	{{ {-8186, -639, 1941}, 0, {-9483, 1489}, {0, 0, 0, 255} }},
	{{ {-8186, -513, 1941}, 0, {-9483, 1035}, {0, 0, 0, 255} }},
	{{ {-8186, -513, 2400}, 0, {-11137, 1035}, {0, 0, 0, 255} }},
	{{ {-8085, -639, 1941}, 0, {-9483, 1489}, {255, 255, 255, 255} }},
	{{ {-8186, -639, 1941}, 0, {-9483, 1489}, {0, 0, 0, 255} }},
	{{ {-8186, -639, 2400}, 0, {-11137, 1489}, {0, 0, 0, 255} }},
	{{ {-6748, 0, 374}, 0, {-76, 1861}, {188, 188, 188, 255} }},
	{{ {-6973, 0, 374}, 0, {-898, 1861}, {188, 188, 188, 255} }},
	{{ {-6973, 0, 648}, 0, {-898, 2864}, {188, 188, 188, 255} }},
	{{ {-5930, -776, -213}, 0, {4647, 1985}, {106, 134, 188, 255} }},
	{{ {-5930, -63, -648}, 0, {6216, -586}, {188, 188, 188, 255} }},
	{{ {-5930, -63, 648}, 0, {1543, -586}, {188, 188, 188, 255} }},
	{{ {-5930, -776, 648}, 0, {1543, 1985}, {106, 134, 188, 255} }},
	{{ {-5930, -776, 871}, 0, {739, 1985}, {106, 134, 188, 255} }},
};

Gfx facade1_facade1_mesh_layer_1_tri_0[] = {
	gsSPVertex(facade1_facade1_mesh_layer_1_vtx_0 + 0, 32, 0),
	gsSP2Triangles(0, 1, 2, 0, 0, 3, 1, 0),
	gsSP2Triangles(1, 3, 4, 0, 5, 4, 3, 0),
	gsSP2Triangles(6, 7, 8, 0, 6, 8, 9, 0),
	gsSP2Triangles(9, 8, 10, 0, 9, 10, 11, 0),
	gsSP2Triangles(12, 9, 11, 0, 11, 13, 12, 0),
	gsSP2Triangles(11, 14, 13, 0, 15, 13, 14, 0),
	gsSP2Triangles(16, 15, 14, 0, 16, 14, 17, 0),
	gsSP2Triangles(18, 15, 16, 0, 18, 19, 15, 0),
	gsSP2Triangles(19, 13, 15, 0, 19, 20, 13, 0),
	gsSP2Triangles(21, 6, 9, 0, 21, 9, 12, 0),
	gsSP2Triangles(22, 23, 24, 0, 24, 23, 25, 0),
	gsSP2Triangles(26, 27, 28, 0, 26, 28, 29, 0),
	gsSP2Triangles(28, 30, 29, 0, 26, 29, 31, 0),
	gsSPVertex(facade1_facade1_mesh_layer_1_vtx_0 + 32, 30, 0),
	gsSP2Triangles(0, 1, 2, 0, 0, 3, 1, 0),
	gsSP2Triangles(0, 4, 3, 0, 5, 4, 0, 0),
	gsSP2Triangles(5, 0, 6, 0, 7, 8, 9, 0),
	gsSP2Triangles(9, 10, 7, 0, 11, 12, 13, 0),
	gsSP2Triangles(11, 13, 14, 0, 15, 11, 14, 0),
	gsSP2Triangles(15, 14, 16, 0, 17, 15, 16, 0),
	gsSP2Triangles(17, 16, 18, 0, 19, 20, 21, 0),
	gsSP2Triangles(19, 22, 20, 0, 23, 20, 22, 0),
	gsSP2Triangles(23, 24, 20, 0, 24, 23, 25, 0),
	gsSP2Triangles(25, 26, 24, 0, 26, 25, 27, 0),
	gsSP2Triangles(28, 26, 27, 0, 28, 27, 29, 0),
	gsSPVertex(facade1_facade1_mesh_layer_1_vtx_0 + 62, 32, 0),
	gsSP2Triangles(0, 1, 2, 0, 0, 2, 3, 0),
	gsSP2Triangles(3, 2, 4, 0, 3, 4, 5, 0),
	gsSP2Triangles(6, 5, 4, 0, 6, 4, 7, 0),
	gsSP2Triangles(6, 7, 8, 0, 6, 8, 9, 0),
	gsSP2Triangles(9, 8, 10, 0, 9, 10, 11, 0),
	gsSP2Triangles(12, 13, 14, 0, 12, 15, 13, 0),
	gsSP2Triangles(15, 16, 13, 0, 15, 17, 16, 0),
	gsSP2Triangles(18, 16, 17, 0, 18, 19, 16, 0),
	gsSP2Triangles(18, 20, 19, 0, 18, 21, 20, 0),
	gsSP2Triangles(21, 22, 20, 0, 21, 23, 22, 0),
	gsSP2Triangles(24, 25, 26, 0, 24, 27, 25, 0),
	gsSP2Triangles(25, 27, 28, 0, 25, 28, 29, 0),
	gsSP2Triangles(29, 28, 30, 0, 29, 30, 31, 0),
	gsSPVertex(facade1_facade1_mesh_layer_1_vtx_0 + 94, 32, 0),
	gsSP2Triangles(0, 1, 2, 0, 3, 0, 2, 0),
	gsSP2Triangles(3, 2, 4, 0, 3, 4, 5, 0),
	gsSP2Triangles(3, 5, 6, 0, 7, 8, 9, 0),
	gsSP2Triangles(7, 9, 10, 0, 10, 9, 11, 0),
	gsSP2Triangles(10, 11, 12, 0, 12, 11, 13, 0),
	gsSP2Triangles(12, 13, 14, 0, 14, 13, 15, 0),
	gsSP2Triangles(14, 15, 16, 0, 16, 15, 17, 0),
	gsSP2Triangles(16, 17, 18, 0, 18, 17, 19, 0),
	gsSP2Triangles(18, 19, 20, 0, 20, 19, 21, 0),
	gsSP2Triangles(20, 21, 22, 0, 22, 21, 23, 0),
	gsSP2Triangles(22, 23, 24, 0, 25, 26, 27, 0),
	gsSP2Triangles(25, 27, 28, 0, 29, 30, 31, 0),
	gsSPVertex(facade1_facade1_mesh_layer_1_vtx_0 + 126, 31, 0),
	gsSP2Triangles(0, 1, 2, 0, 3, 4, 5, 0),
	gsSP2Triangles(3, 6, 4, 0, 6, 7, 4, 0),
	gsSP2Triangles(6, 8, 7, 0, 9, 10, 11, 0),
	gsSP2Triangles(9, 11, 12, 0, 8, 13, 14, 0),
	gsSP2Triangles(8, 15, 13, 0, 15, 12, 13, 0),
	gsSP2Triangles(15, 16, 12, 0, 17, 14, 11, 0),
	gsSP2Triangles(17, 18, 14, 0, 18, 17, 19, 0),
	gsSP2Triangles(18, 19, 20, 0, 21, 22, 23, 0),
	gsSP2Triangles(21, 23, 24, 0, 10, 25, 26, 0),
	gsSP2Triangles(10, 26, 27, 0, 28, 29, 30, 0),
	gsSPVertex(facade1_facade1_mesh_layer_1_vtx_0 + 157, 5, 0),
	gsSP2Triangles(0, 1, 2, 0, 0, 2, 3, 0),
	gsSP1Triangle(4, 3, 2, 0),
	gsSPEndDisplayList(),
};

Vtx facade1_facade1_mesh_layer_1_vtx_1[16] = {
	{{ {-6470, 0, 374}, 0, {463, 1861}, {255, 255, 255, 255} }},
	{{ {-6688, 0, 298}, 0, {64, 1586}, {255, 255, 255, 255} }},
	{{ {-6748, 0, 374}, 0, {-46, 1861}, {255, 255, 255, 255} }},
	{{ {-6470, 0, -374}, 0, {463, -869}, {188, 188, 188, 255} }},
	{{ {-6973, 0, -374}, 0, {-457, -869}, {188, 188, 188, 255} }},
	{{ {-6973, 0, -200}, 0, {-457, -235}, {188, 188, 188, 255} }},
	{{ {-6470, 0, 21}, 0, {463, 571}, {255, 255, 255, 255} }},
	{{ {-6688, 0, 298}, 0, {64, 1586}, {255, 255, 255, 255} }},
	{{ {-6470, 0, 374}, 0, {463, 1861}, {255, 255, 255, 255} }},
	{{ {-6973, 0, 200}, 0, {-457, 1227}, {188, 188, 188, 255} }},
	{{ {-6688, 0, 298}, 0, {64, 1586}, {188, 188, 188, 255} }},
	{{ {-6470, 0, -374}, 0, {463, -869}, {188, 188, 188, 255} }},
	{{ {-6470, 0, 21}, 0, {463, 571}, {188, 188, 188, 255} }},
	{{ {-6748, 0, 374}, 0, {-46, 1861}, {188, 188, 188, 255} }},
	{{ {-6688, 0, 298}, 0, {64, 1586}, {188, 188, 188, 255} }},
	{{ {-6973, 0, 374}, 0, {-457, 1861}, {188, 188, 188, 255} }},
};

Gfx facade1_facade1_mesh_layer_1_tri_1[] = {
	gsSPVertex(facade1_facade1_mesh_layer_1_vtx_1 + 0, 16, 0),
	gsSP2Triangles(0, 1, 2, 0, 3, 4, 5, 0),
	gsSP2Triangles(6, 7, 8, 0, 5, 9, 10, 0),
	gsSP2Triangles(10, 11, 5, 0, 10, 12, 11, 0),
	gsSP2Triangles(13, 14, 9, 0, 13, 9, 15, 0),
	gsSPEndDisplayList(),
};

Vtx facade1_facade1_mesh_layer_1_vtx_2[58] = {
	{{ {-6307, 1690, 1206}, 0, {-3987, 2839}, {255, 255, 255, 255} }},
	{{ {-5930, 1438, 1206}, 0, {-3987, 4444}, {181, 181, 181, 255} }},
	{{ {-5930, 1438, 0}, 0, {280, 4444}, {255, 255, 255, 255} }},
	{{ {-6307, 1690, -1206}, 0, {4546, 2839}, {255, 255, 255, 255} }},
	{{ {-5930, 1438, -1206}, 0, {4546, 4444}, {181, 181, 181, 255} }},
	{{ {-8085, 1690, -1206}, 0, {4546, -3452}, {255, 255, 255, 255} }},
	{{ {-8085, 1690, -1480}, 0, {5515, -3452}, {255, 255, 255, 255} }},
	{{ {-6615, 1690, -1480}, 0, {5515, 1748}, {255, 255, 255, 255} }},
	{{ {-6615, 1438, -1857}, 0, {7121, 1748}, {255, 255, 255, 255} }},
	{{ {-7000, 1438, -1857}, 0, {7121, 387}, {255, 255, 255, 255} }},
	{{ {-8085, 1690, 1206}, 0, {-3987, -3452}, {255, 255, 255, 255} }},
	{{ {-6615, 1690, 1480}, 0, {-4956, 1748}, {255, 255, 255, 255} }},
	{{ {-8085, 1690, 1480}, 0, {-4956, -3452}, {255, 255, 255, 255} }},
	{{ {-8481, 1438, 1857}, 0, {-6562, -4853}, {206, 206, 206, 255} }},
	{{ {-6615, 1438, 1857}, 0, {-6562, 1748}, {206, 206, 206, 255} }},
	{{ {-6013, -310, -1766}, 0, {2283, 684}, {163, 192, 255, 255} }},
	{{ {-5622, -63, -1480}, 0, {2622, -1719}, {255, 255, 255, 255} }},
	{{ {-5930, -63, -1206}, 0, {496, -1452}, {181, 181, 181, 255} }},
	{{ {-5622, -63, -1857}, 0, {4050, -415}, {255, 255, 255, 255} }},
	{{ {-5930, -63, -2131}, 0, {3995, 1666}, {255, 255, 255, 255} }},
	{{ {-6307, -63, -2131}, 0, {2626, 3012}, {255, 255, 255, 255} }},
	{{ {-6615, -63, -1857}, 0, {496, 3051}, {255, 255, 255, 255} }},
	{{ {-5930, -63, -1206}, 0, {496, -1452}, {255, 255, 255, 255} }},
	{{ {-6007, -310, 1773}, 0, {-1240, 646}, {163, 192, 255, 255} }},
	{{ {-5930, -63, 1206}, 0, {-3058, 2791}, {181, 181, 181, 255} }},
	{{ {-5622, -63, 1480}, 0, {-930, 3051}, {255, 255, 255, 255} }},
	{{ {-5622, -63, 1857}, 0, {494, 1746}, {255, 255, 255, 255} }},
	{{ {-5930, -63, 2131}, 0, {438, -332}, {255, 255, 255, 255} }},
	{{ {-6307, -63, 2131}, 0, {-928, -1678}, {255, 255, 255, 255} }},
	{{ {-6615, -63, 1857}, 0, {-3058, -1723}, {206, 206, 206, 255} }},
	{{ {-5930, -63, 1206}, 0, {-3058, 2791}, {255, 255, 255, 255} }},
	{{ {-6307, 1690, 1206}, 0, {-224, -1379}, {255, 255, 255, 255} }},
	{{ {-6098, 2099, 1669}, 0, {529, 496}, {255, 255, 255, 255} }},
	{{ {-5930, 1438, 1206}, 0, {1263, -1354}, {181, 181, 181, 255} }},
	{{ {-6615, 1690, 1480}, 0, {-1429, -281}, {255, 255, 255, 255} }},
	{{ {-6615, 1438, 1857}, 0, {-1448, 1226}, {206, 206, 206, 255} }},
	{{ {-6307, 1438, 2131}, 0, {-269, 2353}, {255, 255, 255, 255} }},
	{{ {-5930, 1438, 2131}, 0, {1218, 2364}, {255, 255, 255, 255} }},
	{{ {-5622, 1438, 1857}, 0, {2406, 1265}, {255, 255, 255, 255} }},
	{{ {-5622, 1438, 1480}, 0, {2424, -226}, {255, 255, 255, 255} }},
	{{ {-6307, 1690, -1206}, 0, {-224, -1379}, {255, 255, 255, 255} }},
	{{ {-5930, 1438, -1206}, 0, {1263, -1354}, {181, 181, 181, 255} }},
	{{ {-6098, 2099, -1669}, 0, {529, 496}, {255, 255, 255, 255} }},
	{{ {-5622, 1438, -1480}, 0, {2424, -226}, {255, 255, 255, 255} }},
	{{ {-5622, 1438, -1857}, 0, {2406, 1265}, {255, 255, 255, 255} }},
	{{ {-5930, 1438, -2131}, 0, {1218, 2364}, {255, 255, 255, 255} }},
	{{ {-6307, 1438, -2131}, 0, {-269, 2353}, {255, 255, 255, 255} }},
	{{ {-6615, 1438, -1857}, 0, {-1448, 1226}, {255, 255, 255, 255} }},
	{{ {-6615, 1690, -1480}, 0, {-1429, -281}, {255, 255, 255, 255} }},
	{{ {-7290, 3282, -796}, 0, {451, -2346}, {255, 255, 255, 255} }},
	{{ {-7852, 3282, -563}, 0, {-1545, -1482}, {255, 255, 255, 255} }},
	{{ {-7290, 4303, 0}, 0, {496, 496}, {255, 255, 255, 255} }},
	{{ {-8085, 3282, 0}, 0, {-2346, 541}, {255, 255, 255, 255} }},
	{{ {-7852, 3282, 563}, 0, {-1482, 2537}, {148, 148, 148, 255} }},
	{{ {-7290, 3282, 796}, 0, {541, 3338}, {170, 170, 170, 255} }},
	{{ {-6727, 3282, 563}, 0, {2537, 2474}, {170, 170, 170, 255} }},
	{{ {-6494, 3282, 0}, 0, {3338, 451}, {255, 255, 255, 255} }},
	{{ {-6727, 3282, -563}, 0, {2474, -1545}, {255, 255, 255, 255} }},
};

Gfx facade1_facade1_mesh_layer_1_tri_2[] = {
	gsSPVertex(facade1_facade1_mesh_layer_1_vtx_2 + 0, 31, 0),
	gsSP2Triangles(0, 1, 2, 0, 2, 3, 0, 0),
	gsSP2Triangles(2, 4, 3, 0, 0, 3, 5, 0),
	gsSP2Triangles(3, 6, 5, 0, 3, 7, 6, 0),
	gsSP2Triangles(6, 7, 8, 0, 6, 8, 9, 0),
	gsSP2Triangles(0, 5, 10, 0, 11, 0, 10, 0),
	gsSP2Triangles(11, 10, 12, 0, 11, 12, 13, 0),
	gsSP2Triangles(11, 13, 14, 0, 15, 16, 17, 0),
	gsSP2Triangles(15, 18, 16, 0, 15, 19, 18, 0),
	gsSP2Triangles(15, 20, 19, 0, 15, 21, 20, 0),
	gsSP2Triangles(15, 22, 21, 0, 23, 24, 25, 0),
	gsSP2Triangles(23, 25, 26, 0, 23, 26, 27, 0),
	gsSP2Triangles(23, 27, 28, 0, 23, 28, 29, 0),
	gsSP1Triangle(23, 29, 30, 0),
	gsSPVertex(facade1_facade1_mesh_layer_1_vtx_2 + 31, 27, 0),
	gsSP2Triangles(0, 1, 2, 0, 3, 1, 0, 0),
	gsSP2Triangles(4, 1, 3, 0, 4, 5, 1, 0),
	gsSP2Triangles(5, 6, 1, 0, 6, 7, 1, 0),
	gsSP2Triangles(7, 8, 1, 0, 8, 2, 1, 0),
	gsSP2Triangles(9, 10, 11, 0, 12, 11, 10, 0),
	gsSP2Triangles(13, 11, 12, 0, 14, 11, 13, 0),
	gsSP2Triangles(15, 11, 14, 0, 16, 11, 15, 0),
	gsSP2Triangles(16, 17, 11, 0, 17, 9, 11, 0),
	gsSP2Triangles(18, 19, 20, 0, 19, 21, 20, 0),
	gsSP2Triangles(21, 22, 20, 0, 22, 23, 20, 0),
	gsSP2Triangles(23, 24, 20, 0, 24, 25, 20, 0),
	gsSP2Triangles(25, 26, 20, 0, 26, 18, 20, 0),
	gsSPEndDisplayList(),
};

Vtx facade1_facade1_mesh_layer_1_vtx_3[83] = {
	{{ {-6615, 0, -1857}, 0, {31491, -54}, {255, 255, 255, 255} }},
	{{ {-6307, 0, -2131}, 0, {25182, -54}, {255, 255, 255, 255} }},
	{{ {-6307, -63, -2131}, 0, {25182, 913}, {255, 255, 255, 255} }},
	{{ {-6615, -63, -1857}, 0, {31491, 913}, {255, 255, 255, 255} }},
	{{ {-5930, 0, -2131}, 0, {31707, -54}, {255, 255, 255, 255} }},
	{{ {-5622, 0, -1857}, 0, {25398, -54}, {255, 255, 255, 255} }},
	{{ {-5622, -63, -1857}, 0, {25398, 913}, {255, 255, 255, 255} }},
	{{ {-5930, -63, -2131}, 0, {31707, 913}, {255, 255, 255, 255} }},
	{{ {-6307, 0, 2131}, 0, {-24159, -54}, {255, 255, 255, 255} }},
	{{ {-6615, 0, 1857}, 0, {-30468, -54}, {206, 206, 206, 255} }},
	{{ {-6615, -63, 1857}, 0, {-30468, 913}, {206, 206, 206, 255} }},
	{{ {-6307, -63, 2131}, 0, {-24159, 913}, {255, 255, 255, 255} }},
	{{ {-6307, 0, -2131}, 0, {31326, -54}, {255, 255, 255, 255} }},
	{{ {-5930, 0, -2131}, 0, {25563, -54}, {255, 255, 255, 255} }},
	{{ {-5930, -63, -2131}, 0, {25563, 913}, {255, 255, 255, 255} }},
	{{ {-6307, -63, -2131}, 0, {31326, 913}, {255, 255, 255, 255} }},
	{{ {-5622, 0, 1857}, 0, {-24375, -54}, {255, 255, 255, 255} }},
	{{ {-5930, 0, 2131}, 0, {-30684, -54}, {255, 255, 255, 255} }},
	{{ {-5930, -63, 2131}, 0, {-30684, 913}, {255, 255, 255, 255} }},
	{{ {-5622, -63, 1857}, 0, {-24375, 913}, {255, 255, 255, 255} }},
	{{ {-5622, 0, 1480}, 0, {-24756, -54}, {255, 255, 255, 255} }},
	{{ {-5622, 0, 1857}, 0, {-30519, -54}, {255, 255, 255, 255} }},
	{{ {-5622, -63, 1857}, 0, {-30519, 913}, {255, 255, 255, 255} }},
	{{ {-5622, -63, 1480}, 0, {-24756, 913}, {255, 255, 255, 255} }},
	{{ {-5930, 0, 1206}, 0, {-18447, -54}, {181, 181, 181, 255} }},
	{{ {-5930, -63, 1206}, 0, {-18447, 913}, {181, 181, 181, 255} }},
	{{ {-5930, 0, 648}, 0, {-9911, -54}, {255, 255, 255, 255} }},
	{{ {-5930, -63, 648}, 0, {-9911, 913}, {255, 255, 255, 255} }},
	{{ {-5930, 0, -648}, 0, {9910, -54}, {255, 255, 255, 255} }},
	{{ {-5930, -63, -648}, 0, {9910, 913}, {255, 255, 255, 255} }},
	{{ {-5930, 0, -1206}, 0, {18446, -54}, {181, 181, 181, 255} }},
	{{ {-5930, -63, -1206}, 0, {18446, 913}, {181, 181, 181, 255} }},
	{{ {-5622, 0, -1480}, 0, {24755, -54}, {255, 255, 255, 255} }},
	{{ {-5930, 0, -1206}, 0, {18446, -54}, {181, 181, 181, 255} }},
	{{ {-5930, -63, -1206}, 0, {18446, 913}, {181, 181, 181, 255} }},
	{{ {-5622, -63, -1480}, 0, {24755, 913}, {255, 255, 255, 255} }},
	{{ {-5622, 0, -1857}, 0, {30518, -54}, {255, 255, 255, 255} }},
	{{ {-5622, -63, -1857}, 0, {30518, 913}, {255, 255, 255, 255} }},
	{{ {-5930, 0, 2131}, 0, {-24540, -54}, {255, 255, 255, 255} }},
	{{ {-6307, 0, 2131}, 0, {-30303, -54}, {255, 255, 255, 255} }},
	{{ {-6307, -63, 2131}, 0, {-30303, 913}, {255, 255, 255, 255} }},
	{{ {-5930, -63, 2131}, 0, {-24540, 913}, {255, 255, 255, 255} }},
	{{ {-8085, -63, 1857}, 0, {-29444, 2854}, {206, 206, 206, 255} }},
	{{ {-6615, -63, 1857}, 0, {-6959, 2854}, {206, 206, 206, 255} }},
	{{ {-6615, 0, 1857}, 0, {-6959, 1887}, {206, 206, 206, 255} }},
	{{ {-8121, 0, 1857}, 0, {-29986, 1887}, {229, 229, 229, 255} }},
	{{ {-6615, -63, -1857}, 0, {-30468, 1883}, {255, 255, 255, 255} }},
	{{ {-7000, -63, -1857}, 0, {-24583, 1883}, {255, 255, 255, 255} }},
	{{ {-7000, 0, -1857}, 0, {-24583, 917}, {255, 255, 255, 255} }},
	{{ {-6615, 0, -1857}, 0, {-30468, 917}, {255, 255, 255, 255} }},
	{{ {-3662, -63, -648}, 0, {-9073, 1010}, {255, 255, 255, 255} }},
	{{ {-4418, 82, -648}, 0, {-2930, 1010}, {255, 255, 255, 255} }},
	{{ {-4418, 145, -648}, 0, {-2930, 496}, {255, 255, 255, 255} }},
	{{ {-3662, 0, -648}, 0, {-9073, 496}, {255, 255, 255, 255} }},
	{{ {-4418, 265, -648}, 0, {-2930, -17}, {255, 255, 255, 255} }},
	{{ {-3748, 120, -648}, 0, {-9073, -17}, {255, 255, 255, 255} }},
	{{ {-4418, 82, -648}, 0, {-2930, 1010}, {255, 255, 255, 255} }},
	{{ {-5174, 82, -648}, 0, {3214, 1010}, {255, 255, 255, 255} }},
	{{ {-5174, 145, -648}, 0, {3214, 496}, {255, 255, 255, 255} }},
	{{ {-5174, 265, -648}, 0, {3214, -17}, {255, 255, 255, 255} }},
	{{ {-4418, 265, -648}, 0, {-2930, -17}, {255, 255, 255, 255} }},
	{{ {-5930, -63, -648}, 0, {9357, 1010}, {255, 255, 255, 255} }},
	{{ {-5930, 0, -648}, 0, {9357, 496}, {255, 255, 255, 255} }},
	{{ {-5174, 145, -648}, 0, {3214, 496}, {255, 255, 255, 255} }},
	{{ {-5174, 145, -648}, 0, {3214, 496}, {255, 255, 255, 255} }},
	{{ {-5930, 0, -648}, 0, {9357, 496}, {255, 255, 255, 255} }},
	{{ {-5844, 120, -648}, 0, {9357, -17}, {255, 255, 255, 255} }},
	{{ {-5174, 265, -648}, 0, {3214, -17}, {255, 255, 255, 255} }},
	{{ {-3662, -63, 648}, 0, {-9073, 1010}, {255, 255, 255, 255} }},
	{{ {-4418, 145, 648}, 0, {-2930, 496}, {255, 255, 255, 255} }},
	{{ {-4418, 82, 648}, 0, {-2930, 1010}, {255, 255, 255, 255} }},
	{{ {-3662, 0, 648}, 0, {-9073, 496}, {255, 255, 255, 255} }},
	{{ {-4418, 265, 648}, 0, {-2930, -17}, {255, 255, 255, 255} }},
	{{ {-3748, 120, 648}, 0, {-9073, -17}, {255, 255, 255, 255} }},
	{{ {-4418, 82, 648}, 0, {-2930, 1010}, {255, 255, 255, 255} }},
	{{ {-5174, 145, 648}, 0, {3214, 496}, {255, 255, 255, 255} }},
	{{ {-5174, 82, 648}, 0, {3214, 1010}, {255, 255, 255, 255} }},
	{{ {-5174, 265, 648}, 0, {3214, -17}, {255, 255, 255, 255} }},
	{{ {-4418, 265, 648}, 0, {-2930, -17}, {255, 255, 255, 255} }},
	{{ {-5930, 0, 648}, 0, {9357, 496}, {255, 255, 255, 255} }},
	{{ {-5930, -63, 648}, 0, {9357, 1010}, {255, 255, 255, 255} }},
	{{ {-5174, 145, 648}, 0, {3214, 496}, {255, 255, 255, 255} }},
	{{ {-5844, 120, 648}, 0, {9357, -17}, {255, 255, 255, 255} }},
};

Gfx facade1_facade1_mesh_layer_1_tri_3[] = {
	gsSPVertex(facade1_facade1_mesh_layer_1_vtx_3 + 0, 32, 0),
	gsSP2Triangles(0, 1, 2, 0, 0, 2, 3, 0),
	gsSP2Triangles(4, 5, 6, 0, 4, 6, 7, 0),
	gsSP2Triangles(8, 9, 10, 0, 8, 10, 11, 0),
	gsSP2Triangles(12, 13, 14, 0, 12, 14, 15, 0),
	gsSP2Triangles(16, 17, 18, 0, 16, 18, 19, 0),
	gsSP2Triangles(20, 21, 22, 0, 20, 22, 23, 0),
	gsSP2Triangles(24, 20, 23, 0, 24, 23, 25, 0),
	gsSP2Triangles(26, 24, 25, 0, 26, 25, 27, 0),
	gsSP2Triangles(28, 26, 27, 0, 28, 27, 29, 0),
	gsSP2Triangles(30, 28, 29, 0, 30, 29, 31, 0),
	gsSPVertex(facade1_facade1_mesh_layer_1_vtx_3 + 32, 32, 0),
	gsSP2Triangles(0, 1, 2, 0, 0, 2, 3, 0),
	gsSP2Triangles(4, 0, 3, 0, 4, 3, 5, 0),
	gsSP2Triangles(6, 7, 8, 0, 6, 8, 9, 0),
	gsSP2Triangles(10, 11, 12, 0, 10, 12, 13, 0),
	gsSP2Triangles(14, 15, 16, 0, 14, 16, 17, 0),
	gsSP2Triangles(18, 19, 20, 0, 18, 20, 21, 0),
	gsSP2Triangles(21, 20, 22, 0, 21, 22, 23, 0),
	gsSP2Triangles(24, 25, 26, 0, 24, 26, 20, 0),
	gsSP2Triangles(20, 26, 27, 0, 20, 27, 28, 0),
	gsSP2Triangles(25, 29, 30, 0, 25, 30, 31, 0),
	gsSPVertex(facade1_facade1_mesh_layer_1_vtx_3 + 64, 19, 0),
	gsSP2Triangles(0, 1, 2, 0, 0, 2, 3, 0),
	gsSP2Triangles(4, 5, 6, 0, 4, 7, 5, 0),
	gsSP2Triangles(7, 8, 5, 0, 7, 9, 8, 0),
	gsSP2Triangles(10, 11, 12, 0, 10, 5, 11, 0),
	gsSP2Triangles(5, 13, 11, 0, 5, 14, 13, 0),
	gsSP2Triangles(12, 15, 16, 0, 12, 17, 15, 0),
	gsSP2Triangles(17, 18, 15, 0, 17, 13, 18, 0),
	gsSPEndDisplayList(),
};

Vtx facade1_facade1_mesh_layer_1_vtx_4[55] = {
	{{ {-1130, -567, -910}, 0, {-2230, -1557}, {255, 255, 255, 255} }},
	{{ {-765, -567, -1012}, 0, {-2315, -2334}, {255, 255, 255, 255} }},
	{{ {-751, -567, -1073}, 0, {-2436, -2381}, {190, 190, 190, 255} }},
	{{ {-1172, -567, -956}, 0, {-2338, -1487}, {255, 255, 255, 255} }},
	{{ {-765, -567, -1012}, 0, {-2315, -2334}, {255, 255, 255, 255} }},
	{{ {-197, -567, -610}, 0, {-1311, -3355}, {104, 190, 100, 255} }},
	{{ {-751, -567, -1073}, 0, {-2436, -2381}, {104, 190, 100, 255} }},
	{{ {-249, -567, -580}, 0, {-1268, -3239}, {255, 255, 255, 255} }},
	{{ {-1304, -567, -468}, 0, {-1389, -1058}, {255, 255, 255, 255} }},
	{{ {-1130, -567, -910}, 0, {-2230, -1557}, {255, 255, 255, 255} }},
	{{ {-1172, -567, -956}, 0, {-2338, -1487}, {141, 255, 137, 255} }},
	{{ {-1361, -567, -476}, 0, {-1424, -945}, {141, 255, 137, 255} }},
	{{ {-1218, -567, 458}, 0, {520, -926}, {255, 255, 255, 255} }},
	{{ {-1275, -567, 448}, 0, {483, -813}, {141, 255, 137, 255} }},
	{{ {-1566, -567, 1255}, 0, {2026, 44}, {212, 212, 212, 255} }},
	{{ {-1605, -567, 1206}, 0, {1913, 108}, {113, 206, 109, 255} }},
	{{ {-2239, -354, 1392}, 0, {2125, 1524}, {210, 210, 210, 255} }},
	{{ {-2232, -352, 1333}, 0, {2007, 1494}, {113, 206, 109, 255} }},
	{{ {-2772, -152, 1154}, 0, {1465, 2614}, {255, 255, 255, 255} }},
	{{ {-2734, -148, 1110}, 0, {1384, 2527}, {141, 255, 137, 255} }},
	{{ {-3098, -2, 661}, 0, {352, 3194}, {255, 255, 255, 255} }},
	{{ {-3042, 0, 645}, 0, {329, 3077}, {141, 255, 137, 255} }},
	{{ {-3098, 0, -595}, 0, {-2224, 2963}, {255, 255, 255, 255} }},
	{{ {-3042, 0, -651}, 0, {-2329, 2837}, {141, 255, 137, 255} }},
	{{ {-3606, 0, -592}, 0, {-2312, 4003}, {255, 255, 255, 255} }},
	{{ {-3662, 0, -648}, 0, {-2436, 4108}, {141, 255, 137, 255} }},
	{{ {-3606, 1, 635}, 0, {205, 4230}, {255, 255, 255, 255} }},
	{{ {-3242, -145, 1352}, 0, {1774, 3620}, {255, 255, 255, 255} }},
	{{ {-3662, 0, 648}, 0, {221, 4347}, {141, 255, 137, 255} }},
	{{ {-3286, -148, 1391}, 0, {1845, 3716}, {141, 255, 137, 255} }},
	{{ {-2425, -351, 1859}, 0, {3029, 2028}, {251, 251, 251, 255} }},
	{{ {-2436, -352, 1918}, 0, {3147, 2066}, {141, 255, 137, 255} }},
	{{ {-1239, -567, 1626}, 0, {2887, -496}, {250, 250, 250, 255} }},
	{{ {-2425, -351, 1859}, 0, {3029, 2028}, {251, 251, 251, 255} }},
	{{ {-2436, -352, 1918}, 0, {3147, 2066}, {141, 255, 137, 255} }},
	{{ {-1202, -567, 1675}, 0, {3001, -556}, {141, 255, 137, 255} }},
	{{ {-739, -567, 630}, 0, {1028, -1844}, {255, 255, 255, 255} }},
	{{ {-700, -567, 677}, 0, {1137, -1907}, {141, 255, 137, 255} }},
	{{ {-280, -567, 502}, 0, {921, -2819}, {255, 255, 255, 255} }},
	{{ {-232, -567, 547}, 0, {1028, -2901}, {104, 190, 100, 255} }},
	{{ {-165, -567, -31}, 0, {-124, -3227}, {255, 255, 255, 255} }},
	{{ {-108, -567, -29}, 0, {-101, -3342}, {104, 190, 100, 255} }},
	{{ {-249, -567, -580}, 0, {-1268, -3239}, {255, 255, 255, 255} }},
	{{ {-197, -567, -610}, 0, {-1311, -3355}, {104, 190, 100, 255} }},
	{{ {-1218, -567, 458}, 0, {520, -926}, {255, 255, 255, 255} }},
	{{ {-1566, -567, 1255}, 0, {2026, 44}, {212, 212, 212, 255} }},
	{{ {-2239, -354, 1392}, 0, {2125, 1524}, {210, 210, 210, 255} }},
	{{ {-2772, -152, 1154}, 0, {1465, 2614}, {255, 255, 255, 255} }},
	{{ {-3242, -145, 1352}, 0, {1774, 3620}, {255, 255, 255, 255} }},
	{{ {-3098, -2, 661}, 0, {352, 3194}, {255, 255, 255, 255} }},
	{{ {-1304, -567, -468}, 0, {-1389, -1058}, {255, 255, 255, 255} }},
	{{ {-3606, 1, 635}, 0, {205, 4230}, {255, 255, 255, 255} }},
	{{ {-3606, 0, -592}, 0, {-2312, 4003}, {255, 255, 255, 255} }},
	{{ {-3662, 0, -648}, 0, {-2436, 4108}, {255, 255, 255, 255} }},
	{{ {-3662, 0, 648}, 0, {221, 4347}, {255, 255, 255, 255} }},
};

Gfx facade1_facade1_mesh_layer_1_tri_4[] = {
	gsSPVertex(facade1_facade1_mesh_layer_1_vtx_4 + 0, 32, 0),
	gsSP2Triangles(0, 1, 2, 0, 0, 2, 3, 0),
	gsSP2Triangles(4, 5, 6, 0, 4, 7, 5, 0),
	gsSP2Triangles(8, 7, 4, 0, 8, 4, 9, 0),
	gsSP2Triangles(8, 9, 10, 0, 8, 10, 11, 0),
	gsSP2Triangles(12, 8, 11, 0, 12, 11, 13, 0),
	gsSP2Triangles(14, 12, 13, 0, 14, 13, 15, 0),
	gsSP2Triangles(16, 14, 15, 0, 16, 15, 17, 0),
	gsSP2Triangles(18, 16, 17, 0, 18, 17, 19, 0),
	gsSP2Triangles(20, 18, 19, 0, 20, 19, 21, 0),
	gsSP2Triangles(22, 20, 21, 0, 22, 21, 23, 0),
	gsSP2Triangles(24, 22, 23, 0, 24, 23, 25, 0),
	gsSP2Triangles(26, 22, 24, 0, 26, 20, 22, 0),
	gsSP2Triangles(27, 20, 26, 0, 27, 26, 28, 0),
	gsSP2Triangles(27, 28, 29, 0, 30, 27, 29, 0),
	gsSP1Triangle(30, 29, 31, 0),
	gsSPVertex(facade1_facade1_mesh_layer_1_vtx_4 + 32, 23, 0),
	gsSP2Triangles(0, 1, 2, 0, 0, 2, 3, 0),
	gsSP2Triangles(4, 0, 3, 0, 4, 3, 5, 0),
	gsSP2Triangles(6, 4, 5, 0, 6, 5, 7, 0),
	gsSP2Triangles(8, 6, 7, 0, 8, 7, 9, 0),
	gsSP2Triangles(10, 8, 9, 0, 10, 9, 11, 0),
	gsSP2Triangles(12, 8, 10, 0, 8, 12, 4, 0),
	gsSP2Triangles(4, 12, 13, 0, 4, 13, 0, 0),
	gsSP2Triangles(0, 13, 14, 0, 0, 14, 1, 0),
	gsSP2Triangles(1, 14, 15, 0, 1, 15, 16, 0),
	gsSP2Triangles(16, 15, 17, 0, 8, 4, 6, 0),
	gsSP2Triangles(12, 10, 18, 0, 19, 20, 21, 0),
	gsSP1Triangle(19, 21, 22, 0),
	gsSPEndDisplayList(),
};

Vtx facade1_facade1_mesh_layer_1_vtx_5[88] = {
	{{ {-2425, -454, -2611}, 0, {97, -9987}, {18, 223, 0, 255} }},
	{{ {-2425, -776, -1974}, 0, {-273, -9194}, {9, 153, 0, 255} }},
	{{ {-1927, 39, -2587}, 0, {574, -9514}, {18, 223, 0, 255} }},
	{{ {-683, 39, -1987}, 0, {945, -7551}, {18, 223, 0, 255} }},
	{{ {-1108, -776, -1618}, 0, {199, -7349}, {18, 223, 0, 255} }},
	{{ {-334, 39, -1365}, 0, {603, -6620}, {18, 223, 0, 255} }},
	{{ {-751, -567, -1073}, 0, {4, -6513}, {18, 223, 0, 255} }},
	{{ {162, 39, -765}, 0, {609, -5353}, {18, 223, 0, 255} }},
	{{ {-197, -567, -610}, 0, {76, -5095}, {18, 223, 0, 255} }},
	{{ {-108, -567, -29}, 0, {120, -4207}, {18, 223, 0, 255} }},
	{{ {259, 39, -29}, 0, {659, -4229}, {18, 223, 0, 255} }},
	{{ {-232, -567, 547}, 0, {81, -3316}, {18, 223, 0, 255} }},
	{{ {389, 376, 676}, 0, {940, -3166}, {18, 223, 0, 255} }},
	{{ {-390, -434, 1417}, 0, {115, -1959}, {18, 223, 0, 255} }},
	{{ {152, 376, 1742}, 0, {863, -1515}, {18, 223, 0, 255} }},
	{{ {-1253, -332, 1979}, 0, {-248, -565}, {18, 223, 0, 255} }},
	{{ {-1199, 736, 2669}, 0, {969, -235}, {18, 223, 0, 255} }},
	{{ {-2431, -185, 2095}, 0, {51, 1453}, {18, 223, 0, 255} }},
	{{ {-2866, 736, 2827}, 0, {902, 2305}, {18, 223, 0, 255} }},
	{{ {-3610, -63, 2123}, 0, {37, 3253}, {18, 223, 0, 255} }},
	{{ {-5047, 1181, 2847}, 0, {992, 5681}, {18, 223, 0, 255} }},
	{{ {-5489, -63, 2484}, 0, {-20, 6157}, {18, 223, 0, 255} }},
	{{ {-1927, 39, -2587}, 0, {414, 5253}, {18, 223, 0, 255} }},
	{{ {-3009, 519, -3000}, 0, {777, 3689}, {18, 223, 0, 255} }},
	{{ {-2425, -63, -2611}, 0, {332, 4572}, {18, 223, 0, 255} }},
	{{ {-2425, -63, -1974}, 0, {-80, 4273}, {9, 153, 0, 255} }},
	{{ {-3785, 1175, -3000}, 0, {1014, 2374}, {18, 223, 0, 255} }},
	{{ {-4545, 1175, -2766}, 0, {904, 1303}, {18, 223, 0, 255} }},
	{{ {-4538, 1161, -2756}, 0, {892, 1314}, {18, 223, 0, 255} }},
	{{ {-5348, 166, -2665}, 0, {250, 97}, {18, 223, 0, 255} }},
	{{ {-5315, 1175, -2903}, 0, {960, 232}, {18, 223, 0, 255} }},
	{{ {-6314, 1175, -2943}, 0, {1014, -1139}, {18, 223, 0, 255} }},
	{{ {-5355, -63, -2611}, 0, {88, 66}, {9, 153, 0, 255} }},
	{{ {-5348, 166, -2665}, 0, {250, 97}, {18, 223, 0, 255} }},
	{{ {-6314, 1175, -2943}, 0, {1014, -1139}, {18, 223, 0, 255} }},
	{{ {-6183, -63, -2528}, 0, {112, -1077}, {9, 153, 0, 255} }},
	{{ {-6771, 1175, -2612}, 0, {961, -1907}, {18, 223, 0, 255} }},
	{{ {-7000, 1438, -1857}, 0, {903, -3045}, {4, 111, 0, 255} }},
	{{ {-6615, -63, -1857}, 0, {-57, -2122}, {4, 111, 0, 255} }},
	{{ {-4538, 1161, -2756}, 0, {892, 1314}, {18, 223, 0, 255} }},
	{{ {-3951, -63, -1932}, 0, {-112, 2174}, {9, 153, 0, 255} }},
	{{ {-2425, -63, -1974}, 0, {-80, 4273}, {9, 153, 0, 255} }},
	{{ {-8085, -63, 2484}, 0, {-167, 10250}, {18, 223, 0, 255} }},
	{{ {-8085, -63, 1857}, 0, {-387, 11094}, {12, 180, 0, 255} }},
	{{ {-8481, 1438, 1857}, 0, {655, 12193}, {12, 180, 0, 255} }},
	{{ {-8481, 1181, 2484}, 0, {712, 11170}, {18, 223, 0, 255} }},
	{{ {-8085, 1181, 2895}, 0, {828, 10335}, {18, 223, 0, 255} }},
	{{ {-6615, -63, 2860}, 0, {-28, 7962}, {18, 223, 0, 255} }},
	{{ {-6615, 1181, 3093}, 0, {931, 8090}, {18, 223, 0, 255} }},
	{{ {-5489, -63, 2484}, 0, {-20, 6157}, {18, 223, 0, 255} }},
	{{ {-5047, 1181, 2847}, 0, {992, 5681}, {18, 223, 0, 255} }},
	{{ {-5174, 265, -648}, 0, {1000, -1856}, {255, 255, 255, 255} }},
	{{ {-5844, 120, -648}, 0, {1019, -7855}, {255, 255, 255, 255} }},
	{{ {-5844, 120, -531}, 0, {510, -8041}, {255, 255, 255, 255} }},
	{{ {-5174, 265, -531}, 0, {496, -1922}, {255, 255, 255, 255} }},
	{{ {-5930, 0, -531}, 0, {2, -8226}, {255, 255, 255, 255} }},
	{{ {-5930, 0, -648}, 0, {11, -14465}, {255, 255, 255, 255} }},
	{{ {-5844, 120, -648}, 0, {525, -14159}, {255, 255, 255, 255} }},
	{{ {-5174, 145, -531}, 0, {-8, -1987}, {181, 181, 181, 255} }},
	{{ {-4418, 265, -531}, 0, {482, 4197}, {255, 255, 255, 255} }},
	{{ {-4418, 145, -531}, 0, {-17, 4252}, {181, 181, 181, 255} }},
	{{ {-4418, 265, -648}, 0, {981, 4142}, {255, 255, 255, 255} }},
	{{ {-3748, 120, -648}, 0, {962, 10141}, {255, 255, 255, 255} }},
	{{ {-4418, 265, -648}, 0, {981, 4142}, {255, 255, 255, 255} }},
	{{ {-4418, 265, -531}, 0, {482, 4197}, {255, 255, 255, 255} }},
	{{ {-3748, 120, -531}, 0, {468, 10316}, {255, 255, 255, 255} }},
	{{ {-5174, 265, 648}, 0, {1100, 4203}, {255, 255, 255, 255} }},
	{{ {-4418, 265, 648}, 0, {1109, -1777}, {255, 255, 255, 255} }},
	{{ {-4418, 265, 531}, 0, {650, -1736}, {255, 255, 255, 255} }},
	{{ {-5174, 265, 531}, 0, {636, 4140}, {255, 255, 255, 255} }},
	{{ {-4418, 145, 531}, 0, {166, -1799}, {220, 220, 220, 255} }},
	{{ {-5174, 145, 531}, 0, {157, 4193}, {220, 220, 220, 255} }},
	{{ {-5844, 120, 531}, 0, {372, 8798}, {255, 255, 255, 255} }},
	{{ {-5930, 0, 531}, 0, {21, 9643}, {255, 255, 255, 255} }},
	{{ {-5844, 120, 648}, 0, {755, 9180}, {255, 255, 255, 255} }},
	{{ {-5930, 0, 648}, 0, {417, 10179}, {255, 255, 255, 255} }},
	{{ {-4418, 265, 531}, 0, {650, -1736}, {255, 255, 255, 255} }},
	{{ {-3662, 0, 531}, 0, {21, -7547}, {255, 255, 255, 255} }},
	{{ {-4418, 145, 531}, 0, {166, -1799}, {220, 220, 220, 255} }},
	{{ {-3748, 120, 531}, 0, {395, -6615}, {255, 255, 255, 255} }},
	{{ {-4418, 265, 648}, 0, {1109, -1777}, {255, 255, 255, 255} }},
	{{ {-3748, 120, 648}, 0, {831, -7018}, {255, 255, 255, 255} }},
	{{ {-3662, 0, 648}, 0, {463, -8131}, {255, 255, 255, 255} }},
	{{ {-3748, 120, -531}, 0, {468, 10316}, {255, 255, 255, 255} }},
	{{ {-4418, 145, -531}, 0, {-17, 4252}, {181, 181, 181, 255} }},
	{{ {-3662, 0, -531}, 0, {-26, 10491}, {255, 255, 255, 255} }},
	{{ {-3748, 120, -648}, 0, {454, 16435}, {255, 255, 255, 255} }},
	{{ {-3662, 0, -648}, 0, {-35, 16731}, {255, 255, 255, 255} }},
};

Gfx facade1_facade1_mesh_layer_1_tri_5[] = {
	gsSPVertex(facade1_facade1_mesh_layer_1_vtx_5 + 0, 32, 0),
	gsSP2Triangles(0, 1, 2, 0, 1, 3, 2, 0),
	gsSP2Triangles(1, 4, 3, 0, 4, 5, 3, 0),
	gsSP2Triangles(4, 6, 5, 0, 6, 7, 5, 0),
	gsSP2Triangles(6, 8, 7, 0, 7, 8, 9, 0),
	gsSP2Triangles(7, 9, 10, 0, 9, 11, 10, 0),
	gsSP2Triangles(10, 11, 12, 0, 11, 13, 12, 0),
	gsSP2Triangles(14, 12, 13, 0, 14, 13, 15, 0),
	gsSP2Triangles(16, 14, 15, 0, 16, 15, 17, 0),
	gsSP2Triangles(18, 16, 17, 0, 18, 17, 19, 0),
	gsSP2Triangles(20, 18, 19, 0, 20, 19, 21, 0),
	gsSP2Triangles(22, 23, 24, 0, 25, 24, 23, 0),
	gsSP2Triangles(25, 23, 26, 0, 25, 26, 27, 0),
	gsSP2Triangles(25, 27, 28, 0, 29, 28, 27, 0),
	gsSP2Triangles(29, 27, 30, 0, 29, 30, 31, 0),
	gsSPVertex(facade1_facade1_mesh_layer_1_vtx_5 + 32, 30, 0),
	gsSP2Triangles(0, 1, 2, 0, 2, 3, 0, 0),
	gsSP2Triangles(2, 4, 3, 0, 5, 3, 4, 0),
	gsSP2Triangles(3, 5, 6, 0, 0, 7, 1, 0),
	gsSP2Triangles(0, 8, 7, 0, 7, 8, 9, 0),
	gsSP2Triangles(10, 11, 12, 0, 10, 12, 13, 0),
	gsSP2Triangles(10, 13, 14, 0, 15, 10, 14, 0),
	gsSP2Triangles(15, 14, 16, 0, 17, 15, 16, 0),
	gsSP2Triangles(17, 16, 18, 0, 19, 20, 21, 0),
	gsSP2Triangles(19, 21, 22, 0, 22, 21, 23, 0),
	gsSP2Triangles(24, 23, 21, 0, 24, 21, 25, 0),
	gsSP2Triangles(22, 23, 26, 0, 27, 22, 26, 0),
	gsSP2Triangles(27, 26, 28, 0, 29, 22, 27, 0),
	gsSP1Triangle(29, 19, 22, 0),
	gsSPVertex(facade1_facade1_mesh_layer_1_vtx_5 + 62, 26, 0),
	gsSP2Triangles(0, 1, 2, 0, 0, 2, 3, 0),
	gsSP2Triangles(4, 5, 6, 0, 4, 6, 7, 0),
	gsSP2Triangles(7, 6, 8, 0, 7, 8, 9, 0),
	gsSP2Triangles(10, 7, 9, 0, 10, 9, 11, 0),
	gsSP2Triangles(12, 10, 11, 0, 12, 11, 13, 0),
	gsSP2Triangles(12, 7, 10, 0, 12, 4, 7, 0),
	gsSP2Triangles(14, 15, 16, 0, 14, 17, 15, 0),
	gsSP2Triangles(18, 17, 14, 0, 18, 19, 17, 0),
	gsSP2Triangles(20, 17, 19, 0, 20, 15, 17, 0),
	gsSP2Triangles(21, 2, 22, 0, 21, 22, 23, 0),
	gsSP2Triangles(24, 3, 23, 0, 24, 23, 25, 0),
	gsSPEndDisplayList(),
};

Vtx facade1_facade1_mesh_layer_1_vtx_6[32] = {
	{{ {-3042, 0, -651}, 0, {1264, 2225}, {255, 255, 255, 255} }},
	{{ {-3464, -223, -965}, 0, {336, 2100}, {255, 255, 255, 255} }},
	{{ {-3662, 0, -648}, 0, {431, 2808}, {255, 255, 255, 255} }},
	{{ {-3252, -776, -1303}, 0, {76, 1010}, {255, 255, 255, 255} }},
	{{ {-2311, -148, -1145}, 0, {1729, 1029}, {255, 255, 255, 255} }},
	{{ {-2110, -230, -453}, 0, {2627, 1512}, {255, 255, 255, 255} }},
	{{ {-2152, -148, 573}, 0, {3595, 2792}, {255, 255, 255, 255} }},
	{{ {-3042, 0, 645}, 0, {2593, 3805}, {255, 255, 255, 255} }},
	{{ {-2734, -148, 1110}, 0, {3492, 4032}, {255, 255, 255, 255} }},
	{{ {-2232, -352, 1333}, 0, {4387, 3749}, {206, 206, 206, 255} }},
	{{ {-1605, -567, 1206}, 0, {5061, 2903}, {206, 206, 206, 255} }},
	{{ {-1533, -448, 439}, 0, {4282, 1936}, {255, 255, 255, 255} }},
	{{ {-1275, -567, 448}, 0, {4635, 1655}, {255, 255, 255, 255} }},
	{{ {-1361, -567, -476}, 0, {3577, 623}, {255, 255, 255, 255} }},
	{{ {-1609, -448, -469}, 0, {3255, 915}, {255, 255, 255, 255} }},
	{{ {-1833, -567, -945}, 0, {2503, 446}, {255, 255, 255, 255} }},
	{{ {-1172, -567, -956}, 0, {3382, -171}, {255, 255, 255, 255} }},
	{{ {-1421, -776, -1314}, 0, {2690, -492}, {146, 183, 255, 255} }},
	{{ {-2479, -776, -1540}, 0, {1095, 160}, {255, 255, 255, 255} }},
	{{ {-232, -567, 547}, 0, {206, 5458}, {190, 190, 190, 255} }},
	{{ {-700, -567, 677}, 0, {47, 4717}, {255, 255, 255, 255} }},
	{{ {-1202, -567, 1675}, 0, {-1450, 3821}, {255, 255, 255, 255} }},
	{{ {-390, -434, 1417}, 0, {-1152, 5134}, {255, 255, 255, 255} }},
	{{ {-1253, -332, 1979}, 0, {-2054, 3793}, {255, 255, 255, 255} }},
	{{ {-2436, -352, 1918}, 0, {-2120, 1945}, {255, 255, 255, 255} }},
	{{ {-2431, -185, 2095}, 0, {-2498, 1984}, {255, 255, 255, 255} }},
	{{ {-3286, -148, 1391}, 0, {-1876, 370}, {255, 255, 255, 255} }},
	{{ {-3610, -63, 2123}, 0, {-3126, 243}, {255, 255, 255, 255} }},
	{{ {-4347, -63, 1857}, 0, {-3089, -979}, {255, 255, 255, 255} }},
	{{ {-3662, -63, 1206}, 0, {-1784, -291}, {255, 255, 255, 255} }},
	{{ {-3662, 0, 648}, 0, {-954, -576}, {255, 255, 255, 255} }},
	{{ {-5489, -63, 2484}, 0, {-4573, -2371}, {255, 255, 255, 255} }},
};

Gfx facade1_facade1_mesh_layer_1_tri_6[] = {
	gsSPVertex(facade1_facade1_mesh_layer_1_vtx_6 + 0, 32, 0),
	gsSP2Triangles(0, 1, 2, 0, 0, 3, 1, 0),
	gsSP2Triangles(4, 3, 0, 0, 5, 4, 0, 0),
	gsSP2Triangles(0, 6, 5, 0, 0, 7, 6, 0),
	gsSP2Triangles(7, 8, 6, 0, 8, 9, 6, 0),
	gsSP2Triangles(9, 10, 6, 0, 11, 6, 10, 0),
	gsSP2Triangles(10, 12, 11, 0, 13, 11, 12, 0),
	gsSP2Triangles(13, 14, 11, 0, 15, 14, 13, 0),
	gsSP2Triangles(15, 13, 16, 0, 16, 17, 15, 0),
	gsSP2Triangles(15, 17, 18, 0, 15, 18, 4, 0),
	gsSP2Triangles(18, 3, 4, 0, 4, 14, 15, 0),
	gsSP2Triangles(4, 5, 14, 0, 5, 11, 14, 0),
	gsSP2Triangles(5, 6, 11, 0, 19, 20, 21, 0),
	gsSP2Triangles(19, 21, 22, 0, 22, 21, 23, 0),
	gsSP2Triangles(24, 23, 21, 0, 24, 25, 23, 0),
	gsSP2Triangles(26, 25, 24, 0, 26, 27, 25, 0),
	gsSP2Triangles(27, 26, 28, 0, 28, 26, 29, 0),
	gsSP2Triangles(30, 29, 26, 0, 31, 27, 28, 0),
	gsSPEndDisplayList(),
};

Vtx facade1_facade1_mesh_layer_1_vtx_7[59] = {
	{{ {-3662, -776, 865}, 0, {-2001, 978}, {188, 188, 188, 255} }},
	{{ {-3662, 0, 648}, 0, {-2302, -2}, {188, 188, 188, 255} }},
	{{ {-3662, -776, 648}, 0, {-2302, 978}, {188, 188, 188, 255} }},
	{{ {-6615, -63, -1857}, 0, {-4123, -112}, {255, 255, 255, 255} }},
	{{ {-6615, -776, -1857}, 0, {-4141, 910}, {146, 183, 255, 255} }},
	{{ {-6595, -776, -1888}, 0, {-4087, 911}, {146, 183, 255, 255} }},
	{{ {-6563, -436, -1938}, 0, {-3994, 425}, {255, 255, 255, 255} }},
	{{ {-6183, -63, -2528}, 0, {-2978, -92}, {175, 175, 175, 255} }},
	{{ {-6425, -314, -2152}, 0, {-3626, 256}, {255, 255, 255, 255} }},
	{{ {-6269, -416, -2393}, 0, {-3216, 409}, {175, 175, 175, 255} }},
	{{ {-6211, -776, -2484}, 0, {-3071, 929}, {148, 148, 148, 255} }},
	{{ {-6183, -776, -2528}, 0, {-2996, 930}, {148, 148, 148, 255} }},
	{{ {-5355, -776, -2611}, 0, {-1803, 951}, {175, 175, 175, 255} }},
	{{ {-5355, -63, -2611}, 0, {-1785, -72}, {175, 175, 175, 255} }},
	{{ {-3951, -776, -1932}, 0, {435, 990}, {175, 175, 175, 255} }},
	{{ {-3951, -63, -1932}, 0, {453, -33}, {175, 175, 175, 255} }},
	{{ {-2425, -776, -1974}, 0, {2624, 1028}, {175, 175, 175, 255} }},
	{{ {-2425, -63, -1974}, 0, {2641, 6}, {175, 175, 175, 255} }},
	{{ {-2425, -454, -2611}, 0, {3545, 582}, {255, 255, 255, 255} }},
	{{ {-2425, -63, -2611}, 0, {3555, 22}, {255, 255, 255, 255} }},
	{{ {-1927, 39, -2587}, 0, {4273, 103}, {255, 255, 255, 255} }},
	{{ {-3662, -776, 648}, 0, {-2302, 978}, {188, 188, 188, 255} }},
	{{ {-3662, 0, 648}, 0, {-2302, -2}, {188, 188, 188, 255} }},
	{{ {-3662, 0, -648}, 0, {-4100, -2}, {188, 188, 188, 255} }},
	{{ {-3662, -776, -340}, 0, {-3672, 978}, {188, 188, 188, 255} }},
	{{ {-3662, -64, -648}, 0, {-4100, 79}, {188, 188, 188, 255} }},
	{{ {-3662, -64, -648}, 0, {-4100, 79}, {255, 255, 255, 255} }},
	{{ {-3662, 0, -648}, 0, {-4100, -2}, {255, 255, 255, 255} }},
	{{ {-3464, -223, -965}, 0, {-4618, 210}, {255, 255, 255, 255} }},
	{{ {-3662, -776, -648}, 0, {-4100, 978}, {255, 255, 255, 255} }},
	{{ {-3252, -776, -1303}, 0, {-5171, 978}, {255, 255, 255, 255} }},
	{{ {-3662, -776, -340}, 0, {-3672, 978}, {255, 255, 255, 255} }},
	{{ {-8085, -776, 2484}, 0, {5340, 978}, {255, 255, 255, 255} }},
	{{ {-8085, -63, 2484}, 0, {5340, -11}, {255, 255, 255, 255} }},
	{{ {-6615, -63, 2860}, 0, {3236, -11}, {255, 255, 255, 255} }},
	{{ {-6615, -776, 2860}, 0, {3236, 978}, {255, 255, 255, 255} }},
	{{ {-5489, -63, 2484}, 0, {1589, -11}, {255, 255, 255, 255} }},
	{{ {-5489, -776, 2484}, 0, {1589, 978}, {255, 255, 255, 255} }},
	{{ {-4347, -63, 1857}, 0, {-218, -11}, {255, 255, 255, 255} }},
	{{ {-4347, -776, 1857}, 0, {-218, 978}, {255, 255, 255, 255} }},
	{{ {-3662, -63, 1206}, 0, {-1529, -11}, {255, 255, 255, 255} }},
	{{ {-3662, -776, 1206}, 0, {-1529, 978}, {255, 255, 255, 255} }},
	{{ {-3662, 0, 648}, 0, {-2302, -2}, {255, 255, 255, 255} }},
	{{ {-3662, -776, 865}, 0, {-2001, 978}, {255, 255, 255, 255} }},
	{{ {-6902, -776, -2086}, 0, {-4087, 911}, {0, 0, 0, 255} }},
	{{ {-6518, -776, -2682}, 0, {-3071, 929}, {0, 0, 0, 255} }},
	{{ {-6577, -416, -2591}, 0, {-3216, 409}, {0, 0, 0, 255} }},
	{{ {-6870, -436, -2136}, 0, {-3994, 425}, {0, 0, 0, 255} }},
	{{ {-6732, -314, -2350}, 0, {-3626, 256}, {0, 0, 0, 255} }},
	{{ {-6563, -436, -1938}, 0, {-6, 322}, {255, 255, 255, 255} }},
	{{ {-6595, -776, -1888}, 0, {-525, 328}, {146, 183, 255, 255} }},
	{{ {-6902, -776, -2086}, 0, {-519, 879}, {0, 0, 0, 255} }},
	{{ {-6870, -436, -2136}, 0, {0, 872}, {0, 0, 0, 255} }},
	{{ {-6425, -314, -2152}, 0, {420, 317}, {255, 255, 255, 255} }},
	{{ {-6732, -314, -2350}, 0, {426, 868}, {0, 0, 0, 255} }},
	{{ {-6269, -416, -2393}, 0, {878, 312}, {255, 255, 255, 255} }},
	{{ {-6577, -416, -2591}, 0, {885, 862}, {0, 0, 0, 255} }},
	{{ {-6211, -776, -2484}, 0, {1445, 305}, {148, 148, 148, 255} }},
	{{ {-6518, -776, -2682}, 0, {1451, 856}, {0, 0, 0, 255} }},
};

Gfx facade1_facade1_mesh_layer_1_tri_7[] = {
	gsSPVertex(facade1_facade1_mesh_layer_1_vtx_7 + 0, 32, 0),
	gsSP2Triangles(0, 1, 2, 0, 3, 4, 5, 0),
	gsSP2Triangles(3, 5, 6, 0, 7, 3, 6, 0),
	gsSP2Triangles(6, 8, 7, 0, 8, 9, 7, 0),
	gsSP2Triangles(9, 10, 7, 0, 10, 11, 7, 0),
	gsSP2Triangles(7, 11, 12, 0, 7, 12, 13, 0),
	gsSP2Triangles(13, 12, 14, 0, 13, 14, 15, 0),
	gsSP2Triangles(15, 14, 16, 0, 15, 16, 17, 0),
	gsSP2Triangles(17, 16, 18, 0, 17, 18, 19, 0),
	gsSP2Triangles(19, 18, 20, 0, 21, 22, 23, 0),
	gsSP2Triangles(23, 24, 21, 0, 23, 25, 24, 0),
	gsSP2Triangles(26, 27, 28, 0, 29, 26, 28, 0),
	gsSP2Triangles(30, 29, 28, 0, 31, 26, 29, 0),
	gsSPVertex(facade1_facade1_mesh_layer_1_vtx_7 + 32, 27, 0),
	gsSP2Triangles(0, 1, 2, 0, 0, 2, 3, 0),
	gsSP2Triangles(3, 2, 4, 0, 3, 4, 5, 0),
	gsSP2Triangles(5, 4, 6, 0, 5, 6, 7, 0),
	gsSP2Triangles(7, 6, 8, 0, 7, 8, 9, 0),
	gsSP2Triangles(9, 8, 10, 0, 9, 10, 11, 0),
	gsSP2Triangles(12, 13, 14, 0, 14, 15, 12, 0),
	gsSP2Triangles(14, 16, 15, 0, 17, 18, 19, 0),
	gsSP2Triangles(17, 19, 20, 0, 21, 17, 20, 0),
	gsSP2Triangles(21, 20, 22, 0, 23, 21, 22, 0),
	gsSP2Triangles(23, 22, 24, 0, 25, 23, 24, 0),
	gsSP1Triangle(25, 24, 26, 0),
	gsSPEndDisplayList(),
};

Vtx facade1_facade1_mesh_layer_1_vtx_8[40] = {
	{{ {-5930, -776, 648}, 0, {818, 2313}, {106, 134, 188, 255} }},
	{{ {-3662, -776, -340}, 0, {1823, -1380}, {188, 188, 188, 255} }},
	{{ {-5930, -776, -213}, 0, {-221, 1479}, {106, 134, 188, 255} }},
	{{ {-3662, -776, 648}, 0, {3015, -423}, {188, 188, 188, 255} }},
	{{ {-5930, -776, 871}, 0, {1087, 2529}, {106, 134, 188, 255} }},
	{{ {-3662, -776, 865}, 0, {3277, -213}, {188, 188, 188, 255} }},
	{{ {-4347, -776, 1857}, 0, {3809, 1574}, {255, 255, 255, 255} }},
	{{ {-6615, -776, 2860}, 0, {2823, 5282}, {255, 255, 255, 255} }},
	{{ {-5489, -776, 2484}, 0, {3460, 3559}, {255, 255, 255, 255} }},
	{{ {-6615, -776, 1857}, 0, {1613, 4310}, {146, 183, 255, 255} }},
	{{ {-3662, -776, 1206}, 0, {3688, 117}, {255, 255, 255, 255} }},
	{{ {-5930, -776, 1206}, 0, {1491, 2853}, {146, 183, 255, 255} }},
	{{ {-3662, -776, 865}, 0, {3277, -213}, {255, 255, 255, 255} }},
	{{ {-5930, -776, 871}, 0, {1087, 2529}, {146, 183, 255, 255} }},
	{{ {-6615, -776, 2860}, 0, {2823, 5282}, {255, 255, 255, 255} }},
	{{ {-8085, -776, 1857}, 0, {189, 6083}, {146, 183, 255, 255} }},
	{{ {-8085, -776, 2484}, 0, {945, 6690}, {255, 255, 255, 255} }},
	{{ {-1172, -567, -956}, 0, {3565, -4987}, {255, 255, 255, 255} }},
	{{ {-751, -567, -1073}, 0, {3809, -5617}, {190, 190, 190, 255} }},
	{{ {-1108, -776, -1618}, 0, {2755, -5698}, {146, 183, 255, 255} }},
	{{ {-1421, -776, -1314}, 0, {2819, -5026}, {146, 183, 255, 255} }},
	{{ {-2425, -776, -1974}, 0, {1050, -4454}, {175, 175, 175, 255} }},
	{{ {-2479, -776, -1540}, 0, {1521, -3969}, {255, 255, 255, 255} }},
	{{ {-3951, -776, -1932}, 0, {-376, -2573}, {175, 175, 175, 255} }},
	{{ {-3252, -776, -1303}, 0, {1058, -2807}, {255, 255, 255, 255} }},
	{{ {-3662, -776, -648}, 0, {1452, -1678}, {255, 255, 255, 255} }},
	{{ {-5930, -776, -648}, 0, {-745, 1058}, {146, 183, 255, 255} }},
	{{ {-5930, -776, -1206}, 0, {-1418, 517}, {146, 183, 255, 255} }},
	{{ {-5930, -776, -213}, 0, {-221, 1479}, {146, 183, 255, 255} }},
	{{ {-3662, -776, -340}, 0, {1823, -1380}, {255, 255, 255, 255} }},
	{{ {-3951, -776, -1932}, 0, {-376, -2573}, {175, 175, 175, 255} }},
	{{ {-5355, -776, -2611}, 0, {-2556, -1537}, {175, 175, 175, 255} }},
	{{ {-5355, -776, -2611}, 0, {-2556, -1537}, {175, 175, 175, 255} }},
	{{ {-6183, -776, -2528}, 0, {-3257, -458}, {148, 148, 148, 255} }},
	{{ {-5930, -776, -1206}, 0, {-1418, 517}, {146, 183, 255, 255} }},
	{{ {-6211, -776, -2484}, 0, {-3232, -381}, {148, 148, 148, 255} }},
	{{ {-6595, -776, -1888}, 0, {-2885, 659}, {146, 183, 255, 255} }},
	{{ {-6518, -776, -2682}, 0, {-3768, -202}, {0, 0, 0, 255} }},
	{{ {-6902, -776, -2086}, 0, {-3421, 837}, {0, 0, 0, 255} }},
	{{ {-6615, -776, -1857}, 0, {-2867, 713}, {146, 183, 255, 255} }},
};

Gfx facade1_facade1_mesh_layer_1_tri_8[] = {
	gsSPVertex(facade1_facade1_mesh_layer_1_vtx_8 + 0, 32, 0),
	gsSP2Triangles(0, 1, 2, 0, 0, 3, 1, 0),
	gsSP2Triangles(3, 0, 4, 0, 3, 4, 5, 0),
	gsSP2Triangles(6, 7, 8, 0, 6, 9, 7, 0),
	gsSP2Triangles(10, 9, 6, 0, 10, 11, 9, 0),
	gsSP2Triangles(12, 11, 10, 0, 12, 13, 11, 0),
	gsSP2Triangles(14, 9, 15, 0, 14, 15, 16, 0),
	gsSP2Triangles(17, 18, 19, 0, 17, 19, 20, 0),
	gsSP2Triangles(20, 19, 21, 0, 20, 21, 22, 0),
	gsSP2Triangles(22, 21, 23, 0, 22, 23, 24, 0),
	gsSP2Triangles(25, 24, 23, 0, 25, 23, 26, 0),
	gsSP2Triangles(26, 23, 27, 0, 28, 25, 26, 0),
	gsSP2Triangles(28, 29, 25, 0, 30, 31, 27, 0),
	gsSPVertex(facade1_facade1_mesh_layer_1_vtx_8 + 32, 8, 0),
	gsSP2Triangles(0, 1, 2, 0, 2, 1, 3, 0),
	gsSP2Triangles(2, 3, 4, 0, 4, 3, 5, 0),
	gsSP2Triangles(4, 5, 6, 0, 4, 7, 2, 0),
	gsSPEndDisplayList(),
};

Vtx facade1_facade1_mesh_layer_1_vtx_9[25] = {
	{{ {-5174, 82, -648}, 0, {2685, 1903}, {188, 188, 188, 255} }},
	{{ {-5930, -63, 648}, 0, {-2139, 4769}, {188, 188, 188, 255} }},
	{{ {-5930, -63, -648}, 0, {2685, 4769}, {188, 188, 188, 255} }},
	{{ {-5174, 82, 648}, 0, {-2139, 1903}, {188, 188, 188, 255} }},
	{{ {-4418, 82, -648}, 0, {2685, -911}, {188, 188, 188, 255} }},
	{{ {-4418, 82, 648}, 0, {-2139, -911}, {188, 188, 188, 255} }},
	{{ {-3662, -63, -648}, 0, {2685, -3777}, {188, 188, 188, 255} }},
	{{ {-3662, -63, 648}, 0, {-2139, -3777}, {188, 188, 188, 255} }},
	{{ {-4418, 145, 177}, 0, {1141, -1096}, {255, 255, 255, 255} }},
	{{ {-4418, 145, 531}, 0, {2606, -1096}, {220, 220, 220, 255} }},
	{{ {-3662, 0, 531}, 0, {2606, -4282}, {255, 255, 255, 255} }},
	{{ {-3662, 0, 177}, 0, {1141, -4282}, {255, 255, 255, 255} }},
	{{ {-4418, 145, -177}, 0, {-323, -1096}, {255, 255, 255, 255} }},
	{{ {-3662, 0, -177}, 0, {-323, -4282}, {255, 255, 255, 255} }},
	{{ {-4418, 145, -531}, 0, {-1788, -1096}, {181, 181, 181, 255} }},
	{{ {-3662, 0, -531}, 0, {-1788, -4282}, {255, 255, 255, 255} }},
	{{ {-5174, 145, -531}, 0, {-1788, 2032}, {181, 181, 181, 255} }},
	{{ {-5174, 145, -177}, 0, {-323, 2032}, {255, 255, 255, 255} }},
	{{ {-5930, 0, -531}, 0, {-1788, 5218}, {255, 255, 255, 255} }},
	{{ {-5930, 0, -177}, 0, {-323, 5218}, {255, 255, 255, 255} }},
	{{ {-5174, 145, 177}, 0, {1141, 2032}, {255, 255, 255, 255} }},
	{{ {-5930, 0, 177}, 0, {1141, 5218}, {255, 255, 255, 255} }},
	{{ {-5174, 145, 531}, 0, {2606, 2032}, {220, 220, 220, 255} }},
	{{ {-5930, 0, 531}, 0, {2606, 5218}, {255, 255, 255, 255} }},
	{{ {-4418, 145, 531}, 0, {2606, -1096}, {220, 220, 220, 255} }},
};

Gfx facade1_facade1_mesh_layer_1_tri_9[] = {
	gsSPVertex(facade1_facade1_mesh_layer_1_vtx_9 + 0, 25, 0),
	gsSP2Triangles(0, 1, 2, 0, 0, 3, 1, 0),
	gsSP2Triangles(4, 3, 0, 0, 4, 5, 3, 0),
	gsSP2Triangles(6, 5, 4, 0, 6, 7, 5, 0),
	gsSP2Triangles(8, 9, 10, 0, 8, 10, 11, 0),
	gsSP2Triangles(12, 8, 11, 0, 12, 11, 13, 0),
	gsSP2Triangles(14, 12, 13, 0, 14, 13, 15, 0),
	gsSP2Triangles(16, 12, 14, 0, 16, 17, 12, 0),
	gsSP2Triangles(17, 16, 18, 0, 17, 18, 19, 0),
	gsSP2Triangles(20, 17, 19, 0, 20, 19, 21, 0),
	gsSP2Triangles(22, 20, 21, 0, 22, 21, 23, 0),
	gsSP2Triangles(20, 22, 24, 0, 20, 24, 8, 0),
	gsSP2Triangles(17, 20, 8, 0, 17, 8, 12, 0),
	gsSPEndDisplayList(),
};

Vtx facade1_facade1_mesh_layer_5_vtx_0[44] = {
	{{ {-4347, -736, 1857}, 0, {4974, 2798}, {255, 255, 255, 255} }},
	{{ {-6615, -736, 2860}, 0, {5044, 6635}, {255, 255, 255, 255} }},
	{{ {-5489, -736, 2484}, 0, {5183, 4803}, {255, 255, 255, 255} }},
	{{ {-6615, -736, 1857}, 0, {3614, 6033}, {255, 255, 255, 255} }},
	{{ {-3662, -736, 1206}, 0, {4457, 1431}, {255, 255, 255, 255} }},
	{{ {-5930, -736, 1206}, 0, {3097, 4666}, {255, 255, 255, 255} }},
	{{ {-3662, -736, 648}, 0, {3662, 1096}, {255, 255, 255, 255} }},
	{{ {-5930, -736, 648}, 0, {2301, 4331}, {255, 255, 255, 255} }},
	{{ {-3662, -736, -648}, 0, {1814, 319}, {255, 255, 255, 255} }},
	{{ {-5930, -736, -648}, 0, {453, 3553}, {255, 255, 255, 255} }},
	{{ {-3951, -736, -1932}, 0, {-189, -39}, {255, 255, 255, 255} }},
	{{ {-3221, -736, -1235}, 0, {1242, -661}, {255, 255, 255, 255} }},
	{{ {-6615, -736, 2860}, 0, {5044, 6635}, {255, 255, 255, 255} }},
	{{ {-8085, -736, 1857}, 0, {2732, 8129}, {255, 255, 255, 255} }},
	{{ {-8085, -736, 2484}, 0, {3625, 8505}, {255, 255, 255, 255} }},
	{{ {-1172, -736, -956}, 0, {2879, -3434}, {255, 255, 255, 255} }},
	{{ {-751, -736, -1073}, 0, {2942, -4107}, {255, 255, 255, 255} }},
	{{ {-1108, -736, -1736}, 0, {1862, -3981}, {255, 255, 255, 255} }},
	{{ {-1446, -736, -1223}, 0, {2376, -3196}, {255, 255, 255, 255} }},
	{{ {-1446, -736, -1223}, 0, {2323, -3186}, {255, 255, 255, 255} }},
	{{ {-1108, -736, -1736}, 0, {1795, -3975}, {255, 255, 255, 255} }},
	{{ {-2425, -736, -2091}, 0, {498, -2310}, {255, 255, 255, 255} }},
	{{ {-2503, -736, -1450}, 0, {1366, -1814}, {255, 255, 255, 255} }},
	{{ {-2503, -736, -1450}, 0, {1366, -1814}, {255, 255, 255, 255} }},
	{{ {-2425, -736, -2091}, 0, {498, -2310}, {255, 255, 255, 255} }},
	{{ {-3221, -736, -1235}, 0, {1242, -661}, {255, 255, 255, 255} }},
	{{ {-5930, -736, -648}, 0, {-2302, 2499}, {255, 255, 255, 255} }},
	{{ {-3951, -736, -1932}, 0, {1015, 4020}, {255, 255, 255, 255} }},
	{{ {-5930, -736, -1206}, 0, {-1574, 2036}, {255, 255, 255, 255} }},
	{{ {-5355, -736, -2611}, 0, {738, 1623}, {255, 255, 255, 255} }},
	{{ {-6183, -736, -2528}, 0, {-57, 611}, {255, 255, 255, 255} }},
	{{ {-6211, -736, -2484}, 0, {-138, 610}, {255, 255, 255, 255} }},
	{{ {-5930, -736, -1206}, 0, {-1574, 2036}, {255, 255, 255, 255} }},
	{{ {-6211, -736, -2484}, 0, {-138, 610}, {255, 255, 255, 255} }},
	{{ {-6595, -736, -1888}, 0, {-1234, 602}, {255, 255, 255, 255} }},
	{{ {-6518, -736, -2682}, 0, {-135, 45}, {9, 9, 9, 255} }},
	{{ {-6902, -736, -2086}, 0, {-1230, 37}, {1, 1, 1, 255} }},
	{{ {-6615, -736, -1857}, 0, {-1292, 602}, {255, 255, 255, 255} }},
	{{ {-8062, -619, 2400}, 0, {-5577, 1489}, {255, 255, 255, 255} }},
	{{ {-8186, -619, 1941}, 0, {-4749, 1489}, {0, 0, 0, 255} }},
	{{ {-8186, -619, 2400}, 0, {-5577, 1489}, {0, 0, 0, 255} }},
	{{ {-8062, -619, 1941}, 0, {-4749, 1489}, {255, 255, 255, 255} }},
	{{ {-8062, -736, 2400}, 0, {-5577, 1489}, {255, 255, 255, 255} }},
	{{ {-8062, -736, 1941}, 0, {-4749, 1489}, {255, 255, 255, 255} }},
};

Gfx facade1_facade1_mesh_layer_5_tri_0[] = {
	gsSPVertex(facade1_facade1_mesh_layer_5_vtx_0 + 0, 32, 0),
	gsSP2Triangles(0, 1, 2, 0, 0, 3, 1, 0),
	gsSP2Triangles(4, 3, 0, 0, 4, 5, 3, 0),
	gsSP2Triangles(6, 5, 4, 0, 6, 7, 5, 0),
	gsSP2Triangles(7, 6, 8, 0, 7, 8, 9, 0),
	gsSP2Triangles(8, 10, 9, 0, 8, 11, 10, 0),
	gsSP2Triangles(12, 3, 13, 0, 12, 13, 14, 0),
	gsSP2Triangles(15, 16, 17, 0, 15, 17, 18, 0),
	gsSP2Triangles(19, 20, 21, 0, 19, 21, 22, 0),
	gsSP2Triangles(23, 24, 10, 0, 23, 10, 25, 0),
	gsSP2Triangles(26, 27, 28, 0, 27, 29, 28, 0),
	gsSP2Triangles(29, 30, 28, 0, 28, 30, 31, 0),
	gsSPVertex(facade1_facade1_mesh_layer_5_vtx_0 + 32, 12, 0),
	gsSP2Triangles(0, 1, 2, 0, 2, 1, 3, 0),
	gsSP2Triangles(2, 3, 4, 0, 2, 5, 0, 0),
	gsSP2Triangles(6, 7, 8, 0, 6, 9, 7, 0),
	gsSP2Triangles(9, 6, 10, 0, 9, 10, 11, 0),
	gsSPEndDisplayList(),
};

Vtx facade1_facade1_mesh_layer_0_vtx_0[48] = {
	{{ {-3764, -1355, -8211}, 0, {-16, 2032}, {210, 216, 111, 255} }},
	{{ {2192, -1355, -5744}, 0, {1008, 2032}, {210, 216, 111, 255} }},
	{{ {487, 5388, -4039}, 0, {1008, -16}, {210, 216, 111, 255} }},
	{{ {-3764, 5388, -5799}, 0, {-16, -16}, {210, 216, 111, 255} }},
	{{ {2192, -1355, -5744}, 0, {-16, 2032}, {145, 216, 46, 255} }},
	{{ {4660, -1355, 212}, 0, {1008, 2032}, {145, 216, 46, 255} }},
	{{ {2248, 5388, 212}, 0, {1008, -16}, {145, 216, 46, 255} }},
	{{ {487, 5388, -4039}, 0, {-16, -16}, {145, 216, 46, 255} }},
	{{ {4660, -1355, 212}, 0, {-16, 2032}, {145, 216, 210, 255} }},
	{{ {2192, -1355, 6169}, 0, {1008, 2032}, {145, 216, 210, 255} }},
	{{ {487, 5388, 4463}, 0, {1008, -16}, {145, 216, 210, 255} }},
	{{ {2248, 5388, 212}, 0, {-16, -16}, {145, 216, 210, 255} }},
	{{ {2192, -1355, 6169}, 0, {-16, 2032}, {210, 216, 145, 255} }},
	{{ {-3764, -1355, 8636}, 0, {1008, 2032}, {210, 216, 145, 255} }},
	{{ {-3764, 5388, 6224}, 0, {1008, -16}, {210, 216, 145, 255} }},
	{{ {487, 5388, 4463}, 0, {-16, -16}, {210, 216, 145, 255} }},
	{{ {-3764, -1355, 8636}, 0, {-16, 2032}, {46, 216, 145, 255} }},
	{{ {-9720, -1355, 6169}, 0, {1008, 2032}, {46, 216, 145, 255} }},
	{{ {-8015, 5388, 4463}, 0, {1008, -16}, {46, 216, 145, 255} }},
	{{ {-3764, 5388, 6224}, 0, {-16, -16}, {46, 216, 145, 255} }},
	{{ {-9720, -1355, 6169}, 0, {-16, 2032}, {111, 216, 210, 255} }},
	{{ {-12188, -1355, 212}, 0, {1008, 2032}, {111, 216, 210, 255} }},
	{{ {-9776, 5388, 212}, 0, {1008, -16}, {111, 216, 210, 255} }},
	{{ {-8015, 5388, 4463}, 0, {-16, -16}, {111, 216, 210, 255} }},
	{{ {-3764, 5388, -5799}, 0, {134, -1072}, {0, 129, 0, 255} }},
	{{ {487, 5388, -4039}, 0, {496, -1083}, {0, 129, 0, 255} }},
	{{ {2248, 5388, 212}, 0, {858, -1072}, {0, 129, 0, 255} }},
	{{ {-3764, 5388, 6224}, 0, {858, -1024}, {0, 129, 0, 255} }},
	{{ {487, 5388, 4463}, 0, {1008, -1048}, {0, 129, 0, 255} }},
	{{ {-9776, 5388, 212}, 0, {134, -1024}, {0, 129, 0, 255} }},
	{{ {-8015, 5388, 4463}, 0, {496, -1014}, {0, 129, 0, 255} }},
	{{ {-8015, 5388, -4039}, 0, {-16, -1048}, {0, 129, 0, 255} }},
	{{ {-12188, -1355, 212}, 0, {-16, 2032}, {111, 216, 46, 255} }},
	{{ {-9720, -1355, -5744}, 0, {1008, 2032}, {111, 216, 46, 255} }},
	{{ {-8015, 5388, -4039}, 0, {1008, -16}, {111, 216, 46, 255} }},
	{{ {-9776, 5388, 212}, 0, {-16, -16}, {111, 216, 46, 255} }},
	{{ {-9720, -1355, -5744}, 0, {-16, 2032}, {46, 216, 111, 255} }},
	{{ {-3764, -1355, -8211}, 0, {1008, 2032}, {46, 216, 111, 255} }},
	{{ {-3764, 5388, -5799}, 0, {1008, -16}, {46, 216, 111, 255} }},
	{{ {-8015, 5388, -4039}, 0, {-16, -16}, {46, 216, 111, 255} }},
	{{ {2192, -1355, -5744}, 0, {134, 2400}, {0, 127, 0, 255} }},
	{{ {-3764, -1355, -8211}, 0, {496, 2376}, {0, 127, 0, 255} }},
	{{ {-9720, -1355, -5744}, 0, {858, 2400}, {0, 127, 0, 255} }},
	{{ {-9720, -1355, 6169}, 0, {858, 2518}, {0, 127, 0, 255} }},
	{{ {-12188, -1355, 212}, 0, {1008, 2459}, {0, 127, 0, 255} }},
	{{ {2192, -1355, 6169}, 0, {134, 2518}, {0, 127, 0, 255} }},
	{{ {-3764, -1355, 8636}, 0, {496, 2543}, {0, 127, 0, 255} }},
	{{ {4660, -1355, 212}, 0, {-16, 2459}, {0, 127, 0, 255} }},
};

Gfx facade1_facade1_mesh_layer_0_tri_0[] = {
	gsSPVertex(facade1_facade1_mesh_layer_0_vtx_0 + 0, 32, 0),
	gsSP2Triangles(0, 1, 2, 0, 0, 2, 3, 0),
	gsSP2Triangles(4, 5, 6, 0, 4, 6, 7, 0),
	gsSP2Triangles(8, 9, 10, 0, 8, 10, 11, 0),
	gsSP2Triangles(12, 13, 14, 0, 12, 14, 15, 0),
	gsSP2Triangles(16, 17, 18, 0, 16, 18, 19, 0),
	gsSP2Triangles(20, 21, 22, 0, 20, 22, 23, 0),
	gsSP2Triangles(24, 25, 26, 0, 24, 26, 27, 0),
	gsSP2Triangles(26, 28, 27, 0, 27, 29, 24, 0),
	gsSP2Triangles(27, 30, 29, 0, 29, 31, 24, 0),
	gsSPVertex(facade1_facade1_mesh_layer_0_vtx_0 + 32, 16, 0),
	gsSP2Triangles(0, 1, 2, 0, 0, 2, 3, 0),
	gsSP2Triangles(4, 5, 6, 0, 4, 6, 7, 0),
	gsSP2Triangles(8, 9, 10, 0, 8, 10, 11, 0),
	gsSP2Triangles(10, 12, 11, 0, 11, 13, 8, 0),
	gsSP2Triangles(11, 14, 13, 0, 13, 15, 8, 0),
	gsSPEndDisplayList(),
};


Gfx mat_facade1_dungeonbricks[] = {
	gsSPClearGeometryMode(G_LIGHTING),
	gsDPPipeSync(),
	gsDPSetCombineLERP(TEXEL0, 0, SHADE, 0, ENVIRONMENT, 0, SHADE, 0, TEXEL0, 0, SHADE, 0, ENVIRONMENT, 0, SHADE, 0),
	gsDPSetAlphaDither(G_AD_NOISE),
	gsSPTexture(65535, 65535, 0, 0, 1),
	gsDPSetTextureImage(G_IM_FMT_RGBA, G_IM_SIZ_16b_LOAD_BLOCK, 1, gDungeonTextureBrick),
	gsDPSetTile(G_IM_FMT_RGBA, G_IM_SIZ_16b_LOAD_BLOCK, 0, 0, 7, 0, G_TX_WRAP | G_TX_NOMIRROR, 0, 0, G_TX_WRAP | G_TX_NOMIRROR, 0, 0),
	gsDPLoadBlock(7, 0, 0, 2047, 128),
	gsDPSetTile(G_IM_FMT_RGBA, G_IM_SIZ_16b, 16, 0, 0, 0, G_TX_WRAP | G_TX_NOMIRROR, 5, 0, G_TX_WRAP | G_TX_NOMIRROR, 6, 0),
	gsDPSetTileSize(0, 0, 0, 252, 124),
	gsSPEndDisplayList(),
};

Gfx mat_revert_facade1_dungeonbricks[] = {
	gsSPSetGeometryMode(G_LIGHTING),
	gsDPPipeSync(),
	gsDPSetAlphaDither(G_AD_DISABLE),
	gsSPEndDisplayList(),
};

Gfx mat_facade1_dungeoncarpet[] = {
	gsSPClearGeometryMode(G_LIGHTING),
	gsDPPipeSync(),
	gsDPSetCombineLERP(TEXEL0, 0, SHADE, 0, ENVIRONMENT, 0, SHADE, 0, TEXEL0, 0, SHADE, 0, ENVIRONMENT, 0, SHADE, 0),
	gsDPSetAlphaDither(G_AD_NOISE),
	gsSPTexture(65535, 65535, 0, 0, 1),
	gsDPSetTextureImage(G_IM_FMT_RGBA, G_IM_SIZ_16b_LOAD_BLOCK, 1, gDungeonTextureCarpet),
	gsDPSetTile(G_IM_FMT_RGBA, G_IM_SIZ_16b_LOAD_BLOCK, 0, 0, 7, 0, G_TX_WRAP | G_TX_NOMIRROR, 0, 0, G_TX_WRAP | G_TX_NOMIRROR, 0, 0),
	gsDPLoadBlock(7, 0, 0, 1023, 256),
	gsDPSetTile(G_IM_FMT_RGBA, G_IM_SIZ_16b, 8, 0, 0, 0, G_TX_WRAP | G_TX_NOMIRROR, 5, 0, G_TX_WRAP | G_TX_NOMIRROR, 5, 0),
	gsDPSetTileSize(0, 0, 0, 124, 124),
	gsSPEndDisplayList(),
};

Gfx mat_revert_facade1_dungeoncarpet[] = {
	gsSPSetGeometryMode(G_LIGHTING),
	gsDPPipeSync(),
	gsDPSetAlphaDither(G_AD_DISABLE),
	gsSPEndDisplayList(),
};

Gfx mat_facade1_dungeonshingles[] = {
	gsSPClearGeometryMode(G_LIGHTING),
	gsDPPipeSync(),
	gsDPSetCombineLERP(TEXEL0, 0, SHADE, 0, ENVIRONMENT, 0, SHADE, 0, TEXEL0, 0, SHADE, 0, ENVIRONMENT, 0, SHADE, 0),
	gsDPSetAlphaDither(G_AD_NOISE),
	gsSPTexture(65535, 65535, 0, 0, 1),
	gsDPSetTextureImage(G_IM_FMT_RGBA, G_IM_SIZ_16b_LOAD_BLOCK, 1, gDungeonTextureShingles),
	gsDPSetTile(G_IM_FMT_RGBA, G_IM_SIZ_16b_LOAD_BLOCK, 0, 0, 7, 0, G_TX_WRAP | G_TX_NOMIRROR, 0, 0, G_TX_WRAP | G_TX_NOMIRROR, 0, 0),
	gsDPLoadBlock(7, 0, 0, 1023, 256),
	gsDPSetTile(G_IM_FMT_RGBA, G_IM_SIZ_16b, 8, 0, 0, 0, G_TX_WRAP | G_TX_NOMIRROR, 5, 0, G_TX_WRAP | G_TX_NOMIRROR, 5, 0),
	gsDPSetTileSize(0, 0, 0, 124, 124),
	gsSPEndDisplayList(),
};

Gfx mat_revert_facade1_dungeonshingles[] = {
	gsSPSetGeometryMode(G_LIGHTING),
	gsDPPipeSync(),
	gsDPSetAlphaDither(G_AD_DISABLE),
	gsSPEndDisplayList(),
};

Gfx mat_facade1_f3dlite_material_001[] = {
	gsSPClearGeometryMode(G_LIGHTING),
	gsDPPipeSync(),
	gsDPSetCombineLERP(TEXEL0, 0, SHADE, 0, ENVIRONMENT, 0, SHADE, 0, TEXEL0, 0, SHADE, 0, ENVIRONMENT, 0, SHADE, 0),
	gsDPSetAlphaDither(G_AD_NOISE),
	gsDPSetTextureLUT(G_TT_RGBA16),
	gsSPTexture(65535, 65535, 0, 0, 1),
	gsDPSetTextureImage(G_IM_FMT_RGBA, G_IM_SIZ_16b, 1, facade1_trim_pal_rgba16),
	gsDPSetTile(0, 0, 0, 256, 5, 0, G_TX_WRAP | G_TX_NOMIRROR, 0, 0, G_TX_WRAP | G_TX_NOMIRROR, 0, 0),
	gsDPLoadTLUTCmd(5, 115),
	gsDPSetTextureImage(G_IM_FMT_CI, G_IM_SIZ_8b_LOAD_BLOCK, 1, facade1_trim_ci8),
	gsDPSetTile(G_IM_FMT_CI, G_IM_SIZ_8b_LOAD_BLOCK, 0, 0, 7, 0, G_TX_WRAP | G_TX_NOMIRROR, 0, 0, G_TX_WRAP | G_TX_NOMIRROR, 0, 0),
	gsDPLoadBlock(7, 0, 0, 511, 512),
	gsDPSetTile(G_IM_FMT_CI, G_IM_SIZ_8b, 4, 0, 0, 0, G_TX_WRAP | G_TX_NOMIRROR, 5, 0, G_TX_WRAP | G_TX_NOMIRROR, 5, 0),
	gsDPSetTileSize(0, 0, 0, 124, 124),
	gsSPEndDisplayList(),
};

Gfx mat_revert_facade1_f3dlite_material_001[] = {
	gsSPSetGeometryMode(G_LIGHTING),
	gsDPPipeSync(),
	gsDPSetAlphaDither(G_AD_DISABLE),
	gsDPSetTextureLUT(G_TT_NONE),
	gsSPEndDisplayList(),
};

Gfx mat_facade1_path[] = {
	gsSPClearGeometryMode(G_LIGHTING),
	gsDPPipeSync(),
	gsDPSetCombineLERP(TEXEL0, 0, SHADE, 0, ENVIRONMENT, 0, SHADE, 0, TEXEL0, 0, SHADE, 0, ENVIRONMENT, 0, SHADE, 0),
	gsDPSetAlphaDither(G_AD_NOISE),
	gsDPSetTextureLUT(G_TT_RGBA16),
	gsSPTexture(65535, 65535, 0, 0, 1),
	gsDPSetTextureImage(G_IM_FMT_RGBA, G_IM_SIZ_16b, 1, facade1_sand1_pal_rgba16),
	gsDPSetTile(0, 0, 0, 256, 5, 0, G_TX_WRAP | G_TX_NOMIRROR, 0, 0, G_TX_WRAP | G_TX_NOMIRROR, 0, 0),
	gsDPLoadTLUTCmd(5, 29),
	gsDPSetTextureImage(G_IM_FMT_CI, G_IM_SIZ_8b_LOAD_BLOCK, 1, facade1_sand1_ci8),
	gsDPSetTile(G_IM_FMT_CI, G_IM_SIZ_8b_LOAD_BLOCK, 0, 0, 7, 0, G_TX_WRAP | G_TX_NOMIRROR, 0, 0, G_TX_WRAP | G_TX_NOMIRROR, 0, 0),
	gsDPLoadBlock(7, 0, 0, 511, 512),
	gsDPSetTile(G_IM_FMT_CI, G_IM_SIZ_8b, 4, 0, 0, 0, G_TX_WRAP | G_TX_NOMIRROR, 5, 0, G_TX_WRAP | G_TX_NOMIRROR, 5, 0),
	gsDPSetTileSize(0, 0, 0, 124, 124),
	gsSPEndDisplayList(),
};

Gfx mat_revert_facade1_path[] = {
	gsSPSetGeometryMode(G_LIGHTING),
	gsDPPipeSync(),
	gsDPSetAlphaDither(G_AD_DISABLE),
	gsDPSetTextureLUT(G_TT_NONE),
	gsSPEndDisplayList(),
};

Gfx mat_facade1_hill[] = {
	gsSPClearGeometryMode(G_LIGHTING),
	gsDPPipeSync(),
	gsDPSetCombineLERP(TEXEL0, 0, SHADE, 0, ENVIRONMENT, 0, SHADE, 0, TEXEL0, 0, SHADE, 0, ENVIRONMENT, 0, SHADE, 0),
	gsDPSetAlphaDither(G_AD_NOISE),
	gsSPTexture(65535, 65535, 0, 0, 1),
	gsDPSetTextureImage(G_IM_FMT_I, G_IM_SIZ_8b_LOAD_BLOCK, 1, facade1_hill_i8),
	gsDPSetTile(G_IM_FMT_I, G_IM_SIZ_8b_LOAD_BLOCK, 0, 0, 7, 0, G_TX_WRAP | G_TX_NOMIRROR, 0, 0, G_TX_WRAP | G_TX_NOMIRROR, 0, 0),
	gsDPLoadBlock(7, 0, 0, 1023, 512),
	gsDPSetTile(G_IM_FMT_I, G_IM_SIZ_8b, 4, 0, 0, 0, G_TX_WRAP | G_TX_NOMIRROR, 6, 0, G_TX_CLAMP | G_TX_NOMIRROR, 5, 0),
	gsDPSetTileSize(0, 0, 0, 124, 252),
	gsSPEndDisplayList(),
};

Gfx mat_revert_facade1_hill[] = {
	gsSPSetGeometryMode(G_LIGHTING),
	gsDPPipeSync(),
	gsDPSetAlphaDither(G_AD_DISABLE),
	gsSPEndDisplayList(),
};

Gfx mat_facade1_grass[] = {
	gsSPClearGeometryMode(G_LIGHTING),
	gsDPPipeSync(),
	gsDPSetCombineLERP(TEXEL0, 0, SHADE, 0, ENVIRONMENT, 0, SHADE, 0, TEXEL0, 0, SHADE, 0, ENVIRONMENT, 0, SHADE, 0),
	gsDPSetAlphaDither(G_AD_NOISE),
	gsDPSetTextureLUT(G_TT_RGBA16),
	gsSPTexture(65535, 65535, 0, 0, 1),
	gsDPSetTextureImage(G_IM_FMT_RGBA, G_IM_SIZ_16b, 1, facade1_grass_pal_rgba16),
	gsDPSetTile(0, 0, 0, 256, 5, 0, G_TX_WRAP | G_TX_NOMIRROR, 0, 0, G_TX_WRAP | G_TX_NOMIRROR, 0, 0),
	gsDPLoadTLUTCmd(5, 75),
	gsDPSetTextureImage(G_IM_FMT_CI, G_IM_SIZ_8b_LOAD_BLOCK, 1, facade1_grass_ci8),
	gsDPSetTile(G_IM_FMT_CI, G_IM_SIZ_8b_LOAD_BLOCK, 0, 0, 7, 0, G_TX_WRAP | G_TX_NOMIRROR, 0, 0, G_TX_WRAP | G_TX_NOMIRROR, 0, 0),
	gsDPLoadBlock(7, 0, 0, 511, 512),
	gsDPSetTile(G_IM_FMT_CI, G_IM_SIZ_8b, 4, 0, 0, 0, G_TX_WRAP | G_TX_NOMIRROR, 5, 0, G_TX_WRAP | G_TX_NOMIRROR, 5, 0),
	gsDPSetTileSize(0, 0, 0, 124, 124),
	gsSPEndDisplayList(),
};

Gfx mat_revert_facade1_grass[] = {
	gsSPSetGeometryMode(G_LIGHTING),
	gsDPPipeSync(),
	gsDPSetAlphaDither(G_AD_DISABLE),
	gsDPSetTextureLUT(G_TT_NONE),
	gsSPEndDisplayList(),
};

Gfx mat_facade1_grassside[] = {
	gsSPClearGeometryMode(G_LIGHTING),
	gsDPPipeSync(),
	gsDPSetCombineLERP(TEXEL0, 0, SHADE, 0, ENVIRONMENT, 0, SHADE, 0, TEXEL0, 0, SHADE, 0, ENVIRONMENT, 0, SHADE, 0),
	gsDPSetAlphaDither(G_AD_NOISE),
	gsDPSetTextureLUT(G_TT_RGBA16),
	gsSPTexture(65535, 65535, 0, 0, 1),
	gsDPSetTextureImage(G_IM_FMT_RGBA, G_IM_SIZ_16b, 1, facade1_grassside_pal_rgba16),
	gsDPSetTile(0, 0, 0, 256, 5, 0, G_TX_WRAP | G_TX_NOMIRROR, 0, 0, G_TX_WRAP | G_TX_NOMIRROR, 0, 0),
	gsDPLoadTLUTCmd(5, 243),
	gsDPSetTextureImage(G_IM_FMT_CI, G_IM_SIZ_8b_LOAD_BLOCK, 1, facade1_grassside_ci8),
	gsDPSetTile(G_IM_FMT_CI, G_IM_SIZ_8b_LOAD_BLOCK, 0, 0, 7, 0, G_TX_WRAP | G_TX_NOMIRROR, 0, 0, G_TX_WRAP | G_TX_NOMIRROR, 0, 0),
	gsDPLoadBlock(7, 0, 0, 511, 512),
	gsDPSetTile(G_IM_FMT_CI, G_IM_SIZ_8b, 4, 0, 0, 0, G_TX_CLAMP | G_TX_NOMIRROR, 5, 0, G_TX_WRAP | G_TX_NOMIRROR, 5, 0),
	gsDPSetTileSize(0, 0, 0, 124, 124),
	gsSPEndDisplayList(),
};

Gfx mat_revert_facade1_grassside[] = {
	gsSPSetGeometryMode(G_LIGHTING),
	gsDPPipeSync(),
	gsDPSetAlphaDither(G_AD_DISABLE),
	gsDPSetTextureLUT(G_TT_NONE),
	gsSPEndDisplayList(),
};

Gfx mat_facade1_sand[] = {
	gsSPClearGeometryMode(G_LIGHTING),
	gsDPPipeSync(),
	gsDPSetCombineLERP(TEXEL0, 0, SHADE, 0, ENVIRONMENT, 0, SHADE, 0, TEXEL0, 0, SHADE, 0, ENVIRONMENT, 0, SHADE, 0),
	gsDPSetAlphaDither(G_AD_NOISE),
	gsDPSetTextureLUT(G_TT_RGBA16),
	gsSPTexture(65535, 65535, 0, 0, 1),
	gsDPSetTextureImage(G_IM_FMT_RGBA, G_IM_SIZ_16b, 1, facade1_sand2_pal_rgba16),
	gsDPSetTile(0, 0, 0, 256, 5, 0, G_TX_WRAP | G_TX_NOMIRROR, 0, 0, G_TX_WRAP | G_TX_NOMIRROR, 0, 0),
	gsDPLoadTLUTCmd(5, 42),
	gsDPSetTextureImage(G_IM_FMT_CI, G_IM_SIZ_8b_LOAD_BLOCK, 1, facade1_sand2_ci8),
	gsDPSetTile(G_IM_FMT_CI, G_IM_SIZ_8b_LOAD_BLOCK, 0, 0, 7, 0, G_TX_WRAP | G_TX_NOMIRROR, 0, 0, G_TX_WRAP | G_TX_NOMIRROR, 0, 0),
	gsDPLoadBlock(7, 0, 0, 511, 512),
	gsDPSetTile(G_IM_FMT_CI, G_IM_SIZ_8b, 4, 0, 0, 0, G_TX_WRAP | G_TX_NOMIRROR, 5, 0, G_TX_WRAP | G_TX_NOMIRROR, 5, 0),
	gsDPSetTileSize(0, 0, 0, 124, 124),
	gsSPEndDisplayList(),
};

Gfx mat_revert_facade1_sand[] = {
	gsSPSetGeometryMode(G_LIGHTING),
	gsDPPipeSync(),
	gsDPSetAlphaDither(G_AD_DISABLE),
	gsDPSetTextureLUT(G_TT_NONE),
	gsSPEndDisplayList(),
};

Gfx mat_facade1_hexstone[] = {
	gsSPClearGeometryMode(G_LIGHTING),
	gsDPPipeSync(),
	gsDPSetCombineLERP(TEXEL0, 0, SHADE, 0, ENVIRONMENT, 0, SHADE, 0, TEXEL0, 0, SHADE, 0, ENVIRONMENT, 0, SHADE, 0),
	gsDPSetAlphaDither(G_AD_NOISE),
	gsSPTexture(65535, 65535, 0, 0, 1),
	gsDPSetTextureImage(G_IM_FMT_I, G_IM_SIZ_8b_LOAD_BLOCK, 1, facade1_hexstone_i8),
	gsDPSetTile(G_IM_FMT_I, G_IM_SIZ_8b_LOAD_BLOCK, 0, 0, 7, 0, G_TX_WRAP | G_TX_NOMIRROR, 0, 0, G_TX_WRAP | G_TX_NOMIRROR, 0, 0),
	gsDPLoadBlock(7, 0, 0, 511, 512),
	gsDPSetTile(G_IM_FMT_I, G_IM_SIZ_8b, 4, 0, 0, 0, G_TX_WRAP | G_TX_NOMIRROR, 5, 0, G_TX_WRAP | G_TX_NOMIRROR, 5, 0),
	gsDPSetTileSize(0, 0, 0, 124, 124),
	gsSPEndDisplayList(),
};

Gfx mat_revert_facade1_hexstone[] = {
	gsSPSetGeometryMode(G_LIGHTING),
	gsDPPipeSync(),
	gsDPSetAlphaDither(G_AD_DISABLE),
	gsSPEndDisplayList(),
};

Gfx mat_facade1_water[] = {
	gsSPClearGeometryMode(G_LIGHTING),
	gsDPPipeSync(),
	gsDPSetCombineLERP(SHADE, 0, TEXEL0, 0, 0, 0, 0, PRIMITIVE, SHADE, 0, TEXEL0, 0, 0, 0, 0, PRIMITIVE),
	gsDPSetAlphaDither(G_AD_NOISE),
	gsDPSetTextureLUT(G_TT_RGBA16),
	gsSPTexture(65535, 65535, 0, 0, 1),
	gsDPSetPrimColor(0, 0, 255, 255, 255, 178),
	gsDPSetTextureImage(G_IM_FMT_RGBA, G_IM_SIZ_16b, 1, facade1_water_pal_rgba16),
	gsDPSetTile(0, 0, 0, 256, 5, 0, G_TX_WRAP | G_TX_NOMIRROR, 0, 0, G_TX_WRAP | G_TX_NOMIRROR, 0, 0),
	gsDPLoadTLUTCmd(5, 10),
	gsDPSetTextureImage(G_IM_FMT_CI, G_IM_SIZ_16b, 1, facade1_water_ci4),
	gsDPSetTile(G_IM_FMT_CI, G_IM_SIZ_16b, 0, 0, 7, 0, G_TX_WRAP | G_TX_NOMIRROR, 0, 0, G_TX_WRAP | G_TX_NOMIRROR, 0, 0),
	gsDPLoadBlock(7, 0, 0, 255, 1024),
	gsDPSetTile(G_IM_FMT_CI, G_IM_SIZ_4b, 2, 0, 0, 0, G_TX_WRAP | G_TX_NOMIRROR, 5, 0, G_TX_WRAP | G_TX_NOMIRROR, 5, 0),
	gsDPSetTileSize(0, 0, 0, 124, 124),
	gsSPEndDisplayList(),
};

Gfx mat_revert_facade1_water[] = {
	gsSPSetGeometryMode(G_LIGHTING),
	gsDPPipeSync(),
	gsDPSetAlphaDither(G_AD_DISABLE),
	gsDPSetTextureLUT(G_TT_NONE),
	gsSPEndDisplayList(),
};

Gfx mat_facade1_fakeskybox_layer0[] = {
	gsDPPipeSync(),
	gsDPSetCombineLERP(0, 0, 0, TEXEL0, 0, 0, 0, ENVIRONMENT, 0, 0, 0, TEXEL0, 0, 0, 0, ENVIRONMENT),
	gsDPSetAlphaDither(G_AD_NOISE),
	gsDPSetTextureLUT(G_TT_RGBA16),
	gsDPSetRenderMode(G_RM_OPA_SURF, G_RM_OPA_SURF2),
	gsSPTexture(65535, 65535, 0, 0, 1),
	gsDPSetTextureImage(G_IM_FMT_RGBA, G_IM_SIZ_16b, 1, facade1_fakeskybox_pal_rgba16),
	gsDPSetTile(0, 0, 0, 256, 5, 0, G_TX_WRAP | G_TX_NOMIRROR, 0, 0, G_TX_WRAP | G_TX_NOMIRROR, 0, 0),
	gsDPLoadTLUTCmd(5, 204),
	gsDPSetTextureImage(G_IM_FMT_CI, G_IM_SIZ_8b_LOAD_BLOCK, 1, facade1_fakeskybox_ci8),
	gsDPSetTile(G_IM_FMT_CI, G_IM_SIZ_8b_LOAD_BLOCK, 0, 0, 7, 0, G_TX_WRAP | G_TX_NOMIRROR, 0, 0, G_TX_WRAP | G_TX_NOMIRROR, 0, 0),
	gsDPLoadBlock(7, 0, 0, 1023, 512),
	gsDPSetTile(G_IM_FMT_CI, G_IM_SIZ_8b, 4, 0, 0, 0, G_TX_CLAMP | G_TX_NOMIRROR, 6, 0, G_TX_WRAP | G_TX_NOMIRROR, 5, 0),
	gsDPSetTileSize(0, 0, 0, 124, 252),
	gsSPEndDisplayList(),
};

Gfx mat_revert_facade1_fakeskybox_layer0[] = {
	gsDPPipeSync(),
	gsDPSetAlphaDither(G_AD_DISABLE),
	gsDPSetTextureLUT(G_TT_NONE),
	gsDPSetRenderMode(G_RM_ZB_OPA_SURF, G_RM_ZB_OPA_SURF2),
	gsSPEndDisplayList(),
};

Gfx facade1_facade1_mesh_layer_1[] = {
	gsSPDisplayList(mat_facade1_dungeonbricks),
	gsSPDisplayList(facade1_facade1_mesh_layer_1_tri_0),
	gsSPDisplayList(mat_revert_facade1_dungeonbricks),
	gsSPDisplayList(mat_facade1_dungeoncarpet),
	gsSPDisplayList(facade1_facade1_mesh_layer_1_tri_1),
	gsSPDisplayList(mat_revert_facade1_dungeoncarpet),
	gsSPDisplayList(mat_facade1_dungeonshingles),
	gsSPDisplayList(facade1_facade1_mesh_layer_1_tri_2),
	gsSPDisplayList(mat_revert_facade1_dungeonshingles),
	gsSPDisplayList(mat_facade1_f3dlite_material_001),
	gsSPDisplayList(facade1_facade1_mesh_layer_1_tri_3),
	gsSPDisplayList(mat_revert_facade1_f3dlite_material_001),
	gsSPDisplayList(mat_facade1_path),
	gsSPDisplayList(facade1_facade1_mesh_layer_1_tri_4),
	gsSPDisplayList(mat_revert_facade1_path),
	gsSPDisplayList(mat_facade1_hill),
	gsSPDisplayList(facade1_facade1_mesh_layer_1_tri_5),
	gsSPDisplayList(mat_revert_facade1_hill),
	gsSPDisplayList(mat_facade1_grass),
	gsSPDisplayList(facade1_facade1_mesh_layer_1_tri_6),
	gsSPDisplayList(mat_revert_facade1_grass),
	gsSPDisplayList(mat_facade1_grassside),
	gsSPDisplayList(facade1_facade1_mesh_layer_1_tri_7),
	gsSPDisplayList(mat_revert_facade1_grassside),
	gsSPDisplayList(mat_facade1_sand),
	gsSPDisplayList(facade1_facade1_mesh_layer_1_tri_8),
	gsSPDisplayList(mat_revert_facade1_sand),
	gsSPDisplayList(mat_facade1_hexstone),
	gsSPDisplayList(facade1_facade1_mesh_layer_1_tri_9),
	gsSPDisplayList(mat_revert_facade1_hexstone),
	gsDPPipeSync(),
	gsSPSetGeometryMode(G_LIGHTING),
	gsSPClearGeometryMode(G_TEXTURE_GEN),
	gsDPSetCombineLERP(0, 0, 0, SHADE, 0, 0, 0, ENVIRONMENT, 0, 0, 0, SHADE, 0, 0, 0, ENVIRONMENT),
	gsSPTexture(65535, 65535, 0, 0, 0),
	gsDPSetEnvColor(255, 255, 255, 255),
	gsDPSetAlphaCompare(G_AC_NONE),
	gsSPEndDisplayList(),
};

Gfx facade1_facade1_mesh_layer_5[] = {
	gsSPDisplayList(mat_facade1_water),
	gsSPDisplayList(facade1_facade1_mesh_layer_5_tri_0),
	gsSPDisplayList(mat_revert_facade1_water),
	gsDPPipeSync(),
	gsSPSetGeometryMode(G_LIGHTING),
	gsSPClearGeometryMode(G_TEXTURE_GEN),
	gsDPSetCombineLERP(0, 0, 0, SHADE, 0, 0, 0, ENVIRONMENT, 0, 0, 0, SHADE, 0, 0, 0, ENVIRONMENT),
	gsSPTexture(65535, 65535, 0, 0, 0),
	gsDPSetEnvColor(255, 255, 255, 255),
	gsDPSetAlphaCompare(G_AC_NONE),
	gsSPEndDisplayList(),
};

Gfx facade1_facade1_mesh_layer_0[] = {
	gsSPDisplayList(mat_facade1_fakeskybox_layer0),
	gsSPDisplayList(facade1_facade1_mesh_layer_0_tri_0),
	gsSPDisplayList(mat_revert_facade1_fakeskybox_layer0),
	gsDPPipeSync(),
	gsSPSetGeometryMode(G_LIGHTING),
	gsSPClearGeometryMode(G_TEXTURE_GEN),
	gsDPSetCombineLERP(0, 0, 0, SHADE, 0, 0, 0, ENVIRONMENT, 0, 0, 0, SHADE, 0, 0, 0, ENVIRONMENT),
	gsSPTexture(65535, 65535, 0, 0, 0),
	gsDPSetEnvColor(255, 255, 255, 255),
	gsDPSetAlphaCompare(G_AC_NONE),
	gsSPEndDisplayList(),
};

